step,time,n_particles,max_u,min_sigma,min_sigma_ratio,max_gamma_over_sigma2,wall_s,max_dtZ
0,0.0,0,0.0,NaN,NaN,0.0,NaN,NaN
1,0.00030864197530864197,0,0.0,NaN,NaN,0.0,16.918991088867188,NaN
2,0.0006172839506172839,250,3.0347732951441633,0.0045315094033598225,1.0,4.345498609133487,47.983323097229004,0.00015628512930175367
3,0.000925925925925926,502,3.4908160430009274,0.0045315094033598225,1.0,5.260356671772073,2.0473408699035645,0.0006303316008901923
4,0.0012345679012345679,756,3.8609405425033456,0.004530053864590605,0.9996787960390994,8.02723417776124,2.239509105682373,0.0009522395102330064
5,0.0015432098765432098,1016,4.250528943240858,0.004526717611173854,0.9989425615706732,7.9961193735137295,3.067004919052124,0.0012549537930251768
6,0.001851851851851852,1280,4.5511049120297065,0.004522015249239381,0.9979048583429172,7.956998578464732,2.809251070022583,0.001469589238812385
7,0.0021604938271604936,1548,4.878848180564688,0.004516349431548999,0.996654542568182,7.919234193958281,2.0877368450164795,0.001669275409451267
8,0.0024691358024691358,1822,5.232550871907451,0.004511051920409055,0.9954855035861562,7.884770126684649,2.0256199836730957,0.001970528912764048
9,0.002777777777777778,2104,5.602250478032223,0.004505578149466668,0.9942775681158406,7.851600225998083,3.4480650424957275,0.0023183953653022667
10,0.0030864197530864196,2396,5.9763942921933495,0.0045007179420527245,0.9932050320177492,7.816963253514211,1.8739631175994873,0.002623281034461414
11,0.0033950617283950617,2698,6.344302990846224,0.004494860550505543,0.9919124402948151,7.784578543366321,1.9737958908081055,0.0028537426240870796
12,0.003703703703703704,3010,6.698003667185122,0.004488040646709534,0.9904074442352344,8.484845297970562,2.0559890270233154,0.0030138092525255097
13,0.004012345679012346,3332,7.029710690522527,0.004482634537723868,0.9892144402040263,9.236502315682172,2.1272220611572266,0.003106064301822043
14,0.004320987654320987,3666,7.344279988931497,0.004477526292611685,0.9880871678853601,10.036173130280957,2.2574210166931152,0.0032201998692091838
15,0.004629629629629629,4012,7.646497648756079,0.004472375345512967,0.9869504722194747,10.88997662196215,2.01755690574646,0.0033039121951760264
16,0.0049382716049382715,4370,8.442864750128663,0.004469122694034995,0.9862326867779262,11.806849688283798,2.548712968826294,0.003356971416334744
17,0.005246913580246914,4740,9.485164581735713,0.004463071199227009,0.9848972609254499,12.782992104815763,2.1311230659484863,0.0036123178025270672
18,0.005555555555555556,5122,8.870030304245816,0.004454508464844965,0.9830076622024073,13.815775724732944,4.033155918121338,0.003909632641560335
19,0.005864197530864198,5519,13.379870537524736,0.0044412952007776224,0.9800917984379969,14.904723766437616,1.81870698928833,0.004005595323205864
20,0.006172839506172839,5922,15.558598322357838,0.0044294277392718795,0.9774729223749914,16.049686761675325,2.982131004333496,0.00415128755657881
21,0.006481481481481481,6339,16.096491796365644,0.004414485663437077,0.9741755495782531,17.24270884153329,2.0173192024230957,0.004223287941025099
22,0.006790123456790123,6772,16.594920592349652,0.004401681205328951,0.9713498998954714,18.473566016925712,2.045991897583008,0.004132841424994893
23,0.0070987654320987656,7214,16.90401954099771,0.004390767096175158,0.9689414067903483,18.698232835822008,2.016969919204712,0.0038771827344564855
24,0.007407407407407408,7670,17.786275821520462,0.004382316909037666,0.9670766446580603,18.765202273134232,2.0435609817504883,0.004134760975892718
25,0.007716049382716049,8146,18.496391785315453,0.0043718111541914614,0.9647582659654297,18.94567916490455,2.0345001220703125,0.0049172006186039225
26,0.008024691358024692,8631,19.103093099549433,0.004365067480607815,0.9632700921620947,19.20065528369902,2.188286066055298,0.005536844449342534
27,0.008333333333333333,9129,19.14201381398315,0.004362778131719646,0.9627648854672853,19.4266019610301,3.2662389278411865,0.008109107521562067
28,0.008641975308641974,9642,20.07901017394847,0.00436425929873724,0.9630917449937151,19.59252544844551,1.8425040245056152,0.010821898464479264
29,0.008950617283950617,10162,20.732147765566108,0.0043698028235802135,0.9643150735470803,19.707774492583816,1.9918599128723145,0.012804337822068156
30,0.009259259259259259,10697,19.990653919167173,0.0043575817227282584,0.9616181574063142,19.8229922719001,2.021090030670166,0.012528567927158368
31,0.009567901234567902,11230,23.688394912411916,0.004304561315442776,0.9499177718248187,20.48244023888924,2.0466949939727783,0.012450924056797258
32,0.009876543209876543,11774,32.13257506196017,0.0042670236475396365,0.941634071061601,21.25733841676535,2.0731680393218994,0.01187223721482919
33,0.010185185185185186,12329,24.440365455864043,0.004248564213436064,0.9375604981170351,21.937196389069108,2.0591769218444824,0.015881398386846608
34,0.010493827160493827,12883,33.70405188489447,0.004242159635173118,0.9361471548592241,22.559745011882043,2.116089105606079,0.015731219947488974
35,0.010802469135802469,13451,32.82937429873238,0.004243871990968686,0.9365250324366817,23.114114257049472,2.0134260654449463,0.011480016555078206
36,0.011111111111111112,14020,34.75091957906126,0.0042502775676613366,0.9379385960249866,23.591825238003874,3.4022347927093506,0.016868199542507217
37,0.011419753086419753,14591,31.225974337265654,0.004247660642011428,0.9373611006659417,24.02679469371812,1.867537021636963,0.02069187738279243
38,0.011728395061728396,15165,31.054745689228554,0.004226930355404758,0.9327864027537406,24.37362172065136,2.0252060890197754,0.0222875216314322
39,0.012037037037037037,15734,30.45933071283623,0.004205711177627227,0.9281038177939039,24.674147306347024,2.066490888595581,0.025589039311928952
40,0.012345679012345678,16302,29.704820754030543,0.004185423165800845,0.9236267197630933,24.903258661720077,2.2237470149993896,0.024613852832555592
41,0.012654320987654321,16869,28.61568788365585,0.004164875208334303,0.9190922577025474,25.14203005723782,2.056030035018921,0.026306155571257747
42,0.012962962962962963,17433,32.74051190570539,0.004143405026772568,0.9143542819751185,25.357730195214838,2.1292130947113037,0.02227731708285934
43,0.013271604938271606,17991,33.300691761244295,0.00410738418509249,0.9064053099055978,25.593153267517913,2.0218939781188965,0.020805774089398436
44,0.013580246913580247,18556,30.548825668067398,0.004068835465690728,0.897898493308642,25.960396531703974,2.1606059074401855,0.01883098516743978
45,0.013888888888888888,19113,36.85980166209776,0.0040310004510291575,0.8895491749482921,26.3309198645297,3.295581102371216,0.018915296677468118
46,0.014197530864197531,19669,35.332264371079944,0.003992367914049148,0.881023861737783,26.657121306663754,1.8827250003814697,0.020628642318713787
47,0.014506172839506172,20225,41.47956054768753,0.0039527545245290835,0.8722820969097781,26.999449176508715,3.3550519943237305,0.021328400849258026
48,0.014814814814814815,20779,45.52794444165979,0.003910955845609498,0.8630580889250227,27.34523444005081,2.0528910160064697,0.02191948737287297
49,0.015123456790123457,21333,31.385125149892215,0.0038696894877336325,0.8539515519629082,27.83173703499581,3.6119918823242188,0.026336422477178403
50,0.015432098765432098,21898,31.898643930231664,0.0038316564807503997,0.845558541246648,28.283741628568123,2.223241090774536,0.02613544510138168
51,0.01574074074074074,22458,33.09065887347959,0.0037996380835066163,0.8384928166957856,28.69306871209991,2.0728049278259277,0.028280506846230777
52,0.016049382716049384,23021,36.38493845863229,0.0037550444156876817,0.8286520188843828,29.121392780136382,2.0792551040649414,0.027786270917683962
53,0.016358024691358025,23585,29.738156501484863,0.0037031738062932393,0.8172053672773082,29.503744174240488,2.7960009574890137,0.03311247535468655
54,0.016666666666666666,24148,34.83853646202841,0.00365298158029415,0.8061290963195837,29.937148652310718,3.356796979904175,0.034484027029889716
55,0.016975308641975308,24714,34.70657632598431,0.0036069872860085245,0.7959792124306695,30.615838600927095,2.0663700103759766,0.03308761387571768
56,0.01728395061728395,25281,38.06776433983993,0.003565590534948618,0.7868439006890203,31.223817861981217,2.14021897315979,0.031250309915205735
57,0.017592592592592594,25856,36.744541494824844,0.003513714825861344,0.7753961236969189,31.65325987251345,2.222990036010742,0.028511085449125083
58,0.017901234567901235,26428,34.55485639042832,0.003457527461402884,0.7629968634378977,31.723163102788185,2.1559910774230957,0.02641698292285835
59,0.018209876543209876,26988,38.37785578715217,0.0034044935930370173,0.751293507305271,31.467511527161882,2.248403787612915,0.024959744969571155
60,0.018518518518518517,27554,31.235620811800807,0.00335555014522246,0.7404928129983656,31.479476527808607,2.3499741554260254,0.028209971553168456
61,0.018827160493827162,28122,37.54847511778757,0.0033122855349933286,0.7309453076578595,32.294539016999636,2.0187408924102783,0.027370373883121798
62,0.019135802469135803,28687,37.625174671553445,0.003275946897854971,0.7229262054330213,33.0112651024755,2.265639066696167,0.037945675202227955
63,0.019444444444444445,29259,38.61501376132323,0.0032474347523743495,0.7166342300794049,33.79688935854328,3.3940789699554443,0.03899745668579204
64,0.019753086419753086,29834,35.78491604196509,0.0032170731963980415,0.7099341323252665,34.06025933064797,2.0246880054473877,0.028361337473826687
65,0.020061728395061727,30411,39.25502740914327,0.003180026289647867,0.7017587312717661,33.90654843175746,2.2094509601593018,0.03688569007322077
66,0.020370370370370372,30992,36.08921779355803,0.0031585797201738944,0.6970259661895463,33.14135739292089,2.184242010116577,0.03209083725135628
67,0.020679012345679013,31571,38.995610617929444,0.0031361403662487964,0.6920741163912294,33.4563935082724,2.239763021469116,0.03966861701201556
68,0.020987654320987655,32154,39.328998592894365,0.0031175996068577723,0.6879825968244208,34.07931819182996,2.1598360538482666,0.03447237666592909
69,0.021296296296296296,32738,34.6815922914723,0.0031045444237696785,0.6851016178997352,34.10409529671425,2.22027587890625,0.03415305661384142
70,0.021604938271604937,33319,34.90714303768328,0.0030970228235974915,0.6834417735735577,33.57626576717716,2.254495143890381,0.036718437107535515
71,0.021913580246913582,33889,35.93171448225851,0.0030566031776085123,0.6745220864690775,34.39573840099456,2.2837910652160645,0.03330050172398687
72,0.022222222222222223,34451,35.710073204023196,0.0030176666977940977,0.6659297000590337,35.71531083776846,3.9485809803009033,0.02971725340098977
73,0.022530864197530864,35017,34.644909760154384,0.0029789860620314723,0.6573937725524184,37.39927713235525,2.0013740062713623,0.03253560897488352
74,0.022839506172839506,35585,34.151223091387614,0.0029293257011231357,0.6464348719989921,38.70020383056158,2.4479289054870605,0.03287462334169581
75,0.023148148148148147,36151,31.975320136594576,0.002883398016917268,0.6362996874241095,39.562518259312206,2.563947916030884,0.029719222677158878
76,0.02345679012345679,36726,31.730911740636877,0.0028362184420370673,0.625888239343428,40.3032708378537,2.5216829776763916,0.02945543407149914
77,0.023765432098765433,37300,33.1852818766826,0.002785313491311252,0.6146546864155509,41.81475789417777,2.5288660526275635,0.03221905930113866
78,0.024074074074074074,37880,31.401880628436132,0.0027324504120584373,0.6029890195157713,43.021909933110074,2.4995620250701904,0.03352597938282313
79,0.024382716049382715,38463,30.043181915252426,0.00268623566738306,0.5927904872913624,43.82514588299907,2.5348761081695557,0.036743732086084405
80,0.024691358024691357,39031,29.04334026147514,0.0026206189520632398,0.5783103859654841,44.09471426479173,2.5427329540252686,0.031749271515042234
81,0.025,39603,34.20833177649585,0.0025417867498007205,0.5609139303376816,44.949438739090674,4.203157901763916,0.03559665167809749
82,0.025308641975308643,40154,27.006291072616545,0.0024694210958163807,0.544944493326101,45.404482785234826,2.493206024169922,0.036553109496594606
83,0.025617283950617284,40693,26.826560015889157,0.002423156730163589,0.5347350108921708,45.76002619004342,2.5516200065612793,0.036171295291012914
84,0.025925925925925925,41205,26.630779347257363,0.0024011304049118996,0.5298743070314752,46.557585207389906,2.5682709217071533,0.037042859539813566
85,0.026234567901234566,41733,24.495936961430274,0.0023958215874599585,0.5287027730061888,47.28764073427634,2.5459141731262207,0.037959127324676906
86,0.02654320987654321,42272,25.45438299512841,0.0023738370129455432,0.5238512825738585,47.95334827051799,2.5389678478240967,0.04724135022320292
87,0.026851851851851852,42814,23.02138311799581,0.0023411296698450435,0.516633523503062,48.56004955378791,2.5045101642608643,0.04101915441423427
88,0.027160493827160494,43352,22.830426173295642,0.0023190906583857853,0.5117700200878605,49.20230618583621,2.5066049098968506,0.04131182233875708
89,0.027469135802469135,43890,21.201579095626762,0.0023030448748165605,0.5082290843552042,49.790429515259554,2.554996967315674,0.045795113787322324
90,0.027777777777777776,44418,19.002136263116153,0.0022962251029487683,0.5067241174091496,50.23539739034878,4.218771934509277,0.03924158408357819
91,0.02808641975308642,44955,18.942651708157545,0.0023029897552767635,0.5082169207393115,50.39575384711693,2.0735321044921875,0.04102012770560496
92,0.028395061728395062,45483,18.470573191053504,0.0023241941151565942,0.5128962357296123,50.24140516194922,2.7899279594421387,0.03013348135987444
93,0.028703703703703703,46025,18.747058808755792,0.0023518552481275345,0.5190004121769637,51.0459787218209,2.526592969894409,0.030354522069257827
94,0.029012345679012345,46555,18.86395902547386,0.002503201814098311,0.5523991216353535,52.13249831881091,2.5353200435638428,0.025281266158763454
95,0.029320987654320986,47090,18.572222049190625,0.002496771424717121,0.5509800824568356,53.01143065268095,2.6126620769500732,0.026234677045661715
96,0.02962962962962963,47634,18.90516531224598,0.002492129886687133,0.5499558016671838,53.721693295195934,3.963541030883789,0.026302573457211244
97,0.029938271604938272,48191,16.359122069001806,0.0024891449379217164,0.5492970920630057,54.3263103741853,2.6329360008239746,0.021198687211445976
98,0.030246913580246913,48736,23.232380794731384,0.002488129549719736,0.5490730192184855,54.85160666807127,2.4234750270843506,0.020630724739034545
99,0.030555555555555555,49289,21.973082406859778,0.0024890508716463823,0.5492763337975005,55.26364719292444,4.109253883361816,0.025442303609010026
100,0.030864197530864196,49849,21.661772584459214,0.0024921216654861704,0.5499539874370387,55.52334807150231,2.0193159580230713,0.0229219170107913
101,0.03117283950617284,50394,21.710565101828823,0.0024816503572835514,0.5476432103271301,55.55554734805045,2.4850120544433594,0.021541700183502665
102,0.03148148148148148,50941,19.598529948673985,0.0024806416606304614,0.5474206141536914,55.42577685340377,2.4897689819335938,0.022719805558051837
103,0.03179012345679012,51492,19.694433702522893,0.0024700232248181277,0.5450773693610267,55.15273118176446,2.583625078201294,0.023663802501865658
104,0.03209876543209877,52046,18.882742411563985,0.00244549323913596,0.5396641651725989,54.74072454384284,2.973072052001953,0.02519226669827026
105,0.032407407407407406,52603,19.238418026562297,0.0023955229559183473,0.5286368718869304,54.65974852141944,2.131234884262085,0.02501827465596325
106,0.03271604938271605,53162,19.84894606703809,0.0023408783043327545,0.5165780529103932,56.35947522452862,2.5163509845733643,0.025078148923176568
107,0.03302469135802469,53722,19.921978059398516,0.0022841111469677545,0.5040508456794183,57.91816463696146,2.5704469680786133,0.02603010682111881
108,0.03333333333333333,54277,18.790500838535962,0.0022266526349940616,0.49137107237229655,59.28665815529216,4.0653910636901855,0.026086669767907078
109,0.03364197530864198,54832,21.949188223224223,0.0021710105085294023,0.4790921336099927,60.441948704159074,2.0777149200439453,0.026832761580813887
110,0.033950617283950615,55385,21.315149726776,0.0021203374026326862,0.467909743508552,61.345750893090646,2.6420161724090576,0.0284900224788227
111,0.03425925925925926,55941,20.40965587333073,0.002079549073568259,0.4589086965209445,61.97402807865651,2.5861029624938965,0.02930923615804062
112,0.0345679012345679,56494,23.383356898250916,0.002055426371397876,0.4535853704449801,62.30037151386262,2.627547025680542,0.02988355143055932
113,0.03487654320987654,57048,17.464310867309113,0.0020484314742104694,0.45204175736492774,62.3310976099446,2.681519031524658,0.031986278157993465
114,0.03518518518518519,57598,22.97109022562786,0.0020557819501068326,0.4536638384955359,62.08415864502239,2.6197259426116943,0.03334372098098267
115,0.035493827160493825,58156,23.389434094960883,0.00206702708655322,0.45614538171776764,61.58234072057818,2.5935139656066895,0.033677827197329244
116,0.03580246913580247,58722,26.055837419347668,0.0020695292307642272,0.4566975474507025,60.850294426885505,2.5660550594329834,0.03318015326620608
117,0.03611111111111111,59274,25.873137032914503,0.002072371121898095,0.4573246875227855,59.92538526774909,4.213016986846924,0.03154243296229688
118,0.03641975308641975,59836,25.929129698095092,0.002074690063556049,0.45783642466190183,58.86004140955712,2.111707925796509,0.030880529778601663
119,0.0367283950617284,60407,26.241868401432914,0.002075863710203059,0.458095421508767,57.67356865194868,2.6675729751586914,0.02911401033601392
120,0.037037037037037035,60971,21.23447432761562,0.002076293089033064,0.458190175550254,56.38647877823381,2.555069923400879,0.028742728124978485
121,0.03734567901234568,61536,26.433818432638684,0.0020757706837462326,0.45807489270731344,55.011198041937874,2.613051176071167,0.030385927665594035
122,0.037654320987654324,62106,20.049942578070635,0.002073725594444436,0.45762358849060364,53.537589512010605,2.6015238761901855,0.031900727888649595
123,0.03796296296296296,62667,20.631319841355094,0.0020461511562891712,0.45153854359699264,53.41869666711612,2.6262221336364746,0.033059598145618374
124,0.03827160493827161,63233,26.217647489744426,0.001980741055257227,0.43710403729685193,54.687257809739414,2.5873398780822754,0.03161337680604651
125,0.038580246913580245,63796,25.632707523090144,0.0019204282459307348,0.42379438615019993,56.09241704045732,2.6301560401916504,0.03050306392846924
126,0.03888888888888889,64365,17.353819395401658,0.00186862084070413,0.4123616822506576,57.49241194701675,4.865809917449951,0.0320782369898225
127,0.039197530864197534,64934,18.5424408980851,0.001828143585809051,0.40342928218434243,58.89880601149903,2.108091115951538,0.03325490966959895
128,0.03950617283950617,65493,21.7261125958506,0.0018021593380647338,0.3976951557749276,60.31790180211519,2.623789072036743,0.03373348758121619
129,0.03981481481481482,66057,17.869502846038603,0.0017695323211971582,0.39049512285799604,61.74459199394746,2.6466658115386963,0.03449914197633917
130,0.040123456790123455,66619,26.895741105713366,0.0017143685198764383,0.37832173946397296,64.13724503281452,2.762472152709961,0.034956886993976796
131,0.0404320987654321,67187,22.576303209309692,0.0016617921955425056,0.3667193527857172,72.83598446400087,2.642714023590088,0.03568500696760639
132,0.040740740740740744,67753,21.492783724184836,0.0016117190567283125,0.35566936163330626,82.63058757082536,2.5647778511047363,0.03594160041349322
133,0.04104938271604938,68311,21.746603299927386,0.001564090927623663,0.34515892794219744,93.59033716949264,3.050999164581299,0.03585294198229153
134,0.04135802469135803,68867,20.76630768109848,0.00151820556378362,0.3350330824996122,106.01066619405485,2.882617950439453,0.03519708775216565
135,0.041666666666666664,69432,20.101577973459086,0.0014730683913504125,0.3250723457085242,120.38472151549725,4.717641830444336,0.033059457259230686
136,0.04197530864197531,69998,18.818525503616495,0.0014284704143601257,0.3152305969620204,136.76939385929668,2.1511390209198,0.03271735081475503
137,0.042283950617283954,70565,23.389525101910074,0.001384932812103514,0.30562284855387817,155.1272385232082,2.955073118209839,0.032146895348528874
138,0.04259259259259259,71136,20.068498284826088,0.0013437080442971062,0.2965254895644337,175.24447434206334,2.8788790702819824,0.031166876289497904
139,0.042901234567901236,71701,20.856510127982535,0.0013052228338090261,0.28803268792541564,196.136126139255,3.63189697265625,0.030492762598824084
140,0.043209876543209874,72252,22.336568662847142,0.0012689143344285624,0.2800202364112373,216.76117963972882,2.2102808952331543,0.030069043603840183
141,0.04351851851851852,72807,23.714134150096186,0.001236018811718681,0.27276095042465376,234.86669046160864,2.9981160163879395,0.029023142985856617
142,0.043827160493827164,73364,25.336657962535476,0.001209128224297505,0.26682681567448896,247.85167305891915,2.9051499366760254,0.026860296277856792
143,0.0441358024691358,73932,26.759901056058588,0.001190266878099772,0.2626645499659045,255.42766974091154,2.895236015319824,0.02324049135652545
144,0.044444444444444446,74491,20.981480720924736,0.0011819688588962042,0.2608333678001088,259.6007511483559,4.794581174850464,0.026201661276370004
145,0.044753086419753084,75059,25.293372693564777,0.0011855939995310003,0.26163335303948804,262.5609576606085,2.1385719776153564,0.02255864440531893
146,0.04506172839506173,75619,24.912511840352124,0.0011976203667713335,0.2642872959467711,262.78576088460335,3.0006918907165527,0.02610928074267944
147,0.04537037037037037,76178,27.966862057189434,0.0012079723300888348,0.26657173638284876,258.68534917718716,3.012342929840088,0.023615934051395712
148,0.04567901234567901,76743,25.495498640627932,0.001215395479752135,0.26820985494391725,255.32327771874355,2.9131360054016113,0.021688006788794817
149,0.045987654320987656,77302,22.6308972189747,0.0012217326655758977,0.2696083262389484,257.12170909302114,2.8856701850891113,0.02404457111828801
150,0.046296296296296294,77863,24.576742017513933,0.0012314256315075147,0.27174734109444676,263.4880962728919,2.934906005859375,0.024411107948448387
151,0.04660493827160494,78413,26.453966110234152,0.0012438520985662254,0.27448957683812575,271.4346813806445,2.9627089500427246,0.021997736031287834
152,0.04691358024691358,78975,21.12728575024827,0.0012576456443266718,0.27753349543845335,279.0579524911495,3.0319299697875977,0.022567272150442474
153,0.04722222222222222,79536,26.124389446704093,0.0012729544923188567,0.28091180642261115,286.6697765517666,4.872381925582886,0.02351152862765523
154,0.047530864197530866,80094,25.04121121480089,0.0012740930031635703,0.2811630496052623,294.4823478463252,2.1863951683044434,0.024964445166785115
155,0.047839506172839504,80656,18.91193380502738,0.001268537351109435,0.27993704485505344,302.15469947020944,4.615880966186523,0.026077548179394793
156,0.04814814814814815,81212,20.732034286650805,0.0012638488292428887,0.2789023958122709,309.00539874813387,2.97810697555542,0.026990298965734662
157,0.04845679012345679,81782,19.406624547546304,0.0012609132367881351,0.2782545780117435,314.1502131541131,3.043146848678589,0.027251239078701948
158,0.04876543209876543,82337,24.058655630441834,0.0012599607900130412,0.278044394893865,317.32170038791406,2.967905044555664,0.026750120478366276
159,0.049074074074074076,82901,21.160296732954805,0.0012610058556156833,0.27827501685878187,318.4724566671119,3.001214027404785,0.028730119844531728
160,0.04938271604938271,83456,22.98511706919448,0.001263324687854105,0.27878672985152164,318.32823147484345,3.0038130283355713,0.028457663481018566
161,0.04969135802469136,84019,27.74939614256743,0.0012658589524870488,0.2793459838235127,317.9739767352744,2.9616830348968506,0.026395261533653656
162,0.05,84578,21.48152273376471,0.0012680288745990833,0.2798248357730255,317.96733079817864,5.075753927230835,0.02621737545692213
163,0.05030864197530864,85131,26.833183969114632,0.0012691583629382587,0.2800740878960241,318.98371392167473,2.1922919750213623,0.027874477614832683
164,0.050617283950617285,85696,27.126430914417494,0.0012690974831771863,0.28006065313165457,321.20638990661837,3.032989978790283,0.02837950423627394
165,0.05092592592592592,86251,24.310951050046103,0.0012673696512949084,0.27967936033747065,325.13489569618895,2.9395320415496826,0.028790478475507312
166,0.05123456790123457,86812,26.323764839314993,0.0012638035109649606,0.2788923951096585,331.01538791764415,3.0896859169006348,0.028988557352097974
167,0.05154320987654321,87370,24.131566911733547,0.0012574533743065393,0.2774910658630033,339.8799073256395,3.008920192718506,0.028750645544630398
168,0.05185185185185185,87926,20.711990481491874,0.001249227628223335,0.27567583271417534,351.0295153644554,3.0310099124908447,0.03055572219635524
169,0.052160493827160495,88492,24.205435624505885,0.001848035197392114,0.40781890378996344,97.89198294256943,3.107866048812866,0.03136486399850449
170,0.05246913580246913,89050,28.57108584147921,0.0018566878676499938,0.40972834929425045,105.89411802456482,2.994704008102417,0.03144175062894885
171,0.05277777777777778,89609,31.766273816829802,0.0018657640476707567,0.41173125367177055,114.2510752456694,5.151749849319458,0.029723661854362243
172,0.05308641975308642,90166,22.135273821797913,0.0018752573772735565,0.4138262133767556,123.03711501937003,2.2691121101379395,0.027180897003020333
173,0.05339506172839506,90729,27.43840714710448,0.0018851702068656767,0.4160137470900854,132.30389017172067,3.1916890144348145,0.027329495821025653
174,0.053703703703703705,91292,23.387096541547674,0.0018955028149180968,0.4182939162639061,142.1875731090514,3.0396780967712402,0.02737114461864732
175,0.05401234567901234,91852,22.609951691372814,0.0019062608335353379,0.4206679637742709,152.65443079741794,3.0553598403930664,0.027006805665956844
176,0.05432098765432099,92419,26.27109983494118,0.0019174428818947663,0.42313558490535313,163.81511725189196,2.997054100036621,0.026311103863439395
177,0.05462962962962963,92976,25.711371257975685,0.0019290517845998076,0.42569740298222486,175.7159294411098,3.0646040439605713,0.026828037251993845
178,0.05493827160493827,93524,19.518756639139962,0.001941083445500153,0.4283525140786345,188.41010466776888,3.2158398628234863,0.02893324867231267
179,0.055246913580246915,94074,23.992887443831023,0.0019535338770841964,0.43110003824239596,201.86303230047994,3.02974796295166,0.029110006313694817
180,0.05555555555555555,94642,24.47967700775019,0.001966394206157968,0.43393801736348897,216.08356660246181,5.1244730949401855,0.030605370640484537
181,0.0558641975308642,95215,20.049307577589992,0.0019796617914304084,0.4368658685696683,230.8297606281514,2.2477450370788574,0.032202490362780625
182,0.05617283950617284,95777,26.263028223974462,0.0019933138703574155,0.4398785686904901,245.8943399120673,3.1016738414764404,0.033291281085231
183,0.05648148148148148,96350,22.98748017171782,0.002007344840994557,0.4429748815055398,261.08830788032355,3.1087610721588135,0.03290430769560617
184,0.056790123456790124,96921,30.862085717592965,0.0020217329213678406,0.44615000023366513,275.9199536799792,3.042227029800415,0.02896522060330101
185,0.05709876543209876,97489,25.208978611508357,0.002036464573211904,0.4494009372907837,290.1235694954985,3.072390079498291,0.026734272484810463
186,0.05740740740740741,98052,21.3609547675053,0.0020515189751850876,0.45272309788522525,303.52683643962024,3.0583369731903076,0.02890732392651752
187,0.05771604938271605,98618,24.413561518776014,0.002066873565872384,0.4561115032311155,316.08626678666303,3.053165912628174,0.02818814700472892
188,0.05802469135802469,99179,19.97015898672646,0.0020824986771368157,0.4595596062523399,327.6926145040694,3.2553720474243164,0.03516225380092675
189,0.058333333333333334,99745,26.568740738096658,0.002098367631704146,0.46306151988746647,338.2581769268517,4.947246074676514,0.03779624650380653
190,0.05864197530864197,100308,32.23261614511269,0.0021144416569793146,0.4666086879156848,347.766587224088,2.379999876022339,0.038380326724950196
191,0.05895061728395062,100868,35.47263332534495,0.0021306905007431884,0.47019443436736963,355.97659808928626,3.0839951038360596,0.0383296114979077
192,0.05925925925925926,101430,31.08738078809171,0.0021470778225290248,0.4738107397365445,362.8919475996345,3.051131010055542,0.038415070915957056
193,0.0595679012345679,101989,37.301869455027486,0.0021635607166057523,0.4774481357142526,368.3923755454232,3.4500668048858643,0.043961250150215195
194,0.059876543209876544,102541,25.525321095675185,0.0021800980602537097,0.48109754746118527,372.7046001139494,3.3001739978790283,0.04832085515141221
195,0.06018518518518518,103106,27.046811368974033,0.0021966461008503524,0.4847493197788977,375.85987431667286,3.3566911220550537,0.04758481021741665
196,0.06049382716049383,103676,29.22206766948077,0.002213175509310219,0.488396980412154,377.82340538751413,3.484734058380127,0.04352044942117313
197,0.06080246913580247,104237,25.499910590775755,0.002229632859123431,0.492028739357862,378.7535359997523,3.3747668266296387,0.041315977053687246
198,0.06111111111111111,104796,26.66505208806489,0.0022459877587281424,0.49563788989666163,378.85280334831725,5.572077035903931,0.04083896468884612
199,0.061419753086419754,105356,26.55224005554636,0.0022622164305827375,0.49921918487148004,378.2772820994788,2.323484182357788,0.04027351658988204
200,0.06172839506172839,105919,21.563775962994626,0.00227830013587213,0.5027684890564096,377.1210848553245,3.3590259552001953,0.03957125354259132
201,0.062037037037037036,106485,23.56007665565129,0.002285227521084057,0.5042972037947682,375.4135436415445,3.4113998413085938,0.03846674438501526
202,0.06234567901234568,107049,23.688382108663497,0.0022646668101764995,0.49975992734283964,373.1023685146886,3.4609692096710205,0.03673301269366597
203,0.06265432098765432,107621,25.384272669926936,0.0022333429238678057,0.4928474653968335,370.1628764295166,3.391216993331909,0.034907925421075715
204,0.06296296296296296,108196,20.550425637768615,0.0021932006155083667,0.48398898033451054,366.56129232827385,3.325953960418701,0.032882686640805354
205,0.06327160493827161,108760,24.878157310085953,0.0021536693811599577,0.47526534526512304,362.3313048303466,3.376727819442749,0.031052634839916573
206,0.06358024691358025,109324,26.526432400109396,0.0021150385430196922,0.4667404069495094,357.5504623595832,3.3139431476593018,0.029762914737192787
207,0.06388888888888888,109900,26.34625823278273,0.0020776122108358283,0.45848127542125644,352.34376429574183,5.7334630489349365,0.028973704370893295
208,0.06419753086419754,110474,24.67492534894939,0.0020418854266930223,0.4505971950933381,346.7470024072071,2.335310935974121,0.029413064896863836
209,0.06450617283950617,111042,47.77175802348592,0.002008048395896153,0.4431301399059912,340.8889813713101,3.314941883087158,0.029775453188457878
210,0.06481481481481481,111618,46.27212449157657,0.001976317455823071,0.43612785054749287,334.51117113031836,6.6896750926971436,0.029801449546830467
211,0.06512345679012346,112193,42.303095642919146,0.001946913894757368,0.42963916025725485,327.5532964179851,3.3188788890838623,0.029467419293323003
212,0.0654320987654321,112763,35.811772834694374,0.001920057322382814,0.42371253184627955,320.005059419954,3.4122121334075928,0.032813498582353905
213,0.06574074074074074,113339,31.8879908814969,0.0018959244551796386,0.4183869625811507,311.8596055583815,3.431994915008545,0.028142920834649948
214,0.06604938271604938,113909,29.578861122514017,0.0018745765687200179,0.4136759745726534,303.1316333351505,3.3791041374206543,0.027349003410695558
215,0.06635802469135803,114472,34.249851497223986,0.001856062727919974,0.409590395320337,293.83381472859844,3.4688479900360107,0.02689850282608843
216,0.06666666666666667,115032,28.690833269899517,0.0018402915181753372,0.4061100517215918,284.01926789993087,5.642904043197632,0.027667764056222555
217,0.0669753086419753,115602,25.317718123332412,0.001827159106344535,0.4032120301879577,273.73398311323473,2.4226667881011963,0.029302586396234925
218,0.06728395061728396,116169,27.381481912166183,0.0018050014630330592,0.3983223474489023,263.02763518745377,3.3631441593170166,0.031099227538122068
219,0.06759259259259259,116736,27.877465346798314,0.001778657541079597,0.39250884920614687,251.9792268999228,3.5041399002075195,0.031953889739498274
220,0.06790123456790123,117312,24.0434883582314,0.0017523199772408258,0.3866967540532065,240.6430339781507,3.5401980876922607,0.031259770368834774
221,0.06820987654320988,117888,23.77794050570224,0.0017256892409627696,0.38081996247945155,229.11337161261895,3.443276882171631,0.031016305874011888
222,0.06851851851851852,118466,25.48550828870164,0.0016986371105333219,0.3748501788993071,217.44539660454237,3.411391019821167,0.027873195627983256
223,0.06882716049382716,119047,27.414000133680066,0.001671255696151965,0.3688077299172846,205.74947110637692,3.393342971801758,0.03780175087049115
224,0.0691358024691358,119626,24.535383508583745,0.0016437520822535575,0.3627383143097576,194.13850120577126,3.5270462036132812,0.029998065012602684
225,0.06944444444444445,120203,23.91842770851915,0.0016164332524965471,0.3567096763162548,182.73165327141436,5.840221881866455,0.02786489406582414
226,0.06975308641975309,120785,26.097195153099168,0.0015896340801875514,0.35079571478080573,171.73014399305035,2.388032913208008,0.027472586010359387
227,0.07006172839506172,121359,27.16665703616293,0.001563799978200755,0.3450947220900166,161.19876719975863,3.4854819774627686,0.02859048044686516
228,0.07037037037037037,121939,24.545642731843472,0.0015392702952808355,0.33968158471426,151.24670395522324,3.5863261222839355,0.036517658687607146
229,0.07067901234567901,122512,36.41240770806721,0.0015163107780683334,0.33461494683075943,142.0866953157278,3.4240338802337646,0.028743725531493295
230,0.07098765432098765,123092,34.74696683382601,0.0014951456379583329,0.3299442867424657,145.43446315855633,3.509751081466675,0.028978304373063247
231,0.0712962962962963,123663,45.2378861891989,0.0014759798939744974,0.3257148474369607,157.5323928956315,3.4185121059417725,0.034129591896606325
232,0.07160493827160494,124241,54.11359596258447,0.0014588263447455055,0.3219294532775061,173.09227424092504,3.5872600078582764,0.03453211858202721
233,0.07191358024691358,124821,42.30182372834986,0.0014436558523803023,0.3185816742010784,193.34686354086784,3.4259419441223145,0.039010628148114124
234,0.07222222222222222,125391,40.10982650473493,0.0014303837494680097,0.31565282605559025,219.63916002206253,5.900057077407837,0.036402770332523926
235,0.07253086419753087,125959,34.79542131110305,0.0014188974023513446,0.31311805318098285,251.79732137797686,2.4224178791046143,0.03954394476655921
236,0.0728395061728395,126533,31.01203665905947,0.001409057183980489,0.3109465430957208,288.02362819504805,3.574512004852295,0.04263613643985238
237,0.07314814814814814,127108,37.6543016913179,0.0014007228221153722,0.30910734093960535,324.4741058013044,3.465790033340454,0.04341961170059431
238,0.0734567901234568,127681,31.711156217662598,0.0013937684276559028,0.30757266588093435,357.1496682084442,3.5003268718719482,0.045627292938825025
239,0.07376543209876543,128260,32.50879807340335,0.001388015418163804,0.30630310887905915,385.5705289227159,3.5071890354156494,0.04852345109767385
240,0.07407407407407407,128843,25.064040600431362,0.00138328892557878,0.30526008057120224,412.793893993015,3.5465359687805176,0.049060382345662484
241,0.07438271604938272,129425,22.968815903879474,0.0013794279905706536,0.3044080609317276,433.9391685132484,3.547056198120117,0.03850098953286594
242,0.07469135802469136,130005,23.786366004152185,0.0013762664969562228,0.3037103919360313,433.99787499373826,3.495682954788208,0.03550558856755697
243,0.075,130586,28.80532174565731,0.0013736650429614354,0.3031363108157629,416.94640131893533,6.009264945983887,0.04009201742784261
244,0.07530864197530865,131160,29.145688769447514,0.0013715231177936528,0.30266363714853084,395.77884079233246,3.508068084716797,0.0332175961905758
245,0.07561728395061729,131743,27.83441024187429,0.0013697815409863402,0.3022793111652235,382.4831188533649,2.4317739009857178,0.03871933801808153
246,0.07592592592592592,132320,27.55866601910302,0.0013684213660659936,0.3019791518144919,373.16149275283556,3.58730411529541,0.042037188014614035
247,0.07623456790123456,132898,28.259513230114297,0.001367397436415467,0.3017531940685436,368.01178859995696,3.539219856262207,0.03962887100624168
248,0.07654320987654321,133477,23.66506918729023,0.0013667359291735938,0.30160721462041923,364.3164850455317,3.468747138977051,0.03468965200790968
249,0.07685185185185185,134057,25.032578876393067,0.0013663611869691725,0.3015245176267545,361.9243360407617,3.589550018310547,0.03143523188264354
250,0.07716049382716049,134639,29.072358542823174,0.0013662539018971874,0.3015008422765708,369.075510793731,3.549839973449707,0.036977702376771365
251,0.07746913580246914,135214,37.30261071901849,0.0013662802332268977,0.3015066529959949,376.4074069201632,3.4745819568634033,0.03830576632922645
252,0.07777777777777778,135784,37.79840150343465,0.0013663271418731884,0.3015170046563613,380.83495777088416,6.335131883621216,0.0375000505195248
253,0.07808641975308642,136358,45.00142275896846,0.001366224971568103,0.3014944580177049,382.168889464973,2.6014580726623535,0.04058812619940477
254,0.07839506172839507,136923,43.33554048554489,0.0013657695285160657,0.3013939522013207,379.68882763487443,3.816488027572632,0.04071181346942323
255,0.0787037037037037,137493,47.1579153755836,0.0013646840099518311,0.30115440319731124,372.5318920422956,3.7734789848327637,0.03747946234420963
256,0.07901234567901234,138058,56.61669195646388,0.0013627947065685446,0.3007374773531574,359.7501530729363,3.7983570098876953,0.035294532950836545
257,0.07932098765432098,138631,50.266802095214985,0.0013601053596227245,0.3001440002782062,343.7421218776448,3.878666877746582,0.04465328866105698
258,0.07962962962962963,139203,33.6075486032242,0.0013567208164239342,0.29939710936448966,335.45624529400015,5.278710126876831,0.05097275013250029
259,0.07993827160493827,139781,29.044429185742022,0.0013529556060835478,0.2985662139596176,332.09791990099205,4.1777119636535645,0.04742033597303156
260,0.08024691358024691,140352,26.22578447599332,0.0013491903423944705,0.29773530678191523,326.7646317477237,3.9233620166778564,0.03553340792798905
261,0.08055555555555556,140933,26.011668295565133,0.0013457511130565238,0.2969763478938687,318.9809824073561,6.3538899421691895,0.04138216174858715
262,0.0808641975308642,141519,20.54978092237598,0.001342888247247998,0.29634457919304613,309.1391474546456,2.4917311668395996,0.04230859092290425
263,0.08117283950617284,142083,18.54405284334043,0.001340756756559617,0.29587420817565385,314.37294688017363,3.894692897796631,0.04388868627020086
264,0.08148148148148149,142647,17.99875471684714,0.0013394285165883172,0.2955810961343735,325.02020179676106,3.8461780548095703,0.04221427620540237
265,0.08179012345679013,143210,17.82714242253547,0.0013389256514251342,0.2954701253477279,336.5217971589392,4.200546979904175,0.037275044164350825
266,0.08209876543209876,143783,22.77611157018313,0.001339245529079012,0.29554071499576884,347.4767498489524,3.853085994720459,0.03746384633940321
267,0.0824074074074074,144345,24.268046149413472,0.0013403308725364277,0.2957802253577271,356.6811285930502,3.823559045791626,0.047612224905797
268,0.08271604938271605,144915,24.353432872146673,0.0013421203314914006,0.2961751178307839,362.25866092735794,3.9357008934020996,0.04230727273663044
269,0.08302469135802469,145483,18.339806735481837,0.001338560586359512,0.29538956387623416,362.83309761253224,3.8457279205322266,0.03670453886659356
270,0.08333333333333333,146053,20.120787625727804,0.0013338427454567126,0.2943484447958453,357.6541737600585,8.016127109527588,0.029967239147605487
271,0.08364197530864198,146622,19.476789263718825,0.0013198742996758863,0.291265929779884,347.1813434450318,2.6906158924102783,0.03714169334509073
272,0.08395061728395062,147190,23.788203274582926,0.001303344418447357,0.2876181648174471,332.01139640575013,3.8378942012786865,0.04144791822309836
273,0.08425925925925926,147750,19.84412896181619,0.001288325346267688,0.28430380069662387,312.8284555721384,3.8347039222717285,0.03682231717273948
274,0.08456790123456791,148313,19.477074545284978,0.001274564931393507,0.2812671933216114,300.50998491452265,3.8914408683776855,0.03771683167125298
275,0.08487654320987655,148882,17.52516172776978,0.0012622253250172875,0.2785441257346677,295.4939660230059,3.949566125869751,0.037456748727761884
276,0.08518518518518518,149449,18.601730713262242,0.0012514027176727177,0.2761558249763055,288.6996596087765,3.8257060050964355,0.04343359673933264
277,0.08549382716049382,150010,18.040419067876922,0.0012420549050864594,0.2740929775331715,281.3632081928606,3.9023399353027344,0.05010411340559629
278,0.08580246913580247,150570,18.333576933042316,0.0012340413412048417,0.27232456812069716,274.5651345570829,3.8625330924987793,0.04919422989954473
279,0.08611111111111111,151131,18.21550364683184,0.0012270747314143454,0.2707871974191532,268.93430438345774,6.5203938484191895,0.049188321790590295
280,0.08641975308641975,151690,18.47591994613434,0.0012209256045055189,0.26943022640541825,264.46071911560665,2.5642991065979004,0.040434555637231986
281,0.0867283950617284,152256,18.541917475754065,0.0012154493028470907,0.2682217324642234,260.84762069093546,3.840162992477417,0.05027473396504777
282,0.08703703703703704,152806,18.852227708585,0.0012106359184002012,0.26715952911905966,257.6202806276912,3.9223461151123047,0.04717743447174727
283,0.08734567901234568,153361,18.999512737320256,0.0012063647852809103,0.2662169881820103,276.1397498948425,3.993076801300049,0.045665329883810994
284,0.08765432098765433,153917,18.903065487177745,0.0012031260669851406,0.2655022774736162,313.26719436857854,5.532587051391602,0.05342573523275284
285,0.08796296296296297,154460,18.853494748904833,0.001200962282697113,0.26502478000082635,351.91147284518246,3.970996141433716,0.04583098554070514
286,0.0882716049382716,155007,19.108808931848177,0.0012005311179210103,0.26492963184207313,392.04042674760507,3.991222858428955,0.046610383911087815
287,0.08858024691358024,155526,19.761793509242747,0.0012026576576410518,0.26539891029451657,433.18474208366155,3.942685127258301,0.0501520795890765
288,0.08888888888888889,156032,20.30929988140171,0.0012081854710105015,0.26661877168669446,474.48398984773866,6.742664813995361,0.05316445120702061
289,0.08919753086419753,156544,20.117587240943884,0.0012178954406009477,0.2687615388589852,514.8943919784912,2.847417116165161,0.06359418855356473
290,0.08950617283950617,157070,24.261063029132355,0.0012324225032004994,0.2719673277709051,553.3949726932914,3.9682998657226562,0.08219878989584463
291,0.08981481481481482,157592,20.384082602870368,0.0012520837430535733,0.27630611162921426,588.2252072076253,3.9326961040496826,0.10539040226391849
292,0.09012345679012346,158124,20.467109226971097,0.0012492729153190751,0.2756858265355953,616.9193952756681,3.9360249042510986,0.09660929086011415
293,0.0904320987654321,158635,20.629028367152394,0.001239583153942768,0.27354751885181944,637.4616208390192,3.978485107421875,0.05171929264595823
294,0.09074074074074075,159143,27.25460653859779,0.0012328918288434473,0.27207089715610816,649.057001438309,3.944214105606079,0.041717500880761975
295,0.09104938271604938,159651,21.272905935970396,0.0012285998063286951,0.2711237464094784,653.0731004132793,3.932645797729492,0.0370299649848628
296,0.09135802469135802,160145,23.008073844132806,0.0012261217177160994,0.27057688919436185,651.0868864445758,3.9785730838775635,0.033603023490649066
297,0.09166666666666666,160648,20.770778329989092,0.0012245791025658661,0.27023646947701785,645.1193831583886,6.505104064941406,0.0400782528210634
298,0.09197530864197531,161156,20.878729188495495,0.0012232166309093379,0.26993580328938555,637.5993240413187,2.6487629413604736,0.05206988531381641
299,0.09228395061728395,161633,20.753446521009696,0.0011940778127406783,0.2635055356732453,630.6973371747196,4.162895917892456,0.05757403717994355
300,0.09259259259259259,162106,20.602977932036666,0.0011646470214063474,0.25701083628842003,627.6460029262003,4.28541898727417,0.06010585787263953
301,0.09290123456790124,162575,20.324971920123673,0.0011374424306674056,0.25100740822121326,630.0542897108745,4.14307713508606,0.061686415720037024
302,0.09320987654320988,163068,20.646973619906788,0.0011134887316955602,0.24572137726779955,639.974881796735,3.963446855545044,0.06181290828566251
303,0.09351851851851851,163527,21.008020613215223,0.0010935169635316589,0.2413140669466307,657.8093756435584,4.103644132614136,0.05890780351865276
304,0.09382716049382717,164004,21.26310171362728,0.0010776248671803459,0.23780704645153256,683.4044280049674,3.9101150035858154,0.05353237478860254
305,0.0941358024691358,164446,21.32295857132374,0.0010645581768146928,0.23492352813510473,714.5195371190017,3.911362886428833,0.05561997719283034
306,0.09444444444444444,164889,21.222359906298184,0.0010522548865329248,0.2322084746757329,746.7882034843932,6.7136921882629395,0.05793420415780601
307,0.09475308641975308,165355,21.123088723488614,0.0010394308953961837,0.22937851450236704,776.2709634327575,2.588608980178833,0.06301939978484944
308,0.09506172839506173,165821,20.672998153327438,0.0010260014248778201,0.22641493894222223,800.755135505509,4.015599966049194,0.06308482400588811
309,0.09537037037037037,166279,20.798109793836737,0.0010125560994986016,0.22344786457860077,819.023655608893,4.09941291809082,0.06011869189424577
310,0.09567901234567901,166755,20.890360050747557,0.001000055017915562,0.22068916312389986,831.2303791561509,3.992248058319092,0.05689265311268528
311,0.09598765432098766,167209,21.2285848551379,0.0009892775650345523,0.21831082691808312,837.4752549829068,3.9930479526519775,0.06535441657076199
312,0.0962962962962963,167655,21.630049509553753,0.0009809711388190229,0.2164777895179244,838.2476056801929,3.941925048828125,0.05697111322750276
313,0.09660493827160493,168124,21.049034043509092,0.0009754177576595757,0.21525228590199244,833.9563695741441,4.068059921264648,0.055070694403729206
314,0.09691358024691359,168557,20.743192125757794,0.0009725425187894633,0.21461778675078674,825.1694207309224,3.9728200435638428,0.07096636387609598
315,0.09722222222222222,168983,21.1303889469253,0.0009721147571935142,0.21452338959569492,813.185676362069,6.738225936889648,0.05987822900601575
316,0.09753086419753086,169418,19.36771733292902,0.0009736902071476276,0.21487105519977495,799.3902663205461,2.7560040950775146,0.051640222132961024
317,0.0978395061728395,169865,19.342788436202444,0.0009764373744282497,0.21547729189401754,794.3627917392822,4.244548082351685,0.05858673047420462
318,0.09814814814814815,170308,18.950222206075352,0.0009792149876108082,0.21609024729922954,829.0406661527187,4.250366926193237,0.058846623047791945
319,0.09845679012345679,170719,19.339498174404795,0.0009808070098399106,0.21644157002360082,866.4676391184607,4.355983018875122,0.056174641407975276
320,0.09876543209876543,171144,19.902343940404595,0.000980278992494751,0.21632504872834146,906.5058249264259,4.1959569454193115,0.05553575360013918
321,0.09907407407407408,171570,19.08978222076436,0.0009770970602901144,0.21562286940542588,948.2831236971077,4.230118036270142,0.058319547737555724
322,0.09938271604938272,171966,18.2255584494277,0.0009710792239595682,0.21429487120551388,991.68285716905,4.29798698425293,0.06510660899451359
323,0.09969135802469135,172369,18.235643053160587,0.0009624136561673061,0.21238257951174908,1037.1830641657239,4.324648857116699,0.07082165336302142
324,0.1,172760,19.968684337513775,0.0009516086873491848,0.2099981711708748,1084.2850606103289,7.284157037734985,0.061419992285859225
325,0.10030864197530864,173129,20.887154472511046,0.000939251213396542,0.20727116062037687,1130.074228182919,2.6550700664520264,0.05386935918135637
326,0.10061728395061728,173502,20.075087926403526,0.0009256295610652509,0.2042651749500853,1174.3381807248143,4.325372934341431,0.05533177022059112
327,0.10092592592592593,173889,18.50899442861834,0.0009108825524246179,0.20101084900083338,1215.3909070336695,4.296349048614502,0.055041422576421424
328,0.10123456790123457,174277,18.393033649911732,0.0008951331518272663,0.19753531817976205,1250.0021264655804,4.179419994354248,0.053779960459996716
329,0.10154320987654321,174703,18.98719493712671,0.0008788050531548271,0.19393208199088138,1271.959829020368,4.320636034011841,0.05196003572072421
330,0.10185185185185185,175087,19.07154467230423,0.0008626917431018527,0.19037624471488954,1278.1332694731998,4.337048053741455,0.04999123353487072
331,0.1021604938271605,175467,18.544179637364355,0.0008474035598482208,0.18700249396369464,1271.1274012141077,4.2921059131622314,0.047847551697349056
332,0.10246913580246914,175862,18.200173091378705,0.0008336885086527821,0.18397589731021097,1254.2572705578984,4.317913055419922,0.04741668225501229
333,0.10277777777777777,176245,18.54625832229677,0.0008217627828062788,0.18134416364600162,1228.5182819482575,7.05597996711731,0.05084211766481144
334,0.10308641975308643,176618,17.55343059024513,0.0008115545712739458,0.1790914459257726,1192.9870871506632,2.728679895401001,0.051348144631982326
335,0.10339506172839506,177000,31.609569255392618,0.0008027998554099724,0.1771594813010314,1147.2964138347934,4.551115036010742,0.050843388129593686
336,0.1037037037037037,177377,31.049782688398675,0.0007951257302649692,0.17546597821808219,1095.0022914370686,4.193526029586792,0.053162385449610244
337,0.10401234567901235,177765,18.987149302943735,0.0007883128476606516,0.17396253157417446,1042.6940390426253,5.961410045623779,0.05785646071335766
338,0.10432098765432099,178151,16.937722305034114,0.0007820190707731546,0.1725736396339237,989.9669087162662,4.199063062667847,0.06463383868707559
339,0.10462962962962963,178516,19.256256235752765,0.0007762566792379825,0.17130201223072342,932.291944885926,4.302616834640503,0.06945517057432608
340,0.10493827160493827,178854,18.340151900056096,0.0007713255511309413,0.17021382556528583,868.2548663277477,4.4066550731658936,0.08480006755856476
341,0.10524691358024692,179186,18.30792711896497,0.0007676292200670323,0.16939813023401976,800.9438626621763,4.275996923446655,0.06404829738087595
342,0.10555555555555556,179489,17.806414604369383,0.0007653358170396565,0.16889202888384372,978.419715636645,7.4877800941467285,0.05872561933770086
343,0.10586419753086419,179850,17.13986611306337,0.0007644386554304896,0.16869404593173912,1205.3749448040626,2.67439603805542,0.05473432188026125
344,0.10617283950617284,180204,18.55159727770735,0.0007438195462388779,0.16414388232039936,1472.5419793215765,4.328711032867432,0.05022140038900271
345,0.10648148148148148,180572,16.798056905850167,0.0007126987328544191,0.15727623390254886,1777.7688789761773,4.363293886184692,0.04990243102407911
346,0.10679012345679012,180856,16.71489519591546,0.0006917214734620173,0.15264703477149366,2044.951455624659,4.249057054519653,0.048159195641761465
347,0.10709876543209877,181085,16.552748982093814,0.000680185775714181,0.15010137134656876,2242.7551669521754,4.321041107177734,0.052594304278939824
348,0.10740740740740741,181313,16.47633339284449,0.0006743553471810917,0.1488147297412868,2381.302285835656,4.462065935134888,0.058081107788958294
349,0.10771604938271605,181563,16.556709965237587,0.0006720521191417157,0.1483064602367221,2471.16419206183,4.258013963699341,0.05742571859577256
350,0.10802469135802469,181817,16.543199536072034,0.0006715305572557908,0.14819136351298182,2531.8086410725873,4.297194004058838,0.05196122264402273
351,0.10833333333333334,182116,20.122851635657277,0.0006720235652271305,0.14830015904388685,2575.1342679586087,7.378079891204834,0.05098254247674815
352,0.10864197530864197,182428,16.29987853736833,0.0006735034666127059,0.14862673927441183,2603.0242149357596,2.737046003341675,0.056087156364276344
353,0.10895061728395061,182760,16.44868780186587,0.0006763562101930142,0.149256274232056,2610.7574328618193,4.2853569984436035,0.05385958318373836
354,0.10925925925925926,183106,19.52208865349427,0.0006811754580854961,0.1503197715049313,2590.207216873353,4.316807985305786,0.0481400626979824
355,0.1095679012345679,183433,20.423298724460864,0.0006884924229736718,0.1519344575260506,2534.256028598542,4.32854700088501,0.04720928638928585
356,0.10987654320987654,183681,21.31200737145935,0.0006983902396879437,0.15411867824220607,2443.3083247219256,4.403303146362305,0.05150659351535599
357,0.11018518518518519,183976,25.20060723682766,0.0007107381962936468,0.15684358853292465,2323.4081551385475,4.409729957580566,0.053742359263660944
358,0.11049382716049383,184238,30.463940410139575,0.0007259125050991216,0.16019220981002583,2176.073472255868,4.372941017150879,0.04808062206393501
359,0.11080246913580247,184501,22.42679684037488,0.0007439084986876233,0.16416351208188226,2008.5048484816825,4.3521668910980225,0.04985673152923841
360,0.1111111111111111,184774,22.31336853175597,0.0007641466505086814,0.16862960715520436,1834.1528867953753,7.318647146224976,0.0506691525169478
361,0.11141975308641976,185020,19.96415043488341,0.0007855002809129559,0.173341862720302,1668.3104544282398,2.7538979053497314,0.06148312407179909
362,0.1117283950617284,185230,19.61383614470804,0.0008066846009714472,0.17801675538250952,1522.1400679076164,4.550974130630493,0.06348745776941302
363,0.11203703703703703,185470,32.524392852745954,0.0008255752545033634,0.18218548854632244,1399.0872595142018,4.312952041625977,0.05930533016991998
364,0.11234567901234568,185751,23.380968466419812,0.0008048179303454502,0.17760482406783257,1298.3303652527914,4.474536895751953,0.05382806191217102
365,0.11265432098765432,186023,23.692906179148462,0.0007858362933301293,0.1734160129398567,1216.1311143751352,4.218851089477539,0.05113792146031482
366,0.11296296296296296,186265,21.09699423579477,0.0007684943504409044,0.1695890446285106,1148.3332361213913,4.279989004135132,0.0485950010286548
367,0.11327160493827161,186539,21.438431258675763,0.000752559893764097,0.16607267618293417,1091.7738817364163,4.397133827209473,0.04708908513831333
368,0.11358024691358025,186792,21.705824749254838,0.000737690688263775,0.16279138419459638,1043.6702274696497,4.412003040313721,0.09263016852637877
369,0.11388888888888889,187042,21.7552738354745,0.0007235488570404592,0.15967060699553978,999.4461387363006,7.3682451248168945,0.08357054963055657
370,0.11419753086419752,187235,24.50093512521178,0.0007098434685823396,0.15664614268615143,954.2641970352605,2.947654962539673,0.09099379554319935
371,0.11450617283950618,187447,20.073606007965218,0.0006963980185745161,0.15367904081986056,905.4494205987534,4.348728895187378,0.06514113152826696
372,0.11481481481481481,187665,18.245867681117225,0.0006831692792789257,0.15075976202816652,853.3525573809131,4.469882965087891,0.06275135457964265
373,0.11512345679012345,187909,22.815007498960806,0.000670402120655872,0.14794234348467025,800.4195103602808,4.408383131027222,0.06011338020504873
374,0.1154320987654321,188142,27.828622078790964,0.0006586244797759078,0.14534328876986996,750.8358358844541,4.452627897262573,0.05374307837181083
375,0.11574074074074074,188404,19.47851946048615,0.0006484980735431063,0.14310862359952,754.431117495272,4.396590948104858,0.04946220622456898
376,0.11604938271604938,188590,24.596312090997934,0.0006400727137323576,0.14124934028776037,767.9626498980821,4.3731300830841064,0.06931257146519017
377,0.11635802469135803,188830,19.551694509641344,0.0006330991972699377,0.13971044544242486,775.891202028406,4.382918119430542,0.052243452983939995
378,0.11666666666666667,189027,18.470210196383864,0.0006270246783717879,0.1383699387022985,779.9951999563464,7.450439929962158,0.07500989321900714
379,0.1169753086419753,189269,23.398988893798375,0.0006213834550557203,0.13712505034084327,781.102713258193,2.8194470405578613,0.06779938165838584
380,0.11728395061728394,189529,23.823184492893247,0.0006162004102992293,0.13598127145942945,791.1410335492963,4.394160985946655,0.05776450749896734
381,0.1175925925925926,189797,21.46348971443456,0.0006114256542011883,0.1349275925032519,809.1246618881163,4.5681939125061035,0.05125349865327556
382,0.11790123456790123,190036,22.739995004327284,0.0006072978822815126,0.1340166880887945,858.9488969046247,4.363158941268921,0.04720134286234734
383,0.11820987654320987,190291,23.38808070889073,0.0006040148757515685,0.13329220398477612,904.688832695622,4.591339111328125,0.04667966835662314
384,0.11851851851851852,190518,22.356873973587014,0.0006016350347732429,0.13276702776500238,941.2704913988775,4.4646079540252686,0.045520986746491875
385,0.11882716049382716,190783,22.691538065078447,0.0006000842711435996,0.1324248098654889,965.4028487378082,4.363615989685059,0.05003803189585984
386,0.1191358024691358,190988,22.911909837576843,0.0005993126454253565,0.13225452979993924,976.4075048802522,4.48366904258728,0.05404988270720452
387,0.11944444444444445,191193,18.93002788901355,0.0005992393133901968,0.13223834710480784,975.4799925047408,9.191874027252197,0.05328338385068648
388,0.11975308641975309,191392,25.04973846113,0.0005997429160612553,0.13234948064249508,964.1212728764201,2.97737193107605,0.04948815182750293
389,0.12006172839506173,191620,28.51269296655602,0.0006008025538452221,0.13258331835298978,949.8981822224918,4.589888095855713,0.052768552233893797
390,0.12037037037037036,191859,42.830396303759784,0.0006024283868821064,0.13294210234573156,953.6551790751541,4.560111999511719,0.06287466564381498
391,0.12067901234567902,192108,25.902025035729395,0.0006046134658487148,0.1334242990647736,976.0241502253172,4.5084450244903564,0.05419441911003491
392,0.12098765432098765,192334,36.321742952745815,0.0006073230270721706,0.13402223696631405,998.3777137915416,4.55583381652832,0.048377282678277435
393,0.12129629629629629,192571,28.061571136461968,0.0006105305754610002,0.13473006919247063,1020.175754966533,4.441977024078369,0.06633662070047797
394,0.12160493827160494,192803,27.176149919633186,0.0006141998884935434,0.1355398022650364,1040.7311318015056,4.56992506980896,0.0693094960455741
395,0.12191358024691358,193053,38.09676866175399,0.0006183039851920565,0.136445482102194,1059.4358560673552,4.550471067428589,0.06428180919886595
396,0.12222222222222222,193342,43.22722676328258,0.0006228124887403357,0.13744040523860776,1075.570417232853,7.387554883956909,0.06154527824138371
397,0.12253086419753087,193598,34.34235654358639,0.0006277392136407035,0.13852762021750972,1088.478380479284,2.9892749786376953,0.05735293865552428
398,0.12283950617283951,193790,35.867936002220866,0.0006330613515837975,0.13970209376911438,1097.6245106548683,4.557383060455322,0.058340875418068795
399,0.12314814814814815,193999,31.206211218772474,0.0006387323659336368,0.1409535563271827,1102.6235977498482,4.501194000244141,0.07409281159646756
400,0.12345679012345678,194235,23.479221580038217,0.0006447549945971982,0.1422826120848726,1103.735202337437,4.737369060516357,0.06977910932601558
401,0.12376543209876543,194448,23.765580572740177,0.0006510886699610331,0.14368030870206136,1101.3265900374688,4.291988849639893,0.057350910947942674
402,0.12407407407407407,194636,24.6345013263268,0.0006576967705291368,0.14513856465607178,1094.8845015002814,4.563538074493408,0.06522989472247913
403,0.12438271604938271,194845,24.8651396705274,0.0006645249228146635,0.14664538096775462,1084.5485876920643,4.607141017913818,0.0623049038379304
404,0.12469135802469136,195059,26.02135839115046,0.0006714684514166756,0.14817765818136114,1071.1544001825596,4.6347620487213135,0.051513602574025236
405,0.125,195286,24.795749066045786,0.0006784860639102826,0.14972628400753818,1055.0030373062934,7.410469055175781,0.045036310201796124
406,0.12530864197530864,195464,23.698508144824288,0.0006855046109218556,0.15127511606035685,1037.0896591885632,2.9552578926086426,0.0439086153349429
407,0.12561728395061728,195667,25.21243631598448,0.0006924752030112101,0.15281336556375327,1017.5517828136991,4.603101015090942,0.06127205594667441
408,0.1259259259259259,195884,28.473018744804527,0.0006993460343040781,0.1543296001516753,996.9018648878335,4.577054023742676,0.059219154402976544
409,0.12623456790123458,196046,31.901632228191882,0.0007061074650616827,0.1558216925552774,975.2490867138332,4.516005039215088,0.04944037439191515
410,0.12654320987654322,196186,26.93178905647177,0.0007127755433888617,0.15729318422254282,978.5490593611386,4.501878976821899,0.043751868710327727
411,0.12685185185185185,196318,28.62471596783285,0.000719425721850526,0.15876072580079345,1010.824582385612,4.528580904006958,0.04482380942548756
412,0.1271604938271605,196539,29.911036287303208,0.000726208276665133,0.160257479798386,1043.860466077352,4.5551581382751465,0.04422836700895143
413,0.12746913580246913,196751,27.504558137548013,0.0007333045402407775,0.16182346211111895,1075.8516576502413,4.611318826675415,0.04626801557108667
414,0.12777777777777777,196899,31.629300606687288,0.0007354225599574805,0.16229086039459875,1106.6062204811888,7.368584156036377,0.0917706731241026
415,0.12808641975308643,197065,31.884120037341575,0.0007246269905562927,0.15990852628906133,1136.7123655684259,2.988656997680664,0.07634762526187099
416,0.12839506172839507,197212,48.10003724247301,0.0007136760867498336,0.15749191344956465,1166.3433664699223,4.655212879180908,0.056447847237297795
417,0.1287037037037037,197382,50.360507554700064,0.0007041338481077825,0.15538616064345195,1194.338797928174,4.516796112060547,0.04739560746577371
418,0.12901234567901235,197508,46.63645010417752,0.0006958609089434807,0.1535605130660315,1220.3344007400028,4.684142827987671,0.052742243798961225
419,0.12932098765432098,197599,30.343432437879326,0.0006887215110948536,0.15198501201039347,1244.4536111009452,4.632739067077637,0.04916430954568681
420,0.12962962962962962,197706,27.326551797944273,0.0006829465450473514,0.1507106097012599,1267.2674752574646,4.494035005569458,0.048300216598238084
421,0.12993827160493826,197783,24.665292372736214,0.0006780747674754396,0.1496355203351649,1287.8731215305293,4.645122051239014,0.04704542983108772
422,0.13024691358024693,197867,33.35474623242248,0.0006738785092123239,0.148709502558394,1304.4595666164007,4.445825099945068,0.0509116210944777
423,0.13055555555555556,197912,32.013750978387016,0.000670324730772801,0.14792526531574632,1315.1915885596807,7.4734108448028564,0.05227939032425396
424,0.1308641975308642,198000,28.720751368579997,0.0006674146774218843,0.14728308340859655,1318.620172926015,2.894580125808716,0.0646080827585142
425,0.13117283950617284,197984,25.12318253453246,0.0006652785038106768,0.14681167897774097,1314.2289494896684,4.528684854507446,0.059660235601038794
426,0.13148148148148148,198031,26.58150532973615,0.0006641125243404886,0.1465543741006235,1302.1351524382312,4.811277151107788,0.05132397583852491
427,0.13179012345679011,198056,29.073771394152303,0.0006642018963395062,0.146574096447211,1283.1197580394548,4.580734014511108,0.05553667612280496
428,0.13209876543209875,198091,28.41291658742273,0.0006658213102403676,0.14693146388413184,1258.5388255478904,4.601565837860107,0.060242356656878486
429,0.13240740740740742,198111,24.548959978365808,0.000669133356971212,0.14766235649320128,1230.5463383628603,4.55878210067749,0.06658329205578166
430,0.13271604938271606,198169,22.372553132966683,0.0006742586843313847,0.14879339847148176,1201.7698976175889,4.590579032897949,0.06757091406657735
431,0.1330246913580247,198209,25.026878573280314,0.0006809448984366428,0.1502688922882442,1174.8953718628404,4.5426719188690186,0.06073456088992031
432,0.13333333333333333,198234,19.821600517235407,0.0006891049043133718,0.1520696180840858,1152.1660318947772,7.368411064147949,0.06164121388585866
433,0.13364197530864197,198279,19.43590949834742,0.0006985383180592062,0.15415135573618916,1134.7568590902545,2.920290946960449,0.05591511492043726
434,0.1339506172839506,198300,21.701764533131467,0.0007089529741253956,0.15644963102134415,1122.757795161544,4.62116003036499,0.058619410725695355
435,0.13425925925925927,198313,21.320056247848072,0.0007202819256354483,0.15894967030221888,1115.1763340825178,4.563524961471558,0.0502424356039363
436,0.1345679012345679,198317,18.24225981276742,0.0007249447761141451,0.15997865425958185,1110.6372867900566,4.632061958312988,0.05112099756987294
437,0.13487654320987655,198297,19.68422034355562,0.0007199522463188948,0.15887691765244855,1107.8864576652386,4.569493055343628,0.051225836351122746
438,0.13518518518518519,198291,22.801536820175052,0.0007159234639849673,0.15798785796497658,1105.066284847562,4.514693021774292,0.05079385941327389
439,0.13549382716049382,198286,24.758071055937094,0.0007128070929550461,0.15730014648685173,1101.20079673247,4.582664966583252,0.05664556585457579
440,0.13580246913580246,198224,26.31061584258856,0.0007104821546933303,0.15678708603507555,1095.646118480283,4.54902195930481,0.049480342729093185
441,0.1361111111111111,198199,52.57652852357423,0.000708958539564724,0.15645085918592092,1088.4461868764463,7.761817932128906,0.047123852834678286
442,0.13641975308641976,198151,29.765775016806288,0.0007081842952073639,0.15628000124688937,1079.5309210454423,2.934378147125244,0.05188207031399931
443,0.1367283950617284,198067,28.213087724155617,0.0007082468243052875,0.15629379998200335,1069.0136209220739,4.555814027786255,0.053719163589537114
444,0.13703703703703704,198023,40.05890697625568,0.0007091533731139505,0.15649385447333705,1057.392280178789,4.538764953613281,0.07074008597178136
445,0.13734567901234568,197959,29.35758573057043,0.0007108705814762799,0.15687280290077632,1045.2614183897538,4.479526996612549,0.09002966615171855
446,0.13765432098765432,197905,27.514716000634582,0.0007132736163430641,0.15740309747878214,1129.9289790822343,4.546012878417969,0.11089380912187378
447,0.13796296296296295,197888,31.108691870951745,0.0007162204485033857,0.15805339562406168,1215.90535192097,4.532843112945557,0.10817747489193964
448,0.1382716049382716,197857,27.991515175196234,0.0007195804962247093,0.15879488094875996,1297.0713842781463,4.615812063217163,0.11488293611266422
449,0.13858024691358026,197803,25.35382619992735,0.0007122116508258342,0.15716874609104312,1370.0055162123354,4.634630918502808,0.1133260211840708
450,0.1388888888888889,197691,25.28760971191984,0.0006384668565665585,0.14089496451076025,1433.5221155092358,7.5305259227752686,0.09200061903241344
451,0.13919753086419753,197577,21.277332567254426,0.0005873093279162131,0.12960567343869153,1488.5808837132345,2.9296810626983643,0.07521484200248513
452,0.13950617283950617,197449,25.848786113880873,0.0005512203131956479,0.12164165714561984,1537.1341594134085,4.659695148468018,0.08161769264114302
453,0.1398148148148148,197401,25.85418963112821,0.0005243226255472166,0.11570595553844931,1580.3202161552176,5.560563802719116,0.0835216093758916
454,0.14012345679012345,197314,21.846354327771614,0.0005039759468724992,0.11121591108226178,1619.7108971500518,4.502181053161621,0.07042795025266634
455,0.1404320987654321,197245,22.378710691777425,0.0004957806773995936,0.10940740342103321,1655.6120516131198,4.4447691440582275,0.07957372248796533
456,0.14074074074074075,197182,24.01731513574197,0.0005119041171896591,0.1129654760972393,1688.7394537259195,5.795414924621582,0.08305477981703721
457,0.1410493827160494,197091,24.2793023780682,0.000535951938926412,0.11827227778210901,1718.6673684285747,4.48868989944458,0.0665612662624525
458,0.14135802469135803,197042,25.37865480155822,0.0005564544246871745,0.1227967052820412,1745.8625581474473,4.59185004234314,0.06100715715762267
459,0.14166666666666666,196998,23.132285620691754,0.0005526645648369365,0.1219603702967429,1768.07535092324,7.463525056838989,0.060914032733549575
460,0.1419753086419753,196947,23.603067383915118,0.0005301250238443251,0.11698641151473094,1787.0368300476077,2.964664936065674,0.06465262716061865
461,0.14228395061728394,196869,24.589277102034156,0.000519174052550673,0.11456978378236153,1803.0325402577919,4.578747987747192,0.05704311560255271
462,0.1425925925925926,196786,22.689494019931416,0.000521636082664862,0.11511309725587293,1816.076909719089,4.511194944381714,0.053076554471583194
463,0.14290123456790124,196646,24.932435552889935,0.0005349343616035016,0.11804772184890143,1825.5377404767378,4.566029071807861,0.07970207670942975
464,0.14320987654320988,196550,54.722023125023874,0.000562294921738139,0.12408556877786318,1831.7891291908206,4.54200005531311,0.08707394335371368
465,0.14351851851851852,196397,29.788918860107145,0.000588090091310566,0.12977796997939253,1834.2446463294364,4.632246971130371,0.0744569501561298
466,0.14382716049382716,196286,31.77548480178921,0.0005923169005020312,0.13071072964404892,1831.55982127281,4.551337003707886,0.05550079803194898
467,0.1441358024691358,196202,46.41318000149759,0.0006036077861934492,0.13320236867342986,1822.4163391247037,6.132703065872192,0.06008321618591865
468,0.14444444444444443,196073,54.94864266063936,0.0006152609796815052,0.13577396070839637,1805.802996247316,7.523197889328003,0.06427343155497614
469,0.1447530864197531,195981,53.292230651349634,0.0006180512615207942,0.13638971179504758,1781.7173442475676,2.995772123336792,0.05998103244289061
470,0.14506172839506173,195888,46.0009449237615,0.000610762227389321,0.13478118945013776,1751.059762377356,4.677328824996948,0.06288534241115694
471,0.14537037037037037,195808,34.17185246733741,0.0006031595012456883,0.13310344248618008,1715.1786964548994,4.503275156021118,0.054305022686074025
472,0.145679012345679,195665,40.374388631361896,0.0005963269627831882,0.1315956582460251,1675.4980963570194,4.582113981246948,0.06073648738449209
473,0.14598765432098765,195505,39.0534611854076,0.000591528351028333,0.1305367148945455,1633.2402715503101,4.591054916381836,0.05459200925166497
474,0.14629629629629629,195357,33.80789273821738,0.0005891251513582508,0.13000638394823863,1589.4232226961906,4.515030145645142,0.06953779764616624
475,0.14660493827160495,195259,24.53043802487397,0.0005871615620074534,0.12957306489800305,1545.024350739303,4.648467779159546,0.08844267500965838
476,0.1469135802469136,195098,41.333809028107034,0.0005836247765928303,0.12879257762548393,1500.780405944033,4.608986139297485,0.08521612221759368
477,0.14722222222222223,194915,23.05481857135446,0.0005778324913889426,0.1275143533764968,1457.3986368417218,7.513295888900757,0.056151007194650895
478,0.14753086419753086,194753,20.938462510392075,0.0005699928153522531,0.12578431701579174,1415.3879237551844,2.9359259605407715,0.049069531264666934
479,0.1478395061728395,194575,20.559641385111174,0.0005621010753458364,0.12404279133329717,1374.9706751960625,4.520142078399658,0.060320194610510906
480,0.14814814814814814,194433,19.364268862738275,0.0005598353617649515,0.12354280040771175,1336.1672850112882,4.593095064163208,0.05089669567432978
481,0.14845679012345678,194257,19.074273867391966,0.0005658137226064475,0.12486208727426078,1325.2283520300914,4.5888378620147705,0.052658998791499184
482,0.14876543209876544,194057,21.699628238028268,0.0005771898113747417,0.12737252866490636,1336.3514155678058,4.559034109115601,0.05921026181086245
483,0.14907407407407408,193961,20.39577797518008,0.0005885040512428444,0.1298693214244478,1337.4189896218368,4.602912902832031,0.060392128505394944
484,0.14938271604938272,193861,23.6177797346345,0.0005981116203168643,0.13198949115572906,1324.2628278525804,4.51985502243042,0.054762507522581536
485,0.14969135802469136,193717,26.99095698170707,0.000607121097400943,0.1339776757278274,1295.035793593813,4.608483076095581,0.06001533327447603
486,0.15,193611,24.503973824313928,0.0006160795667898031,0.13595460407364923,1250.970812647625,7.526140928268433,0.07003449260489837
487,0.15030864197530863,193534,23.75532749986292,0.0006250431497220916,0.13793266086100636,1258.2321748845188,3.126206159591675,0.07159356150752533
488,0.1506172839506173,193432,19.66650957683573,0.0006336049095671643,0.13982204452613228,1264.1429023496196,4.623530864715576,0.07471535663047177
489,0.15092592592592594,193275,18.512823533521185,0.000641341289729163,0.14152928586083252,1263.8934373941559,4.558925151824951,0.09153739110820523
490,0.15123456790123457,193123,18.883243532222604,0.0006484267876235325,0.1430928924350826,1257.4258190479216,4.594265937805176,0.10221357029845816
491,0.1515432098765432,192949,20.714040288569773,0.0006574192124350851,0.1450773139624627,1244.7849961972581,4.595685005187988,0.10232090172454021
492,0.15185185185185185,192823,16.084208608361287,0.0006671173334671642,0.1472174664301788,1226.37434328386,4.604763984680176,0.08356831067083453
493,0.1521604938271605,192757,18.10751409161368,0.0006752073062207932,0.14900273752497797,1202.6810967690142,4.556485891342163,0.06649506085022214
494,0.15246913580246912,192602,18.41177439431235,0.0006800519445207303,0.15007183787735617,1174.4195823711225,4.581897020339966,0.07031435933112375
495,0.1527777777777778,192519,15.649045028530109,0.000681113111491251,0.15030601304418556,1142.3234579518614,7.449226140975952,0.07402732637027017
496,0.15308641975308643,192417,15.898941110549373,0.0006789933997977561,0.14983824138030613,1107.3081445089683,2.937213897705078,0.08396702576222986
497,0.15339506172839507,192276,18.25326770332215,0.0006746613729736779,0.14888226260182974,1070.3040886760482,4.5888590812683105,0.08798127129901301
498,0.1537037037037037,192201,17.23179571828029,0.0006689181722877627,0.14761487017809186,1032.1732476287843,4.4955549240112305,0.08337951302570831
499,0.15401234567901234,192074,21.689449657753684,0.0006624841122363283,0.14619502096699588,1042.5813000300025,4.549114942550659,0.10210237045498144
500,0.15432098765432098,192004,16.451638931425805,0.0006556588561419479,0.14468884377815017,1082.8689136034159,4.533163070678711,0.08559406028790295
501,0.15462962962962962,191871,19.488163773513374,0.0006486027934958978,0.1431317328868391,1088.0686955487838,4.743535995483398,0.07634434776238777
502,0.15493827160493828,191790,16.569019660022793,0.000642042059012798,0.14168392953940803,1067.4732255824958,4.567734956741333,0.07225531106283839
503,0.15524691358024692,191685,16.895817136076374,0.0006368646263969169,0.1405413891284707,1027.7351432161047,4.688043117523193,0.0744886203809226
504,0.15555555555555556,191622,17.513896063277123,0.0006326664009844658,0.13961493724704277,974.5575779577789,7.6885998249053955,0.10647059636848119
505,0.1558641975308642,191520,18.5195603555294,0.0006289583661115128,0.13879665915405157,913.3139039923476,2.9043819904327393,0.06768462911303767
506,0.15617283950617283,191374,22.64272983056089,0.0006266945165669461,0.1382970795784496,845.5644415063422,4.622442007064819,0.0646217592255316
507,0.15648148148148147,191277,20.521112798382212,0.0006264600610718794,0.1382453406380222,858.136431902583,4.626345157623291,0.07069287148207665
508,0.15679012345679014,191179,20.87761666891821,0.0006293409707795766,0.13888109121277797,907.6639842451413,4.510481834411621,0.07515392515890412
509,0.15709876543209877,191100,27.94327069895539,0.0006341691468387709,0.13994655872689468,970.6120943978827,4.536082029342651,0.07370314673809787
510,0.1574074074074074,190985,21.382081139275254,0.0006392972523903461,0.14107821378818022,1046.326414006378,4.5871851444244385,0.06933297813057272
511,0.15771604938271605,190851,29.951550219394363,0.0006482923271942248,0.143063220107975,1133.8961589327819,4.647601842880249,0.10521624828213696
512,0.1580246913580247,190753,22.72490286798299,0.0006550234230731648,0.14454861830089266,1235.7135835403067,4.575508117675781,0.10028783220043365
513,0.15833333333333333,190691,28.61246312317285,0.0006511011639646282,0.14368306584156673,1356.2757633169665,7.657222032546997,0.05968053306396888
514,0.15864197530864196,190586,26.848552404538147,0.0006452561514509094,0.1423932058868715,1502.6516983144725,3.0249509811401367,0.05686321712899031
515,0.15895061728395063,190490,22.69166085506866,0.0006326628424480864,0.13961415195983212,1676.6546862897305,4.609863996505737,0.0640073682875762
516,0.15925925925925927,190397,19.256748369457377,0.000619626622883656,0.136737357849074,1862.7043308615957,4.534926891326904,0.06530871061526415
517,0.1595679012345679,190304,19.529928339819126,0.0006120662331460438,0.13506895355711632,2004.6679548628042,4.482192039489746,0.07138889538102308
518,0.15987654320987654,190193,19.570747888574434,0.0006148107736880845,0.1356746105905114,2025.6538969038784,4.598180055618286,0.06387408074460853
519,0.16018518518518518,190047,19.374500665211453,0.0006283512161320677,0.13866267510472025,1911.2209627858397,4.521286964416504,0.06469635147128586
520,0.16049382716049382,189852,19.224630265358293,0.0006506682119912741,0.14358752328944646,1706.2012463410715,4.445686101913452,0.050433963735416275
521,0.16080246913580246,189777,19.392886365202056,0.0006602474121219941,0.14570143264680485,1469.442955596255,4.54495096206665,0.06599732027247257
522,0.16111111111111112,189730,19.79575045384635,0.0006657234452203297,0.14690986732295835,1245.3261418838604,7.403360843658447,0.08946318373288116
523,0.16141975308641976,189712,19.720635625384453,0.0006699813043306805,0.14784947899124573,1058.5463681952476,2.953059196472168,0.05851947327043726
524,0.1617283950617284,189658,20.048680153493383,0.0006737970102190691,0.1486915176032719,930.3342179234252,4.660298824310303,0.0844375852105413
525,0.16203703703703703,189646,20.350620253700118,0.0006767395198108089,0.14934086185698967,862.6827389500274,4.5721352100372314,0.06076257618411505
526,0.16234567901234567,189619,20.602601560450395,0.0006787458319324044,0.1497836088410537,866.3833471207247,4.587301969528198,0.06617193414325079
527,0.1626543209876543,189634,31.158551092731596,0.0006795125537528109,0.14995280672903297,937.6432408573008,4.604491949081421,0.056353237628112715
528,0.16296296296296298,189653,21.01733588530468,0.0006786952527545872,0.14977244717872115,1034.0949310544434,4.523235082626343,0.06518389143042205
529,0.16327160493827161,189685,24.43081089012434,0.0006784403256633713,0.14971619062742128,1110.766415751891,4.517863988876343,0.06561950968801641
530,0.16358024691358025,189705,26.889634084467588,0.000678827839072815,0.14980170593257688,1138.570349512155,4.522910833358765,0.0634955775554547
531,0.1638888888888889,189741,21.27705921195714,0.0006791233337853214,0.14986691482573009,1111.9712722031468,7.420125961303711,0.060144385177295805
532,0.16419753086419753,189737,21.263510976359626,0.0006798207039001475,0.15002080838585577,1063.7082241749247,2.918403148651123,0.053812295337267314
533,0.16450617283950617,189804,21.173201208898487,0.0006819398815831726,0.150488462205895,1051.9825972565668,4.6162919998168945,0.05094861626711484
534,0.1648148148148148,189796,21.02972688082026,0.000684819624081389,0.1511239552043386,1094.1535453089402,4.61191987991333,0.0626024940800024
535,0.16512345679012347,189879,21.343217450505875,0.000685509299448838,0.15127615071052858,1144.7502928081256,4.526815176010132,0.060656612158964285
536,0.1654320987654321,189948,21.349383269811714,0.0006863116181268318,0.1514532040070304,1141.2262405200745,4.525869846343994,0.057736640720709366
537,0.16574074074074074,189894,21.008254099742114,0.000687195322183761,0.15164821718658467,1045.3471261453544,4.481389045715332,0.05655393262738014
538,0.16604938271604938,189854,20.79503553235935,0.0006881318207787906,0.15185488090758129,870.9063748422188,4.677807092666626,0.057322171484063315
539,0.16635802469135802,189694,20.77062918232073,0.0006890886214977845,0.1520660248408333,676.435861464593,4.559352874755859,0.06002438051370618
540,0.16666666666666666,189604,20.4721737264433,0.0006900321625906249,0.1522742426792738,556.7834922177597,7.600686073303223,0.06379113378359498
541,0.1669753086419753,189530,19.95194257228162,0.0006909173682100027,0.1524695872191575,558.8121905371963,2.9572269916534424,0.06146466008679529
542,0.16728395061728396,189505,19.40743231826993,0.0006916844199234821,0.15263885790695758,609.1615190663645,4.643702030181885,0.06130384122804097
543,0.1675925925925926,189485,18.956464007063527,0.0006922785747243956,0.15276997421899105,653.2365306323352,4.641203880310059,0.05379709782214309
544,0.16790123456790124,189445,22.468193719633224,0.0006926195039842485,0.1528452094727456,693.5242632984638,4.519351005554199,0.05668895780084631
545,0.16820987654320987,189442,18.951471909748456,0.000692600251202631,0.1528409608262343,730.7145658190389,4.5468590259552,0.057835505991342684
546,0.1685185185185185,189429,18.23714485108982,0.0006920894083253646,0.1527282295414029,763.195114181398,4.488696098327637,0.0550951053503833
547,0.16882716049382715,189382,18.047510817253904,0.0006909288613735116,0.15247212349625322,789.5054255684588,4.5682899951934814,0.05008321668611608
548,0.16913580246913582,189376,22.781305886891936,0.000688953559261616,0.1520362197087799,808.9711898639312,4.545213937759399,0.04793160029144492
549,0.16944444444444445,189337,17.40553286438301,0.0006859975419212115,0.15138389460531373,821.999536662545,7.44408392906189,0.05040797682619001
550,0.1697530864197531,189268,17.526977192204214,0.0006819474485181845,0.15049013205457865,829.7108010481688,2.9588351249694824,0.0502158067861194
551,0.17006172839506173,189253,17.85429302396747,0.0006767429275851602,0.14934161387448494,833.0936623929367,6.269701957702637,0.052421464090520634
552,0.17037037037037037,189209,17.993752608195823,0.0006704221301925648,0.1479467591296379,832.3853620902139,5.448673963546753,0.05658560806302225
553,0.170679012345679,189196,17.855612955249295,0.0006631284148550687,0.1463372037501239,827.4915328471536,5.564225912094116,0.05812382130754094
554,0.17098765432098764,189189,17.59483823053299,0.000655054948554543,0.14455557525023824,817.2637681632579,5.596004009246826,0.05778918800905741
555,0.1712962962962963,189192,17.822172783848597,0.000646440194780735,0.1426544970427384,800.1823365373358,5.5722880363464355,0.06185175421620674
556,0.17160493827160495,189210,22.61286744701216,0.0006375492098529997,0.14069246096682445,775.7036848185945,5.562278985977173,0.06106953393518497
557,0.17191358024691358,189211,17.763050449286386,0.0006285484526453599,0.13870620067109024,744.8273974396327,5.67309308052063,0.056735360618336755
558,0.17222222222222222,189209,27.935829777073884,0.0006195882698345562,0.1367288942124166,710.5404881285853,8.432488918304443,0.08625230460090229
559,0.17253086419753086,189193,17.05236840690873,0.0006107913396072341,0.13478761384768873,675.80900544543,3.9460160732269287,0.06412367249060708
560,0.1728395061728395,189145,20.322323050620856,0.0006022540434444752,0.13290362875512132,643.5376037741016,5.535100936889648,0.06472058496019939
561,0.17314814814814813,189115,23.134404988816566,0.0005940545414476278,0.13109418707311402,615.3461563926846,5.5567779541015625,0.06674260043837096
562,0.1734567901234568,189102,18.43008125509623,0.000586250676614948,0.12937205342226166,605.4356038150736,5.588661193847656,0.06845237199843364
563,0.17376543209876544,189080,23.664722401859322,0.0005788758112114185,0.12774459008784564,653.9282997252126,5.63920783996582,0.06255721005940251
564,0.17407407407407408,189050,21.085146271946698,0.000571956889538453,0.12621774305806002,701.2488724451343,5.6420300006866455,0.06211497807475208
565,0.1743827160493827,189034,16.40108911078344,0.0005655079765760728,0.12479461615080949,746.6926170100583,5.572751045227051,0.06469311011716289
566,0.17469135802469135,189019,16.34853235000008,0.0005595445714224595,0.1234786296609234,789.3395439759813,5.640681982040405,0.07108157952209197
567,0.175,188986,16.065024186596226,0.0005540800084213197,0.12227272617166039,829.8716949388366,8.492522954940796,0.08025797537234161
568,0.17530864197530865,188973,16.468905821625054,0.0005491277043784686,0.1211798664637716,867.7249029431163,3.959153175354004,0.08777165703320972
569,0.1756172839506173,188935,16.754398186862126,0.0005447044043054023,0.12020374577652626,900.6240279314917,5.600265979766846,0.08465392748114699
570,0.17592592592592593,188881,18.99974890419956,0.0005408275007662537,0.11934820224918101,926.5012633983147,5.579052925109863,0.0751354888553844
571,0.17623456790123457,188841,18.459605039451716,0.000537515371181728,0.11861729135620791,944.5070479312094,5.6289660930633545,0.05152380128450947
572,0.1765432098765432,188829,17.834991831234337,0.0005347753211290472,0.11801262527063185,953.9551832212924,5.5984108448028564,0.07226603393033673
573,0.17685185185185184,188794,20.68328612871487,0.0005326015143861465,0.11753291607234816,953.8549770286536,5.5139000415802,0.10263101996409478
574,0.17716049382716048,188761,22.483765583642974,0.000531052550344832,0.1171910953006278,944.9923713988035,5.4941370487213135,0.11949911573185476
575,0.17746913580246915,188618,25.52780734812094,0.0005300639840874194,0.11697294144295742,928.9578857329002,5.463571071624756,0.09915976667987209
576,0.17777777777777778,188515,28.21487725275978,0.0005295361092307525,0.11685645159163426,911.5118904969127,8.464423894882202,0.1163900595089781
577,0.17808641975308642,188430,27.56977956181782,0.0005294002487681187,0.11682647030934162,892.2738150957526,4.036034107208252,0.10995724586724337
578,0.17839506172839506,188385,26.922445708465442,0.0005296512577139495,0.1168818622159864,869.564347464985,5.577598810195923,0.08508039049352244
579,0.1787037037037037,188351,22.143740129432917,0.0005304203735333784,0.1170515884045404,982.065568117392,5.6255271434783936,0.06095787671448102
580,0.17901234567901234,188370,24.880948378377468,0.0005318746874018778,0.11737252205799838,1126.8834602941447,5.449218988418579,0.0629286902446853
581,0.179320987654321,188370,20.72963290460645,0.0005341182417277143,0.11786762294517143,1280.2818615456208,5.5483620166778564,0.07009918015741987
582,0.17962962962962964,188290,21.12335492305512,0.0005371873601298155,0.11854490685411039,1432.199537539574,5.56833291053772,0.055888426157714124
583,0.17993827160493828,188207,31.15486160327219,0.0005410743080764116,0.11940266695137824,1573.1279671952943,5.736714124679565,0.05557981266868555
584,0.18024691358024691,188181,20.97438881970799,0.0005457406969110784,0.12043243174259924,1687.9137793214186,5.600805997848511,0.059250559852020136
585,0.18055555555555555,188053,29.31315686978526,0.0005510892534728976,0.1216127352763078,1760.367129920043,8.477741003036499,0.061210306200423295
586,0.1808641975308642,187981,20.786306471704687,0.0005569206844896196,0.12289959810669239,1776.5140266557614,3.9374818801879883,0.055423348634603985
587,0.18117283950617283,187971,25.370629263767555,0.0005629718273614834,0.12423494629495328,1724.5655914624786,5.593580007553101,0.05899793495539206
588,0.1814814814814815,187945,21.38932148362463,0.0005689922944547289,0.12556352504374318,1615.158030183552,5.5477259159088135,0.06359022993448317
589,0.18179012345679013,187882,19.755122238890888,0.0005747909064704509,0.12684314547472428,1467.4530286152103,5.547866106033325,0.06590076444336673
590,0.18209876543209877,187853,22.677804043517572,0.0005802740983774667,0.1280531599354579,1305.2842867693275,5.565521001815796,0.08695005499670103
591,0.1824074074074074,187822,21.48708895739511,0.0005854316782043929,0.12919131929205155,1223.4227461696878,5.589848041534424,0.08895714094528863
592,0.18271604938271604,187745,21.118006007795437,0.0005903148424360326,0.13026892143230512,1238.9396240982971,5.489259958267212,0.09106351975521909
593,0.18302469135802468,187686,28.331621201159425,0.0005950302814343676,0.1313095104675698,1248.2167072433604,5.5765790939331055,0.12668104177732162
594,0.18333333333333332,187673,30.43340011166138,0.0005997074778233244,0.1323416602376859,1250.3120369114677,8.758442878723145,0.07672779017216688
595,0.18364197530864199,187603,30.077388195597784,0.0006044285476953907,0.1333834918773965,1244.391936896999,4.030617952346802,0.06347713070322168
596,0.18395061728395062,187558,30.070631571608924,0.0006036072919248667,0.13320225959971102,1230.111848933915,5.705991983413696,0.05701473879326219
597,0.18425925925925926,187519,25.56500375699547,0.0005978543292633119,0.1319327129322608,1207.2511645968118,5.605794191360474,0.0574617294735573
598,0.1845679012345679,187507,22.34149835407904,0.0005930890789705849,0.13088113168889104,1176.1242451475148,5.588864803314209,0.06461041430122466
599,0.18487654320987654,187528,34.71214307803733,0.0005891872076468299,0.13002007834519452,1137.000119804672,5.592146158218384,0.06703427602245092
600,0.18518518518518517,187550,29.75100591419106,0.0005860175649362138,0.12932061103122053,1091.4039834631687,5.60461688041687,0.060542976553856376
601,0.18549382716049384,187573,24.662692017061957,0.0005835305466371102,0.12877178323947863,1041.0073023352259,5.617230176925659,0.05448417981983664
602,0.18580246913580248,187588,32.08631403696292,0.0005816288077783792,0.12835211317163744,987.4470553833596,5.66546893119812,0.04874045968250118
603,0.18611111111111112,187581,28.192523747676475,0.0005802446631162041,0.1280466642496626,933.4317393933011,8.662147045135498,0.06498076407695183
604,0.18641975308641975,187526,31.373662796102728,0.0005793212193694228,0.1278428814336992,880.6331128718351,4.083127021789551,0.06306973642840756
605,0.1867283950617284,187490,31.545479640020655,0.000578767749794101,0.12772074341608605,872.3904846114527,5.600061893463135,0.06474900378205417
606,0.18703703703703703,187448,31.441757039256803,0.0005786633701899605,0.12769770923589363,864.0628434792516,5.543601036071777,0.06589631535076854
607,0.18734567901234567,187446,35.99110110759805,0.0005788363523100743,0.12773588241500822,855.417785582655,5.567935943603516,0.0751725137934448
608,0.18765432098765433,187422,30.62969528551228,0.0005796057240804723,0.12790566508605983,846.6575709193787,5.5049450397491455,0.07612957243670158
609,0.18796296296296297,187406,32.27922398551267,0.0005808546945249737,0.12818128416423616,837.6833995110732,5.645297050476074,0.07378699306587623
610,0.1882716049382716,187381,32.76192233682447,0.0005801987336104141,0.12803652866310597,828.8422348532445,5.6575188636779785,0.07264875772308521
611,0.18858024691358025,187405,34.14887993471067,0.0005802394237049582,0.1280455080319922,819.914517080709,5.523525953292847,0.06698672572534102
612,0.18888888888888888,187408,37.583006184864146,0.0005821013280383594,0.1284563875354134,810.6423276183247,8.477367162704468,0.06607071500693888
613,0.18919753086419752,187376,37.35035126916426,0.000585480975043248,0.12920219797164087,800.8010518886119,4.002302885055542,0.06395485711519777
614,0.18950617283950616,187384,42.41345988128273,0.0005901103749878292,0.13022380016475313,790.441115731906,5.493879079818726,0.06957896374324864
615,0.18981481481481483,187347,35.644878890148846,0.0005953967231398217,0.13139037573184187,779.4045155188097,5.545851945877075,0.0836394730261673
616,0.19012345679012346,187299,38.57095101926489,0.0005987160342534215,0.13212287142326398,772.0870655608605,5.468299150466919,0.07893990882948708
617,0.1904320987654321,187250,32.94178348366595,0.0006022675970640887,0.13290661972753406,781.7628254815623,5.467578887939453,0.07430477064619934
618,0.19074074074074074,187252,30.200157773085046,0.0006059963695841048,0.13372947414272107,789.5363790904654,5.4163219928741455,0.06642621968823677
619,0.19104938271604938,187211,34.93804936403046,0.0006105218743449901,0.13472814905610203,795.4619674705485,5.396160125732422,0.06245486528292569
620,0.19135802469135801,187195,31.067366636500726,0.0006157845920705277,0.13588950993105367,799.4397893677775,5.357216835021973,0.06577554460435923
621,0.19166666666666668,187170,33.14533723918164,0.0006213120343168196,0.13710928942487832,801.5286968073128,8.316431045532227,0.07007796362849938
622,0.19197530864197532,187107,31.04326723695135,0.0006272053085801046,0.1384097996387412,801.7651081272764,3.8948628902435303,0.06558853446565906
623,0.19228395061728396,187059,43.19184859458114,0.0006342010901987527,0.13995360789244604,800.154990483407,5.460705041885376,0.06373193339993236
624,0.1925925925925926,187016,47.81069995882423,0.0006419051736827646,0.14165372209242977,796.9661505594408,5.426146030426025,0.06022611475444045
625,0.19290123456790123,187001,33.39483079666561,0.0006357991889353413,0.14030627156239311,792.3108476644337,5.476846933364868,0.05616045594276065
626,0.19320987654320987,186953,39.17989018640361,0.0006144168609304994,0.13558768309626565,809.8449402341569,5.49629020690918,0.06409918102753531
627,0.1935185185185185,186892,38.80475238638095,0.0005963599741633886,0.13160294309909765,837.5484767276768,5.578125953674316,0.06744451887508601
628,0.19382716049382717,186848,43.078482921614274,0.0005835434007053035,0.12877461983696728,863.3092606358731,5.540328025817871,0.06798673420420866
629,0.1941358024691358,186851,42.53574896921867,0.0005744616705756456,0.12677049067794482,886.5354387519254,5.576182842254639,0.059594663540198524
630,0.19444444444444445,186819,30.907629994637034,0.0005663871716975371,0.12498863431191325,905.7477603527419,8.91958498954773,0.05836253523090416
631,0.19475308641975309,186785,30.36979399901676,0.0005601115901390906,0.12360375766269047,920.6217540283645,3.923133134841919,0.113000316857144
632,0.19506172839506172,186713,33.213638512576075,0.0005565452391563235,0.12281674594864155,931.6468183109126,5.513030052185059,0.1982514342890255
633,0.19537037037037036,186640,39.12000190415498,0.0005555527990474167,0.12259773722096,939.2783054305773,5.392897844314575,0.05280409190285268
634,0.195679012345679,186571,36.15731309260682,0.0005567306381456594,0.12285765924547778,944.1060925935883,5.46050500869751,0.06106954239158402
635,0.19598765432098766,186546,35.188338732903524,0.0005595367262238398,0.12347689840585552,946.1296969851458,5.455568075180054,0.06848655638964551
636,0.1962962962962963,186513,41.668230330525894,0.000563398697853833,0.12432914680395657,945.2394155695242,6.3484718799591064,0.07727375756905505
637,0.19660493827160494,186485,37.474786889082836,0.0005677568430952195,0.12529088931698218,941.3042534101979,5.4686009883880615,0.08073253701623181
638,0.19691358024691358,186460,52.136285789862576,0.0005721181563022251,0.1262533309272262,934.2569197781058,5.491091012954712,0.06656056622565606
639,0.19722222222222222,186390,46.0456024763196,0.000576115273768289,0.12713540290595815,924.1550040061918,8.43134617805481,0.06354397961689709
640,0.19753086419753085,186369,44.87122276119475,0.0005795433951409295,0.12789191052130122,911.1760696989569,3.7756569385528564,0.0688787215145767
641,0.19783950617283952,186370,57.8163712038572,0.0005823144080275231,0.12850340939285582,904.7727722324773,6.981004953384399,0.06956627625421712
642,0.19814814814814816,186306,41.7603247502371,0.0005844355336601253,0.12897149308060665,952.9644768991692,6.341520071029663,0.06099896266076765
643,0.1984567901234568,186317,43.56654795016626,0.0005859500563406195,0.12930571343538982,1008.0238769687295,6.346330881118774,0.06110279589634679
644,0.19876543209876543,186230,52.91093536385458,0.0005869039178495261,0.12951620875251293,1066.9690023003418,6.227028131484985,0.06567503995815709
645,0.19907407407407407,186118,33.04505066688771,0.0005874001198451289,0.12962570913118035,1125.867110717699,6.244355916976929,0.06409737670620695
646,0.1993827160493827,186041,37.0613359787589,0.0005875631764763101,0.12966169198295602,1177.8059388743031,5.982757091522217,0.06240295125171992
647,0.19969135802469135,186047,32.529841800842064,0.0005753776453403935,0.1269726252611962,1218.5401411795588,6.042491912841797,0.07266835166305453
648,0.2,186038,25.42081367245531,0.00056304019176213,0.1242500327472943,1229.190985521233,8.983431100845337,0.06252379705834743
649,0.20030864197530865,186026,24.669688256969934,0.0005539311320034868,0.12223987256713681,1214.14365707672,4.501685857772827,0.23711445979014334
650,0.2006172839506173,185951,34.263541742532944,0.0005487403224399415,0.12109438017122637,1165.0631466992616,6.1806321144104,0.12786041640407533
651,0.20092592592592592,185884,28.746955194406222,0.0005472128464719801,0.12075730132354068,1091.647041872576,6.1048500537872314,0.12003244877294189
652,0.20123456790123456,185856,31.592928999545922,0.0005486557263201185,0.12107571175143665,1106.6480949462216,6.203121900558472,0.09505251414960288
653,0.2015432098765432,185816,22.776709913388864,0.0005523568991686341,0.12189247555331056,1162.1780625731578,6.112864017486572,0.08848387097709975
654,0.20185185185185187,185740,29.465287805556013,0.0005577465857729334,0.12308185554230568,1212.550925031182,6.160206079483032,0.07574633665514206
655,0.2021604938271605,185633,29.48592130768569,0.000564440706160246,0.12455909409384643,1256.4833518192597,6.205968856811523,0.08238518620573426
656,0.20246913580246914,185583,28.473919570859422,0.0005722352954830905,0.1262791808528114,1294.4778799437938,5.9454591274261475,0.07134717101750562
657,0.20277777777777778,185545,26.424145546282976,0.0005809740170394668,0.1282076159013842,1328.2331188266653,8.997010946273804,0.059135193829403195
658,0.20308641975308642,185486,25.090544990178127,0.0005825885446850179,0.12856390505403475,1360.4613762229599,4.673701047897339,0.05660362536997109
659,0.20339506172839505,185467,46.842768411381364,0.0005835639607157764,0.12877915695884937,1394.1288285312876,6.312175989151001,0.06575213563944214
660,0.2037037037037037,185446,33.04605049305695,0.0005847877984963835,0.1290492298356042,1431.8368464264058,6.308868885040283,0.071743215803572
661,0.20401234567901236,185451,39.022105432386276,0.0005862984958404581,0.12938260602653842,1474.5385555560756,6.229896068572998,0.07448124975264975
662,0.204320987654321,185404,30.509377372894118,0.0005881550506245845,0.12979230500735703,1520.6942443689657,6.353374004364014,0.07240294435085648
663,0.20462962962962963,185365,35.54118264440249,0.0005892785769399413,0.13004024144869458,1567.7979431085353,6.093989849090576,0.059975652478818
664,0.20493827160493827,185365,41.65387930005334,0.0005890612953391272,0.12999229239210586,1613.4799660276187,6.015502214431763,0.055727707155792235
665,0.2052469135802469,185358,42.66732058363152,0.0005888988664748465,0.12995644807406026,1656.4060597035636,6.0204877853393555,0.07540699213704333
666,0.20555555555555555,185326,26.29697325005608,0.0005888273033645788,0.12994065574000602,1694.6902905048526,9.159494161605835,0.0652557232415949
667,0.20586419753086418,185275,32.41912920761783,0.000588882053367963,0.12995273780770375,1726.3660651064329,4.497262954711914,0.07195676443014144
668,0.20617283950617285,185209,29.84858930602704,0.0005891052654477566,0.1300019955847323,1747.938986043793,6.018857002258301,0.07672165986077967
669,0.2064814814814815,185173,25.66892708164811,0.0005865916398808775,0.1294472961803759,1754.641209504044,6.0974791049957275,0.073921031343274
670,0.20679012345679013,185106,21.416737266019798,0.0005815102970566722,0.12832596057850387,1743.1358634211426,6.137551784515381,0.1354228477096137
671,0.20709876543209876,185090,16.77076321692467,0.0005771554502119092,0.1273649459458223,1715.4816025647804,6.076199054718018,0.13206358474780772
672,0.2074074074074074,185052,23.384392767305798,0.0005731447929154157,0.12647988603763366,1678.468905218924,6.003206968307495,0.09384712860725344
673,0.20771604938271604,185042,18.153454147199838,0.0005695011266581401,0.12567581261905617,1637.539205496383,5.947054147720337,0.06819734078295638
674,0.2080246913580247,185049,17.365313710491343,0.0005669206269746206,0.1251063556337951,1593.9402439537084,5.9091198444366455,0.05893765378081504
675,0.20833333333333334,185049,18.522576072585053,0.0005655886380915797,0.12481241629383624,1546.0215798505235,8.74305510520935,0.06443986967564681
676,0.20864197530864198,185063,20.267752117543242,0.0005651583127625977,0.12471745338177367,1492.221417969456,4.534353971481323,0.05768841553265293
677,0.20895061728395062,185052,16.95545884766121,0.000565291265214267,0.12474679293286689,1431.8822181206447,6.10619592666626,0.06612078050957634
678,0.20925925925925926,185038,15.36248421265851,0.0005659814511334674,0.12489910110609692,1366.6090314486742,6.055406093597412,0.06704538869722931
679,0.2095679012345679,185037,18.2007872558682,0.0005674573135984103,0.1252247900396449,1300.8449900067742,6.184110879898071,0.06782414224706783
680,0.20987654320987653,185008,22.79751148156186,0.0005700561139871674,0.12579828557003708,1240.7793808589824,6.118089199066162,0.06321766946589248
681,0.2101851851851852,185019,15.346916545040637,0.0005741041276161504,0.12669158916242987,1219.228574791699,6.201018810272217,0.06122659742984273
682,0.21049382716049383,185010,18.81648328992787,0.0005797527312562118,0.12793810619180498,1217.4048303620204,6.017709016799927,0.058777155577375485
683,0.21080246913580247,184974,15.709118651955338,0.0005867946348704086,0.1294920925101332,1211.9870970671263,6.002446174621582,0.056228224557872276
684,0.2111111111111111,184989,22.607441452348095,0.0005944092959984869,0.13117247325091516,1203.3902933157494,8.882344007492065,0.058854951296091966
685,0.21141975308641975,184997,19.181950737842556,0.0006008010601540515,0.13258298872967056,1192.080196353009,4.69397497177124,0.06370872821459833
686,0.21172839506172839,185039,23.806260648991888,0.0006038273974382575,0.1332508318289174,1178.8605895701119,6.267355918884277,0.06425623462327648
687,0.21203703703703702,185076,19.61191991177097,0.000602152314499989,0.1328811795146076,1164.132464775868,6.309761047363281,0.0614535423220697
688,0.2123456790123457,185110,17.41787762043633,0.0005959570610017498,0.13151402942248913,1148.0990557595294,6.196946859359741,0.05759889843996546
689,0.21265432098765433,185138,16.90894646241993,0.0005864888812775745,0.1294246197178209,1130.2310060631808,6.049543142318726,0.0575518131077529
690,0.21296296296296297,185168,17.05337652071968,0.0005751866281169785,0.12693047214919484,1110.0587743267895,5.879448890686035,0.06188620151010663
691,0.2132716049382716,185264,17.479551765170577,0.0005632179086622129,0.12428925078355196,1098.9557948550225,5.893984079360962,0.05858960456118957
692,0.21358024691358024,185341,18.896414992001073,0.00055131693934456,0.12166298031640273,1102.9340509657018,5.9580841064453125,0.05426441157346922
693,0.21388888888888888,185344,20.1947301032659,0.0005398491309709028,0.11913229851639266,1096.874555345249,9.098575830459595,0.04695448011820223
694,0.21419753086419754,185345,20.376024777123696,0.000528917061289433,0.1167198419355094,1078.493528529076,4.762778043746948,0.046924057596876415
695,0.21450617283950618,185407,16.09978331112142,0.0005184798077046722,0.11441657989725296,1048.3592261916651,6.28430700302124,0.09639147589855622
696,0.21481481481481482,185432,19.510158579715,0.0005084260445754508,0.11219794539066512,1042.5651710568086,6.3751139640808105,0.052035005832799464
697,0.21512345679012346,185504,16.717386735285665,0.0004986423858353893,0.11003891671628842,1097.2480127400227,6.43232798576355,0.058650330226691895
698,0.2154320987654321,185539,21.194670266765996,0.0004891624748881602,0.10794691820025303,1144.6405638465646,6.09948205947876,0.08648433341361336
699,0.21574074074074073,185525,18.592870612757917,0.00048047928496033334,0.10603073770609169,1184.1766933909269,6.2191760540008545,0.08365188535093172
700,0.21604938271604937,185527,17.878919148209796,0.0004734333410802827,0.10447585979392703,1216.186953571815,6.101808071136475,0.07560828474547814
701,0.21635802469135804,185561,18.320600146056833,0.0004681572834898087,0.1033115551173082,1241.2281827167094,6.167762994766235,0.06992824919733062
702,0.21666666666666667,185622,21.0299520528239,0.0004645287530501558,0.10251082182588822,1260.1569858433231,9.044487953186035,0.07438138632181969
703,0.2169753086419753,185733,21.519878705788834,0.00046270944959453473,0.10210934335730727,1273.823439643351,4.745530843734741,0.07689936768498108
704,0.21728395061728395,185823,18.848932424932332,0.00046277465595915076,0.10212373290366189,1282.9810225511917,6.274399042129517,0.09915640600576442
705,0.2175925925925926,185937,18.09874810033923,0.000464485445679542,0.10250126488431337,1288.3177159988545,6.272036075592041,0.10692300915093539
706,0.21790123456790123,186029,20.409749640851114,0.00046731515041352885,0.10312571569796253,1290.435219871554,6.189316034317017,0.1016586687097754
707,0.21820987654320986,186145,19.6105032341204,0.00047071013553413334,0.10387491090388824,1289.8335787921856,6.177858829498291,0.0849175480177753
708,0.21851851851851853,186267,22.80184687218139,0.0004743601791593344,0.10468039166102731,1286.9675302016624,6.082165002822876,0.06455495381732783
709,0.21882716049382717,186381,26.86596490435769,0.0004781890238039057,0.10552532969463979,1282.0491893328997,6.172979116439819,0.052296111519867156
710,0.2191358024691358,186542,22.223550768657322,0.0004822318356618179,0.10641748537568388,1275.3163511192274,6.113585948944092,0.0595773035341818
711,0.21944444444444444,186659,17.833023382491657,0.00048652256740680213,0.10736435127908528,1266.8776316409187,9.266355037689209,0.0584704739617006
712,0.21975308641975308,186770,17.565856717795096,0.0004910767820356152,0.10836936180062065,1256.834309270437,4.84245491027832,0.059361883437757924
713,0.22006172839506172,186837,17.631724689855936,0.0004958930708569867,0.1094322060744956,1333.4956950120916,6.538757085800171,0.06444344696421207
714,0.22037037037037038,186895,20.35039666235376,0.0005009507425887254,0.11054831801017619,1460.618519073031,6.455930948257446,0.06760689404946692
715,0.22067901234567902,186920,16.901343816745452,0.0005062153655584005,0.11171009932873015,1610.7237305904412,6.433499097824097,0.07512895056926566
716,0.22098765432098766,186943,17.22710750777707,0.0005116301500374381,0.11290501784197939,1787.0460274579264,6.470072984695435,0.057675492762272546
717,0.2212962962962963,186920,16.488640192773175,0.0005170981216497752,0.11411167353341035,1991.038317581385,6.326359033584595,0.06632761544577023
718,0.22160493827160493,186964,16.31396159478545,0.0005228427523269723,0.11537938152336573,2224.0611854332997,6.277796983718872,0.07570887565389256
719,0.22191358024691357,186970,16.145628088414874,0.000528532128549671,0.11663489612485377,2487.9082061846757,6.25034499168396,0.07059095562046917
720,0.2222222222222222,187001,26.45436127682376,0.0005338048110278803,0.11779845599174933,2785.257808013769,9.017788887023926,0.062378306185323765
721,0.22253086419753088,186992,18.662851913978784,0.0005386407598992695,0.11886563878691328,3116.3991086046503,4.602537155151367,0.0611688715736412
722,0.2228395061728395,187013,16.574338031124757,0.0005430399914925644,0.11983644811372017,3475.2337416212035,6.223721027374268,0.060253887421222334
723,0.22314814814814815,187022,27.861065379931723,0.0005470609214947224,0.12072377497200203,3842.215397734213,6.161428928375244,0.07167538897728497
724,0.2234567901234568,187091,19.61817593250742,0.0005508716691767946,0.12156471942182415,4162.356680249327,6.274075984954834,0.06668017067895803
725,0.22376543209876543,187095,18.37984660039268,0.0005547353420415305,0.12241734324334183,4319.216788386179,6.504499912261963,0.056695468611116726
726,0.22407407407407406,187172,16.814617601717064,0.0005590233161165665,0.12336360059235156,4172.401763358482,6.298797130584717,0.09587347782055171
727,0.2243827160493827,187230,17.511827610177136,0.0005640815657959155,0.12447984006778962,3668.304994167008,6.343322992324829,0.07679148920193415
728,0.22469135802469137,187297,18.265980875218887,0.0005701887569516791,0.12582755682442606,2972.2427730712757,6.3364338874816895,0.07271531488126202
729,0.225,187383,21.050948363768395,0.0005773666871291805,0.12741156107964827,2656.463605224664,9.209099054336548,0.06515147910008978
730,0.22530864197530864,187434,18.367246072585505,0.000585406588020358,0.12918578246495896,3002.562257599197,4.803877115249634,0.12176974303922075
731,0.22561728395061728,187495,15.45745452398451,0.0005938930642670624,0.13105855276979653,3541.6172890060684,7.193587779998779,0.0621102533086642
732,0.22592592592592592,187593,21.42062188276689,0.0006023726655552436,0.13292980592926124,3980.075180432388,6.62828803062439,0.05179850505743605
733,0.22623456790123456,187698,15.357687459052203,0.0006105460543831658,0.1347334850349169,4143.068981035714,6.609519004821777,0.053618402482934736
734,0.22654320987654322,187761,15.357970980660033,0.0006181764923665197,0.13641734736513658,4066.3968352778797,6.444056987762451,0.06289700445562006
735,0.22685185185185186,187792,17.096434914837918,0.0006258538715550203,0.13811156854071405,4069.3505735432873,6.333283185958862,0.06862047175329848
736,0.2271604938271605,187867,15.029254120756107,0.0006334560473082209,0.13978919404615028,4220.328263268343,6.344807863235474,0.07057132467361553
737,0.22746913580246914,187965,21.95971206307825,0.000640736287425737,0.1413957757542492,4375.13495706693,6.4880530834198,0.3647113983483566
738,0.22777777777777777,188060,15.155785139111853,0.0006476712786785713,0.14292616897106397,4413.067132621588,9.287714958190918,0.08627129287876775
739,0.2280864197530864,188066,18.73633344937239,0.0006545144978322761,0.14443631019434622,4317.785169546108,4.859050035476685,0.06571965191744955
740,0.22839506172839505,188116,21.582067196322267,0.0006614850349539424,0.14597454756763692,4144.747638319502,6.507390022277832,0.06899411480268015
741,0.22870370370370371,188165,26.410155505846287,0.0006685973770446174,0.1475440780391839,3975.794435350349,6.4742560386657715,0.07541111654823282
742,0.22901234567901235,188222,20.875760094956213,0.000669589840305974,0.1477630918760791,3873.1903441634954,6.377171993255615,0.0902725908768876
743,0.229320987654321,188323,26.668477516082792,0.0006482818167437793,0.1430609006930715,3807.054431112367,6.46775484085083,0.08438398001363216
744,0.22962962962962963,188363,19.189324450899623,0.0006903388926810112,0.15234193096215787,3672.5018700336104,6.564586162567139,0.10410150207775459
745,0.22993827160493827,188461,26.716563364564344,0.0006975852481716946,0.15394103511171797,3445.668812358666,6.396869897842407,0.09805885815721668
746,0.2302469135802469,188534,15.155669352682967,0.0007047741324739902,0.15552745669057766,3289.521289207243,6.4537670612335205,0.1840411557125512
747,0.23055555555555557,188594,21.896954256482402,0.0007118892723793364,0.1570976045755342,3421.4442648926965,9.529085874557495,0.10727788052229026
748,0.2308641975308642,188677,15.017534741775782,0.0007189131766686893,0.15864761885645906,3653.3355678671855,4.848189115524292,0.06698814781970544
749,0.23117283950617284,188747,17.03648586391644,0.0007258295721203896,0.16017390840725912,3378.200370343475,6.747174024581909,0.07085765952122706
750,0.23148148148148148,188813,20.89774991477745,0.0007326127114984926,0.16167079140458307,2777.8128054959398,6.569167852401733,0.06454702734976923
751,0.23179012345679012,188950,16.06829703201889,0.0007392346553914897,0.16313210226230465,2906.4004303664574,6.552983045578003,0.0688779469491867
752,0.23209876543209876,189026,15.762871899644065,0.0007456991446571288,0.1645586665017711,3208.4790319198355,6.5988099575042725,0.0706832360784629
753,0.2324074074074074,189118,17.78664293660939,0.0007520773608879343,0.16596619226483728,3412.560865629154,6.451707124710083,0.0688609270523406
754,0.23271604938271606,189183,14.386800328038856,0.0007489354782566352,0.16527285096249558,3496.890164097833,6.484205961227417,0.07215107250040283
755,0.2330246913580247,189338,16.711102305331824,0.000740495282045422,0.16341029359806525,3466.3220872576194,6.5615880489349365,0.07713409770392321
756,0.23333333333333334,189415,22.525116212260468,0.0007320951978546997,0.1615565880348606,3342.677623079757,9.379853010177612,0.05556278177233927
757,0.23364197530864197,189473,16.947889594365147,0.0007238106961075208,0.15972838886108495,3165.5144586639735,4.92606782913208,0.06545800180761813
758,0.2339506172839506,189493,16.7658557647676,0.0007157090586067309,0.1579405436246207,2992.022108724898,6.4209840297698975,0.05500092665679784
759,0.23425925925925925,189547,24.259428591866307,0.0007078333446141924,0.15620255451514226,2855.0457133573655,6.399998188018799,0.058243882275969154
760,0.2345679012345679,189559,16.487520043934865,0.0007001609160766646,0.1545094258344781,2709.8671057276665,6.4647369384765625,0.07089572353891374
761,0.23487654320987655,189585,15.708411312740672,0.0006926975917746968,0.15286244165379115,2509.89519675847,6.445015907287598,0.0649875993837156
762,0.2351851851851852,189687,14.642379406570742,0.0006854020939069782,0.15125249291081613,2254.9227136807453,6.433448076248169,0.05855929409570515
763,0.23549382716049383,189743,15.009178448359988,0.0006782635761910717,0.14967718608024577,2061.0741227394437,6.437301874160767,0.10068899130487508
764,0.23580246913580247,189800,15.440643160282013,0.0006712863276414734,0.14813746764902613,2030.7708924079548,6.36095404624939,0.11377158330471636
765,0.2361111111111111,189869,15.670703763287705,0.0006643878006955246,0.14661512126686174,1986.6903237037532,9.325392961502075,0.0907267999145633
766,0.23641975308641974,189949,15.616719372137883,0.0006575164567674855,0.14509877355213682,1933.8441432979303,4.939444065093994,0.07700698419158726
767,0.2367283950617284,190029,16.727362160317664,0.000650619735444715,0.14357682562951812,1879.913571774492,6.682056903839111,0.08327646712471452
768,0.23703703703703705,190110,14.647954849002678,0.0006436876191634281,0.14204706685286256,1827.09160911675,6.468699216842651,0.09864157596755044
769,0.23734567901234568,190125,14.57989089336837,0.0006366876623161746,0.14050233722214317,1776.1137229968883,6.356961011886597,0.058618338370167326
770,0.23765432098765432,190173,15.06126314443193,0.0006296594820747169,0.13895137933684193,1726.7756539885286,6.322988986968994,0.06319497682125884
771,0.23796296296296296,190214,14.253220954504066,0.0006226075384009827,0.13739517740807497,1678.6388232811933,6.271320819854736,0.06656097210473097
772,0.2382716049382716,190271,17.292155993521938,0.000615560686523448,0.1358400991217296,1631.0360340761492,6.2209250926971436,0.06379664511502203
773,0.23858024691358024,190365,16.239288478178214,0.0006085218611100316,0.1342867920915825,1582.9213133082494,6.262347936630249,0.06443349166427356
774,0.2388888888888889,190449,14.723536810205204,0.0006014977544762385,0.13273673315788923,1533.4847333952757,9.247007131576538,0.06158314725441057
775,0.23919753086419754,190515,18.841904964192313,0.000594412260108428,0.13117312736186965,1573.999462639479,4.708093881607056,0.062433808904578725
776,0.23950617283950618,190630,17.02709253641408,0.0005872005916984392,0.1295816778539768,1694.1180281538898,6.233829021453857,0.0650041334644344
777,0.23981481481481481,190661,18.496268970162866,0.0005798316822070291,0.12795552885251021,1814.9798652763507,6.249366044998169,0.07922440632652566
778,0.24012345679012345,190754,14.975459032375669,0.0005722780525608029,0.12628861635738758,1933.692125987187,6.164033889770508,0.0789560007301998
779,0.2404320987654321,190790,15.032900052998231,0.0005645530598146407,0.12458388796370168,2048.220101425496,6.1656739711761475,0.07820508685226102
780,0.24074074074074073,190862,15.208459343343284,0.0005567728916012465,0.12286698361222316,2156.3117922119955,6.150438070297241,0.07347042449767145
781,0.2410493827160494,190923,15.041579696934688,0.000549187082722485,0.12119296989989653,2255.2394901056955,6.2531960010528564,0.07506996915691534
782,0.24135802469135803,191009,14.654352357912758,0.0005425735642164225,0.11973351833147232,2341.7531058479667,6.292056083679199,0.06416386777113146
783,0.24166666666666667,191091,16.78007164865839,0.0005382999621693982,0.11879043255880335,2413.15612565076,9.12748384475708,0.1067529132895924
784,0.2419753086419753,191136,14.400943250602273,0.0005376663881951498,0.11865061734099122,2467.673801827482,4.762381076812744,0.1424966693299008
785,0.24228395061728394,191218,15.55274452593506,0.0005320926297434432,0.11742061692488838,2504.724728484745,6.374014139175415,0.07447897162015753
786,0.24259259259259258,191256,14.621809109337004,0.0005230152194618774,0.11541744105707809,2526.421618586381,6.266864776611328,0.09128792283281907
787,0.24290123456790125,191301,15.723710402400478,0.0005152998072386947,0.11371482686467187,2534.382753891998,6.229138135910034,0.08556629522468383
788,0.24320987654320989,191349,15.698821351716216,0.0005089042182182636,0.11230346732612843,2530.5826529879932,6.196973085403442,0.07359619287453578
789,0.24351851851851852,191414,15.175612106305401,0.0005038196598530885,0.11118142212825127,2517.5033721638524,6.251704931259155,0.06292434010634064
790,0.24382716049382716,191481,15.552615201138732,0.0005000345785787392,0.11034614166484918,2497.764044341572,6.429305076599121,0.0954359800285783
791,0.2441358024691358,191553,15.041816444402913,0.0004975206116021884,0.10979136691922317,2475.4787338426704,6.217225790023804,0.09278820994760063
792,0.24444444444444444,191581,17.13299040516095,0.000496226537190775,0.10950579443195131,2451.7583408786586,9.297672033309937,0.09944819408345772
793,0.24475308641975307,191623,16.99470010323081,0.0004960599919317411,0.10946904172017045,2427.051448208506,4.889378070831299,0.09374984172324557
794,0.24506172839506174,191748,24.692803011679892,0.000496913114303257,0.10965730622446197,2400.6235655573228,6.2994420528411865,0.07182958915819197
795,0.24537037037037038,191859,18.92515535784812,0.0004986140468093608,0.11003266294441993,2371.1943503469315,6.383224964141846,0.1408968487854612
796,0.24567901234567902,191959,16.925041239596368,0.0005009596385738255,0.11055028114967524,2338.603395875291,6.283567905426025,0.06721548175952055
797,0.24598765432098765,192023,22.988197832718157,0.0005037274937338492,0.11116108318353432,2398.0739573039,6.212613105773926,0.08564108158690718
798,0.2462962962962963,192097,32.107387990434475,0.0005067132133883683,0.11181996290522382,2444.0414819626076,6.381340980529785,0.09453027262240571
799,0.24660493827160493,192185,28.47965726366957,0.0005097636473081705,0.11249312357825265,2465.1087227861003,6.245430946350098,0.06419429303976147
800,0.24691358024691357,192317,21.85431714600826,0.000512774316446549,0.11315750907773905,2474.8605990826736,6.231086015701294,0.07107346466253733
801,0.24722222222222223,192425,24.289398328794842,0.0005049906955857533,0.1114398428063142,2477.776530643539,8.988400936126709,0.09135140829846011
802,0.24753086419753087,192523,17.01010437316079,0.0004931914231651781,0.10883601450755202,2476.638758315128,4.541185140609741,0.08379871219244271
803,0.2478395061728395,192661,23.41155784124725,0.00048094786485545116,0.1061341425218845,2474.3378680028854,6.296149015426636,0.06819807478978061
804,0.24814814814814815,192761,23.081025499967218,0.00047404950179693315,0.10461183230591024,2471.4378057157437,6.270053863525391,0.08821046156790747
805,0.24845679012345678,192898,17.263628655230285,0.00047011447856772163,0.10374346309844619,2467.8479898743244,6.200314044952393,0.09402316680036736
806,0.24876543209876542,193003,17.84980740989965,0.00046394919977628163,0.10238292773535748,2463.1564926529672,6.091219902038574,0.06379861845558904
807,0.2490740740740741,193097,17.837122639211543,0.00045376104590061367,0.10013463627906831,2457.976640880905,6.169124126434326,0.07783937513027081
808,0.24938271604938272,193197,14.913480283661828,0.0004423835410771128,0.09762388239757683,2452.282662164658,6.3867270946502686,0.080909511923564
809,0.24969135802469136,193312,14.530307529585837,0.0004326802381204575,0.09548258639817739,2445.60939282031,6.319044828414917,0.09886893731449833
810,0.25,193452,15.9031651312148,0.000425811069965486,0.09396671882657344,2436.7442482319034,9.194681167602539,0.06729617723210027
811,0.25030864197530867,193609,20.07593821603982,0.00042218726067719833,0.09316702738477683,2425.2778158509927,4.748169898986816,0.06839347423480355
812,0.2506172839506173,193744,20.734155963628243,0.00042179761737519796,0.09308104206127481,2410.420363843363,6.423264026641846,0.06637894657565757
813,0.25092592592592594,193885,17.504606247634875,0.00042451851702868997,0.09368148209378906,2390.4080758229334,6.332112073898315,0.07184703398287941
814,0.25123456790123455,194007,21.48374056108966,0.0004299853686135327,0.0948878906208881,2362.939544133031,6.454288005828857,0.07776234156914966
815,0.2515432098765432,194106,22.043009553061683,0.0004376694823562518,0.09658359795783454,2326.1201859100534,6.509540796279907,0.07414152433317225
816,0.2518518518518518,194192,23.949407678114092,0.00044701904287916663,0.0986468311304244,2321.666767825857,6.417271137237549,0.05982940612302752
817,0.2521604938271605,194272,28.607381459282283,0.0004574547661598243,0.10094975546572872,2437.594112043314,6.391947031021118,0.07601367741511124
818,0.25246913580246916,194366,17.89454251581402,0.00046846659475199143,0.10337981300549738,2553.6717500502314,6.249145984649658,0.07549224028123307
