step,time,alpha_deg,panel_CL,panel_cl_eta0.15,panel_cl_eta0.3,panel_cl_eta0.45,panel_cl_eta0.6,panel_cl_eta0.75,panel_cl_eta0.9,particle_CL,particle_cl_eta0.15,particle_cl_eta0.3,particle_cl_eta0.45,particle_cl_eta0.6,particle_cl_eta0.75,particle_cl_eta0.9
0,0.0,3.94,0.07299375795555772,0.07943195233057351,0.07899991034254046,0.07722149595835177,0.07400451541024805,0.0671929490282344,0.05218468717309732,0.07299375795555772,0.07943195233057351,0.07899991034254046,0.07722149595835177,0.07400451541024805,0.0671929490282344,0.05218468717309732
1,0.0015142337976983646,4.015904039621255,0.1685975185639903,0.1905409887261732,0.18872040339222926,0.18202810070664255,0.17089120935238078,0.15013437306609637,0.11050748538513652,0.1685975185639903,0.1905409887261732,0.18872040339222926,0.18202810070664255,0.17089120935238078,0.15013437306609637,0.11050748538513652
2,0.0030284675953967293,4.091697608680651,0.1862374511046469,0.21305089862368898,0.21085732925761586,0.20150747174926514,0.1873391627869756,0.1623816936574332,0.11775142394866514,0.1862374511046469,0.21305089862368898,0.21085732925761586,0.20150747174926514,0.1873391627869756,0.1623816936574332,0.11775142394866514
3,0.0045427013930950935,4.167270397394925,0.2037000710181399,0.23429855329451726,0.23189934718962577,0.22050962214727854,0.20411584010998096,0.17590226191697375,0.12662112669608333,0.2037000710181399,0.23429855329451726,0.23189934718962577,0.22050962214727854,0.20411584010998096,0.17590226191697375,0.12662112669608333
4,0.0060569351907934586,4.242512417304017,0.2176588756097926,0.25144369993330096,0.24888505536213248,0.2356968195098869,0.2174234365357827,0.18652867672335033,0.13354354780219094,0.2176588756097926,0.25144369993330096,0.24888505536213248,0.2356968195098869,0.2174234365357827,0.18652867672335033,0.13354354780219094
5,0.007571168988491823,4.317314161348006,0.22900904283674545,0.26542541167980754,0.262743991090459,0.24801586548664842,0.22818946231697884,0.19512053834480195,0.139168964687565,0.22900904283674545,0.26542541167980754,0.262743991090459,0.24801586548664842,0.22818946231697884,0.19512053834480195,0.139168964687565
6,0.009085402786190187,4.391566763243442,0.2385098301338347,0.2771102258684506,0.27433247923498244,0.25830293318354736,0.23719216882442243,0.20233639384469332,0.14393585905772827,0.2385098301338347,0.2771102258684506,0.27433247923498244,0.25830293318354736,0.23719216882442243,0.20233639384469332,0.14393585905772827
7,0.010599636583888553,4.465162155927071,0.24667373962918737,0.287110023654211,0.28425411944435397,0.2671278562155248,0.2449433096610655,0.2085882411783962,0.14810486916566074,0.24667373962918737,0.287110023654211,0.28425411944435397,0.2671278562155248,0.2449433096610655,0.2085882411783962,0.14810486916566074
8,0.012113870381586917,4.537993228836392,0.25384983706115566,0.2958551392154168,0.29293304525321096,0.274878347523947,0.25178155926055923,0.2141402375417905,0.15183905031837955,0.25384983706115566,0.2958551392154168,0.29293304525321096,0.274878347523947,0.25178155926055923,0.2141402375417905,0.15183905031837955
9,0.013628104179285281,4.609953983798115,0.26028086735605205,0.303651478554431,0.30067085455134185,0.2818224866194596,0.2579364907278702,0.21916803718827443,0.15524559996779946,0.26028086735605205,0.303651478554431,0.30067085455134185,0.2818224866194596,0.2579364907278702,0.21916803718827443,0.15524559996779946
10,0.015142337976983646,4.680939689297659,0.2661384914893877,0.3107184928384305,0.30768419433764654,0.28814849800493486,0.2635671500185313,0.22379197622437183,0.15839759418187288,0.2661384914893877,0.3107184928384305,0.30768419433764654,0.28814849800493486,0.2635671500185313,0.22379197622437183,0.15839759418187288
11,0.01665657177468201,4.75084703290515,0.2715455699328523,0.3172146650468354,0.3141298230239365,0.2939901619290382,0.2687855992080484,0.2280963016272634,0.1613460928271383,0.2715455699328523,0.3172146650468354,0.3141298230239365,0.2939901619290382,0.2687855992080484,0.2280963016272634,0.1613460928271383
12,0.018170805572380374,4.819574271636091,0.2765907509561289,0.32325497368904244,0.32012171423551306,0.2994434232371793,0.27367175392791276,0.23214086833344263,0.1641273385542045,0.2765907509561289,0.32325497368904244,0.32012171423551306,0.2994434232371793,0.27367175392791276,0.23214086833344263,0.1641273385542045
13,0.01968503937007874,4.887021380027866,0.28133830522156855,0.3289230599417036,0.3257429581374649,0.30457749089620867,0.27828304311822244,0.23596858166221335,0.16676728594471404,0.28133830522156855,0.3289230599417036,0.3257429581374649,0.30457749089620867,0.27828304311822244,0.23596858166221335,0.16676728594471404
14,0.021199273167777106,4.95309019571656,0.2858349128215521,0.33427981310485055,0.3310541661590983,0.30944242507843855,0.2826608856140099,0.2396103160515424,0.16928458014225886,0.2858349128215521,0.33427981310485055,0.3310541661590983,0.30944242507843855,0.2826608856140099,0.2396103160515424,0.16928458014225886
15,0.02271350696547547,5.017684562302239,0.2901144338542935,0.33936949145847034,0.33609947660746287,0.314074414790186,0.2868351407092133,0.24308826768690536,0.17169258162851703,0.2901144338542935,0.33936949145847034,0.33609947660746287,0.314074414790186,0.2868351407092133,0.24308826768690536,0.17169258162851703
16,0.024227740763173834,5.080710469294746,0.29420131125080373,0.34422412438352756,0.34091088668567066,0.31849950836184643,0.2908272296282912,0.2464182959718523,0.1740007845205933,0.29420131125080373,0.34422412438352756,0.34091088668567066,0.31849950836184643,0.2908272296282912,0.2464182959718523,0.1740007845205933
17,0.0257419745608722,5.14207618893635,0.2981130274845791,0.3488667039242407,0.3455114022967721,0.322736286224662,0.294652362489325,0.24961159170301128,0.17621582803014674,0.2981130274845791,0.3488667039242407,0.3455114022967721,0.322736286224662,0.294652362489325,0.24961159170301128,0.17621582803014674
18,0.027256208358570563,5.2016924097021136,0.30186189538503394,0.35331351564209296,0.34991734673719127,0.3267977977528198,0.29832114843795515,0.2526758838976224,0.1783422289426798,0.30186189538503394,0.35331351564209296,0.34991734673719127,0.3267977977528198,0.29832114843795515,0.2526758838976224,0.1783422289426798
19,0.02877044215626893,5.259472366283668,0.30545637608965415,0.35757585260793834,0.35414006024287864,0.33069297940487197,0.30184077401783144,0.2556163237600263,0.18038292297515873,0.30545637608965415,0.35757585260793834,0.35414006024287864,0.33069297940487197,0.30184077401783144,0.2556163237600263,0.18038292297515873
20,0.03028467595396729,5.315331965867251,0.3089020556059948,0.36166128425011296,0.35818716305464854,0.3344277020194701,0.30521587483253493,0.2584361401454469,0.18233966463284096,0.3089020556059948,0.36166128425011296,0.35818716305464854,0.3344277020194701,0.30521587483253493,0.2584361401454469,0.18233966463284096
21,0.03179890975166566,5.369189910522186,0.31220237353633123,0.3655746014449068,0.36206349689952544,0.3380055506901791,0.3084491832311481,0.26113712730847627,0.18421332878130298,0.31220237353633123,0.3655746014449068,0.36206349689952544,0.3380055506901791,0.3084491832311481,0.26113712730847627,0.18421332878130298
22,0.03331314354936402,5.4209678155217,0.3153591710074602,0.3693185248638393,0.3657718321336213,0.34142840914075845,0.3115420168114574,0.2637200156037014,0.1860041372888994,0.3153591710074602,0.3693185248638393,0.3657718321336213,0.34142840914075845,0.3115420168114574,0.2637200156037014,0.1860041372888994
23,0.034827377347062385,5.470590323423876,0.31837310363727045,0.37289423880845984,0.3693134004180706,0.3446969006452611,0.3144946463310889,0.2661847481246846,0.18771183181428125,0.31837310363727045,0.37289423880845984,0.3693134004180706,0.3446969006452611,0.3144946463310889,0.2661847481246846,0.18771183181428125
24,0.03634161114476075,5.51798521374669,0.32124395635648284,0.37630179504506456,0.3726883000616347,0.34781072159107446,0.31730657452985583,0.26853069383296935,0.189335805447937,0.32124395635648284,0.37630179504506456,0.3726883000616347,0.34781072159107446,0.31730657452985583,0.26853069383296935,0.189335805447937
25,0.03785584494245912,5.563083508077542,0.3239708845576184,0.3795404260938563,0.3758958022049455,0.35076890794006704,0.31997676204000236,0.2707568217647479,0.1908752136069393,0.3239708845576184,0.3795404260938563,0.3758958022049455,0.35076890794006704,0.31997676204000236,0.2707568217647479,0.1908752136069393
26,0.03937007874015748,5.605819570464265,0.3265525957120167,0.38260876933548016,0.3789345935584533,0.3535700039678054,0.32250376318888085,0.27286179879993405,0.19232902811155633,0.3265525957120167,0.38260876933548016,0.3789345935584533,0.3535700039678054,0.32250376318888085,0.27286179879993405,0.19232902811155633
27,0.04088431253785584,5.646131202941548,0.32898750150895884,0.3855050746791585,0.3818029497839126,0.3562122656548966,0.3248859096034449,0.2748441416183772,0.19369615148959318,0.32898750150895884,0.3855050746791585,0.3818029497839126,0.3562122656548966,0.3248859096034449,0.2748441416183772,0.19369615148959318
28,0.04239854633555421,5.6839597360537,0.33127381760821756,0.3882273157040179,0.38449890356985933,0.358693715210268,0.32712133385207465,0.2767022129205533,0.1949753750038662,0.33127381760821756,0.3882273157040179,0.38449890356985933,0.358693715210268,0.32712133385207465,0.2767022129205533,0.1949753750038662
29,0.043912780133252574,5.719250114242046,0.3334096307989363,0.3907732952940859,0.38702026020208136,0.36101226525958013,0.32920811200011246,0.2784343742343156,0.196165538267896,0.3334096307989363,0.3907732952940859,0.38702026020208136,0.36101226525958013,0.32920811200011246,0.2784343742343156,0.196165538267896
30,0.04542701393095094,5.751950975972649,0.3353930456170627,0.3931408018835279,0.3893648764634891,0.36316582563605737,0.3311443042054832,0.28003895076684954,0.19726543364443422,0.3353930456170627,0.3931408018835279,0.3893648764634891,0.36316582563605737,0.3311443042054832,0.28003895076684954,0.19726543364443422
31,0.046941247728649306,5.7820147284877805,0.3372221290769995,0.3953275766879255,0.39153049327954415,0.3651523042094852,0.3329280085255919,0.2815143504080722,0.19827394832903172,0.3372221290769995,0.3953275766879255,0.39153049327954415,0.3651523042094852,0.3329280085255919,0.2815143504080722,0.19827394832903172
32,0.04845548152634767,5.809397617072292,0.3388950508196127,0.3973314620597578,0.39351500394883715,0.36696967608174397,0.3345573703452062,0.2828590013715218,0.1991899720437504,0.3388950508196127,0.3973314620597578,0.39351500394883715,0.36696967608174397,0.3345573703452062,0.2828590013715218,0.1991899720437504
33,0.04996971532404603,5.834059788734139,0.340410006268252,0.3991503100227206,0.3953162713286644,0.36861598885746283,0.33603063244001447,0.28407144583138866,0.20001249980144253,0.340410006268252,0.3991503100227206,0.3953162713286644,0.36861598885746283,0.33603063244001447,0.28407144583138866,0.20001249980144253
34,0.0514839491217444,5.855965350206327,0.341765398961019,0.4007822243524496,0.39693243972784925,0.3700894776997019,0.3373461902565801,0.285150338826132,0.2007405925101819,0.341765398961019,0.4007822243524496,0.39693243972784925,0.3700894776997019,0.3373461902565801,0.285150338826132,0.2007405925101819
35,0.05299818291944276,5.875082420185888,0.342959717409385,0.4022253956145909,0.39836169370366736,0.3713885244688357,0.3385026030555235,0.2860945021232012,0.2013734548043996,0.342959717409385,0.4022253956145909,0.39836169370366736,0.3713885244688357,0.3385026030555235,0.2860945021232012,0.2013734548043996
36,0.054512416717141125,5.8913831757338535,0.34399162927198756,0.40347821590349164,0.39960247469385113,0.3725116362113826,0.33949852093218963,0.2869028129621426,0.2019103098520051,0.34399162927198756,0.40347821590349164,0.39960247469385113,0.3725116362113826,0.33949852093218963,0.2869028129621426,0.2019103098520051
37,0.05602665051483949,5.904843892768699,0.3448599413080676,0.40453923802869934,0.40065333202273606,0.3734575332358201,0.3403328167787445,0.28757436397547376,0.20235055844757593,0.3448599413080676,0.40453923802869934,0.40065333202273606,0.3734575332358201,0.3403328167787445,0.28757436397547376,0.20235055844757593
38,0.05754088431253786,5.9154449805943115,0.345563709562977,0.4054073090650585,0.40151313705314184,0.37422516809595263,0.3410045581437427,0.28810839699380936,0.20269369340715587,0.345563709562977,0.4054073090650585,0.40151313705314184,0.37422516809595263,0.3410045581437427,0.28810839699380936,0.20269369340715587
39,0.05905511811023622,5.923171010412248,0.3461021356892563,0.4060814389946109,0.40218090165139125,0.3748136769401025,0.3415129959021085,0.28850432401023374,0.20293934157353283,0.3461021356892563,0.4060814389946109,0.40218090165139125,0.3748136769401025,0.3415129959021085,0.28850432401023374,0.20293934157353283
40,0.06056935190793458,5.928010737776768,0.34647465395011845,0.40656091340127176,0.4026559287985427,0.3752224260492433,0.34185757992929006,0.28876171530075645,0.20308723313300275,0.34647465395011845,0.40656091340127176,0.4026559287985427,0.3752224260492433,0.34185757992929006,0.28876171530075645,0.20308723313300275
41,0.06208358570563295,5.929957118959979,0.3466808523321485,0.40684519189291235,0.4029376769873733,0.37545096927202226,0.34203794391329884,0.28888030862731295,0.20313722743744506,0.3466808523321485,0.40684519189291235,0.4029376769873733,0.37545096927202226,0.34203794391329884,0.28888030862731295,0.20313722743744506
42,0.06359781950333132,5.929007321203253,0.34672061189834347,0.4069340817019975,0.40302596246616984,0.3754991597359665,0.34205398496910394,0.28886005712634916,0.20308933202384072,0.34672061189834347,0.4069340817019975,0.40302596246616984,0.3754991597359665,0.34205398496910394,0.28886005712634916,0.20308933202384072
43,0.06511205330102968,5.9251627268400275,0.3465939728257575,0.4068275755530192,0.4029207714555684,0.37536704428613843,0.34190578474247074,0.2887010753743501,0.20294367029615074,0.3465939728257575,0.4068275755530192,0.4029207714555684,0.37536704428613843,0.34190578474247074,0.2887010753743501,0.20294367029615074
44,0.06662628709872805,5.918428931283952,0.34630122709958444,0.40652596189658996,0.40262239537847,0.37505492015075237,0.3415936477228798,0.28840366467710976,0.20270050224767638,0.34630122709958444,0.40652596189658996,0.40262239537847,0.37505492015075237,0.3415936477228798,0.28840366467710976,0.20270050224767638
45,0.0681405208964264,5.908815734885341,0.3458428444257922,0.40602973051895114,0.4021313148015606,0.37456330197317816,0.34111808509532393,0.2879683037239483,0.20236020720506748,0.3458428444257922,0.40602973051895114,0.4021313148015606,0.37456330197317816,0.34111808509532393,0.2879683037239483,0.20236020720506748
46,0.06965475469412477,5.896337128667764,0.34521957704837336,0.40533971590554096,0.4014483600364609,0.37389298426118556,0.340479850703037,0.2873956747553858,0.20192331923519663,0.34521957704837336,0.40533971590554096,0.4014483600364609,0.37389298426118556,0.340479850703037,0.2873956747553858,0.20192331923519663
47,0.07116898849182314,5.8810112739655445,0.3444323618687581,0.40445696064172243,0.40057455683901105,0.37304498755900983,0.33967991881114906,0.28668664666381144,0.20139049637341877,0.3444323618687581,0.40445696064172243,0.40057455683901105,0.37304498755900983,0.33967991881114906,0.28668664666381144,0.20139049637341877
48,0.0726832222895215,5.8628604759917975,0.343482382852811,0.40338279736355437,0.39951123041523207,0.3720205820226396,0.33871947794745255,0.2858422682683101,0.20076252817124063,0.343482382852811,0.40338279736355437,0.39951123041523207,0.3720205820226396,0.33871947794745255,0.2858422682683101,0.20076252817124063
49,0.07419745608721987,5.84191115137547,0.34237100759604494,0.40211878182646615,0.398259913616076,0.3708212496761032,0.33759991809329126,0.28486376348542897,0.2000403278144815,0.34237100759604494,0.40211878182646615,0.398259913616076,0.3708212496761032,0.33759991809329126,0.28486376348542897,0.2000403278144815
50,0.07571168988491823,5.818193789714645,0.3410998853970119,0.40066679123823895,0.3968224713312925,0.3694487671305592,0.33632289541372384,0.2837525753940481,0.19922496308407317,0.3410998853970119,0.40066679123823895,0.3968224713312925,0.3694487671305592,0.33632289541372384,0.2837525753940481,0.19922496308407317
51,0.07722592368261659,5.791742909202051,0.3396708476323349,0.3990289272221397,0.3952009746652196,0.36790512210211074,0.3348902572579372,0.2825103118690458,0.1983176191260773,0.3396708476323349,0.3990289272221397,0.3952009746652196,0.36790512210211074,0.3348902572579372,0.2825103118690458,0.1983176191260773
52,0.07874015748031496,5.762597006387364,0.3380859688955388,0.3972075694102857,0.3933977904536444,0.36619254367202486,0.33330406774466054,0.28113876015553213,0.19731960465098045,0.3380859688955388,0.3972075694102857,0.3933977904536444,0.36619254367202486,0.33330406774466054,0.28113876015553213,0.19731960465098045
53,0.08025439127801333,5.73079850014942,0.3363474972836307,0.3952053130531133,0.39141546411136446,0.36431349523417356,0.33156661409886207,0.2796399040365601,0.19623238287709904,0.3363474972836307,0.3952053130531133,0.39141546411136446,0.36431349523417356,0.33156661409886207,0.2796399040365601,0.19623238287709904
54,0.08176862507571168,5.696393669959876,0.3344579716888246,0.39302508065838637,0.38925691827784636,0.3622706835951663,0.3296803880833715,0.27801588261096094,0.19505749059475336,0.3344579716888246,0.39302508065838637,0.38925691827784636,0.3622706835951663,0.3296803880833715,0.27801588261096094,0.19505749059475336
55,0.08328285887341005,5.659432588528179,0.33242008145069585,0.39066998395482266,0.3869252124527239,0.3600670459633685,0.3276481093755068,0.2762690474893113,0.1937966549320627,0.33242008145069585,0.39066998395482266,0.3869252124527239,0.3600670459633685,0.3276481093755068,0.2762690474893113,0.1937966549320627
56,0.08479709267110842,5.6199690489258565,0.3302367691498313,0.3881434314618635,0.38442371292575905,0.357705772510374,0.3254727121965845,0.274401918275361,0.1924517045439516,0.3302367691498313,0.3881434314618635,0.38442371292575905,0.357705772510374,0.3254727121965845,0.274401918275361,0.1924517045439516
57,0.08631132646880678,5.578060486296213,0.32791113125462173,0.3854490072735637,0.38175599003947464,0.355190194357456,0.3231572692377626,0.2724171308996376,0.1910245361233815,0.32791113125462173,0.3854490072735637,0.38175599003947464,0.355190194357456,0.3231572692377626,0.2724171308996376,0.1910245361233815
58,0.08782556026650515,5.533767894263345,0.325446522300965,0.3825906072030776,0.3789258841279726,0.35252395578267903,0.3207051324894251,0.2703175596536268,0.18951723176579238,0.325446522300965,0.3825906072030776,0.3789258841279726,0.35252395578267903,0.3207051324894251,0.2703175596536268,0.18951723176579238
59,0.08933979406420352,5.487155736162178,0.3228464923623079,0.3795723535302032,0.3759374711420843,0.3497109106682241,0.3181198416566182,0.26810624306032727,0.18793199093546425,0.3228464923623079,0.3795723535302032,0.3759374711420843,0.3497109106682241,0.3181198416566182,0.26810624306032727,0.18793199093546425
60,0.09085402786190187,5.43829185121867,0.32011474832975073,0.37639855291790325,0.37279502264923053,0.34675506040614795,0.3154050811880473,0.2657863237898557,0.18627106841522334,0.32011474832975073,0.37639855291790325,0.37279502264923053,0.34675506040614795,0.3154050811880473,0.2657863237898557,0.18627106841522334
61,0.09236826165960024,5.387247355816758,0.31725518353933857,0.3730737392082768,0.3695030256874356,0.3436606183035185,0.31256471008858344,0.2633611084655665,0.18453684312683305,0.31725518353933857,0.3730737392082768,0.3695030256874356,0.3436606183035185,0.31256471008858344,0.2633611084655665,0.18453684312683305
62,0.09388249545729861,5.334096539995748,0.31427195593428714,0.3696027467281525,0.3660662568291659,0.34043210636112314,0.3096028869279733,0.2608341442779921,0.18273186796717555,0.31427195593428714,0.3696027467281525,0.3660662568291659,0.34043210636112314,0.3096028869279733,0.2608341442779921,0.18273186796717555
63,0.09539672925499697,5.278916759328762,0.3111693115962196,0.3659905247283187,0.3624896201515019,0.33707411043805535,0.30652381378181975,0.25820902129777373,0.18085871556229685,0.3111693115962196,0.3659905247283187,0.3624896201515019,0.33707411043805535,0.30652381378181975,0.25820902129777373,0.18085871556229685
64,0.09691096305269534,5.221788322339613,0.30795172803379633,0.36224229043336953,0.35877827969810727,0.3335914829554391,0.3033319394071675,0.25548953114912726,0.17892010206279166,0.30795172803379633,0.36224229043336953,0.35877827969810727,0.3335914829554391,0.3033319394071675,0.25548953114912726,0.17892010206279166
65,0.0984251968503937,5.162794373621971,0.3046238206266547,0.3583634264997586,0.35493755624219425,0.3299892317127556,0.30003185581605296,0.25267959064907725,0.17691883334758185,0.3046238206266547,0.3583634264997586,0.35493755624219425,0.3299892317127556,0.30003185581605296,0.25267959064907725,0.17691883334758185
66,0.09993943064809206,5.102020772830919,0.3011903498434636,0.35435948513509163,0.35097296539601947,0.32627249026001776,0.29662825621511424,0.24978318812640316,0.17485775092835582,0.3011903498434636,0.35435948513509163,0.35097296539601947,0.32627249026001776,0.29662825621511424,0.24978318812640316,0.17485775092835582
67,0.10145366444579043,5.039555969723006,0.2976563268795375,0.3502363153171262,0.3468902690869126,0.32244671912312173,0.29312615427256167,0.24680460593970266,0.17273992846879915,0.2976563268795375,0.3502363153171262,0.3468902690869126,0.32244671912312173,0.29312615427256167,0.24680460593970266,0.17273992846879915
68,0.1029678982434888,4.9754908754266784,0.2940267966668075,0.3459998073934734,0.3426953187176417,0.3185173592047164,0.28953051942929614,0.2437480606634588,0.17056836131818526,0.2940267966668075,0.3459998073934734,0.3426953187176417,0.3185173592047164,0.28953051942929614,0.2437480606634588,0.17056836131818526
69,0.10448213204118716,4.9099187301304426,0.2903070005044674,0.3416560841408003,0.33839416645467985,0.31449009895206875,0.28584656069934655,0.240617985623275,0.16834621330030425,0.2903070005044674,0.3416560841408003,0.33839416645467985,0.31449009895206875,0.28584656069934655,0.240617985623275,0.16834621330030425
70,0.10599636583888553,4.842934967381301,0.2865023220790156,0.3372114350911892,0.3339930414580199,0.3103707664798434,0.28207960808057303,0.2374189101585794,0.16607670840536043,0.2865023220790156,0.3372114350911892,0.3339930414580199,0.3103707664798434,0.28207960808057303,0.2374189101585794,0.16607670840536043
71,0.1075105996365839,4.7746370751910066,0.28261825849622196,0.33267228544290023,0.32949830318607803,0.30616531804772346,0.27823510869918494,0.2341554620782077,0.16376313891766264,0.28261825849622196,0.33267228544290023,0.32949830318607803,0.30616531804772346,0.27823510869918494,0.2341554620782077,0.16376313891766264
72,0.10902483343428225,4.705124454152223,0.2786604255181942,0.32804520201598886,0.32491645414575365,0.30187983538670893,0.2743186208443179,0.23083235935903662,0.1614088558100846,0.2786604255181942,0.32804520201598886,0.32491645414575365,0.30187983538670893,0.2743186208443179,0.23083235935903662,0.1614088558100846
73,0.11053906723198062,4.6344982727711415,0.2746345447825756,0.3233368768170117,0.32025412100872647,0.29752051461840495,0.27033580604701146,0.22745440579426313,0.15901726850564732,0.2746345447825756,0.3233368768170117,0.32025412100872647,0.29752051461840495,0.27033580604701146,0.22745440579426313,0.15901726850564732
74,0.11205330102967898,4.562861320227076,0.270546425662225,0.31855410931471767,0.3155180274417285,0.2930936591755312,0.26629242592911995,0.22402649115536682,0.1565918465313731,0.270546425662225,0.31855410931471767,0.3155180274417285,0.2930936591755312,0.26629242592911995,0.22402649115536682,0.1565918465313731
75,0.11356753482737734,4.490317856773325,0.2664020627917744,0.313703907829628,0.3107151246427521,0.2886057452751066,0.262194393081612,0.22055362815472807,0.15413614383955265,0.2664020627917744,0.313703907829628,0.3107151246427521,0.2886057452751066,0.262194393081612,0.22055362815472807,0.15413614383955265
76,0.11508176862507571,4.416973461997048,0.2622073892573245,0.30879322257634134,0.30585229764713956,0.28406319713706757,0.2580475688500039,0.21704077844743974,0.1516536660127889,0.2622073892573245,0.30879322257634134,0.30585229764713956,0.28406319713706757,0.2580475688500039,0.21704077844743974,0.1516536660127889
77,0.11659600242277407,4.342934881158982,0.2579686006146424,0.303829309755702,0.3009366909313772,0.27947277270924487,0.2538581423876265,0.21349320606374367,0.14914815617034316,0.2579686006146424,0.303829309755702,0.3009366909313772,0.27947277270924487,0.2538581423876265,0.21349320606374367,0.14914815617034316
78,0.11811023622047244,4.268309869836629,0.2536916839836316,0.29881918133894786,0.2959753088506723,0.27484088545055324,0.24963193467631958,0.209915806566583,0.14662304099987256,0.2536916839836316,0.29881918133894786,0.2959753088506723,0.27484088545055324,0.24963193467631958,0.209915806566583,0.14662304099987256
79,0.11962447001817081,4.1932070370970544,0.24938303274008453,0.29377031833774137,0.29097552339546706,0.2701744988153619,0.24537532388893113,0.2063140081553766,0.14408218706506082,0.24938303274008453,0.29377031833774137,0.29097552339546706,0.2701744988153619,0.24537532388893113,0.2063140081553766,0.14408218706506082
80,0.12113870381586916,4.117735687427493,0.24504888271456482,0.2886900373514347,0.2859445777656955,0.2654803713024802,0.24109447011499557,0.20269301595777195,0.1415292568016071,0.24504888271456482,0.2886900373514347,0.2859445777656955,0.2654803713024802,0.24109447011499557,0.20269301595777195,0.1415292568016071
81,0.12265293761356753,4.042005661653859,0.24069549980178187,0.2835856791539669,0.2808897429819535,0.2607652879507044,0.23679556311024835,0.19905806752134367,0.13896794419370706,0.24069549980178187,0.2835856791539669,0.2808897429819535,0.2607652879507044,0.23679556311024835,0.19905806752134367,0.13896794419370706
82,0.1241671714112659,3.966127177078666,0.23632925109621242,0.2784647097167129,0.2758184350949049,0.2560361161959008,0.23248485062260996,0.19541443249767135,0.13640195142711123,0.23632925109621242,0.2784647097167129,0.2758184350949049,0.2560361161959008,0.23248485062260996,0.19541443249767135,0.13640195142711123
83,0.12568140520896426,3.890210667071019,0.23195655629907144,0.27333465080925046,0.27073807119011545,0.2512998445315247,0.2281687233557818,0.1917675342145106,0.13383511837000955,0.23195655629907144,0.27333465080925046,0.27073807119011545,0.2512998445315247,0.2281687233557818,0.1917675342145106,0.13383511837000955
84,0.12719563900666264,3.8143666203421454,0.22758379324334158,0.26820299307516293,0.2656560955006187,0.24656335601550158,0.2238534390985416,0.18812264483229094,0.13127113891210931,0.22758379324334158,0.26820299307516293,0.2656560955006187,0.24656335601550158,0.2238534390985416,0.18812264483229094,0.13127113891210931
85,0.128709872804361,3.738705420140393,0.223217300882811,0.2630771645900166,0.26057984778347215,0.24183352872503916,0.21954527322426426,0.18448507157151461,0.1287137484259805,0.223217300882811,0.2630771645900166,0.26057984778347215,0.24183352872503916,0.21954527322426426,0.18448507157151461,0.1287137484259805
86,0.13022410660205935,3.6633371835996953,0.2188635148782007,0.257964733261725,0.2555168370816592,0.23711731058118257,0.21525053949740244,0.1808601340719152,0.126166677171298,0.2188635148782007,0.257964733261725,0.2555168370816592,0.23711731058118257,0.21525053949740244,0.1808601340719152,0.126166677171298
87,0.13173834039975774,3.588371601475359,0.2145287953499232,0.25287312770688014,0.25047441076416543,0.2324216451212026,0.21097559878759142,0.17725323067793305,0.12363373760739506,0.2145287953499232,0.25287312770688014,0.25047441076416543,0.2324216451212026,0.21097559878759142,0.17725323067793305,0.12363373760739506
88,0.1332525741974561,3.513917778500397,0.21021947099631855,0.24780983316200283,0.24545998716002693,0.22775331764343307,0.20672657662003535,0.17366948034099516,0.12111847919395159,0.21021947099631855,0.24780983316200283,0.24545998716002693,0.22775331764343307,0.20672657662003535,0.17366948034099516,0.12111847919395159
89,0.13476680799515445,3.4400840745947523,0.20594182282193688,0.24278219566886822,0.24048081035251342,0.22311916453097658,0.20250973705363534,0.1701142195931041,0.11862468999367577,0.20594182282193688,0.24278219566886822,0.24048081035251342,0.22311916453097658,0.20250973705363534,0.1701142195931041,0.11862468999367577
90,0.1362810417928528,3.3669779471585213,0.20170221382055845,0.23779768270116314,0.2355443450977633,0.21852608348847463,0.19833133648655055,0.1665926801279478,0.11615599599729723,0.20170221382055845,0.23779768270116314,0.2355443450977633,0.21852608348847463,0.19833133648655055,0.1665926801279478,0.11615599599729723
91,0.1377952755905512,3.294705794678706,0.19750677517390372,0.23286351904486047,0.23065769350788676,0.21398068811937848,0.19419740080064576,0.16310996681378978,0.11371599556306922,0.19750677517390372,0.23286351904486047,0.23065769350788676,0.21398068811937848,0.19419740080064576,0.16310996681378978,0.11371599556306922
92,0.13930950938824954,3.2233728018771117,0.19336169227908004,0.22798696206495989,0.2258280627629627,0.20948970093785635,0.19011404116843988,0.15967121673546958,0.11130826835705027,0.19336169227908004,0.22798696206495989,0.2258280627629627,0.20948970093785635,0.19011404116843988,0.15967121673546958,0.11130826835705027
93,0.1408237431859479,3.1530827866247395,0.18927305097487054,0.22317517133669504,0.22106253917210417,0.2050597092157954,0.18608725346416433,0.1562814807456909,0.10893635196821924,0.18927305097487054,0.22317517133669504,0.22106253917210417,0.2050597092157954,0.18608725346416433,0.1562814807456909,0.10893635196821924
94,0.14233797698364628,3.0839380488455013,0.18524682867408132,0.21843518723075456,0.2163681009500972,0.2006971711504254,0.18212289780830798,0.15294569122738638,0.10660368700979243,0.18524682867408132,0.21843518723075456,0.2163681009500972,0.2006971711504254,0.18212289780830798,0.15294569122738638,0.10660368700979243
95,0.14385221078134464,3.016039221629156,0.18128895939803416,0.2137739734230089,0.2117516405629125,0.19640853082897838,0.17822684090117163,0.14966878566758493,0.10431371920118182,0.18128895939803416,0.2137739734230089,0.2117516405629125,0.19640853082897838,0.17822684090117163,0.14966878566758493,0.10431371920118182
96,0.145366444579043,2.9494851247701375,0.1774052339986872,0.20919835954235505,0.20721992895650637,0.19220006059019112,0.17440477632909568,0.14645555350379763,0.10206979197425244,0.1774052339986872,0.20919835954235505,0.20721992895650637,0.19220006059019112,0.17440477632909568,0.14645555350379763,0.10206979197425244
97,0.14688067837674137,2.8843726209454603,0.1736013460026666,0.2047150436195745,0.20277958619268377,0.18807791434163437,0.17066230005536293,0.14331069207223993,0.0998751701902674,0.1736013460026666,0.2047150436195745,0.20277958619268377,0.18807791434163437,0.17066230005536293,0.14331069207223993,0.0998751701902674
98,0.14839491217443973,2.82079647474101,0.16988293599864723,0.2003306762713794,0.19843723767515303,0.1840482019421194,0.1670049526924347,0.14023886639611297,0.09773311891569869,0.16988293599864723,0.2003306762713794,0.19843723767515303,0.1840482019421194,0.1670049526924347,0.14023886639611297,0.09773311891569869
99,0.14990914597213809,2.75884921473138,0.16625542171626237,0.19605162176439792,0.19419914951474226,0.18011680179671805,0.1634380761172562,0.13724455865497626,0.0956467410133407,0.16625542171626237,0.19605162176439792,0.19419914951474226,0.18011680179671805,0.1634380761172562,0.13724455865497626,0.0956467410133407
100,0.15142337976983647,2.6986209988140004,0.16272414769306223,0.19188420347175794,0.19007160248241703,0.17628949987058745,0.1599669134254052,0.13433216654027028,0.09361910135713869,0.16272414769306223,0.19188420347175794,0.19007160248241703,0.17628949987058745,0.1599669134254052,0.13433216654027028,0.09361910135713869
101,0.15293761356753482,2.6401994829935536,0.15929428850644145,0.187834511363565,0.1860606284627721,0.17257189712524032,0.15659655405539194,0.13150596619749555,0.09165316686115862,0.15929428850644145,0.187834511363565,0.1860606284627721,0.17257189712524032,0.15659655405539194,0.13150596619749555,0.09165316686115862
102,0.15445184736523318,2.583669693807617,0.15597090268923053,0.1839085159268551,0.18217213649727337,0.16896948398062867,0.1533319740611672,0.1287701251564029,0.08975182961505669,0.15597090268923053,0.1839085159268551,0.18217213649727337,0.16896948398062867,0.1533319740611672,0.1287701251564029,0.08975182961505669
103,0.15596608116293156,2.529113904579248,0.15275887911694863,0.1801119863030818,0.1784118549600269,0.16548753492170823,0.15017794951345398,0.12612864867920762,0.08791786913806765,0.15275887911694863,0.1801119863030818,0.1784118549600269,0.16548753492170823,0.15017794951345398,0.12612864867920762,0.08791786913806765
104,0.15748031496062992,2.4766115156765816,0.14966292466140538,0.1764504837813388,0.1747852733921414,0.16213117756145717,0.14713913458555347,0.12358543640999625,0.08615398855159673,0.14966292466140538,0.1764504837813388,0.1747852733921414,0.16213117756145717,0.14713913458555347,0.12358543640999625,0.08615398855159673
105,0.15899454875832827,2.426238938953717,0.14668756600357327,0.17292936523749927,0.1712977135641602,0.15890529955186977,0.14421994468623853,0.12114417340967275,0.08446272335026728,0.14668756600357327,0.17292936523749927,0.1712977135641602,0.15890529955186977,0.14421994468623853,0.12114417340967275,0.08446272335026728
106,0.16050878255602666,2.378069486541081,0.1438372369226515,0.16955385864630199,0.16795435729970823,0.15581470446312082,0.14142473621348725,0.11880851516118104,0.08284661878129593,0.1438372369226515,0.16955385864630199,0.16795435729970823,0.15581470446312082,0.14142473621348725,0.11880851516118104,0.08284661878129593
107,0.162023016353725,2.3321732641471336,0.14111608516498206,0.1663288802416116,0.16476006385053113,0.1528638951266515,0.1387575811766787,0.11658185949765171,0.08130801153326728,0.14111608516498206,0.1663288802416116,0.16476006385053113,0.1528638951266515,0.1387575811766787,0.11658185949765171,0.08130801153326728
108,0.16353725015142337,2.2886170690266767,0.1385281154077611,0.16325917403102133,0.16171954215441064,0.15005720430795197,0.13622239140314954,0.11446746681343684,0.07984914306094806,0.1385281154077611,0.16325917403102133,0.16171954215441064,0.15005720430795197,0.13622239140314954,0.11446746681343684,0.07984914306094806
109,0.16505148394912175,2.2474642927642865,0.13607713976730632,0.16034924913976056,0.15883725494245698,0.14739877015503144,0.1338229159524482,0.1124684762291986,0.07847218744083398,0.13607713976730632,0.16034924913976056,0.15883725494245698,0.14739877015503144,0.1338229159524482,0.1124684762291986,0.07847218744083398
110,0.1665657177468201,2.2087748290143536,0.13376674956861487,0.1576033782432938,0.1561174376580033,0.14489247942340944,0.13156265136387257,0.11058778814976522,0.07717912367536617,0.13376674956861487,0.1576033782432938,0.1561174376580033,0.14489247942340944,0.13156265136387257,0.11058778814976522,0.07717912367536617
111,0.16807995154451846,2.1726049863319914,0.13160036301794506,0.15502560961494344,0.1535640973112565,0.14254204365422213,0.12944495839381193,0.10882820643935115,0.07597188630278967,0.13160036301794506,0.15502560961494344,0.1535640973112565,0.14254204365422213,0.12944495839381193,0.10882820643935115,0.07597188630278967
112,0.16959418534221685,2.139007406221702,0.12958113280540967,0.15261969785241025,0.15118096174670242,0.1403508768723115,0.1274729037015028,0.10719227512959664,0.07485220452133143,0.12958113280540967,0.15261969785241025,0.15118096174670242,0.1403508768723115,0.1274729037015028,0.10719227512959664,0.07485220452133143
113,0.1711084191399152,2.1080309865230547,0.12771202219422023,0.15038917118479392,0.14897151263296507,0.13832219887899944,0.1256493930740804,0.10568240955148689,0.0738217388198979,0.12771202219422023,0.15038917118479392,0.14897151263296507,0.13832219887899944,0.1256493930740804,0.10568240955148689,0.0738217388198979
114,0.17262265293761356,2.0797208102448774,0.12599583817537524,0.14833736716032786,0.14693907716710458,0.13645904508662646,0.12397714889756452,0.10430086057625984,0.07288201769147466,0.12599583817537524,0.14833736716032786,0.14693907716710458,0.13645904508662646,0.12397714889756452,0.10430086057625984,0.07288201769147466
115,0.17413688673531194,2.054118079951559,0.12443504175211113,0.14646723555121566,0.14508656003471684,0.13476409428186548,0.12245858322638353,0.10304962311551608,0.07203439376310496,0.12443504175211113,0.14646723555121566,0.14508656003471684,0.13476409428186548,0.12245858322638353,0.10304962311551608,0.07203439376310496
116,0.1756511205330103,2.0312600577969286,0.12303194799611923,0.14478154317228947,0.14341671170995368,0.1332398537154748,0.12109593893762469,0.10193054289425021,0.0712801131690673,0.12303194799611923,0.14478154317228947,0.14341671170995368,0.1332398537154748,0.12109593893762469,0.10193054289425021,0.0712801131690673
117,0.17716535433070865,2.0111800112930047,0.12178860983784248,0.14328275459512838,0.1419319715566345,0.13188855398006094,0.11989121204248454,0.10094526296932292,0.07062028311971114,0.12178860983784248,0.14328275459512838,0.1419319715566345,0.13188855398006094,0.11989121204248454,0.10094526296932292,0.07062028311971114
118,0.17867958812840704,1.9939071648925382,0.12070686032447822,0.14197308130862613,0.14063452948659033,0.13071218717406227,0.11884617684492575,0.10009522957299971,0.07005586762513294,0.12070686032447822,0.14197308130862613,0.14063452948659033,0.13071218717406227,0.11884617684492575,0.10009522957299971,0.07005586762513294
119,0.1801938219261054,1.97946665745581,0.11978830359999904,0.14085445253329146,0.13952630300413388,0.1297124931062139,0.11796238602939996,0.09938171370462978,0.06958771348537067,0.11978830359999904,0.14085445253329146,0.13952630300413388,0.1297124931062139,0.11796238602939996,0.09938171370462978,0.06958771348537067
120,0.18170805572380375,1.9678795056635916,0.11903425870602355,0.1399284848442589,0.13860888806677907,0.1288909104480088,0.11724110522827827,0.09880573005972412,0.06921647774200815,0.11903425870602355,0.1399284848442589,0.13860888806677907,0.1288909104480088,0.11724110522827827,0.09880573005972412,0.06921647774200815
121,0.18322228952150213,1.95916257342952,0.11844583165739005,0.13919652942180233,0.13788362509380125,0.12824864320554663,0.11668339506145263,0.09836812949437779,0.06894271124014928,0.11844583165739005,0.13919652942180233,0.13788362509380125,0.12824864320554663,0.11668339506145263,0.09836812949437779,0.06894271124014928
122,0.18473652331920049,1.9533285473563953,0.11802392956364936,0.13865971328445925,0.13735163490619445,0.12778667496302148,0.11629010866724208,0.09806958054588033,0.06876683088828855,0.11802392956364936,0.13865971328445925,0.13735163490619445,0.12778667496302148,0.11629010866724208,0.09806958054588033,0.06876683088828855
123,0.18625075711689884,1.9503859182721284,0.11776912990629841,0.13831877189441305,0.13701364146654774,0.1275056452745752,0.11606179270530177,0.09791049932119866,0.06868908074765422,0.11776912990629841,0.13831877189441305,0.13701364146654774,0.1275056452745752,0.11606179270530177,0.09791049932119866,0.06868908074765422
124,0.18776499091459722,1.9503389688722113,0.11768183304036682,0.1381742377097004,0.13687017581806452,0.12740599060018643,0.11599880147388475,0.0978911332930831,0.06870958217021633,0.11768183304036682,0.1381742377097004,0.13687017581806452,0.12740599060018643,0.11599880147388475,0.0978911332930831,0.06870958217021633
125,0.18927922471229558,1.9531877674866904,0.11776213874997503,0.1382262865107644,0.13692141222811371,0.1274878273923464,0.11610120257871161,0.09801149172782235,0.0688282923856477,0.11776213874997503,0.1382262865107644,0.13692141222811371,0.1274878273923464,0.11610120257871161,0.09801149172782235,0.0688282923856477
126,0.19079345850999394,1.958928167980721,0.11800995453806001,0.138474874323414,0.13716730638050262,0.1277510641074087,0.11636887075876957,0.09827141867666628,0.06904505213867261,0.11800995453806001,0.138474874323414,0.13716730638050262,0.1277510641074087,0.11636887075876957,0.09827141867666628,0.06904505213867261
127,0.19230769230769232,1.9675518157888405,0.11842491747312618,0.13891963429762727,0.1376074973380209,0.12819531235867515,0.11680141177397302,0.09867053183874833,0.06935954243142524,0.11842491747312618,0.13891963429762727,0.1376074973380209,0.12819531235867515,0.11680141177397302,0.09867053183874833,0.06935954243142524
128,0.19382192610539067,1.9790461600741849,0.11900638832049042,0.1395598804065986,0.13824130536906798,0.1288198907026941,0.117398164040903,0.0992082224288337,0.06977128545882746,0.11900638832049042,0.1395598804065986,0.13824130536906798,0.1288198907026941,0.117398164040903,0.0992082224288337,0.06977128545882746
129,0.19533615990308903,1.9933944719949457,0.1197535286621921,0.14039469103663726,0.13906781579114655,0.12962389881103692,0.11815826647017871,0.0998837142195727,0.07027968727463357,0.1197535286621921,0.14039469103663726,0.13906781579114655,0.12962389881103692,0.11815826647017871,0.0998837142195727,0.07027968727463357
130,0.1968503937007874,2.0105758690514897,0.12066525647837772,0.14142285632146234,0.14008583535623748,0.13060616988062615,0.11908061596030028,0.1006960272450548,0.07088401217752807,0.12066525647837772,0.14142285632146234,0.14008583535623748,0.13060616988062615,0.11908061596030028,0.1006960272450548,0.07088401217752807
131,0.19836462749848577,2.0305653454786965,0.1217402135004512,0.14264284634057456,0.14129384437762518,0.13176524483773078,0.12016384277076167,0.1016439555831073,0.07158336450612986,0.1217402135004512,0.14264284634057456,0.14129384437762518,0.13176524483773078,0.12016384277076167,0.1016439555831073,0.07158336450612986
132,0.19987886129618412,2.0533338086392945,0.12297683212106054,0.14405288368366442,0.14269008425712487,0.1330994324843945,0.12140636534156612,0.10272611429971562,0.0723767228760089,0.12297683212106054,0.14405288368366442,0.14269008425712487,0.1330994324843945,0.12140636534156612,0.10272611429971562,0.0723767228760089
133,0.2013930950938825,2.0788481213652155,0.12437327196803317,0.1456508689831278,0.14427247708972446,0.13460674857997354,0.1228063369361368,0.10394089650972162,0.07326291314044124,0.12437327196803317,0.1456508689831278,0.14427247708972446,0.13460674857997354,0.1228063369361368,0.10394089650972162,0.07326291314044124
134,0.20290732889158086,2.1070711501853507,0.12592750390113608,0.14743448603353,0.1460387244997738,0.13628500536886765,0.12436172293126746,0.10528653475353636,0.07424064594624448,0.12592750390113608,0.14743448603353,0.1460387244997738,0.13628500536886765,0.12436172293126746,0.10528653475353636,0.07424064594624448
135,0.20442156268927922,2.1379618193695196,0.12763724957799352,0.1494011143744115,0.14798623822267382,0.1381317402947808,0.12607024491230398,0.10676106227564905,0.07530849982718771,0.12763724957799352,0.1494011143744115,0.14798623822267382,0.1381317402947808,0.12607024491230398,0.10676106227564905,0.07530849982718771
136,0.2059357964869776,2.17147517070999,0.12949996508486597,0.15154783767252145,0.1501121224014315,0.14014421134362332,0.12792936098270827,0.10836227959396724,0.07646487870888874,0.12949996508486597,0.15154783767252145,0.1501121224014315,0.14014421134362332,0.12792936098270827,0.10836227959396724,0.07646487870888874
137,0.20745003028467596,2.20756242895355,0.1315129313932108,0.15387151951960412,0.15241327437952285,0.14231948060475752,0.12993636077921963,0.11008785890182404,0.07770810925399615,0.1315129313932108,0.15387151951960412,0.15241327437952285,0.14231948060475752,0.12993636077921963,0.11008785890182404,0.07770810925399615
138,0.2089642640823743,2.2461710727888953,0.13367319253811388,0.15636875238224496,0.1548863194020626,0.14465435436623808,0.1320882936083087,0.11193525719559441,0.07903636049364461,0.13367319253811388,0.15636875238224496,0.1548863194020626,0.14465435436623808,0.1320882936083087,0.11193525719559441,0.07903636049364461
139,0.2104784978800727,2.2872449112860274,0.13597756945704206,0.15903586454609644,0.157527615235724,0.14714540281851168,0.13438200025848024,0.11390176662919965,0.08044769201890675,0.13597756945704206,0.15903586454609644,0.157527615235724,0.14714540281851168,0.13438200025848024,0.11390176662919965,0.08044769201890675
140,0.21199273167777105,2.3307241656763953,0.13842267676202383,0.16186893745599687,0.16033328946649356,0.1497889618503681,0.1368141054358646,0.11598449201551084,0.08194002793784752,0.13842267676202383,0.16186893745599687,0.16033328946649356,0.1497889618503681,0.1368141054358646,0.11598449201551084,0.08194002793784752
141,0.2135069654754694,2.3765455563547797,0.14100490827272583,0.1648637991892712,0.16329919973753212,0.15258114179832558,0.13938103025285375,0.11818036911437946,0.08351117854797106,0.14100490827272583,0.1648637991892712,0.16329919973753212,0.15258114179832558,0.13938103025285375,0.11818036911437946,0.08351117854797106
142,0.2150211992731678,2.424642394976285,0.14372048217385397,0.16801606469216168,0.16642101015930544,0.15551784979002575,0.14207901063936523,0.12048617726844707,0.08515884279085018,0.14372048217385397,0.16801606469216168,0.16642101015930544,0.15551784979002575,0.14207901063936523,0.12048617726844707,0.08515884279085018
143,0.21653543307086615,2.474944681514393,0.1465654066941657,0.1713211044411556,0.16969412858381447,0.15859477656120508,0.14490408831946108,0.12289853564548658,0.08688061294452461,0.1465654066941657,0.1713211044411556,0.16969412858381447,0.15859477656120508,0.14490408831946108,0.12289853564548658,0.08688061294452461
144,0.2180496668685645,2.5273792061388454,0.14953548473381248,0.17477404650713724,0.1731137364019399,0.1618073796377807,0.14785208991023094,0.12541387800437262,0.08867394494185754,0.14953548473381248,0.17477404650713724,0.1731137364019399,0.1618073796377807,0.14785208991023094,0.12541387800437262,0.08867394494185754
145,0.21956390066626288,2.581869655765056,0.15262635853237042,0.17836982565626527,0.1766748086066961,0.16515095420448225,0.15091870039177702,0.12802852667865228,0.09053622809941708,0.15262635853237042,0.17836982565626527,0.1766748086066961,0.16515095420448225,0.15091870039177702,0.12802852667865228,0.09053622809941708
146,0.22107813446396124,2.638336725119995,0.15583349161977744,0.1821031738255449,0.18037213073401298,0.16862059190349793,0.15409941347245132,0.1307386355748888,0.09246472310844084,0.15583349161977744,0.1821031738255449,0.18037213073401298,0.16862059190349793,0.15409941347245132,0.1307386355748888,0.09246472310844084
147,0.2225923682616596,2.6966982321628996,0.15915216572051763,0.18596859595414333,0.18420026127879569,0.1722111898648667,0.15738955321354886,0.13354022396184934,0.0944566080248814,0.15915216572051763,0.18596859595414333,0.18420026127879569,0.1722111898648667,0.15738955321354886,0.13354022396184934,0.0944566080248814
148,0.22410660205935795,2.7568692376928254,0.1625775018063787,0.18996041840836742,0.18815357206114428,0.17591747928596083,0.16078429041561892,0.13642917968235269,0.09650896498838724,0.1625775018063787,0.18996041840836742,0.18815357206114428,0.17591747928596083,0.16078429041561892,0.13642917968235269,0.09650896498838724
149,0.22562083585705633,2.818762168968959,0.1661044600029356,0.1940727693015184,0.19222625836974974,0.17973399969606188,0.16427862105472896,0.1394012422608669,0.09861877060423768,0.1661044600029356,0.1940727693015184,0.19222625836974974,0.17973399969606188,0.16427862105472896,0.1394012422608669,0.09861877060423768
150,0.2271350696547547,2.8822869471637764,0.16972786953948635,0.19829962421143527,0.19641234182927236,0.18365516787752306,0.16786743512779215,0.1424520694822761,0.10078295486350974,0.16972786953948635,0.19829962421143527,0.19641234182927236,0.18365516787752306,0.16786743512779215,0.1424520694822761,0.10078295486350974
151,0.22864930345245305,2.947351118463569,0.17344240602231303,0.20263477677485603,0.20070568170351197,0.18767521884849614,0.1715454532109853,0.1455771709450139,0.10299833492153924,0.17344240602231303,0.20263477677485603,0.20070568170351197,0.18767521884849614,0.1715454532109853,0.1455771709450139,0.10299833492153924
152,0.23016353725015143,3.0138599886254944,0.1772426017642002,0.20707184923820682,0.205099957133474,0.19178824138702938,0.17530726759902265,0.14877195364803683,0.10526166380304917,0.1772426017642002,0.20707184923820682,0.205099957133474,0.19178824138702938,0.17530726759902265,0.14877195364803683,0.10526166380304917
153,0.23167777104784978,3.081716760795366,0.18112288104784677,0.21160433645228274,0.20958872157820058,0.19598820629046093,0.1791473637667679,0.1520317358845819,0.10756963373477019,0.18112288104784677,0.21160433645228274,0.20958872157820058,0.19598820629046093,0.1791473637667679,0.1520317358845819,0.10756963373477019
154,0.23319200484554814,3.1508226763855656,0.18507755500413348,0.2162255967837992,0.21416540453756855,0.2002689512319807,0.18306010404425074,0.1553517294351875,0.1099188576599428,0.18507755500413348,0.2162255967837992,0.21416540453756855,0.2002689512319807,0.18306010404425074,0.1553517294351875,0.1099188576599428
155,0.23470623864324652,3.2210771588080616,0.18910081577246854,0.22092884698854096,0.21882327738738372,0.20462420083391208,0.1870397552795369,0.15872707452177492,0.11230591016612036,0.18910081577246854,0.22092884698854096,0.21882327738738372,0.20462420083391208,0.1870397552795369,0.15872707452177492,0.11230591016612036
156,0.23622047244094488,3.2923779598533347,0.1931867550660086,0.22570718598830725,0.22355551170916796,0.20904755622584112,0.19108046653008465,0.1621528049483883,0.11472727991457263,0.1931867550660086,0.22570718598830725,0.22355551170916796,0.20904755622584112,0.19108046653008465,0.1621528049483883,0.11472727991457263
157,0.23773470623864323,3.3646213085021914,0.1973293818883979,0.23055360884217535,0.22835516315969762,0.21353253894863153,0.19517632215326855,0.16562391035995955,0.11717943889251892,0.1973293818883979,0.23055360884217535,0.22835516315969762,0.21353253894863153,0.19517632215326855,0.16562391035995955,0.11717943889251892
158,0.23924894003634162,3.4377020619538605,0.20152262513468122,0.2354610183074756,0.23321520532477413,0.2180725760298611,0.1993213169672189,0.1691352995660626,0.11965879373086502,0.20152262513468122,0.2354610183074756,0.23321520532477413,0.2180725760298611,0.1993213169672189,0.1691352995660626,0.11965879373086502
159,0.24076317383403997,3.511513858650572,0.205760341780394,0.24042222739734953,0.23812851792352852,0.22266102004932473,0.2035093825509655,0.17268183404248966,0.12216172528333039,0.205760341780394,0.24042222739734953,0.23812851792352852,0.22266102004932473,0.2035093825509655,0.17268183404248966,0.12216172528333039
160,0.24227740763173833,3.5859492730759297,0.21003631198463973,0.2454299587470067,0.24308789237531642,0.22729113956293448,0.2077343738059695,0.17625830985688073,0.12468456623393256,0.21003631198463973,0.2454299587470067,0.24308789237531642,0.22729113956293448,0.2077343738059695,0.17625830985688073,0.12468456623393256
161,0.2437916414294367,3.6608999721017543,0.21434431298724285,0.2504769237532793,0.24808611154291593,0.23195619574555248,0.21199014293057458,0.1798595262184598,0.12722365731155727,0.214344279555694,0.25047688730999335,0.2480860752890456,0.23195616040710557,0.21199010905997392,0.179859495257352,0.12722363280090815
162,0.24530587522713507,3.73625687265586,0.21867787023186055,0.2555555560046499,0.25311567684741704,0.23664918772820703,0.21627029437640136,0.18348005964287756,0.1297751652653078,0.2186889417944424,0.2555675752626563,0.2531276099715667,0.23666091419940263,0.21628159396163774,0.18349047944190908,0.12978355944898054
163,0.24682010902483342,3.8119103004813044,0.22303069931804573,0.2606584864196116,0.2581692929102005,0.24136330662841007,0.2205686209893042,0.18711466514722114,0.13233540582210374,0.22304191159927766,0.26067092522176594,0.2581816274803477,0.24137529881348582,0.22058001286589854,0.18712490470559287,0.13234329328129463
164,0.2483343428225318,3.8877501497560547,0.22739669616791122,0.26577853159866305,0.26323984433189035,0.24609193519304237,0.2248791068313668,0.19075828252217358,0.1349008543501795,0.22740744312352293,0.2657907131458696,0.2632518975487752,0.24610354146767724,0.22488997806711458,0.1907678206379778,0.1349079196514491
165,0.24984857662023016,3.963666043340728,0.2317692116999787,0.2709079292627251,0.2683196422702414,0.25082788488508184,0.229195179462799,0.19440532778681457,0.1374675440487624,0.23178339201897305,0.2709240142271817,0.2683355753946651,0.25084316193921186,0.22920946249005542,0.1944178433015844,0.13747682362763147
166,0.2513628104179285,4.039547493421236,0.23614198028870256,0.2760393158998914,0.27340139407519665,0.25556436562843377,0.2335106593065629,0.19805059273263265,0.14003183132718353,0.23615774950991716,0.27605732961282403,0.273419236753811,0.2555813815361853,0.2335264822309162,0.19806434082255725,0.14004188632670328
167,0.2528770442156269,4.115284062312487,0.2405085840313427,0.2811651651565069,0.2784776455690882,0.2602944280366266,0.23781921237249637,0.20168872419981398,0.1425899488542896,0.24052472123427557,0.2811837708490797,0.2784960433087942,0.26031191775621315,0.23783538344114474,0.20170264874508997,0.14260000463689423
168,0.2543912780133253,4.190765523189128,0.24486267334091977,0.2862780231561867,0.28354101455538994,0.26501119442911114,0.24211457457804292,0.2053144344754093,0.14513818328308176,0.2448816854602042,0.2862998869809532,0.2835626684538802,0.265031725236536,0.2421335669301185,0.20533082436402939,0.14515007769601745
169,0.2559055118110236,4.265882020509414,0.24919791328925833,0.29137044940964196,0.2885841321579655,0.269707802140552,0.24639049764949802,0.20892245151725047,0.14767283343172688,0.2492169072524202,0.2913924571128888,0.2886059155336396,0.26972836649978615,0.2464094225205503,0.2089386476225034,0.14768443273305487
170,0.257419745608722,4.340524229898718,0.25350797975321676,0.2964350166607613,0.29359964282630263,0.2743774006443421,0.2506407440771042,0.2125075113910696,0.1501902010989829,0.2535283953345508,0.2964586846038015,0.29362307359426576,0.27439949079669423,0.25066105990197646,0.2125248925879607,0.1502026587824727
171,0.2589339794064204,4.414583517259946,0.25778661315633605,0.3014643676358364,0.298580260553973,0.27901320752914155,0.2548591416091077,0.21606440943916794,0.15268663404425004,0.25780774000694495,0.30148891904121766,0.29860456600019086,0.27903607455615026,0.2548801334299493,0.2160823233430158,0.152699429967401
172,0.2604482132041187,4.487952096879365,0.262027594511386,0.3064511910064026,0.303518744897969,0.2836084841870626,0.2590395589140975,0.2195879763865839,0.15515850438941792,0.26204952500957346,0.3064767090206832,0.3035440083747166,0.28363222065002097,0.25906132641996804,0.2196065287942638,0.15517173828368605
173,0.2619624470018171,4.560523188297682,0.26622476781098076,0.31138824617331196,0.30840792564094804,0.28815655944232643,0.2631759279147656,0.22307309845596557,0.1576022245902944,0.2662473635989242,0.31141456979839366,0.3084339879208603,0.28818101648920336,0.26319833487984845,0.22309217258020073,0.15761581104281142
174,0.2634766807995155,4.632191171718059,0.27037204545065185,0.31626836998216,0.3132407094660406,0.29265083545956627,0.2672622489022707,0.2265147212906289,0.16001424966836608,0.27039524123050696,0.31629541825967283,0.3132674901615202,0.2926759421643686,0.26728523366598805,0.22653426845201186,0.1600281575000521
175,0.2649909145972138,4.70285174172493,0.2744634173806081,0.3210844875532163,0.3180100906470253,0.2970847977701569,0.27129259967953423,0.22990785767866417,0.16239108253383175,0.2744871674966022,0.3211122024599967,0.3180375323757127,0.2971105041124906,0.2713161195703933,0.22992784527006022,0.16240529210386018
176,0.2665051483949122,4.7724020590898615,0.2784929607586039,0.3258296235065433,0.32270916201985256,0.30145202581787744,0.27526114529037105,0.2332475959661534,0.1647292804032508,0.27851721717374567,0.3258579461331925,0.32273720628428626,0.3014782799169605,0.2752851548409976,0.23326798747184213,0.16474376754228698
177,0.2680193821926105,4.840740900443509,0.2824548470500282,0.33049691048440727,0.3273311238290591,0.30574620025937566,0.2791621443188175,0.23652910489526477,0.16702545736592916,0.28247956953514125,0.3305257914580549,0.32735972199440644,0.3057729581853482,0.2791866047992648,0.23654986894918684,0.16704020106463768
178,0.2695336159903089,4.907768805595898,0.28634335129325367,0.33507960005269843,0.3318692940044717,0.30996111360335515,0.2829899589035734,0.23974764248612157,0.16927629133506372,0.28636851822581466,0.3351090112954176,0.3318984175284592,0.30998835254570994,0.28301485168975854,0.2397687658003253,0.1692912844810543
179,0.2710478497880073,4.973388222290527,0.29015286064693946,0.33957107268679176,0.33631711841437434,0.3140906790196127,0.28673906254862797,0.24289856239200286,0.17147852825103183,0.2901784389545786,0.3396009745458132,0.33634672832019075,0.3141183629857657,0.28676435532392397,0.2429200181030356,0.17149375242596532
180,0.2725620835857056,5.037503648181704,0.2938778806746887,0.3439648454161542,0.3406681782560766,0.31812893742005766,0.29040404651872115,0.24597731920534882,0.1736289856909362,0.2939038330236376,0.3439951941708672,0.3406982310827555,0.3181570264327643,0.29042970285226893,0.24599907617220004,0.17364441804818476
181,0.274076317383404,5.1000217698284445,0.29751304429872444,0.34825458228789785,0.34491620048497196,0.3220700671035018,0.293979628655643,0.2489794759807542,0.1757245583675458,0.2975393403316688,0.3482853418990475,0.34494666056663276,0.32209852821995383,0.2940056185557114,0.24900150846310878,0.17574017903377884
182,0.2755905511811024,5.160851598502621,0.30105312060791406,0.3524341046920432,0.3490550679866489,0.3259083933004755,0.29746066209531175,0.2519007116569437,0.1777622234109394,0.3010798415796105,0.3524653603664408,0.3490860205116363,0.3259373113491373,0.29748706911419137,0.25192309925006007,0.17777809979304748
183,0.2771047849788007,5.219904602613752,0.3044930148087803,0.3564973920045129,0.35307882088807896,0.3296383881611233,0.3008421347879774,0.2547368198977004,0.1797390387319885,0.30451997580094486,0.3565289429915032,0.3531100654036826,0.32966756862035324,0.30086877222901826,0.25475939147376686,0.17975503549504193
184,0.2786190187764991,5.277094836557681,0.3078277974202332,0.36043861389995574,0.35698168512229006,0.33325470262667034,0.304119199834001,0.25748373695435606,0.18165216524465488,0.30785509088920665,0.36047055627675906,0.35701332007205355,0.3332842398139826,0.30414616032602465,0.2575065806297284,0.18166835673844225
185,0.28013325257419747,5.332339065801589,0.31105266671788395,0.364252090514761,0.36075804026505043,0.3367521253531527,0.3072871353737457,0.2601375033004917,0.18349883500682762,0.3110800321364092,0.3642841417951671,0.3607897758731554,0.3367817536769688,0.30731416674475664,0.26016038908366024,0.18351503461793306
186,0.2816474863718958,5.385556888023351,0.3141630146284244,0.367932365086679,0.3644024831913739,0.3401256548843993,0.3103414129126555,0.26269432594146314,0.18527640136198126,0.3141907807433226,0.36796487463728467,0.36443466843530736,0.34015571777619563,0.3103688509550507,0.2627175713908575,0.18529287604793115
187,0.2831617201695942,5.436670850128894,0.3171543672184249,0.3714741371966684,0.367909769360469,0.3433704322935153,0.3132776361991534,0.26515052566127645,0.186982294992313,0.31718208445568286,0.37150661758202524,0.36794193448052603,0.3434004362995466,0.31330499492883285,0.2651736705626131,0.186998660933015
188,0.28467595396729256,5.4856065609772315,0.3200224599236668,0.37487235259409435,0.3712748888966344,0.34648183228018636,0.31609161872250335,0.26750259773581336,0.18861407400950184,0.32005088473835497,0.3749056169494339,0.3713078338037485,0.3465125874076109,0.3161196906593562,0.2675263871717292,0.18863094518733237
189,0.2861901877649909,5.532292799649168,0.3227631788515935,0.3781221260594313,0.3744930158697847,0.3494553805140117,0.3187793196008068,0.26974716855322667,0.1901693871238487,0.3227914504950919,0.3781552543359121,0.37452581581399086,0.34948599151389254,0.31880723699598956,0.26977079330240333,0.19018610206833686
190,0.28770442156268927,5.576661619102061,0.32537261680896085,0.38121882135372714,0.37755955329565555,0.3522868385314772,0.3213369057382691,0.2718810331358003,0.1916460039607208,0.325401414969374,0.38125253804229453,0.3775929406117579,0.35231800621232895,0.321365346373988,0.27190512461802896,0.19166308032501966
191,0.28921865536038766,5.618648445059776,0.3278470471052308,0.3841580072168853,0.3804701180288258,0.3549721566461518,0.3237607223084468,0.27390114326218246,0.1930418050387167,0.3278758841428983,0.38419179067735065,0.38050357023507664,0.3550033728362673,0.32378919422625374,0.27392524296761156,0.19305886665013666
192,0.290732889158086,5.658192169993947,0.33018293823250655,0.3869354825828174,0.3832205512137481,0.35750749790269865,0.3260473073068822,0.27580461316276383,0.19435478613742566,0.33021204768072987,0.38696958124761355,0.38325431538063504,0.3575390075632502,0.326076049148793,0.2758289449000605,0.1943720166134953
193,0.29224712295578437,5.695235242059731,0.33237696445333753,0.38954728745168865,0.385806930496404,0.3598892506376988,0.32819340352084453,0.27758872940237755,0.19558306557495617,0.3324061253844169,0.3895814603773773,0.38584077068743783,0.3599208177260324,0.3282221900487627,0.2776130883721386,0.19560030296110034
194,0.29376135675348275,5.729723748856618,0.33442599591910804,0.3919896862026391,0.3882255655833202,0.3621140077030925,0.3301959456159605,0.2792509468600577,0.19672488131916174,0.3344553821158365,0.3920241195480795,0.3882596638261806,0.36214581566655313,0.3302249528739978,0.2792754946128049,0.1967422531906185
195,0.2952755905511811,5.761607495892426,0.3363271209572741,0.39425920400837866,0.3904730130423017,0.3641786060686186,0.3320520862976514,0.28078890046003546,0.19777859889201163,0.33635671337713074,0.39429387643350977,0.3905073505177221,0.3642106333899752,0.3320812941238591,0.2808136200613963,0.19779609816428242
196,0.29678982434887946,5.790840079636239,0.33807760929890074,0.39635257690843473,0.3925460426604152,0.3660800775411856,0.33375915734734196,0.2822003770246426,0.1987426909603025,0.33810737974553634,0.3963874593610078,0.39258058691059033,0.3661122993306213,0.33378854280104236,0.28222524813739835,0.1987603021664468
197,0.29830405814657784,5.817378955053998,0.33967501262609906,0.3982668668011182,0.3944417466261961,0.36781575766851915,0.33531477052578335,0.28348340531041377,0.19961580688640373,0.3397049122345946,0.3983019061604631,0.394476444022144,0.3678481231187387,0.3353442850008445,0.2835083826951136,0.1996334902260774
198,0.29981829194427617,5.841185497528449,0.34111703378638325,0.3999993182377526,0.396157398532422,0.3693831465965094,0.3367166862472561,0.2846361371743199,0.20039667715579412,0.341147108264926,0.4000345627246013,0.3961923009435026,0.36941569920004375,0.33674636862872875,0.28466125323250424,0.2004144554833826
199,0.30133252574197456,5.862225059073316,0.3424016300843034,0.40154747255134937,0.39769056369412914,0.37078002316671527,0.3379629169108222,0.28565693541640125,0.20108418515934273,0.34243183038249014,0.40158286831629886,0.39772561657338157,0.37081271246193437,0.3379927214307595,0.2856821515636176,0.20110203153544598
200,0.30284675953967294,5.8804670187599,0.34352697866085674,0.40290912708664606,0.3990390643092363,0.37200439982522154,0.3390516911087956,0.28654434959708536,0.20167734632076703,0.34355726644994805,0.4029446315581138,0.3990742242122821,0.3720371854075018,0.3390815796904581,0.28656963199626134,0.20169523458442878
201,0.30436099333737127,5.89588482728271,0.34449147885868586,0.4040823415283409,0.40020097776509034,0.37305453422915147,0.3399814611794986,0.2872971190868196,0.20217531216676027,0.3445218802899056,0.40411798083110456,0.40023627218356733,0.3730874420763286,0.34001145987419434,0.2873224932740835,0.2021932646752649
202,0.30587522713506965,5.908456045599257,0.3452937630235845,0.4050654476049541,0.40117465543325737,0.3739289330445296,0.34075090564022326,0.28791417359785626,0.20257736871612259,0.34532424684442325,0.4051011872032968,0.40121004893576345,0.37396193062488475,0.3407809836794913,0.2879396119631126,0.20259536403514983
203,0.30738946093276803,5.918162377587784,0.3459326902146461,0.4058570444957854,0.4019587094053606,0.37462635197013994,0.3413589303911078,0.2883946356239722,0.20288293906540933,0.3459632403486786,0.4058928656013355,0.40199418358935,0.3746594218080238,0.34138907181553213,0.28842012463256916,0.20290096756528078
204,0.30890369473046636,5.924989696675402,0.3464073521493743,0.40645600345196975,0.40255202414264274,0.37514579671859555,0.34180466982850155,0.28873782174502677,0.20309158432831098,0.3464379547299298,0.40649189030067423,0.4025875624480627,0.3751789244273179,0.34183486088565496,0.2887633491027948,0.20310963727202588
205,0.31041792852816474,5.928928066397868,0.3467170749121003,0.40686147326673283,0.4029537543100185,0.3754865306324601,0.34208749127228444,0.28894324357253787,0.20320300409379882,0.3467477149171689,0.4068974073991557,0.40298933926039426,0.3755196995212483,0.342117717735136,0.28896879828048583,0.20322107400510098
206,0.3119321623258631,5.929971754861091,0.3468614141303314,0.4070728699368784,0.40316332331964533,0.37564806334059114,0.34220698888877193,0.28901060700679027,0.203217036108241,0.346892077281786,0.40710883492304517,0.4031989393097714,0.37568125708190114,0.34223723531124894,0.2890361755223744,0.20323511309839074
207,0.31344639612356145,5.928119243083323,0.34684016067800927,0.40708988754359454,0.40318042815378036,0.37563016025829216,0.34216298838196757,0.2889398124525169,0.20313365609309603,0.3468708352206461,0.4071258695731472,0.40321606134167903,0.37566336622508006,0.3421932433262646,0.28896538520540566,0.20315173348405424
208,0.31496062992125984,5.923373227205874,0.34665335245654316,0.406912510344409,0.40300505359768285,0.37543285447915864,0.3419555595334157,0.28873096702659456,0.2029529870464844,0.3466840161908084,0.4069484831988181,0.4030406781423666,0.3754660487386122,0.3419858013166843,0.28875652565328674,0.2029710514393669
209,0.3164748637189582,5.915740614569161,0.3463012397010063,0.4065409723457317,0.402637430832567,0.37505641027806486,0.3415849825243404,0.28838435509018817,0.20267527653058406,0.346331880906794,0.4065769224000423,0.40267303254298425,0.3750895808680363,0.3416152006357511,0.2884098911827306,0.20269332241486124
210,0.31798909751665655,5.905232513659777,0.3457843249303668,0.4059758043375902,0.4020780842698167,0.37450136652981936,0.34105178882837406,0.28790047509548894,0.20230092588176893,0.34581492567665983,0.40601171063969277,0.4021136428598694,0.3745344934578399,0.3410819644022971,0.2879259719177807,0.20231894077549464
211,0.31950333131435493,5.891864217943223,0.345103331167607,0.4052177971581751,0.4013277966941,0.37376850004360973,0.3403567244332322,0.2872800041158141,0.2018304610424864,0.34513387966588294,0.40525364566439714,0.4013632981783968,0.3738015705610178,0.34038684620762716,0.2873054526173508,0.20184843886658416
212,0.3210175651120533,5.87565518360584,0.3442592273514213,0.40426803045931725,0.4003876364928194,0.372858854584462,0.33950077955854857,0.2865238271776623,0.20126455671407623,0.34428970485325666,0.4043037992901263,0.40042305890537416,0.3728918488040962,0.33953082947234975,0.2865492120697481,0.20128248652243763
213,0.32253179890975164,5.85662900123832,0.3432532013588967,0.4031278426860935,0.3992589272770839,0.3717737131234162,0.3384851612235979,0.2856330108861792,0.20060401543637324,0.34328359501671607,0.40316351630529,0.3992942555248974,0.37180661644615914,0.3385151265859389,0.2856583223496053,0.20062189049958828
214,0.32404603270745,5.834813361502013,0.34208667970735124,0.4017988519486937,0.3979432705571019,0.3705146152402398,0.3373113116963986,0.2846088231158532,0.19984978297254985,0.3421169738071946,0.4018344122852887,0.39797848648605344,0.37054741123036267,0.3373411768557904,0.2846340469578018,0.19986759298814133
215,0.3255602665051484,5.810240014828,0.3407613126847347,0.400282940745909,0.39644252954557924,0.3690833444385907,0.33598089357588934,0.283452715271218,0.19900293423630447,0.3407914934117826,0.40031837204566795,0.3964776167050455,0.3691160188657975,0.33601064507272455,0.2834778395524725,0.1990206706458377
216,0.32707450030284674,5.782944725207599,0.33927897772157256,0.39858226055137314,0.39475883098006914,0.3674819326190067,0.3344957942859029,0.2821663273598894,0.1980646772538956,0.33930903211909136,0.39861754686419415,0.3947937747988555,0.3675144705023536,0.3345254191842315,0.28219134193100104,0.19808233306157813
217,0.3285887341005451,5.752967218141526,0.3376417823394316,0.39669923187198547,0.3928945711516729,0.36571265872349484,0.332858127859614,0.28075149269166677,0.1970363573106071,0.33767169264183294,0.3967343524954867,0.3929293511108565,0.36574504077691244,0.3328876084883817,0.28077638245400177,0.19705392153424456
218,0.3301029678982435,5.720351122823502,0.33585204553582915,0.39463652574650876,0.39085239176295894,0.3637780329984373,0.33107021778003987,0.2792102201566824,0.19591944330439293,0.33588179964454307,0.39467146638438655,0.39088699363846624,0.36381024619211993,0.3310995423565705,0.279234975282742,0.19593690913393327
219,0.33161720169594183,5.685143908642423,0.3339123078886499,0.39239707426712095,0.3886351985144102,0.36168080200041325,0.32913460113647136,0.2775446969443963,0.19471552695875924,0.33394189183185663,0.3924318184495156,0.38866960604125805,0.36171283120909886,0.3291637559157725,0.2775693058549033,0.19473288619830603
220,0.3331314354936402,5.647396816095516,0.3318253291414209,0.3899840678654336,0.3862461429161881,0.35942395759184126,0.3270540400467661,0.27575730281942196,0.19342634116303536,0.33185473061437537,0.39001860157708923,0.38628034196181715,0.3594557900483618,0.3270830127710521,0.2757817542316455,0.19344358554880803
221,0.3346456692913386,5.607164782213053,0.3295940809150358,0.3874009467136133,0.38368863291517125,0.3570107141441556,0.32483149693171015,0.2738505836541659,0.1920537307812607,0.329623284876888,0.3874352515410051,0.3837226055973634,0.35704233256017337,0.3248602731065299,0.2738748670180239,0.1920708531822244
222,0.3361599030890369,5.564506360603115,0.3272217395303492,0.38465139405944077,0.38096631121127605,0.3544445128123302,0.32247014010976843,0.27182725841962924,0.19059966334616926,0.3272507310283335,0.38468545142994137,0.38100004011570987,0.35447590066915063,0.32249870488246934,0.27185136133976,0.19061665558386195
223,0.3376741368867353,5.519483636232809,0.3247116780253198,0.3817393217902081,0.3780830512229589,0.35172900490533743,0.3199733301610425,0.26969020947358385,0.18906622222291433,0.3247404502153061,0.3817731250691324,0.3781165284418054,0.35176015587674236,0.3200016771121472,0.2697141258025083,0.18908307947773756
224,0.3391883706844337,5.472162135069954,0.32206748683272907,0.3786689021187626,0.37504298098988204,0.3488680800611088,0.31734464245786165,0.2674424980977931,0.1874556150090469,0.3220960235680294,0.37870243179038765,0.37507618720602287,0.34889897628824457,0.31737275536981,0.2674662141221468,0.18747232735966782
225,0.340702604482132,5.422610728716745,0.31929293590591906,0.37544451736554074,0.3718504374684538,0.34586582106037644,0.3145878275201087,0.26508733233536386,0.18577015129559496,0.3193212267334756,0.3754777609420208,0.3718833603697758,0.3458964513321823,0.31461569663939537,0.2651108403717878,0.1857867137163252
226,0.3422168382798304,5.370901534174171,0.3163919934495084,0.37207078359708395,0.36850998858904555,0.34272652657883806,0.31170683314933784,0.2626280877225259,0.1840122591669265,0.31642002536795616,0.37210372622240195,0.3685426140986477,0.3427568764161943,0.3117344446967734,0.2626513753656184,0.18402866229397344
227,0.3437310720775288,5.317109808883113,0.31336880585579174,0.36855252862546145,0.3650264132888785,0.3394546875815693,0.3087057797639226,0.2600682822997636,0.18218446399294008,0.3133965698465391,0.3685851594919122,0.365058730558482,0.3394847472249946,0.30873312487384524,0.2600913421789314,0.1822007029460866
228,0.3452453058752271,5.2613138411948395,0.31022770533445354,0.36489479887351234,0.36140470704945754,0.33605499584942344,0.3055889698126772,0.2574115870343932,0.18028939832801327,0.31025518968825705,0.36492710424872776,0.3614367017107913,0.33608475345883104,0.3056160382449006,0.25743441106177045,0.18030546775305564
229,0.3467595396729255,5.203594836430311,0.3069731928525383,0.3611028407241312,0.35765006119005166,0.33253232860753884,0.3023608749826954,0.25466181583045433,0.17832979453163117,0.3070003882220257,0.3611348093999137,0.35768172265049264,0.33256177344718474,0.30238765682069735,0.2546843955196427,0.17834568835133266
230,0.3482737734706239,5.1440367986941595,0.3036099387797414,0.3571821004068056,0.35376786756202216,0.32889174374369856,0.29902612927773026,0.25182291712741833,0.17630847703880836,0.30363683625737836,0.35721372181875144,0.3537991848271201,0.3289208667978852,0.29905261668172467,0.2518452462509849,0.17632419120742043
231,0.3497880072683222,5.08272640861531,0.30014277922290694,0.3531382191958499,0.3497637104419018,0.3251384801167913,0.2955895319034038,0.24889897900331026,0.1742283683195311,0.30016936790497073,0.35316948053229397,0.3497946716869888,0.325167268573002,0.2956157127437136,0.24892104682310978,0.17424389478804414
232,0.3513022410660206,5.01975289719218,0.29657669506027673,0.3489770136074966,0.3456433431600386,0.321277936647895,0.29205602519138096,0.2458942072759457,0.17209247011554496,0.2966029670165684,0.3490079054662631,0.34567393844640043,0.3213063825772218,0.29208189261185685,0.2459160084185611,0.1721078055252025
233,0.352816474863719,4.955207915926113,0.29291682728295193,0.34470448334772696,0.3414127108180879,0.3173156772656313,0.2884307017391338,0.24281293434340762,0.16990387238699192,0.29294277252604844,0.34473499392039764,0.3414429304128221,0.3173437683146015,0.28845624405403786,0.24283445830997602,0.16991900826287082
234,0.3543307086614173,4.889185403431988,0.28916843622762656,0.34032677583555454,0.33707789745159217,0.31325740198917235,0.2847187754801713,0.2396595915331357,0.16766572991549256,0.2891940520251445,0.34035690157522225,0.3371077320574745,0.31328513951036463,0.2847439954646416,0.23968084290042935,0.16768067329420394
235,0.3558449424591157,4.821781448720178,0.28533692951989015,0.3358502096836008,0.332645154503418,0.30910897135320475,0.2809256076809651,0.23643873639081453,0.16538128962538534,0.2853622023515837,0.33587993494882823,0.3326745954876781,0.3091363355945239,0.28095048565347325,0.23645969606017864,0.16539602268178483
236,0.35735917625681407,4.753094151348831,0.2814278355628152,0.33128124791904323,0.3281208824874765,0.30487637199152856,0.27705667077897084,0.23315501509760353,0.1630538517236699,0.28145276072000075,0.33131056704481804,0.3281499207926508,0.30490336043985405,0.27708120534199426,0.23317568318060644,0.16306837683108816
237,0.3588734100545124,4.6832234786500075,0.27744681040733027,0.32662650274562904,0.3235116298155141,0.3005657288919456,0.27311756417554983,0.22981318252034835,0.16068679635805044,0.27747138114519493,0.3266554079841503,0.32354025783188417,0.3005923336893836,0.27314174770224364,0.22983355212143286,0.16070110808246052
238,0.3603876438522108,4.612271120237442,0.2733996144446284,0.3218927123406555,0.31882406500064453,0.29618328353613843,0.26911399134998826,0.22641807853971213,0.15828355873523725,0.2734238254657432,0.3219211967096689,0.3188522760357614,0.29620949972455674,0.2691378203726074,0.22643814770487114,0.1582976563470258
239,0.36190187764990916,4.540340340007739,0.26929209398607407,0.3170867191315673,0.31406496122682287,0.291735369960557,0.2650517376160998,0.2229746087402114,0.15584761517411638,0.26931594367071365,0.3171147792238692,0.31409275739448395,0.2917611904675032,0.2650752048528376,0.22299437059071506,0.15586149347131464
240,0.3634161114476075,4.467535825850328,0.26513020807390153,0.3122154934500899,0.3092412284472075,0.28722843588432,0.2609366921306418,0.21948776677101978,0.153382504551142,0.26515368663527106,0.3122431206621177,0.30926859209799895,0.2872538576174724,0.2609597951620599,0.2195072196888716,0.15339616289028135
241,0.3649303452453059,4.393963537284948,0.2609199847050119,0.30728609674953783,0.3043598466673636,0.2826690200912209,0.2567748249993434,0.21596261197718486,0.1508918082953375,0.2609430875614982,0.3073132841441022,0.30438677632833966,0.28269403385849534,0.2567975552125496,0.21598174837142448,0.15090524077147305
242,0.36644457904300426,4.319730551248423,0.25666752876640664,0.3023056760369591,0.29942790087433985,0.27806372745101005,0.25257216357608314,0.21240424837159477,0.1483791341827152,0.2566902557949732,0.3023324235479246,0.2994543931080468,0.2780883367494664,0.25259452574316055,0.2124230740140348,0.14839234674268742
243,0.3679588128407026,4.244944906255133,0.25237906420162537,0.29728151766877425,0.2944526010992878,0.273419303338402,0.2483348683503186,0.20881789876446424,0.1458481807715366,0.25240141089876983,0.297307819770704,0.2944786522640929,0.273443501000407,0.2483568549438685,0.20883640621261151,0.1458611671350798
244,0.36947304663840097,4.169715445158006,0.24806079791553515,0.29222089662630074,0.2894411542713369,0.26874246767371557,0.24406906667057926,0.20520874481103113,0.1433026007024596,0.2480827633601552,0.2922467518303562,0.28946676406382543,0.2687662512296093,0.24409067508385968,0.20522693159238894,0.14331535894373137
245,0.37098728043609935,4.094151656738894,0.24371900891419304,0.2871311720250308,0.2844008467463905,0.264040022402179,0.23978096292563572,0.2015820361512215,0.1407460978010862,0.24374059015238336,0.2871565771395937,0.2844260104071878,0.2640633906610852,0.23980219282079415,0.20159990270906053,0.14075862889514473
246,0.3725015142337977,4.018363516358856,0.23936001235788013,0.2820197471935545,0.2793390090511748,0.2593188083041427,0.23547679534440696,0.19794304893946152,0.13818239148796088,0.23938120437448437,0.28204469637297175,0.27936372157073486,0.25934175490332045,0.23549764043400392,0.19796058941750588,0.1381946907857986
247,0.37401574803149606,3.9424613259002608,0.23499023679716646,0.2768941516282075,0.2742630992958346,0.25458578340422616,0.2311629114112974,0.19429715587957755,0.1356152750010981,0.23501104202187384,0.276918647282898,0.2742873628582261,0.25460831113734106,0.23118337465533578,0.19431437330751938,0.13562734521741668
248,0.37552998182919445,3.866555553233703,0.23061599406947703,0.27176179539319095,0.2691804548300137,0.24984778726512172,0.2268455412997426,0.19064961616901382,0.13304844130717405,0.23063641402735716,0.2717858389853355,0.2692042706568444,0.24986989791741274,0.22686562463925763,0.19066651264971518,0.13306028470214487
249,0.3770442156268928,3.7907566714433147,0.2262436950983973,0.26663019599094673,0.26409852096559344,0.24511176151870082,0.2225310122382859,0.1870057777802322,0.130485655702664,0.22626372599006073,0.26665378338517554,0.26412188515710217,0.24513345093143613,0.22255071160746323,0.18702234941665805,0.1304972687042168
250,0.37855844942459116,3.7151749980444877,0.22187971858393235,0.2615068391037162,0.25902471135991734,0.24038461473043565,0.21822561772170318,0.183370954781672,0.12793065150446062,0.22189936428261817,0.2615299744198612,0.2590476277869087,0.24040588719782272,0.21824493739723627,0.18338720570141176,0.12794203778492289
251,0.38007268322228954,3.639920534428038,0.21753045063916904,0.2563992191843244,0.2539664481871686,0.2356732630998194,0.21393565790710384,0.17975046673121742,0.12538716596141974,0.21754971095966194,0.2564219021373952,0.25398891710658217,0.23569411779138583,0.21395459688339957,0.17976639581660742,0.12539832447764077
252,0.38158691701998787,3.565102805764429,0.213202249170549,0.2513148003306709,0.2489311250702755,0.23098459097886162,0.20966740126002686,0.1761496029359504,0.12285891045308484,0.21322112724133188,0.2513370344928106,0.24895314893182696,0.2310050325554091,0.20968596446605653,0.17616521512040936,0.12286984557732003
253,0.38310115081768625,3.4908307016010833,0.20890145320284584,0.24626102602807856,0.2439261124830995,0.2263254656317442,0.2054271011292428,0.17257364017377258,0.12034958723653391,0.20891994976914724,0.24628281238958183,0.24394769368706262,0.22634549313203556,0.20544528671663964,0.1725889327693908,0.12036029570535695
254,0.38461538461538464,3.417212317384813,0.2046343558374559,0.2412452885111384,0.23895873466239392,0.22170269929763248,0.2012209561601811,0.16902780359337274,0.11786285575677877,0.2046524767124587,0.24126663312506405,0.2389798781513358,0.22172232050222482,0.20123877255320652,0.16904278530087885,0.11787334561977073
255,0.38612961841308296,3.344354797139946,0.20040721265195996,0.23627493670163646,0.23403626901918823,0.2171230688190114,0.19705513481590098,0.16551729498979342,0.11540236117916196,0.20042495879216377,0.2362958412378554,0.23405697646910456,0.21714228440581831,0.19707258200478933,0.16553196504549295,0.11541263097212942
256,0.38764385221078135,3.2723641775311556,0.19622621342569047,0.23135724566764915,0.22916592220666682,0.21259327657057855,0.19293573353910007,0.16204725022690059,0.1129716960231055,0.19624359174848444,0.23137771796331538,0.22918620133230155,0.21261209423120483,0.1929528188587117,0.1620616152469505,0.11298175099192675
257,0.38915808600847973,3.2013452335379635,0.19209749422895897,0.2264994289378212,0.2243548382512297,0.20811996939649224,0.1888687984954799,0.15862276297089328,0.11057442335790366,0.19211450687422815,0.22651947112834203,0.22437469197744636,0.20813839041854781,0.18888552287159122,0.15863682348085825,0.110584263597056
258,0.39067231980617806,3.13140132596547,0.18802710760619265,0.22170860330908904,0.21961006828471968,0.20370970036490765,0.1848602877153721,0.1552488491209057,0.10821404752388672,0.18804376033091663,0.22172822224589211,0.21962950280633944,0.20372773165504643,0.18487665773130577,0.15526261101742073,0.10822367754947468
259,0.39218655360387644,3.0626342510132805,0.18402102451994173,0.21699179323441553,0.21493856862213132,0.199368938138923,0.18091608188581146,0.1519304585166794,0.10589402527884531,0.18403732587769558,0.217010998275182,0.21495759351815813,0.19938658805012047,0.18093210508160068,0.15194392826457248,0.1059034498815941
260,0.3937007874015748,2.9951440921215564,0.18008512379476804,0.21235591519072639,0.2103471920489318,0.1951040474255838,0.17704196448046686,0.14867245605867613,0.10361774970795591,0.18010108198765087,0.21237471735623192,0.21036581880778815,0.19512132654070913,0.1770576508403506,0.1486856421863726,0.10362697618928302
261,0.39521502119927315,2.92902907430981,0.17622518865396478,0.20780777824893776,0.20584268382783524,0.19092129419137138,0.17324362884092898,0.145479629605975,0.10138856107283548,0.17624080356363167,0.2078261756321789,0.20586090917806057,0.19093820020762525,0.17325897591343722,0.14549253009682417,0.101397587472216
262,0.39672925499697154,2.864385421220433,0.1724468711345936,0.20335403664400492,0.201431635992304,0.1868267966295518,0.1695266307338875,0.1423566482882302,0.09920971012048932,0.17246215919077937,0.20337204994942187,0.2014494769496838,0.18684335141738231,0.1695416597576811,0.14236928217774178,0.0992185498365481
263,0.3982434887946699,2.801307215075047,0.16875575212938596,0.19900126482475872,0.19712055998953734,0.18282660289135222,0.16589646296279728,0.13930812828627268,0.09708441534089204,0.16877069391709817,0.19901887115879968,0.1971379992379404,0.18284278393012848,0.1659111513896631,0.1393204738790204,0.09709304971736696
264,0.39975772259236825,2.7398862597474505,0.16515722793969334,0.19475582120932872,0.19291575174559739,0.17892655994947393,0.16235843281313975,0.1363385259093413,0.09501577146276104,0.16517182792147936,0.19477302679053826,0.19293279528144247,0.1789423693806854,0.1623727825038497,0.13635058505403824,0.09502420316794541
265,0.40127195639006663,2.6802119471524657,0.16165658308775027,0.19062393749068995,0.1888233912703951,0.17513238685658905,0.15891772785923228,0.1334521934778919,0.09300680436745201,0.1616708847851105,0.19064078950734722,0.18884008316792686,0.1751478738806413,0.1589317862221742,0.13346400962256716,0.09301506734580975
266,0.402786190187765,2.622371127145173,0.15825897195197608,0.18661169120339066,0.1848494920029028,0.1714496736153987,0.1555794190733135,0.1306533854907936,0.09106046818307356,0.15827302116837977,0.186628241443985,0.18486588706617108,0.1714648838129807,0.15559322966197486,0.13066499844550553,0.09106859486506833
267,0.40430042398546334,2.5664479811198273,0.15496938190474632,0.18272496870847116,0.1809998930416127,0.16788381468882915,0.1523483977253255,0.12794620319391586,0.08917960950113465,0.15498314089432505,0.18274117662857434,0.1810159488640905,0.16789870995611583,0.15236192388711217,0.12795757859805362,0.08918756792772156
268,0.4058146577831617,2.512523899492442,0.1517926472876095,0.1789694784951582,0.17728024503292156,0.16444005082381954,0.14922941383640734,0.12533462675030482,0.08736698297573561,0.15180612832987075,0.1789853579460049,0.17729597417255125,0.16445465012275187,0.14924266915790624,0.12534577150093612,0.08737478333176357
269,0.4073288915808601,2.4606773632453875,0.14873343425817154,0.1753507301223838,0.17369600633568907,0.16112344306829476,0.1462270505451303,0.12282249133860576,0.08562525066178464,0.1487466520915126,0.17536629872923482,0.17371142852635107,0.1611377537930491,0.1462400457165511,0.122833419459035,0.08563289904636345
270,0.40884312537855844,2.4109838297063426,0.14579624381657377,0.1718740451512631,0.1702524508739482,0.15793886165703502,0.14334571877743182,0.12041348922866192,0.08395696199408556,0.14580920556891558,0.17188931150742331,0.1702675728229948,0.15795289541560792,0.1433584633591045,0.12042420786008509,0.08396446468484942
271,0.4103573591762568,2.363515622727869,0.14298538830227073,0.16854452363111017,0.16695462954727563,0.15489098193868514,0.14058965004778995,0.11811115877926173,0.08236456202532141,0.14299810593930914,0.16855950101520062,0.16696946585728348,0.15490475132531017,0.14060215494727413,0.11812167603748967,0.0823719244739616
272,0.4118715929739552,2.318341827427462,0.14030499599402896,0.16536705157691095,0.1638073843672593,0.1519842757371814,0.13796288858113478,0.11591887740445651,0.08085038085961456,0.14031748212021924,0.16538175537848754,0.16382194906269204,0.1519977963881181,0.1379751679435157,0.11592920569310211,0.08085761194955668
273,0.41338582677165353,2.2755281896412214,0.13775900879765368,0.16234629863203165,0.1608153406220661,0.14922301946996924,0.13546929895146248,0.1138398697338212,0.07941664094492337,0.13777127320968138,0.16236073905458656,0.16082964489104656,0.14923629915870346,0.13548136080152817,0.11385001638803774,0.07942374546140435
274,0.4149000605693519,2.235137020237512,0.13535116920500137,0.1594867007567629,0.15798289313617397,0.14661126736781788,0.1331125447046723,0.11187719189465013,0.07806544429319806,0.13536322110313417,0.15950088926272232,0.15799694838043052,0.14662431590207706,0.13312439772707726,0.11188716425898582,0.07807242747452806
275,0.4164142943670503,2.1972271044298832,0.13308500947683008,0.1567924491559312,0.15531419745557745,0.14415284525698585,0.13089607746784152,0.11003371664681945,0.07679876235349717,0.13309686351298464,0.15680640323329978,0.15532801873260396,0.14416568115708472,0.13090773948352905,0.11004353080210888,0.07680563677937931
276,0.4179285281647486,2.1618536162211965,0.1309638641679824,0.15426750537788864,0.15281317338710693,0.1418513747915725,0.1288231658807549,0.1083121653371728,0.07561846316912371,0.13097553083797658,0.15428123692495102,0.15282677527759975,0.1418640063991578,0.1288346429686206,0.10832182479267839,0.07562523018146838
277,0.419442761962447,2.1290680381035134,0.12899084675371453,0.15191557241606687,0.15048349363322153,0.13971022739531916,0.1268968452018454,0.1067150565986042,0.07452626704658294,0.1290023407775665,0.15192909846523683,0.1504968917369047,0.13972267205927866,0.1269081540750426,0.10672457647152553,0.07453293822642246
278,0.4209569957601454,2.0989180861305994,0.12716885670273456,0.14974010332469762,0.14832857816873363,0.13773254926642242,0.12511994766518986,0.10524473973506449,0.07352377758852605,0.12718019120667082,0.14975343924312917,0.1483417878646715,0.13774482100619062,0.12513110104320835,0.10525413072588712,0.07353036042231254
279,0.4224712295578437,2.0714476404720887,0.1255005714859229,0.1477442921389783,0.14635159154643834,0.13592124502903546,0.12349508390477279,0.10390337526990812,0.07261246436771066,0.1255117591200683,0.14775745272476884,0.146364627644052,0.13593335736025305,0.1235060940431087,0.10391264766772743,0.07261896604979948
280,0.4239854633555421,2.0466966815503875,0.12398844096971894,0.14593106698400352,0.14455543553605996,0.1342789723667074,0.12202463855982694,0.10269293173501133,0.07179366124592818,0.12399949457788124,0.14594406734154228,0.1445683128734616,0.13429093934817946,0.12203551831218101,0.10270209643727365,0.0718000894915308
281,0.4254996971532405,2.0247012318532622,0.12263468510261573,0.14430308755625126,0.14294274510606175,0.1328081413003894,0.12071077032845419,0.10161518645463546,0.07106856759938547,0.12264561879668383,0.1443159441235965,0.14295548007173473,0.13281997805413331,0.1207215334849549,0.10162425514858478,0.07107493070641804
282,0.4270139309509388,2.005493303506793,0.1214412938591606,0.1428627443647958,0.14151588921109753,0.13151091217924935,0.119555409724671,0.10067172333614213,0.07043824655681531,0.12145212043297303,0.14287547218755892,0.14152849657558522,0.13152263272309353,0.11956606910864837,0.10068070690476888,0.07044455226717358
283,0.4285281647486372,1.9891008516850013,0.12041001793563277,0.14161214857502544,0.14027695954410827,0.1303891872305814,0.11856025159132008,0.09986392660638489,0.06990362052153024,0.12042075186658327,0.141624764530796,0.140289456193008,0.13040080700343853,0.11857082123081358,0.09987283687889072,0.06990987715508065
284,0.4300423985463356,1.9755477339239564,0.11954237263356896,0.1405531356841186,0.1392277753727727,0.12944461308058894,0.11772675722816872,0.09919298260758144,0.06946547258524269,0.119553027327065,0.14056565552919262,0.13924017670291447,0.1294561468593666,0.11773725069499606,0.09920183116392588,0.06947168842951101
285,0.4315566323440339,1.964853675399571,0.11883963009566317,0.13968725701766385,0.13836987370561438,0.12867857425279505,0.11705614896081724,0.0986598756179122,0.06912444390624103,0.11885021916716464,0.13969969666146476,0.13838219558595755,0.12869003662886183,0.11706657951862429,0.09866867363947518,0.06913062685966129
286,0.4330708661417323,1.957034240219626,0.1183028238948869,0.13901578442843537,0.1377045151152844,0.12809219651058928,0.11654941287658942,0.09826538993136191,0.06888103493133699,0.11831336078145531,0.139028159643161,0.13771677325577503,0.12810360192013692,0.11655979361136976,0.09827414839546017,0.06888719263486662
287,0.4345850999394307,1.9521008087718068,0.11793274002247756,0.13853970001119242,0.13723267343607057,0.1276863375103224,0.11620729034101035,0.09801010267090496,0.06873560050020071,0.11794323971805326,0.13855202829195948,0.13724488503346505,0.1276977023276579,0.11621763632345294,0.09801883450925454,0.0687417423045247
288,0.436099333737129,1.9500605611607125,0.11772992270867666,0.138259702786954,0.13695504041283849,0.12746159467647525,0.11603028582500818,0.09789439124227928,0.0686883559050995,0.11774039447666769,0.13827199539976145,0.13696721665158584,0.12747292900255078,0.11604060599516917,0.09790310365054707,0.06869448651014848
289,0.4376135675348274,1.950916466757947,0.11769466596479604,0.13817619894418054,0.1368720220819399,0.1274182911915656,0.11601865244512312,0.09791841878030352,0.0687393631605989,0.1177051408751735,0.13818849073188774,0.13688419751213227,0.12742962822667697,0.11602897806371686,0.09792713960574248,0.06874550389906516
290,0.43912780133252577,1.9546672798805051,0.11782702446049736,0.1382893135586995,0.13698373927646187,0.1275564963887497,0.11617241391909473,0.09808215744375154,0.06888855509857827,0.11783749900754009,0.13830160228326327,0.1369959114611544,0.1275678330715698,0.11618274106475357,0.09809088161096319,0.06889469991091984
291,0.4406420351302241,1.9613075416037344,0.11812680045799416,0.13859887652845934,0.13729002590744843,0.1278760022469655,0.11649133945426059,0.0983853619521057,0.06913570792769835,0.11813731816042847,0.13861121042675414,0.13730224329708696,0.1278873841840994,0.11650171108589163,0.09839412787227371,0.06914188646284697
292,0.4421562689279225,1.9708275877062431,0.1185935509149606,0.1391044298702485,0.1377904294149792,0.1283763364914444,0.11697495813916055,0.09882758507982847,0.06948045760860735,0.1186041630705483,0.13911686632956957,0.1378027492573725,0.12838781816510433,0.11698542552041064,0.09883643836440587,0.06948670474535362
293,0.44367050272562086,1.9832135627351843,0.11922659388058088,0.13980523530331201,0.1384842162848101,0.12905676937322205,0.11762256430032855,0.0994081817621226,0.06992230281222282,0.1192372353695038,0.13981770665543614,0.13849656909580554,0.12906828544533774,0.11763306371436297,0.09941706205613807,0.06992856774724993
294,0.4451847365233192,1.9984474401714487,0.12002499871131697,0.14070026256067097,0.13937036884914358,0.12991630072160687,0.11843320701402221,0.10012630024434452,0.07046059596080304,0.12003572350037528,0.14071282757921486,0.1393828152475825,0.12992790546706406,0.11844378937225378,0.10013525328359339,0.0704669148253094
295,0.4466989703210176,2.0165070486654217,0.12098758652431343,0.14178819097713471,0.14044757907503574,0.1309536610319679,0.11940568787247993,0.10098087807517725,0.07109454132275658,0.12099840646882247,0.14180086406529419,0.14046013231419463,0.13096536859772318,0.1194163663429777,0.10098991521526862,0.07110092228299136
296,0.4482132041187159,2.037366104305111,0.12211294550915193,0.14306742571775063,0.1417142666262191,0.13216733084601473,0.12053858304433798,0.10197066497307085,0.07182321376433658,0.12212387286111057,0.1430802214784385,0.14172694129352914,0.1321791544020557,0.12054936941271123,0.10197979590317444,0.07182966335996341
297,0.4497274379164143,2.06099424886969,0.12339942137007882,0.14453608713638658,0.14316857061505234,0.1335555262191679,0.12183022701021509,0.10309420581079318,0.07264554377753368,0.12341046988917231,0.14454902173763606,0.14318138282230286,0.13356748053101491,0.12184113465019109,0.10310344175523409,0.0726520698647949
298,0.45124167171411267,2.0873570940127864,0.12484512200406077,0.1461920167644809,0.14480835277546655,0.13511620709491035,0.12327872146637275,0.1043498495589721,0.07356032521496315,0.12485630556780299,0.14620510653110178,0.14482131859770064,0.13512830729465006,0.1232897641921763,0.10435920222909999,0.07356693611145315
299,0.452755905511811,2.1164162713111927,0.12644792405098015,0.14803278353622346,0.14663120604453864,0.13684708133774537,0.12488193854507065,0.10573575159499418,0.07456621651894164,0.12645925383572673,0.148046041966651,0.14664433814610944,0.13685934045603992,0.12489312838991426,0.10574523125813032,0.0745729195024
300,0.4542701393095094,2.148129488106186,0.12820546987923986,0.15005568199861363,0.1486344497462501,0.13874560564070718,0.12663752250629132,0.10724987594947315,0.07566174312411664,0.12821695934879218,0.15006912450310506,0.14864776546373804,0.13875803565426229,0.12664886941168846,0.10725949004710394,0.07566854256561059
301,0.45578437310720776,2.1824505890561676,0.13011517588817187,0.15225774049543306,0.15081514142563848,0.14080898984003837,0.1285428926862882,0.10888999683840456,0.07684529749547529,0.13012684291127544,0.15227138794087247,0.15082865931951836,0.14082161259692727,0.1285544178670238,0.10889976476423602,0.07685220862176254
302,0.4572986069049061,2.2193296233110296,0.1321742350592084,0.15463572431505493,0.1531700756491411,0.14303420372067355,0.13059525072003092,0.11065370591054924,0.07811514562978111,0.13218608627628362,0.15464958501801307,0.15318380485779406,0.14304702545512196,0.13060695897616914,0.1106636306293903,0.07812216930166871
303,0.4588128407026045,2.2587129172105125,0.1343796192213862,0.15718613906652912,0.15569579317099103,0.14541797484141833,0.1327915771737941,0.11253840764933849,0.07946942119922326,0.1343916669333322,0.15720022748954182,0.15570974780040042,0.14543100912237006,0.13280348096672487,0.11254849980072625,0.07947656503514038
304,0.46032707450030286,2.300543152400723,0.13672808874418474,0.1599052405356705,0.1583885833474874,0.14795680527417507,0.13512864955691728,0.11454133810548175,0.08090614394051075,0.1367403453538893,0.1599195711921586,0.15840277775774825,0.14797006552690753,0.13514076114500928,0.1145516080881938,0.08091341531640575
305,0.4618413082980012,2.3447594492551307,0.13921618708992606,0.1627890303364681,0.1612444860921985,0.15064695991896015,0.13760302830223906,0.1166595487514009,0.08242320197502184,0.1392286657523468,0.16280361860462497,0.16125893556176732,0.1506604602955301,0.13761536057817306,0.11667000747777863,0.08243060861100068
306,0.46335554209569957,2.3912974554786404,0.14184026079975587,0.16583327539128342,0.1642593110680066,0.15348448843996676,0.1402110794755904,0.11888992908986867,0.08401837236380771,0.14185297232718813,0.16584813401552162,0.16427402824428708,0.1534982406345629,0.14022364303597953,0.11890058542337259,0.08402592037467697
307,0.46486977589339795,2.4400894397657646,0.14459644652396889,0.16903349929035172,0.16742861697045347,0.15646522169003857,0.1429489709874899,0.12122920298566968,0.08568931864841017,0.1446094073367957,0.16904864729775945,0.16744362051447728,0.1564792436214554,0.1429617824085631,0.12124007126097944,0.08569701849229666
308,0.4663840096910963,2.4910643903766063,0.14748069659846375,0.1723850040533086,0.17074775802754424,0.15958477828628298,0.14581267689497218,0.12367392968565591,0.08743358623234324,0.14749391663888792,0.1724004532938906,0.1707630599027201,0.1595990804936512,0.14582574551606522,0.12368501744243997,0.0874414427781358
309,0.46789824348879466,2.5441481184871924,0.15048876920410562,0.17588286484521387,0.17421185165873532,0.1628385762224036,0.14879799066846144,0.12622051895251402,0.08924862025086641,0.15050226160755917,0.1758986306100559,0.17422746695861857,0.16285317294182813,0.14881132953684562,0.12623183728114695,0.08925664129413144
310,0.46941247728649305,2.5992633661636972,0.15361624267379775,0.17952194371889957,0.17781580930627172,0.16622183465016888,0.1519005251373777,0.12886522853485488,0.09113175916863518,0.15363001129890128,0.17953803130163945,0.17783174357663992,0.16623672986869195,0.15191413719372734,0.12887677899299227,0.09113994466563767
311,0.4709267110841914,2.6563299188034675,0.15685851987908497,0.1832968953702689,0.18155433594458675,0.16972958333746188,0.15511572172391083,0.13160417287673964,0.09308024250313854,0.15687251783601,0.1833132547674931,0.1815705394559293,0.16974472772611268,0.15512955898404196,0.13161591076136436,0.09308855646200731
312,0.47244094488188976,2.7152647218791737,0.1602108345120402,0.18720217446778054,0.18542193851583139,0.17335666860585738,0.15843885574444788,0.1344333274107832,0.09509121346164187,0.16022510627461226,0.18721885379901318,0.18543845707868703,0.17337211144679734,0.15845296699653325,0.13444529957267534,0.09509969679350652
313,0.47395517867958814,2.7759820018161627,0.16366825701799742,0.19123204255411166,0.1894129322996852,0.17709776009526465,0.1618650426131572,0.13734853382916756,0.09716172267786424,0.16368283442211404,0.19124907673906205,0.18942980104984536,0.17711353449695783,0.1618794589684146,0.13736076763477506,0.09717039474122023
314,0.47546941247728647,2.838393390827121,0.16722571028764735,0.19538058587435642,0.1935214600840978,0.18094736666153735,0.16538925290798087,0.14034551363948633,0.09928873881907051,0.16724072889654804,0.19539812268801662,0.19353882883088316,0.18096361276316408,0.16540410744972683,0.14035812972851336,0.09929769486171525
315,0.47698364627498485,2.9024080555223577,0.17087796554730714,0.19964171107098075,0.1977414852867225,0.1848998333043414,0.1690063084501572,0.14341986328914308,0.10146914285436734,0.17089324932788488,0.19965956405468288,0.1977591663673911,0.18491636930527078,0.16902142442294463,0.14343269561457742,0.10147824493208116
316,0.47849788007268323,2.9679328291084905,0.17461965672776011,0.20400916197219593,0.20206681003654497,0.1889493568581337,0.17271089814123178,0.14656706952725557,0.10369974174335243,0.17463527775272739,0.20402740878021672,0.20208488086605664,0.18896625815990373,0.17272634824354238,0.14658018561294875,0.10370904535706527
317,0.48001211387038156,3.0348723469831853,0.17844529004411394,0.2084765288647833,0.20649108741094657,0.19308999245190533,0.17649758264283152,0.1497825118200864,0.10597726764641685,0.17846125570785998,0.20849517821573713,0.2065095566777429,0.1931072669598016,0.1765133740276682,0.14979591772859985,0.10598677720153371
318,0.48152634766807995,3.103129185528587,0.18234924466613878,0.21303725393787043,0.2110078188441729,0.19731566190631197,0.18036080250999728,0.15306146986129143,0.10829838437877268,0.1823655659120553,0.2130563183940417,0.2110266991202759,0.19733332122493286,0.18037694588432834,0.1530751749357098,0.1083081070308424
319,0.48304058146577833,3.172604003901407,0.18632579034470784,0.21768464617108446,0.215610377635323,0.20162016481091977,0.18429488860278181,0.15639913268082606,0.11065969390840738,0.18634247026260609,0.21770412982110865,0.21562967307213843,0.20163821225591008,0.18431138663856722,0.15641313874816962,0.11066963054694717
320,0.48455481526347666,3.2431956886133597,0.19036909134422725,0.22241188931639272,0.22029201183549704,0.20599718709452589,0.18829406950289135,0.1597906044858488,0.11305773996685939,0.19038613309909316,0.22243179622994463,0.22031172647542874,0.20601562613816254,0.1883109251301822,0.1598049137287033,0.11306789182858971
321,0.48606904906117504,3.3148015006915115,0.194473215304113,0.227212051400976,0.22504585504671526,0.21044030972976657,0.19235247972926103,0.1632309118687703,0.11548901336449198,0.19449062858847752,0.22723239261038913,0.2250659997939571,0.2104591507771892,0.19236970265325504,0.1632455328352567,0.11549938694286162
322,0.4875832828588734,3.3873172252043213,0.1986321426130919,0.23207809568161247,0.22986493695582128,0.21494301884191377,0.1964641688512615,0.166715011409716,0.11794995716023948,0.1986499308103455,0.23209887543435676,0.2298855160411179,0.2149622655772148,0.19648176222857378,0.16672994649719616,0.11796055383337513
323,0.48909751665657175,3.4606373229358187,0.20283977571173675,0.23700289136983477,0.23474219438489696,0.21949871550968467,0.20062311049912368,0.17023779736502945,0.12043697210759532,0.20285794348971334,0.23702411525241854,0.23476321333913053,0.21951837300396423,0.20064107888239777,0.17025305034328833,0.1204477944803088
324,0.49061175045427013,3.5346550839871314,0.20708994888742802,0.24197922511487394,0.23967048236264976,0.2241007265819013,0.20482321228566291,0.17379411013375876,0.1229464226690877,0.20710850018701096,0.2420008978826022,0.23969194588630585,0.22412079912900726,0.20484155950411254,0.173809684137333,0.12295747289858176
325,0.4921259842519685,3.6092627830818227,0.2113764366848892,0.24699981084828093,0.24464258403198935,0.22874231365694336,0.2090583239459003,0.17737874304941334,0.12547464161733268,0.211395374288093,0.2470219359513163,0.24466449553949252,0.22876280429608736,0.20907705264381685,0.1773946401568276,0.12548592099341652
326,0.49364021804966685,3.684351836349003,0.21569296315396388,0.25205730068536114,0.24965122120219677,0.2334166832794609,0.21332224663246205,0.18098645021122603,0.12801793545404233,0.21571228968330547,0.2520798813467445,0.24967358387178076,0.2334375948837399,0.2133413593381516,0.181002672454825,0.12802944529982493
327,0.49515445184736523,3.7598129593560534,0.2200332126685717,0.25714429725424004,0.2546890670788673,0.23811699820288695,0.21760874330567215,0.18461195545633563,0.13057259086961692,0.22005293015429486,0.25716733599014796,0.2547118834025326,0.23813833297722237,0.21762824193282962,0.18462850434421652,0.13058433220413973
328,0.4966686856450636,3.835536326160918,0.2243908372441559,0.26225336272417354,0.25974875518964174,0.2428363853180951,0.22191154561028836,0.18824995764554694,0.1331348777418223,0.22441094679006804,0.26227686100400094,0.2597720265920938,0.2428581445118491,0.22193143119534786,0.18826683393014637,0.13314685099808704
329,0.49818291944276194,3.9114117291525283,0.22875947017190357,0.2673770338727579,0.2648228918051477,0.2475679524513201,0.2262243704672051,0.19189514643226718,0.13570106289193612,0.22877997211489606,0.26740099226660663,0.2648466188602146,0.24759013644076544,0.22624464323222335,0.1919123501587064,0.13571326798782718
330,0.4996971532404603,3.987328739446716,0.233132728260321,0.27250782624837755,0.2699040662292801,0.2523047857408199,0.23054091503694413,0.19554219439897902,0.1382673986929333,0.23315362254340208,0.27253224483544275,0.26992824898730405,0.2523273944979652,0.23056157486378692,0.1955597253611116,0.13827983541157862
331,0.5012113870381587,4.063176867604131,0.23750422994464268,0.27763825362070826,0.2749848628840995,0.25703997509430254,0.23485488297535637,0.19918578337771878,0.14083014822535955,0.23752551504395886,0.2776631308499043,0.2750094997956898,0.2570630070249712,0.2348759282674955,0.19920364004883723,0.14084281533431892
332,0.502725620835857,4.138845724436325,0.24186759851106052,0.2827608329583849,0.28005787074212285,0.2617666140365053,0.23915998232627053,0.20282059998187052,0.1433855777941809,0.24188927292906343,0.2827861672964204,0.28008295980858927,0.2617900681165361,0.23918141226848885,0.20283878177730771,0.14339847501239916
333,0.5042398546335555,4.214225181665931,0.246216475130765,0.28786809915655687,0.2851156965481213,0.26647781485105027,0.24344994001284836,0.20644134880064136,0.1459299676648722,0.24623853661835454,0.2878938879735451,0.28514123611488973,0.2665016874925626,0.24347175079489644,0.2064598519597886,0.1459430919005128
334,0.5057540884312538,4.289205532207062,0.2505445263082865,0.2929526140060482,0.29015097378071913,0.2711667166605727,0.24771850905374554,0.21004275826977836,0.14845961585841227,0.25056697287952034,0.29297885514624067,0.290176961025747,0.27119100655116857,0.24774069975439955,0.21006158229764202,0.14847296706768875
335,0.5072683222289521,4.363677649832795,0.2548454540028204,0.2980069780114494,0.29515637444916176,0.27582649628493433,0.2519594784532698,0.21361958901854655,0.15097084393596705,0.25486828230212805,0.29803366766744055,0.29518280583143747,0.27585119952674264,0.25198204530176915,0.21363873048782947,0.15098441949142258
336,0.5087825560266506,4.437533147997202,0.25911300498707696,0.30302384133751104,0.3001246198864223,0.2804503783873648,0.2561666824633504,0.21716664172217168,0.15346000262531212,0.25913621234918915,0.30305097642717316,0.30015149234474225,0.28047549209643236,0.25618962280609997,0.21718609837874023,0.15347380097718463
337,0.5102967898243489,4.51066453758086,0.26334098028096,0.30799591487900596,0.30504849174460796,0.28503164567955175,0.2603340098911202,0.22067876498627992,0.1559234773610608,0.26336456305733724,0.3080234912343059,0.3050758011678252,0.28505716590556973,0.2603573200566151,0.22069853365419267,0.15593749624270323
338,0.5118110236220472,4.582965383330301,0.267523243154329,0.31291597983093505,0.3099208414580402,0.28956364764834047,0.2644554119267708,0.22415086175082904,0.15835769244200998,0.2675471950073532,0.3129439903109509,0.30994858071757003,0.2895895676372094,0.2644790855859751,0.22417093684176917,0.15837192765242936
339,0.5133252574197457,4.65433045876361,0.2716537289287091,0.31777689906098816,0.3147346015423929,0.2940398110804758,0.2685249117937585,0.22757789756580207,0.16075911712976992,0.2716780470857646,0.3178053403478966,0.31476276717503987,0.2940661280068887,0.2685489465167092,0.22759827722628706,0.1607735676458571
340,0.514839491217444,4.724655899316787,0.27572645422767716,0.3225716280562716,0.31948279624253617,0.29845365035153065,0.27253661420105163,0.23095490866417157,0.16312427135292185,0.27575113266993345,0.32260049312681904,0.31951138215996217,0.2984803566540342,0.27256100256852256,0.2309755860479221,0.16313893174640853
341,0.5163537250151423,4.793839353508024,0.2797355238877655,0.3272932230911716,0.3241585500698967,0.30279877436967845,0.27648471132693914,0.2342770065789006,0.16544972848731038,0.2797605542947933,0.3273225026992272,0.3241875460730886,0.30282586240667664,0.2765094466837605,0.2342979763694874,0.16546459551199622
342,0.5178679588128408,4.8617801318997955,0.28367514109650793,0.33193485320241095,0.3287550991296989,0.3070688982279288,0.2803634937540809,0.23753938777747466,0.16773212265602927,0.2837005098422949,0.33196453196113607,0.3287844904801563,0.3070963527266078,0.2803885614080781,0.2375606364793917,0.16774718518559828
343,0.5193821926105391,4.928379353642011,0.2875396146326676,0.336489808694415,0.33326579985948157,0.3112578506628491,0.284167357050109,0.24073733897775684,0.16996815213176925,0.28756533675103624,0.33651990223164396,0.33329560205654307,0.3112856873730456,0.2841927726661667,0.24075888174892085,0.16998342330977312
344,0.5208964264082374,4.9935400903830125,0.2913233680758433,0.3409515120102131,0.33768413969925953,0.315359584155019,0.28789081099356006,0.24386624496880885,0.17215458500326764,0.29134940992462116,0.3409819835140469,0.33771431665711726,0.3153877669087327,0.2879165397907726,0.24388805001025332,0.17217004002119457
345,0.5224106602059359,5.057167507338848,0.2950209446920796,0.3453135237384328,0.34200374305427306,0.3193681802806562,0.29152848427901495,0.24692159234502192,0.17428826145466195,0.2950472893921457,0.34534435396202945,0.3420342759904105,0.31939669045328456,0.29155450856792864,0.2469436436536276,0.17430388720455064
346,0.5239248940036342,5.11916900131558,0.2986270222548685,0.34956955946683277,0.3462183879600232,0.3232778656393204,0.2950751393925647,0.24989898266345262,0.17636610394245467,0.2986536701751437,0.3496007478096448,0.3462492753871847,0.3233067044395874,0.2951014615610762,0.24992128404054242,0.17638190539621268
347,0.5254391278013325,5.179454335483796,0.30213640760904514,0.3537134847202519,0.35032200103294464,0.32708300639885834,0.2985256668555528,0.2527941263920154,0.1783851114002411,0.3021632852812804,0.35374495089654423,0.35035316138058126,0.32711209828928095,0.2985522158948799,0.2528166149521899,0.17840104269977064
348,0.526953361599031,5.237935770709046,0.3055440599321529,0.3577393408090853,0.3543086836180797,0.3307781328602141,0.30187510841997145,0.2556028637159801,0.18034237545607407,0.30557126820228636,0.35777119122456785,0.35434022563815704,0.33080757927418114,0.3019019817372339,0.25562562939745326,0.18035850845987855
349,0.5284675953967293,5.294528193247188,0.30884508218479445,0.3616413363359992,0.3581727007380965,0.3343579313118177,0.30511864901159624,0.2583211570971487,0.18223507441490297,0.3088724439901558,0.36167337993979254,0.3582044308472389,0.3343875509164532,0.30514567345824894,0.25834404054709775,0.1822512784441246
350,0.5299818291944276,5.349149238618726,0.31203474323607067,0.36541387139078846,0.36190851053927386,0.33781726604534557,0.30825163711705617,0.2609451084268809,0.18406048595960883,0.3120623947799092,0.3654462530187329,0.3619405711694651,0.3378472032507512,0.30827895459689525,0.26096824478006797,0.1840768761539056
351,0.531496062992126,5.401719411481899,0.315108461797984,0.36905152163646526,0.3655107442564945,0.3411511637791733,0.31126956985333,0.2634709457746817,0.18581597566029284,0.31513619655454406,0.36908401556223314,0.36554292245637704,0.34118118493981325,0.3112969490601178,0.2634941153147844,0.18583236770240225
352,0.5330102967898244,5.452162201329978,0.31806184517911185,0.37254908205527265,0.3689742458087649,0.3443548574090658,0.3141681336450061,0.2658950593148498,0.1874990262015426,0.31809007311939985,0.37258212921119344,0.3690069735869188,0.34438540402015116,0.3141960069587042,0.26591866904314265,0.1875157570339011
353,0.5345245305875227,5.500404193844521,0.3208906616591383,0.37590153483028393,0.3722940480880529,0.3474237530578757,0.31694317271467437,0.26821397188181995,0.18910721333522462,0.32091892448265935,0.37593464403578003,0.3723268330403142,0.3474543487158816,0.31697108120570916,0.26823759643720535,0.1891239354208335
354,0.536038764385221,5.546375177742377,0.3235908682964632,0.3791040779073374,0.37546540478848567,0.3503534542866816,0.3195907169591373,0.27042437002160397,0.19063822959803262,0.323619559147935,0.37913767256056186,0.37549867049273916,0.3503845072460962,0.319619051031974,0.27044836874736333,0.1906552369842372
355,0.5375529981829195,5.590008246961026,0.32615861181661804,0.38215213840131385,0.378483781414234,0.3531397815156428,0.322106987085327,0.27252309424774945,0.19208987641375586,0.32618737658119956,0.38218583635849074,0.3785171493252471,0.35317091908556464,0.3221353878606978,0.272547134455928,0.19210689608313206
356,0.5390672319806178,5.631239898033503,0.32859022516129893,0.3850413544011783,0.3813448641608232,0.35577874913786584,0.32448838687470627,0.274507146095258,0.19346006967416585,0.32861927631748256,0.38507538283772047,0.38137855904895845,0.3558101948618071,0.32451707154274606,0.2745314311144094,0.19347726882933142
357,0.5405814657783161,5.670010122511209,0.33088224553768436,0.3877676064406356,0.3840445713859909,0.3582665973892906,0.32673152344819645,0.27637369690029323,0.19474684594546804,0.33091139695451693,0.3878017625224678,0.3840783955073165,0.3582981522198792,0.3267603021864829,0.2763980539714775,0.19476408692247393
358,0.5420956995760146,5.706262494300057,0.3330314035035483,0.3903269955226285,0.38657905159548595,0.3605997676993329,0.32883319318537985,0.27812008421537593,0.19594835968391416,0.3330606339167642,0.3903612548820574,0.3866129769000268,0.3606314101788228,0.3288620444594083,0.27814449251312684,0.19596562380247157
359,0.5436099333737129,5.739944251782869,0.3350346043206361,0.39271583557066436,0.38894465178479887,0.36277489975752214,0.330790366362676,0.279743785060962,0.19706286131109188,0.3350641953692723,0.39275049958317726,0.3889789832106353,0.3628069213124826,0.3308195721572311,0.2797685080272985,0.19708036865248516
360,0.5451241671714112,5.77100637460853,0.33688907713640753,0.3949308062647988,0.39113808688102036,0.3647889781836264,0.33260033725985066,0.2812425628614126,0.19808881667634848,0.3369188010379754,0.3949656326019251,0.39117257609229683,0.36482114907721686,0.332629678110243,0.28126739950859103,0.19810640939197544
361,0.5466384009691097,5.799403655036082,0.33859209790239775,0.3969686582942382,0.3931561405478944,0.366639043405937,0.3342604416096634,0.2826142023402231,0.19902468784669874,0.3386217672701817,0.3970034426118176,0.39319058552418645,0.36667116273319056,0.3342897213241326,0.2826389662096781,0.19904220146352597
362,0.548152634766808,5.825094763729957,0.34014129386370934,0.39882654086686387,0.3949959910117874,0.36832251293272666,0.3357683663773294,0.28385679650070744,0.1998691724297148,0.3401714857061608,0.39886190337198557,0.39503100969785415,0.36835518780838933,0.33579817442032145,0.2838820389736706,0.19988706260602124
363,0.5496668685645063,5.84804230991061,0.34153445246861025,0.4005017960239228,0.39665500783701624,0.36983697837527246,0.33712195661996774,0.28496857072585724,0.20062105499450456,0.34156455732801927,0.4005370837293294,0.39668995397819096,0.3698695652056464,0.33715166535189356,0.28499370232530796,0.20063883676991634
364,0.5511811023622047,5.868212895772966,0.3427695936959023,0.401992038793327,0.39813083198594595,0.37118028480699716,0.3383192845209393,0.2859479375062507,0.20127925284780196,0.34279983944809295,0.4020274927878621,0.3981659423563414,0.3712130243936506,0.33834913167839825,0.2859731854369486,0.20129711720072396
365,0.5526953361599031,5.885577165093499,0.3438449627809798,0.4032951474916851,0.39942136238429954,0.3723505212786988,0.3393586489234157,0.2867935063085021,0.20184282431355505,0.34387534159483635,0.40333075813596275,0.39945662764698353,0.37238340472985215,0.33938862676282006,0.28681886465614903,0.20186076743641818
366,0.5542095699576014,5.90010984595523,0.3447590326390773,0.40440926737968885,0.40052476295438344,0.3733460236477832,0.34023857299138416,0.28750407597236527,0.20231096305307594,0.3447894950751513,0.40444498011040625,0.400560130111586,0.37337899775104094,0.34026863083321324,0.28752949866301,0.20232894842562832
367,0.5557238037552998,5.911789787528396,0.34551050624416435,0.40533281321624726,0.4014394668407373,0.37416537553870405,0.34095780592538216,0.2880786365667528,0.20268299807099222,0.3455410438612167,0.4053686177846113,0.4014749246825459,0.37419843155418503,0.3409879359555286,0.2881041173801986,0.20270102201526938
368,0.5572380375529982,5.92059999085333,0.34609831436136235,0.4060644678173284,0.40216417006779326,0.37480740952518615,0.3415153241233715,0.2885163707712517,0.20295839530150397,0.3461289136671871,0.4061003488406738,0.4021997027032148,0.3748405333690625,0.3415455129507036,0.2885418977946653,0.20297644938545595
369,0.5587522713506965,5.926527633580705,0.34652162317901375,0.4066031919498512,0.4026978417734831,0.37527121506710015,0.34191033644275787,0.2888166561258718,0.2031367590445914,0.346552268710608,0.4066391305365895,0.40273343121670674,0.3753043896377823,0.34194056941345374,0.2888422179329542,0.20315483543306168
370,0.5602665051483949,5.929564088633151,0.34677982903319604,0.4069482144267177,0.4030397205999222,0.3755561284254426,0.34214227884922793,0.288979064547611,0.20321783186066386,0.34681050488768733,0.4069841922201194,0.40307534883615026,0.3755893361699213,0.342172539593078,0.2890046469435631,0.20323592017725814
371,0.5617807389460933,5.9297049367610795,0.3468725589359825,0.4070990365738605,0.40318931137366265,0.37566173868464176,0.3422108169942447,0.2890033615460541,0.20320149373981275,0.34690325451736687,0.40713504118319277,0.40322496686733356,0.37569496729061114,0.3422410939850875,0.2890289545924058,0.20321958698959583
372,0.5632949727437916,5.926949972974456,0.3467996868467802,0.4070554499696181,0.40314640961791937,0.37558789955555794,0.3421158565977995,0.2888895149157812,0.2030877683261499,0.3468303834172681,0.40709145919572154,0.4031820699446126,0.3756211294214487,0.34214613239630887,0.28891510416442007,0.2031058562592243
373,0.56480920654149,5.921303206841135,0.3465613095014012,0.40681750790830845,0.4029110665267844,0.3753347100651208,0.3418575282654116,0.28863768365964493,0.20287681539419689,0.3465919912460233,0.4068535033362477,0.40294671340893456,0.3753679239756292,0.3418877869965204,0.2886632554755093,0.20289488800974081
374,0.5663234403391884,5.912772856651352,0.3461577598606549,0.40638554168210617,0.4024836106919077,0.3749025230453264,0.3414361925797366,0.28824822005584305,0.20256893083096267,0.3461884127040713,0.4064215069239537,0.40251922742985397,0.3749357063973917,0.3414664211908504,0.2882737636812789,0.20258698082133586
375,0.5678376741368867,5.901371337456832,0.34561491883896434,0.4057601621508655,0.4018646450961695,0.3742919514692468,0.3408524480059344,0.2877216785060976,0.20226661333733745,0.3456455301054701,0.40579607882700997,0.4019002141979231,0.3743250866000178,0.3408826300869645,0.28774717971995006,0.20228463923814938
376,0.5693519079345851,5.887115243001965,0.3448576573116672,0.40494225386570465,0.40105504625366495,0.37350385797724117,0.3401071190664781,0.28705880305970743,0.2016642625903477,0.34488820467154313,0.4049781024654891,0.4010905476589889,0.37353692758949975,0.34013723913571564,0.2870842490359357,0.2016822374924801
377,0.5708661417322834,5.870025321573301,0.3439629385558756,0.40393297042963994,0.400055954390627,0.3725393556062691,0.3392012583715842,0.2862605302633786,0.20106876346975655,0.34399341144756573,0.40396873481646955,0.40009137248643933,0.3725723444892696,0.33923130318347333,0.28628591071446907,0.20108668927553017
378,0.5723803755299818,5.850126445802544,0.34290671964024155,0.4027337430830156,0.39886878605909293,0.37139981177871884,0.3381361516239259,0.2853279959309634,0.20037891023098323,0.34293710241728287,0.4027694052393517,0.398904102846826,0.37143270348524815,0.33816610550191994,0.28535329662540354,0.2003967765959374
379,0.5738946093276802,5.827447576466978,0.34169049478212876,0.4013462708535292,0.39749522205348065,0.3700868412878524,0.3369133074956581,0.2842625211203578,0.19959568560799423,0.3417207726365673,0.40138181342037926,0.3975304204326059,0.3701196197766563,0.33694315583213746,0.2842877296745732,0.19961348367025258
380,0.5754088431253785,5.8020217203400355,0.34034079850912274,0.39977251760702165,0.3959372066528607,0.36860230220539125,0.33553445700815004,0.2830656157057641,0.1988209420794409,0.34037096289095026,0.39980792769689877,0.39597227284006786,0.368634956045892,0.3355641889734507,0.28309072257293205,0.19883867411237563
381,0.5769230769230769,5.7738858821532935,0.338809807095082,0.39801472727497,0.39419695782930886,0.36694831188143856,0.33400156556771915,0.2817389859743825,0.1978540571909059,0.33883983609047685,0.3980499818774951,0.39423187033129425,0.3669808193994017,0.3340311619093632,0.28176397528906977,0.19787170272594293
382,0.5784373107207753,5.743081010739887,0.33712463501382184,0.396075389296924,0.39227693890734383,0.3651272133351567,0.33231680529312974,0.2802845138481833,0.1967975061398145,0.33715451561281845,0.3961104731246904,0.3923116838237352,0.36515955940721456,0.3323462520281122,0.28030937352783847,0.1968150560186382
383,0.5799515445184736,5.709651939437677,0.3352633562982552,0.39395725929381864,0.39017988101030376,0.3631415905585845,0.33048256564552597,0.27870426234405,0.19555341079193123,0.3352930756536837,0.3939921602797365,0.3902144418654495,0.3631737675310867,0.33051185685151147,0.27872898891077047,0.19557085637600397
384,0.581465778316172,5.673647320838905,0.3332774148714767,0.39166335358881044,0.38790876300487415,0.36099427515302074,0.32850146317626877,0.27700048873642774,0.19432272574975495,0.33330695875183347,0.39169805194773677,0.38794312605669884,0.36102626068134014,0.32853057726536405,0.2770250620000689,0.19434005837826118
385,0.5829800121138704,5.635119555981321,0.33116904696234656,0.38919694029535706,0.38546682280038513,0.3586883235889922,0.3263763167795607,0.2751756178668399,0.19310558858489807,0.331198403477862,0.38923141920967286,0.3855009674794334,0.3587201045538957,0.32640524226095763,0.2752000289189587,0.19312281198270417
386,0.5844942459115687,5.59412471808386,0.32889323897439365,0.38656152968571483,0.3828575324518151,0.3562270180092709,0.32411015110732394,0.27323224884854797,0.19170674078952504,0.32892239550161995,0.3865957767446457,0.38289144816877535,0.3562585823097752,0.3241388772800668,0.27325648905655986,0.19172384024820288
387,0.5860084797092671,5.550722470937777,0.32647735874327927,0.38376088716944,0.3800846180459848,0.35361387435266983,0.32170620232823155,0.27117315770010203,0.19022703296936525,0.3265062978599712,0.3837948811448875,0.380118284239772,0.3536452027765548,0.3217347122207126,0.2711972133308641,0.19024399924016772
388,0.5875227135069655,5.50497598207213,0.3239248402916944,0.38079899628177694,0.3771520233653412,0.3508526096661375,0.3191678906235869,0.26900127678814095,0.18866858429751238,0.3239535555611357,0.38083273079459523,0.377185432535042,0.3508836963335835,0.3191961782926705,0.26902514214584455,0.18868541290044416
389,0.5890369473046638,5.456951830819895,0.32123933545878824,0.377680101195218,0.37406394901986306,0.3479471788698461,0.3164988498104915,0.2667197155505375,0.18703363653449329,0.32126781156896245,0.37771355738345036,0.37409708121838814,0.34797800742987695,0.3165269011857096,0.2667433796479566,0.18705031995379567
390,0.5905511811023622,5.406719911418556,0.31840202250874655,0.3744086568263667,0.370824799572269,0.3449017346713634,0.3137028966436679,0.2643317410430001,0.1852298359152584,0.31843024451424157,0.3744418208596727,0.3708576441730481,0.3449322903426944,0.3137306966992011,0.26435518927073776,0.1852463545049045
391,0.5920654149000606,5.354353331286209,0.31548488765469146,0.3709893429399856,0.36743921075666247,0.34172063053857266,0.3107840251407312,0.2618407631516709,0.1835437554428507,0.31551285133739704,0.371022203586404,0.36747175551575484,0.34175090354877097,0.3108115657963088,0.26186398980666525,0.1835601225803034
392,0.5935796486977589,5.299928304621185,0.3124021030697383,0.36742706077239995,0.3639120334090386,0.33840842526428766,0.3077464183133819,0.25925035414362335,0.18160082358571114,0.31242979149845146,0.367459603980891,0.3639442635196632,0.3384384036515203,0.30777368896258755,0.25927335048131384,0.1816170167464427
393,0.5950938824954572,5.243524041480091,0.30922515810208606,0.3637269162561214,0.36024831959671694,0.33496986747227686,0.30459443107617246,0.25656422974782583,0.1796853427611423,0.3092525641257653,0.3637591305279312,0.36028022418977523,0.3349995402116622,0.304621421583367,0.25658698715575057,0.17970136409956075
394,0.5966081162931557,5.185222632495664,0.3059362402548222,0.3598942210424889,0.35645332744363456,0.33140989224019585,0.30133258657648654,0.2537862460199081,0.1777061943515025,0.3059633536888628,0.3599260943957656,0.3564848945536938,0.3314392484358901,0.3013592871050096,0.25380875628426414,0.17772203815256626
395,0.598122350090854,5.125108929402288,0.30256120162410954,0.3559344807127075,0.3525325067707377,0.3277336125878531,0.29796556901541776,0.2509203936671792,0.1757564439309009,0.3025880161471988,0.35596600292544583,0.35256372586599094,0.3277626434276994,0.29799197187154697,0.2509426506486678,0.17577211414468913
396,0.5996365838885523,5.063270421542938,0.29904153248843296,0.35185339489293566,0.34849149984668315,0.32394632066787404,0.29449822576709894,0.2479708009747488,0.17356840678166943,0.29906803285690475,0.3518845533535024,0.3485223592585265,0.3239750135706344,0.29452431905151083,0.2479927941494256,0.17358387960019417
397,0.6011508176862508,4.999797108537416,0.2954661228950789,0.34765683577180817,0.3443361150725318,0.32005346645072025,0.2909355453577103,0.244941712360429,0.17150392902965114,0.2954923057714568,0.34768762126927577,0.3443666050769247,0.3200818136365425,0.290961322339393,0.2449634364505709,0.1715192169294329
398,0.6026650514839491,4.934781369297132,0.2917576235855944,0.3433508532905151,0.34007234739282344,0.31606065959076174,0.2872826615182293,0.24183749425315326,0.16921136331638814,0.2917834747723379,0.3433812541776728,0.34010245842478004,0.31608864884722615,0.2873081106362994,0.24185893886040982,0.16922644226462885
399,0.6041792852816474,4.86831782757701,0.2879827358841379,0.33894164276186894,0.3357063283190402,0.3119736437381143,0.28354482745556864,0.23866261052022775,0.16695843516248765,0.28800825595987967,0.3389716564961425,0.33573605342464286,0.3120012766475222,0.2835699517085181,0.23868378042777386,0.16697332017947575
400,0.6056935190793459,4.800503214260324,0.2841264452695517,0.33443557523703826,0.3312443612360245,0.3077983277421559,0.27972744842660424,0.2354216558784269,0.16466023474511482,0.284151617398174,0.33446518361394306,0.3312736843108297,0.3078255847135775,0.2797522282653393,0.2354425320832848,0.16467490805194476
401,0.6072077528770442,4.731436226576809,0.28019431687876395,0.32983915767216765,0.3266928898327933,0.3035407383909792,0.2758360330032195,0.23211930640904144,0.1623200824049023,0.28021914154852345,0.3298683591261935,0.326721811052221,0.30356761922497344,0.2758604698511895,0.23213989199441704,0.16233454887944854
402,0.6087219866747425,4.661217384458908,0.2761920421523459,0.3251590434489776,0.3220585049764163,0.2992070375115673,0.2718762136706498,0.22876034425821573,0.15994137664520447,0.2762165092566025,0.3251878284119723,0.3220870109197616,0.29923353216262805,0.2719002965072843,0.2287806285047578,0.15995562784106537
403,0.610236220472441,4.589948884245313,0.2721254109400189,0.32040200811310193,0.31734790841591776,0.29480350184585025,0.2678537254808191,0.2253496352832601,0.15752756966509424,0.27214951756991557,0.32043036903487443,0.31737600308687697,0.2948296005211827,0.267877446683595,0.2253696122171735,0.15754160025502248
404,0.6117504542701393,4.517734449944678,0.26800029952911586,0.31557492608724025,0.31256791257910577,0.290336491822859,0.2637743775895423,0.2218921046934781,0.15508215094621314,0.26802404074534925,0.3156028602855665,0.3125955815778076,0.2903621967144426,0.26379773905939863,0.22191177668693846,0.15509596522271646
405,0.6132646880678376,4.444679182275895,0.26382269364683675,0.31068480422089073,0.30772545323253314,0.2858124921278087,0.25964409212406103,0.21839277338742324,0.15260867793471922,0.2638460630313208,0.3107123037322559,0.3077526904979743,0.2858377958700666,0.2596670875290586,0.21841213511324292,0.15262227126965333
406,0.6147789218655361,4.370889405704775,0.25959865203769733,0.3057387363191393,0.30282755146062573,0.281238067348457,0.25546886245324757,0.21485671990816793,0.15011074467283053,0.2596216440635932,0.3057657942370373,0.3028543522306238,0.2812629620418164,0.255491484228529,0.21487576460896987,0.15012411207050097
407,0.6162931556632344,4.2964725136996895,0.25533430275500846,0.3007438988968406,0.29788131549693947,0.2766198533705563,0.25125474507994083,0.21128907377061273,0.14759197765781934,0.2553569190720731,0.30077051658908605,0.29790767985409333,0.27664434199299487,0.25127699685951005,0.21130780562128373,0.14760512328854897
408,0.6178073894609327,4.221536812431325,0.2510524296217682,0.29570759318283324,0.2928939749769488,0.2719646035193547,0.24700790481001803,0.20769505798843896,0.14513138897248418,0.251074665617692,0.2957337637332388,0.29291989580596295,0.27198867963348794,0.24702978051052782,0.207713471493492,0.14514431519224813
409,0.6193216232586312,4.14619136314416,0.24672580644548972,0.29063712040340356,0.28787275963531805,0.2672790651209229,0.24273449534946198,0.204079877983574,0.14258074868334547,0.24674765784306812,0.2906628403529695,0.28789823547295723,0.26730272356002865,0.24275598949252347,0.20409796778571848,0.14259344428410778
410,0.6208358570563295,4.070545823428999,0.24237760949744674,0.2855398283409012,0.2828249452387917,0.26257002698320137,0.2384407069048185,0.2004487683072288,0.1400203208320175,0.2423990774904958,0.2855650988577466,0.28284997597857464,0.2625932704713876,0.23846182281110057,0.2004665381583004,0.14003278948921477
411,0.6223500908540278,3.994710287627533,0.23801421565050865,0.2804231870370787,0.27775792979629693,0.25784439278984633,0.23413283719469435,0.19680705896177714,0.13745386964310202,0.23803529351332733,0.2804480006700911,0.27778250791181236,0.2578672143617064,0.23415356835358764,0.19682450309623717,0.13746610699275275
412,0.6238643246517263,3.9187951266013243,0.23364200895914075,0.27529467984719513,0.2726791240702447,0.2531090757254759,0.22981718972908524,0.19316008053571615,0.13488515346105354,0.23366270143232812,0.27531904149704495,0.2727032550361399,0.2531314796426563,0.22983754009995522,0.19317720249499795,0.13489716219999962
413,0.6253785584494246,3.842910827098299,0.2292673392690234,0.2701617576095494,0.26759590724112636,0.24837095314731233,0.22550003019536902,0.18951312422605499,0.1323178925224902,0.22928764463428214,0.2701856650614458,0.26761958809468156,0.2483929383206952,0.22551999927366426,0.18952992418215056,0.13232967374276994
414,0.6268927922471229,3.7671678309505987,0.22489660324101207,0.26503192287775235,0.26251570856347906,0.2436369528375026,0.22118767244139637,0.18587152530761472,0.12975584292678977,0.22491652094022815,0.2650553757875121,0.262538939479258,0.24365851827215515,0.2212072589264874,0.18588800160840913,0.12976739449488844
415,0.6284070260448213,3.691676374337779,0.2205361872224523,0.2599126695563854,0.2574459510301216,0.2389139895400333,0.21688641499179215,0.1822406015678685,0.1272027419388192,0.2205557188444021,0.25993566939529106,0.2574687334636216,0.23893513679806855,0.216905620508843,0.1822567559017778,0.12721406561808257
416,0.6299212598425197,3.616546327349358,0.21619246761654365,0.25481148135244547,0.2523940456587167,0.2342089693308125,0.2126025483460178,0.1786256636909473,0.12466232137501257,0.21621161416503248,0.25483402921484527,0.252416380760235,0.23422969943952943,0.21262137386180138,0.17864149691479686,0.12467341782078119
417,0.631435493640218,3.5418870340801285,0.21187179927959954,0.24973581866295233,0.2473673823062444,0.22952877297271282,0.20834233750167366,0.1750319977916359,0.12213829182637102,0.21189056412639692,0.2497579183164521,0.24738927318909354,0.22954909024643774,0.20836078741357297,0.17504751419313164,0.12214916478475699
418,0.6329497274379164,3.467807153491008,0.20758050742814851,0.244693109050245,0.2423733166568548,0.22488025125282837,0.2041120197229599,0.1714648657925375,0.11963434546524546,0.20759889224374944,0.24471476266383205,0.24239476624994113,0.22490015655019188,0.20413009416296848,0.17148006466325105,0.11964499334541809
419,0.6344639612356148,3.394414501267078,0.2033248757385398,0.23969073389159107,0.237419161020485,0.22027020734296457,0.19991778568537516,0.16792948632173765,0.11715413903410518,0.2033428846712557,0.23971194558855408,0.23744017279552532,0.2202897061033811,0.1999354906571721,0.16794437400118747,0.11716456793239441
420,0.6359781950333131,3.3218158929028445,0.19911114000555855,0.2347360192935511,0.23251217085320516,0.21570539563139318,0.19576578246413187,0.16443104195295677,0.11470130468547646,0.1991287762960209,0.23475679327694837,0.23253274906774343,0.21572449088620888,0.19578312016607008,0.16444561965454924,0.11471151464828347
421,0.6374924288310115,3.2501169882432253,0.1949454742736958,0.22983622188407254,0.22765953467564934,0.2111925009827499,0.19166209022286423,0.16097465442797082,0.11227942636029961,0.1949627434576316,0.2298565644992634,0.22767968544733158,0.21121119909972094,0.19167906676361549,0.16098892768281778,0.11228942180920212
422,0.6390066626287099,3.179422137706511,0.19083399081638477,0.22499852772397222,0.2228683691450834,0.20673814450020964,0.18761273122900027,0.15756539660299004,0.10989205353618967,0.1908508956841956,0.2250184418464985,0.2228880960507631,0.20675644753743538,0.1876293483040041,0.15757936666773092,0.10990183513312776
423,0.6405208964264082,3.109834230412922,0.18678271778443908,0.2202300252921435,0.21814569743848444,0.20234885243038925,0.1836236386203737,0.15420826280492048,0.1075426764503642,0.1867992645338769,0.2202495182452694,0.21816500722859866,0.20236676770448728,0.1836399031565116,0.15422193582767196,0.10755224890394446
424,0.6420351302241066,3.0414545444400973,0.18279759843277113,0.21553770683979723,0.21349844405007107,0.19803106321676045,0.17970066508967847,0.1509081786259479,0.10523473594580329,0.18281379669659226,0.21555678943031364,0.21351734803535252,0.19804860019975196,0.1797165855928397,0.15092156176667088,0.10524410455237676
425,0.643549364021805,2.9743825994231816,0.17888448188998776,0.21092845436765179,0.20893342737040174,0.19379110933523727,0.17584956413976102,0.1476699828520803,0.10297160772087699,0.17890033604461178,0.21094713285008498,0.20895193239054685,0.1938082740458471,0.17586514664394773,0.14768308174284395,0.10298077820155035
426,0.6450635978195033,2.9087160117141906,0.1750491111944396,0.20640903047507086,0.20445734815433775,0.18963521206561693,0.17207598828922474,0.14449842886389141,0.10075660972134418,0.17506463071214387,0.2064273142767706,0.20447546054635155,0.18965201496094705,0.17209124174298007,0.14451125059034553,0.10076558497443677
427,0.6465778316172017,2.8445503523113964,0.17129712191299434,0.2019860693042937,0.20007677543525937,0.18556947443280078,0.1683854796586575,0.1413981742774609,0.09859298568090458,0.17131230514989268,0.20200395845644142,0.20009449500844623,0.18558591495375248,0.16840040383256116,0.14141071859150361,0.09860176472920289
428,0.6480920654149,2.7819790077655244,0.16763403443025712,0.19766607583618662,0.19579815405406314,0.18159987527846197,0.16478346547549985,0.13837377708251825,0.09648391102862933,0.16764887372593806,0.19768356105691404,0.1958154734496442,0.18161594416364704,0.1647980522537216,0.13838603746112138,0.09649249012340767
429,0.6496062992125984,2.7210930442651877,0.16406521077446662,0.19345536891804815,0.19162774188560852,0.1777322259836203,0.16127522227757612,0.13542966957510316,0.09443246894663097,0.16407971383916908,0.19347245938812152,0.19164467094725546,0.17774793006458364,0.16128947626068146,0.13544164813552717,0.09444084814052771
430,0.6511205330102968,2.6619810750993445,0.16059589950469716,0.1893601360244537,0.18757167315589754,0.17397220930073173,0.15786590285772706,0.1325701724939519,0.09244166208687116,0.16061012610653888,0.18937689754416626,0.18758827524203997,0.17398761204078544,0.15787988640490028,0.13258192817448394,0.09244988937438713
431,0.6526347668079951,2.60472913168978,0.15722173002161674,0.18538639358157172,0.18363590029074195,0.17032534688315698,0.15456051684433725,0.12979949008257458,0.09046701536156303,0.1572356940358299,0.1854028429677304,0.1836521948903777,0.17034046394923522,0.15457424398155498,0.12981103427924118,0.0904750939983151
432,0.6541490006056935,2.5494205383811064,0.1539760542105287,0.18153997642236538,0.17982621335223725,0.16679699409918256,0.1513639184191268,0.12712169008116164,0.08865353907332539,0.153989728877174,0.18155608381293795,0.17984216875711775,0.1668117987042893,0.15137736138810304,0.1271329941790883,0.08866145308948664
433,0.6556632344033919,2.496135791170761,0.15082621427384138,0.17782652711337138,0.17614819616542535,0.16339233270461356,0.14828080311349826,0.12454070556494681,0.08681632733853732,0.15083961518987357,0.17784231229559924,0.1761638321289576,0.16340684338992517,0.14829397882460155,0.12455178431863957,0.08682408108525988
434,0.6571774682010902,2.444952440555295,0.14780456526254715,0.1742515039615658,0.17260725781311625,0.1601163673075293,0.14531570348958875,0.12206033067840022,0.08509722052345042,0.14781770378783662,0.1742669789860768,0.17262258661640612,0.16013059302365065,0.14532862159914522,0.12207119412598574,0.08510482386182562
435,0.6586917019987886,2.3959449786635703,0.1449062993902563,0.17082015258842023,0.1692085951306411,0.1569739040984376,0.1424729715621533,0.11968420672913493,0.08345232971144878,0.14491918778316684,0.17083533210916557,0.16922363141085828,0.15698785826041917,0.14248564391505492,0.11969486460959977,0.08345979024652143
436,0.660205935796487,2.3491847308410696,0.14213567900832716,0.16753751552452628,0.16595720380067155,0.15396956224392574,0.13975678639637387,0.11741582637189596,0.08188406769823985,0.14214832466176539,0.16755240771941315,0.16597195572396917,0.15398325401071625,0.13976922086775653,0.11742628463485588,0.0818913892697162
437,0.6617201695941853,2.3047397518432007,0.13950502940702175,0.16440840305233081,0.16285784964096392,0.15110774527274734,0.13717113013290397,0.11525851475183059,0.08043668489151162,0.1395174508766643,0.1644230291875599,0.16287233751940958,0.15112119440468716,0.1371833451037665,0.11526878967279673,0.08044388218952334
438,0.6632344033918837,2.2626747267885072,0.13699345381121197,0.16143742299983505,0.15991509702684586,0.148392669204942,0.13471981297608915,0.11321545178926304,0.0789865001306509,0.13700565198039483,0.16145178492537882,0.15992932379443306,0.14840587634649433,0.13473180945896596,0.1132255441544479,0.07899356676473923
439,0.6647486371895821,2.2230508770161403,0.13462940850905047,0.1586289274374343,0.15713326017565638,0.1458283101718443,0.13240642472940845,0.1112896278885081,0.07766143915899615,0.1346413997698244,0.1586430441874908,0.1571472426414637,0.1458412948823955,0.13241822109681237,0.1112995540192081,0.07766839102477921
440,0.6662628709872804,2.1859258709844496,0.13240810486325422,0.1559870389975157,0.15451641971046703,0.14341843808031626,0.13023436970248825,0.10948387971097835,0.07642149430819413,0.1324199015119291,0.15600092494857884,0.15453017455404494,0.14343121054933536,0.1302459738437323,0.10949364497240804,0.0764283343504126
441,0.6677771047849788,2.1513537403404466,0.1303404527622754,0.15351564078711957,0.15206842608660476,0.1411665913033226,0.1282068357621579,0.10780085549041168,0.07530756816904521,0.13035206687299664,0.15352930895439193,0.15208196497392382,0.14117916542402384,0.1282182611858831,0.10781047212457978,0.07531430928191904
442,0.6692913385826772,2.1193848012822585,0.12841408204684196,0.1512183566204347,0.14979286852462184,0.13907607440872327,0.12632679998996316,0.10624302739938266,0.07424255871130131,0.12842552765167176,0.15123182415049158,0.1498062086099258,0.1390884658649361,0.12633806101602493,0.10625250760733161,0.07424920611102725
443,0.6708055723803755,2.0900655813290823,0.12663960623404408,0.14909855906809838,0.1476930886345657,0.1371499571409282,0.12459702383170128,0.10481268379007164,0.07326777146018426,0.1266508970058757,0.14911184189663834,0.1477062457679231,0.1371621806464193,0.12460813390507194,0.10482203898315264,0.07327433322903498
444,0.6723198061780739,2.063438751605105,0.1250196351816254,0.14715936285645514,0.14577217254660282,0.13539107069403308,0.12302005089922717,0.10351192848891012,0.07238463701354632,0.1250307819643153,0.14717247384275903,0.14578515945989434,0.13540313804934784,0.1230310206840663,0.10352116753276795,0.07239111922885
445,0.6738340399757723,2.0395430647360753,0.12355654386408477,0.14540360888436116,0.1440329353050765,0.13380199212069097,0.12159819209105652,0.1023426673349932,0.07159444552530589,0.12356756175484983,0.1454165655730341,0.14404576943118122,0.13381391954939026,0.12160903644558216,0.10235180291839621,0.07160085733412161
446,0.6753482737734706,2.0184132984488126,0.12225248380978626,0.14383387647195556,0.142477932458629,0.13238505702234152,0.12033353823835147,0.10130662036076965,0.0708983570412351,0.12226338518323522,0.14384669342499254,0.1424906281714901,0.13239685799580544,0.12034426942601475,0.10131566280454807,0.070904705649943
447,0.676862507571169,2.0000802049557866,0.12110936885163592,0.14245246733344627,0.1411094449111478,0.13114234348996429,0.11922794458913037,0.10040530747825938,0.07029738995246992,0.12112016783239424,0.14246516104541085,0.14112201846302544,0.13115403337730647,0.1192385767097412,0.1004142688242737,0.07030368403170018
448,0.6783767413688674,1.9845704661984185,0.12012887751052463,0.14126140797934106,0.1399294805471337,0.13007567548590152,0.11828303461319675,0.09964005261104214,0.06979242498368685,0.12013958777630845,0.14127399445266953,0.139941947982082,0.13008726885283672,0.11829358085053752,0.0996489439090872,0.06979867223490124
449,0.6798909751665657,1.9719066550142454,0.11931244946338587,0.1402624455170078,0.1389397709333858,0.12918661796847244,0.11750019507053698,0.09901197898652503,0.06938420129619913,0.11932308494723887,0.14027494107900385,0.1389521482324248,0.12919813011837952,0.1175106694831162,0.09902081224051353,0.06939041032332438
450,0.681405208964264,1.9621072022844672,0.11866128274101094,0.13945704433686065,0.13814176717083293,0.12847647491990438,0.11688057474694512,0.09852200862662291,0.06907331668862152,0.1186718563608734,0.139469464145757,0.138154069402116,0.1284879197781777,0.11689098998835068,0.09853079448851546,0.06907949500319507
451,0.6829194427619625,1.9551863701096812,0.11817633344827237,0.1388463857542963,0.13753664003713545,0.12794628841856903,0.11642508332982002,0.09817086110390116,0.06886022635614553,0.11818686046317385,0.13885874758127847,0.1375488848680259,0.12795768238800106,0.11643545438618227,0.09817961231223593,0.06886638302889203
452,0.6844336765596608,1.9511542310528613,0.1178583135348147,0.13843136493199162,0.13712527624915133,0.12759683675846303,0.11613439020050226,0.09795905322323059,0.06874524391100967,0.11786880736059994,0.13844368454115358,0.1371374793133183,0.12760819435180992,0.11614473026784912,0.0979677808854626,0.06875138672164159
453,0.6859479103573591,1.9500166534797654,0.11770768648352785,0.13821258671396738,0.1369082783402914,0.12742862671305247,0.11600891583496202,0.09788688954650968,0.0687285307098286,0.11771815291787656,0.13822487163021327,0.13692044695370859,0.12743995455417456,0.11601923058470043,0.09789559794261081,0.06873466215466803
454,0.6874621441550576,1.951775293018135,0.1177246763016676,0.1381903745775925,0.13688596361142344,0.12744191100241492,0.11604885121535455,0.09795448364327267,0.06881011903599595,0.11773516470222244,0.13820267942143724,0.13689815190487686,0.12745326169136884,0.11605919066986933,0.0979632180126642,0.06881627455984923
455,0.6889763779527559,1.9564275901480959,0.1179092547253314,0.13836475698370437,0.13705836280855474,0.12763666485551514,0.11625413253950728,0.09816173127295674,0.068989884081926,0.11791973552858309,0.13837705152364693,0.1370705408698186,0.12764800745827995,0.11626446553389803,0.09817046086221651,0.06899603612600783
456,0.6904906117504542,1.9639667739272784,0.11826115057276575,0.13873547742341866,0.1374252219486989,0.12801260248122073,0.11662445888078203,0.098508328983033,0.06926756304450374,0.11827169010727061,0.13874783442627828,0.13743746223722597,0.12802400707945402,0.11663485231303448,0.09851711478497688,0.06927376018876297
457,0.6920048455481527,1.9743818718452335,0.11877308705719081,0.1393019868743113,0.13798599849413618,0.1285691673945311,0.11715928251728688,0.09899376451780842,0.06960780402723546,0.11878372155438217,0.13931444821716046,0.13799834318298548,0.128580672859872,0.11716977233194377,0.09900263767247236,0.06961406603752202
458,0.693519079345851,1.9876577257927899,0.11946457565301861,0.1400634594053331,0.13873987279467337,0.1293055483644438,0.11785782335768025,0.0996173298702473,0.07011488690296626,0.11947523854801215,0.14007595449800528,0.13875224895160798,0.1293170871491697,0.11786834399623138,0.09962622862516995,0.07012116833034548
459,0.6950333131435493,2.0037750141231445,0.12031433854530892,0.1410187722707069,0.1396857344188877,0.1302206608489082,0.11871905393138335,0.10037810890484634,0.07068329342142886,0.12032509397948653,0.1410313713580071,0.13969821459369752,0.13023229789673416,0.11872966643911906,0.10038708828671233,0.07068963484190391
460,0.6965475469412478,2.0227102797725305,0.12132099944587617,0.1421665194320425,0.14082219165097554,0.13131315593112478,0.11974170334749555,0.10127497792804785,0.0713115712869953,0.12133185317264895,0.14217923107941405,0.140834783093827,0.1313248999308816,0.11975241570750282,0.10128404453001148,0.07131797381543264
461,0.6980617807389461,2.044435964399577,0.12249677033891651,0.14350501691874276,0.142147575617975,0.1325814321398715,0.12092427316958669,0.10230662377259332,0.07206955969503945,0.12250773555015028,0.14351785606952788,0.14216029323926754,0.13259329659046767,0.12093509747979464,0.10231578757146531,0.07207603324329487
462,0.6995760145366444,2.0689204484936545,0.12383309333531112,0.14503229773550794,0.1436599384610223,0.13402362537810456,0.12226502505387077,0.10347153005075335,0.07292084456206785,0.1238441840869748,0.145045280862909,0.14367279871730101,0.1340356253048287,0.12227597492665801,0.10348080248310157,0.07292739715489113
463,0.7010902483343429,2.096128097393845,0.12533510340252924,0.1467461193613267,0.14535705992565387,0.13563761708761812,0.12376198893371723,0.10476798494760153,0.0739007806101449,0.1253463339444812,0.14675926246278478,0.14537007858585765,0.13564976729451927,0.12377307786736032,0.10477737743341214,0.07390742358460203
464,0.7026044821320412,2.12601931315152,0.12697930721810224,0.14864396260424742,0.14723644380244771,0.13742103548238077,0.12541296503040433,0.10619408378743402,0.0748981738804993,0.12699068264526067,0.14865727390273342,0.1472496290668829,0.13743334300716084,0.1254241989617112,0.10620360069833323,0.0749049030378689
465,0.7041187159297395,2.158550592161137,0.12878457224189008,0.15072304012557586,0.14929532955766853,0.13937126077515816,0.1272155276732881,0.1077477313560661,0.0760213190704534,0.12879612006224767,0.15073654978530146,0.14930871102598428,0.1393837546156148,0.1272269339979021,0.10775739721045727,0.07602815664118875
466,0.705632949727438,2.193674588475255,0.13074114571395218,0.15298029686754555,0.15153069177740117,0.1414854263071182,0.12916702676975367,0.10942664354558795,0.07723196441579508,0.1307528701840283,0.1529940107414578,0.15154427578393542,0.14149811083774333,0.12917860873028886,0.1094364600401333,0.07723891033904111
467,0.7071471835251363,2.2313401827117323,0.13284615271750547,0.15541241803337122,0.15393924590980232,0.14376042808434858,0.131264596949973,0.11122835571877032,0.078528336774533,0.13285806510294035,0.15542634966447025,0.15395304526694978,0.14377331605475663,0.13127636614503457,0.11123833261748234,0.0785353978907716
468,0.7086614173228346,2.27149255645275,0.1350964975917681,0.15801582998157163,0.15651745344316775,0.14619292137911982,0.13350515331886326,0.1131502175379139,0.07990853186854041,0.13510861021766454,0.15802999367350062,0.15653148269960937,0.1462060257386602,0.13351712149009135,0.11316036471619131,0.07991571510332685
469,0.710175651120533,2.3140732720274118,0.13748887220795716,0.16078670774547543,0.15926152511924754,0.14877933261466872,0.13588540408336808,0.11518940612049172,0.08137052760970408,0.13750119835629807,0.16080111906079247,0.15927579937101363,0.14879266808391903,0.13589758482375786,0.11519973527872862,0.08137784143473037
470,0.7116898849182314,2.35902035756179,0.14001975714140255,0.1637209794351238,0.1621674270184469,0.15151585989001165,0.13840184944571166,0.11734292279424867,0.0829121776032282,0.14003230892915178,0.16373565224893272,0.1621819592825361,0.1515294400391239,0.1384142553347314,0.11735344486912472,0.08291963028510926
471,0.7132041187159297,2.4062683971726466,0.1426854387140453,0.16681433876601975,0.1652308946919059,0.1543984881786131,0.14105079767265188,0.11960760986232591,0.08453122843767882,0.14269822679112182,0.16682928676676237,0.16524570147155815,0.15441232237984465,0.1410634361450867,0.11961832965113689,0.08453882093544385
472,0.7147183525136281,2.455748626173575,0.14548198570766047,0.17006223274308938,0.16844741516050935,0.15742297242772435,0.14382834581065496,0.12198012890113716,0.08622529565323575,0.1454950282530223,0.17007747555853486,0.1684625123202153,0.1574370829089243,0.14384123862283588,0.12199106681776684,0.08623304551437526
473,0.7162325863113265,2.5073890311549163,0.14840529822000517,0.1734598988879811,0.17181227519244133,0.16058487662946846,0.1467304200716172,0.12445700146895483,0.08799190256202537,0.14841860268021567,0.173475446280198,0.17182767424832662,0.16059927015238262,0.14674357246574943,0.12446816067010652,0.0879998100478718
474,0.7177468201090248,2.5611144547919693,0.15145107321740256,0.17700234129215486,0.17532052301339443,0.16387955194786913,0.14975275275766933,0.1270345851579469,0.08982845653696081,0.15146465512425605,0.177018211071999,0.1753362413728495,0.1638942453663124,0.14976618031744807,0.1270459791161178,0.08983653148336776
475,0.7192610539067232,2.6168467052287374,0.15461483417350877,0.1806843569936541,0.1789670055759098,0.1673021580418237,0.15289090285540077,0.12970909273295567,0.09173226508202131,0.15462868068018612,0.18070053631528005,0.1789830307883734,0.1673171376508286,0.15290459149309818,0.1297207073482186,0.09174049496878815
476,0.7207752877044216,2.674504669878195,0.15789193190723924,0.1845005390094786,0.182746366772356,0.17084766820949568,0.15614026073586784,0.13247659603647224,0.09370053836601894,0.15790600649475678,0.18451698882952713,0.18276265960662094,0.17086289602336777,0.15615417383831845,0.13248839773063537,0.09370889715602818
477,0.7222895215021199,2.734004433473345,0.16127754590427146,0.18844527811610612,0.18665304989467862,0.1745108703406351,0.15949604868854622,0.13533302593063887,0.09573038845460448,0.1612919037593746,0.18846205822889917,0.18666966696589882,0.17452640790926405,0.15951024713306416,0.13534507275291635,0.09573892548343896
478,0.7238037552998183,2.7952594001973337,0.16477621081724567,0.19251278343453676,0.19068131961471957,0.178286385362633,0.162953338327538,0.1382741879067336,0.09786653509929588,0.16479094012141654,0.19252998857990375,0.19069835888240305,0.17830232034902946,0.16296790426827504,0.1382865529129575,0.09787530978113865
479,0.7253179890975167,2.858180419714735,0.16836401793877687,0.19669708203728936,0.19482525798702383,0.18216866945988816,0.1665070524993094,0.14129576343389788,0.10001156355263693,0.16837912187480567,0.19671471937842464,0.19484272601103375,0.18218500786133018,0.1665219903720811,0.1413084485600759,0.10002057064322734
480,0.726832222895215,2.9226759169208214,0.1720349910924322,0.2009920297134129,0.19907877971028817,0.18615201991863803,0.17015196997648113,0.14439331311841477,0.10215923497038805,0.17205037785517233,0.20101000327540175,0.19909658008540226,0.1861686676105615,0.1701671879301263,0.14440623177022213,0.10216839799969368
481,0.7283464566929134,2.9886520252196953,0.17580344367875028,0.20539132089359963,0.203435637400285,0.19023058898471662,0.17388273945506122,0.14756229027454018,0.10440481571121593,0.17581917334609118,0.2054096945732557,0.2034538337985794,0.19024760794021905,0.17389829716251273,0.1475754977518773,0.10441418426142324
482,0.7298606904906118,3.05601272313754,0.17965409993078585,0.20988849955703365,0.2078894383727525,0.19439838940937484,0.17769388338180828,0.1507980425720015,0.10669629072713391,0.17967017691407192,0.20990727890621652,0.20790803631836566,0.19441578444263902,0.177709785002112,0.15081154214679435,0.10670586695489968
483,0.7313749242883101,3.1246599740720375,0.18358130237571485,0.21447696427066665,0.21243364075539137,0.19864930340416542,0.18157980671127238,0.1540958202151928,0.10903030366546454,0.18359773771192456,0.21449616195153595,0.21245265297908625,0.19866708614993048,0.18159606294247274,0.15410962116681828,0.10904009458289197
484,0.7328891580860085,3.1944938689746416,0.18757928810322172,0.2191499848537438,0.21706157919597402,0.20297709487036514,0.18553480822420165,0.15745078567938456,0.11140343832016833,0.18759608128949076,0.21916960106110295,0.21708100592316765,0.20299526491166767,0.18555141816737084,0.15746488656191504,0.1114134421901346
485,0.7344033918837068,3.2654127717579033,0.19164218930916974,0.22390070684626123,0.22176646384477544,0.2073754150146389,0.18955308528731138,0.16085801728970553,0.1138122206453516,0.19165934799422787,0.22392075044504514,0.22178631384596886,0.20739398058726435,0.18957005652214676,0.16087242464980542,0.11382244229247915
486,0.7359176256814052,3.337313467216486,0.1957640462201577,0.22872216528143763,0.22654139564158415,0.21183781496354595,0.1936287457377633,0.164312519719102,0.1162531265954139,0.19578157751172606,0.2287426445234319,0.22656167709780722,0.21185678370472055,0.193646085266591,0.16432723955984613,0.11626357039176416
487,0.7374318594791036,3.410091311246261,0.1999388133814535,0.23360729236769973,0.23137937355428229,0.21635775271109536,0.19775581395359002,0.16780922877950194,0.11872258503383049,0.1999567212288984,0.23362821209967155,0.23140009127689137,0.21637712891916894,0.1977735255450771,0.16782426409154416,0.11873325288033931
488,0.7389460932768019,3.483640383143127,0.20416037156847483,0.23854893102223565,0.23627330837341057,0.22092860571105252,0.20192824258036468,0.1713430216514116,0.12121698527921893,0.20417865997878543,0.2385702961046886,0.23629446717005165,0.22094839375791023,0.2019463301186246,0.17135837559256936,0.12122787928753359
489,0.7404603270745003,3.5578536397597462,0.2084225350973219,0.2435398437000285,0.24121603118799173,0.22554367904490066,0.20613991986180893,0.17490872290169973,0.12373268104763427,0.2084412076360082,0.24356165845934008,0.24123763533963793,0.22556388281254605,0.2061583867900018,0.17492439826838638,0.1237438031279895
490,0.7419745608721987,3.632623071295893,0.21271906183909547,0.24857272393325988,0.2462003049742142,0.2301962160714096,0.21038467940783603,0.17850111281531,0.12626599640480896,0.21273812153875998,0.24859499207342267,0.24622235813671886,0.23021683887435707,0.21040352865513215,0.17851711197479983,0.12627734807494684
491,0.743488794669897,3.7078398584956567,0.217043662447224,0.2536402072679608,0.25121883513582605,0.23487940869066662,0.21465630956107132,0.1821149352877215,0.12881323104126055,0.21706311157935665,0.2536629316023231,0.25124134009397225,0.23490045300173126,0.21467554327676097,0.18213125993360174,0.12882481343195834
492,0.7450030284675954,3.7833945310227595,0.22139000973962852,0.2587348820440058,0.2562642813127036,0.2395864064955745,0.21894856155605147,0.18574490450315062,0.13137066484585874,0.22140985010597122,0.2587580648322471,0.25628724029099115,0.23960787429265815,0.21896818144943347,0.18576155597278565,0.13138247882448365
493,0.7465172622652938,3.859177126783388,0.22575175064450262,0.26384930302894904,0.26132926741522056,0.24431033257542378,0.22325516506463694,0.18938571956965325,0.1339345703905413,0.2257719831606378,0.26387294551427176,0.26135268162497816,0.24433222489543766,0.22327517197923405,0.18940269845304009,0.13394661627533264
494,0.7480314960629921,3.935077351964794,0.23012250947621796,0.2689759965208945,0.26640639330784444,0.24904428163463668,0.22756982392849182,0.19303205744593074,0.13650120231783403,0.23014313430749342,0.2690000990623452,0.2664302631066777,0.2490665986606069,0.22759021790989692,0.19304936364008018,0.1365134799258954
