sequence,stage,tid,span_seconds,cpu_ticks,complete_endpoints,cpu_before,cpu_after
2,initialization,2153836,0.371120307,38,true,60,60
2,initialization,2153854,0.371120307,0,true,11,11
2,initialization,2153858,0.371120307,0,true,51,51
2,initialization,2153859,0.371120307,0,true,17,17
2,initialization,2153860,0.371120307,0,true,50,50
2,initialization,2153861,0.371120307,0,true,37,37
2,initialization,2153862,0.371120307,0,true,49,49
2,initialization,2153863,0.371120307,0,true,9,9
2,initialization,2153864,0.371120307,0,true,2,2
2,initialization,2153865,0.371120307,0,true,53,53
2,initialization,2153866,0.371120307,0,true,30,30
2,initialization,2153867,0.371120307,0,true,24,24
2,initialization,2153868,0.371120307,0,true,57,57
2,initialization,2153869,0.371120307,0,true,18,18
2,initialization,2153870,0.371120307,1,true,10,10
2,initialization,2153871,0.371120307,0,true,38,38
2,initialization,2153872,0.371120307,0,true,43,43
2,initialization,2153873,0.371120307,0,true,59,59
2,initialization,2153874,0.371120307,0,true,55,55
2,initialization,2153875,0.371120307,0,true,12,12
2,initialization,2153876,0.371120307,1,true,52,52
2,initialization,2153877,0.371120307,0,true,13,13
2,initialization,2153878,0.371120307,0,true,58,58
2,initialization,2153879,0.371120307,0,true,22,22
2,initialization,2153880,0.371120307,0,true,5,5
2,initialization,2153881,0.371120307,0,true,63,63
2,initialization,2153882,0.371120307,0,true,42,42
2,initialization,2153883,0.371120307,1,true,4,4
2,initialization,2153884,0.371120307,0,true,63,56
2,initialization,2153886,0.371120307,0,true,26,26
2,initialization,2153887,0.371120307,0,true,28,28
2,initialization,2153888,0.371120307,0,true,7,7
2,initialization,2153889,0.371120307,0,true,32,32
2,initialization,2153890,0.371120307,0,true,8,8
2,initialization,2153891,0.371120307,0,true,20,20
2,initialization,2153892,0.371120307,0,true,15,15
2,initialization,2153893,0.371120307,0,true,48,48
2,initialization,2153894,0.371120307,0,true,1,1
2,initialization,2153895,0.371120307,0,true,6,6
2,initialization,2153896,0.371120307,0,true,40,40
2,initialization,2153897,0.371120307,0,true,27,27
2,initialization,2153898,0.371120307,1,true,44,44
2,initialization,2153899,0.371120307,0,true,31,31
2,initialization,2153900,0.371120307,1,true,46,46
2,initialization,2153901,0.371120307,0,true,39,39
2,initialization,2153902,0.371120307,1,true,45,45
2,initialization,2153903,0.371120307,0,true,11,11
2,initialization,2153904,0.371120307,1,true,47,47
2,initialization,2153905,0.371120307,0,true,33,33
2,initialization,2153906,0.371120307,0,true,54,54
2,initialization,2153907,0.371120307,0,true,19,19
2,initialization,2153908,0.371120307,1,true,23,23
2,initialization,2153909,0.371120307,0,true,34,34
2,initialization,2153910,0.371120307,0,true,29,29
2,initialization,2153911,0.371120307,1,true,25,25
2,initialization,2153912,0.371120307,0,true,14,14
2,initialization,2153913,0.371120307,0,true,62,62
2,initialization,2153914,0.371120307,1,true,35,35
2,initialization,2153915,0.371120307,1,true,36,36
2,initialization,2153916,0.371120307,0,true,3,3
2,initialization,2153917,0.371120307,0,true,16,16
2,initialization,2153918,0.371120307,1,true,41,41
2,initialization,2153919,0.371120307,0,true,0,0
2,initialization,2153920,0.371120307,0,true,21,21
2,initialization,2153921,0.371120307,0,true,56,61
2,initialization,2153922,0.371120307,0,true,61,61
2,initialization,2153923,0.371120307,0,true,7,7
2,initialization,2153924,0.371120307,0,true,3,3
2,initialization,2153925,0.371120307,0,true,50,50
2,initialization,2153926,0.371120307,0,true,31,31
2,initialization,2153927,0.371120307,0,true,27,27
2,initialization,2153928,0.371120307,0,true,60,60
2,initialization,2153929,0.371120307,0,true,51,51
2,initialization,2153930,0.371120307,0,true,1,1
2,initialization,2153931,0.371120307,0,true,58,58
2,initialization,2153932,0.371120307,0,true,16,16
2,initialization,2153933,0.371120307,0,true,10,10
2,initialization,2153934,0.371120307,0,true,2,2
2,initialization,2153935,0.371120307,0,true,62,62
2,initialization,2153936,0.371120307,0,true,56,56
2,initialization,2153937,0.371120307,0,true,59,59
2,initialization,2153938,0.371120307,0,true,11,11
2,initialization,2153939,0.371120307,0,true,48,48
2,initialization,2153940,0.371120307,0,true,57,57
2,initialization,2153941,0.371120307,0,true,53,53
2,initialization,2153942,0.371120307,0,true,5,5
2,initialization,2153943,0.371120307,0,true,19,19
2,initialization,2153944,0.371120307,0,true,4,4
2,initialization,2153945,0.371120307,0,true,55,55
2,initialization,2153946,0.371120307,0,true,41,41
2,initialization,2153947,0.371120307,0,true,42,42
2,initialization,2153948,0.371120307,0,true,52,52
2,initialization,2153949,0.371120307,0,true,54,54
2,initialization,2153950,0.371120307,0,true,40,40
2,initialization,2153951,0.371120307,0,true,15,15
2,initialization,2153952,0.371120307,0,true,14,14
3,fmm,2153836,0.039155999,3,true,60,60
3,fmm,2153854,0.039155999,0,true,11,11
3,fmm,2153858,0.039155999,2,true,51,51
3,fmm,2153859,0.039155999,3,true,17,17
3,fmm,2153860,0.039155999,2,true,50,50
3,fmm,2153861,0.039155999,3,true,37,37
3,fmm,2153862,0.039155999,2,true,49,49
3,fmm,2153863,0.039155999,2,true,9,9
3,fmm,2153864,0.039155999,2,true,2,2
3,fmm,2153865,0.039155999,3,true,53,53
3,fmm,2153866,0.039155999,2,true,30,30
3,fmm,2153867,0.039155999,2,true,24,24
3,fmm,2153868,0.039155999,2,true,57,57
3,fmm,2153869,0.039155999,2,true,18,18
3,fmm,2153870,0.039155999,2,true,10,10
3,fmm,2153871,0.039155999,2,true,38,38
3,fmm,2153872,0.039155999,2,true,43,43
3,fmm,2153873,0.039155999,2,true,59,59
3,fmm,2153874,0.039155999,2,true,55,55
3,fmm,2153875,0.039155999,2,true,12,12
3,fmm,2153876,0.039155999,1,true,52,52
3,fmm,2153877,0.039155999,2,true,13,13
3,fmm,2153878,0.039155999,2,true,58,58
3,fmm,2153879,0.039155999,2,true,22,22
3,fmm,2153880,0.039155999,2,true,5,5
3,fmm,2153881,0.039155999,2,true,63,63
3,fmm,2153882,0.039155999,2,true,42,42
3,fmm,2153883,0.039155999,2,true,4,4
3,fmm,2153884,0.039155999,2,true,56,56
3,fmm,2153886,0.039155999,2,true,26,26
3,fmm,2153887,0.039155999,2,true,28,28
3,fmm,2153888,0.039155999,2,true,7,7
3,fmm,2153889,0.039155999,2,true,32,32
3,fmm,2153890,0.039155999,2,true,8,8
3,fmm,2153891,0.039155999,2,true,20,20
3,fmm,2153892,0.039155999,2,true,15,15
3,fmm,2153893,0.039155999,1,true,48,48
3,fmm,2153894,0.039155999,2,true,1,1
3,fmm,2153895,0.039155999,2,true,6,6
3,fmm,2153896,0.039155999,1,true,40,40
3,fmm,2153897,0.039155999,2,true,27,27
3,fmm,2153898,0.039155999,2,true,44,44
3,fmm,2153899,0.039155999,2,true,31,31
3,fmm,2153900,0.039155999,2,true,46,46
3,fmm,2153901,0.039155999,2,true,39,39
3,fmm,2153902,0.039155999,1,true,45,45
3,fmm,2153903,0.039155999,2,true,11,11
3,fmm,2153904,0.039155999,2,true,47,47
3,fmm,2153905,0.039155999,2,true,33,33
3,fmm,2153906,0.039155999,2,true,54,54
3,fmm,2153907,0.039155999,2,true,19,19
3,fmm,2153908,0.039155999,1,true,23,23
3,fmm,2153909,0.039155999,2,true,34,34
3,fmm,2153910,0.039155999,2,true,29,29
3,fmm,2153911,0.039155999,1,true,25,25
3,fmm,2153912,0.039155999,2,true,14,14
3,fmm,2153913,0.039155999,2,true,62,62
3,fmm,2153914,0.039155999,1,true,35,35
3,fmm,2153915,0.039155999,1,true,36,36
3,fmm,2153916,0.039155999,2,true,3,3
3,fmm,2153917,0.039155999,2,true,16,16
3,fmm,2153918,0.039155999,1,true,41,41
3,fmm,2153919,0.039155999,1,true,0,0
3,fmm,2153920,0.039155999,0,true,21,21
3,fmm,2153921,0.039155999,0,true,61,61
3,fmm,2153922,0.039155999,0,true,61,61
3,fmm,2153923,0.039155999,0,true,7,7
3,fmm,2153924,0.039155999,0,true,3,3
3,fmm,2153925,0.039155999,0,true,50,50
3,fmm,2153926,0.039155999,0,true,31,31
3,fmm,2153927,0.039155999,0,true,27,27
3,fmm,2153928,0.039155999,0,true,60,60
3,fmm,2153929,0.039155999,0,true,51,51
3,fmm,2153930,0.039155999,0,true,1,1
3,fmm,2153931,0.039155999,0,true,58,58
3,fmm,2153932,0.039155999,0,true,16,16
3,fmm,2153933,0.039155999,0,true,10,10
3,fmm,2153934,0.039155999,0,true,2,2
3,fmm,2153935,0.039155999,0,true,62,62
3,fmm,2153936,0.039155999,0,true,56,56
3,fmm,2153937,0.039155999,0,true,59,59
3,fmm,2153938,0.039155999,0,true,11,11
3,fmm,2153939,0.039155999,0,true,48,48
3,fmm,2153940,0.039155999,0,true,57,57
3,fmm,2153941,0.039155999,0,true,53,53
3,fmm,2153942,0.039155999,0,true,5,5
3,fmm,2153943,0.039155999,0,true,19,19
3,fmm,2153944,0.039155999,0,true,4,4
3,fmm,2153945,0.039155999,0,true,55,55
3,fmm,2153946,0.039155999,0,true,41,41
3,fmm,2153947,0.039155999,0,true,42,42
3,fmm,2153948,0.039155999,0,true,52,52
3,fmm,2153949,0.039155999,0,true,54,54
3,fmm,2153950,0.039155999,0,true,40,40
3,fmm,2153951,0.039155999,0,true,15,15
3,fmm,2153952,0.039155999,0,true,14,14
4,influence_mapping,2153836,0.000706485,1,true,60,60
4,influence_mapping,2153854,0.000706485,0,true,11,11
4,influence_mapping,2153858,0.000706485,0,true,51,51
4,influence_mapping,2153859,0.000706485,0,true,17,17
4,influence_mapping,2153860,0.000706485,0,true,50,50
4,influence_mapping,2153861,0.000706485,0,true,37,37
4,influence_mapping,2153862,0.000706485,0,true,49,49
4,influence_mapping,2153863,0.000706485,0,true,9,9
4,influence_mapping,2153864,0.000706485,0,true,2,2
4,influence_mapping,2153865,0.000706485,0,true,53,53
4,influence_mapping,2153866,0.000706485,0,true,30,30
4,influence_mapping,2153867,0.000706485,0,true,24,24
4,influence_mapping,2153868,0.000706485,0,true,57,57
4,influence_mapping,2153869,0.000706485,0,true,18,18
4,influence_mapping,2153870,0.000706485,0,true,10,10
4,influence_mapping,2153871,0.000706485,0,true,38,38
4,influence_mapping,2153872,0.000706485,0,true,43,43
4,influence_mapping,2153873,0.000706485,0,true,59,59
4,influence_mapping,2153874,0.000706485,0,true,55,55
4,influence_mapping,2153875,0.000706485,0,true,12,12
4,influence_mapping,2153876,0.000706485,0,true,52,52
4,influence_mapping,2153877,0.000706485,0,true,13,13
4,influence_mapping,2153878,0.000706485,0,true,58,58
4,influence_mapping,2153879,0.000706485,0,true,22,22
4,influence_mapping,2153880,0.000706485,0,true,5,5
4,influence_mapping,2153881,0.000706485,0,true,63,63
4,influence_mapping,2153882,0.000706485,0,true,42,42
4,influence_mapping,2153883,0.000706485,0,true,4,4
4,influence_mapping,2153884,0.000706485,0,true,56,56
4,influence_mapping,2153886,0.000706485,0,true,26,26
4,influence_mapping,2153887,0.000706485,0,true,28,28
4,influence_mapping,2153888,0.000706485,0,true,7,7
4,influence_mapping,2153889,0.000706485,0,true,32,32
4,influence_mapping,2153890,0.000706485,0,true,8,8
4,influence_mapping,2153891,0.000706485,0,true,20,20
4,influence_mapping,2153892,0.000706485,0,true,15,15
4,influence_mapping,2153893,0.000706485,0,true,48,48
4,influence_mapping,2153894,0.000706485,0,true,1,1
4,influence_mapping,2153895,0.000706485,0,true,6,6
4,influence_mapping,2153896,0.000706485,0,true,40,40
4,influence_mapping,2153897,0.000706485,0,true,27,27
4,influence_mapping,2153898,0.000706485,0,true,44,44
4,influence_mapping,2153899,0.000706485,0,true,31,31
4,influence_mapping,2153900,0.000706485,0,true,46,46
4,influence_mapping,2153901,0.000706485,0,true,39,39
4,influence_mapping,2153902,0.000706485,0,true,45,45
4,influence_mapping,2153903,0.000706485,0,true,11,11
4,influence_mapping,2153904,0.000706485,0,true,47,47
4,influence_mapping,2153905,0.000706485,0,true,33,33
4,influence_mapping,2153906,0.000706485,0,true,54,54
4,influence_mapping,2153907,0.000706485,0,true,19,19
4,influence_mapping,2153908,0.000706485,0,true,23,23
4,influence_mapping,2153909,0.000706485,0,true,34,34
4,influence_mapping,2153910,0.000706485,0,true,29,29
4,influence_mapping,2153911,0.000706485,0,true,25,25
4,influence_mapping,2153912,0.000706485,0,true,14,14
4,influence_mapping,2153913,0.000706485,0,true,62,62
4,influence_mapping,2153914,0.000706485,0,true,35,35
4,influence_mapping,2153915,0.000706485,0,true,36,36
4,influence_mapping,2153916,0.000706485,0,true,3,3
4,influence_mapping,2153917,0.000706485,0,true,16,16
4,influence_mapping,2153918,0.000706485,0,true,41,41
4,influence_mapping,2153919,0.000706485,0,true,0,0
4,influence_mapping,2153920,0.000706485,0,true,21,21
4,influence_mapping,2153921,0.000706485,0,true,61,61
4,influence_mapping,2153922,0.000706485,0,true,61,61
4,influence_mapping,2153923,0.000706485,0,true,7,7
4,influence_mapping,2153924,0.000706485,0,true,3,3
4,influence_mapping,2153925,0.000706485,0,true,50,50
4,influence_mapping,2153926,0.000706485,0,true,31,31
4,influence_mapping,2153927,0.000706485,0,true,27,27
4,influence_mapping,2153928,0.000706485,0,true,60,60
4,influence_mapping,2153929,0.000706485,0,true,51,51
4,influence_mapping,2153930,0.000706485,0,true,1,1
4,influence_mapping,2153931,0.000706485,0,true,58,58
4,influence_mapping,2153932,0.000706485,0,true,16,16
4,influence_mapping,2153933,0.000706485,0,true,10,10
4,influence_mapping,2153934,0.000706485,0,true,2,2
4,influence_mapping,2153935,0.000706485,0,true,62,62
4,influence_mapping,2153936,0.000706485,0,true,56,56
4,influence_mapping,2153937,0.000706485,0,true,59,59
4,influence_mapping,2153938,0.000706485,0,true,11,11
4,influence_mapping,2153939,0.000706485,0,true,48,48
4,influence_mapping,2153940,0.000706485,0,true,57,57
4,influence_mapping,2153941,0.000706485,0,true,53,53
4,influence_mapping,2153942,0.000706485,0,true,5,5
4,influence_mapping,2153943,0.000706485,0,true,19,19
4,influence_mapping,2153944,0.000706485,0,true,4,4
4,influence_mapping,2153945,0.000706485,0,true,55,55
4,influence_mapping,2153946,0.000706485,0,true,41,41
4,influence_mapping,2153947,0.000706485,0,true,42,42
4,influence_mapping,2153948,0.000706485,0,true,52,52
4,influence_mapping,2153949,0.000706485,0,true,54,54
4,influence_mapping,2153950,0.000706485,0,true,40,40
4,influence_mapping,2153951,0.000706485,0,true,15,15
4,influence_mapping,2153952,0.000706485,0,true,14,14
5,residual,2153836,0.029599385,3,true,60,60
5,residual,2153854,0.029599385,0,true,11,11
5,residual,2153858,0.029599385,0,true,51,51
5,residual,2153859,0.029599385,0,true,17,17
5,residual,2153860,0.029599385,0,true,50,50
5,residual,2153861,0.029599385,0,true,37,37
5,residual,2153862,0.029599385,0,true,49,49
5,residual,2153863,0.029599385,0,true,9,9
5,residual,2153864,0.029599385,0,true,2,2
5,residual,2153865,0.029599385,0,true,53,53
5,residual,2153866,0.029599385,0,true,30,30
5,residual,2153867,0.029599385,0,true,24,24
5,residual,2153868,0.029599385,0,true,57,57
5,residual,2153869,0.029599385,0,true,18,18
5,residual,2153870,0.029599385,0,true,10,10
5,residual,2153871,0.029599385,0,true,38,38
5,residual,2153872,0.029599385,0,true,43,43
5,residual,2153873,0.029599385,0,true,59,59
5,residual,2153874,0.029599385,0,true,55,55
5,residual,2153875,0.029599385,0,true,12,12
5,residual,2153876,0.029599385,0,true,52,52
5,residual,2153877,0.029599385,0,true,13,13
5,residual,2153878,0.029599385,0,true,58,58
5,residual,2153879,0.029599385,0,true,22,22
5,residual,2153880,0.029599385,0,true,5,5
5,residual,2153881,0.029599385,0,true,63,63
5,residual,2153882,0.029599385,0,true,42,42
5,residual,2153883,0.029599385,0,true,4,4
5,residual,2153884,0.029599385,0,true,56,56
5,residual,2153886,0.029599385,0,true,26,26
5,residual,2153887,0.029599385,0,true,28,28
5,residual,2153888,0.029599385,0,true,7,7
5,residual,2153889,0.029599385,0,true,32,32
5,residual,2153890,0.029599385,0,true,8,8
5,residual,2153891,0.029599385,0,true,20,20
5,residual,2153892,0.029599385,0,true,15,15
5,residual,2153893,0.029599385,0,true,48,48
5,residual,2153894,0.029599385,0,true,1,1
5,residual,2153895,0.029599385,0,true,6,6
5,residual,2153896,0.029599385,0,true,40,40
5,residual,2153897,0.029599385,0,true,27,27
5,residual,2153898,0.029599385,0,true,44,44
5,residual,2153899,0.029599385,0,true,31,31
5,residual,2153900,0.029599385,0,true,46,46
5,residual,2153901,0.029599385,0,true,39,39
5,residual,2153902,0.029599385,0,true,45,45
5,residual,2153903,0.029599385,0,true,11,11
5,residual,2153904,0.029599385,0,true,47,47
5,residual,2153905,0.029599385,0,true,33,33
5,residual,2153906,0.029599385,0,true,54,54
5,residual,2153907,0.029599385,0,true,19,19
5,residual,2153908,0.029599385,0,true,23,23
5,residual,2153909,0.029599385,0,true,34,34
5,residual,2153910,0.029599385,0,true,29,29
5,residual,2153911,0.029599385,0,true,25,25
5,residual,2153912,0.029599385,0,true,14,14
5,residual,2153913,0.029599385,0,true,62,62
5,residual,2153914,0.029599385,0,true,35,35
5,residual,2153915,0.029599385,0,true,36,36
5,residual,2153916,0.029599385,0,true,3,3
5,residual,2153917,0.029599385,0,true,16,16
5,residual,2153918,0.029599385,0,true,41,41
5,residual,2153919,0.029599385,0,true,0,0
5,residual,2153920,0.029599385,0,true,21,21
5,residual,2153921,0.029599385,0,true,61,61
5,residual,2153922,0.029599385,0,true,61,61
5,residual,2153923,0.029599385,0,true,7,7
5,residual,2153924,0.029599385,0,true,3,3
5,residual,2153925,0.029599385,0,true,50,50
5,residual,2153926,0.029599385,0,true,31,31
5,residual,2153927,0.029599385,0,true,27,27
5,residual,2153928,0.029599385,0,true,60,60
5,residual,2153929,0.029599385,0,true,51,51
5,residual,2153930,0.029599385,0,true,1,1
5,residual,2153931,0.029599385,0,true,58,58
5,residual,2153932,0.029599385,0,true,16,16
5,residual,2153933,0.029599385,0,true,10,10
5,residual,2153934,0.029599385,0,true,2,2
5,residual,2153935,0.029599385,0,true,62,62
5,residual,2153936,0.029599385,0,true,56,56
5,residual,2153937,0.029599385,0,true,59,59
5,residual,2153938,0.029599385,0,true,11,11
5,residual,2153939,0.029599385,0,true,48,48
5,residual,2153940,0.029599385,0,true,57,57
5,residual,2153941,0.029599385,0,true,53,53
5,residual,2153942,0.029599385,0,true,5,5
5,residual,2153943,0.029599385,0,true,19,19
5,residual,2153944,0.029599385,0,true,4,4
5,residual,2153945,0.029599385,0,true,55,55
5,residual,2153946,0.029599385,0,true,41,41
5,residual,2153947,0.029599385,0,true,42,42
5,residual,2153948,0.029599385,0,true,52,52
5,residual,2153949,0.029599385,0,true,54,54
5,residual,2153950,0.029599385,0,true,40,40
5,residual,2153951,0.029599385,0,true,15,15
5,residual,2153952,0.029599385,0,true,14,14
6,nearfield_update,2153836,0.278537168,18,true,60,60
6,nearfield_update,2153854,0.278537168,0,true,11,11
6,nearfield_update,2153858,0.278537168,12,true,51,51
6,nearfield_update,2153859,0.278537168,4,true,17,17
6,nearfield_update,2153860,0.278537168,14,true,50,50
6,nearfield_update,2153861,0.278537168,23,true,37,37
6,nearfield_update,2153862,0.278537168,7,true,49,49
6,nearfield_update,2153863,0.278537168,22,true,9,9
6,nearfield_update,2153864,0.278537168,21,true,2,2
6,nearfield_update,2153865,0.278537168,2,true,53,53
6,nearfield_update,2153866,0.278537168,1,true,30,30
6,nearfield_update,2153867,0.278537168,17,true,24,24
6,nearfield_update,2153868,0.278537168,9,true,57,57
6,nearfield_update,2153869,0.278537168,18,true,18,18
6,nearfield_update,2153870,0.278537168,23,true,10,10
6,nearfield_update,2153871,0.278537168,18,true,38,38
6,nearfield_update,2153872,0.278537168,24,true,43,43
6,nearfield_update,2153873,0.278537168,14,true,59,59
6,nearfield_update,2153874,0.278537168,3,true,55,55
6,nearfield_update,2153875,0.278537168,23,true,12,12
6,nearfield_update,2153876,0.278537168,14,true,52,52
6,nearfield_update,2153877,0.278537168,3,true,13,54
6,nearfield_update,2153878,0.278537168,1,true,58,58
6,nearfield_update,2153879,0.278537168,15,true,22,22
6,nearfield_update,2153880,0.278537168,22,true,5,5
6,nearfield_update,2153881,0.278537168,7,true,63,63
6,nearfield_update,2153882,0.278537168,21,true,42,42
6,nearfield_update,2153883,0.278537168,23,true,4,4
6,nearfield_update,2153884,0.278537168,11,true,56,56
6,nearfield_update,2153886,0.278537168,17,true,26,26
6,nearfield_update,2153887,0.278537168,16,true,28,28
6,nearfield_update,2153888,0.278537168,23,true,7,7
6,nearfield_update,2153889,0.278537168,21,true,32,32
6,nearfield_update,2153890,0.278537168,21,true,8,33
6,nearfield_update,2153891,0.278537168,16,true,20,20
6,nearfield_update,2153892,0.278537168,22,true,15,15
6,nearfield_update,2153893,0.278537168,10,true,48,48
6,nearfield_update,2153894,0.278537168,23,true,1,1
6,nearfield_update,2153895,0.278537168,22,true,6,6
6,nearfield_update,2153896,0.278537168,21,true,40,40
6,nearfield_update,2153897,0.278537168,16,true,27,27
6,nearfield_update,2153898,0.278537168,20,true,44,44
6,nearfield_update,2153899,0.278537168,17,true,31,31
6,nearfield_update,2153900,0.278537168,19,true,46,46
6,nearfield_update,2153901,0.278537168,20,true,39,39
6,nearfield_update,2153902,0.278537168,21,true,45,45
6,nearfield_update,2153903,0.278537168,22,true,11,11
6,nearfield_update,2153904,0.278537168,20,true,47,47
6,nearfield_update,2153905,0.278537168,20,true,33,34
6,nearfield_update,2153906,0.278537168,10,true,54,58
6,nearfield_update,2153907,0.278537168,17,true,19,19
6,nearfield_update,2153908,0.278537168,17,true,23,23
6,nearfield_update,2153909,0.278537168,20,true,34,35
6,nearfield_update,2153910,0.278537168,16,true,29,29
6,nearfield_update,2153911,0.278537168,16,true,25,25
6,nearfield_update,2153912,0.278537168,22,true,14,14
6,nearfield_update,2153913,0.278537168,11,true,62,62
6,nearfield_update,2153914,0.278537168,21,true,35,36
6,nearfield_update,2153915,0.278537168,22,true,36,8
6,nearfield_update,2153916,0.278537168,23,true,3,3
6,nearfield_update,2153917,0.278537168,16,true,16,16
6,nearfield_update,2153918,0.278537168,20,true,41,41
6,nearfield_update,2153919,0.278537168,23,true,0,0
6,nearfield_update,2153920,0.278537168,17,true,21,21
6,nearfield_update,2153921,0.278537168,11,true,61,61
6,nearfield_update,2153922,0.278537168,0,true,61,61
6,nearfield_update,2153923,0.278537168,0,true,7,7
6,nearfield_update,2153924,0.278537168,0,true,3,3
6,nearfield_update,2153925,0.278537168,0,true,50,50
6,nearfield_update,2153926,0.278537168,0,true,31,31
6,nearfield_update,2153927,0.278537168,0,true,27,27
6,nearfield_update,2153928,0.278537168,0,true,60,60
6,nearfield_update,2153929,0.278537168,0,true,51,51
6,nearfield_update,2153930,0.278537168,0,true,1,1
6,nearfield_update,2153931,0.278537168,0,true,58,58
6,nearfield_update,2153932,0.278537168,0,true,16,16
6,nearfield_update,2153933,0.278537168,0,true,10,10
6,nearfield_update,2153934,0.278537168,0,true,2,2
6,nearfield_update,2153935,0.278537168,0,true,62,62
6,nearfield_update,2153936,0.278537168,0,true,56,56
6,nearfield_update,2153937,0.278537168,0,true,59,59
6,nearfield_update,2153938,0.278537168,0,true,11,11
6,nearfield_update,2153939,0.278537168,0,true,48,48
6,nearfield_update,2153940,0.278537168,0,true,57,57
6,nearfield_update,2153941,0.278537168,0,true,53,53
6,nearfield_update,2153942,0.278537168,0,true,5,5
6,nearfield_update,2153943,0.278537168,0,true,19,19
6,nearfield_update,2153944,0.278537168,0,true,4,4
6,nearfield_update,2153945,0.278537168,0,true,55,55
6,nearfield_update,2153946,0.278537168,0,true,41,41
6,nearfield_update,2153947,0.278537168,0,true,42,42
6,nearfield_update,2153948,0.278537168,0,true,52,52
6,nearfield_update,2153949,0.278537168,0,true,54,54
6,nearfield_update,2153950,0.278537168,0,true,40,40
6,nearfield_update,2153951,0.278537168,0,true,15,15
6,nearfield_update,2153952,0.278537168,0,true,14,14
7,fmm,2153836,0.036256955,3,true,60,60
7,fmm,2153854,0.036256955,0,true,11,11
7,fmm,2153858,0.036256955,2,true,51,51
7,fmm,2153859,0.036256955,3,true,17,17
7,fmm,2153860,0.036256955,2,true,50,50
7,fmm,2153861,0.036256955,3,true,37,37
7,fmm,2153862,0.036256955,2,true,49,49
7,fmm,2153863,0.036256955,2,true,9,9
7,fmm,2153864,0.036256955,2,true,2,2
7,fmm,2153865,0.036256955,2,true,53,53
7,fmm,2153866,0.036256955,2,true,30,30
7,fmm,2153867,0.036256955,2,true,24,24
7,fmm,2153868,0.036256955,2,true,57,56
7,fmm,2153869,0.036256955,1,true,18,18
7,fmm,2153870,0.036256955,2,true,10,10
7,fmm,2153871,0.036256955,2,true,38,38
7,fmm,2153872,0.036256955,2,true,43,43
7,fmm,2153873,0.036256955,2,true,59,59
7,fmm,2153874,0.036256955,2,true,55,55
7,fmm,2153875,0.036256955,2,true,12,12
7,fmm,2153876,0.036256955,2,true,52,52
7,fmm,2153877,0.036256955,1,true,54,54
7,fmm,2153878,0.036256955,1,true,58,58
7,fmm,2153879,0.036256955,3,true,22,22
7,fmm,2153880,0.036256955,2,true,5,5
7,fmm,2153881,0.036256955,2,true,63,63
7,fmm,2153882,0.036256955,2,true,42,42
7,fmm,2153883,0.036256955,2,true,4,4
7,fmm,2153884,0.036256955,2,true,56,57
7,fmm,2153886,0.036256955,2,true,26,26
7,fmm,2153887,0.036256955,1,true,28,28
7,fmm,2153888,0.036256955,2,true,7,7
7,fmm,2153889,0.036256955,2,true,32,32
7,fmm,2153890,0.036256955,2,true,33,33
7,fmm,2153891,0.036256955,2,true,20,20
7,fmm,2153892,0.036256955,2,true,15,15
7,fmm,2153893,0.036256955,1,true,48,48
7,fmm,2153894,0.036256955,2,true,1,1
7,fmm,2153895,0.036256955,2,true,6,6
7,fmm,2153896,0.036256955,2,true,40,40
7,fmm,2153897,0.036256955,2,true,27,27
7,fmm,2153898,0.036256955,2,true,44,44
7,fmm,2153899,0.036256955,2,true,31,31
7,fmm,2153900,0.036256955,2,true,46,46
7,fmm,2153901,0.036256955,1,true,39,39
7,fmm,2153902,0.036256955,2,true,45,45
7,fmm,2153903,0.036256955,2,true,11,11
7,fmm,2153904,0.036256955,2,true,47,47
7,fmm,2153905,0.036256955,2,true,34,34
7,fmm,2153906,0.036256955,2,true,58,62
7,fmm,2153907,0.036256955,1,true,19,19
7,fmm,2153908,0.036256955,2,true,23,23
7,fmm,2153909,0.036256955,2,true,35,35
7,fmm,2153910,0.036256955,2,true,29,29
7,fmm,2153911,0.036256955,2,true,25,25
7,fmm,2153912,0.036256955,2,true,14,14
7,fmm,2153913,0.036256955,2,true,62,61
7,fmm,2153914,0.036256955,2,true,36,36
7,fmm,2153915,0.036256955,2,true,8,8
7,fmm,2153916,0.036256955,1,true,3,3
7,fmm,2153917,0.036256955,2,true,16,16
7,fmm,2153918,0.036256955,1,true,41,41
7,fmm,2153919,0.036256955,2,true,0,16
7,fmm,2153920,0.036256955,1,true,21,21
7,fmm,2153921,0.036256955,0,true,61,51
7,fmm,2153922,0.036256955,0,true,61,61
7,fmm,2153923,0.036256955,0,true,7,7
7,fmm,2153924,0.036256955,0,true,3,3
7,fmm,2153925,0.036256955,0,true,50,50
7,fmm,2153926,0.036256955,0,true,31,31
7,fmm,2153927,0.036256955,0,true,27,27
7,fmm,2153928,0.036256955,0,true,60,60
7,fmm,2153929,0.036256955,0,true,51,51
7,fmm,2153930,0.036256955,0,true,1,1
7,fmm,2153931,0.036256955,0,true,58,58
7,fmm,2153932,0.036256955,0,true,16,16
7,fmm,2153933,0.036256955,0,true,10,10
7,fmm,2153934,0.036256955,0,true,2,2
7,fmm,2153935,0.036256955,0,true,62,62
7,fmm,2153936,0.036256955,0,true,56,56
7,fmm,2153937,0.036256955,0,true,59,59
7,fmm,2153938,0.036256955,0,true,11,11
7,fmm,2153939,0.036256955,0,true,48,48
7,fmm,2153940,0.036256955,0,true,57,57
7,fmm,2153941,0.036256955,0,true,53,53
7,fmm,2153942,0.036256955,0,true,5,5
7,fmm,2153943,0.036256955,0,true,19,19
7,fmm,2153944,0.036256955,0,true,4,4
7,fmm,2153945,0.036256955,0,true,55,55
7,fmm,2153946,0.036256955,0,true,41,41
7,fmm,2153947,0.036256955,0,true,42,42
7,fmm,2153948,0.036256955,0,true,52,52
7,fmm,2153949,0.036256955,0,true,54,54
7,fmm,2153950,0.036256955,0,true,40,40
7,fmm,2153951,0.036256955,0,true,15,15
7,fmm,2153952,0.036256955,0,true,14,14
8,influence_mapping,2153836,0.000660618,0,true,60,60
8,influence_mapping,2153854,0.000660618,0,true,11,11
8,influence_mapping,2153858,0.000660618,0,true,51,51
8,influence_mapping,2153859,0.000660618,0,true,17,17
8,influence_mapping,2153860,0.000660618,0,true,50,50
8,influence_mapping,2153861,0.000660618,0,true,37,37
8,influence_mapping,2153862,0.000660618,0,true,49,49
8,influence_mapping,2153863,0.000660618,0,true,9,9
8,influence_mapping,2153864,0.000660618,0,true,2,2
8,influence_mapping,2153865,0.000660618,0,true,53,53
8,influence_mapping,2153866,0.000660618,0,true,30,30
8,influence_mapping,2153867,0.000660618,0,true,24,24
8,influence_mapping,2153868,0.000660618,0,true,56,56
8,influence_mapping,2153869,0.000660618,0,true,18,18
8,influence_mapping,2153870,0.000660618,0,true,10,10
8,influence_mapping,2153871,0.000660618,0,true,38,38
8,influence_mapping,2153872,0.000660618,0,true,43,43
8,influence_mapping,2153873,0.000660618,0,true,59,59
8,influence_mapping,2153874,0.000660618,0,true,55,55
8,influence_mapping,2153875,0.000660618,0,true,12,12
8,influence_mapping,2153876,0.000660618,0,true,52,52
8,influence_mapping,2153877,0.000660618,0,true,54,54
8,influence_mapping,2153878,0.000660618,0,true,58,58
8,influence_mapping,2153879,0.000660618,0,true,22,22
8,influence_mapping,2153880,0.000660618,0,true,5,5
8,influence_mapping,2153881,0.000660618,0,true,63,63
8,influence_mapping,2153882,0.000660618,0,true,42,42
8,influence_mapping,2153883,0.000660618,0,true,4,4
8,influence_mapping,2153884,0.000660618,0,true,57,57
8,influence_mapping,2153886,0.000660618,0,true,26,26
8,influence_mapping,2153887,0.000660618,0,true,28,28
8,influence_mapping,2153888,0.000660618,0,true,7,7
8,influence_mapping,2153889,0.000660618,0,true,32,32
8,influence_mapping,2153890,0.000660618,0,true,33,33
8,influence_mapping,2153891,0.000660618,0,true,20,20
8,influence_mapping,2153892,0.000660618,0,true,15,15
8,influence_mapping,2153893,0.000660618,0,true,48,48
8,influence_mapping,2153894,0.000660618,0,true,1,1
8,influence_mapping,2153895,0.000660618,0,true,6,6
8,influence_mapping,2153896,0.000660618,0,true,40,40
8,influence_mapping,2153897,0.000660618,0,true,27,27
8,influence_mapping,2153898,0.000660618,0,true,44,44
8,influence_mapping,2153899,0.000660618,0,true,31,31
8,influence_mapping,2153900,0.000660618,0,true,46,46
8,influence_mapping,2153901,0.000660618,0,true,39,39
8,influence_mapping,2153902,0.000660618,0,true,45,45
8,influence_mapping,2153903,0.000660618,0,true,11,11
8,influence_mapping,2153904,0.000660618,0,true,47,47
8,influence_mapping,2153905,0.000660618,0,true,34,34
8,influence_mapping,2153906,0.000660618,0,true,62,62
8,influence_mapping,2153907,0.000660618,0,true,19,19
8,influence_mapping,2153908,0.000660618,0,true,23,23
8,influence_mapping,2153909,0.000660618,0,true,35,35
8,influence_mapping,2153910,0.000660618,0,true,29,29
8,influence_mapping,2153911,0.000660618,0,true,25,25
8,influence_mapping,2153912,0.000660618,0,true,14,14
8,influence_mapping,2153913,0.000660618,0,true,61,61
8,influence_mapping,2153914,0.000660618,0,true,36,36
8,influence_mapping,2153915,0.000660618,0,true,8,8
8,influence_mapping,2153916,0.000660618,0,true,3,3
8,influence_mapping,2153917,0.000660618,0,true,16,16
8,influence_mapping,2153918,0.000660618,0,true,41,41
8,influence_mapping,2153919,0.000660618,0,true,16,16
8,influence_mapping,2153920,0.000660618,0,true,21,21
8,influence_mapping,2153921,0.000660618,0,true,51,51
8,influence_mapping,2153922,0.000660618,0,true,61,61
8,influence_mapping,2153923,0.000660618,0,true,7,7
8,influence_mapping,2153924,0.000660618,0,true,3,3
8,influence_mapping,2153925,0.000660618,0,true,50,50
8,influence_mapping,2153926,0.000660618,0,true,31,31
8,influence_mapping,2153927,0.000660618,0,true,27,27
8,influence_mapping,2153928,0.000660618,0,true,60,60
8,influence_mapping,2153929,0.000660618,0,true,51,51
8,influence_mapping,2153930,0.000660618,0,true,1,1
8,influence_mapping,2153931,0.000660618,0,true,58,58
8,influence_mapping,2153932,0.000660618,0,true,16,16
8,influence_mapping,2153933,0.000660618,0,true,10,10
8,influence_mapping,2153934,0.000660618,0,true,2,2
8,influence_mapping,2153935,0.000660618,0,true,62,62
8,influence_mapping,2153936,0.000660618,0,true,56,56
8,influence_mapping,2153937,0.000660618,0,true,59,59
8,influence_mapping,2153938,0.000660618,0,true,11,11
8,influence_mapping,2153939,0.000660618,0,true,48,48
8,influence_mapping,2153940,0.000660618,0,true,57,57
8,influence_mapping,2153941,0.000660618,0,true,53,53
8,influence_mapping,2153942,0.000660618,0,true,5,5
8,influence_mapping,2153943,0.000660618,0,true,19,19
8,influence_mapping,2153944,0.000660618,0,true,4,4
8,influence_mapping,2153945,0.000660618,0,true,55,55
8,influence_mapping,2153946,0.000660618,0,true,41,41
8,influence_mapping,2153947,0.000660618,0,true,42,42
8,influence_mapping,2153948,0.000660618,0,true,52,52
8,influence_mapping,2153949,0.000660618,0,true,54,54
8,influence_mapping,2153950,0.000660618,0,true,40,40
8,influence_mapping,2153951,0.000660618,0,true,15,15
8,influence_mapping,2153952,0.000660618,0,true,14,14
9,residual,2153836,0.004943396,1,true,60,60
9,residual,2153854,0.004943396,0,true,11,11
9,residual,2153858,0.004943396,0,true,51,51
9,residual,2153859,0.004943396,0,true,17,17
9,residual,2153860,0.004943396,0,true,50,50
9,residual,2153861,0.004943396,0,true,37,37
9,residual,2153862,0.004943396,0,true,49,49
9,residual,2153863,0.004943396,0,true,9,9
9,residual,2153864,0.004943396,0,true,2,2
9,residual,2153865,0.004943396,0,true,53,53
9,residual,2153866,0.004943396,0,true,30,30
9,residual,2153867,0.004943396,0,true,24,24
9,residual,2153868,0.004943396,0,true,56,56
9,residual,2153869,0.004943396,0,true,18,18
9,residual,2153870,0.004943396,0,true,10,10
9,residual,2153871,0.004943396,0,true,38,38
9,residual,2153872,0.004943396,0,true,43,43
9,residual,2153873,0.004943396,0,true,59,59
9,residual,2153874,0.004943396,0,true,55,55
9,residual,2153875,0.004943396,0,true,12,12
9,residual,2153876,0.004943396,0,true,52,52
9,residual,2153877,0.004943396,0,true,54,54
9,residual,2153878,0.004943396,0,true,58,58
9,residual,2153879,0.004943396,0,true,22,22
9,residual,2153880,0.004943396,0,true,5,5
9,residual,2153881,0.004943396,0,true,63,63
9,residual,2153882,0.004943396,0,true,42,42
9,residual,2153883,0.004943396,0,true,4,4
9,residual,2153884,0.004943396,0,true,57,57
9,residual,2153886,0.004943396,0,true,26,26
9,residual,2153887,0.004943396,0,true,28,28
9,residual,2153888,0.004943396,0,true,7,7
9,residual,2153889,0.004943396,0,true,32,32
9,residual,2153890,0.004943396,0,true,33,33
9,residual,2153891,0.004943396,0,true,20,20
9,residual,2153892,0.004943396,0,true,15,15
9,residual,2153893,0.004943396,0,true,48,48
9,residual,2153894,0.004943396,0,true,1,1
9,residual,2153895,0.004943396,0,true,6,6
9,residual,2153896,0.004943396,0,true,40,40
9,residual,2153897,0.004943396,0,true,27,27
9,residual,2153898,0.004943396,0,true,44,44
9,residual,2153899,0.004943396,0,true,31,31
9,residual,2153900,0.004943396,0,true,46,46
9,residual,2153901,0.004943396,0,true,39,39
9,residual,2153902,0.004943396,0,true,45,45
9,residual,2153903,0.004943396,0,true,11,11
9,residual,2153904,0.004943396,0,true,47,47
9,residual,2153905,0.004943396,0,true,34,34
9,residual,2153906,0.004943396,0,true,62,62
9,residual,2153907,0.004943396,0,true,19,19
9,residual,2153908,0.004943396,0,true,23,23
9,residual,2153909,0.004943396,0,true,35,35
9,residual,2153910,0.004943396,0,true,29,29
9,residual,2153911,0.004943396,0,true,25,25
9,residual,2153912,0.004943396,0,true,14,14
9,residual,2153913,0.004943396,0,true,61,61
9,residual,2153914,0.004943396,0,true,36,36
9,residual,2153915,0.004943396,0,true,8,8
9,residual,2153916,0.004943396,0,true,3,3
9,residual,2153917,0.004943396,0,true,16,16
9,residual,2153918,0.004943396,0,true,41,41
9,residual,2153919,0.004943396,0,true,16,16
9,residual,2153920,0.004943396,0,true,21,21
9,residual,2153921,0.004943396,0,true,51,51
9,residual,2153922,0.004943396,0,true,61,61
9,residual,2153923,0.004943396,0,true,7,7
9,residual,2153924,0.004943396,0,true,3,3
9,residual,2153925,0.004943396,0,true,50,50
9,residual,2153926,0.004943396,0,true,31,31
9,residual,2153927,0.004943396,0,true,27,27
9,residual,2153928,0.004943396,0,true,60,60
9,residual,2153929,0.004943396,0,true,51,51
9,residual,2153930,0.004943396,0,true,1,1
9,residual,2153931,0.004943396,0,true,58,58
9,residual,2153932,0.004943396,0,true,16,16
9,residual,2153933,0.004943396,0,true,10,10
9,residual,2153934,0.004943396,0,true,2,2
9,residual,2153935,0.004943396,0,true,62,62
9,residual,2153936,0.004943396,0,true,56,56
9,residual,2153937,0.004943396,0,true,59,59
9,residual,2153938,0.004943396,0,true,11,11
9,residual,2153939,0.004943396,0,true,48,48
9,residual,2153940,0.004943396,0,true,57,57
9,residual,2153941,0.004943396,0,true,53,53
9,residual,2153942,0.004943396,0,true,5,5
9,residual,2153943,0.004943396,0,true,19,19
9,residual,2153944,0.004943396,0,true,4,4
9,residual,2153945,0.004943396,0,true,55,55
9,residual,2153946,0.004943396,0,true,41,41
9,residual,2153947,0.004943396,0,true,42,42
9,residual,2153948,0.004943396,0,true,52,52
9,residual,2153949,0.004943396,0,true,54,54
9,residual,2153950,0.004943396,0,true,40,40
9,residual,2153951,0.004943396,0,true,15,15
9,residual,2153952,0.004943396,0,true,14,14
10,nearfield_update,2153836,0.27934959,18,true,60,57
10,nearfield_update,2153854,0.27934959,0,true,11,11
10,nearfield_update,2153858,0.27934959,12,true,51,51
10,nearfield_update,2153859,0.27934959,5,true,17,17
10,nearfield_update,2153860,0.27934959,13,true,50,50
10,nearfield_update,2153861,0.27934959,24,true,37,37
10,nearfield_update,2153862,0.27934959,7,true,49,49
10,nearfield_update,2153863,0.27934959,23,true,9,9
10,nearfield_update,2153864,0.27934959,21,true,2,2
10,nearfield_update,2153865,0.27934959,2,true,53,53
10,nearfield_update,2153866,0.27934959,2,true,30,30
10,nearfield_update,2153867,0.27934959,18,true,24,24
10,nearfield_update,2153868,0.27934959,11,true,56,56
10,nearfield_update,2153869,0.27934959,18,true,18,31
10,nearfield_update,2153870,0.27934959,23,true,10,10
10,nearfield_update,2153871,0.27934959,19,true,38,38
10,nearfield_update,2153872,0.27934959,24,true,43,43
10,nearfield_update,2153873,0.27934959,14,true,59,59
10,nearfield_update,2153874,0.27934959,2,true,55,55
10,nearfield_update,2153875,0.27934959,23,true,12,12
10,nearfield_update,2153876,0.27934959,14,true,52,52
10,nearfield_update,2153877,0.27934959,2,true,54,54
10,nearfield_update,2153878,0.27934959,1,true,58,57
10,nearfield_update,2153879,0.27934959,16,true,22,22
10,nearfield_update,2153880,0.27934959,20,true,5,5
10,nearfield_update,2153881,0.27934959,8,true,63,63
10,nearfield_update,2153882,0.27934959,21,true,42,42
10,nearfield_update,2153883,0.27934959,22,true,4,4
10,nearfield_update,2153884,0.27934959,12,true,57,60
10,nearfield_update,2153886,0.27934959,17,true,26,26
10,nearfield_update,2153887,0.27934959,18,true,28,18
10,nearfield_update,2153888,0.27934959,22,true,7,7
10,nearfield_update,2153889,0.27934959,21,true,32,32
10,nearfield_update,2153890,0.27934959,21,true,33,33
10,nearfield_update,2153891,0.27934959,17,true,20,20
10,nearfield_update,2153892,0.27934959,23,true,15,15
10,nearfield_update,2153893,0.27934959,10,true,48,48
10,nearfield_update,2153894,0.27934959,22,true,1,41
10,nearfield_update,2153895,0.27934959,22,true,6,6
10,nearfield_update,2153896,0.27934959,21,true,40,40
10,nearfield_update,2153897,0.27934959,18,true,27,27
10,nearfield_update,2153898,0.27934959,21,true,44,44
10,nearfield_update,2153899,0.27934959,18,true,31,25
10,nearfield_update,2153900,0.27934959,22,true,46,46
10,nearfield_update,2153901,0.27934959,22,true,39,39
10,nearfield_update,2153902,0.27934959,22,true,45,45
10,nearfield_update,2153903,0.27934959,23,true,11,11
10,nearfield_update,2153904,0.27934959,22,true,47,47
10,nearfield_update,2153905,0.27934959,15,true,34,62
10,nearfield_update,2153906,0.27934959,12,true,62,53
10,nearfield_update,2153907,0.27934959,17,true,19,19
10,nearfield_update,2153908,0.27934959,17,true,23,23
10,nearfield_update,2153909,0.27934959,21,true,35,35
10,nearfield_update,2153910,0.27934959,18,true,29,29
10,nearfield_update,2153911,0.27934959,18,true,25,30
10,nearfield_update,2153912,0.27934959,23,true,14,14
10,nearfield_update,2153913,0.27934959,12,true,61,61
10,nearfield_update,2153914,0.27934959,21,true,36,34
10,nearfield_update,2153915,0.27934959,22,true,8,8
10,nearfield_update,2153916,0.27934959,22,true,3,3
10,nearfield_update,2153917,0.27934959,17,true,16,16
10,nearfield_update,2153918,0.27934959,22,true,41,36
10,nearfield_update,2153919,0.27934959,17,true,16,21
10,nearfield_update,2153920,0.27934959,17,true,21,28
10,nearfield_update,2153921,0.27934959,12,true,51,58
10,nearfield_update,2153922,0.27934959,0,true,61,61
10,nearfield_update,2153923,0.27934959,0,true,7,7
10,nearfield_update,2153924,0.27934959,0,true,3,3
10,nearfield_update,2153925,0.27934959,0,true,50,50
10,nearfield_update,2153926,0.27934959,0,true,31,31
10,nearfield_update,2153927,0.27934959,0,true,27,27
10,nearfield_update,2153928,0.27934959,0,true,60,60
10,nearfield_update,2153929,0.27934959,0,true,51,51
10,nearfield_update,2153930,0.27934959,0,true,1,1
10,nearfield_update,2153931,0.27934959,0,true,58,58
10,nearfield_update,2153932,0.27934959,0,true,16,16
10,nearfield_update,2153933,0.27934959,0,true,10,10
10,nearfield_update,2153934,0.27934959,0,true,2,2
10,nearfield_update,2153935,0.27934959,0,true,62,62
10,nearfield_update,2153936,0.27934959,0,true,56,56
10,nearfield_update,2153937,0.27934959,0,true,59,59
10,nearfield_update,2153938,0.27934959,0,true,11,11
10,nearfield_update,2153939,0.27934959,0,true,48,48
10,nearfield_update,2153940,0.27934959,0,true,57,57
10,nearfield_update,2153941,0.27934959,0,true,53,53
10,nearfield_update,2153942,0.27934959,0,true,5,5
10,nearfield_update,2153943,0.27934959,0,true,19,19
10,nearfield_update,2153944,0.27934959,0,true,4,4
10,nearfield_update,2153945,0.27934959,0,true,55,55
10,nearfield_update,2153946,0.27934959,0,true,41,41
10,nearfield_update,2153947,0.27934959,0,true,42,42
10,nearfield_update,2153948,0.27934959,0,true,52,52
10,nearfield_update,2153949,0.27934959,0,true,54,54
10,nearfield_update,2153950,0.27934959,0,true,40,40
10,nearfield_update,2153951,0.27934959,0,true,15,15
10,nearfield_update,2153952,0.27934959,0,true,14,14
11,fmm,2153836,0.04472077,3,true,57,57
11,fmm,2153854,0.04472077,0,true,11,11
11,fmm,2153858,0.04472077,2,true,51,51
11,fmm,2153859,0.04472077,2,true,17,17
11,fmm,2153860,0.04472077,2,true,50,50
11,fmm,2153861,0.04472077,2,true,37,37
11,fmm,2153862,0.04472077,2,true,49,49
11,fmm,2153863,0.04472077,2,true,9,9
11,fmm,2153864,0.04472077,2,true,2,2
11,fmm,2153865,0.04472077,3,true,53,53
11,fmm,2153866,0.04472077,2,true,30,30
11,fmm,2153867,0.04472077,2,true,24,25
11,fmm,2153868,0.04472077,2,true,56,56
11,fmm,2153869,0.04472077,2,true,31,31
11,fmm,2153870,0.04472077,2,true,10,10
11,fmm,2153871,0.04472077,2,true,38,38
11,fmm,2153872,0.04472077,2,true,43,43
11,fmm,2153873,0.04472077,2,true,59,59
11,fmm,2153874,0.04472077,2,true,55,48
11,fmm,2153875,0.04472077,2,true,12,12
11,fmm,2153876,0.04472077,2,true,52,52
11,fmm,2153877,0.04472077,2,true,54,54
11,fmm,2153878,0.04472077,2,true,57,58
11,fmm,2153879,0.04472077,2,true,22,22
11,fmm,2153880,0.04472077,2,true,5,5
11,fmm,2153881,0.04472077,2,true,63,63
11,fmm,2153882,0.04472077,2,true,42,42
11,fmm,2153883,0.04472077,2,true,4,4
11,fmm,2153884,0.04472077,2,true,60,60
11,fmm,2153886,0.04472077,2,true,26,26
11,fmm,2153887,0.04472077,2,true,18,18
11,fmm,2153888,0.04472077,2,true,7,7
11,fmm,2153889,0.04472077,2,true,32,32
11,fmm,2153890,0.04472077,1,true,33,33
11,fmm,2153891,0.04472077,2,true,20,20
11,fmm,2153892,0.04472077,2,true,15,15
11,fmm,2153893,0.04472077,1,true,48,55
11,fmm,2153894,0.04472077,2,true,41,41
11,fmm,2153895,0.04472077,2,true,6,6
11,fmm,2153896,0.04472077,2,true,40,40
11,fmm,2153897,0.04472077,2,true,27,27
11,fmm,2153898,0.04472077,2,true,44,44
11,fmm,2153899,0.04472077,2,true,25,28
11,fmm,2153900,0.04472077,1,true,46,46
11,fmm,2153901,0.04472077,2,true,39,39
11,fmm,2153902,0.04472077,1,true,45,45
11,fmm,2153903,0.04472077,2,true,11,11
11,fmm,2153904,0.04472077,2,true,47,47
11,fmm,2153905,0.04472077,1,true,62,62
11,fmm,2153906,0.04472077,1,true,53,61
11,fmm,2153907,0.04472077,2,true,19,19
11,fmm,2153908,0.04472077,1,true,23,23
11,fmm,2153909,0.04472077,2,true,35,35
11,fmm,2153910,0.04472077,2,true,29,29
11,fmm,2153911,0.04472077,2,true,30,24
11,fmm,2153912,0.04472077,2,true,14,14
11,fmm,2153913,0.04472077,2,true,61,56
11,fmm,2153914,0.04472077,2,true,34,34
11,fmm,2153915,0.04472077,2,true,8,8
11,fmm,2153916,0.04472077,1,true,3,3
11,fmm,2153917,0.04472077,1,true,16,16
11,fmm,2153918,0.04472077,2,true,36,36
11,fmm,2153919,0.04472077,1,true,21,21
11,fmm,2153920,0.04472077,0,true,28,58
11,fmm,2153921,0.04472077,1,true,58,51
11,fmm,2153922,0.04472077,0,true,61,61
11,fmm,2153923,0.04472077,0,true,7,7
11,fmm,2153924,0.04472077,0,true,3,3
11,fmm,2153925,0.04472077,0,true,50,50
11,fmm,2153926,0.04472077,0,true,31,31
11,fmm,2153927,0.04472077,0,true,27,27
11,fmm,2153928,0.04472077,0,true,60,60
11,fmm,2153929,0.04472077,0,true,51,51
11,fmm,2153930,0.04472077,0,true,1,1
11,fmm,2153931,0.04472077,0,true,58,58
11,fmm,2153932,0.04472077,0,true,16,16
11,fmm,2153933,0.04472077,0,true,10,10
11,fmm,2153934,0.04472077,0,true,2,2
11,fmm,2153935,0.04472077,0,true,62,62
11,fmm,2153936,0.04472077,0,true,56,56
11,fmm,2153937,0.04472077,0,true,59,59
11,fmm,2153938,0.04472077,0,true,11,11
11,fmm,2153939,0.04472077,0,true,48,48
11,fmm,2153940,0.04472077,0,true,57,57
11,fmm,2153941,0.04472077,0,true,53,53
11,fmm,2153942,0.04472077,0,true,5,5
11,fmm,2153943,0.04472077,0,true,19,19
11,fmm,2153944,0.04472077,0,true,4,4
11,fmm,2153945,0.04472077,0,true,55,55
11,fmm,2153946,0.04472077,0,true,41,41
11,fmm,2153947,0.04472077,0,true,42,42
11,fmm,2153948,0.04472077,0,true,52,52
11,fmm,2153949,0.04472077,0,true,54,54
11,fmm,2153950,0.04472077,0,true,40,40
11,fmm,2153951,0.04472077,0,true,15,15
11,fmm,2153952,0.04472077,0,true,14,14
12,influence_mapping,2153836,0.00076859,0,true,57,57
12,influence_mapping,2153854,0.00076859,0,true,11,11
12,influence_mapping,2153858,0.00076859,0,true,51,51
12,influence_mapping,2153859,0.00076859,0,true,17,17
12,influence_mapping,2153860,0.00076859,0,true,50,50
12,influence_mapping,2153861,0.00076859,0,true,37,37
12,influence_mapping,2153862,0.00076859,0,true,49,49
12,influence_mapping,2153863,0.00076859,0,true,9,9
12,influence_mapping,2153864,0.00076859,0,true,2,2
12,influence_mapping,2153865,0.00076859,0,true,53,53
12,influence_mapping,2153866,0.00076859,0,true,30,30
12,influence_mapping,2153867,0.00076859,0,true,25,25
12,influence_mapping,2153868,0.00076859,0,true,56,56
12,influence_mapping,2153869,0.00076859,0,true,31,31
12,influence_mapping,2153870,0.00076859,0,true,10,10
12,influence_mapping,2153871,0.00076859,0,true,38,38
12,influence_mapping,2153872,0.00076859,0,true,43,43
12,influence_mapping,2153873,0.00076859,0,true,59,59
12,influence_mapping,2153874,0.00076859,0,true,48,48
12,influence_mapping,2153875,0.00076859,0,true,12,12
12,influence_mapping,2153876,0.00076859,0,true,52,52
12,influence_mapping,2153877,0.00076859,0,true,54,54
12,influence_mapping,2153878,0.00076859,0,true,58,58
12,influence_mapping,2153879,0.00076859,0,true,22,22
12,influence_mapping,2153880,0.00076859,0,true,5,5
12,influence_mapping,2153881,0.00076859,0,true,63,63
12,influence_mapping,2153882,0.00076859,0,true,42,42
12,influence_mapping,2153883,0.00076859,0,true,4,4
12,influence_mapping,2153884,0.00076859,0,true,60,60
12,influence_mapping,2153886,0.00076859,0,true,26,26
12,influence_mapping,2153887,0.00076859,0,true,18,18
12,influence_mapping,2153888,0.00076859,0,true,7,7
12,influence_mapping,2153889,0.00076859,0,true,32,32
12,influence_mapping,2153890,0.00076859,0,true,33,33
12,influence_mapping,2153891,0.00076859,0,true,20,20
12,influence_mapping,2153892,0.00076859,0,true,15,15
12,influence_mapping,2153893,0.00076859,0,true,55,55
12,influence_mapping,2153894,0.00076859,0,true,41,41
12,influence_mapping,2153895,0.00076859,0,true,6,6
12,influence_mapping,2153896,0.00076859,0,true,40,40
12,influence_mapping,2153897,0.00076859,0,true,27,27
12,influence_mapping,2153898,0.00076859,0,true,44,44
12,influence_mapping,2153899,0.00076859,0,true,28,28
12,influence_mapping,2153900,0.00076859,0,true,46,46
12,influence_mapping,2153901,0.00076859,0,true,39,39
12,influence_mapping,2153902,0.00076859,0,true,45,45
12,influence_mapping,2153903,0.00076859,0,true,11,11
12,influence_mapping,2153904,0.00076859,0,true,47,47
12,influence_mapping,2153905,0.00076859,0,true,62,62
12,influence_mapping,2153906,0.00076859,0,true,61,61
12,influence_mapping,2153907,0.00076859,0,true,19,19
12,influence_mapping,2153908,0.00076859,0,true,23,23
12,influence_mapping,2153909,0.00076859,0,true,35,35
12,influence_mapping,2153910,0.00076859,0,true,29,29
12,influence_mapping,2153911,0.00076859,0,true,24,24
12,influence_mapping,2153912,0.00076859,0,true,14,14
12,influence_mapping,2153913,0.00076859,0,true,56,56
12,influence_mapping,2153914,0.00076859,0,true,34,34
12,influence_mapping,2153915,0.00076859,0,true,8,8
12,influence_mapping,2153916,0.00076859,0,true,3,3
12,influence_mapping,2153917,0.00076859,0,true,16,16
12,influence_mapping,2153918,0.00076859,0,true,36,36
12,influence_mapping,2153919,0.00076859,0,true,21,21
12,influence_mapping,2153920,0.00076859,0,true,58,58
12,influence_mapping,2153921,0.00076859,0,true,51,51
12,influence_mapping,2153922,0.00076859,0,true,61,61
12,influence_mapping,2153923,0.00076859,0,true,7,7
12,influence_mapping,2153924,0.00076859,0,true,3,3
12,influence_mapping,2153925,0.00076859,0,true,50,50
12,influence_mapping,2153926,0.00076859,0,true,31,31
12,influence_mapping,2153927,0.00076859,0,true,27,27
12,influence_mapping,2153928,0.00076859,0,true,60,60
12,influence_mapping,2153929,0.00076859,0,true,51,51
12,influence_mapping,2153930,0.00076859,0,true,1,1
12,influence_mapping,2153931,0.00076859,0,true,58,58
12,influence_mapping,2153932,0.00076859,0,true,16,16
12,influence_mapping,2153933,0.00076859,0,true,10,10
12,influence_mapping,2153934,0.00076859,0,true,2,2
12,influence_mapping,2153935,0.00076859,0,true,62,62
12,influence_mapping,2153936,0.00076859,0,true,56,56
12,influence_mapping,2153937,0.00076859,0,true,59,59
12,influence_mapping,2153938,0.00076859,0,true,11,11
12,influence_mapping,2153939,0.00076859,0,true,48,48
12,influence_mapping,2153940,0.00076859,0,true,57,57
12,influence_mapping,2153941,0.00076859,0,true,53,53
12,influence_mapping,2153942,0.00076859,0,true,5,5
12,influence_mapping,2153943,0.00076859,0,true,19,19
12,influence_mapping,2153944,0.00076859,0,true,4,4
12,influence_mapping,2153945,0.00076859,0,true,55,55
12,influence_mapping,2153946,0.00076859,0,true,41,41
12,influence_mapping,2153947,0.00076859,0,true,42,42
12,influence_mapping,2153948,0.00076859,0,true,52,52
12,influence_mapping,2153949,0.00076859,0,true,54,54
12,influence_mapping,2153950,0.00076859,0,true,40,40
12,influence_mapping,2153951,0.00076859,0,true,15,15
12,influence_mapping,2153952,0.00076859,0,true,14,14
13,residual,2153836,0.004595194,0,true,57,57
13,residual,2153854,0.004595194,0,true,11,11
13,residual,2153858,0.004595194,0,true,51,51
13,residual,2153859,0.004595194,0,true,17,17
13,residual,2153860,0.004595194,0,true,50,50
13,residual,2153861,0.004595194,0,true,37,37
13,residual,2153862,0.004595194,0,true,49,49
13,residual,2153863,0.004595194,0,true,9,9
13,residual,2153864,0.004595194,0,true,2,2
13,residual,2153865,0.004595194,0,true,53,53
13,residual,2153866,0.004595194,0,true,30,30
13,residual,2153867,0.004595194,0,true,25,25
13,residual,2153868,0.004595194,0,true,56,56
13,residual,2153869,0.004595194,0,true,31,31
13,residual,2153870,0.004595194,0,true,10,10
13,residual,2153871,0.004595194,0,true,38,38
13,residual,2153872,0.004595194,0,true,43,43
13,residual,2153873,0.004595194,0,true,59,59
13,residual,2153874,0.004595194,0,true,48,48
13,residual,2153875,0.004595194,0,true,12,12
13,residual,2153876,0.004595194,0,true,52,52
13,residual,2153877,0.004595194,0,true,54,54
13,residual,2153878,0.004595194,0,true,58,58
13,residual,2153879,0.004595194,0,true,22,22
13,residual,2153880,0.004595194,0,true,5,5
13,residual,2153881,0.004595194,0,true,63,63
13,residual,2153882,0.004595194,0,true,42,42
13,residual,2153883,0.004595194,0,true,4,4
13,residual,2153884,0.004595194,0,true,60,60
13,residual,2153886,0.004595194,0,true,26,26
13,residual,2153887,0.004595194,0,true,18,18
13,residual,2153888,0.004595194,0,true,7,7
13,residual,2153889,0.004595194,0,true,32,32
13,residual,2153890,0.004595194,0,true,33,33
13,residual,2153891,0.004595194,0,true,20,20
13,residual,2153892,0.004595194,0,true,15,15
13,residual,2153893,0.004595194,0,true,55,55
13,residual,2153894,0.004595194,0,true,41,41
13,residual,2153895,0.004595194,0,true,6,6
13,residual,2153896,0.004595194,0,true,40,40
13,residual,2153897,0.004595194,0,true,27,27
13,residual,2153898,0.004595194,0,true,44,44
13,residual,2153899,0.004595194,0,true,28,28
13,residual,2153900,0.004595194,0,true,46,46
13,residual,2153901,0.004595194,0,true,39,39
13,residual,2153902,0.004595194,0,true,45,45
13,residual,2153903,0.004595194,0,true,11,11
13,residual,2153904,0.004595194,0,true,47,47
13,residual,2153905,0.004595194,0,true,62,62
13,residual,2153906,0.004595194,0,true,61,61
13,residual,2153907,0.004595194,0,true,19,19
13,residual,2153908,0.004595194,0,true,23,23
13,residual,2153909,0.004595194,0,true,35,35
13,residual,2153910,0.004595194,0,true,29,29
13,residual,2153911,0.004595194,0,true,24,24
13,residual,2153912,0.004595194,0,true,14,14
13,residual,2153913,0.004595194,0,true,56,56
13,residual,2153914,0.004595194,0,true,34,34
13,residual,2153915,0.004595194,0,true,8,8
13,residual,2153916,0.004595194,0,true,3,3
13,residual,2153917,0.004595194,0,true,16,16
13,residual,2153918,0.004595194,0,true,36,36
13,residual,2153919,0.004595194,0,true,21,21
13,residual,2153920,0.004595194,0,true,58,58
13,residual,2153921,0.004595194,0,true,51,51
13,residual,2153922,0.004595194,0,true,61,61
13,residual,2153923,0.004595194,0,true,7,7
13,residual,2153924,0.004595194,0,true,3,3
13,residual,2153925,0.004595194,0,true,50,50
13,residual,2153926,0.004595194,0,true,31,31
13,residual,2153927,0.004595194,0,true,27,27
13,residual,2153928,0.004595194,0,true,60,60
13,residual,2153929,0.004595194,0,true,51,51
13,residual,2153930,0.004595194,0,true,1,1
13,residual,2153931,0.004595194,0,true,58,58
13,residual,2153932,0.004595194,0,true,16,16
13,residual,2153933,0.004595194,0,true,10,10
13,residual,2153934,0.004595194,0,true,2,2
13,residual,2153935,0.004595194,0,true,62,62
13,residual,2153936,0.004595194,0,true,56,56
13,residual,2153937,0.004595194,0,true,59,59
13,residual,2153938,0.004595194,0,true,11,11
13,residual,2153939,0.004595194,0,true,48,48
13,residual,2153940,0.004595194,0,true,57,57
13,residual,2153941,0.004595194,0,true,53,53
13,residual,2153942,0.004595194,0,true,5,5
13,residual,2153943,0.004595194,0,true,19,19
13,residual,2153944,0.004595194,0,true,4,4
13,residual,2153945,0.004595194,0,true,55,55
13,residual,2153946,0.004595194,0,true,41,41
13,residual,2153947,0.004595194,0,true,42,42
13,residual,2153948,0.004595194,0,true,52,52
13,residual,2153949,0.004595194,0,true,54,54
13,residual,2153950,0.004595194,0,true,40,40
13,residual,2153951,0.004595194,0,true,15,15
13,residual,2153952,0.004595194,0,true,14,14
14,nearfield_update,2153836,0.278048772,20,true,57,61
14,nearfield_update,2153854,0.278048772,0,true,11,11
14,nearfield_update,2153858,0.278048772,13,true,51,51
14,nearfield_update,2153859,0.278048772,5,true,17,17
14,nearfield_update,2153860,0.278048772,14,true,50,50
14,nearfield_update,2153861,0.278048772,24,true,37,37
14,nearfield_update,2153862,0.278048772,8,true,49,55
14,nearfield_update,2153863,0.278048772,23,true,9,9
14,nearfield_update,2153864,0.278048772,20,true,2,2
14,nearfield_update,2153865,0.278048772,1,true,53,53
14,nearfield_update,2153866,0.278048772,1,true,30,30
14,nearfield_update,2153867,0.278048772,18,true,25,25
14,nearfield_update,2153868,0.278048772,10,true,56,56
14,nearfield_update,2153869,0.278048772,18,true,31,31
14,nearfield_update,2153870,0.278048772,23,true,10,10
14,nearfield_update,2153871,0.278048772,19,true,38,38
14,nearfield_update,2153872,0.278048772,23,true,43,43
14,nearfield_update,2153873,0.278048772,16,true,59,59
14,nearfield_update,2153874,0.278048772,3,true,48,48
14,nearfield_update,2153875,0.278048772,23,true,12,12
14,nearfield_update,2153876,0.278048772,14,true,52,52
14,nearfield_update,2153877,0.278048772,1,true,54,54
14,nearfield_update,2153878,0.278048772,1,true,58,58
14,nearfield_update,2153879,0.278048772,16,true,22,22
14,nearfield_update,2153880,0.278048772,21,true,5,5
14,nearfield_update,2153881,0.278048772,7,true,63,49
14,nearfield_update,2153882,0.278048772,20,true,42,42
14,nearfield_update,2153883,0.278048772,22,true,4,4
14,nearfield_update,2153884,0.278048772,12,true,60,62
14,nearfield_update,2153886,0.278048772,18,true,26,26
14,nearfield_update,2153887,0.278048772,17,true,18,21
14,nearfield_update,2153888,0.278048772,22,true,7,7
14,nearfield_update,2153889,0.278048772,21,true,32,32
14,nearfield_update,2153890,0.278048772,22,true,33,33
14,nearfield_update,2153891,0.278048772,18,true,20,20
14,nearfield_update,2153892,0.278048772,22,true,15,15
14,nearfield_update,2153893,0.278048772,10,true,55,54
14,nearfield_update,2153894,0.278048772,18,true,41,16
14,nearfield_update,2153895,0.278048772,22,true,6,6
14,nearfield_update,2153896,0.278048772,21,true,40,40
14,nearfield_update,2153897,0.278048772,17,true,27,27
14,nearfield_update,2153898,0.278048772,21,true,44,44
14,nearfield_update,2153899,0.278048772,17,true,28,28
14,nearfield_update,2153900,0.278048772,22,true,46,46
14,nearfield_update,2153901,0.278048772,22,true,39,39
14,nearfield_update,2153902,0.278048772,21,true,45,45
14,nearfield_update,2153903,0.278048772,23,true,11,11
14,nearfield_update,2153904,0.278048772,20,true,47,47
14,nearfield_update,2153905,0.278048772,13,true,62,58
14,nearfield_update,2153906,0.278048772,13,true,61,63
14,nearfield_update,2153907,0.278048772,18,true,19,19
14,nearfield_update,2153908,0.278048772,18,true,23,24
14,nearfield_update,2153909,0.278048772,21,true,35,35
14,nearfield_update,2153910,0.278048772,17,true,29,29
14,nearfield_update,2153911,0.278048772,17,true,24,18
14,nearfield_update,2153912,0.278048772,22,true,14,14
14,nearfield_update,2153913,0.278048772,12,true,56,57
14,nearfield_update,2153914,0.278048772,21,true,34,34
14,nearfield_update,2153915,0.278048772,23,true,8,8
14,nearfield_update,2153916,0.278048772,23,true,3,3
14,nearfield_update,2153917,0.278048772,17,true,16,23
14,nearfield_update,2153918,0.278048772,21,true,36,36
14,nearfield_update,2153919,0.278048772,19,true,21,0
14,nearfield_update,2153920,0.278048772,16,true,58,13
14,nearfield_update,2153921,0.278048772,12,true,51,60
14,nearfield_update,2153922,0.278048772,0,true,61,61
14,nearfield_update,2153923,0.278048772,0,true,7,7
14,nearfield_update,2153924,0.278048772,0,true,3,3
14,nearfield_update,2153925,0.278048772,0,true,50,50
14,nearfield_update,2153926,0.278048772,0,true,31,31
14,nearfield_update,2153927,0.278048772,0,true,27,27
14,nearfield_update,2153928,0.278048772,0,true,60,60
14,nearfield_update,2153929,0.278048772,0,true,51,51
14,nearfield_update,2153930,0.278048772,0,true,1,1
14,nearfield_update,2153931,0.278048772,0,true,58,58
14,nearfield_update,2153932,0.278048772,0,true,16,16
14,nearfield_update,2153933,0.278048772,0,true,10,10
14,nearfield_update,2153934,0.278048772,0,true,2,2
14,nearfield_update,2153935,0.278048772,0,true,62,62
14,nearfield_update,2153936,0.278048772,0,true,56,56
14,nearfield_update,2153937,0.278048772,0,true,59,59
14,nearfield_update,2153938,0.278048772,0,true,11,11
14,nearfield_update,2153939,0.278048772,0,true,48,48
14,nearfield_update,2153940,0.278048772,0,true,57,57
14,nearfield_update,2153941,0.278048772,0,true,53,53
14,nearfield_update,2153942,0.278048772,0,true,5,5
14,nearfield_update,2153943,0.278048772,0,true,19,19
14,nearfield_update,2153944,0.278048772,0,true,4,4
14,nearfield_update,2153945,0.278048772,0,true,55,55
14,nearfield_update,2153946,0.278048772,0,true,41,41
14,nearfield_update,2153947,0.278048772,0,true,42,42
14,nearfield_update,2153948,0.278048772,0,true,52,52
14,nearfield_update,2153949,0.278048772,0,true,54,54
14,nearfield_update,2153950,0.278048772,0,true,40,40
14,nearfield_update,2153951,0.278048772,0,true,15,15
14,nearfield_update,2153952,0.278048772,0,true,14,14
15,fmm,2153836,0.045212593,4,true,61,62
15,fmm,2153854,0.045212593,0,true,11,11
15,fmm,2153858,0.045212593,2,true,51,51
15,fmm,2153859,0.045212593,3,true,17,17
15,fmm,2153860,0.045212593,2,true,50,50
15,fmm,2153861,0.045212593,3,true,37,37
15,fmm,2153862,0.045212593,2,true,55,55
15,fmm,2153863,0.045212593,2,true,9,10
15,fmm,2153864,0.045212593,2,true,2,2
15,fmm,2153865,0.045212593,3,true,53,53
15,fmm,2153866,0.045212593,2,true,30,30
15,fmm,2153867,0.045212593,2,true,25,25
15,fmm,2153868,0.045212593,2,true,56,56
15,fmm,2153869,0.045212593,2,true,31,31
15,fmm,2153870,0.045212593,2,true,10,9
15,fmm,2153871,0.045212593,2,true,38,39
15,fmm,2153872,0.045212593,2,true,43,43
15,fmm,2153873,0.045212593,2,true,59,59
15,fmm,2153874,0.045212593,2,true,48,52
15,fmm,2153875,0.045212593,2,true,12,12
15,fmm,2153876,0.045212593,2,true,52,54
15,fmm,2153877,0.045212593,2,true,54,48
15,fmm,2153878,0.045212593,2,true,58,58
15,fmm,2153879,0.045212593,2,true,22,22
15,fmm,2153880,0.045212593,2,true,5,5
15,fmm,2153881,0.045212593,2,true,49,49
15,fmm,2153882,0.045212593,2,true,42,42
15,fmm,2153883,0.045212593,2,true,4,4
15,fmm,2153884,0.045212593,2,true,62,63
15,fmm,2153886,0.045212593,2,true,26,26
15,fmm,2153887,0.045212593,2,true,21,21
15,fmm,2153888,0.045212593,2,true,7,7
15,fmm,2153889,0.045212593,2,true,32,32
15,fmm,2153890,0.045212593,2,true,33,38
15,fmm,2153891,0.045212593,2,true,20,20
15,fmm,2153892,0.045212593,2,true,15,15
15,fmm,2153893,0.045212593,2,true,54,57
15,fmm,2153894,0.045212593,2,true,16,16
15,fmm,2153895,0.045212593,2,true,6,6
15,fmm,2153896,0.045212593,2,true,40,40
15,fmm,2153897,0.045212593,2,true,27,27
15,fmm,2153898,0.045212593,2,true,44,44
15,fmm,2153899,0.045212593,2,true,28,28
15,fmm,2153900,0.045212593,2,true,46,46
15,fmm,2153901,0.045212593,2,true,39,34
15,fmm,2153902,0.045212593,2,true,45,45
15,fmm,2153903,0.045212593,2,true,11,11
15,fmm,2153904,0.045212593,2,true,47,47
15,fmm,2153905,0.045212593,2,true,58,60
15,fmm,2153906,0.045212593,2,true,63,61
15,fmm,2153907,0.045212593,2,true,19,19
15,fmm,2153908,0.045212593,2,true,24,24
15,fmm,2153909,0.045212593,2,true,35,35
15,fmm,2153910,0.045212593,2,true,29,29
15,fmm,2153911,0.045212593,2,true,18,18
15,fmm,2153912,0.045212593,2,true,14,14
15,fmm,2153913,0.045212593,2,true,57,55
15,fmm,2153914,0.045212593,2,true,34,36
15,fmm,2153915,0.045212593,2,true,8,8
15,fmm,2153916,0.045212593,1,true,3,3
15,fmm,2153917,0.045212593,2,true,23,23
15,fmm,2153918,0.045212593,1,true,36,33
15,fmm,2153919,0.045212593,1,true,0,41
15,fmm,2153920,0.045212593,1,true,13,13
15,fmm,2153921,0.045212593,0,true,60,56
15,fmm,2153922,0.045212593,0,true,61,61
15,fmm,2153923,0.045212593,0,true,7,7
15,fmm,2153924,0.045212593,0,true,3,3
15,fmm,2153925,0.045212593,0,true,50,50
15,fmm,2153926,0.045212593,0,true,31,31
15,fmm,2153927,0.045212593,0,true,27,27
15,fmm,2153928,0.045212593,0,true,60,60
15,fmm,2153929,0.045212593,0,true,51,51
15,fmm,2153930,0.045212593,0,true,1,1
15,fmm,2153931,0.045212593,0,true,58,58
15,fmm,2153932,0.045212593,0,true,16,16
15,fmm,2153933,0.045212593,0,true,10,10
15,fmm,2153934,0.045212593,0,true,2,2
15,fmm,2153935,0.045212593,0,true,62,62
15,fmm,2153936,0.045212593,0,true,56,56
15,fmm,2153937,0.045212593,0,true,59,59
15,fmm,2153938,0.045212593,0,true,11,11
15,fmm,2153939,0.045212593,0,true,48,48
15,fmm,2153940,0.045212593,0,true,57,57
15,fmm,2153941,0.045212593,0,true,53,53
15,fmm,2153942,0.045212593,0,true,5,5
15,fmm,2153943,0.045212593,0,true,19,19
15,fmm,2153944,0.045212593,0,true,4,4
15,fmm,2153945,0.045212593,0,true,55,55
15,fmm,2153946,0.045212593,0,true,41,41
15,fmm,2153947,0.045212593,0,true,42,42
15,fmm,2153948,0.045212593,0,true,52,52
15,fmm,2153949,0.045212593,0,true,54,54
15,fmm,2153950,0.045212593,0,true,40,40
15,fmm,2153951,0.045212593,0,true,15,15
15,fmm,2153952,0.045212593,0,true,14,14
16,influence_mapping,2153836,0.000780935,0,true,62,62
16,influence_mapping,2153854,0.000780935,0,true,11,11
16,influence_mapping,2153858,0.000780935,0,true,51,51
16,influence_mapping,2153859,0.000780935,0,true,17,17
16,influence_mapping,2153860,0.000780935,0,true,50,50
16,influence_mapping,2153861,0.000780935,0,true,37,37
16,influence_mapping,2153862,0.000780935,0,true,55,55
16,influence_mapping,2153863,0.000780935,0,true,10,10
16,influence_mapping,2153864,0.000780935,0,true,2,2
16,influence_mapping,2153865,0.000780935,0,true,53,53
16,influence_mapping,2153866,0.000780935,0,true,30,30
16,influence_mapping,2153867,0.000780935,0,true,25,25
16,influence_mapping,2153868,0.000780935,0,true,56,56
16,influence_mapping,2153869,0.000780935,0,true,31,31
16,influence_mapping,2153870,0.000780935,0,true,9,9
16,influence_mapping,2153871,0.000780935,0,true,39,39
16,influence_mapping,2153872,0.000780935,0,true,43,43
16,influence_mapping,2153873,0.000780935,0,true,59,59
16,influence_mapping,2153874,0.000780935,0,true,52,52
16,influence_mapping,2153875,0.000780935,0,true,12,12
16,influence_mapping,2153876,0.000780935,0,true,54,54
16,influence_mapping,2153877,0.000780935,0,true,48,48
16,influence_mapping,2153878,0.000780935,0,true,58,58
16,influence_mapping,2153879,0.000780935,0,true,22,22
16,influence_mapping,2153880,0.000780935,0,true,5,5
16,influence_mapping,2153881,0.000780935,0,true,49,49
16,influence_mapping,2153882,0.000780935,0,true,42,42
16,influence_mapping,2153883,0.000780935,0,true,4,4
16,influence_mapping,2153884,0.000780935,0,true,63,63
16,influence_mapping,2153886,0.000780935,0,true,26,26
16,influence_mapping,2153887,0.000780935,0,true,21,21
16,influence_mapping,2153888,0.000780935,0,true,7,7
16,influence_mapping,2153889,0.000780935,0,true,32,32
16,influence_mapping,2153890,0.000780935,0,true,38,38
16,influence_mapping,2153891,0.000780935,0,true,20,20
16,influence_mapping,2153892,0.000780935,0,true,15,15
16,influence_mapping,2153893,0.000780935,0,true,57,57
16,influence_mapping,2153894,0.000780935,0,true,16,16
16,influence_mapping,2153895,0.000780935,0,true,6,6
16,influence_mapping,2153896,0.000780935,0,true,40,40
16,influence_mapping,2153897,0.000780935,0,true,27,27
16,influence_mapping,2153898,0.000780935,0,true,44,44
16,influence_mapping,2153899,0.000780935,0,true,28,28
16,influence_mapping,2153900,0.000780935,0,true,46,46
16,influence_mapping,2153901,0.000780935,0,true,34,34
16,influence_mapping,2153902,0.000780935,0,true,45,45
16,influence_mapping,2153903,0.000780935,0,true,11,11
16,influence_mapping,2153904,0.000780935,0,true,47,47
16,influence_mapping,2153905,0.000780935,0,true,60,60
16,influence_mapping,2153906,0.000780935,0,true,61,61
16,influence_mapping,2153907,0.000780935,0,true,19,19
16,influence_mapping,2153908,0.000780935,0,true,24,24
16,influence_mapping,2153909,0.000780935,0,true,35,35
16,influence_mapping,2153910,0.000780935,0,true,29,29
16,influence_mapping,2153911,0.000780935,0,true,18,18
16,influence_mapping,2153912,0.000780935,0,true,14,14
16,influence_mapping,2153913,0.000780935,0,true,55,55
16,influence_mapping,2153914,0.000780935,0,true,36,36
16,influence_mapping,2153915,0.000780935,0,true,8,8
16,influence_mapping,2153916,0.000780935,0,true,3,3
16,influence_mapping,2153917,0.000780935,0,true,23,23
16,influence_mapping,2153918,0.000780935,0,true,33,33
16,influence_mapping,2153919,0.000780935,0,true,41,41
16,influence_mapping,2153920,0.000780935,0,true,13,13
16,influence_mapping,2153921,0.000780935,0,true,56,56
16,influence_mapping,2153922,0.000780935,0,true,61,61
16,influence_mapping,2153923,0.000780935,0,true,7,7
16,influence_mapping,2153924,0.000780935,0,true,3,3
16,influence_mapping,2153925,0.000780935,0,true,50,50
16,influence_mapping,2153926,0.000780935,0,true,31,31
16,influence_mapping,2153927,0.000780935,0,true,27,27
16,influence_mapping,2153928,0.000780935,0,true,60,60
16,influence_mapping,2153929,0.000780935,0,true,51,51
16,influence_mapping,2153930,0.000780935,0,true,1,1
16,influence_mapping,2153931,0.000780935,0,true,58,58
16,influence_mapping,2153932,0.000780935,0,true,16,16
16,influence_mapping,2153933,0.000780935,0,true,10,10
16,influence_mapping,2153934,0.000780935,0,true,2,2
16,influence_mapping,2153935,0.000780935,0,true,62,62
16,influence_mapping,2153936,0.000780935,0,true,56,56
16,influence_mapping,2153937,0.000780935,0,true,59,59
16,influence_mapping,2153938,0.000780935,0,true,11,11
16,influence_mapping,2153939,0.000780935,0,true,48,48
16,influence_mapping,2153940,0.000780935,0,true,57,57
16,influence_mapping,2153941,0.000780935,0,true,53,53
16,influence_mapping,2153942,0.000780935,0,true,5,5
16,influence_mapping,2153943,0.000780935,0,true,19,19
16,influence_mapping,2153944,0.000780935,0,true,4,4
16,influence_mapping,2153945,0.000780935,0,true,55,55
16,influence_mapping,2153946,0.000780935,0,true,41,41
16,influence_mapping,2153947,0.000780935,0,true,42,42
16,influence_mapping,2153948,0.000780935,0,true,52,52
16,influence_mapping,2153949,0.000780935,0,true,54,54
16,influence_mapping,2153950,0.000780935,0,true,40,40
16,influence_mapping,2153951,0.000780935,0,true,15,15
16,influence_mapping,2153952,0.000780935,0,true,14,14
17,residual,2153836,0.005001075,0,true,62,62
17,residual,2153854,0.005001075,0,true,11,11
17,residual,2153858,0.005001075,0,true,51,51
17,residual,2153859,0.005001075,0,true,17,17
17,residual,2153860,0.005001075,0,true,50,50
17,residual,2153861,0.005001075,0,true,37,37
17,residual,2153862,0.005001075,0,true,55,55
17,residual,2153863,0.005001075,0,true,10,10
17,residual,2153864,0.005001075,0,true,2,2
17,residual,2153865,0.005001075,0,true,53,53
17,residual,2153866,0.005001075,0,true,30,30
17,residual,2153867,0.005001075,0,true,25,25
17,residual,2153868,0.005001075,0,true,56,56
17,residual,2153869,0.005001075,0,true,31,31
17,residual,2153870,0.005001075,0,true,9,9
17,residual,2153871,0.005001075,0,true,39,39
17,residual,2153872,0.005001075,0,true,43,43
17,residual,2153873,0.005001075,0,true,59,59
17,residual,2153874,0.005001075,0,true,52,52
17,residual,2153875,0.005001075,0,true,12,12
17,residual,2153876,0.005001075,0,true,54,54
17,residual,2153877,0.005001075,0,true,48,48
17,residual,2153878,0.005001075,0,true,58,58
17,residual,2153879,0.005001075,0,true,22,22
17,residual,2153880,0.005001075,0,true,5,5
17,residual,2153881,0.005001075,0,true,49,49
17,residual,2153882,0.005001075,0,true,42,42
17,residual,2153883,0.005001075,0,true,4,4
17,residual,2153884,0.005001075,0,true,63,63
17,residual,2153886,0.005001075,0,true,26,26
17,residual,2153887,0.005001075,0,true,21,21
17,residual,2153888,0.005001075,0,true,7,7
17,residual,2153889,0.005001075,0,true,32,32
17,residual,2153890,0.005001075,0,true,38,38
17,residual,2153891,0.005001075,0,true,20,20
17,residual,2153892,0.005001075,0,true,15,15
17,residual,2153893,0.005001075,0,true,57,57
17,residual,2153894,0.005001075,0,true,16,16
17,residual,2153895,0.005001075,0,true,6,6
17,residual,2153896,0.005001075,0,true,40,40
17,residual,2153897,0.005001075,0,true,27,27
17,residual,2153898,0.005001075,0,true,44,44
17,residual,2153899,0.005001075,0,true,28,28
17,residual,2153900,0.005001075,0,true,46,46
17,residual,2153901,0.005001075,0,true,34,34
17,residual,2153902,0.005001075,0,true,45,45
17,residual,2153903,0.005001075,0,true,11,11
17,residual,2153904,0.005001075,0,true,47,47
17,residual,2153905,0.005001075,0,true,60,60
17,residual,2153906,0.005001075,0,true,61,61
17,residual,2153907,0.005001075,0,true,19,19
17,residual,2153908,0.005001075,0,true,24,24
17,residual,2153909,0.005001075,0,true,35,35
17,residual,2153910,0.005001075,0,true,29,29
17,residual,2153911,0.005001075,0,true,18,18
17,residual,2153912,0.005001075,0,true,14,14
17,residual,2153913,0.005001075,0,true,55,55
17,residual,2153914,0.005001075,0,true,36,36
17,residual,2153915,0.005001075,0,true,8,8
17,residual,2153916,0.005001075,0,true,3,3
17,residual,2153917,0.005001075,0,true,23,23
17,residual,2153918,0.005001075,0,true,33,33
17,residual,2153919,0.005001075,0,true,41,41
17,residual,2153920,0.005001075,0,true,13,13
17,residual,2153921,0.005001075,0,true,56,56
17,residual,2153922,0.005001075,0,true,61,61
17,residual,2153923,0.005001075,0,true,7,7
17,residual,2153924,0.005001075,0,true,3,3
17,residual,2153925,0.005001075,0,true,50,50
17,residual,2153926,0.005001075,0,true,31,31
17,residual,2153927,0.005001075,0,true,27,27
17,residual,2153928,0.005001075,0,true,60,60
17,residual,2153929,0.005001075,0,true,51,51
17,residual,2153930,0.005001075,0,true,1,1
17,residual,2153931,0.005001075,0,true,58,58
17,residual,2153932,0.005001075,0,true,16,16
17,residual,2153933,0.005001075,0,true,10,10
17,residual,2153934,0.005001075,0,true,2,2
17,residual,2153935,0.005001075,0,true,62,62
17,residual,2153936,0.005001075,0,true,56,56
17,residual,2153937,0.005001075,0,true,59,59
17,residual,2153938,0.005001075,0,true,11,11
17,residual,2153939,0.005001075,0,true,48,48
17,residual,2153940,0.005001075,0,true,57,57
17,residual,2153941,0.005001075,0,true,53,53
17,residual,2153942,0.005001075,0,true,5,5
17,residual,2153943,0.005001075,0,true,19,19
17,residual,2153944,0.005001075,0,true,4,4
17,residual,2153945,0.005001075,0,true,55,55
17,residual,2153946,0.005001075,0,true,41,41
17,residual,2153947,0.005001075,0,true,42,42
17,residual,2153948,0.005001075,0,true,52,52
17,residual,2153949,0.005001075,0,true,54,54
17,residual,2153950,0.005001075,0,true,40,40
17,residual,2153951,0.005001075,0,true,15,15
17,residual,2153952,0.005001075,0,true,14,14
18,nearfield_update,2153836,0.273840123,19,true,62,62
18,nearfield_update,2153854,0.273840123,0,true,11,11
18,nearfield_update,2153858,0.273840123,11,true,51,51
18,nearfield_update,2153859,0.273840123,4,true,17,17
18,nearfield_update,2153860,0.273840123,12,true,50,50
18,nearfield_update,2153861,0.273840123,23,true,37,37
18,nearfield_update,2153862,0.273840123,7,true,55,55
18,nearfield_update,2153863,0.273840123,23,true,10,10
18,nearfield_update,2153864,0.273840123,21,true,2,2
18,nearfield_update,2153865,0.273840123,1,true,53,53
18,nearfield_update,2153866,0.273840123,1,true,30,30
18,nearfield_update,2153867,0.273840123,17,true,25,25
18,nearfield_update,2153868,0.273840123,11,true,56,56
18,nearfield_update,2153869,0.273840123,17,true,31,31
18,nearfield_update,2153870,0.273840123,24,true,9,9
18,nearfield_update,2153871,0.273840123,18,true,39,39
18,nearfield_update,2153872,0.273840123,24,true,43,43
18,nearfield_update,2153873,0.273840123,15,true,59,59
18,nearfield_update,2153874,0.273840123,3,true,52,52
18,nearfield_update,2153875,0.273840123,24,true,12,12
18,nearfield_update,2153876,0.273840123,12,true,54,54
18,nearfield_update,2153877,0.273840123,1,true,48,48
18,nearfield_update,2153878,0.273840123,1,true,58,58
18,nearfield_update,2153879,0.273840123,16,true,22,22
18,nearfield_update,2153880,0.273840123,20,true,5,5
18,nearfield_update,2153881,0.273840123,6,true,49,49
18,nearfield_update,2153882,0.273840123,21,true,42,42
18,nearfield_update,2153883,0.273840123,22,true,4,4
18,nearfield_update,2153884,0.273840123,19,true,63,14
18,nearfield_update,2153886,0.273840123,16,true,26,26
18,nearfield_update,2153887,0.273840123,16,true,21,21
18,nearfield_update,2153888,0.273840123,23,true,7,7
18,nearfield_update,2153889,0.273840123,21,true,32,33
18,nearfield_update,2153890,0.273840123,20,true,38,38
18,nearfield_update,2153891,0.273840123,17,true,20,20
18,nearfield_update,2153892,0.273840123,24,true,15,15
18,nearfield_update,2153893,0.273840123,12,true,57,57
18,nearfield_update,2153894,0.273840123,17,true,16,16
18,nearfield_update,2153895,0.273840123,22,true,6,6
18,nearfield_update,2153896,0.273840123,21,true,40,40
18,nearfield_update,2153897,0.273840123,16,true,27,27
18,nearfield_update,2153898,0.273840123,21,true,44,44
18,nearfield_update,2153899,0.273840123,17,true,28,28
18,nearfield_update,2153900,0.273840123,21,true,46,46
18,nearfield_update,2153901,0.273840123,20,true,34,32
18,nearfield_update,2153902,0.273840123,21,true,45,45
18,nearfield_update,2153903,0.273840123,23,true,11,11
18,nearfield_update,2153904,0.273840123,21,true,47,47
18,nearfield_update,2153905,0.273840123,13,true,60,58
18,nearfield_update,2153906,0.273840123,12,true,61,63
18,nearfield_update,2153907,0.273840123,16,true,19,19
18,nearfield_update,2153908,0.273840123,16,true,24,24
18,nearfield_update,2153909,0.273840123,21,true,35,35
18,nearfield_update,2153910,0.273840123,17,true,29,29
18,nearfield_update,2153911,0.273840123,17,true,18,18
18,nearfield_update,2153912,0.273840123,23,true,14,8
18,nearfield_update,2153913,0.273840123,21,true,55,34
18,nearfield_update,2153914,0.273840123,21,true,36,36
18,nearfield_update,2153915,0.273840123,22,true,8,0
18,nearfield_update,2153916,0.273840123,22,true,3,3
18,nearfield_update,2153917,0.273840123,16,true,23,23
18,nearfield_update,2153918,0.273840123,13,true,33,61
18,nearfield_update,2153919,0.273840123,22,true,41,41
18,nearfield_update,2153920,0.273840123,22,true,13,13
18,nearfield_update,2153921,0.273840123,12,true,56,60
18,nearfield_update,2153922,0.273840123,0,true,61,61
18,nearfield_update,2153923,0.273840123,0,true,7,7
18,nearfield_update,2153924,0.273840123,0,true,3,3
18,nearfield_update,2153925,0.273840123,0,true,50,50
18,nearfield_update,2153926,0.273840123,0,true,31,31
18,nearfield_update,2153927,0.273840123,0,true,27,27
18,nearfield_update,2153928,0.273840123,0,true,60,60
18,nearfield_update,2153929,0.273840123,0,true,51,51
18,nearfield_update,2153930,0.273840123,0,true,1,1
18,nearfield_update,2153931,0.273840123,0,true,58,58
18,nearfield_update,2153932,0.273840123,0,true,16,16
18,nearfield_update,2153933,0.273840123,0,true,10,10
18,nearfield_update,2153934,0.273840123,0,true,2,2
18,nearfield_update,2153935,0.273840123,0,true,62,62
18,nearfield_update,2153936,0.273840123,0,true,56,56
18,nearfield_update,2153937,0.273840123,0,true,59,59
18,nearfield_update,2153938,0.273840123,0,true,11,11
18,nearfield_update,2153939,0.273840123,0,true,48,48
18,nearfield_update,2153940,0.273840123,0,true,57,57
18,nearfield_update,2153941,0.273840123,0,true,53,53
18,nearfield_update,2153942,0.273840123,0,true,5,5
18,nearfield_update,2153943,0.273840123,0,true,19,19
18,nearfield_update,2153944,0.273840123,0,true,4,4
18,nearfield_update,2153945,0.273840123,0,true,55,55
18,nearfield_update,2153946,0.273840123,0,true,41,41
18,nearfield_update,2153947,0.273840123,0,true,42,42
18,nearfield_update,2153948,0.273840123,0,true,52,52
18,nearfield_update,2153949,0.273840123,0,true,54,54
18,nearfield_update,2153950,0.273840123,0,true,40,40
18,nearfield_update,2153951,0.273840123,0,true,15,15
18,nearfield_update,2153952,0.273840123,0,true,14,14
19,fmm,2153836,0.03639343,3,true,62,62
19,fmm,2153854,0.03639343,0,true,11,11
19,fmm,2153858,0.03639343,2,true,51,51
19,fmm,2153859,0.03639343,3,true,17,17
19,fmm,2153860,0.03639343,2,true,50,50
19,fmm,2153861,0.03639343,3,true,37,37
19,fmm,2153862,0.03639343,2,true,55,55
19,fmm,2153863,0.03639343,2,true,10,10
19,fmm,2153864,0.03639343,2,true,2,2
19,fmm,2153865,0.03639343,3,true,53,53
19,fmm,2153866,0.03639343,2,true,30,30
19,fmm,2153867,0.03639343,2,true,25,25
19,fmm,2153868,0.03639343,2,true,56,57
19,fmm,2153869,0.03639343,2,true,31,31
19,fmm,2153870,0.03639343,2,true,9,9
19,fmm,2153871,0.03639343,2,true,39,39
19,fmm,2153872,0.03639343,2,true,43,43
19,fmm,2153873,0.03639343,2,true,59,59
19,fmm,2153874,0.03639343,2,true,52,52
19,fmm,2153875,0.03639343,2,true,12,12
19,fmm,2153876,0.03639343,2,true,54,54
19,fmm,2153877,0.03639343,2,true,48,48
19,fmm,2153878,0.03639343,2,true,58,58
19,fmm,2153879,0.03639343,2,true,22,22
19,fmm,2153880,0.03639343,2,true,5,5
19,fmm,2153881,0.03639343,2,true,49,49
19,fmm,2153882,0.03639343,2,true,42,42
19,fmm,2153883,0.03639343,2,true,4,4
19,fmm,2153884,0.03639343,2,true,14,14
19,fmm,2153886,0.03639343,2,true,26,26
19,fmm,2153887,0.03639343,2,true,21,21
19,fmm,2153888,0.03639343,2,true,7,7
19,fmm,2153889,0.03639343,2,true,33,33
19,fmm,2153890,0.03639343,2,true,38,38
19,fmm,2153891,0.03639343,2,true,20,20
19,fmm,2153892,0.03639343,2,true,15,15
19,fmm,2153893,0.03639343,2,true,57,63
19,fmm,2153894,0.03639343,2,true,16,16
19,fmm,2153895,0.03639343,2,true,6,6
19,fmm,2153896,0.03639343,2,true,40,40
19,fmm,2153897,0.03639343,2,true,27,27
19,fmm,2153898,0.03639343,2,true,44,44
19,fmm,2153899,0.03639343,2,true,28,28
19,fmm,2153900,0.03639343,2,true,46,46
19,fmm,2153901,0.03639343,2,true,32,32
19,fmm,2153902,0.03639343,2,true,45,45
19,fmm,2153903,0.03639343,2,true,11,11
19,fmm,2153904,0.03639343,2,true,47,47
19,fmm,2153905,0.03639343,2,true,58,61
19,fmm,2153906,0.03639343,2,true,63,56
19,fmm,2153907,0.03639343,2,true,19,19
19,fmm,2153908,0.03639343,2,true,24,24
19,fmm,2153909,0.03639343,2,true,35,35
19,fmm,2153910,0.03639343,2,true,29,29
19,fmm,2153911,0.03639343,1,true,18,18
19,fmm,2153912,0.03639343,2,true,8,0
19,fmm,2153913,0.03639343,2,true,34,34
19,fmm,2153914,0.03639343,2,true,36,36
19,fmm,2153915,0.03639343,2,true,0,1
19,fmm,2153916,0.03639343,2,true,3,3
19,fmm,2153917,0.03639343,1,true,23,23
19,fmm,2153918,0.03639343,1,true,61,60
19,fmm,2153919,0.03639343,1,true,41,41
19,fmm,2153920,0.03639343,1,true,13,13
19,fmm,2153921,0.03639343,1,true,60,56
19,fmm,2153922,0.03639343,0,true,61,61
19,fmm,2153923,0.03639343,0,true,7,7
19,fmm,2153924,0.03639343,0,true,3,3
19,fmm,2153925,0.03639343,0,true,50,50
19,fmm,2153926,0.03639343,0,true,31,31
19,fmm,2153927,0.03639343,0,true,27,27
19,fmm,2153928,0.03639343,0,true,60,60
19,fmm,2153929,0.03639343,0,true,51,51
19,fmm,2153930,0.03639343,0,true,1,1
19,fmm,2153931,0.03639343,0,true,58,58
19,fmm,2153932,0.03639343,0,true,16,16
19,fmm,2153933,0.03639343,0,true,10,10
19,fmm,2153934,0.03639343,0,true,2,2
19,fmm,2153935,0.03639343,0,true,62,62
19,fmm,2153936,0.03639343,0,true,56,56
19,fmm,2153937,0.03639343,0,true,59,59
19,fmm,2153938,0.03639343,0,true,11,11
19,fmm,2153939,0.03639343,0,true,48,48
19,fmm,2153940,0.03639343,0,true,57,57
19,fmm,2153941,0.03639343,0,true,53,53
19,fmm,2153942,0.03639343,0,true,5,5
19,fmm,2153943,0.03639343,0,true,19,19
19,fmm,2153944,0.03639343,0,true,4,4
19,fmm,2153945,0.03639343,0,true,55,55
19,fmm,2153946,0.03639343,0,true,41,41
19,fmm,2153947,0.03639343,0,true,42,42
19,fmm,2153948,0.03639343,0,true,52,52
19,fmm,2153949,0.03639343,0,true,54,54
19,fmm,2153950,0.03639343,0,true,40,40
19,fmm,2153951,0.03639343,0,true,15,15
19,fmm,2153952,0.03639343,0,true,14,14
20,influence_mapping,2153836,0.00080001,0,true,62,62
20,influence_mapping,2153854,0.00080001,0,true,11,11
20,influence_mapping,2153858,0.00080001,0,true,51,51
20,influence_mapping,2153859,0.00080001,0,true,17,17
20,influence_mapping,2153860,0.00080001,0,true,50,50
20,influence_mapping,2153861,0.00080001,0,true,37,37
20,influence_mapping,2153862,0.00080001,0,true,55,55
20,influence_mapping,2153863,0.00080001,0,true,10,10
20,influence_mapping,2153864,0.00080001,0,true,2,2
20,influence_mapping,2153865,0.00080001,0,true,53,53
20,influence_mapping,2153866,0.00080001,0,true,30,30
20,influence_mapping,2153867,0.00080001,0,true,25,25
20,influence_mapping,2153868,0.00080001,0,true,57,57
20,influence_mapping,2153869,0.00080001,0,true,31,31
20,influence_mapping,2153870,0.00080001,0,true,9,9
20,influence_mapping,2153871,0.00080001,0,true,39,39
20,influence_mapping,2153872,0.00080001,0,true,43,43
20,influence_mapping,2153873,0.00080001,0,true,59,59
20,influence_mapping,2153874,0.00080001,0,true,52,52
20,influence_mapping,2153875,0.00080001,0,true,12,12
20,influence_mapping,2153876,0.00080001,0,true,54,54
20,influence_mapping,2153877,0.00080001,0,true,48,48
20,influence_mapping,2153878,0.00080001,0,true,58,58
20,influence_mapping,2153879,0.00080001,0,true,22,22
20,influence_mapping,2153880,0.00080001,0,true,5,5
20,influence_mapping,2153881,0.00080001,0,true,49,49
20,influence_mapping,2153882,0.00080001,0,true,42,42
20,influence_mapping,2153883,0.00080001,0,true,4,4
20,influence_mapping,2153884,0.00080001,0,true,14,14
20,influence_mapping,2153886,0.00080001,0,true,26,26
20,influence_mapping,2153887,0.00080001,0,true,21,21
20,influence_mapping,2153888,0.00080001,0,true,7,7
20,influence_mapping,2153889,0.00080001,0,true,33,33
20,influence_mapping,2153890,0.00080001,0,true,38,38
20,influence_mapping,2153891,0.00080001,0,true,20,20
20,influence_mapping,2153892,0.00080001,0,true,15,15
20,influence_mapping,2153893,0.00080001,0,true,63,63
20,influence_mapping,2153894,0.00080001,0,true,16,16
20,influence_mapping,2153895,0.00080001,0,true,6,6
20,influence_mapping,2153896,0.00080001,0,true,40,40
20,influence_mapping,2153897,0.00080001,0,true,27,27
20,influence_mapping,2153898,0.00080001,0,true,44,44
20,influence_mapping,2153899,0.00080001,0,true,28,28
20,influence_mapping,2153900,0.00080001,0,true,46,46
20,influence_mapping,2153901,0.00080001,0,true,32,32
20,influence_mapping,2153902,0.00080001,0,true,45,45
20,influence_mapping,2153903,0.00080001,0,true,11,11
20,influence_mapping,2153904,0.00080001,0,true,47,47
20,influence_mapping,2153905,0.00080001,0,true,61,61
20,influence_mapping,2153906,0.00080001,0,true,56,56
20,influence_mapping,2153907,0.00080001,0,true,19,19
20,influence_mapping,2153908,0.00080001,0,true,24,24
20,influence_mapping,2153909,0.00080001,0,true,35,35
20,influence_mapping,2153910,0.00080001,0,true,29,29
20,influence_mapping,2153911,0.00080001,0,true,18,18
20,influence_mapping,2153912,0.00080001,0,true,0,0
20,influence_mapping,2153913,0.00080001,0,true,34,34
20,influence_mapping,2153914,0.00080001,0,true,36,36
20,influence_mapping,2153915,0.00080001,0,true,1,1
20,influence_mapping,2153916,0.00080001,0,true,3,3
20,influence_mapping,2153917,0.00080001,0,true,23,23
20,influence_mapping,2153918,0.00080001,0,true,60,60
20,influence_mapping,2153919,0.00080001,0,true,41,41
20,influence_mapping,2153920,0.00080001,0,true,13,13
20,influence_mapping,2153921,0.00080001,0,true,56,56
20,influence_mapping,2153922,0.00080001,0,true,61,61
20,influence_mapping,2153923,0.00080001,0,true,7,7
20,influence_mapping,2153924,0.00080001,0,true,3,3
20,influence_mapping,2153925,0.00080001,0,true,50,50
20,influence_mapping,2153926,0.00080001,0,true,31,31
20,influence_mapping,2153927,0.00080001,0,true,27,27
20,influence_mapping,2153928,0.00080001,0,true,60,60
20,influence_mapping,2153929,0.00080001,0,true,51,51
20,influence_mapping,2153930,0.00080001,0,true,1,1
20,influence_mapping,2153931,0.00080001,0,true,58,58
20,influence_mapping,2153932,0.00080001,0,true,16,16
20,influence_mapping,2153933,0.00080001,0,true,10,10
20,influence_mapping,2153934,0.00080001,0,true,2,2
20,influence_mapping,2153935,0.00080001,0,true,62,62
20,influence_mapping,2153936,0.00080001,0,true,56,56
20,influence_mapping,2153937,0.00080001,0,true,59,59
20,influence_mapping,2153938,0.00080001,0,true,11,11
20,influence_mapping,2153939,0.00080001,0,true,48,48
20,influence_mapping,2153940,0.00080001,0,true,57,57
20,influence_mapping,2153941,0.00080001,0,true,53,53
20,influence_mapping,2153942,0.00080001,0,true,5,5
20,influence_mapping,2153943,0.00080001,0,true,19,19
20,influence_mapping,2153944,0.00080001,0,true,4,4
20,influence_mapping,2153945,0.00080001,0,true,55,55
20,influence_mapping,2153946,0.00080001,0,true,41,41
20,influence_mapping,2153947,0.00080001,0,true,42,42
20,influence_mapping,2153948,0.00080001,0,true,52,52
20,influence_mapping,2153949,0.00080001,0,true,54,54
20,influence_mapping,2153950,0.00080001,0,true,40,40
20,influence_mapping,2153951,0.00080001,0,true,15,15
20,influence_mapping,2153952,0.00080001,0,true,14,14
21,residual,2153836,0.0048385,1,true,62,62
21,residual,2153854,0.0048385,0,true,11,11
21,residual,2153858,0.0048385,0,true,51,51
21,residual,2153859,0.0048385,0,true,17,17
21,residual,2153860,0.0048385,0,true,50,50
21,residual,2153861,0.0048385,0,true,37,37
21,residual,2153862,0.0048385,0,true,55,55
21,residual,2153863,0.0048385,0,true,10,10
21,residual,2153864,0.0048385,0,true,2,2
21,residual,2153865,0.0048385,0,true,53,53
21,residual,2153866,0.0048385,0,true,30,30
21,residual,2153867,0.0048385,0,true,25,25
21,residual,2153868,0.0048385,0,true,57,57
21,residual,2153869,0.0048385,0,true,31,31
21,residual,2153870,0.0048385,0,true,9,9
21,residual,2153871,0.0048385,0,true,39,39
21,residual,2153872,0.0048385,0,true,43,43
21,residual,2153873,0.0048385,0,true,59,59
21,residual,2153874,0.0048385,0,true,52,52
21,residual,2153875,0.0048385,0,true,12,12
21,residual,2153876,0.0048385,0,true,54,54
21,residual,2153877,0.0048385,0,true,48,48
21,residual,2153878,0.0048385,0,true,58,58
21,residual,2153879,0.0048385,0,true,22,22
21,residual,2153880,0.0048385,0,true,5,5
21,residual,2153881,0.0048385,0,true,49,49
21,residual,2153882,0.0048385,0,true,42,42
21,residual,2153883,0.0048385,0,true,4,4
21,residual,2153884,0.0048385,0,true,14,14
21,residual,2153886,0.0048385,0,true,26,26
21,residual,2153887,0.0048385,0,true,21,21
21,residual,2153888,0.0048385,0,true,7,7
21,residual,2153889,0.0048385,0,true,33,33
21,residual,2153890,0.0048385,0,true,38,38
21,residual,2153891,0.0048385,0,true,20,20
21,residual,2153892,0.0048385,0,true,15,15
21,residual,2153893,0.0048385,0,true,63,63
21,residual,2153894,0.0048385,0,true,16,16
21,residual,2153895,0.0048385,0,true,6,6
21,residual,2153896,0.0048385,0,true,40,40
21,residual,2153897,0.0048385,0,true,27,27
21,residual,2153898,0.0048385,0,true,44,44
21,residual,2153899,0.0048385,0,true,28,28
21,residual,2153900,0.0048385,0,true,46,46
21,residual,2153901,0.0048385,0,true,32,32
21,residual,2153902,0.0048385,0,true,45,45
21,residual,2153903,0.0048385,0,true,11,11
21,residual,2153904,0.0048385,0,true,47,47
21,residual,2153905,0.0048385,0,true,61,61
21,residual,2153906,0.0048385,0,true,56,56
21,residual,2153907,0.0048385,0,true,19,19
21,residual,2153908,0.0048385,0,true,24,24
21,residual,2153909,0.0048385,0,true,35,35
21,residual,2153910,0.0048385,0,true,29,29
21,residual,2153911,0.0048385,0,true,18,18
21,residual,2153912,0.0048385,0,true,0,0
21,residual,2153913,0.0048385,0,true,34,34
21,residual,2153914,0.0048385,0,true,36,36
21,residual,2153915,0.0048385,0,true,1,1
21,residual,2153916,0.0048385,0,true,3,3
21,residual,2153917,0.0048385,0,true,23,23
21,residual,2153918,0.0048385,0,true,60,60
21,residual,2153919,0.0048385,0,true,41,41
21,residual,2153920,0.0048385,0,true,13,13
21,residual,2153921,0.0048385,0,true,56,56
21,residual,2153922,0.0048385,0,true,61,61
21,residual,2153923,0.0048385,0,true,7,7
21,residual,2153924,0.0048385,0,true,3,3
21,residual,2153925,0.0048385,0,true,50,50
21,residual,2153926,0.0048385,0,true,31,31
21,residual,2153927,0.0048385,0,true,27,27
21,residual,2153928,0.0048385,0,true,60,60
21,residual,2153929,0.0048385,0,true,51,51
21,residual,2153930,0.0048385,0,true,1,1
21,residual,2153931,0.0048385,0,true,58,58
21,residual,2153932,0.0048385,0,true,16,16
21,residual,2153933,0.0048385,0,true,10,10
21,residual,2153934,0.0048385,0,true,2,2
21,residual,2153935,0.0048385,0,true,62,62
21,residual,2153936,0.0048385,0,true,56,56
21,residual,2153937,0.0048385,0,true,59,59
21,residual,2153938,0.0048385,0,true,11,11
21,residual,2153939,0.0048385,0,true,48,48
21,residual,2153940,0.0048385,0,true,57,57
21,residual,2153941,0.0048385,0,true,53,53
21,residual,2153942,0.0048385,0,true,5,5
21,residual,2153943,0.0048385,0,true,19,19
21,residual,2153944,0.0048385,0,true,4,4
21,residual,2153945,0.0048385,0,true,55,55
21,residual,2153946,0.0048385,0,true,41,41
21,residual,2153947,0.0048385,0,true,42,42
21,residual,2153948,0.0048385,0,true,52,52
21,residual,2153949,0.0048385,0,true,54,54
21,residual,2153950,0.0048385,0,true,40,40
21,residual,2153951,0.0048385,0,true,15,15
21,residual,2153952,0.0048385,0,true,14,14
22,nearfield_update,2153836,0.27620226,18,true,62,62
22,nearfield_update,2153854,0.27620226,0,true,11,11
22,nearfield_update,2153858,0.27620226,11,true,51,51
22,nearfield_update,2153859,0.27620226,5,true,17,17
22,nearfield_update,2153860,0.27620226,13,true,50,50
22,nearfield_update,2153861,0.27620226,24,true,37,37
22,nearfield_update,2153862,0.27620226,7,true,55,55
22,nearfield_update,2153863,0.27620226,22,true,10,10
22,nearfield_update,2153864,0.27620226,22,true,2,2
22,nearfield_update,2153865,0.27620226,2,true,53,53
22,nearfield_update,2153866,0.27620226,2,true,30,30
22,nearfield_update,2153867,0.27620226,17,true,25,25
22,nearfield_update,2153868,0.27620226,11,true,57,57
22,nearfield_update,2153869,0.27620226,17,true,31,31
22,nearfield_update,2153870,0.27620226,24,true,9,9
22,nearfield_update,2153871,0.27620226,18,true,39,39
22,nearfield_update,2153872,0.27620226,23,true,43,43
22,nearfield_update,2153873,0.27620226,15,true,59,59
22,nearfield_update,2153874,0.27620226,3,true,52,52
22,nearfield_update,2153875,0.27620226,23,true,12,12
22,nearfield_update,2153876,0.27620226,13,true,54,54
22,nearfield_update,2153877,0.27620226,2,true,48,48
22,nearfield_update,2153878,0.27620226,1,true,58,58
22,nearfield_update,2153879,0.27620226,16,true,22,22
22,nearfield_update,2153880,0.27620226,22,true,5,5
22,nearfield_update,2153881,0.27620226,6,true,49,49
22,nearfield_update,2153882,0.27620226,21,true,42,42
22,nearfield_update,2153883,0.27620226,23,true,4,4
22,nearfield_update,2153884,0.27620226,23,true,14,14
22,nearfield_update,2153886,0.27620226,17,true,26,26
22,nearfield_update,2153887,0.27620226,18,true,21,21
22,nearfield_update,2153888,0.27620226,23,true,7,7
22,nearfield_update,2153889,0.27620226,20,true,33,33
22,nearfield_update,2153890,0.27620226,20,true,38,38
22,nearfield_update,2153891,0.27620226,17,true,20,20
22,nearfield_update,2153892,0.27620226,22,true,15,15
22,nearfield_update,2153893,0.27620226,13,true,63,63
22,nearfield_update,2153894,0.27620226,17,true,16,16
22,nearfield_update,2153895,0.27620226,23,true,6,6
22,nearfield_update,2153896,0.27620226,21,true,40,40
22,nearfield_update,2153897,0.27620226,17,true,27,27
22,nearfield_update,2153898,0.27620226,21,true,44,44
22,nearfield_update,2153899,0.27620226,17,true,28,28
22,nearfield_update,2153900,0.27620226,21,true,46,46
22,nearfield_update,2153901,0.27620226,20,true,32,32
22,nearfield_update,2153902,0.27620226,21,true,45,45
22,nearfield_update,2153903,0.27620226,23,true,11,11
22,nearfield_update,2153904,0.27620226,21,true,47,47
22,nearfield_update,2153905,0.27620226,13,true,61,56
22,nearfield_update,2153906,0.27620226,14,true,56,30
22,nearfield_update,2153907,0.27620226,17,true,19,19
22,nearfield_update,2153908,0.27620226,17,true,24,24
22,nearfield_update,2153909,0.27620226,20,true,35,35
22,nearfield_update,2153910,0.27620226,17,true,29,29
22,nearfield_update,2153911,0.27620226,17,true,18,18
22,nearfield_update,2153912,0.27620226,23,true,0,0
22,nearfield_update,2153913,0.27620226,11,true,34,58
22,nearfield_update,2153914,0.27620226,20,true,36,36
22,nearfield_update,2153915,0.27620226,23,true,1,1
22,nearfield_update,2153916,0.27620226,23,true,3,3
22,nearfield_update,2153917,0.27620226,17,true,23,23
22,nearfield_update,2153918,0.27620226,13,true,60,60
22,nearfield_update,2153919,0.27620226,21,true,41,41
22,nearfield_update,2153920,0.27620226,23,true,13,13
22,nearfield_update,2153921,0.27620226,12,true,56,61
22,nearfield_update,2153922,0.27620226,0,true,61,61
22,nearfield_update,2153923,0.27620226,0,true,7,7
22,nearfield_update,2153924,0.27620226,0,true,3,3
22,nearfield_update,2153925,0.27620226,0,true,50,50
22,nearfield_update,2153926,0.27620226,0,true,31,31
22,nearfield_update,2153927,0.27620226,0,true,27,27
22,nearfield_update,2153928,0.27620226,0,true,60,60
22,nearfield_update,2153929,0.27620226,0,true,51,51
22,nearfield_update,2153930,0.27620226,0,true,1,1
22,nearfield_update,2153931,0.27620226,0,true,58,58
22,nearfield_update,2153932,0.27620226,0,true,16,16
22,nearfield_update,2153933,0.27620226,0,true,10,10
22,nearfield_update,2153934,0.27620226,0,true,2,2
22,nearfield_update,2153935,0.27620226,0,true,62,62
22,nearfield_update,2153936,0.27620226,0,true,56,56
22,nearfield_update,2153937,0.27620226,0,true,59,59
22,nearfield_update,2153938,0.27620226,0,true,11,11
22,nearfield_update,2153939,0.27620226,0,true,48,48
22,nearfield_update,2153940,0.27620226,0,true,57,57
22,nearfield_update,2153941,0.27620226,0,true,53,53
22,nearfield_update,2153942,0.27620226,0,true,5,5
22,nearfield_update,2153943,0.27620226,0,true,19,19
22,nearfield_update,2153944,0.27620226,0,true,4,4
22,nearfield_update,2153945,0.27620226,0,true,55,55
22,nearfield_update,2153946,0.27620226,0,true,41,41
22,nearfield_update,2153947,0.27620226,0,true,42,42
22,nearfield_update,2153948,0.27620226,0,true,52,52
22,nearfield_update,2153949,0.27620226,0,true,54,54
22,nearfield_update,2153950,0.27620226,0,true,40,40
22,nearfield_update,2153951,0.27620226,0,true,15,15
22,nearfield_update,2153952,0.27620226,0,true,14,14
23,fmm,2153836,0.045495623,4,true,62,62
23,fmm,2153854,0.045495623,0,true,11,11
23,fmm,2153858,0.045495623,2,true,51,51
23,fmm,2153859,0.045495623,2,true,17,18
23,fmm,2153860,0.045495623,2,true,50,50
23,fmm,2153861,0.045495623,2,true,37,37
23,fmm,2153862,0.045495623,2,true,55,55
23,fmm,2153863,0.045495623,2,true,10,10
23,fmm,2153864,0.045495623,2,true,2,2
23,fmm,2153865,0.045495623,2,true,53,53
23,fmm,2153866,0.045495623,2,true,30,30
23,fmm,2153867,0.045495623,2,true,25,25
23,fmm,2153868,0.045495623,2,true,57,57
23,fmm,2153869,0.045495623,2,true,31,31
23,fmm,2153870,0.045495623,2,true,9,9
23,fmm,2153871,0.045495623,2,true,39,39
23,fmm,2153872,0.045495623,2,true,43,43
23,fmm,2153873,0.045495623,2,true,59,59
23,fmm,2153874,0.045495623,2,true,52,52
23,fmm,2153875,0.045495623,2,true,12,12
23,fmm,2153876,0.045495623,1,true,54,54
23,fmm,2153877,0.045495623,1,true,48,48
23,fmm,2153878,0.045495623,2,true,58,58
23,fmm,2153879,0.045495623,2,true,22,22
23,fmm,2153880,0.045495623,2,true,5,5
23,fmm,2153881,0.045495623,2,true,49,49
23,fmm,2153882,0.045495623,2,true,42,42
23,fmm,2153883,0.045495623,2,true,4,4
23,fmm,2153884,0.045495623,2,true,14,14
23,fmm,2153886,0.045495623,2,true,26,26
23,fmm,2153887,0.045495623,2,true,21,21
23,fmm,2153888,0.045495623,2,true,7,7
23,fmm,2153889,0.045495623,2,true,33,33
23,fmm,2153890,0.045495623,2,true,38,38
23,fmm,2153891,0.045495623,2,true,20,20
23,fmm,2153892,0.045495623,2,true,15,15
23,fmm,2153893,0.045495623,1,true,63,63
23,fmm,2153894,0.045495623,2,true,16,16
23,fmm,2153895,0.045495623,2,true,6,6
23,fmm,2153896,0.045495623,2,true,40,40
23,fmm,2153897,0.045495623,2,true,27,27
23,fmm,2153898,0.045495623,2,true,44,44
23,fmm,2153899,0.045495623,2,true,28,28
23,fmm,2153900,0.045495623,2,true,46,46
23,fmm,2153901,0.045495623,2,true,32,32
23,fmm,2153902,0.045495623,2,true,45,45
23,fmm,2153903,0.045495623,2,true,11,11
23,fmm,2153904,0.045495623,2,true,47,47
23,fmm,2153905,0.045495623,1,true,56,56
23,fmm,2153906,0.045495623,2,true,30,24
23,fmm,2153907,0.045495623,2,true,19,19
23,fmm,2153908,0.045495623,2,true,24,17
23,fmm,2153909,0.045495623,2,true,35,35
23,fmm,2153910,0.045495623,2,true,29,29
23,fmm,2153911,0.045495623,2,true,18,23
23,fmm,2153912,0.045495623,2,true,0,0
23,fmm,2153913,0.045495623,1,true,58,60
23,fmm,2153914,0.045495623,2,true,36,36
23,fmm,2153915,0.045495623,1,true,1,1
23,fmm,2153916,0.045495623,1,true,3,3
23,fmm,2153917,0.045495623,2,true,23,21
23,fmm,2153918,0.045495623,1,true,60,61
23,fmm,2153919,0.045495623,1,true,41,41
23,fmm,2153920,0.045495623,0,true,13,13
23,fmm,2153921,0.045495623,1,true,61,57
23,fmm,2153922,0.045495623,0,true,61,61
23,fmm,2153923,0.045495623,0,true,7,7
23,fmm,2153924,0.045495623,0,true,3,3
23,fmm,2153925,0.045495623,0,true,50,50
23,fmm,2153926,0.045495623,0,true,31,31
23,fmm,2153927,0.045495623,0,true,27,27
23,fmm,2153928,0.045495623,0,true,60,60
23,fmm,2153929,0.045495623,0,true,51,51
23,fmm,2153930,0.045495623,0,true,1,1
23,fmm,2153931,0.045495623,0,true,58,58
23,fmm,2153932,0.045495623,0,true,16,16
23,fmm,2153933,0.045495623,0,true,10,10
23,fmm,2153934,0.045495623,0,true,2,2
23,fmm,2153935,0.045495623,0,true,62,62
23,fmm,2153936,0.045495623,0,true,56,56
23,fmm,2153937,0.045495623,0,true,59,59
23,fmm,2153938,0.045495623,0,true,11,11
23,fmm,2153939,0.045495623,0,true,48,48
23,fmm,2153940,0.045495623,0,true,57,57
23,fmm,2153941,0.045495623,0,true,53,53
23,fmm,2153942,0.045495623,0,true,5,5
23,fmm,2153943,0.045495623,0,true,19,19
23,fmm,2153944,0.045495623,0,true,4,4
23,fmm,2153945,0.045495623,0,true,55,55
23,fmm,2153946,0.045495623,0,true,41,41
23,fmm,2153947,0.045495623,0,true,42,42
23,fmm,2153948,0.045495623,0,true,52,52
23,fmm,2153949,0.045495623,0,true,54,54
23,fmm,2153950,0.045495623,0,true,40,40
23,fmm,2153951,0.045495623,0,true,15,15
23,fmm,2153952,0.045495623,0,true,14,14
24,influence_mapping,2153836,0.000755055,0,true,62,62
24,influence_mapping,2153854,0.000755055,0,true,11,11
24,influence_mapping,2153858,0.000755055,0,true,51,51
24,influence_mapping,2153859,0.000755055,0,true,18,18
24,influence_mapping,2153860,0.000755055,0,true,50,50
24,influence_mapping,2153861,0.000755055,0,true,37,37
24,influence_mapping,2153862,0.000755055,0,true,55,55
24,influence_mapping,2153863,0.000755055,0,true,10,10
24,influence_mapping,2153864,0.000755055,0,true,2,2
24,influence_mapping,2153865,0.000755055,0,true,53,53
24,influence_mapping,2153866,0.000755055,0,true,30,30
24,influence_mapping,2153867,0.000755055,0,true,25,25
24,influence_mapping,2153868,0.000755055,0,true,57,57
24,influence_mapping,2153869,0.000755055,0,true,31,31
24,influence_mapping,2153870,0.000755055,0,true,9,9
24,influence_mapping,2153871,0.000755055,0,true,39,39
24,influence_mapping,2153872,0.000755055,0,true,43,43
24,influence_mapping,2153873,0.000755055,0,true,59,59
24,influence_mapping,2153874,0.000755055,0,true,52,52
24,influence_mapping,2153875,0.000755055,0,true,12,12
24,influence_mapping,2153876,0.000755055,0,true,54,54
24,influence_mapping,2153877,0.000755055,0,true,48,48
24,influence_mapping,2153878,0.000755055,0,true,58,58
24,influence_mapping,2153879,0.000755055,0,true,22,22
24,influence_mapping,2153880,0.000755055,0,true,5,5
24,influence_mapping,2153881,0.000755055,0,true,49,49
24,influence_mapping,2153882,0.000755055,0,true,42,42
24,influence_mapping,2153883,0.000755055,0,true,4,4
24,influence_mapping,2153884,0.000755055,0,true,14,14
24,influence_mapping,2153886,0.000755055,0,true,26,26
24,influence_mapping,2153887,0.000755055,0,true,21,21
24,influence_mapping,2153888,0.000755055,0,true,7,7
24,influence_mapping,2153889,0.000755055,0,true,33,33
24,influence_mapping,2153890,0.000755055,0,true,38,38
24,influence_mapping,2153891,0.000755055,0,true,20,20
24,influence_mapping,2153892,0.000755055,0,true,15,15
24,influence_mapping,2153893,0.000755055,0,true,63,63
24,influence_mapping,2153894,0.000755055,0,true,16,16
24,influence_mapping,2153895,0.000755055,0,true,6,6
24,influence_mapping,2153896,0.000755055,0,true,40,40
24,influence_mapping,2153897,0.000755055,0,true,27,27
24,influence_mapping,2153898,0.000755055,0,true,44,44
24,influence_mapping,2153899,0.000755055,0,true,28,28
24,influence_mapping,2153900,0.000755055,0,true,46,46
24,influence_mapping,2153901,0.000755055,0,true,32,32
24,influence_mapping,2153902,0.000755055,0,true,45,45
24,influence_mapping,2153903,0.000755055,0,true,11,11
24,influence_mapping,2153904,0.000755055,0,true,47,47
24,influence_mapping,2153905,0.000755055,0,true,56,56
24,influence_mapping,2153906,0.000755055,0,true,24,24
24,influence_mapping,2153907,0.000755055,0,true,19,19
24,influence_mapping,2153908,0.000755055,0,true,17,17
24,influence_mapping,2153909,0.000755055,0,true,35,35
24,influence_mapping,2153910,0.000755055,0,true,29,29
24,influence_mapping,2153911,0.000755055,0,true,23,23
24,influence_mapping,2153912,0.000755055,0,true,0,0
24,influence_mapping,2153913,0.000755055,0,true,60,60
24,influence_mapping,2153914,0.000755055,0,true,36,36
24,influence_mapping,2153915,0.000755055,0,true,1,1
24,influence_mapping,2153916,0.000755055,0,true,3,3
24,influence_mapping,2153917,0.000755055,0,true,21,21
24,influence_mapping,2153918,0.000755055,0,true,61,61
24,influence_mapping,2153919,0.000755055,0,true,41,41
24,influence_mapping,2153920,0.000755055,0,true,13,13
24,influence_mapping,2153921,0.000755055,0,true,57,57
24,influence_mapping,2153922,0.000755055,0,true,61,61
24,influence_mapping,2153923,0.000755055,0,true,7,7
24,influence_mapping,2153924,0.000755055,0,true,3,3
24,influence_mapping,2153925,0.000755055,0,true,50,50
24,influence_mapping,2153926,0.000755055,0,true,31,31
24,influence_mapping,2153927,0.000755055,0,true,27,27
24,influence_mapping,2153928,0.000755055,0,true,60,60
24,influence_mapping,2153929,0.000755055,0,true,51,51
24,influence_mapping,2153930,0.000755055,0,true,1,1
24,influence_mapping,2153931,0.000755055,0,true,58,58
24,influence_mapping,2153932,0.000755055,0,true,16,16
24,influence_mapping,2153933,0.000755055,0,true,10,10
24,influence_mapping,2153934,0.000755055,0,true,2,2
24,influence_mapping,2153935,0.000755055,0,true,62,62
24,influence_mapping,2153936,0.000755055,0,true,56,56
24,influence_mapping,2153937,0.000755055,0,true,59,59
24,influence_mapping,2153938,0.000755055,0,true,11,11
24,influence_mapping,2153939,0.000755055,0,true,48,48
24,influence_mapping,2153940,0.000755055,0,true,57,57
24,influence_mapping,2153941,0.000755055,0,true,53,53
24,influence_mapping,2153942,0.000755055,0,true,5,5
24,influence_mapping,2153943,0.000755055,0,true,19,19
24,influence_mapping,2153944,0.000755055,0,true,4,4
24,influence_mapping,2153945,0.000755055,0,true,55,55
24,influence_mapping,2153946,0.000755055,0,true,41,41
24,influence_mapping,2153947,0.000755055,0,true,42,42
24,influence_mapping,2153948,0.000755055,0,true,52,52
24,influence_mapping,2153949,0.000755055,0,true,54,54
24,influence_mapping,2153950,0.000755055,0,true,40,40
24,influence_mapping,2153951,0.000755055,0,true,15,15
24,influence_mapping,2153952,0.000755055,0,true,14,14
25,residual,2153836,0.004942255,0,true,62,62
25,residual,2153854,0.004942255,0,true,11,11
25,residual,2153858,0.004942255,0,true,51,51
25,residual,2153859,0.004942255,0,true,18,18
25,residual,2153860,0.004942255,0,true,50,50
25,residual,2153861,0.004942255,0,true,37,37
25,residual,2153862,0.004942255,0,true,55,55
25,residual,2153863,0.004942255,0,true,10,10
25,residual,2153864,0.004942255,0,true,2,2
25,residual,2153865,0.004942255,0,true,53,53
25,residual,2153866,0.004942255,0,true,30,30
25,residual,2153867,0.004942255,0,true,25,25
25,residual,2153868,0.004942255,0,true,57,57
25,residual,2153869,0.004942255,0,true,31,31
25,residual,2153870,0.004942255,0,true,9,9
25,residual,2153871,0.004942255,0,true,39,39
25,residual,2153872,0.004942255,0,true,43,43
25,residual,2153873,0.004942255,0,true,59,59
25,residual,2153874,0.004942255,0,true,52,52
25,residual,2153875,0.004942255,0,true,12,12
25,residual,2153876,0.004942255,0,true,54,54
25,residual,2153877,0.004942255,0,true,48,48
25,residual,2153878,0.004942255,0,true,58,58
25,residual,2153879,0.004942255,0,true,22,22
25,residual,2153880,0.004942255,0,true,5,5
25,residual,2153881,0.004942255,0,true,49,49
25,residual,2153882,0.004942255,0,true,42,42
25,residual,2153883,0.004942255,0,true,4,4
25,residual,2153884,0.004942255,0,true,14,14
25,residual,2153886,0.004942255,0,true,26,26
25,residual,2153887,0.004942255,0,true,21,21
25,residual,2153888,0.004942255,0,true,7,7
25,residual,2153889,0.004942255,0,true,33,33
25,residual,2153890,0.004942255,0,true,38,38
25,residual,2153891,0.004942255,0,true,20,20
25,residual,2153892,0.004942255,0,true,15,15
25,residual,2153893,0.004942255,0,true,63,63
25,residual,2153894,0.004942255,0,true,16,16
25,residual,2153895,0.004942255,0,true,6,6
25,residual,2153896,0.004942255,0,true,40,40
25,residual,2153897,0.004942255,0,true,27,27
25,residual,2153898,0.004942255,0,true,44,44
25,residual,2153899,0.004942255,0,true,28,28
25,residual,2153900,0.004942255,0,true,46,46
25,residual,2153901,0.004942255,0,true,32,32
25,residual,2153902,0.004942255,0,true,45,45
25,residual,2153903,0.004942255,0,true,11,11
25,residual,2153904,0.004942255,0,true,47,47
25,residual,2153905,0.004942255,0,true,56,56
25,residual,2153906,0.004942255,0,true,24,24
25,residual,2153907,0.004942255,0,true,19,19
25,residual,2153908,0.004942255,0,true,17,17
25,residual,2153909,0.004942255,0,true,35,35
25,residual,2153910,0.004942255,0,true,29,29
25,residual,2153911,0.004942255,0,true,23,23
25,residual,2153912,0.004942255,0,true,0,0
25,residual,2153913,0.004942255,0,true,60,60
25,residual,2153914,0.004942255,0,true,36,36
25,residual,2153915,0.004942255,0,true,1,1
25,residual,2153916,0.004942255,0,true,3,3
25,residual,2153917,0.004942255,0,true,21,21
25,residual,2153918,0.004942255,0,true,61,61
25,residual,2153919,0.004942255,0,true,41,41
25,residual,2153920,0.004942255,0,true,13,13
25,residual,2153921,0.004942255,0,true,57,57
25,residual,2153922,0.004942255,0,true,61,61
25,residual,2153923,0.004942255,0,true,7,7
25,residual,2153924,0.004942255,0,true,3,3
25,residual,2153925,0.004942255,0,true,50,50
25,residual,2153926,0.004942255,0,true,31,31
25,residual,2153927,0.004942255,0,true,27,27
25,residual,2153928,0.004942255,0,true,60,60
25,residual,2153929,0.004942255,0,true,51,51
25,residual,2153930,0.004942255,0,true,1,1
25,residual,2153931,0.004942255,0,true,58,58
25,residual,2153932,0.004942255,0,true,16,16
25,residual,2153933,0.004942255,0,true,10,10
25,residual,2153934,0.004942255,0,true,2,2
25,residual,2153935,0.004942255,0,true,62,62
25,residual,2153936,0.004942255,0,true,56,56
25,residual,2153937,0.004942255,0,true,59,59
25,residual,2153938,0.004942255,0,true,11,11
25,residual,2153939,0.004942255,0,true,48,48
25,residual,2153940,0.004942255,0,true,57,57
25,residual,2153941,0.004942255,0,true,53,53
25,residual,2153942,0.004942255,0,true,5,5
25,residual,2153943,0.004942255,0,true,19,19
25,residual,2153944,0.004942255,0,true,4,4
25,residual,2153945,0.004942255,0,true,55,55
25,residual,2153946,0.004942255,0,true,41,41
25,residual,2153947,0.004942255,0,true,42,42
25,residual,2153948,0.004942255,0,true,52,52
25,residual,2153949,0.004942255,0,true,54,54
25,residual,2153950,0.004942255,0,true,40,40
25,residual,2153951,0.004942255,0,true,15,15
25,residual,2153952,0.004942255,0,true,14,14
26,nearfield_update,2153836,0.275432999,18,true,62,62
26,nearfield_update,2153854,0.275432999,0,true,11,11
26,nearfield_update,2153858,0.275432999,10,true,51,51
26,nearfield_update,2153859,0.275432999,5,true,18,18
26,nearfield_update,2153860,0.275432999,11,true,50,50
26,nearfield_update,2153861,0.275432999,23,true,37,37
26,nearfield_update,2153862,0.275432999,6,true,55,55
26,nearfield_update,2153863,0.275432999,22,true,10,10
26,nearfield_update,2153864,0.275432999,21,true,2,2
26,nearfield_update,2153865,0.275432999,2,true,53,53
26,nearfield_update,2153866,0.275432999,1,true,30,30
26,nearfield_update,2153867,0.275432999,18,true,25,25
26,nearfield_update,2153868,0.275432999,10,true,57,57
26,nearfield_update,2153869,0.275432999,18,true,31,31
26,nearfield_update,2153870,0.275432999,23,true,9,9
26,nearfield_update,2153871,0.275432999,18,true,39,39
26,nearfield_update,2153872,0.275432999,24,true,43,43
26,nearfield_update,2153873,0.275432999,14,true,59,59
26,nearfield_update,2153874,0.275432999,3,true,52,52
26,nearfield_update,2153875,0.275432999,24,true,12,12
26,nearfield_update,2153876,0.275432999,12,true,54,54
26,nearfield_update,2153877,0.275432999,2,true,48,48
26,nearfield_update,2153878,0.275432999,1,true,58,58
26,nearfield_update,2153879,0.275432999,16,true,22,24
26,nearfield_update,2153880,0.275432999,22,true,5,5
26,nearfield_update,2153881,0.275432999,6,true,49,49
26,nearfield_update,2153882,0.275432999,20,true,42,42
26,nearfield_update,2153883,0.275432999,23,true,4,4
26,nearfield_update,2153884,0.275432999,22,true,14,14
26,nearfield_update,2153886,0.275432999,17,true,26,26
26,nearfield_update,2153887,0.275432999,16,true,21,19
26,nearfield_update,2153888,0.275432999,23,true,7,7
26,nearfield_update,2153889,0.275432999,20,true,33,33
26,nearfield_update,2153890,0.275432999,20,true,38,38
26,nearfield_update,2153891,0.275432999,17,true,20,20
26,nearfield_update,2153892,0.275432999,23,true,15,15
26,nearfield_update,2153893,0.275432999,12,true,63,63
26,nearfield_update,2153894,0.275432999,17,true,16,16
26,nearfield_update,2153895,0.275432999,24,true,6,6
26,nearfield_update,2153896,0.275432999,20,true,40,40
26,nearfield_update,2153897,0.275432999,18,true,27,27
26,nearfield_update,2153898,0.275432999,21,true,44,44
26,nearfield_update,2153899,0.275432999,17,true,28,28
26,nearfield_update,2153900,0.275432999,20,true,46,46
26,nearfield_update,2153901,0.275432999,20,true,32,32
26,nearfield_update,2153902,0.275432999,21,true,45,45
26,nearfield_update,2153903,0.275432999,22,true,11,11
26,nearfield_update,2153904,0.275432999,21,true,47,47
26,nearfield_update,2153905,0.275432999,15,true,56,34
26,nearfield_update,2153906,0.275432999,17,true,24,22
26,nearfield_update,2153907,0.275432999,16,true,19,30
26,nearfield_update,2153908,0.275432999,16,true,17,17
26,nearfield_update,2153909,0.275432999,20,true,35,35
26,nearfield_update,2153910,0.275432999,19,true,29,29
26,nearfield_update,2153911,0.275432999,16,true,23,23
26,nearfield_update,2153912,0.275432999,23,true,0,0
26,nearfield_update,2153913,0.275432999,12,true,60,56
26,nearfield_update,2153914,0.275432999,20,true,36,36
26,nearfield_update,2153915,0.275432999,23,true,1,1
26,nearfield_update,2153916,0.275432999,23,true,3,3
26,nearfield_update,2153917,0.275432999,16,true,21,21
26,nearfield_update,2153918,0.275432999,12,true,61,61
26,nearfield_update,2153919,0.275432999,21,true,41,41
26,nearfield_update,2153920,0.275432999,23,true,13,13
26,nearfield_update,2153921,0.275432999,11,true,57,60
26,nearfield_update,2153922,0.275432999,0,true,61,61
26,nearfield_update,2153923,0.275432999,0,true,7,7
26,nearfield_update,2153924,0.275432999,0,true,3,3
26,nearfield_update,2153925,0.275432999,0,true,50,50
26,nearfield_update,2153926,0.275432999,0,true,31,31
26,nearfield_update,2153927,0.275432999,0,true,27,27
26,nearfield_update,2153928,0.275432999,0,true,60,60
26,nearfield_update,2153929,0.275432999,0,true,51,51
26,nearfield_update,2153930,0.275432999,0,true,1,1
26,nearfield_update,2153931,0.275432999,0,true,58,58
26,nearfield_update,2153932,0.275432999,0,true,16,16
26,nearfield_update,2153933,0.275432999,0,true,10,10
26,nearfield_update,2153934,0.275432999,0,true,2,2
26,nearfield_update,2153935,0.275432999,0,true,62,62
26,nearfield_update,2153936,0.275432999,0,true,56,56
26,nearfield_update,2153937,0.275432999,0,true,59,59
26,nearfield_update,2153938,0.275432999,0,true,11,11
26,nearfield_update,2153939,0.275432999,0,true,48,48
26,nearfield_update,2153940,0.275432999,0,true,57,57
26,nearfield_update,2153941,0.275432999,0,true,53,53
26,nearfield_update,2153942,0.275432999,0,true,5,5
26,nearfield_update,2153943,0.275432999,0,true,19,19
26,nearfield_update,2153944,0.275432999,0,true,4,4
26,nearfield_update,2153945,0.275432999,0,true,55,55
26,nearfield_update,2153946,0.275432999,0,true,41,41
26,nearfield_update,2153947,0.275432999,0,true,42,42
26,nearfield_update,2153948,0.275432999,0,true,52,52
26,nearfield_update,2153949,0.275432999,0,true,54,54
26,nearfield_update,2153950,0.275432999,0,true,40,40
26,nearfield_update,2153951,0.275432999,0,true,15,15
26,nearfield_update,2153952,0.275432999,0,true,14,14
27,fmm,2153836,0.046736059,4,true,62,61
27,fmm,2153854,0.046736059,0,true,11,11
27,fmm,2153858,0.046736059,3,true,51,63
27,fmm,2153859,0.046736059,3,true,18,17
27,fmm,2153860,0.046736059,2,true,50,50
27,fmm,2153861,0.046736059,3,true,37,37
27,fmm,2153862,0.046736059,2,true,55,55
27,fmm,2153863,0.046736059,3,true,10,62
27,fmm,2153864,0.046736059,2,true,2,2
27,fmm,2153865,0.046736059,3,true,53,48
27,fmm,2153866,0.046736059,2,true,30,31
27,fmm,2153867,0.046736059,2,true,25,25
27,fmm,2153868,0.046736059,2,true,57,56
27,fmm,2153869,0.046736059,2,true,31,20
27,fmm,2153870,0.046736059,2,true,9,11
27,fmm,2153871,0.046736059,2,true,39,38
27,fmm,2153872,0.046736059,2,true,43,58
27,fmm,2153873,0.046736059,2,true,59,59
27,fmm,2153874,0.046736059,2,true,52,51
27,fmm,2153875,0.046736059,3,true,12,60
27,fmm,2153876,0.046736059,2,true,54,54
27,fmm,2153877,0.046736059,2,true,48,49
27,fmm,2153878,0.046736059,2,true,58,56
27,fmm,2153879,0.046736059,2,true,24,58
27,fmm,2153880,0.046736059,1,true,5,5
27,fmm,2153881,0.046736059,1,true,49,63
27,fmm,2153882,0.046736059,2,true,42,41
27,fmm,2153883,0.046736059,2,true,4,6
27,fmm,2153884,0.046736059,2,true,14,14
27,fmm,2153886,0.046736059,2,true,26,28
27,fmm,2153887,0.046736059,2,true,19,19
27,fmm,2153888,0.046736059,2,true,7,7
27,fmm,2153889,0.046736059,2,true,33,33
27,fmm,2153890,0.046736059,2,true,38,32
27,fmm,2153891,0.046736059,2,true,20,21
27,fmm,2153892,0.046736059,2,true,15,15
27,fmm,2153893,0.046736059,2,true,63,51
27,fmm,2153894,0.046736059,2,true,16,16
27,fmm,2153895,0.046736059,1,true,6,0
27,fmm,2153896,0.046736059,2,true,40,40
27,fmm,2153897,0.046736059,2,true,27,24
27,fmm,2153898,0.046736059,2,true,44,44
27,fmm,2153899,0.046736059,2,true,28,30
27,fmm,2153900,0.046736059,2,true,46,46
27,fmm,2153901,0.046736059,1,true,32,34
27,fmm,2153902,0.046736059,2,true,45,45
27,fmm,2153903,0.046736059,2,true,11,13
27,fmm,2153904,0.046736059,2,true,47,47
27,fmm,2153905,0.046736059,2,true,34,39
27,fmm,2153906,0.046736059,1,true,22,23
27,fmm,2153907,0.046736059,2,true,30,18
27,fmm,2153908,0.046736059,2,true,17,26
27,fmm,2153909,0.046736059,1,true,35,38
27,fmm,2153910,0.046736059,1,true,29,27
27,fmm,2153911,0.046736059,2,true,23,29
27,fmm,2153912,0.046736059,2,true,0,3
27,fmm,2153913,0.046736059,2,true,56,50
27,fmm,2153914,0.046736059,2,true,36,43
27,fmm,2153915,0.046736059,2,true,1,8
27,fmm,2153916,0.046736059,1,true,3,12
27,fmm,2153917,0.046736059,1,true,21,25
27,fmm,2153918,0.046736059,1,true,61,35
27,fmm,2153919,0.046736059,1,true,41,2
27,fmm,2153920,0.046736059,0,true,13,9
27,fmm,2153921,0.046736059,0,true,60,59
27,fmm,2153922,0.046736059,0,true,61,61
27,fmm,2153923,0.046736059,0,true,7,7
27,fmm,2153924,0.046736059,0,true,3,3
27,fmm,2153925,0.046736059,0,true,50,50
27,fmm,2153926,0.046736059,0,true,31,31
27,fmm,2153927,0.046736059,0,true,27,27
27,fmm,2153928,0.046736059,0,true,60,60
27,fmm,2153929,0.046736059,0,true,51,51
27,fmm,2153930,0.046736059,0,true,1,1
27,fmm,2153931,0.046736059,0,true,58,58
27,fmm,2153932,0.046736059,0,true,16,16
27,fmm,2153933,0.046736059,0,true,10,10
27,fmm,2153934,0.046736059,0,true,2,2
27,fmm,2153935,0.046736059,0,true,62,62
27,fmm,2153936,0.046736059,0,true,56,56
27,fmm,2153937,0.046736059,0,true,59,59
27,fmm,2153938,0.046736059,0,true,11,11
27,fmm,2153939,0.046736059,0,true,48,48
27,fmm,2153940,0.046736059,0,true,57,57
27,fmm,2153941,0.046736059,0,true,53,53
27,fmm,2153942,0.046736059,0,true,5,5
27,fmm,2153943,0.046736059,0,true,19,19
27,fmm,2153944,0.046736059,0,true,4,4
27,fmm,2153945,0.046736059,0,true,55,55
27,fmm,2153946,0.046736059,0,true,41,41
27,fmm,2153947,0.046736059,0,true,42,42
27,fmm,2153948,0.046736059,0,true,52,52
27,fmm,2153949,0.046736059,0,true,54,54
27,fmm,2153950,0.046736059,0,true,40,40
27,fmm,2153951,0.046736059,0,true,15,15
27,fmm,2153952,0.046736059,0,true,14,14
28,influence_mapping,2153836,0.000748112,0,true,61,61
28,influence_mapping,2153854,0.000748112,0,true,11,11
28,influence_mapping,2153858,0.000748112,0,true,63,63
28,influence_mapping,2153859,0.000748112,0,true,17,17
28,influence_mapping,2153860,0.000748112,0,true,50,50
28,influence_mapping,2153861,0.000748112,0,true,37,37
28,influence_mapping,2153862,0.000748112,0,true,55,55
28,influence_mapping,2153863,0.000748112,0,true,62,62
28,influence_mapping,2153864,0.000748112,0,true,2,2
28,influence_mapping,2153865,0.000748112,0,true,48,48
28,influence_mapping,2153866,0.000748112,0,true,31,31
28,influence_mapping,2153867,0.000748112,0,true,25,25
28,influence_mapping,2153868,0.000748112,0,true,56,56
28,influence_mapping,2153869,0.000748112,0,true,20,20
28,influence_mapping,2153870,0.000748112,0,true,11,11
28,influence_mapping,2153871,0.000748112,0,true,38,38
28,influence_mapping,2153872,0.000748112,0,true,58,58
28,influence_mapping,2153873,0.000748112,0,true,59,59
28,influence_mapping,2153874,0.000748112,0,true,51,51
28,influence_mapping,2153875,0.000748112,0,true,60,60
28,influence_mapping,2153876,0.000748112,0,true,54,54
28,influence_mapping,2153877,0.000748112,0,true,49,49
28,influence_mapping,2153878,0.000748112,0,true,56,56
28,influence_mapping,2153879,0.000748112,0,true,58,58
28,influence_mapping,2153880,0.000748112,0,true,5,5
28,influence_mapping,2153881,0.000748112,0,true,63,63
28,influence_mapping,2153882,0.000748112,0,true,41,41
28,influence_mapping,2153883,0.000748112,0,true,6,6
28,influence_mapping,2153884,0.000748112,0,true,14,14
28,influence_mapping,2153886,0.000748112,0,true,28,28
28,influence_mapping,2153887,0.000748112,0,true,19,19
28,influence_mapping,2153888,0.000748112,0,true,7,7
28,influence_mapping,2153889,0.000748112,0,true,33,33
28,influence_mapping,2153890,0.000748112,0,true,32,32
28,influence_mapping,2153891,0.000748112,0,true,21,21
28,influence_mapping,2153892,0.000748112,0,true,15,15
28,influence_mapping,2153893,0.000748112,0,true,51,51
28,influence_mapping,2153894,0.000748112,0,true,16,16
28,influence_mapping,2153895,0.000748112,0,true,0,0
28,influence_mapping,2153896,0.000748112,0,true,40,40
28,influence_mapping,2153897,0.000748112,0,true,24,24
28,influence_mapping,2153898,0.000748112,0,true,44,44
28,influence_mapping,2153899,0.000748112,0,true,30,30
28,influence_mapping,2153900,0.000748112,0,true,46,46
28,influence_mapping,2153901,0.000748112,0,true,34,34
28,influence_mapping,2153902,0.000748112,0,true,45,45
28,influence_mapping,2153903,0.000748112,0,true,13,13
28,influence_mapping,2153904,0.000748112,0,true,47,47
28,influence_mapping,2153905,0.000748112,0,true,39,39
28,influence_mapping,2153906,0.000748112,0,true,23,23
28,influence_mapping,2153907,0.000748112,0,true,18,18
28,influence_mapping,2153908,0.000748112,0,true,26,26
28,influence_mapping,2153909,0.000748112,0,true,38,38
28,influence_mapping,2153910,0.000748112,0,true,27,27
28,influence_mapping,2153911,0.000748112,0,true,29,29
28,influence_mapping,2153912,0.000748112,0,true,3,3
28,influence_mapping,2153913,0.000748112,0,true,50,50
28,influence_mapping,2153914,0.000748112,0,true,43,43
28,influence_mapping,2153915,0.000748112,0,true,8,8
28,influence_mapping,2153916,0.000748112,0,true,12,12
28,influence_mapping,2153917,0.000748112,0,true,25,25
28,influence_mapping,2153918,0.000748112,0,true,35,35
28,influence_mapping,2153919,0.000748112,0,true,2,2
28,influence_mapping,2153920,0.000748112,0,true,9,9
28,influence_mapping,2153921,0.000748112,0,true,59,59
28,influence_mapping,2153922,0.000748112,0,true,61,61
28,influence_mapping,2153923,0.000748112,0,true,7,7
28,influence_mapping,2153924,0.000748112,0,true,3,3
28,influence_mapping,2153925,0.000748112,0,true,50,50
28,influence_mapping,2153926,0.000748112,0,true,31,31
28,influence_mapping,2153927,0.000748112,0,true,27,27
28,influence_mapping,2153928,0.000748112,0,true,60,60
28,influence_mapping,2153929,0.000748112,0,true,51,51
28,influence_mapping,2153930,0.000748112,0,true,1,1
28,influence_mapping,2153931,0.000748112,0,true,58,58
28,influence_mapping,2153932,0.000748112,0,true,16,16
28,influence_mapping,2153933,0.000748112,0,true,10,10
28,influence_mapping,2153934,0.000748112,0,true,2,2
28,influence_mapping,2153935,0.000748112,0,true,62,62
28,influence_mapping,2153936,0.000748112,0,true,56,56
28,influence_mapping,2153937,0.000748112,0,true,59,59
28,influence_mapping,2153938,0.000748112,0,true,11,11
28,influence_mapping,2153939,0.000748112,0,true,48,48
28,influence_mapping,2153940,0.000748112,0,true,57,57
28,influence_mapping,2153941,0.000748112,0,true,53,53
28,influence_mapping,2153942,0.000748112,0,true,5,5
28,influence_mapping,2153943,0.000748112,0,true,19,19
28,influence_mapping,2153944,0.000748112,0,true,4,4
28,influence_mapping,2153945,0.000748112,0,true,55,55
28,influence_mapping,2153946,0.000748112,0,true,41,41
28,influence_mapping,2153947,0.000748112,0,true,42,42
28,influence_mapping,2153948,0.000748112,0,true,52,52
28,influence_mapping,2153949,0.000748112,0,true,54,54
28,influence_mapping,2153950,0.000748112,0,true,40,40
28,influence_mapping,2153951,0.000748112,0,true,15,15
28,influence_mapping,2153952,0.000748112,0,true,14,14
29,residual,2153836,0.005054434,1,true,61,61
29,residual,2153854,0.005054434,0,true,11,11
29,residual,2153858,0.005054434,0,true,63,63
29,residual,2153859,0.005054434,0,true,17,17
29,residual,2153860,0.005054434,0,true,50,50
29,residual,2153861,0.005054434,0,true,37,37
29,residual,2153862,0.005054434,0,true,55,55
29,residual,2153863,0.005054434,0,true,62,62
29,residual,2153864,0.005054434,0,true,2,2
29,residual,2153865,0.005054434,0,true,48,48
29,residual,2153866,0.005054434,0,true,31,31
29,residual,2153867,0.005054434,0,true,25,25
29,residual,2153868,0.005054434,0,true,56,56
29,residual,2153869,0.005054434,0,true,20,20
29,residual,2153870,0.005054434,0,true,11,11
29,residual,2153871,0.005054434,0,true,38,38
29,residual,2153872,0.005054434,0,true,58,58
29,residual,2153873,0.005054434,0,true,59,59
29,residual,2153874,0.005054434,0,true,51,51
29,residual,2153875,0.005054434,0,true,60,60
29,residual,2153876,0.005054434,0,true,54,54
29,residual,2153877,0.005054434,0,true,49,49
29,residual,2153878,0.005054434,0,true,56,56
29,residual,2153879,0.005054434,0,true,58,58
29,residual,2153880,0.005054434,0,true,5,5
29,residual,2153881,0.005054434,0,true,63,63
29,residual,2153882,0.005054434,0,true,41,41
29,residual,2153883,0.005054434,0,true,6,6
29,residual,2153884,0.005054434,0,true,14,14
29,residual,2153886,0.005054434,0,true,28,28
29,residual,2153887,0.005054434,0,true,19,19
29,residual,2153888,0.005054434,0,true,7,7
29,residual,2153889,0.005054434,0,true,33,33
29,residual,2153890,0.005054434,0,true,32,32
29,residual,2153891,0.005054434,0,true,21,21
29,residual,2153892,0.005054434,0,true,15,15
29,residual,2153893,0.005054434,0,true,51,51
29,residual,2153894,0.005054434,0,true,16,16
29,residual,2153895,0.005054434,0,true,0,0
29,residual,2153896,0.005054434,0,true,40,40
29,residual,2153897,0.005054434,0,true,24,24
29,residual,2153898,0.005054434,0,true,44,44
29,residual,2153899,0.005054434,0,true,30,30
29,residual,2153900,0.005054434,0,true,46,46
29,residual,2153901,0.005054434,0,true,34,34
29,residual,2153902,0.005054434,0,true,45,45
29,residual,2153903,0.005054434,0,true,13,13
29,residual,2153904,0.005054434,0,true,47,47
29,residual,2153905,0.005054434,0,true,39,39
29,residual,2153906,0.005054434,0,true,23,23
29,residual,2153907,0.005054434,0,true,18,18
29,residual,2153908,0.005054434,0,true,26,26
29,residual,2153909,0.005054434,0,true,38,38
29,residual,2153910,0.005054434,0,true,27,27
29,residual,2153911,0.005054434,0,true,29,29
29,residual,2153912,0.005054434,0,true,3,3
29,residual,2153913,0.005054434,0,true,50,50
29,residual,2153914,0.005054434,0,true,43,43
29,residual,2153915,0.005054434,0,true,8,8
29,residual,2153916,0.005054434,0,true,12,12
29,residual,2153917,0.005054434,0,true,25,25
29,residual,2153918,0.005054434,0,true,35,35
29,residual,2153919,0.005054434,0,true,2,2
29,residual,2153920,0.005054434,0,true,9,9
29,residual,2153921,0.005054434,0,true,59,59
29,residual,2153922,0.005054434,0,true,61,61
29,residual,2153923,0.005054434,0,true,7,7
29,residual,2153924,0.005054434,0,true,3,3
29,residual,2153925,0.005054434,0,true,50,50
29,residual,2153926,0.005054434,0,true,31,31
29,residual,2153927,0.005054434,0,true,27,27
29,residual,2153928,0.005054434,0,true,60,60
29,residual,2153929,0.005054434,0,true,51,51
29,residual,2153930,0.005054434,0,true,1,1
29,residual,2153931,0.005054434,0,true,58,58
29,residual,2153932,0.005054434,0,true,16,16
29,residual,2153933,0.005054434,0,true,10,10
29,residual,2153934,0.005054434,0,true,2,2
29,residual,2153935,0.005054434,0,true,62,62
29,residual,2153936,0.005054434,0,true,56,56
29,residual,2153937,0.005054434,0,true,59,59
29,residual,2153938,0.005054434,0,true,11,11
29,residual,2153939,0.005054434,0,true,48,48
29,residual,2153940,0.005054434,0,true,57,57
29,residual,2153941,0.005054434,0,true,53,53
29,residual,2153942,0.005054434,0,true,5,5
29,residual,2153943,0.005054434,0,true,19,19
29,residual,2153944,0.005054434,0,true,4,4
29,residual,2153945,0.005054434,0,true,55,55
29,residual,2153946,0.005054434,0,true,41,41
29,residual,2153947,0.005054434,0,true,42,42
29,residual,2153948,0.005054434,0,true,52,52
29,residual,2153949,0.005054434,0,true,54,54
29,residual,2153950,0.005054434,0,true,40,40
29,residual,2153951,0.005054434,0,true,15,15
29,residual,2153952,0.005054434,0,true,14,14
30,nearfield_update,2153836,0.278488656,21,true,61,61
30,nearfield_update,2153854,0.278488656,0,true,11,11
30,nearfield_update,2153858,0.278488656,15,true,63,63
30,nearfield_update,2153859,0.278488656,3,true,17,17
30,nearfield_update,2153860,0.278488656,11,true,50,48
30,nearfield_update,2153861,0.278488656,23,true,37,37
30,nearfield_update,2153862,0.278488656,7,true,55,55
30,nearfield_update,2153863,0.278488656,11,true,62,62
30,nearfield_update,2153864,0.278488656,20,true,2,6
30,nearfield_update,2153865,0.278488656,1,true,48,53
30,nearfield_update,2153866,0.278488656,2,true,31,31
30,nearfield_update,2153867,0.278488656,18,true,25,25
30,nearfield_update,2153868,0.278488656,20,true,56,35
30,nearfield_update,2153869,0.278488656,18,true,20,24
30,nearfield_update,2153870,0.278488656,24,true,11,11
30,nearfield_update,2153871,0.278488656,18,true,38,38
30,nearfield_update,2153872,0.278488656,16,true,58,58
30,nearfield_update,2153873,0.278488656,16,true,59,59
30,nearfield_update,2153874,0.278488656,2,true,51,51
30,nearfield_update,2153875,0.278488656,15,true,60,60
30,nearfield_update,2153876,0.278488656,11,true,54,54
30,nearfield_update,2153877,0.278488656,1,true,49,49
30,nearfield_update,2153878,0.278488656,1,true,56,56
30,nearfield_update,2153879,0.278488656,11,true,58,56
30,nearfield_update,2153880,0.278488656,21,true,5,5
30,nearfield_update,2153881,0.278488656,7,true,63,52
30,nearfield_update,2153882,0.278488656,22,true,41,41
30,nearfield_update,2153883,0.278488656,21,true,6,4
30,nearfield_update,2153884,0.278488656,23,true,14,14
30,nearfield_update,2153886,0.278488656,17,true,28,28
30,nearfield_update,2153887,0.278488656,17,true,19,19
30,nearfield_update,2153888,0.278488656,23,true,7,0
30,nearfield_update,2153889,0.278488656,21,true,33,33
30,nearfield_update,2153890,0.278488656,20,true,32,32
30,nearfield_update,2153891,0.278488656,17,true,21,31
30,nearfield_update,2153892,0.278488656,23,true,15,15
30,nearfield_update,2153893,0.278488656,8,true,51,50
30,nearfield_update,2153894,0.278488656,18,true,16,16
30,nearfield_update,2153895,0.278488656,20,true,0,12
30,nearfield_update,2153896,0.278488656,22,true,40,40
30,nearfield_update,2153897,0.278488656,17,true,24,26
30,nearfield_update,2153898,0.278488656,21,true,44,44
30,nearfield_update,2153899,0.278488656,18,true,30,30
30,nearfield_update,2153900,0.278488656,21,true,46,46
30,nearfield_update,2153901,0.278488656,21,true,34,34
30,nearfield_update,2153902,0.278488656,21,true,45,45
30,nearfield_update,2153903,0.278488656,23,true,13,13
30,nearfield_update,2153904,0.278488656,21,true,47,47
30,nearfield_update,2153905,0.278488656,21,true,39,36
30,nearfield_update,2153906,0.278488656,18,true,23,23
30,nearfield_update,2153907,0.278488656,17,true,18,29
30,nearfield_update,2153908,0.278488656,18,true,26,27
30,nearfield_update,2153909,0.278488656,21,true,38,39
30,nearfield_update,2153910,0.278488656,17,true,27,22
30,nearfield_update,2153911,0.278488656,19,true,29,9
30,nearfield_update,2153912,0.278488656,19,true,3,3
30,nearfield_update,2153913,0.278488656,11,true,50,57
30,nearfield_update,2153914,0.278488656,21,true,43,43
30,nearfield_update,2153915,0.278488656,22,true,8,8
30,nearfield_update,2153916,0.278488656,24,true,12,10
30,nearfield_update,2153917,0.278488656,17,true,25,21
30,nearfield_update,2153918,0.278488656,21,true,35,42
30,nearfield_update,2153919,0.278488656,23,true,2,2
30,nearfield_update,2153920,0.278488656,17,true,9,20
30,nearfield_update,2153921,0.278488656,18,true,59,18
30,nearfield_update,2153922,0.278488656,0,true,61,61
30,nearfield_update,2153923,0.278488656,0,true,7,7
30,nearfield_update,2153924,0.278488656,0,true,3,3
30,nearfield_update,2153925,0.278488656,0,true,50,50
30,nearfield_update,2153926,0.278488656,0,true,31,31
30,nearfield_update,2153927,0.278488656,0,true,27,27
30,nearfield_update,2153928,0.278488656,0,true,60,60
30,nearfield_update,2153929,0.278488656,0,true,51,51
30,nearfield_update,2153930,0.278488656,0,true,1,1
30,nearfield_update,2153931,0.278488656,0,true,58,58
30,nearfield_update,2153932,0.278488656,0,true,16,16
30,nearfield_update,2153933,0.278488656,0,true,10,10
30,nearfield_update,2153934,0.278488656,0,true,2,2
30,nearfield_update,2153935,0.278488656,0,true,62,62
30,nearfield_update,2153936,0.278488656,0,true,56,56
30,nearfield_update,2153937,0.278488656,0,true,59,59
30,nearfield_update,2153938,0.278488656,0,true,11,11
30,nearfield_update,2153939,0.278488656,0,true,48,48
30,nearfield_update,2153940,0.278488656,0,true,57,57
30,nearfield_update,2153941,0.278488656,0,true,53,53
30,nearfield_update,2153942,0.278488656,0,true,5,5
30,nearfield_update,2153943,0.278488656,0,true,19,19
30,nearfield_update,2153944,0.278488656,0,true,4,4
30,nearfield_update,2153945,0.278488656,0,true,55,55
30,nearfield_update,2153946,0.278488656,0,true,41,41
30,nearfield_update,2153947,0.278488656,0,true,42,42
30,nearfield_update,2153948,0.278488656,0,true,52,52
30,nearfield_update,2153949,0.278488656,0,true,54,54
30,nearfield_update,2153950,0.278488656,0,true,40,40
30,nearfield_update,2153951,0.278488656,0,true,15,15
30,nearfield_update,2153952,0.278488656,0,true,14,14
31,fmm,2153836,0.044286106,2,true,61,58
31,fmm,2153854,0.044286106,0,true,11,11
31,fmm,2153858,0.044286106,2,true,63,56
31,fmm,2153859,0.044286106,3,true,17,17
31,fmm,2153860,0.044286106,2,true,48,48
31,fmm,2153861,0.044286106,3,true,37,37
31,fmm,2153862,0.044286106,2,true,55,55
31,fmm,2153863,0.044286106,2,true,62,62
31,fmm,2153864,0.044286106,2,true,6,6
31,fmm,2153865,0.044286106,3,true,53,53
31,fmm,2153866,0.044286106,2,true,31,31
31,fmm,2153867,0.044286106,2,true,25,25
31,fmm,2153868,0.044286106,1,true,35,35
31,fmm,2153869,0.044286106,1,true,24,24
31,fmm,2153870,0.044286106,2,true,11,11
31,fmm,2153871,0.044286106,2,true,38,38
31,fmm,2153872,0.044286106,2,true,58,59
31,fmm,2153873,0.044286106,2,true,59,60
31,fmm,2153874,0.044286106,2,true,51,51
31,fmm,2153875,0.044286106,2,true,60,61
31,fmm,2153876,0.044286106,2,true,54,54
31,fmm,2153877,0.044286106,2,true,49,49
31,fmm,2153878,0.044286106,2,true,56,57
31,fmm,2153879,0.044286106,2,true,56,63
31,fmm,2153880,0.044286106,2,true,5,5
31,fmm,2153881,0.044286106,2,true,52,52
31,fmm,2153882,0.044286106,2,true,41,41
31,fmm,2153883,0.044286106,2,true,4,4
31,fmm,2153884,0.044286106,2,true,14,14
31,fmm,2153886,0.044286106,2,true,28,28
31,fmm,2153887,0.044286106,2,true,19,19
31,fmm,2153888,0.044286106,2,true,0,0
31,fmm,2153889,0.044286106,2,true,33,33
31,fmm,2153890,0.044286106,2,true,32,32
31,fmm,2153891,0.044286106,2,true,31,26
31,fmm,2153892,0.044286106,1,true,15,15
31,fmm,2153893,0.044286106,2,true,50,50
31,fmm,2153894,0.044286106,2,true,16,16
31,fmm,2153895,0.044286106,2,true,12,12
31,fmm,2153896,0.044286106,2,true,40,40
31,fmm,2153897,0.044286106,2,true,26,27
31,fmm,2153898,0.044286106,2,true,44,44
31,fmm,2153899,0.044286106,2,true,30,30
31,fmm,2153900,0.044286106,2,true,46,46
31,fmm,2153901,0.044286106,2,true,34,34
31,fmm,2153902,0.044286106,2,true,45,45
31,fmm,2153903,0.044286106,1,true,13,13
31,fmm,2153904,0.044286106,2,true,47,47
31,fmm,2153905,0.044286106,2,true,36,36
31,fmm,2153906,0.044286106,2,true,23,23
31,fmm,2153907,0.044286106,2,true,29,29
31,fmm,2153908,0.044286106,2,true,27,18
31,fmm,2153909,0.044286106,1,true,39,39
31,fmm,2153910,0.044286106,2,true,22,22
31,fmm,2153911,0.044286106,2,true,9,9
31,fmm,2153912,0.044286106,1,true,3,3
31,fmm,2153913,0.044286106,3,true,57,2
31,fmm,2153914,0.044286106,2,true,43,43
31,fmm,2153915,0.044286106,2,true,8,8
31,fmm,2153916,0.044286106,1,true,10,10
31,fmm,2153917,0.044286106,1,true,21,21
31,fmm,2153918,0.044286106,1,true,42,42
31,fmm,2153919,0.044286106,1,true,2,7
31,fmm,2153920,0.044286106,0,true,20,20
31,fmm,2153921,0.044286106,0,true,18,18
31,fmm,2153922,0.044286106,0,true,61,61
31,fmm,2153923,0.044286106,0,true,7,7
31,fmm,2153924,0.044286106,0,true,3,3
31,fmm,2153925,0.044286106,0,true,50,50
31,fmm,2153926,0.044286106,0,true,31,31
31,fmm,2153927,0.044286106,0,true,27,27
31,fmm,2153928,0.044286106,0,true,60,60
31,fmm,2153929,0.044286106,0,true,51,51
31,fmm,2153930,0.044286106,0,true,1,1
31,fmm,2153931,0.044286106,0,true,58,58
31,fmm,2153932,0.044286106,0,true,16,16
31,fmm,2153933,0.044286106,0,true,10,10
31,fmm,2153934,0.044286106,0,true,2,2
31,fmm,2153935,0.044286106,0,true,62,62
31,fmm,2153936,0.044286106,0,true,56,56
31,fmm,2153937,0.044286106,0,true,59,59
31,fmm,2153938,0.044286106,0,true,11,11
31,fmm,2153939,0.044286106,0,true,48,48
31,fmm,2153940,0.044286106,0,true,57,57
31,fmm,2153941,0.044286106,0,true,53,53
31,fmm,2153942,0.044286106,0,true,5,5
31,fmm,2153943,0.044286106,0,true,19,19
31,fmm,2153944,0.044286106,0,true,4,4
31,fmm,2153945,0.044286106,0,true,55,55
31,fmm,2153946,0.044286106,0,true,41,41
31,fmm,2153947,0.044286106,0,true,42,42
31,fmm,2153948,0.044286106,0,true,52,52
31,fmm,2153949,0.044286106,0,true,54,54
31,fmm,2153950,0.044286106,0,true,40,40
31,fmm,2153951,0.044286106,0,true,15,15
31,fmm,2153952,0.044286106,0,true,14,14
32,influence_mapping,2153836,0.000764173,0,true,58,58
32,influence_mapping,2153854,0.000764173,0,true,11,11
32,influence_mapping,2153858,0.000764173,0,true,56,56
32,influence_mapping,2153859,0.000764173,0,true,17,17
32,influence_mapping,2153860,0.000764173,0,true,48,48
32,influence_mapping,2153861,0.000764173,0,true,37,37
32,influence_mapping,2153862,0.000764173,0,true,55,55
32,influence_mapping,2153863,0.000764173,0,true,62,62
32,influence_mapping,2153864,0.000764173,0,true,6,6
32,influence_mapping,2153865,0.000764173,0,true,53,53
32,influence_mapping,2153866,0.000764173,0,true,31,31
32,influence_mapping,2153867,0.000764173,0,true,25,25
32,influence_mapping,2153868,0.000764173,0,true,35,35
32,influence_mapping,2153869,0.000764173,0,true,24,24
32,influence_mapping,2153870,0.000764173,0,true,11,11
32,influence_mapping,2153871,0.000764173,0,true,38,38
32,influence_mapping,2153872,0.000764173,0,true,59,59
32,influence_mapping,2153873,0.000764173,0,true,60,60
32,influence_mapping,2153874,0.000764173,0,true,51,51
32,influence_mapping,2153875,0.000764173,0,true,61,61
32,influence_mapping,2153876,0.000764173,0,true,54,54
32,influence_mapping,2153877,0.000764173,0,true,49,49
32,influence_mapping,2153878,0.000764173,0,true,57,57
32,influence_mapping,2153879,0.000764173,0,true,63,63
32,influence_mapping,2153880,0.000764173,0,true,5,5
32,influence_mapping,2153881,0.000764173,0,true,52,52
32,influence_mapping,2153882,0.000764173,0,true,41,41
32,influence_mapping,2153883,0.000764173,0,true,4,4
32,influence_mapping,2153884,0.000764173,0,true,14,14
32,influence_mapping,2153886,0.000764173,0,true,28,28
32,influence_mapping,2153887,0.000764173,0,true,19,19
32,influence_mapping,2153888,0.000764173,0,true,0,0
32,influence_mapping,2153889,0.000764173,0,true,33,33
32,influence_mapping,2153890,0.000764173,0,true,32,32
32,influence_mapping,2153891,0.000764173,0,true,26,26
32,influence_mapping,2153892,0.000764173,0,true,15,15
32,influence_mapping,2153893,0.000764173,0,true,50,50
32,influence_mapping,2153894,0.000764173,0,true,16,16
32,influence_mapping,2153895,0.000764173,0,true,12,12
32,influence_mapping,2153896,0.000764173,0,true,40,40
32,influence_mapping,2153897,0.000764173,0,true,27,27
32,influence_mapping,2153898,0.000764173,0,true,44,44
32,influence_mapping,2153899,0.000764173,0,true,30,30
32,influence_mapping,2153900,0.000764173,0,true,46,46
32,influence_mapping,2153901,0.000764173,0,true,34,34
32,influence_mapping,2153902,0.000764173,0,true,45,45
32,influence_mapping,2153903,0.000764173,0,true,13,13
32,influence_mapping,2153904,0.000764173,0,true,47,47
32,influence_mapping,2153905,0.000764173,0,true,36,36
32,influence_mapping,2153906,0.000764173,0,true,23,23
32,influence_mapping,2153907,0.000764173,0,true,29,29
32,influence_mapping,2153908,0.000764173,0,true,18,18
32,influence_mapping,2153909,0.000764173,0,true,39,39
32,influence_mapping,2153910,0.000764173,0,true,22,22
32,influence_mapping,2153911,0.000764173,0,true,9,9
32,influence_mapping,2153912,0.000764173,0,true,3,3
32,influence_mapping,2153913,0.000764173,0,true,2,2
32,influence_mapping,2153914,0.000764173,0,true,43,43
32,influence_mapping,2153915,0.000764173,0,true,8,8
32,influence_mapping,2153916,0.000764173,0,true,10,10
32,influence_mapping,2153917,0.000764173,0,true,21,21
32,influence_mapping,2153918,0.000764173,0,true,42,42
32,influence_mapping,2153919,0.000764173,0,true,7,7
32,influence_mapping,2153920,0.000764173,0,true,20,20
32,influence_mapping,2153921,0.000764173,0,true,18,18
32,influence_mapping,2153922,0.000764173,0,true,61,61
32,influence_mapping,2153923,0.000764173,0,true,7,7
32,influence_mapping,2153924,0.000764173,0,true,3,3
32,influence_mapping,2153925,0.000764173,0,true,50,50
32,influence_mapping,2153926,0.000764173,0,true,31,31
32,influence_mapping,2153927,0.000764173,0,true,27,27
32,influence_mapping,2153928,0.000764173,0,true,60,60
32,influence_mapping,2153929,0.000764173,0,true,51,51
32,influence_mapping,2153930,0.000764173,0,true,1,1
32,influence_mapping,2153931,0.000764173,0,true,58,58
32,influence_mapping,2153932,0.000764173,0,true,16,16
32,influence_mapping,2153933,0.000764173,0,true,10,10
32,influence_mapping,2153934,0.000764173,0,true,2,2
32,influence_mapping,2153935,0.000764173,0,true,62,62
32,influence_mapping,2153936,0.000764173,0,true,56,56
32,influence_mapping,2153937,0.000764173,0,true,59,59
32,influence_mapping,2153938,0.000764173,0,true,11,11
32,influence_mapping,2153939,0.000764173,0,true,48,48
32,influence_mapping,2153940,0.000764173,0,true,57,57
32,influence_mapping,2153941,0.000764173,0,true,53,53
32,influence_mapping,2153942,0.000764173,0,true,5,5
32,influence_mapping,2153943,0.000764173,0,true,19,19
32,influence_mapping,2153944,0.000764173,0,true,4,4
32,influence_mapping,2153945,0.000764173,0,true,55,55
32,influence_mapping,2153946,0.000764173,0,true,41,41
32,influence_mapping,2153947,0.000764173,0,true,42,42
32,influence_mapping,2153948,0.000764173,0,true,52,52
32,influence_mapping,2153949,0.000764173,0,true,54,54
32,influence_mapping,2153950,0.000764173,0,true,40,40
32,influence_mapping,2153951,0.000764173,0,true,15,15
32,influence_mapping,2153952,0.000764173,0,true,14,14
33,residual,2153836,0.004907098,1,true,58,58
33,residual,2153854,0.004907098,0,true,11,11
33,residual,2153858,0.004907098,0,true,56,56
33,residual,2153859,0.004907098,0,true,17,17
33,residual,2153860,0.004907098,0,true,48,48
33,residual,2153861,0.004907098,0,true,37,37
33,residual,2153862,0.004907098,0,true,55,55
33,residual,2153863,0.004907098,0,true,62,62
33,residual,2153864,0.004907098,0,true,6,6
33,residual,2153865,0.004907098,0,true,53,53
33,residual,2153866,0.004907098,0,true,31,31
33,residual,2153867,0.004907098,0,true,25,25
33,residual,2153868,0.004907098,0,true,35,35
33,residual,2153869,0.004907098,0,true,24,24
33,residual,2153870,0.004907098,0,true,11,11
33,residual,2153871,0.004907098,0,true,38,38
33,residual,2153872,0.004907098,0,true,59,59
33,residual,2153873,0.004907098,0,true,60,60
33,residual,2153874,0.004907098,0,true,51,51
33,residual,2153875,0.004907098,0,true,61,61
33,residual,2153876,0.004907098,0,true,54,54
33,residual,2153877,0.004907098,0,true,49,49
33,residual,2153878,0.004907098,0,true,57,57
33,residual,2153879,0.004907098,0,true,63,63
33,residual,2153880,0.004907098,0,true,5,5
33,residual,2153881,0.004907098,0,true,52,52
33,residual,2153882,0.004907098,0,true,41,41
33,residual,2153883,0.004907098,0,true,4,4
33,residual,2153884,0.004907098,0,true,14,14
33,residual,2153886,0.004907098,0,true,28,28
33,residual,2153887,0.004907098,0,true,19,19
33,residual,2153888,0.004907098,0,true,0,0
33,residual,2153889,0.004907098,0,true,33,33
33,residual,2153890,0.004907098,0,true,32,32
33,residual,2153891,0.004907098,0,true,26,26
33,residual,2153892,0.004907098,0,true,15,15
33,residual,2153893,0.004907098,0,true,50,50
33,residual,2153894,0.004907098,0,true,16,16
33,residual,2153895,0.004907098,0,true,12,12
33,residual,2153896,0.004907098,0,true,40,40
33,residual,2153897,0.004907098,0,true,27,27
33,residual,2153898,0.004907098,0,true,44,44
33,residual,2153899,0.004907098,0,true,30,30
33,residual,2153900,0.004907098,0,true,46,46
33,residual,2153901,0.004907098,0,true,34,34
33,residual,2153902,0.004907098,0,true,45,45
33,residual,2153903,0.004907098,0,true,13,13
33,residual,2153904,0.004907098,0,true,47,47
33,residual,2153905,0.004907098,0,true,36,36
33,residual,2153906,0.004907098,0,true,23,23
33,residual,2153907,0.004907098,0,true,29,29
33,residual,2153908,0.004907098,0,true,18,18
33,residual,2153909,0.004907098,0,true,39,39
33,residual,2153910,0.004907098,0,true,22,22
33,residual,2153911,0.004907098,0,true,9,9
33,residual,2153912,0.004907098,0,true,3,3
33,residual,2153913,0.004907098,0,true,2,2
33,residual,2153914,0.004907098,0,true,43,43
33,residual,2153915,0.004907098,0,true,8,8
33,residual,2153916,0.004907098,0,true,10,10
33,residual,2153917,0.004907098,0,true,21,21
33,residual,2153918,0.004907098,0,true,42,42
33,residual,2153919,0.004907098,0,true,7,7
33,residual,2153920,0.004907098,0,true,20,20
33,residual,2153921,0.004907098,0,true,18,18
33,residual,2153922,0.004907098,0,true,61,61
33,residual,2153923,0.004907098,0,true,7,7
33,residual,2153924,0.004907098,0,true,3,3
33,residual,2153925,0.004907098,0,true,50,50
33,residual,2153926,0.004907098,0,true,31,31
33,residual,2153927,0.004907098,0,true,27,27
33,residual,2153928,0.004907098,0,true,60,60
33,residual,2153929,0.004907098,0,true,51,51
33,residual,2153930,0.004907098,0,true,1,1
33,residual,2153931,0.004907098,0,true,58,58
33,residual,2153932,0.004907098,0,true,16,16
33,residual,2153933,0.004907098,0,true,10,10
33,residual,2153934,0.004907098,0,true,2,2
33,residual,2153935,0.004907098,0,true,62,62
33,residual,2153936,0.004907098,0,true,56,56
33,residual,2153937,0.004907098,0,true,59,59
33,residual,2153938,0.004907098,0,true,11,11
33,residual,2153939,0.004907098,0,true,48,48
33,residual,2153940,0.004907098,0,true,57,57
33,residual,2153941,0.004907098,0,true,53,53
33,residual,2153942,0.004907098,0,true,5,5
33,residual,2153943,0.004907098,0,true,19,19
33,residual,2153944,0.004907098,0,true,4,4
33,residual,2153945,0.004907098,0,true,55,55
33,residual,2153946,0.004907098,0,true,41,41
33,residual,2153947,0.004907098,0,true,42,42
33,residual,2153948,0.004907098,0,true,52,52
33,residual,2153949,0.004907098,0,true,54,54
33,residual,2153950,0.004907098,0,true,40,40
33,residual,2153951,0.004907098,0,true,15,15
33,residual,2153952,0.004907098,0,true,14,14
34,nearfield_update,2153836,0.27705041,19,true,58,58
34,nearfield_update,2153854,0.27705041,0,true,11,11
34,nearfield_update,2153858,0.27705041,14,true,56,56
34,nearfield_update,2153859,0.27705041,5,true,17,17
34,nearfield_update,2153860,0.27705041,10,true,48,48
34,nearfield_update,2153861,0.27705041,24,true,37,37
34,nearfield_update,2153862,0.27705041,6,true,55,55
34,nearfield_update,2153863,0.27705041,10,true,62,62
34,nearfield_update,2153864,0.27705041,21,true,6,6
34,nearfield_update,2153865,0.27705041,1,true,53,53
34,nearfield_update,2153866,0.27705041,2,true,31,31
34,nearfield_update,2153867,0.27705041,18,true,25,25
34,nearfield_update,2153868,0.27705041,20,true,35,35
34,nearfield_update,2153869,0.27705041,18,true,24,24
34,nearfield_update,2153870,0.27705041,24,true,11,11
34,nearfield_update,2153871,0.27705041,19,true,38,38
34,nearfield_update,2153872,0.27705041,15,true,59,59
34,nearfield_update,2153873,0.27705041,15,true,60,60
34,nearfield_update,2153874,0.27705041,3,true,51,51
34,nearfield_update,2153875,0.27705041,14,true,61,61
34,nearfield_update,2153876,0.27705041,11,true,54,54
34,nearfield_update,2153877,0.27705041,1,true,49,49
34,nearfield_update,2153878,0.27705041,1,true,57,57
34,nearfield_update,2153879,0.27705041,10,true,63,63
34,nearfield_update,2153880,0.27705041,20,true,5,5
34,nearfield_update,2153881,0.27705041,6,true,52,52
34,nearfield_update,2153882,0.27705041,20,true,41,41
34,nearfield_update,2153883,0.27705041,22,true,4,4
34,nearfield_update,2153884,0.27705041,23,true,14,14
34,nearfield_update,2153886,0.27705041,17,true,28,28
34,nearfield_update,2153887,0.27705041,17,true,19,26
34,nearfield_update,2153888,0.27705041,22,true,0,0
34,nearfield_update,2153889,0.27705041,21,true,33,33
34,nearfield_update,2153890,0.27705041,21,true,32,32
34,nearfield_update,2153891,0.27705041,17,true,26,27
34,nearfield_update,2153892,0.27705041,24,true,15,15
34,nearfield_update,2153893,0.27705041,7,true,50,50
34,nearfield_update,2153894,0.27705041,16,true,16,16
34,nearfield_update,2153895,0.27705041,24,true,12,12
34,nearfield_update,2153896,0.27705041,22,true,40,40
34,nearfield_update,2153897,0.27705041,17,true,27,29
34,nearfield_update,2153898,0.27705041,21,true,44,44
34,nearfield_update,2153899,0.27705041,17,true,30,30
34,nearfield_update,2153900,0.27705041,21,true,46,46
34,nearfield_update,2153901,0.27705041,21,true,34,34
34,nearfield_update,2153902,0.27705041,21,true,45,45
34,nearfield_update,2153903,0.27705041,23,true,13,13
34,nearfield_update,2153904,0.27705041,21,true,47,47
34,nearfield_update,2153905,0.27705041,21,true,36,36
34,nearfield_update,2153906,0.27705041,17,true,23,23
34,nearfield_update,2153907,0.27705041,17,true,29,31
34,nearfield_update,2153908,0.27705041,16,true,18,19
34,nearfield_update,2153909,0.27705041,22,true,39,39
34,nearfield_update,2153910,0.27705041,17,true,22,22
34,nearfield_update,2153911,0.27705041,23,true,9,9
34,nearfield_update,2153912,0.27705041,24,true,3,3
34,nearfield_update,2153913,0.27705041,22,true,2,2
34,nearfield_update,2153914,0.27705041,21,true,43,43
34,nearfield_update,2153915,0.27705041,23,true,8,8
34,nearfield_update,2153916,0.27705041,22,true,10,10
34,nearfield_update,2153917,0.27705041,18,true,21,21
34,nearfield_update,2153918,0.27705041,21,true,42,42
34,nearfield_update,2153919,0.27705041,22,true,7,7
34,nearfield_update,2153920,0.27705041,17,true,20,20
34,nearfield_update,2153921,0.27705041,17,true,18,18
34,nearfield_update,2153922,0.27705041,0,true,61,61
34,nearfield_update,2153923,0.27705041,0,true,7,7
34,nearfield_update,2153924,0.27705041,0,true,3,3
34,nearfield_update,2153925,0.27705041,0,true,50,50
34,nearfield_update,2153926,0.27705041,0,true,31,31
34,nearfield_update,2153927,0.27705041,0,true,27,27
34,nearfield_update,2153928,0.27705041,0,true,60,60
34,nearfield_update,2153929,0.27705041,0,true,51,51
34,nearfield_update,2153930,0.27705041,0,true,1,1
34,nearfield_update,2153931,0.27705041,0,true,58,58
34,nearfield_update,2153932,0.27705041,0,true,16,16
34,nearfield_update,2153933,0.27705041,0,true,10,10
34,nearfield_update,2153934,0.27705041,0,true,2,2
34,nearfield_update,2153935,0.27705041,0,true,62,62
34,nearfield_update,2153936,0.27705041,0,true,56,56
34,nearfield_update,2153937,0.27705041,0,true,59,59
34,nearfield_update,2153938,0.27705041,0,true,11,11
34,nearfield_update,2153939,0.27705041,0,true,48,48
34,nearfield_update,2153940,0.27705041,0,true,57,57
34,nearfield_update,2153941,0.27705041,0,true,53,53
34,nearfield_update,2153942,0.27705041,0,true,5,5
34,nearfield_update,2153943,0.27705041,0,true,19,19
34,nearfield_update,2153944,0.27705041,0,true,4,4
34,nearfield_update,2153945,0.27705041,0,true,55,55
34,nearfield_update,2153946,0.27705041,0,true,41,41
34,nearfield_update,2153947,0.27705041,0,true,42,42
34,nearfield_update,2153948,0.27705041,0,true,52,52
34,nearfield_update,2153949,0.27705041,0,true,54,54
34,nearfield_update,2153950,0.27705041,0,true,40,40
34,nearfield_update,2153951,0.27705041,0,true,15,15
34,nearfield_update,2153952,0.27705041,0,true,14,14
35,fmm,2153836,0.037430856,3,true,58,58
35,fmm,2153854,0.037430856,0,true,11,11
35,fmm,2153858,0.037430856,2,true,56,56
35,fmm,2153859,0.037430856,2,true,17,17
35,fmm,2153860,0.037430856,3,true,48,48
35,fmm,2153861,0.037430856,2,true,37,37
35,fmm,2153862,0.037430856,3,true,55,55
35,fmm,2153863,0.037430856,3,true,62,62
35,fmm,2153864,0.037430856,2,true,6,6
35,fmm,2153865,0.037430856,3,true,53,53
35,fmm,2153866,0.037430856,2,true,31,31
35,fmm,2153867,0.037430856,2,true,25,25
35,fmm,2153868,0.037430856,2,true,35,35
35,fmm,2153869,0.037430856,2,true,24,24
35,fmm,2153870,0.037430856,1,true,11,11
35,fmm,2153871,0.037430856,2,true,38,38
35,fmm,2153872,0.037430856,2,true,59,59
35,fmm,2153873,0.037430856,2,true,60,60
35,fmm,2153874,0.037430856,2,true,51,51
35,fmm,2153875,0.037430856,2,true,61,61
35,fmm,2153876,0.037430856,2,true,54,54
35,fmm,2153877,0.037430856,2,true,49,49
35,fmm,2153878,0.037430856,1,true,57,57
35,fmm,2153879,0.037430856,2,true,63,63
35,fmm,2153880,0.037430856,2,true,5,5
35,fmm,2153881,0.037430856,2,true,52,52
35,fmm,2153882,0.037430856,2,true,41,41
35,fmm,2153883,0.037430856,2,true,4,4
35,fmm,2153884,0.037430856,1,true,14,14
35,fmm,2153886,0.037430856,2,true,28,28
35,fmm,2153887,0.037430856,2,true,26,26
35,fmm,2153888,0.037430856,2,true,0,0
35,fmm,2153889,0.037430856,2,true,33,33
35,fmm,2153890,0.037430856,2,true,32,32
35,fmm,2153891,0.037430856,3,true,27,27
35,fmm,2153892,0.037430856,2,true,15,15
35,fmm,2153893,0.037430856,2,true,50,50
35,fmm,2153894,0.037430856,2,true,16,16
35,fmm,2153895,0.037430856,2,true,12,12
35,fmm,2153896,0.037430856,2,true,40,40
35,fmm,2153897,0.037430856,2,true,29,29
35,fmm,2153898,0.037430856,2,true,44,44
35,fmm,2153899,0.037430856,2,true,30,30
35,fmm,2153900,0.037430856,2,true,46,46
35,fmm,2153901,0.037430856,2,true,34,34
35,fmm,2153902,0.037430856,2,true,45,45
35,fmm,2153903,0.037430856,2,true,13,13
35,fmm,2153904,0.037430856,2,true,47,47
35,fmm,2153905,0.037430856,2,true,36,36
35,fmm,2153906,0.037430856,2,true,23,23
35,fmm,2153907,0.037430856,2,true,31,18
35,fmm,2153908,0.037430856,2,true,19,19
35,fmm,2153909,0.037430856,2,true,39,39
35,fmm,2153910,0.037430856,2,true,22,22
35,fmm,2153911,0.037430856,2,true,9,9
35,fmm,2153912,0.037430856,1,true,3,3
35,fmm,2153913,0.037430856,2,true,2,2
35,fmm,2153914,0.037430856,2,true,43,43
35,fmm,2153915,0.037430856,2,true,8,8
35,fmm,2153916,0.037430856,2,true,10,10
35,fmm,2153917,0.037430856,1,true,21,21
35,fmm,2153918,0.037430856,2,true,42,42
35,fmm,2153919,0.037430856,2,true,7,7
35,fmm,2153920,0.037430856,0,true,20,20
35,fmm,2153921,0.037430856,0,true,18,50
35,fmm,2153922,0.037430856,0,true,61,61
35,fmm,2153923,0.037430856,0,true,7,7
35,fmm,2153924,0.037430856,0,true,3,3
35,fmm,2153925,0.037430856,0,true,50,50
35,fmm,2153926,0.037430856,0,true,31,31
35,fmm,2153927,0.037430856,0,true,27,27
35,fmm,2153928,0.037430856,0,true,60,60
35,fmm,2153929,0.037430856,0,true,51,51
35,fmm,2153930,0.037430856,0,true,1,1
35,fmm,2153931,0.037430856,0,true,58,58
35,fmm,2153932,0.037430856,0,true,16,16
35,fmm,2153933,0.037430856,0,true,10,10
35,fmm,2153934,0.037430856,0,true,2,2
35,fmm,2153935,0.037430856,0,true,62,62
35,fmm,2153936,0.037430856,0,true,56,56
35,fmm,2153937,0.037430856,0,true,59,59
35,fmm,2153938,0.037430856,0,true,11,11
35,fmm,2153939,0.037430856,0,true,48,48
35,fmm,2153940,0.037430856,0,true,57,57
35,fmm,2153941,0.037430856,0,true,53,53
35,fmm,2153942,0.037430856,0,true,5,5
35,fmm,2153943,0.037430856,0,true,19,19
35,fmm,2153944,0.037430856,0,true,4,4
35,fmm,2153945,0.037430856,0,true,55,55
35,fmm,2153946,0.037430856,0,true,41,41
35,fmm,2153947,0.037430856,0,true,42,42
35,fmm,2153948,0.037430856,0,true,52,52
35,fmm,2153949,0.037430856,0,true,54,54
35,fmm,2153950,0.037430856,0,true,40,40
35,fmm,2153951,0.037430856,0,true,15,15
35,fmm,2153952,0.037430856,0,true,14,14
36,influence_mapping,2153836,0.000838121,0,true,58,58
36,influence_mapping,2153854,0.000838121,0,true,11,11
36,influence_mapping,2153858,0.000838121,0,true,56,56
36,influence_mapping,2153859,0.000838121,0,true,17,17
36,influence_mapping,2153860,0.000838121,0,true,48,48
36,influence_mapping,2153861,0.000838121,0,true,37,37
36,influence_mapping,2153862,0.000838121,0,true,55,55
36,influence_mapping,2153863,0.000838121,0,true,62,62
36,influence_mapping,2153864,0.000838121,0,true,6,6
36,influence_mapping,2153865,0.000838121,0,true,53,53
36,influence_mapping,2153866,0.000838121,0,true,31,31
36,influence_mapping,2153867,0.000838121,0,true,25,25
36,influence_mapping,2153868,0.000838121,0,true,35,35
36,influence_mapping,2153869,0.000838121,0,true,24,24
36,influence_mapping,2153870,0.000838121,0,true,11,11
36,influence_mapping,2153871,0.000838121,0,true,38,38
36,influence_mapping,2153872,0.000838121,0,true,59,59
36,influence_mapping,2153873,0.000838121,0,true,60,60
36,influence_mapping,2153874,0.000838121,0,true,51,51
36,influence_mapping,2153875,0.000838121,0,true,61,61
36,influence_mapping,2153876,0.000838121,0,true,54,54
36,influence_mapping,2153877,0.000838121,0,true,49,49
36,influence_mapping,2153878,0.000838121,0,true,57,57
36,influence_mapping,2153879,0.000838121,0,true,63,63
36,influence_mapping,2153880,0.000838121,0,true,5,5
36,influence_mapping,2153881,0.000838121,0,true,52,52
36,influence_mapping,2153882,0.000838121,0,true,41,41
36,influence_mapping,2153883,0.000838121,0,true,4,4
36,influence_mapping,2153884,0.000838121,0,true,14,14
36,influence_mapping,2153886,0.000838121,0,true,28,28
36,influence_mapping,2153887,0.000838121,0,true,26,26
36,influence_mapping,2153888,0.000838121,0,true,0,0
36,influence_mapping,2153889,0.000838121,0,true,33,33
36,influence_mapping,2153890,0.000838121,0,true,32,32
36,influence_mapping,2153891,0.000838121,0,true,27,27
36,influence_mapping,2153892,0.000838121,0,true,15,15
36,influence_mapping,2153893,0.000838121,0,true,50,50
36,influence_mapping,2153894,0.000838121,0,true,16,16
36,influence_mapping,2153895,0.000838121,0,true,12,12
36,influence_mapping,2153896,0.000838121,0,true,40,40
36,influence_mapping,2153897,0.000838121,0,true,29,29
36,influence_mapping,2153898,0.000838121,0,true,44,44
36,influence_mapping,2153899,0.000838121,0,true,30,30
36,influence_mapping,2153900,0.000838121,0,true,46,46
36,influence_mapping,2153901,0.000838121,0,true,34,34
36,influence_mapping,2153902,0.000838121,0,true,45,45
36,influence_mapping,2153903,0.000838121,0,true,13,13
36,influence_mapping,2153904,0.000838121,0,true,47,47
36,influence_mapping,2153905,0.000838121,0,true,36,36
36,influence_mapping,2153906,0.000838121,0,true,23,23
36,influence_mapping,2153907,0.000838121,0,true,18,18
36,influence_mapping,2153908,0.000838121,0,true,19,19
36,influence_mapping,2153909,0.000838121,0,true,39,39
36,influence_mapping,2153910,0.000838121,0,true,22,22
36,influence_mapping,2153911,0.000838121,0,true,9,9
36,influence_mapping,2153912,0.000838121,0,true,3,3
36,influence_mapping,2153913,0.000838121,0,true,2,2
36,influence_mapping,2153914,0.000838121,0,true,43,43
36,influence_mapping,2153915,0.000838121,0,true,8,8
36,influence_mapping,2153916,0.000838121,0,true,10,10
36,influence_mapping,2153917,0.000838121,0,true,21,21
36,influence_mapping,2153918,0.000838121,0,true,42,42
36,influence_mapping,2153919,0.000838121,0,true,7,7
36,influence_mapping,2153920,0.000838121,0,true,20,20
36,influence_mapping,2153921,0.000838121,0,true,50,50
36,influence_mapping,2153922,0.000838121,0,true,61,61
36,influence_mapping,2153923,0.000838121,0,true,7,7
36,influence_mapping,2153924,0.000838121,0,true,3,3
36,influence_mapping,2153925,0.000838121,0,true,50,50
36,influence_mapping,2153926,0.000838121,0,true,31,31
36,influence_mapping,2153927,0.000838121,0,true,27,27
36,influence_mapping,2153928,0.000838121,0,true,60,60
36,influence_mapping,2153929,0.000838121,0,true,51,51
36,influence_mapping,2153930,0.000838121,0,true,1,1
36,influence_mapping,2153931,0.000838121,0,true,58,58
36,influence_mapping,2153932,0.000838121,0,true,16,16
36,influence_mapping,2153933,0.000838121,0,true,10,10
36,influence_mapping,2153934,0.000838121,0,true,2,2
36,influence_mapping,2153935,0.000838121,0,true,62,62
36,influence_mapping,2153936,0.000838121,0,true,56,56
36,influence_mapping,2153937,0.000838121,0,true,59,59
36,influence_mapping,2153938,0.000838121,0,true,11,11
36,influence_mapping,2153939,0.000838121,0,true,48,48
36,influence_mapping,2153940,0.000838121,0,true,57,57
36,influence_mapping,2153941,0.000838121,0,true,53,53
36,influence_mapping,2153942,0.000838121,0,true,5,5
36,influence_mapping,2153943,0.000838121,0,true,19,19
36,influence_mapping,2153944,0.000838121,0,true,4,4
36,influence_mapping,2153945,0.000838121,0,true,55,55
36,influence_mapping,2153946,0.000838121,0,true,41,41
36,influence_mapping,2153947,0.000838121,0,true,42,42
36,influence_mapping,2153948,0.000838121,0,true,52,52
36,influence_mapping,2153949,0.000838121,0,true,54,54
36,influence_mapping,2153950,0.000838121,0,true,40,40
36,influence_mapping,2153951,0.000838121,0,true,15,15
36,influence_mapping,2153952,0.000838121,0,true,14,14
37,residual,2153836,0.005626347,1,true,58,58
37,residual,2153854,0.005626347,0,true,11,11
37,residual,2153858,0.005626347,0,true,56,56
37,residual,2153859,0.005626347,0,true,17,17
37,residual,2153860,0.005626347,0,true,48,48
37,residual,2153861,0.005626347,0,true,37,37
37,residual,2153862,0.005626347,0,true,55,55
37,residual,2153863,0.005626347,0,true,62,62
37,residual,2153864,0.005626347,0,true,6,6
37,residual,2153865,0.005626347,0,true,53,53
37,residual,2153866,0.005626347,0,true,31,31
37,residual,2153867,0.005626347,0,true,25,25
37,residual,2153868,0.005626347,0,true,35,35
37,residual,2153869,0.005626347,0,true,24,24
37,residual,2153870,0.005626347,0,true,11,11
37,residual,2153871,0.005626347,0,true,38,38
37,residual,2153872,0.005626347,0,true,59,59
37,residual,2153873,0.005626347,0,true,60,60
37,residual,2153874,0.005626347,0,true,51,51
37,residual,2153875,0.005626347,0,true,61,61
37,residual,2153876,0.005626347,0,true,54,54
37,residual,2153877,0.005626347,0,true,49,49
37,residual,2153878,0.005626347,0,true,57,57
37,residual,2153879,0.005626347,0,true,63,63
37,residual,2153880,0.005626347,0,true,5,5
37,residual,2153881,0.005626347,0,true,52,52
37,residual,2153882,0.005626347,0,true,41,41
37,residual,2153883,0.005626347,0,true,4,4
37,residual,2153884,0.005626347,0,true,14,14
37,residual,2153886,0.005626347,0,true,28,28
37,residual,2153887,0.005626347,0,true,26,26
37,residual,2153888,0.005626347,0,true,0,0
37,residual,2153889,0.005626347,0,true,33,33
37,residual,2153890,0.005626347,0,true,32,32
37,residual,2153891,0.005626347,0,true,27,27
37,residual,2153892,0.005626347,0,true,15,15
37,residual,2153893,0.005626347,0,true,50,50
37,residual,2153894,0.005626347,0,true,16,16
37,residual,2153895,0.005626347,0,true,12,12
37,residual,2153896,0.005626347,0,true,40,40
37,residual,2153897,0.005626347,0,true,29,29
37,residual,2153898,0.005626347,0,true,44,44
37,residual,2153899,0.005626347,0,true,30,30
37,residual,2153900,0.005626347,0,true,46,46
37,residual,2153901,0.005626347,0,true,34,34
37,residual,2153902,0.005626347,0,true,45,45
37,residual,2153903,0.005626347,0,true,13,13
37,residual,2153904,0.005626347,0,true,47,47
37,residual,2153905,0.005626347,0,true,36,36
37,residual,2153906,0.005626347,0,true,23,23
37,residual,2153907,0.005626347,0,true,18,18
37,residual,2153908,0.005626347,0,true,19,19
37,residual,2153909,0.005626347,0,true,39,39
37,residual,2153910,0.005626347,0,true,22,22
37,residual,2153911,0.005626347,0,true,9,9
37,residual,2153912,0.005626347,0,true,3,3
37,residual,2153913,0.005626347,0,true,2,2
37,residual,2153914,0.005626347,0,true,43,43
37,residual,2153915,0.005626347,0,true,8,8
37,residual,2153916,0.005626347,0,true,10,10
37,residual,2153917,0.005626347,0,true,21,21
37,residual,2153918,0.005626347,0,true,42,42
37,residual,2153919,0.005626347,0,true,7,7
37,residual,2153920,0.005626347,0,true,20,20
37,residual,2153921,0.005626347,0,true,50,50
37,residual,2153922,0.005626347,0,true,61,61
37,residual,2153923,0.005626347,0,true,7,7
37,residual,2153924,0.005626347,0,true,3,3
37,residual,2153925,0.005626347,0,true,50,50
37,residual,2153926,0.005626347,0,true,31,31
37,residual,2153927,0.005626347,0,true,27,27
37,residual,2153928,0.005626347,0,true,60,60
37,residual,2153929,0.005626347,0,true,51,51
37,residual,2153930,0.005626347,0,true,1,1
37,residual,2153931,0.005626347,0,true,58,58
37,residual,2153932,0.005626347,0,true,16,16
37,residual,2153933,0.005626347,0,true,10,10
37,residual,2153934,0.005626347,0,true,2,2
37,residual,2153935,0.005626347,0,true,62,62
37,residual,2153936,0.005626347,0,true,56,56
37,residual,2153937,0.005626347,0,true,59,59
37,residual,2153938,0.005626347,0,true,11,11
37,residual,2153939,0.005626347,0,true,48,48
37,residual,2153940,0.005626347,0,true,57,57
37,residual,2153941,0.005626347,0,true,53,53
37,residual,2153942,0.005626347,0,true,5,5
37,residual,2153943,0.005626347,0,true,19,19
37,residual,2153944,0.005626347,0,true,4,4
37,residual,2153945,0.005626347,0,true,55,55
37,residual,2153946,0.005626347,0,true,41,41
37,residual,2153947,0.005626347,0,true,42,42
37,residual,2153948,0.005626347,0,true,52,52
37,residual,2153949,0.005626347,0,true,54,54
37,residual,2153950,0.005626347,0,true,40,40
37,residual,2153951,0.005626347,0,true,15,15
37,residual,2153952,0.005626347,0,true,14,14
38,nearfield_update,2153836,0.276915397,20,true,58,57
38,nearfield_update,2153854,0.276915397,0,true,11,11
38,nearfield_update,2153858,0.276915397,15,true,56,56
38,nearfield_update,2153859,0.276915397,5,true,17,17
38,nearfield_update,2153860,0.276915397,11,true,48,48
38,nearfield_update,2153861,0.276915397,24,true,37,37
38,nearfield_update,2153862,0.276915397,7,true,55,55
38,nearfield_update,2153863,0.276915397,11,true,62,62
38,nearfield_update,2153864,0.276915397,20,true,6,6
38,nearfield_update,2153865,0.276915397,1,true,53,53
38,nearfield_update,2153866,0.276915397,1,true,31,31
38,nearfield_update,2153867,0.276915397,17,true,25,25
38,nearfield_update,2153868,0.276915397,20,true,35,35
38,nearfield_update,2153869,0.276915397,18,true,24,24
38,nearfield_update,2153870,0.276915397,24,true,11,11
38,nearfield_update,2153871,0.276915397,18,true,38,38
38,nearfield_update,2153872,0.276915397,16,true,59,59
38,nearfield_update,2153873,0.276915397,16,true,60,60
38,nearfield_update,2153874,0.276915397,3,true,51,51
38,nearfield_update,2153875,0.276915397,15,true,61,61
38,nearfield_update,2153876,0.276915397,11,true,54,54
38,nearfield_update,2153877,0.276915397,2,true,49,49
38,nearfield_update,2153878,0.276915397,2,true,57,58
38,nearfield_update,2153879,0.276915397,11,true,63,63
38,nearfield_update,2153880,0.276915397,21,true,5,5
38,nearfield_update,2153881,0.276915397,6,true,52,52
38,nearfield_update,2153882,0.276915397,21,true,41,41
38,nearfield_update,2153883,0.276915397,23,true,4,4
38,nearfield_update,2153884,0.276915397,24,true,14,14
38,nearfield_update,2153886,0.276915397,17,true,28,28
38,nearfield_update,2153887,0.276915397,17,true,26,26
38,nearfield_update,2153888,0.276915397,22,true,0,0
38,nearfield_update,2153889,0.276915397,21,true,33,33
38,nearfield_update,2153890,0.276915397,20,true,32,32
38,nearfield_update,2153891,0.276915397,17,true,27,27
38,nearfield_update,2153892,0.276915397,23,true,15,15
38,nearfield_update,2153893,0.276915397,8,true,50,50
38,nearfield_update,2153894,0.276915397,18,true,16,16
38,nearfield_update,2153895,0.276915397,22,true,12,12
38,nearfield_update,2153896,0.276915397,21,true,40,40
38,nearfield_update,2153897,0.276915397,17,true,29,29
38,nearfield_update,2153898,0.276915397,21,true,44,44
38,nearfield_update,2153899,0.276915397,17,true,30,30
38,nearfield_update,2153900,0.276915397,21,true,46,46
38,nearfield_update,2153901,0.276915397,20,true,34,34
38,nearfield_update,2153902,0.276915397,21,true,45,45
38,nearfield_update,2153903,0.276915397,23,true,13,13
38,nearfield_update,2153904,0.276915397,21,true,47,47
38,nearfield_update,2153905,0.276915397,21,true,36,36
38,nearfield_update,2153906,0.276915397,17,true,23,23
38,nearfield_update,2153907,0.276915397,17,true,18,18
38,nearfield_update,2153908,0.276915397,17,true,19,19
38,nearfield_update,2153909,0.276915397,21,true,39,39
38,nearfield_update,2153910,0.276915397,17,true,22,22
38,nearfield_update,2153911,0.276915397,23,true,9,9
38,nearfield_update,2153912,0.276915397,23,true,3,3
38,nearfield_update,2153913,0.276915397,22,true,2,2
38,nearfield_update,2153914,0.276915397,22,true,43,43
38,nearfield_update,2153915,0.276915397,23,true,8,8
38,nearfield_update,2153916,0.276915397,24,true,10,10
38,nearfield_update,2153917,0.276915397,17,true,21,21
38,nearfield_update,2153918,0.276915397,21,true,42,42
38,nearfield_update,2153919,0.276915397,21,true,7,7
38,nearfield_update,2153920,0.276915397,18,true,20,20
38,nearfield_update,2153921,0.276915397,12,true,50,58
38,nearfield_update,2153922,0.276915397,0,true,61,61
38,nearfield_update,2153923,0.276915397,0,true,7,7
38,nearfield_update,2153924,0.276915397,0,true,3,3
38,nearfield_update,2153925,0.276915397,0,true,50,50
38,nearfield_update,2153926,0.276915397,0,true,31,31
38,nearfield_update,2153927,0.276915397,0,true,27,27
38,nearfield_update,2153928,0.276915397,0,true,60,60
38,nearfield_update,2153929,0.276915397,0,true,51,51
38,nearfield_update,2153930,0.276915397,0,true,1,1
38,nearfield_update,2153931,0.276915397,0,true,58,58
38,nearfield_update,2153932,0.276915397,0,true,16,16
38,nearfield_update,2153933,0.276915397,0,true,10,10
38,nearfield_update,2153934,0.276915397,0,true,2,2
38,nearfield_update,2153935,0.276915397,0,true,62,62
38,nearfield_update,2153936,0.276915397,0,true,56,56
38,nearfield_update,2153937,0.276915397,0,true,59,59
38,nearfield_update,2153938,0.276915397,0,true,11,11
38,nearfield_update,2153939,0.276915397,0,true,48,48
38,nearfield_update,2153940,0.276915397,0,true,57,57
38,nearfield_update,2153941,0.276915397,0,true,53,53
38,nearfield_update,2153942,0.276915397,0,true,5,5
38,nearfield_update,2153943,0.276915397,0,true,19,19
38,nearfield_update,2153944,0.276915397,0,true,4,4
38,nearfield_update,2153945,0.276915397,0,true,55,55
38,nearfield_update,2153946,0.276915397,0,true,41,41
38,nearfield_update,2153947,0.276915397,0,true,42,42
38,nearfield_update,2153948,0.276915397,0,true,52,52
38,nearfield_update,2153949,0.276915397,0,true,54,54
38,nearfield_update,2153950,0.276915397,0,true,40,40
38,nearfield_update,2153951,0.276915397,0,true,15,15
38,nearfield_update,2153952,0.276915397,0,true,14,14
39,fmm,2153836,0.038070254,3,true,57,57
39,fmm,2153854,0.038070254,0,true,11,11
39,fmm,2153858,0.038070254,2,true,56,56
39,fmm,2153859,0.038070254,3,true,17,17
39,fmm,2153860,0.038070254,2,true,48,48
39,fmm,2153861,0.038070254,3,true,37,37
39,fmm,2153862,0.038070254,2,true,55,55
39,fmm,2153863,0.038070254,2,true,62,63
39,fmm,2153864,0.038070254,2,true,6,6
39,fmm,2153865,0.038070254,3,true,53,53
39,fmm,2153866,0.038070254,2,true,31,31
39,fmm,2153867,0.038070254,2,true,25,25
39,fmm,2153868,0.038070254,2,true,35,35
39,fmm,2153869,0.038070254,2,true,24,24
39,fmm,2153870,0.038070254,2,true,11,11
39,fmm,2153871,0.038070254,2,true,38,38
39,fmm,2153872,0.038070254,2,true,59,59
39,fmm,2153873,0.038070254,2,true,60,60
39,fmm,2153874,0.038070254,2,true,51,51
39,fmm,2153875,0.038070254,1,true,61,61
39,fmm,2153876,0.038070254,2,true,54,54
39,fmm,2153877,0.038070254,1,true,49,49
39,fmm,2153878,0.038070254,1,true,58,58
39,fmm,2153879,0.038070254,2,true,63,62
39,fmm,2153880,0.038070254,2,true,5,5
39,fmm,2153881,0.038070254,2,true,52,52
39,fmm,2153882,0.038070254,2,true,41,41
39,fmm,2153883,0.038070254,2,true,4,4
39,fmm,2153884,0.038070254,2,true,14,14
39,fmm,2153886,0.038070254,2,true,28,28
39,fmm,2153887,0.038070254,2,true,26,26
39,fmm,2153888,0.038070254,2,true,0,0
39,fmm,2153889,0.038070254,2,true,33,33
39,fmm,2153890,0.038070254,2,true,32,32
39,fmm,2153891,0.038070254,1,true,27,27
39,fmm,2153892,0.038070254,2,true,15,15
39,fmm,2153893,0.038070254,2,true,50,50
39,fmm,2153894,0.038070254,2,true,16,16
39,fmm,2153895,0.038070254,2,true,12,12
39,fmm,2153896,0.038070254,2,true,40,40
39,fmm,2153897,0.038070254,2,true,29,29
39,fmm,2153898,0.038070254,2,true,44,44
39,fmm,2153899,0.038070254,2,true,30,30
39,fmm,2153900,0.038070254,2,true,46,46
39,fmm,2153901,0.038070254,2,true,34,34
39,fmm,2153902,0.038070254,2,true,45,45
39,fmm,2153903,0.038070254,2,true,13,13
39,fmm,2153904,0.038070254,2,true,47,47
39,fmm,2153905,0.038070254,2,true,36,36
39,fmm,2153906,0.038070254,2,true,23,23
39,fmm,2153907,0.038070254,2,true,18,18
39,fmm,2153908,0.038070254,2,true,19,19
39,fmm,2153909,0.038070254,2,true,39,39
39,fmm,2153910,0.038070254,2,true,22,22
39,fmm,2153911,0.038070254,2,true,9,9
39,fmm,2153912,0.038070254,1,true,3,3
39,fmm,2153913,0.038070254,2,true,2,2
39,fmm,2153914,0.038070254,2,true,43,43
39,fmm,2153915,0.038070254,2,true,8,8
39,fmm,2153916,0.038070254,1,true,10,10
39,fmm,2153917,0.038070254,1,true,21,21
39,fmm,2153918,0.038070254,1,true,42,42
39,fmm,2153919,0.038070254,2,true,7,7
39,fmm,2153920,0.038070254,0,true,20,20
39,fmm,2153921,0.038070254,0,true,58,62
39,fmm,2153922,0.038070254,0,true,61,61
39,fmm,2153923,0.038070254,0,true,7,7
39,fmm,2153924,0.038070254,0,true,3,3
39,fmm,2153925,0.038070254,0,true,50,50
39,fmm,2153926,0.038070254,0,true,31,31
39,fmm,2153927,0.038070254,0,true,27,27
39,fmm,2153928,0.038070254,0,true,60,60
39,fmm,2153929,0.038070254,0,true,51,51
39,fmm,2153930,0.038070254,0,true,1,1
39,fmm,2153931,0.038070254,0,true,58,58
39,fmm,2153932,0.038070254,0,true,16,16
39,fmm,2153933,0.038070254,0,true,10,10
39,fmm,2153934,0.038070254,0,true,2,2
39,fmm,2153935,0.038070254,0,true,62,62
39,fmm,2153936,0.038070254,0,true,56,56
39,fmm,2153937,0.038070254,0,true,59,59
39,fmm,2153938,0.038070254,0,true,11,11
39,fmm,2153939,0.038070254,0,true,48,48
39,fmm,2153940,0.038070254,0,true,57,57
39,fmm,2153941,0.038070254,0,true,53,53
39,fmm,2153942,0.038070254,0,true,5,5
39,fmm,2153943,0.038070254,0,true,19,19
39,fmm,2153944,0.038070254,0,true,4,4
39,fmm,2153945,0.038070254,0,true,55,55
39,fmm,2153946,0.038070254,0,true,41,41
39,fmm,2153947,0.038070254,0,true,42,42
39,fmm,2153948,0.038070254,0,true,52,52
39,fmm,2153949,0.038070254,0,true,54,54
39,fmm,2153950,0.038070254,0,true,40,40
39,fmm,2153951,0.038070254,0,true,15,15
39,fmm,2153952,0.038070254,0,true,14,14
40,influence_mapping,2153836,0.000948959,0,true,57,57
40,influence_mapping,2153854,0.000948959,0,true,11,11
40,influence_mapping,2153858,0.000948959,0,true,56,56
40,influence_mapping,2153859,0.000948959,0,true,17,17
40,influence_mapping,2153860,0.000948959,0,true,48,48
40,influence_mapping,2153861,0.000948959,0,true,37,37
40,influence_mapping,2153862,0.000948959,0,true,55,55
40,influence_mapping,2153863,0.000948959,0,true,63,63
40,influence_mapping,2153864,0.000948959,0,true,6,6
40,influence_mapping,2153865,0.000948959,0,true,53,53
40,influence_mapping,2153866,0.000948959,0,true,31,31
40,influence_mapping,2153867,0.000948959,0,true,25,25
40,influence_mapping,2153868,0.000948959,0,true,35,35
40,influence_mapping,2153869,0.000948959,0,true,24,24
40,influence_mapping,2153870,0.000948959,0,true,11,11
40,influence_mapping,2153871,0.000948959,0,true,38,38
40,influence_mapping,2153872,0.000948959,0,true,59,59
40,influence_mapping,2153873,0.000948959,0,true,60,60
40,influence_mapping,2153874,0.000948959,0,true,51,51
40,influence_mapping,2153875,0.000948959,0,true,61,61
40,influence_mapping,2153876,0.000948959,0,true,54,54
40,influence_mapping,2153877,0.000948959,0,true,49,49
40,influence_mapping,2153878,0.000948959,0,true,58,58
40,influence_mapping,2153879,0.000948959,0,true,62,62
40,influence_mapping,2153880,0.000948959,0,true,5,5
40,influence_mapping,2153881,0.000948959,0,true,52,52
40,influence_mapping,2153882,0.000948959,0,true,41,41
40,influence_mapping,2153883,0.000948959,0,true,4,4
40,influence_mapping,2153884,0.000948959,0,true,14,14
40,influence_mapping,2153886,0.000948959,0,true,28,28
40,influence_mapping,2153887,0.000948959,0,true,26,26
40,influence_mapping,2153888,0.000948959,0,true,0,0
40,influence_mapping,2153889,0.000948959,0,true,33,33
40,influence_mapping,2153890,0.000948959,0,true,32,32
40,influence_mapping,2153891,0.000948959,0,true,27,27
40,influence_mapping,2153892,0.000948959,0,true,15,15
40,influence_mapping,2153893,0.000948959,0,true,50,50
40,influence_mapping,2153894,0.000948959,0,true,16,16
40,influence_mapping,2153895,0.000948959,0,true,12,12
40,influence_mapping,2153896,0.000948959,0,true,40,40
40,influence_mapping,2153897,0.000948959,0,true,29,29
40,influence_mapping,2153898,0.000948959,0,true,44,44
40,influence_mapping,2153899,0.000948959,0,true,30,30
40,influence_mapping,2153900,0.000948959,0,true,46,46
40,influence_mapping,2153901,0.000948959,0,true,34,34
40,influence_mapping,2153902,0.000948959,0,true,45,45
40,influence_mapping,2153903,0.000948959,0,true,13,13
40,influence_mapping,2153904,0.000948959,0,true,47,47
40,influence_mapping,2153905,0.000948959,0,true,36,36
40,influence_mapping,2153906,0.000948959,0,true,23,23
40,influence_mapping,2153907,0.000948959,0,true,18,18
40,influence_mapping,2153908,0.000948959,0,true,19,19
40,influence_mapping,2153909,0.000948959,0,true,39,39
40,influence_mapping,2153910,0.000948959,0,true,22,22
40,influence_mapping,2153911,0.000948959,0,true,9,9
40,influence_mapping,2153912,0.000948959,0,true,3,3
40,influence_mapping,2153913,0.000948959,0,true,2,2
40,influence_mapping,2153914,0.000948959,0,true,43,43
40,influence_mapping,2153915,0.000948959,0,true,8,8
40,influence_mapping,2153916,0.000948959,0,true,10,10
40,influence_mapping,2153917,0.000948959,0,true,21,21
40,influence_mapping,2153918,0.000948959,0,true,42,42
40,influence_mapping,2153919,0.000948959,0,true,7,7
40,influence_mapping,2153920,0.000948959,0,true,20,20
40,influence_mapping,2153921,0.000948959,0,true,62,62
40,influence_mapping,2153922,0.000948959,0,true,61,61
40,influence_mapping,2153923,0.000948959,0,true,7,7
40,influence_mapping,2153924,0.000948959,0,true,3,3
40,influence_mapping,2153925,0.000948959,0,true,50,50
40,influence_mapping,2153926,0.000948959,0,true,31,31
40,influence_mapping,2153927,0.000948959,0,true,27,27
40,influence_mapping,2153928,0.000948959,0,true,60,60
40,influence_mapping,2153929,0.000948959,0,true,51,51
40,influence_mapping,2153930,0.000948959,0,true,1,1
40,influence_mapping,2153931,0.000948959,0,true,58,58
40,influence_mapping,2153932,0.000948959,0,true,16,16
40,influence_mapping,2153933,0.000948959,0,true,10,10
40,influence_mapping,2153934,0.000948959,0,true,2,2
40,influence_mapping,2153935,0.000948959,0,true,62,62
40,influence_mapping,2153936,0.000948959,0,true,56,56
40,influence_mapping,2153937,0.000948959,0,true,59,59
40,influence_mapping,2153938,0.000948959,0,true,11,11
40,influence_mapping,2153939,0.000948959,0,true,48,48
40,influence_mapping,2153940,0.000948959,0,true,57,57
40,influence_mapping,2153941,0.000948959,0,true,53,53
40,influence_mapping,2153942,0.000948959,0,true,5,5
40,influence_mapping,2153943,0.000948959,0,true,19,19
40,influence_mapping,2153944,0.000948959,0,true,4,4
40,influence_mapping,2153945,0.000948959,0,true,55,55
40,influence_mapping,2153946,0.000948959,0,true,41,41
40,influence_mapping,2153947,0.000948959,0,true,42,42
40,influence_mapping,2153948,0.000948959,0,true,52,52
40,influence_mapping,2153949,0.000948959,0,true,54,54
40,influence_mapping,2153950,0.000948959,0,true,40,40
40,influence_mapping,2153951,0.000948959,0,true,15,15
40,influence_mapping,2153952,0.000948959,0,true,14,14
41,residual,2153836,0.004721682,0,true,57,57
41,residual,2153854,0.004721682,0,true,11,11
41,residual,2153858,0.004721682,0,true,56,56
41,residual,2153859,0.004721682,0,true,17,17
41,residual,2153860,0.004721682,0,true,48,48
41,residual,2153861,0.004721682,0,true,37,37
41,residual,2153862,0.004721682,0,true,55,55
41,residual,2153863,0.004721682,0,true,63,63
41,residual,2153864,0.004721682,0,true,6,6
41,residual,2153865,0.004721682,0,true,53,53
41,residual,2153866,0.004721682,0,true,31,31
41,residual,2153867,0.004721682,0,true,25,25
41,residual,2153868,0.004721682,0,true,35,35
41,residual,2153869,0.004721682,0,true,24,24
41,residual,2153870,0.004721682,0,true,11,11
41,residual,2153871,0.004721682,0,true,38,38
41,residual,2153872,0.004721682,0,true,59,59
41,residual,2153873,0.004721682,0,true,60,60
41,residual,2153874,0.004721682,0,true,51,51
41,residual,2153875,0.004721682,0,true,61,61
41,residual,2153876,0.004721682,0,true,54,54
41,residual,2153877,0.004721682,0,true,49,49
41,residual,2153878,0.004721682,0,true,58,58
41,residual,2153879,0.004721682,0,true,62,62
41,residual,2153880,0.004721682,0,true,5,5
41,residual,2153881,0.004721682,0,true,52,52
41,residual,2153882,0.004721682,0,true,41,41
41,residual,2153883,0.004721682,0,true,4,4
41,residual,2153884,0.004721682,0,true,14,14
41,residual,2153886,0.004721682,0,true,28,28
41,residual,2153887,0.004721682,0,true,26,26
41,residual,2153888,0.004721682,0,true,0,0
41,residual,2153889,0.004721682,0,true,33,33
41,residual,2153890,0.004721682,0,true,32,32
41,residual,2153891,0.004721682,0,true,27,27
41,residual,2153892,0.004721682,0,true,15,15
41,residual,2153893,0.004721682,0,true,50,50
41,residual,2153894,0.004721682,0,true,16,16
41,residual,2153895,0.004721682,0,true,12,12
41,residual,2153896,0.004721682,0,true,40,40
41,residual,2153897,0.004721682,0,true,29,29
41,residual,2153898,0.004721682,0,true,44,44
41,residual,2153899,0.004721682,0,true,30,30
41,residual,2153900,0.004721682,0,true,46,46
41,residual,2153901,0.004721682,0,true,34,34
41,residual,2153902,0.004721682,0,true,45,45
41,residual,2153903,0.004721682,0,true,13,13
41,residual,2153904,0.004721682,0,true,47,47
41,residual,2153905,0.004721682,0,true,36,36
41,residual,2153906,0.004721682,0,true,23,23
41,residual,2153907,0.004721682,0,true,18,18
41,residual,2153908,0.004721682,0,true,19,19
41,residual,2153909,0.004721682,0,true,39,39
41,residual,2153910,0.004721682,0,true,22,22
41,residual,2153911,0.004721682,0,true,9,9
41,residual,2153912,0.004721682,0,true,3,3
41,residual,2153913,0.004721682,0,true,2,2
41,residual,2153914,0.004721682,0,true,43,43
41,residual,2153915,0.004721682,0,true,8,8
41,residual,2153916,0.004721682,0,true,10,10
41,residual,2153917,0.004721682,0,true,21,21
41,residual,2153918,0.004721682,0,true,42,42
41,residual,2153919,0.004721682,0,true,7,7
41,residual,2153920,0.004721682,0,true,20,20
41,residual,2153921,0.004721682,0,true,62,62
41,residual,2153922,0.004721682,0,true,61,61
41,residual,2153923,0.004721682,0,true,7,7
41,residual,2153924,0.004721682,0,true,3,3
41,residual,2153925,0.004721682,0,true,50,50
41,residual,2153926,0.004721682,0,true,31,31
41,residual,2153927,0.004721682,0,true,27,27
41,residual,2153928,0.004721682,0,true,60,60
41,residual,2153929,0.004721682,0,true,51,51
41,residual,2153930,0.004721682,0,true,1,1
41,residual,2153931,0.004721682,0,true,58,58
41,residual,2153932,0.004721682,0,true,16,16
41,residual,2153933,0.004721682,0,true,10,10
41,residual,2153934,0.004721682,0,true,2,2
41,residual,2153935,0.004721682,0,true,62,62
41,residual,2153936,0.004721682,0,true,56,56
41,residual,2153937,0.004721682,0,true,59,59
41,residual,2153938,0.004721682,0,true,11,11
41,residual,2153939,0.004721682,0,true,48,48
41,residual,2153940,0.004721682,0,true,57,57
41,residual,2153941,0.004721682,0,true,53,53
41,residual,2153942,0.004721682,0,true,5,5
41,residual,2153943,0.004721682,0,true,19,19
41,residual,2153944,0.004721682,0,true,4,4
41,residual,2153945,0.004721682,0,true,55,55
41,residual,2153946,0.004721682,0,true,41,41
41,residual,2153947,0.004721682,0,true,42,42
41,residual,2153948,0.004721682,0,true,52,52
41,residual,2153949,0.004721682,0,true,54,54
41,residual,2153950,0.004721682,0,true,40,40
41,residual,2153951,0.004721682,0,true,15,15
41,residual,2153952,0.004721682,0,true,14,14
42,nearfield_update,2153836,0.282077474,21,true,57,57
42,nearfield_update,2153854,0.282077474,0,true,11,11
42,nearfield_update,2153858,0.282077474,15,true,56,56
42,nearfield_update,2153859,0.282077474,4,true,17,17
42,nearfield_update,2153860,0.282077474,11,true,48,48
42,nearfield_update,2153861,0.282077474,24,true,37,37
42,nearfield_update,2153862,0.282077474,6,true,55,55
42,nearfield_update,2153863,0.282077474,11,true,63,58
42,nearfield_update,2153864,0.282077474,21,true,6,6
42,nearfield_update,2153865,0.282077474,2,true,53,53
42,nearfield_update,2153866,0.282077474,1,true,31,31
42,nearfield_update,2153867,0.282077474,18,true,25,25
42,nearfield_update,2153868,0.282077474,20,true,35,35
42,nearfield_update,2153869,0.282077474,17,true,24,24
42,nearfield_update,2153870,0.282077474,24,true,11,11
42,nearfield_update,2153871,0.282077474,19,true,38,38
42,nearfield_update,2153872,0.282077474,16,true,59,59
42,nearfield_update,2153873,0.282077474,16,true,60,60
42,nearfield_update,2153874,0.282077474,2,true,51,51
42,nearfield_update,2153875,0.282077474,15,true,61,61
42,nearfield_update,2153876,0.282077474,12,true,54,54
42,nearfield_update,2153877,0.282077474,2,true,49,49
42,nearfield_update,2153878,0.282077474,1,true,58,58
42,nearfield_update,2153879,0.282077474,11,true,62,62
42,nearfield_update,2153880,0.282077474,21,true,5,5
42,nearfield_update,2153881,0.282077474,6,true,52,52
42,nearfield_update,2153882,0.282077474,21,true,41,41
42,nearfield_update,2153883,0.282077474,22,true,4,4
42,nearfield_update,2153884,0.282077474,23,true,14,14
42,nearfield_update,2153886,0.282077474,17,true,28,28
42,nearfield_update,2153887,0.282077474,17,true,26,26
42,nearfield_update,2153888,0.282077474,23,true,0,0
42,nearfield_update,2153889,0.282077474,21,true,33,33
42,nearfield_update,2153890,0.282077474,21,true,32,32
42,nearfield_update,2153891,0.282077474,17,true,27,27
42,nearfield_update,2153892,0.282077474,23,true,15,15
42,nearfield_update,2153893,0.282077474,8,true,50,50
42,nearfield_update,2153894,0.282077474,17,true,16,16
42,nearfield_update,2153895,0.282077474,23,true,12,12
42,nearfield_update,2153896,0.282077474,21,true,40,40
42,nearfield_update,2153897,0.282077474,16,true,29,29
42,nearfield_update,2153898,0.282077474,21,true,44,44
42,nearfield_update,2153899,0.282077474,17,true,30,30
42,nearfield_update,2153900,0.282077474,21,true,46,46
42,nearfield_update,2153901,0.282077474,21,true,34,34
42,nearfield_update,2153902,0.282077474,21,true,45,45
42,nearfield_update,2153903,0.282077474,23,true,13,13
42,nearfield_update,2153904,0.282077474,22,true,47,47
42,nearfield_update,2153905,0.282077474,21,true,36,36
42,nearfield_update,2153906,0.282077474,17,true,23,23
42,nearfield_update,2153907,0.282077474,17,true,18,18
42,nearfield_update,2153908,0.282077474,17,true,19,19
42,nearfield_update,2153909,0.282077474,21,true,39,39
42,nearfield_update,2153910,0.282077474,17,true,22,22
42,nearfield_update,2153911,0.282077474,23,true,9,9
42,nearfield_update,2153912,0.282077474,22,true,3,3
42,nearfield_update,2153913,0.282077474,22,true,2,2
42,nearfield_update,2153914,0.282077474,22,true,43,43
42,nearfield_update,2153915,0.282077474,23,true,8,8
42,nearfield_update,2153916,0.282077474,23,true,10,10
42,nearfield_update,2153917,0.282077474,17,true,21,21
42,nearfield_update,2153918,0.282077474,21,true,42,42
42,nearfield_update,2153919,0.282077474,23,true,7,7
42,nearfield_update,2153920,0.282077474,17,true,20,20
42,nearfield_update,2153921,0.282077474,11,true,62,63
42,nearfield_update,2153922,0.282077474,0,true,61,61
42,nearfield_update,2153923,0.282077474,0,true,7,7
42,nearfield_update,2153924,0.282077474,0,true,3,3
42,nearfield_update,2153925,0.282077474,0,true,50,50
42,nearfield_update,2153926,0.282077474,0,true,31,31
42,nearfield_update,2153927,0.282077474,0,true,27,27
42,nearfield_update,2153928,0.282077474,0,true,60,60
42,nearfield_update,2153929,0.282077474,0,true,51,51
42,nearfield_update,2153930,0.282077474,0,true,1,1
42,nearfield_update,2153931,0.282077474,0,true,58,58
42,nearfield_update,2153932,0.282077474,0,true,16,16
42,nearfield_update,2153933,0.282077474,0,true,10,10
42,nearfield_update,2153934,0.282077474,0,true,2,2
42,nearfield_update,2153935,0.282077474,0,true,62,62
42,nearfield_update,2153936,0.282077474,0,true,56,56
42,nearfield_update,2153937,0.282077474,0,true,59,59
42,nearfield_update,2153938,0.282077474,0,true,11,11
42,nearfield_update,2153939,0.282077474,0,true,48,48
42,nearfield_update,2153940,0.282077474,0,true,57,57
42,nearfield_update,2153941,0.282077474,0,true,53,53
42,nearfield_update,2153942,0.282077474,0,true,5,5
42,nearfield_update,2153943,0.282077474,0,true,19,19
42,nearfield_update,2153944,0.282077474,0,true,4,4
42,nearfield_update,2153945,0.282077474,0,true,55,55
42,nearfield_update,2153946,0.282077474,0,true,41,41
42,nearfield_update,2153947,0.282077474,0,true,42,42
42,nearfield_update,2153948,0.282077474,0,true,52,52
42,nearfield_update,2153949,0.282077474,0,true,54,54
42,nearfield_update,2153950,0.282077474,0,true,40,40
42,nearfield_update,2153951,0.282077474,0,true,15,15
42,nearfield_update,2153952,0.282077474,0,true,14,14
43,fmm,2153836,0.038463722,3,true,57,57
43,fmm,2153854,0.038463722,0,true,11,11
43,fmm,2153858,0.038463722,2,true,56,56
43,fmm,2153859,0.038463722,3,true,17,17
43,fmm,2153860,0.038463722,2,true,48,48
43,fmm,2153861,0.038463722,3,true,37,37
43,fmm,2153862,0.038463722,2,true,55,55
43,fmm,2153863,0.038463722,2,true,58,4
43,fmm,2153864,0.038463722,2,true,6,6
43,fmm,2153865,0.038463722,2,true,53,53
43,fmm,2153866,0.038463722,2,true,31,31
43,fmm,2153867,0.038463722,2,true,25,25
43,fmm,2153868,0.038463722,2,true,35,35
43,fmm,2153869,0.038463722,2,true,24,24
43,fmm,2153870,0.038463722,2,true,11,11
43,fmm,2153871,0.038463722,3,true,38,38
43,fmm,2153872,0.038463722,2,true,59,59
43,fmm,2153873,0.038463722,2,true,60,60
43,fmm,2153874,0.038463722,2,true,51,51
43,fmm,2153875,0.038463722,2,true,61,61
43,fmm,2153876,0.038463722,1,true,54,54
43,fmm,2153877,0.038463722,2,true,49,49
43,fmm,2153878,0.038463722,2,true,58,62
43,fmm,2153879,0.038463722,1,true,62,63
43,fmm,2153880,0.038463722,2,true,5,5
43,fmm,2153881,0.038463722,2,true,52,52
43,fmm,2153882,0.038463722,2,true,41,41
43,fmm,2153883,0.038463722,2,true,4,7
43,fmm,2153884,0.038463722,2,true,14,14
43,fmm,2153886,0.038463722,1,true,28,28
43,fmm,2153887,0.038463722,2,true,26,26
43,fmm,2153888,0.038463722,2,true,0,1
43,fmm,2153889,0.038463722,3,true,33,33
43,fmm,2153890,0.038463722,2,true,32,32
43,fmm,2153891,0.038463722,3,true,27,27
43,fmm,2153892,0.038463722,2,true,15,15
43,fmm,2153893,0.038463722,2,true,50,50
43,fmm,2153894,0.038463722,2,true,16,16
43,fmm,2153895,0.038463722,2,true,12,12
43,fmm,2153896,0.038463722,2,true,40,40
43,fmm,2153897,0.038463722,2,true,29,29
43,fmm,2153898,0.038463722,2,true,44,44
43,fmm,2153899,0.038463722,2,true,30,30
43,fmm,2153900,0.038463722,2,true,46,46
43,fmm,2153901,0.038463722,2,true,34,34
43,fmm,2153902,0.038463722,2,true,45,45
43,fmm,2153903,0.038463722,2,true,13,13
43,fmm,2153904,0.038463722,2,true,47,47
43,fmm,2153905,0.038463722,2,true,36,36
43,fmm,2153906,0.038463722,2,true,23,23
43,fmm,2153907,0.038463722,2,true,18,18
43,fmm,2153908,0.038463722,2,true,19,19
43,fmm,2153909,0.038463722,2,true,39,39
43,fmm,2153910,0.038463722,2,true,22,22
43,fmm,2153911,0.038463722,2,true,9,9
43,fmm,2153912,0.038463722,2,true,3,3
43,fmm,2153913,0.038463722,2,true,2,2
43,fmm,2153914,0.038463722,1,true,43,43
43,fmm,2153915,0.038463722,1,true,8,8
43,fmm,2153916,0.038463722,1,true,10,10
43,fmm,2153917,0.038463722,2,true,21,21
43,fmm,2153918,0.038463722,2,true,42,42
43,fmm,2153919,0.038463722,1,true,7,0
43,fmm,2153920,0.038463722,1,true,20,20
43,fmm,2153921,0.038463722,0,true,63,58
43,fmm,2153922,0.038463722,0,true,61,61
43,fmm,2153923,0.038463722,0,true,7,7
43,fmm,2153924,0.038463722,0,true,3,3
43,fmm,2153925,0.038463722,0,true,50,50
43,fmm,2153926,0.038463722,0,true,31,31
43,fmm,2153927,0.038463722,0,true,27,27
43,fmm,2153928,0.038463722,0,true,60,60
43,fmm,2153929,0.038463722,0,true,51,51
43,fmm,2153930,0.038463722,0,true,1,1
43,fmm,2153931,0.038463722,0,true,58,58
43,fmm,2153932,0.038463722,0,true,16,16
43,fmm,2153933,0.038463722,0,true,10,10
43,fmm,2153934,0.038463722,0,true,2,2
43,fmm,2153935,0.038463722,0,true,62,62
43,fmm,2153936,0.038463722,0,true,56,56
43,fmm,2153937,0.038463722,0,true,59,59
43,fmm,2153938,0.038463722,0,true,11,11
43,fmm,2153939,0.038463722,0,true,48,48
43,fmm,2153940,0.038463722,0,true,57,57
43,fmm,2153941,0.038463722,0,true,53,53
43,fmm,2153942,0.038463722,0,true,5,5
43,fmm,2153943,0.038463722,0,true,19,19
43,fmm,2153944,0.038463722,0,true,4,4
43,fmm,2153945,0.038463722,0,true,55,55
43,fmm,2153946,0.038463722,0,true,41,41
43,fmm,2153947,0.038463722,0,true,42,42
43,fmm,2153948,0.038463722,0,true,52,52
43,fmm,2153949,0.038463722,0,true,54,54
43,fmm,2153950,0.038463722,0,true,40,40
43,fmm,2153951,0.038463722,0,true,15,15
43,fmm,2153952,0.038463722,0,true,14,14
44,influence_mapping,2153836,0.000905618,0,true,57,57
44,influence_mapping,2153854,0.000905618,0,true,11,11
44,influence_mapping,2153858,0.000905618,0,true,56,56
44,influence_mapping,2153859,0.000905618,0,true,17,17
44,influence_mapping,2153860,0.000905618,0,true,48,48
44,influence_mapping,2153861,0.000905618,0,true,37,37
44,influence_mapping,2153862,0.000905618,0,true,55,55
44,influence_mapping,2153863,0.000905618,0,true,4,4
44,influence_mapping,2153864,0.000905618,0,true,6,6
44,influence_mapping,2153865,0.000905618,0,true,53,53
44,influence_mapping,2153866,0.000905618,0,true,31,31
44,influence_mapping,2153867,0.000905618,0,true,25,25
44,influence_mapping,2153868,0.000905618,0,true,35,35
44,influence_mapping,2153869,0.000905618,0,true,24,24
44,influence_mapping,2153870,0.000905618,0,true,11,11
44,influence_mapping,2153871,0.000905618,0,true,38,38
44,influence_mapping,2153872,0.000905618,0,true,59,59
44,influence_mapping,2153873,0.000905618,0,true,60,60
44,influence_mapping,2153874,0.000905618,0,true,51,51
44,influence_mapping,2153875,0.000905618,0,true,61,61
44,influence_mapping,2153876,0.000905618,0,true,54,54
44,influence_mapping,2153877,0.000905618,0,true,49,49
44,influence_mapping,2153878,0.000905618,0,true,62,62
44,influence_mapping,2153879,0.000905618,0,true,63,63
44,influence_mapping,2153880,0.000905618,0,true,5,5
44,influence_mapping,2153881,0.000905618,0,true,52,52
44,influence_mapping,2153882,0.000905618,0,true,41,41
44,influence_mapping,2153883,0.000905618,0,true,7,7
44,influence_mapping,2153884,0.000905618,0,true,14,14
44,influence_mapping,2153886,0.000905618,0,true,28,28
44,influence_mapping,2153887,0.000905618,0,true,26,26
44,influence_mapping,2153888,0.000905618,0,true,1,1
44,influence_mapping,2153889,0.000905618,0,true,33,33
44,influence_mapping,2153890,0.000905618,0,true,32,32
44,influence_mapping,2153891,0.000905618,0,true,27,27
44,influence_mapping,2153892,0.000905618,0,true,15,15
44,influence_mapping,2153893,0.000905618,0,true,50,50
44,influence_mapping,2153894,0.000905618,0,true,16,16
44,influence_mapping,2153895,0.000905618,0,true,12,12
44,influence_mapping,2153896,0.000905618,0,true,40,40
44,influence_mapping,2153897,0.000905618,0,true,29,29
44,influence_mapping,2153898,0.000905618,0,true,44,44
44,influence_mapping,2153899,0.000905618,0,true,30,30
44,influence_mapping,2153900,0.000905618,0,true,46,46
44,influence_mapping,2153901,0.000905618,0,true,34,34
44,influence_mapping,2153902,0.000905618,0,true,45,45
44,influence_mapping,2153903,0.000905618,0,true,13,13
44,influence_mapping,2153904,0.000905618,0,true,47,47
44,influence_mapping,2153905,0.000905618,0,true,36,36
44,influence_mapping,2153906,0.000905618,0,true,23,23
44,influence_mapping,2153907,0.000905618,0,true,18,18
44,influence_mapping,2153908,0.000905618,0,true,19,19
44,influence_mapping,2153909,0.000905618,0,true,39,39
44,influence_mapping,2153910,0.000905618,0,true,22,22
44,influence_mapping,2153911,0.000905618,0,true,9,9
44,influence_mapping,2153912,0.000905618,0,true,3,3
44,influence_mapping,2153913,0.000905618,0,true,2,2
44,influence_mapping,2153914,0.000905618,0,true,43,43
44,influence_mapping,2153915,0.000905618,0,true,8,8
44,influence_mapping,2153916,0.000905618,0,true,10,10
44,influence_mapping,2153917,0.000905618,0,true,21,21
44,influence_mapping,2153918,0.000905618,0,true,42,42
44,influence_mapping,2153919,0.000905618,0,true,0,0
44,influence_mapping,2153920,0.000905618,0,true,20,20
44,influence_mapping,2153921,0.000905618,0,true,58,58
44,influence_mapping,2153922,0.000905618,0,true,61,61
44,influence_mapping,2153923,0.000905618,0,true,7,7
44,influence_mapping,2153924,0.000905618,0,true,3,3
44,influence_mapping,2153925,0.000905618,0,true,50,50
44,influence_mapping,2153926,0.000905618,0,true,31,31
44,influence_mapping,2153927,0.000905618,0,true,27,27
44,influence_mapping,2153928,0.000905618,0,true,60,60
44,influence_mapping,2153929,0.000905618,0,true,51,51
44,influence_mapping,2153930,0.000905618,0,true,1,1
44,influence_mapping,2153931,0.000905618,0,true,58,58
44,influence_mapping,2153932,0.000905618,0,true,16,16
44,influence_mapping,2153933,0.000905618,0,true,10,10
44,influence_mapping,2153934,0.000905618,0,true,2,2
44,influence_mapping,2153935,0.000905618,0,true,62,62
44,influence_mapping,2153936,0.000905618,0,true,56,56
44,influence_mapping,2153937,0.000905618,0,true,59,59
44,influence_mapping,2153938,0.000905618,0,true,11,11
44,influence_mapping,2153939,0.000905618,0,true,48,48
44,influence_mapping,2153940,0.000905618,0,true,57,57
44,influence_mapping,2153941,0.000905618,0,true,53,53
44,influence_mapping,2153942,0.000905618,0,true,5,5
44,influence_mapping,2153943,0.000905618,0,true,19,19
44,influence_mapping,2153944,0.000905618,0,true,4,4
44,influence_mapping,2153945,0.000905618,0,true,55,55
44,influence_mapping,2153946,0.000905618,0,true,41,41
44,influence_mapping,2153947,0.000905618,0,true,42,42
44,influence_mapping,2153948,0.000905618,0,true,52,52
44,influence_mapping,2153949,0.000905618,0,true,54,54
44,influence_mapping,2153950,0.000905618,0,true,40,40
44,influence_mapping,2153951,0.000905618,0,true,15,15
44,influence_mapping,2153952,0.000905618,0,true,14,14
45,residual,2153836,0.004591978,1,true,57,57
45,residual,2153854,0.004591978,0,true,11,11
45,residual,2153858,0.004591978,0,true,56,56
45,residual,2153859,0.004591978,0,true,17,17
45,residual,2153860,0.004591978,0,true,48,48
45,residual,2153861,0.004591978,0,true,37,37
45,residual,2153862,0.004591978,0,true,55,55
45,residual,2153863,0.004591978,0,true,4,4
45,residual,2153864,0.004591978,0,true,6,6
45,residual,2153865,0.004591978,0,true,53,53
45,residual,2153866,0.004591978,0,true,31,31
45,residual,2153867,0.004591978,0,true,25,25
45,residual,2153868,0.004591978,0,true,35,35
45,residual,2153869,0.004591978,0,true,24,24
45,residual,2153870,0.004591978,0,true,11,11
45,residual,2153871,0.004591978,0,true,38,38
45,residual,2153872,0.004591978,0,true,59,59
45,residual,2153873,0.004591978,0,true,60,60
45,residual,2153874,0.004591978,0,true,51,51
45,residual,2153875,0.004591978,0,true,61,61
45,residual,2153876,0.004591978,0,true,54,54
45,residual,2153877,0.004591978,0,true,49,49
45,residual,2153878,0.004591978,0,true,62,62
45,residual,2153879,0.004591978,0,true,63,63
45,residual,2153880,0.004591978,0,true,5,5
45,residual,2153881,0.004591978,0,true,52,52
45,residual,2153882,0.004591978,0,true,41,41
45,residual,2153883,0.004591978,0,true,7,7
45,residual,2153884,0.004591978,0,true,14,14
45,residual,2153886,0.004591978,0,true,28,28
45,residual,2153887,0.004591978,0,true,26,26
45,residual,2153888,0.004591978,0,true,1,1
45,residual,2153889,0.004591978,0,true,33,33
45,residual,2153890,0.004591978,0,true,32,32
45,residual,2153891,0.004591978,0,true,27,27
45,residual,2153892,0.004591978,0,true,15,15
45,residual,2153893,0.004591978,0,true,50,50
45,residual,2153894,0.004591978,0,true,16,16
45,residual,2153895,0.004591978,0,true,12,12
45,residual,2153896,0.004591978,0,true,40,40
45,residual,2153897,0.004591978,0,true,29,29
45,residual,2153898,0.004591978,0,true,44,44
45,residual,2153899,0.004591978,0,true,30,30
45,residual,2153900,0.004591978,0,true,46,46
45,residual,2153901,0.004591978,0,true,34,34
45,residual,2153902,0.004591978,0,true,45,45
45,residual,2153903,0.004591978,0,true,13,13
45,residual,2153904,0.004591978,0,true,47,47
45,residual,2153905,0.004591978,0,true,36,36
45,residual,2153906,0.004591978,0,true,23,23
45,residual,2153907,0.004591978,0,true,18,18
45,residual,2153908,0.004591978,0,true,19,19
45,residual,2153909,0.004591978,0,true,39,39
45,residual,2153910,0.004591978,0,true,22,22
45,residual,2153911,0.004591978,0,true,9,9
45,residual,2153912,0.004591978,0,true,3,3
45,residual,2153913,0.004591978,0,true,2,2
45,residual,2153914,0.004591978,0,true,43,43
45,residual,2153915,0.004591978,0,true,8,8
45,residual,2153916,0.004591978,0,true,10,10
45,residual,2153917,0.004591978,0,true,21,21
45,residual,2153918,0.004591978,0,true,42,42
45,residual,2153919,0.004591978,0,true,0,0
45,residual,2153920,0.004591978,0,true,20,20
45,residual,2153921,0.004591978,0,true,58,58
45,residual,2153922,0.004591978,0,true,61,61
45,residual,2153923,0.004591978,0,true,7,7
45,residual,2153924,0.004591978,0,true,3,3
45,residual,2153925,0.004591978,0,true,50,50
45,residual,2153926,0.004591978,0,true,31,31
45,residual,2153927,0.004591978,0,true,27,27
45,residual,2153928,0.004591978,0,true,60,60
45,residual,2153929,0.004591978,0,true,51,51
45,residual,2153930,0.004591978,0,true,1,1
45,residual,2153931,0.004591978,0,true,58,58
45,residual,2153932,0.004591978,0,true,16,16
45,residual,2153933,0.004591978,0,true,10,10
45,residual,2153934,0.004591978,0,true,2,2
45,residual,2153935,0.004591978,0,true,62,62
45,residual,2153936,0.004591978,0,true,56,56
45,residual,2153937,0.004591978,0,true,59,59
45,residual,2153938,0.004591978,0,true,11,11
45,residual,2153939,0.004591978,0,true,48,48
45,residual,2153940,0.004591978,0,true,57,57
45,residual,2153941,0.004591978,0,true,53,53
45,residual,2153942,0.004591978,0,true,5,5
45,residual,2153943,0.004591978,0,true,19,19
45,residual,2153944,0.004591978,0,true,4,4
45,residual,2153945,0.004591978,0,true,55,55
45,residual,2153946,0.004591978,0,true,41,41
45,residual,2153947,0.004591978,0,true,42,42
45,residual,2153948,0.004591978,0,true,52,52
45,residual,2153949,0.004591978,0,true,54,54
45,residual,2153950,0.004591978,0,true,40,40
45,residual,2153951,0.004591978,0,true,15,15
45,residual,2153952,0.004591978,0,true,14,14
46,nearfield_update,2153836,0.27522059,19,true,57,57
46,nearfield_update,2153854,0.27522059,0,true,11,11
46,nearfield_update,2153858,0.27522059,14,true,56,56
46,nearfield_update,2153859,0.27522059,4,true,17,17
46,nearfield_update,2153860,0.27522059,10,true,48,48
46,nearfield_update,2153861,0.27522059,23,true,37,37
46,nearfield_update,2153862,0.27522059,7,true,55,55
46,nearfield_update,2153863,0.27522059,22,true,4,4
46,nearfield_update,2153864,0.27522059,21,true,6,6
46,nearfield_update,2153865,0.27522059,2,true,53,53
46,nearfield_update,2153866,0.27522059,2,true,31,31
46,nearfield_update,2153867,0.27522059,17,true,25,25
46,nearfield_update,2153868,0.27522059,17,true,35,48
46,nearfield_update,2153869,0.27522059,17,true,24,24
46,nearfield_update,2153870,0.27522059,24,true,11,11
46,nearfield_update,2153871,0.27522059,18,true,38,38
46,nearfield_update,2153872,0.27522059,16,true,59,59
46,nearfield_update,2153873,0.27522059,16,true,60,60
46,nearfield_update,2153874,0.27522059,3,true,51,51
46,nearfield_update,2153875,0.27522059,15,true,61,61
46,nearfield_update,2153876,0.27522059,11,true,54,54
46,nearfield_update,2153877,0.27522059,1,true,49,49
46,nearfield_update,2153878,0.27522059,1,true,62,62
46,nearfield_update,2153879,0.27522059,10,true,63,63
46,nearfield_update,2153880,0.27522059,21,true,5,5
46,nearfield_update,2153881,0.27522059,6,true,52,52
46,nearfield_update,2153882,0.27522059,21,true,41,41
46,nearfield_update,2153883,0.27522059,22,true,7,7
46,nearfield_update,2153884,0.27522059,24,true,14,14
46,nearfield_update,2153886,0.27522059,17,true,28,28
46,nearfield_update,2153887,0.27522059,16,true,26,26
46,nearfield_update,2153888,0.27522059,23,true,1,1
46,nearfield_update,2153889,0.27522059,20,true,33,33
46,nearfield_update,2153890,0.27522059,20,true,32,32
46,nearfield_update,2153891,0.27522059,16,true,27,27
46,nearfield_update,2153892,0.27522059,23,true,15,15
46,nearfield_update,2153893,0.27522059,8,true,50,50
46,nearfield_update,2153894,0.27522059,17,true,16,16
46,nearfield_update,2153895,0.27522059,23,true,12,12
46,nearfield_update,2153896,0.27522059,21,true,40,32
46,nearfield_update,2153897,0.27522059,17,true,29,29
46,nearfield_update,2153898,0.27522059,21,true,44,44
46,nearfield_update,2153899,0.27522059,17,true,30,30
46,nearfield_update,2153900,0.27522059,21,true,46,46
46,nearfield_update,2153901,0.27522059,20,true,34,34
46,nearfield_update,2153902,0.27522059,21,true,45,45
46,nearfield_update,2153903,0.27522059,23,true,13,13
46,nearfield_update,2153904,0.27522059,21,true,47,47
46,nearfield_update,2153905,0.27522059,21,true,36,36
46,nearfield_update,2153906,0.27522059,17,true,23,23
46,nearfield_update,2153907,0.27522059,18,true,18,18
46,nearfield_update,2153908,0.27522059,17,true,19,19
46,nearfield_update,2153909,0.27522059,20,true,39,39
46,nearfield_update,2153910,0.27522059,17,true,22,22
46,nearfield_update,2153911,0.27522059,23,true,9,9
46,nearfield_update,2153912,0.27522059,23,true,3,3
46,nearfield_update,2153913,0.27522059,23,true,2,2
46,nearfield_update,2153914,0.27522059,21,true,43,43
46,nearfield_update,2153915,0.27522059,23,true,8,8
46,nearfield_update,2153916,0.27522059,23,true,10,10
46,nearfield_update,2153917,0.27522059,17,true,21,21
46,nearfield_update,2153918,0.27522059,20,true,42,42
46,nearfield_update,2153919,0.27522059,23,true,0,0
46,nearfield_update,2153920,0.27522059,16,true,20,20
46,nearfield_update,2153921,0.27522059,11,true,58,58
46,nearfield_update,2153922,0.27522059,0,true,61,61
46,nearfield_update,2153923,0.27522059,0,true,7,7
46,nearfield_update,2153924,0.27522059,0,true,3,3
46,nearfield_update,2153925,0.27522059,0,true,50,50
46,nearfield_update,2153926,0.27522059,0,true,31,31
46,nearfield_update,2153927,0.27522059,0,true,27,27
46,nearfield_update,2153928,0.27522059,0,true,60,60
46,nearfield_update,2153929,0.27522059,0,true,51,51
46,nearfield_update,2153930,0.27522059,0,true,1,1
46,nearfield_update,2153931,0.27522059,0,true,58,58
46,nearfield_update,2153932,0.27522059,0,true,16,16
46,nearfield_update,2153933,0.27522059,0,true,10,10
46,nearfield_update,2153934,0.27522059,0,true,2,2
46,nearfield_update,2153935,0.27522059,0,true,62,62
46,nearfield_update,2153936,0.27522059,0,true,56,56
46,nearfield_update,2153937,0.27522059,0,true,59,59
46,nearfield_update,2153938,0.27522059,0,true,11,11
46,nearfield_update,2153939,0.27522059,0,true,48,48
46,nearfield_update,2153940,0.27522059,0,true,57,57
46,nearfield_update,2153941,0.27522059,0,true,53,53
46,nearfield_update,2153942,0.27522059,0,true,5,5
46,nearfield_update,2153943,0.27522059,0,true,19,19
46,nearfield_update,2153944,0.27522059,0,true,4,4
46,nearfield_update,2153945,0.27522059,0,true,55,55
46,nearfield_update,2153946,0.27522059,0,true,41,41
46,nearfield_update,2153947,0.27522059,0,true,42,42
46,nearfield_update,2153948,0.27522059,0,true,52,52
46,nearfield_update,2153949,0.27522059,0,true,54,54
46,nearfield_update,2153950,0.27522059,0,true,40,40
46,nearfield_update,2153951,0.27522059,0,true,15,15
46,nearfield_update,2153952,0.27522059,0,true,14,14
47,fmm,2153836,0.046479365,4,true,57,57
47,fmm,2153854,0.046479365,0,true,11,11
47,fmm,2153858,0.046479365,3,true,56,56
47,fmm,2153859,0.046479365,3,true,17,17
47,fmm,2153860,0.046479365,2,true,48,48
47,fmm,2153861,0.046479365,3,true,37,37
47,fmm,2153862,0.046479365,2,true,55,55
47,fmm,2153863,0.046479365,3,true,4,4
47,fmm,2153864,0.046479365,2,true,6,6
47,fmm,2153865,0.046479365,2,true,53,53
47,fmm,2153866,0.046479365,2,true,31,31
47,fmm,2153867,0.046479365,2,true,25,25
47,fmm,2153868,0.046479365,2,true,48,49
47,fmm,2153869,0.046479365,2,true,24,24
47,fmm,2153870,0.046479365,2,true,11,11
47,fmm,2153871,0.046479365,2,true,38,38
47,fmm,2153872,0.046479365,1,true,59,59
47,fmm,2153873,0.046479365,2,true,60,60
47,fmm,2153874,0.046479365,2,true,51,51
47,fmm,2153875,0.046479365,1,true,61,61
47,fmm,2153876,0.046479365,2,true,54,54
47,fmm,2153877,0.046479365,2,true,49,50
47,fmm,2153878,0.046479365,2,true,62,62
47,fmm,2153879,0.046479365,2,true,63,63
47,fmm,2153880,0.046479365,2,true,5,5
47,fmm,2153881,0.046479365,1,true,52,52
47,fmm,2153882,0.046479365,2,true,41,41
47,fmm,2153883,0.046479365,2,true,7,7
47,fmm,2153884,0.046479365,2,true,14,14
47,fmm,2153886,0.046479365,2,true,28,28
47,fmm,2153887,0.046479365,2,true,26,26
47,fmm,2153888,0.046479365,2,true,1,1
47,fmm,2153889,0.046479365,2,true,33,33
47,fmm,2153890,0.046479365,2,true,32,32
47,fmm,2153891,0.046479365,2,true,27,27
47,fmm,2153892,0.046479365,2,true,15,15
47,fmm,2153893,0.046479365,2,true,50,58
47,fmm,2153894,0.046479365,2,true,16,16
47,fmm,2153895,0.046479365,2,true,12,12
47,fmm,2153896,0.046479365,2,true,32,34
47,fmm,2153897,0.046479365,2,true,29,29
47,fmm,2153898,0.046479365,2,true,44,44
47,fmm,2153899,0.046479365,2,true,30,30
47,fmm,2153900,0.046479365,2,true,46,46
47,fmm,2153901,0.046479365,2,true,34,39
47,fmm,2153902,0.046479365,2,true,45,45
47,fmm,2153903,0.046479365,2,true,13,13
47,fmm,2153904,0.046479365,2,true,47,47
47,fmm,2153905,0.046479365,2,true,36,36
47,fmm,2153906,0.046479365,2,true,23,23
47,fmm,2153907,0.046479365,2,true,18,18
47,fmm,2153908,0.046479365,1,true,19,19
47,fmm,2153909,0.046479365,2,true,39,35
47,fmm,2153910,0.046479365,2,true,22,22
47,fmm,2153911,0.046479365,2,true,9,9
47,fmm,2153912,0.046479365,2,true,3,3
47,fmm,2153913,0.046479365,2,true,2,2
47,fmm,2153914,0.046479365,2,true,43,43
47,fmm,2153915,0.046479365,2,true,8,8
47,fmm,2153916,0.046479365,2,true,10,10
47,fmm,2153917,0.046479365,1,true,21,21
47,fmm,2153918,0.046479365,2,true,42,42
47,fmm,2153919,0.046479365,1,true,0,0
47,fmm,2153920,0.046479365,1,true,20,20
47,fmm,2153921,0.046479365,0,true,58,56
47,fmm,2153922,0.046479365,0,true,61,61
47,fmm,2153923,0.046479365,0,true,7,7
47,fmm,2153924,0.046479365,0,true,3,3
47,fmm,2153925,0.046479365,0,true,50,50
47,fmm,2153926,0.046479365,0,true,31,31
47,fmm,2153927,0.046479365,0,true,27,27
47,fmm,2153928,0.046479365,0,true,60,60
47,fmm,2153929,0.046479365,0,true,51,51
47,fmm,2153930,0.046479365,0,true,1,1
47,fmm,2153931,0.046479365,0,true,58,58
47,fmm,2153932,0.046479365,0,true,16,16
47,fmm,2153933,0.046479365,0,true,10,10
47,fmm,2153934,0.046479365,0,true,2,2
47,fmm,2153935,0.046479365,0,true,62,62
47,fmm,2153936,0.046479365,0,true,56,56
47,fmm,2153937,0.046479365,0,true,59,59
47,fmm,2153938,0.046479365,0,true,11,11
47,fmm,2153939,0.046479365,0,true,48,48
47,fmm,2153940,0.046479365,0,true,57,57
47,fmm,2153941,0.046479365,0,true,53,53
47,fmm,2153942,0.046479365,0,true,5,5
47,fmm,2153943,0.046479365,0,true,19,19
47,fmm,2153944,0.046479365,0,true,4,4
47,fmm,2153945,0.046479365,0,true,55,55
47,fmm,2153946,0.046479365,0,true,41,41
47,fmm,2153947,0.046479365,0,true,42,42
47,fmm,2153948,0.046479365,0,true,52,52
47,fmm,2153949,0.046479365,0,true,54,54
47,fmm,2153950,0.046479365,0,true,40,40
47,fmm,2153951,0.046479365,0,true,15,15
47,fmm,2153952,0.046479365,0,true,14,14
48,influence_mapping,2153836,0.000891143,0,true,57,57
48,influence_mapping,2153854,0.000891143,0,true,11,11
48,influence_mapping,2153858,0.000891143,0,true,56,56
48,influence_mapping,2153859,0.000891143,0,true,17,17
48,influence_mapping,2153860,0.000891143,0,true,48,48
48,influence_mapping,2153861,0.000891143,0,true,37,37
48,influence_mapping,2153862,0.000891143,0,true,55,55
48,influence_mapping,2153863,0.000891143,0,true,4,4
48,influence_mapping,2153864,0.000891143,0,true,6,6
48,influence_mapping,2153865,0.000891143,0,true,53,53
48,influence_mapping,2153866,0.000891143,0,true,31,31
48,influence_mapping,2153867,0.000891143,0,true,25,25
48,influence_mapping,2153868,0.000891143,0,true,49,49
48,influence_mapping,2153869,0.000891143,0,true,24,24
48,influence_mapping,2153870,0.000891143,0,true,11,11
48,influence_mapping,2153871,0.000891143,0,true,38,38
48,influence_mapping,2153872,0.000891143,0,true,59,59
48,influence_mapping,2153873,0.000891143,0,true,60,60
48,influence_mapping,2153874,0.000891143,0,true,51,51
48,influence_mapping,2153875,0.000891143,0,true,61,61
48,influence_mapping,2153876,0.000891143,0,true,54,54
48,influence_mapping,2153877,0.000891143,0,true,50,50
48,influence_mapping,2153878,0.000891143,0,true,62,62
48,influence_mapping,2153879,0.000891143,0,true,63,63
48,influence_mapping,2153880,0.000891143,0,true,5,5
48,influence_mapping,2153881,0.000891143,0,true,52,52
48,influence_mapping,2153882,0.000891143,0,true,41,41
48,influence_mapping,2153883,0.000891143,0,true,7,7
48,influence_mapping,2153884,0.000891143,0,true,14,14
48,influence_mapping,2153886,0.000891143,0,true,28,28
48,influence_mapping,2153887,0.000891143,0,true,26,26
48,influence_mapping,2153888,0.000891143,0,true,1,1
48,influence_mapping,2153889,0.000891143,0,true,33,33
48,influence_mapping,2153890,0.000891143,0,true,32,32
48,influence_mapping,2153891,0.000891143,0,true,27,27
48,influence_mapping,2153892,0.000891143,0,true,15,15
48,influence_mapping,2153893,0.000891143,0,true,58,58
48,influence_mapping,2153894,0.000891143,0,true,16,16
48,influence_mapping,2153895,0.000891143,0,true,12,12
48,influence_mapping,2153896,0.000891143,0,true,34,34
48,influence_mapping,2153897,0.000891143,0,true,29,29
48,influence_mapping,2153898,0.000891143,0,true,44,44
48,influence_mapping,2153899,0.000891143,0,true,30,30
48,influence_mapping,2153900,0.000891143,0,true,46,46
48,influence_mapping,2153901,0.000891143,0,true,39,39
48,influence_mapping,2153902,0.000891143,0,true,45,45
48,influence_mapping,2153903,0.000891143,0,true,13,13
48,influence_mapping,2153904,0.000891143,0,true,47,47
48,influence_mapping,2153905,0.000891143,0,true,36,36
48,influence_mapping,2153906,0.000891143,0,true,23,23
48,influence_mapping,2153907,0.000891143,0,true,18,18
48,influence_mapping,2153908,0.000891143,0,true,19,19
48,influence_mapping,2153909,0.000891143,0,true,35,35
48,influence_mapping,2153910,0.000891143,0,true,22,22
48,influence_mapping,2153911,0.000891143,0,true,9,9
48,influence_mapping,2153912,0.000891143,0,true,3,3
48,influence_mapping,2153913,0.000891143,0,true,2,2
48,influence_mapping,2153914,0.000891143,0,true,43,43
48,influence_mapping,2153915,0.000891143,0,true,8,8
48,influence_mapping,2153916,0.000891143,0,true,10,10
48,influence_mapping,2153917,0.000891143,0,true,21,21
48,influence_mapping,2153918,0.000891143,0,true,42,42
48,influence_mapping,2153919,0.000891143,0,true,0,0
48,influence_mapping,2153920,0.000891143,0,true,20,20
48,influence_mapping,2153921,0.000891143,0,true,56,56
48,influence_mapping,2153922,0.000891143,0,true,61,61
48,influence_mapping,2153923,0.000891143,0,true,7,7
48,influence_mapping,2153924,0.000891143,0,true,3,3
48,influence_mapping,2153925,0.000891143,0,true,50,50
48,influence_mapping,2153926,0.000891143,0,true,31,31
48,influence_mapping,2153927,0.000891143,0,true,27,27
48,influence_mapping,2153928,0.000891143,0,true,60,60
48,influence_mapping,2153929,0.000891143,0,true,51,51
48,influence_mapping,2153930,0.000891143,0,true,1,1
48,influence_mapping,2153931,0.000891143,0,true,58,58
48,influence_mapping,2153932,0.000891143,0,true,16,16
48,influence_mapping,2153933,0.000891143,0,true,10,10
48,influence_mapping,2153934,0.000891143,0,true,2,2
48,influence_mapping,2153935,0.000891143,0,true,62,62
48,influence_mapping,2153936,0.000891143,0,true,56,56
48,influence_mapping,2153937,0.000891143,0,true,59,59
48,influence_mapping,2153938,0.000891143,0,true,11,11
48,influence_mapping,2153939,0.000891143,0,true,48,48
48,influence_mapping,2153940,0.000891143,0,true,57,57
48,influence_mapping,2153941,0.000891143,0,true,53,53
48,influence_mapping,2153942,0.000891143,0,true,5,5
48,influence_mapping,2153943,0.000891143,0,true,19,19
48,influence_mapping,2153944,0.000891143,0,true,4,4
48,influence_mapping,2153945,0.000891143,0,true,55,55
48,influence_mapping,2153946,0.000891143,0,true,41,41
48,influence_mapping,2153947,0.000891143,0,true,42,42
48,influence_mapping,2153948,0.000891143,0,true,52,52
48,influence_mapping,2153949,0.000891143,0,true,54,54
48,influence_mapping,2153950,0.000891143,0,true,40,40
48,influence_mapping,2153951,0.000891143,0,true,15,15
48,influence_mapping,2153952,0.000891143,0,true,14,14
49,residual,2153836,0.004595816,0,true,57,57
49,residual,2153854,0.004595816,0,true,11,11
49,residual,2153858,0.004595816,0,true,56,56
49,residual,2153859,0.004595816,0,true,17,17
49,residual,2153860,0.004595816,0,true,48,48
49,residual,2153861,0.004595816,0,true,37,37
49,residual,2153862,0.004595816,0,true,55,55
49,residual,2153863,0.004595816,0,true,4,4
49,residual,2153864,0.004595816,0,true,6,6
49,residual,2153865,0.004595816,0,true,53,53
49,residual,2153866,0.004595816,0,true,31,31
49,residual,2153867,0.004595816,0,true,25,25
49,residual,2153868,0.004595816,0,true,49,49
49,residual,2153869,0.004595816,0,true,24,24
49,residual,2153870,0.004595816,0,true,11,11
49,residual,2153871,0.004595816,0,true,38,38
49,residual,2153872,0.004595816,0,true,59,59
49,residual,2153873,0.004595816,0,true,60,60
49,residual,2153874,0.004595816,0,true,51,51
49,residual,2153875,0.004595816,0,true,61,61
49,residual,2153876,0.004595816,0,true,54,54
49,residual,2153877,0.004595816,0,true,50,50
49,residual,2153878,0.004595816,0,true,62,62
49,residual,2153879,0.004595816,0,true,63,63
49,residual,2153880,0.004595816,0,true,5,5
49,residual,2153881,0.004595816,0,true,52,52
49,residual,2153882,0.004595816,0,true,41,41
49,residual,2153883,0.004595816,0,true,7,7
49,residual,2153884,0.004595816,0,true,14,14
49,residual,2153886,0.004595816,0,true,28,28
49,residual,2153887,0.004595816,0,true,26,26
49,residual,2153888,0.004595816,0,true,1,1
49,residual,2153889,0.004595816,0,true,33,33
49,residual,2153890,0.004595816,0,true,32,32
49,residual,2153891,0.004595816,0,true,27,27
49,residual,2153892,0.004595816,0,true,15,15
49,residual,2153893,0.004595816,0,true,58,58
49,residual,2153894,0.004595816,0,true,16,16
49,residual,2153895,0.004595816,0,true,12,12
49,residual,2153896,0.004595816,0,true,34,34
49,residual,2153897,0.004595816,0,true,29,29
49,residual,2153898,0.004595816,0,true,44,44
49,residual,2153899,0.004595816,0,true,30,30
49,residual,2153900,0.004595816,0,true,46,46
49,residual,2153901,0.004595816,0,true,39,39
49,residual,2153902,0.004595816,0,true,45,45
49,residual,2153903,0.004595816,0,true,13,13
49,residual,2153904,0.004595816,0,true,47,47
49,residual,2153905,0.004595816,0,true,36,36
49,residual,2153906,0.004595816,0,true,23,23
49,residual,2153907,0.004595816,0,true,18,18
49,residual,2153908,0.004595816,0,true,19,19
49,residual,2153909,0.004595816,0,true,35,35
49,residual,2153910,0.004595816,0,true,22,22
49,residual,2153911,0.004595816,0,true,9,9
49,residual,2153912,0.004595816,0,true,3,3
49,residual,2153913,0.004595816,0,true,2,2
49,residual,2153914,0.004595816,0,true,43,43
49,residual,2153915,0.004595816,0,true,8,8
49,residual,2153916,0.004595816,0,true,10,10
49,residual,2153917,0.004595816,0,true,21,21
49,residual,2153918,0.004595816,0,true,42,42
49,residual,2153919,0.004595816,0,true,0,0
49,residual,2153920,0.004595816,0,true,20,20
49,residual,2153921,0.004595816,0,true,56,56
49,residual,2153922,0.004595816,0,true,61,61
49,residual,2153923,0.004595816,0,true,7,7
49,residual,2153924,0.004595816,0,true,3,3
49,residual,2153925,0.004595816,0,true,50,50
49,residual,2153926,0.004595816,0,true,31,31
49,residual,2153927,0.004595816,0,true,27,27
49,residual,2153928,0.004595816,0,true,60,60
49,residual,2153929,0.004595816,0,true,51,51
49,residual,2153930,0.004595816,0,true,1,1
49,residual,2153931,0.004595816,0,true,58,58
49,residual,2153932,0.004595816,0,true,16,16
49,residual,2153933,0.004595816,0,true,10,10
49,residual,2153934,0.004595816,0,true,2,2
49,residual,2153935,0.004595816,0,true,62,62
49,residual,2153936,0.004595816,0,true,56,56
49,residual,2153937,0.004595816,0,true,59,59
49,residual,2153938,0.004595816,0,true,11,11
49,residual,2153939,0.004595816,0,true,48,48
49,residual,2153940,0.004595816,0,true,57,57
49,residual,2153941,0.004595816,0,true,53,53
49,residual,2153942,0.004595816,0,true,5,5
49,residual,2153943,0.004595816,0,true,19,19
49,residual,2153944,0.004595816,0,true,4,4
49,residual,2153945,0.004595816,0,true,55,55
49,residual,2153946,0.004595816,0,true,41,41
49,residual,2153947,0.004595816,0,true,42,42
49,residual,2153948,0.004595816,0,true,52,52
49,residual,2153949,0.004595816,0,true,54,54
49,residual,2153950,0.004595816,0,true,40,40
49,residual,2153951,0.004595816,0,true,15,15
49,residual,2153952,0.004595816,0,true,14,14
50,nearfield_update,2153836,0.277595151,19,true,57,57
50,nearfield_update,2153854,0.277595151,0,true,11,11
50,nearfield_update,2153858,0.277595151,14,true,56,63
50,nearfield_update,2153859,0.277595151,4,true,17,17
50,nearfield_update,2153860,0.277595151,10,true,48,48
50,nearfield_update,2153861,0.277595151,24,true,37,37
50,nearfield_update,2153862,0.277595151,6,true,55,55
50,nearfield_update,2153863,0.277595151,22,true,4,4
50,nearfield_update,2153864,0.277595151,21,true,6,6
50,nearfield_update,2153865,0.277595151,2,true,53,53
50,nearfield_update,2153866,0.277595151,1,true,31,31
50,nearfield_update,2153867,0.277595151,17,true,25,25
50,nearfield_update,2153868,0.277595151,7,true,49,49
50,nearfield_update,2153869,0.277595151,17,true,24,24
50,nearfield_update,2153870,0.277595151,24,true,11,11
50,nearfield_update,2153871,0.277595151,18,true,38,38
50,nearfield_update,2153872,0.277595151,16,true,59,59
50,nearfield_update,2153873,0.277595151,15,true,60,60
50,nearfield_update,2153874,0.277595151,3,true,51,51
50,nearfield_update,2153875,0.277595151,15,true,61,61
50,nearfield_update,2153876,0.277595151,11,true,54,54
50,nearfield_update,2153877,0.277595151,1,true,50,50
50,nearfield_update,2153878,0.277595151,1,true,62,62
50,nearfield_update,2153879,0.277595151,15,true,63,23
50,nearfield_update,2153880,0.277595151,21,true,5,5
50,nearfield_update,2153881,0.277595151,6,true,52,52
50,nearfield_update,2153882,0.277595151,20,true,41,41
50,nearfield_update,2153883,0.277595151,23,true,7,7
50,nearfield_update,2153884,0.277595151,23,true,14,14
50,nearfield_update,2153886,0.277595151,16,true,28,28
50,nearfield_update,2153887,0.277595151,17,true,26,26
50,nearfield_update,2153888,0.277595151,22,true,1,1
50,nearfield_update,2153889,0.277595151,21,true,33,33
50,nearfield_update,2153890,0.277595151,21,true,32,32
50,nearfield_update,2153891,0.277595151,17,true,27,27
50,nearfield_update,2153892,0.277595151,23,true,15,15
50,nearfield_update,2153893,0.277595151,11,true,58,58
50,nearfield_update,2153894,0.277595151,17,true,16,16
50,nearfield_update,2153895,0.277595151,23,true,12,12
50,nearfield_update,2153896,0.277595151,20,true,34,34
50,nearfield_update,2153897,0.277595151,16,true,29,29
50,nearfield_update,2153898,0.277595151,21,true,44,44
50,nearfield_update,2153899,0.277595151,16,true,30,30
50,nearfield_update,2153900,0.277595151,21,true,46,46
50,nearfield_update,2153901,0.277595151,21,true,39,39
50,nearfield_update,2153902,0.277595151,21,true,45,45
50,nearfield_update,2153903,0.277595151,23,true,13,13
50,nearfield_update,2153904,0.277595151,20,true,47,47
50,nearfield_update,2153905,0.277595151,20,true,36,36
50,nearfield_update,2153906,0.277595151,20,true,23,40
50,nearfield_update,2153907,0.277595151,16,true,18,18
50,nearfield_update,2153908,0.277595151,17,true,19,19
50,nearfield_update,2153909,0.277595151,21,true,35,35
50,nearfield_update,2153910,0.277595151,16,true,22,22
50,nearfield_update,2153911,0.277595151,23,true,9,9
50,nearfield_update,2153912,0.277595151,23,true,3,3
50,nearfield_update,2153913,0.277595151,22,true,2,2
50,nearfield_update,2153914,0.277595151,21,true,43,43
50,nearfield_update,2153915,0.277595151,23,true,8,8
50,nearfield_update,2153916,0.277595151,22,true,10,10
50,nearfield_update,2153917,0.277595151,16,true,21,21
50,nearfield_update,2153918,0.277595151,20,true,42,42
50,nearfield_update,2153919,0.277595151,23,true,0,0
50,nearfield_update,2153920,0.277595151,17,true,20,20
50,nearfield_update,2153921,0.277595151,12,true,56,56
50,nearfield_update,2153922,0.277595151,0,true,61,61
50,nearfield_update,2153923,0.277595151,0,true,7,7
50,nearfield_update,2153924,0.277595151,0,true,3,3
50,nearfield_update,2153925,0.277595151,0,true,50,50
50,nearfield_update,2153926,0.277595151,0,true,31,31
50,nearfield_update,2153927,0.277595151,0,true,27,27
50,nearfield_update,2153928,0.277595151,0,true,60,60
50,nearfield_update,2153929,0.277595151,0,true,51,51
50,nearfield_update,2153930,0.277595151,0,true,1,1
50,nearfield_update,2153931,0.277595151,0,true,58,58
50,nearfield_update,2153932,0.277595151,0,true,16,16
50,nearfield_update,2153933,0.277595151,0,true,10,10
50,nearfield_update,2153934,0.277595151,0,true,2,2
50,nearfield_update,2153935,0.277595151,0,true,62,62
50,nearfield_update,2153936,0.277595151,0,true,56,56
50,nearfield_update,2153937,0.277595151,0,true,59,59
50,nearfield_update,2153938,0.277595151,0,true,11,11
50,nearfield_update,2153939,0.277595151,0,true,48,48
50,nearfield_update,2153940,0.277595151,0,true,57,57
50,nearfield_update,2153941,0.277595151,0,true,53,53
50,nearfield_update,2153942,0.277595151,0,true,5,5
50,nearfield_update,2153943,0.277595151,0,true,19,19
50,nearfield_update,2153944,0.277595151,0,true,4,4
50,nearfield_update,2153945,0.277595151,0,true,55,55
50,nearfield_update,2153946,0.277595151,0,true,41,41
50,nearfield_update,2153947,0.277595151,0,true,42,42
50,nearfield_update,2153948,0.277595151,0,true,52,52
50,nearfield_update,2153949,0.277595151,0,true,54,54
50,nearfield_update,2153950,0.277595151,0,true,40,40
50,nearfield_update,2153951,0.277595151,0,true,15,15
50,nearfield_update,2153952,0.277595151,0,true,14,14
51,fmm,2153836,0.037256775,2,true,57,57
51,fmm,2153854,0.037256775,0,true,11,11
51,fmm,2153858,0.037256775,2,true,63,63
51,fmm,2153859,0.037256775,3,true,17,17
51,fmm,2153860,0.037256775,3,true,48,48
51,fmm,2153861,0.037256775,3,true,37,37
51,fmm,2153862,0.037256775,2,true,55,55
51,fmm,2153863,0.037256775,2,true,4,4
51,fmm,2153864,0.037256775,2,true,6,6
51,fmm,2153865,0.037256775,2,true,53,53
51,fmm,2153866,0.037256775,2,true,31,31
51,fmm,2153867,0.037256775,2,true,25,25
51,fmm,2153868,0.037256775,1,true,49,49
51,fmm,2153869,0.037256775,2,true,24,24
51,fmm,2153870,0.037256775,2,true,11,11
51,fmm,2153871,0.037256775,2,true,38,38
51,fmm,2153872,0.037256775,2,true,59,59
51,fmm,2153873,0.037256775,2,true,60,60
51,fmm,2153874,0.037256775,2,true,51,51
51,fmm,2153875,0.037256775,1,true,61,61
51,fmm,2153876,0.037256775,2,true,54,54
51,fmm,2153877,0.037256775,2,true,50,50
51,fmm,2153878,0.037256775,2,true,62,62
51,fmm,2153879,0.037256775,2,true,23,23
51,fmm,2153880,0.037256775,2,true,5,5
51,fmm,2153881,0.037256775,2,true,52,52
51,fmm,2153882,0.037256775,2,true,41,41
51,fmm,2153883,0.037256775,2,true,7,7
51,fmm,2153884,0.037256775,2,true,14,14
51,fmm,2153886,0.037256775,2,true,28,28
51,fmm,2153887,0.037256775,2,true,26,26
51,fmm,2153888,0.037256775,3,true,1,1
51,fmm,2153889,0.037256775,2,true,33,33
51,fmm,2153890,0.037256775,2,true,32,32
51,fmm,2153891,0.037256775,2,true,27,27
51,fmm,2153892,0.037256775,2,true,15,15
51,fmm,2153893,0.037256775,1,true,58,58
51,fmm,2153894,0.037256775,2,true,16,16
51,fmm,2153895,0.037256775,1,true,12,12
51,fmm,2153896,0.037256775,2,true,34,34
51,fmm,2153897,0.037256775,2,true,29,29
51,fmm,2153898,0.037256775,2,true,44,44
51,fmm,2153899,0.037256775,2,true,30,30
51,fmm,2153900,0.037256775,2,true,46,46
51,fmm,2153901,0.037256775,2,true,39,39
51,fmm,2153902,0.037256775,2,true,45,45
51,fmm,2153903,0.037256775,2,true,13,13
51,fmm,2153904,0.037256775,2,true,47,47
51,fmm,2153905,0.037256775,2,true,36,36
51,fmm,2153906,0.037256775,2,true,40,40
51,fmm,2153907,0.037256775,2,true,18,18
51,fmm,2153908,0.037256775,2,true,19,19
51,fmm,2153909,0.037256775,1,true,35,35
51,fmm,2153910,0.037256775,2,true,22,22
51,fmm,2153911,0.037256775,2,true,9,9
51,fmm,2153912,0.037256775,2,true,3,3
51,fmm,2153913,0.037256775,2,true,2,2
51,fmm,2153914,0.037256775,2,true,43,43
51,fmm,2153915,0.037256775,1,true,8,8
51,fmm,2153916,0.037256775,2,true,10,10
51,fmm,2153917,0.037256775,2,true,21,21
51,fmm,2153918,0.037256775,2,true,42,42
51,fmm,2153919,0.037256775,1,true,0,0
51,fmm,2153920,0.037256775,0,true,20,20
51,fmm,2153921,0.037256775,0,true,56,56
51,fmm,2153922,0.037256775,0,true,61,61
51,fmm,2153923,0.037256775,0,true,7,7
51,fmm,2153924,0.037256775,0,true,3,3
51,fmm,2153925,0.037256775,0,true,50,50
51,fmm,2153926,0.037256775,0,true,31,31
51,fmm,2153927,0.037256775,0,true,27,27
51,fmm,2153928,0.037256775,0,true,60,60
51,fmm,2153929,0.037256775,0,true,51,51
51,fmm,2153930,0.037256775,0,true,1,1
51,fmm,2153931,0.037256775,0,true,58,58
51,fmm,2153932,0.037256775,0,true,16,16
51,fmm,2153933,0.037256775,0,true,10,10
51,fmm,2153934,0.037256775,0,true,2,2
51,fmm,2153935,0.037256775,0,true,62,62
51,fmm,2153936,0.037256775,0,true,56,56
51,fmm,2153937,0.037256775,0,true,59,59
51,fmm,2153938,0.037256775,0,true,11,11
51,fmm,2153939,0.037256775,0,true,48,48
51,fmm,2153940,0.037256775,0,true,57,57
51,fmm,2153941,0.037256775,0,true,53,53
51,fmm,2153942,0.037256775,0,true,5,5
51,fmm,2153943,0.037256775,0,true,19,19
51,fmm,2153944,0.037256775,0,true,4,4
51,fmm,2153945,0.037256775,0,true,55,55
51,fmm,2153946,0.037256775,0,true,41,41
51,fmm,2153947,0.037256775,0,true,42,42
51,fmm,2153948,0.037256775,0,true,52,52
51,fmm,2153949,0.037256775,0,true,54,54
51,fmm,2153950,0.037256775,0,true,40,40
51,fmm,2153951,0.037256775,0,true,15,15
51,fmm,2153952,0.037256775,0,true,14,14
52,influence_mapping,2153836,0.000825049,1,true,57,57
52,influence_mapping,2153854,0.000825049,0,true,11,11
52,influence_mapping,2153858,0.000825049,0,true,63,63
52,influence_mapping,2153859,0.000825049,0,true,17,17
52,influence_mapping,2153860,0.000825049,0,true,48,48
52,influence_mapping,2153861,0.000825049,0,true,37,37
52,influence_mapping,2153862,0.000825049,0,true,55,55
52,influence_mapping,2153863,0.000825049,0,true,4,4
52,influence_mapping,2153864,0.000825049,0,true,6,6
52,influence_mapping,2153865,0.000825049,0,true,53,53
52,influence_mapping,2153866,0.000825049,0,true,31,31
52,influence_mapping,2153867,0.000825049,0,true,25,25
52,influence_mapping,2153868,0.000825049,0,true,49,49
52,influence_mapping,2153869,0.000825049,0,true,24,24
52,influence_mapping,2153870,0.000825049,0,true,11,11
52,influence_mapping,2153871,0.000825049,0,true,38,38
52,influence_mapping,2153872,0.000825049,0,true,59,59
52,influence_mapping,2153873,0.000825049,0,true,60,60
52,influence_mapping,2153874,0.000825049,0,true,51,51
52,influence_mapping,2153875,0.000825049,0,true,61,61
52,influence_mapping,2153876,0.000825049,0,true,54,54
52,influence_mapping,2153877,0.000825049,0,true,50,50
52,influence_mapping,2153878,0.000825049,0,true,62,62
52,influence_mapping,2153879,0.000825049,0,true,23,23
52,influence_mapping,2153880,0.000825049,0,true,5,5
52,influence_mapping,2153881,0.000825049,0,true,52,52
52,influence_mapping,2153882,0.000825049,0,true,41,41
52,influence_mapping,2153883,0.000825049,0,true,7,7
52,influence_mapping,2153884,0.000825049,0,true,14,14
52,influence_mapping,2153886,0.000825049,0,true,28,28
52,influence_mapping,2153887,0.000825049,0,true,26,26
52,influence_mapping,2153888,0.000825049,0,true,1,1
52,influence_mapping,2153889,0.000825049,0,true,33,33
52,influence_mapping,2153890,0.000825049,0,true,32,32
52,influence_mapping,2153891,0.000825049,0,true,27,27
52,influence_mapping,2153892,0.000825049,0,true,15,15
52,influence_mapping,2153893,0.000825049,0,true,58,58
52,influence_mapping,2153894,0.000825049,0,true,16,16
52,influence_mapping,2153895,0.000825049,0,true,12,12
52,influence_mapping,2153896,0.000825049,0,true,34,34
52,influence_mapping,2153897,0.000825049,0,true,29,29
52,influence_mapping,2153898,0.000825049,0,true,44,44
52,influence_mapping,2153899,0.000825049,0,true,30,30
52,influence_mapping,2153900,0.000825049,0,true,46,46
52,influence_mapping,2153901,0.000825049,0,true,39,39
52,influence_mapping,2153902,0.000825049,0,true,45,45
52,influence_mapping,2153903,0.000825049,0,true,13,13
52,influence_mapping,2153904,0.000825049,0,true,47,47
52,influence_mapping,2153905,0.000825049,0,true,36,36
52,influence_mapping,2153906,0.000825049,0,true,40,40
52,influence_mapping,2153907,0.000825049,0,true,18,18
52,influence_mapping,2153908,0.000825049,0,true,19,19
52,influence_mapping,2153909,0.000825049,0,true,35,35
52,influence_mapping,2153910,0.000825049,0,true,22,22
52,influence_mapping,2153911,0.000825049,0,true,9,9
52,influence_mapping,2153912,0.000825049,0,true,3,3
52,influence_mapping,2153913,0.000825049,0,true,2,2
52,influence_mapping,2153914,0.000825049,0,true,43,43
52,influence_mapping,2153915,0.000825049,0,true,8,8
52,influence_mapping,2153916,0.000825049,0,true,10,10
52,influence_mapping,2153917,0.000825049,0,true,21,21
52,influence_mapping,2153918,0.000825049,0,true,42,42
52,influence_mapping,2153919,0.000825049,0,true,0,0
52,influence_mapping,2153920,0.000825049,0,true,20,20
52,influence_mapping,2153921,0.000825049,0,true,56,56
52,influence_mapping,2153922,0.000825049,0,true,61,61
52,influence_mapping,2153923,0.000825049,0,true,7,7
52,influence_mapping,2153924,0.000825049,0,true,3,3
52,influence_mapping,2153925,0.000825049,0,true,50,50
52,influence_mapping,2153926,0.000825049,0,true,31,31
52,influence_mapping,2153927,0.000825049,0,true,27,27
52,influence_mapping,2153928,0.000825049,0,true,60,60
52,influence_mapping,2153929,0.000825049,0,true,51,51
52,influence_mapping,2153930,0.000825049,0,true,1,1
52,influence_mapping,2153931,0.000825049,0,true,58,58
52,influence_mapping,2153932,0.000825049,0,true,16,16
52,influence_mapping,2153933,0.000825049,0,true,10,10
52,influence_mapping,2153934,0.000825049,0,true,2,2
52,influence_mapping,2153935,0.000825049,0,true,62,62
52,influence_mapping,2153936,0.000825049,0,true,56,56
52,influence_mapping,2153937,0.000825049,0,true,59,59
52,influence_mapping,2153938,0.000825049,0,true,11,11
52,influence_mapping,2153939,0.000825049,0,true,48,48
52,influence_mapping,2153940,0.000825049,0,true,57,57
52,influence_mapping,2153941,0.000825049,0,true,53,53
52,influence_mapping,2153942,0.000825049,0,true,5,5
52,influence_mapping,2153943,0.000825049,0,true,19,19
52,influence_mapping,2153944,0.000825049,0,true,4,4
52,influence_mapping,2153945,0.000825049,0,true,55,55
52,influence_mapping,2153946,0.000825049,0,true,41,41
52,influence_mapping,2153947,0.000825049,0,true,42,42
52,influence_mapping,2153948,0.000825049,0,true,52,52
52,influence_mapping,2153949,0.000825049,0,true,54,54
52,influence_mapping,2153950,0.000825049,0,true,40,40
52,influence_mapping,2153951,0.000825049,0,true,15,15
52,influence_mapping,2153952,0.000825049,0,true,14,14
53,residual,2153836,0.004583973,0,true,57,57
53,residual,2153854,0.004583973,0,true,11,11
53,residual,2153858,0.004583973,0,true,63,63
53,residual,2153859,0.004583973,0,true,17,17
53,residual,2153860,0.004583973,0,true,48,48
53,residual,2153861,0.004583973,0,true,37,37
53,residual,2153862,0.004583973,0,true,55,55
53,residual,2153863,0.004583973,0,true,4,4
53,residual,2153864,0.004583973,0,true,6,6
53,residual,2153865,0.004583973,0,true,53,53
53,residual,2153866,0.004583973,0,true,31,31
53,residual,2153867,0.004583973,0,true,25,25
53,residual,2153868,0.004583973,0,true,49,49
53,residual,2153869,0.004583973,0,true,24,24
53,residual,2153870,0.004583973,0,true,11,11
53,residual,2153871,0.004583973,0,true,38,38
53,residual,2153872,0.004583973,0,true,59,59
53,residual,2153873,0.004583973,0,true,60,60
53,residual,2153874,0.004583973,0,true,51,51
53,residual,2153875,0.004583973,0,true,61,61
53,residual,2153876,0.004583973,0,true,54,54
53,residual,2153877,0.004583973,0,true,50,50
53,residual,2153878,0.004583973,0,true,62,62
53,residual,2153879,0.004583973,0,true,23,23
53,residual,2153880,0.004583973,0,true,5,5
53,residual,2153881,0.004583973,0,true,52,52
53,residual,2153882,0.004583973,0,true,41,41
53,residual,2153883,0.004583973,0,true,7,7
53,residual,2153884,0.004583973,0,true,14,14
53,residual,2153886,0.004583973,0,true,28,28
53,residual,2153887,0.004583973,0,true,26,26
53,residual,2153888,0.004583973,0,true,1,1
53,residual,2153889,0.004583973,0,true,33,33
53,residual,2153890,0.004583973,0,true,32,32
53,residual,2153891,0.004583973,0,true,27,27
53,residual,2153892,0.004583973,0,true,15,15
53,residual,2153893,0.004583973,0,true,58,58
53,residual,2153894,0.004583973,0,true,16,16
53,residual,2153895,0.004583973,0,true,12,12
53,residual,2153896,0.004583973,0,true,34,34
53,residual,2153897,0.004583973,0,true,29,29
53,residual,2153898,0.004583973,0,true,44,44
53,residual,2153899,0.004583973,0,true,30,30
53,residual,2153900,0.004583973,0,true,46,46
53,residual,2153901,0.004583973,0,true,39,39
53,residual,2153902,0.004583973,0,true,45,45
53,residual,2153903,0.004583973,0,true,13,13
53,residual,2153904,0.004583973,0,true,47,47
53,residual,2153905,0.004583973,0,true,36,36
53,residual,2153906,0.004583973,0,true,40,40
53,residual,2153907,0.004583973,0,true,18,18
53,residual,2153908,0.004583973,0,true,19,19
53,residual,2153909,0.004583973,0,true,35,35
53,residual,2153910,0.004583973,0,true,22,22
53,residual,2153911,0.004583973,0,true,9,9
53,residual,2153912,0.004583973,0,true,3,3
53,residual,2153913,0.004583973,0,true,2,2
53,residual,2153914,0.004583973,0,true,43,43
53,residual,2153915,0.004583973,0,true,8,8
53,residual,2153916,0.004583973,0,true,10,10
53,residual,2153917,0.004583973,0,true,21,21
53,residual,2153918,0.004583973,0,true,42,42
53,residual,2153919,0.004583973,0,true,0,0
53,residual,2153920,0.004583973,0,true,20,20
53,residual,2153921,0.004583973,0,true,56,56
53,residual,2153922,0.004583973,0,true,61,61
53,residual,2153923,0.004583973,0,true,7,7
53,residual,2153924,0.004583973,0,true,3,3
53,residual,2153925,0.004583973,0,true,50,50
53,residual,2153926,0.004583973,0,true,31,31
53,residual,2153927,0.004583973,0,true,27,27
53,residual,2153928,0.004583973,0,true,60,60
53,residual,2153929,0.004583973,0,true,51,51
53,residual,2153930,0.004583973,0,true,1,1
53,residual,2153931,0.004583973,0,true,58,58
53,residual,2153932,0.004583973,0,true,16,16
53,residual,2153933,0.004583973,0,true,10,10
53,residual,2153934,0.004583973,0,true,2,2
53,residual,2153935,0.004583973,0,true,62,62
53,residual,2153936,0.004583973,0,true,56,56
53,residual,2153937,0.004583973,0,true,59,59
53,residual,2153938,0.004583973,0,true,11,11
53,residual,2153939,0.004583973,0,true,48,48
53,residual,2153940,0.004583973,0,true,57,57
53,residual,2153941,0.004583973,0,true,53,53
53,residual,2153942,0.004583973,0,true,5,5
53,residual,2153943,0.004583973,0,true,19,19
53,residual,2153944,0.004583973,0,true,4,4
53,residual,2153945,0.004583973,0,true,55,55
53,residual,2153946,0.004583973,0,true,41,41
53,residual,2153947,0.004583973,0,true,42,42
53,residual,2153948,0.004583973,0,true,52,52
53,residual,2153949,0.004583973,0,true,54,54
53,residual,2153950,0.004583973,0,true,40,40
53,residual,2153951,0.004583973,0,true,15,15
53,residual,2153952,0.004583973,0,true,14,14
54,nearfield_update,2153836,0.279860262,20,true,57,57
54,nearfield_update,2153854,0.279860262,0,true,11,11
54,nearfield_update,2153858,0.279860262,15,true,63,63
54,nearfield_update,2153859,0.279860262,5,true,17,17
54,nearfield_update,2153860,0.279860262,10,true,48,48
54,nearfield_update,2153861,0.279860262,24,true,37,37
54,nearfield_update,2153862,0.279860262,6,true,55,55
54,nearfield_update,2153863,0.279860262,22,true,4,4
54,nearfield_update,2153864,0.279860262,21,true,6,6
54,nearfield_update,2153865,0.279860262,2,true,53,53
54,nearfield_update,2153866,0.279860262,2,true,31,31
54,nearfield_update,2153867,0.279860262,18,true,25,25
54,nearfield_update,2153868,0.279860262,7,true,49,49
54,nearfield_update,2153869,0.279860262,17,true,24,24
54,nearfield_update,2153870,0.279860262,24,true,11,11
54,nearfield_update,2153871,0.279860262,19,true,38,38
54,nearfield_update,2153872,0.279860262,16,true,59,59
54,nearfield_update,2153873,0.279860262,16,true,60,60
54,nearfield_update,2153874,0.279860262,2,true,51,51
54,nearfield_update,2153875,0.279860262,15,true,61,61
54,nearfield_update,2153876,0.279860262,11,true,54,54
54,nearfield_update,2153877,0.279860262,1,true,50,50
54,nearfield_update,2153878,0.279860262,1,true,62,62
54,nearfield_update,2153879,0.279860262,16,true,23,23
54,nearfield_update,2153880,0.279860262,21,true,5,5
54,nearfield_update,2153881,0.279860262,6,true,52,52
54,nearfield_update,2153882,0.279860262,21,true,41,41
54,nearfield_update,2153883,0.279860262,22,true,7,7
54,nearfield_update,2153884,0.279860262,23,true,14,14
54,nearfield_update,2153886,0.279860262,17,true,28,28
54,nearfield_update,2153887,0.279860262,16,true,26,26
54,nearfield_update,2153888,0.279860262,22,true,1,1
54,nearfield_update,2153889,0.279860262,21,true,33,33
54,nearfield_update,2153890,0.279860262,20,true,32,32
54,nearfield_update,2153891,0.279860262,17,true,27,27
54,nearfield_update,2153892,0.279860262,24,true,15,15
54,nearfield_update,2153893,0.279860262,12,true,58,58
54,nearfield_update,2153894,0.279860262,17,true,16,16
54,nearfield_update,2153895,0.279860262,23,true,12,12
54,nearfield_update,2153896,0.279860262,21,true,34,34
54,nearfield_update,2153897,0.279860262,17,true,29,29
54,nearfield_update,2153898,0.279860262,21,true,44,44
54,nearfield_update,2153899,0.279860262,17,true,30,30
54,nearfield_update,2153900,0.279860262,20,true,46,46
54,nearfield_update,2153901,0.279860262,20,true,39,39
54,nearfield_update,2153902,0.279860262,21,true,45,45
54,nearfield_update,2153903,0.279860262,24,true,13,13
54,nearfield_update,2153904,0.279860262,21,true,47,47
54,nearfield_update,2153905,0.279860262,22,true,36,36
54,nearfield_update,2153906,0.279860262,18,true,40,18
54,nearfield_update,2153907,0.279860262,17,true,18,19
54,nearfield_update,2153908,0.279860262,16,true,19,20
54,nearfield_update,2153909,0.279860262,21,true,35,35
54,nearfield_update,2153910,0.279860262,17,true,22,22
54,nearfield_update,2153911,0.279860262,23,true,9,32
54,nearfield_update,2153912,0.279860262,23,true,3,3
54,nearfield_update,2153913,0.279860262,18,true,2,62
54,nearfield_update,2153914,0.279860262,21,true,43,43
54,nearfield_update,2153915,0.279860262,23,true,8,8
54,nearfield_update,2153916,0.279860262,23,true,10,0
54,nearfield_update,2153917,0.279860262,19,true,21,40
54,nearfield_update,2153918,0.279860262,20,true,42,42
54,nearfield_update,2153919,0.279860262,22,true,0,0
54,nearfield_update,2153920,0.279860262,17,true,20,21
54,nearfield_update,2153921,0.279860262,12,true,56,56
54,nearfield_update,2153922,0.279860262,0,true,61,61
54,nearfield_update,2153923,0.279860262,0,true,7,7
54,nearfield_update,2153924,0.279860262,0,true,3,3
54,nearfield_update,2153925,0.279860262,0,true,50,50
54,nearfield_update,2153926,0.279860262,0,true,31,31
54,nearfield_update,2153927,0.279860262,0,true,27,27
54,nearfield_update,2153928,0.279860262,0,true,60,60
54,nearfield_update,2153929,0.279860262,0,true,51,51
54,nearfield_update,2153930,0.279860262,0,true,1,1
54,nearfield_update,2153931,0.279860262,0,true,58,58
54,nearfield_update,2153932,0.279860262,0,true,16,16
54,nearfield_update,2153933,0.279860262,0,true,10,10
54,nearfield_update,2153934,0.279860262,0,true,2,2
54,nearfield_update,2153935,0.279860262,0,true,62,62
54,nearfield_update,2153936,0.279860262,0,true,56,56
54,nearfield_update,2153937,0.279860262,0,true,59,59
54,nearfield_update,2153938,0.279860262,0,true,11,11
54,nearfield_update,2153939,0.279860262,0,true,48,48
54,nearfield_update,2153940,0.279860262,0,true,57,57
54,nearfield_update,2153941,0.279860262,0,true,53,53
54,nearfield_update,2153942,0.279860262,0,true,5,5
54,nearfield_update,2153943,0.279860262,0,true,19,19
54,nearfield_update,2153944,0.279860262,0,true,4,4
54,nearfield_update,2153945,0.279860262,0,true,55,55
54,nearfield_update,2153946,0.279860262,0,true,41,41
54,nearfield_update,2153947,0.279860262,0,true,42,42
54,nearfield_update,2153948,0.279860262,0,true,52,52
54,nearfield_update,2153949,0.279860262,0,true,54,54
54,nearfield_update,2153950,0.279860262,0,true,40,40
54,nearfield_update,2153951,0.279860262,0,true,15,15
54,nearfield_update,2153952,0.279860262,0,true,14,14
55,fmm,2153836,0.0459284,3,true,57,58
55,fmm,2153854,0.0459284,0,true,11,11
55,fmm,2153858,0.0459284,2,true,63,63
55,fmm,2153859,0.0459284,2,true,17,17
55,fmm,2153860,0.0459284,2,true,48,48
55,fmm,2153861,0.0459284,2,true,37,35
55,fmm,2153862,0.0459284,3,true,55,55
55,fmm,2153863,0.0459284,2,true,4,62
55,fmm,2153864,0.0459284,2,true,6,6
55,fmm,2153865,0.0459284,3,true,53,53
55,fmm,2153866,0.0459284,2,true,31,31
55,fmm,2153867,0.0459284,1,true,25,25
55,fmm,2153868,0.0459284,2,true,49,49
55,fmm,2153869,0.0459284,2,true,24,24
55,fmm,2153870,0.0459284,2,true,11,11
55,fmm,2153871,0.0459284,1,true,38,38
55,fmm,2153872,0.0459284,2,true,59,60
55,fmm,2153873,0.0459284,2,true,60,61
55,fmm,2153874,0.0459284,2,true,51,51
55,fmm,2153875,0.0459284,2,true,61,56
55,fmm,2153876,0.0459284,2,true,54,54
55,fmm,2153877,0.0459284,2,true,50,50
55,fmm,2153878,0.0459284,2,true,62,57
55,fmm,2153879,0.0459284,2,true,23,23
55,fmm,2153880,0.0459284,2,true,5,5
55,fmm,2153881,0.0459284,2,true,52,52
55,fmm,2153882,0.0459284,2,true,41,41
55,fmm,2153883,0.0459284,2,true,7,7
55,fmm,2153884,0.0459284,2,true,14,14
55,fmm,2153886,0.0459284,2,true,28,28
55,fmm,2153887,0.0459284,2,true,26,26
55,fmm,2153888,0.0459284,2,true,1,1
55,fmm,2153889,0.0459284,1,true,33,33
55,fmm,2153890,0.0459284,2,true,32,32
55,fmm,2153891,0.0459284,2,true,27,27
55,fmm,2153892,0.0459284,2,true,15,15
55,fmm,2153893,0.0459284,2,true,58,59
55,fmm,2153894,0.0459284,2,true,16,16
55,fmm,2153895,0.0459284,2,true,12,12
55,fmm,2153896,0.0459284,2,true,34,34
55,fmm,2153897,0.0459284,2,true,29,29
55,fmm,2153898,0.0459284,2,true,44,44
55,fmm,2153899,0.0459284,2,true,30,30
55,fmm,2153900,0.0459284,2,true,46,46
55,fmm,2153901,0.0459284,2,true,39,39
55,fmm,2153902,0.0459284,2,true,45,45
55,fmm,2153903,0.0459284,2,true,13,13
55,fmm,2153904,0.0459284,2,true,47,47
55,fmm,2153905,0.0459284,2,true,36,36
55,fmm,2153906,0.0459284,1,true,18,18
55,fmm,2153907,0.0459284,2,true,19,19
55,fmm,2153908,0.0459284,2,true,20,20
55,fmm,2153909,0.0459284,2,true,35,37
55,fmm,2153910,0.0459284,2,true,22,22
55,fmm,2153911,0.0459284,2,true,32,42
55,fmm,2153912,0.0459284,2,true,3,3
55,fmm,2153913,0.0459284,3,true,62,61
55,fmm,2153914,0.0459284,2,true,43,43
55,fmm,2153915,0.0459284,2,true,8,8
55,fmm,2153916,0.0459284,1,true,0,0
55,fmm,2153917,0.0459284,1,true,40,40
55,fmm,2153918,0.0459284,2,true,42,35
55,fmm,2153919,0.0459284,2,true,0,4
55,fmm,2153920,0.0459284,0,true,21,21
55,fmm,2153921,0.0459284,0,true,56,60
55,fmm,2153922,0.0459284,0,true,61,61
55,fmm,2153923,0.0459284,0,true,7,7
55,fmm,2153924,0.0459284,0,true,3,3
55,fmm,2153925,0.0459284,0,true,50,50
55,fmm,2153926,0.0459284,0,true,31,31
55,fmm,2153927,0.0459284,0,true,27,27
55,fmm,2153928,0.0459284,0,true,60,60
55,fmm,2153929,0.0459284,0,true,51,51
55,fmm,2153930,0.0459284,0,true,1,1
55,fmm,2153931,0.0459284,0,true,58,58
55,fmm,2153932,0.0459284,0,true,16,16
55,fmm,2153933,0.0459284,0,true,10,10
55,fmm,2153934,0.0459284,0,true,2,2
55,fmm,2153935,0.0459284,0,true,62,62
55,fmm,2153936,0.0459284,0,true,56,56
55,fmm,2153937,0.0459284,0,true,59,59
55,fmm,2153938,0.0459284,0,true,11,11
55,fmm,2153939,0.0459284,0,true,48,48
55,fmm,2153940,0.0459284,0,true,57,57
55,fmm,2153941,0.0459284,0,true,53,53
55,fmm,2153942,0.0459284,0,true,5,5
55,fmm,2153943,0.0459284,0,true,19,19
55,fmm,2153944,0.0459284,0,true,4,4
55,fmm,2153945,0.0459284,0,true,55,55
55,fmm,2153946,0.0459284,0,true,41,41
55,fmm,2153947,0.0459284,0,true,42,42
55,fmm,2153948,0.0459284,0,true,52,52
55,fmm,2153949,0.0459284,0,true,54,54
55,fmm,2153950,0.0459284,0,true,40,40
55,fmm,2153951,0.0459284,0,true,15,15
55,fmm,2153952,0.0459284,0,true,14,14
56,influence_mapping,2153836,0.000770115,0,true,58,58
56,influence_mapping,2153854,0.000770115,0,true,11,11
56,influence_mapping,2153858,0.000770115,0,true,63,63
56,influence_mapping,2153859,0.000770115,0,true,17,17
56,influence_mapping,2153860,0.000770115,0,true,48,48
56,influence_mapping,2153861,0.000770115,0,true,35,35
56,influence_mapping,2153862,0.000770115,0,true,55,55
56,influence_mapping,2153863,0.000770115,0,true,62,62
56,influence_mapping,2153864,0.000770115,0,true,6,6
56,influence_mapping,2153865,0.000770115,0,true,53,53
56,influence_mapping,2153866,0.000770115,0,true,31,31
56,influence_mapping,2153867,0.000770115,0,true,25,25
56,influence_mapping,2153868,0.000770115,0,true,49,49
56,influence_mapping,2153869,0.000770115,0,true,24,24
56,influence_mapping,2153870,0.000770115,0,true,11,11
56,influence_mapping,2153871,0.000770115,0,true,38,38
56,influence_mapping,2153872,0.000770115,0,true,60,60
56,influence_mapping,2153873,0.000770115,0,true,61,61
56,influence_mapping,2153874,0.000770115,0,true,51,51
56,influence_mapping,2153875,0.000770115,0,true,56,56
56,influence_mapping,2153876,0.000770115,0,true,54,54
56,influence_mapping,2153877,0.000770115,0,true,50,50
56,influence_mapping,2153878,0.000770115,0,true,57,57
56,influence_mapping,2153879,0.000770115,0,true,23,23
56,influence_mapping,2153880,0.000770115,0,true,5,5
56,influence_mapping,2153881,0.000770115,0,true,52,52
56,influence_mapping,2153882,0.000770115,0,true,41,41
56,influence_mapping,2153883,0.000770115,0,true,7,7
56,influence_mapping,2153884,0.000770115,0,true,14,14
56,influence_mapping,2153886,0.000770115,0,true,28,28
56,influence_mapping,2153887,0.000770115,0,true,26,26
56,influence_mapping,2153888,0.000770115,0,true,1,1
56,influence_mapping,2153889,0.000770115,0,true,33,33
56,influence_mapping,2153890,0.000770115,0,true,32,32
56,influence_mapping,2153891,0.000770115,0,true,27,27
56,influence_mapping,2153892,0.000770115,0,true,15,15
56,influence_mapping,2153893,0.000770115,0,true,59,59
56,influence_mapping,2153894,0.000770115,0,true,16,16
56,influence_mapping,2153895,0.000770115,0,true,12,12
56,influence_mapping,2153896,0.000770115,0,true,34,34
56,influence_mapping,2153897,0.000770115,0,true,29,29
56,influence_mapping,2153898,0.000770115,0,true,44,44
56,influence_mapping,2153899,0.000770115,0,true,30,30
56,influence_mapping,2153900,0.000770115,0,true,46,46
56,influence_mapping,2153901,0.000770115,0,true,39,39
56,influence_mapping,2153902,0.000770115,0,true,45,45
56,influence_mapping,2153903,0.000770115,0,true,13,13
56,influence_mapping,2153904,0.000770115,0,true,47,47
56,influence_mapping,2153905,0.000770115,0,true,36,36
56,influence_mapping,2153906,0.000770115,0,true,18,18
56,influence_mapping,2153907,0.000770115,0,true,19,19
56,influence_mapping,2153908,0.000770115,0,true,20,20
56,influence_mapping,2153909,0.000770115,0,true,37,37
56,influence_mapping,2153910,0.000770115,0,true,22,22
56,influence_mapping,2153911,0.000770115,0,true,42,42
56,influence_mapping,2153912,0.000770115,0,true,3,3
56,influence_mapping,2153913,0.000770115,0,true,61,61
56,influence_mapping,2153914,0.000770115,0,true,43,43
56,influence_mapping,2153915,0.000770115,0,true,8,8
56,influence_mapping,2153916,0.000770115,0,true,0,0
56,influence_mapping,2153917,0.000770115,0,true,40,40
56,influence_mapping,2153918,0.000770115,0,true,35,35
56,influence_mapping,2153919,0.000770115,0,true,4,4
56,influence_mapping,2153920,0.000770115,0,true,21,21
56,influence_mapping,2153921,0.000770115,0,true,60,60
56,influence_mapping,2153922,0.000770115,0,true,61,61
56,influence_mapping,2153923,0.000770115,0,true,7,7
56,influence_mapping,2153924,0.000770115,0,true,3,3
56,influence_mapping,2153925,0.000770115,0,true,50,50
56,influence_mapping,2153926,0.000770115,0,true,31,31
56,influence_mapping,2153927,0.000770115,0,true,27,27
56,influence_mapping,2153928,0.000770115,0,true,60,60
56,influence_mapping,2153929,0.000770115,0,true,51,51
56,influence_mapping,2153930,0.000770115,0,true,1,1
56,influence_mapping,2153931,0.000770115,0,true,58,58
56,influence_mapping,2153932,0.000770115,0,true,16,16
56,influence_mapping,2153933,0.000770115,0,true,10,10
56,influence_mapping,2153934,0.000770115,0,true,2,2
56,influence_mapping,2153935,0.000770115,0,true,62,62
56,influence_mapping,2153936,0.000770115,0,true,56,56
56,influence_mapping,2153937,0.000770115,0,true,59,59
56,influence_mapping,2153938,0.000770115,0,true,11,11
56,influence_mapping,2153939,0.000770115,0,true,48,48
56,influence_mapping,2153940,0.000770115,0,true,57,57
56,influence_mapping,2153941,0.000770115,0,true,53,53
56,influence_mapping,2153942,0.000770115,0,true,5,5
56,influence_mapping,2153943,0.000770115,0,true,19,19
56,influence_mapping,2153944,0.000770115,0,true,4,4
56,influence_mapping,2153945,0.000770115,0,true,55,55
56,influence_mapping,2153946,0.000770115,0,true,41,41
56,influence_mapping,2153947,0.000770115,0,true,42,42
56,influence_mapping,2153948,0.000770115,0,true,52,52
56,influence_mapping,2153949,0.000770115,0,true,54,54
56,influence_mapping,2153950,0.000770115,0,true,40,40
56,influence_mapping,2153951,0.000770115,0,true,15,15
56,influence_mapping,2153952,0.000770115,0,true,14,14
57,residual,2153836,0.005015373,0,true,58,58
57,residual,2153854,0.005015373,0,true,11,11
57,residual,2153858,0.005015373,0,true,63,63
57,residual,2153859,0.005015373,0,true,17,17
57,residual,2153860,0.005015373,0,true,48,48
57,residual,2153861,0.005015373,0,true,35,35
57,residual,2153862,0.005015373,0,true,55,55
57,residual,2153863,0.005015373,0,true,62,62
57,residual,2153864,0.005015373,0,true,6,6
57,residual,2153865,0.005015373,0,true,53,53
57,residual,2153866,0.005015373,0,true,31,31
57,residual,2153867,0.005015373,0,true,25,25
57,residual,2153868,0.005015373,0,true,49,49
57,residual,2153869,0.005015373,0,true,24,24
57,residual,2153870,0.005015373,0,true,11,11
57,residual,2153871,0.005015373,0,true,38,38
57,residual,2153872,0.005015373,0,true,60,60
57,residual,2153873,0.005015373,0,true,61,61
57,residual,2153874,0.005015373,0,true,51,51
57,residual,2153875,0.005015373,0,true,56,56
57,residual,2153876,0.005015373,0,true,54,54
57,residual,2153877,0.005015373,0,true,50,50
57,residual,2153878,0.005015373,0,true,57,57
57,residual,2153879,0.005015373,0,true,23,23
57,residual,2153880,0.005015373,0,true,5,5
57,residual,2153881,0.005015373,0,true,52,52
57,residual,2153882,0.005015373,0,true,41,41
57,residual,2153883,0.005015373,0,true,7,7
57,residual,2153884,0.005015373,0,true,14,14
57,residual,2153886,0.005015373,0,true,28,28
57,residual,2153887,0.005015373,0,true,26,26
57,residual,2153888,0.005015373,0,true,1,1
57,residual,2153889,0.005015373,0,true,33,33
57,residual,2153890,0.005015373,0,true,32,32
57,residual,2153891,0.005015373,0,true,27,27
57,residual,2153892,0.005015373,0,true,15,15
57,residual,2153893,0.005015373,0,true,59,59
57,residual,2153894,0.005015373,0,true,16,16
57,residual,2153895,0.005015373,0,true,12,12
57,residual,2153896,0.005015373,0,true,34,34
57,residual,2153897,0.005015373,0,true,29,29
57,residual,2153898,0.005015373,0,true,44,44
57,residual,2153899,0.005015373,0,true,30,30
57,residual,2153900,0.005015373,0,true,46,46
57,residual,2153901,0.005015373,0,true,39,39
57,residual,2153902,0.005015373,0,true,45,45
57,residual,2153903,0.005015373,0,true,13,13
57,residual,2153904,0.005015373,0,true,47,47
57,residual,2153905,0.005015373,0,true,36,36
57,residual,2153906,0.005015373,0,true,18,18
57,residual,2153907,0.005015373,0,true,19,19
57,residual,2153908,0.005015373,0,true,20,20
57,residual,2153909,0.005015373,0,true,37,37
57,residual,2153910,0.005015373,0,true,22,22
57,residual,2153911,0.005015373,0,true,42,42
57,residual,2153912,0.005015373,0,true,3,3
57,residual,2153913,0.005015373,0,true,61,61
57,residual,2153914,0.005015373,0,true,43,43
57,residual,2153915,0.005015373,0,true,8,8
57,residual,2153916,0.005015373,0,true,0,0
57,residual,2153917,0.005015373,0,true,40,40
57,residual,2153918,0.005015373,0,true,35,35
57,residual,2153919,0.005015373,0,true,4,4
57,residual,2153920,0.005015373,0,true,21,21
57,residual,2153921,0.005015373,0,true,60,60
57,residual,2153922,0.005015373,0,true,61,61
57,residual,2153923,0.005015373,0,true,7,7
57,residual,2153924,0.005015373,0,true,3,3
57,residual,2153925,0.005015373,0,true,50,50
57,residual,2153926,0.005015373,0,true,31,31
57,residual,2153927,0.005015373,0,true,27,27
57,residual,2153928,0.005015373,0,true,60,60
57,residual,2153929,0.005015373,0,true,51,51
57,residual,2153930,0.005015373,0,true,1,1
57,residual,2153931,0.005015373,0,true,58,58
57,residual,2153932,0.005015373,0,true,16,16
57,residual,2153933,0.005015373,0,true,10,10
57,residual,2153934,0.005015373,0,true,2,2
57,residual,2153935,0.005015373,0,true,62,62
57,residual,2153936,0.005015373,0,true,56,56
57,residual,2153937,0.005015373,0,true,59,59
57,residual,2153938,0.005015373,0,true,11,11
57,residual,2153939,0.005015373,0,true,48,48
57,residual,2153940,0.005015373,0,true,57,57
57,residual,2153941,0.005015373,0,true,53,53
57,residual,2153942,0.005015373,0,true,5,5
57,residual,2153943,0.005015373,0,true,19,19
57,residual,2153944,0.005015373,0,true,4,4
57,residual,2153945,0.005015373,0,true,55,55
57,residual,2153946,0.005015373,0,true,41,41
57,residual,2153947,0.005015373,0,true,42,42
57,residual,2153948,0.005015373,0,true,52,52
57,residual,2153949,0.005015373,0,true,54,54
57,residual,2153950,0.005015373,0,true,40,40
57,residual,2153951,0.005015373,0,true,15,15
57,residual,2153952,0.005015373,0,true,14,14
58,nearfield_update,2153836,0.278196368,21,true,58,58
58,nearfield_update,2153854,0.278196368,0,true,11,11
58,nearfield_update,2153858,0.278196368,15,true,63,63
58,nearfield_update,2153859,0.278196368,5,true,17,17
58,nearfield_update,2153860,0.278196368,12,true,48,48
58,nearfield_update,2153861,0.278196368,23,true,35,32
58,nearfield_update,2153862,0.278196368,7,true,55,55
58,nearfield_update,2153863,0.278196368,12,true,62,57
58,nearfield_update,2153864,0.278196368,21,true,6,6
58,nearfield_update,2153865,0.278196368,1,true,53,53
58,nearfield_update,2153866,0.278196368,1,true,31,31
58,nearfield_update,2153867,0.278196368,19,true,25,25
58,nearfield_update,2153868,0.278196368,8,true,49,49
58,nearfield_update,2153869,0.278196368,18,true,24,24
58,nearfield_update,2153870,0.278196368,25,true,11,11
58,nearfield_update,2153871,0.278196368,19,true,38,38
58,nearfield_update,2153872,0.278196368,15,true,60,59
58,nearfield_update,2153873,0.278196368,17,true,61,61
58,nearfield_update,2153874,0.278196368,3,true,51,51
58,nearfield_update,2153875,0.278196368,16,true,56,56
58,nearfield_update,2153876,0.278196368,13,true,54,50
58,nearfield_update,2153877,0.278196368,2,true,50,52
58,nearfield_update,2153878,0.278196368,1,true,57,60
58,nearfield_update,2153879,0.278196368,16,true,23,23
58,nearfield_update,2153880,0.278196368,22,true,5,5
58,nearfield_update,2153881,0.278196368,6,true,52,54
58,nearfield_update,2153882,0.278196368,21,true,41,41
58,nearfield_update,2153883,0.278196368,23,true,7,7
58,nearfield_update,2153884,0.278196368,23,true,14,14
58,nearfield_update,2153886,0.278196368,17,true,28,28
58,nearfield_update,2153887,0.278196368,18,true,26,26
58,nearfield_update,2153888,0.278196368,23,true,1,1
58,nearfield_update,2153889,0.278196368,22,true,33,36
58,nearfield_update,2153890,0.278196368,21,true,32,35
58,nearfield_update,2153891,0.278196368,18,true,27,27
58,nearfield_update,2153892,0.278196368,23,true,15,15
58,nearfield_update,2153893,0.278196368,12,true,59,62
58,nearfield_update,2153894,0.278196368,17,true,16,16
58,nearfield_update,2153895,0.278196368,23,true,12,12
58,nearfield_update,2153896,0.278196368,22,true,34,34
58,nearfield_update,2153897,0.278196368,17,true,29,29
58,nearfield_update,2153898,0.278196368,22,true,44,44
58,nearfield_update,2153899,0.278196368,18,true,30,30
58,nearfield_update,2153900,0.278196368,22,true,46,46
58,nearfield_update,2153901,0.278196368,22,true,39,39
58,nearfield_update,2153902,0.278196368,21,true,45,45
58,nearfield_update,2153903,0.278196368,23,true,13,13
58,nearfield_update,2153904,0.278196368,22,true,47,47
58,nearfield_update,2153905,0.278196368,20,true,36,9
58,nearfield_update,2153906,0.278196368,18,true,18,19
58,nearfield_update,2153907,0.278196368,17,true,19,20
58,nearfield_update,2153908,0.278196368,17,true,20,21
58,nearfield_update,2153909,0.278196368,22,true,37,37
58,nearfield_update,2153910,0.278196368,18,true,22,18
58,nearfield_update,2153911,0.278196368,21,true,42,42
58,nearfield_update,2153912,0.278196368,22,true,3,3
58,nearfield_update,2153913,0.278196368,12,true,61,60
58,nearfield_update,2153914,0.278196368,22,true,43,43
58,nearfield_update,2153915,0.278196368,23,true,8,8
58,nearfield_update,2153916,0.278196368,23,true,0,0
58,nearfield_update,2153917,0.278196368,22,true,40,40
58,nearfield_update,2153918,0.278196368,20,true,35,33
58,nearfield_update,2153919,0.278196368,23,true,4,4
58,nearfield_update,2153920,0.278196368,18,true,21,22
58,nearfield_update,2153921,0.278196368,10,true,60,52
58,nearfield_update,2153922,0.278196368,0,true,61,61
58,nearfield_update,2153923,0.278196368,0,true,7,7
58,nearfield_update,2153924,0.278196368,0,true,3,3
58,nearfield_update,2153925,0.278196368,0,true,50,50
58,nearfield_update,2153926,0.278196368,0,true,31,31
58,nearfield_update,2153927,0.278196368,0,true,27,27
58,nearfield_update,2153928,0.278196368,0,true,60,60
58,nearfield_update,2153929,0.278196368,0,true,51,51
58,nearfield_update,2153930,0.278196368,0,true,1,1
58,nearfield_update,2153931,0.278196368,0,true,58,58
58,nearfield_update,2153932,0.278196368,0,true,16,16
58,nearfield_update,2153933,0.278196368,0,true,10,10
58,nearfield_update,2153934,0.278196368,0,true,2,2
58,nearfield_update,2153935,0.278196368,0,true,62,62
58,nearfield_update,2153936,0.278196368,0,true,56,56
58,nearfield_update,2153937,0.278196368,0,true,59,59
58,nearfield_update,2153938,0.278196368,0,true,11,11
58,nearfield_update,2153939,0.278196368,0,true,48,48
58,nearfield_update,2153940,0.278196368,0,true,57,57
58,nearfield_update,2153941,0.278196368,0,true,53,53
58,nearfield_update,2153942,0.278196368,0,true,5,5
58,nearfield_update,2153943,0.278196368,0,true,19,19
58,nearfield_update,2153944,0.278196368,0,true,4,4
58,nearfield_update,2153945,0.278196368,0,true,55,55
58,nearfield_update,2153946,0.278196368,0,true,41,41
58,nearfield_update,2153947,0.278196368,0,true,42,42
58,nearfield_update,2153948,0.278196368,0,true,52,52
58,nearfield_update,2153949,0.278196368,0,true,54,54
58,nearfield_update,2153950,0.278196368,0,true,40,40
58,nearfield_update,2153951,0.278196368,0,true,15,15
58,nearfield_update,2153952,0.278196368,0,true,14,14
59,fmm,2153836,0.046224616,4,true,58,58
59,fmm,2153854,0.046224616,0,true,11,11
59,fmm,2153858,0.046224616,3,true,63,63
59,fmm,2153859,0.046224616,2,true,17,17
59,fmm,2153860,0.046224616,2,true,48,48
59,fmm,2153861,0.046224616,2,true,32,32
59,fmm,2153862,0.046224616,2,true,55,55
59,fmm,2153863,0.046224616,2,true,57,57
59,fmm,2153864,0.046224616,2,true,6,6
59,fmm,2153865,0.046224616,3,true,53,53
59,fmm,2153866,0.046224616,2,true,31,31
59,fmm,2153867,0.046224616,1,true,25,25
59,fmm,2153868,0.046224616,2,true,49,49
59,fmm,2153869,0.046224616,2,true,24,24
59,fmm,2153870,0.046224616,2,true,11,11
59,fmm,2153871,0.046224616,2,true,38,38
59,fmm,2153872,0.046224616,1,true,59,59
59,fmm,2153873,0.046224616,1,true,61,61
59,fmm,2153874,0.046224616,2,true,51,51
59,fmm,2153875,0.046224616,2,true,56,56
59,fmm,2153876,0.046224616,2,true,50,50
59,fmm,2153877,0.046224616,1,true,52,52
59,fmm,2153878,0.046224616,2,true,60,60
59,fmm,2153879,0.046224616,2,true,23,23
59,fmm,2153880,0.046224616,2,true,5,5
59,fmm,2153881,0.046224616,2,true,54,54
59,fmm,2153882,0.046224616,2,true,41,41
59,fmm,2153883,0.046224616,1,true,7,7
59,fmm,2153884,0.046224616,2,true,14,14
59,fmm,2153886,0.046224616,2,true,28,28
59,fmm,2153887,0.046224616,2,true,26,26
59,fmm,2153888,0.046224616,2,true,1,1
59,fmm,2153889,0.046224616,2,true,36,36
59,fmm,2153890,0.046224616,2,true,35,35
59,fmm,2153891,0.046224616,2,true,27,27
59,fmm,2153892,0.046224616,2,true,15,15
59,fmm,2153893,0.046224616,2,true,62,62
59,fmm,2153894,0.046224616,2,true,16,16
59,fmm,2153895,0.046224616,2,true,12,12
59,fmm,2153896,0.046224616,2,true,34,34
59,fmm,2153897,0.046224616,2,true,29,29
59,fmm,2153898,0.046224616,2,true,44,44
59,fmm,2153899,0.046224616,2,true,30,30
59,fmm,2153900,0.046224616,2,true,46,46
59,fmm,2153901,0.046224616,2,true,39,39
59,fmm,2153902,0.046224616,2,true,45,45
59,fmm,2153903,0.046224616,2,true,13,13
59,fmm,2153904,0.046224616,2,true,47,47
59,fmm,2153905,0.046224616,2,true,9,9
59,fmm,2153906,0.046224616,2,true,19,19
59,fmm,2153907,0.046224616,2,true,20,20
59,fmm,2153908,0.046224616,2,true,21,21
59,fmm,2153909,0.046224616,1,true,37,37
59,fmm,2153910,0.046224616,2,true,18,18
59,fmm,2153911,0.046224616,2,true,42,42
59,fmm,2153912,0.046224616,2,true,3,3
59,fmm,2153913,0.046224616,2,true,60,63
59,fmm,2153914,0.046224616,1,true,43,43
59,fmm,2153915,0.046224616,2,true,8,8
59,fmm,2153916,0.046224616,2,true,0,0
59,fmm,2153917,0.046224616,1,true,40,40
59,fmm,2153918,0.046224616,1,true,33,33
59,fmm,2153919,0.046224616,2,true,4,4
59,fmm,2153920,0.046224616,0,true,22,22
59,fmm,2153921,0.046224616,0,true,52,2
59,fmm,2153922,0.046224616,0,true,61,61
59,fmm,2153923,0.046224616,0,true,7,7
59,fmm,2153924,0.046224616,0,true,3,3
59,fmm,2153925,0.046224616,0,true,50,50
59,fmm,2153926,0.046224616,0,true,31,31
59,fmm,2153927,0.046224616,0,true,27,27
59,fmm,2153928,0.046224616,0,true,60,60
59,fmm,2153929,0.046224616,0,true,51,51
59,fmm,2153930,0.046224616,0,true,1,1
59,fmm,2153931,0.046224616,0,true,58,58
59,fmm,2153932,0.046224616,0,true,16,16
59,fmm,2153933,0.046224616,0,true,10,10
59,fmm,2153934,0.046224616,0,true,2,2
59,fmm,2153935,0.046224616,0,true,62,62
59,fmm,2153936,0.046224616,0,true,56,56
59,fmm,2153937,0.046224616,0,true,59,59
59,fmm,2153938,0.046224616,0,true,11,11
59,fmm,2153939,0.046224616,0,true,48,48
59,fmm,2153940,0.046224616,0,true,57,57
59,fmm,2153941,0.046224616,0,true,53,53
59,fmm,2153942,0.046224616,0,true,5,5
59,fmm,2153943,0.046224616,0,true,19,19
59,fmm,2153944,0.046224616,0,true,4,4
59,fmm,2153945,0.046224616,0,true,55,55
59,fmm,2153946,0.046224616,0,true,41,41
59,fmm,2153947,0.046224616,0,true,42,42
59,fmm,2153948,0.046224616,0,true,52,52
59,fmm,2153949,0.046224616,0,true,54,54
59,fmm,2153950,0.046224616,0,true,40,40
59,fmm,2153951,0.046224616,0,true,15,15
59,fmm,2153952,0.046224616,0,true,14,14
60,influence_mapping,2153836,0.000812786,0,true,58,58
60,influence_mapping,2153854,0.000812786,0,true,11,11
60,influence_mapping,2153858,0.000812786,0,true,63,63
60,influence_mapping,2153859,0.000812786,0,true,17,17
60,influence_mapping,2153860,0.000812786,0,true,48,48
60,influence_mapping,2153861,0.000812786,0,true,32,32
60,influence_mapping,2153862,0.000812786,0,true,55,55
60,influence_mapping,2153863,0.000812786,0,true,57,57
60,influence_mapping,2153864,0.000812786,0,true,6,6
60,influence_mapping,2153865,0.000812786,0,true,53,53
60,influence_mapping,2153866,0.000812786,0,true,31,31
60,influence_mapping,2153867,0.000812786,0,true,25,25
60,influence_mapping,2153868,0.000812786,0,true,49,49
60,influence_mapping,2153869,0.000812786,0,true,24,24
60,influence_mapping,2153870,0.000812786,0,true,11,11
60,influence_mapping,2153871,0.000812786,0,true,38,38
60,influence_mapping,2153872,0.000812786,0,true,59,59
60,influence_mapping,2153873,0.000812786,0,true,61,61
60,influence_mapping,2153874,0.000812786,0,true,51,51
60,influence_mapping,2153875,0.000812786,0,true,56,56
60,influence_mapping,2153876,0.000812786,0,true,50,50
60,influence_mapping,2153877,0.000812786,0,true,52,52
60,influence_mapping,2153878,0.000812786,0,true,60,60
60,influence_mapping,2153879,0.000812786,0,true,23,23
60,influence_mapping,2153880,0.000812786,0,true,5,5
60,influence_mapping,2153881,0.000812786,0,true,54,54
60,influence_mapping,2153882,0.000812786,0,true,41,41
60,influence_mapping,2153883,0.000812786,0,true,7,7
60,influence_mapping,2153884,0.000812786,0,true,14,14
60,influence_mapping,2153886,0.000812786,0,true,28,28
60,influence_mapping,2153887,0.000812786,0,true,26,26
60,influence_mapping,2153888,0.000812786,0,true,1,1
60,influence_mapping,2153889,0.000812786,0,true,36,36
60,influence_mapping,2153890,0.000812786,0,true,35,35
60,influence_mapping,2153891,0.000812786,0,true,27,27
60,influence_mapping,2153892,0.000812786,0,true,15,15
60,influence_mapping,2153893,0.000812786,0,true,62,62
60,influence_mapping,2153894,0.000812786,0,true,16,16
60,influence_mapping,2153895,0.000812786,0,true,12,12
60,influence_mapping,2153896,0.000812786,0,true,34,34
60,influence_mapping,2153897,0.000812786,0,true,29,29
60,influence_mapping,2153898,0.000812786,0,true,44,44
60,influence_mapping,2153899,0.000812786,0,true,30,30
60,influence_mapping,2153900,0.000812786,0,true,46,46
60,influence_mapping,2153901,0.000812786,0,true,39,39
60,influence_mapping,2153902,0.000812786,0,true,45,45
60,influence_mapping,2153903,0.000812786,0,true,13,13
60,influence_mapping,2153904,0.000812786,0,true,47,47
60,influence_mapping,2153905,0.000812786,0,true,9,9
60,influence_mapping,2153906,0.000812786,0,true,19,19
60,influence_mapping,2153907,0.000812786,0,true,20,20
60,influence_mapping,2153908,0.000812786,0,true,21,21
60,influence_mapping,2153909,0.000812786,0,true,37,37
60,influence_mapping,2153910,0.000812786,0,true,18,18
60,influence_mapping,2153911,0.000812786,0,true,42,42
60,influence_mapping,2153912,0.000812786,0,true,3,3
60,influence_mapping,2153913,0.000812786,0,true,63,63
60,influence_mapping,2153914,0.000812786,0,true,43,43
60,influence_mapping,2153915,0.000812786,0,true,8,8
60,influence_mapping,2153916,0.000812786,0,true,0,0
60,influence_mapping,2153917,0.000812786,0,true,40,40
60,influence_mapping,2153918,0.000812786,0,true,33,33
60,influence_mapping,2153919,0.000812786,0,true,4,4
60,influence_mapping,2153920,0.000812786,0,true,22,22
60,influence_mapping,2153921,0.000812786,0,true,2,2
60,influence_mapping,2153922,0.000812786,0,true,61,61
60,influence_mapping,2153923,0.000812786,0,true,7,7
60,influence_mapping,2153924,0.000812786,0,true,3,3
60,influence_mapping,2153925,0.000812786,0,true,50,50
60,influence_mapping,2153926,0.000812786,0,true,31,31
60,influence_mapping,2153927,0.000812786,0,true,27,27
60,influence_mapping,2153928,0.000812786,0,true,60,60
60,influence_mapping,2153929,0.000812786,0,true,51,51
60,influence_mapping,2153930,0.000812786,0,true,1,1
60,influence_mapping,2153931,0.000812786,0,true,58,58
60,influence_mapping,2153932,0.000812786,0,true,16,16
60,influence_mapping,2153933,0.000812786,0,true,10,10
60,influence_mapping,2153934,0.000812786,0,true,2,2
60,influence_mapping,2153935,0.000812786,0,true,62,62
60,influence_mapping,2153936,0.000812786,0,true,56,56
60,influence_mapping,2153937,0.000812786,0,true,59,59
60,influence_mapping,2153938,0.000812786,0,true,11,11
60,influence_mapping,2153939,0.000812786,0,true,48,48
60,influence_mapping,2153940,0.000812786,0,true,57,57
60,influence_mapping,2153941,0.000812786,0,true,53,53
60,influence_mapping,2153942,0.000812786,0,true,5,5
60,influence_mapping,2153943,0.000812786,0,true,19,19
60,influence_mapping,2153944,0.000812786,0,true,4,4
60,influence_mapping,2153945,0.000812786,0,true,55,55
60,influence_mapping,2153946,0.000812786,0,true,41,41
60,influence_mapping,2153947,0.000812786,0,true,42,42
60,influence_mapping,2153948,0.000812786,0,true,52,52
60,influence_mapping,2153949,0.000812786,0,true,54,54
60,influence_mapping,2153950,0.000812786,0,true,40,40
60,influence_mapping,2153951,0.000812786,0,true,15,15
60,influence_mapping,2153952,0.000812786,0,true,14,14
61,residual,2153836,0.005320836,0,true,58,58
61,residual,2153854,0.005320836,0,true,11,11
61,residual,2153858,0.005320836,0,true,63,63
61,residual,2153859,0.005320836,0,true,17,17
61,residual,2153860,0.005320836,0,true,48,48
61,residual,2153861,0.005320836,0,true,32,32
61,residual,2153862,0.005320836,0,true,55,55
61,residual,2153863,0.005320836,0,true,57,57
61,residual,2153864,0.005320836,0,true,6,6
61,residual,2153865,0.005320836,0,true,53,53
61,residual,2153866,0.005320836,0,true,31,31
61,residual,2153867,0.005320836,0,true,25,25
61,residual,2153868,0.005320836,0,true,49,49
61,residual,2153869,0.005320836,0,true,24,24
61,residual,2153870,0.005320836,0,true,11,11
61,residual,2153871,0.005320836,0,true,38,38
61,residual,2153872,0.005320836,0,true,59,59
61,residual,2153873,0.005320836,0,true,61,61
61,residual,2153874,0.005320836,0,true,51,51
61,residual,2153875,0.005320836,0,true,56,56
61,residual,2153876,0.005320836,0,true,50,50
61,residual,2153877,0.005320836,0,true,52,52
61,residual,2153878,0.005320836,0,true,60,60
61,residual,2153879,0.005320836,0,true,23,23
61,residual,2153880,0.005320836,0,true,5,5
61,residual,2153881,0.005320836,0,true,54,54
61,residual,2153882,0.005320836,0,true,41,41
61,residual,2153883,0.005320836,0,true,7,7
61,residual,2153884,0.005320836,0,true,14,14
61,residual,2153886,0.005320836,0,true,28,28
61,residual,2153887,0.005320836,0,true,26,26
61,residual,2153888,0.005320836,0,true,1,1
61,residual,2153889,0.005320836,0,true,36,36
61,residual,2153890,0.005320836,0,true,35,35
61,residual,2153891,0.005320836,0,true,27,27
61,residual,2153892,0.005320836,0,true,15,15
61,residual,2153893,0.005320836,0,true,62,62
61,residual,2153894,0.005320836,0,true,16,16
61,residual,2153895,0.005320836,0,true,12,12
61,residual,2153896,0.005320836,0,true,34,34
61,residual,2153897,0.005320836,0,true,29,29
61,residual,2153898,0.005320836,0,true,44,44
61,residual,2153899,0.005320836,0,true,30,30
61,residual,2153900,0.005320836,0,true,46,46
61,residual,2153901,0.005320836,0,true,39,39
61,residual,2153902,0.005320836,0,true,45,45
61,residual,2153903,0.005320836,0,true,13,13
61,residual,2153904,0.005320836,0,true,47,47
61,residual,2153905,0.005320836,0,true,9,9
61,residual,2153906,0.005320836,0,true,19,19
61,residual,2153907,0.005320836,0,true,20,20
61,residual,2153908,0.005320836,0,true,21,21
61,residual,2153909,0.005320836,0,true,37,37
61,residual,2153910,0.005320836,0,true,18,18
61,residual,2153911,0.005320836,0,true,42,42
61,residual,2153912,0.005320836,0,true,3,3
61,residual,2153913,0.005320836,0,true,63,63
61,residual,2153914,0.005320836,0,true,43,43
61,residual,2153915,0.005320836,0,true,8,8
61,residual,2153916,0.005320836,0,true,0,0
61,residual,2153917,0.005320836,0,true,40,40
61,residual,2153918,0.005320836,0,true,33,33
61,residual,2153919,0.005320836,0,true,4,4
61,residual,2153920,0.005320836,0,true,22,22
61,residual,2153921,0.005320836,0,true,2,2
61,residual,2153922,0.005320836,0,true,61,61
61,residual,2153923,0.005320836,0,true,7,7
61,residual,2153924,0.005320836,0,true,3,3
61,residual,2153925,0.005320836,0,true,50,50
61,residual,2153926,0.005320836,0,true,31,31
61,residual,2153927,0.005320836,0,true,27,27
61,residual,2153928,0.005320836,0,true,60,60
61,residual,2153929,0.005320836,0,true,51,51
61,residual,2153930,0.005320836,0,true,1,1
61,residual,2153931,0.005320836,0,true,58,58
61,residual,2153932,0.005320836,0,true,16,16
61,residual,2153933,0.005320836,0,true,10,10
61,residual,2153934,0.005320836,0,true,2,2
61,residual,2153935,0.005320836,0,true,62,62
61,residual,2153936,0.005320836,0,true,56,56
61,residual,2153937,0.005320836,0,true,59,59
61,residual,2153938,0.005320836,0,true,11,11
61,residual,2153939,0.005320836,0,true,48,48
61,residual,2153940,0.005320836,0,true,57,57
61,residual,2153941,0.005320836,0,true,53,53
61,residual,2153942,0.005320836,0,true,5,5
61,residual,2153943,0.005320836,0,true,19,19
61,residual,2153944,0.005320836,0,true,4,4
61,residual,2153945,0.005320836,0,true,55,55
61,residual,2153946,0.005320836,0,true,41,41
61,residual,2153947,0.005320836,0,true,42,42
61,residual,2153948,0.005320836,0,true,52,52
61,residual,2153949,0.005320836,0,true,54,54
61,residual,2153950,0.005320836,0,true,40,40
61,residual,2153951,0.005320836,0,true,15,15
61,residual,2153952,0.005320836,0,true,14,14
62,nearfield_update,2153836,0.278286046,17,true,58,49
62,nearfield_update,2153854,0.278286046,0,true,11,11
62,nearfield_update,2153858,0.278286046,14,true,63,63
62,nearfield_update,2153859,0.278286046,5,true,17,17
62,nearfield_update,2153860,0.278286046,12,true,48,48
62,nearfield_update,2153861,0.278286046,24,true,32,32
62,nearfield_update,2153862,0.278286046,8,true,55,62
62,nearfield_update,2153863,0.278286046,12,true,57,57
62,nearfield_update,2153864,0.278286046,21,true,6,6
62,nearfield_update,2153865,0.278286046,1,true,53,53
62,nearfield_update,2153866,0.278286046,1,true,31,31
62,nearfield_update,2153867,0.278286046,18,true,25,25
62,nearfield_update,2153868,0.278286046,11,true,49,60
62,nearfield_update,2153869,0.278286046,17,true,24,24
62,nearfield_update,2153870,0.278286046,24,true,11,11
62,nearfield_update,2153871,0.278286046,19,true,38,38
62,nearfield_update,2153872,0.278286046,16,true,59,58
62,nearfield_update,2153873,0.278286046,16,true,61,61
62,nearfield_update,2153874,0.278286046,3,true,51,51
62,nearfield_update,2153875,0.278286046,14,true,56,56
62,nearfield_update,2153876,0.278286046,13,true,50,50
62,nearfield_update,2153877,0.278286046,2,true,52,52
62,nearfield_update,2153878,0.278286046,1,true,60,58
62,nearfield_update,2153879,0.278286046,16,true,23,23
62,nearfield_update,2153880,0.278286046,21,true,5,5
62,nearfield_update,2153881,0.278286046,6,true,54,54
62,nearfield_update,2153882,0.278286046,21,true,41,41
62,nearfield_update,2153883,0.278286046,22,true,7,7
62,nearfield_update,2153884,0.278286046,23,true,14,14
62,nearfield_update,2153886,0.278286046,17,true,28,28
62,nearfield_update,2153887,0.278286046,17,true,26,26
62,nearfield_update,2153888,0.278286046,22,true,1,1
62,nearfield_update,2153889,0.278286046,21,true,36,36
62,nearfield_update,2153890,0.278286046,21,true,35,35
62,nearfield_update,2153891,0.278286046,17,true,27,27
62,nearfield_update,2153892,0.278286046,23,true,15,15
62,nearfield_update,2153893,0.278286046,11,true,62,55
62,nearfield_update,2153894,0.278286046,17,true,16,16
62,nearfield_update,2153895,0.278286046,23,true,12,12
62,nearfield_update,2153896,0.278286046,21,true,34,34
62,nearfield_update,2153897,0.278286046,17,true,29,29
62,nearfield_update,2153898,0.278286046,21,true,44,44
62,nearfield_update,2153899,0.278286046,17,true,30,30
62,nearfield_update,2153900,0.278286046,21,true,46,46
62,nearfield_update,2153901,0.278286046,20,true,39,39
62,nearfield_update,2153902,0.278286046,21,true,45,45
62,nearfield_update,2153903,0.278286046,23,true,13,13
62,nearfield_update,2153904,0.278286046,21,true,47,47
62,nearfield_update,2153905,0.278286046,23,true,9,9
62,nearfield_update,2153906,0.278286046,18,true,19,19
62,nearfield_update,2153907,0.278286046,17,true,20,20
62,nearfield_update,2153908,0.278286046,17,true,21,21
62,nearfield_update,2153909,0.278286046,21,true,37,37
62,nearfield_update,2153910,0.278286046,16,true,18,18
62,nearfield_update,2153911,0.278286046,21,true,42,42
62,nearfield_update,2153912,0.278286046,22,true,3,3
62,nearfield_update,2153913,0.278286046,11,true,63,59
62,nearfield_update,2153914,0.278286046,22,true,43,43
62,nearfield_update,2153915,0.278286046,23,true,8,8
62,nearfield_update,2153916,0.278286046,23,true,0,10
62,nearfield_update,2153917,0.278286046,21,true,40,40
62,nearfield_update,2153918,0.278286046,22,true,33,33
62,nearfield_update,2153919,0.278286046,22,true,4,4
62,nearfield_update,2153920,0.278286046,17,true,22,22
62,nearfield_update,2153921,0.278286046,22,true,2,2
62,nearfield_update,2153922,0.278286046,0,true,61,61
62,nearfield_update,2153923,0.278286046,0,true,7,7
62,nearfield_update,2153924,0.278286046,0,true,3,3
62,nearfield_update,2153925,0.278286046,0,true,50,50
62,nearfield_update,2153926,0.278286046,0,true,31,31
62,nearfield_update,2153927,0.278286046,0,true,27,27
62,nearfield_update,2153928,0.278286046,0,true,60,60
62,nearfield_update,2153929,0.278286046,0,true,51,51
62,nearfield_update,2153930,0.278286046,0,true,1,1
62,nearfield_update,2153931,0.278286046,0,true,58,58
62,nearfield_update,2153932,0.278286046,0,true,16,16
62,nearfield_update,2153933,0.278286046,0,true,10,10
62,nearfield_update,2153934,0.278286046,0,true,2,2
62,nearfield_update,2153935,0.278286046,0,true,62,62
62,nearfield_update,2153936,0.278286046,0,true,56,56
62,nearfield_update,2153937,0.278286046,0,true,59,59
62,nearfield_update,2153938,0.278286046,0,true,11,11
62,nearfield_update,2153939,0.278286046,0,true,48,48
62,nearfield_update,2153940,0.278286046,0,true,57,57
62,nearfield_update,2153941,0.278286046,0,true,53,53
62,nearfield_update,2153942,0.278286046,0,true,5,5
62,nearfield_update,2153943,0.278286046,0,true,19,19
62,nearfield_update,2153944,0.278286046,0,true,4,4
62,nearfield_update,2153945,0.278286046,0,true,55,55
62,nearfield_update,2153946,0.278286046,0,true,41,41
62,nearfield_update,2153947,0.278286046,0,true,42,42
62,nearfield_update,2153948,0.278286046,0,true,52,52
62,nearfield_update,2153949,0.278286046,0,true,54,54
62,nearfield_update,2153950,0.278286046,0,true,40,40
62,nearfield_update,2153951,0.278286046,0,true,15,15
62,nearfield_update,2153952,0.278286046,0,true,14,14
63,fmm,2153836,0.045389309,4,true,49,52
63,fmm,2153854,0.045389309,0,true,11,11
63,fmm,2153858,0.045389309,3,true,63,63
63,fmm,2153859,0.045389309,3,true,17,17
63,fmm,2153860,0.045389309,3,true,48,48
63,fmm,2153861,0.045389309,2,true,32,32
63,fmm,2153862,0.045389309,2,true,62,62
63,fmm,2153863,0.045389309,2,true,57,57
63,fmm,2153864,0.045389309,2,true,6,6
63,fmm,2153865,0.045389309,3,true,53,53
63,fmm,2153866,0.045389309,2,true,31,31
63,fmm,2153867,0.045389309,2,true,25,25
63,fmm,2153868,0.045389309,2,true,60,60
63,fmm,2153869,0.045389309,2,true,24,24
63,fmm,2153870,0.045389309,2,true,11,11
63,fmm,2153871,0.045389309,2,true,38,38
63,fmm,2153872,0.045389309,2,true,58,58
63,fmm,2153873,0.045389309,2,true,61,61
63,fmm,2153874,0.045389309,2,true,51,51
63,fmm,2153875,0.045389309,2,true,56,56
63,fmm,2153876,0.045389309,2,true,50,50
63,fmm,2153877,0.045389309,1,true,52,54
63,fmm,2153878,0.045389309,2,true,58,59
63,fmm,2153879,0.045389309,2,true,23,23
63,fmm,2153880,0.045389309,2,true,5,5
63,fmm,2153881,0.045389309,2,true,54,55
63,fmm,2153882,0.045389309,2,true,41,41
63,fmm,2153883,0.045389309,2,true,7,7
63,fmm,2153884,0.045389309,2,true,14,14
63,fmm,2153886,0.045389309,1,true,28,28
63,fmm,2153887,0.045389309,2,true,26,26
63,fmm,2153888,0.045389309,2,true,1,1
63,fmm,2153889,0.045389309,2,true,36,36
63,fmm,2153890,0.045389309,2,true,35,35
63,fmm,2153891,0.045389309,2,true,27,27
63,fmm,2153892,0.045389309,2,true,15,15
63,fmm,2153893,0.045389309,2,true,55,49
63,fmm,2153894,0.045389309,2,true,16,16
63,fmm,2153895,0.045389309,2,true,12,12
63,fmm,2153896,0.045389309,1,true,34,34
63,fmm,2153897,0.045389309,2,true,29,29
63,fmm,2153898,0.045389309,2,true,44,44
63,fmm,2153899,0.045389309,1,true,30,30
63,fmm,2153900,0.045389309,2,true,46,46
63,fmm,2153901,0.045389309,2,true,39,39
63,fmm,2153902,0.045389309,2,true,45,45
63,fmm,2153903,0.045389309,2,true,13,13
63,fmm,2153904,0.045389309,2,true,47,47
63,fmm,2153905,0.045389309,2,true,9,9
63,fmm,2153906,0.045389309,2,true,19,19
63,fmm,2153907,0.045389309,2,true,20,20
63,fmm,2153908,0.045389309,2,true,21,21
63,fmm,2153909,0.045389309,2,true,37,37
63,fmm,2153910,0.045389309,2,true,18,18
63,fmm,2153911,0.045389309,2,true,42,42
63,fmm,2153912,0.045389309,2,true,3,3
63,fmm,2153913,0.045389309,2,true,59,63
63,fmm,2153914,0.045389309,1,true,43,43
63,fmm,2153915,0.045389309,2,true,8,8
63,fmm,2153916,0.045389309,1,true,10,10
63,fmm,2153917,0.045389309,2,true,40,40
63,fmm,2153918,0.045389309,1,true,33,33
63,fmm,2153919,0.045389309,1,true,4,4
63,fmm,2153920,0.045389309,1,true,22,22
63,fmm,2153921,0.045389309,0,true,2,2
63,fmm,2153922,0.045389309,0,true,61,61
63,fmm,2153923,0.045389309,0,true,7,7
63,fmm,2153924,0.045389309,0,true,3,3
63,fmm,2153925,0.045389309,0,true,50,50
63,fmm,2153926,0.045389309,0,true,31,31
63,fmm,2153927,0.045389309,0,true,27,27
63,fmm,2153928,0.045389309,0,true,60,60
63,fmm,2153929,0.045389309,0,true,51,51
63,fmm,2153930,0.045389309,0,true,1,1
63,fmm,2153931,0.045389309,0,true,58,58
63,fmm,2153932,0.045389309,0,true,16,16
63,fmm,2153933,0.045389309,0,true,10,10
63,fmm,2153934,0.045389309,0,true,2,2
63,fmm,2153935,0.045389309,0,true,62,62
63,fmm,2153936,0.045389309,0,true,56,56
63,fmm,2153937,0.045389309,0,true,59,59
63,fmm,2153938,0.045389309,0,true,11,11
63,fmm,2153939,0.045389309,0,true,48,48
63,fmm,2153940,0.045389309,0,true,57,57
63,fmm,2153941,0.045389309,0,true,53,53
63,fmm,2153942,0.045389309,0,true,5,5
63,fmm,2153943,0.045389309,0,true,19,19
63,fmm,2153944,0.045389309,0,true,4,4
63,fmm,2153945,0.045389309,0,true,55,55
63,fmm,2153946,0.045389309,0,true,41,41
63,fmm,2153947,0.045389309,0,true,42,42
63,fmm,2153948,0.045389309,0,true,52,52
63,fmm,2153949,0.045389309,0,true,54,54
63,fmm,2153950,0.045389309,0,true,40,40
63,fmm,2153951,0.045389309,0,true,15,15
63,fmm,2153952,0.045389309,0,true,14,14
64,influence_mapping,2153836,0.000804901,0,true,52,52
64,influence_mapping,2153854,0.000804901,0,true,11,11
64,influence_mapping,2153858,0.000804901,0,true,63,63
64,influence_mapping,2153859,0.000804901,0,true,17,17
64,influence_mapping,2153860,0.000804901,0,true,48,48
64,influence_mapping,2153861,0.000804901,0,true,32,32
64,influence_mapping,2153862,0.000804901,0,true,62,62
64,influence_mapping,2153863,0.000804901,0,true,57,57
64,influence_mapping,2153864,0.000804901,0,true,6,6
64,influence_mapping,2153865,0.000804901,0,true,53,53
64,influence_mapping,2153866,0.000804901,0,true,31,31
64,influence_mapping,2153867,0.000804901,0,true,25,25
64,influence_mapping,2153868,0.000804901,0,true,60,60
64,influence_mapping,2153869,0.000804901,0,true,24,24
64,influence_mapping,2153870,0.000804901,0,true,11,11
64,influence_mapping,2153871,0.000804901,0,true,38,38
64,influence_mapping,2153872,0.000804901,0,true,58,58
64,influence_mapping,2153873,0.000804901,0,true,61,61
64,influence_mapping,2153874,0.000804901,0,true,51,51
64,influence_mapping,2153875,0.000804901,0,true,56,56
64,influence_mapping,2153876,0.000804901,0,true,50,50
64,influence_mapping,2153877,0.000804901,0,true,54,54
64,influence_mapping,2153878,0.000804901,0,true,59,59
64,influence_mapping,2153879,0.000804901,0,true,23,23
64,influence_mapping,2153880,0.000804901,0,true,5,5
64,influence_mapping,2153881,0.000804901,0,true,55,55
64,influence_mapping,2153882,0.000804901,0,true,41,41
64,influence_mapping,2153883,0.000804901,0,true,7,7
64,influence_mapping,2153884,0.000804901,0,true,14,14
64,influence_mapping,2153886,0.000804901,0,true,28,28
64,influence_mapping,2153887,0.000804901,0,true,26,26
64,influence_mapping,2153888,0.000804901,0,true,1,1
64,influence_mapping,2153889,0.000804901,0,true,36,36
64,influence_mapping,2153890,0.000804901,0,true,35,35
64,influence_mapping,2153891,0.000804901,0,true,27,27
64,influence_mapping,2153892,0.000804901,0,true,15,15
64,influence_mapping,2153893,0.000804901,0,true,49,49
64,influence_mapping,2153894,0.000804901,0,true,16,16
64,influence_mapping,2153895,0.000804901,0,true,12,12
64,influence_mapping,2153896,0.000804901,0,true,34,34
64,influence_mapping,2153897,0.000804901,0,true,29,29
64,influence_mapping,2153898,0.000804901,0,true,44,44
64,influence_mapping,2153899,0.000804901,0,true,30,30
64,influence_mapping,2153900,0.000804901,0,true,46,46
64,influence_mapping,2153901,0.000804901,0,true,39,39
64,influence_mapping,2153902,0.000804901,0,true,45,45
64,influence_mapping,2153903,0.000804901,0,true,13,13
64,influence_mapping,2153904,0.000804901,0,true,47,47
64,influence_mapping,2153905,0.000804901,0,true,9,9
64,influence_mapping,2153906,0.000804901,0,true,19,19
64,influence_mapping,2153907,0.000804901,0,true,20,20
64,influence_mapping,2153908,0.000804901,0,true,21,21
64,influence_mapping,2153909,0.000804901,0,true,37,37
64,influence_mapping,2153910,0.000804901,0,true,18,18
64,influence_mapping,2153911,0.000804901,0,true,42,42
64,influence_mapping,2153912,0.000804901,0,true,3,3
64,influence_mapping,2153913,0.000804901,0,true,63,63
64,influence_mapping,2153914,0.000804901,0,true,43,43
64,influence_mapping,2153915,0.000804901,0,true,8,8
64,influence_mapping,2153916,0.000804901,0,true,10,10
64,influence_mapping,2153917,0.000804901,0,true,40,40
64,influence_mapping,2153918,0.000804901,0,true,33,33
64,influence_mapping,2153919,0.000804901,0,true,4,4
64,influence_mapping,2153920,0.000804901,0,true,22,22
64,influence_mapping,2153921,0.000804901,0,true,2,2
64,influence_mapping,2153922,0.000804901,0,true,61,61
64,influence_mapping,2153923,0.000804901,0,true,7,7
64,influence_mapping,2153924,0.000804901,0,true,3,3
64,influence_mapping,2153925,0.000804901,0,true,50,50
64,influence_mapping,2153926,0.000804901,0,true,31,31
64,influence_mapping,2153927,0.000804901,0,true,27,27
64,influence_mapping,2153928,0.000804901,0,true,60,60
64,influence_mapping,2153929,0.000804901,0,true,51,51
64,influence_mapping,2153930,0.000804901,0,true,1,1
64,influence_mapping,2153931,0.000804901,0,true,58,58
64,influence_mapping,2153932,0.000804901,0,true,16,16
64,influence_mapping,2153933,0.000804901,0,true,10,10
64,influence_mapping,2153934,0.000804901,0,true,2,2
64,influence_mapping,2153935,0.000804901,0,true,62,62
64,influence_mapping,2153936,0.000804901,0,true,56,56
64,influence_mapping,2153937,0.000804901,0,true,59,59
64,influence_mapping,2153938,0.000804901,0,true,11,11
64,influence_mapping,2153939,0.000804901,0,true,48,48
64,influence_mapping,2153940,0.000804901,0,true,57,57
64,influence_mapping,2153941,0.000804901,0,true,53,53
64,influence_mapping,2153942,0.000804901,0,true,5,5
64,influence_mapping,2153943,0.000804901,0,true,19,19
64,influence_mapping,2153944,0.000804901,0,true,4,4
64,influence_mapping,2153945,0.000804901,0,true,55,55
64,influence_mapping,2153946,0.000804901,0,true,41,41
64,influence_mapping,2153947,0.000804901,0,true,42,42
64,influence_mapping,2153948,0.000804901,0,true,52,52
64,influence_mapping,2153949,0.000804901,0,true,54,54
64,influence_mapping,2153950,0.000804901,0,true,40,40
64,influence_mapping,2153951,0.000804901,0,true,15,15
64,influence_mapping,2153952,0.000804901,0,true,14,14
65,residual,2153836,0.004967183,1,true,52,52
65,residual,2153854,0.004967183,0,true,11,11
65,residual,2153858,0.004967183,0,true,63,63
65,residual,2153859,0.004967183,0,true,17,17
65,residual,2153860,0.004967183,0,true,48,48
65,residual,2153861,0.004967183,0,true,32,32
65,residual,2153862,0.004967183,0,true,62,62
65,residual,2153863,0.004967183,0,true,57,57
65,residual,2153864,0.004967183,0,true,6,6
65,residual,2153865,0.004967183,0,true,53,53
65,residual,2153866,0.004967183,0,true,31,31
65,residual,2153867,0.004967183,0,true,25,25
65,residual,2153868,0.004967183,0,true,60,60
65,residual,2153869,0.004967183,0,true,24,24
65,residual,2153870,0.004967183,0,true,11,11
65,residual,2153871,0.004967183,0,true,38,38
65,residual,2153872,0.004967183,0,true,58,58
65,residual,2153873,0.004967183,0,true,61,61
65,residual,2153874,0.004967183,0,true,51,51
65,residual,2153875,0.004967183,0,true,56,56
65,residual,2153876,0.004967183,0,true,50,50
65,residual,2153877,0.004967183,0,true,54,54
65,residual,2153878,0.004967183,0,true,59,59
65,residual,2153879,0.004967183,0,true,23,23
65,residual,2153880,0.004967183,0,true,5,5
65,residual,2153881,0.004967183,0,true,55,55
65,residual,2153882,0.004967183,0,true,41,41
65,residual,2153883,0.004967183,0,true,7,7
65,residual,2153884,0.004967183,0,true,14,14
65,residual,2153886,0.004967183,0,true,28,28
65,residual,2153887,0.004967183,0,true,26,26
65,residual,2153888,0.004967183,0,true,1,1
65,residual,2153889,0.004967183,0,true,36,36
65,residual,2153890,0.004967183,0,true,35,35
65,residual,2153891,0.004967183,0,true,27,27
65,residual,2153892,0.004967183,0,true,15,15
65,residual,2153893,0.004967183,0,true,49,49
65,residual,2153894,0.004967183,0,true,16,16
65,residual,2153895,0.004967183,0,true,12,12
65,residual,2153896,0.004967183,0,true,34,34
65,residual,2153897,0.004967183,0,true,29,29
65,residual,2153898,0.004967183,0,true,44,44
65,residual,2153899,0.004967183,0,true,30,30
65,residual,2153900,0.004967183,0,true,46,46
65,residual,2153901,0.004967183,0,true,39,39
65,residual,2153902,0.004967183,0,true,45,45
65,residual,2153903,0.004967183,0,true,13,13
65,residual,2153904,0.004967183,0,true,47,47
65,residual,2153905,0.004967183,0,true,9,9
65,residual,2153906,0.004967183,0,true,19,19
65,residual,2153907,0.004967183,0,true,20,20
65,residual,2153908,0.004967183,0,true,21,21
65,residual,2153909,0.004967183,0,true,37,37
65,residual,2153910,0.004967183,0,true,18,18
65,residual,2153911,0.004967183,0,true,42,42
65,residual,2153912,0.004967183,0,true,3,3
65,residual,2153913,0.004967183,0,true,63,63
65,residual,2153914,0.004967183,0,true,43,43
65,residual,2153915,0.004967183,0,true,8,8
65,residual,2153916,0.004967183,0,true,10,10
65,residual,2153917,0.004967183,0,true,40,40
65,residual,2153918,0.004967183,0,true,33,33
65,residual,2153919,0.004967183,0,true,4,4
65,residual,2153920,0.004967183,0,true,22,22
65,residual,2153921,0.004967183,0,true,2,2
65,residual,2153922,0.004967183,0,true,61,61
65,residual,2153923,0.004967183,0,true,7,7
65,residual,2153924,0.004967183,0,true,3,3
65,residual,2153925,0.004967183,0,true,50,50
65,residual,2153926,0.004967183,0,true,31,31
65,residual,2153927,0.004967183,0,true,27,27
65,residual,2153928,0.004967183,0,true,60,60
65,residual,2153929,0.004967183,0,true,51,51
65,residual,2153930,0.004967183,0,true,1,1
65,residual,2153931,0.004967183,0,true,58,58
65,residual,2153932,0.004967183,0,true,16,16
65,residual,2153933,0.004967183,0,true,10,10
65,residual,2153934,0.004967183,0,true,2,2
65,residual,2153935,0.004967183,0,true,62,62
65,residual,2153936,0.004967183,0,true,56,56
65,residual,2153937,0.004967183,0,true,59,59
65,residual,2153938,0.004967183,0,true,11,11
65,residual,2153939,0.004967183,0,true,48,48
65,residual,2153940,0.004967183,0,true,57,57
65,residual,2153941,0.004967183,0,true,53,53
65,residual,2153942,0.004967183,0,true,5,5
65,residual,2153943,0.004967183,0,true,19,19
65,residual,2153944,0.004967183,0,true,4,4
65,residual,2153945,0.004967183,0,true,55,55
65,residual,2153946,0.004967183,0,true,41,41
65,residual,2153947,0.004967183,0,true,42,42
65,residual,2153948,0.004967183,0,true,52,52
65,residual,2153949,0.004967183,0,true,54,54
65,residual,2153950,0.004967183,0,true,40,40
65,residual,2153951,0.004967183,0,true,15,15
65,residual,2153952,0.004967183,0,true,14,14
66,nearfield_update,2153836,0.27802125,18,true,52,54
66,nearfield_update,2153854,0.27802125,0,true,11,11
66,nearfield_update,2153858,0.27802125,14,true,63,63
66,nearfield_update,2153859,0.27802125,4,true,17,17
66,nearfield_update,2153860,0.27802125,12,true,48,48
66,nearfield_update,2153861,0.27802125,24,true,32,32
66,nearfield_update,2153862,0.27802125,9,true,62,62
66,nearfield_update,2153863,0.27802125,11,true,57,57
66,nearfield_update,2153864,0.27802125,19,true,6,6
66,nearfield_update,2153865,0.27802125,1,true,53,53
66,nearfield_update,2153866,0.27802125,1,true,31,31
66,nearfield_update,2153867,0.27802125,17,true,25,25
66,nearfield_update,2153868,0.27802125,10,true,60,60
66,nearfield_update,2153869,0.27802125,17,true,24,24
66,nearfield_update,2153870,0.27802125,24,true,11,11
66,nearfield_update,2153871,0.27802125,18,true,38,38
66,nearfield_update,2153872,0.27802125,15,true,58,58
66,nearfield_update,2153873,0.27802125,15,true,61,61
66,nearfield_update,2153874,0.27802125,2,true,51,51
66,nearfield_update,2153875,0.27802125,14,true,56,56
66,nearfield_update,2153876,0.27802125,13,true,50,50
66,nearfield_update,2153877,0.27802125,2,true,54,52
66,nearfield_update,2153878,0.27802125,1,true,59,59
66,nearfield_update,2153879,0.27802125,15,true,23,23
66,nearfield_update,2153880,0.27802125,20,true,5,5
66,nearfield_update,2153881,0.27802125,6,true,55,55
66,nearfield_update,2153882,0.27802125,21,true,41,41
66,nearfield_update,2153883,0.27802125,23,true,7,7
66,nearfield_update,2153884,0.27802125,23,true,14,14
66,nearfield_update,2153886,0.27802125,17,true,28,28
66,nearfield_update,2153887,0.27802125,16,true,26,26
66,nearfield_update,2153888,0.27802125,22,true,1,1
66,nearfield_update,2153889,0.27802125,21,true,36,36
66,nearfield_update,2153890,0.27802125,20,true,35,35
66,nearfield_update,2153891,0.27802125,17,true,27,27
66,nearfield_update,2153892,0.27802125,23,true,15,15
66,nearfield_update,2153893,0.27802125,8,true,49,49
66,nearfield_update,2153894,0.27802125,17,true,16,16
66,nearfield_update,2153895,0.27802125,23,true,12,12
66,nearfield_update,2153896,0.27802125,21,true,34,34
66,nearfield_update,2153897,0.27802125,16,true,29,29
66,nearfield_update,2153898,0.27802125,21,true,44,44
66,nearfield_update,2153899,0.27802125,17,true,30,30
66,nearfield_update,2153900,0.27802125,21,true,46,46
66,nearfield_update,2153901,0.27802125,21,true,39,39
66,nearfield_update,2153902,0.27802125,21,true,45,45
66,nearfield_update,2153903,0.27802125,23,true,13,13
66,nearfield_update,2153904,0.27802125,21,true,47,47
66,nearfield_update,2153905,0.27802125,23,true,9,9
66,nearfield_update,2153906,0.27802125,17,true,19,19
66,nearfield_update,2153907,0.27802125,16,true,20,20
66,nearfield_update,2153908,0.27802125,16,true,21,21
66,nearfield_update,2153909,0.27802125,21,true,37,37
66,nearfield_update,2153910,0.27802125,17,true,18,18
66,nearfield_update,2153911,0.27802125,20,true,42,42
66,nearfield_update,2153912,0.27802125,23,true,3,3
66,nearfield_update,2153913,0.27802125,9,true,63,59
66,nearfield_update,2153914,0.27802125,21,true,43,43
66,nearfield_update,2153915,0.27802125,23,true,8,8
66,nearfield_update,2153916,0.27802125,23,true,10,10
66,nearfield_update,2153917,0.27802125,21,true,40,40
66,nearfield_update,2153918,0.27802125,21,true,33,33
66,nearfield_update,2153919,0.27802125,22,true,4,4
66,nearfield_update,2153920,0.27802125,16,true,22,22
66,nearfield_update,2153921,0.27802125,22,true,2,2
66,nearfield_update,2153922,0.27802125,0,true,61,61
66,nearfield_update,2153923,0.27802125,0,true,7,7
66,nearfield_update,2153924,0.27802125,0,true,3,3
66,nearfield_update,2153925,0.27802125,0,true,50,50
66,nearfield_update,2153926,0.27802125,0,true,31,31
66,nearfield_update,2153927,0.27802125,0,true,27,27
66,nearfield_update,2153928,0.27802125,0,true,60,60
66,nearfield_update,2153929,0.27802125,0,true,51,51
66,nearfield_update,2153930,0.27802125,0,true,1,1
66,nearfield_update,2153931,0.27802125,0,true,58,58
66,nearfield_update,2153932,0.27802125,0,true,16,16
66,nearfield_update,2153933,0.27802125,0,true,10,10
66,nearfield_update,2153934,0.27802125,0,true,2,2
66,nearfield_update,2153935,0.27802125,0,true,62,62
66,nearfield_update,2153936,0.27802125,0,true,56,56
66,nearfield_update,2153937,0.27802125,0,true,59,59
66,nearfield_update,2153938,0.27802125,0,true,11,11
66,nearfield_update,2153939,0.27802125,0,true,48,48
66,nearfield_update,2153940,0.27802125,0,true,57,57
66,nearfield_update,2153941,0.27802125,0,true,53,53
66,nearfield_update,2153942,0.27802125,0,true,5,5
66,nearfield_update,2153943,0.27802125,0,true,19,19
66,nearfield_update,2153944,0.27802125,0,true,4,4
66,nearfield_update,2153945,0.27802125,0,true,55,55
66,nearfield_update,2153946,0.27802125,0,true,41,41
66,nearfield_update,2153947,0.27802125,0,true,42,42
66,nearfield_update,2153948,0.27802125,0,true,52,52
66,nearfield_update,2153949,0.27802125,0,true,54,54
66,nearfield_update,2153950,0.27802125,0,true,40,40
66,nearfield_update,2153951,0.27802125,0,true,15,15
66,nearfield_update,2153952,0.27802125,0,true,14,14
67,fmm,2153836,0.045297346,4,true,54,48
67,fmm,2153854,0.045297346,0,true,11,11
67,fmm,2153858,0.045297346,2,true,63,63
67,fmm,2153859,0.045297346,2,true,17,17
67,fmm,2153860,0.045297346,2,true,48,50
67,fmm,2153861,0.045297346,2,true,32,32
67,fmm,2153862,0.045297346,2,true,62,62
67,fmm,2153863,0.045297346,2,true,57,57
67,fmm,2153864,0.045297346,2,true,6,6
67,fmm,2153865,0.045297346,3,true,53,53
67,fmm,2153866,0.045297346,2,true,31,31
67,fmm,2153867,0.045297346,2,true,25,25
67,fmm,2153868,0.045297346,2,true,60,60
67,fmm,2153869,0.045297346,2,true,24,24
67,fmm,2153870,0.045297346,2,true,11,11
67,fmm,2153871,0.045297346,2,true,38,38
67,fmm,2153872,0.045297346,2,true,58,58
67,fmm,2153873,0.045297346,2,true,61,61
67,fmm,2153874,0.045297346,2,true,51,51
67,fmm,2153875,0.045297346,2,true,56,56
67,fmm,2153876,0.045297346,2,true,50,54
67,fmm,2153877,0.045297346,2,true,52,52
67,fmm,2153878,0.045297346,2,true,59,59
67,fmm,2153879,0.045297346,2,true,23,23
67,fmm,2153880,0.045297346,2,true,5,5
67,fmm,2153881,0.045297346,2,true,55,55
67,fmm,2153882,0.045297346,2,true,41,41
67,fmm,2153883,0.045297346,2,true,7,7
67,fmm,2153884,0.045297346,2,true,14,14
67,fmm,2153886,0.045297346,2,true,28,28
67,fmm,2153887,0.045297346,2,true,26,26
67,fmm,2153888,0.045297346,2,true,1,1
67,fmm,2153889,0.045297346,2,true,36,36
67,fmm,2153890,0.045297346,2,true,35,35
67,fmm,2153891,0.045297346,2,true,27,27
67,fmm,2153892,0.045297346,2,true,15,15
67,fmm,2153893,0.045297346,2,true,49,49
67,fmm,2153894,0.045297346,2,true,16,16
67,fmm,2153895,0.045297346,2,true,12,12
67,fmm,2153896,0.045297346,2,true,34,34
67,fmm,2153897,0.045297346,2,true,29,29
67,fmm,2153898,0.045297346,2,true,44,44
67,fmm,2153899,0.045297346,2,true,30,30
67,fmm,2153900,0.045297346,2,true,46,46
67,fmm,2153901,0.045297346,2,true,39,39
67,fmm,2153902,0.045297346,2,true,45,45
67,fmm,2153903,0.045297346,2,true,13,13
67,fmm,2153904,0.045297346,2,true,47,47
67,fmm,2153905,0.045297346,1,true,9,9
67,fmm,2153906,0.045297346,2,true,19,19
67,fmm,2153907,0.045297346,2,true,20,20
67,fmm,2153908,0.045297346,2,true,21,21
67,fmm,2153909,0.045297346,2,true,37,37
67,fmm,2153910,0.045297346,2,true,18,18
67,fmm,2153911,0.045297346,2,true,42,42
67,fmm,2153912,0.045297346,2,true,3,3
67,fmm,2153913,0.045297346,2,true,59,63
67,fmm,2153914,0.045297346,2,true,43,43
67,fmm,2153915,0.045297346,1,true,8,8
67,fmm,2153916,0.045297346,1,true,10,10
67,fmm,2153917,0.045297346,2,true,40,40
67,fmm,2153918,0.045297346,1,true,33,33
67,fmm,2153919,0.045297346,2,true,4,4
67,fmm,2153920,0.045297346,1,true,22,22
67,fmm,2153921,0.045297346,0,true,2,2
67,fmm,2153922,0.045297346,0,true,61,61
67,fmm,2153923,0.045297346,0,true,7,7
67,fmm,2153924,0.045297346,0,true,3,3
67,fmm,2153925,0.045297346,0,true,50,50
67,fmm,2153926,0.045297346,0,true,31,31
67,fmm,2153927,0.045297346,0,true,27,27
67,fmm,2153928,0.045297346,0,true,60,60
67,fmm,2153929,0.045297346,0,true,51,51
67,fmm,2153930,0.045297346,0,true,1,1
67,fmm,2153931,0.045297346,0,true,58,58
67,fmm,2153932,0.045297346,0,true,16,16
67,fmm,2153933,0.045297346,0,true,10,10
67,fmm,2153934,0.045297346,0,true,2,2
67,fmm,2153935,0.045297346,0,true,62,62
67,fmm,2153936,0.045297346,0,true,56,56
67,fmm,2153937,0.045297346,0,true,59,59
67,fmm,2153938,0.045297346,0,true,11,11
67,fmm,2153939,0.045297346,0,true,48,48
67,fmm,2153940,0.045297346,0,true,57,57
67,fmm,2153941,0.045297346,0,true,53,53
67,fmm,2153942,0.045297346,0,true,5,5
67,fmm,2153943,0.045297346,0,true,19,19
67,fmm,2153944,0.045297346,0,true,4,4
67,fmm,2153945,0.045297346,0,true,55,55
67,fmm,2153946,0.045297346,0,true,41,41
67,fmm,2153947,0.045297346,0,true,42,42
67,fmm,2153948,0.045297346,0,true,52,52
67,fmm,2153949,0.045297346,0,true,54,54
67,fmm,2153950,0.045297346,0,true,40,40
67,fmm,2153951,0.045297346,0,true,15,15
67,fmm,2153952,0.045297346,0,true,14,14
68,influence_mapping,2153836,0.000804881,0,true,48,48
68,influence_mapping,2153854,0.000804881,0,true,11,11
68,influence_mapping,2153858,0.000804881,0,true,63,63
68,influence_mapping,2153859,0.000804881,0,true,17,17
68,influence_mapping,2153860,0.000804881,0,true,50,50
68,influence_mapping,2153861,0.000804881,0,true,32,32
68,influence_mapping,2153862,0.000804881,0,true,62,62
68,influence_mapping,2153863,0.000804881,0,true,57,57
68,influence_mapping,2153864,0.000804881,0,true,6,6
68,influence_mapping,2153865,0.000804881,0,true,53,53
68,influence_mapping,2153866,0.000804881,0,true,31,31
68,influence_mapping,2153867,0.000804881,0,true,25,25
68,influence_mapping,2153868,0.000804881,0,true,60,60
68,influence_mapping,2153869,0.000804881,0,true,24,24
68,influence_mapping,2153870,0.000804881,0,true,11,11
68,influence_mapping,2153871,0.000804881,0,true,38,38
68,influence_mapping,2153872,0.000804881,0,true,58,58
68,influence_mapping,2153873,0.000804881,0,true,61,61
68,influence_mapping,2153874,0.000804881,0,true,51,51
68,influence_mapping,2153875,0.000804881,0,true,56,56
68,influence_mapping,2153876,0.000804881,0,true,54,54
68,influence_mapping,2153877,0.000804881,0,true,52,52
68,influence_mapping,2153878,0.000804881,0,true,59,59
68,influence_mapping,2153879,0.000804881,0,true,23,23
68,influence_mapping,2153880,0.000804881,0,true,5,5
68,influence_mapping,2153881,0.000804881,0,true,55,55
68,influence_mapping,2153882,0.000804881,0,true,41,41
68,influence_mapping,2153883,0.000804881,0,true,7,7
68,influence_mapping,2153884,0.000804881,0,true,14,14
68,influence_mapping,2153886,0.000804881,0,true,28,28
68,influence_mapping,2153887,0.000804881,0,true,26,26
68,influence_mapping,2153888,0.000804881,0,true,1,1
68,influence_mapping,2153889,0.000804881,0,true,36,36
68,influence_mapping,2153890,0.000804881,0,true,35,35
68,influence_mapping,2153891,0.000804881,0,true,27,27
68,influence_mapping,2153892,0.000804881,0,true,15,15
68,influence_mapping,2153893,0.000804881,0,true,49,49
68,influence_mapping,2153894,0.000804881,0,true,16,16
68,influence_mapping,2153895,0.000804881,0,true,12,12
68,influence_mapping,2153896,0.000804881,0,true,34,34
68,influence_mapping,2153897,0.000804881,0,true,29,29
68,influence_mapping,2153898,0.000804881,0,true,44,44
68,influence_mapping,2153899,0.000804881,0,true,30,30
68,influence_mapping,2153900,0.000804881,0,true,46,46
68,influence_mapping,2153901,0.000804881,0,true,39,39
68,influence_mapping,2153902,0.000804881,0,true,45,45
68,influence_mapping,2153903,0.000804881,0,true,13,13
68,influence_mapping,2153904,0.000804881,0,true,47,47
68,influence_mapping,2153905,0.000804881,0,true,9,9
68,influence_mapping,2153906,0.000804881,0,true,19,19
68,influence_mapping,2153907,0.000804881,0,true,20,20
68,influence_mapping,2153908,0.000804881,0,true,21,21
68,influence_mapping,2153909,0.000804881,0,true,37,37
68,influence_mapping,2153910,0.000804881,0,true,18,18
68,influence_mapping,2153911,0.000804881,0,true,42,42
68,influence_mapping,2153912,0.000804881,0,true,3,3
68,influence_mapping,2153913,0.000804881,0,true,63,63
68,influence_mapping,2153914,0.000804881,0,true,43,43
68,influence_mapping,2153915,0.000804881,0,true,8,8
68,influence_mapping,2153916,0.000804881,0,true,10,10
68,influence_mapping,2153917,0.000804881,0,true,40,40
68,influence_mapping,2153918,0.000804881,0,true,33,33
68,influence_mapping,2153919,0.000804881,0,true,4,4
68,influence_mapping,2153920,0.000804881,0,true,22,22
68,influence_mapping,2153921,0.000804881,0,true,2,2
68,influence_mapping,2153922,0.000804881,0,true,61,61
68,influence_mapping,2153923,0.000804881,0,true,7,7
68,influence_mapping,2153924,0.000804881,0,true,3,3
68,influence_mapping,2153925,0.000804881,0,true,50,50
68,influence_mapping,2153926,0.000804881,0,true,31,31
68,influence_mapping,2153927,0.000804881,0,true,27,27
68,influence_mapping,2153928,0.000804881,0,true,60,60
68,influence_mapping,2153929,0.000804881,0,true,51,51
68,influence_mapping,2153930,0.000804881,0,true,1,1
68,influence_mapping,2153931,0.000804881,0,true,58,58
68,influence_mapping,2153932,0.000804881,0,true,16,16
68,influence_mapping,2153933,0.000804881,0,true,10,10
68,influence_mapping,2153934,0.000804881,0,true,2,2
68,influence_mapping,2153935,0.000804881,0,true,62,62
68,influence_mapping,2153936,0.000804881,0,true,56,56
68,influence_mapping,2153937,0.000804881,0,true,59,59
68,influence_mapping,2153938,0.000804881,0,true,11,11
68,influence_mapping,2153939,0.000804881,0,true,48,48
68,influence_mapping,2153940,0.000804881,0,true,57,57
68,influence_mapping,2153941,0.000804881,0,true,53,53
68,influence_mapping,2153942,0.000804881,0,true,5,5
68,influence_mapping,2153943,0.000804881,0,true,19,19
68,influence_mapping,2153944,0.000804881,0,true,4,4
68,influence_mapping,2153945,0.000804881,0,true,55,55
68,influence_mapping,2153946,0.000804881,0,true,41,41
68,influence_mapping,2153947,0.000804881,0,true,42,42
68,influence_mapping,2153948,0.000804881,0,true,52,52
68,influence_mapping,2153949,0.000804881,0,true,54,54
68,influence_mapping,2153950,0.000804881,0,true,40,40
68,influence_mapping,2153951,0.000804881,0,true,15,15
68,influence_mapping,2153952,0.000804881,0,true,14,14
69,residual,2153836,0.004989033,1,true,48,48
69,residual,2153854,0.004989033,0,true,11,11
69,residual,2153858,0.004989033,0,true,63,63
69,residual,2153859,0.004989033,0,true,17,17
69,residual,2153860,0.004989033,0,true,50,50
69,residual,2153861,0.004989033,0,true,32,32
69,residual,2153862,0.004989033,0,true,62,62
69,residual,2153863,0.004989033,0,true,57,57
69,residual,2153864,0.004989033,0,true,6,6
69,residual,2153865,0.004989033,0,true,53,53
69,residual,2153866,0.004989033,0,true,31,31
69,residual,2153867,0.004989033,0,true,25,25
69,residual,2153868,0.004989033,0,true,60,60
69,residual,2153869,0.004989033,0,true,24,24
69,residual,2153870,0.004989033,0,true,11,11
69,residual,2153871,0.004989033,0,true,38,38
69,residual,2153872,0.004989033,0,true,58,58
69,residual,2153873,0.004989033,0,true,61,61
69,residual,2153874,0.004989033,0,true,51,51
69,residual,2153875,0.004989033,0,true,56,56
69,residual,2153876,0.004989033,0,true,54,54
69,residual,2153877,0.004989033,0,true,52,52
69,residual,2153878,0.004989033,0,true,59,59
69,residual,2153879,0.004989033,0,true,23,23
69,residual,2153880,0.004989033,0,true,5,5
69,residual,2153881,0.004989033,0,true,55,55
69,residual,2153882,0.004989033,0,true,41,41
69,residual,2153883,0.004989033,0,true,7,7
69,residual,2153884,0.004989033,0,true,14,14
69,residual,2153886,0.004989033,0,true,28,28
69,residual,2153887,0.004989033,0,true,26,26
69,residual,2153888,0.004989033,0,true,1,1
69,residual,2153889,0.004989033,0,true,36,36
69,residual,2153890,0.004989033,0,true,35,35
69,residual,2153891,0.004989033,0,true,27,27
69,residual,2153892,0.004989033,0,true,15,15
69,residual,2153893,0.004989033,0,true,49,49
69,residual,2153894,0.004989033,0,true,16,16
69,residual,2153895,0.004989033,0,true,12,12
69,residual,2153896,0.004989033,0,true,34,34
69,residual,2153897,0.004989033,0,true,29,29
69,residual,2153898,0.004989033,0,true,44,44
69,residual,2153899,0.004989033,0,true,30,30
69,residual,2153900,0.004989033,0,true,46,46
69,residual,2153901,0.004989033,0,true,39,39
69,residual,2153902,0.004989033,0,true,45,45
69,residual,2153903,0.004989033,0,true,13,13
69,residual,2153904,0.004989033,0,true,47,47
69,residual,2153905,0.004989033,0,true,9,9
69,residual,2153906,0.004989033,0,true,19,19
69,residual,2153907,0.004989033,0,true,20,20
69,residual,2153908,0.004989033,0,true,21,21
69,residual,2153909,0.004989033,0,true,37,37
69,residual,2153910,0.004989033,0,true,18,18
69,residual,2153911,0.004989033,0,true,42,42
69,residual,2153912,0.004989033,0,true,3,3
69,residual,2153913,0.004989033,0,true,63,63
69,residual,2153914,0.004989033,0,true,43,43
69,residual,2153915,0.004989033,0,true,8,8
69,residual,2153916,0.004989033,0,true,10,10
69,residual,2153917,0.004989033,0,true,40,40
69,residual,2153918,0.004989033,0,true,33,33
69,residual,2153919,0.004989033,0,true,4,4
69,residual,2153920,0.004989033,0,true,22,22
69,residual,2153921,0.004989033,0,true,2,2
69,residual,2153922,0.004989033,0,true,61,61
69,residual,2153923,0.004989033,0,true,7,7
69,residual,2153924,0.004989033,0,true,3,3
69,residual,2153925,0.004989033,0,true,50,50
69,residual,2153926,0.004989033,0,true,31,31
69,residual,2153927,0.004989033,0,true,27,27
69,residual,2153928,0.004989033,0,true,60,60
69,residual,2153929,0.004989033,0,true,51,51
69,residual,2153930,0.004989033,0,true,1,1
69,residual,2153931,0.004989033,0,true,58,58
69,residual,2153932,0.004989033,0,true,16,16
69,residual,2153933,0.004989033,0,true,10,10
69,residual,2153934,0.004989033,0,true,2,2
69,residual,2153935,0.004989033,0,true,62,62
69,residual,2153936,0.004989033,0,true,56,56
69,residual,2153937,0.004989033,0,true,59,59
69,residual,2153938,0.004989033,0,true,11,11
69,residual,2153939,0.004989033,0,true,48,48
69,residual,2153940,0.004989033,0,true,57,57
69,residual,2153941,0.004989033,0,true,53,53
69,residual,2153942,0.004989033,0,true,5,5
69,residual,2153943,0.004989033,0,true,19,19
69,residual,2153944,0.004989033,0,true,4,4
69,residual,2153945,0.004989033,0,true,55,55
69,residual,2153946,0.004989033,0,true,41,41
69,residual,2153947,0.004989033,0,true,42,42
69,residual,2153948,0.004989033,0,true,52,52
69,residual,2153949,0.004989033,0,true,54,54
69,residual,2153950,0.004989033,0,true,40,40
69,residual,2153951,0.004989033,0,true,15,15
69,residual,2153952,0.004989033,0,true,14,14
70,nearfield_update,2153836,0.277218834,19,true,48,60
70,nearfield_update,2153854,0.277218834,0,true,11,11
70,nearfield_update,2153858,0.277218834,15,true,63,63
70,nearfield_update,2153859,0.277218834,5,true,17,17
70,nearfield_update,2153860,0.277218834,11,true,50,50
70,nearfield_update,2153861,0.277218834,24,true,32,32
70,nearfield_update,2153862,0.277218834,9,true,62,62
70,nearfield_update,2153863,0.277218834,11,true,57,57
70,nearfield_update,2153864,0.277218834,21,true,6,6
70,nearfield_update,2153865,0.277218834,1,true,53,53
70,nearfield_update,2153866,0.277218834,2,true,31,31
70,nearfield_update,2153867,0.277218834,17,true,25,25
70,nearfield_update,2153868,0.277218834,10,true,60,59
70,nearfield_update,2153869,0.277218834,17,true,24,24
70,nearfield_update,2153870,0.277218834,24,true,11,11
70,nearfield_update,2153871,0.277218834,18,true,38,38
70,nearfield_update,2153872,0.277218834,21,true,58,39
70,nearfield_update,2153873,0.277218834,15,true,61,61
70,nearfield_update,2153874,0.277218834,3,true,51,51
70,nearfield_update,2153875,0.277218834,15,true,56,56
70,nearfield_update,2153876,0.277218834,11,true,54,54
70,nearfield_update,2153877,0.277218834,1,true,52,52
70,nearfield_update,2153878,0.277218834,1,true,59,60
70,nearfield_update,2153879,0.277218834,16,true,23,23
70,nearfield_update,2153880,0.277218834,21,true,5,5
70,nearfield_update,2153881,0.277218834,6,true,55,55
70,nearfield_update,2153882,0.277218834,20,true,41,41
70,nearfield_update,2153883,0.277218834,22,true,7,7
70,nearfield_update,2153884,0.277218834,22,true,14,14
70,nearfield_update,2153886,0.277218834,16,true,28,28
70,nearfield_update,2153887,0.277218834,17,true,26,26
70,nearfield_update,2153888,0.277218834,22,true,1,1
70,nearfield_update,2153889,0.277218834,21,true,36,36
70,nearfield_update,2153890,0.277218834,21,true,35,35
70,nearfield_update,2153891,0.277218834,17,true,27,27
70,nearfield_update,2153892,0.277218834,23,true,15,15
70,nearfield_update,2153893,0.277218834,8,true,49,49
70,nearfield_update,2153894,0.277218834,17,true,16,16
70,nearfield_update,2153895,0.277218834,23,true,12,12
70,nearfield_update,2153896,0.277218834,21,true,34,34
70,nearfield_update,2153897,0.277218834,17,true,29,29
70,nearfield_update,2153898,0.277218834,21,true,44,44
70,nearfield_update,2153899,0.277218834,17,true,30,30
70,nearfield_update,2153900,0.277218834,20,true,46,46
70,nearfield_update,2153901,0.277218834,20,true,39,33
70,nearfield_update,2153902,0.277218834,20,true,45,45
70,nearfield_update,2153903,0.277218834,23,true,13,13
70,nearfield_update,2153904,0.277218834,21,true,47,47
70,nearfield_update,2153905,0.277218834,23,true,9,9
70,nearfield_update,2153906,0.277218834,16,true,19,19
70,nearfield_update,2153907,0.277218834,17,true,20,20
70,nearfield_update,2153908,0.277218834,17,true,21,21
70,nearfield_update,2153909,0.277218834,20,true,37,37
70,nearfield_update,2153910,0.277218834,17,true,18,18
70,nearfield_update,2153911,0.277218834,15,true,42,58
70,nearfield_update,2153912,0.277218834,22,true,3,3
70,nearfield_update,2153913,0.277218834,8,true,63,48
70,nearfield_update,2153914,0.277218834,21,true,43,43
70,nearfield_update,2153915,0.277218834,23,true,8,8
70,nearfield_update,2153916,0.277218834,23,true,10,10
70,nearfield_update,2153917,0.277218834,20,true,40,16
70,nearfield_update,2153918,0.277218834,21,true,33,42
70,nearfield_update,2153919,0.277218834,21,true,4,4
70,nearfield_update,2153920,0.277218834,16,true,22,22
70,nearfield_update,2153921,0.277218834,23,true,2,33
70,nearfield_update,2153922,0.277218834,0,true,61,61
70,nearfield_update,2153923,0.277218834,0,true,7,7
70,nearfield_update,2153924,0.277218834,0,true,3,3
70,nearfield_update,2153925,0.277218834,0,true,50,50
70,nearfield_update,2153926,0.277218834,0,true,31,31
70,nearfield_update,2153927,0.277218834,0,true,27,27
70,nearfield_update,2153928,0.277218834,0,true,60,60
70,nearfield_update,2153929,0.277218834,0,true,51,51
70,nearfield_update,2153930,0.277218834,0,true,1,1
70,nearfield_update,2153931,0.277218834,0,true,58,58
70,nearfield_update,2153932,0.277218834,0,true,16,16
70,nearfield_update,2153933,0.277218834,0,true,10,10
70,nearfield_update,2153934,0.277218834,0,true,2,2
70,nearfield_update,2153935,0.277218834,0,true,62,62
70,nearfield_update,2153936,0.277218834,0,true,56,56
70,nearfield_update,2153937,0.277218834,0,true,59,59
70,nearfield_update,2153938,0.277218834,0,true,11,11
70,nearfield_update,2153939,0.277218834,0,true,48,48
70,nearfield_update,2153940,0.277218834,0,true,57,57
70,nearfield_update,2153941,0.277218834,0,true,53,53
70,nearfield_update,2153942,0.277218834,0,true,5,5
70,nearfield_update,2153943,0.277218834,0,true,19,19
70,nearfield_update,2153944,0.277218834,0,true,4,4
70,nearfield_update,2153945,0.277218834,0,true,55,55
70,nearfield_update,2153946,0.277218834,0,true,41,41
70,nearfield_update,2153947,0.277218834,0,true,42,42
70,nearfield_update,2153948,0.277218834,0,true,52,52
70,nearfield_update,2153949,0.277218834,0,true,54,54
70,nearfield_update,2153950,0.277218834,0,true,40,40
70,nearfield_update,2153951,0.277218834,0,true,15,15
70,nearfield_update,2153952,0.277218834,0,true,14,14
71,fmm,2153836,0.045884848,3,true,60,60
71,fmm,2153854,0.045884848,0,true,11,11
71,fmm,2153858,0.045884848,2,true,63,63
71,fmm,2153859,0.045884848,3,true,17,26
71,fmm,2153860,0.045884848,2,true,50,50
71,fmm,2153861,0.045884848,3,true,32,32
71,fmm,2153862,0.045884848,3,true,62,62
71,fmm,2153863,0.045884848,2,true,57,57
71,fmm,2153864,0.045884848,2,true,6,6
71,fmm,2153865,0.045884848,3,true,53,53
71,fmm,2153866,0.045884848,2,true,31,31
71,fmm,2153867,0.045884848,2,true,25,25
71,fmm,2153868,0.045884848,2,true,59,59
71,fmm,2153869,0.045884848,2,true,24,24
71,fmm,2153870,0.045884848,2,true,11,11
71,fmm,2153871,0.045884848,2,true,38,38
71,fmm,2153872,0.045884848,2,true,39,39
71,fmm,2153873,0.045884848,2,true,61,61
71,fmm,2153874,0.045884848,2,true,51,51
71,fmm,2153875,0.045884848,2,true,56,56
71,fmm,2153876,0.045884848,2,true,54,54
71,fmm,2153877,0.045884848,2,true,52,52
71,fmm,2153878,0.045884848,2,true,60,58
71,fmm,2153879,0.045884848,2,true,23,23
71,fmm,2153880,0.045884848,2,true,5,5
71,fmm,2153881,0.045884848,2,true,55,55
71,fmm,2153882,0.045884848,2,true,41,41
71,fmm,2153883,0.045884848,2,true,7,7
71,fmm,2153884,0.045884848,2,true,14,14
71,fmm,2153886,0.045884848,2,true,28,28
71,fmm,2153887,0.045884848,2,true,26,27
71,fmm,2153888,0.045884848,2,true,1,1
71,fmm,2153889,0.045884848,2,true,36,36
71,fmm,2153890,0.045884848,1,true,35,35
71,fmm,2153891,0.045884848,2,true,27,29
71,fmm,2153892,0.045884848,2,true,15,15
71,fmm,2153893,0.045884848,2,true,49,49
71,fmm,2153894,0.045884848,2,true,16,16
71,fmm,2153895,0.045884848,2,true,12,12
71,fmm,2153896,0.045884848,2,true,34,34
71,fmm,2153897,0.045884848,2,true,29,30
71,fmm,2153898,0.045884848,1,true,44,44
71,fmm,2153899,0.045884848,2,true,30,30
71,fmm,2153900,0.045884848,2,true,46,46
71,fmm,2153901,0.045884848,2,true,33,33
71,fmm,2153902,0.045884848,2,true,45,45
71,fmm,2153903,0.045884848,2,true,13,13
71,fmm,2153904,0.045884848,2,true,47,47
71,fmm,2153905,0.045884848,2,true,9,9
71,fmm,2153906,0.045884848,2,true,19,19
71,fmm,2153907,0.045884848,2,true,20,20
71,fmm,2153908,0.045884848,2,true,21,21
71,fmm,2153909,0.045884848,2,true,37,37
71,fmm,2153910,0.045884848,2,true,18,18
71,fmm,2153911,0.045884848,2,true,58,22
71,fmm,2153912,0.045884848,2,true,3,3
71,fmm,2153913,0.045884848,2,true,48,48
71,fmm,2153914,0.045884848,2,true,43,43
71,fmm,2153915,0.045884848,2,true,8,8
71,fmm,2153916,0.045884848,1,true,10,10
71,fmm,2153917,0.045884848,1,true,16,17
71,fmm,2153918,0.045884848,1,true,42,42
71,fmm,2153919,0.045884848,2,true,4,4
71,fmm,2153920,0.045884848,1,true,22,23
71,fmm,2153921,0.045884848,0,true,33,40
71,fmm,2153922,0.045884848,0,true,61,61
71,fmm,2153923,0.045884848,0,true,7,7
71,fmm,2153924,0.045884848,0,true,3,3
71,fmm,2153925,0.045884848,0,true,50,50
71,fmm,2153926,0.045884848,0,true,31,31
71,fmm,2153927,0.045884848,0,true,27,27
71,fmm,2153928,0.045884848,0,true,60,60
71,fmm,2153929,0.045884848,0,true,51,51
71,fmm,2153930,0.045884848,0,true,1,1
71,fmm,2153931,0.045884848,0,true,58,58
71,fmm,2153932,0.045884848,0,true,16,16
71,fmm,2153933,0.045884848,0,true,10,10
71,fmm,2153934,0.045884848,0,true,2,2
71,fmm,2153935,0.045884848,0,true,62,62
71,fmm,2153936,0.045884848,0,true,56,56
71,fmm,2153937,0.045884848,0,true,59,59
71,fmm,2153938,0.045884848,0,true,11,11
71,fmm,2153939,0.045884848,0,true,48,48
71,fmm,2153940,0.045884848,0,true,57,57
71,fmm,2153941,0.045884848,0,true,53,53
71,fmm,2153942,0.045884848,0,true,5,5
71,fmm,2153943,0.045884848,0,true,19,19
71,fmm,2153944,0.045884848,0,true,4,4
71,fmm,2153945,0.045884848,0,true,55,55
71,fmm,2153946,0.045884848,0,true,41,41
71,fmm,2153947,0.045884848,0,true,42,42
71,fmm,2153948,0.045884848,0,true,52,52
71,fmm,2153949,0.045884848,0,true,54,54
71,fmm,2153950,0.045884848,0,true,40,40
71,fmm,2153951,0.045884848,0,true,15,15
71,fmm,2153952,0.045884848,0,true,14,14
72,influence_mapping,2153836,0.000753244,1,true,60,60
72,influence_mapping,2153854,0.000753244,0,true,11,11
72,influence_mapping,2153858,0.000753244,0,true,63,63
72,influence_mapping,2153859,0.000753244,0,true,26,26
72,influence_mapping,2153860,0.000753244,0,true,50,50
72,influence_mapping,2153861,0.000753244,0,true,32,32
72,influence_mapping,2153862,0.000753244,0,true,62,62
72,influence_mapping,2153863,0.000753244,0,true,57,57
72,influence_mapping,2153864,0.000753244,0,true,6,6
72,influence_mapping,2153865,0.000753244,0,true,53,53
72,influence_mapping,2153866,0.000753244,0,true,31,31
72,influence_mapping,2153867,0.000753244,0,true,25,25
72,influence_mapping,2153868,0.000753244,0,true,59,59
72,influence_mapping,2153869,0.000753244,0,true,24,24
72,influence_mapping,2153870,0.000753244,0,true,11,11
72,influence_mapping,2153871,0.000753244,0,true,38,38
72,influence_mapping,2153872,0.000753244,0,true,39,39
72,influence_mapping,2153873,0.000753244,0,true,61,61
72,influence_mapping,2153874,0.000753244,0,true,51,51
72,influence_mapping,2153875,0.000753244,0,true,56,56
72,influence_mapping,2153876,0.000753244,0,true,54,54
72,influence_mapping,2153877,0.000753244,0,true,52,52
72,influence_mapping,2153878,0.000753244,0,true,58,58
72,influence_mapping,2153879,0.000753244,0,true,23,23
72,influence_mapping,2153880,0.000753244,0,true,5,5
72,influence_mapping,2153881,0.000753244,0,true,55,55
72,influence_mapping,2153882,0.000753244,0,true,41,41
72,influence_mapping,2153883,0.000753244,0,true,7,7
72,influence_mapping,2153884,0.000753244,0,true,14,14
72,influence_mapping,2153886,0.000753244,0,true,28,28
72,influence_mapping,2153887,0.000753244,0,true,27,27
72,influence_mapping,2153888,0.000753244,0,true,1,1
72,influence_mapping,2153889,0.000753244,0,true,36,36
72,influence_mapping,2153890,0.000753244,0,true,35,35
72,influence_mapping,2153891,0.000753244,0,true,29,29
72,influence_mapping,2153892,0.000753244,0,true,15,15
72,influence_mapping,2153893,0.000753244,0,true,49,49
72,influence_mapping,2153894,0.000753244,0,true,16,16
72,influence_mapping,2153895,0.000753244,0,true,12,12
72,influence_mapping,2153896,0.000753244,0,true,34,34
72,influence_mapping,2153897,0.000753244,0,true,30,30
72,influence_mapping,2153898,0.000753244,0,true,44,44
72,influence_mapping,2153899,0.000753244,0,true,30,30
72,influence_mapping,2153900,0.000753244,0,true,46,46
72,influence_mapping,2153901,0.000753244,0,true,33,33
72,influence_mapping,2153902,0.000753244,0,true,45,45
72,influence_mapping,2153903,0.000753244,0,true,13,13
72,influence_mapping,2153904,0.000753244,0,true,47,47
72,influence_mapping,2153905,0.000753244,0,true,9,9
72,influence_mapping,2153906,0.000753244,0,true,19,19
72,influence_mapping,2153907,0.000753244,0,true,20,20
72,influence_mapping,2153908,0.000753244,0,true,21,21
72,influence_mapping,2153909,0.000753244,0,true,37,37
72,influence_mapping,2153910,0.000753244,0,true,18,18
72,influence_mapping,2153911,0.000753244,0,true,22,22
72,influence_mapping,2153912,0.000753244,0,true,3,3
72,influence_mapping,2153913,0.000753244,0,true,48,48
72,influence_mapping,2153914,0.000753244,0,true,43,43
72,influence_mapping,2153915,0.000753244,0,true,8,8
72,influence_mapping,2153916,0.000753244,0,true,10,10
72,influence_mapping,2153917,0.000753244,0,true,17,17
72,influence_mapping,2153918,0.000753244,0,true,42,42
72,influence_mapping,2153919,0.000753244,0,true,4,4
72,influence_mapping,2153920,0.000753244,0,true,23,23
72,influence_mapping,2153921,0.000753244,0,true,40,40
72,influence_mapping,2153922,0.000753244,0,true,61,61
72,influence_mapping,2153923,0.000753244,0,true,7,7
72,influence_mapping,2153924,0.000753244,0,true,3,3
72,influence_mapping,2153925,0.000753244,0,true,50,50
72,influence_mapping,2153926,0.000753244,0,true,31,31
72,influence_mapping,2153927,0.000753244,0,true,27,27
72,influence_mapping,2153928,0.000753244,0,true,60,60
72,influence_mapping,2153929,0.000753244,0,true,51,51
72,influence_mapping,2153930,0.000753244,0,true,1,1
72,influence_mapping,2153931,0.000753244,0,true,58,58
72,influence_mapping,2153932,0.000753244,0,true,16,16
72,influence_mapping,2153933,0.000753244,0,true,10,10
72,influence_mapping,2153934,0.000753244,0,true,2,2
72,influence_mapping,2153935,0.000753244,0,true,62,62
72,influence_mapping,2153936,0.000753244,0,true,56,56
72,influence_mapping,2153937,0.000753244,0,true,59,59
72,influence_mapping,2153938,0.000753244,0,true,11,11
72,influence_mapping,2153939,0.000753244,0,true,48,48
72,influence_mapping,2153940,0.000753244,0,true,57,57
72,influence_mapping,2153941,0.000753244,0,true,53,53
72,influence_mapping,2153942,0.000753244,0,true,5,5
72,influence_mapping,2153943,0.000753244,0,true,19,19
72,influence_mapping,2153944,0.000753244,0,true,4,4
72,influence_mapping,2153945,0.000753244,0,true,55,55
72,influence_mapping,2153946,0.000753244,0,true,41,41
72,influence_mapping,2153947,0.000753244,0,true,42,42
72,influence_mapping,2153948,0.000753244,0,true,52,52
72,influence_mapping,2153949,0.000753244,0,true,54,54
72,influence_mapping,2153950,0.000753244,0,true,40,40
72,influence_mapping,2153951,0.000753244,0,true,15,15
72,influence_mapping,2153952,0.000753244,0,true,14,14
73,residual,2153836,0.005050699,0,true,60,60
73,residual,2153854,0.005050699,0,true,11,11
73,residual,2153858,0.005050699,0,true,63,63
73,residual,2153859,0.005050699,0,true,26,26
73,residual,2153860,0.005050699,0,true,50,50
73,residual,2153861,0.005050699,0,true,32,32
73,residual,2153862,0.005050699,0,true,62,62
73,residual,2153863,0.005050699,0,true,57,57
73,residual,2153864,0.005050699,0,true,6,6
73,residual,2153865,0.005050699,0,true,53,53
73,residual,2153866,0.005050699,0,true,31,31
73,residual,2153867,0.005050699,0,true,25,25
73,residual,2153868,0.005050699,0,true,59,59
73,residual,2153869,0.005050699,0,true,24,24
73,residual,2153870,0.005050699,0,true,11,11
73,residual,2153871,0.005050699,0,true,38,38
73,residual,2153872,0.005050699,0,true,39,39
73,residual,2153873,0.005050699,0,true,61,61
73,residual,2153874,0.005050699,0,true,51,51
73,residual,2153875,0.005050699,0,true,56,56
73,residual,2153876,0.005050699,0,true,54,54
73,residual,2153877,0.005050699,0,true,52,52
73,residual,2153878,0.005050699,0,true,58,58
73,residual,2153879,0.005050699,0,true,23,23
73,residual,2153880,0.005050699,0,true,5,5
73,residual,2153881,0.005050699,0,true,55,55
73,residual,2153882,0.005050699,0,true,41,41
73,residual,2153883,0.005050699,0,true,7,7
73,residual,2153884,0.005050699,0,true,14,14
73,residual,2153886,0.005050699,0,true,28,28
73,residual,2153887,0.005050699,0,true,27,27
73,residual,2153888,0.005050699,0,true,1,1
73,residual,2153889,0.005050699,0,true,36,36
73,residual,2153890,0.005050699,0,true,35,35
73,residual,2153891,0.005050699,0,true,29,29
73,residual,2153892,0.005050699,0,true,15,15
73,residual,2153893,0.005050699,0,true,49,49
73,residual,2153894,0.005050699,0,true,16,16
73,residual,2153895,0.005050699,0,true,12,12
73,residual,2153896,0.005050699,0,true,34,34
73,residual,2153897,0.005050699,0,true,30,30
73,residual,2153898,0.005050699,0,true,44,44
73,residual,2153899,0.005050699,0,true,30,30
73,residual,2153900,0.005050699,0,true,46,46
73,residual,2153901,0.005050699,0,true,33,33
73,residual,2153902,0.005050699,0,true,45,45
73,residual,2153903,0.005050699,0,true,13,13
73,residual,2153904,0.005050699,0,true,47,47
73,residual,2153905,0.005050699,0,true,9,9
73,residual,2153906,0.005050699,0,true,19,19
73,residual,2153907,0.005050699,0,true,20,20
73,residual,2153908,0.005050699,0,true,21,21
73,residual,2153909,0.005050699,0,true,37,37
73,residual,2153910,0.005050699,0,true,18,18
73,residual,2153911,0.005050699,0,true,22,22
73,residual,2153912,0.005050699,0,true,3,3
73,residual,2153913,0.005050699,0,true,48,48
73,residual,2153914,0.005050699,0,true,43,43
73,residual,2153915,0.005050699,0,true,8,8
73,residual,2153916,0.005050699,0,true,10,10
73,residual,2153917,0.005050699,0,true,17,17
73,residual,2153918,0.005050699,0,true,42,42
73,residual,2153919,0.005050699,0,true,4,4
73,residual,2153920,0.005050699,0,true,23,23
73,residual,2153921,0.005050699,0,true,40,40
73,residual,2153922,0.005050699,0,true,61,61
73,residual,2153923,0.005050699,0,true,7,7
73,residual,2153924,0.005050699,0,true,3,3
73,residual,2153925,0.005050699,0,true,50,50
73,residual,2153926,0.005050699,0,true,31,31
73,residual,2153927,0.005050699,0,true,27,27
73,residual,2153928,0.005050699,0,true,60,60
73,residual,2153929,0.005050699,0,true,51,51
73,residual,2153930,0.005050699,0,true,1,1
73,residual,2153931,0.005050699,0,true,58,58
73,residual,2153932,0.005050699,0,true,16,16
73,residual,2153933,0.005050699,0,true,10,10
73,residual,2153934,0.005050699,0,true,2,2
73,residual,2153935,0.005050699,0,true,62,62
73,residual,2153936,0.005050699,0,true,56,56
73,residual,2153937,0.005050699,0,true,59,59
73,residual,2153938,0.005050699,0,true,11,11
73,residual,2153939,0.005050699,0,true,48,48
73,residual,2153940,0.005050699,0,true,57,57
73,residual,2153941,0.005050699,0,true,53,53
73,residual,2153942,0.005050699,0,true,5,5
73,residual,2153943,0.005050699,0,true,19,19
73,residual,2153944,0.005050699,0,true,4,4
73,residual,2153945,0.005050699,0,true,55,55
73,residual,2153946,0.005050699,0,true,41,41
73,residual,2153947,0.005050699,0,true,42,42
73,residual,2153948,0.005050699,0,true,52,52
73,residual,2153949,0.005050699,0,true,54,54
73,residual,2153950,0.005050699,0,true,40,40
73,residual,2153951,0.005050699,0,true,15,15
73,residual,2153952,0.005050699,0,true,14,14
74,nearfield_update,2153836,0.276648273,19,true,60,60
74,nearfield_update,2153854,0.276648273,0,true,11,11
74,nearfield_update,2153858,0.276648273,14,true,63,63
74,nearfield_update,2153859,0.276648273,5,true,26,26
74,nearfield_update,2153860,0.276648273,12,true,50,50
74,nearfield_update,2153861,0.276648273,24,true,32,40
74,nearfield_update,2153862,0.276648273,9,true,62,62
74,nearfield_update,2153863,0.276648273,11,true,57,57
74,nearfield_update,2153864,0.276648273,19,true,6,6
74,nearfield_update,2153865,0.276648273,1,true,53,53
74,nearfield_update,2153866,0.276648273,1,true,31,31
74,nearfield_update,2153867,0.276648273,18,true,25,25
74,nearfield_update,2153868,0.276648273,11,true,59,59
74,nearfield_update,2153869,0.276648273,18,true,24,24
74,nearfield_update,2153870,0.276648273,23,true,11,11
74,nearfield_update,2153871,0.276648273,18,true,38,38
74,nearfield_update,2153872,0.276648273,24,true,39,39
74,nearfield_update,2153873,0.276648273,15,true,61,61
74,nearfield_update,2153874,0.276648273,2,true,51,51
74,nearfield_update,2153875,0.276648273,14,true,56,56
74,nearfield_update,2153876,0.276648273,12,true,54,54
74,nearfield_update,2153877,0.276648273,1,true,52,52
74,nearfield_update,2153878,0.276648273,1,true,58,58
74,nearfield_update,2153879,0.276648273,16,true,23,17
74,nearfield_update,2153880,0.276648273,20,true,5,5
74,nearfield_update,2153881,0.276648273,8,true,55,2
74,nearfield_update,2153882,0.276648273,21,true,41,41
74,nearfield_update,2153883,0.276648273,21,true,7,7
74,nearfield_update,2153884,0.276648273,23,true,14,14
74,nearfield_update,2153886,0.276648273,17,true,28,28
74,nearfield_update,2153887,0.276648273,17,true,27,27
74,nearfield_update,2153888,0.276648273,21,true,1,1
74,nearfield_update,2153889,0.276648273,21,true,36,36
74,nearfield_update,2153890,0.276648273,21,true,35,35
74,nearfield_update,2153891,0.276648273,18,true,29,29
74,nearfield_update,2153892,0.276648273,23,true,15,15
74,nearfield_update,2153893,0.276648273,9,true,49,49
74,nearfield_update,2153894,0.276648273,18,true,16,16
74,nearfield_update,2153895,0.276648273,23,true,12,12
74,nearfield_update,2153896,0.276648273,17,true,34,55
74,nearfield_update,2153897,0.276648273,17,true,30,31
74,nearfield_update,2153898,0.276648273,22,true,44,44
74,nearfield_update,2153899,0.276648273,17,true,30,19
74,nearfield_update,2153900,0.276648273,21,true,46,46
74,nearfield_update,2153901,0.276648273,21,true,33,33
74,nearfield_update,2153902,0.276648273,21,true,45,45
74,nearfield_update,2153903,0.276648273,23,true,13,13
74,nearfield_update,2153904,0.276648273,22,true,47,47
74,nearfield_update,2153905,0.276648273,23,true,9,9
74,nearfield_update,2153906,0.276648273,21,true,19,42
74,nearfield_update,2153907,0.276648273,17,true,20,20
74,nearfield_update,2153908,0.276648273,17,true,21,23
74,nearfield_update,2153909,0.276648273,21,true,37,34
74,nearfield_update,2153910,0.276648273,17,true,18,18
74,nearfield_update,2153911,0.276648273,17,true,22,22
74,nearfield_update,2153912,0.276648273,21,true,3,3
74,nearfield_update,2153913,0.276648273,9,true,48,48
74,nearfield_update,2153914,0.276648273,21,true,43,43
74,nearfield_update,2153915,0.276648273,22,true,8,8
74,nearfield_update,2153916,0.276648273,23,true,10,10
74,nearfield_update,2153917,0.276648273,16,true,17,30
74,nearfield_update,2153918,0.276648273,20,true,42,37
74,nearfield_update,2153919,0.276648273,22,true,4,4
74,nearfield_update,2153920,0.276648273,17,true,23,21
74,nearfield_update,2153921,0.276648273,12,true,40,58
74,nearfield_update,2153922,0.276648273,0,true,61,61
74,nearfield_update,2153923,0.276648273,0,true,7,7
74,nearfield_update,2153924,0.276648273,0,true,3,3
74,nearfield_update,2153925,0.276648273,0,true,50,50
74,nearfield_update,2153926,0.276648273,0,true,31,31
74,nearfield_update,2153927,0.276648273,0,true,27,27
74,nearfield_update,2153928,0.276648273,0,true,60,60
74,nearfield_update,2153929,0.276648273,0,true,51,51
74,nearfield_update,2153930,0.276648273,0,true,1,1
74,nearfield_update,2153931,0.276648273,0,true,58,58
74,nearfield_update,2153932,0.276648273,0,true,16,16
74,nearfield_update,2153933,0.276648273,0,true,10,10
74,nearfield_update,2153934,0.276648273,0,true,2,2
74,nearfield_update,2153935,0.276648273,0,true,62,62
74,nearfield_update,2153936,0.276648273,0,true,56,56
74,nearfield_update,2153937,0.276648273,0,true,59,59
74,nearfield_update,2153938,0.276648273,0,true,11,11
74,nearfield_update,2153939,0.276648273,0,true,48,48
74,nearfield_update,2153940,0.276648273,0,true,57,57
74,nearfield_update,2153941,0.276648273,0,true,53,53
74,nearfield_update,2153942,0.276648273,0,true,5,5
74,nearfield_update,2153943,0.276648273,0,true,19,19
74,nearfield_update,2153944,0.276648273,0,true,4,4
74,nearfield_update,2153945,0.276648273,0,true,55,55
74,nearfield_update,2153946,0.276648273,0,true,41,41
74,nearfield_update,2153947,0.276648273,0,true,42,42
74,nearfield_update,2153948,0.276648273,0,true,52,52
74,nearfield_update,2153949,0.276648273,0,true,54,54
74,nearfield_update,2153950,0.276648273,0,true,40,40
74,nearfield_update,2153951,0.276648273,0,true,15,15
74,nearfield_update,2153952,0.276648273,0,true,14,14
75,fmm,2153836,0.039022709,4,true,60,60
75,fmm,2153854,0.039022709,0,true,11,11
75,fmm,2153858,0.039022709,2,true,63,63
75,fmm,2153859,0.039022709,3,true,26,26
75,fmm,2153860,0.039022709,2,true,50,50
75,fmm,2153861,0.039022709,2,true,40,40
75,fmm,2153862,0.039022709,2,true,62,62
75,fmm,2153863,0.039022709,2,true,57,57
75,fmm,2153864,0.039022709,2,true,6,6
75,fmm,2153865,0.039022709,3,true,53,53
75,fmm,2153866,0.039022709,2,true,31,31
75,fmm,2153867,0.039022709,2,true,25,25
75,fmm,2153868,0.039022709,1,true,59,61
75,fmm,2153869,0.039022709,2,true,24,24
75,fmm,2153870,0.039022709,2,true,11,11
75,fmm,2153871,0.039022709,2,true,38,38
75,fmm,2153872,0.039022709,3,true,39,39
75,fmm,2153873,0.039022709,2,true,61,56
75,fmm,2153874,0.039022709,2,true,51,51
75,fmm,2153875,0.039022709,2,true,56,58
75,fmm,2153876,0.039022709,2,true,54,54
75,fmm,2153877,0.039022709,2,true,52,52
75,fmm,2153878,0.039022709,2,true,58,59
75,fmm,2153879,0.039022709,2,true,17,17
75,fmm,2153880,0.039022709,1,true,5,5
75,fmm,2153881,0.039022709,2,true,2,2
75,fmm,2153882,0.039022709,2,true,41,41
75,fmm,2153883,0.039022709,2,true,7,7
75,fmm,2153884,0.039022709,2,true,14,14
75,fmm,2153886,0.039022709,2,true,28,28
75,fmm,2153887,0.039022709,2,true,27,27
75,fmm,2153888,0.039022709,2,true,1,1
75,fmm,2153889,0.039022709,2,true,36,36
75,fmm,2153890,0.039022709,2,true,35,35
75,fmm,2153891,0.039022709,2,true,29,29
75,fmm,2153892,0.039022709,2,true,15,15
75,fmm,2153893,0.039022709,2,true,49,49
75,fmm,2153894,0.039022709,2,true,16,16
75,fmm,2153895,0.039022709,1,true,12,12
75,fmm,2153896,0.039022709,2,true,55,55
75,fmm,2153897,0.039022709,2,true,31,30
75,fmm,2153898,0.039022709,1,true,44,44
75,fmm,2153899,0.039022709,2,true,19,19
75,fmm,2153900,0.039022709,2,true,46,46
75,fmm,2153901,0.039022709,2,true,33,33
75,fmm,2153902,0.039022709,2,true,45,45
75,fmm,2153903,0.039022709,2,true,13,13
75,fmm,2153904,0.039022709,2,true,47,47
75,fmm,2153905,0.039022709,2,true,9,9
75,fmm,2153906,0.039022709,2,true,42,42
75,fmm,2153907,0.039022709,2,true,20,20
75,fmm,2153908,0.039022709,2,true,23,23
75,fmm,2153909,0.039022709,2,true,34,34
75,fmm,2153910,0.039022709,3,true,18,18
75,fmm,2153911,0.039022709,2,true,22,22
75,fmm,2153912,0.039022709,2,true,3,3
75,fmm,2153913,0.039022709,1,true,48,48
75,fmm,2153914,0.039022709,2,true,43,43
75,fmm,2153915,0.039022709,2,true,8,8
75,fmm,2153916,0.039022709,1,true,10,10
75,fmm,2153917,0.039022709,2,true,30,21
75,fmm,2153918,0.039022709,2,true,37,37
75,fmm,2153919,0.039022709,2,true,4,4
75,fmm,2153920,0.039022709,1,true,21,17
75,fmm,2153921,0.039022709,0,true,58,59
75,fmm,2153922,0.039022709,0,true,61,61
75,fmm,2153923,0.039022709,0,true,7,7
75,fmm,2153924,0.039022709,0,true,3,3
75,fmm,2153925,0.039022709,0,true,50,50
75,fmm,2153926,0.039022709,0,true,31,31
75,fmm,2153927,0.039022709,0,true,27,27
75,fmm,2153928,0.039022709,0,true,60,60
75,fmm,2153929,0.039022709,0,true,51,51
75,fmm,2153930,0.039022709,0,true,1,1
75,fmm,2153931,0.039022709,0,true,58,58
75,fmm,2153932,0.039022709,0,true,16,16
75,fmm,2153933,0.039022709,0,true,10,10
75,fmm,2153934,0.039022709,0,true,2,2
75,fmm,2153935,0.039022709,0,true,62,62
75,fmm,2153936,0.039022709,0,true,56,56
75,fmm,2153937,0.039022709,0,true,59,59
75,fmm,2153938,0.039022709,0,true,11,11
75,fmm,2153939,0.039022709,0,true,48,48
75,fmm,2153940,0.039022709,0,true,57,57
75,fmm,2153941,0.039022709,0,true,53,53
75,fmm,2153942,0.039022709,0,true,5,5
75,fmm,2153943,0.039022709,0,true,19,19
75,fmm,2153944,0.039022709,0,true,4,4
75,fmm,2153945,0.039022709,0,true,55,55
75,fmm,2153946,0.039022709,0,true,41,41
75,fmm,2153947,0.039022709,0,true,42,42
75,fmm,2153948,0.039022709,0,true,52,52
75,fmm,2153949,0.039022709,0,true,54,54
75,fmm,2153950,0.039022709,0,true,40,40
75,fmm,2153951,0.039022709,0,true,15,15
75,fmm,2153952,0.039022709,0,true,14,14
76,influence_mapping,2153836,0.000794912,0,true,60,60
76,influence_mapping,2153854,0.000794912,0,true,11,11
76,influence_mapping,2153858,0.000794912,0,true,63,63
76,influence_mapping,2153859,0.000794912,0,true,26,26
76,influence_mapping,2153860,0.000794912,0,true,50,50
76,influence_mapping,2153861,0.000794912,0,true,40,40
76,influence_mapping,2153862,0.000794912,0,true,62,62
76,influence_mapping,2153863,0.000794912,0,true,57,57
76,influence_mapping,2153864,0.000794912,0,true,6,6
76,influence_mapping,2153865,0.000794912,0,true,53,53
76,influence_mapping,2153866,0.000794912,0,true,31,31
76,influence_mapping,2153867,0.000794912,0,true,25,25
76,influence_mapping,2153868,0.000794912,0,true,61,61
76,influence_mapping,2153869,0.000794912,0,true,24,24
76,influence_mapping,2153870,0.000794912,0,true,11,11
76,influence_mapping,2153871,0.000794912,0,true,38,38
76,influence_mapping,2153872,0.000794912,0,true,39,39
76,influence_mapping,2153873,0.000794912,0,true,56,56
76,influence_mapping,2153874,0.000794912,0,true,51,51
76,influence_mapping,2153875,0.000794912,0,true,58,58
76,influence_mapping,2153876,0.000794912,0,true,54,54
76,influence_mapping,2153877,0.000794912,0,true,52,52
76,influence_mapping,2153878,0.000794912,0,true,59,59
76,influence_mapping,2153879,0.000794912,0,true,17,17
76,influence_mapping,2153880,0.000794912,0,true,5,5
76,influence_mapping,2153881,0.000794912,0,true,2,2
76,influence_mapping,2153882,0.000794912,0,true,41,41
76,influence_mapping,2153883,0.000794912,0,true,7,7
76,influence_mapping,2153884,0.000794912,0,true,14,14
76,influence_mapping,2153886,0.000794912,0,true,28,28
76,influence_mapping,2153887,0.000794912,0,true,27,27
76,influence_mapping,2153888,0.000794912,0,true,1,1
76,influence_mapping,2153889,0.000794912,0,true,36,36
76,influence_mapping,2153890,0.000794912,0,true,35,35
76,influence_mapping,2153891,0.000794912,0,true,29,29
76,influence_mapping,2153892,0.000794912,0,true,15,15
76,influence_mapping,2153893,0.000794912,0,true,49,49
76,influence_mapping,2153894,0.000794912,0,true,16,16
76,influence_mapping,2153895,0.000794912,0,true,12,12
76,influence_mapping,2153896,0.000794912,0,true,55,55
76,influence_mapping,2153897,0.000794912,0,true,30,30
76,influence_mapping,2153898,0.000794912,0,true,44,44
76,influence_mapping,2153899,0.000794912,0,true,19,19
76,influence_mapping,2153900,0.000794912,0,true,46,46
76,influence_mapping,2153901,0.000794912,0,true,33,33
76,influence_mapping,2153902,0.000794912,0,true,45,45
76,influence_mapping,2153903,0.000794912,0,true,13,13
76,influence_mapping,2153904,0.000794912,0,true,47,47
76,influence_mapping,2153905,0.000794912,0,true,9,9
76,influence_mapping,2153906,0.000794912,0,true,42,42
76,influence_mapping,2153907,0.000794912,0,true,20,20
76,influence_mapping,2153908,0.000794912,0,true,23,23
76,influence_mapping,2153909,0.000794912,0,true,34,34
76,influence_mapping,2153910,0.000794912,0,true,18,18
76,influence_mapping,2153911,0.000794912,0,true,22,22
76,influence_mapping,2153912,0.000794912,0,true,3,3
76,influence_mapping,2153913,0.000794912,0,true,48,48
76,influence_mapping,2153914,0.000794912,0,true,43,43
76,influence_mapping,2153915,0.000794912,0,true,8,8
76,influence_mapping,2153916,0.000794912,0,true,10,10
76,influence_mapping,2153917,0.000794912,0,true,21,21
76,influence_mapping,2153918,0.000794912,0,true,37,37
76,influence_mapping,2153919,0.000794912,0,true,4,4
76,influence_mapping,2153920,0.000794912,0,true,17,17
76,influence_mapping,2153921,0.000794912,0,true,59,59
76,influence_mapping,2153922,0.000794912,0,true,61,61
76,influence_mapping,2153923,0.000794912,0,true,7,7
76,influence_mapping,2153924,0.000794912,0,true,3,3
76,influence_mapping,2153925,0.000794912,0,true,50,50
76,influence_mapping,2153926,0.000794912,0,true,31,31
76,influence_mapping,2153927,0.000794912,0,true,27,27
76,influence_mapping,2153928,0.000794912,0,true,60,60
76,influence_mapping,2153929,0.000794912,0,true,51,51
76,influence_mapping,2153930,0.000794912,0,true,1,1
76,influence_mapping,2153931,0.000794912,0,true,58,58
76,influence_mapping,2153932,0.000794912,0,true,16,16
76,influence_mapping,2153933,0.000794912,0,true,10,10
76,influence_mapping,2153934,0.000794912,0,true,2,2
76,influence_mapping,2153935,0.000794912,0,true,62,62
76,influence_mapping,2153936,0.000794912,0,true,56,56
76,influence_mapping,2153937,0.000794912,0,true,59,59
76,influence_mapping,2153938,0.000794912,0,true,11,11
76,influence_mapping,2153939,0.000794912,0,true,48,48
76,influence_mapping,2153940,0.000794912,0,true,57,57
76,influence_mapping,2153941,0.000794912,0,true,53,53
76,influence_mapping,2153942,0.000794912,0,true,5,5
76,influence_mapping,2153943,0.000794912,0,true,19,19
76,influence_mapping,2153944,0.000794912,0,true,4,4
76,influence_mapping,2153945,0.000794912,0,true,55,55
76,influence_mapping,2153946,0.000794912,0,true,41,41
76,influence_mapping,2153947,0.000794912,0,true,42,42
76,influence_mapping,2153948,0.000794912,0,true,52,52
76,influence_mapping,2153949,0.000794912,0,true,54,54
76,influence_mapping,2153950,0.000794912,0,true,40,40
76,influence_mapping,2153951,0.000794912,0,true,15,15
76,influence_mapping,2153952,0.000794912,0,true,14,14
77,residual,2153836,0.005027556,1,true,60,60
77,residual,2153854,0.005027556,0,true,11,11
77,residual,2153858,0.005027556,0,true,63,63
77,residual,2153859,0.005027556,0,true,26,26
77,residual,2153860,0.005027556,0,true,50,50
77,residual,2153861,0.005027556,0,true,40,40
77,residual,2153862,0.005027556,0,true,62,62
77,residual,2153863,0.005027556,0,true,57,57
77,residual,2153864,0.005027556,0,true,6,6
77,residual,2153865,0.005027556,0,true,53,53
77,residual,2153866,0.005027556,0,true,31,31
77,residual,2153867,0.005027556,0,true,25,25
77,residual,2153868,0.005027556,0,true,61,61
77,residual,2153869,0.005027556,0,true,24,24
77,residual,2153870,0.005027556,0,true,11,11
77,residual,2153871,0.005027556,0,true,38,38
77,residual,2153872,0.005027556,0,true,39,39
77,residual,2153873,0.005027556,0,true,56,56
77,residual,2153874,0.005027556,0,true,51,51
77,residual,2153875,0.005027556,0,true,58,58
77,residual,2153876,0.005027556,0,true,54,54
77,residual,2153877,0.005027556,0,true,52,52
77,residual,2153878,0.005027556,0,true,59,59
77,residual,2153879,0.005027556,0,true,17,17
77,residual,2153880,0.005027556,0,true,5,5
77,residual,2153881,0.005027556,0,true,2,2
77,residual,2153882,0.005027556,0,true,41,41
77,residual,2153883,0.005027556,0,true,7,7
77,residual,2153884,0.005027556,0,true,14,14
77,residual,2153886,0.005027556,0,true,28,28
77,residual,2153887,0.005027556,0,true,27,27
77,residual,2153888,0.005027556,0,true,1,1
77,residual,2153889,0.005027556,0,true,36,36
77,residual,2153890,0.005027556,0,true,35,35
77,residual,2153891,0.005027556,0,true,29,29
77,residual,2153892,0.005027556,0,true,15,15
77,residual,2153893,0.005027556,0,true,49,49
77,residual,2153894,0.005027556,0,true,16,16
77,residual,2153895,0.005027556,0,true,12,12
77,residual,2153896,0.005027556,0,true,55,55
77,residual,2153897,0.005027556,0,true,30,30
77,residual,2153898,0.005027556,0,true,44,44
77,residual,2153899,0.005027556,0,true,19,19
77,residual,2153900,0.005027556,0,true,46,46
77,residual,2153901,0.005027556,0,true,33,33
77,residual,2153902,0.005027556,0,true,45,45
77,residual,2153903,0.005027556,0,true,13,13
77,residual,2153904,0.005027556,0,true,47,47
77,residual,2153905,0.005027556,0,true,9,9
77,residual,2153906,0.005027556,0,true,42,42
77,residual,2153907,0.005027556,0,true,20,20
77,residual,2153908,0.005027556,0,true,23,23
77,residual,2153909,0.005027556,0,true,34,34
77,residual,2153910,0.005027556,0,true,18,18
77,residual,2153911,0.005027556,0,true,22,22
77,residual,2153912,0.005027556,0,true,3,3
77,residual,2153913,0.005027556,0,true,48,48
77,residual,2153914,0.005027556,0,true,43,43
77,residual,2153915,0.005027556,0,true,8,8
77,residual,2153916,0.005027556,0,true,10,10
77,residual,2153917,0.005027556,0,true,21,21
77,residual,2153918,0.005027556,0,true,37,37
77,residual,2153919,0.005027556,0,true,4,4
77,residual,2153920,0.005027556,0,true,17,17
77,residual,2153921,0.005027556,0,true,59,59
77,residual,2153922,0.005027556,0,true,61,61
77,residual,2153923,0.005027556,0,true,7,7
77,residual,2153924,0.005027556,0,true,3,3
77,residual,2153925,0.005027556,0,true,50,50
77,residual,2153926,0.005027556,0,true,31,31
77,residual,2153927,0.005027556,0,true,27,27
77,residual,2153928,0.005027556,0,true,60,60
77,residual,2153929,0.005027556,0,true,51,51
77,residual,2153930,0.005027556,0,true,1,1
77,residual,2153931,0.005027556,0,true,58,58
77,residual,2153932,0.005027556,0,true,16,16
77,residual,2153933,0.005027556,0,true,10,10
77,residual,2153934,0.005027556,0,true,2,2
77,residual,2153935,0.005027556,0,true,62,62
77,residual,2153936,0.005027556,0,true,56,56
77,residual,2153937,0.005027556,0,true,59,59
77,residual,2153938,0.005027556,0,true,11,11
77,residual,2153939,0.005027556,0,true,48,48
77,residual,2153940,0.005027556,0,true,57,57
77,residual,2153941,0.005027556,0,true,53,53
77,residual,2153942,0.005027556,0,true,5,5
77,residual,2153943,0.005027556,0,true,19,19
77,residual,2153944,0.005027556,0,true,4,4
77,residual,2153945,0.005027556,0,true,55,55
77,residual,2153946,0.005027556,0,true,41,41
77,residual,2153947,0.005027556,0,true,42,42
77,residual,2153948,0.005027556,0,true,52,52
77,residual,2153949,0.005027556,0,true,54,54
77,residual,2153950,0.005027556,0,true,40,40
77,residual,2153951,0.005027556,0,true,15,15
77,residual,2153952,0.005027556,0,true,14,14
78,nearfield_update,2153836,0.274189177,20,true,60,60
78,nearfield_update,2153854,0.274189177,0,true,11,11
78,nearfield_update,2153858,0.274189177,15,true,63,63
78,nearfield_update,2153859,0.274189177,4,true,26,26
78,nearfield_update,2153860,0.274189177,12,true,50,50
78,nearfield_update,2153861,0.274189177,24,true,40,40
78,nearfield_update,2153862,0.274189177,9,true,62,62
78,nearfield_update,2153863,0.274189177,11,true,57,57
78,nearfield_update,2153864,0.274189177,21,true,6,6
78,nearfield_update,2153865,0.274189177,1,true,53,53
78,nearfield_update,2153866,0.274189177,1,true,31,31
78,nearfield_update,2153867,0.274189177,17,true,25,30
78,nearfield_update,2153868,0.274189177,11,true,61,61
78,nearfield_update,2153869,0.274189177,17,true,24,24
78,nearfield_update,2153870,0.274189177,24,true,11,11
78,nearfield_update,2153871,0.274189177,18,true,38,38
78,nearfield_update,2153872,0.274189177,23,true,39,39
78,nearfield_update,2153873,0.274189177,16,true,56,56
78,nearfield_update,2153874,0.274189177,3,true,51,51
78,nearfield_update,2153875,0.274189177,14,true,58,58
78,nearfield_update,2153876,0.274189177,13,true,54,54
78,nearfield_update,2153877,0.274189177,1,true,52,52
78,nearfield_update,2153878,0.274189177,1,true,59,55
78,nearfield_update,2153879,0.274189177,16,true,17,31
78,nearfield_update,2153880,0.274189177,21,true,5,5
78,nearfield_update,2153881,0.274189177,20,true,2,2
78,nearfield_update,2153882,0.274189177,20,true,41,41
78,nearfield_update,2153883,0.274189177,22,true,7,7
78,nearfield_update,2153884,0.274189177,23,true,14,14
78,nearfield_update,2153886,0.274189177,16,true,28,28
78,nearfield_update,2153887,0.274189177,17,true,27,29
78,nearfield_update,2153888,0.274189177,23,true,1,1
78,nearfield_update,2153889,0.274189177,19,true,36,36
78,nearfield_update,2153890,0.274189177,20,true,35,35
78,nearfield_update,2153891,0.274189177,17,true,29,25
78,nearfield_update,2153892,0.274189177,23,true,15,15
78,nearfield_update,2153893,0.274189177,8,true,49,49
78,nearfield_update,2153894,0.274189177,17,true,16,16
78,nearfield_update,2153895,0.274189177,23,true,12,12
78,nearfield_update,2153896,0.274189177,9,true,55,48
78,nearfield_update,2153897,0.274189177,17,true,30,19
78,nearfield_update,2153898,0.274189177,22,true,44,44
78,nearfield_update,2153899,0.274189177,18,true,19,21
78,nearfield_update,2153900,0.274189177,21,true,46,46
78,nearfield_update,2153901,0.274189177,19,true,33,33
78,nearfield_update,2153902,0.274189177,21,true,45,45
78,nearfield_update,2153903,0.274189177,23,true,13,13
78,nearfield_update,2153904,0.274189177,21,true,47,47
78,nearfield_update,2153905,0.274189177,24,true,9,9
78,nearfield_update,2153906,0.274189177,21,true,42,42
78,nearfield_update,2153907,0.274189177,18,true,20,20
78,nearfield_update,2153908,0.274189177,17,true,23,23
78,nearfield_update,2153909,0.274189177,20,true,34,34
78,nearfield_update,2153910,0.274189177,18,true,18,18
78,nearfield_update,2153911,0.274189177,18,true,22,22
78,nearfield_update,2153912,0.274189177,22,true,3,3
78,nearfield_update,2153913,0.274189177,10,true,48,59
78,nearfield_update,2153914,0.274189177,21,true,43,43
78,nearfield_update,2153915,0.274189177,23,true,8,8
78,nearfield_update,2153916,0.274189177,23,true,10,10
78,nearfield_update,2153917,0.274189177,17,true,21,17
78,nearfield_update,2153918,0.274189177,19,true,37,37
78,nearfield_update,2153919,0.274189177,22,true,4,4
78,nearfield_update,2153920,0.274189177,17,true,17,27
78,nearfield_update,2153921,0.274189177,11,true,59,55
78,nearfield_update,2153922,0.274189177,0,true,61,61
78,nearfield_update,2153923,0.274189177,0,true,7,7
78,nearfield_update,2153924,0.274189177,0,true,3,3
78,nearfield_update,2153925,0.274189177,0,true,50,50
78,nearfield_update,2153926,0.274189177,0,true,31,31
78,nearfield_update,2153927,0.274189177,0,true,27,27
78,nearfield_update,2153928,0.274189177,0,true,60,60
78,nearfield_update,2153929,0.274189177,0,true,51,51
78,nearfield_update,2153930,0.274189177,0,true,1,1
78,nearfield_update,2153931,0.274189177,0,true,58,58
78,nearfield_update,2153932,0.274189177,0,true,16,16
78,nearfield_update,2153933,0.274189177,0,true,10,10
78,nearfield_update,2153934,0.274189177,0,true,2,2
78,nearfield_update,2153935,0.274189177,0,true,62,62
78,nearfield_update,2153936,0.274189177,0,true,56,56
78,nearfield_update,2153937,0.274189177,0,true,59,59
78,nearfield_update,2153938,0.274189177,0,true,11,11
78,nearfield_update,2153939,0.274189177,0,true,48,48
78,nearfield_update,2153940,0.274189177,0,true,57,57
78,nearfield_update,2153941,0.274189177,0,true,53,53
78,nearfield_update,2153942,0.274189177,0,true,5,5
78,nearfield_update,2153943,0.274189177,0,true,19,19
78,nearfield_update,2153944,0.274189177,0,true,4,4
78,nearfield_update,2153945,0.274189177,0,true,55,55
78,nearfield_update,2153946,0.274189177,0,true,41,41
78,nearfield_update,2153947,0.274189177,0,true,42,42
78,nearfield_update,2153948,0.274189177,0,true,52,52
78,nearfield_update,2153949,0.274189177,0,true,54,54
78,nearfield_update,2153950,0.274189177,0,true,40,40
78,nearfield_update,2153951,0.274189177,0,true,15,15
78,nearfield_update,2153952,0.274189177,0,true,14,14
79,fmm,2153836,0.03753636,3,true,60,60
79,fmm,2153854,0.03753636,0,true,11,11
79,fmm,2153858,0.03753636,2,true,63,63
79,fmm,2153859,0.03753636,3,true,26,26
79,fmm,2153860,0.03753636,2,true,50,50
79,fmm,2153861,0.03753636,2,true,40,40
79,fmm,2153862,0.03753636,2,true,62,62
79,fmm,2153863,0.03753636,2,true,57,57
79,fmm,2153864,0.03753636,2,true,6,6
79,fmm,2153865,0.03753636,3,true,53,53
79,fmm,2153866,0.03753636,2,true,31,31
79,fmm,2153867,0.03753636,2,true,30,56
79,fmm,2153868,0.03753636,2,true,61,59
79,fmm,2153869,0.03753636,2,true,24,24
79,fmm,2153870,0.03753636,2,true,11,11
79,fmm,2153871,0.03753636,2,true,38,38
79,fmm,2153872,0.03753636,2,true,39,39
79,fmm,2153873,0.03753636,1,true,56,61
79,fmm,2153874,0.03753636,3,true,51,51
79,fmm,2153875,0.03753636,2,true,58,58
79,fmm,2153876,0.03753636,1,true,54,54
79,fmm,2153877,0.03753636,2,true,52,52
79,fmm,2153878,0.03753636,2,true,55,55
79,fmm,2153879,0.03753636,2,true,31,25
79,fmm,2153880,0.03753636,2,true,5,5
79,fmm,2153881,0.03753636,2,true,2,2
79,fmm,2153882,0.03753636,3,true,41,41
79,fmm,2153883,0.03753636,2,true,7,7
79,fmm,2153884,0.03753636,2,true,14,14
79,fmm,2153886,0.03753636,2,true,28,28
79,fmm,2153887,0.03753636,1,true,29,29
79,fmm,2153888,0.03753636,2,true,1,1
79,fmm,2153889,0.03753636,2,true,36,36
79,fmm,2153890,0.03753636,2,true,35,35
79,fmm,2153891,0.03753636,2,true,25,27
79,fmm,2153892,0.03753636,2,true,15,15
79,fmm,2153893,0.03753636,2,true,49,49
79,fmm,2153894,0.03753636,2,true,16,16
79,fmm,2153895,0.03753636,2,true,12,12
79,fmm,2153896,0.03753636,2,true,48,48
79,fmm,2153897,0.03753636,2,true,19,19
79,fmm,2153898,0.03753636,1,true,44,44
79,fmm,2153899,0.03753636,2,true,21,21
79,fmm,2153900,0.03753636,2,true,46,46
79,fmm,2153901,0.03753636,2,true,33,33
79,fmm,2153902,0.03753636,2,true,45,45
79,fmm,2153903,0.03753636,2,true,13,13
79,fmm,2153904,0.03753636,2,true,47,47
79,fmm,2153905,0.03753636,2,true,9,9
79,fmm,2153906,0.03753636,2,true,42,42
79,fmm,2153907,0.03753636,2,true,20,20
79,fmm,2153908,0.03753636,2,true,23,23
79,fmm,2153909,0.03753636,1,true,34,34
79,fmm,2153910,0.03753636,2,true,18,18
79,fmm,2153911,0.03753636,1,true,22,22
79,fmm,2153912,0.03753636,2,true,3,3
79,fmm,2153913,0.03753636,2,true,59,56
79,fmm,2153914,0.03753636,2,true,43,43
79,fmm,2153915,0.03753636,2,true,8,8
79,fmm,2153916,0.03753636,1,true,10,10
79,fmm,2153917,0.03753636,1,true,17,17
79,fmm,2153918,0.03753636,2,true,37,37
79,fmm,2153919,0.03753636,1,true,4,4
79,fmm,2153920,0.03753636,0,true,27,30
79,fmm,2153921,0.03753636,0,true,55,63
79,fmm,2153922,0.03753636,0,true,61,61
79,fmm,2153923,0.03753636,0,true,7,7
79,fmm,2153924,0.03753636,0,true,3,3
79,fmm,2153925,0.03753636,0,true,50,50
79,fmm,2153926,0.03753636,0,true,31,31
79,fmm,2153927,0.03753636,0,true,27,27
79,fmm,2153928,0.03753636,0,true,60,60
79,fmm,2153929,0.03753636,0,true,51,51
79,fmm,2153930,0.03753636,0,true,1,1
79,fmm,2153931,0.03753636,0,true,58,58
79,fmm,2153932,0.03753636,0,true,16,16
79,fmm,2153933,0.03753636,0,true,10,10
79,fmm,2153934,0.03753636,0,true,2,2
79,fmm,2153935,0.03753636,0,true,62,62
79,fmm,2153936,0.03753636,0,true,56,56
79,fmm,2153937,0.03753636,0,true,59,59
79,fmm,2153938,0.03753636,0,true,11,11
79,fmm,2153939,0.03753636,0,true,48,48
79,fmm,2153940,0.03753636,0,true,57,57
79,fmm,2153941,0.03753636,0,true,53,53
79,fmm,2153942,0.03753636,0,true,5,5
79,fmm,2153943,0.03753636,0,true,19,19
79,fmm,2153944,0.03753636,0,true,4,4
79,fmm,2153945,0.03753636,0,true,55,55
79,fmm,2153946,0.03753636,0,true,41,41
79,fmm,2153947,0.03753636,0,true,42,42
79,fmm,2153948,0.03753636,0,true,52,52
79,fmm,2153949,0.03753636,0,true,54,54
79,fmm,2153950,0.03753636,0,true,40,40
79,fmm,2153951,0.03753636,0,true,15,15
79,fmm,2153952,0.03753636,0,true,14,14
80,influence_mapping,2153836,0.000721825,1,true,60,60
80,influence_mapping,2153854,0.000721825,0,true,11,11
80,influence_mapping,2153858,0.000721825,0,true,63,63
80,influence_mapping,2153859,0.000721825,0,true,26,26
80,influence_mapping,2153860,0.000721825,0,true,50,50
80,influence_mapping,2153861,0.000721825,0,true,40,40
80,influence_mapping,2153862,0.000721825,0,true,62,62
80,influence_mapping,2153863,0.000721825,0,true,57,57
80,influence_mapping,2153864,0.000721825,0,true,6,6
80,influence_mapping,2153865,0.000721825,0,true,53,53
80,influence_mapping,2153866,0.000721825,0,true,31,31
80,influence_mapping,2153867,0.000721825,0,true,56,56
80,influence_mapping,2153868,0.000721825,0,true,59,59
80,influence_mapping,2153869,0.000721825,0,true,24,24
80,influence_mapping,2153870,0.000721825,0,true,11,11
80,influence_mapping,2153871,0.000721825,0,true,38,38
80,influence_mapping,2153872,0.000721825,0,true,39,39
80,influence_mapping,2153873,0.000721825,0,true,61,61
80,influence_mapping,2153874,0.000721825,0,true,51,51
80,influence_mapping,2153875,0.000721825,0,true,58,58
80,influence_mapping,2153876,0.000721825,0,true,54,54
80,influence_mapping,2153877,0.000721825,0,true,52,52
80,influence_mapping,2153878,0.000721825,0,true,55,55
80,influence_mapping,2153879,0.000721825,0,true,25,25
80,influence_mapping,2153880,0.000721825,0,true,5,5
80,influence_mapping,2153881,0.000721825,0,true,2,2
80,influence_mapping,2153882,0.000721825,0,true,41,41
80,influence_mapping,2153883,0.000721825,0,true,7,7
80,influence_mapping,2153884,0.000721825,0,true,14,14
80,influence_mapping,2153886,0.000721825,0,true,28,28
80,influence_mapping,2153887,0.000721825,0,true,29,29
80,influence_mapping,2153888,0.000721825,0,true,1,1
80,influence_mapping,2153889,0.000721825,0,true,36,36
80,influence_mapping,2153890,0.000721825,0,true,35,35
80,influence_mapping,2153891,0.000721825,0,true,27,27
80,influence_mapping,2153892,0.000721825,0,true,15,15
80,influence_mapping,2153893,0.000721825,0,true,49,49
80,influence_mapping,2153894,0.000721825,0,true,16,16
80,influence_mapping,2153895,0.000721825,0,true,12,12
80,influence_mapping,2153896,0.000721825,0,true,48,48
80,influence_mapping,2153897,0.000721825,0,true,19,19
80,influence_mapping,2153898,0.000721825,0,true,44,44
80,influence_mapping,2153899,0.000721825,0,true,21,21
80,influence_mapping,2153900,0.000721825,0,true,46,46
80,influence_mapping,2153901,0.000721825,0,true,33,33
80,influence_mapping,2153902,0.000721825,0,true,45,45
80,influence_mapping,2153903,0.000721825,0,true,13,13
80,influence_mapping,2153904,0.000721825,0,true,47,47
80,influence_mapping,2153905,0.000721825,0,true,9,9
80,influence_mapping,2153906,0.000721825,0,true,42,42
80,influence_mapping,2153907,0.000721825,0,true,20,20
80,influence_mapping,2153908,0.000721825,0,true,23,23
80,influence_mapping,2153909,0.000721825,0,true,34,34
80,influence_mapping,2153910,0.000721825,0,true,18,18
80,influence_mapping,2153911,0.000721825,0,true,22,22
80,influence_mapping,2153912,0.000721825,0,true,3,3
80,influence_mapping,2153913,0.000721825,0,true,56,56
80,influence_mapping,2153914,0.000721825,0,true,43,43
80,influence_mapping,2153915,0.000721825,0,true,8,8
80,influence_mapping,2153916,0.000721825,0,true,10,10
80,influence_mapping,2153917,0.000721825,0,true,17,17
80,influence_mapping,2153918,0.000721825,0,true,37,37
80,influence_mapping,2153919,0.000721825,0,true,4,4
80,influence_mapping,2153920,0.000721825,0,true,30,30
80,influence_mapping,2153921,0.000721825,0,true,63,63
80,influence_mapping,2153922,0.000721825,0,true,61,61
80,influence_mapping,2153923,0.000721825,0,true,7,7
80,influence_mapping,2153924,0.000721825,0,true,3,3
80,influence_mapping,2153925,0.000721825,0,true,50,50
80,influence_mapping,2153926,0.000721825,0,true,31,31
80,influence_mapping,2153927,0.000721825,0,true,27,27
80,influence_mapping,2153928,0.000721825,0,true,60,60
80,influence_mapping,2153929,0.000721825,0,true,51,51
80,influence_mapping,2153930,0.000721825,0,true,1,1
80,influence_mapping,2153931,0.000721825,0,true,58,58
80,influence_mapping,2153932,0.000721825,0,true,16,16
80,influence_mapping,2153933,0.000721825,0,true,10,10
80,influence_mapping,2153934,0.000721825,0,true,2,2
80,influence_mapping,2153935,0.000721825,0,true,62,62
80,influence_mapping,2153936,0.000721825,0,true,56,56
80,influence_mapping,2153937,0.000721825,0,true,59,59
80,influence_mapping,2153938,0.000721825,0,true,11,11
80,influence_mapping,2153939,0.000721825,0,true,48,48
80,influence_mapping,2153940,0.000721825,0,true,57,57
80,influence_mapping,2153941,0.000721825,0,true,53,53
80,influence_mapping,2153942,0.000721825,0,true,5,5
80,influence_mapping,2153943,0.000721825,0,true,19,19
80,influence_mapping,2153944,0.000721825,0,true,4,4
80,influence_mapping,2153945,0.000721825,0,true,55,55
80,influence_mapping,2153946,0.000721825,0,true,41,41
80,influence_mapping,2153947,0.000721825,0,true,42,42
80,influence_mapping,2153948,0.000721825,0,true,52,52
80,influence_mapping,2153949,0.000721825,0,true,54,54
80,influence_mapping,2153950,0.000721825,0,true,40,40
80,influence_mapping,2153951,0.000721825,0,true,15,15
80,influence_mapping,2153952,0.000721825,0,true,14,14
81,residual,2153836,0.005071278,1,true,60,60
81,residual,2153854,0.005071278,0,true,11,11
81,residual,2153858,0.005071278,0,true,63,63
81,residual,2153859,0.005071278,0,true,26,26
81,residual,2153860,0.005071278,0,true,50,50
81,residual,2153861,0.005071278,0,true,40,40
81,residual,2153862,0.005071278,0,true,62,62
81,residual,2153863,0.005071278,0,true,57,57
81,residual,2153864,0.005071278,0,true,6,6
81,residual,2153865,0.005071278,0,true,53,53
81,residual,2153866,0.005071278,0,true,31,31
81,residual,2153867,0.005071278,0,true,56,56
81,residual,2153868,0.005071278,0,true,59,59
81,residual,2153869,0.005071278,0,true,24,24
81,residual,2153870,0.005071278,0,true,11,11
81,residual,2153871,0.005071278,0,true,38,38
81,residual,2153872,0.005071278,0,true,39,39
81,residual,2153873,0.005071278,0,true,61,61
81,residual,2153874,0.005071278,0,true,51,51
81,residual,2153875,0.005071278,0,true,58,58
81,residual,2153876,0.005071278,0,true,54,54
81,residual,2153877,0.005071278,0,true,52,52
81,residual,2153878,0.005071278,0,true,55,55
81,residual,2153879,0.005071278,0,true,25,25
81,residual,2153880,0.005071278,0,true,5,5
81,residual,2153881,0.005071278,0,true,2,2
81,residual,2153882,0.005071278,0,true,41,41
81,residual,2153883,0.005071278,0,true,7,7
81,residual,2153884,0.005071278,0,true,14,14
81,residual,2153886,0.005071278,0,true,28,28
81,residual,2153887,0.005071278,0,true,29,29
81,residual,2153888,0.005071278,0,true,1,1
81,residual,2153889,0.005071278,0,true,36,36
81,residual,2153890,0.005071278,0,true,35,35
81,residual,2153891,0.005071278,0,true,27,27
81,residual,2153892,0.005071278,0,true,15,15
81,residual,2153893,0.005071278,0,true,49,49
81,residual,2153894,0.005071278,0,true,16,16
81,residual,2153895,0.005071278,0,true,12,12
81,residual,2153896,0.005071278,0,true,48,48
81,residual,2153897,0.005071278,0,true,19,19
81,residual,2153898,0.005071278,0,true,44,44
81,residual,2153899,0.005071278,0,true,21,21
81,residual,2153900,0.005071278,0,true,46,46
81,residual,2153901,0.005071278,0,true,33,33
81,residual,2153902,0.005071278,0,true,45,45
81,residual,2153903,0.005071278,0,true,13,13
81,residual,2153904,0.005071278,0,true,47,47
81,residual,2153905,0.005071278,0,true,9,9
81,residual,2153906,0.005071278,0,true,42,42
81,residual,2153907,0.005071278,0,true,20,20
81,residual,2153908,0.005071278,0,true,23,23
81,residual,2153909,0.005071278,0,true,34,34
81,residual,2153910,0.005071278,0,true,18,18
81,residual,2153911,0.005071278,0,true,22,22
81,residual,2153912,0.005071278,0,true,3,3
81,residual,2153913,0.005071278,0,true,56,56
81,residual,2153914,0.005071278,0,true,43,43
81,residual,2153915,0.005071278,0,true,8,8
81,residual,2153916,0.005071278,0,true,10,10
81,residual,2153917,0.005071278,0,true,17,17
81,residual,2153918,0.005071278,0,true,37,37
81,residual,2153919,0.005071278,0,true,4,4
81,residual,2153920,0.005071278,0,true,30,30
81,residual,2153921,0.005071278,0,true,63,63
81,residual,2153922,0.005071278,0,true,61,61
81,residual,2153923,0.005071278,0,true,7,7
81,residual,2153924,0.005071278,0,true,3,3
81,residual,2153925,0.005071278,0,true,50,50
81,residual,2153926,0.005071278,0,true,31,31
81,residual,2153927,0.005071278,0,true,27,27
81,residual,2153928,0.005071278,0,true,60,60
81,residual,2153929,0.005071278,0,true,51,51
81,residual,2153930,0.005071278,0,true,1,1
81,residual,2153931,0.005071278,0,true,58,58
81,residual,2153932,0.005071278,0,true,16,16
81,residual,2153933,0.005071278,0,true,10,10
81,residual,2153934,0.005071278,0,true,2,2
81,residual,2153935,0.005071278,0,true,62,62
81,residual,2153936,0.005071278,0,true,56,56
81,residual,2153937,0.005071278,0,true,59,59
81,residual,2153938,0.005071278,0,true,11,11
81,residual,2153939,0.005071278,0,true,48,48
81,residual,2153940,0.005071278,0,true,57,57
81,residual,2153941,0.005071278,0,true,53,53
81,residual,2153942,0.005071278,0,true,5,5
81,residual,2153943,0.005071278,0,true,19,19
81,residual,2153944,0.005071278,0,true,4,4
81,residual,2153945,0.005071278,0,true,55,55
81,residual,2153946,0.005071278,0,true,41,41
81,residual,2153947,0.005071278,0,true,42,42
81,residual,2153948,0.005071278,0,true,52,52
81,residual,2153949,0.005071278,0,true,54,54
81,residual,2153950,0.005071278,0,true,40,40
81,residual,2153951,0.005071278,0,true,15,15
81,residual,2153952,0.005071278,0,true,14,14
82,nearfield_update,2153836,0.278486723,18,true,60,48
82,nearfield_update,2153854,0.278486723,0,true,11,11
82,nearfield_update,2153858,0.278486723,15,true,63,63
82,nearfield_update,2153859,0.278486723,4,true,26,26
82,nearfield_update,2153860,0.278486723,15,true,50,50
82,nearfield_update,2153861,0.278486723,25,true,40,40
82,nearfield_update,2153862,0.278486723,9,true,62,62
82,nearfield_update,2153863,0.278486723,11,true,57,57
82,nearfield_update,2153864,0.278486723,21,true,6,6
82,nearfield_update,2153865,0.278486723,1,true,53,55
82,nearfield_update,2153866,0.278486723,1,true,31,31
82,nearfield_update,2153867,0.278486723,13,true,56,56
82,nearfield_update,2153868,0.278486723,9,true,59,49
82,nearfield_update,2153869,0.278486723,17,true,24,24
82,nearfield_update,2153870,0.278486723,24,true,11,11
82,nearfield_update,2153871,0.278486723,18,true,38,38
82,nearfield_update,2153872,0.278486723,24,true,39,39
82,nearfield_update,2153873,0.278486723,16,true,61,61
82,nearfield_update,2153874,0.278486723,3,true,51,51
82,nearfield_update,2153875,0.278486723,15,true,58,58
82,nearfield_update,2153876,0.278486723,16,true,54,54
82,nearfield_update,2153877,0.278486723,2,true,52,52
82,nearfield_update,2153878,0.278486723,2,true,55,22
82,nearfield_update,2153879,0.278486723,15,true,25,25
82,nearfield_update,2153880,0.278486723,21,true,5,5
82,nearfield_update,2153881,0.278486723,20,true,2,2
82,nearfield_update,2153882,0.278486723,21,true,41,41
82,nearfield_update,2153883,0.278486723,22,true,7,7
82,nearfield_update,2153884,0.278486723,23,true,14,14
82,nearfield_update,2153886,0.278486723,17,true,28,28
82,nearfield_update,2153887,0.278486723,17,true,29,29
82,nearfield_update,2153888,0.278486723,22,true,1,1
82,nearfield_update,2153889,0.278486723,21,true,36,36
82,nearfield_update,2153890,0.278486723,20,true,35,35
82,nearfield_update,2153891,0.278486723,16,true,27,27
82,nearfield_update,2153892,0.278486723,23,true,15,15
82,nearfield_update,2153893,0.278486723,10,true,49,53
82,nearfield_update,2153894,0.278486723,17,true,16,16
82,nearfield_update,2153895,0.278486723,23,true,12,12
82,nearfield_update,2153896,0.278486723,14,true,48,45
82,nearfield_update,2153897,0.278486723,17,true,19,19
82,nearfield_update,2153898,0.278486723,22,true,44,44
82,nearfield_update,2153899,0.278486723,17,true,21,21
82,nearfield_update,2153900,0.278486723,21,true,46,46
82,nearfield_update,2153901,0.278486723,20,true,33,33
82,nearfield_update,2153902,0.278486723,22,true,45,43
82,nearfield_update,2153903,0.278486723,23,true,13,13
82,nearfield_update,2153904,0.278486723,21,true,47,47
82,nearfield_update,2153905,0.278486723,23,true,9,9
82,nearfield_update,2153906,0.278486723,21,true,42,42
82,nearfield_update,2153907,0.278486723,17,true,20,20
82,nearfield_update,2153908,0.278486723,17,true,23,23
82,nearfield_update,2153909,0.278486723,21,true,34,34
82,nearfield_update,2153910,0.278486723,17,true,18,18
82,nearfield_update,2153911,0.278486723,17,true,22,30
82,nearfield_update,2153912,0.278486723,22,true,3,3
82,nearfield_update,2153913,0.278486723,11,true,56,60
82,nearfield_update,2153914,0.278486723,21,true,43,37
82,nearfield_update,2153915,0.278486723,22,true,8,8
82,nearfield_update,2153916,0.278486723,24,true,10,10
82,nearfield_update,2153917,0.278486723,17,true,17,17
82,nearfield_update,2153918,0.278486723,16,true,37,51
82,nearfield_update,2153919,0.278486723,22,true,4,4
82,nearfield_update,2153920,0.278486723,17,true,30,31
82,nearfield_update,2153921,0.278486723,12,true,63,59
82,nearfield_update,2153922,0.278486723,0,true,61,61
82,nearfield_update,2153923,0.278486723,0,true,7,7
82,nearfield_update,2153924,0.278486723,0,true,3,3
82,nearfield_update,2153925,0.278486723,0,true,50,50
82,nearfield_update,2153926,0.278486723,0,true,31,31
82,nearfield_update,2153927,0.278486723,0,true,27,27
82,nearfield_update,2153928,0.278486723,0,true,60,60
82,nearfield_update,2153929,0.278486723,0,true,51,51
82,nearfield_update,2153930,0.278486723,0,true,1,1
82,nearfield_update,2153931,0.278486723,0,true,58,58
82,nearfield_update,2153932,0.278486723,0,true,16,16
82,nearfield_update,2153933,0.278486723,0,true,10,10
82,nearfield_update,2153934,0.278486723,0,true,2,2
82,nearfield_update,2153935,0.278486723,0,true,62,62
82,nearfield_update,2153936,0.278486723,0,true,56,56
82,nearfield_update,2153937,0.278486723,0,true,59,59
82,nearfield_update,2153938,0.278486723,0,true,11,11
82,nearfield_update,2153939,0.278486723,0,true,48,48
82,nearfield_update,2153940,0.278486723,0,true,57,57
82,nearfield_update,2153941,0.278486723,0,true,53,53
82,nearfield_update,2153942,0.278486723,0,true,5,5
82,nearfield_update,2153943,0.278486723,0,true,19,19
82,nearfield_update,2153944,0.278486723,0,true,4,4
82,nearfield_update,2153945,0.278486723,0,true,55,55
82,nearfield_update,2153946,0.278486723,0,true,41,41
82,nearfield_update,2153947,0.278486723,0,true,42,42
82,nearfield_update,2153948,0.278486723,0,true,52,52
82,nearfield_update,2153949,0.278486723,0,true,54,54
82,nearfield_update,2153950,0.278486723,0,true,40,40
82,nearfield_update,2153951,0.278486723,0,true,15,15
82,nearfield_update,2153952,0.278486723,0,true,14,14
83,fmm,2153836,0.03628969,8,true,48,48
83,fmm,2153854,0.03628969,0,true,11,11
83,fmm,2153858,0.03628969,2,true,63,63
83,fmm,2153859,0.03628969,3,true,26,49
83,fmm,2153860,0.03628969,2,true,50,51
83,fmm,2153861,0.03628969,2,true,40,40
83,fmm,2153862,0.03628969,2,true,62,56
83,fmm,2153863,0.03628969,2,true,57,0
83,fmm,2153864,0.03628969,2,true,6,6
83,fmm,2153865,0.03628969,3,true,55,53
83,fmm,2153866,0.03628969,2,true,31,50
83,fmm,2153867,0.03628969,2,true,56,57
83,fmm,2153868,0.03628969,2,true,49,52
83,fmm,2153869,0.03628969,2,true,24,24
83,fmm,2153870,0.03628969,2,true,11,11
83,fmm,2153871,0.03628969,2,true,38,38
83,fmm,2153872,0.03628969,2,true,39,39
83,fmm,2153873,0.03628969,2,true,61,61
83,fmm,2153874,0.03628969,2,true,51,54
83,fmm,2153875,0.03628969,2,true,58,58
83,fmm,2153876,0.03628969,2,true,54,59
83,fmm,2153877,0.03628969,1,true,52,60
83,fmm,2153878,0.03628969,1,true,22,22
83,fmm,2153879,0.03628969,2,true,25,25
83,fmm,2153880,0.03628969,2,true,5,5
83,fmm,2153881,0.03628969,2,true,2,2
83,fmm,2153882,0.03628969,2,true,41,41
83,fmm,2153883,0.03628969,2,true,7,7
83,fmm,2153884,0.03628969,2,true,14,14
83,fmm,2153886,0.03628969,2,true,28,28
83,fmm,2153887,0.03628969,2,true,29,27
83,fmm,2153888,0.03628969,2,true,1,1
83,fmm,2153889,0.03628969,2,true,36,36
83,fmm,2153890,0.03628969,2,true,35,35
83,fmm,2153891,0.03628969,2,true,27,30
83,fmm,2153892,0.03628969,1,true,15,15
83,fmm,2153893,0.03628969,2,true,53,55
83,fmm,2153894,0.03628969,2,true,16,16
83,fmm,2153895,0.03628969,2,true,12,12
83,fmm,2153896,0.03628969,2,true,45,45
83,fmm,2153897,0.03628969,2,true,19,19
83,fmm,2153898,0.03628969,2,true,44,44
83,fmm,2153899,0.03628969,2,true,21,21
83,fmm,2153900,0.03628969,2,true,46,46
83,fmm,2153901,0.03628969,2,true,33,33
83,fmm,2153902,0.03628969,2,true,43,43
83,fmm,2153903,0.03628969,2,true,13,13
83,fmm,2153904,0.03628969,2,true,47,47
83,fmm,2153905,0.03628969,1,true,9,9
83,fmm,2153906,0.03628969,2,true,42,42
83,fmm,2153907,0.03628969,2,true,20,20
83,fmm,2153908,0.03628969,2,true,23,23
83,fmm,2153909,0.03628969,1,true,34,34
83,fmm,2153910,0.03628969,2,true,18,18
83,fmm,2153911,0.03628969,2,true,30,31
83,fmm,2153912,0.03628969,2,true,3,3
83,fmm,2153913,0.03628969,2,true,60,62
83,fmm,2153914,0.03628969,2,true,37,37
83,fmm,2153915,0.03628969,2,true,8,8
83,fmm,2153916,0.03628969,1,true,10,10
83,fmm,2153917,0.03628969,2,true,17,26
83,fmm,2153918,0.03628969,1,true,51,17
83,fmm,2153919,0.03628969,1,true,4,4
83,fmm,2153920,0.03628969,1,true,31,29
83,fmm,2153921,0.03628969,0,true,59,62
83,fmm,2153922,0.03628969,0,true,61,61
83,fmm,2153923,0.03628969,0,true,7,7
83,fmm,2153924,0.03628969,0,true,3,3
83,fmm,2153925,0.03628969,0,true,50,50
83,fmm,2153926,0.03628969,0,true,31,31
83,fmm,2153927,0.03628969,0,true,27,27
83,fmm,2153928,0.03628969,0,true,60,60
83,fmm,2153929,0.03628969,0,true,51,51
83,fmm,2153930,0.03628969,0,true,1,1
83,fmm,2153931,0.03628969,0,true,58,58
83,fmm,2153932,0.03628969,0,true,16,16
83,fmm,2153933,0.03628969,0,true,10,10
83,fmm,2153934,0.03628969,0,true,2,2
83,fmm,2153935,0.03628969,0,true,62,62
83,fmm,2153936,0.03628969,0,true,56,56
83,fmm,2153937,0.03628969,0,true,59,59
83,fmm,2153938,0.03628969,0,true,11,11
83,fmm,2153939,0.03628969,0,true,49,49
83,fmm,2153940,0.03628969,0,true,57,57
83,fmm,2153941,0.03628969,0,true,53,53
83,fmm,2153942,0.03628969,0,true,5,5
83,fmm,2153943,0.03628969,0,true,19,19
83,fmm,2153944,0.03628969,0,true,4,4
83,fmm,2153945,0.03628969,0,true,55,55
83,fmm,2153946,0.03628969,0,true,41,41
83,fmm,2153947,0.03628969,0,true,42,42
83,fmm,2153948,0.03628969,0,true,52,52
83,fmm,2153949,0.03628969,0,true,54,54
83,fmm,2153950,0.03628969,0,true,40,40
83,fmm,2153951,0.03628969,0,true,15,15
83,fmm,2153952,0.03628969,0,true,14,14
84,influence_mapping,2153836,0.000549261,0,true,48,48
84,influence_mapping,2153854,0.000549261,0,true,11,11
84,influence_mapping,2153858,0.000549261,0,true,63,63
84,influence_mapping,2153859,0.000549261,0,true,49,49
84,influence_mapping,2153860,0.000549261,0,true,51,51
84,influence_mapping,2153861,0.000549261,0,true,40,40
84,influence_mapping,2153862,0.000549261,0,true,56,56
84,influence_mapping,2153863,0.000549261,0,true,0,0
84,influence_mapping,2153864,0.000549261,0,true,6,6
84,influence_mapping,2153865,0.000549261,0,true,53,53
84,influence_mapping,2153866,0.000549261,0,true,50,50
84,influence_mapping,2153867,0.000549261,0,true,57,57
84,influence_mapping,2153868,0.000549261,0,true,52,52
84,influence_mapping,2153869,0.000549261,0,true,24,24
84,influence_mapping,2153870,0.000549261,0,true,11,11
84,influence_mapping,2153871,0.000549261,0,true,38,38
84,influence_mapping,2153872,0.000549261,0,true,39,39
84,influence_mapping,2153873,0.000549261,0,true,61,61
84,influence_mapping,2153874,0.000549261,0,true,54,54
84,influence_mapping,2153875,0.000549261,0,true,58,58
84,influence_mapping,2153876,0.000549261,0,true,59,59
84,influence_mapping,2153877,0.000549261,0,true,60,60
84,influence_mapping,2153878,0.000549261,0,true,22,22
84,influence_mapping,2153879,0.000549261,0,true,25,25
84,influence_mapping,2153880,0.000549261,0,true,5,5
84,influence_mapping,2153881,0.000549261,0,true,2,2
84,influence_mapping,2153882,0.000549261,0,true,41,41
84,influence_mapping,2153883,0.000549261,0,true,7,7
84,influence_mapping,2153884,0.000549261,0,true,14,14
84,influence_mapping,2153886,0.000549261,0,true,28,28
84,influence_mapping,2153887,0.000549261,0,true,27,27
84,influence_mapping,2153888,0.000549261,0,true,1,1
84,influence_mapping,2153889,0.000549261,0,true,36,36
84,influence_mapping,2153890,0.000549261,0,true,35,35
84,influence_mapping,2153891,0.000549261,0,true,30,30
84,influence_mapping,2153892,0.000549261,0,true,15,15
84,influence_mapping,2153893,0.000549261,0,true,55,55
84,influence_mapping,2153894,0.000549261,0,true,16,16
84,influence_mapping,2153895,0.000549261,0,true,12,12
84,influence_mapping,2153896,0.000549261,0,true,45,45
84,influence_mapping,2153897,0.000549261,0,true,19,19
84,influence_mapping,2153898,0.000549261,0,true,44,44
84,influence_mapping,2153899,0.000549261,0,true,21,21
84,influence_mapping,2153900,0.000549261,0,true,46,46
84,influence_mapping,2153901,0.000549261,0,true,33,33
84,influence_mapping,2153902,0.000549261,0,true,43,43
84,influence_mapping,2153903,0.000549261,0,true,13,13
84,influence_mapping,2153904,0.000549261,0,true,47,47
84,influence_mapping,2153905,0.000549261,0,true,9,9
84,influence_mapping,2153906,0.000549261,0,true,42,42
84,influence_mapping,2153907,0.000549261,0,true,20,20
84,influence_mapping,2153908,0.000549261,0,true,23,23
84,influence_mapping,2153909,0.000549261,0,true,34,34
84,influence_mapping,2153910,0.000549261,0,true,18,18
84,influence_mapping,2153911,0.000549261,0,true,31,31
84,influence_mapping,2153912,0.000549261,0,true,3,3
84,influence_mapping,2153913,0.000549261,0,true,62,62
84,influence_mapping,2153914,0.000549261,0,true,37,37
84,influence_mapping,2153915,0.000549261,0,true,8,8
84,influence_mapping,2153916,0.000549261,0,true,10,10
84,influence_mapping,2153917,0.000549261,0,true,26,26
84,influence_mapping,2153918,0.000549261,0,true,17,17
84,influence_mapping,2153919,0.000549261,0,true,4,4
84,influence_mapping,2153920,0.000549261,0,true,29,29
84,influence_mapping,2153921,0.000549261,0,true,62,62
84,influence_mapping,2153922,0.000549261,0,true,61,61
84,influence_mapping,2153923,0.000549261,0,true,7,7
84,influence_mapping,2153924,0.000549261,0,true,3,3
84,influence_mapping,2153925,0.000549261,0,true,50,50
84,influence_mapping,2153926,0.000549261,0,true,31,31
84,influence_mapping,2153927,0.000549261,0,true,27,27
84,influence_mapping,2153928,0.000549261,0,true,60,60
84,influence_mapping,2153929,0.000549261,0,true,51,51
84,influence_mapping,2153930,0.000549261,0,true,1,1
84,influence_mapping,2153931,0.000549261,0,true,58,58
84,influence_mapping,2153932,0.000549261,0,true,16,16
84,influence_mapping,2153933,0.000549261,0,true,10,10
84,influence_mapping,2153934,0.000549261,0,true,2,2
84,influence_mapping,2153935,0.000549261,0,true,62,62
84,influence_mapping,2153936,0.000549261,0,true,56,56
84,influence_mapping,2153937,0.000549261,0,true,59,59
84,influence_mapping,2153938,0.000549261,0,true,11,11
84,influence_mapping,2153939,0.000549261,0,true,49,49
84,influence_mapping,2153940,0.000549261,0,true,57,57
84,influence_mapping,2153941,0.000549261,0,true,53,53
84,influence_mapping,2153942,0.000549261,0,true,5,5
84,influence_mapping,2153943,0.000549261,0,true,19,19
84,influence_mapping,2153944,0.000549261,0,true,4,4
84,influence_mapping,2153945,0.000549261,0,true,55,55
84,influence_mapping,2153946,0.000549261,0,true,41,41
84,influence_mapping,2153947,0.000549261,0,true,42,42
84,influence_mapping,2153948,0.000549261,0,true,52,52
84,influence_mapping,2153949,0.000549261,0,true,54,54
84,influence_mapping,2153950,0.000549261,0,true,40,40
84,influence_mapping,2153951,0.000549261,0,true,15,15
84,influence_mapping,2153952,0.000549261,0,true,14,14
85,residual,2153836,0.005096515,0,true,48,48
85,residual,2153854,0.005096515,0,true,11,11
85,residual,2153858,0.005096515,0,true,63,63
85,residual,2153859,0.005096515,0,true,49,49
85,residual,2153860,0.005096515,0,true,51,51
85,residual,2153861,0.005096515,0,true,40,40
85,residual,2153862,0.005096515,0,true,56,56
85,residual,2153863,0.005096515,0,true,0,0
85,residual,2153864,0.005096515,0,true,6,6
85,residual,2153865,0.005096515,0,true,53,53
85,residual,2153866,0.005096515,0,true,50,50
85,residual,2153867,0.005096515,0,true,57,57
85,residual,2153868,0.005096515,0,true,52,52
85,residual,2153869,0.005096515,0,true,24,24
85,residual,2153870,0.005096515,0,true,11,11
85,residual,2153871,0.005096515,0,true,38,38
85,residual,2153872,0.005096515,0,true,39,39
85,residual,2153873,0.005096515,0,true,61,61
85,residual,2153874,0.005096515,0,true,54,54
85,residual,2153875,0.005096515,0,true,58,58
85,residual,2153876,0.005096515,0,true,59,59
85,residual,2153877,0.005096515,0,true,60,60
85,residual,2153878,0.005096515,0,true,22,22
85,residual,2153879,0.005096515,0,true,25,25
85,residual,2153880,0.005096515,0,true,5,5
85,residual,2153881,0.005096515,0,true,2,2
85,residual,2153882,0.005096515,0,true,41,41
85,residual,2153883,0.005096515,0,true,7,7
85,residual,2153884,0.005096515,0,true,14,14
85,residual,2153886,0.005096515,0,true,28,28
85,residual,2153887,0.005096515,0,true,27,27
85,residual,2153888,0.005096515,0,true,1,1
85,residual,2153889,0.005096515,0,true,36,36
85,residual,2153890,0.005096515,0,true,35,35
85,residual,2153891,0.005096515,0,true,30,30
85,residual,2153892,0.005096515,0,true,15,15
85,residual,2153893,0.005096515,0,true,55,55
85,residual,2153894,0.005096515,0,true,16,16
85,residual,2153895,0.005096515,0,true,12,12
85,residual,2153896,0.005096515,0,true,45,45
85,residual,2153897,0.005096515,0,true,19,19
85,residual,2153898,0.005096515,0,true,44,44
85,residual,2153899,0.005096515,0,true,21,21
85,residual,2153900,0.005096515,0,true,46,46
85,residual,2153901,0.005096515,0,true,33,33
85,residual,2153902,0.005096515,0,true,43,43
85,residual,2153903,0.005096515,0,true,13,13
85,residual,2153904,0.005096515,0,true,47,47
85,residual,2153905,0.005096515,0,true,9,9
85,residual,2153906,0.005096515,0,true,42,42
85,residual,2153907,0.005096515,0,true,20,20
85,residual,2153908,0.005096515,0,true,23,23
85,residual,2153909,0.005096515,0,true,34,34
85,residual,2153910,0.005096515,0,true,18,18
85,residual,2153911,0.005096515,0,true,31,31
85,residual,2153912,0.005096515,0,true,3,3
85,residual,2153913,0.005096515,0,true,62,62
85,residual,2153914,0.005096515,0,true,37,37
85,residual,2153915,0.005096515,0,true,8,8
85,residual,2153916,0.005096515,0,true,10,10
85,residual,2153917,0.005096515,0,true,26,26
85,residual,2153918,0.005096515,0,true,17,17
85,residual,2153919,0.005096515,0,true,4,4
85,residual,2153920,0.005096515,0,true,29,29
85,residual,2153921,0.005096515,0,true,62,62
85,residual,2153922,0.005096515,0,true,61,61
85,residual,2153923,0.005096515,0,true,7,7
85,residual,2153924,0.005096515,0,true,3,3
85,residual,2153925,0.005096515,0,true,50,50
85,residual,2153926,0.005096515,0,true,31,31
85,residual,2153927,0.005096515,0,true,27,27
85,residual,2153928,0.005096515,0,true,60,60
85,residual,2153929,0.005096515,0,true,51,51
85,residual,2153930,0.005096515,0,true,1,1
85,residual,2153931,0.005096515,0,true,58,58
85,residual,2153932,0.005096515,0,true,16,16
85,residual,2153933,0.005096515,0,true,10,10
85,residual,2153934,0.005096515,0,true,2,2
85,residual,2153935,0.005096515,0,true,62,62
85,residual,2153936,0.005096515,0,true,56,56
85,residual,2153937,0.005096515,0,true,59,59
85,residual,2153938,0.005096515,0,true,11,11
85,residual,2153939,0.005096515,0,true,49,49
85,residual,2153940,0.005096515,0,true,57,57
85,residual,2153941,0.005096515,0,true,53,53
85,residual,2153942,0.005096515,0,true,5,5
85,residual,2153943,0.005096515,0,true,19,19
85,residual,2153944,0.005096515,0,true,4,4
85,residual,2153945,0.005096515,0,true,55,55
85,residual,2153946,0.005096515,0,true,41,41
85,residual,2153947,0.005096515,0,true,42,42
85,residual,2153948,0.005096515,0,true,52,52
85,residual,2153949,0.005096515,0,true,54,54
85,residual,2153950,0.005096515,0,true,40,40
85,residual,2153951,0.005096515,0,true,15,15
85,residual,2153952,0.005096515,0,true,14,14
86,nearfield_update,2153836,0.27387638,15,true,48,50
86,nearfield_update,2153854,0.27387638,0,true,11,11
86,nearfield_update,2153858,0.27387638,14,true,63,63
86,nearfield_update,2153859,0.27387638,3,true,49,49
86,nearfield_update,2153860,0.27387638,12,true,51,51
86,nearfield_update,2153861,0.27387638,24,true,40,40
86,nearfield_update,2153862,0.27387638,9,true,56,57
86,nearfield_update,2153863,0.27387638,23,true,0,14
86,nearfield_update,2153864,0.27387638,21,true,6,6
86,nearfield_update,2153865,0.27387638,2,true,53,53
86,nearfield_update,2153866,0.27387638,1,true,50,50
86,nearfield_update,2153867,0.27387638,13,true,57,29
86,nearfield_update,2153868,0.27387638,8,true,52,52
86,nearfield_update,2153869,0.27387638,18,true,24,24
86,nearfield_update,2153870,0.27387638,24,true,11,11
86,nearfield_update,2153871,0.27387638,18,true,38,38
86,nearfield_update,2153872,0.27387638,23,true,39,39
86,nearfield_update,2153873,0.27387638,15,true,61,61
86,nearfield_update,2153874,0.27387638,3,true,54,54
86,nearfield_update,2153875,0.27387638,14,true,58,58
86,nearfield_update,2153876,0.27387638,15,true,59,59
86,nearfield_update,2153877,0.27387638,2,true,60,60
86,nearfield_update,2153878,0.27387638,2,true,22,22
86,nearfield_update,2153879,0.27387638,17,true,25,25
86,nearfield_update,2153880,0.27387638,21,true,5,5
86,nearfield_update,2153881,0.27387638,21,true,2,2
86,nearfield_update,2153882,0.27387638,21,true,41,41
86,nearfield_update,2153883,0.27387638,22,true,7,7
86,nearfield_update,2153884,0.27387638,19,true,14,55
86,nearfield_update,2153886,0.27387638,17,true,28,28
86,nearfield_update,2153887,0.27387638,19,true,27,27
86,nearfield_update,2153888,0.27387638,22,true,1,1
86,nearfield_update,2153889,0.27387638,20,true,36,36
86,nearfield_update,2153890,0.27387638,19,true,35,35
86,nearfield_update,2153891,0.27387638,18,true,30,30
86,nearfield_update,2153892,0.27387638,23,true,15,15
86,nearfield_update,2153893,0.27387638,9,true,55,48
86,nearfield_update,2153894,0.27387638,18,true,16,16
86,nearfield_update,2153895,0.27387638,22,true,12,12
86,nearfield_update,2153896,0.27387638,21,true,45,45
86,nearfield_update,2153897,0.27387638,16,true,19,19
86,nearfield_update,2153898,0.27387638,21,true,44,44
86,nearfield_update,2153899,0.27387638,18,true,21,21
86,nearfield_update,2153900,0.27387638,21,true,46,46
86,nearfield_update,2153901,0.27387638,20,true,33,33
86,nearfield_update,2153902,0.27387638,21,true,43,43
86,nearfield_update,2153903,0.27387638,23,true,13,13
86,nearfield_update,2153904,0.27387638,21,true,47,47
86,nearfield_update,2153905,0.27387638,24,true,9,9
86,nearfield_update,2153906,0.27387638,21,true,42,42
86,nearfield_update,2153907,0.27387638,17,true,20,20
86,nearfield_update,2153908,0.27387638,17,true,23,23
86,nearfield_update,2153909,0.27387638,20,true,34,34
86,nearfield_update,2153910,0.27387638,17,true,18,18
86,nearfield_update,2153911,0.27387638,17,true,31,31
86,nearfield_update,2153912,0.27387638,23,true,3,3
86,nearfield_update,2153913,0.27387638,11,true,62,56
86,nearfield_update,2153914,0.27387638,20,true,37,37
86,nearfield_update,2153915,0.27387638,23,true,8,8
86,nearfield_update,2153916,0.27387638,23,true,10,10
86,nearfield_update,2153917,0.27387638,17,true,26,26
86,nearfield_update,2153918,0.27387638,17,true,17,17
86,nearfield_update,2153919,0.27387638,23,true,4,4
86,nearfield_update,2153920,0.27387638,17,true,29,22
86,nearfield_update,2153921,0.27387638,10,true,62,62
86,nearfield_update,2153922,0.27387638,0,true,61,61
86,nearfield_update,2153923,0.27387638,0,true,7,7
86,nearfield_update,2153924,0.27387638,0,true,3,3
86,nearfield_update,2153925,0.27387638,0,true,50,50
86,nearfield_update,2153926,0.27387638,0,true,31,31
86,nearfield_update,2153927,0.27387638,0,true,27,27
86,nearfield_update,2153928,0.27387638,0,true,60,60
86,nearfield_update,2153929,0.27387638,0,true,51,51
86,nearfield_update,2153930,0.27387638,0,true,1,1
86,nearfield_update,2153931,0.27387638,0,true,58,58
86,nearfield_update,2153932,0.27387638,0,true,16,16
86,nearfield_update,2153933,0.27387638,0,true,10,10
86,nearfield_update,2153934,0.27387638,0,true,2,2
86,nearfield_update,2153935,0.27387638,0,true,62,62
86,nearfield_update,2153936,0.27387638,0,true,56,56
86,nearfield_update,2153937,0.27387638,0,true,59,59
86,nearfield_update,2153938,0.27387638,0,true,11,11
86,nearfield_update,2153939,0.27387638,0,true,49,49
86,nearfield_update,2153940,0.27387638,0,true,57,57
86,nearfield_update,2153941,0.27387638,0,true,53,53
86,nearfield_update,2153942,0.27387638,0,true,5,5
86,nearfield_update,2153943,0.27387638,0,true,19,19
86,nearfield_update,2153944,0.27387638,0,true,4,4
86,nearfield_update,2153945,0.27387638,0,true,55,55
86,nearfield_update,2153946,0.27387638,0,true,41,41
86,nearfield_update,2153947,0.27387638,0,true,42,42
86,nearfield_update,2153948,0.27387638,0,true,52,52
86,nearfield_update,2153949,0.27387638,0,true,54,54
86,nearfield_update,2153950,0.27387638,0,true,40,40
86,nearfield_update,2153951,0.27387638,0,true,15,15
86,nearfield_update,2153952,0.27387638,0,true,14,14
87,fmm,2153836,0.043931863,3,true,50,50
87,fmm,2153854,0.043931863,0,true,11,11
87,fmm,2153858,0.043931863,2,true,63,58
87,fmm,2153859,0.043931863,2,true,49,49
87,fmm,2153860,0.043931863,2,true,51,52
87,fmm,2153861,0.043931863,2,true,40,40
87,fmm,2153862,0.043931863,2,true,57,51
87,fmm,2153863,0.043931863,2,true,14,14
87,fmm,2153864,0.043931863,2,true,6,6
87,fmm,2153865,0.043931863,2,true,53,53
87,fmm,2153866,0.043931863,2,true,50,54
87,fmm,2153867,0.043931863,2,true,29,29
87,fmm,2153868,0.043931863,2,true,52,55
87,fmm,2153869,0.043931863,2,true,24,24
87,fmm,2153870,0.043931863,2,true,11,11
87,fmm,2153871,0.043931863,2,true,38,48
87,fmm,2153872,0.043931863,2,true,39,39
87,fmm,2153873,0.043931863,2,true,61,61
87,fmm,2153874,0.043931863,1,true,54,57
87,fmm,2153875,0.043931863,2,true,58,10
87,fmm,2153876,0.043931863,2,true,59,59
87,fmm,2153877,0.043931863,2,true,60,60
87,fmm,2153878,0.043931863,2,true,22,52
87,fmm,2153879,0.043931863,2,true,25,25
87,fmm,2153880,0.043931863,2,true,5,5
87,fmm,2153881,0.043931863,2,true,2,2
87,fmm,2153882,0.043931863,2,true,41,41
87,fmm,2153883,0.043931863,1,true,7,7
87,fmm,2153884,0.043931863,2,true,55,62
87,fmm,2153886,0.043931863,2,true,28,28
87,fmm,2153887,0.043931863,1,true,27,27
87,fmm,2153888,0.043931863,2,true,1,1
87,fmm,2153889,0.043931863,2,true,36,36
87,fmm,2153890,0.043931863,2,true,35,35
87,fmm,2153891,0.043931863,2,true,30,30
87,fmm,2153892,0.043931863,2,true,15,15
87,fmm,2153893,0.043931863,1,true,48,55
87,fmm,2153894,0.043931863,2,true,16,16
87,fmm,2153895,0.043931863,2,true,12,12
87,fmm,2153896,0.043931863,2,true,45,45
87,fmm,2153897,0.043931863,2,true,19,19
87,fmm,2153898,0.043931863,2,true,44,44
87,fmm,2153899,0.043931863,2,true,21,21
87,fmm,2153900,0.043931863,2,true,46,46
87,fmm,2153901,0.043931863,2,true,33,33
87,fmm,2153902,0.043931863,2,true,43,43
87,fmm,2153903,0.043931863,2,true,13,13
87,fmm,2153904,0.043931863,2,true,47,47
87,fmm,2153905,0.043931863,2,true,9,9
87,fmm,2153906,0.043931863,2,true,42,42
87,fmm,2153907,0.043931863,2,true,20,20
87,fmm,2153908,0.043931863,2,true,23,23
87,fmm,2153909,0.043931863,2,true,34,34
87,fmm,2153910,0.043931863,2,true,18,18
87,fmm,2153911,0.043931863,2,true,31,31
87,fmm,2153912,0.043931863,2,true,3,3
87,fmm,2153913,0.043931863,2,true,56,56
87,fmm,2153914,0.043931863,2,true,37,37
87,fmm,2153915,0.043931863,2,true,8,8
87,fmm,2153916,0.043931863,1,true,10,10
87,fmm,2153917,0.043931863,1,true,26,26
87,fmm,2153918,0.043931863,2,true,17,17
87,fmm,2153919,0.043931863,1,true,4,4
87,fmm,2153920,0.043931863,0,true,22,22
87,fmm,2153921,0.043931863,0,true,62,63
87,fmm,2153922,0.043931863,0,true,61,61
87,fmm,2153923,0.043931863,0,true,7,7
87,fmm,2153924,0.043931863,0,true,3,3
87,fmm,2153925,0.043931863,0,true,50,50
87,fmm,2153926,0.043931863,0,true,31,31
87,fmm,2153927,0.043931863,0,true,27,27
87,fmm,2153928,0.043931863,0,true,60,60
87,fmm,2153929,0.043931863,0,true,51,51
87,fmm,2153930,0.043931863,0,true,1,1
87,fmm,2153931,0.043931863,0,true,58,58
87,fmm,2153932,0.043931863,0,true,16,16
87,fmm,2153933,0.043931863,0,true,10,10
87,fmm,2153934,0.043931863,0,true,2,2
87,fmm,2153935,0.043931863,0,true,62,62
87,fmm,2153936,0.043931863,0,true,56,56
87,fmm,2153937,0.043931863,0,true,59,59
87,fmm,2153938,0.043931863,0,true,11,11
87,fmm,2153939,0.043931863,0,true,49,49
87,fmm,2153940,0.043931863,0,true,57,57
87,fmm,2153941,0.043931863,0,true,53,53
87,fmm,2153942,0.043931863,0,true,5,5
87,fmm,2153943,0.043931863,0,true,19,19
87,fmm,2153944,0.043931863,0,true,4,4
87,fmm,2153945,0.043931863,0,true,55,55
87,fmm,2153946,0.043931863,0,true,41,41
87,fmm,2153947,0.043931863,0,true,42,42
87,fmm,2153948,0.043931863,0,true,52,52
87,fmm,2153949,0.043931863,0,true,54,54
87,fmm,2153950,0.043931863,0,true,40,40
87,fmm,2153951,0.043931863,0,true,15,15
87,fmm,2153952,0.043931863,0,true,14,14
88,influence_mapping,2153836,0.000560682,1,true,50,50
88,influence_mapping,2153854,0.000560682,0,true,11,11
88,influence_mapping,2153858,0.000560682,0,true,58,58
88,influence_mapping,2153859,0.000560682,0,true,49,49
88,influence_mapping,2153860,0.000560682,0,true,52,52
88,influence_mapping,2153861,0.000560682,0,true,40,40
88,influence_mapping,2153862,0.000560682,0,true,51,51
88,influence_mapping,2153863,0.000560682,0,true,14,14
88,influence_mapping,2153864,0.000560682,0,true,6,6
88,influence_mapping,2153865,0.000560682,0,true,53,53
88,influence_mapping,2153866,0.000560682,0,true,54,54
88,influence_mapping,2153867,0.000560682,0,true,29,29
88,influence_mapping,2153868,0.000560682,0,true,55,55
88,influence_mapping,2153869,0.000560682,0,true,24,24
88,influence_mapping,2153870,0.000560682,0,true,11,11
88,influence_mapping,2153871,0.000560682,0,true,48,48
88,influence_mapping,2153872,0.000560682,0,true,39,39
88,influence_mapping,2153873,0.000560682,0,true,61,61
88,influence_mapping,2153874,0.000560682,0,true,57,57
88,influence_mapping,2153875,0.000560682,0,true,10,10
88,influence_mapping,2153876,0.000560682,0,true,59,59
88,influence_mapping,2153877,0.000560682,0,true,60,60
88,influence_mapping,2153878,0.000560682,0,true,52,52
88,influence_mapping,2153879,0.000560682,0,true,25,25
88,influence_mapping,2153880,0.000560682,0,true,5,5
88,influence_mapping,2153881,0.000560682,0,true,2,2
88,influence_mapping,2153882,0.000560682,0,true,41,41
88,influence_mapping,2153883,0.000560682,0,true,7,7
88,influence_mapping,2153884,0.000560682,0,true,62,62
88,influence_mapping,2153886,0.000560682,0,true,28,28
88,influence_mapping,2153887,0.000560682,0,true,27,27
88,influence_mapping,2153888,0.000560682,0,true,1,1
88,influence_mapping,2153889,0.000560682,0,true,36,36
88,influence_mapping,2153890,0.000560682,0,true,35,35
88,influence_mapping,2153891,0.000560682,0,true,30,30
88,influence_mapping,2153892,0.000560682,0,true,15,15
88,influence_mapping,2153893,0.000560682,0,true,55,55
88,influence_mapping,2153894,0.000560682,0,true,16,16
88,influence_mapping,2153895,0.000560682,0,true,12,12
88,influence_mapping,2153896,0.000560682,0,true,45,45
88,influence_mapping,2153897,0.000560682,0,true,19,19
88,influence_mapping,2153898,0.000560682,0,true,44,44
88,influence_mapping,2153899,0.000560682,0,true,21,21
88,influence_mapping,2153900,0.000560682,0,true,46,46
88,influence_mapping,2153901,0.000560682,0,true,33,33
88,influence_mapping,2153902,0.000560682,0,true,43,43
88,influence_mapping,2153903,0.000560682,0,true,13,13
88,influence_mapping,2153904,0.000560682,0,true,47,47
88,influence_mapping,2153905,0.000560682,0,true,9,9
88,influence_mapping,2153906,0.000560682,0,true,42,42
88,influence_mapping,2153907,0.000560682,0,true,20,20
88,influence_mapping,2153908,0.000560682,0,true,23,23
88,influence_mapping,2153909,0.000560682,0,true,34,34
88,influence_mapping,2153910,0.000560682,0,true,18,18
88,influence_mapping,2153911,0.000560682,0,true,31,31
88,influence_mapping,2153912,0.000560682,0,true,3,3
88,influence_mapping,2153913,0.000560682,0,true,56,56
88,influence_mapping,2153914,0.000560682,0,true,37,37
88,influence_mapping,2153915,0.000560682,0,true,8,8
88,influence_mapping,2153916,0.000560682,0,true,10,10
88,influence_mapping,2153917,0.000560682,0,true,26,26
88,influence_mapping,2153918,0.000560682,0,true,17,17
88,influence_mapping,2153919,0.000560682,0,true,4,4
88,influence_mapping,2153920,0.000560682,0,true,22,22
88,influence_mapping,2153921,0.000560682,0,true,63,63
88,influence_mapping,2153922,0.000560682,0,true,61,61
88,influence_mapping,2153923,0.000560682,0,true,7,7
88,influence_mapping,2153924,0.000560682,0,true,3,3
88,influence_mapping,2153925,0.000560682,0,true,50,50
88,influence_mapping,2153926,0.000560682,0,true,31,31
88,influence_mapping,2153927,0.000560682,0,true,27,27
88,influence_mapping,2153928,0.000560682,0,true,60,60
88,influence_mapping,2153929,0.000560682,0,true,51,51
88,influence_mapping,2153930,0.000560682,0,true,1,1
88,influence_mapping,2153931,0.000560682,0,true,58,58
88,influence_mapping,2153932,0.000560682,0,true,16,16
88,influence_mapping,2153933,0.000560682,0,true,10,10
88,influence_mapping,2153934,0.000560682,0,true,2,2
88,influence_mapping,2153935,0.000560682,0,true,62,62
88,influence_mapping,2153936,0.000560682,0,true,56,56
88,influence_mapping,2153937,0.000560682,0,true,59,59
88,influence_mapping,2153938,0.000560682,0,true,11,11
88,influence_mapping,2153939,0.000560682,0,true,49,49
88,influence_mapping,2153940,0.000560682,0,true,57,57
88,influence_mapping,2153941,0.000560682,0,true,53,53
88,influence_mapping,2153942,0.000560682,0,true,5,5
88,influence_mapping,2153943,0.000560682,0,true,19,19
88,influence_mapping,2153944,0.000560682,0,true,4,4
88,influence_mapping,2153945,0.000560682,0,true,55,55
88,influence_mapping,2153946,0.000560682,0,true,41,41
88,influence_mapping,2153947,0.000560682,0,true,42,42
88,influence_mapping,2153948,0.000560682,0,true,52,52
88,influence_mapping,2153949,0.000560682,0,true,54,54
88,influence_mapping,2153950,0.000560682,0,true,40,40
88,influence_mapping,2153951,0.000560682,0,true,15,15
88,influence_mapping,2153952,0.000560682,0,true,14,14
89,residual,2153836,0.004872755,1,true,50,50
89,residual,2153854,0.004872755,0,true,11,11
89,residual,2153858,0.004872755,0,true,58,58
89,residual,2153859,0.004872755,0,true,49,49
89,residual,2153860,0.004872755,0,true,52,52
89,residual,2153861,0.004872755,0,true,40,40
89,residual,2153862,0.004872755,0,true,51,51
89,residual,2153863,0.004872755,0,true,14,14
89,residual,2153864,0.004872755,0,true,6,6
89,residual,2153865,0.004872755,0,true,53,53
89,residual,2153866,0.004872755,0,true,54,54
89,residual,2153867,0.004872755,0,true,29,29
89,residual,2153868,0.004872755,0,true,55,55
89,residual,2153869,0.004872755,0,true,24,24
89,residual,2153870,0.004872755,0,true,11,11
89,residual,2153871,0.004872755,0,true,48,48
89,residual,2153872,0.004872755,0,true,39,39
89,residual,2153873,0.004872755,0,true,61,61
89,residual,2153874,0.004872755,0,true,57,57
89,residual,2153875,0.004872755,0,true,10,10
89,residual,2153876,0.004872755,0,true,59,59
89,residual,2153877,0.004872755,0,true,60,60
89,residual,2153878,0.004872755,0,true,52,52
89,residual,2153879,0.004872755,0,true,25,25
89,residual,2153880,0.004872755,0,true,5,5
89,residual,2153881,0.004872755,0,true,2,2
89,residual,2153882,0.004872755,0,true,41,41
89,residual,2153883,0.004872755,0,true,7,7
89,residual,2153884,0.004872755,0,true,62,62
89,residual,2153886,0.004872755,0,true,28,28
89,residual,2153887,0.004872755,0,true,27,27
89,residual,2153888,0.004872755,0,true,1,1
89,residual,2153889,0.004872755,0,true,36,36
89,residual,2153890,0.004872755,0,true,35,35
89,residual,2153891,0.004872755,0,true,30,30
89,residual,2153892,0.004872755,0,true,15,15
89,residual,2153893,0.004872755,0,true,55,55
89,residual,2153894,0.004872755,0,true,16,16
89,residual,2153895,0.004872755,0,true,12,12
89,residual,2153896,0.004872755,0,true,45,45
89,residual,2153897,0.004872755,0,true,19,19
89,residual,2153898,0.004872755,0,true,44,44
89,residual,2153899,0.004872755,0,true,21,21
89,residual,2153900,0.004872755,0,true,46,46
89,residual,2153901,0.004872755,0,true,33,33
89,residual,2153902,0.004872755,0,true,43,43
89,residual,2153903,0.004872755,0,true,13,13
89,residual,2153904,0.004872755,0,true,47,47
89,residual,2153905,0.004872755,0,true,9,9
89,residual,2153906,0.004872755,0,true,42,42
89,residual,2153907,0.004872755,0,true,20,20
89,residual,2153908,0.004872755,0,true,23,23
89,residual,2153909,0.004872755,0,true,34,34
89,residual,2153910,0.004872755,0,true,18,18
89,residual,2153911,0.004872755,0,true,31,31
89,residual,2153912,0.004872755,0,true,3,3
89,residual,2153913,0.004872755,0,true,56,56
89,residual,2153914,0.004872755,0,true,37,37
89,residual,2153915,0.004872755,0,true,8,8
89,residual,2153916,0.004872755,0,true,10,10
89,residual,2153917,0.004872755,0,true,26,26
89,residual,2153918,0.004872755,0,true,17,17
89,residual,2153919,0.004872755,0,true,4,4
89,residual,2153920,0.004872755,0,true,22,22
89,residual,2153921,0.004872755,0,true,63,63
89,residual,2153922,0.004872755,0,true,61,61
89,residual,2153923,0.004872755,0,true,7,7
89,residual,2153924,0.004872755,0,true,3,3
89,residual,2153925,0.004872755,0,true,50,50
89,residual,2153926,0.004872755,0,true,31,31
89,residual,2153927,0.004872755,0,true,27,27
89,residual,2153928,0.004872755,0,true,60,60
89,residual,2153929,0.004872755,0,true,51,51
89,residual,2153930,0.004872755,0,true,1,1
89,residual,2153931,0.004872755,0,true,58,58
89,residual,2153932,0.004872755,0,true,16,16
89,residual,2153933,0.004872755,0,true,10,10
89,residual,2153934,0.004872755,0,true,2,2
89,residual,2153935,0.004872755,0,true,62,62
89,residual,2153936,0.004872755,0,true,56,56
89,residual,2153937,0.004872755,0,true,59,59
89,residual,2153938,0.004872755,0,true,11,11
89,residual,2153939,0.004872755,0,true,49,49
89,residual,2153940,0.004872755,0,true,57,57
89,residual,2153941,0.004872755,0,true,53,53
89,residual,2153942,0.004872755,0,true,5,5
89,residual,2153943,0.004872755,0,true,19,19
89,residual,2153944,0.004872755,0,true,4,4
89,residual,2153945,0.004872755,0,true,55,55
89,residual,2153946,0.004872755,0,true,41,41
89,residual,2153947,0.004872755,0,true,42,42
89,residual,2153948,0.004872755,0,true,52,52
89,residual,2153949,0.004872755,0,true,54,54
89,residual,2153950,0.004872755,0,true,40,40
89,residual,2153951,0.004872755,0,true,15,15
89,residual,2153952,0.004872755,0,true,14,14
90,nearfield_update,2153836,0.274278616,15,true,50,55
90,nearfield_update,2153854,0.274278616,0,true,11,11
90,nearfield_update,2153858,0.274278616,13,true,58,58
90,nearfield_update,2153859,0.274278616,3,true,49,49
90,nearfield_update,2153860,0.274278616,12,true,52,52
90,nearfield_update,2153861,0.274278616,24,true,40,32
90,nearfield_update,2153862,0.274278616,7,true,51,51
90,nearfield_update,2153863,0.274278616,22,true,14,14
90,nearfield_update,2153864,0.274278616,21,true,6,6
90,nearfield_update,2153865,0.274278616,2,true,53,53
90,nearfield_update,2153866,0.274278616,1,true,54,55
90,nearfield_update,2153867,0.274278616,18,true,29,29
90,nearfield_update,2153868,0.274278616,8,true,55,48
90,nearfield_update,2153869,0.274278616,17,true,24,24
90,nearfield_update,2153870,0.274278616,24,true,11,11
90,nearfield_update,2153871,0.274278616,7,true,48,50
90,nearfield_update,2153872,0.274278616,23,true,39,39
90,nearfield_update,2153873,0.274278616,13,true,61,61
90,nearfield_update,2153874,0.274278616,3,true,57,57
90,nearfield_update,2153875,0.274278616,23,true,10,10
90,nearfield_update,2153876,0.274278616,14,true,59,59
90,nearfield_update,2153877,0.274278616,1,true,60,60
90,nearfield_update,2153878,0.274278616,1,true,52,56
90,nearfield_update,2153879,0.274278616,16,true,25,25
90,nearfield_update,2153880,0.274278616,21,true,5,5
90,nearfield_update,2153881,0.274278616,21,true,2,2
90,nearfield_update,2153882,0.274278616,20,true,41,41
90,nearfield_update,2153883,0.274278616,22,true,7,7
90,nearfield_update,2153884,0.274278616,10,true,62,62
90,nearfield_update,2153886,0.274278616,17,true,28,28
90,nearfield_update,2153887,0.274278616,18,true,27,27
90,nearfield_update,2153888,0.274278616,22,true,1,1
90,nearfield_update,2153889,0.274278616,20,true,36,36
90,nearfield_update,2153890,0.274278616,20,true,35,35
90,nearfield_update,2153891,0.274278616,18,true,30,30
90,nearfield_update,2153892,0.274278616,23,true,15,15
90,nearfield_update,2153893,0.274278616,9,true,55,54
90,nearfield_update,2153894,0.274278616,17,true,16,16
90,nearfield_update,2153895,0.274278616,23,true,12,12
90,nearfield_update,2153896,0.274278616,20,true,45,45
90,nearfield_update,2153897,0.274278616,18,true,19,19
90,nearfield_update,2153898,0.274278616,20,true,44,44
90,nearfield_update,2153899,0.274278616,17,true,21,21
90,nearfield_update,2153900,0.274278616,20,true,46,46
90,nearfield_update,2153901,0.274278616,19,true,33,33
90,nearfield_update,2153902,0.274278616,20,true,43,43
90,nearfield_update,2153903,0.274278616,23,true,13,13
90,nearfield_update,2153904,0.274278616,20,true,47,47
90,nearfield_update,2153905,0.274278616,23,true,9,9
90,nearfield_update,2153906,0.274278616,20,true,42,42
90,nearfield_update,2153907,0.274278616,18,true,20,20
90,nearfield_update,2153908,0.274278616,17,true,23,23
90,nearfield_update,2153909,0.274278616,20,true,34,34
90,nearfield_update,2153910,0.274278616,17,true,18,18
90,nearfield_update,2153911,0.274278616,17,true,31,31
90,nearfield_update,2153912,0.274278616,22,true,3,0
90,nearfield_update,2153913,0.274278616,10,true,56,63
90,nearfield_update,2153914,0.274278616,20,true,37,38
90,nearfield_update,2153915,0.274278616,22,true,8,8
90,nearfield_update,2153916,0.274278616,23,true,10,3
90,nearfield_update,2153917,0.274278616,17,true,26,26
90,nearfield_update,2153918,0.274278616,18,true,17,17
90,nearfield_update,2153919,0.274278616,22,true,4,4
90,nearfield_update,2153920,0.274278616,18,true,22,22
90,nearfield_update,2153921,0.274278616,10,true,63,56
90,nearfield_update,2153922,0.274278616,0,true,61,61
90,nearfield_update,2153923,0.274278616,0,true,7,7
90,nearfield_update,2153924,0.274278616,0,true,3,3
90,nearfield_update,2153925,0.274278616,0,true,50,50
90,nearfield_update,2153926,0.274278616,0,true,31,31
90,nearfield_update,2153927,0.274278616,0,true,27,27
90,nearfield_update,2153928,0.274278616,0,true,60,60
90,nearfield_update,2153929,0.274278616,0,true,51,51
90,nearfield_update,2153930,0.274278616,0,true,1,1
90,nearfield_update,2153931,0.274278616,0,true,58,58
90,nearfield_update,2153932,0.274278616,0,true,16,16
90,nearfield_update,2153933,0.274278616,0,true,10,10
90,nearfield_update,2153934,0.274278616,0,true,2,2
90,nearfield_update,2153935,0.274278616,0,true,62,62
90,nearfield_update,2153936,0.274278616,0,true,56,56
90,nearfield_update,2153937,0.274278616,0,true,59,59
90,nearfield_update,2153938,0.274278616,0,true,11,11
90,nearfield_update,2153939,0.274278616,0,true,49,49
90,nearfield_update,2153940,0.274278616,0,true,57,57
90,nearfield_update,2153941,0.274278616,0,true,53,53
90,nearfield_update,2153942,0.274278616,0,true,5,5
90,nearfield_update,2153943,0.274278616,0,true,19,19
90,nearfield_update,2153944,0.274278616,0,true,4,4
90,nearfield_update,2153945,0.274278616,0,true,55,55
90,nearfield_update,2153946,0.274278616,0,true,41,41
90,nearfield_update,2153947,0.274278616,0,true,42,42
90,nearfield_update,2153948,0.274278616,0,true,52,52
90,nearfield_update,2153949,0.274278616,0,true,54,54
90,nearfield_update,2153950,0.274278616,0,true,40,40
90,nearfield_update,2153951,0.274278616,0,true,15,15
90,nearfield_update,2153952,0.274278616,0,true,14,14
91,fmm,2153836,0.044490832,4,true,55,56
91,fmm,2153854,0.044490832,0,true,11,11
91,fmm,2153858,0.044490832,2,true,58,58
91,fmm,2153859,0.044490832,3,true,49,51
91,fmm,2153860,0.044490832,2,true,52,52
91,fmm,2153861,0.044490832,2,true,32,32
91,fmm,2153862,0.044490832,2,true,51,53
91,fmm,2153863,0.044490832,3,true,14,14
91,fmm,2153864,0.044490832,2,true,6,6
91,fmm,2153865,0.044490832,2,true,53,55
91,fmm,2153866,0.044490832,2,true,55,48
91,fmm,2153867,0.044490832,2,true,29,29
91,fmm,2153868,0.044490832,2,true,48,49
91,fmm,2153869,0.044490832,2,true,24,24
91,fmm,2153870,0.044490832,2,true,11,11
91,fmm,2153871,0.044490832,2,true,50,50
91,fmm,2153872,0.044490832,2,true,39,39
91,fmm,2153873,0.044490832,2,true,61,61
91,fmm,2153874,0.044490832,2,true,57,57
91,fmm,2153875,0.044490832,2,true,10,10
91,fmm,2153876,0.044490832,2,true,59,59
91,fmm,2153877,0.044490832,2,true,60,60
91,fmm,2153878,0.044490832,1,true,56,54
91,fmm,2153879,0.044490832,2,true,25,25
91,fmm,2153880,0.044490832,1,true,5,5
91,fmm,2153881,0.044490832,1,true,2,2
91,fmm,2153882,0.044490832,2,true,41,41
91,fmm,2153883,0.044490832,2,true,7,7
91,fmm,2153884,0.044490832,2,true,62,62
91,fmm,2153886,0.044490832,2,true,28,28
91,fmm,2153887,0.044490832,2,true,27,27
91,fmm,2153888,0.044490832,2,true,1,1
91,fmm,2153889,0.044490832,1,true,36,36
91,fmm,2153890,0.044490832,2,true,35,35
91,fmm,2153891,0.044490832,2,true,30,30
91,fmm,2153892,0.044490832,2,true,15,15
91,fmm,2153893,0.044490832,2,true,54,49
91,fmm,2153894,0.044490832,2,true,16,16
91,fmm,2153895,0.044490832,2,true,12,12
91,fmm,2153896,0.044490832,2,true,45,45
91,fmm,2153897,0.044490832,1,true,19,19
91,fmm,2153898,0.044490832,2,true,44,44
91,fmm,2153899,0.044490832,2,true,21,21
91,fmm,2153900,0.044490832,2,true,46,46
91,fmm,2153901,0.044490832,2,true,33,33
91,fmm,2153902,0.044490832,2,true,43,43
91,fmm,2153903,0.044490832,2,true,13,13
91,fmm,2153904,0.044490832,2,true,47,47
91,fmm,2153905,0.044490832,2,true,9,9
91,fmm,2153906,0.044490832,2,true,42,42
91,fmm,2153907,0.044490832,1,true,20,20
91,fmm,2153908,0.044490832,2,true,23,23
91,fmm,2153909,0.044490832,2,true,34,34
91,fmm,2153910,0.044490832,2,true,18,18
91,fmm,2153911,0.044490832,2,true,31,31
91,fmm,2153912,0.044490832,2,true,0,3
91,fmm,2153913,0.044490832,2,true,63,63
91,fmm,2153914,0.044490832,2,true,38,38
91,fmm,2153915,0.044490832,2,true,8,8
91,fmm,2153916,0.044490832,1,true,3,4
91,fmm,2153917,0.044490832,2,true,26,26
91,fmm,2153918,0.044490832,1,true,17,17
91,fmm,2153919,0.044490832,2,true,4,0
91,fmm,2153920,0.044490832,0,true,22,22
91,fmm,2153921,0.044490832,1,true,56,54
91,fmm,2153922,0.044490832,0,true,61,61
91,fmm,2153923,0.044490832,0,true,7,7
91,fmm,2153924,0.044490832,0,true,3,3
91,fmm,2153925,0.044490832,0,true,50,50
91,fmm,2153926,0.044490832,0,true,31,31
91,fmm,2153927,0.044490832,0,true,27,27
91,fmm,2153928,0.044490832,0,true,60,60
91,fmm,2153929,0.044490832,0,true,51,51
91,fmm,2153930,0.044490832,0,true,1,1
91,fmm,2153931,0.044490832,0,true,58,58
91,fmm,2153932,0.044490832,0,true,16,16
91,fmm,2153933,0.044490832,0,true,10,10
91,fmm,2153934,0.044490832,0,true,2,2
91,fmm,2153935,0.044490832,0,true,62,62
91,fmm,2153936,0.044490832,0,true,56,56
91,fmm,2153937,0.044490832,0,true,59,59
91,fmm,2153938,0.044490832,0,true,11,11
91,fmm,2153939,0.044490832,0,true,49,49
91,fmm,2153940,0.044490832,0,true,57,57
91,fmm,2153941,0.044490832,0,true,53,53
91,fmm,2153942,0.044490832,0,true,5,5
91,fmm,2153943,0.044490832,0,true,19,19
91,fmm,2153944,0.044490832,0,true,4,4
91,fmm,2153945,0.044490832,0,true,55,55
91,fmm,2153946,0.044490832,0,true,41,41
91,fmm,2153947,0.044490832,0,true,42,42
91,fmm,2153948,0.044490832,0,true,52,52
91,fmm,2153949,0.044490832,0,true,54,54
91,fmm,2153950,0.044490832,0,true,40,40
91,fmm,2153951,0.044490832,0,true,15,15
91,fmm,2153952,0.044490832,0,true,14,14
92,influence_mapping,2153836,0.000664728,0,true,56,56
92,influence_mapping,2153854,0.000664728,0,true,11,11
92,influence_mapping,2153858,0.000664728,0,true,58,58
92,influence_mapping,2153859,0.000664728,0,true,51,51
92,influence_mapping,2153860,0.000664728,0,true,52,52
92,influence_mapping,2153861,0.000664728,0,true,32,32
92,influence_mapping,2153862,0.000664728,0,true,53,53
92,influence_mapping,2153863,0.000664728,0,true,14,14
92,influence_mapping,2153864,0.000664728,0,true,6,6
92,influence_mapping,2153865,0.000664728,0,true,55,55
92,influence_mapping,2153866,0.000664728,0,true,48,48
92,influence_mapping,2153867,0.000664728,0,true,29,29
92,influence_mapping,2153868,0.000664728,0,true,49,49
92,influence_mapping,2153869,0.000664728,0,true,24,24
92,influence_mapping,2153870,0.000664728,0,true,11,11
92,influence_mapping,2153871,0.000664728,0,true,50,50
92,influence_mapping,2153872,0.000664728,0,true,39,39
92,influence_mapping,2153873,0.000664728,0,true,61,61
92,influence_mapping,2153874,0.000664728,0,true,57,57
92,influence_mapping,2153875,0.000664728,0,true,10,10
92,influence_mapping,2153876,0.000664728,0,true,59,59
92,influence_mapping,2153877,0.000664728,0,true,60,60
92,influence_mapping,2153878,0.000664728,0,true,54,54
92,influence_mapping,2153879,0.000664728,0,true,25,25
92,influence_mapping,2153880,0.000664728,0,true,5,5
92,influence_mapping,2153881,0.000664728,0,true,2,2
92,influence_mapping,2153882,0.000664728,0,true,41,41
92,influence_mapping,2153883,0.000664728,0,true,7,7
92,influence_mapping,2153884,0.000664728,0,true,62,62
92,influence_mapping,2153886,0.000664728,0,true,28,28
92,influence_mapping,2153887,0.000664728,0,true,27,27
92,influence_mapping,2153888,0.000664728,0,true,1,1
92,influence_mapping,2153889,0.000664728,0,true,36,36
92,influence_mapping,2153890,0.000664728,0,true,35,35
92,influence_mapping,2153891,0.000664728,0,true,30,30
92,influence_mapping,2153892,0.000664728,0,true,15,15
92,influence_mapping,2153893,0.000664728,0,true,49,49
92,influence_mapping,2153894,0.000664728,0,true,16,16
92,influence_mapping,2153895,0.000664728,0,true,12,12
92,influence_mapping,2153896,0.000664728,0,true,45,45
92,influence_mapping,2153897,0.000664728,0,true,19,19
92,influence_mapping,2153898,0.000664728,0,true,44,44
92,influence_mapping,2153899,0.000664728,0,true,21,21
92,influence_mapping,2153900,0.000664728,0,true,46,46
92,influence_mapping,2153901,0.000664728,0,true,33,33
92,influence_mapping,2153902,0.000664728,0,true,43,43
92,influence_mapping,2153903,0.000664728,0,true,13,13
92,influence_mapping,2153904,0.000664728,0,true,47,47
92,influence_mapping,2153905,0.000664728,0,true,9,9
92,influence_mapping,2153906,0.000664728,0,true,42,42
92,influence_mapping,2153907,0.000664728,0,true,20,20
92,influence_mapping,2153908,0.000664728,0,true,23,23
92,influence_mapping,2153909,0.000664728,0,true,34,34
92,influence_mapping,2153910,0.000664728,0,true,18,18
92,influence_mapping,2153911,0.000664728,0,true,31,31
92,influence_mapping,2153912,0.000664728,0,true,3,3
92,influence_mapping,2153913,0.000664728,0,true,63,63
92,influence_mapping,2153914,0.000664728,0,true,38,38
92,influence_mapping,2153915,0.000664728,0,true,8,8
92,influence_mapping,2153916,0.000664728,0,true,4,4
92,influence_mapping,2153917,0.000664728,0,true,26,26
92,influence_mapping,2153918,0.000664728,0,true,17,17
92,influence_mapping,2153919,0.000664728,0,true,0,0
92,influence_mapping,2153920,0.000664728,0,true,22,22
92,influence_mapping,2153921,0.000664728,0,true,54,54
92,influence_mapping,2153922,0.000664728,0,true,61,61
92,influence_mapping,2153923,0.000664728,0,true,7,7
92,influence_mapping,2153924,0.000664728,0,true,3,3
92,influence_mapping,2153925,0.000664728,0,true,50,50
92,influence_mapping,2153926,0.000664728,0,true,31,31
92,influence_mapping,2153927,0.000664728,0,true,27,27
92,influence_mapping,2153928,0.000664728,0,true,60,60
92,influence_mapping,2153929,0.000664728,0,true,51,51
92,influence_mapping,2153930,0.000664728,0,true,1,1
92,influence_mapping,2153931,0.000664728,0,true,58,58
92,influence_mapping,2153932,0.000664728,0,true,16,16
92,influence_mapping,2153933,0.000664728,0,true,10,10
92,influence_mapping,2153934,0.000664728,0,true,2,2
92,influence_mapping,2153935,0.000664728,0,true,62,62
92,influence_mapping,2153936,0.000664728,0,true,56,56
92,influence_mapping,2153937,0.000664728,0,true,59,59
92,influence_mapping,2153938,0.000664728,0,true,11,11
92,influence_mapping,2153939,0.000664728,0,true,49,49
92,influence_mapping,2153940,0.000664728,0,true,57,57
92,influence_mapping,2153941,0.000664728,0,true,53,53
92,influence_mapping,2153942,0.000664728,0,true,5,5
92,influence_mapping,2153943,0.000664728,0,true,19,19
92,influence_mapping,2153944,0.000664728,0,true,4,4
92,influence_mapping,2153945,0.000664728,0,true,55,55
92,influence_mapping,2153946,0.000664728,0,true,41,41
92,influence_mapping,2153947,0.000664728,0,true,42,42
92,influence_mapping,2153948,0.000664728,0,true,52,52
92,influence_mapping,2153949,0.000664728,0,true,54,54
92,influence_mapping,2153950,0.000664728,0,true,40,40
92,influence_mapping,2153951,0.000664728,0,true,15,15
92,influence_mapping,2153952,0.000664728,0,true,14,14
93,residual,2153836,0.004897722,1,true,56,56
93,residual,2153854,0.004897722,0,true,11,11
93,residual,2153858,0.004897722,0,true,58,58
93,residual,2153859,0.004897722,0,true,51,51
93,residual,2153860,0.004897722,0,true,52,52
93,residual,2153861,0.004897722,0,true,32,32
93,residual,2153862,0.004897722,0,true,53,53
93,residual,2153863,0.004897722,0,true,14,14
93,residual,2153864,0.004897722,0,true,6,6
93,residual,2153865,0.004897722,0,true,55,55
93,residual,2153866,0.004897722,0,true,48,48
93,residual,2153867,0.004897722,0,true,29,29
93,residual,2153868,0.004897722,0,true,49,49
93,residual,2153869,0.004897722,0,true,24,24
93,residual,2153870,0.004897722,0,true,11,11
93,residual,2153871,0.004897722,0,true,50,50
93,residual,2153872,0.004897722,0,true,39,39
93,residual,2153873,0.004897722,0,true,61,61
93,residual,2153874,0.004897722,0,true,57,57
93,residual,2153875,0.004897722,0,true,10,10
93,residual,2153876,0.004897722,0,true,59,59
93,residual,2153877,0.004897722,0,true,60,60
93,residual,2153878,0.004897722,0,true,54,54
93,residual,2153879,0.004897722,0,true,25,25
93,residual,2153880,0.004897722,0,true,5,5
93,residual,2153881,0.004897722,0,true,2,2
93,residual,2153882,0.004897722,0,true,41,41
93,residual,2153883,0.004897722,0,true,7,7
93,residual,2153884,0.004897722,0,true,62,62
93,residual,2153886,0.004897722,0,true,28,28
93,residual,2153887,0.004897722,0,true,27,27
93,residual,2153888,0.004897722,0,true,1,1
93,residual,2153889,0.004897722,0,true,36,36
93,residual,2153890,0.004897722,0,true,35,35
93,residual,2153891,0.004897722,0,true,30,30
93,residual,2153892,0.004897722,0,true,15,15
93,residual,2153893,0.004897722,0,true,49,49
93,residual,2153894,0.004897722,0,true,16,16
93,residual,2153895,0.004897722,0,true,12,12
93,residual,2153896,0.004897722,0,true,45,45
93,residual,2153897,0.004897722,0,true,19,19
93,residual,2153898,0.004897722,0,true,44,44
93,residual,2153899,0.004897722,0,true,21,21
93,residual,2153900,0.004897722,0,true,46,46
93,residual,2153901,0.004897722,0,true,33,33
93,residual,2153902,0.004897722,0,true,43,43
93,residual,2153903,0.004897722,0,true,13,13
93,residual,2153904,0.004897722,0,true,47,47
93,residual,2153905,0.004897722,0,true,9,9
93,residual,2153906,0.004897722,0,true,42,42
93,residual,2153907,0.004897722,0,true,20,20
93,residual,2153908,0.004897722,0,true,23,23
93,residual,2153909,0.004897722,0,true,34,34
93,residual,2153910,0.004897722,0,true,18,18
93,residual,2153911,0.004897722,0,true,31,31
93,residual,2153912,0.004897722,0,true,3,3
93,residual,2153913,0.004897722,0,true,63,63
93,residual,2153914,0.004897722,0,true,38,38
93,residual,2153915,0.004897722,0,true,8,8
93,residual,2153916,0.004897722,0,true,4,4
93,residual,2153917,0.004897722,0,true,26,26
93,residual,2153918,0.004897722,0,true,17,17
93,residual,2153919,0.004897722,0,true,0,0
93,residual,2153920,0.004897722,0,true,22,22
93,residual,2153921,0.004897722,0,true,54,54
93,residual,2153922,0.004897722,0,true,61,61
93,residual,2153923,0.004897722,0,true,7,7
93,residual,2153924,0.004897722,0,true,3,3
93,residual,2153925,0.004897722,0,true,50,50
93,residual,2153926,0.004897722,0,true,31,31
93,residual,2153927,0.004897722,0,true,27,27
93,residual,2153928,0.004897722,0,true,60,60
93,residual,2153929,0.004897722,0,true,51,51
93,residual,2153930,0.004897722,0,true,1,1
93,residual,2153931,0.004897722,0,true,58,58
93,residual,2153932,0.004897722,0,true,16,16
93,residual,2153933,0.004897722,0,true,10,10
93,residual,2153934,0.004897722,0,true,2,2
93,residual,2153935,0.004897722,0,true,62,62
93,residual,2153936,0.004897722,0,true,56,56
93,residual,2153937,0.004897722,0,true,59,59
93,residual,2153938,0.004897722,0,true,11,11
93,residual,2153939,0.004897722,0,true,49,49
93,residual,2153940,0.004897722,0,true,57,57
93,residual,2153941,0.004897722,0,true,53,53
93,residual,2153942,0.004897722,0,true,5,5
93,residual,2153943,0.004897722,0,true,19,19
93,residual,2153944,0.004897722,0,true,4,4
93,residual,2153945,0.004897722,0,true,55,55
93,residual,2153946,0.004897722,0,true,41,41
93,residual,2153947,0.004897722,0,true,42,42
93,residual,2153948,0.004897722,0,true,52,52
93,residual,2153949,0.004897722,0,true,54,54
93,residual,2153950,0.004897722,0,true,40,40
93,residual,2153951,0.004897722,0,true,15,15
93,residual,2153952,0.004897722,0,true,14,14
94,nearfield_update,2153836,0.276322602,18,true,56,56
94,nearfield_update,2153854,0.276322602,0,true,11,11
94,nearfield_update,2153858,0.276322602,13,true,58,58
94,nearfield_update,2153859,0.276322602,2,true,51,51
94,nearfield_update,2153860,0.276322602,10,true,52,52
94,nearfield_update,2153861,0.276322602,24,true,32,32
94,nearfield_update,2153862,0.276322602,6,true,53,53
94,nearfield_update,2153863,0.276322602,22,true,14,14
94,nearfield_update,2153864,0.276322602,21,true,6,6
94,nearfield_update,2153865,0.276322602,2,true,55,55
94,nearfield_update,2153866,0.276322602,1,true,48,48
94,nearfield_update,2153867,0.276322602,18,true,29,29
94,nearfield_update,2153868,0.276322602,7,true,49,49
94,nearfield_update,2153869,0.276322602,18,true,24,24
94,nearfield_update,2153870,0.276322602,23,true,11,11
94,nearfield_update,2153871,0.276322602,18,true,50,47
94,nearfield_update,2153872,0.276322602,24,true,39,39
94,nearfield_update,2153873,0.276322602,14,true,61,61
94,nearfield_update,2153874,0.276322602,3,true,57,57
94,nearfield_update,2153875,0.276322602,24,true,10,10
94,nearfield_update,2153876,0.276322602,15,true,59,59
94,nearfield_update,2153877,0.276322602,1,true,60,60
94,nearfield_update,2153878,0.276322602,1,true,54,54
94,nearfield_update,2153879,0.276322602,16,true,25,25
94,nearfield_update,2153880,0.276322602,21,true,5,5
94,nearfield_update,2153881,0.276322602,19,true,2,33
94,nearfield_update,2153882,0.276322602,20,true,41,41
94,nearfield_update,2153883,0.276322602,23,true,7,7
94,nearfield_update,2153884,0.276322602,10,true,62,62
94,nearfield_update,2153886,0.276322602,17,true,28,28
94,nearfield_update,2153887,0.276322602,17,true,27,27
94,nearfield_update,2153888,0.276322602,23,true,1,1
94,nearfield_update,2153889,0.276322602,21,true,36,36
94,nearfield_update,2153890,0.276322602,20,true,35,35
94,nearfield_update,2153891,0.276322602,17,true,30,30
94,nearfield_update,2153892,0.276322602,23,true,15,15
94,nearfield_update,2153893,0.276322602,7,true,49,50
94,nearfield_update,2153894,0.276322602,18,true,16,16
94,nearfield_update,2153895,0.276322602,22,true,12,12
94,nearfield_update,2153896,0.276322602,21,true,45,45
94,nearfield_update,2153897,0.276322602,17,true,19,19
94,nearfield_update,2153898,0.276322602,20,true,44,44
94,nearfield_update,2153899,0.276322602,17,true,21,21
94,nearfield_update,2153900,0.276322602,20,true,46,46
94,nearfield_update,2153901,0.276322602,21,true,33,34
94,nearfield_update,2153902,0.276322602,20,true,43,43
94,nearfield_update,2153903,0.276322602,23,true,13,13
94,nearfield_update,2153904,0.276322602,20,true,47,40
94,nearfield_update,2153905,0.276322602,23,true,9,9
94,nearfield_update,2153906,0.276322602,21,true,42,42
94,nearfield_update,2153907,0.276322602,18,true,20,20
94,nearfield_update,2153908,0.276322602,17,true,23,23
94,nearfield_update,2153909,0.276322602,20,true,34,37
94,nearfield_update,2153910,0.276322602,17,true,18,18
94,nearfield_update,2153911,0.276322602,18,true,31,31
94,nearfield_update,2153912,0.276322602,21,true,3,3
94,nearfield_update,2153913,0.276322602,10,true,63,63
94,nearfield_update,2153914,0.276322602,20,true,38,38
94,nearfield_update,2153915,0.276322602,23,true,8,8
94,nearfield_update,2153916,0.276322602,22,true,4,4
94,nearfield_update,2153917,0.276322602,17,true,26,26
94,nearfield_update,2153918,0.276322602,17,true,17,17
94,nearfield_update,2153919,0.276322602,21,true,0,0
94,nearfield_update,2153920,0.276322602,17,true,22,22
94,nearfield_update,2153921,0.276322602,7,true,54,48
94,nearfield_update,2153922,0.276322602,0,true,61,61
94,nearfield_update,2153923,0.276322602,0,true,7,7
94,nearfield_update,2153924,0.276322602,0,true,3,3
94,nearfield_update,2153925,0.276322602,0,true,50,50
94,nearfield_update,2153926,0.276322602,0,true,31,31
94,nearfield_update,2153927,0.276322602,0,true,27,27
94,nearfield_update,2153928,0.276322602,0,true,60,60
94,nearfield_update,2153929,0.276322602,0,true,51,51
94,nearfield_update,2153930,0.276322602,0,true,1,1
94,nearfield_update,2153931,0.276322602,0,true,58,58
94,nearfield_update,2153932,0.276322602,0,true,16,16
94,nearfield_update,2153933,0.276322602,0,true,10,10
94,nearfield_update,2153934,0.276322602,0,true,2,2
94,nearfield_update,2153935,0.276322602,0,true,62,62
94,nearfield_update,2153936,0.276322602,0,true,56,56
94,nearfield_update,2153937,0.276322602,0,true,59,59
94,nearfield_update,2153938,0.276322602,0,true,11,11
94,nearfield_update,2153939,0.276322602,0,true,49,49
94,nearfield_update,2153940,0.276322602,0,true,57,57
94,nearfield_update,2153941,0.276322602,0,true,53,53
94,nearfield_update,2153942,0.276322602,0,true,5,5
94,nearfield_update,2153943,0.276322602,0,true,19,19
94,nearfield_update,2153944,0.276322602,0,true,4,4
94,nearfield_update,2153945,0.276322602,0,true,55,55
94,nearfield_update,2153946,0.276322602,0,true,41,41
94,nearfield_update,2153947,0.276322602,0,true,42,42
94,nearfield_update,2153948,0.276322602,0,true,52,52
94,nearfield_update,2153949,0.276322602,0,true,54,54
94,nearfield_update,2153950,0.276322602,0,true,40,40
94,nearfield_update,2153951,0.276322602,0,true,15,15
94,nearfield_update,2153952,0.276322602,0,true,14,14
95,fmm,2153836,0.03535721,3,true,56,56
95,fmm,2153854,0.03535721,0,true,11,11
95,fmm,2153858,0.03535721,2,true,58,57
95,fmm,2153859,0.03535721,3,true,51,51
95,fmm,2153860,0.03535721,2,true,52,52
95,fmm,2153861,0.03535721,2,true,32,32
95,fmm,2153862,0.03535721,3,true,53,53
95,fmm,2153863,0.03535721,2,true,14,14
95,fmm,2153864,0.03535721,2,true,6,6
95,fmm,2153865,0.03535721,2,true,55,55
95,fmm,2153866,0.03535721,2,true,48,54
95,fmm,2153867,0.03535721,2,true,29,29
95,fmm,2153868,0.03535721,2,true,49,48
95,fmm,2153869,0.03535721,2,true,24,24
95,fmm,2153870,0.03535721,2,true,11,11
95,fmm,2153871,0.03535721,2,true,47,47
95,fmm,2153872,0.03535721,2,true,39,39
95,fmm,2153873,0.03535721,2,true,61,61
95,fmm,2153874,0.03535721,2,true,57,59
95,fmm,2153875,0.03535721,1,true,10,10
95,fmm,2153876,0.03535721,1,true,59,60
95,fmm,2153877,0.03535721,2,true,60,62
95,fmm,2153878,0.03535721,2,true,54,50
95,fmm,2153879,0.03535721,2,true,25,25
95,fmm,2153880,0.03535721,2,true,5,5
95,fmm,2153881,0.03535721,1,true,33,33
95,fmm,2153882,0.03535721,2,true,41,41
95,fmm,2153883,0.03535721,1,true,7,7
95,fmm,2153884,0.03535721,2,true,62,63
95,fmm,2153886,0.03535721,2,true,28,28
95,fmm,2153887,0.03535721,2,true,27,27
95,fmm,2153888,0.03535721,2,true,1,1
95,fmm,2153889,0.03535721,2,true,36,36
95,fmm,2153890,0.03535721,2,true,35,35
95,fmm,2153891,0.03535721,2,true,30,30
95,fmm,2153892,0.03535721,3,true,15,15
95,fmm,2153893,0.03535721,2,true,50,49
95,fmm,2153894,0.03535721,2,true,16,16
95,fmm,2153895,0.03535721,2,true,12,12
95,fmm,2153896,0.03535721,2,true,45,45
95,fmm,2153897,0.03535721,2,true,19,19
95,fmm,2153898,0.03535721,2,true,44,44
95,fmm,2153899,0.03535721,2,true,21,21
95,fmm,2153900,0.03535721,2,true,46,46
95,fmm,2153901,0.03535721,2,true,34,34
95,fmm,2153902,0.03535721,2,true,43,43
95,fmm,2153903,0.03535721,2,true,13,13
95,fmm,2153904,0.03535721,2,true,40,40
95,fmm,2153905,0.03535721,2,true,9,9
95,fmm,2153906,0.03535721,2,true,42,42
95,fmm,2153907,0.03535721,2,true,20,20
95,fmm,2153908,0.03535721,2,true,23,23
95,fmm,2153909,0.03535721,2,true,37,37
95,fmm,2153910,0.03535721,2,true,18,18
95,fmm,2153911,0.03535721,2,true,31,31
95,fmm,2153912,0.03535721,3,true,3,3
95,fmm,2153913,0.03535721,2,true,63,58
95,fmm,2153914,0.03535721,2,true,38,38
95,fmm,2153915,0.03535721,2,true,8,0
95,fmm,2153916,0.03535721,1,true,4,4
95,fmm,2153917,0.03535721,1,true,26,26
95,fmm,2153918,0.03535721,2,true,17,17
95,fmm,2153919,0.03535721,2,true,0,8
95,fmm,2153920,0.03535721,1,true,22,22
95,fmm,2153921,0.03535721,0,true,48,49
95,fmm,2153922,0.03535721,0,true,61,61
95,fmm,2153923,0.03535721,0,true,7,7
95,fmm,2153924,0.03535721,0,true,3,3
95,fmm,2153925,0.03535721,0,true,50,50
95,fmm,2153926,0.03535721,0,true,31,31
95,fmm,2153927,0.03535721,0,true,27,27
95,fmm,2153928,0.03535721,0,true,60,60
95,fmm,2153929,0.03535721,0,true,51,51
95,fmm,2153930,0.03535721,0,true,1,1
95,fmm,2153931,0.03535721,0,true,58,58
95,fmm,2153932,0.03535721,0,true,16,16
95,fmm,2153933,0.03535721,0,true,10,10
95,fmm,2153934,0.03535721,0,true,2,2
95,fmm,2153935,0.03535721,0,true,62,62
95,fmm,2153936,0.03535721,0,true,56,56
95,fmm,2153937,0.03535721,0,true,59,59
95,fmm,2153938,0.03535721,0,true,11,11
95,fmm,2153939,0.03535721,0,true,49,49
95,fmm,2153940,0.03535721,0,true,57,57
95,fmm,2153941,0.03535721,0,true,53,53
95,fmm,2153942,0.03535721,0,true,5,5
95,fmm,2153943,0.03535721,0,true,19,19
95,fmm,2153944,0.03535721,0,true,4,4
95,fmm,2153945,0.03535721,0,true,55,55
95,fmm,2153946,0.03535721,0,true,41,41
95,fmm,2153947,0.03535721,0,true,42,42
95,fmm,2153948,0.03535721,0,true,52,52
95,fmm,2153949,0.03535721,0,true,54,54
95,fmm,2153950,0.03535721,0,true,40,40
95,fmm,2153951,0.03535721,0,true,15,15
95,fmm,2153952,0.03535721,0,true,14,14
96,influence_mapping,2153836,0.000579988,0,true,56,56
96,influence_mapping,2153854,0.000579988,0,true,11,11
96,influence_mapping,2153858,0.000579988,0,true,57,57
96,influence_mapping,2153859,0.000579988,0,true,51,51
96,influence_mapping,2153860,0.000579988,0,true,52,52
96,influence_mapping,2153861,0.000579988,0,true,32,32
96,influence_mapping,2153862,0.000579988,0,true,53,53
96,influence_mapping,2153863,0.000579988,0,true,14,14
96,influence_mapping,2153864,0.000579988,0,true,6,6
96,influence_mapping,2153865,0.000579988,0,true,55,55
96,influence_mapping,2153866,0.000579988,0,true,54,54
96,influence_mapping,2153867,0.000579988,0,true,29,29
96,influence_mapping,2153868,0.000579988,0,true,48,48
96,influence_mapping,2153869,0.000579988,0,true,24,24
96,influence_mapping,2153870,0.000579988,0,true,11,11
96,influence_mapping,2153871,0.000579988,0,true,47,47
96,influence_mapping,2153872,0.000579988,0,true,39,39
96,influence_mapping,2153873,0.000579988,0,true,61,61
96,influence_mapping,2153874,0.000579988,0,true,59,59
96,influence_mapping,2153875,0.000579988,0,true,10,10
96,influence_mapping,2153876,0.000579988,0,true,60,60
96,influence_mapping,2153877,0.000579988,0,true,62,62
96,influence_mapping,2153878,0.000579988,0,true,50,50
96,influence_mapping,2153879,0.000579988,0,true,25,25
96,influence_mapping,2153880,0.000579988,0,true,5,5
96,influence_mapping,2153881,0.000579988,0,true,33,33
96,influence_mapping,2153882,0.000579988,0,true,41,41
96,influence_mapping,2153883,0.000579988,0,true,7,7
96,influence_mapping,2153884,0.000579988,0,true,63,63
96,influence_mapping,2153886,0.000579988,0,true,28,28
96,influence_mapping,2153887,0.000579988,0,true,27,27
96,influence_mapping,2153888,0.000579988,0,true,1,1
96,influence_mapping,2153889,0.000579988,0,true,36,36
96,influence_mapping,2153890,0.000579988,0,true,35,35
96,influence_mapping,2153891,0.000579988,0,true,30,30
96,influence_mapping,2153892,0.000579988,0,true,15,15
96,influence_mapping,2153893,0.000579988,0,true,49,49
96,influence_mapping,2153894,0.000579988,0,true,16,16
96,influence_mapping,2153895,0.000579988,0,true,12,12
96,influence_mapping,2153896,0.000579988,0,true,45,45
96,influence_mapping,2153897,0.000579988,0,true,19,19
96,influence_mapping,2153898,0.000579988,0,true,44,44
96,influence_mapping,2153899,0.000579988,0,true,21,21
96,influence_mapping,2153900,0.000579988,0,true,46,46
96,influence_mapping,2153901,0.000579988,0,true,34,34
96,influence_mapping,2153902,0.000579988,0,true,43,43
96,influence_mapping,2153903,0.000579988,0,true,13,13
96,influence_mapping,2153904,0.000579988,0,true,40,40
96,influence_mapping,2153905,0.000579988,0,true,9,9
96,influence_mapping,2153906,0.000579988,0,true,42,42
96,influence_mapping,2153907,0.000579988,0,true,20,20
96,influence_mapping,2153908,0.000579988,0,true,23,23
96,influence_mapping,2153909,0.000579988,0,true,37,37
96,influence_mapping,2153910,0.000579988,0,true,18,18
96,influence_mapping,2153911,0.000579988,0,true,31,31
96,influence_mapping,2153912,0.000579988,0,true,3,3
96,influence_mapping,2153913,0.000579988,0,true,58,58
96,influence_mapping,2153914,0.000579988,0,true,38,38
96,influence_mapping,2153915,0.000579988,0,true,0,0
96,influence_mapping,2153916,0.000579988,0,true,4,4
96,influence_mapping,2153917,0.000579988,0,true,26,26
96,influence_mapping,2153918,0.000579988,0,true,17,17
96,influence_mapping,2153919,0.000579988,0,true,8,8
96,influence_mapping,2153920,0.000579988,0,true,22,22
96,influence_mapping,2153921,0.000579988,0,true,49,49
96,influence_mapping,2153922,0.000579988,0,true,61,61
96,influence_mapping,2153923,0.000579988,0,true,7,7
96,influence_mapping,2153924,0.000579988,0,true,3,3
96,influence_mapping,2153925,0.000579988,0,true,50,50
96,influence_mapping,2153926,0.000579988,0,true,31,31
96,influence_mapping,2153927,0.000579988,0,true,27,27
96,influence_mapping,2153928,0.000579988,0,true,60,60
96,influence_mapping,2153929,0.000579988,0,true,51,51
96,influence_mapping,2153930,0.000579988,0,true,1,1
96,influence_mapping,2153931,0.000579988,0,true,58,58
96,influence_mapping,2153932,0.000579988,0,true,16,16
96,influence_mapping,2153933,0.000579988,0,true,10,10
96,influence_mapping,2153934,0.000579988,0,true,2,2
96,influence_mapping,2153935,0.000579988,0,true,62,62
96,influence_mapping,2153936,0.000579988,0,true,56,56
96,influence_mapping,2153937,0.000579988,0,true,59,59
96,influence_mapping,2153938,0.000579988,0,true,11,11
96,influence_mapping,2153939,0.000579988,0,true,49,49
96,influence_mapping,2153940,0.000579988,0,true,57,57
96,influence_mapping,2153941,0.000579988,0,true,53,53
96,influence_mapping,2153942,0.000579988,0,true,5,5
96,influence_mapping,2153943,0.000579988,0,true,19,19
96,influence_mapping,2153944,0.000579988,0,true,4,4
96,influence_mapping,2153945,0.000579988,0,true,55,55
96,influence_mapping,2153946,0.000579988,0,true,41,41
96,influence_mapping,2153947,0.000579988,0,true,42,42
96,influence_mapping,2153948,0.000579988,0,true,52,52
96,influence_mapping,2153949,0.000579988,0,true,54,54
96,influence_mapping,2153950,0.000579988,0,true,40,40
96,influence_mapping,2153951,0.000579988,0,true,15,15
96,influence_mapping,2153952,0.000579988,0,true,14,14
97,residual,2153836,0.005249312,1,true,56,56
97,residual,2153854,0.005249312,0,true,11,11
97,residual,2153858,0.005249312,0,true,57,57
97,residual,2153859,0.005249312,0,true,51,51
97,residual,2153860,0.005249312,0,true,52,52
97,residual,2153861,0.005249312,0,true,32,32
97,residual,2153862,0.005249312,0,true,53,53
97,residual,2153863,0.005249312,0,true,14,14
97,residual,2153864,0.005249312,0,true,6,6
97,residual,2153865,0.005249312,0,true,55,55
97,residual,2153866,0.005249312,0,true,54,54
97,residual,2153867,0.005249312,0,true,29,29
97,residual,2153868,0.005249312,0,true,48,48
97,residual,2153869,0.005249312,0,true,24,24
97,residual,2153870,0.005249312,0,true,11,11
97,residual,2153871,0.005249312,0,true,47,47
97,residual,2153872,0.005249312,0,true,39,39
97,residual,2153873,0.005249312,0,true,61,61
97,residual,2153874,0.005249312,0,true,59,59
97,residual,2153875,0.005249312,0,true,10,10
97,residual,2153876,0.005249312,0,true,60,60
97,residual,2153877,0.005249312,0,true,62,62
97,residual,2153878,0.005249312,0,true,50,50
97,residual,2153879,0.005249312,0,true,25,25
97,residual,2153880,0.005249312,0,true,5,5
97,residual,2153881,0.005249312,0,true,33,33
97,residual,2153882,0.005249312,0,true,41,41
97,residual,2153883,0.005249312,0,true,7,7
97,residual,2153884,0.005249312,0,true,63,63
97,residual,2153886,0.005249312,0,true,28,28
97,residual,2153887,0.005249312,0,true,27,27
97,residual,2153888,0.005249312,0,true,1,1
97,residual,2153889,0.005249312,0,true,36,36
97,residual,2153890,0.005249312,0,true,35,35
97,residual,2153891,0.005249312,0,true,30,30
97,residual,2153892,0.005249312,0,true,15,15
97,residual,2153893,0.005249312,0,true,49,49
97,residual,2153894,0.005249312,0,true,16,16
97,residual,2153895,0.005249312,0,true,12,12
97,residual,2153896,0.005249312,0,true,45,45
97,residual,2153897,0.005249312,0,true,19,19
97,residual,2153898,0.005249312,0,true,44,44
97,residual,2153899,0.005249312,0,true,21,21
97,residual,2153900,0.005249312,0,true,46,46
97,residual,2153901,0.005249312,0,true,34,34
97,residual,2153902,0.005249312,0,true,43,43
97,residual,2153903,0.005249312,0,true,13,13
97,residual,2153904,0.005249312,0,true,40,40
97,residual,2153905,0.005249312,0,true,9,9
97,residual,2153906,0.005249312,0,true,42,42
97,residual,2153907,0.005249312,0,true,20,20
97,residual,2153908,0.005249312,0,true,23,23
97,residual,2153909,0.005249312,0,true,37,37
97,residual,2153910,0.005249312,0,true,18,18
97,residual,2153911,0.005249312,0,true,31,31
97,residual,2153912,0.005249312,0,true,3,3
97,residual,2153913,0.005249312,0,true,58,58
97,residual,2153914,0.005249312,0,true,38,38
97,residual,2153915,0.005249312,0,true,0,0
97,residual,2153916,0.005249312,0,true,4,4
97,residual,2153917,0.005249312,0,true,26,26
97,residual,2153918,0.005249312,0,true,17,17
97,residual,2153919,0.005249312,0,true,8,8
97,residual,2153920,0.005249312,0,true,22,22
97,residual,2153921,0.005249312,0,true,49,49
97,residual,2153922,0.005249312,0,true,61,61
97,residual,2153923,0.005249312,0,true,7,7
97,residual,2153924,0.005249312,0,true,3,3
97,residual,2153925,0.005249312,0,true,50,50
97,residual,2153926,0.005249312,0,true,31,31
97,residual,2153927,0.005249312,0,true,27,27
97,residual,2153928,0.005249312,0,true,60,60
97,residual,2153929,0.005249312,0,true,51,51
97,residual,2153930,0.005249312,0,true,1,1
97,residual,2153931,0.005249312,0,true,58,58
97,residual,2153932,0.005249312,0,true,16,16
97,residual,2153933,0.005249312,0,true,10,10
97,residual,2153934,0.005249312,0,true,2,2
97,residual,2153935,0.005249312,0,true,62,62
97,residual,2153936,0.005249312,0,true,56,56
97,residual,2153937,0.005249312,0,true,59,59
97,residual,2153938,0.005249312,0,true,11,11
97,residual,2153939,0.005249312,0,true,49,49
97,residual,2153940,0.005249312,0,true,57,57
97,residual,2153941,0.005249312,0,true,53,53
97,residual,2153942,0.005249312,0,true,5,5
97,residual,2153943,0.005249312,0,true,19,19
97,residual,2153944,0.005249312,0,true,4,4
97,residual,2153945,0.005249312,0,true,55,55
97,residual,2153946,0.005249312,0,true,41,41
97,residual,2153947,0.005249312,0,true,42,42
97,residual,2153948,0.005249312,0,true,52,52
97,residual,2153949,0.005249312,0,true,54,54
97,residual,2153950,0.005249312,0,true,40,40
97,residual,2153951,0.005249312,0,true,15,15
97,residual,2153952,0.005249312,0,true,14,14
98,nearfield_update,2153836,0.274387089,19,true,56,56
98,nearfield_update,2153854,0.274387089,0,true,11,11
98,nearfield_update,2153858,0.274387089,13,true,57,57
98,nearfield_update,2153859,0.274387089,2,true,51,51
98,nearfield_update,2153860,0.274387089,9,true,52,52
98,nearfield_update,2153861,0.274387089,24,true,32,32
98,nearfield_update,2153862,0.274387089,5,true,53,53
98,nearfield_update,2153863,0.274387089,23,true,14,14
98,nearfield_update,2153864,0.274387089,19,true,6,6
98,nearfield_update,2153865,0.274387089,2,true,55,55
98,nearfield_update,2153866,0.274387089,1,true,54,54
98,nearfield_update,2153867,0.274387089,18,true,29,29
98,nearfield_update,2153868,0.274387089,7,true,48,48
98,nearfield_update,2153869,0.274387089,17,true,24,24
98,nearfield_update,2153870,0.274387089,24,true,11,11
98,nearfield_update,2153871,0.274387089,18,true,47,47
98,nearfield_update,2153872,0.274387089,24,true,39,39
98,nearfield_update,2153873,0.274387089,15,true,61,61
98,nearfield_update,2153874,0.274387089,3,true,59,59
98,nearfield_update,2153875,0.274387089,24,true,10,10
98,nearfield_update,2153876,0.274387089,15,true,60,60
98,nearfield_update,2153877,0.274387089,2,true,62,62
98,nearfield_update,2153878,0.274387089,1,true,50,50
98,nearfield_update,2153879,0.274387089,16,true,25,25
98,nearfield_update,2153880,0.274387089,20,true,5,5
98,nearfield_update,2153881,0.274387089,18,true,33,7
98,nearfield_update,2153882,0.274387089,20,true,41,33
98,nearfield_update,2153883,0.274387089,22,true,7,2
98,nearfield_update,2153884,0.274387089,10,true,63,63
98,nearfield_update,2153886,0.274387089,17,true,28,30
98,nearfield_update,2153887,0.274387089,16,true,27,20
98,nearfield_update,2153888,0.274387089,21,true,1,1
98,nearfield_update,2153889,0.274387089,21,true,36,36
98,nearfield_update,2153890,0.274387089,20,true,35,35
98,nearfield_update,2153891,0.274387089,17,true,30,28
98,nearfield_update,2153892,0.274387089,22,true,15,15
98,nearfield_update,2153893,0.274387089,8,true,49,49
98,nearfield_update,2153894,0.274387089,17,true,16,16
98,nearfield_update,2153895,0.274387089,23,true,12,12
98,nearfield_update,2153896,0.274387089,20,true,45,45
98,nearfield_update,2153897,0.274387089,17,true,19,19
98,nearfield_update,2153898,0.274387089,20,true,44,44
98,nearfield_update,2153899,0.274387089,18,true,21,21
98,nearfield_update,2153900,0.274387089,20,true,46,46
98,nearfield_update,2153901,0.274387089,21,true,34,34
98,nearfield_update,2153902,0.274387089,21,true,43,43
98,nearfield_update,2153903,0.274387089,23,true,13,13
98,nearfield_update,2153904,0.274387089,20,true,40,42
98,nearfield_update,2153905,0.274387089,18,true,9,40
98,nearfield_update,2153906,0.274387089,9,true,42,54
98,nearfield_update,2153907,0.274387089,17,true,20,26
98,nearfield_update,2153908,0.274387089,17,true,23,17
98,nearfield_update,2153909,0.274387089,19,true,37,41
98,nearfield_update,2153910,0.274387089,18,true,18,18
98,nearfield_update,2153911,0.274387089,17,true,31,31
98,nearfield_update,2153912,0.274387089,22,true,3,3
98,nearfield_update,2153913,0.274387089,10,true,58,58
98,nearfield_update,2153914,0.274387089,21,true,38,38
98,nearfield_update,2153915,0.274387089,22,true,0,9
98,nearfield_update,2153916,0.274387089,22,true,4,4
98,nearfield_update,2153917,0.274387089,18,true,26,23
98,nearfield_update,2153918,0.274387089,19,true,17,37
98,nearfield_update,2153919,0.274387089,23,true,8,8
98,nearfield_update,2153920,0.274387089,17,true,22,22
98,nearfield_update,2153921,0.274387089,18,true,49,27
98,nearfield_update,2153922,0.274387089,0,true,61,61
98,nearfield_update,2153923,0.274387089,0,true,7,7
98,nearfield_update,2153924,0.274387089,0,true,3,3
98,nearfield_update,2153925,0.274387089,0,true,50,50
98,nearfield_update,2153926,0.274387089,0,true,31,31
98,nearfield_update,2153927,0.274387089,0,true,27,27
98,nearfield_update,2153928,0.274387089,0,true,60,60
98,nearfield_update,2153929,0.274387089,0,true,51,51
98,nearfield_update,2153930,0.274387089,0,true,1,1
98,nearfield_update,2153931,0.274387089,0,true,58,58
98,nearfield_update,2153932,0.274387089,0,true,16,16
98,nearfield_update,2153933,0.274387089,0,true,10,10
98,nearfield_update,2153934,0.274387089,0,true,2,2
98,nearfield_update,2153935,0.274387089,0,true,62,62
98,nearfield_update,2153936,0.274387089,0,true,56,56
98,nearfield_update,2153937,0.274387089,0,true,59,59
98,nearfield_update,2153938,0.274387089,0,true,11,11
98,nearfield_update,2153939,0.274387089,0,true,49,49
98,nearfield_update,2153940,0.274387089,0,true,57,57
98,nearfield_update,2153941,0.274387089,0,true,53,53
98,nearfield_update,2153942,0.274387089,0,true,5,5
98,nearfield_update,2153943,0.274387089,0,true,19,19
98,nearfield_update,2153944,0.274387089,0,true,4,4
98,nearfield_update,2153945,0.274387089,0,true,55,55
98,nearfield_update,2153946,0.274387089,0,true,41,41
98,nearfield_update,2153947,0.274387089,0,true,42,42
98,nearfield_update,2153948,0.274387089,0,true,52,52
98,nearfield_update,2153949,0.274387089,0,true,54,54
98,nearfield_update,2153950,0.274387089,0,true,40,40
98,nearfield_update,2153951,0.274387089,0,true,15,15
98,nearfield_update,2153952,0.274387089,0,true,14,14
99,fmm,2153836,0.044011943,3,true,56,58
99,fmm,2153854,0.044011943,0,true,11,11
99,fmm,2153858,0.044011943,3,true,57,57
99,fmm,2153859,0.044011943,3,true,51,51
99,fmm,2153860,0.044011943,2,true,52,52
99,fmm,2153861,0.044011943,3,true,32,32
99,fmm,2153862,0.044011943,2,true,53,53
99,fmm,2153863,0.044011943,2,true,14,14
99,fmm,2153864,0.044011943,2,true,6,6
99,fmm,2153865,0.044011943,2,true,55,55
99,fmm,2153866,0.044011943,2,true,54,48
99,fmm,2153867,0.044011943,2,true,29,29
99,fmm,2153868,0.044011943,1,true,48,49
99,fmm,2153869,0.044011943,2,true,24,24
99,fmm,2153870,0.044011943,2,true,11,11
99,fmm,2153871,0.044011943,2,true,47,47
99,fmm,2153872,0.044011943,2,true,39,39
99,fmm,2153873,0.044011943,2,true,61,61
99,fmm,2153874,0.044011943,2,true,59,59
99,fmm,2153875,0.044011943,2,true,10,10
99,fmm,2153876,0.044011943,2,true,60,60
99,fmm,2153877,0.044011943,1,true,62,62
99,fmm,2153878,0.044011943,2,true,50,50
99,fmm,2153879,0.044011943,2,true,25,25
99,fmm,2153880,0.044011943,2,true,5,5
99,fmm,2153881,0.044011943,2,true,7,7
99,fmm,2153882,0.044011943,2,true,33,33
99,fmm,2153883,0.044011943,1,true,2,2
99,fmm,2153884,0.044011943,2,true,63,63
99,fmm,2153886,0.044011943,2,true,30,30
99,fmm,2153887,0.044011943,2,true,20,20
99,fmm,2153888,0.044011943,2,true,1,1
99,fmm,2153889,0.044011943,2,true,36,36
99,fmm,2153890,0.044011943,2,true,35,35
99,fmm,2153891,0.044011943,2,true,28,28
99,fmm,2153892,0.044011943,2,true,15,15
99,fmm,2153893,0.044011943,1,true,49,54
99,fmm,2153894,0.044011943,2,true,16,16
99,fmm,2153895,0.044011943,2,true,12,12
99,fmm,2153896,0.044011943,2,true,45,45
99,fmm,2153897,0.044011943,2,true,19,19
99,fmm,2153898,0.044011943,2,true,44,44
99,fmm,2153899,0.044011943,2,true,21,21
99,fmm,2153900,0.044011943,2,true,46,46
99,fmm,2153901,0.044011943,2,true,34,34
99,fmm,2153902,0.044011943,2,true,43,43
99,fmm,2153903,0.044011943,2,true,13,13
99,fmm,2153904,0.044011943,2,true,42,42
99,fmm,2153905,0.044011943,2,true,40,40
99,fmm,2153906,0.044011943,2,true,54,54
99,fmm,2153907,0.044011943,2,true,26,26
99,fmm,2153908,0.044011943,2,true,17,17
99,fmm,2153909,0.044011943,2,true,41,41
99,fmm,2153910,0.044011943,2,true,18,18
99,fmm,2153911,0.044011943,2,true,31,31
99,fmm,2153912,0.044011943,2,true,3,3
99,fmm,2153913,0.044011943,1,true,58,56
99,fmm,2153914,0.044011943,2,true,38,38
99,fmm,2153915,0.044011943,2,true,9,9
99,fmm,2153916,0.044011943,1,true,4,4
99,fmm,2153917,0.044011943,1,true,23,23
99,fmm,2153918,0.044011943,1,true,37,37
99,fmm,2153919,0.044011943,2,true,8,8
99,fmm,2153920,0.044011943,1,true,22,22
99,fmm,2153921,0.044011943,0,true,27,27
99,fmm,2153922,0.044011943,0,true,61,61
99,fmm,2153923,0.044011943,0,true,7,7
99,fmm,2153924,0.044011943,0,true,3,3
99,fmm,2153925,0.044011943,0,true,50,50
99,fmm,2153926,0.044011943,0,true,31,31
99,fmm,2153927,0.044011943,0,true,27,27
99,fmm,2153928,0.044011943,0,true,60,60
99,fmm,2153929,0.044011943,0,true,51,51
99,fmm,2153930,0.044011943,0,true,1,1
99,fmm,2153931,0.044011943,0,true,58,58
99,fmm,2153932,0.044011943,0,true,16,16
99,fmm,2153933,0.044011943,0,true,10,10
99,fmm,2153934,0.044011943,0,true,2,2
99,fmm,2153935,0.044011943,0,true,62,62
99,fmm,2153936,0.044011943,0,true,56,56
99,fmm,2153937,0.044011943,0,true,59,59
99,fmm,2153938,0.044011943,0,true,11,11
99,fmm,2153939,0.044011943,0,true,49,49
99,fmm,2153940,0.044011943,0,true,57,57
99,fmm,2153941,0.044011943,0,true,53,53
99,fmm,2153942,0.044011943,0,true,5,5
99,fmm,2153943,0.044011943,0,true,19,19
99,fmm,2153944,0.044011943,0,true,4,4
99,fmm,2153945,0.044011943,0,true,55,55
99,fmm,2153946,0.044011943,0,true,41,41
99,fmm,2153947,0.044011943,0,true,42,42
99,fmm,2153948,0.044011943,0,true,52,52
99,fmm,2153949,0.044011943,0,true,54,54
99,fmm,2153950,0.044011943,0,true,40,40
99,fmm,2153951,0.044011943,0,true,15,15
99,fmm,2153952,0.044011943,0,true,14,14
100,influence_mapping,2153836,0.000544723,0,true,58,58
100,influence_mapping,2153854,0.000544723,0,true,11,11
100,influence_mapping,2153858,0.000544723,0,true,57,57
100,influence_mapping,2153859,0.000544723,0,true,51,51
100,influence_mapping,2153860,0.000544723,0,true,52,52
100,influence_mapping,2153861,0.000544723,0,true,32,32
100,influence_mapping,2153862,0.000544723,0,true,53,53
100,influence_mapping,2153863,0.000544723,0,true,14,14
100,influence_mapping,2153864,0.000544723,0,true,6,6
100,influence_mapping,2153865,0.000544723,0,true,55,55
100,influence_mapping,2153866,0.000544723,0,true,48,48
100,influence_mapping,2153867,0.000544723,0,true,29,29
100,influence_mapping,2153868,0.000544723,0,true,49,49
100,influence_mapping,2153869,0.000544723,0,true,24,24
100,influence_mapping,2153870,0.000544723,0,true,11,11
100,influence_mapping,2153871,0.000544723,0,true,47,47
100,influence_mapping,2153872,0.000544723,0,true,39,39
100,influence_mapping,2153873,0.000544723,0,true,61,61
100,influence_mapping,2153874,0.000544723,0,true,59,59
100,influence_mapping,2153875,0.000544723,0,true,10,10
100,influence_mapping,2153876,0.000544723,0,true,60,60
100,influence_mapping,2153877,0.000544723,0,true,62,62
100,influence_mapping,2153878,0.000544723,0,true,50,50
100,influence_mapping,2153879,0.000544723,0,true,25,25
100,influence_mapping,2153880,0.000544723,0,true,5,5
100,influence_mapping,2153881,0.000544723,0,true,7,7
100,influence_mapping,2153882,0.000544723,0,true,33,33
100,influence_mapping,2153883,0.000544723,0,true,2,2
100,influence_mapping,2153884,0.000544723,0,true,63,63
100,influence_mapping,2153886,0.000544723,0,true,30,30
100,influence_mapping,2153887,0.000544723,0,true,20,20
100,influence_mapping,2153888,0.000544723,0,true,1,1
100,influence_mapping,2153889,0.000544723,0,true,36,36
100,influence_mapping,2153890,0.000544723,0,true,35,35
100,influence_mapping,2153891,0.000544723,0,true,28,28
100,influence_mapping,2153892,0.000544723,0,true,15,15
100,influence_mapping,2153893,0.000544723,0,true,54,54
100,influence_mapping,2153894,0.000544723,0,true,16,16
100,influence_mapping,2153895,0.000544723,0,true,12,12
100,influence_mapping,2153896,0.000544723,0,true,45,45
100,influence_mapping,2153897,0.000544723,0,true,19,19
100,influence_mapping,2153898,0.000544723,0,true,44,44
100,influence_mapping,2153899,0.000544723,0,true,21,21
100,influence_mapping,2153900,0.000544723,0,true,46,46
100,influence_mapping,2153901,0.000544723,0,true,34,34
100,influence_mapping,2153902,0.000544723,0,true,43,43
100,influence_mapping,2153903,0.000544723,0,true,13,13
100,influence_mapping,2153904,0.000544723,0,true,42,42
100,influence_mapping,2153905,0.000544723,0,true,40,40
100,influence_mapping,2153906,0.000544723,0,true,54,54
100,influence_mapping,2153907,0.000544723,0,true,26,26
100,influence_mapping,2153908,0.000544723,0,true,17,17
100,influence_mapping,2153909,0.000544723,0,true,41,41
100,influence_mapping,2153910,0.000544723,0,true,18,18
100,influence_mapping,2153911,0.000544723,0,true,31,31
100,influence_mapping,2153912,0.000544723,0,true,3,3
100,influence_mapping,2153913,0.000544723,0,true,56,56
100,influence_mapping,2153914,0.000544723,0,true,38,38
100,influence_mapping,2153915,0.000544723,0,true,9,9
100,influence_mapping,2153916,0.000544723,0,true,4,4
100,influence_mapping,2153917,0.000544723,0,true,23,23
100,influence_mapping,2153918,0.000544723,0,true,37,37
100,influence_mapping,2153919,0.000544723,0,true,8,8
100,influence_mapping,2153920,0.000544723,0,true,22,22
100,influence_mapping,2153921,0.000544723,0,true,27,27
100,influence_mapping,2153922,0.000544723,0,true,61,61
100,influence_mapping,2153923,0.000544723,0,true,7,7
100,influence_mapping,2153924,0.000544723,0,true,3,3
100,influence_mapping,2153925,0.000544723,0,true,50,50
100,influence_mapping,2153926,0.000544723,0,true,31,31
100,influence_mapping,2153927,0.000544723,0,true,27,27
100,influence_mapping,2153928,0.000544723,0,true,60,60
100,influence_mapping,2153929,0.000544723,0,true,51,51
100,influence_mapping,2153930,0.000544723,0,true,1,1
100,influence_mapping,2153931,0.000544723,0,true,58,58
100,influence_mapping,2153932,0.000544723,0,true,16,16
100,influence_mapping,2153933,0.000544723,0,true,10,10
100,influence_mapping,2153934,0.000544723,0,true,2,2
100,influence_mapping,2153935,0.000544723,0,true,62,62
100,influence_mapping,2153936,0.000544723,0,true,56,56
100,influence_mapping,2153937,0.000544723,0,true,59,59
100,influence_mapping,2153938,0.000544723,0,true,11,11
100,influence_mapping,2153939,0.000544723,0,true,49,49
100,influence_mapping,2153940,0.000544723,0,true,57,57
100,influence_mapping,2153941,0.000544723,0,true,53,53
100,influence_mapping,2153942,0.000544723,0,true,5,5
100,influence_mapping,2153943,0.000544723,0,true,19,19
100,influence_mapping,2153944,0.000544723,0,true,4,4
100,influence_mapping,2153945,0.000544723,0,true,55,55
100,influence_mapping,2153946,0.000544723,0,true,41,41
100,influence_mapping,2153947,0.000544723,0,true,42,42
100,influence_mapping,2153948,0.000544723,0,true,52,52
100,influence_mapping,2153949,0.000544723,0,true,54,54
100,influence_mapping,2153950,0.000544723,0,true,40,40
100,influence_mapping,2153951,0.000544723,0,true,15,15
100,influence_mapping,2153952,0.000544723,0,true,14,14
101,residual,2153836,0.004910176,0,true,58,58
101,residual,2153854,0.004910176,0,true,11,11
101,residual,2153858,0.004910176,0,true,57,57
101,residual,2153859,0.004910176,0,true,51,51
101,residual,2153860,0.004910176,0,true,52,52
101,residual,2153861,0.004910176,0,true,32,32
101,residual,2153862,0.004910176,0,true,53,53
101,residual,2153863,0.004910176,0,true,14,14
101,residual,2153864,0.004910176,0,true,6,6
101,residual,2153865,0.004910176,0,true,55,55
101,residual,2153866,0.004910176,0,true,48,48
101,residual,2153867,0.004910176,0,true,29,29
101,residual,2153868,0.004910176,0,true,49,49
101,residual,2153869,0.004910176,0,true,24,24
101,residual,2153870,0.004910176,0,true,11,11
101,residual,2153871,0.004910176,0,true,47,47
101,residual,2153872,0.004910176,0,true,39,39
101,residual,2153873,0.004910176,0,true,61,61
101,residual,2153874,0.004910176,0,true,59,59
101,residual,2153875,0.004910176,0,true,10,10
101,residual,2153876,0.004910176,0,true,60,60
101,residual,2153877,0.004910176,0,true,62,62
101,residual,2153878,0.004910176,0,true,50,50
101,residual,2153879,0.004910176,0,true,25,25
101,residual,2153880,0.004910176,0,true,5,5
101,residual,2153881,0.004910176,0,true,7,7
101,residual,2153882,0.004910176,0,true,33,33
101,residual,2153883,0.004910176,0,true,2,2
101,residual,2153884,0.004910176,0,true,63,63
101,residual,2153886,0.004910176,0,true,30,30
101,residual,2153887,0.004910176,0,true,20,20
101,residual,2153888,0.004910176,0,true,1,1
101,residual,2153889,0.004910176,0,true,36,36
101,residual,2153890,0.004910176,0,true,35,35
101,residual,2153891,0.004910176,0,true,28,28
101,residual,2153892,0.004910176,0,true,15,15
101,residual,2153893,0.004910176,0,true,54,54
101,residual,2153894,0.004910176,0,true,16,16
101,residual,2153895,0.004910176,0,true,12,12
101,residual,2153896,0.004910176,0,true,45,45
101,residual,2153897,0.004910176,0,true,19,19
101,residual,2153898,0.004910176,0,true,44,44
101,residual,2153899,0.004910176,0,true,21,21
101,residual,2153900,0.004910176,0,true,46,46
101,residual,2153901,0.004910176,0,true,34,34
101,residual,2153902,0.004910176,0,true,43,43
101,residual,2153903,0.004910176,0,true,13,13
101,residual,2153904,0.004910176,0,true,42,42
101,residual,2153905,0.004910176,0,true,40,40
101,residual,2153906,0.004910176,0,true,54,54
101,residual,2153907,0.004910176,0,true,26,26
101,residual,2153908,0.004910176,0,true,17,17
101,residual,2153909,0.004910176,0,true,41,41
101,residual,2153910,0.004910176,0,true,18,18
101,residual,2153911,0.004910176,0,true,31,31
101,residual,2153912,0.004910176,0,true,3,3
101,residual,2153913,0.004910176,0,true,56,56
101,residual,2153914,0.004910176,0,true,38,38
101,residual,2153915,0.004910176,0,true,9,9
101,residual,2153916,0.004910176,0,true,4,4
101,residual,2153917,0.004910176,0,true,23,23
101,residual,2153918,0.004910176,0,true,37,37
101,residual,2153919,0.004910176,0,true,8,8
101,residual,2153920,0.004910176,0,true,22,22
101,residual,2153921,0.004910176,0,true,27,27
101,residual,2153922,0.004910176,0,true,61,61
101,residual,2153923,0.004910176,0,true,7,7
101,residual,2153924,0.004910176,0,true,3,3
101,residual,2153925,0.004910176,0,true,50,50
101,residual,2153926,0.004910176,0,true,31,31
101,residual,2153927,0.004910176,0,true,27,27
101,residual,2153928,0.004910176,0,true,60,60
101,residual,2153929,0.004910176,0,true,51,51
101,residual,2153930,0.004910176,0,true,1,1
101,residual,2153931,0.004910176,0,true,58,58
101,residual,2153932,0.004910176,0,true,16,16
101,residual,2153933,0.004910176,0,true,10,10
101,residual,2153934,0.004910176,0,true,2,2
101,residual,2153935,0.004910176,0,true,62,62
101,residual,2153936,0.004910176,0,true,56,56
101,residual,2153937,0.004910176,0,true,59,59
101,residual,2153938,0.004910176,0,true,11,11
101,residual,2153939,0.004910176,0,true,49,49
101,residual,2153940,0.004910176,0,true,57,57
101,residual,2153941,0.004910176,0,true,53,53
101,residual,2153942,0.004910176,0,true,5,5
101,residual,2153943,0.004910176,0,true,19,19
101,residual,2153944,0.004910176,0,true,4,4
101,residual,2153945,0.004910176,0,true,55,55
101,residual,2153946,0.004910176,0,true,41,41
101,residual,2153947,0.004910176,0,true,42,42
101,residual,2153948,0.004910176,0,true,52,52
101,residual,2153949,0.004910176,0,true,54,54
101,residual,2153950,0.004910176,0,true,40,40
101,residual,2153951,0.004910176,0,true,15,15
101,residual,2153952,0.004910176,0,true,14,14
102,nearfield_update,2153836,0.273942043,19,true,58,58
102,nearfield_update,2153854,0.273942043,0,true,11,11
102,nearfield_update,2153858,0.273942043,12,true,57,57
102,nearfield_update,2153859,0.273942043,2,true,51,51
102,nearfield_update,2153860,0.273942043,10,true,52,52
102,nearfield_update,2153861,0.273942043,22,true,32,32
102,nearfield_update,2153862,0.273942043,7,true,53,53
102,nearfield_update,2153863,0.273942043,23,true,14,14
102,nearfield_update,2153864,0.273942043,21,true,6,6
102,nearfield_update,2153865,0.273942043,2,true,55,55
102,nearfield_update,2153866,0.273942043,1,true,48,48
102,nearfield_update,2153867,0.273942043,17,true,29,29
102,nearfield_update,2153868,0.273942043,7,true,49,49
102,nearfield_update,2153869,0.273942043,18,true,24,24
102,nearfield_update,2153870,0.273942043,24,true,11,11
102,nearfield_update,2153871,0.273942043,18,true,47,47
102,nearfield_update,2153872,0.273942043,23,true,39,39
102,nearfield_update,2153873,0.273942043,14,true,61,61
102,nearfield_update,2153874,0.273942043,3,true,59,59
102,nearfield_update,2153875,0.273942043,23,true,10,10
102,nearfield_update,2153876,0.273942043,15,true,60,60
102,nearfield_update,2153877,0.273942043,2,true,62,62
102,nearfield_update,2153878,0.273942043,1,true,50,50
102,nearfield_update,2153879,0.273942043,16,true,25,25
102,nearfield_update,2153880,0.273942043,21,true,5,5
102,nearfield_update,2153881,0.273942043,20,true,7,7
102,nearfield_update,2153882,0.273942043,21,true,33,33
102,nearfield_update,2153883,0.273942043,22,true,2,2
102,nearfield_update,2153884,0.273942043,9,true,63,48
102,nearfield_update,2153886,0.273942043,17,true,30,30
102,nearfield_update,2153887,0.273942043,17,true,20,20
102,nearfield_update,2153888,0.273942043,22,true,1,1
102,nearfield_update,2153889,0.273942043,20,true,36,36
102,nearfield_update,2153890,0.273942043,21,true,35,35
102,nearfield_update,2153891,0.273942043,17,true,28,28
102,nearfield_update,2153892,0.273942043,23,true,15,15
102,nearfield_update,2153893,0.273942043,8,true,54,54
102,nearfield_update,2153894,0.273942043,18,true,16,16
102,nearfield_update,2153895,0.273942043,23,true,12,12
102,nearfield_update,2153896,0.273942043,21,true,45,45
102,nearfield_update,2153897,0.273942043,17,true,19,19
102,nearfield_update,2153898,0.273942043,21,true,44,44
102,nearfield_update,2153899,0.273942043,17,true,21,21
102,nearfield_update,2153900,0.273942043,21,true,46,46
102,nearfield_update,2153901,0.273942043,20,true,34,34
102,nearfield_update,2153902,0.273942043,20,true,43,43
102,nearfield_update,2153903,0.273942043,23,true,13,13
102,nearfield_update,2153904,0.273942043,21,true,42,42
102,nearfield_update,2153905,0.273942043,20,true,40,40
102,nearfield_update,2153906,0.273942043,8,true,54,63
102,nearfield_update,2153907,0.273942043,17,true,26,26
102,nearfield_update,2153908,0.273942043,17,true,17,17
102,nearfield_update,2153909,0.273942043,21,true,41,41
102,nearfield_update,2153910,0.273942043,17,true,18,18
102,nearfield_update,2153911,0.273942043,17,true,31,31
102,nearfield_update,2153912,0.273942043,21,true,3,3
102,nearfield_update,2153913,0.273942043,10,true,56,56
102,nearfield_update,2153914,0.273942043,22,true,38,38
102,nearfield_update,2153915,0.273942043,23,true,9,9
102,nearfield_update,2153916,0.273942043,22,true,4,4
102,nearfield_update,2153917,0.273942043,17,true,23,23
102,nearfield_update,2153918,0.273942043,21,true,37,37
102,nearfield_update,2153919,0.273942043,23,true,8,8
102,nearfield_update,2153920,0.273942043,17,true,22,22
102,nearfield_update,2153921,0.273942043,17,true,27,27
102,nearfield_update,2153922,0.273942043,0,true,61,61
102,nearfield_update,2153923,0.273942043,0,true,7,7
102,nearfield_update,2153924,0.273942043,0,true,3,3
102,nearfield_update,2153925,0.273942043,0,true,50,50
102,nearfield_update,2153926,0.273942043,0,true,31,31
102,nearfield_update,2153927,0.273942043,0,true,27,27
102,nearfield_update,2153928,0.273942043,0,true,60,60
102,nearfield_update,2153929,0.273942043,0,true,51,51
102,nearfield_update,2153930,0.273942043,0,true,1,1
102,nearfield_update,2153931,0.273942043,0,true,58,58
102,nearfield_update,2153932,0.273942043,0,true,16,16
102,nearfield_update,2153933,0.273942043,0,true,10,10
102,nearfield_update,2153934,0.273942043,0,true,2,2
102,nearfield_update,2153935,0.273942043,0,true,62,62
102,nearfield_update,2153936,0.273942043,0,true,56,56
102,nearfield_update,2153937,0.273942043,0,true,59,59
102,nearfield_update,2153938,0.273942043,0,true,11,11
102,nearfield_update,2153939,0.273942043,0,true,49,49
102,nearfield_update,2153940,0.273942043,0,true,57,57
102,nearfield_update,2153941,0.273942043,0,true,53,53
102,nearfield_update,2153942,0.273942043,0,true,5,5
102,nearfield_update,2153943,0.273942043,0,true,19,19
102,nearfield_update,2153944,0.273942043,0,true,4,4
102,nearfield_update,2153945,0.273942043,0,true,55,55
102,nearfield_update,2153946,0.273942043,0,true,41,41
102,nearfield_update,2153947,0.273942043,0,true,42,42
102,nearfield_update,2153948,0.273942043,0,true,52,52
102,nearfield_update,2153949,0.273942043,0,true,54,54
102,nearfield_update,2153950,0.273942043,0,true,40,40
102,nearfield_update,2153951,0.273942043,0,true,15,15
102,nearfield_update,2153952,0.273942043,0,true,14,14
103,fmm,2153836,0.044993345,3,true,58,58
103,fmm,2153854,0.044993345,0,true,11,11
103,fmm,2153858,0.044993345,3,true,57,57
103,fmm,2153859,0.044993345,3,true,51,49
103,fmm,2153860,0.044993345,2,true,52,52
103,fmm,2153861,0.044993345,3,true,32,32
103,fmm,2153862,0.044993345,2,true,53,59
103,fmm,2153863,0.044993345,2,true,14,14
103,fmm,2153864,0.044993345,2,true,6,6
103,fmm,2153865,0.044993345,3,true,55,55
103,fmm,2153866,0.044993345,2,true,48,48
103,fmm,2153867,0.044993345,2,true,29,29
103,fmm,2153868,0.044993345,2,true,49,50
103,fmm,2153869,0.044993345,2,true,24,24
103,fmm,2153870,0.044993345,1,true,11,11
103,fmm,2153871,0.044993345,2,true,47,47
103,fmm,2153872,0.044993345,1,true,39,39
103,fmm,2153873,0.044993345,1,true,61,61
103,fmm,2153874,0.044993345,2,true,59,60
103,fmm,2153875,0.044993345,2,true,10,10
103,fmm,2153876,0.044993345,2,true,60,62
103,fmm,2153877,0.044993345,2,true,62,63
103,fmm,2153878,0.044993345,2,true,50,51
103,fmm,2153879,0.044993345,2,true,25,25
103,fmm,2153880,0.044993345,1,true,5,5
103,fmm,2153881,0.044993345,1,true,7,7
103,fmm,2153882,0.044993345,2,true,33,33
103,fmm,2153883,0.044993345,2,true,2,2
103,fmm,2153884,0.044993345,2,true,48,54
103,fmm,2153886,0.044993345,2,true,30,30
103,fmm,2153887,0.044993345,2,true,20,20
103,fmm,2153888,0.044993345,2,true,1,1
103,fmm,2153889,0.044993345,2,true,36,36
103,fmm,2153890,0.044993345,2,true,35,35
103,fmm,2153891,0.044993345,2,true,28,28
103,fmm,2153892,0.044993345,2,true,15,15
103,fmm,2153893,0.044993345,2,true,54,56
103,fmm,2153894,0.044993345,2,true,16,16
103,fmm,2153895,0.044993345,2,true,12,12
103,fmm,2153896,0.044993345,2,true,45,45
103,fmm,2153897,0.044993345,2,true,19,19
103,fmm,2153898,0.044993345,2,true,44,44
103,fmm,2153899,0.044993345,2,true,21,21
103,fmm,2153900,0.044993345,2,true,46,46
103,fmm,2153901,0.044993345,2,true,34,34
103,fmm,2153902,0.044993345,2,true,43,43
103,fmm,2153903,0.044993345,2,true,13,13
103,fmm,2153904,0.044993345,2,true,42,42
103,fmm,2153905,0.044993345,2,true,40,40
103,fmm,2153906,0.044993345,2,true,63,56
103,fmm,2153907,0.044993345,2,true,26,26
103,fmm,2153908,0.044993345,2,true,17,17
103,fmm,2153909,0.044993345,2,true,41,41
103,fmm,2153910,0.044993345,2,true,18,18
103,fmm,2153911,0.044993345,1,true,31,31
103,fmm,2153912,0.044993345,2,true,3,3
103,fmm,2153913,0.044993345,2,true,56,53
103,fmm,2153914,0.044993345,2,true,38,38
103,fmm,2153915,0.044993345,2,true,9,9
103,fmm,2153916,0.044993345,1,true,4,4
103,fmm,2153917,0.044993345,1,true,23,23
103,fmm,2153918,0.044993345,1,true,37,37
103,fmm,2153919,0.044993345,1,true,8,8
103,fmm,2153920,0.044993345,0,true,22,22
103,fmm,2153921,0.044993345,0,true,27,27
103,fmm,2153922,0.044993345,0,true,61,61
103,fmm,2153923,0.044993345,0,true,7,7
103,fmm,2153924,0.044993345,0,true,3,3
103,fmm,2153925,0.044993345,0,true,50,50
103,fmm,2153926,0.044993345,0,true,31,31
103,fmm,2153927,0.044993345,0,true,27,27
103,fmm,2153928,0.044993345,0,true,60,60
103,fmm,2153929,0.044993345,0,true,51,51
103,fmm,2153930,0.044993345,0,true,1,1
103,fmm,2153931,0.044993345,0,true,58,58
103,fmm,2153932,0.044993345,0,true,16,16
103,fmm,2153933,0.044993345,0,true,10,10
103,fmm,2153934,0.044993345,0,true,2,2
103,fmm,2153935,0.044993345,0,true,62,62
103,fmm,2153936,0.044993345,0,true,56,56
103,fmm,2153937,0.044993345,0,true,59,59
103,fmm,2153938,0.044993345,0,true,11,11
103,fmm,2153939,0.044993345,0,true,49,49
103,fmm,2153940,0.044993345,0,true,57,57
103,fmm,2153941,0.044993345,0,true,53,53
103,fmm,2153942,0.044993345,0,true,5,5
103,fmm,2153943,0.044993345,0,true,19,19
103,fmm,2153944,0.044993345,0,true,4,4
103,fmm,2153945,0.044993345,0,true,55,55
103,fmm,2153946,0.044993345,0,true,41,41
103,fmm,2153947,0.044993345,0,true,42,42
103,fmm,2153948,0.044993345,0,true,52,52
103,fmm,2153949,0.044993345,0,true,54,54
103,fmm,2153950,0.044993345,0,true,40,40
103,fmm,2153951,0.044993345,0,true,15,15
103,fmm,2153952,0.044993345,0,true,14,14
104,influence_mapping,2153836,0.000600127,0,true,58,58
104,influence_mapping,2153854,0.000600127,0,true,11,11
104,influence_mapping,2153858,0.000600127,0,true,57,57
104,influence_mapping,2153859,0.000600127,0,true,49,49
104,influence_mapping,2153860,0.000600127,0,true,52,52
104,influence_mapping,2153861,0.000600127,0,true,32,32
104,influence_mapping,2153862,0.000600127,0,true,59,59
104,influence_mapping,2153863,0.000600127,0,true,14,14
104,influence_mapping,2153864,0.000600127,0,true,6,6
104,influence_mapping,2153865,0.000600127,0,true,55,55
104,influence_mapping,2153866,0.000600127,0,true,48,48
104,influence_mapping,2153867,0.000600127,0,true,29,29
104,influence_mapping,2153868,0.000600127,0,true,50,50
104,influence_mapping,2153869,0.000600127,0,true,24,24
104,influence_mapping,2153870,0.000600127,0,true,11,11
104,influence_mapping,2153871,0.000600127,0,true,47,47
104,influence_mapping,2153872,0.000600127,0,true,39,39
104,influence_mapping,2153873,0.000600127,0,true,61,61
104,influence_mapping,2153874,0.000600127,0,true,60,60
104,influence_mapping,2153875,0.000600127,0,true,10,10
104,influence_mapping,2153876,0.000600127,0,true,62,62
104,influence_mapping,2153877,0.000600127,0,true,63,63
104,influence_mapping,2153878,0.000600127,0,true,51,51
104,influence_mapping,2153879,0.000600127,0,true,25,25
104,influence_mapping,2153880,0.000600127,0,true,5,5
104,influence_mapping,2153881,0.000600127,0,true,7,7
104,influence_mapping,2153882,0.000600127,0,true,33,33
104,influence_mapping,2153883,0.000600127,0,true,2,2
104,influence_mapping,2153884,0.000600127,0,true,54,54
104,influence_mapping,2153886,0.000600127,0,true,30,30
104,influence_mapping,2153887,0.000600127,0,true,20,20
104,influence_mapping,2153888,0.000600127,0,true,1,1
104,influence_mapping,2153889,0.000600127,0,true,36,36
104,influence_mapping,2153890,0.000600127,0,true,35,35
104,influence_mapping,2153891,0.000600127,0,true,28,28
104,influence_mapping,2153892,0.000600127,0,true,15,15
104,influence_mapping,2153893,0.000600127,0,true,56,56
104,influence_mapping,2153894,0.000600127,0,true,16,16
104,influence_mapping,2153895,0.000600127,0,true,12,12
104,influence_mapping,2153896,0.000600127,0,true,45,45
104,influence_mapping,2153897,0.000600127,0,true,19,19
104,influence_mapping,2153898,0.000600127,0,true,44,44
104,influence_mapping,2153899,0.000600127,0,true,21,21
104,influence_mapping,2153900,0.000600127,0,true,46,46
104,influence_mapping,2153901,0.000600127,0,true,34,34
104,influence_mapping,2153902,0.000600127,0,true,43,43
104,influence_mapping,2153903,0.000600127,0,true,13,13
104,influence_mapping,2153904,0.000600127,0,true,42,42
104,influence_mapping,2153905,0.000600127,0,true,40,40
104,influence_mapping,2153906,0.000600127,0,true,56,56
104,influence_mapping,2153907,0.000600127,0,true,26,26
104,influence_mapping,2153908,0.000600127,0,true,17,17
104,influence_mapping,2153909,0.000600127,0,true,41,41
104,influence_mapping,2153910,0.000600127,0,true,18,18
104,influence_mapping,2153911,0.000600127,0,true,31,31
104,influence_mapping,2153912,0.000600127,0,true,3,3
104,influence_mapping,2153913,0.000600127,0,true,53,53
104,influence_mapping,2153914,0.000600127,0,true,38,38
104,influence_mapping,2153915,0.000600127,0,true,9,9
104,influence_mapping,2153916,0.000600127,0,true,4,4
104,influence_mapping,2153917,0.000600127,0,true,23,23
104,influence_mapping,2153918,0.000600127,0,true,37,37
104,influence_mapping,2153919,0.000600127,0,true,8,8
104,influence_mapping,2153920,0.000600127,0,true,22,22
104,influence_mapping,2153921,0.000600127,0,true,27,27
104,influence_mapping,2153922,0.000600127,0,true,61,61
104,influence_mapping,2153923,0.000600127,0,true,7,7
104,influence_mapping,2153924,0.000600127,0,true,3,3
104,influence_mapping,2153925,0.000600127,0,true,50,50
104,influence_mapping,2153926,0.000600127,0,true,31,31
104,influence_mapping,2153927,0.000600127,0,true,27,27
104,influence_mapping,2153928,0.000600127,0,true,60,60
104,influence_mapping,2153929,0.000600127,0,true,51,51
104,influence_mapping,2153930,0.000600127,0,true,1,1
104,influence_mapping,2153931,0.000600127,0,true,58,58
104,influence_mapping,2153932,0.000600127,0,true,16,16
104,influence_mapping,2153933,0.000600127,0,true,10,10
104,influence_mapping,2153934,0.000600127,0,true,2,2
104,influence_mapping,2153935,0.000600127,0,true,62,62
104,influence_mapping,2153936,0.000600127,0,true,56,56
104,influence_mapping,2153937,0.000600127,0,true,59,59
104,influence_mapping,2153938,0.000600127,0,true,11,11
104,influence_mapping,2153939,0.000600127,0,true,49,49
104,influence_mapping,2153940,0.000600127,0,true,57,57
104,influence_mapping,2153941,0.000600127,0,true,53,53
104,influence_mapping,2153942,0.000600127,0,true,5,5
104,influence_mapping,2153943,0.000600127,0,true,19,19
104,influence_mapping,2153944,0.000600127,0,true,4,4
104,influence_mapping,2153945,0.000600127,0,true,55,55
104,influence_mapping,2153946,0.000600127,0,true,41,41
104,influence_mapping,2153947,0.000600127,0,true,42,42
104,influence_mapping,2153948,0.000600127,0,true,52,52
104,influence_mapping,2153949,0.000600127,0,true,54,54
104,influence_mapping,2153950,0.000600127,0,true,40,40
104,influence_mapping,2153951,0.000600127,0,true,15,15
104,influence_mapping,2153952,0.000600127,0,true,14,14
105,residual,2153836,0.004776074,0,true,58,58
105,residual,2153854,0.004776074,0,true,11,11
105,residual,2153858,0.004776074,0,true,57,57
105,residual,2153859,0.004776074,0,true,49,49
105,residual,2153860,0.004776074,0,true,52,52
105,residual,2153861,0.004776074,0,true,32,32
105,residual,2153862,0.004776074,0,true,59,59
105,residual,2153863,0.004776074,0,true,14,14
105,residual,2153864,0.004776074,0,true,6,6
105,residual,2153865,0.004776074,0,true,55,55
105,residual,2153866,0.004776074,0,true,48,48
105,residual,2153867,0.004776074,0,true,29,29
105,residual,2153868,0.004776074,0,true,50,50
105,residual,2153869,0.004776074,0,true,24,24
105,residual,2153870,0.004776074,0,true,11,11
105,residual,2153871,0.004776074,0,true,47,47
105,residual,2153872,0.004776074,0,true,39,39
105,residual,2153873,0.004776074,0,true,61,61
105,residual,2153874,0.004776074,0,true,60,60
105,residual,2153875,0.004776074,0,true,10,10
105,residual,2153876,0.004776074,0,true,62,62
105,residual,2153877,0.004776074,0,true,63,63
105,residual,2153878,0.004776074,0,true,51,51
105,residual,2153879,0.004776074,0,true,25,25
105,residual,2153880,0.004776074,0,true,5,5
105,residual,2153881,0.004776074,0,true,7,7
105,residual,2153882,0.004776074,0,true,33,33
105,residual,2153883,0.004776074,0,true,2,2
105,residual,2153884,0.004776074,0,true,54,54
105,residual,2153886,0.004776074,0,true,30,30
105,residual,2153887,0.004776074,0,true,20,20
105,residual,2153888,0.004776074,0,true,1,1
105,residual,2153889,0.004776074,0,true,36,36
105,residual,2153890,0.004776074,0,true,35,35
105,residual,2153891,0.004776074,0,true,28,28
105,residual,2153892,0.004776074,0,true,15,15
105,residual,2153893,0.004776074,0,true,56,56
105,residual,2153894,0.004776074,0,true,16,16
105,residual,2153895,0.004776074,0,true,12,12
105,residual,2153896,0.004776074,0,true,45,45
105,residual,2153897,0.004776074,0,true,19,19
105,residual,2153898,0.004776074,0,true,44,44
105,residual,2153899,0.004776074,0,true,21,21
105,residual,2153900,0.004776074,0,true,46,46
105,residual,2153901,0.004776074,0,true,34,34
105,residual,2153902,0.004776074,0,true,43,43
105,residual,2153903,0.004776074,0,true,13,13
105,residual,2153904,0.004776074,0,true,42,42
105,residual,2153905,0.004776074,0,true,40,40
105,residual,2153906,0.004776074,0,true,56,56
105,residual,2153907,0.004776074,0,true,26,26
105,residual,2153908,0.004776074,0,true,17,17
105,residual,2153909,0.004776074,0,true,41,41
105,residual,2153910,0.004776074,0,true,18,18
105,residual,2153911,0.004776074,0,true,31,31
105,residual,2153912,0.004776074,0,true,3,3
105,residual,2153913,0.004776074,0,true,53,53
105,residual,2153914,0.004776074,0,true,38,38
105,residual,2153915,0.004776074,0,true,9,9
105,residual,2153916,0.004776074,0,true,4,4
105,residual,2153917,0.004776074,0,true,23,23
105,residual,2153918,0.004776074,0,true,37,37
105,residual,2153919,0.004776074,0,true,8,8
105,residual,2153920,0.004776074,0,true,22,22
105,residual,2153921,0.004776074,0,true,27,27
105,residual,2153922,0.004776074,0,true,61,61
105,residual,2153923,0.004776074,0,true,7,7
105,residual,2153924,0.004776074,0,true,3,3
105,residual,2153925,0.004776074,0,true,50,50
105,residual,2153926,0.004776074,0,true,31,31
105,residual,2153927,0.004776074,0,true,27,27
105,residual,2153928,0.004776074,0,true,60,60
105,residual,2153929,0.004776074,0,true,51,51
105,residual,2153930,0.004776074,0,true,1,1
105,residual,2153931,0.004776074,0,true,58,58
105,residual,2153932,0.004776074,0,true,16,16
105,residual,2153933,0.004776074,0,true,10,10
105,residual,2153934,0.004776074,0,true,2,2
105,residual,2153935,0.004776074,0,true,62,62
105,residual,2153936,0.004776074,0,true,56,56
105,residual,2153937,0.004776074,0,true,59,59
105,residual,2153938,0.004776074,0,true,11,11
105,residual,2153939,0.004776074,0,true,49,49
105,residual,2153940,0.004776074,0,true,57,57
105,residual,2153941,0.004776074,0,true,53,53
105,residual,2153942,0.004776074,0,true,5,5
105,residual,2153943,0.004776074,0,true,19,19
105,residual,2153944,0.004776074,0,true,4,4
105,residual,2153945,0.004776074,0,true,55,55
105,residual,2153946,0.004776074,0,true,41,41
105,residual,2153947,0.004776074,0,true,42,42
105,residual,2153948,0.004776074,0,true,52,52
105,residual,2153949,0.004776074,0,true,54,54
105,residual,2153950,0.004776074,0,true,40,40
105,residual,2153951,0.004776074,0,true,15,15
105,residual,2153952,0.004776074,0,true,14,14
106,nearfield_update,2153836,0.271847382,19,true,58,58
106,nearfield_update,2153854,0.271847382,0,true,11,11
106,nearfield_update,2153858,0.271847382,12,true,57,57
106,nearfield_update,2153859,0.271847382,2,true,49,49
106,nearfield_update,2153860,0.271847382,11,true,52,52
106,nearfield_update,2153861,0.271847382,23,true,32,32
106,nearfield_update,2153862,0.271847382,7,true,59,48
106,nearfield_update,2153863,0.271847382,22,true,14,14
106,nearfield_update,2153864,0.271847382,20,true,6,6
106,nearfield_update,2153865,0.271847382,1,true,55,55
106,nearfield_update,2153866,0.271847382,0,true,48,48
106,nearfield_update,2153867,0.271847382,18,true,29,29
106,nearfield_update,2153868,0.271847382,8,true,50,50
106,nearfield_update,2153869,0.271847382,18,true,24,24
106,nearfield_update,2153870,0.271847382,24,true,11,11
106,nearfield_update,2153871,0.271847382,18,true,47,47
106,nearfield_update,2153872,0.271847382,24,true,39,39
106,nearfield_update,2153873,0.271847382,14,true,61,61
106,nearfield_update,2153874,0.271847382,3,true,60,60
106,nearfield_update,2153875,0.271847382,24,true,10,10
106,nearfield_update,2153876,0.271847382,14,true,62,62
106,nearfield_update,2153877,0.271847382,1,true,63,63
106,nearfield_update,2153878,0.271847382,1,true,51,51
106,nearfield_update,2153879,0.271847382,16,true,25,25
106,nearfield_update,2153880,0.271847382,21,true,5,5
106,nearfield_update,2153881,0.271847382,20,true,7,7
106,nearfield_update,2153882,0.271847382,21,true,33,33
106,nearfield_update,2153883,0.271847382,22,true,2,2
106,nearfield_update,2153884,0.271847382,8,true,54,53
106,nearfield_update,2153886,0.271847382,17,true,30,31
106,nearfield_update,2153887,0.271847382,18,true,20,20
106,nearfield_update,2153888,0.271847382,20,true,1,16
106,nearfield_update,2153889,0.271847382,21,true,36,36
106,nearfield_update,2153890,0.271847382,20,true,35,35
106,nearfield_update,2153891,0.271847382,17,true,28,30
106,nearfield_update,2153892,0.271847382,23,true,15,15
106,nearfield_update,2153893,0.271847382,9,true,56,54
106,nearfield_update,2153894,0.271847382,17,true,16,17
106,nearfield_update,2153895,0.271847382,22,true,12,12
106,nearfield_update,2153896,0.271847382,21,true,45,45
106,nearfield_update,2153897,0.271847382,19,true,19,3
106,nearfield_update,2153898,0.271847382,21,true,44,44
106,nearfield_update,2153899,0.271847382,17,true,21,21
106,nearfield_update,2153900,0.271847382,21,true,46,46
106,nearfield_update,2153901,0.271847382,16,true,34,34
106,nearfield_update,2153902,0.271847382,21,true,43,43
106,nearfield_update,2153903,0.271847382,22,true,13,13
106,nearfield_update,2153904,0.271847382,20,true,42,42
106,nearfield_update,2153905,0.271847382,21,true,40,40
106,nearfield_update,2153906,0.271847382,10,true,56,59
106,nearfield_update,2153907,0.271847382,17,true,26,26
106,nearfield_update,2153908,0.271847382,17,true,17,18
106,nearfield_update,2153909,0.271847382,20,true,41,41
106,nearfield_update,2153910,0.271847382,17,true,18,23
106,nearfield_update,2153911,0.271847382,17,true,31,19
106,nearfield_update,2153912,0.271847382,22,true,3,1
106,nearfield_update,2153913,0.271847382,10,true,53,56
106,nearfield_update,2153914,0.271847382,20,true,38,38
106,nearfield_update,2153915,0.271847382,22,true,9,9
106,nearfield_update,2153916,0.271847382,22,true,4,4
106,nearfield_update,2153917,0.271847382,17,true,23,22
106,nearfield_update,2153918,0.271847382,21,true,37,37
106,nearfield_update,2153919,0.271847382,23,true,8,8
106,nearfield_update,2153920,0.271847382,18,true,22,28
106,nearfield_update,2153921,0.271847382,17,true,27,27
106,nearfield_update,2153922,0.271847382,0,true,61,61
106,nearfield_update,2153923,0.271847382,0,true,7,7
106,nearfield_update,2153924,0.271847382,0,true,3,3
106,nearfield_update,2153925,0.271847382,0,true,50,50
106,nearfield_update,2153926,0.271847382,0,true,31,31
106,nearfield_update,2153927,0.271847382,0,true,27,27
106,nearfield_update,2153928,0.271847382,0,true,60,60
106,nearfield_update,2153929,0.271847382,0,true,51,51
106,nearfield_update,2153930,0.271847382,0,true,1,1
106,nearfield_update,2153931,0.271847382,0,true,58,58
106,nearfield_update,2153932,0.271847382,0,true,16,16
106,nearfield_update,2153933,0.271847382,0,true,10,10
106,nearfield_update,2153934,0.271847382,0,true,2,2
106,nearfield_update,2153935,0.271847382,0,true,62,62
106,nearfield_update,2153936,0.271847382,0,true,56,56
106,nearfield_update,2153937,0.271847382,0,true,59,59
106,nearfield_update,2153938,0.271847382,0,true,11,11
106,nearfield_update,2153939,0.271847382,0,true,49,49
106,nearfield_update,2153940,0.271847382,0,true,57,57
106,nearfield_update,2153941,0.271847382,0,true,53,53
106,nearfield_update,2153942,0.271847382,0,true,5,5
106,nearfield_update,2153943,0.271847382,0,true,19,19
106,nearfield_update,2153944,0.271847382,0,true,4,4
106,nearfield_update,2153945,0.271847382,0,true,55,55
106,nearfield_update,2153946,0.271847382,0,true,41,41
106,nearfield_update,2153947,0.271847382,0,true,42,42
106,nearfield_update,2153948,0.271847382,0,true,52,52
106,nearfield_update,2153949,0.271847382,0,true,54,54
106,nearfield_update,2153950,0.271847382,0,true,40,40
106,nearfield_update,2153951,0.271847382,0,true,15,15
106,nearfield_update,2153952,0.271847382,0,true,14,14
107,fmm,2153836,0.043512846,3,true,58,58
107,fmm,2153854,0.043512846,0,true,11,11
107,fmm,2153858,0.043512846,2,true,57,57
107,fmm,2153859,0.043512846,3,true,49,60
107,fmm,2153860,0.043512846,2,true,52,51
107,fmm,2153861,0.043512846,3,true,32,32
107,fmm,2153862,0.043512846,2,true,48,48
107,fmm,2153863,0.043512846,3,true,14,14
107,fmm,2153864,0.043512846,2,true,6,6
107,fmm,2153865,0.043512846,3,true,55,55
107,fmm,2153866,0.043512846,2,true,48,54
107,fmm,2153867,0.043512846,2,true,29,29
107,fmm,2153868,0.043512846,2,true,50,50
107,fmm,2153869,0.043512846,2,true,24,24
107,fmm,2153870,0.043512846,2,true,11,11
107,fmm,2153871,0.043512846,2,true,47,47
107,fmm,2153872,0.043512846,2,true,39,39
107,fmm,2153873,0.043512846,2,true,61,61
107,fmm,2153874,0.043512846,1,true,60,59
107,fmm,2153875,0.043512846,1,true,10,10
107,fmm,2153876,0.043512846,2,true,62,62
107,fmm,2153877,0.043512846,2,true,63,63
107,fmm,2153878,0.043512846,2,true,51,52
107,fmm,2153879,0.043512846,2,true,25,25
107,fmm,2153880,0.043512846,2,true,5,5
107,fmm,2153881,0.043512846,2,true,7,7
107,fmm,2153882,0.043512846,1,true,33,33
107,fmm,2153883,0.043512846,2,true,2,2
107,fmm,2153884,0.043512846,2,true,53,53
107,fmm,2153886,0.043512846,2,true,31,31
107,fmm,2153887,0.043512846,2,true,20,20
107,fmm,2153888,0.043512846,1,true,16,16
107,fmm,2153889,0.043512846,2,true,36,36
107,fmm,2153890,0.043512846,2,true,35,35
107,fmm,2153891,0.043512846,2,true,30,30
107,fmm,2153892,0.043512846,2,true,15,15
107,fmm,2153893,0.043512846,2,true,54,56
107,fmm,2153894,0.043512846,2,true,17,17
107,fmm,2153895,0.043512846,2,true,12,12
107,fmm,2153896,0.043512846,1,true,45,45
107,fmm,2153897,0.043512846,2,true,3,3
107,fmm,2153898,0.043512846,2,true,44,44
107,fmm,2153899,0.043512846,2,true,21,21
107,fmm,2153900,0.043512846,2,true,46,46
107,fmm,2153901,0.043512846,2,true,34,34
107,fmm,2153902,0.043512846,2,true,43,43
107,fmm,2153903,0.043512846,2,true,13,13
107,fmm,2153904,0.043512846,2,true,42,42
107,fmm,2153905,0.043512846,2,true,40,40
107,fmm,2153906,0.043512846,2,true,59,49
107,fmm,2153907,0.043512846,2,true,26,26
107,fmm,2153908,0.043512846,2,true,18,18
107,fmm,2153909,0.043512846,2,true,41,41
107,fmm,2153910,0.043512846,2,true,23,23
107,fmm,2153911,0.043512846,2,true,19,19
107,fmm,2153912,0.043512846,2,true,1,1
107,fmm,2153913,0.043512846,1,true,56,52
107,fmm,2153914,0.043512846,2,true,38,38
107,fmm,2153915,0.043512846,2,true,9,9
107,fmm,2153916,0.043512846,2,true,4,4
107,fmm,2153917,0.043512846,2,true,22,22
107,fmm,2153918,0.043512846,1,true,37,37
107,fmm,2153919,0.043512846,1,true,8,8
107,fmm,2153920,0.043512846,0,true,28,28
107,fmm,2153921,0.043512846,1,true,27,27
107,fmm,2153922,0.043512846,0,true,61,61
107,fmm,2153923,0.043512846,0,true,7,7
107,fmm,2153924,0.043512846,0,true,3,3
107,fmm,2153925,0.043512846,0,true,50,50
107,fmm,2153926,0.043512846,0,true,31,31
107,fmm,2153927,0.043512846,0,true,27,27
107,fmm,2153928,0.043512846,0,true,60,60
107,fmm,2153929,0.043512846,0,true,51,51
107,fmm,2153930,0.043512846,0,true,1,1
107,fmm,2153931,0.043512846,0,true,58,58
107,fmm,2153932,0.043512846,0,true,16,16
107,fmm,2153933,0.043512846,0,true,10,10
107,fmm,2153934,0.043512846,0,true,2,2
107,fmm,2153935,0.043512846,0,true,62,62
107,fmm,2153936,0.043512846,0,true,56,56
107,fmm,2153937,0.043512846,0,true,59,59
107,fmm,2153938,0.043512846,0,true,11,11
107,fmm,2153939,0.043512846,0,true,49,49
107,fmm,2153940,0.043512846,0,true,57,57
107,fmm,2153941,0.043512846,0,true,53,53
107,fmm,2153942,0.043512846,0,true,5,5
107,fmm,2153943,0.043512846,0,true,19,19
107,fmm,2153944,0.043512846,0,true,4,4
107,fmm,2153945,0.043512846,0,true,55,55
107,fmm,2153946,0.043512846,0,true,41,41
107,fmm,2153947,0.043512846,0,true,42,42
107,fmm,2153948,0.043512846,0,true,52,52
107,fmm,2153949,0.043512846,0,true,54,54
107,fmm,2153950,0.043512846,0,true,40,40
107,fmm,2153951,0.043512846,0,true,15,15
107,fmm,2153952,0.043512846,0,true,14,14
108,influence_mapping,2153836,0.000584226,1,true,58,58
108,influence_mapping,2153854,0.000584226,0,true,11,11
108,influence_mapping,2153858,0.000584226,0,true,57,57
108,influence_mapping,2153859,0.000584226,0,true,60,60
108,influence_mapping,2153860,0.000584226,0,true,51,51
108,influence_mapping,2153861,0.000584226,0,true,32,32
108,influence_mapping,2153862,0.000584226,0,true,48,48
108,influence_mapping,2153863,0.000584226,0,true,14,14
108,influence_mapping,2153864,0.000584226,0,true,6,6
108,influence_mapping,2153865,0.000584226,0,true,55,55
108,influence_mapping,2153866,0.000584226,0,true,54,54
108,influence_mapping,2153867,0.000584226,0,true,29,29
108,influence_mapping,2153868,0.000584226,0,true,50,50
108,influence_mapping,2153869,0.000584226,0,true,24,24
108,influence_mapping,2153870,0.000584226,0,true,11,11
108,influence_mapping,2153871,0.000584226,0,true,47,47
108,influence_mapping,2153872,0.000584226,0,true,39,39
108,influence_mapping,2153873,0.000584226,0,true,61,61
108,influence_mapping,2153874,0.000584226,0,true,59,59
108,influence_mapping,2153875,0.000584226,0,true,10,10
108,influence_mapping,2153876,0.000584226,0,true,62,62
108,influence_mapping,2153877,0.000584226,0,true,63,63
108,influence_mapping,2153878,0.000584226,0,true,52,52
108,influence_mapping,2153879,0.000584226,0,true,25,25
108,influence_mapping,2153880,0.000584226,0,true,5,5
108,influence_mapping,2153881,0.000584226,0,true,7,7
108,influence_mapping,2153882,0.000584226,0,true,33,33
108,influence_mapping,2153883,0.000584226,0,true,2,2
108,influence_mapping,2153884,0.000584226,0,true,53,53
108,influence_mapping,2153886,0.000584226,0,true,31,31
108,influence_mapping,2153887,0.000584226,0,true,20,20
108,influence_mapping,2153888,0.000584226,0,true,16,16
108,influence_mapping,2153889,0.000584226,0,true,36,36
108,influence_mapping,2153890,0.000584226,0,true,35,35
108,influence_mapping,2153891,0.000584226,0,true,30,30
108,influence_mapping,2153892,0.000584226,0,true,15,15
108,influence_mapping,2153893,0.000584226,0,true,56,56
108,influence_mapping,2153894,0.000584226,0,true,17,17
108,influence_mapping,2153895,0.000584226,0,true,12,12
108,influence_mapping,2153896,0.000584226,0,true,45,45
108,influence_mapping,2153897,0.000584226,0,true,3,3
108,influence_mapping,2153898,0.000584226,0,true,44,44
108,influence_mapping,2153899,0.000584226,0,true,21,21
108,influence_mapping,2153900,0.000584226,0,true,46,46
108,influence_mapping,2153901,0.000584226,0,true,34,34
108,influence_mapping,2153902,0.000584226,0,true,43,43
108,influence_mapping,2153903,0.000584226,0,true,13,13
108,influence_mapping,2153904,0.000584226,0,true,42,42
108,influence_mapping,2153905,0.000584226,0,true,40,40
108,influence_mapping,2153906,0.000584226,0,true,49,49
108,influence_mapping,2153907,0.000584226,0,true,26,26
108,influence_mapping,2153908,0.000584226,0,true,18,18
108,influence_mapping,2153909,0.000584226,0,true,41,41
108,influence_mapping,2153910,0.000584226,0,true,23,23
108,influence_mapping,2153911,0.000584226,0,true,19,19
108,influence_mapping,2153912,0.000584226,0,true,1,1
108,influence_mapping,2153913,0.000584226,0,true,52,52
108,influence_mapping,2153914,0.000584226,0,true,38,38
108,influence_mapping,2153915,0.000584226,0,true,9,9
108,influence_mapping,2153916,0.000584226,0,true,4,4
108,influence_mapping,2153917,0.000584226,0,true,22,22
108,influence_mapping,2153918,0.000584226,0,true,37,37
108,influence_mapping,2153919,0.000584226,0,true,8,8
108,influence_mapping,2153920,0.000584226,0,true,28,28
108,influence_mapping,2153921,0.000584226,0,true,27,27
108,influence_mapping,2153922,0.000584226,0,true,61,61
108,influence_mapping,2153923,0.000584226,0,true,7,7
108,influence_mapping,2153924,0.000584226,0,true,3,3
108,influence_mapping,2153925,0.000584226,0,true,50,50
108,influence_mapping,2153926,0.000584226,0,true,31,31
108,influence_mapping,2153927,0.000584226,0,true,27,27
108,influence_mapping,2153928,0.000584226,0,true,60,60
108,influence_mapping,2153929,0.000584226,0,true,51,51
108,influence_mapping,2153930,0.000584226,0,true,1,1
108,influence_mapping,2153931,0.000584226,0,true,58,58
108,influence_mapping,2153932,0.000584226,0,true,16,16
108,influence_mapping,2153933,0.000584226,0,true,10,10
108,influence_mapping,2153934,0.000584226,0,true,2,2
108,influence_mapping,2153935,0.000584226,0,true,62,62
108,influence_mapping,2153936,0.000584226,0,true,56,56
108,influence_mapping,2153937,0.000584226,0,true,59,59
108,influence_mapping,2153938,0.000584226,0,true,11,11
108,influence_mapping,2153939,0.000584226,0,true,49,49
108,influence_mapping,2153940,0.000584226,0,true,57,57
108,influence_mapping,2153941,0.000584226,0,true,53,53
108,influence_mapping,2153942,0.000584226,0,true,5,5
108,influence_mapping,2153943,0.000584226,0,true,19,19
108,influence_mapping,2153944,0.000584226,0,true,4,4
108,influence_mapping,2153945,0.000584226,0,true,55,55
108,influence_mapping,2153946,0.000584226,0,true,41,41
108,influence_mapping,2153947,0.000584226,0,true,42,42
108,influence_mapping,2153948,0.000584226,0,true,52,52
108,influence_mapping,2153949,0.000584226,0,true,54,54
108,influence_mapping,2153950,0.000584226,0,true,40,40
108,influence_mapping,2153951,0.000584226,0,true,15,15
108,influence_mapping,2153952,0.000584226,0,true,14,14
109,residual,2153836,0.00464584,0,true,58,58
109,residual,2153854,0.00464584,0,true,11,11
109,residual,2153858,0.00464584,0,true,57,57
109,residual,2153859,0.00464584,0,true,60,60
109,residual,2153860,0.00464584,0,true,51,51
109,residual,2153861,0.00464584,0,true,32,32
109,residual,2153862,0.00464584,0,true,48,48
109,residual,2153863,0.00464584,0,true,14,14
109,residual,2153864,0.00464584,0,true,6,6
109,residual,2153865,0.00464584,0,true,55,55
109,residual,2153866,0.00464584,0,true,54,54
109,residual,2153867,0.00464584,0,true,29,29
109,residual,2153868,0.00464584,0,true,50,50
109,residual,2153869,0.00464584,0,true,24,24
109,residual,2153870,0.00464584,0,true,11,11
109,residual,2153871,0.00464584,0,true,47,47
109,residual,2153872,0.00464584,0,true,39,39
109,residual,2153873,0.00464584,0,true,61,61
109,residual,2153874,0.00464584,0,true,59,59
109,residual,2153875,0.00464584,0,true,10,10
109,residual,2153876,0.00464584,0,true,62,62
109,residual,2153877,0.00464584,0,true,63,63
109,residual,2153878,0.00464584,0,true,52,52
109,residual,2153879,0.00464584,0,true,25,25
109,residual,2153880,0.00464584,0,true,5,5
109,residual,2153881,0.00464584,0,true,7,7
109,residual,2153882,0.00464584,0,true,33,33
109,residual,2153883,0.00464584,0,true,2,2
109,residual,2153884,0.00464584,0,true,53,53
109,residual,2153886,0.00464584,0,true,31,31
109,residual,2153887,0.00464584,0,true,20,20
109,residual,2153888,0.00464584,0,true,16,16
109,residual,2153889,0.00464584,0,true,36,36
109,residual,2153890,0.00464584,0,true,35,35
109,residual,2153891,0.00464584,0,true,30,30
109,residual,2153892,0.00464584,0,true,15,15
109,residual,2153893,0.00464584,0,true,56,56
109,residual,2153894,0.00464584,0,true,17,17
109,residual,2153895,0.00464584,0,true,12,12
109,residual,2153896,0.00464584,0,true,45,45
109,residual,2153897,0.00464584,0,true,3,3
109,residual,2153898,0.00464584,0,true,44,44
109,residual,2153899,0.00464584,0,true,21,21
109,residual,2153900,0.00464584,0,true,46,46
109,residual,2153901,0.00464584,0,true,34,34
109,residual,2153902,0.00464584,0,true,43,43
109,residual,2153903,0.00464584,0,true,13,13
109,residual,2153904,0.00464584,0,true,42,42
109,residual,2153905,0.00464584,0,true,40,40
109,residual,2153906,0.00464584,0,true,49,49
109,residual,2153907,0.00464584,0,true,26,26
109,residual,2153908,0.00464584,0,true,18,18
109,residual,2153909,0.00464584,0,true,41,41
109,residual,2153910,0.00464584,0,true,23,23
109,residual,2153911,0.00464584,0,true,19,19
109,residual,2153912,0.00464584,0,true,1,1
109,residual,2153913,0.00464584,0,true,52,52
109,residual,2153914,0.00464584,0,true,38,38
109,residual,2153915,0.00464584,0,true,9,9
109,residual,2153916,0.00464584,0,true,4,4
109,residual,2153917,0.00464584,0,true,22,22
109,residual,2153918,0.00464584,0,true,37,37
109,residual,2153919,0.00464584,0,true,8,8
109,residual,2153920,0.00464584,0,true,28,28
109,residual,2153921,0.00464584,0,true,27,27
109,residual,2153922,0.00464584,0,true,61,61
109,residual,2153923,0.00464584,0,true,7,7
109,residual,2153924,0.00464584,0,true,3,3
109,residual,2153925,0.00464584,0,true,50,50
109,residual,2153926,0.00464584,0,true,31,31
109,residual,2153927,0.00464584,0,true,27,27
109,residual,2153928,0.00464584,0,true,60,60
109,residual,2153929,0.00464584,0,true,51,51
109,residual,2153930,0.00464584,0,true,1,1
109,residual,2153931,0.00464584,0,true,58,58
109,residual,2153932,0.00464584,0,true,16,16
109,residual,2153933,0.00464584,0,true,10,10
109,residual,2153934,0.00464584,0,true,2,2
109,residual,2153935,0.00464584,0,true,62,62
109,residual,2153936,0.00464584,0,true,56,56
109,residual,2153937,0.00464584,0,true,59,59
109,residual,2153938,0.00464584,0,true,11,11
109,residual,2153939,0.00464584,0,true,49,49
109,residual,2153940,0.00464584,0,true,57,57
109,residual,2153941,0.00464584,0,true,53,53
109,residual,2153942,0.00464584,0,true,5,5
109,residual,2153943,0.00464584,0,true,19,19
109,residual,2153944,0.00464584,0,true,4,4
109,residual,2153945,0.00464584,0,true,55,55
109,residual,2153946,0.00464584,0,true,41,41
109,residual,2153947,0.00464584,0,true,42,42
109,residual,2153948,0.00464584,0,true,52,52
109,residual,2153949,0.00464584,0,true,54,54
109,residual,2153950,0.00464584,0,true,40,40
109,residual,2153951,0.00464584,0,true,15,15
109,residual,2153952,0.00464584,0,true,14,14
110,nearfield_update,2153836,0.271740182,17,true,58,58
110,nearfield_update,2153854,0.271740182,0,true,11,11
110,nearfield_update,2153858,0.271740182,12,true,57,57
110,nearfield_update,2153859,0.271740182,3,true,60,60
110,nearfield_update,2153860,0.271740182,11,true,51,51
110,nearfield_update,2153861,0.271740182,23,true,32,32
110,nearfield_update,2153862,0.271740182,7,true,48,48
110,nearfield_update,2153863,0.271740182,22,true,14,14
110,nearfield_update,2153864,0.271740182,20,true,6,6
110,nearfield_update,2153865,0.271740182,1,true,55,55
110,nearfield_update,2153866,0.271740182,1,true,54,54
110,nearfield_update,2153867,0.271740182,18,true,29,29
110,nearfield_update,2153868,0.271740182,8,true,50,50
110,nearfield_update,2153869,0.271740182,17,true,24,24
110,nearfield_update,2153870,0.271740182,24,true,11,11
110,nearfield_update,2153871,0.271740182,18,true,47,47
110,nearfield_update,2153872,0.271740182,23,true,39,39
110,nearfield_update,2153873,0.271740182,13,true,61,61
110,nearfield_update,2153874,0.271740182,3,true,59,59
110,nearfield_update,2153875,0.271740182,24,true,10,10
110,nearfield_update,2153876,0.271740182,14,true,62,62
110,nearfield_update,2153877,0.271740182,1,true,63,63
110,nearfield_update,2153878,0.271740182,1,true,52,52
110,nearfield_update,2153879,0.271740182,16,true,25,25
110,nearfield_update,2153880,0.271740182,20,true,5,5
110,nearfield_update,2153881,0.271740182,20,true,7,7
110,nearfield_update,2153882,0.271740182,21,true,33,33
110,nearfield_update,2153883,0.271740182,21,true,2,2
110,nearfield_update,2153884,0.271740182,9,true,53,54
110,nearfield_update,2153886,0.271740182,17,true,31,31
110,nearfield_update,2153887,0.271740182,17,true,20,20
110,nearfield_update,2153888,0.271740182,18,true,16,16
110,nearfield_update,2153889,0.271740182,21,true,36,36
110,nearfield_update,2153890,0.271740182,22,true,35,35
110,nearfield_update,2153891,0.271740182,18,true,30,30
110,nearfield_update,2153892,0.271740182,22,true,15,15
110,nearfield_update,2153893,0.271740182,9,true,56,56
110,nearfield_update,2153894,0.271740182,18,true,17,17
110,nearfield_update,2153895,0.271740182,23,true,12,12
110,nearfield_update,2153896,0.271740182,21,true,45,45
110,nearfield_update,2153897,0.271740182,21,true,3,3
110,nearfield_update,2153898,0.271740182,21,true,44,44
110,nearfield_update,2153899,0.271740182,18,true,21,21
110,nearfield_update,2153900,0.271740182,20,true,46,46
110,nearfield_update,2153901,0.271740182,21,true,34,34
110,nearfield_update,2153902,0.271740182,20,true,43,43
110,nearfield_update,2153903,0.271740182,24,true,13,13
110,nearfield_update,2153904,0.271740182,21,true,42,42
110,nearfield_update,2153905,0.271740182,21,true,40,40
110,nearfield_update,2153906,0.271740182,9,true,49,49
110,nearfield_update,2153907,0.271740182,18,true,26,26
110,nearfield_update,2153908,0.271740182,17,true,18,18
110,nearfield_update,2153909,0.271740182,21,true,41,41
110,nearfield_update,2153910,0.271740182,18,true,23,23
110,nearfield_update,2153911,0.271740182,17,true,19,19
110,nearfield_update,2153912,0.271740182,21,true,1,1
110,nearfield_update,2153913,0.271740182,9,true,52,53
110,nearfield_update,2153914,0.271740182,21,true,38,38
110,nearfield_update,2153915,0.271740182,23,true,9,9
110,nearfield_update,2153916,0.271740182,21,true,4,4
110,nearfield_update,2153917,0.271740182,17,true,22,22
110,nearfield_update,2153918,0.271740182,21,true,37,37
110,nearfield_update,2153919,0.271740182,23,true,8,8
110,nearfield_update,2153920,0.271740182,17,true,28,28
110,nearfield_update,2153921,0.271740182,18,true,27,27
110,nearfield_update,2153922,0.271740182,0,true,61,61
110,nearfield_update,2153923,0.271740182,0,true,7,7
110,nearfield_update,2153924,0.271740182,0,true,3,3
110,nearfield_update,2153925,0.271740182,0,true,50,50
110,nearfield_update,2153926,0.271740182,0,true,31,31
110,nearfield_update,2153927,0.271740182,0,true,27,27
110,nearfield_update,2153928,0.271740182,0,true,60,60
110,nearfield_update,2153929,0.271740182,0,true,51,51
110,nearfield_update,2153930,0.271740182,0,true,1,1
110,nearfield_update,2153931,0.271740182,0,true,58,58
110,nearfield_update,2153932,0.271740182,0,true,16,16
110,nearfield_update,2153933,0.271740182,0,true,10,10
110,nearfield_update,2153934,0.271740182,0,true,2,2
110,nearfield_update,2153935,0.271740182,0,true,62,62
110,nearfield_update,2153936,0.271740182,0,true,56,56
110,nearfield_update,2153937,0.271740182,0,true,59,59
110,nearfield_update,2153938,0.271740182,0,true,11,11
110,nearfield_update,2153939,0.271740182,0,true,49,49
110,nearfield_update,2153940,0.271740182,0,true,57,57
110,nearfield_update,2153941,0.271740182,0,true,53,53
110,nearfield_update,2153942,0.271740182,0,true,5,5
110,nearfield_update,2153943,0.271740182,0,true,19,19
110,nearfield_update,2153944,0.271740182,0,true,4,4
110,nearfield_update,2153945,0.271740182,0,true,55,55
110,nearfield_update,2153946,0.271740182,0,true,41,41
110,nearfield_update,2153947,0.271740182,0,true,42,42
110,nearfield_update,2153948,0.271740182,0,true,52,52
110,nearfield_update,2153949,0.271740182,0,true,54,54
110,nearfield_update,2153950,0.271740182,0,true,40,40
110,nearfield_update,2153951,0.271740182,0,true,15,15
110,nearfield_update,2153952,0.271740182,0,true,14,14
111,fmm,2153836,0.043635076,4,true,58,58
111,fmm,2153854,0.043635076,0,true,11,11
111,fmm,2153858,0.043635076,2,true,57,59
111,fmm,2153859,0.043635076,2,true,60,61
111,fmm,2153860,0.043635076,2,true,51,52
111,fmm,2153861,0.043635076,3,true,32,32
111,fmm,2153862,0.043635076,2,true,48,48
111,fmm,2153863,0.043635076,2,true,14,14
111,fmm,2153864,0.043635076,2,true,6,6
111,fmm,2153865,0.043635076,3,true,55,49
111,fmm,2153866,0.043635076,2,true,54,54
111,fmm,2153867,0.043635076,3,true,29,29
111,fmm,2153868,0.043635076,2,true,50,50
111,fmm,2153869,0.043635076,2,true,24,24
111,fmm,2153870,0.043635076,2,true,11,11
111,fmm,2153871,0.043635076,2,true,47,47
111,fmm,2153872,0.043635076,2,true,39,39
111,fmm,2153873,0.043635076,2,true,61,56
111,fmm,2153874,0.043635076,2,true,59,62
111,fmm,2153875,0.043635076,2,true,10,10
111,fmm,2153876,0.043635076,2,true,62,63
111,fmm,2153877,0.043635076,2,true,63,57
111,fmm,2153878,0.043635076,2,true,52,51
111,fmm,2153879,0.043635076,2,true,25,25
111,fmm,2153880,0.043635076,2,true,5,5
111,fmm,2153881,0.043635076,2,true,7,7
111,fmm,2153882,0.043635076,2,true,33,33
111,fmm,2153883,0.043635076,2,true,2,2
111,fmm,2153884,0.043635076,2,true,54,53
111,fmm,2153886,0.043635076,2,true,31,31
111,fmm,2153887,0.043635076,2,true,20,20
111,fmm,2153888,0.043635076,2,true,16,16
111,fmm,2153889,0.043635076,2,true,36,36
111,fmm,2153890,0.043635076,2,true,35,35
111,fmm,2153891,0.043635076,2,true,30,30
111,fmm,2153892,0.043635076,2,true,15,15
111,fmm,2153893,0.043635076,2,true,56,60
111,fmm,2153894,0.043635076,2,true,17,17
111,fmm,2153895,0.043635076,2,true,12,12
111,fmm,2153896,0.043635076,2,true,45,45
111,fmm,2153897,0.043635076,2,true,3,3
111,fmm,2153898,0.043635076,2,true,44,44
111,fmm,2153899,0.043635076,1,true,21,21
111,fmm,2153900,0.043635076,2,true,46,46
111,fmm,2153901,0.043635076,2,true,34,34
111,fmm,2153902,0.043635076,2,true,43,43
111,fmm,2153903,0.043635076,2,true,13,13
111,fmm,2153904,0.043635076,2,true,42,42
111,fmm,2153905,0.043635076,2,true,40,40
111,fmm,2153906,0.043635076,2,true,49,55
111,fmm,2153907,0.043635076,2,true,26,26
111,fmm,2153908,0.043635076,2,true,18,18
111,fmm,2153909,0.043635076,2,true,41,41
111,fmm,2153910,0.043635076,2,true,23,23
111,fmm,2153911,0.043635076,2,true,19,19
111,fmm,2153912,0.043635076,2,true,1,1
111,fmm,2153913,0.043635076,2,true,53,51
111,fmm,2153914,0.043635076,2,true,38,38
111,fmm,2153915,0.043635076,1,true,9,9
111,fmm,2153916,0.043635076,1,true,4,4
111,fmm,2153917,0.043635076,1,true,22,22
111,fmm,2153918,0.043635076,1,true,37,37
111,fmm,2153919,0.043635076,1,true,8,8
111,fmm,2153920,0.043635076,1,true,28,28
111,fmm,2153921,0.043635076,0,true,27,27
111,fmm,2153922,0.043635076,0,true,61,61
111,fmm,2153923,0.043635076,0,true,7,7
111,fmm,2153924,0.043635076,0,true,3,3
111,fmm,2153925,0.043635076,0,true,50,50
111,fmm,2153926,0.043635076,0,true,31,31
111,fmm,2153927,0.043635076,0,true,27,27
111,fmm,2153928,0.043635076,0,true,60,60
111,fmm,2153929,0.043635076,0,true,51,51
111,fmm,2153930,0.043635076,0,true,1,1
111,fmm,2153931,0.043635076,0,true,58,58
111,fmm,2153932,0.043635076,0,true,16,16
111,fmm,2153933,0.043635076,0,true,10,10
111,fmm,2153934,0.043635076,0,true,2,2
111,fmm,2153935,0.043635076,0,true,62,62
111,fmm,2153936,0.043635076,0,true,56,56
111,fmm,2153937,0.043635076,0,true,59,59
111,fmm,2153938,0.043635076,0,true,11,11
111,fmm,2153939,0.043635076,0,true,49,49
111,fmm,2153940,0.043635076,0,true,57,57
111,fmm,2153941,0.043635076,0,true,53,53
111,fmm,2153942,0.043635076,0,true,5,5
111,fmm,2153943,0.043635076,0,true,19,19
111,fmm,2153944,0.043635076,0,true,4,4
111,fmm,2153945,0.043635076,0,true,55,55
111,fmm,2153946,0.043635076,0,true,41,41
111,fmm,2153947,0.043635076,0,true,42,42
111,fmm,2153948,0.043635076,0,true,52,52
111,fmm,2153949,0.043635076,0,true,54,54
111,fmm,2153950,0.043635076,0,true,40,40
111,fmm,2153951,0.043635076,0,true,15,15
111,fmm,2153952,0.043635076,0,true,14,14
112,influence_mapping,2153836,0.000696026,0,true,58,58
112,influence_mapping,2153854,0.000696026,0,true,11,11
112,influence_mapping,2153858,0.000696026,0,true,59,59
112,influence_mapping,2153859,0.000696026,0,true,61,61
112,influence_mapping,2153860,0.000696026,0,true,52,52
112,influence_mapping,2153861,0.000696026,0,true,32,32
112,influence_mapping,2153862,0.000696026,0,true,48,48
112,influence_mapping,2153863,0.000696026,0,true,14,14
112,influence_mapping,2153864,0.000696026,0,true,6,6
112,influence_mapping,2153865,0.000696026,0,true,49,49
112,influence_mapping,2153866,0.000696026,0,true,54,54
112,influence_mapping,2153867,0.000696026,0,true,29,29
112,influence_mapping,2153868,0.000696026,0,true,50,50
112,influence_mapping,2153869,0.000696026,0,true,24,24
112,influence_mapping,2153870,0.000696026,0,true,11,11
112,influence_mapping,2153871,0.000696026,0,true,47,47
112,influence_mapping,2153872,0.000696026,0,true,39,39
112,influence_mapping,2153873,0.000696026,0,true,56,56
112,influence_mapping,2153874,0.000696026,0,true,62,62
112,influence_mapping,2153875,0.000696026,0,true,10,10
112,influence_mapping,2153876,0.000696026,0,true,63,63
112,influence_mapping,2153877,0.000696026,0,true,57,57
112,influence_mapping,2153878,0.000696026,0,true,51,51
112,influence_mapping,2153879,0.000696026,0,true,25,25
112,influence_mapping,2153880,0.000696026,0,true,5,5
112,influence_mapping,2153881,0.000696026,0,true,7,7
112,influence_mapping,2153882,0.000696026,0,true,33,33
112,influence_mapping,2153883,0.000696026,0,true,2,2
112,influence_mapping,2153884,0.000696026,0,true,53,53
112,influence_mapping,2153886,0.000696026,0,true,31,31
112,influence_mapping,2153887,0.000696026,0,true,20,20
112,influence_mapping,2153888,0.000696026,0,true,16,16
112,influence_mapping,2153889,0.000696026,0,true,36,36
112,influence_mapping,2153890,0.000696026,0,true,35,35
112,influence_mapping,2153891,0.000696026,0,true,30,30
112,influence_mapping,2153892,0.000696026,0,true,15,15
112,influence_mapping,2153893,0.000696026,0,true,60,60
112,influence_mapping,2153894,0.000696026,0,true,17,17
112,influence_mapping,2153895,0.000696026,0,true,12,12
112,influence_mapping,2153896,0.000696026,0,true,45,45
112,influence_mapping,2153897,0.000696026,0,true,3,3
112,influence_mapping,2153898,0.000696026,0,true,44,44
112,influence_mapping,2153899,0.000696026,0,true,21,21
112,influence_mapping,2153900,0.000696026,0,true,46,46
112,influence_mapping,2153901,0.000696026,0,true,34,34
112,influence_mapping,2153902,0.000696026,0,true,43,43
112,influence_mapping,2153903,0.000696026,0,true,13,13
112,influence_mapping,2153904,0.000696026,0,true,42,42
112,influence_mapping,2153905,0.000696026,0,true,40,40
112,influence_mapping,2153906,0.000696026,0,true,55,55
112,influence_mapping,2153907,0.000696026,0,true,26,26
112,influence_mapping,2153908,0.000696026,0,true,18,18
112,influence_mapping,2153909,0.000696026,0,true,41,41
112,influence_mapping,2153910,0.000696026,0,true,23,23
112,influence_mapping,2153911,0.000696026,0,true,19,19
112,influence_mapping,2153912,0.000696026,0,true,1,1
112,influence_mapping,2153913,0.000696026,0,true,51,51
112,influence_mapping,2153914,0.000696026,0,true,38,38
112,influence_mapping,2153915,0.000696026,0,true,9,9
112,influence_mapping,2153916,0.000696026,0,true,4,4
112,influence_mapping,2153917,0.000696026,0,true,22,22
112,influence_mapping,2153918,0.000696026,0,true,37,37
112,influence_mapping,2153919,0.000696026,0,true,8,8
112,influence_mapping,2153920,0.000696026,0,true,28,28
112,influence_mapping,2153921,0.000696026,0,true,27,27
112,influence_mapping,2153922,0.000696026,0,true,61,61
112,influence_mapping,2153923,0.000696026,0,true,7,7
112,influence_mapping,2153924,0.000696026,0,true,3,3
112,influence_mapping,2153925,0.000696026,0,true,50,50
112,influence_mapping,2153926,0.000696026,0,true,31,31
112,influence_mapping,2153927,0.000696026,0,true,27,27
112,influence_mapping,2153928,0.000696026,0,true,60,60
112,influence_mapping,2153929,0.000696026,0,true,51,51
112,influence_mapping,2153930,0.000696026,0,true,1,1
112,influence_mapping,2153931,0.000696026,0,true,58,58
112,influence_mapping,2153932,0.000696026,0,true,16,16
112,influence_mapping,2153933,0.000696026,0,true,10,10
112,influence_mapping,2153934,0.000696026,0,true,2,2
112,influence_mapping,2153935,0.000696026,0,true,62,62
112,influence_mapping,2153936,0.000696026,0,true,56,56
112,influence_mapping,2153937,0.000696026,0,true,59,59
112,influence_mapping,2153938,0.000696026,0,true,11,11
112,influence_mapping,2153939,0.000696026,0,true,49,49
112,influence_mapping,2153940,0.000696026,0,true,57,57
112,influence_mapping,2153941,0.000696026,0,true,53,53
112,influence_mapping,2153942,0.000696026,0,true,5,5
112,influence_mapping,2153943,0.000696026,0,true,19,19
112,influence_mapping,2153944,0.000696026,0,true,4,4
112,influence_mapping,2153945,0.000696026,0,true,55,55
112,influence_mapping,2153946,0.000696026,0,true,41,41
112,influence_mapping,2153947,0.000696026,0,true,42,42
112,influence_mapping,2153948,0.000696026,0,true,52,52
112,influence_mapping,2153949,0.000696026,0,true,54,54
112,influence_mapping,2153950,0.000696026,0,true,40,40
112,influence_mapping,2153951,0.000696026,0,true,15,15
112,influence_mapping,2153952,0.000696026,0,true,14,14
113,residual,2153836,0.005267155,0,true,58,58
113,residual,2153854,0.005267155,0,true,11,11
113,residual,2153858,0.005267155,0,true,59,59
113,residual,2153859,0.005267155,0,true,61,61
113,residual,2153860,0.005267155,0,true,52,52
113,residual,2153861,0.005267155,0,true,32,32
113,residual,2153862,0.005267155,0,true,48,48
113,residual,2153863,0.005267155,0,true,14,14
113,residual,2153864,0.005267155,0,true,6,6
113,residual,2153865,0.005267155,0,true,49,49
113,residual,2153866,0.005267155,0,true,54,54
113,residual,2153867,0.005267155,0,true,29,29
113,residual,2153868,0.005267155,0,true,50,50
113,residual,2153869,0.005267155,0,true,24,24
113,residual,2153870,0.005267155,0,true,11,11
113,residual,2153871,0.005267155,0,true,47,47
113,residual,2153872,0.005267155,0,true,39,39
113,residual,2153873,0.005267155,0,true,56,56
113,residual,2153874,0.005267155,0,true,62,62
113,residual,2153875,0.005267155,0,true,10,10
113,residual,2153876,0.005267155,0,true,63,63
113,residual,2153877,0.005267155,0,true,57,57
113,residual,2153878,0.005267155,0,true,51,51
113,residual,2153879,0.005267155,0,true,25,25
113,residual,2153880,0.005267155,0,true,5,5
113,residual,2153881,0.005267155,0,true,7,7
113,residual,2153882,0.005267155,0,true,33,33
113,residual,2153883,0.005267155,0,true,2,2
113,residual,2153884,0.005267155,0,true,53,53
113,residual,2153886,0.005267155,0,true,31,31
113,residual,2153887,0.005267155,0,true,20,20
113,residual,2153888,0.005267155,0,true,16,16
113,residual,2153889,0.005267155,0,true,36,36
113,residual,2153890,0.005267155,0,true,35,35
113,residual,2153891,0.005267155,0,true,30,30
113,residual,2153892,0.005267155,0,true,15,15
113,residual,2153893,0.005267155,0,true,60,60
113,residual,2153894,0.005267155,0,true,17,17
113,residual,2153895,0.005267155,0,true,12,12
113,residual,2153896,0.005267155,0,true,45,45
113,residual,2153897,0.005267155,0,true,3,3
113,residual,2153898,0.005267155,0,true,44,44
113,residual,2153899,0.005267155,0,true,21,21
113,residual,2153900,0.005267155,0,true,46,46
113,residual,2153901,0.005267155,0,true,34,34
113,residual,2153902,0.005267155,0,true,43,43
113,residual,2153903,0.005267155,0,true,13,13
113,residual,2153904,0.005267155,0,true,42,42
113,residual,2153905,0.005267155,0,true,40,40
113,residual,2153906,0.005267155,0,true,55,55
113,residual,2153907,0.005267155,0,true,26,26
113,residual,2153908,0.005267155,0,true,18,18
113,residual,2153909,0.005267155,0,true,41,41
113,residual,2153910,0.005267155,0,true,23,23
113,residual,2153911,0.005267155,0,true,19,19
113,residual,2153912,0.005267155,0,true,1,1
113,residual,2153913,0.005267155,0,true,51,51
113,residual,2153914,0.005267155,0,true,38,38
113,residual,2153915,0.005267155,0,true,9,9
113,residual,2153916,0.005267155,0,true,4,4
113,residual,2153917,0.005267155,0,true,22,22
113,residual,2153918,0.005267155,0,true,37,37
113,residual,2153919,0.005267155,0,true,8,8
113,residual,2153920,0.005267155,0,true,28,28
113,residual,2153921,0.005267155,0,true,27,27
113,residual,2153922,0.005267155,0,true,61,61
113,residual,2153923,0.005267155,0,true,7,7
113,residual,2153924,0.005267155,0,true,3,3
113,residual,2153925,0.005267155,0,true,50,50
113,residual,2153926,0.005267155,0,true,31,31
113,residual,2153927,0.005267155,0,true,27,27
113,residual,2153928,0.005267155,0,true,60,60
113,residual,2153929,0.005267155,0,true,51,51
113,residual,2153930,0.005267155,0,true,1,1
113,residual,2153931,0.005267155,0,true,58,58
113,residual,2153932,0.005267155,0,true,16,16
113,residual,2153933,0.005267155,0,true,10,10
113,residual,2153934,0.005267155,0,true,2,2
113,residual,2153935,0.005267155,0,true,62,62
113,residual,2153936,0.005267155,0,true,56,56
113,residual,2153937,0.005267155,0,true,59,59
113,residual,2153938,0.005267155,0,true,11,11
113,residual,2153939,0.005267155,0,true,49,49
113,residual,2153940,0.005267155,0,true,57,57
113,residual,2153941,0.005267155,0,true,53,53
113,residual,2153942,0.005267155,0,true,5,5
113,residual,2153943,0.005267155,0,true,19,19
113,residual,2153944,0.005267155,0,true,4,4
113,residual,2153945,0.005267155,0,true,55,55
113,residual,2153946,0.005267155,0,true,41,41
113,residual,2153947,0.005267155,0,true,42,42
113,residual,2153948,0.005267155,0,true,52,52
113,residual,2153949,0.005267155,0,true,54,54
113,residual,2153950,0.005267155,0,true,40,40
113,residual,2153951,0.005267155,0,true,15,15
113,residual,2153952,0.005267155,0,true,14,14
114,nearfield_update,2153836,0.274131239,18,true,58,58
114,nearfield_update,2153854,0.274131239,0,true,11,11
114,nearfield_update,2153858,0.274131239,12,true,59,59
114,nearfield_update,2153859,0.274131239,3,true,61,61
114,nearfield_update,2153860,0.274131239,11,true,52,52
114,nearfield_update,2153861,0.274131239,23,true,32,40
114,nearfield_update,2153862,0.274131239,7,true,48,48
114,nearfield_update,2153863,0.274131239,23,true,14,14
114,nearfield_update,2153864,0.274131239,21,true,6,6
114,nearfield_update,2153865,0.274131239,1,true,49,49
114,nearfield_update,2153866,0.274131239,1,true,54,54
114,nearfield_update,2153867,0.274131239,18,true,29,29
114,nearfield_update,2153868,0.274131239,8,true,50,55
114,nearfield_update,2153869,0.274131239,18,true,24,24
114,nearfield_update,2153870,0.274131239,24,true,11,11
114,nearfield_update,2153871,0.274131239,18,true,47,47
114,nearfield_update,2153872,0.274131239,23,true,39,39
114,nearfield_update,2153873,0.274131239,13,true,56,56
114,nearfield_update,2153874,0.274131239,3,true,62,62
114,nearfield_update,2153875,0.274131239,24,true,10,10
114,nearfield_update,2153876,0.274131239,14,true,63,63
114,nearfield_update,2153877,0.274131239,2,true,57,57
114,nearfield_update,2153878,0.274131239,1,true,51,51
114,nearfield_update,2153879,0.274131239,16,true,25,25
114,nearfield_update,2153880,0.274131239,21,true,5,5
114,nearfield_update,2153881,0.274131239,19,true,7,7
114,nearfield_update,2153882,0.274131239,21,true,33,33
114,nearfield_update,2153883,0.274131239,22,true,2,2
114,nearfield_update,2153884,0.274131239,10,true,53,53
114,nearfield_update,2153886,0.274131239,17,true,31,31
114,nearfield_update,2153887,0.274131239,17,true,20,20
114,nearfield_update,2153888,0.274131239,17,true,16,16
114,nearfield_update,2153889,0.274131239,21,true,36,36
114,nearfield_update,2153890,0.274131239,21,true,35,35
114,nearfield_update,2153891,0.274131239,17,true,30,30
114,nearfield_update,2153892,0.274131239,23,true,15,15
114,nearfield_update,2153893,0.274131239,9,true,60,60
114,nearfield_update,2153894,0.274131239,17,true,17,17
114,nearfield_update,2153895,0.274131239,23,true,12,12
114,nearfield_update,2153896,0.274131239,21,true,45,45
114,nearfield_update,2153897,0.274131239,23,true,3,3
114,nearfield_update,2153898,0.274131239,20,true,44,44
114,nearfield_update,2153899,0.274131239,18,true,21,21
114,nearfield_update,2153900,0.274131239,20,true,46,46
114,nearfield_update,2153901,0.274131239,20,true,34,34
114,nearfield_update,2153902,0.274131239,21,true,43,43
114,nearfield_update,2153903,0.274131239,23,true,13,13
114,nearfield_update,2153904,0.274131239,21,true,42,42
114,nearfield_update,2153905,0.274131239,21,true,40,40
114,nearfield_update,2153906,0.274131239,9,true,55,50
114,nearfield_update,2153907,0.274131239,17,true,26,26
114,nearfield_update,2153908,0.274131239,17,true,18,18
114,nearfield_update,2153909,0.274131239,21,true,41,41
114,nearfield_update,2153910,0.274131239,17,true,23,23
114,nearfield_update,2153911,0.274131239,17,true,19,19
114,nearfield_update,2153912,0.274131239,22,true,1,1
114,nearfield_update,2153913,0.274131239,9,true,51,54
114,nearfield_update,2153914,0.274131239,21,true,38,38
114,nearfield_update,2153915,0.274131239,23,true,9,9
114,nearfield_update,2153916,0.274131239,23,true,4,4
114,nearfield_update,2153917,0.274131239,18,true,22,22
114,nearfield_update,2153918,0.274131239,21,true,37,37
114,nearfield_update,2153919,0.274131239,24,true,8,8
114,nearfield_update,2153920,0.274131239,17,true,28,28
114,nearfield_update,2153921,0.274131239,17,true,27,27
114,nearfield_update,2153922,0.274131239,0,true,61,61
114,nearfield_update,2153923,0.274131239,0,true,7,7
114,nearfield_update,2153924,0.274131239,0,true,3,3
114,nearfield_update,2153925,0.274131239,0,true,50,50
114,nearfield_update,2153926,0.274131239,0,true,31,31
114,nearfield_update,2153927,0.274131239,0,true,27,27
114,nearfield_update,2153928,0.274131239,0,true,60,60
114,nearfield_update,2153929,0.274131239,0,true,51,51
114,nearfield_update,2153930,0.274131239,0,true,1,1
114,nearfield_update,2153931,0.274131239,0,true,58,58
114,nearfield_update,2153932,0.274131239,0,true,16,16
114,nearfield_update,2153933,0.274131239,0,true,10,10
114,nearfield_update,2153934,0.274131239,0,true,2,2
114,nearfield_update,2153935,0.274131239,0,true,62,62
114,nearfield_update,2153936,0.274131239,0,true,56,56
114,nearfield_update,2153937,0.274131239,0,true,59,59
114,nearfield_update,2153938,0.274131239,0,true,11,11
114,nearfield_update,2153939,0.274131239,0,true,49,49
114,nearfield_update,2153940,0.274131239,0,true,57,57
114,nearfield_update,2153941,0.274131239,0,true,53,53
114,nearfield_update,2153942,0.274131239,0,true,5,5
114,nearfield_update,2153943,0.274131239,0,true,19,19
114,nearfield_update,2153944,0.274131239,0,true,4,4
114,nearfield_update,2153945,0.274131239,0,true,55,55
114,nearfield_update,2153946,0.274131239,0,true,41,41
114,nearfield_update,2153947,0.274131239,0,true,42,42
114,nearfield_update,2153948,0.274131239,0,true,52,52
114,nearfield_update,2153949,0.274131239,0,true,54,54
114,nearfield_update,2153950,0.274131239,0,true,40,40
114,nearfield_update,2153951,0.274131239,0,true,15,15
114,nearfield_update,2153952,0.274131239,0,true,14,14
115,fmm,2153836,0.043313172,3,true,58,58
115,fmm,2153854,0.043313172,0,true,11,11
115,fmm,2153858,0.043313172,2,true,59,57
115,fmm,2153859,0.043313172,3,true,61,60
115,fmm,2153860,0.043313172,2,true,52,52
115,fmm,2153861,0.043313172,2,true,40,40
115,fmm,2153862,0.043313172,2,true,48,53
115,fmm,2153863,0.043313172,2,true,14,14
115,fmm,2153864,0.043313172,2,true,6,62
115,fmm,2153865,0.043313172,3,true,49,49
115,fmm,2153866,0.043313172,2,true,54,54
115,fmm,2153867,0.043313172,2,true,29,29
115,fmm,2153868,0.043313172,2,true,55,55
115,fmm,2153869,0.043313172,2,true,24,24
115,fmm,2153870,0.043313172,1,true,11,11
115,fmm,2153871,0.043313172,2,true,47,47
115,fmm,2153872,0.043313172,2,true,39,39
115,fmm,2153873,0.043313172,2,true,56,56
115,fmm,2153874,0.043313172,2,true,62,63
115,fmm,2153875,0.043313172,2,true,10,10
115,fmm,2153876,0.043313172,2,true,63,61
115,fmm,2153877,0.043313172,1,true,57,8
115,fmm,2153878,0.043313172,2,true,51,48
115,fmm,2153879,0.043313172,2,true,25,25
115,fmm,2153880,0.043313172,2,true,5,5
115,fmm,2153881,0.043313172,2,true,7,7
115,fmm,2153882,0.043313172,2,true,33,33
115,fmm,2153883,0.043313172,2,true,2,2
115,fmm,2153884,0.043313172,1,true,53,50
115,fmm,2153886,0.043313172,2,true,31,31
115,fmm,2153887,0.043313172,2,true,20,20
115,fmm,2153888,0.043313172,2,true,16,16
115,fmm,2153889,0.043313172,2,true,36,36
115,fmm,2153890,0.043313172,1,true,35,35
115,fmm,2153891,0.043313172,2,true,30,30
115,fmm,2153892,0.043313172,2,true,15,15
115,fmm,2153893,0.043313172,1,true,60,50
115,fmm,2153894,0.043313172,2,true,17,17
115,fmm,2153895,0.043313172,2,true,12,12
115,fmm,2153896,0.043313172,2,true,45,45
115,fmm,2153897,0.043313172,2,true,3,3
115,fmm,2153898,0.043313172,2,true,44,44
115,fmm,2153899,0.043313172,2,true,21,21
115,fmm,2153900,0.043313172,2,true,46,46
115,fmm,2153901,0.043313172,2,true,34,34
115,fmm,2153902,0.043313172,2,true,43,43
115,fmm,2153903,0.043313172,2,true,13,13
115,fmm,2153904,0.043313172,2,true,42,42
115,fmm,2153905,0.043313172,2,true,40,41
115,fmm,2153906,0.043313172,1,true,50,59
115,fmm,2153907,0.043313172,2,true,26,26
115,fmm,2153908,0.043313172,2,true,18,18
115,fmm,2153909,0.043313172,2,true,41,6
115,fmm,2153910,0.043313172,2,true,23,23
115,fmm,2153911,0.043313172,2,true,19,19
115,fmm,2153912,0.043313172,2,true,1,1
115,fmm,2153913,0.043313172,2,true,54,51
115,fmm,2153914,0.043313172,2,true,38,38
115,fmm,2153915,0.043313172,2,true,9,9
115,fmm,2153916,0.043313172,1,true,4,4
115,fmm,2153917,0.043313172,2,true,22,22
115,fmm,2153918,0.043313172,1,true,37,37
115,fmm,2153919,0.043313172,1,true,8,5
115,fmm,2153920,0.043313172,0,true,28,28
115,fmm,2153921,0.043313172,1,true,27,27
115,fmm,2153922,0.043313172,0,true,61,61
115,fmm,2153923,0.043313172,0,true,7,7
115,fmm,2153924,0.043313172,0,true,3,3
115,fmm,2153925,0.043313172,0,true,50,50
115,fmm,2153926,0.043313172,0,true,31,31
115,fmm,2153927,0.043313172,0,true,27,27
115,fmm,2153928,0.043313172,0,true,60,60
115,fmm,2153929,0.043313172,0,true,51,51
115,fmm,2153930,0.043313172,0,true,1,1
115,fmm,2153931,0.043313172,0,true,58,58
115,fmm,2153932,0.043313172,0,true,16,16
115,fmm,2153933,0.043313172,0,true,10,10
115,fmm,2153934,0.043313172,0,true,2,2
115,fmm,2153935,0.043313172,0,true,62,62
115,fmm,2153936,0.043313172,0,true,56,56
115,fmm,2153937,0.043313172,0,true,59,59
115,fmm,2153938,0.043313172,0,true,11,11
115,fmm,2153939,0.043313172,0,true,49,49
115,fmm,2153940,0.043313172,0,true,57,57
115,fmm,2153941,0.043313172,0,true,53,53
115,fmm,2153942,0.043313172,0,true,5,5
115,fmm,2153943,0.043313172,0,true,19,19
115,fmm,2153944,0.043313172,0,true,4,4
115,fmm,2153945,0.043313172,0,true,55,55
115,fmm,2153946,0.043313172,0,true,41,41
115,fmm,2153947,0.043313172,0,true,42,42
115,fmm,2153948,0.043313172,0,true,52,52
115,fmm,2153949,0.043313172,0,true,54,54
115,fmm,2153950,0.043313172,0,true,40,40
115,fmm,2153951,0.043313172,0,true,15,15
115,fmm,2153952,0.043313172,0,true,14,14
116,influence_mapping,2153836,0.000592041,0,true,58,58
116,influence_mapping,2153854,0.000592041,0,true,11,11
116,influence_mapping,2153858,0.000592041,0,true,57,57
116,influence_mapping,2153859,0.000592041,0,true,60,60
116,influence_mapping,2153860,0.000592041,0,true,52,52
116,influence_mapping,2153861,0.000592041,0,true,40,40
116,influence_mapping,2153862,0.000592041,0,true,53,53
116,influence_mapping,2153863,0.000592041,0,true,14,14
116,influence_mapping,2153864,0.000592041,0,true,62,62
116,influence_mapping,2153865,0.000592041,0,true,49,49
116,influence_mapping,2153866,0.000592041,0,true,54,54
116,influence_mapping,2153867,0.000592041,0,true,29,29
116,influence_mapping,2153868,0.000592041,0,true,55,55
116,influence_mapping,2153869,0.000592041,0,true,24,24
116,influence_mapping,2153870,0.000592041,0,true,11,11
116,influence_mapping,2153871,0.000592041,0,true,47,47
116,influence_mapping,2153872,0.000592041,0,true,39,39
116,influence_mapping,2153873,0.000592041,0,true,56,56
116,influence_mapping,2153874,0.000592041,0,true,63,63
116,influence_mapping,2153875,0.000592041,0,true,10,10
116,influence_mapping,2153876,0.000592041,0,true,61,61
116,influence_mapping,2153877,0.000592041,0,true,8,8
116,influence_mapping,2153878,0.000592041,0,true,48,48
116,influence_mapping,2153879,0.000592041,0,true,25,25
116,influence_mapping,2153880,0.000592041,0,true,5,5
116,influence_mapping,2153881,0.000592041,0,true,7,7
116,influence_mapping,2153882,0.000592041,0,true,33,33
116,influence_mapping,2153883,0.000592041,0,true,2,2
116,influence_mapping,2153884,0.000592041,0,true,50,50
116,influence_mapping,2153886,0.000592041,0,true,31,31
116,influence_mapping,2153887,0.000592041,0,true,20,20
116,influence_mapping,2153888,0.000592041,0,true,16,16
116,influence_mapping,2153889,0.000592041,0,true,36,36
116,influence_mapping,2153890,0.000592041,0,true,35,35
116,influence_mapping,2153891,0.000592041,0,true,30,30
116,influence_mapping,2153892,0.000592041,0,true,15,15
116,influence_mapping,2153893,0.000592041,0,true,50,50
116,influence_mapping,2153894,0.000592041,0,true,17,17
116,influence_mapping,2153895,0.000592041,0,true,12,12
116,influence_mapping,2153896,0.000592041,0,true,45,45
116,influence_mapping,2153897,0.000592041,0,true,3,3
116,influence_mapping,2153898,0.000592041,0,true,44,44
116,influence_mapping,2153899,0.000592041,0,true,21,21
116,influence_mapping,2153900,0.000592041,0,true,46,46
116,influence_mapping,2153901,0.000592041,0,true,34,34
116,influence_mapping,2153902,0.000592041,0,true,43,43
116,influence_mapping,2153903,0.000592041,0,true,13,13
116,influence_mapping,2153904,0.000592041,0,true,42,42
116,influence_mapping,2153905,0.000592041,0,true,41,41
116,influence_mapping,2153906,0.000592041,0,true,59,59
116,influence_mapping,2153907,0.000592041,0,true,26,26
116,influence_mapping,2153908,0.000592041,0,true,18,18
116,influence_mapping,2153909,0.000592041,0,true,6,6
116,influence_mapping,2153910,0.000592041,0,true,23,23
116,influence_mapping,2153911,0.000592041,0,true,19,19
116,influence_mapping,2153912,0.000592041,0,true,1,1
116,influence_mapping,2153913,0.000592041,0,true,51,51
116,influence_mapping,2153914,0.000592041,0,true,38,38
116,influence_mapping,2153915,0.000592041,0,true,9,9
116,influence_mapping,2153916,0.000592041,0,true,4,4
116,influence_mapping,2153917,0.000592041,0,true,22,22
116,influence_mapping,2153918,0.000592041,0,true,37,37
116,influence_mapping,2153919,0.000592041,0,true,5,5
116,influence_mapping,2153920,0.000592041,0,true,28,28
116,influence_mapping,2153921,0.000592041,0,true,27,27
116,influence_mapping,2153922,0.000592041,0,true,61,61
116,influence_mapping,2153923,0.000592041,0,true,7,7
116,influence_mapping,2153924,0.000592041,0,true,3,3
116,influence_mapping,2153925,0.000592041,0,true,50,50
116,influence_mapping,2153926,0.000592041,0,true,31,31
116,influence_mapping,2153927,0.000592041,0,true,27,27
116,influence_mapping,2153928,0.000592041,0,true,60,60
116,influence_mapping,2153929,0.000592041,0,true,51,51
116,influence_mapping,2153930,0.000592041,0,true,1,1
116,influence_mapping,2153931,0.000592041,0,true,58,58
116,influence_mapping,2153932,0.000592041,0,true,16,16
116,influence_mapping,2153933,0.000592041,0,true,10,10
116,influence_mapping,2153934,0.000592041,0,true,2,2
116,influence_mapping,2153935,0.000592041,0,true,62,62
116,influence_mapping,2153936,0.000592041,0,true,56,56
116,influence_mapping,2153937,0.000592041,0,true,59,59
116,influence_mapping,2153938,0.000592041,0,true,11,11
116,influence_mapping,2153939,0.000592041,0,true,49,49
116,influence_mapping,2153940,0.000592041,0,true,57,57
116,influence_mapping,2153941,0.000592041,0,true,53,53
116,influence_mapping,2153942,0.000592041,0,true,5,5
116,influence_mapping,2153943,0.000592041,0,true,19,19
116,influence_mapping,2153944,0.000592041,0,true,4,4
116,influence_mapping,2153945,0.000592041,0,true,55,55
116,influence_mapping,2153946,0.000592041,0,true,41,41
116,influence_mapping,2153947,0.000592041,0,true,42,42
116,influence_mapping,2153948,0.000592041,0,true,52,52
116,influence_mapping,2153949,0.000592041,0,true,54,54
116,influence_mapping,2153950,0.000592041,0,true,40,40
116,influence_mapping,2153951,0.000592041,0,true,15,15
116,influence_mapping,2153952,0.000592041,0,true,14,14
117,residual,2153836,0.00489127,1,true,58,58
117,residual,2153854,0.00489127,0,true,11,11
117,residual,2153858,0.00489127,0,true,57,57
117,residual,2153859,0.00489127,0,true,60,60
117,residual,2153860,0.00489127,0,true,52,52
117,residual,2153861,0.00489127,0,true,40,40
117,residual,2153862,0.00489127,0,true,53,53
117,residual,2153863,0.00489127,0,true,14,14
117,residual,2153864,0.00489127,0,true,62,62
117,residual,2153865,0.00489127,0,true,49,49
117,residual,2153866,0.00489127,0,true,54,54
117,residual,2153867,0.00489127,0,true,29,29
117,residual,2153868,0.00489127,0,true,55,55
117,residual,2153869,0.00489127,0,true,24,24
117,residual,2153870,0.00489127,0,true,11,11
117,residual,2153871,0.00489127,0,true,47,47
117,residual,2153872,0.00489127,0,true,39,39
117,residual,2153873,0.00489127,0,true,56,56
117,residual,2153874,0.00489127,0,true,63,63
117,residual,2153875,0.00489127,0,true,10,10
117,residual,2153876,0.00489127,0,true,61,61
117,residual,2153877,0.00489127,0,true,8,8
117,residual,2153878,0.00489127,0,true,48,48
117,residual,2153879,0.00489127,0,true,25,25
117,residual,2153880,0.00489127,0,true,5,5
117,residual,2153881,0.00489127,0,true,7,7
117,residual,2153882,0.00489127,0,true,33,33
117,residual,2153883,0.00489127,0,true,2,2
117,residual,2153884,0.00489127,0,true,50,50
117,residual,2153886,0.00489127,0,true,31,31
117,residual,2153887,0.00489127,0,true,20,20
117,residual,2153888,0.00489127,0,true,16,16
117,residual,2153889,0.00489127,0,true,36,36
117,residual,2153890,0.00489127,0,true,35,35
117,residual,2153891,0.00489127,0,true,30,30
117,residual,2153892,0.00489127,0,true,15,15
117,residual,2153893,0.00489127,0,true,50,50
117,residual,2153894,0.00489127,0,true,17,17
117,residual,2153895,0.00489127,0,true,12,12
117,residual,2153896,0.00489127,0,true,45,45
117,residual,2153897,0.00489127,0,true,3,3
117,residual,2153898,0.00489127,0,true,44,44
117,residual,2153899,0.00489127,0,true,21,21
117,residual,2153900,0.00489127,0,true,46,46
117,residual,2153901,0.00489127,0,true,34,34
117,residual,2153902,0.00489127,0,true,43,43
117,residual,2153903,0.00489127,0,true,13,13
117,residual,2153904,0.00489127,0,true,42,42
117,residual,2153905,0.00489127,0,true,41,41
117,residual,2153906,0.00489127,0,true,59,59
117,residual,2153907,0.00489127,0,true,26,26
117,residual,2153908,0.00489127,0,true,18,18
117,residual,2153909,0.00489127,0,true,6,6
117,residual,2153910,0.00489127,0,true,23,23
117,residual,2153911,0.00489127,0,true,19,19
117,residual,2153912,0.00489127,0,true,1,1
117,residual,2153913,0.00489127,0,true,51,51
117,residual,2153914,0.00489127,0,true,38,38
117,residual,2153915,0.00489127,0,true,9,9
117,residual,2153916,0.00489127,0,true,4,4
117,residual,2153917,0.00489127,0,true,22,22
117,residual,2153918,0.00489127,0,true,37,37
117,residual,2153919,0.00489127,0,true,5,5
117,residual,2153920,0.00489127,0,true,28,28
117,residual,2153921,0.00489127,0,true,27,27
117,residual,2153922,0.00489127,0,true,61,61
117,residual,2153923,0.00489127,0,true,7,7
117,residual,2153924,0.00489127,0,true,3,3
117,residual,2153925,0.00489127,0,true,50,50
117,residual,2153926,0.00489127,0,true,31,31
117,residual,2153927,0.00489127,0,true,27,27
117,residual,2153928,0.00489127,0,true,60,60
117,residual,2153929,0.00489127,0,true,51,51
117,residual,2153930,0.00489127,0,true,1,1
117,residual,2153931,0.00489127,0,true,58,58
117,residual,2153932,0.00489127,0,true,16,16
117,residual,2153933,0.00489127,0,true,10,10
117,residual,2153934,0.00489127,0,true,2,2
117,residual,2153935,0.00489127,0,true,62,62
117,residual,2153936,0.00489127,0,true,56,56
117,residual,2153937,0.00489127,0,true,59,59
117,residual,2153938,0.00489127,0,true,11,11
117,residual,2153939,0.00489127,0,true,49,49
117,residual,2153940,0.00489127,0,true,57,57
117,residual,2153941,0.00489127,0,true,53,53
117,residual,2153942,0.00489127,0,true,5,5
117,residual,2153943,0.00489127,0,true,19,19
117,residual,2153944,0.00489127,0,true,4,4
117,residual,2153945,0.00489127,0,true,55,55
117,residual,2153946,0.00489127,0,true,41,41
117,residual,2153947,0.00489127,0,true,42,42
117,residual,2153948,0.00489127,0,true,52,52
117,residual,2153949,0.00489127,0,true,54,54
117,residual,2153950,0.00489127,0,true,40,40
117,residual,2153951,0.00489127,0,true,15,15
117,residual,2153952,0.00489127,0,true,14,14
118,nearfield_update,2153836,0.273596495,18,true,58,58
118,nearfield_update,2153854,0.273596495,0,true,11,11
118,nearfield_update,2153858,0.273596495,13,true,57,57
118,nearfield_update,2153859,0.273596495,2,true,60,60
118,nearfield_update,2153860,0.273596495,11,true,52,52
118,nearfield_update,2153861,0.273596495,23,true,40,40
118,nearfield_update,2153862,0.273596495,7,true,53,53
118,nearfield_update,2153863,0.273596495,23,true,14,14
118,nearfield_update,2153864,0.273596495,7,true,62,62
118,nearfield_update,2153865,0.273596495,1,true,49,49
118,nearfield_update,2153866,0.273596495,0,true,54,54
118,nearfield_update,2153867,0.273596495,18,true,29,29
118,nearfield_update,2153868,0.273596495,7,true,55,55
118,nearfield_update,2153869,0.273596495,18,true,24,24
118,nearfield_update,2153870,0.273596495,24,true,11,11
118,nearfield_update,2153871,0.273596495,18,true,47,47
118,nearfield_update,2153872,0.273596495,24,true,39,39
118,nearfield_update,2153873,0.273596495,14,true,56,56
118,nearfield_update,2153874,0.273596495,3,true,63,63
118,nearfield_update,2153875,0.273596495,23,true,10,10
118,nearfield_update,2153876,0.273596495,14,true,61,61
118,nearfield_update,2153877,0.273596495,6,true,8,1
118,nearfield_update,2153878,0.273596495,1,true,48,48
118,nearfield_update,2153879,0.273596495,17,true,25,25
118,nearfield_update,2153880,0.273596495,21,true,5,5
118,nearfield_update,2153881,0.273596495,21,true,7,7
118,nearfield_update,2153882,0.273596495,20,true,33,33
118,nearfield_update,2153883,0.273596495,23,true,2,2
118,nearfield_update,2153884,0.273596495,9,true,50,50
118,nearfield_update,2153886,0.273596495,18,true,31,31
118,nearfield_update,2153887,0.273596495,17,true,20,20
118,nearfield_update,2153888,0.273596495,18,true,16,16
118,nearfield_update,2153889,0.273596495,20,true,36,36
118,nearfield_update,2153890,0.273596495,21,true,35,35
118,nearfield_update,2153891,0.273596495,18,true,30,30
118,nearfield_update,2153892,0.273596495,23,true,15,15
118,nearfield_update,2153893,0.273596495,9,true,50,51
118,nearfield_update,2153894,0.273596495,18,true,17,17
118,nearfield_update,2153895,0.273596495,23,true,12,12
118,nearfield_update,2153896,0.273596495,20,true,45,45
118,nearfield_update,2153897,0.273596495,22,true,3,3
118,nearfield_update,2153898,0.273596495,21,true,44,44
118,nearfield_update,2153899,0.273596495,17,true,21,21
118,nearfield_update,2153900,0.273596495,21,true,46,46
118,nearfield_update,2153901,0.273596495,20,true,34,34
118,nearfield_update,2153902,0.273596495,20,true,43,43
118,nearfield_update,2153903,0.273596495,23,true,13,13
118,nearfield_update,2153904,0.273596495,20,true,42,42
118,nearfield_update,2153905,0.273596495,20,true,41,41
118,nearfield_update,2153906,0.273596495,13,true,59,32
118,nearfield_update,2153907,0.273596495,17,true,26,26
118,nearfield_update,2153908,0.273596495,18,true,18,18
118,nearfield_update,2153909,0.273596495,22,true,6,6
118,nearfield_update,2153910,0.273596495,17,true,23,23
118,nearfield_update,2153911,0.273596495,17,true,19,19
118,nearfield_update,2153912,0.273596495,23,true,1,8
118,nearfield_update,2153913,0.273596495,9,true,51,59
118,nearfield_update,2153914,0.273596495,20,true,38,38
118,nearfield_update,2153915,0.273596495,24,true,9,9
118,nearfield_update,2153916,0.273596495,23,true,4,4
118,nearfield_update,2153917,0.273596495,17,true,22,22
118,nearfield_update,2153918,0.273596495,20,true,37,37
118,nearfield_update,2153919,0.273596495,22,true,5,0
118,nearfield_update,2153920,0.273596495,18,true,28,28
118,nearfield_update,2153921,0.273596495,17,true,27,27
118,nearfield_update,2153922,0.273596495,0,true,61,61
118,nearfield_update,2153923,0.273596495,0,true,7,7
118,nearfield_update,2153924,0.273596495,0,true,3,3
118,nearfield_update,2153925,0.273596495,0,true,50,50
118,nearfield_update,2153926,0.273596495,0,true,31,31
118,nearfield_update,2153927,0.273596495,0,true,27,27
118,nearfield_update,2153928,0.273596495,0,true,60,60
118,nearfield_update,2153929,0.273596495,0,true,51,51
118,nearfield_update,2153930,0.273596495,0,true,1,1
118,nearfield_update,2153931,0.273596495,0,true,58,58
118,nearfield_update,2153932,0.273596495,0,true,16,16
118,nearfield_update,2153933,0.273596495,0,true,10,10
118,nearfield_update,2153934,0.273596495,0,true,2,2
118,nearfield_update,2153935,0.273596495,0,true,62,62
118,nearfield_update,2153936,0.273596495,0,true,56,56
118,nearfield_update,2153937,0.273596495,0,true,59,59
118,nearfield_update,2153938,0.273596495,0,true,11,11
118,nearfield_update,2153939,0.273596495,0,true,49,49
118,nearfield_update,2153940,0.273596495,0,true,57,57
118,nearfield_update,2153941,0.273596495,0,true,53,53
118,nearfield_update,2153942,0.273596495,0,true,5,5
118,nearfield_update,2153943,0.273596495,0,true,19,19
118,nearfield_update,2153944,0.273596495,0,true,4,4
118,nearfield_update,2153945,0.273596495,0,true,55,55
118,nearfield_update,2153946,0.273596495,0,true,41,41
118,nearfield_update,2153947,0.273596495,0,true,42,42
118,nearfield_update,2153948,0.273596495,0,true,52,52
118,nearfield_update,2153949,0.273596495,0,true,54,54
118,nearfield_update,2153950,0.273596495,0,true,40,40
118,nearfield_update,2153951,0.273596495,0,true,15,15
118,nearfield_update,2153952,0.273596495,0,true,14,14
119,fmm,2153836,0.035678132,3,true,58,58
119,fmm,2153854,0.035678132,0,true,11,11
119,fmm,2153858,0.035678132,2,true,57,57
119,fmm,2153859,0.035678132,3,true,60,60
119,fmm,2153860,0.035678132,3,true,52,52
119,fmm,2153861,0.035678132,3,true,40,40
119,fmm,2153862,0.035678132,2,true,53,53
119,fmm,2153863,0.035678132,2,true,14,14
119,fmm,2153864,0.035678132,2,true,62,62
119,fmm,2153865,0.035678132,3,true,49,49
119,fmm,2153866,0.035678132,2,true,54,54
119,fmm,2153867,0.035678132,2,true,29,29
119,fmm,2153868,0.035678132,2,true,55,55
119,fmm,2153869,0.035678132,2,true,24,24
119,fmm,2153870,0.035678132,2,true,11,11
119,fmm,2153871,0.035678132,2,true,47,47
119,fmm,2153872,0.035678132,1,true,39,39
119,fmm,2153873,0.035678132,1,true,56,56
119,fmm,2153874,0.035678132,2,true,63,63
119,fmm,2153875,0.035678132,2,true,10,10
119,fmm,2153876,0.035678132,2,true,61,61
119,fmm,2153877,0.035678132,2,true,1,0
119,fmm,2153878,0.035678132,2,true,48,48
119,fmm,2153879,0.035678132,2,true,25,25
119,fmm,2153880,0.035678132,2,true,5,5
119,fmm,2153881,0.035678132,2,true,7,7
119,fmm,2153882,0.035678132,2,true,33,33
119,fmm,2153883,0.035678132,2,true,2,2
119,fmm,2153884,0.035678132,2,true,50,50
119,fmm,2153886,0.035678132,2,true,31,31
119,fmm,2153887,0.035678132,2,true,20,20
119,fmm,2153888,0.035678132,2,true,16,16
119,fmm,2153889,0.035678132,2,true,36,36
119,fmm,2153890,0.035678132,1,true,35,35
119,fmm,2153891,0.035678132,2,true,30,30
119,fmm,2153892,0.035678132,2,true,15,15
119,fmm,2153893,0.035678132,2,true,51,51
119,fmm,2153894,0.035678132,2,true,17,17
119,fmm,2153895,0.035678132,1,true,12,12
119,fmm,2153896,0.035678132,2,true,45,45
119,fmm,2153897,0.035678132,2,true,3,3
119,fmm,2153898,0.035678132,2,true,44,44
119,fmm,2153899,0.035678132,2,true,21,21
119,fmm,2153900,0.035678132,2,true,46,46
119,fmm,2153901,0.035678132,2,true,34,34
119,fmm,2153902,0.035678132,2,true,43,43
119,fmm,2153903,0.035678132,2,true,13,13
119,fmm,2153904,0.035678132,2,true,42,42
119,fmm,2153905,0.035678132,2,true,41,41
119,fmm,2153906,0.035678132,2,true,32,32
119,fmm,2153907,0.035678132,2,true,26,26
119,fmm,2153908,0.035678132,2,true,18,18
119,fmm,2153909,0.035678132,2,true,6,6
119,fmm,2153910,0.035678132,2,true,23,23
119,fmm,2153911,0.035678132,2,true,19,19
119,fmm,2153912,0.035678132,2,true,8,8
119,fmm,2153913,0.035678132,2,true,59,59
119,fmm,2153914,0.035678132,2,true,38,38
119,fmm,2153915,0.035678132,1,true,9,9
119,fmm,2153916,0.035678132,1,true,4,4
119,fmm,2153917,0.035678132,1,true,22,22
119,fmm,2153918,0.035678132,2,true,37,37
119,fmm,2153919,0.035678132,1,true,0,1
119,fmm,2153920,0.035678132,0,true,28,28
119,fmm,2153921,0.035678132,0,true,27,27
119,fmm,2153922,0.035678132,0,true,61,61
119,fmm,2153923,0.035678132,0,true,7,7
119,fmm,2153924,0.035678132,0,true,3,3
119,fmm,2153925,0.035678132,0,true,50,50
119,fmm,2153926,0.035678132,0,true,31,31
119,fmm,2153927,0.035678132,0,true,27,27
119,fmm,2153928,0.035678132,0,true,60,60
119,fmm,2153929,0.035678132,0,true,51,51
119,fmm,2153930,0.035678132,0,true,1,1
119,fmm,2153931,0.035678132,0,true,58,58
119,fmm,2153932,0.035678132,0,true,16,16
119,fmm,2153933,0.035678132,0,true,10,10
119,fmm,2153934,0.035678132,0,true,2,2
119,fmm,2153935,0.035678132,0,true,62,62
119,fmm,2153936,0.035678132,0,true,56,56
119,fmm,2153937,0.035678132,0,true,59,59
119,fmm,2153938,0.035678132,0,true,11,11
119,fmm,2153939,0.035678132,0,true,49,49
119,fmm,2153940,0.035678132,0,true,57,57
119,fmm,2153941,0.035678132,0,true,53,53
119,fmm,2153942,0.035678132,0,true,5,5
119,fmm,2153943,0.035678132,0,true,19,19
119,fmm,2153944,0.035678132,0,true,4,4
119,fmm,2153945,0.035678132,0,true,55,55
119,fmm,2153946,0.035678132,0,true,41,41
119,fmm,2153947,0.035678132,0,true,42,42
119,fmm,2153948,0.035678132,0,true,52,52
119,fmm,2153949,0.035678132,0,true,54,54
119,fmm,2153950,0.035678132,0,true,40,40
119,fmm,2153951,0.035678132,0,true,15,15
119,fmm,2153952,0.035678132,0,true,14,14
120,influence_mapping,2153836,0.000577284,1,true,58,58
120,influence_mapping,2153854,0.000577284,0,true,11,11
120,influence_mapping,2153858,0.000577284,0,true,57,57
120,influence_mapping,2153859,0.000577284,0,true,60,60
120,influence_mapping,2153860,0.000577284,0,true,52,52
120,influence_mapping,2153861,0.000577284,0,true,40,40
120,influence_mapping,2153862,0.000577284,0,true,53,53
120,influence_mapping,2153863,0.000577284,0,true,14,14
120,influence_mapping,2153864,0.000577284,0,true,62,62
120,influence_mapping,2153865,0.000577284,0,true,49,49
120,influence_mapping,2153866,0.000577284,0,true,54,54
120,influence_mapping,2153867,0.000577284,0,true,29,29
120,influence_mapping,2153868,0.000577284,0,true,55,55
120,influence_mapping,2153869,0.000577284,0,true,24,24
120,influence_mapping,2153870,0.000577284,0,true,11,11
120,influence_mapping,2153871,0.000577284,0,true,47,47
120,influence_mapping,2153872,0.000577284,0,true,39,39
120,influence_mapping,2153873,0.000577284,0,true,56,56
120,influence_mapping,2153874,0.000577284,0,true,63,63
120,influence_mapping,2153875,0.000577284,0,true,10,10
120,influence_mapping,2153876,0.000577284,0,true,61,61
120,influence_mapping,2153877,0.000577284,0,true,0,0
120,influence_mapping,2153878,0.000577284,0,true,48,48
120,influence_mapping,2153879,0.000577284,0,true,25,25
120,influence_mapping,2153880,0.000577284,0,true,5,5
120,influence_mapping,2153881,0.000577284,0,true,7,7
120,influence_mapping,2153882,0.000577284,0,true,33,33
120,influence_mapping,2153883,0.000577284,0,true,2,2
120,influence_mapping,2153884,0.000577284,0,true,50,50
120,influence_mapping,2153886,0.000577284,0,true,31,31
120,influence_mapping,2153887,0.000577284,0,true,20,20
120,influence_mapping,2153888,0.000577284,0,true,16,16
120,influence_mapping,2153889,0.000577284,0,true,36,36
120,influence_mapping,2153890,0.000577284,0,true,35,35
120,influence_mapping,2153891,0.000577284,0,true,30,30
120,influence_mapping,2153892,0.000577284,0,true,15,15
120,influence_mapping,2153893,0.000577284,0,true,51,51
120,influence_mapping,2153894,0.000577284,0,true,17,17
120,influence_mapping,2153895,0.000577284,0,true,12,12
120,influence_mapping,2153896,0.000577284,0,true,45,45
120,influence_mapping,2153897,0.000577284,0,true,3,3
120,influence_mapping,2153898,0.000577284,0,true,44,44
120,influence_mapping,2153899,0.000577284,0,true,21,21
120,influence_mapping,2153900,0.000577284,0,true,46,46
120,influence_mapping,2153901,0.000577284,0,true,34,34
120,influence_mapping,2153902,0.000577284,0,true,43,43
120,influence_mapping,2153903,0.000577284,0,true,13,13
120,influence_mapping,2153904,0.000577284,0,true,42,42
120,influence_mapping,2153905,0.000577284,0,true,41,41
120,influence_mapping,2153906,0.000577284,0,true,32,32
120,influence_mapping,2153907,0.000577284,0,true,26,26
120,influence_mapping,2153908,0.000577284,0,true,18,18
120,influence_mapping,2153909,0.000577284,0,true,6,6
120,influence_mapping,2153910,0.000577284,0,true,23,23
120,influence_mapping,2153911,0.000577284,0,true,19,19
120,influence_mapping,2153912,0.000577284,0,true,8,8
120,influence_mapping,2153913,0.000577284,0,true,59,59
120,influence_mapping,2153914,0.000577284,0,true,38,38
120,influence_mapping,2153915,0.000577284,0,true,9,9
120,influence_mapping,2153916,0.000577284,0,true,4,4
120,influence_mapping,2153917,0.000577284,0,true,22,22
120,influence_mapping,2153918,0.000577284,0,true,37,37
120,influence_mapping,2153919,0.000577284,0,true,1,1
120,influence_mapping,2153920,0.000577284,0,true,28,28
120,influence_mapping,2153921,0.000577284,0,true,27,27
120,influence_mapping,2153922,0.000577284,0,true,61,61
120,influence_mapping,2153923,0.000577284,0,true,7,7
120,influence_mapping,2153924,0.000577284,0,true,3,3
120,influence_mapping,2153925,0.000577284,0,true,50,50
120,influence_mapping,2153926,0.000577284,0,true,31,31
120,influence_mapping,2153927,0.000577284,0,true,27,27
120,influence_mapping,2153928,0.000577284,0,true,60,60
120,influence_mapping,2153929,0.000577284,0,true,51,51
120,influence_mapping,2153930,0.000577284,0,true,1,1
120,influence_mapping,2153931,0.000577284,0,true,58,58
120,influence_mapping,2153932,0.000577284,0,true,16,16
120,influence_mapping,2153933,0.000577284,0,true,10,10
120,influence_mapping,2153934,0.000577284,0,true,2,2
120,influence_mapping,2153935,0.000577284,0,true,62,62
120,influence_mapping,2153936,0.000577284,0,true,56,56
120,influence_mapping,2153937,0.000577284,0,true,59,59
120,influence_mapping,2153938,0.000577284,0,true,11,11
120,influence_mapping,2153939,0.000577284,0,true,49,49
120,influence_mapping,2153940,0.000577284,0,true,57,57
120,influence_mapping,2153941,0.000577284,0,true,53,53
120,influence_mapping,2153942,0.000577284,0,true,5,5
120,influence_mapping,2153943,0.000577284,0,true,19,19
120,influence_mapping,2153944,0.000577284,0,true,4,4
120,influence_mapping,2153945,0.000577284,0,true,55,55
120,influence_mapping,2153946,0.000577284,0,true,41,41
120,influence_mapping,2153947,0.000577284,0,true,42,42
120,influence_mapping,2153948,0.000577284,0,true,52,52
120,influence_mapping,2153949,0.000577284,0,true,54,54
120,influence_mapping,2153950,0.000577284,0,true,40,40
120,influence_mapping,2153951,0.000577284,0,true,15,15
120,influence_mapping,2153952,0.000577284,0,true,14,14
121,residual,2153836,0.004935914,0,true,58,58
121,residual,2153854,0.004935914,0,true,11,11
121,residual,2153858,0.004935914,0,true,57,57
121,residual,2153859,0.004935914,0,true,60,60
121,residual,2153860,0.004935914,0,true,52,52
121,residual,2153861,0.004935914,0,true,40,40
121,residual,2153862,0.004935914,0,true,53,53
121,residual,2153863,0.004935914,0,true,14,14
121,residual,2153864,0.004935914,0,true,62,62
121,residual,2153865,0.004935914,0,true,49,49
121,residual,2153866,0.004935914,0,true,54,54
121,residual,2153867,0.004935914,0,true,29,29
121,residual,2153868,0.004935914,0,true,55,55
121,residual,2153869,0.004935914,0,true,24,24
121,residual,2153870,0.004935914,0,true,11,11
121,residual,2153871,0.004935914,0,true,47,47
121,residual,2153872,0.004935914,0,true,39,39
121,residual,2153873,0.004935914,0,true,56,56
121,residual,2153874,0.004935914,0,true,63,63
121,residual,2153875,0.004935914,0,true,10,10
121,residual,2153876,0.004935914,0,true,61,61
121,residual,2153877,0.004935914,0,true,0,0
121,residual,2153878,0.004935914,0,true,48,48
121,residual,2153879,0.004935914,0,true,25,25
121,residual,2153880,0.004935914,0,true,5,5
121,residual,2153881,0.004935914,0,true,7,7
121,residual,2153882,0.004935914,0,true,33,33
121,residual,2153883,0.004935914,0,true,2,2
121,residual,2153884,0.004935914,0,true,50,50
121,residual,2153886,0.004935914,0,true,31,31
121,residual,2153887,0.004935914,0,true,20,20
121,residual,2153888,0.004935914,0,true,16,16
121,residual,2153889,0.004935914,0,true,36,36
121,residual,2153890,0.004935914,0,true,35,35
121,residual,2153891,0.004935914,0,true,30,30
121,residual,2153892,0.004935914,0,true,15,15
121,residual,2153893,0.004935914,0,true,51,51
121,residual,2153894,0.004935914,0,true,17,17
121,residual,2153895,0.004935914,0,true,12,12
121,residual,2153896,0.004935914,0,true,45,45
121,residual,2153897,0.004935914,0,true,3,3
121,residual,2153898,0.004935914,0,true,44,44
121,residual,2153899,0.004935914,0,true,21,21
121,residual,2153900,0.004935914,0,true,46,46
121,residual,2153901,0.004935914,0,true,34,34
121,residual,2153902,0.004935914,0,true,43,43
121,residual,2153903,0.004935914,0,true,13,13
121,residual,2153904,0.004935914,0,true,42,42
121,residual,2153905,0.004935914,0,true,41,41
121,residual,2153906,0.004935914,0,true,32,32
121,residual,2153907,0.004935914,0,true,26,26
121,residual,2153908,0.004935914,0,true,18,18
121,residual,2153909,0.004935914,0,true,6,6
121,residual,2153910,0.004935914,0,true,23,23
121,residual,2153911,0.004935914,0,true,19,19
121,residual,2153912,0.004935914,0,true,8,8
121,residual,2153913,0.004935914,0,true,59,59
121,residual,2153914,0.004935914,0,true,38,38
121,residual,2153915,0.004935914,0,true,9,9
121,residual,2153916,0.004935914,0,true,4,4
121,residual,2153917,0.004935914,0,true,22,22
121,residual,2153918,0.004935914,0,true,37,37
121,residual,2153919,0.004935914,0,true,1,1
121,residual,2153920,0.004935914,0,true,28,28
121,residual,2153921,0.004935914,0,true,27,27
121,residual,2153922,0.004935914,0,true,61,61
121,residual,2153923,0.004935914,0,true,7,7
121,residual,2153924,0.004935914,0,true,3,3
121,residual,2153925,0.004935914,0,true,50,50
121,residual,2153926,0.004935914,0,true,31,31
121,residual,2153927,0.004935914,0,true,27,27
121,residual,2153928,0.004935914,0,true,60,60
121,residual,2153929,0.004935914,0,true,51,51
121,residual,2153930,0.004935914,0,true,1,1
121,residual,2153931,0.004935914,0,true,58,58
121,residual,2153932,0.004935914,0,true,16,16
121,residual,2153933,0.004935914,0,true,10,10
121,residual,2153934,0.004935914,0,true,2,2
121,residual,2153935,0.004935914,0,true,62,62
121,residual,2153936,0.004935914,0,true,56,56
121,residual,2153937,0.004935914,0,true,59,59
121,residual,2153938,0.004935914,0,true,11,11
121,residual,2153939,0.004935914,0,true,49,49
121,residual,2153940,0.004935914,0,true,57,57
121,residual,2153941,0.004935914,0,true,53,53
121,residual,2153942,0.004935914,0,true,5,5
121,residual,2153943,0.004935914,0,true,19,19
121,residual,2153944,0.004935914,0,true,4,4
121,residual,2153945,0.004935914,0,true,55,55
121,residual,2153946,0.004935914,0,true,41,41
121,residual,2153947,0.004935914,0,true,42,42
121,residual,2153948,0.004935914,0,true,52,52
121,residual,2153949,0.004935914,0,true,54,54
121,residual,2153950,0.004935914,0,true,40,40
121,residual,2153951,0.004935914,0,true,15,15
121,residual,2153952,0.004935914,0,true,14,14
122,nearfield_update,2153836,0.277828118,19,true,58,58
122,nearfield_update,2153854,0.277828118,0,true,11,11
122,nearfield_update,2153858,0.277828118,12,true,57,57
122,nearfield_update,2153859,0.277828118,3,true,60,60
122,nearfield_update,2153860,0.277828118,9,true,52,52
122,nearfield_update,2153861,0.277828118,23,true,40,40
122,nearfield_update,2153862,0.277828118,6,true,53,53
122,nearfield_update,2153863,0.277828118,23,true,14,14
122,nearfield_update,2153864,0.277828118,8,true,62,62
122,nearfield_update,2153865,0.277828118,1,true,49,49
122,nearfield_update,2153866,0.277828118,1,true,54,54
122,nearfield_update,2153867,0.277828118,17,true,29,29
122,nearfield_update,2153868,0.277828118,7,true,55,55
122,nearfield_update,2153869,0.277828118,17,true,24,24
122,nearfield_update,2153870,0.277828118,24,true,11,11
122,nearfield_update,2153871,0.277828118,19,true,47,47
122,nearfield_update,2153872,0.277828118,24,true,39,39
122,nearfield_update,2153873,0.277828118,14,true,56,56
122,nearfield_update,2153874,0.277828118,3,true,63,63
122,nearfield_update,2153875,0.277828118,24,true,10,10
122,nearfield_update,2153876,0.277828118,14,true,61,61
122,nearfield_update,2153877,0.277828118,5,true,0,0
122,nearfield_update,2153878,0.277828118,1,true,48,48
122,nearfield_update,2153879,0.277828118,15,true,25,25
122,nearfield_update,2153880,0.277828118,21,true,5,5
122,nearfield_update,2153881,0.277828118,19,true,7,7
122,nearfield_update,2153882,0.277828118,20,true,33,33
122,nearfield_update,2153883,0.277828118,21,true,2,2
122,nearfield_update,2153884,0.277828118,8,true,50,50
122,nearfield_update,2153886,0.277828118,17,true,31,31
122,nearfield_update,2153887,0.277828118,18,true,20,20
122,nearfield_update,2153888,0.277828118,17,true,16,16
122,nearfield_update,2153889,0.277828118,21,true,36,36
122,nearfield_update,2153890,0.277828118,21,true,35,35
122,nearfield_update,2153891,0.277828118,17,true,30,30
122,nearfield_update,2153892,0.277828118,23,true,15,15
122,nearfield_update,2153893,0.277828118,7,true,51,51
122,nearfield_update,2153894,0.277828118,17,true,17,17
122,nearfield_update,2153895,0.277828118,23,true,12,12
122,nearfield_update,2153896,0.277828118,21,true,45,45
122,nearfield_update,2153897,0.277828118,22,true,3,3
122,nearfield_update,2153898,0.277828118,20,true,44,44
122,nearfield_update,2153899,0.277828118,18,true,21,21
122,nearfield_update,2153900,0.277828118,20,true,46,46
122,nearfield_update,2153901,0.277828118,21,true,34,34
122,nearfield_update,2153902,0.277828118,21,true,43,43
122,nearfield_update,2153903,0.277828118,22,true,13,13
122,nearfield_update,2153904,0.277828118,21,true,42,42
122,nearfield_update,2153905,0.277828118,21,true,41,41
122,nearfield_update,2153906,0.277828118,21,true,32,32
122,nearfield_update,2153907,0.277828118,18,true,26,26
122,nearfield_update,2153908,0.277828118,16,true,18,18
122,nearfield_update,2153909,0.277828118,22,true,6,6
122,nearfield_update,2153910,0.277828118,19,true,23,23
122,nearfield_update,2153911,0.277828118,17,true,19,19
122,nearfield_update,2153912,0.277828118,23,true,8,8
122,nearfield_update,2153913,0.277828118,10,true,59,59
122,nearfield_update,2153914,0.277828118,21,true,38,38
122,nearfield_update,2153915,0.277828118,23,true,9,9
122,nearfield_update,2153916,0.277828118,22,true,4,4
122,nearfield_update,2153917,0.277828118,17,true,22,22
122,nearfield_update,2153918,0.277828118,20,true,37,37
122,nearfield_update,2153919,0.277828118,22,true,1,1
122,nearfield_update,2153920,0.277828118,17,true,28,28
122,nearfield_update,2153921,0.277828118,17,true,27,27
122,nearfield_update,2153922,0.277828118,0,true,61,61
122,nearfield_update,2153923,0.277828118,0,true,7,7
122,nearfield_update,2153924,0.277828118,0,true,3,3
122,nearfield_update,2153925,0.277828118,0,true,50,50
122,nearfield_update,2153926,0.277828118,0,true,31,31
122,nearfield_update,2153927,0.277828118,0,true,27,27
122,nearfield_update,2153928,0.277828118,0,true,60,60
122,nearfield_update,2153929,0.277828118,0,true,51,51
122,nearfield_update,2153930,0.277828118,0,true,1,1
122,nearfield_update,2153931,0.277828118,0,true,58,58
122,nearfield_update,2153932,0.277828118,0,true,16,16
122,nearfield_update,2153933,0.277828118,0,true,10,10
122,nearfield_update,2153934,0.277828118,0,true,2,2
122,nearfield_update,2153935,0.277828118,0,true,62,62
122,nearfield_update,2153936,0.277828118,0,true,56,56
122,nearfield_update,2153937,0.277828118,0,true,59,59
122,nearfield_update,2153938,0.277828118,0,true,11,11
122,nearfield_update,2153939,0.277828118,0,true,49,49
122,nearfield_update,2153940,0.277828118,0,true,57,57
122,nearfield_update,2153941,0.277828118,0,true,53,53
122,nearfield_update,2153942,0.277828118,0,true,5,5
122,nearfield_update,2153943,0.277828118,0,true,19,19
122,nearfield_update,2153944,0.277828118,0,true,4,4
122,nearfield_update,2153945,0.277828118,0,true,55,55
122,nearfield_update,2153946,0.277828118,0,true,41,41
122,nearfield_update,2153947,0.277828118,0,true,42,42
122,nearfield_update,2153948,0.277828118,0,true,52,52
122,nearfield_update,2153949,0.277828118,0,true,54,54
122,nearfield_update,2153950,0.277828118,0,true,40,40
122,nearfield_update,2153951,0.277828118,0,true,15,15
122,nearfield_update,2153952,0.277828118,0,true,14,14
123,fmm,2153836,0.035936537,3,true,58,58
123,fmm,2153854,0.035936537,0,true,11,11
123,fmm,2153858,0.035936537,2,true,57,57
123,fmm,2153859,0.035936537,2,true,60,60
123,fmm,2153860,0.035936537,2,true,52,52
123,fmm,2153861,0.035936537,3,true,40,40
123,fmm,2153862,0.035936537,2,true,53,53
123,fmm,2153863,0.035936537,2,true,14,14
123,fmm,2153864,0.035936537,2,true,62,62
123,fmm,2153865,0.035936537,3,true,49,49
123,fmm,2153866,0.035936537,2,true,54,54
123,fmm,2153867,0.035936537,2,true,29,29
123,fmm,2153868,0.035936537,2,true,55,55
123,fmm,2153869,0.035936537,2,true,24,24
123,fmm,2153870,0.035936537,2,true,11,11
123,fmm,2153871,0.035936537,1,true,47,47
123,fmm,2153872,0.035936537,2,true,39,39
123,fmm,2153873,0.035936537,2,true,56,56
123,fmm,2153874,0.035936537,2,true,63,63
123,fmm,2153875,0.035936537,1,true,10,10
123,fmm,2153876,0.035936537,2,true,61,61
123,fmm,2153877,0.035936537,2,true,0,0
123,fmm,2153878,0.035936537,2,true,48,48
123,fmm,2153879,0.035936537,2,true,25,25
123,fmm,2153880,0.035936537,2,true,5,5
123,fmm,2153881,0.035936537,2,true,7,7
123,fmm,2153882,0.035936537,2,true,33,33
123,fmm,2153883,0.035936537,2,true,2,2
123,fmm,2153884,0.035936537,2,true,50,50
123,fmm,2153886,0.035936537,2,true,31,31
123,fmm,2153887,0.035936537,1,true,20,20
123,fmm,2153888,0.035936537,2,true,16,16
123,fmm,2153889,0.035936537,2,true,36,36
123,fmm,2153890,0.035936537,2,true,35,35
123,fmm,2153891,0.035936537,2,true,30,30
123,fmm,2153892,0.035936537,2,true,15,15
123,fmm,2153893,0.035936537,2,true,51,51
123,fmm,2153894,0.035936537,2,true,17,17
123,fmm,2153895,0.035936537,2,true,12,12
123,fmm,2153896,0.035936537,2,true,45,45
123,fmm,2153897,0.035936537,2,true,3,3
123,fmm,2153898,0.035936537,2,true,44,44
123,fmm,2153899,0.035936537,1,true,21,21
123,fmm,2153900,0.035936537,2,true,46,46
123,fmm,2153901,0.035936537,2,true,34,34
123,fmm,2153902,0.035936537,2,true,43,43
123,fmm,2153903,0.035936537,2,true,13,13
123,fmm,2153904,0.035936537,2,true,42,42
123,fmm,2153905,0.035936537,2,true,41,41
123,fmm,2153906,0.035936537,2,true,32,32
123,fmm,2153907,0.035936537,2,true,26,26
123,fmm,2153908,0.035936537,2,true,18,18
123,fmm,2153909,0.035936537,2,true,6,6
123,fmm,2153910,0.035936537,1,true,23,23
123,fmm,2153911,0.035936537,1,true,19,19
123,fmm,2153912,0.035936537,2,true,8,8
123,fmm,2153913,0.035936537,1,true,59,59
123,fmm,2153914,0.035936537,2,true,38,38
123,fmm,2153915,0.035936537,2,true,9,9
123,fmm,2153916,0.035936537,1,true,4,4
123,fmm,2153917,0.035936537,2,true,22,22
123,fmm,2153918,0.035936537,2,true,37,37
123,fmm,2153919,0.035936537,2,true,1,1
123,fmm,2153920,0.035936537,0,true,28,28
123,fmm,2153921,0.035936537,0,true,27,27
123,fmm,2153922,0.035936537,0,true,61,61
123,fmm,2153923,0.035936537,0,true,7,7
123,fmm,2153924,0.035936537,0,true,3,3
123,fmm,2153925,0.035936537,0,true,50,50
123,fmm,2153926,0.035936537,0,true,31,31
123,fmm,2153927,0.035936537,0,true,27,27
123,fmm,2153928,0.035936537,0,true,60,60
123,fmm,2153929,0.035936537,0,true,51,51
123,fmm,2153930,0.035936537,0,true,1,1
123,fmm,2153931,0.035936537,0,true,58,58
123,fmm,2153932,0.035936537,0,true,16,16
123,fmm,2153933,0.035936537,0,true,10,10
123,fmm,2153934,0.035936537,0,true,2,2
123,fmm,2153935,0.035936537,0,true,62,62
123,fmm,2153936,0.035936537,0,true,56,56
123,fmm,2153937,0.035936537,0,true,59,59
123,fmm,2153938,0.035936537,0,true,11,11
123,fmm,2153939,0.035936537,0,true,49,49
123,fmm,2153940,0.035936537,0,true,57,57
123,fmm,2153941,0.035936537,0,true,53,53
123,fmm,2153942,0.035936537,0,true,5,5
123,fmm,2153943,0.035936537,0,true,19,19
123,fmm,2153944,0.035936537,0,true,4,4
123,fmm,2153945,0.035936537,0,true,55,55
123,fmm,2153946,0.035936537,0,true,41,41
123,fmm,2153947,0.035936537,0,true,42,42
123,fmm,2153948,0.035936537,0,true,52,52
123,fmm,2153949,0.035936537,0,true,54,54
123,fmm,2153950,0.035936537,0,true,40,40
123,fmm,2153951,0.035936537,0,true,15,15
123,fmm,2153952,0.035936537,0,true,14,14
124,influence_mapping,2153836,0.000636966,0,true,58,58
124,influence_mapping,2153854,0.000636966,0,true,11,11
124,influence_mapping,2153858,0.000636966,0,true,57,57
124,influence_mapping,2153859,0.000636966,0,true,60,60
124,influence_mapping,2153860,0.000636966,0,true,52,52
124,influence_mapping,2153861,0.000636966,0,true,40,40
124,influence_mapping,2153862,0.000636966,0,true,53,53
124,influence_mapping,2153863,0.000636966,0,true,14,14
124,influence_mapping,2153864,0.000636966,0,true,62,62
124,influence_mapping,2153865,0.000636966,0,true,49,49
124,influence_mapping,2153866,0.000636966,0,true,54,54
124,influence_mapping,2153867,0.000636966,0,true,29,29
124,influence_mapping,2153868,0.000636966,0,true,55,55
124,influence_mapping,2153869,0.000636966,0,true,24,24
124,influence_mapping,2153870,0.000636966,0,true,11,11
124,influence_mapping,2153871,0.000636966,0,true,47,47
124,influence_mapping,2153872,0.000636966,0,true,39,39
124,influence_mapping,2153873,0.000636966,0,true,56,56
124,influence_mapping,2153874,0.000636966,0,true,63,63
124,influence_mapping,2153875,0.000636966,0,true,10,10
124,influence_mapping,2153876,0.000636966,0,true,61,61
124,influence_mapping,2153877,0.000636966,0,true,0,0
124,influence_mapping,2153878,0.000636966,0,true,48,48
124,influence_mapping,2153879,0.000636966,0,true,25,25
124,influence_mapping,2153880,0.000636966,0,true,5,5
124,influence_mapping,2153881,0.000636966,0,true,7,7
124,influence_mapping,2153882,0.000636966,0,true,33,33
124,influence_mapping,2153883,0.000636966,0,true,2,2
124,influence_mapping,2153884,0.000636966,0,true,50,50
124,influence_mapping,2153886,0.000636966,0,true,31,31
124,influence_mapping,2153887,0.000636966,0,true,20,20
124,influence_mapping,2153888,0.000636966,0,true,16,16
124,influence_mapping,2153889,0.000636966,0,true,36,36
124,influence_mapping,2153890,0.000636966,0,true,35,35
124,influence_mapping,2153891,0.000636966,0,true,30,30
124,influence_mapping,2153892,0.000636966,0,true,15,15
124,influence_mapping,2153893,0.000636966,0,true,51,51
124,influence_mapping,2153894,0.000636966,0,true,17,17
124,influence_mapping,2153895,0.000636966,0,true,12,12
124,influence_mapping,2153896,0.000636966,0,true,45,45
124,influence_mapping,2153897,0.000636966,0,true,3,3
124,influence_mapping,2153898,0.000636966,0,true,44,44
124,influence_mapping,2153899,0.000636966,0,true,21,21
124,influence_mapping,2153900,0.000636966,0,true,46,46
124,influence_mapping,2153901,0.000636966,0,true,34,34
124,influence_mapping,2153902,0.000636966,0,true,43,43
124,influence_mapping,2153903,0.000636966,0,true,13,13
124,influence_mapping,2153904,0.000636966,0,true,42,42
124,influence_mapping,2153905,0.000636966,0,true,41,41
124,influence_mapping,2153906,0.000636966,0,true,32,32
124,influence_mapping,2153907,0.000636966,0,true,26,26
124,influence_mapping,2153908,0.000636966,0,true,18,18
124,influence_mapping,2153909,0.000636966,0,true,6,6
124,influence_mapping,2153910,0.000636966,0,true,23,23
124,influence_mapping,2153911,0.000636966,0,true,19,19
124,influence_mapping,2153912,0.000636966,0,true,8,8
124,influence_mapping,2153913,0.000636966,0,true,59,59
124,influence_mapping,2153914,0.000636966,0,true,38,38
124,influence_mapping,2153915,0.000636966,0,true,9,9
124,influence_mapping,2153916,0.000636966,0,true,4,4
124,influence_mapping,2153917,0.000636966,0,true,22,22
124,influence_mapping,2153918,0.000636966,0,true,37,37
124,influence_mapping,2153919,0.000636966,0,true,1,1
124,influence_mapping,2153920,0.000636966,0,true,28,28
124,influence_mapping,2153921,0.000636966,0,true,27,27
124,influence_mapping,2153922,0.000636966,0,true,61,61
124,influence_mapping,2153923,0.000636966,0,true,7,7
124,influence_mapping,2153924,0.000636966,0,true,3,3
124,influence_mapping,2153925,0.000636966,0,true,50,50
124,influence_mapping,2153926,0.000636966,0,true,31,31
124,influence_mapping,2153927,0.000636966,0,true,27,27
124,influence_mapping,2153928,0.000636966,0,true,60,60
124,influence_mapping,2153929,0.000636966,0,true,51,51
124,influence_mapping,2153930,0.000636966,0,true,1,1
124,influence_mapping,2153931,0.000636966,0,true,58,58
124,influence_mapping,2153932,0.000636966,0,true,16,16
124,influence_mapping,2153933,0.000636966,0,true,10,10
124,influence_mapping,2153934,0.000636966,0,true,2,2
124,influence_mapping,2153935,0.000636966,0,true,62,62
124,influence_mapping,2153936,0.000636966,0,true,56,56
124,influence_mapping,2153937,0.000636966,0,true,59,59
124,influence_mapping,2153938,0.000636966,0,true,11,11
124,influence_mapping,2153939,0.000636966,0,true,49,49
124,influence_mapping,2153940,0.000636966,0,true,57,57
124,influence_mapping,2153941,0.000636966,0,true,53,53
124,influence_mapping,2153942,0.000636966,0,true,5,5
124,influence_mapping,2153943,0.000636966,0,true,19,19
124,influence_mapping,2153944,0.000636966,0,true,4,4
124,influence_mapping,2153945,0.000636966,0,true,55,55
124,influence_mapping,2153946,0.000636966,0,true,41,41
124,influence_mapping,2153947,0.000636966,0,true,42,42
124,influence_mapping,2153948,0.000636966,0,true,52,52
124,influence_mapping,2153949,0.000636966,0,true,54,54
124,influence_mapping,2153950,0.000636966,0,true,40,40
124,influence_mapping,2153951,0.000636966,0,true,15,15
124,influence_mapping,2153952,0.000636966,0,true,14,14
125,residual,2153836,0.004783497,1,true,58,58
125,residual,2153854,0.004783497,0,true,11,11
125,residual,2153858,0.004783497,0,true,57,57
125,residual,2153859,0.004783497,0,true,60,60
125,residual,2153860,0.004783497,0,true,52,52
125,residual,2153861,0.004783497,0,true,40,40
125,residual,2153862,0.004783497,0,true,53,53
125,residual,2153863,0.004783497,0,true,14,14
125,residual,2153864,0.004783497,0,true,62,62
125,residual,2153865,0.004783497,0,true,49,49
125,residual,2153866,0.004783497,0,true,54,54
125,residual,2153867,0.004783497,0,true,29,29
125,residual,2153868,0.004783497,0,true,55,55
125,residual,2153869,0.004783497,0,true,24,24
125,residual,2153870,0.004783497,0,true,11,11
125,residual,2153871,0.004783497,0,true,47,47
125,residual,2153872,0.004783497,0,true,39,39
125,residual,2153873,0.004783497,0,true,56,56
125,residual,2153874,0.004783497,0,true,63,63
125,residual,2153875,0.004783497,0,true,10,10
125,residual,2153876,0.004783497,0,true,61,61
125,residual,2153877,0.004783497,0,true,0,0
125,residual,2153878,0.004783497,0,true,48,48
125,residual,2153879,0.004783497,0,true,25,25
125,residual,2153880,0.004783497,0,true,5,5
125,residual,2153881,0.004783497,0,true,7,7
125,residual,2153882,0.004783497,0,true,33,33
125,residual,2153883,0.004783497,0,true,2,2
125,residual,2153884,0.004783497,0,true,50,50
125,residual,2153886,0.004783497,0,true,31,31
125,residual,2153887,0.004783497,0,true,20,20
125,residual,2153888,0.004783497,0,true,16,16
125,residual,2153889,0.004783497,0,true,36,36
125,residual,2153890,0.004783497,0,true,35,35
125,residual,2153891,0.004783497,0,true,30,30
125,residual,2153892,0.004783497,0,true,15,15
125,residual,2153893,0.004783497,0,true,51,51
125,residual,2153894,0.004783497,0,true,17,17
125,residual,2153895,0.004783497,0,true,12,12
125,residual,2153896,0.004783497,0,true,45,45
125,residual,2153897,0.004783497,0,true,3,3
125,residual,2153898,0.004783497,0,true,44,44
125,residual,2153899,0.004783497,0,true,21,21
125,residual,2153900,0.004783497,0,true,46,46
125,residual,2153901,0.004783497,0,true,34,34
125,residual,2153902,0.004783497,0,true,43,43
125,residual,2153903,0.004783497,0,true,13,13
125,residual,2153904,0.004783497,0,true,42,42
125,residual,2153905,0.004783497,0,true,41,41
125,residual,2153906,0.004783497,0,true,32,32
125,residual,2153907,0.004783497,0,true,26,26
125,residual,2153908,0.004783497,0,true,18,18
125,residual,2153909,0.004783497,0,true,6,6
125,residual,2153910,0.004783497,0,true,23,23
125,residual,2153911,0.004783497,0,true,19,19
125,residual,2153912,0.004783497,0,true,8,8
125,residual,2153913,0.004783497,0,true,59,59
125,residual,2153914,0.004783497,0,true,38,38
125,residual,2153915,0.004783497,0,true,9,9
125,residual,2153916,0.004783497,0,true,4,4
125,residual,2153917,0.004783497,0,true,22,22
125,residual,2153918,0.004783497,0,true,37,37
125,residual,2153919,0.004783497,0,true,1,1
125,residual,2153920,0.004783497,0,true,28,28
125,residual,2153921,0.004783497,0,true,27,27
125,residual,2153922,0.004783497,0,true,61,61
125,residual,2153923,0.004783497,0,true,7,7
125,residual,2153924,0.004783497,0,true,3,3
125,residual,2153925,0.004783497,0,true,50,50
125,residual,2153926,0.004783497,0,true,31,31
125,residual,2153927,0.004783497,0,true,27,27
125,residual,2153928,0.004783497,0,true,60,60
125,residual,2153929,0.004783497,0,true,51,51
125,residual,2153930,0.004783497,0,true,1,1
125,residual,2153931,0.004783497,0,true,58,58
125,residual,2153932,0.004783497,0,true,16,16
125,residual,2153933,0.004783497,0,true,10,10
125,residual,2153934,0.004783497,0,true,2,2
125,residual,2153935,0.004783497,0,true,62,62
125,residual,2153936,0.004783497,0,true,56,56
125,residual,2153937,0.004783497,0,true,59,59
125,residual,2153938,0.004783497,0,true,11,11
125,residual,2153939,0.004783497,0,true,49,49
125,residual,2153940,0.004783497,0,true,57,57
125,residual,2153941,0.004783497,0,true,53,53
125,residual,2153942,0.004783497,0,true,5,5
125,residual,2153943,0.004783497,0,true,19,19
125,residual,2153944,0.004783497,0,true,4,4
125,residual,2153945,0.004783497,0,true,55,55
125,residual,2153946,0.004783497,0,true,41,41
125,residual,2153947,0.004783497,0,true,42,42
125,residual,2153948,0.004783497,0,true,52,52
125,residual,2153949,0.004783497,0,true,54,54
125,residual,2153950,0.004783497,0,true,40,40
125,residual,2153951,0.004783497,0,true,15,15
125,residual,2153952,0.004783497,0,true,14,14
126,nearfield_update,2153836,0.272653777,19,true,58,58
126,nearfield_update,2153854,0.272653777,0,true,11,11
126,nearfield_update,2153858,0.272653777,13,true,57,57
126,nearfield_update,2153859,0.272653777,3,true,60,60
126,nearfield_update,2153860,0.272653777,11,true,52,52
126,nearfield_update,2153861,0.272653777,23,true,40,40
126,nearfield_update,2153862,0.272653777,7,true,53,53
126,nearfield_update,2153863,0.272653777,22,true,14,14
126,nearfield_update,2153864,0.272653777,7,true,62,62
126,nearfield_update,2153865,0.272653777,1,true,49,49
126,nearfield_update,2153866,0.272653777,1,true,54,54
126,nearfield_update,2153867,0.272653777,18,true,29,29
126,nearfield_update,2153868,0.272653777,8,true,55,55
126,nearfield_update,2153869,0.272653777,18,true,24,24
126,nearfield_update,2153870,0.272653777,24,true,11,11
126,nearfield_update,2153871,0.272653777,19,true,47,47
126,nearfield_update,2153872,0.272653777,24,true,39,39
126,nearfield_update,2153873,0.272653777,13,true,56,56
126,nearfield_update,2153874,0.272653777,3,true,63,63
126,nearfield_update,2153875,0.272653777,24,true,10,10
126,nearfield_update,2153876,0.272653777,15,true,61,61
126,nearfield_update,2153877,0.272653777,5,true,0,6
126,nearfield_update,2153878,0.272653777,1,true,48,48
126,nearfield_update,2153879,0.272653777,17,true,25,25
126,nearfield_update,2153880,0.272653777,20,true,5,5
126,nearfield_update,2153881,0.272653777,20,true,7,7
126,nearfield_update,2153882,0.272653777,21,true,33,33
126,nearfield_update,2153883,0.272653777,22,true,2,2
126,nearfield_update,2153884,0.272653777,9,true,50,50
126,nearfield_update,2153886,0.272653777,17,true,31,31
126,nearfield_update,2153887,0.272653777,19,true,20,20
126,nearfield_update,2153888,0.272653777,18,true,16,16
126,nearfield_update,2153889,0.272653777,22,true,36,36
126,nearfield_update,2153890,0.272653777,21,true,35,35
126,nearfield_update,2153891,0.272653777,18,true,30,30
126,nearfield_update,2153892,0.272653777,23,true,15,15
126,nearfield_update,2153893,0.272653777,9,true,51,51
126,nearfield_update,2153894,0.272653777,18,true,17,17
126,nearfield_update,2153895,0.272653777,22,true,12,12
126,nearfield_update,2153896,0.272653777,20,true,45,45
126,nearfield_update,2153897,0.272653777,22,true,3,32
126,nearfield_update,2153898,0.272653777,17,true,44,48
126,nearfield_update,2153899,0.272653777,18,true,21,21
126,nearfield_update,2153900,0.272653777,21,true,46,46
126,nearfield_update,2153901,0.272653777,21,true,34,34
126,nearfield_update,2153902,0.272653777,20,true,43,43
126,nearfield_update,2153903,0.272653777,23,true,13,13
126,nearfield_update,2153904,0.272653777,20,true,42,42
126,nearfield_update,2153905,0.272653777,21,true,41,41
126,nearfield_update,2153906,0.272653777,13,true,32,54
126,nearfield_update,2153907,0.272653777,17,true,26,26
126,nearfield_update,2153908,0.272653777,18,true,18,18
126,nearfield_update,2153909,0.272653777,22,true,6,44
126,nearfield_update,2153910,0.272653777,18,true,23,23
126,nearfield_update,2153911,0.272653777,18,true,19,19
126,nearfield_update,2153912,0.272653777,22,true,8,0
126,nearfield_update,2153913,0.272653777,10,true,59,59
126,nearfield_update,2153914,0.272653777,21,true,38,38
126,nearfield_update,2153915,0.272653777,22,true,9,1
126,nearfield_update,2153916,0.272653777,22,true,4,4
126,nearfield_update,2153917,0.272653777,17,true,22,22
126,nearfield_update,2153918,0.272653777,21,true,37,37
126,nearfield_update,2153919,0.272653777,22,true,1,0
126,nearfield_update,2153920,0.272653777,18,true,28,28
126,nearfield_update,2153921,0.272653777,18,true,27,27
126,nearfield_update,2153922,0.272653777,0,true,61,61
126,nearfield_update,2153923,0.272653777,0,true,7,7
126,nearfield_update,2153924,0.272653777,0,true,3,3
126,nearfield_update,2153925,0.272653777,0,true,50,50
126,nearfield_update,2153926,0.272653777,0,true,31,31
126,nearfield_update,2153927,0.272653777,0,true,27,27
126,nearfield_update,2153928,0.272653777,0,true,60,60
126,nearfield_update,2153929,0.272653777,0,true,51,51
126,nearfield_update,2153930,0.272653777,0,true,1,1
126,nearfield_update,2153931,0.272653777,0,true,58,58
126,nearfield_update,2153932,0.272653777,0,true,16,16
126,nearfield_update,2153933,0.272653777,0,true,10,10
126,nearfield_update,2153934,0.272653777,0,true,2,2
126,nearfield_update,2153935,0.272653777,0,true,62,62
126,nearfield_update,2153936,0.272653777,0,true,56,56
126,nearfield_update,2153937,0.272653777,0,true,59,59
126,nearfield_update,2153938,0.272653777,0,true,11,11
126,nearfield_update,2153939,0.272653777,0,true,49,49
126,nearfield_update,2153940,0.272653777,0,true,57,57
126,nearfield_update,2153941,0.272653777,0,true,53,53
126,nearfield_update,2153942,0.272653777,0,true,5,5
126,nearfield_update,2153943,0.272653777,0,true,19,19
126,nearfield_update,2153944,0.272653777,0,true,4,4
126,nearfield_update,2153945,0.272653777,0,true,55,55
126,nearfield_update,2153946,0.272653777,0,true,41,41
126,nearfield_update,2153947,0.272653777,0,true,42,42
126,nearfield_update,2153948,0.272653777,0,true,52,52
126,nearfield_update,2153949,0.272653777,0,true,54,54
126,nearfield_update,2153950,0.272653777,0,true,40,40
126,nearfield_update,2153951,0.272653777,0,true,15,15
126,nearfield_update,2153952,0.272653777,0,true,14,14
127,fmm,2153836,0.043352415,3,true,58,60
127,fmm,2153854,0.043352415,0,true,11,11
127,fmm,2153858,0.043352415,2,true,57,57
127,fmm,2153859,0.043352415,3,true,60,62
127,fmm,2153860,0.043352415,2,true,52,52
127,fmm,2153861,0.043352415,2,true,40,40
127,fmm,2153862,0.043352415,2,true,53,53
127,fmm,2153863,0.043352415,3,true,14,14
127,fmm,2153864,0.043352415,2,true,62,63
127,fmm,2153865,0.043352415,3,true,49,49
127,fmm,2153866,0.043352415,2,true,54,54
127,fmm,2153867,0.043352415,2,true,29,29
127,fmm,2153868,0.043352415,2,true,55,55
127,fmm,2153869,0.043352415,2,true,24,24
127,fmm,2153870,0.043352415,2,true,11,11
127,fmm,2153871,0.043352415,2,true,47,47
127,fmm,2153872,0.043352415,2,true,39,39
127,fmm,2153873,0.043352415,2,true,56,56
127,fmm,2153874,0.043352415,2,true,63,58
127,fmm,2153875,0.043352415,2,true,10,10
127,fmm,2153876,0.043352415,2,true,61,59
127,fmm,2153877,0.043352415,2,true,6,6
127,fmm,2153878,0.043352415,1,true,48,48
127,fmm,2153879,0.043352415,2,true,25,25
127,fmm,2153880,0.043352415,2,true,5,5
127,fmm,2153881,0.043352415,2,true,7,7
127,fmm,2153882,0.043352415,2,true,33,33
127,fmm,2153883,0.043352415,2,true,2,2
127,fmm,2153884,0.043352415,2,true,50,50
127,fmm,2153886,0.043352415,2,true,31,31
127,fmm,2153887,0.043352415,2,true,20,20
127,fmm,2153888,0.043352415,2,true,16,16
127,fmm,2153889,0.043352415,2,true,36,36
127,fmm,2153890,0.043352415,2,true,35,35
127,fmm,2153891,0.043352415,2,true,30,30
127,fmm,2153892,0.043352415,2,true,15,15
127,fmm,2153893,0.043352415,2,true,51,51
127,fmm,2153894,0.043352415,2,true,17,17
127,fmm,2153895,0.043352415,2,true,12,12
127,fmm,2153896,0.043352415,2,true,45,45
127,fmm,2153897,0.043352415,2,true,32,32
127,fmm,2153898,0.043352415,2,true,48,61
127,fmm,2153899,0.043352415,2,true,21,21
127,fmm,2153900,0.043352415,3,true,46,46
127,fmm,2153901,0.043352415,2,true,34,34
127,fmm,2153902,0.043352415,2,true,43,43
127,fmm,2153903,0.043352415,3,true,13,13
127,fmm,2153904,0.043352415,2,true,42,42
127,fmm,2153905,0.043352415,2,true,41,41
127,fmm,2153906,0.043352415,2,true,54,61
127,fmm,2153907,0.043352415,2,true,26,26
127,fmm,2153908,0.043352415,2,true,18,18
127,fmm,2153909,0.043352415,2,true,44,44
127,fmm,2153910,0.043352415,2,true,23,23
127,fmm,2153911,0.043352415,2,true,19,19
127,fmm,2153912,0.043352415,2,true,0,0
127,fmm,2153913,0.043352415,2,true,59,51
127,fmm,2153914,0.043352415,2,true,38,38
127,fmm,2153915,0.043352415,1,true,1,1
127,fmm,2153916,0.043352415,1,true,4,4
127,fmm,2153917,0.043352415,1,true,22,22
127,fmm,2153918,0.043352415,1,true,37,37
127,fmm,2153919,0.043352415,1,true,0,8
127,fmm,2153920,0.043352415,0,true,28,28
127,fmm,2153921,0.043352415,0,true,27,27
127,fmm,2153922,0.043352415,0,true,61,61
127,fmm,2153923,0.043352415,0,true,7,7
127,fmm,2153924,0.043352415,0,true,3,3
127,fmm,2153925,0.043352415,0,true,50,50
127,fmm,2153926,0.043352415,0,true,31,31
127,fmm,2153927,0.043352415,0,true,27,27
127,fmm,2153928,0.043352415,0,true,60,60
127,fmm,2153929,0.043352415,0,true,51,51
127,fmm,2153930,0.043352415,0,true,1,1
127,fmm,2153931,0.043352415,0,true,58,58
127,fmm,2153932,0.043352415,0,true,16,16
127,fmm,2153933,0.043352415,0,true,10,10
127,fmm,2153934,0.043352415,0,true,2,2
127,fmm,2153935,0.043352415,0,true,62,62
127,fmm,2153936,0.043352415,0,true,56,56
127,fmm,2153937,0.043352415,0,true,59,59
127,fmm,2153938,0.043352415,0,true,11,11
127,fmm,2153939,0.043352415,0,true,49,49
127,fmm,2153940,0.043352415,0,true,57,57
127,fmm,2153941,0.043352415,0,true,53,53
127,fmm,2153942,0.043352415,0,true,5,5
127,fmm,2153943,0.043352415,0,true,19,19
127,fmm,2153944,0.043352415,0,true,4,4
127,fmm,2153945,0.043352415,0,true,55,55
127,fmm,2153946,0.043352415,0,true,41,41
127,fmm,2153947,0.043352415,0,true,42,42
127,fmm,2153948,0.043352415,0,true,52,52
127,fmm,2153949,0.043352415,0,true,54,54
127,fmm,2153950,0.043352415,0,true,40,40
127,fmm,2153951,0.043352415,0,true,15,15
127,fmm,2153952,0.043352415,0,true,14,14
128,influence_mapping,2153836,0.000609754,0,true,60,60
128,influence_mapping,2153854,0.000609754,0,true,11,11
128,influence_mapping,2153858,0.000609754,0,true,57,57
128,influence_mapping,2153859,0.000609754,0,true,62,62
128,influence_mapping,2153860,0.000609754,0,true,52,52
128,influence_mapping,2153861,0.000609754,0,true,40,40
128,influence_mapping,2153862,0.000609754,0,true,53,53
128,influence_mapping,2153863,0.000609754,0,true,14,14
128,influence_mapping,2153864,0.000609754,0,true,63,63
128,influence_mapping,2153865,0.000609754,0,true,49,49
128,influence_mapping,2153866,0.000609754,0,true,54,54
128,influence_mapping,2153867,0.000609754,0,true,29,29
128,influence_mapping,2153868,0.000609754,0,true,55,55
128,influence_mapping,2153869,0.000609754,0,true,24,24
128,influence_mapping,2153870,0.000609754,0,true,11,11
128,influence_mapping,2153871,0.000609754,0,true,47,47
128,influence_mapping,2153872,0.000609754,0,true,39,39
128,influence_mapping,2153873,0.000609754,0,true,56,56
128,influence_mapping,2153874,0.000609754,0,true,58,58
128,influence_mapping,2153875,0.000609754,0,true,10,10
128,influence_mapping,2153876,0.000609754,0,true,59,59
128,influence_mapping,2153877,0.000609754,0,true,6,6
128,influence_mapping,2153878,0.000609754,0,true,48,48
128,influence_mapping,2153879,0.000609754,0,true,25,25
128,influence_mapping,2153880,0.000609754,0,true,5,5
128,influence_mapping,2153881,0.000609754,0,true,7,7
128,influence_mapping,2153882,0.000609754,0,true,33,33
128,influence_mapping,2153883,0.000609754,0,true,2,2
128,influence_mapping,2153884,0.000609754,0,true,50,50
128,influence_mapping,2153886,0.000609754,0,true,31,31
128,influence_mapping,2153887,0.000609754,0,true,20,20
128,influence_mapping,2153888,0.000609754,0,true,16,16
128,influence_mapping,2153889,0.000609754,0,true,36,36
128,influence_mapping,2153890,0.000609754,0,true,35,35
128,influence_mapping,2153891,0.000609754,0,true,30,30
128,influence_mapping,2153892,0.000609754,0,true,15,15
128,influence_mapping,2153893,0.000609754,0,true,51,51
128,influence_mapping,2153894,0.000609754,0,true,17,17
128,influence_mapping,2153895,0.000609754,0,true,12,12
128,influence_mapping,2153896,0.000609754,0,true,45,45
128,influence_mapping,2153897,0.000609754,0,true,32,32
128,influence_mapping,2153898,0.000609754,0,true,61,61
128,influence_mapping,2153899,0.000609754,0,true,21,21
128,influence_mapping,2153900,0.000609754,0,true,46,46
128,influence_mapping,2153901,0.000609754,0,true,34,34
128,influence_mapping,2153902,0.000609754,0,true,43,43
128,influence_mapping,2153903,0.000609754,0,true,13,13
128,influence_mapping,2153904,0.000609754,0,true,42,42
128,influence_mapping,2153905,0.000609754,0,true,41,41
128,influence_mapping,2153906,0.000609754,0,true,61,61
128,influence_mapping,2153907,0.000609754,0,true,26,26
128,influence_mapping,2153908,0.000609754,0,true,18,18
128,influence_mapping,2153909,0.000609754,0,true,44,44
128,influence_mapping,2153910,0.000609754,0,true,23,23
128,influence_mapping,2153911,0.000609754,0,true,19,19
128,influence_mapping,2153912,0.000609754,0,true,0,0
128,influence_mapping,2153913,0.000609754,0,true,51,51
128,influence_mapping,2153914,0.000609754,0,true,38,38
128,influence_mapping,2153915,0.000609754,0,true,1,1
128,influence_mapping,2153916,0.000609754,0,true,4,4
128,influence_mapping,2153917,0.000609754,0,true,22,22
128,influence_mapping,2153918,0.000609754,0,true,37,37
128,influence_mapping,2153919,0.000609754,0,true,8,8
128,influence_mapping,2153920,0.000609754,0,true,28,28
128,influence_mapping,2153921,0.000609754,0,true,27,27
128,influence_mapping,2153922,0.000609754,0,true,61,61
128,influence_mapping,2153923,0.000609754,0,true,7,7
128,influence_mapping,2153924,0.000609754,0,true,3,3
128,influence_mapping,2153925,0.000609754,0,true,50,50
128,influence_mapping,2153926,0.000609754,0,true,31,31
128,influence_mapping,2153927,0.000609754,0,true,27,27
128,influence_mapping,2153928,0.000609754,0,true,60,60
128,influence_mapping,2153929,0.000609754,0,true,51,51
128,influence_mapping,2153930,0.000609754,0,true,1,1
128,influence_mapping,2153931,0.000609754,0,true,58,58
128,influence_mapping,2153932,0.000609754,0,true,16,16
128,influence_mapping,2153933,0.000609754,0,true,10,10
128,influence_mapping,2153934,0.000609754,0,true,2,2
128,influence_mapping,2153935,0.000609754,0,true,62,62
128,influence_mapping,2153936,0.000609754,0,true,56,56
128,influence_mapping,2153937,0.000609754,0,true,59,59
128,influence_mapping,2153938,0.000609754,0,true,11,11
128,influence_mapping,2153939,0.000609754,0,true,49,49
128,influence_mapping,2153940,0.000609754,0,true,57,57
128,influence_mapping,2153941,0.000609754,0,true,53,53
128,influence_mapping,2153942,0.000609754,0,true,5,5
128,influence_mapping,2153943,0.000609754,0,true,19,19
128,influence_mapping,2153944,0.000609754,0,true,4,4
128,influence_mapping,2153945,0.000609754,0,true,55,55
128,influence_mapping,2153946,0.000609754,0,true,41,41
128,influence_mapping,2153947,0.000609754,0,true,42,42
128,influence_mapping,2153948,0.000609754,0,true,52,52
128,influence_mapping,2153949,0.000609754,0,true,54,54
128,influence_mapping,2153950,0.000609754,0,true,40,40
128,influence_mapping,2153951,0.000609754,0,true,15,15
128,influence_mapping,2153952,0.000609754,0,true,14,14
129,residual,2153836,0.004998561,0,true,60,60
129,residual,2153854,0.004998561,0,true,11,11
129,residual,2153858,0.004998561,0,true,57,57
129,residual,2153859,0.004998561,0,true,62,62
129,residual,2153860,0.004998561,0,true,52,52
129,residual,2153861,0.004998561,0,true,40,40
129,residual,2153862,0.004998561,0,true,53,53
129,residual,2153863,0.004998561,0,true,14,14
129,residual,2153864,0.004998561,0,true,63,63
129,residual,2153865,0.004998561,0,true,49,49
129,residual,2153866,0.004998561,0,true,54,54
129,residual,2153867,0.004998561,0,true,29,29
129,residual,2153868,0.004998561,0,true,55,55
129,residual,2153869,0.004998561,0,true,24,24
129,residual,2153870,0.004998561,0,true,11,11
129,residual,2153871,0.004998561,0,true,47,47
129,residual,2153872,0.004998561,0,true,39,39
129,residual,2153873,0.004998561,0,true,56,56
129,residual,2153874,0.004998561,0,true,58,58
129,residual,2153875,0.004998561,0,true,10,10
129,residual,2153876,0.004998561,0,true,59,59
129,residual,2153877,0.004998561,0,true,6,6
129,residual,2153878,0.004998561,0,true,48,48
129,residual,2153879,0.004998561,0,true,25,25
129,residual,2153880,0.004998561,0,true,5,5
129,residual,2153881,0.004998561,0,true,7,7
129,residual,2153882,0.004998561,0,true,33,33
129,residual,2153883,0.004998561,0,true,2,2
129,residual,2153884,0.004998561,0,true,50,50
129,residual,2153886,0.004998561,0,true,31,31
129,residual,2153887,0.004998561,0,true,20,20
129,residual,2153888,0.004998561,0,true,16,16
129,residual,2153889,0.004998561,0,true,36,36
129,residual,2153890,0.004998561,0,true,35,35
129,residual,2153891,0.004998561,0,true,30,30
129,residual,2153892,0.004998561,0,true,15,15
129,residual,2153893,0.004998561,0,true,51,51
129,residual,2153894,0.004998561,0,true,17,17
129,residual,2153895,0.004998561,0,true,12,12
129,residual,2153896,0.004998561,0,true,45,45
129,residual,2153897,0.004998561,0,true,32,32
129,residual,2153898,0.004998561,0,true,61,61
129,residual,2153899,0.004998561,0,true,21,21
129,residual,2153900,0.004998561,0,true,46,46
129,residual,2153901,0.004998561,0,true,34,34
129,residual,2153902,0.004998561,0,true,43,43
129,residual,2153903,0.004998561,0,true,13,13
129,residual,2153904,0.004998561,0,true,42,42
129,residual,2153905,0.004998561,0,true,41,41
129,residual,2153906,0.004998561,0,true,61,61
129,residual,2153907,0.004998561,0,true,26,26
129,residual,2153908,0.004998561,0,true,18,18
129,residual,2153909,0.004998561,0,true,44,44
129,residual,2153910,0.004998561,0,true,23,23
129,residual,2153911,0.004998561,0,true,19,19
129,residual,2153912,0.004998561,0,true,0,0
129,residual,2153913,0.004998561,0,true,51,51
129,residual,2153914,0.004998561,0,true,38,38
129,residual,2153915,0.004998561,0,true,1,1
129,residual,2153916,0.004998561,0,true,4,4
129,residual,2153917,0.004998561,0,true,22,22
129,residual,2153918,0.004998561,0,true,37,37
129,residual,2153919,0.004998561,0,true,8,8
129,residual,2153920,0.004998561,0,true,28,28
129,residual,2153921,0.004998561,0,true,27,27
129,residual,2153922,0.004998561,0,true,61,61
129,residual,2153923,0.004998561,0,true,7,7
129,residual,2153924,0.004998561,0,true,3,3
129,residual,2153925,0.004998561,0,true,50,50
129,residual,2153926,0.004998561,0,true,31,31
129,residual,2153927,0.004998561,0,true,27,27
129,residual,2153928,0.004998561,0,true,60,60
129,residual,2153929,0.004998561,0,true,51,51
129,residual,2153930,0.004998561,0,true,1,1
129,residual,2153931,0.004998561,0,true,58,58
129,residual,2153932,0.004998561,0,true,16,16
129,residual,2153933,0.004998561,0,true,10,10
129,residual,2153934,0.004998561,0,true,2,2
129,residual,2153935,0.004998561,0,true,62,62
129,residual,2153936,0.004998561,0,true,56,56
129,residual,2153937,0.004998561,0,true,59,59
129,residual,2153938,0.004998561,0,true,11,11
129,residual,2153939,0.004998561,0,true,49,49
129,residual,2153940,0.004998561,0,true,57,57
129,residual,2153941,0.004998561,0,true,53,53
129,residual,2153942,0.004998561,0,true,5,5
129,residual,2153943,0.004998561,0,true,19,19
129,residual,2153944,0.004998561,0,true,4,4
129,residual,2153945,0.004998561,0,true,55,55
129,residual,2153946,0.004998561,0,true,41,41
129,residual,2153947,0.004998561,0,true,42,42
129,residual,2153948,0.004998561,0,true,52,52
129,residual,2153949,0.004998561,0,true,54,54
129,residual,2153950,0.004998561,0,true,40,40
129,residual,2153951,0.004998561,0,true,15,15
129,residual,2153952,0.004998561,0,true,14,14
130,nearfield_update,2153836,0.274802208,19,true,60,60
130,nearfield_update,2153854,0.274802208,0,true,11,11
130,nearfield_update,2153858,0.274802208,12,true,57,57
130,nearfield_update,2153859,0.274802208,3,true,62,62
130,nearfield_update,2153860,0.274802208,11,true,52,52
130,nearfield_update,2153861,0.274802208,24,true,40,40
130,nearfield_update,2153862,0.274802208,8,true,53,53
130,nearfield_update,2153863,0.274802208,23,true,14,14
130,nearfield_update,2153864,0.274802208,8,true,63,50
130,nearfield_update,2153865,0.274802208,1,true,49,49
130,nearfield_update,2153866,0.274802208,1,true,54,54
130,nearfield_update,2153867,0.274802208,18,true,29,29
130,nearfield_update,2153868,0.274802208,8,true,55,55
130,nearfield_update,2153869,0.274802208,18,true,24,24
130,nearfield_update,2153870,0.274802208,23,true,11,11
130,nearfield_update,2153871,0.274802208,18,true,47,47
130,nearfield_update,2153872,0.274802208,24,true,39,39
130,nearfield_update,2153873,0.274802208,14,true,56,56
130,nearfield_update,2153874,0.274802208,3,true,58,58
130,nearfield_update,2153875,0.274802208,24,true,10,10
130,nearfield_update,2153876,0.274802208,15,true,59,59
130,nearfield_update,2153877,0.274802208,4,true,6,6
130,nearfield_update,2153878,0.274802208,1,true,48,48
130,nearfield_update,2153879,0.274802208,17,true,25,25
130,nearfield_update,2153880,0.274802208,20,true,5,5
130,nearfield_update,2153881,0.274802208,19,true,7,7
130,nearfield_update,2153882,0.274802208,21,true,33,33
130,nearfield_update,2153883,0.274802208,22,true,2,2
130,nearfield_update,2153884,0.274802208,8,true,50,54
130,nearfield_update,2153886,0.274802208,17,true,31,31
130,nearfield_update,2153887,0.274802208,17,true,20,20
130,nearfield_update,2153888,0.274802208,17,true,16,16
130,nearfield_update,2153889,0.274802208,21,true,36,36
130,nearfield_update,2153890,0.274802208,21,true,35,35
130,nearfield_update,2153891,0.274802208,17,true,30,30
130,nearfield_update,2153892,0.274802208,22,true,15,15
130,nearfield_update,2153893,0.274802208,9,true,51,51
130,nearfield_update,2153894,0.274802208,18,true,17,17
130,nearfield_update,2153895,0.274802208,23,true,12,12
130,nearfield_update,2153896,0.274802208,20,true,45,45
130,nearfield_update,2153897,0.274802208,21,true,32,32
130,nearfield_update,2153898,0.274802208,11,true,61,61
130,nearfield_update,2153899,0.274802208,18,true,21,21
130,nearfield_update,2153900,0.274802208,20,true,46,46
130,nearfield_update,2153901,0.274802208,20,true,34,41
130,nearfield_update,2153902,0.274802208,22,true,43,43
130,nearfield_update,2153903,0.274802208,22,true,13,13
130,nearfield_update,2153904,0.274802208,21,true,42,37
130,nearfield_update,2153905,0.274802208,21,true,41,44
130,nearfield_update,2153906,0.274802208,22,true,61,9
130,nearfield_update,2153907,0.274802208,18,true,26,26
130,nearfield_update,2153908,0.274802208,17,true,18,18
130,nearfield_update,2153909,0.274802208,19,true,44,34
130,nearfield_update,2153910,0.274802208,18,true,23,23
130,nearfield_update,2153911,0.274802208,17,true,19,19
130,nearfield_update,2153912,0.274802208,22,true,0,0
130,nearfield_update,2153913,0.274802208,9,true,51,63
130,nearfield_update,2153914,0.274802208,21,true,38,38
130,nearfield_update,2153915,0.274802208,21,true,1,1
130,nearfield_update,2153916,0.274802208,22,true,4,4
130,nearfield_update,2153917,0.274802208,18,true,22,22
130,nearfield_update,2153918,0.274802208,20,true,37,42
130,nearfield_update,2153919,0.274802208,24,true,8,8
130,nearfield_update,2153920,0.274802208,18,true,28,28
130,nearfield_update,2153921,0.274802208,18,true,27,27
130,nearfield_update,2153922,0.274802208,0,true,61,61
130,nearfield_update,2153923,0.274802208,0,true,7,7
130,nearfield_update,2153924,0.274802208,0,true,3,3
130,nearfield_update,2153925,0.274802208,0,true,50,50
130,nearfield_update,2153926,0.274802208,0,true,31,31
130,nearfield_update,2153927,0.274802208,0,true,27,27
130,nearfield_update,2153928,0.274802208,0,true,60,60
130,nearfield_update,2153929,0.274802208,0,true,51,51
130,nearfield_update,2153930,0.274802208,0,true,1,1
130,nearfield_update,2153931,0.274802208,0,true,58,58
130,nearfield_update,2153932,0.274802208,0,true,16,16
130,nearfield_update,2153933,0.274802208,0,true,10,10
130,nearfield_update,2153934,0.274802208,0,true,2,2
130,nearfield_update,2153935,0.274802208,0,true,62,62
130,nearfield_update,2153936,0.274802208,0,true,56,56
130,nearfield_update,2153937,0.274802208,0,true,59,59
130,nearfield_update,2153938,0.274802208,0,true,11,11
130,nearfield_update,2153939,0.274802208,0,true,49,49
130,nearfield_update,2153940,0.274802208,0,true,57,57
130,nearfield_update,2153941,0.274802208,0,true,53,53
130,nearfield_update,2153942,0.274802208,0,true,5,5
130,nearfield_update,2153943,0.274802208,0,true,19,19
130,nearfield_update,2153944,0.274802208,0,true,4,4
130,nearfield_update,2153945,0.274802208,0,true,55,55
130,nearfield_update,2153946,0.274802208,0,true,41,41
130,nearfield_update,2153947,0.274802208,0,true,42,42
130,nearfield_update,2153948,0.274802208,0,true,52,52
130,nearfield_update,2153949,0.274802208,0,true,54,54
130,nearfield_update,2153950,0.274802208,0,true,40,40
130,nearfield_update,2153951,0.274802208,0,true,15,15
130,nearfield_update,2153952,0.274802208,0,true,14,14
131,fmm,2153836,0.036117988,3,true,60,60
131,fmm,2153854,0.036117988,0,true,11,11
131,fmm,2153858,0.036117988,3,true,57,57
131,fmm,2153859,0.036117988,2,true,62,27
131,fmm,2153860,0.036117988,2,true,52,61
131,fmm,2153861,0.036117988,3,true,40,40
131,fmm,2153862,0.036117988,2,true,53,48
131,fmm,2153863,0.036117988,2,true,14,15
131,fmm,2153864,0.036117988,1,true,50,50
131,fmm,2153865,0.036117988,4,true,49,49
131,fmm,2153866,0.036117988,2,true,54,54
131,fmm,2153867,0.036117988,2,true,29,29
131,fmm,2153868,0.036117988,2,true,55,55
131,fmm,2153869,0.036117988,2,true,24,24
131,fmm,2153870,0.036117988,2,true,11,11
131,fmm,2153871,0.036117988,2,true,47,47
131,fmm,2153872,0.036117988,2,true,39,39
131,fmm,2153873,0.036117988,2,true,56,56
131,fmm,2153874,0.036117988,2,true,58,58
131,fmm,2153875,0.036117988,2,true,10,10
131,fmm,2153876,0.036117988,1,true,59,59
131,fmm,2153877,0.036117988,2,true,6,6
131,fmm,2153878,0.036117988,2,true,48,52
131,fmm,2153879,0.036117988,2,true,25,25
131,fmm,2153880,0.036117988,2,true,5,5
131,fmm,2153881,0.036117988,1,true,7,7
131,fmm,2153882,0.036117988,2,true,33,33
131,fmm,2153883,0.036117988,1,true,2,2
131,fmm,2153884,0.036117988,2,true,54,51
131,fmm,2153886,0.036117988,2,true,31,31
131,fmm,2153887,0.036117988,2,true,20,20
131,fmm,2153888,0.036117988,2,true,16,16
131,fmm,2153889,0.036117988,2,true,36,36
131,fmm,2153890,0.036117988,2,true,35,35
131,fmm,2153891,0.036117988,2,true,30,30
131,fmm,2153892,0.036117988,2,true,15,13
131,fmm,2153893,0.036117988,2,true,51,62
131,fmm,2153894,0.036117988,2,true,17,17
131,fmm,2153895,0.036117988,1,true,12,12
131,fmm,2153896,0.036117988,2,true,45,45
131,fmm,2153897,0.036117988,2,true,32,32
131,fmm,2153898,0.036117988,2,true,61,63
131,fmm,2153899,0.036117988,2,true,21,21
131,fmm,2153900,0.036117988,2,true,46,46
131,fmm,2153901,0.036117988,2,true,41,41
131,fmm,2153902,0.036117988,2,true,43,43
131,fmm,2153903,0.036117988,2,true,13,14
131,fmm,2153904,0.036117988,3,true,37,37
131,fmm,2153905,0.036117988,1,true,44,44
131,fmm,2153906,0.036117988,3,true,9,9
131,fmm,2153907,0.036117988,2,true,26,26
131,fmm,2153908,0.036117988,2,true,18,18
131,fmm,2153909,0.036117988,2,true,34,34
131,fmm,2153910,0.036117988,2,true,23,23
131,fmm,2153911,0.036117988,2,true,19,19
131,fmm,2153912,0.036117988,2,true,0,0
131,fmm,2153913,0.036117988,2,true,63,53
131,fmm,2153914,0.036117988,2,true,38,38
131,fmm,2153915,0.036117988,2,true,1,1
131,fmm,2153916,0.036117988,1,true,4,4
131,fmm,2153917,0.036117988,1,true,22,22
131,fmm,2153918,0.036117988,2,true,42,42
131,fmm,2153919,0.036117988,1,true,8,8
131,fmm,2153920,0.036117988,0,true,28,28
131,fmm,2153921,0.036117988,0,true,27,53
131,fmm,2153922,0.036117988,0,true,61,61
131,fmm,2153923,0.036117988,0,true,7,7
131,fmm,2153924,0.036117988,0,true,3,3
131,fmm,2153925,0.036117988,0,true,50,50
131,fmm,2153926,0.036117988,0,true,31,31
131,fmm,2153927,0.036117988,0,true,27,27
131,fmm,2153928,0.036117988,0,true,60,60
131,fmm,2153929,0.036117988,0,true,51,51
131,fmm,2153930,0.036117988,0,true,1,1
131,fmm,2153931,0.036117988,0,true,58,58
131,fmm,2153932,0.036117988,0,true,16,16
131,fmm,2153933,0.036117988,0,true,10,10
131,fmm,2153934,0.036117988,0,true,2,2
131,fmm,2153935,0.036117988,0,true,62,62
131,fmm,2153936,0.036117988,0,true,56,56
131,fmm,2153937,0.036117988,0,true,59,59
131,fmm,2153938,0.036117988,0,true,11,11
131,fmm,2153939,0.036117988,0,true,49,49
131,fmm,2153940,0.036117988,0,true,57,57
131,fmm,2153941,0.036117988,0,true,53,53
131,fmm,2153942,0.036117988,0,true,5,5
131,fmm,2153943,0.036117988,0,true,19,19
131,fmm,2153944,0.036117988,0,true,4,4
131,fmm,2153945,0.036117988,0,true,55,55
131,fmm,2153946,0.036117988,0,true,41,41
131,fmm,2153947,0.036117988,0,true,42,42
131,fmm,2153948,0.036117988,0,true,52,52
131,fmm,2153949,0.036117988,0,true,54,54
131,fmm,2153950,0.036117988,0,true,40,40
131,fmm,2153951,0.036117988,0,true,15,15
131,fmm,2153952,0.036117988,0,true,14,14
132,influence_mapping,2153836,0.000642075,0,true,60,60
132,influence_mapping,2153854,0.000642075,0,true,11,11
132,influence_mapping,2153858,0.000642075,0,true,57,57
132,influence_mapping,2153859,0.000642075,0,true,27,27
132,influence_mapping,2153860,0.000642075,0,true,61,61
132,influence_mapping,2153861,0.000642075,0,true,40,40
132,influence_mapping,2153862,0.000642075,0,true,48,48
132,influence_mapping,2153863,0.000642075,0,true,15,15
132,influence_mapping,2153864,0.000642075,0,true,50,50
132,influence_mapping,2153865,0.000642075,0,true,49,49
132,influence_mapping,2153866,0.000642075,0,true,54,54
132,influence_mapping,2153867,0.000642075,0,true,29,29
132,influence_mapping,2153868,0.000642075,0,true,55,55
132,influence_mapping,2153869,0.000642075,0,true,24,24
132,influence_mapping,2153870,0.000642075,0,true,11,11
132,influence_mapping,2153871,0.000642075,0,true,47,47
132,influence_mapping,2153872,0.000642075,0,true,39,39
132,influence_mapping,2153873,0.000642075,0,true,56,56
132,influence_mapping,2153874,0.000642075,0,true,58,58
132,influence_mapping,2153875,0.000642075,0,true,10,10
132,influence_mapping,2153876,0.000642075,0,true,59,59
132,influence_mapping,2153877,0.000642075,0,true,6,6
132,influence_mapping,2153878,0.000642075,0,true,52,52
132,influence_mapping,2153879,0.000642075,0,true,25,25
132,influence_mapping,2153880,0.000642075,0,true,5,5
132,influence_mapping,2153881,0.000642075,0,true,7,7
132,influence_mapping,2153882,0.000642075,0,true,33,33
132,influence_mapping,2153883,0.000642075,0,true,2,2
132,influence_mapping,2153884,0.000642075,0,true,51,51
132,influence_mapping,2153886,0.000642075,0,true,31,31
132,influence_mapping,2153887,0.000642075,0,true,20,20
132,influence_mapping,2153888,0.000642075,0,true,16,16
132,influence_mapping,2153889,0.000642075,0,true,36,36
132,influence_mapping,2153890,0.000642075,0,true,35,35
132,influence_mapping,2153891,0.000642075,0,true,30,30
132,influence_mapping,2153892,0.000642075,0,true,13,13
132,influence_mapping,2153893,0.000642075,0,true,62,62
132,influence_mapping,2153894,0.000642075,0,true,17,17
132,influence_mapping,2153895,0.000642075,0,true,12,12
132,influence_mapping,2153896,0.000642075,0,true,45,45
132,influence_mapping,2153897,0.000642075,0,true,32,32
132,influence_mapping,2153898,0.000642075,0,true,63,63
132,influence_mapping,2153899,0.000642075,0,true,21,21
132,influence_mapping,2153900,0.000642075,0,true,46,46
132,influence_mapping,2153901,0.000642075,0,true,41,41
132,influence_mapping,2153902,0.000642075,0,true,43,43
132,influence_mapping,2153903,0.000642075,0,true,14,14
132,influence_mapping,2153904,0.000642075,0,true,37,37
132,influence_mapping,2153905,0.000642075,0,true,44,44
132,influence_mapping,2153906,0.000642075,0,true,9,9
132,influence_mapping,2153907,0.000642075,0,true,26,26
132,influence_mapping,2153908,0.000642075,0,true,18,18
132,influence_mapping,2153909,0.000642075,0,true,34,34
132,influence_mapping,2153910,0.000642075,0,true,23,23
132,influence_mapping,2153911,0.000642075,0,true,19,19
132,influence_mapping,2153912,0.000642075,0,true,0,0
132,influence_mapping,2153913,0.000642075,0,true,53,53
132,influence_mapping,2153914,0.000642075,0,true,38,38
132,influence_mapping,2153915,0.000642075,0,true,1,1
132,influence_mapping,2153916,0.000642075,0,true,4,4
132,influence_mapping,2153917,0.000642075,0,true,22,22
132,influence_mapping,2153918,0.000642075,0,true,42,42
132,influence_mapping,2153919,0.000642075,0,true,8,8
132,influence_mapping,2153920,0.000642075,0,true,28,28
132,influence_mapping,2153921,0.000642075,0,true,53,53
132,influence_mapping,2153922,0.000642075,0,true,61,61
132,influence_mapping,2153923,0.000642075,0,true,7,7
132,influence_mapping,2153924,0.000642075,0,true,3,3
132,influence_mapping,2153925,0.000642075,0,true,50,50
132,influence_mapping,2153926,0.000642075,0,true,31,31
132,influence_mapping,2153927,0.000642075,0,true,27,27
132,influence_mapping,2153928,0.000642075,0,true,60,60
132,influence_mapping,2153929,0.000642075,0,true,51,51
132,influence_mapping,2153930,0.000642075,0,true,1,1
132,influence_mapping,2153931,0.000642075,0,true,58,58
132,influence_mapping,2153932,0.000642075,0,true,16,16
132,influence_mapping,2153933,0.000642075,0,true,10,10
132,influence_mapping,2153934,0.000642075,0,true,2,2
132,influence_mapping,2153935,0.000642075,0,true,62,62
132,influence_mapping,2153936,0.000642075,0,true,56,56
132,influence_mapping,2153937,0.000642075,0,true,59,59
132,influence_mapping,2153938,0.000642075,0,true,11,11
132,influence_mapping,2153939,0.000642075,0,true,49,49
132,influence_mapping,2153940,0.000642075,0,true,57,57
132,influence_mapping,2153941,0.000642075,0,true,53,53
132,influence_mapping,2153942,0.000642075,0,true,5,5
132,influence_mapping,2153943,0.000642075,0,true,19,19
132,influence_mapping,2153944,0.000642075,0,true,4,4
132,influence_mapping,2153945,0.000642075,0,true,55,55
132,influence_mapping,2153946,0.000642075,0,true,41,41
132,influence_mapping,2153947,0.000642075,0,true,42,42
132,influence_mapping,2153948,0.000642075,0,true,52,52
132,influence_mapping,2153949,0.000642075,0,true,54,54
132,influence_mapping,2153950,0.000642075,0,true,40,40
132,influence_mapping,2153951,0.000642075,0,true,15,15
132,influence_mapping,2153952,0.000642075,0,true,14,14
133,residual,2153836,0.004829694,1,true,60,60
133,residual,2153854,0.004829694,0,true,11,11
133,residual,2153858,0.004829694,0,true,57,57
133,residual,2153859,0.004829694,0,true,27,27
133,residual,2153860,0.004829694,0,true,61,61
133,residual,2153861,0.004829694,0,true,40,40
133,residual,2153862,0.004829694,0,true,48,48
133,residual,2153863,0.004829694,0,true,15,15
133,residual,2153864,0.004829694,0,true,50,50
133,residual,2153865,0.004829694,0,true,49,49
133,residual,2153866,0.004829694,0,true,54,54
133,residual,2153867,0.004829694,0,true,29,29
133,residual,2153868,0.004829694,0,true,55,55
133,residual,2153869,0.004829694,0,true,24,24
133,residual,2153870,0.004829694,0,true,11,11
133,residual,2153871,0.004829694,0,true,47,47
133,residual,2153872,0.004829694,0,true,39,39
133,residual,2153873,0.004829694,0,true,56,56
133,residual,2153874,0.004829694,0,true,58,58
133,residual,2153875,0.004829694,0,true,10,10
133,residual,2153876,0.004829694,0,true,59,59
133,residual,2153877,0.004829694,0,true,6,6
133,residual,2153878,0.004829694,0,true,52,52
133,residual,2153879,0.004829694,0,true,25,25
133,residual,2153880,0.004829694,0,true,5,5
133,residual,2153881,0.004829694,0,true,7,7
133,residual,2153882,0.004829694,0,true,33,33
133,residual,2153883,0.004829694,0,true,2,2
133,residual,2153884,0.004829694,0,true,51,51
133,residual,2153886,0.004829694,0,true,31,31
133,residual,2153887,0.004829694,0,true,20,20
133,residual,2153888,0.004829694,0,true,16,16
133,residual,2153889,0.004829694,0,true,36,36
133,residual,2153890,0.004829694,0,true,35,35
133,residual,2153891,0.004829694,0,true,30,30
133,residual,2153892,0.004829694,0,true,13,13
133,residual,2153893,0.004829694,0,true,62,62
133,residual,2153894,0.004829694,0,true,17,17
133,residual,2153895,0.004829694,0,true,12,12
133,residual,2153896,0.004829694,0,true,45,45
133,residual,2153897,0.004829694,0,true,32,32
133,residual,2153898,0.004829694,0,true,63,63
133,residual,2153899,0.004829694,0,true,21,21
133,residual,2153900,0.004829694,0,true,46,46
133,residual,2153901,0.004829694,0,true,41,41
133,residual,2153902,0.004829694,0,true,43,43
133,residual,2153903,0.004829694,0,true,14,14
133,residual,2153904,0.004829694,0,true,37,37
133,residual,2153905,0.004829694,0,true,44,44
133,residual,2153906,0.004829694,0,true,9,9
133,residual,2153907,0.004829694,0,true,26,26
133,residual,2153908,0.004829694,0,true,18,18
133,residual,2153909,0.004829694,0,true,34,34
133,residual,2153910,0.004829694,0,true,23,23
133,residual,2153911,0.004829694,0,true,19,19
133,residual,2153912,0.004829694,0,true,0,0
133,residual,2153913,0.004829694,0,true,53,53
133,residual,2153914,0.004829694,0,true,38,38
133,residual,2153915,0.004829694,0,true,1,1
133,residual,2153916,0.004829694,0,true,4,4
133,residual,2153917,0.004829694,0,true,22,22
133,residual,2153918,0.004829694,0,true,42,42
133,residual,2153919,0.004829694,0,true,8,8
133,residual,2153920,0.004829694,0,true,28,28
133,residual,2153921,0.004829694,0,true,53,53
133,residual,2153922,0.004829694,0,true,61,61
133,residual,2153923,0.004829694,0,true,7,7
133,residual,2153924,0.004829694,0,true,3,3
133,residual,2153925,0.004829694,0,true,50,50
133,residual,2153926,0.004829694,0,true,31,31
133,residual,2153927,0.004829694,0,true,27,27
133,residual,2153928,0.004829694,0,true,60,60
133,residual,2153929,0.004829694,0,true,51,51
133,residual,2153930,0.004829694,0,true,1,1
133,residual,2153931,0.004829694,0,true,58,58
133,residual,2153932,0.004829694,0,true,16,16
133,residual,2153933,0.004829694,0,true,10,10
133,residual,2153934,0.004829694,0,true,2,2
133,residual,2153935,0.004829694,0,true,62,62
133,residual,2153936,0.004829694,0,true,56,56
133,residual,2153937,0.004829694,0,true,59,59
133,residual,2153938,0.004829694,0,true,11,11
133,residual,2153939,0.004829694,0,true,49,49
133,residual,2153940,0.004829694,0,true,57,57
133,residual,2153941,0.004829694,0,true,53,53
133,residual,2153942,0.004829694,0,true,5,5
133,residual,2153943,0.004829694,0,true,19,19
133,residual,2153944,0.004829694,0,true,4,4
133,residual,2153945,0.004829694,0,true,55,55
133,residual,2153946,0.004829694,0,true,41,41
133,residual,2153947,0.004829694,0,true,42,42
133,residual,2153948,0.004829694,0,true,52,52
133,residual,2153949,0.004829694,0,true,54,54
133,residual,2153950,0.004829694,0,true,40,40
133,residual,2153951,0.004829694,0,true,15,15
133,residual,2153952,0.004829694,0,true,14,14
134,nearfield_update,2153836,0.274876117,20,true,60,60
134,nearfield_update,2153854,0.274876117,0,true,11,11
134,nearfield_update,2153858,0.274876117,14,true,57,57
134,nearfield_update,2153859,0.274876117,5,true,27,27
134,nearfield_update,2153860,0.274876117,16,true,61,61
134,nearfield_update,2153861,0.274876117,24,true,40,40
134,nearfield_update,2153862,0.274876117,7,true,48,48
134,nearfield_update,2153863,0.274876117,23,true,15,15
134,nearfield_update,2153864,0.274876117,7,true,50,50
134,nearfield_update,2153865,0.274876117,1,true,49,49
134,nearfield_update,2153866,0.274876117,0,true,54,54
134,nearfield_update,2153867,0.274876117,17,true,29,29
134,nearfield_update,2153868,0.274876117,8,true,55,55
134,nearfield_update,2153869,0.274876117,17,true,24,24
134,nearfield_update,2153870,0.274876117,24,true,11,11
134,nearfield_update,2153871,0.274876117,19,true,47,47
134,nearfield_update,2153872,0.274876117,23,true,39,39
134,nearfield_update,2153873,0.274876117,16,true,56,56
134,nearfield_update,2153874,0.274876117,3,true,58,58
134,nearfield_update,2153875,0.274876117,24,true,10,10
134,nearfield_update,2153876,0.274876117,17,true,59,59
134,nearfield_update,2153877,0.274876117,5,true,6,6
134,nearfield_update,2153878,0.274876117,1,true,52,52
134,nearfield_update,2153879,0.274876117,15,true,25,25
134,nearfield_update,2153880,0.274876117,19,true,5,5
134,nearfield_update,2153881,0.274876117,19,true,7,7
134,nearfield_update,2153882,0.274876117,21,true,33,33
134,nearfield_update,2153883,0.274876117,22,true,2,2
134,nearfield_update,2153884,0.274876117,10,true,51,63
134,nearfield_update,2153886,0.274876117,16,true,31,31
134,nearfield_update,2153887,0.274876117,18,true,20,20
134,nearfield_update,2153888,0.274876117,17,true,16,16
134,nearfield_update,2153889,0.274876117,21,true,36,36
134,nearfield_update,2153890,0.274876117,20,true,35,35
134,nearfield_update,2153891,0.274876117,17,true,30,30
134,nearfield_update,2153892,0.274876117,23,true,13,13
134,nearfield_update,2153893,0.274876117,11,true,62,62
134,nearfield_update,2153894,0.274876117,17,true,17,17
134,nearfield_update,2153895,0.274876117,24,true,12,12
134,nearfield_update,2153896,0.274876117,21,true,45,45
134,nearfield_update,2153897,0.274876117,21,true,32,32
134,nearfield_update,2153898,0.274876117,10,true,63,52
134,nearfield_update,2153899,0.274876117,17,true,21,21
134,nearfield_update,2153900,0.274876117,21,true,46,46
134,nearfield_update,2153901,0.274876117,21,true,41,41
134,nearfield_update,2153902,0.274876117,21,true,43,43
134,nearfield_update,2153903,0.274876117,23,true,14,14
134,nearfield_update,2153904,0.274876117,21,true,37,37
134,nearfield_update,2153905,0.274876117,22,true,44,44
134,nearfield_update,2153906,0.274876117,23,true,9,9
134,nearfield_update,2153907,0.274876117,16,true,26,26
134,nearfield_update,2153908,0.274876117,17,true,18,18
134,nearfield_update,2153909,0.274876117,21,true,34,34
134,nearfield_update,2153910,0.274876117,17,true,23,23
134,nearfield_update,2153911,0.274876117,17,true,19,19
134,nearfield_update,2153912,0.274876117,21,true,0,0
134,nearfield_update,2153913,0.274876117,8,true,53,53
134,nearfield_update,2153914,0.274876117,21,true,38,38
134,nearfield_update,2153915,0.274876117,21,true,1,1
134,nearfield_update,2153916,0.274876117,22,true,4,4
134,nearfield_update,2153917,0.274876117,18,true,22,22
134,nearfield_update,2153918,0.274876117,21,true,42,42
134,nearfield_update,2153919,0.274876117,23,true,8,8
134,nearfield_update,2153920,0.274876117,17,true,28,28
134,nearfield_update,2153921,0.274876117,9,true,53,51
134,nearfield_update,2153922,0.274876117,0,true,61,61
134,nearfield_update,2153923,0.274876117,0,true,7,7
134,nearfield_update,2153924,0.274876117,0,true,3,3
134,nearfield_update,2153925,0.274876117,0,true,50,50
134,nearfield_update,2153926,0.274876117,0,true,31,31
134,nearfield_update,2153927,0.274876117,0,true,27,27
134,nearfield_update,2153928,0.274876117,0,true,60,60
134,nearfield_update,2153929,0.274876117,0,true,51,51
134,nearfield_update,2153930,0.274876117,0,true,1,1
134,nearfield_update,2153931,0.274876117,0,true,58,58
134,nearfield_update,2153932,0.274876117,0,true,16,16
134,nearfield_update,2153933,0.274876117,0,true,10,10
134,nearfield_update,2153934,0.274876117,0,true,2,2
134,nearfield_update,2153935,0.274876117,0,true,62,62
134,nearfield_update,2153936,0.274876117,0,true,56,56
134,nearfield_update,2153937,0.274876117,0,true,59,59
134,nearfield_update,2153938,0.274876117,0,true,11,11
134,nearfield_update,2153939,0.274876117,0,true,49,49
134,nearfield_update,2153940,0.274876117,0,true,57,57
134,nearfield_update,2153941,0.274876117,0,true,53,53
134,nearfield_update,2153942,0.274876117,0,true,5,5
134,nearfield_update,2153943,0.274876117,0,true,19,19
134,nearfield_update,2153944,0.274876117,0,true,4,4
134,nearfield_update,2153945,0.274876117,0,true,55,55
134,nearfield_update,2153946,0.274876117,0,true,41,41
134,nearfield_update,2153947,0.274876117,0,true,42,42
134,nearfield_update,2153948,0.274876117,0,true,52,52
134,nearfield_update,2153949,0.274876117,0,true,54,54
134,nearfield_update,2153950,0.274876117,0,true,40,40
134,nearfield_update,2153951,0.274876117,0,true,15,15
134,nearfield_update,2153952,0.274876117,0,true,14,14
135,fmm,2153836,0.037279678,2,true,60,60
135,fmm,2153854,0.037279678,0,true,11,11
135,fmm,2153858,0.037279678,2,true,57,57
135,fmm,2153859,0.037279678,2,true,27,27
135,fmm,2153860,0.037279678,2,true,61,61
135,fmm,2153861,0.037279678,2,true,40,40
135,fmm,2153862,0.037279678,2,true,48,48
135,fmm,2153863,0.037279678,2,true,15,15
135,fmm,2153864,0.037279678,2,true,50,50
135,fmm,2153865,0.037279678,2,true,49,62
135,fmm,2153866,0.037279678,2,true,54,55
135,fmm,2153867,0.037279678,2,true,29,29
135,fmm,2153868,0.037279678,2,true,55,52
135,fmm,2153869,0.037279678,2,true,24,24
135,fmm,2153870,0.037279678,2,true,11,11
135,fmm,2153871,0.037279678,2,true,47,47
135,fmm,2153872,0.037279678,2,true,39,39
135,fmm,2153873,0.037279678,2,true,56,56
135,fmm,2153874,0.037279678,2,true,58,58
135,fmm,2153875,0.037279678,2,true,10,10
135,fmm,2153876,0.037279678,2,true,59,59
135,fmm,2153877,0.037279678,2,true,6,6
135,fmm,2153878,0.037279678,2,true,52,53
135,fmm,2153879,0.037279678,2,true,25,25
135,fmm,2153880,0.037279678,2,true,5,5
135,fmm,2153881,0.037279678,2,true,7,7
135,fmm,2153882,0.037279678,1,true,33,33
135,fmm,2153883,0.037279678,2,true,2,2
135,fmm,2153884,0.037279678,2,true,63,63
135,fmm,2153886,0.037279678,2,true,31,31
135,fmm,2153887,0.037279678,2,true,20,20
135,fmm,2153888,0.037279678,2,true,16,16
135,fmm,2153889,0.037279678,2,true,36,36
135,fmm,2153890,0.037279678,2,true,35,35
135,fmm,2153891,0.037279678,2,true,30,30
135,fmm,2153892,0.037279678,2,true,13,13
135,fmm,2153893,0.037279678,2,true,62,49
135,fmm,2153894,0.037279678,2,true,17,17
135,fmm,2153895,0.037279678,2,true,12,12
135,fmm,2153896,0.037279678,2,true,45,45
135,fmm,2153897,0.037279678,2,true,32,32
135,fmm,2153898,0.037279678,2,true,52,54
135,fmm,2153899,0.037279678,2,true,21,21
135,fmm,2153900,0.037279678,2,true,46,46
135,fmm,2153901,0.037279678,2,true,41,41
135,fmm,2153902,0.037279678,2,true,43,43
135,fmm,2153903,0.037279678,2,true,14,14
135,fmm,2153904,0.037279678,2,true,37,37
135,fmm,2153905,0.037279678,1,true,44,44
135,fmm,2153906,0.037279678,2,true,9,9
135,fmm,2153907,0.037279678,2,true,26,26
135,fmm,2153908,0.037279678,2,true,18,18
135,fmm,2153909,0.037279678,2,true,34,34
135,fmm,2153910,0.037279678,2,true,23,23
135,fmm,2153911,0.037279678,2,true,19,19
135,fmm,2153912,0.037279678,2,true,0,0
135,fmm,2153913,0.037279678,2,true,53,51
135,fmm,2153914,0.037279678,2,true,38,38
135,fmm,2153915,0.037279678,2,true,1,1
135,fmm,2153916,0.037279678,1,true,4,4
135,fmm,2153917,0.037279678,2,true,22,22
135,fmm,2153918,0.037279678,1,true,42,42
135,fmm,2153919,0.037279678,2,true,8,8
135,fmm,2153920,0.037279678,1,true,28,28
135,fmm,2153921,0.037279678,0,true,51,50
135,fmm,2153922,0.037279678,0,true,61,61
135,fmm,2153923,0.037279678,0,true,7,7
135,fmm,2153924,0.037279678,0,true,3,3
135,fmm,2153925,0.037279678,0,true,50,50
135,fmm,2153926,0.037279678,0,true,31,31
135,fmm,2153927,0.037279678,0,true,27,27
135,fmm,2153928,0.037279678,0,true,60,60
135,fmm,2153929,0.037279678,0,true,51,51
135,fmm,2153930,0.037279678,0,true,1,1
135,fmm,2153931,0.037279678,0,true,58,58
135,fmm,2153932,0.037279678,0,true,16,16
135,fmm,2153933,0.037279678,0,true,10,10
135,fmm,2153934,0.037279678,0,true,2,2
135,fmm,2153935,0.037279678,0,true,62,62
135,fmm,2153936,0.037279678,0,true,56,56
135,fmm,2153937,0.037279678,0,true,59,59
135,fmm,2153938,0.037279678,0,true,11,11
135,fmm,2153939,0.037279678,0,true,49,49
135,fmm,2153940,0.037279678,0,true,57,57
135,fmm,2153941,0.037279678,0,true,53,53
135,fmm,2153942,0.037279678,0,true,5,5
135,fmm,2153943,0.037279678,0,true,19,19
135,fmm,2153944,0.037279678,0,true,4,4
135,fmm,2153945,0.037279678,0,true,55,55
135,fmm,2153946,0.037279678,0,true,41,41
135,fmm,2153947,0.037279678,0,true,42,42
135,fmm,2153948,0.037279678,0,true,52,52
135,fmm,2153949,0.037279678,0,true,54,54
135,fmm,2153950,0.037279678,0,true,40,40
135,fmm,2153951,0.037279678,0,true,15,15
135,fmm,2153952,0.037279678,0,true,14,14
136,influence_mapping,2153836,0.00060227,1,true,60,60
136,influence_mapping,2153854,0.00060227,0,true,11,11
136,influence_mapping,2153858,0.00060227,0,true,57,57
136,influence_mapping,2153859,0.00060227,0,true,27,27
136,influence_mapping,2153860,0.00060227,0,true,61,61
136,influence_mapping,2153861,0.00060227,0,true,40,40
136,influence_mapping,2153862,0.00060227,0,true,48,48
136,influence_mapping,2153863,0.00060227,0,true,15,15
136,influence_mapping,2153864,0.00060227,0,true,50,50
136,influence_mapping,2153865,0.00060227,0,true,62,62
136,influence_mapping,2153866,0.00060227,0,true,55,55
136,influence_mapping,2153867,0.00060227,0,true,29,29
136,influence_mapping,2153868,0.00060227,0,true,52,52
136,influence_mapping,2153869,0.00060227,0,true,24,24
136,influence_mapping,2153870,0.00060227,0,true,11,11
136,influence_mapping,2153871,0.00060227,0,true,47,47
136,influence_mapping,2153872,0.00060227,0,true,39,39
136,influence_mapping,2153873,0.00060227,0,true,56,56
136,influence_mapping,2153874,0.00060227,0,true,58,58
136,influence_mapping,2153875,0.00060227,0,true,10,10
136,influence_mapping,2153876,0.00060227,0,true,59,59
136,influence_mapping,2153877,0.00060227,0,true,6,6
136,influence_mapping,2153878,0.00060227,0,true,53,53
136,influence_mapping,2153879,0.00060227,0,true,25,25
136,influence_mapping,2153880,0.00060227,0,true,5,5
136,influence_mapping,2153881,0.00060227,0,true,7,7
136,influence_mapping,2153882,0.00060227,0,true,33,33
136,influence_mapping,2153883,0.00060227,0,true,2,2
136,influence_mapping,2153884,0.00060227,0,true,63,63
136,influence_mapping,2153886,0.00060227,0,true,31,31
136,influence_mapping,2153887,0.00060227,0,true,20,20
136,influence_mapping,2153888,0.00060227,0,true,16,16
136,influence_mapping,2153889,0.00060227,0,true,36,36
136,influence_mapping,2153890,0.00060227,0,true,35,35
136,influence_mapping,2153891,0.00060227,0,true,30,30
136,influence_mapping,2153892,0.00060227,0,true,13,13
136,influence_mapping,2153893,0.00060227,0,true,49,49
136,influence_mapping,2153894,0.00060227,0,true,17,17
136,influence_mapping,2153895,0.00060227,0,true,12,12
136,influence_mapping,2153896,0.00060227,0,true,45,45
136,influence_mapping,2153897,0.00060227,0,true,32,32
136,influence_mapping,2153898,0.00060227,0,true,54,54
136,influence_mapping,2153899,0.00060227,0,true,21,21
136,influence_mapping,2153900,0.00060227,0,true,46,46
136,influence_mapping,2153901,0.00060227,0,true,41,41
136,influence_mapping,2153902,0.00060227,0,true,43,43
136,influence_mapping,2153903,0.00060227,0,true,14,14
136,influence_mapping,2153904,0.00060227,0,true,37,37
136,influence_mapping,2153905,0.00060227,0,true,44,44
136,influence_mapping,2153906,0.00060227,0,true,9,9
136,influence_mapping,2153907,0.00060227,0,true,26,26
136,influence_mapping,2153908,0.00060227,0,true,18,18
136,influence_mapping,2153909,0.00060227,0,true,34,34
136,influence_mapping,2153910,0.00060227,0,true,23,23
136,influence_mapping,2153911,0.00060227,0,true,19,19
136,influence_mapping,2153912,0.00060227,0,true,0,0
136,influence_mapping,2153913,0.00060227,0,true,51,51
136,influence_mapping,2153914,0.00060227,0,true,38,38
136,influence_mapping,2153915,0.00060227,0,true,1,1
136,influence_mapping,2153916,0.00060227,0,true,4,4
136,influence_mapping,2153917,0.00060227,0,true,22,22
136,influence_mapping,2153918,0.00060227,0,true,42,42
136,influence_mapping,2153919,0.00060227,0,true,8,8
136,influence_mapping,2153920,0.00060227,0,true,28,28
136,influence_mapping,2153921,0.00060227,0,true,50,50
136,influence_mapping,2153922,0.00060227,0,true,61,61
136,influence_mapping,2153923,0.00060227,0,true,7,7
136,influence_mapping,2153924,0.00060227,0,true,3,3
136,influence_mapping,2153925,0.00060227,0,true,50,50
136,influence_mapping,2153926,0.00060227,0,true,31,31
136,influence_mapping,2153927,0.00060227,0,true,27,27
136,influence_mapping,2153928,0.00060227,0,true,60,60
136,influence_mapping,2153929,0.00060227,0,true,51,51
136,influence_mapping,2153930,0.00060227,0,true,1,1
136,influence_mapping,2153931,0.00060227,0,true,58,58
136,influence_mapping,2153932,0.00060227,0,true,16,16
136,influence_mapping,2153933,0.00060227,0,true,10,10
136,influence_mapping,2153934,0.00060227,0,true,2,2
136,influence_mapping,2153935,0.00060227,0,true,62,62
136,influence_mapping,2153936,0.00060227,0,true,56,56
136,influence_mapping,2153937,0.00060227,0,true,59,59
136,influence_mapping,2153938,0.00060227,0,true,11,11
136,influence_mapping,2153939,0.00060227,0,true,49,49
136,influence_mapping,2153940,0.00060227,0,true,57,57
136,influence_mapping,2153941,0.00060227,0,true,53,53
136,influence_mapping,2153942,0.00060227,0,true,5,5
136,influence_mapping,2153943,0.00060227,0,true,19,19
136,influence_mapping,2153944,0.00060227,0,true,4,4
136,influence_mapping,2153945,0.00060227,0,true,55,55
136,influence_mapping,2153946,0.00060227,0,true,41,41
136,influence_mapping,2153947,0.00060227,0,true,42,42
136,influence_mapping,2153948,0.00060227,0,true,52,52
136,influence_mapping,2153949,0.00060227,0,true,54,54
136,influence_mapping,2153950,0.00060227,0,true,40,40
136,influence_mapping,2153951,0.00060227,0,true,15,15
136,influence_mapping,2153952,0.00060227,0,true,14,14
137,residual,2153836,0.00506191,0,true,60,60
137,residual,2153854,0.00506191,0,true,11,11
137,residual,2153858,0.00506191,0,true,57,57
137,residual,2153859,0.00506191,0,true,27,27
137,residual,2153860,0.00506191,0,true,61,61
137,residual,2153861,0.00506191,0,true,40,40
137,residual,2153862,0.00506191,0,true,48,48
137,residual,2153863,0.00506191,0,true,15,15
137,residual,2153864,0.00506191,0,true,50,50
137,residual,2153865,0.00506191,0,true,62,62
137,residual,2153866,0.00506191,0,true,55,55
137,residual,2153867,0.00506191,0,true,29,29
137,residual,2153868,0.00506191,0,true,52,52
137,residual,2153869,0.00506191,0,true,24,24
137,residual,2153870,0.00506191,0,true,11,11
137,residual,2153871,0.00506191,0,true,47,47
137,residual,2153872,0.00506191,0,true,39,39
137,residual,2153873,0.00506191,0,true,56,56
137,residual,2153874,0.00506191,0,true,58,58
137,residual,2153875,0.00506191,0,true,10,10
137,residual,2153876,0.00506191,0,true,59,59
137,residual,2153877,0.00506191,0,true,6,6
137,residual,2153878,0.00506191,0,true,53,53
137,residual,2153879,0.00506191,0,true,25,25
137,residual,2153880,0.00506191,0,true,5,5
137,residual,2153881,0.00506191,0,true,7,7
137,residual,2153882,0.00506191,0,true,33,33
137,residual,2153883,0.00506191,0,true,2,2
137,residual,2153884,0.00506191,0,true,63,63
137,residual,2153886,0.00506191,0,true,31,31
137,residual,2153887,0.00506191,0,true,20,20
137,residual,2153888,0.00506191,0,true,16,16
137,residual,2153889,0.00506191,0,true,36,36
137,residual,2153890,0.00506191,0,true,35,35
137,residual,2153891,0.00506191,0,true,30,30
137,residual,2153892,0.00506191,0,true,13,13
137,residual,2153893,0.00506191,0,true,49,49
137,residual,2153894,0.00506191,0,true,17,17
137,residual,2153895,0.00506191,0,true,12,12
137,residual,2153896,0.00506191,0,true,45,45
137,residual,2153897,0.00506191,0,true,32,32
137,residual,2153898,0.00506191,0,true,54,54
137,residual,2153899,0.00506191,0,true,21,21
137,residual,2153900,0.00506191,0,true,46,46
137,residual,2153901,0.00506191,0,true,41,41
137,residual,2153902,0.00506191,0,true,43,43
137,residual,2153903,0.00506191,0,true,14,14
137,residual,2153904,0.00506191,0,true,37,37
137,residual,2153905,0.00506191,0,true,44,44
137,residual,2153906,0.00506191,0,true,9,9
137,residual,2153907,0.00506191,0,true,26,26
137,residual,2153908,0.00506191,0,true,18,18
137,residual,2153909,0.00506191,0,true,34,34
137,residual,2153910,0.00506191,0,true,23,23
137,residual,2153911,0.00506191,0,true,19,19
137,residual,2153912,0.00506191,0,true,0,0
137,residual,2153913,0.00506191,0,true,51,51
137,residual,2153914,0.00506191,0,true,38,38
137,residual,2153915,0.00506191,0,true,1,1
137,residual,2153916,0.00506191,0,true,4,4
137,residual,2153917,0.00506191,0,true,22,22
137,residual,2153918,0.00506191,0,true,42,42
137,residual,2153919,0.00506191,0,true,8,8
137,residual,2153920,0.00506191,0,true,28,28
137,residual,2153921,0.00506191,0,true,50,50
137,residual,2153922,0.00506191,0,true,61,61
137,residual,2153923,0.00506191,0,true,7,7
137,residual,2153924,0.00506191,0,true,3,3
137,residual,2153925,0.00506191,0,true,50,50
137,residual,2153926,0.00506191,0,true,31,31
137,residual,2153927,0.00506191,0,true,27,27
137,residual,2153928,0.00506191,0,true,60,60
137,residual,2153929,0.00506191,0,true,51,51
137,residual,2153930,0.00506191,0,true,1,1
137,residual,2153931,0.00506191,0,true,58,58
137,residual,2153932,0.00506191,0,true,16,16
137,residual,2153933,0.00506191,0,true,10,10
137,residual,2153934,0.00506191,0,true,2,2
137,residual,2153935,0.00506191,0,true,62,62
137,residual,2153936,0.00506191,0,true,56,56
137,residual,2153937,0.00506191,0,true,59,59
137,residual,2153938,0.00506191,0,true,11,11
137,residual,2153939,0.00506191,0,true,49,49
137,residual,2153940,0.00506191,0,true,57,57
137,residual,2153941,0.00506191,0,true,53,53
137,residual,2153942,0.00506191,0,true,5,5
137,residual,2153943,0.00506191,0,true,19,19
137,residual,2153944,0.00506191,0,true,4,4
137,residual,2153945,0.00506191,0,true,55,55
137,residual,2153946,0.00506191,0,true,41,41
137,residual,2153947,0.00506191,0,true,42,42
137,residual,2153948,0.00506191,0,true,52,52
137,residual,2153949,0.00506191,0,true,54,54
137,residual,2153950,0.00506191,0,true,40,40
137,residual,2153951,0.00506191,0,true,15,15
137,residual,2153952,0.00506191,0,true,14,14
138,nearfield_update,2153836,0.274774706,19,true,60,60
138,nearfield_update,2153854,0.274774706,0,true,11,11
138,nearfield_update,2153858,0.274774706,13,true,57,57
138,nearfield_update,2153859,0.274774706,5,true,27,27
138,nearfield_update,2153860,0.274774706,15,true,61,61
138,nearfield_update,2153861,0.274774706,24,true,40,40
138,nearfield_update,2153862,0.274774706,8,true,48,48
138,nearfield_update,2153863,0.274774706,23,true,15,15
138,nearfield_update,2153864,0.274774706,8,true,50,50
138,nearfield_update,2153865,0.274774706,2,true,62,62
138,nearfield_update,2153866,0.274774706,1,true,55,55
138,nearfield_update,2153867,0.274774706,18,true,29,29
138,nearfield_update,2153868,0.274774706,9,true,52,63
138,nearfield_update,2153869,0.274774706,17,true,24,24
138,nearfield_update,2153870,0.274774706,24,true,11,11
138,nearfield_update,2153871,0.274774706,18,true,47,47
138,nearfield_update,2153872,0.274774706,24,true,39,39
138,nearfield_update,2153873,0.274774706,15,true,56,56
138,nearfield_update,2153874,0.274774706,3,true,58,58
138,nearfield_update,2153875,0.274774706,24,true,10,10
138,nearfield_update,2153876,0.274774706,16,true,59,59
138,nearfield_update,2153877,0.274774706,4,true,6,6
138,nearfield_update,2153878,0.274774706,1,true,53,53
138,nearfield_update,2153879,0.274774706,15,true,25,25
138,nearfield_update,2153880,0.274774706,20,true,5,5
138,nearfield_update,2153881,0.274774706,19,true,7,7
138,nearfield_update,2153882,0.274774706,21,true,33,33
138,nearfield_update,2153883,0.274774706,21,true,2,2
138,nearfield_update,2153884,0.274774706,10,true,63,53
138,nearfield_update,2153886,0.274774706,17,true,31,31
138,nearfield_update,2153887,0.274774706,17,true,20,20
138,nearfield_update,2153888,0.274774706,18,true,16,16
138,nearfield_update,2153889,0.274774706,21,true,36,36
138,nearfield_update,2153890,0.274774706,21,true,35,35
138,nearfield_update,2153891,0.274774706,17,true,30,30
138,nearfield_update,2153892,0.274774706,23,true,13,13
138,nearfield_update,2153893,0.274774706,11,true,49,49
138,nearfield_update,2153894,0.274774706,18,true,17,17
138,nearfield_update,2153895,0.274774706,22,true,12,12
138,nearfield_update,2153896,0.274774706,22,true,45,45
138,nearfield_update,2153897,0.274774706,21,true,32,32
138,nearfield_update,2153898,0.274774706,11,true,54,54
138,nearfield_update,2153899,0.274774706,17,true,21,21
138,nearfield_update,2153900,0.274774706,21,true,46,46
138,nearfield_update,2153901,0.274774706,21,true,41,41
138,nearfield_update,2153902,0.274774706,21,true,43,43
138,nearfield_update,2153903,0.274774706,22,true,14,14
138,nearfield_update,2153904,0.274774706,21,true,37,37
138,nearfield_update,2153905,0.274774706,22,true,44,44
138,nearfield_update,2153906,0.274774706,21,true,9,1
138,nearfield_update,2153907,0.274774706,17,true,26,26
138,nearfield_update,2153908,0.274774706,18,true,18,18
138,nearfield_update,2153909,0.274774706,20,true,34,34
138,nearfield_update,2153910,0.274774706,17,true,23,23
138,nearfield_update,2153911,0.274774706,17,true,19,19
138,nearfield_update,2153912,0.274774706,21,true,0,0
138,nearfield_update,2153913,0.274774706,11,true,51,51
138,nearfield_update,2153914,0.274774706,21,true,38,38
138,nearfield_update,2153915,0.274774706,23,true,1,9
138,nearfield_update,2153916,0.274774706,22,true,4,4
138,nearfield_update,2153917,0.274774706,17,true,22,22
138,nearfield_update,2153918,0.274774706,21,true,42,42
138,nearfield_update,2153919,0.274774706,22,true,8,8
138,nearfield_update,2153920,0.274774706,16,true,28,28
138,nearfield_update,2153921,0.274774706,10,true,50,52
138,nearfield_update,2153922,0.274774706,0,true,61,61
138,nearfield_update,2153923,0.274774706,0,true,7,7
138,nearfield_update,2153924,0.274774706,0,true,3,3
138,nearfield_update,2153925,0.274774706,0,true,50,50
138,nearfield_update,2153926,0.274774706,0,true,31,31
138,nearfield_update,2153927,0.274774706,0,true,27,27
138,nearfield_update,2153928,0.274774706,0,true,60,60
138,nearfield_update,2153929,0.274774706,0,true,51,51
138,nearfield_update,2153930,0.274774706,0,true,1,1
138,nearfield_update,2153931,0.274774706,0,true,58,58
138,nearfield_update,2153932,0.274774706,0,true,16,16
138,nearfield_update,2153933,0.274774706,0,true,10,10
138,nearfield_update,2153934,0.274774706,0,true,2,2
138,nearfield_update,2153935,0.274774706,0,true,62,62
138,nearfield_update,2153936,0.274774706,0,true,56,56
138,nearfield_update,2153937,0.274774706,0,true,59,59
138,nearfield_update,2153938,0.274774706,0,true,11,11
138,nearfield_update,2153939,0.274774706,0,true,49,49
138,nearfield_update,2153940,0.274774706,0,true,57,57
138,nearfield_update,2153941,0.274774706,0,true,53,53
138,nearfield_update,2153942,0.274774706,0,true,5,5
138,nearfield_update,2153943,0.274774706,0,true,19,19
138,nearfield_update,2153944,0.274774706,0,true,4,4
138,nearfield_update,2153945,0.274774706,0,true,55,55
138,nearfield_update,2153946,0.274774706,0,true,41,41
138,nearfield_update,2153947,0.274774706,0,true,42,42
138,nearfield_update,2153948,0.274774706,0,true,52,52
138,nearfield_update,2153949,0.274774706,0,true,54,54
138,nearfield_update,2153950,0.274774706,0,true,40,40
138,nearfield_update,2153951,0.274774706,0,true,15,15
138,nearfield_update,2153952,0.274774706,0,true,14,14
139,fmm,2153836,0.036460741,4,true,60,60
139,fmm,2153854,0.036460741,0,true,11,11
139,fmm,2153858,0.036460741,2,true,57,57
139,fmm,2153859,0.036460741,3,true,27,27
139,fmm,2153860,0.036460741,2,true,61,61
139,fmm,2153861,0.036460741,2,true,40,40
139,fmm,2153862,0.036460741,2,true,48,48
139,fmm,2153863,0.036460741,2,true,15,15
139,fmm,2153864,0.036460741,2,true,50,50
139,fmm,2153865,0.036460741,3,true,62,62
139,fmm,2153866,0.036460741,2,true,55,54
139,fmm,2153867,0.036460741,2,true,29,29
139,fmm,2153868,0.036460741,2,true,63,63
139,fmm,2153869,0.036460741,2,true,24,24
139,fmm,2153870,0.036460741,2,true,11,11
139,fmm,2153871,0.036460741,2,true,47,47
139,fmm,2153872,0.036460741,2,true,39,39
139,fmm,2153873,0.036460741,1,true,56,58
139,fmm,2153874,0.036460741,2,true,58,59
139,fmm,2153875,0.036460741,2,true,10,10
139,fmm,2153876,0.036460741,2,true,59,56
139,fmm,2153877,0.036460741,2,true,6,6
139,fmm,2153878,0.036460741,2,true,53,53
139,fmm,2153879,0.036460741,2,true,25,25
139,fmm,2153880,0.036460741,2,true,5,5
139,fmm,2153881,0.036460741,2,true,7,7
139,fmm,2153882,0.036460741,2,true,33,33
139,fmm,2153883,0.036460741,2,true,2,2
139,fmm,2153884,0.036460741,2,true,53,51
139,fmm,2153886,0.036460741,2,true,31,31
139,fmm,2153887,0.036460741,2,true,20,20
139,fmm,2153888,0.036460741,2,true,16,16
139,fmm,2153889,0.036460741,2,true,36,36
139,fmm,2153890,0.036460741,2,true,35,35
139,fmm,2153891,0.036460741,2,true,30,30
139,fmm,2153892,0.036460741,2,true,13,13
139,fmm,2153893,0.036460741,2,true,49,49
139,fmm,2153894,0.036460741,2,true,17,17
139,fmm,2153895,0.036460741,2,true,12,12
139,fmm,2153896,0.036460741,1,true,45,45
139,fmm,2153897,0.036460741,1,true,32,32
139,fmm,2153898,0.036460741,2,true,54,55
139,fmm,2153899,0.036460741,2,true,21,21
139,fmm,2153900,0.036460741,2,true,46,46
139,fmm,2153901,0.036460741,2,true,41,41
139,fmm,2153902,0.036460741,2,true,43,43
139,fmm,2153903,0.036460741,2,true,14,14
139,fmm,2153904,0.036460741,2,true,37,37
139,fmm,2153905,0.036460741,2,true,44,44
139,fmm,2153906,0.036460741,2,true,1,1
139,fmm,2153907,0.036460741,2,true,26,26
139,fmm,2153908,0.036460741,2,true,18,18
139,fmm,2153909,0.036460741,2,true,34,34
139,fmm,2153910,0.036460741,2,true,23,23
139,fmm,2153911,0.036460741,2,true,19,19
139,fmm,2153912,0.036460741,2,true,0,0
139,fmm,2153913,0.036460741,1,true,51,52
139,fmm,2153914,0.036460741,2,true,38,38
139,fmm,2153915,0.036460741,2,true,9,9
139,fmm,2153916,0.036460741,1,true,4,4
139,fmm,2153917,0.036460741,1,true,22,22
139,fmm,2153918,0.036460741,1,true,42,42
139,fmm,2153919,0.036460741,1,true,8,8
139,fmm,2153920,0.036460741,0,true,28,28
139,fmm,2153921,0.036460741,0,true,52,56
139,fmm,2153922,0.036460741,0,true,61,61
139,fmm,2153923,0.036460741,0,true,7,7
139,fmm,2153924,0.036460741,0,true,3,3
139,fmm,2153925,0.036460741,0,true,50,50
139,fmm,2153926,0.036460741,0,true,31,31
139,fmm,2153927,0.036460741,0,true,27,27
139,fmm,2153928,0.036460741,0,true,60,60
139,fmm,2153929,0.036460741,0,true,51,51
139,fmm,2153930,0.036460741,0,true,1,1
139,fmm,2153931,0.036460741,0,true,58,58
139,fmm,2153932,0.036460741,0,true,16,16
139,fmm,2153933,0.036460741,0,true,10,10
139,fmm,2153934,0.036460741,0,true,2,2
139,fmm,2153935,0.036460741,0,true,62,62
139,fmm,2153936,0.036460741,0,true,56,56
139,fmm,2153937,0.036460741,0,true,59,59
139,fmm,2153938,0.036460741,0,true,11,11
139,fmm,2153939,0.036460741,0,true,49,49
139,fmm,2153940,0.036460741,0,true,57,57
139,fmm,2153941,0.036460741,0,true,53,53
139,fmm,2153942,0.036460741,0,true,5,5
139,fmm,2153943,0.036460741,0,true,19,19
139,fmm,2153944,0.036460741,0,true,4,4
139,fmm,2153945,0.036460741,0,true,55,55
139,fmm,2153946,0.036460741,0,true,41,41
139,fmm,2153947,0.036460741,0,true,42,42
139,fmm,2153948,0.036460741,0,true,52,52
139,fmm,2153949,0.036460741,0,true,54,54
139,fmm,2153950,0.036460741,0,true,40,40
139,fmm,2153951,0.036460741,0,true,15,15
139,fmm,2153952,0.036460741,0,true,14,14
140,influence_mapping,2153836,0.000589807,1,true,60,60
140,influence_mapping,2153854,0.000589807,0,true,11,11
140,influence_mapping,2153858,0.000589807,0,true,57,57
140,influence_mapping,2153859,0.000589807,0,true,27,27
140,influence_mapping,2153860,0.000589807,0,true,61,61
140,influence_mapping,2153861,0.000589807,0,true,40,40
140,influence_mapping,2153862,0.000589807,0,true,48,48
140,influence_mapping,2153863,0.000589807,0,true,15,15
140,influence_mapping,2153864,0.000589807,0,true,50,50
140,influence_mapping,2153865,0.000589807,0,true,62,62
140,influence_mapping,2153866,0.000589807,0,true,54,54
140,influence_mapping,2153867,0.000589807,0,true,29,29
140,influence_mapping,2153868,0.000589807,0,true,63,63
140,influence_mapping,2153869,0.000589807,0,true,24,24
140,influence_mapping,2153870,0.000589807,0,true,11,11
140,influence_mapping,2153871,0.000589807,0,true,47,47
140,influence_mapping,2153872,0.000589807,0,true,39,39
140,influence_mapping,2153873,0.000589807,0,true,58,58
140,influence_mapping,2153874,0.000589807,0,true,59,59
140,influence_mapping,2153875,0.000589807,0,true,10,10
140,influence_mapping,2153876,0.000589807,0,true,56,56
140,influence_mapping,2153877,0.000589807,0,true,6,6
140,influence_mapping,2153878,0.000589807,0,true,53,53
140,influence_mapping,2153879,0.000589807,0,true,25,25
140,influence_mapping,2153880,0.000589807,0,true,5,5
140,influence_mapping,2153881,0.000589807,0,true,7,7
140,influence_mapping,2153882,0.000589807,0,true,33,33
140,influence_mapping,2153883,0.000589807,0,true,2,2
140,influence_mapping,2153884,0.000589807,0,true,51,51
140,influence_mapping,2153886,0.000589807,0,true,31,31
140,influence_mapping,2153887,0.000589807,0,true,20,20
140,influence_mapping,2153888,0.000589807,0,true,16,16
140,influence_mapping,2153889,0.000589807,0,true,36,36
140,influence_mapping,2153890,0.000589807,0,true,35,35
140,influence_mapping,2153891,0.000589807,0,true,30,30
140,influence_mapping,2153892,0.000589807,0,true,13,13
140,influence_mapping,2153893,0.000589807,0,true,49,49
140,influence_mapping,2153894,0.000589807,0,true,17,17
140,influence_mapping,2153895,0.000589807,0,true,12,12
140,influence_mapping,2153896,0.000589807,0,true,45,45
140,influence_mapping,2153897,0.000589807,0,true,32,32
140,influence_mapping,2153898,0.000589807,0,true,55,55
140,influence_mapping,2153899,0.000589807,0,true,21,21
140,influence_mapping,2153900,0.000589807,0,true,46,46
140,influence_mapping,2153901,0.000589807,0,true,41,41
140,influence_mapping,2153902,0.000589807,0,true,43,43
140,influence_mapping,2153903,0.000589807,0,true,14,14
140,influence_mapping,2153904,0.000589807,0,true,37,37
140,influence_mapping,2153905,0.000589807,0,true,44,44
140,influence_mapping,2153906,0.000589807,0,true,1,1
140,influence_mapping,2153907,0.000589807,0,true,26,26
140,influence_mapping,2153908,0.000589807,0,true,18,18
140,influence_mapping,2153909,0.000589807,0,true,34,34
140,influence_mapping,2153910,0.000589807,0,true,23,23
140,influence_mapping,2153911,0.000589807,0,true,19,19
140,influence_mapping,2153912,0.000589807,0,true,0,0
140,influence_mapping,2153913,0.000589807,0,true,52,52
140,influence_mapping,2153914,0.000589807,0,true,38,38
140,influence_mapping,2153915,0.000589807,0,true,9,9
140,influence_mapping,2153916,0.000589807,0,true,4,4
140,influence_mapping,2153917,0.000589807,0,true,22,22
140,influence_mapping,2153918,0.000589807,0,true,42,42
140,influence_mapping,2153919,0.000589807,0,true,8,8
140,influence_mapping,2153920,0.000589807,0,true,28,28
140,influence_mapping,2153921,0.000589807,0,true,56,56
140,influence_mapping,2153922,0.000589807,0,true,61,61
140,influence_mapping,2153923,0.000589807,0,true,7,7
140,influence_mapping,2153924,0.000589807,0,true,3,3
140,influence_mapping,2153925,0.000589807,0,true,50,50
140,influence_mapping,2153926,0.000589807,0,true,31,31
140,influence_mapping,2153927,0.000589807,0,true,27,27
140,influence_mapping,2153928,0.000589807,0,true,60,60
140,influence_mapping,2153929,0.000589807,0,true,51,51
140,influence_mapping,2153930,0.000589807,0,true,1,1
140,influence_mapping,2153931,0.000589807,0,true,58,58
140,influence_mapping,2153932,0.000589807,0,true,16,16
140,influence_mapping,2153933,0.000589807,0,true,10,10
140,influence_mapping,2153934,0.000589807,0,true,2,2
140,influence_mapping,2153935,0.000589807,0,true,62,62
140,influence_mapping,2153936,0.000589807,0,true,56,56
140,influence_mapping,2153937,0.000589807,0,true,59,59
140,influence_mapping,2153938,0.000589807,0,true,11,11
140,influence_mapping,2153939,0.000589807,0,true,49,49
140,influence_mapping,2153940,0.000589807,0,true,57,57
140,influence_mapping,2153941,0.000589807,0,true,53,53
140,influence_mapping,2153942,0.000589807,0,true,5,5
140,influence_mapping,2153943,0.000589807,0,true,19,19
140,influence_mapping,2153944,0.000589807,0,true,4,4
140,influence_mapping,2153945,0.000589807,0,true,55,55
140,influence_mapping,2153946,0.000589807,0,true,41,41
140,influence_mapping,2153947,0.000589807,0,true,42,42
140,influence_mapping,2153948,0.000589807,0,true,52,52
140,influence_mapping,2153949,0.000589807,0,true,54,54
140,influence_mapping,2153950,0.000589807,0,true,40,40
140,influence_mapping,2153951,0.000589807,0,true,15,15
140,influence_mapping,2153952,0.000589807,0,true,14,14
141,residual,2153836,0.005033237,0,true,60,60
141,residual,2153854,0.005033237,0,true,11,11
141,residual,2153858,0.005033237,0,true,57,57
141,residual,2153859,0.005033237,0,true,27,27
141,residual,2153860,0.005033237,0,true,61,61
141,residual,2153861,0.005033237,0,true,40,40
141,residual,2153862,0.005033237,0,true,48,48
141,residual,2153863,0.005033237,0,true,15,15
141,residual,2153864,0.005033237,0,true,50,50
141,residual,2153865,0.005033237,0,true,62,62
141,residual,2153866,0.005033237,0,true,54,54
141,residual,2153867,0.005033237,0,true,29,29
141,residual,2153868,0.005033237,0,true,63,63
141,residual,2153869,0.005033237,0,true,24,24
141,residual,2153870,0.005033237,0,true,11,11
141,residual,2153871,0.005033237,0,true,47,47
141,residual,2153872,0.005033237,0,true,39,39
141,residual,2153873,0.005033237,0,true,58,58
141,residual,2153874,0.005033237,0,true,59,59
141,residual,2153875,0.005033237,0,true,10,10
141,residual,2153876,0.005033237,0,true,56,56
141,residual,2153877,0.005033237,0,true,6,6
141,residual,2153878,0.005033237,0,true,53,53
141,residual,2153879,0.005033237,0,true,25,25
141,residual,2153880,0.005033237,0,true,5,5
141,residual,2153881,0.005033237,0,true,7,7
141,residual,2153882,0.005033237,0,true,33,33
141,residual,2153883,0.005033237,0,true,2,2
141,residual,2153884,0.005033237,0,true,51,51
141,residual,2153886,0.005033237,0,true,31,31
141,residual,2153887,0.005033237,0,true,20,20
141,residual,2153888,0.005033237,0,true,16,16
141,residual,2153889,0.005033237,0,true,36,36
141,residual,2153890,0.005033237,0,true,35,35
141,residual,2153891,0.005033237,0,true,30,30
141,residual,2153892,0.005033237,0,true,13,13
141,residual,2153893,0.005033237,0,true,49,49
141,residual,2153894,0.005033237,0,true,17,17
141,residual,2153895,0.005033237,0,true,12,12
141,residual,2153896,0.005033237,0,true,45,45
141,residual,2153897,0.005033237,0,true,32,32
141,residual,2153898,0.005033237,0,true,55,55
141,residual,2153899,0.005033237,0,true,21,21
141,residual,2153900,0.005033237,0,true,46,46
141,residual,2153901,0.005033237,0,true,41,41
141,residual,2153902,0.005033237,0,true,43,43
141,residual,2153903,0.005033237,0,true,14,14
141,residual,2153904,0.005033237,0,true,37,37
141,residual,2153905,0.005033237,0,true,44,44
141,residual,2153906,0.005033237,0,true,1,1
141,residual,2153907,0.005033237,0,true,26,26
141,residual,2153908,0.005033237,0,true,18,18
141,residual,2153909,0.005033237,0,true,34,34
141,residual,2153910,0.005033237,0,true,23,23
141,residual,2153911,0.005033237,0,true,19,19
141,residual,2153912,0.005033237,0,true,0,0
141,residual,2153913,0.005033237,0,true,52,52
141,residual,2153914,0.005033237,0,true,38,38
141,residual,2153915,0.005033237,0,true,9,9
141,residual,2153916,0.005033237,0,true,4,4
141,residual,2153917,0.005033237,0,true,22,22
141,residual,2153918,0.005033237,0,true,42,42
141,residual,2153919,0.005033237,0,true,8,8
141,residual,2153920,0.005033237,0,true,28,28
141,residual,2153921,0.005033237,0,true,56,56
141,residual,2153922,0.005033237,0,true,61,61
141,residual,2153923,0.005033237,0,true,7,7
141,residual,2153924,0.005033237,0,true,3,3
141,residual,2153925,0.005033237,0,true,50,50
141,residual,2153926,0.005033237,0,true,31,31
141,residual,2153927,0.005033237,0,true,27,27
141,residual,2153928,0.005033237,0,true,60,60
141,residual,2153929,0.005033237,0,true,51,51
141,residual,2153930,0.005033237,0,true,1,1
141,residual,2153931,0.005033237,0,true,58,58
141,residual,2153932,0.005033237,0,true,16,16
141,residual,2153933,0.005033237,0,true,10,10
141,residual,2153934,0.005033237,0,true,2,2
141,residual,2153935,0.005033237,0,true,62,62
141,residual,2153936,0.005033237,0,true,56,56
141,residual,2153937,0.005033237,0,true,59,59
141,residual,2153938,0.005033237,0,true,11,11
141,residual,2153939,0.005033237,0,true,49,49
141,residual,2153940,0.005033237,0,true,57,57
141,residual,2153941,0.005033237,0,true,53,53
141,residual,2153942,0.005033237,0,true,5,5
141,residual,2153943,0.005033237,0,true,19,19
141,residual,2153944,0.005033237,0,true,4,4
141,residual,2153945,0.005033237,0,true,55,55
141,residual,2153946,0.005033237,0,true,41,41
141,residual,2153947,0.005033237,0,true,42,42
141,residual,2153948,0.005033237,0,true,52,52
141,residual,2153949,0.005033237,0,true,54,54
141,residual,2153950,0.005033237,0,true,40,40
141,residual,2153951,0.005033237,0,true,15,15
141,residual,2153952,0.005033237,0,true,14,14
142,nearfield_update,2153836,0.278800392,20,true,60,60
142,nearfield_update,2153854,0.278800392,0,true,11,11
142,nearfield_update,2153858,0.278800392,13,true,57,57
142,nearfield_update,2153859,0.278800392,4,true,27,27
142,nearfield_update,2153860,0.278800392,15,true,61,61
142,nearfield_update,2153861,0.278800392,24,true,40,40
142,nearfield_update,2153862,0.278800392,8,true,48,48
142,nearfield_update,2153863,0.278800392,23,true,15,15
142,nearfield_update,2153864,0.278800392,8,true,50,50
142,nearfield_update,2153865,0.278800392,1,true,62,62
142,nearfield_update,2153866,0.278800392,1,true,54,54
142,nearfield_update,2153867,0.278800392,17,true,29,29
142,nearfield_update,2153868,0.278800392,8,true,63,63
142,nearfield_update,2153869,0.278800392,17,true,24,24
142,nearfield_update,2153870,0.278800392,23,true,11,11
142,nearfield_update,2153871,0.278800392,19,true,47,47
142,nearfield_update,2153872,0.278800392,23,true,39,39
142,nearfield_update,2153873,0.278800392,15,true,58,58
142,nearfield_update,2153874,0.278800392,3,true,59,59
142,nearfield_update,2153875,0.278800392,23,true,10,10
142,nearfield_update,2153876,0.278800392,15,true,56,56
142,nearfield_update,2153877,0.278800392,4,true,6,6
142,nearfield_update,2153878,0.278800392,1,true,53,53
142,nearfield_update,2153879,0.278800392,16,true,25,25
142,nearfield_update,2153880,0.278800392,19,true,5,5
142,nearfield_update,2153881,0.278800392,18,true,7,7
142,nearfield_update,2153882,0.278800392,21,true,33,33
142,nearfield_update,2153883,0.278800392,21,true,2,2
142,nearfield_update,2153884,0.278800392,10,true,51,51
142,nearfield_update,2153886,0.278800392,16,true,31,31
142,nearfield_update,2153887,0.278800392,17,true,20,20
142,nearfield_update,2153888,0.278800392,17,true,16,16
142,nearfield_update,2153889,0.278800392,21,true,36,36
142,nearfield_update,2153890,0.278800392,21,true,35,35
142,nearfield_update,2153891,0.278800392,17,true,30,30
142,nearfield_update,2153892,0.278800392,23,true,13,13
142,nearfield_update,2153893,0.278800392,10,true,49,49
142,nearfield_update,2153894,0.278800392,17,true,17,17
142,nearfield_update,2153895,0.278800392,23,true,12,12
142,nearfield_update,2153896,0.278800392,22,true,45,45
142,nearfield_update,2153897,0.278800392,21,true,32,32
142,nearfield_update,2153898,0.278800392,10,true,55,55
142,nearfield_update,2153899,0.278800392,18,true,21,21
142,nearfield_update,2153900,0.278800392,21,true,46,46
142,nearfield_update,2153901,0.278800392,21,true,41,41
142,nearfield_update,2153902,0.278800392,21,true,43,43
142,nearfield_update,2153903,0.278800392,24,true,14,14
142,nearfield_update,2153904,0.278800392,20,true,37,42
142,nearfield_update,2153905,0.278800392,22,true,44,44
142,nearfield_update,2153906,0.278800392,22,true,1,1
142,nearfield_update,2153907,0.278800392,17,true,26,26
142,nearfield_update,2153908,0.278800392,18,true,18,18
142,nearfield_update,2153909,0.278800392,21,true,34,34
142,nearfield_update,2153910,0.278800392,18,true,23,23
142,nearfield_update,2153911,0.278800392,17,true,19,19
142,nearfield_update,2153912,0.278800392,21,true,0,0
142,nearfield_update,2153913,0.278800392,11,true,52,52
142,nearfield_update,2153914,0.278800392,21,true,38,38
142,nearfield_update,2153915,0.278800392,23,true,9,9
142,nearfield_update,2153916,0.278800392,21,true,4,4
142,nearfield_update,2153917,0.278800392,18,true,22,22
142,nearfield_update,2153918,0.278800392,21,true,42,37
142,nearfield_update,2153919,0.278800392,23,true,8,8
142,nearfield_update,2153920,0.278800392,17,true,28,28
142,nearfield_update,2153921,0.278800392,10,true,56,54
142,nearfield_update,2153922,0.278800392,0,true,61,61
142,nearfield_update,2153923,0.278800392,0,true,7,7
142,nearfield_update,2153924,0.278800392,0,true,3,3
142,nearfield_update,2153925,0.278800392,0,true,50,50
142,nearfield_update,2153926,0.278800392,0,true,31,31
142,nearfield_update,2153927,0.278800392,0,true,27,27
142,nearfield_update,2153928,0.278800392,0,true,60,60
142,nearfield_update,2153929,0.278800392,0,true,51,51
142,nearfield_update,2153930,0.278800392,0,true,1,1
142,nearfield_update,2153931,0.278800392,0,true,58,58
142,nearfield_update,2153932,0.278800392,0,true,16,16
142,nearfield_update,2153933,0.278800392,0,true,10,10
142,nearfield_update,2153934,0.278800392,0,true,2,2
142,nearfield_update,2153935,0.278800392,0,true,62,62
142,nearfield_update,2153936,0.278800392,0,true,56,56
142,nearfield_update,2153937,0.278800392,0,true,59,59
142,nearfield_update,2153938,0.278800392,0,true,11,11
142,nearfield_update,2153939,0.278800392,0,true,49,49
142,nearfield_update,2153940,0.278800392,0,true,57,57
142,nearfield_update,2153941,0.278800392,0,true,53,53
142,nearfield_update,2153942,0.278800392,0,true,5,5
142,nearfield_update,2153943,0.278800392,0,true,19,19
142,nearfield_update,2153944,0.278800392,0,true,4,4
142,nearfield_update,2153945,0.278800392,0,true,55,55
142,nearfield_update,2153946,0.278800392,0,true,41,41
142,nearfield_update,2153947,0.278800392,0,true,42,42
142,nearfield_update,2153948,0.278800392,0,true,52,52
142,nearfield_update,2153949,0.278800392,0,true,54,54
142,nearfield_update,2153950,0.278800392,0,true,40,40
142,nearfield_update,2153951,0.278800392,0,true,15,15
142,nearfield_update,2153952,0.278800392,0,true,14,14
143,fmm,2153836,0.036762868,3,true,60,60
143,fmm,2153854,0.036762868,0,true,11,11
143,fmm,2153858,0.036762868,3,true,57,57
143,fmm,2153859,0.036762868,3,true,27,27
143,fmm,2153860,0.036762868,2,true,61,62
143,fmm,2153861,0.036762868,3,true,40,40
143,fmm,2153862,0.036762868,2,true,48,48
143,fmm,2153863,0.036762868,2,true,15,15
143,fmm,2153864,0.036762868,2,true,50,50
143,fmm,2153865,0.036762868,3,true,62,63
143,fmm,2153866,0.036762868,2,true,54,55
143,fmm,2153867,0.036762868,2,true,29,29
143,fmm,2153868,0.036762868,2,true,63,56
143,fmm,2153869,0.036762868,2,true,24,24
143,fmm,2153870,0.036762868,2,true,11,11
143,fmm,2153871,0.036762868,2,true,47,47
143,fmm,2153872,0.036762868,2,true,39,39
143,fmm,2153873,0.036762868,2,true,58,58
143,fmm,2153874,0.036762868,2,true,59,59
143,fmm,2153875,0.036762868,2,true,10,10
143,fmm,2153876,0.036762868,2,true,56,61
143,fmm,2153877,0.036762868,2,true,6,6
143,fmm,2153878,0.036762868,2,true,53,53
143,fmm,2153879,0.036762868,2,true,25,25
143,fmm,2153880,0.036762868,2,true,5,5
143,fmm,2153881,0.036762868,2,true,7,7
143,fmm,2153882,0.036762868,2,true,33,33
143,fmm,2153883,0.036762868,2,true,2,2
143,fmm,2153884,0.036762868,2,true,51,51
143,fmm,2153886,0.036762868,2,true,31,31
143,fmm,2153887,0.036762868,2,true,20,20
143,fmm,2153888,0.036762868,2,true,16,16
143,fmm,2153889,0.036762868,2,true,36,36
143,fmm,2153890,0.036762868,2,true,35,35
143,fmm,2153891,0.036762868,2,true,30,30
143,fmm,2153892,0.036762868,2,true,13,13
143,fmm,2153893,0.036762868,2,true,49,49
143,fmm,2153894,0.036762868,2,true,17,17
143,fmm,2153895,0.036762868,2,true,12,12
143,fmm,2153896,0.036762868,2,true,45,45
143,fmm,2153897,0.036762868,2,true,32,32
143,fmm,2153898,0.036762868,2,true,55,54
143,fmm,2153899,0.036762868,2,true,21,21
143,fmm,2153900,0.036762868,2,true,46,46
143,fmm,2153901,0.036762868,2,true,41,41
143,fmm,2153902,0.036762868,2,true,43,43
143,fmm,2153903,0.036762868,2,true,14,14
143,fmm,2153904,0.036762868,2,true,42,42
143,fmm,2153905,0.036762868,2,true,44,44
143,fmm,2153906,0.036762868,2,true,1,1
143,fmm,2153907,0.036762868,2,true,26,26
143,fmm,2153908,0.036762868,2,true,18,18
143,fmm,2153909,0.036762868,2,true,34,34
143,fmm,2153910,0.036762868,2,true,23,23
143,fmm,2153911,0.036762868,2,true,19,19
143,fmm,2153912,0.036762868,2,true,0,3
143,fmm,2153913,0.036762868,2,true,52,52
143,fmm,2153914,0.036762868,2,true,38,38
143,fmm,2153915,0.036762868,1,true,9,9
143,fmm,2153916,0.036762868,2,true,4,4
143,fmm,2153917,0.036762868,1,true,22,22
143,fmm,2153918,0.036762868,1,true,37,37
143,fmm,2153919,0.036762868,1,true,8,8
143,fmm,2153920,0.036762868,1,true,28,28
143,fmm,2153921,0.036762868,0,true,54,61
143,fmm,2153922,0.036762868,0,true,61,61
143,fmm,2153923,0.036762868,0,true,7,7
143,fmm,2153924,0.036762868,0,true,3,3
143,fmm,2153925,0.036762868,0,true,50,50
143,fmm,2153926,0.036762868,0,true,31,31
143,fmm,2153927,0.036762868,0,true,27,27
143,fmm,2153928,0.036762868,0,true,60,60
143,fmm,2153929,0.036762868,0,true,51,51
143,fmm,2153930,0.036762868,0,true,1,1
143,fmm,2153931,0.036762868,0,true,58,58
143,fmm,2153932,0.036762868,0,true,16,16
143,fmm,2153933,0.036762868,0,true,10,10
143,fmm,2153934,0.036762868,0,true,2,2
143,fmm,2153935,0.036762868,0,true,62,62
143,fmm,2153936,0.036762868,0,true,56,56
143,fmm,2153937,0.036762868,0,true,59,59
143,fmm,2153938,0.036762868,0,true,11,11
143,fmm,2153939,0.036762868,0,true,49,49
143,fmm,2153940,0.036762868,0,true,57,57
143,fmm,2153941,0.036762868,0,true,53,53
143,fmm,2153942,0.036762868,0,true,5,5
143,fmm,2153943,0.036762868,0,true,19,19
143,fmm,2153944,0.036762868,0,true,4,4
143,fmm,2153945,0.036762868,0,true,55,55
143,fmm,2153946,0.036762868,0,true,41,41
143,fmm,2153947,0.036762868,0,true,42,42
143,fmm,2153948,0.036762868,0,true,52,52
143,fmm,2153949,0.036762868,0,true,54,54
143,fmm,2153950,0.036762868,0,true,40,40
143,fmm,2153951,0.036762868,0,true,15,15
143,fmm,2153952,0.036762868,0,true,14,14
144,influence_mapping,2153836,0.000627558,0,true,60,60
144,influence_mapping,2153854,0.000627558,0,true,11,11
144,influence_mapping,2153858,0.000627558,0,true,57,57
144,influence_mapping,2153859,0.000627558,0,true,27,27
144,influence_mapping,2153860,0.000627558,0,true,62,62
144,influence_mapping,2153861,0.000627558,0,true,40,40
144,influence_mapping,2153862,0.000627558,0,true,48,48
144,influence_mapping,2153863,0.000627558,0,true,15,15
144,influence_mapping,2153864,0.000627558,0,true,50,50
144,influence_mapping,2153865,0.000627558,0,true,63,63
144,influence_mapping,2153866,0.000627558,0,true,55,55
144,influence_mapping,2153867,0.000627558,0,true,29,29
144,influence_mapping,2153868,0.000627558,0,true,56,56
144,influence_mapping,2153869,0.000627558,0,true,24,24
144,influence_mapping,2153870,0.000627558,0,true,11,11
144,influence_mapping,2153871,0.000627558,0,true,47,47
144,influence_mapping,2153872,0.000627558,0,true,39,39
144,influence_mapping,2153873,0.000627558,0,true,58,58
144,influence_mapping,2153874,0.000627558,0,true,59,59
144,influence_mapping,2153875,0.000627558,0,true,10,10
144,influence_mapping,2153876,0.000627558,0,true,61,61
144,influence_mapping,2153877,0.000627558,0,true,6,6
144,influence_mapping,2153878,0.000627558,0,true,53,53
144,influence_mapping,2153879,0.000627558,0,true,25,25
144,influence_mapping,2153880,0.000627558,0,true,5,5
144,influence_mapping,2153881,0.000627558,0,true,7,7
144,influence_mapping,2153882,0.000627558,0,true,33,33
144,influence_mapping,2153883,0.000627558,0,true,2,2
144,influence_mapping,2153884,0.000627558,0,true,51,51
144,influence_mapping,2153886,0.000627558,0,true,31,31
144,influence_mapping,2153887,0.000627558,0,true,20,20
144,influence_mapping,2153888,0.000627558,0,true,16,16
144,influence_mapping,2153889,0.000627558,0,true,36,36
144,influence_mapping,2153890,0.000627558,0,true,35,35
144,influence_mapping,2153891,0.000627558,0,true,30,30
144,influence_mapping,2153892,0.000627558,0,true,13,13
144,influence_mapping,2153893,0.000627558,0,true,49,49
144,influence_mapping,2153894,0.000627558,0,true,17,17
144,influence_mapping,2153895,0.000627558,0,true,12,12
144,influence_mapping,2153896,0.000627558,0,true,45,45
144,influence_mapping,2153897,0.000627558,0,true,32,32
144,influence_mapping,2153898,0.000627558,0,true,54,54
144,influence_mapping,2153899,0.000627558,0,true,21,21
144,influence_mapping,2153900,0.000627558,0,true,46,46
144,influence_mapping,2153901,0.000627558,0,true,41,41
144,influence_mapping,2153902,0.000627558,0,true,43,43
144,influence_mapping,2153903,0.000627558,0,true,14,14
144,influence_mapping,2153904,0.000627558,0,true,42,42
144,influence_mapping,2153905,0.000627558,0,true,44,44
144,influence_mapping,2153906,0.000627558,0,true,1,1
144,influence_mapping,2153907,0.000627558,0,true,26,26
144,influence_mapping,2153908,0.000627558,0,true,18,18
144,influence_mapping,2153909,0.000627558,0,true,34,34
144,influence_mapping,2153910,0.000627558,0,true,23,23
144,influence_mapping,2153911,0.000627558,0,true,19,19
144,influence_mapping,2153912,0.000627558,0,true,3,3
144,influence_mapping,2153913,0.000627558,0,true,52,52
144,influence_mapping,2153914,0.000627558,0,true,38,38
144,influence_mapping,2153915,0.000627558,0,true,9,9
144,influence_mapping,2153916,0.000627558,0,true,4,4
144,influence_mapping,2153917,0.000627558,0,true,22,22
144,influence_mapping,2153918,0.000627558,0,true,37,37
144,influence_mapping,2153919,0.000627558,0,true,8,8
144,influence_mapping,2153920,0.000627558,0,true,28,28
144,influence_mapping,2153921,0.000627558,0,true,61,61
144,influence_mapping,2153922,0.000627558,0,true,61,61
144,influence_mapping,2153923,0.000627558,0,true,7,7
144,influence_mapping,2153924,0.000627558,0,true,3,3
144,influence_mapping,2153925,0.000627558,0,true,50,50
144,influence_mapping,2153926,0.000627558,0,true,31,31
144,influence_mapping,2153927,0.000627558,0,true,27,27
144,influence_mapping,2153928,0.000627558,0,true,60,60
144,influence_mapping,2153929,0.000627558,0,true,51,51
144,influence_mapping,2153930,0.000627558,0,true,1,1
144,influence_mapping,2153931,0.000627558,0,true,58,58
144,influence_mapping,2153932,0.000627558,0,true,16,16
144,influence_mapping,2153933,0.000627558,0,true,10,10
144,influence_mapping,2153934,0.000627558,0,true,2,2
144,influence_mapping,2153935,0.000627558,0,true,62,62
144,influence_mapping,2153936,0.000627558,0,true,56,56
144,influence_mapping,2153937,0.000627558,0,true,59,59
144,influence_mapping,2153938,0.000627558,0,true,11,11
144,influence_mapping,2153939,0.000627558,0,true,49,49
144,influence_mapping,2153940,0.000627558,0,true,57,57
144,influence_mapping,2153941,0.000627558,0,true,53,53
144,influence_mapping,2153942,0.000627558,0,true,5,5
144,influence_mapping,2153943,0.000627558,0,true,19,19
144,influence_mapping,2153944,0.000627558,0,true,4,4
144,influence_mapping,2153945,0.000627558,0,true,55,55
144,influence_mapping,2153946,0.000627558,0,true,41,41
144,influence_mapping,2153947,0.000627558,0,true,42,42
144,influence_mapping,2153948,0.000627558,0,true,52,52
144,influence_mapping,2153949,0.000627558,0,true,54,54
144,influence_mapping,2153950,0.000627558,0,true,40,40
144,influence_mapping,2153951,0.000627558,0,true,15,15
144,influence_mapping,2153952,0.000627558,0,true,14,14
145,residual,2153836,0.00491762,1,true,60,60
145,residual,2153854,0.00491762,0,true,11,11
145,residual,2153858,0.00491762,0,true,57,57
145,residual,2153859,0.00491762,0,true,27,27
145,residual,2153860,0.00491762,0,true,62,62
145,residual,2153861,0.00491762,0,true,40,40
145,residual,2153862,0.00491762,0,true,48,48
145,residual,2153863,0.00491762,0,true,15,15
145,residual,2153864,0.00491762,0,true,50,50
145,residual,2153865,0.00491762,0,true,63,63
145,residual,2153866,0.00491762,0,true,55,55
145,residual,2153867,0.00491762,0,true,29,29
145,residual,2153868,0.00491762,0,true,56,56
145,residual,2153869,0.00491762,0,true,24,24
145,residual,2153870,0.00491762,0,true,11,11
145,residual,2153871,0.00491762,0,true,47,47
145,residual,2153872,0.00491762,0,true,39,39
145,residual,2153873,0.00491762,0,true,58,58
145,residual,2153874,0.00491762,0,true,59,59
145,residual,2153875,0.00491762,0,true,10,10
145,residual,2153876,0.00491762,0,true,61,61
145,residual,2153877,0.00491762,0,true,6,6
145,residual,2153878,0.00491762,0,true,53,53
145,residual,2153879,0.00491762,0,true,25,25
145,residual,2153880,0.00491762,0,true,5,5
145,residual,2153881,0.00491762,0,true,7,7
145,residual,2153882,0.00491762,0,true,33,33
145,residual,2153883,0.00491762,0,true,2,2
145,residual,2153884,0.00491762,0,true,51,51
145,residual,2153886,0.00491762,0,true,31,31
145,residual,2153887,0.00491762,0,true,20,20
145,residual,2153888,0.00491762,0,true,16,16
145,residual,2153889,0.00491762,0,true,36,36
145,residual,2153890,0.00491762,0,true,35,35
145,residual,2153891,0.00491762,0,true,30,30
145,residual,2153892,0.00491762,0,true,13,13
145,residual,2153893,0.00491762,0,true,49,49
145,residual,2153894,0.00491762,0,true,17,17
145,residual,2153895,0.00491762,0,true,12,12
145,residual,2153896,0.00491762,0,true,45,45
145,residual,2153897,0.00491762,0,true,32,32
145,residual,2153898,0.00491762,0,true,54,54
145,residual,2153899,0.00491762,0,true,21,21
145,residual,2153900,0.00491762,0,true,46,46
145,residual,2153901,0.00491762,0,true,41,41
145,residual,2153902,0.00491762,0,true,43,43
145,residual,2153903,0.00491762,0,true,14,14
145,residual,2153904,0.00491762,0,true,42,42
145,residual,2153905,0.00491762,0,true,44,44
145,residual,2153906,0.00491762,0,true,1,1
145,residual,2153907,0.00491762,0,true,26,26
145,residual,2153908,0.00491762,0,true,18,18
145,residual,2153909,0.00491762,0,true,34,34
145,residual,2153910,0.00491762,0,true,23,23
145,residual,2153911,0.00491762,0,true,19,19
145,residual,2153912,0.00491762,0,true,3,3
145,residual,2153913,0.00491762,0,true,52,52
145,residual,2153914,0.00491762,0,true,38,38
145,residual,2153915,0.00491762,0,true,9,9
145,residual,2153916,0.00491762,0,true,4,4
145,residual,2153917,0.00491762,0,true,22,22
145,residual,2153918,0.00491762,0,true,37,37
145,residual,2153919,0.00491762,0,true,8,8
145,residual,2153920,0.00491762,0,true,28,28
145,residual,2153921,0.00491762,0,true,61,61
145,residual,2153922,0.00491762,0,true,61,61
145,residual,2153923,0.00491762,0,true,7,7
145,residual,2153924,0.00491762,0,true,3,3
145,residual,2153925,0.00491762,0,true,50,50
145,residual,2153926,0.00491762,0,true,31,31
145,residual,2153927,0.00491762,0,true,27,27
145,residual,2153928,0.00491762,0,true,60,60
145,residual,2153929,0.00491762,0,true,51,51
145,residual,2153930,0.00491762,0,true,1,1
145,residual,2153931,0.00491762,0,true,58,58
145,residual,2153932,0.00491762,0,true,16,16
145,residual,2153933,0.00491762,0,true,10,10
145,residual,2153934,0.00491762,0,true,2,2
145,residual,2153935,0.00491762,0,true,62,62
145,residual,2153936,0.00491762,0,true,56,56
145,residual,2153937,0.00491762,0,true,59,59
145,residual,2153938,0.00491762,0,true,11,11
145,residual,2153939,0.00491762,0,true,49,49
145,residual,2153940,0.00491762,0,true,57,57
145,residual,2153941,0.00491762,0,true,53,53
145,residual,2153942,0.00491762,0,true,5,5
145,residual,2153943,0.00491762,0,true,19,19
145,residual,2153944,0.00491762,0,true,4,4
145,residual,2153945,0.00491762,0,true,55,55
145,residual,2153946,0.00491762,0,true,41,41
145,residual,2153947,0.00491762,0,true,42,42
145,residual,2153948,0.00491762,0,true,52,52
145,residual,2153949,0.00491762,0,true,54,54
145,residual,2153950,0.00491762,0,true,40,40
145,residual,2153951,0.00491762,0,true,15,15
145,residual,2153952,0.00491762,0,true,14,14
146,nearfield_update,2153836,0.276516125,19,true,60,55
146,nearfield_update,2153854,0.276516125,0,true,11,11
146,nearfield_update,2153858,0.276516125,13,true,57,57
146,nearfield_update,2153859,0.276516125,4,true,27,27
146,nearfield_update,2153860,0.276516125,15,true,62,62
146,nearfield_update,2153861,0.276516125,23,true,40,40
146,nearfield_update,2153862,0.276516125,8,true,48,48
146,nearfield_update,2153863,0.276516125,22,true,15,15
146,nearfield_update,2153864,0.276516125,8,true,50,50
146,nearfield_update,2153865,0.276516125,1,true,63,63
146,nearfield_update,2153866,0.276516125,0,true,55,55
146,nearfield_update,2153867,0.276516125,17,true,29,29
146,nearfield_update,2153868,0.276516125,9,true,56,56
146,nearfield_update,2153869,0.276516125,17,true,24,24
146,nearfield_update,2153870,0.276516125,24,true,11,11
146,nearfield_update,2153871,0.276516125,18,true,47,47
146,nearfield_update,2153872,0.276516125,24,true,39,39
146,nearfield_update,2153873,0.276516125,15,true,58,58
146,nearfield_update,2153874,0.276516125,3,true,59,59
146,nearfield_update,2153875,0.276516125,24,true,10,10
146,nearfield_update,2153876,0.276516125,15,true,61,61
146,nearfield_update,2153877,0.276516125,5,true,6,6
146,nearfield_update,2153878,0.276516125,1,true,53,53
146,nearfield_update,2153879,0.276516125,15,true,25,25
146,nearfield_update,2153880,0.276516125,20,true,5,5
146,nearfield_update,2153881,0.276516125,19,true,7,7
146,nearfield_update,2153882,0.276516125,21,true,33,33
146,nearfield_update,2153883,0.276516125,22,true,2,2
146,nearfield_update,2153884,0.276516125,11,true,51,51
146,nearfield_update,2153886,0.276516125,17,true,31,31
146,nearfield_update,2153887,0.276516125,18,true,20,20
146,nearfield_update,2153888,0.276516125,17,true,16,16
146,nearfield_update,2153889,0.276516125,21,true,36,36
146,nearfield_update,2153890,0.276516125,21,true,35,35
146,nearfield_update,2153891,0.276516125,17,true,30,30
146,nearfield_update,2153892,0.276516125,23,true,13,13
146,nearfield_update,2153893,0.276516125,10,true,49,49
146,nearfield_update,2153894,0.276516125,19,true,17,17
146,nearfield_update,2153895,0.276516125,22,true,12,12
146,nearfield_update,2153896,0.276516125,20,true,45,45
146,nearfield_update,2153897,0.276516125,21,true,32,32
146,nearfield_update,2153898,0.276516125,10,true,54,54
146,nearfield_update,2153899,0.276516125,17,true,21,21
146,nearfield_update,2153900,0.276516125,20,true,46,46
146,nearfield_update,2153901,0.276516125,20,true,41,41
146,nearfield_update,2153902,0.276516125,21,true,43,43
146,nearfield_update,2153903,0.276516125,23,true,14,14
146,nearfield_update,2153904,0.276516125,21,true,42,42
146,nearfield_update,2153905,0.276516125,21,true,44,44
146,nearfield_update,2153906,0.276516125,21,true,1,1
146,nearfield_update,2153907,0.276516125,16,true,26,26
146,nearfield_update,2153908,0.276516125,17,true,18,18
146,nearfield_update,2153909,0.276516125,21,true,34,34
146,nearfield_update,2153910,0.276516125,17,true,23,23
146,nearfield_update,2153911,0.276516125,18,true,19,19
146,nearfield_update,2153912,0.276516125,23,true,3,3
146,nearfield_update,2153913,0.276516125,10,true,52,52
146,nearfield_update,2153914,0.276516125,22,true,38,38
146,nearfield_update,2153915,0.276516125,22,true,9,9
146,nearfield_update,2153916,0.276516125,21,true,4,4
146,nearfield_update,2153917,0.276516125,17,true,22,22
146,nearfield_update,2153918,0.276516125,22,true,37,37
146,nearfield_update,2153919,0.276516125,24,true,8,8
146,nearfield_update,2153920,0.276516125,17,true,28,28
146,nearfield_update,2153921,0.276516125,11,true,61,60
146,nearfield_update,2153922,0.276516125,0,true,61,61
146,nearfield_update,2153923,0.276516125,0,true,7,7
146,nearfield_update,2153924,0.276516125,0,true,3,3
146,nearfield_update,2153925,0.276516125,0,true,50,50
146,nearfield_update,2153926,0.276516125,0,true,31,31
146,nearfield_update,2153927,0.276516125,0,true,27,27
146,nearfield_update,2153928,0.276516125,0,true,60,60
146,nearfield_update,2153929,0.276516125,0,true,51,51
146,nearfield_update,2153930,0.276516125,0,true,1,1
146,nearfield_update,2153931,0.276516125,0,true,58,58
146,nearfield_update,2153932,0.276516125,0,true,16,16
146,nearfield_update,2153933,0.276516125,0,true,10,10
146,nearfield_update,2153934,0.276516125,0,true,2,2
146,nearfield_update,2153935,0.276516125,0,true,62,62
146,nearfield_update,2153936,0.276516125,0,true,56,56
146,nearfield_update,2153937,0.276516125,0,true,59,59
146,nearfield_update,2153938,0.276516125,0,true,11,11
146,nearfield_update,2153939,0.276516125,0,true,49,49
146,nearfield_update,2153940,0.276516125,0,true,57,57
146,nearfield_update,2153941,0.276516125,0,true,53,53
146,nearfield_update,2153942,0.276516125,0,true,5,5
146,nearfield_update,2153943,0.276516125,0,true,19,19
146,nearfield_update,2153944,0.276516125,0,true,4,4
146,nearfield_update,2153945,0.276516125,0,true,55,55
146,nearfield_update,2153946,0.276516125,0,true,41,41
146,nearfield_update,2153947,0.276516125,0,true,42,42
146,nearfield_update,2153948,0.276516125,0,true,52,52
146,nearfield_update,2153949,0.276516125,0,true,54,54
146,nearfield_update,2153950,0.276516125,0,true,40,40
146,nearfield_update,2153951,0.276516125,0,true,15,15
146,nearfield_update,2153952,0.276516125,0,true,14,14
147,fmm,2153836,0.037383612,3,true,55,55
147,fmm,2153854,0.037383612,0,true,11,11
147,fmm,2153858,0.037383612,2,true,57,57
147,fmm,2153859,0.037383612,3,true,27,27
147,fmm,2153860,0.037383612,2,true,62,61
147,fmm,2153861,0.037383612,3,true,40,40
147,fmm,2153862,0.037383612,2,true,48,48
147,fmm,2153863,0.037383612,3,true,15,15
147,fmm,2153864,0.037383612,2,true,50,50
147,fmm,2153865,0.037383612,3,true,63,63
147,fmm,2153866,0.037383612,2,true,55,54
147,fmm,2153867,0.037383612,2,true,29,29
147,fmm,2153868,0.037383612,2,true,56,56
147,fmm,2153869,0.037383612,2,true,24,24
147,fmm,2153870,0.037383612,2,true,11,11
147,fmm,2153871,0.037383612,2,true,47,47
147,fmm,2153872,0.037383612,2,true,39,39
147,fmm,2153873,0.037383612,2,true,58,58
147,fmm,2153874,0.037383612,1,true,59,59
147,fmm,2153875,0.037383612,2,true,10,10
147,fmm,2153876,0.037383612,2,true,61,60
147,fmm,2153877,0.037383612,2,true,6,6
147,fmm,2153878,0.037383612,2,true,53,53
147,fmm,2153879,0.037383612,2,true,25,25
147,fmm,2153880,0.037383612,2,true,5,5
147,fmm,2153881,0.037383612,2,true,7,7
147,fmm,2153882,0.037383612,2,true,33,33
147,fmm,2153883,0.037383612,2,true,2,2
147,fmm,2153884,0.037383612,2,true,51,51
147,fmm,2153886,0.037383612,2,true,31,31
147,fmm,2153887,0.037383612,2,true,20,20
147,fmm,2153888,0.037383612,2,true,16,16
147,fmm,2153889,0.037383612,2,true,36,36
147,fmm,2153890,0.037383612,2,true,35,35
147,fmm,2153891,0.037383612,2,true,30,30
147,fmm,2153892,0.037383612,2,true,13,13
147,fmm,2153893,0.037383612,2,true,49,49
147,fmm,2153894,0.037383612,2,true,17,17
147,fmm,2153895,0.037383612,2,true,12,12
147,fmm,2153896,0.037383612,2,true,45,45
147,fmm,2153897,0.037383612,2,true,32,32
147,fmm,2153898,0.037383612,2,true,54,52
147,fmm,2153899,0.037383612,3,true,21,21
147,fmm,2153900,0.037383612,2,true,46,46
147,fmm,2153901,0.037383612,2,true,41,41
147,fmm,2153902,0.037383612,2,true,43,43
147,fmm,2153903,0.037383612,2,true,14,14
147,fmm,2153904,0.037383612,1,true,42,42
147,fmm,2153905,0.037383612,1,true,44,44
147,fmm,2153906,0.037383612,2,true,1,1
147,fmm,2153907,0.037383612,2,true,26,26
147,fmm,2153908,0.037383612,2,true,18,18
147,fmm,2153909,0.037383612,2,true,34,34
147,fmm,2153910,0.037383612,2,true,23,23
147,fmm,2153911,0.037383612,2,true,19,19
147,fmm,2153912,0.037383612,2,true,3,3
147,fmm,2153913,0.037383612,2,true,52,62
147,fmm,2153914,0.037383612,2,true,38,38
147,fmm,2153915,0.037383612,2,true,9,9
147,fmm,2153916,0.037383612,2,true,4,4
147,fmm,2153917,0.037383612,2,true,22,22
147,fmm,2153918,0.037383612,1,true,37,37
147,fmm,2153919,0.037383612,1,true,8,8
147,fmm,2153920,0.037383612,1,true,28,28
147,fmm,2153921,0.037383612,0,true,60,62
147,fmm,2153922,0.037383612,0,true,61,61
147,fmm,2153923,0.037383612,0,true,7,7
147,fmm,2153924,0.037383612,0,true,3,3
147,fmm,2153925,0.037383612,0,true,50,50
147,fmm,2153926,0.037383612,0,true,31,31
147,fmm,2153927,0.037383612,0,true,27,27
147,fmm,2153928,0.037383612,0,true,60,60
147,fmm,2153929,0.037383612,0,true,51,51
147,fmm,2153930,0.037383612,0,true,1,1
147,fmm,2153931,0.037383612,0,true,58,58
147,fmm,2153932,0.037383612,0,true,16,16
147,fmm,2153933,0.037383612,0,true,10,10
147,fmm,2153934,0.037383612,0,true,2,2
147,fmm,2153935,0.037383612,0,true,62,62
147,fmm,2153936,0.037383612,0,true,56,56
147,fmm,2153937,0.037383612,0,true,59,59
147,fmm,2153938,0.037383612,0,true,11,11
147,fmm,2153939,0.037383612,0,true,49,49
147,fmm,2153940,0.037383612,0,true,57,57
147,fmm,2153941,0.037383612,0,true,53,53
147,fmm,2153942,0.037383612,0,true,5,5
147,fmm,2153943,0.037383612,0,true,19,19
147,fmm,2153944,0.037383612,0,true,4,4
147,fmm,2153945,0.037383612,0,true,55,55
147,fmm,2153946,0.037383612,0,true,41,41
147,fmm,2153947,0.037383612,0,true,42,42
147,fmm,2153948,0.037383612,0,true,52,52
147,fmm,2153949,0.037383612,0,true,54,54
147,fmm,2153950,0.037383612,0,true,40,40
147,fmm,2153951,0.037383612,0,true,15,15
147,fmm,2153952,0.037383612,0,true,14,14
148,influence_mapping,2153836,0.000720732,0,true,55,55
148,influence_mapping,2153854,0.000720732,0,true,11,11
148,influence_mapping,2153858,0.000720732,0,true,57,57
148,influence_mapping,2153859,0.000720732,0,true,27,27
148,influence_mapping,2153860,0.000720732,0,true,61,61
148,influence_mapping,2153861,0.000720732,0,true,40,40
148,influence_mapping,2153862,0.000720732,0,true,48,48
148,influence_mapping,2153863,0.000720732,0,true,15,15
148,influence_mapping,2153864,0.000720732,0,true,50,50
148,influence_mapping,2153865,0.000720732,0,true,63,63
148,influence_mapping,2153866,0.000720732,0,true,54,54
148,influence_mapping,2153867,0.000720732,0,true,29,29
148,influence_mapping,2153868,0.000720732,0,true,56,56
148,influence_mapping,2153869,0.000720732,0,true,24,24
148,influence_mapping,2153870,0.000720732,0,true,11,11
148,influence_mapping,2153871,0.000720732,0,true,47,47
148,influence_mapping,2153872,0.000720732,0,true,39,39
148,influence_mapping,2153873,0.000720732,0,true,58,58
148,influence_mapping,2153874,0.000720732,0,true,59,59
148,influence_mapping,2153875,0.000720732,0,true,10,10
148,influence_mapping,2153876,0.000720732,0,true,60,60
148,influence_mapping,2153877,0.000720732,0,true,6,6
148,influence_mapping,2153878,0.000720732,0,true,53,53
148,influence_mapping,2153879,0.000720732,0,true,25,25
148,influence_mapping,2153880,0.000720732,0,true,5,5
148,influence_mapping,2153881,0.000720732,0,true,7,7
148,influence_mapping,2153882,0.000720732,0,true,33,33
148,influence_mapping,2153883,0.000720732,0,true,2,2
148,influence_mapping,2153884,0.000720732,0,true,51,51
148,influence_mapping,2153886,0.000720732,0,true,31,31
148,influence_mapping,2153887,0.000720732,0,true,20,20
148,influence_mapping,2153888,0.000720732,0,true,16,16
148,influence_mapping,2153889,0.000720732,0,true,36,36
148,influence_mapping,2153890,0.000720732,0,true,35,35
148,influence_mapping,2153891,0.000720732,0,true,30,30
148,influence_mapping,2153892,0.000720732,0,true,13,13
148,influence_mapping,2153893,0.000720732,0,true,49,49
148,influence_mapping,2153894,0.000720732,0,true,17,17
148,influence_mapping,2153895,0.000720732,0,true,12,12
148,influence_mapping,2153896,0.000720732,0,true,45,45
148,influence_mapping,2153897,0.000720732,0,true,32,32
148,influence_mapping,2153898,0.000720732,0,true,52,52
148,influence_mapping,2153899,0.000720732,0,true,21,21
148,influence_mapping,2153900,0.000720732,0,true,46,46
148,influence_mapping,2153901,0.000720732,0,true,41,41
148,influence_mapping,2153902,0.000720732,0,true,43,43
148,influence_mapping,2153903,0.000720732,0,true,14,14
148,influence_mapping,2153904,0.000720732,0,true,42,42
148,influence_mapping,2153905,0.000720732,0,true,44,44
148,influence_mapping,2153906,0.000720732,0,true,1,1
148,influence_mapping,2153907,0.000720732,0,true,26,26
148,influence_mapping,2153908,0.000720732,0,true,18,18
148,influence_mapping,2153909,0.000720732,0,true,34,34
148,influence_mapping,2153910,0.000720732,0,true,23,23
148,influence_mapping,2153911,0.000720732,0,true,19,19
148,influence_mapping,2153912,0.000720732,0,true,3,3
148,influence_mapping,2153913,0.000720732,0,true,62,62
148,influence_mapping,2153914,0.000720732,0,true,38,38
148,influence_mapping,2153915,0.000720732,0,true,9,9
148,influence_mapping,2153916,0.000720732,0,true,4,4
148,influence_mapping,2153917,0.000720732,0,true,22,22
148,influence_mapping,2153918,0.000720732,0,true,37,37
148,influence_mapping,2153919,0.000720732,0,true,8,8
148,influence_mapping,2153920,0.000720732,0,true,28,28
148,influence_mapping,2153921,0.000720732,0,true,62,62
148,influence_mapping,2153922,0.000720732,0,true,61,61
148,influence_mapping,2153923,0.000720732,0,true,7,7
148,influence_mapping,2153924,0.000720732,0,true,3,3
148,influence_mapping,2153925,0.000720732,0,true,50,50
148,influence_mapping,2153926,0.000720732,0,true,31,31
148,influence_mapping,2153927,0.000720732,0,true,27,27
148,influence_mapping,2153928,0.000720732,0,true,60,60
148,influence_mapping,2153929,0.000720732,0,true,51,51
148,influence_mapping,2153930,0.000720732,0,true,1,1
148,influence_mapping,2153931,0.000720732,0,true,58,58
148,influence_mapping,2153932,0.000720732,0,true,16,16
148,influence_mapping,2153933,0.000720732,0,true,10,10
148,influence_mapping,2153934,0.000720732,0,true,2,2
148,influence_mapping,2153935,0.000720732,0,true,62,62
148,influence_mapping,2153936,0.000720732,0,true,56,56
148,influence_mapping,2153937,0.000720732,0,true,59,59
148,influence_mapping,2153938,0.000720732,0,true,11,11
148,influence_mapping,2153939,0.000720732,0,true,49,49
148,influence_mapping,2153940,0.000720732,0,true,57,57
148,influence_mapping,2153941,0.000720732,0,true,53,53
148,influence_mapping,2153942,0.000720732,0,true,5,5
148,influence_mapping,2153943,0.000720732,0,true,19,19
148,influence_mapping,2153944,0.000720732,0,true,4,4
148,influence_mapping,2153945,0.000720732,0,true,55,55
148,influence_mapping,2153946,0.000720732,0,true,41,41
148,influence_mapping,2153947,0.000720732,0,true,42,42
148,influence_mapping,2153948,0.000720732,0,true,52,52
148,influence_mapping,2153949,0.000720732,0,true,54,54
148,influence_mapping,2153950,0.000720732,0,true,40,40
148,influence_mapping,2153951,0.000720732,0,true,15,15
148,influence_mapping,2153952,0.000720732,0,true,14,14
149,residual,2153836,0.005432567,1,true,55,55
149,residual,2153854,0.005432567,0,true,11,11
149,residual,2153858,0.005432567,0,true,57,57
149,residual,2153859,0.005432567,0,true,27,27
149,residual,2153860,0.005432567,0,true,61,61
149,residual,2153861,0.005432567,0,true,40,40
149,residual,2153862,0.005432567,0,true,48,48
149,residual,2153863,0.005432567,0,true,15,15
149,residual,2153864,0.005432567,0,true,50,50
149,residual,2153865,0.005432567,0,true,63,63
149,residual,2153866,0.005432567,0,true,54,54
149,residual,2153867,0.005432567,0,true,29,29
149,residual,2153868,0.005432567,0,true,56,56
149,residual,2153869,0.005432567,0,true,24,24
149,residual,2153870,0.005432567,0,true,11,11
149,residual,2153871,0.005432567,0,true,47,47
149,residual,2153872,0.005432567,0,true,39,39
149,residual,2153873,0.005432567,0,true,58,58
149,residual,2153874,0.005432567,0,true,59,59
149,residual,2153875,0.005432567,0,true,10,10
149,residual,2153876,0.005432567,0,true,60,60
149,residual,2153877,0.005432567,0,true,6,6
149,residual,2153878,0.005432567,0,true,53,53
149,residual,2153879,0.005432567,0,true,25,25
149,residual,2153880,0.005432567,0,true,5,5
149,residual,2153881,0.005432567,0,true,7,7
149,residual,2153882,0.005432567,0,true,33,33
149,residual,2153883,0.005432567,0,true,2,2
149,residual,2153884,0.005432567,0,true,51,51
149,residual,2153886,0.005432567,0,true,31,31
149,residual,2153887,0.005432567,0,true,20,20
149,residual,2153888,0.005432567,0,true,16,16
149,residual,2153889,0.005432567,0,true,36,36
149,residual,2153890,0.005432567,0,true,35,35
149,residual,2153891,0.005432567,0,true,30,30
149,residual,2153892,0.005432567,0,true,13,13
149,residual,2153893,0.005432567,0,true,49,49
149,residual,2153894,0.005432567,0,true,17,17
149,residual,2153895,0.005432567,0,true,12,12
149,residual,2153896,0.005432567,0,true,45,45
149,residual,2153897,0.005432567,0,true,32,32
149,residual,2153898,0.005432567,0,true,52,52
149,residual,2153899,0.005432567,0,true,21,21
149,residual,2153900,0.005432567,0,true,46,46
149,residual,2153901,0.005432567,0,true,41,41
149,residual,2153902,0.005432567,0,true,43,43
149,residual,2153903,0.005432567,0,true,14,14
149,residual,2153904,0.005432567,0,true,42,42
149,residual,2153905,0.005432567,0,true,44,44
149,residual,2153906,0.005432567,0,true,1,1
149,residual,2153907,0.005432567,0,true,26,26
149,residual,2153908,0.005432567,0,true,18,18
149,residual,2153909,0.005432567,0,true,34,34
149,residual,2153910,0.005432567,0,true,23,23
149,residual,2153911,0.005432567,0,true,19,19
149,residual,2153912,0.005432567,0,true,3,3
149,residual,2153913,0.005432567,0,true,62,62
149,residual,2153914,0.005432567,0,true,38,38
149,residual,2153915,0.005432567,0,true,9,9
149,residual,2153916,0.005432567,0,true,4,4
149,residual,2153917,0.005432567,0,true,22,22
149,residual,2153918,0.005432567,0,true,37,37
149,residual,2153919,0.005432567,0,true,8,8
149,residual,2153920,0.005432567,0,true,28,28
149,residual,2153921,0.005432567,0,true,62,62
149,residual,2153922,0.005432567,0,true,61,61
149,residual,2153923,0.005432567,0,true,7,7
149,residual,2153924,0.005432567,0,true,3,3
149,residual,2153925,0.005432567,0,true,50,50
149,residual,2153926,0.005432567,0,true,31,31
149,residual,2153927,0.005432567,0,true,27,27
149,residual,2153928,0.005432567,0,true,60,60
149,residual,2153929,0.005432567,0,true,51,51
149,residual,2153930,0.005432567,0,true,1,1
149,residual,2153931,0.005432567,0,true,58,58
149,residual,2153932,0.005432567,0,true,16,16
149,residual,2153933,0.005432567,0,true,10,10
149,residual,2153934,0.005432567,0,true,2,2
149,residual,2153935,0.005432567,0,true,62,62
149,residual,2153936,0.005432567,0,true,56,56
149,residual,2153937,0.005432567,0,true,59,59
149,residual,2153938,0.005432567,0,true,11,11
149,residual,2153939,0.005432567,0,true,49,49
149,residual,2153940,0.005432567,0,true,57,57
149,residual,2153941,0.005432567,0,true,53,53
149,residual,2153942,0.005432567,0,true,5,5
149,residual,2153943,0.005432567,0,true,19,19
149,residual,2153944,0.005432567,0,true,4,4
149,residual,2153945,0.005432567,0,true,55,55
149,residual,2153946,0.005432567,0,true,41,41
149,residual,2153947,0.005432567,0,true,42,42
149,residual,2153948,0.005432567,0,true,52,52
149,residual,2153949,0.005432567,0,true,54,54
149,residual,2153950,0.005432567,0,true,40,40
149,residual,2153951,0.005432567,0,true,15,15
149,residual,2153952,0.005432567,0,true,14,14
150,nearfield_update,2153836,0.278986581,16,true,55,55
150,nearfield_update,2153854,0.278986581,0,true,11,11
150,nearfield_update,2153858,0.278986581,13,true,57,57
150,nearfield_update,2153859,0.278986581,4,true,27,27
150,nearfield_update,2153860,0.278986581,15,true,61,61
150,nearfield_update,2153861,0.278986581,23,true,40,40
150,nearfield_update,2153862,0.278986581,8,true,48,48
150,nearfield_update,2153863,0.278986581,22,true,15,15
150,nearfield_update,2153864,0.278986581,19,true,50,32
150,nearfield_update,2153865,0.278986581,2,true,63,63
150,nearfield_update,2153866,0.278986581,1,true,54,54
150,nearfield_update,2153867,0.278986581,17,true,29,29
150,nearfield_update,2153868,0.278986581,9,true,56,56
150,nearfield_update,2153869,0.278986581,18,true,24,24
150,nearfield_update,2153870,0.278986581,24,true,11,11
150,nearfield_update,2153871,0.278986581,19,true,47,47
150,nearfield_update,2153872,0.278986581,24,true,39,39
150,nearfield_update,2153873,0.278986581,14,true,58,58
150,nearfield_update,2153874,0.278986581,3,true,59,59
150,nearfield_update,2153875,0.278986581,24,true,10,10
150,nearfield_update,2153876,0.278986581,15,true,60,60
150,nearfield_update,2153877,0.278986581,4,true,6,6
150,nearfield_update,2153878,0.278986581,1,true,53,53
150,nearfield_update,2153879,0.278986581,16,true,25,25
150,nearfield_update,2153880,0.278986581,19,true,5,5
150,nearfield_update,2153881,0.278986581,20,true,7,7
150,nearfield_update,2153882,0.278986581,21,true,33,33
150,nearfield_update,2153883,0.278986581,22,true,2,2
150,nearfield_update,2153884,0.278986581,10,true,51,49
150,nearfield_update,2153886,0.278986581,16,true,31,31
150,nearfield_update,2153887,0.278986581,17,true,20,20
150,nearfield_update,2153888,0.278986581,18,true,16,16
150,nearfield_update,2153889,0.278986581,21,true,36,36
150,nearfield_update,2153890,0.278986581,21,true,35,35
150,nearfield_update,2153891,0.278986581,16,true,30,30
150,nearfield_update,2153892,0.278986581,23,true,13,13
150,nearfield_update,2153893,0.278986581,11,true,49,50
150,nearfield_update,2153894,0.278986581,17,true,17,17
150,nearfield_update,2153895,0.278986581,23,true,12,12
150,nearfield_update,2153896,0.278986581,21,true,45,45
150,nearfield_update,2153897,0.278986581,21,true,32,34
150,nearfield_update,2153898,0.278986581,11,true,52,52
150,nearfield_update,2153899,0.278986581,18,true,21,21
150,nearfield_update,2153900,0.278986581,21,true,46,38
150,nearfield_update,2153901,0.278986581,21,true,41,41
150,nearfield_update,2153902,0.278986581,20,true,43,43
150,nearfield_update,2153903,0.278986581,23,true,14,14
150,nearfield_update,2153904,0.278986581,11,true,42,54
150,nearfield_update,2153905,0.278986581,21,true,44,46
150,nearfield_update,2153906,0.278986581,21,true,1,1
150,nearfield_update,2153907,0.278986581,17,true,26,26
150,nearfield_update,2153908,0.278986581,17,true,18,18
150,nearfield_update,2153909,0.278986581,21,true,34,37
150,nearfield_update,2153910,0.278986581,17,true,23,23
150,nearfield_update,2153911,0.278986581,17,true,19,19
150,nearfield_update,2153912,0.278986581,21,true,3,3
150,nearfield_update,2153913,0.278986581,10,true,62,51
150,nearfield_update,2153914,0.278986581,21,true,38,44
150,nearfield_update,2153915,0.278986581,23,true,9,9
150,nearfield_update,2153916,0.278986581,21,true,4,4
150,nearfield_update,2153917,0.278986581,17,true,22,22
150,nearfield_update,2153918,0.278986581,21,true,37,42
150,nearfield_update,2153919,0.278986581,23,true,8,8
150,nearfield_update,2153920,0.278986581,16,true,28,28
150,nearfield_update,2153921,0.278986581,10,true,62,62
150,nearfield_update,2153922,0.278986581,0,true,61,61
150,nearfield_update,2153923,0.278986581,0,true,7,7
150,nearfield_update,2153924,0.278986581,0,true,3,3
150,nearfield_update,2153925,0.278986581,0,true,50,50
150,nearfield_update,2153926,0.278986581,0,true,31,31
150,nearfield_update,2153927,0.278986581,0,true,27,27
150,nearfield_update,2153928,0.278986581,0,true,60,60
150,nearfield_update,2153929,0.278986581,0,true,51,51
150,nearfield_update,2153930,0.278986581,0,true,1,1
150,nearfield_update,2153931,0.278986581,0,true,58,58
150,nearfield_update,2153932,0.278986581,0,true,16,16
150,nearfield_update,2153933,0.278986581,0,true,10,10
150,nearfield_update,2153934,0.278986581,0,true,2,2
150,nearfield_update,2153935,0.278986581,0,true,62,62
150,nearfield_update,2153936,0.278986581,0,true,56,56
150,nearfield_update,2153937,0.278986581,0,true,59,59
150,nearfield_update,2153938,0.278986581,0,true,11,11
150,nearfield_update,2153939,0.278986581,0,true,49,49
150,nearfield_update,2153940,0.278986581,0,true,57,57
150,nearfield_update,2153941,0.278986581,0,true,53,53
150,nearfield_update,2153942,0.278986581,0,true,5,5
150,nearfield_update,2153943,0.278986581,0,true,19,19
150,nearfield_update,2153944,0.278986581,0,true,4,4
150,nearfield_update,2153945,0.278986581,0,true,55,55
150,nearfield_update,2153946,0.278986581,0,true,41,41
150,nearfield_update,2153947,0.278986581,0,true,42,42
150,nearfield_update,2153948,0.278986581,0,true,52,52
150,nearfield_update,2153949,0.278986581,0,true,54,54
150,nearfield_update,2153950,0.278986581,0,true,40,40
150,nearfield_update,2153951,0.278986581,0,true,15,15
150,nearfield_update,2153952,0.278986581,0,true,14,14
151,fmm,2153836,0.037035269,4,true,55,55
151,fmm,2153854,0.037035269,0,true,11,11
151,fmm,2153858,0.037035269,2,true,57,60
151,fmm,2153859,0.037035269,3,true,27,27
151,fmm,2153860,0.037035269,2,true,61,61
151,fmm,2153861,0.037035269,3,true,40,40
151,fmm,2153862,0.037035269,2,true,48,48
151,fmm,2153863,0.037035269,3,true,15,15
151,fmm,2153864,0.037035269,2,true,32,32
151,fmm,2153865,0.037035269,2,true,63,56
151,fmm,2153866,0.037035269,2,true,54,54
151,fmm,2153867,0.037035269,2,true,29,29
151,fmm,2153868,0.037035269,1,true,56,49
151,fmm,2153869,0.037035269,2,true,24,24
151,fmm,2153870,0.037035269,2,true,11,11
151,fmm,2153871,0.037035269,2,true,47,47
151,fmm,2153872,0.037035269,2,true,39,39
151,fmm,2153873,0.037035269,2,true,58,58
151,fmm,2153874,0.037035269,2,true,59,59
151,fmm,2153875,0.037035269,2,true,10,10
151,fmm,2153876,0.037035269,2,true,60,62
151,fmm,2153877,0.037035269,2,true,6,6
151,fmm,2153878,0.037035269,2,true,53,53
151,fmm,2153879,0.037035269,2,true,25,25
151,fmm,2153880,0.037035269,2,true,5,5
151,fmm,2153881,0.037035269,2,true,7,7
151,fmm,2153882,0.037035269,1,true,33,33
151,fmm,2153883,0.037035269,2,true,2,2
151,fmm,2153884,0.037035269,2,true,49,50
151,fmm,2153886,0.037035269,2,true,31,31
151,fmm,2153887,0.037035269,2,true,20,20
151,fmm,2153888,0.037035269,2,true,16,16
151,fmm,2153889,0.037035269,2,true,36,36
151,fmm,2153890,0.037035269,1,true,35,35
151,fmm,2153891,0.037035269,2,true,30,30
151,fmm,2153892,0.037035269,1,true,13,13
151,fmm,2153893,0.037035269,1,true,50,51
151,fmm,2153894,0.037035269,2,true,17,17
151,fmm,2153895,0.037035269,2,true,12,12
151,fmm,2153896,0.037035269,2,true,45,45
151,fmm,2153897,0.037035269,2,true,34,34
151,fmm,2153898,0.037035269,2,true,52,52
151,fmm,2153899,0.037035269,2,true,21,21
151,fmm,2153900,0.037035269,2,true,38,38
151,fmm,2153901,0.037035269,2,true,41,41
151,fmm,2153902,0.037035269,2,true,43,43
151,fmm,2153903,0.037035269,2,true,14,14
151,fmm,2153904,0.037035269,2,true,54,57
151,fmm,2153905,0.037035269,2,true,46,46
151,fmm,2153906,0.037035269,2,true,1,1
151,fmm,2153907,0.037035269,2,true,26,26
151,fmm,2153908,0.037035269,2,true,18,18
151,fmm,2153909,0.037035269,2,true,37,37
151,fmm,2153910,0.037035269,2,true,23,23
151,fmm,2153911,0.037035269,2,true,19,19
151,fmm,2153912,0.037035269,2,true,3,3
151,fmm,2153913,0.037035269,3,true,51,63
151,fmm,2153914,0.037035269,2,true,44,44
151,fmm,2153915,0.037035269,2,true,9,9
151,fmm,2153916,0.037035269,1,true,4,4
151,fmm,2153917,0.037035269,2,true,22,22
151,fmm,2153918,0.037035269,1,true,42,42
151,fmm,2153919,0.037035269,1,true,8,8
151,fmm,2153920,0.037035269,1,true,28,28
151,fmm,2153921,0.037035269,0,true,62,63
151,fmm,2153922,0.037035269,0,true,61,61
151,fmm,2153923,0.037035269,0,true,7,7
151,fmm,2153924,0.037035269,0,true,3,3
151,fmm,2153925,0.037035269,0,true,50,50
151,fmm,2153926,0.037035269,0,true,31,31
151,fmm,2153927,0.037035269,0,true,27,27
151,fmm,2153928,0.037035269,0,true,60,60
151,fmm,2153929,0.037035269,0,true,51,51
151,fmm,2153930,0.037035269,0,true,1,1
151,fmm,2153931,0.037035269,0,true,58,58
151,fmm,2153932,0.037035269,0,true,16,16
151,fmm,2153933,0.037035269,0,true,10,10
151,fmm,2153934,0.037035269,0,true,2,2
151,fmm,2153935,0.037035269,0,true,62,62
151,fmm,2153936,0.037035269,0,true,56,56
151,fmm,2153937,0.037035269,0,true,59,59
151,fmm,2153938,0.037035269,0,true,11,11
151,fmm,2153939,0.037035269,0,true,49,49
151,fmm,2153940,0.037035269,0,true,57,57
151,fmm,2153941,0.037035269,0,true,53,53
151,fmm,2153942,0.037035269,0,true,5,5
151,fmm,2153943,0.037035269,0,true,19,19
151,fmm,2153944,0.037035269,0,true,4,4
151,fmm,2153945,0.037035269,0,true,55,55
151,fmm,2153946,0.037035269,0,true,41,41
151,fmm,2153947,0.037035269,0,true,42,42
151,fmm,2153948,0.037035269,0,true,52,52
151,fmm,2153949,0.037035269,0,true,54,54
151,fmm,2153950,0.037035269,0,true,40,40
151,fmm,2153951,0.037035269,0,true,15,15
151,fmm,2153952,0.037035269,0,true,14,14
152,influence_mapping,2153836,0.000626216,0,true,55,55
152,influence_mapping,2153854,0.000626216,0,true,11,11
152,influence_mapping,2153858,0.000626216,0,true,60,60
152,influence_mapping,2153859,0.000626216,0,true,27,27
152,influence_mapping,2153860,0.000626216,0,true,61,61
152,influence_mapping,2153861,0.000626216,0,true,40,40
152,influence_mapping,2153862,0.000626216,0,true,48,48
152,influence_mapping,2153863,0.000626216,0,true,15,15
152,influence_mapping,2153864,0.000626216,0,true,32,32
152,influence_mapping,2153865,0.000626216,0,true,56,56
152,influence_mapping,2153866,0.000626216,0,true,54,54
152,influence_mapping,2153867,0.000626216,0,true,29,29
152,influence_mapping,2153868,0.000626216,0,true,49,49
152,influence_mapping,2153869,0.000626216,0,true,24,24
152,influence_mapping,2153870,0.000626216,0,true,11,11
152,influence_mapping,2153871,0.000626216,0,true,47,47
152,influence_mapping,2153872,0.000626216,0,true,39,39
152,influence_mapping,2153873,0.000626216,0,true,58,58
152,influence_mapping,2153874,0.000626216,0,true,59,59
152,influence_mapping,2153875,0.000626216,0,true,10,10
152,influence_mapping,2153876,0.000626216,0,true,62,62
152,influence_mapping,2153877,0.000626216,0,true,6,6
152,influence_mapping,2153878,0.000626216,0,true,53,53
152,influence_mapping,2153879,0.000626216,0,true,25,25
152,influence_mapping,2153880,0.000626216,0,true,5,5
152,influence_mapping,2153881,0.000626216,0,true,7,7
152,influence_mapping,2153882,0.000626216,0,true,33,33
152,influence_mapping,2153883,0.000626216,0,true,2,2
152,influence_mapping,2153884,0.000626216,0,true,50,50
152,influence_mapping,2153886,0.000626216,0,true,31,31
152,influence_mapping,2153887,0.000626216,0,true,20,20
152,influence_mapping,2153888,0.000626216,0,true,16,16
152,influence_mapping,2153889,0.000626216,0,true,36,36
152,influence_mapping,2153890,0.000626216,0,true,35,35
152,influence_mapping,2153891,0.000626216,0,true,30,30
152,influence_mapping,2153892,0.000626216,0,true,13,13
152,influence_mapping,2153893,0.000626216,0,true,51,51
152,influence_mapping,2153894,0.000626216,0,true,17,17
152,influence_mapping,2153895,0.000626216,0,true,12,12
152,influence_mapping,2153896,0.000626216,0,true,45,45
152,influence_mapping,2153897,0.000626216,0,true,34,34
152,influence_mapping,2153898,0.000626216,0,true,52,52
152,influence_mapping,2153899,0.000626216,0,true,21,21
152,influence_mapping,2153900,0.000626216,0,true,38,38
152,influence_mapping,2153901,0.000626216,0,true,41,41
152,influence_mapping,2153902,0.000626216,0,true,43,43
152,influence_mapping,2153903,0.000626216,0,true,14,14
152,influence_mapping,2153904,0.000626216,0,true,57,57
152,influence_mapping,2153905,0.000626216,0,true,46,46
152,influence_mapping,2153906,0.000626216,0,true,1,1
152,influence_mapping,2153907,0.000626216,0,true,26,26
152,influence_mapping,2153908,0.000626216,0,true,18,18
152,influence_mapping,2153909,0.000626216,0,true,37,37
152,influence_mapping,2153910,0.000626216,0,true,23,23
152,influence_mapping,2153911,0.000626216,0,true,19,19
152,influence_mapping,2153912,0.000626216,0,true,3,3
152,influence_mapping,2153913,0.000626216,0,true,63,63
152,influence_mapping,2153914,0.000626216,0,true,44,44
152,influence_mapping,2153915,0.000626216,0,true,9,9
152,influence_mapping,2153916,0.000626216,0,true,4,4
152,influence_mapping,2153917,0.000626216,0,true,22,22
152,influence_mapping,2153918,0.000626216,0,true,42,42
152,influence_mapping,2153919,0.000626216,0,true,8,8
152,influence_mapping,2153920,0.000626216,0,true,28,28
152,influence_mapping,2153921,0.000626216,0,true,63,63
152,influence_mapping,2153922,0.000626216,0,true,61,61
152,influence_mapping,2153923,0.000626216,0,true,7,7
152,influence_mapping,2153924,0.000626216,0,true,3,3
152,influence_mapping,2153925,0.000626216,0,true,50,50
152,influence_mapping,2153926,0.000626216,0,true,31,31
152,influence_mapping,2153927,0.000626216,0,true,27,27
152,influence_mapping,2153928,0.000626216,0,true,60,60
152,influence_mapping,2153929,0.000626216,0,true,51,51
152,influence_mapping,2153930,0.000626216,0,true,1,1
152,influence_mapping,2153931,0.000626216,0,true,58,58
152,influence_mapping,2153932,0.000626216,0,true,16,16
152,influence_mapping,2153933,0.000626216,0,true,10,10
152,influence_mapping,2153934,0.000626216,0,true,2,2
152,influence_mapping,2153935,0.000626216,0,true,62,62
152,influence_mapping,2153936,0.000626216,0,true,56,56
152,influence_mapping,2153937,0.000626216,0,true,59,59
152,influence_mapping,2153938,0.000626216,0,true,11,11
152,influence_mapping,2153939,0.000626216,0,true,49,49
152,influence_mapping,2153940,0.000626216,0,true,57,57
152,influence_mapping,2153941,0.000626216,0,true,53,53
152,influence_mapping,2153942,0.000626216,0,true,5,5
152,influence_mapping,2153943,0.000626216,0,true,19,19
152,influence_mapping,2153944,0.000626216,0,true,4,4
152,influence_mapping,2153945,0.000626216,0,true,55,55
152,influence_mapping,2153946,0.000626216,0,true,41,41
152,influence_mapping,2153947,0.000626216,0,true,42,42
152,influence_mapping,2153948,0.000626216,0,true,52,52
152,influence_mapping,2153949,0.000626216,0,true,54,54
152,influence_mapping,2153950,0.000626216,0,true,40,40
152,influence_mapping,2153951,0.000626216,0,true,15,15
152,influence_mapping,2153952,0.000626216,0,true,14,14
153,residual,2153836,0.004770783,1,true,55,55
153,residual,2153854,0.004770783,0,true,11,11
153,residual,2153858,0.004770783,0,true,60,60
153,residual,2153859,0.004770783,0,true,27,27
153,residual,2153860,0.004770783,0,true,61,61
153,residual,2153861,0.004770783,0,true,40,40
153,residual,2153862,0.004770783,0,true,48,48
153,residual,2153863,0.004770783,0,true,15,15
153,residual,2153864,0.004770783,0,true,32,32
153,residual,2153865,0.004770783,0,true,56,56
153,residual,2153866,0.004770783,0,true,54,54
153,residual,2153867,0.004770783,0,true,29,29
153,residual,2153868,0.004770783,0,true,49,49
153,residual,2153869,0.004770783,0,true,24,24
153,residual,2153870,0.004770783,0,true,11,11
153,residual,2153871,0.004770783,0,true,47,47
153,residual,2153872,0.004770783,0,true,39,39
153,residual,2153873,0.004770783,0,true,58,58
153,residual,2153874,0.004770783,0,true,59,59
153,residual,2153875,0.004770783,0,true,10,10
153,residual,2153876,0.004770783,0,true,62,62
153,residual,2153877,0.004770783,0,true,6,6
153,residual,2153878,0.004770783,0,true,53,53
153,residual,2153879,0.004770783,0,true,25,25
153,residual,2153880,0.004770783,0,true,5,5
153,residual,2153881,0.004770783,0,true,7,7
153,residual,2153882,0.004770783,0,true,33,33
153,residual,2153883,0.004770783,0,true,2,2
153,residual,2153884,0.004770783,0,true,50,50
153,residual,2153886,0.004770783,0,true,31,31
153,residual,2153887,0.004770783,0,true,20,20
153,residual,2153888,0.004770783,0,true,16,16
153,residual,2153889,0.004770783,0,true,36,36
153,residual,2153890,0.004770783,0,true,35,35
153,residual,2153891,0.004770783,0,true,30,30
153,residual,2153892,0.004770783,0,true,13,13
153,residual,2153893,0.004770783,0,true,51,51
153,residual,2153894,0.004770783,0,true,17,17
153,residual,2153895,0.004770783,0,true,12,12
153,residual,2153896,0.004770783,0,true,45,45
153,residual,2153897,0.004770783,0,true,34,34
153,residual,2153898,0.004770783,0,true,52,52
153,residual,2153899,0.004770783,0,true,21,21
153,residual,2153900,0.004770783,0,true,38,38
153,residual,2153901,0.004770783,0,true,41,41
153,residual,2153902,0.004770783,0,true,43,43
153,residual,2153903,0.004770783,0,true,14,14
153,residual,2153904,0.004770783,0,true,57,57
153,residual,2153905,0.004770783,0,true,46,46
153,residual,2153906,0.004770783,0,true,1,1
153,residual,2153907,0.004770783,0,true,26,26
153,residual,2153908,0.004770783,0,true,18,18
153,residual,2153909,0.004770783,0,true,37,37
153,residual,2153910,0.004770783,0,true,23,23
153,residual,2153911,0.004770783,0,true,19,19
153,residual,2153912,0.004770783,0,true,3,3
153,residual,2153913,0.004770783,0,true,63,63
153,residual,2153914,0.004770783,0,true,44,44
153,residual,2153915,0.004770783,0,true,9,9
153,residual,2153916,0.004770783,0,true,4,4
153,residual,2153917,0.004770783,0,true,22,22
153,residual,2153918,0.004770783,0,true,42,42
153,residual,2153919,0.004770783,0,true,8,8
153,residual,2153920,0.004770783,0,true,28,28
153,residual,2153921,0.004770783,0,true,63,63
153,residual,2153922,0.004770783,0,true,61,61
153,residual,2153923,0.004770783,0,true,7,7
153,residual,2153924,0.004770783,0,true,3,3
153,residual,2153925,0.004770783,0,true,50,50
153,residual,2153926,0.004770783,0,true,31,31
153,residual,2153927,0.004770783,0,true,27,27
153,residual,2153928,0.004770783,0,true,60,60
153,residual,2153929,0.004770783,0,true,51,51
153,residual,2153930,0.004770783,0,true,1,1
153,residual,2153931,0.004770783,0,true,58,58
153,residual,2153932,0.004770783,0,true,16,16
153,residual,2153933,0.004770783,0,true,10,10
153,residual,2153934,0.004770783,0,true,2,2
153,residual,2153935,0.004770783,0,true,62,62
153,residual,2153936,0.004770783,0,true,56,56
153,residual,2153937,0.004770783,0,true,59,59
153,residual,2153938,0.004770783,0,true,11,11
153,residual,2153939,0.004770783,0,true,49,49
153,residual,2153940,0.004770783,0,true,57,57
153,residual,2153941,0.004770783,0,true,53,53
153,residual,2153942,0.004770783,0,true,5,5
153,residual,2153943,0.004770783,0,true,19,19
153,residual,2153944,0.004770783,0,true,4,4
153,residual,2153945,0.004770783,0,true,55,55
153,residual,2153946,0.004770783,0,true,41,41
153,residual,2153947,0.004770783,0,true,42,42
153,residual,2153948,0.004770783,0,true,52,52
153,residual,2153949,0.004770783,0,true,54,54
153,residual,2153950,0.004770783,0,true,40,40
153,residual,2153951,0.004770783,0,true,15,15
153,residual,2153952,0.004770783,0,true,14,14
154,nearfield_update,2153836,0.27770706,16,true,55,55
154,nearfield_update,2153854,0.27770706,0,true,11,11
154,nearfield_update,2153858,0.27770706,14,true,60,60
154,nearfield_update,2153859,0.27770706,4,true,27,27
154,nearfield_update,2153860,0.27770706,15,true,61,61
154,nearfield_update,2153861,0.27770706,23,true,40,40
154,nearfield_update,2153862,0.27770706,8,true,48,48
154,nearfield_update,2153863,0.27770706,22,true,15,15
154,nearfield_update,2153864,0.27770706,16,true,32,48
154,nearfield_update,2153865,0.27770706,2,true,56,56
154,nearfield_update,2153866,0.27770706,0,true,54,54
154,nearfield_update,2153867,0.27770706,18,true,29,29
154,nearfield_update,2153868,0.27770706,9,true,49,49
154,nearfield_update,2153869,0.27770706,17,true,24,24
154,nearfield_update,2153870,0.27770706,24,true,11,11
154,nearfield_update,2153871,0.27770706,18,true,47,47
154,nearfield_update,2153872,0.27770706,24,true,39,39
154,nearfield_update,2153873,0.27770706,15,true,58,58
154,nearfield_update,2153874,0.27770706,3,true,59,59
154,nearfield_update,2153875,0.27770706,23,true,10,10
154,nearfield_update,2153876,0.27770706,15,true,62,62
154,nearfield_update,2153877,0.27770706,5,true,6,6
154,nearfield_update,2153878,0.27770706,1,true,53,53
154,nearfield_update,2153879,0.27770706,16,true,25,25
154,nearfield_update,2153880,0.27770706,20,true,5,5
154,nearfield_update,2153881,0.27770706,19,true,7,7
154,nearfield_update,2153882,0.27770706,21,true,33,33
154,nearfield_update,2153883,0.27770706,21,true,2,2
154,nearfield_update,2153884,0.27770706,10,true,50,50
154,nearfield_update,2153886,0.27770706,17,true,31,31
154,nearfield_update,2153887,0.27770706,18,true,20,20
154,nearfield_update,2153888,0.27770706,18,true,16,6
154,nearfield_update,2153889,0.27770706,21,true,36,37
154,nearfield_update,2153890,0.27770706,21,true,35,35
154,nearfield_update,2153891,0.27770706,18,true,30,30
154,nearfield_update,2153892,0.27770706,23,true,13,13
154,nearfield_update,2153893,0.27770706,10,true,51,51
154,nearfield_update,2153894,0.27770706,18,true,17,17
154,nearfield_update,2153895,0.27770706,22,true,12,12
154,nearfield_update,2153896,0.27770706,21,true,45,36
154,nearfield_update,2153897,0.27770706,21,true,34,34
154,nearfield_update,2153898,0.27770706,10,true,52,52
154,nearfield_update,2153899,0.27770706,17,true,21,21
154,nearfield_update,2153900,0.27770706,21,true,38,38
154,nearfield_update,2153901,0.27770706,20,true,41,41
154,nearfield_update,2153902,0.27770706,21,true,43,43
154,nearfield_update,2153903,0.27770706,22,true,14,14
154,nearfield_update,2153904,0.27770706,10,true,57,57
154,nearfield_update,2153905,0.27770706,21,true,46,46
154,nearfield_update,2153906,0.27770706,23,true,1,1
154,nearfield_update,2153907,0.27770706,17,true,26,26
154,nearfield_update,2153908,0.27770706,17,true,18,16
154,nearfield_update,2153909,0.27770706,20,true,37,45
154,nearfield_update,2153910,0.27770706,18,true,23,23
154,nearfield_update,2153911,0.27770706,17,true,19,19
154,nearfield_update,2153912,0.27770706,22,true,3,3
154,nearfield_update,2153913,0.27770706,13,true,63,22
154,nearfield_update,2153914,0.27770706,20,true,44,44
154,nearfield_update,2153915,0.27770706,22,true,9,9
154,nearfield_update,2153916,0.27770706,22,true,4,4
154,nearfield_update,2153917,0.27770706,16,true,22,28
154,nearfield_update,2153918,0.27770706,21,true,42,42
154,nearfield_update,2153919,0.27770706,23,true,8,8
154,nearfield_update,2153920,0.27770706,17,true,28,18
154,nearfield_update,2153921,0.27770706,11,true,63,63
154,nearfield_update,2153922,0.27770706,0,true,61,61
154,nearfield_update,2153923,0.27770706,0,true,7,7
154,nearfield_update,2153924,0.27770706,0,true,3,3
154,nearfield_update,2153925,0.27770706,0,true,50,50
154,nearfield_update,2153926,0.27770706,0,true,31,31
154,nearfield_update,2153927,0.27770706,0,true,27,27
154,nearfield_update,2153928,0.27770706,0,true,60,60
154,nearfield_update,2153929,0.27770706,0,true,51,51
154,nearfield_update,2153930,0.27770706,0,true,1,1
154,nearfield_update,2153931,0.27770706,0,true,58,58
154,nearfield_update,2153932,0.27770706,0,true,16,16
154,nearfield_update,2153933,0.27770706,0,true,10,10
154,nearfield_update,2153934,0.27770706,0,true,2,2
154,nearfield_update,2153935,0.27770706,0,true,62,62
154,nearfield_update,2153936,0.27770706,0,true,56,56
154,nearfield_update,2153937,0.27770706,0,true,59,59
154,nearfield_update,2153938,0.27770706,0,true,11,11
154,nearfield_update,2153939,0.27770706,0,true,49,49
154,nearfield_update,2153940,0.27770706,0,true,57,57
154,nearfield_update,2153941,0.27770706,0,true,53,53
154,nearfield_update,2153942,0.27770706,0,true,5,5
154,nearfield_update,2153943,0.27770706,0,true,19,19
154,nearfield_update,2153944,0.27770706,0,true,4,4
154,nearfield_update,2153945,0.27770706,0,true,55,55
154,nearfield_update,2153946,0.27770706,0,true,41,41
154,nearfield_update,2153947,0.27770706,0,true,42,42
154,nearfield_update,2153948,0.27770706,0,true,52,52
154,nearfield_update,2153949,0.27770706,0,true,54,54
154,nearfield_update,2153950,0.27770706,0,true,40,40
154,nearfield_update,2153951,0.27770706,0,true,15,15
154,nearfield_update,2153952,0.27770706,0,true,14,14
155,fmm,2153836,0.03698841,3,true,55,55
155,fmm,2153854,0.03698841,0,true,11,11
155,fmm,2153858,0.03698841,2,true,60,60
155,fmm,2153859,0.03698841,3,true,27,27
155,fmm,2153860,0.03698841,2,true,61,61
155,fmm,2153861,0.03698841,3,true,40,40
155,fmm,2153862,0.03698841,2,true,48,48
155,fmm,2153863,0.03698841,3,true,15,15
155,fmm,2153864,0.03698841,2,true,48,49
155,fmm,2153865,0.03698841,3,true,56,56
155,fmm,2153866,0.03698841,2,true,54,54
155,fmm,2153867,0.03698841,2,true,29,29
155,fmm,2153868,0.03698841,2,true,49,50
155,fmm,2153869,0.03698841,2,true,24,24
155,fmm,2153870,0.03698841,2,true,11,11
155,fmm,2153871,0.03698841,2,true,47,47
155,fmm,2153872,0.03698841,2,true,39,39
155,fmm,2153873,0.03698841,2,true,58,58
155,fmm,2153874,0.03698841,2,true,59,59
155,fmm,2153875,0.03698841,2,true,10,10
155,fmm,2153876,0.03698841,2,true,62,62
155,fmm,2153877,0.03698841,2,true,6,6
155,fmm,2153878,0.03698841,1,true,53,53
155,fmm,2153879,0.03698841,2,true,25,25
155,fmm,2153880,0.03698841,2,true,5,5
155,fmm,2153881,0.03698841,2,true,7,7
155,fmm,2153882,0.03698841,2,true,33,33
155,fmm,2153883,0.03698841,2,true,2,2
155,fmm,2153884,0.03698841,2,true,50,51
155,fmm,2153886,0.03698841,2,true,31,31
155,fmm,2153887,0.03698841,1,true,20,20
155,fmm,2153888,0.03698841,2,true,6,4
155,fmm,2153889,0.03698841,2,true,37,37
155,fmm,2153890,0.03698841,2,true,35,35
155,fmm,2153891,0.03698841,2,true,30,30
155,fmm,2153892,0.03698841,2,true,13,13
155,fmm,2153893,0.03698841,2,true,51,52
155,fmm,2153894,0.03698841,2,true,17,17
155,fmm,2153895,0.03698841,2,true,12,12
155,fmm,2153896,0.03698841,2,true,36,36
155,fmm,2153897,0.03698841,2,true,34,34
155,fmm,2153898,0.03698841,2,true,52,63
155,fmm,2153899,0.03698841,2,true,21,21
155,fmm,2153900,0.03698841,2,true,38,38
155,fmm,2153901,0.03698841,2,true,41,41
155,fmm,2153902,0.03698841,2,true,43,43
155,fmm,2153903,0.03698841,2,true,14,14
155,fmm,2153904,0.03698841,2,true,57,57
155,fmm,2153905,0.03698841,2,true,46,46
155,fmm,2153906,0.03698841,2,true,1,1
155,fmm,2153907,0.03698841,2,true,26,26
155,fmm,2153908,0.03698841,2,true,16,16
155,fmm,2153909,0.03698841,2,true,45,45
155,fmm,2153910,0.03698841,2,true,23,23
155,fmm,2153911,0.03698841,2,true,19,19
155,fmm,2153912,0.03698841,2,true,3,3
155,fmm,2153913,0.03698841,2,true,22,22
155,fmm,2153914,0.03698841,2,true,44,44
155,fmm,2153915,0.03698841,2,true,9,9
155,fmm,2153916,0.03698841,1,true,4,0
155,fmm,2153917,0.03698841,2,true,28,28
155,fmm,2153918,0.03698841,1,true,42,42
155,fmm,2153919,0.03698841,1,true,8,8
155,fmm,2153920,0.03698841,1,true,18,18
155,fmm,2153921,0.03698841,0,true,63,51
155,fmm,2153922,0.03698841,0,true,61,61
155,fmm,2153923,0.03698841,0,true,7,7
155,fmm,2153924,0.03698841,0,true,3,3
155,fmm,2153925,0.03698841,0,true,50,50
155,fmm,2153926,0.03698841,0,true,31,31
155,fmm,2153927,0.03698841,0,true,27,27
155,fmm,2153928,0.03698841,0,true,60,60
155,fmm,2153929,0.03698841,0,true,51,51
155,fmm,2153930,0.03698841,0,true,1,1
155,fmm,2153931,0.03698841,0,true,58,58
155,fmm,2153932,0.03698841,0,true,16,16
155,fmm,2153933,0.03698841,0,true,10,10
155,fmm,2153934,0.03698841,0,true,2,2
155,fmm,2153935,0.03698841,0,true,62,62
155,fmm,2153936,0.03698841,0,true,56,56
155,fmm,2153937,0.03698841,0,true,59,59
155,fmm,2153938,0.03698841,0,true,11,11
155,fmm,2153939,0.03698841,0,true,49,49
155,fmm,2153940,0.03698841,0,true,57,57
155,fmm,2153941,0.03698841,0,true,53,53
155,fmm,2153942,0.03698841,0,true,5,5
155,fmm,2153943,0.03698841,0,true,19,19
155,fmm,2153944,0.03698841,0,true,4,4
155,fmm,2153945,0.03698841,0,true,55,55
155,fmm,2153946,0.03698841,0,true,41,41
155,fmm,2153947,0.03698841,0,true,42,42
155,fmm,2153948,0.03698841,0,true,52,52
155,fmm,2153949,0.03698841,0,true,54,54
155,fmm,2153950,0.03698841,0,true,40,40
155,fmm,2153951,0.03698841,0,true,15,15
155,fmm,2153952,0.03698841,0,true,14,14
156,influence_mapping,2153836,0.000689604,0,true,55,55
156,influence_mapping,2153854,0.000689604,0,true,11,11
156,influence_mapping,2153858,0.000689604,0,true,60,60
156,influence_mapping,2153859,0.000689604,0,true,27,27
156,influence_mapping,2153860,0.000689604,0,true,61,61
156,influence_mapping,2153861,0.000689604,0,true,40,40
156,influence_mapping,2153862,0.000689604,0,true,48,48
156,influence_mapping,2153863,0.000689604,0,true,15,15
156,influence_mapping,2153864,0.000689604,0,true,49,49
156,influence_mapping,2153865,0.000689604,0,true,56,56
156,influence_mapping,2153866,0.000689604,0,true,54,54
156,influence_mapping,2153867,0.000689604,0,true,29,29
156,influence_mapping,2153868,0.000689604,0,true,50,50
156,influence_mapping,2153869,0.000689604,0,true,24,24
156,influence_mapping,2153870,0.000689604,0,true,11,11
156,influence_mapping,2153871,0.000689604,0,true,47,47
156,influence_mapping,2153872,0.000689604,0,true,39,39
156,influence_mapping,2153873,0.000689604,0,true,58,58
156,influence_mapping,2153874,0.000689604,0,true,59,59
156,influence_mapping,2153875,0.000689604,0,true,10,10
156,influence_mapping,2153876,0.000689604,0,true,62,62
156,influence_mapping,2153877,0.000689604,0,true,6,6
156,influence_mapping,2153878,0.000689604,0,true,53,53
156,influence_mapping,2153879,0.000689604,0,true,25,25
156,influence_mapping,2153880,0.000689604,0,true,5,5
156,influence_mapping,2153881,0.000689604,0,true,7,7
156,influence_mapping,2153882,0.000689604,0,true,33,33
156,influence_mapping,2153883,0.000689604,0,true,2,2
156,influence_mapping,2153884,0.000689604,0,true,51,51
156,influence_mapping,2153886,0.000689604,0,true,31,31
156,influence_mapping,2153887,0.000689604,0,true,20,20
156,influence_mapping,2153888,0.000689604,0,true,4,4
156,influence_mapping,2153889,0.000689604,0,true,37,37
156,influence_mapping,2153890,0.000689604,0,true,35,35
156,influence_mapping,2153891,0.000689604,0,true,30,30
156,influence_mapping,2153892,0.000689604,0,true,13,13
156,influence_mapping,2153893,0.000689604,0,true,52,52
156,influence_mapping,2153894,0.000689604,0,true,17,17
156,influence_mapping,2153895,0.000689604,0,true,12,12
156,influence_mapping,2153896,0.000689604,0,true,36,36
156,influence_mapping,2153897,0.000689604,0,true,34,34
156,influence_mapping,2153898,0.000689604,0,true,63,63
156,influence_mapping,2153899,0.000689604,0,true,21,21
156,influence_mapping,2153900,0.000689604,0,true,38,38
156,influence_mapping,2153901,0.000689604,0,true,41,41
156,influence_mapping,2153902,0.000689604,0,true,43,43
156,influence_mapping,2153903,0.000689604,0,true,14,14
156,influence_mapping,2153904,0.000689604,0,true,57,57
156,influence_mapping,2153905,0.000689604,0,true,46,46
156,influence_mapping,2153906,0.000689604,0,true,1,1
156,influence_mapping,2153907,0.000689604,0,true,26,26
156,influence_mapping,2153908,0.000689604,0,true,16,16
156,influence_mapping,2153909,0.000689604,0,true,45,45
156,influence_mapping,2153910,0.000689604,0,true,23,23
156,influence_mapping,2153911,0.000689604,0,true,19,19
156,influence_mapping,2153912,0.000689604,0,true,3,3
156,influence_mapping,2153913,0.000689604,0,true,22,22
156,influence_mapping,2153914,0.000689604,0,true,44,44
156,influence_mapping,2153915,0.000689604,0,true,9,9
156,influence_mapping,2153916,0.000689604,0,true,0,0
156,influence_mapping,2153917,0.000689604,0,true,28,28
156,influence_mapping,2153918,0.000689604,0,true,42,42
156,influence_mapping,2153919,0.000689604,0,true,8,8
156,influence_mapping,2153920,0.000689604,0,true,18,18
156,influence_mapping,2153921,0.000689604,0,true,51,51
156,influence_mapping,2153922,0.000689604,0,true,61,61
156,influence_mapping,2153923,0.000689604,0,true,7,7
156,influence_mapping,2153924,0.000689604,0,true,3,3
156,influence_mapping,2153925,0.000689604,0,true,50,50
156,influence_mapping,2153926,0.000689604,0,true,31,31
156,influence_mapping,2153927,0.000689604,0,true,27,27
156,influence_mapping,2153928,0.000689604,0,true,60,60
156,influence_mapping,2153929,0.000689604,0,true,51,51
156,influence_mapping,2153930,0.000689604,0,true,1,1
156,influence_mapping,2153931,0.000689604,0,true,58,58
156,influence_mapping,2153932,0.000689604,0,true,16,16
156,influence_mapping,2153933,0.000689604,0,true,10,10
156,influence_mapping,2153934,0.000689604,0,true,2,2
156,influence_mapping,2153935,0.000689604,0,true,62,62
156,influence_mapping,2153936,0.000689604,0,true,56,56
156,influence_mapping,2153937,0.000689604,0,true,59,59
156,influence_mapping,2153938,0.000689604,0,true,11,11
156,influence_mapping,2153939,0.000689604,0,true,49,49
156,influence_mapping,2153940,0.000689604,0,true,57,57
156,influence_mapping,2153941,0.000689604,0,true,53,53
156,influence_mapping,2153942,0.000689604,0,true,5,5
156,influence_mapping,2153943,0.000689604,0,true,19,19
156,influence_mapping,2153944,0.000689604,0,true,4,4
156,influence_mapping,2153945,0.000689604,0,true,55,55
156,influence_mapping,2153946,0.000689604,0,true,41,41
156,influence_mapping,2153947,0.000689604,0,true,42,42
156,influence_mapping,2153948,0.000689604,0,true,52,52
156,influence_mapping,2153949,0.000689604,0,true,54,54
156,influence_mapping,2153950,0.000689604,0,true,40,40
156,influence_mapping,2153951,0.000689604,0,true,15,15
156,influence_mapping,2153952,0.000689604,0,true,14,14
157,residual,2153836,0.005213896,0,true,55,55
157,residual,2153854,0.005213896,0,true,11,11
157,residual,2153858,0.005213896,0,true,60,60
157,residual,2153859,0.005213896,0,true,27,27
157,residual,2153860,0.005213896,0,true,61,61
157,residual,2153861,0.005213896,0,true,40,40
157,residual,2153862,0.005213896,0,true,48,48
157,residual,2153863,0.005213896,0,true,15,15
157,residual,2153864,0.005213896,0,true,49,49
157,residual,2153865,0.005213896,0,true,56,56
157,residual,2153866,0.005213896,0,true,54,54
157,residual,2153867,0.005213896,0,true,29,29
157,residual,2153868,0.005213896,0,true,50,50
157,residual,2153869,0.005213896,0,true,24,24
157,residual,2153870,0.005213896,0,true,11,11
157,residual,2153871,0.005213896,0,true,47,47
157,residual,2153872,0.005213896,0,true,39,39
157,residual,2153873,0.005213896,0,true,58,58
157,residual,2153874,0.005213896,0,true,59,59
157,residual,2153875,0.005213896,0,true,10,10
157,residual,2153876,0.005213896,0,true,62,62
157,residual,2153877,0.005213896,0,true,6,6
157,residual,2153878,0.005213896,0,true,53,53
157,residual,2153879,0.005213896,0,true,25,25
157,residual,2153880,0.005213896,0,true,5,5
157,residual,2153881,0.005213896,0,true,7,7
157,residual,2153882,0.005213896,0,true,33,33
157,residual,2153883,0.005213896,0,true,2,2
157,residual,2153884,0.005213896,0,true,51,51
157,residual,2153886,0.005213896,0,true,31,31
157,residual,2153887,0.005213896,0,true,20,20
157,residual,2153888,0.005213896,0,true,4,4
157,residual,2153889,0.005213896,0,true,37,37
157,residual,2153890,0.005213896,0,true,35,35
157,residual,2153891,0.005213896,0,true,30,30
157,residual,2153892,0.005213896,0,true,13,13
157,residual,2153893,0.005213896,0,true,52,52
157,residual,2153894,0.005213896,0,true,17,17
157,residual,2153895,0.005213896,0,true,12,12
157,residual,2153896,0.005213896,0,true,36,36
157,residual,2153897,0.005213896,0,true,34,34
157,residual,2153898,0.005213896,0,true,63,63
157,residual,2153899,0.005213896,0,true,21,21
157,residual,2153900,0.005213896,0,true,38,38
157,residual,2153901,0.005213896,0,true,41,41
157,residual,2153902,0.005213896,0,true,43,43
157,residual,2153903,0.005213896,0,true,14,14
157,residual,2153904,0.005213896,0,true,57,57
157,residual,2153905,0.005213896,0,true,46,46
157,residual,2153906,0.005213896,0,true,1,1
157,residual,2153907,0.005213896,0,true,26,26
157,residual,2153908,0.005213896,0,true,16,16
157,residual,2153909,0.005213896,0,true,45,45
157,residual,2153910,0.005213896,0,true,23,23
157,residual,2153911,0.005213896,0,true,19,19
157,residual,2153912,0.005213896,0,true,3,3
157,residual,2153913,0.005213896,0,true,22,22
157,residual,2153914,0.005213896,0,true,44,44
157,residual,2153915,0.005213896,0,true,9,9
157,residual,2153916,0.005213896,0,true,0,0
157,residual,2153917,0.005213896,0,true,28,28
157,residual,2153918,0.005213896,0,true,42,42
157,residual,2153919,0.005213896,0,true,8,8
157,residual,2153920,0.005213896,0,true,18,18
157,residual,2153921,0.005213896,0,true,51,51
157,residual,2153922,0.005213896,0,true,61,61
157,residual,2153923,0.005213896,0,true,7,7
157,residual,2153924,0.005213896,0,true,3,3
157,residual,2153925,0.005213896,0,true,50,50
157,residual,2153926,0.005213896,0,true,31,31
157,residual,2153927,0.005213896,0,true,27,27
157,residual,2153928,0.005213896,0,true,60,60
157,residual,2153929,0.005213896,0,true,51,51
157,residual,2153930,0.005213896,0,true,1,1
157,residual,2153931,0.005213896,0,true,58,58
157,residual,2153932,0.005213896,0,true,16,16
157,residual,2153933,0.005213896,0,true,10,10
157,residual,2153934,0.005213896,0,true,2,2
157,residual,2153935,0.005213896,0,true,62,62
157,residual,2153936,0.005213896,0,true,56,56
157,residual,2153937,0.005213896,0,true,59,59
157,residual,2153938,0.005213896,0,true,11,11
157,residual,2153939,0.005213896,0,true,49,49
157,residual,2153940,0.005213896,0,true,57,57
157,residual,2153941,0.005213896,0,true,53,53
157,residual,2153942,0.005213896,0,true,5,5
157,residual,2153943,0.005213896,0,true,19,19
157,residual,2153944,0.005213896,0,true,4,4
157,residual,2153945,0.005213896,0,true,55,55
157,residual,2153946,0.005213896,0,true,41,41
157,residual,2153947,0.005213896,0,true,42,42
157,residual,2153948,0.005213896,0,true,52,52
157,residual,2153949,0.005213896,0,true,54,54
157,residual,2153950,0.005213896,0,true,40,40
157,residual,2153951,0.005213896,0,true,15,15
157,residual,2153952,0.005213896,0,true,14,14
158,nearfield_update,2153836,0.27643864,16,true,55,54
158,nearfield_update,2153854,0.27643864,0,true,11,11
158,nearfield_update,2153858,0.27643864,13,true,60,60
158,nearfield_update,2153859,0.27643864,5,true,27,27
158,nearfield_update,2153860,0.27643864,14,true,61,61
158,nearfield_update,2153861,0.27643864,23,true,40,40
158,nearfield_update,2153862,0.27643864,8,true,48,48
158,nearfield_update,2153863,0.27643864,22,true,15,15
158,nearfield_update,2153864,0.27643864,8,true,49,49
158,nearfield_update,2153865,0.27643864,1,true,56,56
158,nearfield_update,2153866,0.27643864,1,true,54,55
158,nearfield_update,2153867,0.27643864,17,true,29,29
158,nearfield_update,2153868,0.27643864,9,true,50,50
158,nearfield_update,2153869,0.27643864,17,true,24,24
158,nearfield_update,2153870,0.27643864,24,true,11,11
158,nearfield_update,2153871,0.27643864,19,true,47,47
158,nearfield_update,2153872,0.27643864,24,true,39,39
158,nearfield_update,2153873,0.27643864,14,true,58,58
158,nearfield_update,2153874,0.27643864,3,true,59,59
158,nearfield_update,2153875,0.27643864,24,true,10,10
158,nearfield_update,2153876,0.27643864,15,true,62,62
158,nearfield_update,2153877,0.27643864,5,true,6,6
158,nearfield_update,2153878,0.27643864,1,true,53,53
158,nearfield_update,2153879,0.27643864,15,true,25,25
158,nearfield_update,2153880,0.27643864,20,true,5,5
158,nearfield_update,2153881,0.27643864,19,true,7,7
158,nearfield_update,2153882,0.27643864,21,true,33,33
158,nearfield_update,2153883,0.27643864,22,true,2,2
158,nearfield_update,2153884,0.27643864,10,true,51,51
158,nearfield_update,2153886,0.27643864,16,true,31,31
158,nearfield_update,2153887,0.27643864,18,true,20,20
158,nearfield_update,2153888,0.27643864,22,true,4,4
158,nearfield_update,2153889,0.27643864,21,true,37,37
158,nearfield_update,2153890,0.27643864,21,true,35,35
158,nearfield_update,2153891,0.27643864,16,true,30,30
158,nearfield_update,2153892,0.27643864,23,true,13,13
158,nearfield_update,2153893,0.27643864,10,true,52,52
158,nearfield_update,2153894,0.27643864,17,true,17,17
158,nearfield_update,2153895,0.27643864,23,true,12,12
158,nearfield_update,2153896,0.27643864,21,true,36,36
158,nearfield_update,2153897,0.27643864,21,true,34,34
158,nearfield_update,2153898,0.27643864,10,true,63,63
158,nearfield_update,2153899,0.27643864,18,true,21,21
158,nearfield_update,2153900,0.27643864,21,true,38,38
158,nearfield_update,2153901,0.27643864,21,true,41,41
158,nearfield_update,2153902,0.27643864,21,true,43,43
158,nearfield_update,2153903,0.27643864,23,true,14,14
158,nearfield_update,2153904,0.27643864,10,true,57,57
158,nearfield_update,2153905,0.27643864,21,true,46,46
158,nearfield_update,2153906,0.27643864,21,true,1,1
158,nearfield_update,2153907,0.27643864,16,true,26,26
158,nearfield_update,2153908,0.27643864,17,true,16,16
158,nearfield_update,2153909,0.27643864,21,true,45,45
158,nearfield_update,2153910,0.27643864,17,true,23,23
158,nearfield_update,2153911,0.27643864,17,true,19,19
158,nearfield_update,2153912,0.27643864,21,true,3,3
158,nearfield_update,2153913,0.27643864,18,true,22,22
158,nearfield_update,2153914,0.27643864,21,true,44,32
158,nearfield_update,2153915,0.27643864,23,true,9,9
158,nearfield_update,2153916,0.27643864,21,true,0,44
158,nearfield_update,2153917,0.27643864,16,true,28,28
158,nearfield_update,2153918,0.27643864,21,true,42,42
158,nearfield_update,2153919,0.27643864,23,true,8,8
158,nearfield_update,2153920,0.27643864,17,true,18,18
158,nearfield_update,2153921,0.27643864,10,true,51,55
158,nearfield_update,2153922,0.27643864,0,true,61,61
158,nearfield_update,2153923,0.27643864,0,true,7,7
158,nearfield_update,2153924,0.27643864,0,true,3,3
158,nearfield_update,2153925,0.27643864,0,true,50,50
158,nearfield_update,2153926,0.27643864,0,true,31,31
158,nearfield_update,2153927,0.27643864,0,true,27,27
158,nearfield_update,2153928,0.27643864,0,true,60,60
158,nearfield_update,2153929,0.27643864,0,true,51,51
158,nearfield_update,2153930,0.27643864,0,true,1,1
158,nearfield_update,2153931,0.27643864,0,true,58,58
158,nearfield_update,2153932,0.27643864,0,true,16,16
158,nearfield_update,2153933,0.27643864,0,true,10,10
158,nearfield_update,2153934,0.27643864,0,true,2,2
158,nearfield_update,2153935,0.27643864,0,true,62,62
158,nearfield_update,2153936,0.27643864,0,true,56,56
158,nearfield_update,2153937,0.27643864,0,true,59,59
158,nearfield_update,2153938,0.27643864,0,true,11,11
158,nearfield_update,2153939,0.27643864,0,true,49,49
158,nearfield_update,2153940,0.27643864,0,true,57,57
158,nearfield_update,2153941,0.27643864,0,true,53,53
158,nearfield_update,2153942,0.27643864,0,true,5,5
158,nearfield_update,2153943,0.27643864,0,true,19,19
158,nearfield_update,2153944,0.27643864,0,true,4,4
158,nearfield_update,2153945,0.27643864,0,true,55,55
158,nearfield_update,2153946,0.27643864,0,true,41,41
158,nearfield_update,2153947,0.27643864,0,true,42,42
158,nearfield_update,2153948,0.27643864,0,true,52,52
158,nearfield_update,2153949,0.27643864,0,true,54,54
158,nearfield_update,2153950,0.27643864,0,true,40,40
158,nearfield_update,2153951,0.27643864,0,true,15,15
158,nearfield_update,2153952,0.27643864,0,true,14,14
159,fmm,2153836,0.037287062,3,true,54,54
159,fmm,2153854,0.037287062,0,true,11,11
159,fmm,2153858,0.037287062,3,true,60,60
159,fmm,2153859,0.037287062,2,true,27,27
159,fmm,2153860,0.037287062,3,true,61,61
159,fmm,2153861,0.037287062,3,true,40,40
159,fmm,2153862,0.037287062,2,true,48,48
159,fmm,2153863,0.037287062,2,true,15,15
159,fmm,2153864,0.037287062,2,true,49,49
159,fmm,2153865,0.037287062,3,true,56,56
159,fmm,2153866,0.037287062,2,true,55,50
159,fmm,2153867,0.037287062,2,true,29,29
159,fmm,2153868,0.037287062,2,true,50,51
159,fmm,2153869,0.037287062,2,true,24,24
159,fmm,2153870,0.037287062,2,true,11,11
159,fmm,2153871,0.037287062,2,true,47,47
159,fmm,2153872,0.037287062,2,true,39,39
159,fmm,2153873,0.037287062,2,true,58,58
159,fmm,2153874,0.037287062,2,true,59,59
159,fmm,2153875,0.037287062,2,true,10,10
159,fmm,2153876,0.037287062,2,true,62,62
159,fmm,2153877,0.037287062,2,true,6,6
159,fmm,2153878,0.037287062,2,true,53,53
159,fmm,2153879,0.037287062,2,true,25,25
159,fmm,2153880,0.037287062,2,true,5,5
159,fmm,2153881,0.037287062,2,true,7,7
159,fmm,2153882,0.037287062,2,true,33,33
159,fmm,2153883,0.037287062,1,true,2,2
159,fmm,2153884,0.037287062,2,true,51,52
159,fmm,2153886,0.037287062,2,true,31,31
159,fmm,2153887,0.037287062,2,true,20,20
159,fmm,2153888,0.037287062,2,true,4,4
159,fmm,2153889,0.037287062,2,true,37,37
159,fmm,2153890,0.037287062,2,true,35,35
159,fmm,2153891,0.037287062,2,true,30,30
159,fmm,2153892,0.037287062,2,true,13,13
159,fmm,2153893,0.037287062,2,true,52,55
159,fmm,2153894,0.037287062,2,true,17,17
159,fmm,2153895,0.037287062,2,true,12,12
159,fmm,2153896,0.037287062,2,true,36,36
159,fmm,2153897,0.037287062,1,true,34,34
159,fmm,2153898,0.037287062,2,true,63,63
159,fmm,2153899,0.037287062,1,true,21,21
159,fmm,2153900,0.037287062,2,true,38,38
159,fmm,2153901,0.037287062,2,true,41,41
159,fmm,2153902,0.037287062,2,true,43,43
159,fmm,2153903,0.037287062,2,true,14,14
159,fmm,2153904,0.037287062,2,true,57,57
159,fmm,2153905,0.037287062,2,true,46,46
159,fmm,2153906,0.037287062,2,true,1,1
159,fmm,2153907,0.037287062,2,true,26,26
159,fmm,2153908,0.037287062,2,true,16,16
159,fmm,2153909,0.037287062,2,true,45,45
159,fmm,2153910,0.037287062,2,true,23,23
159,fmm,2153911,0.037287062,2,true,19,19
159,fmm,2153912,0.037287062,2,true,3,3
159,fmm,2153913,0.037287062,2,true,22,22
159,fmm,2153914,0.037287062,2,true,32,32
159,fmm,2153915,0.037287062,1,true,9,9
159,fmm,2153916,0.037287062,2,true,44,44
159,fmm,2153917,0.037287062,1,true,28,28
159,fmm,2153918,0.037287062,1,true,42,42
159,fmm,2153919,0.037287062,1,true,8,8
159,fmm,2153920,0.037287062,0,true,18,18
159,fmm,2153921,0.037287062,0,true,55,49
159,fmm,2153922,0.037287062,0,true,61,61
159,fmm,2153923,0.037287062,0,true,7,7
159,fmm,2153924,0.037287062,0,true,3,3
159,fmm,2153925,0.037287062,0,true,50,50
159,fmm,2153926,0.037287062,0,true,31,31
159,fmm,2153927,0.037287062,0,true,27,27
159,fmm,2153928,0.037287062,0,true,60,60
159,fmm,2153929,0.037287062,0,true,51,51
159,fmm,2153930,0.037287062,0,true,1,1
159,fmm,2153931,0.037287062,0,true,58,58
159,fmm,2153932,0.037287062,0,true,16,16
159,fmm,2153933,0.037287062,0,true,10,10
159,fmm,2153934,0.037287062,0,true,2,2
159,fmm,2153935,0.037287062,0,true,62,62
159,fmm,2153936,0.037287062,0,true,56,56
159,fmm,2153937,0.037287062,0,true,59,59
159,fmm,2153938,0.037287062,0,true,11,11
159,fmm,2153939,0.037287062,0,true,49,49
159,fmm,2153940,0.037287062,0,true,57,57
159,fmm,2153941,0.037287062,0,true,53,53
159,fmm,2153942,0.037287062,0,true,5,5
159,fmm,2153943,0.037287062,0,true,19,19
159,fmm,2153944,0.037287062,0,true,4,4
159,fmm,2153945,0.037287062,0,true,55,55
159,fmm,2153946,0.037287062,0,true,41,41
159,fmm,2153947,0.037287062,0,true,42,42
159,fmm,2153948,0.037287062,0,true,52,52
159,fmm,2153949,0.037287062,0,true,54,54
159,fmm,2153950,0.037287062,0,true,40,40
159,fmm,2153951,0.037287062,0,true,15,15
159,fmm,2153952,0.037287062,0,true,14,14
160,influence_mapping,2153836,0.000691758,1,true,54,54
160,influence_mapping,2153854,0.000691758,0,true,11,11
160,influence_mapping,2153858,0.000691758,0,true,60,60
160,influence_mapping,2153859,0.000691758,0,true,27,27
160,influence_mapping,2153860,0.000691758,0,true,61,61
160,influence_mapping,2153861,0.000691758,0,true,40,40
160,influence_mapping,2153862,0.000691758,0,true,48,48
160,influence_mapping,2153863,0.000691758,0,true,15,15
160,influence_mapping,2153864,0.000691758,0,true,49,49
160,influence_mapping,2153865,0.000691758,0,true,56,56
160,influence_mapping,2153866,0.000691758,0,true,50,50
160,influence_mapping,2153867,0.000691758,0,true,29,29
160,influence_mapping,2153868,0.000691758,0,true,51,51
160,influence_mapping,2153869,0.000691758,0,true,24,24
160,influence_mapping,2153870,0.000691758,0,true,11,11
160,influence_mapping,2153871,0.000691758,0,true,47,47
160,influence_mapping,2153872,0.000691758,0,true,39,39
160,influence_mapping,2153873,0.000691758,0,true,58,58
160,influence_mapping,2153874,0.000691758,0,true,59,59
160,influence_mapping,2153875,0.000691758,0,true,10,10
160,influence_mapping,2153876,0.000691758,0,true,62,62
160,influence_mapping,2153877,0.000691758,0,true,6,6
160,influence_mapping,2153878,0.000691758,0,true,53,53
160,influence_mapping,2153879,0.000691758,0,true,25,25
160,influence_mapping,2153880,0.000691758,0,true,5,5
160,influence_mapping,2153881,0.000691758,0,true,7,7
160,influence_mapping,2153882,0.000691758,0,true,33,33
160,influence_mapping,2153883,0.000691758,0,true,2,2
160,influence_mapping,2153884,0.000691758,0,true,52,52
160,influence_mapping,2153886,0.000691758,0,true,31,31
160,influence_mapping,2153887,0.000691758,0,true,20,20
160,influence_mapping,2153888,0.000691758,0,true,4,4
160,influence_mapping,2153889,0.000691758,0,true,37,37
160,influence_mapping,2153890,0.000691758,0,true,35,35
160,influence_mapping,2153891,0.000691758,0,true,30,30
160,influence_mapping,2153892,0.000691758,0,true,13,13
160,influence_mapping,2153893,0.000691758,0,true,55,55
160,influence_mapping,2153894,0.000691758,0,true,17,17
160,influence_mapping,2153895,0.000691758,0,true,12,12
160,influence_mapping,2153896,0.000691758,0,true,36,36
160,influence_mapping,2153897,0.000691758,0,true,34,34
160,influence_mapping,2153898,0.000691758,0,true,63,63
160,influence_mapping,2153899,0.000691758,0,true,21,21
160,influence_mapping,2153900,0.000691758,0,true,38,38
160,influence_mapping,2153901,0.000691758,0,true,41,41
160,influence_mapping,2153902,0.000691758,0,true,43,43
160,influence_mapping,2153903,0.000691758,0,true,14,14
160,influence_mapping,2153904,0.000691758,0,true,57,57
160,influence_mapping,2153905,0.000691758,0,true,46,46
160,influence_mapping,2153906,0.000691758,0,true,1,1
160,influence_mapping,2153907,0.000691758,0,true,26,26
160,influence_mapping,2153908,0.000691758,0,true,16,16
160,influence_mapping,2153909,0.000691758,0,true,45,45
160,influence_mapping,2153910,0.000691758,0,true,23,23
160,influence_mapping,2153911,0.000691758,0,true,19,19
160,influence_mapping,2153912,0.000691758,0,true,3,3
160,influence_mapping,2153913,0.000691758,0,true,22,22
160,influence_mapping,2153914,0.000691758,0,true,32,32
160,influence_mapping,2153915,0.000691758,0,true,9,9
160,influence_mapping,2153916,0.000691758,0,true,44,44
160,influence_mapping,2153917,0.000691758,0,true,28,28
160,influence_mapping,2153918,0.000691758,0,true,42,42
160,influence_mapping,2153919,0.000691758,0,true,8,8
160,influence_mapping,2153920,0.000691758,0,true,18,18
160,influence_mapping,2153921,0.000691758,0,true,49,49
160,influence_mapping,2153922,0.000691758,0,true,61,61
160,influence_mapping,2153923,0.000691758,0,true,7,7
160,influence_mapping,2153924,0.000691758,0,true,3,3
160,influence_mapping,2153925,0.000691758,0,true,50,50
160,influence_mapping,2153926,0.000691758,0,true,31,31
160,influence_mapping,2153927,0.000691758,0,true,27,27
160,influence_mapping,2153928,0.000691758,0,true,60,60
160,influence_mapping,2153929,0.000691758,0,true,51,51
160,influence_mapping,2153930,0.000691758,0,true,1,1
160,influence_mapping,2153931,0.000691758,0,true,58,58
160,influence_mapping,2153932,0.000691758,0,true,16,16
160,influence_mapping,2153933,0.000691758,0,true,10,10
160,influence_mapping,2153934,0.000691758,0,true,2,2
160,influence_mapping,2153935,0.000691758,0,true,62,62
160,influence_mapping,2153936,0.000691758,0,true,56,56
160,influence_mapping,2153937,0.000691758,0,true,59,59
160,influence_mapping,2153938,0.000691758,0,true,11,11
160,influence_mapping,2153939,0.000691758,0,true,49,49
160,influence_mapping,2153940,0.000691758,0,true,57,57
160,influence_mapping,2153941,0.000691758,0,true,53,53
160,influence_mapping,2153942,0.000691758,0,true,5,5
160,influence_mapping,2153943,0.000691758,0,true,19,19
160,influence_mapping,2153944,0.000691758,0,true,4,4
160,influence_mapping,2153945,0.000691758,0,true,55,55
160,influence_mapping,2153946,0.000691758,0,true,41,41
160,influence_mapping,2153947,0.000691758,0,true,42,42
160,influence_mapping,2153948,0.000691758,0,true,52,52
160,influence_mapping,2153949,0.000691758,0,true,54,54
160,influence_mapping,2153950,0.000691758,0,true,40,40
160,influence_mapping,2153951,0.000691758,0,true,15,15
160,influence_mapping,2153952,0.000691758,0,true,14,14
161,residual,2153836,0.0047048,1,true,54,54
161,residual,2153854,0.0047048,0,true,11,11
161,residual,2153858,0.0047048,0,true,60,60
161,residual,2153859,0.0047048,0,true,27,27
161,residual,2153860,0.0047048,0,true,61,61
161,residual,2153861,0.0047048,0,true,40,40
161,residual,2153862,0.0047048,0,true,48,48
161,residual,2153863,0.0047048,0,true,15,15
161,residual,2153864,0.0047048,0,true,49,49
161,residual,2153865,0.0047048,0,true,56,56
161,residual,2153866,0.0047048,0,true,50,50
161,residual,2153867,0.0047048,0,true,29,29
161,residual,2153868,0.0047048,0,true,51,51
161,residual,2153869,0.0047048,0,true,24,24
161,residual,2153870,0.0047048,0,true,11,11
161,residual,2153871,0.0047048,0,true,47,47
161,residual,2153872,0.0047048,0,true,39,39
161,residual,2153873,0.0047048,0,true,58,58
161,residual,2153874,0.0047048,0,true,59,59
161,residual,2153875,0.0047048,0,true,10,10
161,residual,2153876,0.0047048,0,true,62,62
161,residual,2153877,0.0047048,0,true,6,6
161,residual,2153878,0.0047048,0,true,53,53
161,residual,2153879,0.0047048,0,true,25,25
161,residual,2153880,0.0047048,0,true,5,5
161,residual,2153881,0.0047048,0,true,7,7
161,residual,2153882,0.0047048,0,true,33,33
161,residual,2153883,0.0047048,0,true,2,2
161,residual,2153884,0.0047048,0,true,52,52
161,residual,2153886,0.0047048,0,true,31,31
161,residual,2153887,0.0047048,0,true,20,20
161,residual,2153888,0.0047048,0,true,4,4
161,residual,2153889,0.0047048,0,true,37,37
161,residual,2153890,0.0047048,0,true,35,35
161,residual,2153891,0.0047048,0,true,30,30
161,residual,2153892,0.0047048,0,true,13,13
161,residual,2153893,0.0047048,0,true,55,55
161,residual,2153894,0.0047048,0,true,17,17
161,residual,2153895,0.0047048,0,true,12,12
161,residual,2153896,0.0047048,0,true,36,36
161,residual,2153897,0.0047048,0,true,34,34
161,residual,2153898,0.0047048,0,true,63,63
161,residual,2153899,0.0047048,0,true,21,21
161,residual,2153900,0.0047048,0,true,38,38
161,residual,2153901,0.0047048,0,true,41,41
161,residual,2153902,0.0047048,0,true,43,43
161,residual,2153903,0.0047048,0,true,14,14
161,residual,2153904,0.0047048,0,true,57,57
161,residual,2153905,0.0047048,0,true,46,46
161,residual,2153906,0.0047048,0,true,1,1
161,residual,2153907,0.0047048,0,true,26,26
161,residual,2153908,0.0047048,0,true,16,16
161,residual,2153909,0.0047048,0,true,45,45
161,residual,2153910,0.0047048,0,true,23,23
161,residual,2153911,0.0047048,0,true,19,19
161,residual,2153912,0.0047048,0,true,3,3
161,residual,2153913,0.0047048,0,true,22,22
161,residual,2153914,0.0047048,0,true,32,32
161,residual,2153915,0.0047048,0,true,9,9
161,residual,2153916,0.0047048,0,true,44,44
161,residual,2153917,0.0047048,0,true,28,28
161,residual,2153918,0.0047048,0,true,42,42
161,residual,2153919,0.0047048,0,true,8,8
161,residual,2153920,0.0047048,0,true,18,18
161,residual,2153921,0.0047048,0,true,49,49
161,residual,2153922,0.0047048,0,true,61,61
161,residual,2153923,0.0047048,0,true,7,7
161,residual,2153924,0.0047048,0,true,3,3
161,residual,2153925,0.0047048,0,true,50,50
161,residual,2153926,0.0047048,0,true,31,31
161,residual,2153927,0.0047048,0,true,27,27
161,residual,2153928,0.0047048,0,true,60,60
161,residual,2153929,0.0047048,0,true,51,51
161,residual,2153930,0.0047048,0,true,1,1
161,residual,2153931,0.0047048,0,true,58,58
161,residual,2153932,0.0047048,0,true,16,16
161,residual,2153933,0.0047048,0,true,10,10
161,residual,2153934,0.0047048,0,true,2,2
161,residual,2153935,0.0047048,0,true,62,62
161,residual,2153936,0.0047048,0,true,56,56
161,residual,2153937,0.0047048,0,true,59,59
161,residual,2153938,0.0047048,0,true,11,11
161,residual,2153939,0.0047048,0,true,49,49
161,residual,2153940,0.0047048,0,true,57,57
161,residual,2153941,0.0047048,0,true,53,53
161,residual,2153942,0.0047048,0,true,5,5
161,residual,2153943,0.0047048,0,true,19,19
161,residual,2153944,0.0047048,0,true,4,4
161,residual,2153945,0.0047048,0,true,55,55
161,residual,2153946,0.0047048,0,true,41,41
161,residual,2153947,0.0047048,0,true,42,42
161,residual,2153948,0.0047048,0,true,52,52
161,residual,2153949,0.0047048,0,true,54,54
161,residual,2153950,0.0047048,0,true,40,40
161,residual,2153951,0.0047048,0,true,15,15
161,residual,2153952,0.0047048,0,true,14,14
162,nearfield_update,2153836,0.28034449,16,true,54,53
162,nearfield_update,2153854,0.28034449,0,true,11,11
162,nearfield_update,2153858,0.28034449,13,true,60,60
162,nearfield_update,2153859,0.28034449,5,true,27,27
162,nearfield_update,2153860,0.28034449,14,true,61,61
162,nearfield_update,2153861,0.28034449,24,true,40,40
162,nearfield_update,2153862,0.28034449,9,true,48,48
162,nearfield_update,2153863,0.28034449,23,true,15,15
162,nearfield_update,2153864,0.28034449,8,true,49,49
162,nearfield_update,2153865,0.28034449,1,true,56,56
162,nearfield_update,2153866,0.28034449,1,true,50,50
162,nearfield_update,2153867,0.28034449,18,true,29,29
162,nearfield_update,2153868,0.28034449,9,true,51,51
162,nearfield_update,2153869,0.28034449,18,true,24,24
162,nearfield_update,2153870,0.28034449,24,true,11,11
162,nearfield_update,2153871,0.28034449,18,true,47,47
162,nearfield_update,2153872,0.28034449,24,true,39,39
162,nearfield_update,2153873,0.28034449,14,true,58,58
162,nearfield_update,2153874,0.28034449,3,true,59,59
162,nearfield_update,2153875,0.28034449,24,true,10,10
162,nearfield_update,2153876,0.28034449,15,true,62,62
162,nearfield_update,2153877,0.28034449,4,true,6,6
162,nearfield_update,2153878,0.28034449,1,true,53,52
162,nearfield_update,2153879,0.28034449,16,true,25,20
162,nearfield_update,2153880,0.28034449,19,true,5,5
162,nearfield_update,2153881,0.28034449,18,true,7,7
162,nearfield_update,2153882,0.28034449,21,true,33,33
162,nearfield_update,2153883,0.28034449,22,true,2,2
162,nearfield_update,2153884,0.28034449,10,true,52,54
162,nearfield_update,2153886,0.28034449,17,true,31,31
162,nearfield_update,2153887,0.28034449,17,true,20,30
162,nearfield_update,2153888,0.28034449,21,true,4,4
162,nearfield_update,2153889,0.28034449,22,true,37,37
162,nearfield_update,2153890,0.28034449,21,true,35,35
162,nearfield_update,2153891,0.28034449,17,true,30,27
162,nearfield_update,2153892,0.28034449,23,true,13,13
162,nearfield_update,2153893,0.28034449,10,true,55,55
162,nearfield_update,2153894,0.28034449,18,true,17,17
162,nearfield_update,2153895,0.28034449,23,true,12,12
162,nearfield_update,2153896,0.28034449,22,true,36,36
162,nearfield_update,2153897,0.28034449,22,true,34,34
162,nearfield_update,2153898,0.28034449,11,true,63,63
162,nearfield_update,2153899,0.28034449,18,true,21,21
162,nearfield_update,2153900,0.28034449,21,true,38,38
162,nearfield_update,2153901,0.28034449,21,true,41,41
162,nearfield_update,2153902,0.28034449,21,true,43,43
162,nearfield_update,2153903,0.28034449,23,true,14,14
162,nearfield_update,2153904,0.28034449,10,true,57,57
162,nearfield_update,2153905,0.28034449,21,true,46,46
162,nearfield_update,2153906,0.28034449,18,true,1,50
162,nearfield_update,2153907,0.28034449,17,true,26,26
162,nearfield_update,2153908,0.28034449,18,true,16,16
162,nearfield_update,2153909,0.28034449,21,true,45,45
162,nearfield_update,2153910,0.28034449,18,true,23,23
162,nearfield_update,2153911,0.28034449,17,true,19,19
162,nearfield_update,2153912,0.28034449,21,true,3,3
162,nearfield_update,2153913,0.28034449,17,true,22,22
162,nearfield_update,2153914,0.28034449,22,true,32,32
162,nearfield_update,2153915,0.28034449,23,true,9,9
162,nearfield_update,2153916,0.28034449,21,true,44,44
162,nearfield_update,2153917,0.28034449,18,true,28,28
162,nearfield_update,2153918,0.28034449,21,true,42,42
162,nearfield_update,2153919,0.28034449,23,true,8,0
162,nearfield_update,2153920,0.28034449,18,true,18,18
162,nearfield_update,2153921,0.28034449,13,true,49,25
162,nearfield_update,2153922,0.28034449,0,true,61,61
162,nearfield_update,2153923,0.28034449,0,true,7,7
162,nearfield_update,2153924,0.28034449,0,true,3,3
162,nearfield_update,2153925,0.28034449,0,true,50,50
162,nearfield_update,2153926,0.28034449,0,true,31,31
162,nearfield_update,2153927,0.28034449,0,true,27,27
162,nearfield_update,2153928,0.28034449,0,true,60,60
162,nearfield_update,2153929,0.28034449,0,true,51,51
162,nearfield_update,2153930,0.28034449,0,true,1,1
162,nearfield_update,2153931,0.28034449,0,true,58,58
162,nearfield_update,2153932,0.28034449,0,true,16,16
162,nearfield_update,2153933,0.28034449,0,true,10,10
162,nearfield_update,2153934,0.28034449,0,true,2,2
162,nearfield_update,2153935,0.28034449,0,true,62,62
162,nearfield_update,2153936,0.28034449,0,true,56,56
162,nearfield_update,2153937,0.28034449,0,true,59,59
162,nearfield_update,2153938,0.28034449,0,true,11,11
162,nearfield_update,2153939,0.28034449,0,true,49,49
162,nearfield_update,2153940,0.28034449,0,true,57,57
162,nearfield_update,2153941,0.28034449,0,true,53,53
162,nearfield_update,2153942,0.28034449,0,true,5,5
162,nearfield_update,2153943,0.28034449,0,true,19,19
162,nearfield_update,2153944,0.28034449,0,true,4,4
162,nearfield_update,2153945,0.28034449,0,true,55,55
162,nearfield_update,2153946,0.28034449,0,true,41,41
162,nearfield_update,2153947,0.28034449,0,true,42,42
162,nearfield_update,2153948,0.28034449,0,true,52,52
162,nearfield_update,2153949,0.28034449,0,true,54,54
162,nearfield_update,2153950,0.28034449,0,true,40,40
162,nearfield_update,2153951,0.28034449,0,true,15,15
162,nearfield_update,2153952,0.28034449,0,true,14,14
163,fmm,2153836,0.045172541,4,true,53,48
163,fmm,2153854,0.045172541,0,true,11,11
163,fmm,2153858,0.045172541,2,true,60,60
163,fmm,2153859,0.045172541,3,true,27,28
163,fmm,2153860,0.045172541,2,true,61,61
163,fmm,2153861,0.045172541,2,true,40,40
163,fmm,2153862,0.045172541,2,true,48,53
163,fmm,2153863,0.045172541,2,true,15,15
163,fmm,2153864,0.045172541,2,true,49,49
163,fmm,2153865,0.045172541,3,true,56,56
163,fmm,2153866,0.045172541,2,true,50,50
163,fmm,2153867,0.045172541,1,true,29,29
163,fmm,2153868,0.045172541,2,true,51,51
163,fmm,2153869,0.045172541,2,true,24,24
163,fmm,2153870,0.045172541,2,true,11,11
163,fmm,2153871,0.045172541,2,true,47,47
163,fmm,2153872,0.045172541,2,true,39,39
163,fmm,2153873,0.045172541,2,true,58,58
163,fmm,2153874,0.045172541,2,true,59,59
163,fmm,2153875,0.045172541,1,true,10,10
163,fmm,2153876,0.045172541,2,true,62,62
163,fmm,2153877,0.045172541,2,true,6,6
163,fmm,2153878,0.045172541,2,true,52,52
163,fmm,2153879,0.045172541,2,true,20,20
163,fmm,2153880,0.045172541,2,true,5,5
163,fmm,2153881,0.045172541,2,true,7,7
163,fmm,2153882,0.045172541,2,true,33,33
163,fmm,2153883,0.045172541,1,true,2,2
163,fmm,2153884,0.045172541,2,true,54,54
163,fmm,2153886,0.045172541,2,true,31,31
163,fmm,2153887,0.045172541,2,true,30,30
163,fmm,2153888,0.045172541,2,true,4,4
163,fmm,2153889,0.045172541,1,true,37,37
163,fmm,2153890,0.045172541,2,true,35,35
163,fmm,2153891,0.045172541,2,true,27,27
163,fmm,2153892,0.045172541,3,true,13,13
163,fmm,2153893,0.045172541,2,true,55,55
163,fmm,2153894,0.045172541,2,true,17,17
163,fmm,2153895,0.045172541,2,true,12,12
163,fmm,2153896,0.045172541,2,true,36,36
163,fmm,2153897,0.045172541,2,true,34,34
163,fmm,2153898,0.045172541,1,true,63,63
163,fmm,2153899,0.045172541,2,true,21,21
163,fmm,2153900,0.045172541,2,true,38,38
163,fmm,2153901,0.045172541,2,true,41,41
163,fmm,2153902,0.045172541,2,true,43,43
163,fmm,2153903,0.045172541,2,true,14,14
163,fmm,2153904,0.045172541,2,true,57,57
163,fmm,2153905,0.045172541,2,true,46,46
163,fmm,2153906,0.045172541,1,true,50,53
163,fmm,2153907,0.045172541,2,true,26,26
163,fmm,2153908,0.045172541,2,true,16,16
163,fmm,2153909,0.045172541,2,true,45,45
163,fmm,2153910,0.045172541,2,true,23,23
163,fmm,2153911,0.045172541,2,true,19,19
163,fmm,2153912,0.045172541,2,true,3,3
163,fmm,2153913,0.045172541,2,true,22,22
163,fmm,2153914,0.045172541,2,true,32,32
163,fmm,2153915,0.045172541,1,true,9,9
163,fmm,2153916,0.045172541,1,true,44,44
163,fmm,2153917,0.045172541,2,true,28,25
163,fmm,2153918,0.045172541,1,true,42,42
163,fmm,2153919,0.045172541,1,true,0,0
163,fmm,2153920,0.045172541,0,true,18,18
163,fmm,2153921,0.045172541,0,true,25,1
163,fmm,2153922,0.045172541,0,true,61,61
163,fmm,2153923,0.045172541,0,true,7,7
163,fmm,2153924,0.045172541,0,true,3,3
163,fmm,2153925,0.045172541,0,true,50,50
163,fmm,2153926,0.045172541,0,true,31,31
163,fmm,2153927,0.045172541,0,true,27,27
163,fmm,2153928,0.045172541,0,true,60,60
163,fmm,2153929,0.045172541,0,true,51,51
163,fmm,2153930,0.045172541,0,true,1,1
163,fmm,2153931,0.045172541,0,true,58,58
163,fmm,2153932,0.045172541,0,true,16,16
163,fmm,2153933,0.045172541,0,true,10,10
163,fmm,2153934,0.045172541,0,true,2,2
163,fmm,2153935,0.045172541,0,true,62,62
163,fmm,2153936,0.045172541,0,true,56,56
163,fmm,2153937,0.045172541,0,true,59,59
163,fmm,2153938,0.045172541,0,true,11,11
163,fmm,2153939,0.045172541,0,true,49,49
163,fmm,2153940,0.045172541,0,true,57,57
163,fmm,2153941,0.045172541,0,true,53,53
163,fmm,2153942,0.045172541,0,true,5,5
163,fmm,2153943,0.045172541,0,true,19,19
163,fmm,2153944,0.045172541,0,true,4,4
163,fmm,2153945,0.045172541,0,true,55,55
163,fmm,2153946,0.045172541,0,true,41,41
163,fmm,2153947,0.045172541,0,true,42,42
163,fmm,2153948,0.045172541,0,true,52,52
163,fmm,2153949,0.045172541,0,true,54,54
163,fmm,2153950,0.045172541,0,true,40,40
163,fmm,2153951,0.045172541,0,true,15,15
163,fmm,2153952,0.045172541,0,true,14,14
164,influence_mapping,2153836,0.000635383,0,true,48,48
164,influence_mapping,2153854,0.000635383,0,true,11,11
164,influence_mapping,2153858,0.000635383,0,true,60,60
164,influence_mapping,2153859,0.000635383,0,true,28,28
164,influence_mapping,2153860,0.000635383,0,true,61,61
164,influence_mapping,2153861,0.000635383,0,true,40,40
164,influence_mapping,2153862,0.000635383,0,true,53,53
164,influence_mapping,2153863,0.000635383,0,true,15,15
164,influence_mapping,2153864,0.000635383,0,true,49,49
164,influence_mapping,2153865,0.000635383,0,true,56,56
164,influence_mapping,2153866,0.000635383,0,true,50,50
164,influence_mapping,2153867,0.000635383,0,true,29,29
164,influence_mapping,2153868,0.000635383,0,true,51,51
164,influence_mapping,2153869,0.000635383,0,true,24,24
164,influence_mapping,2153870,0.000635383,0,true,11,11
164,influence_mapping,2153871,0.000635383,0,true,47,47
164,influence_mapping,2153872,0.000635383,0,true,39,39
164,influence_mapping,2153873,0.000635383,0,true,58,58
164,influence_mapping,2153874,0.000635383,0,true,59,59
164,influence_mapping,2153875,0.000635383,0,true,10,10
164,influence_mapping,2153876,0.000635383,0,true,62,62
164,influence_mapping,2153877,0.000635383,0,true,6,6
164,influence_mapping,2153878,0.000635383,0,true,52,52
164,influence_mapping,2153879,0.000635383,0,true,20,20
164,influence_mapping,2153880,0.000635383,0,true,5,5
164,influence_mapping,2153881,0.000635383,0,true,7,7
164,influence_mapping,2153882,0.000635383,0,true,33,33
164,influence_mapping,2153883,0.000635383,0,true,2,2
164,influence_mapping,2153884,0.000635383,0,true,54,54
164,influence_mapping,2153886,0.000635383,0,true,31,31
164,influence_mapping,2153887,0.000635383,0,true,30,30
164,influence_mapping,2153888,0.000635383,0,true,4,4
164,influence_mapping,2153889,0.000635383,0,true,37,37
164,influence_mapping,2153890,0.000635383,0,true,35,35
164,influence_mapping,2153891,0.000635383,0,true,27,27
164,influence_mapping,2153892,0.000635383,0,true,13,13
164,influence_mapping,2153893,0.000635383,0,true,55,55
164,influence_mapping,2153894,0.000635383,0,true,17,17
164,influence_mapping,2153895,0.000635383,0,true,12,12
164,influence_mapping,2153896,0.000635383,0,true,36,36
164,influence_mapping,2153897,0.000635383,0,true,34,34
164,influence_mapping,2153898,0.000635383,0,true,63,63
164,influence_mapping,2153899,0.000635383,0,true,21,21
164,influence_mapping,2153900,0.000635383,0,true,38,38
164,influence_mapping,2153901,0.000635383,0,true,41,41
164,influence_mapping,2153902,0.000635383,0,true,43,43
164,influence_mapping,2153903,0.000635383,0,true,14,14
164,influence_mapping,2153904,0.000635383,0,true,57,57
164,influence_mapping,2153905,0.000635383,0,true,46,46
164,influence_mapping,2153906,0.000635383,0,true,53,53
164,influence_mapping,2153907,0.000635383,0,true,26,26
164,influence_mapping,2153908,0.000635383,0,true,16,16
164,influence_mapping,2153909,0.000635383,0,true,45,45
164,influence_mapping,2153910,0.000635383,0,true,23,23
164,influence_mapping,2153911,0.000635383,0,true,19,19
164,influence_mapping,2153912,0.000635383,0,true,3,3
164,influence_mapping,2153913,0.000635383,0,true,22,22
164,influence_mapping,2153914,0.000635383,0,true,32,32
164,influence_mapping,2153915,0.000635383,0,true,9,9
164,influence_mapping,2153916,0.000635383,0,true,44,44
164,influence_mapping,2153917,0.000635383,0,true,25,25
164,influence_mapping,2153918,0.000635383,0,true,42,42
164,influence_mapping,2153919,0.000635383,0,true,0,0
164,influence_mapping,2153920,0.000635383,0,true,18,18
164,influence_mapping,2153921,0.000635383,0,true,1,1
164,influence_mapping,2153922,0.000635383,0,true,61,61
164,influence_mapping,2153923,0.000635383,0,true,7,7
164,influence_mapping,2153924,0.000635383,0,true,3,3
164,influence_mapping,2153925,0.000635383,0,true,50,50
164,influence_mapping,2153926,0.000635383,0,true,31,31
164,influence_mapping,2153927,0.000635383,0,true,27,27
164,influence_mapping,2153928,0.000635383,0,true,60,60
164,influence_mapping,2153929,0.000635383,0,true,51,51
164,influence_mapping,2153930,0.000635383,0,true,1,1
164,influence_mapping,2153931,0.000635383,0,true,58,58
164,influence_mapping,2153932,0.000635383,0,true,16,16
164,influence_mapping,2153933,0.000635383,0,true,10,10
164,influence_mapping,2153934,0.000635383,0,true,2,2
164,influence_mapping,2153935,0.000635383,0,true,62,62
164,influence_mapping,2153936,0.000635383,0,true,56,56
164,influence_mapping,2153937,0.000635383,0,true,59,59
164,influence_mapping,2153938,0.000635383,0,true,11,11
164,influence_mapping,2153939,0.000635383,0,true,49,49
164,influence_mapping,2153940,0.000635383,0,true,57,57
164,influence_mapping,2153941,0.000635383,0,true,53,53
164,influence_mapping,2153942,0.000635383,0,true,5,5
164,influence_mapping,2153943,0.000635383,0,true,19,19
164,influence_mapping,2153944,0.000635383,0,true,4,4
164,influence_mapping,2153945,0.000635383,0,true,55,55
164,influence_mapping,2153946,0.000635383,0,true,41,41
164,influence_mapping,2153947,0.000635383,0,true,42,42
164,influence_mapping,2153948,0.000635383,0,true,52,52
164,influence_mapping,2153949,0.000635383,0,true,54,54
164,influence_mapping,2153950,0.000635383,0,true,40,40
164,influence_mapping,2153951,0.000635383,0,true,15,15
164,influence_mapping,2153952,0.000635383,0,true,14,14
165,residual,2153836,0.004912209,1,true,48,48
165,residual,2153854,0.004912209,0,true,11,11
165,residual,2153858,0.004912209,0,true,60,60
165,residual,2153859,0.004912209,0,true,28,28
165,residual,2153860,0.004912209,0,true,61,61
165,residual,2153861,0.004912209,0,true,40,40
165,residual,2153862,0.004912209,0,true,53,53
165,residual,2153863,0.004912209,0,true,15,15
165,residual,2153864,0.004912209,0,true,49,49
165,residual,2153865,0.004912209,0,true,56,56
165,residual,2153866,0.004912209,0,true,50,50
165,residual,2153867,0.004912209,0,true,29,29
165,residual,2153868,0.004912209,0,true,51,51
165,residual,2153869,0.004912209,0,true,24,24
165,residual,2153870,0.004912209,0,true,11,11
165,residual,2153871,0.004912209,0,true,47,47
165,residual,2153872,0.004912209,0,true,39,39
165,residual,2153873,0.004912209,0,true,58,58
165,residual,2153874,0.004912209,0,true,59,59
165,residual,2153875,0.004912209,0,true,10,10
165,residual,2153876,0.004912209,0,true,62,62
165,residual,2153877,0.004912209,0,true,6,6
165,residual,2153878,0.004912209,0,true,52,52
165,residual,2153879,0.004912209,0,true,20,20
165,residual,2153880,0.004912209,0,true,5,5
165,residual,2153881,0.004912209,0,true,7,7
165,residual,2153882,0.004912209,0,true,33,33
165,residual,2153883,0.004912209,0,true,2,2
165,residual,2153884,0.004912209,0,true,54,54
165,residual,2153886,0.004912209,0,true,31,31
165,residual,2153887,0.004912209,0,true,30,30
165,residual,2153888,0.004912209,0,true,4,4
165,residual,2153889,0.004912209,0,true,37,37
165,residual,2153890,0.004912209,0,true,35,35
165,residual,2153891,0.004912209,0,true,27,27
165,residual,2153892,0.004912209,0,true,13,13
165,residual,2153893,0.004912209,0,true,55,55
165,residual,2153894,0.004912209,0,true,17,17
165,residual,2153895,0.004912209,0,true,12,12
165,residual,2153896,0.004912209,0,true,36,36
165,residual,2153897,0.004912209,0,true,34,34
165,residual,2153898,0.004912209,0,true,63,63
165,residual,2153899,0.004912209,0,true,21,21
165,residual,2153900,0.004912209,0,true,38,38
165,residual,2153901,0.004912209,0,true,41,41
165,residual,2153902,0.004912209,0,true,43,43
165,residual,2153903,0.004912209,0,true,14,14
165,residual,2153904,0.004912209,0,true,57,57
165,residual,2153905,0.004912209,0,true,46,46
165,residual,2153906,0.004912209,0,true,53,53
165,residual,2153907,0.004912209,0,true,26,26
165,residual,2153908,0.004912209,0,true,16,16
165,residual,2153909,0.004912209,0,true,45,45
165,residual,2153910,0.004912209,0,true,23,23
165,residual,2153911,0.004912209,0,true,19,19
165,residual,2153912,0.004912209,0,true,3,3
165,residual,2153913,0.004912209,0,true,22,22
165,residual,2153914,0.004912209,0,true,32,32
165,residual,2153915,0.004912209,0,true,9,9
165,residual,2153916,0.004912209,0,true,44,44
165,residual,2153917,0.004912209,0,true,25,25
165,residual,2153918,0.004912209,0,true,42,42
165,residual,2153919,0.004912209,0,true,0,0
165,residual,2153920,0.004912209,0,true,18,18
165,residual,2153921,0.004912209,0,true,1,1
165,residual,2153922,0.004912209,0,true,61,61
165,residual,2153923,0.004912209,0,true,7,7
165,residual,2153924,0.004912209,0,true,3,3
165,residual,2153925,0.004912209,0,true,50,50
165,residual,2153926,0.004912209,0,true,31,31
165,residual,2153927,0.004912209,0,true,27,27
165,residual,2153928,0.004912209,0,true,60,60
165,residual,2153929,0.004912209,0,true,51,51
165,residual,2153930,0.004912209,0,true,1,1
165,residual,2153931,0.004912209,0,true,58,58
165,residual,2153932,0.004912209,0,true,16,16
165,residual,2153933,0.004912209,0,true,10,10
165,residual,2153934,0.004912209,0,true,2,2
165,residual,2153935,0.004912209,0,true,62,62
165,residual,2153936,0.004912209,0,true,56,56
165,residual,2153937,0.004912209,0,true,59,59
165,residual,2153938,0.004912209,0,true,11,11
165,residual,2153939,0.004912209,0,true,49,49
165,residual,2153940,0.004912209,0,true,57,57
165,residual,2153941,0.004912209,0,true,53,53
165,residual,2153942,0.004912209,0,true,5,5
165,residual,2153943,0.004912209,0,true,19,19
165,residual,2153944,0.004912209,0,true,4,4
165,residual,2153945,0.004912209,0,true,55,55
165,residual,2153946,0.004912209,0,true,41,41
165,residual,2153947,0.004912209,0,true,42,42
165,residual,2153948,0.004912209,0,true,52,52
165,residual,2153949,0.004912209,0,true,54,54
165,residual,2153950,0.004912209,0,true,40,40
165,residual,2153951,0.004912209,0,true,15,15
165,residual,2153952,0.004912209,0,true,14,14
166,nearfield_update,2153836,0.277548302,17,true,48,48
166,nearfield_update,2153854,0.277548302,0,true,11,11
166,nearfield_update,2153858,0.277548302,13,true,60,60
166,nearfield_update,2153859,0.277548302,4,true,28,28
166,nearfield_update,2153860,0.277548302,15,true,61,61
166,nearfield_update,2153861,0.277548302,24,true,40,40
166,nearfield_update,2153862,0.277548302,8,true,53,53
166,nearfield_update,2153863,0.277548302,23,true,15,15
166,nearfield_update,2153864,0.277548302,8,true,49,49
166,nearfield_update,2153865,0.277548302,1,true,56,56
166,nearfield_update,2153866,0.277548302,1,true,50,52
166,nearfield_update,2153867,0.277548302,18,true,29,29
166,nearfield_update,2153868,0.277548302,10,true,51,50
166,nearfield_update,2153869,0.277548302,17,true,24,24
166,nearfield_update,2153870,0.277548302,24,true,11,11
166,nearfield_update,2153871,0.277548302,19,true,47,47
166,nearfield_update,2153872,0.277548302,24,true,39,39
166,nearfield_update,2153873,0.277548302,15,true,58,58
166,nearfield_update,2153874,0.277548302,2,true,59,59
166,nearfield_update,2153875,0.277548302,24,true,10,10
166,nearfield_update,2153876,0.277548302,15,true,62,62
166,nearfield_update,2153877,0.277548302,7,true,6,8
166,nearfield_update,2153878,0.277548302,1,true,52,54
166,nearfield_update,2153879,0.277548302,17,true,20,20
166,nearfield_update,2153880,0.277548302,21,true,5,5
166,nearfield_update,2153881,0.277548302,20,true,7,7
166,nearfield_update,2153882,0.277548302,21,true,33,33
166,nearfield_update,2153883,0.277548302,23,true,2,2
166,nearfield_update,2153884,0.277548302,10,true,54,63
166,nearfield_update,2153886,0.277548302,16,true,31,31
166,nearfield_update,2153887,0.277548302,17,true,30,30
166,nearfield_update,2153888,0.277548302,23,true,4,4
166,nearfield_update,2153889,0.277548302,22,true,37,37
166,nearfield_update,2153890,0.277548302,21,true,35,35
166,nearfield_update,2153891,0.277548302,17,true,27,27
166,nearfield_update,2153892,0.277548302,22,true,13,13
166,nearfield_update,2153893,0.277548302,10,true,55,51
166,nearfield_update,2153894,0.277548302,18,true,17,17
166,nearfield_update,2153895,0.277548302,22,true,12,12
166,nearfield_update,2153896,0.277548302,21,true,36,36
166,nearfield_update,2153897,0.277548302,20,true,34,34
166,nearfield_update,2153898,0.277548302,11,true,63,55
166,nearfield_update,2153899,0.277548302,18,true,21,21
166,nearfield_update,2153900,0.277548302,21,true,38,38
166,nearfield_update,2153901,0.277548302,20,true,41,41
166,nearfield_update,2153902,0.277548302,20,true,43,43
166,nearfield_update,2153903,0.277548302,23,true,14,14
166,nearfield_update,2153904,0.277548302,11,true,57,57
166,nearfield_update,2153905,0.277548302,21,true,46,46
166,nearfield_update,2153906,0.277548302,11,true,53,52
166,nearfield_update,2153907,0.277548302,17,true,26,26
166,nearfield_update,2153908,0.277548302,17,true,16,16
166,nearfield_update,2153909,0.277548302,21,true,45,45
166,nearfield_update,2153910,0.277548302,17,true,23,23
166,nearfield_update,2153911,0.277548302,17,true,19,19
166,nearfield_update,2153912,0.277548302,22,true,3,3
166,nearfield_update,2153913,0.277548302,17,true,22,22
166,nearfield_update,2153914,0.277548302,21,true,32,41
166,nearfield_update,2153915,0.277548302,23,true,9,9
166,nearfield_update,2153916,0.277548302,21,true,44,44
166,nearfield_update,2153917,0.277548302,16,true,25,25
166,nearfield_update,2153918,0.277548302,21,true,42,42
166,nearfield_update,2153919,0.277548302,23,true,0,0
166,nearfield_update,2153920,0.277548302,17,true,18,18
166,nearfield_update,2153921,0.277548302,22,true,1,1
166,nearfield_update,2153922,0.277548302,0,true,61,61
166,nearfield_update,2153923,0.277548302,0,true,7,7
166,nearfield_update,2153924,0.277548302,0,true,3,3
166,nearfield_update,2153925,0.277548302,0,true,50,50
166,nearfield_update,2153926,0.277548302,0,true,31,31
166,nearfield_update,2153927,0.277548302,0,true,27,27
166,nearfield_update,2153928,0.277548302,0,true,60,60
166,nearfield_update,2153929,0.277548302,0,true,51,51
166,nearfield_update,2153930,0.277548302,0,true,1,1
166,nearfield_update,2153931,0.277548302,0,true,58,58
166,nearfield_update,2153932,0.277548302,0,true,16,16
166,nearfield_update,2153933,0.277548302,0,true,10,10
166,nearfield_update,2153934,0.277548302,0,true,2,2
166,nearfield_update,2153935,0.277548302,0,true,62,62
166,nearfield_update,2153936,0.277548302,0,true,56,56
166,nearfield_update,2153937,0.277548302,0,true,59,59
166,nearfield_update,2153938,0.277548302,0,true,11,11
166,nearfield_update,2153939,0.277548302,0,true,49,49
166,nearfield_update,2153940,0.277548302,0,true,57,57
166,nearfield_update,2153941,0.277548302,0,true,53,53
166,nearfield_update,2153942,0.277548302,0,true,5,5
166,nearfield_update,2153943,0.277548302,0,true,19,19
166,nearfield_update,2153944,0.277548302,0,true,4,4
166,nearfield_update,2153945,0.277548302,0,true,55,55
166,nearfield_update,2153946,0.277548302,0,true,41,41
166,nearfield_update,2153947,0.277548302,0,true,42,42
166,nearfield_update,2153948,0.277548302,0,true,52,52
166,nearfield_update,2153949,0.277548302,0,true,54,54
166,nearfield_update,2153950,0.277548302,0,true,40,40
166,nearfield_update,2153951,0.277548302,0,true,15,15
166,nearfield_update,2153952,0.277548302,0,true,14,14
167,fmm,2153836,0.044848444,2,true,48,50
167,fmm,2153854,0.044848444,0,true,11,11
167,fmm,2153858,0.044848444,3,true,60,60
167,fmm,2153859,0.044848444,3,true,28,28
167,fmm,2153860,0.044848444,2,true,61,61
167,fmm,2153861,0.044848444,3,true,40,40
167,fmm,2153862,0.044848444,2,true,53,53
167,fmm,2153863,0.044848444,2,true,15,15
167,fmm,2153864,0.044848444,2,true,49,49
167,fmm,2153865,0.044848444,3,true,56,56
167,fmm,2153866,0.044848444,1,true,52,52
167,fmm,2153867,0.044848444,2,true,29,29
167,fmm,2153868,0.044848444,1,true,50,51
167,fmm,2153869,0.044848444,2,true,24,24
167,fmm,2153870,0.044848444,2,true,11,11
167,fmm,2153871,0.044848444,1,true,47,47
167,fmm,2153872,0.044848444,2,true,39,39
167,fmm,2153873,0.044848444,2,true,58,58
167,fmm,2153874,0.044848444,2,true,59,59
167,fmm,2153875,0.044848444,2,true,10,10
167,fmm,2153876,0.044848444,2,true,62,62
167,fmm,2153877,0.044848444,1,true,8,8
167,fmm,2153878,0.044848444,3,true,54,54
167,fmm,2153879,0.044848444,2,true,20,20
167,fmm,2153880,0.044848444,2,true,5,5
167,fmm,2153881,0.044848444,2,true,7,7
167,fmm,2153882,0.044848444,2,true,33,33
167,fmm,2153883,0.044848444,2,true,2,2
167,fmm,2153884,0.044848444,2,true,63,63
167,fmm,2153886,0.044848444,2,true,31,31
167,fmm,2153887,0.044848444,1,true,30,30
167,fmm,2153888,0.044848444,2,true,4,4
167,fmm,2153889,0.044848444,2,true,37,37
167,fmm,2153890,0.044848444,2,true,35,35
167,fmm,2153891,0.044848444,2,true,27,27
167,fmm,2153892,0.044848444,2,true,13,13
167,fmm,2153893,0.044848444,2,true,51,55
167,fmm,2153894,0.044848444,2,true,17,17
167,fmm,2153895,0.044848444,2,true,12,12
167,fmm,2153896,0.044848444,2,true,36,36
167,fmm,2153897,0.044848444,2,true,34,34
167,fmm,2153898,0.044848444,1,true,55,48
167,fmm,2153899,0.044848444,1,true,21,21
167,fmm,2153900,0.044848444,2,true,38,38
167,fmm,2153901,0.044848444,2,true,41,41
167,fmm,2153902,0.044848444,2,true,43,43
167,fmm,2153903,0.044848444,2,true,14,14
167,fmm,2153904,0.044848444,2,true,57,57
167,fmm,2153905,0.044848444,2,true,46,46
167,fmm,2153906,0.044848444,1,true,52,53
167,fmm,2153907,0.044848444,2,true,26,26
167,fmm,2153908,0.044848444,2,true,16,16
167,fmm,2153909,0.044848444,2,true,45,45
167,fmm,2153910,0.044848444,2,true,23,23
167,fmm,2153911,0.044848444,2,true,19,19
167,fmm,2153912,0.044848444,2,true,3,3
167,fmm,2153913,0.044848444,2,true,22,22
167,fmm,2153914,0.044848444,2,true,41,42
167,fmm,2153915,0.044848444,2,true,9,9
167,fmm,2153916,0.044848444,1,true,44,44
167,fmm,2153917,0.044848444,2,true,25,25
167,fmm,2153918,0.044848444,2,true,42,32
167,fmm,2153919,0.044848444,1,true,0,1
167,fmm,2153920,0.044848444,1,true,18,18
167,fmm,2153921,0.044848444,0,true,1,6
167,fmm,2153922,0.044848444,0,true,61,61
167,fmm,2153923,0.044848444,0,true,7,7
167,fmm,2153924,0.044848444,0,true,3,3
167,fmm,2153925,0.044848444,0,true,50,50
167,fmm,2153926,0.044848444,0,true,31,31
167,fmm,2153927,0.044848444,0,true,27,27
167,fmm,2153928,0.044848444,0,true,60,60
167,fmm,2153929,0.044848444,0,true,51,51
167,fmm,2153930,0.044848444,0,true,1,1
167,fmm,2153931,0.044848444,0,true,58,58
167,fmm,2153932,0.044848444,0,true,16,16
167,fmm,2153933,0.044848444,0,true,10,10
167,fmm,2153934,0.044848444,0,true,2,2
167,fmm,2153935,0.044848444,0,true,62,62
167,fmm,2153936,0.044848444,0,true,56,56
167,fmm,2153937,0.044848444,0,true,59,59
167,fmm,2153938,0.044848444,0,true,11,11
167,fmm,2153939,0.044848444,0,true,49,49
167,fmm,2153940,0.044848444,0,true,57,57
167,fmm,2153941,0.044848444,0,true,53,53
167,fmm,2153942,0.044848444,0,true,5,5
167,fmm,2153943,0.044848444,0,true,19,19
167,fmm,2153944,0.044848444,0,true,4,4
167,fmm,2153945,0.044848444,0,true,55,55
167,fmm,2153946,0.044848444,0,true,41,41
167,fmm,2153947,0.044848444,0,true,42,42
167,fmm,2153948,0.044848444,0,true,52,52
167,fmm,2153949,0.044848444,0,true,54,54
167,fmm,2153950,0.044848444,0,true,40,40
167,fmm,2153951,0.044848444,0,true,15,15
167,fmm,2153952,0.044848444,0,true,14,14
168,influence_mapping,2153836,0.000670258,1,true,50,50
168,influence_mapping,2153854,0.000670258,0,true,11,11
168,influence_mapping,2153858,0.000670258,0,true,60,60
168,influence_mapping,2153859,0.000670258,0,true,28,28
168,influence_mapping,2153860,0.000670258,0,true,61,61
168,influence_mapping,2153861,0.000670258,0,true,40,40
168,influence_mapping,2153862,0.000670258,0,true,53,53
168,influence_mapping,2153863,0.000670258,0,true,15,15
168,influence_mapping,2153864,0.000670258,0,true,49,49
168,influence_mapping,2153865,0.000670258,0,true,56,56
168,influence_mapping,2153866,0.000670258,0,true,52,52
168,influence_mapping,2153867,0.000670258,0,true,29,29
168,influence_mapping,2153868,0.000670258,0,true,51,51
168,influence_mapping,2153869,0.000670258,0,true,24,24
168,influence_mapping,2153870,0.000670258,0,true,11,11
168,influence_mapping,2153871,0.000670258,0,true,47,47
168,influence_mapping,2153872,0.000670258,0,true,39,39
168,influence_mapping,2153873,0.000670258,0,true,58,58
168,influence_mapping,2153874,0.000670258,0,true,59,59
168,influence_mapping,2153875,0.000670258,0,true,10,10
168,influence_mapping,2153876,0.000670258,0,true,62,62
168,influence_mapping,2153877,0.000670258,0,true,8,8
168,influence_mapping,2153878,0.000670258,0,true,54,54
168,influence_mapping,2153879,0.000670258,0,true,20,20
168,influence_mapping,2153880,0.000670258,0,true,5,5
168,influence_mapping,2153881,0.000670258,0,true,7,7
168,influence_mapping,2153882,0.000670258,0,true,33,33
168,influence_mapping,2153883,0.000670258,0,true,2,2
168,influence_mapping,2153884,0.000670258,0,true,63,63
168,influence_mapping,2153886,0.000670258,0,true,31,31
168,influence_mapping,2153887,0.000670258,0,true,30,30
168,influence_mapping,2153888,0.000670258,0,true,4,4
168,influence_mapping,2153889,0.000670258,0,true,37,37
168,influence_mapping,2153890,0.000670258,0,true,35,35
168,influence_mapping,2153891,0.000670258,0,true,27,27
168,influence_mapping,2153892,0.000670258,0,true,13,13
168,influence_mapping,2153893,0.000670258,0,true,55,55
168,influence_mapping,2153894,0.000670258,0,true,17,17
168,influence_mapping,2153895,0.000670258,0,true,12,12
168,influence_mapping,2153896,0.000670258,0,true,36,36
168,influence_mapping,2153897,0.000670258,0,true,34,34
168,influence_mapping,2153898,0.000670258,0,true,48,48
168,influence_mapping,2153899,0.000670258,0,true,21,21
168,influence_mapping,2153900,0.000670258,0,true,38,38
168,influence_mapping,2153901,0.000670258,0,true,41,41
168,influence_mapping,2153902,0.000670258,0,true,43,43
168,influence_mapping,2153903,0.000670258,0,true,14,14
168,influence_mapping,2153904,0.000670258,0,true,57,57
168,influence_mapping,2153905,0.000670258,0,true,46,46
168,influence_mapping,2153906,0.000670258,0,true,53,53
168,influence_mapping,2153907,0.000670258,0,true,26,26
168,influence_mapping,2153908,0.000670258,0,true,16,16
168,influence_mapping,2153909,0.000670258,0,true,45,45
168,influence_mapping,2153910,0.000670258,0,true,23,23
168,influence_mapping,2153911,0.000670258,0,true,19,19
168,influence_mapping,2153912,0.000670258,0,true,3,3
168,influence_mapping,2153913,0.000670258,0,true,22,22
168,influence_mapping,2153914,0.000670258,0,true,42,42
168,influence_mapping,2153915,0.000670258,0,true,9,9
168,influence_mapping,2153916,0.000670258,0,true,44,44
168,influence_mapping,2153917,0.000670258,0,true,25,25
168,influence_mapping,2153918,0.000670258,0,true,32,32
168,influence_mapping,2153919,0.000670258,0,true,1,1
168,influence_mapping,2153920,0.000670258,0,true,18,18
168,influence_mapping,2153921,0.000670258,0,true,6,6
168,influence_mapping,2153922,0.000670258,0,true,61,61
168,influence_mapping,2153923,0.000670258,0,true,7,7
168,influence_mapping,2153924,0.000670258,0,true,3,3
168,influence_mapping,2153925,0.000670258,0,true,50,50
168,influence_mapping,2153926,0.000670258,0,true,31,31
168,influence_mapping,2153927,0.000670258,0,true,27,27
168,influence_mapping,2153928,0.000670258,0,true,60,60
168,influence_mapping,2153929,0.000670258,0,true,51,51
168,influence_mapping,2153930,0.000670258,0,true,1,1
168,influence_mapping,2153931,0.000670258,0,true,58,58
168,influence_mapping,2153932,0.000670258,0,true,16,16
168,influence_mapping,2153933,0.000670258,0,true,10,10
168,influence_mapping,2153934,0.000670258,0,true,2,2
168,influence_mapping,2153935,0.000670258,0,true,62,62
168,influence_mapping,2153936,0.000670258,0,true,56,56
168,influence_mapping,2153937,0.000670258,0,true,59,59
168,influence_mapping,2153938,0.000670258,0,true,11,11
168,influence_mapping,2153939,0.000670258,0,true,49,49
168,influence_mapping,2153940,0.000670258,0,true,57,57
168,influence_mapping,2153941,0.000670258,0,true,53,53
168,influence_mapping,2153942,0.000670258,0,true,5,5
168,influence_mapping,2153943,0.000670258,0,true,19,19
168,influence_mapping,2153944,0.000670258,0,true,4,4
168,influence_mapping,2153945,0.000670258,0,true,55,55
168,influence_mapping,2153946,0.000670258,0,true,41,41
168,influence_mapping,2153947,0.000670258,0,true,42,42
168,influence_mapping,2153948,0.000670258,0,true,52,52
168,influence_mapping,2153949,0.000670258,0,true,54,54
168,influence_mapping,2153950,0.000670258,0,true,40,40
168,influence_mapping,2153951,0.000670258,0,true,15,15
168,influence_mapping,2153952,0.000670258,0,true,14,14
169,residual,2153836,0.00479539,1,true,50,50
169,residual,2153854,0.00479539,0,true,11,11
169,residual,2153858,0.00479539,0,true,60,60
169,residual,2153859,0.00479539,0,true,28,28
169,residual,2153860,0.00479539,0,true,61,61
169,residual,2153861,0.00479539,0,true,40,40
169,residual,2153862,0.00479539,0,true,53,53
169,residual,2153863,0.00479539,0,true,15,15
169,residual,2153864,0.00479539,0,true,49,49
169,residual,2153865,0.00479539,0,true,56,56
169,residual,2153866,0.00479539,0,true,52,52
169,residual,2153867,0.00479539,0,true,29,29
169,residual,2153868,0.00479539,0,true,51,51
169,residual,2153869,0.00479539,0,true,24,24
169,residual,2153870,0.00479539,0,true,11,11
169,residual,2153871,0.00479539,0,true,47,47
169,residual,2153872,0.00479539,0,true,39,39
169,residual,2153873,0.00479539,0,true,58,58
169,residual,2153874,0.00479539,0,true,59,59
169,residual,2153875,0.00479539,0,true,10,10
169,residual,2153876,0.00479539,0,true,62,62
169,residual,2153877,0.00479539,0,true,8,8
169,residual,2153878,0.00479539,0,true,54,54
169,residual,2153879,0.00479539,0,true,20,20
169,residual,2153880,0.00479539,0,true,5,5
169,residual,2153881,0.00479539,0,true,7,7
169,residual,2153882,0.00479539,0,true,33,33
169,residual,2153883,0.00479539,0,true,2,2
169,residual,2153884,0.00479539,0,true,63,63
169,residual,2153886,0.00479539,0,true,31,31
169,residual,2153887,0.00479539,0,true,30,30
169,residual,2153888,0.00479539,0,true,4,4
169,residual,2153889,0.00479539,0,true,37,37
169,residual,2153890,0.00479539,0,true,35,35
169,residual,2153891,0.00479539,0,true,27,27
169,residual,2153892,0.00479539,0,true,13,13
169,residual,2153893,0.00479539,0,true,55,55
169,residual,2153894,0.00479539,0,true,17,17
169,residual,2153895,0.00479539,0,true,12,12
169,residual,2153896,0.00479539,0,true,36,36
169,residual,2153897,0.00479539,0,true,34,34
169,residual,2153898,0.00479539,0,true,48,48
169,residual,2153899,0.00479539,0,true,21,21
169,residual,2153900,0.00479539,0,true,38,38
169,residual,2153901,0.00479539,0,true,41,41
169,residual,2153902,0.00479539,0,true,43,43
169,residual,2153903,0.00479539,0,true,14,14
169,residual,2153904,0.00479539,0,true,57,57
169,residual,2153905,0.00479539,0,true,46,46
169,residual,2153906,0.00479539,0,true,53,53
169,residual,2153907,0.00479539,0,true,26,26
169,residual,2153908,0.00479539,0,true,16,16
169,residual,2153909,0.00479539,0,true,45,45
169,residual,2153910,0.00479539,0,true,23,23
169,residual,2153911,0.00479539,0,true,19,19
169,residual,2153912,0.00479539,0,true,3,3
169,residual,2153913,0.00479539,0,true,22,22
169,residual,2153914,0.00479539,0,true,42,42
169,residual,2153915,0.00479539,0,true,9,9
169,residual,2153916,0.00479539,0,true,44,44
169,residual,2153917,0.00479539,0,true,25,25
169,residual,2153918,0.00479539,0,true,32,32
169,residual,2153919,0.00479539,0,true,1,1
169,residual,2153920,0.00479539,0,true,18,18
169,residual,2153921,0.00479539,0,true,6,6
169,residual,2153922,0.00479539,0,true,61,61
169,residual,2153923,0.00479539,0,true,7,7
169,residual,2153924,0.00479539,0,true,3,3
169,residual,2153925,0.00479539,0,true,50,50
169,residual,2153926,0.00479539,0,true,31,31
169,residual,2153927,0.00479539,0,true,27,27
169,residual,2153928,0.00479539,0,true,60,60
169,residual,2153929,0.00479539,0,true,51,51
169,residual,2153930,0.00479539,0,true,1,1
169,residual,2153931,0.00479539,0,true,58,58
169,residual,2153932,0.00479539,0,true,16,16
169,residual,2153933,0.00479539,0,true,10,10
169,residual,2153934,0.00479539,0,true,2,2
169,residual,2153935,0.00479539,0,true,62,62
169,residual,2153936,0.00479539,0,true,56,56
169,residual,2153937,0.00479539,0,true,59,59
169,residual,2153938,0.00479539,0,true,11,11
169,residual,2153939,0.00479539,0,true,49,49
169,residual,2153940,0.00479539,0,true,57,57
169,residual,2153941,0.00479539,0,true,53,53
169,residual,2153942,0.00479539,0,true,5,5
169,residual,2153943,0.00479539,0,true,19,19
169,residual,2153944,0.00479539,0,true,4,4
169,residual,2153945,0.00479539,0,true,55,55
169,residual,2153946,0.00479539,0,true,41,41
169,residual,2153947,0.00479539,0,true,42,42
169,residual,2153948,0.00479539,0,true,52,52
169,residual,2153949,0.00479539,0,true,54,54
169,residual,2153950,0.00479539,0,true,40,40
169,residual,2153951,0.00479539,0,true,15,15
169,residual,2153952,0.00479539,0,true,14,14
170,nearfield_update,2153836,0.277786509,15,true,50,50
170,nearfield_update,2153854,0.277786509,0,true,11,11
170,nearfield_update,2153858,0.277786509,13,true,60,60
170,nearfield_update,2153859,0.277786509,4,true,28,28
170,nearfield_update,2153860,0.277786509,15,true,61,61
170,nearfield_update,2153861,0.277786509,24,true,40,40
170,nearfield_update,2153862,0.277786509,8,true,53,53
170,nearfield_update,2153863,0.277786509,23,true,15,15
170,nearfield_update,2153864,0.277786509,8,true,49,52
170,nearfield_update,2153865,0.277786509,2,true,56,56
170,nearfield_update,2153866,0.277786509,1,true,52,52
170,nearfield_update,2153867,0.277786509,17,true,29,29
170,nearfield_update,2153868,0.277786509,9,true,51,51
170,nearfield_update,2153869,0.277786509,17,true,24,24
170,nearfield_update,2153870,0.277786509,24,true,11,11
170,nearfield_update,2153871,0.277786509,19,true,47,47
170,nearfield_update,2153872,0.277786509,23,true,39,39
170,nearfield_update,2153873,0.277786509,14,true,58,58
170,nearfield_update,2153874,0.277786509,3,true,59,59
170,nearfield_update,2153875,0.277786509,24,true,10,10
170,nearfield_update,2153876,0.277786509,15,true,62,62
170,nearfield_update,2153877,0.277786509,6,true,8,8
170,nearfield_update,2153878,0.277786509,1,true,54,54
170,nearfield_update,2153879,0.277786509,16,true,20,20
170,nearfield_update,2153880,0.277786509,21,true,5,5
170,nearfield_update,2153881,0.277786509,20,true,7,7
170,nearfield_update,2153882,0.277786509,20,true,33,46
170,nearfield_update,2153883,0.277786509,22,true,2,2
170,nearfield_update,2153884,0.277786509,10,true,63,55
170,nearfield_update,2153886,0.277786509,16,true,31,31
170,nearfield_update,2153887,0.277786509,17,true,30,30
170,nearfield_update,2153888,0.277786509,23,true,4,4
170,nearfield_update,2153889,0.277786509,21,true,37,37
170,nearfield_update,2153890,0.277786509,21,true,35,35
170,nearfield_update,2153891,0.277786509,17,true,27,27
170,nearfield_update,2153892,0.277786509,23,true,13,13
170,nearfield_update,2153893,0.277786509,10,true,55,48
170,nearfield_update,2153894,0.277786509,17,true,17,17
170,nearfield_update,2153895,0.277786509,22,true,12,12
170,nearfield_update,2153896,0.277786509,21,true,36,38
170,nearfield_update,2153897,0.277786509,21,true,34,34
170,nearfield_update,2153898,0.277786509,18,true,48,36
170,nearfield_update,2153899,0.277786509,18,true,21,21
170,nearfield_update,2153900,0.277786509,21,true,38,32
170,nearfield_update,2153901,0.277786509,21,true,41,41
170,nearfield_update,2153902,0.277786509,21,true,43,43
170,nearfield_update,2153903,0.277786509,22,true,14,14
170,nearfield_update,2153904,0.277786509,10,true,57,57
170,nearfield_update,2153905,0.277786509,20,true,46,44
170,nearfield_update,2153906,0.277786509,11,true,53,63
170,nearfield_update,2153907,0.277786509,17,true,26,26
170,nearfield_update,2153908,0.277786509,17,true,16,16
170,nearfield_update,2153909,0.277786509,21,true,45,33
170,nearfield_update,2153910,0.277786509,18,true,23,23
170,nearfield_update,2153911,0.277786509,17,true,19,19
170,nearfield_update,2153912,0.277786509,23,true,3,3
170,nearfield_update,2153913,0.277786509,18,true,22,22
170,nearfield_update,2153914,0.277786509,21,true,42,42
170,nearfield_update,2153915,0.277786509,22,true,9,9
170,nearfield_update,2153916,0.277786509,16,true,44,49
170,nearfield_update,2153917,0.277786509,16,true,25,25
170,nearfield_update,2153918,0.277786509,20,true,32,45
170,nearfield_update,2153919,0.277786509,22,true,1,1
170,nearfield_update,2153920,0.277786509,17,true,18,18
170,nearfield_update,2153921,0.277786509,24,true,6,6
170,nearfield_update,2153922,0.277786509,0,true,61,61
170,nearfield_update,2153923,0.277786509,0,true,7,7
170,nearfield_update,2153924,0.277786509,0,true,3,3
170,nearfield_update,2153925,0.277786509,0,true,50,50
170,nearfield_update,2153926,0.277786509,0,true,31,31
170,nearfield_update,2153927,0.277786509,0,true,27,27
170,nearfield_update,2153928,0.277786509,0,true,60,60
170,nearfield_update,2153929,0.277786509,0,true,51,51
170,nearfield_update,2153930,0.277786509,0,true,1,1
170,nearfield_update,2153931,0.277786509,0,true,58,58
170,nearfield_update,2153932,0.277786509,0,true,16,16
170,nearfield_update,2153933,0.277786509,0,true,10,10
170,nearfield_update,2153934,0.277786509,0,true,2,2
170,nearfield_update,2153935,0.277786509,0,true,62,62
170,nearfield_update,2153936,0.277786509,0,true,56,56
170,nearfield_update,2153937,0.277786509,0,true,59,59
170,nearfield_update,2153938,0.277786509,0,true,11,11
170,nearfield_update,2153939,0.277786509,0,true,49,49
170,nearfield_update,2153940,0.277786509,0,true,57,57
170,nearfield_update,2153941,0.277786509,0,true,53,53
170,nearfield_update,2153942,0.277786509,0,true,5,5
170,nearfield_update,2153943,0.277786509,0,true,19,19
170,nearfield_update,2153944,0.277786509,0,true,4,4
170,nearfield_update,2153945,0.277786509,0,true,55,55
170,nearfield_update,2153946,0.277786509,0,true,41,41
170,nearfield_update,2153947,0.277786509,0,true,42,42
170,nearfield_update,2153948,0.277786509,0,true,52,52
170,nearfield_update,2153949,0.277786509,0,true,54,54
170,nearfield_update,2153950,0.277786509,0,true,40,40
170,nearfield_update,2153951,0.277786509,0,true,15,15
170,nearfield_update,2153952,0.277786509,0,true,14,14
171,fmm,2153836,0.036747679,4,true,50,50
171,fmm,2153854,0.036747679,0,true,11,11
171,fmm,2153858,0.036747679,2,true,60,60
171,fmm,2153859,0.036747679,3,true,28,28
171,fmm,2153860,0.036747679,2,true,61,61
171,fmm,2153861,0.036747679,2,true,40,40
171,fmm,2153862,0.036747679,2,true,53,53
171,fmm,2153863,0.036747679,2,true,15,15
171,fmm,2153864,0.036747679,2,true,52,52
171,fmm,2153865,0.036747679,2,true,56,56
171,fmm,2153866,0.036747679,2,true,52,54
171,fmm,2153867,0.036747679,2,true,29,29
171,fmm,2153868,0.036747679,2,true,51,55
171,fmm,2153869,0.036747679,2,true,24,24
171,fmm,2153870,0.036747679,2,true,11,11
171,fmm,2153871,0.036747679,2,true,47,47
171,fmm,2153872,0.036747679,2,true,39,39
171,fmm,2153873,0.036747679,2,true,58,58
171,fmm,2153874,0.036747679,2,true,59,59
171,fmm,2153875,0.036747679,2,true,10,10
171,fmm,2153876,0.036747679,2,true,62,62
171,fmm,2153877,0.036747679,2,true,8,8
171,fmm,2153878,0.036747679,2,true,54,48
171,fmm,2153879,0.036747679,2,true,20,20
171,fmm,2153880,0.036747679,2,true,5,5
171,fmm,2153881,0.036747679,2,true,7,7
171,fmm,2153882,0.036747679,2,true,46,46
171,fmm,2153883,0.036747679,2,true,2,2
171,fmm,2153884,0.036747679,2,true,55,49
171,fmm,2153886,0.036747679,2,true,31,31
171,fmm,2153887,0.036747679,2,true,30,30
171,fmm,2153888,0.036747679,2,true,4,4
171,fmm,2153889,0.036747679,2,true,37,37
171,fmm,2153890,0.036747679,2,true,35,35
171,fmm,2153891,0.036747679,2,true,27,27
171,fmm,2153892,0.036747679,2,true,13,13
171,fmm,2153893,0.036747679,2,true,48,51
171,fmm,2153894,0.036747679,2,true,17,17
171,fmm,2153895,0.036747679,2,true,12,12
171,fmm,2153896,0.036747679,2,true,38,38
171,fmm,2153897,0.036747679,2,true,34,34
171,fmm,2153898,0.036747679,2,true,36,36
171,fmm,2153899,0.036747679,2,true,21,21
171,fmm,2153900,0.036747679,2,true,32,32
171,fmm,2153901,0.036747679,2,true,41,41
171,fmm,2153902,0.036747679,2,true,43,43
171,fmm,2153903,0.036747679,2,true,14,14
171,fmm,2153904,0.036747679,2,true,57,57
171,fmm,2153905,0.036747679,2,true,44,44
171,fmm,2153906,0.036747679,2,true,63,63
171,fmm,2153907,0.036747679,2,true,26,26
171,fmm,2153908,0.036747679,2,true,16,16
171,fmm,2153909,0.036747679,2,true,33,33
171,fmm,2153910,0.036747679,2,true,23,23
171,fmm,2153911,0.036747679,2,true,19,19
171,fmm,2153912,0.036747679,2,true,3,3
171,fmm,2153913,0.036747679,2,true,22,22
171,fmm,2153914,0.036747679,2,true,42,42
171,fmm,2153915,0.036747679,2,true,9,9
171,fmm,2153916,0.036747679,1,true,49,1
171,fmm,2153917,0.036747679,2,true,25,25
171,fmm,2153918,0.036747679,1,true,45,45
171,fmm,2153919,0.036747679,2,true,1,0
171,fmm,2153920,0.036747679,0,true,18,18
171,fmm,2153921,0.036747679,0,true,6,6
171,fmm,2153922,0.036747679,0,true,61,61
171,fmm,2153923,0.036747679,0,true,7,7
171,fmm,2153924,0.036747679,0,true,3,3
171,fmm,2153925,0.036747679,0,true,50,50
171,fmm,2153926,0.036747679,0,true,31,31
171,fmm,2153927,0.036747679,0,true,27,27
171,fmm,2153928,0.036747679,0,true,60,60
171,fmm,2153929,0.036747679,0,true,51,51
171,fmm,2153930,0.036747679,0,true,1,1
171,fmm,2153931,0.036747679,0,true,58,58
171,fmm,2153932,0.036747679,0,true,16,16
171,fmm,2153933,0.036747679,0,true,10,10
171,fmm,2153934,0.036747679,0,true,2,2
171,fmm,2153935,0.036747679,0,true,62,62
171,fmm,2153936,0.036747679,0,true,56,56
171,fmm,2153937,0.036747679,0,true,59,59
171,fmm,2153938,0.036747679,0,true,11,11
171,fmm,2153939,0.036747679,0,true,49,49
171,fmm,2153940,0.036747679,0,true,57,57
171,fmm,2153941,0.036747679,0,true,53,53
171,fmm,2153942,0.036747679,0,true,5,5
171,fmm,2153943,0.036747679,0,true,19,19
171,fmm,2153944,0.036747679,0,true,4,4
171,fmm,2153945,0.036747679,0,true,55,55
171,fmm,2153946,0.036747679,0,true,41,41
171,fmm,2153947,0.036747679,0,true,42,42
171,fmm,2153948,0.036747679,0,true,52,52
171,fmm,2153949,0.036747679,0,true,54,54
171,fmm,2153950,0.036747679,0,true,40,40
171,fmm,2153951,0.036747679,0,true,15,15
171,fmm,2153952,0.036747679,0,true,14,14
172,influence_mapping,2153836,0.000673975,0,true,50,50
172,influence_mapping,2153854,0.000673975,0,true,11,11
172,influence_mapping,2153858,0.000673975,0,true,60,60
172,influence_mapping,2153859,0.000673975,0,true,28,28
172,influence_mapping,2153860,0.000673975,0,true,61,61
172,influence_mapping,2153861,0.000673975,0,true,40,40
172,influence_mapping,2153862,0.000673975,0,true,53,53
172,influence_mapping,2153863,0.000673975,0,true,15,15
172,influence_mapping,2153864,0.000673975,0,true,52,52
172,influence_mapping,2153865,0.000673975,0,true,56,56
172,influence_mapping,2153866,0.000673975,0,true,54,54
172,influence_mapping,2153867,0.000673975,0,true,29,29
172,influence_mapping,2153868,0.000673975,0,true,55,55
172,influence_mapping,2153869,0.000673975,0,true,24,24
172,influence_mapping,2153870,0.000673975,0,true,11,11
172,influence_mapping,2153871,0.000673975,0,true,47,47
172,influence_mapping,2153872,0.000673975,0,true,39,39
172,influence_mapping,2153873,0.000673975,0,true,58,58
172,influence_mapping,2153874,0.000673975,0,true,59,59
172,influence_mapping,2153875,0.000673975,0,true,10,10
172,influence_mapping,2153876,0.000673975,0,true,62,62
172,influence_mapping,2153877,0.000673975,0,true,8,8
172,influence_mapping,2153878,0.000673975,0,true,48,48
172,influence_mapping,2153879,0.000673975,0,true,20,20
172,influence_mapping,2153880,0.000673975,0,true,5,5
172,influence_mapping,2153881,0.000673975,0,true,7,7
172,influence_mapping,2153882,0.000673975,0,true,46,46
172,influence_mapping,2153883,0.000673975,0,true,2,2
172,influence_mapping,2153884,0.000673975,0,true,49,49
172,influence_mapping,2153886,0.000673975,0,true,31,31
172,influence_mapping,2153887,0.000673975,0,true,30,30
172,influence_mapping,2153888,0.000673975,0,true,4,4
172,influence_mapping,2153889,0.000673975,0,true,37,37
172,influence_mapping,2153890,0.000673975,0,true,35,35
172,influence_mapping,2153891,0.000673975,0,true,27,27
172,influence_mapping,2153892,0.000673975,0,true,13,13
172,influence_mapping,2153893,0.000673975,0,true,51,51
172,influence_mapping,2153894,0.000673975,0,true,17,17
172,influence_mapping,2153895,0.000673975,0,true,12,12
172,influence_mapping,2153896,0.000673975,0,true,38,38
172,influence_mapping,2153897,0.000673975,0,true,34,34
172,influence_mapping,2153898,0.000673975,0,true,36,36
172,influence_mapping,2153899,0.000673975,0,true,21,21
172,influence_mapping,2153900,0.000673975,0,true,32,32
172,influence_mapping,2153901,0.000673975,0,true,41,41
172,influence_mapping,2153902,0.000673975,0,true,43,43
172,influence_mapping,2153903,0.000673975,0,true,14,14
172,influence_mapping,2153904,0.000673975,0,true,57,57
172,influence_mapping,2153905,0.000673975,0,true,44,44
172,influence_mapping,2153906,0.000673975,0,true,63,63
172,influence_mapping,2153907,0.000673975,0,true,26,26
172,influence_mapping,2153908,0.000673975,0,true,16,16
172,influence_mapping,2153909,0.000673975,0,true,33,33
172,influence_mapping,2153910,0.000673975,0,true,23,23
172,influence_mapping,2153911,0.000673975,0,true,19,19
172,influence_mapping,2153912,0.000673975,0,true,3,3
172,influence_mapping,2153913,0.000673975,0,true,22,22
172,influence_mapping,2153914,0.000673975,0,true,42,42
172,influence_mapping,2153915,0.000673975,0,true,9,9
172,influence_mapping,2153916,0.000673975,0,true,1,1
172,influence_mapping,2153917,0.000673975,0,true,25,25
172,influence_mapping,2153918,0.000673975,0,true,45,45
172,influence_mapping,2153919,0.000673975,0,true,0,0
172,influence_mapping,2153920,0.000673975,0,true,18,18
172,influence_mapping,2153921,0.000673975,0,true,6,6
172,influence_mapping,2153922,0.000673975,0,true,61,61
172,influence_mapping,2153923,0.000673975,0,true,7,7
172,influence_mapping,2153924,0.000673975,0,true,3,3
172,influence_mapping,2153925,0.000673975,0,true,50,50
172,influence_mapping,2153926,0.000673975,0,true,31,31
172,influence_mapping,2153927,0.000673975,0,true,27,27
172,influence_mapping,2153928,0.000673975,0,true,60,60
172,influence_mapping,2153929,0.000673975,0,true,51,51
172,influence_mapping,2153930,0.000673975,0,true,1,1
172,influence_mapping,2153931,0.000673975,0,true,58,58
172,influence_mapping,2153932,0.000673975,0,true,16,16
172,influence_mapping,2153933,0.000673975,0,true,10,10
172,influence_mapping,2153934,0.000673975,0,true,2,2
172,influence_mapping,2153935,0.000673975,0,true,62,62
172,influence_mapping,2153936,0.000673975,0,true,56,56
172,influence_mapping,2153937,0.000673975,0,true,59,59
172,influence_mapping,2153938,0.000673975,0,true,11,11
172,influence_mapping,2153939,0.000673975,0,true,49,49
172,influence_mapping,2153940,0.000673975,0,true,57,57
172,influence_mapping,2153941,0.000673975,0,true,53,53
172,influence_mapping,2153942,0.000673975,0,true,5,5
172,influence_mapping,2153943,0.000673975,0,true,19,19
172,influence_mapping,2153944,0.000673975,0,true,4,4
172,influence_mapping,2153945,0.000673975,0,true,55,55
172,influence_mapping,2153946,0.000673975,0,true,41,41
172,influence_mapping,2153947,0.000673975,0,true,42,42
172,influence_mapping,2153948,0.000673975,0,true,52,52
172,influence_mapping,2153949,0.000673975,0,true,54,54
172,influence_mapping,2153950,0.000673975,0,true,40,40
172,influence_mapping,2153951,0.000673975,0,true,15,15
172,influence_mapping,2153952,0.000673975,0,true,14,14
173,residual,2153836,0.00466224,1,true,50,50
173,residual,2153854,0.00466224,0,true,11,11
173,residual,2153858,0.00466224,0,true,60,60
173,residual,2153859,0.00466224,0,true,28,28
173,residual,2153860,0.00466224,0,true,61,61
173,residual,2153861,0.00466224,0,true,40,40
173,residual,2153862,0.00466224,0,true,53,53
173,residual,2153863,0.00466224,0,true,15,15
173,residual,2153864,0.00466224,0,true,52,52
173,residual,2153865,0.00466224,0,true,56,56
173,residual,2153866,0.00466224,0,true,54,54
173,residual,2153867,0.00466224,0,true,29,29
173,residual,2153868,0.00466224,0,true,55,55
173,residual,2153869,0.00466224,0,true,24,24
173,residual,2153870,0.00466224,0,true,11,11
173,residual,2153871,0.00466224,0,true,47,47
173,residual,2153872,0.00466224,0,true,39,39
173,residual,2153873,0.00466224,0,true,58,58
173,residual,2153874,0.00466224,0,true,59,59
173,residual,2153875,0.00466224,0,true,10,10
173,residual,2153876,0.00466224,0,true,62,62
173,residual,2153877,0.00466224,0,true,8,8
173,residual,2153878,0.00466224,0,true,48,48
173,residual,2153879,0.00466224,0,true,20,20
173,residual,2153880,0.00466224,0,true,5,5
173,residual,2153881,0.00466224,0,true,7,7
173,residual,2153882,0.00466224,0,true,46,46
173,residual,2153883,0.00466224,0,true,2,2
173,residual,2153884,0.00466224,0,true,49,49
173,residual,2153886,0.00466224,0,true,31,31
173,residual,2153887,0.00466224,0,true,30,30
173,residual,2153888,0.00466224,0,true,4,4
173,residual,2153889,0.00466224,0,true,37,37
173,residual,2153890,0.00466224,0,true,35,35
173,residual,2153891,0.00466224,0,true,27,27
173,residual,2153892,0.00466224,0,true,13,13
173,residual,2153893,0.00466224,0,true,51,51
173,residual,2153894,0.00466224,0,true,17,17
173,residual,2153895,0.00466224,0,true,12,12
173,residual,2153896,0.00466224,0,true,38,38
173,residual,2153897,0.00466224,0,true,34,34
173,residual,2153898,0.00466224,0,true,36,36
173,residual,2153899,0.00466224,0,true,21,21
173,residual,2153900,0.00466224,0,true,32,32
173,residual,2153901,0.00466224,0,true,41,41
173,residual,2153902,0.00466224,0,true,43,43
173,residual,2153903,0.00466224,0,true,14,14
173,residual,2153904,0.00466224,0,true,57,57
173,residual,2153905,0.00466224,0,true,44,44
173,residual,2153906,0.00466224,0,true,63,63
173,residual,2153907,0.00466224,0,true,26,26
173,residual,2153908,0.00466224,0,true,16,16
173,residual,2153909,0.00466224,0,true,33,33
173,residual,2153910,0.00466224,0,true,23,23
173,residual,2153911,0.00466224,0,true,19,19
173,residual,2153912,0.00466224,0,true,3,3
173,residual,2153913,0.00466224,0,true,22,22
173,residual,2153914,0.00466224,0,true,42,42
173,residual,2153915,0.00466224,0,true,9,9
173,residual,2153916,0.00466224,0,true,1,1
173,residual,2153917,0.00466224,0,true,25,25
173,residual,2153918,0.00466224,0,true,45,45
173,residual,2153919,0.00466224,0,true,0,0
173,residual,2153920,0.00466224,0,true,18,18
173,residual,2153921,0.00466224,0,true,6,6
173,residual,2153922,0.00466224,0,true,61,61
173,residual,2153923,0.00466224,0,true,7,7
173,residual,2153924,0.00466224,0,true,3,3
173,residual,2153925,0.00466224,0,true,50,50
173,residual,2153926,0.00466224,0,true,31,31
173,residual,2153927,0.00466224,0,true,27,27
173,residual,2153928,0.00466224,0,true,60,60
173,residual,2153929,0.00466224,0,true,51,51
173,residual,2153930,0.00466224,0,true,1,1
173,residual,2153931,0.00466224,0,true,58,58
173,residual,2153932,0.00466224,0,true,16,16
173,residual,2153933,0.00466224,0,true,10,10
173,residual,2153934,0.00466224,0,true,2,2
173,residual,2153935,0.00466224,0,true,62,62
173,residual,2153936,0.00466224,0,true,56,56
173,residual,2153937,0.00466224,0,true,59,59
173,residual,2153938,0.00466224,0,true,11,11
173,residual,2153939,0.00466224,0,true,49,49
173,residual,2153940,0.00466224,0,true,57,57
173,residual,2153941,0.00466224,0,true,53,53
173,residual,2153942,0.00466224,0,true,5,5
173,residual,2153943,0.00466224,0,true,19,19
173,residual,2153944,0.00466224,0,true,4,4
173,residual,2153945,0.00466224,0,true,55,55
173,residual,2153946,0.00466224,0,true,41,41
173,residual,2153947,0.00466224,0,true,42,42
173,residual,2153948,0.00466224,0,true,52,52
173,residual,2153949,0.00466224,0,true,54,54
173,residual,2153950,0.00466224,0,true,40,40
173,residual,2153951,0.00466224,0,true,15,15
173,residual,2153952,0.00466224,0,true,14,14
174,nearfield_update,2153836,0.277598236,14,true,50,50
174,nearfield_update,2153854,0.277598236,0,true,11,11
174,nearfield_update,2153858,0.277598236,13,true,60,60
174,nearfield_update,2153859,0.277598236,4,true,28,28
174,nearfield_update,2153860,0.277598236,14,true,61,61
174,nearfield_update,2153861,0.277598236,23,true,40,40
174,nearfield_update,2153862,0.277598236,7,true,53,53
174,nearfield_update,2153863,0.277598236,23,true,15,15
174,nearfield_update,2153864,0.277598236,7,true,52,52
174,nearfield_update,2153865,0.277598236,2,true,56,56
174,nearfield_update,2153866,0.277598236,1,true,54,54
174,nearfield_update,2153867,0.277598236,17,true,29,29
174,nearfield_update,2153868,0.277598236,8,true,55,55
174,nearfield_update,2153869,0.277598236,17,true,24,24
174,nearfield_update,2153870,0.277598236,24,true,11,11
174,nearfield_update,2153871,0.277598236,18,true,47,47
174,nearfield_update,2153872,0.277598236,24,true,39,39
174,nearfield_update,2153873,0.277598236,14,true,58,58
174,nearfield_update,2153874,0.277598236,3,true,59,59
174,nearfield_update,2153875,0.277598236,24,true,10,10
174,nearfield_update,2153876,0.277598236,14,true,62,62
174,nearfield_update,2153877,0.277598236,6,true,8,8
174,nearfield_update,2153878,0.277598236,1,true,48,48
174,nearfield_update,2153879,0.277598236,17,true,20,20
174,nearfield_update,2153880,0.277598236,21,true,5,5
174,nearfield_update,2153881,0.277598236,20,true,7,7
174,nearfield_update,2153882,0.277598236,20,true,46,46
174,nearfield_update,2153883,0.277598236,22,true,2,2
174,nearfield_update,2153884,0.277598236,9,true,49,49
174,nearfield_update,2153886,0.277598236,16,true,31,31
174,nearfield_update,2153887,0.277598236,17,true,30,30
174,nearfield_update,2153888,0.277598236,22,true,4,4
174,nearfield_update,2153889,0.277598236,20,true,37,37
174,nearfield_update,2153890,0.277598236,20,true,35,35
174,nearfield_update,2153891,0.277598236,16,true,27,27
174,nearfield_update,2153892,0.277598236,23,true,13,13
174,nearfield_update,2153893,0.277598236,8,true,51,51
174,nearfield_update,2153894,0.277598236,17,true,17,17
174,nearfield_update,2153895,0.277598236,23,true,12,12
174,nearfield_update,2153896,0.277598236,21,true,38,38
174,nearfield_update,2153897,0.277598236,21,true,34,34
174,nearfield_update,2153898,0.277598236,21,true,36,36
174,nearfield_update,2153899,0.277598236,17,true,21,21
174,nearfield_update,2153900,0.277598236,20,true,32,32
174,nearfield_update,2153901,0.277598236,20,true,41,41
174,nearfield_update,2153902,0.277598236,21,true,43,43
174,nearfield_update,2153903,0.277598236,23,true,14,14
174,nearfield_update,2153904,0.277598236,10,true,57,57
174,nearfield_update,2153905,0.277598236,20,true,44,44
174,nearfield_update,2153906,0.277598236,11,true,63,63
174,nearfield_update,2153907,0.277598236,16,true,26,26
174,nearfield_update,2153908,0.277598236,17,true,16,16
174,nearfield_update,2153909,0.277598236,20,true,33,33
174,nearfield_update,2153910,0.277598236,17,true,23,23
174,nearfield_update,2153911,0.277598236,17,true,19,19
174,nearfield_update,2153912,0.277598236,23,true,3,3
174,nearfield_update,2153913,0.277598236,17,true,22,22
174,nearfield_update,2153914,0.277598236,21,true,42,42
174,nearfield_update,2153915,0.277598236,24,true,9,9
174,nearfield_update,2153916,0.277598236,23,true,1,1
174,nearfield_update,2153917,0.277598236,16,true,25,25
174,nearfield_update,2153918,0.277598236,20,true,45,45
174,nearfield_update,2153919,0.277598236,23,true,0,0
174,nearfield_update,2153920,0.277598236,18,true,18,18
174,nearfield_update,2153921,0.277598236,22,true,6,6
174,nearfield_update,2153922,0.277598236,0,true,61,61
174,nearfield_update,2153923,0.277598236,0,true,7,7
174,nearfield_update,2153924,0.277598236,0,true,3,3
174,nearfield_update,2153925,0.277598236,0,true,50,50
174,nearfield_update,2153926,0.277598236,0,true,31,31
174,nearfield_update,2153927,0.277598236,0,true,27,27
174,nearfield_update,2153928,0.277598236,0,true,60,60
174,nearfield_update,2153929,0.277598236,0,true,51,51
174,nearfield_update,2153930,0.277598236,0,true,1,1
174,nearfield_update,2153931,0.277598236,0,true,58,58
174,nearfield_update,2153932,0.277598236,0,true,16,16
174,nearfield_update,2153933,0.277598236,0,true,10,10
174,nearfield_update,2153934,0.277598236,0,true,2,2
174,nearfield_update,2153935,0.277598236,0,true,62,62
174,nearfield_update,2153936,0.277598236,0,true,56,56
174,nearfield_update,2153937,0.277598236,0,true,59,59
174,nearfield_update,2153938,0.277598236,0,true,11,11
174,nearfield_update,2153939,0.277598236,0,true,49,49
174,nearfield_update,2153940,0.277598236,0,true,57,57
174,nearfield_update,2153941,0.277598236,0,true,53,53
174,nearfield_update,2153942,0.277598236,0,true,5,5
174,nearfield_update,2153943,0.277598236,0,true,19,19
174,nearfield_update,2153944,0.277598236,0,true,4,4
174,nearfield_update,2153945,0.277598236,0,true,55,55
174,nearfield_update,2153946,0.277598236,0,true,41,41
174,nearfield_update,2153947,0.277598236,0,true,42,42
174,nearfield_update,2153948,0.277598236,0,true,52,52
174,nearfield_update,2153949,0.277598236,0,true,54,54
174,nearfield_update,2153950,0.277598236,0,true,40,40
174,nearfield_update,2153951,0.277598236,0,true,15,15
174,nearfield_update,2153952,0.277598236,0,true,14,14
175,fmm,2153836,0.037286761,3,true,50,50
175,fmm,2153854,0.037286761,0,true,11,11
175,fmm,2153858,0.037286761,2,true,60,60
175,fmm,2153859,0.037286761,3,true,28,28
175,fmm,2153860,0.037286761,2,true,61,61
175,fmm,2153861,0.037286761,3,true,40,40
175,fmm,2153862,0.037286761,2,true,53,53
175,fmm,2153863,0.037286761,2,true,15,15
175,fmm,2153864,0.037286761,2,true,52,52
175,fmm,2153865,0.037286761,3,true,56,56
175,fmm,2153866,0.037286761,2,true,54,54
175,fmm,2153867,0.037286761,2,true,29,29
175,fmm,2153868,0.037286761,2,true,55,55
175,fmm,2153869,0.037286761,2,true,24,24
175,fmm,2153870,0.037286761,2,true,11,11
175,fmm,2153871,0.037286761,2,true,47,47
175,fmm,2153872,0.037286761,2,true,39,39
175,fmm,2153873,0.037286761,2,true,58,58
175,fmm,2153874,0.037286761,2,true,59,59
175,fmm,2153875,0.037286761,2,true,10,10
175,fmm,2153876,0.037286761,2,true,62,62
175,fmm,2153877,0.037286761,2,true,8,7
175,fmm,2153878,0.037286761,2,true,48,48
175,fmm,2153879,0.037286761,2,true,20,20
175,fmm,2153880,0.037286761,2,true,5,5
175,fmm,2153881,0.037286761,2,true,7,0
175,fmm,2153882,0.037286761,2,true,46,46
175,fmm,2153883,0.037286761,2,true,2,2
175,fmm,2153884,0.037286761,2,true,49,49
175,fmm,2153886,0.037286761,2,true,31,31
175,fmm,2153887,0.037286761,2,true,30,30
175,fmm,2153888,0.037286761,2,true,4,4
175,fmm,2153889,0.037286761,2,true,37,37
175,fmm,2153890,0.037286761,2,true,35,35
175,fmm,2153891,0.037286761,3,true,27,27
175,fmm,2153892,0.037286761,2,true,13,13
175,fmm,2153893,0.037286761,2,true,51,51
175,fmm,2153894,0.037286761,2,true,17,17
175,fmm,2153895,0.037286761,2,true,12,12
175,fmm,2153896,0.037286761,2,true,38,38
175,fmm,2153897,0.037286761,1,true,34,34
175,fmm,2153898,0.037286761,1,true,36,36
175,fmm,2153899,0.037286761,2,true,21,21
175,fmm,2153900,0.037286761,2,true,32,32
175,fmm,2153901,0.037286761,2,true,41,41
175,fmm,2153902,0.037286761,2,true,43,43
175,fmm,2153903,0.037286761,2,true,14,14
175,fmm,2153904,0.037286761,2,true,57,57
175,fmm,2153905,0.037286761,2,true,44,44
175,fmm,2153906,0.037286761,2,true,63,63
175,fmm,2153907,0.037286761,2,true,26,26
175,fmm,2153908,0.037286761,2,true,16,16
175,fmm,2153909,0.037286761,2,true,33,33
175,fmm,2153910,0.037286761,2,true,23,23
175,fmm,2153911,0.037286761,2,true,19,19
175,fmm,2153912,0.037286761,2,true,3,3
175,fmm,2153913,0.037286761,2,true,22,22
175,fmm,2153914,0.037286761,1,true,42,42
175,fmm,2153915,0.037286761,1,true,9,9
175,fmm,2153916,0.037286761,1,true,1,1
175,fmm,2153917,0.037286761,1,true,25,25
175,fmm,2153918,0.037286761,2,true,45,45
175,fmm,2153919,0.037286761,2,true,0,0
175,fmm,2153920,0.037286761,0,true,18,18
175,fmm,2153921,0.037286761,1,true,6,6
175,fmm,2153922,0.037286761,0,true,61,61
175,fmm,2153923,0.037286761,0,true,7,7
175,fmm,2153924,0.037286761,0,true,3,3
175,fmm,2153925,0.037286761,0,true,50,50
175,fmm,2153926,0.037286761,0,true,31,31
175,fmm,2153927,0.037286761,0,true,27,27
175,fmm,2153928,0.037286761,0,true,60,60
175,fmm,2153929,0.037286761,0,true,51,51
175,fmm,2153930,0.037286761,0,true,1,1
175,fmm,2153931,0.037286761,0,true,58,58
175,fmm,2153932,0.037286761,0,true,16,16
175,fmm,2153933,0.037286761,0,true,10,10
175,fmm,2153934,0.037286761,0,true,2,2
175,fmm,2153935,0.037286761,0,true,62,62
175,fmm,2153936,0.037286761,0,true,56,56
175,fmm,2153937,0.037286761,0,true,59,59
175,fmm,2153938,0.037286761,0,true,11,11
175,fmm,2153939,0.037286761,0,true,49,49
175,fmm,2153940,0.037286761,0,true,57,57
175,fmm,2153941,0.037286761,0,true,53,53
175,fmm,2153942,0.037286761,0,true,5,5
175,fmm,2153943,0.037286761,0,true,19,19
175,fmm,2153944,0.037286761,0,true,4,4
175,fmm,2153945,0.037286761,0,true,55,55
175,fmm,2153946,0.037286761,0,true,41,41
175,fmm,2153947,0.037286761,0,true,42,42
175,fmm,2153948,0.037286761,0,true,52,52
175,fmm,2153949,0.037286761,0,true,54,54
175,fmm,2153950,0.037286761,0,true,40,40
175,fmm,2153951,0.037286761,0,true,15,15
175,fmm,2153952,0.037286761,0,true,14,14
176,influence_mapping,2153836,0.00061793,0,true,50,50
176,influence_mapping,2153854,0.00061793,0,true,11,11
176,influence_mapping,2153858,0.00061793,0,true,60,60
176,influence_mapping,2153859,0.00061793,0,true,28,28
176,influence_mapping,2153860,0.00061793,0,true,61,61
176,influence_mapping,2153861,0.00061793,0,true,40,40
176,influence_mapping,2153862,0.00061793,0,true,53,53
176,influence_mapping,2153863,0.00061793,0,true,15,15
176,influence_mapping,2153864,0.00061793,0,true,52,52
176,influence_mapping,2153865,0.00061793,0,true,56,56
176,influence_mapping,2153866,0.00061793,0,true,54,54
176,influence_mapping,2153867,0.00061793,0,true,29,29
176,influence_mapping,2153868,0.00061793,0,true,55,55
176,influence_mapping,2153869,0.00061793,0,true,24,24
176,influence_mapping,2153870,0.00061793,0,true,11,11
176,influence_mapping,2153871,0.00061793,0,true,47,47
176,influence_mapping,2153872,0.00061793,0,true,39,39
176,influence_mapping,2153873,0.00061793,0,true,58,58
176,influence_mapping,2153874,0.00061793,0,true,59,59
176,influence_mapping,2153875,0.00061793,0,true,10,10
176,influence_mapping,2153876,0.00061793,0,true,62,62
176,influence_mapping,2153877,0.00061793,0,true,7,7
176,influence_mapping,2153878,0.00061793,0,true,48,48
176,influence_mapping,2153879,0.00061793,0,true,20,20
176,influence_mapping,2153880,0.00061793,0,true,5,5
176,influence_mapping,2153881,0.00061793,0,true,0,0
176,influence_mapping,2153882,0.00061793,0,true,46,46
176,influence_mapping,2153883,0.00061793,0,true,2,2
176,influence_mapping,2153884,0.00061793,0,true,49,49
176,influence_mapping,2153886,0.00061793,0,true,31,31
176,influence_mapping,2153887,0.00061793,0,true,30,30
176,influence_mapping,2153888,0.00061793,0,true,4,4
176,influence_mapping,2153889,0.00061793,0,true,37,37
176,influence_mapping,2153890,0.00061793,0,true,35,35
176,influence_mapping,2153891,0.00061793,0,true,27,27
176,influence_mapping,2153892,0.00061793,0,true,13,13
176,influence_mapping,2153893,0.00061793,0,true,51,51
176,influence_mapping,2153894,0.00061793,0,true,17,17
176,influence_mapping,2153895,0.00061793,0,true,12,12
176,influence_mapping,2153896,0.00061793,0,true,38,38
176,influence_mapping,2153897,0.00061793,0,true,34,34
176,influence_mapping,2153898,0.00061793,0,true,36,36
176,influence_mapping,2153899,0.00061793,0,true,21,21
176,influence_mapping,2153900,0.00061793,0,true,32,32
176,influence_mapping,2153901,0.00061793,0,true,41,41
176,influence_mapping,2153902,0.00061793,0,true,43,43
176,influence_mapping,2153903,0.00061793,0,true,14,14
176,influence_mapping,2153904,0.00061793,0,true,57,57
176,influence_mapping,2153905,0.00061793,0,true,44,44
176,influence_mapping,2153906,0.00061793,0,true,63,63
176,influence_mapping,2153907,0.00061793,0,true,26,26
176,influence_mapping,2153908,0.00061793,0,true,16,16
176,influence_mapping,2153909,0.00061793,0,true,33,33
176,influence_mapping,2153910,0.00061793,0,true,23,23
176,influence_mapping,2153911,0.00061793,0,true,19,19
176,influence_mapping,2153912,0.00061793,0,true,3,3
176,influence_mapping,2153913,0.00061793,0,true,22,22
176,influence_mapping,2153914,0.00061793,0,true,42,42
176,influence_mapping,2153915,0.00061793,0,true,9,9
176,influence_mapping,2153916,0.00061793,0,true,1,1
176,influence_mapping,2153917,0.00061793,0,true,25,25
176,influence_mapping,2153918,0.00061793,0,true,45,45
176,influence_mapping,2153919,0.00061793,0,true,0,0
176,influence_mapping,2153920,0.00061793,0,true,18,18
176,influence_mapping,2153921,0.00061793,0,true,6,6
176,influence_mapping,2153922,0.00061793,0,true,61,61
176,influence_mapping,2153923,0.00061793,0,true,7,7
176,influence_mapping,2153924,0.00061793,0,true,3,3
176,influence_mapping,2153925,0.00061793,0,true,50,50
176,influence_mapping,2153926,0.00061793,0,true,31,31
176,influence_mapping,2153927,0.00061793,0,true,27,27
176,influence_mapping,2153928,0.00061793,0,true,60,60
176,influence_mapping,2153929,0.00061793,0,true,51,51
176,influence_mapping,2153930,0.00061793,0,true,1,1
176,influence_mapping,2153931,0.00061793,0,true,58,58
176,influence_mapping,2153932,0.00061793,0,true,16,16
176,influence_mapping,2153933,0.00061793,0,true,10,10
176,influence_mapping,2153934,0.00061793,0,true,2,2
176,influence_mapping,2153935,0.00061793,0,true,62,62
176,influence_mapping,2153936,0.00061793,0,true,56,56
176,influence_mapping,2153937,0.00061793,0,true,59,59
176,influence_mapping,2153938,0.00061793,0,true,11,11
176,influence_mapping,2153939,0.00061793,0,true,49,49
176,influence_mapping,2153940,0.00061793,0,true,57,57
176,influence_mapping,2153941,0.00061793,0,true,53,53
176,influence_mapping,2153942,0.00061793,0,true,5,5
176,influence_mapping,2153943,0.00061793,0,true,19,19
176,influence_mapping,2153944,0.00061793,0,true,4,4
176,influence_mapping,2153945,0.00061793,0,true,55,55
176,influence_mapping,2153946,0.00061793,0,true,41,41
176,influence_mapping,2153947,0.00061793,0,true,42,42
176,influence_mapping,2153948,0.00061793,0,true,52,52
176,influence_mapping,2153949,0.00061793,0,true,54,54
176,influence_mapping,2153950,0.00061793,0,true,40,40
176,influence_mapping,2153951,0.00061793,0,true,15,15
176,influence_mapping,2153952,0.00061793,0,true,14,14
177,residual,2153836,0.005172488,1,true,50,50
177,residual,2153854,0.005172488,0,true,11,11
177,residual,2153858,0.005172488,0,true,60,60
177,residual,2153859,0.005172488,0,true,28,28
177,residual,2153860,0.005172488,0,true,61,61
177,residual,2153861,0.005172488,0,true,40,40
177,residual,2153862,0.005172488,0,true,53,53
177,residual,2153863,0.005172488,0,true,15,15
177,residual,2153864,0.005172488,0,true,52,52
177,residual,2153865,0.005172488,0,true,56,56
177,residual,2153866,0.005172488,0,true,54,54
177,residual,2153867,0.005172488,0,true,29,29
177,residual,2153868,0.005172488,0,true,55,55
177,residual,2153869,0.005172488,0,true,24,24
177,residual,2153870,0.005172488,0,true,11,11
177,residual,2153871,0.005172488,0,true,47,47
177,residual,2153872,0.005172488,0,true,39,39
177,residual,2153873,0.005172488,0,true,58,58
177,residual,2153874,0.005172488,0,true,59,59
177,residual,2153875,0.005172488,0,true,10,10
177,residual,2153876,0.005172488,0,true,62,62
177,residual,2153877,0.005172488,0,true,7,7
177,residual,2153878,0.005172488,0,true,48,48
177,residual,2153879,0.005172488,0,true,20,20
177,residual,2153880,0.005172488,0,true,5,5
177,residual,2153881,0.005172488,0,true,0,0
177,residual,2153882,0.005172488,0,true,46,46
177,residual,2153883,0.005172488,0,true,2,2
177,residual,2153884,0.005172488,0,true,49,49
177,residual,2153886,0.005172488,0,true,31,31
177,residual,2153887,0.005172488,0,true,30,30
177,residual,2153888,0.005172488,0,true,4,4
177,residual,2153889,0.005172488,0,true,37,37
177,residual,2153890,0.005172488,0,true,35,35
177,residual,2153891,0.005172488,0,true,27,27
177,residual,2153892,0.005172488,0,true,13,13
177,residual,2153893,0.005172488,0,true,51,51
177,residual,2153894,0.005172488,0,true,17,17
177,residual,2153895,0.005172488,0,true,12,12
177,residual,2153896,0.005172488,0,true,38,38
177,residual,2153897,0.005172488,0,true,34,34
177,residual,2153898,0.005172488,0,true,36,36
177,residual,2153899,0.005172488,0,true,21,21
177,residual,2153900,0.005172488,0,true,32,32
177,residual,2153901,0.005172488,0,true,41,41
177,residual,2153902,0.005172488,0,true,43,43
177,residual,2153903,0.005172488,0,true,14,14
177,residual,2153904,0.005172488,0,true,57,57
177,residual,2153905,0.005172488,0,true,44,44
177,residual,2153906,0.005172488,0,true,63,63
177,residual,2153907,0.005172488,0,true,26,26
177,residual,2153908,0.005172488,0,true,16,16
177,residual,2153909,0.005172488,0,true,33,33
177,residual,2153910,0.005172488,0,true,23,23
177,residual,2153911,0.005172488,0,true,19,19
177,residual,2153912,0.005172488,0,true,3,3
177,residual,2153913,0.005172488,0,true,22,22
177,residual,2153914,0.005172488,0,true,42,42
177,residual,2153915,0.005172488,0,true,9,9
177,residual,2153916,0.005172488,0,true,1,1
177,residual,2153917,0.005172488,0,true,25,25
177,residual,2153918,0.005172488,0,true,45,45
177,residual,2153919,0.005172488,0,true,0,0
177,residual,2153920,0.005172488,0,true,18,18
177,residual,2153921,0.005172488,0,true,6,6
177,residual,2153922,0.005172488,0,true,61,61
177,residual,2153923,0.005172488,0,true,7,7
177,residual,2153924,0.005172488,0,true,3,3
177,residual,2153925,0.005172488,0,true,50,50
177,residual,2153926,0.005172488,0,true,31,31
177,residual,2153927,0.005172488,0,true,27,27
177,residual,2153928,0.005172488,0,true,60,60
177,residual,2153929,0.005172488,0,true,51,51
177,residual,2153930,0.005172488,0,true,1,1
177,residual,2153931,0.005172488,0,true,58,58
177,residual,2153932,0.005172488,0,true,16,16
177,residual,2153933,0.005172488,0,true,10,10
177,residual,2153934,0.005172488,0,true,2,2
177,residual,2153935,0.005172488,0,true,62,62
177,residual,2153936,0.005172488,0,true,56,56
177,residual,2153937,0.005172488,0,true,59,59
177,residual,2153938,0.005172488,0,true,11,11
177,residual,2153939,0.005172488,0,true,49,49
177,residual,2153940,0.005172488,0,true,57,57
177,residual,2153941,0.005172488,0,true,53,53
177,residual,2153942,0.005172488,0,true,5,5
177,residual,2153943,0.005172488,0,true,19,19
177,residual,2153944,0.005172488,0,true,4,4
177,residual,2153945,0.005172488,0,true,55,55
177,residual,2153946,0.005172488,0,true,41,41
177,residual,2153947,0.005172488,0,true,42,42
177,residual,2153948,0.005172488,0,true,52,52
177,residual,2153949,0.005172488,0,true,54,54
177,residual,2153950,0.005172488,0,true,40,40
177,residual,2153951,0.005172488,0,true,15,15
177,residual,2153952,0.005172488,0,true,14,14
178,nearfield_update,2153836,0.278683332,15,true,50,50
178,nearfield_update,2153854,0.278683332,0,true,11,11
178,nearfield_update,2153858,0.278683332,13,true,60,60
178,nearfield_update,2153859,0.278683332,5,true,28,28
178,nearfield_update,2153860,0.278683332,15,true,61,61
178,nearfield_update,2153861,0.278683332,23,true,40,40
178,nearfield_update,2153862,0.278683332,7,true,53,53
178,nearfield_update,2153863,0.278683332,23,true,15,15
178,nearfield_update,2153864,0.278683332,7,true,52,52
178,nearfield_update,2153865,0.278683332,1,true,56,56
178,nearfield_update,2153866,0.278683332,1,true,54,54
178,nearfield_update,2153867,0.278683332,17,true,29,29
178,nearfield_update,2153868,0.278683332,8,true,55,55
178,nearfield_update,2153869,0.278683332,16,true,24,24
178,nearfield_update,2153870,0.278683332,25,true,11,11
178,nearfield_update,2153871,0.278683332,18,true,47,47
178,nearfield_update,2153872,0.278683332,23,true,39,39
178,nearfield_update,2153873,0.278683332,14,true,58,58
178,nearfield_update,2153874,0.278683332,3,true,59,59
178,nearfield_update,2153875,0.278683332,24,true,10,10
178,nearfield_update,2153876,0.278683332,15,true,62,62
178,nearfield_update,2153877,0.278683332,5,true,7,3
178,nearfield_update,2153878,0.278683332,1,true,48,48
178,nearfield_update,2153879,0.278683332,16,true,20,20
178,nearfield_update,2153880,0.278683332,20,true,5,5
178,nearfield_update,2153881,0.278683332,20,true,0,0
178,nearfield_update,2153882,0.278683332,21,true,46,46
178,nearfield_update,2153883,0.278683332,22,true,2,2
178,nearfield_update,2153884,0.278683332,8,true,49,49
178,nearfield_update,2153886,0.278683332,17,true,31,31
178,nearfield_update,2153887,0.278683332,17,true,30,30
178,nearfield_update,2153888,0.278683332,23,true,4,4
178,nearfield_update,2153889,0.278683332,21,true,37,37
178,nearfield_update,2153890,0.278683332,21,true,35,35
178,nearfield_update,2153891,0.278683332,16,true,27,27
178,nearfield_update,2153892,0.278683332,23,true,13,13
178,nearfield_update,2153893,0.278683332,9,true,51,51
178,nearfield_update,2153894,0.278683332,18,true,17,17
178,nearfield_update,2153895,0.278683332,23,true,12,12
178,nearfield_update,2153896,0.278683332,21,true,38,38
178,nearfield_update,2153897,0.278683332,21,true,34,34
178,nearfield_update,2153898,0.278683332,21,true,36,36
178,nearfield_update,2153899,0.278683332,17,true,21,21
178,nearfield_update,2153900,0.278683332,21,true,32,32
178,nearfield_update,2153901,0.278683332,20,true,41,41
178,nearfield_update,2153902,0.278683332,20,true,43,43
178,nearfield_update,2153903,0.278683332,23,true,14,14
178,nearfield_update,2153904,0.278683332,10,true,57,57
178,nearfield_update,2153905,0.278683332,21,true,44,44
178,nearfield_update,2153906,0.278683332,11,true,63,63
178,nearfield_update,2153907,0.278683332,17,true,26,26
178,nearfield_update,2153908,0.278683332,17,true,16,16
178,nearfield_update,2153909,0.278683332,21,true,33,33
178,nearfield_update,2153910,0.278683332,17,true,23,23
178,nearfield_update,2153911,0.278683332,17,true,19,19
178,nearfield_update,2153912,0.278683332,22,true,3,3
178,nearfield_update,2153913,0.278683332,17,true,22,22
178,nearfield_update,2153914,0.278683332,21,true,42,42
178,nearfield_update,2153915,0.278683332,23,true,9,9
178,nearfield_update,2153916,0.278683332,23,true,1,8
178,nearfield_update,2153917,0.278683332,17,true,25,25
178,nearfield_update,2153918,0.278683332,20,true,45,45
178,nearfield_update,2153919,0.278683332,22,true,0,1
178,nearfield_update,2153920,0.278683332,17,true,18,18
178,nearfield_update,2153921,0.278683332,22,true,6,6
178,nearfield_update,2153922,0.278683332,0,true,61,61
178,nearfield_update,2153923,0.278683332,0,true,7,7
178,nearfield_update,2153924,0.278683332,0,true,3,3
178,nearfield_update,2153925,0.278683332,0,true,50,50
178,nearfield_update,2153926,0.278683332,0,true,31,31
178,nearfield_update,2153927,0.278683332,0,true,27,27
178,nearfield_update,2153928,0.278683332,0,true,60,60
178,nearfield_update,2153929,0.278683332,0,true,51,51
178,nearfield_update,2153930,0.278683332,0,true,1,1
178,nearfield_update,2153931,0.278683332,0,true,58,58
178,nearfield_update,2153932,0.278683332,0,true,16,16
178,nearfield_update,2153933,0.278683332,0,true,10,10
178,nearfield_update,2153934,0.278683332,0,true,2,2
178,nearfield_update,2153935,0.278683332,0,true,62,62
178,nearfield_update,2153936,0.278683332,0,true,56,56
178,nearfield_update,2153937,0.278683332,0,true,59,59
178,nearfield_update,2153938,0.278683332,0,true,11,11
178,nearfield_update,2153939,0.278683332,0,true,49,49
178,nearfield_update,2153940,0.278683332,0,true,57,57
178,nearfield_update,2153941,0.278683332,0,true,53,53
178,nearfield_update,2153942,0.278683332,0,true,5,5
178,nearfield_update,2153943,0.278683332,0,true,19,19
178,nearfield_update,2153944,0.278683332,0,true,4,4
178,nearfield_update,2153945,0.278683332,0,true,55,55
178,nearfield_update,2153946,0.278683332,0,true,41,41
178,nearfield_update,2153947,0.278683332,0,true,42,42
178,nearfield_update,2153948,0.278683332,0,true,52,52
178,nearfield_update,2153949,0.278683332,0,true,54,54
178,nearfield_update,2153950,0.278683332,0,true,40,40
178,nearfield_update,2153951,0.278683332,0,true,15,15
178,nearfield_update,2153952,0.278683332,0,true,14,14
179,fmm,2153836,0.037159151,3,true,50,50
179,fmm,2153854,0.037159151,0,true,11,11
179,fmm,2153858,0.037159151,3,true,60,60
179,fmm,2153859,0.037159151,2,true,28,28
179,fmm,2153860,0.037159151,2,true,61,61
179,fmm,2153861,0.037159151,3,true,40,40
179,fmm,2153862,0.037159151,2,true,53,53
179,fmm,2153863,0.037159151,2,true,15,15
179,fmm,2153864,0.037159151,2,true,52,52
179,fmm,2153865,0.037159151,3,true,56,56
179,fmm,2153866,0.037159151,2,true,54,54
179,fmm,2153867,0.037159151,2,true,29,29
179,fmm,2153868,0.037159151,2,true,55,55
179,fmm,2153869,0.037159151,2,true,24,24
179,fmm,2153870,0.037159151,1,true,11,11
179,fmm,2153871,0.037159151,2,true,47,47
179,fmm,2153872,0.037159151,2,true,39,39
179,fmm,2153873,0.037159151,2,true,58,58
179,fmm,2153874,0.037159151,2,true,59,59
179,fmm,2153875,0.037159151,2,true,10,10
179,fmm,2153876,0.037159151,2,true,62,62
179,fmm,2153877,0.037159151,2,true,3,3
179,fmm,2153878,0.037159151,2,true,48,48
179,fmm,2153879,0.037159151,2,true,20,20
179,fmm,2153880,0.037159151,2,true,5,5
179,fmm,2153881,0.037159151,2,true,0,0
179,fmm,2153882,0.037159151,2,true,46,46
179,fmm,2153883,0.037159151,2,true,2,2
179,fmm,2153884,0.037159151,2,true,49,49
179,fmm,2153886,0.037159151,1,true,31,31
179,fmm,2153887,0.037159151,2,true,30,30
179,fmm,2153888,0.037159151,2,true,4,4
179,fmm,2153889,0.037159151,2,true,37,37
179,fmm,2153890,0.037159151,1,true,35,35
179,fmm,2153891,0.037159151,2,true,27,27
179,fmm,2153892,0.037159151,2,true,13,13
179,fmm,2153893,0.037159151,2,true,51,51
179,fmm,2153894,0.037159151,1,true,17,17
179,fmm,2153895,0.037159151,1,true,12,12
179,fmm,2153896,0.037159151,1,true,38,38
179,fmm,2153897,0.037159151,2,true,34,34
179,fmm,2153898,0.037159151,2,true,36,36
179,fmm,2153899,0.037159151,2,true,21,21
179,fmm,2153900,0.037159151,2,true,32,32
179,fmm,2153901,0.037159151,2,true,41,41
179,fmm,2153902,0.037159151,2,true,43,43
179,fmm,2153903,0.037159151,2,true,14,14
179,fmm,2153904,0.037159151,2,true,57,57
179,fmm,2153905,0.037159151,2,true,44,44
179,fmm,2153906,0.037159151,1,true,63,63
179,fmm,2153907,0.037159151,2,true,26,26
179,fmm,2153908,0.037159151,2,true,16,16
179,fmm,2153909,0.037159151,2,true,33,33
179,fmm,2153910,0.037159151,2,true,23,23
179,fmm,2153911,0.037159151,2,true,19,19
179,fmm,2153912,0.037159151,2,true,3,1
179,fmm,2153913,0.037159151,3,true,22,22
179,fmm,2153914,0.037159151,2,true,42,42
179,fmm,2153915,0.037159151,2,true,9,9
179,fmm,2153916,0.037159151,1,true,8,8
179,fmm,2153917,0.037159151,1,true,25,25
179,fmm,2153918,0.037159151,1,true,45,45
179,fmm,2153919,0.037159151,1,true,1,6
179,fmm,2153920,0.037159151,0,true,18,18
179,fmm,2153921,0.037159151,0,true,6,7
179,fmm,2153922,0.037159151,0,true,61,61
179,fmm,2153923,0.037159151,0,true,7,7
179,fmm,2153924,0.037159151,0,true,3,3
179,fmm,2153925,0.037159151,0,true,50,50
179,fmm,2153926,0.037159151,0,true,31,31
179,fmm,2153927,0.037159151,0,true,27,27
179,fmm,2153928,0.037159151,0,true,60,60
179,fmm,2153929,0.037159151,0,true,51,51
179,fmm,2153930,0.037159151,0,true,1,1
179,fmm,2153931,0.037159151,0,true,58,58
179,fmm,2153932,0.037159151,0,true,16,16
179,fmm,2153933,0.037159151,0,true,10,10
179,fmm,2153934,0.037159151,0,true,2,2
179,fmm,2153935,0.037159151,0,true,62,62
179,fmm,2153936,0.037159151,0,true,56,56
179,fmm,2153937,0.037159151,0,true,59,59
179,fmm,2153938,0.037159151,0,true,11,11
179,fmm,2153939,0.037159151,0,true,49,49
179,fmm,2153940,0.037159151,0,true,57,57
179,fmm,2153941,0.037159151,0,true,53,53
179,fmm,2153942,0.037159151,0,true,5,5
179,fmm,2153943,0.037159151,0,true,19,19
179,fmm,2153944,0.037159151,0,true,4,4
179,fmm,2153945,0.037159151,0,true,55,55
179,fmm,2153946,0.037159151,0,true,41,41
179,fmm,2153947,0.037159151,0,true,42,42
179,fmm,2153948,0.037159151,0,true,52,52
179,fmm,2153949,0.037159151,0,true,54,54
179,fmm,2153950,0.037159151,0,true,40,40
179,fmm,2153951,0.037159151,0,true,15,15
179,fmm,2153952,0.037159151,0,true,14,14
180,influence_mapping,2153836,0.000687741,1,true,50,50
180,influence_mapping,2153854,0.000687741,0,true,11,11
180,influence_mapping,2153858,0.000687741,0,true,60,60
180,influence_mapping,2153859,0.000687741,0,true,28,28
180,influence_mapping,2153860,0.000687741,0,true,61,61
180,influence_mapping,2153861,0.000687741,0,true,40,40
180,influence_mapping,2153862,0.000687741,0,true,53,53
180,influence_mapping,2153863,0.000687741,0,true,15,15
180,influence_mapping,2153864,0.000687741,0,true,52,52
180,influence_mapping,2153865,0.000687741,0,true,56,56
180,influence_mapping,2153866,0.000687741,0,true,54,54
180,influence_mapping,2153867,0.000687741,0,true,29,29
180,influence_mapping,2153868,0.000687741,0,true,55,55
180,influence_mapping,2153869,0.000687741,0,true,24,24
180,influence_mapping,2153870,0.000687741,0,true,11,11
180,influence_mapping,2153871,0.000687741,0,true,47,47
180,influence_mapping,2153872,0.000687741,0,true,39,39
180,influence_mapping,2153873,0.000687741,0,true,58,58
180,influence_mapping,2153874,0.000687741,0,true,59,59
180,influence_mapping,2153875,0.000687741,0,true,10,10
180,influence_mapping,2153876,0.000687741,0,true,62,62
180,influence_mapping,2153877,0.000687741,0,true,3,3
180,influence_mapping,2153878,0.000687741,0,true,48,48
180,influence_mapping,2153879,0.000687741,0,true,20,20
180,influence_mapping,2153880,0.000687741,0,true,5,5
180,influence_mapping,2153881,0.000687741,0,true,0,0
180,influence_mapping,2153882,0.000687741,0,true,46,46
180,influence_mapping,2153883,0.000687741,0,true,2,2
180,influence_mapping,2153884,0.000687741,0,true,49,49
180,influence_mapping,2153886,0.000687741,0,true,31,31
180,influence_mapping,2153887,0.000687741,0,true,30,30
180,influence_mapping,2153888,0.000687741,0,true,4,4
180,influence_mapping,2153889,0.000687741,0,true,37,37
180,influence_mapping,2153890,0.000687741,0,true,35,35
180,influence_mapping,2153891,0.000687741,0,true,27,27
180,influence_mapping,2153892,0.000687741,0,true,13,13
180,influence_mapping,2153893,0.000687741,0,true,51,51
180,influence_mapping,2153894,0.000687741,0,true,17,17
180,influence_mapping,2153895,0.000687741,0,true,12,12
180,influence_mapping,2153896,0.000687741,0,true,38,38
180,influence_mapping,2153897,0.000687741,0,true,34,34
180,influence_mapping,2153898,0.000687741,0,true,36,36
180,influence_mapping,2153899,0.000687741,0,true,21,21
180,influence_mapping,2153900,0.000687741,0,true,32,32
180,influence_mapping,2153901,0.000687741,0,true,41,41
180,influence_mapping,2153902,0.000687741,0,true,43,43
180,influence_mapping,2153903,0.000687741,0,true,14,14
180,influence_mapping,2153904,0.000687741,0,true,57,57
180,influence_mapping,2153905,0.000687741,0,true,44,44
180,influence_mapping,2153906,0.000687741,0,true,63,63
180,influence_mapping,2153907,0.000687741,0,true,26,26
180,influence_mapping,2153908,0.000687741,0,true,16,16
180,influence_mapping,2153909,0.000687741,0,true,33,33
180,influence_mapping,2153910,0.000687741,0,true,23,23
180,influence_mapping,2153911,0.000687741,0,true,19,19
180,influence_mapping,2153912,0.000687741,0,true,1,1
180,influence_mapping,2153913,0.000687741,0,true,22,22
180,influence_mapping,2153914,0.000687741,0,true,42,42
180,influence_mapping,2153915,0.000687741,0,true,9,9
180,influence_mapping,2153916,0.000687741,0,true,8,8
180,influence_mapping,2153917,0.000687741,0,true,25,25
180,influence_mapping,2153918,0.000687741,0,true,45,45
180,influence_mapping,2153919,0.000687741,0,true,6,6
180,influence_mapping,2153920,0.000687741,0,true,18,18
180,influence_mapping,2153921,0.000687741,0,true,7,7
180,influence_mapping,2153922,0.000687741,0,true,61,61
180,influence_mapping,2153923,0.000687741,0,true,7,7
180,influence_mapping,2153924,0.000687741,0,true,3,3
180,influence_mapping,2153925,0.000687741,0,true,50,50
180,influence_mapping,2153926,0.000687741,0,true,31,31
180,influence_mapping,2153927,0.000687741,0,true,27,27
180,influence_mapping,2153928,0.000687741,0,true,60,60
180,influence_mapping,2153929,0.000687741,0,true,51,51
180,influence_mapping,2153930,0.000687741,0,true,1,1
180,influence_mapping,2153931,0.000687741,0,true,58,58
180,influence_mapping,2153932,0.000687741,0,true,16,16
180,influence_mapping,2153933,0.000687741,0,true,10,10
180,influence_mapping,2153934,0.000687741,0,true,2,2
180,influence_mapping,2153935,0.000687741,0,true,62,62
180,influence_mapping,2153936,0.000687741,0,true,56,56
180,influence_mapping,2153937,0.000687741,0,true,59,59
180,influence_mapping,2153938,0.000687741,0,true,11,11
180,influence_mapping,2153939,0.000687741,0,true,49,49
180,influence_mapping,2153940,0.000687741,0,true,57,57
180,influence_mapping,2153941,0.000687741,0,true,53,53
180,influence_mapping,2153942,0.000687741,0,true,5,5
180,influence_mapping,2153943,0.000687741,0,true,19,19
180,influence_mapping,2153944,0.000687741,0,true,4,4
180,influence_mapping,2153945,0.000687741,0,true,55,55
180,influence_mapping,2153946,0.000687741,0,true,41,41
180,influence_mapping,2153947,0.000687741,0,true,42,42
180,influence_mapping,2153948,0.000687741,0,true,52,52
180,influence_mapping,2153949,0.000687741,0,true,54,54
180,influence_mapping,2153950,0.000687741,0,true,40,40
180,influence_mapping,2153951,0.000687741,0,true,15,15
180,influence_mapping,2153952,0.000687741,0,true,14,14
181,residual,2153836,0.004711363,1,true,50,50
181,residual,2153854,0.004711363,0,true,11,11
181,residual,2153858,0.004711363,0,true,60,60
181,residual,2153859,0.004711363,0,true,28,28
181,residual,2153860,0.004711363,0,true,61,61
181,residual,2153861,0.004711363,0,true,40,40
181,residual,2153862,0.004711363,0,true,53,53
181,residual,2153863,0.004711363,0,true,15,15
181,residual,2153864,0.004711363,0,true,52,52
181,residual,2153865,0.004711363,0,true,56,56
181,residual,2153866,0.004711363,0,true,54,54
181,residual,2153867,0.004711363,0,true,29,29
181,residual,2153868,0.004711363,0,true,55,55
181,residual,2153869,0.004711363,0,true,24,24
181,residual,2153870,0.004711363,0,true,11,11
181,residual,2153871,0.004711363,0,true,47,47
181,residual,2153872,0.004711363,0,true,39,39
181,residual,2153873,0.004711363,0,true,58,58
181,residual,2153874,0.004711363,0,true,59,59
181,residual,2153875,0.004711363,0,true,10,10
181,residual,2153876,0.004711363,0,true,62,62
181,residual,2153877,0.004711363,0,true,3,3
181,residual,2153878,0.004711363,0,true,48,48
181,residual,2153879,0.004711363,0,true,20,20
181,residual,2153880,0.004711363,0,true,5,5
181,residual,2153881,0.004711363,0,true,0,0
181,residual,2153882,0.004711363,0,true,46,46
181,residual,2153883,0.004711363,0,true,2,2
181,residual,2153884,0.004711363,0,true,49,49
181,residual,2153886,0.004711363,0,true,31,31
181,residual,2153887,0.004711363,0,true,30,30
181,residual,2153888,0.004711363,0,true,4,4
181,residual,2153889,0.004711363,0,true,37,37
181,residual,2153890,0.004711363,0,true,35,35
181,residual,2153891,0.004711363,0,true,27,27
181,residual,2153892,0.004711363,0,true,13,13
181,residual,2153893,0.004711363,0,true,51,51
181,residual,2153894,0.004711363,0,true,17,17
181,residual,2153895,0.004711363,0,true,12,12
181,residual,2153896,0.004711363,0,true,38,38
181,residual,2153897,0.004711363,0,true,34,34
181,residual,2153898,0.004711363,0,true,36,36
181,residual,2153899,0.004711363,0,true,21,21
181,residual,2153900,0.004711363,0,true,32,32
181,residual,2153901,0.004711363,0,true,41,41
181,residual,2153902,0.004711363,0,true,43,43
181,residual,2153903,0.004711363,0,true,14,14
181,residual,2153904,0.004711363,0,true,57,57
181,residual,2153905,0.004711363,0,true,44,44
181,residual,2153906,0.004711363,0,true,63,63
181,residual,2153907,0.004711363,0,true,26,26
181,residual,2153908,0.004711363,0,true,16,16
181,residual,2153909,0.004711363,0,true,33,33
181,residual,2153910,0.004711363,0,true,23,23
181,residual,2153911,0.004711363,0,true,19,19
181,residual,2153912,0.004711363,0,true,1,1
181,residual,2153913,0.004711363,0,true,22,22
181,residual,2153914,0.004711363,0,true,42,42
181,residual,2153915,0.004711363,0,true,9,9
181,residual,2153916,0.004711363,0,true,8,8
181,residual,2153917,0.004711363,0,true,25,25
181,residual,2153918,0.004711363,0,true,45,45
181,residual,2153919,0.004711363,0,true,6,6
181,residual,2153920,0.004711363,0,true,18,18
181,residual,2153921,0.004711363,0,true,7,7
181,residual,2153922,0.004711363,1,true,61,61
181,residual,2153923,0.004711363,1,true,7,7
181,residual,2153924,0.004711363,1,true,3,3
181,residual,2153925,0.004711363,1,true,50,53
181,residual,2153926,0.004711363,2,true,31,31
181,residual,2153927,0.004711363,2,true,27,27
181,residual,2153928,0.004711363,1,true,60,60
181,residual,2153929,0.004711363,2,true,51,51
181,residual,2153930,0.004711363,2,true,1,1
181,residual,2153931,0.004711363,2,true,58,58
181,residual,2153932,0.004711363,2,true,16,16
181,residual,2153933,0.004711363,2,true,10,10
181,residual,2153934,0.004711363,2,true,2,2
181,residual,2153935,0.004711363,2,true,62,62
181,residual,2153936,0.004711363,2,true,56,56
181,residual,2153937,0.004711363,1,true,59,59
181,residual,2153938,0.004711363,2,true,11,11
181,residual,2153939,0.004711363,1,true,49,49
181,residual,2153940,0.004711363,2,true,57,57
181,residual,2153941,0.004711363,2,true,53,48
181,residual,2153942,0.004711363,2,true,5,5
181,residual,2153943,0.004711363,2,true,19,19
181,residual,2153944,0.004711363,1,true,4,4
181,residual,2153945,0.004711363,2,true,55,55
181,residual,2153946,0.004711363,1,true,41,41
181,residual,2153947,0.004711363,2,true,42,42
181,residual,2153948,0.004711363,2,true,52,52
181,residual,2153949,0.004711363,2,true,54,54
181,residual,2153950,0.004711363,2,true,40,40
181,residual,2153951,0.004711363,2,true,15,15
181,residual,2153952,0.004711363,2,true,14,14
182,strength_copy,2153836,0.00041029,0,true,50,50
182,strength_copy,2153854,0.00041029,0,true,11,11
182,strength_copy,2153858,0.00041029,0,true,60,60
182,strength_copy,2153859,0.00041029,0,true,28,28
182,strength_copy,2153860,0.00041029,0,true,61,61
182,strength_copy,2153861,0.00041029,0,true,40,40
182,strength_copy,2153862,0.00041029,0,true,53,53
182,strength_copy,2153863,0.00041029,0,true,15,15
182,strength_copy,2153864,0.00041029,0,true,52,52
182,strength_copy,2153865,0.00041029,0,true,56,56
182,strength_copy,2153866,0.00041029,0,true,54,54
182,strength_copy,2153867,0.00041029,0,true,29,29
182,strength_copy,2153868,0.00041029,0,true,55,55
182,strength_copy,2153869,0.00041029,0,true,24,24
182,strength_copy,2153870,0.00041029,0,true,11,11
182,strength_copy,2153871,0.00041029,0,true,47,47
182,strength_copy,2153872,0.00041029,0,true,39,39
182,strength_copy,2153873,0.00041029,0,true,58,58
182,strength_copy,2153874,0.00041029,0,true,59,59
182,strength_copy,2153875,0.00041029,0,true,10,10
182,strength_copy,2153876,0.00041029,0,true,62,62
182,strength_copy,2153877,0.00041029,0,true,3,3
182,strength_copy,2153878,0.00041029,0,true,48,48
182,strength_copy,2153879,0.00041029,0,true,20,20
182,strength_copy,2153880,0.00041029,0,true,5,5
182,strength_copy,2153881,0.00041029,0,true,0,0
182,strength_copy,2153882,0.00041029,0,true,46,46
182,strength_copy,2153883,0.00041029,0,true,2,2
182,strength_copy,2153884,0.00041029,0,true,49,49
182,strength_copy,2153886,0.00041029,0,true,31,31
182,strength_copy,2153887,0.00041029,0,true,30,30
182,strength_copy,2153888,0.00041029,0,true,4,4
182,strength_copy,2153889,0.00041029,0,true,37,37
182,strength_copy,2153890,0.00041029,0,true,35,35
182,strength_copy,2153891,0.00041029,0,true,27,27
182,strength_copy,2153892,0.00041029,0,true,13,13
182,strength_copy,2153893,0.00041029,0,true,51,51
182,strength_copy,2153894,0.00041029,0,true,17,17
182,strength_copy,2153895,0.00041029,0,true,12,12
182,strength_copy,2153896,0.00041029,0,true,38,38
182,strength_copy,2153897,0.00041029,0,true,34,34
182,strength_copy,2153898,0.00041029,0,true,36,36
182,strength_copy,2153899,0.00041029,0,true,21,21
182,strength_copy,2153900,0.00041029,0,true,32,32
182,strength_copy,2153901,0.00041029,0,true,41,41
182,strength_copy,2153902,0.00041029,0,true,43,43
182,strength_copy,2153903,0.00041029,0,true,14,14
182,strength_copy,2153904,0.00041029,0,true,57,57
182,strength_copy,2153905,0.00041029,0,true,44,44
182,strength_copy,2153906,0.00041029,0,true,63,63
182,strength_copy,2153907,0.00041029,0,true,26,26
182,strength_copy,2153908,0.00041029,0,true,16,16
182,strength_copy,2153909,0.00041029,0,true,33,33
182,strength_copy,2153910,0.00041029,0,true,23,23
182,strength_copy,2153911,0.00041029,0,true,19,19
182,strength_copy,2153912,0.00041029,0,true,1,1
182,strength_copy,2153913,0.00041029,0,true,22,22
182,strength_copy,2153914,0.00041029,0,true,42,42
182,strength_copy,2153915,0.00041029,0,true,9,9
182,strength_copy,2153916,0.00041029,0,true,8,8
182,strength_copy,2153917,0.00041029,0,true,25,25
182,strength_copy,2153918,0.00041029,0,true,45,45
182,strength_copy,2153919,0.00041029,0,true,6,6
182,strength_copy,2153920,0.00041029,0,true,18,18
182,strength_copy,2153921,0.00041029,0,true,7,7
182,strength_copy,2153922,0.00041029,0,true,61,61
182,strength_copy,2153923,0.00041029,0,true,7,7
182,strength_copy,2153924,0.00041029,0,true,3,3
182,strength_copy,2153925,0.00041029,0,true,53,53
182,strength_copy,2153926,0.00041029,0,true,31,31
182,strength_copy,2153927,0.00041029,0,true,27,27
182,strength_copy,2153928,0.00041029,0,true,60,60
182,strength_copy,2153929,0.00041029,0,true,51,51
182,strength_copy,2153930,0.00041029,0,true,1,1
182,strength_copy,2153931,0.00041029,0,true,58,58
182,strength_copy,2153932,0.00041029,0,true,16,16
182,strength_copy,2153933,0.00041029,0,true,10,10
182,strength_copy,2153934,0.00041029,0,true,2,2
182,strength_copy,2153935,0.00041029,0,true,62,62
182,strength_copy,2153936,0.00041029,0,true,56,56
182,strength_copy,2153937,0.00041029,0,true,59,59
182,strength_copy,2153938,0.00041029,0,true,11,11
182,strength_copy,2153939,0.00041029,0,true,49,49
182,strength_copy,2153940,0.00041029,0,true,57,57
182,strength_copy,2153941,0.00041029,0,true,48,48
182,strength_copy,2153942,0.00041029,0,true,5,5
182,strength_copy,2153943,0.00041029,0,true,19,19
182,strength_copy,2153944,0.00041029,0,true,4,4
182,strength_copy,2153945,0.00041029,0,true,55,55
182,strength_copy,2153946,0.00041029,0,true,41,41
182,strength_copy,2153947,0.00041029,0,true,42,42
182,strength_copy,2153948,0.00041029,0,true,52,52
182,strength_copy,2153949,0.00041029,0,true,54,54
182,strength_copy,2153950,0.00041029,0,true,40,40
182,strength_copy,2153951,0.00041029,0,true,15,15
182,strength_copy,2153952,0.00041029,0,true,14,14
