$MeshFormat
4.1 0 8
$EndMeshFormat
$Entities
0 0 1 0
0 -0.582975 -5.0099712918 -0.7751617874 0.194325 5.0099712918 0.7751617874 0 0 
$EndEntities
$Nodes
1 3646 1 3646
2 0 0 3646
1
2
3
4
5
6
7
8
9
10
11
12
13
14
15
16
17
18
19
20
21
22
23
24
25
26
27
28
29
30
31
32
33
34
35
36
37
38
39
40
41
42
43
44
45
46
47
48
49
50
51
52
53
54
55
56
57
58
59
60
61
62
63
64
65
66
67
68
69
70
71
72
73
74
75
76
77
78
79
80
81
82
83
84
85
86
87
88
89
90
91
92
93
94
95
96
97
98
99
100
101
102
103
104
105
106
107
108
109
110
111
112
113
114
115
116
117
118
119
120
121
122
123
124
125
126
127
128
129
130
131
132
133
134
135
136
137
138
139
140
141
142
143
144
145
146
147
148
149
150
151
152
153
154
155
156
157
158
159
160
161
162
163
164
165
166
167
168
169
170
171
172
173
174
175
176
177
178
179
180
181
182
183
184
185
186
187
188
189
190
191
192
193
194
195
196
197
198
199
200
201
202
203
204
205
206
207
208
209
210
211
212
213
214
215
216
217
218
219
220
221
222
223
224
225
226
227
228
229
230
231
232
233
234
235
236
237
238
239
240
241
242
243
244
245
246
247
248
249
250
251
252
253
254
255
256
257
258
259
260
261
262
263
264
265
266
267
268
269
270
271
272
273
274
275
276
277
278
279
280
281
282
283
284
285
286
287
288
289
290
291
292
293
294
295
296
297
298
299
300
301
302
303
304
305
306
307
308
309
310
311
312
313
314
315
316
317
318
319
320
321
322
323
324
325
326
327
328
329
330
331
332
333
334
335
336
337
338
339
340
341
342
343
344
345
346
347
348
349
350
351
352
353
354
355
356
357
358
359
360
361
362
363
364
365
366
367
368
369
370
371
372
373
374
375
376
377
378
379
380
381
382
383
384
385
386
387
388
389
390
391
392
393
394
395
396
397
398
399
400
401
402
403
404
405
406
407
408
409
410
411
412
413
414
415
416
417
418
419
420
421
422
423
424
425
426
427
428
429
430
431
432
433
434
435
436
437
438
439
440
441
442
443
444
445
446
447
448
449
450
451
452
453
454
455
456
457
458
459
460
461
462
463
464
465
466
467
468
469
470
471
472
473
474
475
476
477
478
479
480
481
482
483
484
485
486
487
488
489
490
491
492
493
494
495
496
497
498
499
500
501
502
503
504
505
506
507
508
509
510
511
512
513
514
515
516
517
518
519
520
521
522
523
524
525
526
527
528
529
530
531
532
533
534
535
536
537
538
539
540
541
542
543
544
545
546
547
548
549
550
551
552
553
554
555
556
557
558
559
560
561
562
563
564
565
566
567
568
569
570
571
572
573
574
575
576
577
578
579
580
581
582
583
584
585
586
587
588
589
590
591
592
593
594
595
596
597
598
599
600
601
602
603
604
605
606
607
608
609
610
611
612
613
614
615
616
617
618
619
620
621
622
623
624
625
626
627
628
629
630
631
632
633
634
635
636
637
638
639
640
641
642
643
644
645
646
647
648
649
650
651
652
653
654
655
656
657
658
659
660
661
662
663
664
665
666
667
668
669
670
671
672
673
674
675
676
677
678
679
680
681
682
683
684
685
686
687
688
689
690
691
692
693
694
695
696
697
698
699
700
701
702
703
704
705
706
707
708
709
710
711
712
713
714
715
716
717
718
719
720
721
722
723
724
725
726
727
728
729
730
731
732
733
734
735
736
737
738
739
740
741
742
743
744
745
746
747
748
749
750
751
752
753
754
755
756
757
758
759
760
761
762
763
764
765
766
767
768
769
770
771
772
773
774
775
776
777
778
779
780
781
782
783
784
785
786
787
788
789
790
791
792
793
794
795
796
797
798
799
800
801
802
803
804
805
806
807
808
809
810
811
812
813
814
815
816
817
818
819
820
821
822
823
824
825
826
827
828
829
830
831
832
833
834
835
836
837
838
839
840
841
842
843
844
845
846
847
848
849
850
851
852
853
854
855
856
857
858
859
860
861
862
863
864
865
866
867
868
869
870
871
872
873
874
875
876
877
878
879
880
881
882
883
884
885
886
887
888
889
890
891
892
893
894
895
896
897
898
899
900
901
902
903
904
905
906
907
908
909
910
911
912
913
914
915
916
917
918
919
920
921
922
923
924
925
926
927
928
929
930
931
932
933
934
935
936
937
938
939
940
941
942
943
944
945
946
947
948
949
950
951
952
953
954
955
956
957
958
959
960
961
962
963
964
965
966
967
968
969
970
971
972
973
974
975
976
977
978
979
980
981
982
983
984
985
986
987
988
989
990
991
992
993
994
995
996
997
998
999
1000
1001
1002
1003
1004
1005
1006
1007
1008
1009
1010
1011
1012
1013
1014
1015
1016
1017
1018
1019
1020
1021
1022
1023
1024
1025
1026
1027
1028
1029
1030
1031
1032
1033
1034
1035
1036
1037
1038
1039
1040
1041
1042
1043
1044
1045
1046
1047
1048
1049
1050
1051
1052
1053
1054
1055
1056
1057
1058
1059
1060
1061
1062
1063
1064
1065
1066
1067
1068
1069
1070
1071
1072
1073
1074
1075
1076
1077
1078
1079
1080
1081
1082
1083
1084
1085
1086
1087
1088
1089
1090
1091
1092
1093
1094
1095
1096
1097
1098
1099
1100
1101
1102
1103
1104
1105
1106
1107
1108
1109
1110
1111
1112
1113
1114
1115
1116
1117
1118
1119
1120
1121
1122
1123
1124
1125
1126
1127
1128
1129
1130
1131
1132
1133
1134
1135
1136
1137
1138
1139
1140
1141
1142
1143
1144
1145
1146
1147
1148
1149
1150
1151
1152
1153
1154
1155
1156
1157
1158
1159
1160
1161
1162
1163
1164
1165
1166
1167
1168
1169
1170
1171
1172
1173
1174
1175
1176
1177
1178
1179
1180
1181
1182
1183
1184
1185
1186
1187
1188
1189
1190
1191
1192
1193
1194
1195
1196
1197
1198
1199
1200
1201
1202
1203
1204
1205
1206
1207
1208
1209
1210
1211
1212
1213
1214
1215
1216
1217
1218
1219
1220
1221
1222
1223
1224
1225
1226
1227
1228
1229
1230
1231
1232
1233
1234
1235
1236
1237
1238
1239
1240
1241
1242
1243
1244
1245
1246
1247
1248
1249
1250
1251
1252
1253
1254
1255
1256
1257
1258
1259
1260
1261
1262
1263
1264
1265
1266
1267
1268
1269
1270
1271
1272
1273
1274
1275
1276
1277
1278
1279
1280
1281
1282
1283
1284
1285
1286
1287
1288
1289
1290
1291
1292
1293
1294
1295
1296
1297
1298
1299
1300
1301
1302
1303
1304
1305
1306
1307
1308
1309
1310
1311
1312
1313
1314
1315
1316
1317
1318
1319
1320
1321
1322
1323
1324
1325
1326
1327
1328
1329
1330
1331
1332
1333
1334
1335
1336
1337
1338
1339
1340
1341
1342
1343
1344
1345
1346
1347
1348
1349
1350
1351
1352
1353
1354
1355
1356
1357
1358
1359
1360
1361
1362
1363
1364
1365
1366
1367
1368
1369
1370
1371
1372
1373
1374
1375
1376
1377
1378
1379
1380
1381
1382
1383
1384
1385
1386
1387
1388
1389
1390
1391
1392
1393
1394
1395
1396
1397
1398
1399
1400
1401
1402
1403
1404
1405
1406
1407
1408
1409
1410
1411
1412
1413
1414
1415
1416
1417
1418
1419
1420
1421
1422
1423
1424
1425
1426
1427
1428
1429
1430
1431
1432
1433
1434
1435
1436
1437
1438
1439
1440
1441
1442
1443
1444
1445
1446
1447
1448
1449
1450
1451
1452
1453
1454
1455
1456
1457
1458
1459
1460
1461
1462
1463
1464
1465
1466
1467
1468
1469
1470
1471
1472
1473
1474
1475
1476
1477
1478
1479
1480
1481
1482
1483
1484
1485
1486
1487
1488
1489
1490
1491
1492
1493
1494
1495
1496
1497
1498
1499
1500
1501
1502
1503
1504
1505
1506
1507
1508
1509
1510
1511
1512
1513
1514
1515
1516
1517
1518
1519
1520
1521
1522
1523
1524
1525
1526
1527
1528
1529
1530
1531
1532
1533
1534
1535
1536
1537
1538
1539
1540
1541
1542
1543
1544
1545
1546
1547
1548
1549
1550
1551
1552
1553
1554
1555
1556
1557
1558
1559
1560
1561
1562
1563
1564
1565
1566
1567
1568
1569
1570
1571
1572
1573
1574
1575
1576
1577
1578
1579
1580
1581
1582
1583
1584
1585
1586
1587
1588
1589
1590
1591
1592
1593
1594
1595
1596
1597
1598
1599
1600
1601
1602
1603
1604
1605
1606
1607
1608
1609
1610
1611
1612
1613
1614
1615
1616
1617
1618
1619
1620
1621
1622
1623
1624
1625
1626
1627
1628
1629
1630
1631
1632
1633
1634
1635
1636
1637
1638
1639
1640
1641
1642
1643
1644
1645
1646
1647
1648
1649
1650
1651
1652
1653
1654
1655
1656
1657
1658
1659
1660
1661
1662
1663
1664
1665
1666
1667
1668
1669
1670
1671
1672
1673
1674
1675
1676
1677
1678
1679
1680
1681
1682
1683
1684
1685
1686
1687
1688
1689
1690
1691
1692
1693
1694
1695
1696
1697
1698
1699
1700
1701
1702
1703
1704
1705
1706
1707
1708
1709
1710
1711
1712
1713
1714
1715
1716
1717
1718
1719
1720
1721
1722
1723
1724
1725
1726
1727
1728
1729
1730
1731
1732
1733
1734
1735
1736
1737
1738
1739
1740
1741
1742
1743
1744
1745
1746
1747
1748
1749
1750
1751
1752
1753
1754
1755
1756
1757
1758
1759
1760
1761
1762
1763
1764
1765
1766
1767
1768
1769
1770
1771
1772
1773
1774
1775
1776
1777
1778
1779
1780
1781
1782
1783
1784
1785
1786
1787
1788
1789
1790
1791
1792
1793
1794
1795
1796
1797
1798
1799
1800
1801
1802
1803
1804
1805
1806
1807
1808
1809
1810
1811
1812
1813
1814
1815
1816
1817
1818
1819
1820
1821
1822
1823
1824
1825
1826
1827
1828
1829
1830
1831
1832
1833
1834
1835
1836
1837
1838
1839
1840
1841
1842
1843
1844
1845
1846
1847
1848
1849
1850
1851
1852
1853
1854
1855
1856
1857
1858
1859
1860
1861
1862
1863
1864
1865
1866
1867
1868
1869
1870
1871
1872
1873
1874
1875
1876
1877
1878
1879
1880
1881
1882
1883
1884
1885
1886
1887
1888
1889
1890
1891
1892
1893
1894
1895
1896
1897
1898
1899
1900
1901
1902
1903
1904
1905
1906
1907
1908
1909
1910
1911
1912
1913
1914
1915
1916
1917
1918
1919
1920
1921
1922
1923
1924
1925
1926
1927
1928
1929
1930
1931
1932
1933
1934
1935
1936
1937
1938
1939
1940
1941
1942
1943
1944
1945
1946
1947
1948
1949
1950
1951
1952
1953
1954
1955
1956
1957
1958
1959
1960
1961
1962
1963
1964
1965
1966
1967
1968
1969
1970
1971
1972
1973
1974
1975
1976
1977
1978
1979
1980
1981
1982
1983
1984
1985
1986
1987
1988
1989
1990
1991
1992
1993
1994
1995
1996
1997
1998
1999
2000
2001
2002
2003
2004
2005
2006
2007
2008
2009
2010
2011
2012
2013
2014
2015
2016
2017
2018
2019
2020
2021
2022
2023
2024
2025
2026
2027
2028
2029
2030
2031
2032
2033
2034
2035
2036
2037
2038
2039
2040
2041
2042
2043
2044
2045
2046
2047
2048
2049
2050
2051
2052
2053
2054
2055
2056
2057
2058
2059
2060
2061
2062
2063
2064
2065
2066
2067
2068
2069
2070
2071
2072
2073
2074
2075
2076
2077
2078
2079
2080
2081
2082
2083
2084
2085
2086
2087
2088
2089
2090
2091
2092
2093
2094
2095
2096
2097
2098
2099
2100
2101
2102
2103
2104
2105
2106
2107
2108
2109
2110
2111
2112
2113
2114
2115
2116
2117
2118
2119
2120
2121
2122
2123
2124
2125
2126
2127
2128
2129
2130
2131
2132
2133
2134
2135
2136
2137
2138
2139
2140
2141
2142
2143
2144
2145
2146
2147
2148
2149
2150
2151
2152
2153
2154
2155
2156
2157
2158
2159
2160
2161
2162
2163
2164
2165
2166
2167
2168
2169
2170
2171
2172
2173
2174
2175
2176
2177
2178
2179
2180
2181
2182
2183
2184
2185
2186
2187
2188
2189
2190
2191
2192
2193
2194
2195
2196
2197
2198
2199
2200
2201
2202
2203
2204
2205
2206
2207
2208
2209
2210
2211
2212
2213
2214
2215
2216
2217
2218
2219
2220
2221
2222
2223
2224
2225
2226
2227
2228
2229
2230
2231
2232
2233
2234
2235
2236
2237
2238
2239
2240
2241
2242
2243
2244
2245
2246
2247
2248
2249
2250
2251
2252
2253
2254
2255
2256
2257
2258
2259
2260
2261
2262
2263
2264
2265
2266
2267
2268
2269
2270
2271
2272
2273
2274
2275
2276
2277
2278
2279
2280
2281
2282
2283
2284
2285
2286
2287
2288
2289
2290
2291
2292
2293
2294
2295
2296
2297
2298
2299
2300
2301
2302
2303
2304
2305
2306
2307
2308
2309
2310
2311
2312
2313
2314
2315
2316
2317
2318
2319
2320
2321
2322
2323
2324
2325
2326
2327
2328
2329
2330
2331
2332
2333
2334
2335
2336
2337
2338
2339
2340
2341
2342
2343
2344
2345
2346
2347
2348
2349
2350
2351
2352
2353
2354
2355
2356
2357
2358
2359
2360
2361
2362
2363
2364
2365
2366
2367
2368
2369
2370
2371
2372
2373
2374
2375
2376
2377
2378
2379
2380
2381
2382
2383
2384
2385
2386
2387
2388
2389
2390
2391
2392
2393
2394
2395
2396
2397
2398
2399
2400
2401
2402
2403
2404
2405
2406
2407
2408
2409
2410
2411
2412
2413
2414
2415
2416
2417
2418
2419
2420
2421
2422
2423
2424
2425
2426
2427
2428
2429
2430
2431
2432
2433
2434
2435
2436
2437
2438
2439
2440
2441
2442
2443
2444
2445
2446
2447
2448
2449
2450
2451
2452
2453
2454
2455
2456
2457
2458
2459
2460
2461
2462
2463
2464
2465
2466
2467
2468
2469
2470
2471
2472
2473
2474
2475
2476
2477
2478
2479
2480
2481
2482
2483
2484
2485
2486
2487
2488
2489
2490
2491
2492
2493
2494
2495
2496
2497
2498
2499
2500
2501
2502
2503
2504
2505
2506
2507
2508
2509
2510
2511
2512
2513
2514
2515
2516
2517
2518
2519
2520
2521
2522
2523
2524
2525
2526
2527
2528
2529
2530
2531
2532
2533
2534
2535
2536
2537
2538
2539
2540
2541
2542
2543
2544
2545
2546
2547
2548
2549
2550
2551
2552
2553
2554
2555
2556
2557
2558
2559
2560
2561
2562
2563
2564
2565
2566
2567
2568
2569
2570
2571
2572
2573
2574
2575
2576
2577
2578
2579
2580
2581
2582
2583
2584
2585
2586
2587
2588
2589
2590
2591
2592
2593
2594
2595
2596
2597
2598
2599
2600
2601
2602
2603
2604
2605
2606
2607
2608
2609
2610
2611
2612
2613
2614
2615
2616
2617
2618
2619
2620
2621
2622
2623
2624
2625
2626
2627
2628
2629
2630
2631
2632
2633
2634
2635
2636
2637
2638
2639
2640
2641
2642
2643
2644
2645
2646
2647
2648
2649
2650
2651
2652
2653
2654
2655
2656
2657
2658
2659
2660
2661
2662
2663
2664
2665
2666
2667
2668
2669
2670
2671
2672
2673
2674
2675
2676
2677
2678
2679
2680
2681
2682
2683
2684
2685
2686
2687
2688
2689
2690
2691
2692
2693
2694
2695
2696
2697
2698
2699
2700
2701
2702
2703
2704
2705
2706
2707
2708
2709
2710
2711
2712
2713
2714
2715
2716
2717
2718
2719
2720
2721
2722
2723
2724
2725
2726
2727
2728
2729
2730
2731
2732
2733
2734
2735
2736
2737
2738
2739
2740
2741
2742
2743
2744
2745
2746
2747
2748
2749
2750
2751
2752
2753
2754
2755
2756
2757
2758
2759
2760
2761
2762
2763
2764
2765
2766
2767
2768
2769
2770
2771
2772
2773
2774
2775
2776
2777
2778
2779
2780
2781
2782
2783
2784
2785
2786
2787
2788
2789
2790
2791
2792
2793
2794
2795
2796
2797
2798
2799
2800
2801
2802
2803
2804
2805
2806
2807
2808
2809
2810
2811
2812
2813
2814
2815
2816
2817
2818
2819
2820
2821
2822
2823
2824
2825
2826
2827
2828
2829
2830
2831
2832
2833
2834
2835
2836
2837
2838
2839
2840
2841
2842
2843
2844
2845
2846
2847
2848
2849
2850
2851
2852
2853
2854
2855
2856
2857
2858
2859
2860
2861
2862
2863
2864
2865
2866
2867
2868
2869
2870
2871
2872
2873
2874
2875
2876
2877
2878
2879
2880
2881
2882
2883
2884
2885
2886
2887
2888
2889
2890
2891
2892
2893
2894
2895
2896
2897
2898
2899
2900
2901
2902
2903
2904
2905
2906
2907
2908
2909
2910
2911
2912
2913
2914
2915
2916
2917
2918
2919
2920
2921
2922
2923
2924
2925
2926
2927
2928
2929
2930
2931
2932
2933
2934
2935
2936
2937
2938
2939
2940
2941
2942
2943
2944
2945
2946
2947
2948
2949
2950
2951
2952
2953
2954
2955
2956
2957
2958
2959
2960
2961
2962
2963
2964
2965
2966
2967
2968
2969
2970
2971
2972
2973
2974
2975
2976
2977
2978
2979
2980
2981
2982
2983
2984
2985
2986
2987
2988
2989
2990
2991
2992
2993
2994
2995
2996
2997
2998
2999
3000
3001
3002
3003
3004
3005
3006
3007
3008
3009
3010
3011
3012
3013
3014
3015
3016
3017
3018
3019
3020
3021
3022
3023
3024
3025
3026
3027
3028
3029
3030
3031
3032
3033
3034
3035
3036
3037
3038
3039
3040
3041
3042
3043
3044
3045
3046
3047
3048
3049
3050
3051
3052
3053
3054
3055
3056
3057
3058
3059
3060
3061
3062
3063
3064
3065
3066
3067
3068
3069
3070
3071
3072
3073
3074
3075
3076
3077
3078
3079
3080
3081
3082
3083
3084
3085
3086
3087
3088
3089
3090
3091
3092
3093
3094
3095
3096
3097
3098
3099
3100
3101
3102
3103
3104
3105
3106
3107
3108
3109
3110
3111
3112
3113
3114
3115
3116
3117
3118
3119
3120
3121
3122
3123
3124
3125
3126
3127
3128
3129
3130
3131
3132
3133
3134
3135
3136
3137
3138
3139
3140
3141
3142
3143
3144
3145
3146
3147
3148
3149
3150
3151
3152
3153
3154
3155
3156
3157
3158
3159
3160
3161
3162
3163
3164
3165
3166
3167
3168
3169
3170
3171
3172
3173
3174
3175
3176
3177
3178
3179
3180
3181
3182
3183
3184
3185
3186
3187
3188
3189
3190
3191
3192
3193
3194
3195
3196
3197
3198
3199
3200
3201
3202
3203
3204
3205
3206
3207
3208
3209
3210
3211
3212
3213
3214
3215
3216
3217
3218
3219
3220
3221
3222
3223
3224
3225
3226
3227
3228
3229
3230
3231
3232
3233
3234
3235
3236
3237
3238
3239
3240
3241
3242
3243
3244
3245
3246
3247
3248
3249
3250
3251
3252
3253
3254
3255
3256
3257
3258
3259
3260
3261
3262
3263
3264
3265
3266
3267
3268
3269
3270
3271
3272
3273
3274
3275
3276
3277
3278
3279
3280
3281
3282
3283
3284
3285
3286
3287
3288
3289
3290
3291
3292
3293
3294
3295
3296
3297
3298
3299
3300
3301
3302
3303
3304
3305
3306
3307
3308
3309
3310
3311
3312
3313
3314
3315
3316
3317
3318
3319
3320
3321
3322
3323
3324
3325
3326
3327
3328
3329
3330
3331
3332
3333
3334
3335
3336
3337
3338
3339
3340
3341
3342
3343
3344
3345
3346
3347
3348
3349
3350
3351
3352
3353
3354
3355
3356
3357
3358
3359
3360
3361
3362
3363
3364
3365
3366
3367
3368
3369
3370
3371
3372
3373
3374
3375
3376
3377
3378
3379
3380
3381
3382
3383
3384
3385
3386
3387
3388
3389
3390
3391
3392
3393
3394
3395
3396
3397
3398
3399
3400
3401
3402
3403
3404
3405
3406
3407
3408
3409
3410
3411
3412
3413
3414
3415
3416
3417
3418
3419
3420
3421
3422
3423
3424
3425
3426
3427
3428
3429
3430
3431
3432
3433
3434
3435
3436
3437
3438
3439
3440
3441
3442
3443
3444
3445
3446
3447
3448
3449
3450
3451
3452
3453
3454
3455
3456
3457
3458
3459
3460
3461
3462
3463
3464
3465
3466
3467
3468
3469
3470
3471
3472
3473
3474
3475
3476
3477
3478
3479
3480
3481
3482
3483
3484
3485
3486
3487
3488
3489
3490
3491
3492
3493
3494
3495
3496
3497
3498
3499
3500
3501
3502
3503
3504
3505
3506
3507
3508
3509
3510
3511
3512
3513
3514
3515
3516
3517
3518
3519
3520
3521
3522
3523
3524
3525
3526
3527
3528
3529
3530
3531
3532
3533
3534
3535
3536
3537
3538
3539
3540
3541
3542
3543
3544
3545
3546
3547
3548
3549
3550
3551
3552
3553
3554
3555
3556
3557
3558
3559
3560
3561
3562
3563
3564
3565
3566
3567
3568
3569
3570
3571
3572
3573
3574
3575
3576
3577
3578
3579
3580
3581
3582
3583
3584
3585
3586
3587
3588
3589
3590
3591
3592
3593
3594
3595
3596
3597
3598
3599
3600
3601
3602
3603
3604
3605
3606
3607
3608
3609
3610
3611
3612
3613
3614
3615
3616
3617
3618
3619
3620
3621
3622
3623
3624
3625
3626
3627
3628
3629
3630
3631
3632
3633
3634
3635
3636
3637
3638
3639
3640
3641
3642
3643
3644
3645
3646
-0.0689825551 0.1769230769 0.2990660381
-0.0737936409 0.1463803234 0.2904785033
-0.0729560144 0.1482303948 0.2892307184
-0.0665183731 0.1769917906 0.2901994385
-0.0699122972 0.1554885301 0.2843354514
-0.06920555370000001 0.1572289579 0.2831616156
-0.06376265289999999 0.1770767621 0.2782420532
-0.0651884006 0.1680310991 0.2758760826
-0.0648540111 0.1689978685 0.2752240423
-0.0623318393 0.1771300144 0.2697392922
-0.2173095559 0.1771373879 -0.2599388079
-0.2194282341 0.1712870741 -0.2633049606
-0.2208387604 0.1771076785 -0.2644945352
-0.2196532668 0.1705007386 -0.263773731
-0.2251134374 0.1590123647 -0.2700286469
-0.2295920708 0.1770238182 -0.2732382709
-0.2257891338 0.1572801847 -0.2710120808
-0.2315114816 0.1518568762 -0.2731052241
-0.2380081285 0.1769230769 -0.2765984318
-0.2326563806 0.150590324 -0.2736463971
-0.2343282892 0.1508116681 -0.2730401191
-0.2378100409 0.1514709303 -0.2716438081
-0.2417411888 0.152217105 -0.270067633
-0.2469333182 0.1767863286 -0.2726572702
-0.2435761587 0.1532957095 -0.26883954
-0.2519530225 0.1587351762 -0.2628855932
-0.2564822685 0.1766223936 -0.2640174481
-0.2526629531 0.1591154679 -0.26235751
-0.2539339885 0.160604628 -0.2608670958
-0.2643566538 0.1764560277 -0.2490641703
-0.263598952 0.1730293359 -0.2487916018
-0.2638232556 0.1734969656 -0.2483904861
-0.2650750027 0.1764338072 -0.2459314321
-0.1095435002 0.1764880073 0.2701721295
-0.1032563271 0.1698054338 0.2746792383
-0.1017595661 0.1765651544 0.2773107982
-0.1026351502 0.1690147411 0.2752125262
-0.0919786197 0.1598045615 0.2814244021
-0.0882249568 0.1767082946 0.2874636705
-0.0906629317 0.158440321 0.2823445238
-0.0826858083 0.1526245836 0.2862669956
-0.0773998421 0.1768276799 0.2943533758
-0.0811576482 0.1512808597 0.2871732804
-0.08003520240000001 0.150564308 0.287656565
-0.0752532201 0.1475115781 0.2897155162
-0.0458105266 0.3038461538 0.3475472339
-0.0435143201 0.3038255602 0.3374459016
-0.0410495883 0.303800099 0.3238426383
-0.0600596012 0.1835901675 0.2653822241
-0.0597901834 0.1844927992 0.2647734414
-0.0388623737 0.3037701213 0.3056981005
-0.055394935 0.201238834 0.2534790244
-0.054448593 0.2057567998 0.2504318667
-0.0379000646 0.3037377406 0.2819286777
-0.0517530307 0.2229830331 0.2388135692
-0.0396086976 0.3037071216 0.2516531353
-0.0507743204 0.2324371812 0.2324371812
-0.050716758 0.2334292207 0.2309663048
-0.0506516863 0.2424870887 0.2175363886
-0.044395933 0.3036790087 0.2142834733
-0.05154294 0.2535202366 0.201177758
-0.0515844327 0.254872522 0.1991727515
-0.0517791373 0.261218122 0.1897642581
-0.0507574851 0.3036473931 0.1693874316
-0.0538388815 0.278689122 0.1638603463
-0.0539120049 0.283113166 0.1573009057
-0.0559534464 0.3029259817 0.1279248316
-0.0563191671 0.3036128773 0.1245261215
-0.1647173364 0.303671655 -0.1499023007
-0.1497219998 0.3036487037 -0.124146992
-0.1518437454 0.3027180751 -0.1278360952
-0.1614286852 0.2902194662 -0.1449002372
-0.1635541205 0.287154359 -0.1491194949
-0.1771064108 0.2671459893 -0.1767112989
-0.1857816944 0.3036989432 -0.1900819709
-0.1814311163 0.2600260357 -0.1866061406
-0.1896355979 0.2473310592 -0.2041731218
-0.2028902162 0.3037199524 -0.2236445246
-0.194821446 0.2383604682 -0.2166801723
-0.2002069878 0.2308260494 -0.2270269603
-0.2178195842 0.3037418688 -0.2499981762
-0.20105177 0.2295203509 -0.2288336085
-0.201227855 0.2292150474 -0.2292150474
-0.2013975451 0.2285121698 -0.2296426037
-0.2049351 0.2138615554 -0.2385555841
-0.2071512468 0.2072857091 -0.2423843726
-0.2311361776 0.3037660908 -0.269666425
-0.2127583586 0.1887981673 -0.2533191623
-0.2134246138 0.1872081547 -0.2542093033
-0.2427730765 0.3037909833 -0.2837775786
-0.2528867828 0.3038159512 -0.2932976184
-0.2623924314 0.3038461538 -0.2967444029
-0.2721547797 0.3038874484 -0.2919029222
-0.2824078176 0.3039370809 -0.2817084697
-0.2904938916 0.3039874544 -0.264461431
-0.2688764579 0.1853529674 -0.2384633422
-0.2719803785 0.1926367707 -0.2323668262
-0.2732389933 0.1960620187 -0.2295767741
-0.2949565309 0.3040334084 -0.2400553289
-0.2788119883 0.2148092433 -0.2148092433
-0.2793683055 0.2162093993 -0.2124169089
-0.2811090963 0.2219587271 -0.2029018145
-0.2969763778 0.3040792953 -0.2084430513
-0.2846607618 0.2330716808 -0.1844039638
-0.2981246467 0.3041315089 -0.1690611749
-0.2871136915 0.2437413822 -0.1671832666
-0.2853073885 0.2358844827 -0.1798651002
-0.2895103323 0.2537110393 -0.1510318338
-0.2977362755 0.3041879634 -0.1216201697
-0.292367303 0.272182087 -0.1220065776
-0.2926051034 0.275859625 -0.1164156544
-0.2924505868 0.2768701109 -0.1116627803
-0.290692985 0.2820668658 -0.08875907500000001
-0.2916624996 0.3042324268 -0.0670492649
-0.2891074914 0.2867546846 -0.0680982306
-0.2878331339 0.2884790958 -0.0616031315
-0.2751442925 0.304243666 -0.0085920956
-0.2750368562 0.3033065947 -0.0086940079
-0.2749161738 0.3034164174 -0.008343541899999999
-0.273931288 0.3042426281 -0.0058300091
-0.2493955028 0.3042216348 0.0500394982
-0.2519530225 0.3036258462 0.0440200104
-0.2493075202 0.3030561427 0.0498581286
-0.2566329334 0.3042278273 0.033559419
-0.2343054895 0.3005445685 0.0794067091
-0.2209796932 0.3041885583 0.1074643611
-0.221814803 0.2984532838 0.1040088029
-0.2207719923 0.2982372503 0.106267794
-0.211460615 0.296556829 0.1252086909
-0.1946591032 0.3041600136 0.1622974794
-0.2059439112 0.2912877453 0.1352606083
-0.20105177 0.2866125246 0.1441737883
-0.1981810455 0.2834580743 0.1492915451
-0.1947292143 0.2791696931 0.1561798607
-0.1786572117 0.2615240889 0.1848100318
-0.1705167841 0.3041326745 0.2116340175
-0.1784987042 0.2613272937 0.1851261544
-0.1723869657 0.2537374962 0.1973148638
-0.1605465221 0.2426410227 0.215579694
-0.146971117 0.304097481 0.2527857452
-0.15182664 0.2335070092 0.2304571871
-0.1502589861 0.232375218 0.232375218
-0.1496861895 0.2315565482 0.2329864342
-0.149257146 0.2309434758 0.2334442859
-0.144093822 0.2229693769 0.2388224669
-0.1238876421 0.3040526766 0.2847044613
-0.133560409 0.2049529195 0.2509737763
-0.1298830983 0.2005815824 0.2539220542
-0.102351991 0.3040029363 0.307971511
-0.117077484 0.1839840743 0.265116353
-0.1161809979 0.1831512698 0.2656780442
-0.0834788886 0.3039542716 0.3241940788
-0.1140774599 0.1810395664 0.2671022977
-0.0678677536 0.3039110283 0.3351572139
-0.0554414955 0.3038749667 0.342536699
-0.0195953431 0.4307692308 0.4093121827
-0.0173273796 0.4306361031 0.3976818784
-0.0150324162 0.4304726244 0.3820482663
-0.0133095341 0.4302824122 0.3612448534
-0.0133171161 0.4300804202 0.3340855616
-0.0167392347 0.4298943249 0.2996441519
-0.0242295161 0.4297330387 0.2573162581
-0.0344421931 0.4295656505 0.2066607387
-0.0569860565 0.304894932 0.1181826064
-0.045758932 0.4293611599 0.1479755582
-0.0570910334 0.3050103786 0.1176113839
-0.0597349497 0.3087975111 0.0988729094
-0.0641124221 0.3150677805 0.06784804179999999
-0.059743886 0.429166414 0.083239966
-0.0653329297 0.3162196066 0.0621488756
-0.0785766365 0.3256686505 0.01539551
-0.0812227284 0.4291122555 0.0167239106
-0.08227769059999999 0.3279425874 0.0041442018
-0.08003520240000001 0.3265647953 0.0109614287
-0.08233216760000001 0.3279760582 0.0039785903
-0.0842796041 0.3287801477 0
-0.08801797309999999 0.327170848 -0.0079626404
-0.111442616 0.429263624 -0.0462863453
-0.109023064 0.3179659165 -0.0535076468
-0.1124614377 0.3167382628 -0.0595819378
-0.144623341 0.4295176866 -0.1036637226
-0.1384863996 0.3076653926 -0.1044734595
-0.139346383 0.307354542 -0.1060115131
-0.1742920696 0.4297395037 -0.1556855738
-0.149257146 0.3038541315 -0.1233311446
-0.1981348495 0.4298871224 -0.2016075866
-0.2175390506 0.4300000607 -0.2399480401
-0.2344044526 0.4301218948 -0.2700925835
-0.2494474402 0.4302630363 -0.2926176998
-0.2626781728 0.4304145227 -0.3087549071
-0.2742896834 0.4305724468 -0.3195616264
-0.2852297864 0.4307692308 -0.3232964338
-0.296081326 0.4310369079 -0.317263027
-0.3069938945 0.4313524934 -0.3049613548
-0.3153547085 0.4316733043 -0.2849197466
-0.319544964 0.431967553 -0.2569441979
-0.3202649753 0.4322508502 -0.220868721
-0.3188840928 0.4325557846 -0.1760916999
-0.3150303317 0.4328769808 -0.1223092424
-0.3049488998 0.4331292713 -0.060607755
-0.284160287 0.4331944139 0.0054809307
-0.2715988793 0.3061744961 -0
-0.261670293 0.3048830887 0.0222637269
-0.2541499248 0.4330737019 0.0720322622
-0.2216039855 0.4328919675 0.1373756738
-0.1910180849 0.4327272141 0.1995929784
-0.162398958 0.4325543914 0.2553023412
-0.1347565856 0.4323327762 0.3017633972
-0.1084555137 0.432063441 0.3381149028
-0.0843737227 0.4317686829 0.3649304479
-0.06312417200000001 0.4314718123 0.3836513903
-0.0452568326 0.4311967742 0.3959779374
-0.0308522217 0.4309608776 0.4040132447
0.0093785091 0.5576923077 0.4866001958
0.011545617 0.5574074336 0.473210707
0.0135212591 0.5570620835 0.4552346182
0.0144816058 0.5566693833 0.4313507494
0.0130002241 0.5562666119 0.4002518437
0.0071341296 0.5559166499 0.3609725309
-0.0042162609 0.5556547131 0.3129416437
-0.0202636492 0.5554446996 0.2558348133
-0.0393045773 0.555223515 0.1899617314
-0.061302716 0.5550173446 0.1171834915
-0.08864994449999999 0.5549819466 0.0415896434
-0.1218338199 0.5552141424 -0.0316025632
-0.1565051488 0.5555859997 -0.0993684157
-0.1874263898 0.5559032612 -0.1607731403
-0.2125010619 0.5561002627 -0.2146278849
-0.2329328824 0.5562456486 -0.2595307127
-0.2506469386 0.5564231942 -0.2949915093
-0.266569891 0.5566602158 -0.3216507546
-0.2808417202 0.5569432397 -0.3407908183
-0.293684604 0.5572644655 -0.3535319364
-0.3060614081 0.5576923077 -0.3578428573
-0.3178927212 0.5582741528 -0.3503187217
-0.3289835808 0.5589378929 -0.3352953579
-0.337305144 0.5596150739 -0.3119529966
-0.3411061365 0.5602426733 -0.2798490381
-0.3398465215 0.5608046278 -0.2386200194
-0.3342296843 0.5613366735 -0.1877415982
-0.324624072 0.561858295 -0.126887458
-0.3087254779 0.5622616695 -0.0571526839
-0.2832759088 0.5623661589 0.0180156358
-0.2500578477 0.5621850833000001 0.094743118
-0.2150125668 0.5619185044 0.1706021686
-0.181263635 0.5616436212 0.2424313104
-0.1484803061 0.561287427 0.3061976891
-0.1170880012 0.5608317072 0.3595355616
-0.08852523449999999 0.5603295612 0.4021712528
-0.06308614229999999 0.5597988377999999 0.4345197061
-0.0401822068 0.5592275370999999 0.457347842
-0.0202326256 0.558650427 0.4718755911
-0.0037295253 0.5581287299 0.4809099109
0.0389785051 0.6846153846 0.5776407299
0.0410619641 0.6842316145 0.5623215972
0.0427225298 0.6837725569000001 0.5417521701
0.042890657 0.6832633071999999 0.5144146868
0.0398578405 0.6827613564 0.478834413
0.0314088334 0.6823577983 0.4340024522
0.0158680434 0.6821261673 0.3794084688
-0.0067407404 0.6820626869 0.3149105752
-0.0346182567 0.6820843434 0.2408356566
-0.0656308993 0.6821156452 0.1588236761
-0.0989833827 0.6821851839 0.0725818911
-0.1342596803 0.6823641262 -0.0128828136
-0.1691463195 0.6826154093 -0.09334774630000001
-0.2001647003 0.6828146466 -0.1662104222
-0.2255567472 0.6829074825 -0.2296911996
-0.2462451712 0.6829622806 -0.2825501464
-0.2641263011 0.6830780397 -0.3245038323
-0.2803810568 0.6833000119 -0.3562706576
-0.2953274192 0.6836197344 -0.3791708707
-0.3092114599 0.684027724 -0.3943862745
-0.3230093147 0.6846153846 -0.3995638064
-0.3358303973 0.6854168665 -0.390435584
-0.3469895002 0.6863004492 -0.3723402569
-0.3552960199 0.6872065673 -0.3453144092
-0.3588750622 0.6880569248 -0.3085695214
-0.3555754694 0.6887563537 -0.2614920603
-0.3452111232 0.6893029029 -0.2036860521
-0.329106188 0.6897684703 -0.1348024645
-0.3069106599 0.690116889 -0.0558701921
-0.2770040134 0.6902094312 0.0299146399
-0.2414347484 0.6900786118 0.1187964476
-0.2049504524 0.6898954671 0.2072928625
-0.1687655027 0.6896325053 0.2906253132
-0.13211099 0.6891641254999999 0.3640150631
-0.097252964 0.6885693423 0.4256568784
-0.0669986351 0.687996044 0.4760432801
-0.0408641286 0.6874236479 0.5153572467
-0.0167054191 0.6867435211 0.5434582487
0.005229666 0.6859780317 0.5608979576999999
0.0238962588 0.6852458498 0.5713319068
0.06335371300000001 0.8115384615 0.654546286
0.0633842401 0.8111763176 0.6379534687
0.0623820183 0.8107531562 0.6157177719
0.0591648993 0.8103049911 0.5862547077
0.0520824296 0.8098955453 0.5479714457
0.0391480937 0.8096172812 0.4996781988
0.0189273283 0.8095386442 0.4405948258
-0.0084143585 0.8096416986 0.370351353
-0.0409483406 0.8098178021 0.2892341883
-0.076222765 0.8099607572 0.199076269
-0.112830429 0.8100730350000001 0.1038512694
-0.1499121895 0.8102177442 0.0088224038
-0.1853809818 0.8103747061 -0.08121648300000001
-0.2163616205 0.810446056 -0.1628884358
-0.2414966867 0.8103993531 -0.2339655645
-0.2616821086 0.8103152981 -0.293189014
-0.2786731177 0.8103010421 -0.3404386332
-0.2937007727 0.8104106487 -0.3766010411
-0.3072681188 0.8106420707000001 -0.4031499799
-0.3197309635 0.8109861758 -0.421481446
-0.3321369117 0.8115384615 -0.4300697127
-0.345267451 0.8125533034 -0.4193607767
-0.356314067 0.8136554424 -0.3989154203
-0.3648362635 0.8148112445 -0.3690771234
-0.3686078314 0.8159136187 -0.3286704117
-0.3644964486 0.8167932792 -0.2768968718
-0.3518498153 0.8174179599 -0.2134524024
-0.3326667513 0.8179162818 -0.1378993149
-0.3074107515 0.8182952469 -0.0511886714
-0.2744475909 0.8183828955 0.0432459082
-0.2354959696 0.8181899764 0.1411888313
-0.1955316482 0.8179277579999999 0.238720285
-0.1560290838 0.8175706896 0.3306173249
-0.1161192147 0.8169530009 0.4116313578
-0.07829688 0.816180562 0.4797964667
-0.0459193158 0.815468796 0.5358235404
-0.0187227099 0.8148109051 0.5801211855
0.0058401335 0.8140523706 0.6125598215
0.028254899 0.8131713597 0.6334682991
0.0476071545 0.8122996747 0.6464083003
0.08328818139999999 0.9384615385 0.7154832621
0.0806562503 0.9383074561 0.6979586612000001
0.0762591692 0.9381385108 0.6745572352
0.0688386605 0.9379836136 0.643713883
0.0569012429 0.9378804492 0.6037927751
0.0388604072 0.9378743243 0.5534041461
0.0138054278 0.9379860007 0.4914008684
-0.0176971667 0.9381809967 0.4170623368
-0.0536257857 0.9383783127999999 0.3306115762
-0.09170136669999999 0.9385144683 0.2341477102
-0.1304992469 0.9385949555 0.1319826808
-0.168781896 0.9386512715999999 0.0296380346
-0.2043121509 0.938667511 -0.0677417473
-0.2346513918 0.9386007566 -0.1562496163
-0.2589212129 0.9384537663 -0.2332686309
-0.278034373 0.9382841057 -0.2975032358
-0.2935429028 0.9381558911 -0.3489940706
-0.3066574172 0.938103498 -0.3888136154
-0.3180651183 0.9381309203 -0.418602594
-0.3282483102 0.9382335808 -0.4400026992
-0.3383014799 0.9384615385 -0.4527214255
-0.3515257485 0.9391984787 -0.4404183946
-0.3623387831 0.939987231 -0.4179933643
-0.3711222968 0.9408360633 -0.3859532703
-0.3752392334 0.9416587861 -0.3427161858
-0.3706868502 0.9423028237 -0.2873268105
-0.3564260476 0.9427278974 -0.2195828069
-0.335115386 0.9430531611 -0.1389338381
-0.3078298441 0.943310828 -0.0462171772
-0.2725135754 0.9433587407 0.054821137
-0.2303207786 0.9431734016 0.1594207345
-0.1867591139 0.9429224413 0.2634553898
-0.1441268761 0.9426221172 0.3616384748
-0.1015279789 0.9421509930999999 0.4483868396
-0.0612336894 0.9415696972000001 0.521432927
-0.0269296402 0.9410442349 0.5815905504
0.0011382942 0.9405963611 0.6296239595999999
0.0256013586 0.9401179586 0.6656422316
0.0478666744 0.9395532079 0.6898340449
0.0673465505 0.9389740481 0.7053480338
0.09594411680000001 1.0653846154 0.7577824044
0.0907134191 1.065358928 0.7395268961
0.0829800666 1.06534061 0.7152933792
0.0713772924 1.0653466493 0.6836352681
0.0545848231 1.0653920474 0.6429529586
0.031533289 1.0654867622 0.5916376008999999
0.0019922295 1.0656243619 0.5281352915
-0.0330283252 1.0657768901 0.45135636
-0.0715097095 1.0659052208 0.3614746198
-0.1114345111 1.0659856282 0.2608182507
-0.1513452357 1.0660212936 0.1539196719
-0.1896481507 1.0660206941 0.0464369464
-0.2241017629 1.0659776195 -0.0562132987
-0.2528018781 1.0658850985 -0.1496695055
-0.2753608922 1.0657563712 -0.2309875294
-0.2927489301 1.0656201727 -0.2988537955
-0.3063575277 1.065502806 -0.3534774422
-0.3173391629 1.0654182348 -0.3961341445
-0.3264647808 1.0653690535 -0.4286247188
-0.3342781983 1.0653528156 -0.4528196287
-0.3419396835 1.0653846154 -0.4698533516
-0.3554840292 1.0657529408 -0.4561719545
-0.3662543622 1.0661393815 -0.4321732877
-0.3756033997 1.0665658842 -0.3985680366
-0.3804487001 1.0669850959 -0.3533570786
-0.3758256751 1.0673055872 -0.2954505953
-0.3602837801 1.0674988033 -0.2247921394
-0.3372723747 1.0676384076 -0.1407129269
-0.3085911652 1.0677555488 -0.0438858799
-0.2716880607 1.0677706114 0.0616761423
-0.2270030605 1.0676549672 0.1707212673
-0.1805734114 1.0674992633 0.2790406469
-0.1355944337 1.0673302827 0.3814374708
-0.0911039516 1.0670872612 0.4720856615
-0.0490448293 1.0667908989 0.5484399103000001
-0.013414043 1.0665277315 0.6114334792
0.0149780208 1.0663220772 0.6622067948
0.038832569 1.0661224229 0.7011052506
0.0605725327 1.0658803469 0.7281221572
0.0799520608 1.0656194986 0.7458819077
0.09669232110000001 1.1923076923 0.7751617874
0.0900232408 1.1923042588 0.7571401414
0.0806911761 1.1922960295 0.7330424138
0.0675967386 1.1922783901 0.7012222926
0.0495848802 1.1922464312 0.6599638481
0.0255168638 1.1921948046 0.6077234558
-0.0049366217 1.19212533 0.5429610447
-0.040668929 1.1920514268 0.4645191899
-0.0795006249 1.1919921045 0.3725175058
-0.1196056708 1.1919558704 0.2694431853
-0.1598606982 1.1919378302 0.1600708614
-0.1984301254 1.1919366435 0.0500922967
-0.2326565794 1.1919591871 -0.0550884004
-0.2608742296 1.1920060324 -0.1508964832
-0.2830142505 1.1920680917 -0.2342208245
-0.2996871852 1.192136137 -0.3038242941
-0.311797808 1.1922030943 -0.3599969069
-0.3206798997 1.1922608334 -0.4039383749
-0.3277816263 1.1923018324 -0.4373872901
-0.334303471 1.192320799 -0.4620792321
-0.3414030119 1.1923076923 -0.4780845122
-0.353019247 1.1921600895 -0.4636798544
-0.362102654 1.1920033143 -0.4390901987
-0.3699769922 1.1918275508 -0.4049291357
-0.3736647538 1.1916528126 -0.3591322649
-0.3684620683 1.1915170432 -0.3004810712
-0.352882007 1.1914328136 -0.2287729631
-0.3299500843 1.1913713721 -0.1433829408
-0.301243052 1.1913210891 -0.0450636981
-0.2644131341 1.1913151179 0.0622088691
-0.2199986619 1.1913650181 0.1731647105
-0.17382238 1.191432784 0.2834050516
-0.1290853358 1.1915064382 0.3876379385
-0.08502179410000001 1.1916107026 0.4800802252
-0.0434968968 1.191737134 0.5581161865000001
-0.0083494847 1.1918491993 0.6225414155
0.0195130148 1.1919351686 0.6745370696
0.042567743 1.1920153624 0.7146320693
0.06327885160000001 1.1921110959 0.7430012019
0.0816189148 1.192214533 0.7620971329
0.0838518192 1.3192307692 0.77148457
0.0767894796 1.3191593571 0.7537874482
0.0671176604 1.3190511924 0.7300346795
0.0539349984 1.318885815 0.6984979432
0.0361856731 1.3186331761 0.6574255196
0.0127069319 1.3182509259 0.6053020139
-0.0168608002 1.3177487402 0.5406118437
-0.0513749413 1.3172257908 0.4622057706
-0.0886532038 1.3168205399 0.3702256
-0.1270892552 1.3165809672 0.2672382988
-0.1658318637 1.3164564556 0.1580755034
-0.2029827428 1.3164472132 0.0483596839
-0.2357392901 1.3166186802 -0.0565848418
-0.2625948167 1.3169678183 -0.152155508
-0.2836071976 1.3174224719 -0.2352321682
-0.2991509099 1.3179330147 -0.3046489048
-0.3098912197 1.3184636765 -0.3607305628
-0.3173050776 1.3189438512 -0.4046274948
-0.3232696398 1.3192881959 -0.4380102438
-0.3294925493 1.3194195537 -0.4624173538
-0.3372556651 1.3192307692 -0.4767398486
-0.3476245071 1.3182465282 -0.4623921829
-0.3557790462 1.3171848871 -0.4379598049
-0.3629879323 1.3159783945 -0.4041070697
-0.3663453191 1.3147705909 -0.3587863435
-0.3614002572 1.313821585 -0.3007077753
-0.346681082 1.3132200018 -0.2295624269
-0.3248777018 1.312779369 -0.1447840882
-0.2973685697 1.3124281114 -0.0471794238
-0.2619609962 1.3123927241 0.0593846357
-0.219265468 1.3127466362 0.1697366484
-0.1748751973 1.3132249364 0.2794226448
-0.1318875717 1.3137423372 0.3831658715
-0.08960826970000001 1.3144673503 0.4753122566
-0.0497885645 1.3153439238 0.5532354804
-0.0160813865 1.3161210066 0.6175951977
0.0105967575 1.3167139842 0.669543377
0.0325505175 1.3172582982 0.7097093965
0.0521849716 1.3179029354 0.7384031294
0.0695693629 1.3186013735 0.7579615249
0.0566780711 1.4461538462 0.7506916222
0.0498490455 1.4460180965 0.7335090169
0.0405648652 1.445823348 0.7104419127
0.0280409758 1.445543895 0.6798069218
0.0112907136 1.445133125 0.6398964246
-0.0107705202 1.4445272708 0.5891921096
-0.0384122992 1.4437496902 0.5261915804
-0.0704760745 1.4429636603 0.4497864563
-0.1049181602 1.4423818604 0.3601832163
-0.1403963907 1.4420590471 0.2599531206
-0.1762572241 1.4419012992 0.1538069849
-0.2106659727 1.4419165552 0.047179391
-0.2409120136 1.4422163759 -0.054764009
-0.2656377468 1.4427907107 -0.1475453736
-0.2849022962 1.4435284109 -0.2281592351
-0.2989452166 1.4443656406 -0.2955133736
-0.3083742385 1.4452486942 -0.3499420911
-0.3147592839 1.4460479569 -0.3925722649
-0.3201883133 1.4465944228 -0.4249999889
-0.3267361633 1.4467101395 -0.4485239202
-0.3359290227 1.4461538462 -0.4609327109
-0.3458253245 1.4446048436 -0.4470346432
-0.353684558 1.4429350519 -0.4233865106
-0.3608230671 1.441026982 -0.3906795721
-0.3644109664 1.4391150626 -0.3469052453
-0.3602120583 1.4376094867 -0.2907573011
-0.3468085074 1.436650316 -0.2218779
-0.3266870039 1.4359522847 -0.1397574965
-0.3010982374 1.4354092872 -0.045211817
-0.2679361846 1.4353769713 0.0580560202
-0.2278088081 1.4359634733 0.1650676193
-0.1860916034 1.4367421442 0.2714730042
-0.1457625281 1.4375707845 0.3721612298
-0.106123282 1.4387138397 0.4617011994
-0.0687729618 1.4400889948 0.5375193293
-0.0371694671 1.4413049238 0.6001700589
-0.0122012254 1.442227942 0.6507463877
0.0083150893 1.4430698594 0.6899098751
0.026729702 1.4440706982 0.7180279812
0.0431460097 1.4451648515 0.737302011
0.0304886735 1.5730769231 0.7221862699
0.0240674611 1.5729888075 0.705563285
0.0153569517 1.5728635198 0.6832740049
0.00364631 1.5726858622 0.6537242134
-0.0119993291 1.5724257479 0.6152736934
-0.0325501732 1.5720482003 0.5663898238
-0.0581387644 1.5715769087 0.5055767391
-0.0875833566 1.5711193408 0.4317698683
-0.1190113861 1.5708023399 0.3452457509
-0.1513447486 1.5706460966 0.2485515
-0.1841034272 1.5705842152 0.1462280199
-0.2155489752 1.5706246938 0.0434923956
-0.2431367096 1.5708379176 -0.05467061
-0.2656468728 1.5712150831 -0.1439490131
-0.2830923459 1.5716921152 -0.2214884371
-0.2956119103 1.5722365484 -0.2862670252
-0.3038248382 1.5728118245 -0.3386198294
-0.3093958772 1.5733243119 -0.3796574812
-0.3145691086 1.5736482495 -0.4108976342
-0.3217665177 1.5736345965 -0.4333767788
-0.3328604904 1.5730769231 -0.4437743199
-0.3428993095 1.5720645219 -0.4302360471
-0.3508946603 1.5709931678 -0.4074758363
-0.3582986805 1.569772951 -0.3760904331
-0.3623717688 1.5685545984 -0.3341004717
-0.3590598613 1.5675973516 -0.2802125376
-0.3470144156 1.5669885803 -0.2140477435
-0.3285949849 1.5665504369 -0.1351403827
-0.304951951 1.5662191357 -0.0442993103
-0.2740108556 1.5662203693 0.0549327381
-0.2363585164 1.5666179229 0.1577900554
-0.1972116811 1.5671338813 0.2600921269
-0.1594500367 1.5676721286 0.3569419467
-0.1223423774 1.5683995037 0.4431460489
-0.0873527801 1.5692672016 0.5162118899
-0.057782947 1.5700301092 0.5766217643
-0.0344834922 1.5706050447 0.6254053124
-0.015341681 1.5711274694 0.6632203692999999
0.0019694065 1.5717541247 0.6904503578
0.0175656066 1.5724475327 0.7091607034
0.008093048699999999 1.7 0.6900224825
0.0020167206 1.6999246566 0.67401985
-0.0061942928 1.6998195678 0.6525798842
-0.0171724912 1.6996741317 0.624192284
-0.0317903977 1.6994647536 0.5872789647
-0.0509066747 1.6991678584 0.5403069319
-0.07453202840000001 1.6988090532 0.4817979803
-0.1014688266 1.6984772823 0.4107322837
-0.1300091234 1.6982676143 0.3274453584
-0.1593363729 1.6981837044 0.2344521188
-0.1891420087 1.6981662859 0.1361192884
-0.2177760486 1.6982243363 0.0374389577
-0.2428451403 1.6984143068 -0.0567942167
-0.263269071 1.698726621 -0.1424413845
-0.2790258228 1.6991144979 -0.216794034
-0.2901331769 1.6995600536 -0.2789037972
-0.2971924356 1.7000336937 -0.3291069763
-0.3019598244 1.7004508369 -0.3684908182
-0.306849018 1.7006942552 -0.3984942402
-0.3146302622 1.7006140274 -0.4199025946
-0.3275318294 1.7 -0.4283025393
-0.3377020309 1.6991626193 -0.415021143
-0.3457360071 1.6982994318 -0.393166136
-0.3532304475 1.6973233477 -0.3631526165
-0.3575852301 1.6963533702 -0.3230211734
-0.3549785839 1.6955928338 -0.2714921134
-0.3441492593 1.6951091806 -0.2081623478
-0.3272983061 1.6947647332 -0.1326100044
-0.3054518559 1.6945130523 -0.0456380531
-0.2765954432 1.6945332026 0.0493787809
-0.2413110421 1.6948714238 0.1478963107
-0.204628509 1.6953013552 0.2459063163
-0.1693193183 1.6957421223 0.3387299948
-0.1346537874 1.6963246194 0.4214249075
-0.1019747216 1.697012024 0.4915908436
-0.074409897 1.697612015 0.5496397528
-0.0527636042 1.6980598909 0.5965365540000001
-0.0350059751 1.6984641133 0.6329350609
-0.0188468778 1.698953012 0.6592370283
-0.0041456085 1.6995007494 0.6773668411
-0.0103216866 1.8269230769 0.6635608112
-0.0161388524 1.8268599584 0.6480965626
-0.0239761792 1.8267733231 0.6273792168
-0.0344110642 1.8266558378 0.5999522556
-0.0482548776 1.8264902005 0.5642825757
-0.0662815945 1.8262605784 0.5188583999
-0.0884137359 1.825990477 0.4622219907
-0.113431521 1.8257507676 0.3933851704
-0.1397479441 1.8256110604 0.3127210785
-0.1667700784 1.8255653347 0.2227201649
-0.1943336182 1.8255636785 0.1276138324
-0.2208051964 1.8256176235 0.032198659
-0.2438702584 1.8257730248 -0.058894956
-0.2626105767 1.8260183625 -0.1416490075
-0.2770266422 1.8263181205 -0.2134581276
-0.2869925663 1.8266661963 -0.2734394536
-0.2930139225 1.8270434351 -0.3219336277
-0.2969090706 1.8273786125 -0.3599945933
-0.3012649354 1.8275687634 -0.3890015812
-0.3091349154 1.8274786182 -0.4095741607
-0.3229556506 1.8269230769 -0.4165432965
-0.332891172 1.8262785088 -0.4035545749
-0.3406973661 1.8256235923 -0.3824496708
-0.3480231091 1.8248851261 -0.3535519084
-0.3524149043 1.8241524182 -0.314940449
-0.3502948163 1.8235765197 -0.2653419891
-0.3404646624 1.8232078667 -0.2043192504
-0.3249248779 1.8229471064 -0.1314904548
-0.3045821277 1.8227624657 -0.047655691
-0.277530961 1.8227874826 0.0439657355
-0.2443442514 1.8230546175 0.1390118767
-0.2098097695 1.8233916851 0.2335809391
-0.1765993886 1.8237343362 0.3231655631
-0.1440399081 1.8241785003 0.4030498588
-0.1133540009 1.8246984079 0.4709012779
-0.0874720316 1.825151683 0.5270469616
-0.06718112179999999 1.8254887454 0.5724069129
-0.0506027135 1.8257886764 0.6076663958
-0.0355355718 1.8261487494 0.6332899945
-0.0217842294 1.8265536737 0.6510754155
-0.0270547348 1.9538461538 0.6393324273
-0.0321538585 1.953800988 0.6242509833
-0.0391772831 1.9537300245 0.6040896941
-0.0488270917 1.9536168684 0.57748303
-0.0619010542 1.9534417031 0.5429624323
-0.0790410809 1.9531929211 0.4990432016
-0.100018394 1.9529031779 0.4442616615
-0.1235693089 1.9526510723 0.377645034
-0.1482576333 1.9525042528 0.2996026502
-0.1736699508 1.952448831 0.2125836069
-0.1996278343 1.9524357657 0.1206532178
-0.22442788 1.9524865233 0.0284040824
-0.2458886076 1.9526484742 -0.0596716705
-0.2633102254 1.9529013096 -0.1396519992
-0.276742315 1.9532064821 -0.2090205408
-0.285945825 1.9535644101 -0.2669513922
-0.2913122975 1.9539599438 -0.3137861651
-0.2946153123 1.954316904 -0.3505448555
-0.298431226 1.9545227389 -0.3785770197
-0.3058127715 1.9544297775 -0.3984818416
-0.319095563 1.9538461538 -0.4052049857
-0.3288629686 1.9531700748 -0.3928937342
-0.3365611337 1.952485993 -0.3726223281
-0.343785778 1.9517181324 -0.3448026773
-0.3482552491 1.9509569719 -0.3075969097
-0.3466011664 1.9503569535 -0.2597501833
-0.3376514314 1.9499717127 -0.2008184001
-0.3232484005 1.9497021006 -0.1304622536
-0.3042779167 1.9495139078 -0.0494595085
-0.2789831331 1.9495408547 0.0391287582
-0.2478297478 1.9498195116 0.1310813029
-0.2152623817 1.9501775147 0.2225464335
-0.1838929078 1.9505433489 0.3091798732
-0.1531743854 1.9510092475 0.3864922592
-0.1241771093 1.9515532282 0.4521917551
-0.09958407649999999 1.952034749 0.5065036529
-0.0802172768 1.9523987757 0.5503337692
-0.06447750839999999 1.9527162735 0.5844425559
-0.0503695674 1.9530810655 0.6094095094
-0.0376231607 1.9534827399 0.6269290887
-0.0433052332 2.0807692308 0.6162284432
-0.0477219227 2.0807477987 0.6015419125
-0.0539723556 2.080701901 0.5819494694
-0.06287765670000001 2.0806085777 0.5561732611
-0.0752237789 2.0804482235 0.5228087477
-0.09152622119999999 2.080214968 0.4803997619
-0.1114118815 2.0799459641 0.4274812087
-0.1335780167 2.0797166023 0.3630971597
-0.1567345568 2.079583416 0.2876883869
-0.1806361936 2.0795268665 0.2036575292
-0.205087801 2.079505417 0.1149061242
-0.2283230483 2.0795469594 0.0258287264
-0.2482902616 2.0796937084 -0.0592219891
-0.2644927349 2.0799197481 -0.1364257876
-0.2770200263 2.0801890641 -0.2033564854
-0.2855290863 2.0805081243 -0.2592409285
-0.2903098869 2.0808673677 -0.3044189609
-0.2930928747 2.0811961242 -0.3398771132
-0.2964379188 2.0813880122 -0.366934118
-0.3033930893 2.0813033752 -0.3861658892
-0.3162023967 2.0807692308 -0.392624157
-0.3258323041 2.080151822 -0.3809538545
-0.3334342941 2.0795306335 -0.3614974391
-0.3405586354 2.0788371172 -0.3347376868
-0.3450873452 2.0781506025 -0.2989184464
-0.343850732 2.0776080598 -0.2528087109
-0.3357044616 2.0772588978 -0.1959608789
-0.3223449602 2.0770172618 -0.1280730042
-0.3046390772 2.076851153 -0.0498998068
-0.2809698494 2.0768766703 0.0356474429
-0.2517038479 2.0771294078 0.1244884958
-0.2209642595 2.0774597703 0.2128341499
-0.1913069805 2.0777989595 0.2965029595
-0.1623051646 2.0782233848 0.3712226713
-0.1348872779 2.0787175541 0.4347471421
-0.111502579 2.079161431 0.4872123119
-0.0930029696 2.0795022526 0.529508328
-0.07804899999999999 2.0797939513 0.5624575434
-0.0648396629 2.080114614 0.5867392657
-0.0530353117 2.0804597892 0.6039500544
-0.0578601819 2.2076923077 0.5917825369
-0.0616351389 2.2076911167 0.5774976603999999
-0.0671591273 2.2076697373 0.5584790619
-0.0753655735 2.2076035224 0.5335320015
-0.0870298256 2.2074756419 0.5013145047000001
-0.1025479063 2.2072852149 0.4604005933
-0.1214111253 2.2070676902 0.4093279036
-0.1422822806 2.2068859765 0.3471582709
-0.1640110366 2.2067809123 0.2743591972
-0.1865087522 2.2067315101 0.1932833739
-0.2095618761 2.2067072755 0.1076728423
-0.231346583 2.2067368936 0.0217311579
-0.249935484 2.2068530577 -0.0603280688
-0.2650195759 2.2070293431 -0.1347896347
-0.2767223347 2.2072365 -0.1993167055
-0.2846042788 2.2074844494 -0.2531850628
-0.288863222 2.2077688327 -0.2967307768
-0.2911880057 2.2080324744 -0.3309073184
-0.2941187249 2.2081878491 -0.3570018984
-0.300694795 2.2081199367 -0.3755669182
-0.313077765 2.2076923077 -0.3817510089
-0.3225837276 2.2071993313 -0.3706874539
-0.3300905304 2.2067065958 -0.352021173
-0.337107481 2.2061597627 -0.3262930802
-0.3416721308 2.2056193539 -0.2918273443
-0.340803363 2.2051912932 -0.2474208479
-0.3333853168 2.2049152457 -0.1926248289
-0.3209780898 2.2047264184 -0.1271702599
-0.3044304539 2.2045987045 -0.0517886672
-0.2822583031 2.204619927 0.0307502377
-0.2547375986 2.2048201701 0.1165058714
-0.2256899377 2.2050863126 0.2017601128
-0.1976184987 2.2053607756 0.2824918403
-0.1702111427 2.2056983065 0.3546359403
-0.1442647495 2.2060901292 0.415995306
-0.1220081478 2.2064470821 0.4666274303
-0.1043174272 2.206725259 0.5074052508
-0.0900965488 2.2069591048 0.53920274
-0.0777271487 2.2072049413 0.5627862728
-0.066804824 2.2074631725 0.5796598115
-0.0714295091 2.3346153846 0.5678257278
-0.0746079285 2.3346318589 0.5539407965000001
-0.07945674849999999 2.3346248033 0.535489401
-0.0870140765 2.3345593127 0.5113542076000001
-0.0980450831 2.3344150643 0.48025324
-0.1128343593 2.3341953184 0.4407919338
-0.1307481318 2.3339465859 0.3915141396
-0.1504199401 2.3337429824 0.3314999863
-0.1708322009 2.3336258466 0.2612395474
-0.1920409032 2.3335654645 0.1830338526
-0.2138126836 2.3335303459 0.1004720269
-0.2342704716 2.3335600146 0.0175756701
-0.2516037902 2.3336902487 -0.0615777799
-0.2656762681 2.3338848143 -0.1333783016
-0.2766400425 2.3341101504 -0.1955758796
-0.2839664791 2.3343827333 -0.2474913115
-0.2877682056 2.3347012496 -0.2894555353
-0.2896931813 2.3350002496 -0.3223898589
-0.2922589318 2.3351779651 -0.3475504775
-0.2984939469 2.3351003809 -0.3654649907
-0.3104736068 2.3346153846 -0.3713804215
-0.3198475522 2.334057713 -0.3608912191
-0.3272437336 2.3335041885 -0.3429829081
-0.3341318861 2.3328937227 -0.3182465988
-0.3386970922 2.3322915219 -0.2850846454
-0.3381385125 2.331813448 -0.2423238616
-0.3313691381 2.3315045457 -0.1895155684
-0.319819647 2.3312957451 -0.1264199743
-0.304320891 2.3311569283 -0.0537459561
-0.2835170483 2.3311819438 0.0258699891
-0.2576026114 2.3314066227 0.1086234253
-0.2301146336 2.3317101225 0.1908713648
-0.203505832 2.3320244357 0.2687475193
-0.1775748278 2.3324044804 0.3383828385
-0.1529964792 2.3328443103 0.3976305322
-0.1317903046 2.3332505611 0.4464784405
-0.1148526656 2.3335716457 0.485782006
-0.1013145555 2.3338369922 0.5164580586
-0.0897307946 2.3341035731 0.5393501462
-0.07963615960000001 2.3343762332 0.5558752603
-0.08509355490000001 2.4615384615 0.5470838971999999
-0.0877248288 2.4615722659 0.5335836088
-0.0919556946 2.4615819024 0.5156748275
-0.09892201840000001 2.461525677 0.4923109581
-0.1093799924 2.4613820602 0.4622662947
-0.1235115772 2.4611584468 0.4241776923
-0.1405676616 2.4609075081 0.3765969216
-0.1591550945 2.4607061145 0.3186215549
-0.1783795564 2.4605908009 0.2507604406
-0.1984304335 2.4605260683 0.175264052
-0.2190541494 2.4604834068 0.0955787459
-0.2383217203 2.4605092019 0.0155562554
-0.2545287751 2.4606380273 -0.0608556662
-0.2676978901 2.4608275001 -0.130147932
-0.2780071585 2.461043625 -0.190152046
-0.284844346 2.4613080033 -0.2402297975
-0.2882423728 2.4616228952 -0.2807061563
-0.2898113925 2.4619222147 -0.3124713402
-0.2920485712 2.4621016525 -0.3367516673
-0.2979718369 2.4620236392 -0.3540516034
-0.309575553 2.4615384615 -0.3597093194
-0.3188137172 2.460981984 -0.3497544841
-0.3260929379 2.4604333542 -0.3325530243
-0.3328444874 2.4598320188 -0.3087425477
-0.3373897555 2.4592398786 -0.2768009358
-0.3370955085 2.4587687015 -0.2355859112
-0.3309015554 2.4584636264 -0.1846494041
-0.320117172 2.4582598713 -0.1237769653
-0.3055564576 2.4581268154 -0.0536559055
-0.2859851747 2.4581527379 0.0232000794
-0.2615243261 2.4583751539 0.1031153446
-0.2354469294 2.4586804294 0.1825218426
-0.2101603368 2.4589978851 0.2576992069
-0.1855688981 2.4593754717 0.3249603129
-0.1622354125 2.4598111183 0.382207662
-0.1419821201 2.4602190558 0.4293666334
-0.1257254139 2.4605458253 0.4672766569
-0.1128075126 2.4608114826 0.4968909591
-0.1019453788 2.461066292 0.5191223293
-0.09261602400000001 2.4613193912 0.5353071978
-0.0973592059 2.5884615385 0.5256795439
-0.099568277 2.5884974838 0.512595023
-0.1033213435 2.5885136683 0.4952594079
-0.1098324255 2.5884729452 0.472686342
-0.1198231519 2.5883586582 0.4436980961
-0.1333489351 2.5881809819 0.4069553353
-0.1495641085 2.5879852832 0.3610198691
-0.1671029812 2.5878314531 0.3050272713
-0.1852292506 2.5877425935 0.239513369
-0.2042152047 2.5876882915 0.166664637
-0.2237298349 2.5876509345 0.0897748651
-0.2418445292 2.5876699624 0.0125450631
-0.2570221326 2.5877686903 -0.0611895994
-0.2693850322 2.5879113048 -0.1280318383
-0.279068517 2.5880736037 -0.185903957
-0.2854208618 2.588274814 -0.2341985623
-0.2884720909 2.5885166414 -0.2732261839
-0.2897921115 2.5887472634 -0.3038494664
-0.2917777038 2.5888864655 -0.3272657955
-0.2972914053 2.5888302001 -0.3440061728
-0.3083451824 2.5884615385 -0.3496681543
-0.3173451977 2.5880318152 -0.3401513304
-0.3244996595 2.5876080476 -0.3236269867
-0.3311913481 2.5871434206 -0.3007274218
-0.3358172139 2.586685372 -0.2699743728
-0.3358282034 2.5863206122 -0.2302470232
-0.3301655844 2.5860854711 -0.1811142194
-0.3200793254 2.5859306547 -0.1223869327
-0.3063861943 2.5858311721 -0.0547288287
-0.28791771 2.5858535827 0.0194503932
-0.2647468828 2.5860276562 0.0966017723
-0.2399878324 2.5862666598 0.1732625336
-0.2159900586 2.5865140548 0.2458499015
-0.1926740817 2.5868053476 0.3108220257
-0.1705159545 2.5871411585 0.3661362311
-0.1512207982 2.5874575556 0.4116892676
-0.1357053914 2.5877121759 0.4482967827
-0.1234165976 2.5879173526 0.4769088478
-0.1131603838 2.5881100512 0.4984486573
-0.1043999836 2.5882989967 0.5141918098
-0.1103800419 2.7154154484 0.4910408286
-0.1085172443 2.7153846154 0.503693248
-0.1137374023 2.715431143 0.4742917757
-0.1198658185 2.7154018835 0.4525111637
-0.129433439 2.715316323 0.4245628608
-0.1423516097 2.7151856569 0.3891263805
-0.1576906764 2.7150454725 0.344776221
-0.1741503114 2.7149377581 0.2907010319
-0.1911766602 2.7148743794 0.2274690594
-0.2090902291 2.7148323864 0.1571934995
-0.2274463422 2.7148036539 0.0830108956
-0.24435939 2.7148178326 0.0084876011
-0.2585069468 2.7148875871 -0.0626407523
-0.2700707471 2.7149862061 -0.1270960224
-0.2790958449 2.7150993705 -0.1828967819
-0.2849244582 2.7152417692 -0.2294587401
-0.287639342 2.7154129894 -0.2670733335
-0.2887674512 2.7155755315 -0.2965804982
-0.2905467409 2.7156740372 -0.3191508946
-0.2955823434 2.7156389878 -0.3353762468
-0.3059765246 2.7153846154 -0.341229275
-0.3146951606 2.7150786859 -0.3320844727
-0.3217450975 2.7147755372 -0.3162215767
-0.328457443 2.7144415256 -0.294228017
-0.3332649025 2.7141112012 -0.2646433478
-0.3336456918 2.7138483216 -0.2263577436
-0.3285262826 2.7136804796 -0.1789672092
-0.3191427699 2.7135717766 -0.1223102173
-0.3063272581 2.7135029778 -0.0570267461
-0.288933792 2.7135216435 0.014565257
-0.2670029241 2.7136491856 0.0890411386
-0.2435630323 2.7138222616 0.1630603356
-0.220893015 2.7139993977 0.2331687632
-0.1988619615 2.7142068216 0.2959442531
-0.1778772953 2.71444612 0.3494025239
-0.1595844268 2.7146716489 0.3934334103
-0.1448871177 2.7148527633 0.4288227901
-0.1332587613 2.7149982467 0.4564903284
-0.1235411445 2.7151348572 0.4773291144
-0.1152171779 2.7152690704 0.4925685062
-0.1191812621 2.8423272121 0.4701276224
-0.1176566162 2.8423076923 0.482353497
-0.1221483324 2.84233798 0.4539548758
-0.1278900409 2.842322062 0.4329474778
-0.1370226691 2.8422736098 0.4060099038
-0.1493218061 2.8422008191 0.3718435392
-0.1637791816 2.8421246953 0.3290395247
-0.179157189 2.8420675539 0.2768381961
-0.1950734812 2.8420333207 0.2158351182
-0.2118971335 2.842008859 0.1480710054
-0.2290780942 2.8419922213 0.07653194419999999
-0.2447781595 2.8420002495 0.0046547889
-0.2578812305 2.8420376373 -0.0639252124
-0.2686267787 2.8420893017 -0.1260477822
-0.2769767603 2.8421491005 -0.1798235773
-0.2822695585 2.8422255048 -0.2246899012
-0.2846372175 2.8423174002 -0.2609208034
-0.2855631903 2.842404214 -0.2893352336
-0.2871322058 2.8424570142 -0.3110777249
-0.2917039083 2.8424407385 -0.3267950106
-0.3014620938 2.8423076923 -0.3328185857
-0.3099167949 2.8421424324 -0.3240435455
-0.3168727381 2.8419779267 -0.3088329494
-0.323611783 2.8417958162 -0.2877315087
-0.3286047369 2.8416151691 -0.2592961497
-0.3293610401 2.8414715057 -0.2224262978
-0.3247957765 2.8413806567 -0.1767424501
-0.3161302226 2.8413227977 -0.1221104574
-0.3042086793 2.841286762 -0.0591484651
-0.28790592 2.8412983275 0.009916220700000001
-0.2672295196 2.8413691693 0.0817811225
-0.2451204935 2.8414642148 0.153222661
-0.2237850851 2.8415604109 0.2209106228
-0.2030415039 2.8416724377 0.2815411017
-0.1832310887 2.8418017681 0.3331881828
-0.1659410031 2.8419236817 0.3757342885
-0.1520617292 2.8420213744 0.409935142
-0.1410924483 2.842099601 0.436680568
-0.1319105697 2.842173056 0.4568349194
-0.1240193038 2.8422453779 0.4715827854
-0.1299875832 2.9693065878 0.4498306759
-0.1287856788 2.9692307692 0.4616358014
-0.1325772447 2.969350798 0.434223152
-0.1379335711 2.9692964404 0.4139676266
-0.1466222027 2.9691246495 0.3880079808
-0.1582929891 2.9688704754 0.3550707658
-0.1718674762 2.9686111289 0.3137680814
-0.1861706445 2.9684209896 0.2633907124
-0.2009822702 2.9683048832 0.2045566797
-0.2167126835 2.9682159835 0.1392336092
-0.2327196985 2.9681557781 0.07026591629999999
-0.2472148748 2.9681842475 0.0009660685
-0.2592809439 2.9683098916 -0.065131379
-0.2692090472 2.968479516 -0.124982853
-0.2768854588 2.9686776539 -0.1767863547
-0.2816475333 2.9689348267 -0.2199990572
-0.2836723728 2.969244246 -0.2548793551
-0.2843973968 2.9695351291 -0.2822270135
-0.2857573761 2.9697127282 -0.3031613642
-0.2898740985 2.969666719 -0.3183798372
-0.298998364 2.9692307692 -0.3245572633
-0.3071783021 2.9686709134 -0.3161521004
-0.3140250426 2.9681110035 -0.3015844117
-0.3207700931 2.9674882246 -0.2813604425
-0.3259255954 2.9668685908 -0.2540540655
-0.3270394017 2.9663761364 -0.2185715707
-0.3230197334 2.9660676484 -0.1745548026
-0.3150694696 2.9658744859 -0.1218970471
-0.3040409855 2.9657561771 -0.0611966746
-0.2888315513 2.9658003707 0.0054087294
-0.2694169688 2.9660469987 0.07473653800000001
-0.2486457741 2.9663743082 0.1436739328
-0.2286479039 2.9667019809 0.2090090426
-0.2091938759 2.9670814974 0.2675548418
-0.1905611314 2.9675199723 0.3174432048
-0.1742776335 2.9679333823 0.3585483888
-0.1612186267 2.9682639377 0.3915954093
-0.1509094063 2.9685277804 0.4174452627
-0.1422646944 2.9687755218 0.4369354427
-0.1348086056 2.9690199702 0.4512073685
-0.1439048204 3.0962192822 0.4300600901
-0.1430110153 3.0961538462 0.4414497183
-0.1461319671 3.0962589743 0.4150081927
-0.1511128753 3.0962168593 0.3954866585
-0.1593651804 3.0960792065 0.3704780055
-0.1704215839 3.0958784516 0.3387369807
-0.1831376623 3.095678401 0.2988999373
-0.1963960604 3.0955351333 0.2503055695
-0.2101270585 3.0954458693 0.1935887855
-0.2247808968 3.0953729343 0.1306450125
-0.2396329849 3.0953236732 0.06418477760000001
-0.2529449867 3.0953462891 -0.0025996354
-0.2639837729 3.095441793 -0.0662763212
-0.2730940829 3.0955676605 -0.1239156519
-0.2800936377 3.0957161505 -0.1737982357
-0.2843192446 3.0959120732 -0.2153999727
-0.2859886149 3.0961479436 -0.248965099
-0.2864954163 3.0963686635 -0.2752743732
-0.2876346828 3.0965040898 -0.2954209665
-0.2913061135 3.0964761533 -0.3101460865
-0.2998193572 3.0961538462 -0.3164543111
-0.307741647 3.0957251498 -0.3084103076
-0.3144941519 3.0952941881 -0.2944669196
-0.3212593076 3.094812446 -0.2750961215
-0.3265889364 3.0943316553 -0.24888991
-0.3280682326 3.0939497492 -0.2147613723
-0.3245989718 3.093712705 -0.1723714011
-0.3173659293 3.0935667943 -0.1216394802
-0.3072282199 3.0934789591 -0.0631454434
-0.2931025155 3.0935166095 0.0010607187
-0.2749316836 3.0937106604 0.0679135687
-0.2554742801 3.093965561 0.1344071417
-0.2367861366 3.0942180329 0.1974441519
-0.2185906112 3.0945088734 0.2539525118
-0.2011037281 3.0948451761 0.3021218088
-0.1857972942 3.0951623637 0.341818152
-0.1735335823 3.0954154493 0.3737364186
-0.1638640114 3.095616787 0.3987097126
-0.1557396252 3.0958057762 0.4175497753
-0.1487049678 3.0959926123 0.4313560562
-0.1526325346 3.2230790764 0.4072565497
-0.1520282373 3.2230769231 0.4182040312
-0.1545122872 3.2230804183 0.3927925532
-0.1591175638 3.2230791444 0.3740407892
-0.1669191952 3.2230748667 0.3500243712
-0.177344378 3.2230687115 0.3195328848
-0.1891932288 3.2230627113 0.2812344556
-0.2014060851 3.2230585089 0.2345150342
-0.2140528507 3.2230558329 0.1800193382
-0.2276183575 3.2230535115 0.1195658821
-0.24130703 3.2230519438 0.055731671
-0.2534362403 3.2230526305 -0.0084156864
-0.2634456672 3.2230554449 -0.06955790620000001
-0.2717294325 3.2230590698 -0.124885238
-0.2780451507 3.2230633926 -0.1727606908
-0.2817320231 3.223069194 -0.212679089
-0.283042451 3.2230761872 -0.2448711934
-0.2833234582 3.2230827048 -0.2700967455
-0.2842316139 3.2230867358 -0.2894193093
-0.2874538353 3.2230861399 -0.3036159507
-0.2953373535 3.2230769231 -0.3100157341
-0.3029732148 3.2230642022 -0.3023479496
-0.3096052571 3.2230513355 -0.2890498665
-0.3163612217 3.2230368757 -0.2705625081
-0.321836414 3.223022398 -0.2455016218
-0.3236632452 3.2230109005 -0.2127894856
-0.3207413786 3.2230038257 -0.1721041164
-0.3142318321 3.2229995434 -0.1233904049
-0.3049958726 3.2229970097 -0.0672093392
-0.2919731288 3.2229982358 -0.0055193207
-0.2750740282 3.2230041519 0.0587373716
-0.2569579683 3.2230118519 0.1226653715
-0.2396015662 3.2230194015 0.1832864611
-0.222685349 3.2230280521 0.2376504837
-0.2063653481 3.2230380652 0.2840093334
-0.1920536986 3.2230475151 0.3222211376
-0.1805973641 3.2230550419 0.352948831
-0.1715765036 3.2230610091 0.3769966579
-0.1639829567 3.2230666038 0.3951500144
-0.1573817632 3.2230721422 0.408464151
-0.1605958476 3.3500515552 0.386695086
-0.1601193391 3.35 0.3972267569
-0.1622385957 3.3500846374 0.3727625092
-0.166393258 3.3500575201 0.3546622113
-0.1735426306 3.3499594992 0.3314583337
-0.183223127 3.3498139629 0.302019667
-0.1943044598 3.3496682204 0.265093358
-0.2056869398 3.3495643584 0.2200715681
-0.217322645 3.3495002328 0.167544521
-0.2297376406 3.3494462296 0.1092693541
-0.2423272973 3.3494070635 0.047760394
-0.2534393937 3.3494209816 -0.0140307671
-0.2624059987 3.3494906649 -0.0729339366
-0.2696856274 3.3495826886 -0.1262384018
-0.2752062012 3.3496892261 -0.1723485959
-0.2783066256 3.3498300524 -0.2107753475
-0.2791218154 3.3500019652 -0.241746228
-0.2789621219 3.3501642921 -0.2660019982
-0.2795758681 3.3502631584 -0.2845928703
-0.2828866831 3.3502357999 -0.2981387483
-0.2907466475 3.35 -0.3038554534
-0.2980929986 3.3496975531 -0.2964978432
-0.3044803982 3.3493934541 -0.2837349148
-0.3109988675 3.3490526347 -0.2659923525
-0.316339515 3.3487119015 -0.2419408248
-0.3183218702 3.3484401076 -0.2105308466
-0.3159558391 3.3482693712 -0.1714186365
-0.3102847155 3.3481631561 -0.1245505017
-0.3019903632 3.3481014683 -0.0704907882
-0.2900226099 3.3481328914 -0.0111189543
-0.2744389129 3.3482734526 0.0507744529
-0.2578647982 3.3484500158 0.1124108954
-0.2420470499 3.3486208155 0.1708786124
-0.2265054933 3.3488210328 0.2233142435
-0.211392393 3.3490562239 0.2680404066
-0.1981275913 3.349277991 0.3049228856
-0.1875095938 3.3494546338 0.3345809318
-0.1790656751 3.3495976987 0.3577670683
-0.1718033306 3.3497369325 0.3752070434
-0.1653797591 3.349877496 0.3879412489
-0.1716461767 3.4769819978 0.3741176269
-0.1712608818 3.4769230769 0.3843357667
-0.1730974042 3.4770207261 0.3605796081
-0.176853288 3.4769931345 0.3429498784
-0.1834178598 3.4768847913 0.3203232198
-0.1924532458 3.4767176151 0.2916379249
-0.2029030703 3.4765444572 0.2557116604
-0.2136102746 3.4764181768 0.2119351634
-0.2243855736 3.476342741 0.1608471335
-0.2357969656 3.4762818159 0.1041602058
-0.2474465177 3.4762338392 0.0443532844
-0.2576976324 3.476246194 -0.0157069359
-0.2657372256 3.4763304736 -0.07296775580000001
-0.2720936844 3.476445199 -0.1247897785
-0.2768816299 3.4765740444 -0.169603224
-0.2794343821 3.4767413723 -0.2069292623
-0.2797580337 3.4769485818 -0.2369924233
-0.2791393372 3.4771472136 -0.2605208617
-0.2794503619 3.477266697 -0.2785653867
-0.2829023323 3.4772179722 -0.2915916142
-0.2908398579 3.4769230769 -0.2966368129
-0.2979384218 3.4765739414 -0.2895132135
-0.304114644 3.476224871 -0.2771446598
-0.3104264391 3.4758347247 -0.259952909
-0.3156483746 3.4754453297 -0.2366565585
-0.3177758237 3.4751329608 -0.2062286283
-0.3159260419 3.474931802 -0.1682983486
-0.3110271962 3.4748026273 -0.1228085895
-0.3035769936 3.4747288265 -0.0703304272
-0.2925296833 3.4747674798 -0.0126822623
-0.278096772 3.4749293332 0.0474664261
-0.2628952417 3.475124714 0.1074244578
-0.2484513839 3.4753109111 0.1643180434
-0.2341185822 3.4755355479 0.2153446277
-0.2200507251 3.475804105 0.2588812763
-0.2076899577 3.4760572228 0.2947989811
-0.1977930004 3.4762589897 0.323679652
-0.1898283689 3.476426424 0.3462330122
-0.1828111114 3.4765957705 0.363132268
-0.1764895653 3.4767699473 0.3754125497
-0.1805121193 3.6038649326 0.3577433808
-0.1802116039 3.6038461538 0.3676035081
-0.1817779735 3.6038775506 0.3446604284
-0.1851389588 3.6038697861 0.3275835002
-0.1911155403 3.6038362935 0.3056405305
-0.1994906582 3.6037824678 0.2778393852
-0.2092844877 3.603724799 0.2430704879
-0.2192922934 3.6036817909 0.2007288776
-0.2291928291 3.6036568581 0.1513045064
-0.239587049 3.6036375993 0.0964561793
-0.2502789564 3.6036211171 0.0386120183
-0.2596537935 3.6036238429 -0.019457588
-0.2667685498 3.6036523145 -0.0748248244
-0.2722112799 3.6036922198 -0.1249350243
-0.2762729098 3.6037358464 -0.1682553368
-0.2782862875 3.603791567 -0.2043188117
-0.2781360647 3.6038615289 -0.2333431431
-0.2770794245 3.6039295627 -0.2560403185
-0.2770925237 3.6039700862 -0.2734589379
-0.2806464249 3.6039488028 -0.2859250287
-0.2886072629 3.6038461538 -0.2903227485
-0.2954230552 3.603733452 -0.283464391
-0.3013632818 3.6036213268 -0.271538365
-0.3074492012 3.603496273 -0.2549640579
-0.3125373466 3.6033716425 -0.2325146361
-0.314797464 3.6032710629 -0.2031924998
-0.3134517776 3.603204648 -0.16660514
-0.3093159385 3.6031606853 -0.1226907115
-0.3027127696 3.6031359319 -0.0720197351
-0.2926061549 3.6031491732 -0.0163417773
-0.2793488258 3.6032013463 0.0417996942
-0.2655341172 3.6032617294 0.099809593
-0.2524732188 3.6033183109 0.1548704662
-0.2393666323 3.6033888016 0.204257401
-0.2263678572 3.6034746753 0.2464080199
-0.2149311856 3.603555595 0.2811971316
-0.2057711695 3.6036201545 0.3091687935
-0.198305714 3.603675052 0.3309904179
-0.1915626527 3.6037326264 0.3472829273
-0.1853770616 3.6037928271 0.3590684404
-0.1878527597 3.7307958176 0.3394670278
-0.1876332622 3.7307692308 0.3489430611
-0.1889385506 3.7308141016 0.3268759565
-0.1919129024 3.7308046717 0.3104045609
-0.1973082352 3.7307588678 0.2892152013
-0.2050206228 3.7306819734 0.2623830509
-0.2141472082 3.7305967906 0.2288708805
-0.2234462727 3.7305319374 0.1880829866
-0.2324758093 3.7304954315 0.1404646082
-0.2418655527 3.7304684744 0.08761518159999999
-0.251605845 3.7304434619 0.0318989219
-0.2601132647 3.7304455652 -0.0240160897
-0.2663296927 3.7304882465 -0.07732955179999999
-0.2708960845 3.7305496196 -0.1255801324
-0.2742629317 3.7306151038 -0.1672812425
-0.2757673619 3.7306974256 -0.2019786887
-0.2751836172 3.7308021177 -0.2298803364
-0.2737328317 3.7309052652 -0.251680301
-0.2734760718 3.7309660832 -0.2684234718
-0.2771095136 3.7309273729 -0.2803125885
-0.2850603406 3.7307692308 -0.2840961056
-0.291577829 3.7306076405 -0.2775208076
-0.2972656864 3.7304477443 -0.2660684207
-0.3031073194 3.7302698074 -0.2501538517
-0.3080411119 3.7300927526 -0.2286077824
-0.3104085828 3.7299489909 -0.2004666784
-0.3095344927 3.7298516629 -0.1653215448
-0.3061263781 3.7297853623 -0.1231051888
-0.3003435134 3.7297485347 -0.07438148209999999
-0.2911640327 3.7297686478 -0.0208265874
-0.2790700431 3.7298433361 0.0351427441
-0.2666186924 3.7299259563 0.09103219279999999
-0.2549138597 3.7300018934 0.1440942736
-0.2430187 3.7300999594 0.1916937685
-0.2310853589 3.7302218389 0.2323321528
-0.2205718188 3.7303366438 0.2658873079
-0.2121489223 3.7304283031 0.2928656569
-0.2051900147 3.730508199 0.3138932398
-0.1987391505 3.7305949658 0.3295398314
-0.1927129139 3.7306870796 0.3408086138
-0.1960873092 3.8577232918 0.3257103417
-0.1959522821 3.8576923077 0.3348366454
-0.1969971723 3.8577452016 0.3135686478
-0.1996081009 3.8577364109 0.2976536894
-0.2044646949 3.857685571 0.277158985
-0.2115657673 3.8575959918 0.2512186603
-0.2200764913 3.8574934337 0.2188602002
-0.2287193166 3.8574139013 0.1794977288
-0.236941952 3.8573704575 0.1335386748
-0.2454027073 3.857339845 0.0825274646
-0.2542625208 3.8573090921 0.02876606
-0.2619653696 3.8573095996 -0.0251704559
-0.2673495668 3.8573619143 -0.07659475289999999
-0.2711063751 3.8574387645 -0.123132343
-0.273833663 3.857518884 -0.1633424472
-0.2748714785 3.8576180492 -0.1967821855
-0.2738921371 3.8577456729 -0.2236488912
-0.2720862903 3.8578728354 -0.2446208737
-0.2715929593 3.8579469256 -0.2607433971
-0.2753237569 3.8578912967 -0.272109873
-0.2833087721 3.8576923077 -0.2753279227
-0.2895835148 3.8575024242 -0.2690052689
-0.2950596141 3.8573158809 -0.2579863391
-0.3006891187 3.8571090331 -0.2426761512
-0.3054885012 3.8569036593 -0.2219570083
-0.3079578787 3.8567359038 -0.1948987457
-0.3075181397 3.8566194833 -0.1610791249
-0.3047785911 3.8565380058 -0.1204247221
-0.2997464229 3.8564933827 -0.073490624
-0.2914111753 3.8565184288 -0.0218858214
-0.2803775993 3.8566058727 0.0320861684
-0.2691739782 3.8566979486 0.0860225624
-0.2587116618 3.8567807052 0.137242498
-0.2479242668 3.8568920014 0.1831953278
-0.2369645117 3.8570332508 0.222440998
-0.2272966612 3.8571661826 0.2548597466
-0.2195500102 3.8572723672 0.2809236305
-0.213052826 3.8573673408 0.3012212258
-0.2068607865 3.8574740992 0.3162749223
-0.2009669603 3.8575890968 0.3270696152
-0.203622039 3.9846434272 0.3109045425
-0.2036960817 3.9846153846 0.3196701912
-0.2042481635 3.9846643586 0.2992256406
-0.2064703826 3.9846601285 0.2838818425
-0.2108530549 3.9846202574 0.2641035799
-0.2174217322 3.9845465834 0.2390878778
-0.2253546755 3.9844605318 0.2079047886
-0.2333621013 3.9843930488 0.1699854511
-0.2408575275 3.9843562624 0.1257170731
-0.2485038927 3.9843306854 0.076583345
-0.256519215 3.9843047105 0.0248022587
-0.2633932216 3.9843050928 -0.027139498
-0.2679849531 3.9843498966 -0.0766501099
-0.2710312135 3.9844155556 -0.1214466191
-0.2731860107 3.9844830849 -0.1601445322
-0.2738026593 3.984565843 -0.1923119968
-0.2725270977 3.9846724126 -0.2181350986
-0.2705217785 3.9847784412 -0.2382782544
-0.2699198372 3.9848386827 -0.253773533
-0.2736809089 3.9847861582 -0.2646542876
-0.2815934234 3.9846153846 -0.2675027151
-0.2875984556 3.9844608979 -0.2613883512
-0.292873752 3.9843094936 -0.2508014194
-0.2983269771 3.9841416924 -0.2361055267
-0.3030408277 3.9839750492 -0.2162227938
-0.3056388197 3.9838380515 -0.1902499799
-0.3056022942 3.9837411704 -0.1577588967
-0.3034579547 3.983672244 -0.1186751484
-0.2991142934 3.9836349709 -0.0735395682
-0.29159293 3.9836561538 -0.0238907387
-0.2815722424 3.9837270341 0.0280711829
-0.2715082269 3.983798922 0.080025417
-0.262149832 3.9838626732 0.1293672424
-0.2523562795 3.9839515276 0.1736414653
-0.2422896246 3.9840659611 0.2114683243
-0.2334039407 3.9841733737 0.2427281879
-0.2262859053 3.9842591446 0.2678605323
-0.2202341338 3.9843374985 0.2874216024
-0.2143219378 3.9844279846 0.3018954085
-0.2086017232 3.9845265275 0.3122424083
-0.2095967457 4.1115495173 0.294307248
-0.2102545966 4.1115384615 0.3026642755
-0.2096084154 4.1115584347 0.2831404845
-0.211344883 4.1115588913 0.2684013537
-0.2154141406 4.111547466 0.2493749132
-0.2216479838 4.1115258406 0.2253486697
-0.2290774115 4.1115011466 0.1953762374
-0.2364692449 4.1114819161 0.1589234153
-0.243420421 4.1114704669 0.1163987325
-0.2505232884 4.111461775 0.06920994380000001
-0.2577241649 4.1114545209 0.0194409384
-0.2636192382 4.1114559847 -0.0304949085
-0.2674558803 4.1114690654 -0.0780610999
-0.2700008851 4.1114869694 -0.1210777923
-0.2717017612 4.1115057064 -0.1582359639
-0.2719621637 4.1115288532 -0.1891130301
-0.2706203572 4.1115576147 -0.2138896163
-0.2688189304 4.111585011 -0.2332214081
-0.2684354008 4.1115994895 -0.2480794425
-0.2719712011 4.1115847037 -0.2585643216
-0.2793836434 4.1115384615 -0.2616066773
-0.2849230124 4.1114972331 -0.2555859549
-0.2899622267 4.1114559536 -0.2454283089
-0.2953181924 4.1114094532 -0.2313778175
-0.3000943316 4.1113627655 -0.212366086
-0.3029365421 4.1113240614 -0.1874883307
-0.3032781481 4.1112967257 -0.156321534
-0.3015967525 4.1112775759 -0.1188090924
-0.2978576473 4.1112672562 -0.0754704908
-0.2911774486 4.1112727429 -0.0277634021
-0.2821613667 4.1112917648 0.0221955458
-0.2730529322 4.1113114085 0.07213890050000001
-0.2645163627 4.1113293314 0.1195548865
-0.2554930089 4.1113543671 0.1621083764
-0.2461772097 4.1113862962 0.1984856374
-0.2379618359 4.111416069 0.2285600411
-0.2313921905 4.1114397706 0.2527419326
-0.2257875456 4.1114614415 0.271568516
-0.2202633331 4.1114865133 0.2855111756
-0.2148829645 4.1115138276 0.2954920612
-0.211521029 4.2384212053 0.2792538206
-0.2127403294 4.2384615385 0.2872842341
-0.2109480582 4.2383872869 0.2684901126
-0.2122375064 4.2383811931 0.2542129566
-0.2160453545 4.2384139406 0.2357527695
-0.2220198102 4.2384775052 0.212478721
-0.2290417831 4.2385485765 0.1834240056
-0.2359203883 4.2386034608 0.1480818669
-0.242424216 4.2386386789 0.1068813326
-0.2490861484 4.2386672395 0.061171047
-0.2555935999 4.238687453 0.0129292251
-0.2606291371 4.2386793644 -0.0354833841
-0.2638007211 4.2386408709 -0.0815694082
-0.2659122921 4.2385917286 -0.1232299214
-0.2672199072 4.2385394848 -0.1592136383
-0.2671675767 4.2384744748 -0.1891045897
-0.2657722937 4.2383966282 -0.2130835351
-0.2641679335 4.2383260703 -0.2318036634
-0.2640103186 4.2382922742 -0.2461826287
-0.2673969166 4.2383347442 -0.256373315
-0.2744393234 4.2384615385 -0.259600605
-0.2796324549 4.2385729781 -0.2536069419
-0.2845137526 4.2386867113 -0.2437748724
-0.2898265065 4.2388165875 -0.2302272872
-0.2946936399 4.2389482508 -0.2118934633
-0.2977749685 4.2390582153 -0.1878608373
-0.2984576857 4.2391357528 -0.1577080547
-0.2971777221 4.2391892282 -0.1213943701
-0.2939507332 4.2392178552 -0.07942450400000001
-0.2879751107 4.2392034257 -0.0331932739
-0.2797981899 4.2391519356 0.0152464834
-0.2714870364 4.2390978543 0.06366463059999999
-0.263629828 4.2390471173 0.1096187718
-0.2552345246 4.2389760859 0.1508667242
-0.246530441 4.2388864089 0.18614634
-0.2388665245 4.2388034119 0.2153252007
-0.2327505106 4.2387375615 0.2387896632
-0.2275097833 4.2386772048 0.2570614605
-0.2222890635 4.2386070928 0.2706023068
-0.2171644678 4.2385305853 0.2803058467
-0.213179251 4.3653973355 0.2654653158
-0.214929284 4.3653846154 0.2731773534
-0.2120548823 4.3654083137 0.2550931856
-0.2129257423 4.3654111345 0.2412621824
-0.2164947754 4.3654026188 0.2233451087
-0.2222371023 4.3653856726 0.2007912031
-0.2288894403 4.3653671017 0.1726167148
-0.2353000954 4.3653528873 0.1383399071
-0.2414012034 4.3653431279 0.0984064383
-0.2476709723 4.365334776 0.0541101527
-0.2535483112 4.3653296703 0.0073332262
-0.2577952918 4.3653327789 -0.0396154511
-0.2603620344 4.3653430659 -0.0842820729
-0.2620860219 4.3653553187 -0.1246452014
-0.263042663 4.36536855 -0.1595050187
-0.2627133001 4.3653851308 -0.188452772
-0.2612835871 4.3654042235 -0.2116726523
-0.2598795833 4.3654205575 -0.2298153957
-0.2599491153 4.3654273787 -0.2437441588
-0.2632107582 4.3654162477 -0.2536523959
-0.2699163388 4.3653846154 -0.2570417641
-0.2747986675 4.3653572274 -0.2510665742
-0.2795369229 4.3653287239 -0.2415417609
-0.2848087456 4.3652957351 -0.2284720097
-0.2897557984 4.3652619778 -0.2107840967
-0.2930509684 4.3652335836 -0.1875585085
-0.294038858 4.3652136002 -0.1583751383
-0.2931172084 4.3652000356 -0.1232076618
-0.290348677 4.3651928299 -0.0825477404
-0.2850082382 4.3651962786 -0.0377322612
-0.2775917131 4.3652089412 0.0092476681
-0.2700040836 4.3652224699 0.0562013232
-0.2627621575 4.3652355207 0.1007536599
-0.2549352694 4.3652538367 0.1407490026
-0.2467872728 4.3652767277 0.1749736032
-0.2396277695 4.3652977452 0.2032909463
-0.233927881 4.3653143582 0.2260652152
-0.2290191985 4.3653296349 0.2438024156
-0.2240715346 4.3653474753 0.2569545406
-0.2191737907 4.3653669884 0.2663883146
-0.2170870401 4.4923310028 0.2530695927
-0.2193115947 4.4923076923 0.2604261527
-0.2154664973 4.492351458 0.2431385081
-0.2159527914 4.4923577047 0.2298190812
-0.2192885411 4.492344272 0.2125268761
-0.2247925294 4.4923169464 0.1907924252
-0.2310759902 4.4922875409 0.1636248145
-0.2370320557 4.4922652105 0.1305678619
-0.242747009 4.4922489138 0.0920773981
-0.248639536 4.4922343838 0.0493883401
-0.2539227144 4.492226544 0.0042858495
-0.2574389596 4.4922329043 -0.0409857703
-0.2594559234 4.4922495034 -0.0840345722
-0.2608347118 4.4922680207 -0.1229247921
-0.2614806156 4.4922883462 -0.1565091813
-0.2609137353 4.492313997 -0.1843889156
-0.2594760305 4.492342387 -0.2067528688
-0.2582785139 4.4923651617 -0.2242448957
-0.2585659954 4.492373029 -0.237667895
-0.2616877308 4.4923554368 -0.247246862
-0.2680210901 4.4923076923 -0.250761984
-0.2725683783 4.4922670071 -0.2448387047
-0.2771286147 4.4922237494 -0.2356576268
-0.2823152368 4.4921729584 -0.2231147047
-0.2872904191 4.4921204908 -0.2061423448
-0.290746842 4.4920760535 -0.1838204826
-0.2919929775 4.4920448354 -0.1557320268
-0.2913881872 4.4920239671 -0.1218635542
-0.2890398589 4.4920129541 -0.0826920907
-0.2843000227 4.4920179178 -0.0394932092
-0.2776134484 4.4920367738 0.0058130835
-0.2707218369 4.4920572841 0.0510894262
-0.2640740635 4.49207762 0.0940399956
-0.2568047713 4.492106231 0.1326025378
-0.2492085885 4.4921416498 0.1656155829
-0.2425494463 4.4921739219 0.1929403036
-0.2372614004 4.4921993361 0.2149186003
-0.2326848381 4.4922227748 0.2320385853
-0.2280185335 4.4922502823 0.2447401725
-0.2233618385 4.4922804327 0.2538591877
-0.2192636808 4.6192119781 0.2401937882
-0.2219146785 4.6192307692 0.2472386003
-0.2172006764 4.6191953052 0.2306447451
-0.2173525739 4.6191896834 0.2177581683
-0.2205002328 4.6191993257 0.200986091
-0.2258194796 4.6192192958 0.1799353201
-0.2318049899 4.6192404365 0.1536073313
-0.2373900455 4.6192563959 0.1215675782
-0.2428001566 4.6192687041 0.0842797242
-0.248399268 4.619280051 0.0429296999
-0.2531874955 4.6192855484 -0.0007772527
-0.2560790243 4.6192800583 -0.0446495
-0.2576309108 4.6192679614 -0.08634891190000001
-0.2587261372 4.6192552734 -0.1240121332
-0.2591101079 4.6192410878 -0.1565337553
-0.2583390358 4.6192230503 -0.1835230594
-0.2568992149 4.6192038579 -0.205175757
-0.2558918368 4.6191895193 -0.2221306549
-0.2563775855 4.6191857563 -0.2351347666
-0.2593653742 4.6191982427 -0.2444396715
-0.26534274 4.6192307692 -0.2480858149
-0.2695609476 4.6192579924 -0.2421889175
-0.2739434473 4.6192876746 -0.2332877686
-0.279044872 4.6193231051 -0.2211823628
-0.2840411134 4.6193600823 -0.2048091812
-0.2876381214 4.6193916317 -0.1832449156
-0.2891062127 4.6194137685 -0.1560725454
-0.2887686534 4.6194283527 -0.1232895103
-0.2867761245 4.6194360155 -0.0853614624
-0.2825534239 4.6194328331 -0.0435126448
-0.2764969701 4.6194201467 0.0003965983
-0.2701985006 4.619406052 0.0442724398
-0.2640490034 4.6193916731 0.085885252
-0.2572471159 4.6193714029 0.1232515073
-0.2501162064 4.6193465372 0.1552533788
-0.2438786969 4.6193240323 0.1817493902
-0.238937402 4.6193063673 0.2030629525
-0.2346438321 4.6192900531 0.2196685076
-0.230224588 4.6192708602 0.2319959339
-0.2257861122 4.6192498084 0.2408546555
-0.2206206275 4.7461309347 0.228242236
-0.2234110854 4.7461538462 0.2349996602
-0.218391213 4.7461105257 0.2190600317
-0.2183629862 4.7461034151 0.2066228913
-0.221314217 4.7461146532 0.1904063677
-0.2263788779 4.7461381009 0.1700604877
-0.2320326204 4.7461627534 0.1446104463
-0.2372465146 4.746181319 0.1136430961
-0.2422997455 4.7461959677 0.0776139482
-0.2475294147 4.7462096473 0.0376629781
-0.2518749574 4.7462159907 -0.0045683975
-0.2543101721 4.7462091373 -0.0469528298
-0.2555064818 4.7461949547 -0.08722690869999999
-0.2563424831 4.7461804695 -0.1235991866
-0.2565071907 4.74616414 -0.1550027555
-0.2555819758 4.7461433045 -0.1810571178
-0.2541017795 4.7461215255 -0.2019590791
-0.2531380549 4.7461058081 -0.2183355887
-0.2536518573 4.7461023526 -0.2308976177
-0.2564894409 4.7461168231 -0.2399042168
-0.2621783436 4.7461538462 -0.2435470833
-0.2661887129 4.7461845713 -0.2377974146
-0.2704318151 4.7462184694 -0.2292113011
-0.2754272291 4.7462592366 -0.2175556334
-0.2803774649 4.746301979 -0.2017883827
-0.2840243789 4.7463385673 -0.1810000622
-0.2856390915 4.7463642279 -0.1547796039
-0.2855227577 4.7463810263 -0.1231297902
-0.2838393359 4.7463898366 -0.0865025748
-0.2800522279 4.7463863217 -0.046073896
-0.2745232162 4.7463719656 -0.003641663
-0.268741121 4.7463558548 0.0387574221
-0.2630580449 4.7463392066 0.0789666534
-0.2567103926 4.746315719 0.1150788612
-0.2500228652 4.7462870217 0.1460162946
-0.2441740502 4.7462611241 0.1716353293
-0.2395466788 4.7462408241 0.1922438598
-0.2355128948 4.7462220678 0.2083031328
-0.2313290778 4.7461999841 0.2202322838
-0.2271045425 4.7461757579 0.2288124175
-0.2212218291 4.8730540464 0.2291928477
-0.2240063379 4.8730769231 0.2358231101
-0.2189756489 4.8730336665 0.2201748484
-0.2188771407 4.8730265608 0.20794367
-0.2216891653 4.8730377703 0.1919793505
-0.2265573987 4.8730611658 0.1719425464
-0.2319763998 4.8730857616 0.1468828264
-0.2369317107 4.8731042809 0.1163995433
-0.2417010528 4.8731188929 0.08093924850000001
-0.2466225492 4.8731325401 0.0416211922
-0.2506614995 4.8731388652 6.53658e-05
-0.2528201928 4.8731320192 -0.0416304461
-0.2537724149 4.8731178621 -0.0812439524
-0.2543926762 4.8731034076 -0.1170182539
-0.2543806837 4.8730871155 -0.1479024381
-0.2533267398 4.8730663294 -0.1735200214
-0.2517561985 4.8730446059 -0.1940676025
-0.250719441 4.8730289348 -0.2101677768
-0.251157535 4.8730255017 -0.2225249757
-0.2539013055 4.8730399581 -0.2313983058
-0.2594800331 4.8730769231 -0.2350114524
-0.2634600704 4.8731076045 -0.2293783487
-0.2676835518 4.8731414442 -0.2209581706
-0.2726632038 4.873182133 -0.2095236611
-0.2776205422 4.8732247885 -0.1940452921
-0.2813231734 4.8732612992 -0.1736215839
-0.2830567172 4.8732869032 -0.1478443343
-0.28311769 4.8733036635 -0.1167180375
-0.2816647186 4.8733124515 -0.08068809959999999
-0.2781632075 4.8733089377 -0.0409080524
-0.2729595267 4.8732946061 0.0008519663
-0.2675074946 4.8732785282 0.0425808367
-0.2621411378 4.8732619168 0.082155616
-0.2560981455 4.8732384793 0.1177048453
-0.2496921582 4.8732098434 0.1481668529
-0.2440820832 4.8731840044 0.1733939963
-0.2396457337 4.8731637519 0.1936869046
-0.23576727 4.8731450355 0.209502444
-0.231717008 4.8731229907 0.2212569613
-0.2276071677 4.8730988024 0.2297181266
-0.2265004103 5.0000043071 0.1777350109
-0.2286523318 5 0.1828127952
-0.224753361 5.0000081426 0.1708231094
-0.2246407318 5.0000094759 0.1614380113
-0.2267450995 5.0000073566 0.1491777937
-0.2304115979 5.0000029391 0.1337848829
-0.2344842533 4.9999982936 0.1145356919
-0.2381839335 4.9999947931 0.0911263606
-0.2417235992 4.9999920308 0.0638982709
-0.2453657868 4.9999894525 0.0337090845
-0.2483241306 4.9999882551 0.0018057946
-0.2498410702 4.9999895417 -0.030198336
-0.2504387735 4.99999221 -0.0606005178
-0.2507927765 4.9999949383 -0.088055522
-0.2506773777 4.9999980153 -0.1117557452
-0.2497796944 5.0000019424 -0.1314107907
-0.2485013092 5.0000060494 -0.147173084
-0.2476456116 5.0000090172 -0.1595237489
-0.2479328504 5.0000096767 -0.1690067975
-0.2499995285 5.0000069609 -0.175824876
-0.2542567002 5 -0.1786190764
-0.2573188118 4.9999942258 -0.174312382
-0.2605803834 4.9999878495 -0.167864769
-0.2644346374 4.999980176 -0.1591062198
-0.2682873918 4.9999721282 -0.1472445904
-0.2711960668 4.9999652379 -0.1315842505
-0.2726144987 4.9999604032 -0.1118094712
-0.2727681318 4.9999572381 -0.08792419529999999
-0.2717779716 4.9999555767 -0.060270779
-0.2692307013 4.999956235 -0.0297324822
-0.2653845932 4.9999589353 0.0023311883
-0.2613457852 4.9999619689 0.0343716824
-0.2573642618 4.9999651051 0.0647587922
-0.2528505322 4.9999695289 0.09205926809999999
-0.2480409712 4.9999749341 0.1154572755
-0.2438228003 4.9999798135 0.1348352133
-0.2404875447 4.9999836394 0.1504225538
-0.237566852 4.9999871719 0.1625726095
-0.2345040805 4.9999913265 0.1716072777
-0.2313869301 4.9999958813 0.1781149756
-0.2273019118 5.0014307269 0.1768416487
-0.2263561225 5.002865954 0.1690921653
-0.2267573399 5.0038417236 0.1592632154
-0.2289622446 5.0041598612 0.1470149992
-0.2325218799 5.0041521443 0.1318370412
-0.2365519771 5.0043060148 0.112802034
-0.2403480703 5.0047834299 0.0896088506
-0.2439527794 5.0052270535 0.0627546179
-0.2475604115 5.0054367577 0.0331072821
-0.2505894354 5.0058340122 0.0018382312
-0.2523603199 5.0065618931 -0.0293846145
-0.253183883 5.0070671483 -0.0589355872
-0.2536106791 5.0070850568 -0.08567890760000001
-0.2534998781 5.0068775828 -0.1088585213
-0.2525664038 5.0065448891 -0.1281862043
-0.2511172726 5.0059260651 -0.1438907409
-0.2498965448 5.0049609552 -0.1564793376
-0.2496384716 5.0037203985 -0.1664734781
-0.25097878 5.0021828558 -0.1741606118
-0.2561228021 5.0021749525 -0.1730969037
-0.2584899043 5.0037052475 -0.1656740973
-0.2616065049 5.0049377468 -0.1561899678
-0.2648809911 5.0058954097 -0.1439444599
-0.2674386196 5.0065093799 -0.128311807
-0.268719683 5.0068400194 -0.1089010103
-0.268848078 5.0070468925 -0.0855924465
-0.267980732 5.0070302332 -0.0587104009
-0.2658239888 5.0065294697 -0.0290631207
-0.2624595198 5.0058070643 0.0022029196
-0.2586908694 5.0054127478 0.0335684641
-0.2548532244 5.0052043963 0.0633542419
-0.2505822125 5.0047630488 0.09025976569999999
-0.2460241774 5.0042879584 0.1134457897
-0.2418965176 5.0041346425 0.1325709815
-0.2385683464 5.0041420182 0.1478848022
-0.2358007858 5.0038253194 0.1600565843
-0.2331961293 5.0028538685 0.1696419062
-0.2307390888 5.0014247199 0.1771087873
-0.2290522518 5.0020177082 0.1765827072
-0.2298369457 5.004040027 0.1686044807
-0.2313512673 5.0054134636 0.1586936878
-0.2338266346 5.0058619234 0.1464821867
-0.2372470794 5.0058529758 0.1313368561
-0.2412985597 5.0060713138 0.112353084
-0.2454437151 5.0067439091 0.08925213009999999
-0.2493450771 5.0073683163 0.0625307448
-0.253031078 5.0076636606 0.0330492247
-0.2563890219 5.0082213849 0.0020009003
-0.258910167 5.0092413777 -0.0289197397
-0.26036673 5.0099478896 -0.0581621405
-0.261003557 5.0099712918 -0.0846709725
-0.2608899957 5.009678923 -0.1076898158
-0.2598034376 5.0092109696 -0.126916627
-0.2578368679 5.0083419737 -0.1425663256
-0.2556328491 5.0069868069 -0.1551091035
-0.2539848998 5.0052431606 -0.1651005533
-0.2535060237 5.0030786829 -0.1730340008
-0.0729560144 -0.1482303948 -0.2892307184
-0.0689825551 -0.1769230769 -0.2990660381
-0.0737936409 -0.1463803234 -0.2904785033
-0.0665183731 -0.1769917906 -0.2901994385
-0.0699122972 -0.1554885301 -0.2843354514
-0.06920555370000001 -0.1572289579 -0.2831616156
-0.0651884006 -0.1680310991 -0.2758760826
-0.06376265289999999 -0.1770767621 -0.2782420532
-0.0648540111 -0.1689978685 -0.2752240423
-0.0623318393 -0.1771300144 -0.2697392922
-0.2173095559 -0.1771373879 0.2599388079
-0.2194282341 -0.1712870741 0.2633049606
-0.2208387604 -0.1771076785 0.2644945352
-0.2196532668 -0.1705007386 0.263773731
-0.2251134374 -0.1590123647 0.2700286469
-0.2295920708 -0.1770238182 0.2732382709
-0.2257891338 -0.1572801847 0.2710120808
-0.2315114816 -0.1518568762 0.2731052241
-0.2380081285 -0.1769230769 0.2765984318
-0.2326563806 -0.150590324 0.2736463971
-0.2343282892 -0.1508116681 0.2730401191
-0.2417411888 -0.152217105 0.270067633
-0.2469333182 -0.1767863286 0.2726572702
-0.2378100409 -0.1514709303 0.2716438081
-0.2435761587 -0.1532957095 0.26883954
-0.2519530225 -0.1587351762 0.2628855932
-0.2564822685 -0.1766223936 0.2640174481
-0.2526629531 -0.1591154679 0.26235751
-0.2539339885 -0.160604628 0.2608670958
-0.263598952 -0.1730293359 0.2487916018
-0.2643566538 -0.1764560277 0.2490641703
-0.2638232556 -0.1734969656 0.2483904861
-0.2650750027 -0.1764338072 0.2459314321
-0.1032563271 -0.1698054338 -0.2746792383
-0.1017595661 -0.1765651544 -0.2773107982
-0.1095435002 -0.1764880073 -0.2701721295
-0.1026351502 -0.1690147411 -0.2752125262
-0.0919786197 -0.1598045615 -0.2814244021
-0.0882249568 -0.1767082946 -0.2874636705
-0.0906629317 -0.158440321 -0.2823445238
-0.0826858083 -0.1526245836 -0.2862669956
-0.0773998421 -0.1768276799 -0.2943533758
-0.0811576482 -0.1512808597 -0.2871732804
-0.0752532201 -0.1475115781 -0.2897155162
-0.08003520240000001 -0.150564308 -0.287656565
-0.0458105266 -0.3038461538 -0.3475472339
-0.0435143201 -0.3038255602 -0.3374459016
-0.0410495883 -0.303800099 -0.3238426383
-0.0600596012 -0.1835901675 -0.2653822241
-0.0597901834 -0.1844927992 -0.2647734414
-0.0388623737 -0.3037701213 -0.3056981005
-0.055394935 -0.201238834 -0.2534790244
-0.054448593 -0.2057567998 -0.2504318667
-0.0379000646 -0.3037377406 -0.2819286777
-0.0517530307 -0.2229830331 -0.2388135692
-0.0396086976 -0.3037071216 -0.2516531353
-0.050716758 -0.2334292207 -0.2309663048
-0.0507743204 -0.2324371812 -0.2324371812
-0.0506516863 -0.2424870887 -0.2175363886
-0.044395933 -0.3036790087 -0.2142834733
-0.05154294 -0.2535202366 -0.201177758
-0.0515844327 -0.254872522 -0.1991727515
-0.0517791373 -0.261218122 -0.1897642581
-0.0538388815 -0.278689122 -0.1638603463
-0.0507574851 -0.3036473931 -0.1693874316
-0.0539120049 -0.283113166 -0.1573009057
-0.0559534464 -0.3029259817 -0.1279248316
-0.0563191671 -0.3036128773 -0.1245261215
-0.1518437454 -0.3027180751 0.1278360952
-0.1614286852 -0.2902194662 0.1449002372
-0.1647173364 -0.303671655 0.1499023007
-0.1497219998 -0.3036487037 0.124146992
-0.1635541205 -0.287154359 0.1491194949
-0.1771064108 -0.2671459893 0.1767112989
-0.1857816944 -0.3036989432 0.1900819709
-0.1814311163 -0.2600260357 0.1866061406
-0.1896355979 -0.2473310592 0.2041731218
-0.2028902162 -0.3037199524 0.2236445246
-0.194821446 -0.2383604682 0.2166801723
-0.2002069878 -0.2308260494 0.2270269603
-0.2178195842 -0.3037418688 0.2499981762
-0.2013975451 -0.2285121698 0.2296426037
-0.2049351 -0.2138615554 0.2385555841
-0.20105177 -0.2295203509 0.2288336085
-0.201227855 -0.2292150474 0.2292150474
-0.2071512468 -0.2072857091 0.2423843726
-0.2311361776 -0.3037660908 0.269666425
-0.2127583586 -0.1887981673 0.2533191623
-0.2134246138 -0.1872081547 0.2542093033
-0.2427730765 -0.3037909833 0.2837775786
-0.2528867828 -0.3038159512 0.2932976184
-0.2623924314 -0.3038461538 0.2967444029
-0.2721547797 -0.3038874484 0.2919029222
-0.2824078176 -0.3039370809 0.2817084697
-0.2904938916 -0.3039874544 0.264461431
-0.2688764579 -0.1853529674 0.2384633422
-0.2719803785 -0.1926367707 0.2323668262
-0.2732389933 -0.1960620187 0.2295767741
-0.2949565309 -0.3040334084 0.2400553289
-0.2788119883 -0.2148092433 0.2148092433
-0.2793683055 -0.2162093993 0.2124169089
-0.2811090963 -0.2219587271 0.2029018145
-0.2969763778 -0.3040792953 0.2084430513
-0.2846607618 -0.2330716808 0.1844039638
-0.2853073885 -0.2358844827 0.1798651002
-0.2981246467 -0.3041315089 0.1690611749
-0.2871136915 -0.2437413822 0.1671832666
-0.2895103323 -0.2537110393 0.1510318338
-0.2977362755 -0.3041879634 0.1216201697
-0.292367303 -0.272182087 0.1220065776
-0.2926051034 -0.275859625 0.1164156544
-0.2924505868 -0.2768701109 0.1116627803
-0.290692985 -0.2820668658 0.08875907500000001
-0.2916624996 -0.3042324268 0.0670492649
-0.2891074914 -0.2867546846 0.0680982306
-0.2878331339 -0.2884790958 0.0616031315
-0.2750368562 -0.3033065947 0.0086940079
-0.2751442925 -0.304243666 0.0085920956
-0.2749161738 -0.3034164174 0.008343541899999999
-0.2493075202 -0.3030561427 -0.0498581286
-0.2493955028 -0.3042216348 -0.0500394982
-0.2519530225 -0.3036258462 -0.0440200104
-0.2566329334 -0.3042278273 -0.033559419
-0.273931288 -0.3042426281 0.0058300091
-0.2343054895 -0.3005445685 -0.0794067091
-0.2209796932 -0.3041885583 -0.1074643611
-0.221814803 -0.2984532838 -0.1040088029
-0.2207719923 -0.2982372503 -0.106267794
-0.20105177 -0.2866125246 -0.1441737883
-0.1981810455 -0.2834580743 -0.1492915451
-0.1946591032 -0.3041600136 -0.1622974794
-0.2059439112 -0.2912877453 -0.1352606083
-0.211460615 -0.296556829 -0.1252086909
-0.1947292143 -0.2791696931 -0.1561798607
-0.1786572117 -0.2615240889 -0.1848100318
-0.1705167841 -0.3041326745 -0.2116340175
-0.1784987042 -0.2613272937 -0.1851261544
-0.1723869657 -0.2537374962 -0.1973148638
-0.1605465221 -0.2426410227 -0.215579694
-0.146971117 -0.304097481 -0.2527857452
-0.15182664 -0.2335070092 -0.2304571871
-0.144093822 -0.2229693769 -0.2388224669
-0.149257146 -0.2309434758 -0.2334442859
-0.1238876421 -0.3040526766 -0.2847044613
-0.1496861895 -0.2315565482 -0.2329864342
-0.1502589861 -0.232375218 -0.232375218
-0.133560409 -0.2049529195 -0.2509737763
-0.1298830983 -0.2005815824 -0.2539220542
-0.102351991 -0.3040029363 -0.307971511
-0.117077484 -0.1839840743 -0.265116353
-0.1161809979 -0.1831512698 -0.2656780442
-0.0834788886 -0.3039542716 -0.3241940788
-0.1140774599 -0.1810395664 -0.2671022977
-0.0678677536 -0.3039110283 -0.3351572139
-0.0554414955 -0.3038749667 -0.342536699
-0.0195953431 -0.4307692308 -0.4093121827
-0.0173273796 -0.4306361031 -0.3976818784
-0.0150324162 -0.4304726244 -0.3820482663
-0.0133095341 -0.4302824122 -0.3612448534
-0.0133171161 -0.4300804202 -0.3340855616
-0.0167392347 -0.4298943249 -0.2996441519
-0.0242295161 -0.4297330387 -0.2573162581
-0.0344421931 -0.4295656505 -0.2066607387
-0.0569860565 -0.304894932 -0.1181826064
-0.045758932 -0.4293611599 -0.1479755582
-0.0570910334 -0.3050103786 -0.1176113839
-0.0597349497 -0.3087975111 -0.0988729094
-0.0641124221 -0.3150677805 -0.06784804179999999
-0.059743886 -0.429166414 -0.083239966
-0.0653329297 -0.3162196066 -0.0621488756
-0.0785766365 -0.3256686505 -0.01539551
-0.08003520240000001 -0.3265647953 -0.0109614287
-0.08227769059999999 -0.3279425874 -0.0041442018
-0.0812227284 -0.4291122555 -0.0167239106
-0.08233216760000001 -0.3279760582 -0.0039785903
-0.0842796041 -0.3287801477 0
-0.08801797309999999 -0.327170848 0.0079626404
-0.111442616 -0.429263624 0.0462863453
-0.109023064 -0.3179659165 0.0535076468
-0.1124614377 -0.3167382628 0.0595819378
-0.144623341 -0.4295176866 0.1036637226
-0.1384863996 -0.3076653926 0.1044734595
-0.139346383 -0.307354542 0.1060115131
-0.1742920696 -0.4297395037 0.1556855738
-0.149257146 -0.3038541315 0.1233311446
-0.1981348495 -0.4298871224 0.2016075866
-0.2175390506 -0.4300000607 0.2399480401
-0.2344044526 -0.4301218948 0.2700925835
-0.2494474402 -0.4302630363 0.2926176998
-0.2626781728 -0.4304145227 0.3087549071
-0.2742896834 -0.4305724468 0.3195616264
-0.2852297864 -0.4307692308 0.3232964338
-0.296081326 -0.4310369079 0.317263027
-0.3069938945 -0.4313524934 0.3049613548
-0.3153547085 -0.4316733043 0.2849197466
-0.319544964 -0.431967553 0.2569441979
-0.3202649753 -0.4322508502 0.220868721
-0.3188840928 -0.4325557846 0.1760916999
-0.3150303317 -0.4328769808 0.1223092424
-0.3049488998 -0.4331292713 0.060607755
-0.284160287 -0.4331944139 -0.0054809307
-0.2715988793 -0.3061744961 0
-0.261670293 -0.3048830887 -0.0222637269
-0.2541499248 -0.4330737019 -0.0720322622
-0.2216039855 -0.4328919675 -0.1373756738
-0.1910180849 -0.4327272141 -0.1995929784
-0.162398958 -0.4325543914 -0.2553023412
-0.1347565856 -0.4323327762 -0.3017633972
-0.1084555137 -0.432063441 -0.3381149028
-0.0843737227 -0.4317686829 -0.3649304479
-0.06312417200000001 -0.4314718123 -0.3836513903
-0.0452568326 -0.4311967742 -0.3959779374
-0.0308522217 -0.4309608776 -0.4040132447
0.0093785091 -0.5576923077 -0.4866001958
0.011545617 -0.5574074336 -0.473210707
0.0135212591 -0.5570620835 -0.4552346182
0.0144816058 -0.5566693833 -0.4313507494
0.0130002241 -0.5562666119 -0.4002518437
0.0071341296 -0.5559166499 -0.3609725309
-0.0042162609 -0.5556547131 -0.3129416437
-0.0202636492 -0.5554446996 -0.2558348133
-0.0393045773 -0.555223515 -0.1899617314
-0.061302716 -0.5550173446 -0.1171834915
-0.08864994449999999 -0.5549819466 -0.0415896434
-0.1218338199 -0.5552141424 0.0316025632
-0.1565051488 -0.5555859997 0.0993684157
-0.1874263898 -0.5559032612 0.1607731403
-0.2125010619 -0.5561002627 0.2146278849
-0.2329328824 -0.5562456486 0.2595307127
-0.2506469386 -0.5564231942 0.2949915093
-0.266569891 -0.5566602158 0.3216507546
-0.2808417202 -0.5569432397 0.3407908183
-0.293684604 -0.5572644655 0.3535319364
-0.3060614081 -0.5576923077 0.3578428573
-0.3178927212 -0.5582741528 0.3503187217
-0.3289835808 -0.5589378929 0.3352953579
-0.337305144 -0.5596150739 0.3119529966
-0.3411061365 -0.5602426733 0.2798490381
-0.3398465215 -0.5608046278 0.2386200194
-0.3342296843 -0.5613366735 0.1877415982
-0.324624072 -0.561858295 0.126887458
-0.3087254779 -0.5622616695 0.0571526839
-0.2832759088 -0.5623661589 -0.0180156358
-0.2500578477 -0.5621850833000001 -0.094743118
-0.2150125668 -0.5619185044 -0.1706021686
-0.181263635 -0.5616436212 -0.2424313104
-0.1484803061 -0.561287427 -0.3061976891
-0.1170880012 -0.5608317072 -0.3595355616
-0.08852523449999999 -0.5603295612 -0.4021712528
-0.06308614229999999 -0.5597988377999999 -0.4345197061
-0.0401822068 -0.5592275370999999 -0.457347842
-0.0202326256 -0.558650427 -0.4718755911
-0.0037295253 -0.5581287299 -0.4809099109
0.0389785051 -0.6846153846 -0.5776407299
0.0410619641 -0.6842316145 -0.5623215972
0.0427225298 -0.6837725569000001 -0.5417521701
0.042890657 -0.6832633071999999 -0.5144146868
0.0398578405 -0.6827613564 -0.478834413
0.0314088334 -0.6823577983 -0.4340024522
0.0158680434 -0.6821261673 -0.3794084688
-0.0067407404 -0.6820626869 -0.3149105752
-0.0346182567 -0.6820843434 -0.2408356566
-0.0656308993 -0.6821156452 -0.1588236761
-0.0989833827 -0.6821851839 -0.0725818911
-0.1342596803 -0.6823641262 0.0128828136
-0.1691463195 -0.6826154093 0.09334774630000001
-0.2001647003 -0.6828146466 0.1662104222
-0.2255567472 -0.6829074825 0.2296911996
-0.2462451712 -0.6829622806 0.2825501464
-0.2641263011 -0.6830780397 0.3245038323
-0.2803810568 -0.6833000119 0.3562706576
-0.2953274192 -0.6836197344 0.3791708707
-0.3092114599 -0.684027724 0.3943862745
-0.3230093147 -0.6846153846 0.3995638064
-0.3358303973 -0.6854168665 0.390435584
-0.3469895002 -0.6863004492 0.3723402569
-0.3552960199 -0.6872065673 0.3453144092
-0.3588750622 -0.6880569248 0.3085695214
-0.3555754694 -0.6887563537 0.2614920603
-0.3452111232 -0.6893029029 0.2036860521
-0.329106188 -0.6897684703 0.1348024645
-0.3069106599 -0.690116889 0.0558701921
-0.2770040134 -0.6902094312 -0.0299146399
-0.2414347484 -0.6900786118 -0.1187964476
-0.2049504524 -0.6898954671 -0.2072928625
-0.1687655027 -0.6896325053 -0.2906253132
-0.13211099 -0.6891641254999999 -0.3640150631
-0.097252964 -0.6885693423 -0.4256568784
-0.0669986351 -0.687996044 -0.4760432801
-0.0408641286 -0.6874236479 -0.5153572467
-0.0167054191 -0.6867435211 -0.5434582487
0.005229666 -0.6859780317 -0.5608979576999999
0.0238962588 -0.6852458498 -0.5713319068
0.06335371300000001 -0.8115384615 -0.654546286
0.0633842401 -0.8111763176 -0.6379534687
0.0623820183 -0.8107531562 -0.6157177719
0.0591648993 -0.8103049911 -0.5862547077
0.0520824296 -0.8098955453 -0.5479714457
0.0391480937 -0.8096172812 -0.4996781988
0.0189273283 -0.8095386442 -0.4405948258
-0.0084143585 -0.8096416986 -0.370351353
-0.0409483406 -0.8098178021 -0.2892341883
-0.076222765 -0.8099607572 -0.199076269
-0.112830429 -0.8100730350000001 -0.1038512694
-0.1499121895 -0.8102177442 -0.0088224038
-0.1853809818 -0.8103747061 0.08121648300000001
-0.2163616205 -0.810446056 0.1628884358
-0.2414966867 -0.8103993531 0.2339655645
-0.2616821086 -0.8103152981 0.293189014
-0.2786731177 -0.8103010421 0.3404386332
-0.2937007727 -0.8104106487 0.3766010411
-0.3072681188 -0.8106420707000001 0.4031499799
-0.3197309635 -0.8109861758 0.421481446
-0.3321369117 -0.8115384615 0.4300697127
-0.345267451 -0.8125533034 0.4193607767
-0.356314067 -0.8136554424 0.3989154203
-0.3648362635 -0.8148112445 0.3690771234
-0.3686078314 -0.8159136187 0.3286704117
-0.3644964486 -0.8167932792 0.2768968718
-0.3518498153 -0.8174179599 0.2134524024
-0.3326667513 -0.8179162818 0.1378993149
-0.3074107515 -0.8182952469 0.0511886714
-0.2744475909 -0.8183828955 -0.0432459082
-0.2354959696 -0.8181899764 -0.1411888313
-0.1955316482 -0.8179277579999999 -0.238720285
-0.1560290838 -0.8175706896 -0.3306173249
-0.1161192147 -0.8169530009 -0.4116313578
-0.07829688 -0.816180562 -0.4797964667
-0.0459193158 -0.815468796 -0.5358235404
-0.0187227099 -0.8148109051 -0.5801211855
0.0058401335 -0.8140523706 -0.6125598215
0.028254899 -0.8131713597 -0.6334682991
0.0476071545 -0.8122996747 -0.6464083003
0.08328818139999999 -0.9384615385 -0.7154832621
0.0806562503 -0.9383074561 -0.6979586612000001
0.0762591692 -0.9381385108 -0.6745572352
0.0688386605 -0.9379836136 -0.643713883
0.0569012429 -0.9378804492 -0.6037927751
0.0388604072 -0.9378743243 -0.5534041461
0.0138054278 -0.9379860007 -0.4914008684
-0.0176971667 -0.9381809967 -0.4170623368
-0.0536257857 -0.9383783127999999 -0.3306115762
-0.09170136669999999 -0.9385144683 -0.2341477102
-0.1304992469 -0.9385949555 -0.1319826808
-0.168781896 -0.9386512715999999 -0.0296380346
-0.2043121509 -0.938667511 0.0677417473
-0.2346513918 -0.9386007566 0.1562496163
-0.2589212129 -0.9384537663 0.2332686309
-0.278034373 -0.9382841057 0.2975032358
-0.2935429028 -0.9381558911 0.3489940706
-0.3066574172 -0.938103498 0.3888136154
-0.3180651183 -0.9381309203 0.418602594
-0.3282483102 -0.9382335808 0.4400026992
-0.3383014799 -0.9384615385 0.4527214255
-0.3515257485 -0.9391984787 0.4404183946
-0.3623387831 -0.939987231 0.4179933643
-0.3711222968 -0.9408360633 0.3859532703
-0.3752392334 -0.9416587861 0.3427161858
-0.3706868502 -0.9423028237 0.2873268105
-0.3564260476 -0.9427278974 0.2195828069
-0.335115386 -0.9430531611 0.1389338381
-0.3078298441 -0.943310828 0.0462171772
-0.2725135754 -0.9433587407 -0.054821137
-0.2303207786 -0.9431734016 -0.1594207345
-0.1867591139 -0.9429224413 -0.2634553898
-0.1441268761 -0.9426221172 -0.3616384748
-0.1015279789 -0.9421509930999999 -0.4483868396
-0.0612336894 -0.9415696972000001 -0.521432927
-0.0269296402 -0.9410442349 -0.5815905504
0.0011382942 -0.9405963611 -0.6296239595999999
0.0256013586 -0.9401179586 -0.6656422316
0.0478666744 -0.9395532079 -0.6898340449
0.0673465505 -0.9389740481 -0.7053480338
0.09594411680000001 -1.0653846154 -0.7577824044
0.0907134191 -1.065358928 -0.7395268961
0.0829800666 -1.06534061 -0.7152933792
0.0713772924 -1.0653466493 -0.6836352681
0.0545848231 -1.0653920474 -0.6429529586
0.031533289 -1.0654867622 -0.5916376008999999
0.0019922295 -1.0656243619 -0.5281352915
-0.0330283252 -1.0657768901 -0.45135636
-0.0715097095 -1.0659052208 -0.3614746198
-0.1114345111 -1.0659856282 -0.2608182507
-0.1513452357 -1.0660212936 -0.1539196719
-0.1896481507 -1.0660206941 -0.0464369464
-0.2241017629 -1.0659776195 0.0562132987
-0.2528018781 -1.0658850985 0.1496695055
-0.2753608922 -1.0657563712 0.2309875294
-0.2927489301 -1.0656201727 0.2988537955
-0.3063575277 -1.065502806 0.3534774422
-0.3173391629 -1.0654182348 0.3961341445
-0.3264647808 -1.0653690535 0.4286247188
-0.3342781983 -1.0653528156 0.4528196287
-0.3419396835 -1.0653846154 0.4698533516
-0.3554840292 -1.0657529408 0.4561719545
-0.3662543622 -1.0661393815 0.4321732877
-0.3756033997 -1.0665658842 0.3985680366
-0.3804487001 -1.0669850959 0.3533570786
-0.3758256751 -1.0673055872 0.2954505953
-0.3602837801 -1.0674988033 0.2247921394
-0.3372723747 -1.0676384076 0.1407129269
-0.3085911652 -1.0677555488 0.0438858799
-0.2716880607 -1.0677706114 -0.0616761423
-0.2270030605 -1.0676549672 -0.1707212673
-0.1805734114 -1.0674992633 -0.2790406469
-0.1355944337 -1.0673302827 -0.3814374708
-0.0911039516 -1.0670872612 -0.4720856615
-0.0490448293 -1.0667908989 -0.5484399103000001
-0.013414043 -1.0665277315 -0.6114334792
0.0149780208 -1.0663220772 -0.6622067948
0.038832569 -1.0661224229 -0.7011052506
0.0605725327 -1.0658803469 -0.7281221572
0.0799520608 -1.0656194986 -0.7458819077
0.09669232110000001 -1.1923076923 -0.7751617874
0.0900232408 -1.1923042588 -0.7571401414
0.0806911761 -1.1922960295 -0.7330424138
0.0675967386 -1.1922783901 -0.7012222926
0.0495848802 -1.1922464312 -0.6599638481
0.0255168638 -1.1921948046 -0.6077234558
-0.0049366217 -1.19212533 -0.5429610447
-0.040668929 -1.1920514268 -0.4645191899
-0.0795006249 -1.1919921045 -0.3725175058
-0.1196056708 -1.1919558704 -0.2694431853
-0.1598606982 -1.1919378302 -0.1600708614
-0.1984301254 -1.1919366435 -0.0500922967
-0.2326565794 -1.1919591871 0.0550884004
-0.2608742296 -1.1920060324 0.1508964832
-0.2830142505 -1.1920680917 0.2342208245
-0.2996871852 -1.192136137 0.3038242941
-0.311797808 -1.1922030943 0.3599969069
-0.3206798997 -1.1922608334 0.4039383749
-0.3277816263 -1.1923018324 0.4373872901
-0.334303471 -1.192320799 0.4620792321
-0.3414030119 -1.1923076923 0.4780845122
-0.353019247 -1.1921600895 0.4636798544
-0.362102654 -1.1920033143 0.4390901987
-0.3699769922 -1.1918275508 0.4049291357
-0.3736647538 -1.1916528126 0.3591322649
-0.3684620683 -1.1915170432 0.3004810712
-0.352882007 -1.1914328136 0.2287729631
-0.3299500843 -1.1913713721 0.1433829408
-0.301243052 -1.1913210891 0.0450636981
-0.2644131341 -1.1913151179 -0.0622088691
-0.2199986619 -1.1913650181 -0.1731647105
-0.17382238 -1.191432784 -0.2834050516
-0.1290853358 -1.1915064382 -0.3876379385
-0.08502179410000001 -1.1916107026 -0.4800802252
-0.0434968968 -1.191737134 -0.5581161865000001
-0.0083494847 -1.1918491993 -0.6225414155
0.0195130148 -1.1919351686 -0.6745370696
0.042567743 -1.1920153624 -0.7146320693
0.06327885160000001 -1.1921110959 -0.7430012019
0.0816189148 -1.192214533 -0.7620971329
0.0838518192 -1.3192307692 -0.77148457
0.0767894796 -1.3191593571 -0.7537874482
0.0671176604 -1.3190511924 -0.7300346795
0.0539349984 -1.318885815 -0.6984979432
0.0361856731 -1.3186331761 -0.6574255196
0.0127069319 -1.3182509259 -0.6053020139
-0.0168608002 -1.3177487402 -0.5406118437
-0.0513749413 -1.3172257908 -0.4622057706
-0.0886532038 -1.3168205399 -0.3702256
-0.1270892552 -1.3165809672 -0.2672382988
-0.1658318637 -1.3164564556 -0.1580755034
-0.2029827428 -1.3164472132 -0.0483596839
-0.2357392901 -1.3166186802 0.0565848418
-0.2625948167 -1.3169678183 0.152155508
-0.2836071976 -1.3174224719 0.2352321682
-0.2991509099 -1.3179330147 0.3046489048
-0.3098912197 -1.3184636765 0.3607305628
-0.3173050776 -1.3189438512 0.4046274948
-0.3232696398 -1.3192881959 0.4380102438
-0.3294925493 -1.3194195537 0.4624173538
-0.3372556651 -1.3192307692 0.4767398486
-0.3476245071 -1.3182465282 0.4623921829
-0.3557790462 -1.3171848871 0.4379598049
-0.3629879323 -1.3159783945 0.4041070697
-0.3663453191 -1.3147705909 0.3587863435
-0.3614002572 -1.313821585 0.3007077753
-0.346681082 -1.3132200018 0.2295624269
-0.3248777018 -1.312779369 0.1447840882
-0.2973685697 -1.3124281114 0.0471794238
-0.2619609962 -1.3123927241 -0.0593846357
-0.219265468 -1.3127466362 -0.1697366484
-0.1748751973 -1.3132249364 -0.2794226448
-0.1318875717 -1.3137423372 -0.3831658715
-0.08960826970000001 -1.3144673503 -0.4753122566
-0.0497885645 -1.3153439238 -0.5532354804
-0.0160813865 -1.3161210066 -0.6175951977
0.0105967575 -1.3167139842 -0.669543377
0.0325505175 -1.3172582982 -0.7097093965
0.0521849716 -1.3179029354 -0.7384031294
0.0695693629 -1.3186013735 -0.7579615249
0.0566780711 -1.4461538462 -0.7506916222
0.0498490455 -1.4460180965 -0.7335090169
0.0405648652 -1.445823348 -0.7104419127
0.0280409758 -1.445543895 -0.6798069218
0.0112907136 -1.445133125 -0.6398964246
-0.0107705202 -1.4445272708 -0.5891921096
-0.0384122992 -1.4437496902 -0.5261915804
-0.0704760745 -1.4429636603 -0.4497864563
-0.1049181602 -1.4423818604 -0.3601832163
-0.1403963907 -1.4420590471 -0.2599531206
-0.1762572241 -1.4419012992 -0.1538069849
-0.2106659727 -1.4419165552 -0.047179391
-0.2409120136 -1.4422163759 0.054764009
-0.2656377468 -1.4427907107 0.1475453736
-0.2849022962 -1.4435284109 0.2281592351
-0.2989452166 -1.4443656406 0.2955133736
-0.3083742385 -1.4452486942 0.3499420911
-0.3147592839 -1.4460479569 0.3925722649
-0.3201883133 -1.4465944228 0.4249999889
-0.3267361633 -1.4467101395 0.4485239202
-0.3359290227 -1.4461538462 0.4609327109
-0.3458253245 -1.4446048436 0.4470346432
-0.353684558 -1.4429350519 0.4233865106
-0.3608230671 -1.441026982 0.3906795721
-0.3644109664 -1.4391150626 0.3469052453
-0.3602120583 -1.4376094867 0.2907573011
-0.3468085074 -1.436650316 0.2218779
-0.3266870039 -1.4359522847 0.1397574965
-0.3010982374 -1.4354092872 0.045211817
-0.2679361846 -1.4353769713 -0.0580560202
-0.2278088081 -1.4359634733 -0.1650676193
-0.1860916034 -1.4367421442 -0.2714730042
-0.1457625281 -1.4375707845 -0.3721612298
-0.106123282 -1.4387138397 -0.4617011994
-0.0687729618 -1.4400889948 -0.5375193293
-0.0371694671 -1.4413049238 -0.6001700589
-0.0122012254 -1.442227942 -0.6507463877
0.0083150893 -1.4430698594 -0.6899098751
0.026729702 -1.4440706982 -0.7180279812
0.0431460097 -1.4451648515 -0.737302011
0.0304886735 -1.5730769231 -0.7221862699
0.0240674611 -1.5729888075 -0.705563285
0.0153569517 -1.5728635198 -0.6832740049
0.00364631 -1.5726858622 -0.6537242134
-0.0119993291 -1.5724257479 -0.6152736934
-0.0325501732 -1.5720482003 -0.5663898238
-0.0581387644 -1.5715769087 -0.5055767391
-0.0875833566 -1.5711193408 -0.4317698683
-0.1190113861 -1.5708023399 -0.3452457509
-0.1513447486 -1.5706460966 -0.2485515
-0.1841034272 -1.5705842152 -0.1462280199
-0.2155489752 -1.5706246938 -0.0434923956
-0.2431367096 -1.5708379176 0.05467061
-0.2656468728 -1.5712150831 0.1439490131
-0.2830923459 -1.5716921152 0.2214884371
-0.2956119103 -1.5722365484 0.2862670252
-0.3038248382 -1.5728118245 0.3386198294
-0.3093958772 -1.5733243119 0.3796574812
-0.3145691086 -1.5736482495 0.4108976342
-0.3217665177 -1.5736345965 0.4333767788
-0.3328604904 -1.5730769231 0.4437743199
-0.3428993095 -1.5720645219 0.4302360471
-0.3508946603 -1.5709931678 0.4074758363
-0.3582986805 -1.569772951 0.3760904331
-0.3623717688 -1.5685545984 0.3341004717
-0.3590598613 -1.5675973516 0.2802125376
-0.3470144156 -1.5669885803 0.2140477435
-0.3285949849 -1.5665504369 0.1351403827
-0.304951951 -1.5662191357 0.0442993103
-0.2740108556 -1.5662203693 -0.0549327381
-0.2363585164 -1.5666179229 -0.1577900554
-0.1972116811 -1.5671338813 -0.2600921269
-0.1594500367 -1.5676721286 -0.3569419467
-0.1223423774 -1.5683995037 -0.4431460489
-0.0873527801 -1.5692672016 -0.5162118899
-0.057782947 -1.5700301092 -0.5766217643
-0.0344834922 -1.5706050447 -0.6254053124
-0.015341681 -1.5711274694 -0.6632203692999999
0.0019694065 -1.5717541247 -0.6904503578
0.0175656066 -1.5724475327 -0.7091607034
0.008093048699999999 -1.7 -0.6900224825
0.0020167206 -1.6999246566 -0.67401985
-0.0061942928 -1.6998195678 -0.6525798842
-0.0171724912 -1.6996741317 -0.624192284
-0.0317903977 -1.6994647536 -0.5872789647
-0.0509066747 -1.6991678584 -0.5403069319
-0.07453202840000001 -1.6988090532 -0.4817979803
-0.1014688266 -1.6984772823 -0.4107322837
-0.1300091234 -1.6982676143 -0.3274453584
-0.1593363729 -1.6981837044 -0.2344521188
-0.1891420087 -1.6981662859 -0.1361192884
-0.2177760486 -1.6982243363 -0.0374389577
-0.2428451403 -1.6984143068 0.0567942167
-0.263269071 -1.698726621 0.1424413845
-0.2790258228 -1.6991144979 0.216794034
-0.2901331769 -1.6995600536 0.2789037972
-0.2971924356 -1.7000336937 0.3291069763
-0.3019598244 -1.7004508369 0.3684908182
-0.306849018 -1.7006942552 0.3984942402
-0.3146302622 -1.7006140274 0.4199025946
-0.3275318294 -1.7 0.4283025393
-0.3377020309 -1.6991626193 0.415021143
-0.3457360071 -1.6982994318 0.393166136
-0.3532304475 -1.6973233477 0.3631526165
-0.3575852301 -1.6963533702 0.3230211734
-0.3549785839 -1.6955928338 0.2714921134
-0.3441492593 -1.6951091806 0.2081623478
-0.3272983061 -1.6947647332 0.1326100044
-0.3054518559 -1.6945130523 0.0456380531
-0.2765954432 -1.6945332026 -0.0493787809
-0.2413110421 -1.6948714238 -0.1478963107
-0.204628509 -1.6953013552 -0.2459063163
-0.1693193183 -1.6957421223 -0.3387299948
-0.1346537874 -1.6963246194 -0.4214249075
-0.1019747216 -1.697012024 -0.4915908436
-0.074409897 -1.697612015 -0.5496397528
-0.0527636042 -1.6980598909 -0.5965365540000001
-0.0350059751 -1.6984641133 -0.6329350609
-0.0188468778 -1.698953012 -0.6592370283
-0.0041456085 -1.6995007494 -0.6773668411
-0.0103216866 -1.8269230769 -0.6635608112
-0.0161388524 -1.8268599584 -0.6480965626
-0.0239761792 -1.8267733231 -0.6273792168
-0.0344110642 -1.8266558378 -0.5999522556
-0.0482548776 -1.8264902005 -0.5642825757
-0.0662815945 -1.8262605784 -0.5188583999
-0.0884137359 -1.825990477 -0.4622219907
-0.113431521 -1.8257507676 -0.3933851704
-0.1397479441 -1.8256110604 -0.3127210785
-0.1667700784 -1.8255653347 -0.2227201649
-0.1943336182 -1.8255636785 -0.1276138324
-0.2208051964 -1.8256176235 -0.032198659
-0.2438702584 -1.8257730248 0.058894956
-0.2626105767 -1.8260183625 0.1416490075
-0.2770266422 -1.8263181205 0.2134581276
-0.2869925663 -1.8266661963 0.2734394536
-0.2930139225 -1.8270434351 0.3219336277
-0.2969090706 -1.8273786125 0.3599945933
-0.3012649354 -1.8275687634 0.3890015812
-0.3091349154 -1.8274786182 0.4095741607
-0.3229556506 -1.8269230769 0.4165432965
-0.332891172 -1.8262785088 0.4035545749
-0.3406973661 -1.8256235923 0.3824496708
-0.3480231091 -1.8248851261 0.3535519084
-0.3524149043 -1.8241524182 0.314940449
-0.3502948163 -1.8235765197 0.2653419891
-0.3404646624 -1.8232078667 0.2043192504
-0.3249248779 -1.8229471064 0.1314904548
-0.3045821277 -1.8227624657 0.047655691
-0.277530961 -1.8227874826 -0.0439657355
-0.2443442514 -1.8230546175 -0.1390118767
-0.2098097695 -1.8233916851 -0.2335809391
-0.1765993886 -1.8237343362 -0.3231655631
-0.1440399081 -1.8241785003 -0.4030498588
-0.1133540009 -1.8246984079 -0.4709012779
-0.0874720316 -1.825151683 -0.5270469616
-0.06718112179999999 -1.8254887454 -0.5724069129
-0.0506027135 -1.8257886764 -0.6076663958
-0.0355355718 -1.8261487494 -0.6332899945
-0.0217842294 -1.8265536737 -0.6510754155
-0.0270547348 -1.9538461538 -0.6393324273
-0.0321538585 -1.953800988 -0.6242509833
-0.0391772831 -1.9537300245 -0.6040896941
-0.0488270917 -1.9536168684 -0.57748303
-0.0619010542 -1.9534417031 -0.5429624323
-0.0790410809 -1.9531929211 -0.4990432016
-0.100018394 -1.9529031779 -0.4442616615
-0.1235693089 -1.9526510723 -0.377645034
-0.1482576333 -1.9525042528 -0.2996026502
-0.1736699508 -1.952448831 -0.2125836069
-0.1996278343 -1.9524357657 -0.1206532178
-0.22442788 -1.9524865233 -0.0284040824
-0.2458886076 -1.9526484742 0.0596716705
-0.2633102254 -1.9529013096 0.1396519992
-0.276742315 -1.9532064821 0.2090205408
-0.285945825 -1.9535644101 0.2669513922
-0.2913122975 -1.9539599438 0.3137861651
-0.2946153123 -1.954316904 0.3505448555
-0.298431226 -1.9545227389 0.3785770197
-0.3058127715 -1.9544297775 0.3984818416
-0.319095563 -1.9538461538 0.4052049857
-0.3288629686 -1.9531700748 0.3928937342
-0.3365611337 -1.952485993 0.3726223281
-0.343785778 -1.9517181324 0.3448026773
-0.3482552491 -1.9509569719 0.3075969097
-0.3466011664 -1.9503569535 0.2597501833
-0.3376514314 -1.9499717127 0.2008184001
-0.3232484005 -1.9497021006 0.1304622536
-0.3042779167 -1.9495139078 0.0494595085
-0.2789831331 -1.9495408547 -0.0391287582
-0.2478297478 -1.9498195116 -0.1310813029
-0.2152623817 -1.9501775147 -0.2225464335
-0.1838929078 -1.9505433489 -0.3091798732
-0.1531743854 -1.9510092475 -0.3864922592
-0.1241771093 -1.9515532282 -0.4521917551
-0.09958407649999999 -1.952034749 -0.5065036529
-0.0802172768 -1.9523987757 -0.5503337692
-0.06447750839999999 -1.9527162735 -0.5844425559
-0.0503695674 -1.9530810655 -0.6094095094
-0.0376231607 -1.9534827399 -0.6269290887
-0.0433052332 -2.0807692308 -0.6162284432
-0.0477219227 -2.0807477987 -0.6015419125
-0.0539723556 -2.080701901 -0.5819494694
-0.06287765670000001 -2.0806085777 -0.5561732611
-0.0752237789 -2.0804482235 -0.5228087477
-0.09152622119999999 -2.080214968 -0.4803997619
-0.1114118815 -2.0799459641 -0.4274812087
-0.1335780167 -2.0797166023 -0.3630971597
-0.1567345568 -2.079583416 -0.2876883869
-0.1806361936 -2.0795268665 -0.2036575292
-0.205087801 -2.079505417 -0.1149061242
-0.2283230483 -2.0795469594 -0.0258287264
-0.2482902616 -2.0796937084 0.0592219891
-0.2644927349 -2.0799197481 0.1364257876
-0.2770200263 -2.0801890641 0.2033564854
-0.2855290863 -2.0805081243 0.2592409285
-0.2903098869 -2.0808673677 0.3044189609
-0.2930928747 -2.0811961242 0.3398771132
-0.2964379188 -2.0813880122 0.366934118
-0.3033930893 -2.0813033752 0.3861658892
-0.3162023967 -2.0807692308 0.392624157
-0.3258323041 -2.080151822 0.3809538545
-0.3334342941 -2.0795306335 0.3614974391
-0.3405586354 -2.0788371172 0.3347376868
-0.3450873452 -2.0781506025 0.2989184464
-0.343850732 -2.0776080598 0.2528087109
-0.3357044616 -2.0772588978 0.1959608789
-0.3223449602 -2.0770172618 0.1280730042
-0.3046390772 -2.076851153 0.0498998068
-0.2809698494 -2.0768766703 -0.0356474429
-0.2517038479 -2.0771294078 -0.1244884958
-0.2209642595 -2.0774597703 -0.2128341499
-0.1913069805 -2.0777989595 -0.2965029595
-0.1623051646 -2.0782233848 -0.3712226713
-0.1348872779 -2.0787175541 -0.4347471421
-0.111502579 -2.079161431 -0.4872123119
-0.0930029696 -2.0795022526 -0.529508328
-0.07804899999999999 -2.0797939513 -0.5624575434
-0.0648396629 -2.080114614 -0.5867392657
-0.0530353117 -2.0804597892 -0.6039500544
-0.0578601819 -2.2076923077 -0.5917825369
-0.0616351389 -2.2076911167 -0.5774976603999999
-0.0671591273 -2.2076697373 -0.5584790619
-0.0753655735 -2.2076035224 -0.5335320015
-0.0870298256 -2.2074756419 -0.5013145047000001
-0.1025479063 -2.2072852149 -0.4604005933
-0.1214111253 -2.2070676902 -0.4093279036
-0.1422822806 -2.2068859765 -0.3471582709
-0.1640110366 -2.2067809123 -0.2743591972
-0.1865087522 -2.2067315101 -0.1932833739
-0.2095618761 -2.2067072755 -0.1076728423
-0.231346583 -2.2067368936 -0.0217311579
-0.249935484 -2.2068530577 0.0603280688
-0.2650195759 -2.2070293431 0.1347896347
-0.2767223347 -2.2072365 0.1993167055
-0.2846042788 -2.2074844494 0.2531850628
-0.288863222 -2.2077688327 0.2967307768
-0.2911880057 -2.2080324744 0.3309073184
-0.2941187249 -2.2081878491 0.3570018984
-0.300694795 -2.2081199367 0.3755669182
-0.313077765 -2.2076923077 0.3817510089
-0.3225837276 -2.2071993313 0.3706874539
-0.3300905304 -2.2067065958 0.352021173
-0.337107481 -2.2061597627 0.3262930802
-0.3416721308 -2.2056193539 0.2918273443
-0.340803363 -2.2051912932 0.2474208479
-0.3333853168 -2.2049152457 0.1926248289
-0.3209780898 -2.2047264184 0.1271702599
-0.3044304539 -2.2045987045 0.0517886672
-0.2822583031 -2.204619927 -0.0307502377
-0.2547375986 -2.2048201701 -0.1165058714
-0.2256899377 -2.2050863126 -0.2017601128
-0.1976184987 -2.2053607756 -0.2824918403
-0.1702111427 -2.2056983065 -0.3546359403
-0.1442647495 -2.2060901292 -0.415995306
-0.1220081478 -2.2064470821 -0.4666274303
-0.1043174272 -2.206725259 -0.5074052508
-0.0900965488 -2.2069591048 -0.53920274
-0.0777271487 -2.2072049413 -0.5627862728
-0.066804824 -2.2074631725 -0.5796598115
-0.0714295091 -2.3346153846 -0.5678257278
-0.0746079285 -2.3346318589 -0.5539407965000001
-0.07945674849999999 -2.3346248033 -0.535489401
-0.0870140765 -2.3345593127 -0.5113542076000001
-0.0980450831 -2.3344150643 -0.48025324
-0.1128343593 -2.3341953184 -0.4407919338
-0.1307481318 -2.3339465859 -0.3915141396
-0.1504199401 -2.3337429824 -0.3314999863
-0.1708322009 -2.3336258466 -0.2612395474
-0.1920409032 -2.3335654645 -0.1830338526
-0.2138126836 -2.3335303459 -0.1004720269
-0.2342704716 -2.3335600146 -0.0175756701
-0.2516037902 -2.3336902487 0.0615777799
-0.2656762681 -2.3338848143 0.1333783016
-0.2766400425 -2.3341101504 0.1955758796
-0.2839664791 -2.3343827333 0.2474913115
-0.2877682056 -2.3347012496 0.2894555353
-0.2896931813 -2.3350002496 0.3223898589
-0.2922589318 -2.3351779651 0.3475504775
-0.2984939469 -2.3351003809 0.3654649907
-0.3104736068 -2.3346153846 0.3713804215
-0.3198475522 -2.334057713 0.3608912191
-0.3272437336 -2.3335041885 0.3429829081
-0.3341318861 -2.3328937227 0.3182465988
-0.3386970922 -2.3322915219 0.2850846454
-0.3381385125 -2.331813448 0.2423238616
-0.3313691381 -2.3315045457 0.1895155684
-0.319819647 -2.3312957451 0.1264199743
-0.304320891 -2.3311569283 0.0537459561
-0.2835170483 -2.3311819438 -0.0258699891
-0.2576026114 -2.3314066227 -0.1086234253
-0.2301146336 -2.3317101225 -0.1908713648
-0.203505832 -2.3320244357 -0.2687475193
-0.1775748278 -2.3324044804 -0.3383828385
-0.1529964792 -2.3328443103 -0.3976305322
-0.1317903046 -2.3332505611 -0.4464784405
-0.1148526656 -2.3335716457 -0.485782006
-0.1013145555 -2.3338369922 -0.5164580586
-0.0897307946 -2.3341035731 -0.5393501462
-0.07963615960000001 -2.3343762332 -0.5558752603
-0.08509355490000001 -2.4615384615 -0.5470838971999999
-0.0877248288 -2.4615722659 -0.5335836088
-0.0919556946 -2.4615819024 -0.5156748275
-0.09892201840000001 -2.461525677 -0.4923109581
-0.1093799924 -2.4613820602 -0.4622662947
-0.1235115772 -2.4611584468 -0.4241776923
-0.1405676616 -2.4609075081 -0.3765969216
-0.1591550945 -2.4607061145 -0.3186215549
-0.1783795564 -2.4605908009 -0.2507604406
-0.1984304335 -2.4605260683 -0.175264052
-0.2190541494 -2.4604834068 -0.0955787459
-0.2383217203 -2.4605092019 -0.0155562554
-0.2545287751 -2.4606380273 0.0608556662
-0.2676978901 -2.4608275001 0.130147932
-0.2780071585 -2.461043625 0.190152046
-0.284844346 -2.4613080033 0.2402297975
-0.2882423728 -2.4616228952 0.2807061563
-0.2898113925 -2.4619222147 0.3124713402
-0.2920485712 -2.4621016525 0.3367516673
-0.2979718369 -2.4620236392 0.3540516034
-0.309575553 -2.4615384615 0.3597093194
-0.3188137172 -2.460981984 0.3497544841
-0.3260929379 -2.4604333542 0.3325530243
-0.3328444874 -2.4598320188 0.3087425477
-0.3373897555 -2.4592398786 0.2768009358
-0.3370955085 -2.4587687015 0.2355859112
-0.3309015554 -2.4584636264 0.1846494041
-0.320117172 -2.4582598713 0.1237769653
-0.3055564576 -2.4581268154 0.0536559055
-0.2859851747 -2.4581527379 -0.0232000794
-0.2615243261 -2.4583751539 -0.1031153446
-0.2354469294 -2.4586804294 -0.1825218426
-0.2101603368 -2.4589978851 -0.2576992069
-0.1855688981 -2.4593754717 -0.3249603129
-0.1622354125 -2.4598111183 -0.382207662
-0.1419821201 -2.4602190558 -0.4293666334
-0.1257254139 -2.4605458253 -0.4672766569
-0.1128075126 -2.4608114826 -0.4968909591
-0.1019453788 -2.461066292 -0.5191223293
-0.09261602400000001 -2.4613193912 -0.5353071978
-0.0973592059 -2.5884615385 -0.5256795439
-0.099568277 -2.5884974838 -0.512595023
-0.1033213435 -2.5885136683 -0.4952594079
-0.1098324255 -2.5884729452 -0.472686342
-0.1198231519 -2.5883586582 -0.4436980961
-0.1333489351 -2.5881809819 -0.4069553353
-0.1495641085 -2.5879852832 -0.3610198691
-0.1671029812 -2.5878314531 -0.3050272713
-0.1852292506 -2.5877425935 -0.239513369
-0.2042152047 -2.5876882915 -0.166664637
-0.2237298349 -2.5876509345 -0.0897748651
-0.2418445292 -2.5876699624 -0.0125450631
-0.2570221326 -2.5877686903 0.0611895994
-0.2693850322 -2.5879113048 0.1280318383
-0.279068517 -2.5880736037 0.185903957
-0.2854208618 -2.588274814 0.2341985623
-0.2884720909 -2.5885166414 0.2732261839
-0.2897921115 -2.5887472634 0.3038494664
-0.2917777038 -2.5888864655 0.3272657955
-0.2972914053 -2.5888302001 0.3440061728
-0.3083451824 -2.5884615385 0.3496681543
-0.3173451977 -2.5880318152 0.3401513304
-0.3244996595 -2.5876080476 0.3236269867
-0.3311913481 -2.5871434206 0.3007274218
-0.3358172139 -2.586685372 0.2699743728
-0.3358282034 -2.5863206122 0.2302470232
-0.3301655844 -2.5860854711 0.1811142194
-0.3200793254 -2.5859306547 0.1223869327
-0.3063861943 -2.5858311721 0.0547288287
-0.28791771 -2.5858535827 -0.0194503932
-0.2647468828 -2.5860276562 -0.0966017723
-0.2399878324 -2.5862666598 -0.1732625336
-0.2159900586 -2.5865140548 -0.2458499015
-0.1926740817 -2.5868053476 -0.3108220257
-0.1705159545 -2.5871411585 -0.3661362311
-0.1512207982 -2.5874575556 -0.4116892676
-0.1357053914 -2.5877121759 -0.4482967827
-0.1234165976 -2.5879173526 -0.4769088478
-0.1131603838 -2.5881100512 -0.4984486573
-0.1043999836 -2.5882989967 -0.5141918098
-0.1103800419 -2.7154154484 -0.4910408286
-0.1085172443 -2.7153846154 -0.503693248
-0.1137374023 -2.715431143 -0.4742917757
-0.1198658185 -2.7154018835 -0.4525111637
-0.129433439 -2.715316323 -0.4245628608
-0.1423516097 -2.7151856569 -0.3891263805
-0.1576906764 -2.7150454725 -0.344776221
-0.1741503114 -2.7149377581 -0.2907010319
-0.1911766602 -2.7148743794 -0.2274690594
-0.2090902291 -2.7148323864 -0.1571934995
-0.2274463422 -2.7148036539 -0.0830108956
-0.24435939 -2.7148178326 -0.0084876011
-0.2585069468 -2.7148875871 0.0626407523
-0.2700707471 -2.7149862061 0.1270960224
-0.2790958449 -2.7150993705 0.1828967819
-0.2849244582 -2.7152417692 0.2294587401
-0.287639342 -2.7154129894 0.2670733335
-0.2887674512 -2.7155755315 0.2965804982
-0.2905467409 -2.7156740372 0.3191508946
-0.2955823434 -2.7156389878 0.3353762468
-0.3059765246 -2.7153846154 0.341229275
-0.3146951606 -2.7150786859 0.3320844727
-0.3217450975 -2.7147755372 0.3162215767
-0.328457443 -2.7144415256 0.294228017
-0.3332649025 -2.7141112012 0.2646433478
-0.3336456918 -2.7138483216 0.2263577436
-0.3285262826 -2.7136804796 0.1789672092
-0.3191427699 -2.7135717766 0.1223102173
-0.3063272581 -2.7135029778 0.0570267461
-0.288933792 -2.7135216435 -0.014565257
-0.2670029241 -2.7136491856 -0.0890411386
-0.2435630323 -2.7138222616 -0.1630603356
-0.220893015 -2.7139993977 -0.2331687632
-0.1988619615 -2.7142068216 -0.2959442531
-0.1778772953 -2.71444612 -0.3494025239
-0.1595844268 -2.7146716489 -0.3934334103
-0.1448871177 -2.7148527633 -0.4288227901
-0.1332587613 -2.7149982467 -0.4564903284
-0.1235411445 -2.7151348572 -0.4773291144
-0.1152171779 -2.7152690704 -0.4925685062
-0.1191812621 -2.8423272121 -0.4701276224
-0.1176566162 -2.8423076923 -0.482353497
-0.1221483324 -2.84233798 -0.4539548758
-0.1278900409 -2.842322062 -0.4329474778
-0.1370226691 -2.8422736098 -0.4060099038
-0.1493218061 -2.8422008191 -0.3718435392
-0.1637791816 -2.8421246953 -0.3290395247
-0.179157189 -2.8420675539 -0.2768381961
-0.1950734812 -2.8420333207 -0.2158351182
-0.2118971335 -2.842008859 -0.1480710054
-0.2290780942 -2.8419922213 -0.07653194419999999
-0.2447781595 -2.8420002495 -0.0046547889
-0.2578812305 -2.8420376373 0.0639252124
-0.2686267787 -2.8420893017 0.1260477822
-0.2769767603 -2.8421491005 0.1798235773
-0.2822695585 -2.8422255048 0.2246899012
-0.2846372175 -2.8423174002 0.2609208034
-0.2855631903 -2.842404214 0.2893352336
-0.2871322058 -2.8424570142 0.3110777249
-0.2917039083 -2.8424407385 0.3267950106
-0.3014620938 -2.8423076923 0.3328185857
-0.3099167949 -2.8421424324 0.3240435455
-0.3168727381 -2.8419779267 0.3088329494
-0.323611783 -2.8417958162 0.2877315087
-0.3286047369 -2.8416151691 0.2592961497
-0.3293610401 -2.8414715057 0.2224262978
-0.3247957765 -2.8413806567 0.1767424501
-0.3161302226 -2.8413227977 0.1221104574
-0.3042086793 -2.841286762 0.0591484651
-0.28790592 -2.8412983275 -0.009916220700000001
-0.2672295196 -2.8413691693 -0.0817811225
-0.2451204935 -2.8414642148 -0.153222661
-0.2237850851 -2.8415604109 -0.2209106228
-0.2030415039 -2.8416724377 -0.2815411017
-0.1832310887 -2.8418017681 -0.3331881828
-0.1659410031 -2.8419236817 -0.3757342885
-0.1520617292 -2.8420213744 -0.409935142
-0.1410924483 -2.842099601 -0.436680568
-0.1319105697 -2.842173056 -0.4568349194
-0.1240193038 -2.8422453779 -0.4715827854
-0.1299875832 -2.9693065878 -0.4498306759
-0.1287856788 -2.9692307692 -0.4616358014
-0.1325772447 -2.969350798 -0.434223152
-0.1379335711 -2.9692964404 -0.4139676266
-0.1466222027 -2.9691246495 -0.3880079808
-0.1582929891 -2.9688704754 -0.3550707658
-0.1718674762 -2.9686111289 -0.3137680814
-0.1861706445 -2.9684209896 -0.2633907124
-0.2009822702 -2.9683048832 -0.2045566797
-0.2167126835 -2.9682159835 -0.1392336092
-0.2327196985 -2.9681557781 -0.07026591629999999
-0.2472148748 -2.9681842475 -0.0009660685
-0.2592809439 -2.9683098916 0.065131379
-0.2692090472 -2.968479516 0.124982853
-0.2768854588 -2.9686776539 0.1767863547
-0.2816475333 -2.9689348267 0.2199990572
-0.2836723728 -2.969244246 0.2548793551
-0.2843973968 -2.9695351291 0.2822270135
-0.2857573761 -2.9697127282 0.3031613642
-0.2898740985 -2.969666719 0.3183798372
-0.298998364 -2.9692307692 0.3245572633
-0.3071783021 -2.9686709134 0.3161521004
-0.3140250426 -2.9681110035 0.3015844117
-0.3207700931 -2.9674882246 0.2813604425
-0.3259255954 -2.9668685908 0.2540540655
-0.3270394017 -2.9663761364 0.2185715707
-0.3230197334 -2.9660676484 0.1745548026
-0.3150694696 -2.9658744859 0.1218970471
-0.3040409855 -2.9657561771 0.0611966746
-0.2888315513 -2.9658003707 -0.0054087294
-0.2694169688 -2.9660469987 -0.07473653800000001
-0.2486457741 -2.9663743082 -0.1436739328
-0.2286479039 -2.9667019809 -0.2090090426
-0.2091938759 -2.9670814974 -0.2675548418
-0.1905611314 -2.9675199723 -0.3174432048
-0.1742776335 -2.9679333823 -0.3585483888
-0.1612186267 -2.9682639377 -0.3915954093
-0.1509094063 -2.9685277804 -0.4174452627
-0.1422646944 -2.9687755218 -0.4369354427
-0.1348086056 -2.9690199702 -0.4512073685
-0.1439048204 -3.0962192822 -0.4300600901
-0.1430110153 -3.0961538462 -0.4414497183
-0.1461319671 -3.0962589743 -0.4150081927
-0.1511128753 -3.0962168593 -0.3954866585
-0.1593651804 -3.0960792065 -0.3704780055
-0.1704215839 -3.0958784516 -0.3387369807
-0.1831376623 -3.095678401 -0.2988999373
-0.1963960604 -3.0955351333 -0.2503055695
-0.2101270585 -3.0954458693 -0.1935887855
-0.2247808968 -3.0953729343 -0.1306450125
-0.2396329849 -3.0953236732 -0.06418477760000001
-0.2529449867 -3.0953462891 0.0025996354
-0.2639837729 -3.095441793 0.0662763212
-0.2730940829 -3.0955676605 0.1239156519
-0.2800936377 -3.0957161505 0.1737982357
-0.2843192446 -3.0959120732 0.2153999727
-0.2859886149 -3.0961479436 0.248965099
-0.2864954163 -3.0963686635 0.2752743732
-0.2876346828 -3.0965040898 0.2954209665
-0.2913061135 -3.0964761533 0.3101460865
-0.2998193572 -3.0961538462 0.3164543111
-0.307741647 -3.0957251498 0.3084103076
-0.3144941519 -3.0952941881 0.2944669196
-0.3212593076 -3.094812446 0.2750961215
-0.3265889364 -3.0943316553 0.24888991
-0.3280682326 -3.0939497492 0.2147613723
-0.3245989718 -3.093712705 0.1723714011
-0.3173659293 -3.0935667943 0.1216394802
-0.3072282199 -3.0934789591 0.0631454434
-0.2931025155 -3.0935166095 -0.0010607187
-0.2749316836 -3.0937106604 -0.0679135687
-0.2554742801 -3.093965561 -0.1344071417
-0.2367861366 -3.0942180329 -0.1974441519
-0.2185906112 -3.0945088734 -0.2539525118
-0.2011037281 -3.0948451761 -0.3021218088
-0.1857972942 -3.0951623637 -0.341818152
-0.1735335823 -3.0954154493 -0.3737364186
-0.1638640114 -3.095616787 -0.3987097126
-0.1557396252 -3.0958057762 -0.4175497753
-0.1487049678 -3.0959926123 -0.4313560562
-0.1526325346 -3.2230790764 -0.4072565497
-0.1520282373 -3.2230769231 -0.4182040312
-0.1545122872 -3.2230804183 -0.3927925532
-0.1591175638 -3.2230791444 -0.3740407892
-0.1669191952 -3.2230748667 -0.3500243712
-0.177344378 -3.2230687115 -0.3195328848
-0.1891932288 -3.2230627113 -0.2812344556
-0.2014060851 -3.2230585089 -0.2345150342
-0.2140528507 -3.2230558329 -0.1800193382
-0.2276183575 -3.2230535115 -0.1195658821
-0.24130703 -3.2230519438 -0.055731671
-0.2534362403 -3.2230526305 0.0084156864
-0.2634456672 -3.2230554449 0.06955790620000001
-0.2717294325 -3.2230590698 0.124885238
-0.2780451507 -3.2230633926 0.1727606908
-0.2817320231 -3.223069194 0.212679089
-0.283042451 -3.2230761872 0.2448711934
-0.2833234582 -3.2230827048 0.2700967455
-0.2842316139 -3.2230867358 0.2894193093
-0.2874538353 -3.2230861399 0.3036159507
-0.2953373535 -3.2230769231 0.3100157341
-0.3029732148 -3.2230642022 0.3023479496
-0.3096052571 -3.2230513355 0.2890498665
-0.3163612217 -3.2230368757 0.2705625081
-0.321836414 -3.223022398 0.2455016218
-0.3236632452 -3.2230109005 0.2127894856
-0.3207413786 -3.2230038257 0.1721041164
-0.3142318321 -3.2229995434 0.1233904049
-0.3049958726 -3.2229970097 0.0672093392
-0.2919731288 -3.2229982358 0.0055193207
-0.2750740282 -3.2230041519 -0.0587373716
-0.2569579683 -3.2230118519 -0.1226653715
-0.2396015662 -3.2230194015 -0.1832864611
-0.222685349 -3.2230280521 -0.2376504837
-0.2063653481 -3.2230380652 -0.2840093334
-0.1920536986 -3.2230475151 -0.3222211376
-0.1805973641 -3.2230550419 -0.352948831
-0.1715765036 -3.2230610091 -0.3769966579
-0.1639829567 -3.2230666038 -0.3951500144
-0.1573817632 -3.2230721422 -0.408464151
-0.1605958476 -3.3500515552 -0.386695086
-0.1601193391 -3.35 -0.3972267569
-0.1622385957 -3.3500846374 -0.3727625092
-0.166393258 -3.3500575201 -0.3546622113
-0.1735426306 -3.3499594992 -0.3314583337
-0.183223127 -3.3498139629 -0.302019667
-0.1943044598 -3.3496682204 -0.265093358
-0.2056869398 -3.3495643584 -0.2200715681
-0.217322645 -3.3495002328 -0.167544521
-0.2297376406 -3.3494462296 -0.1092693541
-0.2423272973 -3.3494070635 -0.047760394
-0.2534393937 -3.3494209816 0.0140307671
-0.2624059987 -3.3494906649 0.0729339366
-0.2696856274 -3.3495826886 0.1262384018
-0.2752062012 -3.3496892261 0.1723485959
-0.2783066256 -3.3498300524 0.2107753475
-0.2791218154 -3.3500019652 0.241746228
-0.2789621219 -3.3501642921 0.2660019982
-0.2795758681 -3.3502631584 0.2845928703
-0.2828866831 -3.3502357999 0.2981387483
-0.2907466475 -3.35 0.3038554534
-0.2980929986 -3.3496975531 0.2964978432
-0.3044803982 -3.3493934541 0.2837349148
-0.3109988675 -3.3490526347 0.2659923525
-0.316339515 -3.3487119015 0.2419408248
-0.3183218702 -3.3484401076 0.2105308466
-0.3159558391 -3.3482693712 0.1714186365
-0.3102847155 -3.3481631561 0.1245505017
-0.3019903632 -3.3481014683 0.0704907882
-0.2900226099 -3.3481328914 0.0111189543
-0.2744389129 -3.3482734526 -0.0507744529
-0.2578647982 -3.3484500158 -0.1124108954
-0.2420470499 -3.3486208155 -0.1708786124
-0.2265054933 -3.3488210328 -0.2233142435
-0.211392393 -3.3490562239 -0.2680404066
-0.1981275913 -3.349277991 -0.3049228856
-0.1875095938 -3.3494546338 -0.3345809318
-0.1790656751 -3.3495976987 -0.3577670683
-0.1718033306 -3.3497369325 -0.3752070434
-0.1653797591 -3.349877496 -0.3879412489
-0.1716461767 -3.4769819978 -0.3741176269
-0.1712608818 -3.4769230769 -0.3843357667
-0.1730974042 -3.4770207261 -0.3605796081
-0.176853288 -3.4769931345 -0.3429498784
-0.1834178598 -3.4768847913 -0.3203232198
-0.1924532458 -3.4767176151 -0.2916379249
-0.2029030703 -3.4765444572 -0.2557116604
-0.2136102746 -3.4764181768 -0.2119351634
-0.2243855736 -3.476342741 -0.1608471335
-0.2357969656 -3.4762818159 -0.1041602058
-0.2474465177 -3.4762338392 -0.0443532844
-0.2576976324 -3.476246194 0.0157069359
-0.2657372256 -3.4763304736 0.07296775580000001
-0.2720936844 -3.476445199 0.1247897785
-0.2768816299 -3.4765740444 0.169603224
-0.2794343821 -3.4767413723 0.2069292623
-0.2797580337 -3.4769485818 0.2369924233
-0.2791393372 -3.4771472136 0.2605208617
-0.2794503619 -3.477266697 0.2785653867
-0.2829023323 -3.4772179722 0.2915916142
-0.2908398579 -3.4769230769 0.2966368129
-0.2979384218 -3.4765739414 0.2895132135
-0.304114644 -3.476224871 0.2771446598
-0.3104264391 -3.4758347247 0.259952909
-0.3156483746 -3.4754453297 0.2366565585
-0.3177758237 -3.4751329608 0.2062286283
-0.3159260419 -3.474931802 0.1682983486
-0.3110271962 -3.4748026273 0.1228085895
-0.3035769936 -3.4747288265 0.0703304272
-0.2925296833 -3.4747674798 0.0126822623
-0.278096772 -3.4749293332 -0.0474664261
-0.2628952417 -3.475124714 -0.1074244578
-0.2484513839 -3.4753109111 -0.1643180434
-0.2341185822 -3.4755355479 -0.2153446277
-0.2200507251 -3.475804105 -0.2588812763
-0.2076899577 -3.4760572228 -0.2947989811
-0.1977930004 -3.4762589897 -0.323679652
-0.1898283689 -3.476426424 -0.3462330122
-0.1828111114 -3.4765957705 -0.363132268
-0.1764895653 -3.4767699473 -0.3754125497
-0.1805121193 -3.6038649326 -0.3577433808
-0.1802116039 -3.6038461538 -0.3676035081
-0.1817779735 -3.6038775506 -0.3446604284
-0.1851389588 -3.6038697861 -0.3275835002
-0.1911155403 -3.6038362935 -0.3056405305
-0.1994906582 -3.6037824678 -0.2778393852
-0.2092844877 -3.603724799 -0.2430704879
-0.2192922934 -3.6036817909 -0.2007288776
-0.2291928291 -3.6036568581 -0.1513045064
-0.239587049 -3.6036375993 -0.0964561793
-0.2502789564 -3.6036211171 -0.0386120183
-0.2596537935 -3.6036238429 0.019457588
-0.2667685498 -3.6036523145 0.0748248244
-0.2722112799 -3.6036922198 0.1249350243
-0.2762729098 -3.6037358464 0.1682553368
-0.2782862875 -3.603791567 0.2043188117
-0.2781360647 -3.6038615289 0.2333431431
-0.2770794245 -3.6039295627 0.2560403185
-0.2770925237 -3.6039700862 0.2734589379
-0.2806464249 -3.6039488028 0.2859250287
-0.2886072629 -3.6038461538 0.2903227485
-0.2954230552 -3.603733452 0.283464391
-0.3013632818 -3.6036213268 0.271538365
-0.3074492012 -3.603496273 0.2549640579
-0.3125373466 -3.6033716425 0.2325146361
-0.314797464 -3.6032710629 0.2031924998
-0.3134517776 -3.603204648 0.16660514
-0.3093159385 -3.6031606853 0.1226907115
-0.3027127696 -3.6031359319 0.0720197351
-0.2926061549 -3.6031491732 0.0163417773
-0.2793488258 -3.6032013463 -0.0417996942
-0.2655341172 -3.6032617294 -0.099809593
-0.2524732188 -3.6033183109 -0.1548704662
-0.2393666323 -3.6033888016 -0.204257401
-0.2263678572 -3.6034746753 -0.2464080199
-0.2149311856 -3.603555595 -0.2811971316
-0.2057711695 -3.6036201545 -0.3091687935
-0.198305714 -3.603675052 -0.3309904179
-0.1915626527 -3.6037326264 -0.3472829273
-0.1853770616 -3.6037928271 -0.3590684404
-0.1878527597 -3.7307958176 -0.3394670278
-0.1876332622 -3.7307692308 -0.3489430611
-0.1889385506 -3.7308141016 -0.3268759565
-0.1919129024 -3.7308046717 -0.3104045609
-0.1973082352 -3.7307588678 -0.2892152013
-0.2050206228 -3.7306819734 -0.2623830509
-0.2141472082 -3.7305967906 -0.2288708805
-0.2234462727 -3.7305319374 -0.1880829866
-0.2324758093 -3.7304954315 -0.1404646082
-0.2418655527 -3.7304684744 -0.08761518159999999
-0.251605845 -3.7304434619 -0.0318989219
-0.2601132647 -3.7304455652 0.0240160897
-0.2663296927 -3.7304882465 0.07732955179999999
-0.2708960845 -3.7305496196 0.1255801324
-0.2742629317 -3.7306151038 0.1672812425
-0.2757673619 -3.7306974256 0.2019786887
-0.2751836172 -3.7308021177 0.2298803364
-0.2737328317 -3.7309052652 0.251680301
-0.2734760718 -3.7309660832 0.2684234718
-0.2771095136 -3.7309273729 0.2803125885
-0.2850603406 -3.7307692308 0.2840961056
-0.291577829 -3.7306076405 0.2775208076
-0.2972656864 -3.7304477443 0.2660684207
-0.3031073194 -3.7302698074 0.2501538517
-0.3080411119 -3.7300927526 0.2286077824
-0.3104085828 -3.7299489909 0.2004666784
-0.3095344927 -3.7298516629 0.1653215448
-0.3061263781 -3.7297853623 0.1231051888
-0.3003435134 -3.7297485347 0.07438148209999999
-0.2911640327 -3.7297686478 0.0208265874
-0.2790700431 -3.7298433361 -0.0351427441
-0.2666186924 -3.7299259563 -0.09103219279999999
-0.2549138597 -3.7300018934 -0.1440942736
-0.2430187 -3.7300999594 -0.1916937685
-0.2310853589 -3.7302218389 -0.2323321528
-0.2205718188 -3.7303366438 -0.2658873079
-0.2121489223 -3.7304283031 -0.2928656569
-0.2051900147 -3.730508199 -0.3138932398
-0.1987391505 -3.7305949658 -0.3295398314
-0.1927129139 -3.7306870796 -0.3408086138
-0.1960873092 -3.8577232918 -0.3257103417
-0.1959522821 -3.8576923077 -0.3348366454
-0.1969971723 -3.8577452016 -0.3135686478
-0.1996081009 -3.8577364109 -0.2976536894
-0.2044646949 -3.857685571 -0.277158985
-0.2115657673 -3.8575959918 -0.2512186603
-0.2200764913 -3.8574934337 -0.2188602002
-0.2287193166 -3.8574139013 -0.1794977288
-0.236941952 -3.8573704575 -0.1335386748
-0.2454027073 -3.857339845 -0.0825274646
-0.2542625208 -3.8573090921 -0.02876606
-0.2619653696 -3.8573095996 0.0251704559
-0.2673495668 -3.8573619143 0.07659475289999999
-0.2711063751 -3.8574387645 0.123132343
-0.273833663 -3.857518884 0.1633424472
-0.2748714785 -3.8576180492 0.1967821855
-0.2738921371 -3.8577456729 0.2236488912
-0.2720862903 -3.8578728354 0.2446208737
-0.2715929593 -3.8579469256 0.2607433971
-0.2753237569 -3.8578912967 0.272109873
-0.2833087721 -3.8576923077 0.2753279227
-0.2895835148 -3.8575024242 0.2690052689
-0.2950596141 -3.8573158809 0.2579863391
-0.3006891187 -3.8571090331 0.2426761512
-0.3054885012 -3.8569036593 0.2219570083
-0.3079578787 -3.8567359038 0.1948987457
-0.3075181397 -3.8566194833 0.1610791249
-0.3047785911 -3.8565380058 0.1204247221
-0.2997464229 -3.8564933827 0.073490624
-0.2914111753 -3.8565184288 0.0218858214
-0.2803775993 -3.8566058727 -0.0320861684
-0.2691739782 -3.8566979486 -0.0860225624
-0.2587116618 -3.8567807052 -0.137242498
-0.2479242668 -3.8568920014 -0.1831953278
-0.2369645117 -3.8570332508 -0.222440998
-0.2272966612 -3.8571661826 -0.2548597466
-0.2195500102 -3.8572723672 -0.2809236305
-0.213052826 -3.8573673408 -0.3012212258
-0.2068607865 -3.8574740992 -0.3162749223
-0.2009669603 -3.8575890968 -0.3270696152
-0.203622039 -3.9846434272 -0.3109045425
-0.2036960817 -3.9846153846 -0.3196701912
-0.2042481635 -3.9846643586 -0.2992256406
-0.2064703826 -3.9846601285 -0.2838818425
-0.2108530549 -3.9846202574 -0.2641035799
-0.2174217322 -3.9845465834 -0.2390878778
-0.2253546755 -3.9844605318 -0.2079047886
-0.2333621013 -3.9843930488 -0.1699854511
-0.2408575275 -3.9843562624 -0.1257170731
-0.2485038927 -3.9843306854 -0.076583345
-0.256519215 -3.9843047105 -0.0248022587
-0.2633932216 -3.9843050928 0.027139498
-0.2679849531 -3.9843498966 0.0766501099
-0.2710312135 -3.9844155556 0.1214466191
-0.2731860107 -3.9844830849 0.1601445322
-0.2738026593 -3.984565843 0.1923119968
-0.2725270977 -3.9846724126 0.2181350986
-0.2705217785 -3.9847784412 0.2382782544
-0.2699198372 -3.9848386827 0.253773533
-0.2736809089 -3.9847861582 0.2646542876
-0.2815934234 -3.9846153846 0.2675027151
-0.2875984556 -3.9844608979 0.2613883512
-0.292873752 -3.9843094936 0.2508014194
-0.2983269771 -3.9841416924 0.2361055267
-0.3030408277 -3.9839750492 0.2162227938
-0.3056388197 -3.9838380515 0.1902499799
-0.3056022942 -3.9837411704 0.1577588967
-0.3034579547 -3.983672244 0.1186751484
-0.2991142934 -3.9836349709 0.0735395682
-0.29159293 -3.9836561538 0.0238907387
-0.2815722424 -3.9837270341 -0.0280711829
-0.2715082269 -3.983798922 -0.080025417
-0.262149832 -3.9838626732 -0.1293672424
-0.2523562795 -3.9839515276 -0.1736414653
-0.2422896246 -3.9840659611 -0.2114683243
-0.2334039407 -3.9841733737 -0.2427281879
-0.2262859053 -3.9842591446 -0.2678605323
-0.2202341338 -3.9843374985 -0.2874216024
-0.2143219378 -3.9844279846 -0.3018954085
-0.2086017232 -3.9845265275 -0.3122424083
-0.2095967457 -4.1115495173 -0.294307248
-0.2102545966 -4.1115384615 -0.3026642755
-0.2096084154 -4.1115584347 -0.2831404845
-0.211344883 -4.1115588913 -0.2684013537
-0.2154141406 -4.111547466 -0.2493749132
-0.2216479838 -4.1115258406 -0.2253486697
-0.2290774115 -4.1115011466 -0.1953762374
-0.2364692449 -4.1114819161 -0.1589234153
-0.243420421 -4.1114704669 -0.1163987325
-0.2505232884 -4.111461775 -0.06920994380000001
-0.2577241649 -4.1114545209 -0.0194409384
-0.2636192382 -4.1114559847 0.0304949085
-0.2674558803 -4.1114690654 0.0780610999
-0.2700008851 -4.1114869694 0.1210777923
-0.2717017612 -4.1115057064 0.1582359639
-0.2719621637 -4.1115288532 0.1891130301
-0.2706203572 -4.1115576147 0.2138896163
-0.2688189304 -4.111585011 0.2332214081
-0.2684354008 -4.1115994895 0.2480794425
-0.2719712011 -4.1115847037 0.2585643216
-0.2793836434 -4.1115384615 0.2616066773
-0.2849230124 -4.1114972331 0.2555859549
-0.2899622267 -4.1114559536 0.2454283089
-0.2953181924 -4.1114094532 0.2313778175
-0.3000943316 -4.1113627655 0.212366086
-0.3029365421 -4.1113240614 0.1874883307
-0.3032781481 -4.1112967257 0.156321534
-0.3015967525 -4.1112775759 0.1188090924
-0.2978576473 -4.1112672562 0.0754704908
-0.2911774486 -4.1112727429 0.0277634021
-0.2821613667 -4.1112917648 -0.0221955458
-0.2730529322 -4.1113114085 -0.07213890050000001
-0.2645163627 -4.1113293314 -0.1195548865
-0.2554930089 -4.1113543671 -0.1621083764
-0.2461772097 -4.1113862962 -0.1984856374
-0.2379618359 -4.111416069 -0.2285600411
-0.2313921905 -4.1114397706 -0.2527419326
-0.2257875456 -4.1114614415 -0.271568516
-0.2202633331 -4.1114865133 -0.2855111756
-0.2148829645 -4.1115138276 -0.2954920612
-0.211521029 -4.2384212053 -0.2792538206
-0.2127403294 -4.2384615385 -0.2872842341
-0.2109480582 -4.2383872869 -0.2684901126
-0.2122375064 -4.2383811931 -0.2542129566
-0.2160453545 -4.2384139406 -0.2357527695
-0.2220198102 -4.2384775052 -0.212478721
-0.2290417831 -4.2385485765 -0.1834240056
-0.2359203883 -4.2386034608 -0.1480818669
-0.242424216 -4.2386386789 -0.1068813326
-0.2490861484 -4.2386672395 -0.061171047
-0.2555935999 -4.238687453 -0.0129292251
-0.2606291371 -4.2386793644 0.0354833841
-0.2638007211 -4.2386408709 0.0815694082
-0.2659122921 -4.2385917286 0.1232299214
-0.2672199072 -4.2385394848 0.1592136383
-0.2671675767 -4.2384744748 0.1891045897
-0.2657722937 -4.2383966282 0.2130835351
-0.2641679335 -4.2383260703 0.2318036634
-0.2640103186 -4.2382922742 0.2461826287
-0.2673969166 -4.2383347442 0.256373315
-0.2744393234 -4.2384615385 0.259600605
-0.2796324549 -4.2385729781 0.2536069419
-0.2845137526 -4.2386867113 0.2437748724
-0.2898265065 -4.2388165875 0.2302272872
-0.2946936399 -4.2389482508 0.2118934633
-0.2977749685 -4.2390582153 0.1878608373
-0.2984576857 -4.2391357528 0.1577080547
-0.2971777221 -4.2391892282 0.1213943701
-0.2939507332 -4.2392178552 0.07942450400000001
-0.2879751107 -4.2392034257 0.0331932739
-0.2797981899 -4.2391519356 -0.0152464834
-0.2714870364 -4.2390978543 -0.06366463059999999
-0.263629828 -4.2390471173 -0.1096187718
-0.2552345246 -4.2389760859 -0.1508667242
-0.246530441 -4.2388864089 -0.18614634
-0.2388665245 -4.2388034119 -0.2153252007
-0.2327505106 -4.2387375615 -0.2387896632
-0.2275097833 -4.2386772048 -0.2570614605
-0.2222890635 -4.2386070928 -0.2706023068
-0.2171644678 -4.2385305853 -0.2803058467
-0.213179251 -4.3653973355 -0.2654653158
-0.214929284 -4.3653846154 -0.2731773534
-0.2120548823 -4.3654083137 -0.2550931856
-0.2129257423 -4.3654111345 -0.2412621824
-0.2164947754 -4.3654026188 -0.2233451087
-0.2222371023 -4.3653856726 -0.2007912031
-0.2288894403 -4.3653671017 -0.1726167148
-0.2353000954 -4.3653528873 -0.1383399071
-0.2414012034 -4.3653431279 -0.0984064383
-0.2476709723 -4.365334776 -0.0541101527
-0.2535483112 -4.3653296703 -0.0073332262
-0.2577952918 -4.3653327789 0.0396154511
-0.2603620344 -4.3653430659 0.0842820729
-0.2620860219 -4.3653553187 0.1246452014
-0.263042663 -4.36536855 0.1595050187
-0.2627133001 -4.3653851308 0.188452772
-0.2612835871 -4.3654042235 0.2116726523
-0.2598795833 -4.3654205575 0.2298153957
-0.2599491153 -4.3654273787 0.2437441588
-0.2632107582 -4.3654162477 0.2536523959
-0.2699163388 -4.3653846154 0.2570417641
-0.2747986675 -4.3653572274 0.2510665742
-0.2795369229 -4.3653287239 0.2415417609
-0.2848087456 -4.3652957351 0.2284720097
-0.2897557984 -4.3652619778 0.2107840967
-0.2930509684 -4.3652335836 0.1875585085
-0.294038858 -4.3652136002 0.1583751383
-0.2931172084 -4.3652000356 0.1232076618
-0.290348677 -4.3651928299 0.0825477404
-0.2850082382 -4.3651962786 0.0377322612
-0.2775917131 -4.3652089412 -0.0092476681
-0.2700040836 -4.3652224699 -0.0562013232
-0.2627621575 -4.3652355207 -0.1007536599
-0.2549352694 -4.3652538367 -0.1407490026
-0.2467872728 -4.3652767277 -0.1749736032
-0.2396277695 -4.3652977452 -0.2032909463
-0.233927881 -4.3653143582 -0.2260652152
-0.2290191985 -4.3653296349 -0.2438024156
-0.2240715346 -4.3653474753 -0.2569545406
-0.2191737907 -4.3653669884 -0.2663883146
-0.2170870401 -4.4923310028 -0.2530695927
-0.2193115947 -4.4923076923 -0.2604261527
-0.2154664973 -4.492351458 -0.2431385081
-0.2159527914 -4.4923577047 -0.2298190812
-0.2192885411 -4.492344272 -0.2125268761
-0.2247925294 -4.4923169464 -0.1907924252
-0.2310759902 -4.4922875409 -0.1636248145
-0.2370320557 -4.4922652105 -0.1305678619
-0.242747009 -4.4922489138 -0.0920773981
-0.248639536 -4.4922343838 -0.0493883401
-0.2539227144 -4.492226544 -0.0042858495
-0.2574389596 -4.4922329043 0.0409857703
-0.2594559234 -4.4922495034 0.0840345722
-0.2608347118 -4.4922680207 0.1229247921
-0.2614806156 -4.4922883462 0.1565091813
-0.2609137353 -4.492313997 0.1843889156
-0.2594760305 -4.492342387 0.2067528688
-0.2582785139 -4.4923651617 0.2242448957
-0.2585659954 -4.492373029 0.237667895
-0.2616877308 -4.4923554368 0.247246862
-0.2680210901 -4.4923076923 0.250761984
-0.2725683783 -4.4922670071 0.2448387047
-0.2771286147 -4.4922237494 0.2356576268
-0.2823152368 -4.4921729584 0.2231147047
-0.2872904191 -4.4921204908 0.2061423448
-0.290746842 -4.4920760535 0.1838204826
-0.2919929775 -4.4920448354 0.1557320268
-0.2913881872 -4.4920239671 0.1218635542
-0.2890398589 -4.4920129541 0.0826920907
-0.2843000227 -4.4920179178 0.0394932092
-0.2776134484 -4.4920367738 -0.0058130835
-0.2707218369 -4.4920572841 -0.0510894262
-0.2640740635 -4.49207762 -0.0940399956
-0.2568047713 -4.492106231 -0.1326025378
-0.2492085885 -4.4921416498 -0.1656155829
-0.2425494463 -4.4921739219 -0.1929403036
-0.2372614004 -4.4921993361 -0.2149186003
-0.2326848381 -4.4922227748 -0.2320385853
-0.2280185335 -4.4922502823 -0.2447401725
-0.2233618385 -4.4922804327 -0.2538591877
-0.2192636808 -4.6192119781 -0.2401937882
-0.2219146785 -4.6192307692 -0.2472386003
-0.2172006764 -4.6191953052 -0.2306447451
-0.2173525739 -4.6191896834 -0.2177581683
-0.2205002328 -4.6191993257 -0.200986091
-0.2258194796 -4.6192192958 -0.1799353201
-0.2318049899 -4.6192404365 -0.1536073313
-0.2373900455 -4.6192563959 -0.1215675782
-0.2428001566 -4.6192687041 -0.0842797242
-0.248399268 -4.619280051 -0.0429296999
-0.2531874955 -4.6192855484 0.0007772527
-0.2560790243 -4.6192800583 0.0446495
-0.2576309108 -4.6192679614 0.08634891190000001
-0.2587261372 -4.6192552734 0.1240121332
-0.2591101079 -4.6192410878 0.1565337553
-0.2583390358 -4.6192230503 0.1835230594
-0.2568992149 -4.6192038579 0.205175757
-0.2558918368 -4.6191895193 0.2221306549
-0.2563775855 -4.6191857563 0.2351347666
-0.2593653742 -4.6191982427 0.2444396715
-0.26534274 -4.6192307692 0.2480858149
-0.2695609476 -4.6192579924 0.2421889175
-0.2739434473 -4.6192876746 0.2332877686
-0.279044872 -4.6193231051 0.2211823628
-0.2840411134 -4.6193600823 0.2048091812
-0.2876381214 -4.6193916317 0.1832449156
-0.2891062127 -4.6194137685 0.1560725454
-0.2887686534 -4.6194283527 0.1232895103
-0.2867761245 -4.6194360155 0.0853614624
-0.2825534239 -4.6194328331 0.0435126448
-0.2764969701 -4.6194201467 -0.0003965983
-0.2701985006 -4.619406052 -0.0442724398
-0.2640490034 -4.6193916731 -0.085885252
-0.2572471159 -4.6193714029 -0.1232515073
-0.2501162064 -4.6193465372 -0.1552533788
-0.2438786969 -4.6193240323 -0.1817493902
-0.238937402 -4.6193063673 -0.2030629525
-0.2346438321 -4.6192900531 -0.2196685076
-0.230224588 -4.6192708602 -0.2319959339
-0.2257861122 -4.6192498084 -0.2408546555
-0.2206206275 -4.7461309347 -0.228242236
-0.2234110854 -4.7461538462 -0.2349996602
-0.218391213 -4.7461105257 -0.2190600317
-0.2183629862 -4.7461034151 -0.2066228913
-0.221314217 -4.7461146532 -0.1904063677
-0.2263788779 -4.7461381009 -0.1700604877
-0.2320326204 -4.7461627534 -0.1446104463
-0.2372465146 -4.746181319 -0.1136430961
-0.2422997455 -4.7461959677 -0.0776139482
-0.2475294147 -4.7462096473 -0.0376629781
-0.2518749574 -4.7462159907 0.0045683975
-0.2543101721 -4.7462091373 0.0469528298
-0.2555064818 -4.7461949547 0.08722690869999999
-0.2563424831 -4.7461804695 0.1235991866
-0.2565071907 -4.74616414 0.1550027555
-0.2555819758 -4.7461433045 0.1810571178
-0.2541017795 -4.7461215255 0.2019590791
-0.2531380549 -4.7461058081 0.2183355887
-0.2536518573 -4.7461023526 0.2308976177
-0.2564894409 -4.7461168231 0.2399042168
-0.2621783436 -4.7461538462 0.2435470833
-0.2661887129 -4.7461845713 0.2377974146
-0.2704318151 -4.7462184694 0.2292113011
-0.2754272291 -4.7462592366 0.2175556334
-0.2803774649 -4.746301979 0.2017883827
-0.2840243789 -4.7463385673 0.1810000622
-0.2856390915 -4.7463642279 0.1547796039
-0.2855227577 -4.7463810263 0.1231297902
-0.2838393359 -4.7463898366 0.0865025748
-0.2800522279 -4.7463863217 0.046073896
-0.2745232162 -4.7463719656 0.003641663
-0.268741121 -4.7463558548 -0.0387574221
-0.2630580449 -4.7463392066 -0.0789666534
-0.2567103926 -4.746315719 -0.1150788612
-0.2500228652 -4.7462870217 -0.1460162946
-0.2441740502 -4.7462611241 -0.1716353293
-0.2395466788 -4.7462408241 -0.1922438598
-0.2355128948 -4.7462220678 -0.2083031328
-0.2313290778 -4.7461999841 -0.2202322838
-0.2271045425 -4.7461757579 -0.2288124175
-0.2212218291 -4.8730540464 -0.2291928477
-0.2240063379 -4.8730769231 -0.2358231101
-0.2189756489 -4.8730336665 -0.2201748484
-0.2188771407 -4.8730265608 -0.20794367
-0.2216891653 -4.8730377703 -0.1919793505
-0.2265573987 -4.8730611658 -0.1719425464
-0.2319763998 -4.8730857616 -0.1468828264
-0.2369317107 -4.8731042809 -0.1163995433
-0.2417010528 -4.8731188929 -0.08093924850000001
-0.2466225492 -4.8731325401 -0.0416211922
-0.2506614995 -4.8731388652 -6.53658e-05
-0.2528201928 -4.8731320192 0.0416304461
-0.2537724149 -4.8731178621 0.0812439524
-0.2543926762 -4.8731034076 0.1170182539
-0.2543806837 -4.8730871155 0.1479024381
-0.2533267398 -4.8730663294 0.1735200214
-0.2517561985 -4.8730446059 0.1940676025
-0.250719441 -4.8730289348 0.2101677768
-0.251157535 -4.8730255017 0.2225249757
-0.2539013055 -4.8730399581 0.2313983058
-0.2594800331 -4.8730769231 0.2350114524
-0.2634600704 -4.8731076045 0.2293783487
-0.2676835518 -4.8731414442 0.2209581706
-0.2726632038 -4.873182133 0.2095236611
-0.2776205422 -4.8732247885 0.1940452921
-0.2813231734 -4.8732612992 0.1736215839
-0.2830567172 -4.8732869032 0.1478443343
-0.28311769 -4.8733036635 0.1167180375
-0.2816647186 -4.8733124515 0.08068809959999999
-0.2781632075 -4.8733089377 0.0409080524
-0.2729595267 -4.8732946061 -0.0008519663
-0.2675074946 -4.8732785282 -0.0425808367
-0.2621411378 -4.8732619168 -0.082155616
-0.2560981455 -4.8732384793 -0.1177048453
-0.2496921582 -4.8732098434 -0.1481668529
-0.2440820832 -4.8731840044 -0.1733939963
-0.2396457337 -4.8731637519 -0.1936869046
-0.23576727 -4.8731450355 -0.209502444
-0.231717008 -4.8731229907 -0.2212569613
-0.2276071677 -4.8730988024 -0.2297181266
-0.2265004103 -5.0000043071 -0.1777350109
-0.2286523318 -5 -0.1828127952
-0.224753361 -5.0000081426 -0.1708231094
-0.2246407318 -5.0000094759 -0.1614380113
-0.2267450995 -5.0000073566 -0.1491777937
-0.2304115979 -5.0000029391 -0.1337848829
-0.2344842533 -4.9999982936 -0.1145356919
-0.2381839335 -4.9999947931 -0.0911263606
-0.2417235992 -4.9999920308 -0.0638982709
-0.2453657868 -4.9999894525 -0.0337090845
-0.2483241306 -4.9999882551 -0.0018057946
-0.2498410702 -4.9999895417 0.030198336
-0.2504387735 -4.99999221 0.0606005178
-0.2507927765 -4.9999949383 0.088055522
-0.2506773777 -4.9999980153 0.1117557452
-0.2497796944 -5.0000019424 0.1314107907
-0.2485013092 -5.0000060494 0.147173084
-0.2476456116 -5.0000090172 0.1595237489
-0.2479328504 -5.0000096767 0.1690067975
-0.2499995285 -5.0000069609 0.175824876
-0.2542567002 -5 0.1786190764
-0.2573188118 -4.9999942258 0.174312382
-0.2605803834 -4.9999878495 0.167864769
-0.2644346374 -4.999980176 0.1591062198
-0.2682873918 -4.9999721282 0.1472445904
-0.2711960668 -4.9999652379 0.1315842505
-0.2726144987 -4.9999604032 0.1118094712
-0.2727681318 -4.9999572381 0.08792419529999999
-0.2717779716 -4.9999555767 0.060270779
-0.2692307013 -4.999956235 0.0297324822
-0.2653845932 -4.9999589353 -0.0023311883
-0.2613457852 -4.9999619689 -0.0343716824
-0.2573642618 -4.9999651051 -0.0647587922
-0.2528505322 -4.9999695289 -0.09205926809999999
-0.2480409712 -4.9999749341 -0.1154572755
-0.2438228003 -4.9999798135 -0.1348352133
-0.2404875447 -4.9999836394 -0.1504225538
-0.237566852 -4.9999871719 -0.1625726095
-0.2345040805 -4.9999913265 -0.1716072777
-0.2313869301 -4.9999958813 -0.1781149756
-0.2273019118 -5.0014307269 -0.1768416487
-0.2263561225 -5.002865954 -0.1690921653
-0.2267573399 -5.0038417236 -0.1592632154
-0.2289622446 -5.0041598612 -0.1470149992
-0.2325218799 -5.0041521443 -0.1318370412
-0.2365519771 -5.0043060148 -0.112802034
-0.2403480703 -5.0047834299 -0.0896088506
-0.2439527794 -5.0052270535 -0.0627546179
-0.2475604115 -5.0054367577 -0.0331072821
-0.2505894354 -5.0058340122 -0.0018382312
-0.2523603199 -5.0065618931 0.0293846145
-0.253183883 -5.0070671483 0.0589355872
-0.2536106791 -5.0070850568 0.08567890760000001
-0.2534998781 -5.0068775828 0.1088585213
-0.2525664038 -5.0065448891 0.1281862043
-0.2511172726 -5.0059260651 0.1438907409
-0.2498965448 -5.0049609552 0.1564793376
-0.2496384716 -5.0037203985 0.1664734781
-0.25097878 -5.0021828558 0.1741606118
-0.2561228021 -5.0021749525 0.1730969037
-0.2584899043 -5.0037052475 0.1656740973
-0.2616065049 -5.0049377468 0.1561899678
-0.2648809911 -5.0058954097 0.1439444599
-0.2674386196 -5.0065093799 0.128311807
-0.268719683 -5.0068400194 0.1089010103
-0.268848078 -5.0070468925 0.0855924465
-0.267980732 -5.0070302332 0.0587104009
-0.2658239888 -5.0065294697 0.0290631207
-0.2624595198 -5.0058070643 -0.0022029196
-0.2586908694 -5.0054127478 -0.0335684641
-0.2548532244 -5.0052043963 -0.0633542419
-0.2505822125 -5.0047630488 -0.09025976569999999
-0.2460241774 -5.0042879584 -0.1134457897
-0.2418965176 -5.0041346425 -0.1325709815
-0.2385683464 -5.0041420182 -0.1478848022
-0.2358007858 -5.0038253194 -0.1600565843
-0.2331961293 -5.0028538685 -0.1696419062
-0.2307390888 -5.0014247199 -0.1771087873
-0.2290522518 -5.0020177082 -0.1765827072
-0.2298369457 -5.004040027 -0.1686044807
-0.2313512673 -5.0054134636 -0.1586936878
-0.2338266346 -5.0058619234 -0.1464821867
-0.2372470794 -5.0058529758 -0.1313368561
-0.2412985597 -5.0060713138 -0.112353084
-0.2454437151 -5.0067439091 -0.08925213009999999
-0.2493450771 -5.0073683163 -0.0625307448
-0.253031078 -5.0076636606 -0.0330492247
-0.2563890219 -5.0082213849 -0.0020009003
-0.258910167 -5.0092413777 0.0289197397
-0.26036673 -5.0099478896 0.0581621405
-0.261003557 -5.0099712918 0.0846709725
-0.2608899957 -5.009678923 0.1076898158
-0.2598034376 -5.0092109696 0.126916627
-0.2578368679 -5.0083419737 0.1425663256
-0.2556328491 -5.0069868069 0.1551091035
-0.2539848998 -5.0052431606 0.1651005533
-0.2535060237 -5.0030786829 0.1730340008
-0.5721415971 0.0551395662 0
-0.5721415971 0.0505772391 -0.0208034573
-0.582975 -0 0
-0.5721415971 0.0383878 -0.0383878
-0.5721415971 0.0208034573 -0.0505772391
-0.5721415971 -0 -0.0551395662
-0.5721415971 -0.0208034573 -0.0505772391
-0.5721415971 -0.0383878 -0.0383878
-0.5721415971 -0.0505772391 -0.0208034573
-0.5721415971 -0.0551395662 -0
-0.5721415971 -0.0505772391 0.0208034573
-0.5721415971 -0.0383878 0.0383878
-0.5721415971 -0.0208034573 0.0505772391
-0.5721415971 -0 0.0551395662
-0.5721415971 0.0208034573 0.0505772391
-0.5721415971 0.0383878 0.0383878
-0.5721415971 0.0505772391 0.0208034573
-0.5432367075 0.1186776309 0
-0.5432367075 0.1090837171 -0.0454764072
-0.5432367075 0.083232268 -0.083232268
-0.5432367075 0.0454764072 -0.1090837171
-0.5432367075 -0 -0.1186776309
-0.5432367075 -0.0454764072 -0.1090837171
-0.5432367075 -0.083232268 -0.083232268
-0.5432367075 -0.1090837171 -0.0454764072
-0.5432367075 -0.1186776309 -0
-0.5432367075 -0.1090837171 0.0454764072
-0.5432367075 -0.083232268 0.083232268
-0.5432367075 -0.0454764072 0.1090837171
-0.5432367075 0 0.1186776309
-0.5432367075 0.0454764072 0.1090837171
-0.5432367075 0.083232268 0.083232268
-0.5432367075 0.1090837171 0.0454764072
-0.5016533096 0.1807593579 0
-0.5016533096 0.1663615392 -0.0699080866
-0.5016533096 0.1273442097 -0.1273442097
-0.5016533096 0.0699080866 -0.1663615392
-0.5016533096 0 -0.1807593579
-0.5016533096 -0.0699080866 -0.1663615392
-0.5016533096 -0.1273442097 -0.1273442097
-0.5016533096 -0.1663615392 -0.0699080866
-0.5016533096 -0.1807593579 -0
-0.5016533096 -0.1663615392 0.0699080866
-0.5016533096 -0.1273442097 0.1273442097
-0.5016533096 -0.0699080866 0.1663615392
-0.5016533096 0 0.1807593579
-0.5016533096 0.0699080866 0.1663615392
-0.5016533096 0.1273442097 0.1273442097
-0.5016533096 0.1663615392 0.0699080866
-0.452784382 0.2315299109 0
-0.452784382 0.2132528107 -0.0899877328
-0.452784382 0.1635344309 -0.1635344309
-0.452784382 0.0899877328 -0.2132528107
-0.452784382 0 -0.2315299109
-0.452784382 -0.0899877328 -0.2132528107
-0.452784382 -0.1635344309 -0.1635344309
-0.452784382 -0.2132528107 -0.0899877328
-0.452784382 -0.2315299109 -0
-0.452784382 -0.2132528107 0.0899877328
-0.452784382 -0.1635344309 0.1635344309
-0.452784382 -0.0899877328 0.2132528107
-0.452784382 0 0.2315299109
-0.452784382 0.0899877328 0.2132528107
-0.452784382 0.1635344309 0.1635344309
-0.452784382 0.2132528107 0.0899877328
-0.4020229032 0.2611344538 0
-0.4020229032 0.2405996369 -0.1016045829
-0.4020229032 0.1846137376 -0.1846137376
-0.4020229032 0.1016045829 -0.2405996369
-0.4020229032 0 -0.2611344538
-0.4020229032 -0.1016045829 -0.2405996369
-0.4020229032 -0.1846137376 -0.1846137376
-0.4020229032 -0.2405996369 -0.1016045829
-0.4020229032 -0.2611344538 0
-0.4020229032 -0.2405996369 0.1016045829
-0.4020229032 -0.1846137376 0.1846137376
-0.4020229032 -0.1016045829 0.2405996369
-0.4020229032 0 0.2611344538
-0.4020229032 0.1016045829 0.2405996369
-0.4020229032 0.1846137376 0.1846137376
-0.4020229032 0.2405996369 0.1016045829
-0.3521659538 0.2782410098 -0
-0.3521659538 0.256375614 -0.1081916048
-0.3521659538 0.1967089239 -0.1967089239
-0.3521659538 0.1081916048 -0.256375614
-0.3521659538 -0 -0.2782410098
-0.3521659538 -0.1081916048 -0.256375614
-0.3521659538 -0.1967089239 -0.1967089239
-0.3521659538 -0.256375614 -0.1081916048
-0.3521659538 -0.2782410098 0
-0.3521659538 -0.256375614 0.1081916048
-0.3521659538 -0.1967089239 0.1967089239
-0.3521659538 -0.1081916048 0.256375614
-0.3521659538 -0 0.2782410098
-0.3521659538 0.1081916048 0.256375614
-0.3521659538 0.1967089239 0.1967089239
-0.3521659538 0.256375614 0.1081916048
-0.3022335387 0.2962760326 -0
-0.3022335387 0.2729942462 -0.1152002174
-0.3022335387 0.2094592849 -0.2094592849
-0.3022335387 0.1152002174 -0.2729942462
-0.3022335387 -0 -0.2962760326
-0.3022335387 -0.1152002174 -0.2729942462
-0.3022335387 -0.2094592849 -0.2094592849
-0.3022335387 -0.2729942462 -0.1152002174
-0.3022335387 -0.2962760326 0
-0.3022335387 -0.2729942462 0.1152002174
-0.3022335387 -0.2094592849 0.2094592849
-0.3022335387 -0.1152002174 0.2729942462
-0.3022335387 -0 0.2962760326
-0.3022335387 0.1152002174 0.2729942462
-0.3022335387 0.2094592849 0.2094592849
-0.3022335387 0.2729942462 0.1152002174
-0.2519530225 0.1215473338 -0.2879575006
-0.2519530225 -0 -0.3125223321
-0.2519530225 -0.1215473338 -0.2879575006
-0.2519530225 -0.2209443773 -0.2209443773
-0.2519530225 -0.2879575006 -0.1215473338
-0.2519530225 -0.1215473338 0.2879575006
-0.2519530225 -0 0.3125223321
-0.2519530225 0.1215473338 0.2879575006
-0.2519530225 0.2209443773 0.2209443773
-0.2519530225 0.2879575006 0.1215473338
-0.20105177 0.2292437578 -0.2292437578
-0.20105177 0.1261498673 -0.2987673441
-0.20105177 -0 -0.324262718
-0.20105177 -0.1261498673 -0.2987673441
-0.20105177 -0.2292437578 -0.2292437578
-0.20105177 -0.2292437578 0.2292437578
-0.20105177 -0.1261498673 0.2987673441
-0.20105177 -0 0.324262718
-0.20105177 0.1261498673 0.2987673441
-0.20105177 0.2292437578 0.2292437578
-0.149257146 0.3029257437 -0.1279247311
-0.149257146 0.2324369832 -0.2324369832
-0.149257146 0.1279247311 -0.3029257437
-0.149257146 0 -0.32878
-0.149257146 -0.1279247311 -0.3029257437
-0.149257146 -0.3029257437 0.1279247311
-0.149257146 -0.2324369832 0.2324369832
-0.149257146 -0.1279247311 0.3029257437
-0.149257146 0 0.32878
-0.149257146 0.1279247311 0.3029257437
-0.08003520240000001 0.3287801573 0
-0.08003520240000001 0.3029258886 -0.1279247923
-0.08003520240000001 0.2324370944 -0.2324370944
-0.08003520240000001 0.1279247923 -0.3029258886
-0.08003520240000001 0 -0.3287801573
-0.08003520240000001 -0.1279247923 -0.3029258886
-0.08003520240000001 -0.3287801573 0
-0.08003520240000001 -0.3029258886 0.1279247923
-0.08003520240000001 -0.2324370944 0.2324370944
-0.08003520240000001 -0.1279247923 0.3029258886
-0.08003520240000001 0 0.3287801573
-0.08003520240000001 0.1279247923 0.3029258886
0.009353344899999999 0.3287805324 0
0.009353344899999999 0.3029262343 -0.1279249382
0.009353344899999999 0.2324373596 -0.2324373596
0.009353344899999999 0.1279249382 -0.3029262343
0.009353344899999999 0 -0.3287805324
0.009353344899999999 -0.1279249382 -0.3029262343
0.009353344899999999 -0.2324373596 -0.2324373596
0.009353344899999999 -0.3029262343 -0.1279249382
0.009353344899999999 -0.3287805324 0
0.009353344899999999 -0.3029262343 0.1279249382
0.009353344899999999 -0.2324373596 0.2324373596
0.009353344899999999 -0.1279249382 0.3029262343
0.009353344899999999 0 0.3287805324
0.009353344899999999 0.1279249382 0.3029262343
0.009353344899999999 0.2324373596 0.2324373596
0.009353344899999999 0.3029262343 0.1279249382
0.0984891349 0.3287809802 0
0.0984891349 0.3029266468 -0.1279251124
0.0984891349 0.2324376761 -0.2324376761
0.0984891349 0.1279251124 -0.3029266468
0.0984891349 0 -0.3287809802
0.0984891349 -0.1279251124 -0.3029266468
0.0984891349 -0.2324376761 -0.2324376761
0.0984891349 -0.3029266468 -0.1279251124
0.0984891349 -0.3287809802 0
0.0984891349 -0.3029266468 0.1279251124
0.0984891349 -0.2324376761 0.2324376761
0.0984891349 -0.1279251124 0.3029266468
0.0984891349 0 0.3287809802
0.0984891349 0.1279251124 0.3029266468
0.0984891349 0.2324376761 0.2324376761
0.0984891349 0.3029266468 0.1279251124
0.1669528069 0.3287813553 0
0.1669528069 0.3029269924 -0.1279252584
0.1669528069 0.2324379413 -0.2324379413
0.1669528069 0.1279252584 -0.3029269924
0.1669528069 0 -0.3287813553
0.1669528069 -0.1279252584 -0.3029269924
0.1669528069 -0.2324379413 -0.2324379413
0.1669528069 -0.3029269924 -0.1279252584
0.1669528069 -0.3287813553 0
0.1669528069 -0.3029269924 0.1279252584
0.1669528069 -0.2324379413 0.2324379413
0.1669528069 -0.1279252584 0.3029269924
0.1669528069 0 0.3287813553
0.1669528069 0.1279252584 0.3029269924
0.1669528069 0.2324379413 0.2324379413
0.1669528069 0.3029269924 0.1279252584
0.194325 0.3287815126 0
0.194325 0.3029271373 -0.1279253196
0.194325 0.2324380525 -0.2324380525
0.194325 0.1279253196 -0.3029271373
0.194325 0 -0.3287815126
0.194325 -0.1279253196 -0.3029271373
0.194325 -0.2324380525 -0.2324380525
0.194325 -0.3029271373 -0.1279253196
0.194325 -0.3287815126 0
0.194325 -0.3029271373 0.1279253196
0.194325 -0.2324380525 0.2324380525
0.194325 -0.1279253196 0.3029271373
0.194325 0 0.3287815126
0.194325 0.1279253196 0.3029271373
0.194325 0.2324380525 0.2324380525
0.194325 0.3029271373 0.1279253196
0.194325 0.3029257437 0
0.194325 0.2324369832 0
0.194325 0.1279247311 0
0.194325 0 0
0.194325 -0.1279247311 0
0.194325 -0.2324369832 0
0.194325 -0.3029257437 0
$EndNodes
$Elements
1 7288 1 7288
2 0 2 7288
1 1 3 2 
2 3 1 4 
3 5 3 4 
4 4 6 5 
5 7 8 6 
6 4 7 6 
7 8 7 9 
8 7 10 9 
9 11 13 12 
10 12 13 14 
11 13 15 14 
12 13 16 15 
13 15 16 17 
14 17 16 18 
15 16 19 18 
16 18 19 20 
17 20 19 21 
18 19 22 21 
19 23 22 19 
20 24 23 19 
21 24 25 23 
22 24 26 25 
23 27 26 24 
24 26 27 28 
25 27 29 28 
26 30 29 27 
27 30 31 29 
28 30 32 31 
29 33 32 30 
30 34 36 35 
31 35 36 37 
32 36 38 37 
33 36 39 38 
34 38 39 40 
35 40 39 41 
36 39 42 41 
37 41 42 43 
38 42 44 43 
39 44 42 45 
40 42 1 45 
41 45 1 2 
42 1 46 4 
43 46 47 4 
44 4 47 7 
45 47 48 7 
46 49 10 7 
47 49 7 48 
48 50 49 51 
49 48 51 49 
50 52 50 51 
51 53 52 54 
52 51 54 52 
53 53 54 55 
54 56 57 55 
55 57 56 58 
56 54 56 55 
57 58 56 59 
58 60 61 59 
59 56 60 59 
60 60 62 61 
61 63 62 60 
62 64 63 60 
63 64 65 63 
64 66 65 64 
65 64 68 67 
66 64 67 66 
67 69 71 70 
68 71 69 72 
69 69 73 72 
70 69 74 73 
71 69 75 74 
72 74 75 76 
73 75 77 76 
74 75 78 77 
75 77 78 79 
76 78 80 79 
77 80 78 81 
78 81 83 82 
79 81 84 83 
80 80 81 82 
81 85 84 81 
82 81 86 85 
83 86 81 87 
84 86 87 88 
85 87 89 88 
86 89 87 90 
87 13 11 89 
88 90 13 89 
89 13 90 91 
90 13 91 16 
91 16 91 92 
92 16 92 19 
93 19 92 24 
94 92 93 24 
95 24 93 27 
96 93 94 27 
97 27 94 30 
98 94 95 30 
99 96 95 97 
100 96 33 30 
101 96 30 95 
102 98 97 99 
103 97 95 99 
104 100 99 101 
105 100 98 99 
106 102 101 103 
107 101 99 103 
108 103 104 102 
109 104 103 105 
110 106 107 105 
111 107 104 105 
112 108 106 105 
113 105 109 108 
114 109 110 108 
115 109 112 111 
116 109 111 110 
117 109 113 112 
118 114 113 109 
119 114 115 113 
120 116 115 114 
121 117 118 116 
122 114 117 116 
123 117 119 118 
124 117 120 119 
125 121 123 122 
126 121 122 124 
127 121 125 123 
128 126 125 121 
129 125 126 127 
130 127 126 128 
131 126 129 128 
132 130 129 126 
133 130 132 131 
134 133 132 130 
135 130 131 129 
136 133 130 134 
137 130 135 134 
138 130 136 135 
139 136 137 135 
140 137 136 138 
141 136 139 138 
142 136 140 139 
143 139 140 141 
144 140 143 142 
145 141 140 142 
146 140 145 144 
147 140 144 143 
148 145 140 146 
149 146 147 145 
150 146 148 147 
151 148 146 149 
152 148 149 150 
153 149 151 150 
154 151 149 152 
155 152 36 151 
156 36 34 153 
157 36 153 151 
158 36 152 154 
159 36 154 39 
160 39 154 155 
161 39 155 42 
162 42 155 46 
163 42 46 1 
164 46 156 47 
165 156 157 47 
166 47 157 48 
167 157 158 48 
168 48 158 51 
169 158 159 51 
170 51 159 54 
171 159 160 54 
172 54 160 56 
173 160 161 56 
174 56 161 60 
175 161 162 60 
176 60 162 64 
177 162 163 64 
178 163 68 64 
179 68 163 164 
180 164 163 165 
181 166 164 165 
182 165 167 166 
183 167 165 168 
184 168 165 169 
185 170 168 169 
186 169 171 170 
187 171 169 172 
188 173 174 172 
189 174 171 172 
190 175 173 172 
191 172 176 175 
192 172 177 176 
193 172 178 177 
194 178 179 177 
195 178 180 179 
196 180 178 181 
197 181 182 180 
198 181 183 182 
199 181 184 183 
200 184 70 185 
201 184 185 183 
202 70 184 69 
203 69 184 186 
204 69 186 75 
205 75 186 187 
206 75 187 78 
207 78 187 188 
208 78 188 81 
209 81 188 189 
210 81 189 87 
211 87 189 190 
212 87 190 90 
213 90 190 191 
214 90 191 91 
215 91 191 192 
216 91 192 92 
217 92 192 93 
218 192 193 93 
219 93 193 94 
220 193 194 94 
221 94 194 95 
222 194 195 95 
223 95 195 99 
224 195 196 99 
225 99 196 103 
226 196 197 103 
227 103 197 105 
228 197 198 105 
229 105 198 109 
230 198 199 109 
231 109 199 114 
232 199 200 114 
233 114 200 117 
234 200 201 117 
235 202 120 117 
236 201 203 202 
237 201 202 117 
238 203 201 124 
239 124 201 121 
240 201 204 121 
241 121 204 205 
242 121 205 126 
243 126 205 206 
244 126 206 130 
245 130 206 207 
246 130 207 136 
247 136 207 208 
248 136 208 140 
249 140 208 209 
250 140 209 146 
251 146 209 210 
252 146 210 149 
253 149 210 211 
254 149 211 152 
255 152 211 212 
256 152 212 154 
257 154 212 213 
258 154 213 155 
259 155 213 156 
260 155 156 46 
261 156 214 157 
262 214 215 157 
263 157 215 158 
264 215 216 158 
265 158 216 159 
266 216 217 159 
267 159 217 160 
268 217 218 160 
269 160 218 161 
270 218 219 161 
271 161 219 162 
272 219 220 162 
273 162 220 163 
274 220 221 163 
275 163 221 165 
276 221 222 165 
277 165 222 169 
278 222 223 169 
279 169 223 172 
280 223 224 172 
281 172 224 225 
282 172 225 178 
283 178 225 226 
284 178 226 181 
285 181 226 227 
286 181 227 184 
287 184 227 228 
288 184 228 186 
289 186 228 229 
290 186 229 187 
291 187 229 230 
292 187 230 188 
293 188 230 231 
294 188 231 189 
295 189 231 232 
296 189 232 190 
297 190 232 233 
298 190 233 191 
299 191 233 234 
300 191 234 192 
301 192 234 193 
302 234 235 193 
303 193 235 194 
304 235 236 194 
305 194 236 195 
306 236 237 195 
307 195 237 196 
308 237 238 196 
309 196 238 197 
310 238 239 197 
311 197 239 198 
312 239 240 198 
313 198 240 199 
314 240 241 199 
315 199 241 200 
316 241 242 200 
317 200 242 201 
318 242 243 201 
319 201 243 204 
320 243 244 204 
321 204 244 245 
322 204 245 205 
323 205 245 246 
324 205 246 206 
325 206 246 247 
326 206 247 207 
327 207 247 248 
328 207 248 208 
329 208 248 249 
330 208 249 209 
331 209 249 250 
332 209 250 210 
333 210 250 251 
334 210 251 211 
335 211 251 252 
336 211 252 212 
337 212 252 253 
338 212 253 213 
339 213 253 214 
340 213 214 156 
341 214 254 215 
342 254 255 215 
343 215 255 216 
344 255 256 216 
345 216 256 217 
346 256 257 217 
347 217 257 218 
348 257 258 218 
349 218 258 219 
350 258 259 219 
351 219 259 220 
352 259 260 220 
353 220 260 221 
354 260 261 221 
355 221 261 222 
356 261 262 222 
357 222 262 223 
358 262 263 223 
359 223 263 224 
360 263 264 224 
361 224 264 265 
362 224 265 225 
363 225 265 266 
364 225 266 226 
365 226 266 267 
366 226 267 227 
367 227 267 268 
368 227 268 228 
369 228 268 269 
370 228 269 229 
371 229 269 270 
372 229 270 230 
373 230 270 271 
374 230 271 231 
375 231 271 272 
376 231 272 232 
377 232 272 273 
378 232 273 233 
379 233 273 274 
380 233 274 234 
381 234 274 235 
382 274 275 235 
383 235 275 236 
384 275 276 236 
385 236 276 237 
386 276 277 237 
387 237 277 238 
388 277 278 238 
389 238 278 239 
390 278 279 239 
391 239 279 240 
392 279 280 240 
393 240 280 241 
394 280 281 241 
395 241 281 242 
396 281 282 242 
397 242 282 243 
398 282 283 243 
399 243 283 244 
400 283 284 244 
401 244 284 285 
402 244 285 245 
403 245 285 286 
404 245 286 246 
405 246 286 287 
406 246 287 247 
407 247 287 288 
408 247 288 248 
409 248 288 289 
410 248 289 249 
411 249 289 290 
412 249 290 250 
413 250 290 291 
414 250 291 251 
415 251 291 292 
416 251 292 252 
417 252 292 293 
418 252 293 253 
419 253 293 254 
420 253 254 214 
421 254 294 255 
422 294 295 255 
423 255 295 256 
424 295 296 256 
425 256 296 257 
426 296 297 257 
427 257 297 258 
428 297 298 258 
429 258 298 259 
430 298 299 259 
431 259 299 260 
432 299 300 260 
433 260 300 261 
434 300 301 261 
435 261 301 262 
436 301 302 262 
437 262 302 263 
438 302 303 263 
439 263 303 264 
440 303 304 264 
441 264 304 305 
442 264 305 265 
443 265 305 306 
444 265 306 266 
445 266 306 307 
446 266 307 267 
447 267 307 308 
448 267 308 268 
449 268 308 309 
450 268 309 269 
451 269 309 310 
452 269 310 270 
453 270 310 311 
454 270 311 271 
455 271 311 312 
456 271 312 272 
457 272 312 313 
458 272 313 273 
459 273 313 314 
460 273 314 274 
461 274 314 275 
462 314 315 275 
463 275 315 276 
464 315 316 276 
465 276 316 277 
466 316 317 277 
467 277 317 278 
468 317 318 278 
469 278 318 279 
470 318 319 279 
471 279 319 280 
472 319 320 280 
473 280 320 281 
474 320 321 281 
475 281 321 282 
476 321 322 282 
477 282 322 283 
478 322 323 283 
479 283 323 284 
480 323 324 284 
481 284 324 325 
482 284 325 285 
483 285 325 326 
484 285 326 286 
485 286 326 327 
486 286 327 287 
487 287 327 328 
488 287 328 288 
489 288 328 329 
490 288 329 289 
491 289 329 330 
492 289 330 290 
493 290 330 331 
494 290 331 291 
495 291 331 332 
496 291 332 292 
497 292 332 333 
498 292 333 293 
499 293 333 294 
500 293 294 254 
501 294 334 295 
502 334 335 295 
503 295 335 296 
504 335 336 296 
505 296 336 297 
506 336 337 297 
507 297 337 298 
508 337 338 298 
509 298 338 299 
510 338 339 299 
511 299 339 300 
512 339 340 300 
513 300 340 301 
514 340 341 301 
515 301 341 302 
516 341 342 302 
517 302 342 303 
518 342 343 303 
519 303 343 304 
520 343 344 304 
521 304 344 345 
522 304 345 305 
523 305 345 346 
524 305 346 306 
525 306 346 347 
526 306 347 307 
527 307 347 348 
528 307 348 308 
529 308 348 349 
530 308 349 309 
531 309 349 350 
532 309 350 310 
533 310 350 351 
534 310 351 311 
535 311 351 352 
536 311 352 312 
537 312 352 353 
538 312 353 313 
539 313 353 354 
540 313 354 314 
541 314 354 315 
542 354 355 315 
543 315 355 316 
544 355 356 316 
545 316 356 317 
546 356 357 317 
547 317 357 318 
548 357 358 318 
549 318 358 319 
550 358 359 319 
551 319 359 320 
552 359 360 320 
553 320 360 321 
554 360 361 321 
555 321 361 322 
556 361 362 322 
557 322 362 323 
558 362 363 323 
559 323 363 324 
560 363 364 324 
561 324 364 365 
562 324 365 325 
563 325 365 366 
564 325 366 326 
565 326 366 367 
566 326 367 327 
567 327 367 368 
568 327 368 328 
569 328 368 369 
570 328 369 329 
571 329 369 370 
572 329 370 330 
573 330 370 371 
574 330 371 331 
575 331 371 372 
576 331 372 332 
577 332 372 373 
578 332 373 333 
579 333 373 334 
580 333 334 294 
581 334 374 335 
582 374 375 335 
583 335 375 336 
584 375 376 336 
585 336 376 337 
586 376 377 337 
587 337 377 338 
588 377 378 338 
589 338 378 339 
590 378 379 339 
591 339 379 340 
592 379 380 340 
593 340 380 341 
594 380 381 341 
595 341 381 342 
596 381 382 342 
597 342 382 343 
598 382 383 343 
599 343 383 344 
600 383 384 344 
601 344 384 385 
602 344 385 345 
603 345 385 386 
604 345 386 346 
605 346 386 387 
606 346 387 347 
607 347 387 388 
608 347 388 348 
609 348 388 389 
610 348 389 349 
611 349 389 390 
612 349 390 350 
613 350 390 391 
614 350 391 351 
615 351 391 392 
616 351 392 352 
617 352 392 393 
618 352 393 353 
619 353 393 394 
620 353 394 354 
621 354 394 355 
622 394 395 355 
623 355 395 356 
624 395 396 356 
625 356 396 357 
626 396 397 357 
627 357 397 358 
628 397 398 358 
629 358 398 359 
630 398 399 359 
631 359 399 360 
632 399 400 360 
633 360 400 361 
634 400 401 361 
635 361 401 362 
636 401 402 362 
637 362 402 363 
638 402 403 363 
639 363 403 364 
640 403 404 364 
641 364 404 405 
642 364 405 365 
643 365 405 406 
644 365 406 366 
645 366 406 407 
646 366 407 367 
647 367 407 408 
648 367 408 368 
649 368 408 409 
650 368 409 369 
651 369 409 410 
652 369 410 370 
653 370 410 411 
654 370 411 371 
655 371 411 412 
656 371 412 372 
657 372 412 413 
658 372 413 373 
659 373 413 374 
660 373 374 334 
661 374 414 375 
662 414 415 375 
663 375 415 376 
664 415 416 376 
665 376 416 377 
666 416 417 377 
667 377 417 378 
668 417 418 378 
669 378 418 379 
670 418 419 379 
671 379 419 380 
672 419 420 380 
673 380 420 381 
674 420 421 381 
675 381 421 382 
676 421 422 382 
677 382 422 383 
678 422 423 383 
679 383 423 384 
680 423 424 384 
681 384 424 425 
682 384 425 385 
683 385 425 426 
684 385 426 386 
685 386 426 427 
686 386 427 387 
687 387 427 428 
688 387 428 388 
689 388 428 429 
690 388 429 389 
691 389 429 430 
692 389 430 390 
693 390 430 431 
694 390 431 391 
695 391 431 432 
696 391 432 392 
697 392 432 433 
698 392 433 393 
699 393 433 434 
700 393 434 394 
701 394 434 395 
702 434 435 395 
703 395 435 396 
704 435 436 396 
705 396 436 397 
706 436 437 397 
707 397 437 398 
708 437 438 398 
709 398 438 399 
710 438 439 399 
711 399 439 400 
712 439 440 400 
713 400 440 401 
714 440 441 401 
715 401 441 402 
716 441 442 402 
717 402 442 403 
718 442 443 403 
719 403 443 404 
720 443 444 404 
721 404 444 445 
722 404 445 405 
723 405 445 446 
724 405 446 406 
725 406 446 447 
726 406 447 407 
727 407 447 448 
728 407 448 408 
729 408 448 449 
730 408 449 409 
731 409 449 450 
732 409 450 410 
733 410 450 451 
734 410 451 411 
735 411 451 452 
736 411 452 412 
737 412 452 453 
738 412 453 413 
739 413 453 414 
740 413 414 374 
741 414 454 415 
742 454 455 415 
743 415 455 416 
744 455 456 416 
745 416 456 417 
746 456 457 417 
747 417 457 418 
748 457 458 418 
749 418 458 419 
750 458 459 419 
751 419 459 420 
752 459 460 420 
753 420 460 421 
754 460 461 421 
755 421 461 422 
756 461 462 422 
757 422 462 423 
758 462 463 423 
759 423 463 424 
760 463 464 424 
761 424 464 465 
762 424 465 425 
763 425 465 466 
764 425 466 426 
765 426 466 467 
766 426 467 427 
767 427 467 468 
768 427 468 428 
769 428 468 469 
770 428 469 429 
771 429 469 470 
772 429 470 430 
773 430 470 471 
774 430 471 431 
775 431 471 472 
776 431 472 432 
777 432 472 473 
778 432 473 433 
779 433 473 474 
780 433 474 434 
781 434 474 435 
782 474 475 435 
783 435 475 436 
784 475 476 436 
785 436 476 437 
786 476 477 437 
787 437 477 438 
788 477 478 438 
789 438 478 439 
790 478 479 439 
791 439 479 440 
792 479 480 440 
793 440 480 441 
794 480 481 441 
795 441 481 442 
796 481 482 442 
797 442 482 443 
798 482 483 443 
799 443 483 444 
800 483 484 444 
801 444 484 485 
802 444 485 445 
803 445 485 486 
804 445 486 446 
805 446 486 487 
806 446 487 447 
807 447 487 488 
808 447 488 448 
809 448 488 489 
810 448 489 449 
811 449 489 490 
812 449 490 450 
813 450 490 491 
814 450 491 451 
815 451 491 492 
816 451 492 452 
817 452 492 493 
818 452 493 453 
819 453 493 454 
820 453 454 414 
821 454 494 455 
822 494 495 455 
823 455 495 456 
824 495 496 456 
825 456 496 457 
826 496 497 457 
827 457 497 458 
828 497 498 458 
829 458 498 459 
830 498 499 459 
831 459 499 460 
832 499 500 460 
833 460 500 461 
834 500 501 461 
835 461 501 462 
836 501 502 462 
837 462 502 463 
838 502 503 463 
839 463 503 464 
840 503 504 464 
841 464 504 505 
842 464 505 465 
843 465 505 506 
844 465 506 466 
845 466 506 507 
846 466 507 467 
847 467 507 508 
848 467 508 468 
849 468 508 509 
850 468 509 469 
851 469 509 510 
852 469 510 470 
853 470 510 511 
854 470 511 471 
855 471 511 512 
856 471 512 472 
857 472 512 513 
858 472 513 473 
859 473 513 514 
860 473 514 474 
861 474 514 475 
862 514 515 475 
863 475 515 476 
864 515 516 476 
865 476 516 477 
866 516 517 477 
867 477 517 478 
868 517 518 478 
869 478 518 479 
870 518 519 479 
871 479 519 480 
872 519 520 480 
873 480 520 481 
874 520 521 481 
875 481 521 482 
876 521 522 482 
877 482 522 483 
878 522 523 483 
879 483 523 484 
880 523 524 484 
881 484 524 525 
882 484 525 485 
883 485 525 526 
884 485 526 486 
885 486 526 527 
886 486 527 487 
887 487 527 528 
888 487 528 488 
889 488 528 529 
890 488 529 489 
891 489 529 530 
892 489 530 490 
893 490 530 531 
894 490 531 491 
895 491 531 532 
896 491 532 492 
897 492 532 533 
898 492 533 493 
899 493 533 494 
900 493 494 454 
901 494 534 495 
902 534 535 495 
903 495 535 496 
904 535 536 496 
905 496 536 497 
906 536 537 497 
907 497 537 498 
908 537 538 498 
909 498 538 499 
910 538 539 499 
911 499 539 500 
912 539 540 500 
913 500 540 501 
914 540 541 501 
915 501 541 502 
916 541 542 502 
917 502 542 503 
918 542 543 503 
919 503 543 504 
920 543 544 504 
921 504 544 545 
922 504 545 505 
923 505 545 546 
924 505 546 506 
925 506 546 547 
926 506 547 507 
927 507 547 548 
928 507 548 508 
929 508 548 549 
930 508 549 509 
931 509 549 550 
932 509 550 510 
933 510 550 551 
934 510 551 511 
935 511 551 552 
936 511 552 512 
937 512 552 553 
938 512 553 513 
939 513 553 554 
940 513 554 514 
941 514 554 515 
942 554 555 515 
943 515 555 516 
944 555 556 516 
945 516 556 517 
946 556 557 517 
947 517 557 518 
948 557 558 518 
949 518 558 519 
950 558 559 519 
951 519 559 520 
952 559 560 520 
953 520 560 521 
954 560 561 521 
955 521 561 522 
956 561 562 522 
957 522 562 523 
958 562 563 523 
959 523 563 524 
960 563 564 524 
961 524 564 565 
962 524 565 525 
963 525 565 566 
964 525 566 526 
965 526 566 567 
966 526 567 527 
967 527 567 568 
968 527 568 528 
969 528 568 569 
970 528 569 529 
971 529 569 570 
972 529 570 530 
973 530 570 571 
974 530 571 531 
975 531 571 572 
976 531 572 532 
977 532 572 573 
978 532 573 533 
979 533 573 534 
980 533 534 494 
981 534 574 535 
982 574 575 535 
983 535 575 536 
984 575 576 536 
985 536 576 537 
986 576 577 537 
987 537 577 538 
988 577 578 538 
989 538 578 539 
990 578 579 539 
991 539 579 540 
992 579 580 540 
993 540 580 541 
994 580 581 541 
995 541 581 542 
996 581 582 542 
997 542 582 543 
998 582 583 543 
999 543 583 544 
1000 583 584 544 
1001 544 584 585 
1002 544 585 545 
1003 545 585 586 
1004 545 586 546 
1005 546 586 587 
1006 546 587 547 
1007 547 587 588 
1008 547 588 548 
1009 548 588 589 
1010 548 589 549 
1011 549 589 590 
1012 549 590 550 
1013 550 590 591 
1014 550 591 551 
1015 551 591 592 
1016 551 592 552 
1017 552 592 593 
1018 552 593 553 
1019 553 593 594 
1020 553 594 554 
1021 554 594 555 
1022 594 595 555 
1023 555 595 556 
1024 595 596 556 
1025 556 596 557 
1026 596 597 557 
1027 557 597 558 
1028 597 598 558 
1029 558 598 559 
1030 598 599 559 
1031 559 599 560 
1032 599 600 560 
1033 560 600 561 
1034 600 601 561 
1035 561 601 562 
1036 601 602 562 
1037 562 602 563 
1038 602 603 563 
1039 563 603 564 
1040 603 604 564 
1041 564 604 605 
1042 564 605 565 
1043 565 605 606 
1044 565 606 566 
1045 566 606 607 
1046 566 607 567 
1047 567 607 608 
1048 567 608 568 
1049 568 608 609 
1050 568 609 569 
1051 569 609 610 
1052 569 610 570 
1053 570 610 611 
1054 570 611 571 
1055 571 611 612 
1056 571 612 572 
1057 572 612 613 
1058 572 613 573 
1059 573 613 574 
1060 573 574 534 
1061 574 614 575 
1062 614 615 575 
1063 575 615 576 
1064 615 616 576 
1065 576 616 577 
1066 616 617 577 
1067 577 617 578 
1068 617 618 578 
1069 578 618 579 
1070 618 619 579 
1071 579 619 580 
1072 619 620 580 
1073 580 620 581 
1074 620 621 581 
1075 581 621 582 
1076 621 622 582 
1077 582 622 583 
1078 622 623 583 
1079 583 623 584 
1080 623 624 584 
1081 584 624 625 
1082 584 625 585 
1083 585 625 626 
1084 585 626 586 
1085 586 626 627 
1086 586 627 587 
1087 587 627 628 
1088 587 628 588 
1089 588 628 629 
1090 588 629 589 
1091 589 629 630 
1092 589 630 590 
1093 590 630 631 
1094 590 631 591 
1095 591 631 632 
1096 591 632 592 
1097 592 632 633 
1098 592 633 593 
1099 593 633 634 
1100 593 634 594 
1101 594 634 595 
1102 634 635 595 
1103 595 635 596 
1104 635 636 596 
1105 596 636 597 
1106 636 637 597 
1107 597 637 598 
1108 637 638 598 
1109 598 638 599 
1110 638 639 599 
1111 599 639 600 
1112 639 640 600 
1113 600 640 601 
1114 640 641 601 
1115 601 641 602 
1116 641 642 602 
1117 602 642 603 
1118 642 643 603 
1119 603 643 604 
1120 643 644 604 
1121 604 644 645 
1122 604 645 605 
1123 605 645 646 
1124 605 646 606 
1125 606 646 647 
1126 606 647 607 
1127 607 647 648 
1128 607 648 608 
1129 608 648 649 
1130 608 649 609 
1131 609 649 650 
1132 609 650 610 
1133 610 650 651 
1134 610 651 611 
1135 611 651 652 
1136 611 652 612 
1137 612 652 653 
1138 612 653 613 
1139 613 653 614 
1140 613 614 574 
1141 614 654 615 
1142 654 655 615 
1143 615 655 616 
1144 655 656 616 
1145 616 656 617 
1146 656 657 617 
1147 617 657 618 
1148 657 658 618 
1149 618 658 619 
1150 658 659 619 
1151 619 659 620 
1152 659 660 620 
1153 620 660 621 
1154 660 661 621 
1155 621 661 622 
1156 661 662 622 
1157 622 662 623 
1158 662 663 623 
1159 623 663 624 
1160 663 664 624 
1161 624 664 665 
1162 624 665 625 
1163 625 665 666 
1164 625 666 626 
1165 626 666 667 
1166 626 667 627 
1167 627 667 668 
1168 627 668 628 
1169 628 668 669 
1170 628 669 629 
1171 629 669 670 
1172 629 670 630 
1173 630 670 671 
1174 630 671 631 
1175 631 671 672 
1176 631 672 632 
1177 632 672 673 
1178 632 673 633 
1179 633 673 674 
1180 633 674 634 
1181 634 674 635 
1182 674 675 635 
1183 635 675 636 
1184 675 676 636 
1185 636 676 637 
1186 676 677 637 
1187 637 677 638 
1188 677 678 638 
1189 638 678 639 
1190 678 679 639 
1191 639 679 640 
1192 679 680 640 
1193 640 680 641 
1194 680 681 641 
1195 641 681 642 
1196 681 682 642 
1197 642 682 643 
1198 682 683 643 
1199 643 683 644 
1200 683 684 644 
1201 644 684 685 
1202 644 685 645 
1203 645 685 686 
1204 645 686 646 
1205 646 686 687 
1206 646 687 647 
1207 647 687 688 
1208 647 688 648 
1209 648 688 689 
1210 648 689 649 
1211 649 689 690 
1212 649 690 650 
1213 650 690 691 
1214 650 691 651 
1215 651 691 692 
1216 651 692 652 
1217 652 692 693 
1218 652 693 653 
1219 653 693 654 
1220 653 654 614 
1221 654 694 655 
1222 694 695 655 
1223 655 695 656 
1224 695 696 656 
1225 656 696 657 
1226 696 697 657 
1227 657 697 658 
1228 697 698 658 
1229 658 698 659 
1230 698 699 659 
1231 659 699 660 
1232 699 700 660 
1233 660 700 661 
1234 700 701 661 
1235 661 701 662 
1236 701 702 662 
1237 662 702 663 
1238 702 703 663 
1239 663 703 664 
1240 703 704 664 
1241 664 704 705 
1242 664 705 665 
1243 665 705 706 
1244 665 706 666 
1245 666 706 707 
1246 666 707 667 
1247 667 707 708 
1248 667 708 668 
1249 668 708 709 
1250 668 709 669 
1251 669 709 710 
1252 669 710 670 
1253 670 710 711 
1254 670 711 671 
1255 671 711 712 
1256 671 712 672 
1257 672 712 713 
1258 672 713 673 
1259 673 713 714 
1260 673 714 674 
1261 674 714 675 
1262 714 715 675 
1263 675 715 676 
1264 715 716 676 
1265 676 716 677 
1266 716 717 677 
1267 677 717 678 
1268 717 718 678 
1269 678 718 679 
1270 718 719 679 
1271 679 719 680 
1272 719 720 680 
1273 680 720 681 
1274 720 721 681 
1275 681 721 682 
1276 721 722 682 
1277 682 722 683 
1278 722 723 683 
1279 683 723 684 
1280 723 724 684 
1281 684 724 725 
1282 684 725 685 
1283 685 725 726 
1284 685 726 686 
1285 686 726 727 
1286 686 727 687 
1287 687 727 728 
1288 687 728 688 
1289 688 728 729 
1290 688 729 689 
1291 689 729 730 
1292 689 730 690 
1293 690 730 731 
1294 690 731 691 
1295 691 731 732 
1296 691 732 692 
1297 692 732 733 
1298 692 733 693 
1299 693 733 694 
1300 693 694 654 
1301 694 734 695 
1302 734 735 695 
1303 695 735 696 
1304 735 736 696 
1305 696 736 697 
1306 736 737 697 
1307 697 737 698 
1308 737 738 698 
1309 698 738 699 
1310 738 739 699 
1311 699 739 700 
1312 739 740 700 
1313 700 740 701 
1314 740 741 701 
1315 701 741 702 
1316 741 742 702 
1317 702 742 703 
1318 742 743 703 
1319 703 743 704 
1320 743 744 704 
1321 704 744 745 
1322 704 745 705 
1323 705 745 746 
1324 705 746 706 
1325 706 746 747 
1326 706 747 707 
1327 707 747 748 
1328 707 748 708 
1329 708 748 749 
1330 708 749 709 
1331 709 749 750 
1332 709 750 710 
1333 710 750 751 
1334 710 751 711 
1335 711 751 752 
1336 711 752 712 
1337 712 752 753 
1338 712 753 713 
1339 713 753 754 
1340 713 754 714 
1341 714 754 715 
1342 754 755 715 
1343 715 755 716 
1344 755 756 716 
1345 716 756 717 
1346 756 757 717 
1347 717 757 718 
1348 757 758 718 
1349 718 758 719 
1350 758 759 719 
1351 719 759 720 
1352 759 760 720 
1353 720 760 721 
1354 760 761 721 
1355 721 761 722 
1356 761 762 722 
1357 722 762 723 
1358 762 763 723 
1359 723 763 724 
1360 763 764 724 
1361 724 764 765 
1362 724 765 725 
1363 725 765 766 
1364 725 766 726 
1365 726 766 767 
1366 726 767 727 
1367 727 767 768 
1368 727 768 728 
1369 728 768 769 
1370 728 769 729 
1371 729 769 770 
1372 729 770 730 
1373 730 770 771 
1374 730 771 731 
1375 731 771 772 
1376 731 772 732 
1377 732 772 773 
1378 732 773 733 
1379 733 773 734 
1380 733 734 694 
1381 734 774 735 
1382 774 775 735 
1383 735 775 736 
1384 775 776 736 
1385 736 776 737 
1386 776 777 737 
1387 737 777 738 
1388 777 778 738 
1389 738 778 739 
1390 778 779 739 
1391 739 779 740 
1392 779 780 740 
1393 740 780 741 
1394 780 781 741 
1395 741 781 742 
1396 781 782 742 
1397 742 782 743 
1398 782 783 743 
1399 743 783 744 
1400 783 784 744 
1401 744 784 785 
1402 744 785 745 
1403 745 785 786 
1404 745 786 746 
1405 746 786 787 
1406 746 787 747 
1407 747 787 788 
1408 747 788 748 
1409 748 788 789 
1410 748 789 749 
1411 749 789 790 
1412 749 790 750 
1413 750 790 791 
1414 750 791 751 
1415 751 791 792 
1416 751 792 752 
1417 752 792 793 
1418 752 793 753 
1419 753 793 794 
1420 753 794 754 
1421 754 794 755 
1422 794 795 755 
1423 755 795 756 
1424 795 796 756 
1425 756 796 757 
1426 796 797 757 
1427 757 797 758 
1428 797 798 758 
1429 758 798 759 
1430 798 799 759 
1431 759 799 760 
1432 799 800 760 
1433 760 800 761 
1434 800 801 761 
1435 761 801 762 
1436 801 802 762 
1437 762 802 763 
1438 802 803 763 
1439 763 803 764 
1440 803 804 764 
1441 764 804 805 
1442 764 805 765 
1443 765 805 806 
1444 765 806 766 
1445 766 806 807 
1446 766 807 767 
1447 767 807 808 
1448 767 808 768 
1449 768 808 809 
1450 768 809 769 
1451 769 809 810 
1452 769 810 770 
1453 770 810 811 
1454 770 811 771 
1455 771 811 812 
1456 771 812 772 
1457 772 812 813 
1458 772 813 773 
1459 773 813 774 
1460 773 774 734 
1461 774 814 775 
1462 814 815 775 
1463 775 815 776 
1464 815 816 776 
1465 776 816 777 
1466 816 817 777 
1467 777 817 778 
1468 817 818 778 
1469 778 818 779 
1470 818 819 779 
1471 779 819 780 
1472 819 820 780 
1473 780 820 781 
1474 820 821 781 
1475 781 821 782 
1476 821 822 782 
1477 782 822 783 
1478 822 823 783 
1479 783 823 784 
1480 823 824 784 
1481 784 824 825 
1482 784 825 785 
1483 785 825 826 
1484 785 826 786 
1485 786 826 827 
1486 786 827 787 
1487 787 827 828 
1488 787 828 788 
1489 788 828 829 
1490 788 829 789 
1491 789 829 830 
1492 789 830 790 
1493 790 830 831 
1494 790 831 791 
1495 791 831 832 
1496 791 832 792 
1497 792 832 833 
1498 792 833 793 
1499 793 833 834 
1500 793 834 794 
1501 794 834 795 
1502 834 835 795 
1503 795 835 796 
1504 835 836 796 
1505 796 836 797 
1506 836 837 797 
1507 797 837 798 
1508 837 838 798 
1509 798 838 799 
1510 838 839 799 
1511 799 839 800 
1512 839 840 800 
1513 800 840 801 
1514 840 841 801 
1515 801 841 802 
1516 841 842 802 
1517 802 842 803 
1518 842 843 803 
1519 803 843 804 
1520 843 844 804 
1521 804 844 845 
1522 804 845 805 
1523 805 845 846 
1524 805 846 806 
1525 806 846 847 
1526 806 847 807 
1527 807 847 848 
1528 807 848 808 
1529 808 848 849 
1530 808 849 809 
1531 809 849 850 
1532 809 850 810 
1533 810 850 851 
1534 810 851 811 
1535 811 851 852 
1536 811 852 812 
1537 812 852 853 
1538 812 853 813 
1539 813 853 814 
1540 813 814 774 
1541 814 854 815 
1542 854 855 815 
1543 815 855 816 
1544 855 856 816 
1545 816 856 817 
1546 856 857 817 
1547 817 857 818 
1548 857 858 818 
1549 818 858 819 
1550 858 859 819 
1551 819 859 820 
1552 859 860 820 
1553 820 860 821 
1554 860 861 821 
1555 821 861 822 
1556 861 862 822 
1557 822 862 823 
1558 862 863 823 
1559 823 863 824 
1560 863 864 824 
1561 824 864 865 
1562 824 865 825 
1563 825 865 866 
1564 825 866 826 
1565 826 866 867 
1566 826 867 827 
1567 827 867 868 
1568 827 868 828 
1569 828 868 869 
1570 828 869 829 
1571 829 869 870 
1572 829 870 830 
1573 830 870 871 
1574 830 871 831 
1575 831 871 872 
1576 831 872 832 
1577 832 872 873 
1578 832 873 833 
1579 833 873 874 
1580 833 874 834 
1581 834 874 835 
1582 874 875 835 
1583 835 875 836 
1584 875 876 836 
1585 836 876 837 
1586 876 877 837 
1587 837 877 838 
1588 877 878 838 
1589 838 878 839 
1590 878 879 839 
1591 839 879 840 
1592 879 880 840 
1593 840 880 841 
1594 880 881 841 
1595 841 881 842 
1596 881 882 842 
1597 842 882 843 
1598 882 883 843 
1599 843 883 844 
1600 883 884 844 
1601 844 884 885 
1602 844 885 845 
1603 845 885 886 
1604 845 886 846 
1605 846 886 887 
1606 846 887 847 
1607 847 887 888 
1608 847 888 848 
1609 848 888 889 
1610 848 889 849 
1611 849 889 890 
1612 849 890 850 
1613 850 890 891 
1614 850 891 851 
1615 851 891 892 
1616 851 892 852 
1617 852 892 893 
1618 852 893 853 
1619 853 893 854 
1620 853 854 814 
1621 854 895 894 
1622 854 894 855 
1623 855 894 896 
1624 855 896 856 
1625 856 896 897 
1626 856 897 857 
1627 857 897 898 
1628 857 898 858 
1629 858 898 899 
1630 858 899 859 
1631 859 899 900 
1632 859 900 860 
1633 860 900 901 
1634 860 901 861 
1635 861 901 902 
1636 861 902 862 
1637 862 902 903 
1638 862 903 863 
1639 863 903 904 
1640 863 904 864 
1641 864 904 865 
1642 904 905 865 
1643 865 905 866 
1644 905 906 866 
1645 866 906 867 
1646 906 907 867 
1647 867 907 868 
1648 907 908 868 
1649 868 908 869 
1650 908 909 869 
1651 869 909 870 
1652 909 910 870 
1653 870 910 871 
1654 910 911 871 
1655 871 911 872 
1656 911 912 872 
1657 872 912 873 
1658 912 913 873 
1659 873 913 874 
1660 913 914 874 
1661 874 914 915 
1662 874 915 875 
1663 875 915 916 
1664 875 916 876 
1665 876 916 917 
1666 876 917 877 
1667 877 917 918 
1668 877 918 878 
1669 878 918 919 
1670 878 919 879 
1671 879 919 920 
1672 879 920 880 
1673 880 920 921 
1674 880 921 881 
1675 881 921 922 
1676 881 922 882 
1677 882 922 923 
1678 882 923 883 
1679 883 923 924 
1680 883 924 884 
1681 884 924 885 
1682 924 925 885 
1683 885 925 886 
1684 925 926 886 
1685 886 926 887 
1686 926 927 887 
1687 887 927 888 
1688 927 928 888 
1689 888 928 889 
1690 928 929 889 
1691 889 929 890 
1692 929 930 890 
1693 890 930 891 
1694 930 931 891 
1695 891 931 892 
1696 931 932 892 
1697 892 932 893 
1698 932 933 893 
1699 893 933 854 
1700 933 895 854 
1701 895 935 934 
1702 895 934 894 
1703 894 934 936 
1704 894 936 896 
1705 896 936 937 
1706 896 937 897 
1707 897 937 938 
1708 897 938 898 
1709 898 938 939 
1710 898 939 899 
1711 899 939 940 
1712 899 940 900 
1713 900 940 941 
1714 900 941 901 
1715 901 941 942 
1716 901 942 902 
1717 902 942 943 
1718 902 943 903 
1719 903 943 944 
1720 903 944 904 
1721 904 944 905 
1722 944 945 905 
1723 905 945 906 
1724 945 946 906 
1725 906 946 907 
1726 946 947 907 
1727 907 947 908 
1728 947 948 908 
1729 908 948 909 
1730 948 949 909 
1731 909 949 910 
1732 949 950 910 
1733 910 950 911 
1734 950 951 911 
1735 911 951 912 
1736 951 952 912 
1737 912 952 913 
1738 952 953 913 
1739 913 953 914 
1740 953 954 914 
1741 914 954 955 
1742 914 955 915 
1743 915 955 956 
1744 915 956 916 
1745 916 956 957 
1746 916 957 917 
1747 917 957 958 
1748 917 958 918 
1749 918 958 959 
1750 918 959 919 
1751 919 959 960 
1752 919 960 920 
1753 920 960 961 
1754 920 961 921 
1755 921 961 962 
1756 921 962 922 
1757 922 962 963 
1758 922 963 923 
1759 923 963 964 
1760 923 964 924 
1761 924 964 925 
1762 964 965 925 
1763 925 965 926 
1764 965 966 926 
1765 926 966 927 
1766 966 967 927 
1767 927 967 928 
1768 967 968 928 
1769 928 968 929 
1770 968 969 929 
1771 929 969 930 
1772 969 970 930 
1773 930 970 931 
1774 970 971 931 
1775 931 971 932 
1776 971 972 932 
1777 932 972 933 
1778 972 973 933 
1779 933 973 895 
1780 973 935 895 
1781 935 975 974 
1782 935 974 934 
1783 934 974 976 
1784 934 976 936 
1785 936 976 977 
1786 936 977 937 
1787 937 977 978 
1788 937 978 938 
1789 938 978 979 
1790 938 979 939 
1791 939 979 980 
1792 939 980 940 
1793 940 980 981 
1794 940 981 941 
1795 941 981 982 
1796 941 982 942 
1797 942 982 983 
1798 942 983 943 
1799 943 983 984 
1800 943 984 944 
1801 944 984 945 
1802 984 985 945 
1803 945 985 946 
1804 985 986 946 
1805 946 986 947 
1806 986 987 947 
1807 947 987 948 
1808 987 988 948 
1809 948 988 949 
1810 988 989 949 
1811 949 989 950 
1812 989 990 950 
1813 950 990 951 
1814 990 991 951 
1815 951 991 952 
1816 991 992 952 
1817 952 992 953 
1818 992 993 953 
1819 953 993 954 
1820 993 994 954 
1821 954 994 995 
1822 954 995 955 
1823 955 995 996 
1824 955 996 956 
1825 956 996 997 
1826 956 997 957 
1827 957 997 998 
1828 957 998 958 
1829 958 998 999 
1830 958 999 959 
1831 959 999 1000 
1832 959 1000 960 
1833 960 1000 1001 
1834 960 1001 961 
1835 961 1001 1002 
1836 961 1002 962 
1837 962 1002 1003 
1838 962 1003 963 
1839 963 1003 1004 
1840 963 1004 964 
1841 964 1004 965 
1842 1004 1005 965 
1843 965 1005 966 
1844 1005 1006 966 
1845 966 1006 967 
1846 1006 1007 967 
1847 967 1007 968 
1848 1007 1008 968 
1849 968 1008 969 
1850 1008 1009 969 
1851 969 1009 970 
1852 1009 1010 970 
1853 970 1010 971 
1854 1010 1011 971 
1855 971 1011 972 
1856 1011 1012 972 
1857 972 1012 973 
1858 1012 1013 973 
1859 973 1013 935 
1860 1013 975 935 
1861 975 1015 1014 
1862 975 1014 974 
1863 974 1014 1016 
1864 974 1016 976 
1865 976 1016 1017 
1866 976 1017 977 
1867 977 1017 1018 
1868 977 1018 978 
1869 978 1018 1019 
1870 978 1019 979 
1871 979 1019 1020 
1872 979 1020 980 
1873 980 1020 1021 
1874 980 1021 981 
1875 981 1021 1022 
1876 981 1022 982 
1877 982 1022 1023 
1878 982 1023 983 
1879 983 1023 1024 
1880 983 1024 984 
1881 984 1024 985 
1882 1024 1025 985 
1883 985 1025 986 
1884 1025 1026 986 
1885 986 1026 987 
1886 1026 1027 987 
1887 987 1027 988 
1888 1027 1028 988 
1889 988 1028 989 
1890 1028 1029 989 
1891 989 1029 990 
1892 1029 1030 990 
1893 990 1030 991 
1894 1030 1031 991 
1895 991 1031 992 
1896 1031 1032 992 
1897 992 1032 993 
1898 1032 1033 993 
1899 993 1033 994 
1900 1033 1034 994 
1901 994 1034 1035 
1902 994 1035 995 
1903 995 1035 1036 
1904 995 1036 996 
1905 996 1036 1037 
1906 996 1037 997 
1907 997 1037 1038 
1908 997 1038 998 
1909 998 1038 1039 
1910 998 1039 999 
1911 999 1039 1040 
1912 999 1040 1000 
1913 1000 1040 1041 
1914 1000 1041 1001 
1915 1001 1041 1042 
1916 1001 1042 1002 
1917 1002 1042 1043 
1918 1002 1043 1003 
1919 1003 1043 1044 
1920 1003 1044 1004 
1921 1004 1044 1005 
1922 1044 1045 1005 
1923 1005 1045 1006 
1924 1045 1046 1006 
1925 1006 1046 1007 
1926 1046 1047 1007 
1927 1007 1047 1008 
1928 1047 1048 1008 
1929 1008 1048 1009 
1930 1048 1049 1009 
1931 1009 1049 1010 
1932 1049 1050 1010 
1933 1010 1050 1011 
1934 1050 1051 1011 
1935 1011 1051 1012 
1936 1051 1052 1012 
1937 1012 1052 1013 
1938 1052 1053 1013 
1939 1013 1053 975 
1940 1053 1015 975 
1941 1015 1055 1054 
1942 1015 1054 1014 
1943 1014 1054 1056 
1944 1014 1056 1016 
1945 1016 1056 1057 
1946 1016 1057 1017 
1947 1017 1057 1058 
1948 1017 1058 1018 
1949 1018 1058 1059 
1950 1018 1059 1019 
1951 1019 1059 1060 
1952 1019 1060 1020 
1953 1020 1060 1061 
1954 1020 1061 1021 
1955 1021 1061 1062 
1956 1021 1062 1022 
1957 1022 1062 1063 
1958 1022 1063 1023 
1959 1023 1063 1064 
1960 1023 1064 1024 
1961 1024 1064 1025 
1962 1064 1065 1025 
1963 1025 1065 1026 
1964 1065 1066 1026 
1965 1026 1066 1027 
1966 1066 1067 1027 
1967 1027 1067 1028 
1968 1067 1068 1028 
1969 1028 1068 1029 
1970 1068 1069 1029 
1971 1029 1069 1030 
1972 1069 1070 1030 
1973 1030 1070 1031 
1974 1070 1071 1031 
1975 1031 1071 1032 
1976 1071 1072 1032 
1977 1032 1072 1033 
1978 1072 1073 1033 
1979 1033 1073 1034 
1980 1073 1074 1034 
1981 1034 1074 1075 
1982 1034 1075 1035 
1983 1035 1075 1076 
1984 1035 1076 1036 
1985 1036 1076 1077 
1986 1036 1077 1037 
1987 1037 1077 1078 
1988 1037 1078 1038 
1989 1038 1078 1079 
1990 1038 1079 1039 
1991 1039 1079 1080 
1992 1039 1080 1040 
1993 1040 1080 1081 
1994 1040 1081 1041 
1995 1041 1081 1082 
1996 1041 1082 1042 
1997 1042 1082 1083 
1998 1042 1083 1043 
1999 1043 1083 1084 
2000 1043 1084 1044 
2001 1044 1084 1045 
2002 1084 1085 1045 
2003 1045 1085 1046 
2004 1085 1086 1046 
2005 1046 1086 1047 
2006 1086 1087 1047 
2007 1047 1087 1048 
2008 1087 1088 1048 
2009 1048 1088 1049 
2010 1088 1089 1049 
2011 1049 1089 1050 
2012 1089 1090 1050 
2013 1050 1090 1051 
2014 1090 1091 1051 
2015 1051 1091 1052 
2016 1091 1092 1052 
2017 1052 1092 1053 
2018 1092 1093 1053 
2019 1053 1093 1015 
2020 1093 1055 1015 
2021 1055 1095 1094 
2022 1055 1094 1054 
2023 1054 1094 1096 
2024 1054 1096 1056 
2025 1056 1096 1097 
2026 1056 1097 1057 
2027 1057 1097 1098 
2028 1057 1098 1058 
2029 1058 1098 1099 
2030 1058 1099 1059 
2031 1059 1099 1100 
2032 1059 1100 1060 
2033 1060 1100 1101 
2034 1060 1101 1061 
2035 1061 1101 1102 
2036 1061 1102 1062 
2037 1062 1102 1103 
2038 1062 1103 1063 
2039 1063 1103 1104 
2040 1063 1104 1064 
2041 1064 1104 1065 
2042 1104 1105 1065 
2043 1065 1105 1066 
2044 1105 1106 1066 
2045 1066 1106 1067 
2046 1106 1107 1067 
2047 1067 1107 1068 
2048 1107 1108 1068 
2049 1068 1108 1069 
2050 1108 1109 1069 
2051 1069 1109 1070 
2052 1109 1110 1070 
2053 1070 1110 1071 
2054 1110 1111 1071 
2055 1071 1111 1072 
2056 1111 1112 1072 
2057 1072 1112 1073 
2058 1112 1113 1073 
2059 1073 1113 1074 
2060 1113 1114 1074 
2061 1074 1114 1115 
2062 1074 1115 1075 
2063 1075 1115 1116 
2064 1075 1116 1076 
2065 1076 1116 1117 
2066 1076 1117 1077 
2067 1077 1117 1118 
2068 1077 1118 1078 
2069 1078 1118 1119 
2070 1078 1119 1079 
2071 1079 1119 1120 
2072 1079 1120 1080 
2073 1080 1120 1121 
2074 1080 1121 1081 
2075 1081 1121 1122 
2076 1081 1122 1082 
2077 1082 1122 1123 
2078 1082 1123 1083 
2079 1083 1123 1124 
2080 1083 1124 1084 
2081 1084 1124 1085 
2082 1124 1125 1085 
2083 1085 1125 1086 
2084 1125 1126 1086 
2085 1086 1126 1087 
2086 1126 1127 1087 
2087 1087 1127 1088 
2088 1127 1128 1088 
2089 1088 1128 1089 
2090 1128 1129 1089 
2091 1089 1129 1090 
2092 1129 1130 1090 
2093 1090 1130 1091 
2094 1130 1131 1091 
2095 1091 1131 1092 
2096 1131 1132 1092 
2097 1092 1132 1093 
2098 1132 1133 1093 
2099 1093 1133 1055 
2100 1133 1095 1055 
2101 1095 1135 1134 
2102 1095 1134 1094 
2103 1094 1134 1136 
2104 1094 1136 1096 
2105 1096 1136 1137 
2106 1096 1137 1097 
2107 1097 1137 1138 
2108 1097 1138 1098 
2109 1098 1138 1139 
2110 1098 1139 1099 
2111 1099 1139 1140 
2112 1099 1140 1100 
2113 1100 1140 1141 
2114 1100 1141 1101 
2115 1101 1141 1142 
2116 1101 1142 1102 
2117 1102 1142 1143 
2118 1102 1143 1103 
2119 1103 1143 1144 
2120 1103 1144 1104 
2121 1104 1144 1105 
2122 1144 1145 1105 
2123 1105 1145 1106 
2124 1145 1146 1106 
2125 1106 1146 1107 
2126 1146 1147 1107 
2127 1107 1147 1108 
2128 1147 1148 1108 
2129 1108 1148 1109 
2130 1148 1149 1109 
2131 1109 1149 1110 
2132 1149 1150 1110 
2133 1110 1150 1111 
2134 1150 1151 1111 
2135 1111 1151 1112 
2136 1151 1152 1112 
2137 1112 1152 1113 
2138 1152 1153 1113 
2139 1113 1153 1114 
2140 1153 1154 1114 
2141 1114 1154 1155 
2142 1114 1155 1115 
2143 1115 1155 1156 
2144 1115 1156 1116 
2145 1116 1156 1157 
2146 1116 1157 1117 
2147 1117 1157 1158 
2148 1117 1158 1118 
2149 1118 1158 1159 
2150 1118 1159 1119 
2151 1119 1159 1160 
2152 1119 1160 1120 
2153 1120 1160 1161 
2154 1120 1161 1121 
2155 1121 1161 1162 
2156 1121 1162 1122 
2157 1122 1162 1163 
2158 1122 1163 1123 
2159 1123 1163 1164 
2160 1123 1164 1124 
2161 1124 1164 1125 
2162 1164 1165 1125 
2163 1125 1165 1126 
2164 1165 1166 1126 
2165 1126 1166 1127 
2166 1166 1167 1127 
2167 1127 1167 1128 
2168 1167 1168 1128 
2169 1128 1168 1129 
2170 1168 1169 1129 
2171 1129 1169 1130 
2172 1169 1170 1130 
2173 1130 1170 1131 
2174 1170 1171 1131 
2175 1131 1171 1132 
2176 1171 1172 1132 
2177 1132 1172 1133 
2178 1172 1173 1133 
2179 1133 1173 1095 
2180 1173 1135 1095 
2181 1135 1175 1174 
2182 1135 1174 1134 
2183 1134 1174 1176 
2184 1134 1176 1136 
2185 1136 1176 1177 
2186 1136 1177 1137 
2187 1137 1177 1178 
2188 1137 1178 1138 
2189 1138 1178 1179 
2190 1138 1179 1139 
2191 1139 1179 1180 
2192 1139 1180 1140 
2193 1140 1180 1181 
2194 1140 1181 1141 
2195 1141 1181 1182 
2196 1141 1182 1142 
2197 1142 1182 1183 
2198 1142 1183 1143 
2199 1143 1183 1184 
2200 1143 1184 1144 
2201 1144 1184 1145 
2202 1184 1185 1145 
2203 1145 1185 1146 
2204 1185 1186 1146 
2205 1146 1186 1147 
2206 1186 1187 1147 
2207 1147 1187 1148 
2208 1187 1188 1148 
2209 1148 1188 1149 
2210 1188 1189 1149 
2211 1149 1189 1150 
2212 1189 1190 1150 
2213 1150 1190 1151 
2214 1190 1191 1151 
2215 1151 1191 1152 
2216 1191 1192 1152 
2217 1152 1192 1153 
2218 1192 1193 1153 
2219 1153 1193 1154 
2220 1193 1194 1154 
2221 1154 1194 1195 
2222 1154 1195 1155 
2223 1155 1195 1196 
2224 1155 1196 1156 
2225 1156 1196 1197 
2226 1156 1197 1157 
2227 1157 1197 1198 
2228 1157 1198 1158 
2229 1158 1198 1199 
2230 1158 1199 1159 
2231 1159 1199 1200 
2232 1159 1200 1160 
2233 1160 1200 1201 
2234 1160 1201 1161 
2235 1161 1201 1202 
2236 1161 1202 1162 
2237 1162 1202 1203 
2238 1162 1203 1163 
2239 1163 1203 1204 
2240 1163 1204 1164 
2241 1164 1204 1165 
2242 1204 1205 1165 
2243 1165 1205 1166 
2244 1205 1206 1166 
2245 1166 1206 1167 
2246 1206 1207 1167 
2247 1167 1207 1168 
2248 1207 1208 1168 
2249 1168 1208 1169 
2250 1208 1209 1169 
2251 1169 1209 1170 
2252 1209 1210 1170 
2253 1170 1210 1171 
2254 1210 1211 1171 
2255 1171 1211 1172 
2256 1211 1212 1172 
2257 1172 1212 1173 
2258 1212 1213 1173 
2259 1173 1213 1135 
2260 1213 1175 1135 
2261 1175 1215 1214 
2262 1175 1214 1174 
2263 1174 1214 1216 
2264 1174 1216 1176 
2265 1176 1216 1217 
2266 1176 1217 1177 
2267 1177 1217 1218 
2268 1177 1218 1178 
2269 1178 1218 1219 
2270 1178 1219 1179 
2271 1179 1219 1220 
2272 1179 1220 1180 
2273 1180 1220 1221 
2274 1180 1221 1181 
2275 1181 1221 1222 
2276 1181 1222 1182 
2277 1182 1222 1223 
2278 1182 1223 1183 
2279 1183 1223 1224 
2280 1183 1224 1184 
2281 1184 1224 1185 
2282 1224 1225 1185 
2283 1185 1225 1186 
2284 1225 1226 1186 
2285 1186 1226 1187 
2286 1226 1227 1187 
2287 1187 1227 1188 
2288 1227 1228 1188 
2289 1188 1228 1189 
2290 1228 1229 1189 
2291 1189 1229 1190 
2292 1229 1230 1190 
2293 1190 1230 1191 
2294 1230 1231 1191 
2295 1191 1231 1192 
2296 1231 1232 1192 
2297 1192 1232 1193 
2298 1232 1233 1193 
2299 1193 1233 1194 
2300 1233 1234 1194 
2301 1194 1234 1235 
2302 1194 1235 1195 
2303 1195 1235 1236 
2304 1195 1236 1196 
2305 1196 1236 1237 
2306 1196 1237 1197 
2307 1197 1237 1238 
2308 1197 1238 1198 
2309 1198 1238 1239 
2310 1198 1239 1199 
2311 1199 1239 1240 
2312 1199 1240 1200 
2313 1200 1240 1241 
2314 1200 1241 1201 
2315 1201 1241 1242 
2316 1201 1242 1202 
2317 1202 1242 1243 
2318 1202 1243 1203 
2319 1203 1243 1244 
2320 1203 1244 1204 
2321 1204 1244 1205 
2322 1244 1245 1205 
2323 1205 1245 1206 
2324 1245 1246 1206 
2325 1206 1246 1207 
2326 1246 1247 1207 
2327 1207 1247 1208 
2328 1247 1248 1208 
2329 1208 1248 1209 
2330 1248 1249 1209 
2331 1209 1249 1210 
2332 1249 1250 1210 
2333 1210 1250 1211 
2334 1250 1251 1211 
2335 1211 1251 1212 
2336 1251 1252 1212 
2337 1212 1252 1213 
2338 1252 1253 1213 
2339 1213 1253 1175 
2340 1253 1215 1175 
2341 1215 1255 1254 
2342 1215 1254 1214 
2343 1214 1254 1256 
2344 1214 1256 1216 
2345 1216 1256 1257 
2346 1216 1257 1217 
2347 1217 1257 1258 
2348 1217 1258 1218 
2349 1218 1258 1259 
2350 1218 1259 1219 
2351 1219 1259 1260 
2352 1219 1260 1220 
2353 1220 1260 1261 
2354 1220 1261 1221 
2355 1221 1261 1262 
2356 1221 1262 1222 
2357 1222 1262 1263 
2358 1222 1263 1223 
2359 1223 1263 1264 
2360 1223 1264 1224 
2361 1224 1264 1225 
2362 1264 1265 1225 
2363 1225 1265 1226 
2364 1265 1266 1226 
2365 1226 1266 1227 
2366 1266 1267 1227 
2367 1227 1267 1228 
2368 1267 1268 1228 
2369 1228 1268 1229 
2370 1268 1269 1229 
2371 1229 1269 1230 
2372 1269 1270 1230 
2373 1230 1270 1231 
2374 1270 1271 1231 
2375 1231 1271 1232 
2376 1271 1272 1232 
2377 1232 1272 1233 
2378 1272 1273 1233 
2379 1233 1273 1234 
2380 1273 1274 1234 
2381 1234 1274 1275 
2382 1234 1275 1235 
2383 1235 1275 1276 
2384 1235 1276 1236 
2385 1236 1276 1277 
2386 1236 1277 1237 
2387 1237 1277 1278 
2388 1237 1278 1238 
2389 1238 1278 1279 
2390 1238 1279 1239 
2391 1239 1279 1280 
2392 1239 1280 1240 
2393 1240 1280 1281 
2394 1240 1281 1241 
2395 1241 1281 1282 
2396 1241 1282 1242 
2397 1242 1282 1283 
2398 1242 1283 1243 
2399 1243 1283 1284 
2400 1243 1284 1244 
2401 1244 1284 1245 
2402 1284 1285 1245 
2403 1245 1285 1246 
2404 1285 1286 1246 
2405 1246 1286 1247 
2406 1286 1287 1247 
2407 1247 1287 1248 
2408 1287 1288 1248 
2409 1248 1288 1249 
2410 1288 1289 1249 
2411 1249 1289 1250 
2412 1289 1290 1250 
2413 1250 1290 1251 
2414 1290 1291 1251 
2415 1251 1291 1252 
2416 1291 1292 1252 
2417 1252 1292 1253 
2418 1292 1293 1253 
2419 1253 1293 1215 
2420 1293 1255 1215 
2421 1255 1295 1294 
2422 1255 1294 1254 
2423 1254 1294 1296 
2424 1254 1296 1256 
2425 1256 1296 1297 
2426 1256 1297 1257 
2427 1257 1297 1298 
2428 1257 1298 1258 
2429 1258 1298 1299 
2430 1258 1299 1259 
2431 1259 1299 1300 
2432 1259 1300 1260 
2433 1260 1300 1301 
2434 1260 1301 1261 
2435 1261 1301 1302 
2436 1261 1302 1262 
2437 1262 1302 1303 
2438 1262 1303 1263 
2439 1263 1303 1304 
2440 1263 1304 1264 
2441 1264 1304 1265 
2442 1304 1305 1265 
2443 1265 1305 1266 
2444 1305 1306 1266 
2445 1266 1306 1267 
2446 1306 1307 1267 
2447 1267 1307 1268 
2448 1307 1308 1268 
2449 1268 1308 1269 
2450 1308 1309 1269 
2451 1269 1309 1270 
2452 1309 1310 1270 
2453 1270 1310 1271 
2454 1310 1311 1271 
2455 1271 1311 1272 
2456 1311 1312 1272 
2457 1272 1312 1273 
2458 1312 1313 1273 
2459 1273 1313 1274 
2460 1313 1314 1274 
2461 1274 1314 1315 
2462 1274 1315 1275 
2463 1275 1315 1316 
2464 1275 1316 1276 
2465 1276 1316 1317 
2466 1276 1317 1277 
2467 1277 1317 1318 
2468 1277 1318 1278 
2469 1278 1318 1319 
2470 1278 1319 1279 
2471 1279 1319 1320 
2472 1279 1320 1280 
2473 1280 1320 1321 
2474 1280 1321 1281 
2475 1281 1321 1322 
2476 1281 1322 1282 
2477 1282 1322 1323 
2478 1282 1323 1283 
2479 1283 1323 1324 
2480 1283 1324 1284 
2481 1284 1324 1285 
2482 1324 1325 1285 
2483 1285 1325 1286 
2484 1325 1326 1286 
2485 1286 1326 1287 
2486 1326 1327 1287 
2487 1287 1327 1288 
2488 1327 1328 1288 
2489 1288 1328 1289 
2490 1328 1329 1289 
2491 1289 1329 1290 
2492 1329 1330 1290 
2493 1290 1330 1291 
2494 1330 1331 1291 
2495 1291 1331 1292 
2496 1331 1332 1292 
2497 1292 1332 1293 
2498 1332 1333 1293 
2499 1293 1333 1255 
2500 1333 1295 1255 
2501 1295 1335 1334 
2502 1295 1334 1294 
2503 1294 1334 1336 
2504 1294 1336 1296 
2505 1296 1336 1337 
2506 1296 1337 1297 
2507 1297 1337 1338 
2508 1297 1338 1298 
2509 1298 1338 1339 
2510 1298 1339 1299 
2511 1299 1339 1340 
2512 1299 1340 1300 
2513 1300 1340 1341 
2514 1300 1341 1301 
2515 1301 1341 1342 
2516 1301 1342 1302 
2517 1302 1342 1343 
2518 1302 1343 1303 
2519 1303 1343 1344 
2520 1303 1344 1304 
2521 1304 1344 1305 
2522 1344 1345 1305 
2523 1305 1345 1306 
2524 1345 1346 1306 
2525 1306 1346 1307 
2526 1346 1347 1307 
2527 1307 1347 1308 
2528 1347 1348 1308 
2529 1308 1348 1309 
2530 1348 1349 1309 
2531 1309 1349 1310 
2532 1349 1350 1310 
2533 1310 1350 1311 
2534 1350 1351 1311 
2535 1311 1351 1312 
2536 1351 1352 1312 
2537 1312 1352 1313 
2538 1352 1353 1313 
2539 1313 1353 1314 
2540 1353 1354 1314 
2541 1314 1354 1355 
2542 1314 1355 1315 
2543 1315 1355 1356 
2544 1315 1356 1316 
2545 1316 1356 1357 
2546 1316 1357 1317 
2547 1317 1357 1358 
2548 1317 1358 1318 
2549 1318 1358 1359 
2550 1318 1359 1319 
2551 1319 1359 1360 
2552 1319 1360 1320 
2553 1320 1360 1361 
2554 1320 1361 1321 
2555 1321 1361 1362 
2556 1321 1362 1322 
2557 1322 1362 1363 
2558 1322 1363 1323 
2559 1323 1363 1364 
2560 1323 1364 1324 
2561 1324 1364 1325 
2562 1364 1365 1325 
2563 1325 1365 1326 
2564 1365 1366 1326 
2565 1326 1366 1327 
2566 1366 1367 1327 
2567 1327 1367 1328 
2568 1367 1368 1328 
2569 1328 1368 1329 
2570 1368 1369 1329 
2571 1329 1369 1330 
2572 1369 1370 1330 
2573 1330 1370 1331 
2574 1370 1371 1331 
2575 1331 1371 1332 
2576 1371 1372 1332 
2577 1332 1372 1333 
2578 1372 1373 1333 
2579 1333 1373 1295 
2580 1373 1335 1295 
2581 1335 1375 1374 
2582 1335 1374 1334 
2583 1334 1374 1376 
2584 1334 1376 1336 
2585 1336 1376 1377 
2586 1336 1377 1337 
2587 1337 1377 1378 
2588 1337 1378 1338 
2589 1338 1378 1379 
2590 1338 1379 1339 
2591 1339 1379 1380 
2592 1339 1380 1340 
2593 1340 1380 1381 
2594 1340 1381 1341 
2595 1341 1381 1382 
2596 1341 1382 1342 
2597 1342 1382 1383 
2598 1342 1383 1343 
2599 1343 1383 1384 
2600 1343 1384 1344 
2601 1344 1384 1345 
2602 1384 1385 1345 
2603 1345 1385 1346 
2604 1385 1386 1346 
2605 1346 1386 1347 
2606 1386 1387 1347 
2607 1347 1387 1348 
2608 1387 1388 1348 
2609 1348 1388 1349 
2610 1388 1389 1349 
2611 1349 1389 1350 
2612 1389 1390 1350 
2613 1350 1390 1351 
2614 1390 1391 1351 
2615 1351 1391 1352 
2616 1391 1392 1352 
2617 1352 1392 1353 
2618 1392 1393 1353 
2619 1353 1393 1354 
2620 1393 1394 1354 
2621 1354 1394 1395 
2622 1354 1395 1355 
2623 1355 1395 1396 
2624 1355 1396 1356 
2625 1356 1396 1397 
2626 1356 1397 1357 
2627 1357 1397 1398 
2628 1357 1398 1358 
2629 1358 1398 1399 
2630 1358 1399 1359 
2631 1359 1399 1400 
2632 1359 1400 1360 
2633 1360 1400 1401 
2634 1360 1401 1361 
2635 1361 1401 1402 
2636 1361 1402 1362 
2637 1362 1402 1403 
2638 1362 1403 1363 
2639 1363 1403 1404 
2640 1363 1404 1364 
2641 1364 1404 1365 
2642 1404 1405 1365 
2643 1365 1405 1366 
2644 1405 1406 1366 
2645 1366 1406 1367 
2646 1406 1407 1367 
2647 1367 1407 1368 
2648 1407 1408 1368 
2649 1368 1408 1369 
2650 1408 1409 1369 
2651 1369 1409 1370 
2652 1409 1410 1370 
2653 1370 1410 1371 
2654 1410 1411 1371 
2655 1371 1411 1372 
2656 1411 1412 1372 
2657 1372 1412 1373 
2658 1412 1413 1373 
2659 1373 1413 1335 
2660 1413 1375 1335 
2661 1375 1415 1414 
2662 1375 1414 1374 
2663 1374 1414 1416 
2664 1374 1416 1376 
2665 1376 1416 1417 
2666 1376 1417 1377 
2667 1377 1417 1418 
2668 1377 1418 1378 
2669 1378 1418 1419 
2670 1378 1419 1379 
2671 1379 1419 1420 
2672 1379 1420 1380 
2673 1380 1420 1421 
2674 1380 1421 1381 
2675 1381 1421 1422 
2676 1381 1422 1382 
2677 1382 1422 1423 
2678 1382 1423 1383 
2679 1383 1423 1424 
2680 1383 1424 1384 
2681 1384 1424 1385 
2682 1424 1425 1385 
2683 1385 1425 1386 
2684 1425 1426 1386 
2685 1386 1426 1387 
2686 1426 1427 1387 
2687 1387 1427 1388 
2688 1427 1428 1388 
2689 1388 1428 1389 
2690 1428 1429 1389 
2691 1389 1429 1390 
2692 1429 1430 1390 
2693 1390 1430 1391 
2694 1430 1431 1391 
2695 1391 1431 1392 
2696 1431 1432 1392 
2697 1392 1432 1393 
2698 1432 1433 1393 
2699 1393 1433 1394 
2700 1433 1434 1394 
2701 1394 1434 1435 
2702 1394 1435 1395 
2703 1395 1435 1436 
2704 1395 1436 1396 
2705 1396 1436 1437 
2706 1396 1437 1397 
2707 1397 1437 1438 
2708 1397 1438 1398 
2709 1398 1438 1439 
2710 1398 1439 1399 
2711 1399 1439 1440 
2712 1399 1440 1400 
2713 1400 1440 1441 
2714 1400 1441 1401 
2715 1401 1441 1442 
2716 1401 1442 1402 
2717 1402 1442 1443 
2718 1402 1443 1403 
2719 1403 1443 1444 
2720 1403 1444 1404 
2721 1404 1444 1405 
2722 1444 1445 1405 
2723 1405 1445 1406 
2724 1445 1446 1406 
2725 1406 1446 1407 
2726 1446 1447 1407 
2727 1407 1447 1408 
2728 1447 1448 1408 
2729 1408 1448 1409 
2730 1448 1449 1409 
2731 1409 1449 1410 
2732 1449 1450 1410 
2733 1410 1450 1411 
2734 1450 1451 1411 
2735 1411 1451 1412 
2736 1451 1452 1412 
2737 1412 1452 1413 
2738 1452 1453 1413 
2739 1413 1453 1375 
2740 1453 1415 1375 
2741 1415 1455 1454 
2742 1415 1454 1414 
2743 1414 1454 1456 
2744 1414 1456 1416 
2745 1416 1456 1457 
2746 1416 1457 1417 
2747 1417 1457 1458 
2748 1417 1458 1418 
2749 1418 1458 1459 
2750 1418 1459 1419 
2751 1419 1459 1460 
2752 1419 1460 1420 
2753 1420 1460 1461 
2754 1420 1461 1421 
2755 1421 1461 1462 
2756 1421 1462 1422 
2757 1422 1462 1463 
2758 1422 1463 1423 
2759 1423 1463 1464 
2760 1423 1464 1424 
2761 1424 1464 1425 
2762 1464 1465 1425 
2763 1425 1465 1426 
2764 1465 1466 1426 
2765 1426 1466 1427 
2766 1466 1467 1427 
2767 1427 1467 1428 
2768 1467 1468 1428 
2769 1428 1468 1429 
2770 1468 1469 1429 
2771 1429 1469 1430 
2772 1469 1470 1430 
2773 1430 1470 1431 
2774 1470 1471 1431 
2775 1431 1471 1432 
2776 1471 1472 1432 
2777 1432 1472 1433 
2778 1472 1473 1433 
2779 1433 1473 1434 
2780 1473 1474 1434 
2781 1434 1474 1475 
2782 1434 1475 1435 
2783 1435 1475 1476 
2784 1435 1476 1436 
2785 1436 1476 1477 
2786 1436 1477 1437 
2787 1437 1477 1478 
2788 1437 1478 1438 
2789 1438 1478 1479 
2790 1438 1479 1439 
2791 1439 1479 1480 
2792 1439 1480 1440 
2793 1440 1480 1481 
2794 1440 1481 1441 
2795 1441 1481 1482 
2796 1441 1482 1442 
2797 1442 1482 1483 
2798 1442 1483 1443 
2799 1443 1483 1484 
2800 1443 1484 1444 
2801 1444 1484 1445 
2802 1484 1485 1445 
2803 1445 1485 1446 
2804 1485 1486 1446 
2805 1446 1486 1447 
2806 1486 1487 1447 
2807 1447 1487 1448 
2808 1487 1488 1448 
2809 1448 1488 1449 
2810 1488 1489 1449 
2811 1449 1489 1450 
2812 1489 1490 1450 
2813 1450 1490 1451 
2814 1490 1491 1451 
2815 1451 1491 1452 
2816 1491 1492 1452 
2817 1452 1492 1453 
2818 1492 1493 1453 
2819 1453 1493 1415 
2820 1493 1455 1415 
2821 1455 1495 1494 
2822 1455 1494 1454 
2823 1454 1494 1496 
2824 1454 1496 1456 
2825 1456 1496 1497 
2826 1456 1497 1457 
2827 1457 1497 1498 
2828 1457 1498 1458 
2829 1458 1498 1499 
2830 1458 1499 1459 
2831 1459 1499 1500 
2832 1459 1500 1460 
2833 1460 1500 1501 
2834 1460 1501 1461 
2835 1461 1501 1502 
2836 1461 1502 1462 
2837 1462 1502 1503 
2838 1462 1503 1463 
2839 1463 1503 1504 
2840 1463 1504 1464 
2841 1464 1504 1465 
2842 1504 1505 1465 
2843 1465 1505 1466 
2844 1505 1506 1466 
2845 1466 1506 1467 
2846 1506 1507 1467 
2847 1467 1507 1468 
2848 1507 1508 1468 
2849 1468 1508 1469 
2850 1508 1509 1469 
2851 1469 1509 1470 
2852 1509 1510 1470 
2853 1470 1510 1471 
2854 1510 1511 1471 
2855 1471 1511 1472 
2856 1511 1512 1472 
2857 1472 1512 1473 
2858 1512 1513 1473 
2859 1473 1513 1474 
2860 1513 1514 1474 
2861 1474 1514 1515 
2862 1474 1515 1475 
2863 1475 1515 1516 
2864 1475 1516 1476 
2865 1476 1516 1517 
2866 1476 1517 1477 
2867 1477 1517 1518 
2868 1477 1518 1478 
2869 1478 1518 1519 
2870 1478 1519 1479 
2871 1479 1519 1520 
2872 1479 1520 1480 
2873 1480 1520 1521 
2874 1480 1521 1481 
2875 1481 1521 1522 
2876 1481 1522 1482 
2877 1482 1522 1523 
2878 1482 1523 1483 
2879 1483 1523 1524 
2880 1483 1524 1484 
2881 1484 1524 1485 
2882 1524 1525 1485 
2883 1485 1525 1486 
2884 1525 1526 1486 
2885 1486 1526 1487 
2886 1526 1527 1487 
2887 1487 1527 1488 
2888 1527 1528 1488 
2889 1488 1528 1489 
2890 1528 1529 1489 
2891 1489 1529 1490 
2892 1529 1530 1490 
2893 1490 1530 1491 
2894 1530 1531 1491 
2895 1491 1531 1492 
2896 1531 1532 1492 
2897 1492 1532 1493 
2898 1532 1533 1493 
2899 1493 1533 1455 
2900 1533 1495 1455 
2901 1495 1535 1534 
2902 1495 1534 1494 
2903 1494 1534 1536 
2904 1494 1536 1496 
2905 1496 1536 1537 
2906 1496 1537 1497 
2907 1497 1537 1538 
2908 1497 1538 1498 
2909 1498 1538 1539 
2910 1498 1539 1499 
2911 1499 1539 1540 
2912 1499 1540 1500 
2913 1500 1540 1541 
2914 1500 1541 1501 
2915 1501 1541 1542 
2916 1501 1542 1502 
2917 1502 1542 1543 
2918 1502 1543 1503 
2919 1503 1543 1544 
2920 1503 1544 1504 
2921 1504 1544 1505 
2922 1544 1545 1505 
2923 1505 1545 1506 
2924 1545 1546 1506 
2925 1506 1546 1507 
2926 1546 1547 1507 
2927 1507 1547 1508 
2928 1547 1548 1508 
2929 1508 1548 1509 
2930 1548 1549 1509 
2931 1509 1549 1510 
2932 1549 1550 1510 
2933 1510 1550 1511 
2934 1550 1551 1511 
2935 1511 1551 1512 
2936 1551 1552 1512 
2937 1512 1552 1513 
2938 1552 1553 1513 
2939 1513 1553 1514 
2940 1553 1554 1514 
2941 1514 1554 1555 
2942 1514 1555 1515 
2943 1515 1555 1556 
2944 1515 1556 1516 
2945 1516 1556 1557 
2946 1516 1557 1517 
2947 1517 1557 1558 
2948 1517 1558 1518 
2949 1518 1558 1559 
2950 1518 1559 1519 
2951 1519 1559 1560 
2952 1519 1560 1520 
2953 1520 1560 1561 
2954 1520 1561 1521 
2955 1521 1561 1562 
2956 1521 1562 1522 
2957 1522 1562 1563 
2958 1522 1563 1523 
2959 1523 1563 1564 
2960 1523 1564 1524 
2961 1524 1564 1525 
2962 1564 1565 1525 
2963 1525 1565 1526 
2964 1565 1566 1526 
2965 1526 1566 1527 
2966 1566 1567 1527 
2967 1527 1567 1528 
2968 1567 1568 1528 
2969 1528 1568 1529 
2970 1568 1569 1529 
2971 1529 1569 1530 
2972 1569 1570 1530 
2973 1530 1570 1531 
2974 1570 1571 1531 
2975 1531 1571 1532 
2976 1571 1572 1532 
2977 1532 1572 1533 
2978 1572 1573 1533 
2979 1533 1573 1495 
2980 1573 1535 1495 
2981 1535 1575 1574 
2982 1535 1574 1534 
2983 1534 1574 1576 
2984 1534 1576 1536 
2985 1536 1576 1577 
2986 1536 1577 1537 
2987 1537 1577 1578 
2988 1537 1578 1538 
2989 1538 1578 1579 
2990 1538 1579 1539 
2991 1539 1579 1580 
2992 1539 1580 1540 
2993 1540 1580 1581 
2994 1540 1581 1541 
2995 1541 1581 1582 
2996 1541 1582 1542 
2997 1542 1582 1583 
2998 1542 1583 1543 
2999 1543 1583 1584 
3000 1543 1584 1544 
3001 1544 1584 1545 
3002 1584 1585 1545 
3003 1545 1585 1546 
3004 1585 1586 1546 
3005 1546 1586 1547 
3006 1586 1587 1547 
3007 1547 1587 1548 
3008 1587 1588 1548 
3009 1548 1588 1549 
3010 1588 1589 1549 
3011 1549 1589 1550 
3012 1589 1590 1550 
3013 1550 1590 1551 
3014 1590 1591 1551 
3015 1551 1591 1552 
3016 1591 1592 1552 
3017 1552 1592 1553 
3018 1592 1593 1553 
3019 1553 1593 1554 
3020 1593 1594 1554 
3021 1554 1594 1595 
3022 1554 1595 1555 
3023 1555 1595 1596 
3024 1555 1596 1556 
3025 1556 1596 1597 
3026 1556 1597 1557 
3027 1557 1597 1598 
3028 1557 1598 1558 
3029 1558 1598 1599 
3030 1558 1599 1559 
3031 1559 1599 1600 
3032 1559 1600 1560 
3033 1560 1600 1601 
3034 1560 1601 1561 
3035 1561 1601 1602 
3036 1561 1602 1562 
3037 1562 1602 1603 
3038 1562 1603 1563 
3039 1563 1603 1604 
3040 1563 1604 1564 
3041 1564 1604 1565 
3042 1604 1605 1565 
3043 1565 1605 1566 
3044 1605 1606 1566 
3045 1566 1606 1567 
3046 1606 1607 1567 
3047 1567 1607 1568 
3048 1607 1608 1568 
3049 1568 1608 1569 
3050 1608 1609 1569 
3051 1569 1609 1570 
3052 1609 1610 1570 
3053 1570 1610 1571 
3054 1610 1611 1571 
3055 1571 1611 1572 
3056 1611 1612 1572 
3057 1572 1612 1573 
3058 1612 1613 1573 
3059 1573 1613 1535 
3060 1613 1575 1535 
3061 1575 1615 1614 
3062 1575 1614 1574 
3063 1574 1614 1616 
3064 1574 1616 1576 
3065 1576 1616 1617 
3066 1576 1617 1577 
3067 1577 1617 1618 
3068 1577 1618 1578 
3069 1578 1618 1619 
3070 1578 1619 1579 
3071 1579 1619 1620 
3072 1579 1620 1580 
3073 1580 1620 1621 
3074 1580 1621 1581 
3075 1581 1621 1622 
3076 1581 1622 1582 
3077 1582 1622 1623 
3078 1582 1623 1583 
3079 1583 1623 1624 
3080 1583 1624 1584 
3081 1584 1624 1585 
3082 1624 1625 1585 
3083 1585 1625 1586 
3084 1625 1626 1586 
3085 1586 1626 1587 
3086 1626 1627 1587 
3087 1587 1627 1588 
3088 1627 1628 1588 
3089 1588 1628 1589 
3090 1628 1629 1589 
3091 1589 1629 1590 
3092 1629 1630 1590 
3093 1590 1630 1591 
3094 1630 1631 1591 
3095 1591 1631 1592 
3096 1631 1632 1592 
3097 1592 1632 1593 
3098 1632 1633 1593 
3099 1593 1633 1594 
3100 1633 1634 1594 
3101 1594 1634 1635 
3102 1594 1635 1595 
3103 1595 1635 1636 
3104 1595 1636 1596 
3105 1596 1636 1637 
3106 1596 1637 1597 
3107 1597 1637 1638 
3108 1597 1638 1598 
3109 1598 1638 1639 
3110 1598 1639 1599 
3111 1599 1639 1640 
3112 1599 1640 1600 
3113 1600 1640 1641 
3114 1600 1641 1601 
3115 1601 1641 1642 
3116 1601 1642 1602 
3117 1602 1642 1643 
3118 1602 1643 1603 
3119 1603 1643 1644 
3120 1603 1644 1604 
3121 1604 1644 1605 
3122 1644 1645 1605 
3123 1605 1645 1606 
3124 1645 1646 1606 
3125 1606 1646 1607 
3126 1646 1647 1607 
3127 1607 1647 1608 
3128 1647 1648 1608 
3129 1608 1648 1609 
3130 1648 1649 1609 
3131 1609 1649 1610 
3132 1649 1650 1610 
3133 1610 1650 1611 
3134 1650 1651 1611 
3135 1611 1651 1612 
3136 1651 1652 1612 
3137 1612 1652 1613 
3138 1652 1653 1613 
3139 1613 1653 1575 
3140 1653 1615 1575 
3141 1615 1654 1614 
3142 1614 1654 1655 
3143 1614 1655 1616 
3144 1616 1655 1656 
3145 1616 1656 1617 
3146 1617 1656 1657 
3147 1617 1657 1618 
3148 1618 1657 1658 
3149 1618 1658 1619 
3150 1619 1658 1659 
3151 1619 1659 1620 
3152 1620 1659 1660 
3153 1620 1660 1621 
3154 1621 1660 1661 
3155 1621 1661 1622 
3156 1622 1661 1662 
3157 1622 1662 1623 
3158 1623 1662 1663 
3159 1623 1663 1624 
3160 1624 1663 1625 
3161 1663 1664 1625 
3162 1625 1664 1626 
3163 1664 1665 1626 
3164 1626 1665 1627 
3165 1665 1666 1627 
3166 1627 1666 1628 
3167 1666 1667 1628 
3168 1628 1667 1629 
3169 1667 1668 1629 
3170 1629 1668 1630 
3171 1668 1669 1630 
3172 1630 1669 1631 
3173 1669 1670 1631 
3174 1631 1670 1632 
3175 1670 1671 1632 
3176 1632 1671 1633 
3177 1671 1672 1633 
3178 1633 1672 1634 
3179 1634 1673 1635 
3180 1635 1673 1674 
3181 1635 1674 1636 
3182 1636 1674 1675 
3183 1636 1675 1637 
3184 1637 1675 1676 
3185 1637 1676 1638 
3186 1638 1676 1677 
3187 1638 1677 1639 
3188 1639 1677 1678 
3189 1639 1678 1640 
3190 1640 1678 1679 
3191 1640 1679 1641 
3192 1641 1679 1680 
3193 1641 1680 1642 
3194 1642 1680 1681 
3195 1642 1681 1643 
3196 1643 1681 1682 
3197 1643 1682 1644 
3198 1644 1682 1645 
3199 1682 1683 1645 
3200 1645 1683 1646 
3201 1683 1684 1646 
3202 1646 1684 1647 
3203 1684 1685 1647 
3204 1647 1685 1648 
3205 1685 1686 1648 
3206 1648 1686 1649 
3207 1686 1687 1649 
3208 1649 1687 1650 
3209 1687 1688 1650 
3210 1650 1688 1651 
3211 1688 1689 1651 
3212 1651 1689 1652 
3213 1689 1690 1652 
3214 1652 1690 1653 
3215 1690 1691 1653 
3216 1653 1691 1615 
3217 1615 1692 1654 
3218 1654 1692 1693 
3219 1654 1693 1655 
3220 1655 1693 1694 
3221 1655 1694 1656 
3222 1656 1694 1695 
3223 1656 1695 1657 
3224 1657 1695 1696 
3225 1657 1696 1658 
3226 1658 1696 1697 
3227 1658 1697 1659 
3228 1659 1697 1698 
3229 1659 1698 1660 
3230 1660 1698 1699 
3231 1660 1699 1661 
3232 1661 1699 1700 
3233 1661 1700 1662 
3234 1662 1700 1701 
3235 1662 1701 1663 
3236 1663 1701 1664 
3237 1701 1702 1664 
3238 1664 1702 1665 
3239 1702 1703 1665 
3240 1665 1703 1666 
3241 1703 1704 1666 
3242 1666 1704 1667 
3243 1704 1705 1667 
3244 1667 1705 1668 
3245 1705 1706 1668 
3246 1668 1706 1669 
3247 1706 1707 1669 
3248 1669 1707 1670 
3249 1707 1708 1670 
3250 1670 1708 1671 
3251 1708 1709 1671 
3252 1671 1709 1672 
3253 1709 1710 1672 
3254 1672 1710 1634 
3255 1634 1710 1673 
3256 1673 1710 1709 
3257 1673 1709 1674 
3258 1674 1709 1708 
3259 1674 1708 1675 
3260 1675 1708 1707 
3261 1675 1707 1676 
3262 1676 1707 1706 
3263 1676 1706 1677 
3264 1677 1706 1705 
3265 1677 1705 1678 
3266 1678 1705 1704 
3267 1678 1704 1679 
3268 1679 1704 1703 
3269 1679 1703 1680 
3270 1680 1703 1702 
3271 1680 1702 1681 
3272 1681 1702 1701 
3273 1681 1701 1682 
3274 1682 1701 1683 
3275 1701 1700 1683 
3276 1683 1700 1684 
3277 1700 1699 1684 
3278 1684 1699 1685 
3279 1699 1698 1685 
3280 1685 1698 1686 
3281 1698 1697 1686 
3282 1686 1697 1687 
3283 1697 1696 1687 
3284 1687 1696 1688 
3285 1696 1695 1688 
3286 1688 1695 1689 
3287 1695 1694 1689 
3288 1689 1694 1690 
3289 1694 1693 1690 
3290 1690 1693 1691 
3291 1693 1692 1691 
3292 1691 1692 1615 
3293 1711 1713 1712 
3294 1714 1715 1711 
3295 1712 1714 1711 
3296 1716 1715 1714 
3297 1716 1718 1717 
3298 1718 1716 1714 
3299 1719 1717 1718 
3300 1720 1719 1718 
3301 1721 1723 1722 
3302 1724 1722 1723 
3303 1725 1723 1726 
3304 1723 1725 1724 
3305 1725 1726 1727 
3306 1726 1729 1728 
3307 1727 1726 1728 
3308 1730 1728 1729 
3309 1731 1730 1729 
3310 1729 1733 1732 
3311 1734 1731 1729 
3312 1734 1729 1732 
3313 1732 1733 1735 
3314 1733 1737 1736 
3315 1737 1738 1736 
3316 1735 1733 1736 
3317 1739 1738 1737 
3318 1739 1741 1740 
3319 1741 1739 1737 
3320 1742 1740 1741 
3321 1743 1742 1741 
3322 1744 1746 1745 
3323 1747 1744 1745 
3324 1745 1749 1748 
3325 1747 1745 1748 
3326 1750 1748 1749 
3327 1749 1752 1751 
3328 1750 1749 1751 
3329 1753 1751 1752 
3330 1712 1754 1752 
3331 1754 1755 1752 
3332 1755 1753 1752 
3333 1754 1712 1713 
3334 1712 1756 1714 
3335 1756 1757 1714 
3336 1714 1757 1718 
3337 1757 1758 1718 
3338 1720 1718 1759 
3339 1718 1758 1759 
3340 1760 1759 1761 
3341 1759 1758 1761 
3342 1762 1760 1761 
3343 1763 1762 1764 
3344 1762 1761 1764 
3345 1764 1765 1763 
3346 1765 1764 1766 
3347 1767 1768 1766 
3348 1768 1765 1766 
3349 1769 1767 1766 
3350 1769 1766 1770 
3351 1769 1770 1771 
3352 1770 1773 1772 
3353 1771 1770 1772 
3354 1773 1775 1774 
3355 1775 1773 1770 
3356 1776 1774 1775 
3357 1777 1775 1778 
3358 1777 1776 1775 
3359 1779 1781 1780 
3360 1782 1781 1779 
3361 1783 1780 1781 
3362 1783 1781 1784 
3363 1781 1785 1784 
3364 1784 1785 1786 
3365 1786 1785 1787 
3366 1785 1788 1787 
3367 1787 1788 1789 
3368 1790 1789 1788 
3369 1791 1790 1788 
3370 1792 1791 1793 
3371 1794 1791 1795 
3372 1791 1792 1795 
3373 1791 1794 1790 
3374 1796 1793 1791 
3375 1797 1796 1791 
3376 1796 1797 1798 
3377 1799 1798 1797 
3378 1800 1799 1797 
3379 1721 1799 1723 
3380 1799 1800 1723 
3381 1723 1800 1801 
3382 1723 1801 1726 
3383 1726 1801 1802 
3384 1726 1802 1729 
3385 1729 1802 1733 
3386 1802 1803 1733 
3387 1733 1803 1737 
3388 1803 1804 1737 
3389 1737 1804 1741 
3390 1804 1805 1741 
3391 1743 1741 1806 
3392 1806 1805 1807 
3393 1741 1805 1806 
3394 1807 1809 1808 
3395 1807 1805 1809 
3396 1810 1809 1811 
3397 1810 1808 1809 
3398 1811 1813 1812 
3399 1811 1809 1813 
3400 1812 1813 1814 
3401 1814 1816 1815 
3402 1816 1817 1815 
3403 1813 1816 1814 
3404 1817 1816 1818 
3405 1816 1819 1818 
3406 1820 1818 1819 
3407 1821 1819 1822 
3408 1821 1820 1819 
3409 1819 1823 1822 
3410 1824 1823 1819 
3411 1823 1824 1825 
3412 1826 1825 1824 
3413 1827 1826 1828 
3414 1826 1824 1828 
3415 1829 1827 1828 
3416 1830 1832 1831 
3417 1832 1833 1831 
3418 1834 1829 1828 
3419 1831 1836 1835 
3420 1836 1837 1835 
3421 1830 1831 1835 
3422 1838 1837 1836 
3423 1839 1841 1840 
3424 1842 1841 1839 
3425 1843 1841 1842 
3426 1836 1841 1843 
3427 1838 1836 1843 
3428 1844 1840 1841 
3429 1841 1846 1845 
3430 1844 1841 1845 
3431 1845 1846 1847 
3432 1846 1848 1847 
3433 1846 1850 1849 
3434 1848 1846 1849 
3435 1849 1850 1851 
3436 1852 1853 1850 
3437 1854 1852 1850 
3438 1855 1856 1850 
3439 1853 1855 1850 
3440 1856 1851 1850 
3441 1852 1854 1857 
3442 1858 1857 1854 
3443 1859 1858 1854 
3444 1858 1859 1860 
3445 1861 1860 1859 
3446 1862 1861 1859 
3447 1863 1861 1745 
3448 1746 1863 1745 
3449 1861 1862 1745 
3450 1745 1862 1864 
3451 1745 1864 1749 
3452 1749 1864 1865 
3453 1749 1865 1752 
3454 1752 1865 1756 
3455 1752 1756 1712 
3456 1756 1866 1757 
3457 1866 1867 1757 
3458 1757 1867 1758 
3459 1867 1868 1758 
3460 1758 1868 1761 
3461 1868 1869 1761 
3462 1761 1869 1764 
3463 1869 1870 1764 
3464 1764 1870 1766 
3465 1870 1871 1766 
3466 1766 1871 1770 
3467 1871 1872 1770 
3468 1770 1872 1775 
3469 1872 1873 1775 
3470 1778 1873 1874 
3471 1778 1775 1873 
3472 1874 1873 1875 
3473 1874 1875 1876 
3474 1877 1875 1878 
3475 1876 1875 1877 
3476 1878 1875 1879 
3477 1878 1879 1880 
3478 1881 1880 1879 
3479 1882 1884 1883 
3480 1884 1885 1883 
3481 1884 1882 1881 
3482 1879 1884 1881 
3483 1886 1884 1887 
3484 1886 1885 1884 
3485 1884 1888 1887 
3486 1887 1888 1889 
3487 1889 1888 1890 
3488 1888 1891 1890 
3489 1890 1891 1892 
3490 1892 1891 1893 
3491 1891 1894 1893 
3492 1782 1894 1781 
3493 1895 1894 1782 
3494 1895 1893 1894 
3495 1781 1894 1896 
3496 1781 1896 1785 
3497 1785 1896 1897 
3498 1785 1897 1788 
3499 1788 1897 1898 
3500 1788 1898 1791 
3501 1791 1898 1899 
3502 1791 1899 1797 
3503 1797 1899 1900 
3504 1797 1900 1800 
3505 1800 1900 1901 
3506 1800 1901 1801 
3507 1801 1901 1902 
3508 1801 1902 1802 
3509 1802 1902 1803 
3510 1902 1903 1803 
3511 1803 1903 1804 
3512 1903 1904 1804 
3513 1804 1904 1805 
3514 1904 1905 1805 
3515 1805 1905 1809 
3516 1905 1906 1809 
3517 1809 1906 1813 
3518 1906 1907 1813 
3519 1813 1907 1816 
3520 1907 1908 1816 
3521 1816 1908 1819 
3522 1908 1909 1819 
3523 1819 1909 1824 
3524 1909 1910 1824 
3525 1824 1910 1828 
3526 1910 1911 1828 
3527 1912 1911 1913 
3528 1911 1831 1833 
3529 1834 1828 1912 
3530 1911 1833 1913 
3531 1828 1911 1912 
3532 1911 1914 1831 
3533 1831 1914 1915 
3534 1831 1915 1836 
3535 1836 1915 1916 
3536 1836 1916 1841 
3537 1841 1916 1917 
3538 1841 1917 1846 
3539 1846 1917 1918 
3540 1846 1918 1850 
3541 1850 1918 1919 
3542 1850 1919 1854 
3543 1854 1919 1920 
3544 1854 1920 1859 
3545 1859 1920 1921 
3546 1859 1921 1862 
3547 1862 1921 1922 
3548 1862 1922 1864 
3549 1864 1922 1923 
3550 1864 1923 1865 
3551 1865 1923 1866 
3552 1865 1866 1756 
3553 1866 1924 1867 
3554 1924 1925 1867 
3555 1867 1925 1868 
3556 1925 1926 1868 
3557 1868 1926 1869 
3558 1926 1927 1869 
3559 1869 1927 1870 
3560 1927 1928 1870 
3561 1870 1928 1871 
3562 1928 1929 1871 
3563 1871 1929 1872 
3564 1929 1930 1872 
3565 1872 1930 1873 
3566 1930 1931 1873 
3567 1873 1931 1875 
3568 1931 1932 1875 
3569 1875 1932 1879 
3570 1932 1933 1879 
3571 1879 1933 1884 
3572 1933 1934 1884 
3573 1884 1934 1935 
3574 1884 1935 1888 
3575 1888 1935 1936 
3576 1888 1936 1891 
3577 1891 1936 1937 
3578 1891 1937 1894 
3579 1894 1937 1938 
3580 1894 1938 1896 
3581 1896 1938 1939 
3582 1896 1939 1897 
3583 1897 1939 1940 
3584 1897 1940 1898 
3585 1898 1940 1941 
3586 1898 1941 1899 
3587 1899 1941 1942 
3588 1899 1942 1900 
3589 1900 1942 1943 
3590 1900 1943 1901 
3591 1901 1943 1944 
3592 1901 1944 1902 
3593 1902 1944 1903 
3594 1944 1945 1903 
3595 1903 1945 1904 
3596 1945 1946 1904 
3597 1904 1946 1905 
3598 1946 1947 1905 
3599 1905 1947 1906 
3600 1947 1948 1906 
3601 1906 1948 1907 
3602 1948 1949 1907 
3603 1907 1949 1908 
3604 1949 1950 1908 
3605 1908 1950 1909 
3606 1950 1951 1909 
3607 1909 1951 1910 
3608 1951 1952 1910 
3609 1910 1952 1911 
3610 1952 1953 1911 
3611 1911 1953 1914 
3612 1953 1954 1914 
3613 1914 1954 1955 
3614 1914 1955 1915 
3615 1915 1955 1956 
3616 1915 1956 1916 
3617 1916 1956 1957 
3618 1916 1957 1917 
3619 1917 1957 1958 
3620 1917 1958 1918 
3621 1918 1958 1959 
3622 1918 1959 1919 
3623 1919 1959 1960 
3624 1919 1960 1920 
3625 1920 1960 1961 
3626 1920 1961 1921 
3627 1921 1961 1962 
3628 1921 1962 1922 
3629 1922 1962 1963 
3630 1922 1963 1923 
3631 1923 1963 1924 
3632 1923 1924 1866 
3633 1924 1964 1925 
3634 1964 1965 1925 
3635 1925 1965 1926 
3636 1965 1966 1926 
3637 1926 1966 1927 
3638 1966 1967 1927 
3639 1927 1967 1928 
3640 1967 1968 1928 
3641 1928 1968 1929 
3642 1968 1969 1929 
3643 1929 1969 1930 
3644 1969 1970 1930 
3645 1930 1970 1931 
3646 1970 1971 1931 
3647 1931 1971 1932 
3648 1971 1972 1932 
3649 1932 1972 1933 
3650 1972 1973 1933 
3651 1933 1973 1934 
3652 1973 1974 1934 
3653 1934 1974 1975 
3654 1934 1975 1935 
3655 1935 1975 1976 
3656 1935 1976 1936 
3657 1936 1976 1977 
3658 1936 1977 1937 
3659 1937 1977 1978 
3660 1937 1978 1938 
3661 1938 1978 1979 
3662 1938 1979 1939 
3663 1939 1979 1980 
3664 1939 1980 1940 
3665 1940 1980 1981 
3666 1940 1981 1941 
3667 1941 1981 1982 
3668 1941 1982 1942 
3669 1942 1982 1983 
3670 1942 1983 1943 
3671 1943 1983 1984 
3672 1943 1984 1944 
3673 1944 1984 1945 
3674 1984 1985 1945 
3675 1945 1985 1946 
3676 1985 1986 1946 
3677 1946 1986 1947 
3678 1986 1987 1947 
3679 1947 1987 1948 
3680 1987 1988 1948 
3681 1948 1988 1949 
3682 1988 1989 1949 
3683 1949 1989 1950 
3684 1989 1990 1950 
3685 1950 1990 1951 
3686 1990 1991 1951 
3687 1951 1991 1952 
3688 1991 1992 1952 
3689 1952 1992 1953 
3690 1992 1993 1953 
3691 1953 1993 1954 
3692 1993 1994 1954 
3693 1954 1994 1995 
3694 1954 1995 1955 
3695 1955 1995 1996 
3696 1955 1996 1956 
3697 1956 1996 1997 
3698 1956 1997 1957 
3699 1957 1997 1998 
3700 1957 1998 1958 
3701 1958 1998 1999 
3702 1958 1999 1959 
3703 1959 1999 2000 
3704 1959 2000 1960 
3705 1960 2000 2001 
3706 1960 2001 1961 
3707 1961 2001 2002 
3708 1961 2002 1962 
3709 1962 2002 2003 
3710 1962 2003 1963 
3711 1963 2003 1964 
3712 1963 1964 1924 
3713 1964 2004 1965 
3714 2004 2005 1965 
3715 1965 2005 1966 
3716 2005 2006 1966 
3717 1966 2006 1967 
3718 2006 2007 1967 
3719 1967 2007 1968 
3720 2007 2008 1968 
3721 1968 2008 1969 
3722 2008 2009 1969 
3723 1969 2009 1970 
3724 2009 2010 1970 
3725 1970 2010 1971 
3726 2010 2011 1971 
3727 1971 2011 1972 
3728 2011 2012 1972 
3729 1972 2012 1973 
3730 2012 2013 1973 
3731 1973 2013 1974 
3732 2013 2014 1974 
3733 1974 2014 2015 
3734 1974 2015 1975 
3735 1975 2015 2016 
3736 1975 2016 1976 
3737 1976 2016 2017 
3738 1976 2017 1977 
3739 1977 2017 2018 
3740 1977 2018 1978 
3741 1978 2018 2019 
3742 1978 2019 1979 
3743 1979 2019 2020 
3744 1979 2020 1980 
3745 1980 2020 2021 
3746 1980 2021 1981 
3747 1981 2021 2022 
3748 1981 2022 1982 
3749 1982 2022 2023 
3750 1982 2023 1983 
3751 1983 2023 2024 
3752 1983 2024 1984 
3753 1984 2024 1985 
3754 2024 2025 1985 
3755 1985 2025 1986 
3756 2025 2026 1986 
3757 1986 2026 1987 
3758 2026 2027 1987 
3759 1987 2027 1988 
3760 2027 2028 1988 
3761 1988 2028 1989 
3762 2028 2029 1989 
3763 1989 2029 1990 
3764 2029 2030 1990 
3765 1990 2030 1991 
3766 2030 2031 1991 
3767 1991 2031 1992 
3768 2031 2032 1992 
3769 1992 2032 1993 
3770 2032 2033 1993 
3771 1993 2033 1994 
3772 2033 2034 1994 
3773 1994 2034 2035 
3774 1994 2035 1995 
3775 1995 2035 2036 
3776 1995 2036 1996 
3777 1996 2036 2037 
3778 1996 2037 1997 
3779 1997 2037 2038 
3780 1997 2038 1998 
3781 1998 2038 2039 
3782 1998 2039 1999 
3783 1999 2039 2040 
3784 1999 2040 2000 
3785 2000 2040 2041 
3786 2000 2041 2001 
3787 2001 2041 2042 
3788 2001 2042 2002 
3789 2002 2042 2043 
3790 2002 2043 2003 
3791 2003 2043 2004 
3792 2003 2004 1964 
3793 2004 2044 2005 
3794 2044 2045 2005 
3795 2005 2045 2006 
3796 2045 2046 2006 
3797 2006 2046 2007 
3798 2046 2047 2007 
3799 2007 2047 2008 
3800 2047 2048 2008 
3801 2008 2048 2009 
3802 2048 2049 2009 
3803 2009 2049 2010 
3804 2049 2050 2010 
3805 2010 2050 2011 
3806 2050 2051 2011 
3807 2011 2051 2012 
3808 2051 2052 2012 
3809 2012 2052 2013 
3810 2052 2053 2013 
3811 2013 2053 2014 
3812 2053 2054 2014 
3813 2014 2054 2055 
3814 2014 2055 2015 
3815 2015 2055 2056 
3816 2015 2056 2016 
3817 2016 2056 2057 
3818 2016 2057 2017 
3819 2017 2057 2058 
3820 2017 2058 2018 
3821 2018 2058 2059 
3822 2018 2059 2019 
3823 2019 2059 2060 
3824 2019 2060 2020 
3825 2020 2060 2061 
3826 2020 2061 2021 
3827 2021 2061 2062 
3828 2021 2062 2022 
3829 2022 2062 2063 
3830 2022 2063 2023 
3831 2023 2063 2064 
3832 2023 2064 2024 
3833 2024 2064 2025 
3834 2064 2065 2025 
3835 2025 2065 2026 
3836 2065 2066 2026 
3837 2026 2066 2027 
3838 2066 2067 2027 
3839 2027 2067 2028 
3840 2067 2068 2028 
3841 2028 2068 2029 
3842 2068 2069 2029 
3843 2029 2069 2030 
3844 2069 2070 2030 
3845 2030 2070 2031 
3846 2070 2071 2031 
3847 2031 2071 2032 
3848 2071 2072 2032 
3849 2032 2072 2033 
3850 2072 2073 2033 
3851 2033 2073 2034 
3852 2073 2074 2034 
3853 2034 2074 2075 
3854 2034 2075 2035 
3855 2035 2075 2076 
3856 2035 2076 2036 
3857 2036 2076 2077 
3858 2036 2077 2037 
3859 2037 2077 2078 
3860 2037 2078 2038 
3861 2038 2078 2079 
3862 2038 2079 2039 
3863 2039 2079 2080 
3864 2039 2080 2040 
3865 2040 2080 2081 
3866 2040 2081 2041 
3867 2041 2081 2082 
3868 2041 2082 2042 
3869 2042 2082 2083 
3870 2042 2083 2043 
3871 2043 2083 2044 
3872 2043 2044 2004 
3873 2044 2084 2045 
3874 2084 2085 2045 
3875 2045 2085 2046 
3876 2085 2086 2046 
3877 2046 2086 2047 
3878 2086 2087 2047 
3879 2047 2087 2048 
3880 2087 2088 2048 
3881 2048 2088 2049 
3882 2088 2089 2049 
3883 2049 2089 2050 
3884 2089 2090 2050 
3885 2050 2090 2051 
3886 2090 2091 2051 
3887 2051 2091 2052 
3888 2091 2092 2052 
3889 2052 2092 2053 
3890 2092 2093 2053 
3891 2053 2093 2054 
3892 2093 2094 2054 
3893 2054 2094 2095 
3894 2054 2095 2055 
3895 2055 2095 2096 
3896 2055 2096 2056 
3897 2056 2096 2097 
3898 2056 2097 2057 
3899 2057 2097 2098 
3900 2057 2098 2058 
3901 2058 2098 2099 
3902 2058 2099 2059 
3903 2059 2099 2100 
3904 2059 2100 2060 
3905 2060 2100 2101 
3906 2060 2101 2061 
3907 2061 2101 2102 
3908 2061 2102 2062 
3909 2062 2102 2103 
3910 2062 2103 2063 
3911 2063 2103 2104 
3912 2063 2104 2064 
3913 2064 2104 2065 
3914 2104 2105 2065 
3915 2065 2105 2066 
3916 2105 2106 2066 
3917 2066 2106 2067 
3918 2106 2107 2067 
3919 2067 2107 2068 
3920 2107 2108 2068 
3921 2068 2108 2069 
3922 2108 2109 2069 
3923 2069 2109 2070 
3924 2109 2110 2070 
3925 2070 2110 2071 
3926 2110 2111 2071 
3927 2071 2111 2072 
3928 2111 2112 2072 
3929 2072 2112 2073 
3930 2112 2113 2073 
3931 2073 2113 2074 
3932 2113 2114 2074 
3933 2074 2114 2115 
3934 2074 2115 2075 
3935 2075 2115 2116 
3936 2075 2116 2076 
3937 2076 2116 2117 
3938 2076 2117 2077 
3939 2077 2117 2118 
3940 2077 2118 2078 
3941 2078 2118 2119 
3942 2078 2119 2079 
3943 2079 2119 2120 
3944 2079 2120 2080 
3945 2080 2120 2121 
3946 2080 2121 2081 
3947 2081 2121 2122 
3948 2081 2122 2082 
3949 2082 2122 2123 
3950 2082 2123 2083 
3951 2083 2123 2084 
3952 2083 2084 2044 
3953 2084 2124 2085 
3954 2124 2125 2085 
3955 2085 2125 2086 
3956 2125 2126 2086 
3957 2086 2126 2087 
3958 2126 2127 2087 
3959 2087 2127 2088 
3960 2127 2128 2088 
3961 2088 2128 2089 
3962 2128 2129 2089 
3963 2089 2129 2090 
3964 2129 2130 2090 
3965 2090 2130 2091 
3966 2130 2131 2091 
3967 2091 2131 2092 
3968 2131 2132 2092 
3969 2092 2132 2093 
3970 2132 2133 2093 
3971 2093 2133 2094 
3972 2133 2134 2094 
3973 2094 2134 2135 
3974 2094 2135 2095 
3975 2095 2135 2136 
3976 2095 2136 2096 
3977 2096 2136 2137 
3978 2096 2137 2097 
3979 2097 2137 2138 
3980 2097 2138 2098 
3981 2098 2138 2139 
3982 2098 2139 2099 
3983 2099 2139 2140 
3984 2099 2140 2100 
3985 2100 2140 2141 
3986 2100 2141 2101 
3987 2101 2141 2142 
3988 2101 2142 2102 
3989 2102 2142 2143 
3990 2102 2143 2103 
3991 2103 2143 2144 
3992 2103 2144 2104 
3993 2104 2144 2105 
3994 2144 2145 2105 
3995 2105 2145 2106 
3996 2145 2146 2106 
3997 2106 2146 2107 
3998 2146 2147 2107 
3999 2107 2147 2108 
4000 2147 2148 2108 
4001 2108 2148 2109 
4002 2148 2149 2109 
4003 2109 2149 2110 
4004 2149 2150 2110 
4005 2110 2150 2111 
4006 2150 2151 2111 
4007 2111 2151 2112 
4008 2151 2152 2112 
4009 2112 2152 2113 
4010 2152 2153 2113 
4011 2113 2153 2114 
4012 2153 2154 2114 
4013 2114 2154 2155 
4014 2114 2155 2115 
4015 2115 2155 2156 
4016 2115 2156 2116 
4017 2116 2156 2157 
4018 2116 2157 2117 
4019 2117 2157 2158 
4020 2117 2158 2118 
4021 2118 2158 2159 
4022 2118 2159 2119 
4023 2119 2159 2160 
4024 2119 2160 2120 
4025 2120 2160 2161 
4026 2120 2161 2121 
4027 2121 2161 2162 
4028 2121 2162 2122 
4029 2122 2162 2163 
4030 2122 2163 2123 
4031 2123 2163 2124 
4032 2123 2124 2084 
4033 2124 2164 2125 
4034 2164 2165 2125 
4035 2125 2165 2126 
4036 2165 2166 2126 
4037 2126 2166 2127 
4038 2166 2167 2127 
4039 2127 2167 2128 
4040 2167 2168 2128 
4041 2128 2168 2129 
4042 2168 2169 2129 
4043 2129 2169 2130 
4044 2169 2170 2130 
4045 2130 2170 2131 
4046 2170 2171 2131 
4047 2131 2171 2132 
4048 2171 2172 2132 
4049 2132 2172 2133 
4050 2172 2173 2133 
4051 2133 2173 2134 
4052 2173 2174 2134 
4053 2134 2174 2175 
4054 2134 2175 2135 
4055 2135 2175 2176 
4056 2135 2176 2136 
4057 2136 2176 2177 
4058 2136 2177 2137 
4059 2137 2177 2178 
4060 2137 2178 2138 
4061 2138 2178 2179 
4062 2138 2179 2139 
4063 2139 2179 2180 
4064 2139 2180 2140 
4065 2140 2180 2181 
4066 2140 2181 2141 
4067 2141 2181 2182 
4068 2141 2182 2142 
4069 2142 2182 2183 
4070 2142 2183 2143 
4071 2143 2183 2184 
4072 2143 2184 2144 
4073 2144 2184 2145 
4074 2184 2185 2145 
4075 2145 2185 2146 
4076 2185 2186 2146 
4077 2146 2186 2147 
4078 2186 2187 2147 
4079 2147 2187 2148 
4080 2187 2188 2148 
4081 2148 2188 2149 
4082 2188 2189 2149 
4083 2149 2189 2150 
4084 2189 2190 2150 
4085 2150 2190 2151 
4086 2190 2191 2151 
4087 2151 2191 2152 
4088 2191 2192 2152 
4089 2152 2192 2153 
4090 2192 2193 2153 
4091 2153 2193 2154 
4092 2193 2194 2154 
4093 2154 2194 2195 
4094 2154 2195 2155 
4095 2155 2195 2196 
4096 2155 2196 2156 
4097 2156 2196 2197 
4098 2156 2197 2157 
4099 2157 2197 2198 
4100 2157 2198 2158 
4101 2158 2198 2199 
4102 2158 2199 2159 
4103 2159 2199 2200 
4104 2159 2200 2160 
4105 2160 2200 2201 
4106 2160 2201 2161 
4107 2161 2201 2202 
4108 2161 2202 2162 
4109 2162 2202 2203 
4110 2162 2203 2163 
4111 2163 2203 2164 
4112 2163 2164 2124 
4113 2164 2204 2165 
4114 2204 2205 2165 
4115 2165 2205 2166 
4116 2205 2206 2166 
4117 2166 2206 2167 
4118 2206 2207 2167 
4119 2167 2207 2168 
4120 2207 2208 2168 
4121 2168 2208 2169 
4122 2208 2209 2169 
4123 2169 2209 2170 
4124 2209 2210 2170 
4125 2170 2210 2171 
4126 2210 2211 2171 
4127 2171 2211 2172 
4128 2211 2212 2172 
4129 2172 2212 2173 
4130 2212 2213 2173 
4131 2173 2213 2174 
4132 2213 2214 2174 
4133 2174 2214 2215 
4134 2174 2215 2175 
4135 2175 2215 2216 
4136 2175 2216 2176 
4137 2176 2216 2217 
4138 2176 2217 2177 
4139 2177 2217 2218 
4140 2177 2218 2178 
4141 2178 2218 2219 
4142 2178 2219 2179 
4143 2179 2219 2220 
4144 2179 2220 2180 
4145 2180 2220 2221 
4146 2180 2221 2181 
4147 2181 2221 2222 
4148 2181 2222 2182 
4149 2182 2222 2223 
4150 2182 2223 2183 
4151 2183 2223 2224 
4152 2183 2224 2184 
4153 2184 2224 2185 
4154 2224 2225 2185 
4155 2185 2225 2186 
4156 2225 2226 2186 
4157 2186 2226 2187 
4158 2226 2227 2187 
4159 2187 2227 2188 
4160 2227 2228 2188 
4161 2188 2228 2189 
4162 2228 2229 2189 
4163 2189 2229 2190 
4164 2229 2230 2190 
4165 2190 2230 2191 
4166 2230 2231 2191 
4167 2191 2231 2192 
4168 2231 2232 2192 
4169 2192 2232 2193 
4170 2232 2233 2193 
4171 2193 2233 2194 
4172 2233 2234 2194 
4173 2194 2234 2235 
4174 2194 2235 2195 
4175 2195 2235 2236 
4176 2195 2236 2196 
4177 2196 2236 2237 
4178 2196 2237 2197 
4179 2197 2237 2238 
4180 2197 2238 2198 
4181 2198 2238 2239 
4182 2198 2239 2199 
4183 2199 2239 2240 
4184 2199 2240 2200 
4185 2200 2240 2241 
4186 2200 2241 2201 
4187 2201 2241 2242 
4188 2201 2242 2202 
4189 2202 2242 2243 
4190 2202 2243 2203 
4191 2203 2243 2204 
4192 2203 2204 2164 
4193 2204 2244 2205 
4194 2244 2245 2205 
4195 2205 2245 2206 
4196 2245 2246 2206 
4197 2206 2246 2207 
4198 2246 2247 2207 
4199 2207 2247 2208 
4200 2247 2248 2208 
4201 2208 2248 2209 
4202 2248 2249 2209 
4203 2209 2249 2210 
4204 2249 2250 2210 
4205 2210 2250 2211 
4206 2250 2251 2211 
4207 2211 2251 2212 
4208 2251 2252 2212 
4209 2212 2252 2213 
4210 2252 2253 2213 
4211 2213 2253 2214 
4212 2253 2254 2214 
4213 2214 2254 2255 
4214 2214 2255 2215 
4215 2215 2255 2256 
4216 2215 2256 2216 
4217 2216 2256 2257 
4218 2216 2257 2217 
4219 2217 2257 2258 
4220 2217 2258 2218 
4221 2218 2258 2259 
4222 2218 2259 2219 
4223 2219 2259 2260 
4224 2219 2260 2220 
4225 2220 2260 2261 
4226 2220 2261 2221 
4227 2221 2261 2262 
4228 2221 2262 2222 
4229 2222 2262 2263 
4230 2222 2263 2223 
4231 2223 2263 2264 
4232 2223 2264 2224 
4233 2224 2264 2225 
4234 2264 2265 2225 
4235 2225 2265 2226 
4236 2265 2266 2226 
4237 2226 2266 2227 
4238 2266 2267 2227 
4239 2227 2267 2228 
4240 2267 2268 2228 
4241 2228 2268 2229 
4242 2268 2269 2229 
4243 2229 2269 2230 
4244 2269 2270 2230 
4245 2230 2270 2231 
4246 2270 2271 2231 
4247 2231 2271 2232 
4248 2271 2272 2232 
4249 2232 2272 2233 
4250 2272 2273 2233 
4251 2233 2273 2234 
4252 2273 2274 2234 
4253 2234 2274 2275 
4254 2234 2275 2235 
4255 2235 2275 2276 
4256 2235 2276 2236 
4257 2236 2276 2277 
4258 2236 2277 2237 
4259 2237 2277 2278 
4260 2237 2278 2238 
4261 2238 2278 2279 
4262 2238 2279 2239 
4263 2239 2279 2280 
4264 2239 2280 2240 
4265 2240 2280 2281 
4266 2240 2281 2241 
4267 2241 2281 2282 
4268 2241 2282 2242 
4269 2242 2282 2283 
4270 2242 2283 2243 
4271 2243 2283 2244 
4272 2243 2244 2204 
4273 2244 2284 2245 
4274 2284 2285 2245 
4275 2245 2285 2246 
4276 2285 2286 2246 
4277 2246 2286 2247 
4278 2286 2287 2247 
4279 2247 2287 2248 
4280 2287 2288 2248 
4281 2248 2288 2249 
4282 2288 2289 2249 
4283 2249 2289 2250 
4284 2289 2290 2250 
4285 2250 2290 2251 
4286 2290 2291 2251 
4287 2251 2291 2252 
4288 2291 2292 2252 
4289 2252 2292 2253 
4290 2292 2293 2253 
4291 2253 2293 2254 
4292 2293 2294 2254 
4293 2254 2294 2295 
4294 2254 2295 2255 
4295 2255 2295 2296 
4296 2255 2296 2256 
4297 2256 2296 2297 
4298 2256 2297 2257 
4299 2257 2297 2298 
4300 2257 2298 2258 
4301 2258 2298 2299 
4302 2258 2299 2259 
4303 2259 2299 2300 
4304 2259 2300 2260 
4305 2260 2300 2301 
4306 2260 2301 2261 
4307 2261 2301 2302 
4308 2261 2302 2262 
4309 2262 2302 2303 
4310 2262 2303 2263 
4311 2263 2303 2304 
4312 2263 2304 2264 
4313 2264 2304 2265 
4314 2304 2305 2265 
4315 2265 2305 2266 
4316 2305 2306 2266 
4317 2266 2306 2267 
4318 2306 2307 2267 
4319 2267 2307 2268 
4320 2307 2308 2268 
4321 2268 2308 2269 
4322 2308 2309 2269 
4323 2269 2309 2270 
4324 2309 2310 2270 
4325 2270 2310 2271 
4326 2310 2311 2271 
4327 2271 2311 2272 
4328 2311 2312 2272 
4329 2272 2312 2273 
4330 2312 2313 2273 
4331 2273 2313 2274 
4332 2313 2314 2274 
4333 2274 2314 2315 
4334 2274 2315 2275 
4335 2275 2315 2316 
4336 2275 2316 2276 
4337 2276 2316 2317 
4338 2276 2317 2277 
4339 2277 2317 2318 
4340 2277 2318 2278 
4341 2278 2318 2319 
4342 2278 2319 2279 
4343 2279 2319 2320 
4344 2279 2320 2280 
4345 2280 2320 2321 
4346 2280 2321 2281 
4347 2281 2321 2322 
4348 2281 2322 2282 
4349 2282 2322 2323 
4350 2282 2323 2283 
4351 2283 2323 2284 
4352 2283 2284 2244 
4353 2284 2324 2285 
4354 2324 2325 2285 
4355 2285 2325 2286 
4356 2325 2326 2286 
4357 2286 2326 2287 
4358 2326 2327 2287 
4359 2287 2327 2288 
4360 2327 2328 2288 
4361 2288 2328 2289 
4362 2328 2329 2289 
4363 2289 2329 2290 
4364 2329 2330 2290 
4365 2290 2330 2291 
4366 2330 2331 2291 
4367 2291 2331 2292 
4368 2331 2332 2292 
4369 2292 2332 2293 
4370 2332 2333 2293 
4371 2293 2333 2294 
4372 2333 2334 2294 
4373 2294 2334 2335 
4374 2294 2335 2295 
4375 2295 2335 2336 
4376 2295 2336 2296 
4377 2296 2336 2337 
4378 2296 2337 2297 
4379 2297 2337 2338 
4380 2297 2338 2298 
4381 2298 2338 2339 
4382 2298 2339 2299 
4383 2299 2339 2340 
4384 2299 2340 2300 
4385 2300 2340 2341 
4386 2300 2341 2301 
4387 2301 2341 2342 
4388 2301 2342 2302 
4389 2302 2342 2343 
4390 2302 2343 2303 
4391 2303 2343 2344 
4392 2303 2344 2304 
4393 2304 2344 2305 
4394 2344 2345 2305 
4395 2305 2345 2306 
4396 2345 2346 2306 
4397 2306 2346 2307 
4398 2346 2347 2307 
4399 2307 2347 2308 
4400 2347 2348 2308 
4401 2308 2348 2309 
4402 2348 2349 2309 
4403 2309 2349 2310 
4404 2349 2350 2310 
4405 2310 2350 2311 
4406 2350 2351 2311 
4407 2311 2351 2312 
4408 2351 2352 2312 
4409 2312 2352 2313 
4410 2352 2353 2313 
4411 2313 2353 2314 
4412 2353 2354 2314 
4413 2314 2354 2355 
4414 2314 2355 2315 
4415 2315 2355 2356 
4416 2315 2356 2316 
4417 2316 2356 2357 
4418 2316 2357 2317 
4419 2317 2357 2358 
4420 2317 2358 2318 
4421 2318 2358 2359 
4422 2318 2359 2319 
4423 2319 2359 2360 
4424 2319 2360 2320 
4425 2320 2360 2361 
4426 2320 2361 2321 
4427 2321 2361 2362 
4428 2321 2362 2322 
4429 2322 2362 2363 
4430 2322 2363 2323 
4431 2323 2363 2324 
4432 2323 2324 2284 
4433 2324 2364 2325 
4434 2364 2365 2325 
4435 2325 2365 2326 
4436 2365 2366 2326 
4437 2326 2366 2327 
4438 2366 2367 2327 
4439 2327 2367 2328 
4440 2367 2368 2328 
4441 2328 2368 2329 
4442 2368 2369 2329 
4443 2329 2369 2330 
4444 2369 2370 2330 
4445 2330 2370 2331 
4446 2370 2371 2331 
4447 2331 2371 2332 
4448 2371 2372 2332 
4449 2332 2372 2333 
4450 2372 2373 2333 
4451 2333 2373 2334 
4452 2373 2374 2334 
4453 2334 2374 2375 
4454 2334 2375 2335 
4455 2335 2375 2376 
4456 2335 2376 2336 
4457 2336 2376 2377 
4458 2336 2377 2337 
4459 2337 2377 2378 
4460 2337 2378 2338 
4461 2338 2378 2379 
4462 2338 2379 2339 
4463 2339 2379 2380 
4464 2339 2380 2340 
4465 2340 2380 2381 
4466 2340 2381 2341 
4467 2341 2381 2382 
4468 2341 2382 2342 
4469 2342 2382 2383 
4470 2342 2383 2343 
4471 2343 2383 2384 
4472 2343 2384 2344 
4473 2344 2384 2345 
4474 2384 2385 2345 
4475 2345 2385 2346 
4476 2385 2386 2346 
4477 2346 2386 2347 
4478 2386 2387 2347 
4479 2347 2387 2348 
4480 2387 2388 2348 
4481 2348 2388 2349 
4482 2388 2389 2349 
4483 2349 2389 2350 
4484 2389 2390 2350 
4485 2350 2390 2351 
4486 2390 2391 2351 
4487 2351 2391 2352 
4488 2391 2392 2352 
4489 2352 2392 2353 
4490 2392 2393 2353 
4491 2353 2393 2354 
4492 2393 2394 2354 
4493 2354 2394 2395 
4494 2354 2395 2355 
4495 2355 2395 2396 
4496 2355 2396 2356 
4497 2356 2396 2397 
4498 2356 2397 2357 
4499 2357 2397 2398 
4500 2357 2398 2358 
4501 2358 2398 2399 
4502 2358 2399 2359 
4503 2359 2399 2400 
4504 2359 2400 2360 
4505 2360 2400 2401 
4506 2360 2401 2361 
4507 2361 2401 2402 
4508 2361 2402 2362 
4509 2362 2402 2403 
4510 2362 2403 2363 
4511 2363 2403 2364 
4512 2363 2364 2324 
4513 2364 2404 2365 
4514 2404 2405 2365 
4515 2365 2405 2366 
4516 2405 2406 2366 
4517 2366 2406 2367 
4518 2406 2407 2367 
4519 2367 2407 2368 
4520 2407 2408 2368 
4521 2368 2408 2369 
4522 2408 2409 2369 
4523 2369 2409 2370 
4524 2409 2410 2370 
4525 2370 2410 2371 
4526 2410 2411 2371 
4527 2371 2411 2372 
4528 2411 2412 2372 
4529 2372 2412 2373 
4530 2412 2413 2373 
4531 2373 2413 2374 
4532 2413 2414 2374 
4533 2374 2414 2415 
4534 2374 2415 2375 
4535 2375 2415 2416 
4536 2375 2416 2376 
4537 2376 2416 2417 
4538 2376 2417 2377 
4539 2377 2417 2418 
4540 2377 2418 2378 
4541 2378 2418 2419 
4542 2378 2419 2379 
4543 2379 2419 2420 
4544 2379 2420 2380 
4545 2380 2420 2421 
4546 2380 2421 2381 
4547 2381 2421 2422 
4548 2381 2422 2382 
4549 2382 2422 2423 
4550 2382 2423 2383 
4551 2383 2423 2424 
4552 2383 2424 2384 
4553 2384 2424 2385 
4554 2424 2425 2385 
4555 2385 2425 2386 
4556 2425 2426 2386 
4557 2386 2426 2387 
4558 2426 2427 2387 
4559 2387 2427 2388 
4560 2427 2428 2388 
4561 2388 2428 2389 
4562 2428 2429 2389 
4563 2389 2429 2390 
4564 2429 2430 2390 
4565 2390 2430 2391 
4566 2430 2431 2391 
4567 2391 2431 2392 
4568 2431 2432 2392 
4569 2392 2432 2393 
4570 2432 2433 2393 
4571 2393 2433 2394 
4572 2433 2434 2394 
4573 2394 2434 2435 
4574 2394 2435 2395 
4575 2395 2435 2436 
4576 2395 2436 2396 
4577 2396 2436 2437 
4578 2396 2437 2397 
4579 2397 2437 2438 
4580 2397 2438 2398 
4581 2398 2438 2439 
4582 2398 2439 2399 
4583 2399 2439 2440 
4584 2399 2440 2400 
4585 2400 2440 2441 
4586 2400 2441 2401 
4587 2401 2441 2442 
4588 2401 2442 2402 
4589 2402 2442 2443 
4590 2402 2443 2403 
4591 2403 2443 2404 
4592 2403 2404 2364 
4593 2404 2444 2405 
4594 2444 2445 2405 
4595 2405 2445 2406 
4596 2445 2446 2406 
4597 2406 2446 2407 
4598 2446 2447 2407 
4599 2407 2447 2408 
4600 2447 2448 2408 
4601 2408 2448 2409 
4602 2448 2449 2409 
4603 2409 2449 2410 
4604 2449 2450 2410 
4605 2410 2450 2411 
4606 2450 2451 2411 
4607 2411 2451 2412 
4608 2451 2452 2412 
4609 2412 2452 2413 
4610 2452 2453 2413 
4611 2413 2453 2414 
4612 2453 2454 2414 
4613 2414 2454 2455 
4614 2414 2455 2415 
4615 2415 2455 2456 
4616 2415 2456 2416 
4617 2416 2456 2457 
4618 2416 2457 2417 
4619 2417 2457 2458 
4620 2417 2458 2418 
4621 2418 2458 2459 
4622 2418 2459 2419 
4623 2419 2459 2460 
4624 2419 2460 2420 
4625 2420 2460 2461 
4626 2420 2461 2421 
4627 2421 2461 2462 
4628 2421 2462 2422 
4629 2422 2462 2463 
4630 2422 2463 2423 
4631 2423 2463 2464 
4632 2423 2464 2424 
4633 2424 2464 2425 
4634 2464 2465 2425 
4635 2425 2465 2426 
4636 2465 2466 2426 
4637 2426 2466 2427 
4638 2466 2467 2427 
4639 2427 2467 2428 
4640 2467 2468 2428 
4641 2428 2468 2429 
4642 2468 2469 2429 
4643 2429 2469 2430 
4644 2469 2470 2430 
4645 2430 2470 2431 
4646 2470 2471 2431 
4647 2431 2471 2432 
4648 2471 2472 2432 
4649 2432 2472 2433 
4650 2472 2473 2433 
4651 2433 2473 2434 
4652 2473 2474 2434 
4653 2434 2474 2475 
4654 2434 2475 2435 
4655 2435 2475 2476 
4656 2435 2476 2436 
4657 2436 2476 2477 
4658 2436 2477 2437 
4659 2437 2477 2478 
4660 2437 2478 2438 
4661 2438 2478 2479 
4662 2438 2479 2439 
4663 2439 2479 2480 
4664 2439 2480 2440 
4665 2440 2480 2481 
4666 2440 2481 2441 
4667 2441 2481 2482 
4668 2441 2482 2442 
4669 2442 2482 2483 
4670 2442 2483 2443 
4671 2443 2483 2444 
4672 2443 2444 2404 
4673 2444 2484 2445 
4674 2484 2485 2445 
4675 2445 2485 2446 
4676 2485 2486 2446 
4677 2446 2486 2447 
4678 2486 2487 2447 
4679 2447 2487 2448 
4680 2487 2488 2448 
4681 2448 2488 2449 
4682 2488 2489 2449 
4683 2449 2489 2450 
4684 2489 2490 2450 
4685 2450 2490 2451 
4686 2490 2491 2451 
4687 2451 2491 2452 
4688 2491 2492 2452 
4689 2452 2492 2453 
4690 2492 2493 2453 
4691 2453 2493 2454 
4692 2493 2494 2454 
4693 2454 2494 2495 
4694 2454 2495 2455 
4695 2455 2495 2496 
4696 2455 2496 2456 
4697 2456 2496 2497 
4698 2456 2497 2457 
4699 2457 2497 2498 
4700 2457 2498 2458 
4701 2458 2498 2499 
4702 2458 2499 2459 
4703 2459 2499 2500 
4704 2459 2500 2460 
4705 2460 2500 2501 
4706 2460 2501 2461 
4707 2461 2501 2502 
4708 2461 2502 2462 
4709 2462 2502 2503 
4710 2462 2503 2463 
4711 2463 2503 2504 
4712 2463 2504 2464 
4713 2464 2504 2465 
4714 2504 2505 2465 
4715 2465 2505 2466 
4716 2505 2506 2466 
4717 2466 2506 2467 
4718 2506 2507 2467 
4719 2467 2507 2468 
4720 2507 2508 2468 
4721 2468 2508 2469 
4722 2508 2509 2469 
4723 2469 2509 2470 
4724 2509 2510 2470 
4725 2470 2510 2471 
4726 2510 2511 2471 
4727 2471 2511 2472 
4728 2511 2512 2472 
4729 2472 2512 2473 
4730 2512 2513 2473 
4731 2473 2513 2474 
4732 2513 2514 2474 
4733 2474 2514 2515 
4734 2474 2515 2475 
4735 2475 2515 2516 
4736 2475 2516 2476 
4737 2476 2516 2517 
4738 2476 2517 2477 
4739 2477 2517 2518 
4740 2477 2518 2478 
4741 2478 2518 2519 
4742 2478 2519 2479 
4743 2479 2519 2520 
4744 2479 2520 2480 
4745 2480 2520 2521 
4746 2480 2521 2481 
4747 2481 2521 2522 
4748 2481 2522 2482 
4749 2482 2522 2523 
4750 2482 2523 2483 
4751 2483 2523 2484 
4752 2483 2484 2444 
4753 2484 2524 2485 
4754 2524 2525 2485 
4755 2485 2525 2486 
4756 2525 2526 2486 
4757 2486 2526 2487 
4758 2526 2527 2487 
4759 2487 2527 2488 
4760 2527 2528 2488 
4761 2488 2528 2489 
4762 2528 2529 2489 
4763 2489 2529 2490 
4764 2529 2530 2490 
4765 2490 2530 2491 
4766 2530 2531 2491 
4767 2491 2531 2492 
4768 2531 2532 2492 
4769 2492 2532 2493 
4770 2532 2533 2493 
4771 2493 2533 2494 
4772 2533 2534 2494 
4773 2494 2534 2535 
4774 2494 2535 2495 
4775 2495 2535 2536 
4776 2495 2536 2496 
4777 2496 2536 2537 
4778 2496 2537 2497 
4779 2497 2537 2538 
4780 2497 2538 2498 
4781 2498 2538 2539 
4782 2498 2539 2499 
4783 2499 2539 2540 
4784 2499 2540 2500 
4785 2500 2540 2541 
4786 2500 2541 2501 
4787 2501 2541 2542 
4788 2501 2542 2502 
4789 2502 2542 2543 
4790 2502 2543 2503 
4791 2503 2543 2544 
4792 2503 2544 2504 
4793 2504 2544 2505 
4794 2544 2545 2505 
4795 2505 2545 2506 
4796 2545 2546 2506 
4797 2506 2546 2507 
4798 2546 2547 2507 
4799 2507 2547 2508 
4800 2547 2548 2508 
4801 2508 2548 2509 
4802 2548 2549 2509 
4803 2509 2549 2510 
4804 2549 2550 2510 
4805 2510 2550 2511 
4806 2550 2551 2511 
4807 2511 2551 2512 
4808 2551 2552 2512 
4809 2512 2552 2513 
4810 2552 2553 2513 
4811 2513 2553 2514 
4812 2553 2554 2514 
4813 2514 2554 2555 
4814 2514 2555 2515 
4815 2515 2555 2556 
4816 2515 2556 2516 
4817 2516 2556 2557 
4818 2516 2557 2517 
4819 2517 2557 2558 
4820 2517 2558 2518 
4821 2518 2558 2559 
4822 2518 2559 2519 
4823 2519 2559 2560 
4824 2519 2560 2520 
4825 2520 2560 2561 
4826 2520 2561 2521 
4827 2521 2561 2562 
4828 2521 2562 2522 
4829 2522 2562 2563 
4830 2522 2563 2523 
4831 2523 2563 2524 
4832 2523 2524 2484 
4833 2524 2564 2525 
4834 2564 2565 2525 
4835 2525 2565 2526 
4836 2565 2566 2526 
4837 2526 2566 2527 
4838 2566 2567 2527 
4839 2527 2567 2528 
4840 2567 2568 2528 
4841 2528 2568 2529 
4842 2568 2569 2529 
4843 2529 2569 2530 
4844 2569 2570 2530 
4845 2530 2570 2531 
4846 2570 2571 2531 
4847 2531 2571 2532 
4848 2571 2572 2532 
4849 2532 2572 2533 
4850 2572 2573 2533 
4851 2533 2573 2534 
4852 2573 2574 2534 
4853 2534 2574 2575 
4854 2534 2575 2535 
4855 2535 2575 2576 
4856 2535 2576 2536 
4857 2536 2576 2577 
4858 2536 2577 2537 
4859 2537 2577 2578 
4860 2537 2578 2538 
4861 2538 2578 2579 
4862 2538 2579 2539 
4863 2539 2579 2580 
4864 2539 2580 2540 
4865 2540 2580 2581 
4866 2540 2581 2541 
4867 2541 2581 2582 
4868 2541 2582 2542 
4869 2542 2582 2583 
4870 2542 2583 2543 
4871 2543 2583 2584 
4872 2543 2584 2544 
4873 2544 2584 2545 
4874 2584 2585 2545 
4875 2545 2585 2546 
4876 2585 2586 2546 
4877 2546 2586 2547 
4878 2586 2587 2547 
4879 2547 2587 2548 
4880 2587 2588 2548 
4881 2548 2588 2549 
4882 2588 2589 2549 
4883 2549 2589 2550 
4884 2589 2590 2550 
4885 2550 2590 2551 
4886 2590 2591 2551 
4887 2551 2591 2552 
4888 2591 2592 2552 
4889 2552 2592 2553 
4890 2592 2593 2553 
4891 2553 2593 2554 
4892 2593 2594 2554 
4893 2554 2594 2595 
4894 2554 2595 2555 
4895 2555 2595 2596 
4896 2555 2596 2556 
4897 2556 2596 2597 
4898 2556 2597 2557 
4899 2557 2597 2598 
4900 2557 2598 2558 
4901 2558 2598 2599 
4902 2558 2599 2559 
4903 2559 2599 2600 
4904 2559 2600 2560 
4905 2560 2600 2601 
4906 2560 2601 2561 
4907 2561 2601 2602 
4908 2561 2602 2562 
4909 2562 2602 2603 
4910 2562 2603 2563 
4911 2563 2603 2564 
4912 2563 2564 2524 
4913 2564 2605 2604 
4914 2564 2604 2565 
4915 2565 2604 2606 
4916 2565 2606 2566 
4917 2566 2606 2607 
4918 2566 2607 2567 
4919 2567 2607 2608 
4920 2567 2608 2568 
4921 2568 2608 2609 
4922 2568 2609 2569 
4923 2569 2609 2610 
4924 2569 2610 2570 
4925 2570 2610 2611 
4926 2570 2611 2571 
4927 2571 2611 2612 
4928 2571 2612 2572 
4929 2572 2612 2613 
4930 2572 2613 2573 
4931 2573 2613 2614 
4932 2573 2614 2574 
4933 2574 2614 2575 
4934 2614 2615 2575 
4935 2575 2615 2576 
4936 2615 2616 2576 
4937 2576 2616 2577 
4938 2616 2617 2577 
4939 2577 2617 2578 
4940 2617 2618 2578 
4941 2578 2618 2579 
4942 2618 2619 2579 
4943 2579 2619 2580 
4944 2619 2620 2580 
4945 2580 2620 2581 
4946 2620 2621 2581 
4947 2581 2621 2582 
4948 2621 2622 2582 
4949 2582 2622 2583 
4950 2622 2623 2583 
4951 2583 2623 2584 
4952 2623 2624 2584 
4953 2584 2624 2625 
4954 2584 2625 2585 
4955 2585 2625 2626 
4956 2585 2626 2586 
4957 2586 2626 2627 
4958 2586 2627 2587 
4959 2587 2627 2628 
4960 2587 2628 2588 
4961 2588 2628 2629 
4962 2588 2629 2589 
4963 2589 2629 2630 
4964 2589 2630 2590 
4965 2590 2630 2631 
4966 2590 2631 2591 
4967 2591 2631 2632 
4968 2591 2632 2592 
4969 2592 2632 2633 
4970 2592 2633 2593 
4971 2593 2633 2634 
4972 2593 2634 2594 
4973 2594 2634 2595 
4974 2634 2635 2595 
4975 2595 2635 2596 
4976 2635 2636 2596 
4977 2596 2636 2597 
4978 2636 2637 2597 
4979 2597 2637 2598 
4980 2637 2638 2598 
4981 2598 2638 2599 
4982 2638 2639 2599 
4983 2599 2639 2600 
4984 2639 2640 2600 
4985 2600 2640 2601 
4986 2640 2641 2601 
4987 2601 2641 2602 
4988 2641 2642 2602 
4989 2602 2642 2603 
4990 2642 2643 2603 
4991 2603 2643 2564 
4992 2643 2605 2564 
4993 2605 2645 2644 
4994 2605 2644 2604 
4995 2604 2644 2646 
4996 2604 2646 2606 
4997 2606 2646 2647 
4998 2606 2647 2607 
4999 2607 2647 2648 
5000 2607 2648 2608 
5001 2608 2648 2649 
5002 2608 2649 2609 
5003 2609 2649 2650 
5004 2609 2650 2610 
5005 2610 2650 2651 
5006 2610 2651 2611 
5007 2611 2651 2652 
5008 2611 2652 2612 
5009 2612 2652 2653 
5010 2612 2653 2613 
5011 2613 2653 2654 
5012 2613 2654 2614 
5013 2614 2654 2615 
5014 2654 2655 2615 
5015 2615 2655 2616 
5016 2655 2656 2616 
5017 2616 2656 2617 
5018 2656 2657 2617 
5019 2617 2657 2618 
5020 2657 2658 2618 
5021 2618 2658 2619 
5022 2658 2659 2619 
5023 2619 2659 2620 
5024 2659 2660 2620 
5025 2620 2660 2621 
5026 2660 2661 2621 
5027 2621 2661 2622 
5028 2661 2662 2622 
5029 2622 2662 2623 
5030 2662 2663 2623 
5031 2623 2663 2624 
5032 2663 2664 2624 
5033 2624 2664 2665 
5034 2624 2665 2625 
5035 2625 2665 2666 
5036 2625 2666 2626 
5037 2626 2666 2667 
5038 2626 2667 2627 
5039 2627 2667 2668 
5040 2627 2668 2628 
5041 2628 2668 2669 
5042 2628 2669 2629 
5043 2629 2669 2670 
5044 2629 2670 2630 
5045 2630 2670 2671 
5046 2630 2671 2631 
5047 2631 2671 2672 
5048 2631 2672 2632 
5049 2632 2672 2673 
5050 2632 2673 2633 
5051 2633 2673 2674 
5052 2633 2674 2634 
5053 2634 2674 2635 
5054 2674 2675 2635 
5055 2635 2675 2636 
5056 2675 2676 2636 
5057 2636 2676 2637 
5058 2676 2677 2637 
5059 2637 2677 2638 
5060 2677 2678 2638 
5061 2638 2678 2639 
5062 2678 2679 2639 
5063 2639 2679 2640 
5064 2679 2680 2640 
5065 2640 2680 2641 
5066 2680 2681 2641 
5067 2641 2681 2642 
5068 2681 2682 2642 
5069 2642 2682 2643 
5070 2682 2683 2643 
5071 2643 2683 2605 
5072 2683 2645 2605 
5073 2645 2685 2684 
5074 2645 2684 2644 
5075 2644 2684 2686 
5076 2644 2686 2646 
5077 2646 2686 2687 
5078 2646 2687 2647 
5079 2647 2687 2688 
5080 2647 2688 2648 
5081 2648 2688 2689 
5082 2648 2689 2649 
5083 2649 2689 2690 
5084 2649 2690 2650 
5085 2650 2690 2691 
5086 2650 2691 2651 
5087 2651 2691 2692 
5088 2651 2692 2652 
5089 2652 2692 2693 
5090 2652 2693 2653 
5091 2653 2693 2694 
5092 2653 2694 2654 
5093 2654 2694 2655 
5094 2694 2695 2655 
5095 2655 2695 2656 
5096 2695 2696 2656 
5097 2656 2696 2657 
5098 2696 2697 2657 
5099 2657 2697 2658 
5100 2697 2698 2658 
5101 2658 2698 2659 
5102 2698 2699 2659 
5103 2659 2699 2660 
5104 2699 2700 2660 
5105 2660 2700 2661 
5106 2700 2701 2661 
5107 2661 2701 2662 
5108 2701 2702 2662 
5109 2662 2702 2663 
5110 2702 2703 2663 
5111 2663 2703 2664 
5112 2703 2704 2664 
5113 2664 2704 2705 
5114 2664 2705 2665 
5115 2665 2705 2706 
5116 2665 2706 2666 
5117 2666 2706 2707 
5118 2666 2707 2667 
5119 2667 2707 2708 
5120 2667 2708 2668 
5121 2668 2708 2709 
5122 2668 2709 2669 
5123 2669 2709 2710 
5124 2669 2710 2670 
5125 2670 2710 2711 
5126 2670 2711 2671 
5127 2671 2711 2712 
5128 2671 2712 2672 
5129 2672 2712 2713 
5130 2672 2713 2673 
5131 2673 2713 2714 
5132 2673 2714 2674 
5133 2674 2714 2675 
5134 2714 2715 2675 
5135 2675 2715 2676 
5136 2715 2716 2676 
5137 2676 2716 2677 
5138 2716 2717 2677 
5139 2677 2717 2678 
5140 2717 2718 2678 
5141 2678 2718 2679 
5142 2718 2719 2679 
5143 2679 2719 2680 
5144 2719 2720 2680 
5145 2680 2720 2681 
5146 2720 2721 2681 
5147 2681 2721 2682 
5148 2721 2722 2682 
5149 2682 2722 2683 
5150 2722 2723 2683 
5151 2683 2723 2645 
5152 2723 2685 2645 
5153 2685 2725 2724 
5154 2685 2724 2684 
5155 2684 2724 2726 
5156 2684 2726 2686 
5157 2686 2726 2727 
5158 2686 2727 2687 
5159 2687 2727 2728 
5160 2687 2728 2688 
5161 2688 2728 2729 
5162 2688 2729 2689 
5163 2689 2729 2730 
5164 2689 2730 2690 
5165 2690 2730 2731 
5166 2690 2731 2691 
5167 2691 2731 2732 
5168 2691 2732 2692 
5169 2692 2732 2733 
5170 2692 2733 2693 
5171 2693 2733 2734 
5172 2693 2734 2694 
5173 2694 2734 2695 
5174 2734 2735 2695 
5175 2695 2735 2696 
5176 2735 2736 2696 
5177 2696 2736 2697 
5178 2736 2737 2697 
5179 2697 2737 2698 
5180 2737 2738 2698 
5181 2698 2738 2699 
5182 2738 2739 2699 
5183 2699 2739 2700 
5184 2739 2740 2700 
5185 2700 2740 2701 
5186 2740 2741 2701 
5187 2701 2741 2702 
5188 2741 2742 2702 
5189 2702 2742 2703 
5190 2742 2743 2703 
5191 2703 2743 2704 
5192 2743 2744 2704 
5193 2704 2744 2745 
5194 2704 2745 2705 
5195 2705 2745 2746 
5196 2705 2746 2706 
5197 2706 2746 2747 
5198 2706 2747 2707 
5199 2707 2747 2748 
5200 2707 2748 2708 
5201 2708 2748 2749 
5202 2708 2749 2709 
5203 2709 2749 2750 
5204 2709 2750 2710 
5205 2710 2750 2751 
5206 2710 2751 2711 
5207 2711 2751 2752 
5208 2711 2752 2712 
5209 2712 2752 2753 
5210 2712 2753 2713 
5211 2713 2753 2754 
5212 2713 2754 2714 
5213 2714 2754 2715 
5214 2754 2755 2715 
5215 2715 2755 2716 
5216 2755 2756 2716 
5217 2716 2756 2717 
5218 2756 2757 2717 
5219 2717 2757 2718 
5220 2757 2758 2718 
5221 2718 2758 2719 
5222 2758 2759 2719 
5223 2719 2759 2720 
5224 2759 2760 2720 
5225 2720 2760 2721 
5226 2760 2761 2721 
5227 2721 2761 2722 
5228 2761 2762 2722 
5229 2722 2762 2723 
5230 2762 2763 2723 
5231 2723 2763 2685 
5232 2763 2725 2685 
5233 2725 2765 2764 
5234 2725 2764 2724 
5235 2724 2764 2766 
5236 2724 2766 2726 
5237 2726 2766 2767 
5238 2726 2767 2727 
5239 2727 2767 2768 
5240 2727 2768 2728 
5241 2728 2768 2769 
5242 2728 2769 2729 
5243 2729 2769 2770 
5244 2729 2770 2730 
5245 2730 2770 2771 
5246 2730 2771 2731 
5247 2731 2771 2772 
5248 2731 2772 2732 
5249 2732 2772 2773 
5250 2732 2773 2733 
5251 2733 2773 2774 
5252 2733 2774 2734 
5253 2734 2774 2735 
5254 2774 2775 2735 
5255 2735 2775 2736 
5256 2775 2776 2736 
5257 2736 2776 2737 
5258 2776 2777 2737 
5259 2737 2777 2738 
5260 2777 2778 2738 
5261 2738 2778 2739 
5262 2778 2779 2739 
5263 2739 2779 2740 
5264 2779 2780 2740 
5265 2740 2780 2741 
5266 2780 2781 2741 
5267 2741 2781 2742 
5268 2781 2782 2742 
5269 2742 2782 2743 
5270 2782 2783 2743 
5271 2743 2783 2744 
5272 2783 2784 2744 
5273 2744 2784 2785 
5274 2744 2785 2745 
5275 2745 2785 2786 
5276 2745 2786 2746 
5277 2746 2786 2787 
5278 2746 2787 2747 
5279 2747 2787 2788 
5280 2747 2788 2748 
5281 2748 2788 2789 
5282 2748 2789 2749 
5283 2749 2789 2790 
5284 2749 2790 2750 
5285 2750 2790 2791 
5286 2750 2791 2751 
5287 2751 2791 2792 
5288 2751 2792 2752 
5289 2752 2792 2793 
5290 2752 2793 2753 
5291 2753 2793 2794 
5292 2753 2794 2754 
5293 2754 2794 2755 
5294 2794 2795 2755 
5295 2755 2795 2756 
5296 2795 2796 2756 
5297 2756 2796 2757 
5298 2796 2797 2757 
5299 2757 2797 2758 
5300 2797 2798 2758 
5301 2758 2798 2759 
5302 2798 2799 2759 
5303 2759 2799 2760 
5304 2799 2800 2760 
5305 2760 2800 2761 
5306 2800 2801 2761 
5307 2761 2801 2762 
5308 2801 2802 2762 
5309 2762 2802 2763 
5310 2802 2803 2763 
5311 2763 2803 2725 
5312 2803 2765 2725 
5313 2765 2805 2804 
5314 2765 2804 2764 
5315 2764 2804 2806 
5316 2764 2806 2766 
5317 2766 2806 2807 
5318 2766 2807 2767 
5319 2767 2807 2808 
5320 2767 2808 2768 
5321 2768 2808 2809 
5322 2768 2809 2769 
5323 2769 2809 2810 
5324 2769 2810 2770 
5325 2770 2810 2811 
5326 2770 2811 2771 
5327 2771 2811 2812 
5328 2771 2812 2772 
5329 2772 2812 2813 
5330 2772 2813 2773 
5331 2773 2813 2814 
5332 2773 2814 2774 
5333 2774 2814 2775 
5334 2814 2815 2775 
5335 2775 2815 2776 
5336 2815 2816 2776 
5337 2776 2816 2777 
5338 2816 2817 2777 
5339 2777 2817 2778 
5340 2817 2818 2778 
5341 2778 2818 2779 
5342 2818 2819 2779 
5343 2779 2819 2780 
5344 2819 2820 2780 
5345 2780 2820 2781 
5346 2820 2821 2781 
5347 2781 2821 2782 
5348 2821 2822 2782 
5349 2782 2822 2783 
5350 2822 2823 2783 
5351 2783 2823 2784 
5352 2823 2824 2784 
5353 2784 2824 2825 
5354 2784 2825 2785 
5355 2785 2825 2826 
5356 2785 2826 2786 
5357 2786 2826 2827 
5358 2786 2827 2787 
5359 2787 2827 2828 
5360 2787 2828 2788 
5361 2788 2828 2829 
5362 2788 2829 2789 
5363 2789 2829 2830 
5364 2789 2830 2790 
5365 2790 2830 2831 
5366 2790 2831 2791 
5367 2791 2831 2832 
5368 2791 2832 2792 
5369 2792 2832 2833 
5370 2792 2833 2793 
5371 2793 2833 2834 
5372 2793 2834 2794 
5373 2794 2834 2795 
5374 2834 2835 2795 
5375 2795 2835 2796 
5376 2835 2836 2796 
5377 2796 2836 2797 
5378 2836 2837 2797 
5379 2797 2837 2798 
5380 2837 2838 2798 
5381 2798 2838 2799 
5382 2838 2839 2799 
5383 2799 2839 2800 
5384 2839 2840 2800 
5385 2800 2840 2801 
5386 2840 2841 2801 
5387 2801 2841 2802 
5388 2841 2842 2802 
5389 2802 2842 2803 
5390 2842 2843 2803 
5391 2803 2843 2765 
5392 2843 2805 2765 
5393 2805 2845 2844 
5394 2805 2844 2804 
5395 2804 2844 2846 
5396 2804 2846 2806 
5397 2806 2846 2847 
5398 2806 2847 2807 
5399 2807 2847 2848 
5400 2807 2848 2808 
5401 2808 2848 2849 
5402 2808 2849 2809 
5403 2809 2849 2850 
5404 2809 2850 2810 
5405 2810 2850 2851 
5406 2810 2851 2811 
5407 2811 2851 2852 
5408 2811 2852 2812 
5409 2812 2852 2853 
5410 2812 2853 2813 
5411 2813 2853 2854 
5412 2813 2854 2814 
5413 2814 2854 2815 
5414 2854 2855 2815 
5415 2815 2855 2816 
5416 2855 2856 2816 
5417 2816 2856 2817 
5418 2856 2857 2817 
5419 2817 2857 2818 
5420 2857 2858 2818 
5421 2818 2858 2819 
5422 2858 2859 2819 
5423 2819 2859 2820 
5424 2859 2860 2820 
5425 2820 2860 2821 
5426 2860 2861 2821 
5427 2821 2861 2822 
5428 2861 2862 2822 
5429 2822 2862 2823 
5430 2862 2863 2823 
5431 2823 2863 2824 
5432 2863 2864 2824 
5433 2824 2864 2865 
5434 2824 2865 2825 
5435 2825 2865 2866 
5436 2825 2866 2826 
5437 2826 2866 2867 
5438 2826 2867 2827 
5439 2827 2867 2868 
5440 2827 2868 2828 
5441 2828 2868 2869 
5442 2828 2869 2829 
5443 2829 2869 2870 
5444 2829 2870 2830 
5445 2830 2870 2871 
5446 2830 2871 2831 
5447 2831 2871 2872 
5448 2831 2872 2832 
5449 2832 2872 2873 
5450 2832 2873 2833 
5451 2833 2873 2874 
5452 2833 2874 2834 
5453 2834 2874 2835 
5454 2874 2875 2835 
5455 2835 2875 2836 
5456 2875 2876 2836 
5457 2836 2876 2837 
5458 2876 2877 2837 
5459 2837 2877 2838 
5460 2877 2878 2838 
5461 2838 2878 2839 
5462 2878 2879 2839 
5463 2839 2879 2840 
5464 2879 2880 2840 
5465 2840 2880 2841 
5466 2880 2881 2841 
5467 2841 2881 2842 
5468 2881 2882 2842 
5469 2842 2882 2843 
5470 2882 2883 2843 
5471 2843 2883 2805 
5472 2883 2845 2805 
5473 2845 2885 2884 
5474 2845 2884 2844 
5475 2844 2884 2886 
5476 2844 2886 2846 
5477 2846 2886 2887 
5478 2846 2887 2847 
5479 2847 2887 2888 
5480 2847 2888 2848 
5481 2848 2888 2889 
5482 2848 2889 2849 
5483 2849 2889 2890 
5484 2849 2890 2850 
5485 2850 2890 2891 
5486 2850 2891 2851 
5487 2851 2891 2892 
5488 2851 2892 2852 
5489 2852 2892 2893 
5490 2852 2893 2853 
5491 2853 2893 2894 
5492 2853 2894 2854 
5493 2854 2894 2855 
5494 2894 2895 2855 
5495 2855 2895 2856 
5496 2895 2896 2856 
5497 2856 2896 2857 
5498 2896 2897 2857 
5499 2857 2897 2858 
5500 2897 2898 2858 
5501 2858 2898 2859 
5502 2898 2899 2859 
5503 2859 2899 2860 
5504 2899 2900 2860 
5505 2860 2900 2861 
5506 2900 2901 2861 
5507 2861 2901 2862 
5508 2901 2902 2862 
5509 2862 2902 2863 
5510 2902 2903 2863 
5511 2863 2903 2864 
5512 2903 2904 2864 
5513 2864 2904 2905 
5514 2864 2905 2865 
5515 2865 2905 2906 
5516 2865 2906 2866 
5517 2866 2906 2907 
5518 2866 2907 2867 
5519 2867 2907 2908 
5520 2867 2908 2868 
5521 2868 2908 2909 
5522 2868 2909 2869 
5523 2869 2909 2910 
5524 2869 2910 2870 
5525 2870 2910 2911 
5526 2870 2911 2871 
5527 2871 2911 2912 
5528 2871 2912 2872 
5529 2872 2912 2913 
5530 2872 2913 2873 
5531 2873 2913 2914 
5532 2873 2914 2874 
5533 2874 2914 2875 
5534 2914 2915 2875 
5535 2875 2915 2876 
5536 2915 2916 2876 
5537 2876 2916 2877 
5538 2916 2917 2877 
5539 2877 2917 2878 
5540 2917 2918 2878 
5541 2878 2918 2879 
5542 2918 2919 2879 
5543 2879 2919 2880 
5544 2919 2920 2880 
5545 2880 2920 2881 
5546 2920 2921 2881 
5547 2881 2921 2882 
5548 2921 2922 2882 
5549 2882 2922 2883 
5550 2922 2923 2883 
5551 2883 2923 2845 
5552 2923 2885 2845 
5553 2885 2925 2924 
5554 2885 2924 2884 
5555 2884 2924 2926 
5556 2884 2926 2886 
5557 2886 2926 2927 
5558 2886 2927 2887 
5559 2887 2927 2928 
5560 2887 2928 2888 
5561 2888 2928 2929 
5562 2888 2929 2889 
5563 2889 2929 2930 
5564 2889 2930 2890 
5565 2890 2930 2931 
5566 2890 2931 2891 
5567 2891 2931 2932 
5568 2891 2932 2892 
5569 2892 2932 2933 
5570 2892 2933 2893 
5571 2893 2933 2934 
5572 2893 2934 2894 
5573 2894 2934 2895 
5574 2934 2935 2895 
5575 2895 2935 2896 
5576 2935 2936 2896 
5577 2896 2936 2897 
5578 2936 2937 2897 
5579 2897 2937 2898 
5580 2937 2938 2898 
5581 2898 2938 2899 
5582 2938 2939 2899 
5583 2899 2939 2900 
5584 2939 2940 2900 
5585 2900 2940 2901 
5586 2940 2941 2901 
5587 2901 2941 2902 
5588 2941 2942 2902 
5589 2902 2942 2903 
5590 2942 2943 2903 
5591 2903 2943 2904 
5592 2943 2944 2904 
5593 2904 2944 2945 
5594 2904 2945 2905 
5595 2905 2945 2946 
5596 2905 2946 2906 
5597 2906 2946 2947 
5598 2906 2947 2907 
5599 2907 2947 2948 
5600 2907 2948 2908 
5601 2908 2948 2949 
5602 2908 2949 2909 
5603 2909 2949 2950 
5604 2909 2950 2910 
5605 2910 2950 2951 
5606 2910 2951 2911 
5607 2911 2951 2952 
5608 2911 2952 2912 
5609 2912 2952 2953 
5610 2912 2953 2913 
5611 2913 2953 2954 
5612 2913 2954 2914 
5613 2914 2954 2915 
5614 2954 2955 2915 
5615 2915 2955 2916 
5616 2955 2956 2916 
5617 2916 2956 2917 
5618 2956 2957 2917 
5619 2917 2957 2918 
5620 2957 2958 2918 
5621 2918 2958 2919 
5622 2958 2959 2919 
5623 2919 2959 2920 
5624 2959 2960 2920 
5625 2920 2960 2921 
5626 2960 2961 2921 
5627 2921 2961 2922 
5628 2961 2962 2922 
5629 2922 2962 2923 
5630 2962 2963 2923 
5631 2923 2963 2885 
5632 2963 2925 2885 
5633 2925 2965 2964 
5634 2925 2964 2924 
5635 2924 2964 2966 
5636 2924 2966 2926 
5637 2926 2966 2967 
5638 2926 2967 2927 
5639 2927 2967 2968 
5640 2927 2968 2928 
5641 2928 2968 2969 
5642 2928 2969 2929 
5643 2929 2969 2970 
5644 2929 2970 2930 
5645 2930 2970 2971 
5646 2930 2971 2931 
5647 2931 2971 2972 
5648 2931 2972 2932 
5649 2932 2972 2973 
5650 2932 2973 2933 
5651 2933 2973 2974 
5652 2933 2974 2934 
5653 2934 2974 2935 
5654 2974 2975 2935 
5655 2935 2975 2936 
5656 2975 2976 2936 
5657 2936 2976 2937 
5658 2976 2977 2937 
5659 2937 2977 2938 
5660 2977 2978 2938 
5661 2938 2978 2939 
5662 2978 2979 2939 
5663 2939 2979 2940 
5664 2979 2980 2940 
5665 2940 2980 2941 
5666 2980 2981 2941 
5667 2941 2981 2942 
5668 2981 2982 2942 
5669 2942 2982 2943 
5670 2982 2983 2943 
5671 2943 2983 2944 
5672 2983 2984 2944 
5673 2944 2984 2985 
5674 2944 2985 2945 
5675 2945 2985 2986 
5676 2945 2986 2946 
5677 2946 2986 2987 
5678 2946 2987 2947 
5679 2947 2987 2988 
5680 2947 2988 2948 
5681 2948 2988 2989 
5682 2948 2989 2949 
5683 2949 2989 2990 
5684 2949 2990 2950 
5685 2950 2990 2991 
5686 2950 2991 2951 
5687 2951 2991 2992 
5688 2951 2992 2952 
5689 2952 2992 2993 
5690 2952 2993 2953 
5691 2953 2993 2994 
5692 2953 2994 2954 
5693 2954 2994 2955 
5694 2994 2995 2955 
5695 2955 2995 2956 
5696 2995 2996 2956 
5697 2956 2996 2957 
5698 2996 2997 2957 
5699 2957 2997 2958 
5700 2997 2998 2958 
5701 2958 2998 2959 
5702 2998 2999 2959 
5703 2959 2999 2960 
5704 2999 3000 2960 
5705 2960 3000 2961 
5706 3000 3001 2961 
5707 2961 3001 2962 
5708 3001 3002 2962 
5709 2962 3002 2963 
5710 3002 3003 2963 
5711 2963 3003 2925 
5712 3003 2965 2925 
5713 2965 3005 3004 
5714 2965 3004 2964 
5715 2964 3004 3006 
5716 2964 3006 2966 
5717 2966 3006 3007 
5718 2966 3007 2967 
5719 2967 3007 3008 
5720 2967 3008 2968 
5721 2968 3008 3009 
5722 2968 3009 2969 
5723 2969 3009 3010 
5724 2969 3010 2970 
5725 2970 3010 3011 
5726 2970 3011 2971 
5727 2971 3011 3012 
5728 2971 3012 2972 
5729 2972 3012 3013 
5730 2972 3013 2973 
5731 2973 3013 3014 
5732 2973 3014 2974 
5733 2974 3014 2975 
5734 3014 3015 2975 
5735 2975 3015 2976 
5736 3015 3016 2976 
5737 2976 3016 2977 
5738 3016 3017 2977 
5739 2977 3017 2978 
5740 3017 3018 2978 
5741 2978 3018 2979 
5742 3018 3019 2979 
5743 2979 3019 2980 
5744 3019 3020 2980 
5745 2980 3020 2981 
5746 3020 3021 2981 
5747 2981 3021 2982 
5748 3021 3022 2982 
5749 2982 3022 2983 
5750 3022 3023 2983 
5751 2983 3023 2984 
5752 3023 3024 2984 
5753 2984 3024 3025 
5754 2984 3025 2985 
5755 2985 3025 3026 
5756 2985 3026 2986 
5757 2986 3026 3027 
5758 2986 3027 2987 
5759 2987 3027 3028 
5760 2987 3028 2988 
5761 2988 3028 3029 
5762 2988 3029 2989 
5763 2989 3029 3030 
5764 2989 3030 2990 
5765 2990 3030 3031 
5766 2990 3031 2991 
5767 2991 3031 3032 
5768 2991 3032 2992 
5769 2992 3032 3033 
5770 2992 3033 2993 
5771 2993 3033 3034 
5772 2993 3034 2994 
5773 2994 3034 2995 
5774 3034 3035 2995 
5775 2995 3035 2996 
5776 3035 3036 2996 
5777 2996 3036 2997 
5778 3036 3037 2997 
5779 2997 3037 2998 
5780 3037 3038 2998 
5781 2998 3038 2999 
5782 3038 3039 2999 
5783 2999 3039 3000 
5784 3039 3040 3000 
5785 3000 3040 3001 
5786 3040 3041 3001 
5787 3001 3041 3002 
5788 3041 3042 3002 
5789 3002 3042 3003 
5790 3042 3043 3003 
5791 3003 3043 2965 
5792 3043 3005 2965 
5793 3005 3045 3044 
5794 3005 3044 3004 
5795 3004 3044 3046 
5796 3004 3046 3006 
5797 3006 3046 3047 
5798 3006 3047 3007 
5799 3007 3047 3048 
5800 3007 3048 3008 
5801 3008 3048 3049 
5802 3008 3049 3009 
5803 3009 3049 3050 
5804 3009 3050 3010 
5805 3010 3050 3051 
5806 3010 3051 3011 
5807 3011 3051 3052 
5808 3011 3052 3012 
5809 3012 3052 3053 
5810 3012 3053 3013 
5811 3013 3053 3054 
5812 3013 3054 3014 
5813 3014 3054 3015 
5814 3054 3055 3015 
5815 3015 3055 3016 
5816 3055 3056 3016 
5817 3016 3056 3017 
5818 3056 3057 3017 
5819 3017 3057 3018 
5820 3057 3058 3018 
5821 3018 3058 3019 
5822 3058 3059 3019 
5823 3019 3059 3020 
5824 3059 3060 3020 
5825 3020 3060 3021 
5826 3060 3061 3021 
5827 3021 3061 3022 
5828 3061 3062 3022 
5829 3022 3062 3023 
5830 3062 3063 3023 
5831 3023 3063 3024 
5832 3063 3064 3024 
5833 3024 3064 3065 
5834 3024 3065 3025 
5835 3025 3065 3066 
5836 3025 3066 3026 
5837 3026 3066 3067 
5838 3026 3067 3027 
5839 3027 3067 3068 
5840 3027 3068 3028 
5841 3028 3068 3069 
5842 3028 3069 3029 
5843 3029 3069 3070 
5844 3029 3070 3030 
5845 3030 3070 3071 
5846 3030 3071 3031 
5847 3031 3071 3072 
5848 3031 3072 3032 
5849 3032 3072 3073 
5850 3032 3073 3033 
5851 3033 3073 3074 
5852 3033 3074 3034 
5853 3034 3074 3035 
5854 3074 3075 3035 
5855 3035 3075 3036 
5856 3075 3076 3036 
5857 3036 3076 3037 
5858 3076 3077 3037 
5859 3037 3077 3038 
5860 3077 3078 3038 
5861 3038 3078 3039 
5862 3078 3079 3039 
5863 3039 3079 3040 
5864 3079 3080 3040 
5865 3040 3080 3041 
5866 3080 3081 3041 
5867 3041 3081 3042 
5868 3081 3082 3042 
5869 3042 3082 3043 
5870 3082 3083 3043 
5871 3043 3083 3005 
5872 3083 3045 3005 
5873 3045 3085 3084 
5874 3045 3084 3044 
5875 3044 3084 3086 
5876 3044 3086 3046 
5877 3046 3086 3087 
5878 3046 3087 3047 
5879 3047 3087 3088 
5880 3047 3088 3048 
5881 3048 3088 3089 
5882 3048 3089 3049 
5883 3049 3089 3090 
5884 3049 3090 3050 
5885 3050 3090 3091 
5886 3050 3091 3051 
5887 3051 3091 3092 
5888 3051 3092 3052 
5889 3052 3092 3093 
5890 3052 3093 3053 
5891 3053 3093 3094 
5892 3053 3094 3054 
5893 3054 3094 3055 
5894 3094 3095 3055 
5895 3055 3095 3056 
5896 3095 3096 3056 
5897 3056 3096 3057 
5898 3096 3097 3057 
5899 3057 3097 3058 
5900 3097 3098 3058 
5901 3058 3098 3059 
5902 3098 3099 3059 
5903 3059 3099 3060 
5904 3099 3100 3060 
5905 3060 3100 3061 
5906 3100 3101 3061 
5907 3061 3101 3062 
5908 3101 3102 3062 
5909 3062 3102 3063 
5910 3102 3103 3063 
5911 3063 3103 3064 
5912 3103 3104 3064 
5913 3064 3104 3105 
5914 3064 3105 3065 
5915 3065 3105 3106 
5916 3065 3106 3066 
5917 3066 3106 3107 
5918 3066 3107 3067 
5919 3067 3107 3108 
5920 3067 3108 3068 
5921 3068 3108 3109 
5922 3068 3109 3069 
5923 3069 3109 3110 
5924 3069 3110 3070 
5925 3070 3110 3111 
5926 3070 3111 3071 
5927 3071 3111 3112 
5928 3071 3112 3072 
5929 3072 3112 3113 
5930 3072 3113 3073 
5931 3073 3113 3114 
5932 3073 3114 3074 
5933 3074 3114 3075 
5934 3114 3115 3075 
5935 3075 3115 3076 
5936 3115 3116 3076 
5937 3076 3116 3077 
5938 3116 3117 3077 
5939 3077 3117 3078 
5940 3117 3118 3078 
5941 3078 3118 3079 
5942 3118 3119 3079 
5943 3079 3119 3080 
5944 3119 3120 3080 
5945 3080 3120 3081 
5946 3120 3121 3081 
5947 3081 3121 3082 
5948 3121 3122 3082 
5949 3082 3122 3083 
5950 3122 3123 3083 
5951 3083 3123 3045 
5952 3123 3085 3045 
5953 3085 3125 3124 
5954 3085 3124 3084 
5955 3084 3124 3126 
5956 3084 3126 3086 
5957 3086 3126 3127 
5958 3086 3127 3087 
5959 3087 3127 3128 
5960 3087 3128 3088 
5961 3088 3128 3129 
5962 3088 3129 3089 
5963 3089 3129 3130 
5964 3089 3130 3090 
5965 3090 3130 3131 
5966 3090 3131 3091 
5967 3091 3131 3132 
5968 3091 3132 3092 
5969 3092 3132 3133 
5970 3092 3133 3093 
5971 3093 3133 3134 
5972 3093 3134 3094 
5973 3094 3134 3095 
5974 3134 3135 3095 
5975 3095 3135 3096 
5976 3135 3136 3096 
5977 3096 3136 3097 
5978 3136 3137 3097 
5979 3097 3137 3098 
5980 3137 3138 3098 
5981 3098 3138 3099 
5982 3138 3139 3099 
5983 3099 3139 3100 
5984 3139 3140 3100 
5985 3100 3140 3101 
5986 3140 3141 3101 
5987 3101 3141 3102 
5988 3141 3142 3102 
5989 3102 3142 3103 
5990 3142 3143 3103 
5991 3103 3143 3104 
5992 3143 3144 3104 
5993 3104 3144 3145 
5994 3104 3145 3105 
5995 3105 3145 3146 
5996 3105 3146 3106 
5997 3106 3146 3147 
5998 3106 3147 3107 
5999 3107 3147 3148 
6000 3107 3148 3108 
6001 3108 3148 3149 
6002 3108 3149 3109 
6003 3109 3149 3150 
6004 3109 3150 3110 
6005 3110 3150 3151 
6006 3110 3151 3111 
6007 3111 3151 3152 
6008 3111 3152 3112 
6009 3112 3152 3153 
6010 3112 3153 3113 
6011 3113 3153 3154 
6012 3113 3154 3114 
6013 3114 3154 3115 
6014 3154 3155 3115 
6015 3115 3155 3116 
6016 3155 3156 3116 
6017 3116 3156 3117 
6018 3156 3157 3117 
6019 3117 3157 3118 
6020 3157 3158 3118 
6021 3118 3158 3119 
6022 3158 3159 3119 
6023 3119 3159 3120 
6024 3159 3160 3120 
6025 3120 3160 3121 
6026 3160 3161 3121 
6027 3121 3161 3122 
6028 3161 3162 3122 
6029 3122 3162 3123 
6030 3162 3163 3123 
6031 3123 3163 3085 
6032 3163 3125 3085 
6033 3125 3165 3164 
6034 3125 3164 3124 
6035 3124 3164 3166 
6036 3124 3166 3126 
6037 3126 3166 3167 
6038 3126 3167 3127 
6039 3127 3167 3168 
6040 3127 3168 3128 
6041 3128 3168 3169 
6042 3128 3169 3129 
6043 3129 3169 3170 
6044 3129 3170 3130 
6045 3130 3170 3171 
6046 3130 3171 3131 
6047 3131 3171 3172 
6048 3131 3172 3132 
6049 3132 3172 3173 
6050 3132 3173 3133 
6051 3133 3173 3174 
6052 3133 3174 3134 
6053 3134 3174 3135 
6054 3174 3175 3135 
6055 3135 3175 3136 
6056 3175 3176 3136 
6057 3136 3176 3137 
6058 3176 3177 3137 
6059 3137 3177 3138 
6060 3177 3178 3138 
6061 3138 3178 3139 
6062 3178 3179 3139 
6063 3139 3179 3140 
6064 3179 3180 3140 
6065 3140 3180 3141 
6066 3180 3181 3141 
6067 3141 3181 3142 
6068 3181 3182 3142 
6069 3142 3182 3143 
6070 3182 3183 3143 
6071 3143 3183 3144 
6072 3183 3184 3144 
6073 3144 3184 3185 
6074 3144 3185 3145 
6075 3145 3185 3186 
6076 3145 3186 3146 
6077 3146 3186 3187 
6078 3146 3187 3147 
6079 3147 3187 3188 
6080 3147 3188 3148 
6081 3148 3188 3189 
6082 3148 3189 3149 
6083 3149 3189 3190 
6084 3149 3190 3150 
6085 3150 3190 3191 
6086 3150 3191 3151 
6087 3151 3191 3192 
6088 3151 3192 3152 
6089 3152 3192 3193 
6090 3152 3193 3153 
6091 3153 3193 3194 
6092 3153 3194 3154 
6093 3154 3194 3155 
6094 3194 3195 3155 
6095 3155 3195 3156 
6096 3195 3196 3156 
6097 3156 3196 3157 
6098 3196 3197 3157 
6099 3157 3197 3158 
6100 3197 3198 3158 
6101 3158 3198 3159 
6102 3198 3199 3159 
6103 3159 3199 3160 
6104 3199 3200 3160 
6105 3160 3200 3161 
6106 3200 3201 3161 
6107 3161 3201 3162 
6108 3201 3202 3162 
6109 3162 3202 3163 
6110 3202 3203 3163 
6111 3163 3203 3125 
6112 3203 3165 3125 
6113 3165 3205 3204 
6114 3165 3204 3164 
6115 3164 3204 3206 
6116 3164 3206 3166 
6117 3166 3206 3207 
6118 3166 3207 3167 
6119 3167 3207 3208 
6120 3167 3208 3168 
6121 3168 3208 3209 
6122 3168 3209 3169 
6123 3169 3209 3210 
6124 3169 3210 3170 
6125 3170 3210 3211 
6126 3170 3211 3171 
6127 3171 3211 3212 
6128 3171 3212 3172 
6129 3172 3212 3213 
6130 3172 3213 3173 
6131 3173 3213 3214 
6132 3173 3214 3174 
6133 3174 3214 3175 
6134 3214 3215 3175 
6135 3175 3215 3176 
6136 3215 3216 3176 
6137 3176 3216 3177 
6138 3216 3217 3177 
6139 3177 3217 3178 
6140 3217 3218 3178 
6141 3178 3218 3179 
6142 3218 3219 3179 
6143 3179 3219 3180 
6144 3219 3220 3180 
6145 3180 3220 3181 
6146 3220 3221 3181 
6147 3181 3221 3182 
6148 3221 3222 3182 
6149 3182 3222 3183 
6150 3222 3223 3183 
6151 3183 3223 3184 
6152 3223 3224 3184 
6153 3184 3224 3225 
6154 3184 3225 3185 
6155 3185 3225 3226 
6156 3185 3226 3186 
6157 3186 3226 3227 
6158 3186 3227 3187 
6159 3187 3227 3228 
6160 3187 3228 3188 
6161 3188 3228 3229 
6162 3188 3229 3189 
6163 3189 3229 3230 
6164 3189 3230 3190 
6165 3190 3230 3231 
6166 3190 3231 3191 
6167 3191 3231 3232 
6168 3191 3232 3192 
6169 3192 3232 3233 
6170 3192 3233 3193 
6171 3193 3233 3234 
6172 3193 3234 3194 
6173 3194 3234 3195 
6174 3234 3235 3195 
6175 3195 3235 3196 
6176 3235 3236 3196 
6177 3196 3236 3197 
6178 3236 3237 3197 
6179 3197 3237 3198 
6180 3237 3238 3198 
6181 3198 3238 3199 
6182 3238 3239 3199 
6183 3199 3239 3200 
6184 3239 3240 3200 
6185 3200 3240 3201 
6186 3240 3241 3201 
6187 3201 3241 3202 
6188 3241 3242 3202 
6189 3202 3242 3203 
6190 3242 3243 3203 
6191 3203 3243 3165 
6192 3243 3205 3165 
6193 3205 3245 3244 
6194 3205 3244 3204 
6195 3204 3244 3246 
6196 3204 3246 3206 
6197 3206 3246 3247 
6198 3206 3247 3207 
6199 3207 3247 3248 
6200 3207 3248 3208 
6201 3208 3248 3249 
6202 3208 3249 3209 
6203 3209 3249 3250 
6204 3209 3250 3210 
6205 3210 3250 3251 
6206 3210 3251 3211 
6207 3211 3251 3252 
6208 3211 3252 3212 
6209 3212 3252 3253 
6210 3212 3253 3213 
6211 3213 3253 3254 
6212 3213 3254 3214 
6213 3214 3254 3215 
6214 3254 3255 3215 
6215 3215 3255 3216 
6216 3255 3256 3216 
6217 3216 3256 3217 
6218 3256 3257 3217 
6219 3217 3257 3218 
6220 3257 3258 3218 
6221 3218 3258 3219 
6222 3258 3259 3219 
6223 3219 3259 3220 
6224 3259 3260 3220 
6225 3220 3260 3221 
6226 3260 3261 3221 
6227 3221 3261 3222 
6228 3261 3262 3222 
6229 3222 3262 3223 
6230 3262 3263 3223 
6231 3223 3263 3224 
6232 3263 3264 3224 
6233 3224 3264 3265 
6234 3224 3265 3225 
6235 3225 3265 3266 
6236 3225 3266 3226 
6237 3226 3266 3267 
6238 3226 3267 3227 
6239 3227 3267 3268 
6240 3227 3268 3228 
6241 3228 3268 3269 
6242 3228 3269 3229 
6243 3229 3269 3270 
6244 3229 3270 3230 
6245 3230 3270 3271 
6246 3230 3271 3231 
6247 3231 3271 3272 
6248 3231 3272 3232 
6249 3232 3272 3273 
6250 3232 3273 3233 
6251 3233 3273 3274 
6252 3233 3274 3234 
6253 3234 3274 3235 
6254 3274 3275 3235 
6255 3235 3275 3236 
6256 3275 3276 3236 
6257 3236 3276 3237 
6258 3276 3277 3237 
6259 3237 3277 3238 
6260 3277 3278 3238 
6261 3238 3278 3239 
6262 3278 3279 3239 
6263 3239 3279 3240 
6264 3279 3280 3240 
6265 3240 3280 3241 
6266 3280 3281 3241 
6267 3241 3281 3242 
6268 3281 3282 3242 
6269 3242 3282 3243 
6270 3282 3283 3243 
6271 3243 3283 3205 
6272 3283 3245 3205 
6273 3245 3285 3284 
6274 3245 3284 3244 
6275 3244 3284 3286 
6276 3244 3286 3246 
6277 3246 3286 3287 
6278 3246 3287 3247 
6279 3247 3287 3288 
6280 3247 3288 3248 
6281 3248 3288 3289 
6282 3248 3289 3249 
6283 3249 3289 3290 
6284 3249 3290 3250 
6285 3250 3290 3291 
6286 3250 3291 3251 
6287 3251 3291 3292 
6288 3251 3292 3252 
6289 3252 3292 3293 
6290 3252 3293 3253 
6291 3253 3293 3294 
6292 3253 3294 3254 
6293 3254 3294 3255 
6294 3294 3295 3255 
6295 3255 3295 3256 
6296 3295 3296 3256 
6297 3256 3296 3257 
6298 3296 3297 3257 
6299 3257 3297 3258 
6300 3297 3298 3258 
6301 3258 3298 3259 
6302 3298 3299 3259 
6303 3259 3299 3260 
6304 3299 3300 3260 
6305 3260 3300 3261 
6306 3300 3301 3261 
6307 3261 3301 3262 
6308 3301 3302 3262 
6309 3262 3302 3263 
6310 3302 3303 3263 
6311 3263 3303 3264 
6312 3303 3304 3264 
6313 3264 3304 3305 
6314 3264 3305 3265 
6315 3265 3305 3306 
6316 3265 3306 3266 
6317 3266 3306 3307 
6318 3266 3307 3267 
6319 3267 3307 3308 
6320 3267 3308 3268 
6321 3268 3308 3309 
6322 3268 3309 3269 
6323 3269 3309 3310 
6324 3269 3310 3270 
6325 3270 3310 3311 
6326 3270 3311 3271 
6327 3271 3311 3312 
6328 3271 3312 3272 
6329 3272 3312 3313 
6330 3272 3313 3273 
6331 3273 3313 3314 
6332 3273 3314 3274 
6333 3274 3314 3275 
6334 3314 3315 3275 
6335 3275 3315 3276 
6336 3315 3316 3276 
6337 3276 3316 3277 
6338 3316 3317 3277 
6339 3277 3317 3278 
6340 3317 3318 3278 
6341 3278 3318 3279 
6342 3318 3319 3279 
6343 3279 3319 3280 
6344 3319 3320 3280 
6345 3280 3320 3281 
6346 3320 3321 3281 
6347 3281 3321 3282 
6348 3321 3322 3282 
6349 3282 3322 3283 
6350 3322 3323 3283 
6351 3283 3323 3245 
6352 3323 3285 3245 
6353 3285 3325 3324 
6354 3285 3324 3284 
6355 3284 3324 3326 
6356 3284 3326 3286 
6357 3286 3326 3327 
6358 3286 3327 3287 
6359 3287 3327 3328 
6360 3287 3328 3288 
6361 3288 3328 3329 
6362 3288 3329 3289 
6363 3289 3329 3330 
6364 3289 3330 3290 
6365 3290 3330 3331 
6366 3290 3331 3291 
6367 3291 3331 3332 
6368 3291 3332 3292 
6369 3292 3332 3333 
6370 3292 3333 3293 
6371 3293 3333 3334 
6372 3293 3334 3294 
6373 3294 3334 3295 
6374 3334 3335 3295 
6375 3295 3335 3296 
6376 3335 3336 3296 
6377 3296 3336 3297 
6378 3336 3337 3297 
6379 3297 3337 3298 
6380 3337 3338 3298 
6381 3298 3338 3299 
6382 3338 3339 3299 
6383 3299 3339 3300 
6384 3339 3340 3300 
6385 3300 3340 3301 
6386 3340 3341 3301 
6387 3301 3341 3302 
6388 3341 3342 3302 
6389 3302 3342 3303 
6390 3342 3343 3303 
6391 3303 3343 3304 
6392 3343 3344 3304 
6393 3304 3344 3345 
6394 3304 3345 3305 
6395 3305 3345 3346 
6396 3305 3346 3306 
6397 3306 3346 3347 
6398 3306 3347 3307 
6399 3307 3347 3348 
6400 3307 3348 3308 
6401 3308 3348 3349 
6402 3308 3349 3309 
6403 3309 3349 3350 
6404 3309 3350 3310 
6405 3310 3350 3351 
6406 3310 3351 3311 
6407 3311 3351 3352 
6408 3311 3352 3312 
6409 3312 3352 3353 
6410 3312 3353 3313 
6411 3313 3353 3354 
6412 3313 3354 3314 
6413 3314 3354 3315 
6414 3354 3355 3315 
6415 3315 3355 3316 
6416 3355 3356 3316 
6417 3316 3356 3317 
6418 3356 3357 3317 
6419 3317 3357 3318 
6420 3357 3358 3318 
6421 3318 3358 3319 
6422 3358 3359 3319 
6423 3319 3359 3320 
6424 3359 3360 3320 
6425 3320 3360 3321 
6426 3360 3361 3321 
6427 3321 3361 3322 
6428 3361 3362 3322 
6429 3322 3362 3323 
6430 3362 3363 3323 
6431 3323 3363 3285 
6432 3363 3325 3285 
6433 3325 3364 3324 
6434 3324 3364 3365 
6435 3324 3365 3326 
6436 3326 3365 3366 
6437 3326 3366 3327 
6438 3327 3366 3367 
6439 3327 3367 3328 
6440 3328 3367 3368 
6441 3328 3368 3329 
6442 3329 3368 3369 
6443 3329 3369 3330 
6444 3330 3369 3370 
6445 3330 3370 3331 
6446 3331 3370 3371 
6447 3331 3371 3332 
6448 3332 3371 3372 
6449 3332 3372 3333 
6450 3333 3372 3373 
6451 3333 3373 3334 
6452 3334 3373 3335 
6453 3373 3374 3335 
6454 3335 3374 3336 
6455 3374 3375 3336 
6456 3336 3375 3337 
6457 3375 3376 3337 
6458 3337 3376 3338 
6459 3376 3377 3338 
6460 3338 3377 3339 
6461 3377 3378 3339 
6462 3339 3378 3340 
6463 3378 3379 3340 
6464 3340 3379 3341 
6465 3379 3380 3341 
6466 3341 3380 3342 
6467 3380 3381 3342 
6468 3342 3381 3343 
6469 3381 3382 3343 
6470 3343 3382 3344 
6471 3344 3383 3345 
6472 3345 3383 3384 
6473 3345 3384 3346 
6474 3346 3384 3385 
6475 3346 3385 3347 
6476 3347 3385 3386 
6477 3347 3386 3348 
6478 3348 3386 3387 
6479 3348 3387 3349 
6480 3349 3387 3388 
6481 3349 3388 3350 
6482 3350 3388 3389 
6483 3350 3389 3351 
6484 3351 3389 3390 
6485 3351 3390 3352 
6486 3352 3390 3391 
6487 3352 3391 3353 
6488 3353 3391 3392 
6489 3353 3392 3354 
6490 3354 3392 3355 
6491 3392 3393 3355 
6492 3355 3393 3356 
6493 3393 3394 3356 
6494 3356 3394 3357 
6495 3394 3395 3357 
6496 3357 3395 3358 
6497 3395 3396 3358 
6498 3358 3396 3359 
6499 3396 3397 3359 
6500 3359 3397 3360 
6501 3397 3398 3360 
6502 3360 3398 3361 
6503 3398 3399 3361 
6504 3361 3399 3362 
6505 3399 3400 3362 
6506 3362 3400 3363 
6507 3400 3401 3363 
6508 3363 3401 3325 
6509 3325 3402 3364 
6510 3364 3402 3403 
6511 3364 3403 3365 
6512 3365 3403 3404 
6513 3365 3404 3366 
6514 3366 3404 3405 
6515 3366 3405 3367 
6516 3367 3405 3406 
6517 3367 3406 3368 
6518 3368 3406 3407 
6519 3368 3407 3369 
6520 3369 3407 3408 
6521 3369 3408 3370 
6522 3370 3408 3409 
6523 3370 3409 3371 
6524 3371 3409 3410 
6525 3371 3410 3372 
6526 3372 3410 3411 
6527 3372 3411 3373 
6528 3373 3411 3374 
6529 3411 3412 3374 
6530 3374 3412 3375 
6531 3412 3413 3375 
6532 3375 3413 3376 
6533 3413 3414 3376 
6534 3376 3414 3377 
6535 3414 3415 3377 
6536 3377 3415 3378 
6537 3415 3416 3378 
6538 3378 3416 3379 
6539 3416 3417 3379 
6540 3379 3417 3380 
6541 3417 3418 3380 
6542 3380 3418 3381 
6543 3418 3419 3381 
6544 3381 3419 3382 
6545 3419 3420 3382 
6546 3382 3420 3344 
6547 3344 3420 3383 
6548 3383 3420 3419 
6549 3383 3419 3384 
6550 3384 3419 3418 
6551 3384 3418 3385 
6552 3385 3418 3417 
6553 3385 3417 3386 
6554 3386 3417 3416 
6555 3386 3416 3387 
6556 3387 3416 3415 
6557 3387 3415 3388 
6558 3388 3415 3414 
6559 3388 3414 3389 
6560 3389 3414 3413 
6561 3389 3413 3390 
6562 3390 3413 3412 
6563 3390 3412 3391 
6564 3391 3412 3411 
6565 3391 3411 3392 
6566 3392 3411 3393 
6567 3411 3410 3393 
6568 3393 3410 3394 
6569 3410 3409 3394 
6570 3394 3409 3395 
6571 3409 3408 3395 
6572 3395 3408 3396 
6573 3408 3407 3396 
6574 3396 3407 3397 
6575 3407 3406 3397 
6576 3397 3406 3398 
6577 3406 3405 3398 
6578 3398 3405 3399 
6579 3405 3404 3399 
6580 3399 3404 3400 
6581 3404 3403 3400 
6582 3400 3403 3401 
6583 3403 3402 3401 
6584 3401 3402 3325 
6585 3421 3423 3422 
6586 3422 3423 3424 
6587 3424 3423 3425 
6588 3425 3423 3426 
6589 3423 3427 3426 
6590 3423 3428 3427 
6591 3423 3429 3428 
6592 3423 3430 3429 
6593 3430 3423 3431 
6594 3431 3423 3432 
6595 3432 3423 3433 
6596 3433 3423 3434 
6597 3423 3435 3434 
6598 3423 3436 3435 
6599 3423 3437 3436 
6600 3423 3421 3437 
6601 3421 3422 3438 
6602 3438 3422 3439 
6603 3422 3424 3439 
6604 3439 3424 3440 
6605 3424 3425 3440 
6606 3440 3425 3441 
6607 3425 3426 3441 
6608 3441 3426 3442 
6609 3426 3443 3442 
6610 3426 3427 3443 
6611 3427 3444 3443 
6612 3427 3428 3444 
6613 3428 3445 3444 
6614 3428 3429 3445 
6615 3429 3446 3445 
6616 3429 3430 3446 
6617 3430 3431 3446 
6618 3446 3431 3447 
6619 3431 3432 3447 
6620 3447 3432 3448 
6621 3432 3433 3448 
6622 3448 3433 3449 
6623 3433 3434 3449 
6624 3449 3434 3450 
6625 3434 3451 3450 
6626 3434 3435 3451 
6627 3435 3452 3451 
6628 3435 3436 3452 
6629 3436 3453 3452 
6630 3436 3437 3453 
6631 3437 3438 3453 
6632 3437 3421 3438 
6633 3438 3439 3454 
6634 3454 3439 3455 
6635 3439 3440 3455 
6636 3455 3440 3456 
6637 3440 3441 3456 
6638 3456 3441 3457 
6639 3441 3442 3457 
6640 3457 3442 3458 
6641 3442 3459 3458 
6642 3442 3443 3459 
6643 3443 3460 3459 
6644 3443 3444 3460 
6645 3444 3461 3460 
6646 3444 3445 3461 
6647 3445 3462 3461 
6648 3445 3446 3462 
6649 3446 3447 3462 
6650 3462 3447 3463 
6651 3447 3448 3463 
6652 3463 3448 3464 
6653 3448 3449 3464 
6654 3464 3449 3465 
6655 3449 3450 3465 
6656 3465 3450 3466 
6657 3450 3467 3466 
6658 3450 3451 3467 
6659 3451 3468 3467 
6660 3451 3452 3468 
6661 3452 3469 3468 
6662 3452 3453 3469 
6663 3453 3454 3469 
6664 3453 3438 3454 
6665 3454 3455 3470 
6666 3470 3455 3471 
6667 3455 3456 3471 
6668 3471 3456 3472 
6669 3456 3457 3472 
6670 3472 3457 3473 
6671 3457 3458 3473 
6672 3473 3458 3474 
6673 3458 3475 3474 
6674 3458 3459 3475 
6675 3459 3476 3475 
6676 3459 3460 3476 
6677 3460 3477 3476 
6678 3460 3461 3477 
6679 3461 3478 3477 
6680 3461 3462 3478 
6681 3462 3463 3478 
6682 3478 3463 3479 
6683 3463 3464 3479 
6684 3479 3464 3480 
6685 3464 3465 3480 
6686 3480 3465 3481 
6687 3465 3466 3481 
6688 3481 3466 3482 
6689 3466 3483 3482 
6690 3466 3467 3483 
6691 3467 3484 3483 
6692 3467 3468 3484 
6693 3468 3485 3484 
6694 3468 3469 3485 
6695 3469 3470 3485 
6696 3469 3454 3470 
6697 3470 3471 3486 
6698 3486 3471 3487 
6699 3471 3472 3487 
6700 3487 3472 3488 
6701 3472 3473 3488 
6702 3488 3473 3489 
6703 3473 3474 3489 
6704 3489 3474 3490 
6705 3474 3491 3490 
6706 3474 3475 3491 
6707 3475 3492 3491 
6708 3475 3476 3492 
6709 3476 3493 3492 
6710 3476 3477 3493 
6711 3477 3494 3493 
6712 3477 3478 3494 
6713 3478 3479 3494 
6714 3494 3479 3495 
6715 3479 3480 3495 
6716 3495 3480 3496 
6717 3480 3481 3496 
6718 3496 3481 3497 
6719 3481 3482 3497 
6720 3497 3482 3498 
6721 3482 3499 3498 
6722 3482 3483 3499 
6723 3483 3500 3499 
6724 3483 3484 3500 
6725 3484 3501 3500 
6726 3484 3485 3501 
6727 3485 3486 3501 
6728 3485 3470 3486 
6729 3486 3487 3502 
6730 3502 3487 3503 
6731 3487 3488 3503 
6732 3503 3488 3504 
6733 3488 3489 3504 
6734 3504 3489 3505 
6735 3489 3490 3505 
6736 3505 3490 3506 
6737 3490 3507 3506 
6738 3490 3491 3507 
6739 3491 3508 3507 
6740 3491 3492 3508 
6741 3492 3509 3508 
6742 3492 3493 3509 
6743 3493 3510 3509 
6744 3493 3494 3510 
6745 3494 3495 3510 
6746 3510 3495 3511 
6747 3495 3496 3511 
6748 3511 3496 3512 
6749 3496 3497 3512 
6750 3512 3497 3513 
6751 3497 3498 3513 
6752 3513 3498 3514 
6753 3498 3515 3514 
6754 3498 3499 3515 
6755 3499 3516 3515 
6756 3499 3500 3516 
6757 3500 3517 3516 
6758 3500 3501 3517 
6759 3501 3502 3517 
6760 3501 3486 3502 
6761 3502 3503 3518 
6762 3518 3503 3519 
6763 3503 3504 3519 
6764 3519 3504 3520 
6765 3504 3505 3520 
6766 3520 3505 3521 
6767 3505 3506 3521 
6768 3521 3506 3522 
6769 3506 3523 3522 
6770 3506 3507 3523 
6771 3507 3524 3523 
6772 3507 3508 3524 
6773 3508 3525 3524 
6774 3508 3509 3525 
6775 3509 3526 3525 
6776 3509 3510 3526 
6777 3510 3511 3526 
6778 3526 3511 3527 
6779 3511 3512 3527 
6780 3527 3512 3528 
6781 3512 3513 3528 
6782 3528 3513 3529 
6783 3513 3514 3529 
6784 3529 3514 3530 
6785 3514 3531 3530 
6786 3514 3515 3531 
6787 3515 3532 3531 
6788 3515 3516 3532 
6789 3516 3533 3532 
6790 3516 3517 3533 
6791 3517 3518 3533 
6792 3517 3502 3518 
6793 3518 119 120 
6794 3518 118 119 
6795 3519 115 3518 
6796 202 3518 120 
6797 115 116 3518 
6798 115 3519 113 
6799 116 118 3518 
6800 3519 112 113 
6801 111 112 3519 
6802 106 3520 107 
6803 108 3520 106 
6804 110 3519 108 
6805 3519 3520 108 
6806 110 111 3519 
6807 104 3520 102 
6808 3520 100 101 
6809 104 107 3520 
6810 3520 101 102 
6811 97 3521 96 
6812 98 3521 97 
6813 3520 3521 98 
6814 100 3520 98 
6815 31 3521 3534 
6816 29 31 3534 
6817 26 28 3534 
6818 28 29 3534 
6819 32 3521 31 
6820 3521 32 33 
6821 96 3521 33 
6822 3521 3522 3534 
6823 3534 3522 3535 
6824 3522 3536 3535 
6825 3522 3523 3536 
6826 3523 3537 3536 
6827 3523 3524 3537 
6828 3524 3538 3537 
6829 3524 3525 3538 
6830 1833 3525 1913 
6831 1832 3538 1833 
6832 3525 1833 3538 
6833 1912 1913 3526 
6834 1913 3525 3526 
6835 3526 3527 1825 
6836 1825 3527 1823 
6837 1826 3526 1825 
6838 1827 3526 1826 
6839 1834 1912 3526 
6840 1829 1834 3526 
6841 1827 1829 3526 
6842 1823 3527 1822 
6843 3527 1821 1822 
6844 1817 3528 1815 
6845 1818 3528 1817 
6846 1820 3527 1818 
6847 3527 3528 1818 
6848 1820 1821 3527 
6849 1814 3528 1812 
6850 3528 1810 1811 
6851 1814 1815 3528 
6852 3528 1811 1812 
6853 1808 3529 1807 
6854 3529 1806 1807 
6855 1808 3528 3529 
6856 1808 1810 3528 
6857 1740 3529 3539 
6858 1738 1739 3539 
6859 1736 1738 3539 
6860 1739 1740 3539 
6861 1742 3529 1740 
6862 1743 3529 1742 
6863 1743 1806 3529 
6864 3529 3530 3539 
6865 3539 3530 3540 
6866 3530 3541 3540 
6867 3530 3531 3541 
6868 3531 3542 3541 
6869 3531 3532 3542 
6870 3532 3543 3542 
6871 3532 3533 3543 
6872 3543 124 122 
6873 203 124 3533 
6874 3543 3533 124 
6875 3518 202 203 
6876 3518 203 3533 
6877 82 83 3544 
6878 26 3534 25 
6879 3534 22 23 
6880 3534 23 25 
6881 3544 83 84 
6882 3545 18 20 
6883 21 3534 20 
6884 22 3534 21 
6885 14 15 3545 
6886 3534 3545 20 
6887 11 12 3545 
6888 17 18 3545 
6889 88 89 3545 
6890 15 17 3545 
6891 3544 85 3545 
6892 12 14 3545 
6893 85 86 3545 
6894 89 11 3545 
6895 86 88 3545 
6896 85 3544 84 
6897 3534 3535 3545 
6898 3545 3535 3546 
6899 3535 3547 3546 
6900 3535 3536 3547 
6901 3536 3548 3547 
6902 3536 3537 3548 
6903 1839 3548 1842 
6904 1842 3548 3537 
6905 3537 1843 1842 
6906 1843 3537 3538 
6907 1838 3538 1837 
6908 3538 1835 1837 
6909 1838 1843 3538 
6910 1830 3538 1832 
6911 1830 1835 3538 
6912 1794 1795 3549 
6913 1736 3539 1735 
6914 3539 1734 1732 
6915 3539 1732 1735 
6916 3549 1795 1792 
6917 1731 3539 1730 
6918 3550 1728 1730 
6919 3539 1731 1734 
6920 1725 1727 3550 
6921 3539 3550 1730 
6922 1727 1728 3550 
6923 1721 1722 3550 
6924 1722 1724 3550 
6925 1799 1721 3550 
6926 3549 1793 3550 
6927 1796 1798 3550 
6928 1724 1725 3550 
6929 1793 1796 3550 
6930 1798 1799 3550 
6931 1793 3549 1792 
6932 3539 3540 3550 
6933 3550 3540 3551 
6934 3540 3552 3551 
6935 3540 3541 3552 
6936 3541 3553 3552 
6937 3541 3542 3553 
6938 132 3553 131 
6939 131 3553 3542 
6940 3542 129 131 
6941 129 3542 3543 
6942 3543 128 129 
6943 128 3543 127 
6944 3543 125 127 
6945 3543 123 125 
6946 122 123 3543 
6947 185 70 3554 
6948 70 71 3554 
6949 3554 76 79 
6950 3544 80 82 
6951 80 3544 79 
6952 3544 3554 79 
6953 76 77 79 
6954 3554 73 74 
6955 72 73 3554 
6956 72 3554 71 
6957 3554 74 76 
6958 3554 3544 3555 
6959 3544 3545 3555 
6960 3555 3545 3556 
6961 3545 3546 3556 
6962 3556 3546 3557 
6963 3546 3558 3557 
6964 3546 3547 3558 
6965 1853 3558 1855 
6966 1855 3558 3547 
6967 3547 1856 1855 
6968 1856 3547 3548 
6969 3548 1849 1851 
6970 1848 3548 1847 
6971 1848 1849 3548 
6972 1856 3548 1851 
6973 1844 3548 1840 
6974 3548 1839 1840 
6975 1845 3548 1844 
6976 1847 3548 1845 
6977 1895 1782 3559 
6978 1782 1779 3559 
6979 3549 1789 1790 
6980 1789 1786 1787 
6981 3559 1786 1789 
6982 1784 3559 1783 
6983 3559 1780 1783 
6984 3549 3559 1789 
6985 1794 3549 1790 
6986 1784 1786 3559 
6987 3559 1779 1780 
6988 3559 3549 3560 
6989 3549 3550 3560 
6990 3560 3550 3561 
6991 3550 3551 3561 
6992 3561 3551 3562 
6993 3551 3563 3562 
6994 3551 3552 3563 
6995 144 3563 143 
6996 143 3563 3552 
6997 3552 142 143 
6998 142 3552 3553 
6999 3553 139 141 
7000 138 3553 137 
7001 138 139 3553 
7002 142 3553 141 
7003 134 3553 133 
7004 3553 132 133 
7005 135 3553 134 
7006 137 3553 135 
7007 3554 183 185 
7008 3554 180 182 
7009 179 3564 177 
7010 179 3554 3564 
7011 3554 182 183 
7012 180 3554 179 
7013 3564 176 177 
7014 3564 3554 3565 
7015 3554 3555 3565 
7016 3565 3555 3566 
7017 3555 3556 3566 
7018 3566 3556 3567 
7019 3556 3557 3567 
7020 3567 3557 3568 
7021 3557 3569 3568 
7022 3557 3558 3569 
7023 3569 3558 1747 
7024 3558 1744 1747 
7025 1751 3569 1750 
7026 3569 1748 1750 
7027 1753 3569 1751 
7028 1755 3569 1753 
7029 1863 1746 3558 
7030 1748 3569 1747 
7031 1746 1744 3558 
7032 3558 1861 1863 
7033 1852 3558 1853 
7034 1857 3558 1852 
7035 1858 3558 1857 
7036 1860 3558 1858 
7037 1860 1861 3558 
7038 1882 1883 3570 
7039 1886 3570 1885 
7040 3570 1883 1885 
7041 3559 1893 1895 
7042 3559 1890 1892 
7043 1889 3570 1887 
7044 1889 3559 3570 
7045 3570 1886 1887 
7046 1890 3559 1889 
7047 3559 1892 1893 
7048 3570 3559 3571 
7049 3559 3560 3571 
7050 3571 3560 3572 
7051 3560 3561 3572 
7052 3572 3561 3573 
7053 3561 3562 3573 
7054 3573 3562 3574 
7055 3562 3575 3574 
7056 3562 3563 3575 
7057 3575 41 43 
7058 44 3575 43 
7059 3575 37 38 
7060 40 3575 38 
7061 41 3575 40 
7062 34 3563 153 
7063 35 3563 34 
7064 35 37 3563 
7065 3563 37 3575 
7066 3563 151 153 
7067 145 3563 144 
7068 147 3563 145 
7069 148 3563 147 
7070 150 3563 148 
7071 150 151 3563 
7072 174 173 3564 
7073 176 3564 175 
7074 175 3564 173 
7075 3564 3565 3576 
7076 3576 3565 3577 
7077 3565 3566 3577 
7078 3577 3566 3578 
7079 3566 3567 3578 
7080 3578 3567 3579 
7081 3567 3568 3579 
7082 3579 3568 3580 
7083 3568 3581 3580 
7084 3568 3569 3581 
7085 3569 3582 3581 
7086 3582 1763 1765 
7087 1768 3582 1765 
7088 3582 1762 1763 
7089 3582 1760 1762 
7090 3582 1759 1760 
7091 3582 1720 1759 
7092 3582 1716 1717 
7093 3582 1719 1720 
7094 3582 1711 1715 
7095 1716 3582 1715 
7096 1719 3582 1717 
7097 1713 3569 1754 
7098 3569 1755 1754 
7099 1711 3569 1713 
7100 1711 3582 3569 
7101 1772 3583 3582 
7102 1771 1772 3582 
7103 1767 1769 3582 
7104 1769 1771 3582 
7105 1768 1767 3582 
7106 3583 1776 1777 
7107 3583 1773 1774 
7108 1776 3583 1774 
7109 1772 1773 3583 
7110 1877 3584 3583 
7111 1876 1877 3583 
7112 1778 1874 3583 
7113 1874 1876 3583 
7114 1777 1778 3583 
7115 3584 1881 3570 
7116 1881 1882 3570 
7117 3584 1878 1880 
7118 1877 1878 3584 
7119 3584 1880 1881 
7120 3570 3571 3584 
7121 3584 3571 3585 
7122 3571 3572 3585 
7123 3585 3572 3586 
7124 3572 3573 3586 
7125 3586 3573 3587 
7126 3573 3574 3587 
7127 3587 3574 3588 
7128 3574 3589 3588 
7129 3574 3575 3589 
7130 3575 3590 3589 
7131 3590 53 55 
7132 57 3590 55 
7133 3590 52 53 
7134 3590 50 52 
7135 3590 49 50 
7136 3590 8 9 
7137 3590 10 49 
7138 10 3590 9 
7139 3590 3 5 
7140 6 3590 5 
7141 3590 6 8 
7142 45 3575 44 
7143 3575 2 3 
7144 45 2 3575 
7145 3590 3575 3 
7146 62 3591 3590 
7147 61 62 3590 
7148 58 59 3590 
7149 59 61 3590 
7150 57 58 3590 
7151 3591 65 66 
7152 3591 66 67 
7153 3591 63 65 
7154 62 63 3591 
7155 167 3576 3591 
7156 164 166 3591 
7157 68 164 3591 
7158 166 167 3591 
7159 67 68 3591 
7160 3576 171 3564 
7161 171 174 3564 
7162 3576 168 170 
7163 167 168 3576 
7164 3576 170 171 
7165 3576 3577 3592 
7166 3592 3577 3593 
7167 3577 3578 3593 
7168 3593 3578 3594 
7169 3578 3579 3594 
7170 3594 3579 3595 
7171 3579 3580 3595 
7172 3595 3580 3596 
7173 3580 3597 3596 
7174 3580 3581 3597 
7175 3581 3598 3597 
7176 3581 3582 3598 
7177 3582 3599 3598 
7178 3582 3583 3599 
7179 3583 3600 3599 
7180 3583 3584 3600 
7181 3584 3585 3600 
7182 3600 3585 3601 
7183 3585 3586 3601 
7184 3601 3586 3602 
7185 3586 3587 3602 
7186 3602 3587 3603 
7187 3587 3588 3603 
7188 3603 3588 3604 
7189 3588 3605 3604 
7190 3588 3589 3605 
7191 3589 3606 3605 
7192 3589 3590 3606 
7193 3590 3607 3606 
7194 3590 3591 3607 
7195 3591 3592 3607 
7196 3591 3576 3592 
7197 3592 3609 3608 
7198 3592 3593 3609 
7199 3593 3610 3609 
7200 3593 3594 3610 
7201 3594 3611 3610 
7202 3594 3595 3611 
7203 3595 3612 3611 
7204 3595 3596 3612 
7205 3596 3597 3612 
7206 3612 3597 3613 
7207 3597 3598 3613 
7208 3613 3598 3614 
7209 3598 3599 3614 
7210 3614 3599 3615 
7211 3599 3600 3615 
7212 3615 3600 3616 
7213 3600 3617 3616 
7214 3600 3601 3617 
7215 3601 3618 3617 
7216 3601 3602 3618 
7217 3602 3619 3618 
7218 3602 3603 3619 
7219 3603 3620 3619 
7220 3603 3604 3620 
7221 3604 3605 3620 
7222 3620 3605 3621 
7223 3605 3606 3621 
7224 3621 3606 3622 
7225 3606 3607 3622 
7226 3622 3607 3623 
7227 3607 3592 3623 
7228 3623 3592 3608 
7229 3608 3625 3624 
7230 3608 3609 3625 
7231 3609 3626 3625 
7232 3609 3610 3626 
7233 3610 3627 3626 
7234 3610 3611 3627 
7235 3611 3628 3627 
7236 3611 3612 3628 
7237 3612 3613 3628 
7238 3628 3613 3629 
7239 3613 3614 3629 
7240 3629 3614 3630 
7241 3614 3615 3630 
7242 3630 3615 3631 
7243 3615 3616 3631 
7244 3631 3616 3632 
7245 3616 3633 3632 
7246 3616 3617 3633 
7247 3617 3634 3633 
7248 3617 3618 3634 
7249 3618 3635 3634 
7250 3618 3619 3635 
7251 3619 3636 3635 
7252 3619 3620 3636 
7253 3620 3621 3636 
7254 3636 3621 3637 
7255 3621 3622 3637 
7256 3637 3622 3638 
7257 3622 3623 3638 
7258 3638 3623 3639 
7259 3623 3608 3639 
7260 3639 3608 3624 
7261 3624 3625 3640 
7262 3625 3641 3640 
7263 3625 3626 3641 
7264 3626 3642 3641 
7265 3626 3627 3642 
7266 3627 3643 3642 
7267 3627 3628 3643 
7268 3628 3629 3643 
7269 3643 3629 3644 
7270 3629 3630 3644 
7271 3644 3630 3645 
7272 3630 3631 3645 
7273 3645 3631 3646 
7274 3631 3632 3646 
7275 3632 3633 3646 
7276 3633 3645 3646 
7277 3633 3634 3645 
7278 3634 3644 3645 
7279 3634 3635 3644 
7280 3635 3643 3644 
7281 3635 3636 3643 
7282 3636 3637 3643 
7283 3643 3637 3642 
7284 3637 3638 3642 
7285 3642 3638 3641 
7286 3638 3639 3641 
7287 3641 3639 3640 
7288 3639 3624 3640 
$EndElements
