$MeshFormat
4.1 0 8
$EndMeshFormat
$Entities
0 0 1 0
0 -0.3773838341 -5.0000097802 -0.7736552249999999 0.0979005835 5.0000097802 0.7736552249999999 0 0 
$EndEntities
$Nodes
1 6864 1 6864
2 0 0 6864
1
2
3
4
5
6
7
8
9
10
11
12
13
14
15
16
17
18
19
20
21
22
23
24
25
26
27
28
29
30
31
32
33
34
35
36
37
38
39
40
41
42
43
44
45
46
47
48
49
50
51
52
53
54
55
56
57
58
59
60
61
62
63
64
65
66
67
68
69
70
71
72
73
74
75
76
77
78
79
80
81
82
83
84
85
86
87
88
89
90
91
92
93
94
95
96
97
98
99
100
101
102
103
104
105
106
107
108
109
110
111
112
113
114
115
116
117
118
119
120
121
122
123
124
125
126
127
128
129
130
131
132
133
134
135
136
137
138
139
140
141
142
143
144
145
146
147
148
149
150
151
152
153
154
155
156
157
158
159
160
161
162
163
164
165
166
167
168
169
170
171
172
173
174
175
176
177
178
179
180
181
182
183
184
185
186
187
188
189
190
191
192
193
194
195
196
197
198
199
200
201
202
203
204
205
206
207
208
209
210
211
212
213
214
215
216
217
218
219
220
221
222
223
224
225
226
227
228
229
230
231
232
233
234
235
236
237
238
239
240
241
242
243
244
245
246
247
248
249
250
251
252
253
254
255
256
257
258
259
260
261
262
263
264
265
266
267
268
269
270
271
272
273
274
275
276
277
278
279
280
281
282
283
284
285
286
287
288
289
290
291
292
293
294
295
296
297
298
299
300
301
302
303
304
305
306
307
308
309
310
311
312
313
314
315
316
317
318
319
320
321
322
323
324
325
326
327
328
329
330
331
332
333
334
335
336
337
338
339
340
341
342
343
344
345
346
347
348
349
350
351
352
353
354
355
356
357
358
359
360
361
362
363
364
365
366
367
368
369
370
371
372
373
374
375
376
377
378
379
380
381
382
383
384
385
386
387
388
389
390
391
392
393
394
395
396
397
398
399
400
401
402
403
404
405
406
407
408
409
410
411
412
413
414
415
416
417
418
419
420
421
422
423
424
425
426
427
428
429
430
431
432
433
434
435
436
437
438
439
440
441
442
443
444
445
446
447
448
449
450
451
452
453
454
455
456
457
458
459
460
461
462
463
464
465
466
467
468
469
470
471
472
473
474
475
476
477
478
479
480
481
482
483
484
485
486
487
488
489
490
491
492
493
494
495
496
497
498
499
500
501
502
503
504
505
506
507
508
509
510
511
512
513
514
515
516
517
518
519
520
521
522
523
524
525
526
527
528
529
530
531
532
533
534
535
536
537
538
539
540
541
542
543
544
545
546
547
548
549
550
551
552
553
554
555
556
557
558
559
560
561
562
563
564
565
566
567
568
569
570
571
572
573
574
575
576
577
578
579
580
581
582
583
584
585
586
587
588
589
590
591
592
593
594
595
596
597
598
599
600
601
602
603
604
605
606
607
608
609
610
611
612
613
614
615
616
617
618
619
620
621
622
623
624
625
626
627
628
629
630
631
632
633
634
635
636
637
638
639
640
641
642
643
644
645
646
647
648
649
650
651
652
653
654
655
656
657
658
659
660
661
662
663
664
665
666
667
668
669
670
671
672
673
674
675
676
677
678
679
680
681
682
683
684
685
686
687
688
689
690
691
692
693
694
695
696
697
698
699
700
701
702
703
704
705
706
707
708
709
710
711
712
713
714
715
716
717
718
719
720
721
722
723
724
725
726
727
728
729
730
731
732
733
734
735
736
737
738
739
740
741
742
743
744
745
746
747
748
749
750
751
752
753
754
755
756
757
758
759
760
761
762
763
764
765
766
767
768
769
770
771
772
773
774
775
776
777
778
779
780
781
782
783
784
785
786
787
788
789
790
791
792
793
794
795
796
797
798
799
800
801
802
803
804
805
806
807
808
809
810
811
812
813
814
815
816
817
818
819
820
821
822
823
824
825
826
827
828
829
830
831
832
833
834
835
836
837
838
839
840
841
842
843
844
845
846
847
848
849
850
851
852
853
854
855
856
857
858
859
860
861
862
863
864
865
866
867
868
869
870
871
872
873
874
875
876
877
878
879
880
881
882
883
884
885
886
887
888
889
890
891
892
893
894
895
896
897
898
899
900
901
902
903
904
905
906
907
908
909
910
911
912
913
914
915
916
917
918
919
920
921
922
923
924
925
926
927
928
929
930
931
932
933
934
935
936
937
938
939
940
941
942
943
944
945
946
947
948
949
950
951
952
953
954
955
956
957
958
959
960
961
962
963
964
965
966
967
968
969
970
971
972
973
974
975
976
977
978
979
980
981
982
983
984
985
986
987
988
989
990
991
992
993
994
995
996
997
998
999
1000
1001
1002
1003
1004
1005
1006
1007
1008
1009
1010
1011
1012
1013
1014
1015
1016
1017
1018
1019
1020
1021
1022
1023
1024
1025
1026
1027
1028
1029
1030
1031
1032
1033
1034
1035
1036
1037
1038
1039
1040
1041
1042
1043
1044
1045
1046
1047
1048
1049
1050
1051
1052
1053
1054
1055
1056
1057
1058
1059
1060
1061
1062
1063
1064
1065
1066
1067
1068
1069
1070
1071
1072
1073
1074
1075
1076
1077
1078
1079
1080
1081
1082
1083
1084
1085
1086
1087
1088
1089
1090
1091
1092
1093
1094
1095
1096
1097
1098
1099
1100
1101
1102
1103
1104
1105
1106
1107
1108
1109
1110
1111
1112
1113
1114
1115
1116
1117
1118
1119
1120
1121
1122
1123
1124
1125
1126
1127
1128
1129
1130
1131
1132
1133
1134
1135
1136
1137
1138
1139
1140
1141
1142
1143
1144
1145
1146
1147
1148
1149
1150
1151
1152
1153
1154
1155
1156
1157
1158
1159
1160
1161
1162
1163
1164
1165
1166
1167
1168
1169
1170
1171
1172
1173
1174
1175
1176
1177
1178
1179
1180
1181
1182
1183
1184
1185
1186
1187
1188
1189
1190
1191
1192
1193
1194
1195
1196
1197
1198
1199
1200
1201
1202
1203
1204
1205
1206
1207
1208
1209
1210
1211
1212
1213
1214
1215
1216
1217
1218
1219
1220
1221
1222
1223
1224
1225
1226
1227
1228
1229
1230
1231
1232
1233
1234
1235
1236
1237
1238
1239
1240
1241
1242
1243
1244
1245
1246
1247
1248
1249
1250
1251
1252
1253
1254
1255
1256
1257
1258
1259
1260
1261
1262
1263
1264
1265
1266
1267
1268
1269
1270
1271
1272
1273
1274
1275
1276
1277
1278
1279
1280
1281
1282
1283
1284
1285
1286
1287
1288
1289
1290
1291
1292
1293
1294
1295
1296
1297
1298
1299
1300
1301
1302
1303
1304
1305
1306
1307
1308
1309
1310
1311
1312
1313
1314
1315
1316
1317
1318
1319
1320
1321
1322
1323
1324
1325
1326
1327
1328
1329
1330
1331
1332
1333
1334
1335
1336
1337
1338
1339
1340
1341
1342
1343
1344
1345
1346
1347
1348
1349
1350
1351
1352
1353
1354
1355
1356
1357
1358
1359
1360
1361
1362
1363
1364
1365
1366
1367
1368
1369
1370
1371
1372
1373
1374
1375
1376
1377
1378
1379
1380
1381
1382
1383
1384
1385
1386
1387
1388
1389
1390
1391
1392
1393
1394
1395
1396
1397
1398
1399
1400
1401
1402
1403
1404
1405
1406
1407
1408
1409
1410
1411
1412
1413
1414
1415
1416
1417
1418
1419
1420
1421
1422
1423
1424
1425
1426
1427
1428
1429
1430
1431
1432
1433
1434
1435
1436
1437
1438
1439
1440
1441
1442
1443
1444
1445
1446
1447
1448
1449
1450
1451
1452
1453
1454
1455
1456
1457
1458
1459
1460
1461
1462
1463
1464
1465
1466
1467
1468
1469
1470
1471
1472
1473
1474
1475
1476
1477
1478
1479
1480
1481
1482
1483
1484
1485
1486
1487
1488
1489
1490
1491
1492
1493
1494
1495
1496
1497
1498
1499
1500
1501
1502
1503
1504
1505
1506
1507
1508
1509
1510
1511
1512
1513
1514
1515
1516
1517
1518
1519
1520
1521
1522
1523
1524
1525
1526
1527
1528
1529
1530
1531
1532
1533
1534
1535
1536
1537
1538
1539
1540
1541
1542
1543
1544
1545
1546
1547
1548
1549
1550
1551
1552
1553
1554
1555
1556
1557
1558
1559
1560
1561
1562
1563
1564
1565
1566
1567
1568
1569
1570
1571
1572
1573
1574
1575
1576
1577
1578
1579
1580
1581
1582
1583
1584
1585
1586
1587
1588
1589
1590
1591
1592
1593
1594
1595
1596
1597
1598
1599
1600
1601
1602
1603
1604
1605
1606
1607
1608
1609
1610
1611
1612
1613
1614
1615
1616
1617
1618
1619
1620
1621
1622
1623
1624
1625
1626
1627
1628
1629
1630
1631
1632
1633
1634
1635
1636
1637
1638
1639
1640
1641
1642
1643
1644
1645
1646
1647
1648
1649
1650
1651
1652
1653
1654
1655
1656
1657
1658
1659
1660
1661
1662
1663
1664
1665
1666
1667
1668
1669
1670
1671
1672
1673
1674
1675
1676
1677
1678
1679
1680
1681
1682
1683
1684
1685
1686
1687
1688
1689
1690
1691
1692
1693
1694
1695
1696
1697
1698
1699
1700
1701
1702
1703
1704
1705
1706
1707
1708
1709
1710
1711
1712
1713
1714
1715
1716
1717
1718
1719
1720
1721
1722
1723
1724
1725
1726
1727
1728
1729
1730
1731
1732
1733
1734
1735
1736
1737
1738
1739
1740
1741
1742
1743
1744
1745
1746
1747
1748
1749
1750
1751
1752
1753
1754
1755
1756
1757
1758
1759
1760
1761
1762
1763
1764
1765
1766
1767
1768
1769
1770
1771
1772
1773
1774
1775
1776
1777
1778
1779
1780
1781
1782
1783
1784
1785
1786
1787
1788
1789
1790
1791
1792
1793
1794
1795
1796
1797
1798
1799
1800
1801
1802
1803
1804
1805
1806
1807
1808
1809
1810
1811
1812
1813
1814
1815
1816
1817
1818
1819
1820
1821
1822
1823
1824
1825
1826
1827
1828
1829
1830
1831
1832
1833
1834
1835
1836
1837
1838
1839
1840
1841
1842
1843
1844
1845
1846
1847
1848
1849
1850
1851
1852
1853
1854
1855
1856
1857
1858
1859
1860
1861
1862
1863
1864
1865
1866
1867
1868
1869
1870
1871
1872
1873
1874
1875
1876
1877
1878
1879
1880
1881
1882
1883
1884
1885
1886
1887
1888
1889
1890
1891
1892
1893
1894
1895
1896
1897
1898
1899
1900
1901
1902
1903
1904
1905
1906
1907
1908
1909
1910
1911
1912
1913
1914
1915
1916
1917
1918
1919
1920
1921
1922
1923
1924
1925
1926
1927
1928
1929
1930
1931
1932
1933
1934
1935
1936
1937
1938
1939
1940
1941
1942
1943
1944
1945
1946
1947
1948
1949
1950
1951
1952
1953
1954
1955
1956
1957
1958
1959
1960
1961
1962
1963
1964
1965
1966
1967
1968
1969
1970
1971
1972
1973
1974
1975
1976
1977
1978
1979
1980
1981
1982
1983
1984
1985
1986
1987
1988
1989
1990
1991
1992
1993
1994
1995
1996
1997
1998
1999
2000
2001
2002
2003
2004
2005
2006
2007
2008
2009
2010
2011
2012
2013
2014
2015
2016
2017
2018
2019
2020
2021
2022
2023
2024
2025
2026
2027
2028
2029
2030
2031
2032
2033
2034
2035
2036
2037
2038
2039
2040
2041
2042
2043
2044
2045
2046
2047
2048
2049
2050
2051
2052
2053
2054
2055
2056
2057
2058
2059
2060
2061
2062
2063
2064
2065
2066
2067
2068
2069
2070
2071
2072
2073
2074
2075
2076
2077
2078
2079
2080
2081
2082
2083
2084
2085
2086
2087
2088
2089
2090
2091
2092
2093
2094
2095
2096
2097
2098
2099
2100
2101
2102
2103
2104
2105
2106
2107
2108
2109
2110
2111
2112
2113
2114
2115
2116
2117
2118
2119
2120
2121
2122
2123
2124
2125
2126
2127
2128
2129
2130
2131
2132
2133
2134
2135
2136
2137
2138
2139
2140
2141
2142
2143
2144
2145
2146
2147
2148
2149
2150
2151
2152
2153
2154
2155
2156
2157
2158
2159
2160
2161
2162
2163
2164
2165
2166
2167
2168
2169
2170
2171
2172
2173
2174
2175
2176
2177
2178
2179
2180
2181
2182
2183
2184
2185
2186
2187
2188
2189
2190
2191
2192
2193
2194
2195
2196
2197
2198
2199
2200
2201
2202
2203
2204
2205
2206
2207
2208
2209
2210
2211
2212
2213
2214
2215
2216
2217
2218
2219
2220
2221
2222
2223
2224
2225
2226
2227
2228
2229
2230
2231
2232
2233
2234
2235
2236
2237
2238
2239
2240
2241
2242
2243
2244
2245
2246
2247
2248
2249
2250
2251
2252
2253
2254
2255
2256
2257
2258
2259
2260
2261
2262
2263
2264
2265
2266
2267
2268
2269
2270
2271
2272
2273
2274
2275
2276
2277
2278
2279
2280
2281
2282
2283
2284
2285
2286
2287
2288
2289
2290
2291
2292
2293
2294
2295
2296
2297
2298
2299
2300
2301
2302
2303
2304
2305
2306
2307
2308
2309
2310
2311
2312
2313
2314
2315
2316
2317
2318
2319
2320
2321
2322
2323
2324
2325
2326
2327
2328
2329
2330
2331
2332
2333
2334
2335
2336
2337
2338
2339
2340
2341
2342
2343
2344
2345
2346
2347
2348
2349
2350
2351
2352
2353
2354
2355
2356
2357
2358
2359
2360
2361
2362
2363
2364
2365
2366
2367
2368
2369
2370
2371
2372
2373
2374
2375
2376
2377
2378
2379
2380
2381
2382
2383
2384
2385
2386
2387
2388
2389
2390
2391
2392
2393
2394
2395
2396
2397
2398
2399
2400
2401
2402
2403
2404
2405
2406
2407
2408
2409
2410
2411
2412
2413
2414
2415
2416
2417
2418
2419
2420
2421
2422
2423
2424
2425
2426
2427
2428
2429
2430
2431
2432
2433
2434
2435
2436
2437
2438
2439
2440
2441
2442
2443
2444
2445
2446
2447
2448
2449
2450
2451
2452
2453
2454
2455
2456
2457
2458
2459
2460
2461
2462
2463
2464
2465
2466
2467
2468
2469
2470
2471
2472
2473
2474
2475
2476
2477
2478
2479
2480
2481
2482
2483
2484
2485
2486
2487
2488
2489
2490
2491
2492
2493
2494
2495
2496
2497
2498
2499
2500
2501
2502
2503
2504
2505
2506
2507
2508
2509
2510
2511
2512
2513
2514
2515
2516
2517
2518
2519
2520
2521
2522
2523
2524
2525
2526
2527
2528
2529
2530
2531
2532
2533
2534
2535
2536
2537
2538
2539
2540
2541
2542
2543
2544
2545
2546
2547
2548
2549
2550
2551
2552
2553
2554
2555
2556
2557
2558
2559
2560
2561
2562
2563
2564
2565
2566
2567
2568
2569
2570
2571
2572
2573
2574
2575
2576
2577
2578
2579
2580
2581
2582
2583
2584
2585
2586
2587
2588
2589
2590
2591
2592
2593
2594
2595
2596
2597
2598
2599
2600
2601
2602
2603
2604
2605
2606
2607
2608
2609
2610
2611
2612
2613
2614
2615
2616
2617
2618
2619
2620
2621
2622
2623
2624
2625
2626
2627
2628
2629
2630
2631
2632
2633
2634
2635
2636
2637
2638
2639
2640
2641
2642
2643
2644
2645
2646
2647
2648
2649
2650
2651
2652
2653
2654
2655
2656
2657
2658
2659
2660
2661
2662
2663
2664
2665
2666
2667
2668
2669
2670
2671
2672
2673
2674
2675
2676
2677
2678
2679
2680
2681
2682
2683
2684
2685
2686
2687
2688
2689
2690
2691
2692
2693
2694
2695
2696
2697
2698
2699
2700
2701
2702
2703
2704
2705
2706
2707
2708
2709
2710
2711
2712
2713
2714
2715
2716
2717
2718
2719
2720
2721
2722
2723
2724
2725
2726
2727
2728
2729
2730
2731
2732
2733
2734
2735
2736
2737
2738
2739
2740
2741
2742
2743
2744
2745
2746
2747
2748
2749
2750
2751
2752
2753
2754
2755
2756
2757
2758
2759
2760
2761
2762
2763
2764
2765
2766
2767
2768
2769
2770
2771
2772
2773
2774
2775
2776
2777
2778
2779
2780
2781
2782
2783
2784
2785
2786
2787
2788
2789
2790
2791
2792
2793
2794
2795
2796
2797
2798
2799
2800
2801
2802
2803
2804
2805
2806
2807
2808
2809
2810
2811
2812
2813
2814
2815
2816
2817
2818
2819
2820
2821
2822
2823
2824
2825
2826
2827
2828
2829
2830
2831
2832
2833
2834
2835
2836
2837
2838
2839
2840
2841
2842
2843
2844
2845
2846
2847
2848
2849
2850
2851
2852
2853
2854
2855
2856
2857
2858
2859
2860
2861
2862
2863
2864
2865
2866
2867
2868
2869
2870
2871
2872
2873
2874
2875
2876
2877
2878
2879
2880
2881
2882
2883
2884
2885
2886
2887
2888
2889
2890
2891
2892
2893
2894
2895
2896
2897
2898
2899
2900
2901
2902
2903
2904
2905
2906
2907
2908
2909
2910
2911
2912
2913
2914
2915
2916
2917
2918
2919
2920
2921
2922
2923
2924
2925
2926
2927
2928
2929
2930
2931
2932
2933
2934
2935
2936
2937
2938
2939
2940
2941
2942
2943
2944
2945
2946
2947
2948
2949
2950
2951
2952
2953
2954
2955
2956
2957
2958
2959
2960
2961
2962
2963
2964
2965
2966
2967
2968
2969
2970
2971
2972
2973
2974
2975
2976
2977
2978
2979
2980
2981
2982
2983
2984
2985
2986
2987
2988
2989
2990
2991
2992
2993
2994
2995
2996
2997
2998
2999
3000
3001
3002
3003
3004
3005
3006
3007
3008
3009
3010
3011
3012
3013
3014
3015
3016
3017
3018
3019
3020
3021
3022
3023
3024
3025
3026
3027
3028
3029
3030
3031
3032
3033
3034
3035
3036
3037
3038
3039
3040
3041
3042
3043
3044
3045
3046
3047
3048
3049
3050
3051
3052
3053
3054
3055
3056
3057
3058
3059
3060
3061
3062
3063
3064
3065
3066
3067
3068
3069
3070
3071
3072
3073
3074
3075
3076
3077
3078
3079
3080
3081
3082
3083
3084
3085
3086
3087
3088
3089
3090
3091
3092
3093
3094
3095
3096
3097
3098
3099
3100
3101
3102
3103
3104
3105
3106
3107
3108
3109
3110
3111
3112
3113
3114
3115
3116
3117
3118
3119
3120
3121
3122
3123
3124
3125
3126
3127
3128
3129
3130
3131
3132
3133
3134
3135
3136
3137
3138
3139
3140
3141
3142
3143
3144
3145
3146
3147
3148
3149
3150
3151
3152
3153
3154
3155
3156
3157
3158
3159
3160
3161
3162
3163
3164
3165
3166
3167
3168
3169
3170
3171
3172
3173
3174
3175
3176
3177
3178
3179
3180
3181
3182
3183
3184
3185
3186
3187
3188
3189
3190
3191
3192
3193
3194
3195
3196
3197
3198
3199
3200
3201
3202
3203
3204
3205
3206
3207
3208
3209
3210
3211
3212
3213
3214
3215
3216
3217
3218
3219
3220
3221
3222
3223
3224
3225
3226
3227
3228
3229
3230
3231
3232
3233
3234
3235
3236
3237
3238
3239
3240
3241
3242
3243
3244
3245
3246
3247
3248
3249
3250
3251
3252
3253
3254
3255
3256
3257
3258
3259
3260
3261
3262
3263
3264
3265
3266
3267
3268
3269
3270
3271
3272
3273
3274
3275
3276
3277
3278
3279
3280
3281
3282
3283
3284
3285
3286
3287
3288
3289
3290
3291
3292
3293
3294
3295
3296
3297
3298
3299
3300
3301
3302
3303
3304
3305
3306
3307
3308
3309
3310
3311
3312
3313
3314
3315
3316
3317
3318
3319
3320
3321
3322
3323
3324
3325
3326
3327
3328
3329
3330
3331
3332
3333
3334
3335
3336
3337
3338
3339
3340
3341
3342
3343
3344
3345
3346
3347
3348
3349
3350
3351
3352
3353
3354
3355
3356
3357
3358
3359
3360
3361
3362
3363
3364
3365
3366
3367
3368
3369
3370
3371
3372
3373
3374
3375
3376
3377
3378
3379
3380
3381
3382
3383
3384
3385
3386
3387
3388
3389
3390
3391
3392
3393
3394
3395
3396
3397
3398
3399
3400
3401
3402
3403
3404
3405
3406
3407
3408
3409
3410
3411
3412
3413
3414
3415
3416
3417
3418
3419
3420
3421
3422
3423
3424
3425
3426
3427
3428
3429
3430
3431
3432
3433
3434
3435
3436
3437
3438
3439
3440
3441
3442
3443
3444
3445
3446
3447
3448
3449
3450
3451
3452
3453
3454
3455
3456
3457
3458
3459
3460
3461
3462
3463
3464
3465
3466
3467
3468
3469
3470
3471
3472
3473
3474
3475
3476
3477
3478
3479
3480
3481
3482
3483
3484
3485
3486
3487
3488
3489
3490
3491
3492
3493
3494
3495
3496
3497
3498
3499
3500
3501
3502
3503
3504
3505
3506
3507
3508
3509
3510
3511
3512
3513
3514
3515
3516
3517
3518
3519
3520
3521
3522
3523
3524
3525
3526
3527
3528
3529
3530
3531
3532
3533
3534
3535
3536
3537
3538
3539
3540
3541
3542
3543
3544
3545
3546
3547
3548
3549
3550
3551
3552
3553
3554
3555
3556
3557
3558
3559
3560
3561
3562
3563
3564
3565
3566
3567
3568
3569
3570
3571
3572
3573
3574
3575
3576
3577
3578
3579
3580
3581
3582
3583
3584
3585
3586
3587
3588
3589
3590
3591
3592
3593
3594
3595
3596
3597
3598
3599
3600
3601
3602
3603
3604
3605
3606
3607
3608
3609
3610
3611
3612
3613
3614
3615
3616
3617
3618
3619
3620
3621
3622
3623
3624
3625
3626
3627
3628
3629
3630
3631
3632
3633
3634
3635
3636
3637
3638
3639
3640
3641
3642
3643
3644
3645
3646
3647
3648
3649
3650
3651
3652
3653
3654
3655
3656
3657
3658
3659
3660
3661
3662
3663
3664
3665
3666
3667
3668
3669
3670
3671
3672
3673
3674
3675
3676
3677
3678
3679
3680
3681
3682
3683
3684
3685
3686
3687
3688
3689
3690
3691
3692
3693
3694
3695
3696
3697
3698
3699
3700
3701
3702
3703
3704
3705
3706
3707
3708
3709
3710
3711
3712
3713
3714
3715
3716
3717
3718
3719
3720
3721
3722
3723
3724
3725
3726
3727
3728
3729
3730
3731
3732
3733
3734
3735
3736
3737
3738
3739
3740
3741
3742
3743
3744
3745
3746
3747
3748
3749
3750
3751
3752
3753
3754
3755
3756
3757
3758
3759
3760
3761
3762
3763
3764
3765
3766
3767
3768
3769
3770
3771
3772
3773
3774
3775
3776
3777
3778
3779
3780
3781
3782
3783
3784
3785
3786
3787
3788
3789
3790
3791
3792
3793
3794
3795
3796
3797
3798
3799
3800
3801
3802
3803
3804
3805
3806
3807
3808
3809
3810
3811
3812
3813
3814
3815
3816
3817
3818
3819
3820
3821
3822
3823
3824
3825
3826
3827
3828
3829
3830
3831
3832
3833
3834
3835
3836
3837
3838
3839
3840
3841
3842
3843
3844
3845
3846
3847
3848
3849
3850
3851
3852
3853
3854
3855
3856
3857
3858
3859
3860
3861
3862
3863
3864
3865
3866
3867
3868
3869
3870
3871
3872
3873
3874
3875
3876
3877
3878
3879
3880
3881
3882
3883
3884
3885
3886
3887
3888
3889
3890
3891
3892
3893
3894
3895
3896
3897
3898
3899
3900
3901
3902
3903
3904
3905
3906
3907
3908
3909
3910
3911
3912
3913
3914
3915
3916
3917
3918
3919
3920
3921
3922
3923
3924
3925
3926
3927
3928
3929
3930
3931
3932
3933
3934
3935
3936
3937
3938
3939
3940
3941
3942
3943
3944
3945
3946
3947
3948
3949
3950
3951
3952
3953
3954
3955
3956
3957
3958
3959
3960
3961
3962
3963
3964
3965
3966
3967
3968
3969
3970
3971
3972
3973
3974
3975
3976
3977
3978
3979
3980
3981
3982
3983
3984
3985
3986
3987
3988
3989
3990
3991
3992
3993
3994
3995
3996
3997
3998
3999
4000
4001
4002
4003
4004
4005
4006
4007
4008
4009
4010
4011
4012
4013
4014
4015
4016
4017
4018
4019
4020
4021
4022
4023
4024
4025
4026
4027
4028
4029
4030
4031
4032
4033
4034
4035
4036
4037
4038
4039
4040
4041
4042
4043
4044
4045
4046
4047
4048
4049
4050
4051
4052
4053
4054
4055
4056
4057
4058
4059
4060
4061
4062
4063
4064
4065
4066
4067
4068
4069
4070
4071
4072
4073
4074
4075
4076
4077
4078
4079
4080
4081
4082
4083
4084
4085
4086
4087
4088
4089
4090
4091
4092
4093
4094
4095
4096
4097
4098
4099
4100
4101
4102
4103
4104
4105
4106
4107
4108
4109
4110
4111
4112
4113
4114
4115
4116
4117
4118
4119
4120
4121
4122
4123
4124
4125
4126
4127
4128
4129
4130
4131
4132
4133
4134
4135
4136
4137
4138
4139
4140
4141
4142
4143
4144
4145
4146
4147
4148
4149
4150
4151
4152
4153
4154
4155
4156
4157
4158
4159
4160
4161
4162
4163
4164
4165
4166
4167
4168
4169
4170
4171
4172
4173
4174
4175
4176
4177
4178
4179
4180
4181
4182
4183
4184
4185
4186
4187
4188
4189
4190
4191
4192
4193
4194
4195
4196
4197
4198
4199
4200
4201
4202
4203
4204
4205
4206
4207
4208
4209
4210
4211
4212
4213
4214
4215
4216
4217
4218
4219
4220
4221
4222
4223
4224
4225
4226
4227
4228
4229
4230
4231
4232
4233
4234
4235
4236
4237
4238
4239
4240
4241
4242
4243
4244
4245
4246
4247
4248
4249
4250
4251
4252
4253
4254
4255
4256
4257
4258
4259
4260
4261
4262
4263
4264
4265
4266
4267
4268
4269
4270
4271
4272
4273
4274
4275
4276
4277
4278
4279
4280
4281
4282
4283
4284
4285
4286
4287
4288
4289
4290
4291
4292
4293
4294
4295
4296
4297
4298
4299
4300
4301
4302
4303
4304
4305
4306
4307
4308
4309
4310
4311
4312
4313
4314
4315
4316
4317
4318
4319
4320
4321
4322
4323
4324
4325
4326
4327
4328
4329
4330
4331
4332
4333
4334
4335
4336
4337
4338
4339
4340
4341
4342
4343
4344
4345
4346
4347
4348
4349
4350
4351
4352
4353
4354
4355
4356
4357
4358
4359
4360
4361
4362
4363
4364
4365
4366
4367
4368
4369
4370
4371
4372
4373
4374
4375
4376
4377
4378
4379
4380
4381
4382
4383
4384
4385
4386
4387
4388
4389
4390
4391
4392
4393
4394
4395
4396
4397
4398
4399
4400
4401
4402
4403
4404
4405
4406
4407
4408
4409
4410
4411
4412
4413
4414
4415
4416
4417
4418
4419
4420
4421
4422
4423
4424
4425
4426
4427
4428
4429
4430
4431
4432
4433
4434
4435
4436
4437
4438
4439
4440
4441
4442
4443
4444
4445
4446
4447
4448
4449
4450
4451
4452
4453
4454
4455
4456
4457
4458
4459
4460
4461
4462
4463
4464
4465
4466
4467
4468
4469
4470
4471
4472
4473
4474
4475
4476
4477
4478
4479
4480
4481
4482
4483
4484
4485
4486
4487
4488
4489
4490
4491
4492
4493
4494
4495
4496
4497
4498
4499
4500
4501
4502
4503
4504
4505
4506
4507
4508
4509
4510
4511
4512
4513
4514
4515
4516
4517
4518
4519
4520
4521
4522
4523
4524
4525
4526
4527
4528
4529
4530
4531
4532
4533
4534
4535
4536
4537
4538
4539
4540
4541
4542
4543
4544
4545
4546
4547
4548
4549
4550
4551
4552
4553
4554
4555
4556
4557
4558
4559
4560
4561
4562
4563
4564
4565
4566
4567
4568
4569
4570
4571
4572
4573
4574
4575
4576
4577
4578
4579
4580
4581
4582
4583
4584
4585
4586
4587
4588
4589
4590
4591
4592
4593
4594
4595
4596
4597
4598
4599
4600
4601
4602
4603
4604
4605
4606
4607
4608
4609
4610
4611
4612
4613
4614
4615
4616
4617
4618
4619
4620
4621
4622
4623
4624
4625
4626
4627
4628
4629
4630
4631
4632
4633
4634
4635
4636
4637
4638
4639
4640
4641
4642
4643
4644
4645
4646
4647
4648
4649
4650
4651
4652
4653
4654
4655
4656
4657
4658
4659
4660
4661
4662
4663
4664
4665
4666
4667
4668
4669
4670
4671
4672
4673
4674
4675
4676
4677
4678
4679
4680
4681
4682
4683
4684
4685
4686
4687
4688
4689
4690
4691
4692
4693
4694
4695
4696
4697
4698
4699
4700
4701
4702
4703
4704
4705
4706
4707
4708
4709
4710
4711
4712
4713
4714
4715
4716
4717
4718
4719
4720
4721
4722
4723
4724
4725
4726
4727
4728
4729
4730
4731
4732
4733
4734
4735
4736
4737
4738
4739
4740
4741
4742
4743
4744
4745
4746
4747
4748
4749
4750
4751
4752
4753
4754
4755
4756
4757
4758
4759
4760
4761
4762
4763
4764
4765
4766
4767
4768
4769
4770
4771
4772
4773
4774
4775
4776
4777
4778
4779
4780
4781
4782
4783
4784
4785
4786
4787
4788
4789
4790
4791
4792
4793
4794
4795
4796
4797
4798
4799
4800
4801
4802
4803
4804
4805
4806
4807
4808
4809
4810
4811
4812
4813
4814
4815
4816
4817
4818
4819
4820
4821
4822
4823
4824
4825
4826
4827
4828
4829
4830
4831
4832
4833
4834
4835
4836
4837
4838
4839
4840
4841
4842
4843
4844
4845
4846
4847
4848
4849
4850
4851
4852
4853
4854
4855
4856
4857
4858
4859
4860
4861
4862
4863
4864
4865
4866
4867
4868
4869
4870
4871
4872
4873
4874
4875
4876
4877
4878
4879
4880
4881
4882
4883
4884
4885
4886
4887
4888
4889
4890
4891
4892
4893
4894
4895
4896
4897
4898
4899
4900
4901
4902
4903
4904
4905
4906
4907
4908
4909
4910
4911
4912
4913
4914
4915
4916
4917
4918
4919
4920
4921
4922
4923
4924
4925
4926
4927
4928
4929
4930
4931
4932
4933
4934
4935
4936
4937
4938
4939
4940
4941
4942
4943
4944
4945
4946
4947
4948
4949
4950
4951
4952
4953
4954
4955
4956
4957
4958
4959
4960
4961
4962
4963
4964
4965
4966
4967
4968
4969
4970
4971
4972
4973
4974
4975
4976
4977
4978
4979
4980
4981
4982
4983
4984
4985
4986
4987
4988
4989
4990
4991
4992
4993
4994
4995
4996
4997
4998
4999
5000
5001
5002
5003
5004
5005
5006
5007
5008
5009
5010
5011
5012
5013
5014
5015
5016
5017
5018
5019
5020
5021
5022
5023
5024
5025
5026
5027
5028
5029
5030
5031
5032
5033
5034
5035
5036
5037
5038
5039
5040
5041
5042
5043
5044
5045
5046
5047
5048
5049
5050
5051
5052
5053
5054
5055
5056
5057
5058
5059
5060
5061
5062
5063
5064
5065
5066
5067
5068
5069
5070
5071
5072
5073
5074
5075
5076
5077
5078
5079
5080
5081
5082
5083
5084
5085
5086
5087
5088
5089
5090
5091
5092
5093
5094
5095
5096
5097
5098
5099
5100
5101
5102
5103
5104
5105
5106
5107
5108
5109
5110
5111
5112
5113
5114
5115
5116
5117
5118
5119
5120
5121
5122
5123
5124
5125
5126
5127
5128
5129
5130
5131
5132
5133
5134
5135
5136
5137
5138
5139
5140
5141
5142
5143
5144
5145
5146
5147
5148
5149
5150
5151
5152
5153
5154
5155
5156
5157
5158
5159
5160
5161
5162
5163
5164
5165
5166
5167
5168
5169
5170
5171
5172
5173
5174
5175
5176
5177
5178
5179
5180
5181
5182
5183
5184
5185
5186
5187
5188
5189
5190
5191
5192
5193
5194
5195
5196
5197
5198
5199
5200
5201
5202
5203
5204
5205
5206
5207
5208
5209
5210
5211
5212
5213
5214
5215
5216
5217
5218
5219
5220
5221
5222
5223
5224
5225
5226
5227
5228
5229
5230
5231
5232
5233
5234
5235
5236
5237
5238
5239
5240
5241
5242
5243
5244
5245
5246
5247
5248
5249
5250
5251
5252
5253
5254
5255
5256
5257
5258
5259
5260
5261
5262
5263
5264
5265
5266
5267
5268
5269
5270
5271
5272
5273
5274
5275
5276
5277
5278
5279
5280
5281
5282
5283
5284
5285
5286
5287
5288
5289
5290
5291
5292
5293
5294
5295
5296
5297
5298
5299
5300
5301
5302
5303
5304
5305
5306
5307
5308
5309
5310
5311
5312
5313
5314
5315
5316
5317
5318
5319
5320
5321
5322
5323
5324
5325
5326
5327
5328
5329
5330
5331
5332
5333
5334
5335
5336
5337
5338
5339
5340
5341
5342
5343
5344
5345
5346
5347
5348
5349
5350
5351
5352
5353
5354
5355
5356
5357
5358
5359
5360
5361
5362
5363
5364
5365
5366
5367
5368
5369
5370
5371
5372
5373
5374
5375
5376
5377
5378
5379
5380
5381
5382
5383
5384
5385
5386
5387
5388
5389
5390
5391
5392
5393
5394
5395
5396
5397
5398
5399
5400
5401
5402
5403
5404
5405
5406
5407
5408
5409
5410
5411
5412
5413
5414
5415
5416
5417
5418
5419
5420
5421
5422
5423
5424
5425
5426
5427
5428
5429
5430
5431
5432
5433
5434
5435
5436
5437
5438
5439
5440
5441
5442
5443
5444
5445
5446
5447
5448
5449
5450
5451
5452
5453
5454
5455
5456
5457
5458
5459
5460
5461
5462
5463
5464
5465
5466
5467
5468
5469
5470
5471
5472
5473
5474
5475
5476
5477
5478
5479
5480
5481
5482
5483
5484
5485
5486
5487
5488
5489
5490
5491
5492
5493
5494
5495
5496
5497
5498
5499
5500
5501
5502
5503
5504
5505
5506
5507
5508
5509
5510
5511
5512
5513
5514
5515
5516
5517
5518
5519
5520
5521
5522
5523
5524
5525
5526
5527
5528
5529
5530
5531
5532
5533
5534
5535
5536
5537
5538
5539
5540
5541
5542
5543
5544
5545
5546
5547
5548
5549
5550
5551
5552
5553
5554
5555
5556
5557
5558
5559
5560
5561
5562
5563
5564
5565
5566
5567
5568
5569
5570
5571
5572
5573
5574
5575
5576
5577
5578
5579
5580
5581
5582
5583
5584
5585
5586
5587
5588
5589
5590
5591
5592
5593
5594
5595
5596
5597
5598
5599
5600
5601
5602
5603
5604
5605
5606
5607
5608
5609
5610
5611
5612
5613
5614
5615
5616
5617
5618
5619
5620
5621
5622
5623
5624
5625
5626
5627
5628
5629
5630
5631
5632
5633
5634
5635
5636
5637
5638
5639
5640
5641
5642
5643
5644
5645
5646
5647
5648
5649
5650
5651
5652
5653
5654
5655
5656
5657
5658
5659
5660
5661
5662
5663
5664
5665
5666
5667
5668
5669
5670
5671
5672
5673
5674
5675
5676
5677
5678
5679
5680
5681
5682
5683
5684
5685
5686
5687
5688
5689
5690
5691
5692
5693
5694
5695
5696
5697
5698
5699
5700
5701
5702
5703
5704
5705
5706
5707
5708
5709
5710
5711
5712
5713
5714
5715
5716
5717
5718
5719
5720
5721
5722
5723
5724
5725
5726
5727
5728
5729
5730
5731
5732
5733
5734
5735
5736
5737
5738
5739
5740
5741
5742
5743
5744
5745
5746
5747
5748
5749
5750
5751
5752
5753
5754
5755
5756
5757
5758
5759
5760
5761
5762
5763
5764
5765
5766
5767
5768
5769
5770
5771
5772
5773
5774
5775
5776
5777
5778
5779
5780
5781
5782
5783
5784
5785
5786
5787
5788
5789
5790
5791
5792
5793
5794
5795
5796
5797
5798
5799
5800
5801
5802
5803
5804
5805
5806
5807
5808
5809
5810
5811
5812
5813
5814
5815
5816
5817
5818
5819
5820
5821
5822
5823
5824
5825
5826
5827
5828
5829
5830
5831
5832
5833
5834
5835
5836
5837
5838
5839
5840
5841
5842
5843
5844
5845
5846
5847
5848
5849
5850
5851
5852
5853
5854
5855
5856
5857
5858
5859
5860
5861
5862
5863
5864
5865
5866
5867
5868
5869
5870
5871
5872
5873
5874
5875
5876
5877
5878
5879
5880
5881
5882
5883
5884
5885
5886
5887
5888
5889
5890
5891
5892
5893
5894
5895
5896
5897
5898
5899
5900
5901
5902
5903
5904
5905
5906
5907
5908
5909
5910
5911
5912
5913
5914
5915
5916
5917
5918
5919
5920
5921
5922
5923
5924
5925
5926
5927
5928
5929
5930
5931
5932
5933
5934
5935
5936
5937
5938
5939
5940
5941
5942
5943
5944
5945
5946
5947
5948
5949
5950
5951
5952
5953
5954
5955
5956
5957
5958
5959
5960
5961
5962
5963
5964
5965
5966
5967
5968
5969
5970
5971
5972
5973
5974
5975
5976
5977
5978
5979
5980
5981
5982
5983
5984
5985
5986
5987
5988
5989
5990
5991
5992
5993
5994
5995
5996
5997
5998
5999
6000
6001
6002
6003
6004
6005
6006
6007
6008
6009
6010
6011
6012
6013
6014
6015
6016
6017
6018
6019
6020
6021
6022
6023
6024
6025
6026
6027
6028
6029
6030
6031
6032
6033
6034
6035
6036
6037
6038
6039
6040
6041
6042
6043
6044
6045
6046
6047
6048
6049
6050
6051
6052
6053
6054
6055
6056
6057
6058
6059
6060
6061
6062
6063
6064
6065
6066
6067
6068
6069
6070
6071
6072
6073
6074
6075
6076
6077
6078
6079
6080
6081
6082
6083
6084
6085
6086
6087
6088
6089
6090
6091
6092
6093
6094
6095
6096
6097
6098
6099
6100
6101
6102
6103
6104
6105
6106
6107
6108
6109
6110
6111
6112
6113
6114
6115
6116
6117
6118
6119
6120
6121
6122
6123
6124
6125
6126
6127
6128
6129
6130
6131
6132
6133
6134
6135
6136
6137
6138
6139
6140
6141
6142
6143
6144
6145
6146
6147
6148
6149
6150
6151
6152
6153
6154
6155
6156
6157
6158
6159
6160
6161
6162
6163
6164
6165
6166
6167
6168
6169
6170
6171
6172
6173
6174
6175
6176
6177
6178
6179
6180
6181
6182
6183
6184
6185
6186
6187
6188
6189
6190
6191
6192
6193
6194
6195
6196
6197
6198
6199
6200
6201
6202
6203
6204
6205
6206
6207
6208
6209
6210
6211
6212
6213
6214
6215
6216
6217
6218
6219
6220
6221
6222
6223
6224
6225
6226
6227
6228
6229
6230
6231
6232
6233
6234
6235
6236
6237
6238
6239
6240
6241
6242
6243
6244
6245
6246
6247
6248
6249
6250
6251
6252
6253
6254
6255
6256
6257
6258
6259
6260
6261
6262
6263
6264
6265
6266
6267
6268
6269
6270
6271
6272
6273
6274
6275
6276
6277
6278
6279
6280
6281
6282
6283
6284
6285
6286
6287
6288
6289
6290
6291
6292
6293
6294
6295
6296
6297
6298
6299
6300
6301
6302
6303
6304
6305
6306
6307
6308
6309
6310
6311
6312
6313
6314
6315
6316
6317
6318
6319
6320
6321
6322
6323
6324
6325
6326
6327
6328
6329
6330
6331
6332
6333
6334
6335
6336
6337
6338
6339
6340
6341
6342
6343
6344
6345
6346
6347
6348
6349
6350
6351
6352
6353
6354
6355
6356
6357
6358
6359
6360
6361
6362
6363
6364
6365
6366
6367
6368
6369
6370
6371
6372
6373
6374
6375
6376
6377
6378
6379
6380
6381
6382
6383
6384
6385
6386
6387
6388
6389
6390
6391
6392
6393
6394
6395
6396
6397
6398
6399
6400
6401
6402
6403
6404
6405
6406
6407
6408
6409
6410
6411
6412
6413
6414
6415
6416
6417
6418
6419
6420
6421
6422
6423
6424
6425
6426
6427
6428
6429
6430
6431
6432
6433
6434
6435
6436
6437
6438
6439
6440
6441
6442
6443
6444
6445
6446
6447
6448
6449
6450
6451
6452
6453
6454
6455
6456
6457
6458
6459
6460
6461
6462
6463
6464
6465
6466
6467
6468
6469
6470
6471
6472
6473
6474
6475
6476
6477
6478
6479
6480
6481
6482
6483
6484
6485
6486
6487
6488
6489
6490
6491
6492
6493
6494
6495
6496
6497
6498
6499
6500
6501
6502
6503
6504
6505
6506
6507
6508
6509
6510
6511
6512
6513
6514
6515
6516
6517
6518
6519
6520
6521
6522
6523
6524
6525
6526
6527
6528
6529
6530
6531
6532
6533
6534
6535
6536
6537
6538
6539
6540
6541
6542
6543
6544
6545
6546
6547
6548
6549
6550
6551
6552
6553
6554
6555
6556
6557
6558
6559
6560
6561
6562
6563
6564
6565
6566
6567
6568
6569
6570
6571
6572
6573
6574
6575
6576
6577
6578
6579
6580
6581
6582
6583
6584
6585
6586
6587
6588
6589
6590
6591
6592
6593
6594
6595
6596
6597
6598
6599
6600
6601
6602
6603
6604
6605
6606
6607
6608
6609
6610
6611
6612
6613
6614
6615
6616
6617
6618
6619
6620
6621
6622
6623
6624
6625
6626
6627
6628
6629
6630
6631
6632
6633
6634
6635
6636
6637
6638
6639
6640
6641
6642
6643
6644
6645
6646
6647
6648
6649
6650
6651
6652
6653
6654
6655
6656
6657
6658
6659
6660
6661
6662
6663
6664
6665
6666
6667
6668
6669
6670
6671
6672
6673
6674
6675
6676
6677
6678
6679
6680
6681
6682
6683
6684
6685
6686
6687
6688
6689
6690
6691
6692
6693
6694
6695
6696
6697
6698
6699
6700
6701
6702
6703
6704
6705
6706
6707
6708
6709
6710
6711
6712
6713
6714
6715
6716
6717
6718
6719
6720
6721
6722
6723
6724
6725
6726
6727
6728
6729
6730
6731
6732
6733
6734
6735
6736
6737
6738
6739
6740
6741
6742
6743
6744
6745
6746
6747
6748
6749
6750
6751
6752
6753
6754
6755
6756
6757
6758
6759
6760
6761
6762
6763
6764
6765
6766
6767
6768
6769
6770
6771
6772
6773
6774
6775
6776
6777
6778
6779
6780
6781
6782
6783
6784
6785
6786
6787
6788
6789
6790
6791
6792
6793
6794
6795
6796
6797
6798
6799
6800
6801
6802
6803
6804
6805
6806
6807
6808
6809
6810
6811
6812
6813
6814
6815
6816
6817
6818
6819
6820
6821
6822
6823
6824
6825
6826
6827
6828
6829
6830
6831
6832
6833
6834
6835
6836
6837
6838
6839
6840
6841
6842
6843
6844
6845
6846
6847
6848
6849
6850
6851
6852
6853
6854
6855
6856
6857
6858
6859
6860
6861
6862
6863
6864
-0.0889754418 0.05 0.2633797878
-0.0880900132 0.0500475946 0.2606677367
-0.0641855856 0.2046875 0.3085617699
-0.06328862859999999 0.2047057019 0.3053743649
-0.0871400232 0.0500997038 0.2576155743
-0.0623345727 0.2047256325 0.3017919236
-0.0861301433 0.0501564696 0.2541839842
-0.0613312779 0.204747347 0.2977700042
-0.0850686247 0.0502179488 0.2503300263
-0.0602910812 0.2047708682 0.2932603865
-0.0839683014 0.0502840818 0.2460070852
-0.0592319946 0.2047961747 0.2882111128
-0.0828478756 0.0503546495 0.241165233
-0.0581791987 0.2048231845 0.2825669939
-0.0817312922 0.0504293335 0.235745758
-0.0571647923 0.2048517762 0.27626352
-0.0806519933 0.0505075216 0.2296894333
-0.0562320254 0.2048817182 0.269236583
-0.0796590495 0.0505880174 0.2229500588
-0.0554418007 0.2049125591 0.2614382073
-0.078819546 0.050669004 0.2154891654
-0.0548758894 0.2049436144 0.2528302041
-0.0782336835 0.0507478251 0.2072414481
-0.0546570312 0.204973883 0.2433465568
-0.0779087854 0.0508244961 0.1981735917
-0.0547969417 0.2050033555 0.232952152
-0.0778676819 0.050898414 0.1882704062
-0.0553255902 0.2050317857 0.2216316376
-0.0781538658 0.0509685124 0.1774917357
-0.0562980112 0.2050587572 0.2093446115
-0.0786609472 0.0510381892 0.1658281793
-0.057592062 0.2050855185 0.1960722481
-0.0793486705 0.0511088399 0.1532611823
-0.0591643856 0.2051125625 0.1817913326
-0.0801055614 0.0511839746 0.1397877195
-0.0608862302 0.2051411832 0.1664893725
-0.0808116915 0.0512672837 0.1254162475
-0.06261722090000001 0.2051727512 0.1501660847
-0.08142601050000001 0.0513598203 0.1101783058
-0.0643066657 0.205207666 0.1328534518
-0.08195042869999999 0.0514611459 0.09412554369999999
-0.0659503597 0.2052457967 0.1146090084
-0.0824845788 0.0515676019 0.07733172889999999
-0.0676586023 0.205285798 0.09552310529999999
-0.0832327538 0.0516720915 0.0598929843
-0.0696572003 0.2053250973 0.07571915360000001
-0.0844786278 0.0517648172 0.0419349448
-0.07226633389999999 0.2053600821 0.0553611944
-0.086537802 0.0518346815 0.0236243569
-0.0758411873 0.2053866481 0.0346637729
-0.0896873549 0.0518714508 0.0051744801
-0.0806912942 0.2054009833 0.0138934702
-0.0940811481 0.0518685241 -0.0131710643
-0.0869832347 0.2054005912 -0.0066559995
-0.0946684391 0.2053851656 -0.0267211017
-0.0996858508 0.0518252618 -0.0311828557
-0.1034933366 0.2053566649 -0.0461270713
-0.1062867299 0.0517471736 -0.0486960451
-0.1130804827 0.2053185659 -0.0648032045
-0.1135574471 0.0516438586 -0.0656272562
-0.1229952597 0.2052751609 -0.0827659283
-0.1211200677 0.0515270439 -0.0819631182
-0.1328365468 0.2052305202 -0.1000673566
-0.1286262215 0.0514077614 -0.0977215951
-0.1422927677 0.2051877899 -0.1167432602
-0.1358091228 0.0512944202 -0.1129111179
-0.151138364 0.2051491914 -0.1328010905
-0.1424797953 0.0511928582 -0.1275214589
-0.1592611676 0.2051157049 -0.148203275
-0.1485509604 0.0511055021 -0.1415111616
-0.1666508935 0.2050872214 -0.1628801592
-0.154024123 0.0510318513 -0.1548183744
-0.1733746688 0.2050628374 -0.1767489528
-0.1589667036 0.0509692992 -0.1673753306
-0.1795417766 0.2050412597 -0.1897338569
-0.1634804897 0.0509142288 -0.1791231055
-0.1852721115 0.2050211469 -0.2017774654
-0.1676730221 0.0508629675 -0.1900197162
-0.1906752902 0.2050013238 -0.2128444601
-0.1716410369 0.050812314 -0.2000413729
-0.1958264099 0.2049810359 -0.2229276074
-0.1754493479 0.0507602268 -0.2091862294
-0.2007736321 0.2049598556 -0.2320406181
-0.1791347105 0.0507056726 -0.2174702036
-0.2055360668 0.2049376991 -0.2402179949
-0.1827109369 0.0506484431 -0.2249238128
-0.2101136773 0.2049147173 -0.2475102758
-0.1861736592 0.0505889904 -0.2315900666
-0.2144994439 0.2048911565 -0.2539768436
-0.1895103444 0.0505280812 -0.2375200268
-0.2186829157 0.204867314 -0.2596834524
-0.1927083853 0.050466512 -0.242768529
-0.2226592867 0.2048434228 -0.2646927334
-0.1957599297 0.0504049198 -0.2473889291
-0.2264313316 0.2048196221 -0.2690609283
-0.1986659592 0.0503436272 -0.251429368
-0.2300136518 0.2047958934 -0.2728300698
-0.2014393576 0.0502825072 -0.2549275324
-0.233437799 0.2047719798 -0.2760178031
-0.2041096397 0.0502207697 -0.2579015903
-0.2367718052 0.2047470707 -0.2785750195
-0.2067402445 0.0501561687 -0.2603159512
-0.2401206241 0.2047195652 -0.2803077044
-0.2094334912 0.0500843522 -0.2620137207
-0.2434625037 0.2046875 -0.2804835267
-0.2122128645 0.05 -0.2623697131
-0.215063975 0.0499048107 -0.2615541341
-0.2467991393 0.2046515074 -0.2793209932
-0.2181459146 0.0497990454 -0.260281284
-0.2503695978 0.2046117034 -0.2776449311
-0.2214038573 0.0496837777 -0.2584636698
-0.2541043372 0.2045684257 -0.2753397426
-0.2247537214 0.0495607142 -0.2559752639
-0.2578968354 0.2045222871 -0.27226156
-0.2280788354 0.0494327276 -0.2527100102
-0.2616051707 0.2044743276 -0.2682938226
-0.2312454642 0.0493034232 -0.2485889535
-0.2650684949 0.2044258796 -0.2633566033
-0.2341331601 0.0491763261 -0.2435788993
-0.2681445907 0.2043782449 -0.2574208233
-0.2366695832 0.049053728 -0.2376836793
-0.270747673 0.2043322872 -0.250495521
-0.23883536 0.0489363147 -0.2309141685
-0.2728590653 0.2042882452 -0.2425995727
-0.2406792893 0.048822683 -0.223287213
-0.274534568 0.2042456207 -0.2337487838
-0.2422762813 0.0487104699 -0.2148002239
-0.2758610532 0.2042035439 -0.2239359344
-0.2437214884 0.048596598 -0.2054395069
-0.2769488439 0.2041608735 -0.2131391771
-0.2451055487 0.0484780765 -0.1951839757
-0.2779025326 0.2041164974 -0.2013278079
-0.2464901885 0.0483527968 -0.1840094428
-0.2787926433 0.2040696309 -0.1884692758
-0.2478993189 0.0482198531 -0.1718944366
-0.2796477589 0.2040199156 -0.1745366016
-0.2492990255 0.0480801827 -0.1588220405
-0.28042928 0.2039676758 -0.1595118586
-0.2505866962 0.0479369331 -0.1447836795
-0.2810200812 0.2039140454 -0.1433915318
-0.2515941301 0.0477954157 -0.1297859479
-0.2812268735 0.2038609673 -0.1261943631
-0.2520822272 0.0476633562 -0.1138622318
-0.2807757549 0.2038112794 -0.1079754649
-0.2517761097 0.0475498999 -0.0970867651
-0.2793516348 0.2037683711 -0.088840636
-0.2504072018 0.047464395 -0.07958839500000001
-0.2766488071 0.2037357292 -0.0689594934
-0.2477811052 0.0474142287 -0.0615450093
-0.2724494753 0.2037161367 -0.0485539531
-0.2438442023 0.0474025439 -0.0431563788
-0.2666988071 0.2037108325 -0.0278618079
-0.2387116958 0.0474270704 -0.0246044726
-0.2595355822 0.2037190651 -0.0070871061
-0.232626554 0.0474811751 -0.0060213952
-0.2512425818 0.2037384745 0.0136343675
-0.2259269445 0.0475548609 0.0125132657
-0.2422110972 0.2037654328 0.0342373749
-0.2328266683 0.2037962817 0.0546862329
-0.2189453336 0.047638135 0.0309436308
-0.2234230824 0.2038278892 0.07493868889999999
-0.211965318 0.047722565 0.0492095879
-0.2142476156 0.2038580638 0.0949207911
-0.2051905227 0.0478023861 0.0672284638
-0.2054275696 0.2038859227 0.1145124106
-0.1987166303 0.047875446 0.0848855139
-0.1969784689 0.2039117781 0.1335584731
-0.1925414241 0.0479428197 0.1020436194
-0.1888351371 0.2039367719 0.1518898169
-0.186592305 0.0480078362 0.1185586022
-0.1808902652 0.2039624418 0.1693420104
-0.1807637846 0.0480747995 0.1342936579
-0.1730367669 0.2039902637 0.1857704805
-0.1749532028 0.0481477984 0.1491292421
-0.1651977305 0.2040213298 0.2010599955
-0.1690906269 0.0482297143 0.1629708208
-0.1573532035 0.2040560422 0.2151408111
-0.1631545112 0.0483216609 0.1757584756
-0.1495032561 0.2040945205 0.2279720785
-0.1571455811 0.0484238736 0.1874570119
-0.141682762 0.2041364906 0.2395310398
-0.1510956444 0.0485355081 0.198045836
-0.133978978 0.2041809084 0.2498824677
-0.1450830803 0.0486537443 0.2075750953
-0.1264357813 0.2042273217 0.2590340753
-0.1391485347 0.048777275 0.216049638
-0.1191445162 0.2042744599 0.2671135794
-0.1333761984 0.0489026999 0.223573885
-0.1121576482 0.2043217199 0.2741516727
-0.1278119984 0.0490284012 0.2301725073
-0.1055177908 0.2043682877 0.2802824774
-0.1224996218 0.0491521912 0.2359574203
-0.0992729646 0.2044133972 0.2856063113
-0.1174834057 0.0492720578 0.2410138107
-0.0934531626 0.2044565612 0.2901888855
-0.112791066 0.0493867284 0.2453969648
-0.0880685029 0.2044974271 0.2941157365
-0.1084349571 0.0494952803 0.2491799653
-0.083111662 0.2045357515 0.2974929374
-0.1044137112 0.0495970672 0.2524567938
-0.0785706878 0.2045714087 0.3004021294
-0.100721338 0.0496917604 0.2552978017
-0.0744291416 0.204604361 0.302910032
-0.0973470011 0.0497792622 0.2577625541
-0.0706666167 0.2046346363 0.30507428
-0.09427617369999999 0.0498596494 0.2599025557
-0.0672602026 0.2046623119 0.3069441694
-0.0914918339 0.0499331288 0.2617622224
-0.0346711843 0.359375 0.372900486
-0.0338782831 0.3593518219 0.3691748627
-0.0330476758 0.3593264453 0.3649886072
-0.0321911204 0.3592988009 0.3602901912
-0.0313256407 0.3592688611 0.3550237837
-0.030474867 0.3592366549 0.3491293244
-0.0296706907 0.359202289 0.3425431877
-0.0289532078 0.3591659186 0.3351908318
-0.0283751999 0.3591278416 0.3269983775
-0.0280083649 0.3590886408 0.3179114519
-0.0279472339 0.3590492008 0.3078884948
-0.0283341113 0.3590108152 0.2968570152
-0.0291834332 0.3589734766 0.284773836
-0.0305276749 0.3589374787 0.2716220292
-0.032430277 0.3589033408 0.2573544597
-0.0347512822 0.3588694085 0.2419435786
-0.0374398603 0.3588350022 0.2253590584
-0.0403484002 0.3587984128 0.2075810906
-0.0433164372 0.3587578433 0.18860391
-0.0462849952 0.3587127807 0.1684635649
-0.0492493021 0.3586634386 0.1472288801
-0.0523312485 0.3586115984 0.1250118849
-0.0557885394 0.3585607156 0.1019691057
-0.0599801477 0.358515561 0.0783074936
-0.0653016401 0.3584815384 0.0542931003
-0.07209086169999999 0.358463631 0.0302482721
-0.0805177411 0.3584650534 0.0065182136
-0.0905056221 0.3584861174 -0.0165972349
-0.1017460706 0.3585241402 -0.0389096488
-0.1137939505 0.3585744481 -0.0603545731
-0.1261454878 0.3586313307 -0.080967804
-0.1383405862 0.3586894162 -0.1008225543
-0.1500261297 0.3587446098 -0.1199678304
-0.1609496861 0.3587940686 -0.1384168448
-0.170989457 0.3588366104 -0.1561269434
-0.1801386694 0.3588724789 -0.1730158145
-0.1884772572 0.3589029429 -0.188983952
-0.1961320506 0.3589297636 -0.2039387162
-0.2032399256 0.3589547294 -0.217809139
-0.2099259844 0.3589793989 -0.2305499356
-0.2162760401 0.3590047663 -0.2421494734
-0.2223411719 0.3590313348 -0.2526236686
-0.2281440391 0.3590592061 -0.2620110774
-0.2336849268 0.3590881599 -0.2703694154
-0.2389544224 0.3591178231 -0.2777682396
-0.2439435334 0.3591478079 -0.2842821357
-0.2486493737 0.3591778039 -0.2899830475
-0.253080042 0.3592076543 -0.2949347464
-0.2572579611 0.3592374205 -0.2991854349
-0.2612248774 0.3592674872 -0.3027550463
-0.2650599972 0.359298948 -0.3055873358
-0.2688770203 0.3593339221 -0.3074595124
-0.2726187715 0.359375 -0.3075382821
-0.2762902228 0.3594213546 -0.3060517165
-0.2802036047 0.3594728587 -0.3039255626
-0.2842737415 0.3595289898 -0.3010513609
-0.2883711612 0.3595889168 -0.2972737007
-0.2923259389 0.3596512412 -0.2924683063
-0.2959493142 0.3597142072 -0.2865493125
-0.2990766393 0.3597760984 -0.2794897156
-0.3016123773 0.3598357988 -0.2713048453
-0.3035323501 0.3598929745 -0.2620119023
-0.3049037359 0.3599483088 -0.2516263379
-0.3058256518 0.3600029521 -0.2401341107
-0.3064225312 0.3600584032 -0.2275035684
-0.3068117679 0.3601161182 -0.213693882
-0.3070719206 0.3601771241 -0.1986642
-0.3072317195 0.3602418619 -0.1823826294
-0.3072437428 0.3603098754 -0.1648315134
-0.3069705185 0.360379632 -0.1460139967
-0.306189609 0.3604485455 -0.1259626515
-0.3045882067 0.3605128539 -0.1047556588
-0.3018117513 0.3605681041 -0.08253049630000001
-0.2975217619 0.3606097439 -0.0594962541
-0.2914851899 0.360634176 -0.0359166217
-0.2836590307 0.3606398697 -0.0120644035
-0.2742219576 0.36062793 0.0118351428
-0.2635152694 0.3606015865 0.0356410557
-0.2519992783 0.3605657071 0.0592955863
-0.2401233848 0.3605251573 0.0827716619
-0.2282727063 0.3604840434 0.1060296781
-0.2167293642 0.3604451728 0.1289887557
-0.205636674 0.3604095936 0.1515101477
-0.1950111018 0.360376783 0.1734115308
-0.1847766442 0.3603451201 0.1944912392
-0.1748125635 0.3603125094 0.2145527308
-0.1649994319 0.36027696 0.2334227754
-0.1552577251 0.3602370688 0.2509659694
-0.1455673 0.3601922935 0.2670997243
-0.1359340794 0.3601425194 0.2817774206
-0.1264032006 0.3600881573 0.2949762189
-0.117071666 0.3600305806 0.3067737959
-0.107992757 0.3599704257 0.3171823401
-0.0992635301 0.3599093482 0.3263523991
-0.09094149510000001 0.3598481362 0.3343232235
-0.0830688544 0.3597878547 0.3412495757
-0.0756924622 0.3597294837 0.3472508154
-0.06884132129999999 0.359673643 0.3524042604
-0.06252151540000001 0.3596207819 0.3568086787
-0.0567179523 0.359571215 0.3605886273
-0.0514127354 0.3595251026 0.3638366527
-0.0465830586 0.3594824921 0.3666302874
-0.0422023527 0.3594433461 0.3690358428
-0.038241736 0.3594075641 0.371109867
-0.0011061004 0.5140625 0.4574315189
-0.0002605454 0.5139817296 0.4529713006
0.0006076399 0.5138936758 0.4479645338
0.0014792948 0.5137982395 0.442351379
0.0023278416 0.5136955055 0.4360673485
0.0031174915 0.5135858024 0.4290435002
0.0038012796 0.5134697759 0.4212072223
0.0043142371 0.5133484999 0.4124732804
0.004577077 0.5132235448 0.4027590447
0.004508659 0.5130968724 0.3920097408
0.0040114821 0.5129711537 0.3801857625
0.002907408 0.5128511972000001 0.3672086848
0.0011596637 0.5127377013 0.353037753
-0.0012890403 0.512632328 0.3376577012
-0.0045360719 0.5125377063 0.3210257659
-0.0084824479 0.5124504056 0.3031224548
-0.0131079002 0.5123694782 0.283923172
-0.0183039362 0.5122912925999999 0.2634176544
-0.0239140275 0.5122107051 0.2415976151
-0.0298598762 0.512125591 0.2184965786
-0.0360813588 0.5120347566 0.1941767979
-0.042600506 0.5119401728 0.1687424635
-0.0495326478 0.5118473715 0.1423447623
-0.0570763834 0.5117652244999999 0.1151887454
-0.0654681396 0.5117045057 0.08753637440000001
-0.074920073 0.5116758353999999 0.0597016722
-0.0855380035 0.5116866535 0.0320206511
-0.0972615996 0.5117386769 0.0047988339
-0.1098638031 0.5118272497 -0.0217406043
-0.1230100955 0.5119431072 -0.0474698349
-0.1363093486 0.5120741679 -0.07234366840000001
-0.1493869094 0.5122083963 -0.0963567956
-0.1619359115 0.5123360005000001 -0.1194996572
-0.1737293835 0.5124500022 -0.1417435715
-0.1846416203 0.5125470694000001 -0.1630277269
-0.1946506676 0.5126275365 -0.1832650551
-0.2038154911 0.5126944506 -0.2023600142
-0.2122468105 0.5127524267 -0.2202262607
-0.2200736997 0.5128063899999999 -0.2367994086
-0.2274240067 0.5128609508999999 -0.2520399878
-0.2343957503 0.5129193597 -0.2659407802
-0.2410560948 0.5129835294 -0.2785219555
-0.2474476023 0.5130543577 -0.2898246127
-0.2535842048 0.5131315323 -0.2999113883
-0.2594705841 0.5132143442 -0.3088540254
-0.2651011363 0.5133016239 -0.3167351574
-0.2704774357 0.5133925086 -0.3236306936
-0.275605826 0.5134863507 -0.3296118774
-0.2805069171 0.513583176 -0.3347319643
-0.2852226016 0.5136841034 -0.339010357
-0.289836912 0.513792712 -0.3423746602
-0.2944692294 0.5139161798 -0.3445473364
-0.2989992337 0.5140625 -0.3445375477
-0.3033484592 0.51422627 -0.3425849205
-0.3078342413 0.5144052694 -0.3397289953
-0.3123233158 0.5145963047 -0.3358776938
-0.3166982445 0.5147965574 -0.3309501322
-0.3208350514 0.5150028561 -0.3248771162
-0.3245947961 0.5152114046 -0.3176011782
-0.3278434505 0.5154182412 -0.3090918798
-0.3304760437 0.5156200984 -0.2993391915
-0.332424089 0.5158148574 -0.28833558
-0.3336678651 0.5160019828 -0.27607284
-0.3342223649 0.5161821896 -0.2625319841
-0.3341286092 0.516357138 -0.2476846386
-0.3334522024 0.5165293563 -0.2314974715
-0.3322615871 0.5167014859 -0.2139341552
-0.3306100236 0.5168756436 -0.194961365
-0.3285122479 0.5170525825 -0.1745559168
-0.3259113494 0.5172304676 -0.1527176433
-0.3226723995 0.5174045264 -0.1294808886
-0.3185750608 0.5175666284 -0.1049308305
-0.3133480498 0.5177062663000001 -0.0792133758
-0.3067215497 0.517812158 -0.0525430336
-0.2985181075 0.5178755001999999 -0.0251763362
-0.2887226912 0.5178925992 0.002619444
-0.2775161859 0.5178666117 0.0306206074
-0.2652254493 0.5178061882 0.0586691434
-0.2522703814 0.5177237117 0.0866670859
-0.2390415138 0.5176307345 0.11452671
-0.2258480652 0.5175358972 0.1421360149
-0.2128805538 0.5174434554 0.1693366973
-0.2002038518 0.5173530198 0.1959213543
-0.1877922089 0.5172609531 0.2216554485
-0.1755840781 0.5171625141 0.2463091505
-0.1635270445 0.5170536265 0.2696840988
-0.1516134579 0.5169322991999999 0.2916347255
-0.1398781081 0.5167985499 0.3120693626
-0.1283865117 0.5166539843 0.330946136
-0.1172180196 0.5165011502 0.3482639
-0.1064100887 0.5163411268 0.3640121386
-0.09604585 0.5161775136 0.3782671985
-0.0860572298 0.5160077112 0.3909951449
-0.07654748879999999 0.5158369836 0.402357079
-0.06736786710000001 0.5156592397999999 0.4122446125
-0.0585733301 0.5154788935 0.4208779991
-0.0502379083 0.515299324 0.4283398451
-0.0423504166 0.5151198666 0.4346045218
-0.0349320648 0.5149426183 0.439789899
-0.0280289889 0.5147719378 0.4441356344
-0.0216478105 0.5146097316 0.4477830396
-0.015782895 0.5144571971 0.4508472475
-0.0104193684 0.5143150143 0.4534250738
-0.0055357573 0.5141834588999999 0.4555973863
0.0357071816 0.66875 0.5667948964
0.0365058958 0.6686143013 0.5615236151
0.0372997286 0.668467026 0.5556060433
0.0380606897 0.6683082566 0.5489713261
0.0387510922 0.6681384515 0.5415430787
0.0393212679 0.6679585614 0.5332395696
0.039706922 0.6677701672 0.5239741564
0.0398162588 0.6675759487 0.5136462686
0.0395393282 0.6673794565 0.5021540695
0.0387899488 0.6671838624999999 0.489439006
0.0374729188 0.6669932118 0.4754660123
0.0353752822 0.6668163647000001 0.460146323
0.0324337256 0.6666556380000001 0.4434361895
0.0285536917 0.6665155364000001 0.4253274094
0.0236019616 0.6664018781 0.4057795272
0.0176085899 0.6663131327 0.3847897506
0.0105551841 0.6662499092 0.3623418766
0.0024861635 0.6662101884 0.3384450556
-0.0064500303 0.6661865147 0.3130911818
-0.0161517918 0.6661744523000001 0.2863112001
-0.0264856515 0.6661683973 0.2581579679
-0.0373284837 0.6661638867 0.2287188845
-0.0485975524 0.6661593258 0.1981294802
-0.0602572503 0.6661564014 0.1665778823
-0.072313669 0.6661597772 0.1343027588
-0.0847919042 0.6661758199 0.1015847505
-0.0977046761 0.6662107213 0.0687282618
-0.1110155126 0.6662681911 0.0360343633
-0.1246180436 0.6663479423999999 0.0037737627
-0.1383415196 0.6664456959 -0.0278278819
-0.1519663099 0.6665538813 -0.0585932851
-0.1652537976 0.6666632648 -0.0883850328
-0.177981488 0.6667649419 -0.1170911108
-0.1899765912 0.6668522631 -0.1446099851
-0.2011281849 0.666921505 -0.1708466586
-0.2114052192 0.6669728515 -0.1957074837
-0.2208435951 0.6670096235 -0.2191074757
-0.2295303935 0.6670373772 -0.2409772181
-0.2375827549 0.6670627708 -0.2612679241
-0.2451205691 0.6670921205 -0.2799569409
-0.2522526493 0.6671307378 -0.297046724
-0.2590629776 0.6671822616 -0.3125643626
-0.265613941 0.6672489326 -0.3265552677
-0.271938601 0.6673312004 -0.3390838672
-0.2780560546 0.6674286497 -0.350224291
-0.2839689484 0.6675398594 -0.3600613867
-0.2896816084 0.6676635476 -0.3686769115
-0.295202639 0.6677987632 -0.3761460445
-0.3005516206 0.6679453806 -0.3825283765
-0.3057718747 0.6681051435000001 -0.3878451762
-0.3109557096 0.6682842014 -0.3920086362
-0.3162328667 0.668495 -0.3946873713
-0.3214290149 0.66875 -0.3947305332
-0.3263343234 0.6690351852999999 -0.3923397558
-0.3312321909 0.6693437486 -0.3886503486
-0.3359360005 0.6696669895 -0.3836357188
-0.3403537857 0.6699997205 -0.3773319887
-0.3444344204 0.6703391953 -0.3697517045
-0.3481187497 0.6706828943000001 -0.3608734124
-0.3513242151 0.6710274671999999 -0.3506580647
-0.3539412677 0.6713683926 -0.33905801
-0.3558359158 0.6717000013 -0.3260225634
-0.3568757368 0.6720164802 -0.3115131292
-0.3569451113 0.6723126393 -0.2955022793
-0.3559708978 0.6725852396000001 -0.2779702462
-0.3539398779 0.6728339863 -0.2588975498
-0.3509007791 0.6730617521 -0.2382582806
-0.3469334559 0.6732730589 -0.2160201156
-0.342136904 0.6734733169 -0.1921536791
-0.3365646222 0.6736652767 -0.1666525839
-0.3302134807 0.6738482018 -0.139548667
-0.323001961 0.6740165385 -0.1109262138
-0.3147886661 0.6741606721 -0.0809303869
-0.3054215277 0.6742695286 -0.0497574259
-0.2948102553 0.6743344238 -0.017639201
-0.2829861531 0.6743525424 0.0151860321
-0.2701283423 0.6743287811000001 0.0485038317
-0.2565336888 0.6742744019 0.0821308822
-0.2425473636 0.6742033365 0.1158998372
-0.2284598016 0.6741264279 0.1496217689
-0.2144537627 0.6740484693 0.1830667933
-0.2005736152 0.6739665645 0.2159570471
-0.1867571544 0.6738720267 0.2479849113
-0.1729082017 0.6737545659 0.278846537
-0.1589764719 0.673606924 0.308280357
-0.1450019141 0.6734275878 0.3360960455
-0.1311287499 0.673221845 0.3621945074
-0.1175542258 0.6729990025 0.3865537192
-0.1044604741 0.6727683473 0.4091912386
-0.0920294037 0.6725399616 0.4301687366
-0.0802901954 0.6723154494 0.4494953636
-0.0693025813 0.6720989619 0.467237348
-0.0588345263 0.6718772962 0.4832973043
-0.0489925526 0.6716586919 0.4978390906
-0.0393433015 0.6714161742 0.5105541201
-0.0299584112 0.6711586747 0.5217380178
-0.0209429407 0.670891891 0.5314195399
-0.0122278879 0.6706093174 0.5394286597
-0.0038540974 0.6703155221 0.5459052492000001
0.0040484835 0.6700240836 0.5512420914
0.0114383741 0.6697407639 0.5556426376
0.0182964609 0.6694695282999999 0.5592723114
0.0246197175 0.6692130388 0.5622685434
0.030417282 0.668972922 0.5647449087
0.0655168647 0.8234375 0.6610877120999999
0.06551574640000001 0.823312527 0.6552491689
0.0654191214 0.8231779453 0.648699694
0.0651910503 0.8230342274 0.6413626565
0.0647858204 0.8228822998 0.6331558034
0.0641459098 0.822723671 0.6239916016
0.0631990516 0.8225606296 0.6137784668
0.0618375144 0.8223972966999999 0.602413006
0.0599558407 0.8222375851 0.5897883204
0.0574847467 0.8220839451 0.5758285898
0.0543413241 0.8219402134 0.5604853946
0.0503211367 0.8218165567 0.5436721676
0.0453855498 0.8217137101 0.5253171805
0.039432085 0.8216372656000001 0.5054003753
0.0323647838 0.8215915855 0.4838620628
0.0241946662 0.8215756415 0.4606846058
0.0149243894 0.8215885888 0.4358359465
0.0045940507 0.8216280891 0.4093170379
-0.0066487475 0.8216851888 0.3811150468
-0.0186886582 0.8217537704 0.3512609886
-0.0313740637 0.8218261793 0.319813677
-0.0445490772 0.821895369 0.2868720153
-0.0580820823 0.8219568362 0.2525869669
-0.07187573160000001 0.8220092312 0.2171628781
-0.08587025099999999 0.8220544715 0.1808534468
-0.1000229676 0.8220962185 0.1439467864
-0.1143027443 0.8221393335 0.1067554614
-0.1286567836 0.822187457 0.069594448
-0.1429959855 0.8222418128 0.032765515
-0.1571887487 0.8223005523 -0.0034563935
-0.1710690628 0.8223590675 -0.038830756
-0.1844553847 0.8224110733 -0.0731526394
-0.197176518 0.8224502116 -0.1062490493
-0.2091043646 0.8224721638 -0.1379699425
-0.2201555862 0.8224747406 -0.168188823
-0.2303117306 0.8224591965 -0.1967964636
-0.2396091077 0.8224295549 -0.2237046931
-0.2481225711 0.8223915703 -0.248850357
-0.2559552232 0.8223521157 -0.2721955173
-0.2632141806 0.8223176979 -0.2937305252
-0.27000074 0.8222939366000001 -0.31347116
-0.2764022951 0.8222851609 -0.3314550468
-0.2824840028 0.8222939561 -0.3477404723
-0.2882940365 0.8223215947 -0.3624002979
-0.2938644002 0.8223681544 -0.3755187601
-0.2992125446 0.8224326539 -0.3871895128
-0.3043545666 0.8225140587000001 -0.3975050396
-0.3093055147 0.8226113649 -0.4065536071
-0.3140890804 0.8227243634 -0.4144099436
-0.3187450289 0.8228544469 -0.42111818
-0.3233533935 0.8230072407 -0.4266351978
-0.328030958 0.8231946717 -0.4307247638
-0.3327860195 0.8234375 -0.432440378
-0.3380608643 0.8238089802 -0.4295806546
-0.3430760228 0.8242013429 -0.4250324186
-0.347752109 0.8246056705 -0.418994299
-0.3521126428 0.8250207382 -0.4115882922
-0.3561710482 0.8254466654 -0.4028458448
-0.3598969411 0.8258823824 -0.3927335563
-0.3632144263 0.8263247728000001 -0.38118849
-0.3659874582 0.8267676345 -0.368126789
-0.3680336954 0.8272019181 -0.3534701623
-0.3691420924 0.8276165875 -0.3371543837
-0.3691107447 0.8280005204999999 -0.3191443726
-0.3677884561 0.8283451164 -0.2994262847
-0.3651116979 0.8286467786 -0.2779936677
-0.3611193041 0.8289081353 -0.2548304888
-0.3559260162 0.8291366422000001 -0.229903635
-0.3496921614 0.8293425787000001 -0.2031736451
-0.3425560572 0.8295345433 -0.1746188757
-0.3345918137 0.8297164373 -0.1442607997
-0.3257830646 0.8298855538 -0.1121809609
-0.3160201003 0.8300321884 -0.0785312168
-0.305161804 0.8301435641 -0.0435205845
-0.2930976597 0.8302077648 -0.0074018284
-0.279828191 0.8302191783 0.0295617569
-0.2655068966 0.8301815669 0.06712455019999999
-0.2504210138 0.8301071654 0.1050692222
-0.2349245377 0.830012478 0.1431943938
-0.2193258363 0.8299108574 0.181276743
-0.2038247336 0.8298083751000001 0.2190509654
-0.1884678077 0.8297009778 0.2561997537
-0.1731802015 0.8295767918 0.2923742326
-0.1578472846 0.8294217329 0.3272316308
-0.1424048451 0.8292257088 0.3604769524
-0.1269014574 0.8289870555 0.3918993021
-0.1115131457 0.82871389 0.421394485
-0.09648245499999999 0.8284201834 0.4489489657
-0.0820394373 0.8281201977 0.4745969702
-0.0684252716 0.8278301083 0.4984314902
-0.0556899399 0.8275534436 0.5204800421
-0.0439138631 0.827296661 0.5408231789
-0.032847528 0.8270431655 0.5593710527
-0.0225853574 0.826801897 0.5762817923
-0.012653972 0.8265387532 0.5912626246
-0.0030219262 0.8262566421999999 0.6045360322
0.0061559644 0.8259669293 0.6162073421000001
0.0150593135 0.8256539205 0.6260371858
0.0237238131 0.825317104 0.6340999322999999
0.0319842464 0.8249750152000001 0.6408073578
0.0397531672 0.8246382173 0.6464124284
0.0469974414 0.8243126264 0.6511003778
0.0537033316 0.8240023748999999 0.6550264054
0.0598722467 0.8237101486 0.6583197568
0.0881812205 0.978125 0.7308366137
0.08703321310000001 0.9780836488 0.7246077955
0.0856690889 0.9780402993 0.717631353
0.0840450281 0.9779955527 0.7098296121
0.0821082844 0.9779502814 0.7011200106
0.079795625 0.9779056962 0.6914156742999999
0.0770292284 0.9778635259 0.6806272169000001
0.07369329099999999 0.9778269053999999 0.6686628645
0.06969708719999999 0.9777978925 0.6554215343000001
0.0650002333 0.9777767313 0.6408089989
0.0595397985 0.9777648021000001 0.6247521687000001
0.0531418042 0.9777676592 0.6071747542
0.0458151502 0.9777835217 0.5879714747
0.037472159 0.977815044 0.5670929809
0.0280897016 0.9778619710999999 0.5444568321
0.0176849301 0.9779229668 0.5200125123
0.0063094562 0.9779952924999999 0.4937020937
-0.0059752635 0.9780763439 0.465505378
-0.0190275707 0.9781605115000001 0.4354040101
-0.0327248354 0.9782435812 0.4034293664
-0.046926251 0.978321184 0.3696519294
-0.0614955387 0.9783897984 0.3341918044
-0.07632067050000001 0.9784475932 0.2972261123
-0.0913092601 0.9784941689 0.2589821422
-0.1063976254 0.9785308755 0.2197361753
-0.1215237255 0.9785595334 0.1797944116
-0.1366240063 0.978582186 0.1394835634
-0.1516124651 0.9786000593 0.0991327055
-0.1663742994 0.9786131469 0.0590604302
-0.1807695867 0.9786202153 0.0195650435
-0.1946465456 0.9786192294 -0.0190810697
-0.2078537717 0.9786077532 -0.0566359339
-0.2202645858 0.9785838985 -0.09288610849999999
-0.2317964556 0.9785470719 -0.1276457002
-0.2424044058 0.9784976807 -0.1607597706
-0.2520924881 0.9784375942 -0.192102463
-0.2609067023 0.9783698392 -0.2215789835
-0.2689143756 0.9782977898 -0.2491289905
-0.2762030887 0.9782251553 -0.2747236105
-0.2828618953 0.9781552669 -0.2983657348
-0.2889797386 0.9780911082 -0.3200834842
-0.2946334575 0.9780348687 -0.3399296644
-0.2998887376 0.9779880664 -0.3579753746
-0.3048019476 0.9779516767999999 -0.374305508
-0.3094176808 0.9779260911 -0.3890151597
-0.3137667392 0.9779110381 -0.4022099733
-0.317881392 0.9779063487 -0.4139919851
-0.3217848839 0.9779114874 -0.4244651109
-0.3255058742 0.9779262652 -0.4337228168
-0.329078222 0.977950917 -0.4418419795
-0.3325562922 0.9779870242000001 -0.4488576602
-0.3360285729 0.978038871 -0.4547012297
-0.3397903469 0.978125 -0.4588316854
-0.3453591905 0.9783815938 -0.4554664064
-0.3503490152 0.9786440094 -0.4500636663
-0.3548620533 0.9789094869 -0.4431105925
-0.3590873317 0.9791824566 -0.4348073872
-0.3631047982 0.9794656567 -0.4251751823
-0.3668963198 0.9797592761 -0.4141498134
-0.3703714652 0.9800612096 -0.4016344214
-0.3733650987 0.9803667448 -0.3875160828
-0.3756464992 0.9806685706 -0.3716903787
-0.3769409946 0.9809574477 -0.3540722707
-0.3769754941 0.9812235975 -0.3346206293
-0.3755294114 0.9814587817 -0.3133273759
-0.3725042472 0.9816591502000001 -0.2902016074
-0.3679314183 0.9818259620000001 -0.2652376549
-0.3619634058 0.9819654582 -0.2384014586
-0.3548224578 0.9820867684 -0.2096402716
-0.3467196105 0.9821984437 -0.1789129803
-0.3377912693 0.9823055697999999 -0.1462251022
-0.3280583342 0.9824079056 -0.111652505
-0.3174104112 0.9824991043 -0.0753546836
-0.305668141 0.9825692229 -0.0375629559
-0.2926545219 0.9826076344 0.0014340338
-0.2783048526 0.9826077219 0.0413302096
-0.2627278131 0.9825696719 0.0818373516
-0.2462083977 0.9825008961 0.1227075048
-0.2291399308 0.9824133671 0.1637266074
-0.2118985771 0.9823182954 0.2046722917
-0.1947630874 0.9822227027 0.2452853316
-0.1778480122 0.9821266207 0.2852494483
-0.1611139325 0.9820236512 0.3242044029
-0.1444470363 0.9819045196 0.3617853561
-0.1277594852 0.9817614984 0.397668979
-0.1110685069 0.9815919702 0.4316151905
-0.09452501419999999 0.9813998966 0.463495466
-0.0783628569 0.9811937315 0.4932806825
-0.0628294284 0.9809833205 0.521006178
-0.0482058944 0.9807808346 0.5467843151
-0.034575318 0.9805900471 0.5706612423
-0.0220599553 0.980417024 0.5927426279
-0.0104610417 0.9802535536 0.6129778179000001
0.0001480943 0.9801043820999999 0.6315117121
0.0101639298 0.9799520698 0.6481653744
0.0197838981 0.9797901664999999 0.6630142291
0.0287890539 0.9796302582 0.6763004299000001
0.0374974878 0.9794565149 0.6877457902
0.0460683154 0.9792624608 0.6973172481
0.0543241051 0.9790597615 0.7053781142
0.062123118 0.9788578097 0.7122244142
0.0694222427 0.9786608114999999 0.7180450864
0.0761994755 0.9784717862 0.7230007027000001
0.0824498528 0.9782927647 0.7272266108
0.0979005835 1.1328125 0.7704459664
0.09578240440000001 1.132812127 0.764078866
0.0933559709 1.1328119024 0.756948906
0.0905745219 1.1328118941 0.7489772011
0.08738409900000001 1.1328121898 0.7400800087
0.0837226298 1.1328129004 0.7301693173
0.07951690810000001 1.1328141705 0.7191543131
0.07465711 1.1328162872 0.70694595
0.0690774044 1.1328193418 0.6934408564
0.06274697730000001 1.13282333 0.6785403669
0.0556056501 1.1328283819 0.6621646991
0.0475227323 1.1328348662 0.6442355399
0.0385285907 1.1328425187 0.6246293345
0.0285439186 1.132851558 0.6032831102
0.017601021 1.1328617292 0.5800931578
0.0057185694 1.1328728769 0.5549889373
-0.0070137295 1.1328845677 0.5278930864
-0.0205183303 1.1328964682 0.4987698583
-0.0346506543 1.1329080075 0.4675938704
-0.0492857192 1.1329187627 0.4343969462
-0.06429414109999999 1.1329283576 0.3992584809
-0.0795598035 1.1329365486 0.3623148403
-0.0949969727 1.13294326 0.3237645671
-0.110529274 1.1329485619 0.2838533707
-0.1261010547 1.1329526234 0.2428743939
-0.1416403279 1.1329555966 0.2011445415
-0.1570562228 1.1329575755 0.1589951662
-0.1722313721 1.1329585544 0.1167584585
-0.1870180694 1.1329583994 0.0747559961
-0.2012659107 1.1329569513 0.0332973041
-0.214831125 1.1329540567 -0.0073261033
-0.2275913219 1.1329496153 -0.0468456878
-0.2394641079 1.1329436478 -0.0850175235
-0.2504112512 1.1329362993 -0.1216287049
-0.2604265402 1.1329277778 -0.1565027193
-0.2695312301 1.1329183411 -0.1895033908
-0.2777669363 1.1329082782 -0.2205354935
-0.2851859695 1.1328978345 -0.2495438931
-0.2918481944 1.1328872459 -0.2765102067
-0.2978165101 1.1328767197 -0.3014480971
-0.3031573773 1.1328664438 -0.3243962434
-0.3079420761 1.1328566018 -0.3454141317
-0.3122423523 1.1328473611 -0.3645782465
-0.316131543 1.1328388784 -0.381978097
-0.3196767392 1.1328312845 -0.3977147798
-0.3229391492 1.1328246634 -0.4118963105
-0.3259745734 1.1328190862 -0.4246326249
-0.3288318563 1.132814598 -0.4360305594
-0.3315563461 1.1328112329 -0.4461904253
-0.3341898159 1.1328090391 -0.4551987279
-0.3367824162 1.1328081251 -0.4631071096
-0.3393853354 1.1328086916 -0.4699050083
-0.3423705789 1.1328125 -0.4752763932
-0.3478109549 1.1328372398 -0.4715058937
-0.3524327713 1.1328619334 -0.4654729829
-0.3565085529 1.1328866355 -0.4578988781
-0.3603409185 1.1329121402 -0.4490243158
-0.3640474982 1.1329388702 -0.4388540094
-0.3676184003 1.1329668998 -0.4273020426
-0.3709517729 1.1329960118 -0.4142477042
-0.3738700977 1.1330257269 -0.3995588822
-0.3761165711 1.1330552642 -0.3831124828
-0.3773838341 1.133083627 -0.3648091695
-0.3773599497 1.1331097365 -0.3445999131
-0.3757872729 1.1331326597 -0.3224766067
-0.3725424033 1.1331519248 -0.2984537811
-0.3676470635 1.1331676113 -0.2725305218
-0.361270299 1.1331803803 -0.2446724477
-0.3536610997 1.1331912145 -0.2148211393
-0.3450650248 1.1332010818 -0.1829265022
-0.3356564213 1.133210616 -0.1489849025
-0.3254772862 1.1332198777 -0.1130688524
-0.3144205002 1.1332282624 -0.0753404542
-0.302287083 1.1332347289 -0.036041675
-0.2888660345 1.1332381082 0.0045217797
-0.2740524279 1.1332375926 0.046020555
-0.2579238247 1.1332330597 0.08814155899999999
-0.2407538934 1.1332251658 0.1306166294
-0.2229508417 1.1332151157 0.1732216737
-0.2049263321 1.133204128 0.2157336653
-0.18700685 1.1331930687 0.2578981778
-0.1693532236 1.1331821206 0.2994031193
-0.1519568351 1.1331707855 0.3398873095
-0.1347128171 1.1331581981 0.37897883
-0.1175218128 1.1331435581 0.4163416442
-0.100379629 1.1331265214 0.45172002
-0.0834140896 1.1331073692 0.4849688374
-0.0668441152 1.1330868498 0.5160455187
-0.0509189577 1.1330659183 0.544981092
-0.0359392557 1.1330458334 0.5718953609
-0.0220099913 1.1330270559 0.5968459249
-0.0092804472 1.1330102904 0.6199528381
0.0024001142 1.1329949672 0.641199423
0.0129775004 1.1329814496 0.6607162914
0.0227718729 1.1329684633 0.6784205505999999
0.0320928227 1.1329548385 0.6942833486
0.0406867521 1.132941927 0.7086346462999999
0.0489588113 1.1329278811 0.7211923958999999
0.0571574229 1.132911651 0.7318480173
0.06510843970000001 1.1328942791 0.7409148406
0.07263816369999999 1.132876803 0.748706218
0.0796995868 1.1328596332 0.7554072407
0.0862670718 1.1328430686 0.7611770877
0.0923324156 1.1328273139 0.7661514929
0.08844745950000001 1.2875 0.7736552249999999
0.0860033019 1.2874853751 0.7674377875
0.0832389013 1.2874679945 0.7604604356
0.0801136537 1.2874472989 0.752640493
0.0765822832 1.2874226153 0.7438890049
0.0725945157 1.2873931379 0.7341109925
0.0680928873 1.2873578147 0.7232064349
0.0630082507 1.287315238 0.7110642286
0.0572928019 1.2872650549 0.6975671143
0.0508887136 1.2872059286 0.6826325784
0.0437035065 1.2871345666 0.6662039077
0.0356545548 1.2870488409 0.6481773897999999
0.0267390174 1.2869503027 0.6284435843
0.0168663874 1.2868357624 0.6069448605
0.006075301 1.2867085921 0.5835747764
-0.0056249439 1.2865702189 0.5582675973
-0.0181353063 1.286426334 0.5309429387
-0.0313724792 1.2862812593 0.5015635139
-0.0451814762 1.2861424045 0.4701010678
-0.0594330593 1.2860150951 0.4365876406
-0.0740015606 1.2859037123 0.401106364
-0.0887870316 1.285810528 0.3638023807
-0.1037245085 1.2857352818 0.3248832578
-0.1187728638 1.2856758291 0.284609433
-0.1338982192 1.2856290752 0.2432820172
-0.1490394733 1.2855928404 0.2012223325
-0.1640961439 1.2855666098 0.1587587422
-0.1789288516 1.2855516705 0.116216256
-0.1933613351 1.2855511587 0.0739075782
-0.2072195383 1.285568258 0.0321358505
-0.2203529361 1.2856052606 -0.0088067119
-0.2326478958 1.2856630711 -0.0486457052
-0.2440479929 1.2857403305 -0.0871270004
-0.2545402054 1.2858342243 -0.1240289592
-0.2641367725 1.2859414162 -0.1591700256
-0.2728613086 1.2860587528 -0.1924139476
-0.2807390595 1.2861837101 -0.2236702775
-0.2877924338 1.2863145563 -0.2528918824
-0.2940453003 1.2864500594 -0.2800684887
-0.2995309545 1.286589007 -0.3052187546
-0.3042969787 1.2867298544 -0.3283815989
-0.3084139873 1.2868702729 -0.3496124047
-0.311971476 1.2870072983 -0.3689805283
-0.315072323 1.2871375722 -0.3865689056
-0.3178233439 1.2872577529 -0.4024731002
-0.3203275434 1.2873648063 -0.416797545
-0.32268444 1.2874558591 -0.4296469242
-0.3249788436 1.2875286356 -0.4411217386
-0.3272993 1.2875803838 -0.4513023911
-0.3297253581 1.2876082733 -0.4602377663
-0.3323445179 1.2876077219 -0.4678859228
-0.3351796741 1.2875746875 -0.4740505573
-0.3382560152 1.2875 -0.4782078856
-0.3429513975 1.2872297398 -0.4743679442
-0.3467900531 1.2869627214 -0.4682258365
-0.3501776075 1.2866930145 -0.4605850574
-0.3533978317 1.286411231 -0.4516662172
-0.3565426713 1.2861132276 -0.4414690235
-0.3595906899 1.2857986453 -0.4299071857
-0.3624381064 1.2854703273 -0.4168615353
-0.3649142937 1.2851339534 -0.4022017045
-0.3667794719 1.2847984229 -0.3858042632
-0.3677507184 1.2844749172 -0.3675679687
-0.3675406197 1.2841754855 -0.3474349546
-0.3659135117 1.283910422 -0.3253848025
-0.3627480344 1.2836851997 -0.3014181825
-0.3580559569 1.2834991553 -0.2755263983
-0.351979611 1.2833453608 -0.2476754522
-0.3447306206 1.2832135128 -0.2178146518
-0.3365199542 1.2830935122 -0.1859046885
-0.3274976227 1.2829786795 -0.1519502907
-0.3176932987 1.2828688492 -0.1160277407
-0.3070074026 1.2827709388 -0.07829575549999999
-0.2952600216 1.2826966359 -0.0389883017
-0.2822648883 1.2826588449 0.0016000145
-0.2679357872 1.2826663437 0.0431499824
-0.2523562614 1.2827200998 0.0853534448
-0.2357887683 1.2828124603 0.1279392231
-0.218618033 1.2829297064 0.1706727734
-0.2012320892 1.2830579736 0.2133193653
-0.1839396089 1.2831874038 0.255615941
-0.1668964447 1.283315792 0.2972489992
-0.150101321 1.2834486486 0.3378631044
-0.1334633713 1.2835956168 0.3770963173
-0.1168948153 1.2837656557 0.4146222175
-0.1003942839 1.2839626695 0.4501903584
-0.0840810322 1.2841835516 0.483653343
-0.0681585227 1.2844199281 0.5149600648
-0.0528597122 1.2846610079 0.5441304225
-0.0384675158 1.2848924509 0.5712690674999999
-0.0250829236 1.2851089 0.596428884
-0.0128507684 1.2853020932 0.6197234785
-0.0016388957 1.2854780542 0.6411479427
0.008503583800000001 1.2856326712 0.6608261959
0.0178625885 1.2857796729 0.6787022469
0.0267274859 1.2859323487 0.6947588576
0.0348683945 1.2860756536 0.7093022081
0.0426658485 1.2862302901 0.7220993541
0.0503643164 1.2864086341 0.7330608675
0.0578192524 1.2865999258 0.7424639870999999
0.0648674239 1.2867923294 0.7506012691
0.07146805420000001 1.2869813226 0.75764784
0.0775999616 1.2871636274 0.7637552157
0.0832576559 1.2873369972 0.7690537163
0.0576068056 1.4421875 0.7515307297
0.0552235824 1.4421407706 0.7455170942
0.052537509 1.4420871356 0.7387668263
0.0495125382 1.4420255237 0.7311993467
0.0461090308 1.4419546941 0.7227278369
0.0422836324 1.4418732154 0.7132594529
0.0379883568 1.4417793475 0.7026958762
0.0331715715 1.4416713683 0.6909270264
0.0277897361 1.4415484794 0.6778414324000001
0.0217774752 1.4414064262 0.6633588691
0.0150419366 1.4412373006 0.6474185690000001
0.0075205373 1.4410380016 0.6299159823
-0.0007944337 1.4408113519 0.6107469201
-0.0099820142 1.4405509657 0.589849786
-0.0200004005 1.4402649712 0.5671217641
-0.0308363326 1.4399570939 0.5424975583
-0.0423900105 1.439640812 0.5159006296
-0.0545781129 1.4393263693 0.4872958344
-0.06725357849999999 1.439030448 0.4566609779
-0.0802981338 1.4387645601 0.4240324986
-0.0936028766 1.4385374221 0.3894976289
-0.1070855811 1.4383528002 0.3532024505
-0.1207040674 1.4382079887 0.3153541197
-0.1344347325 1.438096586 0.2762078364
-0.148256882 1.4380105633 0.2360562311
-0.1621167276 1.437944848 0.1952096725
-0.1759156483 1.4378990258 0.1539839382
-0.1895141205 1.4378772354 0.1126911058
-0.2027376018 1.4378877618 0.0716330135
-0.2154146976 1.4379388476 0.0311029861
-0.2274054801 1.4380356716 -0.008615268000000001
-0.2386089072 1.4381797685 -0.0472540702
-0.2489806958 1.4383672357 -0.0845656773
-0.2585149942 1.4385911691 -0.1203352691
-0.2672251163 1.438844013 -0.1543885149
-0.2751302102 1.439119153 -0.1865959129
-0.2822448403 1.439412064 -0.2168733878
-0.2885784565 1.4397202368 -0.2451785637
-0.2941427544 1.4400421432 -0.2715039523
-0.2989639055 1.4403756309 -0.2958688942
-0.3030884823 1.4407170159 -0.3183119552
-0.3065902228 1.4410602224 -0.3388872555
-0.3095676584 1.4413969613 -0.3576622297
-0.3121347522 1.4417177432 -0.3747176837
-0.314414268 1.4420125025 -0.3901451105
-0.3165275542 1.4422715717 -0.4040429885
-0.3185930397 1.442485561 -0.416508715
-0.3207224553 1.4426454538 -0.4276296843
-0.3230372998 1.4427401595 -0.4374642915
-0.3256538064 1.4427575126 -0.4460240766
-0.3287088875 1.4426781862 -0.4531802129
-0.3322277923 1.4424870534 -0.4585794163
-0.3359573781 1.4421875 -0.4615379759
-0.3404299698 1.441575585 -0.4578841749
-0.3439530112 1.4409850384 -0.4519125293
-0.3470900143 1.4403863161 -0.4445178875
-0.3501202327 1.4397563782 -0.4359043416
-0.3531212201 1.4390867183 -0.4260685287
-0.3560657848 1.4383773168 -0.414926088
-0.3588489839 1.4376354431 -0.4023607502
-0.3613048766 1.4368745871 -0.388245523
-0.3632053109 1.4361151621 -0.3724589787
-0.3642842035 1.4353824403 -0.354901254
-0.3642709805 1.4347035133 -0.3355105121
-0.3629485767 1.4341009711 -0.3142615119
-0.3601975875 1.4335874705 -0.2911469629
-0.3560277423 1.433161553 -0.266155298
-0.3505679272 1.4328081862 -0.239255339
-0.3440083301 1.4325052528 -0.2104029469
-0.3365429313 1.4322306397 -0.1795657919
-0.3283074784 1.431969986 -0.1467529901
-0.3193249291 1.4317234504 -0.1120398324
-0.3094996533 1.431506683 -0.0755775949
-0.2986613848 1.4313458806 -0.0375881029
-0.2866353924 1.4312697452 0.0016491871
-0.2733428262 1.4312974598 0.0418305844
-0.2588651541 1.4314305973 0.0826601599
-0.2434529733 1.4316512945 0.123874614
-0.227472393 1.4319280625 0.1652429616
-0.2112924737 1.4322291123 0.2065336644
-0.1952077075 1.4325316126 0.2474897282
-0.1793671518 1.4328300625 0.2878084962
-0.1637703074 1.4331364434 0.3271500295
-0.1483301792 1.433472259 0.365169599
-0.132960605 1.4338577422 0.4015561254
-0.1176551606 1.434302028 0.436069056
-0.102521181 1.4347985917 0.4685635135
-0.0877457993 1.4353291341 0.4989842431
-0.07354642860000001 1.435869707 0.5273436655
-0.0601895534 1.4363882531 0.5537340605
-0.0477702867 1.4368728165 0.5782030254
-0.0364283323 1.437304573 0.6008564617
-0.0260413036 1.4376967498 0.6216946194
-0.0166524026 1.4380406697 0.640831654
-0.0080032933 1.4383655821 0.658230194
0.0001911585 1.4387028875 0.6738741781000001
0.0077032263 1.4390177818 0.6880536211
0.0149010324 1.4393571943 0.7005656582999999
0.0220321969 1.4397507841 0.7113282224
0.0289686934 1.440176034 0.7205884511
0.0355410086 1.4406048438 0.728624724
0.0417067025 1.4410268059 0.7356028527
0.0474427432 1.4414343839 0.7416666391
0.0527414627 1.4418223915 0.7469402556
0.0260453434 1.596875 0.7161042523
0.0238332731 1.5968461159 0.7103302177
0.0213423205 1.5968130946 0.7038518488
0.0185398626 1.5967753232 0.6965928876
0.0153901701 1.5967320977 0.6884713875
0.0118543024 1.5966826093 0.6794000041
0.007889942299999999 1.5966259258 0.6692863617
0.0034550223 1.5965613175 0.65802923
-0.0014969544 1.59648771 0.6455296099
-0.0070294448 1.5964025558 0.6317035704
-0.0132234475 1.5963018913 0.6164781459000001
-0.0201350012 1.5961839018 0.5997584992
-0.02776307 1.5960508448 0.581440611
-0.0361695367 1.595899917 0.5614579165
-0.0453093242 1.5957362328 0.5397125656
-0.0551601814 1.5955626934 0.5161383116
-0.06562359399999999 1.5953874782 0.4906640705
-0.0766170889 1.5952168667 0.4632573693
-0.0880064963 1.595060267 0.4339038472
-0.0996888673 1.5949237985 0.4026448406
-0.111574071 1.5948116945 0.3695700913
-0.1236018802 1.5947249828 0.3348252855
-0.1357461003 1.594661239 0.2986105426
-0.1480002266 1.5946157481 0.2611714022
-0.1603518276 1.5945835193 0.2227856949
-0.1727531152 1.5945616167 0.1837476773
-0.1851106308 1.5945500905 0.1443570128
-0.1972901716 1.5945518118 0.1049107907
-0.2091294717 1.5945717222 0.0656979942
-0.2204712482 1.5946145898 0.0270000759
-0.2311855286 1.594683537 -0.010911627
-0.2411868315 1.5947789743 -0.0477803676
-0.2504407471 1.5948982773 -0.08336998
-0.2589395454 1.59503772 -0.1174780956
-0.2666922443 1.5951932694 -0.149941773
-0.2737120502 1.5953614937 -0.1806402825
-0.2800021636 1.5955405548 -0.2094964501
-0.2855654121 1.5957294457 -0.236471469
-0.2904087208 1.5959275645 -0.2615590598
-0.2945586535 1.5961335002 -0.2847778855
-0.2980666715 1.5963445532 -0.3061657126
-0.3010125766 1.5965564287 -0.3257759481
-0.3035003218 1.5967634825 -0.3436757734
-0.3056529112 1.5969590166 -0.3599438675
-0.3076018876 1.5971359442 -0.3746678273
-0.3094813479 1.5972870815 -0.387939056
-0.3114210093 1.5974054831 -0.399845912
-0.3135588518 1.5974832927 -0.410460394
-0.3160473629 1.5975108893 -0.4198171438
-0.3190441311 1.5974769723 -0.4278873582
-0.3227422497 1.5973639113 -0.4344555625
-0.3271888499 1.5971577477 -0.4390093616
-0.3318863144 1.596875 -0.4407270004
-0.336500838 1.5964872716 -0.4371771495
-0.3400427083 1.5961249138 -0.4313687502
-0.3432126598 1.59576067 -0.424268736
-0.3462949045 1.5953787611 -0.4160442607
-0.3493687822 1.5949734394 -0.4066779936
-0.3524066889 1.5945447389 -0.3960823029
-0.3553062858 1.5940971893 -0.3841421087
-0.3579077936 1.5936390348 -0.3707335581
-0.3599936675 1.5931825609 -0.3557385517
-0.3613116391 1.5927428726 -0.3390610246
-0.361606849 1.5923359715 -0.3206392799
-0.3606746872 1.5919751485 -0.3004447925
-0.3584029608 1.591667786 -0.2784665763
-0.3548015639 1.5914129703 -0.2546930513
-0.3499927073 1.5912017825 -0.229094539
-0.3441523507 1.5910214626 -0.2016320957
-0.3374637729 1.5908589924 -0.1722781847
-0.3300525755 1.590706086 -0.1410441821
-0.3219356522 1.590563128 -0.1080030142
-0.3130182483 1.5904395608 -0.0732980694
-0.3031342806 1.5903510604 -0.0371390229
-0.2921144911 1.5903146637 0.0002098351
-0.2798832361 1.5903415328 0.0384615343
-0.2665188535 1.5904322452 0.07733536119999999
-0.2522633162 1.5905756316 0.116581137
-0.2374691121 1.5907523954 0.1559784868
-0.2224912311 1.5909430841 0.1953064017
-0.2076138778 1.5911335395 0.2343205083
-0.1929798594 1.5913200966 0.2727337831
-0.1785872811 1.5915096345 0.3102247778
-0.1643497202 1.5917148567 0.3464678925
-0.1501794726 1.5919478951 0.3811688902
-0.1360645537 1.5922143597 0.4140993712
-0.1221016356 1.5925106177 0.4451198938
-0.1084644375 1.5928260523 0.4741745573
-0.09535802039999999 1.5931465722 0.5012716109000001
-0.0830359204 1.593453222 0.5264942678
-0.0715871362 1.5937390634 0.5498852657
-0.0611469572 1.5939928402 0.571543348
-0.0515973788 1.5942225239 0.5914703182
-0.0429756826 1.5944234011 0.6097701148
-0.0350447848 1.5946120765 0.6264182917
-0.0275147699 1.5948086548 0.6413945016
-0.020620402 1.5949913608 0.6549768874
-0.0139976655 1.595188741 0.6669825926
-0.0073908846 1.5954198437 0.6773309135
-0.0009172253999999999 1.5956720913 0.6862420951
0.0052404613 1.5959274453 0.6939841286
0.0110352329 1.5961794223 0.700714029
0.0164399776 1.5964233197 0.7065681045
0.0214432123 1.5966558823 0.7116642506999999
0.0001347182 1.7515625 0.6787275421
-0.00196324 1.7515378744 0.6732132473
-0.0043206299 1.7515100435 0.667027328
-0.006966484 1.7514786065 0.6600973431
-0.009932262000000001 1.7514431173 0.6523455237
-0.0132518278 1.7514030819 0.6436890619
-0.0169603075 1.7513580168 0.6340401844
-0.0210906235 1.7513076479 0.6233051759
-0.0256858735 1.7512511405 0.6113918309
-0.0308107442 1.751186394 0.5982162629
-0.0365392364 1.7511107456 0.5836991314
-0.0429135879 1.7510233792 0.5677500112
-0.0499314071 1.7509259768 0.550268987
-0.057640322 1.750817114 0.5311864384
-0.0659918234 1.7507008033 0.5104088217
-0.0749572189 1.750579583 0.4878702058
-0.0844390959 1.7504596178 0.4635042831
-0.0943554612 1.7503456986 0.4372807492
-0.104583163 1.7502444411 0.4091913897
-0.1150324197 1.7501598767 0.3792810256
-0.1256304317 1.7500944157 0.3476411156
-0.1363363908 1.7500479604 0.31441594
-0.1471427929 1.7500178755 0.2798000811
-0.1580585659 1.7500000162 0.2440294206
-0.1690816424 1.74999037 0.2073686089
-0.1801699905 1.7499868037 0.1700966548
-0.1912349062 1.7499895653 0.1324977723
-0.2021449832 1.7500011881 0.09485362629999999
-0.2127444488 1.7500255893 0.0574395876
-0.2228857512 1.7500663497 0.020524784
-0.2324516178 1.7501255983 -0.015630855
-0.2413697106 1.7502033134 -0.050781287
-0.2496131825 1.7502974159 -0.0847022242
-0.2571803764 1.7504050002 -0.1172015306
-0.2640775354 1.7505233482 -0.1481258065
-0.2703107478 1.7506503885 -0.1773626594
-0.2758713966 1.7507854793 -0.2048417443
-0.2807531316 1.7509284107 -0.2305281031
-0.2849538143 1.7510792256 -0.2544172758
-0.2884966748 1.7512369871 -0.2765276586
-0.2914339114 1.7513995185 -0.2968960699
-0.2938503847 1.7515631605 -0.3155745578
-0.2958559876 1.7517231474 -0.3326288275
-0.2975870862 1.7518734758 -0.3481346177
-0.2991826597 1.7520081317 -0.3621759514
-0.3007928213 1.7521205342 -0.3748378994
-0.3025636779 1.7522042269 -0.3862001497
-0.3046566425 1.752251623 -0.39632151
-0.3072562505 1.7522531932 -0.4052142979
-0.3105586816 1.7521975736 -0.4128124339
-0.3148118531 1.7520670395 -0.4188164316
-0.3200842276 1.7518475724 -0.4225578528
-0.3256496327 1.7515625 -0.423078418
-0.3303487884 1.7512598752 -0.4195424112
-0.3338687579 1.7509856945 -0.413844497
-0.3370137911 1.7507135038 -0.4070062839
-0.3400746652 1.7504298729 -0.3991489906
-0.3431312684 1.7501299872 -0.3902336536
-0.34615865 1.7498137173 -0.3801676102
-0.3490598297 1.7494843846 -0.3688361457
-0.3516847229 1.7491480092 -0.3561181031
-0.3538301102 1.74881351 -0.3418988184
-0.3552614132 1.7484918081 -0.3260860794
-0.3557421318 1.7481943876 -0.30861733
-0.3550864332 1.7479305631 -0.2894620777
-0.3531900621 1.7477055797 -0.2686044747
-0.3500606717 1.7475188226 -0.2460309388
-0.345812002 1.7473638708 -0.2217139086
-0.3406022097 1.7472318628 -0.1956193201
-0.3345993944 1.7471135928 -0.167724728
-0.3279158905 1.747003361 -0.1380440948
-0.3205610516 1.7469017784 -0.1066482903
-0.3124424127 1.7468158284 -0.0736729201
-0.3034002485 1.7467570079 -0.0393159097
-0.2932770345 1.7467374736 -0.0038249778
-0.2820014464 1.7467652055 0.0325287887
-0.2696511872 1.7468402385 0.069480349
-0.2564582952 1.746954049 0.1067921665
-0.2427586812 1.7470922245 0.1442534741
-0.2288902649 1.7472402599 0.181652666
-0.21512412 1.7473875035 0.2187568027
-0.2015965249 1.7475310142 0.255293815
-0.1883060548 1.7476755895 0.2909605092
-0.1751702584 1.7478303441 0.3254505863
-0.1621039448 1.7480040772 0.3584872376
-0.1490922788 1.7482009303 0.3898547494
-0.1362225374 1.7484183856 0.4194195984
-0.1236547928 1.7486488873 0.4471255079
-0.1115805307 1.7488822842 0.4729765777
-0.1002382464 1.7491048602 0.497046798
-0.089710104 1.7493116963 0.5193740923
-0.0801256105 1.7494945455 0.5400499473
-0.0713729084 1.7496592387 0.5590782597
-0.06348257459999999 1.7498027033 0.5765529374
-0.0562412623 1.7499363539 0.592462689
-0.0493591065 1.7500758156 0.6067846935
-0.0430711998 1.7502045947 0.6197827782000001
-0.0370233249 1.7503438463 0.6312967362
-0.0309558254 1.7505084497 0.6412494558
-0.0249714164 1.7506899938 0.6498335935
-0.0192606814 1.7508744627 0.6573043732
-0.0138726676 1.7510569766 0.6638092268
-0.008836764699999999 1.7512339896 0.6694763926
-0.0041669204 1.7514030349 0.6744170775
-0.0207506207 1.90625 0.6483304599
-0.0226175705 1.9062323597 0.6430011284
-0.024724575 1.9062119072 0.6370255011
-0.0271009313 1.9061881607 0.6303346215
-0.029779038 1.9061605535 0.6228546712
-0.0327945639 1.9061284208 0.6145073018
-0.0361864145 1.9060909984 0.6052098192000001
-0.0399995569 1.9060472615 0.5948768516
-0.0442779504 1.9059962624 0.5834211467
-0.0490663875 1.9059369864 0.570757018
-0.0544248395 1.9058675738 0.5568059391
-0.06040691 1.9057865356 0.541485236
-0.06698945839999999 1.9056964598 0.5246913155
-0.0742133497 1.9055962903 0.5063554912
-0.0820233551 1.9054900416 0.4863853238
-0.09038181870000001 1.9053805052 0.4647138861
-0.09919141419999999 1.9052733627 0.4412780102
-0.1083704889 1.9051730457 0.4160486917
-0.117804565 1.9050852562 0.3890218717
-0.1274176657 1.9050130772 0.3602450605
-0.137151893 1.9049580754 0.3298105352
-0.1469823113 1.9049194892 0.2978608701
-0.1569141685 1.9048944164 0.2645853539
-0.1669634987 1.9048788977 0.2302108971
-0.1771278003 1.904869535 0.194989639
-0.1873611466 1.9048648943 0.1591864504
-0.1975706104 1.9048657921 0.1230710042
-0.2076199342 1.9048752154 0.0869105417
-0.2173563552 1.9048970145 0.0509687912
-0.2266414492 1.9049343908 0.0155053023
-0.2353720099 1.9049889121 -0.0192277465
-0.2434927722 1.9050599605 -0.052990966
-0.2509917635 1.9051450871 -0.085566716
-0.2578771311 1.9052412988 -0.1167694387
-0.2641577091 1.9053461113 -0.1464524229
-0.2698368125 1.9054578743 -0.1745092135
-0.2748963835 1.9055765705 -0.2008748009
-0.2793188907 1.9057026297 -0.225518065
-0.2830906351 1.9058366956 -0.24843672
-0.2862254917 1.9059783457 -0.2696495158
-0.2887697794 1.9061257926 -0.2891920235
-0.2908058978 1.9062756686 -0.3071140493
-0.292444704 1.9064233849 -0.3234784664
-0.2938254601 1.9065630932 -0.3383582542
-0.2950925468 1.9066888071 -0.3518345551
-0.2964001751 1.9067940747 -0.3639899259
-0.297900971 1.9068724406 -0.3749010485
-0.2997639704 1.9069163358 -0.3846228301
-0.3021824286 1.9069163211 -0.3931617666
-0.3053640596 1.9068610612 -0.4004396442
-0.3095671442 1.9067332995 -0.4061328002
-0.3148410475 1.9065208604 -0.4095436909
-0.3203922656 1.90625 -0.4097504818
-0.3249409767 1.9059791201 -0.4064158619
-0.3283665588 1.9057343708 -0.4009864199
-0.3314248584 1.9054923825 -0.3944577396
-0.3343985323 1.9052409283 -0.386952406
-0.3373668768 1.904975593 -0.3784342733
-0.3403084167 1.9046962059 -0.3688152763
-0.3431362088 1.9044055362 -0.357986699
-0.3457091774 1.9041089164 -0.3458322355
-0.3478399288 1.9038140467 -0.3322415531
-0.3493119366 1.9035303567 -0.3171252822
-0.3499059267 1.9032677781 -0.3004203135
-0.3494497461 1.9030343397 -0.2820936642
-0.3478443733 1.9028346607 -0.262126442
-0.3450925638 1.9026684002 -0.2405039703
-0.3412958108 1.9025302027 -0.2172011402
-0.3365951097 1.9024127044 -0.1921885402
-0.33114442 1.9023080617 -0.1654481714
-0.3250471111 1.9022113955 -0.1369956598
-0.3183125775 1.9021231897 -0.1068988313
-0.3108576792 1.9020493241 -0.0752851506
-0.3025365127 1.9019995872 -0.0423403167
-0.2932037968 1.9019843991 -0.0082974747
-0.2827917178 1.9020106957 0.0265861789
-0.27136862 1.9020786633 0.0620559606
-0.2591454465 1.9021811402 0.0978798353
-0.2464310951 1.9023058073 0.1338491559
-0.2335396481 1.9024400886 0.1697553798
-0.2207271832 1.9025745116 0.2053725624
-0.2081277583 1.9027060856 0.2404414636
-0.1957489184 1.9028384279 0.2746764332
-0.1835209001 1.9029789953 0.307789851
-0.1713672298 1.9031351978 0.3395211602
-0.1592715899 1.9033107075 0.369665033
-0.1473088699 1.9035036575 0.3980906946
-0.1356204306 1.9037079137 0.4247382251
-0.1243785331 1.9039150236 0.4496045981
-0.1138000109 1.9041134272 0.4727519221
-0.1039640266 1.9042987275 0.4942155066
-0.0949925714 1.9044637259 0.514080054
-0.0867944351 1.9046127481 0.5323579089
-0.079397758 1.9047431774 0.5491370537
-0.0726206821 1.90486394 0.5644205051
-0.06620591989999999 1.9049878785 0.5781971579
-0.0603599725 1.9051015233 0.5907023485
-0.0547656478 1.9052222264 0.6018135999999999
-0.0491824567 1.9053626564 0.611472979
-0.0436886802 1.9055166311 0.6198467244
-0.0384571679 1.9056724194 0.6271645191
-0.0335297296 1.9058260771 0.6335611495
-0.0289307026 1.9059747568 0.639154569
-0.0246708562 1.9061164892 0.6440477598
-0.0408538808 2.0609375 0.6198544772
-0.0424126523 2.0609298598 0.6146896512
-0.0441901554 2.0609197621 0.6089031687000001
-0.0462177454 2.0609065316 0.6024299681
-0.0485312426 2.0608893287 0.5952007569
-0.0511714575 2.0608671189 0.5871424364
-0.0541863272 2.0608385529 0.5781790379
-0.0576441264 2.0608012714 0.5682351172
-0.0615906797 2.0607541112 0.5572285796999999
-0.0660439414 2.0606973578 0.5450721854
-0.07104239750000001 2.0606301676 0.5316871629
-0.0766636524 2.0605496701 0.5170016742
-0.08285381560000001 2.0604600097 0.5009055228
-0.0896471105 2.0603603998 0.4833313809
-0.0969809433 2.0602551678 0.4641874271
-0.1048061539 2.0601476677 0.4434048838
-0.1130265556 2.0600434591 0.4209238109
-0.1215605162 2.0599469526 0.3967162226
-0.1303048571 2.0598632441 0.3707823895
-0.139197679 2.0597947236 0.3431721311
-0.1481962898 2.0597422577 0.313977987
-0.1572901403 2.059704487 0.2833399007
-0.1664937718 2.0596782364 0.2514406914
-0.175824938 2.0596597178 0.2184969599
-0.1852755632 2.059646123 0.184747396
-0.1947918389 2.0596367508 0.1504421148
-0.2042727868 2.0596331719 0.1158356379
-0.2135801561 2.0596388087 0.0811817738
-0.2225630789 2.0596577316 0.046732594
-0.2310978094 2.0596926806 0.0127392868
-0.2390962147 2.0597447252 -0.0205535535
-0.2465211797 2.0598125721 -0.0529131685
-0.2533749892 2.0598932768 -0.0841288421
-0.2596749141 2.0599835836 -0.1140218065
-0.2654318074 2.0600810739 -0.1424520035
-0.2706463085 2.0601843627 -0.1693187014
-0.2752927236 2.0602939108 -0.1945616862
-0.2793441737 2.0604106731 -0.2181531571
-0.2827778315 2.0605357696 -0.2400924868
-0.2855994174 2.0606691701 -0.2603984733
-0.2878492465 2.0608093413 -0.2791052809
-0.2896055777 2.0609530538 -0.2962604357
-0.2909770972 2.0610957436 -0.3119240561
-0.2921014951 2.0612315514 -0.3261665527
-0.2931224789 2.0613544329 -0.3390666903
-0.2941927688 2.0614579243 -0.3507051656
-0.2954647011 2.0615355042 -0.3611570036
-0.2971073126 2.061579537 -0.370475693
-0.2993128432 2.061580599 -0.3786670408
-0.3022902426 2.0615272668 -0.3856494934
-0.3062930262 2.0614026284 -0.3910968765
-0.3113401306 2.0611966302 -0.3943307084
-0.316639357 2.0609375 -0.3945377826
-0.3210564574 2.0606778519 -0.3914617091
-0.3244525557 2.0604415147 -0.3863649779
-0.3274783945 2.0602088532 -0.380179929
-0.3304089275 2.0599681478 -0.3730457085
-0.3333243375 2.0597150599 -0.3649343603
-0.3362095022 2.0594492553 -0.355765388
-0.3389867338 2.059173204 -0.34543686
-0.3415266251 2.0588918215 -0.3338386043
-0.3436560504 2.0586122456 -0.3208650214
-0.345175037 2.0583431997 -0.306429778
-0.3458794576 2.0580939274 -0.2904699567
-0.3456086646 2.0578719103 -0.2729514472
-0.3442672137 2.0576815901 -0.2538537369
-0.341853712 2.0575228394 -0.2331622133
-0.338458284 2.0573909015 -0.2108543853
-0.3342085457 2.0572791281 -0.1869048741
-0.3292466806 2.0571802981 -0.1612992641
-0.3236707309 2.0570897853 -0.1340538932
-0.3174932906 2.0570078301 -0.1052329731
-0.3106422951 2.0569395974 -0.0749558102
-0.3029860866 2.0568939303 -0.043396254
-0.2943903822 2.0568804129 -0.0107736354
-0.2847885583 2.0569056207 0.022667757
-0.2742365526 2.0569700864 0.0566825314
-0.2629214085 2.0570676223 0.0910431885
-0.2511234524 2.0571871548 0.1255427524
-0.2391326184 2.0573171154 0.159975711
-0.2271907987 2.0574484879 0.1941233174
-0.2154317545 2.0575779692 0.227739398
-0.2038741897 2.0577082381 0.2605557821
-0.192462865 2.0578456439 0.2923031335
-0.1811310878 2.0579967739 0.3227365362
-0.1698612281 2.0581651268 0.3516604565
-0.1587152969 2.0583493628 0.3789465272
-0.1478152474 2.0585443081 0.4045312076
-0.13731328 2.0587425742 0.4284045464
-0.1274035376 2.0589338834 0.4506173066
-0.1181633603 2.0591139623 0.4712030465
-0.1097071275 2.0592761014 0.4902403877
-0.1019663962 2.059423401 0.5077503074
-0.0949692733 2.0595533454 0.5238166775
-0.0885651746 2.0596731723 0.5384547317
-0.0825376154 2.0597935409 0.5516674623
-0.07705756060000001 2.0599032503 0.563659614
-0.0718515436 2.0600169525 0.5743466362
-0.0667048443 2.0601457489 0.5836921304
-0.0616708578 2.0602850796 0.591839071
-0.0568974026 2.0604249269 0.5989892629
-0.052416911 2.0605620485 0.6052647247
-0.0482468324 2.0606941376 0.6107729408
-0.0443933002 2.06081962 0.6156085028
-0.0587164771 2.215625 0.5902156309
-0.0599890543 2.2156263865 0.5852186605
-0.0614606375 2.2156260778 0.5796245354
-0.0631645225 2.2156233899 0.5733719278
-0.06513974409999999 2.2156174492 0.5663958566
-0.067431954 2.2156071524 0.5586281936
-0.0700959687 2.2155910543 0.5499987065
-0.07322596739999999 2.2155660951 0.5404423858
-0.076866378 2.2155313198 0.5298814646
-0.08101075789999999 2.2154879026 0.5182274407
-0.08567690140000001 2.2154359536 0.5054016699
-0.09096571990000001 2.2153721117 0.4913424563
-0.09679442639999999 2.2153008597 0.4759341489
-0.103190863 2.2152217773 0.4591108481
-0.1100857805 2.2151385535 0.4407816429
-0.1174193652 2.2150542881 0.4208763595
-0.125096712 2.2149733341 0.3993381365
-0.133036471 2.2148991969 0.3761400098
-0.1411463054 2.2148354947 0.3512860929
-0.1493774667 2.2147836252 0.3248279631
-0.1577014532 2.2147437607 0.2968579426
-0.1661209416 2.2147143742 0.2675129628
-0.1746587997 2.2146927304 0.2369692592
-0.1833340652 2.2146759318 0.2054333745
-0.1921330976 2.2146621768 0.1731310926
-0.2009948114 2.2146514379 0.1402985338
-0.2098108258 2.2146455212 0.1071758385
-0.2184402518 2.2146475154 0.0740037497
-0.2267379425 2.2146606704 0.0410237521
-0.2345900475 2.2146869905 0.0084777654
-0.2419241884 2.2147268854 -0.0233971092
-0.2487196367 2.2147788354 -0.0543751844
-0.2549912729 2.2148401395 -0.08425298520000001
-0.2607634569 2.2149080509 -0.1128588422
-0.2660519348 2.2149805513 -0.1400584932
-0.2708509117 2.2150568917 -0.1657574999
-0.2751289184 2.2151377381 -0.1898997845
-0.2788507503 2.215224228 -0.2124604509
-0.2819854832 2.2153175949 -0.2334402042
-0.284531658 2.2154180902 -0.2528576746
-0.286524317 2.2155246636 -0.2707455589
-0.2880379597 2.2156348312 -0.2871491565
-0.2891796969 2.2157449418 -0.3021258768
-0.2900836962 2.2158503816 -0.3157438065
-0.2908945794 2.2159462067 -0.3280791147
-0.291762451 2.216027283 -0.3392106055
-0.292839168 2.2160883487 -0.349211478
-0.2942934709 2.2161232515 -0.3581336365
-0.2963163238 2.2161244729 -0.3659822045
-0.2991176357 2.2160828165 -0.3726730153
-0.3029482043 2.2159849042 -0.377875068
-0.307797908 2.2158243009 -0.3809293771
-0.312875523 2.215625 -0.3811246853
-0.3171783736 2.2154249159 -0.3782835483
-0.320551552 2.2152415322 -0.3734991269
-0.3235495876 2.2150618892 -0.3676415738
-0.3264398721 2.2148769676 -0.3608633913
-0.3293038786 2.2146833183 -0.3531435313
-0.3321325529 2.2144805368 -0.3444084088
-0.3348569917 2.2142703639 -0.3345624682
-0.3373586317 2.2140564211 -0.3235016593
-0.3394776916 2.2138439975 -0.3111251472
-0.3410295879 2.2136395505 -0.297349919
-0.3418243816 2.2134499661 -0.2821137871
-0.3417122151 2.2132808253 -0.2653819814
-0.3406012287 2.2131355448 -0.2471327588
-0.3384863819 2.2130141737 -0.2273515841
-0.3354474763 2.212913338 -0.2060182173
-0.3315997124 2.2128282428 -0.1831107606
-0.3270745183 2.2127535589 -0.1586178218
-0.3219649392 2.2126857715 -0.1325562109
-0.3162865078 2.2126248954 -0.1049867332
-0.3099774132 2.2125745413 -0.0760211912
-0.3029192876 2.2125410927 -0.0458225039
-0.294988178 2.212531606 -0.0145971264
-0.2861187923 2.2125510768 0.0174229759
-0.2763558118 2.2126001824 0.0500017527
-0.2658643242 2.212674683 0.0829169532
-0.2548982999 2.2127666279 0.1159643416
-0.2437253055 2.2128674996 0.1489423058
-0.2325740869 2.2129704198 0.181639627
-0.2215781357 2.2130725185 0.213822758
-0.2107665486 2.2131752534 0.2452399582
-0.2000976642 2.2132828937 0.2756389534
-0.1895140544 2.2134001048 0.3047895056
-0.178997095 2.2135295559 0.3325055302
-0.1685970431 2.2136705569 0.3586614667
-0.1584179572 2.2138196694 0.383191075
-0.1485934429 2.2139717595 0.4060785874
-0.139296458 2.2141195463 0.4273648267
-0.130602484 2.2142597054 0.4470817324
-0.1226192023 2.2143872068 0.4653026135
-0.1152975811 2.2145037072 0.4820551415
-0.108666292 2.2146072376 0.497419522
-0.1026040041 2.2147023407 0.5114215768
-0.09693134809999999 2.2147959756 0.5240760105
-0.0917864194 2.2148808283 0.5355600557
-0.0869364931 2.2149666541 0.5458228164
-0.0821908791 2.215061194 0.5548469033
-0.0775798109 2.2151619849 0.5627542016
-0.0732279643 2.2152622513 0.5697213433
-0.0691590393 2.2153599094 0.5758586205
-0.0653840891 2.2154535058 0.5812638764
-0.0619049361 2.2155420676 0.5860239313
-0.075311526 2.3703125 0.5617897598
-0.0763226159 2.3703226701 0.556959342
-0.0775147299 2.3703310731 0.5515555177
-0.0789229519 2.3703367106 0.5455204514999999
-0.08058927289999999 2.3703382856 0.5387931701999999
-0.0825637805 2.3703341383 0.5313101356
-0.0849084777 2.3703220428 0.5230065752
-0.0877387822 2.3702970649 0.5138261758
-0.09110034609999999 2.3702578785 0.5036958462
-0.09496366840000001 2.3702070211 0.4925263102
-0.0993269594 2.3701455432 0.4802393457
-0.1043130793 2.3700681009 0.4667824469
-0.1098126201 2.3699815066 0.4520355491
-0.1158475657 2.3698854812 0.4359342783
-0.1223427609 2.3697847945 0.4183888179
-0.1292287842 2.3696837076 0.3993280156
-0.1364129741 2.3695873991 0.3786981121
-0.1438124111 2.3695002388 0.3564727155
-0.1513464093 2.3694260665 0.3326593188
-0.1589786053 2.3693659997 0.3073112018
-0.1666932109 2.3693196811 0.2805199057
-0.1745049222 2.3692847479 0.2524191536
-0.182443989 2.3692576353 0.2231787039
-0.1905303263 2.3692349477 0.1929955075
-0.1987449591 2.3692149801 0.1620832417
-0.2070198848 2.3691983027 0.1306649126
-0.2152402182 2.3691877252 0.0989673026
-0.2232625967 2.3691874257 0.06721880769999999
-0.2309470588 2.3692013811 0.0356507105
-0.2381892245 2.3692318129 0.0044959495
-0.244931056 2.3692787246 -0.0260159093
-0.2511666655 2.3693397126 -0.0556663208
-0.2569222782 2.369411082 -0.0842589973
-0.2622290346 2.3694892848 -0.1116290753
-0.2671045935 2.3695718825 -0.1376484156
-0.2715392247 2.3696582532 -0.1622279394
-0.2754965309 2.3697495273 -0.1853153364
-0.2789324978 2.3698475783 -0.2068884713
-0.2818094217 2.3699542663 -0.2269490478
-0.2841192478 2.3700702089 -0.2455154044
-0.2858922509 2.3701943147 -0.2626187584
-0.2871993841 2.3703236554 -0.2783022601
-0.2881461256 2.3704537636 -0.2926207433
-0.2888632558 2.370579073 -0.3056400326
-0.2894957915 2.3706934204 -0.3174338138
-0.2901911284 2.3707905658 -0.3280789956
-0.2911004192 2.3708640187 -0.3376469619
-0.292391786 2.3709062015 -0.3461880542
-0.2942545453 2.3709079385 -0.3537066652
-0.296899868 2.3708578618 -0.3601158013
-0.3005744442 2.3707398334 -0.3650815187
-0.3052419576 2.370547731 -0.3679626603
-0.3101118015 2.3703125 -0.3681417042
-0.3143016649 2.3700759039 -0.3655167907
-0.3176451632 2.369857586 -0.3610246075
-0.3206076331 2.3696448368 -0.3554756697
-0.3234505852 2.3694269339 -0.3490347004
-0.3262549058 2.3691997374 -0.3416857967
-0.3290177831 2.3689625621 -0.3333621191
-0.3316784541 2.368717268 -0.3239741454
-0.3341284911 2.3684679338 -0.3134237598
-0.3362206461 2.3682205557 -0.3016148597
-0.3377847178 2.3679824512 -0.2884678026
-0.3386442495 2.3677614717 -0.2739214602
-0.3386595608 2.3675639942 -0.257940692
-0.337742374 2.3673940431 -0.2405027567
-0.3358843485 2.3672518467 -0.2215931657
-0.3331556905 2.3671337568 -0.2011936194
-0.3296599314 2.3670344932 -0.1792852452
-0.3255183629 2.3669480343 -0.1558592604
-0.3208192271 2.3668702887 -0.1309328013
-0.3155807566 2.366801077 -0.1045635086
-0.3097507606 2.3667442353 -0.0768563117
-0.3032235051 2.3667068008 -0.0479640783
-0.29588502 2.3666967246 -0.0180813146
-0.2876716686 2.3667198215 0.0125716538
-0.2786180141 2.3667772 0.0437679164
-0.2688689123 2.366864465 0.07529077989999999
-0.2586538199 2.3669729029 0.1069393198
-0.2482193953 2.3670929166 0.1385162231
-0.2377820256 2.3672164642 0.1698177411
-0.2274748975 2.3673397801 0.2006222732
-0.2173368446 2.3674638817 0.2306933494
-0.2073390432 2.3675930855 0.2597944941
-0.197432981 2.3677324227 0.2877091279
-0.187599419 2.3678850117 0.31426015
-0.1778778821 2.3680504342 0.3393249816
-0.1683558823 2.3682252642 0.3628353584
-0.1591496112 2.3684040921 0.3847705235
-0.1504123245 2.368579051 0.4051626032
-0.1422173396 2.368746192 0.4240419366
-0.1346656588 2.3688997493 0.4414768959
-0.1277267541 2.3690407973 0.4575011081
-0.1214292406 2.3691669981 0.4721911323
-0.1156787664 2.3692825225 0.4855818411
-0.1103303987 2.369394132 0.4976979723
-0.1054916058 2.3694947111 0.5086919515
-0.1009678279 2.3695940012 0.5185429679
-0.09659094980000001 2.3697002042 0.5272505795
-0.0923696306 2.3698116328 0.5349175949
-0.0884068088 2.3699213752 0.5416977809
-0.0847179966 2.3700274496 0.5476906944
-0.0813082371 2.3701285146 0.5529853226
-0.0781752906 2.3702236991 0.5576613174
-0.09140898980000001 2.525 0.5366137192
-0.092188013 2.525014892 0.5319457402
-0.09313222879999999 2.5250285222 0.5267269728
-0.0942783558 2.525039928 0.5209027828
-0.09567106979999999 2.5250478456 0.5144158457
-0.0973644696 2.525050644 0.5072067712
-0.0994270579 2.5250461037 0.4992156744
-0.1019935127 2.5250291669 0.4903937979
-0.1051104915 2.5249986043 0.4806722959
-0.1087270936 2.5249574143 0.4699616208
-0.1128241076 2.5249071656 0.4581845633
-0.1175433767 2.5248424646 0.4452963916
-0.122751929 2.5247700329 0.4311736038
-0.1284660537 2.5246898333 0.4157532106
-0.1346057172 2.5246060538 0.3989467456
-0.1410927783 2.5245226368 0.3806823678
-0.1478365662 2.5244438303 0.3609091778
-0.1547550176 2.52437327 0.3396018793
-0.1617768696 2.5243137883 0.3167707498
-0.1688774856 2.5242658526 0.2924701963
-0.1760527596 2.5242287199 0.2667908528
-0.1833279992 2.5242000347 0.2398631255
-0.190739635 2.5241766505 0.2118504977
-0.1983076997 2.5241558508 0.1829408527
-0.2060078108 2.5241366026 0.1533366072
-0.2137655108 2.5241198505 0.1232486826
-0.2214598852 2.5241084172 0.0928915475
-0.2289458685 2.5241060941 0.0624822951
-0.2360886257 2.5241162042 0.0322426873
-0.2427927023 2.524140421 0.0023971576
-0.2490131578 2.524178359 -0.0268320456
-0.2547572993 2.5242275876 -0.0552333767
-0.2600611195 2.5242847185 -0.082617537
-0.2649612435 2.5243466493 -0.1088262194
-0.2694766595 2.524411366 -0.1337370574
-0.2735939583 2.5244785738 -0.1572658929
-0.2772712269 2.5245495084 -0.1793639311
-0.2804584989 2.524626028 -0.2000112537
-0.2831109731 2.5247100035 -0.2192103653
-0.2852155558 2.5248021542 -0.2369791402
-0.2867984045 2.524901702 -0.253347323
-0.2879274117 2.525006263 -0.2683559818
-0.2887058664 2.5251121096 -0.282057552
-0.28926284 2.525214563 -0.2945154971
-0.2897416614 2.5253084372 -0.3058012712
-0.2902873933 2.5253885103 -0.3159898252
-0.2910497748 2.5254493139 -0.325150795
-0.292194769 2.5254845062 -0.3333334357
-0.293911841 2.5254863092 -0.3405405061
-0.2964079804 2.5254453301 -0.34668609
-0.2999279738 2.5253481077 -0.3514347996
-0.3044150904 2.5251907334 -0.3541661185
-0.309086164 2.525 -0.3543362964
-0.3131597858 2.5248077056 -0.3519060413
-0.3164614689 2.5246291468 -0.34768081
-0.3193804656 2.5244558957 -0.3424165415
-0.3221698009 2.5242792739 -0.3362867123
-0.3249116636 2.5240957951 -0.3292813702
-0.327607559 2.5239047811 -0.3213392969
-0.3302038358 2.5237075981 -0.312376622
-0.3326009516 2.5235074148 -0.3023007198
-0.3346626962 2.5233089207 -0.2910199644
-0.3362316288 2.5231178347 -0.2784580914
-0.3371430261 2.5229403396 -0.2645551232
-0.3372662056 2.5227814652 -0.2492758762
-0.3365158726 2.5226444896 -0.2325968882
-0.3348807109 2.5225297346 -0.2145038184
-0.3324223353 2.5224344943 -0.194980044
-0.3292339811 2.5223547633 -0.1740092488
-0.3254278962 2.5222858503 -0.1515848062
-0.3210881543 2.5222244653 -0.1277239909
-0.316235473 2.5221703058 -0.1024815345
-0.3108263189 2.5221261595 -0.0759562001
-0.304766296 2.5220973634 -0.0482918473
-0.2979504563 2.5220900906 -0.0196721741
-0.2903167896 2.5221090055 0.0096932189
-0.2818910132 2.5221552448 0.0395861617
-0.2728000985 2.5222257005 0.06979572219999999
-0.2632517501 2.522313799 0.1001248287
-0.25347403 2.5224120832 0.1303808371
-0.2436722728 2.5225140708 0.1603673232
-0.2339792973 2.5226164087 0.1898737652
-0.2244424833 2.5227193858 0.2186775363
-0.2150442915 2.522825962 0.246556384
-0.2057440308 2.5229398694 0.2733060684
-0.196521841 2.5230636258 0.2987577663
-0.1874076774 2.5231971999 0.3227919622
-0.1784742614 2.523338297 0.3453389946
-0.1698225918 2.5234830043 0.3663741851
-0.1615872795 2.5236255311 0.3859218512
-0.153840716 2.5237625996 0.4040113269
-0.146677513 2.5238896693 0.4207064587
-0.140083162 2.5240069518 0.4360455871
-0.1340871974 2.5241124895 0.4501023275
-0.1286181279 2.5242088064 0.4629185328
-0.1235619135 2.5243002676 0.4745273126
-0.1189986332 2.5243822582 0.4850593809
-0.114767919 2.524461335 0.4945197426
-0.1107218715 2.5245434502 0.5029224014
-0.1068500111 2.5246281685 0.5103535123
-0.1032358502 2.5247107034 0.5169467757
-0.099887596 2.5247898106 0.5227922128
-0.09680494019999999 2.5248646865 0.5279709182
-0.09398202999999999 2.5249348351 0.5325561241
-0.1061290964 2.6797011111 0.5053308755
-0.1055047362 2.6796875 0.5098136209
-0.1069077425 2.6797137813 0.5003208758
-0.107878349 2.6797247105 0.4947317874
-0.1090872104 2.6797328455 0.4885093646
-0.1105908864 2.6797368235 0.481597586
-0.1124618484 2.6797347825 0.4739402817
-0.1148506334 2.6797223112 0.4654941269
-0.117802619 2.6796984687 0.4561935899
-0.1212439867 2.6796662372 0.4459495129
-0.1251302917 2.6796275843 0.4346849609
-0.1296167576 2.6795779229 0.4223604292
-0.1345551033 2.6795228489 0.4088499661
-0.1399479706 2.6794627623 0.3940884043
-0.1457196507 2.6794006597 0.377992639
-0.1517845924 2.6793397641 0.3604907273
-0.1580640605 2.6792828774 0.3415386247
-0.1644828455 2.6792325267 0.3211144053
-0.1709873477 2.6791902836 0.2992333627
-0.1775671602 2.6791560634 0.2759510394
-0.184228515 2.6791290105 0.2513563876
-0.1910012798 2.6791072567 0.2255747136
-0.1979182537 2.6790886225 0.198760906
-0.204988598 2.6790715119 0.1710913594
-0.2121761132 2.6790556549 0.1427559472
-0.2193992724 2.679042139 0.1139537103
-0.2265375927 2.679033237 0.0848889593
-0.2334560082 2.6790316429 0.0557710116
-0.2400375377 2.6790394355 0.0268155235
-0.2462043444 2.6790574455 -0.0017595408
-0.2519268464 2.6790850085 -0.0297391595
-0.257219797 2.6791201546 -0.0569202222
-0.2621176602 2.6791604648 -0.0831226328
-0.2666504067 2.6792038871 -0.1081967034
-0.2708274668 2.6792492725 -0.1320274793
-0.2746289486 2.67929666 -0.1545358566
-0.278009734 2.679347127 -0.1756758396
-0.2809213601 2.6794020521 -0.1954279225
-0.2833243143 2.6794626887 -0.2137935522
-0.2852109892 2.6795293954 -0.2307888541
-0.2866111549 2.6796014441 -0.2464418825
-0.2875929793 2.6796769851 -0.2607921772
-0.2882548949 2.6797533037 -0.273890805
-0.288721358 2.6798269383 -0.2857991436
-0.2891216447 2.6798943453 -0.2965868551
-0.289589799 2.6799518466 -0.3063264379
-0.2902608288 2.6799957021 -0.3150858896
-0.291281887 2.6800216605 -0.3229157153
-0.2928191708 2.6800245804 -0.3298274133
-0.2950618759 2.6799980133 -0.3357530908
-0.2982331009 2.6799329109 -0.3404187609
-0.3023513699 2.6798245021 -0.3432593479
-0.3067879776 2.6796875 -0.3435935824
-0.3106908297 2.6795476515 -0.3412809526
-0.3138626367 2.6794180428 -0.3372497489
-0.3166922635 2.6792919075 -0.3322362007
-0.3194198286 2.6791628934 -0.3264016854
-0.3221224505 2.6790284905 -0.3197346836
-0.3248008397 2.6788882301 -0.3121749937
-0.3274030064 2.6787431366 -0.3036403426
-0.3298325222 2.6785955662 -0.2940396569
-0.3319569005 2.6784490133 -0.283282451
-0.3336213472 2.6783077817 -0.2712928537
-0.3346629757 2.6781765532 -0.2580116422
-0.3349506047 2.6780591978 -0.2434045216
-0.3343975208 2.6779582818 -0.2274499494
-0.3329905663 2.6778741332 -0.2101363606
-0.3307895736 2.6778047689 -0.1914500005
-0.3278870199 2.6777471763 -0.1713766589
-0.3243946804 2.677697799 -0.1499106595
-0.3203976439 2.6776540844 -0.1270684872
-0.3159184824 2.6776157079 -0.102902091
-0.3109161177 2.6775846574 -0.0775054008
-0.3052984221 2.6775648463 -0.0510155528
-0.2989616342 2.677560838 -0.0236080539
-0.2918429228 2.6775760961 0.0045164002
-0.2839648493 2.6776114619 0.0331486814
-0.2754490495 2.6776646106 0.0620865864
-0.2664966683 2.6777306172 0.0911415175
-0.257329132 2.6778038851 0.1201293909
-0.2481458138 2.6778795376 0.1488625825
-0.2390750081 2.6779550336 0.1771398497
-0.230160709 2.67803057 0.2047480992
-0.2213823518 2.6781083729 0.2314743045
-0.2126958135 2.6781912834 0.257122395
-0.2040768891 2.6782812673 0.2815298956
-0.1955502984 2.678378404 0.3045812847
-0.1871833572 2.6784810798 0.3262087675
-0.1790720023 2.6785864614 0.3463877123
-0.171346616 2.6786902808 0.3651408914
-0.1640772088 2.6787901315 0.3824960161
-0.1573567651 2.6788826366 0.3985142558
-0.1511720228 2.6789679396 0.4132325077
-0.1455528765 2.6790445772 0.4267213373
-0.1404305389 2.6791144131 0.4390210583
-0.135695654 2.6791806451 0.4501640701
-0.1314259411 2.6792399084 0.4602746408
-0.1274664188 2.679297034 0.4693583403
-0.1236736852 2.679356428 0.4774289794
-0.1200376877 2.6794177975 0.4845686463
-0.1166403543 2.6794776219 0.4909048057
-0.1134904564 2.6795349872 0.4965235094
-0.1105884758 2.6795893032 0.501502319
-0.1079295104 2.6796402043 0.5059113231
-0.1175772264 2.8343824619 0.4793725329
-0.1171033844 2.834375 0.4836735311
-0.1181942403 2.8343894875 0.4745670152
-0.1189928423 2.8343956682 0.4692077568
-0.1200206631 2.8344004647 0.4632433617
-0.1213363556 2.8344031778 0.4566208992
-0.1230158488 2.8344028494 0.4492875583
-0.1252239856 2.8343971421 0.4412046071
-0.1280048073 2.8343856075 0.4323096575
-0.1312643238 2.8343699504 0.4225148091
-0.1349312454 2.8343515009 0.4117431792
-0.1391778215 2.8343277918 0.3999608526
-0.1438385571 2.8343017365 0.3870397084
-0.1489040973 2.8342737004 0.3729131149
-0.1543027658 2.8342450202 0.3575031583
-0.1599422268 2.8342173207 0.3407382498
-0.1657548962 2.8341917409 0.3225807086
-0.1716720353 2.8341693732 0.3030117949
-0.1776565069 2.8341507063 0.2820512049
-0.1837111457 2.8341355072 0.2597551958
-0.1898518323 2.8341232432 0.2362107912
-0.1961122262 2.8341130045 0.2115380539
-0.2025234413 2.834103827 0.18588399
-0.209083266 2.8340951862 0.1594137764
-0.2157454322 2.8340871717 0.1323056965
-0.2224223359 2.8340804594 0.1047476759
-0.2289944503 2.8340761802 0.0769344435
-0.2353365515 2.8340755256 0.0490677938
-0.2413487117 2.8340792825 0.021357218
-0.2469698669 2.8340876489 -0.0059858949
-0.252184861 2.8341001507 -0.0327538757
-0.2570156213 2.8341157983 -0.0587519895
-0.2614952829 2.8341335174 -0.0838090874
-0.2656477572 2.8341524716 -0.1077837255
-0.2694737567 2.8341722852 -0.1305679085
-0.2729477927 2.834193088 -0.1520871941
-0.2760209638 2.8342154659 -0.1722982279
-0.2786478529 2.8342400334 -0.1911817667
-0.280792983 2.8342673233 -0.2087383091
-0.2824540942 2.8342974184 -0.2249824181
-0.2836642188 2.8343299141 -0.239940659
-0.2844915945 2.834363918 -0.2536512354
-0.2850311816 2.8343981766 -0.2661638541
-0.2853989044 2.834431157 -0.2775383848
-0.285714603 2.8344612939 -0.2878423503
-0.2861004775 2.8344869959 -0.2971460284
-0.2866776061 2.8345066749 -0.3055157601
-0.2875749311 2.8345185761 -0.3130032315
-0.2889391427 2.8345205655 -0.3196267184
-0.2909390147 2.8345099514 -0.3253372317
-0.2937793289 2.8344829288 -0.3299161014
-0.2975483753 2.8344364364 -0.332849844
-0.3017623897 2.834375 -0.3333368333
-0.3055083266 2.8343114934 -0.3311414934
-0.3085637756 2.83425276 -0.3273017415
-0.3113154081 2.834195437 -0.3225347552
-0.313989932 2.834136636 -0.316989735
-0.3166610385 2.8340752114 -0.31065435
-0.3193285694 2.8340109646 -0.3034691606
-0.3219424017 2.833944373 -0.2953534433
-0.3244093835 2.8338765279 -0.2862176092
-0.3266009345 2.8338090517 -0.2759722278
-0.3283651918 2.8337439623 -0.2645417165
-0.3295414462 2.8336834671 -0.2518674086
-0.3299984497 2.8336294172 -0.2379156857
-0.3296483905 2.8335830605 -0.2226665783
-0.328476528 2.8335445866 -0.2061111215
-0.3265409538 2.833513089 -0.1882382987
-0.3239332832 2.8334871551 -0.169036035
-0.3207646305 2.8334651058 -0.148499749
-0.3171208058 2.8334457102 -0.1266453432
-0.3130259363 2.8334287741 -0.1035221674
-0.3084411278 2.8334151815 -0.0792194583
-0.3032763184 2.8334067224 -0.0538677202
-0.2974288094 2.8334055006 -0.0276343483
-0.2908348923 2.8334131192 -0.0007112546
-0.2835139436 2.833429966 0.0267012428
-0.2755822254 2.8334549563 0.0544092997
-0.2672342353 2.8334857896 0.0822322831
-0.2586846267 2.8335198479 0.1099941033
-0.2501266291 2.8335548454 0.1375153835
-0.2416838159 2.8335895832 0.164603704
-0.2333966547 2.8336241451 0.1910551925
-0.2252415258 2.8336595751 0.216665878
-0.2171709745 2.8336972195 0.241247791
-0.2091566616 2.8337380312 0.2646447922
-0.2012183312 2.833782092 0.2867453514
-0.1934181451 2.8338286945 0.3074835267
-0.1858471961 2.8338765583 0.3268347078
-0.1786317633 2.8339237213 0.3448200367
-0.1718395315 2.8339690822 0.3614655733
-0.16556186 2.8340110754 0.3768297382
-0.1597866237 2.8340497626 0.3909479897
-0.1545440357 2.8340844629 0.4038878498
-0.1497679442 2.8341160352 0.4156881896
-0.1453533897 2.8341459434 0.4263807395
-0.1413760828 2.8341726547 0.4360835025
-0.1376862045 2.8341983911 0.444802718
-0.1341446609 2.8342251882 0.4525521378
-0.1307419444 2.834252924 0.4594099458
-0.1275586855 2.8342799807 0.4654975038
-0.1246043297 2.8343059387 0.4708970095
-0.1218802293 2.834330527 0.4756825965
-0.1193824915 2.8343535769 0.4799213054
-0.1313538822 2.9890958564 0.4543899878
-0.1310221685 2.9890625 0.4585119835
-0.1318176609 2.9891275112 0.449785428
-0.1324523904 2.9891557314 0.4446514922
-0.1333066696 2.9891782253 0.4389393824
-0.1344407587 2.9891920177 0.4325989488
-0.1359333616 2.9891930202 0.4255803392
-0.1379615873 2.9891710359 0.4178484518
-0.1405680209 2.9891242725 0.4093438508
-0.143639776 2.9890606323 0.399980426
-0.1470844415 2.9889866457 0.3896829108
-0.1510848572 2.9888917102 0.3784209214
-0.15546284 2.9887882031 0.3660659586
-0.160197504 2.9886782551 0.3525503575
-0.165221168 2.988566879 0.3378012463
-0.1704356535 2.9884608936 0.3217478959
-0.1757839146 2.9883641409 0.304358487
-0.1812034592 2.9882805827 0.2856172802
-0.186672429 2.9882112304 0.2655477198
-0.1922057983 2.9881544528 0.2442063118
-0.1978282514 2.9881076686 0.2216778719
-0.2035775351 2.9880671211 0.1980773826
-0.2094809981 2.9880293697 0.1735436986
-0.2155282635 2.9879930308 0.1482320618
-0.2216634376 2.9879593016 0.1223098263
-0.2277938591 2.9879314576 0.0959545946
-0.2338015377 2.9879141925 0.0693520998
-0.2395709507 2.9879119381 0.0426968486
-0.245018317 2.9879271052 0.0161920648
-0.250097954 2.9879597947 -0.009957642500000001
-0.2548095012 2.9880074371 -0.0355518824
-0.259179932 2.9880660028 -0.060404492
-0.2632416362 2.9881314418 -0.0843529123
-0.2670129605 2.9882009229 -0.1072635401
-0.2704867104 2.9882735659 -0.129034857
-0.2736321102 2.9883503149 -0.1495967496
-0.2763980642 2.9884337104 -0.1689080747
-0.2787411851 2.9885261178 -0.1869499575
-0.2806301459 2.9886294153 -0.2037219764
-0.2820675822 2.9887436152 -0.2192373231
-0.2830893235 2.9888668897 -0.2335212703
-0.2837633119 2.9889956319 -0.2466108608
-0.2841806403 2.9891249909 -0.2585546015
-0.2844494752 2.9892492172 -0.2694108899
-0.2846798177 2.9893625431 -0.2792452737
-0.2849826484 2.9894591755 -0.2881258707
-0.285465715 2.989533471 -0.2961173657
-0.2862406187 2.9895793986 -0.3032723742
-0.2874355601 2.9895895634 -0.3096152413
-0.2891995441 2.9895545995 -0.315114644
-0.2917189417 2.9894611229 -0.3196023163
-0.2951446683 2.9892940865 -0.3226164808
-0.2991313764 2.9890625 -0.3232477983
-0.3027165608 2.9888200491 -0.3211717685
-0.3056525175 2.9885962949 -0.3175224181
-0.3083215536 2.9883772798 -0.3129982646
-0.3109373999 2.9881519376 -0.3077375095
-0.3135699911 2.9879158956 -0.3017272206
-0.3162184817 2.9876684476 -0.2949088733
-0.3188347321 2.9874114651 -0.2872033078
-0.321329091 2.9871491994 -0.2785223768
-0.3235772245 2.9868879838 -0.2687776222
-0.3254307457 2.9866357666 -0.2578936201
-0.3267317438 2.9864012895 -0.2458120255
-0.3273492053 2.9861919959 -0.2324991617
-0.3271957515 2.9860129158 -0.217937664
-0.3262541967 2.9858649796 -0.2021195479
-0.3245810797 2.9857446845 -0.1850368761
-0.3222667801 2.9856464674 -0.166679753
-0.319421277 2.9855636713 -0.1470448583
-0.3161306241 2.9854913225 -0.1261477366
-0.3124202278 2.9854284998 -0.1040353201
-0.3082533181 2.9853785094 -0.08079227329999999
-0.303542061 2.9853482362 -0.0565425266
-0.2981851039 2.9853458356 -0.031445404
-0.2921181124 2.9853775457 -0.0056841239
-0.285357333 2.9854448692 0.0205495812
-0.2780134613 2.9855435528 0.047069835
-0.2702739116 2.985664566 0.0737034136
-0.2623460552 2.9857976197 0.1002816068
-0.2544165084 2.9859337121 0.1266326943
-0.2466038386 2.9860680931 0.1525726114
-0.2389449703 2.9862010632 0.1779064091
-0.231413461 2.9863367351 0.2024390315
-0.2239588983 2.986480467 0.225990573
-0.2165492957 2.9866361187 0.2484112979
-0.2091993324 2.9868042009 0.2695934595
-0.2019664626 2.9869820851 0.2894731272
-0.1949367955 2.9871649127 0.3080255819
-0.1882322954 2.9873450985 0.3252701989
-0.1819182292 2.9875184023 0.3412313462
-0.1760841007 2.9876787229 0.355964598
-0.170718907 2.9878262815 0.3695040143
-0.1658530665 2.987958415 0.3819140866
-0.1614231626 2.9880784512 0.3932323727
-0.1573287804 2.9881920252 0.4034900798
-0.1536434964 2.9882932664 0.4127990297
-0.15022291 2.9883907668 0.4211663228
-0.1469325211 2.9884924348 0.4286058779
-0.1437634024 2.9885978449 0.4351921188
-0.140794686 2.9887007473 0.4410403408
-0.1380364344 2.9887995227 0.4462289681
-0.1354908314 2.9888931244 0.4508287887
-0.1331549635 2.9889808989 0.4549038723
-0.1473168621 3.1437623011 0.4293390826
-0.147119176 3.14375 0.4332821779
-0.1476358026 3.1437740395 0.4249350078
-0.1481151995 3.1437846003 0.4200254146
-0.1488044032 3.1437931696 0.4145639299
-0.1497649898 3.1437986891 0.4085029674
-0.151077416 3.1437997142 0.4017952512
-0.1529313814 3.1437925097 0.3944088333
-0.1553662545 3.1437765089 0.3862868347
-0.1582526872 3.1437546944 0.3773457334
-0.1614790676 3.1437296441 0.3675125506
-0.1652376997 3.1436975513 0.3567597301
-0.1693387731 3.1436628155 0.3449593808
-0.1737508522 3.1436263597 0.3320434064
-0.1784098479 3.1435897722 0.3179437579
-0.1832122688 3.1435554511 0.3025909896
-0.1881106801 3.1435244737 0.2859585655
-0.1930482068 3.1434980519 0.2680334012
-0.1980169839 3.1434762379 0.2488420085
-0.2030430806 3.1434582677 0.2284406408
-0.2081592396 3.1434431324 0.2069116037
-0.2134070267 3.1434295297 0.1843647556
-0.2188106118 3.1434164235 0.1609311658
-0.2243523407 3.1434035689 0.1367567222
-0.2299680184 3.1433916259 0.111998627
-0.2355605452 3.1433818759 0.08682472450000001
-0.2410136928 3.1433759564 0.0614120958
-0.246221913 3.143375243 0.0359481521
-0.2511138182 3.1433803796 0.0106288251
-0.2556610533 3.1433911234 -0.0143476155
-0.2598741724 3.1434064625 -0.0387888373
-0.2637870389 3.1434249697 -0.0625169038
-0.2674309167 3.143445369 -0.0853776869
-0.270819357 3.1434668614 -0.1072450215
-0.2739382115 3.1434893399 -0.1280234132
-0.2767520451 3.1435132524 -0.1476467538
-0.2792079128 3.1435395181 -0.1660759259
-0.281264178 3.1435689067 -0.1832924537
-0.2828933106 3.1436019765 -0.1992951189
-0.284102249 3.1436386351 -0.2140959208
-0.2849292481 3.1436782027 -0.2277189568
-0.2854417963 3.1437194514 -0.2402001351
-0.285727421 3.1437607936 -0.251586708
-0.2858864846 3.1438004152 -0.2619355114
-0.2860216767 3.1438364916 -0.2713099808
-0.2862320451 3.1438672718 -0.2797759946
-0.2866134693 3.1438910598 -0.2873964194
-0.2872617245 3.1439061257 -0.2942243628
-0.2882875698 3.1439103324 -0.300289582
-0.2898222836 3.1439009413 -0.3055763918
-0.2920340381 3.1438740185 -0.3099635776
-0.2951304276 3.1438236269 -0.3130392621
-0.2988965536 3.14375 -0.3138016727
-0.302329024 3.1436719069 -0.3118433922
-0.3051537701 3.1435999719 -0.3083805622
-0.3077475973 3.1435293291 -0.304093086
-0.3103122116 3.1434563979 -0.2991092822
-0.3129134677 3.1433797791 -0.2934156872
-0.3155500198 3.1432992635 -0.2869549873
-0.3181755903 3.1432154736 -0.2796497194
-0.3207038862 3.1431298101 -0.2714133561
-0.323014692 3.1430443628 -0.2621585721
-0.3249629727 3.1429617762 -0.2518101951
-0.3263936672 3.1428849732 -0.2403102247
-0.3271761993 3.1428164761 -0.2276252244
-0.3272231446 3.1427580014 -0.2137390853
-0.3265154884 3.1427099108 -0.1986456664
-0.3251080751 3.1426710641 -0.1823395303
-0.3230899615 3.1426396122 -0.1648128737
-0.3205700384 3.1426133278 -0.1460636419
-0.3176344575 3.1425905171 -0.1261071154
-0.3143097507 3.1425708243 -0.1049879269
-0.3105610364 3.1425552926 -0.0827862979
-0.306302459 3.1425461593 -0.0596197005
-0.3014337613 3.1425460953 -0.0356394905
-0.2958897949 3.142557152 -0.011020289
-0.2896836037 3.1425798228 0.014054642
-0.2829203727 3.1426127005 0.0394072281
-0.2757806025 3.1426527931 0.0648714227
-0.26846459 3.1426966862 0.0902856252
-0.2611525505 3.1427413861 0.1154855124
-0.2539581861 3.1427853033 0.1402951614
-0.2469149381 3.1428285272 0.1645284026
-0.2399935888 3.1428724246 0.1879990271
-0.2331408237 3.1429187946 0.2105351809
-0.2263210131 3.1429689572 0.2319935034
-0.2195442163 3.143023137 0.2522702418
-0.212863138 3.1430805164 0.2713033654
-0.2063592268 3.1431395369 0.289068136
-0.2001504829 3.1431977213 0.305582184
-0.1942998784 3.1432536895 0.320868184
-0.1888953297 3.143305432 0.3349788745
-0.1839270321 3.143353013 0.3479469642
-0.179425691 3.1433955512 0.3598339385
-0.1753305895 3.1434341348 0.3706761088
-0.1715457956 3.1434705912 0.3805042202
-0.1681429128 3.1435030248 0.3894240333
-0.164982679 3.1435342397 0.3974434966
-0.1619350651 3.1435668273 0.4045767596
-0.1589920068 3.1436006639 0.4108946936
-0.1562308603 3.1436337147 0.4165064296
-0.1536623764 3.1436654531 0.4214867055
-0.1512895263 3.1436955388 0.425902996
-0.149110337 3.143723759 0.4298164325
-0.1564409567 3.2984462382 0.4008545695
-0.1563346787 3.2984375 0.4046065971
-0.156656278 3.2984546134 0.396663167
-0.1570182376 3.2984622028 0.391989733
-0.1575743805 3.2984684457 0.3867897903
-0.1583842583 3.2984726126 0.3810176165
-0.1595260042 3.2984737068 0.3746276251
-0.1611853265 3.2984691514 0.3675876717
-0.1633999341 3.298458553 0.359843649
-0.1660414245 3.2984439666 0.3513180211
-0.1689993858 3.2984271607 0.3419434904
-0.1724622423 3.2984055071 0.3316923242
-0.1762414587 3.298382043 0.3204432853
-0.1803058246 3.2983573927 0.3081319658
-0.1845911412 3.2983326549 0.2946934609
-0.188995504 3.298309472 0.2800620006
-0.193472072 3.2982885849 0.2642125428
-0.1979656538 3.2982708178 0.2471330871
-0.2024695613 3.2982561972 0.2288491925
-0.2070114621 3.2982441788 0.2094146902
-0.2116262897 3.2982340465 0.1889081126
-0.2163581085 3.2982248817 0.1674340778
-0.2212341263 3.2982159525 0.1451173632
-0.2262401345 3.2982070827 0.1220969069
-0.2313155141 3.2981987334 0.09852244860000001
-0.2363667758 3.298191808 0.074553827
-0.2412809445 3.2981874674 0.0503595486
-0.2459554734 3.2981866955 0.0261178965
-0.2503220884 3.298189962 0.0020152895
-0.2543552346 3.2981971175 -0.0217595586
-0.2580691239 3.298207457 -0.0450235089
-0.2615014039 3.2982199771 -0.0676072105
-0.2646874562 3.2982337688 -0.08936403029999999
-0.2676450748 3.2982482484 -0.1101738615
-0.2703634443 3.2982633222 -0.1299457337
-0.2728093034 3.2982792947 -0.1486165535
-0.2749309961 3.2982968052 -0.1661488197
-0.2766859571 3.2983164156 -0.1825248558
-0.278045462 3.2983385348 -0.1977433515
-0.279013553 3.2983631361 -0.2118157856
-0.279625636 3.2983897744 -0.2247651433
-0.279945891 3.298417623 -0.2366259697
-0.2800589527 3.2984455924 -0.2474439338
-0.2800623889 3.2984724339 -0.2572742332
-0.2800543461 3.2984969064 -0.2661787409
-0.2801331971 3.2985177765 -0.2742216958
-0.2803934798 3.2985338519 -0.2814640963
-0.2809296533 3.2985439177 -0.2879567013
-0.2818534722 3.2985464382 -0.293724618
-0.2832973447 3.2985394349 -0.2987392026
-0.2853986643 3.2985206003 -0.3028776607
-0.2883213439 3.2984865939 -0.3057787905
-0.2918859382 3.2984375 -0.3065321216
-0.2951522053 3.2983855887 -0.3046904004
-0.2978448782 3.2983379774 -0.3014114717
-0.3003330939 3.2982911779 -0.2973566881
-0.3028060239 3.2982428 -0.2926446713
-0.3053256191 3.2981919175 -0.2872619518
-0.3078903352 3.2981384015 -0.2811531706
-0.3104564847 3.2980826748 -0.2742437276
-0.3129429943 3.2980256725 -0.2664502166
-0.3152367984 3.2979687864 -0.2576881722
-0.3172013497 3.2979137755 -0.2478843667
-0.3186905854 3.2978625803 -0.2369817563
-0.3195813036 3.2978168764 -0.2249466681
-0.3197910731 3.2977778018 -0.2117625678
-0.3193020928 3.2977455944 -0.1974231443
-0.3181654904 3.297719508 -0.1819237186
-0.3164646227 3.2976983288 -0.1652579937
-0.3143005309 3.2976806059 -0.147425567
-0.3117515351 3.297665259 -0.1284424049
-0.308839068 3.2976520986 -0.1083517292
-0.3055263078 3.2976418622 -0.08722994589999999
-0.3017300203 3.2976360479 -0.065187896
-0.2973533717 3.297636436 -0.0423688771
-0.2923383837 3.2976443085 -0.0189369065
-0.2867016062 3.2976599007 0.0049350804
-0.2805482931 3.2976821621 0.0290788435
-0.2740539894 3.2977090053 0.0533365956
-0.2674103705 3.2977381025 0.0775537223
-0.2607863822 3.2977674617 0.1015720884
-0.2542840642 3.297796082 0.1252222917
-0.247926533 3.2978241204 0.1483255978
-0.2416769634 3.2978525924 0.1707039949
-0.2354771184 3.297882782 0.192193661
-0.2292885408 3.2979156142 0.2126580904
-0.2231194585 3.2979512415 0.2319984379
-0.2170210429 3.2979890914 0.2501555377
-0.2110725078 3.2980280925 0.2671054266
-0.2053900974 3.2980665317 0.2828646718
-0.2000336521 3.2981034932 0.2974539351
-0.1950885683 3.2981376167 0.3109226135
-0.1905428664 3.2981689917 0.3233008127
-0.1864267512 3.2981970254 0.3346467525
-0.1826784562 3.2982225129 0.3449938273
-0.1792018482 3.298246755 0.3543707313
-0.1760727257 3.2982683825 0.3628806289
-0.173152281 3.2982893775 0.3705268395
-0.1703142739 3.2983115193 0.3773211521
-0.167557355 3.298334636 0.3833340159
-0.1649606954 3.2983572999 0.3886713893
-0.1625373541 3.2983791272 0.3934053716
-0.16029254 3.2983998651 0.3976009993
-0.1582262696 3.2984193525 0.4013170824
-0.1692586085 3.4531507363 0.3830707202
-0.1691868185 3.453125 0.3866766395
-0.1694271289 3.4531755076 0.3790402492
-0.1697264659 3.4531981079 0.3745433695
-0.170199791 3.4532169358 0.3695362404
-0.1709012448 3.4532299054 0.3639735413
-0.1719023442 3.453234147 0.3578096679
-0.1733668244 3.4532225421 0.3510083111
-0.1753327238 3.4531937883 0.3435173957
-0.1776935312 3.4531532611 0.335267831
-0.1803650602 3.4531052459 0.3262004715
-0.1835174415 3.4530422975 0.3162837015
-0.1869773131 3.45297314 0.3054082469
-0.190727502 3.4528990073 0.2935172739
-0.1946975778 3.4528236082 0.2805459139
-0.1987946572 3.4527516314 0.2664338077
-0.2029596748 3.4526859786 0.2511524777
-0.2071327214 3.4526294667 0.2346887855
-0.2112913239 3.452582948 0.2170631934
-0.2154527627 3.4525452396 0.1983255731
-0.2196470345 3.4525143841 0.178550564
-0.2239198301 3.4524875017 0.1578391447
-0.228310185 3.4524618448 0.1363134624
-0.2328212684 3.4524361698 0.1141103318
-0.2374110181 3.4524111936 0.091377376
-0.2419982397 3.4523893357 0.0682707431
-0.2464732993 3.452374251 0.044952987
-0.2507264616 3.4523695409 0.0215938607
-0.2546763437 3.4523774683 -0.0016299849
-0.2582837816 3.4523983644 -0.0245392628
-0.2615546356 3.4524305551 -0.0469587172
-0.2645289728 3.4524709137 -0.0687249526
-0.267253307 3.4525161909 -0.0896955834
-0.2697620695 3.4525638852 -0.1097532491
-0.2720612829 3.4526130056 -0.1288085769
-0.2741282629 3.4526640803 -0.1467995334
-0.27591607 3.4527189372 -0.1636892633
-0.2773765398 3.4527796217 -0.1794610699
-0.278472793 3.452847797 -0.194114224
-0.279196369 3.4529239396 -0.2076604087
-0.2795734747 3.4530070409 -0.2201216733
-0.2796622232 3.453094738 -0.2315312605
-0.2795469589 3.4531835703 -0.2419334749
-0.279328052 3.4532694346 -0.2513829746
-0.279111658 3.4533480254 -0.2599417789
-0.2790059342 3.4534149702 -0.2676747724
-0.2791191212 3.4534658571 -0.2746425651
-0.2795684804 3.4534957493 -0.280891032
-0.2804915662 3.4534984907 -0.2864287703
-0.2820501245 3.4534661275 -0.2911769106
-0.2843389246 3.4533928331 -0.2949440872
-0.2873477419 3.453276511 -0.2974121484
-0.2907975253 3.453125 -0.2979853665
-0.2939302958 3.4529691057 -0.2962286138
-0.2965047951 3.4528272627 -0.2930769017
-0.2988865625 3.4526881821 -0.289183811
-0.3012545674 3.4525446559 -0.2846602329
-0.3036678443 3.4523939083 -0.2794931851
-0.3061252197 3.4522355664 -0.2736296644
-0.3085847013 3.4520709518 -0.2669976971
-0.3109724263 3.4519027741 -0.2595184807
-0.3131841881 3.4517351003 -0.2511112913
-0.3150961652 3.4515729709 -0.24170609
-0.3165771237 3.451421876 -0.231247014
-0.3175180446 3.4512864723 -0.2196995916
-0.3178471472 3.4511698482 -0.2070439077
-0.3175512728 3.4510725317 -0.1932715623
-0.3166762049 3.4509923977 -0.1783759381
-0.3152950712 3.4509260896 -0.1623511629
-0.3134939222 3.4508697245 -0.1451986737
-0.3113339282 3.4508206771 -0.126936263
-0.308823491 3.4507789158 -0.1076073181
-0.3059181016 3.4507470536 -0.08728630549999999
-0.3025352567 3.4507296774 -0.0660794266
-0.2985870192 3.450731862 -0.0441228897
-0.294028281 3.4507568947 -0.0215716696
-0.2888897412 3.4508046941 0.0014115477
-0.2832860538 3.4508713457 0.024668242
-0.2773934763 3.4509500833 0.0480478583
-0.271396264 3.4510337748 0.0714003319
-0.2654484197 3.4511167027 0.0945699009
-0.2596328869 3.4511964587 0.1173891853
-0.2539535623 3.4512742779 0.1396825654
-0.2483587988 3.4513538908 0.1612767302
-0.2427815976 3.4514396021 0.1820133202
-0.2371809563 3.4515343225 0.2017610834
-0.2315670436 3.4516383509 0.2204255866
-0.2259946104 3.4517496606 0.2379507302
-0.2205456486 3.4518647217 0.254314047
-0.2153383351 3.451978056 0.2695317323
-0.2104304898 3.452086894 0.2836227795
-0.2059048985 3.4521871186 0.296633314
-0.2017426751 3.4522793717 0.308589786
-0.1979729671 3.4523618877 0.3195477538
-0.1945269049 3.4524375506 0.329536146
-0.191300197 3.4525108779 0.3385800979
-0.1883827085 3.4525769455 0.3467862864
-0.185627022 3.4526424935 0.3541461468
-0.1829074822 3.4527131594 0.3606657562
-0.1802380267 3.4527877069 0.3664204647
-0.1777052063 3.4528613509 0.3715183165
-0.1753270632 3.4529326959 0.3760313506
-0.1731130899 3.4530007919 0.3800242936
-0.1710667251 3.4530650156 0.3835553406
-0.1804867836 3.607819791 0.3635396376
-0.1804449796 3.6078125 0.3669937264
-0.1806136032 3.6078268354 0.3596767007
-0.1808560935 3.6078333016 0.3553640029
-0.1812531401 3.6078387488 0.3505585087
-0.1818535707 3.6078426021 0.3452154955
-0.1827218905 3.6078440713 0.3392895133
-0.1840019731 3.6078412528 0.3327409571
-0.1857304405 3.6078337535 0.3255195636
-0.1878222008 3.6078228921 0.317564084
-0.1902179542 3.6078096079 0.3088227517
-0.1930699029 3.607791871 0.2992606251
-0.1962197489 3.6077720985 0.2887798678
-0.1996635518 3.6077504582 0.277330602
-0.2033253386 3.6077281497 0.2648485092
-0.2071210464 3.6077064639 0.2512784151
-0.2109804002 3.607686446 0.2365891337
-0.214839232 3.6076690173 0.2207666686
-0.2186603977 3.6076546566 0.2038270553
-0.2224513702 3.6076431551 0.1858164768
-0.226237362 3.6076340023 0.1668057163
-0.2300660972 3.6076263151 0.1468920099
-0.2339853279 3.6076191615 0.1261938422
-0.2380161727 3.6076119425 0.1048454454
-0.2421345256 3.6076046621 0.08299158349999999
-0.2462704239 3.607597944 0.0607840494
-0.2503175076 3.6075929061 0.0383792121
-0.2541599973 3.6075907852 0.0159385466
-0.2577045289 3.6075924946 -0.0063707091
-0.2608991906 3.6075983667 -0.0283784291
-0.2637424171 3.6076080416 -0.0499171686
-0.2662758475 3.6076205843 -0.0708298708
-0.2685563051 3.6076348934 -0.0909789481
-0.2706335841 3.6076500191 -0.1102504586
-0.272529403 3.6076654613 -0.1285572546
-0.2742310661 3.6076812577 -0.1458387467
-0.2756954494 3.6076979244 -0.1620588969
-0.2768721189 3.6077161223 -0.1772016994
-0.277713386 3.6077365144 -0.1912669412
-0.2782009577 3.6077593789 -0.2042659493
-0.2783520844 3.6077845249 -0.2162196578
-0.2782190115 3.6078113007 -0.2271598392
-0.2778854069 3.6078386444 -0.2371294679
-0.2774540984 3.6078652538 -0.2461823405
-0.2770381511 3.6078897032 -0.2543808052
-0.2767528058 3.6079105454 -0.2617903917
-0.2767227074 3.607926188 -0.2684714736
-0.2770811447 3.6079348801 -0.2744660083
-0.2779906495 3.607934356 -0.2797683795
-0.2796413104 3.6079216976 -0.2842546685
-0.2820889257 3.6078955548 -0.2876715493
-0.2851632581 3.6078576495 -0.2897378946
-0.28848804 3.6078125 -0.2901464615
-0.2914763596 3.607767283 -0.2884780873
-0.2939256293 3.6077264586 -0.285459091
-0.2961949979 3.6076865147 -0.2817321467
-0.2984542296 3.6076453343 -0.2774009296
-0.3007592509 3.6076021153 -0.2724535418
-0.3031085685 3.6075567637 -0.2668396223
-0.305462706 3.607509671 -0.2604908781
-0.3077532702 3.6074616143 -0.2533324122
-0.3098848585 3.6074137415 -0.2452877281
-0.3117456504 3.6073674505 -0.2362901905
-0.3132184842 3.6073242411 -0.2262854727
-0.3142073725 3.6072853633 -0.2152383203
-0.3146514935 3.6072516104 -0.2031271135
-0.3145410397 3.6072230925 -0.1899404385
-0.3139170142 3.6071992228 -0.1756702125
-0.3128428418 3.6071791096 -0.1603107957
-0.3113905082 3.6071617619 -0.1438650332
-0.3096052016 3.6071465971 -0.1263519678
-0.30748343 3.6071337619 -0.1078146258
-0.3049733531 3.6071241392 -0.0883252035
-0.3019943946 3.6071190766 -0.0679849018
-0.2984661018 3.6071199838 -0.0469231042
-0.2943555998 3.6071276493 -0.0252859556
-0.289706261 3.60714182 -0.003226399
-0.2846408001 3.607161135 0.0191063001
-0.2793353439 3.6071834801 0.0415686496
-0.2739665604 3.6072067379 0.0640153763
-0.2686740648 3.6072293213 0.0862937589
-0.2635229443 3.6072507032 0.1082393972
-0.2584993961 3.607271466 0.1296807831
-0.2535383185 3.6072928945 0.1504501229
-0.248564829 3.607316374 0.1703950705
-0.2435355094 3.6073427929 0.1893898429
-0.238462363 3.6073721896 0.2073445243
-0.2334028398 3.6074038893 0.2242057803
-0.2284411592 3.607436773 0.2399524612
-0.2236968276 3.6074691486 0.2546001341
-0.2192256432 3.6075002033 0.2681661555
-0.215107779 3.6075287282 0.280693412
-0.2113177446 3.6075550246 0.2922049522
-0.2078852475 3.6075785579 0.3027541914
-0.2047337009 3.6076003351 0.3123655904
-0.2017526015 3.6076218365 0.321061521
-0.199044256 3.607641396 0.3289508694
-0.1964538289 3.6076612029 0.3360146611
-0.1938568373 3.6076829802 0.3422539238
-0.1912814151 3.6077061574 0.347747792
-0.1888202698 3.6077292009 0.3526053067
-0.1864959387 3.6077516355 0.3568979663
-0.1843217809 3.6077731301 0.3606897789
-0.1823043481 3.6077934632 0.364038007
-0.1896860019 3.7625118441 0.3418152277
-0.1896725591 3.7625 0.3451058407
-0.189773045 3.7625233356 0.3381331559
-0.1899609723 3.7625339539 0.3340199103
-0.1902844545 3.7625430057 0.3294335525
-0.1907870928 3.7625495862 0.3243302946
-0.1915264713 3.7625524527 0.3186652419
-0.1926273309 3.7625487086 0.312396392
-0.1941246169 3.7625376775 0.3054754633
-0.1959534097 3.7625211475 0.2978483689
-0.1980778674 3.7625001622 0.2894699574
-0.2006316434 3.7624715906 0.2803026366
-0.2034724732 3.7624392346 0.2702596061
-0.2066082262 3.7624030625 0.2592973174
-0.2099584382 3.7623652769 0.2473526379
-0.213447683 3.7623279094 0.2343753696
-0.2169957543 3.7622930449 0.2203324487
-0.2205363683 3.7622623576 0.2052095428
-0.2240178679 3.7622370687 0.1890187589
-0.2274392682 3.7622170436 0.1718029002
-0.2308212423 3.7622015291 0.1536288207
-0.2342126245 3.7621889865 0.1345894776
-0.2376699021 3.7621776107 0.1147991084
-0.2412296758 3.7621660231 0.09438804069999999
-0.2448835414 3.7621539093 0.07349685
-0.248573267 3.762142151 0.052272256
-0.2521964694 3.7621326996 0.0308639559
-0.255632633 3.7621279383 0.009425004900000001
-0.2587783005 3.7621298146 -0.0118867089
-0.261570353 3.7621392783 -0.0329102435
-0.2640010731 3.7621559286 -0.0534862162
-0.2661118762 3.7621781979 -0.0734648046
-0.2679693576 3.7622039674 -0.0927138317
-0.269636911 3.7622312805 -0.1111238541
-0.2711501423 3.7622589546 -0.1286107585
-0.2725053945 3.7622868618 -0.1451159375
-0.2736644507 3.7623158078 -0.1606043489
-0.2745723802 3.7623470802 -0.1750607077
-0.2751760169 3.7623819793 -0.1884847943
-0.2754457159 3.7624212712 -0.200887461
-0.2753913871 3.7624647848 -0.212288168
-0.2750593118 3.7625115004 -0.2227171798
-0.2745319368 3.7625595538 -0.2322159887
-0.2739134316 3.7626065922 -0.2408375085
-0.2733218097 3.7626499573 -0.2486442799
-0.2728787786 3.7626869157 -0.2557021128
-0.2727204937 3.7627143581 -0.2620713084
-0.272996021 3.7627287792 -0.2677905008
-0.2738889196 3.7627256212 -0.2728418959
-0.275614758 3.7626990048 -0.2770623713
-0.2781955592 3.7626472478 -0.2801427377
-0.2813156643 3.7625771589 -0.2818347567
-0.2845078334 3.7625 -0.2820913254
-0.287345362 3.7624247423 -0.2805158472
-0.2896628508 3.7623573987 -0.2776400669
-0.2918132881 3.7622916557 -0.2740921347
-0.2939567213 3.7622239509 -0.2699679581
-0.2961459465 3.7621529529 -0.2652568264
-0.2983791902 3.7620785297 -0.259911208
-0.3006195173 3.7620013467 -0.2538666547
-0.3028040284 3.7619226814 -0.2470523946
-0.3048460266 3.7618443886 -0.239396386
-0.3066454456 3.7617686842 -0.2308356921
-0.3080987479 3.7616979079 -0.2213178741
-0.3091235634 3.7616339432 -0.2108077321
-0.309667391 3.7615779917 -0.1992819555
-0.3097256593 3.7615301121 -0.1867269044
-0.3093341823 3.7614893939 -0.1731330896
-0.3085471259 3.7614544913 -0.1584949847
-0.3074231195 3.761423984 -0.1428164585
-0.3059924293 3.7613972047 -0.1261172378
-0.3042410238 3.7613746526 -0.108439399
-0.3021101695 3.7613580218 -0.08985236269999999
-0.2995214098 3.7613495873 -0.07045210239999999
-0.2964026402 3.7613515652 -0.0503607983
-0.2927317666 3.761365005 -0.0297158188
-0.2885637291 3.7613890918 -0.008660517499999999
-0.2840276667 3.761421184 0.0126650011
-0.2792983204 3.7614575095 0.0341245026
-0.2745441176 3.7614944646 0.0555780972
-0.2698904143 3.761529532 0.0768770983
-0.2653854498 3.761562124 0.0978613398
-0.2609992829 3.7615935883 0.1183647011
-0.2566549703 3.7616264042 0.1382259883
-0.2522709737 3.7616631055 0.1572996779
-0.2478021134 3.761705241 0.1754660159
-0.2432617106 3.7617528006 0.192639634
-0.2387095949 3.7618045067 0.2087701236
-0.2342313299 3.7618583395 0.2238374975
-0.2299467745 3.7619113113 0.2378564925
-0.2259094199 3.7619620551 0.2508428373
-0.2221962472 3.762008541 0.262836103
-0.2187767478 3.7620514397 0.2738565131
-0.2156791669 3.7620898742 0.2839545633
-0.2128216975 3.7621257687 0.2931511652
-0.210088423 3.7621618866 0.3014660992
-0.2075925052 3.7621950526 0.3090091094
-0.2051731334 3.7622293055 0.315752213
-0.2027075655 3.7622676615 0.3216919202
-0.2002368141 3.7623088149 0.3269098815
-0.1978587776 3.7623499669 0.3315150502
-0.1956000291 3.7623902069 0.3355778029
-0.1934774343 3.7624288897 0.3391609397
-0.1915003959 3.7624655785 0.3423203922
-0.1996669156 3.9171976032 0.3250866398
-0.1996858212 3.9171875 0.3282289104
-0.1997109389 3.91720746 0.3215689608
-0.1998422148 3.917216647 0.3176373473
-0.2000917325 3.917224599 0.3132509864
-0.200498548 3.9172305771 0.3083671015
-0.2011142433 3.9172335673 0.3029415159
-0.2020469083 3.9172312944 0.2969306265
-0.2033302606 3.9172231493 0.2902881012
-0.2049171082 3.9172103324 0.2829657584
-0.2067918145 3.9171933151 0.2749236325
-0.2090734154 3.9171695643 0.2661224684
-0.211632002 3.917142215 0.2564848747
-0.2144864599 3.9171109632 0.2459727585
-0.2175520124 3.91707789 0.2345242212
-0.2207613529 3.9170446366 0.2220935125
-0.2240233806 3.917013343 0.2086457359
-0.2272715034 3.9169855363 0.1941669008
-0.2304406014 3.9169626421 0.1786657991
-0.2335222423 3.9169447252 0.1621824579
-0.2365332596 3.916931215 0.1447802847
-0.2395237288 3.9169207207 0.126548273
-0.2425584427 3.9169114586 0.1075965365
-0.2456870208 3.9169019319 0.0880512151
-0.2489159653 3.9168915764 0.0680487515
-0.2521971019 3.9168810286 0.0477308764
-0.2554314558 3.916872053 0.0272411475
-0.2584942331 3.9168669838 0.0067251666
-0.2612729751 3.9168678674 -0.0136673245
-0.2636946119 3.9168758617 -0.0337833586
-0.2657462026 3.9168907868 -0.0534707563
-0.2674700486 3.9169112579 -0.07258618360000001
-0.2689411998 3.9169352107 -0.0910029098
-0.2702353716 3.9169606334 -0.1086159463
-0.2714007539 3.9169862018 -0.1253443797
-0.2724417787 3.9170116426 -0.1411316608
-0.2733241583 3.9170376155 -0.1559437846
-0.2739895487 3.9170653758 -0.1697659584
-0.2743785448 3.9170962472 -0.1825978113
-0.2744529333 3.9171311122 -0.1944492585
-0.2742141496 3.917169997 -0.2053389489
-0.2737048346 3.9172120372 -0.2152950832
-0.2730059137 3.9172555533 -0.2243581422
-0.2722238387 3.9172983328 -0.2325805502
-0.271477937 3.9173379088 -0.2400248582
-0.2708989354 3.9173715708 -0.2467578185
-0.2706326361 3.9173962543 -0.2528398651
-0.2708427141 3.9174084203 -0.2583069916
-0.2717326767 3.9174034431 -0.2631307115
-0.2735431613 3.9173753444 -0.2671123283
-0.2762669645 3.9173231721 -0.2698906271
-0.2794565186 3.9172562147 -0.2712406912
-0.2825542201 3.9171875 -0.2713547767
-0.2852765527 3.9171221938 -0.2698585763
-0.2874946322 3.9170642666 -0.2671085279
-0.2895548777 3.9170078986 -0.2637222285
-0.2916072014 3.9169500151 -0.2597873414
-0.2937022139 3.9168894554 -0.2552931775
-0.2958387037 3.9168261057 -0.250193976
-0.2979825726 3.9167605379 -0.2444285265
-0.3000762752 3.9166938286 -0.2379297598
-0.3020411652 3.9166275221 -0.2306297876
-0.3037879481 3.9165634265 -0.2224692434
-0.3052262026 3.9165034036 -0.2133981378
-0.3062839482 3.9164489477 -0.203380328
-0.3069187121 3.9164009328 -0.1923923322
-0.3071299784 3.9163593219 -0.1804184541
-0.3069491354 3.9163233819 -0.1674478021
-0.3064220237 3.9162920736 -0.153474812
-0.3055951217 3.9162643747 -0.1385040423
-0.3044850015 3.9162399776 -0.1225555328
-0.3030671159 3.9162195563 -0.1056703295
-0.30127826 3.916204725 -0.0879149053
-0.2990399755 3.9161975148 -0.06938066349999999
-0.2962875019 3.9161997265 -0.0501832965
-0.2930107631 3.9162119835 -0.0304525211
-0.2892737758 3.9162332745 -0.0103231064
-0.2852126604 3.9162609706 0.010072959
-0.2810013347 3.9162915934 0.0306060273
-0.2768009152 3.9163219662 0.0511412273
-0.2727238444 3.9163500277 0.0715338306
-0.2688026749 3.9163755329 0.091627853
-0.2649924516 3.9163999801 0.1112624625
-0.2612051351 3.9164258096 0.1302827876
-0.2573529882 3.9164554066 0.148549729
-0.2533892947 3.9164901646 0.1659491119
-0.2493288192 3.9165300047 0.1823997068
-0.2452338778 3.9165736848 0.1978537257
-0.2411915735 3.916619321 0.2122922106
-0.2373223286 3.9166641852 0.2257291117
-0.2336774649 3.9167070891 0.2381786809
-0.230331422 3.9167462599 0.2496776093
-0.2272474146 3.9167824642 0.2602432106
-0.2244534558 3.9168149291 0.2699236611
-0.2218621804 3.9168455482 0.2787366171
-0.2193517702 3.9168769839 0.286699505
-0.2170462926 3.9169061298 0.2939227118
-0.2147785571 3.9169368252 0.3003701063
-0.212426586 3.9169718135 0.3060339636
-0.2100435278 3.9170096516 0.3109979803
-0.2077329477 3.9170476949 0.3153710241
-0.2055254521 3.9170850473 0.3192224044
-0.203441359 3.9171210658 0.3226137758
-0.2014928563 3.91715531 0.325599819
-0.2082827191 4.0718837014 0.3049079702
-0.2085109767 4.071875 0.3078768406
-0.208104738 4.0718923258 0.3015813528
-0.2080034455 4.071900559 0.2978594376
-0.2080130336 4.0719079791 0.2937022002
-0.2081771749 4.071914031 0.2890673812
-0.2085529027 4.0719179693 0.2839109041
-0.2092662263 4.0719180585 0.2781842836
-0.2103669111 4.0719136621 0.2718416577
-0.2117890637 4.0719057983 0.2648473387
-0.2134825025 4.0718952371 0.2571773507
-0.2155915904 4.0718799622 0.2487915253
-0.2179695822 4.0718622415 0.2396106296
-0.2206135827 4.07184219 0.2295943864
-0.223450354 4.0718209715 0.218685691
-0.2263999454 4.0717998293 0.2068370286
-0.2293826247 4.0717799717 0.1940185434
-0.2323341817 4.0717623509 0.1802175604
-0.235203756 4.0717476815 0.1654458662
-0.2379905655 4.0717359034 0.1497426842
-0.2407153054 4.0717266068 0.133168796
-0.2434256581 4.071718949 0.1158080881
-0.2461748404 4.0717119736 0.09776300139999999
-0.2489973248 4.0717049689 0.0791506238
-0.2518842292 4.0716978325 0.0600979651
-0.2547803743 4.0716911196 0.0407388577
-0.2575911086 4.071685949 0.0212113181
-0.2602076029 4.0716836374 0.0016573605
-0.2625403865 4.0716852134 -0.0177765987
-0.2645395854 4.0716911291 -0.036942213
-0.2662087838 4.0717010674 -0.0556936527
-0.2675960352 4.071714086 -0.0738951954
-0.2687715191 4.071728953 -0.0914277787
-0.2697993396 4.0717445621 -0.108193216
-0.2707154283 4.0717602558 -0.1241158475
-0.2715170618 4.0717759765 -0.1391423687
-0.2721692022 4.0717921718 -0.153240049
-0.272619808 4.0718095672 -0.1663937461
-0.2728204548 4.071828861 -0.1786020155
-0.2727443204 4.0718504578 -0.1898739244
-0.272400954 4.0718742527 -0.2002278286
-0.2718359048 4.0718996381 -0.2096920645
-0.2711264394 4.0719255686 -0.2183066158
-0.2703713465 4.0719507068 -0.226122301
-0.2696785293 4.0719735993 -0.2331985407
-0.269163756 4.0719926843 -0.2395977897
-0.2689554007 4.0720062059 -0.2453761672
-0.2691971334 4.0720121463 -0.2505672523
-0.2700659729 4.0720079012 -0.2551477941
-0.2717720606 4.0719901174 -0.2589460892
-0.2743184628 4.0719581632 -0.2616390528
-0.2773195928 4.0719172077 -0.2630007804
-0.2802564251 4.071875 -0.2631620393
-0.2827538078 4.0718361179 -0.261654596
-0.2847785169 4.0718019855 -0.2589973529
-0.2866920767 4.0717684104 -0.2557619193
-0.288627263 4.071733599 -0.2520187538
-0.2906252568 4.0716969281 -0.2477527877
-0.2926823085 4.0716583694 -0.2429185997
-0.2947652336 4.0716182947 -0.2374565764
-0.2968196134 4.0715773728 -0.2313014485
-0.2987712284 4.0715365576 -0.2243871156
-0.3005355999 4.0714969649 -0.2166548019
-0.3020266619 4.0714597498 -0.2080547713
-0.303174855 4.0714258533 -0.1985509855
-0.3039368583 4.0713958586 -0.188119327
-0.304309155 4.071369789 -0.1767446629
-0.3043170459 4.0713472602 -0.1644170019
-0.3040030225 4.0713276498 -0.1511321951
-0.3034086834 4.0713103654 -0.1368955538
-0.3025494433 4.0712952195 -0.1217266655
-0.3014036059 4.0712825968 -0.1056643622
-0.2999135954 4.0712734435 -0.08877089859999999
-0.2980078655 4.0712689508 -0.0711318514
-0.2956278226 4.0712701639 -0.0528557318
-0.292764924 4.0712774291 -0.034064986
-0.2894797321 4.0712901032 -0.0148879789
-0.2858985685 4.0713065892 0.0045482383
-0.2821813407 4.0713248021 0.0241176906
-0.2784751634 4.0713428511 0.0436893265
-0.2748802296 4.0713595407 0.06312322670000001
-0.27142155 4.0713747805 0.0822700066
-0.2680527542 4.0713895191 0.1009770797
-0.2646884579 4.0714052577 0.1190983096
-0.2612460646 4.0714234295 0.1365028858
-0.2576833673 4.0714448407 0.1530834397
-0.2540171174 4.0714693879 0.1687633768
-0.2503090036 4.071496261 0.1834973396
-0.2466432169 4.0715242752 0.1972668354
-0.2431350713 4.0715517396 0.2100839737
-0.2398324004 4.0715779391 0.2219613799
-0.2368051153 4.071601801 0.2329326215
-0.2340153351 4.0716238442 0.2430137216
-0.2314898779 4.0716435981 0.2522500794
-0.2291423772 4.0716622822 0.2606583909
-0.2268545826 4.0716815761 0.2682561617
-0.224749134 4.0716995138 0.2751484201
-0.2226634298 4.071718513 0.2812997741
-0.2204808503 4.0717402744 0.2867029559
-0.2182566126 4.0717638523 0.2914386819
-0.2160921328 4.0717875906 0.2956105918
-0.2140183193 4.0718109217 0.2992847969
-0.2120560145 4.071833437 0.3025201268
-0.2102180401 4.0718548562 0.3053687555
-0.2121561313 4.2265473572 0.2858549539
-0.2126402923 4.2265625 0.2886737755
-0.2117100072 4.2265321956 0.282692744
-0.2113321003 4.2265175038 0.2791500906
-0.2110620633 4.2265039429 0.2751872087
-0.2109511577 4.226492387 0.2707617285
-0.2110659414 4.2264839933 0.2658289988
-0.2115602119 4.2264815386 0.2603341458
-0.2125054821 4.226486269 0.2542306423
-0.2138059445 4.2264963349 0.2474966618
-0.2153636209 4.2265098825 0.2401271857
-0.2173587238 4.2265302136 0.2320803644
-0.2196186692 4.2265538991 0.2232717768
-0.2221098726 4.2265802136 0.2136571316
-0.2247739305 4.2266079444 0.2031840588
-0.2275116738 4.2266351161 0.1918015067
-0.2302603598 4.2266604964 0.1794856934
-0.2329577072 4.2266828892 0.1662256159
-0.2355747045 4.2267017816 0.1520370734
-0.2381224011 4.2267174655 0.1369593371
-0.2406278461 4.226730576 0.1210513504
-0.2431360066 4.2267421297 0.1043926183
-0.2456842581 4.226753036 0.0870785655
-0.2482833553 4.2267637284 0.06921758510000001
-0.2509011567 4.2267738573 0.0509278692
-0.2534703696 4.2267824267 0.0323363248
-0.2558994052 4.2267879995 0.0135769177
-0.2580994945 4.226789205 -0.0052098746
-0.2600116881 4.2267852436 -0.0238788045
-0.2616172943 4.2267760742 -0.0422843002
-0.2629426882 4.2267624945 -0.0602855244
-0.2640433229 4.2267458244 -0.0777532967
-0.2649816132 4.2267274796 -0.0945752879
-0.2658042043 4.2267085363 -0.1106592436
-0.2665283385 4.2266894719 -0.1259340381
-0.2671398189 4.2266701275 -0.1403491002
-0.2676013669 4.2266498695 -0.1538726783
-0.2678683076 4.2266278902 -0.1664890607
-0.2679076665 4.226603574 -0.1781959332
-0.2677093569 4.2265767113 -0.189001975
-0.2672948946 4.2265476665 -0.1989261076
-0.2667154611 4.2265173402 -0.2079976413
-0.2660448341 4.2264870354 -0.2162566532
-0.2653725196 4.226458332 -0.2237523878
-0.2647932175 4.2264328926 -0.2305407213
-0.2644025407 4.2264123966 -0.2366785558
-0.2643060132 4.2263987222 -0.2422165872
-0.2646199632 4.2263939937 -0.2471857121
-0.2654848351 4.226400889 -0.2515707955
-0.2670671381 4.2264228237 -0.2552407004
-0.2693902113 4.2264608042 -0.2579307504
-0.2721790097 4.2265101512 -0.2594066005
-0.2749886611 4.2265625 -0.2596623956
-0.2772868517 4.2266091225 -0.2580968115
-0.2791388707 4.2266495778 -0.2554881986
-0.2809308059 4.2266900088 -0.2523618062
-0.2827771295 4.2267324602 -0.2487692411
-0.2847082683 4.2267775533 -0.244687907
-0.2867184149 4.2268252793 -0.2400711781
-0.2887751915 4.2268751546 -0.2348598496
-0.2908263678 4.2269263354 -0.2289889289
-0.2928004219 4.2269776164 -0.2223927701
-0.2946152554 4.2270275792 -0.2150118452
-0.2961860894 4.2270747357 -0.2067958218
-0.297442067 4.2271178304 -0.1977081306
-0.2983365579 4.2271560382 -0.1877242887
-0.2988610382 4.2271892292 -0.1768300633
-0.299035635 4.2272178009 -0.1650168891
-0.298899493 4.2272424958 -0.1522822194
-0.2984935766 4.2272640717 -0.138632306
-0.2978357583 4.2272828236 -0.1240863571
-0.2969103105 4.2272983765 -0.1086812789
-0.2956672756 4.2273096639 -0.0924756912
-0.2940429664 4.2273153143 -0.07555020160000001
-0.2919839441 4.227314102 -0.0580073381
-0.2894801845 4.2273055888 -0.0399637092
-0.286586419 4.2272905402 -0.0215431388
-0.2834163382 4.2272708312 -0.0028696144
-0.2801145107 4.2272489185 0.0159328748
-0.2768143158 4.227227038 0.0347357686
-0.2736054038 4.2272065863 0.0534029554
-0.2705076482 4.2271876303 0.0717906784
-0.2674778849 4.2271690446 0.089753781
-0.2644350631 4.2271490081 0.1071534422
-0.2613044114 4.2271258474 0.1238659951
-0.2580495284 4.2270986597 0.1397898343
-0.2546896297 4.2270676509 0.1548522418
-0.2512857477 4.2270338772 0.1690098074
-0.2479190239 4.226998827 0.1822443048
-0.2446994377 4.2269645931 0.1945660938
-0.2416714379 4.2269320361 0.2059863765
-0.2389005775 4.2269024563 0.2165360643
-0.2363486497 4.2268751671 0.226230412
-0.2340410781 4.2268507391 0.2351124167
-0.2318933411 4.2268276162 0.2431985292
-0.2297913401 4.226803689 0.2505068289
-0.2278546741 4.2267814221 0.2571367594
-0.2259262601 4.226757788 0.2630555507
-0.2238942531 4.2267306684 0.2682574007
-0.2218136471 4.2267012643 0.2728195995
-0.2197831659 4.226671645 0.2768405016
-0.2178334636 4.2266425226 0.2803832307
-0.2159854023 4.2266144105 0.2835040221
-0.2142520279 4.2265876611 0.2862528002
-0.2147167992 4.3812574435 0.2688538078
-0.2154406181 4.38125 0.2715330175
-0.214019819 4.3812649397 0.2658442545
-0.2133834868 4.3812722648 0.2624676449
-0.2128526958 4.3812791147 0.2586842657
-0.2124859742 4.3812850859 0.2544514537
-0.2123590053 4.3812896491 0.2497238008
-0.2126520128 4.3812915084 0.2444399397
-0.213457021 4.3812900142 0.2385522725
-0.214650823 4.381286091 0.232052391
-0.2160889447 4.3812808064 0.224953642
-0.21798762 4.3812725818 0.2172120318
-0.2201482925 4.3812629652 0.2087385167
-0.2225096422 4.3812524499 0.1994858369
-0.2250258231 4.3812414142 0.1894053798
-0.2275800037 4.3812307699 0.1784432203
-0.2301235722 4.3812208937 0.1665805526
-0.2325988737 4.38121222 0.1538082941
-0.2349950488 4.3812048167 0.1401452908
-0.2373350006 4.3811984823 0.125630785
-0.2396518762 4.3811929259 0.1103219992
-0.2419876962 4.3811877778 0.094294487
-0.2443670014 4.3811827848 0.0776378705
-0.2467755429 4.3811779792 0.0604527711
-0.2491620508 4.3811736573 0.0428501602
-0.251445419 4.3811703318 0.0249506987
-0.2535372818 4.3811685606 0.0068847586
-0.2553671565 4.3811687626 -0.0112087984
-0.2569042991 4.3811710563 -0.0291862423
-0.2581592067 4.3811752538 -0.046904934
-0.2591800985 4.3811808911 -0.0642289521
-0.260028714 4.3811874151 -0.0810351465
-0.2607604638 4.3811943315 -0.097217123
-0.2614060797 4.381201345 -0.1126876293
-0.2619652372 4.381208407 -0.1273792742
-0.2624129195 4.3812156673 -0.1412437205
-0.2627088876 4.381223402 -0.1542500024
-0.2628169963 4.3812318676 -0.16638216
-0.262717428 4.3812412095 -0.1776372162
-0.2624153565 4.3812513955 -0.1880239866
-0.261943729 4.3812621955 -0.1975621943
-0.2613593805 4.3812732075 -0.2062822616
-0.2607325759 4.3812839416 -0.2142243128
-0.2601452256 4.3812938219 -0.2214362867
-0.2596782676 4.3813022881 -0.2279701305
-0.2594106654 4.3813087902 -0.2338776109
-0.2594265415 4.3813127372 -0.2392038468
-0.2598171537 4.3813134709 -0.2439766197
-0.2606898525 4.3813101862 -0.2481873383
-0.2621697716 4.3813018794 -0.2517411378
-0.2642984748 4.381288079 -0.2544265185
-0.2669026418 4.3812698903 -0.2560031862
-0.2696078867 4.38125 -0.256340549
-0.2717380733 4.381232893 -0.2547133003
-0.2734425811 4.3812182321 -0.2521395491
-0.2751319055 4.3812033342 -0.2491071996
-0.2769035259 4.3811874968 -0.2456475259
-0.2787791072 4.3811705362 -0.2417310319
-0.2807509014 4.3811524733 -0.2373094567
-0.282787033 4.3811334998 -0.2323233448
-0.284837479 4.3811139391 -0.2267082291
-0.2868332332 4.3810942549 -0.2203987527
-0.2886941608 4.3810749979 -0.2133345811
-0.2903365479 4.3810567527 -0.2054647808
-0.2916882622 4.3810400281 -0.1967522397
-0.2926996055 4.3810251752 -0.1871720663
-0.2933575247 4.3810122812 -0.1767107835
-0.2936775072 4.381001225 -0.1653610549
-0.2936957621 4.3809917362 -0.1531217631
-0.2934527843 4.3809835188 -0.1400000368
-0.2929687275 4.3809764371 -0.1260148173
-0.2922333493 4.3809705936 -0.1112014036
-0.2912032761 4.3809663553 -0.0956153341
-0.2898221546 4.3809641985 -0.0793328861
-0.2880408905 4.3809645635 -0.0624512946
-0.2858491964 4.3809676119 -0.0450820053
-0.2832959288 4.3809730714 -0.0273445833
-0.2804840363 4.3809802679 -0.0093600847
-0.2775445516 4.3809883189 0.0087495417
-0.2745986628 4.3809964183 0.0268581989
-0.2717265296 4.3810040707 0.044833354
-0.2689437933 4.3810112656 0.06253644179999999
-0.2662083126 4.3810184228 0.0798286064
-0.2634443905 4.3810262071 0.0965777315
-0.260583702 4.3810352168 0.1126662972
-0.2575952159 4.3810457569 0.1279977531
-0.254500668 4.3810577181 0.142502828
-0.2513608494 4.3810706795 0.156139904
-0.2482544702 4.3810840687 0.1688910883
-0.2452869732 4.3810970934 0.1807653138
-0.2424996773 4.3811094385 0.191772553
-0.239954217 4.3811206232 0.2019414211
-0.237611583 4.3811309271 0.211286383
-0.2354958967 4.3811401393 0.2198482872
-0.2335237954 4.3811488684 0.2276432601
-0.2315840633 4.3811579287 0.2346896676
-0.2297944454 4.381166371 0.2410820902
-0.2280019634 4.381175358 0.2467900356
-0.2260984334 4.3811856987 0.251808954
-0.2241390611 4.3811969253 0.2562131266
-0.2222208604 4.3812082436 0.2600962602
-0.2203745181 4.3812193788 0.2635188336
-0.2186211082 4.3812301326 0.2665347783
-0.2169740152 4.3812403688 0.2691920157
-0.2195555182 4.535938257 0.2534997636
-0.2204882366 4.5359375 0.2560259756
-0.2186395907 4.535939022 0.2506578514
-0.2177773179 4.5359397734 0.2474640331
-0.2170180239 4.5359404814 0.2438788408
-0.2164263981 4.5359411066 0.2398595001
-0.2160857778 4.5359415975 0.2353600545
-0.216199056 4.5359418274 0.2303130287
-0.2168761482 4.5359417268 0.2246697891
-0.217969879 4.5359413914 0.2184348769
-0.2192954705 4.5359409391 0.2116394295
-0.2210995248 4.5359402127 0.2042370248
-0.2231618652 4.5359393608 0.196135608
-0.2253954974 4.5359384424 0.1872859504
-0.2277673115 4.5359374821 0.1776431457
-0.2301449993 4.5359365689 0.1671513318
-0.232494337 4.535935726 0.1557965815
-0.2347596353 4.53593499 0.1435701786
-0.2369495625 4.535934354 0.1304946176
-0.2390966905 4.5359337945 0.1166081224
-0.2412391885 4.5359332836 0.1019657635
-0.2434175313 4.5359327905 0.0866391873
-0.2456399562 4.5359323049 0.0707117562
-0.2478737941 4.5359318425 0.0542772684
-0.2500477001 4.5359314431 0.0374393075
-0.2520699666 4.5359311595 0.020312321
-0.2538550175 4.5359310396 0.0030223441
-0.2553500188 4.5359311096 -0.0142946605
-0.2565501878 4.5359313642 -0.0314979477
-0.2574925912 4.5359317709 -0.048449245
-0.2582444223 4.5359322786 -0.06501851660000001
-0.2588730248 4.5359328363 -0.08108919840000001
-0.2594266113 4.5359334068 -0.0965609638
-0.259920673 4.5359339751 -0.1113514777
-0.2603388127 4.5359345479 -0.1253969159
-0.260646286 4.5359351449 -0.1386511067
-0.2608009802 4.5359357922 -0.151084042
-0.2607736823 4.5359365066 -0.162679742
-0.2605577848 4.5359372933 -0.1734349854
-0.2601724807 4.5359381401 -0.1833588423
-0.2596614041 4.5359390198 -0.1924719106
-0.2590834382 4.5359398962 -0.2008053492
-0.2585093456 4.5359407253 -0.2083991807
-0.2580096692 4.5359414651 -0.2152992064
-0.2576539084 4.5359420725 -0.2215534532
-0.2575050751 4.5359425094 -0.2272081291
-0.2576268193 4.5359427369 -0.2323023338
-0.2580863725 4.5359427128 -0.2368604516
-0.2589590747 4.5359423882 -0.2408796135
-0.2603310643 4.5359417031 -0.244298241
-0.2622587445 4.5359406114 -0.2469561288
-0.2646639802 4.5359391495 -0.2486117196
-0.2672428691 4.5359375 -0.2490207875
-0.2691948109 4.5359361322 -0.2473464051
-0.27074163 4.5359349765 -0.2448228027
-0.2723145648 4.5359337795 -0.2418975291
-0.2739949026 4.5359324894 -0.2385829053
-0.2757970961 4.5359310948 -0.2348443584
-0.2777108709 4.5359295992 -0.2306324911
-0.2797049295 4.5359280195 -0.2258884267
-0.2817313344 4.5359263828 -0.2205485547
-0.2837237443 4.5359247287 -0.2145483376
-0.2856043701 4.5359231037 -0.2078272081
-0.2872911269 4.5359215584 -0.2003341163
-0.2887109424 4.5359201373 -0.1920315307
-0.2898118206 4.5359188733 -0.1828944081
-0.2905765846 4.5359177767 -0.1729099955
-0.2910161976 4.53591684 -0.1620719549
-0.2911638116 4.5359160412 -0.1503804406
-0.2910593267 4.5359153555 -0.1378433223
-0.2907248708 4.5359147693 -0.1244791876
-0.2901546234 4.5359142886 -0.1103217844
-0.289314157 4.5359139387 -0.09542330139999999
-0.2881521587 4.5359137574 -0.07985583240000001
-0.2866245691 4.5359137787 -0.06371106560000001
-0.2847210367 4.5359140159 -0.0470948651
-0.2824845935 4.5359144477 -0.0301218947
-0.2800074378 4.5359150214 -0.0129094317
-0.2774071784 4.5359156679 0.004423606
-0.2747928545 4.5359163236 0.0217545378
-0.2722354587 4.5359169502 0.0389552876
-0.2697468357 4.5359175479 0.0558931687
-0.2672864451 4.5359181509 0.0724361332
-0.26478432 4.5359188125 0.0884590903
-0.2621787268 4.5359195791 0.1038509017
-0.2594438996 4.535920473 0.1185202667
-0.2566037172 4.5359214826 0.1324015366
-0.253718218 4.5359225715 0.1454550422
-0.2508631984 4.5359236914 0.1576633641
-0.2481390432 4.5359247767 0.1690341391
-0.2455838946 4.5359258021 0.1795762033
-0.2432553027 4.5359267287 0.1893159373
-0.2411139375 4.5359275809 0.1982670132
-0.2391826527 4.5359283421 0.2064680729
-0.2373797692 4.5359290639 0.2139347912
-0.2355979433 4.5359298151 0.220685663
-0.2339518836 4.5359305157 0.2268100744
-0.2322938155 4.5359312634 0.2322798523
-0.2305199973 4.5359321259 0.2370916224
-0.228685195 4.535933063 0.2413162999
-0.2268837381 4.5359340085 0.2450426112
-0.2251459239 4.5359349391 0.2483281304
-0.2234927215 4.5359358383 0.2512242531
-0.2219376157 4.5359366943 0.2537766869
-0.2216671012 4.6906158812 0.2374644867
-0.2227629301 4.690625 0.2398629657
-0.2205802151 4.6906066463 0.2347621642
-0.2195415199 4.6905975501 0.2317200763
-0.2186037977 4.6905889404 0.228298783
-0.2178365476 4.6905812807 0.2244551946
-0.2173296529 4.6905751753 0.2201424995
-0.2173018833 4.6905721196 0.2152879227
-0.2178791903 4.6905729698 0.2098410958
-0.2188953396 4.6905765661 0.2038178605
-0.2201325989 4.690581405 0.1972647791
-0.2218624933 4.6905893668 0.1901326329
-0.2238475941 4.6905987266 0.1823274672
-0.22598016 4.6906086971 0.1737989211
-0.2282376803 4.6906190953 0.1645049412
-0.2304755195 4.6906288704 0.154388457
-0.2326709153 4.6906378564 0.1434390595
-0.2347708745 4.6906456759 0.1316490409
-0.2367987954 4.690652508 0.119042802
-0.2387951966 4.6906586595 0.1056577691
-0.240802438 4.6906644598 0.0915472076
-0.2428577475 4.6906702108 0.0767793827
-0.2449587797 4.6906759426 0.0614332651
-0.2470555857 4.6906813561 0.0455972004
-0.2490614859 4.6906858994 0.0293693537
-0.250876202 4.6906889322 0.0128594635
-0.2524168549 4.6906899439 -0.003809827
-0.2536448961 4.6906887422 -0.0205050221
-0.2545766942 4.6906855235 -0.0370881129
-0.2552707166 4.690680778 -0.053424741
-0.2558092858 4.6906751582 -0.06938994060000001
-0.2562637911 4.6906692317 -0.0848725444
-0.2566767336 4.6906633536 -0.0997769763
-0.2570507759 4.6906575889 -0.1140246032
-0.2573565427 4.6906517673 -0.1275541665
-0.2575514647 4.6906456155 -0.1403210774
-0.2575918471 4.6906388438 -0.1522959008
-0.2574546509 4.6906312995 -0.1634627478
-0.2571436485 4.690623011 -0.1738184161
-0.256689809 4.6906141904 -0.1833723617
-0.2561442808 4.6906051849 -0.1921459944
-0.2555699367 4.6905964178 -0.2001712458
-0.2550343047 4.6905883403 -0.2074879245
-0.2546030373 4.6905813882 -0.214140187
-0.2543332569 4.6905759369 -0.220172535
-0.2542751177 4.6905723145 -0.2256265164
-0.2544768585 4.6905708402 -0.2305363444
-0.2549854884 4.6905718319 -0.2349233589
-0.2558497129 4.6905756313 -0.2387887893
-0.2571219555 4.690582627 -0.2420989387
-0.2588703097 4.6905933666 -0.2447369406
-0.2610956389 4.6906079981 -0.2464620226
-0.2635532188 4.690625 -0.2469356831
-0.2653426824 4.6906385921 -0.2452230262
-0.2667450387 4.6906499167 -0.2427390645
-0.2682088517 4.6906618838 -0.2398980138
-0.2698025959 4.6906749763 -0.2366975145
-0.2715343317 4.6906892735 -0.2330992943
-0.273391505 4.6907047165 -0.2290533799
-0.2753430673 4.6907211213 -0.2245015263
-0.2773427392 4.6907381995 -0.2193809157
-0.2793263275 4.6907555374 -0.2136277137
-0.2812179825 4.6907726373 -0.2071811427
-0.2829373826 4.6907889646 -0.1999902631
-0.2844092353 4.6908040126 -0.1920162057
-0.2855810901 4.690817427 -0.1832345439
-0.2864311046 4.6908290617 -0.1736324836
-0.2869664372 4.6908389702 -0.16320453
-0.2872184826 4.6908473727 -0.1519518653
-0.2872253913 4.6908545324 -0.1398828647
-0.2870113354 4.6908606086 -0.1270159169
-0.2865748667 4.6908655717 -0.1133835428
-0.2858878152 4.6908691946 -0.09903546000000001
-0.2849046327 4.6908711164 -0.08404030730000001
-0.2835851933 4.6908710036 -0.0684853617
-0.2819189136 4.690868722 -0.0524719938
-0.2799436012 4.6908644722 -0.0361109138
-0.2777420414 4.6908587691 -0.019516366
-0.2754200997 4.6908522884 -0.002804875
-0.273076547 4.690845654 0.0139035979
-0.2707747702 4.6908392382 0.0304845458
-0.2685238268 4.6908330293 0.0468100316
-0.2662850299 4.6908266807 0.06275351179999999
-0.2639937998 4.690819668 0.0781955746
-0.2615941538 4.6908115351 0.0930301894
-0.2590648039 4.6908020809 0.1071702392
-0.2564311981 4.6907914473 0.1205529106
-0.2537524148 4.6907800272 0.1331400082
-0.2511014899 4.6907683243 0.1449144038
-0.2485742553 4.690757016 0.1558825713
-0.2462063489 4.6907463577 0.1660524505
-0.244051876 4.6907367444 0.1754485877
-0.2420722881 4.6907279127 0.1840843128
-0.2402883921 4.6907200306 0.1919962615
-0.2386215577 4.6907125545 0.1992001774
-0.2369685738 4.6907047698 0.2057149004
-0.2354401995 4.6906975052 0.2116254724
-0.2338942254 4.6906897454 0.2169055508
-0.2322315518 4.6906807921 0.2215526929
-0.2305058929 4.6906710631 0.2256350104
-0.2288082073 4.6906612479 0.2292371743
-0.2271679952 4.6906515864 0.2324143817
-0.2256057853 4.6906422521 0.2352159633
-0.2241348813 4.6906333644 0.2376858301
-0.2226698438 4.8453021233 0.2348213494
-0.2237610114 4.8453125 0.2371576686
-0.2215851353 4.8452916137 0.23218803
-0.2205450461 4.8452812612 0.2292223309
-0.2196009618 4.8452714612 0.2258853404
-0.2188206097 4.8452627405 0.2221344629
-0.2182916494 4.8452557867 0.2179233236
-0.2182277552 4.8452523004 0.2131792609
-0.2187518869 4.8452532551 0.2078521794
-0.2197013618 4.8452573318 0.2019587626
-0.2208632672 4.8452628201 0.1955460917
-0.2225030939 4.8452718583 0.1885641805
-0.2243876872 4.8452824846 0.1809228046
-0.2264112149 4.845293804 0.1725734835
-0.2285513276 4.8453056082 0.1634752657
-0.2306660236 4.8453167024 0.153573351
-0.2327330761 4.8453268989 0.142857756
-0.2347005993 4.8453357691 0.1313213254
-0.2365917819 4.8453435174 0.1189877722
-0.2384466446 4.8453504934 0.1058934103
-0.2403070774 4.8453570718 0.0920900068
-0.2422100559 4.8453635962 0.07764401780000001
-0.2441538443 4.8453701009 0.0626326242
-0.2460899975 4.8453762439 0.0471424778
-0.2479344292 4.8453813985 0.0312701122
-0.24958971 4.845384836 0.0151234551
-0.2509756237 4.8453859761 -0.0011770604
-0.2520554811 4.8453846006 -0.0175006937
-0.2528464124 4.8453809337 -0.0337126728
-0.2534067265 4.8453755337 -0.0496820939
-0.2538179712 4.845369143 -0.065287411
-0.25415084 4.8453624067 -0.0804204971
-0.2544476009 4.8453557286 -0.09498826320000001
-0.2547113615 4.845349182 -0.1089138972
-0.254913741 4.8453425725 -0.1221373359
-0.2550133761 4.8453355896 -0.1346147092
-0.2549677178 4.8453279036 -0.1463169456
-0.2547543594 4.8453193413 -0.1572283574
-0.2543770705 4.8453099354 -0.1673458473
-0.2538661327 4.8452999275 -0.1766788937
-0.2532714422 4.8452897119 -0.185248803
-0.252654269 4.8452797696 -0.1930872518
-0.2520803495 4.8452706132 -0.2002336438
-0.2516135013 4.845262737 -0.2067316029
-0.2513091828 4.8452565667 -0.212625016
-0.2512161223 4.8452524751 -0.2179548148
-0.2513812008 4.8452508241 -0.2227547316
-0.2518501189 4.845251974 -0.227045918
-0.2526705642 4.8452563137 -0.2308298292
-0.253894036 4.8452642845 -0.2340738068
-0.255588011 4.8452765088 -0.2366639261
-0.2577551387 4.8452931556 -0.2383645859
-0.2601589464 4.8453125 -0.2388433564
-0.2619254133 4.845327974 -0.2371808533
-0.263318262 4.8453408671 -0.2347624846
-0.2647731523 4.8453544847 -0.2319963241
-0.2663571335 4.8453693761 -0.2288802402
-0.2680784041 4.8453856316 -0.225376668
-0.2699251074 4.8454031851 -0.2214365838
-0.2718674301 4.8454218286 -0.2170027835
-0.273860541 4.8454412343 -0.2120134943
-0.2758420971 4.8454609321 -0.2064058464
-0.2777384171 4.8454803573 -0.200119857
-0.2794713674 4.8454989028 -0.193105155
-0.280967595 4.8455159932 -0.1853232747
-0.2821760737 4.8455312266 -0.1767499725
-0.2830755161 4.8455444371 -0.1673725998
-0.2836731247 4.8455556866 -0.1571858794
-0.2839996574 4.8455652258 -0.1461912015
-0.2840923009 4.8455733531 -0.1343970211
-0.2839746277 4.84558025 -0.1218214898
-0.2836449104 4.8455858824 -0.1084963802
-0.2830751741 4.8455899916 -0.09447008
-0.2822203168 4.8455921671 -0.0798093548
-0.2810404552 4.84559203 -0.064599213
-0.279524572 4.8455894284 -0.0489386532
-0.2777089764 4.8455845912 -0.0329361318
-0.2756739609 4.8455781043 -0.0167038676
-0.2735223659 4.8455707366 -0.0003564634
-0.2713500156 4.8455631975 0.015988173
-0.2692179965 4.8455559099 0.0322079305
-0.2671341502 4.8455488597 0.0481777151
-0.265059654 4.8455416525 0.0637741287
-0.2629301685 4.84553369 0.07888088779999999
-0.2606902827 4.8455244548 0.09339477910000001
-0.2583184702 4.8455137179 0.1072308002
-0.2558392304 4.845501641 0.1203273949
-0.2533101735 4.8454886714 0.1326468368
-0.2508026759 4.8454753815 0.1441718905
-0.2484106178 4.8454625421 0.1549082456
-0.2461688362 4.8454504425 0.1648634032
-0.2441304299 4.8454395316 0.1740609861
-0.2422575868 4.8454295085 0.1825142404
-0.2405708793 4.8454205638 0.1902588073
-0.2389933534 4.8454120784 0.1973105923
-0.2374238295 4.8454032375 0.2036886436
-0.2359716508 4.845394986 0.2094753213
-0.2344971878 4.8453861676 0.2146459247
-0.2329032086 4.8453759866 0.2191987804
-0.2312429976 4.8453649199 0.2232001228
-0.2296063769 4.8453537526 0.2267320253
-0.2280227487 4.8453427587 0.2298482391
-0.2265126432 4.8453321359 0.2325968328
-0.2250894603 4.8453220204 0.2350206277
-0.227817218 5.0000016469 0.1810444279
-0.2286523318 5 0.1828127952
-0.2269858552 5.0000033148 0.1790506268
-0.2261869995 5.0000049576 0.1768043744
-0.2254594072 5.0000065124 0.1742759149
-0.2248541929 5.0000078957 0.1714326251
-0.2244375493 5.0000089981 0.1682389266
-0.2243709664 5.0000095497 0.1646387549
-0.2247473429 5.0000093957 0.1605935464
-0.2254435948 5.0000087456 0.1561166342
-0.2262987584 5.0000078709 0.1512446253
-0.227513664 5.0000064322 0.1459384165
-0.228911548 5.0000047406 0.1401306336
-0.2304115979 5.0000029391 0.1337848829
-0.2319971184 5.0000010602 0.1268702578
-0.2335604479 4.9999992934 0.1193458461
-0.2350841975 4.9999976695 0.1112040767
-0.2365291834 4.9999962563 0.1024397448
-0.2379130102 4.9999950215 0.09307075569999999
-0.2392659891 4.9999939096 0.0831244535
-0.2406201669 4.9999928611 0.0726399573
-0.2420035512 4.9999918218 0.061667506
-0.2434149812 4.9999907865 0.050265678
-0.2448192421 4.9999898077 0.0385005841
-0.2461520821 4.9999889865 0.0264457569
-0.2473404698 4.9999884382 0.0141835756
-0.2483241306 4.9999882551 0.0018057946
-0.2490757537 4.9999884718 -0.0105882089
-0.2496087613 4.999989053 -0.0228962407
-0.2499677492 4.9999899101 -0.0350192125
-0.2502149718 4.9999909252 -0.0468652278
-0.2504044435 4.9999919958 -0.0583525187
-0.2505684845 4.9999930579 -0.06941060659999999
-0.2507098634 4.9999940996 -0.0799811939
-0.2508074914 4.9999951515 -0.09001856499999999
-0.2508301439 4.9999962632 -0.0994892436
-0.2507457002 4.9999974869 -0.1083709765
-0.2505372857 4.9999988503 -0.1166517603
-0.2502076693 5.0000003482 -0.1243292715
-0.2497796944 5.0000019424 -0.1314107907
-0.2492911638 5.00000357 -0.1379126937
-0.2487883719 5.0000051546 -0.1438592611
-0.2483209349 5.0000066148 -0.1492806515
-0.2479372243 5.0000078716 -0.154210247
-0.2476793093 5.0000088571 -0.1586815928
-0.2475836329 5.0000095125 -0.1627259922
-0.247685603 5.0000097802 -0.1663693349
-0.2480205802 5.0000096017 -0.1696277684
-0.2486240565 5.0000089161 -0.1725028201
-0.2495354089 5.0000076529 -0.17496996
-0.2508062237 5.0000057134 -0.1769432075
-0.2524394275 5.0000030708 -0.1782440512
-0.2542567002 5 -0.1786190764
-0.2555993219 4.9999975454 -0.1773662053
-0.2566623341 4.9999955004 -0.1755374789
-0.2577744562 4.999993339 -0.1734443877
-0.2589863045 4.9999909743 -0.1710857977
-0.2603045903 4.9999883915 -0.1684336382
-0.2617204737 4.9999856011 -0.1654506286
-0.2632107873 4.9999826376 -0.1620932196
-0.2647421513 4.9999795525 -0.1583144108
-0.2662680295 4.9999764198 -0.1540661892
-0.267732342 4.9999733301 -0.1493029569
-0.2690758754 4.9999703803 -0.1439862614
-0.2702434319 4.9999676614 -0.1380861784
-0.2711960668 4.9999652379 -0.1315842505
-0.2719183813 4.9999631351 -0.1244709078
-0.2724150027 4.9999613445 -0.1167419756
-0.2727091451 4.9999598266 -0.1083986514
-0.2728297314 4.9999585324 -0.0994475789
-0.2727938838 4.9999574343 -0.0899025707
-0.2726003851 4.9999565374 -0.07978774030000001
-0.272227889 4.9999558826 -0.06913971739999999
-0.2716420126 4.9999555351 -0.0580089293
-0.2708121845 4.9999555551 -0.0464597727
-0.2697295332 4.999955967 -0.0345672926
-0.2684209827 4.9999567345 -0.022413973
-0.2669468785 4.9999577647 -0.0100853355
-0.2653845932 4.9999589353 0.0023311883
-0.2638061684 4.999960134 0.0147456731
-0.2622574462 4.9999612932 0.0270651725
-0.2607439596 4.999962415 0.039194717
-0.259235316 4.999963563 0.0510407612
-0.2576839606 4.9999648294 0.06251554769999999
-0.2560458758 4.9999662991 0.07354077539999999
-0.2543050305 4.9999680074 0.0840521231
-0.2524796996 4.9999699287 0.0940027465
-0.2506132027 4.9999719923 0.1033637514
-0.2487596993 4.9999741068 0.112121755
-0.24699007 4.9999761503 0.1202805963
-0.2453310069 4.9999780763 0.1278458584
-0.2438228003 4.9999798135 0.1348352133
-0.2424369452 4.9999814097 0.1412589058
-0.2411894213 4.999982834 0.147143956
-0.2400219431 4.9999841851 0.1525027603
-0.2388582627 4.9999855917 0.157350304
-0.237781255 4.9999869043 0.1617485955
-0.2366852745 4.9999883062 0.1656794496
-0.235497058 4.9999899231 0.1691420867
-0.2342564494 4.9999916808 0.1721862377
-0.2330322562 4.9999934535 0.1748740991
-0.2318466569 4.9999951985 0.177246236
-0.2307153282 4.9999968843 0.1793390379
-0.2296485422 4.9999984894 0.1811849446
-0.0889754418 -0.05 -0.2633797878
-0.0880900132 -0.0500475946 -0.2606677367
-0.0641855856 -0.2046875 -0.3085617699
-0.06328862859999999 -0.2047057019 -0.3053743649
-0.0871400232 -0.0500997038 -0.2576155743
-0.0623345727 -0.2047256325 -0.3017919236
-0.0861301433 -0.0501564696 -0.2541839842
-0.0613312779 -0.204747347 -0.2977700042
-0.0850686247 -0.0502179488 -0.2503300263
-0.0602910812 -0.2047708682 -0.2932603865
-0.0839683014 -0.0502840818 -0.2460070852
-0.0592319946 -0.2047961747 -0.2882111128
-0.0828478756 -0.0503546495 -0.241165233
-0.0581791987 -0.2048231845 -0.2825669939
-0.0817312922 -0.0504293335 -0.235745758
-0.0571647923 -0.2048517762 -0.27626352
-0.0806519933 -0.0505075216 -0.2296894333
-0.0562320254 -0.2048817182 -0.269236583
-0.0796590495 -0.0505880174 -0.2229500588
-0.0554418007 -0.2049125591 -0.2614382073
-0.078819546 -0.050669004 -0.2154891654
-0.0548758894 -0.2049436144 -0.2528302041
-0.0782336835 -0.0507478251 -0.2072414481
-0.0546570312 -0.204973883 -0.2433465568
-0.0779087854 -0.0508244961 -0.1981735917
-0.0547969417 -0.2050033555 -0.232952152
-0.0778676819 -0.050898414 -0.1882704062
-0.0553255902 -0.2050317857 -0.2216316376
-0.0781538658 -0.0509685124 -0.1774917357
-0.0562980112 -0.2050587572 -0.2093446115
-0.0786609472 -0.0510381892 -0.1658281793
-0.057592062 -0.2050855185 -0.1960722481
-0.0793486705 -0.0511088399 -0.1532611823
-0.0591643856 -0.2051125625 -0.1817913326
-0.0801055614 -0.0511839746 -0.1397877195
-0.0608862302 -0.2051411832 -0.1664893725
-0.0808116915 -0.0512672837 -0.1254162475
-0.06261722090000001 -0.2051727512 -0.1501660847
-0.08142601050000001 -0.0513598203 -0.1101783058
-0.0643066657 -0.205207666 -0.1328534518
-0.08195042869999999 -0.0514611459 -0.09412554369999999
-0.0659503597 -0.2052457967 -0.1146090084
-0.0824845788 -0.0515676019 -0.07733172889999999
-0.0676586023 -0.205285798 -0.09552310529999999
-0.0832327538 -0.0516720915 -0.0598929843
-0.0696572003 -0.2053250973 -0.07571915360000001
-0.0844786278 -0.0517648172 -0.0419349448
-0.07226633389999999 -0.2053600821 -0.0553611944
-0.086537802 -0.0518346815 -0.0236243569
-0.0758411873 -0.2053866481 -0.0346637729
-0.0896873549 -0.0518714508 -0.0051744801
-0.0806912942 -0.2054009833 -0.0138934702
-0.0940811481 -0.0518685241 0.0131710643
-0.0869832347 -0.2054005912 0.0066559995
-0.0946684391 -0.2053851656 0.0267211017
-0.0996858508 -0.0518252618 0.0311828557
-0.1034933366 -0.2053566649 0.0461270713
-0.1062867299 -0.0517471736 0.0486960451
-0.1130804827 -0.2053185659 0.0648032045
-0.1135574471 -0.0516438586 0.0656272562
-0.1229952597 -0.2052751609 0.0827659283
-0.1211200677 -0.0515270439 0.0819631182
-0.1328365468 -0.2052305202 0.1000673566
-0.1286262215 -0.0514077614 0.0977215951
-0.1422927677 -0.2051877899 0.1167432602
-0.1358091228 -0.0512944202 0.1129111179
-0.151138364 -0.2051491914 0.1328010905
-0.1424797953 -0.0511928582 0.1275214589
-0.1592611676 -0.2051157049 0.148203275
-0.1485509604 -0.0511055021 0.1415111616
-0.1666508935 -0.2050872214 0.1628801592
-0.154024123 -0.0510318513 0.1548183744
-0.1733746688 -0.2050628374 0.1767489528
-0.1589667036 -0.0509692992 0.1673753306
-0.1795417766 -0.2050412597 0.1897338569
-0.1634804897 -0.0509142288 0.1791231055
-0.1852721115 -0.2050211469 0.2017774654
-0.1676730221 -0.0508629675 0.1900197162
-0.1906752902 -0.2050013238 0.2128444601
-0.1716410369 -0.050812314 0.2000413729
-0.1958264099 -0.2049810359 0.2229276074
-0.1754493479 -0.0507602268 0.2091862294
-0.2007736321 -0.2049598556 0.2320406181
-0.1791347105 -0.0507056726 0.2174702036
-0.2055360668 -0.2049376991 0.2402179949
-0.1827109369 -0.0506484431 0.2249238128
-0.2101136773 -0.2049147173 0.2475102758
-0.1861736592 -0.0505889904 0.2315900666
-0.2144994439 -0.2048911565 0.2539768436
-0.1895103444 -0.0505280812 0.2375200268
-0.2186829157 -0.204867314 0.2596834524
-0.1927083853 -0.050466512 0.242768529
-0.2226592867 -0.2048434228 0.2646927334
-0.1957599297 -0.0504049198 0.2473889291
-0.2264313316 -0.2048196221 0.2690609283
-0.1986659592 -0.0503436272 0.251429368
-0.2300136518 -0.2047958934 0.2728300698
-0.2014393576 -0.0502825072 0.2549275324
-0.233437799 -0.2047719798 0.2760178031
-0.2041096397 -0.0502207697 0.2579015903
-0.2367718052 -0.2047470707 0.2785750195
-0.2067402445 -0.0501561687 0.2603159512
-0.2401206241 -0.2047195652 0.2803077044
-0.2094334912 -0.0500843522 0.2620137207
-0.2434625037 -0.2046875 0.2804835267
-0.2122128645 -0.05 0.2623697131
-0.215063975 -0.0499048107 0.2615541341
-0.2467991393 -0.2046515074 0.2793209932
-0.2181459146 -0.0497990454 0.260281284
-0.2503695978 -0.2046117034 0.2776449311
-0.2214038573 -0.0496837777 0.2584636698
-0.2541043372 -0.2045684257 0.2753397426
-0.2247537214 -0.0495607142 0.2559752639
-0.2578968354 -0.2045222871 0.27226156
-0.2280788354 -0.0494327276 0.2527100102
-0.2616051707 -0.2044743276 0.2682938226
-0.2312454642 -0.0493034232 0.2485889535
-0.2650684949 -0.2044258796 0.2633566033
-0.2341331601 -0.0491763261 0.2435788993
-0.2681445907 -0.2043782449 0.2574208233
-0.2366695832 -0.049053728 0.2376836793
-0.270747673 -0.2043322872 0.250495521
-0.23883536 -0.0489363147 0.2309141685
-0.2728590653 -0.2042882452 0.2425995727
-0.2406792893 -0.048822683 0.223287213
-0.274534568 -0.2042456207 0.2337487838
-0.2422762813 -0.0487104699 0.2148002239
-0.2758610532 -0.2042035439 0.2239359344
-0.2437214884 -0.048596598 0.2054395069
-0.2769488439 -0.2041608735 0.2131391771
-0.2451055487 -0.0484780765 0.1951839757
-0.2779025326 -0.2041164974 0.2013278079
-0.2464901885 -0.0483527968 0.1840094428
-0.2787926433 -0.2040696309 0.1884692758
-0.2478993189 -0.0482198531 0.1718944366
-0.2796477589 -0.2040199156 0.1745366016
-0.2492990255 -0.0480801827 0.1588220405
-0.28042928 -0.2039676758 0.1595118586
-0.2505866962 -0.0479369331 0.1447836795
-0.2810200812 -0.2039140454 0.1433915318
-0.2515941301 -0.0477954157 0.1297859479
-0.2812268735 -0.2038609673 0.1261943631
-0.2520822272 -0.0476633562 0.1138622318
-0.2807757549 -0.2038112794 0.1079754649
-0.2517761097 -0.0475498999 0.0970867651
-0.2793516348 -0.2037683711 0.088840636
-0.2504072018 -0.047464395 0.07958839500000001
-0.2766488071 -0.2037357292 0.0689594934
-0.2477811052 -0.0474142287 0.0615450093
-0.2724494753 -0.2037161367 0.0485539531
-0.2438442023 -0.0474025439 0.0431563788
-0.2666988071 -0.2037108325 0.0278618079
-0.2387116958 -0.0474270704 0.0246044726
-0.2595355822 -0.2037190651 0.0070871061
-0.232626554 -0.0474811751 0.0060213952
-0.2512425818 -0.2037384745 -0.0136343675
-0.2259269445 -0.0475548609 -0.0125132657
-0.2422110972 -0.2037654328 -0.0342373749
-0.2328266683 -0.2037962817 -0.0546862329
-0.2189453336 -0.047638135 -0.0309436308
-0.2234230824 -0.2038278892 -0.07493868889999999
-0.211965318 -0.047722565 -0.0492095879
-0.2142476156 -0.2038580638 -0.0949207911
-0.2051905227 -0.0478023861 -0.0672284638
-0.2054275696 -0.2038859227 -0.1145124106
-0.1987166303 -0.047875446 -0.0848855139
-0.1969784689 -0.2039117781 -0.1335584731
-0.1925414241 -0.0479428197 -0.1020436194
-0.1888351371 -0.2039367719 -0.1518898169
-0.186592305 -0.0480078362 -0.1185586022
-0.1808902652 -0.2039624418 -0.1693420104
-0.1807637846 -0.0480747995 -0.1342936579
-0.1730367669 -0.2039902637 -0.1857704805
-0.1749532028 -0.0481477984 -0.1491292421
-0.1651977305 -0.2040213298 -0.2010599955
-0.1690906269 -0.0482297143 -0.1629708208
-0.1573532035 -0.2040560422 -0.2151408111
-0.1631545112 -0.0483216609 -0.1757584756
-0.1495032561 -0.2040945205 -0.2279720785
-0.1571455811 -0.0484238736 -0.1874570119
-0.141682762 -0.2041364906 -0.2395310398
-0.1510956444 -0.0485355081 -0.198045836
-0.133978978 -0.2041809084 -0.2498824677
-0.1450830803 -0.0486537443 -0.2075750953
-0.1264357813 -0.2042273217 -0.2590340753
-0.1391485347 -0.048777275 -0.216049638
-0.1191445162 -0.2042744599 -0.2671135794
-0.1333761984 -0.0489026999 -0.223573885
-0.1121576482 -0.2043217199 -0.2741516727
-0.1278119984 -0.0490284012 -0.2301725073
-0.1055177908 -0.2043682877 -0.2802824774
-0.1224996218 -0.0491521912 -0.2359574203
-0.0992729646 -0.2044133972 -0.2856063113
-0.1174834057 -0.0492720578 -0.2410138107
-0.0934531626 -0.2044565612 -0.2901888855
-0.112791066 -0.0493867284 -0.2453969648
-0.0880685029 -0.2044974271 -0.2941157365
-0.1084349571 -0.0494952803 -0.2491799653
-0.083111662 -0.2045357515 -0.2974929374
-0.1044137112 -0.0495970672 -0.2524567938
-0.0785706878 -0.2045714087 -0.3004021294
-0.100721338 -0.0496917604 -0.2552978017
-0.0744291416 -0.204604361 -0.302910032
-0.0973470011 -0.0497792622 -0.2577625541
-0.0706666167 -0.2046346363 -0.30507428
-0.09427617369999999 -0.0498596494 -0.2599025557
-0.0672602026 -0.2046623119 -0.3069441694
-0.0914918339 -0.0499331288 -0.2617622224
-0.0346711843 -0.359375 -0.372900486
-0.0338782831 -0.3593518219 -0.3691748627
-0.0330476758 -0.3593264453 -0.3649886072
-0.0321911204 -0.3592988009 -0.3602901912
-0.0313256407 -0.3592688611 -0.3550237837
-0.030474867 -0.3592366549 -0.3491293244
-0.0296706907 -0.359202289 -0.3425431877
-0.0289532078 -0.3591659186 -0.3351908318
-0.0283751999 -0.3591278416 -0.3269983775
-0.0280083649 -0.3590886408 -0.3179114519
-0.0279472339 -0.3590492008 -0.3078884948
-0.0283341113 -0.3590108152 -0.2968570152
-0.0291834332 -0.3589734766 -0.284773836
-0.0305276749 -0.3589374787 -0.2716220292
-0.032430277 -0.3589033408 -0.2573544597
-0.0347512822 -0.3588694085 -0.2419435786
-0.0374398603 -0.3588350022 -0.2253590584
-0.0403484002 -0.3587984128 -0.2075810906
-0.0433164372 -0.3587578433 -0.18860391
-0.0462849952 -0.3587127807 -0.1684635649
-0.0492493021 -0.3586634386 -0.1472288801
-0.0523312485 -0.3586115984 -0.1250118849
-0.0557885394 -0.3585607156 -0.1019691057
-0.0599801477 -0.358515561 -0.0783074936
-0.0653016401 -0.3584815384 -0.0542931003
-0.07209086169999999 -0.358463631 -0.0302482721
-0.0805177411 -0.3584650534 -0.0065182136
-0.0905056221 -0.3584861174 0.0165972349
-0.1017460706 -0.3585241402 0.0389096488
-0.1137939505 -0.3585744481 0.0603545731
-0.1261454878 -0.3586313307 0.080967804
-0.1383405862 -0.3586894162 0.1008225543
-0.1500261297 -0.3587446098 0.1199678304
-0.1609496861 -0.3587940686 0.1384168448
-0.170989457 -0.3588366104 0.1561269434
-0.1801386694 -0.3588724789 0.1730158145
-0.1884772572 -0.3589029429 0.188983952
-0.1961320506 -0.3589297636 0.2039387162
-0.2032399256 -0.3589547294 0.217809139
-0.2099259844 -0.3589793989 0.2305499356
-0.2162760401 -0.3590047663 0.2421494734
-0.2223411719 -0.3590313348 0.2526236686
-0.2281440391 -0.3590592061 0.2620110774
-0.2336849268 -0.3590881599 0.2703694154
-0.2389544224 -0.3591178231 0.2777682396
-0.2439435334 -0.3591478079 0.2842821357
-0.2486493737 -0.3591778039 0.2899830475
-0.253080042 -0.3592076543 0.2949347464
-0.2572579611 -0.3592374205 0.2991854349
-0.2612248774 -0.3592674872 0.3027550463
-0.2650599972 -0.359298948 0.3055873358
-0.2688770203 -0.3593339221 0.3074595124
-0.2726187715 -0.359375 0.3075382821
-0.2762902228 -0.3594213546 0.3060517165
-0.2802036047 -0.3594728587 0.3039255626
-0.2842737415 -0.3595289898 0.3010513609
-0.2883711612 -0.3595889168 0.2972737007
-0.2923259389 -0.3596512412 0.2924683063
-0.2959493142 -0.3597142072 0.2865493125
-0.2990766393 -0.3597760984 0.2794897156
-0.3016123773 -0.3598357988 0.2713048453
-0.3035323501 -0.3598929745 0.2620119023
-0.3049037359 -0.3599483088 0.2516263379
-0.3058256518 -0.3600029521 0.2401341107
-0.3064225312 -0.3600584032 0.2275035684
-0.3068117679 -0.3601161182 0.213693882
-0.3070719206 -0.3601771241 0.1986642
-0.3072317195 -0.3602418619 0.1823826294
-0.3072437428 -0.3603098754 0.1648315134
-0.3069705185 -0.360379632 0.1460139967
-0.306189609 -0.3604485455 0.1259626515
-0.3045882067 -0.3605128539 0.1047556588
-0.3018117513 -0.3605681041 0.08253049630000001
-0.2975217619 -0.3606097439 0.0594962541
-0.2914851899 -0.360634176 0.0359166217
-0.2836590307 -0.3606398697 0.0120644035
-0.2742219576 -0.36062793 -0.0118351428
-0.2635152694 -0.3606015865 -0.0356410557
-0.2519992783 -0.3605657071 -0.0592955863
-0.2401233848 -0.3605251573 -0.0827716619
-0.2282727063 -0.3604840434 -0.1060296781
-0.2167293642 -0.3604451728 -0.1289887557
-0.205636674 -0.3604095936 -0.1515101477
-0.1950111018 -0.360376783 -0.1734115308
-0.1847766442 -0.3603451201 -0.1944912392
-0.1748125635 -0.3603125094 -0.2145527308
-0.1649994319 -0.36027696 -0.2334227754
-0.1552577251 -0.3602370688 -0.2509659694
-0.1455673 -0.3601922935 -0.2670997243
-0.1359340794 -0.3601425194 -0.2817774206
-0.1264032006 -0.3600881573 -0.2949762189
-0.117071666 -0.3600305806 -0.3067737959
-0.107992757 -0.3599704257 -0.3171823401
-0.0992635301 -0.3599093482 -0.3263523991
-0.09094149510000001 -0.3598481362 -0.3343232235
-0.0830688544 -0.3597878547 -0.3412495757
-0.0756924622 -0.3597294837 -0.3472508154
-0.06884132129999999 -0.359673643 -0.3524042604
-0.06252151540000001 -0.3596207819 -0.3568086787
-0.0567179523 -0.359571215 -0.3605886273
-0.0514127354 -0.3595251026 -0.3638366527
-0.0465830586 -0.3594824921 -0.3666302874
-0.0422023527 -0.3594433461 -0.3690358428
-0.038241736 -0.3594075641 -0.371109867
-0.0011061004 -0.5140625 -0.4574315189
-0.0002605454 -0.5139817296 -0.4529713006
0.0006076399 -0.5138936758 -0.4479645338
0.0014792948 -0.5137982395 -0.442351379
0.0023278416 -0.5136955055 -0.4360673485
0.0031174915 -0.5135858024 -0.4290435002
0.0038012796 -0.5134697759 -0.4212072223
0.0043142371 -0.5133484999 -0.4124732804
0.004577077 -0.5132235448 -0.4027590447
0.004508659 -0.5130968724 -0.3920097408
0.0040114821 -0.5129711537 -0.3801857625
0.002907408 -0.5128511972000001 -0.3672086848
0.0011596637 -0.5127377013 -0.353037753
-0.0012890403 -0.512632328 -0.3376577012
-0.0045360719 -0.5125377063 -0.3210257659
-0.0084824479 -0.5124504056 -0.3031224548
-0.0131079002 -0.5123694782 -0.283923172
-0.0183039362 -0.5122912925999999 -0.2634176544
-0.0239140275 -0.5122107051 -0.2415976151
-0.0298598762 -0.512125591 -0.2184965786
-0.0360813588 -0.5120347566 -0.1941767979
-0.042600506 -0.5119401728 -0.1687424635
-0.0495326478 -0.5118473715 -0.1423447623
-0.0570763834 -0.5117652244999999 -0.1151887454
-0.0654681396 -0.5117045057 -0.08753637440000001
-0.074920073 -0.5116758353999999 -0.0597016722
-0.0855380035 -0.5116866535 -0.0320206511
-0.0972615996 -0.5117386769 -0.0047988339
-0.1098638031 -0.5118272497 0.0217406043
-0.1230100955 -0.5119431072 0.0474698349
-0.1363093486 -0.5120741679 0.07234366840000001
-0.1493869094 -0.5122083963 0.0963567956
-0.1619359115 -0.5123360005000001 0.1194996572
-0.1737293835 -0.5124500022 0.1417435715
-0.1846416203 -0.5125470694000001 0.1630277269
-0.1946506676 -0.5126275365 0.1832650551
-0.2038154911 -0.5126944506 0.2023600142
-0.2122468105 -0.5127524267 0.2202262607
-0.2200736997 -0.5128063899999999 0.2367994086
-0.2274240067 -0.5128609508999999 0.2520399878
-0.2343957503 -0.5129193597 0.2659407802
-0.2410560948 -0.5129835294 0.2785219555
-0.2474476023 -0.5130543577 0.2898246127
-0.2535842048 -0.5131315323 0.2999113883
-0.2594705841 -0.5132143442 0.3088540254
-0.2651011363 -0.5133016239 0.3167351574
-0.2704774357 -0.5133925086 0.3236306936
-0.275605826 -0.5134863507 0.3296118774
-0.2805069171 -0.513583176 0.3347319643
-0.2852226016 -0.5136841034 0.339010357
-0.289836912 -0.513792712 0.3423746602
-0.2944692294 -0.5139161798 0.3445473364
-0.2989992337 -0.5140625 0.3445375477
-0.3033484592 -0.51422627 0.3425849205
-0.3078342413 -0.5144052694 0.3397289953
-0.3123233158 -0.5145963047 0.3358776938
-0.3166982445 -0.5147965574 0.3309501322
-0.3208350514 -0.5150028561 0.3248771162
-0.3245947961 -0.5152114046 0.3176011782
-0.3278434505 -0.5154182412 0.3090918798
-0.3304760437 -0.5156200984 0.2993391915
-0.332424089 -0.5158148574 0.28833558
-0.3336678651 -0.5160019828 0.27607284
-0.3342223649 -0.5161821896 0.2625319841
-0.3341286092 -0.516357138 0.2476846386
-0.3334522024 -0.5165293563 0.2314974715
-0.3322615871 -0.5167014859 0.2139341552
-0.3306100236 -0.5168756436 0.194961365
-0.3285122479 -0.5170525825 0.1745559168
-0.3259113494 -0.5172304676 0.1527176433
-0.3226723995 -0.5174045264 0.1294808886
-0.3185750608 -0.5175666284 0.1049308305
-0.3133480498 -0.5177062663000001 0.0792133758
-0.3067215497 -0.517812158 0.0525430336
-0.2985181075 -0.5178755001999999 0.0251763362
-0.2887226912 -0.5178925992 -0.002619444
-0.2775161859 -0.5178666117 -0.0306206074
-0.2652254493 -0.5178061882 -0.0586691434
-0.2522703814 -0.5177237117 -0.0866670859
-0.2390415138 -0.5176307345 -0.11452671
-0.2258480652 -0.5175358972 -0.1421360149
-0.2128805538 -0.5174434554 -0.1693366973
-0.2002038518 -0.5173530198 -0.1959213543
-0.1877922089 -0.5172609531 -0.2216554485
-0.1755840781 -0.5171625141 -0.2463091505
-0.1635270445 -0.5170536265 -0.2696840988
-0.1516134579 -0.5169322991999999 -0.2916347255
-0.1398781081 -0.5167985499 -0.3120693626
-0.1283865117 -0.5166539843 -0.330946136
-0.1172180196 -0.5165011502 -0.3482639
-0.1064100887 -0.5163411268 -0.3640121386
-0.09604585 -0.5161775136 -0.3782671985
-0.0860572298 -0.5160077112 -0.3909951449
-0.07654748879999999 -0.5158369836 -0.402357079
-0.06736786710000001 -0.5156592397999999 -0.4122446125
-0.0585733301 -0.5154788935 -0.4208779991
-0.0502379083 -0.515299324 -0.4283398451
-0.0423504166 -0.5151198666 -0.4346045218
-0.0349320648 -0.5149426183 -0.439789899
-0.0280289889 -0.5147719378 -0.4441356344
-0.0216478105 -0.5146097316 -0.4477830396
-0.015782895 -0.5144571971 -0.4508472475
-0.0104193684 -0.5143150143 -0.4534250738
-0.0055357573 -0.5141834588999999 -0.4555973863
0.0357071816 -0.66875 -0.5667948964
0.0365058958 -0.6686143013 -0.5615236151
0.0372997286 -0.668467026 -0.5556060433
0.0380606897 -0.6683082566 -0.5489713261
0.0387510922 -0.6681384515 -0.5415430787
0.0393212679 -0.6679585614 -0.5332395696
0.039706922 -0.6677701672 -0.5239741564
0.0398162588 -0.6675759487 -0.5136462686
0.0395393282 -0.6673794565 -0.5021540695
0.0387899488 -0.6671838624999999 -0.489439006
0.0374729188 -0.6669932118 -0.4754660123
0.0353752822 -0.6668163647000001 -0.460146323
0.0324337256 -0.6666556380000001 -0.4434361895
0.0285536917 -0.6665155364000001 -0.4253274094
0.0236019616 -0.6664018781 -0.4057795272
0.0176085899 -0.6663131327 -0.3847897506
0.0105551841 -0.6662499092 -0.3623418766
0.0024861635 -0.6662101884 -0.3384450556
-0.0064500303 -0.6661865147 -0.3130911818
-0.0161517918 -0.6661744523000001 -0.2863112001
-0.0264856515 -0.6661683973 -0.2581579679
-0.0373284837 -0.6661638867 -0.2287188845
-0.0485975524 -0.6661593258 -0.1981294802
-0.0602572503 -0.6661564014 -0.1665778823
-0.072313669 -0.6661597772 -0.1343027588
-0.0847919042 -0.6661758199 -0.1015847505
-0.0977046761 -0.6662107213 -0.0687282618
-0.1110155126 -0.6662681911 -0.0360343633
-0.1246180436 -0.6663479423999999 -0.0037737627
-0.1383415196 -0.6664456959 0.0278278819
-0.1519663099 -0.6665538813 0.0585932851
-0.1652537976 -0.6666632648 0.0883850328
-0.177981488 -0.6667649419 0.1170911108
-0.1899765912 -0.6668522631 0.1446099851
-0.2011281849 -0.666921505 0.1708466586
-0.2114052192 -0.6669728515 0.1957074837
-0.2208435951 -0.6670096235 0.2191074757
-0.2295303935 -0.6670373772 0.2409772181
-0.2375827549 -0.6670627708 0.2612679241
-0.2451205691 -0.6670921205 0.2799569409
-0.2522526493 -0.6671307378 0.297046724
-0.2590629776 -0.6671822616 0.3125643626
-0.265613941 -0.6672489326 0.3265552677
-0.271938601 -0.6673312004 0.3390838672
-0.2780560546 -0.6674286497 0.350224291
-0.2839689484 -0.6675398594 0.3600613867
-0.2896816084 -0.6676635476 0.3686769115
-0.295202639 -0.6677987632 0.3761460445
-0.3005516206 -0.6679453806 0.3825283765
-0.3057718747 -0.6681051435000001 0.3878451762
-0.3109557096 -0.6682842014 0.3920086362
-0.3162328667 -0.668495 0.3946873713
-0.3214290149 -0.66875 0.3947305332
-0.3263343234 -0.6690351852999999 0.3923397558
-0.3312321909 -0.6693437486 0.3886503486
-0.3359360005 -0.6696669895 0.3836357188
-0.3403537857 -0.6699997205 0.3773319887
-0.3444344204 -0.6703391953 0.3697517045
-0.3481187497 -0.6706828943000001 0.3608734124
-0.3513242151 -0.6710274671999999 0.3506580647
-0.3539412677 -0.6713683926 0.33905801
-0.3558359158 -0.6717000013 0.3260225634
-0.3568757368 -0.6720164802 0.3115131292
-0.3569451113 -0.6723126393 0.2955022793
-0.3559708978 -0.6725852396000001 0.2779702462
-0.3539398779 -0.6728339863 0.2588975498
-0.3509007791 -0.6730617521 0.2382582806
-0.3469334559 -0.6732730589 0.2160201156
-0.342136904 -0.6734733169 0.1921536791
-0.3365646222 -0.6736652767 0.1666525839
-0.3302134807 -0.6738482018 0.139548667
-0.323001961 -0.6740165385 0.1109262138
-0.3147886661 -0.6741606721 0.0809303869
-0.3054215277 -0.6742695286 0.0497574259
-0.2948102553 -0.6743344238 0.017639201
-0.2829861531 -0.6743525424 -0.0151860321
-0.2701283423 -0.6743287811000001 -0.0485038317
-0.2565336888 -0.6742744019 -0.0821308822
-0.2425473636 -0.6742033365 -0.1158998372
-0.2284598016 -0.6741264279 -0.1496217689
-0.2144537627 -0.6740484693 -0.1830667933
-0.2005736152 -0.6739665645 -0.2159570471
-0.1867571544 -0.6738720267 -0.2479849113
-0.1729082017 -0.6737545659 -0.278846537
-0.1589764719 -0.673606924 -0.308280357
-0.1450019141 -0.6734275878 -0.3360960455
-0.1311287499 -0.673221845 -0.3621945074
-0.1175542258 -0.6729990025 -0.3865537192
-0.1044604741 -0.6727683473 -0.4091912386
-0.0920294037 -0.6725399616 -0.4301687366
-0.0802901954 -0.6723154494 -0.4494953636
-0.0693025813 -0.6720989619 -0.467237348
-0.0588345263 -0.6718772962 -0.4832973043
-0.0489925526 -0.6716586919 -0.4978390906
-0.0393433015 -0.6714161742 -0.5105541201
-0.0299584112 -0.6711586747 -0.5217380178
-0.0209429407 -0.670891891 -0.5314195399
-0.0122278879 -0.6706093174 -0.5394286597
-0.0038540974 -0.6703155221 -0.5459052492000001
0.0040484835 -0.6700240836 -0.5512420914
0.0114383741 -0.6697407639 -0.5556426376
0.0182964609 -0.6694695282999999 -0.5592723114
0.0246197175 -0.6692130388 -0.5622685434
0.030417282 -0.668972922 -0.5647449087
0.0655168647 -0.8234375 -0.6610877120999999
0.06551574640000001 -0.823312527 -0.6552491689
0.0654191214 -0.8231779453 -0.648699694
0.0651910503 -0.8230342274 -0.6413626565
0.0647858204 -0.8228822998 -0.6331558034
0.0641459098 -0.822723671 -0.6239916016
0.0631990516 -0.8225606296 -0.6137784668
0.0618375144 -0.8223972966999999 -0.602413006
0.0599558407 -0.8222375851 -0.5897883204
0.0574847467 -0.8220839451 -0.5758285898
0.0543413241 -0.8219402134 -0.5604853946
0.0503211367 -0.8218165567 -0.5436721676
0.0453855498 -0.8217137101 -0.5253171805
0.039432085 -0.8216372656000001 -0.5054003753
0.0323647838 -0.8215915855 -0.4838620628
0.0241946662 -0.8215756415 -0.4606846058
0.0149243894 -0.8215885888 -0.4358359465
0.0045940507 -0.8216280891 -0.4093170379
-0.0066487475 -0.8216851888 -0.3811150468
-0.0186886582 -0.8217537704 -0.3512609886
-0.0313740637 -0.8218261793 -0.319813677
-0.0445490772 -0.821895369 -0.2868720153
-0.0580820823 -0.8219568362 -0.2525869669
-0.07187573160000001 -0.8220092312 -0.2171628781
-0.08587025099999999 -0.8220544715 -0.1808534468
-0.1000229676 -0.8220962185 -0.1439467864
-0.1143027443 -0.8221393335 -0.1067554614
-0.1286567836 -0.822187457 -0.069594448
-0.1429959855 -0.8222418128 -0.032765515
-0.1571887487 -0.8223005523 0.0034563935
-0.1710690628 -0.8223590675 0.038830756
-0.1844553847 -0.8224110733 0.0731526394
-0.197176518 -0.8224502116 0.1062490493
-0.2091043646 -0.8224721638 0.1379699425
-0.2201555862 -0.8224747406 0.168188823
-0.2303117306 -0.8224591965 0.1967964636
-0.2396091077 -0.8224295549 0.2237046931
-0.2481225711 -0.8223915703 0.248850357
-0.2559552232 -0.8223521157 0.2721955173
-0.2632141806 -0.8223176979 0.2937305252
-0.27000074 -0.8222939366000001 0.31347116
-0.2764022951 -0.8222851609 0.3314550468
-0.2824840028 -0.8222939561 0.3477404723
-0.2882940365 -0.8223215947 0.3624002979
-0.2938644002 -0.8223681544 0.3755187601
-0.2992125446 -0.8224326539 0.3871895128
-0.3043545666 -0.8225140587000001 0.3975050396
-0.3093055147 -0.8226113649 0.4065536071
-0.3140890804 -0.8227243634 0.4144099436
-0.3187450289 -0.8228544469 0.42111818
-0.3233533935 -0.8230072407 0.4266351978
-0.328030958 -0.8231946717 0.4307247638
-0.3327860195 -0.8234375 0.432440378
-0.3380608643 -0.8238089802 0.4295806546
-0.3430760228 -0.8242013429 0.4250324186
-0.347752109 -0.8246056705 0.418994299
-0.3521126428 -0.8250207382 0.4115882922
-0.3561710482 -0.8254466654 0.4028458448
-0.3598969411 -0.8258823824 0.3927335563
-0.3632144263 -0.8263247728000001 0.38118849
-0.3659874582 -0.8267676345 0.368126789
-0.3680336954 -0.8272019181 0.3534701623
-0.3691420924 -0.8276165875 0.3371543837
-0.3691107447 -0.8280005204999999 0.3191443726
-0.3677884561 -0.8283451164 0.2994262847
-0.3651116979 -0.8286467786 0.2779936677
-0.3611193041 -0.8289081353 0.2548304888
-0.3559260162 -0.8291366422000001 0.229903635
-0.3496921614 -0.8293425787000001 0.2031736451
-0.3425560572 -0.8295345433 0.1746188757
-0.3345918137 -0.8297164373 0.1442607997
-0.3257830646 -0.8298855538 0.1121809609
-0.3160201003 -0.8300321884 0.0785312168
-0.305161804 -0.8301435641 0.0435205845
-0.2930976597 -0.8302077648 0.0074018284
-0.279828191 -0.8302191783 -0.0295617569
-0.2655068966 -0.8301815669 -0.06712455019999999
-0.2504210138 -0.8301071654 -0.1050692222
-0.2349245377 -0.830012478 -0.1431943938
-0.2193258363 -0.8299108574 -0.181276743
-0.2038247336 -0.8298083751000001 -0.2190509654
-0.1884678077 -0.8297009778 -0.2561997537
-0.1731802015 -0.8295767918 -0.2923742326
-0.1578472846 -0.8294217329 -0.3272316308
-0.1424048451 -0.8292257088 -0.3604769524
-0.1269014574 -0.8289870555 -0.3918993021
-0.1115131457 -0.82871389 -0.421394485
-0.09648245499999999 -0.8284201834 -0.4489489657
-0.0820394373 -0.8281201977 -0.4745969702
-0.0684252716 -0.8278301083 -0.4984314902
-0.0556899399 -0.8275534436 -0.5204800421
-0.0439138631 -0.827296661 -0.5408231789
-0.032847528 -0.8270431655 -0.5593710527
-0.0225853574 -0.826801897 -0.5762817923
-0.012653972 -0.8265387532 -0.5912626246
-0.0030219262 -0.8262566421999999 -0.6045360322
0.0061559644 -0.8259669293 -0.6162073421000001
0.0150593135 -0.8256539205 -0.6260371858
0.0237238131 -0.825317104 -0.6340999322999999
0.0319842464 -0.8249750152000001 -0.6408073578
0.0397531672 -0.8246382173 -0.6464124284
0.0469974414 -0.8243126264 -0.6511003778
0.0537033316 -0.8240023748999999 -0.6550264054
0.0598722467 -0.8237101486 -0.6583197568
0.0881812205 -0.978125 -0.7308366137
0.08703321310000001 -0.9780836488 -0.7246077955
0.0856690889 -0.9780402993 -0.717631353
0.0840450281 -0.9779955527 -0.7098296121
0.0821082844 -0.9779502814 -0.7011200106
0.079795625 -0.9779056962 -0.6914156742999999
0.0770292284 -0.9778635259 -0.6806272169000001
0.07369329099999999 -0.9778269053999999 -0.6686628645
0.06969708719999999 -0.9777978925 -0.6554215343000001
0.0650002333 -0.9777767313 -0.6408089989
0.0595397985 -0.9777648021000001 -0.6247521687000001
0.0531418042 -0.9777676592 -0.6071747542
0.0458151502 -0.9777835217 -0.5879714747
0.037472159 -0.977815044 -0.5670929809
0.0280897016 -0.9778619710999999 -0.5444568321
0.0176849301 -0.9779229668 -0.5200125123
0.0063094562 -0.9779952924999999 -0.4937020937
-0.0059752635 -0.9780763439 -0.465505378
-0.0190275707 -0.9781605115000001 -0.4354040101
-0.0327248354 -0.9782435812 -0.4034293664
-0.046926251 -0.978321184 -0.3696519294
-0.0614955387 -0.9783897984 -0.3341918044
-0.07632067050000001 -0.9784475932 -0.2972261123
-0.0913092601 -0.9784941689 -0.2589821422
-0.1063976254 -0.9785308755 -0.2197361753
-0.1215237255 -0.9785595334 -0.1797944116
-0.1366240063 -0.978582186 -0.1394835634
-0.1516124651 -0.9786000593 -0.0991327055
-0.1663742994 -0.9786131469 -0.0590604302
-0.1807695867 -0.9786202153 -0.0195650435
-0.1946465456 -0.9786192294 0.0190810697
-0.2078537717 -0.9786077532 0.0566359339
-0.2202645858 -0.9785838985 0.09288610849999999
-0.2317964556 -0.9785470719 0.1276457002
-0.2424044058 -0.9784976807 0.1607597706
-0.2520924881 -0.9784375942 0.192102463
-0.2609067023 -0.9783698392 0.2215789835
-0.2689143756 -0.9782977898 0.2491289905
-0.2762030887 -0.9782251553 0.2747236105
-0.2828618953 -0.9781552669 0.2983657348
-0.2889797386 -0.9780911082 0.3200834842
-0.2946334575 -0.9780348687 0.3399296644
-0.2998887376 -0.9779880664 0.3579753746
-0.3048019476 -0.9779516767999999 0.374305508
-0.3094176808 -0.9779260911 0.3890151597
-0.3137667392 -0.9779110381 0.4022099733
-0.317881392 -0.9779063487 0.4139919851
-0.3217848839 -0.9779114874 0.4244651109
-0.3255058742 -0.9779262652 0.4337228168
-0.329078222 -0.977950917 0.4418419795
-0.3325562922 -0.9779870242000001 0.4488576602
-0.3360285729 -0.978038871 0.4547012297
-0.3397903469 -0.978125 0.4588316854
-0.3453591905 -0.9783815938 0.4554664064
-0.3503490152 -0.9786440094 0.4500636663
-0.3548620533 -0.9789094869 0.4431105925
-0.3590873317 -0.9791824566 0.4348073872
-0.3631047982 -0.9794656567 0.4251751823
-0.3668963198 -0.9797592761 0.4141498134
-0.3703714652 -0.9800612096 0.4016344214
-0.3733650987 -0.9803667448 0.3875160828
-0.3756464992 -0.9806685706 0.3716903787
-0.3769409946 -0.9809574477 0.3540722707
-0.3769754941 -0.9812235975 0.3346206293
-0.3755294114 -0.9814587817 0.3133273759
-0.3725042472 -0.9816591502000001 0.2902016074
-0.3679314183 -0.9818259620000001 0.2652376549
-0.3619634058 -0.9819654582 0.2384014586
-0.3548224578 -0.9820867684 0.2096402716
-0.3467196105 -0.9821984437 0.1789129803
-0.3377912693 -0.9823055697999999 0.1462251022
-0.3280583342 -0.9824079056 0.111652505
-0.3174104112 -0.9824991043 0.0753546836
-0.305668141 -0.9825692229 0.0375629559
-0.2926545219 -0.9826076344 -0.0014340338
-0.2783048526 -0.9826077219 -0.0413302096
-0.2627278131 -0.9825696719 -0.0818373516
-0.2462083977 -0.9825008961 -0.1227075048
-0.2291399308 -0.9824133671 -0.1637266074
-0.2118985771 -0.9823182954 -0.2046722917
-0.1947630874 -0.9822227027 -0.2452853316
-0.1778480122 -0.9821266207 -0.2852494483
-0.1611139325 -0.9820236512 -0.3242044029
-0.1444470363 -0.9819045196 -0.3617853561
-0.1277594852 -0.9817614984 -0.397668979
-0.1110685069 -0.9815919702 -0.4316151905
-0.09452501419999999 -0.9813998966 -0.463495466
-0.0783628569 -0.9811937315 -0.4932806825
-0.0628294284 -0.9809833205 -0.521006178
-0.0482058944 -0.9807808346 -0.5467843151
-0.034575318 -0.9805900471 -0.5706612423
-0.0220599553 -0.980417024 -0.5927426279
-0.0104610417 -0.9802535536 -0.6129778179000001
0.0001480943 -0.9801043820999999 -0.6315117121
0.0101639298 -0.9799520698 -0.6481653744
0.0197838981 -0.9797901664999999 -0.6630142291
0.0287890539 -0.9796302582 -0.6763004299000001
0.0374974878 -0.9794565149 -0.6877457902
0.0460683154 -0.9792624608 -0.6973172481
0.0543241051 -0.9790597615 -0.7053781142
0.062123118 -0.9788578097 -0.7122244142
0.0694222427 -0.9786608114999999 -0.7180450864
0.0761994755 -0.9784717862 -0.7230007027000001
0.0824498528 -0.9782927647 -0.7272266108
0.0979005835 -1.1328125 -0.7704459664
0.09578240440000001 -1.132812127 -0.764078866
0.0933559709 -1.1328119024 -0.756948906
0.0905745219 -1.1328118941 -0.7489772011
0.08738409900000001 -1.1328121898 -0.7400800087
0.0837226298 -1.1328129004 -0.7301693173
0.07951690810000001 -1.1328141705 -0.7191543131
0.07465711 -1.1328162872 -0.70694595
0.0690774044 -1.1328193418 -0.6934408564
0.06274697730000001 -1.13282333 -0.6785403669
0.0556056501 -1.1328283819 -0.6621646991
0.0475227323 -1.1328348662 -0.6442355399
0.0385285907 -1.1328425187 -0.6246293345
0.0285439186 -1.132851558 -0.6032831102
0.017601021 -1.1328617292 -0.5800931578
0.0057185694 -1.1328728769 -0.5549889373
-0.0070137295 -1.1328845677 -0.5278930864
-0.0205183303 -1.1328964682 -0.4987698583
-0.0346506543 -1.1329080075 -0.4675938704
-0.0492857192 -1.1329187627 -0.4343969462
-0.06429414109999999 -1.1329283576 -0.3992584809
-0.0795598035 -1.1329365486 -0.3623148403
-0.0949969727 -1.13294326 -0.3237645671
-0.110529274 -1.1329485619 -0.2838533707
-0.1261010547 -1.1329526234 -0.2428743939
-0.1416403279 -1.1329555966 -0.2011445415
-0.1570562228 -1.1329575755 -0.1589951662
-0.1722313721 -1.1329585544 -0.1167584585
-0.1870180694 -1.1329583994 -0.0747559961
-0.2012659107 -1.1329569513 -0.0332973041
-0.214831125 -1.1329540567 0.0073261033
-0.2275913219 -1.1329496153 0.0468456878
-0.2394641079 -1.1329436478 0.0850175235
-0.2504112512 -1.1329362993 0.1216287049
-0.2604265402 -1.1329277778 0.1565027193
-0.2695312301 -1.1329183411 0.1895033908
-0.2777669363 -1.1329082782 0.2205354935
-0.2851859695 -1.1328978345 0.2495438931
-0.2918481944 -1.1328872459 0.2765102067
-0.2978165101 -1.1328767197 0.3014480971
-0.3031573773 -1.1328664438 0.3243962434
-0.3079420761 -1.1328566018 0.3454141317
-0.3122423523 -1.1328473611 0.3645782465
-0.316131543 -1.1328388784 0.381978097
-0.3196767392 -1.1328312845 0.3977147798
-0.3229391492 -1.1328246634 0.4118963105
-0.3259745734 -1.1328190862 0.4246326249
-0.3288318563 -1.132814598 0.4360305594
-0.3315563461 -1.1328112329 0.4461904253
-0.3341898159 -1.1328090391 0.4551987279
-0.3367824162 -1.1328081251 0.4631071096
-0.3393853354 -1.1328086916 0.4699050083
-0.3423705789 -1.1328125 0.4752763932
-0.3478109549 -1.1328372398 0.4715058937
-0.3524327713 -1.1328619334 0.4654729829
-0.3565085529 -1.1328866355 0.4578988781
-0.3603409185 -1.1329121402 0.4490243158
-0.3640474982 -1.1329388702 0.4388540094
-0.3676184003 -1.1329668998 0.4273020426
-0.3709517729 -1.1329960118 0.4142477042
-0.3738700977 -1.1330257269 0.3995588822
-0.3761165711 -1.1330552642 0.3831124828
-0.3773838341 -1.133083627 0.3648091695
-0.3773599497 -1.1331097365 0.3445999131
-0.3757872729 -1.1331326597 0.3224766067
-0.3725424033 -1.1331519248 0.2984537811
-0.3676470635 -1.1331676113 0.2725305218
-0.361270299 -1.1331803803 0.2446724477
-0.3536610997 -1.1331912145 0.2148211393
-0.3450650248 -1.1332010818 0.1829265022
-0.3356564213 -1.133210616 0.1489849025
-0.3254772862 -1.1332198777 0.1130688524
-0.3144205002 -1.1332282624 0.0753404542
-0.302287083 -1.1332347289 0.036041675
-0.2888660345 -1.1332381082 -0.0045217797
-0.2740524279 -1.1332375926 -0.046020555
-0.2579238247 -1.1332330597 -0.08814155899999999
-0.2407538934 -1.1332251658 -0.1306166294
-0.2229508417 -1.1332151157 -0.1732216737
-0.2049263321 -1.133204128 -0.2157336653
-0.18700685 -1.1331930687 -0.2578981778
-0.1693532236 -1.1331821206 -0.2994031193
-0.1519568351 -1.1331707855 -0.3398873095
-0.1347128171 -1.1331581981 -0.37897883
-0.1175218128 -1.1331435581 -0.4163416442
-0.100379629 -1.1331265214 -0.45172002
-0.0834140896 -1.1331073692 -0.4849688374
-0.0668441152 -1.1330868498 -0.5160455187
-0.0509189577 -1.1330659183 -0.544981092
-0.0359392557 -1.1330458334 -0.5718953609
-0.0220099913 -1.1330270559 -0.5968459249
-0.0092804472 -1.1330102904 -0.6199528381
0.0024001142 -1.1329949672 -0.641199423
0.0129775004 -1.1329814496 -0.6607162914
0.0227718729 -1.1329684633 -0.6784205505999999
0.0320928227 -1.1329548385 -0.6942833486
0.0406867521 -1.132941927 -0.7086346462999999
0.0489588113 -1.1329278811 -0.7211923958999999
0.0571574229 -1.132911651 -0.7318480173
0.06510843970000001 -1.1328942791 -0.7409148406
0.07263816369999999 -1.132876803 -0.748706218
0.0796995868 -1.1328596332 -0.7554072407
0.0862670718 -1.1328430686 -0.7611770877
0.0923324156 -1.1328273139 -0.7661514929
0.08844745950000001 -1.2875 -0.7736552249999999
0.0860033019 -1.2874853751 -0.7674377875
0.0832389013 -1.2874679945 -0.7604604356
0.0801136537 -1.2874472989 -0.752640493
0.0765822832 -1.2874226153 -0.7438890049
0.0725945157 -1.2873931379 -0.7341109925
0.0680928873 -1.2873578147 -0.7232064349
0.0630082507 -1.287315238 -0.7110642286
0.0572928019 -1.2872650549 -0.6975671143
0.0508887136 -1.2872059286 -0.6826325784
0.0437035065 -1.2871345666 -0.6662039077
0.0356545548 -1.2870488409 -0.6481773897999999
0.0267390174 -1.2869503027 -0.6284435843
0.0168663874 -1.2868357624 -0.6069448605
0.006075301 -1.2867085921 -0.5835747764
-0.0056249439 -1.2865702189 -0.5582675973
-0.0181353063 -1.286426334 -0.5309429387
-0.0313724792 -1.2862812593 -0.5015635139
-0.0451814762 -1.2861424045 -0.4701010678
-0.0594330593 -1.2860150951 -0.4365876406
-0.0740015606 -1.2859037123 -0.401106364
-0.0887870316 -1.285810528 -0.3638023807
-0.1037245085 -1.2857352818 -0.3248832578
-0.1187728638 -1.2856758291 -0.284609433
-0.1338982192 -1.2856290752 -0.2432820172
-0.1490394733 -1.2855928404 -0.2012223325
-0.1640961439 -1.2855666098 -0.1587587422
-0.1789288516 -1.2855516705 -0.116216256
-0.1933613351 -1.2855511587 -0.0739075782
-0.2072195383 -1.285568258 -0.0321358505
-0.2203529361 -1.2856052606 0.0088067119
-0.2326478958 -1.2856630711 0.0486457052
-0.2440479929 -1.2857403305 0.0871270004
-0.2545402054 -1.2858342243 0.1240289592
-0.2641367725 -1.2859414162 0.1591700256
-0.2728613086 -1.2860587528 0.1924139476
-0.2807390595 -1.2861837101 0.2236702775
-0.2877924338 -1.2863145563 0.2528918824
-0.2940453003 -1.2864500594 0.2800684887
-0.2995309545 -1.286589007 0.3052187546
-0.3042969787 -1.2867298544 0.3283815989
-0.3084139873 -1.2868702729 0.3496124047
-0.311971476 -1.2870072983 0.3689805283
-0.315072323 -1.2871375722 0.3865689056
-0.3178233439 -1.2872577529 0.4024731002
-0.3203275434 -1.2873648063 0.416797545
-0.32268444 -1.2874558591 0.4296469242
-0.3249788436 -1.2875286356 0.4411217386
-0.3272993 -1.2875803838 0.4513023911
-0.3297253581 -1.2876082733 0.4602377663
-0.3323445179 -1.2876077219 0.4678859228
-0.3351796741 -1.2875746875 0.4740505573
-0.3382560152 -1.2875 0.4782078856
-0.3429513975 -1.2872297398 0.4743679442
-0.3467900531 -1.2869627214 0.4682258365
-0.3501776075 -1.2866930145 0.4605850574
-0.3533978317 -1.286411231 0.4516662172
-0.3565426713 -1.2861132276 0.4414690235
-0.3595906899 -1.2857986453 0.4299071857
-0.3624381064 -1.2854703273 0.4168615353
-0.3649142937 -1.2851339534 0.4022017045
-0.3667794719 -1.2847984229 0.3858042632
-0.3677507184 -1.2844749172 0.3675679687
-0.3675406197 -1.2841754855 0.3474349546
-0.3659135117 -1.283910422 0.3253848025
-0.3627480344 -1.2836851997 0.3014181825
-0.3580559569 -1.2834991553 0.2755263983
-0.351979611 -1.2833453608 0.2476754522
-0.3447306206 -1.2832135128 0.2178146518
-0.3365199542 -1.2830935122 0.1859046885
-0.3274976227 -1.2829786795 0.1519502907
-0.3176932987 -1.2828688492 0.1160277407
-0.3070074026 -1.2827709388 0.07829575549999999
-0.2952600216 -1.2826966359 0.0389883017
-0.2822648883 -1.2826588449 -0.0016000145
-0.2679357872 -1.2826663437 -0.0431499824
-0.2523562614 -1.2827200998 -0.0853534448
-0.2357887683 -1.2828124603 -0.1279392231
-0.218618033 -1.2829297064 -0.1706727734
-0.2012320892 -1.2830579736 -0.2133193653
-0.1839396089 -1.2831874038 -0.255615941
-0.1668964447 -1.283315792 -0.2972489992
-0.150101321 -1.2834486486 -0.3378631044
-0.1334633713 -1.2835956168 -0.3770963173
-0.1168948153 -1.2837656557 -0.4146222175
-0.1003942839 -1.2839626695 -0.4501903584
-0.0840810322 -1.2841835516 -0.483653343
-0.0681585227 -1.2844199281 -0.5149600648
-0.0528597122 -1.2846610079 -0.5441304225
-0.0384675158 -1.2848924509 -0.5712690674999999
-0.0250829236 -1.2851089 -0.596428884
-0.0128507684 -1.2853020932 -0.6197234785
-0.0016388957 -1.2854780542 -0.6411479427
0.008503583800000001 -1.2856326712 -0.6608261959
0.0178625885 -1.2857796729 -0.6787022469
0.0267274859 -1.2859323487 -0.6947588576
0.0348683945 -1.2860756536 -0.7093022081
0.0426658485 -1.2862302901 -0.7220993541
0.0503643164 -1.2864086341 -0.7330608675
0.0578192524 -1.2865999258 -0.7424639870999999
0.0648674239 -1.2867923294 -0.7506012691
0.07146805420000001 -1.2869813226 -0.75764784
0.0775999616 -1.2871636274 -0.7637552157
0.0832576559 -1.2873369972 -0.7690537163
0.0576068056 -1.4421875 -0.7515307297
0.0552235824 -1.4421407706 -0.7455170942
0.052537509 -1.4420871356 -0.7387668263
0.0495125382 -1.4420255237 -0.7311993467
0.0461090308 -1.4419546941 -0.7227278369
0.0422836324 -1.4418732154 -0.7132594529
0.0379883568 -1.4417793475 -0.7026958762
0.0331715715 -1.4416713683 -0.6909270264
0.0277897361 -1.4415484794 -0.6778414324000001
0.0217774752 -1.4414064262 -0.6633588691
0.0150419366 -1.4412373006 -0.6474185690000001
0.0075205373 -1.4410380016 -0.6299159823
-0.0007944337 -1.4408113519 -0.6107469201
-0.0099820142 -1.4405509657 -0.589849786
-0.0200004005 -1.4402649712 -0.5671217641
-0.0308363326 -1.4399570939 -0.5424975583
-0.0423900105 -1.439640812 -0.5159006296
-0.0545781129 -1.4393263693 -0.4872958344
-0.06725357849999999 -1.439030448 -0.4566609779
-0.0802981338 -1.4387645601 -0.4240324986
-0.0936028766 -1.4385374221 -0.3894976289
-0.1070855811 -1.4383528002 -0.3532024505
-0.1207040674 -1.4382079887 -0.3153541197
-0.1344347325 -1.438096586 -0.2762078364
-0.148256882 -1.4380105633 -0.2360562311
-0.1621167276 -1.437944848 -0.1952096725
-0.1759156483 -1.4378990258 -0.1539839382
-0.1895141205 -1.4378772354 -0.1126911058
-0.2027376018 -1.4378877618 -0.0716330135
-0.2154146976 -1.4379388476 -0.0311029861
-0.2274054801 -1.4380356716 0.008615268000000001
-0.2386089072 -1.4381797685 0.0472540702
-0.2489806958 -1.4383672357 0.0845656773
-0.2585149942 -1.4385911691 0.1203352691
-0.2672251163 -1.438844013 0.1543885149
-0.2751302102 -1.439119153 0.1865959129
-0.2822448403 -1.439412064 0.2168733878
-0.2885784565 -1.4397202368 0.2451785637
-0.2941427544 -1.4400421432 0.2715039523
-0.2989639055 -1.4403756309 0.2958688942
-0.3030884823 -1.4407170159 0.3183119552
-0.3065902228 -1.4410602224 0.3388872555
-0.3095676584 -1.4413969613 0.3576622297
-0.3121347522 -1.4417177432 0.3747176837
-0.314414268 -1.4420125025 0.3901451105
-0.3165275542 -1.4422715717 0.4040429885
-0.3185930397 -1.442485561 0.416508715
-0.3207224553 -1.4426454538 0.4276296843
-0.3230372998 -1.4427401595 0.4374642915
-0.3256538064 -1.4427575126 0.4460240766
-0.3287088875 -1.4426781862 0.4531802129
-0.3322277923 -1.4424870534 0.4585794163
-0.3359573781 -1.4421875 0.4615379759
-0.3404299698 -1.441575585 0.4578841749
-0.3439530112 -1.4409850384 0.4519125293
-0.3470900143 -1.4403863161 0.4445178875
-0.3501202327 -1.4397563782 0.4359043416
-0.3531212201 -1.4390867183 0.4260685287
-0.3560657848 -1.4383773168 0.414926088
-0.3588489839 -1.4376354431 0.4023607502
-0.3613048766 -1.4368745871 0.388245523
-0.3632053109 -1.4361151621 0.3724589787
-0.3642842035 -1.4353824403 0.354901254
-0.3642709805 -1.4347035133 0.3355105121
-0.3629485767 -1.4341009711 0.3142615119
-0.3601975875 -1.4335874705 0.2911469629
-0.3560277423 -1.433161553 0.266155298
-0.3505679272 -1.4328081862 0.239255339
-0.3440083301 -1.4325052528 0.2104029469
-0.3365429313 -1.4322306397 0.1795657919
-0.3283074784 -1.431969986 0.1467529901
-0.3193249291 -1.4317234504 0.1120398324
-0.3094996533 -1.431506683 0.0755775949
-0.2986613848 -1.4313458806 0.0375881029
-0.2866353924 -1.4312697452 -0.0016491871
-0.2733428262 -1.4312974598 -0.0418305844
-0.2588651541 -1.4314305973 -0.0826601599
-0.2434529733 -1.4316512945 -0.123874614
-0.227472393 -1.4319280625 -0.1652429616
-0.2112924737 -1.4322291123 -0.2065336644
-0.1952077075 -1.4325316126 -0.2474897282
-0.1793671518 -1.4328300625 -0.2878084962
-0.1637703074 -1.4331364434 -0.3271500295
-0.1483301792 -1.433472259 -0.365169599
-0.132960605 -1.4338577422 -0.4015561254
-0.1176551606 -1.434302028 -0.436069056
-0.102521181 -1.4347985917 -0.4685635135
-0.0877457993 -1.4353291341 -0.4989842431
-0.07354642860000001 -1.435869707 -0.5273436655
-0.0601895534 -1.4363882531 -0.5537340605
-0.0477702867 -1.4368728165 -0.5782030254
-0.0364283323 -1.437304573 -0.6008564617
-0.0260413036 -1.4376967498 -0.6216946194
-0.0166524026 -1.4380406697 -0.640831654
-0.0080032933 -1.4383655821 -0.658230194
0.0001911585 -1.4387028875 -0.6738741781000001
0.0077032263 -1.4390177818 -0.6880536211
0.0149010324 -1.4393571943 -0.7005656582999999
0.0220321969 -1.4397507841 -0.7113282224
0.0289686934 -1.440176034 -0.7205884511
0.0355410086 -1.4406048438 -0.728624724
0.0417067025 -1.4410268059 -0.7356028527
0.0474427432 -1.4414343839 -0.7416666391
0.0527414627 -1.4418223915 -0.7469402556
0.0260453434 -1.596875 -0.7161042523
0.0238332731 -1.5968461159 -0.7103302177
0.0213423205 -1.5968130946 -0.7038518488
0.0185398626 -1.5967753232 -0.6965928876
0.0153901701 -1.5967320977 -0.6884713875
0.0118543024 -1.5966826093 -0.6794000041
0.007889942299999999 -1.5966259258 -0.6692863617
0.0034550223 -1.5965613175 -0.65802923
-0.0014969544 -1.59648771 -0.6455296099
-0.0070294448 -1.5964025558 -0.6317035704
-0.0132234475 -1.5963018913 -0.6164781459000001
-0.0201350012 -1.5961839018 -0.5997584992
-0.02776307 -1.5960508448 -0.581440611
-0.0361695367 -1.595899917 -0.5614579165
-0.0453093242 -1.5957362328 -0.5397125656
-0.0551601814 -1.5955626934 -0.5161383116
-0.06562359399999999 -1.5953874782 -0.4906640705
-0.0766170889 -1.5952168667 -0.4632573693
-0.0880064963 -1.595060267 -0.4339038472
-0.0996888673 -1.5949237985 -0.4026448406
-0.111574071 -1.5948116945 -0.3695700913
-0.1236018802 -1.5947249828 -0.3348252855
-0.1357461003 -1.594661239 -0.2986105426
-0.1480002266 -1.5946157481 -0.2611714022
-0.1603518276 -1.5945835193 -0.2227856949
-0.1727531152 -1.5945616167 -0.1837476773
-0.1851106308 -1.5945500905 -0.1443570128
-0.1972901716 -1.5945518118 -0.1049107907
-0.2091294717 -1.5945717222 -0.0656979942
-0.2204712482 -1.5946145898 -0.0270000759
-0.2311855286 -1.594683537 0.010911627
-0.2411868315 -1.5947789743 0.0477803676
-0.2504407471 -1.5948982773 0.08336998
-0.2589395454 -1.59503772 0.1174780956
-0.2666922443 -1.5951932694 0.149941773
-0.2737120502 -1.5953614937 0.1806402825
-0.2800021636 -1.5955405548 0.2094964501
-0.2855654121 -1.5957294457 0.236471469
-0.2904087208 -1.5959275645 0.2615590598
-0.2945586535 -1.5961335002 0.2847778855
-0.2980666715 -1.5963445532 0.3061657126
-0.3010125766 -1.5965564287 0.3257759481
-0.3035003218 -1.5967634825 0.3436757734
-0.3056529112 -1.5969590166 0.3599438675
-0.3076018876 -1.5971359442 0.3746678273
-0.3094813479 -1.5972870815 0.387939056
-0.3114210093 -1.5974054831 0.399845912
-0.3135588518 -1.5974832927 0.410460394
-0.3160473629 -1.5975108893 0.4198171438
-0.3190441311 -1.5974769723 0.4278873582
-0.3227422497 -1.5973639113 0.4344555625
-0.3271888499 -1.5971577477 0.4390093616
-0.3318863144 -1.596875 0.4407270004
-0.336500838 -1.5964872716 0.4371771495
-0.3400427083 -1.5961249138 0.4313687502
-0.3432126598 -1.59576067 0.424268736
-0.3462949045 -1.5953787611 0.4160442607
-0.3493687822 -1.5949734394 0.4066779936
-0.3524066889 -1.5945447389 0.3960823029
-0.3553062858 -1.5940971893 0.3841421087
-0.3579077936 -1.5936390348 0.3707335581
-0.3599936675 -1.5931825609 0.3557385517
-0.3613116391 -1.5927428726 0.3390610246
-0.361606849 -1.5923359715 0.3206392799
-0.3606746872 -1.5919751485 0.3004447925
-0.3584029608 -1.591667786 0.2784665763
-0.3548015639 -1.5914129703 0.2546930513
-0.3499927073 -1.5912017825 0.229094539
-0.3441523507 -1.5910214626 0.2016320957
-0.3374637729 -1.5908589924 0.1722781847
-0.3300525755 -1.590706086 0.1410441821
-0.3219356522 -1.590563128 0.1080030142
-0.3130182483 -1.5904395608 0.0732980694
-0.3031342806 -1.5903510604 0.0371390229
-0.2921144911 -1.5903146637 -0.0002098351
-0.2798832361 -1.5903415328 -0.0384615343
-0.2665188535 -1.5904322452 -0.07733536119999999
-0.2522633162 -1.5905756316 -0.116581137
-0.2374691121 -1.5907523954 -0.1559784868
-0.2224912311 -1.5909430841 -0.1953064017
-0.2076138778 -1.5911335395 -0.2343205083
-0.1929798594 -1.5913200966 -0.2727337831
-0.1785872811 -1.5915096345 -0.3102247778
-0.1643497202 -1.5917148567 -0.3464678925
-0.1501794726 -1.5919478951 -0.3811688902
-0.1360645537 -1.5922143597 -0.4140993712
-0.1221016356 -1.5925106177 -0.4451198938
-0.1084644375 -1.5928260523 -0.4741745573
-0.09535802039999999 -1.5931465722 -0.5012716109000001
-0.0830359204 -1.593453222 -0.5264942678
-0.0715871362 -1.5937390634 -0.5498852657
-0.0611469572 -1.5939928402 -0.571543348
-0.0515973788 -1.5942225239 -0.5914703182
-0.0429756826 -1.5944234011 -0.6097701148
-0.0350447848 -1.5946120765 -0.6264182917
-0.0275147699 -1.5948086548 -0.6413945016
-0.020620402 -1.5949913608 -0.6549768874
-0.0139976655 -1.595188741 -0.6669825926
-0.0073908846 -1.5954198437 -0.6773309135
-0.0009172253999999999 -1.5956720913 -0.6862420951
0.0052404613 -1.5959274453 -0.6939841286
0.0110352329 -1.5961794223 -0.700714029
0.0164399776 -1.5964233197 -0.7065681045
0.0214432123 -1.5966558823 -0.7116642506999999
0.0001347182 -1.7515625 -0.6787275421
-0.00196324 -1.7515378744 -0.6732132473
-0.0043206299 -1.7515100435 -0.667027328
-0.006966484 -1.7514786065 -0.6600973431
-0.009932262000000001 -1.7514431173 -0.6523455237
-0.0132518278 -1.7514030819 -0.6436890619
-0.0169603075 -1.7513580168 -0.6340401844
-0.0210906235 -1.7513076479 -0.6233051759
-0.0256858735 -1.7512511405 -0.6113918309
-0.0308107442 -1.751186394 -0.5982162629
-0.0365392364 -1.7511107456 -0.5836991314
-0.0429135879 -1.7510233792 -0.5677500112
-0.0499314071 -1.7509259768 -0.550268987
-0.057640322 -1.750817114 -0.5311864384
-0.0659918234 -1.7507008033 -0.5104088217
-0.0749572189 -1.750579583 -0.4878702058
-0.0844390959 -1.7504596178 -0.4635042831
-0.0943554612 -1.7503456986 -0.4372807492
-0.104583163 -1.7502444411 -0.4091913897
-0.1150324197 -1.7501598767 -0.3792810256
-0.1256304317 -1.7500944157 -0.3476411156
-0.1363363908 -1.7500479604 -0.31441594
-0.1471427929 -1.7500178755 -0.2798000811
-0.1580585659 -1.7500000162 -0.2440294206
-0.1690816424 -1.74999037 -0.2073686089
-0.1801699905 -1.7499868037 -0.1700966548
-0.1912349062 -1.7499895653 -0.1324977723
-0.2021449832 -1.7500011881 -0.09485362629999999
-0.2127444488 -1.7500255893 -0.0574395876
-0.2228857512 -1.7500663497 -0.020524784
-0.2324516178 -1.7501255983 0.015630855
-0.2413697106 -1.7502033134 0.050781287
-0.2496131825 -1.7502974159 0.0847022242
-0.2571803764 -1.7504050002 0.1172015306
-0.2640775354 -1.7505233482 0.1481258065
-0.2703107478 -1.7506503885 0.1773626594
-0.2758713966 -1.7507854793 0.2048417443
-0.2807531316 -1.7509284107 0.2305281031
-0.2849538143 -1.7510792256 0.2544172758
-0.2884966748 -1.7512369871 0.2765276586
-0.2914339114 -1.7513995185 0.2968960699
-0.2938503847 -1.7515631605 0.3155745578
-0.2958559876 -1.7517231474 0.3326288275
-0.2975870862 -1.7518734758 0.3481346177
-0.2991826597 -1.7520081317 0.3621759514
-0.3007928213 -1.7521205342 0.3748378994
-0.3025636779 -1.7522042269 0.3862001497
-0.3046566425 -1.752251623 0.39632151
-0.3072562505 -1.7522531932 0.4052142979
-0.3105586816 -1.7521975736 0.4128124339
-0.3148118531 -1.7520670395 0.4188164316
-0.3200842276 -1.7518475724 0.4225578528
-0.3256496327 -1.7515625 0.423078418
-0.3303487884 -1.7512598752 0.4195424112
-0.3338687579 -1.7509856945 0.413844497
-0.3370137911 -1.7507135038 0.4070062839
-0.3400746652 -1.7504298729 0.3991489906
-0.3431312684 -1.7501299872 0.3902336536
-0.34615865 -1.7498137173 0.3801676102
-0.3490598297 -1.7494843846 0.3688361457
-0.3516847229 -1.7491480092 0.3561181031
-0.3538301102 -1.74881351 0.3418988184
-0.3552614132 -1.7484918081 0.3260860794
-0.3557421318 -1.7481943876 0.30861733
-0.3550864332 -1.7479305631 0.2894620777
-0.3531900621 -1.7477055797 0.2686044747
-0.3500606717 -1.7475188226 0.2460309388
-0.345812002 -1.7473638708 0.2217139086
-0.3406022097 -1.7472318628 0.1956193201
-0.3345993944 -1.7471135928 0.167724728
-0.3279158905 -1.747003361 0.1380440948
-0.3205610516 -1.7469017784 0.1066482903
-0.3124424127 -1.7468158284 0.0736729201
-0.3034002485 -1.7467570079 0.0393159097
-0.2932770345 -1.7467374736 0.0038249778
-0.2820014464 -1.7467652055 -0.0325287887
-0.2696511872 -1.7468402385 -0.069480349
-0.2564582952 -1.746954049 -0.1067921665
-0.2427586812 -1.7470922245 -0.1442534741
-0.2288902649 -1.7472402599 -0.181652666
-0.21512412 -1.7473875035 -0.2187568027
-0.2015965249 -1.7475310142 -0.255293815
-0.1883060548 -1.7476755895 -0.2909605092
-0.1751702584 -1.7478303441 -0.3254505863
-0.1621039448 -1.7480040772 -0.3584872376
-0.1490922788 -1.7482009303 -0.3898547494
-0.1362225374 -1.7484183856 -0.4194195984
-0.1236547928 -1.7486488873 -0.4471255079
-0.1115805307 -1.7488822842 -0.4729765777
-0.1002382464 -1.7491048602 -0.497046798
-0.089710104 -1.7493116963 -0.5193740923
-0.0801256105 -1.7494945455 -0.5400499473
-0.0713729084 -1.7496592387 -0.5590782597
-0.06348257459999999 -1.7498027033 -0.5765529374
-0.0562412623 -1.7499363539 -0.592462689
-0.0493591065 -1.7500758156 -0.6067846935
-0.0430711998 -1.7502045947 -0.6197827782000001
-0.0370233249 -1.7503438463 -0.6312967362
-0.0309558254 -1.7505084497 -0.6412494558
-0.0249714164 -1.7506899938 -0.6498335935
-0.0192606814 -1.7508744627 -0.6573043732
-0.0138726676 -1.7510569766 -0.6638092268
-0.008836764699999999 -1.7512339896 -0.6694763926
-0.0041669204 -1.7514030349 -0.6744170775
-0.0207506207 -1.90625 -0.6483304599
-0.0226175705 -1.9062323597 -0.6430011284
-0.024724575 -1.9062119072 -0.6370255011
-0.0271009313 -1.9061881607 -0.6303346215
-0.029779038 -1.9061605535 -0.6228546712
-0.0327945639 -1.9061284208 -0.6145073018
-0.0361864145 -1.9060909984 -0.6052098192000001
-0.0399995569 -1.9060472615 -0.5948768516
-0.0442779504 -1.9059962624 -0.5834211467
-0.0490663875 -1.9059369864 -0.570757018
-0.0544248395 -1.9058675738 -0.5568059391
-0.06040691 -1.9057865356 -0.541485236
-0.06698945839999999 -1.9056964598 -0.5246913155
-0.0742133497 -1.9055962903 -0.5063554912
-0.0820233551 -1.9054900416 -0.4863853238
-0.09038181870000001 -1.9053805052 -0.4647138861
-0.09919141419999999 -1.9052733627 -0.4412780102
-0.1083704889 -1.9051730457 -0.4160486917
-0.117804565 -1.9050852562 -0.3890218717
-0.1274176657 -1.9050130772 -0.3602450605
-0.137151893 -1.9049580754 -0.3298105352
-0.1469823113 -1.9049194892 -0.2978608701
-0.1569141685 -1.9048944164 -0.2645853539
-0.1669634987 -1.9048788977 -0.2302108971
-0.1771278003 -1.904869535 -0.194989639
-0.1873611466 -1.9048648943 -0.1591864504
-0.1975706104 -1.9048657921 -0.1230710042
-0.2076199342 -1.9048752154 -0.0869105417
-0.2173563552 -1.9048970145 -0.0509687912
-0.2266414492 -1.9049343908 -0.0155053023
-0.2353720099 -1.9049889121 0.0192277465
-0.2434927722 -1.9050599605 0.052990966
-0.2509917635 -1.9051450871 0.085566716
-0.2578771311 -1.9052412988 0.1167694387
-0.2641577091 -1.9053461113 0.1464524229
-0.2698368125 -1.9054578743 0.1745092135
-0.2748963835 -1.9055765705 0.2008748009
-0.2793188907 -1.9057026297 0.225518065
-0.2830906351 -1.9058366956 0.24843672
-0.2862254917 -1.9059783457 0.2696495158
-0.2887697794 -1.9061257926 0.2891920235
-0.2908058978 -1.9062756686 0.3071140493
-0.292444704 -1.9064233849 0.3234784664
-0.2938254601 -1.9065630932 0.3383582542
-0.2950925468 -1.9066888071 0.3518345551
-0.2964001751 -1.9067940747 0.3639899259
-0.297900971 -1.9068724406 0.3749010485
-0.2997639704 -1.9069163358 0.3846228301
-0.3021824286 -1.9069163211 0.3931617666
-0.3053640596 -1.9068610612 0.4004396442
-0.3095671442 -1.9067332995 0.4061328002
-0.3148410475 -1.9065208604 0.4095436909
-0.3203922656 -1.90625 0.4097504818
-0.3249409767 -1.9059791201 0.4064158619
-0.3283665588 -1.9057343708 0.4009864199
-0.3314248584 -1.9054923825 0.3944577396
-0.3343985323 -1.9052409283 0.386952406
-0.3373668768 -1.904975593 0.3784342733
-0.3403084167 -1.9046962059 0.3688152763
-0.3431362088 -1.9044055362 0.357986699
-0.3457091774 -1.9041089164 0.3458322355
-0.3478399288 -1.9038140467 0.3322415531
-0.3493119366 -1.9035303567 0.3171252822
-0.3499059267 -1.9032677781 0.3004203135
-0.3494497461 -1.9030343397 0.2820936642
-0.3478443733 -1.9028346607 0.262126442
-0.3450925638 -1.9026684002 0.2405039703
-0.3412958108 -1.9025302027 0.2172011402
-0.3365951097 -1.9024127044 0.1921885402
-0.33114442 -1.9023080617 0.1654481714
-0.3250471111 -1.9022113955 0.1369956598
-0.3183125775 -1.9021231897 0.1068988313
-0.3108576792 -1.9020493241 0.0752851506
-0.3025365127 -1.9019995872 0.0423403167
-0.2932037968 -1.9019843991 0.0082974747
-0.2827917178 -1.9020106957 -0.0265861789
-0.27136862 -1.9020786633 -0.0620559606
-0.2591454465 -1.9021811402 -0.0978798353
-0.2464310951 -1.9023058073 -0.1338491559
-0.2335396481 -1.9024400886 -0.1697553798
-0.2207271832 -1.9025745116 -0.2053725624
-0.2081277583 -1.9027060856 -0.2404414636
-0.1957489184 -1.9028384279 -0.2746764332
-0.1835209001 -1.9029789953 -0.307789851
-0.1713672298 -1.9031351978 -0.3395211602
-0.1592715899 -1.9033107075 -0.369665033
-0.1473088699 -1.9035036575 -0.3980906946
-0.1356204306 -1.9037079137 -0.4247382251
-0.1243785331 -1.9039150236 -0.4496045981
-0.1138000109 -1.9041134272 -0.4727519221
-0.1039640266 -1.9042987275 -0.4942155066
-0.0949925714 -1.9044637259 -0.514080054
-0.0867944351 -1.9046127481 -0.5323579089
-0.079397758 -1.9047431774 -0.5491370537
-0.0726206821 -1.90486394 -0.5644205051
-0.06620591989999999 -1.9049878785 -0.5781971579
-0.0603599725 -1.9051015233 -0.5907023485
-0.0547656478 -1.9052222264 -0.6018135999999999
-0.0491824567 -1.9053626564 -0.611472979
-0.0436886802 -1.9055166311 -0.6198467244
-0.0384571679 -1.9056724194 -0.6271645191
-0.0335297296 -1.9058260771 -0.6335611495
-0.0289307026 -1.9059747568 -0.639154569
-0.0246708562 -1.9061164892 -0.6440477598
-0.0408538808 -2.0609375 -0.6198544772
-0.0424126523 -2.0609298598 -0.6146896512
-0.0441901554 -2.0609197621 -0.6089031687000001
-0.0462177454 -2.0609065316 -0.6024299681
-0.0485312426 -2.0608893287 -0.5952007569
-0.0511714575 -2.0608671189 -0.5871424364
-0.0541863272 -2.0608385529 -0.5781790379
-0.0576441264 -2.0608012714 -0.5682351172
-0.0615906797 -2.0607541112 -0.5572285796999999
-0.0660439414 -2.0606973578 -0.5450721854
-0.07104239750000001 -2.0606301676 -0.5316871629
-0.0766636524 -2.0605496701 -0.5170016742
-0.08285381560000001 -2.0604600097 -0.5009055228
-0.0896471105 -2.0603603998 -0.4833313809
-0.0969809433 -2.0602551678 -0.4641874271
-0.1048061539 -2.0601476677 -0.4434048838
-0.1130265556 -2.0600434591 -0.4209238109
-0.1215605162 -2.0599469526 -0.3967162226
-0.1303048571 -2.0598632441 -0.3707823895
-0.139197679 -2.0597947236 -0.3431721311
-0.1481962898 -2.0597422577 -0.313977987
-0.1572901403 -2.059704487 -0.2833399007
-0.1664937718 -2.0596782364 -0.2514406914
-0.175824938 -2.0596597178 -0.2184969599
-0.1852755632 -2.059646123 -0.184747396
-0.1947918389 -2.0596367508 -0.1504421148
-0.2042727868 -2.0596331719 -0.1158356379
-0.2135801561 -2.0596388087 -0.0811817738
-0.2225630789 -2.0596577316 -0.046732594
-0.2310978094 -2.0596926806 -0.0127392868
-0.2390962147 -2.0597447252 0.0205535535
-0.2465211797 -2.0598125721 0.0529131685
-0.2533749892 -2.0598932768 0.0841288421
-0.2596749141 -2.0599835836 0.1140218065
-0.2654318074 -2.0600810739 0.1424520035
-0.2706463085 -2.0601843627 0.1693187014
-0.2752927236 -2.0602939108 0.1945616862
-0.2793441737 -2.0604106731 0.2181531571
-0.2827778315 -2.0605357696 0.2400924868
-0.2855994174 -2.0606691701 0.2603984733
-0.2878492465 -2.0608093413 0.2791052809
-0.2896055777 -2.0609530538 0.2962604357
-0.2909770972 -2.0610957436 0.3119240561
-0.2921014951 -2.0612315514 0.3261665527
-0.2931224789 -2.0613544329 0.3390666903
-0.2941927688 -2.0614579243 0.3507051656
-0.2954647011 -2.0615355042 0.3611570036
-0.2971073126 -2.061579537 0.370475693
-0.2993128432 -2.061580599 0.3786670408
-0.3022902426 -2.0615272668 0.3856494934
-0.3062930262 -2.0614026284 0.3910968765
-0.3113401306 -2.0611966302 0.3943307084
-0.316639357 -2.0609375 0.3945377826
-0.3210564574 -2.0606778519 0.3914617091
-0.3244525557 -2.0604415147 0.3863649779
-0.3274783945 -2.0602088532 0.380179929
-0.3304089275 -2.0599681478 0.3730457085
-0.3333243375 -2.0597150599 0.3649343603
-0.3362095022 -2.0594492553 0.355765388
-0.3389867338 -2.059173204 0.34543686
-0.3415266251 -2.0588918215 0.3338386043
-0.3436560504 -2.0586122456 0.3208650214
-0.345175037 -2.0583431997 0.306429778
-0.3458794576 -2.0580939274 0.2904699567
-0.3456086646 -2.0578719103 0.2729514472
-0.3442672137 -2.0576815901 0.2538537369
-0.341853712 -2.0575228394 0.2331622133
-0.338458284 -2.0573909015 0.2108543853
-0.3342085457 -2.0572791281 0.1869048741
-0.3292466806 -2.0571802981 0.1612992641
-0.3236707309 -2.0570897853 0.1340538932
-0.3174932906 -2.0570078301 0.1052329731
-0.3106422951 -2.0569395974 0.0749558102
-0.3029860866 -2.0568939303 0.043396254
-0.2943903822 -2.0568804129 0.0107736354
-0.2847885583 -2.0569056207 -0.022667757
-0.2742365526 -2.0569700864 -0.0566825314
-0.2629214085 -2.0570676223 -0.0910431885
-0.2511234524 -2.0571871548 -0.1255427524
-0.2391326184 -2.0573171154 -0.159975711
-0.2271907987 -2.0574484879 -0.1941233174
-0.2154317545 -2.0575779692 -0.227739398
-0.2038741897 -2.0577082381 -0.2605557821
-0.192462865 -2.0578456439 -0.2923031335
-0.1811310878 -2.0579967739 -0.3227365362
-0.1698612281 -2.0581651268 -0.3516604565
-0.1587152969 -2.0583493628 -0.3789465272
-0.1478152474 -2.0585443081 -0.4045312076
-0.13731328 -2.0587425742 -0.4284045464
-0.1274035376 -2.0589338834 -0.4506173066
-0.1181633603 -2.0591139623 -0.4712030465
-0.1097071275 -2.0592761014 -0.4902403877
-0.1019663962 -2.059423401 -0.5077503074
-0.0949692733 -2.0595533454 -0.5238166775
-0.0885651746 -2.0596731723 -0.5384547317
-0.0825376154 -2.0597935409 -0.5516674623
-0.07705756060000001 -2.0599032503 -0.563659614
-0.0718515436 -2.0600169525 -0.5743466362
-0.0667048443 -2.0601457489 -0.5836921304
-0.0616708578 -2.0602850796 -0.591839071
-0.0568974026 -2.0604249269 -0.5989892629
-0.052416911 -2.0605620485 -0.6052647247
-0.0482468324 -2.0606941376 -0.6107729408
-0.0443933002 -2.06081962 -0.6156085028
-0.0587164771 -2.215625 -0.5902156309
-0.0599890543 -2.2156263865 -0.5852186605
-0.0614606375 -2.2156260778 -0.5796245354
-0.0631645225 -2.2156233899 -0.5733719278
-0.06513974409999999 -2.2156174492 -0.5663958566
-0.067431954 -2.2156071524 -0.5586281936
-0.0700959687 -2.2155910543 -0.5499987065
-0.07322596739999999 -2.2155660951 -0.5404423858
-0.076866378 -2.2155313198 -0.5298814646
-0.08101075789999999 -2.2154879026 -0.5182274407
-0.08567690140000001 -2.2154359536 -0.5054016699
-0.09096571990000001 -2.2153721117 -0.4913424563
-0.09679442639999999 -2.2153008597 -0.4759341489
-0.103190863 -2.2152217773 -0.4591108481
-0.1100857805 -2.2151385535 -0.4407816429
-0.1174193652 -2.2150542881 -0.4208763595
-0.125096712 -2.2149733341 -0.3993381365
-0.133036471 -2.2148991969 -0.3761400098
-0.1411463054 -2.2148354947 -0.3512860929
-0.1493774667 -2.2147836252 -0.3248279631
-0.1577014532 -2.2147437607 -0.2968579426
-0.1661209416 -2.2147143742 -0.2675129628
-0.1746587997 -2.2146927304 -0.2369692592
-0.1833340652 -2.2146759318 -0.2054333745
-0.1921330976 -2.2146621768 -0.1731310926
-0.2009948114 -2.2146514379 -0.1402985338
-0.2098108258 -2.2146455212 -0.1071758385
-0.2184402518 -2.2146475154 -0.0740037497
-0.2267379425 -2.2146606704 -0.0410237521
-0.2345900475 -2.2146869905 -0.0084777654
-0.2419241884 -2.2147268854 0.0233971092
-0.2487196367 -2.2147788354 0.0543751844
-0.2549912729 -2.2148401395 0.08425298520000001
-0.2607634569 -2.2149080509 0.1128588422
-0.2660519348 -2.2149805513 0.1400584932
-0.2708509117 -2.2150568917 0.1657574999
-0.2751289184 -2.2151377381 0.1898997845
-0.2788507503 -2.215224228 0.2124604509
-0.2819854832 -2.2153175949 0.2334402042
-0.284531658 -2.2154180902 0.2528576746
-0.286524317 -2.2155246636 0.2707455589
-0.2880379597 -2.2156348312 0.2871491565
-0.2891796969 -2.2157449418 0.3021258768
-0.2900836962 -2.2158503816 0.3157438065
-0.2908945794 -2.2159462067 0.3280791147
-0.291762451 -2.216027283 0.3392106055
-0.292839168 -2.2160883487 0.349211478
-0.2942934709 -2.2161232515 0.3581336365
-0.2963163238 -2.2161244729 0.3659822045
-0.2991176357 -2.2160828165 0.3726730153
-0.3029482043 -2.2159849042 0.377875068
-0.307797908 -2.2158243009 0.3809293771
-0.312875523 -2.215625 0.3811246853
-0.3171783736 -2.2154249159 0.3782835483
-0.320551552 -2.2152415322 0.3734991269
-0.3235495876 -2.2150618892 0.3676415738
-0.3264398721 -2.2148769676 0.3608633913
-0.3293038786 -2.2146833183 0.3531435313
-0.3321325529 -2.2144805368 0.3444084088
-0.3348569917 -2.2142703639 0.3345624682
-0.3373586317 -2.2140564211 0.3235016593
-0.3394776916 -2.2138439975 0.3111251472
-0.3410295879 -2.2136395505 0.297349919
-0.3418243816 -2.2134499661 0.2821137871
-0.3417122151 -2.2132808253 0.2653819814
-0.3406012287 -2.2131355448 0.2471327588
-0.3384863819 -2.2130141737 0.2273515841
-0.3354474763 -2.212913338 0.2060182173
-0.3315997124 -2.2128282428 0.1831107606
-0.3270745183 -2.2127535589 0.1586178218
-0.3219649392 -2.2126857715 0.1325562109
-0.3162865078 -2.2126248954 0.1049867332
-0.3099774132 -2.2125745413 0.0760211912
-0.3029192876 -2.2125410927 0.0458225039
-0.294988178 -2.212531606 0.0145971264
-0.2861187923 -2.2125510768 -0.0174229759
-0.2763558118 -2.2126001824 -0.0500017527
-0.2658643242 -2.212674683 -0.0829169532
-0.2548982999 -2.2127666279 -0.1159643416
-0.2437253055 -2.2128674996 -0.1489423058
-0.2325740869 -2.2129704198 -0.181639627
-0.2215781357 -2.2130725185 -0.213822758
-0.2107665486 -2.2131752534 -0.2452399582
-0.2000976642 -2.2132828937 -0.2756389534
-0.1895140544 -2.2134001048 -0.3047895056
-0.178997095 -2.2135295559 -0.3325055302
-0.1685970431 -2.2136705569 -0.3586614667
-0.1584179572 -2.2138196694 -0.383191075
-0.1485934429 -2.2139717595 -0.4060785874
-0.139296458 -2.2141195463 -0.4273648267
-0.130602484 -2.2142597054 -0.4470817324
-0.1226192023 -2.2143872068 -0.4653026135
-0.1152975811 -2.2145037072 -0.4820551415
-0.108666292 -2.2146072376 -0.497419522
-0.1026040041 -2.2147023407 -0.5114215768
-0.09693134809999999 -2.2147959756 -0.5240760105
-0.0917864194 -2.2148808283 -0.5355600557
-0.0869364931 -2.2149666541 -0.5458228164
-0.0821908791 -2.215061194 -0.5548469033
-0.0775798109 -2.2151619849 -0.5627542016
-0.0732279643 -2.2152622513 -0.5697213433
-0.0691590393 -2.2153599094 -0.5758586205
-0.0653840891 -2.2154535058 -0.5812638764
-0.0619049361 -2.2155420676 -0.5860239313
-0.075311526 -2.3703125 -0.5617897598
-0.0763226159 -2.3703226701 -0.556959342
-0.0775147299 -2.3703310731 -0.5515555177
-0.0789229519 -2.3703367106 -0.5455204514999999
-0.08058927289999999 -2.3703382856 -0.5387931701999999
-0.0825637805 -2.3703341383 -0.5313101356
-0.0849084777 -2.3703220428 -0.5230065752
-0.0877387822 -2.3702970649 -0.5138261758
-0.09110034609999999 -2.3702578785 -0.5036958462
-0.09496366840000001 -2.3702070211 -0.4925263102
-0.0993269594 -2.3701455432 -0.4802393457
-0.1043130793 -2.3700681009 -0.4667824469
-0.1098126201 -2.3699815066 -0.4520355491
-0.1158475657 -2.3698854812 -0.4359342783
-0.1223427609 -2.3697847945 -0.4183888179
-0.1292287842 -2.3696837076 -0.3993280156
-0.1364129741 -2.3695873991 -0.3786981121
-0.1438124111 -2.3695002388 -0.3564727155
-0.1513464093 -2.3694260665 -0.3326593188
-0.1589786053 -2.3693659997 -0.3073112018
-0.1666932109 -2.3693196811 -0.2805199057
-0.1745049222 -2.3692847479 -0.2524191536
-0.182443989 -2.3692576353 -0.2231787039
-0.1905303263 -2.3692349477 -0.1929955075
-0.1987449591 -2.3692149801 -0.1620832417
-0.2070198848 -2.3691983027 -0.1306649126
-0.2152402182 -2.3691877252 -0.0989673026
-0.2232625967 -2.3691874257 -0.06721880769999999
-0.2309470588 -2.3692013811 -0.0356507105
-0.2381892245 -2.3692318129 -0.0044959495
-0.244931056 -2.3692787246 0.0260159093
-0.2511666655 -2.3693397126 0.0556663208
-0.2569222782 -2.369411082 0.0842589973
-0.2622290346 -2.3694892848 0.1116290753
-0.2671045935 -2.3695718825 0.1376484156
-0.2715392247 -2.3696582532 0.1622279394
-0.2754965309 -2.3697495273 0.1853153364
-0.2789324978 -2.3698475783 0.2068884713
-0.2818094217 -2.3699542663 0.2269490478
-0.2841192478 -2.3700702089 0.2455154044
-0.2858922509 -2.3701943147 0.2626187584
-0.2871993841 -2.3703236554 0.2783022601
-0.2881461256 -2.3704537636 0.2926207433
-0.2888632558 -2.370579073 0.3056400326
-0.2894957915 -2.3706934204 0.3174338138
-0.2901911284 -2.3707905658 0.3280789956
-0.2911004192 -2.3708640187 0.3376469619
-0.292391786 -2.3709062015 0.3461880542
-0.2942545453 -2.3709079385 0.3537066652
-0.296899868 -2.3708578618 0.3601158013
-0.3005744442 -2.3707398334 0.3650815187
-0.3052419576 -2.370547731 0.3679626603
-0.3101118015 -2.3703125 0.3681417042
-0.3143016649 -2.3700759039 0.3655167907
-0.3176451632 -2.369857586 0.3610246075
-0.3206076331 -2.3696448368 0.3554756697
-0.3234505852 -2.3694269339 0.3490347004
-0.3262549058 -2.3691997374 0.3416857967
-0.3290177831 -2.3689625621 0.3333621191
-0.3316784541 -2.368717268 0.3239741454
-0.3341284911 -2.3684679338 0.3134237598
-0.3362206461 -2.3682205557 0.3016148597
-0.3377847178 -2.3679824512 0.2884678026
-0.3386442495 -2.3677614717 0.2739214602
-0.3386595608 -2.3675639942 0.257940692
-0.337742374 -2.3673940431 0.2405027567
-0.3358843485 -2.3672518467 0.2215931657
-0.3331556905 -2.3671337568 0.2011936194
-0.3296599314 -2.3670344932 0.1792852452
-0.3255183629 -2.3669480343 0.1558592604
-0.3208192271 -2.3668702887 0.1309328013
-0.3155807566 -2.366801077 0.1045635086
-0.3097507606 -2.3667442353 0.0768563117
-0.3032235051 -2.3667068008 0.0479640783
-0.29588502 -2.3666967246 0.0180813146
-0.2876716686 -2.3667198215 -0.0125716538
-0.2786180141 -2.3667772 -0.0437679164
-0.2688689123 -2.366864465 -0.07529077989999999
-0.2586538199 -2.3669729029 -0.1069393198
-0.2482193953 -2.3670929166 -0.1385162231
-0.2377820256 -2.3672164642 -0.1698177411
-0.2274748975 -2.3673397801 -0.2006222732
-0.2173368446 -2.3674638817 -0.2306933494
-0.2073390432 -2.3675930855 -0.2597944941
-0.197432981 -2.3677324227 -0.2877091279
-0.187599419 -2.3678850117 -0.31426015
-0.1778778821 -2.3680504342 -0.3393249816
-0.1683558823 -2.3682252642 -0.3628353584
-0.1591496112 -2.3684040921 -0.3847705235
-0.1504123245 -2.368579051 -0.4051626032
-0.1422173396 -2.368746192 -0.4240419366
-0.1346656588 -2.3688997493 -0.4414768959
-0.1277267541 -2.3690407973 -0.4575011081
-0.1214292406 -2.3691669981 -0.4721911323
-0.1156787664 -2.3692825225 -0.4855818411
-0.1103303987 -2.369394132 -0.4976979723
-0.1054916058 -2.3694947111 -0.5086919515
-0.1009678279 -2.3695940012 -0.5185429679
-0.09659094980000001 -2.3697002042 -0.5272505795
-0.0923696306 -2.3698116328 -0.5349175949
-0.0884068088 -2.3699213752 -0.5416977809
-0.0847179966 -2.3700274496 -0.5476906944
-0.0813082371 -2.3701285146 -0.5529853226
-0.0781752906 -2.3702236991 -0.5576613174
-0.09140898980000001 -2.525 -0.5366137192
-0.092188013 -2.525014892 -0.5319457402
-0.09313222879999999 -2.5250285222 -0.5267269728
-0.0942783558 -2.525039928 -0.5209027828
-0.09567106979999999 -2.5250478456 -0.5144158457
-0.0973644696 -2.525050644 -0.5072067712
-0.0994270579 -2.5250461037 -0.4992156744
-0.1019935127 -2.5250291669 -0.4903937979
-0.1051104915 -2.5249986043 -0.4806722959
-0.1087270936 -2.5249574143 -0.4699616208
-0.1128241076 -2.5249071656 -0.4581845633
-0.1175433767 -2.5248424646 -0.4452963916
-0.122751929 -2.5247700329 -0.4311736038
-0.1284660537 -2.5246898333 -0.4157532106
-0.1346057172 -2.5246060538 -0.3989467456
-0.1410927783 -2.5245226368 -0.3806823678
-0.1478365662 -2.5244438303 -0.3609091778
-0.1547550176 -2.52437327 -0.3396018793
-0.1617768696 -2.5243137883 -0.3167707498
-0.1688774856 -2.5242658526 -0.2924701963
-0.1760527596 -2.5242287199 -0.2667908528
-0.1833279992 -2.5242000347 -0.2398631255
-0.190739635 -2.5241766505 -0.2118504977
-0.1983076997 -2.5241558508 -0.1829408527
-0.2060078108 -2.5241366026 -0.1533366072
-0.2137655108 -2.5241198505 -0.1232486826
-0.2214598852 -2.5241084172 -0.0928915475
-0.2289458685 -2.5241060941 -0.0624822951
-0.2360886257 -2.5241162042 -0.0322426873
-0.2427927023 -2.524140421 -0.0023971576
-0.2490131578 -2.524178359 0.0268320456
-0.2547572993 -2.5242275876 0.0552333767
-0.2600611195 -2.5242847185 0.082617537
-0.2649612435 -2.5243466493 0.1088262194
-0.2694766595 -2.524411366 0.1337370574
-0.2735939583 -2.5244785738 0.1572658929
-0.2772712269 -2.5245495084 0.1793639311
-0.2804584989 -2.524626028 0.2000112537
-0.2831109731 -2.5247100035 0.2192103653
-0.2852155558 -2.5248021542 0.2369791402
-0.2867984045 -2.524901702 0.253347323
-0.2879274117 -2.525006263 0.2683559818
-0.2887058664 -2.5251121096 0.282057552
-0.28926284 -2.525214563 0.2945154971
-0.2897416614 -2.5253084372 0.3058012712
-0.2902873933 -2.5253885103 0.3159898252
-0.2910497748 -2.5254493139 0.325150795
-0.292194769 -2.5254845062 0.3333334357
-0.293911841 -2.5254863092 0.3405405061
-0.2964079804 -2.5254453301 0.34668609
-0.2999279738 -2.5253481077 0.3514347996
-0.3044150904 -2.5251907334 0.3541661185
-0.309086164 -2.525 0.3543362964
-0.3131597858 -2.5248077056 0.3519060413
-0.3164614689 -2.5246291468 0.34768081
-0.3193804656 -2.5244558957 0.3424165415
-0.3221698009 -2.5242792739 0.3362867123
-0.3249116636 -2.5240957951 0.3292813702
-0.327607559 -2.5239047811 0.3213392969
-0.3302038358 -2.5237075981 0.312376622
-0.3326009516 -2.5235074148 0.3023007198
-0.3346626962 -2.5233089207 0.2910199644
-0.3362316288 -2.5231178347 0.2784580914
-0.3371430261 -2.5229403396 0.2645551232
-0.3372662056 -2.5227814652 0.2492758762
-0.3365158726 -2.5226444896 0.2325968882
-0.3348807109 -2.5225297346 0.2145038184
-0.3324223353 -2.5224344943 0.194980044
-0.3292339811 -2.5223547633 0.1740092488
-0.3254278962 -2.5222858503 0.1515848062
-0.3210881543 -2.5222244653 0.1277239909
-0.316235473 -2.5221703058 0.1024815345
-0.3108263189 -2.5221261595 0.0759562001
-0.304766296 -2.5220973634 0.0482918473
-0.2979504563 -2.5220900906 0.0196721741
-0.2903167896 -2.5221090055 -0.0096932189
-0.2818910132 -2.5221552448 -0.0395861617
-0.2728000985 -2.5222257005 -0.06979572219999999
-0.2632517501 -2.522313799 -0.1001248287
-0.25347403 -2.5224120832 -0.1303808371
-0.2436722728 -2.5225140708 -0.1603673232
-0.2339792973 -2.5226164087 -0.1898737652
-0.2244424833 -2.5227193858 -0.2186775363
-0.2150442915 -2.522825962 -0.246556384
-0.2057440308 -2.5229398694 -0.2733060684
-0.196521841 -2.5230636258 -0.2987577663
-0.1874076774 -2.5231971999 -0.3227919622
-0.1784742614 -2.523338297 -0.3453389946
-0.1698225918 -2.5234830043 -0.3663741851
-0.1615872795 -2.5236255311 -0.3859218512
-0.153840716 -2.5237625996 -0.4040113269
-0.146677513 -2.5238896693 -0.4207064587
-0.140083162 -2.5240069518 -0.4360455871
-0.1340871974 -2.5241124895 -0.4501023275
-0.1286181279 -2.5242088064 -0.4629185328
-0.1235619135 -2.5243002676 -0.4745273126
-0.1189986332 -2.5243822582 -0.4850593809
-0.114767919 -2.524461335 -0.4945197426
-0.1107218715 -2.5245434502 -0.5029224014
-0.1068500111 -2.5246281685 -0.5103535123
-0.1032358502 -2.5247107034 -0.5169467757
-0.099887596 -2.5247898106 -0.5227922128
-0.09680494019999999 -2.5248646865 -0.5279709182
-0.09398202999999999 -2.5249348351 -0.5325561241
-0.1061290964 -2.6797011111 -0.5053308755
-0.1055047362 -2.6796875 -0.5098136209
-0.1069077425 -2.6797137813 -0.5003208758
-0.107878349 -2.6797247105 -0.4947317874
-0.1090872104 -2.6797328455 -0.4885093646
-0.1105908864 -2.6797368235 -0.481597586
-0.1124618484 -2.6797347825 -0.4739402817
-0.1148506334 -2.6797223112 -0.4654941269
-0.117802619 -2.6796984687 -0.4561935899
-0.1212439867 -2.6796662372 -0.4459495129
-0.1251302917 -2.6796275843 -0.4346849609
-0.1296167576 -2.6795779229 -0.4223604292
-0.1345551033 -2.6795228489 -0.4088499661
-0.1399479706 -2.6794627623 -0.3940884043
-0.1457196507 -2.6794006597 -0.377992639
-0.1517845924 -2.6793397641 -0.3604907273
-0.1580640605 -2.6792828774 -0.3415386247
-0.1644828455 -2.6792325267 -0.3211144053
-0.1709873477 -2.6791902836 -0.2992333627
-0.1775671602 -2.6791560634 -0.2759510394
-0.184228515 -2.6791290105 -0.2513563876
-0.1910012798 -2.6791072567 -0.2255747136
-0.1979182537 -2.6790886225 -0.198760906
-0.204988598 -2.6790715119 -0.1710913594
-0.2121761132 -2.6790556549 -0.1427559472
-0.2193992724 -2.679042139 -0.1139537103
-0.2265375927 -2.679033237 -0.0848889593
-0.2334560082 -2.6790316429 -0.0557710116
-0.2400375377 -2.6790394355 -0.0268155235
-0.2462043444 -2.6790574455 0.0017595408
-0.2519268464 -2.6790850085 0.0297391595
-0.257219797 -2.6791201546 0.0569202222
-0.2621176602 -2.6791604648 0.0831226328
-0.2666504067 -2.6792038871 0.1081967034
-0.2708274668 -2.6792492725 0.1320274793
-0.2746289486 -2.67929666 0.1545358566
-0.278009734 -2.679347127 0.1756758396
-0.2809213601 -2.6794020521 0.1954279225
-0.2833243143 -2.6794626887 0.2137935522
-0.2852109892 -2.6795293954 0.2307888541
-0.2866111549 -2.6796014441 0.2464418825
-0.2875929793 -2.6796769851 0.2607921772
-0.2882548949 -2.6797533037 0.273890805
-0.288721358 -2.6798269383 0.2857991436
-0.2891216447 -2.6798943453 0.2965868551
-0.289589799 -2.6799518466 0.3063264379
-0.2902608288 -2.6799957021 0.3150858896
-0.291281887 -2.6800216605 0.3229157153
-0.2928191708 -2.6800245804 0.3298274133
-0.2950618759 -2.6799980133 0.3357530908
-0.2982331009 -2.6799329109 0.3404187609
-0.3023513699 -2.6798245021 0.3432593479
-0.3067879776 -2.6796875 0.3435935824
-0.3106908297 -2.6795476515 0.3412809526
-0.3138626367 -2.6794180428 0.3372497489
-0.3166922635 -2.6792919075 0.3322362007
-0.3194198286 -2.6791628934 0.3264016854
-0.3221224505 -2.6790284905 0.3197346836
-0.3248008397 -2.6788882301 0.3121749937
-0.3274030064 -2.6787431366 0.3036403426
-0.3298325222 -2.6785955662 0.2940396569
-0.3319569005 -2.6784490133 0.283282451
-0.3336213472 -2.6783077817 0.2712928537
-0.3346629757 -2.6781765532 0.2580116422
-0.3349506047 -2.6780591978 0.2434045216
-0.3343975208 -2.6779582818 0.2274499494
-0.3329905663 -2.6778741332 0.2101363606
-0.3307895736 -2.6778047689 0.1914500005
-0.3278870199 -2.6777471763 0.1713766589
-0.3243946804 -2.677697799 0.1499106595
-0.3203976439 -2.6776540844 0.1270684872
-0.3159184824 -2.6776157079 0.102902091
-0.3109161177 -2.6775846574 0.0775054008
-0.3052984221 -2.6775648463 0.0510155528
-0.2989616342 -2.677560838 0.0236080539
-0.2918429228 -2.6775760961 -0.0045164002
-0.2839648493 -2.6776114619 -0.0331486814
-0.2754490495 -2.6776646106 -0.0620865864
-0.2664966683 -2.6777306172 -0.0911415175
-0.257329132 -2.6778038851 -0.1201293909
-0.2481458138 -2.6778795376 -0.1488625825
-0.2390750081 -2.6779550336 -0.1771398497
-0.230160709 -2.67803057 -0.2047480992
-0.2213823518 -2.6781083729 -0.2314743045
-0.2126958135 -2.6781912834 -0.257122395
-0.2040768891 -2.6782812673 -0.2815298956
-0.1955502984 -2.678378404 -0.3045812847
-0.1871833572 -2.6784810798 -0.3262087675
-0.1790720023 -2.6785864614 -0.3463877123
-0.171346616 -2.6786902808 -0.3651408914
-0.1640772088 -2.6787901315 -0.3824960161
-0.1573567651 -2.6788826366 -0.3985142558
-0.1511720228 -2.6789679396 -0.4132325077
-0.1455528765 -2.6790445772 -0.4267213373
-0.1404305389 -2.6791144131 -0.4390210583
-0.135695654 -2.6791806451 -0.4501640701
-0.1314259411 -2.6792399084 -0.4602746408
-0.1274664188 -2.679297034 -0.4693583403
-0.1236736852 -2.679356428 -0.4774289794
-0.1200376877 -2.6794177975 -0.4845686463
-0.1166403543 -2.6794776219 -0.4909048057
-0.1134904564 -2.6795349872 -0.4965235094
-0.1105884758 -2.6795893032 -0.501502319
-0.1079295104 -2.6796402043 -0.5059113231
-0.1175772264 -2.8343824619 -0.4793725329
-0.1171033844 -2.834375 -0.4836735311
-0.1181942403 -2.8343894875 -0.4745670152
-0.1189928423 -2.8343956682 -0.4692077568
-0.1200206631 -2.8344004647 -0.4632433617
-0.1213363556 -2.8344031778 -0.4566208992
-0.1230158488 -2.8344028494 -0.4492875583
-0.1252239856 -2.8343971421 -0.4412046071
-0.1280048073 -2.8343856075 -0.4323096575
-0.1312643238 -2.8343699504 -0.4225148091
-0.1349312454 -2.8343515009 -0.4117431792
-0.1391778215 -2.8343277918 -0.3999608526
-0.1438385571 -2.8343017365 -0.3870397084
-0.1489040973 -2.8342737004 -0.3729131149
-0.1543027658 -2.8342450202 -0.3575031583
-0.1599422268 -2.8342173207 -0.3407382498
-0.1657548962 -2.8341917409 -0.3225807086
-0.1716720353 -2.8341693732 -0.3030117949
-0.1776565069 -2.8341507063 -0.2820512049
-0.1837111457 -2.8341355072 -0.2597551958
-0.1898518323 -2.8341232432 -0.2362107912
-0.1961122262 -2.8341130045 -0.2115380539
-0.2025234413 -2.834103827 -0.18588399
-0.209083266 -2.8340951862 -0.1594137764
-0.2157454322 -2.8340871717 -0.1323056965
-0.2224223359 -2.8340804594 -0.1047476759
-0.2289944503 -2.8340761802 -0.0769344435
-0.2353365515 -2.8340755256 -0.0490677938
-0.2413487117 -2.8340792825 -0.021357218
-0.2469698669 -2.8340876489 0.0059858949
-0.252184861 -2.8341001507 0.0327538757
-0.2570156213 -2.8341157983 0.0587519895
-0.2614952829 -2.8341335174 0.0838090874
-0.2656477572 -2.8341524716 0.1077837255
-0.2694737567 -2.8341722852 0.1305679085
-0.2729477927 -2.834193088 0.1520871941
-0.2760209638 -2.8342154659 0.1722982279
-0.2786478529 -2.8342400334 0.1911817667
-0.280792983 -2.8342673233 0.2087383091
-0.2824540942 -2.8342974184 0.2249824181
-0.2836642188 -2.8343299141 0.239940659
-0.2844915945 -2.834363918 0.2536512354
-0.2850311816 -2.8343981766 0.2661638541
-0.2853989044 -2.834431157 0.2775383848
-0.285714603 -2.8344612939 0.2878423503
-0.2861004775 -2.8344869959 0.2971460284
-0.2866776061 -2.8345066749 0.3055157601
-0.2875749311 -2.8345185761 0.3130032315
-0.2889391427 -2.8345205655 0.3196267184
-0.2909390147 -2.8345099514 0.3253372317
-0.2937793289 -2.8344829288 0.3299161014
-0.2975483753 -2.8344364364 0.332849844
-0.3017623897 -2.834375 0.3333368333
-0.3055083266 -2.8343114934 0.3311414934
-0.3085637756 -2.83425276 0.3273017415
-0.3113154081 -2.834195437 0.3225347552
-0.313989932 -2.834136636 0.316989735
-0.3166610385 -2.8340752114 0.31065435
-0.3193285694 -2.8340109646 0.3034691606
-0.3219424017 -2.833944373 0.2953534433
-0.3244093835 -2.8338765279 0.2862176092
-0.3266009345 -2.8338090517 0.2759722278
-0.3283651918 -2.8337439623 0.2645417165
-0.3295414462 -2.8336834671 0.2518674086
-0.3299984497 -2.8336294172 0.2379156857
-0.3296483905 -2.8335830605 0.2226665783
-0.328476528 -2.8335445866 0.2061111215
-0.3265409538 -2.833513089 0.1882382987
-0.3239332832 -2.8334871551 0.169036035
-0.3207646305 -2.8334651058 0.148499749
-0.3171208058 -2.8334457102 0.1266453432
-0.3130259363 -2.8334287741 0.1035221674
-0.3084411278 -2.8334151815 0.0792194583
-0.3032763184 -2.8334067224 0.0538677202
-0.2974288094 -2.8334055006 0.0276343483
-0.2908348923 -2.8334131192 0.0007112546
-0.2835139436 -2.833429966 -0.0267012428
-0.2755822254 -2.8334549563 -0.0544092997
-0.2672342353 -2.8334857896 -0.0822322831
-0.2586846267 -2.8335198479 -0.1099941033
-0.2501266291 -2.8335548454 -0.1375153835
-0.2416838159 -2.8335895832 -0.164603704
-0.2333966547 -2.8336241451 -0.1910551925
-0.2252415258 -2.8336595751 -0.216665878
-0.2171709745 -2.8336972195 -0.241247791
-0.2091566616 -2.8337380312 -0.2646447922
-0.2012183312 -2.833782092 -0.2867453514
-0.1934181451 -2.8338286945 -0.3074835267
-0.1858471961 -2.8338765583 -0.3268347078
-0.1786317633 -2.8339237213 -0.3448200367
-0.1718395315 -2.8339690822 -0.3614655733
-0.16556186 -2.8340110754 -0.3768297382
-0.1597866237 -2.8340497626 -0.3909479897
-0.1545440357 -2.8340844629 -0.4038878498
-0.1497679442 -2.8341160352 -0.4156881896
-0.1453533897 -2.8341459434 -0.4263807395
-0.1413760828 -2.8341726547 -0.4360835025
-0.1376862045 -2.8341983911 -0.444802718
-0.1341446609 -2.8342251882 -0.4525521378
-0.1307419444 -2.834252924 -0.4594099458
-0.1275586855 -2.8342799807 -0.4654975038
-0.1246043297 -2.8343059387 -0.4708970095
-0.1218802293 -2.834330527 -0.4756825965
-0.1193824915 -2.8343535769 -0.4799213054
-0.1313538822 -2.9890958564 -0.4543899878
-0.1310221685 -2.9890625 -0.4585119835
-0.1318176609 -2.9891275112 -0.449785428
-0.1324523904 -2.9891557314 -0.4446514922
-0.1333066696 -2.9891782253 -0.4389393824
-0.1344407587 -2.9891920177 -0.4325989488
-0.1359333616 -2.9891930202 -0.4255803392
-0.1379615873 -2.9891710359 -0.4178484518
-0.1405680209 -2.9891242725 -0.4093438508
-0.143639776 -2.9890606323 -0.399980426
-0.1470844415 -2.9889866457 -0.3896829108
-0.1510848572 -2.9888917102 -0.3784209214
-0.15546284 -2.9887882031 -0.3660659586
-0.160197504 -2.9886782551 -0.3525503575
-0.165221168 -2.988566879 -0.3378012463
-0.1704356535 -2.9884608936 -0.3217478959
-0.1757839146 -2.9883641409 -0.304358487
-0.1812034592 -2.9882805827 -0.2856172802
-0.186672429 -2.9882112304 -0.2655477198
-0.1922057983 -2.9881544528 -0.2442063118
-0.1978282514 -2.9881076686 -0.2216778719
-0.2035775351 -2.9880671211 -0.1980773826
-0.2094809981 -2.9880293697 -0.1735436986
-0.2155282635 -2.9879930308 -0.1482320618
-0.2216634376 -2.9879593016 -0.1223098263
-0.2277938591 -2.9879314576 -0.0959545946
-0.2338015377 -2.9879141925 -0.0693520998
-0.2395709507 -2.9879119381 -0.0426968486
-0.245018317 -2.9879271052 -0.0161920648
-0.250097954 -2.9879597947 0.009957642500000001
-0.2548095012 -2.9880074371 0.0355518824
-0.259179932 -2.9880660028 0.060404492
-0.2632416362 -2.9881314418 0.0843529123
-0.2670129605 -2.9882009229 0.1072635401
-0.2704867104 -2.9882735659 0.129034857
-0.2736321102 -2.9883503149 0.1495967496
-0.2763980642 -2.9884337104 0.1689080747
-0.2787411851 -2.9885261178 0.1869499575
-0.2806301459 -2.9886294153 0.2037219764
-0.2820675822 -2.9887436152 0.2192373231
-0.2830893235 -2.9888668897 0.2335212703
-0.2837633119 -2.9889956319 0.2466108608
-0.2841806403 -2.9891249909 0.2585546015
-0.2844494752 -2.9892492172 0.2694108899
-0.2846798177 -2.9893625431 0.2792452737
-0.2849826484 -2.9894591755 0.2881258707
-0.285465715 -2.989533471 0.2961173657
-0.2862406187 -2.9895793986 0.3032723742
-0.2874355601 -2.9895895634 0.3096152413
-0.2891995441 -2.9895545995 0.315114644
-0.2917189417 -2.9894611229 0.3196023163
-0.2951446683 -2.9892940865 0.3226164808
-0.2991313764 -2.9890625 0.3232477983
-0.3027165608 -2.9888200491 0.3211717685
-0.3056525175 -2.9885962949 0.3175224181
-0.3083215536 -2.9883772798 0.3129982646
-0.3109373999 -2.9881519376 0.3077375095
-0.3135699911 -2.9879158956 0.3017272206
-0.3162184817 -2.9876684476 0.2949088733
-0.3188347321 -2.9874114651 0.2872033078
-0.321329091 -2.9871491994 0.2785223768
-0.3235772245 -2.9868879838 0.2687776222
-0.3254307457 -2.9866357666 0.2578936201
-0.3267317438 -2.9864012895 0.2458120255
-0.3273492053 -2.9861919959 0.2324991617
-0.3271957515 -2.9860129158 0.217937664
-0.3262541967 -2.9858649796 0.2021195479
-0.3245810797 -2.9857446845 0.1850368761
-0.3222667801 -2.9856464674 0.166679753
-0.319421277 -2.9855636713 0.1470448583
-0.3161306241 -2.9854913225 0.1261477366
-0.3124202278 -2.9854284998 0.1040353201
-0.3082533181 -2.9853785094 0.08079227329999999
-0.303542061 -2.9853482362 0.0565425266
-0.2981851039 -2.9853458356 0.031445404
-0.2921181124 -2.9853775457 0.0056841239
-0.285357333 -2.9854448692 -0.0205495812
-0.2780134613 -2.9855435528 -0.047069835
-0.2702739116 -2.985664566 -0.0737034136
-0.2623460552 -2.9857976197 -0.1002816068
-0.2544165084 -2.9859337121 -0.1266326943
-0.2466038386 -2.9860680931 -0.1525726114
-0.2389449703 -2.9862010632 -0.1779064091
-0.231413461 -2.9863367351 -0.2024390315
-0.2239588983 -2.986480467 -0.225990573
-0.2165492957 -2.9866361187 -0.2484112979
-0.2091993324 -2.9868042009 -0.2695934595
-0.2019664626 -2.9869820851 -0.2894731272
-0.1949367955 -2.9871649127 -0.3080255819
-0.1882322954 -2.9873450985 -0.3252701989
-0.1819182292 -2.9875184023 -0.3412313462
-0.1760841007 -2.9876787229 -0.355964598
-0.170718907 -2.9878262815 -0.3695040143
-0.1658530665 -2.987958415 -0.3819140866
-0.1614231626 -2.9880784512 -0.3932323727
-0.1573287804 -2.9881920252 -0.4034900798
-0.1536434964 -2.9882932664 -0.4127990297
-0.15022291 -2.9883907668 -0.4211663228
-0.1469325211 -2.9884924348 -0.4286058779
-0.1437634024 -2.9885978449 -0.4351921188
-0.140794686 -2.9887007473 -0.4410403408
-0.1380364344 -2.9887995227 -0.4462289681
-0.1354908314 -2.9888931244 -0.4508287887
-0.1331549635 -2.9889808989 -0.4549038723
-0.1473168621 -3.1437623011 -0.4293390826
-0.147119176 -3.14375 -0.4332821779
-0.1476358026 -3.1437740395 -0.4249350078
-0.1481151995 -3.1437846003 -0.4200254146
-0.1488044032 -3.1437931696 -0.4145639299
-0.1497649898 -3.1437986891 -0.4085029674
-0.151077416 -3.1437997142 -0.4017952512
-0.1529313814 -3.1437925097 -0.3944088333
-0.1553662545 -3.1437765089 -0.3862868347
-0.1582526872 -3.1437546944 -0.3773457334
-0.1614790676 -3.1437296441 -0.3675125506
-0.1652376997 -3.1436975513 -0.3567597301
-0.1693387731 -3.1436628155 -0.3449593808
-0.1737508522 -3.1436263597 -0.3320434064
-0.1784098479 -3.1435897722 -0.3179437579
-0.1832122688 -3.1435554511 -0.3025909896
-0.1881106801 -3.1435244737 -0.2859585655
-0.1930482068 -3.1434980519 -0.2680334012
-0.1980169839 -3.1434762379 -0.2488420085
-0.2030430806 -3.1434582677 -0.2284406408
-0.2081592396 -3.1434431324 -0.2069116037
-0.2134070267 -3.1434295297 -0.1843647556
-0.2188106118 -3.1434164235 -0.1609311658
-0.2243523407 -3.1434035689 -0.1367567222
-0.2299680184 -3.1433916259 -0.111998627
-0.2355605452 -3.1433818759 -0.08682472450000001
-0.2410136928 -3.1433759564 -0.0614120958
-0.246221913 -3.143375243 -0.0359481521
-0.2511138182 -3.1433803796 -0.0106288251
-0.2556610533 -3.1433911234 0.0143476155
-0.2598741724 -3.1434064625 0.0387888373
-0.2637870389 -3.1434249697 0.0625169038
-0.2674309167 -3.143445369 0.0853776869
-0.270819357 -3.1434668614 0.1072450215
-0.2739382115 -3.1434893399 0.1280234132
-0.2767520451 -3.1435132524 0.1476467538
-0.2792079128 -3.1435395181 0.1660759259
-0.281264178 -3.1435689067 0.1832924537
-0.2828933106 -3.1436019765 0.1992951189
-0.284102249 -3.1436386351 0.2140959208
-0.2849292481 -3.1436782027 0.2277189568
-0.2854417963 -3.1437194514 0.2402001351
-0.285727421 -3.1437607936 0.251586708
-0.2858864846 -3.1438004152 0.2619355114
-0.2860216767 -3.1438364916 0.2713099808
-0.2862320451 -3.1438672718 0.2797759946
-0.2866134693 -3.1438910598 0.2873964194
-0.2872617245 -3.1439061257 0.2942243628
-0.2882875698 -3.1439103324 0.300289582
-0.2898222836 -3.1439009413 0.3055763918
-0.2920340381 -3.1438740185 0.3099635776
-0.2951304276 -3.1438236269 0.3130392621
-0.2988965536 -3.14375 0.3138016727
-0.302329024 -3.1436719069 0.3118433922
-0.3051537701 -3.1435999719 0.3083805622
-0.3077475973 -3.1435293291 0.304093086
-0.3103122116 -3.1434563979 0.2991092822
-0.3129134677 -3.1433797791 0.2934156872
-0.3155500198 -3.1432992635 0.2869549873
-0.3181755903 -3.1432154736 0.2796497194
-0.3207038862 -3.1431298101 0.2714133561
-0.323014692 -3.1430443628 0.2621585721
-0.3249629727 -3.1429617762 0.2518101951
-0.3263936672 -3.1428849732 0.2403102247
-0.3271761993 -3.1428164761 0.2276252244
-0.3272231446 -3.1427580014 0.2137390853
-0.3265154884 -3.1427099108 0.1986456664
-0.3251080751 -3.1426710641 0.1823395303
-0.3230899615 -3.1426396122 0.1648128737
-0.3205700384 -3.1426133278 0.1460636419
-0.3176344575 -3.1425905171 0.1261071154
-0.3143097507 -3.1425708243 0.1049879269
-0.3105610364 -3.1425552926 0.0827862979
-0.306302459 -3.1425461593 0.0596197005
-0.3014337613 -3.1425460953 0.0356394905
-0.2958897949 -3.142557152 0.011020289
-0.2896836037 -3.1425798228 -0.014054642
-0.2829203727 -3.1426127005 -0.0394072281
-0.2757806025 -3.1426527931 -0.0648714227
-0.26846459 -3.1426966862 -0.0902856252
-0.2611525505 -3.1427413861 -0.1154855124
-0.2539581861 -3.1427853033 -0.1402951614
-0.2469149381 -3.1428285272 -0.1645284026
-0.2399935888 -3.1428724246 -0.1879990271
-0.2331408237 -3.1429187946 -0.2105351809
-0.2263210131 -3.1429689572 -0.2319935034
-0.2195442163 -3.143023137 -0.2522702418
-0.212863138 -3.1430805164 -0.2713033654
-0.2063592268 -3.1431395369 -0.289068136
-0.2001504829 -3.1431977213 -0.305582184
-0.1942998784 -3.1432536895 -0.320868184
-0.1888953297 -3.143305432 -0.3349788745
-0.1839270321 -3.143353013 -0.3479469642
-0.179425691 -3.1433955512 -0.3598339385
-0.1753305895 -3.1434341348 -0.3706761088
-0.1715457956 -3.1434705912 -0.3805042202
-0.1681429128 -3.1435030248 -0.3894240333
-0.164982679 -3.1435342397 -0.3974434966
-0.1619350651 -3.1435668273 -0.4045767596
-0.1589920068 -3.1436006639 -0.4108946936
-0.1562308603 -3.1436337147 -0.4165064296
-0.1536623764 -3.1436654531 -0.4214867055
-0.1512895263 -3.1436955388 -0.425902996
-0.149110337 -3.143723759 -0.4298164325
-0.1564409567 -3.2984462382 -0.4008545695
-0.1563346787 -3.2984375 -0.4046065971
-0.156656278 -3.2984546134 -0.396663167
-0.1570182376 -3.2984622028 -0.391989733
-0.1575743805 -3.2984684457 -0.3867897903
-0.1583842583 -3.2984726126 -0.3810176165
-0.1595260042 -3.2984737068 -0.3746276251
-0.1611853265 -3.2984691514 -0.3675876717
-0.1633999341 -3.298458553 -0.359843649
-0.1660414245 -3.2984439666 -0.3513180211
-0.1689993858 -3.2984271607 -0.3419434904
-0.1724622423 -3.2984055071 -0.3316923242
-0.1762414587 -3.298382043 -0.3204432853
-0.1803058246 -3.2983573927 -0.3081319658
-0.1845911412 -3.2983326549 -0.2946934609
-0.188995504 -3.298309472 -0.2800620006
-0.193472072 -3.2982885849 -0.2642125428
-0.1979656538 -3.2982708178 -0.2471330871
-0.2024695613 -3.2982561972 -0.2288491925
-0.2070114621 -3.2982441788 -0.2094146902
-0.2116262897 -3.2982340465 -0.1889081126
-0.2163581085 -3.2982248817 -0.1674340778
-0.2212341263 -3.2982159525 -0.1451173632
-0.2262401345 -3.2982070827 -0.1220969069
-0.2313155141 -3.2981987334 -0.09852244860000001
-0.2363667758 -3.298191808 -0.074553827
-0.2412809445 -3.2981874674 -0.0503595486
-0.2459554734 -3.2981866955 -0.0261178965
-0.2503220884 -3.298189962 -0.0020152895
-0.2543552346 -3.2981971175 0.0217595586
-0.2580691239 -3.298207457 0.0450235089
-0.2615014039 -3.2982199771 0.0676072105
-0.2646874562 -3.2982337688 0.08936403029999999
-0.2676450748 -3.2982482484 0.1101738615
-0.2703634443 -3.2982633222 0.1299457337
-0.2728093034 -3.2982792947 0.1486165535
-0.2749309961 -3.2982968052 0.1661488197
-0.2766859571 -3.2983164156 0.1825248558
-0.278045462 -3.2983385348 0.1977433515
-0.279013553 -3.2983631361 0.2118157856
-0.279625636 -3.2983897744 0.2247651433
-0.279945891 -3.298417623 0.2366259697
-0.2800589527 -3.2984455924 0.2474439338
-0.2800623889 -3.2984724339 0.2572742332
-0.2800543461 -3.2984969064 0.2661787409
-0.2801331971 -3.2985177765 0.2742216958
-0.2803934798 -3.2985338519 0.2814640963
-0.2809296533 -3.2985439177 0.2879567013
-0.2818534722 -3.2985464382 0.293724618
-0.2832973447 -3.2985394349 0.2987392026
-0.2853986643 -3.2985206003 0.3028776607
-0.2883213439 -3.2984865939 0.3057787905
-0.2918859382 -3.2984375 0.3065321216
-0.2951522053 -3.2983855887 0.3046904004
-0.2978448782 -3.2983379774 0.3014114717
-0.3003330939 -3.2982911779 0.2973566881
-0.3028060239 -3.2982428 0.2926446713
-0.3053256191 -3.2981919175 0.2872619518
-0.3078903352 -3.2981384015 0.2811531706
-0.3104564847 -3.2980826748 0.2742437276
-0.3129429943 -3.2980256725 0.2664502166
-0.3152367984 -3.2979687864 0.2576881722
-0.3172013497 -3.2979137755 0.2478843667
-0.3186905854 -3.2978625803 0.2369817563
-0.3195813036 -3.2978168764 0.2249466681
-0.3197910731 -3.2977778018 0.2117625678
-0.3193020928 -3.2977455944 0.1974231443
-0.3181654904 -3.297719508 0.1819237186
-0.3164646227 -3.2976983288 0.1652579937
-0.3143005309 -3.2976806059 0.147425567
-0.3117515351 -3.297665259 0.1284424049
-0.308839068 -3.2976520986 0.1083517292
-0.3055263078 -3.2976418622 0.08722994589999999
-0.3017300203 -3.2976360479 0.065187896
-0.2973533717 -3.297636436 0.0423688771
-0.2923383837 -3.2976443085 0.0189369065
-0.2867016062 -3.2976599007 -0.0049350804
-0.2805482931 -3.2976821621 -0.0290788435
-0.2740539894 -3.2977090053 -0.0533365956
-0.2674103705 -3.2977381025 -0.0775537223
-0.2607863822 -3.2977674617 -0.1015720884
-0.2542840642 -3.297796082 -0.1252222917
-0.247926533 -3.2978241204 -0.1483255978
-0.2416769634 -3.2978525924 -0.1707039949
-0.2354771184 -3.297882782 -0.192193661
-0.2292885408 -3.2979156142 -0.2126580904
-0.2231194585 -3.2979512415 -0.2319984379
-0.2170210429 -3.2979890914 -0.2501555377
-0.2110725078 -3.2980280925 -0.2671054266
-0.2053900974 -3.2980665317 -0.2828646718
-0.2000336521 -3.2981034932 -0.2974539351
-0.1950885683 -3.2981376167 -0.3109226135
-0.1905428664 -3.2981689917 -0.3233008127
-0.1864267512 -3.2981970254 -0.3346467525
-0.1826784562 -3.2982225129 -0.3449938273
-0.1792018482 -3.298246755 -0.3543707313
-0.1760727257 -3.2982683825 -0.3628806289
-0.173152281 -3.2982893775 -0.3705268395
-0.1703142739 -3.2983115193 -0.3773211521
-0.167557355 -3.298334636 -0.3833340159
-0.1649606954 -3.2983572999 -0.3886713893
-0.1625373541 -3.2983791272 -0.3934053716
-0.16029254 -3.2983998651 -0.3976009993
-0.1582262696 -3.2984193525 -0.4013170824
-0.1692586085 -3.4531507363 -0.3830707202
-0.1691868185 -3.453125 -0.3866766395
-0.1694271289 -3.4531755076 -0.3790402492
-0.1697264659 -3.4531981079 -0.3745433695
-0.170199791 -3.4532169358 -0.3695362404
-0.1709012448 -3.4532299054 -0.3639735413
-0.1719023442 -3.453234147 -0.3578096679
-0.1733668244 -3.4532225421 -0.3510083111
-0.1753327238 -3.4531937883 -0.3435173957
-0.1776935312 -3.4531532611 -0.335267831
-0.1803650602 -3.4531052459 -0.3262004715
-0.1835174415 -3.4530422975 -0.3162837015
-0.1869773131 -3.45297314 -0.3054082469
-0.190727502 -3.4528990073 -0.2935172739
-0.1946975778 -3.4528236082 -0.2805459139
-0.1987946572 -3.4527516314 -0.2664338077
-0.2029596748 -3.4526859786 -0.2511524777
-0.2071327214 -3.4526294667 -0.2346887855
-0.2112913239 -3.452582948 -0.2170631934
-0.2154527627 -3.4525452396 -0.1983255731
-0.2196470345 -3.4525143841 -0.178550564
-0.2239198301 -3.4524875017 -0.1578391447
-0.228310185 -3.4524618448 -0.1363134624
-0.2328212684 -3.4524361698 -0.1141103318
-0.2374110181 -3.4524111936 -0.091377376
-0.2419982397 -3.4523893357 -0.0682707431
-0.2464732993 -3.452374251 -0.044952987
-0.2507264616 -3.4523695409 -0.0215938607
-0.2546763437 -3.4523774683 0.0016299849
-0.2582837816 -3.4523983644 0.0245392628
-0.2615546356 -3.4524305551 0.0469587172
-0.2645289728 -3.4524709137 0.0687249526
-0.267253307 -3.4525161909 0.0896955834
-0.2697620695 -3.4525638852 0.1097532491
-0.2720612829 -3.4526130056 0.1288085769
-0.2741282629 -3.4526640803 0.1467995334
-0.27591607 -3.4527189372 0.1636892633
-0.2773765398 -3.4527796217 0.1794610699
-0.278472793 -3.452847797 0.194114224
-0.279196369 -3.4529239396 0.2076604087
-0.2795734747 -3.4530070409 0.2201216733
-0.2796622232 -3.453094738 0.2315312605
-0.2795469589 -3.4531835703 0.2419334749
-0.279328052 -3.4532694346 0.2513829746
-0.279111658 -3.4533480254 0.2599417789
-0.2790059342 -3.4534149702 0.2676747724
-0.2791191212 -3.4534658571 0.2746425651
-0.2795684804 -3.4534957493 0.280891032
-0.2804915662 -3.4534984907 0.2864287703
-0.2820501245 -3.4534661275 0.2911769106
-0.2843389246 -3.4533928331 0.2949440872
-0.2873477419 -3.453276511 0.2974121484
-0.2907975253 -3.453125 0.2979853665
-0.2939302958 -3.4529691057 0.2962286138
-0.2965047951 -3.4528272627 0.2930769017
-0.2988865625 -3.4526881821 0.289183811
-0.3012545674 -3.4525446559 0.2846602329
-0.3036678443 -3.4523939083 0.2794931851
-0.3061252197 -3.4522355664 0.2736296644
-0.3085847013 -3.4520709518 0.2669976971
-0.3109724263 -3.4519027741 0.2595184807
-0.3131841881 -3.4517351003 0.2511112913
-0.3150961652 -3.4515729709 0.24170609
-0.3165771237 -3.451421876 0.231247014
-0.3175180446 -3.4512864723 0.2196995916
-0.3178471472 -3.4511698482 0.2070439077
-0.3175512728 -3.4510725317 0.1932715623
-0.3166762049 -3.4509923977 0.1783759381
-0.3152950712 -3.4509260896 0.1623511629
-0.3134939222 -3.4508697245 0.1451986737
-0.3113339282 -3.4508206771 0.126936263
-0.308823491 -3.4507789158 0.1076073181
-0.3059181016 -3.4507470536 0.08728630549999999
-0.3025352567 -3.4507296774 0.0660794266
-0.2985870192 -3.450731862 0.0441228897
-0.294028281 -3.4507568947 0.0215716696
-0.2888897412 -3.4508046941 -0.0014115477
-0.2832860538 -3.4508713457 -0.024668242
-0.2773934763 -3.4509500833 -0.0480478583
-0.271396264 -3.4510337748 -0.0714003319
-0.2654484197 -3.4511167027 -0.0945699009
-0.2596328869 -3.4511964587 -0.1173891853
-0.2539535623 -3.4512742779 -0.1396825654
-0.2483587988 -3.4513538908 -0.1612767302
-0.2427815976 -3.4514396021 -0.1820133202
-0.2371809563 -3.4515343225 -0.2017610834
-0.2315670436 -3.4516383509 -0.2204255866
-0.2259946104 -3.4517496606 -0.2379507302
-0.2205456486 -3.4518647217 -0.254314047
-0.2153383351 -3.451978056 -0.2695317323
-0.2104304898 -3.452086894 -0.2836227795
-0.2059048985 -3.4521871186 -0.296633314
-0.2017426751 -3.4522793717 -0.308589786
-0.1979729671 -3.4523618877 -0.3195477538
-0.1945269049 -3.4524375506 -0.329536146
-0.191300197 -3.4525108779 -0.3385800979
-0.1883827085 -3.4525769455 -0.3467862864
-0.185627022 -3.4526424935 -0.3541461468
-0.1829074822 -3.4527131594 -0.3606657562
-0.1802380267 -3.4527877069 -0.3664204647
-0.1777052063 -3.4528613509 -0.3715183165
-0.1753270632 -3.4529326959 -0.3760313506
-0.1731130899 -3.4530007919 -0.3800242936
-0.1710667251 -3.4530650156 -0.3835553406
-0.1804867836 -3.607819791 -0.3635396376
-0.1804449796 -3.6078125 -0.3669937264
-0.1806136032 -3.6078268354 -0.3596767007
-0.1808560935 -3.6078333016 -0.3553640029
-0.1812531401 -3.6078387488 -0.3505585087
-0.1818535707 -3.6078426021 -0.3452154955
-0.1827218905 -3.6078440713 -0.3392895133
-0.1840019731 -3.6078412528 -0.3327409571
-0.1857304405 -3.6078337535 -0.3255195636
-0.1878222008 -3.6078228921 -0.317564084
-0.1902179542 -3.6078096079 -0.3088227517
-0.1930699029 -3.607791871 -0.2992606251
-0.1962197489 -3.6077720985 -0.2887798678
-0.1996635518 -3.6077504582 -0.277330602
-0.2033253386 -3.6077281497 -0.2648485092
-0.2071210464 -3.6077064639 -0.2512784151
-0.2109804002 -3.607686446 -0.2365891337
-0.214839232 -3.6076690173 -0.2207666686
-0.2186603977 -3.6076546566 -0.2038270553
-0.2224513702 -3.6076431551 -0.1858164768
-0.226237362 -3.6076340023 -0.1668057163
-0.2300660972 -3.6076263151 -0.1468920099
-0.2339853279 -3.6076191615 -0.1261938422
-0.2380161727 -3.6076119425 -0.1048454454
-0.2421345256 -3.6076046621 -0.08299158349999999
-0.2462704239 -3.607597944 -0.0607840494
-0.2503175076 -3.6075929061 -0.0383792121
-0.2541599973 -3.6075907852 -0.0159385466
-0.2577045289 -3.6075924946 0.0063707091
-0.2608991906 -3.6075983667 0.0283784291
-0.2637424171 -3.6076080416 0.0499171686
-0.2662758475 -3.6076205843 0.0708298708
-0.2685563051 -3.6076348934 0.0909789481
-0.2706335841 -3.6076500191 0.1102504586
-0.272529403 -3.6076654613 0.1285572546
-0.2742310661 -3.6076812577 0.1458387467
-0.2756954494 -3.6076979244 0.1620588969
-0.2768721189 -3.6077161223 0.1772016994
-0.277713386 -3.6077365144 0.1912669412
-0.2782009577 -3.6077593789 0.2042659493
-0.2783520844 -3.6077845249 0.2162196578
-0.2782190115 -3.6078113007 0.2271598392
-0.2778854069 -3.6078386444 0.2371294679
-0.2774540984 -3.6078652538 0.2461823405
-0.2770381511 -3.6078897032 0.2543808052
-0.2767528058 -3.6079105454 0.2617903917
-0.2767227074 -3.607926188 0.2684714736
-0.2770811447 -3.6079348801 0.2744660083
-0.2779906495 -3.607934356 0.2797683795
-0.2796413104 -3.6079216976 0.2842546685
-0.2820889257 -3.6078955548 0.2876715493
-0.2851632581 -3.6078576495 0.2897378946
-0.28848804 -3.6078125 0.2901464615
-0.2914763596 -3.607767283 0.2884780873
-0.2939256293 -3.6077264586 0.285459091
-0.2961949979 -3.6076865147 0.2817321467
-0.2984542296 -3.6076453343 0.2774009296
-0.3007592509 -3.6076021153 0.2724535418
-0.3031085685 -3.6075567637 0.2668396223
-0.305462706 -3.607509671 0.2604908781
-0.3077532702 -3.6074616143 0.2533324122
-0.3098848585 -3.6074137415 0.2452877281
-0.3117456504 -3.6073674505 0.2362901905
-0.3132184842 -3.6073242411 0.2262854727
-0.3142073725 -3.6072853633 0.2152383203
-0.3146514935 -3.6072516104 0.2031271135
-0.3145410397 -3.6072230925 0.1899404385
-0.3139170142 -3.6071992228 0.1756702125
-0.3128428418 -3.6071791096 0.1603107957
-0.3113905082 -3.6071617619 0.1438650332
-0.3096052016 -3.6071465971 0.1263519678
-0.30748343 -3.6071337619 0.1078146258
-0.3049733531 -3.6071241392 0.0883252035
-0.3019943946 -3.6071190766 0.0679849018
-0.2984661018 -3.6071199838 0.0469231042
-0.2943555998 -3.6071276493 0.0252859556
-0.289706261 -3.60714182 0.003226399
-0.2846408001 -3.607161135 -0.0191063001
-0.2793353439 -3.6071834801 -0.0415686496
-0.2739665604 -3.6072067379 -0.0640153763
-0.2686740648 -3.6072293213 -0.0862937589
-0.2635229443 -3.6072507032 -0.1082393972
-0.2584993961 -3.607271466 -0.1296807831
-0.2535383185 -3.6072928945 -0.1504501229
-0.248564829 -3.607316374 -0.1703950705
-0.2435355094 -3.6073427929 -0.1893898429
-0.238462363 -3.6073721896 -0.2073445243
-0.2334028398 -3.6074038893 -0.2242057803
-0.2284411592 -3.607436773 -0.2399524612
-0.2236968276 -3.6074691486 -0.2546001341
-0.2192256432 -3.6075002033 -0.2681661555
-0.215107779 -3.6075287282 -0.280693412
-0.2113177446 -3.6075550246 -0.2922049522
-0.2078852475 -3.6075785579 -0.3027541914
-0.2047337009 -3.6076003351 -0.3123655904
-0.2017526015 -3.6076218365 -0.321061521
-0.199044256 -3.607641396 -0.3289508694
-0.1964538289 -3.6076612029 -0.3360146611
-0.1938568373 -3.6076829802 -0.3422539238
-0.1912814151 -3.6077061574 -0.347747792
-0.1888202698 -3.6077292009 -0.3526053067
-0.1864959387 -3.6077516355 -0.3568979663
-0.1843217809 -3.6077731301 -0.3606897789
-0.1823043481 -3.6077934632 -0.364038007
-0.1896860019 -3.7625118441 -0.3418152277
-0.1896725591 -3.7625 -0.3451058407
-0.189773045 -3.7625233356 -0.3381331559
-0.1899609723 -3.7625339539 -0.3340199103
-0.1902844545 -3.7625430057 -0.3294335525
-0.1907870928 -3.7625495862 -0.3243302946
-0.1915264713 -3.7625524527 -0.3186652419
-0.1926273309 -3.7625487086 -0.312396392
-0.1941246169 -3.7625376775 -0.3054754633
-0.1959534097 -3.7625211475 -0.2978483689
-0.1980778674 -3.7625001622 -0.2894699574
-0.2006316434 -3.7624715906 -0.2803026366
-0.2034724732 -3.7624392346 -0.2702596061
-0.2066082262 -3.7624030625 -0.2592973174
-0.2099584382 -3.7623652769 -0.2473526379
-0.213447683 -3.7623279094 -0.2343753696
-0.2169957543 -3.7622930449 -0.2203324487
-0.2205363683 -3.7622623576 -0.2052095428
-0.2240178679 -3.7622370687 -0.1890187589
-0.2274392682 -3.7622170436 -0.1718029002
-0.2308212423 -3.7622015291 -0.1536288207
-0.2342126245 -3.7621889865 -0.1345894776
-0.2376699021 -3.7621776107 -0.1147991084
-0.2412296758 -3.7621660231 -0.09438804069999999
-0.2448835414 -3.7621539093 -0.07349685
-0.248573267 -3.762142151 -0.052272256
-0.2521964694 -3.7621326996 -0.0308639559
-0.255632633 -3.7621279383 -0.009425004900000001
-0.2587783005 -3.7621298146 0.0118867089
-0.261570353 -3.7621392783 0.0329102435
-0.2640010731 -3.7621559286 0.0534862162
-0.2661118762 -3.7621781979 0.0734648046
-0.2679693576 -3.7622039674 0.0927138317
-0.269636911 -3.7622312805 0.1111238541
-0.2711501423 -3.7622589546 0.1286107585
-0.2725053945 -3.7622868618 0.1451159375
-0.2736644507 -3.7623158078 0.1606043489
-0.2745723802 -3.7623470802 0.1750607077
-0.2751760169 -3.7623819793 0.1884847943
-0.2754457159 -3.7624212712 0.200887461
-0.2753913871 -3.7624647848 0.212288168
-0.2750593118 -3.7625115004 0.2227171798
-0.2745319368 -3.7625595538 0.2322159887
-0.2739134316 -3.7626065922 0.2408375085
-0.2733218097 -3.7626499573 0.2486442799
-0.2728787786 -3.7626869157 0.2557021128
-0.2727204937 -3.7627143581 0.2620713084
-0.272996021 -3.7627287792 0.2677905008
-0.2738889196 -3.7627256212 0.2728418959
-0.275614758 -3.7626990048 0.2770623713
-0.2781955592 -3.7626472478 0.2801427377
-0.2813156643 -3.7625771589 0.2818347567
-0.2845078334 -3.7625 0.2820913254
-0.287345362 -3.7624247423 0.2805158472
-0.2896628508 -3.7623573987 0.2776400669
-0.2918132881 -3.7622916557 0.2740921347
-0.2939567213 -3.7622239509 0.2699679581
-0.2961459465 -3.7621529529 0.2652568264
-0.2983791902 -3.7620785297 0.259911208
-0.3006195173 -3.7620013467 0.2538666547
-0.3028040284 -3.7619226814 0.2470523946
-0.3048460266 -3.7618443886 0.239396386
-0.3066454456 -3.7617686842 0.2308356921
-0.3080987479 -3.7616979079 0.2213178741
-0.3091235634 -3.7616339432 0.2108077321
-0.309667391 -3.7615779917 0.1992819555
-0.3097256593 -3.7615301121 0.1867269044
-0.3093341823 -3.7614893939 0.1731330896
-0.3085471259 -3.7614544913 0.1584949847
-0.3074231195 -3.761423984 0.1428164585
-0.3059924293 -3.7613972047 0.1261172378
-0.3042410238 -3.7613746526 0.108439399
-0.3021101695 -3.7613580218 0.08985236269999999
-0.2995214098 -3.7613495873 0.07045210239999999
-0.2964026402 -3.7613515652 0.0503607983
-0.2927317666 -3.761365005 0.0297158188
-0.2885637291 -3.7613890918 0.008660517499999999
-0.2840276667 -3.761421184 -0.0126650011
-0.2792983204 -3.7614575095 -0.0341245026
-0.2745441176 -3.7614944646 -0.0555780972
-0.2698904143 -3.761529532 -0.0768770983
-0.2653854498 -3.761562124 -0.0978613398
-0.2609992829 -3.7615935883 -0.1183647011
-0.2566549703 -3.7616264042 -0.1382259883
-0.2522709737 -3.7616631055 -0.1572996779
-0.2478021134 -3.761705241 -0.1754660159
-0.2432617106 -3.7617528006 -0.192639634
-0.2387095949 -3.7618045067 -0.2087701236
-0.2342313299 -3.7618583395 -0.2238374975
-0.2299467745 -3.7619113113 -0.2378564925
-0.2259094199 -3.7619620551 -0.2508428373
-0.2221962472 -3.762008541 -0.262836103
-0.2187767478 -3.7620514397 -0.2738565131
-0.2156791669 -3.7620898742 -0.2839545633
-0.2128216975 -3.7621257687 -0.2931511652
-0.210088423 -3.7621618866 -0.3014660992
-0.2075925052 -3.7621950526 -0.3090091094
-0.2051731334 -3.7622293055 -0.315752213
-0.2027075655 -3.7622676615 -0.3216919202
-0.2002368141 -3.7623088149 -0.3269098815
-0.1978587776 -3.7623499669 -0.3315150502
-0.1956000291 -3.7623902069 -0.3355778029
-0.1934774343 -3.7624288897 -0.3391609397
-0.1915003959 -3.7624655785 -0.3423203922
-0.1996669156 -3.9171976032 -0.3250866398
-0.1996858212 -3.9171875 -0.3282289104
-0.1997109389 -3.91720746 -0.3215689608
-0.1998422148 -3.917216647 -0.3176373473
-0.2000917325 -3.917224599 -0.3132509864
-0.200498548 -3.9172305771 -0.3083671015
-0.2011142433 -3.9172335673 -0.3029415159
-0.2020469083 -3.9172312944 -0.2969306265
-0.2033302606 -3.9172231493 -0.2902881012
-0.2049171082 -3.9172103324 -0.2829657584
-0.2067918145 -3.9171933151 -0.2749236325
-0.2090734154 -3.9171695643 -0.2661224684
-0.211632002 -3.917142215 -0.2564848747
-0.2144864599 -3.9171109632 -0.2459727585
-0.2175520124 -3.91707789 -0.2345242212
-0.2207613529 -3.9170446366 -0.2220935125
-0.2240233806 -3.917013343 -0.2086457359
-0.2272715034 -3.9169855363 -0.1941669008
-0.2304406014 -3.9169626421 -0.1786657991
-0.2335222423 -3.9169447252 -0.1621824579
-0.2365332596 -3.916931215 -0.1447802847
-0.2395237288 -3.9169207207 -0.126548273
-0.2425584427 -3.9169114586 -0.1075965365
-0.2456870208 -3.9169019319 -0.0880512151
-0.2489159653 -3.9168915764 -0.0680487515
-0.2521971019 -3.9168810286 -0.0477308764
-0.2554314558 -3.916872053 -0.0272411475
-0.2584942331 -3.9168669838 -0.0067251666
-0.2612729751 -3.9168678674 0.0136673245
-0.2636946119 -3.9168758617 0.0337833586
-0.2657462026 -3.9168907868 0.0534707563
-0.2674700486 -3.9169112579 0.07258618360000001
-0.2689411998 -3.9169352107 0.0910029098
-0.2702353716 -3.9169606334 0.1086159463
-0.2714007539 -3.9169862018 0.1253443797
-0.2724417787 -3.9170116426 0.1411316608
-0.2733241583 -3.9170376155 0.1559437846
-0.2739895487 -3.9170653758 0.1697659584
-0.2743785448 -3.9170962472 0.1825978113
-0.2744529333 -3.9171311122 0.1944492585
-0.2742141496 -3.917169997 0.2053389489
-0.2737048346 -3.9172120372 0.2152950832
-0.2730059137 -3.9172555533 0.2243581422
-0.2722238387 -3.9172983328 0.2325805502
-0.271477937 -3.9173379088 0.2400248582
-0.2708989354 -3.9173715708 0.2467578185
-0.2706326361 -3.9173962543 0.2528398651
-0.2708427141 -3.9174084203 0.2583069916
-0.2717326767 -3.9174034431 0.2631307115
-0.2735431613 -3.9173753444 0.2671123283
-0.2762669645 -3.9173231721 0.2698906271
-0.2794565186 -3.9172562147 0.2712406912
-0.2825542201 -3.9171875 0.2713547767
-0.2852765527 -3.9171221938 0.2698585763
-0.2874946322 -3.9170642666 0.2671085279
-0.2895548777 -3.9170078986 0.2637222285
-0.2916072014 -3.9169500151 0.2597873414
-0.2937022139 -3.9168894554 0.2552931775
-0.2958387037 -3.9168261057 0.250193976
-0.2979825726 -3.9167605379 0.2444285265
-0.3000762752 -3.9166938286 0.2379297598
-0.3020411652 -3.9166275221 0.2306297876
-0.3037879481 -3.9165634265 0.2224692434
-0.3052262026 -3.9165034036 0.2133981378
-0.3062839482 -3.9164489477 0.203380328
-0.3069187121 -3.9164009328 0.1923923322
-0.3071299784 -3.9163593219 0.1804184541
-0.3069491354 -3.9163233819 0.1674478021
-0.3064220237 -3.9162920736 0.153474812
-0.3055951217 -3.9162643747 0.1385040423
-0.3044850015 -3.9162399776 0.1225555328
-0.3030671159 -3.9162195563 0.1056703295
-0.30127826 -3.916204725 0.0879149053
-0.2990399755 -3.9161975148 0.06938066349999999
-0.2962875019 -3.9161997265 0.0501832965
-0.2930107631 -3.9162119835 0.0304525211
-0.2892737758 -3.9162332745 0.0103231064
-0.2852126604 -3.9162609706 -0.010072959
-0.2810013347 -3.9162915934 -0.0306060273
-0.2768009152 -3.9163219662 -0.0511412273
-0.2727238444 -3.9163500277 -0.0715338306
-0.2688026749 -3.9163755329 -0.091627853
-0.2649924516 -3.9163999801 -0.1112624625
-0.2612051351 -3.9164258096 -0.1302827876
-0.2573529882 -3.9164554066 -0.148549729
-0.2533892947 -3.9164901646 -0.1659491119
-0.2493288192 -3.9165300047 -0.1823997068
-0.2452338778 -3.9165736848 -0.1978537257
-0.2411915735 -3.916619321 -0.2122922106
-0.2373223286 -3.9166641852 -0.2257291117
-0.2336774649 -3.9167070891 -0.2381786809
-0.230331422 -3.9167462599 -0.2496776093
-0.2272474146 -3.9167824642 -0.2602432106
-0.2244534558 -3.9168149291 -0.2699236611
-0.2218621804 -3.9168455482 -0.2787366171
-0.2193517702 -3.9168769839 -0.286699505
-0.2170462926 -3.9169061298 -0.2939227118
-0.2147785571 -3.9169368252 -0.3003701063
-0.212426586 -3.9169718135 -0.3060339636
-0.2100435278 -3.9170096516 -0.3109979803
-0.2077329477 -3.9170476949 -0.3153710241
-0.2055254521 -3.9170850473 -0.3192224044
-0.203441359 -3.9171210658 -0.3226137758
-0.2014928563 -3.91715531 -0.325599819
-0.2082827191 -4.0718837014 -0.3049079702
-0.2085109767 -4.071875 -0.3078768406
-0.208104738 -4.0718923258 -0.3015813528
-0.2080034455 -4.071900559 -0.2978594376
-0.2080130336 -4.0719079791 -0.2937022002
-0.2081771749 -4.071914031 -0.2890673812
-0.2085529027 -4.0719179693 -0.2839109041
-0.2092662263 -4.0719180585 -0.2781842836
-0.2103669111 -4.0719136621 -0.2718416577
-0.2117890637 -4.0719057983 -0.2648473387
-0.2134825025 -4.0718952371 -0.2571773507
-0.2155915904 -4.0718799622 -0.2487915253
-0.2179695822 -4.0718622415 -0.2396106296
-0.2206135827 -4.07184219 -0.2295943864
-0.223450354 -4.0718209715 -0.218685691
-0.2263999454 -4.0717998293 -0.2068370286
-0.2293826247 -4.0717799717 -0.1940185434
-0.2323341817 -4.0717623509 -0.1802175604
-0.235203756 -4.0717476815 -0.1654458662
-0.2379905655 -4.0717359034 -0.1497426842
-0.2407153054 -4.0717266068 -0.133168796
-0.2434256581 -4.071718949 -0.1158080881
-0.2461748404 -4.0717119736 -0.09776300139999999
-0.2489973248 -4.0717049689 -0.0791506238
-0.2518842292 -4.0716978325 -0.0600979651
-0.2547803743 -4.0716911196 -0.0407388577
-0.2575911086 -4.071685949 -0.0212113181
-0.2602076029 -4.0716836374 -0.0016573605
-0.2625403865 -4.0716852134 0.0177765987
-0.2645395854 -4.0716911291 0.036942213
-0.2662087838 -4.0717010674 0.0556936527
-0.2675960352 -4.071714086 0.0738951954
-0.2687715191 -4.071728953 0.0914277787
-0.2697993396 -4.0717445621 0.108193216
-0.2707154283 -4.0717602558 0.1241158475
-0.2715170618 -4.0717759765 0.1391423687
-0.2721692022 -4.0717921718 0.153240049
-0.272619808 -4.0718095672 0.1663937461
-0.2728204548 -4.071828861 0.1786020155
-0.2727443204 -4.0718504578 0.1898739244
-0.272400954 -4.0718742527 0.2002278286
-0.2718359048 -4.0718996381 0.2096920645
-0.2711264394 -4.0719255686 0.2183066158
-0.2703713465 -4.0719507068 0.226122301
-0.2696785293 -4.0719735993 0.2331985407
-0.269163756 -4.0719926843 0.2395977897
-0.2689554007 -4.0720062059 0.2453761672
-0.2691971334 -4.0720121463 0.2505672523
-0.2700659729 -4.0720079012 0.2551477941
-0.2717720606 -4.0719901174 0.2589460892
-0.2743184628 -4.0719581632 0.2616390528
-0.2773195928 -4.0719172077 0.2630007804
-0.2802564251 -4.071875 0.2631620393
-0.2827538078 -4.0718361179 0.261654596
-0.2847785169 -4.0718019855 0.2589973529
-0.2866920767 -4.0717684104 0.2557619193
-0.288627263 -4.071733599 0.2520187538
-0.2906252568 -4.0716969281 0.2477527877
-0.2926823085 -4.0716583694 0.2429185997
-0.2947652336 -4.0716182947 0.2374565764
-0.2968196134 -4.0715773728 0.2313014485
-0.2987712284 -4.0715365576 0.2243871156
-0.3005355999 -4.0714969649 0.2166548019
-0.3020266619 -4.0714597498 0.2080547713
-0.303174855 -4.0714258533 0.1985509855
-0.3039368583 -4.0713958586 0.188119327
-0.304309155 -4.071369789 0.1767446629
-0.3043170459 -4.0713472602 0.1644170019
-0.3040030225 -4.0713276498 0.1511321951
-0.3034086834 -4.0713103654 0.1368955538
-0.3025494433 -4.0712952195 0.1217266655
-0.3014036059 -4.0712825968 0.1056643622
-0.2999135954 -4.0712734435 0.08877089859999999
-0.2980078655 -4.0712689508 0.0711318514
-0.2956278226 -4.0712701639 0.0528557318
-0.292764924 -4.0712774291 0.034064986
-0.2894797321 -4.0712901032 0.0148879789
-0.2858985685 -4.0713065892 -0.0045482383
-0.2821813407 -4.0713248021 -0.0241176906
-0.2784751634 -4.0713428511 -0.0436893265
-0.2748802296 -4.0713595407 -0.06312322670000001
-0.27142155 -4.0713747805 -0.0822700066
-0.2680527542 -4.0713895191 -0.1009770797
-0.2646884579 -4.0714052577 -0.1190983096
-0.2612460646 -4.0714234295 -0.1365028858
-0.2576833673 -4.0714448407 -0.1530834397
-0.2540171174 -4.0714693879 -0.1687633768
-0.2503090036 -4.071496261 -0.1834973396
-0.2466432169 -4.0715242752 -0.1972668354
-0.2431350713 -4.0715517396 -0.2100839737
-0.2398324004 -4.0715779391 -0.2219613799
-0.2368051153 -4.071601801 -0.2329326215
-0.2340153351 -4.0716238442 -0.2430137216
-0.2314898779 -4.0716435981 -0.2522500794
-0.2291423772 -4.0716622822 -0.2606583909
-0.2268545826 -4.0716815761 -0.2682561617
-0.224749134 -4.0716995138 -0.2751484201
-0.2226634298 -4.071718513 -0.2812997741
-0.2204808503 -4.0717402744 -0.2867029559
-0.2182566126 -4.0717638523 -0.2914386819
-0.2160921328 -4.0717875906 -0.2956105918
-0.2140183193 -4.0718109217 -0.2992847969
-0.2120560145 -4.071833437 -0.3025201268
-0.2102180401 -4.0718548562 -0.3053687555
-0.2121561313 -4.2265473572 -0.2858549539
-0.2126402923 -4.2265625 -0.2886737755
-0.2117100072 -4.2265321956 -0.282692744
-0.2113321003 -4.2265175038 -0.2791500906
-0.2110620633 -4.2265039429 -0.2751872087
-0.2109511577 -4.226492387 -0.2707617285
-0.2110659414 -4.2264839933 -0.2658289988
-0.2115602119 -4.2264815386 -0.2603341458
-0.2125054821 -4.226486269 -0.2542306423
-0.2138059445 -4.2264963349 -0.2474966618
-0.2153636209 -4.2265098825 -0.2401271857
-0.2173587238 -4.2265302136 -0.2320803644
-0.2196186692 -4.2265538991 -0.2232717768
-0.2221098726 -4.2265802136 -0.2136571316
-0.2247739305 -4.2266079444 -0.2031840588
-0.2275116738 -4.2266351161 -0.1918015067
-0.2302603598 -4.2266604964 -0.1794856934
-0.2329577072 -4.2266828892 -0.1662256159
-0.2355747045 -4.2267017816 -0.1520370734
-0.2381224011 -4.2267174655 -0.1369593371
-0.2406278461 -4.226730576 -0.1210513504
-0.2431360066 -4.2267421297 -0.1043926183
-0.2456842581 -4.226753036 -0.0870785655
-0.2482833553 -4.2267637284 -0.06921758510000001
-0.2509011567 -4.2267738573 -0.0509278692
-0.2534703696 -4.2267824267 -0.0323363248
-0.2558994052 -4.2267879995 -0.0135769177
-0.2580994945 -4.226789205 0.0052098746
-0.2600116881 -4.2267852436 0.0238788045
-0.2616172943 -4.2267760742 0.0422843002
-0.2629426882 -4.2267624945 0.0602855244
-0.2640433229 -4.2267458244 0.0777532967
-0.2649816132 -4.2267274796 0.0945752879
-0.2658042043 -4.2267085363 0.1106592436
-0.2665283385 -4.2266894719 0.1259340381
-0.2671398189 -4.2266701275 0.1403491002
-0.2676013669 -4.2266498695 0.1538726783
-0.2678683076 -4.2266278902 0.1664890607
-0.2679076665 -4.226603574 0.1781959332
-0.2677093569 -4.2265767113 0.189001975
-0.2672948946 -4.2265476665 0.1989261076
-0.2667154611 -4.2265173402 0.2079976413
-0.2660448341 -4.2264870354 0.2162566532
-0.2653725196 -4.226458332 0.2237523878
-0.2647932175 -4.2264328926 0.2305407213
-0.2644025407 -4.2264123966 0.2366785558
-0.2643060132 -4.2263987222 0.2422165872
-0.2646199632 -4.2263939937 0.2471857121
-0.2654848351 -4.226400889 0.2515707955
-0.2670671381 -4.2264228237 0.2552407004
-0.2693902113 -4.2264608042 0.2579307504
-0.2721790097 -4.2265101512 0.2594066005
-0.2749886611 -4.2265625 0.2596623956
-0.2772868517 -4.2266091225 0.2580968115
-0.2791388707 -4.2266495778 0.2554881986
-0.2809308059 -4.2266900088 0.2523618062
-0.2827771295 -4.2267324602 0.2487692411
-0.2847082683 -4.2267775533 0.244687907
-0.2867184149 -4.2268252793 0.2400711781
-0.2887751915 -4.2268751546 0.2348598496
-0.2908263678 -4.2269263354 0.2289889289
-0.2928004219 -4.2269776164 0.2223927701
-0.2946152554 -4.2270275792 0.2150118452
-0.2961860894 -4.2270747357 0.2067958218
-0.297442067 -4.2271178304 0.1977081306
-0.2983365579 -4.2271560382 0.1877242887
-0.2988610382 -4.2271892292 0.1768300633
-0.299035635 -4.2272178009 0.1650168891
-0.298899493 -4.2272424958 0.1522822194
-0.2984935766 -4.2272640717 0.138632306
-0.2978357583 -4.2272828236 0.1240863571
-0.2969103105 -4.2272983765 0.1086812789
-0.2956672756 -4.2273096639 0.0924756912
-0.2940429664 -4.2273153143 0.07555020160000001
-0.2919839441 -4.227314102 0.0580073381
-0.2894801845 -4.2273055888 0.0399637092
-0.286586419 -4.2272905402 0.0215431388
-0.2834163382 -4.2272708312 0.0028696144
-0.2801145107 -4.2272489185 -0.0159328748
-0.2768143158 -4.227227038 -0.0347357686
-0.2736054038 -4.2272065863 -0.0534029554
-0.2705076482 -4.2271876303 -0.0717906784
-0.2674778849 -4.2271690446 -0.089753781
-0.2644350631 -4.2271490081 -0.1071534422
-0.2613044114 -4.2271258474 -0.1238659951
-0.2580495284 -4.2270986597 -0.1397898343
-0.2546896297 -4.2270676509 -0.1548522418
-0.2512857477 -4.2270338772 -0.1690098074
-0.2479190239 -4.226998827 -0.1822443048
-0.2446994377 -4.2269645931 -0.1945660938
-0.2416714379 -4.2269320361 -0.2059863765
-0.2389005775 -4.2269024563 -0.2165360643
-0.2363486497 -4.2268751671 -0.226230412
-0.2340410781 -4.2268507391 -0.2351124167
-0.2318933411 -4.2268276162 -0.2431985292
-0.2297913401 -4.226803689 -0.2505068289
-0.2278546741 -4.2267814221 -0.2571367594
-0.2259262601 -4.226757788 -0.2630555507
-0.2238942531 -4.2267306684 -0.2682574007
-0.2218136471 -4.2267012643 -0.2728195995
-0.2197831659 -4.226671645 -0.2768405016
-0.2178334636 -4.2266425226 -0.2803832307
-0.2159854023 -4.2266144105 -0.2835040221
-0.2142520279 -4.2265876611 -0.2862528002
-0.2147167992 -4.3812574435 -0.2688538078
-0.2154406181 -4.38125 -0.2715330175
-0.214019819 -4.3812649397 -0.2658442545
-0.2133834868 -4.3812722648 -0.2624676449
-0.2128526958 -4.3812791147 -0.2586842657
-0.2124859742 -4.3812850859 -0.2544514537
-0.2123590053 -4.3812896491 -0.2497238008
-0.2126520128 -4.3812915084 -0.2444399397
-0.213457021 -4.3812900142 -0.2385522725
-0.214650823 -4.381286091 -0.232052391
-0.2160889447 -4.3812808064 -0.224953642
-0.21798762 -4.3812725818 -0.2172120318
-0.2201482925 -4.3812629652 -0.2087385167
-0.2225096422 -4.3812524499 -0.1994858369
-0.2250258231 -4.3812414142 -0.1894053798
-0.2275800037 -4.3812307699 -0.1784432203
-0.2301235722 -4.3812208937 -0.1665805526
-0.2325988737 -4.38121222 -0.1538082941
-0.2349950488 -4.3812048167 -0.1401452908
-0.2373350006 -4.3811984823 -0.125630785
-0.2396518762 -4.3811929259 -0.1103219992
-0.2419876962 -4.3811877778 -0.094294487
-0.2443670014 -4.3811827848 -0.0776378705
-0.2467755429 -4.3811779792 -0.0604527711
-0.2491620508 -4.3811736573 -0.0428501602
-0.251445419 -4.3811703318 -0.0249506987
-0.2535372818 -4.3811685606 -0.0068847586
-0.2553671565 -4.3811687626 0.0112087984
-0.2569042991 -4.3811710563 0.0291862423
-0.2581592067 -4.3811752538 0.046904934
-0.2591800985 -4.3811808911 0.0642289521
-0.260028714 -4.3811874151 0.0810351465
-0.2607604638 -4.3811943315 0.097217123
-0.2614060797 -4.381201345 0.1126876293
-0.2619652372 -4.381208407 0.1273792742
-0.2624129195 -4.3812156673 0.1412437205
-0.2627088876 -4.381223402 0.1542500024
-0.2628169963 -4.3812318676 0.16638216
-0.262717428 -4.3812412095 0.1776372162
-0.2624153565 -4.3812513955 0.1880239866
-0.261943729 -4.3812621955 0.1975621943
-0.2613593805 -4.3812732075 0.2062822616
-0.2607325759 -4.3812839416 0.2142243128
-0.2601452256 -4.3812938219 0.2214362867
-0.2596782676 -4.3813022881 0.2279701305
-0.2594106654 -4.3813087902 0.2338776109
-0.2594265415 -4.3813127372 0.2392038468
-0.2598171537 -4.3813134709 0.2439766197
-0.2606898525 -4.3813101862 0.2481873383
-0.2621697716 -4.3813018794 0.2517411378
-0.2642984748 -4.381288079 0.2544265185
-0.2669026418 -4.3812698903 0.2560031862
-0.2696078867 -4.38125 0.256340549
-0.2717380733 -4.381232893 0.2547133003
-0.2734425811 -4.3812182321 0.2521395491
-0.2751319055 -4.3812033342 0.2491071996
-0.2769035259 -4.3811874968 0.2456475259
-0.2787791072 -4.3811705362 0.2417310319
-0.2807509014 -4.3811524733 0.2373094567
-0.282787033 -4.3811334998 0.2323233448
-0.284837479 -4.3811139391 0.2267082291
-0.2868332332 -4.3810942549 0.2203987527
-0.2886941608 -4.3810749979 0.2133345811
-0.2903365479 -4.3810567527 0.2054647808
-0.2916882622 -4.3810400281 0.1967522397
-0.2926996055 -4.3810251752 0.1871720663
-0.2933575247 -4.3810122812 0.1767107835
-0.2936775072 -4.381001225 0.1653610549
-0.2936957621 -4.3809917362 0.1531217631
-0.2934527843 -4.3809835188 0.1400000368
-0.2929687275 -4.3809764371 0.1260148173
-0.2922333493 -4.3809705936 0.1112014036
-0.2912032761 -4.3809663553 0.0956153341
-0.2898221546 -4.3809641985 0.0793328861
-0.2880408905 -4.3809645635 0.0624512946
-0.2858491964 -4.3809676119 0.0450820053
-0.2832959288 -4.3809730714 0.0273445833
-0.2804840363 -4.3809802679 0.0093600847
-0.2775445516 -4.3809883189 -0.0087495417
-0.2745986628 -4.3809964183 -0.0268581989
-0.2717265296 -4.3810040707 -0.044833354
-0.2689437933 -4.3810112656 -0.06253644179999999
-0.2662083126 -4.3810184228 -0.0798286064
-0.2634443905 -4.3810262071 -0.0965777315
-0.260583702 -4.3810352168 -0.1126662972
-0.2575952159 -4.3810457569 -0.1279977531
-0.254500668 -4.3810577181 -0.142502828
-0.2513608494 -4.3810706795 -0.156139904
-0.2482544702 -4.3810840687 -0.1688910883
-0.2452869732 -4.3810970934 -0.1807653138
-0.2424996773 -4.3811094385 -0.191772553
-0.239954217 -4.3811206232 -0.2019414211
-0.237611583 -4.3811309271 -0.211286383
-0.2354958967 -4.3811401393 -0.2198482872
-0.2335237954 -4.3811488684 -0.2276432601
-0.2315840633 -4.3811579287 -0.2346896676
-0.2297944454 -4.381166371 -0.2410820902
-0.2280019634 -4.381175358 -0.2467900356
-0.2260984334 -4.3811856987 -0.251808954
-0.2241390611 -4.3811969253 -0.2562131266
-0.2222208604 -4.3812082436 -0.2600962602
-0.2203745181 -4.3812193788 -0.2635188336
-0.2186211082 -4.3812301326 -0.2665347783
-0.2169740152 -4.3812403688 -0.2691920157
-0.2195555182 -4.535938257 -0.2534997636
-0.2204882366 -4.5359375 -0.2560259756
-0.2186395907 -4.535939022 -0.2506578514
-0.2177773179 -4.5359397734 -0.2474640331
-0.2170180239 -4.5359404814 -0.2438788408
-0.2164263981 -4.5359411066 -0.2398595001
-0.2160857778 -4.5359415975 -0.2353600545
-0.216199056 -4.5359418274 -0.2303130287
-0.2168761482 -4.5359417268 -0.2246697891
-0.217969879 -4.5359413914 -0.2184348769
-0.2192954705 -4.5359409391 -0.2116394295
-0.2210995248 -4.5359402127 -0.2042370248
-0.2231618652 -4.5359393608 -0.196135608
-0.2253954974 -4.5359384424 -0.1872859504
-0.2277673115 -4.5359374821 -0.1776431457
-0.2301449993 -4.5359365689 -0.1671513318
-0.232494337 -4.535935726 -0.1557965815
-0.2347596353 -4.53593499 -0.1435701786
-0.2369495625 -4.535934354 -0.1304946176
-0.2390966905 -4.5359337945 -0.1166081224
-0.2412391885 -4.5359332836 -0.1019657635
-0.2434175313 -4.5359327905 -0.0866391873
-0.2456399562 -4.5359323049 -0.0707117562
-0.2478737941 -4.5359318425 -0.0542772684
-0.2500477001 -4.5359314431 -0.0374393075
-0.2520699666 -4.5359311595 -0.020312321
-0.2538550175 -4.5359310396 -0.0030223441
-0.2553500188 -4.5359311096 0.0142946605
-0.2565501878 -4.5359313642 0.0314979477
-0.2574925912 -4.5359317709 0.048449245
-0.2582444223 -4.5359322786 0.06501851660000001
-0.2588730248 -4.5359328363 0.08108919840000001
-0.2594266113 -4.5359334068 0.0965609638
-0.259920673 -4.5359339751 0.1113514777
-0.2603388127 -4.5359345479 0.1253969159
-0.260646286 -4.5359351449 0.1386511067
-0.2608009802 -4.5359357922 0.151084042
-0.2607736823 -4.5359365066 0.162679742
-0.2605577848 -4.5359372933 0.1734349854
-0.2601724807 -4.5359381401 0.1833588423
-0.2596614041 -4.5359390198 0.1924719106
-0.2590834382 -4.5359398962 0.2008053492
-0.2585093456 -4.5359407253 0.2083991807
-0.2580096692 -4.5359414651 0.2152992064
-0.2576539084 -4.5359420725 0.2215534532
-0.2575050751 -4.5359425094 0.2272081291
-0.2576268193 -4.5359427369 0.2323023338
-0.2580863725 -4.5359427128 0.2368604516
-0.2589590747 -4.5359423882 0.2408796135
-0.2603310643 -4.5359417031 0.244298241
-0.2622587445 -4.5359406114 0.2469561288
-0.2646639802 -4.5359391495 0.2486117196
-0.2672428691 -4.5359375 0.2490207875
-0.2691948109 -4.5359361322 0.2473464051
-0.27074163 -4.5359349765 0.2448228027
-0.2723145648 -4.5359337795 0.2418975291
-0.2739949026 -4.5359324894 0.2385829053
-0.2757970961 -4.5359310948 0.2348443584
-0.2777108709 -4.5359295992 0.2306324911
-0.2797049295 -4.5359280195 0.2258884267
-0.2817313344 -4.5359263828 0.2205485547
-0.2837237443 -4.5359247287 0.2145483376
-0.2856043701 -4.5359231037 0.2078272081
-0.2872911269 -4.5359215584 0.2003341163
-0.2887109424 -4.5359201373 0.1920315307
-0.2898118206 -4.5359188733 0.1828944081
-0.2905765846 -4.5359177767 0.1729099955
-0.2910161976 -4.53591684 0.1620719549
-0.2911638116 -4.5359160412 0.1503804406
-0.2910593267 -4.5359153555 0.1378433223
-0.2907248708 -4.5359147693 0.1244791876
-0.2901546234 -4.5359142886 0.1103217844
-0.289314157 -4.5359139387 0.09542330139999999
-0.2881521587 -4.5359137574 0.07985583240000001
-0.2866245691 -4.5359137787 0.06371106560000001
-0.2847210367 -4.5359140159 0.0470948651
-0.2824845935 -4.5359144477 0.0301218947
-0.2800074378 -4.5359150214 0.0129094317
-0.2774071784 -4.5359156679 -0.004423606
-0.2747928545 -4.5359163236 -0.0217545378
-0.2722354587 -4.5359169502 -0.0389552876
-0.2697468357 -4.5359175479 -0.0558931687
-0.2672864451 -4.5359181509 -0.0724361332
-0.26478432 -4.5359188125 -0.0884590903
-0.2621787268 -4.5359195791 -0.1038509017
-0.2594438996 -4.535920473 -0.1185202667
-0.2566037172 -4.5359214826 -0.1324015366
-0.253718218 -4.5359225715 -0.1454550422
-0.2508631984 -4.5359236914 -0.1576633641
-0.2481390432 -4.5359247767 -0.1690341391
-0.2455838946 -4.5359258021 -0.1795762033
-0.2432553027 -4.5359267287 -0.1893159373
-0.2411139375 -4.5359275809 -0.1982670132
-0.2391826527 -4.5359283421 -0.2064680729
-0.2373797692 -4.5359290639 -0.2139347912
-0.2355979433 -4.5359298151 -0.220685663
-0.2339518836 -4.5359305157 -0.2268100744
-0.2322938155 -4.5359312634 -0.2322798523
-0.2305199973 -4.5359321259 -0.2370916224
-0.228685195 -4.535933063 -0.2413162999
-0.2268837381 -4.5359340085 -0.2450426112
-0.2251459239 -4.5359349391 -0.2483281304
-0.2234927215 -4.5359358383 -0.2512242531
-0.2219376157 -4.5359366943 -0.2537766869
-0.2216671012 -4.6906158812 -0.2374644867
-0.2227629301 -4.690625 -0.2398629657
-0.2205802151 -4.6906066463 -0.2347621642
-0.2195415199 -4.6905975501 -0.2317200763
-0.2186037977 -4.6905889404 -0.228298783
-0.2178365476 -4.6905812807 -0.2244551946
-0.2173296529 -4.6905751753 -0.2201424995
-0.2173018833 -4.6905721196 -0.2152879227
-0.2178791903 -4.6905729698 -0.2098410958
-0.2188953396 -4.6905765661 -0.2038178605
-0.2201325989 -4.690581405 -0.1972647791
-0.2218624933 -4.6905893668 -0.1901326329
-0.2238475941 -4.6905987266 -0.1823274672
-0.22598016 -4.6906086971 -0.1737989211
-0.2282376803 -4.6906190953 -0.1645049412
-0.2304755195 -4.6906288704 -0.154388457
-0.2326709153 -4.6906378564 -0.1434390595
-0.2347708745 -4.6906456759 -0.1316490409
-0.2367987954 -4.690652508 -0.119042802
-0.2387951966 -4.6906586595 -0.1056577691
-0.240802438 -4.6906644598 -0.0915472076
-0.2428577475 -4.6906702108 -0.0767793827
-0.2449587797 -4.6906759426 -0.0614332651
-0.2470555857 -4.6906813561 -0.0455972004
-0.2490614859 -4.6906858994 -0.0293693537
-0.250876202 -4.6906889322 -0.0128594635
-0.2524168549 -4.6906899439 0.003809827
-0.2536448961 -4.6906887422 0.0205050221
-0.2545766942 -4.6906855235 0.0370881129
-0.2552707166 -4.690680778 0.053424741
-0.2558092858 -4.6906751582 0.06938994060000001
-0.2562637911 -4.6906692317 0.0848725444
-0.2566767336 -4.6906633536 0.0997769763
-0.2570507759 -4.6906575889 0.1140246032
-0.2573565427 -4.6906517673 0.1275541665
-0.2575514647 -4.6906456155 0.1403210774
-0.2575918471 -4.6906388438 0.1522959008
-0.2574546509 -4.6906312995 0.1634627478
-0.2571436485 -4.690623011 0.1738184161
-0.256689809 -4.6906141904 0.1833723617
-0.2561442808 -4.6906051849 0.1921459944
-0.2555699367 -4.6905964178 0.2001712458
-0.2550343047 -4.6905883403 0.2074879245
-0.2546030373 -4.6905813882 0.214140187
-0.2543332569 -4.6905759369 0.220172535
-0.2542751177 -4.6905723145 0.2256265164
-0.2544768585 -4.6905708402 0.2305363444
-0.2549854884 -4.6905718319 0.2349233589
-0.2558497129 -4.6905756313 0.2387887893
-0.2571219555 -4.690582627 0.2420989387
-0.2588703097 -4.6905933666 0.2447369406
-0.2610956389 -4.6906079981 0.2464620226
-0.2635532188 -4.690625 0.2469356831
-0.2653426824 -4.6906385921 0.2452230262
-0.2667450387 -4.6906499167 0.2427390645
-0.2682088517 -4.6906618838 0.2398980138
-0.2698025959 -4.6906749763 0.2366975145
-0.2715343317 -4.6906892735 0.2330992943
-0.273391505 -4.6907047165 0.2290533799
-0.2753430673 -4.6907211213 0.2245015263
-0.2773427392 -4.6907381995 0.2193809157
-0.2793263275 -4.6907555374 0.2136277137
-0.2812179825 -4.6907726373 0.2071811427
-0.2829373826 -4.6907889646 0.1999902631
-0.2844092353 -4.6908040126 0.1920162057
-0.2855810901 -4.690817427 0.1832345439
-0.2864311046 -4.6908290617 0.1736324836
-0.2869664372 -4.6908389702 0.16320453
-0.2872184826 -4.6908473727 0.1519518653
-0.2872253913 -4.6908545324 0.1398828647
-0.2870113354 -4.6908606086 0.1270159169
-0.2865748667 -4.6908655717 0.1133835428
-0.2858878152 -4.6908691946 0.09903546000000001
-0.2849046327 -4.6908711164 0.08404030730000001
-0.2835851933 -4.6908710036 0.0684853617
-0.2819189136 -4.690868722 0.0524719938
-0.2799436012 -4.6908644722 0.0361109138
-0.2777420414 -4.6908587691 0.019516366
-0.2754200997 -4.6908522884 0.002804875
-0.273076547 -4.690845654 -0.0139035979
-0.2707747702 -4.6908392382 -0.0304845458
-0.2685238268 -4.6908330293 -0.0468100316
-0.2662850299 -4.6908266807 -0.06275351179999999
-0.2639937998 -4.690819668 -0.0781955746
-0.2615941538 -4.6908115351 -0.0930301894
-0.2590648039 -4.6908020809 -0.1071702392
-0.2564311981 -4.6907914473 -0.1205529106
-0.2537524148 -4.6907800272 -0.1331400082
-0.2511014899 -4.6907683243 -0.1449144038
-0.2485742553 -4.690757016 -0.1558825713
-0.2462063489 -4.6907463577 -0.1660524505
-0.244051876 -4.6907367444 -0.1754485877
-0.2420722881 -4.6907279127 -0.1840843128
-0.2402883921 -4.6907200306 -0.1919962615
-0.2386215577 -4.6907125545 -0.1992001774
-0.2369685738 -4.6907047698 -0.2057149004
-0.2354401995 -4.6906975052 -0.2116254724
-0.2338942254 -4.6906897454 -0.2169055508
-0.2322315518 -4.6906807921 -0.2215526929
-0.2305058929 -4.6906710631 -0.2256350104
-0.2288082073 -4.6906612479 -0.2292371743
-0.2271679952 -4.6906515864 -0.2324143817
-0.2256057853 -4.6906422521 -0.2352159633
-0.2241348813 -4.6906333644 -0.2376858301
-0.2226698438 -4.8453021233 -0.2348213494
-0.2237610114 -4.8453125 -0.2371576686
-0.2215851353 -4.8452916137 -0.23218803
-0.2205450461 -4.8452812612 -0.2292223309
-0.2196009618 -4.8452714612 -0.2258853404
-0.2188206097 -4.8452627405 -0.2221344629
-0.2182916494 -4.8452557867 -0.2179233236
-0.2182277552 -4.8452523004 -0.2131792609
-0.2187518869 -4.8452532551 -0.2078521794
-0.2197013618 -4.8452573318 -0.2019587626
-0.2208632672 -4.8452628201 -0.1955460917
-0.2225030939 -4.8452718583 -0.1885641805
-0.2243876872 -4.8452824846 -0.1809228046
-0.2264112149 -4.845293804 -0.1725734835
-0.2285513276 -4.8453056082 -0.1634752657
-0.2306660236 -4.8453167024 -0.153573351
-0.2327330761 -4.8453268989 -0.142857756
-0.2347005993 -4.8453357691 -0.1313213254
-0.2365917819 -4.8453435174 -0.1189877722
-0.2384466446 -4.8453504934 -0.1058934103
-0.2403070774 -4.8453570718 -0.0920900068
-0.2422100559 -4.8453635962 -0.07764401780000001
-0.2441538443 -4.8453701009 -0.0626326242
-0.2460899975 -4.8453762439 -0.0471424778
-0.2479344292 -4.8453813985 -0.0312701122
-0.24958971 -4.845384836 -0.0151234551
-0.2509756237 -4.8453859761 0.0011770604
-0.2520554811 -4.8453846006 0.0175006937
-0.2528464124 -4.8453809337 0.0337126728
-0.2534067265 -4.8453755337 0.0496820939
-0.2538179712 -4.845369143 0.065287411
-0.25415084 -4.8453624067 0.0804204971
-0.2544476009 -4.8453557286 0.09498826320000001
-0.2547113615 -4.845349182 0.1089138972
-0.254913741 -4.8453425725 0.1221373359
-0.2550133761 -4.8453355896 0.1346147092
-0.2549677178 -4.8453279036 0.1463169456
-0.2547543594 -4.8453193413 0.1572283574
-0.2543770705 -4.8453099354 0.1673458473
-0.2538661327 -4.8452999275 0.1766788937
-0.2532714422 -4.8452897119 0.185248803
-0.252654269 -4.8452797696 0.1930872518
-0.2520803495 -4.8452706132 0.2002336438
-0.2516135013 -4.845262737 0.2067316029
-0.2513091828 -4.8452565667 0.212625016
-0.2512161223 -4.8452524751 0.2179548148
-0.2513812008 -4.8452508241 0.2227547316
-0.2518501189 -4.845251974 0.227045918
-0.2526705642 -4.8452563137 0.2308298292
-0.253894036 -4.8452642845 0.2340738068
-0.255588011 -4.8452765088 0.2366639261
-0.2577551387 -4.8452931556 0.2383645859
-0.2601589464 -4.8453125 0.2388433564
-0.2619254133 -4.845327974 0.2371808533
-0.263318262 -4.8453408671 0.2347624846
-0.2647731523 -4.8453544847 0.2319963241
-0.2663571335 -4.8453693761 0.2288802402
-0.2680784041 -4.8453856316 0.225376668
-0.2699251074 -4.8454031851 0.2214365838
-0.2718674301 -4.8454218286 0.2170027835
-0.273860541 -4.8454412343 0.2120134943
-0.2758420971 -4.8454609321 0.2064058464
-0.2777384171 -4.8454803573 0.200119857
-0.2794713674 -4.8454989028 0.193105155
-0.280967595 -4.8455159932 0.1853232747
-0.2821760737 -4.8455312266 0.1767499725
-0.2830755161 -4.8455444371 0.1673725998
-0.2836731247 -4.8455556866 0.1571858794
-0.2839996574 -4.8455652258 0.1461912015
-0.2840923009 -4.8455733531 0.1343970211
-0.2839746277 -4.84558025 0.1218214898
-0.2836449104 -4.8455858824 0.1084963802
-0.2830751741 -4.8455899916 0.09447008
-0.2822203168 -4.8455921671 0.0798093548
-0.2810404552 -4.84559203 0.064599213
-0.279524572 -4.8455894284 0.0489386532
-0.2777089764 -4.8455845912 0.0329361318
-0.2756739609 -4.8455781043 0.0167038676
-0.2735223659 -4.8455707366 0.0003564634
-0.2713500156 -4.8455631975 -0.015988173
-0.2692179965 -4.8455559099 -0.0322079305
-0.2671341502 -4.8455488597 -0.0481777151
-0.265059654 -4.8455416525 -0.0637741287
-0.2629301685 -4.84553369 -0.07888088779999999
-0.2606902827 -4.8455244548 -0.09339477910000001
-0.2583184702 -4.8455137179 -0.1072308002
-0.2558392304 -4.845501641 -0.1203273949
-0.2533101735 -4.8454886714 -0.1326468368
-0.2508026759 -4.8454753815 -0.1441718905
-0.2484106178 -4.8454625421 -0.1549082456
-0.2461688362 -4.8454504425 -0.1648634032
-0.2441304299 -4.8454395316 -0.1740609861
-0.2422575868 -4.8454295085 -0.1825142404
-0.2405708793 -4.8454205638 -0.1902588073
-0.2389933534 -4.8454120784 -0.1973105923
-0.2374238295 -4.8454032375 -0.2036886436
-0.2359716508 -4.845394986 -0.2094753213
-0.2344971878 -4.8453861676 -0.2146459247
-0.2329032086 -4.8453759866 -0.2191987804
-0.2312429976 -4.8453649199 -0.2232001228
-0.2296063769 -4.8453537526 -0.2267320253
-0.2280227487 -4.8453427587 -0.2298482391
-0.2265126432 -4.8453321359 -0.2325968328
-0.2250894603 -4.8453220204 -0.2350206277
-0.227817218 -5.0000016469 -0.1810444279
-0.2286523318 -5 -0.1828127952
-0.2269858552 -5.0000033148 -0.1790506268
-0.2261869995 -5.0000049576 -0.1768043744
-0.2254594072 -5.0000065124 -0.1742759149
-0.2248541929 -5.0000078957 -0.1714326251
-0.2244375493 -5.0000089981 -0.1682389266
-0.2243709664 -5.0000095497 -0.1646387549
-0.2247473429 -5.0000093957 -0.1605935464
-0.2254435948 -5.0000087456 -0.1561166342
-0.2262987584 -5.0000078709 -0.1512446253
-0.227513664 -5.0000064322 -0.1459384165
-0.228911548 -5.0000047406 -0.1401306336
-0.2304115979 -5.0000029391 -0.1337848829
-0.2319971184 -5.0000010602 -0.1268702578
-0.2335604479 -4.9999992934 -0.1193458461
-0.2350841975 -4.9999976695 -0.1112040767
-0.2365291834 -4.9999962563 -0.1024397448
-0.2379130102 -4.9999950215 -0.09307075569999999
-0.2392659891 -4.9999939096 -0.0831244535
-0.2406201669 -4.9999928611 -0.0726399573
-0.2420035512 -4.9999918218 -0.061667506
-0.2434149812 -4.9999907865 -0.050265678
-0.2448192421 -4.9999898077 -0.0385005841
-0.2461520821 -4.9999889865 -0.0264457569
-0.2473404698 -4.9999884382 -0.0141835756
-0.2483241306 -4.9999882551 -0.0018057946
-0.2490757537 -4.9999884718 0.0105882089
-0.2496087613 -4.999989053 0.0228962407
-0.2499677492 -4.9999899101 0.0350192125
-0.2502149718 -4.9999909252 0.0468652278
-0.2504044435 -4.9999919958 0.0583525187
-0.2505684845 -4.9999930579 0.06941060659999999
-0.2507098634 -4.9999940996 0.0799811939
-0.2508074914 -4.9999951515 0.09001856499999999
-0.2508301439 -4.9999962632 0.0994892436
-0.2507457002 -4.9999974869 0.1083709765
-0.2505372857 -4.9999988503 0.1166517603
-0.2502076693 -5.0000003482 0.1243292715
-0.2497796944 -5.0000019424 0.1314107907
-0.2492911638 -5.00000357 0.1379126937
-0.2487883719 -5.0000051546 0.1438592611
-0.2483209349 -5.0000066148 0.1492806515
-0.2479372243 -5.0000078716 0.154210247
-0.2476793093 -5.0000088571 0.1586815928
-0.2475836329 -5.0000095125 0.1627259922
-0.247685603 -5.0000097802 0.1663693349
-0.2480205802 -5.0000096017 0.1696277684
-0.2486240565 -5.0000089161 0.1725028201
-0.2495354089 -5.0000076529 0.17496996
-0.2508062237 -5.0000057134 0.1769432075
-0.2524394275 -5.0000030708 0.1782440512
-0.2542567002 -5 0.1786190764
-0.2555993219 -4.9999975454 0.1773662053
-0.2566623341 -4.9999955004 0.1755374789
-0.2577744562 -4.999993339 0.1734443877
-0.2589863045 -4.9999909743 0.1710857977
-0.2603045903 -4.9999883915 0.1684336382
-0.2617204737 -4.9999856011 0.1654506286
-0.2632107873 -4.9999826376 0.1620932196
-0.2647421513 -4.9999795525 0.1583144108
-0.2662680295 -4.9999764198 0.1540661892
-0.267732342 -4.9999733301 0.1493029569
-0.2690758754 -4.9999703803 0.1439862614
-0.2702434319 -4.9999676614 0.1380861784
-0.2711960668 -4.9999652379 0.1315842505
-0.2719183813 -4.9999631351 0.1244709078
-0.2724150027 -4.9999613445 0.1167419756
-0.2727091451 -4.9999598266 0.1083986514
-0.2728297314 -4.9999585324 0.0994475789
-0.2727938838 -4.9999574343 0.0899025707
-0.2726003851 -4.9999565374 0.07978774030000001
-0.272227889 -4.9999558826 0.06913971739999999
-0.2716420126 -4.9999555351 0.0580089293
-0.2708121845 -4.9999555551 0.0464597727
-0.2697295332 -4.999955967 0.0345672926
-0.2684209827 -4.9999567345 0.022413973
-0.2669468785 -4.9999577647 0.0100853355
-0.2653845932 -4.9999589353 -0.0023311883
-0.2638061684 -4.999960134 -0.0147456731
-0.2622574462 -4.9999612932 -0.0270651725
-0.2607439596 -4.999962415 -0.039194717
-0.259235316 -4.999963563 -0.0510407612
-0.2576839606 -4.9999648294 -0.06251554769999999
-0.2560458758 -4.9999662991 -0.07354077539999999
-0.2543050305 -4.9999680074 -0.0840521231
-0.2524796996 -4.9999699287 -0.0940027465
-0.2506132027 -4.9999719923 -0.1033637514
-0.2487596993 -4.9999741068 -0.112121755
-0.24699007 -4.9999761503 -0.1202805963
-0.2453310069 -4.9999780763 -0.1278458584
-0.2438228003 -4.9999798135 -0.1348352133
-0.2424369452 -4.9999814097 -0.1412589058
-0.2411894213 -4.999982834 -0.147143956
-0.2400219431 -4.9999841851 -0.1525027603
-0.2388582627 -4.9999855917 -0.157350304
-0.237781255 -4.9999869043 -0.1617485955
-0.2366852745 -4.9999883062 -0.1656794496
-0.235497058 -4.9999899231 -0.1691420867
-0.2342564494 -4.9999916808 -0.1721862377
-0.2330322562 -4.9999934535 -0.1748740991
-0.2318466569 -4.9999951985 -0.177246236
-0.2307153282 -4.9999968843 -0.1793390379
-0.2296485422 -4.9999984894 -0.1811849446
$EndNodes
$Elements
1 13312 1 13312
2 0 2 13312
1 1 3 2 
2 3 4 2 
3 2 4 5 
4 4 6 5 
5 5 6 7 
6 6 8 7 
7 7 8 9 
8 8 10 9 
9 9 10 11 
10 10 12 11 
11 11 12 13 
12 12 14 13 
13 13 14 15 
14 14 16 15 
15 15 16 17 
16 16 18 17 
17 17 18 19 
18 18 20 19 
19 19 20 21 
20 20 22 21 
21 21 22 23 
22 22 24 23 
23 23 24 25 
24 24 26 25 
25 25 26 27 
26 26 28 27 
27 27 28 29 
28 28 30 29 
29 29 30 31 
30 30 32 31 
31 31 32 33 
32 32 34 33 
33 33 34 35 
34 34 36 35 
35 35 36 37 
36 36 38 37 
37 37 38 39 
38 38 40 39 
39 39 40 41 
40 40 42 41 
41 41 42 43 
42 42 44 43 
43 43 44 45 
44 44 46 45 
45 45 46 47 
46 46 48 47 
47 47 48 49 
48 48 50 49 
49 49 50 51 
50 50 52 51 
51 51 52 53 
52 52 54 53 
53 53 54 55 
54 53 55 56 
55 56 55 57 
56 56 57 58 
57 58 57 59 
58 58 59 60 
59 60 59 61 
60 60 61 62 
61 62 61 63 
62 62 63 64 
63 64 63 65 
64 64 65 66 
65 66 65 67 
66 66 67 68 
67 68 67 69 
68 68 69 70 
69 70 69 71 
70 70 71 72 
71 72 71 73 
72 72 73 74 
73 74 73 75 
74 74 75 76 
75 76 75 77 
76 76 77 78 
77 78 77 79 
78 78 79 80 
79 80 79 81 
80 80 81 82 
81 82 81 83 
82 82 83 84 
83 84 83 85 
84 84 85 86 
85 86 85 87 
86 86 87 88 
87 88 87 89 
88 88 89 90 
89 90 89 91 
90 90 91 92 
91 92 91 93 
92 92 93 94 
93 94 93 95 
94 94 95 96 
95 96 95 97 
96 96 97 98 
97 98 97 99 
98 98 99 100 
99 100 99 101 
100 100 101 102 
101 102 101 103 
102 102 103 104 
103 104 103 105 
104 104 105 106 
105 106 105 107 
106 105 108 107 
107 107 108 109 
108 108 110 109 
109 109 110 111 
110 110 112 111 
111 111 112 113 
112 112 114 113 
113 113 114 115 
114 114 116 115 
115 115 116 117 
116 116 118 117 
117 117 118 119 
118 118 120 119 
119 119 120 121 
120 120 122 121 
121 121 122 123 
122 122 124 123 
123 123 124 125 
124 124 126 125 
125 125 126 127 
126 126 128 127 
127 127 128 129 
128 128 130 129 
129 129 130 131 
130 130 132 131 
131 131 132 133 
132 132 134 133 
133 133 134 135 
134 134 136 135 
135 135 136 137 
136 136 138 137 
137 137 138 139 
138 138 140 139 
139 139 140 141 
140 140 142 141 
141 141 142 143 
142 142 144 143 
143 143 144 145 
144 144 146 145 
145 145 146 147 
146 146 148 147 
147 147 148 149 
148 148 150 149 
149 149 150 151 
150 150 152 151 
151 151 152 153 
152 152 154 153 
153 153 154 155 
154 154 156 155 
155 155 156 157 
156 156 158 157 
157 157 158 159 
158 157 159 160 
159 160 159 161 
160 160 161 162 
161 162 161 163 
162 162 163 164 
163 164 163 165 
164 164 165 166 
165 166 165 167 
166 166 167 168 
167 168 167 169 
168 168 169 170 
169 170 169 171 
170 170 171 172 
171 172 171 173 
172 172 173 174 
173 174 173 175 
174 174 175 176 
175 176 175 177 
176 176 177 178 
177 178 177 179 
178 178 179 180 
179 180 179 181 
180 180 181 182 
181 182 181 183 
182 182 183 184 
183 184 183 185 
184 184 185 186 
185 186 185 187 
186 186 187 188 
187 188 187 189 
188 188 189 190 
189 190 189 191 
190 190 191 192 
191 192 191 193 
192 192 193 194 
193 194 193 195 
194 194 195 196 
195 196 195 197 
196 196 197 198 
197 198 197 199 
198 198 199 200 
199 200 199 201 
200 200 201 202 
201 202 201 203 
202 202 203 204 
203 204 203 205 
204 204 205 206 
205 206 205 207 
206 206 207 208 
207 208 207 3 
208 208 3 1 
209 3 209 4 
210 209 210 4 
211 4 210 6 
212 210 211 6 
213 6 211 8 
214 211 212 8 
215 8 212 10 
216 212 213 10 
217 10 213 12 
218 213 214 12 
219 12 214 14 
220 214 215 14 
221 14 215 16 
222 215 216 16 
223 16 216 18 
224 216 217 18 
225 18 217 20 
226 217 218 20 
227 20 218 22 
228 218 219 22 
229 22 219 24 
230 219 220 24 
231 24 220 26 
232 220 221 26 
233 26 221 28 
234 221 222 28 
235 28 222 30 
236 222 223 30 
237 30 223 32 
238 223 224 32 
239 32 224 34 
240 224 225 34 
241 34 225 36 
242 225 226 36 
243 36 226 38 
244 226 227 38 
245 38 227 40 
246 227 228 40 
247 40 228 42 
248 228 229 42 
249 42 229 44 
250 229 230 44 
251 44 230 46 
252 230 231 46 
253 46 231 48 
254 231 232 48 
255 48 232 50 
256 232 233 50 
257 50 233 52 
258 233 234 52 
259 52 234 54 
260 234 235 54 
261 54 235 236 
262 54 236 55 
263 55 236 237 
264 55 237 57 
265 57 237 238 
266 57 238 59 
267 59 238 239 
268 59 239 61 
269 61 239 240 
270 61 240 63 
271 63 240 241 
272 63 241 65 
273 65 241 242 
274 65 242 67 
275 67 242 243 
276 67 243 69 
277 69 243 244 
278 69 244 71 
279 71 244 245 
280 71 245 73 
281 73 245 246 
282 73 246 75 
283 75 246 247 
284 75 247 77 
285 77 247 248 
286 77 248 79 
287 79 248 249 
288 79 249 81 
289 81 249 250 
290 81 250 83 
291 83 250 251 
292 83 251 85 
293 85 251 252 
294 85 252 87 
295 87 252 253 
296 87 253 89 
297 89 253 254 
298 89 254 91 
299 91 254 255 
300 91 255 93 
301 93 255 256 
302 93 256 95 
303 95 256 257 
304 95 257 97 
305 97 257 258 
306 97 258 99 
307 99 258 259 
308 99 259 101 
309 101 259 260 
310 101 260 103 
311 103 260 261 
312 103 261 105 
313 105 261 108 
314 261 262 108 
315 108 262 110 
316 262 263 110 
317 110 263 112 
318 263 264 112 
319 112 264 114 
320 264 265 114 
321 114 265 116 
322 265 266 116 
323 116 266 118 
324 266 267 118 
325 118 267 120 
326 267 268 120 
327 120 268 122 
328 268 269 122 
329 122 269 124 
330 269 270 124 
331 124 270 126 
332 270 271 126 
333 126 271 128 
334 271 272 128 
335 128 272 130 
336 272 273 130 
337 130 273 132 
338 273 274 132 
339 132 274 134 
340 274 275 134 
341 134 275 136 
342 275 276 136 
343 136 276 138 
344 276 277 138 
345 138 277 140 
346 277 278 140 
347 140 278 142 
348 278 279 142 
349 142 279 144 
350 279 280 144 
351 144 280 146 
352 280 281 146 
353 146 281 148 
354 281 282 148 
355 148 282 150 
356 282 283 150 
357 150 283 152 
358 283 284 152 
359 152 284 154 
360 284 285 154 
361 154 285 156 
362 285 286 156 
363 156 286 158 
364 286 287 158 
365 158 287 288 
366 158 288 159 
367 159 288 289 
368 159 289 161 
369 161 289 290 
370 161 290 163 
371 163 290 291 
372 163 291 165 
373 165 291 292 
374 165 292 167 
375 167 292 293 
376 167 293 169 
377 169 293 294 
378 169 294 171 
379 171 294 295 
380 171 295 173 
381 173 295 296 
382 173 296 175 
383 175 296 297 
384 175 297 177 
385 177 297 298 
386 177 298 179 
387 179 298 299 
388 179 299 181 
389 181 299 300 
390 181 300 183 
391 183 300 301 
392 183 301 185 
393 185 301 302 
394 185 302 187 
395 187 302 303 
396 187 303 189 
397 189 303 304 
398 189 304 191 
399 191 304 305 
400 191 305 193 
401 193 305 306 
402 193 306 195 
403 195 306 307 
404 195 307 197 
405 197 307 308 
406 197 308 199 
407 199 308 309 
408 199 309 201 
409 201 309 310 
410 201 310 203 
411 203 310 311 
412 203 311 205 
413 205 311 312 
414 205 312 207 
415 207 312 209 
416 207 209 3 
417 209 313 210 
418 313 314 210 
419 210 314 211 
420 314 315 211 
421 211 315 212 
422 315 316 212 
423 212 316 213 
424 316 317 213 
425 213 317 214 
426 317 318 214 
427 214 318 215 
428 318 319 215 
429 215 319 216 
430 319 320 216 
431 216 320 217 
432 320 321 217 
433 217 321 218 
434 321 322 218 
435 218 322 219 
436 322 323 219 
437 219 323 220 
438 323 324 220 
439 220 324 221 
440 324 325 221 
441 221 325 222 
442 325 326 222 
443 222 326 223 
444 326 327 223 
445 223 327 224 
446 327 328 224 
447 224 328 225 
448 328 329 225 
449 225 329 226 
450 329 330 226 
451 226 330 227 
452 330 331 227 
453 227 331 228 
454 331 332 228 
455 228 332 229 
456 332 333 229 
457 229 333 230 
458 333 334 230 
459 230 334 231 
460 334 335 231 
461 231 335 232 
462 335 336 232 
463 232 336 233 
464 336 337 233 
465 233 337 234 
466 337 338 234 
467 234 338 235 
468 338 339 235 
469 235 339 340 
470 235 340 236 
471 236 340 341 
472 236 341 237 
473 237 341 342 
474 237 342 238 
475 238 342 343 
476 238 343 239 
477 239 343 344 
478 239 344 240 
479 240 344 345 
480 240 345 241 
481 241 345 346 
482 241 346 242 
483 242 346 347 
484 242 347 243 
485 243 347 348 
486 243 348 244 
487 244 348 349 
488 244 349 245 
489 245 349 350 
490 245 350 246 
491 246 350 351 
492 246 351 247 
493 247 351 352 
494 247 352 248 
495 248 352 353 
496 248 353 249 
497 249 353 354 
498 249 354 250 
499 250 354 355 
500 250 355 251 
501 251 355 356 
502 251 356 252 
503 252 356 357 
504 252 357 253 
505 253 357 358 
506 253 358 254 
507 254 358 359 
508 254 359 255 
509 255 359 360 
510 255 360 256 
511 256 360 361 
512 256 361 257 
513 257 361 362 
514 257 362 258 
515 258 362 363 
516 258 363 259 
517 259 363 364 
518 259 364 260 
519 260 364 365 
520 260 365 261 
521 261 365 262 
522 365 366 262 
523 262 366 263 
524 366 367 263 
525 263 367 264 
526 367 368 264 
527 264 368 265 
528 368 369 265 
529 265 369 266 
530 369 370 266 
531 266 370 267 
532 370 371 267 
533 267 371 268 
534 371 372 268 
535 268 372 269 
536 372 373 269 
537 269 373 270 
538 373 374 270 
539 270 374 271 
540 374 375 271 
541 271 375 272 
542 375 376 272 
543 272 376 273 
544 376 377 273 
545 273 377 274 
546 377 378 274 
547 274 378 275 
548 378 379 275 
549 275 379 276 
550 379 380 276 
551 276 380 277 
552 380 381 277 
553 277 381 278 
554 381 382 278 
555 278 382 279 
556 382 383 279 
557 279 383 280 
558 383 384 280 
559 280 384 281 
560 384 385 281 
561 281 385 282 
562 385 386 282 
563 282 386 283 
564 386 387 283 
565 283 387 284 
566 387 388 284 
567 284 388 285 
568 388 389 285 
569 285 389 286 
570 389 390 286 
571 286 390 287 
572 390 391 287 
573 287 391 392 
574 287 392 288 
575 288 392 393 
576 288 393 289 
577 289 393 394 
578 289 394 290 
579 290 394 395 
580 290 395 291 
581 291 395 396 
582 291 396 292 
583 292 396 397 
584 292 397 293 
585 293 397 398 
586 293 398 294 
587 294 398 399 
588 294 399 295 
589 295 399 400 
590 295 400 296 
591 296 400 401 
592 296 401 297 
593 297 401 402 
594 297 402 298 
595 298 402 403 
596 298 403 299 
597 299 403 404 
598 299 404 300 
599 300 404 405 
600 300 405 301 
601 301 405 406 
602 301 406 302 
603 302 406 407 
604 302 407 303 
605 303 407 408 
606 303 408 304 
607 304 408 409 
608 304 409 305 
609 305 409 410 
610 305 410 306 
611 306 410 411 
612 306 411 307 
613 307 411 412 
614 307 412 308 
615 308 412 413 
616 308 413 309 
617 309 413 414 
618 309 414 310 
619 310 414 415 
620 310 415 311 
621 311 415 416 
622 311 416 312 
623 312 416 313 
624 312 313 209 
625 313 417 314 
626 417 418 314 
627 314 418 315 
628 418 419 315 
629 315 419 316 
630 419 420 316 
631 316 420 317 
632 420 421 317 
633 317 421 318 
634 421 422 318 
635 318 422 319 
636 422 423 319 
637 319 423 320 
638 423 424 320 
639 320 424 321 
640 424 425 321 
641 321 425 322 
642 425 426 322 
643 322 426 323 
644 426 427 323 
645 323 427 324 
646 427 428 324 
647 324 428 325 
648 428 429 325 
649 325 429 326 
650 429 430 326 
651 326 430 327 
652 430 431 327 
653 327 431 328 
654 431 432 328 
655 328 432 329 
656 432 433 329 
657 329 433 330 
658 433 434 330 
659 330 434 331 
660 434 435 331 
661 331 435 332 
662 435 436 332 
663 332 436 333 
664 436 437 333 
665 333 437 334 
666 437 438 334 
667 334 438 335 
668 438 439 335 
669 335 439 336 
670 439 440 336 
671 336 440 337 
672 440 441 337 
673 337 441 338 
674 441 442 338 
675 338 442 339 
676 442 443 339 
677 339 443 444 
678 339 444 340 
679 340 444 445 
680 340 445 341 
681 341 445 446 
682 341 446 342 
683 342 446 447 
684 342 447 343 
685 343 447 448 
686 343 448 344 
687 344 448 449 
688 344 449 345 
689 345 449 450 
690 345 450 346 
691 346 450 451 
692 346 451 347 
693 347 451 452 
694 347 452 348 
695 348 452 453 
696 348 453 349 
697 349 453 454 
698 349 454 350 
699 350 454 455 
700 350 455 351 
701 351 455 456 
702 351 456 352 
703 352 456 457 
704 352 457 353 
705 353 457 458 
706 353 458 354 
707 354 458 459 
708 354 459 355 
709 355 459 460 
710 355 460 356 
711 356 460 461 
712 356 461 357 
713 357 461 462 
714 357 462 358 
715 358 462 463 
716 358 463 359 
717 359 463 464 
718 359 464 360 
719 360 464 465 
720 360 465 361 
721 361 465 466 
722 361 466 362 
723 362 466 467 
724 362 467 363 
725 363 467 468 
726 363 468 364 
727 364 468 469 
728 364 469 365 
729 365 469 366 
730 469 470 366 
731 366 470 367 
732 470 471 367 
733 367 471 368 
734 471 472 368 
735 368 472 369 
736 472 473 369 
737 369 473 370 
738 473 474 370 
739 370 474 371 
740 474 475 371 
741 371 475 372 
742 475 476 372 
743 372 476 373 
744 476 477 373 
745 373 477 374 
746 477 478 374 
747 374 478 375 
748 478 479 375 
749 375 479 376 
750 479 480 376 
751 376 480 377 
752 480 481 377 
753 377 481 378 
754 481 482 378 
755 378 482 379 
756 482 483 379 
757 379 483 380 
758 483 484 380 
759 380 484 381 
760 484 485 381 
761 381 485 382 
762 485 486 382 
763 382 486 383 
764 486 487 383 
765 383 487 384 
766 487 488 384 
767 384 488 385 
768 488 489 385 
769 385 489 386 
770 489 490 386 
771 386 490 387 
772 490 491 387 
773 387 491 388 
774 491 492 388 
775 388 492 389 
776 492 493 389 
777 389 493 390 
778 493 494 390 
779 390 494 391 
780 494 495 391 
781 391 495 496 
782 391 496 392 
783 392 496 497 
784 392 497 393 
785 393 497 498 
786 393 498 394 
787 394 498 499 
788 394 499 395 
789 395 499 500 
790 395 500 396 
791 396 500 501 
792 396 501 397 
793 397 501 502 
794 397 502 398 
795 398 502 503 
796 398 503 399 
797 399 503 504 
798 399 504 400 
799 400 504 505 
800 400 505 401 
801 401 505 506 
802 401 506 402 
803 402 506 507 
804 402 507 403 
805 403 507 508 
806 403 508 404 
807 404 508 509 
808 404 509 405 
809 405 509 510 
810 405 510 406 
811 406 510 511 
812 406 511 407 
813 407 511 512 
814 407 512 408 
815 408 512 513 
816 408 513 409 
817 409 513 514 
818 409 514 410 
819 410 514 515 
820 410 515 411 
821 411 515 516 
822 411 516 412 
823 412 516 517 
824 412 517 413 
825 413 517 518 
826 413 518 414 
827 414 518 519 
828 414 519 415 
829 415 519 520 
830 415 520 416 
831 416 520 417 
832 416 417 313 
833 417 521 418 
834 521 522 418 
835 418 522 419 
836 522 523 419 
837 419 523 420 
838 523 524 420 
839 420 524 421 
840 524 525 421 
841 421 525 422 
842 525 526 422 
843 422 526 423 
844 526 527 423 
845 423 527 424 
846 527 528 424 
847 424 528 425 
848 528 529 425 
849 425 529 426 
850 529 530 426 
851 426 530 427 
852 530 531 427 
853 427 531 428 
854 531 532 428 
855 428 532 429 
856 532 533 429 
857 429 533 430 
858 533 534 430 
859 430 534 431 
860 534 535 431 
861 431 535 432 
862 535 536 432 
863 432 536 433 
864 536 537 433 
865 433 537 434 
866 537 538 434 
867 434 538 435 
868 538 539 435 
869 435 539 436 
870 539 540 436 
871 436 540 437 
872 540 541 437 
873 437 541 438 
874 541 542 438 
875 438 542 439 
876 542 543 439 
877 439 543 440 
878 543 544 440 
879 440 544 441 
880 544 545 441 
881 441 545 442 
882 545 546 442 
883 442 546 443 
884 546 547 443 
885 443 547 548 
886 443 548 444 
887 444 548 549 
888 444 549 445 
889 445 549 550 
890 445 550 446 
891 446 550 551 
892 446 551 447 
893 447 551 552 
894 447 552 448 
895 448 552 553 
896 448 553 449 
897 449 553 554 
898 449 554 450 
899 450 554 555 
900 450 555 451 
901 451 555 556 
902 451 556 452 
903 452 556 557 
904 452 557 453 
905 453 557 558 
906 453 558 454 
907 454 558 559 
908 454 559 455 
909 455 559 560 
910 455 560 456 
911 456 560 561 
912 456 561 457 
913 457 561 562 
914 457 562 458 
915 458 562 563 
916 458 563 459 
917 459 563 564 
918 459 564 460 
919 460 564 565 
920 460 565 461 
921 461 565 566 
922 461 566 462 
923 462 566 567 
924 462 567 463 
925 463 567 568 
926 463 568 464 
927 464 568 569 
928 464 569 465 
929 465 569 570 
930 465 570 466 
931 466 570 571 
932 466 571 467 
933 467 571 572 
934 467 572 468 
935 468 572 573 
936 468 573 469 
937 469 573 470 
938 573 574 470 
939 470 574 471 
940 574 575 471 
941 471 575 472 
942 575 576 472 
943 472 576 473 
944 576 577 473 
945 473 577 474 
946 577 578 474 
947 474 578 475 
948 578 579 475 
949 475 579 476 
950 579 580 476 
951 476 580 477 
952 580 581 477 
953 477 581 478 
954 581 582 478 
955 478 582 479 
956 582 583 479 
957 479 583 480 
958 583 584 480 
959 480 584 481 
960 584 585 481 
961 481 585 482 
962 585 586 482 
963 482 586 483 
964 586 587 483 
965 483 587 484 
966 587 588 484 
967 484 588 485 
968 588 589 485 
969 485 589 486 
970 589 590 486 
971 486 590 487 
972 590 591 487 
973 487 591 488 
974 591 592 488 
975 488 592 489 
976 592 593 489 
977 489 593 490 
978 593 594 490 
979 490 594 491 
980 594 595 491 
981 491 595 492 
982 595 596 492 
983 492 596 493 
984 596 597 493 
985 493 597 494 
986 597 598 494 
987 494 598 495 
988 598 599 495 
989 495 599 600 
990 495 600 496 
991 496 600 601 
992 496 601 497 
993 497 601 602 
994 497 602 498 
995 498 602 603 
996 498 603 499 
997 499 603 604 
998 499 604 500 
999 500 604 605 
1000 500 605 501 
1001 501 605 606 
1002 501 606 502 
1003 502 606 607 
1004 502 607 503 
1005 503 607 608 
1006 503 608 504 
1007 504 608 609 
1008 504 609 505 
1009 505 609 610 
1010 505 610 506 
1011 506 610 611 
1012 506 611 507 
1013 507 611 612 
1014 507 612 508 
1015 508 612 613 
1016 508 613 509 
1017 509 613 614 
1018 509 614 510 
1019 510 614 615 
1020 510 615 511 
1021 511 615 616 
1022 511 616 512 
1023 512 616 617 
1024 512 617 513 
1025 513 617 618 
1026 513 618 514 
1027 514 618 619 
1028 514 619 515 
1029 515 619 620 
1030 515 620 516 
1031 516 620 621 
1032 516 621 517 
1033 517 621 622 
1034 517 622 518 
1035 518 622 623 
1036 518 623 519 
1037 519 623 624 
1038 519 624 520 
1039 520 624 521 
1040 520 521 417 
1041 521 625 522 
1042 625 626 522 
1043 522 626 523 
1044 626 627 523 
1045 523 627 524 
1046 627 628 524 
1047 524 628 525 
1048 628 629 525 
1049 525 629 526 
1050 629 630 526 
1051 526 630 527 
1052 630 631 527 
1053 527 631 528 
1054 631 632 528 
1055 528 632 529 
1056 632 633 529 
1057 529 633 530 
1058 633 634 530 
1059 530 634 531 
1060 634 635 531 
1061 531 635 532 
1062 635 636 532 
1063 532 636 533 
1064 636 637 533 
1065 533 637 534 
1066 637 638 534 
1067 534 638 535 
1068 638 639 535 
1069 535 639 536 
1070 639 640 536 
1071 536 640 537 
1072 640 641 537 
1073 537 641 538 
1074 641 642 538 
1075 538 642 539 
1076 642 643 539 
1077 539 643 540 
1078 643 644 540 
1079 540 644 541 
1080 644 645 541 
1081 541 645 542 
1082 645 646 542 
1083 542 646 543 
1084 646 647 543 
1085 543 647 544 
1086 647 648 544 
1087 544 648 545 
1088 648 649 545 
1089 545 649 546 
1090 649 650 546 
1091 546 650 547 
1092 650 651 547 
1093 547 651 652 
1094 547 652 548 
1095 548 652 653 
1096 548 653 549 
1097 549 653 654 
1098 549 654 550 
1099 550 654 655 
1100 550 655 551 
1101 551 655 656 
1102 551 656 552 
1103 552 656 657 
1104 552 657 553 
1105 553 657 658 
1106 553 658 554 
1107 554 658 659 
1108 554 659 555 
1109 555 659 660 
1110 555 660 556 
1111 556 660 661 
1112 556 661 557 
1113 557 661 662 
1114 557 662 558 
1115 558 662 663 
1116 558 663 559 
1117 559 663 664 
1118 559 664 560 
1119 560 664 665 
1120 560 665 561 
1121 561 665 666 
1122 561 666 562 
1123 562 666 667 
1124 562 667 563 
1125 563 667 668 
1126 563 668 564 
1127 564 668 669 
1128 564 669 565 
1129 565 669 670 
1130 565 670 566 
1131 566 670 671 
1132 566 671 567 
1133 567 671 672 
1134 567 672 568 
1135 568 672 673 
1136 568 673 569 
1137 569 673 674 
1138 569 674 570 
1139 570 674 675 
1140 570 675 571 
1141 571 675 676 
1142 571 676 572 
1143 572 676 677 
1144 572 677 573 
1145 573 677 574 
1146 677 678 574 
1147 574 678 575 
1148 678 679 575 
1149 575 679 576 
1150 679 680 576 
1151 576 680 577 
1152 680 681 577 
1153 577 681 578 
1154 681 682 578 
1155 578 682 579 
1156 682 683 579 
1157 579 683 580 
1158 683 684 580 
1159 580 684 581 
1160 684 685 581 
1161 581 685 582 
1162 685 686 582 
1163 582 686 583 
1164 686 687 583 
1165 583 687 584 
1166 687 688 584 
1167 584 688 585 
1168 688 689 585 
1169 585 689 586 
1170 689 690 586 
1171 586 690 587 
1172 690 691 587 
1173 587 691 588 
1174 691 692 588 
1175 588 692 589 
1176 692 693 589 
1177 589 693 590 
1178 693 694 590 
1179 590 694 591 
1180 694 695 591 
1181 591 695 592 
1182 695 696 592 
1183 592 696 593 
1184 696 697 593 
1185 593 697 594 
1186 697 698 594 
1187 594 698 595 
1188 698 699 595 
1189 595 699 596 
1190 699 700 596 
1191 596 700 597 
1192 700 701 597 
1193 597 701 598 
1194 701 702 598 
1195 598 702 599 
1196 702 703 599 
1197 599 703 704 
1198 599 704 600 
1199 600 704 705 
1200 600 705 601 
1201 601 705 706 
1202 601 706 602 
1203 602 706 707 
1204 602 707 603 
1205 603 707 708 
1206 603 708 604 
1207 604 708 709 
1208 604 709 605 
1209 605 709 710 
1210 605 710 606 
1211 606 710 711 
1212 606 711 607 
1213 607 711 712 
1214 607 712 608 
1215 608 712 713 
1216 608 713 609 
1217 609 713 714 
1218 609 714 610 
1219 610 714 715 
1220 610 715 611 
1221 611 715 716 
1222 611 716 612 
1223 612 716 717 
1224 612 717 613 
1225 613 717 718 
1226 613 718 614 
1227 614 718 719 
1228 614 719 615 
1229 615 719 720 
1230 615 720 616 
1231 616 720 721 
1232 616 721 617 
1233 617 721 722 
1234 617 722 618 
1235 618 722 723 
1236 618 723 619 
1237 619 723 724 
1238 619 724 620 
1239 620 724 725 
1240 620 725 621 
1241 621 725 726 
1242 621 726 622 
1243 622 726 727 
1244 622 727 623 
1245 623 727 728 
1246 623 728 624 
1247 624 728 625 
1248 624 625 521 
1249 625 729 626 
1250 729 730 626 
1251 626 730 627 
1252 730 731 627 
1253 627 731 628 
1254 731 732 628 
1255 628 732 629 
1256 732 733 629 
1257 629 733 630 
1258 733 734 630 
1259 630 734 631 
1260 734 735 631 
1261 631 735 632 
1262 735 736 632 
1263 632 736 633 
1264 736 737 633 
1265 633 737 634 
1266 737 738 634 
1267 634 738 635 
1268 738 739 635 
1269 635 739 636 
1270 739 740 636 
1271 636 740 637 
1272 740 741 637 
1273 637 741 638 
1274 741 742 638 
1275 638 742 639 
1276 742 743 639 
1277 639 743 640 
1278 743 744 640 
1279 640 744 641 
1280 744 745 641 
1281 641 745 642 
1282 745 746 642 
1283 642 746 643 
1284 746 747 643 
1285 643 747 644 
1286 747 748 644 
1287 644 748 645 
1288 748 749 645 
1289 645 749 646 
1290 749 750 646 
1291 646 750 647 
1292 750 751 647 
1293 647 751 648 
1294 751 752 648 
1295 648 752 649 
1296 752 753 649 
1297 649 753 650 
1298 753 754 650 
1299 650 754 651 
1300 754 755 651 
1301 651 755 756 
1302 651 756 652 
1303 652 756 757 
1304 652 757 653 
1305 653 757 758 
1306 653 758 654 
1307 654 758 759 
1308 654 759 655 
1309 655 759 760 
1310 655 760 656 
1311 656 760 761 
1312 656 761 657 
1313 657 761 762 
1314 657 762 658 
1315 658 762 763 
1316 658 763 659 
1317 659 763 764 
1318 659 764 660 
1319 660 764 765 
1320 660 765 661 
1321 661 765 766 
1322 661 766 662 
1323 662 766 767 
1324 662 767 663 
1325 663 767 768 
1326 663 768 664 
1327 664 768 769 
1328 664 769 665 
1329 665 769 770 
1330 665 770 666 
1331 666 770 771 
1332 666 771 667 
1333 667 771 772 
1334 667 772 668 
1335 668 772 773 
1336 668 773 669 
1337 669 773 774 
1338 669 774 670 
1339 670 774 775 
1340 670 775 671 
1341 671 775 776 
1342 671 776 672 
1343 672 776 777 
1344 672 777 673 
1345 673 777 778 
1346 673 778 674 
1347 674 778 779 
1348 674 779 675 
1349 675 779 780 
1350 675 780 676 
1351 676 780 781 
1352 676 781 677 
1353 677 781 678 
1354 781 782 678 
1355 678 782 679 
1356 782 783 679 
1357 679 783 680 
1358 783 784 680 
1359 680 784 681 
1360 784 785 681 
1361 681 785 682 
1362 785 786 682 
1363 682 786 683 
1364 786 787 683 
1365 683 787 684 
1366 787 788 684 
1367 684 788 685 
1368 788 789 685 
1369 685 789 686 
1370 789 790 686 
1371 686 790 687 
1372 790 791 687 
1373 687 791 688 
1374 791 792 688 
1375 688 792 689 
1376 792 793 689 
1377 689 793 690 
1378 793 794 690 
1379 690 794 691 
1380 794 795 691 
1381 691 795 692 
1382 795 796 692 
1383 692 796 693 
1384 796 797 693 
1385 693 797 694 
1386 797 798 694 
1387 694 798 695 
1388 798 799 695 
1389 695 799 696 
1390 799 800 696 
1391 696 800 697 
1392 800 801 697 
1393 697 801 698 
1394 801 802 698 
1395 698 802 699 
1396 802 803 699 
1397 699 803 700 
1398 803 804 700 
1399 700 804 701 
1400 804 805 701 
1401 701 805 702 
1402 805 806 702 
1403 702 806 703 
1404 806 807 703 
1405 703 807 808 
1406 703 808 704 
1407 704 808 809 
1408 704 809 705 
1409 705 809 810 
1410 705 810 706 
1411 706 810 811 
1412 706 811 707 
1413 707 811 812 
1414 707 812 708 
1415 708 812 813 
1416 708 813 709 
1417 709 813 814 
1418 709 814 710 
1419 710 814 815 
1420 710 815 711 
1421 711 815 816 
1422 711 816 712 
1423 712 816 817 
1424 712 817 713 
1425 713 817 818 
1426 713 818 714 
1427 714 818 819 
1428 714 819 715 
1429 715 819 820 
1430 715 820 716 
1431 716 820 821 
1432 716 821 717 
1433 717 821 822 
1434 717 822 718 
1435 718 822 823 
1436 718 823 719 
1437 719 823 824 
1438 719 824 720 
1439 720 824 825 
1440 720 825 721 
1441 721 825 826 
1442 721 826 722 
1443 722 826 827 
1444 722 827 723 
1445 723 827 828 
1446 723 828 724 
1447 724 828 829 
1448 724 829 725 
1449 725 829 830 
1450 725 830 726 
1451 726 830 831 
1452 726 831 727 
1453 727 831 832 
1454 727 832 728 
1455 728 832 729 
1456 728 729 625 
1457 729 833 730 
1458 833 834 730 
1459 730 834 731 
1460 834 835 731 
1461 731 835 732 
1462 835 836 732 
1463 732 836 733 
1464 836 837 733 
1465 733 837 734 
1466 837 838 734 
1467 734 838 735 
1468 838 839 735 
1469 735 839 736 
1470 839 840 736 
1471 736 840 737 
1472 840 841 737 
1473 737 841 738 
1474 841 842 738 
1475 738 842 739 
1476 842 843 739 
1477 739 843 740 
1478 843 844 740 
1479 740 844 741 
1480 844 845 741 
1481 741 845 742 
1482 845 846 742 
1483 742 846 743 
1484 846 847 743 
1485 743 847 744 
1486 847 848 744 
1487 744 848 745 
1488 848 849 745 
1489 745 849 746 
1490 849 850 746 
1491 746 850 747 
1492 850 851 747 
1493 747 851 748 
1494 851 852 748 
1495 748 852 749 
1496 852 853 749 
1497 749 853 750 
1498 853 854 750 
1499 750 854 751 
1500 854 855 751 
1501 751 855 752 
1502 855 856 752 
1503 752 856 753 
1504 856 857 753 
1505 753 857 754 
1506 857 858 754 
1507 754 858 755 
1508 858 859 755 
1509 755 859 860 
1510 755 860 756 
1511 756 860 861 
1512 756 861 757 
1513 757 861 862 
1514 757 862 758 
1515 758 862 863 
1516 758 863 759 
1517 759 863 864 
1518 759 864 760 
1519 760 864 865 
1520 760 865 761 
1521 761 865 866 
1522 761 866 762 
1523 762 866 867 
1524 762 867 763 
1525 763 867 868 
1526 763 868 764 
1527 764 868 869 
1528 764 869 765 
1529 765 869 870 
1530 765 870 766 
1531 766 870 871 
1532 766 871 767 
1533 767 871 872 
1534 767 872 768 
1535 768 872 873 
1536 768 873 769 
1537 769 873 874 
1538 769 874 770 
1539 770 874 875 
1540 770 875 771 
1541 771 875 876 
1542 771 876 772 
1543 772 876 877 
1544 772 877 773 
1545 773 877 878 
1546 773 878 774 
1547 774 878 879 
1548 774 879 775 
1549 775 879 880 
1550 775 880 776 
1551 776 880 881 
1552 776 881 777 
1553 777 881 882 
1554 777 882 778 
1555 778 882 883 
1556 778 883 779 
1557 779 883 884 
1558 779 884 780 
1559 780 884 885 
1560 780 885 781 
1561 781 885 782 
1562 885 886 782 
1563 782 886 783 
1564 886 887 783 
1565 783 887 784 
1566 887 888 784 
1567 784 888 785 
1568 888 889 785 
1569 785 889 786 
1570 889 890 786 
1571 786 890 787 
1572 890 891 787 
1573 787 891 788 
1574 891 892 788 
1575 788 892 789 
1576 892 893 789 
1577 789 893 790 
1578 893 894 790 
1579 790 894 791 
1580 894 895 791 
1581 791 895 792 
1582 895 896 792 
1583 792 896 793 
1584 896 897 793 
1585 793 897 794 
1586 897 898 794 
1587 794 898 795 
1588 898 899 795 
1589 795 899 796 
1590 899 900 796 
1591 796 900 797 
1592 900 901 797 
1593 797 901 798 
1594 901 902 798 
1595 798 902 799 
1596 902 903 799 
1597 799 903 800 
1598 903 904 800 
1599 800 904 801 
1600 904 905 801 
1601 801 905 802 
1602 905 906 802 
1603 802 906 803 
1604 906 907 803 
1605 803 907 804 
1606 907 908 804 
1607 804 908 805 
1608 908 909 805 
1609 805 909 806 
1610 909 910 806 
1611 806 910 807 
1612 910 911 807 
1613 807 911 912 
1614 807 912 808 
1615 808 912 913 
1616 808 913 809 
1617 809 913 914 
1618 809 914 810 
1619 810 914 915 
1620 810 915 811 
1621 811 915 916 
1622 811 916 812 
1623 812 916 917 
1624 812 917 813 
1625 813 917 918 
1626 813 918 814 
1627 814 918 919 
1628 814 919 815 
1629 815 919 920 
1630 815 920 816 
1631 816 920 921 
1632 816 921 817 
1633 817 921 922 
1634 817 922 818 
1635 818 922 923 
1636 818 923 819 
1637 819 923 924 
1638 819 924 820 
1639 820 924 925 
1640 820 925 821 
1641 821 925 926 
1642 821 926 822 
1643 822 926 927 
1644 822 927 823 
1645 823 927 928 
1646 823 928 824 
1647 824 928 929 
1648 824 929 825 
1649 825 929 930 
1650 825 930 826 
1651 826 930 931 
1652 826 931 827 
1653 827 931 932 
1654 827 932 828 
1655 828 932 933 
1656 828 933 829 
1657 829 933 934 
1658 829 934 830 
1659 830 934 935 
1660 830 935 831 
1661 831 935 936 
1662 831 936 832 
1663 832 936 833 
1664 832 833 729 
1665 833 937 834 
1666 937 938 834 
1667 834 938 835 
1668 938 939 835 
1669 835 939 836 
1670 939 940 836 
1671 836 940 837 
1672 940 941 837 
1673 837 941 838 
1674 941 942 838 
1675 838 942 839 
1676 942 943 839 
1677 839 943 840 
1678 943 944 840 
1679 840 944 841 
1680 944 945 841 
1681 841 945 842 
1682 945 946 842 
1683 842 946 843 
1684 946 947 843 
1685 843 947 844 
1686 947 948 844 
1687 844 948 845 
1688 948 949 845 
1689 845 949 846 
1690 949 950 846 
1691 846 950 847 
1692 950 951 847 
1693 847 951 848 
1694 951 952 848 
1695 848 952 849 
1696 952 953 849 
1697 849 953 850 
1698 953 954 850 
1699 850 954 851 
1700 954 955 851 
1701 851 955 852 
1702 955 956 852 
1703 852 956 853 
1704 956 957 853 
1705 853 957 854 
1706 957 958 854 
1707 854 958 855 
1708 958 959 855 
1709 855 959 856 
1710 959 960 856 
1711 856 960 857 
1712 960 961 857 
1713 857 961 858 
1714 961 962 858 
1715 858 962 859 
1716 962 963 859 
1717 859 963 964 
1718 859 964 860 
1719 860 964 965 
1720 860 965 861 
1721 861 965 966 
1722 861 966 862 
1723 862 966 967 
1724 862 967 863 
1725 863 967 968 
1726 863 968 864 
1727 864 968 969 
1728 864 969 865 
1729 865 969 970 
1730 865 970 866 
1731 866 970 971 
1732 866 971 867 
1733 867 971 972 
1734 867 972 868 
1735 868 972 973 
1736 868 973 869 
1737 869 973 974 
1738 869 974 870 
1739 870 974 975 
1740 870 975 871 
1741 871 975 976 
1742 871 976 872 
1743 872 976 977 
1744 872 977 873 
1745 873 977 978 
1746 873 978 874 
1747 874 978 979 
1748 874 979 875 
1749 875 979 980 
1750 875 980 876 
1751 876 980 981 
1752 876 981 877 
1753 877 981 982 
1754 877 982 878 
1755 878 982 983 
1756 878 983 879 
1757 879 983 984 
1758 879 984 880 
1759 880 984 985 
1760 880 985 881 
1761 881 985 986 
1762 881 986 882 
1763 882 986 987 
1764 882 987 883 
1765 883 987 988 
1766 883 988 884 
1767 884 988 989 
1768 884 989 885 
1769 885 989 886 
1770 989 990 886 
1771 886 990 887 
1772 990 991 887 
1773 887 991 888 
1774 991 992 888 
1775 888 992 889 
1776 992 993 889 
1777 889 993 890 
1778 993 994 890 
1779 890 994 891 
1780 994 995 891 
1781 891 995 892 
1782 995 996 892 
1783 892 996 893 
1784 996 997 893 
1785 893 997 894 
1786 997 998 894 
1787 894 998 895 
1788 998 999 895 
1789 895 999 896 
1790 999 1000 896 
1791 896 1000 897 
1792 1000 1001 897 
1793 897 1001 898 
1794 1001 1002 898 
1795 898 1002 899 
1796 1002 1003 899 
1797 899 1003 900 
1798 1003 1004 900 
1799 900 1004 901 
1800 1004 1005 901 
1801 901 1005 902 
1802 1005 1006 902 
1803 902 1006 903 
1804 1006 1007 903 
1805 903 1007 904 
1806 1007 1008 904 
1807 904 1008 905 
1808 1008 1009 905 
1809 905 1009 906 
1810 1009 1010 906 
1811 906 1010 907 
1812 1010 1011 907 
1813 907 1011 908 
1814 1011 1012 908 
1815 908 1012 909 
1816 1012 1013 909 
1817 909 1013 910 
1818 1013 1014 910 
1819 910 1014 911 
1820 1014 1015 911 
1821 911 1015 1016 
1822 911 1016 912 
1823 912 1016 1017 
1824 912 1017 913 
1825 913 1017 1018 
1826 913 1018 914 
1827 914 1018 1019 
1828 914 1019 915 
1829 915 1019 1020 
1830 915 1020 916 
1831 916 1020 1021 
1832 916 1021 917 
1833 917 1021 1022 
1834 917 1022 918 
1835 918 1022 1023 
1836 918 1023 919 
1837 919 1023 1024 
1838 919 1024 920 
1839 920 1024 1025 
1840 920 1025 921 
1841 921 1025 1026 
1842 921 1026 922 
1843 922 1026 1027 
1844 922 1027 923 
1845 923 1027 1028 
1846 923 1028 924 
1847 924 1028 1029 
1848 924 1029 925 
1849 925 1029 1030 
1850 925 1030 926 
1851 926 1030 1031 
1852 926 1031 927 
1853 927 1031 1032 
1854 927 1032 928 
1855 928 1032 1033 
1856 928 1033 929 
1857 929 1033 1034 
1858 929 1034 930 
1859 930 1034 1035 
1860 930 1035 931 
1861 931 1035 1036 
1862 931 1036 932 
1863 932 1036 1037 
1864 932 1037 933 
1865 933 1037 1038 
1866 933 1038 934 
1867 934 1038 1039 
1868 934 1039 935 
1869 935 1039 1040 
1870 935 1040 936 
1871 936 1040 937 
1872 936 937 833 
1873 937 1041 938 
1874 1041 1042 938 
1875 938 1042 939 
1876 1042 1043 939 
1877 939 1043 940 
1878 1043 1044 940 
1879 940 1044 941 
1880 1044 1045 941 
1881 941 1045 942 
1882 1045 1046 942 
1883 942 1046 943 
1884 1046 1047 943 
1885 943 1047 944 
1886 1047 1048 944 
1887 944 1048 945 
1888 1048 1049 945 
1889 945 1049 946 
1890 1049 1050 946 
1891 946 1050 947 
1892 1050 1051 947 
1893 947 1051 948 
1894 1051 1052 948 
1895 948 1052 949 
1896 1052 1053 949 
1897 949 1053 950 
1898 1053 1054 950 
1899 950 1054 951 
1900 1054 1055 951 
1901 951 1055 952 
1902 1055 1056 952 
1903 952 1056 953 
1904 1056 1057 953 
1905 953 1057 954 
1906 1057 1058 954 
1907 954 1058 955 
1908 1058 1059 955 
1909 955 1059 956 
1910 1059 1060 956 
1911 956 1060 957 
1912 1060 1061 957 
1913 957 1061 958 
1914 1061 1062 958 
1915 958 1062 959 
1916 1062 1063 959 
1917 959 1063 960 
1918 1063 1064 960 
1919 960 1064 961 
1920 1064 1065 961 
1921 961 1065 962 
1922 1065 1066 962 
1923 962 1066 963 
1924 1066 1067 963 
1925 963 1067 1068 
1926 963 1068 964 
1927 964 1068 1069 
1928 964 1069 965 
1929 965 1069 1070 
1930 965 1070 966 
1931 966 1070 1071 
1932 966 1071 967 
1933 967 1071 1072 
1934 967 1072 968 
1935 968 1072 1073 
1936 968 1073 969 
1937 969 1073 1074 
1938 969 1074 970 
1939 970 1074 1075 
1940 970 1075 971 
1941 971 1075 1076 
1942 971 1076 972 
1943 972 1076 1077 
1944 972 1077 973 
1945 973 1077 1078 
1946 973 1078 974 
1947 974 1078 1079 
1948 974 1079 975 
1949 975 1079 1080 
1950 975 1080 976 
1951 976 1080 1081 
1952 976 1081 977 
1953 977 1081 1082 
1954 977 1082 978 
1955 978 1082 1083 
1956 978 1083 979 
1957 979 1083 1084 
1958 979 1084 980 
1959 980 1084 1085 
1960 980 1085 981 
1961 981 1085 1086 
1962 981 1086 982 
1963 982 1086 1087 
1964 982 1087 983 
1965 983 1087 1088 
1966 983 1088 984 
1967 984 1088 1089 
1968 984 1089 985 
1969 985 1089 1090 
1970 985 1090 986 
1971 986 1090 1091 
1972 986 1091 987 
1973 987 1091 1092 
1974 987 1092 988 
1975 988 1092 1093 
1976 988 1093 989 
1977 989 1093 990 
1978 1093 1094 990 
1979 990 1094 991 
1980 1094 1095 991 
1981 991 1095 992 
1982 1095 1096 992 
1983 992 1096 993 
1984 1096 1097 993 
1985 993 1097 994 
1986 1097 1098 994 
1987 994 1098 995 
1988 1098 1099 995 
1989 995 1099 996 
1990 1099 1100 996 
1991 996 1100 997 
1992 1100 1101 997 
1993 997 1101 998 
1994 1101 1102 998 
1995 998 1102 999 
1996 1102 1103 999 
1997 999 1103 1000 
1998 1103 1104 1000 
1999 1000 1104 1001 
2000 1104 1105 1001 
2001 1001 1105 1002 
2002 1105 1106 1002 
2003 1002 1106 1003 
2004 1106 1107 1003 
2005 1003 1107 1004 
2006 1107 1108 1004 
2007 1004 1108 1005 
2008 1108 1109 1005 
2009 1005 1109 1006 
2010 1109 1110 1006 
2011 1006 1110 1007 
2012 1110 1111 1007 
2013 1007 1111 1008 
2014 1111 1112 1008 
2015 1008 1112 1009 
2016 1112 1113 1009 
2017 1009 1113 1010 
2018 1113 1114 1010 
2019 1010 1114 1011 
2020 1114 1115 1011 
2021 1011 1115 1012 
2022 1115 1116 1012 
2023 1012 1116 1013 
2024 1116 1117 1013 
2025 1013 1117 1014 
2026 1117 1118 1014 
2027 1014 1118 1015 
2028 1118 1119 1015 
2029 1015 1119 1120 
2030 1015 1120 1016 
2031 1016 1120 1121 
2032 1016 1121 1017 
2033 1017 1121 1122 
2034 1017 1122 1018 
2035 1018 1122 1123 
2036 1018 1123 1019 
2037 1019 1123 1124 
2038 1019 1124 1020 
2039 1020 1124 1125 
2040 1020 1125 1021 
2041 1021 1125 1126 
2042 1021 1126 1022 
2043 1022 1126 1127 
2044 1022 1127 1023 
2045 1023 1127 1128 
2046 1023 1128 1024 
2047 1024 1128 1129 
2048 1024 1129 1025 
2049 1025 1129 1130 
2050 1025 1130 1026 
2051 1026 1130 1131 
2052 1026 1131 1027 
2053 1027 1131 1132 
2054 1027 1132 1028 
2055 1028 1132 1133 
2056 1028 1133 1029 
2057 1029 1133 1134 
2058 1029 1134 1030 
2059 1030 1134 1135 
2060 1030 1135 1031 
2061 1031 1135 1136 
2062 1031 1136 1032 
2063 1032 1136 1137 
2064 1032 1137 1033 
2065 1033 1137 1138 
2066 1033 1138 1034 
2067 1034 1138 1139 
2068 1034 1139 1035 
2069 1035 1139 1140 
2070 1035 1140 1036 
2071 1036 1140 1141 
2072 1036 1141 1037 
2073 1037 1141 1142 
2074 1037 1142 1038 
2075 1038 1142 1143 
2076 1038 1143 1039 
2077 1039 1143 1144 
2078 1039 1144 1040 
2079 1040 1144 1041 
2080 1040 1041 937 
2081 1041 1145 1042 
2082 1145 1146 1042 
2083 1042 1146 1043 
2084 1146 1147 1043 
2085 1043 1147 1044 
2086 1147 1148 1044 
2087 1044 1148 1045 
2088 1148 1149 1045 
2089 1045 1149 1046 
2090 1149 1150 1046 
2091 1046 1150 1047 
2092 1150 1151 1047 
2093 1047 1151 1048 
2094 1151 1152 1048 
2095 1048 1152 1049 
2096 1152 1153 1049 
2097 1049 1153 1050 
2098 1153 1154 1050 
2099 1050 1154 1051 
2100 1154 1155 1051 
2101 1051 1155 1052 
2102 1155 1156 1052 
2103 1052 1156 1053 
2104 1156 1157 1053 
2105 1053 1157 1054 
2106 1157 1158 1054 
2107 1054 1158 1055 
2108 1158 1159 1055 
2109 1055 1159 1056 
2110 1159 1160 1056 
2111 1056 1160 1057 
2112 1160 1161 1057 
2113 1057 1161 1058 
2114 1161 1162 1058 
2115 1058 1162 1059 
2116 1162 1163 1059 
2117 1059 1163 1060 
2118 1163 1164 1060 
2119 1060 1164 1061 
2120 1164 1165 1061 
2121 1061 1165 1062 
2122 1165 1166 1062 
2123 1062 1166 1063 
2124 1166 1167 1063 
2125 1063 1167 1064 
2126 1167 1168 1064 
2127 1064 1168 1065 
2128 1168 1169 1065 
2129 1065 1169 1066 
2130 1169 1170 1066 
2131 1066 1170 1067 
2132 1170 1171 1067 
2133 1067 1171 1172 
2134 1067 1172 1068 
2135 1068 1172 1173 
2136 1068 1173 1069 
2137 1069 1173 1174 
2138 1069 1174 1070 
2139 1070 1174 1175 
2140 1070 1175 1071 
2141 1071 1175 1176 
2142 1071 1176 1072 
2143 1072 1176 1177 
2144 1072 1177 1073 
2145 1073 1177 1178 
2146 1073 1178 1074 
2147 1074 1178 1179 
2148 1074 1179 1075 
2149 1075 1179 1180 
2150 1075 1180 1076 
2151 1076 1180 1181 
2152 1076 1181 1077 
2153 1077 1181 1182 
2154 1077 1182 1078 
2155 1078 1182 1183 
2156 1078 1183 1079 
2157 1079 1183 1184 
2158 1079 1184 1080 
2159 1080 1184 1185 
2160 1080 1185 1081 
2161 1081 1185 1186 
2162 1081 1186 1082 
2163 1082 1186 1187 
2164 1082 1187 1083 
2165 1083 1187 1188 
2166 1083 1188 1084 
2167 1084 1188 1189 
2168 1084 1189 1085 
2169 1085 1189 1190 
2170 1085 1190 1086 
2171 1086 1190 1191 
2172 1086 1191 1087 
2173 1087 1191 1192 
2174 1087 1192 1088 
2175 1088 1192 1193 
2176 1088 1193 1089 
2177 1089 1193 1194 
2178 1089 1194 1090 
2179 1090 1194 1195 
2180 1090 1195 1091 
2181 1091 1195 1196 
2182 1091 1196 1092 
2183 1092 1196 1197 
2184 1092 1197 1093 
2185 1093 1197 1094 
2186 1197 1198 1094 
2187 1094 1198 1095 
2188 1198 1199 1095 
2189 1095 1199 1096 
2190 1199 1200 1096 
2191 1096 1200 1097 
2192 1200 1201 1097 
2193 1097 1201 1098 
2194 1201 1202 1098 
2195 1098 1202 1099 
2196 1202 1203 1099 
2197 1099 1203 1100 
2198 1203 1204 1100 
2199 1100 1204 1101 
2200 1204 1205 1101 
2201 1101 1205 1102 
2202 1205 1206 1102 
2203 1102 1206 1103 
2204 1206 1207 1103 
2205 1103 1207 1104 
2206 1207 1208 1104 
2207 1104 1208 1105 
2208 1208 1209 1105 
2209 1105 1209 1106 
2210 1209 1210 1106 
2211 1106 1210 1107 
2212 1210 1211 1107 
2213 1107 1211 1108 
2214 1211 1212 1108 
2215 1108 1212 1109 
2216 1212 1213 1109 
2217 1109 1213 1110 
2218 1213 1214 1110 
2219 1110 1214 1111 
2220 1214 1215 1111 
2221 1111 1215 1112 
2222 1215 1216 1112 
2223 1112 1216 1113 
2224 1216 1217 1113 
2225 1113 1217 1114 
2226 1217 1218 1114 
2227 1114 1218 1115 
2228 1218 1219 1115 
2229 1115 1219 1116 
2230 1219 1220 1116 
2231 1116 1220 1117 
2232 1220 1221 1117 
2233 1117 1221 1118 
2234 1221 1222 1118 
2235 1118 1222 1119 
2236 1222 1223 1119 
2237 1119 1223 1224 
2238 1119 1224 1120 
2239 1120 1224 1225 
2240 1120 1225 1121 
2241 1121 1225 1226 
2242 1121 1226 1122 
2243 1122 1226 1227 
2244 1122 1227 1123 
2245 1123 1227 1228 
2246 1123 1228 1124 
2247 1124 1228 1229 
2248 1124 1229 1125 
2249 1125 1229 1230 
2250 1125 1230 1126 
2251 1126 1230 1231 
2252 1126 1231 1127 
2253 1127 1231 1232 
2254 1127 1232 1128 
2255 1128 1232 1233 
2256 1128 1233 1129 
2257 1129 1233 1234 
2258 1129 1234 1130 
2259 1130 1234 1235 
2260 1130 1235 1131 
2261 1131 1235 1236 
2262 1131 1236 1132 
2263 1132 1236 1237 
2264 1132 1237 1133 
2265 1133 1237 1238 
2266 1133 1238 1134 
2267 1134 1238 1239 
2268 1134 1239 1135 
2269 1135 1239 1240 
2270 1135 1240 1136 
2271 1136 1240 1241 
2272 1136 1241 1137 
2273 1137 1241 1242 
2274 1137 1242 1138 
2275 1138 1242 1243 
2276 1138 1243 1139 
2277 1139 1243 1244 
2278 1139 1244 1140 
2279 1140 1244 1245 
2280 1140 1245 1141 
2281 1141 1245 1246 
2282 1141 1246 1142 
2283 1142 1246 1247 
2284 1142 1247 1143 
2285 1143 1247 1248 
2286 1143 1248 1144 
2287 1144 1248 1145 
2288 1144 1145 1041 
2289 1145 1249 1146 
2290 1249 1250 1146 
2291 1146 1250 1147 
2292 1250 1251 1147 
2293 1147 1251 1148 
2294 1251 1252 1148 
2295 1148 1252 1149 
2296 1252 1253 1149 
2297 1149 1253 1150 
2298 1253 1254 1150 
2299 1150 1254 1151 
2300 1254 1255 1151 
2301 1151 1255 1152 
2302 1255 1256 1152 
2303 1152 1256 1153 
2304 1256 1257 1153 
2305 1153 1257 1154 
2306 1257 1258 1154 
2307 1154 1258 1155 
2308 1258 1259 1155 
2309 1155 1259 1156 
2310 1259 1260 1156 
2311 1156 1260 1157 
2312 1260 1261 1157 
2313 1157 1261 1158 
2314 1261 1262 1158 
2315 1158 1262 1159 
2316 1262 1263 1159 
2317 1159 1263 1160 
2318 1263 1264 1160 
2319 1160 1264 1161 
2320 1264 1265 1161 
2321 1161 1265 1162 
2322 1265 1266 1162 
2323 1162 1266 1163 
2324 1266 1267 1163 
2325 1163 1267 1164 
2326 1267 1268 1164 
2327 1164 1268 1165 
2328 1268 1269 1165 
2329 1165 1269 1166 
2330 1269 1270 1166 
2331 1166 1270 1167 
2332 1270 1271 1167 
2333 1167 1271 1168 
2334 1271 1272 1168 
2335 1168 1272 1169 
2336 1272 1273 1169 
2337 1169 1273 1170 
2338 1273 1274 1170 
2339 1170 1274 1171 
2340 1274 1275 1171 
2341 1171 1275 1276 
2342 1171 1276 1172 
2343 1172 1276 1277 
2344 1172 1277 1173 
2345 1173 1277 1278 
2346 1173 1278 1174 
2347 1174 1278 1279 
2348 1174 1279 1175 
2349 1175 1279 1280 
2350 1175 1280 1176 
2351 1176 1280 1281 
2352 1176 1281 1177 
2353 1177 1281 1282 
2354 1177 1282 1178 
2355 1178 1282 1283 
2356 1178 1283 1179 
2357 1179 1283 1284 
2358 1179 1284 1180 
2359 1180 1284 1285 
2360 1180 1285 1181 
2361 1181 1285 1286 
2362 1181 1286 1182 
2363 1182 1286 1287 
2364 1182 1287 1183 
2365 1183 1287 1288 
2366 1183 1288 1184 
2367 1184 1288 1289 
2368 1184 1289 1185 
2369 1185 1289 1290 
2370 1185 1290 1186 
2371 1186 1290 1291 
2372 1186 1291 1187 
2373 1187 1291 1292 
2374 1187 1292 1188 
2375 1188 1292 1293 
2376 1188 1293 1189 
2377 1189 1293 1294 
2378 1189 1294 1190 
2379 1190 1294 1295 
2380 1190 1295 1191 
2381 1191 1295 1296 
2382 1191 1296 1192 
2383 1192 1296 1297 
2384 1192 1297 1193 
2385 1193 1297 1298 
2386 1193 1298 1194 
2387 1194 1298 1299 
2388 1194 1299 1195 
2389 1195 1299 1300 
2390 1195 1300 1196 
2391 1196 1300 1301 
2392 1196 1301 1197 
2393 1197 1301 1198 
2394 1301 1302 1198 
2395 1198 1302 1199 
2396 1302 1303 1199 
2397 1199 1303 1200 
2398 1303 1304 1200 
2399 1200 1304 1201 
2400 1304 1305 1201 
2401 1201 1305 1202 
2402 1305 1306 1202 
2403 1202 1306 1203 
2404 1306 1307 1203 
2405 1203 1307 1204 
2406 1307 1308 1204 
2407 1204 1308 1205 
2408 1308 1309 1205 
2409 1205 1309 1206 
2410 1309 1310 1206 
2411 1206 1310 1207 
2412 1310 1311 1207 
2413 1207 1311 1208 
2414 1311 1312 1208 
2415 1208 1312 1209 
2416 1312 1313 1209 
2417 1209 1313 1210 
2418 1313 1314 1210 
2419 1210 1314 1211 
2420 1314 1315 1211 
2421 1211 1315 1212 
2422 1315 1316 1212 
2423 1212 1316 1213 
2424 1316 1317 1213 
2425 1213 1317 1214 
2426 1317 1318 1214 
2427 1214 1318 1215 
2428 1318 1319 1215 
2429 1215 1319 1216 
2430 1319 1320 1216 
2431 1216 1320 1217 
2432 1320 1321 1217 
2433 1217 1321 1218 
2434 1321 1322 1218 
2435 1218 1322 1219 
2436 1322 1323 1219 
2437 1219 1323 1220 
2438 1323 1324 1220 
2439 1220 1324 1221 
2440 1324 1325 1221 
2441 1221 1325 1222 
2442 1325 1326 1222 
2443 1222 1326 1223 
2444 1326 1327 1223 
2445 1223 1327 1328 
2446 1223 1328 1224 
2447 1224 1328 1329 
2448 1224 1329 1225 
2449 1225 1329 1330 
2450 1225 1330 1226 
2451 1226 1330 1331 
2452 1226 1331 1227 
2453 1227 1331 1332 
2454 1227 1332 1228 
2455 1228 1332 1333 
2456 1228 1333 1229 
2457 1229 1333 1334 
2458 1229 1334 1230 
2459 1230 1334 1335 
2460 1230 1335 1231 
2461 1231 1335 1336 
2462 1231 1336 1232 
2463 1232 1336 1337 
2464 1232 1337 1233 
2465 1233 1337 1338 
2466 1233 1338 1234 
2467 1234 1338 1339 
2468 1234 1339 1235 
2469 1235 1339 1340 
2470 1235 1340 1236 
2471 1236 1340 1341 
2472 1236 1341 1237 
2473 1237 1341 1342 
2474 1237 1342 1238 
2475 1238 1342 1343 
2476 1238 1343 1239 
2477 1239 1343 1344 
2478 1239 1344 1240 
2479 1240 1344 1345 
2480 1240 1345 1241 
2481 1241 1345 1346 
2482 1241 1346 1242 
2483 1242 1346 1347 
2484 1242 1347 1243 
2485 1243 1347 1348 
2486 1243 1348 1244 
2487 1244 1348 1349 
2488 1244 1349 1245 
2489 1245 1349 1350 
2490 1245 1350 1246 
2491 1246 1350 1351 
2492 1246 1351 1247 
2493 1247 1351 1352 
2494 1247 1352 1248 
2495 1248 1352 1249 
2496 1248 1249 1145 
2497 1249 1353 1250 
2498 1353 1354 1250 
2499 1250 1354 1251 
2500 1354 1355 1251 
2501 1251 1355 1252 
2502 1355 1356 1252 
2503 1252 1356 1253 
2504 1356 1357 1253 
2505 1253 1357 1254 
2506 1357 1358 1254 
2507 1254 1358 1255 
2508 1358 1359 1255 
2509 1255 1359 1256 
2510 1359 1360 1256 
2511 1256 1360 1257 
2512 1360 1361 1257 
2513 1257 1361 1258 
2514 1361 1362 1258 
2515 1258 1362 1259 
2516 1362 1363 1259 
2517 1259 1363 1260 
2518 1363 1364 1260 
2519 1260 1364 1261 
2520 1364 1365 1261 
2521 1261 1365 1262 
2522 1365 1366 1262 
2523 1262 1366 1263 
2524 1366 1367 1263 
2525 1263 1367 1264 
2526 1367 1368 1264 
2527 1264 1368 1265 
2528 1368 1369 1265 
2529 1265 1369 1266 
2530 1369 1370 1266 
2531 1266 1370 1267 
2532 1370 1371 1267 
2533 1267 1371 1268 
2534 1371 1372 1268 
2535 1268 1372 1269 
2536 1372 1373 1269 
2537 1269 1373 1270 
2538 1373 1374 1270 
2539 1270 1374 1271 
2540 1374 1375 1271 
2541 1271 1375 1272 
2542 1375 1376 1272 
2543 1272 1376 1273 
2544 1376 1377 1273 
2545 1273 1377 1274 
2546 1377 1378 1274 
2547 1274 1378 1275 
2548 1378 1379 1275 
2549 1275 1379 1380 
2550 1275 1380 1276 
2551 1276 1380 1381 
2552 1276 1381 1277 
2553 1277 1381 1382 
2554 1277 1382 1278 
2555 1278 1382 1383 
2556 1278 1383 1279 
2557 1279 1383 1384 
2558 1279 1384 1280 
2559 1280 1384 1385 
2560 1280 1385 1281 
2561 1281 1385 1386 
2562 1281 1386 1282 
2563 1282 1386 1387 
2564 1282 1387 1283 
2565 1283 1387 1388 
2566 1283 1388 1284 
2567 1284 1388 1389 
2568 1284 1389 1285 
2569 1285 1389 1390 
2570 1285 1390 1286 
2571 1286 1390 1391 
2572 1286 1391 1287 
2573 1287 1391 1392 
2574 1287 1392 1288 
2575 1288 1392 1393 
2576 1288 1393 1289 
2577 1289 1393 1394 
2578 1289 1394 1290 
2579 1290 1394 1395 
2580 1290 1395 1291 
2581 1291 1395 1396 
2582 1291 1396 1292 
2583 1292 1396 1397 
2584 1292 1397 1293 
2585 1293 1397 1398 
2586 1293 1398 1294 
2587 1294 1398 1399 
2588 1294 1399 1295 
2589 1295 1399 1400 
2590 1295 1400 1296 
2591 1296 1400 1401 
2592 1296 1401 1297 
2593 1297 1401 1402 
2594 1297 1402 1298 
2595 1298 1402 1403 
2596 1298 1403 1299 
2597 1299 1403 1404 
2598 1299 1404 1300 
2599 1300 1404 1405 
2600 1300 1405 1301 
2601 1301 1405 1302 
2602 1405 1406 1302 
2603 1302 1406 1303 
2604 1406 1407 1303 
2605 1303 1407 1304 
2606 1407 1408 1304 
2607 1304 1408 1305 
2608 1408 1409 1305 
2609 1305 1409 1306 
2610 1409 1410 1306 
2611 1306 1410 1307 
2612 1410 1411 1307 
2613 1307 1411 1308 
2614 1411 1412 1308 
2615 1308 1412 1309 
2616 1412 1413 1309 
2617 1309 1413 1310 
2618 1413 1414 1310 
2619 1310 1414 1311 
2620 1414 1415 1311 
2621 1311 1415 1312 
2622 1415 1416 1312 
2623 1312 1416 1313 
2624 1416 1417 1313 
2625 1313 1417 1314 
2626 1417 1418 1314 
2627 1314 1418 1315 
2628 1418 1419 1315 
2629 1315 1419 1316 
2630 1419 1420 1316 
2631 1316 1420 1317 
2632 1420 1421 1317 
2633 1317 1421 1318 
2634 1421 1422 1318 
2635 1318 1422 1319 
2636 1422 1423 1319 
2637 1319 1423 1320 
2638 1423 1424 1320 
2639 1320 1424 1321 
2640 1424 1425 1321 
2641 1321 1425 1322 
2642 1425 1426 1322 
2643 1322 1426 1323 
2644 1426 1427 1323 
2645 1323 1427 1324 
2646 1427 1428 1324 
2647 1324 1428 1325 
2648 1428 1429 1325 
2649 1325 1429 1326 
2650 1429 1430 1326 
2651 1326 1430 1327 
2652 1430 1431 1327 
2653 1327 1431 1432 
2654 1327 1432 1328 
2655 1328 1432 1433 
2656 1328 1433 1329 
2657 1329 1433 1434 
2658 1329 1434 1330 
2659 1330 1434 1435 
2660 1330 1435 1331 
2661 1331 1435 1436 
2662 1331 1436 1332 
2663 1332 1436 1437 
2664 1332 1437 1333 
2665 1333 1437 1438 
2666 1333 1438 1334 
2667 1334 1438 1439 
2668 1334 1439 1335 
2669 1335 1439 1440 
2670 1335 1440 1336 
2671 1336 1440 1441 
2672 1336 1441 1337 
2673 1337 1441 1442 
2674 1337 1442 1338 
2675 1338 1442 1443 
2676 1338 1443 1339 
2677 1339 1443 1444 
2678 1339 1444 1340 
2679 1340 1444 1445 
2680 1340 1445 1341 
2681 1341 1445 1446 
2682 1341 1446 1342 
2683 1342 1446 1447 
2684 1342 1447 1343 
2685 1343 1447 1448 
2686 1343 1448 1344 
2687 1344 1448 1449 
2688 1344 1449 1345 
2689 1345 1449 1450 
2690 1345 1450 1346 
2691 1346 1450 1451 
2692 1346 1451 1347 
2693 1347 1451 1452 
2694 1347 1452 1348 
2695 1348 1452 1453 
2696 1348 1453 1349 
2697 1349 1453 1454 
2698 1349 1454 1350 
2699 1350 1454 1455 
2700 1350 1455 1351 
2701 1351 1455 1456 
2702 1351 1456 1352 
2703 1352 1456 1353 
2704 1352 1353 1249 
2705 1353 1457 1354 
2706 1457 1458 1354 
2707 1354 1458 1355 
2708 1458 1459 1355 
2709 1355 1459 1356 
2710 1459 1460 1356 
2711 1356 1460 1357 
2712 1460 1461 1357 
2713 1357 1461 1358 
2714 1461 1462 1358 
2715 1358 1462 1359 
2716 1462 1463 1359 
2717 1359 1463 1360 
2718 1463 1464 1360 
2719 1360 1464 1361 
2720 1464 1465 1361 
2721 1361 1465 1362 
2722 1465 1466 1362 
2723 1362 1466 1363 
2724 1466 1467 1363 
2725 1363 1467 1364 
2726 1467 1468 1364 
2727 1364 1468 1365 
2728 1468 1469 1365 
2729 1365 1469 1366 
2730 1469 1470 1366 
2731 1366 1470 1367 
2732 1470 1471 1367 
2733 1367 1471 1368 
2734 1471 1472 1368 
2735 1368 1472 1369 
2736 1472 1473 1369 
2737 1369 1473 1370 
2738 1473 1474 1370 
2739 1370 1474 1371 
2740 1474 1475 1371 
2741 1371 1475 1372 
2742 1475 1476 1372 
2743 1372 1476 1373 
2744 1476 1477 1373 
2745 1373 1477 1374 
2746 1477 1478 1374 
2747 1374 1478 1375 
2748 1478 1479 1375 
2749 1375 1479 1376 
2750 1479 1480 1376 
2751 1376 1480 1377 
2752 1480 1481 1377 
2753 1377 1481 1378 
2754 1481 1482 1378 
2755 1378 1482 1379 
2756 1482 1483 1379 
2757 1379 1483 1484 
2758 1379 1484 1380 
2759 1380 1484 1485 
2760 1380 1485 1381 
2761 1381 1485 1486 
2762 1381 1486 1382 
2763 1382 1486 1487 
2764 1382 1487 1383 
2765 1383 1487 1488 
2766 1383 1488 1384 
2767 1384 1488 1489 
2768 1384 1489 1385 
2769 1385 1489 1490 
2770 1385 1490 1386 
2771 1386 1490 1491 
2772 1386 1491 1387 
2773 1387 1491 1492 
2774 1387 1492 1388 
2775 1388 1492 1493 
2776 1388 1493 1389 
2777 1389 1493 1494 
2778 1389 1494 1390 
2779 1390 1494 1495 
2780 1390 1495 1391 
2781 1391 1495 1496 
2782 1391 1496 1392 
2783 1392 1496 1497 
2784 1392 1497 1393 
2785 1393 1497 1498 
2786 1393 1498 1394 
2787 1394 1498 1499 
2788 1394 1499 1395 
2789 1395 1499 1500 
2790 1395 1500 1396 
2791 1396 1500 1501 
2792 1396 1501 1397 
2793 1397 1501 1502 
2794 1397 1502 1398 
2795 1398 1502 1503 
2796 1398 1503 1399 
2797 1399 1503 1504 
2798 1399 1504 1400 
2799 1400 1504 1505 
2800 1400 1505 1401 
2801 1401 1505 1506 
2802 1401 1506 1402 
2803 1402 1506 1507 
2804 1402 1507 1403 
2805 1403 1507 1508 
2806 1403 1508 1404 
2807 1404 1508 1509 
2808 1404 1509 1405 
2809 1405 1509 1406 
2810 1509 1510 1406 
2811 1406 1510 1407 
2812 1510 1511 1407 
2813 1407 1511 1408 
2814 1511 1512 1408 
2815 1408 1512 1409 
2816 1512 1513 1409 
2817 1409 1513 1410 
2818 1513 1514 1410 
2819 1410 1514 1411 
2820 1514 1515 1411 
2821 1411 1515 1412 
2822 1515 1516 1412 
2823 1412 1516 1413 
2824 1516 1517 1413 
2825 1413 1517 1414 
2826 1517 1518 1414 
2827 1414 1518 1415 
2828 1518 1519 1415 
2829 1415 1519 1416 
2830 1519 1520 1416 
2831 1416 1520 1417 
2832 1520 1521 1417 
2833 1417 1521 1418 
2834 1521 1522 1418 
2835 1418 1522 1419 
2836 1522 1523 1419 
2837 1419 1523 1420 
2838 1523 1524 1420 
2839 1420 1524 1421 
2840 1524 1525 1421 
2841 1421 1525 1422 
2842 1525 1526 1422 
2843 1422 1526 1423 
2844 1526 1527 1423 
2845 1423 1527 1424 
2846 1527 1528 1424 
2847 1424 1528 1425 
2848 1528 1529 1425 
2849 1425 1529 1426 
2850 1529 1530 1426 
2851 1426 1530 1427 
2852 1530 1531 1427 
2853 1427 1531 1428 
2854 1531 1532 1428 
2855 1428 1532 1429 
2856 1532 1533 1429 
2857 1429 1533 1430 
2858 1533 1534 1430 
2859 1430 1534 1431 
2860 1534 1535 1431 
2861 1431 1535 1536 
2862 1431 1536 1432 
2863 1432 1536 1537 
2864 1432 1537 1433 
2865 1433 1537 1538 
2866 1433 1538 1434 
2867 1434 1538 1539 
2868 1434 1539 1435 
2869 1435 1539 1540 
2870 1435 1540 1436 
2871 1436 1540 1541 
2872 1436 1541 1437 
2873 1437 1541 1542 
2874 1437 1542 1438 
2875 1438 1542 1543 
2876 1438 1543 1439 
2877 1439 1543 1544 
2878 1439 1544 1440 
2879 1440 1544 1545 
2880 1440 1545 1441 
2881 1441 1545 1546 
2882 1441 1546 1442 
2883 1442 1546 1547 
2884 1442 1547 1443 
2885 1443 1547 1548 
2886 1443 1548 1444 
2887 1444 1548 1549 
2888 1444 1549 1445 
2889 1445 1549 1550 
2890 1445 1550 1446 
2891 1446 1550 1551 
2892 1446 1551 1447 
2893 1447 1551 1552 
2894 1447 1552 1448 
2895 1448 1552 1553 
2896 1448 1553 1449 
2897 1449 1553 1554 
2898 1449 1554 1450 
2899 1450 1554 1555 
2900 1450 1555 1451 
2901 1451 1555 1556 
2902 1451 1556 1452 
2903 1452 1556 1557 
2904 1452 1557 1453 
2905 1453 1557 1558 
2906 1453 1558 1454 
2907 1454 1558 1559 
2908 1454 1559 1455 
2909 1455 1559 1560 
2910 1455 1560 1456 
2911 1456 1560 1457 
2912 1456 1457 1353 
2913 1457 1561 1458 
2914 1561 1562 1458 
2915 1458 1562 1459 
2916 1562 1563 1459 
2917 1459 1563 1460 
2918 1563 1564 1460 
2919 1460 1564 1461 
2920 1564 1565 1461 
2921 1461 1565 1462 
2922 1565 1566 1462 
2923 1462 1566 1463 
2924 1566 1567 1463 
2925 1463 1567 1464 
2926 1567 1568 1464 
2927 1464 1568 1465 
2928 1568 1569 1465 
2929 1465 1569 1466 
2930 1569 1570 1466 
2931 1466 1570 1467 
2932 1570 1571 1467 
2933 1467 1571 1468 
2934 1571 1572 1468 
2935 1468 1572 1469 
2936 1572 1573 1469 
2937 1469 1573 1470 
2938 1573 1574 1470 
2939 1470 1574 1471 
2940 1574 1575 1471 
2941 1471 1575 1472 
2942 1575 1576 1472 
2943 1472 1576 1473 
2944 1576 1577 1473 
2945 1473 1577 1474 
2946 1577 1578 1474 
2947 1474 1578 1475 
2948 1578 1579 1475 
2949 1475 1579 1476 
2950 1579 1580 1476 
2951 1476 1580 1477 
2952 1580 1581 1477 
2953 1477 1581 1478 
2954 1581 1582 1478 
2955 1478 1582 1479 
2956 1582 1583 1479 
2957 1479 1583 1480 
2958 1583 1584 1480 
2959 1480 1584 1481 
2960 1584 1585 1481 
2961 1481 1585 1482 
2962 1585 1586 1482 
2963 1482 1586 1483 
2964 1586 1587 1483 
2965 1483 1587 1588 
2966 1483 1588 1484 
2967 1484 1588 1589 
2968 1484 1589 1485 
2969 1485 1589 1590 
2970 1485 1590 1486 
2971 1486 1590 1591 
2972 1486 1591 1487 
2973 1487 1591 1592 
2974 1487 1592 1488 
2975 1488 1592 1593 
2976 1488 1593 1489 
2977 1489 1593 1594 
2978 1489 1594 1490 
2979 1490 1594 1595 
2980 1490 1595 1491 
2981 1491 1595 1596 
2982 1491 1596 1492 
2983 1492 1596 1597 
2984 1492 1597 1493 
2985 1493 1597 1598 
2986 1493 1598 1494 
2987 1494 1598 1599 
2988 1494 1599 1495 
2989 1495 1599 1600 
2990 1495 1600 1496 
2991 1496 1600 1601 
2992 1496 1601 1497 
2993 1497 1601 1602 
2994 1497 1602 1498 
2995 1498 1602 1603 
2996 1498 1603 1499 
2997 1499 1603 1604 
2998 1499 1604 1500 
2999 1500 1604 1605 
3000 1500 1605 1501 
3001 1501 1605 1606 
3002 1501 1606 1502 
3003 1502 1606 1607 
3004 1502 1607 1503 
3005 1503 1607 1608 
3006 1503 1608 1504 
3007 1504 1608 1609 
3008 1504 1609 1505 
3009 1505 1609 1610 
3010 1505 1610 1506 
3011 1506 1610 1611 
3012 1506 1611 1507 
3013 1507 1611 1612 
3014 1507 1612 1508 
3015 1508 1612 1613 
3016 1508 1613 1509 
3017 1509 1613 1510 
3018 1613 1614 1510 
3019 1510 1614 1511 
3020 1614 1615 1511 
3021 1511 1615 1512 
3022 1615 1616 1512 
3023 1512 1616 1513 
3024 1616 1617 1513 
3025 1513 1617 1514 
3026 1617 1618 1514 
3027 1514 1618 1515 
3028 1618 1619 1515 
3029 1515 1619 1516 
3030 1619 1620 1516 
3031 1516 1620 1517 
3032 1620 1621 1517 
3033 1517 1621 1518 
3034 1621 1622 1518 
3035 1518 1622 1519 
3036 1622 1623 1519 
3037 1519 1623 1520 
3038 1623 1624 1520 
3039 1520 1624 1521 
3040 1624 1625 1521 
3041 1521 1625 1522 
3042 1625 1626 1522 
3043 1522 1626 1523 
3044 1626 1627 1523 
3045 1523 1627 1524 
3046 1627 1628 1524 
3047 1524 1628 1525 
3048 1628 1629 1525 
3049 1525 1629 1526 
3050 1629 1630 1526 
3051 1526 1630 1527 
3052 1630 1631 1527 
3053 1527 1631 1528 
3054 1631 1632 1528 
3055 1528 1632 1529 
3056 1632 1633 1529 
3057 1529 1633 1530 
3058 1633 1634 1530 
3059 1530 1634 1531 
3060 1634 1635 1531 
3061 1531 1635 1532 
3062 1635 1636 1532 
3063 1532 1636 1533 
3064 1636 1637 1533 
3065 1533 1637 1534 
3066 1637 1638 1534 
3067 1534 1638 1535 
3068 1638 1639 1535 
3069 1535 1639 1640 
3070 1535 1640 1536 
3071 1536 1640 1641 
3072 1536 1641 1537 
3073 1537 1641 1642 
3074 1537 1642 1538 
3075 1538 1642 1643 
3076 1538 1643 1539 
3077 1539 1643 1644 
3078 1539 1644 1540 
3079 1540 1644 1645 
3080 1540 1645 1541 
3081 1541 1645 1646 
3082 1541 1646 1542 
3083 1542 1646 1647 
3084 1542 1647 1543 
3085 1543 1647 1648 
3086 1543 1648 1544 
3087 1544 1648 1649 
3088 1544 1649 1545 
3089 1545 1649 1650 
3090 1545 1650 1546 
3091 1546 1650 1651 
3092 1546 1651 1547 
3093 1547 1651 1652 
3094 1547 1652 1548 
3095 1548 1652 1653 
3096 1548 1653 1549 
3097 1549 1653 1654 
3098 1549 1654 1550 
3099 1550 1654 1655 
3100 1550 1655 1551 
3101 1551 1655 1656 
3102 1551 1656 1552 
3103 1552 1656 1657 
3104 1552 1657 1553 
3105 1553 1657 1658 
3106 1553 1658 1554 
3107 1554 1658 1659 
3108 1554 1659 1555 
3109 1555 1659 1660 
3110 1555 1660 1556 
3111 1556 1660 1661 
3112 1556 1661 1557 
3113 1557 1661 1662 
3114 1557 1662 1558 
3115 1558 1662 1663 
3116 1558 1663 1559 
3117 1559 1663 1664 
3118 1559 1664 1560 
3119 1560 1664 1561 
3120 1560 1561 1457 
3121 1561 1665 1562 
3122 1665 1666 1562 
3123 1562 1666 1563 
3124 1666 1667 1563 
3125 1563 1667 1564 
3126 1667 1668 1564 
3127 1564 1668 1565 
3128 1668 1669 1565 
3129 1565 1669 1566 
3130 1669 1670 1566 
3131 1566 1670 1567 
3132 1670 1671 1567 
3133 1567 1671 1568 
3134 1671 1672 1568 
3135 1568 1672 1569 
3136 1672 1673 1569 
3137 1569 1673 1570 
3138 1673 1674 1570 
3139 1570 1674 1571 
3140 1674 1675 1571 
3141 1571 1675 1572 
3142 1675 1676 1572 
3143 1572 1676 1573 
3144 1676 1677 1573 
3145 1573 1677 1574 
3146 1677 1678 1574 
3147 1574 1678 1575 
3148 1678 1679 1575 
3149 1575 1679 1576 
3150 1679 1680 1576 
3151 1576 1680 1577 
3152 1680 1681 1577 
3153 1577 1681 1578 
3154 1681 1682 1578 
3155 1578 1682 1579 
3156 1682 1683 1579 
3157 1579 1683 1580 
3158 1683 1684 1580 
3159 1580 1684 1581 
3160 1684 1685 1581 
3161 1581 1685 1582 
3162 1685 1686 1582 
3163 1582 1686 1583 
3164 1686 1687 1583 
3165 1583 1687 1584 
3166 1687 1688 1584 
3167 1584 1688 1585 
3168 1688 1689 1585 
3169 1585 1689 1586 
3170 1689 1690 1586 
3171 1586 1690 1587 
3172 1690 1691 1587 
3173 1587 1691 1692 
3174 1587 1692 1588 
3175 1588 1692 1693 
3176 1588 1693 1589 
3177 1589 1693 1694 
3178 1589 1694 1590 
3179 1590 1694 1695 
3180 1590 1695 1591 
3181 1591 1695 1696 
3182 1591 1696 1592 
3183 1592 1696 1697 
3184 1592 1697 1593 
3185 1593 1697 1698 
3186 1593 1698 1594 
3187 1594 1698 1699 
3188 1594 1699 1595 
3189 1595 1699 1700 
3190 1595 1700 1596 
3191 1596 1700 1701 
3192 1596 1701 1597 
3193 1597 1701 1702 
3194 1597 1702 1598 
3195 1598 1702 1703 
3196 1598 1703 1599 
3197 1599 1703 1704 
3198 1599 1704 1600 
3199 1600 1704 1705 
3200 1600 1705 1601 
3201 1601 1705 1706 
3202 1601 1706 1602 
3203 1602 1706 1707 
3204 1602 1707 1603 
3205 1603 1707 1708 
3206 1603 1708 1604 
3207 1604 1708 1709 
3208 1604 1709 1605 
3209 1605 1709 1710 
3210 1605 1710 1606 
3211 1606 1710 1711 
3212 1606 1711 1607 
3213 1607 1711 1712 
3214 1607 1712 1608 
3215 1608 1712 1713 
3216 1608 1713 1609 
3217 1609 1713 1714 
3218 1609 1714 1610 
3219 1610 1714 1715 
3220 1610 1715 1611 
3221 1611 1715 1716 
3222 1611 1716 1612 
3223 1612 1716 1717 
3224 1612 1717 1613 
3225 1613 1717 1614 
3226 1717 1718 1614 
3227 1614 1718 1615 
3228 1718 1719 1615 
3229 1615 1719 1616 
3230 1719 1720 1616 
3231 1616 1720 1617 
3232 1720 1721 1617 
3233 1617 1721 1618 
3234 1721 1722 1618 
3235 1618 1722 1619 
3236 1722 1723 1619 
3237 1619 1723 1620 
3238 1723 1724 1620 
3239 1620 1724 1621 
3240 1724 1725 1621 
3241 1621 1725 1622 
3242 1725 1726 1622 
3243 1622 1726 1623 
3244 1726 1727 1623 
3245 1623 1727 1624 
3246 1727 1728 1624 
3247 1624 1728 1625 
3248 1728 1729 1625 
3249 1625 1729 1626 
3250 1729 1730 1626 
3251 1626 1730 1627 
3252 1730 1731 1627 
3253 1627 1731 1628 
3254 1731 1732 1628 
3255 1628 1732 1629 
3256 1732 1733 1629 
3257 1629 1733 1630 
3258 1733 1734 1630 
3259 1630 1734 1631 
3260 1734 1735 1631 
3261 1631 1735 1632 
3262 1735 1736 1632 
3263 1632 1736 1633 
3264 1736 1737 1633 
3265 1633 1737 1634 
3266 1737 1738 1634 
3267 1634 1738 1635 
3268 1738 1739 1635 
3269 1635 1739 1636 
3270 1739 1740 1636 
3271 1636 1740 1637 
3272 1740 1741 1637 
3273 1637 1741 1638 
3274 1741 1742 1638 
3275 1638 1742 1639 
3276 1742 1743 1639 
3277 1639 1743 1744 
3278 1639 1744 1640 
3279 1640 1744 1745 
3280 1640 1745 1641 
3281 1641 1745 1746 
3282 1641 1746 1642 
3283 1642 1746 1747 
3284 1642 1747 1643 
3285 1643 1747 1748 
3286 1643 1748 1644 
3287 1644 1748 1749 
3288 1644 1749 1645 
3289 1645 1749 1750 
3290 1645 1750 1646 
3291 1646 1750 1751 
3292 1646 1751 1647 
3293 1647 1751 1752 
3294 1647 1752 1648 
3295 1648 1752 1753 
3296 1648 1753 1649 
3297 1649 1753 1754 
3298 1649 1754 1650 
3299 1650 1754 1755 
3300 1650 1755 1651 
3301 1651 1755 1756 
3302 1651 1756 1652 
3303 1652 1756 1757 
3304 1652 1757 1653 
3305 1653 1757 1758 
3306 1653 1758 1654 
3307 1654 1758 1759 
3308 1654 1759 1655 
3309 1655 1759 1760 
3310 1655 1760 1656 
3311 1656 1760 1761 
3312 1656 1761 1657 
3313 1657 1761 1762 
3314 1657 1762 1658 
3315 1658 1762 1763 
3316 1658 1763 1659 
3317 1659 1763 1764 
3318 1659 1764 1660 
3319 1660 1764 1765 
3320 1660 1765 1661 
3321 1661 1765 1766 
3322 1661 1766 1662 
3323 1662 1766 1767 
3324 1662 1767 1663 
3325 1663 1767 1768 
3326 1663 1768 1664 
3327 1664 1768 1665 
3328 1664 1665 1561 
3329 1665 1770 1769 
3330 1665 1769 1666 
3331 1666 1769 1771 
3332 1666 1771 1667 
3333 1667 1771 1772 
3334 1667 1772 1668 
3335 1668 1772 1773 
3336 1668 1773 1669 
3337 1669 1773 1774 
3338 1669 1774 1670 
3339 1670 1774 1775 
3340 1670 1775 1671 
3341 1671 1775 1776 
3342 1671 1776 1672 
3343 1672 1776 1777 
3344 1672 1777 1673 
3345 1673 1777 1778 
3346 1673 1778 1674 
3347 1674 1778 1779 
3348 1674 1779 1675 
3349 1675 1779 1780 
3350 1675 1780 1676 
3351 1676 1780 1781 
3352 1676 1781 1677 
3353 1677 1781 1782 
3354 1677 1782 1678 
3355 1678 1782 1783 
3356 1678 1783 1679 
3357 1679 1783 1784 
3358 1679 1784 1680 
3359 1680 1784 1785 
3360 1680 1785 1681 
3361 1681 1785 1786 
3362 1681 1786 1682 
3363 1682 1786 1787 
3364 1682 1787 1683 
3365 1683 1787 1788 
3366 1683 1788 1684 
3367 1684 1788 1789 
3368 1684 1789 1685 
3369 1685 1789 1790 
3370 1685 1790 1686 
3371 1686 1790 1791 
3372 1686 1791 1687 
3373 1687 1791 1792 
3374 1687 1792 1688 
3375 1688 1792 1793 
3376 1688 1793 1689 
3377 1689 1793 1794 
3378 1689 1794 1690 
3379 1690 1794 1795 
3380 1690 1795 1691 
3381 1691 1795 1692 
3382 1795 1796 1692 
3383 1692 1796 1693 
3384 1796 1797 1693 
3385 1693 1797 1694 
3386 1797 1798 1694 
3387 1694 1798 1695 
3388 1798 1799 1695 
3389 1695 1799 1696 
3390 1799 1800 1696 
3391 1696 1800 1697 
3392 1800 1801 1697 
3393 1697 1801 1698 
3394 1801 1802 1698 
3395 1698 1802 1699 
3396 1802 1803 1699 
3397 1699 1803 1700 
3398 1803 1804 1700 
3399 1700 1804 1701 
3400 1804 1805 1701 
3401 1701 1805 1702 
3402 1805 1806 1702 
3403 1702 1806 1703 
3404 1806 1807 1703 
3405 1703 1807 1704 
3406 1807 1808 1704 
3407 1704 1808 1705 
3408 1808 1809 1705 
3409 1705 1809 1706 
3410 1809 1810 1706 
3411 1706 1810 1707 
3412 1810 1811 1707 
3413 1707 1811 1708 
3414 1811 1812 1708 
3415 1708 1812 1709 
3416 1812 1813 1709 
3417 1709 1813 1710 
3418 1813 1814 1710 
3419 1710 1814 1711 
3420 1814 1815 1711 
3421 1711 1815 1712 
3422 1815 1816 1712 
3423 1712 1816 1713 
3424 1816 1817 1713 
3425 1713 1817 1714 
3426 1817 1818 1714 
3427 1714 1818 1715 
3428 1818 1819 1715 
3429 1715 1819 1716 
3430 1819 1820 1716 
3431 1716 1820 1717 
3432 1820 1821 1717 
3433 1717 1821 1822 
3434 1717 1822 1718 
3435 1718 1822 1823 
3436 1718 1823 1719 
3437 1719 1823 1824 
3438 1719 1824 1720 
3439 1720 1824 1825 
3440 1720 1825 1721 
3441 1721 1825 1826 
3442 1721 1826 1722 
3443 1722 1826 1827 
3444 1722 1827 1723 
3445 1723 1827 1828 
3446 1723 1828 1724 
3447 1724 1828 1829 
3448 1724 1829 1725 
3449 1725 1829 1830 
3450 1725 1830 1726 
3451 1726 1830 1831 
3452 1726 1831 1727 
3453 1727 1831 1832 
3454 1727 1832 1728 
3455 1728 1832 1833 
3456 1728 1833 1729 
3457 1729 1833 1834 
3458 1729 1834 1730 
3459 1730 1834 1835 
3460 1730 1835 1731 
3461 1731 1835 1836 
3462 1731 1836 1732 
3463 1732 1836 1837 
3464 1732 1837 1733 
3465 1733 1837 1838 
3466 1733 1838 1734 
3467 1734 1838 1839 
3468 1734 1839 1735 
3469 1735 1839 1840 
3470 1735 1840 1736 
3471 1736 1840 1841 
3472 1736 1841 1737 
3473 1737 1841 1842 
3474 1737 1842 1738 
3475 1738 1842 1843 
3476 1738 1843 1739 
3477 1739 1843 1844 
3478 1739 1844 1740 
3479 1740 1844 1845 
3480 1740 1845 1741 
3481 1741 1845 1846 
3482 1741 1846 1742 
3483 1742 1846 1847 
3484 1742 1847 1743 
3485 1743 1847 1744 
3486 1847 1848 1744 
3487 1744 1848 1745 
3488 1848 1849 1745 
3489 1745 1849 1746 
3490 1849 1850 1746 
3491 1746 1850 1747 
3492 1850 1851 1747 
3493 1747 1851 1748 
3494 1851 1852 1748 
3495 1748 1852 1749 
3496 1852 1853 1749 
3497 1749 1853 1750 
3498 1853 1854 1750 
3499 1750 1854 1751 
3500 1854 1855 1751 
3501 1751 1855 1752 
3502 1855 1856 1752 
3503 1752 1856 1753 
3504 1856 1857 1753 
3505 1753 1857 1754 
3506 1857 1858 1754 
3507 1754 1858 1755 
3508 1858 1859 1755 
3509 1755 1859 1756 
3510 1859 1860 1756 
3511 1756 1860 1757 
3512 1860 1861 1757 
3513 1757 1861 1758 
3514 1861 1862 1758 
3515 1758 1862 1759 
3516 1862 1863 1759 
3517 1759 1863 1760 
3518 1863 1864 1760 
3519 1760 1864 1761 
3520 1864 1865 1761 
3521 1761 1865 1762 
3522 1865 1866 1762 
3523 1762 1866 1763 
3524 1866 1867 1763 
3525 1763 1867 1764 
3526 1867 1868 1764 
3527 1764 1868 1765 
3528 1868 1869 1765 
3529 1765 1869 1766 
3530 1869 1870 1766 
3531 1766 1870 1767 
3532 1870 1871 1767 
3533 1767 1871 1768 
3534 1871 1872 1768 
3535 1768 1872 1665 
3536 1872 1770 1665 
3537 1770 1874 1873 
3538 1770 1873 1769 
3539 1769 1873 1875 
3540 1769 1875 1771 
3541 1771 1875 1876 
3542 1771 1876 1772 
3543 1772 1876 1877 
3544 1772 1877 1773 
3545 1773 1877 1878 
3546 1773 1878 1774 
3547 1774 1878 1879 
3548 1774 1879 1775 
3549 1775 1879 1880 
3550 1775 1880 1776 
3551 1776 1880 1881 
3552 1776 1881 1777 
3553 1777 1881 1882 
3554 1777 1882 1778 
3555 1778 1882 1883 
3556 1778 1883 1779 
3557 1779 1883 1884 
3558 1779 1884 1780 
3559 1780 1884 1885 
3560 1780 1885 1781 
3561 1781 1885 1886 
3562 1781 1886 1782 
3563 1782 1886 1887 
3564 1782 1887 1783 
3565 1783 1887 1888 
3566 1783 1888 1784 
3567 1784 1888 1889 
3568 1784 1889 1785 
3569 1785 1889 1890 
3570 1785 1890 1786 
3571 1786 1890 1891 
3572 1786 1891 1787 
3573 1787 1891 1892 
3574 1787 1892 1788 
3575 1788 1892 1893 
3576 1788 1893 1789 
3577 1789 1893 1894 
3578 1789 1894 1790 
3579 1790 1894 1895 
3580 1790 1895 1791 
3581 1791 1895 1896 
3582 1791 1896 1792 
3583 1792 1896 1897 
3584 1792 1897 1793 
3585 1793 1897 1898 
3586 1793 1898 1794 
3587 1794 1898 1899 
3588 1794 1899 1795 
3589 1795 1899 1796 
3590 1899 1900 1796 
3591 1796 1900 1797 
3592 1900 1901 1797 
3593 1797 1901 1798 
3594 1901 1902 1798 
3595 1798 1902 1799 
3596 1902 1903 1799 
3597 1799 1903 1800 
3598 1903 1904 1800 
3599 1800 1904 1801 
3600 1904 1905 1801 
3601 1801 1905 1802 
3602 1905 1906 1802 
3603 1802 1906 1803 
3604 1906 1907 1803 
3605 1803 1907 1804 
3606 1907 1908 1804 
3607 1804 1908 1805 
3608 1908 1909 1805 
3609 1805 1909 1806 
3610 1909 1910 1806 
3611 1806 1910 1807 
3612 1910 1911 1807 
3613 1807 1911 1808 
3614 1911 1912 1808 
3615 1808 1912 1809 
3616 1912 1913 1809 
3617 1809 1913 1810 
3618 1913 1914 1810 
3619 1810 1914 1811 
3620 1914 1915 1811 
3621 1811 1915 1812 
3622 1915 1916 1812 
3623 1812 1916 1813 
3624 1916 1917 1813 
3625 1813 1917 1814 
3626 1917 1918 1814 
3627 1814 1918 1815 
3628 1918 1919 1815 
3629 1815 1919 1816 
3630 1919 1920 1816 
3631 1816 1920 1817 
3632 1920 1921 1817 
3633 1817 1921 1818 
3634 1921 1922 1818 
3635 1818 1922 1819 
3636 1922 1923 1819 
3637 1819 1923 1820 
3638 1923 1924 1820 
3639 1820 1924 1821 
3640 1924 1925 1821 
3641 1821 1925 1926 
3642 1821 1926 1822 
3643 1822 1926 1927 
3644 1822 1927 1823 
3645 1823 1927 1928 
3646 1823 1928 1824 
3647 1824 1928 1929 
3648 1824 1929 1825 
3649 1825 1929 1930 
3650 1825 1930 1826 
3651 1826 1930 1931 
3652 1826 1931 1827 
3653 1827 1931 1932 
3654 1827 1932 1828 
3655 1828 1932 1933 
3656 1828 1933 1829 
3657 1829 1933 1934 
3658 1829 1934 1830 
3659 1830 1934 1935 
3660 1830 1935 1831 
3661 1831 1935 1936 
3662 1831 1936 1832 
3663 1832 1936 1937 
3664 1832 1937 1833 
3665 1833 1937 1938 
3666 1833 1938 1834 
3667 1834 1938 1939 
3668 1834 1939 1835 
3669 1835 1939 1940 
3670 1835 1940 1836 
3671 1836 1940 1941 
3672 1836 1941 1837 
3673 1837 1941 1942 
3674 1837 1942 1838 
3675 1838 1942 1943 
3676 1838 1943 1839 
3677 1839 1943 1944 
3678 1839 1944 1840 
3679 1840 1944 1945 
3680 1840 1945 1841 
3681 1841 1945 1946 
3682 1841 1946 1842 
3683 1842 1946 1947 
3684 1842 1947 1843 
3685 1843 1947 1948 
3686 1843 1948 1844 
3687 1844 1948 1949 
3688 1844 1949 1845 
3689 1845 1949 1950 
3690 1845 1950 1846 
3691 1846 1950 1951 
3692 1846 1951 1847 
3693 1847 1951 1848 
3694 1951 1952 1848 
3695 1848 1952 1849 
3696 1952 1953 1849 
3697 1849 1953 1850 
3698 1953 1954 1850 
3699 1850 1954 1851 
3700 1954 1955 1851 
3701 1851 1955 1852 
3702 1955 1956 1852 
3703 1852 1956 1853 
3704 1956 1957 1853 
3705 1853 1957 1854 
3706 1957 1958 1854 
3707 1854 1958 1855 
3708 1958 1959 1855 
3709 1855 1959 1856 
3710 1959 1960 1856 
3711 1856 1960 1857 
3712 1960 1961 1857 
3713 1857 1961 1858 
3714 1961 1962 1858 
3715 1858 1962 1859 
3716 1962 1963 1859 
3717 1859 1963 1860 
3718 1963 1964 1860 
3719 1860 1964 1861 
3720 1964 1965 1861 
3721 1861 1965 1862 
3722 1965 1966 1862 
3723 1862 1966 1863 
3724 1966 1967 1863 
3725 1863 1967 1864 
3726 1967 1968 1864 
3727 1864 1968 1865 
3728 1968 1969 1865 
3729 1865 1969 1866 
3730 1969 1970 1866 
3731 1866 1970 1867 
3732 1970 1971 1867 
3733 1867 1971 1868 
3734 1971 1972 1868 
3735 1868 1972 1869 
3736 1972 1973 1869 
3737 1869 1973 1870 
3738 1973 1974 1870 
3739 1870 1974 1871 
3740 1974 1975 1871 
3741 1871 1975 1872 
3742 1975 1976 1872 
3743 1872 1976 1770 
3744 1976 1874 1770 
3745 1874 1978 1977 
3746 1874 1977 1873 
3747 1873 1977 1979 
3748 1873 1979 1875 
3749 1875 1979 1980 
3750 1875 1980 1876 
3751 1876 1980 1981 
3752 1876 1981 1877 
3753 1877 1981 1982 
3754 1877 1982 1878 
3755 1878 1982 1983 
3756 1878 1983 1879 
3757 1879 1983 1984 
3758 1879 1984 1880 
3759 1880 1984 1985 
3760 1880 1985 1881 
3761 1881 1985 1986 
3762 1881 1986 1882 
3763 1882 1986 1987 
3764 1882 1987 1883 
3765 1883 1987 1988 
3766 1883 1988 1884 
3767 1884 1988 1989 
3768 1884 1989 1885 
3769 1885 1989 1990 
3770 1885 1990 1886 
3771 1886 1990 1991 
3772 1886 1991 1887 
3773 1887 1991 1992 
3774 1887 1992 1888 
3775 1888 1992 1993 
3776 1888 1993 1889 
3777 1889 1993 1994 
3778 1889 1994 1890 
3779 1890 1994 1995 
3780 1890 1995 1891 
3781 1891 1995 1996 
3782 1891 1996 1892 
3783 1892 1996 1997 
3784 1892 1997 1893 
3785 1893 1997 1998 
3786 1893 1998 1894 
3787 1894 1998 1999 
3788 1894 1999 1895 
3789 1895 1999 2000 
3790 1895 2000 1896 
3791 1896 2000 2001 
3792 1896 2001 1897 
3793 1897 2001 2002 
3794 1897 2002 1898 
3795 1898 2002 2003 
3796 1898 2003 1899 
3797 1899 2003 1900 
3798 2003 2004 1900 
3799 1900 2004 1901 
3800 2004 2005 1901 
3801 1901 2005 1902 
3802 2005 2006 1902 
3803 1902 2006 1903 
3804 2006 2007 1903 
3805 1903 2007 1904 
3806 2007 2008 1904 
3807 1904 2008 1905 
3808 2008 2009 1905 
3809 1905 2009 1906 
3810 2009 2010 1906 
3811 1906 2010 1907 
3812 2010 2011 1907 
3813 1907 2011 1908 
3814 2011 2012 1908 
3815 1908 2012 1909 
3816 2012 2013 1909 
3817 1909 2013 1910 
3818 2013 2014 1910 
3819 1910 2014 1911 
3820 2014 2015 1911 
3821 1911 2015 1912 
3822 2015 2016 1912 
3823 1912 2016 1913 
3824 2016 2017 1913 
3825 1913 2017 1914 
3826 2017 2018 1914 
3827 1914 2018 1915 
3828 2018 2019 1915 
3829 1915 2019 1916 
3830 2019 2020 1916 
3831 1916 2020 1917 
3832 2020 2021 1917 
3833 1917 2021 1918 
3834 2021 2022 1918 
3835 1918 2022 1919 
3836 2022 2023 1919 
3837 1919 2023 1920 
3838 2023 2024 1920 
3839 1920 2024 1921 
3840 2024 2025 1921 
3841 1921 2025 1922 
3842 2025 2026 1922 
3843 1922 2026 1923 
3844 2026 2027 1923 
3845 1923 2027 1924 
3846 2027 2028 1924 
3847 1924 2028 1925 
3848 2028 2029 1925 
3849 1925 2029 2030 
3850 1925 2030 1926 
3851 1926 2030 2031 
3852 1926 2031 1927 
3853 1927 2031 2032 
3854 1927 2032 1928 
3855 1928 2032 2033 
3856 1928 2033 1929 
3857 1929 2033 2034 
3858 1929 2034 1930 
3859 1930 2034 2035 
3860 1930 2035 1931 
3861 1931 2035 2036 
3862 1931 2036 1932 
3863 1932 2036 2037 
3864 1932 2037 1933 
3865 1933 2037 2038 
3866 1933 2038 1934 
3867 1934 2038 2039 
3868 1934 2039 1935 
3869 1935 2039 2040 
3870 1935 2040 1936 
3871 1936 2040 2041 
3872 1936 2041 1937 
3873 1937 2041 2042 
3874 1937 2042 1938 
3875 1938 2042 2043 
3876 1938 2043 1939 
3877 1939 2043 2044 
3878 1939 2044 1940 
3879 1940 2044 2045 
3880 1940 2045 1941 
3881 1941 2045 2046 
3882 1941 2046 1942 
3883 1942 2046 2047 
3884 1942 2047 1943 
3885 1943 2047 2048 
3886 1943 2048 1944 
3887 1944 2048 2049 
3888 1944 2049 1945 
3889 1945 2049 2050 
3890 1945 2050 1946 
3891 1946 2050 2051 
3892 1946 2051 1947 
3893 1947 2051 2052 
3894 1947 2052 1948 
3895 1948 2052 2053 
3896 1948 2053 1949 
3897 1949 2053 2054 
3898 1949 2054 1950 
3899 1950 2054 2055 
3900 1950 2055 1951 
3901 1951 2055 1952 
3902 2055 2056 1952 
3903 1952 2056 1953 
3904 2056 2057 1953 
3905 1953 2057 1954 
3906 2057 2058 1954 
3907 1954 2058 1955 
3908 2058 2059 1955 
3909 1955 2059 1956 
3910 2059 2060 1956 
3911 1956 2060 1957 
3912 2060 2061 1957 
3913 1957 2061 1958 
3914 2061 2062 1958 
3915 1958 2062 1959 
3916 2062 2063 1959 
3917 1959 2063 1960 
3918 2063 2064 1960 
3919 1960 2064 1961 
3920 2064 2065 1961 
3921 1961 2065 1962 
3922 2065 2066 1962 
3923 1962 2066 1963 
3924 2066 2067 1963 
3925 1963 2067 1964 
3926 2067 2068 1964 
3927 1964 2068 1965 
3928 2068 2069 1965 
3929 1965 2069 1966 
3930 2069 2070 1966 
3931 1966 2070 1967 
3932 2070 2071 1967 
3933 1967 2071 1968 
3934 2071 2072 1968 
3935 1968 2072 1969 
3936 2072 2073 1969 
3937 1969 2073 1970 
3938 2073 2074 1970 
3939 1970 2074 1971 
3940 2074 2075 1971 
3941 1971 2075 1972 
3942 2075 2076 1972 
3943 1972 2076 1973 
3944 2076 2077 1973 
3945 1973 2077 1974 
3946 2077 2078 1974 
3947 1974 2078 1975 
3948 2078 2079 1975 
3949 1975 2079 1976 
3950 2079 2080 1976 
3951 1976 2080 1874 
3952 2080 1978 1874 
3953 1978 2082 2081 
3954 1978 2081 1977 
3955 1977 2081 2083 
3956 1977 2083 1979 
3957 1979 2083 2084 
3958 1979 2084 1980 
3959 1980 2084 2085 
3960 1980 2085 1981 
3961 1981 2085 2086 
3962 1981 2086 1982 
3963 1982 2086 2087 
3964 1982 2087 1983 
3965 1983 2087 2088 
3966 1983 2088 1984 
3967 1984 2088 2089 
3968 1984 2089 1985 
3969 1985 2089 2090 
3970 1985 2090 1986 
3971 1986 2090 2091 
3972 1986 2091 1987 
3973 1987 2091 2092 
3974 1987 2092 1988 
3975 1988 2092 2093 
3976 1988 2093 1989 
3977 1989 2093 2094 
3978 1989 2094 1990 
3979 1990 2094 2095 
3980 1990 2095 1991 
3981 1991 2095 2096 
3982 1991 2096 1992 
3983 1992 2096 2097 
3984 1992 2097 1993 
3985 1993 2097 2098 
3986 1993 2098 1994 
3987 1994 2098 2099 
3988 1994 2099 1995 
3989 1995 2099 2100 
3990 1995 2100 1996 
3991 1996 2100 2101 
3992 1996 2101 1997 
3993 1997 2101 2102 
3994 1997 2102 1998 
3995 1998 2102 2103 
3996 1998 2103 1999 
3997 1999 2103 2104 
3998 1999 2104 2000 
3999 2000 2104 2105 
4000 2000 2105 2001 
4001 2001 2105 2106 
4002 2001 2106 2002 
4003 2002 2106 2107 
4004 2002 2107 2003 
4005 2003 2107 2004 
4006 2107 2108 2004 
4007 2004 2108 2005 
4008 2108 2109 2005 
4009 2005 2109 2006 
4010 2109 2110 2006 
4011 2006 2110 2007 
4012 2110 2111 2007 
4013 2007 2111 2008 
4014 2111 2112 2008 
4015 2008 2112 2009 
4016 2112 2113 2009 
4017 2009 2113 2010 
4018 2113 2114 2010 
4019 2010 2114 2011 
4020 2114 2115 2011 
4021 2011 2115 2012 
4022 2115 2116 2012 
4023 2012 2116 2013 
4024 2116 2117 2013 
4025 2013 2117 2014 
4026 2117 2118 2014 
4027 2014 2118 2015 
4028 2118 2119 2015 
4029 2015 2119 2016 
4030 2119 2120 2016 
4031 2016 2120 2017 
4032 2120 2121 2017 
4033 2017 2121 2018 
4034 2121 2122 2018 
4035 2018 2122 2019 
4036 2122 2123 2019 
4037 2019 2123 2020 
4038 2123 2124 2020 
4039 2020 2124 2021 
4040 2124 2125 2021 
4041 2021 2125 2022 
4042 2125 2126 2022 
4043 2022 2126 2023 
4044 2126 2127 2023 
4045 2023 2127 2024 
4046 2127 2128 2024 
4047 2024 2128 2025 
4048 2128 2129 2025 
4049 2025 2129 2026 
4050 2129 2130 2026 
4051 2026 2130 2027 
4052 2130 2131 2027 
4053 2027 2131 2028 
4054 2131 2132 2028 
4055 2028 2132 2029 
4056 2132 2133 2029 
4057 2029 2133 2134 
4058 2029 2134 2030 
4059 2030 2134 2135 
4060 2030 2135 2031 
4061 2031 2135 2136 
4062 2031 2136 2032 
4063 2032 2136 2137 
4064 2032 2137 2033 
4065 2033 2137 2138 
4066 2033 2138 2034 
4067 2034 2138 2139 
4068 2034 2139 2035 
4069 2035 2139 2140 
4070 2035 2140 2036 
4071 2036 2140 2141 
4072 2036 2141 2037 
4073 2037 2141 2142 
4074 2037 2142 2038 
4075 2038 2142 2143 
4076 2038 2143 2039 
4077 2039 2143 2144 
4078 2039 2144 2040 
4079 2040 2144 2145 
4080 2040 2145 2041 
4081 2041 2145 2146 
4082 2041 2146 2042 
4083 2042 2146 2147 
4084 2042 2147 2043 
4085 2043 2147 2148 
4086 2043 2148 2044 
4087 2044 2148 2149 
4088 2044 2149 2045 
4089 2045 2149 2150 
4090 2045 2150 2046 
4091 2046 2150 2151 
4092 2046 2151 2047 
4093 2047 2151 2152 
4094 2047 2152 2048 
4095 2048 2152 2153 
4096 2048 2153 2049 
4097 2049 2153 2154 
4098 2049 2154 2050 
4099 2050 2154 2155 
4100 2050 2155 2051 
4101 2051 2155 2156 
4102 2051 2156 2052 
4103 2052 2156 2157 
4104 2052 2157 2053 
4105 2053 2157 2158 
4106 2053 2158 2054 
4107 2054 2158 2159 
4108 2054 2159 2055 
4109 2055 2159 2056 
4110 2159 2160 2056 
4111 2056 2160 2057 
4112 2160 2161 2057 
4113 2057 2161 2058 
4114 2161 2162 2058 
4115 2058 2162 2059 
4116 2162 2163 2059 
4117 2059 2163 2060 
4118 2163 2164 2060 
4119 2060 2164 2061 
4120 2164 2165 2061 
4121 2061 2165 2062 
4122 2165 2166 2062 
4123 2062 2166 2063 
4124 2166 2167 2063 
4125 2063 2167 2064 
4126 2167 2168 2064 
4127 2064 2168 2065 
4128 2168 2169 2065 
4129 2065 2169 2066 
4130 2169 2170 2066 
4131 2066 2170 2067 
4132 2170 2171 2067 
4133 2067 2171 2068 
4134 2171 2172 2068 
4135 2068 2172 2069 
4136 2172 2173 2069 
4137 2069 2173 2070 
4138 2173 2174 2070 
4139 2070 2174 2071 
4140 2174 2175 2071 
4141 2071 2175 2072 
4142 2175 2176 2072 
4143 2072 2176 2073 
4144 2176 2177 2073 
4145 2073 2177 2074 
4146 2177 2178 2074 
4147 2074 2178 2075 
4148 2178 2179 2075 
4149 2075 2179 2076 
4150 2179 2180 2076 
4151 2076 2180 2077 
4152 2180 2181 2077 
4153 2077 2181 2078 
4154 2181 2182 2078 
4155 2078 2182 2079 
4156 2182 2183 2079 
4157 2079 2183 2080 
4158 2183 2184 2080 
4159 2080 2184 1978 
4160 2184 2082 1978 
4161 2082 2186 2185 
4162 2082 2185 2081 
4163 2081 2185 2187 
4164 2081 2187 2083 
4165 2083 2187 2188 
4166 2083 2188 2084 
4167 2084 2188 2189 
4168 2084 2189 2085 
4169 2085 2189 2190 
4170 2085 2190 2086 
4171 2086 2190 2191 
4172 2086 2191 2087 
4173 2087 2191 2192 
4174 2087 2192 2088 
4175 2088 2192 2193 
4176 2088 2193 2089 
4177 2089 2193 2194 
4178 2089 2194 2090 
4179 2090 2194 2195 
4180 2090 2195 2091 
4181 2091 2195 2196 
4182 2091 2196 2092 
4183 2092 2196 2197 
4184 2092 2197 2093 
4185 2093 2197 2198 
4186 2093 2198 2094 
4187 2094 2198 2199 
4188 2094 2199 2095 
4189 2095 2199 2200 
4190 2095 2200 2096 
4191 2096 2200 2201 
4192 2096 2201 2097 
4193 2097 2201 2202 
4194 2097 2202 2098 
4195 2098 2202 2203 
4196 2098 2203 2099 
4197 2099 2203 2204 
4198 2099 2204 2100 
4199 2100 2204 2205 
4200 2100 2205 2101 
4201 2101 2205 2206 
4202 2101 2206 2102 
4203 2102 2206 2207 
4204 2102 2207 2103 
4205 2103 2207 2208 
4206 2103 2208 2104 
4207 2104 2208 2209 
4208 2104 2209 2105 
4209 2105 2209 2210 
4210 2105 2210 2106 
4211 2106 2210 2211 
4212 2106 2211 2107 
4213 2107 2211 2108 
4214 2211 2212 2108 
4215 2108 2212 2109 
4216 2212 2213 2109 
4217 2109 2213 2110 
4218 2213 2214 2110 
4219 2110 2214 2111 
4220 2214 2215 2111 
4221 2111 2215 2112 
4222 2215 2216 2112 
4223 2112 2216 2113 
4224 2216 2217 2113 
4225 2113 2217 2114 
4226 2217 2218 2114 
4227 2114 2218 2115 
4228 2218 2219 2115 
4229 2115 2219 2116 
4230 2219 2220 2116 
4231 2116 2220 2117 
4232 2220 2221 2117 
4233 2117 2221 2118 
4234 2221 2222 2118 
4235 2118 2222 2119 
4236 2222 2223 2119 
4237 2119 2223 2120 
4238 2223 2224 2120 
4239 2120 2224 2121 
4240 2224 2225 2121 
4241 2121 2225 2122 
4242 2225 2226 2122 
4243 2122 2226 2123 
4244 2226 2227 2123 
4245 2123 2227 2124 
4246 2227 2228 2124 
4247 2124 2228 2125 
4248 2228 2229 2125 
4249 2125 2229 2126 
4250 2229 2230 2126 
4251 2126 2230 2127 
4252 2230 2231 2127 
4253 2127 2231 2128 
4254 2231 2232 2128 
4255 2128 2232 2129 
4256 2232 2233 2129 
4257 2129 2233 2130 
4258 2233 2234 2130 
4259 2130 2234 2131 
4260 2234 2235 2131 
4261 2131 2235 2132 
4262 2235 2236 2132 
4263 2132 2236 2133 
4264 2236 2237 2133 
4265 2133 2237 2238 
4266 2133 2238 2134 
4267 2134 2238 2239 
4268 2134 2239 2135 
4269 2135 2239 2240 
4270 2135 2240 2136 
4271 2136 2240 2241 
4272 2136 2241 2137 
4273 2137 2241 2242 
4274 2137 2242 2138 
4275 2138 2242 2243 
4276 2138 2243 2139 
4277 2139 2243 2244 
4278 2139 2244 2140 
4279 2140 2244 2245 
4280 2140 2245 2141 
4281 2141 2245 2246 
4282 2141 2246 2142 
4283 2142 2246 2247 
4284 2142 2247 2143 
4285 2143 2247 2248 
4286 2143 2248 2144 
4287 2144 2248 2249 
4288 2144 2249 2145 
4289 2145 2249 2250 
4290 2145 2250 2146 
4291 2146 2250 2251 
4292 2146 2251 2147 
4293 2147 2251 2252 
4294 2147 2252 2148 
4295 2148 2252 2253 
4296 2148 2253 2149 
4297 2149 2253 2254 
4298 2149 2254 2150 
4299 2150 2254 2255 
4300 2150 2255 2151 
4301 2151 2255 2256 
4302 2151 2256 2152 
4303 2152 2256 2257 
4304 2152 2257 2153 
4305 2153 2257 2258 
4306 2153 2258 2154 
4307 2154 2258 2259 
4308 2154 2259 2155 
4309 2155 2259 2260 
4310 2155 2260 2156 
4311 2156 2260 2261 
4312 2156 2261 2157 
4313 2157 2261 2262 
4314 2157 2262 2158 
4315 2158 2262 2263 
4316 2158 2263 2159 
4317 2159 2263 2160 
4318 2263 2264 2160 
4319 2160 2264 2161 
4320 2264 2265 2161 
4321 2161 2265 2162 
4322 2265 2266 2162 
4323 2162 2266 2163 
4324 2266 2267 2163 
4325 2163 2267 2164 
4326 2267 2268 2164 
4327 2164 2268 2165 
4328 2268 2269 2165 
4329 2165 2269 2166 
4330 2269 2270 2166 
4331 2166 2270 2167 
4332 2270 2271 2167 
4333 2167 2271 2168 
4334 2271 2272 2168 
4335 2168 2272 2169 
4336 2272 2273 2169 
4337 2169 2273 2170 
4338 2273 2274 2170 
4339 2170 2274 2171 
4340 2274 2275 2171 
4341 2171 2275 2172 
4342 2275 2276 2172 
4343 2172 2276 2173 
4344 2276 2277 2173 
4345 2173 2277 2174 
4346 2277 2278 2174 
4347 2174 2278 2175 
4348 2278 2279 2175 
4349 2175 2279 2176 
4350 2279 2280 2176 
4351 2176 2280 2177 
4352 2280 2281 2177 
4353 2177 2281 2178 
4354 2281 2282 2178 
4355 2178 2282 2179 
4356 2282 2283 2179 
4357 2179 2283 2180 
4358 2283 2284 2180 
4359 2180 2284 2181 
4360 2284 2285 2181 
4361 2181 2285 2182 
4362 2285 2286 2182 
4363 2182 2286 2183 
4364 2286 2287 2183 
4365 2183 2287 2184 
4366 2287 2288 2184 
4367 2184 2288 2082 
4368 2288 2186 2082 
4369 2186 2290 2289 
4370 2186 2289 2185 
4371 2185 2289 2291 
4372 2185 2291 2187 
4373 2187 2291 2292 
4374 2187 2292 2188 
4375 2188 2292 2293 
4376 2188 2293 2189 
4377 2189 2293 2294 
4378 2189 2294 2190 
4379 2190 2294 2295 
4380 2190 2295 2191 
4381 2191 2295 2296 
4382 2191 2296 2192 
4383 2192 2296 2297 
4384 2192 2297 2193 
4385 2193 2297 2298 
4386 2193 2298 2194 
4387 2194 2298 2299 
4388 2194 2299 2195 
4389 2195 2299 2300 
4390 2195 2300 2196 
4391 2196 2300 2301 
4392 2196 2301 2197 
4393 2197 2301 2302 
4394 2197 2302 2198 
4395 2198 2302 2303 
4396 2198 2303 2199 
4397 2199 2303 2304 
4398 2199 2304 2200 
4399 2200 2304 2305 
4400 2200 2305 2201 
4401 2201 2305 2306 
4402 2201 2306 2202 
4403 2202 2306 2307 
4404 2202 2307 2203 
4405 2203 2307 2308 
4406 2203 2308 2204 
4407 2204 2308 2309 
4408 2204 2309 2205 
4409 2205 2309 2310 
4410 2205 2310 2206 
4411 2206 2310 2311 
4412 2206 2311 2207 
4413 2207 2311 2312 
4414 2207 2312 2208 
4415 2208 2312 2313 
4416 2208 2313 2209 
4417 2209 2313 2314 
4418 2209 2314 2210 
4419 2210 2314 2315 
4420 2210 2315 2211 
4421 2211 2315 2212 
4422 2315 2316 2212 
4423 2212 2316 2213 
4424 2316 2317 2213 
4425 2213 2317 2214 
4426 2317 2318 2214 
4427 2214 2318 2215 
4428 2318 2319 2215 
4429 2215 2319 2216 
4430 2319 2320 2216 
4431 2216 2320 2217 
4432 2320 2321 2217 
4433 2217 2321 2218 
4434 2321 2322 2218 
4435 2218 2322 2219 
4436 2322 2323 2219 
4437 2219 2323 2220 
4438 2323 2324 2220 
4439 2220 2324 2221 
4440 2324 2325 2221 
4441 2221 2325 2222 
4442 2325 2326 2222 
4443 2222 2326 2223 
4444 2326 2327 2223 
4445 2223 2327 2224 
4446 2327 2328 2224 
4447 2224 2328 2225 
4448 2328 2329 2225 
4449 2225 2329 2226 
4450 2329 2330 2226 
4451 2226 2330 2227 
4452 2330 2331 2227 
4453 2227 2331 2228 
4454 2331 2332 2228 
4455 2228 2332 2229 
4456 2332 2333 2229 
4457 2229 2333 2230 
4458 2333 2334 2230 
4459 2230 2334 2231 
4460 2334 2335 2231 
4461 2231 2335 2232 
4462 2335 2336 2232 
4463 2232 2336 2233 
4464 2336 2337 2233 
4465 2233 2337 2234 
4466 2337 2338 2234 
4467 2234 2338 2235 
4468 2338 2339 2235 
4469 2235 2339 2236 
4470 2339 2340 2236 
4471 2236 2340 2237 
4472 2340 2341 2237 
4473 2237 2341 2342 
4474 2237 2342 2238 
4475 2238 2342 2343 
4476 2238 2343 2239 
4477 2239 2343 2344 
4478 2239 2344 2240 
4479 2240 2344 2345 
4480 2240 2345 2241 
4481 2241 2345 2346 
4482 2241 2346 2242 
4483 2242 2346 2347 
4484 2242 2347 2243 
4485 2243 2347 2348 
4486 2243 2348 2244 
4487 2244 2348 2349 
4488 2244 2349 2245 
4489 2245 2349 2350 
4490 2245 2350 2246 
4491 2246 2350 2351 
4492 2246 2351 2247 
4493 2247 2351 2352 
4494 2247 2352 2248 
4495 2248 2352 2353 
4496 2248 2353 2249 
4497 2249 2353 2354 
4498 2249 2354 2250 
4499 2250 2354 2355 
4500 2250 2355 2251 
4501 2251 2355 2356 
4502 2251 2356 2252 
4503 2252 2356 2357 
4504 2252 2357 2253 
4505 2253 2357 2358 
4506 2253 2358 2254 
4507 2254 2358 2359 
4508 2254 2359 2255 
4509 2255 2359 2360 
4510 2255 2360 2256 
4511 2256 2360 2361 
4512 2256 2361 2257 
4513 2257 2361 2362 
4514 2257 2362 2258 
4515 2258 2362 2363 
4516 2258 2363 2259 
4517 2259 2363 2364 
4518 2259 2364 2260 
4519 2260 2364 2365 
4520 2260 2365 2261 
4521 2261 2365 2366 
4522 2261 2366 2262 
4523 2262 2366 2367 
4524 2262 2367 2263 
4525 2263 2367 2264 
4526 2367 2368 2264 
4527 2264 2368 2265 
4528 2368 2369 2265 
4529 2265 2369 2266 
4530 2369 2370 2266 
4531 2266 2370 2267 
4532 2370 2371 2267 
4533 2267 2371 2268 
4534 2371 2372 2268 
4535 2268 2372 2269 
4536 2372 2373 2269 
4537 2269 2373 2270 
4538 2373 2374 2270 
4539 2270 2374 2271 
4540 2374 2375 2271 
4541 2271 2375 2272 
4542 2375 2376 2272 
4543 2272 2376 2273 
4544 2376 2377 2273 
4545 2273 2377 2274 
4546 2377 2378 2274 
4547 2274 2378 2275 
4548 2378 2379 2275 
4549 2275 2379 2276 
4550 2379 2380 2276 
4551 2276 2380 2277 
4552 2380 2381 2277 
4553 2277 2381 2278 
4554 2381 2382 2278 
4555 2278 2382 2279 
4556 2382 2383 2279 
4557 2279 2383 2280 
4558 2383 2384 2280 
4559 2280 2384 2281 
4560 2384 2385 2281 
4561 2281 2385 2282 
4562 2385 2386 2282 
4563 2282 2386 2283 
4564 2386 2387 2283 
4565 2283 2387 2284 
4566 2387 2388 2284 
4567 2284 2388 2285 
4568 2388 2389 2285 
4569 2285 2389 2286 
4570 2389 2390 2286 
4571 2286 2390 2287 
4572 2390 2391 2287 
4573 2287 2391 2288 
4574 2391 2392 2288 
4575 2288 2392 2186 
4576 2392 2290 2186 
4577 2290 2394 2393 
4578 2290 2393 2289 
4579 2289 2393 2395 
4580 2289 2395 2291 
4581 2291 2395 2396 
4582 2291 2396 2292 
4583 2292 2396 2397 
4584 2292 2397 2293 
4585 2293 2397 2398 
4586 2293 2398 2294 
4587 2294 2398 2399 
4588 2294 2399 2295 
4589 2295 2399 2400 
4590 2295 2400 2296 
4591 2296 2400 2401 
4592 2296 2401 2297 
4593 2297 2401 2402 
4594 2297 2402 2298 
4595 2298 2402 2403 
4596 2298 2403 2299 
4597 2299 2403 2404 
4598 2299 2404 2300 
4599 2300 2404 2405 
4600 2300 2405 2301 
4601 2301 2405 2406 
4602 2301 2406 2302 
4603 2302 2406 2407 
4604 2302 2407 2303 
4605 2303 2407 2408 
4606 2303 2408 2304 
4607 2304 2408 2409 
4608 2304 2409 2305 
4609 2305 2409 2410 
4610 2305 2410 2306 
4611 2306 2410 2411 
4612 2306 2411 2307 
4613 2307 2411 2412 
4614 2307 2412 2308 
4615 2308 2412 2413 
4616 2308 2413 2309 
4617 2309 2413 2414 
4618 2309 2414 2310 
4619 2310 2414 2415 
4620 2310 2415 2311 
4621 2311 2415 2416 
4622 2311 2416 2312 
4623 2312 2416 2417 
4624 2312 2417 2313 
4625 2313 2417 2418 
4626 2313 2418 2314 
4627 2314 2418 2419 
4628 2314 2419 2315 
4629 2315 2419 2316 
4630 2419 2420 2316 
4631 2316 2420 2317 
4632 2420 2421 2317 
4633 2317 2421 2318 
4634 2421 2422 2318 
4635 2318 2422 2319 
4636 2422 2423 2319 
4637 2319 2423 2320 
4638 2423 2424 2320 
4639 2320 2424 2321 
4640 2424 2425 2321 
4641 2321 2425 2322 
4642 2425 2426 2322 
4643 2322 2426 2323 
4644 2426 2427 2323 
4645 2323 2427 2324 
4646 2427 2428 2324 
4647 2324 2428 2325 
4648 2428 2429 2325 
4649 2325 2429 2326 
4650 2429 2430 2326 
4651 2326 2430 2327 
4652 2430 2431 2327 
4653 2327 2431 2328 
4654 2431 2432 2328 
4655 2328 2432 2329 
4656 2432 2433 2329 
4657 2329 2433 2330 
4658 2433 2434 2330 
4659 2330 2434 2331 
4660 2434 2435 2331 
4661 2331 2435 2332 
4662 2435 2436 2332 
4663 2332 2436 2333 
4664 2436 2437 2333 
4665 2333 2437 2334 
4666 2437 2438 2334 
4667 2334 2438 2335 
4668 2438 2439 2335 
4669 2335 2439 2336 
4670 2439 2440 2336 
4671 2336 2440 2337 
4672 2440 2441 2337 
4673 2337 2441 2338 
4674 2441 2442 2338 
4675 2338 2442 2339 
4676 2442 2443 2339 
4677 2339 2443 2340 
4678 2443 2444 2340 
4679 2340 2444 2341 
4680 2444 2445 2341 
4681 2341 2445 2446 
4682 2341 2446 2342 
4683 2342 2446 2447 
4684 2342 2447 2343 
4685 2343 2447 2448 
4686 2343 2448 2344 
4687 2344 2448 2449 
4688 2344 2449 2345 
4689 2345 2449 2450 
4690 2345 2450 2346 
4691 2346 2450 2451 
4692 2346 2451 2347 
4693 2347 2451 2452 
4694 2347 2452 2348 
4695 2348 2452 2453 
4696 2348 2453 2349 
4697 2349 2453 2454 
4698 2349 2454 2350 
4699 2350 2454 2455 
4700 2350 2455 2351 
4701 2351 2455 2456 
4702 2351 2456 2352 
4703 2352 2456 2457 
4704 2352 2457 2353 
4705 2353 2457 2458 
4706 2353 2458 2354 
4707 2354 2458 2459 
4708 2354 2459 2355 
4709 2355 2459 2460 
4710 2355 2460 2356 
4711 2356 2460 2461 
4712 2356 2461 2357 
4713 2357 2461 2462 
4714 2357 2462 2358 
4715 2358 2462 2463 
4716 2358 2463 2359 
4717 2359 2463 2464 
4718 2359 2464 2360 
4719 2360 2464 2465 
4720 2360 2465 2361 
4721 2361 2465 2466 
4722 2361 2466 2362 
4723 2362 2466 2467 
4724 2362 2467 2363 
4725 2363 2467 2468 
4726 2363 2468 2364 
4727 2364 2468 2469 
4728 2364 2469 2365 
4729 2365 2469 2470 
4730 2365 2470 2366 
4731 2366 2470 2471 
4732 2366 2471 2367 
4733 2367 2471 2368 
4734 2471 2472 2368 
4735 2368 2472 2369 
4736 2472 2473 2369 
4737 2369 2473 2370 
4738 2473 2474 2370 
4739 2370 2474 2371 
4740 2474 2475 2371 
4741 2371 2475 2372 
4742 2475 2476 2372 
4743 2372 2476 2373 
4744 2476 2477 2373 
4745 2373 2477 2374 
4746 2477 2478 2374 
4747 2374 2478 2375 
4748 2478 2479 2375 
4749 2375 2479 2376 
4750 2479 2480 2376 
4751 2376 2480 2377 
4752 2480 2481 2377 
4753 2377 2481 2378 
4754 2481 2482 2378 
4755 2378 2482 2379 
4756 2482 2483 2379 
4757 2379 2483 2380 
4758 2483 2484 2380 
4759 2380 2484 2381 
4760 2484 2485 2381 
4761 2381 2485 2382 
4762 2485 2486 2382 
4763 2382 2486 2383 
4764 2486 2487 2383 
4765 2383 2487 2384 
4766 2487 2488 2384 
4767 2384 2488 2385 
4768 2488 2489 2385 
4769 2385 2489 2386 
4770 2489 2490 2386 
4771 2386 2490 2387 
4772 2490 2491 2387 
4773 2387 2491 2388 
4774 2491 2492 2388 
4775 2388 2492 2389 
4776 2492 2493 2389 
4777 2389 2493 2390 
4778 2493 2494 2390 
4779 2390 2494 2391 
4780 2494 2495 2391 
4781 2391 2495 2392 
4782 2495 2496 2392 
4783 2392 2496 2290 
4784 2496 2394 2290 
4785 2394 2498 2497 
4786 2394 2497 2393 
4787 2393 2497 2499 
4788 2393 2499 2395 
4789 2395 2499 2500 
4790 2395 2500 2396 
4791 2396 2500 2501 
4792 2396 2501 2397 
4793 2397 2501 2502 
4794 2397 2502 2398 
4795 2398 2502 2503 
4796 2398 2503 2399 
4797 2399 2503 2504 
4798 2399 2504 2400 
4799 2400 2504 2505 
4800 2400 2505 2401 
4801 2401 2505 2506 
4802 2401 2506 2402 
4803 2402 2506 2507 
4804 2402 2507 2403 
4805 2403 2507 2508 
4806 2403 2508 2404 
4807 2404 2508 2509 
4808 2404 2509 2405 
4809 2405 2509 2510 
4810 2405 2510 2406 
4811 2406 2510 2511 
4812 2406 2511 2407 
4813 2407 2511 2512 
4814 2407 2512 2408 
4815 2408 2512 2513 
4816 2408 2513 2409 
4817 2409 2513 2514 
4818 2409 2514 2410 
4819 2410 2514 2515 
4820 2410 2515 2411 
4821 2411 2515 2516 
4822 2411 2516 2412 
4823 2412 2516 2517 
4824 2412 2517 2413 
4825 2413 2517 2518 
4826 2413 2518 2414 
4827 2414 2518 2519 
4828 2414 2519 2415 
4829 2415 2519 2520 
4830 2415 2520 2416 
4831 2416 2520 2521 
4832 2416 2521 2417 
4833 2417 2521 2522 
4834 2417 2522 2418 
4835 2418 2522 2523 
4836 2418 2523 2419 
4837 2419 2523 2420 
4838 2523 2524 2420 
4839 2420 2524 2421 
4840 2524 2525 2421 
4841 2421 2525 2422 
4842 2525 2526 2422 
4843 2422 2526 2423 
4844 2526 2527 2423 
4845 2423 2527 2424 
4846 2527 2528 2424 
4847 2424 2528 2425 
4848 2528 2529 2425 
4849 2425 2529 2426 
4850 2529 2530 2426 
4851 2426 2530 2427 
4852 2530 2531 2427 
4853 2427 2531 2428 
4854 2531 2532 2428 
4855 2428 2532 2429 
4856 2532 2533 2429 
4857 2429 2533 2430 
4858 2533 2534 2430 
4859 2430 2534 2431 
4860 2534 2535 2431 
4861 2431 2535 2432 
4862 2535 2536 2432 
4863 2432 2536 2433 
4864 2536 2537 2433 
4865 2433 2537 2434 
4866 2537 2538 2434 
4867 2434 2538 2435 
4868 2538 2539 2435 
4869 2435 2539 2436 
4870 2539 2540 2436 
4871 2436 2540 2437 
4872 2540 2541 2437 
4873 2437 2541 2438 
4874 2541 2542 2438 
4875 2438 2542 2439 
4876 2542 2543 2439 
4877 2439 2543 2440 
4878 2543 2544 2440 
4879 2440 2544 2441 
4880 2544 2545 2441 
4881 2441 2545 2442 
4882 2545 2546 2442 
4883 2442 2546 2443 
4884 2546 2547 2443 
4885 2443 2547 2444 
4886 2547 2548 2444 
4887 2444 2548 2445 
4888 2548 2549 2445 
4889 2445 2549 2550 
4890 2445 2550 2446 
4891 2446 2550 2551 
4892 2446 2551 2447 
4893 2447 2551 2552 
4894 2447 2552 2448 
4895 2448 2552 2553 
4896 2448 2553 2449 
4897 2449 2553 2554 
4898 2449 2554 2450 
4899 2450 2554 2555 
4900 2450 2555 2451 
4901 2451 2555 2556 
4902 2451 2556 2452 
4903 2452 2556 2557 
4904 2452 2557 2453 
4905 2453 2557 2558 
4906 2453 2558 2454 
4907 2454 2558 2559 
4908 2454 2559 2455 
4909 2455 2559 2560 
4910 2455 2560 2456 
4911 2456 2560 2561 
4912 2456 2561 2457 
4913 2457 2561 2562 
4914 2457 2562 2458 
4915 2458 2562 2563 
4916 2458 2563 2459 
4917 2459 2563 2564 
4918 2459 2564 2460 
4919 2460 2564 2565 
4920 2460 2565 2461 
4921 2461 2565 2566 
4922 2461 2566 2462 
4923 2462 2566 2567 
4924 2462 2567 2463 
4925 2463 2567 2568 
4926 2463 2568 2464 
4927 2464 2568 2569 
4928 2464 2569 2465 
4929 2465 2569 2570 
4930 2465 2570 2466 
4931 2466 2570 2571 
4932 2466 2571 2467 
4933 2467 2571 2572 
4934 2467 2572 2468 
4935 2468 2572 2573 
4936 2468 2573 2469 
4937 2469 2573 2574 
4938 2469 2574 2470 
4939 2470 2574 2575 
4940 2470 2575 2471 
4941 2471 2575 2472 
4942 2575 2576 2472 
4943 2472 2576 2473 
4944 2576 2577 2473 
4945 2473 2577 2474 
4946 2577 2578 2474 
4947 2474 2578 2475 
4948 2578 2579 2475 
4949 2475 2579 2476 
4950 2579 2580 2476 
4951 2476 2580 2477 
4952 2580 2581 2477 
4953 2477 2581 2478 
4954 2581 2582 2478 
4955 2478 2582 2479 
4956 2582 2583 2479 
4957 2479 2583 2480 
4958 2583 2584 2480 
4959 2480 2584 2481 
4960 2584 2585 2481 
4961 2481 2585 2482 
4962 2585 2586 2482 
4963 2482 2586 2483 
4964 2586 2587 2483 
4965 2483 2587 2484 
4966 2587 2588 2484 
4967 2484 2588 2485 
4968 2588 2589 2485 
4969 2485 2589 2486 
4970 2589 2590 2486 
4971 2486 2590 2487 
4972 2590 2591 2487 
4973 2487 2591 2488 
4974 2591 2592 2488 
4975 2488 2592 2489 
4976 2592 2593 2489 
4977 2489 2593 2490 
4978 2593 2594 2490 
4979 2490 2594 2491 
4980 2594 2595 2491 
4981 2491 2595 2492 
4982 2595 2596 2492 
4983 2492 2596 2493 
4984 2596 2597 2493 
4985 2493 2597 2494 
4986 2597 2598 2494 
4987 2494 2598 2495 
4988 2598 2599 2495 
4989 2495 2599 2496 
4990 2599 2600 2496 
4991 2496 2600 2394 
4992 2600 2498 2394 
4993 2498 2602 2601 
4994 2498 2601 2497 
4995 2497 2601 2603 
4996 2497 2603 2499 
4997 2499 2603 2604 
4998 2499 2604 2500 
4999 2500 2604 2605 
5000 2500 2605 2501 
5001 2501 2605 2606 
5002 2501 2606 2502 
5003 2502 2606 2607 
5004 2502 2607 2503 
5005 2503 2607 2608 
5006 2503 2608 2504 
5007 2504 2608 2609 
5008 2504 2609 2505 
5009 2505 2609 2610 
5010 2505 2610 2506 
5011 2506 2610 2611 
5012 2506 2611 2507 
5013 2507 2611 2612 
5014 2507 2612 2508 
5015 2508 2612 2613 
5016 2508 2613 2509 
5017 2509 2613 2614 
5018 2509 2614 2510 
5019 2510 2614 2615 
5020 2510 2615 2511 
5021 2511 2615 2616 
5022 2511 2616 2512 
5023 2512 2616 2617 
5024 2512 2617 2513 
5025 2513 2617 2618 
5026 2513 2618 2514 
5027 2514 2618 2619 
5028 2514 2619 2515 
5029 2515 2619 2620 
5030 2515 2620 2516 
5031 2516 2620 2621 
5032 2516 2621 2517 
5033 2517 2621 2622 
5034 2517 2622 2518 
5035 2518 2622 2623 
5036 2518 2623 2519 
5037 2519 2623 2624 
5038 2519 2624 2520 
5039 2520 2624 2625 
5040 2520 2625 2521 
5041 2521 2625 2626 
5042 2521 2626 2522 
5043 2522 2626 2627 
5044 2522 2627 2523 
5045 2523 2627 2524 
5046 2627 2628 2524 
5047 2524 2628 2525 
5048 2628 2629 2525 
5049 2525 2629 2526 
5050 2629 2630 2526 
5051 2526 2630 2527 
5052 2630 2631 2527 
5053 2527 2631 2528 
5054 2631 2632 2528 
5055 2528 2632 2529 
5056 2632 2633 2529 
5057 2529 2633 2530 
5058 2633 2634 2530 
5059 2530 2634 2531 
5060 2634 2635 2531 
5061 2531 2635 2532 
5062 2635 2636 2532 
5063 2532 2636 2533 
5064 2636 2637 2533 
5065 2533 2637 2534 
5066 2637 2638 2534 
5067 2534 2638 2535 
5068 2638 2639 2535 
5069 2535 2639 2536 
5070 2639 2640 2536 
5071 2536 2640 2537 
5072 2640 2641 2537 
5073 2537 2641 2538 
5074 2641 2642 2538 
5075 2538 2642 2539 
5076 2642 2643 2539 
5077 2539 2643 2540 
5078 2643 2644 2540 
5079 2540 2644 2541 
5080 2644 2645 2541 
5081 2541 2645 2542 
5082 2645 2646 2542 
5083 2542 2646 2543 
5084 2646 2647 2543 
5085 2543 2647 2544 
5086 2647 2648 2544 
5087 2544 2648 2545 
5088 2648 2649 2545 
5089 2545 2649 2546 
5090 2649 2650 2546 
5091 2546 2650 2547 
5092 2650 2651 2547 
5093 2547 2651 2548 
5094 2651 2652 2548 
5095 2548 2652 2549 
5096 2652 2653 2549 
5097 2549 2653 2654 
5098 2549 2654 2550 
5099 2550 2654 2655 
5100 2550 2655 2551 
5101 2551 2655 2656 
5102 2551 2656 2552 
5103 2552 2656 2657 
5104 2552 2657 2553 
5105 2553 2657 2658 
5106 2553 2658 2554 
5107 2554 2658 2659 
5108 2554 2659 2555 
5109 2555 2659 2660 
5110 2555 2660 2556 
5111 2556 2660 2661 
5112 2556 2661 2557 
5113 2557 2661 2662 
5114 2557 2662 2558 
5115 2558 2662 2663 
5116 2558 2663 2559 
5117 2559 2663 2664 
5118 2559 2664 2560 
5119 2560 2664 2665 
5120 2560 2665 2561 
5121 2561 2665 2666 
5122 2561 2666 2562 
5123 2562 2666 2667 
5124 2562 2667 2563 
5125 2563 2667 2668 
5126 2563 2668 2564 
5127 2564 2668 2669 
5128 2564 2669 2565 
5129 2565 2669 2670 
5130 2565 2670 2566 
5131 2566 2670 2671 
5132 2566 2671 2567 
5133 2567 2671 2672 
5134 2567 2672 2568 
5135 2568 2672 2673 
5136 2568 2673 2569 
5137 2569 2673 2674 
5138 2569 2674 2570 
5139 2570 2674 2675 
5140 2570 2675 2571 
5141 2571 2675 2676 
5142 2571 2676 2572 
5143 2572 2676 2677 
5144 2572 2677 2573 
5145 2573 2677 2678 
5146 2573 2678 2574 
5147 2574 2678 2679 
5148 2574 2679 2575 
5149 2575 2679 2576 
5150 2679 2680 2576 
5151 2576 2680 2577 
5152 2680 2681 2577 
5153 2577 2681 2578 
5154 2681 2682 2578 
5155 2578 2682 2579 
5156 2682 2683 2579 
5157 2579 2683 2580 
5158 2683 2684 2580 
5159 2580 2684 2581 
5160 2684 2685 2581 
5161 2581 2685 2582 
5162 2685 2686 2582 
5163 2582 2686 2583 
5164 2686 2687 2583 
5165 2583 2687 2584 
5166 2687 2688 2584 
5167 2584 2688 2585 
5168 2688 2689 2585 
5169 2585 2689 2586 
5170 2689 2690 2586 
5171 2586 2690 2587 
5172 2690 2691 2587 
5173 2587 2691 2588 
5174 2691 2692 2588 
5175 2588 2692 2589 
5176 2692 2693 2589 
5177 2589 2693 2590 
5178 2693 2694 2590 
5179 2590 2694 2591 
5180 2694 2695 2591 
5181 2591 2695 2592 
5182 2695 2696 2592 
5183 2592 2696 2593 
5184 2696 2697 2593 
5185 2593 2697 2594 
5186 2697 2698 2594 
5187 2594 2698 2595 
5188 2698 2699 2595 
5189 2595 2699 2596 
5190 2699 2700 2596 
5191 2596 2700 2597 
5192 2700 2701 2597 
5193 2597 2701 2598 
5194 2701 2702 2598 
5195 2598 2702 2599 
5196 2702 2703 2599 
5197 2599 2703 2600 
5198 2703 2704 2600 
5199 2600 2704 2498 
5200 2704 2602 2498 
5201 2602 2706 2705 
5202 2602 2705 2601 
5203 2601 2705 2707 
5204 2601 2707 2603 
5205 2603 2707 2708 
5206 2603 2708 2604 
5207 2604 2708 2709 
5208 2604 2709 2605 
5209 2605 2709 2710 
5210 2605 2710 2606 
5211 2606 2710 2711 
5212 2606 2711 2607 
5213 2607 2711 2712 
5214 2607 2712 2608 
5215 2608 2712 2713 
5216 2608 2713 2609 
5217 2609 2713 2714 
5218 2609 2714 2610 
5219 2610 2714 2715 
5220 2610 2715 2611 
5221 2611 2715 2716 
5222 2611 2716 2612 
5223 2612 2716 2717 
5224 2612 2717 2613 
5225 2613 2717 2718 
5226 2613 2718 2614 
5227 2614 2718 2719 
5228 2614 2719 2615 
5229 2615 2719 2720 
5230 2615 2720 2616 
5231 2616 2720 2721 
5232 2616 2721 2617 
5233 2617 2721 2722 
5234 2617 2722 2618 
5235 2618 2722 2723 
5236 2618 2723 2619 
5237 2619 2723 2724 
5238 2619 2724 2620 
5239 2620 2724 2725 
5240 2620 2725 2621 
5241 2621 2725 2726 
5242 2621 2726 2622 
5243 2622 2726 2727 
5244 2622 2727 2623 
5245 2623 2727 2728 
5246 2623 2728 2624 
5247 2624 2728 2729 
5248 2624 2729 2625 
5249 2625 2729 2730 
5250 2625 2730 2626 
5251 2626 2730 2731 
5252 2626 2731 2627 
5253 2627 2731 2628 
5254 2731 2732 2628 
5255 2628 2732 2629 
5256 2732 2733 2629 
5257 2629 2733 2630 
5258 2733 2734 2630 
5259 2630 2734 2631 
5260 2734 2735 2631 
5261 2631 2735 2632 
5262 2735 2736 2632 
5263 2632 2736 2633 
5264 2736 2737 2633 
5265 2633 2737 2634 
5266 2737 2738 2634 
5267 2634 2738 2635 
5268 2738 2739 2635 
5269 2635 2739 2636 
5270 2739 2740 2636 
5271 2636 2740 2637 
5272 2740 2741 2637 
5273 2637 2741 2638 
5274 2741 2742 2638 
5275 2638 2742 2639 
5276 2742 2743 2639 
5277 2639 2743 2640 
5278 2743 2744 2640 
5279 2640 2744 2641 
5280 2744 2745 2641 
5281 2641 2745 2642 
5282 2745 2746 2642 
5283 2642 2746 2643 
5284 2746 2747 2643 
5285 2643 2747 2644 
5286 2747 2748 2644 
5287 2644 2748 2645 
5288 2748 2749 2645 
5289 2645 2749 2646 
5290 2749 2750 2646 
5291 2646 2750 2647 
5292 2750 2751 2647 
5293 2647 2751 2648 
5294 2751 2752 2648 
5295 2648 2752 2649 
5296 2752 2753 2649 
5297 2649 2753 2650 
5298 2753 2754 2650 
5299 2650 2754 2651 
5300 2754 2755 2651 
5301 2651 2755 2652 
5302 2755 2756 2652 
5303 2652 2756 2653 
5304 2756 2757 2653 
5305 2653 2757 2758 
5306 2653 2758 2654 
5307 2654 2758 2759 
5308 2654 2759 2655 
5309 2655 2759 2760 
5310 2655 2760 2656 
5311 2656 2760 2761 
5312 2656 2761 2657 
5313 2657 2761 2762 
5314 2657 2762 2658 
5315 2658 2762 2763 
5316 2658 2763 2659 
5317 2659 2763 2764 
5318 2659 2764 2660 
5319 2660 2764 2765 
5320 2660 2765 2661 
5321 2661 2765 2766 
5322 2661 2766 2662 
5323 2662 2766 2767 
5324 2662 2767 2663 
5325 2663 2767 2768 
5326 2663 2768 2664 
5327 2664 2768 2769 
5328 2664 2769 2665 
5329 2665 2769 2770 
5330 2665 2770 2666 
5331 2666 2770 2771 
5332 2666 2771 2667 
5333 2667 2771 2772 
5334 2667 2772 2668 
5335 2668 2772 2773 
5336 2668 2773 2669 
5337 2669 2773 2774 
5338 2669 2774 2670 
5339 2670 2774 2775 
5340 2670 2775 2671 
5341 2671 2775 2776 
5342 2671 2776 2672 
5343 2672 2776 2777 
5344 2672 2777 2673 
5345 2673 2777 2778 
5346 2673 2778 2674 
5347 2674 2778 2779 
5348 2674 2779 2675 
5349 2675 2779 2780 
5350 2675 2780 2676 
5351 2676 2780 2781 
5352 2676 2781 2677 
5353 2677 2781 2782 
5354 2677 2782 2678 
5355 2678 2782 2783 
5356 2678 2783 2679 
5357 2679 2783 2680 
5358 2783 2784 2680 
5359 2680 2784 2681 
5360 2784 2785 2681 
5361 2681 2785 2682 
5362 2785 2786 2682 
5363 2682 2786 2683 
5364 2786 2787 2683 
5365 2683 2787 2684 
5366 2787 2788 2684 
5367 2684 2788 2685 
5368 2788 2789 2685 
5369 2685 2789 2686 
5370 2789 2790 2686 
5371 2686 2790 2687 
5372 2790 2791 2687 
5373 2687 2791 2688 
5374 2791 2792 2688 
5375 2688 2792 2689 
5376 2792 2793 2689 
5377 2689 2793 2690 
5378 2793 2794 2690 
5379 2690 2794 2691 
5380 2794 2795 2691 
5381 2691 2795 2692 
5382 2795 2796 2692 
5383 2692 2796 2693 
5384 2796 2797 2693 
5385 2693 2797 2694 
5386 2797 2798 2694 
5387 2694 2798 2695 
5388 2798 2799 2695 
5389 2695 2799 2696 
5390 2799 2800 2696 
5391 2696 2800 2697 
5392 2800 2801 2697 
5393 2697 2801 2698 
5394 2801 2802 2698 
5395 2698 2802 2699 
5396 2802 2803 2699 
5397 2699 2803 2700 
5398 2803 2804 2700 
5399 2700 2804 2701 
5400 2804 2805 2701 
5401 2701 2805 2702 
5402 2805 2806 2702 
5403 2702 2806 2703 
5404 2806 2807 2703 
5405 2703 2807 2704 
5406 2807 2808 2704 
5407 2704 2808 2602 
5408 2808 2706 2602 
5409 2706 2810 2809 
5410 2706 2809 2705 
5411 2705 2809 2811 
5412 2705 2811 2707 
5413 2707 2811 2812 
5414 2707 2812 2708 
5415 2708 2812 2813 
5416 2708 2813 2709 
5417 2709 2813 2814 
5418 2709 2814 2710 
5419 2710 2814 2815 
5420 2710 2815 2711 
5421 2711 2815 2816 
5422 2711 2816 2712 
5423 2712 2816 2817 
5424 2712 2817 2713 
5425 2713 2817 2818 
5426 2713 2818 2714 
5427 2714 2818 2819 
5428 2714 2819 2715 
5429 2715 2819 2820 
5430 2715 2820 2716 
5431 2716 2820 2821 
5432 2716 2821 2717 
5433 2717 2821 2822 
5434 2717 2822 2718 
5435 2718 2822 2823 
5436 2718 2823 2719 
5437 2719 2823 2824 
5438 2719 2824 2720 
5439 2720 2824 2825 
5440 2720 2825 2721 
5441 2721 2825 2826 
5442 2721 2826 2722 
5443 2722 2826 2827 
5444 2722 2827 2723 
5445 2723 2827 2828 
5446 2723 2828 2724 
5447 2724 2828 2829 
5448 2724 2829 2725 
5449 2725 2829 2830 
5450 2725 2830 2726 
5451 2726 2830 2831 
5452 2726 2831 2727 
5453 2727 2831 2832 
5454 2727 2832 2728 
5455 2728 2832 2833 
5456 2728 2833 2729 
5457 2729 2833 2834 
5458 2729 2834 2730 
5459 2730 2834 2835 
5460 2730 2835 2731 
5461 2731 2835 2732 
5462 2835 2836 2732 
5463 2732 2836 2733 
5464 2836 2837 2733 
5465 2733 2837 2734 
5466 2837 2838 2734 
5467 2734 2838 2735 
5468 2838 2839 2735 
5469 2735 2839 2736 
5470 2839 2840 2736 
5471 2736 2840 2737 
5472 2840 2841 2737 
5473 2737 2841 2738 
5474 2841 2842 2738 
5475 2738 2842 2739 
5476 2842 2843 2739 
5477 2739 2843 2740 
5478 2843 2844 2740 
5479 2740 2844 2741 
5480 2844 2845 2741 
5481 2741 2845 2742 
5482 2845 2846 2742 
5483 2742 2846 2743 
5484 2846 2847 2743 
5485 2743 2847 2744 
5486 2847 2848 2744 
5487 2744 2848 2745 
5488 2848 2849 2745 
5489 2745 2849 2746 
5490 2849 2850 2746 
5491 2746 2850 2747 
5492 2850 2851 2747 
5493 2747 2851 2748 
5494 2851 2852 2748 
5495 2748 2852 2749 
5496 2852 2853 2749 
5497 2749 2853 2750 
5498 2853 2854 2750 
5499 2750 2854 2751 
5500 2854 2855 2751 
5501 2751 2855 2752 
5502 2855 2856 2752 
5503 2752 2856 2753 
5504 2856 2857 2753 
5505 2753 2857 2754 
5506 2857 2858 2754 
5507 2754 2858 2755 
5508 2858 2859 2755 
5509 2755 2859 2756 
5510 2859 2860 2756 
5511 2756 2860 2757 
5512 2860 2861 2757 
5513 2757 2861 2862 
5514 2757 2862 2758 
5515 2758 2862 2863 
5516 2758 2863 2759 
5517 2759 2863 2864 
5518 2759 2864 2760 
5519 2760 2864 2865 
5520 2760 2865 2761 
5521 2761 2865 2866 
5522 2761 2866 2762 
5523 2762 2866 2867 
5524 2762 2867 2763 
5525 2763 2867 2868 
5526 2763 2868 2764 
5527 2764 2868 2869 
5528 2764 2869 2765 
5529 2765 2869 2870 
5530 2765 2870 2766 
5531 2766 2870 2871 
5532 2766 2871 2767 
5533 2767 2871 2872 
5534 2767 2872 2768 
5535 2768 2872 2873 
5536 2768 2873 2769 
5537 2769 2873 2874 
5538 2769 2874 2770 
5539 2770 2874 2875 
5540 2770 2875 2771 
5541 2771 2875 2876 
5542 2771 2876 2772 
5543 2772 2876 2877 
5544 2772 2877 2773 
5545 2773 2877 2878 
5546 2773 2878 2774 
5547 2774 2878 2879 
5548 2774 2879 2775 
5549 2775 2879 2880 
5550 2775 2880 2776 
5551 2776 2880 2881 
5552 2776 2881 2777 
5553 2777 2881 2882 
5554 2777 2882 2778 
5555 2778 2882 2883 
5556 2778 2883 2779 
5557 2779 2883 2884 
5558 2779 2884 2780 
5559 2780 2884 2885 
5560 2780 2885 2781 
5561 2781 2885 2886 
5562 2781 2886 2782 
5563 2782 2886 2887 
5564 2782 2887 2783 
5565 2783 2887 2784 
5566 2887 2888 2784 
5567 2784 2888 2785 
5568 2888 2889 2785 
5569 2785 2889 2786 
5570 2889 2890 2786 
5571 2786 2890 2787 
5572 2890 2891 2787 
5573 2787 2891 2788 
5574 2891 2892 2788 
5575 2788 2892 2789 
5576 2892 2893 2789 
5577 2789 2893 2790 
5578 2893 2894 2790 
5579 2790 2894 2791 
5580 2894 2895 2791 
5581 2791 2895 2792 
5582 2895 2896 2792 
5583 2792 2896 2793 
5584 2896 2897 2793 
5585 2793 2897 2794 
5586 2897 2898 2794 
5587 2794 2898 2795 
5588 2898 2899 2795 
5589 2795 2899 2796 
5590 2899 2900 2796 
5591 2796 2900 2797 
5592 2900 2901 2797 
5593 2797 2901 2798 
5594 2901 2902 2798 
5595 2798 2902 2799 
5596 2902 2903 2799 
5597 2799 2903 2800 
5598 2903 2904 2800 
5599 2800 2904 2801 
5600 2904 2905 2801 
5601 2801 2905 2802 
5602 2905 2906 2802 
5603 2802 2906 2803 
5604 2906 2907 2803 
5605 2803 2907 2804 
5606 2907 2908 2804 
5607 2804 2908 2805 
5608 2908 2909 2805 
5609 2805 2909 2806 
5610 2909 2910 2806 
5611 2806 2910 2807 
5612 2910 2911 2807 
5613 2807 2911 2808 
5614 2911 2912 2808 
5615 2808 2912 2706 
5616 2912 2810 2706 
5617 2810 2914 2913 
5618 2810 2913 2809 
5619 2809 2913 2915 
5620 2809 2915 2811 
5621 2811 2915 2916 
5622 2811 2916 2812 
5623 2812 2916 2917 
5624 2812 2917 2813 
5625 2813 2917 2918 
5626 2813 2918 2814 
5627 2814 2918 2919 
5628 2814 2919 2815 
5629 2815 2919 2920 
5630 2815 2920 2816 
5631 2816 2920 2921 
5632 2816 2921 2817 
5633 2817 2921 2922 
5634 2817 2922 2818 
5635 2818 2922 2923 
5636 2818 2923 2819 
5637 2819 2923 2924 
5638 2819 2924 2820 
5639 2820 2924 2925 
5640 2820 2925 2821 
5641 2821 2925 2926 
5642 2821 2926 2822 
5643 2822 2926 2927 
5644 2822 2927 2823 
5645 2823 2927 2928 
5646 2823 2928 2824 
5647 2824 2928 2929 
5648 2824 2929 2825 
5649 2825 2929 2930 
5650 2825 2930 2826 
5651 2826 2930 2931 
5652 2826 2931 2827 
5653 2827 2931 2932 
5654 2827 2932 2828 
5655 2828 2932 2933 
5656 2828 2933 2829 
5657 2829 2933 2934 
5658 2829 2934 2830 
5659 2830 2934 2935 
5660 2830 2935 2831 
5661 2831 2935 2936 
5662 2831 2936 2832 
5663 2832 2936 2937 
5664 2832 2937 2833 
5665 2833 2937 2938 
5666 2833 2938 2834 
5667 2834 2938 2939 
5668 2834 2939 2835 
5669 2835 2939 2836 
5670 2939 2940 2836 
5671 2836 2940 2837 
5672 2940 2941 2837 
5673 2837 2941 2838 
5674 2941 2942 2838 
5675 2838 2942 2839 
5676 2942 2943 2839 
5677 2839 2943 2840 
5678 2943 2944 2840 
5679 2840 2944 2841 
5680 2944 2945 2841 
5681 2841 2945 2842 
5682 2945 2946 2842 
5683 2842 2946 2843 
5684 2946 2947 2843 
5685 2843 2947 2844 
5686 2947 2948 2844 
5687 2844 2948 2845 
5688 2948 2949 2845 
5689 2845 2949 2846 
5690 2949 2950 2846 
5691 2846 2950 2847 
5692 2950 2951 2847 
5693 2847 2951 2848 
5694 2951 2952 2848 
5695 2848 2952 2849 
5696 2952 2953 2849 
5697 2849 2953 2850 
5698 2953 2954 2850 
5699 2850 2954 2851 
5700 2954 2955 2851 
5701 2851 2955 2852 
5702 2955 2956 2852 
5703 2852 2956 2853 
5704 2956 2957 2853 
5705 2853 2957 2854 
5706 2957 2958 2854 
5707 2854 2958 2855 
5708 2958 2959 2855 
5709 2855 2959 2856 
5710 2959 2960 2856 
5711 2856 2960 2857 
5712 2960 2961 2857 
5713 2857 2961 2858 
5714 2961 2962 2858 
5715 2858 2962 2859 
5716 2962 2963 2859 
5717 2859 2963 2860 
5718 2963 2964 2860 
5719 2860 2964 2861 
5720 2964 2965 2861 
5721 2861 2965 2966 
5722 2861 2966 2862 
5723 2862 2966 2967 
5724 2862 2967 2863 
5725 2863 2967 2968 
5726 2863 2968 2864 
5727 2864 2968 2969 
5728 2864 2969 2865 
5729 2865 2969 2970 
5730 2865 2970 2866 
5731 2866 2970 2971 
5732 2866 2971 2867 
5733 2867 2971 2972 
5734 2867 2972 2868 
5735 2868 2972 2973 
5736 2868 2973 2869 
5737 2869 2973 2974 
5738 2869 2974 2870 
5739 2870 2974 2975 
5740 2870 2975 2871 
5741 2871 2975 2976 
5742 2871 2976 2872 
5743 2872 2976 2977 
5744 2872 2977 2873 
5745 2873 2977 2978 
5746 2873 2978 2874 
5747 2874 2978 2979 
5748 2874 2979 2875 
5749 2875 2979 2980 
5750 2875 2980 2876 
5751 2876 2980 2981 
5752 2876 2981 2877 
5753 2877 2981 2982 
5754 2877 2982 2878 
5755 2878 2982 2983 
5756 2878 2983 2879 
5757 2879 2983 2984 
5758 2879 2984 2880 
5759 2880 2984 2985 
5760 2880 2985 2881 
5761 2881 2985 2986 
5762 2881 2986 2882 
5763 2882 2986 2987 
5764 2882 2987 2883 
5765 2883 2987 2988 
5766 2883 2988 2884 
5767 2884 2988 2989 
5768 2884 2989 2885 
5769 2885 2989 2990 
5770 2885 2990 2886 
5771 2886 2990 2991 
5772 2886 2991 2887 
5773 2887 2991 2888 
5774 2991 2992 2888 
5775 2888 2992 2889 
5776 2992 2993 2889 
5777 2889 2993 2890 
5778 2993 2994 2890 
5779 2890 2994 2891 
5780 2994 2995 2891 
5781 2891 2995 2892 
5782 2995 2996 2892 
5783 2892 2996 2893 
5784 2996 2997 2893 
5785 2893 2997 2894 
5786 2997 2998 2894 
5787 2894 2998 2895 
5788 2998 2999 2895 
5789 2895 2999 2896 
5790 2999 3000 2896 
5791 2896 3000 2897 
5792 3000 3001 2897 
5793 2897 3001 2898 
5794 3001 3002 2898 
5795 2898 3002 2899 
5796 3002 3003 2899 
5797 2899 3003 2900 
5798 3003 3004 2900 
5799 2900 3004 2901 
5800 3004 3005 2901 
5801 2901 3005 2902 
5802 3005 3006 2902 
5803 2902 3006 2903 
5804 3006 3007 2903 
5805 2903 3007 2904 
5806 3007 3008 2904 
5807 2904 3008 2905 
5808 3008 3009 2905 
5809 2905 3009 2906 
5810 3009 3010 2906 
5811 2906 3010 2907 
5812 3010 3011 2907 
5813 2907 3011 2908 
5814 3011 3012 2908 
5815 2908 3012 2909 
5816 3012 3013 2909 
5817 2909 3013 2910 
5818 3013 3014 2910 
5819 2910 3014 2911 
5820 3014 3015 2911 
5821 2911 3015 2912 
5822 3015 3016 2912 
5823 2912 3016 2810 
5824 3016 2914 2810 
5825 2914 3018 3017 
5826 2914 3017 2913 
5827 2913 3017 3019 
5828 2913 3019 2915 
5829 2915 3019 3020 
5830 2915 3020 2916 
5831 2916 3020 3021 
5832 2916 3021 2917 
5833 2917 3021 3022 
5834 2917 3022 2918 
5835 2918 3022 3023 
5836 2918 3023 2919 
5837 2919 3023 3024 
5838 2919 3024 2920 
5839 2920 3024 3025 
5840 2920 3025 2921 
5841 2921 3025 3026 
5842 2921 3026 2922 
5843 2922 3026 3027 
5844 2922 3027 2923 
5845 2923 3027 3028 
5846 2923 3028 2924 
5847 2924 3028 3029 
5848 2924 3029 2925 
5849 2925 3029 3030 
5850 2925 3030 2926 
5851 2926 3030 3031 
5852 2926 3031 2927 
5853 2927 3031 3032 
5854 2927 3032 2928 
5855 2928 3032 3033 
5856 2928 3033 2929 
5857 2929 3033 3034 
5858 2929 3034 2930 
5859 2930 3034 3035 
5860 2930 3035 2931 
5861 2931 3035 3036 
5862 2931 3036 2932 
5863 2932 3036 3037 
5864 2932 3037 2933 
5865 2933 3037 3038 
5866 2933 3038 2934 
5867 2934 3038 3039 
5868 2934 3039 2935 
5869 2935 3039 3040 
5870 2935 3040 2936 
5871 2936 3040 3041 
5872 2936 3041 2937 
5873 2937 3041 3042 
5874 2937 3042 2938 
5875 2938 3042 3043 
5876 2938 3043 2939 
5877 2939 3043 2940 
5878 3043 3044 2940 
5879 2940 3044 2941 
5880 3044 3045 2941 
5881 2941 3045 2942 
5882 3045 3046 2942 
5883 2942 3046 2943 
5884 3046 3047 2943 
5885 2943 3047 2944 
5886 3047 3048 2944 
5887 2944 3048 2945 
5888 3048 3049 2945 
5889 2945 3049 2946 
5890 3049 3050 2946 
5891 2946 3050 2947 
5892 3050 3051 2947 
5893 2947 3051 2948 
5894 3051 3052 2948 
5895 2948 3052 2949 
5896 3052 3053 2949 
5897 2949 3053 2950 
5898 3053 3054 2950 
5899 2950 3054 2951 
5900 3054 3055 2951 
5901 2951 3055 2952 
5902 3055 3056 2952 
5903 2952 3056 2953 
5904 3056 3057 2953 
5905 2953 3057 2954 
5906 3057 3058 2954 
5907 2954 3058 2955 
5908 3058 3059 2955 
5909 2955 3059 2956 
5910 3059 3060 2956 
5911 2956 3060 2957 
5912 3060 3061 2957 
5913 2957 3061 2958 
5914 3061 3062 2958 
5915 2958 3062 2959 
5916 3062 3063 2959 
5917 2959 3063 2960 
5918 3063 3064 2960 
5919 2960 3064 2961 
5920 3064 3065 2961 
5921 2961 3065 2962 
5922 3065 3066 2962 
5923 2962 3066 2963 
5924 3066 3067 2963 
5925 2963 3067 2964 
5926 3067 3068 2964 
5927 2964 3068 2965 
5928 3068 3069 2965 
5929 2965 3069 3070 
5930 2965 3070 2966 
5931 2966 3070 3071 
5932 2966 3071 2967 
5933 2967 3071 3072 
5934 2967 3072 2968 
5935 2968 3072 3073 
5936 2968 3073 2969 
5937 2969 3073 3074 
5938 2969 3074 2970 
5939 2970 3074 3075 
5940 2970 3075 2971 
5941 2971 3075 3076 
5942 2971 3076 2972 
5943 2972 3076 3077 
5944 2972 3077 2973 
5945 2973 3077 3078 
5946 2973 3078 2974 
5947 2974 3078 3079 
5948 2974 3079 2975 
5949 2975 3079 3080 
5950 2975 3080 2976 
5951 2976 3080 3081 
5952 2976 3081 2977 
5953 2977 3081 3082 
5954 2977 3082 2978 
5955 2978 3082 3083 
5956 2978 3083 2979 
5957 2979 3083 3084 
5958 2979 3084 2980 
5959 2980 3084 3085 
5960 2980 3085 2981 
5961 2981 3085 3086 
5962 2981 3086 2982 
5963 2982 3086 3087 
5964 2982 3087 2983 
5965 2983 3087 3088 
5966 2983 3088 2984 
5967 2984 3088 3089 
5968 2984 3089 2985 
5969 2985 3089 3090 
5970 2985 3090 2986 
5971 2986 3090 3091 
5972 2986 3091 2987 
5973 2987 3091 3092 
5974 2987 3092 2988 
5975 2988 3092 3093 
5976 2988 3093 2989 
5977 2989 3093 3094 
5978 2989 3094 2990 
5979 2990 3094 3095 
5980 2990 3095 2991 
5981 2991 3095 2992 
5982 3095 3096 2992 
5983 2992 3096 2993 
5984 3096 3097 2993 
5985 2993 3097 2994 
5986 3097 3098 2994 
5987 2994 3098 2995 
5988 3098 3099 2995 
5989 2995 3099 2996 
5990 3099 3100 2996 
5991 2996 3100 2997 
5992 3100 3101 2997 
5993 2997 3101 2998 
5994 3101 3102 2998 
5995 2998 3102 2999 
5996 3102 3103 2999 
5997 2999 3103 3000 
5998 3103 3104 3000 
5999 3000 3104 3001 
6000 3104 3105 3001 
6001 3001 3105 3002 
6002 3105 3106 3002 
6003 3002 3106 3003 
6004 3106 3107 3003 
6005 3003 3107 3004 
6006 3107 3108 3004 
6007 3004 3108 3005 
6008 3108 3109 3005 
6009 3005 3109 3006 
6010 3109 3110 3006 
6011 3006 3110 3007 
6012 3110 3111 3007 
6013 3007 3111 3008 
6014 3111 3112 3008 
6015 3008 3112 3009 
6016 3112 3113 3009 
6017 3009 3113 3010 
6018 3113 3114 3010 
6019 3010 3114 3011 
6020 3114 3115 3011 
6021 3011 3115 3012 
6022 3115 3116 3012 
6023 3012 3116 3013 
6024 3116 3117 3013 
6025 3013 3117 3014 
6026 3117 3118 3014 
6027 3014 3118 3015 
6028 3118 3119 3015 
6029 3015 3119 3016 
6030 3119 3120 3016 
6031 3016 3120 2914 
6032 3120 3018 2914 
6033 3018 3122 3121 
6034 3018 3121 3017 
6035 3017 3121 3123 
6036 3017 3123 3019 
6037 3019 3123 3124 
6038 3019 3124 3020 
6039 3020 3124 3125 
6040 3020 3125 3021 
6041 3021 3125 3126 
6042 3021 3126 3022 
6043 3022 3126 3127 
6044 3022 3127 3023 
6045 3023 3127 3128 
6046 3023 3128 3024 
6047 3024 3128 3129 
6048 3024 3129 3025 
6049 3025 3129 3130 
6050 3025 3130 3026 
6051 3026 3130 3131 
6052 3026 3131 3027 
6053 3027 3131 3132 
6054 3027 3132 3028 
6055 3028 3132 3133 
6056 3028 3133 3029 
6057 3029 3133 3134 
6058 3029 3134 3030 
6059 3030 3134 3135 
6060 3030 3135 3031 
6061 3031 3135 3136 
6062 3031 3136 3032 
6063 3032 3136 3137 
6064 3032 3137 3033 
6065 3033 3137 3138 
6066 3033 3138 3034 
6067 3034 3138 3139 
6068 3034 3139 3035 
6069 3035 3139 3140 
6070 3035 3140 3036 
6071 3036 3140 3141 
6072 3036 3141 3037 
6073 3037 3141 3142 
6074 3037 3142 3038 
6075 3038 3142 3143 
6076 3038 3143 3039 
6077 3039 3143 3144 
6078 3039 3144 3040 
6079 3040 3144 3145 
6080 3040 3145 3041 
6081 3041 3145 3146 
6082 3041 3146 3042 
6083 3042 3146 3147 
6084 3042 3147 3043 
6085 3043 3147 3044 
6086 3147 3148 3044 
6087 3044 3148 3045 
6088 3148 3149 3045 
6089 3045 3149 3046 
6090 3149 3150 3046 
6091 3046 3150 3047 
6092 3150 3151 3047 
6093 3047 3151 3048 
6094 3151 3152 3048 
6095 3048 3152 3049 
6096 3152 3153 3049 
6097 3049 3153 3050 
6098 3153 3154 3050 
6099 3050 3154 3051 
6100 3154 3155 3051 
6101 3051 3155 3052 
6102 3155 3156 3052 
6103 3052 3156 3053 
6104 3156 3157 3053 
6105 3053 3157 3054 
6106 3157 3158 3054 
6107 3054 3158 3055 
6108 3158 3159 3055 
6109 3055 3159 3056 
6110 3159 3160 3056 
6111 3056 3160 3057 
6112 3160 3161 3057 
6113 3057 3161 3058 
6114 3161 3162 3058 
6115 3058 3162 3059 
6116 3162 3163 3059 
6117 3059 3163 3060 
6118 3163 3164 3060 
6119 3060 3164 3061 
6120 3164 3165 3061 
6121 3061 3165 3062 
6122 3165 3166 3062 
6123 3062 3166 3063 
6124 3166 3167 3063 
6125 3063 3167 3064 
6126 3167 3168 3064 
6127 3064 3168 3065 
6128 3168 3169 3065 
6129 3065 3169 3066 
6130 3169 3170 3066 
6131 3066 3170 3067 
6132 3170 3171 3067 
6133 3067 3171 3068 
6134 3171 3172 3068 
6135 3068 3172 3069 
6136 3172 3173 3069 
6137 3069 3173 3174 
6138 3069 3174 3070 
6139 3070 3174 3175 
6140 3070 3175 3071 
6141 3071 3175 3176 
6142 3071 3176 3072 
6143 3072 3176 3177 
6144 3072 3177 3073 
6145 3073 3177 3178 
6146 3073 3178 3074 
6147 3074 3178 3179 
6148 3074 3179 3075 
6149 3075 3179 3180 
6150 3075 3180 3076 
6151 3076 3180 3181 
6152 3076 3181 3077 
6153 3077 3181 3182 
6154 3077 3182 3078 
6155 3078 3182 3183 
6156 3078 3183 3079 
6157 3079 3183 3184 
6158 3079 3184 3080 
6159 3080 3184 3185 
6160 3080 3185 3081 
6161 3081 3185 3186 
6162 3081 3186 3082 
6163 3082 3186 3187 
6164 3082 3187 3083 
6165 3083 3187 3188 
6166 3083 3188 3084 
6167 3084 3188 3189 
6168 3084 3189 3085 
6169 3085 3189 3190 
6170 3085 3190 3086 
6171 3086 3190 3191 
6172 3086 3191 3087 
6173 3087 3191 3192 
6174 3087 3192 3088 
6175 3088 3192 3193 
6176 3088 3193 3089 
6177 3089 3193 3194 
6178 3089 3194 3090 
6179 3090 3194 3195 
6180 3090 3195 3091 
6181 3091 3195 3196 
6182 3091 3196 3092 
6183 3092 3196 3197 
6184 3092 3197 3093 
6185 3093 3197 3198 
6186 3093 3198 3094 
6187 3094 3198 3199 
6188 3094 3199 3095 
6189 3095 3199 3096 
6190 3199 3200 3096 
6191 3096 3200 3097 
6192 3200 3201 3097 
6193 3097 3201 3098 
6194 3201 3202 3098 
6195 3098 3202 3099 
6196 3202 3203 3099 
6197 3099 3203 3100 
6198 3203 3204 3100 
6199 3100 3204 3101 
6200 3204 3205 3101 
6201 3101 3205 3102 
6202 3205 3206 3102 
6203 3102 3206 3103 
6204 3206 3207 3103 
6205 3103 3207 3104 
6206 3207 3208 3104 
6207 3104 3208 3105 
6208 3208 3209 3105 
6209 3105 3209 3106 
6210 3209 3210 3106 
6211 3106 3210 3107 
6212 3210 3211 3107 
6213 3107 3211 3108 
6214 3211 3212 3108 
6215 3108 3212 3109 
6216 3212 3213 3109 
6217 3109 3213 3110 
6218 3213 3214 3110 
6219 3110 3214 3111 
6220 3214 3215 3111 
6221 3111 3215 3112 
6222 3215 3216 3112 
6223 3112 3216 3113 
6224 3216 3217 3113 
6225 3113 3217 3114 
6226 3217 3218 3114 
6227 3114 3218 3115 
6228 3218 3219 3115 
6229 3115 3219 3116 
6230 3219 3220 3116 
6231 3116 3220 3117 
6232 3220 3221 3117 
6233 3117 3221 3118 
6234 3221 3222 3118 
6235 3118 3222 3119 
6236 3222 3223 3119 
6237 3119 3223 3120 
6238 3223 3224 3120 
6239 3120 3224 3018 
6240 3224 3122 3018 
6241 3122 3226 3225 
6242 3122 3225 3121 
6243 3121 3225 3227 
6244 3121 3227 3123 
6245 3123 3227 3228 
6246 3123 3228 3124 
6247 3124 3228 3229 
6248 3124 3229 3125 
6249 3125 3229 3230 
6250 3125 3230 3126 
6251 3126 3230 3231 
6252 3126 3231 3127 
6253 3127 3231 3232 
6254 3127 3232 3128 
6255 3128 3232 3233 
6256 3128 3233 3129 
6257 3129 3233 3234 
6258 3129 3234 3130 
6259 3130 3234 3235 
6260 3130 3235 3131 
6261 3131 3235 3236 
6262 3131 3236 3132 
6263 3132 3236 3237 
6264 3132 3237 3133 
6265 3133 3237 3238 
6266 3133 3238 3134 
6267 3134 3238 3239 
6268 3134 3239 3135 
6269 3135 3239 3240 
6270 3135 3240 3136 
6271 3136 3240 3241 
6272 3136 3241 3137 
6273 3137 3241 3242 
6274 3137 3242 3138 
6275 3138 3242 3243 
6276 3138 3243 3139 
6277 3139 3243 3244 
6278 3139 3244 3140 
6279 3140 3244 3245 
6280 3140 3245 3141 
6281 3141 3245 3246 
6282 3141 3246 3142 
6283 3142 3246 3247 
6284 3142 3247 3143 
6285 3143 3247 3248 
6286 3143 3248 3144 
6287 3144 3248 3249 
6288 3144 3249 3145 
6289 3145 3249 3250 
6290 3145 3250 3146 
6291 3146 3250 3251 
6292 3146 3251 3147 
6293 3147 3251 3148 
6294 3251 3252 3148 
6295 3148 3252 3149 
6296 3252 3253 3149 
6297 3149 3253 3150 
6298 3253 3254 3150 
6299 3150 3254 3151 
6300 3254 3255 3151 
6301 3151 3255 3152 
6302 3255 3256 3152 
6303 3152 3256 3153 
6304 3256 3257 3153 
6305 3153 3257 3154 
6306 3257 3258 3154 
6307 3154 3258 3155 
6308 3258 3259 3155 
6309 3155 3259 3156 
6310 3259 3260 3156 
6311 3156 3260 3157 
6312 3260 3261 3157 
6313 3157 3261 3158 
6314 3261 3262 3158 
6315 3158 3262 3159 
6316 3262 3263 3159 
6317 3159 3263 3160 
6318 3263 3264 3160 
6319 3160 3264 3161 
6320 3264 3265 3161 
6321 3161 3265 3162 
6322 3265 3266 3162 
6323 3162 3266 3163 
6324 3266 3267 3163 
6325 3163 3267 3164 
6326 3267 3268 3164 
6327 3164 3268 3165 
6328 3268 3269 3165 
6329 3165 3269 3166 
6330 3269 3270 3166 
6331 3166 3270 3167 
6332 3270 3271 3167 
6333 3167 3271 3168 
6334 3271 3272 3168 
6335 3168 3272 3169 
6336 3272 3273 3169 
6337 3169 3273 3170 
6338 3273 3274 3170 
6339 3170 3274 3171 
6340 3274 3275 3171 
6341 3171 3275 3172 
6342 3275 3276 3172 
6343 3172 3276 3173 
6344 3276 3277 3173 
6345 3173 3277 3278 
6346 3173 3278 3174 
6347 3174 3278 3279 
6348 3174 3279 3175 
6349 3175 3279 3280 
6350 3175 3280 3176 
6351 3176 3280 3281 
6352 3176 3281 3177 
6353 3177 3281 3282 
6354 3177 3282 3178 
6355 3178 3282 3283 
6356 3178 3283 3179 
6357 3179 3283 3284 
6358 3179 3284 3180 
6359 3180 3284 3285 
6360 3180 3285 3181 
6361 3181 3285 3286 
6362 3181 3286 3182 
6363 3182 3286 3287 
6364 3182 3287 3183 
6365 3183 3287 3288 
6366 3183 3288 3184 
6367 3184 3288 3289 
6368 3184 3289 3185 
6369 3185 3289 3290 
6370 3185 3290 3186 
6371 3186 3290 3291 
6372 3186 3291 3187 
6373 3187 3291 3292 
6374 3187 3292 3188 
6375 3188 3292 3293 
6376 3188 3293 3189 
6377 3189 3293 3294 
6378 3189 3294 3190 
6379 3190 3294 3295 
6380 3190 3295 3191 
6381 3191 3295 3296 
6382 3191 3296 3192 
6383 3192 3296 3297 
6384 3192 3297 3193 
6385 3193 3297 3298 
6386 3193 3298 3194 
6387 3194 3298 3299 
6388 3194 3299 3195 
6389 3195 3299 3300 
6390 3195 3300 3196 
6391 3196 3300 3301 
6392 3196 3301 3197 
6393 3197 3301 3302 
6394 3197 3302 3198 
6395 3198 3302 3303 
6396 3198 3303 3199 
6397 3199 3303 3200 
6398 3303 3304 3200 
6399 3200 3304 3201 
6400 3304 3305 3201 
6401 3201 3305 3202 
6402 3305 3306 3202 
6403 3202 3306 3203 
6404 3306 3307 3203 
6405 3203 3307 3204 
6406 3307 3308 3204 
6407 3204 3308 3205 
6408 3308 3309 3205 
6409 3205 3309 3206 
6410 3309 3310 3206 
6411 3206 3310 3207 
6412 3310 3311 3207 
6413 3207 3311 3208 
6414 3311 3312 3208 
6415 3208 3312 3209 
6416 3312 3313 3209 
6417 3209 3313 3210 
6418 3313 3314 3210 
6419 3210 3314 3211 
6420 3314 3315 3211 
6421 3211 3315 3212 
6422 3315 3316 3212 
6423 3212 3316 3213 
6424 3316 3317 3213 
6425 3213 3317 3214 
6426 3317 3318 3214 
6427 3214 3318 3215 
6428 3318 3319 3215 
6429 3215 3319 3216 
6430 3319 3320 3216 
6431 3216 3320 3217 
6432 3320 3321 3217 
6433 3217 3321 3218 
6434 3321 3322 3218 
6435 3218 3322 3219 
6436 3322 3323 3219 
6437 3219 3323 3220 
6438 3323 3324 3220 
6439 3220 3324 3221 
6440 3324 3325 3221 
6441 3221 3325 3222 
6442 3325 3326 3222 
6443 3222 3326 3223 
6444 3326 3327 3223 
6445 3223 3327 3224 
6446 3327 3328 3224 
6447 3224 3328 3122 
6448 3328 3226 3122 
6449 3226 3330 3329 
6450 3226 3329 3225 
6451 3225 3329 3331 
6452 3225 3331 3227 
6453 3227 3331 3332 
6454 3227 3332 3228 
6455 3228 3332 3333 
6456 3228 3333 3229 
6457 3229 3333 3334 
6458 3229 3334 3230 
6459 3230 3334 3335 
6460 3230 3335 3231 
6461 3231 3335 3336 
6462 3231 3336 3232 
6463 3232 3336 3337 
6464 3232 3337 3233 
6465 3233 3337 3338 
6466 3233 3338 3234 
6467 3234 3338 3339 
6468 3234 3339 3235 
6469 3235 3339 3340 
6470 3235 3340 3236 
6471 3236 3340 3341 
6472 3236 3341 3237 
6473 3237 3341 3342 
6474 3237 3342 3238 
6475 3238 3342 3343 
6476 3238 3343 3239 
6477 3239 3343 3344 
6478 3239 3344 3240 
6479 3240 3344 3345 
6480 3240 3345 3241 
6481 3241 3345 3346 
6482 3241 3346 3242 
6483 3242 3346 3347 
6484 3242 3347 3243 
6485 3243 3347 3348 
6486 3243 3348 3244 
6487 3244 3348 3349 
6488 3244 3349 3245 
6489 3245 3349 3350 
6490 3245 3350 3246 
6491 3246 3350 3351 
6492 3246 3351 3247 
6493 3247 3351 3352 
6494 3247 3352 3248 
6495 3248 3352 3353 
6496 3248 3353 3249 
6497 3249 3353 3354 
6498 3249 3354 3250 
6499 3250 3354 3355 
6500 3250 3355 3251 
6501 3251 3355 3252 
6502 3355 3356 3252 
6503 3252 3356 3253 
6504 3356 3357 3253 
6505 3253 3357 3254 
6506 3357 3358 3254 
6507 3254 3358 3255 
6508 3358 3359 3255 
6509 3255 3359 3256 
6510 3359 3360 3256 
6511 3256 3360 3257 
6512 3360 3361 3257 
6513 3257 3361 3258 
6514 3361 3362 3258 
6515 3258 3362 3259 
6516 3362 3363 3259 
6517 3259 3363 3260 
6518 3363 3364 3260 
6519 3260 3364 3261 
6520 3364 3365 3261 
6521 3261 3365 3262 
6522 3365 3366 3262 
6523 3262 3366 3263 
6524 3366 3367 3263 
6525 3263 3367 3264 
6526 3367 3368 3264 
6527 3264 3368 3265 
6528 3368 3369 3265 
6529 3265 3369 3266 
6530 3369 3370 3266 
6531 3266 3370 3267 
6532 3370 3371 3267 
6533 3267 3371 3268 
6534 3371 3372 3268 
6535 3268 3372 3269 
6536 3372 3373 3269 
6537 3269 3373 3270 
6538 3373 3374 3270 
6539 3270 3374 3271 
6540 3374 3375 3271 
6541 3271 3375 3272 
6542 3375 3376 3272 
6543 3272 3376 3273 
6544 3376 3377 3273 
6545 3273 3377 3274 
6546 3377 3378 3274 
6547 3274 3378 3275 
6548 3378 3379 3275 
6549 3275 3379 3276 
6550 3379 3380 3276 
6551 3276 3380 3277 
6552 3380 3381 3277 
6553 3277 3381 3382 
6554 3277 3382 3278 
6555 3278 3382 3383 
6556 3278 3383 3279 
6557 3279 3383 3384 
6558 3279 3384 3280 
6559 3280 3384 3385 
6560 3280 3385 3281 
6561 3281 3385 3386 
6562 3281 3386 3282 
6563 3282 3386 3387 
6564 3282 3387 3283 
6565 3283 3387 3388 
6566 3283 3388 3284 
6567 3284 3388 3389 
6568 3284 3389 3285 
6569 3285 3389 3390 
6570 3285 3390 3286 
6571 3286 3390 3391 
6572 3286 3391 3287 
6573 3287 3391 3392 
6574 3287 3392 3288 
6575 3288 3392 3393 
6576 3288 3393 3289 
6577 3289 3393 3394 
6578 3289 3394 3290 
6579 3290 3394 3395 
6580 3290 3395 3291 
6581 3291 3395 3396 
6582 3291 3396 3292 
6583 3292 3396 3397 
6584 3292 3397 3293 
6585 3293 3397 3398 
6586 3293 3398 3294 
6587 3294 3398 3399 
6588 3294 3399 3295 
6589 3295 3399 3400 
6590 3295 3400 3296 
6591 3296 3400 3401 
6592 3296 3401 3297 
6593 3297 3401 3402 
6594 3297 3402 3298 
6595 3298 3402 3403 
6596 3298 3403 3299 
6597 3299 3403 3404 
6598 3299 3404 3300 
6599 3300 3404 3405 
6600 3300 3405 3301 
6601 3301 3405 3406 
6602 3301 3406 3302 
6603 3302 3406 3407 
6604 3302 3407 3303 
6605 3303 3407 3304 
6606 3407 3408 3304 
6607 3304 3408 3305 
6608 3408 3409 3305 
6609 3305 3409 3306 
6610 3409 3410 3306 
6611 3306 3410 3307 
6612 3410 3411 3307 
6613 3307 3411 3308 
6614 3411 3412 3308 
6615 3308 3412 3309 
6616 3412 3413 3309 
6617 3309 3413 3310 
6618 3413 3414 3310 
6619 3310 3414 3311 
6620 3414 3415 3311 
6621 3311 3415 3312 
6622 3415 3416 3312 
6623 3312 3416 3313 
6624 3416 3417 3313 
6625 3313 3417 3314 
6626 3417 3418 3314 
6627 3314 3418 3315 
6628 3418 3419 3315 
6629 3315 3419 3316 
6630 3419 3420 3316 
6631 3316 3420 3317 
6632 3420 3421 3317 
6633 3317 3421 3318 
6634 3421 3422 3318 
6635 3318 3422 3319 
6636 3422 3423 3319 
6637 3319 3423 3320 
6638 3423 3424 3320 
6639 3320 3424 3321 
6640 3424 3425 3321 
6641 3321 3425 3322 
6642 3425 3426 3322 
6643 3322 3426 3323 
6644 3426 3427 3323 
6645 3323 3427 3324 
6646 3427 3428 3324 
6647 3324 3428 3325 
6648 3428 3429 3325 
6649 3325 3429 3326 
6650 3429 3430 3326 
6651 3326 3430 3327 
6652 3430 3431 3327 
6653 3327 3431 3328 
6654 3431 3432 3328 
6655 3328 3432 3226 
6656 3432 3330 3226 
6657 3433 3435 3434 
6658 3435 3436 3434 
6659 3434 3436 3437 
6660 3436 3438 3437 
6661 3437 3438 3439 
6662 3438 3440 3439 
6663 3439 3440 3441 
6664 3440 3442 3441 
6665 3441 3442 3443 
6666 3442 3444 3443 
6667 3443 3444 3445 
6668 3444 3446 3445 
6669 3445 3446 3447 
6670 3446 3448 3447 
6671 3447 3448 3449 
6672 3448 3450 3449 
6673 3449 3450 3451 
6674 3450 3452 3451 
6675 3451 3452 3453 
6676 3452 3454 3453 
6677 3453 3454 3455 
6678 3454 3456 3455 
6679 3455 3456 3457 
6680 3456 3458 3457 
6681 3457 3458 3459 
6682 3458 3460 3459 
6683 3459 3460 3461 
6684 3460 3462 3461 
6685 3461 3462 3463 
6686 3462 3464 3463 
6687 3463 3464 3465 
6688 3464 3466 3465 
6689 3465 3466 3467 
6690 3466 3468 3467 
6691 3467 3468 3469 
6692 3468 3470 3469 
6693 3469 3470 3471 
6694 3470 3472 3471 
6695 3471 3472 3473 
6696 3472 3474 3473 
6697 3473 3474 3475 
6698 3474 3476 3475 
6699 3475 3476 3477 
6700 3476 3478 3477 
6701 3477 3478 3479 
6702 3478 3480 3479 
6703 3479 3480 3481 
6704 3480 3482 3481 
6705 3481 3482 3483 
6706 3482 3484 3483 
6707 3483 3484 3485 
6708 3484 3486 3485 
6709 3485 3486 3487 
6710 3485 3487 3488 
6711 3488 3487 3489 
6712 3488 3489 3490 
6713 3490 3489 3491 
6714 3490 3491 3492 
6715 3492 3491 3493 
6716 3492 3493 3494 
6717 3494 3493 3495 
6718 3494 3495 3496 
6719 3496 3495 3497 
6720 3496 3497 3498 
6721 3498 3497 3499 
6722 3498 3499 3500 
6723 3500 3499 3501 
6724 3500 3501 3502 
6725 3502 3501 3503 
6726 3502 3503 3504 
6727 3504 3503 3505 
6728 3504 3505 3506 
6729 3506 3505 3507 
6730 3506 3507 3508 
6731 3508 3507 3509 
6732 3508 3509 3510 
6733 3510 3509 3511 
6734 3510 3511 3512 
6735 3512 3511 3513 
6736 3512 3513 3514 
6737 3514 3513 3515 
6738 3514 3515 3516 
6739 3516 3515 3517 
6740 3516 3517 3518 
6741 3518 3517 3519 
6742 3518 3519 3520 
6743 3520 3519 3521 
6744 3520 3521 3522 
6745 3522 3521 3523 
6746 3522 3523 3524 
6747 3524 3523 3525 
6748 3524 3525 3526 
6749 3526 3525 3527 
6750 3526 3527 3528 
6751 3528 3527 3529 
6752 3528 3529 3530 
6753 3530 3529 3531 
6754 3530 3531 3532 
6755 3532 3531 3533 
6756 3532 3533 3534 
6757 3534 3533 3535 
6758 3534 3535 3536 
6759 3536 3535 3537 
6760 3536 3537 3538 
6761 3538 3537 3539 
6762 3537 3540 3539 
6763 3539 3540 3541 
6764 3540 3542 3541 
6765 3541 3542 3543 
6766 3542 3544 3543 
6767 3543 3544 3545 
6768 3544 3546 3545 
6769 3545 3546 3547 
6770 3546 3548 3547 
6771 3547 3548 3549 
6772 3548 3550 3549 
6773 3549 3550 3551 
6774 3550 3552 3551 
6775 3551 3552 3553 
6776 3552 3554 3553 
6777 3553 3554 3555 
6778 3554 3556 3555 
6779 3555 3556 3557 
6780 3556 3558 3557 
6781 3557 3558 3559 
6782 3558 3560 3559 
6783 3559 3560 3561 
6784 3560 3562 3561 
6785 3561 3562 3563 
6786 3562 3564 3563 
6787 3563 3564 3565 
6788 3564 3566 3565 
6789 3565 3566 3567 
6790 3566 3568 3567 
6791 3567 3568 3569 
6792 3568 3570 3569 
6793 3569 3570 3571 
6794 3570 3572 3571 
6795 3571 3572 3573 
6796 3572 3574 3573 
6797 3573 3574 3575 
6798 3574 3576 3575 
6799 3575 3576 3577 
6800 3576 3578 3577 
6801 3577 3578 3579 
6802 3578 3580 3579 
6803 3579 3580 3581 
6804 3580 3582 3581 
6805 3581 3582 3583 
6806 3582 3584 3583 
6807 3583 3584 3585 
6808 3584 3586 3585 
6809 3585 3586 3587 
6810 3586 3588 3587 
6811 3587 3588 3589 
6812 3588 3590 3589 
6813 3589 3590 3591 
6814 3589 3591 3592 
6815 3592 3591 3593 
6816 3592 3593 3594 
6817 3594 3593 3595 
6818 3594 3595 3596 
6819 3596 3595 3597 
6820 3596 3597 3598 
6821 3598 3597 3599 
6822 3598 3599 3600 
6823 3600 3599 3601 
6824 3600 3601 3602 
6825 3602 3601 3603 
6826 3602 3603 3604 
6827 3604 3603 3605 
6828 3604 3605 3606 
6829 3606 3605 3607 
6830 3606 3607 3608 
6831 3608 3607 3609 
6832 3608 3609 3610 
6833 3610 3609 3611 
6834 3610 3611 3612 
6835 3612 3611 3613 
6836 3612 3613 3614 
6837 3614 3613 3615 
6838 3614 3615 3616 
6839 3616 3615 3617 
6840 3616 3617 3618 
6841 3618 3617 3619 
6842 3618 3619 3620 
6843 3620 3619 3621 
6844 3620 3621 3622 
6845 3622 3621 3623 
6846 3622 3623 3624 
6847 3624 3623 3625 
6848 3624 3625 3626 
6849 3626 3625 3627 
6850 3626 3627 3628 
6851 3628 3627 3629 
6852 3628 3629 3630 
6853 3630 3629 3631 
6854 3630 3631 3632 
6855 3632 3631 3633 
6856 3632 3633 3634 
6857 3634 3633 3635 
6858 3634 3635 3636 
6859 3636 3635 3637 
6860 3636 3637 3638 
6861 3638 3637 3639 
6862 3638 3639 3640 
6863 3640 3639 3435 
6864 3640 3435 3433 
6865 3435 3641 3436 
6866 3641 3642 3436 
6867 3436 3642 3438 
6868 3642 3643 3438 
6869 3438 3643 3440 
6870 3643 3644 3440 
6871 3440 3644 3442 
6872 3644 3645 3442 
6873 3442 3645 3444 
6874 3645 3646 3444 
6875 3444 3646 3446 
6876 3646 3647 3446 
6877 3446 3647 3448 
6878 3647 3648 3448 
6879 3448 3648 3450 
6880 3648 3649 3450 
6881 3450 3649 3452 
6882 3649 3650 3452 
6883 3452 3650 3454 
6884 3650 3651 3454 
6885 3454 3651 3456 
6886 3651 3652 3456 
6887 3456 3652 3458 
6888 3652 3653 3458 
6889 3458 3653 3460 
6890 3653 3654 3460 
6891 3460 3654 3462 
6892 3654 3655 3462 
6893 3462 3655 3464 
6894 3655 3656 3464 
6895 3464 3656 3466 
6896 3656 3657 3466 
6897 3466 3657 3468 
6898 3657 3658 3468 
6899 3468 3658 3470 
6900 3658 3659 3470 
6901 3470 3659 3472 
6902 3659 3660 3472 
6903 3472 3660 3474 
6904 3660 3661 3474 
6905 3474 3661 3476 
6906 3661 3662 3476 
6907 3476 3662 3478 
6908 3662 3663 3478 
6909 3478 3663 3480 
6910 3663 3664 3480 
6911 3480 3664 3482 
6912 3664 3665 3482 
6913 3482 3665 3484 
6914 3665 3666 3484 
6915 3484 3666 3486 
6916 3666 3667 3486 
6917 3486 3667 3668 
6918 3486 3668 3487 
6919 3487 3668 3669 
6920 3487 3669 3489 
6921 3489 3669 3670 
6922 3489 3670 3491 
6923 3491 3670 3671 
6924 3491 3671 3493 
6925 3493 3671 3672 
6926 3493 3672 3495 
6927 3495 3672 3673 
6928 3495 3673 3497 
6929 3497 3673 3674 
6930 3497 3674 3499 
6931 3499 3674 3675 
6932 3499 3675 3501 
6933 3501 3675 3676 
6934 3501 3676 3503 
6935 3503 3676 3677 
6936 3503 3677 3505 
6937 3505 3677 3678 
6938 3505 3678 3507 
6939 3507 3678 3679 
6940 3507 3679 3509 
6941 3509 3679 3680 
6942 3509 3680 3511 
6943 3511 3680 3681 
6944 3511 3681 3513 
6945 3513 3681 3682 
6946 3513 3682 3515 
6947 3515 3682 3683 
6948 3515 3683 3517 
6949 3517 3683 3684 
6950 3517 3684 3519 
6951 3519 3684 3685 
6952 3519 3685 3521 
6953 3521 3685 3686 
6954 3521 3686 3523 
6955 3523 3686 3687 
6956 3523 3687 3525 
6957 3525 3687 3688 
6958 3525 3688 3527 
6959 3527 3688 3689 
6960 3527 3689 3529 
6961 3529 3689 3690 
6962 3529 3690 3531 
6963 3531 3690 3691 
6964 3531 3691 3533 
6965 3533 3691 3692 
6966 3533 3692 3535 
6967 3535 3692 3693 
6968 3535 3693 3537 
6969 3537 3693 3540 
6970 3693 3694 3540 
6971 3540 3694 3542 
6972 3694 3695 3542 
6973 3542 3695 3544 
6974 3695 3696 3544 
6975 3544 3696 3546 
6976 3696 3697 3546 
6977 3546 3697 3548 
6978 3697 3698 3548 
6979 3548 3698 3550 
6980 3698 3699 3550 
6981 3550 3699 3552 
6982 3699 3700 3552 
6983 3552 3700 3554 
6984 3700 3701 3554 
6985 3554 3701 3556 
6986 3701 3702 3556 
6987 3556 3702 3558 
6988 3702 3703 3558 
6989 3558 3703 3560 
6990 3703 3704 3560 
6991 3560 3704 3562 
6992 3704 3705 3562 
6993 3562 3705 3564 
6994 3705 3706 3564 
6995 3564 3706 3566 
6996 3706 3707 3566 
6997 3566 3707 3568 
6998 3707 3708 3568 
6999 3568 3708 3570 
7000 3708 3709 3570 
7001 3570 3709 3572 
7002 3709 3710 3572 
7003 3572 3710 3574 
7004 3710 3711 3574 
7005 3574 3711 3576 
7006 3711 3712 3576 
7007 3576 3712 3578 
7008 3712 3713 3578 
7009 3578 3713 3580 
7010 3713 3714 3580 
7011 3580 3714 3582 
7012 3714 3715 3582 
7013 3582 3715 3584 
7014 3715 3716 3584 
7015 3584 3716 3586 
7016 3716 3717 3586 
7017 3586 3717 3588 
7018 3717 3718 3588 
7019 3588 3718 3590 
7020 3718 3719 3590 
7021 3590 3719 3720 
7022 3590 3720 3591 
7023 3591 3720 3721 
7024 3591 3721 3593 
7025 3593 3721 3722 
7026 3593 3722 3595 
7027 3595 3722 3723 
7028 3595 3723 3597 
7029 3597 3723 3724 
7030 3597 3724 3599 
7031 3599 3724 3725 
7032 3599 3725 3601 
7033 3601 3725 3726 
7034 3601 3726 3603 
7035 3603 3726 3727 
7036 3603 3727 3605 
7037 3605 3727 3728 
7038 3605 3728 3607 
7039 3607 3728 3729 
7040 3607 3729 3609 
7041 3609 3729 3730 
7042 3609 3730 3611 
7043 3611 3730 3731 
7044 3611 3731 3613 
7045 3613 3731 3732 
7046 3613 3732 3615 
7047 3615 3732 3733 
7048 3615 3733 3617 
7049 3617 3733 3734 
7050 3617 3734 3619 
7051 3619 3734 3735 
7052 3619 3735 3621 
7053 3621 3735 3736 
7054 3621 3736 3623 
7055 3623 3736 3737 
7056 3623 3737 3625 
7057 3625 3737 3738 
7058 3625 3738 3627 
7059 3627 3738 3739 
7060 3627 3739 3629 
7061 3629 3739 3740 
7062 3629 3740 3631 
7063 3631 3740 3741 
7064 3631 3741 3633 
7065 3633 3741 3742 
7066 3633 3742 3635 
7067 3635 3742 3743 
7068 3635 3743 3637 
7069 3637 3743 3744 
7070 3637 3744 3639 
7071 3639 3744 3641 
7072 3639 3641 3435 
7073 3641 3745 3642 
7074 3745 3746 3642 
7075 3642 3746 3643 
7076 3746 3747 3643 
7077 3643 3747 3644 
7078 3747 3748 3644 
7079 3644 3748 3645 
7080 3748 3749 3645 
7081 3645 3749 3646 
7082 3749 3750 3646 
7083 3646 3750 3647 
7084 3750 3751 3647 
7085 3647 3751 3648 
7086 3751 3752 3648 
7087 3648 3752 3649 
7088 3752 3753 3649 
7089 3649 3753 3650 
7090 3753 3754 3650 
7091 3650 3754 3651 
7092 3754 3755 3651 
7093 3651 3755 3652 
7094 3755 3756 3652 
7095 3652 3756 3653 
7096 3756 3757 3653 
7097 3653 3757 3654 
7098 3757 3758 3654 
7099 3654 3758 3655 
7100 3758 3759 3655 
7101 3655 3759 3656 
7102 3759 3760 3656 
7103 3656 3760 3657 
7104 3760 3761 3657 
7105 3657 3761 3658 
7106 3761 3762 3658 
7107 3658 3762 3659 
7108 3762 3763 3659 
7109 3659 3763 3660 
7110 3763 3764 3660 
7111 3660 3764 3661 
7112 3764 3765 3661 
7113 3661 3765 3662 
7114 3765 3766 3662 
7115 3662 3766 3663 
7116 3766 3767 3663 
7117 3663 3767 3664 
7118 3767 3768 3664 
7119 3664 3768 3665 
7120 3768 3769 3665 
7121 3665 3769 3666 
7122 3769 3770 3666 
7123 3666 3770 3667 
7124 3770 3771 3667 
7125 3667 3771 3772 
7126 3667 3772 3668 
7127 3668 3772 3773 
7128 3668 3773 3669 
7129 3669 3773 3774 
7130 3669 3774 3670 
7131 3670 3774 3775 
7132 3670 3775 3671 
7133 3671 3775 3776 
7134 3671 3776 3672 
7135 3672 3776 3777 
7136 3672 3777 3673 
7137 3673 3777 3778 
7138 3673 3778 3674 
7139 3674 3778 3779 
7140 3674 3779 3675 
7141 3675 3779 3780 
7142 3675 3780 3676 
7143 3676 3780 3781 
7144 3676 3781 3677 
7145 3677 3781 3782 
7146 3677 3782 3678 
7147 3678 3782 3783 
7148 3678 3783 3679 
7149 3679 3783 3784 
7150 3679 3784 3680 
7151 3680 3784 3785 
7152 3680 3785 3681 
7153 3681 3785 3786 
7154 3681 3786 3682 
7155 3682 3786 3787 
7156 3682 3787 3683 
7157 3683 3787 3788 
7158 3683 3788 3684 
7159 3684 3788 3789 
7160 3684 3789 3685 
7161 3685 3789 3790 
7162 3685 3790 3686 
7163 3686 3790 3791 
7164 3686 3791 3687 
7165 3687 3791 3792 
7166 3687 3792 3688 
7167 3688 3792 3793 
7168 3688 3793 3689 
7169 3689 3793 3794 
7170 3689 3794 3690 
7171 3690 3794 3795 
7172 3690 3795 3691 
7173 3691 3795 3796 
7174 3691 3796 3692 
7175 3692 3796 3797 
7176 3692 3797 3693 
7177 3693 3797 3694 
7178 3797 3798 3694 
7179 3694 3798 3695 
7180 3798 3799 3695 
7181 3695 3799 3696 
7182 3799 3800 3696 
7183 3696 3800 3697 
7184 3800 3801 3697 
7185 3697 3801 3698 
7186 3801 3802 3698 
7187 3698 3802 3699 
7188 3802 3803 3699 
7189 3699 3803 3700 
7190 3803 3804 3700 
7191 3700 3804 3701 
7192 3804 3805 3701 
7193 3701 3805 3702 
7194 3805 3806 3702 
7195 3702 3806 3703 
7196 3806 3807 3703 
7197 3703 3807 3704 
7198 3807 3808 3704 
7199 3704 3808 3705 
7200 3808 3809 3705 
7201 3705 3809 3706 
7202 3809 3810 3706 
7203 3706 3810 3707 
7204 3810 3811 3707 
7205 3707 3811 3708 
7206 3811 3812 3708 
7207 3708 3812 3709 
7208 3812 3813 3709 
7209 3709 3813 3710 
7210 3813 3814 3710 
7211 3710 3814 3711 
7212 3814 3815 3711 
7213 3711 3815 3712 
7214 3815 3816 3712 
7215 3712 3816 3713 
7216 3816 3817 3713 
7217 3713 3817 3714 
7218 3817 3818 3714 
7219 3714 3818 3715 
7220 3818 3819 3715 
7221 3715 3819 3716 
7222 3819 3820 3716 
7223 3716 3820 3717 
7224 3820 3821 3717 
7225 3717 3821 3718 
7226 3821 3822 3718 
7227 3718 3822 3719 
7228 3822 3823 3719 
7229 3719 3823 3824 
7230 3719 3824 3720 
7231 3720 3824 3825 
7232 3720 3825 3721 
7233 3721 3825 3826 
7234 3721 3826 3722 
7235 3722 3826 3827 
7236 3722 3827 3723 
7237 3723 3827 3828 
7238 3723 3828 3724 
7239 3724 3828 3829 
7240 3724 3829 3725 
7241 3725 3829 3830 
7242 3725 3830 3726 
7243 3726 3830 3831 
7244 3726 3831 3727 
7245 3727 3831 3832 
7246 3727 3832 3728 
7247 3728 3832 3833 
7248 3728 3833 3729 
7249 3729 3833 3834 
7250 3729 3834 3730 
7251 3730 3834 3835 
7252 3730 3835 3731 
7253 3731 3835 3836 
7254 3731 3836 3732 
7255 3732 3836 3837 
7256 3732 3837 3733 
7257 3733 3837 3838 
7258 3733 3838 3734 
7259 3734 3838 3839 
7260 3734 3839 3735 
7261 3735 3839 3840 
7262 3735 3840 3736 
7263 3736 3840 3841 
7264 3736 3841 3737 
7265 3737 3841 3842 
7266 3737 3842 3738 
7267 3738 3842 3843 
7268 3738 3843 3739 
7269 3739 3843 3844 
7270 3739 3844 3740 
7271 3740 3844 3845 
7272 3740 3845 3741 
7273 3741 3845 3846 
7274 3741 3846 3742 
7275 3742 3846 3847 
7276 3742 3847 3743 
7277 3743 3847 3848 
7278 3743 3848 3744 
7279 3744 3848 3745 
7280 3744 3745 3641 
7281 3745 3849 3746 
7282 3849 3850 3746 
7283 3746 3850 3747 
7284 3850 3851 3747 
7285 3747 3851 3748 
7286 3851 3852 3748 
7287 3748 3852 3749 
7288 3852 3853 3749 
7289 3749 3853 3750 
7290 3853 3854 3750 
7291 3750 3854 3751 
7292 3854 3855 3751 
7293 3751 3855 3752 
7294 3855 3856 3752 
7295 3752 3856 3753 
7296 3856 3857 3753 
7297 3753 3857 3754 
7298 3857 3858 3754 
7299 3754 3858 3755 
7300 3858 3859 3755 
7301 3755 3859 3756 
7302 3859 3860 3756 
7303 3756 3860 3757 
7304 3860 3861 3757 
7305 3757 3861 3758 
7306 3861 3862 3758 
7307 3758 3862 3759 
7308 3862 3863 3759 
7309 3759 3863 3760 
7310 3863 3864 3760 
7311 3760 3864 3761 
7312 3864 3865 3761 
7313 3761 3865 3762 
7314 3865 3866 3762 
7315 3762 3866 3763 
7316 3866 3867 3763 
7317 3763 3867 3764 
7318 3867 3868 3764 
7319 3764 3868 3765 
7320 3868 3869 3765 
7321 3765 3869 3766 
7322 3869 3870 3766 
7323 3766 3870 3767 
7324 3870 3871 3767 
7325 3767 3871 3768 
7326 3871 3872 3768 
7327 3768 3872 3769 
7328 3872 3873 3769 
7329 3769 3873 3770 
7330 3873 3874 3770 
7331 3770 3874 3771 
7332 3874 3875 3771 
7333 3771 3875 3876 
7334 3771 3876 3772 
7335 3772 3876 3877 
7336 3772 3877 3773 
7337 3773 3877 3878 
7338 3773 3878 3774 
7339 3774 3878 3879 
7340 3774 3879 3775 
7341 3775 3879 3880 
7342 3775 3880 3776 
7343 3776 3880 3881 
7344 3776 3881 3777 
7345 3777 3881 3882 
7346 3777 3882 3778 
7347 3778 3882 3883 
7348 3778 3883 3779 
7349 3779 3883 3884 
7350 3779 3884 3780 
7351 3780 3884 3885 
7352 3780 3885 3781 
7353 3781 3885 3886 
7354 3781 3886 3782 
7355 3782 3886 3887 
7356 3782 3887 3783 
7357 3783 3887 3888 
7358 3783 3888 3784 
7359 3784 3888 3889 
7360 3784 3889 3785 
7361 3785 3889 3890 
7362 3785 3890 3786 
7363 3786 3890 3891 
7364 3786 3891 3787 
7365 3787 3891 3892 
7366 3787 3892 3788 
7367 3788 3892 3893 
7368 3788 3893 3789 
7369 3789 3893 3894 
7370 3789 3894 3790 
7371 3790 3894 3895 
7372 3790 3895 3791 
7373 3791 3895 3896 
7374 3791 3896 3792 
7375 3792 3896 3897 
7376 3792 3897 3793 
7377 3793 3897 3898 
7378 3793 3898 3794 
7379 3794 3898 3899 
7380 3794 3899 3795 
7381 3795 3899 3900 
7382 3795 3900 3796 
7383 3796 3900 3901 
7384 3796 3901 3797 
7385 3797 3901 3798 
7386 3901 3902 3798 
7387 3798 3902 3799 
7388 3902 3903 3799 
7389 3799 3903 3800 
7390 3903 3904 3800 
7391 3800 3904 3801 
7392 3904 3905 3801 
7393 3801 3905 3802 
7394 3905 3906 3802 
7395 3802 3906 3803 
7396 3906 3907 3803 
7397 3803 3907 3804 
7398 3907 3908 3804 
7399 3804 3908 3805 
7400 3908 3909 3805 
7401 3805 3909 3806 
7402 3909 3910 3806 
7403 3806 3910 3807 
7404 3910 3911 3807 
7405 3807 3911 3808 
7406 3911 3912 3808 
7407 3808 3912 3809 
7408 3912 3913 3809 
7409 3809 3913 3810 
7410 3913 3914 3810 
7411 3810 3914 3811 
7412 3914 3915 3811 
7413 3811 3915 3812 
7414 3915 3916 3812 
7415 3812 3916 3813 
7416 3916 3917 3813 
7417 3813 3917 3814 
7418 3917 3918 3814 
7419 3814 3918 3815 
7420 3918 3919 3815 
7421 3815 3919 3816 
7422 3919 3920 3816 
7423 3816 3920 3817 
7424 3920 3921 3817 
7425 3817 3921 3818 
7426 3921 3922 3818 
7427 3818 3922 3819 
7428 3922 3923 3819 
7429 3819 3923 3820 
7430 3923 3924 3820 
7431 3820 3924 3821 
7432 3924 3925 3821 
7433 3821 3925 3822 
7434 3925 3926 3822 
7435 3822 3926 3823 
7436 3926 3927 3823 
7437 3823 3927 3928 
7438 3823 3928 3824 
7439 3824 3928 3929 
7440 3824 3929 3825 
7441 3825 3929 3930 
7442 3825 3930 3826 
7443 3826 3930 3931 
7444 3826 3931 3827 
7445 3827 3931 3932 
7446 3827 3932 3828 
7447 3828 3932 3933 
7448 3828 3933 3829 
7449 3829 3933 3934 
7450 3829 3934 3830 
7451 3830 3934 3935 
7452 3830 3935 3831 
7453 3831 3935 3936 
7454 3831 3936 3832 
7455 3832 3936 3937 
7456 3832 3937 3833 
7457 3833 3937 3938 
7458 3833 3938 3834 
7459 3834 3938 3939 
7460 3834 3939 3835 
7461 3835 3939 3940 
7462 3835 3940 3836 
7463 3836 3940 3941 
7464 3836 3941 3837 
7465 3837 3941 3942 
7466 3837 3942 3838 
7467 3838 3942 3943 
7468 3838 3943 3839 
7469 3839 3943 3944 
7470 3839 3944 3840 
7471 3840 3944 3945 
7472 3840 3945 3841 
7473 3841 3945 3946 
7474 3841 3946 3842 
7475 3842 3946 3947 
7476 3842 3947 3843 
7477 3843 3947 3948 
7478 3843 3948 3844 
7479 3844 3948 3949 
7480 3844 3949 3845 
7481 3845 3949 3950 
7482 3845 3950 3846 
7483 3846 3950 3951 
7484 3846 3951 3847 
7485 3847 3951 3952 
7486 3847 3952 3848 
7487 3848 3952 3849 
7488 3848 3849 3745 
7489 3849 3953 3850 
7490 3953 3954 3850 
7491 3850 3954 3851 
7492 3954 3955 3851 
7493 3851 3955 3852 
7494 3955 3956 3852 
7495 3852 3956 3853 
7496 3956 3957 3853 
7497 3853 3957 3854 
7498 3957 3958 3854 
7499 3854 3958 3855 
7500 3958 3959 3855 
7501 3855 3959 3856 
7502 3959 3960 3856 
7503 3856 3960 3857 
7504 3960 3961 3857 
7505 3857 3961 3858 
7506 3961 3962 3858 
7507 3858 3962 3859 
7508 3962 3963 3859 
7509 3859 3963 3860 
7510 3963 3964 3860 
7511 3860 3964 3861 
7512 3964 3965 3861 
7513 3861 3965 3862 
7514 3965 3966 3862 
7515 3862 3966 3863 
7516 3966 3967 3863 
7517 3863 3967 3864 
7518 3967 3968 3864 
7519 3864 3968 3865 
7520 3968 3969 3865 
7521 3865 3969 3866 
7522 3969 3970 3866 
7523 3866 3970 3867 
7524 3970 3971 3867 
7525 3867 3971 3868 
7526 3971 3972 3868 
7527 3868 3972 3869 
7528 3972 3973 3869 
7529 3869 3973 3870 
7530 3973 3974 3870 
7531 3870 3974 3871 
7532 3974 3975 3871 
7533 3871 3975 3872 
7534 3975 3976 3872 
7535 3872 3976 3873 
7536 3976 3977 3873 
7537 3873 3977 3874 
7538 3977 3978 3874 
7539 3874 3978 3875 
7540 3978 3979 3875 
7541 3875 3979 3980 
7542 3875 3980 3876 
7543 3876 3980 3981 
7544 3876 3981 3877 
7545 3877 3981 3982 
7546 3877 3982 3878 
7547 3878 3982 3983 
7548 3878 3983 3879 
7549 3879 3983 3984 
7550 3879 3984 3880 
7551 3880 3984 3985 
7552 3880 3985 3881 
7553 3881 3985 3986 
7554 3881 3986 3882 
7555 3882 3986 3987 
7556 3882 3987 3883 
7557 3883 3987 3988 
7558 3883 3988 3884 
7559 3884 3988 3989 
7560 3884 3989 3885 
7561 3885 3989 3990 
7562 3885 3990 3886 
7563 3886 3990 3991 
7564 3886 3991 3887 
7565 3887 3991 3992 
7566 3887 3992 3888 
7567 3888 3992 3993 
7568 3888 3993 3889 
7569 3889 3993 3994 
7570 3889 3994 3890 
7571 3890 3994 3995 
7572 3890 3995 3891 
7573 3891 3995 3996 
7574 3891 3996 3892 
7575 3892 3996 3997 
7576 3892 3997 3893 
7577 3893 3997 3998 
7578 3893 3998 3894 
7579 3894 3998 3999 
7580 3894 3999 3895 
7581 3895 3999 4000 
7582 3895 4000 3896 
7583 3896 4000 4001 
7584 3896 4001 3897 
7585 3897 4001 4002 
7586 3897 4002 3898 
7587 3898 4002 4003 
7588 3898 4003 3899 
7589 3899 4003 4004 
7590 3899 4004 3900 
7591 3900 4004 4005 
7592 3900 4005 3901 
7593 3901 4005 3902 
7594 4005 4006 3902 
7595 3902 4006 3903 
7596 4006 4007 3903 
7597 3903 4007 3904 
7598 4007 4008 3904 
7599 3904 4008 3905 
7600 4008 4009 3905 
7601 3905 4009 3906 
7602 4009 4010 3906 
7603 3906 4010 3907 
7604 4010 4011 3907 
7605 3907 4011 3908 
7606 4011 4012 3908 
7607 3908 4012 3909 
7608 4012 4013 3909 
7609 3909 4013 3910 
7610 4013 4014 3910 
7611 3910 4014 3911 
7612 4014 4015 3911 
7613 3911 4015 3912 
7614 4015 4016 3912 
7615 3912 4016 3913 
7616 4016 4017 3913 
7617 3913 4017 3914 
7618 4017 4018 3914 
7619 3914 4018 3915 
7620 4018 4019 3915 
7621 3915 4019 3916 
7622 4019 4020 3916 
7623 3916 4020 3917 
7624 4020 4021 3917 
7625 3917 4021 3918 
7626 4021 4022 3918 
7627 3918 4022 3919 
7628 4022 4023 3919 
7629 3919 4023 3920 
7630 4023 4024 3920 
7631 3920 4024 3921 
7632 4024 4025 3921 
7633 3921 4025 3922 
7634 4025 4026 3922 
7635 3922 4026 3923 
7636 4026 4027 3923 
7637 3923 4027 3924 
7638 4027 4028 3924 
7639 3924 4028 3925 
7640 4028 4029 3925 
7641 3925 4029 3926 
7642 4029 4030 3926 
7643 3926 4030 3927 
7644 4030 4031 3927 
7645 3927 4031 4032 
7646 3927 4032 3928 
7647 3928 4032 4033 
7648 3928 4033 3929 
7649 3929 4033 4034 
7650 3929 4034 3930 
7651 3930 4034 4035 
7652 3930 4035 3931 
7653 3931 4035 4036 
7654 3931 4036 3932 
7655 3932 4036 4037 
7656 3932 4037 3933 
7657 3933 4037 4038 
7658 3933 4038 3934 
7659 3934 4038 4039 
7660 3934 4039 3935 
7661 3935 4039 4040 
7662 3935 4040 3936 
7663 3936 4040 4041 
7664 3936 4041 3937 
7665 3937 4041 4042 
7666 3937 4042 3938 
7667 3938 4042 4043 
7668 3938 4043 3939 
7669 3939 4043 4044 
7670 3939 4044 3940 
7671 3940 4044 4045 
7672 3940 4045 3941 
7673 3941 4045 4046 
7674 3941 4046 3942 
7675 3942 4046 4047 
7676 3942 4047 3943 
7677 3943 4047 4048 
7678 3943 4048 3944 
7679 3944 4048 4049 
7680 3944 4049 3945 
7681 3945 4049 4050 
7682 3945 4050 3946 
7683 3946 4050 4051 
7684 3946 4051 3947 
7685 3947 4051 4052 
7686 3947 4052 3948 
7687 3948 4052 4053 
7688 3948 4053 3949 
7689 3949 4053 4054 
7690 3949 4054 3950 
7691 3950 4054 4055 
7692 3950 4055 3951 
7693 3951 4055 4056 
7694 3951 4056 3952 
7695 3952 4056 3953 
7696 3952 3953 3849 
7697 3953 4057 3954 
7698 4057 4058 3954 
7699 3954 4058 3955 
7700 4058 4059 3955 
7701 3955 4059 3956 
7702 4059 4060 3956 
7703 3956 4060 3957 
7704 4060 4061 3957 
7705 3957 4061 3958 
7706 4061 4062 3958 
7707 3958 4062 3959 
7708 4062 4063 3959 
7709 3959 4063 3960 
7710 4063 4064 3960 
7711 3960 4064 3961 
7712 4064 4065 3961 
7713 3961 4065 3962 
7714 4065 4066 3962 
7715 3962 4066 3963 
7716 4066 4067 3963 
7717 3963 4067 3964 
7718 4067 4068 3964 
7719 3964 4068 3965 
7720 4068 4069 3965 
7721 3965 4069 3966 
7722 4069 4070 3966 
7723 3966 4070 3967 
7724 4070 4071 3967 
7725 3967 4071 3968 
7726 4071 4072 3968 
7727 3968 4072 3969 
7728 4072 4073 3969 
7729 3969 4073 3970 
7730 4073 4074 3970 
7731 3970 4074 3971 
7732 4074 4075 3971 
7733 3971 4075 3972 
7734 4075 4076 3972 
7735 3972 4076 3973 
7736 4076 4077 3973 
7737 3973 4077 3974 
7738 4077 4078 3974 
7739 3974 4078 3975 
7740 4078 4079 3975 
7741 3975 4079 3976 
7742 4079 4080 3976 
7743 3976 4080 3977 
7744 4080 4081 3977 
7745 3977 4081 3978 
7746 4081 4082 3978 
7747 3978 4082 3979 
7748 4082 4083 3979 
7749 3979 4083 4084 
7750 3979 4084 3980 
7751 3980 4084 4085 
7752 3980 4085 3981 
7753 3981 4085 4086 
7754 3981 4086 3982 
7755 3982 4086 4087 
7756 3982 4087 3983 
7757 3983 4087 4088 
7758 3983 4088 3984 
7759 3984 4088 4089 
7760 3984 4089 3985 
7761 3985 4089 4090 
7762 3985 4090 3986 
7763 3986 4090 4091 
7764 3986 4091 3987 
7765 3987 4091 4092 
7766 3987 4092 3988 
7767 3988 4092 4093 
7768 3988 4093 3989 
7769 3989 4093 4094 
7770 3989 4094 3990 
7771 3990 4094 4095 
7772 3990 4095 3991 
7773 3991 4095 4096 
7774 3991 4096 3992 
7775 3992 4096 4097 
7776 3992 4097 3993 
7777 3993 4097 4098 
7778 3993 4098 3994 
7779 3994 4098 4099 
7780 3994 4099 3995 
7781 3995 4099 4100 
7782 3995 4100 3996 
7783 3996 4100 4101 
7784 3996 4101 3997 
7785 3997 4101 4102 
7786 3997 4102 3998 
7787 3998 4102 4103 
7788 3998 4103 3999 
7789 3999 4103 4104 
7790 3999 4104 4000 
7791 4000 4104 4105 
7792 4000 4105 4001 
7793 4001 4105 4106 
7794 4001 4106 4002 
7795 4002 4106 4107 
7796 4002 4107 4003 
7797 4003 4107 4108 
7798 4003 4108 4004 
7799 4004 4108 4109 
7800 4004 4109 4005 
7801 4005 4109 4006 
7802 4109 4110 4006 
7803 4006 4110 4007 
7804 4110 4111 4007 
7805 4007 4111 4008 
7806 4111 4112 4008 
7807 4008 4112 4009 
7808 4112 4113 4009 
7809 4009 4113 4010 
7810 4113 4114 4010 
7811 4010 4114 4011 
7812 4114 4115 4011 
7813 4011 4115 4012 
7814 4115 4116 4012 
7815 4012 4116 4013 
7816 4116 4117 4013 
7817 4013 4117 4014 
7818 4117 4118 4014 
7819 4014 4118 4015 
7820 4118 4119 4015 
7821 4015 4119 4016 
7822 4119 4120 4016 
7823 4016 4120 4017 
7824 4120 4121 4017 
7825 4017 4121 4018 
7826 4121 4122 4018 
7827 4018 4122 4019 
7828 4122 4123 4019 
7829 4019 4123 4020 
7830 4123 4124 4020 
7831 4020 4124 4021 
7832 4124 4125 4021 
7833 4021 4125 4022 
7834 4125 4126 4022 
7835 4022 4126 4023 
7836 4126 4127 4023 
7837 4023 4127 4024 
7838 4127 4128 4024 
7839 4024 4128 4025 
7840 4128 4129 4025 
7841 4025 4129 4026 
7842 4129 4130 4026 
7843 4026 4130 4027 
7844 4130 4131 4027 
7845 4027 4131 4028 
7846 4131 4132 4028 
7847 4028 4132 4029 
7848 4132 4133 4029 
7849 4029 4133 4030 
7850 4133 4134 4030 
7851 4030 4134 4031 
7852 4134 4135 4031 
7853 4031 4135 4136 
7854 4031 4136 4032 
7855 4032 4136 4137 
7856 4032 4137 4033 
7857 4033 4137 4138 
7858 4033 4138 4034 
7859 4034 4138 4139 
7860 4034 4139 4035 
7861 4035 4139 4140 
7862 4035 4140 4036 
7863 4036 4140 4141 
7864 4036 4141 4037 
7865 4037 4141 4142 
7866 4037 4142 4038 
7867 4038 4142 4143 
7868 4038 4143 4039 
7869 4039 4143 4144 
7870 4039 4144 4040 
7871 4040 4144 4145 
7872 4040 4145 4041 
7873 4041 4145 4146 
7874 4041 4146 4042 
7875 4042 4146 4147 
7876 4042 4147 4043 
7877 4043 4147 4148 
7878 4043 4148 4044 
7879 4044 4148 4149 
7880 4044 4149 4045 
7881 4045 4149 4150 
7882 4045 4150 4046 
7883 4046 4150 4151 
7884 4046 4151 4047 
7885 4047 4151 4152 
7886 4047 4152 4048 
7887 4048 4152 4153 
7888 4048 4153 4049 
7889 4049 4153 4154 
7890 4049 4154 4050 
7891 4050 4154 4155 
7892 4050 4155 4051 
7893 4051 4155 4156 
7894 4051 4156 4052 
7895 4052 4156 4157 
7896 4052 4157 4053 
7897 4053 4157 4158 
7898 4053 4158 4054 
7899 4054 4158 4159 
7900 4054 4159 4055 
7901 4055 4159 4160 
7902 4055 4160 4056 
7903 4056 4160 4057 
7904 4056 4057 3953 
7905 4057 4161 4058 
7906 4161 4162 4058 
7907 4058 4162 4059 
7908 4162 4163 4059 
7909 4059 4163 4060 
7910 4163 4164 4060 
7911 4060 4164 4061 
7912 4164 4165 4061 
7913 4061 4165 4062 
7914 4165 4166 4062 
7915 4062 4166 4063 
7916 4166 4167 4063 
7917 4063 4167 4064 
7918 4167 4168 4064 
7919 4064 4168 4065 
7920 4168 4169 4065 
7921 4065 4169 4066 
7922 4169 4170 4066 
7923 4066 4170 4067 
7924 4170 4171 4067 
7925 4067 4171 4068 
7926 4171 4172 4068 
7927 4068 4172 4069 
7928 4172 4173 4069 
7929 4069 4173 4070 
7930 4173 4174 4070 
7931 4070 4174 4071 
7932 4174 4175 4071 
7933 4071 4175 4072 
7934 4175 4176 4072 
7935 4072 4176 4073 
7936 4176 4177 4073 
7937 4073 4177 4074 
7938 4177 4178 4074 
7939 4074 4178 4075 
7940 4178 4179 4075 
7941 4075 4179 4076 
7942 4179 4180 4076 
7943 4076 4180 4077 
7944 4180 4181 4077 
7945 4077 4181 4078 
7946 4181 4182 4078 
7947 4078 4182 4079 
7948 4182 4183 4079 
7949 4079 4183 4080 
7950 4183 4184 4080 
7951 4080 4184 4081 
7952 4184 4185 4081 
7953 4081 4185 4082 
7954 4185 4186 4082 
7955 4082 4186 4083 
7956 4186 4187 4083 
7957 4083 4187 4188 
7958 4083 4188 4084 
7959 4084 4188 4189 
7960 4084 4189 4085 
7961 4085 4189 4190 
7962 4085 4190 4086 
7963 4086 4190 4191 
7964 4086 4191 4087 
7965 4087 4191 4192 
7966 4087 4192 4088 
7967 4088 4192 4193 
7968 4088 4193 4089 
7969 4089 4193 4194 
7970 4089 4194 4090 
7971 4090 4194 4195 
7972 4090 4195 4091 
7973 4091 4195 4196 
7974 4091 4196 4092 
7975 4092 4196 4197 
7976 4092 4197 4093 
7977 4093 4197 4198 
7978 4093 4198 4094 
7979 4094 4198 4199 
7980 4094 4199 4095 
7981 4095 4199 4200 
7982 4095 4200 4096 
7983 4096 4200 4201 
7984 4096 4201 4097 
7985 4097 4201 4202 
7986 4097 4202 4098 
7987 4098 4202 4203 
7988 4098 4203 4099 
7989 4099 4203 4204 
7990 4099 4204 4100 
7991 4100 4204 4205 
7992 4100 4205 4101 
7993 4101 4205 4206 
7994 4101 4206 4102 
7995 4102 4206 4207 
7996 4102 4207 4103 
7997 4103 4207 4208 
7998 4103 4208 4104 
7999 4104 4208 4209 
8000 4104 4209 4105 
8001 4105 4209 4210 
8002 4105 4210 4106 
8003 4106 4210 4211 
8004 4106 4211 4107 
8005 4107 4211 4212 
8006 4107 4212 4108 
8007 4108 4212 4213 
8008 4108 4213 4109 
8009 4109 4213 4110 
8010 4213 4214 4110 
8011 4110 4214 4111 
8012 4214 4215 4111 
8013 4111 4215 4112 
8014 4215 4216 4112 
8015 4112 4216 4113 
8016 4216 4217 4113 
8017 4113 4217 4114 
8018 4217 4218 4114 
8019 4114 4218 4115 
8020 4218 4219 4115 
8021 4115 4219 4116 
8022 4219 4220 4116 
8023 4116 4220 4117 
8024 4220 4221 4117 
8025 4117 4221 4118 
8026 4221 4222 4118 
8027 4118 4222 4119 
8028 4222 4223 4119 
8029 4119 4223 4120 
8030 4223 4224 4120 
8031 4120 4224 4121 
8032 4224 4225 4121 
8033 4121 4225 4122 
8034 4225 4226 4122 
8035 4122 4226 4123 
8036 4226 4227 4123 
8037 4123 4227 4124 
8038 4227 4228 4124 
8039 4124 4228 4125 
8040 4228 4229 4125 
8041 4125 4229 4126 
8042 4229 4230 4126 
8043 4126 4230 4127 
8044 4230 4231 4127 
8045 4127 4231 4128 
8046 4231 4232 4128 
8047 4128 4232 4129 
8048 4232 4233 4129 
8049 4129 4233 4130 
8050 4233 4234 4130 
8051 4130 4234 4131 
8052 4234 4235 4131 
8053 4131 4235 4132 
8054 4235 4236 4132 
8055 4132 4236 4133 
8056 4236 4237 4133 
8057 4133 4237 4134 
8058 4237 4238 4134 
8059 4134 4238 4135 
8060 4238 4239 4135 
8061 4135 4239 4240 
8062 4135 4240 4136 
8063 4136 4240 4241 
8064 4136 4241 4137 
8065 4137 4241 4242 
8066 4137 4242 4138 
8067 4138 4242 4243 
8068 4138 4243 4139 
8069 4139 4243 4244 
8070 4139 4244 4140 
8071 4140 4244 4245 
8072 4140 4245 4141 
8073 4141 4245 4246 
8074 4141 4246 4142 
8075 4142 4246 4247 
8076 4142 4247 4143 
8077 4143 4247 4248 
8078 4143 4248 4144 
8079 4144 4248 4249 
8080 4144 4249 4145 
8081 4145 4249 4250 
8082 4145 4250 4146 
8083 4146 4250 4251 
8084 4146 4251 4147 
8085 4147 4251 4252 
8086 4147 4252 4148 
8087 4148 4252 4253 
8088 4148 4253 4149 
8089 4149 4253 4254 
8090 4149 4254 4150 
8091 4150 4254 4255 
8092 4150 4255 4151 
8093 4151 4255 4256 
8094 4151 4256 4152 
8095 4152 4256 4257 
8096 4152 4257 4153 
8097 4153 4257 4258 
8098 4153 4258 4154 
8099 4154 4258 4259 
8100 4154 4259 4155 
8101 4155 4259 4260 
8102 4155 4260 4156 
8103 4156 4260 4261 
8104 4156 4261 4157 
8105 4157 4261 4262 
8106 4157 4262 4158 
8107 4158 4262 4263 
8108 4158 4263 4159 
8109 4159 4263 4264 
8110 4159 4264 4160 
8111 4160 4264 4161 
8112 4160 4161 4057 
8113 4161 4265 4162 
8114 4265 4266 4162 
8115 4162 4266 4163 
8116 4266 4267 4163 
8117 4163 4267 4164 
8118 4267 4268 4164 
8119 4164 4268 4165 
8120 4268 4269 4165 
8121 4165 4269 4166 
8122 4269 4270 4166 
8123 4166 4270 4167 
8124 4270 4271 4167 
8125 4167 4271 4168 
8126 4271 4272 4168 
8127 4168 4272 4169 
8128 4272 4273 4169 
8129 4169 4273 4170 
8130 4273 4274 4170 
8131 4170 4274 4171 
8132 4274 4275 4171 
8133 4171 4275 4172 
8134 4275 4276 4172 
8135 4172 4276 4173 
8136 4276 4277 4173 
8137 4173 4277 4174 
8138 4277 4278 4174 
8139 4174 4278 4175 
8140 4278 4279 4175 
8141 4175 4279 4176 
8142 4279 4280 4176 
8143 4176 4280 4177 
8144 4280 4281 4177 
8145 4177 4281 4178 
8146 4281 4282 4178 
8147 4178 4282 4179 
8148 4282 4283 4179 
8149 4179 4283 4180 
8150 4283 4284 4180 
8151 4180 4284 4181 
8152 4284 4285 4181 
8153 4181 4285 4182 
8154 4285 4286 4182 
8155 4182 4286 4183 
8156 4286 4287 4183 
8157 4183 4287 4184 
8158 4287 4288 4184 
8159 4184 4288 4185 
8160 4288 4289 4185 
8161 4185 4289 4186 
8162 4289 4290 4186 
8163 4186 4290 4187 
8164 4290 4291 4187 
8165 4187 4291 4292 
8166 4187 4292 4188 
8167 4188 4292 4293 
8168 4188 4293 4189 
8169 4189 4293 4294 
8170 4189 4294 4190 
8171 4190 4294 4295 
8172 4190 4295 4191 
8173 4191 4295 4296 
8174 4191 4296 4192 
8175 4192 4296 4297 
8176 4192 4297 4193 
8177 4193 4297 4298 
8178 4193 4298 4194 
8179 4194 4298 4299 
8180 4194 4299 4195 
8181 4195 4299 4300 
8182 4195 4300 4196 
8183 4196 4300 4301 
8184 4196 4301 4197 
8185 4197 4301 4302 
8186 4197 4302 4198 
8187 4198 4302 4303 
8188 4198 4303 4199 
8189 4199 4303 4304 
8190 4199 4304 4200 
8191 4200 4304 4305 
8192 4200 4305 4201 
8193 4201 4305 4306 
8194 4201 4306 4202 
8195 4202 4306 4307 
8196 4202 4307 4203 
8197 4203 4307 4308 
8198 4203 4308 4204 
8199 4204 4308 4309 
8200 4204 4309 4205 
8201 4205 4309 4310 
8202 4205 4310 4206 
8203 4206 4310 4311 
8204 4206 4311 4207 
8205 4207 4311 4312 
8206 4207 4312 4208 
8207 4208 4312 4313 
8208 4208 4313 4209 
8209 4209 4313 4314 
8210 4209 4314 4210 
8211 4210 4314 4315 
8212 4210 4315 4211 
8213 4211 4315 4316 
8214 4211 4316 4212 
8215 4212 4316 4317 
8216 4212 4317 4213 
8217 4213 4317 4214 
8218 4317 4318 4214 
8219 4214 4318 4215 
8220 4318 4319 4215 
8221 4215 4319 4216 
8222 4319 4320 4216 
8223 4216 4320 4217 
8224 4320 4321 4217 
8225 4217 4321 4218 
8226 4321 4322 4218 
8227 4218 4322 4219 
8228 4322 4323 4219 
8229 4219 4323 4220 
8230 4323 4324 4220 
8231 4220 4324 4221 
8232 4324 4325 4221 
8233 4221 4325 4222 
8234 4325 4326 4222 
8235 4222 4326 4223 
8236 4326 4327 4223 
8237 4223 4327 4224 
8238 4327 4328 4224 
8239 4224 4328 4225 
8240 4328 4329 4225 
8241 4225 4329 4226 
8242 4329 4330 4226 
8243 4226 4330 4227 
8244 4330 4331 4227 
8245 4227 4331 4228 
8246 4331 4332 4228 
8247 4228 4332 4229 
8248 4332 4333 4229 
8249 4229 4333 4230 
8250 4333 4334 4230 
8251 4230 4334 4231 
8252 4334 4335 4231 
8253 4231 4335 4232 
8254 4335 4336 4232 
8255 4232 4336 4233 
8256 4336 4337 4233 
8257 4233 4337 4234 
8258 4337 4338 4234 
8259 4234 4338 4235 
8260 4338 4339 4235 
8261 4235 4339 4236 
8262 4339 4340 4236 
8263 4236 4340 4237 
8264 4340 4341 4237 
8265 4237 4341 4238 
8266 4341 4342 4238 
8267 4238 4342 4239 
8268 4342 4343 4239 
8269 4239 4343 4344 
8270 4239 4344 4240 
8271 4240 4344 4345 
8272 4240 4345 4241 
8273 4241 4345 4346 
8274 4241 4346 4242 
8275 4242 4346 4347 
8276 4242 4347 4243 
8277 4243 4347 4348 
8278 4243 4348 4244 
8279 4244 4348 4349 
8280 4244 4349 4245 
8281 4245 4349 4350 
8282 4245 4350 4246 
8283 4246 4350 4351 
8284 4246 4351 4247 
8285 4247 4351 4352 
8286 4247 4352 4248 
8287 4248 4352 4353 
8288 4248 4353 4249 
8289 4249 4353 4354 
8290 4249 4354 4250 
8291 4250 4354 4355 
8292 4250 4355 4251 
8293 4251 4355 4356 
8294 4251 4356 4252 
8295 4252 4356 4357 
8296 4252 4357 4253 
8297 4253 4357 4358 
8298 4253 4358 4254 
8299 4254 4358 4359 
8300 4254 4359 4255 
8301 4255 4359 4360 
8302 4255 4360 4256 
8303 4256 4360 4361 
8304 4256 4361 4257 
8305 4257 4361 4362 
8306 4257 4362 4258 
8307 4258 4362 4363 
8308 4258 4363 4259 
8309 4259 4363 4364 
8310 4259 4364 4260 
8311 4260 4364 4365 
8312 4260 4365 4261 
8313 4261 4365 4366 
8314 4261 4366 4262 
8315 4262 4366 4367 
8316 4262 4367 4263 
8317 4263 4367 4368 
8318 4263 4368 4264 
8319 4264 4368 4265 
8320 4264 4265 4161 
8321 4265 4369 4266 
8322 4369 4370 4266 
8323 4266 4370 4267 
8324 4370 4371 4267 
8325 4267 4371 4268 
8326 4371 4372 4268 
8327 4268 4372 4269 
8328 4372 4373 4269 
8329 4269 4373 4270 
8330 4373 4374 4270 
8331 4270 4374 4271 
8332 4374 4375 4271 
8333 4271 4375 4272 
8334 4375 4376 4272 
8335 4272 4376 4273 
8336 4376 4377 4273 
8337 4273 4377 4274 
8338 4377 4378 4274 
8339 4274 4378 4275 
8340 4378 4379 4275 
8341 4275 4379 4276 
8342 4379 4380 4276 
8343 4276 4380 4277 
8344 4380 4381 4277 
8345 4277 4381 4278 
8346 4381 4382 4278 
8347 4278 4382 4279 
8348 4382 4383 4279 
8349 4279 4383 4280 
8350 4383 4384 4280 
8351 4280 4384 4281 
8352 4384 4385 4281 
8353 4281 4385 4282 
8354 4385 4386 4282 
8355 4282 4386 4283 
8356 4386 4387 4283 
8357 4283 4387 4284 
8358 4387 4388 4284 
8359 4284 4388 4285 
8360 4388 4389 4285 
8361 4285 4389 4286 
8362 4389 4390 4286 
8363 4286 4390 4287 
8364 4390 4391 4287 
8365 4287 4391 4288 
8366 4391 4392 4288 
8367 4288 4392 4289 
8368 4392 4393 4289 
8369 4289 4393 4290 
8370 4393 4394 4290 
8371 4290 4394 4291 
8372 4394 4395 4291 
8373 4291 4395 4396 
8374 4291 4396 4292 
8375 4292 4396 4397 
8376 4292 4397 4293 
8377 4293 4397 4398 
8378 4293 4398 4294 
8379 4294 4398 4399 
8380 4294 4399 4295 
8381 4295 4399 4400 
8382 4295 4400 4296 
8383 4296 4400 4401 
8384 4296 4401 4297 
8385 4297 4401 4402 
8386 4297 4402 4298 
8387 4298 4402 4403 
8388 4298 4403 4299 
8389 4299 4403 4404 
8390 4299 4404 4300 
8391 4300 4404 4405 
8392 4300 4405 4301 
8393 4301 4405 4406 
8394 4301 4406 4302 
8395 4302 4406 4407 
8396 4302 4407 4303 
8397 4303 4407 4408 
8398 4303 4408 4304 
8399 4304 4408 4409 
8400 4304 4409 4305 
8401 4305 4409 4410 
8402 4305 4410 4306 
8403 4306 4410 4411 
8404 4306 4411 4307 
8405 4307 4411 4412 
8406 4307 4412 4308 
8407 4308 4412 4413 
8408 4308 4413 4309 
8409 4309 4413 4414 
8410 4309 4414 4310 
8411 4310 4414 4415 
8412 4310 4415 4311 
8413 4311 4415 4416 
8414 4311 4416 4312 
8415 4312 4416 4417 
8416 4312 4417 4313 
8417 4313 4417 4418 
8418 4313 4418 4314 
8419 4314 4418 4419 
8420 4314 4419 4315 
8421 4315 4419 4420 
8422 4315 4420 4316 
8423 4316 4420 4421 
8424 4316 4421 4317 
8425 4317 4421 4318 
8426 4421 4422 4318 
8427 4318 4422 4319 
8428 4422 4423 4319 
8429 4319 4423 4320 
8430 4423 4424 4320 
8431 4320 4424 4321 
8432 4424 4425 4321 
8433 4321 4425 4322 
8434 4425 4426 4322 
8435 4322 4426 4323 
8436 4426 4427 4323 
8437 4323 4427 4324 
8438 4427 4428 4324 
8439 4324 4428 4325 
8440 4428 4429 4325 
8441 4325 4429 4326 
8442 4429 4430 4326 
8443 4326 4430 4327 
8444 4430 4431 4327 
8445 4327 4431 4328 
8446 4431 4432 4328 
8447 4328 4432 4329 
8448 4432 4433 4329 
8449 4329 4433 4330 
8450 4433 4434 4330 
8451 4330 4434 4331 
8452 4434 4435 4331 
8453 4331 4435 4332 
8454 4435 4436 4332 
8455 4332 4436 4333 
8456 4436 4437 4333 
8457 4333 4437 4334 
8458 4437 4438 4334 
8459 4334 4438 4335 
8460 4438 4439 4335 
8461 4335 4439 4336 
8462 4439 4440 4336 
8463 4336 4440 4337 
8464 4440 4441 4337 
8465 4337 4441 4338 
8466 4441 4442 4338 
8467 4338 4442 4339 
8468 4442 4443 4339 
8469 4339 4443 4340 
8470 4443 4444 4340 
8471 4340 4444 4341 
8472 4444 4445 4341 
8473 4341 4445 4342 
8474 4445 4446 4342 
8475 4342 4446 4343 
8476 4446 4447 4343 
8477 4343 4447 4448 
8478 4343 4448 4344 
8479 4344 4448 4449 
8480 4344 4449 4345 
8481 4345 4449 4450 
8482 4345 4450 4346 
8483 4346 4450 4451 
8484 4346 4451 4347 
8485 4347 4451 4452 
8486 4347 4452 4348 
8487 4348 4452 4453 
8488 4348 4453 4349 
8489 4349 4453 4454 
8490 4349 4454 4350 
8491 4350 4454 4455 
8492 4350 4455 4351 
8493 4351 4455 4456 
8494 4351 4456 4352 
8495 4352 4456 4457 
8496 4352 4457 4353 
8497 4353 4457 4458 
8498 4353 4458 4354 
8499 4354 4458 4459 
8500 4354 4459 4355 
8501 4355 4459 4460 
8502 4355 4460 4356 
8503 4356 4460 4461 
8504 4356 4461 4357 
8505 4357 4461 4462 
8506 4357 4462 4358 
8507 4358 4462 4463 
8508 4358 4463 4359 
8509 4359 4463 4464 
8510 4359 4464 4360 
8511 4360 4464 4465 
8512 4360 4465 4361 
8513 4361 4465 4466 
8514 4361 4466 4362 
8515 4362 4466 4467 
8516 4362 4467 4363 
8517 4363 4467 4468 
8518 4363 4468 4364 
8519 4364 4468 4469 
8520 4364 4469 4365 
8521 4365 4469 4470 
8522 4365 4470 4366 
8523 4366 4470 4471 
8524 4366 4471 4367 
8525 4367 4471 4472 
8526 4367 4472 4368 
8527 4368 4472 4369 
8528 4368 4369 4265 
8529 4369 4473 4370 
8530 4473 4474 4370 
8531 4370 4474 4371 
8532 4474 4475 4371 
8533 4371 4475 4372 
8534 4475 4476 4372 
8535 4372 4476 4373 
8536 4476 4477 4373 
8537 4373 4477 4374 
8538 4477 4478 4374 
8539 4374 4478 4375 
8540 4478 4479 4375 
8541 4375 4479 4376 
8542 4479 4480 4376 
8543 4376 4480 4377 
8544 4480 4481 4377 
8545 4377 4481 4378 
8546 4481 4482 4378 
8547 4378 4482 4379 
8548 4482 4483 4379 
8549 4379 4483 4380 
8550 4483 4484 4380 
8551 4380 4484 4381 
8552 4484 4485 4381 
8553 4381 4485 4382 
8554 4485 4486 4382 
8555 4382 4486 4383 
8556 4486 4487 4383 
8557 4383 4487 4384 
8558 4487 4488 4384 
8559 4384 4488 4385 
8560 4488 4489 4385 
8561 4385 4489 4386 
8562 4489 4490 4386 
8563 4386 4490 4387 
8564 4490 4491 4387 
8565 4387 4491 4388 
8566 4491 4492 4388 
8567 4388 4492 4389 
8568 4492 4493 4389 
8569 4389 4493 4390 
8570 4493 4494 4390 
8571 4390 4494 4391 
8572 4494 4495 4391 
8573 4391 4495 4392 
8574 4495 4496 4392 
8575 4392 4496 4393 
8576 4496 4497 4393 
8577 4393 4497 4394 
8578 4497 4498 4394 
8579 4394 4498 4395 
8580 4498 4499 4395 
8581 4395 4499 4500 
8582 4395 4500 4396 
8583 4396 4500 4501 
8584 4396 4501 4397 
8585 4397 4501 4502 
8586 4397 4502 4398 
8587 4398 4502 4503 
8588 4398 4503 4399 
8589 4399 4503 4504 
8590 4399 4504 4400 
8591 4400 4504 4505 
8592 4400 4505 4401 
8593 4401 4505 4506 
8594 4401 4506 4402 
8595 4402 4506 4507 
8596 4402 4507 4403 
8597 4403 4507 4508 
8598 4403 4508 4404 
8599 4404 4508 4509 
8600 4404 4509 4405 
8601 4405 4509 4510 
8602 4405 4510 4406 
8603 4406 4510 4511 
8604 4406 4511 4407 
8605 4407 4511 4512 
8606 4407 4512 4408 
8607 4408 4512 4513 
8608 4408 4513 4409 
8609 4409 4513 4514 
8610 4409 4514 4410 
8611 4410 4514 4515 
8612 4410 4515 4411 
8613 4411 4515 4516 
8614 4411 4516 4412 
8615 4412 4516 4517 
8616 4412 4517 4413 
8617 4413 4517 4518 
8618 4413 4518 4414 
8619 4414 4518 4519 
8620 4414 4519 4415 
8621 4415 4519 4520 
8622 4415 4520 4416 
8623 4416 4520 4521 
8624 4416 4521 4417 
8625 4417 4521 4522 
8626 4417 4522 4418 
8627 4418 4522 4523 
8628 4418 4523 4419 
8629 4419 4523 4524 
8630 4419 4524 4420 
8631 4420 4524 4525 
8632 4420 4525 4421 
8633 4421 4525 4422 
8634 4525 4526 4422 
8635 4422 4526 4423 
8636 4526 4527 4423 
8637 4423 4527 4424 
8638 4527 4528 4424 
8639 4424 4528 4425 
8640 4528 4529 4425 
8641 4425 4529 4426 
8642 4529 4530 4426 
8643 4426 4530 4427 
8644 4530 4531 4427 
8645 4427 4531 4428 
8646 4531 4532 4428 
8647 4428 4532 4429 
8648 4532 4533 4429 
8649 4429 4533 4430 
8650 4533 4534 4430 
8651 4430 4534 4431 
8652 4534 4535 4431 
8653 4431 4535 4432 
8654 4535 4536 4432 
8655 4432 4536 4433 
8656 4536 4537 4433 
8657 4433 4537 4434 
8658 4537 4538 4434 
8659 4434 4538 4435 
8660 4538 4539 4435 
8661 4435 4539 4436 
8662 4539 4540 4436 
8663 4436 4540 4437 
8664 4540 4541 4437 
8665 4437 4541 4438 
8666 4541 4542 4438 
8667 4438 4542 4439 
8668 4542 4543 4439 
8669 4439 4543 4440 
8670 4543 4544 4440 
8671 4440 4544 4441 
8672 4544 4545 4441 
8673 4441 4545 4442 
8674 4545 4546 4442 
8675 4442 4546 4443 
8676 4546 4547 4443 
8677 4443 4547 4444 
8678 4547 4548 4444 
8679 4444 4548 4445 
8680 4548 4549 4445 
8681 4445 4549 4446 
8682 4549 4550 4446 
8683 4446 4550 4447 
8684 4550 4551 4447 
8685 4447 4551 4552 
8686 4447 4552 4448 
8687 4448 4552 4553 
8688 4448 4553 4449 
8689 4449 4553 4554 
8690 4449 4554 4450 
8691 4450 4554 4555 
8692 4450 4555 4451 
8693 4451 4555 4556 
8694 4451 4556 4452 
8695 4452 4556 4557 
8696 4452 4557 4453 
8697 4453 4557 4558 
8698 4453 4558 4454 
8699 4454 4558 4559 
8700 4454 4559 4455 
8701 4455 4559 4560 
8702 4455 4560 4456 
8703 4456 4560 4561 
8704 4456 4561 4457 
8705 4457 4561 4562 
8706 4457 4562 4458 
8707 4458 4562 4563 
8708 4458 4563 4459 
8709 4459 4563 4564 
8710 4459 4564 4460 
8711 4460 4564 4565 
8712 4460 4565 4461 
8713 4461 4565 4566 
8714 4461 4566 4462 
8715 4462 4566 4567 
8716 4462 4567 4463 
8717 4463 4567 4568 
8718 4463 4568 4464 
8719 4464 4568 4569 
8720 4464 4569 4465 
8721 4465 4569 4570 
8722 4465 4570 4466 
8723 4466 4570 4571 
8724 4466 4571 4467 
8725 4467 4571 4572 
8726 4467 4572 4468 
8727 4468 4572 4573 
8728 4468 4573 4469 
8729 4469 4573 4574 
8730 4469 4574 4470 
8731 4470 4574 4575 
8732 4470 4575 4471 
8733 4471 4575 4576 
8734 4471 4576 4472 
8735 4472 4576 4473 
8736 4472 4473 4369 
8737 4473 4577 4474 
8738 4577 4578 4474 
8739 4474 4578 4475 
8740 4578 4579 4475 
8741 4475 4579 4476 
8742 4579 4580 4476 
8743 4476 4580 4477 
8744 4580 4581 4477 
8745 4477 4581 4478 
8746 4581 4582 4478 
8747 4478 4582 4479 
8748 4582 4583 4479 
8749 4479 4583 4480 
8750 4583 4584 4480 
8751 4480 4584 4481 
8752 4584 4585 4481 
8753 4481 4585 4482 
8754 4585 4586 4482 
8755 4482 4586 4483 
8756 4586 4587 4483 
8757 4483 4587 4484 
8758 4587 4588 4484 
8759 4484 4588 4485 
8760 4588 4589 4485 
8761 4485 4589 4486 
8762 4589 4590 4486 
8763 4486 4590 4487 
8764 4590 4591 4487 
8765 4487 4591 4488 
8766 4591 4592 4488 
8767 4488 4592 4489 
8768 4592 4593 4489 
8769 4489 4593 4490 
8770 4593 4594 4490 
8771 4490 4594 4491 
8772 4594 4595 4491 
8773 4491 4595 4492 
8774 4595 4596 4492 
8775 4492 4596 4493 
8776 4596 4597 4493 
8777 4493 4597 4494 
8778 4597 4598 4494 
8779 4494 4598 4495 
8780 4598 4599 4495 
8781 4495 4599 4496 
8782 4599 4600 4496 
8783 4496 4600 4497 
8784 4600 4601 4497 
8785 4497 4601 4498 
8786 4601 4602 4498 
8787 4498 4602 4499 
8788 4602 4603 4499 
8789 4499 4603 4604 
8790 4499 4604 4500 
8791 4500 4604 4605 
8792 4500 4605 4501 
8793 4501 4605 4606 
8794 4501 4606 4502 
8795 4502 4606 4607 
8796 4502 4607 4503 
8797 4503 4607 4608 
8798 4503 4608 4504 
8799 4504 4608 4609 
8800 4504 4609 4505 
8801 4505 4609 4610 
8802 4505 4610 4506 
8803 4506 4610 4611 
8804 4506 4611 4507 
8805 4507 4611 4612 
8806 4507 4612 4508 
8807 4508 4612 4613 
8808 4508 4613 4509 
8809 4509 4613 4614 
8810 4509 4614 4510 
8811 4510 4614 4615 
8812 4510 4615 4511 
8813 4511 4615 4616 
8814 4511 4616 4512 
8815 4512 4616 4617 
8816 4512 4617 4513 
8817 4513 4617 4618 
8818 4513 4618 4514 
8819 4514 4618 4619 
8820 4514 4619 4515 
8821 4515 4619 4620 
8822 4515 4620 4516 
8823 4516 4620 4621 
8824 4516 4621 4517 
8825 4517 4621 4622 
8826 4517 4622 4518 
8827 4518 4622 4623 
8828 4518 4623 4519 
8829 4519 4623 4624 
8830 4519 4624 4520 
8831 4520 4624 4625 
8832 4520 4625 4521 
8833 4521 4625 4626 
8834 4521 4626 4522 
8835 4522 4626 4627 
8836 4522 4627 4523 
8837 4523 4627 4628 
8838 4523 4628 4524 
8839 4524 4628 4629 
8840 4524 4629 4525 
8841 4525 4629 4526 
8842 4629 4630 4526 
8843 4526 4630 4527 
8844 4630 4631 4527 
8845 4527 4631 4528 
8846 4631 4632 4528 
8847 4528 4632 4529 
8848 4632 4633 4529 
8849 4529 4633 4530 
8850 4633 4634 4530 
8851 4530 4634 4531 
8852 4634 4635 4531 
8853 4531 4635 4532 
8854 4635 4636 4532 
8855 4532 4636 4533 
8856 4636 4637 4533 
8857 4533 4637 4534 
8858 4637 4638 4534 
8859 4534 4638 4535 
8860 4638 4639 4535 
8861 4535 4639 4536 
8862 4639 4640 4536 
8863 4536 4640 4537 
8864 4640 4641 4537 
8865 4537 4641 4538 
8866 4641 4642 4538 
8867 4538 4642 4539 
8868 4642 4643 4539 
8869 4539 4643 4540 
8870 4643 4644 4540 
8871 4540 4644 4541 
8872 4644 4645 4541 
8873 4541 4645 4542 
8874 4645 4646 4542 
8875 4542 4646 4543 
8876 4646 4647 4543 
8877 4543 4647 4544 
8878 4647 4648 4544 
8879 4544 4648 4545 
8880 4648 4649 4545 
8881 4545 4649 4546 
8882 4649 4650 4546 
8883 4546 4650 4547 
8884 4650 4651 4547 
8885 4547 4651 4548 
8886 4651 4652 4548 
8887 4548 4652 4549 
8888 4652 4653 4549 
8889 4549 4653 4550 
8890 4653 4654 4550 
8891 4550 4654 4551 
8892 4654 4655 4551 
8893 4551 4655 4656 
8894 4551 4656 4552 
8895 4552 4656 4657 
8896 4552 4657 4553 
8897 4553 4657 4658 
8898 4553 4658 4554 
8899 4554 4658 4659 
8900 4554 4659 4555 
8901 4555 4659 4660 
8902 4555 4660 4556 
8903 4556 4660 4661 
8904 4556 4661 4557 
8905 4557 4661 4662 
8906 4557 4662 4558 
8907 4558 4662 4663 
8908 4558 4663 4559 
8909 4559 4663 4664 
8910 4559 4664 4560 
8911 4560 4664 4665 
8912 4560 4665 4561 
8913 4561 4665 4666 
8914 4561 4666 4562 
8915 4562 4666 4667 
8916 4562 4667 4563 
8917 4563 4667 4668 
8918 4563 4668 4564 
8919 4564 4668 4669 
8920 4564 4669 4565 
8921 4565 4669 4670 
8922 4565 4670 4566 
8923 4566 4670 4671 
8924 4566 4671 4567 
8925 4567 4671 4672 
8926 4567 4672 4568 
8927 4568 4672 4673 
8928 4568 4673 4569 
8929 4569 4673 4674 
8930 4569 4674 4570 
8931 4570 4674 4675 
8932 4570 4675 4571 
8933 4571 4675 4676 
8934 4571 4676 4572 
8935 4572 4676 4677 
8936 4572 4677 4573 
8937 4573 4677 4678 
8938 4573 4678 4574 
8939 4574 4678 4679 
8940 4574 4679 4575 
8941 4575 4679 4680 
8942 4575 4680 4576 
8943 4576 4680 4577 
8944 4576 4577 4473 
8945 4577 4681 4578 
8946 4681 4682 4578 
8947 4578 4682 4579 
8948 4682 4683 4579 
8949 4579 4683 4580 
8950 4683 4684 4580 
8951 4580 4684 4581 
8952 4684 4685 4581 
8953 4581 4685 4582 
8954 4685 4686 4582 
8955 4582 4686 4583 
8956 4686 4687 4583 
8957 4583 4687 4584 
8958 4687 4688 4584 
8959 4584 4688 4585 
8960 4688 4689 4585 
8961 4585 4689 4586 
8962 4689 4690 4586 
8963 4586 4690 4587 
8964 4690 4691 4587 
8965 4587 4691 4588 
8966 4691 4692 4588 
8967 4588 4692 4589 
8968 4692 4693 4589 
8969 4589 4693 4590 
8970 4693 4694 4590 
8971 4590 4694 4591 
8972 4694 4695 4591 
8973 4591 4695 4592 
8974 4695 4696 4592 
8975 4592 4696 4593 
8976 4696 4697 4593 
8977 4593 4697 4594 
8978 4697 4698 4594 
8979 4594 4698 4595 
8980 4698 4699 4595 
8981 4595 4699 4596 
8982 4699 4700 4596 
8983 4596 4700 4597 
8984 4700 4701 4597 
8985 4597 4701 4598 
8986 4701 4702 4598 
8987 4598 4702 4599 
8988 4702 4703 4599 
8989 4599 4703 4600 
8990 4703 4704 4600 
8991 4600 4704 4601 
8992 4704 4705 4601 
8993 4601 4705 4602 
8994 4705 4706 4602 
8995 4602 4706 4603 
8996 4706 4707 4603 
8997 4603 4707 4708 
8998 4603 4708 4604 
8999 4604 4708 4709 
9000 4604 4709 4605 
9001 4605 4709 4710 
9002 4605 4710 4606 
9003 4606 4710 4711 
9004 4606 4711 4607 
9005 4607 4711 4712 
9006 4607 4712 4608 
9007 4608 4712 4713 
9008 4608 4713 4609 
9009 4609 4713 4714 
9010 4609 4714 4610 
9011 4610 4714 4715 
9012 4610 4715 4611 
9013 4611 4715 4716 
9014 4611 4716 4612 
9015 4612 4716 4717 
9016 4612 4717 4613 
9017 4613 4717 4718 
9018 4613 4718 4614 
9019 4614 4718 4719 
9020 4614 4719 4615 
9021 4615 4719 4720 
9022 4615 4720 4616 
9023 4616 4720 4721 
9024 4616 4721 4617 
9025 4617 4721 4722 
9026 4617 4722 4618 
9027 4618 4722 4723 
9028 4618 4723 4619 
9029 4619 4723 4724 
9030 4619 4724 4620 
9031 4620 4724 4725 
9032 4620 4725 4621 
9033 4621 4725 4726 
9034 4621 4726 4622 
9035 4622 4726 4727 
9036 4622 4727 4623 
9037 4623 4727 4728 
9038 4623 4728 4624 
9039 4624 4728 4729 
9040 4624 4729 4625 
9041 4625 4729 4730 
9042 4625 4730 4626 
9043 4626 4730 4731 
9044 4626 4731 4627 
9045 4627 4731 4732 
9046 4627 4732 4628 
9047 4628 4732 4733 
9048 4628 4733 4629 
9049 4629 4733 4630 
9050 4733 4734 4630 
9051 4630 4734 4631 
9052 4734 4735 4631 
9053 4631 4735 4632 
9054 4735 4736 4632 
9055 4632 4736 4633 
9056 4736 4737 4633 
9057 4633 4737 4634 
9058 4737 4738 4634 
9059 4634 4738 4635 
9060 4738 4739 4635 
9061 4635 4739 4636 
9062 4739 4740 4636 
9063 4636 4740 4637 
9064 4740 4741 4637 
9065 4637 4741 4638 
9066 4741 4742 4638 
9067 4638 4742 4639 
9068 4742 4743 4639 
9069 4639 4743 4640 
9070 4743 4744 4640 
9071 4640 4744 4641 
9072 4744 4745 4641 
9073 4641 4745 4642 
9074 4745 4746 4642 
9075 4642 4746 4643 
9076 4746 4747 4643 
9077 4643 4747 4644 
9078 4747 4748 4644 
9079 4644 4748 4645 
9080 4748 4749 4645 
9081 4645 4749 4646 
9082 4749 4750 4646 
9083 4646 4750 4647 
9084 4750 4751 4647 
9085 4647 4751 4648 
9086 4751 4752 4648 
9087 4648 4752 4649 
9088 4752 4753 4649 
9089 4649 4753 4650 
9090 4753 4754 4650 
9091 4650 4754 4651 
9092 4754 4755 4651 
9093 4651 4755 4652 
9094 4755 4756 4652 
9095 4652 4756 4653 
9096 4756 4757 4653 
9097 4653 4757 4654 
9098 4757 4758 4654 
9099 4654 4758 4655 
9100 4758 4759 4655 
9101 4655 4759 4760 
9102 4655 4760 4656 
9103 4656 4760 4761 
9104 4656 4761 4657 
9105 4657 4761 4762 
9106 4657 4762 4658 
9107 4658 4762 4763 
9108 4658 4763 4659 
9109 4659 4763 4764 
9110 4659 4764 4660 
9111 4660 4764 4765 
9112 4660 4765 4661 
9113 4661 4765 4766 
9114 4661 4766 4662 
9115 4662 4766 4767 
9116 4662 4767 4663 
9117 4663 4767 4768 
9118 4663 4768 4664 
9119 4664 4768 4769 
9120 4664 4769 4665 
9121 4665 4769 4770 
9122 4665 4770 4666 
9123 4666 4770 4771 
9124 4666 4771 4667 
9125 4667 4771 4772 
9126 4667 4772 4668 
9127 4668 4772 4773 
9128 4668 4773 4669 
9129 4669 4773 4774 
9130 4669 4774 4670 
9131 4670 4774 4775 
9132 4670 4775 4671 
9133 4671 4775 4776 
9134 4671 4776 4672 
9135 4672 4776 4777 
9136 4672 4777 4673 
9137 4673 4777 4778 
9138 4673 4778 4674 
9139 4674 4778 4779 
9140 4674 4779 4675 
9141 4675 4779 4780 
9142 4675 4780 4676 
9143 4676 4780 4781 
9144 4676 4781 4677 
9145 4677 4781 4782 
9146 4677 4782 4678 
9147 4678 4782 4783 
9148 4678 4783 4679 
9149 4679 4783 4784 
9150 4679 4784 4680 
9151 4680 4784 4681 
9152 4680 4681 4577 
9153 4681 4785 4682 
9154 4785 4786 4682 
9155 4682 4786 4683 
9156 4786 4787 4683 
9157 4683 4787 4684 
9158 4787 4788 4684 
9159 4684 4788 4685 
9160 4788 4789 4685 
9161 4685 4789 4686 
9162 4789 4790 4686 
9163 4686 4790 4687 
9164 4790 4791 4687 
9165 4687 4791 4688 
9166 4791 4792 4688 
9167 4688 4792 4689 
9168 4792 4793 4689 
9169 4689 4793 4690 
9170 4793 4794 4690 
9171 4690 4794 4691 
9172 4794 4795 4691 
9173 4691 4795 4692 
9174 4795 4796 4692 
9175 4692 4796 4693 
9176 4796 4797 4693 
9177 4693 4797 4694 
9178 4797 4798 4694 
9179 4694 4798 4695 
9180 4798 4799 4695 
9181 4695 4799 4696 
9182 4799 4800 4696 
9183 4696 4800 4697 
9184 4800 4801 4697 
9185 4697 4801 4698 
9186 4801 4802 4698 
9187 4698 4802 4699 
9188 4802 4803 4699 
9189 4699 4803 4700 
9190 4803 4804 4700 
9191 4700 4804 4701 
9192 4804 4805 4701 
9193 4701 4805 4702 
9194 4805 4806 4702 
9195 4702 4806 4703 
9196 4806 4807 4703 
9197 4703 4807 4704 
9198 4807 4808 4704 
9199 4704 4808 4705 
9200 4808 4809 4705 
9201 4705 4809 4706 
9202 4809 4810 4706 
9203 4706 4810 4707 
9204 4810 4811 4707 
9205 4707 4811 4812 
9206 4707 4812 4708 
9207 4708 4812 4813 
9208 4708 4813 4709 
9209 4709 4813 4814 
9210 4709 4814 4710 
9211 4710 4814 4815 
9212 4710 4815 4711 
9213 4711 4815 4816 
9214 4711 4816 4712 
9215 4712 4816 4817 
9216 4712 4817 4713 
9217 4713 4817 4818 
9218 4713 4818 4714 
9219 4714 4818 4819 
9220 4714 4819 4715 
9221 4715 4819 4820 
9222 4715 4820 4716 
9223 4716 4820 4821 
9224 4716 4821 4717 
9225 4717 4821 4822 
9226 4717 4822 4718 
9227 4718 4822 4823 
9228 4718 4823 4719 
9229 4719 4823 4824 
9230 4719 4824 4720 
9231 4720 4824 4825 
9232 4720 4825 4721 
9233 4721 4825 4826 
9234 4721 4826 4722 
9235 4722 4826 4827 
9236 4722 4827 4723 
9237 4723 4827 4828 
9238 4723 4828 4724 
9239 4724 4828 4829 
9240 4724 4829 4725 
9241 4725 4829 4830 
9242 4725 4830 4726 
9243 4726 4830 4831 
9244 4726 4831 4727 
9245 4727 4831 4832 
9246 4727 4832 4728 
9247 4728 4832 4833 
9248 4728 4833 4729 
9249 4729 4833 4834 
9250 4729 4834 4730 
9251 4730 4834 4835 
9252 4730 4835 4731 
9253 4731 4835 4836 
9254 4731 4836 4732 
9255 4732 4836 4837 
9256 4732 4837 4733 
9257 4733 4837 4734 
9258 4837 4838 4734 
9259 4734 4838 4735 
9260 4838 4839 4735 
9261 4735 4839 4736 
9262 4839 4840 4736 
9263 4736 4840 4737 
9264 4840 4841 4737 
9265 4737 4841 4738 
9266 4841 4842 4738 
9267 4738 4842 4739 
9268 4842 4843 4739 
9269 4739 4843 4740 
9270 4843 4844 4740 
9271 4740 4844 4741 
9272 4844 4845 4741 
9273 4741 4845 4742 
9274 4845 4846 4742 
9275 4742 4846 4743 
9276 4846 4847 4743 
9277 4743 4847 4744 
9278 4847 4848 4744 
9279 4744 4848 4745 
9280 4848 4849 4745 
9281 4745 4849 4746 
9282 4849 4850 4746 
9283 4746 4850 4747 
9284 4850 4851 4747 
9285 4747 4851 4748 
9286 4851 4852 4748 
9287 4748 4852 4749 
9288 4852 4853 4749 
9289 4749 4853 4750 
9290 4853 4854 4750 
9291 4750 4854 4751 
9292 4854 4855 4751 
9293 4751 4855 4752 
9294 4855 4856 4752 
9295 4752 4856 4753 
9296 4856 4857 4753 
9297 4753 4857 4754 
9298 4857 4858 4754 
9299 4754 4858 4755 
9300 4858 4859 4755 
9301 4755 4859 4756 
9302 4859 4860 4756 
9303 4756 4860 4757 
9304 4860 4861 4757 
9305 4757 4861 4758 
9306 4861 4862 4758 
9307 4758 4862 4759 
9308 4862 4863 4759 
9309 4759 4863 4864 
9310 4759 4864 4760 
9311 4760 4864 4865 
9312 4760 4865 4761 
9313 4761 4865 4866 
9314 4761 4866 4762 
9315 4762 4866 4867 
9316 4762 4867 4763 
9317 4763 4867 4868 
9318 4763 4868 4764 
9319 4764 4868 4869 
9320 4764 4869 4765 
9321 4765 4869 4870 
9322 4765 4870 4766 
9323 4766 4870 4871 
9324 4766 4871 4767 
9325 4767 4871 4872 
9326 4767 4872 4768 
9327 4768 4872 4873 
9328 4768 4873 4769 
9329 4769 4873 4874 
9330 4769 4874 4770 
9331 4770 4874 4875 
9332 4770 4875 4771 
9333 4771 4875 4876 
9334 4771 4876 4772 
9335 4772 4876 4877 
9336 4772 4877 4773 
9337 4773 4877 4878 
9338 4773 4878 4774 
9339 4774 4878 4879 
9340 4774 4879 4775 
9341 4775 4879 4880 
9342 4775 4880 4776 
9343 4776 4880 4881 
9344 4776 4881 4777 
9345 4777 4881 4882 
9346 4777 4882 4778 
9347 4778 4882 4883 
9348 4778 4883 4779 
9349 4779 4883 4884 
9350 4779 4884 4780 
9351 4780 4884 4885 
9352 4780 4885 4781 
9353 4781 4885 4886 
9354 4781 4886 4782 
9355 4782 4886 4887 
9356 4782 4887 4783 
9357 4783 4887 4888 
9358 4783 4888 4784 
9359 4784 4888 4785 
9360 4784 4785 4681 
9361 4785 4889 4786 
9362 4889 4890 4786 
9363 4786 4890 4787 
9364 4890 4891 4787 
9365 4787 4891 4788 
9366 4891 4892 4788 
9367 4788 4892 4789 
9368 4892 4893 4789 
9369 4789 4893 4790 
9370 4893 4894 4790 
9371 4790 4894 4791 
9372 4894 4895 4791 
9373 4791 4895 4792 
9374 4895 4896 4792 
9375 4792 4896 4793 
9376 4896 4897 4793 
9377 4793 4897 4794 
9378 4897 4898 4794 
9379 4794 4898 4795 
9380 4898 4899 4795 
9381 4795 4899 4796 
9382 4899 4900 4796 
9383 4796 4900 4797 
9384 4900 4901 4797 
9385 4797 4901 4798 
9386 4901 4902 4798 
9387 4798 4902 4799 
9388 4902 4903 4799 
9389 4799 4903 4800 
9390 4903 4904 4800 
9391 4800 4904 4801 
9392 4904 4905 4801 
9393 4801 4905 4802 
9394 4905 4906 4802 
9395 4802 4906 4803 
9396 4906 4907 4803 
9397 4803 4907 4804 
9398 4907 4908 4804 
9399 4804 4908 4805 
9400 4908 4909 4805 
9401 4805 4909 4806 
9402 4909 4910 4806 
9403 4806 4910 4807 
9404 4910 4911 4807 
9405 4807 4911 4808 
9406 4911 4912 4808 
9407 4808 4912 4809 
9408 4912 4913 4809 
9409 4809 4913 4810 
9410 4913 4914 4810 
9411 4810 4914 4811 
9412 4914 4915 4811 
9413 4811 4915 4916 
9414 4811 4916 4812 
9415 4812 4916 4917 
9416 4812 4917 4813 
9417 4813 4917 4918 
9418 4813 4918 4814 
9419 4814 4918 4919 
9420 4814 4919 4815 
9421 4815 4919 4920 
9422 4815 4920 4816 
9423 4816 4920 4921 
9424 4816 4921 4817 
9425 4817 4921 4922 
9426 4817 4922 4818 
9427 4818 4922 4923 
9428 4818 4923 4819 
9429 4819 4923 4924 
9430 4819 4924 4820 
9431 4820 4924 4925 
9432 4820 4925 4821 
9433 4821 4925 4926 
9434 4821 4926 4822 
9435 4822 4926 4927 
9436 4822 4927 4823 
9437 4823 4927 4928 
9438 4823 4928 4824 
9439 4824 4928 4929 
9440 4824 4929 4825 
9441 4825 4929 4930 
9442 4825 4930 4826 
9443 4826 4930 4931 
9444 4826 4931 4827 
9445 4827 4931 4932 
9446 4827 4932 4828 
9447 4828 4932 4933 
9448 4828 4933 4829 
9449 4829 4933 4934 
9450 4829 4934 4830 
9451 4830 4934 4935 
9452 4830 4935 4831 
9453 4831 4935 4936 
9454 4831 4936 4832 
9455 4832 4936 4937 
9456 4832 4937 4833 
9457 4833 4937 4938 
9458 4833 4938 4834 
9459 4834 4938 4939 
9460 4834 4939 4835 
9461 4835 4939 4940 
9462 4835 4940 4836 
9463 4836 4940 4941 
9464 4836 4941 4837 
9465 4837 4941 4838 
9466 4941 4942 4838 
9467 4838 4942 4839 
9468 4942 4943 4839 
9469 4839 4943 4840 
9470 4943 4944 4840 
9471 4840 4944 4841 
9472 4944 4945 4841 
9473 4841 4945 4842 
9474 4945 4946 4842 
9475 4842 4946 4843 
9476 4946 4947 4843 
9477 4843 4947 4844 
9478 4947 4948 4844 
9479 4844 4948 4845 
9480 4948 4949 4845 
9481 4845 4949 4846 
9482 4949 4950 4846 
9483 4846 4950 4847 
9484 4950 4951 4847 
9485 4847 4951 4848 
9486 4951 4952 4848 
9487 4848 4952 4849 
9488 4952 4953 4849 
9489 4849 4953 4850 
9490 4953 4954 4850 
9491 4850 4954 4851 
9492 4954 4955 4851 
9493 4851 4955 4852 
9494 4955 4956 4852 
9495 4852 4956 4853 
9496 4956 4957 4853 
9497 4853 4957 4854 
9498 4957 4958 4854 
9499 4854 4958 4855 
9500 4958 4959 4855 
9501 4855 4959 4856 
9502 4959 4960 4856 
9503 4856 4960 4857 
9504 4960 4961 4857 
9505 4857 4961 4858 
9506 4961 4962 4858 
9507 4858 4962 4859 
9508 4962 4963 4859 
9509 4859 4963 4860 
9510 4963 4964 4860 
9511 4860 4964 4861 
9512 4964 4965 4861 
9513 4861 4965 4862 
9514 4965 4966 4862 
9515 4862 4966 4863 
9516 4966 4967 4863 
9517 4863 4967 4968 
9518 4863 4968 4864 
9519 4864 4968 4969 
9520 4864 4969 4865 
9521 4865 4969 4970 
9522 4865 4970 4866 
9523 4866 4970 4971 
9524 4866 4971 4867 
9525 4867 4971 4972 
9526 4867 4972 4868 
9527 4868 4972 4973 
9528 4868 4973 4869 
9529 4869 4973 4974 
9530 4869 4974 4870 
9531 4870 4974 4975 
9532 4870 4975 4871 
9533 4871 4975 4976 
9534 4871 4976 4872 
9535 4872 4976 4977 
9536 4872 4977 4873 
9537 4873 4977 4978 
9538 4873 4978 4874 
9539 4874 4978 4979 
9540 4874 4979 4875 
9541 4875 4979 4980 
9542 4875 4980 4876 
9543 4876 4980 4981 
9544 4876 4981 4877 
9545 4877 4981 4982 
9546 4877 4982 4878 
9547 4878 4982 4983 
9548 4878 4983 4879 
9549 4879 4983 4984 
9550 4879 4984 4880 
9551 4880 4984 4985 
9552 4880 4985 4881 
9553 4881 4985 4986 
9554 4881 4986 4882 
9555 4882 4986 4987 
9556 4882 4987 4883 
9557 4883 4987 4988 
9558 4883 4988 4884 
9559 4884 4988 4989 
9560 4884 4989 4885 
9561 4885 4989 4990 
9562 4885 4990 4886 
9563 4886 4990 4991 
9564 4886 4991 4887 
9565 4887 4991 4992 
9566 4887 4992 4888 
9567 4888 4992 4889 
9568 4888 4889 4785 
9569 4889 4993 4890 
9570 4993 4994 4890 
9571 4890 4994 4891 
9572 4994 4995 4891 
9573 4891 4995 4892 
9574 4995 4996 4892 
9575 4892 4996 4893 
9576 4996 4997 4893 
9577 4893 4997 4894 
9578 4997 4998 4894 
9579 4894 4998 4895 
9580 4998 4999 4895 
9581 4895 4999 4896 
9582 4999 5000 4896 
9583 4896 5000 4897 
9584 5000 5001 4897 
9585 4897 5001 4898 
9586 5001 5002 4898 
9587 4898 5002 4899 
9588 5002 5003 4899 
9589 4899 5003 4900 
9590 5003 5004 4900 
9591 4900 5004 4901 
9592 5004 5005 4901 
9593 4901 5005 4902 
9594 5005 5006 4902 
9595 4902 5006 4903 
9596 5006 5007 4903 
9597 4903 5007 4904 
9598 5007 5008 4904 
9599 4904 5008 4905 
9600 5008 5009 4905 
9601 4905 5009 4906 
9602 5009 5010 4906 
9603 4906 5010 4907 
9604 5010 5011 4907 
9605 4907 5011 4908 
9606 5011 5012 4908 
9607 4908 5012 4909 
9608 5012 5013 4909 
9609 4909 5013 4910 
9610 5013 5014 4910 
9611 4910 5014 4911 
9612 5014 5015 4911 
9613 4911 5015 4912 
9614 5015 5016 4912 
9615 4912 5016 4913 
9616 5016 5017 4913 
9617 4913 5017 4914 
9618 5017 5018 4914 
9619 4914 5018 4915 
9620 5018 5019 4915 
9621 4915 5019 5020 
9622 4915 5020 4916 
9623 4916 5020 5021 
9624 4916 5021 4917 
9625 4917 5021 5022 
9626 4917 5022 4918 
9627 4918 5022 5023 
9628 4918 5023 4919 
9629 4919 5023 5024 
9630 4919 5024 4920 
9631 4920 5024 5025 
9632 4920 5025 4921 
9633 4921 5025 5026 
9634 4921 5026 4922 
9635 4922 5026 5027 
9636 4922 5027 4923 
9637 4923 5027 5028 
9638 4923 5028 4924 
9639 4924 5028 5029 
9640 4924 5029 4925 
9641 4925 5029 5030 
9642 4925 5030 4926 
9643 4926 5030 5031 
9644 4926 5031 4927 
9645 4927 5031 5032 
9646 4927 5032 4928 
9647 4928 5032 5033 
9648 4928 5033 4929 
9649 4929 5033 5034 
9650 4929 5034 4930 
9651 4930 5034 5035 
9652 4930 5035 4931 
9653 4931 5035 5036 
9654 4931 5036 4932 
9655 4932 5036 5037 
9656 4932 5037 4933 
9657 4933 5037 5038 
9658 4933 5038 4934 
9659 4934 5038 5039 
9660 4934 5039 4935 
9661 4935 5039 5040 
9662 4935 5040 4936 
9663 4936 5040 5041 
9664 4936 5041 4937 
9665 4937 5041 5042 
9666 4937 5042 4938 
9667 4938 5042 5043 
9668 4938 5043 4939 
9669 4939 5043 5044 
9670 4939 5044 4940 
9671 4940 5044 5045 
9672 4940 5045 4941 
9673 4941 5045 4942 
9674 5045 5046 4942 
9675 4942 5046 4943 
9676 5046 5047 4943 
9677 4943 5047 4944 
9678 5047 5048 4944 
9679 4944 5048 4945 
9680 5048 5049 4945 
9681 4945 5049 4946 
9682 5049 5050 4946 
9683 4946 5050 4947 
9684 5050 5051 4947 
9685 4947 5051 4948 
9686 5051 5052 4948 
9687 4948 5052 4949 
9688 5052 5053 4949 
9689 4949 5053 4950 
9690 5053 5054 4950 
9691 4950 5054 4951 
9692 5054 5055 4951 
9693 4951 5055 4952 
9694 5055 5056 4952 
9695 4952 5056 4953 
9696 5056 5057 4953 
9697 4953 5057 4954 
9698 5057 5058 4954 
9699 4954 5058 4955 
9700 5058 5059 4955 
9701 4955 5059 4956 
9702 5059 5060 4956 
9703 4956 5060 4957 
9704 5060 5061 4957 
9705 4957 5061 4958 
9706 5061 5062 4958 
9707 4958 5062 4959 
9708 5062 5063 4959 
9709 4959 5063 4960 
9710 5063 5064 4960 
9711 4960 5064 4961 
9712 5064 5065 4961 
9713 4961 5065 4962 
9714 5065 5066 4962 
9715 4962 5066 4963 
9716 5066 5067 4963 
9717 4963 5067 4964 
9718 5067 5068 4964 
9719 4964 5068 4965 
9720 5068 5069 4965 
9721 4965 5069 4966 
9722 5069 5070 4966 
9723 4966 5070 4967 
9724 5070 5071 4967 
9725 4967 5071 5072 
9726 4967 5072 4968 
9727 4968 5072 5073 
9728 4968 5073 4969 
9729 4969 5073 5074 
9730 4969 5074 4970 
9731 4970 5074 5075 
9732 4970 5075 4971 
9733 4971 5075 5076 
9734 4971 5076 4972 
9735 4972 5076 5077 
9736 4972 5077 4973 
9737 4973 5077 5078 
9738 4973 5078 4974 
9739 4974 5078 5079 
9740 4974 5079 4975 
9741 4975 5079 5080 
9742 4975 5080 4976 
9743 4976 5080 5081 
9744 4976 5081 4977 
9745 4977 5081 5082 
9746 4977 5082 4978 
9747 4978 5082 5083 
9748 4978 5083 4979 
9749 4979 5083 5084 
9750 4979 5084 4980 
9751 4980 5084 5085 
9752 4980 5085 4981 
9753 4981 5085 5086 
9754 4981 5086 4982 
9755 4982 5086 5087 
9756 4982 5087 4983 
9757 4983 5087 5088 
9758 4983 5088 4984 
9759 4984 5088 5089 
9760 4984 5089 4985 
9761 4985 5089 5090 
9762 4985 5090 4986 
9763 4986 5090 5091 
9764 4986 5091 4987 
9765 4987 5091 5092 
9766 4987 5092 4988 
9767 4988 5092 5093 
9768 4988 5093 4989 
9769 4989 5093 5094 
9770 4989 5094 4990 
9771 4990 5094 5095 
9772 4990 5095 4991 
9773 4991 5095 5096 
9774 4991 5096 4992 
9775 4992 5096 4993 
9776 4992 4993 4889 
9777 4993 5097 4994 
9778 5097 5098 4994 
9779 4994 5098 4995 
9780 5098 5099 4995 
9781 4995 5099 4996 
9782 5099 5100 4996 
9783 4996 5100 4997 
9784 5100 5101 4997 
9785 4997 5101 4998 
9786 5101 5102 4998 
9787 4998 5102 4999 
9788 5102 5103 4999 
9789 4999 5103 5000 
9790 5103 5104 5000 
9791 5000 5104 5001 
9792 5104 5105 5001 
9793 5001 5105 5002 
9794 5105 5106 5002 
9795 5002 5106 5003 
9796 5106 5107 5003 
9797 5003 5107 5004 
9798 5107 5108 5004 
9799 5004 5108 5005 
9800 5108 5109 5005 
9801 5005 5109 5006 
9802 5109 5110 5006 
9803 5006 5110 5007 
9804 5110 5111 5007 
9805 5007 5111 5008 
9806 5111 5112 5008 
9807 5008 5112 5009 
9808 5112 5113 5009 
9809 5009 5113 5010 
9810 5113 5114 5010 
9811 5010 5114 5011 
9812 5114 5115 5011 
9813 5011 5115 5012 
9814 5115 5116 5012 
9815 5012 5116 5013 
9816 5116 5117 5013 
9817 5013 5117 5014 
9818 5117 5118 5014 
9819 5014 5118 5015 
9820 5118 5119 5015 
9821 5015 5119 5016 
9822 5119 5120 5016 
9823 5016 5120 5017 
9824 5120 5121 5017 
9825 5017 5121 5018 
9826 5121 5122 5018 
9827 5018 5122 5019 
9828 5122 5123 5019 
9829 5019 5123 5124 
9830 5019 5124 5020 
9831 5020 5124 5125 
9832 5020 5125 5021 
9833 5021 5125 5126 
9834 5021 5126 5022 
9835 5022 5126 5127 
9836 5022 5127 5023 
9837 5023 5127 5128 
9838 5023 5128 5024 
9839 5024 5128 5129 
9840 5024 5129 5025 
9841 5025 5129 5130 
9842 5025 5130 5026 
9843 5026 5130 5131 
9844 5026 5131 5027 
9845 5027 5131 5132 
9846 5027 5132 5028 
9847 5028 5132 5133 
9848 5028 5133 5029 
9849 5029 5133 5134 
9850 5029 5134 5030 
9851 5030 5134 5135 
9852 5030 5135 5031 
9853 5031 5135 5136 
9854 5031 5136 5032 
9855 5032 5136 5137 
9856 5032 5137 5033 
9857 5033 5137 5138 
9858 5033 5138 5034 
9859 5034 5138 5139 
9860 5034 5139 5035 
9861 5035 5139 5140 
9862 5035 5140 5036 
9863 5036 5140 5141 
9864 5036 5141 5037 
9865 5037 5141 5142 
9866 5037 5142 5038 
9867 5038 5142 5143 
9868 5038 5143 5039 
9869 5039 5143 5144 
9870 5039 5144 5040 
9871 5040 5144 5145 
9872 5040 5145 5041 
9873 5041 5145 5146 
9874 5041 5146 5042 
9875 5042 5146 5147 
9876 5042 5147 5043 
9877 5043 5147 5148 
9878 5043 5148 5044 
9879 5044 5148 5149 
9880 5044 5149 5045 
9881 5045 5149 5046 
9882 5149 5150 5046 
9883 5046 5150 5047 
9884 5150 5151 5047 
9885 5047 5151 5048 
9886 5151 5152 5048 
9887 5048 5152 5049 
9888 5152 5153 5049 
9889 5049 5153 5050 
9890 5153 5154 5050 
9891 5050 5154 5051 
9892 5154 5155 5051 
9893 5051 5155 5052 
9894 5155 5156 5052 
9895 5052 5156 5053 
9896 5156 5157 5053 
9897 5053 5157 5054 
9898 5157 5158 5054 
9899 5054 5158 5055 
9900 5158 5159 5055 
9901 5055 5159 5056 
9902 5159 5160 5056 
9903 5056 5160 5057 
9904 5160 5161 5057 
9905 5057 5161 5058 
9906 5161 5162 5058 
9907 5058 5162 5059 
9908 5162 5163 5059 
9909 5059 5163 5060 
9910 5163 5164 5060 
9911 5060 5164 5061 
9912 5164 5165 5061 
9913 5061 5165 5062 
9914 5165 5166 5062 
9915 5062 5166 5063 
9916 5166 5167 5063 
9917 5063 5167 5064 
9918 5167 5168 5064 
9919 5064 5168 5065 
9920 5168 5169 5065 
9921 5065 5169 5066 
9922 5169 5170 5066 
9923 5066 5170 5067 
9924 5170 5171 5067 
9925 5067 5171 5068 
9926 5171 5172 5068 
9927 5068 5172 5069 
9928 5172 5173 5069 
9929 5069 5173 5070 
9930 5173 5174 5070 
9931 5070 5174 5071 
9932 5174 5175 5071 
9933 5071 5175 5176 
9934 5071 5176 5072 
9935 5072 5176 5177 
9936 5072 5177 5073 
9937 5073 5177 5178 
9938 5073 5178 5074 
9939 5074 5178 5179 
9940 5074 5179 5075 
9941 5075 5179 5180 
9942 5075 5180 5076 
9943 5076 5180 5181 
9944 5076 5181 5077 
9945 5077 5181 5182 
9946 5077 5182 5078 
9947 5078 5182 5183 
9948 5078 5183 5079 
9949 5079 5183 5184 
9950 5079 5184 5080 
9951 5080 5184 5185 
9952 5080 5185 5081 
9953 5081 5185 5186 
9954 5081 5186 5082 
9955 5082 5186 5187 
9956 5082 5187 5083 
9957 5083 5187 5188 
9958 5083 5188 5084 
9959 5084 5188 5189 
9960 5084 5189 5085 
9961 5085 5189 5190 
9962 5085 5190 5086 
9963 5086 5190 5191 
9964 5086 5191 5087 
9965 5087 5191 5192 
9966 5087 5192 5088 
9967 5088 5192 5193 
9968 5088 5193 5089 
9969 5089 5193 5194 
9970 5089 5194 5090 
9971 5090 5194 5195 
9972 5090 5195 5091 
9973 5091 5195 5196 
9974 5091 5196 5092 
9975 5092 5196 5197 
9976 5092 5197 5093 
9977 5093 5197 5198 
9978 5093 5198 5094 
9979 5094 5198 5199 
9980 5094 5199 5095 
9981 5095 5199 5200 
9982 5095 5200 5096 
9983 5096 5200 5097 
9984 5096 5097 4993 
9985 5097 5202 5201 
9986 5097 5201 5098 
9987 5098 5201 5203 
9988 5098 5203 5099 
9989 5099 5203 5204 
9990 5099 5204 5100 
9991 5100 5204 5205 
9992 5100 5205 5101 
9993 5101 5205 5206 
9994 5101 5206 5102 
9995 5102 5206 5207 
9996 5102 5207 5103 
9997 5103 5207 5208 
9998 5103 5208 5104 
9999 5104 5208 5209 
10000 5104 5209 5105 
10001 5105 5209 5210 
10002 5105 5210 5106 
10003 5106 5210 5211 
10004 5106 5211 5107 
10005 5107 5211 5212 
10006 5107 5212 5108 
10007 5108 5212 5213 
10008 5108 5213 5109 
10009 5109 5213 5214 
10010 5109 5214 5110 
10011 5110 5214 5215 
10012 5110 5215 5111 
10013 5111 5215 5216 
10014 5111 5216 5112 
10015 5112 5216 5217 
10016 5112 5217 5113 
10017 5113 5217 5218 
10018 5113 5218 5114 
10019 5114 5218 5219 
10020 5114 5219 5115 
10021 5115 5219 5220 
10022 5115 5220 5116 
10023 5116 5220 5221 
10024 5116 5221 5117 
10025 5117 5221 5222 
10026 5117 5222 5118 
10027 5118 5222 5223 
10028 5118 5223 5119 
10029 5119 5223 5224 
10030 5119 5224 5120 
10031 5120 5224 5225 
10032 5120 5225 5121 
10033 5121 5225 5226 
10034 5121 5226 5122 
10035 5122 5226 5227 
10036 5122 5227 5123 
10037 5123 5227 5124 
10038 5227 5228 5124 
10039 5124 5228 5125 
10040 5228 5229 5125 
10041 5125 5229 5126 
10042 5229 5230 5126 
10043 5126 5230 5127 
10044 5230 5231 5127 
10045 5127 5231 5128 
10046 5231 5232 5128 
10047 5128 5232 5129 
10048 5232 5233 5129 
10049 5129 5233 5130 
10050 5233 5234 5130 
10051 5130 5234 5131 
10052 5234 5235 5131 
10053 5131 5235 5132 
10054 5235 5236 5132 
10055 5132 5236 5133 
10056 5236 5237 5133 
10057 5133 5237 5134 
10058 5237 5238 5134 
10059 5134 5238 5135 
10060 5238 5239 5135 
10061 5135 5239 5136 
10062 5239 5240 5136 
10063 5136 5240 5137 
10064 5240 5241 5137 
10065 5137 5241 5138 
10066 5241 5242 5138 
10067 5138 5242 5139 
10068 5242 5243 5139 
10069 5139 5243 5140 
10070 5243 5244 5140 
10071 5140 5244 5141 
10072 5244 5245 5141 
10073 5141 5245 5142 
10074 5245 5246 5142 
10075 5142 5246 5143 
10076 5246 5247 5143 
10077 5143 5247 5144 
10078 5247 5248 5144 
10079 5144 5248 5145 
10080 5248 5249 5145 
10081 5145 5249 5146 
10082 5249 5250 5146 
10083 5146 5250 5147 
10084 5250 5251 5147 
10085 5147 5251 5148 
10086 5251 5252 5148 
10087 5148 5252 5149 
10088 5252 5253 5149 
10089 5149 5253 5254 
10090 5149 5254 5150 
10091 5150 5254 5255 
10092 5150 5255 5151 
10093 5151 5255 5256 
10094 5151 5256 5152 
10095 5152 5256 5257 
10096 5152 5257 5153 
10097 5153 5257 5258 
10098 5153 5258 5154 
10099 5154 5258 5259 
10100 5154 5259 5155 
10101 5155 5259 5260 
10102 5155 5260 5156 
10103 5156 5260 5261 
10104 5156 5261 5157 
10105 5157 5261 5262 
10106 5157 5262 5158 
10107 5158 5262 5263 
10108 5158 5263 5159 
10109 5159 5263 5264 
10110 5159 5264 5160 
10111 5160 5264 5265 
10112 5160 5265 5161 
10113 5161 5265 5266 
10114 5161 5266 5162 
10115 5162 5266 5267 
10116 5162 5267 5163 
10117 5163 5267 5268 
10118 5163 5268 5164 
10119 5164 5268 5269 
10120 5164 5269 5165 
10121 5165 5269 5270 
10122 5165 5270 5166 
10123 5166 5270 5271 
10124 5166 5271 5167 
10125 5167 5271 5272 
10126 5167 5272 5168 
10127 5168 5272 5273 
10128 5168 5273 5169 
10129 5169 5273 5274 
10130 5169 5274 5170 
10131 5170 5274 5275 
10132 5170 5275 5171 
10133 5171 5275 5276 
10134 5171 5276 5172 
10135 5172 5276 5277 
10136 5172 5277 5173 
10137 5173 5277 5278 
10138 5173 5278 5174 
10139 5174 5278 5279 
10140 5174 5279 5175 
10141 5175 5279 5176 
10142 5279 5280 5176 
10143 5176 5280 5177 
10144 5280 5281 5177 
10145 5177 5281 5178 
10146 5281 5282 5178 
10147 5178 5282 5179 
10148 5282 5283 5179 
10149 5179 5283 5180 
10150 5283 5284 5180 
10151 5180 5284 5181 
10152 5284 5285 5181 
10153 5181 5285 5182 
10154 5285 5286 5182 
10155 5182 5286 5183 
10156 5286 5287 5183 
10157 5183 5287 5184 
10158 5287 5288 5184 
10159 5184 5288 5185 
10160 5288 5289 5185 
10161 5185 5289 5186 
10162 5289 5290 5186 
10163 5186 5290 5187 
10164 5290 5291 5187 
10165 5187 5291 5188 
10166 5291 5292 5188 
10167 5188 5292 5189 
10168 5292 5293 5189 
10169 5189 5293 5190 
10170 5293 5294 5190 
10171 5190 5294 5191 
10172 5294 5295 5191 
10173 5191 5295 5192 
10174 5295 5296 5192 
10175 5192 5296 5193 
10176 5296 5297 5193 
10177 5193 5297 5194 
10178 5297 5298 5194 
10179 5194 5298 5195 
10180 5298 5299 5195 
10181 5195 5299 5196 
10182 5299 5300 5196 
10183 5196 5300 5197 
10184 5300 5301 5197 
10185 5197 5301 5198 
10186 5301 5302 5198 
10187 5198 5302 5199 
10188 5302 5303 5199 
10189 5199 5303 5200 
10190 5303 5304 5200 
10191 5200 5304 5097 
10192 5304 5202 5097 
10193 5202 5306 5305 
10194 5202 5305 5201 
10195 5201 5305 5307 
10196 5201 5307 5203 
10197 5203 5307 5308 
10198 5203 5308 5204 
10199 5204 5308 5309 
10200 5204 5309 5205 
10201 5205 5309 5310 
10202 5205 5310 5206 
10203 5206 5310 5311 
10204 5206 5311 5207 
10205 5207 5311 5312 
10206 5207 5312 5208 
10207 5208 5312 5313 
10208 5208 5313 5209 
10209 5209 5313 5314 
10210 5209 5314 5210 
10211 5210 5314 5315 
10212 5210 5315 5211 
10213 5211 5315 5316 
10214 5211 5316 5212 
10215 5212 5316 5317 
10216 5212 5317 5213 
10217 5213 5317 5318 
10218 5213 5318 5214 
10219 5214 5318 5319 
10220 5214 5319 5215 
10221 5215 5319 5320 
10222 5215 5320 5216 
10223 5216 5320 5321 
10224 5216 5321 5217 
10225 5217 5321 5322 
10226 5217 5322 5218 
10227 5218 5322 5323 
10228 5218 5323 5219 
10229 5219 5323 5324 
10230 5219 5324 5220 
10231 5220 5324 5325 
10232 5220 5325 5221 
10233 5221 5325 5326 
10234 5221 5326 5222 
10235 5222 5326 5327 
10236 5222 5327 5223 
10237 5223 5327 5328 
10238 5223 5328 5224 
10239 5224 5328 5329 
10240 5224 5329 5225 
10241 5225 5329 5330 
10242 5225 5330 5226 
10243 5226 5330 5331 
10244 5226 5331 5227 
10245 5227 5331 5228 
10246 5331 5332 5228 
10247 5228 5332 5229 
10248 5332 5333 5229 
10249 5229 5333 5230 
10250 5333 5334 5230 
10251 5230 5334 5231 
10252 5334 5335 5231 
10253 5231 5335 5232 
10254 5335 5336 5232 
10255 5232 5336 5233 
10256 5336 5337 5233 
10257 5233 5337 5234 
10258 5337 5338 5234 
10259 5234 5338 5235 
10260 5338 5339 5235 
10261 5235 5339 5236 
10262 5339 5340 5236 
10263 5236 5340 5237 
10264 5340 5341 5237 
10265 5237 5341 5238 
10266 5341 5342 5238 
10267 5238 5342 5239 
10268 5342 5343 5239 
10269 5239 5343 5240 
10270 5343 5344 5240 
10271 5240 5344 5241 
10272 5344 5345 5241 
10273 5241 5345 5242 
10274 5345 5346 5242 
10275 5242 5346 5243 
10276 5346 5347 5243 
10277 5243 5347 5244 
10278 5347 5348 5244 
10279 5244 5348 5245 
10280 5348 5349 5245 
10281 5245 5349 5246 
10282 5349 5350 5246 
10283 5246 5350 5247 
10284 5350 5351 5247 
10285 5247 5351 5248 
10286 5351 5352 5248 
10287 5248 5352 5249 
10288 5352 5353 5249 
10289 5249 5353 5250 
10290 5353 5354 5250 
10291 5250 5354 5251 
10292 5354 5355 5251 
10293 5251 5355 5252 
10294 5355 5356 5252 
10295 5252 5356 5253 
10296 5356 5357 5253 
10297 5253 5357 5358 
10298 5253 5358 5254 
10299 5254 5358 5359 
10300 5254 5359 5255 
10301 5255 5359 5360 
10302 5255 5360 5256 
10303 5256 5360 5361 
10304 5256 5361 5257 
10305 5257 5361 5362 
10306 5257 5362 5258 
10307 5258 5362 5363 
10308 5258 5363 5259 
10309 5259 5363 5364 
10310 5259 5364 5260 
10311 5260 5364 5365 
10312 5260 5365 5261 
10313 5261 5365 5366 
10314 5261 5366 5262 
10315 5262 5366 5367 
10316 5262 5367 5263 
10317 5263 5367 5368 
10318 5263 5368 5264 
10319 5264 5368 5369 
10320 5264 5369 5265 
10321 5265 5369 5370 
10322 5265 5370 5266 
10323 5266 5370 5371 
10324 5266 5371 5267 
10325 5267 5371 5372 
10326 5267 5372 5268 
10327 5268 5372 5373 
10328 5268 5373 5269 
10329 5269 5373 5374 
10330 5269 5374 5270 
10331 5270 5374 5375 
10332 5270 5375 5271 
10333 5271 5375 5376 
10334 5271 5376 5272 
10335 5272 5376 5377 
10336 5272 5377 5273 
10337 5273 5377 5378 
10338 5273 5378 5274 
10339 5274 5378 5379 
10340 5274 5379 5275 
10341 5275 5379 5380 
10342 5275 5380 5276 
10343 5276 5380 5381 
10344 5276 5381 5277 
10345 5277 5381 5382 
10346 5277 5382 5278 
10347 5278 5382 5383 
10348 5278 5383 5279 
10349 5279 5383 5280 
10350 5383 5384 5280 
10351 5280 5384 5281 
10352 5384 5385 5281 
10353 5281 5385 5282 
10354 5385 5386 5282 
10355 5282 5386 5283 
10356 5386 5387 5283 
10357 5283 5387 5284 
10358 5387 5388 5284 
10359 5284 5388 5285 
10360 5388 5389 5285 
10361 5285 5389 5286 
10362 5389 5390 5286 
10363 5286 5390 5287 
10364 5390 5391 5287 
10365 5287 5391 5288 
10366 5391 5392 5288 
10367 5288 5392 5289 
10368 5392 5393 5289 
10369 5289 5393 5290 
10370 5393 5394 5290 
10371 5290 5394 5291 
10372 5394 5395 5291 
10373 5291 5395 5292 
10374 5395 5396 5292 
10375 5292 5396 5293 
10376 5396 5397 5293 
10377 5293 5397 5294 
10378 5397 5398 5294 
10379 5294 5398 5295 
10380 5398 5399 5295 
10381 5295 5399 5296 
10382 5399 5400 5296 
10383 5296 5400 5297 
10384 5400 5401 5297 
10385 5297 5401 5298 
10386 5401 5402 5298 
10387 5298 5402 5299 
10388 5402 5403 5299 
10389 5299 5403 5300 
10390 5403 5404 5300 
10391 5300 5404 5301 
10392 5404 5405 5301 
10393 5301 5405 5302 
10394 5405 5406 5302 
10395 5302 5406 5303 
10396 5406 5407 5303 
10397 5303 5407 5304 
10398 5407 5408 5304 
10399 5304 5408 5202 
10400 5408 5306 5202 
10401 5306 5410 5409 
10402 5306 5409 5305 
10403 5305 5409 5411 
10404 5305 5411 5307 
10405 5307 5411 5412 
10406 5307 5412 5308 
10407 5308 5412 5413 
10408 5308 5413 5309 
10409 5309 5413 5414 
10410 5309 5414 5310 
10411 5310 5414 5415 
10412 5310 5415 5311 
10413 5311 5415 5416 
10414 5311 5416 5312 
10415 5312 5416 5417 
10416 5312 5417 5313 
10417 5313 5417 5418 
10418 5313 5418 5314 
10419 5314 5418 5419 
10420 5314 5419 5315 
10421 5315 5419 5420 
10422 5315 5420 5316 
10423 5316 5420 5421 
10424 5316 5421 5317 
10425 5317 5421 5422 
10426 5317 5422 5318 
10427 5318 5422 5423 
10428 5318 5423 5319 
10429 5319 5423 5424 
10430 5319 5424 5320 
10431 5320 5424 5425 
10432 5320 5425 5321 
10433 5321 5425 5426 
10434 5321 5426 5322 
10435 5322 5426 5427 
10436 5322 5427 5323 
10437 5323 5427 5428 
10438 5323 5428 5324 
10439 5324 5428 5429 
10440 5324 5429 5325 
10441 5325 5429 5430 
10442 5325 5430 5326 
10443 5326 5430 5431 
10444 5326 5431 5327 
10445 5327 5431 5432 
10446 5327 5432 5328 
10447 5328 5432 5433 
10448 5328 5433 5329 
10449 5329 5433 5434 
10450 5329 5434 5330 
10451 5330 5434 5435 
10452 5330 5435 5331 
10453 5331 5435 5332 
10454 5435 5436 5332 
10455 5332 5436 5333 
10456 5436 5437 5333 
10457 5333 5437 5334 
10458 5437 5438 5334 
10459 5334 5438 5335 
10460 5438 5439 5335 
10461 5335 5439 5336 
10462 5439 5440 5336 
10463 5336 5440 5337 
10464 5440 5441 5337 
10465 5337 5441 5338 
10466 5441 5442 5338 
10467 5338 5442 5339 
10468 5442 5443 5339 
10469 5339 5443 5340 
10470 5443 5444 5340 
10471 5340 5444 5341 
10472 5444 5445 5341 
10473 5341 5445 5342 
10474 5445 5446 5342 
10475 5342 5446 5343 
10476 5446 5447 5343 
10477 5343 5447 5344 
10478 5447 5448 5344 
10479 5344 5448 5345 
10480 5448 5449 5345 
10481 5345 5449 5346 
10482 5449 5450 5346 
10483 5346 5450 5347 
10484 5450 5451 5347 
10485 5347 5451 5348 
10486 5451 5452 5348 
10487 5348 5452 5349 
10488 5452 5453 5349 
10489 5349 5453 5350 
10490 5453 5454 5350 
10491 5350 5454 5351 
10492 5454 5455 5351 
10493 5351 5455 5352 
10494 5455 5456 5352 
10495 5352 5456 5353 
10496 5456 5457 5353 
10497 5353 5457 5354 
10498 5457 5458 5354 
10499 5354 5458 5355 
10500 5458 5459 5355 
10501 5355 5459 5356 
10502 5459 5460 5356 
10503 5356 5460 5357 
10504 5460 5461 5357 
10505 5357 5461 5462 
10506 5357 5462 5358 
10507 5358 5462 5463 
10508 5358 5463 5359 
10509 5359 5463 5464 
10510 5359 5464 5360 
10511 5360 5464 5465 
10512 5360 5465 5361 
10513 5361 5465 5466 
10514 5361 5466 5362 
10515 5362 5466 5467 
10516 5362 5467 5363 
10517 5363 5467 5468 
10518 5363 5468 5364 
10519 5364 5468 5469 
10520 5364 5469 5365 
10521 5365 5469 5470 
10522 5365 5470 5366 
10523 5366 5470 5471 
10524 5366 5471 5367 
10525 5367 5471 5472 
10526 5367 5472 5368 
10527 5368 5472 5473 
10528 5368 5473 5369 
10529 5369 5473 5474 
10530 5369 5474 5370 
10531 5370 5474 5475 
10532 5370 5475 5371 
10533 5371 5475 5476 
10534 5371 5476 5372 
10535 5372 5476 5477 
10536 5372 5477 5373 
10537 5373 5477 5478 
10538 5373 5478 5374 
10539 5374 5478 5479 
10540 5374 5479 5375 
10541 5375 5479 5480 
10542 5375 5480 5376 
10543 5376 5480 5481 
10544 5376 5481 5377 
10545 5377 5481 5482 
10546 5377 5482 5378 
10547 5378 5482 5483 
10548 5378 5483 5379 
10549 5379 5483 5484 
10550 5379 5484 5380 
10551 5380 5484 5485 
10552 5380 5485 5381 
10553 5381 5485 5486 
10554 5381 5486 5382 
10555 5382 5486 5487 
10556 5382 5487 5383 
10557 5383 5487 5384 
10558 5487 5488 5384 
10559 5384 5488 5385 
10560 5488 5489 5385 
10561 5385 5489 5386 
10562 5489 5490 5386 
10563 5386 5490 5387 
10564 5490 5491 5387 
10565 5387 5491 5388 
10566 5491 5492 5388 
10567 5388 5492 5389 
10568 5492 5493 5389 
10569 5389 5493 5390 
10570 5493 5494 5390 
10571 5390 5494 5391 
10572 5494 5495 5391 
10573 5391 5495 5392 
10574 5495 5496 5392 
10575 5392 5496 5393 
10576 5496 5497 5393 
10577 5393 5497 5394 
10578 5497 5498 5394 
10579 5394 5498 5395 
10580 5498 5499 5395 
10581 5395 5499 5396 
10582 5499 5500 5396 
10583 5396 5500 5397 
10584 5500 5501 5397 
10585 5397 5501 5398 
10586 5501 5502 5398 
10587 5398 5502 5399 
10588 5502 5503 5399 
10589 5399 5503 5400 
10590 5503 5504 5400 
10591 5400 5504 5401 
10592 5504 5505 5401 
10593 5401 5505 5402 
10594 5505 5506 5402 
10595 5402 5506 5403 
10596 5506 5507 5403 
10597 5403 5507 5404 
10598 5507 5508 5404 
10599 5404 5508 5405 
10600 5508 5509 5405 
10601 5405 5509 5406 
10602 5509 5510 5406 
10603 5406 5510 5407 
10604 5510 5511 5407 
10605 5407 5511 5408 
10606 5511 5512 5408 
10607 5408 5512 5306 
10608 5512 5410 5306 
10609 5410 5514 5513 
10610 5410 5513 5409 
10611 5409 5513 5515 
10612 5409 5515 5411 
10613 5411 5515 5516 
10614 5411 5516 5412 
10615 5412 5516 5517 
10616 5412 5517 5413 
10617 5413 5517 5518 
10618 5413 5518 5414 
10619 5414 5518 5519 
10620 5414 5519 5415 
10621 5415 5519 5520 
10622 5415 5520 5416 
10623 5416 5520 5521 
10624 5416 5521 5417 
10625 5417 5521 5522 
10626 5417 5522 5418 
10627 5418 5522 5523 
10628 5418 5523 5419 
10629 5419 5523 5524 
10630 5419 5524 5420 
10631 5420 5524 5525 
10632 5420 5525 5421 
10633 5421 5525 5526 
10634 5421 5526 5422 
10635 5422 5526 5527 
10636 5422 5527 5423 
10637 5423 5527 5528 
10638 5423 5528 5424 
10639 5424 5528 5529 
10640 5424 5529 5425 
10641 5425 5529 5530 
10642 5425 5530 5426 
10643 5426 5530 5531 
10644 5426 5531 5427 
10645 5427 5531 5532 
10646 5427 5532 5428 
10647 5428 5532 5533 
10648 5428 5533 5429 
10649 5429 5533 5534 
10650 5429 5534 5430 
10651 5430 5534 5535 
10652 5430 5535 5431 
10653 5431 5535 5536 
10654 5431 5536 5432 
10655 5432 5536 5537 
10656 5432 5537 5433 
10657 5433 5537 5538 
10658 5433 5538 5434 
10659 5434 5538 5539 
10660 5434 5539 5435 
10661 5435 5539 5436 
10662 5539 5540 5436 
10663 5436 5540 5437 
10664 5540 5541 5437 
10665 5437 5541 5438 
10666 5541 5542 5438 
10667 5438 5542 5439 
10668 5542 5543 5439 
10669 5439 5543 5440 
10670 5543 5544 5440 
10671 5440 5544 5441 
10672 5544 5545 5441 
10673 5441 5545 5442 
10674 5545 5546 5442 
10675 5442 5546 5443 
10676 5546 5547 5443 
10677 5443 5547 5444 
10678 5547 5548 5444 
10679 5444 5548 5445 
10680 5548 5549 5445 
10681 5445 5549 5446 
10682 5549 5550 5446 
10683 5446 5550 5447 
10684 5550 5551 5447 
10685 5447 5551 5448 
10686 5551 5552 5448 
10687 5448 5552 5449 
10688 5552 5553 5449 
10689 5449 5553 5450 
10690 5553 5554 5450 
10691 5450 5554 5451 
10692 5554 5555 5451 
10693 5451 5555 5452 
10694 5555 5556 5452 
10695 5452 5556 5453 
10696 5556 5557 5453 
10697 5453 5557 5454 
10698 5557 5558 5454 
10699 5454 5558 5455 
10700 5558 5559 5455 
10701 5455 5559 5456 
10702 5559 5560 5456 
10703 5456 5560 5457 
10704 5560 5561 5457 
10705 5457 5561 5458 
10706 5561 5562 5458 
10707 5458 5562 5459 
10708 5562 5563 5459 
10709 5459 5563 5460 
10710 5563 5564 5460 
10711 5460 5564 5461 
10712 5564 5565 5461 
10713 5461 5565 5566 
10714 5461 5566 5462 
10715 5462 5566 5567 
10716 5462 5567 5463 
10717 5463 5567 5568 
10718 5463 5568 5464 
10719 5464 5568 5569 
10720 5464 5569 5465 
10721 5465 5569 5570 
10722 5465 5570 5466 
10723 5466 5570 5571 
10724 5466 5571 5467 
10725 5467 5571 5572 
10726 5467 5572 5468 
10727 5468 5572 5573 
10728 5468 5573 5469 
10729 5469 5573 5574 
10730 5469 5574 5470 
10731 5470 5574 5575 
10732 5470 5575 5471 
10733 5471 5575 5576 
10734 5471 5576 5472 
10735 5472 5576 5577 
10736 5472 5577 5473 
10737 5473 5577 5578 
10738 5473 5578 5474 
10739 5474 5578 5579 
10740 5474 5579 5475 
10741 5475 5579 5580 
10742 5475 5580 5476 
10743 5476 5580 5581 
10744 5476 5581 5477 
10745 5477 5581 5582 
10746 5477 5582 5478 
10747 5478 5582 5583 
10748 5478 5583 5479 
10749 5479 5583 5584 
10750 5479 5584 5480 
10751 5480 5584 5585 
10752 5480 5585 5481 
10753 5481 5585 5586 
10754 5481 5586 5482 
10755 5482 5586 5587 
10756 5482 5587 5483 
10757 5483 5587 5588 
10758 5483 5588 5484 
10759 5484 5588 5589 
10760 5484 5589 5485 
10761 5485 5589 5590 
10762 5485 5590 5486 
10763 5486 5590 5591 
10764 5486 5591 5487 
10765 5487 5591 5488 
10766 5591 5592 5488 
10767 5488 5592 5489 
10768 5592 5593 5489 
10769 5489 5593 5490 
10770 5593 5594 5490 
10771 5490 5594 5491 
10772 5594 5595 5491 
10773 5491 5595 5492 
10774 5595 5596 5492 
10775 5492 5596 5493 
10776 5596 5597 5493 
10777 5493 5597 5494 
10778 5597 5598 5494 
10779 5494 5598 5495 
10780 5598 5599 5495 
10781 5495 5599 5496 
10782 5599 5600 5496 
10783 5496 5600 5497 
10784 5600 5601 5497 
10785 5497 5601 5498 
10786 5601 5602 5498 
10787 5498 5602 5499 
10788 5602 5603 5499 
10789 5499 5603 5500 
10790 5603 5604 5500 
10791 5500 5604 5501 
10792 5604 5605 5501 
10793 5501 5605 5502 
10794 5605 5606 5502 
10795 5502 5606 5503 
10796 5606 5607 5503 
10797 5503 5607 5504 
10798 5607 5608 5504 
10799 5504 5608 5505 
10800 5608 5609 5505 
10801 5505 5609 5506 
10802 5609 5610 5506 
10803 5506 5610 5507 
10804 5610 5611 5507 
10805 5507 5611 5508 
10806 5611 5612 5508 
10807 5508 5612 5509 
10808 5612 5613 5509 
10809 5509 5613 5510 
10810 5613 5614 5510 
10811 5510 5614 5511 
10812 5614 5615 5511 
10813 5511 5615 5512 
10814 5615 5616 5512 
10815 5512 5616 5410 
10816 5616 5514 5410 
10817 5514 5618 5617 
10818 5514 5617 5513 
10819 5513 5617 5619 
10820 5513 5619 5515 
10821 5515 5619 5620 
10822 5515 5620 5516 
10823 5516 5620 5621 
10824 5516 5621 5517 
10825 5517 5621 5622 
10826 5517 5622 5518 
10827 5518 5622 5623 
10828 5518 5623 5519 
10829 5519 5623 5624 
10830 5519 5624 5520 
10831 5520 5624 5625 
10832 5520 5625 5521 
10833 5521 5625 5626 
10834 5521 5626 5522 
10835 5522 5626 5627 
10836 5522 5627 5523 
10837 5523 5627 5628 
10838 5523 5628 5524 
10839 5524 5628 5629 
10840 5524 5629 5525 
10841 5525 5629 5630 
10842 5525 5630 5526 
10843 5526 5630 5631 
10844 5526 5631 5527 
10845 5527 5631 5632 
10846 5527 5632 5528 
10847 5528 5632 5633 
10848 5528 5633 5529 
10849 5529 5633 5634 
10850 5529 5634 5530 
10851 5530 5634 5635 
10852 5530 5635 5531 
10853 5531 5635 5636 
10854 5531 5636 5532 
10855 5532 5636 5637 
10856 5532 5637 5533 
10857 5533 5637 5638 
10858 5533 5638 5534 
10859 5534 5638 5639 
10860 5534 5639 5535 
10861 5535 5639 5640 
10862 5535 5640 5536 
10863 5536 5640 5641 
10864 5536 5641 5537 
10865 5537 5641 5642 
10866 5537 5642 5538 
10867 5538 5642 5643 
10868 5538 5643 5539 
10869 5539 5643 5540 
10870 5643 5644 5540 
10871 5540 5644 5541 
10872 5644 5645 5541 
10873 5541 5645 5542 
10874 5645 5646 5542 
10875 5542 5646 5543 
10876 5646 5647 5543 
10877 5543 5647 5544 
10878 5647 5648 5544 
10879 5544 5648 5545 
10880 5648 5649 5545 
10881 5545 5649 5546 
10882 5649 5650 5546 
10883 5546 5650 5547 
10884 5650 5651 5547 
10885 5547 5651 5548 
10886 5651 5652 5548 
10887 5548 5652 5549 
10888 5652 5653 5549 
10889 5549 5653 5550 
10890 5653 5654 5550 
10891 5550 5654 5551 
10892 5654 5655 5551 
10893 5551 5655 5552 
10894 5655 5656 5552 
10895 5552 5656 5553 
10896 5656 5657 5553 
10897 5553 5657 5554 
10898 5657 5658 5554 
10899 5554 5658 5555 
10900 5658 5659 5555 
10901 5555 5659 5556 
10902 5659 5660 5556 
10903 5556 5660 5557 
10904 5660 5661 5557 
10905 5557 5661 5558 
10906 5661 5662 5558 
10907 5558 5662 5559 
10908 5662 5663 5559 
10909 5559 5663 5560 
10910 5663 5664 5560 
10911 5560 5664 5561 
10912 5664 5665 5561 
10913 5561 5665 5562 
10914 5665 5666 5562 
10915 5562 5666 5563 
10916 5666 5667 5563 
10917 5563 5667 5564 
10918 5667 5668 5564 
10919 5564 5668 5565 
10920 5668 5669 5565 
10921 5565 5669 5670 
10922 5565 5670 5566 
10923 5566 5670 5671 
10924 5566 5671 5567 
10925 5567 5671 5672 
10926 5567 5672 5568 
10927 5568 5672 5673 
10928 5568 5673 5569 
10929 5569 5673 5674 
10930 5569 5674 5570 
10931 5570 5674 5675 
10932 5570 5675 5571 
10933 5571 5675 5676 
10934 5571 5676 5572 
10935 5572 5676 5677 
10936 5572 5677 5573 
10937 5573 5677 5678 
10938 5573 5678 5574 
10939 5574 5678 5679 
10940 5574 5679 5575 
10941 5575 5679 5680 
10942 5575 5680 5576 
10943 5576 5680 5681 
10944 5576 5681 5577 
10945 5577 5681 5682 
10946 5577 5682 5578 
10947 5578 5682 5683 
10948 5578 5683 5579 
10949 5579 5683 5684 
10950 5579 5684 5580 
10951 5580 5684 5685 
10952 5580 5685 5581 
10953 5581 5685 5686 
10954 5581 5686 5582 
10955 5582 5686 5687 
10956 5582 5687 5583 
10957 5583 5687 5688 
10958 5583 5688 5584 
10959 5584 5688 5689 
10960 5584 5689 5585 
10961 5585 5689 5690 
10962 5585 5690 5586 
10963 5586 5690 5691 
10964 5586 5691 5587 
10965 5587 5691 5692 
10966 5587 5692 5588 
10967 5588 5692 5693 
10968 5588 5693 5589 
10969 5589 5693 5694 
10970 5589 5694 5590 
10971 5590 5694 5695 
10972 5590 5695 5591 
10973 5591 5695 5592 
10974 5695 5696 5592 
10975 5592 5696 5593 
10976 5696 5697 5593 
10977 5593 5697 5594 
10978 5697 5698 5594 
10979 5594 5698 5595 
10980 5698 5699 5595 
10981 5595 5699 5596 
10982 5699 5700 5596 
10983 5596 5700 5597 
10984 5700 5701 5597 
10985 5597 5701 5598 
10986 5701 5702 5598 
10987 5598 5702 5599 
10988 5702 5703 5599 
10989 5599 5703 5600 
10990 5703 5704 5600 
10991 5600 5704 5601 
10992 5704 5705 5601 
10993 5601 5705 5602 
10994 5705 5706 5602 
10995 5602 5706 5603 
10996 5706 5707 5603 
10997 5603 5707 5604 
10998 5707 5708 5604 
10999 5604 5708 5605 
11000 5708 5709 5605 
11001 5605 5709 5606 
11002 5709 5710 5606 
11003 5606 5710 5607 
11004 5710 5711 5607 
11005 5607 5711 5608 
11006 5711 5712 5608 
11007 5608 5712 5609 
11008 5712 5713 5609 
11009 5609 5713 5610 
11010 5713 5714 5610 
11011 5610 5714 5611 
11012 5714 5715 5611 
11013 5611 5715 5612 
11014 5715 5716 5612 
11015 5612 5716 5613 
11016 5716 5717 5613 
11017 5613 5717 5614 
11018 5717 5718 5614 
11019 5614 5718 5615 
11020 5718 5719 5615 
11021 5615 5719 5616 
11022 5719 5720 5616 
11023 5616 5720 5514 
11024 5720 5618 5514 
11025 5618 5722 5721 
11026 5618 5721 5617 
11027 5617 5721 5723 
11028 5617 5723 5619 
11029 5619 5723 5724 
11030 5619 5724 5620 
11031 5620 5724 5725 
11032 5620 5725 5621 
11033 5621 5725 5726 
11034 5621 5726 5622 
11035 5622 5726 5727 
11036 5622 5727 5623 
11037 5623 5727 5728 
11038 5623 5728 5624 
11039 5624 5728 5729 
11040 5624 5729 5625 
11041 5625 5729 5730 
11042 5625 5730 5626 
11043 5626 5730 5731 
11044 5626 5731 5627 
11045 5627 5731 5732 
11046 5627 5732 5628 
11047 5628 5732 5733 
11048 5628 5733 5629 
11049 5629 5733 5734 
11050 5629 5734 5630 
11051 5630 5734 5735 
11052 5630 5735 5631 
11053 5631 5735 5736 
11054 5631 5736 5632 
11055 5632 5736 5737 
11056 5632 5737 5633 
11057 5633 5737 5738 
11058 5633 5738 5634 
11059 5634 5738 5739 
11060 5634 5739 5635 
11061 5635 5739 5740 
11062 5635 5740 5636 
11063 5636 5740 5741 
11064 5636 5741 5637 
11065 5637 5741 5742 
11066 5637 5742 5638 
11067 5638 5742 5743 
11068 5638 5743 5639 
11069 5639 5743 5744 
11070 5639 5744 5640 
11071 5640 5744 5745 
11072 5640 5745 5641 
11073 5641 5745 5746 
11074 5641 5746 5642 
11075 5642 5746 5747 
11076 5642 5747 5643 
11077 5643 5747 5644 
11078 5747 5748 5644 
11079 5644 5748 5645 
11080 5748 5749 5645 
11081 5645 5749 5646 
11082 5749 5750 5646 
11083 5646 5750 5647 
11084 5750 5751 5647 
11085 5647 5751 5648 
11086 5751 5752 5648 
11087 5648 5752 5649 
11088 5752 5753 5649 
11089 5649 5753 5650 
11090 5753 5754 5650 
11091 5650 5754 5651 
11092 5754 5755 5651 
11093 5651 5755 5652 
11094 5755 5756 5652 
11095 5652 5756 5653 
11096 5756 5757 5653 
11097 5653 5757 5654 
11098 5757 5758 5654 
11099 5654 5758 5655 
11100 5758 5759 5655 
11101 5655 5759 5656 
11102 5759 5760 5656 
11103 5656 5760 5657 
11104 5760 5761 5657 
11105 5657 5761 5658 
11106 5761 5762 5658 
11107 5658 5762 5659 
11108 5762 5763 5659 
11109 5659 5763 5660 
11110 5763 5764 5660 
11111 5660 5764 5661 
11112 5764 5765 5661 
11113 5661 5765 5662 
11114 5765 5766 5662 
11115 5662 5766 5663 
11116 5766 5767 5663 
11117 5663 5767 5664 
11118 5767 5768 5664 
11119 5664 5768 5665 
11120 5768 5769 5665 
11121 5665 5769 5666 
11122 5769 5770 5666 
11123 5666 5770 5667 
11124 5770 5771 5667 
11125 5667 5771 5668 
11126 5771 5772 5668 
11127 5668 5772 5669 
11128 5772 5773 5669 
11129 5669 5773 5774 
11130 5669 5774 5670 
11131 5670 5774 5775 
11132 5670 5775 5671 
11133 5671 5775 5776 
11134 5671 5776 5672 
11135 5672 5776 5777 
11136 5672 5777 5673 
11137 5673 5777 5778 
11138 5673 5778 5674 
11139 5674 5778 5779 
11140 5674 5779 5675 
11141 5675 5779 5780 
11142 5675 5780 5676 
11143 5676 5780 5781 
11144 5676 5781 5677 
11145 5677 5781 5782 
11146 5677 5782 5678 
11147 5678 5782 5783 
11148 5678 5783 5679 
11149 5679 5783 5784 
11150 5679 5784 5680 
11151 5680 5784 5785 
11152 5680 5785 5681 
11153 5681 5785 5786 
11154 5681 5786 5682 
11155 5682 5786 5787 
11156 5682 5787 5683 
11157 5683 5787 5788 
11158 5683 5788 5684 
11159 5684 5788 5789 
11160 5684 5789 5685 
11161 5685 5789 5790 
11162 5685 5790 5686 
11163 5686 5790 5791 
11164 5686 5791 5687 
11165 5687 5791 5792 
11166 5687 5792 5688 
11167 5688 5792 5793 
11168 5688 5793 5689 
11169 5689 5793 5794 
11170 5689 5794 5690 
11171 5690 5794 5795 
11172 5690 5795 5691 
11173 5691 5795 5796 
11174 5691 5796 5692 
11175 5692 5796 5797 
11176 5692 5797 5693 
11177 5693 5797 5798 
11178 5693 5798 5694 
11179 5694 5798 5799 
11180 5694 5799 5695 
11181 5695 5799 5696 
11182 5799 5800 5696 
11183 5696 5800 5697 
11184 5800 5801 5697 
11185 5697 5801 5698 
11186 5801 5802 5698 
11187 5698 5802 5699 
11188 5802 5803 5699 
11189 5699 5803 5700 
11190 5803 5804 5700 
11191 5700 5804 5701 
11192 5804 5805 5701 
11193 5701 5805 5702 
11194 5805 5806 5702 
11195 5702 5806 5703 
11196 5806 5807 5703 
11197 5703 5807 5704 
11198 5807 5808 5704 
11199 5704 5808 5705 
11200 5808 5809 5705 
11201 5705 5809 5706 
11202 5809 5810 5706 
11203 5706 5810 5707 
11204 5810 5811 5707 
11205 5707 5811 5708 
11206 5811 5812 5708 
11207 5708 5812 5709 
11208 5812 5813 5709 
11209 5709 5813 5710 
11210 5813 5814 5710 
11211 5710 5814 5711 
11212 5814 5815 5711 
11213 5711 5815 5712 
11214 5815 5816 5712 
11215 5712 5816 5713 
11216 5816 5817 5713 
11217 5713 5817 5714 
11218 5817 5818 5714 
11219 5714 5818 5715 
11220 5818 5819 5715 
11221 5715 5819 5716 
11222 5819 5820 5716 
11223 5716 5820 5717 
11224 5820 5821 5717 
11225 5717 5821 5718 
11226 5821 5822 5718 
11227 5718 5822 5719 
11228 5822 5823 5719 
11229 5719 5823 5720 
11230 5823 5824 5720 
11231 5720 5824 5618 
11232 5824 5722 5618 
11233 5722 5826 5825 
11234 5722 5825 5721 
11235 5721 5825 5827 
11236 5721 5827 5723 
11237 5723 5827 5828 
11238 5723 5828 5724 
11239 5724 5828 5829 
11240 5724 5829 5725 
11241 5725 5829 5830 
11242 5725 5830 5726 
11243 5726 5830 5831 
11244 5726 5831 5727 
11245 5727 5831 5832 
11246 5727 5832 5728 
11247 5728 5832 5833 
11248 5728 5833 5729 
11249 5729 5833 5834 
11250 5729 5834 5730 
11251 5730 5834 5835 
11252 5730 5835 5731 
11253 5731 5835 5836 
11254 5731 5836 5732 
11255 5732 5836 5837 
11256 5732 5837 5733 
11257 5733 5837 5838 
11258 5733 5838 5734 
11259 5734 5838 5839 
11260 5734 5839 5735 
11261 5735 5839 5840 
11262 5735 5840 5736 
11263 5736 5840 5841 
11264 5736 5841 5737 
11265 5737 5841 5842 
11266 5737 5842 5738 
11267 5738 5842 5843 
11268 5738 5843 5739 
11269 5739 5843 5844 
11270 5739 5844 5740 
11271 5740 5844 5845 
11272 5740 5845 5741 
11273 5741 5845 5846 
11274 5741 5846 5742 
11275 5742 5846 5847 
11276 5742 5847 5743 
11277 5743 5847 5848 
11278 5743 5848 5744 
11279 5744 5848 5849 
11280 5744 5849 5745 
11281 5745 5849 5850 
11282 5745 5850 5746 
11283 5746 5850 5851 
11284 5746 5851 5747 
11285 5747 5851 5748 
11286 5851 5852 5748 
11287 5748 5852 5749 
11288 5852 5853 5749 
11289 5749 5853 5750 
11290 5853 5854 5750 
11291 5750 5854 5751 
11292 5854 5855 5751 
11293 5751 5855 5752 
11294 5855 5856 5752 
11295 5752 5856 5753 
11296 5856 5857 5753 
11297 5753 5857 5754 
11298 5857 5858 5754 
11299 5754 5858 5755 
11300 5858 5859 5755 
11301 5755 5859 5756 
11302 5859 5860 5756 
11303 5756 5860 5757 
11304 5860 5861 5757 
11305 5757 5861 5758 
11306 5861 5862 5758 
11307 5758 5862 5759 
11308 5862 5863 5759 
11309 5759 5863 5760 
11310 5863 5864 5760 
11311 5760 5864 5761 
11312 5864 5865 5761 
11313 5761 5865 5762 
11314 5865 5866 5762 
11315 5762 5866 5763 
11316 5866 5867 5763 
11317 5763 5867 5764 
11318 5867 5868 5764 
11319 5764 5868 5765 
11320 5868 5869 5765 
11321 5765 5869 5766 
11322 5869 5870 5766 
11323 5766 5870 5767 
11324 5870 5871 5767 
11325 5767 5871 5768 
11326 5871 5872 5768 
11327 5768 5872 5769 
11328 5872 5873 5769 
11329 5769 5873 5770 
11330 5873 5874 5770 
11331 5770 5874 5771 
11332 5874 5875 5771 
11333 5771 5875 5772 
11334 5875 5876 5772 
11335 5772 5876 5773 
11336 5876 5877 5773 
11337 5773 5877 5878 
11338 5773 5878 5774 
11339 5774 5878 5879 
11340 5774 5879 5775 
11341 5775 5879 5880 
11342 5775 5880 5776 
11343 5776 5880 5881 
11344 5776 5881 5777 
11345 5777 5881 5882 
11346 5777 5882 5778 
11347 5778 5882 5883 
11348 5778 5883 5779 
11349 5779 5883 5884 
11350 5779 5884 5780 
11351 5780 5884 5885 
11352 5780 5885 5781 
11353 5781 5885 5886 
11354 5781 5886 5782 
11355 5782 5886 5887 
11356 5782 5887 5783 
11357 5783 5887 5888 
11358 5783 5888 5784 
11359 5784 5888 5889 
11360 5784 5889 5785 
11361 5785 5889 5890 
11362 5785 5890 5786 
11363 5786 5890 5891 
11364 5786 5891 5787 
11365 5787 5891 5892 
11366 5787 5892 5788 
11367 5788 5892 5893 
11368 5788 5893 5789 
11369 5789 5893 5894 
11370 5789 5894 5790 
11371 5790 5894 5895 
11372 5790 5895 5791 
11373 5791 5895 5896 
11374 5791 5896 5792 
11375 5792 5896 5897 
11376 5792 5897 5793 
11377 5793 5897 5898 
11378 5793 5898 5794 
11379 5794 5898 5899 
11380 5794 5899 5795 
11381 5795 5899 5900 
11382 5795 5900 5796 
11383 5796 5900 5901 
11384 5796 5901 5797 
11385 5797 5901 5902 
11386 5797 5902 5798 
11387 5798 5902 5903 
11388 5798 5903 5799 
11389 5799 5903 5800 
11390 5903 5904 5800 
11391 5800 5904 5801 
11392 5904 5905 5801 
11393 5801 5905 5802 
11394 5905 5906 5802 
11395 5802 5906 5803 
11396 5906 5907 5803 
11397 5803 5907 5804 
11398 5907 5908 5804 
11399 5804 5908 5805 
11400 5908 5909 5805 
11401 5805 5909 5806 
11402 5909 5910 5806 
11403 5806 5910 5807 
11404 5910 5911 5807 
11405 5807 5911 5808 
11406 5911 5912 5808 
11407 5808 5912 5809 
11408 5912 5913 5809 
11409 5809 5913 5810 
11410 5913 5914 5810 
11411 5810 5914 5811 
11412 5914 5915 5811 
11413 5811 5915 5812 
11414 5915 5916 5812 
11415 5812 5916 5813 
11416 5916 5917 5813 
11417 5813 5917 5814 
11418 5917 5918 5814 
11419 5814 5918 5815 
11420 5918 5919 5815 
11421 5815 5919 5816 
11422 5919 5920 5816 
11423 5816 5920 5817 
11424 5920 5921 5817 
11425 5817 5921 5818 
11426 5921 5922 5818 
11427 5818 5922 5819 
11428 5922 5923 5819 
11429 5819 5923 5820 
11430 5923 5924 5820 
11431 5820 5924 5821 
11432 5924 5925 5821 
11433 5821 5925 5822 
11434 5925 5926 5822 
11435 5822 5926 5823 
11436 5926 5927 5823 
11437 5823 5927 5824 
11438 5927 5928 5824 
11439 5824 5928 5722 
11440 5928 5826 5722 
11441 5826 5930 5929 
11442 5826 5929 5825 
11443 5825 5929 5931 
11444 5825 5931 5827 
11445 5827 5931 5932 
11446 5827 5932 5828 
11447 5828 5932 5933 
11448 5828 5933 5829 
11449 5829 5933 5934 
11450 5829 5934 5830 
11451 5830 5934 5935 
11452 5830 5935 5831 
11453 5831 5935 5936 
11454 5831 5936 5832 
11455 5832 5936 5937 
11456 5832 5937 5833 
11457 5833 5937 5938 
11458 5833 5938 5834 
11459 5834 5938 5939 
11460 5834 5939 5835 
11461 5835 5939 5940 
11462 5835 5940 5836 
11463 5836 5940 5941 
11464 5836 5941 5837 
11465 5837 5941 5942 
11466 5837 5942 5838 
11467 5838 5942 5943 
11468 5838 5943 5839 
11469 5839 5943 5944 
11470 5839 5944 5840 
11471 5840 5944 5945 
11472 5840 5945 5841 
11473 5841 5945 5946 
11474 5841 5946 5842 
11475 5842 5946 5947 
11476 5842 5947 5843 
11477 5843 5947 5948 
11478 5843 5948 5844 
11479 5844 5948 5949 
11480 5844 5949 5845 
11481 5845 5949 5950 
11482 5845 5950 5846 
11483 5846 5950 5951 
11484 5846 5951 5847 
11485 5847 5951 5952 
11486 5847 5952 5848 
11487 5848 5952 5953 
11488 5848 5953 5849 
11489 5849 5953 5954 
11490 5849 5954 5850 
11491 5850 5954 5955 
11492 5850 5955 5851 
11493 5851 5955 5852 
11494 5955 5956 5852 
11495 5852 5956 5853 
11496 5956 5957 5853 
11497 5853 5957 5854 
11498 5957 5958 5854 
11499 5854 5958 5855 
11500 5958 5959 5855 
11501 5855 5959 5856 
11502 5959 5960 5856 
11503 5856 5960 5857 
11504 5960 5961 5857 
11505 5857 5961 5858 
11506 5961 5962 5858 
11507 5858 5962 5859 
11508 5962 5963 5859 
11509 5859 5963 5860 
11510 5963 5964 5860 
11511 5860 5964 5861 
11512 5964 5965 5861 
11513 5861 5965 5862 
11514 5965 5966 5862 
11515 5862 5966 5863 
11516 5966 5967 5863 
11517 5863 5967 5864 
11518 5967 5968 5864 
11519 5864 5968 5865 
11520 5968 5969 5865 
11521 5865 5969 5866 
11522 5969 5970 5866 
11523 5866 5970 5867 
11524 5970 5971 5867 
11525 5867 5971 5868 
11526 5971 5972 5868 
11527 5868 5972 5869 
11528 5972 5973 5869 
11529 5869 5973 5870 
11530 5973 5974 5870 
11531 5870 5974 5871 
11532 5974 5975 5871 
11533 5871 5975 5872 
11534 5975 5976 5872 
11535 5872 5976 5873 
11536 5976 5977 5873 
11537 5873 5977 5874 
11538 5977 5978 5874 
11539 5874 5978 5875 
11540 5978 5979 5875 
11541 5875 5979 5876 
11542 5979 5980 5876 
11543 5876 5980 5877 
11544 5980 5981 5877 
11545 5877 5981 5982 
11546 5877 5982 5878 
11547 5878 5982 5983 
11548 5878 5983 5879 
11549 5879 5983 5984 
11550 5879 5984 5880 
11551 5880 5984 5985 
11552 5880 5985 5881 
11553 5881 5985 5986 
11554 5881 5986 5882 
11555 5882 5986 5987 
11556 5882 5987 5883 
11557 5883 5987 5988 
11558 5883 5988 5884 
11559 5884 5988 5989 
11560 5884 5989 5885 
11561 5885 5989 5990 
11562 5885 5990 5886 
11563 5886 5990 5991 
11564 5886 5991 5887 
11565 5887 5991 5992 
11566 5887 5992 5888 
11567 5888 5992 5993 
11568 5888 5993 5889 
11569 5889 5993 5994 
11570 5889 5994 5890 
11571 5890 5994 5995 
11572 5890 5995 5891 
11573 5891 5995 5996 
11574 5891 5996 5892 
11575 5892 5996 5997 
11576 5892 5997 5893 
11577 5893 5997 5998 
11578 5893 5998 5894 
11579 5894 5998 5999 
11580 5894 5999 5895 
11581 5895 5999 6000 
11582 5895 6000 5896 
11583 5896 6000 6001 
11584 5896 6001 5897 
11585 5897 6001 6002 
11586 5897 6002 5898 
11587 5898 6002 6003 
11588 5898 6003 5899 
11589 5899 6003 6004 
11590 5899 6004 5900 
11591 5900 6004 6005 
11592 5900 6005 5901 
11593 5901 6005 6006 
11594 5901 6006 5902 
11595 5902 6006 6007 
11596 5902 6007 5903 
11597 5903 6007 5904 
11598 6007 6008 5904 
11599 5904 6008 5905 
11600 6008 6009 5905 
11601 5905 6009 5906 
11602 6009 6010 5906 
11603 5906 6010 5907 
11604 6010 6011 5907 
11605 5907 6011 5908 
11606 6011 6012 5908 
11607 5908 6012 5909 
11608 6012 6013 5909 
11609 5909 6013 5910 
11610 6013 6014 5910 
11611 5910 6014 5911 
11612 6014 6015 5911 
11613 5911 6015 5912 
11614 6015 6016 5912 
11615 5912 6016 5913 
11616 6016 6017 5913 
11617 5913 6017 5914 
11618 6017 6018 5914 
11619 5914 6018 5915 
11620 6018 6019 5915 
11621 5915 6019 5916 
11622 6019 6020 5916 
11623 5916 6020 5917 
11624 6020 6021 5917 
11625 5917 6021 5918 
11626 6021 6022 5918 
11627 5918 6022 5919 
11628 6022 6023 5919 
11629 5919 6023 5920 
11630 6023 6024 5920 
11631 5920 6024 5921 
11632 6024 6025 5921 
11633 5921 6025 5922 
11634 6025 6026 5922 
11635 5922 6026 5923 
11636 6026 6027 5923 
11637 5923 6027 5924 
11638 6027 6028 5924 
11639 5924 6028 5925 
11640 6028 6029 5925 
11641 5925 6029 5926 
11642 6029 6030 5926 
11643 5926 6030 5927 
11644 6030 6031 5927 
11645 5927 6031 5928 
11646 6031 6032 5928 
11647 5928 6032 5826 
11648 6032 5930 5826 
11649 5930 6034 6033 
11650 5930 6033 5929 
11651 5929 6033 6035 
11652 5929 6035 5931 
11653 5931 6035 6036 
11654 5931 6036 5932 
11655 5932 6036 6037 
11656 5932 6037 5933 
11657 5933 6037 6038 
11658 5933 6038 5934 
11659 5934 6038 6039 
11660 5934 6039 5935 
11661 5935 6039 6040 
11662 5935 6040 5936 
11663 5936 6040 6041 
11664 5936 6041 5937 
11665 5937 6041 6042 
11666 5937 6042 5938 
11667 5938 6042 6043 
11668 5938 6043 5939 
11669 5939 6043 6044 
11670 5939 6044 5940 
11671 5940 6044 6045 
11672 5940 6045 5941 
11673 5941 6045 6046 
11674 5941 6046 5942 
11675 5942 6046 6047 
11676 5942 6047 5943 
11677 5943 6047 6048 
11678 5943 6048 5944 
11679 5944 6048 6049 
11680 5944 6049 5945 
11681 5945 6049 6050 
11682 5945 6050 5946 
11683 5946 6050 6051 
11684 5946 6051 5947 
11685 5947 6051 6052 
11686 5947 6052 5948 
11687 5948 6052 6053 
11688 5948 6053 5949 
11689 5949 6053 6054 
11690 5949 6054 5950 
11691 5950 6054 6055 
11692 5950 6055 5951 
11693 5951 6055 6056 
11694 5951 6056 5952 
11695 5952 6056 6057 
11696 5952 6057 5953 
11697 5953 6057 6058 
11698 5953 6058 5954 
11699 5954 6058 6059 
11700 5954 6059 5955 
11701 5955 6059 5956 
11702 6059 6060 5956 
11703 5956 6060 5957 
11704 6060 6061 5957 
11705 5957 6061 5958 
11706 6061 6062 5958 
11707 5958 6062 5959 
11708 6062 6063 5959 
11709 5959 6063 5960 
11710 6063 6064 5960 
11711 5960 6064 5961 
11712 6064 6065 5961 
11713 5961 6065 5962 
11714 6065 6066 5962 
11715 5962 6066 5963 
11716 6066 6067 5963 
11717 5963 6067 5964 
11718 6067 6068 5964 
11719 5964 6068 5965 
11720 6068 6069 5965 
11721 5965 6069 5966 
11722 6069 6070 5966 
11723 5966 6070 5967 
11724 6070 6071 5967 
11725 5967 6071 5968 
11726 6071 6072 5968 
11727 5968 6072 5969 
11728 6072 6073 5969 
11729 5969 6073 5970 
11730 6073 6074 5970 
11731 5970 6074 5971 
11732 6074 6075 5971 
11733 5971 6075 5972 
11734 6075 6076 5972 
11735 5972 6076 5973 
11736 6076 6077 5973 
11737 5973 6077 5974 
11738 6077 6078 5974 
11739 5974 6078 5975 
11740 6078 6079 5975 
11741 5975 6079 5976 
11742 6079 6080 5976 
11743 5976 6080 5977 
11744 6080 6081 5977 
11745 5977 6081 5978 
11746 6081 6082 5978 
11747 5978 6082 5979 
11748 6082 6083 5979 
11749 5979 6083 5980 
11750 6083 6084 5980 
11751 5980 6084 5981 
11752 6084 6085 5981 
11753 5981 6085 6086 
11754 5981 6086 5982 
11755 5982 6086 6087 
11756 5982 6087 5983 
11757 5983 6087 6088 
11758 5983 6088 5984 
11759 5984 6088 6089 
11760 5984 6089 5985 
11761 5985 6089 6090 
11762 5985 6090 5986 
11763 5986 6090 6091 
11764 5986 6091 5987 
11765 5987 6091 6092 
11766 5987 6092 5988 
11767 5988 6092 6093 
11768 5988 6093 5989 
11769 5989 6093 6094 
11770 5989 6094 5990 
11771 5990 6094 6095 
11772 5990 6095 5991 
11773 5991 6095 6096 
11774 5991 6096 5992 
11775 5992 6096 6097 
11776 5992 6097 5993 
11777 5993 6097 6098 
11778 5993 6098 5994 
11779 5994 6098 6099 
11780 5994 6099 5995 
11781 5995 6099 6100 
11782 5995 6100 5996 
11783 5996 6100 6101 
11784 5996 6101 5997 
11785 5997 6101 6102 
11786 5997 6102 5998 
11787 5998 6102 6103 
11788 5998 6103 5999 
11789 5999 6103 6104 
11790 5999 6104 6000 
11791 6000 6104 6105 
11792 6000 6105 6001 
11793 6001 6105 6106 
11794 6001 6106 6002 
11795 6002 6106 6107 
11796 6002 6107 6003 
11797 6003 6107 6108 
11798 6003 6108 6004 
11799 6004 6108 6109 
11800 6004 6109 6005 
11801 6005 6109 6110 
11802 6005 6110 6006 
11803 6006 6110 6111 
11804 6006 6111 6007 
11805 6007 6111 6008 
11806 6111 6112 6008 
11807 6008 6112 6009 
11808 6112 6113 6009 
11809 6009 6113 6010 
11810 6113 6114 6010 
11811 6010 6114 6011 
11812 6114 6115 6011 
11813 6011 6115 6012 
11814 6115 6116 6012 
11815 6012 6116 6013 
11816 6116 6117 6013 
11817 6013 6117 6014 
11818 6117 6118 6014 
11819 6014 6118 6015 
11820 6118 6119 6015 
11821 6015 6119 6016 
11822 6119 6120 6016 
11823 6016 6120 6017 
11824 6120 6121 6017 
11825 6017 6121 6018 
11826 6121 6122 6018 
11827 6018 6122 6019 
11828 6122 6123 6019 
11829 6019 6123 6020 
11830 6123 6124 6020 
11831 6020 6124 6021 
11832 6124 6125 6021 
11833 6021 6125 6022 
11834 6125 6126 6022 
11835 6022 6126 6023 
11836 6126 6127 6023 
11837 6023 6127 6024 
11838 6127 6128 6024 
11839 6024 6128 6025 
11840 6128 6129 6025 
11841 6025 6129 6026 
11842 6129 6130 6026 
11843 6026 6130 6027 
11844 6130 6131 6027 
11845 6027 6131 6028 
11846 6131 6132 6028 
11847 6028 6132 6029 
11848 6132 6133 6029 
11849 6029 6133 6030 
11850 6133 6134 6030 
11851 6030 6134 6031 
11852 6134 6135 6031 
11853 6031 6135 6032 
11854 6135 6136 6032 
11855 6032 6136 5930 
11856 6136 6034 5930 
11857 6034 6138 6137 
11858 6034 6137 6033 
11859 6033 6137 6139 
11860 6033 6139 6035 
11861 6035 6139 6140 
11862 6035 6140 6036 
11863 6036 6140 6141 
11864 6036 6141 6037 
11865 6037 6141 6142 
11866 6037 6142 6038 
11867 6038 6142 6143 
11868 6038 6143 6039 
11869 6039 6143 6144 
11870 6039 6144 6040 
11871 6040 6144 6145 
11872 6040 6145 6041 
11873 6041 6145 6146 
11874 6041 6146 6042 
11875 6042 6146 6147 
11876 6042 6147 6043 
11877 6043 6147 6148 
11878 6043 6148 6044 
11879 6044 6148 6149 
11880 6044 6149 6045 
11881 6045 6149 6150 
11882 6045 6150 6046 
11883 6046 6150 6151 
11884 6046 6151 6047 
11885 6047 6151 6152 
11886 6047 6152 6048 
11887 6048 6152 6153 
11888 6048 6153 6049 
11889 6049 6153 6154 
11890 6049 6154 6050 
11891 6050 6154 6155 
11892 6050 6155 6051 
11893 6051 6155 6156 
11894 6051 6156 6052 
11895 6052 6156 6157 
11896 6052 6157 6053 
11897 6053 6157 6158 
11898 6053 6158 6054 
11899 6054 6158 6159 
11900 6054 6159 6055 
11901 6055 6159 6160 
11902 6055 6160 6056 
11903 6056 6160 6161 
11904 6056 6161 6057 
11905 6057 6161 6162 
11906 6057 6162 6058 
11907 6058 6162 6163 
11908 6058 6163 6059 
11909 6059 6163 6060 
11910 6163 6164 6060 
11911 6060 6164 6061 
11912 6164 6165 6061 
11913 6061 6165 6062 
11914 6165 6166 6062 
11915 6062 6166 6063 
11916 6166 6167 6063 
11917 6063 6167 6064 
11918 6167 6168 6064 
11919 6064 6168 6065 
11920 6168 6169 6065 
11921 6065 6169 6066 
11922 6169 6170 6066 
11923 6066 6170 6067 
11924 6170 6171 6067 
11925 6067 6171 6068 
11926 6171 6172 6068 
11927 6068 6172 6069 
11928 6172 6173 6069 
11929 6069 6173 6070 
11930 6173 6174 6070 
11931 6070 6174 6071 
11932 6174 6175 6071 
11933 6071 6175 6072 
11934 6175 6176 6072 
11935 6072 6176 6073 
11936 6176 6177 6073 
11937 6073 6177 6074 
11938 6177 6178 6074 
11939 6074 6178 6075 
11940 6178 6179 6075 
11941 6075 6179 6076 
11942 6179 6180 6076 
11943 6076 6180 6077 
11944 6180 6181 6077 
11945 6077 6181 6078 
11946 6181 6182 6078 
11947 6078 6182 6079 
11948 6182 6183 6079 
11949 6079 6183 6080 
11950 6183 6184 6080 
11951 6080 6184 6081 
11952 6184 6185 6081 
11953 6081 6185 6082 
11954 6185 6186 6082 
11955 6082 6186 6083 
11956 6186 6187 6083 
11957 6083 6187 6084 
11958 6187 6188 6084 
11959 6084 6188 6085 
11960 6188 6189 6085 
11961 6085 6189 6190 
11962 6085 6190 6086 
11963 6086 6190 6191 
11964 6086 6191 6087 
11965 6087 6191 6192 
11966 6087 6192 6088 
11967 6088 6192 6193 
11968 6088 6193 6089 
11969 6089 6193 6194 
11970 6089 6194 6090 
11971 6090 6194 6195 
11972 6090 6195 6091 
11973 6091 6195 6196 
11974 6091 6196 6092 
11975 6092 6196 6197 
11976 6092 6197 6093 
11977 6093 6197 6198 
11978 6093 6198 6094 
11979 6094 6198 6199 
11980 6094 6199 6095 
11981 6095 6199 6200 
11982 6095 6200 6096 
11983 6096 6200 6201 
11984 6096 6201 6097 
11985 6097 6201 6202 
11986 6097 6202 6098 
11987 6098 6202 6203 
11988 6098 6203 6099 
11989 6099 6203 6204 
11990 6099 6204 6100 
11991 6100 6204 6205 
11992 6100 6205 6101 
11993 6101 6205 6206 
11994 6101 6206 6102 
11995 6102 6206 6207 
11996 6102 6207 6103 
11997 6103 6207 6208 
11998 6103 6208 6104 
11999 6104 6208 6209 
12000 6104 6209 6105 
12001 6105 6209 6210 
12002 6105 6210 6106 
12003 6106 6210 6211 
12004 6106 6211 6107 
12005 6107 6211 6212 
12006 6107 6212 6108 
12007 6108 6212 6213 
12008 6108 6213 6109 
12009 6109 6213 6214 
12010 6109 6214 6110 
12011 6110 6214 6215 
12012 6110 6215 6111 
12013 6111 6215 6112 
12014 6215 6216 6112 
12015 6112 6216 6113 
12016 6216 6217 6113 
12017 6113 6217 6114 
12018 6217 6218 6114 
12019 6114 6218 6115 
12020 6218 6219 6115 
12021 6115 6219 6116 
12022 6219 6220 6116 
12023 6116 6220 6117 
12024 6220 6221 6117 
12025 6117 6221 6118 
12026 6221 6222 6118 
12027 6118 6222 6119 
12028 6222 6223 6119 
12029 6119 6223 6120 
12030 6223 6224 6120 
12031 6120 6224 6121 
12032 6224 6225 6121 
12033 6121 6225 6122 
12034 6225 6226 6122 
12035 6122 6226 6123 
12036 6226 6227 6123 
12037 6123 6227 6124 
12038 6227 6228 6124 
12039 6124 6228 6125 
12040 6228 6229 6125 
12041 6125 6229 6126 
12042 6229 6230 6126 
12043 6126 6230 6127 
12044 6230 6231 6127 
12045 6127 6231 6128 
12046 6231 6232 6128 
12047 6128 6232 6129 
12048 6232 6233 6129 
12049 6129 6233 6130 
12050 6233 6234 6130 
12051 6130 6234 6131 
12052 6234 6235 6131 
12053 6131 6235 6132 
12054 6235 6236 6132 
12055 6132 6236 6133 
12056 6236 6237 6133 
12057 6133 6237 6134 
12058 6237 6238 6134 
12059 6134 6238 6135 
12060 6238 6239 6135 
12061 6135 6239 6136 
12062 6239 6240 6136 
12063 6136 6240 6034 
12064 6240 6138 6034 
12065 6138 6242 6241 
12066 6138 6241 6137 
12067 6137 6241 6243 
12068 6137 6243 6139 
12069 6139 6243 6244 
12070 6139 6244 6140 
12071 6140 6244 6245 
12072 6140 6245 6141 
12073 6141 6245 6246 
12074 6141 6246 6142 
12075 6142 6246 6247 
12076 6142 6247 6143 
12077 6143 6247 6248 
12078 6143 6248 6144 
12079 6144 6248 6249 
12080 6144 6249 6145 
12081 6145 6249 6250 
12082 6145 6250 6146 
12083 6146 6250 6251 
12084 6146 6251 6147 
12085 6147 6251 6252 
12086 6147 6252 6148 
12087 6148 6252 6253 
12088 6148 6253 6149 
12089 6149 6253 6254 
12090 6149 6254 6150 
12091 6150 6254 6255 
12092 6150 6255 6151 
12093 6151 6255 6256 
12094 6151 6256 6152 
12095 6152 6256 6257 
12096 6152 6257 6153 
12097 6153 6257 6258 
12098 6153 6258 6154 
12099 6154 6258 6259 
12100 6154 6259 6155 
12101 6155 6259 6260 
12102 6155 6260 6156 
12103 6156 6260 6261 
12104 6156 6261 6157 
12105 6157 6261 6262 
12106 6157 6262 6158 
12107 6158 6262 6263 
12108 6158 6263 6159 
12109 6159 6263 6264 
12110 6159 6264 6160 
12111 6160 6264 6265 
12112 6160 6265 6161 
12113 6161 6265 6266 
12114 6161 6266 6162 
12115 6162 6266 6267 
12116 6162 6267 6163 
12117 6163 6267 6164 
12118 6267 6268 6164 
12119 6164 6268 6165 
12120 6268 6269 6165 
12121 6165 6269 6166 
12122 6269 6270 6166 
12123 6166 6270 6167 
12124 6270 6271 6167 
12125 6167 6271 6168 
12126 6271 6272 6168 
12127 6168 6272 6169 
12128 6272 6273 6169 
12129 6169 6273 6170 
12130 6273 6274 6170 
12131 6170 6274 6171 
12132 6274 6275 6171 
12133 6171 6275 6172 
12134 6275 6276 6172 
12135 6172 6276 6173 
12136 6276 6277 6173 
12137 6173 6277 6174 
12138 6277 6278 6174 
12139 6174 6278 6175 
12140 6278 6279 6175 
12141 6175 6279 6176 
12142 6279 6280 6176 
12143 6176 6280 6177 
12144 6280 6281 6177 
12145 6177 6281 6178 
12146 6281 6282 6178 
12147 6178 6282 6179 
12148 6282 6283 6179 
12149 6179 6283 6180 
12150 6283 6284 6180 
12151 6180 6284 6181 
12152 6284 6285 6181 
12153 6181 6285 6182 
12154 6285 6286 6182 
12155 6182 6286 6183 
12156 6286 6287 6183 
12157 6183 6287 6184 
12158 6287 6288 6184 
12159 6184 6288 6185 
12160 6288 6289 6185 
12161 6185 6289 6186 
12162 6289 6290 6186 
12163 6186 6290 6187 
12164 6290 6291 6187 
12165 6187 6291 6188 
12166 6291 6292 6188 
12167 6188 6292 6189 
12168 6292 6293 6189 
12169 6189 6293 6294 
12170 6189 6294 6190 
12171 6190 6294 6295 
12172 6190 6295 6191 
12173 6191 6295 6296 
12174 6191 6296 6192 
12175 6192 6296 6297 
12176 6192 6297 6193 
12177 6193 6297 6298 
12178 6193 6298 6194 
12179 6194 6298 6299 
12180 6194 6299 6195 
12181 6195 6299 6300 
12182 6195 6300 6196 
12183 6196 6300 6301 
12184 6196 6301 6197 
12185 6197 6301 6302 
12186 6197 6302 6198 
12187 6198 6302 6303 
12188 6198 6303 6199 
12189 6199 6303 6304 
12190 6199 6304 6200 
12191 6200 6304 6305 
12192 6200 6305 6201 
12193 6201 6305 6306 
12194 6201 6306 6202 
12195 6202 6306 6307 
12196 6202 6307 6203 
12197 6203 6307 6308 
12198 6203 6308 6204 
12199 6204 6308 6309 
12200 6204 6309 6205 
12201 6205 6309 6310 
12202 6205 6310 6206 
12203 6206 6310 6311 
12204 6206 6311 6207 
12205 6207 6311 6312 
12206 6207 6312 6208 
12207 6208 6312 6313 
12208 6208 6313 6209 
12209 6209 6313 6314 
12210 6209 6314 6210 
12211 6210 6314 6315 
12212 6210 6315 6211 
12213 6211 6315 6316 
12214 6211 6316 6212 
12215 6212 6316 6317 
12216 6212 6317 6213 
12217 6213 6317 6318 
12218 6213 6318 6214 
12219 6214 6318 6319 
12220 6214 6319 6215 
12221 6215 6319 6216 
12222 6319 6320 6216 
12223 6216 6320 6217 
12224 6320 6321 6217 
12225 6217 6321 6218 
12226 6321 6322 6218 
12227 6218 6322 6219 
12228 6322 6323 6219 
12229 6219 6323 6220 
12230 6323 6324 6220 
12231 6220 6324 6221 
12232 6324 6325 6221 
12233 6221 6325 6222 
12234 6325 6326 6222 
12235 6222 6326 6223 
12236 6326 6327 6223 
12237 6223 6327 6224 
12238 6327 6328 6224 
12239 6224 6328 6225 
12240 6328 6329 6225 
12241 6225 6329 6226 
12242 6329 6330 6226 
12243 6226 6330 6227 
12244 6330 6331 6227 
12245 6227 6331 6228 
12246 6331 6332 6228 
12247 6228 6332 6229 
12248 6332 6333 6229 
12249 6229 6333 6230 
12250 6333 6334 6230 
12251 6230 6334 6231 
12252 6334 6335 6231 
12253 6231 6335 6232 
12254 6335 6336 6232 
12255 6232 6336 6233 
12256 6336 6337 6233 
12257 6233 6337 6234 
12258 6337 6338 6234 
12259 6234 6338 6235 
12260 6338 6339 6235 
12261 6235 6339 6236 
12262 6339 6340 6236 
12263 6236 6340 6237 
12264 6340 6341 6237 
12265 6237 6341 6238 
12266 6341 6342 6238 
12267 6238 6342 6239 
12268 6342 6343 6239 
12269 6239 6343 6240 
12270 6343 6344 6240 
12271 6240 6344 6138 
12272 6344 6242 6138 
12273 6242 6346 6345 
12274 6242 6345 6241 
12275 6241 6345 6347 
12276 6241 6347 6243 
12277 6243 6347 6348 
12278 6243 6348 6244 
12279 6244 6348 6349 
12280 6244 6349 6245 
12281 6245 6349 6350 
12282 6245 6350 6246 
12283 6246 6350 6351 
12284 6246 6351 6247 
12285 6247 6351 6352 
12286 6247 6352 6248 
12287 6248 6352 6353 
12288 6248 6353 6249 
12289 6249 6353 6354 
12290 6249 6354 6250 
12291 6250 6354 6355 
12292 6250 6355 6251 
12293 6251 6355 6356 
12294 6251 6356 6252 
12295 6252 6356 6357 
12296 6252 6357 6253 
12297 6253 6357 6358 
12298 6253 6358 6254 
12299 6254 6358 6359 
12300 6254 6359 6255 
12301 6255 6359 6360 
12302 6255 6360 6256 
12303 6256 6360 6361 
12304 6256 6361 6257 
12305 6257 6361 6362 
12306 6257 6362 6258 
12307 6258 6362 6363 
12308 6258 6363 6259 
12309 6259 6363 6364 
12310 6259 6364 6260 
12311 6260 6364 6365 
12312 6260 6365 6261 
12313 6261 6365 6366 
12314 6261 6366 6262 
12315 6262 6366 6367 
12316 6262 6367 6263 
12317 6263 6367 6368 
12318 6263 6368 6264 
12319 6264 6368 6369 
12320 6264 6369 6265 
12321 6265 6369 6370 
12322 6265 6370 6266 
12323 6266 6370 6371 
12324 6266 6371 6267 
12325 6267 6371 6268 
12326 6371 6372 6268 
12327 6268 6372 6269 
12328 6372 6373 6269 
12329 6269 6373 6270 
12330 6373 6374 6270 
12331 6270 6374 6271 
12332 6374 6375 6271 
12333 6271 6375 6272 
12334 6375 6376 6272 
12335 6272 6376 6273 
12336 6376 6377 6273 
12337 6273 6377 6274 
12338 6377 6378 6274 
12339 6274 6378 6275 
12340 6378 6379 6275 
12341 6275 6379 6276 
12342 6379 6380 6276 
12343 6276 6380 6277 
12344 6380 6381 6277 
12345 6277 6381 6278 
12346 6381 6382 6278 
12347 6278 6382 6279 
12348 6382 6383 6279 
12349 6279 6383 6280 
12350 6383 6384 6280 
12351 6280 6384 6281 
12352 6384 6385 6281 
12353 6281 6385 6282 
12354 6385 6386 6282 
12355 6282 6386 6283 
12356 6386 6387 6283 
12357 6283 6387 6284 
12358 6387 6388 6284 
12359 6284 6388 6285 
12360 6388 6389 6285 
12361 6285 6389 6286 
12362 6389 6390 6286 
12363 6286 6390 6287 
12364 6390 6391 6287 
12365 6287 6391 6288 
12366 6391 6392 6288 
12367 6288 6392 6289 
12368 6392 6393 6289 
12369 6289 6393 6290 
12370 6393 6394 6290 
12371 6290 6394 6291 
12372 6394 6395 6291 
12373 6291 6395 6292 
12374 6395 6396 6292 
12375 6292 6396 6293 
12376 6396 6397 6293 
12377 6293 6397 6398 
12378 6293 6398 6294 
12379 6294 6398 6399 
12380 6294 6399 6295 
12381 6295 6399 6400 
12382 6295 6400 6296 
12383 6296 6400 6401 
12384 6296 6401 6297 
12385 6297 6401 6402 
12386 6297 6402 6298 
12387 6298 6402 6403 
12388 6298 6403 6299 
12389 6299 6403 6404 
12390 6299 6404 6300 
12391 6300 6404 6405 
12392 6300 6405 6301 
12393 6301 6405 6406 
12394 6301 6406 6302 
12395 6302 6406 6407 
12396 6302 6407 6303 
12397 6303 6407 6408 
12398 6303 6408 6304 
12399 6304 6408 6409 
12400 6304 6409 6305 
12401 6305 6409 6410 
12402 6305 6410 6306 
12403 6306 6410 6411 
12404 6306 6411 6307 
12405 6307 6411 6412 
12406 6307 6412 6308 
12407 6308 6412 6413 
12408 6308 6413 6309 
12409 6309 6413 6414 
12410 6309 6414 6310 
12411 6310 6414 6415 
12412 6310 6415 6311 
12413 6311 6415 6416 
12414 6311 6416 6312 
12415 6312 6416 6417 
12416 6312 6417 6313 
12417 6313 6417 6418 
12418 6313 6418 6314 
12419 6314 6418 6419 
12420 6314 6419 6315 
12421 6315 6419 6420 
12422 6315 6420 6316 
12423 6316 6420 6421 
12424 6316 6421 6317 
12425 6317 6421 6422 
12426 6317 6422 6318 
12427 6318 6422 6423 
12428 6318 6423 6319 
12429 6319 6423 6320 
12430 6423 6424 6320 
12431 6320 6424 6321 
12432 6424 6425 6321 
12433 6321 6425 6322 
12434 6425 6426 6322 
12435 6322 6426 6323 
12436 6426 6427 6323 
12437 6323 6427 6324 
12438 6427 6428 6324 
12439 6324 6428 6325 
12440 6428 6429 6325 
12441 6325 6429 6326 
12442 6429 6430 6326 
12443 6326 6430 6327 
12444 6430 6431 6327 
12445 6327 6431 6328 
12446 6431 6432 6328 
12447 6328 6432 6329 
12448 6432 6433 6329 
12449 6329 6433 6330 
12450 6433 6434 6330 
12451 6330 6434 6331 
12452 6434 6435 6331 
12453 6331 6435 6332 
12454 6435 6436 6332 
12455 6332 6436 6333 
12456 6436 6437 6333 
12457 6333 6437 6334 
12458 6437 6438 6334 
12459 6334 6438 6335 
12460 6438 6439 6335 
12461 6335 6439 6336 
12462 6439 6440 6336 
12463 6336 6440 6337 
12464 6440 6441 6337 
12465 6337 6441 6338 
12466 6441 6442 6338 
12467 6338 6442 6339 
12468 6442 6443 6339 
12469 6339 6443 6340 
12470 6443 6444 6340 
12471 6340 6444 6341 
12472 6444 6445 6341 
12473 6341 6445 6342 
12474 6445 6446 6342 
12475 6342 6446 6343 
12476 6446 6447 6343 
12477 6343 6447 6344 
12478 6447 6448 6344 
12479 6344 6448 6242 
12480 6448 6346 6242 
12481 6346 6450 6449 
12482 6346 6449 6345 
12483 6345 6449 6451 
12484 6345 6451 6347 
12485 6347 6451 6452 
12486 6347 6452 6348 
12487 6348 6452 6453 
12488 6348 6453 6349 
12489 6349 6453 6454 
12490 6349 6454 6350 
12491 6350 6454 6455 
12492 6350 6455 6351 
12493 6351 6455 6456 
12494 6351 6456 6352 
12495 6352 6456 6457 
12496 6352 6457 6353 
12497 6353 6457 6458 
12498 6353 6458 6354 
12499 6354 6458 6459 
12500 6354 6459 6355 
12501 6355 6459 6460 
12502 6355 6460 6356 
12503 6356 6460 6461 
12504 6356 6461 6357 
12505 6357 6461 6462 
12506 6357 6462 6358 
12507 6358 6462 6463 
12508 6358 6463 6359 
12509 6359 6463 6464 
12510 6359 6464 6360 
12511 6360 6464 6465 
12512 6360 6465 6361 
12513 6361 6465 6466 
12514 6361 6466 6362 
12515 6362 6466 6467 
12516 6362 6467 6363 
12517 6363 6467 6468 
12518 6363 6468 6364 
12519 6364 6468 6469 
12520 6364 6469 6365 
12521 6365 6469 6470 
12522 6365 6470 6366 
12523 6366 6470 6471 
12524 6366 6471 6367 
12525 6367 6471 6472 
12526 6367 6472 6368 
12527 6368 6472 6473 
12528 6368 6473 6369 
12529 6369 6473 6474 
12530 6369 6474 6370 
12531 6370 6474 6475 
12532 6370 6475 6371 
12533 6371 6475 6372 
12534 6475 6476 6372 
12535 6372 6476 6373 
12536 6476 6477 6373 
12537 6373 6477 6374 
12538 6477 6478 6374 
12539 6374 6478 6375 
12540 6478 6479 6375 
12541 6375 6479 6376 
12542 6479 6480 6376 
12543 6376 6480 6377 
12544 6480 6481 6377 
12545 6377 6481 6378 
12546 6481 6482 6378 
12547 6378 6482 6379 
12548 6482 6483 6379 
12549 6379 6483 6380 
12550 6483 6484 6380 
12551 6380 6484 6381 
12552 6484 6485 6381 
12553 6381 6485 6382 
12554 6485 6486 6382 
12555 6382 6486 6383 
12556 6486 6487 6383 
12557 6383 6487 6384 
12558 6487 6488 6384 
12559 6384 6488 6385 
12560 6488 6489 6385 
12561 6385 6489 6386 
12562 6489 6490 6386 
12563 6386 6490 6387 
12564 6490 6491 6387 
12565 6387 6491 6388 
12566 6491 6492 6388 
12567 6388 6492 6389 
12568 6492 6493 6389 
12569 6389 6493 6390 
12570 6493 6494 6390 
12571 6390 6494 6391 
12572 6494 6495 6391 
12573 6391 6495 6392 
12574 6495 6496 6392 
12575 6392 6496 6393 
12576 6496 6497 6393 
12577 6393 6497 6394 
12578 6497 6498 6394 
12579 6394 6498 6395 
12580 6498 6499 6395 
12581 6395 6499 6396 
12582 6499 6500 6396 
12583 6396 6500 6397 
12584 6500 6501 6397 
12585 6397 6501 6502 
12586 6397 6502 6398 
12587 6398 6502 6503 
12588 6398 6503 6399 
12589 6399 6503 6504 
12590 6399 6504 6400 
12591 6400 6504 6505 
12592 6400 6505 6401 
12593 6401 6505 6506 
12594 6401 6506 6402 
12595 6402 6506 6507 
12596 6402 6507 6403 
12597 6403 6507 6508 
12598 6403 6508 6404 
12599 6404 6508 6509 
12600 6404 6509 6405 
12601 6405 6509 6510 
12602 6405 6510 6406 
12603 6406 6510 6511 
12604 6406 6511 6407 
12605 6407 6511 6512 
12606 6407 6512 6408 
12607 6408 6512 6513 
12608 6408 6513 6409 
12609 6409 6513 6514 
12610 6409 6514 6410 
12611 6410 6514 6515 
12612 6410 6515 6411 
12613 6411 6515 6516 
12614 6411 6516 6412 
12615 6412 6516 6517 
12616 6412 6517 6413 
12617 6413 6517 6518 
12618 6413 6518 6414 
12619 6414 6518 6519 
12620 6414 6519 6415 
12621 6415 6519 6520 
12622 6415 6520 6416 
12623 6416 6520 6521 
12624 6416 6521 6417 
12625 6417 6521 6522 
12626 6417 6522 6418 
12627 6418 6522 6523 
12628 6418 6523 6419 
12629 6419 6523 6524 
12630 6419 6524 6420 
12631 6420 6524 6525 
12632 6420 6525 6421 
12633 6421 6525 6526 
12634 6421 6526 6422 
12635 6422 6526 6527 
12636 6422 6527 6423 
12637 6423 6527 6424 
12638 6527 6528 6424 
12639 6424 6528 6425 
12640 6528 6529 6425 
12641 6425 6529 6426 
12642 6529 6530 6426 
12643 6426 6530 6427 
12644 6530 6531 6427 
12645 6427 6531 6428 
12646 6531 6532 6428 
12647 6428 6532 6429 
12648 6532 6533 6429 
12649 6429 6533 6430 
12650 6533 6534 6430 
12651 6430 6534 6431 
12652 6534 6535 6431 
12653 6431 6535 6432 
12654 6535 6536 6432 
12655 6432 6536 6433 
12656 6536 6537 6433 
12657 6433 6537 6434 
12658 6537 6538 6434 
12659 6434 6538 6435 
12660 6538 6539 6435 
12661 6435 6539 6436 
12662 6539 6540 6436 
12663 6436 6540 6437 
12664 6540 6541 6437 
12665 6437 6541 6438 
12666 6541 6542 6438 
12667 6438 6542 6439 
12668 6542 6543 6439 
12669 6439 6543 6440 
12670 6543 6544 6440 
12671 6440 6544 6441 
12672 6544 6545 6441 
12673 6441 6545 6442 
12674 6545 6546 6442 
12675 6442 6546 6443 
12676 6546 6547 6443 
12677 6443 6547 6444 
12678 6547 6548 6444 
12679 6444 6548 6445 
12680 6548 6549 6445 
12681 6445 6549 6446 
12682 6549 6550 6446 
12683 6446 6550 6447 
12684 6550 6551 6447 
12685 6447 6551 6448 
12686 6551 6552 6448 
12687 6448 6552 6346 
12688 6552 6450 6346 
12689 6450 6554 6553 
12690 6450 6553 6449 
12691 6449 6553 6555 
12692 6449 6555 6451 
12693 6451 6555 6556 
12694 6451 6556 6452 
12695 6452 6556 6557 
12696 6452 6557 6453 
12697 6453 6557 6558 
12698 6453 6558 6454 
12699 6454 6558 6559 
12700 6454 6559 6455 
12701 6455 6559 6560 
12702 6455 6560 6456 
12703 6456 6560 6561 
12704 6456 6561 6457 
12705 6457 6561 6562 
12706 6457 6562 6458 
12707 6458 6562 6563 
12708 6458 6563 6459 
12709 6459 6563 6564 
12710 6459 6564 6460 
12711 6460 6564 6565 
12712 6460 6565 6461 
12713 6461 6565 6566 
12714 6461 6566 6462 
12715 6462 6566 6567 
12716 6462 6567 6463 
12717 6463 6567 6568 
12718 6463 6568 6464 
12719 6464 6568 6569 
12720 6464 6569 6465 
12721 6465 6569 6570 
12722 6465 6570 6466 
12723 6466 6570 6571 
12724 6466 6571 6467 
12725 6467 6571 6572 
12726 6467 6572 6468 
12727 6468 6572 6573 
12728 6468 6573 6469 
12729 6469 6573 6574 
12730 6469 6574 6470 
12731 6470 6574 6575 
12732 6470 6575 6471 
12733 6471 6575 6576 
12734 6471 6576 6472 
12735 6472 6576 6577 
12736 6472 6577 6473 
12737 6473 6577 6578 
12738 6473 6578 6474 
12739 6474 6578 6579 
12740 6474 6579 6475 
12741 6475 6579 6476 
12742 6579 6580 6476 
12743 6476 6580 6477 
12744 6580 6581 6477 
12745 6477 6581 6478 
12746 6581 6582 6478 
12747 6478 6582 6479 
12748 6582 6583 6479 
12749 6479 6583 6480 
12750 6583 6584 6480 
12751 6480 6584 6481 
12752 6584 6585 6481 
12753 6481 6585 6482 
12754 6585 6586 6482 
12755 6482 6586 6483 
12756 6586 6587 6483 
12757 6483 6587 6484 
12758 6587 6588 6484 
12759 6484 6588 6485 
12760 6588 6589 6485 
12761 6485 6589 6486 
12762 6589 6590 6486 
12763 6486 6590 6487 
12764 6590 6591 6487 
12765 6487 6591 6488 
12766 6591 6592 6488 
12767 6488 6592 6489 
12768 6592 6593 6489 
12769 6489 6593 6490 
12770 6593 6594 6490 
12771 6490 6594 6491 
12772 6594 6595 6491 
12773 6491 6595 6492 
12774 6595 6596 6492 
12775 6492 6596 6493 
12776 6596 6597 6493 
12777 6493 6597 6494 
12778 6597 6598 6494 
12779 6494 6598 6495 
12780 6598 6599 6495 
12781 6495 6599 6496 
12782 6599 6600 6496 
12783 6496 6600 6497 
12784 6600 6601 6497 
12785 6497 6601 6498 
12786 6601 6602 6498 
12787 6498 6602 6499 
12788 6602 6603 6499 
12789 6499 6603 6500 
12790 6603 6604 6500 
12791 6500 6604 6501 
12792 6604 6605 6501 
12793 6501 6605 6606 
12794 6501 6606 6502 
12795 6502 6606 6607 
12796 6502 6607 6503 
12797 6503 6607 6608 
12798 6503 6608 6504 
12799 6504 6608 6609 
12800 6504 6609 6505 
12801 6505 6609 6610 
12802 6505 6610 6506 
12803 6506 6610 6611 
12804 6506 6611 6507 
12805 6507 6611 6612 
12806 6507 6612 6508 
12807 6508 6612 6613 
12808 6508 6613 6509 
12809 6509 6613 6614 
12810 6509 6614 6510 
12811 6510 6614 6615 
12812 6510 6615 6511 
12813 6511 6615 6616 
12814 6511 6616 6512 
12815 6512 6616 6617 
12816 6512 6617 6513 
12817 6513 6617 6618 
12818 6513 6618 6514 
12819 6514 6618 6619 
12820 6514 6619 6515 
12821 6515 6619 6620 
12822 6515 6620 6516 
12823 6516 6620 6621 
12824 6516 6621 6517 
12825 6517 6621 6622 
12826 6517 6622 6518 
12827 6518 6622 6623 
12828 6518 6623 6519 
12829 6519 6623 6624 
12830 6519 6624 6520 
12831 6520 6624 6625 
12832 6520 6625 6521 
12833 6521 6625 6626 
12834 6521 6626 6522 
12835 6522 6626 6627 
12836 6522 6627 6523 
12837 6523 6627 6628 
12838 6523 6628 6524 
12839 6524 6628 6629 
12840 6524 6629 6525 
12841 6525 6629 6630 
12842 6525 6630 6526 
12843 6526 6630 6631 
12844 6526 6631 6527 
12845 6527 6631 6528 
12846 6631 6632 6528 
12847 6528 6632 6529 
12848 6632 6633 6529 
12849 6529 6633 6530 
12850 6633 6634 6530 
12851 6530 6634 6531 
12852 6634 6635 6531 
12853 6531 6635 6532 
12854 6635 6636 6532 
12855 6532 6636 6533 
12856 6636 6637 6533 
12857 6533 6637 6534 
12858 6637 6638 6534 
12859 6534 6638 6535 
12860 6638 6639 6535 
12861 6535 6639 6536 
12862 6639 6640 6536 
12863 6536 6640 6537 
12864 6640 6641 6537 
12865 6537 6641 6538 
12866 6641 6642 6538 
12867 6538 6642 6539 
12868 6642 6643 6539 
12869 6539 6643 6540 
12870 6643 6644 6540 
12871 6540 6644 6541 
12872 6644 6645 6541 
12873 6541 6645 6542 
12874 6645 6646 6542 
12875 6542 6646 6543 
12876 6646 6647 6543 
12877 6543 6647 6544 
12878 6647 6648 6544 
12879 6544 6648 6545 
12880 6648 6649 6545 
12881 6545 6649 6546 
12882 6649 6650 6546 
12883 6546 6650 6547 
12884 6650 6651 6547 
12885 6547 6651 6548 
12886 6651 6652 6548 
12887 6548 6652 6549 
12888 6652 6653 6549 
12889 6549 6653 6550 
12890 6653 6654 6550 
12891 6550 6654 6551 
12892 6654 6655 6551 
12893 6551 6655 6552 
12894 6655 6656 6552 
12895 6552 6656 6450 
12896 6656 6554 6450 
12897 6554 6658 6657 
12898 6554 6657 6553 
12899 6553 6657 6659 
12900 6553 6659 6555 
12901 6555 6659 6660 
12902 6555 6660 6556 
12903 6556 6660 6661 
12904 6556 6661 6557 
12905 6557 6661 6662 
12906 6557 6662 6558 
12907 6558 6662 6663 
12908 6558 6663 6559 
12909 6559 6663 6664 
12910 6559 6664 6560 
12911 6560 6664 6665 
12912 6560 6665 6561 
12913 6561 6665 6666 
12914 6561 6666 6562 
12915 6562 6666 6667 
12916 6562 6667 6563 
12917 6563 6667 6668 
12918 6563 6668 6564 
12919 6564 6668 6669 
12920 6564 6669 6565 
12921 6565 6669 6670 
12922 6565 6670 6566 
12923 6566 6670 6671 
12924 6566 6671 6567 
12925 6567 6671 6672 
12926 6567 6672 6568 
12927 6568 6672 6673 
12928 6568 6673 6569 
12929 6569 6673 6674 
12930 6569 6674 6570 
12931 6570 6674 6675 
12932 6570 6675 6571 
12933 6571 6675 6676 
12934 6571 6676 6572 
12935 6572 6676 6677 
12936 6572 6677 6573 
12937 6573 6677 6678 
12938 6573 6678 6574 
12939 6574 6678 6679 
12940 6574 6679 6575 
12941 6575 6679 6680 
12942 6575 6680 6576 
12943 6576 6680 6681 
12944 6576 6681 6577 
12945 6577 6681 6682 
12946 6577 6682 6578 
12947 6578 6682 6683 
12948 6578 6683 6579 
12949 6579 6683 6580 
12950 6683 6684 6580 
12951 6580 6684 6581 
12952 6684 6685 6581 
12953 6581 6685 6582 
12954 6685 6686 6582 
12955 6582 6686 6583 
12956 6686 6687 6583 
12957 6583 6687 6584 
12958 6687 6688 6584 
12959 6584 6688 6585 
12960 6688 6689 6585 
12961 6585 6689 6586 
12962 6689 6690 6586 
12963 6586 6690 6587 
12964 6690 6691 6587 
12965 6587 6691 6588 
12966 6691 6692 6588 
12967 6588 6692 6589 
12968 6692 6693 6589 
12969 6589 6693 6590 
12970 6693 6694 6590 
12971 6590 6694 6591 
12972 6694 6695 6591 
12973 6591 6695 6592 
12974 6695 6696 6592 
12975 6592 6696 6593 
12976 6696 6697 6593 
12977 6593 6697 6594 
12978 6697 6698 6594 
12979 6594 6698 6595 
12980 6698 6699 6595 
12981 6595 6699 6596 
12982 6699 6700 6596 
12983 6596 6700 6597 
12984 6700 6701 6597 
12985 6597 6701 6598 
12986 6701 6702 6598 
12987 6598 6702 6599 
12988 6702 6703 6599 
12989 6599 6703 6600 
12990 6703 6704 6600 
12991 6600 6704 6601 
12992 6704 6705 6601 
12993 6601 6705 6602 
12994 6705 6706 6602 
12995 6602 6706 6603 
12996 6706 6707 6603 
12997 6603 6707 6604 
12998 6707 6708 6604 
12999 6604 6708 6605 
13000 6708 6709 6605 
13001 6605 6709 6710 
13002 6605 6710 6606 
13003 6606 6710 6711 
13004 6606 6711 6607 
13005 6607 6711 6712 
13006 6607 6712 6608 
13007 6608 6712 6713 
13008 6608 6713 6609 
13009 6609 6713 6714 
13010 6609 6714 6610 
13011 6610 6714 6715 
13012 6610 6715 6611 
13013 6611 6715 6716 
13014 6611 6716 6612 
13015 6612 6716 6717 
13016 6612 6717 6613 
13017 6613 6717 6718 
13018 6613 6718 6614 
13019 6614 6718 6719 
13020 6614 6719 6615 
13021 6615 6719 6720 
13022 6615 6720 6616 
13023 6616 6720 6721 
13024 6616 6721 6617 
13025 6617 6721 6722 
13026 6617 6722 6618 
13027 6618 6722 6723 
13028 6618 6723 6619 
13029 6619 6723 6724 
13030 6619 6724 6620 
13031 6620 6724 6725 
13032 6620 6725 6621 
13033 6621 6725 6726 
13034 6621 6726 6622 
13035 6622 6726 6727 
13036 6622 6727 6623 
13037 6623 6727 6728 
13038 6623 6728 6624 
13039 6624 6728 6729 
13040 6624 6729 6625 
13041 6625 6729 6730 
13042 6625 6730 6626 
13043 6626 6730 6731 
13044 6626 6731 6627 
13045 6627 6731 6732 
13046 6627 6732 6628 
13047 6628 6732 6733 
13048 6628 6733 6629 
13049 6629 6733 6734 
13050 6629 6734 6630 
13051 6630 6734 6735 
13052 6630 6735 6631 
13053 6631 6735 6632 
13054 6735 6736 6632 
13055 6632 6736 6633 
13056 6736 6737 6633 
13057 6633 6737 6634 
13058 6737 6738 6634 
13059 6634 6738 6635 
13060 6738 6739 6635 
13061 6635 6739 6636 
13062 6739 6740 6636 
13063 6636 6740 6637 
13064 6740 6741 6637 
13065 6637 6741 6638 
13066 6741 6742 6638 
13067 6638 6742 6639 
13068 6742 6743 6639 
13069 6639 6743 6640 
13070 6743 6744 6640 
13071 6640 6744 6641 
13072 6744 6745 6641 
13073 6641 6745 6642 
13074 6745 6746 6642 
13075 6642 6746 6643 
13076 6746 6747 6643 
13077 6643 6747 6644 
13078 6747 6748 6644 
13079 6644 6748 6645 
13080 6748 6749 6645 
13081 6645 6749 6646 
13082 6749 6750 6646 
13083 6646 6750 6647 
13084 6750 6751 6647 
13085 6647 6751 6648 
13086 6751 6752 6648 
13087 6648 6752 6649 
13088 6752 6753 6649 
13089 6649 6753 6650 
13090 6753 6754 6650 
13091 6650 6754 6651 
13092 6754 6755 6651 
13093 6651 6755 6652 
13094 6755 6756 6652 
13095 6652 6756 6653 
13096 6756 6757 6653 
13097 6653 6757 6654 
13098 6757 6758 6654 
13099 6654 6758 6655 
13100 6758 6759 6655 
13101 6655 6759 6656 
13102 6759 6760 6656 
13103 6656 6760 6554 
13104 6760 6658 6554 
13105 6658 6762 6761 
13106 6658 6761 6657 
13107 6657 6761 6763 
13108 6657 6763 6659 
13109 6659 6763 6764 
13110 6659 6764 6660 
13111 6660 6764 6765 
13112 6660 6765 6661 
13113 6661 6765 6766 
13114 6661 6766 6662 
13115 6662 6766 6767 
13116 6662 6767 6663 
13117 6663 6767 6768 
13118 6663 6768 6664 
13119 6664 6768 6769 
13120 6664 6769 6665 
13121 6665 6769 6770 
13122 6665 6770 6666 
13123 6666 6770 6771 
13124 6666 6771 6667 
13125 6667 6771 6772 
13126 6667 6772 6668 
13127 6668 6772 6773 
13128 6668 6773 6669 
13129 6669 6773 6774 
13130 6669 6774 6670 
13131 6670 6774 6775 
13132 6670 6775 6671 
13133 6671 6775 6776 
13134 6671 6776 6672 
13135 6672 6776 6777 
13136 6672 6777 6673 
13137 6673 6777 6778 
13138 6673 6778 6674 
13139 6674 6778 6779 
13140 6674 6779 6675 
13141 6675 6779 6780 
13142 6675 6780 6676 
13143 6676 6780 6781 
13144 6676 6781 6677 
13145 6677 6781 6782 
13146 6677 6782 6678 
13147 6678 6782 6783 
13148 6678 6783 6679 
13149 6679 6783 6784 
13150 6679 6784 6680 
13151 6680 6784 6785 
13152 6680 6785 6681 
13153 6681 6785 6786 
13154 6681 6786 6682 
13155 6682 6786 6787 
13156 6682 6787 6683 
13157 6683 6787 6684 
13158 6787 6788 6684 
13159 6684 6788 6685 
13160 6788 6789 6685 
13161 6685 6789 6686 
13162 6789 6790 6686 
13163 6686 6790 6687 
13164 6790 6791 6687 
13165 6687 6791 6688 
13166 6791 6792 6688 
13167 6688 6792 6689 
13168 6792 6793 6689 
13169 6689 6793 6690 
13170 6793 6794 6690 
13171 6690 6794 6691 
13172 6794 6795 6691 
13173 6691 6795 6692 
13174 6795 6796 6692 
13175 6692 6796 6693 
13176 6796 6797 6693 
13177 6693 6797 6694 
13178 6797 6798 6694 
13179 6694 6798 6695 
13180 6798 6799 6695 
13181 6695 6799 6696 
13182 6799 6800 6696 
13183 6696 6800 6697 
13184 6800 6801 6697 
13185 6697 6801 6698 
13186 6801 6802 6698 
13187 6698 6802 6699 
13188 6802 6803 6699 
13189 6699 6803 6700 
13190 6803 6804 6700 
13191 6700 6804 6701 
13192 6804 6805 6701 
13193 6701 6805 6702 
13194 6805 6806 6702 
13195 6702 6806 6703 
13196 6806 6807 6703 
13197 6703 6807 6704 
13198 6807 6808 6704 
13199 6704 6808 6705 
13200 6808 6809 6705 
13201 6705 6809 6706 
13202 6809 6810 6706 
13203 6706 6810 6707 
13204 6810 6811 6707 
13205 6707 6811 6708 
13206 6811 6812 6708 
13207 6708 6812 6709 
13208 6812 6813 6709 
13209 6709 6813 6814 
13210 6709 6814 6710 
13211 6710 6814 6815 
13212 6710 6815 6711 
13213 6711 6815 6816 
13214 6711 6816 6712 
13215 6712 6816 6817 
13216 6712 6817 6713 
13217 6713 6817 6818 
13218 6713 6818 6714 
13219 6714 6818 6819 
13220 6714 6819 6715 
13221 6715 6819 6820 
13222 6715 6820 6716 
13223 6716 6820 6821 
13224 6716 6821 6717 
13225 6717 6821 6822 
13226 6717 6822 6718 
13227 6718 6822 6823 
13228 6718 6823 6719 
13229 6719 6823 6824 
13230 6719 6824 6720 
13231 6720 6824 6825 
13232 6720 6825 6721 
13233 6721 6825 6826 
13234 6721 6826 6722 
13235 6722 6826 6827 
13236 6722 6827 6723 
13237 6723 6827 6828 
13238 6723 6828 6724 
13239 6724 6828 6829 
13240 6724 6829 6725 
13241 6725 6829 6830 
13242 6725 6830 6726 
13243 6726 6830 6831 
13244 6726 6831 6727 
13245 6727 6831 6832 
13246 6727 6832 6728 
13247 6728 6832 6833 
13248 6728 6833 6729 
13249 6729 6833 6834 
13250 6729 6834 6730 
13251 6730 6834 6835 
13252 6730 6835 6731 
13253 6731 6835 6836 
13254 6731 6836 6732 
13255 6732 6836 6837 
13256 6732 6837 6733 
13257 6733 6837 6838 
13258 6733 6838 6734 
13259 6734 6838 6839 
13260 6734 6839 6735 
13261 6735 6839 6736 
13262 6839 6840 6736 
13263 6736 6840 6737 
13264 6840 6841 6737 
13265 6737 6841 6738 
13266 6841 6842 6738 
13267 6738 6842 6739 
13268 6842 6843 6739 
13269 6739 6843 6740 
13270 6843 6844 6740 
13271 6740 6844 6741 
13272 6844 6845 6741 
13273 6741 6845 6742 
13274 6845 6846 6742 
13275 6742 6846 6743 
13276 6846 6847 6743 
13277 6743 6847 6744 
13278 6847 6848 6744 
13279 6744 6848 6745 
13280 6848 6849 6745 
13281 6745 6849 6746 
13282 6849 6850 6746 
13283 6746 6850 6747 
13284 6850 6851 6747 
13285 6747 6851 6748 
13286 6851 6852 6748 
13287 6748 6852 6749 
13288 6852 6853 6749 
13289 6749 6853 6750 
13290 6853 6854 6750 
13291 6750 6854 6751 
13292 6854 6855 6751 
13293 6751 6855 6752 
13294 6855 6856 6752 
13295 6752 6856 6753 
13296 6856 6857 6753 
13297 6753 6857 6754 
13298 6857 6858 6754 
13299 6754 6858 6755 
13300 6858 6859 6755 
13301 6755 6859 6756 
13302 6859 6860 6756 
13303 6756 6860 6757 
13304 6860 6861 6757 
13305 6757 6861 6758 
13306 6861 6862 6758 
13307 6758 6862 6759 
13308 6862 6863 6759 
13309 6759 6863 6760 
13310 6863 6864 6760 
13311 6760 6864 6658 
13312 6864 6762 6658 
$EndElements
