$MeshFormat
4.1 0 8
$EndMeshFormat
$Entities
0 0 1 0
0 -0.3773838341 -5.0100184203 -0.7736552249999999 0.0979005835 5.0100184203 0.7736552249999999 0 0 
$EndEntities
$Nodes
1 7884 1 7884
2 0 0 7884
1
2
3
4
5
6
7
8
9
10
11
12
13
14
15
16
17
18
19
20
21
22
23
24
25
26
27
28
29
30
31
32
33
34
35
36
37
38
39
40
41
42
43
44
45
46
47
48
49
50
51
52
53
54
55
56
57
58
59
60
61
62
63
64
65
66
67
68
69
70
71
72
73
74
75
76
77
78
79
80
81
82
83
84
85
86
87
88
89
90
91
92
93
94
95
96
97
98
99
100
101
102
103
104
105
106
107
108
109
110
111
112
113
114
115
116
117
118
119
120
121
122
123
124
125
126
127
128
129
130
131
132
133
134
135
136
137
138
139
140
141
142
143
144
145
146
147
148
149
150
151
152
153
154
155
156
157
158
159
160
161
162
163
164
165
166
167
168
169
170
171
172
173
174
175
176
177
178
179
180
181
182
183
184
185
186
187
188
189
190
191
192
193
194
195
196
197
198
199
200
201
202
203
204
205
206
207
208
209
210
211
212
213
214
215
216
217
218
219
220
221
222
223
224
225
226
227
228
229
230
231
232
233
234
235
236
237
238
239
240
241
242
243
244
245
246
247
248
249
250
251
252
253
254
255
256
257
258
259
260
261
262
263
264
265
266
267
268
269
270
271
272
273
274
275
276
277
278
279
280
281
282
283
284
285
286
287
288
289
290
291
292
293
294
295
296
297
298
299
300
301
302
303
304
305
306
307
308
309
310
311
312
313
314
315
316
317
318
319
320
321
322
323
324
325
326
327
328
329
330
331
332
333
334
335
336
337
338
339
340
341
342
343
344
345
346
347
348
349
350
351
352
353
354
355
356
357
358
359
360
361
362
363
364
365
366
367
368
369
370
371
372
373
374
375
376
377
378
379
380
381
382
383
384
385
386
387
388
389
390
391
392
393
394
395
396
397
398
399
400
401
402
403
404
405
406
407
408
409
410
411
412
413
414
415
416
417
418
419
420
421
422
423
424
425
426
427
428
429
430
431
432
433
434
435
436
437
438
439
440
441
442
443
444
445
446
447
448
449
450
451
452
453
454
455
456
457
458
459
460
461
462
463
464
465
466
467
468
469
470
471
472
473
474
475
476
477
478
479
480
481
482
483
484
485
486
487
488
489
490
491
492
493
494
495
496
497
498
499
500
501
502
503
504
505
506
507
508
509
510
511
512
513
514
515
516
517
518
519
520
521
522
523
524
525
526
527
528
529
530
531
532
533
534
535
536
537
538
539
540
541
542
543
544
545
546
547
548
549
550
551
552
553
554
555
556
557
558
559
560
561
562
563
564
565
566
567
568
569
570
571
572
573
574
575
576
577
578
579
580
581
582
583
584
585
586
587
588
589
590
591
592
593
594
595
596
597
598
599
600
601
602
603
604
605
606
607
608
609
610
611
612
613
614
615
616
617
618
619
620
621
622
623
624
625
626
627
628
629
630
631
632
633
634
635
636
637
638
639
640
641
642
643
644
645
646
647
648
649
650
651
652
653
654
655
656
657
658
659
660
661
662
663
664
665
666
667
668
669
670
671
672
673
674
675
676
677
678
679
680
681
682
683
684
685
686
687
688
689
690
691
692
693
694
695
696
697
698
699
700
701
702
703
704
705
706
707
708
709
710
711
712
713
714
715
716
717
718
719
720
721
722
723
724
725
726
727
728
729
730
731
732
733
734
735
736
737
738
739
740
741
742
743
744
745
746
747
748
749
750
751
752
753
754
755
756
757
758
759
760
761
762
763
764
765
766
767
768
769
770
771
772
773
774
775
776
777
778
779
780
781
782
783
784
785
786
787
788
789
790
791
792
793
794
795
796
797
798
799
800
801
802
803
804
805
806
807
808
809
810
811
812
813
814
815
816
817
818
819
820
821
822
823
824
825
826
827
828
829
830
831
832
833
834
835
836
837
838
839
840
841
842
843
844
845
846
847
848
849
850
851
852
853
854
855
856
857
858
859
860
861
862
863
864
865
866
867
868
869
870
871
872
873
874
875
876
877
878
879
880
881
882
883
884
885
886
887
888
889
890
891
892
893
894
895
896
897
898
899
900
901
902
903
904
905
906
907
908
909
910
911
912
913
914
915
916
917
918
919
920
921
922
923
924
925
926
927
928
929
930
931
932
933
934
935
936
937
938
939
940
941
942
943
944
945
946
947
948
949
950
951
952
953
954
955
956
957
958
959
960
961
962
963
964
965
966
967
968
969
970
971
972
973
974
975
976
977
978
979
980
981
982
983
984
985
986
987
988
989
990
991
992
993
994
995
996
997
998
999
1000
1001
1002
1003
1004
1005
1006
1007
1008
1009
1010
1011
1012
1013
1014
1015
1016
1017
1018
1019
1020
1021
1022
1023
1024
1025
1026
1027
1028
1029
1030
1031
1032
1033
1034
1035
1036
1037
1038
1039
1040
1041
1042
1043
1044
1045
1046
1047
1048
1049
1050
1051
1052
1053
1054
1055
1056
1057
1058
1059
1060
1061
1062
1063
1064
1065
1066
1067
1068
1069
1070
1071
1072
1073
1074
1075
1076
1077
1078
1079
1080
1081
1082
1083
1084
1085
1086
1087
1088
1089
1090
1091
1092
1093
1094
1095
1096
1097
1098
1099
1100
1101
1102
1103
1104
1105
1106
1107
1108
1109
1110
1111
1112
1113
1114
1115
1116
1117
1118
1119
1120
1121
1122
1123
1124
1125
1126
1127
1128
1129
1130
1131
1132
1133
1134
1135
1136
1137
1138
1139
1140
1141
1142
1143
1144
1145
1146
1147
1148
1149
1150
1151
1152
1153
1154
1155
1156
1157
1158
1159
1160
1161
1162
1163
1164
1165
1166
1167
1168
1169
1170
1171
1172
1173
1174
1175
1176
1177
1178
1179
1180
1181
1182
1183
1184
1185
1186
1187
1188
1189
1190
1191
1192
1193
1194
1195
1196
1197
1198
1199
1200
1201
1202
1203
1204
1205
1206
1207
1208
1209
1210
1211
1212
1213
1214
1215
1216
1217
1218
1219
1220
1221
1222
1223
1224
1225
1226
1227
1228
1229
1230
1231
1232
1233
1234
1235
1236
1237
1238
1239
1240
1241
1242
1243
1244
1245
1246
1247
1248
1249
1250
1251
1252
1253
1254
1255
1256
1257
1258
1259
1260
1261
1262
1263
1264
1265
1266
1267
1268
1269
1270
1271
1272
1273
1274
1275
1276
1277
1278
1279
1280
1281
1282
1283
1284
1285
1286
1287
1288
1289
1290
1291
1292
1293
1294
1295
1296
1297
1298
1299
1300
1301
1302
1303
1304
1305
1306
1307
1308
1309
1310
1311
1312
1313
1314
1315
1316
1317
1318
1319
1320
1321
1322
1323
1324
1325
1326
1327
1328
1329
1330
1331
1332
1333
1334
1335
1336
1337
1338
1339
1340
1341
1342
1343
1344
1345
1346
1347
1348
1349
1350
1351
1352
1353
1354
1355
1356
1357
1358
1359
1360
1361
1362
1363
1364
1365
1366
1367
1368
1369
1370
1371
1372
1373
1374
1375
1376
1377
1378
1379
1380
1381
1382
1383
1384
1385
1386
1387
1388
1389
1390
1391
1392
1393
1394
1395
1396
1397
1398
1399
1400
1401
1402
1403
1404
1405
1406
1407
1408
1409
1410
1411
1412
1413
1414
1415
1416
1417
1418
1419
1420
1421
1422
1423
1424
1425
1426
1427
1428
1429
1430
1431
1432
1433
1434
1435
1436
1437
1438
1439
1440
1441
1442
1443
1444
1445
1446
1447
1448
1449
1450
1451
1452
1453
1454
1455
1456
1457
1458
1459
1460
1461
1462
1463
1464
1465
1466
1467
1468
1469
1470
1471
1472
1473
1474
1475
1476
1477
1478
1479
1480
1481
1482
1483
1484
1485
1486
1487
1488
1489
1490
1491
1492
1493
1494
1495
1496
1497
1498
1499
1500
1501
1502
1503
1504
1505
1506
1507
1508
1509
1510
1511
1512
1513
1514
1515
1516
1517
1518
1519
1520
1521
1522
1523
1524
1525
1526
1527
1528
1529
1530
1531
1532
1533
1534
1535
1536
1537
1538
1539
1540
1541
1542
1543
1544
1545
1546
1547
1548
1549
1550
1551
1552
1553
1554
1555
1556
1557
1558
1559
1560
1561
1562
1563
1564
1565
1566
1567
1568
1569
1570
1571
1572
1573
1574
1575
1576
1577
1578
1579
1580
1581
1582
1583
1584
1585
1586
1587
1588
1589
1590
1591
1592
1593
1594
1595
1596
1597
1598
1599
1600
1601
1602
1603
1604
1605
1606
1607
1608
1609
1610
1611
1612
1613
1614
1615
1616
1617
1618
1619
1620
1621
1622
1623
1624
1625
1626
1627
1628
1629
1630
1631
1632
1633
1634
1635
1636
1637
1638
1639
1640
1641
1642
1643
1644
1645
1646
1647
1648
1649
1650
1651
1652
1653
1654
1655
1656
1657
1658
1659
1660
1661
1662
1663
1664
1665
1666
1667
1668
1669
1670
1671
1672
1673
1674
1675
1676
1677
1678
1679
1680
1681
1682
1683
1684
1685
1686
1687
1688
1689
1690
1691
1692
1693
1694
1695
1696
1697
1698
1699
1700
1701
1702
1703
1704
1705
1706
1707
1708
1709
1710
1711
1712
1713
1714
1715
1716
1717
1718
1719
1720
1721
1722
1723
1724
1725
1726
1727
1728
1729
1730
1731
1732
1733
1734
1735
1736
1737
1738
1739
1740
1741
1742
1743
1744
1745
1746
1747
1748
1749
1750
1751
1752
1753
1754
1755
1756
1757
1758
1759
1760
1761
1762
1763
1764
1765
1766
1767
1768
1769
1770
1771
1772
1773
1774
1775
1776
1777
1778
1779
1780
1781
1782
1783
1784
1785
1786
1787
1788
1789
1790
1791
1792
1793
1794
1795
1796
1797
1798
1799
1800
1801
1802
1803
1804
1805
1806
1807
1808
1809
1810
1811
1812
1813
1814
1815
1816
1817
1818
1819
1820
1821
1822
1823
1824
1825
1826
1827
1828
1829
1830
1831
1832
1833
1834
1835
1836
1837
1838
1839
1840
1841
1842
1843
1844
1845
1846
1847
1848
1849
1850
1851
1852
1853
1854
1855
1856
1857
1858
1859
1860
1861
1862
1863
1864
1865
1866
1867
1868
1869
1870
1871
1872
1873
1874
1875
1876
1877
1878
1879
1880
1881
1882
1883
1884
1885
1886
1887
1888
1889
1890
1891
1892
1893
1894
1895
1896
1897
1898
1899
1900
1901
1902
1903
1904
1905
1906
1907
1908
1909
1910
1911
1912
1913
1914
1915
1916
1917
1918
1919
1920
1921
1922
1923
1924
1925
1926
1927
1928
1929
1930
1931
1932
1933
1934
1935
1936
1937
1938
1939
1940
1941
1942
1943
1944
1945
1946
1947
1948
1949
1950
1951
1952
1953
1954
1955
1956
1957
1958
1959
1960
1961
1962
1963
1964
1965
1966
1967
1968
1969
1970
1971
1972
1973
1974
1975
1976
1977
1978
1979
1980
1981
1982
1983
1984
1985
1986
1987
1988
1989
1990
1991
1992
1993
1994
1995
1996
1997
1998
1999
2000
2001
2002
2003
2004
2005
2006
2007
2008
2009
2010
2011
2012
2013
2014
2015
2016
2017
2018
2019
2020
2021
2022
2023
2024
2025
2026
2027
2028
2029
2030
2031
2032
2033
2034
2035
2036
2037
2038
2039
2040
2041
2042
2043
2044
2045
2046
2047
2048
2049
2050
2051
2052
2053
2054
2055
2056
2057
2058
2059
2060
2061
2062
2063
2064
2065
2066
2067
2068
2069
2070
2071
2072
2073
2074
2075
2076
2077
2078
2079
2080
2081
2082
2083
2084
2085
2086
2087
2088
2089
2090
2091
2092
2093
2094
2095
2096
2097
2098
2099
2100
2101
2102
2103
2104
2105
2106
2107
2108
2109
2110
2111
2112
2113
2114
2115
2116
2117
2118
2119
2120
2121
2122
2123
2124
2125
2126
2127
2128
2129
2130
2131
2132
2133
2134
2135
2136
2137
2138
2139
2140
2141
2142
2143
2144
2145
2146
2147
2148
2149
2150
2151
2152
2153
2154
2155
2156
2157
2158
2159
2160
2161
2162
2163
2164
2165
2166
2167
2168
2169
2170
2171
2172
2173
2174
2175
2176
2177
2178
2179
2180
2181
2182
2183
2184
2185
2186
2187
2188
2189
2190
2191
2192
2193
2194
2195
2196
2197
2198
2199
2200
2201
2202
2203
2204
2205
2206
2207
2208
2209
2210
2211
2212
2213
2214
2215
2216
2217
2218
2219
2220
2221
2222
2223
2224
2225
2226
2227
2228
2229
2230
2231
2232
2233
2234
2235
2236
2237
2238
2239
2240
2241
2242
2243
2244
2245
2246
2247
2248
2249
2250
2251
2252
2253
2254
2255
2256
2257
2258
2259
2260
2261
2262
2263
2264
2265
2266
2267
2268
2269
2270
2271
2272
2273
2274
2275
2276
2277
2278
2279
2280
2281
2282
2283
2284
2285
2286
2287
2288
2289
2290
2291
2292
2293
2294
2295
2296
2297
2298
2299
2300
2301
2302
2303
2304
2305
2306
2307
2308
2309
2310
2311
2312
2313
2314
2315
2316
2317
2318
2319
2320
2321
2322
2323
2324
2325
2326
2327
2328
2329
2330
2331
2332
2333
2334
2335
2336
2337
2338
2339
2340
2341
2342
2343
2344
2345
2346
2347
2348
2349
2350
2351
2352
2353
2354
2355
2356
2357
2358
2359
2360
2361
2362
2363
2364
2365
2366
2367
2368
2369
2370
2371
2372
2373
2374
2375
2376
2377
2378
2379
2380
2381
2382
2383
2384
2385
2386
2387
2388
2389
2390
2391
2392
2393
2394
2395
2396
2397
2398
2399
2400
2401
2402
2403
2404
2405
2406
2407
2408
2409
2410
2411
2412
2413
2414
2415
2416
2417
2418
2419
2420
2421
2422
2423
2424
2425
2426
2427
2428
2429
2430
2431
2432
2433
2434
2435
2436
2437
2438
2439
2440
2441
2442
2443
2444
2445
2446
2447
2448
2449
2450
2451
2452
2453
2454
2455
2456
2457
2458
2459
2460
2461
2462
2463
2464
2465
2466
2467
2468
2469
2470
2471
2472
2473
2474
2475
2476
2477
2478
2479
2480
2481
2482
2483
2484
2485
2486
2487
2488
2489
2490
2491
2492
2493
2494
2495
2496
2497
2498
2499
2500
2501
2502
2503
2504
2505
2506
2507
2508
2509
2510
2511
2512
2513
2514
2515
2516
2517
2518
2519
2520
2521
2522
2523
2524
2525
2526
2527
2528
2529
2530
2531
2532
2533
2534
2535
2536
2537
2538
2539
2540
2541
2542
2543
2544
2545
2546
2547
2548
2549
2550
2551
2552
2553
2554
2555
2556
2557
2558
2559
2560
2561
2562
2563
2564
2565
2566
2567
2568
2569
2570
2571
2572
2573
2574
2575
2576
2577
2578
2579
2580
2581
2582
2583
2584
2585
2586
2587
2588
2589
2590
2591
2592
2593
2594
2595
2596
2597
2598
2599
2600
2601
2602
2603
2604
2605
2606
2607
2608
2609
2610
2611
2612
2613
2614
2615
2616
2617
2618
2619
2620
2621
2622
2623
2624
2625
2626
2627
2628
2629
2630
2631
2632
2633
2634
2635
2636
2637
2638
2639
2640
2641
2642
2643
2644
2645
2646
2647
2648
2649
2650
2651
2652
2653
2654
2655
2656
2657
2658
2659
2660
2661
2662
2663
2664
2665
2666
2667
2668
2669
2670
2671
2672
2673
2674
2675
2676
2677
2678
2679
2680
2681
2682
2683
2684
2685
2686
2687
2688
2689
2690
2691
2692
2693
2694
2695
2696
2697
2698
2699
2700
2701
2702
2703
2704
2705
2706
2707
2708
2709
2710
2711
2712
2713
2714
2715
2716
2717
2718
2719
2720
2721
2722
2723
2724
2725
2726
2727
2728
2729
2730
2731
2732
2733
2734
2735
2736
2737
2738
2739
2740
2741
2742
2743
2744
2745
2746
2747
2748
2749
2750
2751
2752
2753
2754
2755
2756
2757
2758
2759
2760
2761
2762
2763
2764
2765
2766
2767
2768
2769
2770
2771
2772
2773
2774
2775
2776
2777
2778
2779
2780
2781
2782
2783
2784
2785
2786
2787
2788
2789
2790
2791
2792
2793
2794
2795
2796
2797
2798
2799
2800
2801
2802
2803
2804
2805
2806
2807
2808
2809
2810
2811
2812
2813
2814
2815
2816
2817
2818
2819
2820
2821
2822
2823
2824
2825
2826
2827
2828
2829
2830
2831
2832
2833
2834
2835
2836
2837
2838
2839
2840
2841
2842
2843
2844
2845
2846
2847
2848
2849
2850
2851
2852
2853
2854
2855
2856
2857
2858
2859
2860
2861
2862
2863
2864
2865
2866
2867
2868
2869
2870
2871
2872
2873
2874
2875
2876
2877
2878
2879
2880
2881
2882
2883
2884
2885
2886
2887
2888
2889
2890
2891
2892
2893
2894
2895
2896
2897
2898
2899
2900
2901
2902
2903
2904
2905
2906
2907
2908
2909
2910
2911
2912
2913
2914
2915
2916
2917
2918
2919
2920
2921
2922
2923
2924
2925
2926
2927
2928
2929
2930
2931
2932
2933
2934
2935
2936
2937
2938
2939
2940
2941
2942
2943
2944
2945
2946
2947
2948
2949
2950
2951
2952
2953
2954
2955
2956
2957
2958
2959
2960
2961
2962
2963
2964
2965
2966
2967
2968
2969
2970
2971
2972
2973
2974
2975
2976
2977
2978
2979
2980
2981
2982
2983
2984
2985
2986
2987
2988
2989
2990
2991
2992
2993
2994
2995
2996
2997
2998
2999
3000
3001
3002
3003
3004
3005
3006
3007
3008
3009
3010
3011
3012
3013
3014
3015
3016
3017
3018
3019
3020
3021
3022
3023
3024
3025
3026
3027
3028
3029
3030
3031
3032
3033
3034
3035
3036
3037
3038
3039
3040
3041
3042
3043
3044
3045
3046
3047
3048
3049
3050
3051
3052
3053
3054
3055
3056
3057
3058
3059
3060
3061
3062
3063
3064
3065
3066
3067
3068
3069
3070
3071
3072
3073
3074
3075
3076
3077
3078
3079
3080
3081
3082
3083
3084
3085
3086
3087
3088
3089
3090
3091
3092
3093
3094
3095
3096
3097
3098
3099
3100
3101
3102
3103
3104
3105
3106
3107
3108
3109
3110
3111
3112
3113
3114
3115
3116
3117
3118
3119
3120
3121
3122
3123
3124
3125
3126
3127
3128
3129
3130
3131
3132
3133
3134
3135
3136
3137
3138
3139
3140
3141
3142
3143
3144
3145
3146
3147
3148
3149
3150
3151
3152
3153
3154
3155
3156
3157
3158
3159
3160
3161
3162
3163
3164
3165
3166
3167
3168
3169
3170
3171
3172
3173
3174
3175
3176
3177
3178
3179
3180
3181
3182
3183
3184
3185
3186
3187
3188
3189
3190
3191
3192
3193
3194
3195
3196
3197
3198
3199
3200
3201
3202
3203
3204
3205
3206
3207
3208
3209
3210
3211
3212
3213
3214
3215
3216
3217
3218
3219
3220
3221
3222
3223
3224
3225
3226
3227
3228
3229
3230
3231
3232
3233
3234
3235
3236
3237
3238
3239
3240
3241
3242
3243
3244
3245
3246
3247
3248
3249
3250
3251
3252
3253
3254
3255
3256
3257
3258
3259
3260
3261
3262
3263
3264
3265
3266
3267
3268
3269
3270
3271
3272
3273
3274
3275
3276
3277
3278
3279
3280
3281
3282
3283
3284
3285
3286
3287
3288
3289
3290
3291
3292
3293
3294
3295
3296
3297
3298
3299
3300
3301
3302
3303
3304
3305
3306
3307
3308
3309
3310
3311
3312
3313
3314
3315
3316
3317
3318
3319
3320
3321
3322
3323
3324
3325
3326
3327
3328
3329
3330
3331
3332
3333
3334
3335
3336
3337
3338
3339
3340
3341
3342
3343
3344
3345
3346
3347
3348
3349
3350
3351
3352
3353
3354
3355
3356
3357
3358
3359
3360
3361
3362
3363
3364
3365
3366
3367
3368
3369
3370
3371
3372
3373
3374
3375
3376
3377
3378
3379
3380
3381
3382
3383
3384
3385
3386
3387
3388
3389
3390
3391
3392
3393
3394
3395
3396
3397
3398
3399
3400
3401
3402
3403
3404
3405
3406
3407
3408
3409
3410
3411
3412
3413
3414
3415
3416
3417
3418
3419
3420
3421
3422
3423
3424
3425
3426
3427
3428
3429
3430
3431
3432
3433
3434
3435
3436
3437
3438
3439
3440
3441
3442
3443
3444
3445
3446
3447
3448
3449
3450
3451
3452
3453
3454
3455
3456
3457
3458
3459
3460
3461
3462
3463
3464
3465
3466
3467
3468
3469
3470
3471
3472
3473
3474
3475
3476
3477
3478
3479
3480
3481
3482
3483
3484
3485
3486
3487
3488
3489
3490
3491
3492
3493
3494
3495
3496
3497
3498
3499
3500
3501
3502
3503
3504
3505
3506
3507
3508
3509
3510
3511
3512
3513
3514
3515
3516
3517
3518
3519
3520
3521
3522
3523
3524
3525
3526
3527
3528
3529
3530
3531
3532
3533
3534
3535
3536
3537
3538
3539
3540
3541
3542
3543
3544
3545
3546
3547
3548
3549
3550
3551
3552
3553
3554
3555
3556
3557
3558
3559
3560
3561
3562
3563
3564
3565
3566
3567
3568
3569
3570
3571
3572
3573
3574
3575
3576
3577
3578
3579
3580
3581
3582
3583
3584
3585
3586
3587
3588
3589
3590
3591
3592
3593
3594
3595
3596
3597
3598
3599
3600
3601
3602
3603
3604
3605
3606
3607
3608
3609
3610
3611
3612
3613
3614
3615
3616
3617
3618
3619
3620
3621
3622
3623
3624
3625
3626
3627
3628
3629
3630
3631
3632
3633
3634
3635
3636
3637
3638
3639
3640
3641
3642
3643
3644
3645
3646
3647
3648
3649
3650
3651
3652
3653
3654
3655
3656
3657
3658
3659
3660
3661
3662
3663
3664
3665
3666
3667
3668
3669
3670
3671
3672
3673
3674
3675
3676
3677
3678
3679
3680
3681
3682
3683
3684
3685
3686
3687
3688
3689
3690
3691
3692
3693
3694
3695
3696
3697
3698
3699
3700
3701
3702
3703
3704
3705
3706
3707
3708
3709
3710
3711
3712
3713
3714
3715
3716
3717
3718
3719
3720
3721
3722
3723
3724
3725
3726
3727
3728
3729
3730
3731
3732
3733
3734
3735
3736
3737
3738
3739
3740
3741
3742
3743
3744
3745
3746
3747
3748
3749
3750
3751
3752
3753
3754
3755
3756
3757
3758
3759
3760
3761
3762
3763
3764
3765
3766
3767
3768
3769
3770
3771
3772
3773
3774
3775
3776
3777
3778
3779
3780
3781
3782
3783
3784
3785
3786
3787
3788
3789
3790
3791
3792
3793
3794
3795
3796
3797
3798
3799
3800
3801
3802
3803
3804
3805
3806
3807
3808
3809
3810
3811
3812
3813
3814
3815
3816
3817
3818
3819
3820
3821
3822
3823
3824
3825
3826
3827
3828
3829
3830
3831
3832
3833
3834
3835
3836
3837
3838
3839
3840
3841
3842
3843
3844
3845
3846
3847
3848
3849
3850
3851
3852
3853
3854
3855
3856
3857
3858
3859
3860
3861
3862
3863
3864
3865
3866
3867
3868
3869
3870
3871
3872
3873
3874
3875
3876
3877
3878
3879
3880
3881
3882
3883
3884
3885
3886
3887
3888
3889
3890
3891
3892
3893
3894
3895
3896
3897
3898
3899
3900
3901
3902
3903
3904
3905
3906
3907
3908
3909
3910
3911
3912
3913
3914
3915
3916
3917
3918
3919
3920
3921
3922
3923
3924
3925
3926
3927
3928
3929
3930
3931
3932
3933
3934
3935
3936
3937
3938
3939
3940
3941
3942
3943
3944
3945
3946
3947
3948
3949
3950
3951
3952
3953
3954
3955
3956
3957
3958
3959
3960
3961
3962
3963
3964
3965
3966
3967
3968
3969
3970
3971
3972
3973
3974
3975
3976
3977
3978
3979
3980
3981
3982
3983
3984
3985
3986
3987
3988
3989
3990
3991
3992
3993
3994
3995
3996
3997
3998
3999
4000
4001
4002
4003
4004
4005
4006
4007
4008
4009
4010
4011
4012
4013
4014
4015
4016
4017
4018
4019
4020
4021
4022
4023
4024
4025
4026
4027
4028
4029
4030
4031
4032
4033
4034
4035
4036
4037
4038
4039
4040
4041
4042
4043
4044
4045
4046
4047
4048
4049
4050
4051
4052
4053
4054
4055
4056
4057
4058
4059
4060
4061
4062
4063
4064
4065
4066
4067
4068
4069
4070
4071
4072
4073
4074
4075
4076
4077
4078
4079
4080
4081
4082
4083
4084
4085
4086
4087
4088
4089
4090
4091
4092
4093
4094
4095
4096
4097
4098
4099
4100
4101
4102
4103
4104
4105
4106
4107
4108
4109
4110
4111
4112
4113
4114
4115
4116
4117
4118
4119
4120
4121
4122
4123
4124
4125
4126
4127
4128
4129
4130
4131
4132
4133
4134
4135
4136
4137
4138
4139
4140
4141
4142
4143
4144
4145
4146
4147
4148
4149
4150
4151
4152
4153
4154
4155
4156
4157
4158
4159
4160
4161
4162
4163
4164
4165
4166
4167
4168
4169
4170
4171
4172
4173
4174
4175
4176
4177
4178
4179
4180
4181
4182
4183
4184
4185
4186
4187
4188
4189
4190
4191
4192
4193
4194
4195
4196
4197
4198
4199
4200
4201
4202
4203
4204
4205
4206
4207
4208
4209
4210
4211
4212
4213
4214
4215
4216
4217
4218
4219
4220
4221
4222
4223
4224
4225
4226
4227
4228
4229
4230
4231
4232
4233
4234
4235
4236
4237
4238
4239
4240
4241
4242
4243
4244
4245
4246
4247
4248
4249
4250
4251
4252
4253
4254
4255
4256
4257
4258
4259
4260
4261
4262
4263
4264
4265
4266
4267
4268
4269
4270
4271
4272
4273
4274
4275
4276
4277
4278
4279
4280
4281
4282
4283
4284
4285
4286
4287
4288
4289
4290
4291
4292
4293
4294
4295
4296
4297
4298
4299
4300
4301
4302
4303
4304
4305
4306
4307
4308
4309
4310
4311
4312
4313
4314
4315
4316
4317
4318
4319
4320
4321
4322
4323
4324
4325
4326
4327
4328
4329
4330
4331
4332
4333
4334
4335
4336
4337
4338
4339
4340
4341
4342
4343
4344
4345
4346
4347
4348
4349
4350
4351
4352
4353
4354
4355
4356
4357
4358
4359
4360
4361
4362
4363
4364
4365
4366
4367
4368
4369
4370
4371
4372
4373
4374
4375
4376
4377
4378
4379
4380
4381
4382
4383
4384
4385
4386
4387
4388
4389
4390
4391
4392
4393
4394
4395
4396
4397
4398
4399
4400
4401
4402
4403
4404
4405
4406
4407
4408
4409
4410
4411
4412
4413
4414
4415
4416
4417
4418
4419
4420
4421
4422
4423
4424
4425
4426
4427
4428
4429
4430
4431
4432
4433
4434
4435
4436
4437
4438
4439
4440
4441
4442
4443
4444
4445
4446
4447
4448
4449
4450
4451
4452
4453
4454
4455
4456
4457
4458
4459
4460
4461
4462
4463
4464
4465
4466
4467
4468
4469
4470
4471
4472
4473
4474
4475
4476
4477
4478
4479
4480
4481
4482
4483
4484
4485
4486
4487
4488
4489
4490
4491
4492
4493
4494
4495
4496
4497
4498
4499
4500
4501
4502
4503
4504
4505
4506
4507
4508
4509
4510
4511
4512
4513
4514
4515
4516
4517
4518
4519
4520
4521
4522
4523
4524
4525
4526
4527
4528
4529
4530
4531
4532
4533
4534
4535
4536
4537
4538
4539
4540
4541
4542
4543
4544
4545
4546
4547
4548
4549
4550
4551
4552
4553
4554
4555
4556
4557
4558
4559
4560
4561
4562
4563
4564
4565
4566
4567
4568
4569
4570
4571
4572
4573
4574
4575
4576
4577
4578
4579
4580
4581
4582
4583
4584
4585
4586
4587
4588
4589
4590
4591
4592
4593
4594
4595
4596
4597
4598
4599
4600
4601
4602
4603
4604
4605
4606
4607
4608
4609
4610
4611
4612
4613
4614
4615
4616
4617
4618
4619
4620
4621
4622
4623
4624
4625
4626
4627
4628
4629
4630
4631
4632
4633
4634
4635
4636
4637
4638
4639
4640
4641
4642
4643
4644
4645
4646
4647
4648
4649
4650
4651
4652
4653
4654
4655
4656
4657
4658
4659
4660
4661
4662
4663
4664
4665
4666
4667
4668
4669
4670
4671
4672
4673
4674
4675
4676
4677
4678
4679
4680
4681
4682
4683
4684
4685
4686
4687
4688
4689
4690
4691
4692
4693
4694
4695
4696
4697
4698
4699
4700
4701
4702
4703
4704
4705
4706
4707
4708
4709
4710
4711
4712
4713
4714
4715
4716
4717
4718
4719
4720
4721
4722
4723
4724
4725
4726
4727
4728
4729
4730
4731
4732
4733
4734
4735
4736
4737
4738
4739
4740
4741
4742
4743
4744
4745
4746
4747
4748
4749
4750
4751
4752
4753
4754
4755
4756
4757
4758
4759
4760
4761
4762
4763
4764
4765
4766
4767
4768
4769
4770
4771
4772
4773
4774
4775
4776
4777
4778
4779
4780
4781
4782
4783
4784
4785
4786
4787
4788
4789
4790
4791
4792
4793
4794
4795
4796
4797
4798
4799
4800
4801
4802
4803
4804
4805
4806
4807
4808
4809
4810
4811
4812
4813
4814
4815
4816
4817
4818
4819
4820
4821
4822
4823
4824
4825
4826
4827
4828
4829
4830
4831
4832
4833
4834
4835
4836
4837
4838
4839
4840
4841
4842
4843
4844
4845
4846
4847
4848
4849
4850
4851
4852
4853
4854
4855
4856
4857
4858
4859
4860
4861
4862
4863
4864
4865
4866
4867
4868
4869
4870
4871
4872
4873
4874
4875
4876
4877
4878
4879
4880
4881
4882
4883
4884
4885
4886
4887
4888
4889
4890
4891
4892
4893
4894
4895
4896
4897
4898
4899
4900
4901
4902
4903
4904
4905
4906
4907
4908
4909
4910
4911
4912
4913
4914
4915
4916
4917
4918
4919
4920
4921
4922
4923
4924
4925
4926
4927
4928
4929
4930
4931
4932
4933
4934
4935
4936
4937
4938
4939
4940
4941
4942
4943
4944
4945
4946
4947
4948
4949
4950
4951
4952
4953
4954
4955
4956
4957
4958
4959
4960
4961
4962
4963
4964
4965
4966
4967
4968
4969
4970
4971
4972
4973
4974
4975
4976
4977
4978
4979
4980
4981
4982
4983
4984
4985
4986
4987
4988
4989
4990
4991
4992
4993
4994
4995
4996
4997
4998
4999
5000
5001
5002
5003
5004
5005
5006
5007
5008
5009
5010
5011
5012
5013
5014
5015
5016
5017
5018
5019
5020
5021
5022
5023
5024
5025
5026
5027
5028
5029
5030
5031
5032
5033
5034
5035
5036
5037
5038
5039
5040
5041
5042
5043
5044
5045
5046
5047
5048
5049
5050
5051
5052
5053
5054
5055
5056
5057
5058
5059
5060
5061
5062
5063
5064
5065
5066
5067
5068
5069
5070
5071
5072
5073
5074
5075
5076
5077
5078
5079
5080
5081
5082
5083
5084
5085
5086
5087
5088
5089
5090
5091
5092
5093
5094
5095
5096
5097
5098
5099
5100
5101
5102
5103
5104
5105
5106
5107
5108
5109
5110
5111
5112
5113
5114
5115
5116
5117
5118
5119
5120
5121
5122
5123
5124
5125
5126
5127
5128
5129
5130
5131
5132
5133
5134
5135
5136
5137
5138
5139
5140
5141
5142
5143
5144
5145
5146
5147
5148
5149
5150
5151
5152
5153
5154
5155
5156
5157
5158
5159
5160
5161
5162
5163
5164
5165
5166
5167
5168
5169
5170
5171
5172
5173
5174
5175
5176
5177
5178
5179
5180
5181
5182
5183
5184
5185
5186
5187
5188
5189
5190
5191
5192
5193
5194
5195
5196
5197
5198
5199
5200
5201
5202
5203
5204
5205
5206
5207
5208
5209
5210
5211
5212
5213
5214
5215
5216
5217
5218
5219
5220
5221
5222
5223
5224
5225
5226
5227
5228
5229
5230
5231
5232
5233
5234
5235
5236
5237
5238
5239
5240
5241
5242
5243
5244
5245
5246
5247
5248
5249
5250
5251
5252
5253
5254
5255
5256
5257
5258
5259
5260
5261
5262
5263
5264
5265
5266
5267
5268
5269
5270
5271
5272
5273
5274
5275
5276
5277
5278
5279
5280
5281
5282
5283
5284
5285
5286
5287
5288
5289
5290
5291
5292
5293
5294
5295
5296
5297
5298
5299
5300
5301
5302
5303
5304
5305
5306
5307
5308
5309
5310
5311
5312
5313
5314
5315
5316
5317
5318
5319
5320
5321
5322
5323
5324
5325
5326
5327
5328
5329
5330
5331
5332
5333
5334
5335
5336
5337
5338
5339
5340
5341
5342
5343
5344
5345
5346
5347
5348
5349
5350
5351
5352
5353
5354
5355
5356
5357
5358
5359
5360
5361
5362
5363
5364
5365
5366
5367
5368
5369
5370
5371
5372
5373
5374
5375
5376
5377
5378
5379
5380
5381
5382
5383
5384
5385
5386
5387
5388
5389
5390
5391
5392
5393
5394
5395
5396
5397
5398
5399
5400
5401
5402
5403
5404
5405
5406
5407
5408
5409
5410
5411
5412
5413
5414
5415
5416
5417
5418
5419
5420
5421
5422
5423
5424
5425
5426
5427
5428
5429
5430
5431
5432
5433
5434
5435
5436
5437
5438
5439
5440
5441
5442
5443
5444
5445
5446
5447
5448
5449
5450
5451
5452
5453
5454
5455
5456
5457
5458
5459
5460
5461
5462
5463
5464
5465
5466
5467
5468
5469
5470
5471
5472
5473
5474
5475
5476
5477
5478
5479
5480
5481
5482
5483
5484
5485
5486
5487
5488
5489
5490
5491
5492
5493
5494
5495
5496
5497
5498
5499
5500
5501
5502
5503
5504
5505
5506
5507
5508
5509
5510
5511
5512
5513
5514
5515
5516
5517
5518
5519
5520
5521
5522
5523
5524
5525
5526
5527
5528
5529
5530
5531
5532
5533
5534
5535
5536
5537
5538
5539
5540
5541
5542
5543
5544
5545
5546
5547
5548
5549
5550
5551
5552
5553
5554
5555
5556
5557
5558
5559
5560
5561
5562
5563
5564
5565
5566
5567
5568
5569
5570
5571
5572
5573
5574
5575
5576
5577
5578
5579
5580
5581
5582
5583
5584
5585
5586
5587
5588
5589
5590
5591
5592
5593
5594
5595
5596
5597
5598
5599
5600
5601
5602
5603
5604
5605
5606
5607
5608
5609
5610
5611
5612
5613
5614
5615
5616
5617
5618
5619
5620
5621
5622
5623
5624
5625
5626
5627
5628
5629
5630
5631
5632
5633
5634
5635
5636
5637
5638
5639
5640
5641
5642
5643
5644
5645
5646
5647
5648
5649
5650
5651
5652
5653
5654
5655
5656
5657
5658
5659
5660
5661
5662
5663
5664
5665
5666
5667
5668
5669
5670
5671
5672
5673
5674
5675
5676
5677
5678
5679
5680
5681
5682
5683
5684
5685
5686
5687
5688
5689
5690
5691
5692
5693
5694
5695
5696
5697
5698
5699
5700
5701
5702
5703
5704
5705
5706
5707
5708
5709
5710
5711
5712
5713
5714
5715
5716
5717
5718
5719
5720
5721
5722
5723
5724
5725
5726
5727
5728
5729
5730
5731
5732
5733
5734
5735
5736
5737
5738
5739
5740
5741
5742
5743
5744
5745
5746
5747
5748
5749
5750
5751
5752
5753
5754
5755
5756
5757
5758
5759
5760
5761
5762
5763
5764
5765
5766
5767
5768
5769
5770
5771
5772
5773
5774
5775
5776
5777
5778
5779
5780
5781
5782
5783
5784
5785
5786
5787
5788
5789
5790
5791
5792
5793
5794
5795
5796
5797
5798
5799
5800
5801
5802
5803
5804
5805
5806
5807
5808
5809
5810
5811
5812
5813
5814
5815
5816
5817
5818
5819
5820
5821
5822
5823
5824
5825
5826
5827
5828
5829
5830
5831
5832
5833
5834
5835
5836
5837
5838
5839
5840
5841
5842
5843
5844
5845
5846
5847
5848
5849
5850
5851
5852
5853
5854
5855
5856
5857
5858
5859
5860
5861
5862
5863
5864
5865
5866
5867
5868
5869
5870
5871
5872
5873
5874
5875
5876
5877
5878
5879
5880
5881
5882
5883
5884
5885
5886
5887
5888
5889
5890
5891
5892
5893
5894
5895
5896
5897
5898
5899
5900
5901
5902
5903
5904
5905
5906
5907
5908
5909
5910
5911
5912
5913
5914
5915
5916
5917
5918
5919
5920
5921
5922
5923
5924
5925
5926
5927
5928
5929
5930
5931
5932
5933
5934
5935
5936
5937
5938
5939
5940
5941
5942
5943
5944
5945
5946
5947
5948
5949
5950
5951
5952
5953
5954
5955
5956
5957
5958
5959
5960
5961
5962
5963
5964
5965
5966
5967
5968
5969
5970
5971
5972
5973
5974
5975
5976
5977
5978
5979
5980
5981
5982
5983
5984
5985
5986
5987
5988
5989
5990
5991
5992
5993
5994
5995
5996
5997
5998
5999
6000
6001
6002
6003
6004
6005
6006
6007
6008
6009
6010
6011
6012
6013
6014
6015
6016
6017
6018
6019
6020
6021
6022
6023
6024
6025
6026
6027
6028
6029
6030
6031
6032
6033
6034
6035
6036
6037
6038
6039
6040
6041
6042
6043
6044
6045
6046
6047
6048
6049
6050
6051
6052
6053
6054
6055
6056
6057
6058
6059
6060
6061
6062
6063
6064
6065
6066
6067
6068
6069
6070
6071
6072
6073
6074
6075
6076
6077
6078
6079
6080
6081
6082
6083
6084
6085
6086
6087
6088
6089
6090
6091
6092
6093
6094
6095
6096
6097
6098
6099
6100
6101
6102
6103
6104
6105
6106
6107
6108
6109
6110
6111
6112
6113
6114
6115
6116
6117
6118
6119
6120
6121
6122
6123
6124
6125
6126
6127
6128
6129
6130
6131
6132
6133
6134
6135
6136
6137
6138
6139
6140
6141
6142
6143
6144
6145
6146
6147
6148
6149
6150
6151
6152
6153
6154
6155
6156
6157
6158
6159
6160
6161
6162
6163
6164
6165
6166
6167
6168
6169
6170
6171
6172
6173
6174
6175
6176
6177
6178
6179
6180
6181
6182
6183
6184
6185
6186
6187
6188
6189
6190
6191
6192
6193
6194
6195
6196
6197
6198
6199
6200
6201
6202
6203
6204
6205
6206
6207
6208
6209
6210
6211
6212
6213
6214
6215
6216
6217
6218
6219
6220
6221
6222
6223
6224
6225
6226
6227
6228
6229
6230
6231
6232
6233
6234
6235
6236
6237
6238
6239
6240
6241
6242
6243
6244
6245
6246
6247
6248
6249
6250
6251
6252
6253
6254
6255
6256
6257
6258
6259
6260
6261
6262
6263
6264
6265
6266
6267
6268
6269
6270
6271
6272
6273
6274
6275
6276
6277
6278
6279
6280
6281
6282
6283
6284
6285
6286
6287
6288
6289
6290
6291
6292
6293
6294
6295
6296
6297
6298
6299
6300
6301
6302
6303
6304
6305
6306
6307
6308
6309
6310
6311
6312
6313
6314
6315
6316
6317
6318
6319
6320
6321
6322
6323
6324
6325
6326
6327
6328
6329
6330
6331
6332
6333
6334
6335
6336
6337
6338
6339
6340
6341
6342
6343
6344
6345
6346
6347
6348
6349
6350
6351
6352
6353
6354
6355
6356
6357
6358
6359
6360
6361
6362
6363
6364
6365
6366
6367
6368
6369
6370
6371
6372
6373
6374
6375
6376
6377
6378
6379
6380
6381
6382
6383
6384
6385
6386
6387
6388
6389
6390
6391
6392
6393
6394
6395
6396
6397
6398
6399
6400
6401
6402
6403
6404
6405
6406
6407
6408
6409
6410
6411
6412
6413
6414
6415
6416
6417
6418
6419
6420
6421
6422
6423
6424
6425
6426
6427
6428
6429
6430
6431
6432
6433
6434
6435
6436
6437
6438
6439
6440
6441
6442
6443
6444
6445
6446
6447
6448
6449
6450
6451
6452
6453
6454
6455
6456
6457
6458
6459
6460
6461
6462
6463
6464
6465
6466
6467
6468
6469
6470
6471
6472
6473
6474
6475
6476
6477
6478
6479
6480
6481
6482
6483
6484
6485
6486
6487
6488
6489
6490
6491
6492
6493
6494
6495
6496
6497
6498
6499
6500
6501
6502
6503
6504
6505
6506
6507
6508
6509
6510
6511
6512
6513
6514
6515
6516
6517
6518
6519
6520
6521
6522
6523
6524
6525
6526
6527
6528
6529
6530
6531
6532
6533
6534
6535
6536
6537
6538
6539
6540
6541
6542
6543
6544
6545
6546
6547
6548
6549
6550
6551
6552
6553
6554
6555
6556
6557
6558
6559
6560
6561
6562
6563
6564
6565
6566
6567
6568
6569
6570
6571
6572
6573
6574
6575
6576
6577
6578
6579
6580
6581
6582
6583
6584
6585
6586
6587
6588
6589
6590
6591
6592
6593
6594
6595
6596
6597
6598
6599
6600
6601
6602
6603
6604
6605
6606
6607
6608
6609
6610
6611
6612
6613
6614
6615
6616
6617
6618
6619
6620
6621
6622
6623
6624
6625
6626
6627
6628
6629
6630
6631
6632
6633
6634
6635
6636
6637
6638
6639
6640
6641
6642
6643
6644
6645
6646
6647
6648
6649
6650
6651
6652
6653
6654
6655
6656
6657
6658
6659
6660
6661
6662
6663
6664
6665
6666
6667
6668
6669
6670
6671
6672
6673
6674
6675
6676
6677
6678
6679
6680
6681
6682
6683
6684
6685
6686
6687
6688
6689
6690
6691
6692
6693
6694
6695
6696
6697
6698
6699
6700
6701
6702
6703
6704
6705
6706
6707
6708
6709
6710
6711
6712
6713
6714
6715
6716
6717
6718
6719
6720
6721
6722
6723
6724
6725
6726
6727
6728
6729
6730
6731
6732
6733
6734
6735
6736
6737
6738
6739
6740
6741
6742
6743
6744
6745
6746
6747
6748
6749
6750
6751
6752
6753
6754
6755
6756
6757
6758
6759
6760
6761
6762
6763
6764
6765
6766
6767
6768
6769
6770
6771
6772
6773
6774
6775
6776
6777
6778
6779
6780
6781
6782
6783
6784
6785
6786
6787
6788
6789
6790
6791
6792
6793
6794
6795
6796
6797
6798
6799
6800
6801
6802
6803
6804
6805
6806
6807
6808
6809
6810
6811
6812
6813
6814
6815
6816
6817
6818
6819
6820
6821
6822
6823
6824
6825
6826
6827
6828
6829
6830
6831
6832
6833
6834
6835
6836
6837
6838
6839
6840
6841
6842
6843
6844
6845
6846
6847
6848
6849
6850
6851
6852
6853
6854
6855
6856
6857
6858
6859
6860
6861
6862
6863
6864
6865
6866
6867
6868
6869
6870
6871
6872
6873
6874
6875
6876
6877
6878
6879
6880
6881
6882
6883
6884
6885
6886
6887
6888
6889
6890
6891
6892
6893
6894
6895
6896
6897
6898
6899
6900
6901
6902
6903
6904
6905
6906
6907
6908
6909
6910
6911
6912
6913
6914
6915
6916
6917
6918
6919
6920
6921
6922
6923
6924
6925
6926
6927
6928
6929
6930
6931
6932
6933
6934
6935
6936
6937
6938
6939
6940
6941
6942
6943
6944
6945
6946
6947
6948
6949
6950
6951
6952
6953
6954
6955
6956
6957
6958
6959
6960
6961
6962
6963
6964
6965
6966
6967
6968
6969
6970
6971
6972
6973
6974
6975
6976
6977
6978
6979
6980
6981
6982
6983
6984
6985
6986
6987
6988
6989
6990
6991
6992
6993
6994
6995
6996
6997
6998
6999
7000
7001
7002
7003
7004
7005
7006
7007
7008
7009
7010
7011
7012
7013
7014
7015
7016
7017
7018
7019
7020
7021
7022
7023
7024
7025
7026
7027
7028
7029
7030
7031
7032
7033
7034
7035
7036
7037
7038
7039
7040
7041
7042
7043
7044
7045
7046
7047
7048
7049
7050
7051
7052
7053
7054
7055
7056
7057
7058
7059
7060
7061
7062
7063
7064
7065
7066
7067
7068
7069
7070
7071
7072
7073
7074
7075
7076
7077
7078
7079
7080
7081
7082
7083
7084
7085
7086
7087
7088
7089
7090
7091
7092
7093
7094
7095
7096
7097
7098
7099
7100
7101
7102
7103
7104
7105
7106
7107
7108
7109
7110
7111
7112
7113
7114
7115
7116
7117
7118
7119
7120
7121
7122
7123
7124
7125
7126
7127
7128
7129
7130
7131
7132
7133
7134
7135
7136
7137
7138
7139
7140
7141
7142
7143
7144
7145
7146
7147
7148
7149
7150
7151
7152
7153
7154
7155
7156
7157
7158
7159
7160
7161
7162
7163
7164
7165
7166
7167
7168
7169
7170
7171
7172
7173
7174
7175
7176
7177
7178
7179
7180
7181
7182
7183
7184
7185
7186
7187
7188
7189
7190
7191
7192
7193
7194
7195
7196
7197
7198
7199
7200
7201
7202
7203
7204
7205
7206
7207
7208
7209
7210
7211
7212
7213
7214
7215
7216
7217
7218
7219
7220
7221
7222
7223
7224
7225
7226
7227
7228
7229
7230
7231
7232
7233
7234
7235
7236
7237
7238
7239
7240
7241
7242
7243
7244
7245
7246
7247
7248
7249
7250
7251
7252
7253
7254
7255
7256
7257
7258
7259
7260
7261
7262
7263
7264
7265
7266
7267
7268
7269
7270
7271
7272
7273
7274
7275
7276
7277
7278
7279
7280
7281
7282
7283
7284
7285
7286
7287
7288
7289
7290
7291
7292
7293
7294
7295
7296
7297
7298
7299
7300
7301
7302
7303
7304
7305
7306
7307
7308
7309
7310
7311
7312
7313
7314
7315
7316
7317
7318
7319
7320
7321
7322
7323
7324
7325
7326
7327
7328
7329
7330
7331
7332
7333
7334
7335
7336
7337
7338
7339
7340
7341
7342
7343
7344
7345
7346
7347
7348
7349
7350
7351
7352
7353
7354
7355
7356
7357
7358
7359
7360
7361
7362
7363
7364
7365
7366
7367
7368
7369
7370
7371
7372
7373
7374
7375
7376
7377
7378
7379
7380
7381
7382
7383
7384
7385
7386
7387
7388
7389
7390
7391
7392
7393
7394
7395
7396
7397
7398
7399
7400
7401
7402
7403
7404
7405
7406
7407
7408
7409
7410
7411
7412
7413
7414
7415
7416
7417
7418
7419
7420
7421
7422
7423
7424
7425
7426
7427
7428
7429
7430
7431
7432
7433
7434
7435
7436
7437
7438
7439
7440
7441
7442
7443
7444
7445
7446
7447
7448
7449
7450
7451
7452
7453
7454
7455
7456
7457
7458
7459
7460
7461
7462
7463
7464
7465
7466
7467
7468
7469
7470
7471
7472
7473
7474
7475
7476
7477
7478
7479
7480
7481
7482
7483
7484
7485
7486
7487
7488
7489
7490
7491
7492
7493
7494
7495
7496
7497
7498
7499
7500
7501
7502
7503
7504
7505
7506
7507
7508
7509
7510
7511
7512
7513
7514
7515
7516
7517
7518
7519
7520
7521
7522
7523
7524
7525
7526
7527
7528
7529
7530
7531
7532
7533
7534
7535
7536
7537
7538
7539
7540
7541
7542
7543
7544
7545
7546
7547
7548
7549
7550
7551
7552
7553
7554
7555
7556
7557
7558
7559
7560
7561
7562
7563
7564
7565
7566
7567
7568
7569
7570
7571
7572
7573
7574
7575
7576
7577
7578
7579
7580
7581
7582
7583
7584
7585
7586
7587
7588
7589
7590
7591
7592
7593
7594
7595
7596
7597
7598
7599
7600
7601
7602
7603
7604
7605
7606
7607
7608
7609
7610
7611
7612
7613
7614
7615
7616
7617
7618
7619
7620
7621
7622
7623
7624
7625
7626
7627
7628
7629
7630
7631
7632
7633
7634
7635
7636
7637
7638
7639
7640
7641
7642
7643
7644
7645
7646
7647
7648
7649
7650
7651
7652
7653
7654
7655
7656
7657
7658
7659
7660
7661
7662
7663
7664
7665
7666
7667
7668
7669
7670
7671
7672
7673
7674
7675
7676
7677
7678
7679
7680
7681
7682
7683
7684
7685
7686
7687
7688
7689
7690
7691
7692
7693
7694
7695
7696
7697
7698
7699
7700
7701
7702
7703
7704
7705
7706
7707
7708
7709
7710
7711
7712
7713
7714
7715
7716
7717
7718
7719
7720
7721
7722
7723
7724
7725
7726
7727
7728
7729
7730
7731
7732
7733
7734
7735
7736
7737
7738
7739
7740
7741
7742
7743
7744
7745
7746
7747
7748
7749
7750
7751
7752
7753
7754
7755
7756
7757
7758
7759
7760
7761
7762
7763
7764
7765
7766
7767
7768
7769
7770
7771
7772
7773
7774
7775
7776
7777
7778
7779
7780
7781
7782
7783
7784
7785
7786
7787
7788
7789
7790
7791
7792
7793
7794
7795
7796
7797
7798
7799
7800
7801
7802
7803
7804
7805
7806
7807
7808
7809
7810
7811
7812
7813
7814
7815
7816
7817
7818
7819
7820
7821
7822
7823
7824
7825
7826
7827
7828
7829
7830
7831
7832
7833
7834
7835
7836
7837
7838
7839
7840
7841
7842
7843
7844
7845
7846
7847
7848
7849
7850
7851
7852
7853
7854
7855
7856
7857
7858
7859
7860
7861
7862
7863
7864
7865
7866
7867
7868
7869
7870
7871
7872
7873
7874
7875
7876
7877
7878
7879
7880
7881
7882
7883
7884
-0.0889754418 0.05 0.2633797878
-0.08979092349999999 0.0499903617 0.2612149795
-0.0892239534 0.0500094393 0.2610325652
-0.09070809840000001 0.0499796766 0.258759065
-0.08951874 0.0500196856 0.2583779014
-0.09173857219999999 0.0499678659 0.2559732692
-0.0898690959 0.0500307338 0.2553768409
-0.0928949813 0.0499548546 0.252813914
-0.0902861958 0.0500425527 0.2519859514
-0.0941910063 0.0499405745 0.2492319395
-0.09078343799999999 0.0500550769 0.2481569881
-0.0956414163 0.0499249649 0.2451725991
-0.09137690280000001 0.0500681931 0.2438368104
-0.0972611791 0.0499080309 0.2405713614
-0.0920845502 0.0500817984 0.238962827
-0.09906769949999999 0.0498897897 0.235351622
-0.0929291308 0.0500957003 0.2334642258
-0.1010793357 0.0498701043 0.2294537396
-0.0939392403 0.0501094086 0.227285846
-0.1033157722 0.0498487026 0.2228308363
-0.09515036339999999 0.0501221364 0.2203836127
-0.1058049409 0.0498252625 0.2154076666
-0.09661452180000001 0.0501327834 0.2126855937
-0.10852866 0.0498008855 0.2071116148
-0.0983220351 0.0501420891 0.2041322738
-0.1114753811 0.0497760792 0.1979227508
-0.1002728147 0.0501501908 0.1947053026
-0.1146247551 0.0497520103 0.1877687859
-0.102467792 0.050157511 0.1843431025
-0.1179032642 0.0497310314 0.1766425956
-0.1048224918 0.0501667507 0.1730377902
-0.1212515909 0.0497152504 0.1645098289
-0.1072839508 0.0501797802 0.1607602801
-0.1245980941 0.0497068445 0.1513792701
-0.1097672499 0.0501992212 0.1475154199
-0.1278824472 0.0497075411 0.1372727448
-0.1121921953 0.0502274553 0.133320579
-0.1310948975 0.0497173099 0.1222359818
-0.1145386019 0.0502648134 0.1182167565
-0.1342713668 0.0497344911 0.1063420729
-0.1168310541 0.0503100427 0.1022698965
-0.1375130014 0.0497552108 0.0896876742
-0.1191701939 0.0503593412 0.0855690258
-0.1409746921 0.0497737687 0.0723892491
-0.1217273793 0.050406543 0.0682238275
-0.1448345753 0.0497836017 0.0545817043
-0.1247159261 0.0504440069 0.0503661178
-0.14925156 0.0497786233 0.0364169724
-0.128346974 0.050463976 0.0321527672
-0.1543163443 0.0497547929 0.0180590555
-0.1327733478 0.0504603455 0.013764197
-0.1600040463 0.0497116925 -0.0003288993
-0.1380297469 0.0504306364 -0.004609621
-0.1439994185 0.0503772329 -0.0227957022
-0.1661562024 0.0496532185 -0.0186021255
-0.1504283852 0.0503071392 -0.040665521
-0.1724992128 0.049587122 -0.0366502589
-0.1569863655 0.050230087 -0.0581369637
-0.1787008247 0.0495232012 -0.0543918175
-0.1633404135 0.0501561055 -0.07515708190000001
-0.1844505864 0.0494706363 -0.0717540638
-0.1692198816 0.0500933059 -0.0916771951
-0.1895167116 0.0494360782 -0.08865499509999999
-0.1744647851 0.0500462467 -0.1076363336
-0.1937926163 0.04942216 -0.1049989415
-0.1790139393 0.0500163575 -0.1229683832
-0.1972810112 0.0494281072 -0.1206918454
-0.1828986836 0.0500021399 -0.1376027571
-0.2000725452 0.0494504589 -0.1356485548
-0.1862116474 0.0500002119 -0.1514734761
-0.2023054096 0.0494843922 -0.149801027
-0.1890774775 0.0500062603 -0.1645242339
-0.2041328645 0.0495247409 -0.1630986856
-0.1916200994 0.0500161036 -0.1767135492
-0.2056899043 0.049567041 -0.175508771
-0.1939454109 0.0500262439 -0.1880162917
-0.2070816053 0.0496078821 -0.1870145795
-0.1961292075 0.0500342348 -0.1984222405
-0.2083732928 0.0496451952 -0.1976126743
-0.1982067281 0.0500390172 -0.2079373219
-0.2095854182 0.0496784124 -0.2073128682
-0.2001819007 0.0500406051 -0.2165802103
-0.2107054959 0.0497080713 -0.2161352137
-0.202033721 0.0500398564 -0.2243782796
-0.2116951131 0.049735563 -0.2241055129
-0.2037275595 0.0500380985 -0.2313647672
-0.2125045096 0.0497626526 -0.2312521175
-0.2052300907 0.0500366301 -0.2375745776
-0.2130899638 0.0497909046 -0.237601853
-0.2065166436 0.05003645 -0.2430386525
-0.2134207727 0.049821419 -0.2431737142
-0.2075884412 0.0500377543 -0.2477889372
-0.2135026969 0.0498541715 -0.2479889413
-0.2084702513 0.050039994 -0.2518562487
-0.2133723973 0.0498881774 -0.2520696891
-0.2092108122 0.0500419095 -0.2552767763
-0.2130965395 0.0499216107 -0.2554513982
-0.2098743789 0.0500417724 -0.2580889501
-0.2127567485 0.0499522737 -0.25818263
-0.2105421345 0.0500371276 -0.2603043955
-0.2124430795 0.0499776071 -0.2602986176
-0.2113103191 0.050024505 -0.2618605252
-0.2122487331 0.0499945815 -0.2617839274
-0.2122128645 0.05 -0.2623697131
-0.2131871471 0.0499646579 -0.2617073296
-0.2143440246 0.0499180865 -0.2602928397
-0.2156391181 0.049862775 -0.2582763099
-0.2169822668 0.0498013119 -0.2556260201
-0.2182745434 0.0497363608 -0.2522831295
-0.2194169527 0.0496705887 -0.2481889453
-0.2203249018 0.0496063881 -0.2433087759
-0.2209498369 0.0495451791 -0.2376291284
-0.2212814597 0.0494872066 -0.2311394679
-0.2213565052 0.0494312697 -0.2238327463
-0.221229091 0.0493755375 -0.2156902171
-0.2209641083 0.0493178076 -0.2066884144
-0.2206173781 0.0492561557 -0.1968031081
-0.2202177997 0.0491895203 -0.1860128673
-0.2197597092 0.0491179784 -0.1743039929
-0.2191882515 0.0490432215 -0.1616731372
-0.2183991718 0.0489685725 -0.1481285778
-0.2172464069 0.0488987778 -0.1336943525
-0.2155480832 0.0488398569 -0.1184153075
-0.2131204474 0.0487980733 -0.1023615494
-0.2098135417 0.0487788505 -0.085632795
-0.2055607594 0.0487851671 -0.06835104559999999
-0.2004152839 0.0488163154 -0.0506466712
-0.1945700405 0.0488671048 -0.0326349968
-0.1883129862 0.048929204 -0.0144085487
-0.1819783457 0.0489927486 0.0039518224
-0.1758593407 0.0490492403 0.0223539139
-0.170156146 0.0490932705 0.0406811776
-0.1649532244 0.0491231965 0.0587972908
-0.1602220048 0.0491409945 0.07655467069999999
-0.155855809 0.0491510805 0.09380632260000001
-0.1517116796 0.0491589394 0.1104142494
-0.1476511932 0.0491698064 0.1262552072
-0.1435726991 0.0491876268 0.1412249106
-0.1394289384 0.0492144678 0.1552431204
-0.135219231 0.0492507206 0.1682593778
-0.1309840365 0.0492953121 0.180247401
-0.1267817182 0.0493465096 0.1911944693
-0.1226779475 0.0494019676 0.201140199
-0.1187352849 0.049459682 0.2100909559
-0.1149953601 0.0495177416 0.2181297394
-0.1114811809 0.0495752688 0.22527806
-0.1082194311 0.0496307999 0.2316216332
-0.1052062682 0.0496838791 0.2372390183
-0.1024378081 0.0497342634 0.2421798959
-0.0999059299 0.0497817367 0.2465083879
-0.0975985746 0.049826072 0.2503068909
-0.0955037669 0.0498671565 0.2536418765
-0.0936080485 0.049904998 0.2565696975
-0.09189745689999999 0.0499396675 0.2591402285
-0.0903578937 0.0499712841 0.2613973938
-0.08865698330000001 0.050028517 0.2608501509
-0.08832938160000001 0.0500596947 0.2579967379
-0.0879996196 0.0500936017 0.2547804125
-0.0876774102 0.0501302507 0.2511579889
-0.0873758697 0.0501695793 0.2470820366
-0.0871123892 0.0502114213 0.2425010217
-0.0869079212 0.0502555659 0.2373542925
-0.0867905621 0.0503016109 0.2315768296
-0.0867991449 0.050348713 0.2251179524
-0.08698495470000001 0.0503955702 0.217936389
-0.0874241026 0.0504403043 0.2099635209
-0.0881154103 0.0504832926 0.2011529327
-0.0890702483 0.0505243024 0.1914878544
-0.0903108289 0.0505630117 0.1809174191
-0.0917417195 0.0506024699 0.1694329847
-0.09331631059999999 0.0506443101 0.1570107312
-0.0949364056 0.0506915979 0.1436515697
-0.0965019434 0.0507473695 0.1293684132
-0.09798230619999999 0.0508123169 0.1141975311
-0.0993907414 0.0508855943 0.0981977201
-0.1008273864 0.0509634716 0.0814503774
-0.1024800666 0.0510393172 0.0640584059
-0.104597277 0.051104412 0.0461505313
-0.107442388 0.0511493288 0.0278885621
-0.1112303514 0.0511658981 0.0094693386
-0.1160554475 0.0511495802 -0.0088903426
-0.1218426347 0.0511012474 -0.026989279
-0.1283575575 0.0510271564 -0.0446807831
-0.1352719063 0.0509369728 -0.0618821099
-0.1422302406 0.0508415747 -0.0785601001
-0.1489230516 0.0507505336 -0.0946993951
-0.155136954 0.0506703335 -0.1102737257
-0.1607468673 0.0506046078 -0.1252449211
-0.165724822 0.050553821 -0.1395569594
-0.1701178852 0.0505160316 -0.1531459253
-0.1740220905 0.0504877798 -0.1659497822
-0.1775502945 0.0504651662 -0.1779183274
-0.1808092165 0.0504446057 -0.1890180039
-0.1838851222 0.0504232744 -0.1992318067
-0.186828038 0.050399622 -0.2085617756
-0.1896583056 0.0503731388 -0.217025207
-0.192372329 0.0503441498 -0.2246510462
-0.1949506093 0.0503135445 -0.2314774169
-0.1973702175 0.0502823556 -0.2375473022
-0.1996125144 0.050251481 -0.2429035907
-0.2016741854 0.0502213371 -0.2475889332
-0.2035681053 0.0501918106 -0.2516428083
-0.2053250849 0.0501622084 -0.2551021543
-0.2069920093 0.050131271 -0.2579952702
-0.2086411895 0.0500966482 -0.2603101733
-0.2103719052 0.0500544286 -0.2619371229
-0.214125561 0.0499347343 -0.2616307319
-0.2162449696 0.0498585659 -0.2602870619
-0.2185214877 0.0497732764 -0.2583699899
-0.2208679941 0.0496810131 -0.255800642
-0.2231766894 0.0495845442 -0.2524965699
-0.2253312084 0.049487006 -0.2483889494
-0.227229031 0.0493913571 -0.2434438376
-0.2288097101 0.0492994535 -0.2376564039
-0.2300584098 0.0492117607 -0.2310268182
-0.2310178972 0.0491269763 -0.2235599797
-0.2317526862 0.0490430037 -0.2152452205
-0.2323427983 0.0489572028 -0.2060639607
-0.2328614634 0.0488671161 -0.1959935419
-0.2333539941 0.0487711586 -0.185011155
-0.2338295141 0.0486689157 -0.1730992147
-0.2342436385 0.0485617021 -0.1602475889
-0.234492934 0.0484527528 -0.1464561287
-0.2344202685 0.0483470967 -0.1317401502
-0.2338151552 0.0482516065 -0.1161387697
-0.2324482785 0.0481739866 -0.0997241572
-0.2301103717 0.0481216227 -0.082610595
-0.2266709323 0.0480996979 -0.0649480274
-0.2221297431 0.0481094296 -0.046901525
-0.2166408682 0.0481470876 -0.0286197347
-0.2104697701 0.0482051896 -0.0102149719
-0.2039526451 0.0482738047 0.008232544099999999
-0.1974023372 0.0483436876 0.0266487724
-0.191060732 0.0484079178 0.0449453827
-0.1850718735 0.0484627913 0.06301287730000001
-0.1794693176 0.0485082202 0.0807200923
-0.1741986165 0.0485469501 0.097924971
-0.1691519923 0.0485833878 0.1144864258
-0.1642074889 0.048622303 0.1302744325
-0.159262951 0.0486677126 0.1451770764
-0.1542597827 0.048722091 0.1591069706
-0.1491868711 0.0487861907 0.1720089267
-0.1440648088 0.0488595928 0.1838522065
-0.1389386813 0.0489410088 0.1946201527
-0.1338805139 0.0490278559 0.2043576471
-0.1289419098 0.0491184785 0.2130702969
-0.1241857792 0.0492102208 0.2208518122
-0.1196465896 0.049301835 0.2277252836
-0.1153595264 0.0493914955 0.2337895267
-0.1113448369 0.0494779684 0.2391264145
-0.107614437 0.0495604959 0.2437884304
-0.1041704435 0.0496385085 0.2478441766
-0.1010061429 0.0497115696 0.2513818423
-0.0981125524 0.0497794585 0.2544698391
-0.0954775248 0.0498421301 0.2571661258
-0.0930868153 0.0498996585 0.2595213921
-0.09092486380000001 0.0499522064 0.2615798081
-0.0880900132 0.0500475946 0.2606677367
-0.0871400232 0.0500997038 0.2576155743
-0.0861301433 0.0501564696 0.2541839842
-0.0850686247 0.0502179488 0.2503300263
-0.0839683014 0.0502840818 0.2460070852
-0.0828478756 0.0503546495 0.241165233
-0.0817312922 0.0504293335 0.235745758
-0.0806519933 0.0505075216 0.2296894333
-0.0796590495 0.0505880174 0.2229500588
-0.078819546 0.050669004 0.2154891654
-0.0782336835 0.0507478251 0.2072414481
-0.0779087854 0.0508244961 0.1981735917
-0.0778676819 0.050898414 0.1882704062
-0.0781538658 0.0509685124 0.1774917357
-0.0786609472 0.0510381892 0.1658281793
-0.0793486705 0.0511088399 0.1532611823
-0.0801055614 0.0511839746 0.1397877195
-0.0808116915 0.0512672837 0.1254162475
-0.08142601050000001 0.0513598203 0.1101783058
-0.08195042869999999 0.0514611459 0.09412554369999999
-0.0824845788 0.0515676019 0.07733172889999999
-0.0832327538 0.0516720915 0.0598929843
-0.0844786278 0.0517648172 0.0419349448
-0.086537802 0.0518346815 0.0236243569
-0.0896873549 0.0518714508 0.0051744801
-0.0940811481 0.0518685241 -0.0131710643
-0.0996858508 0.0518252618 -0.0311828557
-0.1062867299 0.0517471736 -0.0486960451
-0.1135574471 0.0516438586 -0.0656272562
-0.1211200677 0.0515270439 -0.0819631182
-0.1286262215 0.0514077614 -0.0977215951
-0.1358091228 0.0512944202 -0.1129111179
-0.1424797953 0.0511928582 -0.1275214589
-0.1485509604 0.0511055021 -0.1415111616
-0.154024123 0.0510318513 -0.1548183744
-0.1589667036 0.0509692992 -0.1673753306
-0.1634804897 0.0509142288 -0.1791231055
-0.1676730221 0.0508629675 -0.1900197162
-0.1716410369 0.050812314 -0.2000413729
-0.1754493479 0.0507602268 -0.2091862294
-0.1791347105 0.0507056726 -0.2174702036
-0.1827109369 0.0506484431 -0.2249238128
-0.1861736592 0.0505889904 -0.2315900666
-0.1895103444 0.0505280812 -0.2375200268
-0.1927083853 0.050466512 -0.242768529
-0.1957599297 0.0504049198 -0.2473889291
-0.1986659592 0.0503436272 -0.251429368
-0.2014393576 0.0502825072 -0.2549275324
-0.2041096397 0.0502207697 -0.2579015903
-0.2067402445 0.0501561687 -0.2603159512
-0.2094334912 0.0500843522 -0.2620137207
-0.215063975 0.0499048107 -0.2615541341
-0.2181459146 0.0497990454 -0.260281284
-0.2214038573 0.0496837777 -0.2584636698
-0.2247537214 0.0495607142 -0.2559752639
-0.2280788354 0.0494327276 -0.2527100102
-0.2312454642 0.0493034232 -0.2485889535
-0.2341331601 0.0491763261 -0.2435788993
-0.2366695832 0.049053728 -0.2376836793
-0.23883536 0.0489363147 -0.2309141685
-0.2406792893 0.048822683 -0.223287213
-0.2422762813 0.0487104699 -0.2148002239
-0.2437214884 0.048596598 -0.2054395069
-0.2451055487 0.0484780765 -0.1951839757
-0.2464901885 0.0483527968 -0.1840094428
-0.2478993189 0.0482198531 -0.1718944366
-0.2492990255 0.0480801827 -0.1588220405
-0.2505866962 0.0479369331 -0.1447836795
-0.2515941301 0.0477954157 -0.1297859479
-0.2520822272 0.0476633562 -0.1138622318
-0.2517761097 0.0475498999 -0.0970867651
-0.2504072018 0.047464395 -0.07958839500000001
-0.2477811052 0.0474142287 -0.0615450093
-0.2438442023 0.0474025439 -0.0431563788
-0.2387116958 0.0474270704 -0.0246044726
-0.232626554 0.0474811751 -0.0060213952
-0.2259269445 0.0475548609 0.0125132657
-0.2189453336 0.047638135 0.0309436308
-0.211965318 0.047722565 0.0492095879
-0.2051905227 0.0478023861 0.0672284638
-0.1987166303 0.047875446 0.0848855139
-0.1925414241 0.0479428197 0.1020436194
-0.186592305 0.0480078362 0.1185586022
-0.1807637846 0.0480747995 0.1342936579
-0.1749532028 0.0481477984 0.1491292421
-0.1690906269 0.0482297143 0.1629708208
-0.1631545112 0.0483216609 0.1757584756
-0.1571455811 0.0484238736 0.1874570119
-0.1510956444 0.0485355081 0.198045836
-0.1450830803 0.0486537443 0.2075750953
-0.1391485347 0.048777275 0.216049638
-0.1333761984 0.0489026999 0.223573885
-0.1278119984 0.0490284012 0.2301725073
-0.1224996218 0.0491521912 0.2359574203
-0.1174834057 0.0492720578 0.2410138107
-0.112791066 0.0493867284 0.2453969648
-0.1084349571 0.0494952803 0.2491799653
-0.1044137112 0.0495970672 0.2524567938
-0.100721338 0.0496917604 0.2552978017
-0.0973470011 0.0497792622 0.2577625541
-0.09427617369999999 0.0498596494 0.2599025557
-0.0914918339 0.0499331288 0.2617622224
-0.0641855856 0.2046875 0.3085617699
-0.06328862859999999 0.2047057019 0.3053743649
-0.0623345727 0.2047256325 0.3017919236
-0.0613312779 0.204747347 0.2977700042
-0.0602910812 0.2047708682 0.2932603865
-0.0592319946 0.2047961747 0.2882111128
-0.0581791987 0.2048231845 0.2825669939
-0.0571647923 0.2048517762 0.27626352
-0.0562320254 0.2048817182 0.269236583
-0.0554418007 0.2049125591 0.2614382073
-0.0548758894 0.2049436144 0.2528302041
-0.0546570312 0.204973883 0.2433465568
-0.0547969417 0.2050033555 0.232952152
-0.0553255902 0.2050317857 0.2216316376
-0.0562980112 0.2050587572 0.2093446115
-0.057592062 0.2050855185 0.1960722481
-0.0591643856 0.2051125625 0.1817913326
-0.0608862302 0.2051411832 0.1664893725
-0.06261722090000001 0.2051727512 0.1501660847
-0.0643066657 0.205207666 0.1328534518
-0.0659503597 0.2052457967 0.1146090084
-0.0676586023 0.205285798 0.09552310529999999
-0.0696572003 0.2053250973 0.07571915360000001
-0.07226633389999999 0.2053600821 0.0553611944
-0.0758411873 0.2053866481 0.0346637729
-0.0806912942 0.2054009833 0.0138934702
-0.0869832347 0.2054005912 -0.0066559995
-0.0946684391 0.2053851656 -0.0267211017
-0.1034933366 0.2053566649 -0.0461270713
-0.1130804827 0.2053185659 -0.0648032045
-0.1229952597 0.2052751609 -0.0827659283
-0.1328365468 0.2052305202 -0.1000673566
-0.1422927677 0.2051877899 -0.1167432602
-0.151138364 0.2051491914 -0.1328010905
-0.1592611676 0.2051157049 -0.148203275
-0.1666508935 0.2050872214 -0.1628801592
-0.1733746688 0.2050628374 -0.1767489528
-0.1795417766 0.2050412597 -0.1897338569
-0.1852721115 0.2050211469 -0.2017774654
-0.1906752902 0.2050013238 -0.2128444601
-0.1958264099 0.2049810359 -0.2229276074
-0.2007736321 0.2049598556 -0.2320406181
-0.2055360668 0.2049376991 -0.2402179949
-0.2101136773 0.2049147173 -0.2475102758
-0.2144994439 0.2048911565 -0.2539768436
-0.2186829157 0.204867314 -0.2596834524
-0.2226592867 0.2048434228 -0.2646927334
-0.2264313316 0.2048196221 -0.2690609283
-0.2300136518 0.2047958934 -0.2728300698
-0.233437799 0.2047719798 -0.2760178031
-0.2367718052 0.2047470707 -0.2785750195
-0.2401206241 0.2047195652 -0.2803077044
-0.2434625037 0.2046875 -0.2804835267
-0.2467991393 0.2046515074 -0.2793209932
-0.2503695978 0.2046117034 -0.2776449311
-0.2541043372 0.2045684257 -0.2753397426
-0.2578968354 0.2045222871 -0.27226156
-0.2616051707 0.2044743276 -0.2682938226
-0.2650684949 0.2044258796 -0.2633566033
-0.2681445907 0.2043782449 -0.2574208233
-0.270747673 0.2043322872 -0.250495521
-0.2728590653 0.2042882452 -0.2425995727
-0.274534568 0.2042456207 -0.2337487838
-0.2758610532 0.2042035439 -0.2239359344
-0.2769488439 0.2041608735 -0.2131391771
-0.2779025326 0.2041164974 -0.2013278079
-0.2787926433 0.2040696309 -0.1884692758
-0.2796477589 0.2040199156 -0.1745366016
-0.28042928 0.2039676758 -0.1595118586
-0.2810200812 0.2039140454 -0.1433915318
-0.2812268735 0.2038609673 -0.1261943631
-0.2807757549 0.2038112794 -0.1079754649
-0.2793516348 0.2037683711 -0.088840636
-0.2766488071 0.2037357292 -0.0689594934
-0.2724494753 0.2037161367 -0.0485539531
-0.2666988071 0.2037108325 -0.0278618079
-0.2595355822 0.2037190651 -0.0070871061
-0.2512425818 0.2037384745 0.0136343675
-0.2422110972 0.2037654328 0.0342373749
-0.2328266683 0.2037962817 0.0546862329
-0.2234230824 0.2038278892 0.07493868889999999
-0.2142476156 0.2038580638 0.0949207911
-0.2054275696 0.2038859227 0.1145124106
-0.1969784689 0.2039117781 0.1335584731
-0.1888351371 0.2039367719 0.1518898169
-0.1808902652 0.2039624418 0.1693420104
-0.1730367669 0.2039902637 0.1857704805
-0.1651977305 0.2040213298 0.2010599955
-0.1573532035 0.2040560422 0.2151408111
-0.1495032561 0.2040945205 0.2279720785
-0.141682762 0.2041364906 0.2395310398
-0.133978978 0.2041809084 0.2498824677
-0.1264357813 0.2042273217 0.2590340753
-0.1191445162 0.2042744599 0.2671135794
-0.1121576482 0.2043217199 0.2741516727
-0.1055177908 0.2043682877 0.2802824774
-0.0992729646 0.2044133972 0.2856063113
-0.0934531626 0.2044565612 0.2901888855
-0.0880685029 0.2044974271 0.2941157365
-0.083111662 0.2045357515 0.2974929374
-0.0785706878 0.2045714087 0.3004021294
-0.0744291416 0.204604361 0.302910032
-0.0706666167 0.2046346363 0.30507428
-0.0672602026 0.2046623119 0.3069441694
-0.0346711843 0.359375 0.372900486
-0.0338782831 0.3593518219 0.3691748627
-0.0330476758 0.3593264453 0.3649886072
-0.0321911204 0.3592988009 0.3602901912
-0.0313256407 0.3592688611 0.3550237837
-0.030474867 0.3592366549 0.3491293244
-0.0296706907 0.359202289 0.3425431877
-0.0289532078 0.3591659186 0.3351908318
-0.0283751999 0.3591278416 0.3269983775
-0.0280083649 0.3590886408 0.3179114519
-0.0279472339 0.3590492008 0.3078884948
-0.0283341113 0.3590108152 0.2968570152
-0.0291834332 0.3589734766 0.284773836
-0.0305276749 0.3589374787 0.2716220292
-0.032430277 0.3589033408 0.2573544597
-0.0347512822 0.3588694085 0.2419435786
-0.0374398603 0.3588350022 0.2253590584
-0.0403484002 0.3587984128 0.2075810906
-0.0433164372 0.3587578433 0.18860391
-0.0462849952 0.3587127807 0.1684635649
-0.0492493021 0.3586634386 0.1472288801
-0.0523312485 0.3586115984 0.1250118849
-0.0557885394 0.3585607156 0.1019691057
-0.0599801477 0.358515561 0.0783074936
-0.0653016401 0.3584815384 0.0542931003
-0.07209086169999999 0.358463631 0.0302482721
-0.0805177411 0.3584650534 0.0065182136
-0.0905056221 0.3584861174 -0.0165972349
-0.1017460706 0.3585241402 -0.0389096488
-0.1137939505 0.3585744481 -0.0603545731
-0.1261454878 0.3586313307 -0.080967804
-0.1383405862 0.3586894162 -0.1008225543
-0.1500261297 0.3587446098 -0.1199678304
-0.1609496861 0.3587940686 -0.1384168448
-0.170989457 0.3588366104 -0.1561269434
-0.1801386694 0.3588724789 -0.1730158145
-0.1884772572 0.3589029429 -0.188983952
-0.1961320506 0.3589297636 -0.2039387162
-0.2032399256 0.3589547294 -0.217809139
-0.2099259844 0.3589793989 -0.2305499356
-0.2162760401 0.3590047663 -0.2421494734
-0.2223411719 0.3590313348 -0.2526236686
-0.2281440391 0.3590592061 -0.2620110774
-0.2336849268 0.3590881599 -0.2703694154
-0.2389544224 0.3591178231 -0.2777682396
-0.2439435334 0.3591478079 -0.2842821357
-0.2486493737 0.3591778039 -0.2899830475
-0.253080042 0.3592076543 -0.2949347464
-0.2572579611 0.3592374205 -0.2991854349
-0.2612248774 0.3592674872 -0.3027550463
-0.2650599972 0.359298948 -0.3055873358
-0.2688770203 0.3593339221 -0.3074595124
-0.2726187715 0.359375 -0.3075382821
-0.2762902228 0.3594213546 -0.3060517165
-0.2802036047 0.3594728587 -0.3039255626
-0.2842737415 0.3595289898 -0.3010513609
-0.2883711612 0.3595889168 -0.2972737007
-0.2923259389 0.3596512412 -0.2924683063
-0.2959493142 0.3597142072 -0.2865493125
-0.2990766393 0.3597760984 -0.2794897156
-0.3016123773 0.3598357988 -0.2713048453
-0.3035323501 0.3598929745 -0.2620119023
-0.3049037359 0.3599483088 -0.2516263379
-0.3058256518 0.3600029521 -0.2401341107
-0.3064225312 0.3600584032 -0.2275035684
-0.3068117679 0.3601161182 -0.213693882
-0.3070719206 0.3601771241 -0.1986642
-0.3072317195 0.3602418619 -0.1823826294
-0.3072437428 0.3603098754 -0.1648315134
-0.3069705185 0.360379632 -0.1460139967
-0.306189609 0.3604485455 -0.1259626515
-0.3045882067 0.3605128539 -0.1047556588
-0.3018117513 0.3605681041 -0.08253049630000001
-0.2975217619 0.3606097439 -0.0594962541
-0.2914851899 0.360634176 -0.0359166217
-0.2836590307 0.3606398697 -0.0120644035
-0.2742219576 0.36062793 0.0118351428
-0.2635152694 0.3606015865 0.0356410557
-0.2519992783 0.3605657071 0.0592955863
-0.2401233848 0.3605251573 0.0827716619
-0.2282727063 0.3604840434 0.1060296781
-0.2167293642 0.3604451728 0.1289887557
-0.205636674 0.3604095936 0.1515101477
-0.1950111018 0.360376783 0.1734115308
-0.1847766442 0.3603451201 0.1944912392
-0.1748125635 0.3603125094 0.2145527308
-0.1649994319 0.36027696 0.2334227754
-0.1552577251 0.3602370688 0.2509659694
-0.1455673 0.3601922935 0.2670997243
-0.1359340794 0.3601425194 0.2817774206
-0.1264032006 0.3600881573 0.2949762189
-0.117071666 0.3600305806 0.3067737959
-0.107992757 0.3599704257 0.3171823401
-0.0992635301 0.3599093482 0.3263523991
-0.09094149510000001 0.3598481362 0.3343232235
-0.0830688544 0.3597878547 0.3412495757
-0.0756924622 0.3597294837 0.3472508154
-0.06884132129999999 0.359673643 0.3524042604
-0.06252151540000001 0.3596207819 0.3568086787
-0.0567179523 0.359571215 0.3605886273
-0.0514127354 0.3595251026 0.3638366527
-0.0465830586 0.3594824921 0.3666302874
-0.0422023527 0.3594433461 0.3690358428
-0.038241736 0.3594075641 0.371109867
-0.0011061004 0.5140625 0.4574315189
-0.0002605454 0.5139817296 0.4529713006
0.0006076399 0.5138936758 0.4479645338
0.0014792948 0.5137982395 0.442351379
0.0023278416 0.5136955055 0.4360673485
0.0031174915 0.5135858024 0.4290435002
0.0038012796 0.5134697759 0.4212072223
0.0043142371 0.5133484999 0.4124732804
0.004577077 0.5132235448 0.4027590447
0.004508659 0.5130968724 0.3920097408
0.0040114821 0.5129711537 0.3801857625
0.002907408 0.5128511972000001 0.3672086848
0.0011596637 0.5127377013 0.353037753
-0.0012890403 0.512632328 0.3376577012
-0.0045360719 0.5125377063 0.3210257659
-0.0084824479 0.5124504056 0.3031224548
-0.0131079002 0.5123694782 0.283923172
-0.0183039362 0.5122912925999999 0.2634176544
-0.0239140275 0.5122107051 0.2415976151
-0.0298598762 0.512125591 0.2184965786
-0.0360813588 0.5120347566 0.1941767979
-0.042600506 0.5119401728 0.1687424635
-0.0495326478 0.5118473715 0.1423447623
-0.0570763834 0.5117652244999999 0.1151887454
-0.0654681396 0.5117045057 0.08753637440000001
-0.074920073 0.5116758353999999 0.0597016722
-0.0855380035 0.5116866535 0.0320206511
-0.0972615996 0.5117386769 0.0047988339
-0.1098638031 0.5118272497 -0.0217406043
-0.1230100955 0.5119431072 -0.0474698349
-0.1363093486 0.5120741679 -0.07234366840000001
-0.1493869094 0.5122083963 -0.0963567956
-0.1619359115 0.5123360005000001 -0.1194996572
-0.1737293835 0.5124500022 -0.1417435715
-0.1846416203 0.5125470694000001 -0.1630277269
-0.1946506676 0.5126275365 -0.1832650551
-0.2038154911 0.5126944506 -0.2023600142
-0.2122468105 0.5127524267 -0.2202262607
-0.2200736997 0.5128063899999999 -0.2367994086
-0.2274240067 0.5128609508999999 -0.2520399878
-0.2343957503 0.5129193597 -0.2659407802
-0.2410560948 0.5129835294 -0.2785219555
-0.2474476023 0.5130543577 -0.2898246127
-0.2535842048 0.5131315323 -0.2999113883
-0.2594705841 0.5132143442 -0.3088540254
-0.2651011363 0.5133016239 -0.3167351574
-0.2704774357 0.5133925086 -0.3236306936
-0.275605826 0.5134863507 -0.3296118774
-0.2805069171 0.513583176 -0.3347319643
-0.2852226016 0.5136841034 -0.339010357
-0.289836912 0.513792712 -0.3423746602
-0.2944692294 0.5139161798 -0.3445473364
-0.2989992337 0.5140625 -0.3445375477
-0.3033484592 0.51422627 -0.3425849205
-0.3078342413 0.5144052694 -0.3397289953
-0.3123233158 0.5145963047 -0.3358776938
-0.3166982445 0.5147965574 -0.3309501322
-0.3208350514 0.5150028561 -0.3248771162
-0.3245947961 0.5152114046 -0.3176011782
-0.3278434505 0.5154182412 -0.3090918798
-0.3304760437 0.5156200984 -0.2993391915
-0.332424089 0.5158148574 -0.28833558
-0.3336678651 0.5160019828 -0.27607284
-0.3342223649 0.5161821896 -0.2625319841
-0.3341286092 0.516357138 -0.2476846386
-0.3334522024 0.5165293563 -0.2314974715
-0.3322615871 0.5167014859 -0.2139341552
-0.3306100236 0.5168756436 -0.194961365
-0.3285122479 0.5170525825 -0.1745559168
-0.3259113494 0.5172304676 -0.1527176433
-0.3226723995 0.5174045264 -0.1294808886
-0.3185750608 0.5175666284 -0.1049308305
-0.3133480498 0.5177062663000001 -0.0792133758
-0.3067215497 0.517812158 -0.0525430336
-0.2985181075 0.5178755001999999 -0.0251763362
-0.2887226912 0.5178925992 0.002619444
-0.2775161859 0.5178666117 0.0306206074
-0.2652254493 0.5178061882 0.0586691434
-0.2522703814 0.5177237117 0.0866670859
-0.2390415138 0.5176307345 0.11452671
-0.2258480652 0.5175358972 0.1421360149
-0.2128805538 0.5174434554 0.1693366973
-0.2002038518 0.5173530198 0.1959213543
-0.1877922089 0.5172609531 0.2216554485
-0.1755840781 0.5171625141 0.2463091505
-0.1635270445 0.5170536265 0.2696840988
-0.1516134579 0.5169322991999999 0.2916347255
-0.1398781081 0.5167985499 0.3120693626
-0.1283865117 0.5166539843 0.330946136
-0.1172180196 0.5165011502 0.3482639
-0.1064100887 0.5163411268 0.3640121386
-0.09604585 0.5161775136 0.3782671985
-0.0860572298 0.5160077112 0.3909951449
-0.07654748879999999 0.5158369836 0.402357079
-0.06736786710000001 0.5156592397999999 0.4122446125
-0.0585733301 0.5154788935 0.4208779991
-0.0502379083 0.515299324 0.4283398451
-0.0423504166 0.5151198666 0.4346045218
-0.0349320648 0.5149426183 0.439789899
-0.0280289889 0.5147719378 0.4441356344
-0.0216478105 0.5146097316 0.4477830396
-0.015782895 0.5144571971 0.4508472475
-0.0104193684 0.5143150143 0.4534250738
-0.0055357573 0.5141834588999999 0.4555973863
0.0357071816 0.66875 0.5667948964
0.0365058958 0.6686143013 0.5615236151
0.0372997286 0.668467026 0.5556060433
0.0380606897 0.6683082566 0.5489713261
0.0387510922 0.6681384515 0.5415430787
0.0393212679 0.6679585614 0.5332395696
0.039706922 0.6677701672 0.5239741564
0.0398162588 0.6675759487 0.5136462686
0.0395393282 0.6673794565 0.5021540695
0.0387899488 0.6671838624999999 0.489439006
0.0374729188 0.6669932118 0.4754660123
0.0353752822 0.6668163647000001 0.460146323
0.0324337256 0.6666556380000001 0.4434361895
0.0285536917 0.6665155364000001 0.4253274094
0.0236019616 0.6664018781 0.4057795272
0.0176085899 0.6663131327 0.3847897506
0.0105551841 0.6662499092 0.3623418766
0.0024861635 0.6662101884 0.3384450556
-0.0064500303 0.6661865147 0.3130911818
-0.0161517918 0.6661744523000001 0.2863112001
-0.0264856515 0.6661683973 0.2581579679
-0.0373284837 0.6661638867 0.2287188845
-0.0485975524 0.6661593258 0.1981294802
-0.0602572503 0.6661564014 0.1665778823
-0.072313669 0.6661597772 0.1343027588
-0.0847919042 0.6661758199 0.1015847505
-0.0977046761 0.6662107213 0.0687282618
-0.1110155126 0.6662681911 0.0360343633
-0.1246180436 0.6663479423999999 0.0037737627
-0.1383415196 0.6664456959 -0.0278278819
-0.1519663099 0.6665538813 -0.0585932851
-0.1652537976 0.6666632648 -0.0883850328
-0.177981488 0.6667649419 -0.1170911108
-0.1899765912 0.6668522631 -0.1446099851
-0.2011281849 0.666921505 -0.1708466586
-0.2114052192 0.6669728515 -0.1957074837
-0.2208435951 0.6670096235 -0.2191074757
-0.2295303935 0.6670373772 -0.2409772181
-0.2375827549 0.6670627708 -0.2612679241
-0.2451205691 0.6670921205 -0.2799569409
-0.2522526493 0.6671307378 -0.297046724
-0.2590629776 0.6671822616 -0.3125643626
-0.265613941 0.6672489326 -0.3265552677
-0.271938601 0.6673312004 -0.3390838672
-0.2780560546 0.6674286497 -0.350224291
-0.2839689484 0.6675398594 -0.3600613867
-0.2896816084 0.6676635476 -0.3686769115
-0.295202639 0.6677987632 -0.3761460445
-0.3005516206 0.6679453806 -0.3825283765
-0.3057718747 0.6681051435000001 -0.3878451762
-0.3109557096 0.6682842014 -0.3920086362
-0.3162328667 0.668495 -0.3946873713
-0.3214290149 0.66875 -0.3947305332
-0.3263343234 0.6690351852999999 -0.3923397558
-0.3312321909 0.6693437486 -0.3886503486
-0.3359360005 0.6696669895 -0.3836357188
-0.3403537857 0.6699997205 -0.3773319887
-0.3444344204 0.6703391953 -0.3697517045
-0.3481187497 0.6706828943000001 -0.3608734124
-0.3513242151 0.6710274671999999 -0.3506580647
-0.3539412677 0.6713683926 -0.33905801
-0.3558359158 0.6717000013 -0.3260225634
-0.3568757368 0.6720164802 -0.3115131292
-0.3569451113 0.6723126393 -0.2955022793
-0.3559708978 0.6725852396000001 -0.2779702462
-0.3539398779 0.6728339863 -0.2588975498
-0.3509007791 0.6730617521 -0.2382582806
-0.3469334559 0.6732730589 -0.2160201156
-0.342136904 0.6734733169 -0.1921536791
-0.3365646222 0.6736652767 -0.1666525839
-0.3302134807 0.6738482018 -0.139548667
-0.323001961 0.6740165385 -0.1109262138
-0.3147886661 0.6741606721 -0.0809303869
-0.3054215277 0.6742695286 -0.0497574259
-0.2948102553 0.6743344238 -0.017639201
-0.2829861531 0.6743525424 0.0151860321
-0.2701283423 0.6743287811000001 0.0485038317
-0.2565336888 0.6742744019 0.0821308822
-0.2425473636 0.6742033365 0.1158998372
-0.2284598016 0.6741264279 0.1496217689
-0.2144537627 0.6740484693 0.1830667933
-0.2005736152 0.6739665645 0.2159570471
-0.1867571544 0.6738720267 0.2479849113
-0.1729082017 0.6737545659 0.278846537
-0.1589764719 0.673606924 0.308280357
-0.1450019141 0.6734275878 0.3360960455
-0.1311287499 0.673221845 0.3621945074
-0.1175542258 0.6729990025 0.3865537192
-0.1044604741 0.6727683473 0.4091912386
-0.0920294037 0.6725399616 0.4301687366
-0.0802901954 0.6723154494 0.4494953636
-0.0693025813 0.6720989619 0.467237348
-0.0588345263 0.6718772962 0.4832973043
-0.0489925526 0.6716586919 0.4978390906
-0.0393433015 0.6714161742 0.5105541201
-0.0299584112 0.6711586747 0.5217380178
-0.0209429407 0.670891891 0.5314195399
-0.0122278879 0.6706093174 0.5394286597
-0.0038540974 0.6703155221 0.5459052492000001
0.0040484835 0.6700240836 0.5512420914
0.0114383741 0.6697407639 0.5556426376
0.0182964609 0.6694695282999999 0.5592723114
0.0246197175 0.6692130388 0.5622685434
0.030417282 0.668972922 0.5647449087
0.0655168647 0.8234375 0.6610877120999999
0.06551574640000001 0.823312527 0.6552491689
0.0654191214 0.8231779453 0.648699694
0.0651910503 0.8230342274 0.6413626565
0.0647858204 0.8228822998 0.6331558034
0.0641459098 0.822723671 0.6239916016
0.0631990516 0.8225606296 0.6137784668
0.0618375144 0.8223972966999999 0.602413006
0.0599558407 0.8222375851 0.5897883204
0.0574847467 0.8220839451 0.5758285898
0.0543413241 0.8219402134 0.5604853946
0.0503211367 0.8218165567 0.5436721676
0.0453855498 0.8217137101 0.5253171805
0.039432085 0.8216372656000001 0.5054003753
0.0323647838 0.8215915855 0.4838620628
0.0241946662 0.8215756415 0.4606846058
0.0149243894 0.8215885888 0.4358359465
0.0045940507 0.8216280891 0.4093170379
-0.0066487475 0.8216851888 0.3811150468
-0.0186886582 0.8217537704 0.3512609886
-0.0313740637 0.8218261793 0.319813677
-0.0445490772 0.821895369 0.2868720153
-0.0580820823 0.8219568362 0.2525869669
-0.07187573160000001 0.8220092312 0.2171628781
-0.08587025099999999 0.8220544715 0.1808534468
-0.1000229676 0.8220962185 0.1439467864
-0.1143027443 0.8221393335 0.1067554614
-0.1286567836 0.822187457 0.069594448
-0.1429959855 0.8222418128 0.032765515
-0.1571887487 0.8223005523 -0.0034563935
-0.1710690628 0.8223590675 -0.038830756
-0.1844553847 0.8224110733 -0.0731526394
-0.197176518 0.8224502116 -0.1062490493
-0.2091043646 0.8224721638 -0.1379699425
-0.2201555862 0.8224747406 -0.168188823
-0.2303117306 0.8224591965 -0.1967964636
-0.2396091077 0.8224295549 -0.2237046931
-0.2481225711 0.8223915703 -0.248850357
-0.2559552232 0.8223521157 -0.2721955173
-0.2632141806 0.8223176979 -0.2937305252
-0.27000074 0.8222939366000001 -0.31347116
-0.2764022951 0.8222851609 -0.3314550468
-0.2824840028 0.8222939561 -0.3477404723
-0.2882940365 0.8223215947 -0.3624002979
-0.2938644002 0.8223681544 -0.3755187601
-0.2992125446 0.8224326539 -0.3871895128
-0.3043545666 0.8225140587000001 -0.3975050396
-0.3093055147 0.8226113649 -0.4065536071
-0.3140890804 0.8227243634 -0.4144099436
-0.3187450289 0.8228544469 -0.42111818
-0.3233533935 0.8230072407 -0.4266351978
-0.328030958 0.8231946717 -0.4307247638
-0.3327860195 0.8234375 -0.432440378
-0.3380608643 0.8238089802 -0.4295806546
-0.3430760228 0.8242013429 -0.4250324186
-0.347752109 0.8246056705 -0.418994299
-0.3521126428 0.8250207382 -0.4115882922
-0.3561710482 0.8254466654 -0.4028458448
-0.3598969411 0.8258823824 -0.3927335563
-0.3632144263 0.8263247728000001 -0.38118849
-0.3659874582 0.8267676345 -0.368126789
-0.3680336954 0.8272019181 -0.3534701623
-0.3691420924 0.8276165875 -0.3371543837
-0.3691107447 0.8280005204999999 -0.3191443726
-0.3677884561 0.8283451164 -0.2994262847
-0.3651116979 0.8286467786 -0.2779936677
-0.3611193041 0.8289081353 -0.2548304888
-0.3559260162 0.8291366422000001 -0.229903635
-0.3496921614 0.8293425787000001 -0.2031736451
-0.3425560572 0.8295345433 -0.1746188757
-0.3345918137 0.8297164373 -0.1442607997
-0.3257830646 0.8298855538 -0.1121809609
-0.3160201003 0.8300321884 -0.0785312168
-0.305161804 0.8301435641 -0.0435205845
-0.2930976597 0.8302077648 -0.0074018284
-0.279828191 0.8302191783 0.0295617569
-0.2655068966 0.8301815669 0.06712455019999999
-0.2504210138 0.8301071654 0.1050692222
-0.2349245377 0.830012478 0.1431943938
-0.2193258363 0.8299108574 0.181276743
-0.2038247336 0.8298083751000001 0.2190509654
-0.1884678077 0.8297009778 0.2561997537
-0.1731802015 0.8295767918 0.2923742326
-0.1578472846 0.8294217329 0.3272316308
-0.1424048451 0.8292257088 0.3604769524
-0.1269014574 0.8289870555 0.3918993021
-0.1115131457 0.82871389 0.421394485
-0.09648245499999999 0.8284201834 0.4489489657
-0.0820394373 0.8281201977 0.4745969702
-0.0684252716 0.8278301083 0.4984314902
-0.0556899399 0.8275534436 0.5204800421
-0.0439138631 0.827296661 0.5408231789
-0.032847528 0.8270431655 0.5593710527
-0.0225853574 0.826801897 0.5762817923
-0.012653972 0.8265387532 0.5912626246
-0.0030219262 0.8262566421999999 0.6045360322
0.0061559644 0.8259669293 0.6162073421000001
0.0150593135 0.8256539205 0.6260371858
0.0237238131 0.825317104 0.6340999322999999
0.0319842464 0.8249750152000001 0.6408073578
0.0397531672 0.8246382173 0.6464124284
0.0469974414 0.8243126264 0.6511003778
0.0537033316 0.8240023748999999 0.6550264054
0.0598722467 0.8237101486 0.6583197568
0.0881812205 0.978125 0.7308366137
0.08703321310000001 0.9780836488 0.7246077955
0.0856690889 0.9780402993 0.717631353
0.0840450281 0.9779955527 0.7098296121
0.0821082844 0.9779502814 0.7011200106
0.079795625 0.9779056962 0.6914156742999999
0.0770292284 0.9778635259 0.6806272169000001
0.07369329099999999 0.9778269053999999 0.6686628645
0.06969708719999999 0.9777978925 0.6554215343000001
0.0650002333 0.9777767313 0.6408089989
0.0595397985 0.9777648021000001 0.6247521687000001
0.0531418042 0.9777676592 0.6071747542
0.0458151502 0.9777835217 0.5879714747
0.037472159 0.977815044 0.5670929809
0.0280897016 0.9778619710999999 0.5444568321
0.0176849301 0.9779229668 0.5200125123
0.0063094562 0.9779952924999999 0.4937020937
-0.0059752635 0.9780763439 0.465505378
-0.0190275707 0.9781605115000001 0.4354040101
-0.0327248354 0.9782435812 0.4034293664
-0.046926251 0.978321184 0.3696519294
-0.0614955387 0.9783897984 0.3341918044
-0.07632067050000001 0.9784475932 0.2972261123
-0.0913092601 0.9784941689 0.2589821422
-0.1063976254 0.9785308755 0.2197361753
-0.1215237255 0.9785595334 0.1797944116
-0.1366240063 0.978582186 0.1394835634
-0.1516124651 0.9786000593 0.0991327055
-0.1663742994 0.9786131469 0.0590604302
-0.1807695867 0.9786202153 0.0195650435
-0.1946465456 0.9786192294 -0.0190810697
-0.2078537717 0.9786077532 -0.0566359339
-0.2202645858 0.9785838985 -0.09288610849999999
-0.2317964556 0.9785470719 -0.1276457002
-0.2424044058 0.9784976807 -0.1607597706
-0.2520924881 0.9784375942 -0.192102463
-0.2609067023 0.9783698392 -0.2215789835
-0.2689143756 0.9782977898 -0.2491289905
-0.2762030887 0.9782251553 -0.2747236105
-0.2828618953 0.9781552669 -0.2983657348
-0.2889797386 0.9780911082 -0.3200834842
-0.2946334575 0.9780348687 -0.3399296644
-0.2998887376 0.9779880664 -0.3579753746
-0.3048019476 0.9779516767999999 -0.374305508
-0.3094176808 0.9779260911 -0.3890151597
-0.3137667392 0.9779110381 -0.4022099733
-0.317881392 0.9779063487 -0.4139919851
-0.3217848839 0.9779114874 -0.4244651109
-0.3255058742 0.9779262652 -0.4337228168
-0.329078222 0.977950917 -0.4418419795
-0.3325562922 0.9779870242000001 -0.4488576602
-0.3360285729 0.978038871 -0.4547012297
-0.3397903469 0.978125 -0.4588316854
-0.3453591905 0.9783815938 -0.4554664064
-0.3503490152 0.9786440094 -0.4500636663
-0.3548620533 0.9789094869 -0.4431105925
-0.3590873317 0.9791824566 -0.4348073872
-0.3631047982 0.9794656567 -0.4251751823
-0.3668963198 0.9797592761 -0.4141498134
-0.3703714652 0.9800612096 -0.4016344214
-0.3733650987 0.9803667448 -0.3875160828
-0.3756464992 0.9806685706 -0.3716903787
-0.3769409946 0.9809574477 -0.3540722707
-0.3769754941 0.9812235975 -0.3346206293
-0.3755294114 0.9814587817 -0.3133273759
-0.3725042472 0.9816591502000001 -0.2902016074
-0.3679314183 0.9818259620000001 -0.2652376549
-0.3619634058 0.9819654582 -0.2384014586
-0.3548224578 0.9820867684 -0.2096402716
-0.3467196105 0.9821984437 -0.1789129803
-0.3377912693 0.9823055697999999 -0.1462251022
-0.3280583342 0.9824079056 -0.111652505
-0.3174104112 0.9824991043 -0.0753546836
-0.305668141 0.9825692229 -0.0375629559
-0.2926545219 0.9826076344 0.0014340338
-0.2783048526 0.9826077219 0.0413302096
-0.2627278131 0.9825696719 0.0818373516
-0.2462083977 0.9825008961 0.1227075048
-0.2291399308 0.9824133671 0.1637266074
-0.2118985771 0.9823182954 0.2046722917
-0.1947630874 0.9822227027 0.2452853316
-0.1778480122 0.9821266207 0.2852494483
-0.1611139325 0.9820236512 0.3242044029
-0.1444470363 0.9819045196 0.3617853561
-0.1277594852 0.9817614984 0.397668979
-0.1110685069 0.9815919702 0.4316151905
-0.09452501419999999 0.9813998966 0.463495466
-0.0783628569 0.9811937315 0.4932806825
-0.0628294284 0.9809833205 0.521006178
-0.0482058944 0.9807808346 0.5467843151
-0.034575318 0.9805900471 0.5706612423
-0.0220599553 0.980417024 0.5927426279
-0.0104610417 0.9802535536 0.6129778179000001
0.0001480943 0.9801043820999999 0.6315117121
0.0101639298 0.9799520698 0.6481653744
0.0197838981 0.9797901664999999 0.6630142291
0.0287890539 0.9796302582 0.6763004299000001
0.0374974878 0.9794565149 0.6877457902
0.0460683154 0.9792624608 0.6973172481
0.0543241051 0.9790597615 0.7053781142
0.062123118 0.9788578097 0.7122244142
0.0694222427 0.9786608114999999 0.7180450864
0.0761994755 0.9784717862 0.7230007027000001
0.0824498528 0.9782927647 0.7272266108
0.0979005835 1.1328125 0.7704459664
0.09578240440000001 1.132812127 0.764078866
0.0933559709 1.1328119024 0.756948906
0.0905745219 1.1328118941 0.7489772011
0.08738409900000001 1.1328121898 0.7400800087
0.0837226298 1.1328129004 0.7301693173
0.07951690810000001 1.1328141705 0.7191543131
0.07465711 1.1328162872 0.70694595
0.0690774044 1.1328193418 0.6934408564
0.06274697730000001 1.13282333 0.6785403669
0.0556056501 1.1328283819 0.6621646991
0.0475227323 1.1328348662 0.6442355399
0.0385285907 1.1328425187 0.6246293345
0.0285439186 1.132851558 0.6032831102
0.017601021 1.1328617292 0.5800931578
0.0057185694 1.1328728769 0.5549889373
-0.0070137295 1.1328845677 0.5278930864
-0.0205183303 1.1328964682 0.4987698583
-0.0346506543 1.1329080075 0.4675938704
-0.0492857192 1.1329187627 0.4343969462
-0.06429414109999999 1.1329283576 0.3992584809
-0.0795598035 1.1329365486 0.3623148403
-0.0949969727 1.13294326 0.3237645671
-0.110529274 1.1329485619 0.2838533707
-0.1261010547 1.1329526234 0.2428743939
-0.1416403279 1.1329555966 0.2011445415
-0.1570562228 1.1329575755 0.1589951662
-0.1722313721 1.1329585544 0.1167584585
-0.1870180694 1.1329583994 0.0747559961
-0.2012659107 1.1329569513 0.0332973041
-0.214831125 1.1329540567 -0.0073261033
-0.2275913219 1.1329496153 -0.0468456878
-0.2394641079 1.1329436478 -0.0850175235
-0.2504112512 1.1329362993 -0.1216287049
-0.2604265402 1.1329277778 -0.1565027193
-0.2695312301 1.1329183411 -0.1895033908
-0.2777669363 1.1329082782 -0.2205354935
-0.2851859695 1.1328978345 -0.2495438931
-0.2918481944 1.1328872459 -0.2765102067
-0.2978165101 1.1328767197 -0.3014480971
-0.3031573773 1.1328664438 -0.3243962434
-0.3079420761 1.1328566018 -0.3454141317
-0.3122423523 1.1328473611 -0.3645782465
-0.316131543 1.1328388784 -0.381978097
-0.3196767392 1.1328312845 -0.3977147798
-0.3229391492 1.1328246634 -0.4118963105
-0.3259745734 1.1328190862 -0.4246326249
-0.3288318563 1.132814598 -0.4360305594
-0.3315563461 1.1328112329 -0.4461904253
-0.3341898159 1.1328090391 -0.4551987279
-0.3367824162 1.1328081251 -0.4631071096
-0.3393853354 1.1328086916 -0.4699050083
-0.3423705789 1.1328125 -0.4752763932
-0.3478109549 1.1328372398 -0.4715058937
-0.3524327713 1.1328619334 -0.4654729829
-0.3565085529 1.1328866355 -0.4578988781
-0.3603409185 1.1329121402 -0.4490243158
-0.3640474982 1.1329388702 -0.4388540094
-0.3676184003 1.1329668998 -0.4273020426
-0.3709517729 1.1329960118 -0.4142477042
-0.3738700977 1.1330257269 -0.3995588822
-0.3761165711 1.1330552642 -0.3831124828
-0.3773838341 1.133083627 -0.3648091695
-0.3773599497 1.1331097365 -0.3445999131
-0.3757872729 1.1331326597 -0.3224766067
-0.3725424033 1.1331519248 -0.2984537811
-0.3676470635 1.1331676113 -0.2725305218
-0.361270299 1.1331803803 -0.2446724477
-0.3536610997 1.1331912145 -0.2148211393
-0.3450650248 1.1332010818 -0.1829265022
-0.3356564213 1.133210616 -0.1489849025
-0.3254772862 1.1332198777 -0.1130688524
-0.3144205002 1.1332282624 -0.0753404542
-0.302287083 1.1332347289 -0.036041675
-0.2888660345 1.1332381082 0.0045217797
-0.2740524279 1.1332375926 0.046020555
-0.2579238247 1.1332330597 0.08814155899999999
-0.2407538934 1.1332251658 0.1306166294
-0.2229508417 1.1332151157 0.1732216737
-0.2049263321 1.133204128 0.2157336653
-0.18700685 1.1331930687 0.2578981778
-0.1693532236 1.1331821206 0.2994031193
-0.1519568351 1.1331707855 0.3398873095
-0.1347128171 1.1331581981 0.37897883
-0.1175218128 1.1331435581 0.4163416442
-0.100379629 1.1331265214 0.45172002
-0.0834140896 1.1331073692 0.4849688374
-0.0668441152 1.1330868498 0.5160455187
-0.0509189577 1.1330659183 0.544981092
-0.0359392557 1.1330458334 0.5718953609
-0.0220099913 1.1330270559 0.5968459249
-0.0092804472 1.1330102904 0.6199528381
0.0024001142 1.1329949672 0.641199423
0.0129775004 1.1329814496 0.6607162914
0.0227718729 1.1329684633 0.6784205505999999
0.0320928227 1.1329548385 0.6942833486
0.0406867521 1.132941927 0.7086346462999999
0.0489588113 1.1329278811 0.7211923958999999
0.0571574229 1.132911651 0.7318480173
0.06510843970000001 1.1328942791 0.7409148406
0.07263816369999999 1.132876803 0.748706218
0.0796995868 1.1328596332 0.7554072407
0.0862670718 1.1328430686 0.7611770877
0.0923324156 1.1328273139 0.7661514929
0.08844745950000001 1.2875 0.7736552249999999
0.0860033019 1.2874853751 0.7674377875
0.0832389013 1.2874679945 0.7604604356
0.0801136537 1.2874472989 0.752640493
0.0765822832 1.2874226153 0.7438890049
0.0725945157 1.2873931379 0.7341109925
0.0680928873 1.2873578147 0.7232064349
0.0630082507 1.287315238 0.7110642286
0.0572928019 1.2872650549 0.6975671143
0.0508887136 1.2872059286 0.6826325784
0.0437035065 1.2871345666 0.6662039077
0.0356545548 1.2870488409 0.6481773897999999
0.0267390174 1.2869503027 0.6284435843
0.0168663874 1.2868357624 0.6069448605
0.006075301 1.2867085921 0.5835747764
-0.0056249439 1.2865702189 0.5582675973
-0.0181353063 1.286426334 0.5309429387
-0.0313724792 1.2862812593 0.5015635139
-0.0451814762 1.2861424045 0.4701010678
-0.0594330593 1.2860150951 0.4365876406
-0.0740015606 1.2859037123 0.401106364
-0.0887870316 1.285810528 0.3638023807
-0.1037245085 1.2857352818 0.3248832578
-0.1187728638 1.2856758291 0.284609433
-0.1338982192 1.2856290752 0.2432820172
-0.1490394733 1.2855928404 0.2012223325
-0.1640961439 1.2855666098 0.1587587422
-0.1789288516 1.2855516705 0.116216256
-0.1933613351 1.2855511587 0.0739075782
-0.2072195383 1.285568258 0.0321358505
-0.2203529361 1.2856052606 -0.0088067119
-0.2326478958 1.2856630711 -0.0486457052
-0.2440479929 1.2857403305 -0.0871270004
-0.2545402054 1.2858342243 -0.1240289592
-0.2641367725 1.2859414162 -0.1591700256
-0.2728613086 1.2860587528 -0.1924139476
-0.2807390595 1.2861837101 -0.2236702775
-0.2877924338 1.2863145563 -0.2528918824
-0.2940453003 1.2864500594 -0.2800684887
-0.2995309545 1.286589007 -0.3052187546
-0.3042969787 1.2867298544 -0.3283815989
-0.3084139873 1.2868702729 -0.3496124047
-0.311971476 1.2870072983 -0.3689805283
-0.315072323 1.2871375722 -0.3865689056
-0.3178233439 1.2872577529 -0.4024731002
-0.3203275434 1.2873648063 -0.416797545
-0.32268444 1.2874558591 -0.4296469242
-0.3249788436 1.2875286356 -0.4411217386
-0.3272993 1.2875803838 -0.4513023911
-0.3297253581 1.2876082733 -0.4602377663
-0.3323445179 1.2876077219 -0.4678859228
-0.3351796741 1.2875746875 -0.4740505573
-0.3382560152 1.2875 -0.4782078856
-0.3429513975 1.2872297398 -0.4743679442
-0.3467900531 1.2869627214 -0.4682258365
-0.3501776075 1.2866930145 -0.4605850574
-0.3533978317 1.286411231 -0.4516662172
-0.3565426713 1.2861132276 -0.4414690235
-0.3595906899 1.2857986453 -0.4299071857
-0.3624381064 1.2854703273 -0.4168615353
-0.3649142937 1.2851339534 -0.4022017045
-0.3667794719 1.2847984229 -0.3858042632
-0.3677507184 1.2844749172 -0.3675679687
-0.3675406197 1.2841754855 -0.3474349546
-0.3659135117 1.283910422 -0.3253848025
-0.3627480344 1.2836851997 -0.3014181825
-0.3580559569 1.2834991553 -0.2755263983
-0.351979611 1.2833453608 -0.2476754522
-0.3447306206 1.2832135128 -0.2178146518
-0.3365199542 1.2830935122 -0.1859046885
-0.3274976227 1.2829786795 -0.1519502907
-0.3176932987 1.2828688492 -0.1160277407
-0.3070074026 1.2827709388 -0.07829575549999999
-0.2952600216 1.2826966359 -0.0389883017
-0.2822648883 1.2826588449 0.0016000145
-0.2679357872 1.2826663437 0.0431499824
-0.2523562614 1.2827200998 0.0853534448
-0.2357887683 1.2828124603 0.1279392231
-0.218618033 1.2829297064 0.1706727734
-0.2012320892 1.2830579736 0.2133193653
-0.1839396089 1.2831874038 0.255615941
-0.1668964447 1.283315792 0.2972489992
-0.150101321 1.2834486486 0.3378631044
-0.1334633713 1.2835956168 0.3770963173
-0.1168948153 1.2837656557 0.4146222175
-0.1003942839 1.2839626695 0.4501903584
-0.0840810322 1.2841835516 0.483653343
-0.0681585227 1.2844199281 0.5149600648
-0.0528597122 1.2846610079 0.5441304225
-0.0384675158 1.2848924509 0.5712690674999999
-0.0250829236 1.2851089 0.596428884
-0.0128507684 1.2853020932 0.6197234785
-0.0016388957 1.2854780542 0.6411479427
0.008503583800000001 1.2856326712 0.6608261959
0.0178625885 1.2857796729 0.6787022469
0.0267274859 1.2859323487 0.6947588576
0.0348683945 1.2860756536 0.7093022081
0.0426658485 1.2862302901 0.7220993541
0.0503643164 1.2864086341 0.7330608675
0.0578192524 1.2865999258 0.7424639870999999
0.0648674239 1.2867923294 0.7506012691
0.07146805420000001 1.2869813226 0.75764784
0.0775999616 1.2871636274 0.7637552157
0.0832576559 1.2873369972 0.7690537163
0.0576068056 1.4421875 0.7515307297
0.0552235824 1.4421407706 0.7455170942
0.052537509 1.4420871356 0.7387668263
0.0495125382 1.4420255237 0.7311993467
0.0461090308 1.4419546941 0.7227278369
0.0422836324 1.4418732154 0.7132594529
0.0379883568 1.4417793475 0.7026958762
0.0331715715 1.4416713683 0.6909270264
0.0277897361 1.4415484794 0.6778414324000001
0.0217774752 1.4414064262 0.6633588691
0.0150419366 1.4412373006 0.6474185690000001
0.0075205373 1.4410380016 0.6299159823
-0.0007944337 1.4408113519 0.6107469201
-0.0099820142 1.4405509657 0.589849786
-0.0200004005 1.4402649712 0.5671217641
-0.0308363326 1.4399570939 0.5424975583
-0.0423900105 1.439640812 0.5159006296
-0.0545781129 1.4393263693 0.4872958344
-0.06725357849999999 1.439030448 0.4566609779
-0.0802981338 1.4387645601 0.4240324986
-0.0936028766 1.4385374221 0.3894976289
-0.1070855811 1.4383528002 0.3532024505
-0.1207040674 1.4382079887 0.3153541197
-0.1344347325 1.438096586 0.2762078364
-0.148256882 1.4380105633 0.2360562311
-0.1621167276 1.437944848 0.1952096725
-0.1759156483 1.4378990258 0.1539839382
-0.1895141205 1.4378772354 0.1126911058
-0.2027376018 1.4378877618 0.0716330135
-0.2154146976 1.4379388476 0.0311029861
-0.2274054801 1.4380356716 -0.008615268000000001
-0.2386089072 1.4381797685 -0.0472540702
-0.2489806958 1.4383672357 -0.0845656773
-0.2585149942 1.4385911691 -0.1203352691
-0.2672251163 1.438844013 -0.1543885149
-0.2751302102 1.439119153 -0.1865959129
-0.2822448403 1.439412064 -0.2168733878
-0.2885784565 1.4397202368 -0.2451785637
-0.2941427544 1.4400421432 -0.2715039523
-0.2989639055 1.4403756309 -0.2958688942
-0.3030884823 1.4407170159 -0.3183119552
-0.3065902228 1.4410602224 -0.3388872555
-0.3095676584 1.4413969613 -0.3576622297
-0.3121347522 1.4417177432 -0.3747176837
-0.314414268 1.4420125025 -0.3901451105
-0.3165275542 1.4422715717 -0.4040429885
-0.3185930397 1.442485561 -0.416508715
-0.3207224553 1.4426454538 -0.4276296843
-0.3230372998 1.4427401595 -0.4374642915
-0.3256538064 1.4427575126 -0.4460240766
-0.3287088875 1.4426781862 -0.4531802129
-0.3322277923 1.4424870534 -0.4585794163
-0.3359573781 1.4421875 -0.4615379759
-0.3404299698 1.441575585 -0.4578841749
-0.3439530112 1.4409850384 -0.4519125293
-0.3470900143 1.4403863161 -0.4445178875
-0.3501202327 1.4397563782 -0.4359043416
-0.3531212201 1.4390867183 -0.4260685287
-0.3560657848 1.4383773168 -0.414926088
-0.3588489839 1.4376354431 -0.4023607502
-0.3613048766 1.4368745871 -0.388245523
-0.3632053109 1.4361151621 -0.3724589787
-0.3642842035 1.4353824403 -0.354901254
-0.3642709805 1.4347035133 -0.3355105121
-0.3629485767 1.4341009711 -0.3142615119
-0.3601975875 1.4335874705 -0.2911469629
-0.3560277423 1.433161553 -0.266155298
-0.3505679272 1.4328081862 -0.239255339
-0.3440083301 1.4325052528 -0.2104029469
-0.3365429313 1.4322306397 -0.1795657919
-0.3283074784 1.431969986 -0.1467529901
-0.3193249291 1.4317234504 -0.1120398324
-0.3094996533 1.431506683 -0.0755775949
-0.2986613848 1.4313458806 -0.0375881029
-0.2866353924 1.4312697452 0.0016491871
-0.2733428262 1.4312974598 0.0418305844
-0.2588651541 1.4314305973 0.0826601599
-0.2434529733 1.4316512945 0.123874614
-0.227472393 1.4319280625 0.1652429616
-0.2112924737 1.4322291123 0.2065336644
-0.1952077075 1.4325316126 0.2474897282
-0.1793671518 1.4328300625 0.2878084962
-0.1637703074 1.4331364434 0.3271500295
-0.1483301792 1.433472259 0.365169599
-0.132960605 1.4338577422 0.4015561254
-0.1176551606 1.434302028 0.436069056
-0.102521181 1.4347985917 0.4685635135
-0.0877457993 1.4353291341 0.4989842431
-0.07354642860000001 1.435869707 0.5273436655
-0.0601895534 1.4363882531 0.5537340605
-0.0477702867 1.4368728165 0.5782030254
-0.0364283323 1.437304573 0.6008564617
-0.0260413036 1.4376967498 0.6216946194
-0.0166524026 1.4380406697 0.640831654
-0.0080032933 1.4383655821 0.658230194
0.0001911585 1.4387028875 0.6738741781000001
0.0077032263 1.4390177818 0.6880536211
0.0149010324 1.4393571943 0.7005656582999999
0.0220321969 1.4397507841 0.7113282224
0.0289686934 1.440176034 0.7205884511
0.0355410086 1.4406048438 0.728624724
0.0417067025 1.4410268059 0.7356028527
0.0474427432 1.4414343839 0.7416666391
0.0527414627 1.4418223915 0.7469402556
0.0260453434 1.596875 0.7161042523
0.0238332731 1.5968461159 0.7103302177
0.0213423205 1.5968130946 0.7038518488
0.0185398626 1.5967753232 0.6965928876
0.0153901701 1.5967320977 0.6884713875
0.0118543024 1.5966826093 0.6794000041
0.007889942299999999 1.5966259258 0.6692863617
0.0034550223 1.5965613175 0.65802923
-0.0014969544 1.59648771 0.6455296099
-0.0070294448 1.5964025558 0.6317035704
-0.0132234475 1.5963018913 0.6164781459000001
-0.0201350012 1.5961839018 0.5997584992
-0.02776307 1.5960508448 0.581440611
-0.0361695367 1.595899917 0.5614579165
-0.0453093242 1.5957362328 0.5397125656
-0.0551601814 1.5955626934 0.5161383116
-0.06562359399999999 1.5953874782 0.4906640705
-0.0766170889 1.5952168667 0.4632573693
-0.0880064963 1.595060267 0.4339038472
-0.0996888673 1.5949237985 0.4026448406
-0.111574071 1.5948116945 0.3695700913
-0.1236018802 1.5947249828 0.3348252855
-0.1357461003 1.594661239 0.2986105426
-0.1480002266 1.5946157481 0.2611714022
-0.1603518276 1.5945835193 0.2227856949
-0.1727531152 1.5945616167 0.1837476773
-0.1851106308 1.5945500905 0.1443570128
-0.1972901716 1.5945518118 0.1049107907
-0.2091294717 1.5945717222 0.0656979942
-0.2204712482 1.5946145898 0.0270000759
-0.2311855286 1.594683537 -0.010911627
-0.2411868315 1.5947789743 -0.0477803676
-0.2504407471 1.5948982773 -0.08336998
-0.2589395454 1.59503772 -0.1174780956
-0.2666922443 1.5951932694 -0.149941773
-0.2737120502 1.5953614937 -0.1806402825
-0.2800021636 1.5955405548 -0.2094964501
-0.2855654121 1.5957294457 -0.236471469
-0.2904087208 1.5959275645 -0.2615590598
-0.2945586535 1.5961335002 -0.2847778855
-0.2980666715 1.5963445532 -0.3061657126
-0.3010125766 1.5965564287 -0.3257759481
-0.3035003218 1.5967634825 -0.3436757734
-0.3056529112 1.5969590166 -0.3599438675
-0.3076018876 1.5971359442 -0.3746678273
-0.3094813479 1.5972870815 -0.387939056
-0.3114210093 1.5974054831 -0.399845912
-0.3135588518 1.5974832927 -0.410460394
-0.3160473629 1.5975108893 -0.4198171438
-0.3190441311 1.5974769723 -0.4278873582
-0.3227422497 1.5973639113 -0.4344555625
-0.3271888499 1.5971577477 -0.4390093616
-0.3318863144 1.596875 -0.4407270004
-0.336500838 1.5964872716 -0.4371771495
-0.3400427083 1.5961249138 -0.4313687502
-0.3432126598 1.59576067 -0.424268736
-0.3462949045 1.5953787611 -0.4160442607
-0.3493687822 1.5949734394 -0.4066779936
-0.3524066889 1.5945447389 -0.3960823029
-0.3553062858 1.5940971893 -0.3841421087
-0.3579077936 1.5936390348 -0.3707335581
-0.3599936675 1.5931825609 -0.3557385517
-0.3613116391 1.5927428726 -0.3390610246
-0.361606849 1.5923359715 -0.3206392799
-0.3606746872 1.5919751485 -0.3004447925
-0.3584029608 1.591667786 -0.2784665763
-0.3548015639 1.5914129703 -0.2546930513
-0.3499927073 1.5912017825 -0.229094539
-0.3441523507 1.5910214626 -0.2016320957
-0.3374637729 1.5908589924 -0.1722781847
-0.3300525755 1.590706086 -0.1410441821
-0.3219356522 1.590563128 -0.1080030142
-0.3130182483 1.5904395608 -0.0732980694
-0.3031342806 1.5903510604 -0.0371390229
-0.2921144911 1.5903146637 0.0002098351
-0.2798832361 1.5903415328 0.0384615343
-0.2665188535 1.5904322452 0.07733536119999999
-0.2522633162 1.5905756316 0.116581137
-0.2374691121 1.5907523954 0.1559784868
-0.2224912311 1.5909430841 0.1953064017
-0.2076138778 1.5911335395 0.2343205083
-0.1929798594 1.5913200966 0.2727337831
-0.1785872811 1.5915096345 0.3102247778
-0.1643497202 1.5917148567 0.3464678925
-0.1501794726 1.5919478951 0.3811688902
-0.1360645537 1.5922143597 0.4140993712
-0.1221016356 1.5925106177 0.4451198938
-0.1084644375 1.5928260523 0.4741745573
-0.09535802039999999 1.5931465722 0.5012716109000001
-0.0830359204 1.593453222 0.5264942678
-0.0715871362 1.5937390634 0.5498852657
-0.0611469572 1.5939928402 0.571543348
-0.0515973788 1.5942225239 0.5914703182
-0.0429756826 1.5944234011 0.6097701148
-0.0350447848 1.5946120765 0.6264182917
-0.0275147699 1.5948086548 0.6413945016
-0.020620402 1.5949913608 0.6549768874
-0.0139976655 1.595188741 0.6669825926
-0.0073908846 1.5954198437 0.6773309135
-0.0009172253999999999 1.5956720913 0.6862420951
0.0052404613 1.5959274453 0.6939841286
0.0110352329 1.5961794223 0.700714029
0.0164399776 1.5964233197 0.7065681045
0.0214432123 1.5966558823 0.7116642506999999
0.0001347182 1.7515625 0.6787275421
-0.00196324 1.7515378744 0.6732132473
-0.0043206299 1.7515100435 0.667027328
-0.006966484 1.7514786065 0.6600973431
-0.009932262000000001 1.7514431173 0.6523455237
-0.0132518278 1.7514030819 0.6436890619
-0.0169603075 1.7513580168 0.6340401844
-0.0210906235 1.7513076479 0.6233051759
-0.0256858735 1.7512511405 0.6113918309
-0.0308107442 1.751186394 0.5982162629
-0.0365392364 1.7511107456 0.5836991314
-0.0429135879 1.7510233792 0.5677500112
-0.0499314071 1.7509259768 0.550268987
-0.057640322 1.750817114 0.5311864384
-0.0659918234 1.7507008033 0.5104088217
-0.0749572189 1.750579583 0.4878702058
-0.0844390959 1.7504596178 0.4635042831
-0.0943554612 1.7503456986 0.4372807492
-0.104583163 1.7502444411 0.4091913897
-0.1150324197 1.7501598767 0.3792810256
-0.1256304317 1.7500944157 0.3476411156
-0.1363363908 1.7500479604 0.31441594
-0.1471427929 1.7500178755 0.2798000811
-0.1580585659 1.7500000162 0.2440294206
-0.1690816424 1.74999037 0.2073686089
-0.1801699905 1.7499868037 0.1700966548
-0.1912349062 1.7499895653 0.1324977723
-0.2021449832 1.7500011881 0.09485362629999999
-0.2127444488 1.7500255893 0.0574395876
-0.2228857512 1.7500663497 0.020524784
-0.2324516178 1.7501255983 -0.015630855
-0.2413697106 1.7502033134 -0.050781287
-0.2496131825 1.7502974159 -0.0847022242
-0.2571803764 1.7504050002 -0.1172015306
-0.2640775354 1.7505233482 -0.1481258065
-0.2703107478 1.7506503885 -0.1773626594
-0.2758713966 1.7507854793 -0.2048417443
-0.2807531316 1.7509284107 -0.2305281031
-0.2849538143 1.7510792256 -0.2544172758
-0.2884966748 1.7512369871 -0.2765276586
-0.2914339114 1.7513995185 -0.2968960699
-0.2938503847 1.7515631605 -0.3155745578
-0.2958559876 1.7517231474 -0.3326288275
-0.2975870862 1.7518734758 -0.3481346177
-0.2991826597 1.7520081317 -0.3621759514
-0.3007928213 1.7521205342 -0.3748378994
-0.3025636779 1.7522042269 -0.3862001497
-0.3046566425 1.752251623 -0.39632151
-0.3072562505 1.7522531932 -0.4052142979
-0.3105586816 1.7521975736 -0.4128124339
-0.3148118531 1.7520670395 -0.4188164316
-0.3200842276 1.7518475724 -0.4225578528
-0.3256496327 1.7515625 -0.423078418
-0.3303487884 1.7512598752 -0.4195424112
-0.3338687579 1.7509856945 -0.413844497
-0.3370137911 1.7507135038 -0.4070062839
-0.3400746652 1.7504298729 -0.3991489906
-0.3431312684 1.7501299872 -0.3902336536
-0.34615865 1.7498137173 -0.3801676102
-0.3490598297 1.7494843846 -0.3688361457
-0.3516847229 1.7491480092 -0.3561181031
-0.3538301102 1.74881351 -0.3418988184
-0.3552614132 1.7484918081 -0.3260860794
-0.3557421318 1.7481943876 -0.30861733
-0.3550864332 1.7479305631 -0.2894620777
-0.3531900621 1.7477055797 -0.2686044747
-0.3500606717 1.7475188226 -0.2460309388
-0.345812002 1.7473638708 -0.2217139086
-0.3406022097 1.7472318628 -0.1956193201
-0.3345993944 1.7471135928 -0.167724728
-0.3279158905 1.747003361 -0.1380440948
-0.3205610516 1.7469017784 -0.1066482903
-0.3124424127 1.7468158284 -0.0736729201
-0.3034002485 1.7467570079 -0.0393159097
-0.2932770345 1.7467374736 -0.0038249778
-0.2820014464 1.7467652055 0.0325287887
-0.2696511872 1.7468402385 0.069480349
-0.2564582952 1.746954049 0.1067921665
-0.2427586812 1.7470922245 0.1442534741
-0.2288902649 1.7472402599 0.181652666
-0.21512412 1.7473875035 0.2187568027
-0.2015965249 1.7475310142 0.255293815
-0.1883060548 1.7476755895 0.2909605092
-0.1751702584 1.7478303441 0.3254505863
-0.1621039448 1.7480040772 0.3584872376
-0.1490922788 1.7482009303 0.3898547494
-0.1362225374 1.7484183856 0.4194195984
-0.1236547928 1.7486488873 0.4471255079
-0.1115805307 1.7488822842 0.4729765777
-0.1002382464 1.7491048602 0.497046798
-0.089710104 1.7493116963 0.5193740923
-0.0801256105 1.7494945455 0.5400499473
-0.0713729084 1.7496592387 0.5590782597
-0.06348257459999999 1.7498027033 0.5765529374
-0.0562412623 1.7499363539 0.592462689
-0.0493591065 1.7500758156 0.6067846935
-0.0430711998 1.7502045947 0.6197827782000001
-0.0370233249 1.7503438463 0.6312967362
-0.0309558254 1.7505084497 0.6412494558
-0.0249714164 1.7506899938 0.6498335935
-0.0192606814 1.7508744627 0.6573043732
-0.0138726676 1.7510569766 0.6638092268
-0.008836764699999999 1.7512339896 0.6694763926
-0.0041669204 1.7514030349 0.6744170775
-0.0207506207 1.90625 0.6483304599
-0.0226175705 1.9062323597 0.6430011284
-0.024724575 1.9062119072 0.6370255011
-0.0271009313 1.9061881607 0.6303346215
-0.029779038 1.9061605535 0.6228546712
-0.0327945639 1.9061284208 0.6145073018
-0.0361864145 1.9060909984 0.6052098192000001
-0.0399995569 1.9060472615 0.5948768516
-0.0442779504 1.9059962624 0.5834211467
-0.0490663875 1.9059369864 0.570757018
-0.0544248395 1.9058675738 0.5568059391
-0.06040691 1.9057865356 0.541485236
-0.06698945839999999 1.9056964598 0.5246913155
-0.0742133497 1.9055962903 0.5063554912
-0.0820233551 1.9054900416 0.4863853238
-0.09038181870000001 1.9053805052 0.4647138861
-0.09919141419999999 1.9052733627 0.4412780102
-0.1083704889 1.9051730457 0.4160486917
-0.117804565 1.9050852562 0.3890218717
-0.1274176657 1.9050130772 0.3602450605
-0.137151893 1.9049580754 0.3298105352
-0.1469823113 1.9049194892 0.2978608701
-0.1569141685 1.9048944164 0.2645853539
-0.1669634987 1.9048788977 0.2302108971
-0.1771278003 1.904869535 0.194989639
-0.1873611466 1.9048648943 0.1591864504
-0.1975706104 1.9048657921 0.1230710042
-0.2076199342 1.9048752154 0.0869105417
-0.2173563552 1.9048970145 0.0509687912
-0.2266414492 1.9049343908 0.0155053023
-0.2353720099 1.9049889121 -0.0192277465
-0.2434927722 1.9050599605 -0.052990966
-0.2509917635 1.9051450871 -0.085566716
-0.2578771311 1.9052412988 -0.1167694387
-0.2641577091 1.9053461113 -0.1464524229
-0.2698368125 1.9054578743 -0.1745092135
-0.2748963835 1.9055765705 -0.2008748009
-0.2793188907 1.9057026297 -0.225518065
-0.2830906351 1.9058366956 -0.24843672
-0.2862254917 1.9059783457 -0.2696495158
-0.2887697794 1.9061257926 -0.2891920235
-0.2908058978 1.9062756686 -0.3071140493
-0.292444704 1.9064233849 -0.3234784664
-0.2938254601 1.9065630932 -0.3383582542
-0.2950925468 1.9066888071 -0.3518345551
-0.2964001751 1.9067940747 -0.3639899259
-0.297900971 1.9068724406 -0.3749010485
-0.2997639704 1.9069163358 -0.3846228301
-0.3021824286 1.9069163211 -0.3931617666
-0.3053640596 1.9068610612 -0.4004396442
-0.3095671442 1.9067332995 -0.4061328002
-0.3148410475 1.9065208604 -0.4095436909
-0.3203922656 1.90625 -0.4097504818
-0.3249409767 1.9059791201 -0.4064158619
-0.3283665588 1.9057343708 -0.4009864199
-0.3314248584 1.9054923825 -0.3944577396
-0.3343985323 1.9052409283 -0.386952406
-0.3373668768 1.904975593 -0.3784342733
-0.3403084167 1.9046962059 -0.3688152763
-0.3431362088 1.9044055362 -0.357986699
-0.3457091774 1.9041089164 -0.3458322355
-0.3478399288 1.9038140467 -0.3322415531
-0.3493119366 1.9035303567 -0.3171252822
-0.3499059267 1.9032677781 -0.3004203135
-0.3494497461 1.9030343397 -0.2820936642
-0.3478443733 1.9028346607 -0.262126442
-0.3450925638 1.9026684002 -0.2405039703
-0.3412958108 1.9025302027 -0.2172011402
-0.3365951097 1.9024127044 -0.1921885402
-0.33114442 1.9023080617 -0.1654481714
-0.3250471111 1.9022113955 -0.1369956598
-0.3183125775 1.9021231897 -0.1068988313
-0.3108576792 1.9020493241 -0.0752851506
-0.3025365127 1.9019995872 -0.0423403167
-0.2932037968 1.9019843991 -0.0082974747
-0.2827917178 1.9020106957 0.0265861789
-0.27136862 1.9020786633 0.0620559606
-0.2591454465 1.9021811402 0.0978798353
-0.2464310951 1.9023058073 0.1338491559
-0.2335396481 1.9024400886 0.1697553798
-0.2207271832 1.9025745116 0.2053725624
-0.2081277583 1.9027060856 0.2404414636
-0.1957489184 1.9028384279 0.2746764332
-0.1835209001 1.9029789953 0.307789851
-0.1713672298 1.9031351978 0.3395211602
-0.1592715899 1.9033107075 0.369665033
-0.1473088699 1.9035036575 0.3980906946
-0.1356204306 1.9037079137 0.4247382251
-0.1243785331 1.9039150236 0.4496045981
-0.1138000109 1.9041134272 0.4727519221
-0.1039640266 1.9042987275 0.4942155066
-0.0949925714 1.9044637259 0.514080054
-0.0867944351 1.9046127481 0.5323579089
-0.079397758 1.9047431774 0.5491370537
-0.0726206821 1.90486394 0.5644205051
-0.06620591989999999 1.9049878785 0.5781971579
-0.0603599725 1.9051015233 0.5907023485
-0.0547656478 1.9052222264 0.6018135999999999
-0.0491824567 1.9053626564 0.611472979
-0.0436886802 1.9055166311 0.6198467244
-0.0384571679 1.9056724194 0.6271645191
-0.0335297296 1.9058260771 0.6335611495
-0.0289307026 1.9059747568 0.639154569
-0.0246708562 1.9061164892 0.6440477598
-0.0408538808 2.0609375 0.6198544772
-0.0424126523 2.0609298598 0.6146896512
-0.0441901554 2.0609197621 0.6089031687000001
-0.0462177454 2.0609065316 0.6024299681
-0.0485312426 2.0608893287 0.5952007569
-0.0511714575 2.0608671189 0.5871424364
-0.0541863272 2.0608385529 0.5781790379
-0.0576441264 2.0608012714 0.5682351172
-0.0615906797 2.0607541112 0.5572285796999999
-0.0660439414 2.0606973578 0.5450721854
-0.07104239750000001 2.0606301676 0.5316871629
-0.0766636524 2.0605496701 0.5170016742
-0.08285381560000001 2.0604600097 0.5009055228
-0.0896471105 2.0603603998 0.4833313809
-0.0969809433 2.0602551678 0.4641874271
-0.1048061539 2.0601476677 0.4434048838
-0.1130265556 2.0600434591 0.4209238109
-0.1215605162 2.0599469526 0.3967162226
-0.1303048571 2.0598632441 0.3707823895
-0.139197679 2.0597947236 0.3431721311
-0.1481962898 2.0597422577 0.313977987
-0.1572901403 2.059704487 0.2833399007
-0.1664937718 2.0596782364 0.2514406914
-0.175824938 2.0596597178 0.2184969599
-0.1852755632 2.059646123 0.184747396
-0.1947918389 2.0596367508 0.1504421148
-0.2042727868 2.0596331719 0.1158356379
-0.2135801561 2.0596388087 0.0811817738
-0.2225630789 2.0596577316 0.046732594
-0.2310978094 2.0596926806 0.0127392868
-0.2390962147 2.0597447252 -0.0205535535
-0.2465211797 2.0598125721 -0.0529131685
-0.2533749892 2.0598932768 -0.0841288421
-0.2596749141 2.0599835836 -0.1140218065
-0.2654318074 2.0600810739 -0.1424520035
-0.2706463085 2.0601843627 -0.1693187014
-0.2752927236 2.0602939108 -0.1945616862
-0.2793441737 2.0604106731 -0.2181531571
-0.2827778315 2.0605357696 -0.2400924868
-0.2855994174 2.0606691701 -0.2603984733
-0.2878492465 2.0608093413 -0.2791052809
-0.2896055777 2.0609530538 -0.2962604357
-0.2909770972 2.0610957436 -0.3119240561
-0.2921014951 2.0612315514 -0.3261665527
-0.2931224789 2.0613544329 -0.3390666903
-0.2941927688 2.0614579243 -0.3507051656
-0.2954647011 2.0615355042 -0.3611570036
-0.2971073126 2.061579537 -0.370475693
-0.2993128432 2.061580599 -0.3786670408
-0.3022902426 2.0615272668 -0.3856494934
-0.3062930262 2.0614026284 -0.3910968765
-0.3113401306 2.0611966302 -0.3943307084
-0.316639357 2.0609375 -0.3945377826
-0.3210564574 2.0606778519 -0.3914617091
-0.3244525557 2.0604415147 -0.3863649779
-0.3274783945 2.0602088532 -0.380179929
-0.3304089275 2.0599681478 -0.3730457085
-0.3333243375 2.0597150599 -0.3649343603
-0.3362095022 2.0594492553 -0.355765388
-0.3389867338 2.059173204 -0.34543686
-0.3415266251 2.0588918215 -0.3338386043
-0.3436560504 2.0586122456 -0.3208650214
-0.345175037 2.0583431997 -0.306429778
-0.3458794576 2.0580939274 -0.2904699567
-0.3456086646 2.0578719103 -0.2729514472
-0.3442672137 2.0576815901 -0.2538537369
-0.341853712 2.0575228394 -0.2331622133
-0.338458284 2.0573909015 -0.2108543853
-0.3342085457 2.0572791281 -0.1869048741
-0.3292466806 2.0571802981 -0.1612992641
-0.3236707309 2.0570897853 -0.1340538932
-0.3174932906 2.0570078301 -0.1052329731
-0.3106422951 2.0569395974 -0.0749558102
-0.3029860866 2.0568939303 -0.043396254
-0.2943903822 2.0568804129 -0.0107736354
-0.2847885583 2.0569056207 0.022667757
-0.2742365526 2.0569700864 0.0566825314
-0.2629214085 2.0570676223 0.0910431885
-0.2511234524 2.0571871548 0.1255427524
-0.2391326184 2.0573171154 0.159975711
-0.2271907987 2.0574484879 0.1941233174
-0.2154317545 2.0575779692 0.227739398
-0.2038741897 2.0577082381 0.2605557821
-0.192462865 2.0578456439 0.2923031335
-0.1811310878 2.0579967739 0.3227365362
-0.1698612281 2.0581651268 0.3516604565
-0.1587152969 2.0583493628 0.3789465272
-0.1478152474 2.0585443081 0.4045312076
-0.13731328 2.0587425742 0.4284045464
-0.1274035376 2.0589338834 0.4506173066
-0.1181633603 2.0591139623 0.4712030465
-0.1097071275 2.0592761014 0.4902403877
-0.1019663962 2.059423401 0.5077503074
-0.0949692733 2.0595533454 0.5238166775
-0.0885651746 2.0596731723 0.5384547317
-0.0825376154 2.0597935409 0.5516674623
-0.07705756060000001 2.0599032503 0.563659614
-0.0718515436 2.0600169525 0.5743466362
-0.0667048443 2.0601457489 0.5836921304
-0.0616708578 2.0602850796 0.591839071
-0.0568974026 2.0604249269 0.5989892629
-0.052416911 2.0605620485 0.6052647247
-0.0482468324 2.0606941376 0.6107729408
-0.0443933002 2.06081962 0.6156085028
-0.0587164771 2.215625 0.5902156309
-0.0599890543 2.2156263865 0.5852186605
-0.0614606375 2.2156260778 0.5796245354
-0.0631645225 2.2156233899 0.5733719278
-0.06513974409999999 2.2156174492 0.5663958566
-0.067431954 2.2156071524 0.5586281936
-0.0700959687 2.2155910543 0.5499987065
-0.07322596739999999 2.2155660951 0.5404423858
-0.076866378 2.2155313198 0.5298814646
-0.08101075789999999 2.2154879026 0.5182274407
-0.08567690140000001 2.2154359536 0.5054016699
-0.09096571990000001 2.2153721117 0.4913424563
-0.09679442639999999 2.2153008597 0.4759341489
-0.103190863 2.2152217773 0.4591108481
-0.1100857805 2.2151385535 0.4407816429
-0.1174193652 2.2150542881 0.4208763595
-0.125096712 2.2149733341 0.3993381365
-0.133036471 2.2148991969 0.3761400098
-0.1411463054 2.2148354947 0.3512860929
-0.1493774667 2.2147836252 0.3248279631
-0.1577014532 2.2147437607 0.2968579426
-0.1661209416 2.2147143742 0.2675129628
-0.1746587997 2.2146927304 0.2369692592
-0.1833340652 2.2146759318 0.2054333745
-0.1921330976 2.2146621768 0.1731310926
-0.2009948114 2.2146514379 0.1402985338
-0.2098108258 2.2146455212 0.1071758385
-0.2184402518 2.2146475154 0.0740037497
-0.2267379425 2.2146606704 0.0410237521
-0.2345900475 2.2146869905 0.0084777654
-0.2419241884 2.2147268854 -0.0233971092
-0.2487196367 2.2147788354 -0.0543751844
-0.2549912729 2.2148401395 -0.08425298520000001
-0.2607634569 2.2149080509 -0.1128588422
-0.2660519348 2.2149805513 -0.1400584932
-0.2708509117 2.2150568917 -0.1657574999
-0.2751289184 2.2151377381 -0.1898997845
-0.2788507503 2.215224228 -0.2124604509
-0.2819854832 2.2153175949 -0.2334402042
-0.284531658 2.2154180902 -0.2528576746
-0.286524317 2.2155246636 -0.2707455589
-0.2880379597 2.2156348312 -0.2871491565
-0.2891796969 2.2157449418 -0.3021258768
-0.2900836962 2.2158503816 -0.3157438065
-0.2908945794 2.2159462067 -0.3280791147
-0.291762451 2.216027283 -0.3392106055
-0.292839168 2.2160883487 -0.349211478
-0.2942934709 2.2161232515 -0.3581336365
-0.2963163238 2.2161244729 -0.3659822045
-0.2991176357 2.2160828165 -0.3726730153
-0.3029482043 2.2159849042 -0.377875068
-0.307797908 2.2158243009 -0.3809293771
-0.312875523 2.215625 -0.3811246853
-0.3171783736 2.2154249159 -0.3782835483
-0.320551552 2.2152415322 -0.3734991269
-0.3235495876 2.2150618892 -0.3676415738
-0.3264398721 2.2148769676 -0.3608633913
-0.3293038786 2.2146833183 -0.3531435313
-0.3321325529 2.2144805368 -0.3444084088
-0.3348569917 2.2142703639 -0.3345624682
-0.3373586317 2.2140564211 -0.3235016593
-0.3394776916 2.2138439975 -0.3111251472
-0.3410295879 2.2136395505 -0.297349919
-0.3418243816 2.2134499661 -0.2821137871
-0.3417122151 2.2132808253 -0.2653819814
-0.3406012287 2.2131355448 -0.2471327588
-0.3384863819 2.2130141737 -0.2273515841
-0.3354474763 2.212913338 -0.2060182173
-0.3315997124 2.2128282428 -0.1831107606
-0.3270745183 2.2127535589 -0.1586178218
-0.3219649392 2.2126857715 -0.1325562109
-0.3162865078 2.2126248954 -0.1049867332
-0.3099774132 2.2125745413 -0.0760211912
-0.3029192876 2.2125410927 -0.0458225039
-0.294988178 2.212531606 -0.0145971264
-0.2861187923 2.2125510768 0.0174229759
-0.2763558118 2.2126001824 0.0500017527
-0.2658643242 2.212674683 0.0829169532
-0.2548982999 2.2127666279 0.1159643416
-0.2437253055 2.2128674996 0.1489423058
-0.2325740869 2.2129704198 0.181639627
-0.2215781357 2.2130725185 0.213822758
-0.2107665486 2.2131752534 0.2452399582
-0.2000976642 2.2132828937 0.2756389534
-0.1895140544 2.2134001048 0.3047895056
-0.178997095 2.2135295559 0.3325055302
-0.1685970431 2.2136705569 0.3586614667
-0.1584179572 2.2138196694 0.383191075
-0.1485934429 2.2139717595 0.4060785874
-0.139296458 2.2141195463 0.4273648267
-0.130602484 2.2142597054 0.4470817324
-0.1226192023 2.2143872068 0.4653026135
-0.1152975811 2.2145037072 0.4820551415
-0.108666292 2.2146072376 0.497419522
-0.1026040041 2.2147023407 0.5114215768
-0.09693134809999999 2.2147959756 0.5240760105
-0.0917864194 2.2148808283 0.5355600557
-0.0869364931 2.2149666541 0.5458228164
-0.0821908791 2.215061194 0.5548469033
-0.0775798109 2.2151619849 0.5627542016
-0.0732279643 2.2152622513 0.5697213433
-0.0691590393 2.2153599094 0.5758586205
-0.0653840891 2.2154535058 0.5812638764
-0.0619049361 2.2155420676 0.5860239313
-0.075311526 2.3703125 0.5617897598
-0.0763226159 2.3703226701 0.556959342
-0.0775147299 2.3703310731 0.5515555177
-0.0789229519 2.3703367106 0.5455204514999999
-0.08058927289999999 2.3703382856 0.5387931701999999
-0.0825637805 2.3703341383 0.5313101356
-0.0849084777 2.3703220428 0.5230065752
-0.0877387822 2.3702970649 0.5138261758
-0.09110034609999999 2.3702578785 0.5036958462
-0.09496366840000001 2.3702070211 0.4925263102
-0.0993269594 2.3701455432 0.4802393457
-0.1043130793 2.3700681009 0.4667824469
-0.1098126201 2.3699815066 0.4520355491
-0.1158475657 2.3698854812 0.4359342783
-0.1223427609 2.3697847945 0.4183888179
-0.1292287842 2.3696837076 0.3993280156
-0.1364129741 2.3695873991 0.3786981121
-0.1438124111 2.3695002388 0.3564727155
-0.1513464093 2.3694260665 0.3326593188
-0.1589786053 2.3693659997 0.3073112018
-0.1666932109 2.3693196811 0.2805199057
-0.1745049222 2.3692847479 0.2524191536
-0.182443989 2.3692576353 0.2231787039
-0.1905303263 2.3692349477 0.1929955075
-0.1987449591 2.3692149801 0.1620832417
-0.2070198848 2.3691983027 0.1306649126
-0.2152402182 2.3691877252 0.0989673026
-0.2232625967 2.3691874257 0.06721880769999999
-0.2309470588 2.3692013811 0.0356507105
-0.2381892245 2.3692318129 0.0044959495
-0.244931056 2.3692787246 -0.0260159093
-0.2511666655 2.3693397126 -0.0556663208
-0.2569222782 2.369411082 -0.0842589973
-0.2622290346 2.3694892848 -0.1116290753
-0.2671045935 2.3695718825 -0.1376484156
-0.2715392247 2.3696582532 -0.1622279394
-0.2754965309 2.3697495273 -0.1853153364
-0.2789324978 2.3698475783 -0.2068884713
-0.2818094217 2.3699542663 -0.2269490478
-0.2841192478 2.3700702089 -0.2455154044
-0.2858922509 2.3701943147 -0.2626187584
-0.2871993841 2.3703236554 -0.2783022601
-0.2881461256 2.3704537636 -0.2926207433
-0.2888632558 2.370579073 -0.3056400326
-0.2894957915 2.3706934204 -0.3174338138
-0.2901911284 2.3707905658 -0.3280789956
-0.2911004192 2.3708640187 -0.3376469619
-0.292391786 2.3709062015 -0.3461880542
-0.2942545453 2.3709079385 -0.3537066652
-0.296899868 2.3708578618 -0.3601158013
-0.3005744442 2.3707398334 -0.3650815187
-0.3052419576 2.370547731 -0.3679626603
-0.3101118015 2.3703125 -0.3681417042
-0.3143016649 2.3700759039 -0.3655167907
-0.3176451632 2.369857586 -0.3610246075
-0.3206076331 2.3696448368 -0.3554756697
-0.3234505852 2.3694269339 -0.3490347004
-0.3262549058 2.3691997374 -0.3416857967
-0.3290177831 2.3689625621 -0.3333621191
-0.3316784541 2.368717268 -0.3239741454
-0.3341284911 2.3684679338 -0.3134237598
-0.3362206461 2.3682205557 -0.3016148597
-0.3377847178 2.3679824512 -0.2884678026
-0.3386442495 2.3677614717 -0.2739214602
-0.3386595608 2.3675639942 -0.257940692
-0.337742374 2.3673940431 -0.2405027567
-0.3358843485 2.3672518467 -0.2215931657
-0.3331556905 2.3671337568 -0.2011936194
-0.3296599314 2.3670344932 -0.1792852452
-0.3255183629 2.3669480343 -0.1558592604
-0.3208192271 2.3668702887 -0.1309328013
-0.3155807566 2.366801077 -0.1045635086
-0.3097507606 2.3667442353 -0.0768563117
-0.3032235051 2.3667068008 -0.0479640783
-0.29588502 2.3666967246 -0.0180813146
-0.2876716686 2.3667198215 0.0125716538
-0.2786180141 2.3667772 0.0437679164
-0.2688689123 2.366864465 0.07529077989999999
-0.2586538199 2.3669729029 0.1069393198
-0.2482193953 2.3670929166 0.1385162231
-0.2377820256 2.3672164642 0.1698177411
-0.2274748975 2.3673397801 0.2006222732
-0.2173368446 2.3674638817 0.2306933494
-0.2073390432 2.3675930855 0.2597944941
-0.197432981 2.3677324227 0.2877091279
-0.187599419 2.3678850117 0.31426015
-0.1778778821 2.3680504342 0.3393249816
-0.1683558823 2.3682252642 0.3628353584
-0.1591496112 2.3684040921 0.3847705235
-0.1504123245 2.368579051 0.4051626032
-0.1422173396 2.368746192 0.4240419366
-0.1346656588 2.3688997493 0.4414768959
-0.1277267541 2.3690407973 0.4575011081
-0.1214292406 2.3691669981 0.4721911323
-0.1156787664 2.3692825225 0.4855818411
-0.1103303987 2.369394132 0.4976979723
-0.1054916058 2.3694947111 0.5086919515
-0.1009678279 2.3695940012 0.5185429679
-0.09659094980000001 2.3697002042 0.5272505795
-0.0923696306 2.3698116328 0.5349175949
-0.0884068088 2.3699213752 0.5416977809
-0.0847179966 2.3700274496 0.5476906944
-0.0813082371 2.3701285146 0.5529853226
-0.0781752906 2.3702236991 0.5576613174
-0.09140898980000001 2.525 0.5366137192
-0.092188013 2.525014892 0.5319457402
-0.09313222879999999 2.5250285222 0.5267269728
-0.0942783558 2.525039928 0.5209027828
-0.09567106979999999 2.5250478456 0.5144158457
-0.0973644696 2.525050644 0.5072067712
-0.0994270579 2.5250461037 0.4992156744
-0.1019935127 2.5250291669 0.4903937979
-0.1051104915 2.5249986043 0.4806722959
-0.1087270936 2.5249574143 0.4699616208
-0.1128241076 2.5249071656 0.4581845633
-0.1175433767 2.5248424646 0.4452963916
-0.122751929 2.5247700329 0.4311736038
-0.1284660537 2.5246898333 0.4157532106
-0.1346057172 2.5246060538 0.3989467456
-0.1410927783 2.5245226368 0.3806823678
-0.1478365662 2.5244438303 0.3609091778
-0.1547550176 2.52437327 0.3396018793
-0.1617768696 2.5243137883 0.3167707498
-0.1688774856 2.5242658526 0.2924701963
-0.1760527596 2.5242287199 0.2667908528
-0.1833279992 2.5242000347 0.2398631255
-0.190739635 2.5241766505 0.2118504977
-0.1983076997 2.5241558508 0.1829408527
-0.2060078108 2.5241366026 0.1533366072
-0.2137655108 2.5241198505 0.1232486826
-0.2214598852 2.5241084172 0.0928915475
-0.2289458685 2.5241060941 0.0624822951
-0.2360886257 2.5241162042 0.0322426873
-0.2427927023 2.524140421 0.0023971576
-0.2490131578 2.524178359 -0.0268320456
-0.2547572993 2.5242275876 -0.0552333767
-0.2600611195 2.5242847185 -0.082617537
-0.2649612435 2.5243466493 -0.1088262194
-0.2694766595 2.524411366 -0.1337370574
-0.2735939583 2.5244785738 -0.1572658929
-0.2772712269 2.5245495084 -0.1793639311
-0.2804584989 2.524626028 -0.2000112537
-0.2831109731 2.5247100035 -0.2192103653
-0.2852155558 2.5248021542 -0.2369791402
-0.2867984045 2.524901702 -0.253347323
-0.2879274117 2.525006263 -0.2683559818
-0.2887058664 2.5251121096 -0.282057552
-0.28926284 2.525214563 -0.2945154971
-0.2897416614 2.5253084372 -0.3058012712
-0.2902873933 2.5253885103 -0.3159898252
-0.2910497748 2.5254493139 -0.325150795
-0.292194769 2.5254845062 -0.3333334357
-0.293911841 2.5254863092 -0.3405405061
-0.2964079804 2.5254453301 -0.34668609
-0.2999279738 2.5253481077 -0.3514347996
-0.3044150904 2.5251907334 -0.3541661185
-0.309086164 2.525 -0.3543362964
-0.3131597858 2.5248077056 -0.3519060413
-0.3164614689 2.5246291468 -0.34768081
-0.3193804656 2.5244558957 -0.3424165415
-0.3221698009 2.5242792739 -0.3362867123
-0.3249116636 2.5240957951 -0.3292813702
-0.327607559 2.5239047811 -0.3213392969
-0.3302038358 2.5237075981 -0.312376622
-0.3326009516 2.5235074148 -0.3023007198
-0.3346626962 2.5233089207 -0.2910199644
-0.3362316288 2.5231178347 -0.2784580914
-0.3371430261 2.5229403396 -0.2645551232
-0.3372662056 2.5227814652 -0.2492758762
-0.3365158726 2.5226444896 -0.2325968882
-0.3348807109 2.5225297346 -0.2145038184
-0.3324223353 2.5224344943 -0.194980044
-0.3292339811 2.5223547633 -0.1740092488
-0.3254278962 2.5222858503 -0.1515848062
-0.3210881543 2.5222244653 -0.1277239909
-0.316235473 2.5221703058 -0.1024815345
-0.3108263189 2.5221261595 -0.0759562001
-0.304766296 2.5220973634 -0.0482918473
-0.2979504563 2.5220900906 -0.0196721741
-0.2903167896 2.5221090055 0.0096932189
-0.2818910132 2.5221552448 0.0395861617
-0.2728000985 2.5222257005 0.06979572219999999
-0.2632517501 2.522313799 0.1001248287
-0.25347403 2.5224120832 0.1303808371
-0.2436722728 2.5225140708 0.1603673232
-0.2339792973 2.5226164087 0.1898737652
-0.2244424833 2.5227193858 0.2186775363
-0.2150442915 2.522825962 0.246556384
-0.2057440308 2.5229398694 0.2733060684
-0.196521841 2.5230636258 0.2987577663
-0.1874076774 2.5231971999 0.3227919622
-0.1784742614 2.523338297 0.3453389946
-0.1698225918 2.5234830043 0.3663741851
-0.1615872795 2.5236255311 0.3859218512
-0.153840716 2.5237625996 0.4040113269
-0.146677513 2.5238896693 0.4207064587
-0.140083162 2.5240069518 0.4360455871
-0.1340871974 2.5241124895 0.4501023275
-0.1286181279 2.5242088064 0.4629185328
-0.1235619135 2.5243002676 0.4745273126
-0.1189986332 2.5243822582 0.4850593809
-0.114767919 2.524461335 0.4945197426
-0.1107218715 2.5245434502 0.5029224014
-0.1068500111 2.5246281685 0.5103535123
-0.1032358502 2.5247107034 0.5169467757
-0.099887596 2.5247898106 0.5227922128
-0.09680494019999999 2.5248646865 0.5279709182
-0.09398202999999999 2.5249348351 0.5325561241
-0.1061290964 2.6797011111 0.5053308755
-0.1055047362 2.6796875 0.5098136209
-0.1069077425 2.6797137813 0.5003208758
-0.107878349 2.6797247105 0.4947317874
-0.1090872104 2.6797328455 0.4885093646
-0.1105908864 2.6797368235 0.481597586
-0.1124618484 2.6797347825 0.4739402817
-0.1148506334 2.6797223112 0.4654941269
-0.117802619 2.6796984687 0.4561935899
-0.1212439867 2.6796662372 0.4459495129
-0.1251302917 2.6796275843 0.4346849609
-0.1296167576 2.6795779229 0.4223604292
-0.1345551033 2.6795228489 0.4088499661
-0.1399479706 2.6794627623 0.3940884043
-0.1457196507 2.6794006597 0.377992639
-0.1517845924 2.6793397641 0.3604907273
-0.1580640605 2.6792828774 0.3415386247
-0.1644828455 2.6792325267 0.3211144053
-0.1709873477 2.6791902836 0.2992333627
-0.1775671602 2.6791560634 0.2759510394
-0.184228515 2.6791290105 0.2513563876
-0.1910012798 2.6791072567 0.2255747136
-0.1979182537 2.6790886225 0.198760906
-0.204988598 2.6790715119 0.1710913594
-0.2121761132 2.6790556549 0.1427559472
-0.2193992724 2.679042139 0.1139537103
-0.2265375927 2.679033237 0.0848889593
-0.2334560082 2.6790316429 0.0557710116
-0.2400375377 2.6790394355 0.0268155235
-0.2462043444 2.6790574455 -0.0017595408
-0.2519268464 2.6790850085 -0.0297391595
-0.257219797 2.6791201546 -0.0569202222
-0.2621176602 2.6791604648 -0.0831226328
-0.2666504067 2.6792038871 -0.1081967034
-0.2708274668 2.6792492725 -0.1320274793
-0.2746289486 2.67929666 -0.1545358566
-0.278009734 2.679347127 -0.1756758396
-0.2809213601 2.6794020521 -0.1954279225
-0.2833243143 2.6794626887 -0.2137935522
-0.2852109892 2.6795293954 -0.2307888541
-0.2866111549 2.6796014441 -0.2464418825
-0.2875929793 2.6796769851 -0.2607921772
-0.2882548949 2.6797533037 -0.273890805
-0.288721358 2.6798269383 -0.2857991436
-0.2891216447 2.6798943453 -0.2965868551
-0.289589799 2.6799518466 -0.3063264379
-0.2902608288 2.6799957021 -0.3150858896
-0.291281887 2.6800216605 -0.3229157153
-0.2928191708 2.6800245804 -0.3298274133
-0.2950618759 2.6799980133 -0.3357530908
-0.2982331009 2.6799329109 -0.3404187609
-0.3023513699 2.6798245021 -0.3432593479
-0.3067879776 2.6796875 -0.3435935824
-0.3106908297 2.6795476515 -0.3412809526
-0.3138626367 2.6794180428 -0.3372497489
-0.3166922635 2.6792919075 -0.3322362007
-0.3194198286 2.6791628934 -0.3264016854
-0.3221224505 2.6790284905 -0.3197346836
-0.3248008397 2.6788882301 -0.3121749937
-0.3274030064 2.6787431366 -0.3036403426
-0.3298325222 2.6785955662 -0.2940396569
-0.3319569005 2.6784490133 -0.283282451
-0.3336213472 2.6783077817 -0.2712928537
-0.3346629757 2.6781765532 -0.2580116422
-0.3349506047 2.6780591978 -0.2434045216
-0.3343975208 2.6779582818 -0.2274499494
-0.3329905663 2.6778741332 -0.2101363606
-0.3307895736 2.6778047689 -0.1914500005
-0.3278870199 2.6777471763 -0.1713766589
-0.3243946804 2.677697799 -0.1499106595
-0.3203976439 2.6776540844 -0.1270684872
-0.3159184824 2.6776157079 -0.102902091
-0.3109161177 2.6775846574 -0.0775054008
-0.3052984221 2.6775648463 -0.0510155528
-0.2989616342 2.677560838 -0.0236080539
-0.2918429228 2.6775760961 0.0045164002
-0.2839648493 2.6776114619 0.0331486814
-0.2754490495 2.6776646106 0.0620865864
-0.2664966683 2.6777306172 0.0911415175
-0.257329132 2.6778038851 0.1201293909
-0.2481458138 2.6778795376 0.1488625825
-0.2390750081 2.6779550336 0.1771398497
-0.230160709 2.67803057 0.2047480992
-0.2213823518 2.6781083729 0.2314743045
-0.2126958135 2.6781912834 0.257122395
-0.2040768891 2.6782812673 0.2815298956
-0.1955502984 2.678378404 0.3045812847
-0.1871833572 2.6784810798 0.3262087675
-0.1790720023 2.6785864614 0.3463877123
-0.171346616 2.6786902808 0.3651408914
-0.1640772088 2.6787901315 0.3824960161
-0.1573567651 2.6788826366 0.3985142558
-0.1511720228 2.6789679396 0.4132325077
-0.1455528765 2.6790445772 0.4267213373
-0.1404305389 2.6791144131 0.4390210583
-0.135695654 2.6791806451 0.4501640701
-0.1314259411 2.6792399084 0.4602746408
-0.1274664188 2.679297034 0.4693583403
-0.1236736852 2.679356428 0.4774289794
-0.1200376877 2.6794177975 0.4845686463
-0.1166403543 2.6794776219 0.4909048057
-0.1134904564 2.6795349872 0.4965235094
-0.1105884758 2.6795893032 0.501502319
-0.1079295104 2.6796402043 0.5059113231
-0.1175772264 2.8343824619 0.4793725329
-0.1171033844 2.834375 0.4836735311
-0.1181942403 2.8343894875 0.4745670152
-0.1189928423 2.8343956682 0.4692077568
-0.1200206631 2.8344004647 0.4632433617
-0.1213363556 2.8344031778 0.4566208992
-0.1230158488 2.8344028494 0.4492875583
-0.1252239856 2.8343971421 0.4412046071
-0.1280048073 2.8343856075 0.4323096575
-0.1312643238 2.8343699504 0.4225148091
-0.1349312454 2.8343515009 0.4117431792
-0.1391778215 2.8343277918 0.3999608526
-0.1438385571 2.8343017365 0.3870397084
-0.1489040973 2.8342737004 0.3729131149
-0.1543027658 2.8342450202 0.3575031583
-0.1599422268 2.8342173207 0.3407382498
-0.1657548962 2.8341917409 0.3225807086
-0.1716720353 2.8341693732 0.3030117949
-0.1776565069 2.8341507063 0.2820512049
-0.1837111457 2.8341355072 0.2597551958
-0.1898518323 2.8341232432 0.2362107912
-0.1961122262 2.8341130045 0.2115380539
-0.2025234413 2.834103827 0.18588399
-0.209083266 2.8340951862 0.1594137764
-0.2157454322 2.8340871717 0.1323056965
-0.2224223359 2.8340804594 0.1047476759
-0.2289944503 2.8340761802 0.0769344435
-0.2353365515 2.8340755256 0.0490677938
-0.2413487117 2.8340792825 0.021357218
-0.2469698669 2.8340876489 -0.0059858949
-0.252184861 2.8341001507 -0.0327538757
-0.2570156213 2.8341157983 -0.0587519895
-0.2614952829 2.8341335174 -0.0838090874
-0.2656477572 2.8341524716 -0.1077837255
-0.2694737567 2.8341722852 -0.1305679085
-0.2729477927 2.834193088 -0.1520871941
-0.2760209638 2.8342154659 -0.1722982279
-0.2786478529 2.8342400334 -0.1911817667
-0.280792983 2.8342673233 -0.2087383091
-0.2824540942 2.8342974184 -0.2249824181
-0.2836642188 2.8343299141 -0.239940659
-0.2844915945 2.834363918 -0.2536512354
-0.2850311816 2.8343981766 -0.2661638541
-0.2853989044 2.834431157 -0.2775383848
-0.285714603 2.8344612939 -0.2878423503
-0.2861004775 2.8344869959 -0.2971460284
-0.2866776061 2.8345066749 -0.3055157601
-0.2875749311 2.8345185761 -0.3130032315
-0.2889391427 2.8345205655 -0.3196267184
-0.2909390147 2.8345099514 -0.3253372317
-0.2937793289 2.8344829288 -0.3299161014
-0.2975483753 2.8344364364 -0.332849844
-0.3017623897 2.834375 -0.3333368333
-0.3055083266 2.8343114934 -0.3311414934
-0.3085637756 2.83425276 -0.3273017415
-0.3113154081 2.834195437 -0.3225347552
-0.313989932 2.834136636 -0.316989735
-0.3166610385 2.8340752114 -0.31065435
-0.3193285694 2.8340109646 -0.3034691606
-0.3219424017 2.833944373 -0.2953534433
-0.3244093835 2.8338765279 -0.2862176092
-0.3266009345 2.8338090517 -0.2759722278
-0.3283651918 2.8337439623 -0.2645417165
-0.3295414462 2.8336834671 -0.2518674086
-0.3299984497 2.8336294172 -0.2379156857
-0.3296483905 2.8335830605 -0.2226665783
-0.328476528 2.8335445866 -0.2061111215
-0.3265409538 2.833513089 -0.1882382987
-0.3239332832 2.8334871551 -0.169036035
-0.3207646305 2.8334651058 -0.148499749
-0.3171208058 2.8334457102 -0.1266453432
-0.3130259363 2.8334287741 -0.1035221674
-0.3084411278 2.8334151815 -0.0792194583
-0.3032763184 2.8334067224 -0.0538677202
-0.2974288094 2.8334055006 -0.0276343483
-0.2908348923 2.8334131192 -0.0007112546
-0.2835139436 2.833429966 0.0267012428
-0.2755822254 2.8334549563 0.0544092997
-0.2672342353 2.8334857896 0.0822322831
-0.2586846267 2.8335198479 0.1099941033
-0.2501266291 2.8335548454 0.1375153835
-0.2416838159 2.8335895832 0.164603704
-0.2333966547 2.8336241451 0.1910551925
-0.2252415258 2.8336595751 0.216665878
-0.2171709745 2.8336972195 0.241247791
-0.2091566616 2.8337380312 0.2646447922
-0.2012183312 2.833782092 0.2867453514
-0.1934181451 2.8338286945 0.3074835267
-0.1858471961 2.8338765583 0.3268347078
-0.1786317633 2.8339237213 0.3448200367
-0.1718395315 2.8339690822 0.3614655733
-0.16556186 2.8340110754 0.3768297382
-0.1597866237 2.8340497626 0.3909479897
-0.1545440357 2.8340844629 0.4038878498
-0.1497679442 2.8341160352 0.4156881896
-0.1453533897 2.8341459434 0.4263807395
-0.1413760828 2.8341726547 0.4360835025
-0.1376862045 2.8341983911 0.444802718
-0.1341446609 2.8342251882 0.4525521378
-0.1307419444 2.834252924 0.4594099458
-0.1275586855 2.8342799807 0.4654975038
-0.1246043297 2.8343059387 0.4708970095
-0.1218802293 2.834330527 0.4756825965
-0.1193824915 2.8343535769 0.4799213054
-0.1313538822 2.9890958564 0.4543899878
-0.1310221685 2.9890625 0.4585119835
-0.1318176609 2.9891275112 0.449785428
-0.1324523904 2.9891557314 0.4446514922
-0.1333066696 2.9891782253 0.4389393824
-0.1344407587 2.9891920177 0.4325989488
-0.1359333616 2.9891930202 0.4255803392
-0.1379615873 2.9891710359 0.4178484518
-0.1405680209 2.9891242725 0.4093438508
-0.143639776 2.9890606323 0.399980426
-0.1470844415 2.9889866457 0.3896829108
-0.1510848572 2.9888917102 0.3784209214
-0.15546284 2.9887882031 0.3660659586
-0.160197504 2.9886782551 0.3525503575
-0.165221168 2.988566879 0.3378012463
-0.1704356535 2.9884608936 0.3217478959
-0.1757839146 2.9883641409 0.304358487
-0.1812034592 2.9882805827 0.2856172802
-0.186672429 2.9882112304 0.2655477198
-0.1922057983 2.9881544528 0.2442063118
-0.1978282514 2.9881076686 0.2216778719
-0.2035775351 2.9880671211 0.1980773826
-0.2094809981 2.9880293697 0.1735436986
-0.2155282635 2.9879930308 0.1482320618
-0.2216634376 2.9879593016 0.1223098263
-0.2277938591 2.9879314576 0.0959545946
-0.2338015377 2.9879141925 0.0693520998
-0.2395709507 2.9879119381 0.0426968486
-0.245018317 2.9879271052 0.0161920648
-0.250097954 2.9879597947 -0.009957642500000001
-0.2548095012 2.9880074371 -0.0355518824
-0.259179932 2.9880660028 -0.060404492
-0.2632416362 2.9881314418 -0.0843529123
-0.2670129605 2.9882009229 -0.1072635401
-0.2704867104 2.9882735659 -0.129034857
-0.2736321102 2.9883503149 -0.1495967496
-0.2763980642 2.9884337104 -0.1689080747
-0.2787411851 2.9885261178 -0.1869499575
-0.2806301459 2.9886294153 -0.2037219764
-0.2820675822 2.9887436152 -0.2192373231
-0.2830893235 2.9888668897 -0.2335212703
-0.2837633119 2.9889956319 -0.2466108608
-0.2841806403 2.9891249909 -0.2585546015
-0.2844494752 2.9892492172 -0.2694108899
-0.2846798177 2.9893625431 -0.2792452737
-0.2849826484 2.9894591755 -0.2881258707
-0.285465715 2.989533471 -0.2961173657
-0.2862406187 2.9895793986 -0.3032723742
-0.2874355601 2.9895895634 -0.3096152413
-0.2891995441 2.9895545995 -0.315114644
-0.2917189417 2.9894611229 -0.3196023163
-0.2951446683 2.9892940865 -0.3226164808
-0.2991313764 2.9890625 -0.3232477983
-0.3027165608 2.9888200491 -0.3211717685
-0.3056525175 2.9885962949 -0.3175224181
-0.3083215536 2.9883772798 -0.3129982646
-0.3109373999 2.9881519376 -0.3077375095
-0.3135699911 2.9879158956 -0.3017272206
-0.3162184817 2.9876684476 -0.2949088733
-0.3188347321 2.9874114651 -0.2872033078
-0.321329091 2.9871491994 -0.2785223768
-0.3235772245 2.9868879838 -0.2687776222
-0.3254307457 2.9866357666 -0.2578936201
-0.3267317438 2.9864012895 -0.2458120255
-0.3273492053 2.9861919959 -0.2324991617
-0.3271957515 2.9860129158 -0.217937664
-0.3262541967 2.9858649796 -0.2021195479
-0.3245810797 2.9857446845 -0.1850368761
-0.3222667801 2.9856464674 -0.166679753
-0.319421277 2.9855636713 -0.1470448583
-0.3161306241 2.9854913225 -0.1261477366
-0.3124202278 2.9854284998 -0.1040353201
-0.3082533181 2.9853785094 -0.08079227329999999
-0.303542061 2.9853482362 -0.0565425266
-0.2981851039 2.9853458356 -0.031445404
-0.2921181124 2.9853775457 -0.0056841239
-0.285357333 2.9854448692 0.0205495812
-0.2780134613 2.9855435528 0.047069835
-0.2702739116 2.985664566 0.0737034136
-0.2623460552 2.9857976197 0.1002816068
-0.2544165084 2.9859337121 0.1266326943
-0.2466038386 2.9860680931 0.1525726114
-0.2389449703 2.9862010632 0.1779064091
-0.231413461 2.9863367351 0.2024390315
-0.2239588983 2.986480467 0.225990573
-0.2165492957 2.9866361187 0.2484112979
-0.2091993324 2.9868042009 0.2695934595
-0.2019664626 2.9869820851 0.2894731272
-0.1949367955 2.9871649127 0.3080255819
-0.1882322954 2.9873450985 0.3252701989
-0.1819182292 2.9875184023 0.3412313462
-0.1760841007 2.9876787229 0.355964598
-0.170718907 2.9878262815 0.3695040143
-0.1658530665 2.987958415 0.3819140866
-0.1614231626 2.9880784512 0.3932323727
-0.1573287804 2.9881920252 0.4034900798
-0.1536434964 2.9882932664 0.4127990297
-0.15022291 2.9883907668 0.4211663228
-0.1469325211 2.9884924348 0.4286058779
-0.1437634024 2.9885978449 0.4351921188
-0.140794686 2.9887007473 0.4410403408
-0.1380364344 2.9887995227 0.4462289681
-0.1354908314 2.9888931244 0.4508287887
-0.1331549635 2.9889808989 0.4549038723
-0.1473168621 3.1437623011 0.4293390826
-0.147119176 3.14375 0.4332821779
-0.1476358026 3.1437740395 0.4249350078
-0.1481151995 3.1437846003 0.4200254146
-0.1488044032 3.1437931696 0.4145639299
-0.1497649898 3.1437986891 0.4085029674
-0.151077416 3.1437997142 0.4017952512
-0.1529313814 3.1437925097 0.3944088333
-0.1553662545 3.1437765089 0.3862868347
-0.1582526872 3.1437546944 0.3773457334
-0.1614790676 3.1437296441 0.3675125506
-0.1652376997 3.1436975513 0.3567597301
-0.1693387731 3.1436628155 0.3449593808
-0.1737508522 3.1436263597 0.3320434064
-0.1784098479 3.1435897722 0.3179437579
-0.1832122688 3.1435554511 0.3025909896
-0.1881106801 3.1435244737 0.2859585655
-0.1930482068 3.1434980519 0.2680334012
-0.1980169839 3.1434762379 0.2488420085
-0.2030430806 3.1434582677 0.2284406408
-0.2081592396 3.1434431324 0.2069116037
-0.2134070267 3.1434295297 0.1843647556
-0.2188106118 3.1434164235 0.1609311658
-0.2243523407 3.1434035689 0.1367567222
-0.2299680184 3.1433916259 0.111998627
-0.2355605452 3.1433818759 0.08682472450000001
-0.2410136928 3.1433759564 0.0614120958
-0.246221913 3.143375243 0.0359481521
-0.2511138182 3.1433803796 0.0106288251
-0.2556610533 3.1433911234 -0.0143476155
-0.2598741724 3.1434064625 -0.0387888373
-0.2637870389 3.1434249697 -0.0625169038
-0.2674309167 3.143445369 -0.0853776869
-0.270819357 3.1434668614 -0.1072450215
-0.2739382115 3.1434893399 -0.1280234132
-0.2767520451 3.1435132524 -0.1476467538
-0.2792079128 3.1435395181 -0.1660759259
-0.281264178 3.1435689067 -0.1832924537
-0.2828933106 3.1436019765 -0.1992951189
-0.284102249 3.1436386351 -0.2140959208
-0.2849292481 3.1436782027 -0.2277189568
-0.2854417963 3.1437194514 -0.2402001351
-0.285727421 3.1437607936 -0.251586708
-0.2858864846 3.1438004152 -0.2619355114
-0.2860216767 3.1438364916 -0.2713099808
-0.2862320451 3.1438672718 -0.2797759946
-0.2866134693 3.1438910598 -0.2873964194
-0.2872617245 3.1439061257 -0.2942243628
-0.2882875698 3.1439103324 -0.300289582
-0.2898222836 3.1439009413 -0.3055763918
-0.2920340381 3.1438740185 -0.3099635776
-0.2951304276 3.1438236269 -0.3130392621
-0.2988965536 3.14375 -0.3138016727
-0.302329024 3.1436719069 -0.3118433922
-0.3051537701 3.1435999719 -0.3083805622
-0.3077475973 3.1435293291 -0.304093086
-0.3103122116 3.1434563979 -0.2991092822
-0.3129134677 3.1433797791 -0.2934156872
-0.3155500198 3.1432992635 -0.2869549873
-0.3181755903 3.1432154736 -0.2796497194
-0.3207038862 3.1431298101 -0.2714133561
-0.323014692 3.1430443628 -0.2621585721
-0.3249629727 3.1429617762 -0.2518101951
-0.3263936672 3.1428849732 -0.2403102247
-0.3271761993 3.1428164761 -0.2276252244
-0.3272231446 3.1427580014 -0.2137390853
-0.3265154884 3.1427099108 -0.1986456664
-0.3251080751 3.1426710641 -0.1823395303
-0.3230899615 3.1426396122 -0.1648128737
-0.3205700384 3.1426133278 -0.1460636419
-0.3176344575 3.1425905171 -0.1261071154
-0.3143097507 3.1425708243 -0.1049879269
-0.3105610364 3.1425552926 -0.0827862979
-0.306302459 3.1425461593 -0.0596197005
-0.3014337613 3.1425460953 -0.0356394905
-0.2958897949 3.142557152 -0.011020289
-0.2896836037 3.1425798228 0.014054642
-0.2829203727 3.1426127005 0.0394072281
-0.2757806025 3.1426527931 0.0648714227
-0.26846459 3.1426966862 0.0902856252
-0.2611525505 3.1427413861 0.1154855124
-0.2539581861 3.1427853033 0.1402951614
-0.2469149381 3.1428285272 0.1645284026
-0.2399935888 3.1428724246 0.1879990271
-0.2331408237 3.1429187946 0.2105351809
-0.2263210131 3.1429689572 0.2319935034
-0.2195442163 3.143023137 0.2522702418
-0.212863138 3.1430805164 0.2713033654
-0.2063592268 3.1431395369 0.289068136
-0.2001504829 3.1431977213 0.305582184
-0.1942998784 3.1432536895 0.320868184
-0.1888953297 3.143305432 0.3349788745
-0.1839270321 3.143353013 0.3479469642
-0.179425691 3.1433955512 0.3598339385
-0.1753305895 3.1434341348 0.3706761088
-0.1715457956 3.1434705912 0.3805042202
-0.1681429128 3.1435030248 0.3894240333
-0.164982679 3.1435342397 0.3974434966
-0.1619350651 3.1435668273 0.4045767596
-0.1589920068 3.1436006639 0.4108946936
-0.1562308603 3.1436337147 0.4165064296
-0.1536623764 3.1436654531 0.4214867055
-0.1512895263 3.1436955388 0.425902996
-0.149110337 3.143723759 0.4298164325
-0.1564409567 3.2984462382 0.4008545695
-0.1563346787 3.2984375 0.4046065971
-0.156656278 3.2984546134 0.396663167
-0.1570182376 3.2984622028 0.391989733
-0.1575743805 3.2984684457 0.3867897903
-0.1583842583 3.2984726126 0.3810176165
-0.1595260042 3.2984737068 0.3746276251
-0.1611853265 3.2984691514 0.3675876717
-0.1633999341 3.298458553 0.359843649
-0.1660414245 3.2984439666 0.3513180211
-0.1689993858 3.2984271607 0.3419434904
-0.1724622423 3.2984055071 0.3316923242
-0.1762414587 3.298382043 0.3204432853
-0.1803058246 3.2983573927 0.3081319658
-0.1845911412 3.2983326549 0.2946934609
-0.188995504 3.298309472 0.2800620006
-0.193472072 3.2982885849 0.2642125428
-0.1979656538 3.2982708178 0.2471330871
-0.2024695613 3.2982561972 0.2288491925
-0.2070114621 3.2982441788 0.2094146902
-0.2116262897 3.2982340465 0.1889081126
-0.2163581085 3.2982248817 0.1674340778
-0.2212341263 3.2982159525 0.1451173632
-0.2262401345 3.2982070827 0.1220969069
-0.2313155141 3.2981987334 0.09852244860000001
-0.2363667758 3.298191808 0.074553827
-0.2412809445 3.2981874674 0.0503595486
-0.2459554734 3.2981866955 0.0261178965
-0.2503220884 3.298189962 0.0020152895
-0.2543552346 3.2981971175 -0.0217595586
-0.2580691239 3.298207457 -0.0450235089
-0.2615014039 3.2982199771 -0.0676072105
-0.2646874562 3.2982337688 -0.08936403029999999
-0.2676450748 3.2982482484 -0.1101738615
-0.2703634443 3.2982633222 -0.1299457337
-0.2728093034 3.2982792947 -0.1486165535
-0.2749309961 3.2982968052 -0.1661488197
-0.2766859571 3.2983164156 -0.1825248558
-0.278045462 3.2983385348 -0.1977433515
-0.279013553 3.2983631361 -0.2118157856
-0.279625636 3.2983897744 -0.2247651433
-0.279945891 3.298417623 -0.2366259697
-0.2800589527 3.2984455924 -0.2474439338
-0.2800623889 3.2984724339 -0.2572742332
-0.2800543461 3.2984969064 -0.2661787409
-0.2801331971 3.2985177765 -0.2742216958
-0.2803934798 3.2985338519 -0.2814640963
-0.2809296533 3.2985439177 -0.2879567013
-0.2818534722 3.2985464382 -0.293724618
-0.2832973447 3.2985394349 -0.2987392026
-0.2853986643 3.2985206003 -0.3028776607
-0.2883213439 3.2984865939 -0.3057787905
-0.2918859382 3.2984375 -0.3065321216
-0.2951522053 3.2983855887 -0.3046904004
-0.2978448782 3.2983379774 -0.3014114717
-0.3003330939 3.2982911779 -0.2973566881
-0.3028060239 3.2982428 -0.2926446713
-0.3053256191 3.2981919175 -0.2872619518
-0.3078903352 3.2981384015 -0.2811531706
-0.3104564847 3.2980826748 -0.2742437276
-0.3129429943 3.2980256725 -0.2664502166
-0.3152367984 3.2979687864 -0.2576881722
-0.3172013497 3.2979137755 -0.2478843667
-0.3186905854 3.2978625803 -0.2369817563
-0.3195813036 3.2978168764 -0.2249466681
-0.3197910731 3.2977778018 -0.2117625678
-0.3193020928 3.2977455944 -0.1974231443
-0.3181654904 3.297719508 -0.1819237186
-0.3164646227 3.2976983288 -0.1652579937
-0.3143005309 3.2976806059 -0.147425567
-0.3117515351 3.297665259 -0.1284424049
-0.308839068 3.2976520986 -0.1083517292
-0.3055263078 3.2976418622 -0.08722994589999999
-0.3017300203 3.2976360479 -0.065187896
-0.2973533717 3.297636436 -0.0423688771
-0.2923383837 3.2976443085 -0.0189369065
-0.2867016062 3.2976599007 0.0049350804
-0.2805482931 3.2976821621 0.0290788435
-0.2740539894 3.2977090053 0.0533365956
-0.2674103705 3.2977381025 0.0775537223
-0.2607863822 3.2977674617 0.1015720884
-0.2542840642 3.297796082 0.1252222917
-0.247926533 3.2978241204 0.1483255978
-0.2416769634 3.2978525924 0.1707039949
-0.2354771184 3.297882782 0.192193661
-0.2292885408 3.2979156142 0.2126580904
-0.2231194585 3.2979512415 0.2319984379
-0.2170210429 3.2979890914 0.2501555377
-0.2110725078 3.2980280925 0.2671054266
-0.2053900974 3.2980665317 0.2828646718
-0.2000336521 3.2981034932 0.2974539351
-0.1950885683 3.2981376167 0.3109226135
-0.1905428664 3.2981689917 0.3233008127
-0.1864267512 3.2981970254 0.3346467525
-0.1826784562 3.2982225129 0.3449938273
-0.1792018482 3.298246755 0.3543707313
-0.1760727257 3.2982683825 0.3628806289
-0.173152281 3.2982893775 0.3705268395
-0.1703142739 3.2983115193 0.3773211521
-0.167557355 3.298334636 0.3833340159
-0.1649606954 3.2983572999 0.3886713893
-0.1625373541 3.2983791272 0.3934053716
-0.16029254 3.2983998651 0.3976009993
-0.1582262696 3.2984193525 0.4013170824
-0.1692586085 3.4531507363 0.3830707202
-0.1691868185 3.453125 0.3866766395
-0.1694271289 3.4531755076 0.3790402492
-0.1697264659 3.4531981079 0.3745433695
-0.170199791 3.4532169358 0.3695362404
-0.1709012448 3.4532299054 0.3639735413
-0.1719023442 3.453234147 0.3578096679
-0.1733668244 3.4532225421 0.3510083111
-0.1753327238 3.4531937883 0.3435173957
-0.1776935312 3.4531532611 0.335267831
-0.1803650602 3.4531052459 0.3262004715
-0.1835174415 3.4530422975 0.3162837015
-0.1869773131 3.45297314 0.3054082469
-0.190727502 3.4528990073 0.2935172739
-0.1946975778 3.4528236082 0.2805459139
-0.1987946572 3.4527516314 0.2664338077
-0.2029596748 3.4526859786 0.2511524777
-0.2071327214 3.4526294667 0.2346887855
-0.2112913239 3.452582948 0.2170631934
-0.2154527627 3.4525452396 0.1983255731
-0.2196470345 3.4525143841 0.178550564
-0.2239198301 3.4524875017 0.1578391447
-0.228310185 3.4524618448 0.1363134624
-0.2328212684 3.4524361698 0.1141103318
-0.2374110181 3.4524111936 0.091377376
-0.2419982397 3.4523893357 0.0682707431
-0.2464732993 3.452374251 0.044952987
-0.2507264616 3.4523695409 0.0215938607
-0.2546763437 3.4523774683 -0.0016299849
-0.2582837816 3.4523983644 -0.0245392628
-0.2615546356 3.4524305551 -0.0469587172
-0.2645289728 3.4524709137 -0.0687249526
-0.267253307 3.4525161909 -0.0896955834
-0.2697620695 3.4525638852 -0.1097532491
-0.2720612829 3.4526130056 -0.1288085769
-0.2741282629 3.4526640803 -0.1467995334
-0.27591607 3.4527189372 -0.1636892633
-0.2773765398 3.4527796217 -0.1794610699
-0.278472793 3.452847797 -0.194114224
-0.279196369 3.4529239396 -0.2076604087
-0.2795734747 3.4530070409 -0.2201216733
-0.2796622232 3.453094738 -0.2315312605
-0.2795469589 3.4531835703 -0.2419334749
-0.279328052 3.4532694346 -0.2513829746
-0.279111658 3.4533480254 -0.2599417789
-0.2790059342 3.4534149702 -0.2676747724
-0.2791191212 3.4534658571 -0.2746425651
-0.2795684804 3.4534957493 -0.280891032
-0.2804915662 3.4534984907 -0.2864287703
-0.2820501245 3.4534661275 -0.2911769106
-0.2843389246 3.4533928331 -0.2949440872
-0.2873477419 3.453276511 -0.2974121484
-0.2907975253 3.453125 -0.2979853665
-0.2939302958 3.4529691057 -0.2962286138
-0.2965047951 3.4528272627 -0.2930769017
-0.2988865625 3.4526881821 -0.289183811
-0.3012545674 3.4525446559 -0.2846602329
-0.3036678443 3.4523939083 -0.2794931851
-0.3061252197 3.4522355664 -0.2736296644
-0.3085847013 3.4520709518 -0.2669976971
-0.3109724263 3.4519027741 -0.2595184807
-0.3131841881 3.4517351003 -0.2511112913
-0.3150961652 3.4515729709 -0.24170609
-0.3165771237 3.451421876 -0.231247014
-0.3175180446 3.4512864723 -0.2196995916
-0.3178471472 3.4511698482 -0.2070439077
-0.3175512728 3.4510725317 -0.1932715623
-0.3166762049 3.4509923977 -0.1783759381
-0.3152950712 3.4509260896 -0.1623511629
-0.3134939222 3.4508697245 -0.1451986737
-0.3113339282 3.4508206771 -0.126936263
-0.308823491 3.4507789158 -0.1076073181
-0.3059181016 3.4507470536 -0.08728630549999999
-0.3025352567 3.4507296774 -0.0660794266
-0.2985870192 3.450731862 -0.0441228897
-0.294028281 3.4507568947 -0.0215716696
-0.2888897412 3.4508046941 0.0014115477
-0.2832860538 3.4508713457 0.024668242
-0.2773934763 3.4509500833 0.0480478583
-0.271396264 3.4510337748 0.0714003319
-0.2654484197 3.4511167027 0.0945699009
-0.2596328869 3.4511964587 0.1173891853
-0.2539535623 3.4512742779 0.1396825654
-0.2483587988 3.4513538908 0.1612767302
-0.2427815976 3.4514396021 0.1820133202
-0.2371809563 3.4515343225 0.2017610834
-0.2315670436 3.4516383509 0.2204255866
-0.2259946104 3.4517496606 0.2379507302
-0.2205456486 3.4518647217 0.254314047
-0.2153383351 3.451978056 0.2695317323
-0.2104304898 3.452086894 0.2836227795
-0.2059048985 3.4521871186 0.296633314
-0.2017426751 3.4522793717 0.308589786
-0.1979729671 3.4523618877 0.3195477538
-0.1945269049 3.4524375506 0.329536146
-0.191300197 3.4525108779 0.3385800979
-0.1883827085 3.4525769455 0.3467862864
-0.185627022 3.4526424935 0.3541461468
-0.1829074822 3.4527131594 0.3606657562
-0.1802380267 3.4527877069 0.3664204647
-0.1777052063 3.4528613509 0.3715183165
-0.1753270632 3.4529326959 0.3760313506
-0.1731130899 3.4530007919 0.3800242936
-0.1710667251 3.4530650156 0.3835553406
-0.1804867836 3.607819791 0.3635396376
-0.1804449796 3.6078125 0.3669937264
-0.1806136032 3.6078268354 0.3596767007
-0.1808560935 3.6078333016 0.3553640029
-0.1812531401 3.6078387488 0.3505585087
-0.1818535707 3.6078426021 0.3452154955
-0.1827218905 3.6078440713 0.3392895133
-0.1840019731 3.6078412528 0.3327409571
-0.1857304405 3.6078337535 0.3255195636
-0.1878222008 3.6078228921 0.317564084
-0.1902179542 3.6078096079 0.3088227517
-0.1930699029 3.607791871 0.2992606251
-0.1962197489 3.6077720985 0.2887798678
-0.1996635518 3.6077504582 0.277330602
-0.2033253386 3.6077281497 0.2648485092
-0.2071210464 3.6077064639 0.2512784151
-0.2109804002 3.607686446 0.2365891337
-0.214839232 3.6076690173 0.2207666686
-0.2186603977 3.6076546566 0.2038270553
-0.2224513702 3.6076431551 0.1858164768
-0.226237362 3.6076340023 0.1668057163
-0.2300660972 3.6076263151 0.1468920099
-0.2339853279 3.6076191615 0.1261938422
-0.2380161727 3.6076119425 0.1048454454
-0.2421345256 3.6076046621 0.08299158349999999
-0.2462704239 3.607597944 0.0607840494
-0.2503175076 3.6075929061 0.0383792121
-0.2541599973 3.6075907852 0.0159385466
-0.2577045289 3.6075924946 -0.0063707091
-0.2608991906 3.6075983667 -0.0283784291
-0.2637424171 3.6076080416 -0.0499171686
-0.2662758475 3.6076205843 -0.0708298708
-0.2685563051 3.6076348934 -0.0909789481
-0.2706335841 3.6076500191 -0.1102504586
-0.272529403 3.6076654613 -0.1285572546
-0.2742310661 3.6076812577 -0.1458387467
-0.2756954494 3.6076979244 -0.1620588969
-0.2768721189 3.6077161223 -0.1772016994
-0.277713386 3.6077365144 -0.1912669412
-0.2782009577 3.6077593789 -0.2042659493
-0.2783520844 3.6077845249 -0.2162196578
-0.2782190115 3.6078113007 -0.2271598392
-0.2778854069 3.6078386444 -0.2371294679
-0.2774540984 3.6078652538 -0.2461823405
-0.2770381511 3.6078897032 -0.2543808052
-0.2767528058 3.6079105454 -0.2617903917
-0.2767227074 3.607926188 -0.2684714736
-0.2770811447 3.6079348801 -0.2744660083
-0.2779906495 3.607934356 -0.2797683795
-0.2796413104 3.6079216976 -0.2842546685
-0.2820889257 3.6078955548 -0.2876715493
-0.2851632581 3.6078576495 -0.2897378946
-0.28848804 3.6078125 -0.2901464615
-0.2914763596 3.607767283 -0.2884780873
-0.2939256293 3.6077264586 -0.285459091
-0.2961949979 3.6076865147 -0.2817321467
-0.2984542296 3.6076453343 -0.2774009296
-0.3007592509 3.6076021153 -0.2724535418
-0.3031085685 3.6075567637 -0.2668396223
-0.305462706 3.607509671 -0.2604908781
-0.3077532702 3.6074616143 -0.2533324122
-0.3098848585 3.6074137415 -0.2452877281
-0.3117456504 3.6073674505 -0.2362901905
-0.3132184842 3.6073242411 -0.2262854727
-0.3142073725 3.6072853633 -0.2152383203
-0.3146514935 3.6072516104 -0.2031271135
-0.3145410397 3.6072230925 -0.1899404385
-0.3139170142 3.6071992228 -0.1756702125
-0.3128428418 3.6071791096 -0.1603107957
-0.3113905082 3.6071617619 -0.1438650332
-0.3096052016 3.6071465971 -0.1263519678
-0.30748343 3.6071337619 -0.1078146258
-0.3049733531 3.6071241392 -0.0883252035
-0.3019943946 3.6071190766 -0.0679849018
-0.2984661018 3.6071199838 -0.0469231042
-0.2943555998 3.6071276493 -0.0252859556
-0.289706261 3.60714182 -0.003226399
-0.2846408001 3.607161135 0.0191063001
-0.2793353439 3.6071834801 0.0415686496
-0.2739665604 3.6072067379 0.0640153763
-0.2686740648 3.6072293213 0.0862937589
-0.2635229443 3.6072507032 0.1082393972
-0.2584993961 3.607271466 0.1296807831
-0.2535383185 3.6072928945 0.1504501229
-0.248564829 3.607316374 0.1703950705
-0.2435355094 3.6073427929 0.1893898429
-0.238462363 3.6073721896 0.2073445243
-0.2334028398 3.6074038893 0.2242057803
-0.2284411592 3.607436773 0.2399524612
-0.2236968276 3.6074691486 0.2546001341
-0.2192256432 3.6075002033 0.2681661555
-0.215107779 3.6075287282 0.280693412
-0.2113177446 3.6075550246 0.2922049522
-0.2078852475 3.6075785579 0.3027541914
-0.2047337009 3.6076003351 0.3123655904
-0.2017526015 3.6076218365 0.321061521
-0.199044256 3.607641396 0.3289508694
-0.1964538289 3.6076612029 0.3360146611
-0.1938568373 3.6076829802 0.3422539238
-0.1912814151 3.6077061574 0.347747792
-0.1888202698 3.6077292009 0.3526053067
-0.1864959387 3.6077516355 0.3568979663
-0.1843217809 3.6077731301 0.3606897789
-0.1823043481 3.6077934632 0.364038007
-0.1896860019 3.7625118441 0.3418152277
-0.1896725591 3.7625 0.3451058407
-0.189773045 3.7625233356 0.3381331559
-0.1899609723 3.7625339539 0.3340199103
-0.1902844545 3.7625430057 0.3294335525
-0.1907870928 3.7625495862 0.3243302946
-0.1915264713 3.7625524527 0.3186652419
-0.1926273309 3.7625487086 0.312396392
-0.1941246169 3.7625376775 0.3054754633
-0.1959534097 3.7625211475 0.2978483689
-0.1980778674 3.7625001622 0.2894699574
-0.2006316434 3.7624715906 0.2803026366
-0.2034724732 3.7624392346 0.2702596061
-0.2066082262 3.7624030625 0.2592973174
-0.2099584382 3.7623652769 0.2473526379
-0.213447683 3.7623279094 0.2343753696
-0.2169957543 3.7622930449 0.2203324487
-0.2205363683 3.7622623576 0.2052095428
-0.2240178679 3.7622370687 0.1890187589
-0.2274392682 3.7622170436 0.1718029002
-0.2308212423 3.7622015291 0.1536288207
-0.2342126245 3.7621889865 0.1345894776
-0.2376699021 3.7621776107 0.1147991084
-0.2412296758 3.7621660231 0.09438804069999999
-0.2448835414 3.7621539093 0.07349685
-0.248573267 3.762142151 0.052272256
-0.2521964694 3.7621326996 0.0308639559
-0.255632633 3.7621279383 0.009425004900000001
-0.2587783005 3.7621298146 -0.0118867089
-0.261570353 3.7621392783 -0.0329102435
-0.2640010731 3.7621559286 -0.0534862162
-0.2661118762 3.7621781979 -0.0734648046
-0.2679693576 3.7622039674 -0.0927138317
-0.269636911 3.7622312805 -0.1111238541
-0.2711501423 3.7622589546 -0.1286107585
-0.2725053945 3.7622868618 -0.1451159375
-0.2736644507 3.7623158078 -0.1606043489
-0.2745723802 3.7623470802 -0.1750607077
-0.2751760169 3.7623819793 -0.1884847943
-0.2754457159 3.7624212712 -0.200887461
-0.2753913871 3.7624647848 -0.212288168
-0.2750593118 3.7625115004 -0.2227171798
-0.2745319368 3.7625595538 -0.2322159887
-0.2739134316 3.7626065922 -0.2408375085
-0.2733218097 3.7626499573 -0.2486442799
-0.2728787786 3.7626869157 -0.2557021128
-0.2727204937 3.7627143581 -0.2620713084
-0.272996021 3.7627287792 -0.2677905008
-0.2738889196 3.7627256212 -0.2728418959
-0.275614758 3.7626990048 -0.2770623713
-0.2781955592 3.7626472478 -0.2801427377
-0.2813156643 3.7625771589 -0.2818347567
-0.2845078334 3.7625 -0.2820913254
-0.287345362 3.7624247423 -0.2805158472
-0.2896628508 3.7623573987 -0.2776400669
-0.2918132881 3.7622916557 -0.2740921347
-0.2939567213 3.7622239509 -0.2699679581
-0.2961459465 3.7621529529 -0.2652568264
-0.2983791902 3.7620785297 -0.259911208
-0.3006195173 3.7620013467 -0.2538666547
-0.3028040284 3.7619226814 -0.2470523946
-0.3048460266 3.7618443886 -0.239396386
-0.3066454456 3.7617686842 -0.2308356921
-0.3080987479 3.7616979079 -0.2213178741
-0.3091235634 3.7616339432 -0.2108077321
-0.309667391 3.7615779917 -0.1992819555
-0.3097256593 3.7615301121 -0.1867269044
-0.3093341823 3.7614893939 -0.1731330896
-0.3085471259 3.7614544913 -0.1584949847
-0.3074231195 3.761423984 -0.1428164585
-0.3059924293 3.7613972047 -0.1261172378
-0.3042410238 3.7613746526 -0.108439399
-0.3021101695 3.7613580218 -0.08985236269999999
-0.2995214098 3.7613495873 -0.07045210239999999
-0.2964026402 3.7613515652 -0.0503607983
-0.2927317666 3.761365005 -0.0297158188
-0.2885637291 3.7613890918 -0.008660517499999999
-0.2840276667 3.761421184 0.0126650011
-0.2792983204 3.7614575095 0.0341245026
-0.2745441176 3.7614944646 0.0555780972
-0.2698904143 3.761529532 0.0768770983
-0.2653854498 3.761562124 0.0978613398
-0.2609992829 3.7615935883 0.1183647011
-0.2566549703 3.7616264042 0.1382259883
-0.2522709737 3.7616631055 0.1572996779
-0.2478021134 3.761705241 0.1754660159
-0.2432617106 3.7617528006 0.192639634
-0.2387095949 3.7618045067 0.2087701236
-0.2342313299 3.7618583395 0.2238374975
-0.2299467745 3.7619113113 0.2378564925
-0.2259094199 3.7619620551 0.2508428373
-0.2221962472 3.762008541 0.262836103
-0.2187767478 3.7620514397 0.2738565131
-0.2156791669 3.7620898742 0.2839545633
-0.2128216975 3.7621257687 0.2931511652
-0.210088423 3.7621618866 0.3014660992
-0.2075925052 3.7621950526 0.3090091094
-0.2051731334 3.7622293055 0.315752213
-0.2027075655 3.7622676615 0.3216919202
-0.2002368141 3.7623088149 0.3269098815
-0.1978587776 3.7623499669 0.3315150502
-0.1956000291 3.7623902069 0.3355778029
-0.1934774343 3.7624288897 0.3391609397
-0.1915003959 3.7624655785 0.3423203922
-0.1996669156 3.9171976032 0.3250866398
-0.1996858212 3.9171875 0.3282289104
-0.1997109389 3.91720746 0.3215689608
-0.1998422148 3.917216647 0.3176373473
-0.2000917325 3.917224599 0.3132509864
-0.200498548 3.9172305771 0.3083671015
-0.2011142433 3.9172335673 0.3029415159
-0.2020469083 3.9172312944 0.2969306265
-0.2033302606 3.9172231493 0.2902881012
-0.2049171082 3.9172103324 0.2829657584
-0.2067918145 3.9171933151 0.2749236325
-0.2090734154 3.9171695643 0.2661224684
-0.211632002 3.917142215 0.2564848747
-0.2144864599 3.9171109632 0.2459727585
-0.2175520124 3.91707789 0.2345242212
-0.2207613529 3.9170446366 0.2220935125
-0.2240233806 3.917013343 0.2086457359
-0.2272715034 3.9169855363 0.1941669008
-0.2304406014 3.9169626421 0.1786657991
-0.2335222423 3.9169447252 0.1621824579
-0.2365332596 3.916931215 0.1447802847
-0.2395237288 3.9169207207 0.126548273
-0.2425584427 3.9169114586 0.1075965365
-0.2456870208 3.9169019319 0.0880512151
-0.2489159653 3.9168915764 0.0680487515
-0.2521971019 3.9168810286 0.0477308764
-0.2554314558 3.916872053 0.0272411475
-0.2584942331 3.9168669838 0.0067251666
-0.2612729751 3.9168678674 -0.0136673245
-0.2636946119 3.9168758617 -0.0337833586
-0.2657462026 3.9168907868 -0.0534707563
-0.2674700486 3.9169112579 -0.07258618360000001
-0.2689411998 3.9169352107 -0.0910029098
-0.2702353716 3.9169606334 -0.1086159463
-0.2714007539 3.9169862018 -0.1253443797
-0.2724417787 3.9170116426 -0.1411316608
-0.2733241583 3.9170376155 -0.1559437846
-0.2739895487 3.9170653758 -0.1697659584
-0.2743785448 3.9170962472 -0.1825978113
-0.2744529333 3.9171311122 -0.1944492585
-0.2742141496 3.917169997 -0.2053389489
-0.2737048346 3.9172120372 -0.2152950832
-0.2730059137 3.9172555533 -0.2243581422
-0.2722238387 3.9172983328 -0.2325805502
-0.271477937 3.9173379088 -0.2400248582
-0.2708989354 3.9173715708 -0.2467578185
-0.2706326361 3.9173962543 -0.2528398651
-0.2708427141 3.9174084203 -0.2583069916
-0.2717326767 3.9174034431 -0.2631307115
-0.2735431613 3.9173753444 -0.2671123283
-0.2762669645 3.9173231721 -0.2698906271
-0.2794565186 3.9172562147 -0.2712406912
-0.2825542201 3.9171875 -0.2713547767
-0.2852765527 3.9171221938 -0.2698585763
-0.2874946322 3.9170642666 -0.2671085279
-0.2895548777 3.9170078986 -0.2637222285
-0.2916072014 3.9169500151 -0.2597873414
-0.2937022139 3.9168894554 -0.2552931775
-0.2958387037 3.9168261057 -0.250193976
-0.2979825726 3.9167605379 -0.2444285265
-0.3000762752 3.9166938286 -0.2379297598
-0.3020411652 3.9166275221 -0.2306297876
-0.3037879481 3.9165634265 -0.2224692434
-0.3052262026 3.9165034036 -0.2133981378
-0.3062839482 3.9164489477 -0.203380328
-0.3069187121 3.9164009328 -0.1923923322
-0.3071299784 3.9163593219 -0.1804184541
-0.3069491354 3.9163233819 -0.1674478021
-0.3064220237 3.9162920736 -0.153474812
-0.3055951217 3.9162643747 -0.1385040423
-0.3044850015 3.9162399776 -0.1225555328
-0.3030671159 3.9162195563 -0.1056703295
-0.30127826 3.916204725 -0.0879149053
-0.2990399755 3.9161975148 -0.06938066349999999
-0.2962875019 3.9161997265 -0.0501832965
-0.2930107631 3.9162119835 -0.0304525211
-0.2892737758 3.9162332745 -0.0103231064
-0.2852126604 3.9162609706 0.010072959
-0.2810013347 3.9162915934 0.0306060273
-0.2768009152 3.9163219662 0.0511412273
-0.2727238444 3.9163500277 0.0715338306
-0.2688026749 3.9163755329 0.091627853
-0.2649924516 3.9163999801 0.1112624625
-0.2612051351 3.9164258096 0.1302827876
-0.2573529882 3.9164554066 0.148549729
-0.2533892947 3.9164901646 0.1659491119
-0.2493288192 3.9165300047 0.1823997068
-0.2452338778 3.9165736848 0.1978537257
-0.2411915735 3.916619321 0.2122922106
-0.2373223286 3.9166641852 0.2257291117
-0.2336774649 3.9167070891 0.2381786809
-0.230331422 3.9167462599 0.2496776093
-0.2272474146 3.9167824642 0.2602432106
-0.2244534558 3.9168149291 0.2699236611
-0.2218621804 3.9168455482 0.2787366171
-0.2193517702 3.9168769839 0.286699505
-0.2170462926 3.9169061298 0.2939227118
-0.2147785571 3.9169368252 0.3003701063
-0.212426586 3.9169718135 0.3060339636
-0.2100435278 3.9170096516 0.3109979803
-0.2077329477 3.9170476949 0.3153710241
-0.2055254521 3.9170850473 0.3192224044
-0.203441359 3.9171210658 0.3226137758
-0.2014928563 3.91715531 0.325599819
-0.2082827191 4.0718837014 0.3049079702
-0.2085109767 4.071875 0.3078768406
-0.208104738 4.0718923258 0.3015813528
-0.2080034455 4.071900559 0.2978594376
-0.2080130336 4.0719079791 0.2937022002
-0.2081771749 4.071914031 0.2890673812
-0.2085529027 4.0719179693 0.2839109041
-0.2092662263 4.0719180585 0.2781842836
-0.2103669111 4.0719136621 0.2718416577
-0.2117890637 4.0719057983 0.2648473387
-0.2134825025 4.0718952371 0.2571773507
-0.2155915904 4.0718799622 0.2487915253
-0.2179695822 4.0718622415 0.2396106296
-0.2206135827 4.07184219 0.2295943864
-0.223450354 4.0718209715 0.218685691
-0.2263999454 4.0717998293 0.2068370286
-0.2293826247 4.0717799717 0.1940185434
-0.2323341817 4.0717623509 0.1802175604
-0.235203756 4.0717476815 0.1654458662
-0.2379905655 4.0717359034 0.1497426842
-0.2407153054 4.0717266068 0.133168796
-0.2434256581 4.071718949 0.1158080881
-0.2461748404 4.0717119736 0.09776300139999999
-0.2489973248 4.0717049689 0.0791506238
-0.2518842292 4.0716978325 0.0600979651
-0.2547803743 4.0716911196 0.0407388577
-0.2575911086 4.071685949 0.0212113181
-0.2602076029 4.0716836374 0.0016573605
-0.2625403865 4.0716852134 -0.0177765987
-0.2645395854 4.0716911291 -0.036942213
-0.2662087838 4.0717010674 -0.0556936527
-0.2675960352 4.071714086 -0.0738951954
-0.2687715191 4.071728953 -0.0914277787
-0.2697993396 4.0717445621 -0.108193216
-0.2707154283 4.0717602558 -0.1241158475
-0.2715170618 4.0717759765 -0.1391423687
-0.2721692022 4.0717921718 -0.153240049
-0.272619808 4.0718095672 -0.1663937461
-0.2728204548 4.071828861 -0.1786020155
-0.2727443204 4.0718504578 -0.1898739244
-0.272400954 4.0718742527 -0.2002278286
-0.2718359048 4.0718996381 -0.2096920645
-0.2711264394 4.0719255686 -0.2183066158
-0.2703713465 4.0719507068 -0.226122301
-0.2696785293 4.0719735993 -0.2331985407
-0.269163756 4.0719926843 -0.2395977897
-0.2689554007 4.0720062059 -0.2453761672
-0.2691971334 4.0720121463 -0.2505672523
-0.2700659729 4.0720079012 -0.2551477941
-0.2717720606 4.0719901174 -0.2589460892
-0.2743184628 4.0719581632 -0.2616390528
-0.2773195928 4.0719172077 -0.2630007804
-0.2802564251 4.071875 -0.2631620393
-0.2827538078 4.0718361179 -0.261654596
-0.2847785169 4.0718019855 -0.2589973529
-0.2866920767 4.0717684104 -0.2557619193
-0.288627263 4.071733599 -0.2520187538
-0.2906252568 4.0716969281 -0.2477527877
-0.2926823085 4.0716583694 -0.2429185997
-0.2947652336 4.0716182947 -0.2374565764
-0.2968196134 4.0715773728 -0.2313014485
-0.2987712284 4.0715365576 -0.2243871156
-0.3005355999 4.0714969649 -0.2166548019
-0.3020266619 4.0714597498 -0.2080547713
-0.303174855 4.0714258533 -0.1985509855
-0.3039368583 4.0713958586 -0.188119327
-0.304309155 4.071369789 -0.1767446629
-0.3043170459 4.0713472602 -0.1644170019
-0.3040030225 4.0713276498 -0.1511321951
-0.3034086834 4.0713103654 -0.1368955538
-0.3025494433 4.0712952195 -0.1217266655
-0.3014036059 4.0712825968 -0.1056643622
-0.2999135954 4.0712734435 -0.08877089859999999
-0.2980078655 4.0712689508 -0.0711318514
-0.2956278226 4.0712701639 -0.0528557318
-0.292764924 4.0712774291 -0.034064986
-0.2894797321 4.0712901032 -0.0148879789
-0.2858985685 4.0713065892 0.0045482383
-0.2821813407 4.0713248021 0.0241176906
-0.2784751634 4.0713428511 0.0436893265
-0.2748802296 4.0713595407 0.06312322670000001
-0.27142155 4.0713747805 0.0822700066
-0.2680527542 4.0713895191 0.1009770797
-0.2646884579 4.0714052577 0.1190983096
-0.2612460646 4.0714234295 0.1365028858
-0.2576833673 4.0714448407 0.1530834397
-0.2540171174 4.0714693879 0.1687633768
-0.2503090036 4.071496261 0.1834973396
-0.2466432169 4.0715242752 0.1972668354
-0.2431350713 4.0715517396 0.2100839737
-0.2398324004 4.0715779391 0.2219613799
-0.2368051153 4.071601801 0.2329326215
-0.2340153351 4.0716238442 0.2430137216
-0.2314898779 4.0716435981 0.2522500794
-0.2291423772 4.0716622822 0.2606583909
-0.2268545826 4.0716815761 0.2682561617
-0.224749134 4.0716995138 0.2751484201
-0.2226634298 4.071718513 0.2812997741
-0.2204808503 4.0717402744 0.2867029559
-0.2182566126 4.0717638523 0.2914386819
-0.2160921328 4.0717875906 0.2956105918
-0.2140183193 4.0718109217 0.2992847969
-0.2120560145 4.071833437 0.3025201268
-0.2102180401 4.0718548562 0.3053687555
-0.2121561313 4.2265473572 0.2858549539
-0.2126402923 4.2265625 0.2886737755
-0.2117100072 4.2265321956 0.282692744
-0.2113321003 4.2265175038 0.2791500906
-0.2110620633 4.2265039429 0.2751872087
-0.2109511577 4.226492387 0.2707617285
-0.2110659414 4.2264839933 0.2658289988
-0.2115602119 4.2264815386 0.2603341458
-0.2125054821 4.226486269 0.2542306423
-0.2138059445 4.2264963349 0.2474966618
-0.2153636209 4.2265098825 0.2401271857
-0.2173587238 4.2265302136 0.2320803644
-0.2196186692 4.2265538991 0.2232717768
-0.2221098726 4.2265802136 0.2136571316
-0.2247739305 4.2266079444 0.2031840588
-0.2275116738 4.2266351161 0.1918015067
-0.2302603598 4.2266604964 0.1794856934
-0.2329577072 4.2266828892 0.1662256159
-0.2355747045 4.2267017816 0.1520370734
-0.2381224011 4.2267174655 0.1369593371
-0.2406278461 4.226730576 0.1210513504
-0.2431360066 4.2267421297 0.1043926183
-0.2456842581 4.226753036 0.0870785655
-0.2482833553 4.2267637284 0.06921758510000001
-0.2509011567 4.2267738573 0.0509278692
-0.2534703696 4.2267824267 0.0323363248
-0.2558994052 4.2267879995 0.0135769177
-0.2580994945 4.226789205 -0.0052098746
-0.2600116881 4.2267852436 -0.0238788045
-0.2616172943 4.2267760742 -0.0422843002
-0.2629426882 4.2267624945 -0.0602855244
-0.2640433229 4.2267458244 -0.0777532967
-0.2649816132 4.2267274796 -0.0945752879
-0.2658042043 4.2267085363 -0.1106592436
-0.2665283385 4.2266894719 -0.1259340381
-0.2671398189 4.2266701275 -0.1403491002
-0.2676013669 4.2266498695 -0.1538726783
-0.2678683076 4.2266278902 -0.1664890607
-0.2679076665 4.226603574 -0.1781959332
-0.2677093569 4.2265767113 -0.189001975
-0.2672948946 4.2265476665 -0.1989261076
-0.2667154611 4.2265173402 -0.2079976413
-0.2660448341 4.2264870354 -0.2162566532
-0.2653725196 4.226458332 -0.2237523878
-0.2647932175 4.2264328926 -0.2305407213
-0.2644025407 4.2264123966 -0.2366785558
-0.2643060132 4.2263987222 -0.2422165872
-0.2646199632 4.2263939937 -0.2471857121
-0.2654848351 4.226400889 -0.2515707955
-0.2670671381 4.2264228237 -0.2552407004
-0.2693902113 4.2264608042 -0.2579307504
-0.2721790097 4.2265101512 -0.2594066005
-0.2749886611 4.2265625 -0.2596623956
-0.2772868517 4.2266091225 -0.2580968115
-0.2791388707 4.2266495778 -0.2554881986
-0.2809308059 4.2266900088 -0.2523618062
-0.2827771295 4.2267324602 -0.2487692411
-0.2847082683 4.2267775533 -0.244687907
-0.2867184149 4.2268252793 -0.2400711781
-0.2887751915 4.2268751546 -0.2348598496
-0.2908263678 4.2269263354 -0.2289889289
-0.2928004219 4.2269776164 -0.2223927701
-0.2946152554 4.2270275792 -0.2150118452
-0.2961860894 4.2270747357 -0.2067958218
-0.297442067 4.2271178304 -0.1977081306
-0.2983365579 4.2271560382 -0.1877242887
-0.2988610382 4.2271892292 -0.1768300633
-0.299035635 4.2272178009 -0.1650168891
-0.298899493 4.2272424958 -0.1522822194
-0.2984935766 4.2272640717 -0.138632306
-0.2978357583 4.2272828236 -0.1240863571
-0.2969103105 4.2272983765 -0.1086812789
-0.2956672756 4.2273096639 -0.0924756912
-0.2940429664 4.2273153143 -0.07555020160000001
-0.2919839441 4.227314102 -0.0580073381
-0.2894801845 4.2273055888 -0.0399637092
-0.286586419 4.2272905402 -0.0215431388
-0.2834163382 4.2272708312 -0.0028696144
-0.2801145107 4.2272489185 0.0159328748
-0.2768143158 4.227227038 0.0347357686
-0.2736054038 4.2272065863 0.0534029554
-0.2705076482 4.2271876303 0.0717906784
-0.2674778849 4.2271690446 0.089753781
-0.2644350631 4.2271490081 0.1071534422
-0.2613044114 4.2271258474 0.1238659951
-0.2580495284 4.2270986597 0.1397898343
-0.2546896297 4.2270676509 0.1548522418
-0.2512857477 4.2270338772 0.1690098074
-0.2479190239 4.226998827 0.1822443048
-0.2446994377 4.2269645931 0.1945660938
-0.2416714379 4.2269320361 0.2059863765
-0.2389005775 4.2269024563 0.2165360643
-0.2363486497 4.2268751671 0.226230412
-0.2340410781 4.2268507391 0.2351124167
-0.2318933411 4.2268276162 0.2431985292
-0.2297913401 4.226803689 0.2505068289
-0.2278546741 4.2267814221 0.2571367594
-0.2259262601 4.226757788 0.2630555507
-0.2238942531 4.2267306684 0.2682574007
-0.2218136471 4.2267012643 0.2728195995
-0.2197831659 4.226671645 0.2768405016
-0.2178334636 4.2266425226 0.2803832307
-0.2159854023 4.2266144105 0.2835040221
-0.2142520279 4.2265876611 0.2862528002
-0.2147167992 4.3812574435 0.2688538078
-0.2154406181 4.38125 0.2715330175
-0.214019819 4.3812649397 0.2658442545
-0.2133834868 4.3812722648 0.2624676449
-0.2128526958 4.3812791147 0.2586842657
-0.2124859742 4.3812850859 0.2544514537
-0.2123590053 4.3812896491 0.2497238008
-0.2126520128 4.3812915084 0.2444399397
-0.213457021 4.3812900142 0.2385522725
-0.214650823 4.381286091 0.232052391
-0.2160889447 4.3812808064 0.224953642
-0.21798762 4.3812725818 0.2172120318
-0.2201482925 4.3812629652 0.2087385167
-0.2225096422 4.3812524499 0.1994858369
-0.2250258231 4.3812414142 0.1894053798
-0.2275800037 4.3812307699 0.1784432203
-0.2301235722 4.3812208937 0.1665805526
-0.2325988737 4.38121222 0.1538082941
-0.2349950488 4.3812048167 0.1401452908
-0.2373350006 4.3811984823 0.125630785
-0.2396518762 4.3811929259 0.1103219992
-0.2419876962 4.3811877778 0.094294487
-0.2443670014 4.3811827848 0.0776378705
-0.2467755429 4.3811779792 0.0604527711
-0.2491620508 4.3811736573 0.0428501602
-0.251445419 4.3811703318 0.0249506987
-0.2535372818 4.3811685606 0.0068847586
-0.2553671565 4.3811687626 -0.0112087984
-0.2569042991 4.3811710563 -0.0291862423
-0.2581592067 4.3811752538 -0.046904934
-0.2591800985 4.3811808911 -0.0642289521
-0.260028714 4.3811874151 -0.0810351465
-0.2607604638 4.3811943315 -0.097217123
-0.2614060797 4.381201345 -0.1126876293
-0.2619652372 4.381208407 -0.1273792742
-0.2624129195 4.3812156673 -0.1412437205
-0.2627088876 4.381223402 -0.1542500024
-0.2628169963 4.3812318676 -0.16638216
-0.262717428 4.3812412095 -0.1776372162
-0.2624153565 4.3812513955 -0.1880239866
-0.261943729 4.3812621955 -0.1975621943
-0.2613593805 4.3812732075 -0.2062822616
-0.2607325759 4.3812839416 -0.2142243128
-0.2601452256 4.3812938219 -0.2214362867
-0.2596782676 4.3813022881 -0.2279701305
-0.2594106654 4.3813087902 -0.2338776109
-0.2594265415 4.3813127372 -0.2392038468
-0.2598171537 4.3813134709 -0.2439766197
-0.2606898525 4.3813101862 -0.2481873383
-0.2621697716 4.3813018794 -0.2517411378
-0.2642984748 4.381288079 -0.2544265185
-0.2669026418 4.3812698903 -0.2560031862
-0.2696078867 4.38125 -0.256340549
-0.2717380733 4.381232893 -0.2547133003
-0.2734425811 4.3812182321 -0.2521395491
-0.2751319055 4.3812033342 -0.2491071996
-0.2769035259 4.3811874968 -0.2456475259
-0.2787791072 4.3811705362 -0.2417310319
-0.2807509014 4.3811524733 -0.2373094567
-0.282787033 4.3811334998 -0.2323233448
-0.284837479 4.3811139391 -0.2267082291
-0.2868332332 4.3810942549 -0.2203987527
-0.2886941608 4.3810749979 -0.2133345811
-0.2903365479 4.3810567527 -0.2054647808
-0.2916882622 4.3810400281 -0.1967522397
-0.2926996055 4.3810251752 -0.1871720663
-0.2933575247 4.3810122812 -0.1767107835
-0.2936775072 4.381001225 -0.1653610549
-0.2936957621 4.3809917362 -0.1531217631
-0.2934527843 4.3809835188 -0.1400000368
-0.2929687275 4.3809764371 -0.1260148173
-0.2922333493 4.3809705936 -0.1112014036
-0.2912032761 4.3809663553 -0.0956153341
-0.2898221546 4.3809641985 -0.0793328861
-0.2880408905 4.3809645635 -0.0624512946
-0.2858491964 4.3809676119 -0.0450820053
-0.2832959288 4.3809730714 -0.0273445833
-0.2804840363 4.3809802679 -0.0093600847
-0.2775445516 4.3809883189 0.0087495417
-0.2745986628 4.3809964183 0.0268581989
-0.2717265296 4.3810040707 0.044833354
-0.2689437933 4.3810112656 0.06253644179999999
-0.2662083126 4.3810184228 0.0798286064
-0.2634443905 4.3810262071 0.0965777315
-0.260583702 4.3810352168 0.1126662972
-0.2575952159 4.3810457569 0.1279977531
-0.254500668 4.3810577181 0.142502828
-0.2513608494 4.3810706795 0.156139904
-0.2482544702 4.3810840687 0.1688910883
-0.2452869732 4.3810970934 0.1807653138
-0.2424996773 4.3811094385 0.191772553
-0.239954217 4.3811206232 0.2019414211
-0.237611583 4.3811309271 0.211286383
-0.2354958967 4.3811401393 0.2198482872
-0.2335237954 4.3811488684 0.2276432601
-0.2315840633 4.3811579287 0.2346896676
-0.2297944454 4.381166371 0.2410820902
-0.2280019634 4.381175358 0.2467900356
-0.2260984334 4.3811856987 0.251808954
-0.2241390611 4.3811969253 0.2562131266
-0.2222208604 4.3812082436 0.2600962602
-0.2203745181 4.3812193788 0.2635188336
-0.2186211082 4.3812301326 0.2665347783
-0.2169740152 4.3812403688 0.2691920157
-0.2195555182 4.535938257 0.2534997636
-0.2204882366 4.5359375 0.2560259756
-0.2186395907 4.535939022 0.2506578514
-0.2177773179 4.5359397734 0.2474640331
-0.2170180239 4.5359404814 0.2438788408
-0.2164263981 4.5359411066 0.2398595001
-0.2160857778 4.5359415975 0.2353600545
-0.216199056 4.5359418274 0.2303130287
-0.2168761482 4.5359417268 0.2246697891
-0.217969879 4.5359413914 0.2184348769
-0.2192954705 4.5359409391 0.2116394295
-0.2210995248 4.5359402127 0.2042370248
-0.2231618652 4.5359393608 0.196135608
-0.2253954974 4.5359384424 0.1872859504
-0.2277673115 4.5359374821 0.1776431457
-0.2301449993 4.5359365689 0.1671513318
-0.232494337 4.535935726 0.1557965815
-0.2347596353 4.53593499 0.1435701786
-0.2369495625 4.535934354 0.1304946176
-0.2390966905 4.5359337945 0.1166081224
-0.2412391885 4.5359332836 0.1019657635
-0.2434175313 4.5359327905 0.0866391873
-0.2456399562 4.5359323049 0.0707117562
-0.2478737941 4.5359318425 0.0542772684
-0.2500477001 4.5359314431 0.0374393075
-0.2520699666 4.5359311595 0.020312321
-0.2538550175 4.5359310396 0.0030223441
-0.2553500188 4.5359311096 -0.0142946605
-0.2565501878 4.5359313642 -0.0314979477
-0.2574925912 4.5359317709 -0.048449245
-0.2582444223 4.5359322786 -0.06501851660000001
-0.2588730248 4.5359328363 -0.08108919840000001
-0.2594266113 4.5359334068 -0.0965609638
-0.259920673 4.5359339751 -0.1113514777
-0.2603388127 4.5359345479 -0.1253969159
-0.260646286 4.5359351449 -0.1386511067
-0.2608009802 4.5359357922 -0.151084042
-0.2607736823 4.5359365066 -0.162679742
-0.2605577848 4.5359372933 -0.1734349854
-0.2601724807 4.5359381401 -0.1833588423
-0.2596614041 4.5359390198 -0.1924719106
-0.2590834382 4.5359398962 -0.2008053492
-0.2585093456 4.5359407253 -0.2083991807
-0.2580096692 4.5359414651 -0.2152992064
-0.2576539084 4.5359420725 -0.2215534532
-0.2575050751 4.5359425094 -0.2272081291
-0.2576268193 4.5359427369 -0.2323023338
-0.2580863725 4.5359427128 -0.2368604516
-0.2589590747 4.5359423882 -0.2408796135
-0.2603310643 4.5359417031 -0.244298241
-0.2622587445 4.5359406114 -0.2469561288
-0.2646639802 4.5359391495 -0.2486117196
-0.2672428691 4.5359375 -0.2490207875
-0.2691948109 4.5359361322 -0.2473464051
-0.27074163 4.5359349765 -0.2448228027
-0.2723145648 4.5359337795 -0.2418975291
-0.2739949026 4.5359324894 -0.2385829053
-0.2757970961 4.5359310948 -0.2348443584
-0.2777108709 4.5359295992 -0.2306324911
-0.2797049295 4.5359280195 -0.2258884267
-0.2817313344 4.5359263828 -0.2205485547
-0.2837237443 4.5359247287 -0.2145483376
-0.2856043701 4.5359231037 -0.2078272081
-0.2872911269 4.5359215584 -0.2003341163
-0.2887109424 4.5359201373 -0.1920315307
-0.2898118206 4.5359188733 -0.1828944081
-0.2905765846 4.5359177767 -0.1729099955
-0.2910161976 4.53591684 -0.1620719549
-0.2911638116 4.5359160412 -0.1503804406
-0.2910593267 4.5359153555 -0.1378433223
-0.2907248708 4.5359147693 -0.1244791876
-0.2901546234 4.5359142886 -0.1103217844
-0.289314157 4.5359139387 -0.09542330139999999
-0.2881521587 4.5359137574 -0.07985583240000001
-0.2866245691 4.5359137787 -0.06371106560000001
-0.2847210367 4.5359140159 -0.0470948651
-0.2824845935 4.5359144477 -0.0301218947
-0.2800074378 4.5359150214 -0.0129094317
-0.2774071784 4.5359156679 0.004423606
-0.2747928545 4.5359163236 0.0217545378
-0.2722354587 4.5359169502 0.0389552876
-0.2697468357 4.5359175479 0.0558931687
-0.2672864451 4.5359181509 0.0724361332
-0.26478432 4.5359188125 0.0884590903
-0.2621787268 4.5359195791 0.1038509017
-0.2594438996 4.535920473 0.1185202667
-0.2566037172 4.5359214826 0.1324015366
-0.253718218 4.5359225715 0.1454550422
-0.2508631984 4.5359236914 0.1576633641
-0.2481390432 4.5359247767 0.1690341391
-0.2455838946 4.5359258021 0.1795762033
-0.2432553027 4.5359267287 0.1893159373
-0.2411139375 4.5359275809 0.1982670132
-0.2391826527 4.5359283421 0.2064680729
-0.2373797692 4.5359290639 0.2139347912
-0.2355979433 4.5359298151 0.220685663
-0.2339518836 4.5359305157 0.2268100744
-0.2322938155 4.5359312634 0.2322798523
-0.2305199973 4.5359321259 0.2370916224
-0.228685195 4.535933063 0.2413162999
-0.2268837381 4.5359340085 0.2450426112
-0.2251459239 4.5359349391 0.2483281304
-0.2234927215 4.5359358383 0.2512242531
-0.2219376157 4.5359366943 0.2537766869
-0.2216671012 4.6906158812 0.2374644867
-0.2227629301 4.690625 0.2398629657
-0.2205802151 4.6906066463 0.2347621642
-0.2195415199 4.6905975501 0.2317200763
-0.2186037977 4.6905889404 0.228298783
-0.2178365476 4.6905812807 0.2244551946
-0.2173296529 4.6905751753 0.2201424995
-0.2173018833 4.6905721196 0.2152879227
-0.2178791903 4.6905729698 0.2098410958
-0.2188953396 4.6905765661 0.2038178605
-0.2201325989 4.690581405 0.1972647791
-0.2218624933 4.6905893668 0.1901326329
-0.2238475941 4.6905987266 0.1823274672
-0.22598016 4.6906086971 0.1737989211
-0.2282376803 4.6906190953 0.1645049412
-0.2304755195 4.6906288704 0.154388457
-0.2326709153 4.6906378564 0.1434390595
-0.2347708745 4.6906456759 0.1316490409
-0.2367987954 4.690652508 0.119042802
-0.2387951966 4.6906586595 0.1056577691
-0.240802438 4.6906644598 0.0915472076
-0.2428577475 4.6906702108 0.0767793827
-0.2449587797 4.6906759426 0.0614332651
-0.2470555857 4.6906813561 0.0455972004
-0.2490614859 4.6906858994 0.0293693537
-0.250876202 4.6906889322 0.0128594635
-0.2524168549 4.6906899439 -0.003809827
-0.2536448961 4.6906887422 -0.0205050221
-0.2545766942 4.6906855235 -0.0370881129
-0.2552707166 4.690680778 -0.053424741
-0.2558092858 4.6906751582 -0.06938994060000001
-0.2562637911 4.6906692317 -0.0848725444
-0.2566767336 4.6906633536 -0.0997769763
-0.2570507759 4.6906575889 -0.1140246032
-0.2573565427 4.6906517673 -0.1275541665
-0.2575514647 4.6906456155 -0.1403210774
-0.2575918471 4.6906388438 -0.1522959008
-0.2574546509 4.6906312995 -0.1634627478
-0.2571436485 4.690623011 -0.1738184161
-0.256689809 4.6906141904 -0.1833723617
-0.2561442808 4.6906051849 -0.1921459944
-0.2555699367 4.6905964178 -0.2001712458
-0.2550343047 4.6905883403 -0.2074879245
-0.2546030373 4.6905813882 -0.214140187
-0.2543332569 4.6905759369 -0.220172535
-0.2542751177 4.6905723145 -0.2256265164
-0.2544768585 4.6905708402 -0.2305363444
-0.2549854884 4.6905718319 -0.2349233589
-0.2558497129 4.6905756313 -0.2387887893
-0.2571219555 4.690582627 -0.2420989387
-0.2588703097 4.6905933666 -0.2447369406
-0.2610956389 4.6906079981 -0.2464620226
-0.2635532188 4.690625 -0.2469356831
-0.2653426824 4.6906385921 -0.2452230262
-0.2667450387 4.6906499167 -0.2427390645
-0.2682088517 4.6906618838 -0.2398980138
-0.2698025959 4.6906749763 -0.2366975145
-0.2715343317 4.6906892735 -0.2330992943
-0.273391505 4.6907047165 -0.2290533799
-0.2753430673 4.6907211213 -0.2245015263
-0.2773427392 4.6907381995 -0.2193809157
-0.2793263275 4.6907555374 -0.2136277137
-0.2812179825 4.6907726373 -0.2071811427
-0.2829373826 4.6907889646 -0.1999902631
-0.2844092353 4.6908040126 -0.1920162057
-0.2855810901 4.690817427 -0.1832345439
-0.2864311046 4.6908290617 -0.1736324836
-0.2869664372 4.6908389702 -0.16320453
-0.2872184826 4.6908473727 -0.1519518653
-0.2872253913 4.6908545324 -0.1398828647
-0.2870113354 4.6908606086 -0.1270159169
-0.2865748667 4.6908655717 -0.1133835428
-0.2858878152 4.6908691946 -0.09903546000000001
-0.2849046327 4.6908711164 -0.08404030730000001
-0.2835851933 4.6908710036 -0.0684853617
-0.2819189136 4.690868722 -0.0524719938
-0.2799436012 4.6908644722 -0.0361109138
-0.2777420414 4.6908587691 -0.019516366
-0.2754200997 4.6908522884 -0.002804875
-0.273076547 4.690845654 0.0139035979
-0.2707747702 4.6908392382 0.0304845458
-0.2685238268 4.6908330293 0.0468100316
-0.2662850299 4.6908266807 0.06275351179999999
-0.2639937998 4.690819668 0.0781955746
-0.2615941538 4.6908115351 0.0930301894
-0.2590648039 4.6908020809 0.1071702392
-0.2564311981 4.6907914473 0.1205529106
-0.2537524148 4.6907800272 0.1331400082
-0.2511014899 4.6907683243 0.1449144038
-0.2485742553 4.690757016 0.1558825713
-0.2462063489 4.6907463577 0.1660524505
-0.244051876 4.6907367444 0.1754485877
-0.2420722881 4.6907279127 0.1840843128
-0.2402883921 4.6907200306 0.1919962615
-0.2386215577 4.6907125545 0.1992001774
-0.2369685738 4.6907047698 0.2057149004
-0.2354401995 4.6906975052 0.2116254724
-0.2338942254 4.6906897454 0.2169055508
-0.2322315518 4.6906807921 0.2215526929
-0.2305058929 4.6906710631 0.2256350104
-0.2288082073 4.6906612479 0.2292371743
-0.2271679952 4.6906515864 0.2324143817
-0.2256057853 4.6906422521 0.2352159633
-0.2241348813 4.6906333644 0.2376858301
-0.2226698438 4.8453021233 0.2348213494
-0.2237610114 4.8453125 0.2371576686
-0.2215851353 4.8452916137 0.23218803
-0.2205450461 4.8452812612 0.2292223309
-0.2196009618 4.8452714612 0.2258853404
-0.2188206097 4.8452627405 0.2221344629
-0.2182916494 4.8452557867 0.2179233236
-0.2182277552 4.8452523004 0.2131792609
-0.2187518869 4.8452532551 0.2078521794
-0.2197013618 4.8452573318 0.2019587626
-0.2208632672 4.8452628201 0.1955460917
-0.2225030939 4.8452718583 0.1885641805
-0.2243876872 4.8452824846 0.1809228046
-0.2264112149 4.845293804 0.1725734835
-0.2285513276 4.8453056082 0.1634752657
-0.2306660236 4.8453167024 0.153573351
-0.2327330761 4.8453268989 0.142857756
-0.2347005993 4.8453357691 0.1313213254
-0.2365917819 4.8453435174 0.1189877722
-0.2384466446 4.8453504934 0.1058934103
-0.2403070774 4.8453570718 0.0920900068
-0.2422100559 4.8453635962 0.07764401780000001
-0.2441538443 4.8453701009 0.0626326242
-0.2460899975 4.8453762439 0.0471424778
-0.2479344292 4.8453813985 0.0312701122
-0.24958971 4.845384836 0.0151234551
-0.2509756237 4.8453859761 -0.0011770604
-0.2520554811 4.8453846006 -0.0175006937
-0.2528464124 4.8453809337 -0.0337126728
-0.2534067265 4.8453755337 -0.0496820939
-0.2538179712 4.845369143 -0.065287411
-0.25415084 4.8453624067 -0.0804204971
-0.2544476009 4.8453557286 -0.09498826320000001
-0.2547113615 4.845349182 -0.1089138972
-0.254913741 4.8453425725 -0.1221373359
-0.2550133761 4.8453355896 -0.1346147092
-0.2549677178 4.8453279036 -0.1463169456
-0.2547543594 4.8453193413 -0.1572283574
-0.2543770705 4.8453099354 -0.1673458473
-0.2538661327 4.8452999275 -0.1766788937
-0.2532714422 4.8452897119 -0.185248803
-0.252654269 4.8452797696 -0.1930872518
-0.2520803495 4.8452706132 -0.2002336438
-0.2516135013 4.845262737 -0.2067316029
-0.2513091828 4.8452565667 -0.212625016
-0.2512161223 4.8452524751 -0.2179548148
-0.2513812008 4.8452508241 -0.2227547316
-0.2518501189 4.845251974 -0.227045918
-0.2526705642 4.8452563137 -0.2308298292
-0.253894036 4.8452642845 -0.2340738068
-0.255588011 4.8452765088 -0.2366639261
-0.2577551387 4.8452931556 -0.2383645859
-0.2601589464 4.8453125 -0.2388433564
-0.2619254133 4.845327974 -0.2371808533
-0.263318262 4.8453408671 -0.2347624846
-0.2647731523 4.8453544847 -0.2319963241
-0.2663571335 4.8453693761 -0.2288802402
-0.2680784041 4.8453856316 -0.225376668
-0.2699251074 4.8454031851 -0.2214365838
-0.2718674301 4.8454218286 -0.2170027835
-0.273860541 4.8454412343 -0.2120134943
-0.2758420971 4.8454609321 -0.2064058464
-0.2777384171 4.8454803573 -0.200119857
-0.2794713674 4.8454989028 -0.193105155
-0.280967595 4.8455159932 -0.1853232747
-0.2821760737 4.8455312266 -0.1767499725
-0.2830755161 4.8455444371 -0.1673725998
-0.2836731247 4.8455556866 -0.1571858794
-0.2839996574 4.8455652258 -0.1461912015
-0.2840923009 4.8455733531 -0.1343970211
-0.2839746277 4.84558025 -0.1218214898
-0.2836449104 4.8455858824 -0.1084963802
-0.2830751741 4.8455899916 -0.09447008
-0.2822203168 4.8455921671 -0.0798093548
-0.2810404552 4.84559203 -0.064599213
-0.279524572 4.8455894284 -0.0489386532
-0.2777089764 4.8455845912 -0.0329361318
-0.2756739609 4.8455781043 -0.0167038676
-0.2735223659 4.8455707366 -0.0003564634
-0.2713500156 4.8455631975 0.015988173
-0.2692179965 4.8455559099 0.0322079305
-0.2671341502 4.8455488597 0.0481777151
-0.265059654 4.8455416525 0.0637741287
-0.2629301685 4.84553369 0.07888088779999999
-0.2606902827 4.8455244548 0.09339477910000001
-0.2583184702 4.8455137179 0.1072308002
-0.2558392304 4.845501641 0.1203273949
-0.2533101735 4.8454886714 0.1326468368
-0.2508026759 4.8454753815 0.1441718905
-0.2484106178 4.8454625421 0.1549082456
-0.2461688362 4.8454504425 0.1648634032
-0.2441304299 4.8454395316 0.1740609861
-0.2422575868 4.8454295085 0.1825142404
-0.2405708793 4.8454205638 0.1902588073
-0.2389933534 4.8454120784 0.1973105923
-0.2374238295 4.8454032375 0.2036886436
-0.2359716508 4.845394986 0.2094753213
-0.2344971878 4.8453861676 0.2146459247
-0.2329032086 4.8453759866 0.2191987804
-0.2312429976 4.8453649199 0.2232001228
-0.2296063769 4.8453537526 0.2267320253
-0.2280227487 4.8453427587 0.2298482391
-0.2265126432 4.8453321359 0.2325968328
-0.2250894603 4.8453220204 0.2350206277
-0.227817218 5.0000016469 0.1810444279
-0.2286523318 5 0.1828127952
-0.2269858552 5.0000033148 0.1790506268
-0.2261869995 5.0000049576 0.1768043744
-0.2254594072 5.0000065124 0.1742759149
-0.2248541929 5.0000078957 0.1714326251
-0.2244375493 5.0000089981 0.1682389266
-0.2243709664 5.0000095497 0.1646387549
-0.2247473429 5.0000093957 0.1605935464
-0.2254435948 5.0000087456 0.1561166342
-0.2262987584 5.0000078709 0.1512446253
-0.227513664 5.0000064322 0.1459384165
-0.228911548 5.0000047406 0.1401306336
-0.2304115979 5.0000029391 0.1337848829
-0.2319971184 5.0000010602 0.1268702578
-0.2335604479 4.9999992934 0.1193458461
-0.2350841975 4.9999976695 0.1112040767
-0.2365291834 4.9999962563 0.1024397448
-0.2379130102 4.9999950215 0.09307075569999999
-0.2392659891 4.9999939096 0.0831244535
-0.2406201669 4.9999928611 0.0726399573
-0.2420035512 4.9999918218 0.061667506
-0.2434149812 4.9999907865 0.050265678
-0.2448192421 4.9999898077 0.0385005841
-0.2461520821 4.9999889865 0.0264457569
-0.2473404698 4.9999884382 0.0141835756
-0.2483241306 4.9999882551 0.0018057946
-0.2490757537 4.9999884718 -0.0105882089
-0.2496087613 4.999989053 -0.0228962407
-0.2499677492 4.9999899101 -0.0350192125
-0.2502149718 4.9999909252 -0.0468652278
-0.2504044435 4.9999919958 -0.0583525187
-0.2505684845 4.9999930579 -0.06941060659999999
-0.2507098634 4.9999940996 -0.0799811939
-0.2508074914 4.9999951515 -0.09001856499999999
-0.2508301439 4.9999962632 -0.0994892436
-0.2507457002 4.9999974869 -0.1083709765
-0.2505372857 4.9999988503 -0.1166517603
-0.2502076693 5.0000003482 -0.1243292715
-0.2497796944 5.0000019424 -0.1314107907
-0.2492911638 5.00000357 -0.1379126937
-0.2487883719 5.0000051546 -0.1438592611
-0.2483209349 5.0000066148 -0.1492806515
-0.2479372243 5.0000078716 -0.154210247
-0.2476793093 5.0000088571 -0.1586815928
-0.2475836329 5.0000095125 -0.1627259922
-0.247685603 5.0000097802 -0.1663693349
-0.2480205802 5.0000096017 -0.1696277684
-0.2486240565 5.0000089161 -0.1725028201
-0.2495354089 5.0000076529 -0.17496996
-0.2508062237 5.0000057134 -0.1769432075
-0.2524394275 5.0000030708 -0.1782440512
-0.2542567002 5 -0.1786190764
-0.2555993219 4.9999975454 -0.1773662053
-0.2566623341 4.9999955004 -0.1755374789
-0.2577744562 4.999993339 -0.1734443877
-0.2589863045 4.9999909743 -0.1710857977
-0.2603045903 4.9999883915 -0.1684336382
-0.2617204737 4.9999856011 -0.1654506286
-0.2632107873 4.9999826376 -0.1620932196
-0.2647421513 4.9999795525 -0.1583144108
-0.2662680295 4.9999764198 -0.1540661892
-0.267732342 4.9999733301 -0.1493029569
-0.2690758754 4.9999703803 -0.1439862614
-0.2702434319 4.9999676614 -0.1380861784
-0.2711960668 4.9999652379 -0.1315842505
-0.2719183813 4.9999631351 -0.1244709078
-0.2724150027 4.9999613445 -0.1167419756
-0.2727091451 4.9999598266 -0.1083986514
-0.2728297314 4.9999585324 -0.0994475789
-0.2727938838 4.9999574343 -0.0899025707
-0.2726003851 4.9999565374 -0.07978774030000001
-0.272227889 4.9999558826 -0.06913971739999999
-0.2716420126 4.9999555351 -0.0580089293
-0.2708121845 4.9999555551 -0.0464597727
-0.2697295332 4.999955967 -0.0345672926
-0.2684209827 4.9999567345 -0.022413973
-0.2669468785 4.9999577647 -0.0100853355
-0.2653845932 4.9999589353 0.0023311883
-0.2638061684 4.999960134 0.0147456731
-0.2622574462 4.9999612932 0.0270651725
-0.2607439596 4.999962415 0.039194717
-0.259235316 4.999963563 0.0510407612
-0.2576839606 4.9999648294 0.06251554769999999
-0.2560458758 4.9999662991 0.07354077539999999
-0.2543050305 4.9999680074 0.0840521231
-0.2524796996 4.9999699287 0.0940027465
-0.2506132027 4.9999719923 0.1033637514
-0.2487596993 4.9999741068 0.112121755
-0.24699007 4.9999761503 0.1202805963
-0.2453310069 4.9999780763 0.1278458584
-0.2438228003 4.9999798135 0.1348352133
-0.2424369452 4.9999814097 0.1412589058
-0.2411894213 4.999982834 0.147143956
-0.2400219431 4.9999841851 0.1525027603
-0.2388582627 4.9999855917 0.157350304
-0.237781255 4.9999869043 0.1617485955
-0.2366852745 4.9999883062 0.1656794496
-0.235497058 4.9999899231 0.1691420867
-0.2342564494 4.9999916808 0.1721862377
-0.2330322562 4.9999934535 0.1748740991
-0.2318466569 4.9999951985 0.177246236
-0.2307153282 4.9999968843 0.1793390379
-0.2296485422 4.9999984894 0.1811849446
-0.2279654215 5.0003829606 0.1807974413
-0.2272883222 5.0007805034 0.1785510424
-0.2266470328 5.0011856372 0.1760522327
-0.2260763205 5.001588498 0.1732789275
-0.225621808 5.0019758418 0.1702093753
-0.2253419449 5.0023311511 0.1668241151
-0.2253770399 5.0026067895 0.1630935247
-0.2258077563 5.0027751129 0.1589932903
-0.2265276328 5.0028756441 0.1545085764
-0.2273984647 5.0029627176 0.149640564
-0.2285969048 5.0029755881 0.1443820309
-0.2299683466 5.0029677901 0.1386373672
-0.2314435311 5.0029691079 0.1323557251
-0.2330059209 5.0029798944 0.1255073736
-0.234558759 5.0030308185 0.1180410646
-0.2360824526 5.0031175779 0.1099540279
-0.2375385239 5.0032435802 0.101243887
-0.2389377264 5.0033889058 0.0919385933
-0.2403040237 5.0035335773 0.0820735648
-0.2416642137 5.0036588154 0.0716926426
-0.2430432289 5.0037519271 0.0608465809
-0.2444414845 5.0038147776 0.0495896533
-0.2458300734 5.0038644325 0.0379817646
-0.2471522899 5.0039262233 0.0260921596
-0.2483422539 5.0040241083 0.0140032996
-0.2493434175 5.0041704255 0.0018107002
-0.2501275608 5.00435939 -0.0103814292
-0.2507031555 5.0045693095 -0.0224694965
-0.2511076188 5.0047703248 -0.0343582277
-0.2513958256 5.0049337033 -0.0459645771
-0.2516167715 5.0050420246 -0.0572176833
-0.251801092 5.0050922862 -0.0680565228
-0.251953117 5.0050939486 -0.0784282514
-0.2520552113 5.0050620621 -0.0882883775
-0.2520794758 5.0050107184 -0.0976022419
-0.2519960626 5.0049490838 -0.1063458882
-0.2517883108 5.0048785844 -0.1145074422
-0.2514569502 5.0047933876 -0.1220874117
-0.2510216282 5.0046846757 -0.1290974838
-0.2505168896 5.0045445166 -0.1355582228
-0.2499860926 5.0043670756 -0.141497012
-0.249477079 5.0041507893 -0.1469449698
-0.2490376449 5.0038974744 -0.1519347115
-0.2487102235 5.0036110334 -0.1564979025
-0.2485319978 5.0032958541 -0.1606637769
-0.2485389856 5.0029543151 -0.1644576383
-0.2487668569 5.00258575 -0.1678972706
-0.2492508517 5.0021872146 -0.1709884128
-0.2500295595 5.0017504836 -0.1737154136
-0.2511527061 5.001258003 -0.176011201
-0.2526230091 5.0006857777 -0.1777247576
-0.2553457914 5.0006813832 -0.1769680901
-0.2561903257 5.0012502288 -0.1748012477
-0.2571068608 5.0017394854 -0.1724040627
-0.2581405638 5.002172886 -0.1697720108
-0.2592929393 5.0025679224 -0.1668737553
-0.2605524322 5.0029328179 -0.1636717082
-0.261894898 5.0032705809 -0.1601240648
-0.263287206 5.0035819702 -0.1561866074
-0.264684724 5.0038647499 -0.1518151491
-0.2660341928 5.0041147064 -0.1469683432
-0.2672793814 5.0043280943 -0.1416104332
-0.2683674454 5.004503174 -0.1357117701
-0.2692599243 5.0046415419 -0.1292513028
-0.2699399826 5.0047489994 -0.1222142554
-0.27040878 5.0048333491 -0.1145904795
-0.270685465 5.0049032827 -0.1063755439
-0.2707962075 5.0049645653 -0.0975726567
-0.2707578093 5.0050157475 -0.0881952366
-0.2705723345 5.005047753 -0.0782688104
-0.2702237163 5.0050466345 -0.0678307007
-0.2696831954 5.0049974932 -0.0569293683
-0.268923065 5.0048909418 -0.045622853
-0.2679319997 5.0047299012 -0.033976095
-0.2667285475 5.0045315522 -0.0220606503
-0.2653606495 5.0043242909 -0.009954229
-0.263893585 5.004137659 0.0022577647
-0.2623912038 5.0039931402 0.0144821801
-0.2608977511 5.0038964829 0.0266203173
-0.2594238481 5.003835479 0.0385739592
-0.2579481062 5.0037863986 0.0502511613
-0.2564329254 5.0037241759 0.0615706036
-0.2548400408 5.0036318989 0.0724619973
-0.2531543721 5.0035077451 0.0828661721
-0.2513898149 5.0033643041 0.0927352196
-0.2495832046 5.0032201938 0.1020339873
-0.2477821697 5.0030952236 0.1107389527
-0.2460510997 5.0030091322 0.1188407459
-0.2444181472 5.0029585504 0.1263420977
-0.2429223535 5.0029477301 0.133254412
-0.2415449794 5.0029462842 0.1396027476
-0.2403020649 5.0029538751 0.1454135172
-0.239144719 5.0029409791 0.1507170951
-0.2380127987 5.0028545421 0.1555644014
-0.2369702677 5.0027548449 0.159982011
-0.2359285093 5.0025878675 0.163984701
-0.2348259564 5.0023143143 0.1675981257
-0.2336929732 5.0019616107 0.170855916
-0.232582627 5.0015770781 0.1737925862
-0.2315131936 5.0011771259 0.1764319596
-0.230497063 5.0007749073 0.178799079
-0.2295419962 5.0003802177 0.1809183682
-0.2283085309 5.0006532262 0.1806403352
-0.2279867201 5.0013311385 0.1782338726
-0.2277062602 5.0020217783 0.1755758291
-0.2274925854 5.0027082967 0.1726492261
-0.2273785308 5.003368059 0.1694395505
-0.2274053035 5.0039728251 0.1659381309
-0.2276702885 5.0044419003 0.1621331432
-0.2282295682 5.0047285246 0.1580088503
-0.2290135705 5.0049000175 0.1535288491
-0.2299337618 5.0050487858 0.1486669056
-0.2311142759 5.0050717021 0.1434353823
-0.2324478299 5.0050596255 0.1377254715
-0.2338907751 5.0050631393 0.1314792081
-0.2354267308 5.0050828001 0.1246681913
-0.2369836602 5.0051706308 0.1172378199
-0.2385375449 5.005319292 0.1091874092
-0.2400518596 5.0055344894 0.1005165224
-0.2415214265 5.0057823526 0.0912573934
-0.2429551928 5.0060289417 0.08144933729999999
-0.2443669479 5.0062423929 0.0711382089
-0.2457738394 5.0064012079 0.0603746964
-0.2471795758 5.0065085613 0.049210773
-0.2485695938 5.0065934372 0.037703527
-0.2499062814 5.0066987535 0.0259209772
-0.2511415577 5.0068651053 0.0139470357
-0.2522281513 5.007113334 0.0018802325
-0.2531347636 5.0074335342 -0.0101726873
-0.253855753 5.0077888814 -0.0221087295
-0.2544085172 5.0081287972 -0.0338367638
-0.2548278541 5.0084047049 -0.0452807116
-0.2551495329 5.0085872396 -0.0563772005
-0.2554002948 5.0086714359 -0.0670712098
-0.2555889657 5.0086733588 -0.0773129214
-0.2557070236 5.0086184795 -0.08705812559999999
-0.2557352432 5.0085306329 -0.0962709521
-0.255649354 5.0084253017 -0.1049260343
-0.2554328428 5.008304918 -0.1130113511
-0.255081031 5.0081595688 -0.1205288311
-0.25460566 5.0079743396 -0.127492148
-0.2540337858 5.007735847 -0.1339232335
-0.253402708 5.0074341701 -0.1398497671
-0.2527575528 5.0070666399 -0.1453020364
-0.2521462688 5.0066362835 -0.1503117404
-0.2516133909 5.0061496332 -0.1549098714
-0.2511988449 5.0056140532 -0.159126049
-0.2509401352 5.0050334723 -0.1629880631
-0.2508725537 5.0044066512 -0.1665189009
-0.2510293609 5.0037285058 -0.1697327635
-0.2514443177 5.002984928 -0.1726284172
-0.2521578343 5.0021458611 -0.1751672056
-0.2531648023 5.001170208 -0.177241459
-0.2547543134 5.0011676119 -0.1767997516
-0.2550961298 5.0021412425 -0.1744615335
-0.2555691461 5.0029784106 -0.1718642026
-0.2562069683 5.0037200727 -0.1690243587
-0.2569994086 5.004396246 -0.1659231711
-0.2579287171 5.0050210322 -0.1625308248
-0.258968259 5.0055995456 -0.1588121387
-0.2600844809 5.0061330705 -0.1547287749
-0.2612351469 5.0066177502 -0.1502420151
-0.2623712036 5.0070463092 -0.145315257
-0.2634403594 5.0074122951 -0.1399151854
-0.264391974 5.00771272 -0.1340118716
-0.2651864554 5.0079502676 -0.127580896
-0.265801958 5.008134839 -0.1206019044
-0.2662320074 5.0082797479 -0.1130590095
-0.2664872376 5.0083998408 -0.1049427436
-0.2665879057 5.0085049936 -0.0962533295
-0.2665505846 5.0085927622 -0.0870036824
-0.2663836145 5.0086477127 -0.07722007710000001
-0.2660809638 5.0086460881 -0.0669399218
-0.2656245016 5.0085624986 -0.0562097177
-0.2649919332 5.0083809192 -0.0450822816
-0.2641675153 5.008106272 -0.0336148981
-0.263154234 5.0077677939 -0.0218713441
-0.2619764447 5.0074138795 -0.0099246132
-0.260675963 5.0070949353 0.00213988
-0.2593002436 5.0068476716 0.0142251952
-0.2578899576 5.0066819731 0.0262277833
-0.2564659469 5.0065770693 0.0380475482
-0.2550259148 5.0064924909 0.0495950776
-0.2535530449 5.0063854656 0.0607953529
-0.2520230248 5.0062270953 0.071585264
-0.2504236304 5.0060142287 0.0819099937
-0.2487600585 5.0057683074 0.09172049290000001
-0.2470552657 5.005521106 0.1009759371
-0.2453417323 5.0053064706 0.1096439107
-0.2436681647 5.0051581706 0.1177029721
-0.2420651953 5.005070521 0.1251537707
-0.2405681089 5.0050508331 0.1320020072
-0.2391820816 5.0050472409 0.1382870705
-0.2379232406 5.0050591953 0.1440354322
-0.2367667852 5.0050362598 0.149293174
-0.2356956341 5.0048878449 0.1541431603
-0.2347249391 5.0047168132 0.1585842183
-0.2338117159 5.0044309459 0.1626518919
-0.2329278034 5.0039630606 0.1663888742
-0.2320809044 5.0033597935 0.1698162655
-0.2312849656 5.0027016569 0.1729486466
-0.2305437459 5.0020168254 0.1757972625
-0.2298584171 5.0013278795 0.1783785624
-0.2292284591 5.0006516278 0.180710899
-0.2287741174 5.0007554109 0.1806063034
-0.2289339258 5.0015392739 0.178166003
-0.229142063 5.0023377414 0.1754754154
-0.2294113053 5.0031313142 0.1725190052
-0.2297571858 5.0038937921 0.1692843087
-0.2301979104 5.0045924817 0.1657658159
-0.2307744827 5.0051343195 0.1619574095
-0.2315107324 5.0054654118 0.1578446276
-0.2323866143 5.0056635692 0.153380602
-0.233380118 5.0058355301 0.1485253305
-0.2345450337 5.0058622507 0.1432945215
-0.2358370663 5.0058486012 0.1375838091
-0.2372470794 5.0058529758 0.1313368561
-0.2387588322 5.0058760023 0.1245264684
-0.2403338707 5.0059777162 0.1171023112
-0.2419424174 5.0061496394 0.1090626634
-0.2435507941 5.0063983295 0.1004077452
-0.2451320127 5.0066846769 0.0911674837
-0.2466743316 5.0069695 0.0813801581
-0.2481733319 5.0072160309 0.07109055540000001
-0.2496351614 5.0073994772 0.0603487424
-0.2510678685 5.0075235023 0.0492068571
-0.2524764019 5.0076215618 0.037723111
-0.253850045 5.0077431492 0.0259676025
-0.2551656628 5.0079350859 0.014026788
-0.2563890219 5.0082213849 0.0020009003
-0.2574842328 5.0085905815 -0.0100035261
-0.2584251785 5.0090001807 -0.0218859287
-0.2592002992 5.0093918621 -0.0335588191
-0.2598154759 5.009709654 -0.044949864
-0.2602875378 5.0099197586 -0.0559983617
-0.260637824 5.0100165012 -0.06665072750000001
-0.2608817217 5.0100184203 -0.0768571948
-0.2610237506 5.0099548744 -0.08657283139999999
-0.2610570582 5.0098533325 -0.0957607558
-0.2609652086 5.0097316315 -0.104394744
-0.2607317302 5.0095925898 -0.112462394
-0.2603442503 5.0094247647 -0.1199653906
-0.2598034376 5.0092109696 -0.126916627
-0.2591260843 5.0089357933 -0.13333635
-0.2583415655 5.0085877688 -0.1392496902
-0.257491942 5.0081637961 -0.1446844855
-0.2566261213 5.007667326 -0.149671442
-0.2557921704 5.0071058388 -0.1542421387
-0.2550343022 5.0064877801 -0.1584288739
-0.2543922153 5.0058176203 -0.1622643541
-0.2539003408 5.0050938674 -0.1657791308
-0.2535887232 5.004310604 -0.1689982556
-0.253483377 5.0034514708 -0.1719372984
-0.2536100537 5.0024816458 -0.1745893927
-0.253950108 5.0013535247 -0.176896667
-0.0889754418 -0.05 -0.2633797878
-0.08979092349999999 -0.0499903617 -0.2612149795
-0.0892239534 -0.0500094393 -0.2610325652
-0.09070809840000001 -0.0499796766 -0.258759065
-0.08951874 -0.0500196856 -0.2583779014
-0.09173857219999999 -0.0499678659 -0.2559732692
-0.0898690959 -0.0500307338 -0.2553768409
-0.0928949813 -0.0499548546 -0.252813914
-0.0902861958 -0.0500425527 -0.2519859514
-0.0941910063 -0.0499405745 -0.2492319395
-0.09078343799999999 -0.0500550769 -0.2481569881
-0.0956414163 -0.0499249649 -0.2451725991
-0.09137690280000001 -0.0500681931 -0.2438368104
-0.0972611791 -0.0499080309 -0.2405713614
-0.0920845502 -0.0500817984 -0.238962827
-0.09906769949999999 -0.0498897897 -0.235351622
-0.0929291308 -0.0500957003 -0.2334642258
-0.1010793357 -0.0498701043 -0.2294537396
-0.0939392403 -0.0501094086 -0.227285846
-0.1033157722 -0.0498487026 -0.2228308363
-0.09515036339999999 -0.0501221364 -0.2203836127
-0.1058049409 -0.0498252625 -0.2154076666
-0.09661452180000001 -0.0501327834 -0.2126855937
-0.10852866 -0.0498008855 -0.2071116148
-0.0983220351 -0.0501420891 -0.2041322738
-0.1114753811 -0.0497760792 -0.1979227508
-0.1002728147 -0.0501501908 -0.1947053026
-0.1146247551 -0.0497520103 -0.1877687859
-0.102467792 -0.050157511 -0.1843431025
-0.1179032642 -0.0497310314 -0.1766425956
-0.1048224918 -0.0501667507 -0.1730377902
-0.1212515909 -0.0497152504 -0.1645098289
-0.1072839508 -0.0501797802 -0.1607602801
-0.1245980941 -0.0497068445 -0.1513792701
-0.1097672499 -0.0501992212 -0.1475154199
-0.1278824472 -0.0497075411 -0.1372727448
-0.1121921953 -0.0502274553 -0.133320579
-0.1310948975 -0.0497173099 -0.1222359818
-0.1145386019 -0.0502648134 -0.1182167565
-0.1342713668 -0.0497344911 -0.1063420729
-0.1168310541 -0.0503100427 -0.1022698965
-0.1375130014 -0.0497552108 -0.0896876742
-0.1191701939 -0.0503593412 -0.0855690258
-0.1409746921 -0.0497737687 -0.0723892491
-0.1217273793 -0.050406543 -0.0682238275
-0.1448345753 -0.0497836017 -0.0545817043
-0.1247159261 -0.0504440069 -0.0503661178
-0.14925156 -0.0497786233 -0.0364169724
-0.128346974 -0.050463976 -0.0321527672
-0.1543163443 -0.0497547929 -0.0180590555
-0.1327733478 -0.0504603455 -0.013764197
-0.1600040463 -0.0497116925 0.0003288993
-0.1380297469 -0.0504306364 0.004609621
-0.1439994185 -0.0503772329 0.0227957022
-0.1661562024 -0.0496532185 0.0186021255
-0.1504283852 -0.0503071392 0.040665521
-0.1724992128 -0.049587122 0.0366502589
-0.1569863655 -0.050230087 0.0581369637
-0.1787008247 -0.0495232012 0.0543918175
-0.1633404135 -0.0501561055 0.07515708190000001
-0.1844505864 -0.0494706363 0.0717540638
-0.1692198816 -0.0500933059 0.0916771951
-0.1895167116 -0.0494360782 0.08865499509999999
-0.1744647851 -0.0500462467 0.1076363336
-0.1937926163 -0.04942216 0.1049989415
-0.1790139393 -0.0500163575 0.1229683832
-0.1972810112 -0.0494281072 0.1206918454
-0.1828986836 -0.0500021399 0.1376027571
-0.2000725452 -0.0494504589 0.1356485548
-0.1862116474 -0.0500002119 0.1514734761
-0.2023054096 -0.0494843922 0.149801027
-0.1890774775 -0.0500062603 0.1645242339
-0.2041328645 -0.0495247409 0.1630986856
-0.1916200994 -0.0500161036 0.1767135492
-0.2056899043 -0.049567041 0.175508771
-0.1939454109 -0.0500262439 0.1880162917
-0.2070816053 -0.0496078821 0.1870145795
-0.1961292075 -0.0500342348 0.1984222405
-0.2083732928 -0.0496451952 0.1976126743
-0.1982067281 -0.0500390172 0.2079373219
-0.2095854182 -0.0496784124 0.2073128682
-0.2001819007 -0.0500406051 0.2165802103
-0.2107054959 -0.0497080713 0.2161352137
-0.202033721 -0.0500398564 0.2243782796
-0.2116951131 -0.049735563 0.2241055129
-0.2037275595 -0.0500380985 0.2313647672
-0.2125045096 -0.0497626526 0.2312521175
-0.2052300907 -0.0500366301 0.2375745776
-0.2130899638 -0.0497909046 0.237601853
-0.2065166436 -0.05003645 0.2430386525
-0.2134207727 -0.049821419 0.2431737142
-0.2075884412 -0.0500377543 0.2477889372
-0.2135026969 -0.0498541715 0.2479889413
-0.2084702513 -0.050039994 0.2518562487
-0.2133723973 -0.0498881774 0.2520696891
-0.2092108122 -0.0500419095 0.2552767763
-0.2130965395 -0.0499216107 0.2554513982
-0.2098743789 -0.0500417724 0.2580889501
-0.2127567485 -0.0499522737 0.25818263
-0.2105421345 -0.0500371276 0.2603043955
-0.2124430795 -0.0499776071 0.2602986176
-0.2113103191 -0.050024505 0.2618605252
-0.2122487331 -0.0499945815 0.2617839274
-0.2122128645 -0.05 0.2623697131
-0.2131871471 -0.0499646579 0.2617073296
-0.2143440246 -0.0499180865 0.2602928397
-0.2156391181 -0.049862775 0.2582763099
-0.2169822668 -0.0498013119 0.2556260201
-0.2182745434 -0.0497363608 0.2522831295
-0.2194169527 -0.0496705887 0.2481889453
-0.2203249018 -0.0496063881 0.2433087759
-0.2209498369 -0.0495451791 0.2376291284
-0.2212814597 -0.0494872066 0.2311394679
-0.2213565052 -0.0494312697 0.2238327463
-0.221229091 -0.0493755375 0.2156902171
-0.2209641083 -0.0493178076 0.2066884144
-0.2206173781 -0.0492561557 0.1968031081
-0.2202177997 -0.0491895203 0.1860128673
-0.2197597092 -0.0491179784 0.1743039929
-0.2191882515 -0.0490432215 0.1616731372
-0.2183991718 -0.0489685725 0.1481285778
-0.2172464069 -0.0488987778 0.1336943525
-0.2155480832 -0.0488398569 0.1184153075
-0.2131204474 -0.0487980733 0.1023615494
-0.2098135417 -0.0487788505 0.085632795
-0.2055607594 -0.0487851671 0.06835104559999999
-0.2004152839 -0.0488163154 0.0506466712
-0.1945700405 -0.0488671048 0.0326349968
-0.1883129862 -0.048929204 0.0144085487
-0.1819783457 -0.0489927486 -0.0039518224
-0.1758593407 -0.0490492403 -0.0223539139
-0.170156146 -0.0490932705 -0.0406811776
-0.1649532244 -0.0491231965 -0.0587972908
-0.1602220048 -0.0491409945 -0.07655467069999999
-0.155855809 -0.0491510805 -0.09380632260000001
-0.1517116796 -0.0491589394 -0.1104142494
-0.1476511932 -0.0491698064 -0.1262552072
-0.1435726991 -0.0491876268 -0.1412249106
-0.1394289384 -0.0492144678 -0.1552431204
-0.135219231 -0.0492507206 -0.1682593778
-0.1309840365 -0.0492953121 -0.180247401
-0.1267817182 -0.0493465096 -0.1911944693
-0.1226779475 -0.0494019676 -0.201140199
-0.1187352849 -0.049459682 -0.2100909559
-0.1149953601 -0.0495177416 -0.2181297394
-0.1114811809 -0.0495752688 -0.22527806
-0.1082194311 -0.0496307999 -0.2316216332
-0.1052062682 -0.0496838791 -0.2372390183
-0.1024378081 -0.0497342634 -0.2421798959
-0.0999059299 -0.0497817367 -0.2465083879
-0.0975985746 -0.049826072 -0.2503068909
-0.0955037669 -0.0498671565 -0.2536418765
-0.0936080485 -0.049904998 -0.2565696975
-0.09189745689999999 -0.0499396675 -0.2591402285
-0.0903578937 -0.0499712841 -0.2613973938
-0.08865698330000001 -0.050028517 -0.2608501509
-0.08832938160000001 -0.0500596947 -0.2579967379
-0.0879996196 -0.0500936017 -0.2547804125
-0.0876774102 -0.0501302507 -0.2511579889
-0.0873758697 -0.0501695793 -0.2470820366
-0.0871123892 -0.0502114213 -0.2425010217
-0.0869079212 -0.0502555659 -0.2373542925
-0.0867905621 -0.0503016109 -0.2315768296
-0.0867991449 -0.050348713 -0.2251179524
-0.08698495470000001 -0.0503955702 -0.217936389
-0.0874241026 -0.0504403043 -0.2099635209
-0.0881154103 -0.0504832926 -0.2011529327
-0.0890702483 -0.0505243024 -0.1914878544
-0.0903108289 -0.0505630117 -0.1809174191
-0.0917417195 -0.0506024699 -0.1694329847
-0.09331631059999999 -0.0506443101 -0.1570107312
-0.0949364056 -0.0506915979 -0.1436515697
-0.0965019434 -0.0507473695 -0.1293684132
-0.09798230619999999 -0.0508123169 -0.1141975311
-0.0993907414 -0.0508855943 -0.0981977201
-0.1008273864 -0.0509634716 -0.0814503774
-0.1024800666 -0.0510393172 -0.0640584059
-0.104597277 -0.051104412 -0.0461505313
-0.107442388 -0.0511493288 -0.0278885621
-0.1112303514 -0.0511658981 -0.0094693386
-0.1160554475 -0.0511495802 0.0088903426
-0.1218426347 -0.0511012474 0.026989279
-0.1283575575 -0.0510271564 0.0446807831
-0.1352719063 -0.0509369728 0.0618821099
-0.1422302406 -0.0508415747 0.0785601001
-0.1489230516 -0.0507505336 0.0946993951
-0.155136954 -0.0506703335 0.1102737257
-0.1607468673 -0.0506046078 0.1252449211
-0.165724822 -0.050553821 0.1395569594
-0.1701178852 -0.0505160316 0.1531459253
-0.1740220905 -0.0504877798 0.1659497822
-0.1775502945 -0.0504651662 0.1779183274
-0.1808092165 -0.0504446057 0.1890180039
-0.1838851222 -0.0504232744 0.1992318067
-0.186828038 -0.050399622 0.2085617756
-0.1896583056 -0.0503731388 0.217025207
-0.192372329 -0.0503441498 0.2246510462
-0.1949506093 -0.0503135445 0.2314774169
-0.1973702175 -0.0502823556 0.2375473022
-0.1996125144 -0.050251481 0.2429035907
-0.2016741854 -0.0502213371 0.2475889332
-0.2035681053 -0.0501918106 0.2516428083
-0.2053250849 -0.0501622084 0.2551021543
-0.2069920093 -0.050131271 0.2579952702
-0.2086411895 -0.0500966482 0.2603101733
-0.2103719052 -0.0500544286 0.2619371229
-0.214125561 -0.0499347343 0.2616307319
-0.2162449696 -0.0498585659 0.2602870619
-0.2185214877 -0.0497732764 0.2583699899
-0.2208679941 -0.0496810131 0.255800642
-0.2231766894 -0.0495845442 0.2524965699
-0.2253312084 -0.049487006 0.2483889494
-0.227229031 -0.0493913571 0.2434438376
-0.2288097101 -0.0492994535 0.2376564039
-0.2300584098 -0.0492117607 0.2310268182
-0.2310178972 -0.0491269763 0.2235599797
-0.2317526862 -0.0490430037 0.2152452205
-0.2323427983 -0.0489572028 0.2060639607
-0.2328614634 -0.0488671161 0.1959935419
-0.2333539941 -0.0487711586 0.185011155
-0.2338295141 -0.0486689157 0.1730992147
-0.2342436385 -0.0485617021 0.1602475889
-0.234492934 -0.0484527528 0.1464561287
-0.2344202685 -0.0483470967 0.1317401502
-0.2338151552 -0.0482516065 0.1161387697
-0.2324482785 -0.0481739866 0.0997241572
-0.2301103717 -0.0481216227 0.082610595
-0.2266709323 -0.0480996979 0.0649480274
-0.2221297431 -0.0481094296 0.046901525
-0.2166408682 -0.0481470876 0.0286197347
-0.2104697701 -0.0482051896 0.0102149719
-0.2039526451 -0.0482738047 -0.008232544099999999
-0.1974023372 -0.0483436876 -0.0266487724
-0.191060732 -0.0484079178 -0.0449453827
-0.1850718735 -0.0484627913 -0.06301287730000001
-0.1794693176 -0.0485082202 -0.0807200923
-0.1741986165 -0.0485469501 -0.097924971
-0.1691519923 -0.0485833878 -0.1144864258
-0.1642074889 -0.048622303 -0.1302744325
-0.159262951 -0.0486677126 -0.1451770764
-0.1542597827 -0.048722091 -0.1591069706
-0.1491868711 -0.0487861907 -0.1720089267
-0.1440648088 -0.0488595928 -0.1838522065
-0.1389386813 -0.0489410088 -0.1946201527
-0.1338805139 -0.0490278559 -0.2043576471
-0.1289419098 -0.0491184785 -0.2130702969
-0.1241857792 -0.0492102208 -0.2208518122
-0.1196465896 -0.049301835 -0.2277252836
-0.1153595264 -0.0493914955 -0.2337895267
-0.1113448369 -0.0494779684 -0.2391264145
-0.107614437 -0.0495604959 -0.2437884304
-0.1041704435 -0.0496385085 -0.2478441766
-0.1010061429 -0.0497115696 -0.2513818423
-0.0981125524 -0.0497794585 -0.2544698391
-0.0954775248 -0.0498421301 -0.2571661258
-0.0930868153 -0.0498996585 -0.2595213921
-0.09092486380000001 -0.0499522064 -0.2615798081
-0.0880900132 -0.0500475946 -0.2606677367
-0.0871400232 -0.0500997038 -0.2576155743
-0.0861301433 -0.0501564696 -0.2541839842
-0.0850686247 -0.0502179488 -0.2503300263
-0.0839683014 -0.0502840818 -0.2460070852
-0.0828478756 -0.0503546495 -0.241165233
-0.0817312922 -0.0504293335 -0.235745758
-0.0806519933 -0.0505075216 -0.2296894333
-0.0796590495 -0.0505880174 -0.2229500588
-0.078819546 -0.050669004 -0.2154891654
-0.0782336835 -0.0507478251 -0.2072414481
-0.0779087854 -0.0508244961 -0.1981735917
-0.0778676819 -0.050898414 -0.1882704062
-0.0781538658 -0.0509685124 -0.1774917357
-0.0786609472 -0.0510381892 -0.1658281793
-0.0793486705 -0.0511088399 -0.1532611823
-0.0801055614 -0.0511839746 -0.1397877195
-0.0808116915 -0.0512672837 -0.1254162475
-0.08142601050000001 -0.0513598203 -0.1101783058
-0.08195042869999999 -0.0514611459 -0.09412554369999999
-0.0824845788 -0.0515676019 -0.07733172889999999
-0.0832327538 -0.0516720915 -0.0598929843
-0.0844786278 -0.0517648172 -0.0419349448
-0.086537802 -0.0518346815 -0.0236243569
-0.0896873549 -0.0518714508 -0.0051744801
-0.0940811481 -0.0518685241 0.0131710643
-0.0996858508 -0.0518252618 0.0311828557
-0.1062867299 -0.0517471736 0.0486960451
-0.1135574471 -0.0516438586 0.0656272562
-0.1211200677 -0.0515270439 0.0819631182
-0.1286262215 -0.0514077614 0.0977215951
-0.1358091228 -0.0512944202 0.1129111179
-0.1424797953 -0.0511928582 0.1275214589
-0.1485509604 -0.0511055021 0.1415111616
-0.154024123 -0.0510318513 0.1548183744
-0.1589667036 -0.0509692992 0.1673753306
-0.1634804897 -0.0509142288 0.1791231055
-0.1676730221 -0.0508629675 0.1900197162
-0.1716410369 -0.050812314 0.2000413729
-0.1754493479 -0.0507602268 0.2091862294
-0.1791347105 -0.0507056726 0.2174702036
-0.1827109369 -0.0506484431 0.2249238128
-0.1861736592 -0.0505889904 0.2315900666
-0.1895103444 -0.0505280812 0.2375200268
-0.1927083853 -0.050466512 0.242768529
-0.1957599297 -0.0504049198 0.2473889291
-0.1986659592 -0.0503436272 0.251429368
-0.2014393576 -0.0502825072 0.2549275324
-0.2041096397 -0.0502207697 0.2579015903
-0.2067402445 -0.0501561687 0.2603159512
-0.2094334912 -0.0500843522 0.2620137207
-0.215063975 -0.0499048107 0.2615541341
-0.2181459146 -0.0497990454 0.260281284
-0.2214038573 -0.0496837777 0.2584636698
-0.2247537214 -0.0495607142 0.2559752639
-0.2280788354 -0.0494327276 0.2527100102
-0.2312454642 -0.0493034232 0.2485889535
-0.2341331601 -0.0491763261 0.2435788993
-0.2366695832 -0.049053728 0.2376836793
-0.23883536 -0.0489363147 0.2309141685
-0.2406792893 -0.048822683 0.223287213
-0.2422762813 -0.0487104699 0.2148002239
-0.2437214884 -0.048596598 0.2054395069
-0.2451055487 -0.0484780765 0.1951839757
-0.2464901885 -0.0483527968 0.1840094428
-0.2478993189 -0.0482198531 0.1718944366
-0.2492990255 -0.0480801827 0.1588220405
-0.2505866962 -0.0479369331 0.1447836795
-0.2515941301 -0.0477954157 0.1297859479
-0.2520822272 -0.0476633562 0.1138622318
-0.2517761097 -0.0475498999 0.0970867651
-0.2504072018 -0.047464395 0.07958839500000001
-0.2477811052 -0.0474142287 0.0615450093
-0.2438442023 -0.0474025439 0.0431563788
-0.2387116958 -0.0474270704 0.0246044726
-0.232626554 -0.0474811751 0.0060213952
-0.2259269445 -0.0475548609 -0.0125132657
-0.2189453336 -0.047638135 -0.0309436308
-0.211965318 -0.047722565 -0.0492095879
-0.2051905227 -0.0478023861 -0.0672284638
-0.1987166303 -0.047875446 -0.0848855139
-0.1925414241 -0.0479428197 -0.1020436194
-0.186592305 -0.0480078362 -0.1185586022
-0.1807637846 -0.0480747995 -0.1342936579
-0.1749532028 -0.0481477984 -0.1491292421
-0.1690906269 -0.0482297143 -0.1629708208
-0.1631545112 -0.0483216609 -0.1757584756
-0.1571455811 -0.0484238736 -0.1874570119
-0.1510956444 -0.0485355081 -0.198045836
-0.1450830803 -0.0486537443 -0.2075750953
-0.1391485347 -0.048777275 -0.216049638
-0.1333761984 -0.0489026999 -0.223573885
-0.1278119984 -0.0490284012 -0.2301725073
-0.1224996218 -0.0491521912 -0.2359574203
-0.1174834057 -0.0492720578 -0.2410138107
-0.112791066 -0.0493867284 -0.2453969648
-0.1084349571 -0.0494952803 -0.2491799653
-0.1044137112 -0.0495970672 -0.2524567938
-0.100721338 -0.0496917604 -0.2552978017
-0.0973470011 -0.0497792622 -0.2577625541
-0.09427617369999999 -0.0498596494 -0.2599025557
-0.0914918339 -0.0499331288 -0.2617622224
-0.0641855856 -0.2046875 -0.3085617699
-0.06328862859999999 -0.2047057019 -0.3053743649
-0.0623345727 -0.2047256325 -0.3017919236
-0.0613312779 -0.204747347 -0.2977700042
-0.0602910812 -0.2047708682 -0.2932603865
-0.0592319946 -0.2047961747 -0.2882111128
-0.0581791987 -0.2048231845 -0.2825669939
-0.0571647923 -0.2048517762 -0.27626352
-0.0562320254 -0.2048817182 -0.269236583
-0.0554418007 -0.2049125591 -0.2614382073
-0.0548758894 -0.2049436144 -0.2528302041
-0.0546570312 -0.204973883 -0.2433465568
-0.0547969417 -0.2050033555 -0.232952152
-0.0553255902 -0.2050317857 -0.2216316376
-0.0562980112 -0.2050587572 -0.2093446115
-0.057592062 -0.2050855185 -0.1960722481
-0.0591643856 -0.2051125625 -0.1817913326
-0.0608862302 -0.2051411832 -0.1664893725
-0.06261722090000001 -0.2051727512 -0.1501660847
-0.0643066657 -0.205207666 -0.1328534518
-0.0659503597 -0.2052457967 -0.1146090084
-0.0676586023 -0.205285798 -0.09552310529999999
-0.0696572003 -0.2053250973 -0.07571915360000001
-0.07226633389999999 -0.2053600821 -0.0553611944
-0.0758411873 -0.2053866481 -0.0346637729
-0.0806912942 -0.2054009833 -0.0138934702
-0.0869832347 -0.2054005912 0.0066559995
-0.0946684391 -0.2053851656 0.0267211017
-0.1034933366 -0.2053566649 0.0461270713
-0.1130804827 -0.2053185659 0.0648032045
-0.1229952597 -0.2052751609 0.0827659283
-0.1328365468 -0.2052305202 0.1000673566
-0.1422927677 -0.2051877899 0.1167432602
-0.151138364 -0.2051491914 0.1328010905
-0.1592611676 -0.2051157049 0.148203275
-0.1666508935 -0.2050872214 0.1628801592
-0.1733746688 -0.2050628374 0.1767489528
-0.1795417766 -0.2050412597 0.1897338569
-0.1852721115 -0.2050211469 0.2017774654
-0.1906752902 -0.2050013238 0.2128444601
-0.1958264099 -0.2049810359 0.2229276074
-0.2007736321 -0.2049598556 0.2320406181
-0.2055360668 -0.2049376991 0.2402179949
-0.2101136773 -0.2049147173 0.2475102758
-0.2144994439 -0.2048911565 0.2539768436
-0.2186829157 -0.204867314 0.2596834524
-0.2226592867 -0.2048434228 0.2646927334
-0.2264313316 -0.2048196221 0.2690609283
-0.2300136518 -0.2047958934 0.2728300698
-0.233437799 -0.2047719798 0.2760178031
-0.2367718052 -0.2047470707 0.2785750195
-0.2401206241 -0.2047195652 0.2803077044
-0.2434625037 -0.2046875 0.2804835267
-0.2467991393 -0.2046515074 0.2793209932
-0.2503695978 -0.2046117034 0.2776449311
-0.2541043372 -0.2045684257 0.2753397426
-0.2578968354 -0.2045222871 0.27226156
-0.2616051707 -0.2044743276 0.2682938226
-0.2650684949 -0.2044258796 0.2633566033
-0.2681445907 -0.2043782449 0.2574208233
-0.270747673 -0.2043322872 0.250495521
-0.2728590653 -0.2042882452 0.2425995727
-0.274534568 -0.2042456207 0.2337487838
-0.2758610532 -0.2042035439 0.2239359344
-0.2769488439 -0.2041608735 0.2131391771
-0.2779025326 -0.2041164974 0.2013278079
-0.2787926433 -0.2040696309 0.1884692758
-0.2796477589 -0.2040199156 0.1745366016
-0.28042928 -0.2039676758 0.1595118586
-0.2810200812 -0.2039140454 0.1433915318
-0.2812268735 -0.2038609673 0.1261943631
-0.2807757549 -0.2038112794 0.1079754649
-0.2793516348 -0.2037683711 0.088840636
-0.2766488071 -0.2037357292 0.0689594934
-0.2724494753 -0.2037161367 0.0485539531
-0.2666988071 -0.2037108325 0.0278618079
-0.2595355822 -0.2037190651 0.0070871061
-0.2512425818 -0.2037384745 -0.0136343675
-0.2422110972 -0.2037654328 -0.0342373749
-0.2328266683 -0.2037962817 -0.0546862329
-0.2234230824 -0.2038278892 -0.07493868889999999
-0.2142476156 -0.2038580638 -0.0949207911
-0.2054275696 -0.2038859227 -0.1145124106
-0.1969784689 -0.2039117781 -0.1335584731
-0.1888351371 -0.2039367719 -0.1518898169
-0.1808902652 -0.2039624418 -0.1693420104
-0.1730367669 -0.2039902637 -0.1857704805
-0.1651977305 -0.2040213298 -0.2010599955
-0.1573532035 -0.2040560422 -0.2151408111
-0.1495032561 -0.2040945205 -0.2279720785
-0.141682762 -0.2041364906 -0.2395310398
-0.133978978 -0.2041809084 -0.2498824677
-0.1264357813 -0.2042273217 -0.2590340753
-0.1191445162 -0.2042744599 -0.2671135794
-0.1121576482 -0.2043217199 -0.2741516727
-0.1055177908 -0.2043682877 -0.2802824774
-0.0992729646 -0.2044133972 -0.2856063113
-0.0934531626 -0.2044565612 -0.2901888855
-0.0880685029 -0.2044974271 -0.2941157365
-0.083111662 -0.2045357515 -0.2974929374
-0.0785706878 -0.2045714087 -0.3004021294
-0.0744291416 -0.204604361 -0.302910032
-0.0706666167 -0.2046346363 -0.30507428
-0.0672602026 -0.2046623119 -0.3069441694
-0.0346711843 -0.359375 -0.372900486
-0.0338782831 -0.3593518219 -0.3691748627
-0.0330476758 -0.3593264453 -0.3649886072
-0.0321911204 -0.3592988009 -0.3602901912
-0.0313256407 -0.3592688611 -0.3550237837
-0.030474867 -0.3592366549 -0.3491293244
-0.0296706907 -0.359202289 -0.3425431877
-0.0289532078 -0.3591659186 -0.3351908318
-0.0283751999 -0.3591278416 -0.3269983775
-0.0280083649 -0.3590886408 -0.3179114519
-0.0279472339 -0.3590492008 -0.3078884948
-0.0283341113 -0.3590108152 -0.2968570152
-0.0291834332 -0.3589734766 -0.284773836
-0.0305276749 -0.3589374787 -0.2716220292
-0.032430277 -0.3589033408 -0.2573544597
-0.0347512822 -0.3588694085 -0.2419435786
-0.0374398603 -0.3588350022 -0.2253590584
-0.0403484002 -0.3587984128 -0.2075810906
-0.0433164372 -0.3587578433 -0.18860391
-0.0462849952 -0.3587127807 -0.1684635649
-0.0492493021 -0.3586634386 -0.1472288801
-0.0523312485 -0.3586115984 -0.1250118849
-0.0557885394 -0.3585607156 -0.1019691057
-0.0599801477 -0.358515561 -0.0783074936
-0.0653016401 -0.3584815384 -0.0542931003
-0.07209086169999999 -0.358463631 -0.0302482721
-0.0805177411 -0.3584650534 -0.0065182136
-0.0905056221 -0.3584861174 0.0165972349
-0.1017460706 -0.3585241402 0.0389096488
-0.1137939505 -0.3585744481 0.0603545731
-0.1261454878 -0.3586313307 0.080967804
-0.1383405862 -0.3586894162 0.1008225543
-0.1500261297 -0.3587446098 0.1199678304
-0.1609496861 -0.3587940686 0.1384168448
-0.170989457 -0.3588366104 0.1561269434
-0.1801386694 -0.3588724789 0.1730158145
-0.1884772572 -0.3589029429 0.188983952
-0.1961320506 -0.3589297636 0.2039387162
-0.2032399256 -0.3589547294 0.217809139
-0.2099259844 -0.3589793989 0.2305499356
-0.2162760401 -0.3590047663 0.2421494734
-0.2223411719 -0.3590313348 0.2526236686
-0.2281440391 -0.3590592061 0.2620110774
-0.2336849268 -0.3590881599 0.2703694154
-0.2389544224 -0.3591178231 0.2777682396
-0.2439435334 -0.3591478079 0.2842821357
-0.2486493737 -0.3591778039 0.2899830475
-0.253080042 -0.3592076543 0.2949347464
-0.2572579611 -0.3592374205 0.2991854349
-0.2612248774 -0.3592674872 0.3027550463
-0.2650599972 -0.359298948 0.3055873358
-0.2688770203 -0.3593339221 0.3074595124
-0.2726187715 -0.359375 0.3075382821
-0.2762902228 -0.3594213546 0.3060517165
-0.2802036047 -0.3594728587 0.3039255626
-0.2842737415 -0.3595289898 0.3010513609
-0.2883711612 -0.3595889168 0.2972737007
-0.2923259389 -0.3596512412 0.2924683063
-0.2959493142 -0.3597142072 0.2865493125
-0.2990766393 -0.3597760984 0.2794897156
-0.3016123773 -0.3598357988 0.2713048453
-0.3035323501 -0.3598929745 0.2620119023
-0.3049037359 -0.3599483088 0.2516263379
-0.3058256518 -0.3600029521 0.2401341107
-0.3064225312 -0.3600584032 0.2275035684
-0.3068117679 -0.3601161182 0.213693882
-0.3070719206 -0.3601771241 0.1986642
-0.3072317195 -0.3602418619 0.1823826294
-0.3072437428 -0.3603098754 0.1648315134
-0.3069705185 -0.360379632 0.1460139967
-0.306189609 -0.3604485455 0.1259626515
-0.3045882067 -0.3605128539 0.1047556588
-0.3018117513 -0.3605681041 0.08253049630000001
-0.2975217619 -0.3606097439 0.0594962541
-0.2914851899 -0.360634176 0.0359166217
-0.2836590307 -0.3606398697 0.0120644035
-0.2742219576 -0.36062793 -0.0118351428
-0.2635152694 -0.3606015865 -0.0356410557
-0.2519992783 -0.3605657071 -0.0592955863
-0.2401233848 -0.3605251573 -0.0827716619
-0.2282727063 -0.3604840434 -0.1060296781
-0.2167293642 -0.3604451728 -0.1289887557
-0.205636674 -0.3604095936 -0.1515101477
-0.1950111018 -0.360376783 -0.1734115308
-0.1847766442 -0.3603451201 -0.1944912392
-0.1748125635 -0.3603125094 -0.2145527308
-0.1649994319 -0.36027696 -0.2334227754
-0.1552577251 -0.3602370688 -0.2509659694
-0.1455673 -0.3601922935 -0.2670997243
-0.1359340794 -0.3601425194 -0.2817774206
-0.1264032006 -0.3600881573 -0.2949762189
-0.117071666 -0.3600305806 -0.3067737959
-0.107992757 -0.3599704257 -0.3171823401
-0.0992635301 -0.3599093482 -0.3263523991
-0.09094149510000001 -0.3598481362 -0.3343232235
-0.0830688544 -0.3597878547 -0.3412495757
-0.0756924622 -0.3597294837 -0.3472508154
-0.06884132129999999 -0.359673643 -0.3524042604
-0.06252151540000001 -0.3596207819 -0.3568086787
-0.0567179523 -0.359571215 -0.3605886273
-0.0514127354 -0.3595251026 -0.3638366527
-0.0465830586 -0.3594824921 -0.3666302874
-0.0422023527 -0.3594433461 -0.3690358428
-0.038241736 -0.3594075641 -0.371109867
-0.0011061004 -0.5140625 -0.4574315189
-0.0002605454 -0.5139817296 -0.4529713006
0.0006076399 -0.5138936758 -0.4479645338
0.0014792948 -0.5137982395 -0.442351379
0.0023278416 -0.5136955055 -0.4360673485
0.0031174915 -0.5135858024 -0.4290435002
0.0038012796 -0.5134697759 -0.4212072223
0.0043142371 -0.5133484999 -0.4124732804
0.004577077 -0.5132235448 -0.4027590447
0.004508659 -0.5130968724 -0.3920097408
0.0040114821 -0.5129711537 -0.3801857625
0.002907408 -0.5128511972000001 -0.3672086848
0.0011596637 -0.5127377013 -0.353037753
-0.0012890403 -0.512632328 -0.3376577012
-0.0045360719 -0.5125377063 -0.3210257659
-0.0084824479 -0.5124504056 -0.3031224548
-0.0131079002 -0.5123694782 -0.283923172
-0.0183039362 -0.5122912925999999 -0.2634176544
-0.0239140275 -0.5122107051 -0.2415976151
-0.0298598762 -0.512125591 -0.2184965786
-0.0360813588 -0.5120347566 -0.1941767979
-0.042600506 -0.5119401728 -0.1687424635
-0.0495326478 -0.5118473715 -0.1423447623
-0.0570763834 -0.5117652244999999 -0.1151887454
-0.0654681396 -0.5117045057 -0.08753637440000001
-0.074920073 -0.5116758353999999 -0.0597016722
-0.0855380035 -0.5116866535 -0.0320206511
-0.0972615996 -0.5117386769 -0.0047988339
-0.1098638031 -0.5118272497 0.0217406043
-0.1230100955 -0.5119431072 0.0474698349
-0.1363093486 -0.5120741679 0.07234366840000001
-0.1493869094 -0.5122083963 0.0963567956
-0.1619359115 -0.5123360005000001 0.1194996572
-0.1737293835 -0.5124500022 0.1417435715
-0.1846416203 -0.5125470694000001 0.1630277269
-0.1946506676 -0.5126275365 0.1832650551
-0.2038154911 -0.5126944506 0.2023600142
-0.2122468105 -0.5127524267 0.2202262607
-0.2200736997 -0.5128063899999999 0.2367994086
-0.2274240067 -0.5128609508999999 0.2520399878
-0.2343957503 -0.5129193597 0.2659407802
-0.2410560948 -0.5129835294 0.2785219555
-0.2474476023 -0.5130543577 0.2898246127
-0.2535842048 -0.5131315323 0.2999113883
-0.2594705841 -0.5132143442 0.3088540254
-0.2651011363 -0.5133016239 0.3167351574
-0.2704774357 -0.5133925086 0.3236306936
-0.275605826 -0.5134863507 0.3296118774
-0.2805069171 -0.513583176 0.3347319643
-0.2852226016 -0.5136841034 0.339010357
-0.289836912 -0.513792712 0.3423746602
-0.2944692294 -0.5139161798 0.3445473364
-0.2989992337 -0.5140625 0.3445375477
-0.3033484592 -0.51422627 0.3425849205
-0.3078342413 -0.5144052694 0.3397289953
-0.3123233158 -0.5145963047 0.3358776938
-0.3166982445 -0.5147965574 0.3309501322
-0.3208350514 -0.5150028561 0.3248771162
-0.3245947961 -0.5152114046 0.3176011782
-0.3278434505 -0.5154182412 0.3090918798
-0.3304760437 -0.5156200984 0.2993391915
-0.332424089 -0.5158148574 0.28833558
-0.3336678651 -0.5160019828 0.27607284
-0.3342223649 -0.5161821896 0.2625319841
-0.3341286092 -0.516357138 0.2476846386
-0.3334522024 -0.5165293563 0.2314974715
-0.3322615871 -0.5167014859 0.2139341552
-0.3306100236 -0.5168756436 0.194961365
-0.3285122479 -0.5170525825 0.1745559168
-0.3259113494 -0.5172304676 0.1527176433
-0.3226723995 -0.5174045264 0.1294808886
-0.3185750608 -0.5175666284 0.1049308305
-0.3133480498 -0.5177062663000001 0.0792133758
-0.3067215497 -0.517812158 0.0525430336
-0.2985181075 -0.5178755001999999 0.0251763362
-0.2887226912 -0.5178925992 -0.002619444
-0.2775161859 -0.5178666117 -0.0306206074
-0.2652254493 -0.5178061882 -0.0586691434
-0.2522703814 -0.5177237117 -0.0866670859
-0.2390415138 -0.5176307345 -0.11452671
-0.2258480652 -0.5175358972 -0.1421360149
-0.2128805538 -0.5174434554 -0.1693366973
-0.2002038518 -0.5173530198 -0.1959213543
-0.1877922089 -0.5172609531 -0.2216554485
-0.1755840781 -0.5171625141 -0.2463091505
-0.1635270445 -0.5170536265 -0.2696840988
-0.1516134579 -0.5169322991999999 -0.2916347255
-0.1398781081 -0.5167985499 -0.3120693626
-0.1283865117 -0.5166539843 -0.330946136
-0.1172180196 -0.5165011502 -0.3482639
-0.1064100887 -0.5163411268 -0.3640121386
-0.09604585 -0.5161775136 -0.3782671985
-0.0860572298 -0.5160077112 -0.3909951449
-0.07654748879999999 -0.5158369836 -0.402357079
-0.06736786710000001 -0.5156592397999999 -0.4122446125
-0.0585733301 -0.5154788935 -0.4208779991
-0.0502379083 -0.515299324 -0.4283398451
-0.0423504166 -0.5151198666 -0.4346045218
-0.0349320648 -0.5149426183 -0.439789899
-0.0280289889 -0.5147719378 -0.4441356344
-0.0216478105 -0.5146097316 -0.4477830396
-0.015782895 -0.5144571971 -0.4508472475
-0.0104193684 -0.5143150143 -0.4534250738
-0.0055357573 -0.5141834588999999 -0.4555973863
0.0357071816 -0.66875 -0.5667948964
0.0365058958 -0.6686143013 -0.5615236151
0.0372997286 -0.668467026 -0.5556060433
0.0380606897 -0.6683082566 -0.5489713261
0.0387510922 -0.6681384515 -0.5415430787
0.0393212679 -0.6679585614 -0.5332395696
0.039706922 -0.6677701672 -0.5239741564
0.0398162588 -0.6675759487 -0.5136462686
0.0395393282 -0.6673794565 -0.5021540695
0.0387899488 -0.6671838624999999 -0.489439006
0.0374729188 -0.6669932118 -0.4754660123
0.0353752822 -0.6668163647000001 -0.460146323
0.0324337256 -0.6666556380000001 -0.4434361895
0.0285536917 -0.6665155364000001 -0.4253274094
0.0236019616 -0.6664018781 -0.4057795272
0.0176085899 -0.6663131327 -0.3847897506
0.0105551841 -0.6662499092 -0.3623418766
0.0024861635 -0.6662101884 -0.3384450556
-0.0064500303 -0.6661865147 -0.3130911818
-0.0161517918 -0.6661744523000001 -0.2863112001
-0.0264856515 -0.6661683973 -0.2581579679
-0.0373284837 -0.6661638867 -0.2287188845
-0.0485975524 -0.6661593258 -0.1981294802
-0.0602572503 -0.6661564014 -0.1665778823
-0.072313669 -0.6661597772 -0.1343027588
-0.0847919042 -0.6661758199 -0.1015847505
-0.0977046761 -0.6662107213 -0.0687282618
-0.1110155126 -0.6662681911 -0.0360343633
-0.1246180436 -0.6663479423999999 -0.0037737627
-0.1383415196 -0.6664456959 0.0278278819
-0.1519663099 -0.6665538813 0.0585932851
-0.1652537976 -0.6666632648 0.0883850328
-0.177981488 -0.6667649419 0.1170911108
-0.1899765912 -0.6668522631 0.1446099851
-0.2011281849 -0.666921505 0.1708466586
-0.2114052192 -0.6669728515 0.1957074837
-0.2208435951 -0.6670096235 0.2191074757
-0.2295303935 -0.6670373772 0.2409772181
-0.2375827549 -0.6670627708 0.2612679241
-0.2451205691 -0.6670921205 0.2799569409
-0.2522526493 -0.6671307378 0.297046724
-0.2590629776 -0.6671822616 0.3125643626
-0.265613941 -0.6672489326 0.3265552677
-0.271938601 -0.6673312004 0.3390838672
-0.2780560546 -0.6674286497 0.350224291
-0.2839689484 -0.6675398594 0.3600613867
-0.2896816084 -0.6676635476 0.3686769115
-0.295202639 -0.6677987632 0.3761460445
-0.3005516206 -0.6679453806 0.3825283765
-0.3057718747 -0.6681051435000001 0.3878451762
-0.3109557096 -0.6682842014 0.3920086362
-0.3162328667 -0.668495 0.3946873713
-0.3214290149 -0.66875 0.3947305332
-0.3263343234 -0.6690351852999999 0.3923397558
-0.3312321909 -0.6693437486 0.3886503486
-0.3359360005 -0.6696669895 0.3836357188
-0.3403537857 -0.6699997205 0.3773319887
-0.3444344204 -0.6703391953 0.3697517045
-0.3481187497 -0.6706828943000001 0.3608734124
-0.3513242151 -0.6710274671999999 0.3506580647
-0.3539412677 -0.6713683926 0.33905801
-0.3558359158 -0.6717000013 0.3260225634
-0.3568757368 -0.6720164802 0.3115131292
-0.3569451113 -0.6723126393 0.2955022793
-0.3559708978 -0.6725852396000001 0.2779702462
-0.3539398779 -0.6728339863 0.2588975498
-0.3509007791 -0.6730617521 0.2382582806
-0.3469334559 -0.6732730589 0.2160201156
-0.342136904 -0.6734733169 0.1921536791
-0.3365646222 -0.6736652767 0.1666525839
-0.3302134807 -0.6738482018 0.139548667
-0.323001961 -0.6740165385 0.1109262138
-0.3147886661 -0.6741606721 0.0809303869
-0.3054215277 -0.6742695286 0.0497574259
-0.2948102553 -0.6743344238 0.017639201
-0.2829861531 -0.6743525424 -0.0151860321
-0.2701283423 -0.6743287811000001 -0.0485038317
-0.2565336888 -0.6742744019 -0.0821308822
-0.2425473636 -0.6742033365 -0.1158998372
-0.2284598016 -0.6741264279 -0.1496217689
-0.2144537627 -0.6740484693 -0.1830667933
-0.2005736152 -0.6739665645 -0.2159570471
-0.1867571544 -0.6738720267 -0.2479849113
-0.1729082017 -0.6737545659 -0.278846537
-0.1589764719 -0.673606924 -0.308280357
-0.1450019141 -0.6734275878 -0.3360960455
-0.1311287499 -0.673221845 -0.3621945074
-0.1175542258 -0.6729990025 -0.3865537192
-0.1044604741 -0.6727683473 -0.4091912386
-0.0920294037 -0.6725399616 -0.4301687366
-0.0802901954 -0.6723154494 -0.4494953636
-0.0693025813 -0.6720989619 -0.467237348
-0.0588345263 -0.6718772962 -0.4832973043
-0.0489925526 -0.6716586919 -0.4978390906
-0.0393433015 -0.6714161742 -0.5105541201
-0.0299584112 -0.6711586747 -0.5217380178
-0.0209429407 -0.670891891 -0.5314195399
-0.0122278879 -0.6706093174 -0.5394286597
-0.0038540974 -0.6703155221 -0.5459052492000001
0.0040484835 -0.6700240836 -0.5512420914
0.0114383741 -0.6697407639 -0.5556426376
0.0182964609 -0.6694695282999999 -0.5592723114
0.0246197175 -0.6692130388 -0.5622685434
0.030417282 -0.668972922 -0.5647449087
0.0655168647 -0.8234375 -0.6610877120999999
0.06551574640000001 -0.823312527 -0.6552491689
0.0654191214 -0.8231779453 -0.648699694
0.0651910503 -0.8230342274 -0.6413626565
0.0647858204 -0.8228822998 -0.6331558034
0.0641459098 -0.822723671 -0.6239916016
0.0631990516 -0.8225606296 -0.6137784668
0.0618375144 -0.8223972966999999 -0.602413006
0.0599558407 -0.8222375851 -0.5897883204
0.0574847467 -0.8220839451 -0.5758285898
0.0543413241 -0.8219402134 -0.5604853946
0.0503211367 -0.8218165567 -0.5436721676
0.0453855498 -0.8217137101 -0.5253171805
0.039432085 -0.8216372656000001 -0.5054003753
0.0323647838 -0.8215915855 -0.4838620628
0.0241946662 -0.8215756415 -0.4606846058
0.0149243894 -0.8215885888 -0.4358359465
0.0045940507 -0.8216280891 -0.4093170379
-0.0066487475 -0.8216851888 -0.3811150468
-0.0186886582 -0.8217537704 -0.3512609886
-0.0313740637 -0.8218261793 -0.319813677
-0.0445490772 -0.821895369 -0.2868720153
-0.0580820823 -0.8219568362 -0.2525869669
-0.07187573160000001 -0.8220092312 -0.2171628781
-0.08587025099999999 -0.8220544715 -0.1808534468
-0.1000229676 -0.8220962185 -0.1439467864
-0.1143027443 -0.8221393335 -0.1067554614
-0.1286567836 -0.822187457 -0.069594448
-0.1429959855 -0.8222418128 -0.032765515
-0.1571887487 -0.8223005523 0.0034563935
-0.1710690628 -0.8223590675 0.038830756
-0.1844553847 -0.8224110733 0.0731526394
-0.197176518 -0.8224502116 0.1062490493
-0.2091043646 -0.8224721638 0.1379699425
-0.2201555862 -0.8224747406 0.168188823
-0.2303117306 -0.8224591965 0.1967964636
-0.2396091077 -0.8224295549 0.2237046931
-0.2481225711 -0.8223915703 0.248850357
-0.2559552232 -0.8223521157 0.2721955173
-0.2632141806 -0.8223176979 0.2937305252
-0.27000074 -0.8222939366000001 0.31347116
-0.2764022951 -0.8222851609 0.3314550468
-0.2824840028 -0.8222939561 0.3477404723
-0.2882940365 -0.8223215947 0.3624002979
-0.2938644002 -0.8223681544 0.3755187601
-0.2992125446 -0.8224326539 0.3871895128
-0.3043545666 -0.8225140587000001 0.3975050396
-0.3093055147 -0.8226113649 0.4065536071
-0.3140890804 -0.8227243634 0.4144099436
-0.3187450289 -0.8228544469 0.42111818
-0.3233533935 -0.8230072407 0.4266351978
-0.328030958 -0.8231946717 0.4307247638
-0.3327860195 -0.8234375 0.432440378
-0.3380608643 -0.8238089802 0.4295806546
-0.3430760228 -0.8242013429 0.4250324186
-0.347752109 -0.8246056705 0.418994299
-0.3521126428 -0.8250207382 0.4115882922
-0.3561710482 -0.8254466654 0.4028458448
-0.3598969411 -0.8258823824 0.3927335563
-0.3632144263 -0.8263247728000001 0.38118849
-0.3659874582 -0.8267676345 0.368126789
-0.3680336954 -0.8272019181 0.3534701623
-0.3691420924 -0.8276165875 0.3371543837
-0.3691107447 -0.8280005204999999 0.3191443726
-0.3677884561 -0.8283451164 0.2994262847
-0.3651116979 -0.8286467786 0.2779936677
-0.3611193041 -0.8289081353 0.2548304888
-0.3559260162 -0.8291366422000001 0.229903635
-0.3496921614 -0.8293425787000001 0.2031736451
-0.3425560572 -0.8295345433 0.1746188757
-0.3345918137 -0.8297164373 0.1442607997
-0.3257830646 -0.8298855538 0.1121809609
-0.3160201003 -0.8300321884 0.0785312168
-0.305161804 -0.8301435641 0.0435205845
-0.2930976597 -0.8302077648 0.0074018284
-0.279828191 -0.8302191783 -0.0295617569
-0.2655068966 -0.8301815669 -0.06712455019999999
-0.2504210138 -0.8301071654 -0.1050692222
-0.2349245377 -0.830012478 -0.1431943938
-0.2193258363 -0.8299108574 -0.181276743
-0.2038247336 -0.8298083751000001 -0.2190509654
-0.1884678077 -0.8297009778 -0.2561997537
-0.1731802015 -0.8295767918 -0.2923742326
-0.1578472846 -0.8294217329 -0.3272316308
-0.1424048451 -0.8292257088 -0.3604769524
-0.1269014574 -0.8289870555 -0.3918993021
-0.1115131457 -0.82871389 -0.421394485
-0.09648245499999999 -0.8284201834 -0.4489489657
-0.0820394373 -0.8281201977 -0.4745969702
-0.0684252716 -0.8278301083 -0.4984314902
-0.0556899399 -0.8275534436 -0.5204800421
-0.0439138631 -0.827296661 -0.5408231789
-0.032847528 -0.8270431655 -0.5593710527
-0.0225853574 -0.826801897 -0.5762817923
-0.012653972 -0.8265387532 -0.5912626246
-0.0030219262 -0.8262566421999999 -0.6045360322
0.0061559644 -0.8259669293 -0.6162073421000001
0.0150593135 -0.8256539205 -0.6260371858
0.0237238131 -0.825317104 -0.6340999322999999
0.0319842464 -0.8249750152000001 -0.6408073578
0.0397531672 -0.8246382173 -0.6464124284
0.0469974414 -0.8243126264 -0.6511003778
0.0537033316 -0.8240023748999999 -0.6550264054
0.0598722467 -0.8237101486 -0.6583197568
0.0881812205 -0.978125 -0.7308366137
0.08703321310000001 -0.9780836488 -0.7246077955
0.0856690889 -0.9780402993 -0.717631353
0.0840450281 -0.9779955527 -0.7098296121
0.0821082844 -0.9779502814 -0.7011200106
0.079795625 -0.9779056962 -0.6914156742999999
0.0770292284 -0.9778635259 -0.6806272169000001
0.07369329099999999 -0.9778269053999999 -0.6686628645
0.06969708719999999 -0.9777978925 -0.6554215343000001
0.0650002333 -0.9777767313 -0.6408089989
0.0595397985 -0.9777648021000001 -0.6247521687000001
0.0531418042 -0.9777676592 -0.6071747542
0.0458151502 -0.9777835217 -0.5879714747
0.037472159 -0.977815044 -0.5670929809
0.0280897016 -0.9778619710999999 -0.5444568321
0.0176849301 -0.9779229668 -0.5200125123
0.0063094562 -0.9779952924999999 -0.4937020937
-0.0059752635 -0.9780763439 -0.465505378
-0.0190275707 -0.9781605115000001 -0.4354040101
-0.0327248354 -0.9782435812 -0.4034293664
-0.046926251 -0.978321184 -0.3696519294
-0.0614955387 -0.9783897984 -0.3341918044
-0.07632067050000001 -0.9784475932 -0.2972261123
-0.0913092601 -0.9784941689 -0.2589821422
-0.1063976254 -0.9785308755 -0.2197361753
-0.1215237255 -0.9785595334 -0.1797944116
-0.1366240063 -0.978582186 -0.1394835634
-0.1516124651 -0.9786000593 -0.0991327055
-0.1663742994 -0.9786131469 -0.0590604302
-0.1807695867 -0.9786202153 -0.0195650435
-0.1946465456 -0.9786192294 0.0190810697
-0.2078537717 -0.9786077532 0.0566359339
-0.2202645858 -0.9785838985 0.09288610849999999
-0.2317964556 -0.9785470719 0.1276457002
-0.2424044058 -0.9784976807 0.1607597706
-0.2520924881 -0.9784375942 0.192102463
-0.2609067023 -0.9783698392 0.2215789835
-0.2689143756 -0.9782977898 0.2491289905
-0.2762030887 -0.9782251553 0.2747236105
-0.2828618953 -0.9781552669 0.2983657348
-0.2889797386 -0.9780911082 0.3200834842
-0.2946334575 -0.9780348687 0.3399296644
-0.2998887376 -0.9779880664 0.3579753746
-0.3048019476 -0.9779516767999999 0.374305508
-0.3094176808 -0.9779260911 0.3890151597
-0.3137667392 -0.9779110381 0.4022099733
-0.317881392 -0.9779063487 0.4139919851
-0.3217848839 -0.9779114874 0.4244651109
-0.3255058742 -0.9779262652 0.4337228168
-0.329078222 -0.977950917 0.4418419795
-0.3325562922 -0.9779870242000001 0.4488576602
-0.3360285729 -0.978038871 0.4547012297
-0.3397903469 -0.978125 0.4588316854
-0.3453591905 -0.9783815938 0.4554664064
-0.3503490152 -0.9786440094 0.4500636663
-0.3548620533 -0.9789094869 0.4431105925
-0.3590873317 -0.9791824566 0.4348073872
-0.3631047982 -0.9794656567 0.4251751823
-0.3668963198 -0.9797592761 0.4141498134
-0.3703714652 -0.9800612096 0.4016344214
-0.3733650987 -0.9803667448 0.3875160828
-0.3756464992 -0.9806685706 0.3716903787
-0.3769409946 -0.9809574477 0.3540722707
-0.3769754941 -0.9812235975 0.3346206293
-0.3755294114 -0.9814587817 0.3133273759
-0.3725042472 -0.9816591502000001 0.2902016074
-0.3679314183 -0.9818259620000001 0.2652376549
-0.3619634058 -0.9819654582 0.2384014586
-0.3548224578 -0.9820867684 0.2096402716
-0.3467196105 -0.9821984437 0.1789129803
-0.3377912693 -0.9823055697999999 0.1462251022
-0.3280583342 -0.9824079056 0.111652505
-0.3174104112 -0.9824991043 0.0753546836
-0.305668141 -0.9825692229 0.0375629559
-0.2926545219 -0.9826076344 -0.0014340338
-0.2783048526 -0.9826077219 -0.0413302096
-0.2627278131 -0.9825696719 -0.0818373516
-0.2462083977 -0.9825008961 -0.1227075048
-0.2291399308 -0.9824133671 -0.1637266074
-0.2118985771 -0.9823182954 -0.2046722917
-0.1947630874 -0.9822227027 -0.2452853316
-0.1778480122 -0.9821266207 -0.2852494483
-0.1611139325 -0.9820236512 -0.3242044029
-0.1444470363 -0.9819045196 -0.3617853561
-0.1277594852 -0.9817614984 -0.397668979
-0.1110685069 -0.9815919702 -0.4316151905
-0.09452501419999999 -0.9813998966 -0.463495466
-0.0783628569 -0.9811937315 -0.4932806825
-0.0628294284 -0.9809833205 -0.521006178
-0.0482058944 -0.9807808346 -0.5467843151
-0.034575318 -0.9805900471 -0.5706612423
-0.0220599553 -0.980417024 -0.5927426279
-0.0104610417 -0.9802535536 -0.6129778179000001
0.0001480943 -0.9801043820999999 -0.6315117121
0.0101639298 -0.9799520698 -0.6481653744
0.0197838981 -0.9797901664999999 -0.6630142291
0.0287890539 -0.9796302582 -0.6763004299000001
0.0374974878 -0.9794565149 -0.6877457902
0.0460683154 -0.9792624608 -0.6973172481
0.0543241051 -0.9790597615 -0.7053781142
0.062123118 -0.9788578097 -0.7122244142
0.0694222427 -0.9786608114999999 -0.7180450864
0.0761994755 -0.9784717862 -0.7230007027000001
0.0824498528 -0.9782927647 -0.7272266108
0.0979005835 -1.1328125 -0.7704459664
0.09578240440000001 -1.132812127 -0.764078866
0.0933559709 -1.1328119024 -0.756948906
0.0905745219 -1.1328118941 -0.7489772011
0.08738409900000001 -1.1328121898 -0.7400800087
0.0837226298 -1.1328129004 -0.7301693173
0.07951690810000001 -1.1328141705 -0.7191543131
0.07465711 -1.1328162872 -0.70694595
0.0690774044 -1.1328193418 -0.6934408564
0.06274697730000001 -1.13282333 -0.6785403669
0.0556056501 -1.1328283819 -0.6621646991
0.0475227323 -1.1328348662 -0.6442355399
0.0385285907 -1.1328425187 -0.6246293345
0.0285439186 -1.132851558 -0.6032831102
0.017601021 -1.1328617292 -0.5800931578
0.0057185694 -1.1328728769 -0.5549889373
-0.0070137295 -1.1328845677 -0.5278930864
-0.0205183303 -1.1328964682 -0.4987698583
-0.0346506543 -1.1329080075 -0.4675938704
-0.0492857192 -1.1329187627 -0.4343969462
-0.06429414109999999 -1.1329283576 -0.3992584809
-0.0795598035 -1.1329365486 -0.3623148403
-0.0949969727 -1.13294326 -0.3237645671
-0.110529274 -1.1329485619 -0.2838533707
-0.1261010547 -1.1329526234 -0.2428743939
-0.1416403279 -1.1329555966 -0.2011445415
-0.1570562228 -1.1329575755 -0.1589951662
-0.1722313721 -1.1329585544 -0.1167584585
-0.1870180694 -1.1329583994 -0.0747559961
-0.2012659107 -1.1329569513 -0.0332973041
-0.214831125 -1.1329540567 0.0073261033
-0.2275913219 -1.1329496153 0.0468456878
-0.2394641079 -1.1329436478 0.0850175235
-0.2504112512 -1.1329362993 0.1216287049
-0.2604265402 -1.1329277778 0.1565027193
-0.2695312301 -1.1329183411 0.1895033908
-0.2777669363 -1.1329082782 0.2205354935
-0.2851859695 -1.1328978345 0.2495438931
-0.2918481944 -1.1328872459 0.2765102067
-0.2978165101 -1.1328767197 0.3014480971
-0.3031573773 -1.1328664438 0.3243962434
-0.3079420761 -1.1328566018 0.3454141317
-0.3122423523 -1.1328473611 0.3645782465
-0.316131543 -1.1328388784 0.381978097
-0.3196767392 -1.1328312845 0.3977147798
-0.3229391492 -1.1328246634 0.4118963105
-0.3259745734 -1.1328190862 0.4246326249
-0.3288318563 -1.132814598 0.4360305594
-0.3315563461 -1.1328112329 0.4461904253
-0.3341898159 -1.1328090391 0.4551987279
-0.3367824162 -1.1328081251 0.4631071096
-0.3393853354 -1.1328086916 0.4699050083
-0.3423705789 -1.1328125 0.4752763932
-0.3478109549 -1.1328372398 0.4715058937
-0.3524327713 -1.1328619334 0.4654729829
-0.3565085529 -1.1328866355 0.4578988781
-0.3603409185 -1.1329121402 0.4490243158
-0.3640474982 -1.1329388702 0.4388540094
-0.3676184003 -1.1329668998 0.4273020426
-0.3709517729 -1.1329960118 0.4142477042
-0.3738700977 -1.1330257269 0.3995588822
-0.3761165711 -1.1330552642 0.3831124828
-0.3773838341 -1.133083627 0.3648091695
-0.3773599497 -1.1331097365 0.3445999131
-0.3757872729 -1.1331326597 0.3224766067
-0.3725424033 -1.1331519248 0.2984537811
-0.3676470635 -1.1331676113 0.2725305218
-0.361270299 -1.1331803803 0.2446724477
-0.3536610997 -1.1331912145 0.2148211393
-0.3450650248 -1.1332010818 0.1829265022
-0.3356564213 -1.133210616 0.1489849025
-0.3254772862 -1.1332198777 0.1130688524
-0.3144205002 -1.1332282624 0.0753404542
-0.302287083 -1.1332347289 0.036041675
-0.2888660345 -1.1332381082 -0.0045217797
-0.2740524279 -1.1332375926 -0.046020555
-0.2579238247 -1.1332330597 -0.08814155899999999
-0.2407538934 -1.1332251658 -0.1306166294
-0.2229508417 -1.1332151157 -0.1732216737
-0.2049263321 -1.133204128 -0.2157336653
-0.18700685 -1.1331930687 -0.2578981778
-0.1693532236 -1.1331821206 -0.2994031193
-0.1519568351 -1.1331707855 -0.3398873095
-0.1347128171 -1.1331581981 -0.37897883
-0.1175218128 -1.1331435581 -0.4163416442
-0.100379629 -1.1331265214 -0.45172002
-0.0834140896 -1.1331073692 -0.4849688374
-0.0668441152 -1.1330868498 -0.5160455187
-0.0509189577 -1.1330659183 -0.544981092
-0.0359392557 -1.1330458334 -0.5718953609
-0.0220099913 -1.1330270559 -0.5968459249
-0.0092804472 -1.1330102904 -0.6199528381
0.0024001142 -1.1329949672 -0.641199423
0.0129775004 -1.1329814496 -0.6607162914
0.0227718729 -1.1329684633 -0.6784205505999999
0.0320928227 -1.1329548385 -0.6942833486
0.0406867521 -1.132941927 -0.7086346462999999
0.0489588113 -1.1329278811 -0.7211923958999999
0.0571574229 -1.132911651 -0.7318480173
0.06510843970000001 -1.1328942791 -0.7409148406
0.07263816369999999 -1.132876803 -0.748706218
0.0796995868 -1.1328596332 -0.7554072407
0.0862670718 -1.1328430686 -0.7611770877
0.0923324156 -1.1328273139 -0.7661514929
0.08844745950000001 -1.2875 -0.7736552249999999
0.0860033019 -1.2874853751 -0.7674377875
0.0832389013 -1.2874679945 -0.7604604356
0.0801136537 -1.2874472989 -0.752640493
0.0765822832 -1.2874226153 -0.7438890049
0.0725945157 -1.2873931379 -0.7341109925
0.0680928873 -1.2873578147 -0.7232064349
0.0630082507 -1.287315238 -0.7110642286
0.0572928019 -1.2872650549 -0.6975671143
0.0508887136 -1.2872059286 -0.6826325784
0.0437035065 -1.2871345666 -0.6662039077
0.0356545548 -1.2870488409 -0.6481773897999999
0.0267390174 -1.2869503027 -0.6284435843
0.0168663874 -1.2868357624 -0.6069448605
0.006075301 -1.2867085921 -0.5835747764
-0.0056249439 -1.2865702189 -0.5582675973
-0.0181353063 -1.286426334 -0.5309429387
-0.0313724792 -1.2862812593 -0.5015635139
-0.0451814762 -1.2861424045 -0.4701010678
-0.0594330593 -1.2860150951 -0.4365876406
-0.0740015606 -1.2859037123 -0.401106364
-0.0887870316 -1.285810528 -0.3638023807
-0.1037245085 -1.2857352818 -0.3248832578
-0.1187728638 -1.2856758291 -0.284609433
-0.1338982192 -1.2856290752 -0.2432820172
-0.1490394733 -1.2855928404 -0.2012223325
-0.1640961439 -1.2855666098 -0.1587587422
-0.1789288516 -1.2855516705 -0.116216256
-0.1933613351 -1.2855511587 -0.0739075782
-0.2072195383 -1.285568258 -0.0321358505
-0.2203529361 -1.2856052606 0.0088067119
-0.2326478958 -1.2856630711 0.0486457052
-0.2440479929 -1.2857403305 0.0871270004
-0.2545402054 -1.2858342243 0.1240289592
-0.2641367725 -1.2859414162 0.1591700256
-0.2728613086 -1.2860587528 0.1924139476
-0.2807390595 -1.2861837101 0.2236702775
-0.2877924338 -1.2863145563 0.2528918824
-0.2940453003 -1.2864500594 0.2800684887
-0.2995309545 -1.286589007 0.3052187546
-0.3042969787 -1.2867298544 0.3283815989
-0.3084139873 -1.2868702729 0.3496124047
-0.311971476 -1.2870072983 0.3689805283
-0.315072323 -1.2871375722 0.3865689056
-0.3178233439 -1.2872577529 0.4024731002
-0.3203275434 -1.2873648063 0.416797545
-0.32268444 -1.2874558591 0.4296469242
-0.3249788436 -1.2875286356 0.4411217386
-0.3272993 -1.2875803838 0.4513023911
-0.3297253581 -1.2876082733 0.4602377663
-0.3323445179 -1.2876077219 0.4678859228
-0.3351796741 -1.2875746875 0.4740505573
-0.3382560152 -1.2875 0.4782078856
-0.3429513975 -1.2872297398 0.4743679442
-0.3467900531 -1.2869627214 0.4682258365
-0.3501776075 -1.2866930145 0.4605850574
-0.3533978317 -1.286411231 0.4516662172
-0.3565426713 -1.2861132276 0.4414690235
-0.3595906899 -1.2857986453 0.4299071857
-0.3624381064 -1.2854703273 0.4168615353
-0.3649142937 -1.2851339534 0.4022017045
-0.3667794719 -1.2847984229 0.3858042632
-0.3677507184 -1.2844749172 0.3675679687
-0.3675406197 -1.2841754855 0.3474349546
-0.3659135117 -1.283910422 0.3253848025
-0.3627480344 -1.2836851997 0.3014181825
-0.3580559569 -1.2834991553 0.2755263983
-0.351979611 -1.2833453608 0.2476754522
-0.3447306206 -1.2832135128 0.2178146518
-0.3365199542 -1.2830935122 0.1859046885
-0.3274976227 -1.2829786795 0.1519502907
-0.3176932987 -1.2828688492 0.1160277407
-0.3070074026 -1.2827709388 0.07829575549999999
-0.2952600216 -1.2826966359 0.0389883017
-0.2822648883 -1.2826588449 -0.0016000145
-0.2679357872 -1.2826663437 -0.0431499824
-0.2523562614 -1.2827200998 -0.0853534448
-0.2357887683 -1.2828124603 -0.1279392231
-0.218618033 -1.2829297064 -0.1706727734
-0.2012320892 -1.2830579736 -0.2133193653
-0.1839396089 -1.2831874038 -0.255615941
-0.1668964447 -1.283315792 -0.2972489992
-0.150101321 -1.2834486486 -0.3378631044
-0.1334633713 -1.2835956168 -0.3770963173
-0.1168948153 -1.2837656557 -0.4146222175
-0.1003942839 -1.2839626695 -0.4501903584
-0.0840810322 -1.2841835516 -0.483653343
-0.0681585227 -1.2844199281 -0.5149600648
-0.0528597122 -1.2846610079 -0.5441304225
-0.0384675158 -1.2848924509 -0.5712690674999999
-0.0250829236 -1.2851089 -0.596428884
-0.0128507684 -1.2853020932 -0.6197234785
-0.0016388957 -1.2854780542 -0.6411479427
0.008503583800000001 -1.2856326712 -0.6608261959
0.0178625885 -1.2857796729 -0.6787022469
0.0267274859 -1.2859323487 -0.6947588576
0.0348683945 -1.2860756536 -0.7093022081
0.0426658485 -1.2862302901 -0.7220993541
0.0503643164 -1.2864086341 -0.7330608675
0.0578192524 -1.2865999258 -0.7424639870999999
0.0648674239 -1.2867923294 -0.7506012691
0.07146805420000001 -1.2869813226 -0.75764784
0.0775999616 -1.2871636274 -0.7637552157
0.0832576559 -1.2873369972 -0.7690537163
0.0576068056 -1.4421875 -0.7515307297
0.0552235824 -1.4421407706 -0.7455170942
0.052537509 -1.4420871356 -0.7387668263
0.0495125382 -1.4420255237 -0.7311993467
0.0461090308 -1.4419546941 -0.7227278369
0.0422836324 -1.4418732154 -0.7132594529
0.0379883568 -1.4417793475 -0.7026958762
0.0331715715 -1.4416713683 -0.6909270264
0.0277897361 -1.4415484794 -0.6778414324000001
0.0217774752 -1.4414064262 -0.6633588691
0.0150419366 -1.4412373006 -0.6474185690000001
0.0075205373 -1.4410380016 -0.6299159823
-0.0007944337 -1.4408113519 -0.6107469201
-0.0099820142 -1.4405509657 -0.589849786
-0.0200004005 -1.4402649712 -0.5671217641
-0.0308363326 -1.4399570939 -0.5424975583
-0.0423900105 -1.439640812 -0.5159006296
-0.0545781129 -1.4393263693 -0.4872958344
-0.06725357849999999 -1.439030448 -0.4566609779
-0.0802981338 -1.4387645601 -0.4240324986
-0.0936028766 -1.4385374221 -0.3894976289
-0.1070855811 -1.4383528002 -0.3532024505
-0.1207040674 -1.4382079887 -0.3153541197
-0.1344347325 -1.438096586 -0.2762078364
-0.148256882 -1.4380105633 -0.2360562311
-0.1621167276 -1.437944848 -0.1952096725
-0.1759156483 -1.4378990258 -0.1539839382
-0.1895141205 -1.4378772354 -0.1126911058
-0.2027376018 -1.4378877618 -0.0716330135
-0.2154146976 -1.4379388476 -0.0311029861
-0.2274054801 -1.4380356716 0.008615268000000001
-0.2386089072 -1.4381797685 0.0472540702
-0.2489806958 -1.4383672357 0.0845656773
-0.2585149942 -1.4385911691 0.1203352691
-0.2672251163 -1.438844013 0.1543885149
-0.2751302102 -1.439119153 0.1865959129
-0.2822448403 -1.439412064 0.2168733878
-0.2885784565 -1.4397202368 0.2451785637
-0.2941427544 -1.4400421432 0.2715039523
-0.2989639055 -1.4403756309 0.2958688942
-0.3030884823 -1.4407170159 0.3183119552
-0.3065902228 -1.4410602224 0.3388872555
-0.3095676584 -1.4413969613 0.3576622297
-0.3121347522 -1.4417177432 0.3747176837
-0.314414268 -1.4420125025 0.3901451105
-0.3165275542 -1.4422715717 0.4040429885
-0.3185930397 -1.442485561 0.416508715
-0.3207224553 -1.4426454538 0.4276296843
-0.3230372998 -1.4427401595 0.4374642915
-0.3256538064 -1.4427575126 0.4460240766
-0.3287088875 -1.4426781862 0.4531802129
-0.3322277923 -1.4424870534 0.4585794163
-0.3359573781 -1.4421875 0.4615379759
-0.3404299698 -1.441575585 0.4578841749
-0.3439530112 -1.4409850384 0.4519125293
-0.3470900143 -1.4403863161 0.4445178875
-0.3501202327 -1.4397563782 0.4359043416
-0.3531212201 -1.4390867183 0.4260685287
-0.3560657848 -1.4383773168 0.414926088
-0.3588489839 -1.4376354431 0.4023607502
-0.3613048766 -1.4368745871 0.388245523
-0.3632053109 -1.4361151621 0.3724589787
-0.3642842035 -1.4353824403 0.354901254
-0.3642709805 -1.4347035133 0.3355105121
-0.3629485767 -1.4341009711 0.3142615119
-0.3601975875 -1.4335874705 0.2911469629
-0.3560277423 -1.433161553 0.266155298
-0.3505679272 -1.4328081862 0.239255339
-0.3440083301 -1.4325052528 0.2104029469
-0.3365429313 -1.4322306397 0.1795657919
-0.3283074784 -1.431969986 0.1467529901
-0.3193249291 -1.4317234504 0.1120398324
-0.3094996533 -1.431506683 0.0755775949
-0.2986613848 -1.4313458806 0.0375881029
-0.2866353924 -1.4312697452 -0.0016491871
-0.2733428262 -1.4312974598 -0.0418305844
-0.2588651541 -1.4314305973 -0.0826601599
-0.2434529733 -1.4316512945 -0.123874614
-0.227472393 -1.4319280625 -0.1652429616
-0.2112924737 -1.4322291123 -0.2065336644
-0.1952077075 -1.4325316126 -0.2474897282
-0.1793671518 -1.4328300625 -0.2878084962
-0.1637703074 -1.4331364434 -0.3271500295
-0.1483301792 -1.433472259 -0.365169599
-0.132960605 -1.4338577422 -0.4015561254
-0.1176551606 -1.434302028 -0.436069056
-0.102521181 -1.4347985917 -0.4685635135
-0.0877457993 -1.4353291341 -0.4989842431
-0.07354642860000001 -1.435869707 -0.5273436655
-0.0601895534 -1.4363882531 -0.5537340605
-0.0477702867 -1.4368728165 -0.5782030254
-0.0364283323 -1.437304573 -0.6008564617
-0.0260413036 -1.4376967498 -0.6216946194
-0.0166524026 -1.4380406697 -0.640831654
-0.0080032933 -1.4383655821 -0.658230194
0.0001911585 -1.4387028875 -0.6738741781000001
0.0077032263 -1.4390177818 -0.6880536211
0.0149010324 -1.4393571943 -0.7005656582999999
0.0220321969 -1.4397507841 -0.7113282224
0.0289686934 -1.440176034 -0.7205884511
0.0355410086 -1.4406048438 -0.728624724
0.0417067025 -1.4410268059 -0.7356028527
0.0474427432 -1.4414343839 -0.7416666391
0.0527414627 -1.4418223915 -0.7469402556
0.0260453434 -1.596875 -0.7161042523
0.0238332731 -1.5968461159 -0.7103302177
0.0213423205 -1.5968130946 -0.7038518488
0.0185398626 -1.5967753232 -0.6965928876
0.0153901701 -1.5967320977 -0.6884713875
0.0118543024 -1.5966826093 -0.6794000041
0.007889942299999999 -1.5966259258 -0.6692863617
0.0034550223 -1.5965613175 -0.65802923
-0.0014969544 -1.59648771 -0.6455296099
-0.0070294448 -1.5964025558 -0.6317035704
-0.0132234475 -1.5963018913 -0.6164781459000001
-0.0201350012 -1.5961839018 -0.5997584992
-0.02776307 -1.5960508448 -0.581440611
-0.0361695367 -1.595899917 -0.5614579165
-0.0453093242 -1.5957362328 -0.5397125656
-0.0551601814 -1.5955626934 -0.5161383116
-0.06562359399999999 -1.5953874782 -0.4906640705
-0.0766170889 -1.5952168667 -0.4632573693
-0.0880064963 -1.595060267 -0.4339038472
-0.0996888673 -1.5949237985 -0.4026448406
-0.111574071 -1.5948116945 -0.3695700913
-0.1236018802 -1.5947249828 -0.3348252855
-0.1357461003 -1.594661239 -0.2986105426
-0.1480002266 -1.5946157481 -0.2611714022
-0.1603518276 -1.5945835193 -0.2227856949
-0.1727531152 -1.5945616167 -0.1837476773
-0.1851106308 -1.5945500905 -0.1443570128
-0.1972901716 -1.5945518118 -0.1049107907
-0.2091294717 -1.5945717222 -0.0656979942
-0.2204712482 -1.5946145898 -0.0270000759
-0.2311855286 -1.594683537 0.010911627
-0.2411868315 -1.5947789743 0.0477803676
-0.2504407471 -1.5948982773 0.08336998
-0.2589395454 -1.59503772 0.1174780956
-0.2666922443 -1.5951932694 0.149941773
-0.2737120502 -1.5953614937 0.1806402825
-0.2800021636 -1.5955405548 0.2094964501
-0.2855654121 -1.5957294457 0.236471469
-0.2904087208 -1.5959275645 0.2615590598
-0.2945586535 -1.5961335002 0.2847778855
-0.2980666715 -1.5963445532 0.3061657126
-0.3010125766 -1.5965564287 0.3257759481
-0.3035003218 -1.5967634825 0.3436757734
-0.3056529112 -1.5969590166 0.3599438675
-0.3076018876 -1.5971359442 0.3746678273
-0.3094813479 -1.5972870815 0.387939056
-0.3114210093 -1.5974054831 0.399845912
-0.3135588518 -1.5974832927 0.410460394
-0.3160473629 -1.5975108893 0.4198171438
-0.3190441311 -1.5974769723 0.4278873582
-0.3227422497 -1.5973639113 0.4344555625
-0.3271888499 -1.5971577477 0.4390093616
-0.3318863144 -1.596875 0.4407270004
-0.336500838 -1.5964872716 0.4371771495
-0.3400427083 -1.5961249138 0.4313687502
-0.3432126598 -1.59576067 0.424268736
-0.3462949045 -1.5953787611 0.4160442607
-0.3493687822 -1.5949734394 0.4066779936
-0.3524066889 -1.5945447389 0.3960823029
-0.3553062858 -1.5940971893 0.3841421087
-0.3579077936 -1.5936390348 0.3707335581
-0.3599936675 -1.5931825609 0.3557385517
-0.3613116391 -1.5927428726 0.3390610246
-0.361606849 -1.5923359715 0.3206392799
-0.3606746872 -1.5919751485 0.3004447925
-0.3584029608 -1.591667786 0.2784665763
-0.3548015639 -1.5914129703 0.2546930513
-0.3499927073 -1.5912017825 0.229094539
-0.3441523507 -1.5910214626 0.2016320957
-0.3374637729 -1.5908589924 0.1722781847
-0.3300525755 -1.590706086 0.1410441821
-0.3219356522 -1.590563128 0.1080030142
-0.3130182483 -1.5904395608 0.0732980694
-0.3031342806 -1.5903510604 0.0371390229
-0.2921144911 -1.5903146637 -0.0002098351
-0.2798832361 -1.5903415328 -0.0384615343
-0.2665188535 -1.5904322452 -0.07733536119999999
-0.2522633162 -1.5905756316 -0.116581137
-0.2374691121 -1.5907523954 -0.1559784868
-0.2224912311 -1.5909430841 -0.1953064017
-0.2076138778 -1.5911335395 -0.2343205083
-0.1929798594 -1.5913200966 -0.2727337831
-0.1785872811 -1.5915096345 -0.3102247778
-0.1643497202 -1.5917148567 -0.3464678925
-0.1501794726 -1.5919478951 -0.3811688902
-0.1360645537 -1.5922143597 -0.4140993712
-0.1221016356 -1.5925106177 -0.4451198938
-0.1084644375 -1.5928260523 -0.4741745573
-0.09535802039999999 -1.5931465722 -0.5012716109000001
-0.0830359204 -1.593453222 -0.5264942678
-0.0715871362 -1.5937390634 -0.5498852657
-0.0611469572 -1.5939928402 -0.571543348
-0.0515973788 -1.5942225239 -0.5914703182
-0.0429756826 -1.5944234011 -0.6097701148
-0.0350447848 -1.5946120765 -0.6264182917
-0.0275147699 -1.5948086548 -0.6413945016
-0.020620402 -1.5949913608 -0.6549768874
-0.0139976655 -1.595188741 -0.6669825926
-0.0073908846 -1.5954198437 -0.6773309135
-0.0009172253999999999 -1.5956720913 -0.6862420951
0.0052404613 -1.5959274453 -0.6939841286
0.0110352329 -1.5961794223 -0.700714029
0.0164399776 -1.5964233197 -0.7065681045
0.0214432123 -1.5966558823 -0.7116642506999999
0.0001347182 -1.7515625 -0.6787275421
-0.00196324 -1.7515378744 -0.6732132473
-0.0043206299 -1.7515100435 -0.667027328
-0.006966484 -1.7514786065 -0.6600973431
-0.009932262000000001 -1.7514431173 -0.6523455237
-0.0132518278 -1.7514030819 -0.6436890619
-0.0169603075 -1.7513580168 -0.6340401844
-0.0210906235 -1.7513076479 -0.6233051759
-0.0256858735 -1.7512511405 -0.6113918309
-0.0308107442 -1.751186394 -0.5982162629
-0.0365392364 -1.7511107456 -0.5836991314
-0.0429135879 -1.7510233792 -0.5677500112
-0.0499314071 -1.7509259768 -0.550268987
-0.057640322 -1.750817114 -0.5311864384
-0.0659918234 -1.7507008033 -0.5104088217
-0.0749572189 -1.750579583 -0.4878702058
-0.0844390959 -1.7504596178 -0.4635042831
-0.0943554612 -1.7503456986 -0.4372807492
-0.104583163 -1.7502444411 -0.4091913897
-0.1150324197 -1.7501598767 -0.3792810256
-0.1256304317 -1.7500944157 -0.3476411156
-0.1363363908 -1.7500479604 -0.31441594
-0.1471427929 -1.7500178755 -0.2798000811
-0.1580585659 -1.7500000162 -0.2440294206
-0.1690816424 -1.74999037 -0.2073686089
-0.1801699905 -1.7499868037 -0.1700966548
-0.1912349062 -1.7499895653 -0.1324977723
-0.2021449832 -1.7500011881 -0.09485362629999999
-0.2127444488 -1.7500255893 -0.0574395876
-0.2228857512 -1.7500663497 -0.020524784
-0.2324516178 -1.7501255983 0.015630855
-0.2413697106 -1.7502033134 0.050781287
-0.2496131825 -1.7502974159 0.0847022242
-0.2571803764 -1.7504050002 0.1172015306
-0.2640775354 -1.7505233482 0.1481258065
-0.2703107478 -1.7506503885 0.1773626594
-0.2758713966 -1.7507854793 0.2048417443
-0.2807531316 -1.7509284107 0.2305281031
-0.2849538143 -1.7510792256 0.2544172758
-0.2884966748 -1.7512369871 0.2765276586
-0.2914339114 -1.7513995185 0.2968960699
-0.2938503847 -1.7515631605 0.3155745578
-0.2958559876 -1.7517231474 0.3326288275
-0.2975870862 -1.7518734758 0.3481346177
-0.2991826597 -1.7520081317 0.3621759514
-0.3007928213 -1.7521205342 0.3748378994
-0.3025636779 -1.7522042269 0.3862001497
-0.3046566425 -1.752251623 0.39632151
-0.3072562505 -1.7522531932 0.4052142979
-0.3105586816 -1.7521975736 0.4128124339
-0.3148118531 -1.7520670395 0.4188164316
-0.3200842276 -1.7518475724 0.4225578528
-0.3256496327 -1.7515625 0.423078418
-0.3303487884 -1.7512598752 0.4195424112
-0.3338687579 -1.7509856945 0.413844497
-0.3370137911 -1.7507135038 0.4070062839
-0.3400746652 -1.7504298729 0.3991489906
-0.3431312684 -1.7501299872 0.3902336536
-0.34615865 -1.7498137173 0.3801676102
-0.3490598297 -1.7494843846 0.3688361457
-0.3516847229 -1.7491480092 0.3561181031
-0.3538301102 -1.74881351 0.3418988184
-0.3552614132 -1.7484918081 0.3260860794
-0.3557421318 -1.7481943876 0.30861733
-0.3550864332 -1.7479305631 0.2894620777
-0.3531900621 -1.7477055797 0.2686044747
-0.3500606717 -1.7475188226 0.2460309388
-0.345812002 -1.7473638708 0.2217139086
-0.3406022097 -1.7472318628 0.1956193201
-0.3345993944 -1.7471135928 0.167724728
-0.3279158905 -1.747003361 0.1380440948
-0.3205610516 -1.7469017784 0.1066482903
-0.3124424127 -1.7468158284 0.0736729201
-0.3034002485 -1.7467570079 0.0393159097
-0.2932770345 -1.7467374736 0.0038249778
-0.2820014464 -1.7467652055 -0.0325287887
-0.2696511872 -1.7468402385 -0.069480349
-0.2564582952 -1.746954049 -0.1067921665
-0.2427586812 -1.7470922245 -0.1442534741
-0.2288902649 -1.7472402599 -0.181652666
-0.21512412 -1.7473875035 -0.2187568027
-0.2015965249 -1.7475310142 -0.255293815
-0.1883060548 -1.7476755895 -0.2909605092
-0.1751702584 -1.7478303441 -0.3254505863
-0.1621039448 -1.7480040772 -0.3584872376
-0.1490922788 -1.7482009303 -0.3898547494
-0.1362225374 -1.7484183856 -0.4194195984
-0.1236547928 -1.7486488873 -0.4471255079
-0.1115805307 -1.7488822842 -0.4729765777
-0.1002382464 -1.7491048602 -0.497046798
-0.089710104 -1.7493116963 -0.5193740923
-0.0801256105 -1.7494945455 -0.5400499473
-0.0713729084 -1.7496592387 -0.5590782597
-0.06348257459999999 -1.7498027033 -0.5765529374
-0.0562412623 -1.7499363539 -0.592462689
-0.0493591065 -1.7500758156 -0.6067846935
-0.0430711998 -1.7502045947 -0.6197827782000001
-0.0370233249 -1.7503438463 -0.6312967362
-0.0309558254 -1.7505084497 -0.6412494558
-0.0249714164 -1.7506899938 -0.6498335935
-0.0192606814 -1.7508744627 -0.6573043732
-0.0138726676 -1.7510569766 -0.6638092268
-0.008836764699999999 -1.7512339896 -0.6694763926
-0.0041669204 -1.7514030349 -0.6744170775
-0.0207506207 -1.90625 -0.6483304599
-0.0226175705 -1.9062323597 -0.6430011284
-0.024724575 -1.9062119072 -0.6370255011
-0.0271009313 -1.9061881607 -0.6303346215
-0.029779038 -1.9061605535 -0.6228546712
-0.0327945639 -1.9061284208 -0.6145073018
-0.0361864145 -1.9060909984 -0.6052098192000001
-0.0399995569 -1.9060472615 -0.5948768516
-0.0442779504 -1.9059962624 -0.5834211467
-0.0490663875 -1.9059369864 -0.570757018
-0.0544248395 -1.9058675738 -0.5568059391
-0.06040691 -1.9057865356 -0.541485236
-0.06698945839999999 -1.9056964598 -0.5246913155
-0.0742133497 -1.9055962903 -0.5063554912
-0.0820233551 -1.9054900416 -0.4863853238
-0.09038181870000001 -1.9053805052 -0.4647138861
-0.09919141419999999 -1.9052733627 -0.4412780102
-0.1083704889 -1.9051730457 -0.4160486917
-0.117804565 -1.9050852562 -0.3890218717
-0.1274176657 -1.9050130772 -0.3602450605
-0.137151893 -1.9049580754 -0.3298105352
-0.1469823113 -1.9049194892 -0.2978608701
-0.1569141685 -1.9048944164 -0.2645853539
-0.1669634987 -1.9048788977 -0.2302108971
-0.1771278003 -1.904869535 -0.194989639
-0.1873611466 -1.9048648943 -0.1591864504
-0.1975706104 -1.9048657921 -0.1230710042
-0.2076199342 -1.9048752154 -0.0869105417
-0.2173563552 -1.9048970145 -0.0509687912
-0.2266414492 -1.9049343908 -0.0155053023
-0.2353720099 -1.9049889121 0.0192277465
-0.2434927722 -1.9050599605 0.052990966
-0.2509917635 -1.9051450871 0.085566716
-0.2578771311 -1.9052412988 0.1167694387
-0.2641577091 -1.9053461113 0.1464524229
-0.2698368125 -1.9054578743 0.1745092135
-0.2748963835 -1.9055765705 0.2008748009
-0.2793188907 -1.9057026297 0.225518065
-0.2830906351 -1.9058366956 0.24843672
-0.2862254917 -1.9059783457 0.2696495158
-0.2887697794 -1.9061257926 0.2891920235
-0.2908058978 -1.9062756686 0.3071140493
-0.292444704 -1.9064233849 0.3234784664
-0.2938254601 -1.9065630932 0.3383582542
-0.2950925468 -1.9066888071 0.3518345551
-0.2964001751 -1.9067940747 0.3639899259
-0.297900971 -1.9068724406 0.3749010485
-0.2997639704 -1.9069163358 0.3846228301
-0.3021824286 -1.9069163211 0.3931617666
-0.3053640596 -1.9068610612 0.4004396442
-0.3095671442 -1.9067332995 0.4061328002
-0.3148410475 -1.9065208604 0.4095436909
-0.3203922656 -1.90625 0.4097504818
-0.3249409767 -1.9059791201 0.4064158619
-0.3283665588 -1.9057343708 0.4009864199
-0.3314248584 -1.9054923825 0.3944577396
-0.3343985323 -1.9052409283 0.386952406
-0.3373668768 -1.904975593 0.3784342733
-0.3403084167 -1.9046962059 0.3688152763
-0.3431362088 -1.9044055362 0.357986699
-0.3457091774 -1.9041089164 0.3458322355
-0.3478399288 -1.9038140467 0.3322415531
-0.3493119366 -1.9035303567 0.3171252822
-0.3499059267 -1.9032677781 0.3004203135
-0.3494497461 -1.9030343397 0.2820936642
-0.3478443733 -1.9028346607 0.262126442
-0.3450925638 -1.9026684002 0.2405039703
-0.3412958108 -1.9025302027 0.2172011402
-0.3365951097 -1.9024127044 0.1921885402
-0.33114442 -1.9023080617 0.1654481714
-0.3250471111 -1.9022113955 0.1369956598
-0.3183125775 -1.9021231897 0.1068988313
-0.3108576792 -1.9020493241 0.0752851506
-0.3025365127 -1.9019995872 0.0423403167
-0.2932037968 -1.9019843991 0.0082974747
-0.2827917178 -1.9020106957 -0.0265861789
-0.27136862 -1.9020786633 -0.0620559606
-0.2591454465 -1.9021811402 -0.0978798353
-0.2464310951 -1.9023058073 -0.1338491559
-0.2335396481 -1.9024400886 -0.1697553798
-0.2207271832 -1.9025745116 -0.2053725624
-0.2081277583 -1.9027060856 -0.2404414636
-0.1957489184 -1.9028384279 -0.2746764332
-0.1835209001 -1.9029789953 -0.307789851
-0.1713672298 -1.9031351978 -0.3395211602
-0.1592715899 -1.9033107075 -0.369665033
-0.1473088699 -1.9035036575 -0.3980906946
-0.1356204306 -1.9037079137 -0.4247382251
-0.1243785331 -1.9039150236 -0.4496045981
-0.1138000109 -1.9041134272 -0.4727519221
-0.1039640266 -1.9042987275 -0.4942155066
-0.0949925714 -1.9044637259 -0.514080054
-0.0867944351 -1.9046127481 -0.5323579089
-0.079397758 -1.9047431774 -0.5491370537
-0.0726206821 -1.90486394 -0.5644205051
-0.06620591989999999 -1.9049878785 -0.5781971579
-0.0603599725 -1.9051015233 -0.5907023485
-0.0547656478 -1.9052222264 -0.6018135999999999
-0.0491824567 -1.9053626564 -0.611472979
-0.0436886802 -1.9055166311 -0.6198467244
-0.0384571679 -1.9056724194 -0.6271645191
-0.0335297296 -1.9058260771 -0.6335611495
-0.0289307026 -1.9059747568 -0.639154569
-0.0246708562 -1.9061164892 -0.6440477598
-0.0408538808 -2.0609375 -0.6198544772
-0.0424126523 -2.0609298598 -0.6146896512
-0.0441901554 -2.0609197621 -0.6089031687000001
-0.0462177454 -2.0609065316 -0.6024299681
-0.0485312426 -2.0608893287 -0.5952007569
-0.0511714575 -2.0608671189 -0.5871424364
-0.0541863272 -2.0608385529 -0.5781790379
-0.0576441264 -2.0608012714 -0.5682351172
-0.0615906797 -2.0607541112 -0.5572285796999999
-0.0660439414 -2.0606973578 -0.5450721854
-0.07104239750000001 -2.0606301676 -0.5316871629
-0.0766636524 -2.0605496701 -0.5170016742
-0.08285381560000001 -2.0604600097 -0.5009055228
-0.0896471105 -2.0603603998 -0.4833313809
-0.0969809433 -2.0602551678 -0.4641874271
-0.1048061539 -2.0601476677 -0.4434048838
-0.1130265556 -2.0600434591 -0.4209238109
-0.1215605162 -2.0599469526 -0.3967162226
-0.1303048571 -2.0598632441 -0.3707823895
-0.139197679 -2.0597947236 -0.3431721311
-0.1481962898 -2.0597422577 -0.313977987
-0.1572901403 -2.059704487 -0.2833399007
-0.1664937718 -2.0596782364 -0.2514406914
-0.175824938 -2.0596597178 -0.2184969599
-0.1852755632 -2.059646123 -0.184747396
-0.1947918389 -2.0596367508 -0.1504421148
-0.2042727868 -2.0596331719 -0.1158356379
-0.2135801561 -2.0596388087 -0.0811817738
-0.2225630789 -2.0596577316 -0.046732594
-0.2310978094 -2.0596926806 -0.0127392868
-0.2390962147 -2.0597447252 0.0205535535
-0.2465211797 -2.0598125721 0.0529131685
-0.2533749892 -2.0598932768 0.0841288421
-0.2596749141 -2.0599835836 0.1140218065
-0.2654318074 -2.0600810739 0.1424520035
-0.2706463085 -2.0601843627 0.1693187014
-0.2752927236 -2.0602939108 0.1945616862
-0.2793441737 -2.0604106731 0.2181531571
-0.2827778315 -2.0605357696 0.2400924868
-0.2855994174 -2.0606691701 0.2603984733
-0.2878492465 -2.0608093413 0.2791052809
-0.2896055777 -2.0609530538 0.2962604357
-0.2909770972 -2.0610957436 0.3119240561
-0.2921014951 -2.0612315514 0.3261665527
-0.2931224789 -2.0613544329 0.3390666903
-0.2941927688 -2.0614579243 0.3507051656
-0.2954647011 -2.0615355042 0.3611570036
-0.2971073126 -2.061579537 0.370475693
-0.2993128432 -2.061580599 0.3786670408
-0.3022902426 -2.0615272668 0.3856494934
-0.3062930262 -2.0614026284 0.3910968765
-0.3113401306 -2.0611966302 0.3943307084
-0.316639357 -2.0609375 0.3945377826
-0.3210564574 -2.0606778519 0.3914617091
-0.3244525557 -2.0604415147 0.3863649779
-0.3274783945 -2.0602088532 0.380179929
-0.3304089275 -2.0599681478 0.3730457085
-0.3333243375 -2.0597150599 0.3649343603
-0.3362095022 -2.0594492553 0.355765388
-0.3389867338 -2.059173204 0.34543686
-0.3415266251 -2.0588918215 0.3338386043
-0.3436560504 -2.0586122456 0.3208650214
-0.345175037 -2.0583431997 0.306429778
-0.3458794576 -2.0580939274 0.2904699567
-0.3456086646 -2.0578719103 0.2729514472
-0.3442672137 -2.0576815901 0.2538537369
-0.341853712 -2.0575228394 0.2331622133
-0.338458284 -2.0573909015 0.2108543853
-0.3342085457 -2.0572791281 0.1869048741
-0.3292466806 -2.0571802981 0.1612992641
-0.3236707309 -2.0570897853 0.1340538932
-0.3174932906 -2.0570078301 0.1052329731
-0.3106422951 -2.0569395974 0.0749558102
-0.3029860866 -2.0568939303 0.043396254
-0.2943903822 -2.0568804129 0.0107736354
-0.2847885583 -2.0569056207 -0.022667757
-0.2742365526 -2.0569700864 -0.0566825314
-0.2629214085 -2.0570676223 -0.0910431885
-0.2511234524 -2.0571871548 -0.1255427524
-0.2391326184 -2.0573171154 -0.159975711
-0.2271907987 -2.0574484879 -0.1941233174
-0.2154317545 -2.0575779692 -0.227739398
-0.2038741897 -2.0577082381 -0.2605557821
-0.192462865 -2.0578456439 -0.2923031335
-0.1811310878 -2.0579967739 -0.3227365362
-0.1698612281 -2.0581651268 -0.3516604565
-0.1587152969 -2.0583493628 -0.3789465272
-0.1478152474 -2.0585443081 -0.4045312076
-0.13731328 -2.0587425742 -0.4284045464
-0.1274035376 -2.0589338834 -0.4506173066
-0.1181633603 -2.0591139623 -0.4712030465
-0.1097071275 -2.0592761014 -0.4902403877
-0.1019663962 -2.059423401 -0.5077503074
-0.0949692733 -2.0595533454 -0.5238166775
-0.0885651746 -2.0596731723 -0.5384547317
-0.0825376154 -2.0597935409 -0.5516674623
-0.07705756060000001 -2.0599032503 -0.563659614
-0.0718515436 -2.0600169525 -0.5743466362
-0.0667048443 -2.0601457489 -0.5836921304
-0.0616708578 -2.0602850796 -0.591839071
-0.0568974026 -2.0604249269 -0.5989892629
-0.052416911 -2.0605620485 -0.6052647247
-0.0482468324 -2.0606941376 -0.6107729408
-0.0443933002 -2.06081962 -0.6156085028
-0.0587164771 -2.215625 -0.5902156309
-0.0599890543 -2.2156263865 -0.5852186605
-0.0614606375 -2.2156260778 -0.5796245354
-0.0631645225 -2.2156233899 -0.5733719278
-0.06513974409999999 -2.2156174492 -0.5663958566
-0.067431954 -2.2156071524 -0.5586281936
-0.0700959687 -2.2155910543 -0.5499987065
-0.07322596739999999 -2.2155660951 -0.5404423858
-0.076866378 -2.2155313198 -0.5298814646
-0.08101075789999999 -2.2154879026 -0.5182274407
-0.08567690140000001 -2.2154359536 -0.5054016699
-0.09096571990000001 -2.2153721117 -0.4913424563
-0.09679442639999999 -2.2153008597 -0.4759341489
-0.103190863 -2.2152217773 -0.4591108481
-0.1100857805 -2.2151385535 -0.4407816429
-0.1174193652 -2.2150542881 -0.4208763595
-0.125096712 -2.2149733341 -0.3993381365
-0.133036471 -2.2148991969 -0.3761400098
-0.1411463054 -2.2148354947 -0.3512860929
-0.1493774667 -2.2147836252 -0.3248279631
-0.1577014532 -2.2147437607 -0.2968579426
-0.1661209416 -2.2147143742 -0.2675129628
-0.1746587997 -2.2146927304 -0.2369692592
-0.1833340652 -2.2146759318 -0.2054333745
-0.1921330976 -2.2146621768 -0.1731310926
-0.2009948114 -2.2146514379 -0.1402985338
-0.2098108258 -2.2146455212 -0.1071758385
-0.2184402518 -2.2146475154 -0.0740037497
-0.2267379425 -2.2146606704 -0.0410237521
-0.2345900475 -2.2146869905 -0.0084777654
-0.2419241884 -2.2147268854 0.0233971092
-0.2487196367 -2.2147788354 0.0543751844
-0.2549912729 -2.2148401395 0.08425298520000001
-0.2607634569 -2.2149080509 0.1128588422
-0.2660519348 -2.2149805513 0.1400584932
-0.2708509117 -2.2150568917 0.1657574999
-0.2751289184 -2.2151377381 0.1898997845
-0.2788507503 -2.215224228 0.2124604509
-0.2819854832 -2.2153175949 0.2334402042
-0.284531658 -2.2154180902 0.2528576746
-0.286524317 -2.2155246636 0.2707455589
-0.2880379597 -2.2156348312 0.2871491565
-0.2891796969 -2.2157449418 0.3021258768
-0.2900836962 -2.2158503816 0.3157438065
-0.2908945794 -2.2159462067 0.3280791147
-0.291762451 -2.216027283 0.3392106055
-0.292839168 -2.2160883487 0.349211478
-0.2942934709 -2.2161232515 0.3581336365
-0.2963163238 -2.2161244729 0.3659822045
-0.2991176357 -2.2160828165 0.3726730153
-0.3029482043 -2.2159849042 0.377875068
-0.307797908 -2.2158243009 0.3809293771
-0.312875523 -2.215625 0.3811246853
-0.3171783736 -2.2154249159 0.3782835483
-0.320551552 -2.2152415322 0.3734991269
-0.3235495876 -2.2150618892 0.3676415738
-0.3264398721 -2.2148769676 0.3608633913
-0.3293038786 -2.2146833183 0.3531435313
-0.3321325529 -2.2144805368 0.3444084088
-0.3348569917 -2.2142703639 0.3345624682
-0.3373586317 -2.2140564211 0.3235016593
-0.3394776916 -2.2138439975 0.3111251472
-0.3410295879 -2.2136395505 0.297349919
-0.3418243816 -2.2134499661 0.2821137871
-0.3417122151 -2.2132808253 0.2653819814
-0.3406012287 -2.2131355448 0.2471327588
-0.3384863819 -2.2130141737 0.2273515841
-0.3354474763 -2.212913338 0.2060182173
-0.3315997124 -2.2128282428 0.1831107606
-0.3270745183 -2.2127535589 0.1586178218
-0.3219649392 -2.2126857715 0.1325562109
-0.3162865078 -2.2126248954 0.1049867332
-0.3099774132 -2.2125745413 0.0760211912
-0.3029192876 -2.2125410927 0.0458225039
-0.294988178 -2.212531606 0.0145971264
-0.2861187923 -2.2125510768 -0.0174229759
-0.2763558118 -2.2126001824 -0.0500017527
-0.2658643242 -2.212674683 -0.0829169532
-0.2548982999 -2.2127666279 -0.1159643416
-0.2437253055 -2.2128674996 -0.1489423058
-0.2325740869 -2.2129704198 -0.181639627
-0.2215781357 -2.2130725185 -0.213822758
-0.2107665486 -2.2131752534 -0.2452399582
-0.2000976642 -2.2132828937 -0.2756389534
-0.1895140544 -2.2134001048 -0.3047895056
-0.178997095 -2.2135295559 -0.3325055302
-0.1685970431 -2.2136705569 -0.3586614667
-0.1584179572 -2.2138196694 -0.383191075
-0.1485934429 -2.2139717595 -0.4060785874
-0.139296458 -2.2141195463 -0.4273648267
-0.130602484 -2.2142597054 -0.4470817324
-0.1226192023 -2.2143872068 -0.4653026135
-0.1152975811 -2.2145037072 -0.4820551415
-0.108666292 -2.2146072376 -0.497419522
-0.1026040041 -2.2147023407 -0.5114215768
-0.09693134809999999 -2.2147959756 -0.5240760105
-0.0917864194 -2.2148808283 -0.5355600557
-0.0869364931 -2.2149666541 -0.5458228164
-0.0821908791 -2.215061194 -0.5548469033
-0.0775798109 -2.2151619849 -0.5627542016
-0.0732279643 -2.2152622513 -0.5697213433
-0.0691590393 -2.2153599094 -0.5758586205
-0.0653840891 -2.2154535058 -0.5812638764
-0.0619049361 -2.2155420676 -0.5860239313
-0.075311526 -2.3703125 -0.5617897598
-0.0763226159 -2.3703226701 -0.556959342
-0.0775147299 -2.3703310731 -0.5515555177
-0.0789229519 -2.3703367106 -0.5455204514999999
-0.08058927289999999 -2.3703382856 -0.5387931701999999
-0.0825637805 -2.3703341383 -0.5313101356
-0.0849084777 -2.3703220428 -0.5230065752
-0.0877387822 -2.3702970649 -0.5138261758
-0.09110034609999999 -2.3702578785 -0.5036958462
-0.09496366840000001 -2.3702070211 -0.4925263102
-0.0993269594 -2.3701455432 -0.4802393457
-0.1043130793 -2.3700681009 -0.4667824469
-0.1098126201 -2.3699815066 -0.4520355491
-0.1158475657 -2.3698854812 -0.4359342783
-0.1223427609 -2.3697847945 -0.4183888179
-0.1292287842 -2.3696837076 -0.3993280156
-0.1364129741 -2.3695873991 -0.3786981121
-0.1438124111 -2.3695002388 -0.3564727155
-0.1513464093 -2.3694260665 -0.3326593188
-0.1589786053 -2.3693659997 -0.3073112018
-0.1666932109 -2.3693196811 -0.2805199057
-0.1745049222 -2.3692847479 -0.2524191536
-0.182443989 -2.3692576353 -0.2231787039
-0.1905303263 -2.3692349477 -0.1929955075
-0.1987449591 -2.3692149801 -0.1620832417
-0.2070198848 -2.3691983027 -0.1306649126
-0.2152402182 -2.3691877252 -0.0989673026
-0.2232625967 -2.3691874257 -0.06721880769999999
-0.2309470588 -2.3692013811 -0.0356507105
-0.2381892245 -2.3692318129 -0.0044959495
-0.244931056 -2.3692787246 0.0260159093
-0.2511666655 -2.3693397126 0.0556663208
-0.2569222782 -2.369411082 0.0842589973
-0.2622290346 -2.3694892848 0.1116290753
-0.2671045935 -2.3695718825 0.1376484156
-0.2715392247 -2.3696582532 0.1622279394
-0.2754965309 -2.3697495273 0.1853153364
-0.2789324978 -2.3698475783 0.2068884713
-0.2818094217 -2.3699542663 0.2269490478
-0.2841192478 -2.3700702089 0.2455154044
-0.2858922509 -2.3701943147 0.2626187584
-0.2871993841 -2.3703236554 0.2783022601
-0.2881461256 -2.3704537636 0.2926207433
-0.2888632558 -2.370579073 0.3056400326
-0.2894957915 -2.3706934204 0.3174338138
-0.2901911284 -2.3707905658 0.3280789956
-0.2911004192 -2.3708640187 0.3376469619
-0.292391786 -2.3709062015 0.3461880542
-0.2942545453 -2.3709079385 0.3537066652
-0.296899868 -2.3708578618 0.3601158013
-0.3005744442 -2.3707398334 0.3650815187
-0.3052419576 -2.370547731 0.3679626603
-0.3101118015 -2.3703125 0.3681417042
-0.3143016649 -2.3700759039 0.3655167907
-0.3176451632 -2.369857586 0.3610246075
-0.3206076331 -2.3696448368 0.3554756697
-0.3234505852 -2.3694269339 0.3490347004
-0.3262549058 -2.3691997374 0.3416857967
-0.3290177831 -2.3689625621 0.3333621191
-0.3316784541 -2.368717268 0.3239741454
-0.3341284911 -2.3684679338 0.3134237598
-0.3362206461 -2.3682205557 0.3016148597
-0.3377847178 -2.3679824512 0.2884678026
-0.3386442495 -2.3677614717 0.2739214602
-0.3386595608 -2.3675639942 0.257940692
-0.337742374 -2.3673940431 0.2405027567
-0.3358843485 -2.3672518467 0.2215931657
-0.3331556905 -2.3671337568 0.2011936194
-0.3296599314 -2.3670344932 0.1792852452
-0.3255183629 -2.3669480343 0.1558592604
-0.3208192271 -2.3668702887 0.1309328013
-0.3155807566 -2.366801077 0.1045635086
-0.3097507606 -2.3667442353 0.0768563117
-0.3032235051 -2.3667068008 0.0479640783
-0.29588502 -2.3666967246 0.0180813146
-0.2876716686 -2.3667198215 -0.0125716538
-0.2786180141 -2.3667772 -0.0437679164
-0.2688689123 -2.366864465 -0.07529077989999999
-0.2586538199 -2.3669729029 -0.1069393198
-0.2482193953 -2.3670929166 -0.1385162231
-0.2377820256 -2.3672164642 -0.1698177411
-0.2274748975 -2.3673397801 -0.2006222732
-0.2173368446 -2.3674638817 -0.2306933494
-0.2073390432 -2.3675930855 -0.2597944941
-0.197432981 -2.3677324227 -0.2877091279
-0.187599419 -2.3678850117 -0.31426015
-0.1778778821 -2.3680504342 -0.3393249816
-0.1683558823 -2.3682252642 -0.3628353584
-0.1591496112 -2.3684040921 -0.3847705235
-0.1504123245 -2.368579051 -0.4051626032
-0.1422173396 -2.368746192 -0.4240419366
-0.1346656588 -2.3688997493 -0.4414768959
-0.1277267541 -2.3690407973 -0.4575011081
-0.1214292406 -2.3691669981 -0.4721911323
-0.1156787664 -2.3692825225 -0.4855818411
-0.1103303987 -2.369394132 -0.4976979723
-0.1054916058 -2.3694947111 -0.5086919515
-0.1009678279 -2.3695940012 -0.5185429679
-0.09659094980000001 -2.3697002042 -0.5272505795
-0.0923696306 -2.3698116328 -0.5349175949
-0.0884068088 -2.3699213752 -0.5416977809
-0.0847179966 -2.3700274496 -0.5476906944
-0.0813082371 -2.3701285146 -0.5529853226
-0.0781752906 -2.3702236991 -0.5576613174
-0.09140898980000001 -2.525 -0.5366137192
-0.092188013 -2.525014892 -0.5319457402
-0.09313222879999999 -2.5250285222 -0.5267269728
-0.0942783558 -2.525039928 -0.5209027828
-0.09567106979999999 -2.5250478456 -0.5144158457
-0.0973644696 -2.525050644 -0.5072067712
-0.0994270579 -2.5250461037 -0.4992156744
-0.1019935127 -2.5250291669 -0.4903937979
-0.1051104915 -2.5249986043 -0.4806722959
-0.1087270936 -2.5249574143 -0.4699616208
-0.1128241076 -2.5249071656 -0.4581845633
-0.1175433767 -2.5248424646 -0.4452963916
-0.122751929 -2.5247700329 -0.4311736038
-0.1284660537 -2.5246898333 -0.4157532106
-0.1346057172 -2.5246060538 -0.3989467456
-0.1410927783 -2.5245226368 -0.3806823678
-0.1478365662 -2.5244438303 -0.3609091778
-0.1547550176 -2.52437327 -0.3396018793
-0.1617768696 -2.5243137883 -0.3167707498
-0.1688774856 -2.5242658526 -0.2924701963
-0.1760527596 -2.5242287199 -0.2667908528
-0.1833279992 -2.5242000347 -0.2398631255
-0.190739635 -2.5241766505 -0.2118504977
-0.1983076997 -2.5241558508 -0.1829408527
-0.2060078108 -2.5241366026 -0.1533366072
-0.2137655108 -2.5241198505 -0.1232486826
-0.2214598852 -2.5241084172 -0.0928915475
-0.2289458685 -2.5241060941 -0.0624822951
-0.2360886257 -2.5241162042 -0.0322426873
-0.2427927023 -2.524140421 -0.0023971576
-0.2490131578 -2.524178359 0.0268320456
-0.2547572993 -2.5242275876 0.0552333767
-0.2600611195 -2.5242847185 0.082617537
-0.2649612435 -2.5243466493 0.1088262194
-0.2694766595 -2.524411366 0.1337370574
-0.2735939583 -2.5244785738 0.1572658929
-0.2772712269 -2.5245495084 0.1793639311
-0.2804584989 -2.524626028 0.2000112537
-0.2831109731 -2.5247100035 0.2192103653
-0.2852155558 -2.5248021542 0.2369791402
-0.2867984045 -2.524901702 0.253347323
-0.2879274117 -2.525006263 0.2683559818
-0.2887058664 -2.5251121096 0.282057552
-0.28926284 -2.525214563 0.2945154971
-0.2897416614 -2.5253084372 0.3058012712
-0.2902873933 -2.5253885103 0.3159898252
-0.2910497748 -2.5254493139 0.325150795
-0.292194769 -2.5254845062 0.3333334357
-0.293911841 -2.5254863092 0.3405405061
-0.2964079804 -2.5254453301 0.34668609
-0.2999279738 -2.5253481077 0.3514347996
-0.3044150904 -2.5251907334 0.3541661185
-0.309086164 -2.525 0.3543362964
-0.3131597858 -2.5248077056 0.3519060413
-0.3164614689 -2.5246291468 0.34768081
-0.3193804656 -2.5244558957 0.3424165415
-0.3221698009 -2.5242792739 0.3362867123
-0.3249116636 -2.5240957951 0.3292813702
-0.327607559 -2.5239047811 0.3213392969
-0.3302038358 -2.5237075981 0.312376622
-0.3326009516 -2.5235074148 0.3023007198
-0.3346626962 -2.5233089207 0.2910199644
-0.3362316288 -2.5231178347 0.2784580914
-0.3371430261 -2.5229403396 0.2645551232
-0.3372662056 -2.5227814652 0.2492758762
-0.3365158726 -2.5226444896 0.2325968882
-0.3348807109 -2.5225297346 0.2145038184
-0.3324223353 -2.5224344943 0.194980044
-0.3292339811 -2.5223547633 0.1740092488
-0.3254278962 -2.5222858503 0.1515848062
-0.3210881543 -2.5222244653 0.1277239909
-0.316235473 -2.5221703058 0.1024815345
-0.3108263189 -2.5221261595 0.0759562001
-0.304766296 -2.5220973634 0.0482918473
-0.2979504563 -2.5220900906 0.0196721741
-0.2903167896 -2.5221090055 -0.0096932189
-0.2818910132 -2.5221552448 -0.0395861617
-0.2728000985 -2.5222257005 -0.06979572219999999
-0.2632517501 -2.522313799 -0.1001248287
-0.25347403 -2.5224120832 -0.1303808371
-0.2436722728 -2.5225140708 -0.1603673232
-0.2339792973 -2.5226164087 -0.1898737652
-0.2244424833 -2.5227193858 -0.2186775363
-0.2150442915 -2.522825962 -0.246556384
-0.2057440308 -2.5229398694 -0.2733060684
-0.196521841 -2.5230636258 -0.2987577663
-0.1874076774 -2.5231971999 -0.3227919622
-0.1784742614 -2.523338297 -0.3453389946
-0.1698225918 -2.5234830043 -0.3663741851
-0.1615872795 -2.5236255311 -0.3859218512
-0.153840716 -2.5237625996 -0.4040113269
-0.146677513 -2.5238896693 -0.4207064587
-0.140083162 -2.5240069518 -0.4360455871
-0.1340871974 -2.5241124895 -0.4501023275
-0.1286181279 -2.5242088064 -0.4629185328
-0.1235619135 -2.5243002676 -0.4745273126
-0.1189986332 -2.5243822582 -0.4850593809
-0.114767919 -2.524461335 -0.4945197426
-0.1107218715 -2.5245434502 -0.5029224014
-0.1068500111 -2.5246281685 -0.5103535123
-0.1032358502 -2.5247107034 -0.5169467757
-0.099887596 -2.5247898106 -0.5227922128
-0.09680494019999999 -2.5248646865 -0.5279709182
-0.09398202999999999 -2.5249348351 -0.5325561241
-0.1061290964 -2.6797011111 -0.5053308755
-0.1055047362 -2.6796875 -0.5098136209
-0.1069077425 -2.6797137813 -0.5003208758
-0.107878349 -2.6797247105 -0.4947317874
-0.1090872104 -2.6797328455 -0.4885093646
-0.1105908864 -2.6797368235 -0.481597586
-0.1124618484 -2.6797347825 -0.4739402817
-0.1148506334 -2.6797223112 -0.4654941269
-0.117802619 -2.6796984687 -0.4561935899
-0.1212439867 -2.6796662372 -0.4459495129
-0.1251302917 -2.6796275843 -0.4346849609
-0.1296167576 -2.6795779229 -0.4223604292
-0.1345551033 -2.6795228489 -0.4088499661
-0.1399479706 -2.6794627623 -0.3940884043
-0.1457196507 -2.6794006597 -0.377992639
-0.1517845924 -2.6793397641 -0.3604907273
-0.1580640605 -2.6792828774 -0.3415386247
-0.1644828455 -2.6792325267 -0.3211144053
-0.1709873477 -2.6791902836 -0.2992333627
-0.1775671602 -2.6791560634 -0.2759510394
-0.184228515 -2.6791290105 -0.2513563876
-0.1910012798 -2.6791072567 -0.2255747136
-0.1979182537 -2.6790886225 -0.198760906
-0.204988598 -2.6790715119 -0.1710913594
-0.2121761132 -2.6790556549 -0.1427559472
-0.2193992724 -2.679042139 -0.1139537103
-0.2265375927 -2.679033237 -0.0848889593
-0.2334560082 -2.6790316429 -0.0557710116
-0.2400375377 -2.6790394355 -0.0268155235
-0.2462043444 -2.6790574455 0.0017595408
-0.2519268464 -2.6790850085 0.0297391595
-0.257219797 -2.6791201546 0.0569202222
-0.2621176602 -2.6791604648 0.0831226328
-0.2666504067 -2.6792038871 0.1081967034
-0.2708274668 -2.6792492725 0.1320274793
-0.2746289486 -2.67929666 0.1545358566
-0.278009734 -2.679347127 0.1756758396
-0.2809213601 -2.6794020521 0.1954279225
-0.2833243143 -2.6794626887 0.2137935522
-0.2852109892 -2.6795293954 0.2307888541
-0.2866111549 -2.6796014441 0.2464418825
-0.2875929793 -2.6796769851 0.2607921772
-0.2882548949 -2.6797533037 0.273890805
-0.288721358 -2.6798269383 0.2857991436
-0.2891216447 -2.6798943453 0.2965868551
-0.289589799 -2.6799518466 0.3063264379
-0.2902608288 -2.6799957021 0.3150858896
-0.291281887 -2.6800216605 0.3229157153
-0.2928191708 -2.6800245804 0.3298274133
-0.2950618759 -2.6799980133 0.3357530908
-0.2982331009 -2.6799329109 0.3404187609
-0.3023513699 -2.6798245021 0.3432593479
-0.3067879776 -2.6796875 0.3435935824
-0.3106908297 -2.6795476515 0.3412809526
-0.3138626367 -2.6794180428 0.3372497489
-0.3166922635 -2.6792919075 0.3322362007
-0.3194198286 -2.6791628934 0.3264016854
-0.3221224505 -2.6790284905 0.3197346836
-0.3248008397 -2.6788882301 0.3121749937
-0.3274030064 -2.6787431366 0.3036403426
-0.3298325222 -2.6785955662 0.2940396569
-0.3319569005 -2.6784490133 0.283282451
-0.3336213472 -2.6783077817 0.2712928537
-0.3346629757 -2.6781765532 0.2580116422
-0.3349506047 -2.6780591978 0.2434045216
-0.3343975208 -2.6779582818 0.2274499494
-0.3329905663 -2.6778741332 0.2101363606
-0.3307895736 -2.6778047689 0.1914500005
-0.3278870199 -2.6777471763 0.1713766589
-0.3243946804 -2.677697799 0.1499106595
-0.3203976439 -2.6776540844 0.1270684872
-0.3159184824 -2.6776157079 0.102902091
-0.3109161177 -2.6775846574 0.0775054008
-0.3052984221 -2.6775648463 0.0510155528
-0.2989616342 -2.677560838 0.0236080539
-0.2918429228 -2.6775760961 -0.0045164002
-0.2839648493 -2.6776114619 -0.0331486814
-0.2754490495 -2.6776646106 -0.0620865864
-0.2664966683 -2.6777306172 -0.0911415175
-0.257329132 -2.6778038851 -0.1201293909
-0.2481458138 -2.6778795376 -0.1488625825
-0.2390750081 -2.6779550336 -0.1771398497
-0.230160709 -2.67803057 -0.2047480992
-0.2213823518 -2.6781083729 -0.2314743045
-0.2126958135 -2.6781912834 -0.257122395
-0.2040768891 -2.6782812673 -0.2815298956
-0.1955502984 -2.678378404 -0.3045812847
-0.1871833572 -2.6784810798 -0.3262087675
-0.1790720023 -2.6785864614 -0.3463877123
-0.171346616 -2.6786902808 -0.3651408914
-0.1640772088 -2.6787901315 -0.3824960161
-0.1573567651 -2.6788826366 -0.3985142558
-0.1511720228 -2.6789679396 -0.4132325077
-0.1455528765 -2.6790445772 -0.4267213373
-0.1404305389 -2.6791144131 -0.4390210583
-0.135695654 -2.6791806451 -0.4501640701
-0.1314259411 -2.6792399084 -0.4602746408
-0.1274664188 -2.679297034 -0.4693583403
-0.1236736852 -2.679356428 -0.4774289794
-0.1200376877 -2.6794177975 -0.4845686463
-0.1166403543 -2.6794776219 -0.4909048057
-0.1134904564 -2.6795349872 -0.4965235094
-0.1105884758 -2.6795893032 -0.501502319
-0.1079295104 -2.6796402043 -0.5059113231
-0.1175772264 -2.8343824619 -0.4793725329
-0.1171033844 -2.834375 -0.4836735311
-0.1181942403 -2.8343894875 -0.4745670152
-0.1189928423 -2.8343956682 -0.4692077568
-0.1200206631 -2.8344004647 -0.4632433617
-0.1213363556 -2.8344031778 -0.4566208992
-0.1230158488 -2.8344028494 -0.4492875583
-0.1252239856 -2.8343971421 -0.4412046071
-0.1280048073 -2.8343856075 -0.4323096575
-0.1312643238 -2.8343699504 -0.4225148091
-0.1349312454 -2.8343515009 -0.4117431792
-0.1391778215 -2.8343277918 -0.3999608526
-0.1438385571 -2.8343017365 -0.3870397084
-0.1489040973 -2.8342737004 -0.3729131149
-0.1543027658 -2.8342450202 -0.3575031583
-0.1599422268 -2.8342173207 -0.3407382498
-0.1657548962 -2.8341917409 -0.3225807086
-0.1716720353 -2.8341693732 -0.3030117949
-0.1776565069 -2.8341507063 -0.2820512049
-0.1837111457 -2.8341355072 -0.2597551958
-0.1898518323 -2.8341232432 -0.2362107912
-0.1961122262 -2.8341130045 -0.2115380539
-0.2025234413 -2.834103827 -0.18588399
-0.209083266 -2.8340951862 -0.1594137764
-0.2157454322 -2.8340871717 -0.1323056965
-0.2224223359 -2.8340804594 -0.1047476759
-0.2289944503 -2.8340761802 -0.0769344435
-0.2353365515 -2.8340755256 -0.0490677938
-0.2413487117 -2.8340792825 -0.021357218
-0.2469698669 -2.8340876489 0.0059858949
-0.252184861 -2.8341001507 0.0327538757
-0.2570156213 -2.8341157983 0.0587519895
-0.2614952829 -2.8341335174 0.0838090874
-0.2656477572 -2.8341524716 0.1077837255
-0.2694737567 -2.8341722852 0.1305679085
-0.2729477927 -2.834193088 0.1520871941
-0.2760209638 -2.8342154659 0.1722982279
-0.2786478529 -2.8342400334 0.1911817667
-0.280792983 -2.8342673233 0.2087383091
-0.2824540942 -2.8342974184 0.2249824181
-0.2836642188 -2.8343299141 0.239940659
-0.2844915945 -2.834363918 0.2536512354
-0.2850311816 -2.8343981766 0.2661638541
-0.2853989044 -2.834431157 0.2775383848
-0.285714603 -2.8344612939 0.2878423503
-0.2861004775 -2.8344869959 0.2971460284
-0.2866776061 -2.8345066749 0.3055157601
-0.2875749311 -2.8345185761 0.3130032315
-0.2889391427 -2.8345205655 0.3196267184
-0.2909390147 -2.8345099514 0.3253372317
-0.2937793289 -2.8344829288 0.3299161014
-0.2975483753 -2.8344364364 0.332849844
-0.3017623897 -2.834375 0.3333368333
-0.3055083266 -2.8343114934 0.3311414934
-0.3085637756 -2.83425276 0.3273017415
-0.3113154081 -2.834195437 0.3225347552
-0.313989932 -2.834136636 0.316989735
-0.3166610385 -2.8340752114 0.31065435
-0.3193285694 -2.8340109646 0.3034691606
-0.3219424017 -2.833944373 0.2953534433
-0.3244093835 -2.8338765279 0.2862176092
-0.3266009345 -2.8338090517 0.2759722278
-0.3283651918 -2.8337439623 0.2645417165
-0.3295414462 -2.8336834671 0.2518674086
-0.3299984497 -2.8336294172 0.2379156857
-0.3296483905 -2.8335830605 0.2226665783
-0.328476528 -2.8335445866 0.2061111215
-0.3265409538 -2.833513089 0.1882382987
-0.3239332832 -2.8334871551 0.169036035
-0.3207646305 -2.8334651058 0.148499749
-0.3171208058 -2.8334457102 0.1266453432
-0.3130259363 -2.8334287741 0.1035221674
-0.3084411278 -2.8334151815 0.0792194583
-0.3032763184 -2.8334067224 0.0538677202
-0.2974288094 -2.8334055006 0.0276343483
-0.2908348923 -2.8334131192 0.0007112546
-0.2835139436 -2.833429966 -0.0267012428
-0.2755822254 -2.8334549563 -0.0544092997
-0.2672342353 -2.8334857896 -0.0822322831
-0.2586846267 -2.8335198479 -0.1099941033
-0.2501266291 -2.8335548454 -0.1375153835
-0.2416838159 -2.8335895832 -0.164603704
-0.2333966547 -2.8336241451 -0.1910551925
-0.2252415258 -2.8336595751 -0.216665878
-0.2171709745 -2.8336972195 -0.241247791
-0.2091566616 -2.8337380312 -0.2646447922
-0.2012183312 -2.833782092 -0.2867453514
-0.1934181451 -2.8338286945 -0.3074835267
-0.1858471961 -2.8338765583 -0.3268347078
-0.1786317633 -2.8339237213 -0.3448200367
-0.1718395315 -2.8339690822 -0.3614655733
-0.16556186 -2.8340110754 -0.3768297382
-0.1597866237 -2.8340497626 -0.3909479897
-0.1545440357 -2.8340844629 -0.4038878498
-0.1497679442 -2.8341160352 -0.4156881896
-0.1453533897 -2.8341459434 -0.4263807395
-0.1413760828 -2.8341726547 -0.4360835025
-0.1376862045 -2.8341983911 -0.444802718
-0.1341446609 -2.8342251882 -0.4525521378
-0.1307419444 -2.834252924 -0.4594099458
-0.1275586855 -2.8342799807 -0.4654975038
-0.1246043297 -2.8343059387 -0.4708970095
-0.1218802293 -2.834330527 -0.4756825965
-0.1193824915 -2.8343535769 -0.4799213054
-0.1313538822 -2.9890958564 -0.4543899878
-0.1310221685 -2.9890625 -0.4585119835
-0.1318176609 -2.9891275112 -0.449785428
-0.1324523904 -2.9891557314 -0.4446514922
-0.1333066696 -2.9891782253 -0.4389393824
-0.1344407587 -2.9891920177 -0.4325989488
-0.1359333616 -2.9891930202 -0.4255803392
-0.1379615873 -2.9891710359 -0.4178484518
-0.1405680209 -2.9891242725 -0.4093438508
-0.143639776 -2.9890606323 -0.399980426
-0.1470844415 -2.9889866457 -0.3896829108
-0.1510848572 -2.9888917102 -0.3784209214
-0.15546284 -2.9887882031 -0.3660659586
-0.160197504 -2.9886782551 -0.3525503575
-0.165221168 -2.988566879 -0.3378012463
-0.1704356535 -2.9884608936 -0.3217478959
-0.1757839146 -2.9883641409 -0.304358487
-0.1812034592 -2.9882805827 -0.2856172802
-0.186672429 -2.9882112304 -0.2655477198
-0.1922057983 -2.9881544528 -0.2442063118
-0.1978282514 -2.9881076686 -0.2216778719
-0.2035775351 -2.9880671211 -0.1980773826
-0.2094809981 -2.9880293697 -0.1735436986
-0.2155282635 -2.9879930308 -0.1482320618
-0.2216634376 -2.9879593016 -0.1223098263
-0.2277938591 -2.9879314576 -0.0959545946
-0.2338015377 -2.9879141925 -0.0693520998
-0.2395709507 -2.9879119381 -0.0426968486
-0.245018317 -2.9879271052 -0.0161920648
-0.250097954 -2.9879597947 0.009957642500000001
-0.2548095012 -2.9880074371 0.0355518824
-0.259179932 -2.9880660028 0.060404492
-0.2632416362 -2.9881314418 0.0843529123
-0.2670129605 -2.9882009229 0.1072635401
-0.2704867104 -2.9882735659 0.129034857
-0.2736321102 -2.9883503149 0.1495967496
-0.2763980642 -2.9884337104 0.1689080747
-0.2787411851 -2.9885261178 0.1869499575
-0.2806301459 -2.9886294153 0.2037219764
-0.2820675822 -2.9887436152 0.2192373231
-0.2830893235 -2.9888668897 0.2335212703
-0.2837633119 -2.9889956319 0.2466108608
-0.2841806403 -2.9891249909 0.2585546015
-0.2844494752 -2.9892492172 0.2694108899
-0.2846798177 -2.9893625431 0.2792452737
-0.2849826484 -2.9894591755 0.2881258707
-0.285465715 -2.989533471 0.2961173657
-0.2862406187 -2.9895793986 0.3032723742
-0.2874355601 -2.9895895634 0.3096152413
-0.2891995441 -2.9895545995 0.315114644
-0.2917189417 -2.9894611229 0.3196023163
-0.2951446683 -2.9892940865 0.3226164808
-0.2991313764 -2.9890625 0.3232477983
-0.3027165608 -2.9888200491 0.3211717685
-0.3056525175 -2.9885962949 0.3175224181
-0.3083215536 -2.9883772798 0.3129982646
-0.3109373999 -2.9881519376 0.3077375095
-0.3135699911 -2.9879158956 0.3017272206
-0.3162184817 -2.9876684476 0.2949088733
-0.3188347321 -2.9874114651 0.2872033078
-0.321329091 -2.9871491994 0.2785223768
-0.3235772245 -2.9868879838 0.2687776222
-0.3254307457 -2.9866357666 0.2578936201
-0.3267317438 -2.9864012895 0.2458120255
-0.3273492053 -2.9861919959 0.2324991617
-0.3271957515 -2.9860129158 0.217937664
-0.3262541967 -2.9858649796 0.2021195479
-0.3245810797 -2.9857446845 0.1850368761
-0.3222667801 -2.9856464674 0.166679753
-0.319421277 -2.9855636713 0.1470448583
-0.3161306241 -2.9854913225 0.1261477366
-0.3124202278 -2.9854284998 0.1040353201
-0.3082533181 -2.9853785094 0.08079227329999999
-0.303542061 -2.9853482362 0.0565425266
-0.2981851039 -2.9853458356 0.031445404
-0.2921181124 -2.9853775457 0.0056841239
-0.285357333 -2.9854448692 -0.0205495812
-0.2780134613 -2.9855435528 -0.047069835
-0.2702739116 -2.985664566 -0.0737034136
-0.2623460552 -2.9857976197 -0.1002816068
-0.2544165084 -2.9859337121 -0.1266326943
-0.2466038386 -2.9860680931 -0.1525726114
-0.2389449703 -2.9862010632 -0.1779064091
-0.231413461 -2.9863367351 -0.2024390315
-0.2239588983 -2.986480467 -0.225990573
-0.2165492957 -2.9866361187 -0.2484112979
-0.2091993324 -2.9868042009 -0.2695934595
-0.2019664626 -2.9869820851 -0.2894731272
-0.1949367955 -2.9871649127 -0.3080255819
-0.1882322954 -2.9873450985 -0.3252701989
-0.1819182292 -2.9875184023 -0.3412313462
-0.1760841007 -2.9876787229 -0.355964598
-0.170718907 -2.9878262815 -0.3695040143
-0.1658530665 -2.987958415 -0.3819140866
-0.1614231626 -2.9880784512 -0.3932323727
-0.1573287804 -2.9881920252 -0.4034900798
-0.1536434964 -2.9882932664 -0.4127990297
-0.15022291 -2.9883907668 -0.4211663228
-0.1469325211 -2.9884924348 -0.4286058779
-0.1437634024 -2.9885978449 -0.4351921188
-0.140794686 -2.9887007473 -0.4410403408
-0.1380364344 -2.9887995227 -0.4462289681
-0.1354908314 -2.9888931244 -0.4508287887
-0.1331549635 -2.9889808989 -0.4549038723
-0.1473168621 -3.1437623011 -0.4293390826
-0.147119176 -3.14375 -0.4332821779
-0.1476358026 -3.1437740395 -0.4249350078
-0.1481151995 -3.1437846003 -0.4200254146
-0.1488044032 -3.1437931696 -0.4145639299
-0.1497649898 -3.1437986891 -0.4085029674
-0.151077416 -3.1437997142 -0.4017952512
-0.1529313814 -3.1437925097 -0.3944088333
-0.1553662545 -3.1437765089 -0.3862868347
-0.1582526872 -3.1437546944 -0.3773457334
-0.1614790676 -3.1437296441 -0.3675125506
-0.1652376997 -3.1436975513 -0.3567597301
-0.1693387731 -3.1436628155 -0.3449593808
-0.1737508522 -3.1436263597 -0.3320434064
-0.1784098479 -3.1435897722 -0.3179437579
-0.1832122688 -3.1435554511 -0.3025909896
-0.1881106801 -3.1435244737 -0.2859585655
-0.1930482068 -3.1434980519 -0.2680334012
-0.1980169839 -3.1434762379 -0.2488420085
-0.2030430806 -3.1434582677 -0.2284406408
-0.2081592396 -3.1434431324 -0.2069116037
-0.2134070267 -3.1434295297 -0.1843647556
-0.2188106118 -3.1434164235 -0.1609311658
-0.2243523407 -3.1434035689 -0.1367567222
-0.2299680184 -3.1433916259 -0.111998627
-0.2355605452 -3.1433818759 -0.08682472450000001
-0.2410136928 -3.1433759564 -0.0614120958
-0.246221913 -3.143375243 -0.0359481521
-0.2511138182 -3.1433803796 -0.0106288251
-0.2556610533 -3.1433911234 0.0143476155
-0.2598741724 -3.1434064625 0.0387888373
-0.2637870389 -3.1434249697 0.0625169038
-0.2674309167 -3.143445369 0.0853776869
-0.270819357 -3.1434668614 0.1072450215
-0.2739382115 -3.1434893399 0.1280234132
-0.2767520451 -3.1435132524 0.1476467538
-0.2792079128 -3.1435395181 0.1660759259
-0.281264178 -3.1435689067 0.1832924537
-0.2828933106 -3.1436019765 0.1992951189
-0.284102249 -3.1436386351 0.2140959208
-0.2849292481 -3.1436782027 0.2277189568
-0.2854417963 -3.1437194514 0.2402001351
-0.285727421 -3.1437607936 0.251586708
-0.2858864846 -3.1438004152 0.2619355114
-0.2860216767 -3.1438364916 0.2713099808
-0.2862320451 -3.1438672718 0.2797759946
-0.2866134693 -3.1438910598 0.2873964194
-0.2872617245 -3.1439061257 0.2942243628
-0.2882875698 -3.1439103324 0.300289582
-0.2898222836 -3.1439009413 0.3055763918
-0.2920340381 -3.1438740185 0.3099635776
-0.2951304276 -3.1438236269 0.3130392621
-0.2988965536 -3.14375 0.3138016727
-0.302329024 -3.1436719069 0.3118433922
-0.3051537701 -3.1435999719 0.3083805622
-0.3077475973 -3.1435293291 0.304093086
-0.3103122116 -3.1434563979 0.2991092822
-0.3129134677 -3.1433797791 0.2934156872
-0.3155500198 -3.1432992635 0.2869549873
-0.3181755903 -3.1432154736 0.2796497194
-0.3207038862 -3.1431298101 0.2714133561
-0.323014692 -3.1430443628 0.2621585721
-0.3249629727 -3.1429617762 0.2518101951
-0.3263936672 -3.1428849732 0.2403102247
-0.3271761993 -3.1428164761 0.2276252244
-0.3272231446 -3.1427580014 0.2137390853
-0.3265154884 -3.1427099108 0.1986456664
-0.3251080751 -3.1426710641 0.1823395303
-0.3230899615 -3.1426396122 0.1648128737
-0.3205700384 -3.1426133278 0.1460636419
-0.3176344575 -3.1425905171 0.1261071154
-0.3143097507 -3.1425708243 0.1049879269
-0.3105610364 -3.1425552926 0.0827862979
-0.306302459 -3.1425461593 0.0596197005
-0.3014337613 -3.1425460953 0.0356394905
-0.2958897949 -3.142557152 0.011020289
-0.2896836037 -3.1425798228 -0.014054642
-0.2829203727 -3.1426127005 -0.0394072281
-0.2757806025 -3.1426527931 -0.0648714227
-0.26846459 -3.1426966862 -0.0902856252
-0.2611525505 -3.1427413861 -0.1154855124
-0.2539581861 -3.1427853033 -0.1402951614
-0.2469149381 -3.1428285272 -0.1645284026
-0.2399935888 -3.1428724246 -0.1879990271
-0.2331408237 -3.1429187946 -0.2105351809
-0.2263210131 -3.1429689572 -0.2319935034
-0.2195442163 -3.143023137 -0.2522702418
-0.212863138 -3.1430805164 -0.2713033654
-0.2063592268 -3.1431395369 -0.289068136
-0.2001504829 -3.1431977213 -0.305582184
-0.1942998784 -3.1432536895 -0.320868184
-0.1888953297 -3.143305432 -0.3349788745
-0.1839270321 -3.143353013 -0.3479469642
-0.179425691 -3.1433955512 -0.3598339385
-0.1753305895 -3.1434341348 -0.3706761088
-0.1715457956 -3.1434705912 -0.3805042202
-0.1681429128 -3.1435030248 -0.3894240333
-0.164982679 -3.1435342397 -0.3974434966
-0.1619350651 -3.1435668273 -0.4045767596
-0.1589920068 -3.1436006639 -0.4108946936
-0.1562308603 -3.1436337147 -0.4165064296
-0.1536623764 -3.1436654531 -0.4214867055
-0.1512895263 -3.1436955388 -0.425902996
-0.149110337 -3.143723759 -0.4298164325
-0.1564409567 -3.2984462382 -0.4008545695
-0.1563346787 -3.2984375 -0.4046065971
-0.156656278 -3.2984546134 -0.396663167
-0.1570182376 -3.2984622028 -0.391989733
-0.1575743805 -3.2984684457 -0.3867897903
-0.1583842583 -3.2984726126 -0.3810176165
-0.1595260042 -3.2984737068 -0.3746276251
-0.1611853265 -3.2984691514 -0.3675876717
-0.1633999341 -3.298458553 -0.359843649
-0.1660414245 -3.2984439666 -0.3513180211
-0.1689993858 -3.2984271607 -0.3419434904
-0.1724622423 -3.2984055071 -0.3316923242
-0.1762414587 -3.298382043 -0.3204432853
-0.1803058246 -3.2983573927 -0.3081319658
-0.1845911412 -3.2983326549 -0.2946934609
-0.188995504 -3.298309472 -0.2800620006
-0.193472072 -3.2982885849 -0.2642125428
-0.1979656538 -3.2982708178 -0.2471330871
-0.2024695613 -3.2982561972 -0.2288491925
-0.2070114621 -3.2982441788 -0.2094146902
-0.2116262897 -3.2982340465 -0.1889081126
-0.2163581085 -3.2982248817 -0.1674340778
-0.2212341263 -3.2982159525 -0.1451173632
-0.2262401345 -3.2982070827 -0.1220969069
-0.2313155141 -3.2981987334 -0.09852244860000001
-0.2363667758 -3.298191808 -0.074553827
-0.2412809445 -3.2981874674 -0.0503595486
-0.2459554734 -3.2981866955 -0.0261178965
-0.2503220884 -3.298189962 -0.0020152895
-0.2543552346 -3.2981971175 0.0217595586
-0.2580691239 -3.298207457 0.0450235089
-0.2615014039 -3.2982199771 0.0676072105
-0.2646874562 -3.2982337688 0.08936403029999999
-0.2676450748 -3.2982482484 0.1101738615
-0.2703634443 -3.2982633222 0.1299457337
-0.2728093034 -3.2982792947 0.1486165535
-0.2749309961 -3.2982968052 0.1661488197
-0.2766859571 -3.2983164156 0.1825248558
-0.278045462 -3.2983385348 0.1977433515
-0.279013553 -3.2983631361 0.2118157856
-0.279625636 -3.2983897744 0.2247651433
-0.279945891 -3.298417623 0.2366259697
-0.2800589527 -3.2984455924 0.2474439338
-0.2800623889 -3.2984724339 0.2572742332
-0.2800543461 -3.2984969064 0.2661787409
-0.2801331971 -3.2985177765 0.2742216958
-0.2803934798 -3.2985338519 0.2814640963
-0.2809296533 -3.2985439177 0.2879567013
-0.2818534722 -3.2985464382 0.293724618
-0.2832973447 -3.2985394349 0.2987392026
-0.2853986643 -3.2985206003 0.3028776607
-0.2883213439 -3.2984865939 0.3057787905
-0.2918859382 -3.2984375 0.3065321216
-0.2951522053 -3.2983855887 0.3046904004
-0.2978448782 -3.2983379774 0.3014114717
-0.3003330939 -3.2982911779 0.2973566881
-0.3028060239 -3.2982428 0.2926446713
-0.3053256191 -3.2981919175 0.2872619518
-0.3078903352 -3.2981384015 0.2811531706
-0.3104564847 -3.2980826748 0.2742437276
-0.3129429943 -3.2980256725 0.2664502166
-0.3152367984 -3.2979687864 0.2576881722
-0.3172013497 -3.2979137755 0.2478843667
-0.3186905854 -3.2978625803 0.2369817563
-0.3195813036 -3.2978168764 0.2249466681
-0.3197910731 -3.2977778018 0.2117625678
-0.3193020928 -3.2977455944 0.1974231443
-0.3181654904 -3.297719508 0.1819237186
-0.3164646227 -3.2976983288 0.1652579937
-0.3143005309 -3.2976806059 0.147425567
-0.3117515351 -3.297665259 0.1284424049
-0.308839068 -3.2976520986 0.1083517292
-0.3055263078 -3.2976418622 0.08722994589999999
-0.3017300203 -3.2976360479 0.065187896
-0.2973533717 -3.297636436 0.0423688771
-0.2923383837 -3.2976443085 0.0189369065
-0.2867016062 -3.2976599007 -0.0049350804
-0.2805482931 -3.2976821621 -0.0290788435
-0.2740539894 -3.2977090053 -0.0533365956
-0.2674103705 -3.2977381025 -0.0775537223
-0.2607863822 -3.2977674617 -0.1015720884
-0.2542840642 -3.297796082 -0.1252222917
-0.247926533 -3.2978241204 -0.1483255978
-0.2416769634 -3.2978525924 -0.1707039949
-0.2354771184 -3.297882782 -0.192193661
-0.2292885408 -3.2979156142 -0.2126580904
-0.2231194585 -3.2979512415 -0.2319984379
-0.2170210429 -3.2979890914 -0.2501555377
-0.2110725078 -3.2980280925 -0.2671054266
-0.2053900974 -3.2980665317 -0.2828646718
-0.2000336521 -3.2981034932 -0.2974539351
-0.1950885683 -3.2981376167 -0.3109226135
-0.1905428664 -3.2981689917 -0.3233008127
-0.1864267512 -3.2981970254 -0.3346467525
-0.1826784562 -3.2982225129 -0.3449938273
-0.1792018482 -3.298246755 -0.3543707313
-0.1760727257 -3.2982683825 -0.3628806289
-0.173152281 -3.2982893775 -0.3705268395
-0.1703142739 -3.2983115193 -0.3773211521
-0.167557355 -3.298334636 -0.3833340159
-0.1649606954 -3.2983572999 -0.3886713893
-0.1625373541 -3.2983791272 -0.3934053716
-0.16029254 -3.2983998651 -0.3976009993
-0.1582262696 -3.2984193525 -0.4013170824
-0.1692586085 -3.4531507363 -0.3830707202
-0.1691868185 -3.453125 -0.3866766395
-0.1694271289 -3.4531755076 -0.3790402492
-0.1697264659 -3.4531981079 -0.3745433695
-0.170199791 -3.4532169358 -0.3695362404
-0.1709012448 -3.4532299054 -0.3639735413
-0.1719023442 -3.453234147 -0.3578096679
-0.1733668244 -3.4532225421 -0.3510083111
-0.1753327238 -3.4531937883 -0.3435173957
-0.1776935312 -3.4531532611 -0.335267831
-0.1803650602 -3.4531052459 -0.3262004715
-0.1835174415 -3.4530422975 -0.3162837015
-0.1869773131 -3.45297314 -0.3054082469
-0.190727502 -3.4528990073 -0.2935172739
-0.1946975778 -3.4528236082 -0.2805459139
-0.1987946572 -3.4527516314 -0.2664338077
-0.2029596748 -3.4526859786 -0.2511524777
-0.2071327214 -3.4526294667 -0.2346887855
-0.2112913239 -3.452582948 -0.2170631934
-0.2154527627 -3.4525452396 -0.1983255731
-0.2196470345 -3.4525143841 -0.178550564
-0.2239198301 -3.4524875017 -0.1578391447
-0.228310185 -3.4524618448 -0.1363134624
-0.2328212684 -3.4524361698 -0.1141103318
-0.2374110181 -3.4524111936 -0.091377376
-0.2419982397 -3.4523893357 -0.0682707431
-0.2464732993 -3.452374251 -0.044952987
-0.2507264616 -3.4523695409 -0.0215938607
-0.2546763437 -3.4523774683 0.0016299849
-0.2582837816 -3.4523983644 0.0245392628
-0.2615546356 -3.4524305551 0.0469587172
-0.2645289728 -3.4524709137 0.0687249526
-0.267253307 -3.4525161909 0.0896955834
-0.2697620695 -3.4525638852 0.1097532491
-0.2720612829 -3.4526130056 0.1288085769
-0.2741282629 -3.4526640803 0.1467995334
-0.27591607 -3.4527189372 0.1636892633
-0.2773765398 -3.4527796217 0.1794610699
-0.278472793 -3.452847797 0.194114224
-0.279196369 -3.4529239396 0.2076604087
-0.2795734747 -3.4530070409 0.2201216733
-0.2796622232 -3.453094738 0.2315312605
-0.2795469589 -3.4531835703 0.2419334749
-0.279328052 -3.4532694346 0.2513829746
-0.279111658 -3.4533480254 0.2599417789
-0.2790059342 -3.4534149702 0.2676747724
-0.2791191212 -3.4534658571 0.2746425651
-0.2795684804 -3.4534957493 0.280891032
-0.2804915662 -3.4534984907 0.2864287703
-0.2820501245 -3.4534661275 0.2911769106
-0.2843389246 -3.4533928331 0.2949440872
-0.2873477419 -3.453276511 0.2974121484
-0.2907975253 -3.453125 0.2979853665
-0.2939302958 -3.4529691057 0.2962286138
-0.2965047951 -3.4528272627 0.2930769017
-0.2988865625 -3.4526881821 0.289183811
-0.3012545674 -3.4525446559 0.2846602329
-0.3036678443 -3.4523939083 0.2794931851
-0.3061252197 -3.4522355664 0.2736296644
-0.3085847013 -3.4520709518 0.2669976971
-0.3109724263 -3.4519027741 0.2595184807
-0.3131841881 -3.4517351003 0.2511112913
-0.3150961652 -3.4515729709 0.24170609
-0.3165771237 -3.451421876 0.231247014
-0.3175180446 -3.4512864723 0.2196995916
-0.3178471472 -3.4511698482 0.2070439077
-0.3175512728 -3.4510725317 0.1932715623
-0.3166762049 -3.4509923977 0.1783759381
-0.3152950712 -3.4509260896 0.1623511629
-0.3134939222 -3.4508697245 0.1451986737
-0.3113339282 -3.4508206771 0.126936263
-0.308823491 -3.4507789158 0.1076073181
-0.3059181016 -3.4507470536 0.08728630549999999
-0.3025352567 -3.4507296774 0.0660794266
-0.2985870192 -3.450731862 0.0441228897
-0.294028281 -3.4507568947 0.0215716696
-0.2888897412 -3.4508046941 -0.0014115477
-0.2832860538 -3.4508713457 -0.024668242
-0.2773934763 -3.4509500833 -0.0480478583
-0.271396264 -3.4510337748 -0.0714003319
-0.2654484197 -3.4511167027 -0.0945699009
-0.2596328869 -3.4511964587 -0.1173891853
-0.2539535623 -3.4512742779 -0.1396825654
-0.2483587988 -3.4513538908 -0.1612767302
-0.2427815976 -3.4514396021 -0.1820133202
-0.2371809563 -3.4515343225 -0.2017610834
-0.2315670436 -3.4516383509 -0.2204255866
-0.2259946104 -3.4517496606 -0.2379507302
-0.2205456486 -3.4518647217 -0.254314047
-0.2153383351 -3.451978056 -0.2695317323
-0.2104304898 -3.452086894 -0.2836227795
-0.2059048985 -3.4521871186 -0.296633314
-0.2017426751 -3.4522793717 -0.308589786
-0.1979729671 -3.4523618877 -0.3195477538
-0.1945269049 -3.4524375506 -0.329536146
-0.191300197 -3.4525108779 -0.3385800979
-0.1883827085 -3.4525769455 -0.3467862864
-0.185627022 -3.4526424935 -0.3541461468
-0.1829074822 -3.4527131594 -0.3606657562
-0.1802380267 -3.4527877069 -0.3664204647
-0.1777052063 -3.4528613509 -0.3715183165
-0.1753270632 -3.4529326959 -0.3760313506
-0.1731130899 -3.4530007919 -0.3800242936
-0.1710667251 -3.4530650156 -0.3835553406
-0.1804867836 -3.607819791 -0.3635396376
-0.1804449796 -3.6078125 -0.3669937264
-0.1806136032 -3.6078268354 -0.3596767007
-0.1808560935 -3.6078333016 -0.3553640029
-0.1812531401 -3.6078387488 -0.3505585087
-0.1818535707 -3.6078426021 -0.3452154955
-0.1827218905 -3.6078440713 -0.3392895133
-0.1840019731 -3.6078412528 -0.3327409571
-0.1857304405 -3.6078337535 -0.3255195636
-0.1878222008 -3.6078228921 -0.317564084
-0.1902179542 -3.6078096079 -0.3088227517
-0.1930699029 -3.607791871 -0.2992606251
-0.1962197489 -3.6077720985 -0.2887798678
-0.1996635518 -3.6077504582 -0.277330602
-0.2033253386 -3.6077281497 -0.2648485092
-0.2071210464 -3.6077064639 -0.2512784151
-0.2109804002 -3.607686446 -0.2365891337
-0.214839232 -3.6076690173 -0.2207666686
-0.2186603977 -3.6076546566 -0.2038270553
-0.2224513702 -3.6076431551 -0.1858164768
-0.226237362 -3.6076340023 -0.1668057163
-0.2300660972 -3.6076263151 -0.1468920099
-0.2339853279 -3.6076191615 -0.1261938422
-0.2380161727 -3.6076119425 -0.1048454454
-0.2421345256 -3.6076046621 -0.08299158349999999
-0.2462704239 -3.607597944 -0.0607840494
-0.2503175076 -3.6075929061 -0.0383792121
-0.2541599973 -3.6075907852 -0.0159385466
-0.2577045289 -3.6075924946 0.0063707091
-0.2608991906 -3.6075983667 0.0283784291
-0.2637424171 -3.6076080416 0.0499171686
-0.2662758475 -3.6076205843 0.0708298708
-0.2685563051 -3.6076348934 0.0909789481
-0.2706335841 -3.6076500191 0.1102504586
-0.272529403 -3.6076654613 0.1285572546
-0.2742310661 -3.6076812577 0.1458387467
-0.2756954494 -3.6076979244 0.1620588969
-0.2768721189 -3.6077161223 0.1772016994
-0.277713386 -3.6077365144 0.1912669412
-0.2782009577 -3.6077593789 0.2042659493
-0.2783520844 -3.6077845249 0.2162196578
-0.2782190115 -3.6078113007 0.2271598392
-0.2778854069 -3.6078386444 0.2371294679
-0.2774540984 -3.6078652538 0.2461823405
-0.2770381511 -3.6078897032 0.2543808052
-0.2767528058 -3.6079105454 0.2617903917
-0.2767227074 -3.607926188 0.2684714736
-0.2770811447 -3.6079348801 0.2744660083
-0.2779906495 -3.607934356 0.2797683795
-0.2796413104 -3.6079216976 0.2842546685
-0.2820889257 -3.6078955548 0.2876715493
-0.2851632581 -3.6078576495 0.2897378946
-0.28848804 -3.6078125 0.2901464615
-0.2914763596 -3.607767283 0.2884780873
-0.2939256293 -3.6077264586 0.285459091
-0.2961949979 -3.6076865147 0.2817321467
-0.2984542296 -3.6076453343 0.2774009296
-0.3007592509 -3.6076021153 0.2724535418
-0.3031085685 -3.6075567637 0.2668396223
-0.305462706 -3.607509671 0.2604908781
-0.3077532702 -3.6074616143 0.2533324122
-0.3098848585 -3.6074137415 0.2452877281
-0.3117456504 -3.6073674505 0.2362901905
-0.3132184842 -3.6073242411 0.2262854727
-0.3142073725 -3.6072853633 0.2152383203
-0.3146514935 -3.6072516104 0.2031271135
-0.3145410397 -3.6072230925 0.1899404385
-0.3139170142 -3.6071992228 0.1756702125
-0.3128428418 -3.6071791096 0.1603107957
-0.3113905082 -3.6071617619 0.1438650332
-0.3096052016 -3.6071465971 0.1263519678
-0.30748343 -3.6071337619 0.1078146258
-0.3049733531 -3.6071241392 0.0883252035
-0.3019943946 -3.6071190766 0.0679849018
-0.2984661018 -3.6071199838 0.0469231042
-0.2943555998 -3.6071276493 0.0252859556
-0.289706261 -3.60714182 0.003226399
-0.2846408001 -3.607161135 -0.0191063001
-0.2793353439 -3.6071834801 -0.0415686496
-0.2739665604 -3.6072067379 -0.0640153763
-0.2686740648 -3.6072293213 -0.0862937589
-0.2635229443 -3.6072507032 -0.1082393972
-0.2584993961 -3.607271466 -0.1296807831
-0.2535383185 -3.6072928945 -0.1504501229
-0.248564829 -3.607316374 -0.1703950705
-0.2435355094 -3.6073427929 -0.1893898429
-0.238462363 -3.6073721896 -0.2073445243
-0.2334028398 -3.6074038893 -0.2242057803
-0.2284411592 -3.607436773 -0.2399524612
-0.2236968276 -3.6074691486 -0.2546001341
-0.2192256432 -3.6075002033 -0.2681661555
-0.215107779 -3.6075287282 -0.280693412
-0.2113177446 -3.6075550246 -0.2922049522
-0.2078852475 -3.6075785579 -0.3027541914
-0.2047337009 -3.6076003351 -0.3123655904
-0.2017526015 -3.6076218365 -0.321061521
-0.199044256 -3.607641396 -0.3289508694
-0.1964538289 -3.6076612029 -0.3360146611
-0.1938568373 -3.6076829802 -0.3422539238
-0.1912814151 -3.6077061574 -0.347747792
-0.1888202698 -3.6077292009 -0.3526053067
-0.1864959387 -3.6077516355 -0.3568979663
-0.1843217809 -3.6077731301 -0.3606897789
-0.1823043481 -3.6077934632 -0.364038007
-0.1896860019 -3.7625118441 -0.3418152277
-0.1896725591 -3.7625 -0.3451058407
-0.189773045 -3.7625233356 -0.3381331559
-0.1899609723 -3.7625339539 -0.3340199103
-0.1902844545 -3.7625430057 -0.3294335525
-0.1907870928 -3.7625495862 -0.3243302946
-0.1915264713 -3.7625524527 -0.3186652419
-0.1926273309 -3.7625487086 -0.312396392
-0.1941246169 -3.7625376775 -0.3054754633
-0.1959534097 -3.7625211475 -0.2978483689
-0.1980778674 -3.7625001622 -0.2894699574
-0.2006316434 -3.7624715906 -0.2803026366
-0.2034724732 -3.7624392346 -0.2702596061
-0.2066082262 -3.7624030625 -0.2592973174
-0.2099584382 -3.7623652769 -0.2473526379
-0.213447683 -3.7623279094 -0.2343753696
-0.2169957543 -3.7622930449 -0.2203324487
-0.2205363683 -3.7622623576 -0.2052095428
-0.2240178679 -3.7622370687 -0.1890187589
-0.2274392682 -3.7622170436 -0.1718029002
-0.2308212423 -3.7622015291 -0.1536288207
-0.2342126245 -3.7621889865 -0.1345894776
-0.2376699021 -3.7621776107 -0.1147991084
-0.2412296758 -3.7621660231 -0.09438804069999999
-0.2448835414 -3.7621539093 -0.07349685
-0.248573267 -3.762142151 -0.052272256
-0.2521964694 -3.7621326996 -0.0308639559
-0.255632633 -3.7621279383 -0.009425004900000001
-0.2587783005 -3.7621298146 0.0118867089
-0.261570353 -3.7621392783 0.0329102435
-0.2640010731 -3.7621559286 0.0534862162
-0.2661118762 -3.7621781979 0.0734648046
-0.2679693576 -3.7622039674 0.0927138317
-0.269636911 -3.7622312805 0.1111238541
-0.2711501423 -3.7622589546 0.1286107585
-0.2725053945 -3.7622868618 0.1451159375
-0.2736644507 -3.7623158078 0.1606043489
-0.2745723802 -3.7623470802 0.1750607077
-0.2751760169 -3.7623819793 0.1884847943
-0.2754457159 -3.7624212712 0.200887461
-0.2753913871 -3.7624647848 0.212288168
-0.2750593118 -3.7625115004 0.2227171798
-0.2745319368 -3.7625595538 0.2322159887
-0.2739134316 -3.7626065922 0.2408375085
-0.2733218097 -3.7626499573 0.2486442799
-0.2728787786 -3.7626869157 0.2557021128
-0.2727204937 -3.7627143581 0.2620713084
-0.272996021 -3.7627287792 0.2677905008
-0.2738889196 -3.7627256212 0.2728418959
-0.275614758 -3.7626990048 0.2770623713
-0.2781955592 -3.7626472478 0.2801427377
-0.2813156643 -3.7625771589 0.2818347567
-0.2845078334 -3.7625 0.2820913254
-0.287345362 -3.7624247423 0.2805158472
-0.2896628508 -3.7623573987 0.2776400669
-0.2918132881 -3.7622916557 0.2740921347
-0.2939567213 -3.7622239509 0.2699679581
-0.2961459465 -3.7621529529 0.2652568264
-0.2983791902 -3.7620785297 0.259911208
-0.3006195173 -3.7620013467 0.2538666547
-0.3028040284 -3.7619226814 0.2470523946
-0.3048460266 -3.7618443886 0.239396386
-0.3066454456 -3.7617686842 0.2308356921
-0.3080987479 -3.7616979079 0.2213178741
-0.3091235634 -3.7616339432 0.2108077321
-0.309667391 -3.7615779917 0.1992819555
-0.3097256593 -3.7615301121 0.1867269044
-0.3093341823 -3.7614893939 0.1731330896
-0.3085471259 -3.7614544913 0.1584949847
-0.3074231195 -3.761423984 0.1428164585
-0.3059924293 -3.7613972047 0.1261172378
-0.3042410238 -3.7613746526 0.108439399
-0.3021101695 -3.7613580218 0.08985236269999999
-0.2995214098 -3.7613495873 0.07045210239999999
-0.2964026402 -3.7613515652 0.0503607983
-0.2927317666 -3.761365005 0.0297158188
-0.2885637291 -3.7613890918 0.008660517499999999
-0.2840276667 -3.761421184 -0.0126650011
-0.2792983204 -3.7614575095 -0.0341245026
-0.2745441176 -3.7614944646 -0.0555780972
-0.2698904143 -3.761529532 -0.0768770983
-0.2653854498 -3.761562124 -0.0978613398
-0.2609992829 -3.7615935883 -0.1183647011
-0.2566549703 -3.7616264042 -0.1382259883
-0.2522709737 -3.7616631055 -0.1572996779
-0.2478021134 -3.761705241 -0.1754660159
-0.2432617106 -3.7617528006 -0.192639634
-0.2387095949 -3.7618045067 -0.2087701236
-0.2342313299 -3.7618583395 -0.2238374975
-0.2299467745 -3.7619113113 -0.2378564925
-0.2259094199 -3.7619620551 -0.2508428373
-0.2221962472 -3.762008541 -0.262836103
-0.2187767478 -3.7620514397 -0.2738565131
-0.2156791669 -3.7620898742 -0.2839545633
-0.2128216975 -3.7621257687 -0.2931511652
-0.210088423 -3.7621618866 -0.3014660992
-0.2075925052 -3.7621950526 -0.3090091094
-0.2051731334 -3.7622293055 -0.315752213
-0.2027075655 -3.7622676615 -0.3216919202
-0.2002368141 -3.7623088149 -0.3269098815
-0.1978587776 -3.7623499669 -0.3315150502
-0.1956000291 -3.7623902069 -0.3355778029
-0.1934774343 -3.7624288897 -0.3391609397
-0.1915003959 -3.7624655785 -0.3423203922
-0.1996669156 -3.9171976032 -0.3250866398
-0.1996858212 -3.9171875 -0.3282289104
-0.1997109389 -3.91720746 -0.3215689608
-0.1998422148 -3.917216647 -0.3176373473
-0.2000917325 -3.917224599 -0.3132509864
-0.200498548 -3.9172305771 -0.3083671015
-0.2011142433 -3.9172335673 -0.3029415159
-0.2020469083 -3.9172312944 -0.2969306265
-0.2033302606 -3.9172231493 -0.2902881012
-0.2049171082 -3.9172103324 -0.2829657584
-0.2067918145 -3.9171933151 -0.2749236325
-0.2090734154 -3.9171695643 -0.2661224684
-0.211632002 -3.917142215 -0.2564848747
-0.2144864599 -3.9171109632 -0.2459727585
-0.2175520124 -3.91707789 -0.2345242212
-0.2207613529 -3.9170446366 -0.2220935125
-0.2240233806 -3.917013343 -0.2086457359
-0.2272715034 -3.9169855363 -0.1941669008
-0.2304406014 -3.9169626421 -0.1786657991
-0.2335222423 -3.9169447252 -0.1621824579
-0.2365332596 -3.916931215 -0.1447802847
-0.2395237288 -3.9169207207 -0.126548273
-0.2425584427 -3.9169114586 -0.1075965365
-0.2456870208 -3.9169019319 -0.0880512151
-0.2489159653 -3.9168915764 -0.0680487515
-0.2521971019 -3.9168810286 -0.0477308764
-0.2554314558 -3.916872053 -0.0272411475
-0.2584942331 -3.9168669838 -0.0067251666
-0.2612729751 -3.9168678674 0.0136673245
-0.2636946119 -3.9168758617 0.0337833586
-0.2657462026 -3.9168907868 0.0534707563
-0.2674700486 -3.9169112579 0.07258618360000001
-0.2689411998 -3.9169352107 0.0910029098
-0.2702353716 -3.9169606334 0.1086159463
-0.2714007539 -3.9169862018 0.1253443797
-0.2724417787 -3.9170116426 0.1411316608
-0.2733241583 -3.9170376155 0.1559437846
-0.2739895487 -3.9170653758 0.1697659584
-0.2743785448 -3.9170962472 0.1825978113
-0.2744529333 -3.9171311122 0.1944492585
-0.2742141496 -3.917169997 0.2053389489
-0.2737048346 -3.9172120372 0.2152950832
-0.2730059137 -3.9172555533 0.2243581422
-0.2722238387 -3.9172983328 0.2325805502
-0.271477937 -3.9173379088 0.2400248582
-0.2708989354 -3.9173715708 0.2467578185
-0.2706326361 -3.9173962543 0.2528398651
-0.2708427141 -3.9174084203 0.2583069916
-0.2717326767 -3.9174034431 0.2631307115
-0.2735431613 -3.9173753444 0.2671123283
-0.2762669645 -3.9173231721 0.2698906271
-0.2794565186 -3.9172562147 0.2712406912
-0.2825542201 -3.9171875 0.2713547767
-0.2852765527 -3.9171221938 0.2698585763
-0.2874946322 -3.9170642666 0.2671085279
-0.2895548777 -3.9170078986 0.2637222285
-0.2916072014 -3.9169500151 0.2597873414
-0.2937022139 -3.9168894554 0.2552931775
-0.2958387037 -3.9168261057 0.250193976
-0.2979825726 -3.9167605379 0.2444285265
-0.3000762752 -3.9166938286 0.2379297598
-0.3020411652 -3.9166275221 0.2306297876
-0.3037879481 -3.9165634265 0.2224692434
-0.3052262026 -3.9165034036 0.2133981378
-0.3062839482 -3.9164489477 0.203380328
-0.3069187121 -3.9164009328 0.1923923322
-0.3071299784 -3.9163593219 0.1804184541
-0.3069491354 -3.9163233819 0.1674478021
-0.3064220237 -3.9162920736 0.153474812
-0.3055951217 -3.9162643747 0.1385040423
-0.3044850015 -3.9162399776 0.1225555328
-0.3030671159 -3.9162195563 0.1056703295
-0.30127826 -3.916204725 0.0879149053
-0.2990399755 -3.9161975148 0.06938066349999999
-0.2962875019 -3.9161997265 0.0501832965
-0.2930107631 -3.9162119835 0.0304525211
-0.2892737758 -3.9162332745 0.0103231064
-0.2852126604 -3.9162609706 -0.010072959
-0.2810013347 -3.9162915934 -0.0306060273
-0.2768009152 -3.9163219662 -0.0511412273
-0.2727238444 -3.9163500277 -0.0715338306
-0.2688026749 -3.9163755329 -0.091627853
-0.2649924516 -3.9163999801 -0.1112624625
-0.2612051351 -3.9164258096 -0.1302827876
-0.2573529882 -3.9164554066 -0.148549729
-0.2533892947 -3.9164901646 -0.1659491119
-0.2493288192 -3.9165300047 -0.1823997068
-0.2452338778 -3.9165736848 -0.1978537257
-0.2411915735 -3.916619321 -0.2122922106
-0.2373223286 -3.9166641852 -0.2257291117
-0.2336774649 -3.9167070891 -0.2381786809
-0.230331422 -3.9167462599 -0.2496776093
-0.2272474146 -3.9167824642 -0.2602432106
-0.2244534558 -3.9168149291 -0.2699236611
-0.2218621804 -3.9168455482 -0.2787366171
-0.2193517702 -3.9168769839 -0.286699505
-0.2170462926 -3.9169061298 -0.2939227118
-0.2147785571 -3.9169368252 -0.3003701063
-0.212426586 -3.9169718135 -0.3060339636
-0.2100435278 -3.9170096516 -0.3109979803
-0.2077329477 -3.9170476949 -0.3153710241
-0.2055254521 -3.9170850473 -0.3192224044
-0.203441359 -3.9171210658 -0.3226137758
-0.2014928563 -3.91715531 -0.325599819
-0.2082827191 -4.0718837014 -0.3049079702
-0.2085109767 -4.071875 -0.3078768406
-0.208104738 -4.0718923258 -0.3015813528
-0.2080034455 -4.071900559 -0.2978594376
-0.2080130336 -4.0719079791 -0.2937022002
-0.2081771749 -4.071914031 -0.2890673812
-0.2085529027 -4.0719179693 -0.2839109041
-0.2092662263 -4.0719180585 -0.2781842836
-0.2103669111 -4.0719136621 -0.2718416577
-0.2117890637 -4.0719057983 -0.2648473387
-0.2134825025 -4.0718952371 -0.2571773507
-0.2155915904 -4.0718799622 -0.2487915253
-0.2179695822 -4.0718622415 -0.2396106296
-0.2206135827 -4.07184219 -0.2295943864
-0.223450354 -4.0718209715 -0.218685691
-0.2263999454 -4.0717998293 -0.2068370286
-0.2293826247 -4.0717799717 -0.1940185434
-0.2323341817 -4.0717623509 -0.1802175604
-0.235203756 -4.0717476815 -0.1654458662
-0.2379905655 -4.0717359034 -0.1497426842
-0.2407153054 -4.0717266068 -0.133168796
-0.2434256581 -4.071718949 -0.1158080881
-0.2461748404 -4.0717119736 -0.09776300139999999
-0.2489973248 -4.0717049689 -0.0791506238
-0.2518842292 -4.0716978325 -0.0600979651
-0.2547803743 -4.0716911196 -0.0407388577
-0.2575911086 -4.071685949 -0.0212113181
-0.2602076029 -4.0716836374 -0.0016573605
-0.2625403865 -4.0716852134 0.0177765987
-0.2645395854 -4.0716911291 0.036942213
-0.2662087838 -4.0717010674 0.0556936527
-0.2675960352 -4.071714086 0.0738951954
-0.2687715191 -4.071728953 0.0914277787
-0.2697993396 -4.0717445621 0.108193216
-0.2707154283 -4.0717602558 0.1241158475
-0.2715170618 -4.0717759765 0.1391423687
-0.2721692022 -4.0717921718 0.153240049
-0.272619808 -4.0718095672 0.1663937461
-0.2728204548 -4.071828861 0.1786020155
-0.2727443204 -4.0718504578 0.1898739244
-0.272400954 -4.0718742527 0.2002278286
-0.2718359048 -4.0718996381 0.2096920645
-0.2711264394 -4.0719255686 0.2183066158
-0.2703713465 -4.0719507068 0.226122301
-0.2696785293 -4.0719735993 0.2331985407
-0.269163756 -4.0719926843 0.2395977897
-0.2689554007 -4.0720062059 0.2453761672
-0.2691971334 -4.0720121463 0.2505672523
-0.2700659729 -4.0720079012 0.2551477941
-0.2717720606 -4.0719901174 0.2589460892
-0.2743184628 -4.0719581632 0.2616390528
-0.2773195928 -4.0719172077 0.2630007804
-0.2802564251 -4.071875 0.2631620393
-0.2827538078 -4.0718361179 0.261654596
-0.2847785169 -4.0718019855 0.2589973529
-0.2866920767 -4.0717684104 0.2557619193
-0.288627263 -4.071733599 0.2520187538
-0.2906252568 -4.0716969281 0.2477527877
-0.2926823085 -4.0716583694 0.2429185997
-0.2947652336 -4.0716182947 0.2374565764
-0.2968196134 -4.0715773728 0.2313014485
-0.2987712284 -4.0715365576 0.2243871156
-0.3005355999 -4.0714969649 0.2166548019
-0.3020266619 -4.0714597498 0.2080547713
-0.303174855 -4.0714258533 0.1985509855
-0.3039368583 -4.0713958586 0.188119327
-0.304309155 -4.071369789 0.1767446629
-0.3043170459 -4.0713472602 0.1644170019
-0.3040030225 -4.0713276498 0.1511321951
-0.3034086834 -4.0713103654 0.1368955538
-0.3025494433 -4.0712952195 0.1217266655
-0.3014036059 -4.0712825968 0.1056643622
-0.2999135954 -4.0712734435 0.08877089859999999
-0.2980078655 -4.0712689508 0.0711318514
-0.2956278226 -4.0712701639 0.0528557318
-0.292764924 -4.0712774291 0.034064986
-0.2894797321 -4.0712901032 0.0148879789
-0.2858985685 -4.0713065892 -0.0045482383
-0.2821813407 -4.0713248021 -0.0241176906
-0.2784751634 -4.0713428511 -0.0436893265
-0.2748802296 -4.0713595407 -0.06312322670000001
-0.27142155 -4.0713747805 -0.0822700066
-0.2680527542 -4.0713895191 -0.1009770797
-0.2646884579 -4.0714052577 -0.1190983096
-0.2612460646 -4.0714234295 -0.1365028858
-0.2576833673 -4.0714448407 -0.1530834397
-0.2540171174 -4.0714693879 -0.1687633768
-0.2503090036 -4.071496261 -0.1834973396
-0.2466432169 -4.0715242752 -0.1972668354
-0.2431350713 -4.0715517396 -0.2100839737
-0.2398324004 -4.0715779391 -0.2219613799
-0.2368051153 -4.071601801 -0.2329326215
-0.2340153351 -4.0716238442 -0.2430137216
-0.2314898779 -4.0716435981 -0.2522500794
-0.2291423772 -4.0716622822 -0.2606583909
-0.2268545826 -4.0716815761 -0.2682561617
-0.224749134 -4.0716995138 -0.2751484201
-0.2226634298 -4.071718513 -0.2812997741
-0.2204808503 -4.0717402744 -0.2867029559
-0.2182566126 -4.0717638523 -0.2914386819
-0.2160921328 -4.0717875906 -0.2956105918
-0.2140183193 -4.0718109217 -0.2992847969
-0.2120560145 -4.071833437 -0.3025201268
-0.2102180401 -4.0718548562 -0.3053687555
-0.2121561313 -4.2265473572 -0.2858549539
-0.2126402923 -4.2265625 -0.2886737755
-0.2117100072 -4.2265321956 -0.282692744
-0.2113321003 -4.2265175038 -0.2791500906
-0.2110620633 -4.2265039429 -0.2751872087
-0.2109511577 -4.226492387 -0.2707617285
-0.2110659414 -4.2264839933 -0.2658289988
-0.2115602119 -4.2264815386 -0.2603341458
-0.2125054821 -4.226486269 -0.2542306423
-0.2138059445 -4.2264963349 -0.2474966618
-0.2153636209 -4.2265098825 -0.2401271857
-0.2173587238 -4.2265302136 -0.2320803644
-0.2196186692 -4.2265538991 -0.2232717768
-0.2221098726 -4.2265802136 -0.2136571316
-0.2247739305 -4.2266079444 -0.2031840588
-0.2275116738 -4.2266351161 -0.1918015067
-0.2302603598 -4.2266604964 -0.1794856934
-0.2329577072 -4.2266828892 -0.1662256159
-0.2355747045 -4.2267017816 -0.1520370734
-0.2381224011 -4.2267174655 -0.1369593371
-0.2406278461 -4.226730576 -0.1210513504
-0.2431360066 -4.2267421297 -0.1043926183
-0.2456842581 -4.226753036 -0.0870785655
-0.2482833553 -4.2267637284 -0.06921758510000001
-0.2509011567 -4.2267738573 -0.0509278692
-0.2534703696 -4.2267824267 -0.0323363248
-0.2558994052 -4.2267879995 -0.0135769177
-0.2580994945 -4.226789205 0.0052098746
-0.2600116881 -4.2267852436 0.0238788045
-0.2616172943 -4.2267760742 0.0422843002
-0.2629426882 -4.2267624945 0.0602855244
-0.2640433229 -4.2267458244 0.0777532967
-0.2649816132 -4.2267274796 0.0945752879
-0.2658042043 -4.2267085363 0.1106592436
-0.2665283385 -4.2266894719 0.1259340381
-0.2671398189 -4.2266701275 0.1403491002
-0.2676013669 -4.2266498695 0.1538726783
-0.2678683076 -4.2266278902 0.1664890607
-0.2679076665 -4.226603574 0.1781959332
-0.2677093569 -4.2265767113 0.189001975
-0.2672948946 -4.2265476665 0.1989261076
-0.2667154611 -4.2265173402 0.2079976413
-0.2660448341 -4.2264870354 0.2162566532
-0.2653725196 -4.226458332 0.2237523878
-0.2647932175 -4.2264328926 0.2305407213
-0.2644025407 -4.2264123966 0.2366785558
-0.2643060132 -4.2263987222 0.2422165872
-0.2646199632 -4.2263939937 0.2471857121
-0.2654848351 -4.226400889 0.2515707955
-0.2670671381 -4.2264228237 0.2552407004
-0.2693902113 -4.2264608042 0.2579307504
-0.2721790097 -4.2265101512 0.2594066005
-0.2749886611 -4.2265625 0.2596623956
-0.2772868517 -4.2266091225 0.2580968115
-0.2791388707 -4.2266495778 0.2554881986
-0.2809308059 -4.2266900088 0.2523618062
-0.2827771295 -4.2267324602 0.2487692411
-0.2847082683 -4.2267775533 0.244687907
-0.2867184149 -4.2268252793 0.2400711781
-0.2887751915 -4.2268751546 0.2348598496
-0.2908263678 -4.2269263354 0.2289889289
-0.2928004219 -4.2269776164 0.2223927701
-0.2946152554 -4.2270275792 0.2150118452
-0.2961860894 -4.2270747357 0.2067958218
-0.297442067 -4.2271178304 0.1977081306
-0.2983365579 -4.2271560382 0.1877242887
-0.2988610382 -4.2271892292 0.1768300633
-0.299035635 -4.2272178009 0.1650168891
-0.298899493 -4.2272424958 0.1522822194
-0.2984935766 -4.2272640717 0.138632306
-0.2978357583 -4.2272828236 0.1240863571
-0.2969103105 -4.2272983765 0.1086812789
-0.2956672756 -4.2273096639 0.0924756912
-0.2940429664 -4.2273153143 0.07555020160000001
-0.2919839441 -4.227314102 0.0580073381
-0.2894801845 -4.2273055888 0.0399637092
-0.286586419 -4.2272905402 0.0215431388
-0.2834163382 -4.2272708312 0.0028696144
-0.2801145107 -4.2272489185 -0.0159328748
-0.2768143158 -4.227227038 -0.0347357686
-0.2736054038 -4.2272065863 -0.0534029554
-0.2705076482 -4.2271876303 -0.0717906784
-0.2674778849 -4.2271690446 -0.089753781
-0.2644350631 -4.2271490081 -0.1071534422
-0.2613044114 -4.2271258474 -0.1238659951
-0.2580495284 -4.2270986597 -0.1397898343
-0.2546896297 -4.2270676509 -0.1548522418
-0.2512857477 -4.2270338772 -0.1690098074
-0.2479190239 -4.226998827 -0.1822443048
-0.2446994377 -4.2269645931 -0.1945660938
-0.2416714379 -4.2269320361 -0.2059863765
-0.2389005775 -4.2269024563 -0.2165360643
-0.2363486497 -4.2268751671 -0.226230412
-0.2340410781 -4.2268507391 -0.2351124167
-0.2318933411 -4.2268276162 -0.2431985292
-0.2297913401 -4.226803689 -0.2505068289
-0.2278546741 -4.2267814221 -0.2571367594
-0.2259262601 -4.226757788 -0.2630555507
-0.2238942531 -4.2267306684 -0.2682574007
-0.2218136471 -4.2267012643 -0.2728195995
-0.2197831659 -4.226671645 -0.2768405016
-0.2178334636 -4.2266425226 -0.2803832307
-0.2159854023 -4.2266144105 -0.2835040221
-0.2142520279 -4.2265876611 -0.2862528002
-0.2147167992 -4.3812574435 -0.2688538078
-0.2154406181 -4.38125 -0.2715330175
-0.214019819 -4.3812649397 -0.2658442545
-0.2133834868 -4.3812722648 -0.2624676449
-0.2128526958 -4.3812791147 -0.2586842657
-0.2124859742 -4.3812850859 -0.2544514537
-0.2123590053 -4.3812896491 -0.2497238008
-0.2126520128 -4.3812915084 -0.2444399397
-0.213457021 -4.3812900142 -0.2385522725
-0.214650823 -4.381286091 -0.232052391
-0.2160889447 -4.3812808064 -0.224953642
-0.21798762 -4.3812725818 -0.2172120318
-0.2201482925 -4.3812629652 -0.2087385167
-0.2225096422 -4.3812524499 -0.1994858369
-0.2250258231 -4.3812414142 -0.1894053798
-0.2275800037 -4.3812307699 -0.1784432203
-0.2301235722 -4.3812208937 -0.1665805526
-0.2325988737 -4.38121222 -0.1538082941
-0.2349950488 -4.3812048167 -0.1401452908
-0.2373350006 -4.3811984823 -0.125630785
-0.2396518762 -4.3811929259 -0.1103219992
-0.2419876962 -4.3811877778 -0.094294487
-0.2443670014 -4.3811827848 -0.0776378705
-0.2467755429 -4.3811779792 -0.0604527711
-0.2491620508 -4.3811736573 -0.0428501602
-0.251445419 -4.3811703318 -0.0249506987
-0.2535372818 -4.3811685606 -0.0068847586
-0.2553671565 -4.3811687626 0.0112087984
-0.2569042991 -4.3811710563 0.0291862423
-0.2581592067 -4.3811752538 0.046904934
-0.2591800985 -4.3811808911 0.0642289521
-0.260028714 -4.3811874151 0.0810351465
-0.2607604638 -4.3811943315 0.097217123
-0.2614060797 -4.381201345 0.1126876293
-0.2619652372 -4.381208407 0.1273792742
-0.2624129195 -4.3812156673 0.1412437205
-0.2627088876 -4.381223402 0.1542500024
-0.2628169963 -4.3812318676 0.16638216
-0.262717428 -4.3812412095 0.1776372162
-0.2624153565 -4.3812513955 0.1880239866
-0.261943729 -4.3812621955 0.1975621943
-0.2613593805 -4.3812732075 0.2062822616
-0.2607325759 -4.3812839416 0.2142243128
-0.2601452256 -4.3812938219 0.2214362867
-0.2596782676 -4.3813022881 0.2279701305
-0.2594106654 -4.3813087902 0.2338776109
-0.2594265415 -4.3813127372 0.2392038468
-0.2598171537 -4.3813134709 0.2439766197
-0.2606898525 -4.3813101862 0.2481873383
-0.2621697716 -4.3813018794 0.2517411378
-0.2642984748 -4.381288079 0.2544265185
-0.2669026418 -4.3812698903 0.2560031862
-0.2696078867 -4.38125 0.256340549
-0.2717380733 -4.381232893 0.2547133003
-0.2734425811 -4.3812182321 0.2521395491
-0.2751319055 -4.3812033342 0.2491071996
-0.2769035259 -4.3811874968 0.2456475259
-0.2787791072 -4.3811705362 0.2417310319
-0.2807509014 -4.3811524733 0.2373094567
-0.282787033 -4.3811334998 0.2323233448
-0.284837479 -4.3811139391 0.2267082291
-0.2868332332 -4.3810942549 0.2203987527
-0.2886941608 -4.3810749979 0.2133345811
-0.2903365479 -4.3810567527 0.2054647808
-0.2916882622 -4.3810400281 0.1967522397
-0.2926996055 -4.3810251752 0.1871720663
-0.2933575247 -4.3810122812 0.1767107835
-0.2936775072 -4.381001225 0.1653610549
-0.2936957621 -4.3809917362 0.1531217631
-0.2934527843 -4.3809835188 0.1400000368
-0.2929687275 -4.3809764371 0.1260148173
-0.2922333493 -4.3809705936 0.1112014036
-0.2912032761 -4.3809663553 0.0956153341
-0.2898221546 -4.3809641985 0.0793328861
-0.2880408905 -4.3809645635 0.0624512946
-0.2858491964 -4.3809676119 0.0450820053
-0.2832959288 -4.3809730714 0.0273445833
-0.2804840363 -4.3809802679 0.0093600847
-0.2775445516 -4.3809883189 -0.0087495417
-0.2745986628 -4.3809964183 -0.0268581989
-0.2717265296 -4.3810040707 -0.044833354
-0.2689437933 -4.3810112656 -0.06253644179999999
-0.2662083126 -4.3810184228 -0.0798286064
-0.2634443905 -4.3810262071 -0.0965777315
-0.260583702 -4.3810352168 -0.1126662972
-0.2575952159 -4.3810457569 -0.1279977531
-0.254500668 -4.3810577181 -0.142502828
-0.2513608494 -4.3810706795 -0.156139904
-0.2482544702 -4.3810840687 -0.1688910883
-0.2452869732 -4.3810970934 -0.1807653138
-0.2424996773 -4.3811094385 -0.191772553
-0.239954217 -4.3811206232 -0.2019414211
-0.237611583 -4.3811309271 -0.211286383
-0.2354958967 -4.3811401393 -0.2198482872
-0.2335237954 -4.3811488684 -0.2276432601
-0.2315840633 -4.3811579287 -0.2346896676
-0.2297944454 -4.381166371 -0.2410820902
-0.2280019634 -4.381175358 -0.2467900356
-0.2260984334 -4.3811856987 -0.251808954
-0.2241390611 -4.3811969253 -0.2562131266
-0.2222208604 -4.3812082436 -0.2600962602
-0.2203745181 -4.3812193788 -0.2635188336
-0.2186211082 -4.3812301326 -0.2665347783
-0.2169740152 -4.3812403688 -0.2691920157
-0.2195555182 -4.535938257 -0.2534997636
-0.2204882366 -4.5359375 -0.2560259756
-0.2186395907 -4.535939022 -0.2506578514
-0.2177773179 -4.5359397734 -0.2474640331
-0.2170180239 -4.5359404814 -0.2438788408
-0.2164263981 -4.5359411066 -0.2398595001
-0.2160857778 -4.5359415975 -0.2353600545
-0.216199056 -4.5359418274 -0.2303130287
-0.2168761482 -4.5359417268 -0.2246697891
-0.217969879 -4.5359413914 -0.2184348769
-0.2192954705 -4.5359409391 -0.2116394295
-0.2210995248 -4.5359402127 -0.2042370248
-0.2231618652 -4.5359393608 -0.196135608
-0.2253954974 -4.5359384424 -0.1872859504
-0.2277673115 -4.5359374821 -0.1776431457
-0.2301449993 -4.5359365689 -0.1671513318
-0.232494337 -4.535935726 -0.1557965815
-0.2347596353 -4.53593499 -0.1435701786
-0.2369495625 -4.535934354 -0.1304946176
-0.2390966905 -4.5359337945 -0.1166081224
-0.2412391885 -4.5359332836 -0.1019657635
-0.2434175313 -4.5359327905 -0.0866391873
-0.2456399562 -4.5359323049 -0.0707117562
-0.2478737941 -4.5359318425 -0.0542772684
-0.2500477001 -4.5359314431 -0.0374393075
-0.2520699666 -4.5359311595 -0.020312321
-0.2538550175 -4.5359310396 -0.0030223441
-0.2553500188 -4.5359311096 0.0142946605
-0.2565501878 -4.5359313642 0.0314979477
-0.2574925912 -4.5359317709 0.048449245
-0.2582444223 -4.5359322786 0.06501851660000001
-0.2588730248 -4.5359328363 0.08108919840000001
-0.2594266113 -4.5359334068 0.0965609638
-0.259920673 -4.5359339751 0.1113514777
-0.2603388127 -4.5359345479 0.1253969159
-0.260646286 -4.5359351449 0.1386511067
-0.2608009802 -4.5359357922 0.151084042
-0.2607736823 -4.5359365066 0.162679742
-0.2605577848 -4.5359372933 0.1734349854
-0.2601724807 -4.5359381401 0.1833588423
-0.2596614041 -4.5359390198 0.1924719106
-0.2590834382 -4.5359398962 0.2008053492
-0.2585093456 -4.5359407253 0.2083991807
-0.2580096692 -4.5359414651 0.2152992064
-0.2576539084 -4.5359420725 0.2215534532
-0.2575050751 -4.5359425094 0.2272081291
-0.2576268193 -4.5359427369 0.2323023338
-0.2580863725 -4.5359427128 0.2368604516
-0.2589590747 -4.5359423882 0.2408796135
-0.2603310643 -4.5359417031 0.244298241
-0.2622587445 -4.5359406114 0.2469561288
-0.2646639802 -4.5359391495 0.2486117196
-0.2672428691 -4.5359375 0.2490207875
-0.2691948109 -4.5359361322 0.2473464051
-0.27074163 -4.5359349765 0.2448228027
-0.2723145648 -4.5359337795 0.2418975291
-0.2739949026 -4.5359324894 0.2385829053
-0.2757970961 -4.5359310948 0.2348443584
-0.2777108709 -4.5359295992 0.2306324911
-0.2797049295 -4.5359280195 0.2258884267
-0.2817313344 -4.5359263828 0.2205485547
-0.2837237443 -4.5359247287 0.2145483376
-0.2856043701 -4.5359231037 0.2078272081
-0.2872911269 -4.5359215584 0.2003341163
-0.2887109424 -4.5359201373 0.1920315307
-0.2898118206 -4.5359188733 0.1828944081
-0.2905765846 -4.5359177767 0.1729099955
-0.2910161976 -4.53591684 0.1620719549
-0.2911638116 -4.5359160412 0.1503804406
-0.2910593267 -4.5359153555 0.1378433223
-0.2907248708 -4.5359147693 0.1244791876
-0.2901546234 -4.5359142886 0.1103217844
-0.289314157 -4.5359139387 0.09542330139999999
-0.2881521587 -4.5359137574 0.07985583240000001
-0.2866245691 -4.5359137787 0.06371106560000001
-0.2847210367 -4.5359140159 0.0470948651
-0.2824845935 -4.5359144477 0.0301218947
-0.2800074378 -4.5359150214 0.0129094317
-0.2774071784 -4.5359156679 -0.004423606
-0.2747928545 -4.5359163236 -0.0217545378
-0.2722354587 -4.5359169502 -0.0389552876
-0.2697468357 -4.5359175479 -0.0558931687
-0.2672864451 -4.5359181509 -0.0724361332
-0.26478432 -4.5359188125 -0.0884590903
-0.2621787268 -4.5359195791 -0.1038509017
-0.2594438996 -4.535920473 -0.1185202667
-0.2566037172 -4.5359214826 -0.1324015366
-0.253718218 -4.5359225715 -0.1454550422
-0.2508631984 -4.5359236914 -0.1576633641
-0.2481390432 -4.5359247767 -0.1690341391
-0.2455838946 -4.5359258021 -0.1795762033
-0.2432553027 -4.5359267287 -0.1893159373
-0.2411139375 -4.5359275809 -0.1982670132
-0.2391826527 -4.5359283421 -0.2064680729
-0.2373797692 -4.5359290639 -0.2139347912
-0.2355979433 -4.5359298151 -0.220685663
-0.2339518836 -4.5359305157 -0.2268100744
-0.2322938155 -4.5359312634 -0.2322798523
-0.2305199973 -4.5359321259 -0.2370916224
-0.228685195 -4.535933063 -0.2413162999
-0.2268837381 -4.5359340085 -0.2450426112
-0.2251459239 -4.5359349391 -0.2483281304
-0.2234927215 -4.5359358383 -0.2512242531
-0.2219376157 -4.5359366943 -0.2537766869
-0.2216671012 -4.6906158812 -0.2374644867
-0.2227629301 -4.690625 -0.2398629657
-0.2205802151 -4.6906066463 -0.2347621642
-0.2195415199 -4.6905975501 -0.2317200763
-0.2186037977 -4.6905889404 -0.228298783
-0.2178365476 -4.6905812807 -0.2244551946
-0.2173296529 -4.6905751753 -0.2201424995
-0.2173018833 -4.6905721196 -0.2152879227
-0.2178791903 -4.6905729698 -0.2098410958
-0.2188953396 -4.6905765661 -0.2038178605
-0.2201325989 -4.690581405 -0.1972647791
-0.2218624933 -4.6905893668 -0.1901326329
-0.2238475941 -4.6905987266 -0.1823274672
-0.22598016 -4.6906086971 -0.1737989211
-0.2282376803 -4.6906190953 -0.1645049412
-0.2304755195 -4.6906288704 -0.154388457
-0.2326709153 -4.6906378564 -0.1434390595
-0.2347708745 -4.6906456759 -0.1316490409
-0.2367987954 -4.690652508 -0.119042802
-0.2387951966 -4.6906586595 -0.1056577691
-0.240802438 -4.6906644598 -0.0915472076
-0.2428577475 -4.6906702108 -0.0767793827
-0.2449587797 -4.6906759426 -0.0614332651
-0.2470555857 -4.6906813561 -0.0455972004
-0.2490614859 -4.6906858994 -0.0293693537
-0.250876202 -4.6906889322 -0.0128594635
-0.2524168549 -4.6906899439 0.003809827
-0.2536448961 -4.6906887422 0.0205050221
-0.2545766942 -4.6906855235 0.0370881129
-0.2552707166 -4.690680778 0.053424741
-0.2558092858 -4.6906751582 0.06938994060000001
-0.2562637911 -4.6906692317 0.0848725444
-0.2566767336 -4.6906633536 0.0997769763
-0.2570507759 -4.6906575889 0.1140246032
-0.2573565427 -4.6906517673 0.1275541665
-0.2575514647 -4.6906456155 0.1403210774
-0.2575918471 -4.6906388438 0.1522959008
-0.2574546509 -4.6906312995 0.1634627478
-0.2571436485 -4.690623011 0.1738184161
-0.256689809 -4.6906141904 0.1833723617
-0.2561442808 -4.6906051849 0.1921459944
-0.2555699367 -4.6905964178 0.2001712458
-0.2550343047 -4.6905883403 0.2074879245
-0.2546030373 -4.6905813882 0.214140187
-0.2543332569 -4.6905759369 0.220172535
-0.2542751177 -4.6905723145 0.2256265164
-0.2544768585 -4.6905708402 0.2305363444
-0.2549854884 -4.6905718319 0.2349233589
-0.2558497129 -4.6905756313 0.2387887893
-0.2571219555 -4.690582627 0.2420989387
-0.2588703097 -4.6905933666 0.2447369406
-0.2610956389 -4.6906079981 0.2464620226
-0.2635532188 -4.690625 0.2469356831
-0.2653426824 -4.6906385921 0.2452230262
-0.2667450387 -4.6906499167 0.2427390645
-0.2682088517 -4.6906618838 0.2398980138
-0.2698025959 -4.6906749763 0.2366975145
-0.2715343317 -4.6906892735 0.2330992943
-0.273391505 -4.6907047165 0.2290533799
-0.2753430673 -4.6907211213 0.2245015263
-0.2773427392 -4.6907381995 0.2193809157
-0.2793263275 -4.6907555374 0.2136277137
-0.2812179825 -4.6907726373 0.2071811427
-0.2829373826 -4.6907889646 0.1999902631
-0.2844092353 -4.6908040126 0.1920162057
-0.2855810901 -4.690817427 0.1832345439
-0.2864311046 -4.6908290617 0.1736324836
-0.2869664372 -4.6908389702 0.16320453
-0.2872184826 -4.6908473727 0.1519518653
-0.2872253913 -4.6908545324 0.1398828647
-0.2870113354 -4.6908606086 0.1270159169
-0.2865748667 -4.6908655717 0.1133835428
-0.2858878152 -4.6908691946 0.09903546000000001
-0.2849046327 -4.6908711164 0.08404030730000001
-0.2835851933 -4.6908710036 0.0684853617
-0.2819189136 -4.690868722 0.0524719938
-0.2799436012 -4.6908644722 0.0361109138
-0.2777420414 -4.6908587691 0.019516366
-0.2754200997 -4.6908522884 0.002804875
-0.273076547 -4.690845654 -0.0139035979
-0.2707747702 -4.6908392382 -0.0304845458
-0.2685238268 -4.6908330293 -0.0468100316
-0.2662850299 -4.6908266807 -0.06275351179999999
-0.2639937998 -4.690819668 -0.0781955746
-0.2615941538 -4.6908115351 -0.0930301894
-0.2590648039 -4.6908020809 -0.1071702392
-0.2564311981 -4.6907914473 -0.1205529106
-0.2537524148 -4.6907800272 -0.1331400082
-0.2511014899 -4.6907683243 -0.1449144038
-0.2485742553 -4.690757016 -0.1558825713
-0.2462063489 -4.6907463577 -0.1660524505
-0.244051876 -4.6907367444 -0.1754485877
-0.2420722881 -4.6907279127 -0.1840843128
-0.2402883921 -4.6907200306 -0.1919962615
-0.2386215577 -4.6907125545 -0.1992001774
-0.2369685738 -4.6907047698 -0.2057149004
-0.2354401995 -4.6906975052 -0.2116254724
-0.2338942254 -4.6906897454 -0.2169055508
-0.2322315518 -4.6906807921 -0.2215526929
-0.2305058929 -4.6906710631 -0.2256350104
-0.2288082073 -4.6906612479 -0.2292371743
-0.2271679952 -4.6906515864 -0.2324143817
-0.2256057853 -4.6906422521 -0.2352159633
-0.2241348813 -4.6906333644 -0.2376858301
-0.2226698438 -4.8453021233 -0.2348213494
-0.2237610114 -4.8453125 -0.2371576686
-0.2215851353 -4.8452916137 -0.23218803
-0.2205450461 -4.8452812612 -0.2292223309
-0.2196009618 -4.8452714612 -0.2258853404
-0.2188206097 -4.8452627405 -0.2221344629
-0.2182916494 -4.8452557867 -0.2179233236
-0.2182277552 -4.8452523004 -0.2131792609
-0.2187518869 -4.8452532551 -0.2078521794
-0.2197013618 -4.8452573318 -0.2019587626
-0.2208632672 -4.8452628201 -0.1955460917
-0.2225030939 -4.8452718583 -0.1885641805
-0.2243876872 -4.8452824846 -0.1809228046
-0.2264112149 -4.845293804 -0.1725734835
-0.2285513276 -4.8453056082 -0.1634752657
-0.2306660236 -4.8453167024 -0.153573351
-0.2327330761 -4.8453268989 -0.142857756
-0.2347005993 -4.8453357691 -0.1313213254
-0.2365917819 -4.8453435174 -0.1189877722
-0.2384466446 -4.8453504934 -0.1058934103
-0.2403070774 -4.8453570718 -0.0920900068
-0.2422100559 -4.8453635962 -0.07764401780000001
-0.2441538443 -4.8453701009 -0.0626326242
-0.2460899975 -4.8453762439 -0.0471424778
-0.2479344292 -4.8453813985 -0.0312701122
-0.24958971 -4.845384836 -0.0151234551
-0.2509756237 -4.8453859761 0.0011770604
-0.2520554811 -4.8453846006 0.0175006937
-0.2528464124 -4.8453809337 0.0337126728
-0.2534067265 -4.8453755337 0.0496820939
-0.2538179712 -4.845369143 0.065287411
-0.25415084 -4.8453624067 0.0804204971
-0.2544476009 -4.8453557286 0.09498826320000001
-0.2547113615 -4.845349182 0.1089138972
-0.254913741 -4.8453425725 0.1221373359
-0.2550133761 -4.8453355896 0.1346147092
-0.2549677178 -4.8453279036 0.1463169456
-0.2547543594 -4.8453193413 0.1572283574
-0.2543770705 -4.8453099354 0.1673458473
-0.2538661327 -4.8452999275 0.1766788937
-0.2532714422 -4.8452897119 0.185248803
-0.252654269 -4.8452797696 0.1930872518
-0.2520803495 -4.8452706132 0.2002336438
-0.2516135013 -4.845262737 0.2067316029
-0.2513091828 -4.8452565667 0.212625016
-0.2512161223 -4.8452524751 0.2179548148
-0.2513812008 -4.8452508241 0.2227547316
-0.2518501189 -4.845251974 0.227045918
-0.2526705642 -4.8452563137 0.2308298292
-0.253894036 -4.8452642845 0.2340738068
-0.255588011 -4.8452765088 0.2366639261
-0.2577551387 -4.8452931556 0.2383645859
-0.2601589464 -4.8453125 0.2388433564
-0.2619254133 -4.845327974 0.2371808533
-0.263318262 -4.8453408671 0.2347624846
-0.2647731523 -4.8453544847 0.2319963241
-0.2663571335 -4.8453693761 0.2288802402
-0.2680784041 -4.8453856316 0.225376668
-0.2699251074 -4.8454031851 0.2214365838
-0.2718674301 -4.8454218286 0.2170027835
-0.273860541 -4.8454412343 0.2120134943
-0.2758420971 -4.8454609321 0.2064058464
-0.2777384171 -4.8454803573 0.200119857
-0.2794713674 -4.8454989028 0.193105155
-0.280967595 -4.8455159932 0.1853232747
-0.2821760737 -4.8455312266 0.1767499725
-0.2830755161 -4.8455444371 0.1673725998
-0.2836731247 -4.8455556866 0.1571858794
-0.2839996574 -4.8455652258 0.1461912015
-0.2840923009 -4.8455733531 0.1343970211
-0.2839746277 -4.84558025 0.1218214898
-0.2836449104 -4.8455858824 0.1084963802
-0.2830751741 -4.8455899916 0.09447008
-0.2822203168 -4.8455921671 0.0798093548
-0.2810404552 -4.84559203 0.064599213
-0.279524572 -4.8455894284 0.0489386532
-0.2777089764 -4.8455845912 0.0329361318
-0.2756739609 -4.8455781043 0.0167038676
-0.2735223659 -4.8455707366 0.0003564634
-0.2713500156 -4.8455631975 -0.015988173
-0.2692179965 -4.8455559099 -0.0322079305
-0.2671341502 -4.8455488597 -0.0481777151
-0.265059654 -4.8455416525 -0.0637741287
-0.2629301685 -4.84553369 -0.07888088779999999
-0.2606902827 -4.8455244548 -0.09339477910000001
-0.2583184702 -4.8455137179 -0.1072308002
-0.2558392304 -4.845501641 -0.1203273949
-0.2533101735 -4.8454886714 -0.1326468368
-0.2508026759 -4.8454753815 -0.1441718905
-0.2484106178 -4.8454625421 -0.1549082456
-0.2461688362 -4.8454504425 -0.1648634032
-0.2441304299 -4.8454395316 -0.1740609861
-0.2422575868 -4.8454295085 -0.1825142404
-0.2405708793 -4.8454205638 -0.1902588073
-0.2389933534 -4.8454120784 -0.1973105923
-0.2374238295 -4.8454032375 -0.2036886436
-0.2359716508 -4.845394986 -0.2094753213
-0.2344971878 -4.8453861676 -0.2146459247
-0.2329032086 -4.8453759866 -0.2191987804
-0.2312429976 -4.8453649199 -0.2232001228
-0.2296063769 -4.8453537526 -0.2267320253
-0.2280227487 -4.8453427587 -0.2298482391
-0.2265126432 -4.8453321359 -0.2325968328
-0.2250894603 -4.8453220204 -0.2350206277
-0.227817218 -5.0000016469 -0.1810444279
-0.2286523318 -5 -0.1828127952
-0.2269858552 -5.0000033148 -0.1790506268
-0.2261869995 -5.0000049576 -0.1768043744
-0.2254594072 -5.0000065124 -0.1742759149
-0.2248541929 -5.0000078957 -0.1714326251
-0.2244375493 -5.0000089981 -0.1682389266
-0.2243709664 -5.0000095497 -0.1646387549
-0.2247473429 -5.0000093957 -0.1605935464
-0.2254435948 -5.0000087456 -0.1561166342
-0.2262987584 -5.0000078709 -0.1512446253
-0.227513664 -5.0000064322 -0.1459384165
-0.228911548 -5.0000047406 -0.1401306336
-0.2304115979 -5.0000029391 -0.1337848829
-0.2319971184 -5.0000010602 -0.1268702578
-0.2335604479 -4.9999992934 -0.1193458461
-0.2350841975 -4.9999976695 -0.1112040767
-0.2365291834 -4.9999962563 -0.1024397448
-0.2379130102 -4.9999950215 -0.09307075569999999
-0.2392659891 -4.9999939096 -0.0831244535
-0.2406201669 -4.9999928611 -0.0726399573
-0.2420035512 -4.9999918218 -0.061667506
-0.2434149812 -4.9999907865 -0.050265678
-0.2448192421 -4.9999898077 -0.0385005841
-0.2461520821 -4.9999889865 -0.0264457569
-0.2473404698 -4.9999884382 -0.0141835756
-0.2483241306 -4.9999882551 -0.0018057946
-0.2490757537 -4.9999884718 0.0105882089
-0.2496087613 -4.999989053 0.0228962407
-0.2499677492 -4.9999899101 0.0350192125
-0.2502149718 -4.9999909252 0.0468652278
-0.2504044435 -4.9999919958 0.0583525187
-0.2505684845 -4.9999930579 0.06941060659999999
-0.2507098634 -4.9999940996 0.0799811939
-0.2508074914 -4.9999951515 0.09001856499999999
-0.2508301439 -4.9999962632 0.0994892436
-0.2507457002 -4.9999974869 0.1083709765
-0.2505372857 -4.9999988503 0.1166517603
-0.2502076693 -5.0000003482 0.1243292715
-0.2497796944 -5.0000019424 0.1314107907
-0.2492911638 -5.00000357 0.1379126937
-0.2487883719 -5.0000051546 0.1438592611
-0.2483209349 -5.0000066148 0.1492806515
-0.2479372243 -5.0000078716 0.154210247
-0.2476793093 -5.0000088571 0.1586815928
-0.2475836329 -5.0000095125 0.1627259922
-0.247685603 -5.0000097802 0.1663693349
-0.2480205802 -5.0000096017 0.1696277684
-0.2486240565 -5.0000089161 0.1725028201
-0.2495354089 -5.0000076529 0.17496996
-0.2508062237 -5.0000057134 0.1769432075
-0.2524394275 -5.0000030708 0.1782440512
-0.2542567002 -5 0.1786190764
-0.2555993219 -4.9999975454 0.1773662053
-0.2566623341 -4.9999955004 0.1755374789
-0.2577744562 -4.999993339 0.1734443877
-0.2589863045 -4.9999909743 0.1710857977
-0.2603045903 -4.9999883915 0.1684336382
-0.2617204737 -4.9999856011 0.1654506286
-0.2632107873 -4.9999826376 0.1620932196
-0.2647421513 -4.9999795525 0.1583144108
-0.2662680295 -4.9999764198 0.1540661892
-0.267732342 -4.9999733301 0.1493029569
-0.2690758754 -4.9999703803 0.1439862614
-0.2702434319 -4.9999676614 0.1380861784
-0.2711960668 -4.9999652379 0.1315842505
-0.2719183813 -4.9999631351 0.1244709078
-0.2724150027 -4.9999613445 0.1167419756
-0.2727091451 -4.9999598266 0.1083986514
-0.2728297314 -4.9999585324 0.0994475789
-0.2727938838 -4.9999574343 0.0899025707
-0.2726003851 -4.9999565374 0.07978774030000001
-0.272227889 -4.9999558826 0.06913971739999999
-0.2716420126 -4.9999555351 0.0580089293
-0.2708121845 -4.9999555551 0.0464597727
-0.2697295332 -4.999955967 0.0345672926
-0.2684209827 -4.9999567345 0.022413973
-0.2669468785 -4.9999577647 0.0100853355
-0.2653845932 -4.9999589353 -0.0023311883
-0.2638061684 -4.999960134 -0.0147456731
-0.2622574462 -4.9999612932 -0.0270651725
-0.2607439596 -4.999962415 -0.039194717
-0.259235316 -4.999963563 -0.0510407612
-0.2576839606 -4.9999648294 -0.06251554769999999
-0.2560458758 -4.9999662991 -0.07354077539999999
-0.2543050305 -4.9999680074 -0.0840521231
-0.2524796996 -4.9999699287 -0.0940027465
-0.2506132027 -4.9999719923 -0.1033637514
-0.2487596993 -4.9999741068 -0.112121755
-0.24699007 -4.9999761503 -0.1202805963
-0.2453310069 -4.9999780763 -0.1278458584
-0.2438228003 -4.9999798135 -0.1348352133
-0.2424369452 -4.9999814097 -0.1412589058
-0.2411894213 -4.999982834 -0.147143956
-0.2400219431 -4.9999841851 -0.1525027603
-0.2388582627 -4.9999855917 -0.157350304
-0.237781255 -4.9999869043 -0.1617485955
-0.2366852745 -4.9999883062 -0.1656794496
-0.235497058 -4.9999899231 -0.1691420867
-0.2342564494 -4.9999916808 -0.1721862377
-0.2330322562 -4.9999934535 -0.1748740991
-0.2318466569 -4.9999951985 -0.177246236
-0.2307153282 -4.9999968843 -0.1793390379
-0.2296485422 -4.9999984894 -0.1811849446
-0.2279654215 -5.0003829606 -0.1807974413
-0.2272883222 -5.0007805034 -0.1785510424
-0.2266470328 -5.0011856372 -0.1760522327
-0.2260763205 -5.001588498 -0.1732789275
-0.225621808 -5.0019758418 -0.1702093753
-0.2253419449 -5.0023311511 -0.1668241151
-0.2253770399 -5.0026067895 -0.1630935247
-0.2258077563 -5.0027751129 -0.1589932903
-0.2265276328 -5.0028756441 -0.1545085764
-0.2273984647 -5.0029627176 -0.149640564
-0.2285969048 -5.0029755881 -0.1443820309
-0.2299683466 -5.0029677901 -0.1386373672
-0.2314435311 -5.0029691079 -0.1323557251
-0.2330059209 -5.0029798944 -0.1255073736
-0.234558759 -5.0030308185 -0.1180410646
-0.2360824526 -5.0031175779 -0.1099540279
-0.2375385239 -5.0032435802 -0.101243887
-0.2389377264 -5.0033889058 -0.0919385933
-0.2403040237 -5.0035335773 -0.0820735648
-0.2416642137 -5.0036588154 -0.0716926426
-0.2430432289 -5.0037519271 -0.0608465809
-0.2444414845 -5.0038147776 -0.0495896533
-0.2458300734 -5.0038644325 -0.0379817646
-0.2471522899 -5.0039262233 -0.0260921596
-0.2483422539 -5.0040241083 -0.0140032996
-0.2493434175 -5.0041704255 -0.0018107002
-0.2501275608 -5.00435939 0.0103814292
-0.2507031555 -5.0045693095 0.0224694965
-0.2511076188 -5.0047703248 0.0343582277
-0.2513958256 -5.0049337033 0.0459645771
-0.2516167715 -5.0050420246 0.0572176833
-0.251801092 -5.0050922862 0.0680565228
-0.251953117 -5.0050939486 0.0784282514
-0.2520552113 -5.0050620621 0.0882883775
-0.2520794758 -5.0050107184 0.0976022419
-0.2519960626 -5.0049490838 0.1063458882
-0.2517883108 -5.0048785844 0.1145074422
-0.2514569502 -5.0047933876 0.1220874117
-0.2510216282 -5.0046846757 0.1290974838
-0.2505168896 -5.0045445166 0.1355582228
-0.2499860926 -5.0043670756 0.141497012
-0.249477079 -5.0041507893 0.1469449698
-0.2490376449 -5.0038974744 0.1519347115
-0.2487102235 -5.0036110334 0.1564979025
-0.2485319978 -5.0032958541 0.1606637769
-0.2485389856 -5.0029543151 0.1644576383
-0.2487668569 -5.00258575 0.1678972706
-0.2492508517 -5.0021872146 0.1709884128
-0.2500295595 -5.0017504836 0.1737154136
-0.2511527061 -5.001258003 0.176011201
-0.2526230091 -5.0006857777 0.1777247576
-0.2553457914 -5.0006813832 0.1769680901
-0.2561903257 -5.0012502288 0.1748012477
-0.2571068608 -5.0017394854 0.1724040627
-0.2581405638 -5.002172886 0.1697720108
-0.2592929393 -5.0025679224 0.1668737553
-0.2605524322 -5.0029328179 0.1636717082
-0.261894898 -5.0032705809 0.1601240648
-0.263287206 -5.0035819702 0.1561866074
-0.264684724 -5.0038647499 0.1518151491
-0.2660341928 -5.0041147064 0.1469683432
-0.2672793814 -5.0043280943 0.1416104332
-0.2683674454 -5.004503174 0.1357117701
-0.2692599243 -5.0046415419 0.1292513028
-0.2699399826 -5.0047489994 0.1222142554
-0.27040878 -5.0048333491 0.1145904795
-0.270685465 -5.0049032827 0.1063755439
-0.2707962075 -5.0049645653 0.0975726567
-0.2707578093 -5.0050157475 0.0881952366
-0.2705723345 -5.005047753 0.0782688104
-0.2702237163 -5.0050466345 0.0678307007
-0.2696831954 -5.0049974932 0.0569293683
-0.268923065 -5.0048909418 0.045622853
-0.2679319997 -5.0047299012 0.033976095
-0.2667285475 -5.0045315522 0.0220606503
-0.2653606495 -5.0043242909 0.009954229
-0.263893585 -5.004137659 -0.0022577647
-0.2623912038 -5.0039931402 -0.0144821801
-0.2608977511 -5.0038964829 -0.0266203173
-0.2594238481 -5.003835479 -0.0385739592
-0.2579481062 -5.0037863986 -0.0502511613
-0.2564329254 -5.0037241759 -0.0615706036
-0.2548400408 -5.0036318989 -0.0724619973
-0.2531543721 -5.0035077451 -0.0828661721
-0.2513898149 -5.0033643041 -0.0927352196
-0.2495832046 -5.0032201938 -0.1020339873
-0.2477821697 -5.0030952236 -0.1107389527
-0.2460510997 -5.0030091322 -0.1188407459
-0.2444181472 -5.0029585504 -0.1263420977
-0.2429223535 -5.0029477301 -0.133254412
-0.2415449794 -5.0029462842 -0.1396027476
-0.2403020649 -5.0029538751 -0.1454135172
-0.239144719 -5.0029409791 -0.1507170951
-0.2380127987 -5.0028545421 -0.1555644014
-0.2369702677 -5.0027548449 -0.159982011
-0.2359285093 -5.0025878675 -0.163984701
-0.2348259564 -5.0023143143 -0.1675981257
-0.2336929732 -5.0019616107 -0.170855916
-0.232582627 -5.0015770781 -0.1737925862
-0.2315131936 -5.0011771259 -0.1764319596
-0.230497063 -5.0007749073 -0.178799079
-0.2295419962 -5.0003802177 -0.1809183682
-0.2283085309 -5.0006532262 -0.1806403352
-0.2279867201 -5.0013311385 -0.1782338726
-0.2277062602 -5.0020217783 -0.1755758291
-0.2274925854 -5.0027082967 -0.1726492261
-0.2273785308 -5.003368059 -0.1694395505
-0.2274053035 -5.0039728251 -0.1659381309
-0.2276702885 -5.0044419003 -0.1621331432
-0.2282295682 -5.0047285246 -0.1580088503
-0.2290135705 -5.0049000175 -0.1535288491
-0.2299337618 -5.0050487858 -0.1486669056
-0.2311142759 -5.0050717021 -0.1434353823
-0.2324478299 -5.0050596255 -0.1377254715
-0.2338907751 -5.0050631393 -0.1314792081
-0.2354267308 -5.0050828001 -0.1246681913
-0.2369836602 -5.0051706308 -0.1172378199
-0.2385375449 -5.005319292 -0.1091874092
-0.2400518596 -5.0055344894 -0.1005165224
-0.2415214265 -5.0057823526 -0.0912573934
-0.2429551928 -5.0060289417 -0.08144933729999999
-0.2443669479 -5.0062423929 -0.0711382089
-0.2457738394 -5.0064012079 -0.0603746964
-0.2471795758 -5.0065085613 -0.049210773
-0.2485695938 -5.0065934372 -0.037703527
-0.2499062814 -5.0066987535 -0.0259209772
-0.2511415577 -5.0068651053 -0.0139470357
-0.2522281513 -5.007113334 -0.0018802325
-0.2531347636 -5.0074335342 0.0101726873
-0.253855753 -5.0077888814 0.0221087295
-0.2544085172 -5.0081287972 0.0338367638
-0.2548278541 -5.0084047049 0.0452807116
-0.2551495329 -5.0085872396 0.0563772005
-0.2554002948 -5.0086714359 0.0670712098
-0.2555889657 -5.0086733588 0.0773129214
-0.2557070236 -5.0086184795 0.08705812559999999
-0.2557352432 -5.0085306329 0.0962709521
-0.255649354 -5.0084253017 0.1049260343
-0.2554328428 -5.008304918 0.1130113511
-0.255081031 -5.0081595688 0.1205288311
-0.25460566 -5.0079743396 0.127492148
-0.2540337858 -5.007735847 0.1339232335
-0.253402708 -5.0074341701 0.1398497671
-0.2527575528 -5.0070666399 0.1453020364
-0.2521462688 -5.0066362835 0.1503117404
-0.2516133909 -5.0061496332 0.1549098714
-0.2511988449 -5.0056140532 0.159126049
-0.2509401352 -5.0050334723 0.1629880631
-0.2508725537 -5.0044066512 0.1665189009
-0.2510293609 -5.0037285058 0.1697327635
-0.2514443177 -5.002984928 0.1726284172
-0.2521578343 -5.0021458611 0.1751672056
-0.2531648023 -5.001170208 0.177241459
-0.2547543134 -5.0011676119 0.1767997516
-0.2550961298 -5.0021412425 0.1744615335
-0.2555691461 -5.0029784106 0.1718642026
-0.2562069683 -5.0037200727 0.1690243587
-0.2569994086 -5.004396246 0.1659231711
-0.2579287171 -5.0050210322 0.1625308248
-0.258968259 -5.0055995456 0.1588121387
-0.2600844809 -5.0061330705 0.1547287749
-0.2612351469 -5.0066177502 0.1502420151
-0.2623712036 -5.0070463092 0.145315257
-0.2634403594 -5.0074122951 0.1399151854
-0.264391974 -5.00771272 0.1340118716
-0.2651864554 -5.0079502676 0.127580896
-0.265801958 -5.008134839 0.1206019044
-0.2662320074 -5.0082797479 0.1130590095
-0.2664872376 -5.0083998408 0.1049427436
-0.2665879057 -5.0085049936 0.0962533295
-0.2665505846 -5.0085927622 0.0870036824
-0.2663836145 -5.0086477127 0.07722007710000001
-0.2660809638 -5.0086460881 0.0669399218
-0.2656245016 -5.0085624986 0.0562097177
-0.2649919332 -5.0083809192 0.0450822816
-0.2641675153 -5.008106272 0.0336148981
-0.263154234 -5.0077677939 0.0218713441
-0.2619764447 -5.0074138795 0.0099246132
-0.260675963 -5.0070949353 -0.00213988
-0.2593002436 -5.0068476716 -0.0142251952
-0.2578899576 -5.0066819731 -0.0262277833
-0.2564659469 -5.0065770693 -0.0380475482
-0.2550259148 -5.0064924909 -0.0495950776
-0.2535530449 -5.0063854656 -0.0607953529
-0.2520230248 -5.0062270953 -0.071585264
-0.2504236304 -5.0060142287 -0.0819099937
-0.2487600585 -5.0057683074 -0.09172049290000001
-0.2470552657 -5.005521106 -0.1009759371
-0.2453417323 -5.0053064706 -0.1096439107
-0.2436681647 -5.0051581706 -0.1177029721
-0.2420651953 -5.005070521 -0.1251537707
-0.2405681089 -5.0050508331 -0.1320020072
-0.2391820816 -5.0050472409 -0.1382870705
-0.2379232406 -5.0050591953 -0.1440354322
-0.2367667852 -5.0050362598 -0.149293174
-0.2356956341 -5.0048878449 -0.1541431603
-0.2347249391 -5.0047168132 -0.1585842183
-0.2338117159 -5.0044309459 -0.1626518919
-0.2329278034 -5.0039630606 -0.1663888742
-0.2320809044 -5.0033597935 -0.1698162655
-0.2312849656 -5.0027016569 -0.1729486466
-0.2305437459 -5.0020168254 -0.1757972625
-0.2298584171 -5.0013278795 -0.1783785624
-0.2292284591 -5.0006516278 -0.180710899
-0.2287741174 -5.0007554109 -0.1806063034
-0.2289339258 -5.0015392739 -0.178166003
-0.229142063 -5.0023377414 -0.1754754154
-0.2294113053 -5.0031313142 -0.1725190052
-0.2297571858 -5.0038937921 -0.1692843087
-0.2301979104 -5.0045924817 -0.1657658159
-0.2307744827 -5.0051343195 -0.1619574095
-0.2315107324 -5.0054654118 -0.1578446276
-0.2323866143 -5.0056635692 -0.153380602
-0.233380118 -5.0058355301 -0.1485253305
-0.2345450337 -5.0058622507 -0.1432945215
-0.2358370663 -5.0058486012 -0.1375838091
-0.2372470794 -5.0058529758 -0.1313368561
-0.2387588322 -5.0058760023 -0.1245264684
-0.2403338707 -5.0059777162 -0.1171023112
-0.2419424174 -5.0061496394 -0.1090626634
-0.2435507941 -5.0063983295 -0.1004077452
-0.2451320127 -5.0066846769 -0.0911674837
-0.2466743316 -5.0069695 -0.0813801581
-0.2481733319 -5.0072160309 -0.07109055540000001
-0.2496351614 -5.0073994772 -0.0603487424
-0.2510678685 -5.0075235023 -0.0492068571
-0.2524764019 -5.0076215618 -0.037723111
-0.253850045 -5.0077431492 -0.0259676025
-0.2551656628 -5.0079350859 -0.014026788
-0.2563890219 -5.0082213849 -0.0020009003
-0.2574842328 -5.0085905815 0.0100035261
-0.2584251785 -5.0090001807 0.0218859287
-0.2592002992 -5.0093918621 0.0335588191
-0.2598154759 -5.009709654 0.044949864
-0.2602875378 -5.0099197586 0.0559983617
-0.260637824 -5.0100165012 0.06665072750000001
-0.2608817217 -5.0100184203 0.0768571948
-0.2610237506 -5.0099548744 0.08657283139999999
-0.2610570582 -5.0098533325 0.0957607558
-0.2609652086 -5.0097316315 0.104394744
-0.2607317302 -5.0095925898 0.112462394
-0.2603442503 -5.0094247647 0.1199653906
-0.2598034376 -5.0092109696 0.126916627
-0.2591260843 -5.0089357933 0.13333635
-0.2583415655 -5.0085877688 0.1392496902
-0.257491942 -5.0081637961 0.1446844855
-0.2566261213 -5.007667326 0.149671442
-0.2557921704 -5.0071058388 0.1542421387
-0.2550343022 -5.0064877801 0.1584288739
-0.2543922153 -5.0058176203 0.1622643541
-0.2539003408 -5.0050938674 0.1657791308
-0.2535887232 -5.004310604 0.1689982556
-0.253483377 -5.0034514708 0.1719372984
-0.2536100537 -5.0024816458 0.1745893927
-0.253950108 -5.0013535247 0.176896667
$EndNodes
$Elements
1 15760 1 15760
2 0 2 15760
1 1 3 2 
2 2 3 4 
3 3 5 4 
4 4 5 6 
5 5 7 6 
6 6 7 8 
7 7 9 8 
8 8 9 10 
9 9 11 10 
10 10 11 12 
11 11 13 12 
12 12 13 14 
13 13 15 14 
14 14 15 16 
15 15 17 16 
16 16 17 18 
17 17 19 18 
18 18 19 20 
19 19 21 20 
20 20 21 22 
21 21 23 22 
22 22 23 24 
23 23 25 24 
24 24 25 26 
25 25 27 26 
26 26 27 28 
27 27 29 28 
28 28 29 30 
29 29 31 30 
30 30 31 32 
31 31 33 32 
32 32 33 34 
33 33 35 34 
34 34 35 36 
35 35 37 36 
36 36 37 38 
37 37 39 38 
38 38 39 40 
39 39 41 40 
40 40 41 42 
41 41 43 42 
42 42 43 44 
43 43 45 44 
44 44 45 46 
45 45 47 46 
46 46 47 48 
47 47 49 48 
48 48 49 50 
49 49 51 50 
50 50 51 52 
51 51 53 52 
52 52 53 54 
53 52 54 55 
54 55 54 56 
55 55 56 57 
56 57 56 58 
57 57 58 59 
58 59 58 60 
59 59 60 61 
60 61 60 62 
61 61 62 63 
62 63 62 64 
63 63 64 65 
64 65 64 66 
65 65 66 67 
66 67 66 68 
67 67 68 69 
68 69 68 70 
69 69 70 71 
70 71 70 72 
71 71 72 73 
72 73 72 74 
73 73 74 75 
74 75 74 76 
75 75 76 77 
76 77 76 78 
77 77 78 79 
78 79 78 80 
79 79 80 81 
80 81 80 82 
81 81 82 83 
82 83 82 84 
83 83 84 85 
84 85 84 86 
85 85 86 87 
86 87 86 88 
87 87 88 89 
88 89 88 90 
89 89 90 91 
90 91 90 92 
91 91 92 93 
92 93 92 94 
93 93 94 95 
94 95 94 96 
95 95 96 97 
96 97 96 98 
97 97 98 99 
98 99 98 100 
99 99 100 101 
100 101 100 102 
101 101 102 103 
102 103 102 104 
103 104 105 103 
104 103 105 101 
105 105 106 101 
106 101 106 99 
107 106 107 99 
108 99 107 97 
109 107 108 97 
110 97 108 95 
111 108 109 95 
112 95 109 93 
113 109 110 93 
114 93 110 91 
115 110 111 91 
116 91 111 89 
117 111 112 89 
118 89 112 87 
119 112 113 87 
120 87 113 85 
121 113 114 85 
122 85 114 83 
123 114 115 83 
124 83 115 81 
125 115 116 81 
126 81 116 79 
127 116 117 79 
128 79 117 77 
129 117 118 77 
130 77 118 75 
131 118 119 75 
132 75 119 73 
133 119 120 73 
134 73 120 71 
135 120 121 71 
136 71 121 69 
137 121 122 69 
138 69 122 67 
139 122 123 67 
140 67 123 65 
141 123 124 65 
142 65 124 63 
143 124 125 63 
144 63 125 61 
145 125 126 61 
146 61 126 59 
147 126 127 59 
148 59 127 57 
149 127 128 57 
150 57 128 55 
151 128 129 55 
152 55 129 52 
153 129 130 52 
154 52 130 131 
155 52 131 50 
156 50 131 132 
157 50 132 48 
158 48 132 133 
159 48 133 46 
160 46 133 134 
161 46 134 44 
162 44 134 135 
163 44 135 42 
164 42 135 136 
165 42 136 40 
166 40 136 137 
167 40 137 38 
168 38 137 138 
169 38 138 36 
170 36 138 139 
171 36 139 34 
172 34 139 140 
173 34 140 32 
174 32 140 141 
175 32 141 30 
176 30 141 142 
177 30 142 28 
178 28 142 143 
179 28 143 26 
180 26 143 144 
181 26 144 24 
182 24 144 145 
183 24 145 22 
184 22 145 146 
185 22 146 20 
186 20 146 147 
187 20 147 18 
188 18 147 148 
189 18 148 16 
190 16 148 149 
191 16 149 14 
192 14 149 150 
193 14 150 12 
194 12 150 151 
195 12 151 10 
196 10 151 152 
197 10 152 8 
198 8 152 153 
199 8 153 6 
200 6 153 154 
201 6 154 4 
202 4 154 155 
203 4 155 2 
204 2 155 1 
205 1 156 3 
206 3 156 5 
207 156 157 5 
208 5 157 7 
209 157 158 7 
210 7 158 9 
211 158 159 9 
212 9 159 11 
213 159 160 11 
214 11 160 13 
215 160 161 13 
216 13 161 15 
217 161 162 15 
218 15 162 17 
219 162 163 17 
220 17 163 19 
221 163 164 19 
222 19 164 21 
223 164 165 21 
224 21 165 23 
225 165 166 23 
226 23 166 25 
227 166 167 25 
228 25 167 27 
229 167 168 27 
230 27 168 29 
231 168 169 29 
232 29 169 31 
233 169 170 31 
234 31 170 33 
235 170 171 33 
236 33 171 35 
237 171 172 35 
238 35 172 37 
239 172 173 37 
240 37 173 39 
241 173 174 39 
242 39 174 41 
243 174 175 41 
244 41 175 43 
245 175 176 43 
246 43 176 45 
247 176 177 45 
248 45 177 47 
249 177 178 47 
250 47 178 49 
251 178 179 49 
252 49 179 51 
253 179 180 51 
254 51 180 53 
255 180 181 53 
256 53 181 182 
257 53 182 54 
258 54 182 183 
259 54 183 56 
260 56 183 184 
261 56 184 58 
262 58 184 185 
263 58 185 60 
264 60 185 186 
265 60 186 62 
266 62 186 187 
267 62 187 64 
268 64 187 188 
269 64 188 66 
270 66 188 189 
271 66 189 68 
272 68 189 190 
273 68 190 70 
274 70 190 191 
275 70 191 72 
276 72 191 192 
277 72 192 74 
278 74 192 193 
279 74 193 76 
280 76 193 194 
281 76 194 78 
282 78 194 195 
283 78 195 80 
284 80 195 196 
285 80 196 82 
286 82 196 197 
287 82 197 84 
288 84 197 198 
289 84 198 86 
290 86 198 199 
291 86 199 88 
292 88 199 200 
293 88 200 90 
294 90 200 201 
295 90 201 92 
296 92 201 202 
297 92 202 94 
298 94 202 203 
299 94 203 96 
300 96 203 204 
301 96 204 98 
302 98 204 205 
303 98 205 100 
304 100 205 206 
305 100 206 102 
306 102 206 104 
307 104 207 105 
308 105 207 106 
309 207 208 106 
310 106 208 107 
311 208 209 107 
312 107 209 108 
313 209 210 108 
314 108 210 109 
315 210 211 109 
316 109 211 110 
317 211 212 110 
318 110 212 111 
319 212 213 111 
320 111 213 112 
321 213 214 112 
322 112 214 113 
323 214 215 113 
324 113 215 114 
325 215 216 114 
326 114 216 115 
327 216 217 115 
328 115 217 116 
329 217 218 116 
330 116 218 117 
331 218 219 117 
332 117 219 118 
333 219 220 118 
334 118 220 119 
335 220 221 119 
336 119 221 120 
337 221 222 120 
338 120 222 121 
339 222 223 121 
340 121 223 122 
341 223 224 122 
342 122 224 123 
343 224 225 123 
344 123 225 124 
345 225 226 124 
346 124 226 125 
347 226 227 125 
348 125 227 126 
349 227 228 126 
350 126 228 127 
351 228 229 127 
352 127 229 128 
353 229 230 128 
354 128 230 129 
355 230 231 129 
356 129 231 130 
357 231 232 130 
358 130 232 233 
359 130 233 131 
360 131 233 234 
361 131 234 132 
362 132 234 235 
363 132 235 133 
364 133 235 236 
365 133 236 134 
366 134 236 237 
367 134 237 135 
368 135 237 238 
369 135 238 136 
370 136 238 239 
371 136 239 137 
372 137 239 240 
373 137 240 138 
374 138 240 241 
375 138 241 139 
376 139 241 242 
377 139 242 140 
378 140 242 243 
379 140 243 141 
380 141 243 244 
381 141 244 142 
382 142 244 245 
383 142 245 143 
384 143 245 246 
385 143 246 144 
386 144 246 247 
387 144 247 145 
388 145 247 248 
389 145 248 146 
390 146 248 249 
391 146 249 147 
392 147 249 250 
393 147 250 148 
394 148 250 251 
395 148 251 149 
396 149 251 252 
397 149 252 150 
398 150 252 253 
399 150 253 151 
400 151 253 254 
401 151 254 152 
402 152 254 255 
403 152 255 153 
404 153 255 256 
405 153 256 154 
406 154 256 257 
407 154 257 155 
408 155 257 1 
409 1 258 156 
410 156 258 157 
411 258 259 157 
412 157 259 158 
413 259 260 158 
414 158 260 159 
415 260 261 159 
416 159 261 160 
417 261 262 160 
418 160 262 161 
419 262 263 161 
420 161 263 162 
421 263 264 162 
422 162 264 163 
423 264 265 163 
424 163 265 164 
425 265 266 164 
426 164 266 165 
427 266 267 165 
428 165 267 166 
429 267 268 166 
430 166 268 167 
431 268 269 167 
432 167 269 168 
433 269 270 168 
434 168 270 169 
435 270 271 169 
436 169 271 170 
437 271 272 170 
438 170 272 171 
439 272 273 171 
440 171 273 172 
441 273 274 172 
442 172 274 173 
443 274 275 173 
444 173 275 174 
445 275 276 174 
446 174 276 175 
447 276 277 175 
448 175 277 176 
449 277 278 176 
450 176 278 177 
451 278 279 177 
452 177 279 178 
453 279 280 178 
454 178 280 179 
455 280 281 179 
456 179 281 180 
457 281 282 180 
458 180 282 181 
459 282 283 181 
460 181 283 284 
461 181 284 182 
462 182 284 285 
463 182 285 183 
464 183 285 286 
465 183 286 184 
466 184 286 287 
467 184 287 185 
468 185 287 288 
469 185 288 186 
470 186 288 289 
471 186 289 187 
472 187 289 290 
473 187 290 188 
474 188 290 291 
475 188 291 189 
476 189 291 292 
477 189 292 190 
478 190 292 293 
479 190 293 191 
480 191 293 294 
481 191 294 192 
482 192 294 295 
483 192 295 193 
484 193 295 296 
485 193 296 194 
486 194 296 297 
487 194 297 195 
488 195 297 298 
489 195 298 196 
490 196 298 299 
491 196 299 197 
492 197 299 300 
493 197 300 198 
494 198 300 301 
495 198 301 199 
496 199 301 302 
497 199 302 200 
498 200 302 303 
499 200 303 201 
500 201 303 304 
501 201 304 202 
502 202 304 305 
503 202 305 203 
504 203 305 306 
505 203 306 204 
506 204 306 307 
507 204 307 205 
508 205 307 308 
509 205 308 206 
510 206 308 104 
511 104 309 207 
512 207 309 208 
513 309 310 208 
514 208 310 209 
515 310 311 209 
516 209 311 210 
517 311 312 210 
518 210 312 211 
519 312 313 211 
520 211 313 212 
521 313 314 212 
522 212 314 213 
523 314 315 213 
524 213 315 214 
525 315 316 214 
526 214 316 215 
527 316 317 215 
528 215 317 216 
529 317 318 216 
530 216 318 217 
531 318 319 217 
532 217 319 218 
533 319 320 218 
534 218 320 219 
535 320 321 219 
536 219 321 220 
537 321 322 220 
538 220 322 221 
539 322 323 221 
540 221 323 222 
541 323 324 222 
542 222 324 223 
543 324 325 223 
544 223 325 224 
545 325 326 224 
546 224 326 225 
547 326 327 225 
548 225 327 226 
549 327 328 226 
550 226 328 227 
551 328 329 227 
552 227 329 228 
553 329 330 228 
554 228 330 229 
555 330 331 229 
556 229 331 230 
557 331 332 230 
558 230 332 231 
559 332 333 231 
560 231 333 232 
561 333 334 232 
562 232 334 335 
563 232 335 233 
564 233 335 336 
565 233 336 234 
566 234 336 337 
567 234 337 235 
568 235 337 338 
569 235 338 236 
570 236 338 339 
571 236 339 237 
572 237 339 340 
573 237 340 238 
574 238 340 341 
575 238 341 239 
576 239 341 342 
577 239 342 240 
578 240 342 343 
579 240 343 241 
580 241 343 344 
581 241 344 242 
582 242 344 345 
583 242 345 243 
584 243 345 346 
585 243 346 244 
586 244 346 347 
587 244 347 245 
588 245 347 348 
589 245 348 246 
590 246 348 349 
591 246 349 247 
592 247 349 350 
593 247 350 248 
594 248 350 351 
595 248 351 249 
596 249 351 352 
597 249 352 250 
598 250 352 353 
599 250 353 251 
600 251 353 354 
601 251 354 252 
602 252 354 355 
603 252 355 253 
604 253 355 356 
605 253 356 254 
606 254 356 357 
607 254 357 255 
608 255 357 358 
609 255 358 256 
610 256 358 359 
611 256 359 257 
612 257 359 1 
613 1 360 258 
614 360 361 258 
615 258 361 259 
616 361 362 259 
617 259 362 260 
618 362 363 260 
619 260 363 261 
620 363 364 261 
621 261 364 262 
622 364 365 262 
623 262 365 263 
624 365 366 263 
625 263 366 264 
626 366 367 264 
627 264 367 265 
628 367 368 265 
629 265 368 266 
630 368 369 266 
631 266 369 267 
632 369 370 267 
633 267 370 268 
634 370 371 268 
635 268 371 269 
636 371 372 269 
637 269 372 270 
638 372 373 270 
639 270 373 271 
640 373 374 271 
641 271 374 272 
642 374 375 272 
643 272 375 273 
644 375 376 273 
645 273 376 274 
646 376 377 274 
647 274 377 275 
648 377 378 275 
649 275 378 276 
650 378 379 276 
651 276 379 277 
652 379 380 277 
653 277 380 278 
654 380 381 278 
655 278 381 279 
656 381 382 279 
657 279 382 280 
658 382 383 280 
659 280 383 281 
660 383 384 281 
661 281 384 282 
662 384 385 282 
663 282 385 283 
664 385 386 283 
665 283 386 387 
666 283 387 284 
667 284 387 388 
668 284 388 285 
669 285 388 389 
670 285 389 286 
671 286 389 390 
672 286 390 287 
673 287 390 391 
674 287 391 288 
675 288 391 392 
676 288 392 289 
677 289 392 393 
678 289 393 290 
679 290 393 394 
680 290 394 291 
681 291 394 395 
682 291 395 292 
683 292 395 396 
684 292 396 293 
685 293 396 397 
686 293 397 294 
687 294 397 398 
688 294 398 295 
689 295 398 399 
690 295 399 296 
691 296 399 400 
692 296 400 297 
693 297 400 401 
694 297 401 298 
695 298 401 402 
696 298 402 299 
697 299 402 403 
698 299 403 300 
699 300 403 404 
700 300 404 301 
701 301 404 405 
702 301 405 302 
703 302 405 406 
704 302 406 303 
705 303 406 407 
706 303 407 304 
707 304 407 408 
708 304 408 305 
709 305 408 409 
710 305 409 306 
711 306 409 410 
712 306 410 307 
713 307 410 411 
714 307 411 308 
715 308 411 412 
716 308 412 104 
717 104 412 309 
718 412 413 309 
719 309 413 310 
720 413 414 310 
721 310 414 311 
722 414 415 311 
723 311 415 312 
724 415 416 312 
725 312 416 313 
726 416 417 313 
727 313 417 314 
728 417 418 314 
729 314 418 315 
730 418 419 315 
731 315 419 316 
732 419 420 316 
733 316 420 317 
734 420 421 317 
735 317 421 318 
736 421 422 318 
737 318 422 319 
738 422 423 319 
739 319 423 320 
740 423 424 320 
741 320 424 321 
742 424 425 321 
743 321 425 322 
744 425 426 322 
745 322 426 323 
746 426 427 323 
747 323 427 324 
748 427 428 324 
749 324 428 325 
750 428 429 325 
751 325 429 326 
752 429 430 326 
753 326 430 327 
754 430 431 327 
755 327 431 328 
756 431 432 328 
757 328 432 329 
758 432 433 329 
759 329 433 330 
760 433 434 330 
761 330 434 331 
762 434 435 331 
763 331 435 332 
764 435 436 332 
765 332 436 333 
766 436 437 333 
767 333 437 334 
768 437 438 334 
769 334 438 439 
770 334 439 335 
771 335 439 440 
772 335 440 336 
773 336 440 441 
774 336 441 337 
775 337 441 442 
776 337 442 338 
777 338 442 443 
778 338 443 339 
779 339 443 444 
780 339 444 340 
781 340 444 445 
782 340 445 341 
783 341 445 446 
784 341 446 342 
785 342 446 447 
786 342 447 343 
787 343 447 448 
788 343 448 344 
789 344 448 449 
790 344 449 345 
791 345 449 450 
792 345 450 346 
793 346 450 451 
794 346 451 347 
795 347 451 452 
796 347 452 348 
797 348 452 453 
798 348 453 349 
799 349 453 454 
800 349 454 350 
801 350 454 455 
802 350 455 351 
803 351 455 456 
804 351 456 352 
805 352 456 457 
806 352 457 353 
807 353 457 458 
808 353 458 354 
809 354 458 459 
810 354 459 355 
811 355 459 460 
812 355 460 356 
813 356 460 461 
814 356 461 357 
815 357 461 462 
816 357 462 358 
817 358 462 463 
818 358 463 359 
819 359 463 360 
820 359 360 1 
821 360 464 361 
822 464 465 361 
823 361 465 362 
824 465 466 362 
825 362 466 363 
826 466 467 363 
827 363 467 364 
828 467 468 364 
829 364 468 365 
830 468 469 365 
831 365 469 366 
832 469 470 366 
833 366 470 367 
834 470 471 367 
835 367 471 368 
836 471 472 368 
837 368 472 369 
838 472 473 369 
839 369 473 370 
840 473 474 370 
841 370 474 371 
842 474 475 371 
843 371 475 372 
844 475 476 372 
845 372 476 373 
846 476 477 373 
847 373 477 374 
848 477 478 374 
849 374 478 375 
850 478 479 375 
851 375 479 376 
852 479 480 376 
853 376 480 377 
854 480 481 377 
855 377 481 378 
856 481 482 378 
857 378 482 379 
858 482 483 379 
859 379 483 380 
860 483 484 380 
861 380 484 381 
862 484 485 381 
863 381 485 382 
864 485 486 382 
865 382 486 383 
866 486 487 383 
867 383 487 384 
868 487 488 384 
869 384 488 385 
870 488 489 385 
871 385 489 386 
872 489 490 386 
873 386 490 491 
874 386 491 387 
875 387 491 492 
876 387 492 388 
877 388 492 493 
878 388 493 389 
879 389 493 494 
880 389 494 390 
881 390 494 495 
882 390 495 391 
883 391 495 496 
884 391 496 392 
885 392 496 497 
886 392 497 393 
887 393 497 498 
888 393 498 394 
889 394 498 499 
890 394 499 395 
891 395 499 500 
892 395 500 396 
893 396 500 501 
894 396 501 397 
895 397 501 502 
896 397 502 398 
897 398 502 503 
898 398 503 399 
899 399 503 504 
900 399 504 400 
901 400 504 505 
902 400 505 401 
903 401 505 506 
904 401 506 402 
905 402 506 507 
906 402 507 403 
907 403 507 508 
908 403 508 404 
909 404 508 509 
910 404 509 405 
911 405 509 510 
912 405 510 406 
913 406 510 511 
914 406 511 407 
915 407 511 512 
916 407 512 408 
917 408 512 513 
918 408 513 409 
919 409 513 514 
920 409 514 410 
921 410 514 515 
922 410 515 411 
923 411 515 516 
924 411 516 412 
925 412 516 413 
926 516 517 413 
927 413 517 414 
928 517 518 414 
929 414 518 415 
930 518 519 415 
931 415 519 416 
932 519 520 416 
933 416 520 417 
934 520 521 417 
935 417 521 418 
936 521 522 418 
937 418 522 419 
938 522 523 419 
939 419 523 420 
940 523 524 420 
941 420 524 421 
942 524 525 421 
943 421 525 422 
944 525 526 422 
945 422 526 423 
946 526 527 423 
947 423 527 424 
948 527 528 424 
949 424 528 425 
950 528 529 425 
951 425 529 426 
952 529 530 426 
953 426 530 427 
954 530 531 427 
955 427 531 428 
956 531 532 428 
957 428 532 429 
958 532 533 429 
959 429 533 430 
960 533 534 430 
961 430 534 431 
962 534 535 431 
963 431 535 432 
964 535 536 432 
965 432 536 433 
966 536 537 433 
967 433 537 434 
968 537 538 434 
969 434 538 435 
970 538 539 435 
971 435 539 436 
972 539 540 436 
973 436 540 437 
974 540 541 437 
975 437 541 438 
976 541 542 438 
977 438 542 543 
978 438 543 439 
979 439 543 544 
980 439 544 440 
981 440 544 545 
982 440 545 441 
983 441 545 546 
984 441 546 442 
985 442 546 547 
986 442 547 443 
987 443 547 548 
988 443 548 444 
989 444 548 549 
990 444 549 445 
991 445 549 550 
992 445 550 446 
993 446 550 551 
994 446 551 447 
995 447 551 552 
996 447 552 448 
997 448 552 553 
998 448 553 449 
999 449 553 554 
1000 449 554 450 
1001 450 554 555 
1002 450 555 451 
1003 451 555 556 
1004 451 556 452 
1005 452 556 557 
1006 452 557 453 
1007 453 557 558 
1008 453 558 454 
1009 454 558 559 
1010 454 559 455 
1011 455 559 560 
1012 455 560 456 
1013 456 560 561 
1014 456 561 457 
1015 457 561 562 
1016 457 562 458 
1017 458 562 563 
1018 458 563 459 
1019 459 563 564 
1020 459 564 460 
1021 460 564 565 
1022 460 565 461 
1023 461 565 566 
1024 461 566 462 
1025 462 566 567 
1026 462 567 463 
1027 463 567 464 
1028 463 464 360 
1029 464 568 465 
1030 568 569 465 
1031 465 569 466 
1032 569 570 466 
1033 466 570 467 
1034 570 571 467 
1035 467 571 468 
1036 571 572 468 
1037 468 572 469 
1038 572 573 469 
1039 469 573 470 
1040 573 574 470 
1041 470 574 471 
1042 574 575 471 
1043 471 575 472 
1044 575 576 472 
1045 472 576 473 
1046 576 577 473 
1047 473 577 474 
1048 577 578 474 
1049 474 578 475 
1050 578 579 475 
1051 475 579 476 
1052 579 580 476 
1053 476 580 477 
1054 580 581 477 
1055 477 581 478 
1056 581 582 478 
1057 478 582 479 
1058 582 583 479 
1059 479 583 480 
1060 583 584 480 
1061 480 584 481 
1062 584 585 481 
1063 481 585 482 
1064 585 586 482 
1065 482 586 483 
1066 586 587 483 
1067 483 587 484 
1068 587 588 484 
1069 484 588 485 
1070 588 589 485 
1071 485 589 486 
1072 589 590 486 
1073 486 590 487 
1074 590 591 487 
1075 487 591 488 
1076 591 592 488 
1077 488 592 489 
1078 592 593 489 
1079 489 593 490 
1080 593 594 490 
1081 490 594 595 
1082 490 595 491 
1083 491 595 596 
1084 491 596 492 
1085 492 596 597 
1086 492 597 493 
1087 493 597 598 
1088 493 598 494 
1089 494 598 599 
1090 494 599 495 
1091 495 599 600 
1092 495 600 496 
1093 496 600 601 
1094 496 601 497 
1095 497 601 602 
1096 497 602 498 
1097 498 602 603 
1098 498 603 499 
1099 499 603 604 
1100 499 604 500 
1101 500 604 605 
1102 500 605 501 
1103 501 605 606 
1104 501 606 502 
1105 502 606 607 
1106 502 607 503 
1107 503 607 608 
1108 503 608 504 
1109 504 608 609 
1110 504 609 505 
1111 505 609 610 
1112 505 610 506 
1113 506 610 611 
1114 506 611 507 
1115 507 611 612 
1116 507 612 508 
1117 508 612 613 
1118 508 613 509 
1119 509 613 614 
1120 509 614 510 
1121 510 614 615 
1122 510 615 511 
1123 511 615 616 
1124 511 616 512 
1125 512 616 617 
1126 512 617 513 
1127 513 617 618 
1128 513 618 514 
1129 514 618 619 
1130 514 619 515 
1131 515 619 620 
1132 515 620 516 
1133 516 620 517 
1134 620 621 517 
1135 517 621 518 
1136 621 622 518 
1137 518 622 519 
1138 622 623 519 
1139 519 623 520 
1140 623 624 520 
1141 520 624 521 
1142 624 625 521 
1143 521 625 522 
1144 625 626 522 
1145 522 626 523 
1146 626 627 523 
1147 523 627 524 
1148 627 628 524 
1149 524 628 525 
1150 628 629 525 
1151 525 629 526 
1152 629 630 526 
1153 526 630 527 
1154 630 631 527 
1155 527 631 528 
1156 631 632 528 
1157 528 632 529 
1158 632 633 529 
1159 529 633 530 
1160 633 634 530 
1161 530 634 531 
1162 634 635 531 
1163 531 635 532 
1164 635 636 532 
1165 532 636 533 
1166 636 637 533 
1167 533 637 534 
1168 637 638 534 
1169 534 638 535 
1170 638 639 535 
1171 535 639 536 
1172 639 640 536 
1173 536 640 537 
1174 640 641 537 
1175 537 641 538 
1176 641 642 538 
1177 538 642 539 
1178 642 643 539 
1179 539 643 540 
1180 643 644 540 
1181 540 644 541 
1182 644 645 541 
1183 541 645 542 
1184 645 646 542 
1185 542 646 647 
1186 542 647 543 
1187 543 647 648 
1188 543 648 544 
1189 544 648 649 
1190 544 649 545 
1191 545 649 650 
1192 545 650 546 
1193 546 650 651 
1194 546 651 547 
1195 547 651 652 
1196 547 652 548 
1197 548 652 653 
1198 548 653 549 
1199 549 653 654 
1200 549 654 550 
1201 550 654 655 
1202 550 655 551 
1203 551 655 656 
1204 551 656 552 
1205 552 656 657 
1206 552 657 553 
1207 553 657 658 
1208 553 658 554 
1209 554 658 659 
1210 554 659 555 
1211 555 659 660 
1212 555 660 556 
1213 556 660 661 
1214 556 661 557 
1215 557 661 662 
1216 557 662 558 
1217 558 662 663 
1218 558 663 559 
1219 559 663 664 
1220 559 664 560 
1221 560 664 665 
1222 560 665 561 
1223 561 665 666 
1224 561 666 562 
1225 562 666 667 
1226 562 667 563 
1227 563 667 668 
1228 563 668 564 
1229 564 668 669 
1230 564 669 565 
1231 565 669 670 
1232 565 670 566 
1233 566 670 671 
1234 566 671 567 
1235 567 671 568 
1236 567 568 464 
1237 568 672 569 
1238 672 673 569 
1239 569 673 570 
1240 673 674 570 
1241 570 674 571 
1242 674 675 571 
1243 571 675 572 
1244 675 676 572 
1245 572 676 573 
1246 676 677 573 
1247 573 677 574 
1248 677 678 574 
1249 574 678 575 
1250 678 679 575 
1251 575 679 576 
1252 679 680 576 
1253 576 680 577 
1254 680 681 577 
1255 577 681 578 
1256 681 682 578 
1257 578 682 579 
1258 682 683 579 
1259 579 683 580 
1260 683 684 580 
1261 580 684 581 
1262 684 685 581 
1263 581 685 582 
1264 685 686 582 
1265 582 686 583 
1266 686 687 583 
1267 583 687 584 
1268 687 688 584 
1269 584 688 585 
1270 688 689 585 
1271 585 689 586 
1272 689 690 586 
1273 586 690 587 
1274 690 691 587 
1275 587 691 588 
1276 691 692 588 
1277 588 692 589 
1278 692 693 589 
1279 589 693 590 
1280 693 694 590 
1281 590 694 591 
1282 694 695 591 
1283 591 695 592 
1284 695 696 592 
1285 592 696 593 
1286 696 697 593 
1287 593 697 594 
1288 697 698 594 
1289 594 698 699 
1290 594 699 595 
1291 595 699 700 
1292 595 700 596 
1293 596 700 701 
1294 596 701 597 
1295 597 701 702 
1296 597 702 598 
1297 598 702 703 
1298 598 703 599 
1299 599 703 704 
1300 599 704 600 
1301 600 704 705 
1302 600 705 601 
1303 601 705 706 
1304 601 706 602 
1305 602 706 707 
1306 602 707 603 
1307 603 707 708 
1308 603 708 604 
1309 604 708 709 
1310 604 709 605 
1311 605 709 710 
1312 605 710 606 
1313 606 710 711 
1314 606 711 607 
1315 607 711 712 
1316 607 712 608 
1317 608 712 713 
1318 608 713 609 
1319 609 713 714 
1320 609 714 610 
1321 610 714 715 
1322 610 715 611 
1323 611 715 716 
1324 611 716 612 
1325 612 716 717 
1326 612 717 613 
1327 613 717 718 
1328 613 718 614 
1329 614 718 719 
1330 614 719 615 
1331 615 719 720 
1332 615 720 616 
1333 616 720 721 
1334 616 721 617 
1335 617 721 722 
1336 617 722 618 
1337 618 722 723 
1338 618 723 619 
1339 619 723 724 
1340 619 724 620 
1341 620 724 621 
1342 724 725 621 
1343 621 725 622 
1344 725 726 622 
1345 622 726 623 
1346 726 727 623 
1347 623 727 624 
1348 727 728 624 
1349 624 728 625 
1350 728 729 625 
1351 625 729 626 
1352 729 730 626 
1353 626 730 627 
1354 730 731 627 
1355 627 731 628 
1356 731 732 628 
1357 628 732 629 
1358 732 733 629 
1359 629 733 630 
1360 733 734 630 
1361 630 734 631 
1362 734 735 631 
1363 631 735 632 
1364 735 736 632 
1365 632 736 633 
1366 736 737 633 
1367 633 737 634 
1368 737 738 634 
1369 634 738 635 
1370 738 739 635 
1371 635 739 636 
1372 739 740 636 
1373 636 740 637 
1374 740 741 637 
1375 637 741 638 
1376 741 742 638 
1377 638 742 639 
1378 742 743 639 
1379 639 743 640 
1380 743 744 640 
1381 640 744 641 
1382 744 745 641 
1383 641 745 642 
1384 745 746 642 
1385 642 746 643 
1386 746 747 643 
1387 643 747 644 
1388 747 748 644 
1389 644 748 645 
1390 748 749 645 
1391 645 749 646 
1392 749 750 646 
1393 646 750 751 
1394 646 751 647 
1395 647 751 752 
1396 647 752 648 
1397 648 752 753 
1398 648 753 649 
1399 649 753 754 
1400 649 754 650 
1401 650 754 755 
1402 650 755 651 
1403 651 755 756 
1404 651 756 652 
1405 652 756 757 
1406 652 757 653 
1407 653 757 758 
1408 653 758 654 
1409 654 758 759 
1410 654 759 655 
1411 655 759 760 
1412 655 760 656 
1413 656 760 761 
1414 656 761 657 
1415 657 761 762 
1416 657 762 658 
1417 658 762 763 
1418 658 763 659 
1419 659 763 764 
1420 659 764 660 
1421 660 764 765 
1422 660 765 661 
1423 661 765 766 
1424 661 766 662 
1425 662 766 767 
1426 662 767 663 
1427 663 767 768 
1428 663 768 664 
1429 664 768 769 
1430 664 769 665 
1431 665 769 770 
1432 665 770 666 
1433 666 770 771 
1434 666 771 667 
1435 667 771 772 
1436 667 772 668 
1437 668 772 773 
1438 668 773 669 
1439 669 773 774 
1440 669 774 670 
1441 670 774 775 
1442 670 775 671 
1443 671 775 672 
1444 671 672 568 
1445 672 776 673 
1446 776 777 673 
1447 673 777 674 
1448 777 778 674 
1449 674 778 675 
1450 778 779 675 
1451 675 779 676 
1452 779 780 676 
1453 676 780 677 
1454 780 781 677 
1455 677 781 678 
1456 781 782 678 
1457 678 782 679 
1458 782 783 679 
1459 679 783 680 
1460 783 784 680 
1461 680 784 681 
1462 784 785 681 
1463 681 785 682 
1464 785 786 682 
1465 682 786 683 
1466 786 787 683 
1467 683 787 684 
1468 787 788 684 
1469 684 788 685 
1470 788 789 685 
1471 685 789 686 
1472 789 790 686 
1473 686 790 687 
1474 790 791 687 
1475 687 791 688 
1476 791 792 688 
1477 688 792 689 
1478 792 793 689 
1479 689 793 690 
1480 793 794 690 
1481 690 794 691 
1482 794 795 691 
1483 691 795 692 
1484 795 796 692 
1485 692 796 693 
1486 796 797 693 
1487 693 797 694 
1488 797 798 694 
1489 694 798 695 
1490 798 799 695 
1491 695 799 696 
1492 799 800 696 
1493 696 800 697 
1494 800 801 697 
1495 697 801 698 
1496 801 802 698 
1497 698 802 803 
1498 698 803 699 
1499 699 803 804 
1500 699 804 700 
1501 700 804 805 
1502 700 805 701 
1503 701 805 806 
1504 701 806 702 
1505 702 806 807 
1506 702 807 703 
1507 703 807 808 
1508 703 808 704 
1509 704 808 809 
1510 704 809 705 
1511 705 809 810 
1512 705 810 706 
1513 706 810 811 
1514 706 811 707 
1515 707 811 812 
1516 707 812 708 
1517 708 812 813 
1518 708 813 709 
1519 709 813 814 
1520 709 814 710 
1521 710 814 815 
1522 710 815 711 
1523 711 815 816 
1524 711 816 712 
1525 712 816 817 
1526 712 817 713 
1527 713 817 818 
1528 713 818 714 
1529 714 818 819 
1530 714 819 715 
1531 715 819 820 
1532 715 820 716 
1533 716 820 821 
1534 716 821 717 
1535 717 821 822 
1536 717 822 718 
1537 718 822 823 
1538 718 823 719 
1539 719 823 824 
1540 719 824 720 
1541 720 824 825 
1542 720 825 721 
1543 721 825 826 
1544 721 826 722 
1545 722 826 827 
1546 722 827 723 
1547 723 827 828 
1548 723 828 724 
1549 724 828 725 
1550 828 829 725 
1551 725 829 726 
1552 829 830 726 
1553 726 830 727 
1554 830 831 727 
1555 727 831 728 
1556 831 832 728 
1557 728 832 729 
1558 832 833 729 
1559 729 833 730 
1560 833 834 730 
1561 730 834 731 
1562 834 835 731 
1563 731 835 732 
1564 835 836 732 
1565 732 836 733 
1566 836 837 733 
1567 733 837 734 
1568 837 838 734 
1569 734 838 735 
1570 838 839 735 
1571 735 839 736 
1572 839 840 736 
1573 736 840 737 
1574 840 841 737 
1575 737 841 738 
1576 841 842 738 
1577 738 842 739 
1578 842 843 739 
1579 739 843 740 
1580 843 844 740 
1581 740 844 741 
1582 844 845 741 
1583 741 845 742 
1584 845 846 742 
1585 742 846 743 
1586 846 847 743 
1587 743 847 744 
1588 847 848 744 
1589 744 848 745 
1590 848 849 745 
1591 745 849 746 
1592 849 850 746 
1593 746 850 747 
1594 850 851 747 
1595 747 851 748 
1596 851 852 748 
1597 748 852 749 
1598 852 853 749 
1599 749 853 750 
1600 853 854 750 
1601 750 854 855 
1602 750 855 751 
1603 751 855 856 
1604 751 856 752 
1605 752 856 857 
1606 752 857 753 
1607 753 857 858 
1608 753 858 754 
1609 754 858 859 
1610 754 859 755 
1611 755 859 860 
1612 755 860 756 
1613 756 860 861 
1614 756 861 757 
1615 757 861 862 
1616 757 862 758 
1617 758 862 863 
1618 758 863 759 
1619 759 863 864 
1620 759 864 760 
1621 760 864 865 
1622 760 865 761 
1623 761 865 866 
1624 761 866 762 
1625 762 866 867 
1626 762 867 763 
1627 763 867 868 
1628 763 868 764 
1629 764 868 869 
1630 764 869 765 
1631 765 869 870 
1632 765 870 766 
1633 766 870 871 
1634 766 871 767 
1635 767 871 872 
1636 767 872 768 
1637 768 872 873 
1638 768 873 769 
1639 769 873 874 
1640 769 874 770 
1641 770 874 875 
1642 770 875 771 
1643 771 875 876 
1644 771 876 772 
1645 772 876 877 
1646 772 877 773 
1647 773 877 878 
1648 773 878 774 
1649 774 878 879 
1650 774 879 775 
1651 775 879 776 
1652 775 776 672 
1653 776 880 777 
1654 880 881 777 
1655 777 881 778 
1656 881 882 778 
1657 778 882 779 
1658 882 883 779 
1659 779 883 780 
1660 883 884 780 
1661 780 884 781 
1662 884 885 781 
1663 781 885 782 
1664 885 886 782 
1665 782 886 783 
1666 886 887 783 
1667 783 887 784 
1668 887 888 784 
1669 784 888 785 
1670 888 889 785 
1671 785 889 786 
1672 889 890 786 
1673 786 890 787 
1674 890 891 787 
1675 787 891 788 
1676 891 892 788 
1677 788 892 789 
1678 892 893 789 
1679 789 893 790 
1680 893 894 790 
1681 790 894 791 
1682 894 895 791 
1683 791 895 792 
1684 895 896 792 
1685 792 896 793 
1686 896 897 793 
1687 793 897 794 
1688 897 898 794 
1689 794 898 795 
1690 898 899 795 
1691 795 899 796 
1692 899 900 796 
1693 796 900 797 
1694 900 901 797 
1695 797 901 798 
1696 901 902 798 
1697 798 902 799 
1698 902 903 799 
1699 799 903 800 
1700 903 904 800 
1701 800 904 801 
1702 904 905 801 
1703 801 905 802 
1704 905 906 802 
1705 802 906 907 
1706 802 907 803 
1707 803 907 908 
1708 803 908 804 
1709 804 908 909 
1710 804 909 805 
1711 805 909 910 
1712 805 910 806 
1713 806 910 911 
1714 806 911 807 
1715 807 911 912 
1716 807 912 808 
1717 808 912 913 
1718 808 913 809 
1719 809 913 914 
1720 809 914 810 
1721 810 914 915 
1722 810 915 811 
1723 811 915 916 
1724 811 916 812 
1725 812 916 917 
1726 812 917 813 
1727 813 917 918 
1728 813 918 814 
1729 814 918 919 
1730 814 919 815 
1731 815 919 920 
1732 815 920 816 
1733 816 920 921 
1734 816 921 817 
1735 817 921 922 
1736 817 922 818 
1737 818 922 923 
1738 818 923 819 
1739 819 923 924 
1740 819 924 820 
1741 820 924 925 
1742 820 925 821 
1743 821 925 926 
1744 821 926 822 
1745 822 926 927 
1746 822 927 823 
1747 823 927 928 
1748 823 928 824 
1749 824 928 929 
1750 824 929 825 
1751 825 929 930 
1752 825 930 826 
1753 826 930 931 
1754 826 931 827 
1755 827 931 932 
1756 827 932 828 
1757 828 932 829 
1758 932 933 829 
1759 829 933 830 
1760 933 934 830 
1761 830 934 831 
1762 934 935 831 
1763 831 935 832 
1764 935 936 832 
1765 832 936 833 
1766 936 937 833 
1767 833 937 834 
1768 937 938 834 
1769 834 938 835 
1770 938 939 835 
1771 835 939 836 
1772 939 940 836 
1773 836 940 837 
1774 940 941 837 
1775 837 941 838 
1776 941 942 838 
1777 838 942 839 
1778 942 943 839 
1779 839 943 840 
1780 943 944 840 
1781 840 944 841 
1782 944 945 841 
1783 841 945 842 
1784 945 946 842 
1785 842 946 843 
1786 946 947 843 
1787 843 947 844 
1788 947 948 844 
1789 844 948 845 
1790 948 949 845 
1791 845 949 846 
1792 949 950 846 
1793 846 950 847 
1794 950 951 847 
1795 847 951 848 
1796 951 952 848 
1797 848 952 849 
1798 952 953 849 
1799 849 953 850 
1800 953 954 850 
1801 850 954 851 
1802 954 955 851 
1803 851 955 852 
1804 955 956 852 
1805 852 956 853 
1806 956 957 853 
1807 853 957 854 
1808 957 958 854 
1809 854 958 959 
1810 854 959 855 
1811 855 959 960 
1812 855 960 856 
1813 856 960 961 
1814 856 961 857 
1815 857 961 962 
1816 857 962 858 
1817 858 962 963 
1818 858 963 859 
1819 859 963 964 
1820 859 964 860 
1821 860 964 965 
1822 860 965 861 
1823 861 965 966 
1824 861 966 862 
1825 862 966 967 
1826 862 967 863 
1827 863 967 968 
1828 863 968 864 
1829 864 968 969 
1830 864 969 865 
1831 865 969 970 
1832 865 970 866 
1833 866 970 971 
1834 866 971 867 
1835 867 971 972 
1836 867 972 868 
1837 868 972 973 
1838 868 973 869 
1839 869 973 974 
1840 869 974 870 
1841 870 974 975 
1842 870 975 871 
1843 871 975 976 
1844 871 976 872 
1845 872 976 977 
1846 872 977 873 
1847 873 977 978 
1848 873 978 874 
1849 874 978 979 
1850 874 979 875 
1851 875 979 980 
1852 875 980 876 
1853 876 980 981 
1854 876 981 877 
1855 877 981 982 
1856 877 982 878 
1857 878 982 983 
1858 878 983 879 
1859 879 983 880 
1860 879 880 776 
1861 880 984 881 
1862 984 985 881 
1863 881 985 882 
1864 985 986 882 
1865 882 986 883 
1866 986 987 883 
1867 883 987 884 
1868 987 988 884 
1869 884 988 885 
1870 988 989 885 
1871 885 989 886 
1872 989 990 886 
1873 886 990 887 
1874 990 991 887 
1875 887 991 888 
1876 991 992 888 
1877 888 992 889 
1878 992 993 889 
1879 889 993 890 
1880 993 994 890 
1881 890 994 891 
1882 994 995 891 
1883 891 995 892 
1884 995 996 892 
1885 892 996 893 
1886 996 997 893 
1887 893 997 894 
1888 997 998 894 
1889 894 998 895 
1890 998 999 895 
1891 895 999 896 
1892 999 1000 896 
1893 896 1000 897 
1894 1000 1001 897 
1895 897 1001 898 
1896 1001 1002 898 
1897 898 1002 899 
1898 1002 1003 899 
1899 899 1003 900 
1900 1003 1004 900 
1901 900 1004 901 
1902 1004 1005 901 
1903 901 1005 902 
1904 1005 1006 902 
1905 902 1006 903 
1906 1006 1007 903 
1907 903 1007 904 
1908 1007 1008 904 
1909 904 1008 905 
1910 1008 1009 905 
1911 905 1009 906 
1912 1009 1010 906 
1913 906 1010 1011 
1914 906 1011 907 
1915 907 1011 1012 
1916 907 1012 908 
1917 908 1012 1013 
1918 908 1013 909 
1919 909 1013 1014 
1920 909 1014 910 
1921 910 1014 1015 
1922 910 1015 911 
1923 911 1015 1016 
1924 911 1016 912 
1925 912 1016 1017 
1926 912 1017 913 
1927 913 1017 1018 
1928 913 1018 914 
1929 914 1018 1019 
1930 914 1019 915 
1931 915 1019 1020 
1932 915 1020 916 
1933 916 1020 1021 
1934 916 1021 917 
1935 917 1021 1022 
1936 917 1022 918 
1937 918 1022 1023 
1938 918 1023 919 
1939 919 1023 1024 
1940 919 1024 920 
1941 920 1024 1025 
1942 920 1025 921 
1943 921 1025 1026 
1944 921 1026 922 
1945 922 1026 1027 
1946 922 1027 923 
1947 923 1027 1028 
1948 923 1028 924 
1949 924 1028 1029 
1950 924 1029 925 
1951 925 1029 1030 
1952 925 1030 926 
1953 926 1030 1031 
1954 926 1031 927 
1955 927 1031 1032 
1956 927 1032 928 
1957 928 1032 1033 
1958 928 1033 929 
1959 929 1033 1034 
1960 929 1034 930 
1961 930 1034 1035 
1962 930 1035 931 
1963 931 1035 1036 
1964 931 1036 932 
1965 932 1036 933 
1966 1036 1037 933 
1967 933 1037 934 
1968 1037 1038 934 
1969 934 1038 935 
1970 1038 1039 935 
1971 935 1039 936 
1972 1039 1040 936 
1973 936 1040 937 
1974 1040 1041 937 
1975 937 1041 938 
1976 1041 1042 938 
1977 938 1042 939 
1978 1042 1043 939 
1979 939 1043 940 
1980 1043 1044 940 
1981 940 1044 941 
1982 1044 1045 941 
1983 941 1045 942 
1984 1045 1046 942 
1985 942 1046 943 
1986 1046 1047 943 
1987 943 1047 944 
1988 1047 1048 944 
1989 944 1048 945 
1990 1048 1049 945 
1991 945 1049 946 
1992 1049 1050 946 
1993 946 1050 947 
1994 1050 1051 947 
1995 947 1051 948 
1996 1051 1052 948 
1997 948 1052 949 
1998 1052 1053 949 
1999 949 1053 950 
2000 1053 1054 950 
2001 950 1054 951 
2002 1054 1055 951 
2003 951 1055 952 
2004 1055 1056 952 
2005 952 1056 953 
2006 1056 1057 953 
2007 953 1057 954 
2008 1057 1058 954 
2009 954 1058 955 
2010 1058 1059 955 
2011 955 1059 956 
2012 1059 1060 956 
2013 956 1060 957 
2014 1060 1061 957 
2015 957 1061 958 
2016 1061 1062 958 
2017 958 1062 1063 
2018 958 1063 959 
2019 959 1063 1064 
2020 959 1064 960 
2021 960 1064 1065 
2022 960 1065 961 
2023 961 1065 1066 
2024 961 1066 962 
2025 962 1066 1067 
2026 962 1067 963 
2027 963 1067 1068 
2028 963 1068 964 
2029 964 1068 1069 
2030 964 1069 965 
2031 965 1069 1070 
2032 965 1070 966 
2033 966 1070 1071 
2034 966 1071 967 
2035 967 1071 1072 
2036 967 1072 968 
2037 968 1072 1073 
2038 968 1073 969 
2039 969 1073 1074 
2040 969 1074 970 
2041 970 1074 1075 
2042 970 1075 971 
2043 971 1075 1076 
2044 971 1076 972 
2045 972 1076 1077 
2046 972 1077 973 
2047 973 1077 1078 
2048 973 1078 974 
2049 974 1078 1079 
2050 974 1079 975 
2051 975 1079 1080 
2052 975 1080 976 
2053 976 1080 1081 
2054 976 1081 977 
2055 977 1081 1082 
2056 977 1082 978 
2057 978 1082 1083 
2058 978 1083 979 
2059 979 1083 1084 
2060 979 1084 980 
2061 980 1084 1085 
2062 980 1085 981 
2063 981 1085 1086 
2064 981 1086 982 
2065 982 1086 1087 
2066 982 1087 983 
2067 983 1087 984 
2068 983 984 880 
2069 984 1088 985 
2070 1088 1089 985 
2071 985 1089 986 
2072 1089 1090 986 
2073 986 1090 987 
2074 1090 1091 987 
2075 987 1091 988 
2076 1091 1092 988 
2077 988 1092 989 
2078 1092 1093 989 
2079 989 1093 990 
2080 1093 1094 990 
2081 990 1094 991 
2082 1094 1095 991 
2083 991 1095 992 
2084 1095 1096 992 
2085 992 1096 993 
2086 1096 1097 993 
2087 993 1097 994 
2088 1097 1098 994 
2089 994 1098 995 
2090 1098 1099 995 
2091 995 1099 996 
2092 1099 1100 996 
2093 996 1100 997 
2094 1100 1101 997 
2095 997 1101 998 
2096 1101 1102 998 
2097 998 1102 999 
2098 1102 1103 999 
2099 999 1103 1000 
2100 1103 1104 1000 
2101 1000 1104 1001 
2102 1104 1105 1001 
2103 1001 1105 1002 
2104 1105 1106 1002 
2105 1002 1106 1003 
2106 1106 1107 1003 
2107 1003 1107 1004 
2108 1107 1108 1004 
2109 1004 1108 1005 
2110 1108 1109 1005 
2111 1005 1109 1006 
2112 1109 1110 1006 
2113 1006 1110 1007 
2114 1110 1111 1007 
2115 1007 1111 1008 
2116 1111 1112 1008 
2117 1008 1112 1009 
2118 1112 1113 1009 
2119 1009 1113 1010 
2120 1113 1114 1010 
2121 1010 1114 1115 
2122 1010 1115 1011 
2123 1011 1115 1116 
2124 1011 1116 1012 
2125 1012 1116 1117 
2126 1012 1117 1013 
2127 1013 1117 1118 
2128 1013 1118 1014 
2129 1014 1118 1119 
2130 1014 1119 1015 
2131 1015 1119 1120 
2132 1015 1120 1016 
2133 1016 1120 1121 
2134 1016 1121 1017 
2135 1017 1121 1122 
2136 1017 1122 1018 
2137 1018 1122 1123 
2138 1018 1123 1019 
2139 1019 1123 1124 
2140 1019 1124 1020 
2141 1020 1124 1125 
2142 1020 1125 1021 
2143 1021 1125 1126 
2144 1021 1126 1022 
2145 1022 1126 1127 
2146 1022 1127 1023 
2147 1023 1127 1128 
2148 1023 1128 1024 
2149 1024 1128 1129 
2150 1024 1129 1025 
2151 1025 1129 1130 
2152 1025 1130 1026 
2153 1026 1130 1131 
2154 1026 1131 1027 
2155 1027 1131 1132 
2156 1027 1132 1028 
2157 1028 1132 1133 
2158 1028 1133 1029 
2159 1029 1133 1134 
2160 1029 1134 1030 
2161 1030 1134 1135 
2162 1030 1135 1031 
2163 1031 1135 1136 
2164 1031 1136 1032 
2165 1032 1136 1137 
2166 1032 1137 1033 
2167 1033 1137 1138 
2168 1033 1138 1034 
2169 1034 1138 1139 
2170 1034 1139 1035 
2171 1035 1139 1140 
2172 1035 1140 1036 
2173 1036 1140 1037 
2174 1140 1141 1037 
2175 1037 1141 1038 
2176 1141 1142 1038 
2177 1038 1142 1039 
2178 1142 1143 1039 
2179 1039 1143 1040 
2180 1143 1144 1040 
2181 1040 1144 1041 
2182 1144 1145 1041 
2183 1041 1145 1042 
2184 1145 1146 1042 
2185 1042 1146 1043 
2186 1146 1147 1043 
2187 1043 1147 1044 
2188 1147 1148 1044 
2189 1044 1148 1045 
2190 1148 1149 1045 
2191 1045 1149 1046 
2192 1149 1150 1046 
2193 1046 1150 1047 
2194 1150 1151 1047 
2195 1047 1151 1048 
2196 1151 1152 1048 
2197 1048 1152 1049 
2198 1152 1153 1049 
2199 1049 1153 1050 
2200 1153 1154 1050 
2201 1050 1154 1051 
2202 1154 1155 1051 
2203 1051 1155 1052 
2204 1155 1156 1052 
2205 1052 1156 1053 
2206 1156 1157 1053 
2207 1053 1157 1054 
2208 1157 1158 1054 
2209 1054 1158 1055 
2210 1158 1159 1055 
2211 1055 1159 1056 
2212 1159 1160 1056 
2213 1056 1160 1057 
2214 1160 1161 1057 
2215 1057 1161 1058 
2216 1161 1162 1058 
2217 1058 1162 1059 
2218 1162 1163 1059 
2219 1059 1163 1060 
2220 1163 1164 1060 
2221 1060 1164 1061 
2222 1164 1165 1061 
2223 1061 1165 1062 
2224 1165 1166 1062 
2225 1062 1166 1167 
2226 1062 1167 1063 
2227 1063 1167 1168 
2228 1063 1168 1064 
2229 1064 1168 1169 
2230 1064 1169 1065 
2231 1065 1169 1170 
2232 1065 1170 1066 
2233 1066 1170 1171 
2234 1066 1171 1067 
2235 1067 1171 1172 
2236 1067 1172 1068 
2237 1068 1172 1173 
2238 1068 1173 1069 
2239 1069 1173 1174 
2240 1069 1174 1070 
2241 1070 1174 1175 
2242 1070 1175 1071 
2243 1071 1175 1176 
2244 1071 1176 1072 
2245 1072 1176 1177 
2246 1072 1177 1073 
2247 1073 1177 1178 
2248 1073 1178 1074 
2249 1074 1178 1179 
2250 1074 1179 1075 
2251 1075 1179 1180 
2252 1075 1180 1076 
2253 1076 1180 1181 
2254 1076 1181 1077 
2255 1077 1181 1182 
2256 1077 1182 1078 
2257 1078 1182 1183 
2258 1078 1183 1079 
2259 1079 1183 1184 
2260 1079 1184 1080 
2261 1080 1184 1185 
2262 1080 1185 1081 
2263 1081 1185 1186 
2264 1081 1186 1082 
2265 1082 1186 1187 
2266 1082 1187 1083 
2267 1083 1187 1188 
2268 1083 1188 1084 
2269 1084 1188 1189 
2270 1084 1189 1085 
2271 1085 1189 1190 
2272 1085 1190 1086 
2273 1086 1190 1191 
2274 1086 1191 1087 
2275 1087 1191 1088 
2276 1087 1088 984 
2277 1088 1192 1089 
2278 1192 1193 1089 
2279 1089 1193 1090 
2280 1193 1194 1090 
2281 1090 1194 1091 
2282 1194 1195 1091 
2283 1091 1195 1092 
2284 1195 1196 1092 
2285 1092 1196 1093 
2286 1196 1197 1093 
2287 1093 1197 1094 
2288 1197 1198 1094 
2289 1094 1198 1095 
2290 1198 1199 1095 
2291 1095 1199 1096 
2292 1199 1200 1096 
2293 1096 1200 1097 
2294 1200 1201 1097 
2295 1097 1201 1098 
2296 1201 1202 1098 
2297 1098 1202 1099 
2298 1202 1203 1099 
2299 1099 1203 1100 
2300 1203 1204 1100 
2301 1100 1204 1101 
2302 1204 1205 1101 
2303 1101 1205 1102 
2304 1205 1206 1102 
2305 1102 1206 1103 
2306 1206 1207 1103 
2307 1103 1207 1104 
2308 1207 1208 1104 
2309 1104 1208 1105 
2310 1208 1209 1105 
2311 1105 1209 1106 
2312 1209 1210 1106 
2313 1106 1210 1107 
2314 1210 1211 1107 
2315 1107 1211 1108 
2316 1211 1212 1108 
2317 1108 1212 1109 
2318 1212 1213 1109 
2319 1109 1213 1110 
2320 1213 1214 1110 
2321 1110 1214 1111 
2322 1214 1215 1111 
2323 1111 1215 1112 
2324 1215 1216 1112 
2325 1112 1216 1113 
2326 1216 1217 1113 
2327 1113 1217 1114 
2328 1217 1218 1114 
2329 1114 1218 1219 
2330 1114 1219 1115 
2331 1115 1219 1220 
2332 1115 1220 1116 
2333 1116 1220 1221 
2334 1116 1221 1117 
2335 1117 1221 1222 
2336 1117 1222 1118 
2337 1118 1222 1223 
2338 1118 1223 1119 
2339 1119 1223 1224 
2340 1119 1224 1120 
2341 1120 1224 1225 
2342 1120 1225 1121 
2343 1121 1225 1226 
2344 1121 1226 1122 
2345 1122 1226 1227 
2346 1122 1227 1123 
2347 1123 1227 1228 
2348 1123 1228 1124 
2349 1124 1228 1229 
2350 1124 1229 1125 
2351 1125 1229 1230 
2352 1125 1230 1126 
2353 1126 1230 1231 
2354 1126 1231 1127 
2355 1127 1231 1232 
2356 1127 1232 1128 
2357 1128 1232 1233 
2358 1128 1233 1129 
2359 1129 1233 1234 
2360 1129 1234 1130 
2361 1130 1234 1235 
2362 1130 1235 1131 
2363 1131 1235 1236 
2364 1131 1236 1132 
2365 1132 1236 1237 
2366 1132 1237 1133 
2367 1133 1237 1238 
2368 1133 1238 1134 
2369 1134 1238 1239 
2370 1134 1239 1135 
2371 1135 1239 1240 
2372 1135 1240 1136 
2373 1136 1240 1241 
2374 1136 1241 1137 
2375 1137 1241 1242 
2376 1137 1242 1138 
2377 1138 1242 1243 
2378 1138 1243 1139 
2379 1139 1243 1244 
2380 1139 1244 1140 
2381 1140 1244 1141 
2382 1244 1245 1141 
2383 1141 1245 1142 
2384 1245 1246 1142 
2385 1142 1246 1143 
2386 1246 1247 1143 
2387 1143 1247 1144 
2388 1247 1248 1144 
2389 1144 1248 1145 
2390 1248 1249 1145 
2391 1145 1249 1146 
2392 1249 1250 1146 
2393 1146 1250 1147 
2394 1250 1251 1147 
2395 1147 1251 1148 
2396 1251 1252 1148 
2397 1148 1252 1149 
2398 1252 1253 1149 
2399 1149 1253 1150 
2400 1253 1254 1150 
2401 1150 1254 1151 
2402 1254 1255 1151 
2403 1151 1255 1152 
2404 1255 1256 1152 
2405 1152 1256 1153 
2406 1256 1257 1153 
2407 1153 1257 1154 
2408 1257 1258 1154 
2409 1154 1258 1155 
2410 1258 1259 1155 
2411 1155 1259 1156 
2412 1259 1260 1156 
2413 1156 1260 1157 
2414 1260 1261 1157 
2415 1157 1261 1158 
2416 1261 1262 1158 
2417 1158 1262 1159 
2418 1262 1263 1159 
2419 1159 1263 1160 
2420 1263 1264 1160 
2421 1160 1264 1161 
2422 1264 1265 1161 
2423 1161 1265 1162 
2424 1265 1266 1162 
2425 1162 1266 1163 
2426 1266 1267 1163 
2427 1163 1267 1164 
2428 1267 1268 1164 
2429 1164 1268 1165 
2430 1268 1269 1165 
2431 1165 1269 1166 
2432 1269 1270 1166 
2433 1166 1270 1271 
2434 1166 1271 1167 
2435 1167 1271 1272 
2436 1167 1272 1168 
2437 1168 1272 1273 
2438 1168 1273 1169 
2439 1169 1273 1274 
2440 1169 1274 1170 
2441 1170 1274 1275 
2442 1170 1275 1171 
2443 1171 1275 1276 
2444 1171 1276 1172 
2445 1172 1276 1277 
2446 1172 1277 1173 
2447 1173 1277 1278 
2448 1173 1278 1174 
2449 1174 1278 1279 
2450 1174 1279 1175 
2451 1175 1279 1280 
2452 1175 1280 1176 
2453 1176 1280 1281 
2454 1176 1281 1177 
2455 1177 1281 1282 
2456 1177 1282 1178 
2457 1178 1282 1283 
2458 1178 1283 1179 
2459 1179 1283 1284 
2460 1179 1284 1180 
2461 1180 1284 1285 
2462 1180 1285 1181 
2463 1181 1285 1286 
2464 1181 1286 1182 
2465 1182 1286 1287 
2466 1182 1287 1183 
2467 1183 1287 1288 
2468 1183 1288 1184 
2469 1184 1288 1289 
2470 1184 1289 1185 
2471 1185 1289 1290 
2472 1185 1290 1186 
2473 1186 1290 1291 
2474 1186 1291 1187 
2475 1187 1291 1292 
2476 1187 1292 1188 
2477 1188 1292 1293 
2478 1188 1293 1189 
2479 1189 1293 1294 
2480 1189 1294 1190 
2481 1190 1294 1295 
2482 1190 1295 1191 
2483 1191 1295 1192 
2484 1191 1192 1088 
2485 1192 1296 1193 
2486 1296 1297 1193 
2487 1193 1297 1194 
2488 1297 1298 1194 
2489 1194 1298 1195 
2490 1298 1299 1195 
2491 1195 1299 1196 
2492 1299 1300 1196 
2493 1196 1300 1197 
2494 1300 1301 1197 
2495 1197 1301 1198 
2496 1301 1302 1198 
2497 1198 1302 1199 
2498 1302 1303 1199 
2499 1199 1303 1200 
2500 1303 1304 1200 
2501 1200 1304 1201 
2502 1304 1305 1201 
2503 1201 1305 1202 
2504 1305 1306 1202 
2505 1202 1306 1203 
2506 1306 1307 1203 
2507 1203 1307 1204 
2508 1307 1308 1204 
2509 1204 1308 1205 
2510 1308 1309 1205 
2511 1205 1309 1206 
2512 1309 1310 1206 
2513 1206 1310 1207 
2514 1310 1311 1207 
2515 1207 1311 1208 
2516 1311 1312 1208 
2517 1208 1312 1209 
2518 1312 1313 1209 
2519 1209 1313 1210 
2520 1313 1314 1210 
2521 1210 1314 1211 
2522 1314 1315 1211 
2523 1211 1315 1212 
2524 1315 1316 1212 
2525 1212 1316 1213 
2526 1316 1317 1213 
2527 1213 1317 1214 
2528 1317 1318 1214 
2529 1214 1318 1215 
2530 1318 1319 1215 
2531 1215 1319 1216 
2532 1319 1320 1216 
2533 1216 1320 1217 
2534 1320 1321 1217 
2535 1217 1321 1218 
2536 1321 1322 1218 
2537 1218 1322 1323 
2538 1218 1323 1219 
2539 1219 1323 1324 
2540 1219 1324 1220 
2541 1220 1324 1325 
2542 1220 1325 1221 
2543 1221 1325 1326 
2544 1221 1326 1222 
2545 1222 1326 1327 
2546 1222 1327 1223 
2547 1223 1327 1328 
2548 1223 1328 1224 
2549 1224 1328 1329 
2550 1224 1329 1225 
2551 1225 1329 1330 
2552 1225 1330 1226 
2553 1226 1330 1331 
2554 1226 1331 1227 
2555 1227 1331 1332 
2556 1227 1332 1228 
2557 1228 1332 1333 
2558 1228 1333 1229 
2559 1229 1333 1334 
2560 1229 1334 1230 
2561 1230 1334 1335 
2562 1230 1335 1231 
2563 1231 1335 1336 
2564 1231 1336 1232 
2565 1232 1336 1337 
2566 1232 1337 1233 
2567 1233 1337 1338 
2568 1233 1338 1234 
2569 1234 1338 1339 
2570 1234 1339 1235 
2571 1235 1339 1340 
2572 1235 1340 1236 
2573 1236 1340 1341 
2574 1236 1341 1237 
2575 1237 1341 1342 
2576 1237 1342 1238 
2577 1238 1342 1343 
2578 1238 1343 1239 
2579 1239 1343 1344 
2580 1239 1344 1240 
2581 1240 1344 1345 
2582 1240 1345 1241 
2583 1241 1345 1346 
2584 1241 1346 1242 
2585 1242 1346 1347 
2586 1242 1347 1243 
2587 1243 1347 1348 
2588 1243 1348 1244 
2589 1244 1348 1245 
2590 1348 1349 1245 
2591 1245 1349 1246 
2592 1349 1350 1246 
2593 1246 1350 1247 
2594 1350 1351 1247 
2595 1247 1351 1248 
2596 1351 1352 1248 
2597 1248 1352 1249 
2598 1352 1353 1249 
2599 1249 1353 1250 
2600 1353 1354 1250 
2601 1250 1354 1251 
2602 1354 1355 1251 
2603 1251 1355 1252 
2604 1355 1356 1252 
2605 1252 1356 1253 
2606 1356 1357 1253 
2607 1253 1357 1254 
2608 1357 1358 1254 
2609 1254 1358 1255 
2610 1358 1359 1255 
2611 1255 1359 1256 
2612 1359 1360 1256 
2613 1256 1360 1257 
2614 1360 1361 1257 
2615 1257 1361 1258 
2616 1361 1362 1258 
2617 1258 1362 1259 
2618 1362 1363 1259 
2619 1259 1363 1260 
2620 1363 1364 1260 
2621 1260 1364 1261 
2622 1364 1365 1261 
2623 1261 1365 1262 
2624 1365 1366 1262 
2625 1262 1366 1263 
2626 1366 1367 1263 
2627 1263 1367 1264 
2628 1367 1368 1264 
2629 1264 1368 1265 
2630 1368 1369 1265 
2631 1265 1369 1266 
2632 1369 1370 1266 
2633 1266 1370 1267 
2634 1370 1371 1267 
2635 1267 1371 1268 
2636 1371 1372 1268 
2637 1268 1372 1269 
2638 1372 1373 1269 
2639 1269 1373 1270 
2640 1373 1374 1270 
2641 1270 1374 1375 
2642 1270 1375 1271 
2643 1271 1375 1376 
2644 1271 1376 1272 
2645 1272 1376 1377 
2646 1272 1377 1273 
2647 1273 1377 1378 
2648 1273 1378 1274 
2649 1274 1378 1379 
2650 1274 1379 1275 
2651 1275 1379 1380 
2652 1275 1380 1276 
2653 1276 1380 1381 
2654 1276 1381 1277 
2655 1277 1381 1382 
2656 1277 1382 1278 
2657 1278 1382 1383 
2658 1278 1383 1279 
2659 1279 1383 1384 
2660 1279 1384 1280 
2661 1280 1384 1385 
2662 1280 1385 1281 
2663 1281 1385 1386 
2664 1281 1386 1282 
2665 1282 1386 1387 
2666 1282 1387 1283 
2667 1283 1387 1388 
2668 1283 1388 1284 
2669 1284 1388 1389 
2670 1284 1389 1285 
2671 1285 1389 1390 
2672 1285 1390 1286 
2673 1286 1390 1391 
2674 1286 1391 1287 
2675 1287 1391 1392 
2676 1287 1392 1288 
2677 1288 1392 1393 
2678 1288 1393 1289 
2679 1289 1393 1394 
2680 1289 1394 1290 
2681 1290 1394 1395 
2682 1290 1395 1291 
2683 1291 1395 1396 
2684 1291 1396 1292 
2685 1292 1396 1397 
2686 1292 1397 1293 
2687 1293 1397 1398 
2688 1293 1398 1294 
2689 1294 1398 1399 
2690 1294 1399 1295 
2691 1295 1399 1296 
2692 1295 1296 1192 
2693 1296 1400 1297 
2694 1400 1401 1297 
2695 1297 1401 1298 
2696 1401 1402 1298 
2697 1298 1402 1299 
2698 1402 1403 1299 
2699 1299 1403 1300 
2700 1403 1404 1300 
2701 1300 1404 1301 
2702 1404 1405 1301 
2703 1301 1405 1302 
2704 1405 1406 1302 
2705 1302 1406 1303 
2706 1406 1407 1303 
2707 1303 1407 1304 
2708 1407 1408 1304 
2709 1304 1408 1305 
2710 1408 1409 1305 
2711 1305 1409 1306 
2712 1409 1410 1306 
2713 1306 1410 1307 
2714 1410 1411 1307 
2715 1307 1411 1308 
2716 1411 1412 1308 
2717 1308 1412 1309 
2718 1412 1413 1309 
2719 1309 1413 1310 
2720 1413 1414 1310 
2721 1310 1414 1311 
2722 1414 1415 1311 
2723 1311 1415 1312 
2724 1415 1416 1312 
2725 1312 1416 1313 
2726 1416 1417 1313 
2727 1313 1417 1314 
2728 1417 1418 1314 
2729 1314 1418 1315 
2730 1418 1419 1315 
2731 1315 1419 1316 
2732 1419 1420 1316 
2733 1316 1420 1317 
2734 1420 1421 1317 
2735 1317 1421 1318 
2736 1421 1422 1318 
2737 1318 1422 1319 
2738 1422 1423 1319 
2739 1319 1423 1320 
2740 1423 1424 1320 
2741 1320 1424 1321 
2742 1424 1425 1321 
2743 1321 1425 1322 
2744 1425 1426 1322 
2745 1322 1426 1427 
2746 1322 1427 1323 
2747 1323 1427 1428 
2748 1323 1428 1324 
2749 1324 1428 1429 
2750 1324 1429 1325 
2751 1325 1429 1430 
2752 1325 1430 1326 
2753 1326 1430 1431 
2754 1326 1431 1327 
2755 1327 1431 1432 
2756 1327 1432 1328 
2757 1328 1432 1433 
2758 1328 1433 1329 
2759 1329 1433 1434 
2760 1329 1434 1330 
2761 1330 1434 1435 
2762 1330 1435 1331 
2763 1331 1435 1436 
2764 1331 1436 1332 
2765 1332 1436 1437 
2766 1332 1437 1333 
2767 1333 1437 1438 
2768 1333 1438 1334 
2769 1334 1438 1439 
2770 1334 1439 1335 
2771 1335 1439 1440 
2772 1335 1440 1336 
2773 1336 1440 1441 
2774 1336 1441 1337 
2775 1337 1441 1442 
2776 1337 1442 1338 
2777 1338 1442 1443 
2778 1338 1443 1339 
2779 1339 1443 1444 
2780 1339 1444 1340 
2781 1340 1444 1445 
2782 1340 1445 1341 
2783 1341 1445 1446 
2784 1341 1446 1342 
2785 1342 1446 1447 
2786 1342 1447 1343 
2787 1343 1447 1448 
2788 1343 1448 1344 
2789 1344 1448 1449 
2790 1344 1449 1345 
2791 1345 1449 1450 
2792 1345 1450 1346 
2793 1346 1450 1451 
2794 1346 1451 1347 
2795 1347 1451 1452 
2796 1347 1452 1348 
2797 1348 1452 1349 
2798 1452 1453 1349 
2799 1349 1453 1350 
2800 1453 1454 1350 
2801 1350 1454 1351 
2802 1454 1455 1351 
2803 1351 1455 1352 
2804 1455 1456 1352 
2805 1352 1456 1353 
2806 1456 1457 1353 
2807 1353 1457 1354 
2808 1457 1458 1354 
2809 1354 1458 1355 
2810 1458 1459 1355 
2811 1355 1459 1356 
2812 1459 1460 1356 
2813 1356 1460 1357 
2814 1460 1461 1357 
2815 1357 1461 1358 
2816 1461 1462 1358 
2817 1358 1462 1359 
2818 1462 1463 1359 
2819 1359 1463 1360 
2820 1463 1464 1360 
2821 1360 1464 1361 
2822 1464 1465 1361 
2823 1361 1465 1362 
2824 1465 1466 1362 
2825 1362 1466 1363 
2826 1466 1467 1363 
2827 1363 1467 1364 
2828 1467 1468 1364 
2829 1364 1468 1365 
2830 1468 1469 1365 
2831 1365 1469 1366 
2832 1469 1470 1366 
2833 1366 1470 1367 
2834 1470 1471 1367 
2835 1367 1471 1368 
2836 1471 1472 1368 
2837 1368 1472 1369 
2838 1472 1473 1369 
2839 1369 1473 1370 
2840 1473 1474 1370 
2841 1370 1474 1371 
2842 1474 1475 1371 
2843 1371 1475 1372 
2844 1475 1476 1372 
2845 1372 1476 1373 
2846 1476 1477 1373 
2847 1373 1477 1374 
2848 1477 1478 1374 
2849 1374 1478 1479 
2850 1374 1479 1375 
2851 1375 1479 1480 
2852 1375 1480 1376 
2853 1376 1480 1481 
2854 1376 1481 1377 
2855 1377 1481 1482 
2856 1377 1482 1378 
2857 1378 1482 1483 
2858 1378 1483 1379 
2859 1379 1483 1484 
2860 1379 1484 1380 
2861 1380 1484 1485 
2862 1380 1485 1381 
2863 1381 1485 1486 
2864 1381 1486 1382 
2865 1382 1486 1487 
2866 1382 1487 1383 
2867 1383 1487 1488 
2868 1383 1488 1384 
2869 1384 1488 1489 
2870 1384 1489 1385 
2871 1385 1489 1490 
2872 1385 1490 1386 
2873 1386 1490 1491 
2874 1386 1491 1387 
2875 1387 1491 1492 
2876 1387 1492 1388 
2877 1388 1492 1493 
2878 1388 1493 1389 
2879 1389 1493 1494 
2880 1389 1494 1390 
2881 1390 1494 1495 
2882 1390 1495 1391 
2883 1391 1495 1496 
2884 1391 1496 1392 
2885 1392 1496 1497 
2886 1392 1497 1393 
2887 1393 1497 1498 
2888 1393 1498 1394 
2889 1394 1498 1499 
2890 1394 1499 1395 
2891 1395 1499 1500 
2892 1395 1500 1396 
2893 1396 1500 1501 
2894 1396 1501 1397 
2895 1397 1501 1502 
2896 1397 1502 1398 
2897 1398 1502 1503 
2898 1398 1503 1399 
2899 1399 1503 1400 
2900 1399 1400 1296 
2901 1400 1504 1401 
2902 1504 1505 1401 
2903 1401 1505 1402 
2904 1505 1506 1402 
2905 1402 1506 1403 
2906 1506 1507 1403 
2907 1403 1507 1404 
2908 1507 1508 1404 
2909 1404 1508 1405 
2910 1508 1509 1405 
2911 1405 1509 1406 
2912 1509 1510 1406 
2913 1406 1510 1407 
2914 1510 1511 1407 
2915 1407 1511 1408 
2916 1511 1512 1408 
2917 1408 1512 1409 
2918 1512 1513 1409 
2919 1409 1513 1410 
2920 1513 1514 1410 
2921 1410 1514 1411 
2922 1514 1515 1411 
2923 1411 1515 1412 
2924 1515 1516 1412 
2925 1412 1516 1413 
2926 1516 1517 1413 
2927 1413 1517 1414 
2928 1517 1518 1414 
2929 1414 1518 1415 
2930 1518 1519 1415 
2931 1415 1519 1416 
2932 1519 1520 1416 
2933 1416 1520 1417 
2934 1520 1521 1417 
2935 1417 1521 1418 
2936 1521 1522 1418 
2937 1418 1522 1419 
2938 1522 1523 1419 
2939 1419 1523 1420 
2940 1523 1524 1420 
2941 1420 1524 1421 
2942 1524 1525 1421 
2943 1421 1525 1422 
2944 1525 1526 1422 
2945 1422 1526 1423 
2946 1526 1527 1423 
2947 1423 1527 1424 
2948 1527 1528 1424 
2949 1424 1528 1425 
2950 1528 1529 1425 
2951 1425 1529 1426 
2952 1529 1530 1426 
2953 1426 1530 1531 
2954 1426 1531 1427 
2955 1427 1531 1532 
2956 1427 1532 1428 
2957 1428 1532 1533 
2958 1428 1533 1429 
2959 1429 1533 1534 
2960 1429 1534 1430 
2961 1430 1534 1535 
2962 1430 1535 1431 
2963 1431 1535 1536 
2964 1431 1536 1432 
2965 1432 1536 1537 
2966 1432 1537 1433 
2967 1433 1537 1538 
2968 1433 1538 1434 
2969 1434 1538 1539 
2970 1434 1539 1435 
2971 1435 1539 1540 
2972 1435 1540 1436 
2973 1436 1540 1541 
2974 1436 1541 1437 
2975 1437 1541 1542 
2976 1437 1542 1438 
2977 1438 1542 1543 
2978 1438 1543 1439 
2979 1439 1543 1544 
2980 1439 1544 1440 
2981 1440 1544 1545 
2982 1440 1545 1441 
2983 1441 1545 1546 
2984 1441 1546 1442 
2985 1442 1546 1547 
2986 1442 1547 1443 
2987 1443 1547 1548 
2988 1443 1548 1444 
2989 1444 1548 1549 
2990 1444 1549 1445 
2991 1445 1549 1550 
2992 1445 1550 1446 
2993 1446 1550 1551 
2994 1446 1551 1447 
2995 1447 1551 1552 
2996 1447 1552 1448 
2997 1448 1552 1553 
2998 1448 1553 1449 
2999 1449 1553 1554 
3000 1449 1554 1450 
3001 1450 1554 1555 
3002 1450 1555 1451 
3003 1451 1555 1556 
3004 1451 1556 1452 
3005 1452 1556 1453 
3006 1556 1557 1453 
3007 1453 1557 1454 
3008 1557 1558 1454 
3009 1454 1558 1455 
3010 1558 1559 1455 
3011 1455 1559 1456 
3012 1559 1560 1456 
3013 1456 1560 1457 
3014 1560 1561 1457 
3015 1457 1561 1458 
3016 1561 1562 1458 
3017 1458 1562 1459 
3018 1562 1563 1459 
3019 1459 1563 1460 
3020 1563 1564 1460 
3021 1460 1564 1461 
3022 1564 1565 1461 
3023 1461 1565 1462 
3024 1565 1566 1462 
3025 1462 1566 1463 
3026 1566 1567 1463 
3027 1463 1567 1464 
3028 1567 1568 1464 
3029 1464 1568 1465 
3030 1568 1569 1465 
3031 1465 1569 1466 
3032 1569 1570 1466 
3033 1466 1570 1467 
3034 1570 1571 1467 
3035 1467 1571 1468 
3036 1571 1572 1468 
3037 1468 1572 1469 
3038 1572 1573 1469 
3039 1469 1573 1470 
3040 1573 1574 1470 
3041 1470 1574 1471 
3042 1574 1575 1471 
3043 1471 1575 1472 
3044 1575 1576 1472 
3045 1472 1576 1473 
3046 1576 1577 1473 
3047 1473 1577 1474 
3048 1577 1578 1474 
3049 1474 1578 1475 
3050 1578 1579 1475 
3051 1475 1579 1476 
3052 1579 1580 1476 
3053 1476 1580 1477 
3054 1580 1581 1477 
3055 1477 1581 1478 
3056 1581 1582 1478 
3057 1478 1582 1583 
3058 1478 1583 1479 
3059 1479 1583 1584 
3060 1479 1584 1480 
3061 1480 1584 1585 
3062 1480 1585 1481 
3063 1481 1585 1586 
3064 1481 1586 1482 
3065 1482 1586 1587 
3066 1482 1587 1483 
3067 1483 1587 1588 
3068 1483 1588 1484 
3069 1484 1588 1589 
3070 1484 1589 1485 
3071 1485 1589 1590 
3072 1485 1590 1486 
3073 1486 1590 1591 
3074 1486 1591 1487 
3075 1487 1591 1592 
3076 1487 1592 1488 
3077 1488 1592 1593 
3078 1488 1593 1489 
3079 1489 1593 1594 
3080 1489 1594 1490 
3081 1490 1594 1595 
3082 1490 1595 1491 
3083 1491 1595 1596 
3084 1491 1596 1492 
3085 1492 1596 1597 
3086 1492 1597 1493 
3087 1493 1597 1598 
3088 1493 1598 1494 
3089 1494 1598 1599 
3090 1494 1599 1495 
3091 1495 1599 1600 
3092 1495 1600 1496 
3093 1496 1600 1601 
3094 1496 1601 1497 
3095 1497 1601 1602 
3096 1497 1602 1498 
3097 1498 1602 1603 
3098 1498 1603 1499 
3099 1499 1603 1604 
3100 1499 1604 1500 
3101 1500 1604 1605 
3102 1500 1605 1501 
3103 1501 1605 1606 
3104 1501 1606 1502 
3105 1502 1606 1607 
3106 1502 1607 1503 
3107 1503 1607 1504 
3108 1503 1504 1400 
3109 1504 1608 1505 
3110 1608 1609 1505 
3111 1505 1609 1506 
3112 1609 1610 1506 
3113 1506 1610 1507 
3114 1610 1611 1507 
3115 1507 1611 1508 
3116 1611 1612 1508 
3117 1508 1612 1509 
3118 1612 1613 1509 
3119 1509 1613 1510 
3120 1613 1614 1510 
3121 1510 1614 1511 
3122 1614 1615 1511 
3123 1511 1615 1512 
3124 1615 1616 1512 
3125 1512 1616 1513 
3126 1616 1617 1513 
3127 1513 1617 1514 
3128 1617 1618 1514 
3129 1514 1618 1515 
3130 1618 1619 1515 
3131 1515 1619 1516 
3132 1619 1620 1516 
3133 1516 1620 1517 
3134 1620 1621 1517 
3135 1517 1621 1518 
3136 1621 1622 1518 
3137 1518 1622 1519 
3138 1622 1623 1519 
3139 1519 1623 1520 
3140 1623 1624 1520 
3141 1520 1624 1521 
3142 1624 1625 1521 
3143 1521 1625 1522 
3144 1625 1626 1522 
3145 1522 1626 1523 
3146 1626 1627 1523 
3147 1523 1627 1524 
3148 1627 1628 1524 
3149 1524 1628 1525 
3150 1628 1629 1525 
3151 1525 1629 1526 
3152 1629 1630 1526 
3153 1526 1630 1527 
3154 1630 1631 1527 
3155 1527 1631 1528 
3156 1631 1632 1528 
3157 1528 1632 1529 
3158 1632 1633 1529 
3159 1529 1633 1530 
3160 1633 1634 1530 
3161 1530 1634 1635 
3162 1530 1635 1531 
3163 1531 1635 1636 
3164 1531 1636 1532 
3165 1532 1636 1637 
3166 1532 1637 1533 
3167 1533 1637 1638 
3168 1533 1638 1534 
3169 1534 1638 1639 
3170 1534 1639 1535 
3171 1535 1639 1640 
3172 1535 1640 1536 
3173 1536 1640 1641 
3174 1536 1641 1537 
3175 1537 1641 1642 
3176 1537 1642 1538 
3177 1538 1642 1643 
3178 1538 1643 1539 
3179 1539 1643 1644 
3180 1539 1644 1540 
3181 1540 1644 1645 
3182 1540 1645 1541 
3183 1541 1645 1646 
3184 1541 1646 1542 
3185 1542 1646 1647 
3186 1542 1647 1543 
3187 1543 1647 1648 
3188 1543 1648 1544 
3189 1544 1648 1649 
3190 1544 1649 1545 
3191 1545 1649 1650 
3192 1545 1650 1546 
3193 1546 1650 1651 
3194 1546 1651 1547 
3195 1547 1651 1652 
3196 1547 1652 1548 
3197 1548 1652 1653 
3198 1548 1653 1549 
3199 1549 1653 1654 
3200 1549 1654 1550 
3201 1550 1654 1655 
3202 1550 1655 1551 
3203 1551 1655 1656 
3204 1551 1656 1552 
3205 1552 1656 1657 
3206 1552 1657 1553 
3207 1553 1657 1658 
3208 1553 1658 1554 
3209 1554 1658 1659 
3210 1554 1659 1555 
3211 1555 1659 1660 
3212 1555 1660 1556 
3213 1556 1660 1557 
3214 1660 1661 1557 
3215 1557 1661 1558 
3216 1661 1662 1558 
3217 1558 1662 1559 
3218 1662 1663 1559 
3219 1559 1663 1560 
3220 1663 1664 1560 
3221 1560 1664 1561 
3222 1664 1665 1561 
3223 1561 1665 1562 
3224 1665 1666 1562 
3225 1562 1666 1563 
3226 1666 1667 1563 
3227 1563 1667 1564 
3228 1667 1668 1564 
3229 1564 1668 1565 
3230 1668 1669 1565 
3231 1565 1669 1566 
3232 1669 1670 1566 
3233 1566 1670 1567 
3234 1670 1671 1567 
3235 1567 1671 1568 
3236 1671 1672 1568 
3237 1568 1672 1569 
3238 1672 1673 1569 
3239 1569 1673 1570 
3240 1673 1674 1570 
3241 1570 1674 1571 
3242 1674 1675 1571 
3243 1571 1675 1572 
3244 1675 1676 1572 
3245 1572 1676 1573 
3246 1676 1677 1573 
3247 1573 1677 1574 
3248 1677 1678 1574 
3249 1574 1678 1575 
3250 1678 1679 1575 
3251 1575 1679 1576 
3252 1679 1680 1576 
3253 1576 1680 1577 
3254 1680 1681 1577 
3255 1577 1681 1578 
3256 1681 1682 1578 
3257 1578 1682 1579 
3258 1682 1683 1579 
3259 1579 1683 1580 
3260 1683 1684 1580 
3261 1580 1684 1581 
3262 1684 1685 1581 
3263 1581 1685 1582 
3264 1685 1686 1582 
3265 1582 1686 1687 
3266 1582 1687 1583 
3267 1583 1687 1688 
3268 1583 1688 1584 
3269 1584 1688 1689 
3270 1584 1689 1585 
3271 1585 1689 1690 
3272 1585 1690 1586 
3273 1586 1690 1691 
3274 1586 1691 1587 
3275 1587 1691 1692 
3276 1587 1692 1588 
3277 1588 1692 1693 
3278 1588 1693 1589 
3279 1589 1693 1694 
3280 1589 1694 1590 
3281 1590 1694 1695 
3282 1590 1695 1591 
3283 1591 1695 1696 
3284 1591 1696 1592 
3285 1592 1696 1697 
3286 1592 1697 1593 
3287 1593 1697 1698 
3288 1593 1698 1594 
3289 1594 1698 1699 
3290 1594 1699 1595 
3291 1595 1699 1700 
3292 1595 1700 1596 
3293 1596 1700 1701 
3294 1596 1701 1597 
3295 1597 1701 1702 
3296 1597 1702 1598 
3297 1598 1702 1703 
3298 1598 1703 1599 
3299 1599 1703 1704 
3300 1599 1704 1600 
3301 1600 1704 1705 
3302 1600 1705 1601 
3303 1601 1705 1706 
3304 1601 1706 1602 
3305 1602 1706 1707 
3306 1602 1707 1603 
3307 1603 1707 1708 
3308 1603 1708 1604 
3309 1604 1708 1709 
3310 1604 1709 1605 
3311 1605 1709 1710 
3312 1605 1710 1606 
3313 1606 1710 1711 
3314 1606 1711 1607 
3315 1607 1711 1608 
3316 1607 1608 1504 
3317 1608 1712 1609 
3318 1712 1713 1609 
3319 1609 1713 1610 
3320 1713 1714 1610 
3321 1610 1714 1611 
3322 1714 1715 1611 
3323 1611 1715 1612 
3324 1715 1716 1612 
3325 1612 1716 1613 
3326 1716 1717 1613 
3327 1613 1717 1614 
3328 1717 1718 1614 
3329 1614 1718 1615 
3330 1718 1719 1615 
3331 1615 1719 1616 
3332 1719 1720 1616 
3333 1616 1720 1617 
3334 1720 1721 1617 
3335 1617 1721 1618 
3336 1721 1722 1618 
3337 1618 1722 1619 
3338 1722 1723 1619 
3339 1619 1723 1620 
3340 1723 1724 1620 
3341 1620 1724 1621 
3342 1724 1725 1621 
3343 1621 1725 1622 
3344 1725 1726 1622 
3345 1622 1726 1623 
3346 1726 1727 1623 
3347 1623 1727 1624 
3348 1727 1728 1624 
3349 1624 1728 1625 
3350 1728 1729 1625 
3351 1625 1729 1626 
3352 1729 1730 1626 
3353 1626 1730 1627 
3354 1730 1731 1627 
3355 1627 1731 1628 
3356 1731 1732 1628 
3357 1628 1732 1629 
3358 1732 1733 1629 
3359 1629 1733 1630 
3360 1733 1734 1630 
3361 1630 1734 1631 
3362 1734 1735 1631 
3363 1631 1735 1632 
3364 1735 1736 1632 
3365 1632 1736 1633 
3366 1736 1737 1633 
3367 1633 1737 1634 
3368 1737 1738 1634 
3369 1634 1738 1739 
3370 1634 1739 1635 
3371 1635 1739 1740 
3372 1635 1740 1636 
3373 1636 1740 1741 
3374 1636 1741 1637 
3375 1637 1741 1742 
3376 1637 1742 1638 
3377 1638 1742 1743 
3378 1638 1743 1639 
3379 1639 1743 1744 
3380 1639 1744 1640 
3381 1640 1744 1745 
3382 1640 1745 1641 
3383 1641 1745 1746 
3384 1641 1746 1642 
3385 1642 1746 1747 
3386 1642 1747 1643 
3387 1643 1747 1748 
3388 1643 1748 1644 
3389 1644 1748 1749 
3390 1644 1749 1645 
3391 1645 1749 1750 
3392 1645 1750 1646 
3393 1646 1750 1751 
3394 1646 1751 1647 
3395 1647 1751 1752 
3396 1647 1752 1648 
3397 1648 1752 1753 
3398 1648 1753 1649 
3399 1649 1753 1754 
3400 1649 1754 1650 
3401 1650 1754 1755 
3402 1650 1755 1651 
3403 1651 1755 1756 
3404 1651 1756 1652 
3405 1652 1756 1757 
3406 1652 1757 1653 
3407 1653 1757 1758 
3408 1653 1758 1654 
3409 1654 1758 1759 
3410 1654 1759 1655 
3411 1655 1759 1760 
3412 1655 1760 1656 
3413 1656 1760 1761 
3414 1656 1761 1657 
3415 1657 1761 1762 
3416 1657 1762 1658 
3417 1658 1762 1763 
3418 1658 1763 1659 
3419 1659 1763 1764 
3420 1659 1764 1660 
3421 1660 1764 1661 
3422 1764 1765 1661 
3423 1661 1765 1662 
3424 1765 1766 1662 
3425 1662 1766 1663 
3426 1766 1767 1663 
3427 1663 1767 1664 
3428 1767 1768 1664 
3429 1664 1768 1665 
3430 1768 1769 1665 
3431 1665 1769 1666 
3432 1769 1770 1666 
3433 1666 1770 1667 
3434 1770 1771 1667 
3435 1667 1771 1668 
3436 1771 1772 1668 
3437 1668 1772 1669 
3438 1772 1773 1669 
3439 1669 1773 1670 
3440 1773 1774 1670 
3441 1670 1774 1671 
3442 1774 1775 1671 
3443 1671 1775 1672 
3444 1775 1776 1672 
3445 1672 1776 1673 
3446 1776 1777 1673 
3447 1673 1777 1674 
3448 1777 1778 1674 
3449 1674 1778 1675 
3450 1778 1779 1675 
3451 1675 1779 1676 
3452 1779 1780 1676 
3453 1676 1780 1677 
3454 1780 1781 1677 
3455 1677 1781 1678 
3456 1781 1782 1678 
3457 1678 1782 1679 
3458 1782 1783 1679 
3459 1679 1783 1680 
3460 1783 1784 1680 
3461 1680 1784 1681 
3462 1784 1785 1681 
3463 1681 1785 1682 
3464 1785 1786 1682 
3465 1682 1786 1683 
3466 1786 1787 1683 
3467 1683 1787 1684 
3468 1787 1788 1684 
3469 1684 1788 1685 
3470 1788 1789 1685 
3471 1685 1789 1686 
3472 1789 1790 1686 
3473 1686 1790 1791 
3474 1686 1791 1687 
3475 1687 1791 1792 
3476 1687 1792 1688 
3477 1688 1792 1793 
3478 1688 1793 1689 
3479 1689 1793 1794 
3480 1689 1794 1690 
3481 1690 1794 1795 
3482 1690 1795 1691 
3483 1691 1795 1796 
3484 1691 1796 1692 
3485 1692 1796 1797 
3486 1692 1797 1693 
3487 1693 1797 1798 
3488 1693 1798 1694 
3489 1694 1798 1799 
3490 1694 1799 1695 
3491 1695 1799 1800 
3492 1695 1800 1696 
3493 1696 1800 1801 
3494 1696 1801 1697 
3495 1697 1801 1802 
3496 1697 1802 1698 
3497 1698 1802 1803 
3498 1698 1803 1699 
3499 1699 1803 1804 
3500 1699 1804 1700 
3501 1700 1804 1805 
3502 1700 1805 1701 
3503 1701 1805 1806 
3504 1701 1806 1702 
3505 1702 1806 1807 
3506 1702 1807 1703 
3507 1703 1807 1808 
3508 1703 1808 1704 
3509 1704 1808 1809 
3510 1704 1809 1705 
3511 1705 1809 1810 
3512 1705 1810 1706 
3513 1706 1810 1811 
3514 1706 1811 1707 
3515 1707 1811 1812 
3516 1707 1812 1708 
3517 1708 1812 1813 
3518 1708 1813 1709 
3519 1709 1813 1814 
3520 1709 1814 1710 
3521 1710 1814 1815 
3522 1710 1815 1711 
3523 1711 1815 1712 
3524 1711 1712 1608 
3525 1712 1816 1713 
3526 1816 1817 1713 
3527 1713 1817 1714 
3528 1817 1818 1714 
3529 1714 1818 1715 
3530 1818 1819 1715 
3531 1715 1819 1716 
3532 1819 1820 1716 
3533 1716 1820 1717 
3534 1820 1821 1717 
3535 1717 1821 1718 
3536 1821 1822 1718 
3537 1718 1822 1719 
3538 1822 1823 1719 
3539 1719 1823 1720 
3540 1823 1824 1720 
3541 1720 1824 1721 
3542 1824 1825 1721 
3543 1721 1825 1722 
3544 1825 1826 1722 
3545 1722 1826 1723 
3546 1826 1827 1723 
3547 1723 1827 1724 
3548 1827 1828 1724 
3549 1724 1828 1725 
3550 1828 1829 1725 
3551 1725 1829 1726 
3552 1829 1830 1726 
3553 1726 1830 1727 
3554 1830 1831 1727 
3555 1727 1831 1728 
3556 1831 1832 1728 
3557 1728 1832 1729 
3558 1832 1833 1729 
3559 1729 1833 1730 
3560 1833 1834 1730 
3561 1730 1834 1731 
3562 1834 1835 1731 
3563 1731 1835 1732 
3564 1835 1836 1732 
3565 1732 1836 1733 
3566 1836 1837 1733 
3567 1733 1837 1734 
3568 1837 1838 1734 
3569 1734 1838 1735 
3570 1838 1839 1735 
3571 1735 1839 1736 
3572 1839 1840 1736 
3573 1736 1840 1737 
3574 1840 1841 1737 
3575 1737 1841 1738 
3576 1841 1842 1738 
3577 1738 1842 1843 
3578 1738 1843 1739 
3579 1739 1843 1844 
3580 1739 1844 1740 
3581 1740 1844 1845 
3582 1740 1845 1741 
3583 1741 1845 1846 
3584 1741 1846 1742 
3585 1742 1846 1847 
3586 1742 1847 1743 
3587 1743 1847 1848 
3588 1743 1848 1744 
3589 1744 1848 1849 
3590 1744 1849 1745 
3591 1745 1849 1850 
3592 1745 1850 1746 
3593 1746 1850 1851 
3594 1746 1851 1747 
3595 1747 1851 1852 
3596 1747 1852 1748 
3597 1748 1852 1853 
3598 1748 1853 1749 
3599 1749 1853 1854 
3600 1749 1854 1750 
3601 1750 1854 1855 
3602 1750 1855 1751 
3603 1751 1855 1856 
3604 1751 1856 1752 
3605 1752 1856 1857 
3606 1752 1857 1753 
3607 1753 1857 1858 
3608 1753 1858 1754 
3609 1754 1858 1859 
3610 1754 1859 1755 
3611 1755 1859 1860 
3612 1755 1860 1756 
3613 1756 1860 1861 
3614 1756 1861 1757 
3615 1757 1861 1862 
3616 1757 1862 1758 
3617 1758 1862 1863 
3618 1758 1863 1759 
3619 1759 1863 1864 
3620 1759 1864 1760 
3621 1760 1864 1865 
3622 1760 1865 1761 
3623 1761 1865 1866 
3624 1761 1866 1762 
3625 1762 1866 1867 
3626 1762 1867 1763 
3627 1763 1867 1868 
3628 1763 1868 1764 
3629 1764 1868 1765 
3630 1868 1869 1765 
3631 1765 1869 1766 
3632 1869 1870 1766 
3633 1766 1870 1767 
3634 1870 1871 1767 
3635 1767 1871 1768 
3636 1871 1872 1768 
3637 1768 1872 1769 
3638 1872 1873 1769 
3639 1769 1873 1770 
3640 1873 1874 1770 
3641 1770 1874 1771 
3642 1874 1875 1771 
3643 1771 1875 1772 
3644 1875 1876 1772 
3645 1772 1876 1773 
3646 1876 1877 1773 
3647 1773 1877 1774 
3648 1877 1878 1774 
3649 1774 1878 1775 
3650 1878 1879 1775 
3651 1775 1879 1776 
3652 1879 1880 1776 
3653 1776 1880 1777 
3654 1880 1881 1777 
3655 1777 1881 1778 
3656 1881 1882 1778 
3657 1778 1882 1779 
3658 1882 1883 1779 
3659 1779 1883 1780 
3660 1883 1884 1780 
3661 1780 1884 1781 
3662 1884 1885 1781 
3663 1781 1885 1782 
3664 1885 1886 1782 
3665 1782 1886 1783 
3666 1886 1887 1783 
3667 1783 1887 1784 
3668 1887 1888 1784 
3669 1784 1888 1785 
3670 1888 1889 1785 
3671 1785 1889 1786 
3672 1889 1890 1786 
3673 1786 1890 1787 
3674 1890 1891 1787 
3675 1787 1891 1788 
3676 1891 1892 1788 
3677 1788 1892 1789 
3678 1892 1893 1789 
3679 1789 1893 1790 
3680 1893 1894 1790 
3681 1790 1894 1895 
3682 1790 1895 1791 
3683 1791 1895 1896 
3684 1791 1896 1792 
3685 1792 1896 1897 
3686 1792 1897 1793 
3687 1793 1897 1898 
3688 1793 1898 1794 
3689 1794 1898 1899 
3690 1794 1899 1795 
3691 1795 1899 1900 
3692 1795 1900 1796 
3693 1796 1900 1901 
3694 1796 1901 1797 
3695 1797 1901 1902 
3696 1797 1902 1798 
3697 1798 1902 1903 
3698 1798 1903 1799 
3699 1799 1903 1904 
3700 1799 1904 1800 
3701 1800 1904 1905 
3702 1800 1905 1801 
3703 1801 1905 1906 
3704 1801 1906 1802 
3705 1802 1906 1907 
3706 1802 1907 1803 
3707 1803 1907 1908 
3708 1803 1908 1804 
3709 1804 1908 1909 
3710 1804 1909 1805 
3711 1805 1909 1910 
3712 1805 1910 1806 
3713 1806 1910 1911 
3714 1806 1911 1807 
3715 1807 1911 1912 
3716 1807 1912 1808 
3717 1808 1912 1913 
3718 1808 1913 1809 
3719 1809 1913 1914 
3720 1809 1914 1810 
3721 1810 1914 1915 
3722 1810 1915 1811 
3723 1811 1915 1916 
3724 1811 1916 1812 
3725 1812 1916 1917 
3726 1812 1917 1813 
3727 1813 1917 1918 
3728 1813 1918 1814 
3729 1814 1918 1919 
3730 1814 1919 1815 
3731 1815 1919 1816 
3732 1815 1816 1712 
3733 1816 1920 1817 
3734 1920 1921 1817 
3735 1817 1921 1818 
3736 1921 1922 1818 
3737 1818 1922 1819 
3738 1922 1923 1819 
3739 1819 1923 1820 
3740 1923 1924 1820 
3741 1820 1924 1821 
3742 1924 1925 1821 
3743 1821 1925 1822 
3744 1925 1926 1822 
3745 1822 1926 1823 
3746 1926 1927 1823 
3747 1823 1927 1824 
3748 1927 1928 1824 
3749 1824 1928 1825 
3750 1928 1929 1825 
3751 1825 1929 1826 
3752 1929 1930 1826 
3753 1826 1930 1827 
3754 1930 1931 1827 
3755 1827 1931 1828 
3756 1931 1932 1828 
3757 1828 1932 1829 
3758 1932 1933 1829 
3759 1829 1933 1830 
3760 1933 1934 1830 
3761 1830 1934 1831 
3762 1934 1935 1831 
3763 1831 1935 1832 
3764 1935 1936 1832 
3765 1832 1936 1833 
3766 1936 1937 1833 
3767 1833 1937 1834 
3768 1937 1938 1834 
3769 1834 1938 1835 
3770 1938 1939 1835 
3771 1835 1939 1836 
3772 1939 1940 1836 
3773 1836 1940 1837 
3774 1940 1941 1837 
3775 1837 1941 1838 
3776 1941 1942 1838 
3777 1838 1942 1839 
3778 1942 1943 1839 
3779 1839 1943 1840 
3780 1943 1944 1840 
3781 1840 1944 1841 
3782 1944 1945 1841 
3783 1841 1945 1842 
3784 1945 1946 1842 
3785 1842 1946 1947 
3786 1842 1947 1843 
3787 1843 1947 1948 
3788 1843 1948 1844 
3789 1844 1948 1949 
3790 1844 1949 1845 
3791 1845 1949 1950 
3792 1845 1950 1846 
3793 1846 1950 1951 
3794 1846 1951 1847 
3795 1847 1951 1952 
3796 1847 1952 1848 
3797 1848 1952 1953 
3798 1848 1953 1849 
3799 1849 1953 1954 
3800 1849 1954 1850 
3801 1850 1954 1955 
3802 1850 1955 1851 
3803 1851 1955 1956 
3804 1851 1956 1852 
3805 1852 1956 1957 
3806 1852 1957 1853 
3807 1853 1957 1958 
3808 1853 1958 1854 
3809 1854 1958 1959 
3810 1854 1959 1855 
3811 1855 1959 1960 
3812 1855 1960 1856 
3813 1856 1960 1961 
3814 1856 1961 1857 
3815 1857 1961 1962 
3816 1857 1962 1858 
3817 1858 1962 1963 
3818 1858 1963 1859 
3819 1859 1963 1964 
3820 1859 1964 1860 
3821 1860 1964 1965 
3822 1860 1965 1861 
3823 1861 1965 1966 
3824 1861 1966 1862 
3825 1862 1966 1967 
3826 1862 1967 1863 
3827 1863 1967 1968 
3828 1863 1968 1864 
3829 1864 1968 1969 
3830 1864 1969 1865 
3831 1865 1969 1970 
3832 1865 1970 1866 
3833 1866 1970 1971 
3834 1866 1971 1867 
3835 1867 1971 1972 
3836 1867 1972 1868 
3837 1868 1972 1869 
3838 1972 1973 1869 
3839 1869 1973 1870 
3840 1973 1974 1870 
3841 1870 1974 1871 
3842 1974 1975 1871 
3843 1871 1975 1872 
3844 1975 1976 1872 
3845 1872 1976 1873 
3846 1976 1977 1873 
3847 1873 1977 1874 
3848 1977 1978 1874 
3849 1874 1978 1875 
3850 1978 1979 1875 
3851 1875 1979 1876 
3852 1979 1980 1876 
3853 1876 1980 1877 
3854 1980 1981 1877 
3855 1877 1981 1878 
3856 1981 1982 1878 
3857 1878 1982 1879 
3858 1982 1983 1879 
3859 1879 1983 1880 
3860 1983 1984 1880 
3861 1880 1984 1881 
3862 1984 1985 1881 
3863 1881 1985 1882 
3864 1985 1986 1882 
3865 1882 1986 1883 
3866 1986 1987 1883 
3867 1883 1987 1884 
3868 1987 1988 1884 
3869 1884 1988 1885 
3870 1988 1989 1885 
3871 1885 1989 1886 
3872 1989 1990 1886 
3873 1886 1990 1887 
3874 1990 1991 1887 
3875 1887 1991 1888 
3876 1991 1992 1888 
3877 1888 1992 1889 
3878 1992 1993 1889 
3879 1889 1993 1890 
3880 1993 1994 1890 
3881 1890 1994 1891 
3882 1994 1995 1891 
3883 1891 1995 1892 
3884 1995 1996 1892 
3885 1892 1996 1893 
3886 1996 1997 1893 
3887 1893 1997 1894 
3888 1997 1998 1894 
3889 1894 1998 1999 
3890 1894 1999 1895 
3891 1895 1999 2000 
3892 1895 2000 1896 
3893 1896 2000 2001 
3894 1896 2001 1897 
3895 1897 2001 2002 
3896 1897 2002 1898 
3897 1898 2002 2003 
3898 1898 2003 1899 
3899 1899 2003 2004 
3900 1899 2004 1900 
3901 1900 2004 2005 
3902 1900 2005 1901 
3903 1901 2005 2006 
3904 1901 2006 1902 
3905 1902 2006 2007 
3906 1902 2007 1903 
3907 1903 2007 2008 
3908 1903 2008 1904 
3909 1904 2008 2009 
3910 1904 2009 1905 
3911 1905 2009 2010 
3912 1905 2010 1906 
3913 1906 2010 2011 
3914 1906 2011 1907 
3915 1907 2011 2012 
3916 1907 2012 1908 
3917 1908 2012 2013 
3918 1908 2013 1909 
3919 1909 2013 2014 
3920 1909 2014 1910 
3921 1910 2014 2015 
3922 1910 2015 1911 
3923 1911 2015 2016 
3924 1911 2016 1912 
3925 1912 2016 2017 
3926 1912 2017 1913 
3927 1913 2017 2018 
3928 1913 2018 1914 
3929 1914 2018 2019 
3930 1914 2019 1915 
3931 1915 2019 2020 
3932 1915 2020 1916 
3933 1916 2020 2021 
3934 1916 2021 1917 
3935 1917 2021 2022 
3936 1917 2022 1918 
3937 1918 2022 2023 
3938 1918 2023 1919 
3939 1919 2023 1920 
3940 1919 1920 1816 
3941 1920 2025 2024 
3942 1920 2024 1921 
3943 1921 2024 2026 
3944 1921 2026 1922 
3945 1922 2026 2027 
3946 1922 2027 1923 
3947 1923 2027 2028 
3948 1923 2028 1924 
3949 1924 2028 2029 
3950 1924 2029 1925 
3951 1925 2029 2030 
3952 1925 2030 1926 
3953 1926 2030 2031 
3954 1926 2031 1927 
3955 1927 2031 2032 
3956 1927 2032 1928 
3957 1928 2032 2033 
3958 1928 2033 1929 
3959 1929 2033 2034 
3960 1929 2034 1930 
3961 1930 2034 2035 
3962 1930 2035 1931 
3963 1931 2035 2036 
3964 1931 2036 1932 
3965 1932 2036 2037 
3966 1932 2037 1933 
3967 1933 2037 2038 
3968 1933 2038 1934 
3969 1934 2038 2039 
3970 1934 2039 1935 
3971 1935 2039 2040 
3972 1935 2040 1936 
3973 1936 2040 2041 
3974 1936 2041 1937 
3975 1937 2041 2042 
3976 1937 2042 1938 
3977 1938 2042 2043 
3978 1938 2043 1939 
3979 1939 2043 2044 
3980 1939 2044 1940 
3981 1940 2044 2045 
3982 1940 2045 1941 
3983 1941 2045 2046 
3984 1941 2046 1942 
3985 1942 2046 2047 
3986 1942 2047 1943 
3987 1943 2047 2048 
3988 1943 2048 1944 
3989 1944 2048 2049 
3990 1944 2049 1945 
3991 1945 2049 2050 
3992 1945 2050 1946 
3993 1946 2050 1947 
3994 2050 2051 1947 
3995 1947 2051 1948 
3996 2051 2052 1948 
3997 1948 2052 1949 
3998 2052 2053 1949 
3999 1949 2053 1950 
4000 2053 2054 1950 
4001 1950 2054 1951 
4002 2054 2055 1951 
4003 1951 2055 1952 
4004 2055 2056 1952 
4005 1952 2056 1953 
4006 2056 2057 1953 
4007 1953 2057 1954 
4008 2057 2058 1954 
4009 1954 2058 1955 
4010 2058 2059 1955 
4011 1955 2059 1956 
4012 2059 2060 1956 
4013 1956 2060 1957 
4014 2060 2061 1957 
4015 1957 2061 1958 
4016 2061 2062 1958 
4017 1958 2062 1959 
4018 2062 2063 1959 
4019 1959 2063 1960 
4020 2063 2064 1960 
4021 1960 2064 1961 
4022 2064 2065 1961 
4023 1961 2065 1962 
4024 2065 2066 1962 
4025 1962 2066 1963 
4026 2066 2067 1963 
4027 1963 2067 1964 
4028 2067 2068 1964 
4029 1964 2068 1965 
4030 2068 2069 1965 
4031 1965 2069 1966 
4032 2069 2070 1966 
4033 1966 2070 1967 
4034 2070 2071 1967 
4035 1967 2071 1968 
4036 2071 2072 1968 
4037 1968 2072 1969 
4038 2072 2073 1969 
4039 1969 2073 1970 
4040 2073 2074 1970 
4041 1970 2074 1971 
4042 2074 2075 1971 
4043 1971 2075 1972 
4044 2075 2076 1972 
4045 1972 2076 2077 
4046 1972 2077 1973 
4047 1973 2077 2078 
4048 1973 2078 1974 
4049 1974 2078 2079 
4050 1974 2079 1975 
4051 1975 2079 2080 
4052 1975 2080 1976 
4053 1976 2080 2081 
4054 1976 2081 1977 
4055 1977 2081 2082 
4056 1977 2082 1978 
4057 1978 2082 2083 
4058 1978 2083 1979 
4059 1979 2083 2084 
4060 1979 2084 1980 
4061 1980 2084 2085 
4062 1980 2085 1981 
4063 1981 2085 2086 
4064 1981 2086 1982 
4065 1982 2086 2087 
4066 1982 2087 1983 
4067 1983 2087 2088 
4068 1983 2088 1984 
4069 1984 2088 2089 
4070 1984 2089 1985 
4071 1985 2089 2090 
4072 1985 2090 1986 
4073 1986 2090 2091 
4074 1986 2091 1987 
4075 1987 2091 2092 
4076 1987 2092 1988 
4077 1988 2092 2093 
4078 1988 2093 1989 
4079 1989 2093 2094 
4080 1989 2094 1990 
4081 1990 2094 2095 
4082 1990 2095 1991 
4083 1991 2095 2096 
4084 1991 2096 1992 
4085 1992 2096 2097 
4086 1992 2097 1993 
4087 1993 2097 2098 
4088 1993 2098 1994 
4089 1994 2098 2099 
4090 1994 2099 1995 
4091 1995 2099 2100 
4092 1995 2100 1996 
4093 1996 2100 2101 
4094 1996 2101 1997 
4095 1997 2101 2102 
4096 1997 2102 1998 
4097 1998 2102 1999 
4098 2102 2103 1999 
4099 1999 2103 2000 
4100 2103 2104 2000 
4101 2000 2104 2001 
4102 2104 2105 2001 
4103 2001 2105 2002 
4104 2105 2106 2002 
4105 2002 2106 2003 
4106 2106 2107 2003 
4107 2003 2107 2004 
4108 2107 2108 2004 
4109 2004 2108 2005 
4110 2108 2109 2005 
4111 2005 2109 2006 
4112 2109 2110 2006 
4113 2006 2110 2007 
4114 2110 2111 2007 
4115 2007 2111 2008 
4116 2111 2112 2008 
4117 2008 2112 2009 
4118 2112 2113 2009 
4119 2009 2113 2010 
4120 2113 2114 2010 
4121 2010 2114 2011 
4122 2114 2115 2011 
4123 2011 2115 2012 
4124 2115 2116 2012 
4125 2012 2116 2013 
4126 2116 2117 2013 
4127 2013 2117 2014 
4128 2117 2118 2014 
4129 2014 2118 2015 
4130 2118 2119 2015 
4131 2015 2119 2016 
4132 2119 2120 2016 
4133 2016 2120 2017 
4134 2120 2121 2017 
4135 2017 2121 2018 
4136 2121 2122 2018 
4137 2018 2122 2019 
4138 2122 2123 2019 
4139 2019 2123 2020 
4140 2123 2124 2020 
4141 2020 2124 2021 
4142 2124 2125 2021 
4143 2021 2125 2022 
4144 2125 2126 2022 
4145 2022 2126 2023 
4146 2126 2127 2023 
4147 2023 2127 1920 
4148 2127 2025 1920 
4149 2025 2129 2128 
4150 2025 2128 2024 
4151 2024 2128 2130 
4152 2024 2130 2026 
4153 2026 2130 2131 
4154 2026 2131 2027 
4155 2027 2131 2132 
4156 2027 2132 2028 
4157 2028 2132 2133 
4158 2028 2133 2029 
4159 2029 2133 2134 
4160 2029 2134 2030 
4161 2030 2134 2135 
4162 2030 2135 2031 
4163 2031 2135 2136 
4164 2031 2136 2032 
4165 2032 2136 2137 
4166 2032 2137 2033 
4167 2033 2137 2138 
4168 2033 2138 2034 
4169 2034 2138 2139 
4170 2034 2139 2035 
4171 2035 2139 2140 
4172 2035 2140 2036 
4173 2036 2140 2141 
4174 2036 2141 2037 
4175 2037 2141 2142 
4176 2037 2142 2038 
4177 2038 2142 2143 
4178 2038 2143 2039 
4179 2039 2143 2144 
4180 2039 2144 2040 
4181 2040 2144 2145 
4182 2040 2145 2041 
4183 2041 2145 2146 
4184 2041 2146 2042 
4185 2042 2146 2147 
4186 2042 2147 2043 
4187 2043 2147 2148 
4188 2043 2148 2044 
4189 2044 2148 2149 
4190 2044 2149 2045 
4191 2045 2149 2150 
4192 2045 2150 2046 
4193 2046 2150 2151 
4194 2046 2151 2047 
4195 2047 2151 2152 
4196 2047 2152 2048 
4197 2048 2152 2153 
4198 2048 2153 2049 
4199 2049 2153 2154 
4200 2049 2154 2050 
4201 2050 2154 2051 
4202 2154 2155 2051 
4203 2051 2155 2052 
4204 2155 2156 2052 
4205 2052 2156 2053 
4206 2156 2157 2053 
4207 2053 2157 2054 
4208 2157 2158 2054 
4209 2054 2158 2055 
4210 2158 2159 2055 
4211 2055 2159 2056 
4212 2159 2160 2056 
4213 2056 2160 2057 
4214 2160 2161 2057 
4215 2057 2161 2058 
4216 2161 2162 2058 
4217 2058 2162 2059 
4218 2162 2163 2059 
4219 2059 2163 2060 
4220 2163 2164 2060 
4221 2060 2164 2061 
4222 2164 2165 2061 
4223 2061 2165 2062 
4224 2165 2166 2062 
4225 2062 2166 2063 
4226 2166 2167 2063 
4227 2063 2167 2064 
4228 2167 2168 2064 
4229 2064 2168 2065 
4230 2168 2169 2065 
4231 2065 2169 2066 
4232 2169 2170 2066 
4233 2066 2170 2067 
4234 2170 2171 2067 
4235 2067 2171 2068 
4236 2171 2172 2068 
4237 2068 2172 2069 
4238 2172 2173 2069 
4239 2069 2173 2070 
4240 2173 2174 2070 
4241 2070 2174 2071 
4242 2174 2175 2071 
4243 2071 2175 2072 
4244 2175 2176 2072 
4245 2072 2176 2073 
4246 2176 2177 2073 
4247 2073 2177 2074 
4248 2177 2178 2074 
4249 2074 2178 2075 
4250 2178 2179 2075 
4251 2075 2179 2076 
4252 2179 2180 2076 
4253 2076 2180 2181 
4254 2076 2181 2077 
4255 2077 2181 2182 
4256 2077 2182 2078 
4257 2078 2182 2183 
4258 2078 2183 2079 
4259 2079 2183 2184 
4260 2079 2184 2080 
4261 2080 2184 2185 
4262 2080 2185 2081 
4263 2081 2185 2186 
4264 2081 2186 2082 
4265 2082 2186 2187 
4266 2082 2187 2083 
4267 2083 2187 2188 
4268 2083 2188 2084 
4269 2084 2188 2189 
4270 2084 2189 2085 
4271 2085 2189 2190 
4272 2085 2190 2086 
4273 2086 2190 2191 
4274 2086 2191 2087 
4275 2087 2191 2192 
4276 2087 2192 2088 
4277 2088 2192 2193 
4278 2088 2193 2089 
4279 2089 2193 2194 
4280 2089 2194 2090 
4281 2090 2194 2195 
4282 2090 2195 2091 
4283 2091 2195 2196 
4284 2091 2196 2092 
4285 2092 2196 2197 
4286 2092 2197 2093 
4287 2093 2197 2198 
4288 2093 2198 2094 
4289 2094 2198 2199 
4290 2094 2199 2095 
4291 2095 2199 2200 
4292 2095 2200 2096 
4293 2096 2200 2201 
4294 2096 2201 2097 
4295 2097 2201 2202 
4296 2097 2202 2098 
4297 2098 2202 2203 
4298 2098 2203 2099 
4299 2099 2203 2204 
4300 2099 2204 2100 
4301 2100 2204 2205 
4302 2100 2205 2101 
4303 2101 2205 2206 
4304 2101 2206 2102 
4305 2102 2206 2103 
4306 2206 2207 2103 
4307 2103 2207 2104 
4308 2207 2208 2104 
4309 2104 2208 2105 
4310 2208 2209 2105 
4311 2105 2209 2106 
4312 2209 2210 2106 
4313 2106 2210 2107 
4314 2210 2211 2107 
4315 2107 2211 2108 
4316 2211 2212 2108 
4317 2108 2212 2109 
4318 2212 2213 2109 
4319 2109 2213 2110 
4320 2213 2214 2110 
4321 2110 2214 2111 
4322 2214 2215 2111 
4323 2111 2215 2112 
4324 2215 2216 2112 
4325 2112 2216 2113 
4326 2216 2217 2113 
4327 2113 2217 2114 
4328 2217 2218 2114 
4329 2114 2218 2115 
4330 2218 2219 2115 
4331 2115 2219 2116 
4332 2219 2220 2116 
4333 2116 2220 2117 
4334 2220 2221 2117 
4335 2117 2221 2118 
4336 2221 2222 2118 
4337 2118 2222 2119 
4338 2222 2223 2119 
4339 2119 2223 2120 
4340 2223 2224 2120 
4341 2120 2224 2121 
4342 2224 2225 2121 
4343 2121 2225 2122 
4344 2225 2226 2122 
4345 2122 2226 2123 
4346 2226 2227 2123 
4347 2123 2227 2124 
4348 2227 2228 2124 
4349 2124 2228 2125 
4350 2228 2229 2125 
4351 2125 2229 2126 
4352 2229 2230 2126 
4353 2126 2230 2127 
4354 2230 2231 2127 
4355 2127 2231 2025 
4356 2231 2129 2025 
4357 2129 2233 2232 
4358 2129 2232 2128 
4359 2128 2232 2234 
4360 2128 2234 2130 
4361 2130 2234 2235 
4362 2130 2235 2131 
4363 2131 2235 2236 
4364 2131 2236 2132 
4365 2132 2236 2237 
4366 2132 2237 2133 
4367 2133 2237 2238 
4368 2133 2238 2134 
4369 2134 2238 2239 
4370 2134 2239 2135 
4371 2135 2239 2240 
4372 2135 2240 2136 
4373 2136 2240 2241 
4374 2136 2241 2137 
4375 2137 2241 2242 
4376 2137 2242 2138 
4377 2138 2242 2243 
4378 2138 2243 2139 
4379 2139 2243 2244 
4380 2139 2244 2140 
4381 2140 2244 2245 
4382 2140 2245 2141 
4383 2141 2245 2246 
4384 2141 2246 2142 
4385 2142 2246 2247 
4386 2142 2247 2143 
4387 2143 2247 2248 
4388 2143 2248 2144 
4389 2144 2248 2249 
4390 2144 2249 2145 
4391 2145 2249 2250 
4392 2145 2250 2146 
4393 2146 2250 2251 
4394 2146 2251 2147 
4395 2147 2251 2252 
4396 2147 2252 2148 
4397 2148 2252 2253 
4398 2148 2253 2149 
4399 2149 2253 2254 
4400 2149 2254 2150 
4401 2150 2254 2255 
4402 2150 2255 2151 
4403 2151 2255 2256 
4404 2151 2256 2152 
4405 2152 2256 2257 
4406 2152 2257 2153 
4407 2153 2257 2258 
4408 2153 2258 2154 
4409 2154 2258 2155 
4410 2258 2259 2155 
4411 2155 2259 2156 
4412 2259 2260 2156 
4413 2156 2260 2157 
4414 2260 2261 2157 
4415 2157 2261 2158 
4416 2261 2262 2158 
4417 2158 2262 2159 
4418 2262 2263 2159 
4419 2159 2263 2160 
4420 2263 2264 2160 
4421 2160 2264 2161 
4422 2264 2265 2161 
4423 2161 2265 2162 
4424 2265 2266 2162 
4425 2162 2266 2163 
4426 2266 2267 2163 
4427 2163 2267 2164 
4428 2267 2268 2164 
4429 2164 2268 2165 
4430 2268 2269 2165 
4431 2165 2269 2166 
4432 2269 2270 2166 
4433 2166 2270 2167 
4434 2270 2271 2167 
4435 2167 2271 2168 
4436 2271 2272 2168 
4437 2168 2272 2169 
4438 2272 2273 2169 
4439 2169 2273 2170 
4440 2273 2274 2170 
4441 2170 2274 2171 
4442 2274 2275 2171 
4443 2171 2275 2172 
4444 2275 2276 2172 
4445 2172 2276 2173 
4446 2276 2277 2173 
4447 2173 2277 2174 
4448 2277 2278 2174 
4449 2174 2278 2175 
4450 2278 2279 2175 
4451 2175 2279 2176 
4452 2279 2280 2176 
4453 2176 2280 2177 
4454 2280 2281 2177 
4455 2177 2281 2178 
4456 2281 2282 2178 
4457 2178 2282 2179 
4458 2282 2283 2179 
4459 2179 2283 2180 
4460 2283 2284 2180 
4461 2180 2284 2285 
4462 2180 2285 2181 
4463 2181 2285 2286 
4464 2181 2286 2182 
4465 2182 2286 2287 
4466 2182 2287 2183 
4467 2183 2287 2288 
4468 2183 2288 2184 
4469 2184 2288 2289 
4470 2184 2289 2185 
4471 2185 2289 2290 
4472 2185 2290 2186 
4473 2186 2290 2291 
4474 2186 2291 2187 
4475 2187 2291 2292 
4476 2187 2292 2188 
4477 2188 2292 2293 
4478 2188 2293 2189 
4479 2189 2293 2294 
4480 2189 2294 2190 
4481 2190 2294 2295 
4482 2190 2295 2191 
4483 2191 2295 2296 
4484 2191 2296 2192 
4485 2192 2296 2297 
4486 2192 2297 2193 
4487 2193 2297 2298 
4488 2193 2298 2194 
4489 2194 2298 2299 
4490 2194 2299 2195 
4491 2195 2299 2300 
4492 2195 2300 2196 
4493 2196 2300 2301 
4494 2196 2301 2197 
4495 2197 2301 2302 
4496 2197 2302 2198 
4497 2198 2302 2303 
4498 2198 2303 2199 
4499 2199 2303 2304 
4500 2199 2304 2200 
4501 2200 2304 2305 
4502 2200 2305 2201 
4503 2201 2305 2306 
4504 2201 2306 2202 
4505 2202 2306 2307 
4506 2202 2307 2203 
4507 2203 2307 2308 
4508 2203 2308 2204 
4509 2204 2308 2309 
4510 2204 2309 2205 
4511 2205 2309 2310 
4512 2205 2310 2206 
4513 2206 2310 2207 
4514 2310 2311 2207 
4515 2207 2311 2208 
4516 2311 2312 2208 
4517 2208 2312 2209 
4518 2312 2313 2209 
4519 2209 2313 2210 
4520 2313 2314 2210 
4521 2210 2314 2211 
4522 2314 2315 2211 
4523 2211 2315 2212 
4524 2315 2316 2212 
4525 2212 2316 2213 
4526 2316 2317 2213 
4527 2213 2317 2214 
4528 2317 2318 2214 
4529 2214 2318 2215 
4530 2318 2319 2215 
4531 2215 2319 2216 
4532 2319 2320 2216 
4533 2216 2320 2217 
4534 2320 2321 2217 
4535 2217 2321 2218 
4536 2321 2322 2218 
4537 2218 2322 2219 
4538 2322 2323 2219 
4539 2219 2323 2220 
4540 2323 2324 2220 
4541 2220 2324 2221 
4542 2324 2325 2221 
4543 2221 2325 2222 
4544 2325 2326 2222 
4545 2222 2326 2223 
4546 2326 2327 2223 
4547 2223 2327 2224 
4548 2327 2328 2224 
4549 2224 2328 2225 
4550 2328 2329 2225 
4551 2225 2329 2226 
4552 2329 2330 2226 
4553 2226 2330 2227 
4554 2330 2331 2227 
4555 2227 2331 2228 
4556 2331 2332 2228 
4557 2228 2332 2229 
4558 2332 2333 2229 
4559 2229 2333 2230 
4560 2333 2334 2230 
4561 2230 2334 2231 
4562 2334 2335 2231 
4563 2231 2335 2129 
4564 2335 2233 2129 
4565 2233 2337 2336 
4566 2233 2336 2232 
4567 2232 2336 2338 
4568 2232 2338 2234 
4569 2234 2338 2339 
4570 2234 2339 2235 
4571 2235 2339 2340 
4572 2235 2340 2236 
4573 2236 2340 2341 
4574 2236 2341 2237 
4575 2237 2341 2342 
4576 2237 2342 2238 
4577 2238 2342 2343 
4578 2238 2343 2239 
4579 2239 2343 2344 
4580 2239 2344 2240 
4581 2240 2344 2345 
4582 2240 2345 2241 
4583 2241 2345 2346 
4584 2241 2346 2242 
4585 2242 2346 2347 
4586 2242 2347 2243 
4587 2243 2347 2348 
4588 2243 2348 2244 
4589 2244 2348 2349 
4590 2244 2349 2245 
4591 2245 2349 2350 
4592 2245 2350 2246 
4593 2246 2350 2351 
4594 2246 2351 2247 
4595 2247 2351 2352 
4596 2247 2352 2248 
4597 2248 2352 2353 
4598 2248 2353 2249 
4599 2249 2353 2354 
4600 2249 2354 2250 
4601 2250 2354 2355 
4602 2250 2355 2251 
4603 2251 2355 2356 
4604 2251 2356 2252 
4605 2252 2356 2357 
4606 2252 2357 2253 
4607 2253 2357 2358 
4608 2253 2358 2254 
4609 2254 2358 2359 
4610 2254 2359 2255 
4611 2255 2359 2360 
4612 2255 2360 2256 
4613 2256 2360 2361 
4614 2256 2361 2257 
4615 2257 2361 2362 
4616 2257 2362 2258 
4617 2258 2362 2259 
4618 2362 2363 2259 
4619 2259 2363 2260 
4620 2363 2364 2260 
4621 2260 2364 2261 
4622 2364 2365 2261 
4623 2261 2365 2262 
4624 2365 2366 2262 
4625 2262 2366 2263 
4626 2366 2367 2263 
4627 2263 2367 2264 
4628 2367 2368 2264 
4629 2264 2368 2265 
4630 2368 2369 2265 
4631 2265 2369 2266 
4632 2369 2370 2266 
4633 2266 2370 2267 
4634 2370 2371 2267 
4635 2267 2371 2268 
4636 2371 2372 2268 
4637 2268 2372 2269 
4638 2372 2373 2269 
4639 2269 2373 2270 
4640 2373 2374 2270 
4641 2270 2374 2271 
4642 2374 2375 2271 
4643 2271 2375 2272 
4644 2375 2376 2272 
4645 2272 2376 2273 
4646 2376 2377 2273 
4647 2273 2377 2274 
4648 2377 2378 2274 
4649 2274 2378 2275 
4650 2378 2379 2275 
4651 2275 2379 2276 
4652 2379 2380 2276 
4653 2276 2380 2277 
4654 2380 2381 2277 
4655 2277 2381 2278 
4656 2381 2382 2278 
4657 2278 2382 2279 
4658 2382 2383 2279 
4659 2279 2383 2280 
4660 2383 2384 2280 
4661 2280 2384 2281 
4662 2384 2385 2281 
4663 2281 2385 2282 
4664 2385 2386 2282 
4665 2282 2386 2283 
4666 2386 2387 2283 
4667 2283 2387 2284 
4668 2387 2388 2284 
4669 2284 2388 2389 
4670 2284 2389 2285 
4671 2285 2389 2390 
4672 2285 2390 2286 
4673 2286 2390 2391 
4674 2286 2391 2287 
4675 2287 2391 2392 
4676 2287 2392 2288 
4677 2288 2392 2393 
4678 2288 2393 2289 
4679 2289 2393 2394 
4680 2289 2394 2290 
4681 2290 2394 2395 
4682 2290 2395 2291 
4683 2291 2395 2396 
4684 2291 2396 2292 
4685 2292 2396 2397 
4686 2292 2397 2293 
4687 2293 2397 2398 
4688 2293 2398 2294 
4689 2294 2398 2399 
4690 2294 2399 2295 
4691 2295 2399 2400 
4692 2295 2400 2296 
4693 2296 2400 2401 
4694 2296 2401 2297 
4695 2297 2401 2402 
4696 2297 2402 2298 
4697 2298 2402 2403 
4698 2298 2403 2299 
4699 2299 2403 2404 
4700 2299 2404 2300 
4701 2300 2404 2405 
4702 2300 2405 2301 
4703 2301 2405 2406 
4704 2301 2406 2302 
4705 2302 2406 2407 
4706 2302 2407 2303 
4707 2303 2407 2408 
4708 2303 2408 2304 
4709 2304 2408 2409 
4710 2304 2409 2305 
4711 2305 2409 2410 
4712 2305 2410 2306 
4713 2306 2410 2411 
4714 2306 2411 2307 
4715 2307 2411 2412 
4716 2307 2412 2308 
4717 2308 2412 2413 
4718 2308 2413 2309 
4719 2309 2413 2414 
4720 2309 2414 2310 
4721 2310 2414 2311 
4722 2414 2415 2311 
4723 2311 2415 2312 
4724 2415 2416 2312 
4725 2312 2416 2313 
4726 2416 2417 2313 
4727 2313 2417 2314 
4728 2417 2418 2314 
4729 2314 2418 2315 
4730 2418 2419 2315 
4731 2315 2419 2316 
4732 2419 2420 2316 
4733 2316 2420 2317 
4734 2420 2421 2317 
4735 2317 2421 2318 
4736 2421 2422 2318 
4737 2318 2422 2319 
4738 2422 2423 2319 
4739 2319 2423 2320 
4740 2423 2424 2320 
4741 2320 2424 2321 
4742 2424 2425 2321 
4743 2321 2425 2322 
4744 2425 2426 2322 
4745 2322 2426 2323 
4746 2426 2427 2323 
4747 2323 2427 2324 
4748 2427 2428 2324 
4749 2324 2428 2325 
4750 2428 2429 2325 
4751 2325 2429 2326 
4752 2429 2430 2326 
4753 2326 2430 2327 
4754 2430 2431 2327 
4755 2327 2431 2328 
4756 2431 2432 2328 
4757 2328 2432 2329 
4758 2432 2433 2329 
4759 2329 2433 2330 
4760 2433 2434 2330 
4761 2330 2434 2331 
4762 2434 2435 2331 
4763 2331 2435 2332 
4764 2435 2436 2332 
4765 2332 2436 2333 
4766 2436 2437 2333 
4767 2333 2437 2334 
4768 2437 2438 2334 
4769 2334 2438 2335 
4770 2438 2439 2335 
4771 2335 2439 2233 
4772 2439 2337 2233 
4773 2337 2441 2440 
4774 2337 2440 2336 
4775 2336 2440 2442 
4776 2336 2442 2338 
4777 2338 2442 2443 
4778 2338 2443 2339 
4779 2339 2443 2444 
4780 2339 2444 2340 
4781 2340 2444 2445 
4782 2340 2445 2341 
4783 2341 2445 2446 
4784 2341 2446 2342 
4785 2342 2446 2447 
4786 2342 2447 2343 
4787 2343 2447 2448 
4788 2343 2448 2344 
4789 2344 2448 2449 
4790 2344 2449 2345 
4791 2345 2449 2450 
4792 2345 2450 2346 
4793 2346 2450 2451 
4794 2346 2451 2347 
4795 2347 2451 2452 
4796 2347 2452 2348 
4797 2348 2452 2453 
4798 2348 2453 2349 
4799 2349 2453 2454 
4800 2349 2454 2350 
4801 2350 2454 2455 
4802 2350 2455 2351 
4803 2351 2455 2456 
4804 2351 2456 2352 
4805 2352 2456 2457 
4806 2352 2457 2353 
4807 2353 2457 2458 
4808 2353 2458 2354 
4809 2354 2458 2459 
4810 2354 2459 2355 
4811 2355 2459 2460 
4812 2355 2460 2356 
4813 2356 2460 2461 
4814 2356 2461 2357 
4815 2357 2461 2462 
4816 2357 2462 2358 
4817 2358 2462 2463 
4818 2358 2463 2359 
4819 2359 2463 2464 
4820 2359 2464 2360 
4821 2360 2464 2465 
4822 2360 2465 2361 
4823 2361 2465 2466 
4824 2361 2466 2362 
4825 2362 2466 2363 
4826 2466 2467 2363 
4827 2363 2467 2364 
4828 2467 2468 2364 
4829 2364 2468 2365 
4830 2468 2469 2365 
4831 2365 2469 2366 
4832 2469 2470 2366 
4833 2366 2470 2367 
4834 2470 2471 2367 
4835 2367 2471 2368 
4836 2471 2472 2368 
4837 2368 2472 2369 
4838 2472 2473 2369 
4839 2369 2473 2370 
4840 2473 2474 2370 
4841 2370 2474 2371 
4842 2474 2475 2371 
4843 2371 2475 2372 
4844 2475 2476 2372 
4845 2372 2476 2373 
4846 2476 2477 2373 
4847 2373 2477 2374 
4848 2477 2478 2374 
4849 2374 2478 2375 
4850 2478 2479 2375 
4851 2375 2479 2376 
4852 2479 2480 2376 
4853 2376 2480 2377 
4854 2480 2481 2377 
4855 2377 2481 2378 
4856 2481 2482 2378 
4857 2378 2482 2379 
4858 2482 2483 2379 
4859 2379 2483 2380 
4860 2483 2484 2380 
4861 2380 2484 2381 
4862 2484 2485 2381 
4863 2381 2485 2382 
4864 2485 2486 2382 
4865 2382 2486 2383 
4866 2486 2487 2383 
4867 2383 2487 2384 
4868 2487 2488 2384 
4869 2384 2488 2385 
4870 2488 2489 2385 
4871 2385 2489 2386 
4872 2489 2490 2386 
4873 2386 2490 2387 
4874 2490 2491 2387 
4875 2387 2491 2388 
4876 2491 2492 2388 
4877 2388 2492 2493 
4878 2388 2493 2389 
4879 2389 2493 2494 
4880 2389 2494 2390 
4881 2390 2494 2495 
4882 2390 2495 2391 
4883 2391 2495 2496 
4884 2391 2496 2392 
4885 2392 2496 2497 
4886 2392 2497 2393 
4887 2393 2497 2498 
4888 2393 2498 2394 
4889 2394 2498 2499 
4890 2394 2499 2395 
4891 2395 2499 2500 
4892 2395 2500 2396 
4893 2396 2500 2501 
4894 2396 2501 2397 
4895 2397 2501 2502 
4896 2397 2502 2398 
4897 2398 2502 2503 
4898 2398 2503 2399 
4899 2399 2503 2504 
4900 2399 2504 2400 
4901 2400 2504 2505 
4902 2400 2505 2401 
4903 2401 2505 2506 
4904 2401 2506 2402 
4905 2402 2506 2507 
4906 2402 2507 2403 
4907 2403 2507 2508 
4908 2403 2508 2404 
4909 2404 2508 2509 
4910 2404 2509 2405 
4911 2405 2509 2510 
4912 2405 2510 2406 
4913 2406 2510 2511 
4914 2406 2511 2407 
4915 2407 2511 2512 
4916 2407 2512 2408 
4917 2408 2512 2513 
4918 2408 2513 2409 
4919 2409 2513 2514 
4920 2409 2514 2410 
4921 2410 2514 2515 
4922 2410 2515 2411 
4923 2411 2515 2516 
4924 2411 2516 2412 
4925 2412 2516 2517 
4926 2412 2517 2413 
4927 2413 2517 2518 
4928 2413 2518 2414 
4929 2414 2518 2415 
4930 2518 2519 2415 
4931 2415 2519 2416 
4932 2519 2520 2416 
4933 2416 2520 2417 
4934 2520 2521 2417 
4935 2417 2521 2418 
4936 2521 2522 2418 
4937 2418 2522 2419 
4938 2522 2523 2419 
4939 2419 2523 2420 
4940 2523 2524 2420 
4941 2420 2524 2421 
4942 2524 2525 2421 
4943 2421 2525 2422 
4944 2525 2526 2422 
4945 2422 2526 2423 
4946 2526 2527 2423 
4947 2423 2527 2424 
4948 2527 2528 2424 
4949 2424 2528 2425 
4950 2528 2529 2425 
4951 2425 2529 2426 
4952 2529 2530 2426 
4953 2426 2530 2427 
4954 2530 2531 2427 
4955 2427 2531 2428 
4956 2531 2532 2428 
4957 2428 2532 2429 
4958 2532 2533 2429 
4959 2429 2533 2430 
4960 2533 2534 2430 
4961 2430 2534 2431 
4962 2534 2535 2431 
4963 2431 2535 2432 
4964 2535 2536 2432 
4965 2432 2536 2433 
4966 2536 2537 2433 
4967 2433 2537 2434 
4968 2537 2538 2434 
4969 2434 2538 2435 
4970 2538 2539 2435 
4971 2435 2539 2436 
4972 2539 2540 2436 
4973 2436 2540 2437 
4974 2540 2541 2437 
4975 2437 2541 2438 
4976 2541 2542 2438 
4977 2438 2542 2439 
4978 2542 2543 2439 
4979 2439 2543 2337 
4980 2543 2441 2337 
4981 2441 2545 2544 
4982 2441 2544 2440 
4983 2440 2544 2546 
4984 2440 2546 2442 
4985 2442 2546 2547 
4986 2442 2547 2443 
4987 2443 2547 2548 
4988 2443 2548 2444 
4989 2444 2548 2549 
4990 2444 2549 2445 
4991 2445 2549 2550 
4992 2445 2550 2446 
4993 2446 2550 2551 
4994 2446 2551 2447 
4995 2447 2551 2552 
4996 2447 2552 2448 
4997 2448 2552 2553 
4998 2448 2553 2449 
4999 2449 2553 2554 
5000 2449 2554 2450 
5001 2450 2554 2555 
5002 2450 2555 2451 
5003 2451 2555 2556 
5004 2451 2556 2452 
5005 2452 2556 2557 
5006 2452 2557 2453 
5007 2453 2557 2558 
5008 2453 2558 2454 
5009 2454 2558 2559 
5010 2454 2559 2455 
5011 2455 2559 2560 
5012 2455 2560 2456 
5013 2456 2560 2561 
5014 2456 2561 2457 
5015 2457 2561 2562 
5016 2457 2562 2458 
5017 2458 2562 2563 
5018 2458 2563 2459 
5019 2459 2563 2564 
5020 2459 2564 2460 
5021 2460 2564 2565 
5022 2460 2565 2461 
5023 2461 2565 2566 
5024 2461 2566 2462 
5025 2462 2566 2567 
5026 2462 2567 2463 
5027 2463 2567 2568 
5028 2463 2568 2464 
5029 2464 2568 2569 
5030 2464 2569 2465 
5031 2465 2569 2570 
5032 2465 2570 2466 
5033 2466 2570 2467 
5034 2570 2571 2467 
5035 2467 2571 2468 
5036 2571 2572 2468 
5037 2468 2572 2469 
5038 2572 2573 2469 
5039 2469 2573 2470 
5040 2573 2574 2470 
5041 2470 2574 2471 
5042 2574 2575 2471 
5043 2471 2575 2472 
5044 2575 2576 2472 
5045 2472 2576 2473 
5046 2576 2577 2473 
5047 2473 2577 2474 
5048 2577 2578 2474 
5049 2474 2578 2475 
5050 2578 2579 2475 
5051 2475 2579 2476 
5052 2579 2580 2476 
5053 2476 2580 2477 
5054 2580 2581 2477 
5055 2477 2581 2478 
5056 2581 2582 2478 
5057 2478 2582 2479 
5058 2582 2583 2479 
5059 2479 2583 2480 
5060 2583 2584 2480 
5061 2480 2584 2481 
5062 2584 2585 2481 
5063 2481 2585 2482 
5064 2585 2586 2482 
5065 2482 2586 2483 
5066 2586 2587 2483 
5067 2483 2587 2484 
5068 2587 2588 2484 
5069 2484 2588 2485 
5070 2588 2589 2485 
5071 2485 2589 2486 
5072 2589 2590 2486 
5073 2486 2590 2487 
5074 2590 2591 2487 
5075 2487 2591 2488 
5076 2591 2592 2488 
5077 2488 2592 2489 
5078 2592 2593 2489 
5079 2489 2593 2490 
5080 2593 2594 2490 
5081 2490 2594 2491 
5082 2594 2595 2491 
5083 2491 2595 2492 
5084 2595 2596 2492 
5085 2492 2596 2597 
5086 2492 2597 2493 
5087 2493 2597 2598 
5088 2493 2598 2494 
5089 2494 2598 2599 
5090 2494 2599 2495 
5091 2495 2599 2600 
5092 2495 2600 2496 
5093 2496 2600 2601 
5094 2496 2601 2497 
5095 2497 2601 2602 
5096 2497 2602 2498 
5097 2498 2602 2603 
5098 2498 2603 2499 
5099 2499 2603 2604 
5100 2499 2604 2500 
5101 2500 2604 2605 
5102 2500 2605 2501 
5103 2501 2605 2606 
5104 2501 2606 2502 
5105 2502 2606 2607 
5106 2502 2607 2503 
5107 2503 2607 2608 
5108 2503 2608 2504 
5109 2504 2608 2609 
5110 2504 2609 2505 
5111 2505 2609 2610 
5112 2505 2610 2506 
5113 2506 2610 2611 
5114 2506 2611 2507 
5115 2507 2611 2612 
5116 2507 2612 2508 
5117 2508 2612 2613 
5118 2508 2613 2509 
5119 2509 2613 2614 
5120 2509 2614 2510 
5121 2510 2614 2615 
5122 2510 2615 2511 
5123 2511 2615 2616 
5124 2511 2616 2512 
5125 2512 2616 2617 
5126 2512 2617 2513 
5127 2513 2617 2618 
5128 2513 2618 2514 
5129 2514 2618 2619 
5130 2514 2619 2515 
5131 2515 2619 2620 
5132 2515 2620 2516 
5133 2516 2620 2621 
5134 2516 2621 2517 
5135 2517 2621 2622 
5136 2517 2622 2518 
5137 2518 2622 2519 
5138 2622 2623 2519 
5139 2519 2623 2520 
5140 2623 2624 2520 
5141 2520 2624 2521 
5142 2624 2625 2521 
5143 2521 2625 2522 
5144 2625 2626 2522 
5145 2522 2626 2523 
5146 2626 2627 2523 
5147 2523 2627 2524 
5148 2627 2628 2524 
5149 2524 2628 2525 
5150 2628 2629 2525 
5151 2525 2629 2526 
5152 2629 2630 2526 
5153 2526 2630 2527 
5154 2630 2631 2527 
5155 2527 2631 2528 
5156 2631 2632 2528 
5157 2528 2632 2529 
5158 2632 2633 2529 
5159 2529 2633 2530 
5160 2633 2634 2530 
5161 2530 2634 2531 
5162 2634 2635 2531 
5163 2531 2635 2532 
5164 2635 2636 2532 
5165 2532 2636 2533 
5166 2636 2637 2533 
5167 2533 2637 2534 
5168 2637 2638 2534 
5169 2534 2638 2535 
5170 2638 2639 2535 
5171 2535 2639 2536 
5172 2639 2640 2536 
5173 2536 2640 2537 
5174 2640 2641 2537 
5175 2537 2641 2538 
5176 2641 2642 2538 
5177 2538 2642 2539 
5178 2642 2643 2539 
5179 2539 2643 2540 
5180 2643 2644 2540 
5181 2540 2644 2541 
5182 2644 2645 2541 
5183 2541 2645 2542 
5184 2645 2646 2542 
5185 2542 2646 2543 
5186 2646 2647 2543 
5187 2543 2647 2441 
5188 2647 2545 2441 
5189 2545 2649 2648 
5190 2545 2648 2544 
5191 2544 2648 2650 
5192 2544 2650 2546 
5193 2546 2650 2651 
5194 2546 2651 2547 
5195 2547 2651 2652 
5196 2547 2652 2548 
5197 2548 2652 2653 
5198 2548 2653 2549 
5199 2549 2653 2654 
5200 2549 2654 2550 
5201 2550 2654 2655 
5202 2550 2655 2551 
5203 2551 2655 2656 
5204 2551 2656 2552 
5205 2552 2656 2657 
5206 2552 2657 2553 
5207 2553 2657 2658 
5208 2553 2658 2554 
5209 2554 2658 2659 
5210 2554 2659 2555 
5211 2555 2659 2660 
5212 2555 2660 2556 
5213 2556 2660 2661 
5214 2556 2661 2557 
5215 2557 2661 2662 
5216 2557 2662 2558 
5217 2558 2662 2663 
5218 2558 2663 2559 
5219 2559 2663 2664 
5220 2559 2664 2560 
5221 2560 2664 2665 
5222 2560 2665 2561 
5223 2561 2665 2666 
5224 2561 2666 2562 
5225 2562 2666 2667 
5226 2562 2667 2563 
5227 2563 2667 2668 
5228 2563 2668 2564 
5229 2564 2668 2669 
5230 2564 2669 2565 
5231 2565 2669 2670 
5232 2565 2670 2566 
5233 2566 2670 2671 
5234 2566 2671 2567 
5235 2567 2671 2672 
5236 2567 2672 2568 
5237 2568 2672 2673 
5238 2568 2673 2569 
5239 2569 2673 2674 
5240 2569 2674 2570 
5241 2570 2674 2571 
5242 2674 2675 2571 
5243 2571 2675 2572 
5244 2675 2676 2572 
5245 2572 2676 2573 
5246 2676 2677 2573 
5247 2573 2677 2574 
5248 2677 2678 2574 
5249 2574 2678 2575 
5250 2678 2679 2575 
5251 2575 2679 2576 
5252 2679 2680 2576 
5253 2576 2680 2577 
5254 2680 2681 2577 
5255 2577 2681 2578 
5256 2681 2682 2578 
5257 2578 2682 2579 
5258 2682 2683 2579 
5259 2579 2683 2580 
5260 2683 2684 2580 
5261 2580 2684 2581 
5262 2684 2685 2581 
5263 2581 2685 2582 
5264 2685 2686 2582 
5265 2582 2686 2583 
5266 2686 2687 2583 
5267 2583 2687 2584 
5268 2687 2688 2584 
5269 2584 2688 2585 
5270 2688 2689 2585 
5271 2585 2689 2586 
5272 2689 2690 2586 
5273 2586 2690 2587 
5274 2690 2691 2587 
5275 2587 2691 2588 
5276 2691 2692 2588 
5277 2588 2692 2589 
5278 2692 2693 2589 
5279 2589 2693 2590 
5280 2693 2694 2590 
5281 2590 2694 2591 
5282 2694 2695 2591 
5283 2591 2695 2592 
5284 2695 2696 2592 
5285 2592 2696 2593 
5286 2696 2697 2593 
5287 2593 2697 2594 
5288 2697 2698 2594 
5289 2594 2698 2595 
5290 2698 2699 2595 
5291 2595 2699 2596 
5292 2699 2700 2596 
5293 2596 2700 2701 
5294 2596 2701 2597 
5295 2597 2701 2702 
5296 2597 2702 2598 
5297 2598 2702 2703 
5298 2598 2703 2599 
5299 2599 2703 2704 
5300 2599 2704 2600 
5301 2600 2704 2705 
5302 2600 2705 2601 
5303 2601 2705 2706 
5304 2601 2706 2602 
5305 2602 2706 2707 
5306 2602 2707 2603 
5307 2603 2707 2708 
5308 2603 2708 2604 
5309 2604 2708 2709 
5310 2604 2709 2605 
5311 2605 2709 2710 
5312 2605 2710 2606 
5313 2606 2710 2711 
5314 2606 2711 2607 
5315 2607 2711 2712 
5316 2607 2712 2608 
5317 2608 2712 2713 
5318 2608 2713 2609 
5319 2609 2713 2714 
5320 2609 2714 2610 
5321 2610 2714 2715 
5322 2610 2715 2611 
5323 2611 2715 2716 
5324 2611 2716 2612 
5325 2612 2716 2717 
5326 2612 2717 2613 
5327 2613 2717 2718 
5328 2613 2718 2614 
5329 2614 2718 2719 
5330 2614 2719 2615 
5331 2615 2719 2720 
5332 2615 2720 2616 
5333 2616 2720 2721 
5334 2616 2721 2617 
5335 2617 2721 2722 
5336 2617 2722 2618 
5337 2618 2722 2723 
5338 2618 2723 2619 
5339 2619 2723 2724 
5340 2619 2724 2620 
5341 2620 2724 2725 
5342 2620 2725 2621 
5343 2621 2725 2726 
5344 2621 2726 2622 
5345 2622 2726 2623 
5346 2726 2727 2623 
5347 2623 2727 2624 
5348 2727 2728 2624 
5349 2624 2728 2625 
5350 2728 2729 2625 
5351 2625 2729 2626 
5352 2729 2730 2626 
5353 2626 2730 2627 
5354 2730 2731 2627 
5355 2627 2731 2628 
5356 2731 2732 2628 
5357 2628 2732 2629 
5358 2732 2733 2629 
5359 2629 2733 2630 
5360 2733 2734 2630 
5361 2630 2734 2631 
5362 2734 2735 2631 
5363 2631 2735 2632 
5364 2735 2736 2632 
5365 2632 2736 2633 
5366 2736 2737 2633 
5367 2633 2737 2634 
5368 2737 2738 2634 
5369 2634 2738 2635 
5370 2738 2739 2635 
5371 2635 2739 2636 
5372 2739 2740 2636 
5373 2636 2740 2637 
5374 2740 2741 2637 
5375 2637 2741 2638 
5376 2741 2742 2638 
5377 2638 2742 2639 
5378 2742 2743 2639 
5379 2639 2743 2640 
5380 2743 2744 2640 
5381 2640 2744 2641 
5382 2744 2745 2641 
5383 2641 2745 2642 
5384 2745 2746 2642 
5385 2642 2746 2643 
5386 2746 2747 2643 
5387 2643 2747 2644 
5388 2747 2748 2644 
5389 2644 2748 2645 
5390 2748 2749 2645 
5391 2645 2749 2646 
5392 2749 2750 2646 
5393 2646 2750 2647 
5394 2750 2751 2647 
5395 2647 2751 2545 
5396 2751 2649 2545 
5397 2649 2753 2752 
5398 2649 2752 2648 
5399 2648 2752 2754 
5400 2648 2754 2650 
5401 2650 2754 2755 
5402 2650 2755 2651 
5403 2651 2755 2756 
5404 2651 2756 2652 
5405 2652 2756 2757 
5406 2652 2757 2653 
5407 2653 2757 2758 
5408 2653 2758 2654 
5409 2654 2758 2759 
5410 2654 2759 2655 
5411 2655 2759 2760 
5412 2655 2760 2656 
5413 2656 2760 2761 
5414 2656 2761 2657 
5415 2657 2761 2762 
5416 2657 2762 2658 
5417 2658 2762 2763 
5418 2658 2763 2659 
5419 2659 2763 2764 
5420 2659 2764 2660 
5421 2660 2764 2765 
5422 2660 2765 2661 
5423 2661 2765 2766 
5424 2661 2766 2662 
5425 2662 2766 2767 
5426 2662 2767 2663 
5427 2663 2767 2768 
5428 2663 2768 2664 
5429 2664 2768 2769 
5430 2664 2769 2665 
5431 2665 2769 2770 
5432 2665 2770 2666 
5433 2666 2770 2771 
5434 2666 2771 2667 
5435 2667 2771 2772 
5436 2667 2772 2668 
5437 2668 2772 2773 
5438 2668 2773 2669 
5439 2669 2773 2774 
5440 2669 2774 2670 
5441 2670 2774 2775 
5442 2670 2775 2671 
5443 2671 2775 2776 
5444 2671 2776 2672 
5445 2672 2776 2777 
5446 2672 2777 2673 
5447 2673 2777 2778 
5448 2673 2778 2674 
5449 2674 2778 2675 
5450 2778 2779 2675 
5451 2675 2779 2676 
5452 2779 2780 2676 
5453 2676 2780 2677 
5454 2780 2781 2677 
5455 2677 2781 2678 
5456 2781 2782 2678 
5457 2678 2782 2679 
5458 2782 2783 2679 
5459 2679 2783 2680 
5460 2783 2784 2680 
5461 2680 2784 2681 
5462 2784 2785 2681 
5463 2681 2785 2682 
5464 2785 2786 2682 
5465 2682 2786 2683 
5466 2786 2787 2683 
5467 2683 2787 2684 
5468 2787 2788 2684 
5469 2684 2788 2685 
5470 2788 2789 2685 
5471 2685 2789 2686 
5472 2789 2790 2686 
5473 2686 2790 2687 
5474 2790 2791 2687 
5475 2687 2791 2688 
5476 2791 2792 2688 
5477 2688 2792 2689 
5478 2792 2793 2689 
5479 2689 2793 2690 
5480 2793 2794 2690 
5481 2690 2794 2691 
5482 2794 2795 2691 
5483 2691 2795 2692 
5484 2795 2796 2692 
5485 2692 2796 2693 
5486 2796 2797 2693 
5487 2693 2797 2694 
5488 2797 2798 2694 
5489 2694 2798 2695 
5490 2798 2799 2695 
5491 2695 2799 2696 
5492 2799 2800 2696 
5493 2696 2800 2697 
5494 2800 2801 2697 
5495 2697 2801 2698 
5496 2801 2802 2698 
5497 2698 2802 2699 
5498 2802 2803 2699 
5499 2699 2803 2700 
5500 2803 2804 2700 
5501 2700 2804 2805 
5502 2700 2805 2701 
5503 2701 2805 2806 
5504 2701 2806 2702 
5505 2702 2806 2807 
5506 2702 2807 2703 
5507 2703 2807 2808 
5508 2703 2808 2704 
5509 2704 2808 2809 
5510 2704 2809 2705 
5511 2705 2809 2810 
5512 2705 2810 2706 
5513 2706 2810 2811 
5514 2706 2811 2707 
5515 2707 2811 2812 
5516 2707 2812 2708 
5517 2708 2812 2813 
5518 2708 2813 2709 
5519 2709 2813 2814 
5520 2709 2814 2710 
5521 2710 2814 2815 
5522 2710 2815 2711 
5523 2711 2815 2816 
5524 2711 2816 2712 
5525 2712 2816 2817 
5526 2712 2817 2713 
5527 2713 2817 2818 
5528 2713 2818 2714 
5529 2714 2818 2819 
5530 2714 2819 2715 
5531 2715 2819 2820 
5532 2715 2820 2716 
5533 2716 2820 2821 
5534 2716 2821 2717 
5535 2717 2821 2822 
5536 2717 2822 2718 
5537 2718 2822 2823 
5538 2718 2823 2719 
5539 2719 2823 2824 
5540 2719 2824 2720 
5541 2720 2824 2825 
5542 2720 2825 2721 
5543 2721 2825 2826 
5544 2721 2826 2722 
5545 2722 2826 2827 
5546 2722 2827 2723 
5547 2723 2827 2828 
5548 2723 2828 2724 
5549 2724 2828 2829 
5550 2724 2829 2725 
5551 2725 2829 2830 
5552 2725 2830 2726 
5553 2726 2830 2727 
5554 2830 2831 2727 
5555 2727 2831 2728 
5556 2831 2832 2728 
5557 2728 2832 2729 
5558 2832 2833 2729 
5559 2729 2833 2730 
5560 2833 2834 2730 
5561 2730 2834 2731 
5562 2834 2835 2731 
5563 2731 2835 2732 
5564 2835 2836 2732 
5565 2732 2836 2733 
5566 2836 2837 2733 
5567 2733 2837 2734 
5568 2837 2838 2734 
5569 2734 2838 2735 
5570 2838 2839 2735 
5571 2735 2839 2736 
5572 2839 2840 2736 
5573 2736 2840 2737 
5574 2840 2841 2737 
5575 2737 2841 2738 
5576 2841 2842 2738 
5577 2738 2842 2739 
5578 2842 2843 2739 
5579 2739 2843 2740 
5580 2843 2844 2740 
5581 2740 2844 2741 
5582 2844 2845 2741 
5583 2741 2845 2742 
5584 2845 2846 2742 
5585 2742 2846 2743 
5586 2846 2847 2743 
5587 2743 2847 2744 
5588 2847 2848 2744 
5589 2744 2848 2745 
5590 2848 2849 2745 
5591 2745 2849 2746 
5592 2849 2850 2746 
5593 2746 2850 2747 
5594 2850 2851 2747 
5595 2747 2851 2748 
5596 2851 2852 2748 
5597 2748 2852 2749 
5598 2852 2853 2749 
5599 2749 2853 2750 
5600 2853 2854 2750 
5601 2750 2854 2751 
5602 2854 2855 2751 
5603 2751 2855 2649 
5604 2855 2753 2649 
5605 2753 2857 2856 
5606 2753 2856 2752 
5607 2752 2856 2858 
5608 2752 2858 2754 
5609 2754 2858 2859 
5610 2754 2859 2755 
5611 2755 2859 2860 
5612 2755 2860 2756 
5613 2756 2860 2861 
5614 2756 2861 2757 
5615 2757 2861 2862 
5616 2757 2862 2758 
5617 2758 2862 2863 
5618 2758 2863 2759 
5619 2759 2863 2864 
5620 2759 2864 2760 
5621 2760 2864 2865 
5622 2760 2865 2761 
5623 2761 2865 2866 
5624 2761 2866 2762 
5625 2762 2866 2867 
5626 2762 2867 2763 
5627 2763 2867 2868 
5628 2763 2868 2764 
5629 2764 2868 2869 
5630 2764 2869 2765 
5631 2765 2869 2870 
5632 2765 2870 2766 
5633 2766 2870 2871 
5634 2766 2871 2767 
5635 2767 2871 2872 
5636 2767 2872 2768 
5637 2768 2872 2873 
5638 2768 2873 2769 
5639 2769 2873 2874 
5640 2769 2874 2770 
5641 2770 2874 2875 
5642 2770 2875 2771 
5643 2771 2875 2876 
5644 2771 2876 2772 
5645 2772 2876 2877 
5646 2772 2877 2773 
5647 2773 2877 2878 
5648 2773 2878 2774 
5649 2774 2878 2879 
5650 2774 2879 2775 
5651 2775 2879 2880 
5652 2775 2880 2776 
5653 2776 2880 2881 
5654 2776 2881 2777 
5655 2777 2881 2882 
5656 2777 2882 2778 
5657 2778 2882 2779 
5658 2882 2883 2779 
5659 2779 2883 2780 
5660 2883 2884 2780 
5661 2780 2884 2781 
5662 2884 2885 2781 
5663 2781 2885 2782 
5664 2885 2886 2782 
5665 2782 2886 2783 
5666 2886 2887 2783 
5667 2783 2887 2784 
5668 2887 2888 2784 
5669 2784 2888 2785 
5670 2888 2889 2785 
5671 2785 2889 2786 
5672 2889 2890 2786 
5673 2786 2890 2787 
5674 2890 2891 2787 
5675 2787 2891 2788 
5676 2891 2892 2788 
5677 2788 2892 2789 
5678 2892 2893 2789 
5679 2789 2893 2790 
5680 2893 2894 2790 
5681 2790 2894 2791 
5682 2894 2895 2791 
5683 2791 2895 2792 
5684 2895 2896 2792 
5685 2792 2896 2793 
5686 2896 2897 2793 
5687 2793 2897 2794 
5688 2897 2898 2794 
5689 2794 2898 2795 
5690 2898 2899 2795 
5691 2795 2899 2796 
5692 2899 2900 2796 
5693 2796 2900 2797 
5694 2900 2901 2797 
5695 2797 2901 2798 
5696 2901 2902 2798 
5697 2798 2902 2799 
5698 2902 2903 2799 
5699 2799 2903 2800 
5700 2903 2904 2800 
5701 2800 2904 2801 
5702 2904 2905 2801 
5703 2801 2905 2802 
5704 2905 2906 2802 
5705 2802 2906 2803 
5706 2906 2907 2803 
5707 2803 2907 2804 
5708 2907 2908 2804 
5709 2804 2908 2909 
5710 2804 2909 2805 
5711 2805 2909 2910 
5712 2805 2910 2806 
5713 2806 2910 2911 
5714 2806 2911 2807 
5715 2807 2911 2912 
5716 2807 2912 2808 
5717 2808 2912 2913 
5718 2808 2913 2809 
5719 2809 2913 2914 
5720 2809 2914 2810 
5721 2810 2914 2915 
5722 2810 2915 2811 
5723 2811 2915 2916 
5724 2811 2916 2812 
5725 2812 2916 2917 
5726 2812 2917 2813 
5727 2813 2917 2918 
5728 2813 2918 2814 
5729 2814 2918 2919 
5730 2814 2919 2815 
5731 2815 2919 2920 
5732 2815 2920 2816 
5733 2816 2920 2921 
5734 2816 2921 2817 
5735 2817 2921 2922 
5736 2817 2922 2818 
5737 2818 2922 2923 
5738 2818 2923 2819 
5739 2819 2923 2924 
5740 2819 2924 2820 
5741 2820 2924 2925 
5742 2820 2925 2821 
5743 2821 2925 2926 
5744 2821 2926 2822 
5745 2822 2926 2927 
5746 2822 2927 2823 
5747 2823 2927 2928 
5748 2823 2928 2824 
5749 2824 2928 2929 
5750 2824 2929 2825 
5751 2825 2929 2930 
5752 2825 2930 2826 
5753 2826 2930 2931 
5754 2826 2931 2827 
5755 2827 2931 2932 
5756 2827 2932 2828 
5757 2828 2932 2933 
5758 2828 2933 2829 
5759 2829 2933 2934 
5760 2829 2934 2830 
5761 2830 2934 2831 
5762 2934 2935 2831 
5763 2831 2935 2832 
5764 2935 2936 2832 
5765 2832 2936 2833 
5766 2936 2937 2833 
5767 2833 2937 2834 
5768 2937 2938 2834 
5769 2834 2938 2835 
5770 2938 2939 2835 
5771 2835 2939 2836 
5772 2939 2940 2836 
5773 2836 2940 2837 
5774 2940 2941 2837 
5775 2837 2941 2838 
5776 2941 2942 2838 
5777 2838 2942 2839 
5778 2942 2943 2839 
5779 2839 2943 2840 
5780 2943 2944 2840 
5781 2840 2944 2841 
5782 2944 2945 2841 
5783 2841 2945 2842 
5784 2945 2946 2842 
5785 2842 2946 2843 
5786 2946 2947 2843 
5787 2843 2947 2844 
5788 2947 2948 2844 
5789 2844 2948 2845 
5790 2948 2949 2845 
5791 2845 2949 2846 
5792 2949 2950 2846 
5793 2846 2950 2847 
5794 2950 2951 2847 
5795 2847 2951 2848 
5796 2951 2952 2848 
5797 2848 2952 2849 
5798 2952 2953 2849 
5799 2849 2953 2850 
5800 2953 2954 2850 
5801 2850 2954 2851 
5802 2954 2955 2851 
5803 2851 2955 2852 
5804 2955 2956 2852 
5805 2852 2956 2853 
5806 2956 2957 2853 
5807 2853 2957 2854 
5808 2957 2958 2854 
5809 2854 2958 2855 
5810 2958 2959 2855 
5811 2855 2959 2753 
5812 2959 2857 2753 
5813 2857 2961 2960 
5814 2857 2960 2856 
5815 2856 2960 2962 
5816 2856 2962 2858 
5817 2858 2962 2963 
5818 2858 2963 2859 
5819 2859 2963 2964 
5820 2859 2964 2860 
5821 2860 2964 2965 
5822 2860 2965 2861 
5823 2861 2965 2966 
5824 2861 2966 2862 
5825 2862 2966 2967 
5826 2862 2967 2863 
5827 2863 2967 2968 
5828 2863 2968 2864 
5829 2864 2968 2969 
5830 2864 2969 2865 
5831 2865 2969 2970 
5832 2865 2970 2866 
5833 2866 2970 2971 
5834 2866 2971 2867 
5835 2867 2971 2972 
5836 2867 2972 2868 
5837 2868 2972 2973 
5838 2868 2973 2869 
5839 2869 2973 2974 
5840 2869 2974 2870 
5841 2870 2974 2975 
5842 2870 2975 2871 
5843 2871 2975 2976 
5844 2871 2976 2872 
5845 2872 2976 2977 
5846 2872 2977 2873 
5847 2873 2977 2978 
5848 2873 2978 2874 
5849 2874 2978 2979 
5850 2874 2979 2875 
5851 2875 2979 2980 
5852 2875 2980 2876 
5853 2876 2980 2981 
5854 2876 2981 2877 
5855 2877 2981 2982 
5856 2877 2982 2878 
5857 2878 2982 2983 
5858 2878 2983 2879 
5859 2879 2983 2984 
5860 2879 2984 2880 
5861 2880 2984 2985 
5862 2880 2985 2881 
5863 2881 2985 2986 
5864 2881 2986 2882 
5865 2882 2986 2883 
5866 2986 2987 2883 
5867 2883 2987 2884 
5868 2987 2988 2884 
5869 2884 2988 2885 
5870 2988 2989 2885 
5871 2885 2989 2886 
5872 2989 2990 2886 
5873 2886 2990 2887 
5874 2990 2991 2887 
5875 2887 2991 2888 
5876 2991 2992 2888 
5877 2888 2992 2889 
5878 2992 2993 2889 
5879 2889 2993 2890 
5880 2993 2994 2890 
5881 2890 2994 2891 
5882 2994 2995 2891 
5883 2891 2995 2892 
5884 2995 2996 2892 
5885 2892 2996 2893 
5886 2996 2997 2893 
5887 2893 2997 2894 
5888 2997 2998 2894 
5889 2894 2998 2895 
5890 2998 2999 2895 
5891 2895 2999 2896 
5892 2999 3000 2896 
5893 2896 3000 2897 
5894 3000 3001 2897 
5895 2897 3001 2898 
5896 3001 3002 2898 
5897 2898 3002 2899 
5898 3002 3003 2899 
5899 2899 3003 2900 
5900 3003 3004 2900 
5901 2900 3004 2901 
5902 3004 3005 2901 
5903 2901 3005 2902 
5904 3005 3006 2902 
5905 2902 3006 2903 
5906 3006 3007 2903 
5907 2903 3007 2904 
5908 3007 3008 2904 
5909 2904 3008 2905 
5910 3008 3009 2905 
5911 2905 3009 2906 
5912 3009 3010 2906 
5913 2906 3010 2907 
5914 3010 3011 2907 
5915 2907 3011 2908 
5916 3011 3012 2908 
5917 2908 3012 3013 
5918 2908 3013 2909 
5919 2909 3013 3014 
5920 2909 3014 2910 
5921 2910 3014 3015 
5922 2910 3015 2911 
5923 2911 3015 3016 
5924 2911 3016 2912 
5925 2912 3016 3017 
5926 2912 3017 2913 
5927 2913 3017 3018 
5928 2913 3018 2914 
5929 2914 3018 3019 
5930 2914 3019 2915 
5931 2915 3019 3020 
5932 2915 3020 2916 
5933 2916 3020 3021 
5934 2916 3021 2917 
5935 2917 3021 3022 
5936 2917 3022 2918 
5937 2918 3022 3023 
5938 2918 3023 2919 
5939 2919 3023 3024 
5940 2919 3024 2920 
5941 2920 3024 3025 
5942 2920 3025 2921 
5943 2921 3025 3026 
5944 2921 3026 2922 
5945 2922 3026 3027 
5946 2922 3027 2923 
5947 2923 3027 3028 
5948 2923 3028 2924 
5949 2924 3028 3029 
5950 2924 3029 2925 
5951 2925 3029 3030 
5952 2925 3030 2926 
5953 2926 3030 3031 
5954 2926 3031 2927 
5955 2927 3031 3032 
5956 2927 3032 2928 
5957 2928 3032 3033 
5958 2928 3033 2929 
5959 2929 3033 3034 
5960 2929 3034 2930 
5961 2930 3034 3035 
5962 2930 3035 2931 
5963 2931 3035 3036 
5964 2931 3036 2932 
5965 2932 3036 3037 
5966 2932 3037 2933 
5967 2933 3037 3038 
5968 2933 3038 2934 
5969 2934 3038 2935 
5970 3038 3039 2935 
5971 2935 3039 2936 
5972 3039 3040 2936 
5973 2936 3040 2937 
5974 3040 3041 2937 
5975 2937 3041 2938 
5976 3041 3042 2938 
5977 2938 3042 2939 
5978 3042 3043 2939 
5979 2939 3043 2940 
5980 3043 3044 2940 
5981 2940 3044 2941 
5982 3044 3045 2941 
5983 2941 3045 2942 
5984 3045 3046 2942 
5985 2942 3046 2943 
5986 3046 3047 2943 
5987 2943 3047 2944 
5988 3047 3048 2944 
5989 2944 3048 2945 
5990 3048 3049 2945 
5991 2945 3049 2946 
5992 3049 3050 2946 
5993 2946 3050 2947 
5994 3050 3051 2947 
5995 2947 3051 2948 
5996 3051 3052 2948 
5997 2948 3052 2949 
5998 3052 3053 2949 
5999 2949 3053 2950 
6000 3053 3054 2950 
6001 2950 3054 2951 
6002 3054 3055 2951 
6003 2951 3055 2952 
6004 3055 3056 2952 
6005 2952 3056 2953 
6006 3056 3057 2953 
6007 2953 3057 2954 
6008 3057 3058 2954 
6009 2954 3058 2955 
6010 3058 3059 2955 
6011 2955 3059 2956 
6012 3059 3060 2956 
6013 2956 3060 2957 
6014 3060 3061 2957 
6015 2957 3061 2958 
6016 3061 3062 2958 
6017 2958 3062 2959 
6018 3062 3063 2959 
6019 2959 3063 2857 
6020 3063 2961 2857 
6021 2961 3065 3064 
6022 2961 3064 2960 
6023 2960 3064 3066 
6024 2960 3066 2962 
6025 2962 3066 3067 
6026 2962 3067 2963 
6027 2963 3067 3068 
6028 2963 3068 2964 
6029 2964 3068 3069 
6030 2964 3069 2965 
6031 2965 3069 3070 
6032 2965 3070 2966 
6033 2966 3070 3071 
6034 2966 3071 2967 
6035 2967 3071 3072 
6036 2967 3072 2968 
6037 2968 3072 3073 
6038 2968 3073 2969 
6039 2969 3073 3074 
6040 2969 3074 2970 
6041 2970 3074 3075 
6042 2970 3075 2971 
6043 2971 3075 3076 
6044 2971 3076 2972 
6045 2972 3076 3077 
6046 2972 3077 2973 
6047 2973 3077 3078 
6048 2973 3078 2974 
6049 2974 3078 3079 
6050 2974 3079 2975 
6051 2975 3079 3080 
6052 2975 3080 2976 
6053 2976 3080 3081 
6054 2976 3081 2977 
6055 2977 3081 3082 
6056 2977 3082 2978 
6057 2978 3082 3083 
6058 2978 3083 2979 
6059 2979 3083 3084 
6060 2979 3084 2980 
6061 2980 3084 3085 
6062 2980 3085 2981 
6063 2981 3085 3086 
6064 2981 3086 2982 
6065 2982 3086 3087 
6066 2982 3087 2983 
6067 2983 3087 3088 
6068 2983 3088 2984 
6069 2984 3088 3089 
6070 2984 3089 2985 
6071 2985 3089 3090 
6072 2985 3090 2986 
6073 2986 3090 2987 
6074 3090 3091 2987 
6075 2987 3091 2988 
6076 3091 3092 2988 
6077 2988 3092 2989 
6078 3092 3093 2989 
6079 2989 3093 2990 
6080 3093 3094 2990 
6081 2990 3094 2991 
6082 3094 3095 2991 
6083 2991 3095 2992 
6084 3095 3096 2992 
6085 2992 3096 2993 
6086 3096 3097 2993 
6087 2993 3097 2994 
6088 3097 3098 2994 
6089 2994 3098 2995 
6090 3098 3099 2995 
6091 2995 3099 2996 
6092 3099 3100 2996 
6093 2996 3100 2997 
6094 3100 3101 2997 
6095 2997 3101 2998 
6096 3101 3102 2998 
6097 2998 3102 2999 
6098 3102 3103 2999 
6099 2999 3103 3000 
6100 3103 3104 3000 
6101 3000 3104 3001 
6102 3104 3105 3001 
6103 3001 3105 3002 
6104 3105 3106 3002 
6105 3002 3106 3003 
6106 3106 3107 3003 
6107 3003 3107 3004 
6108 3107 3108 3004 
6109 3004 3108 3005 
6110 3108 3109 3005 
6111 3005 3109 3006 
6112 3109 3110 3006 
6113 3006 3110 3007 
6114 3110 3111 3007 
6115 3007 3111 3008 
6116 3111 3112 3008 
6117 3008 3112 3009 
6118 3112 3113 3009 
6119 3009 3113 3010 
6120 3113 3114 3010 
6121 3010 3114 3011 
6122 3114 3115 3011 
6123 3011 3115 3012 
6124 3115 3116 3012 
6125 3012 3116 3117 
6126 3012 3117 3013 
6127 3013 3117 3118 
6128 3013 3118 3014 
6129 3014 3118 3119 
6130 3014 3119 3015 
6131 3015 3119 3120 
6132 3015 3120 3016 
6133 3016 3120 3121 
6134 3016 3121 3017 
6135 3017 3121 3122 
6136 3017 3122 3018 
6137 3018 3122 3123 
6138 3018 3123 3019 
6139 3019 3123 3124 
6140 3019 3124 3020 
6141 3020 3124 3125 
6142 3020 3125 3021 
6143 3021 3125 3126 
6144 3021 3126 3022 
6145 3022 3126 3127 
6146 3022 3127 3023 
6147 3023 3127 3128 
6148 3023 3128 3024 
6149 3024 3128 3129 
6150 3024 3129 3025 
6151 3025 3129 3130 
6152 3025 3130 3026 
6153 3026 3130 3131 
6154 3026 3131 3027 
6155 3027 3131 3132 
6156 3027 3132 3028 
6157 3028 3132 3133 
6158 3028 3133 3029 
6159 3029 3133 3134 
6160 3029 3134 3030 
6161 3030 3134 3135 
6162 3030 3135 3031 
6163 3031 3135 3136 
6164 3031 3136 3032 
6165 3032 3136 3137 
6166 3032 3137 3033 
6167 3033 3137 3138 
6168 3033 3138 3034 
6169 3034 3138 3139 
6170 3034 3139 3035 
6171 3035 3139 3140 
6172 3035 3140 3036 
6173 3036 3140 3141 
6174 3036 3141 3037 
6175 3037 3141 3142 
6176 3037 3142 3038 
6177 3038 3142 3039 
6178 3142 3143 3039 
6179 3039 3143 3040 
6180 3143 3144 3040 
6181 3040 3144 3041 
6182 3144 3145 3041 
6183 3041 3145 3042 
6184 3145 3146 3042 
6185 3042 3146 3043 
6186 3146 3147 3043 
6187 3043 3147 3044 
6188 3147 3148 3044 
6189 3044 3148 3045 
6190 3148 3149 3045 
6191 3045 3149 3046 
6192 3149 3150 3046 
6193 3046 3150 3047 
6194 3150 3151 3047 
6195 3047 3151 3048 
6196 3151 3152 3048 
6197 3048 3152 3049 
6198 3152 3153 3049 
6199 3049 3153 3050 
6200 3153 3154 3050 
6201 3050 3154 3051 
6202 3154 3155 3051 
6203 3051 3155 3052 
6204 3155 3156 3052 
6205 3052 3156 3053 
6206 3156 3157 3053 
6207 3053 3157 3054 
6208 3157 3158 3054 
6209 3054 3158 3055 
6210 3158 3159 3055 
6211 3055 3159 3056 
6212 3159 3160 3056 
6213 3056 3160 3057 
6214 3160 3161 3057 
6215 3057 3161 3058 
6216 3161 3162 3058 
6217 3058 3162 3059 
6218 3162 3163 3059 
6219 3059 3163 3060 
6220 3163 3164 3060 
6221 3060 3164 3061 
6222 3164 3165 3061 
6223 3061 3165 3062 
6224 3165 3166 3062 
6225 3062 3166 3063 
6226 3166 3167 3063 
6227 3063 3167 2961 
6228 3167 3065 2961 
6229 3065 3169 3168 
6230 3065 3168 3064 
6231 3064 3168 3170 
6232 3064 3170 3066 
6233 3066 3170 3171 
6234 3066 3171 3067 
6235 3067 3171 3172 
6236 3067 3172 3068 
6237 3068 3172 3173 
6238 3068 3173 3069 
6239 3069 3173 3174 
6240 3069 3174 3070 
6241 3070 3174 3175 
6242 3070 3175 3071 
6243 3071 3175 3176 
6244 3071 3176 3072 
6245 3072 3176 3177 
6246 3072 3177 3073 
6247 3073 3177 3178 
6248 3073 3178 3074 
6249 3074 3178 3179 
6250 3074 3179 3075 
6251 3075 3179 3180 
6252 3075 3180 3076 
6253 3076 3180 3181 
6254 3076 3181 3077 
6255 3077 3181 3182 
6256 3077 3182 3078 
6257 3078 3182 3183 
6258 3078 3183 3079 
6259 3079 3183 3184 
6260 3079 3184 3080 
6261 3080 3184 3185 
6262 3080 3185 3081 
6263 3081 3185 3186 
6264 3081 3186 3082 
6265 3082 3186 3187 
6266 3082 3187 3083 
6267 3083 3187 3188 
6268 3083 3188 3084 
6269 3084 3188 3189 
6270 3084 3189 3085 
6271 3085 3189 3190 
6272 3085 3190 3086 
6273 3086 3190 3191 
6274 3086 3191 3087 
6275 3087 3191 3192 
6276 3087 3192 3088 
6277 3088 3192 3193 
6278 3088 3193 3089 
6279 3089 3193 3194 
6280 3089 3194 3090 
6281 3090 3194 3091 
6282 3194 3195 3091 
6283 3091 3195 3092 
6284 3195 3196 3092 
6285 3092 3196 3093 
6286 3196 3197 3093 
6287 3093 3197 3094 
6288 3197 3198 3094 
6289 3094 3198 3095 
6290 3198 3199 3095 
6291 3095 3199 3096 
6292 3199 3200 3096 
6293 3096 3200 3097 
6294 3200 3201 3097 
6295 3097 3201 3098 
6296 3201 3202 3098 
6297 3098 3202 3099 
6298 3202 3203 3099 
6299 3099 3203 3100 
6300 3203 3204 3100 
6301 3100 3204 3101 
6302 3204 3205 3101 
6303 3101 3205 3102 
6304 3205 3206 3102 
6305 3102 3206 3103 
6306 3206 3207 3103 
6307 3103 3207 3104 
6308 3207 3208 3104 
6309 3104 3208 3105 
6310 3208 3209 3105 
6311 3105 3209 3106 
6312 3209 3210 3106 
6313 3106 3210 3107 
6314 3210 3211 3107 
6315 3107 3211 3108 
6316 3211 3212 3108 
6317 3108 3212 3109 
6318 3212 3213 3109 
6319 3109 3213 3110 
6320 3213 3214 3110 
6321 3110 3214 3111 
6322 3214 3215 3111 
6323 3111 3215 3112 
6324 3215 3216 3112 
6325 3112 3216 3113 
6326 3216 3217 3113 
6327 3113 3217 3114 
6328 3217 3218 3114 
6329 3114 3218 3115 
6330 3218 3219 3115 
6331 3115 3219 3116 
6332 3219 3220 3116 
6333 3116 3220 3221 
6334 3116 3221 3117 
6335 3117 3221 3222 
6336 3117 3222 3118 
6337 3118 3222 3223 
6338 3118 3223 3119 
6339 3119 3223 3224 
6340 3119 3224 3120 
6341 3120 3224 3225 
6342 3120 3225 3121 
6343 3121 3225 3226 
6344 3121 3226 3122 
6345 3122 3226 3227 
6346 3122 3227 3123 
6347 3123 3227 3228 
6348 3123 3228 3124 
6349 3124 3228 3229 
6350 3124 3229 3125 
6351 3125 3229 3230 
6352 3125 3230 3126 
6353 3126 3230 3231 
6354 3126 3231 3127 
6355 3127 3231 3232 
6356 3127 3232 3128 
6357 3128 3232 3233 
6358 3128 3233 3129 
6359 3129 3233 3234 
6360 3129 3234 3130 
6361 3130 3234 3235 
6362 3130 3235 3131 
6363 3131 3235 3236 
6364 3131 3236 3132 
6365 3132 3236 3237 
6366 3132 3237 3133 
6367 3133 3237 3238 
6368 3133 3238 3134 
6369 3134 3238 3239 
6370 3134 3239 3135 
6371 3135 3239 3240 
6372 3135 3240 3136 
6373 3136 3240 3241 
6374 3136 3241 3137 
6375 3137 3241 3242 
6376 3137 3242 3138 
6377 3138 3242 3243 
6378 3138 3243 3139 
6379 3139 3243 3244 
6380 3139 3244 3140 
6381 3140 3244 3245 
6382 3140 3245 3141 
6383 3141 3245 3246 
6384 3141 3246 3142 
6385 3142 3246 3143 
6386 3246 3247 3143 
6387 3143 3247 3144 
6388 3247 3248 3144 
6389 3144 3248 3145 
6390 3248 3249 3145 
6391 3145 3249 3146 
6392 3249 3250 3146 
6393 3146 3250 3147 
6394 3250 3251 3147 
6395 3147 3251 3148 
6396 3251 3252 3148 
6397 3148 3252 3149 
6398 3252 3253 3149 
6399 3149 3253 3150 
6400 3253 3254 3150 
6401 3150 3254 3151 
6402 3254 3255 3151 
6403 3151 3255 3152 
6404 3255 3256 3152 
6405 3152 3256 3153 
6406 3256 3257 3153 
6407 3153 3257 3154 
6408 3257 3258 3154 
6409 3154 3258 3155 
6410 3258 3259 3155 
6411 3155 3259 3156 
6412 3259 3260 3156 
6413 3156 3260 3157 
6414 3260 3261 3157 
6415 3157 3261 3158 
6416 3261 3262 3158 
6417 3158 3262 3159 
6418 3262 3263 3159 
6419 3159 3263 3160 
6420 3263 3264 3160 
6421 3160 3264 3161 
6422 3264 3265 3161 
6423 3161 3265 3162 
6424 3265 3266 3162 
6425 3162 3266 3163 
6426 3266 3267 3163 
6427 3163 3267 3164 
6428 3267 3268 3164 
6429 3164 3268 3165 
6430 3268 3269 3165 
6431 3165 3269 3166 
6432 3269 3270 3166 
6433 3166 3270 3167 
6434 3270 3271 3167 
6435 3167 3271 3065 
6436 3271 3169 3065 
6437 3169 3273 3272 
6438 3169 3272 3168 
6439 3168 3272 3274 
6440 3168 3274 3170 
6441 3170 3274 3275 
6442 3170 3275 3171 
6443 3171 3275 3276 
6444 3171 3276 3172 
6445 3172 3276 3277 
6446 3172 3277 3173 
6447 3173 3277 3278 
6448 3173 3278 3174 
6449 3174 3278 3279 
6450 3174 3279 3175 
6451 3175 3279 3280 
6452 3175 3280 3176 
6453 3176 3280 3281 
6454 3176 3281 3177 
6455 3177 3281 3282 
6456 3177 3282 3178 
6457 3178 3282 3283 
6458 3178 3283 3179 
6459 3179 3283 3284 
6460 3179 3284 3180 
6461 3180 3284 3285 
6462 3180 3285 3181 
6463 3181 3285 3286 
6464 3181 3286 3182 
6465 3182 3286 3287 
6466 3182 3287 3183 
6467 3183 3287 3288 
6468 3183 3288 3184 
6469 3184 3288 3289 
6470 3184 3289 3185 
6471 3185 3289 3290 
6472 3185 3290 3186 
6473 3186 3290 3291 
6474 3186 3291 3187 
6475 3187 3291 3292 
6476 3187 3292 3188 
6477 3188 3292 3293 
6478 3188 3293 3189 
6479 3189 3293 3294 
6480 3189 3294 3190 
6481 3190 3294 3295 
6482 3190 3295 3191 
6483 3191 3295 3296 
6484 3191 3296 3192 
6485 3192 3296 3297 
6486 3192 3297 3193 
6487 3193 3297 3298 
6488 3193 3298 3194 
6489 3194 3298 3195 
6490 3298 3299 3195 
6491 3195 3299 3196 
6492 3299 3300 3196 
6493 3196 3300 3197 
6494 3300 3301 3197 
6495 3197 3301 3198 
6496 3301 3302 3198 
6497 3198 3302 3199 
6498 3302 3303 3199 
6499 3199 3303 3200 
6500 3303 3304 3200 
6501 3200 3304 3201 
6502 3304 3305 3201 
6503 3201 3305 3202 
6504 3305 3306 3202 
6505 3202 3306 3203 
6506 3306 3307 3203 
6507 3203 3307 3204 
6508 3307 3308 3204 
6509 3204 3308 3205 
6510 3308 3309 3205 
6511 3205 3309 3206 
6512 3309 3310 3206 
6513 3206 3310 3207 
6514 3310 3311 3207 
6515 3207 3311 3208 
6516 3311 3312 3208 
6517 3208 3312 3209 
6518 3312 3313 3209 
6519 3209 3313 3210 
6520 3313 3314 3210 
6521 3210 3314 3211 
6522 3314 3315 3211 
6523 3211 3315 3212 
6524 3315 3316 3212 
6525 3212 3316 3213 
6526 3316 3317 3213 
6527 3213 3317 3214 
6528 3317 3318 3214 
6529 3214 3318 3215 
6530 3318 3319 3215 
6531 3215 3319 3216 
6532 3319 3320 3216 
6533 3216 3320 3217 
6534 3320 3321 3217 
6535 3217 3321 3218 
6536 3321 3322 3218 
6537 3218 3322 3219 
6538 3322 3323 3219 
6539 3219 3323 3220 
6540 3323 3324 3220 
6541 3220 3324 3325 
6542 3220 3325 3221 
6543 3221 3325 3326 
6544 3221 3326 3222 
6545 3222 3326 3327 
6546 3222 3327 3223 
6547 3223 3327 3328 
6548 3223 3328 3224 
6549 3224 3328 3329 
6550 3224 3329 3225 
6551 3225 3329 3330 
6552 3225 3330 3226 
6553 3226 3330 3331 
6554 3226 3331 3227 
6555 3227 3331 3332 
6556 3227 3332 3228 
6557 3228 3332 3333 
6558 3228 3333 3229 
6559 3229 3333 3334 
6560 3229 3334 3230 
6561 3230 3334 3335 
6562 3230 3335 3231 
6563 3231 3335 3336 
6564 3231 3336 3232 
6565 3232 3336 3337 
6566 3232 3337 3233 
6567 3233 3337 3338 
6568 3233 3338 3234 
6569 3234 3338 3339 
6570 3234 3339 3235 
6571 3235 3339 3340 
6572 3235 3340 3236 
6573 3236 3340 3341 
6574 3236 3341 3237 
6575 3237 3341 3342 
6576 3237 3342 3238 
6577 3238 3342 3343 
6578 3238 3343 3239 
6579 3239 3343 3344 
6580 3239 3344 3240 
6581 3240 3344 3345 
6582 3240 3345 3241 
6583 3241 3345 3346 
6584 3241 3346 3242 
6585 3242 3346 3347 
6586 3242 3347 3243 
6587 3243 3347 3348 
6588 3243 3348 3244 
6589 3244 3348 3349 
6590 3244 3349 3245 
6591 3245 3349 3350 
6592 3245 3350 3246 
6593 3246 3350 3247 
6594 3350 3351 3247 
6595 3247 3351 3248 
6596 3351 3352 3248 
6597 3248 3352 3249 
6598 3352 3353 3249 
6599 3249 3353 3250 
6600 3353 3354 3250 
6601 3250 3354 3251 
6602 3354 3355 3251 
6603 3251 3355 3252 
6604 3355 3356 3252 
6605 3252 3356 3253 
6606 3356 3357 3253 
6607 3253 3357 3254 
6608 3357 3358 3254 
6609 3254 3358 3255 
6610 3358 3359 3255 
6611 3255 3359 3256 
6612 3359 3360 3256 
6613 3256 3360 3257 
6614 3360 3361 3257 
6615 3257 3361 3258 
6616 3361 3362 3258 
6617 3258 3362 3259 
6618 3362 3363 3259 
6619 3259 3363 3260 
6620 3363 3364 3260 
6621 3260 3364 3261 
6622 3364 3365 3261 
6623 3261 3365 3262 
6624 3365 3366 3262 
6625 3262 3366 3263 
6626 3366 3367 3263 
6627 3263 3367 3264 
6628 3367 3368 3264 
6629 3264 3368 3265 
6630 3368 3369 3265 
6631 3265 3369 3266 
6632 3369 3370 3266 
6633 3266 3370 3267 
6634 3370 3371 3267 
6635 3267 3371 3268 
6636 3371 3372 3268 
6637 3268 3372 3269 
6638 3372 3373 3269 
6639 3269 3373 3270 
6640 3373 3374 3270 
6641 3270 3374 3271 
6642 3374 3375 3271 
6643 3271 3375 3169 
6644 3375 3273 3169 
6645 3273 3377 3376 
6646 3273 3376 3272 
6647 3272 3376 3378 
6648 3272 3378 3274 
6649 3274 3378 3379 
6650 3274 3379 3275 
6651 3275 3379 3380 
6652 3275 3380 3276 
6653 3276 3380 3381 
6654 3276 3381 3277 
6655 3277 3381 3382 
6656 3277 3382 3278 
6657 3278 3382 3383 
6658 3278 3383 3279 
6659 3279 3383 3384 
6660 3279 3384 3280 
6661 3280 3384 3385 
6662 3280 3385 3281 
6663 3281 3385 3386 
6664 3281 3386 3282 
6665 3282 3386 3387 
6666 3282 3387 3283 
6667 3283 3387 3388 
6668 3283 3388 3284 
6669 3284 3388 3389 
6670 3284 3389 3285 
6671 3285 3389 3390 
6672 3285 3390 3286 
6673 3286 3390 3391 
6674 3286 3391 3287 
6675 3287 3391 3392 
6676 3287 3392 3288 
6677 3288 3392 3393 
6678 3288 3393 3289 
6679 3289 3393 3394 
6680 3289 3394 3290 
6681 3290 3394 3395 
6682 3290 3395 3291 
6683 3291 3395 3396 
6684 3291 3396 3292 
6685 3292 3396 3397 
6686 3292 3397 3293 
6687 3293 3397 3398 
6688 3293 3398 3294 
6689 3294 3398 3399 
6690 3294 3399 3295 
6691 3295 3399 3400 
6692 3295 3400 3296 
6693 3296 3400 3401 
6694 3296 3401 3297 
6695 3297 3401 3402 
6696 3297 3402 3298 
6697 3298 3402 3299 
6698 3402 3403 3299 
6699 3299 3403 3300 
6700 3403 3404 3300 
6701 3300 3404 3301 
6702 3404 3405 3301 
6703 3301 3405 3302 
6704 3405 3406 3302 
6705 3302 3406 3303 
6706 3406 3407 3303 
6707 3303 3407 3304 
6708 3407 3408 3304 
6709 3304 3408 3305 
6710 3408 3409 3305 
6711 3305 3409 3306 
6712 3409 3410 3306 
6713 3306 3410 3307 
6714 3410 3411 3307 
6715 3307 3411 3308 
6716 3411 3412 3308 
6717 3308 3412 3309 
6718 3412 3413 3309 
6719 3309 3413 3310 
6720 3413 3414 3310 
6721 3310 3414 3311 
6722 3414 3415 3311 
6723 3311 3415 3312 
6724 3415 3416 3312 
6725 3312 3416 3313 
6726 3416 3417 3313 
6727 3313 3417 3314 
6728 3417 3418 3314 
6729 3314 3418 3315 
6730 3418 3419 3315 
6731 3315 3419 3316 
6732 3419 3420 3316 
6733 3316 3420 3317 
6734 3420 3421 3317 
6735 3317 3421 3318 
6736 3421 3422 3318 
6737 3318 3422 3319 
6738 3422 3423 3319 
6739 3319 3423 3320 
6740 3423 3424 3320 
6741 3320 3424 3321 
6742 3424 3425 3321 
6743 3321 3425 3322 
6744 3425 3426 3322 
6745 3322 3426 3323 
6746 3426 3427 3323 
6747 3323 3427 3324 
6748 3427 3428 3324 
6749 3324 3428 3429 
6750 3324 3429 3325 
6751 3325 3429 3430 
6752 3325 3430 3326 
6753 3326 3430 3431 
6754 3326 3431 3327 
6755 3327 3431 3432 
6756 3327 3432 3328 
6757 3328 3432 3433 
6758 3328 3433 3329 
6759 3329 3433 3434 
6760 3329 3434 3330 
6761 3330 3434 3435 
6762 3330 3435 3331 
6763 3331 3435 3436 
6764 3331 3436 3332 
6765 3332 3436 3437 
6766 3332 3437 3333 
6767 3333 3437 3438 
6768 3333 3438 3334 
6769 3334 3438 3439 
6770 3334 3439 3335 
6771 3335 3439 3440 
6772 3335 3440 3336 
6773 3336 3440 3441 
6774 3336 3441 3337 
6775 3337 3441 3442 
6776 3337 3442 3338 
6777 3338 3442 3443 
6778 3338 3443 3339 
6779 3339 3443 3444 
6780 3339 3444 3340 
6781 3340 3444 3445 
6782 3340 3445 3341 
6783 3341 3445 3446 
6784 3341 3446 3342 
6785 3342 3446 3447 
6786 3342 3447 3343 
6787 3343 3447 3448 
6788 3343 3448 3344 
6789 3344 3448 3449 
6790 3344 3449 3345 
6791 3345 3449 3450 
6792 3345 3450 3346 
6793 3346 3450 3451 
6794 3346 3451 3347 
6795 3347 3451 3452 
6796 3347 3452 3348 
6797 3348 3452 3453 
6798 3348 3453 3349 
6799 3349 3453 3454 
6800 3349 3454 3350 
6801 3350 3454 3351 
6802 3454 3455 3351 
6803 3351 3455 3352 
6804 3455 3456 3352 
6805 3352 3456 3353 
6806 3456 3457 3353 
6807 3353 3457 3354 
6808 3457 3458 3354 
6809 3354 3458 3355 
6810 3458 3459 3355 
6811 3355 3459 3356 
6812 3459 3460 3356 
6813 3356 3460 3357 
6814 3460 3461 3357 
6815 3357 3461 3358 
6816 3461 3462 3358 
6817 3358 3462 3359 
6818 3462 3463 3359 
6819 3359 3463 3360 
6820 3463 3464 3360 
6821 3360 3464 3361 
6822 3464 3465 3361 
6823 3361 3465 3362 
6824 3465 3466 3362 
6825 3362 3466 3363 
6826 3466 3467 3363 
6827 3363 3467 3364 
6828 3467 3468 3364 
6829 3364 3468 3365 
6830 3468 3469 3365 
6831 3365 3469 3366 
6832 3469 3470 3366 
6833 3366 3470 3367 
6834 3470 3471 3367 
6835 3367 3471 3368 
6836 3471 3472 3368 
6837 3368 3472 3369 
6838 3472 3473 3369 
6839 3369 3473 3370 
6840 3473 3474 3370 
6841 3370 3474 3371 
6842 3474 3475 3371 
6843 3371 3475 3372 
6844 3475 3476 3372 
6845 3372 3476 3373 
6846 3476 3477 3373 
6847 3373 3477 3374 
6848 3477 3478 3374 
6849 3374 3478 3375 
6850 3478 3479 3375 
6851 3375 3479 3273 
6852 3479 3377 3273 
6853 3377 3481 3480 
6854 3377 3480 3376 
6855 3376 3480 3482 
6856 3376 3482 3378 
6857 3378 3482 3483 
6858 3378 3483 3379 
6859 3379 3483 3484 
6860 3379 3484 3380 
6861 3380 3484 3485 
6862 3380 3485 3381 
6863 3381 3485 3486 
6864 3381 3486 3382 
6865 3382 3486 3487 
6866 3382 3487 3383 
6867 3383 3487 3488 
6868 3383 3488 3384 
6869 3384 3488 3489 
6870 3384 3489 3385 
6871 3385 3489 3490 
6872 3385 3490 3386 
6873 3386 3490 3491 
6874 3386 3491 3387 
6875 3387 3491 3492 
6876 3387 3492 3388 
6877 3388 3492 3493 
6878 3388 3493 3389 
6879 3389 3493 3494 
6880 3389 3494 3390 
6881 3390 3494 3495 
6882 3390 3495 3391 
6883 3391 3495 3496 
6884 3391 3496 3392 
6885 3392 3496 3497 
6886 3392 3497 3393 
6887 3393 3497 3498 
6888 3393 3498 3394 
6889 3394 3498 3499 
6890 3394 3499 3395 
6891 3395 3499 3500 
6892 3395 3500 3396 
6893 3396 3500 3501 
6894 3396 3501 3397 
6895 3397 3501 3502 
6896 3397 3502 3398 
6897 3398 3502 3503 
6898 3398 3503 3399 
6899 3399 3503 3504 
6900 3399 3504 3400 
6901 3400 3504 3505 
6902 3400 3505 3401 
6903 3401 3505 3506 
6904 3401 3506 3402 
6905 3402 3506 3403 
6906 3506 3507 3403 
6907 3403 3507 3404 
6908 3507 3508 3404 
6909 3404 3508 3405 
6910 3508 3509 3405 
6911 3405 3509 3406 
6912 3509 3510 3406 
6913 3406 3510 3407 
6914 3510 3511 3407 
6915 3407 3511 3408 
6916 3511 3512 3408 
6917 3408 3512 3409 
6918 3512 3513 3409 
6919 3409 3513 3410 
6920 3513 3514 3410 
6921 3410 3514 3411 
6922 3514 3515 3411 
6923 3411 3515 3412 
6924 3515 3516 3412 
6925 3412 3516 3413 
6926 3516 3517 3413 
6927 3413 3517 3414 
6928 3517 3518 3414 
6929 3414 3518 3415 
6930 3518 3519 3415 
6931 3415 3519 3416 
6932 3519 3520 3416 
6933 3416 3520 3417 
6934 3520 3521 3417 
6935 3417 3521 3418 
6936 3521 3522 3418 
6937 3418 3522 3419 
6938 3522 3523 3419 
6939 3419 3523 3420 
6940 3523 3524 3420 
6941 3420 3524 3421 
6942 3524 3525 3421 
6943 3421 3525 3422 
6944 3525 3526 3422 
6945 3422 3526 3423 
6946 3526 3527 3423 
6947 3423 3527 3424 
6948 3527 3528 3424 
6949 3424 3528 3425 
6950 3528 3529 3425 
6951 3425 3529 3426 
6952 3529 3530 3426 
6953 3426 3530 3427 
6954 3530 3531 3427 
6955 3427 3531 3428 
6956 3531 3532 3428 
6957 3428 3532 3533 
6958 3428 3533 3429 
6959 3429 3533 3534 
6960 3429 3534 3430 
6961 3430 3534 3535 
6962 3430 3535 3431 
6963 3431 3535 3536 
6964 3431 3536 3432 
6965 3432 3536 3537 
6966 3432 3537 3433 
6967 3433 3537 3538 
6968 3433 3538 3434 
6969 3434 3538 3539 
6970 3434 3539 3435 
6971 3435 3539 3540 
6972 3435 3540 3436 
6973 3436 3540 3541 
6974 3436 3541 3437 
6975 3437 3541 3542 
6976 3437 3542 3438 
6977 3438 3542 3543 
6978 3438 3543 3439 
6979 3439 3543 3544 
6980 3439 3544 3440 
6981 3440 3544 3545 
6982 3440 3545 3441 
6983 3441 3545 3546 
6984 3441 3546 3442 
6985 3442 3546 3547 
6986 3442 3547 3443 
6987 3443 3547 3548 
6988 3443 3548 3444 
6989 3444 3548 3549 
6990 3444 3549 3445 
6991 3445 3549 3550 
6992 3445 3550 3446 
6993 3446 3550 3551 
6994 3446 3551 3447 
6995 3447 3551 3552 
6996 3447 3552 3448 
6997 3448 3552 3553 
6998 3448 3553 3449 
6999 3449 3553 3554 
7000 3449 3554 3450 
7001 3450 3554 3555 
7002 3450 3555 3451 
7003 3451 3555 3556 
7004 3451 3556 3452 
7005 3452 3556 3557 
7006 3452 3557 3453 
7007 3453 3557 3558 
7008 3453 3558 3454 
7009 3454 3558 3455 
7010 3558 3559 3455 
7011 3455 3559 3456 
7012 3559 3560 3456 
7013 3456 3560 3457 
7014 3560 3561 3457 
7015 3457 3561 3458 
7016 3561 3562 3458 
7017 3458 3562 3459 
7018 3562 3563 3459 
7019 3459 3563 3460 
7020 3563 3564 3460 
7021 3460 3564 3461 
7022 3564 3565 3461 
7023 3461 3565 3462 
7024 3565 3566 3462 
7025 3462 3566 3463 
7026 3566 3567 3463 
7027 3463 3567 3464 
7028 3567 3568 3464 
7029 3464 3568 3465 
7030 3568 3569 3465 
7031 3465 3569 3466 
7032 3569 3570 3466 
7033 3466 3570 3467 
7034 3570 3571 3467 
7035 3467 3571 3468 
7036 3571 3572 3468 
7037 3468 3572 3469 
7038 3572 3573 3469 
7039 3469 3573 3470 
7040 3573 3574 3470 
7041 3470 3574 3471 
7042 3574 3575 3471 
7043 3471 3575 3472 
7044 3575 3576 3472 
7045 3472 3576 3473 
7046 3576 3577 3473 
7047 3473 3577 3474 
7048 3577 3578 3474 
7049 3474 3578 3475 
7050 3578 3579 3475 
7051 3475 3579 3476 
7052 3579 3580 3476 
7053 3476 3580 3477 
7054 3580 3581 3477 
7055 3477 3581 3478 
7056 3581 3582 3478 
7057 3478 3582 3479 
7058 3582 3583 3479 
7059 3479 3583 3377 
7060 3583 3481 3377 
7061 3481 3585 3584 
7062 3481 3584 3480 
7063 3480 3584 3586 
7064 3480 3586 3482 
7065 3482 3586 3587 
7066 3482 3587 3483 
7067 3483 3587 3588 
7068 3483 3588 3484 
7069 3484 3588 3589 
7070 3484 3589 3485 
7071 3485 3589 3590 
7072 3485 3590 3486 
7073 3486 3590 3591 
7074 3486 3591 3487 
7075 3487 3591 3592 
7076 3487 3592 3488 
7077 3488 3592 3593 
7078 3488 3593 3489 
7079 3489 3593 3594 
7080 3489 3594 3490 
7081 3490 3594 3595 
7082 3490 3595 3491 
7083 3491 3595 3596 
7084 3491 3596 3492 
7085 3492 3596 3597 
7086 3492 3597 3493 
7087 3493 3597 3598 
7088 3493 3598 3494 
7089 3494 3598 3599 
7090 3494 3599 3495 
7091 3495 3599 3600 
7092 3495 3600 3496 
7093 3496 3600 3601 
7094 3496 3601 3497 
7095 3497 3601 3602 
7096 3497 3602 3498 
7097 3498 3602 3603 
7098 3498 3603 3499 
7099 3499 3603 3604 
7100 3499 3604 3500 
7101 3500 3604 3605 
7102 3500 3605 3501 
7103 3501 3605 3606 
7104 3501 3606 3502 
7105 3502 3606 3607 
7106 3502 3607 3503 
7107 3503 3607 3608 
7108 3503 3608 3504 
7109 3504 3608 3609 
7110 3504 3609 3505 
7111 3505 3609 3610 
7112 3505 3610 3506 
7113 3506 3610 3507 
7114 3610 3611 3507 
7115 3507 3611 3508 
7116 3611 3612 3508 
7117 3508 3612 3509 
7118 3612 3613 3509 
7119 3509 3613 3510 
7120 3613 3614 3510 
7121 3510 3614 3511 
7122 3614 3615 3511 
7123 3511 3615 3512 
7124 3615 3616 3512 
7125 3512 3616 3513 
7126 3616 3617 3513 
7127 3513 3617 3514 
7128 3617 3618 3514 
7129 3514 3618 3515 
7130 3618 3619 3515 
7131 3515 3619 3516 
7132 3619 3620 3516 
7133 3516 3620 3517 
7134 3620 3621 3517 
7135 3517 3621 3518 
7136 3621 3622 3518 
7137 3518 3622 3519 
7138 3622 3623 3519 
7139 3519 3623 3520 
7140 3623 3624 3520 
7141 3520 3624 3521 
7142 3624 3625 3521 
7143 3521 3625 3522 
7144 3625 3626 3522 
7145 3522 3626 3523 
7146 3626 3627 3523 
7147 3523 3627 3524 
7148 3627 3628 3524 
7149 3524 3628 3525 
7150 3628 3629 3525 
7151 3525 3629 3526 
7152 3629 3630 3526 
7153 3526 3630 3527 
7154 3630 3631 3527 
7155 3527 3631 3528 
7156 3631 3632 3528 
7157 3528 3632 3529 
7158 3632 3633 3529 
7159 3529 3633 3530 
7160 3633 3634 3530 
7161 3530 3634 3531 
7162 3634 3635 3531 
7163 3531 3635 3532 
7164 3635 3636 3532 
7165 3532 3636 3637 
7166 3532 3637 3533 
7167 3533 3637 3638 
7168 3533 3638 3534 
7169 3534 3638 3639 
7170 3534 3639 3535 
7171 3535 3639 3640 
7172 3535 3640 3536 
7173 3536 3640 3641 
7174 3536 3641 3537 
7175 3537 3641 3642 
7176 3537 3642 3538 
7177 3538 3642 3643 
7178 3538 3643 3539 
7179 3539 3643 3644 
7180 3539 3644 3540 
7181 3540 3644 3645 
7182 3540 3645 3541 
7183 3541 3645 3646 
7184 3541 3646 3542 
7185 3542 3646 3647 
7186 3542 3647 3543 
7187 3543 3647 3648 
7188 3543 3648 3544 
7189 3544 3648 3649 
7190 3544 3649 3545 
7191 3545 3649 3650 
7192 3545 3650 3546 
7193 3546 3650 3651 
7194 3546 3651 3547 
7195 3547 3651 3652 
7196 3547 3652 3548 
7197 3548 3652 3653 
7198 3548 3653 3549 
7199 3549 3653 3654 
7200 3549 3654 3550 
7201 3550 3654 3655 
7202 3550 3655 3551 
7203 3551 3655 3656 
7204 3551 3656 3552 
7205 3552 3656 3657 
7206 3552 3657 3553 
7207 3553 3657 3658 
7208 3553 3658 3554 
7209 3554 3658 3659 
7210 3554 3659 3555 
7211 3555 3659 3660 
7212 3555 3660 3556 
7213 3556 3660 3661 
7214 3556 3661 3557 
7215 3557 3661 3662 
7216 3557 3662 3558 
7217 3558 3662 3559 
7218 3662 3663 3559 
7219 3559 3663 3560 
7220 3663 3664 3560 
7221 3560 3664 3561 
7222 3664 3665 3561 
7223 3561 3665 3562 
7224 3665 3666 3562 
7225 3562 3666 3563 
7226 3666 3667 3563 
7227 3563 3667 3564 
7228 3667 3668 3564 
7229 3564 3668 3565 
7230 3668 3669 3565 
7231 3565 3669 3566 
7232 3669 3670 3566 
7233 3566 3670 3567 
7234 3670 3671 3567 
7235 3567 3671 3568 
7236 3671 3672 3568 
7237 3568 3672 3569 
7238 3672 3673 3569 
7239 3569 3673 3570 
7240 3673 3674 3570 
7241 3570 3674 3571 
7242 3674 3675 3571 
7243 3571 3675 3572 
7244 3675 3676 3572 
7245 3572 3676 3573 
7246 3676 3677 3573 
7247 3573 3677 3574 
7248 3677 3678 3574 
7249 3574 3678 3575 
7250 3678 3679 3575 
7251 3575 3679 3576 
7252 3679 3680 3576 
7253 3576 3680 3577 
7254 3680 3681 3577 
7255 3577 3681 3578 
7256 3681 3682 3578 
7257 3578 3682 3579 
7258 3682 3683 3579 
7259 3579 3683 3580 
7260 3683 3684 3580 
7261 3580 3684 3581 
7262 3684 3685 3581 
7263 3581 3685 3582 
7264 3685 3686 3582 
7265 3582 3686 3583 
7266 3686 3687 3583 
7267 3583 3687 3481 
7268 3687 3585 3481 
7269 3585 3688 3584 
7270 3584 3688 3689 
7271 3584 3689 3586 
7272 3586 3689 3690 
7273 3586 3690 3587 
7274 3587 3690 3691 
7275 3587 3691 3588 
7276 3588 3691 3692 
7277 3588 3692 3589 
7278 3589 3692 3693 
7279 3589 3693 3590 
7280 3590 3693 3694 
7281 3590 3694 3591 
7282 3591 3694 3695 
7283 3591 3695 3592 
7284 3592 3695 3696 
7285 3592 3696 3593 
7286 3593 3696 3697 
7287 3593 3697 3594 
7288 3594 3697 3698 
7289 3594 3698 3595 
7290 3595 3698 3699 
7291 3595 3699 3596 
7292 3596 3699 3700 
7293 3596 3700 3597 
7294 3597 3700 3701 
7295 3597 3701 3598 
7296 3598 3701 3702 
7297 3598 3702 3599 
7298 3599 3702 3703 
7299 3599 3703 3600 
7300 3600 3703 3704 
7301 3600 3704 3601 
7302 3601 3704 3705 
7303 3601 3705 3602 
7304 3602 3705 3706 
7305 3602 3706 3603 
7306 3603 3706 3707 
7307 3603 3707 3604 
7308 3604 3707 3708 
7309 3604 3708 3605 
7310 3605 3708 3709 
7311 3605 3709 3606 
7312 3606 3709 3710 
7313 3606 3710 3607 
7314 3607 3710 3711 
7315 3607 3711 3608 
7316 3608 3711 3712 
7317 3608 3712 3609 
7318 3609 3712 3713 
7319 3609 3713 3610 
7320 3610 3713 3611 
7321 3713 3714 3611 
7322 3611 3714 3612 
7323 3714 3715 3612 
7324 3612 3715 3613 
7325 3715 3716 3613 
7326 3613 3716 3614 
7327 3716 3717 3614 
7328 3614 3717 3615 
7329 3717 3718 3615 
7330 3615 3718 3616 
7331 3718 3719 3616 
7332 3616 3719 3617 
7333 3719 3720 3617 
7334 3617 3720 3618 
7335 3720 3721 3618 
7336 3618 3721 3619 
7337 3721 3722 3619 
7338 3619 3722 3620 
7339 3722 3723 3620 
7340 3620 3723 3621 
7341 3723 3724 3621 
7342 3621 3724 3622 
7343 3724 3725 3622 
7344 3622 3725 3623 
7345 3725 3726 3623 
7346 3623 3726 3624 
7347 3726 3727 3624 
7348 3624 3727 3625 
7349 3727 3728 3625 
7350 3625 3728 3626 
7351 3728 3729 3626 
7352 3626 3729 3627 
7353 3729 3730 3627 
7354 3627 3730 3628 
7355 3730 3731 3628 
7356 3628 3731 3629 
7357 3731 3732 3629 
7358 3629 3732 3630 
7359 3732 3733 3630 
7360 3630 3733 3631 
7361 3733 3734 3631 
7362 3631 3734 3632 
7363 3734 3735 3632 
7364 3632 3735 3633 
7365 3735 3736 3633 
7366 3633 3736 3634 
7367 3736 3737 3634 
7368 3634 3737 3635 
7369 3737 3738 3635 
7370 3635 3738 3636 
7371 3636 3739 3637 
7372 3637 3739 3740 
7373 3637 3740 3638 
7374 3638 3740 3741 
7375 3638 3741 3639 
7376 3639 3741 3742 
7377 3639 3742 3640 
7378 3640 3742 3743 
7379 3640 3743 3641 
7380 3641 3743 3744 
7381 3641 3744 3642 
7382 3642 3744 3745 
7383 3642 3745 3643 
7384 3643 3745 3746 
7385 3643 3746 3644 
7386 3644 3746 3747 
7387 3644 3747 3645 
7388 3645 3747 3748 
7389 3645 3748 3646 
7390 3646 3748 3749 
7391 3646 3749 3647 
7392 3647 3749 3750 
7393 3647 3750 3648 
7394 3648 3750 3751 
7395 3648 3751 3649 
7396 3649 3751 3752 
7397 3649 3752 3650 
7398 3650 3752 3753 
7399 3650 3753 3651 
7400 3651 3753 3754 
7401 3651 3754 3652 
7402 3652 3754 3755 
7403 3652 3755 3653 
7404 3653 3755 3756 
7405 3653 3756 3654 
7406 3654 3756 3757 
7407 3654 3757 3655 
7408 3655 3757 3758 
7409 3655 3758 3656 
7410 3656 3758 3759 
7411 3656 3759 3657 
7412 3657 3759 3760 
7413 3657 3760 3658 
7414 3658 3760 3761 
7415 3658 3761 3659 
7416 3659 3761 3762 
7417 3659 3762 3660 
7418 3660 3762 3763 
7419 3660 3763 3661 
7420 3661 3763 3764 
7421 3661 3764 3662 
7422 3662 3764 3663 
7423 3764 3765 3663 
7424 3663 3765 3664 
7425 3765 3766 3664 
7426 3664 3766 3665 
7427 3766 3767 3665 
7428 3665 3767 3666 
7429 3767 3768 3666 
7430 3666 3768 3667 
7431 3768 3769 3667 
7432 3667 3769 3668 
7433 3769 3770 3668 
7434 3668 3770 3669 
7435 3770 3771 3669 
7436 3669 3771 3670 
7437 3771 3772 3670 
7438 3670 3772 3671 
7439 3772 3773 3671 
7440 3671 3773 3672 
7441 3773 3774 3672 
7442 3672 3774 3673 
7443 3774 3775 3673 
7444 3673 3775 3674 
7445 3775 3776 3674 
7446 3674 3776 3675 
7447 3776 3777 3675 
7448 3675 3777 3676 
7449 3777 3778 3676 
7450 3676 3778 3677 
7451 3778 3779 3677 
7452 3677 3779 3678 
7453 3779 3780 3678 
7454 3678 3780 3679 
7455 3780 3781 3679 
7456 3679 3781 3680 
7457 3781 3782 3680 
7458 3680 3782 3681 
7459 3782 3783 3681 
7460 3681 3783 3682 
7461 3783 3784 3682 
7462 3682 3784 3683 
7463 3784 3785 3683 
7464 3683 3785 3684 
7465 3785 3786 3684 
7466 3684 3786 3685 
7467 3786 3787 3685 
7468 3685 3787 3686 
7469 3787 3788 3686 
7470 3686 3788 3687 
7471 3788 3789 3687 
7472 3687 3789 3585 
7473 3585 3790 3688 
7474 3688 3790 3791 
7475 3688 3791 3689 
7476 3689 3791 3792 
7477 3689 3792 3690 
7478 3690 3792 3793 
7479 3690 3793 3691 
7480 3691 3793 3794 
7481 3691 3794 3692 
7482 3692 3794 3795 
7483 3692 3795 3693 
7484 3693 3795 3796 
7485 3693 3796 3694 
7486 3694 3796 3797 
7487 3694 3797 3695 
7488 3695 3797 3798 
7489 3695 3798 3696 
7490 3696 3798 3799 
7491 3696 3799 3697 
7492 3697 3799 3800 
7493 3697 3800 3698 
7494 3698 3800 3801 
7495 3698 3801 3699 
7496 3699 3801 3802 
7497 3699 3802 3700 
7498 3700 3802 3803 
7499 3700 3803 3701 
7500 3701 3803 3804 
7501 3701 3804 3702 
7502 3702 3804 3805 
7503 3702 3805 3703 
7504 3703 3805 3806 
7505 3703 3806 3704 
7506 3704 3806 3807 
7507 3704 3807 3705 
7508 3705 3807 3808 
7509 3705 3808 3706 
7510 3706 3808 3809 
7511 3706 3809 3707 
7512 3707 3809 3810 
7513 3707 3810 3708 
7514 3708 3810 3811 
7515 3708 3811 3709 
7516 3709 3811 3812 
7517 3709 3812 3710 
7518 3710 3812 3813 
7519 3710 3813 3711 
7520 3711 3813 3814 
7521 3711 3814 3712 
7522 3712 3814 3815 
7523 3712 3815 3713 
7524 3713 3815 3714 
7525 3815 3816 3714 
7526 3714 3816 3715 
7527 3816 3817 3715 
7528 3715 3817 3716 
7529 3817 3818 3716 
7530 3716 3818 3717 
7531 3818 3819 3717 
7532 3717 3819 3718 
7533 3819 3820 3718 
7534 3718 3820 3719 
7535 3820 3821 3719 
7536 3719 3821 3720 
7537 3821 3822 3720 
7538 3720 3822 3721 
7539 3822 3823 3721 
7540 3721 3823 3722 
7541 3823 3824 3722 
7542 3722 3824 3723 
7543 3824 3825 3723 
7544 3723 3825 3724 
7545 3825 3826 3724 
7546 3724 3826 3725 
7547 3826 3827 3725 
7548 3725 3827 3726 
7549 3827 3828 3726 
7550 3726 3828 3727 
7551 3828 3829 3727 
7552 3727 3829 3728 
7553 3829 3830 3728 
7554 3728 3830 3729 
7555 3830 3831 3729 
7556 3729 3831 3730 
7557 3831 3832 3730 
7558 3730 3832 3731 
7559 3832 3833 3731 
7560 3731 3833 3732 
7561 3833 3834 3732 
7562 3732 3834 3733 
7563 3834 3835 3733 
7564 3733 3835 3734 
7565 3835 3836 3734 
7566 3734 3836 3735 
7567 3836 3837 3735 
7568 3735 3837 3736 
7569 3837 3838 3736 
7570 3736 3838 3737 
7571 3838 3839 3737 
7572 3737 3839 3738 
7573 3839 3840 3738 
7574 3738 3840 3636 
7575 3636 3841 3739 
7576 3739 3841 3842 
7577 3739 3842 3740 
7578 3740 3842 3843 
7579 3740 3843 3741 
7580 3741 3843 3844 
7581 3741 3844 3742 
7582 3742 3844 3845 
7583 3742 3845 3743 
7584 3743 3845 3846 
7585 3743 3846 3744 
7586 3744 3846 3847 
7587 3744 3847 3745 
7588 3745 3847 3848 
7589 3745 3848 3746 
7590 3746 3848 3849 
7591 3746 3849 3747 
7592 3747 3849 3850 
7593 3747 3850 3748 
7594 3748 3850 3851 
7595 3748 3851 3749 
7596 3749 3851 3852 
7597 3749 3852 3750 
7598 3750 3852 3853 
7599 3750 3853 3751 
7600 3751 3853 3854 
7601 3751 3854 3752 
7602 3752 3854 3855 
7603 3752 3855 3753 
7604 3753 3855 3856 
7605 3753 3856 3754 
7606 3754 3856 3857 
7607 3754 3857 3755 
7608 3755 3857 3858 
7609 3755 3858 3756 
7610 3756 3858 3859 
7611 3756 3859 3757 
7612 3757 3859 3860 
7613 3757 3860 3758 
7614 3758 3860 3861 
7615 3758 3861 3759 
7616 3759 3861 3862 
7617 3759 3862 3760 
7618 3760 3862 3863 
7619 3760 3863 3761 
7620 3761 3863 3864 
7621 3761 3864 3762 
7622 3762 3864 3865 
7623 3762 3865 3763 
7624 3763 3865 3866 
7625 3763 3866 3764 
7626 3764 3866 3765 
7627 3866 3867 3765 
7628 3765 3867 3766 
7629 3867 3868 3766 
7630 3766 3868 3767 
7631 3868 3869 3767 
7632 3767 3869 3768 
7633 3869 3870 3768 
7634 3768 3870 3769 
7635 3870 3871 3769 
7636 3769 3871 3770 
7637 3871 3872 3770 
7638 3770 3872 3771 
7639 3872 3873 3771 
7640 3771 3873 3772 
7641 3873 3874 3772 
7642 3772 3874 3773 
7643 3874 3875 3773 
7644 3773 3875 3774 
7645 3875 3876 3774 
7646 3774 3876 3775 
7647 3876 3877 3775 
7648 3775 3877 3776 
7649 3877 3878 3776 
7650 3776 3878 3777 
7651 3878 3879 3777 
7652 3777 3879 3778 
7653 3879 3880 3778 
7654 3778 3880 3779 
7655 3880 3881 3779 
7656 3779 3881 3780 
7657 3881 3882 3780 
7658 3780 3882 3781 
7659 3882 3883 3781 
7660 3781 3883 3782 
7661 3883 3884 3782 
7662 3782 3884 3783 
7663 3884 3885 3783 
7664 3783 3885 3784 
7665 3885 3886 3784 
7666 3784 3886 3785 
7667 3886 3887 3785 
7668 3785 3887 3786 
7669 3887 3888 3786 
7670 3786 3888 3787 
7671 3888 3889 3787 
7672 3787 3889 3788 
7673 3889 3890 3788 
7674 3788 3890 3789 
7675 3890 3891 3789 
7676 3789 3891 3585 
7677 3585 3892 3790 
7678 3790 3892 3893 
7679 3790 3893 3791 
7680 3791 3893 3894 
7681 3791 3894 3792 
7682 3792 3894 3895 
7683 3792 3895 3793 
7684 3793 3895 3896 
7685 3793 3896 3794 
7686 3794 3896 3897 
7687 3794 3897 3795 
7688 3795 3897 3898 
7689 3795 3898 3796 
7690 3796 3898 3899 
7691 3796 3899 3797 
7692 3797 3899 3900 
7693 3797 3900 3798 
7694 3798 3900 3901 
7695 3798 3901 3799 
7696 3799 3901 3902 
7697 3799 3902 3800 
7698 3800 3902 3903 
7699 3800 3903 3801 
7700 3801 3903 3904 
7701 3801 3904 3802 
7702 3802 3904 3905 
7703 3802 3905 3803 
7704 3803 3905 3906 
7705 3803 3906 3804 
7706 3804 3906 3907 
7707 3804 3907 3805 
7708 3805 3907 3908 
7709 3805 3908 3806 
7710 3806 3908 3909 
7711 3806 3909 3807 
7712 3807 3909 3910 
7713 3807 3910 3808 
7714 3808 3910 3911 
7715 3808 3911 3809 
7716 3809 3911 3912 
7717 3809 3912 3810 
7718 3810 3912 3913 
7719 3810 3913 3811 
7720 3811 3913 3914 
7721 3811 3914 3812 
7722 3812 3914 3915 
7723 3812 3915 3813 
7724 3813 3915 3916 
7725 3813 3916 3814 
7726 3814 3916 3917 
7727 3814 3917 3815 
7728 3815 3917 3816 
7729 3917 3918 3816 
7730 3816 3918 3817 
7731 3918 3919 3817 
7732 3817 3919 3818 
7733 3919 3920 3818 
7734 3818 3920 3819 
7735 3920 3921 3819 
7736 3819 3921 3820 
7737 3921 3922 3820 
7738 3820 3922 3821 
7739 3922 3923 3821 
7740 3821 3923 3822 
7741 3923 3924 3822 
7742 3822 3924 3823 
7743 3924 3925 3823 
7744 3823 3925 3824 
7745 3925 3926 3824 
7746 3824 3926 3825 
7747 3926 3927 3825 
7748 3825 3927 3826 
7749 3927 3928 3826 
7750 3826 3928 3827 
7751 3928 3929 3827 
7752 3827 3929 3828 
7753 3929 3930 3828 
7754 3828 3930 3829 
7755 3930 3931 3829 
7756 3829 3931 3830 
7757 3931 3932 3830 
7758 3830 3932 3831 
7759 3932 3933 3831 
7760 3831 3933 3832 
7761 3933 3934 3832 
7762 3832 3934 3833 
7763 3934 3935 3833 
7764 3833 3935 3834 
7765 3935 3936 3834 
7766 3834 3936 3835 
7767 3936 3937 3835 
7768 3835 3937 3836 
7769 3937 3938 3836 
7770 3836 3938 3837 
7771 3938 3939 3837 
7772 3837 3939 3838 
7773 3939 3940 3838 
7774 3838 3940 3839 
7775 3940 3941 3839 
7776 3839 3941 3840 
7777 3941 3942 3840 
7778 3840 3942 3636 
7779 3636 3942 3841 
7780 3841 3942 3941 
7781 3841 3941 3842 
7782 3842 3941 3940 
7783 3842 3940 3843 
7784 3843 3940 3939 
7785 3843 3939 3844 
7786 3844 3939 3938 
7787 3844 3938 3845 
7788 3845 3938 3937 
7789 3845 3937 3846 
7790 3846 3937 3936 
7791 3846 3936 3847 
7792 3847 3936 3935 
7793 3847 3935 3848 
7794 3848 3935 3934 
7795 3848 3934 3849 
7796 3849 3934 3933 
7797 3849 3933 3850 
7798 3850 3933 3932 
7799 3850 3932 3851 
7800 3851 3932 3931 
7801 3851 3931 3852 
7802 3852 3931 3930 
7803 3852 3930 3853 
7804 3853 3930 3929 
7805 3853 3929 3854 
7806 3854 3929 3928 
7807 3854 3928 3855 
7808 3855 3928 3927 
7809 3855 3927 3856 
7810 3856 3927 3926 
7811 3856 3926 3857 
7812 3857 3926 3925 
7813 3857 3925 3858 
7814 3858 3925 3924 
7815 3858 3924 3859 
7816 3859 3924 3923 
7817 3859 3923 3860 
7818 3860 3923 3922 
7819 3860 3922 3861 
7820 3861 3922 3921 
7821 3861 3921 3862 
7822 3862 3921 3920 
7823 3862 3920 3863 
7824 3863 3920 3919 
7825 3863 3919 3864 
7826 3864 3919 3918 
7827 3864 3918 3865 
7828 3865 3918 3917 
7829 3865 3917 3866 
7830 3866 3917 3867 
7831 3917 3916 3867 
7832 3867 3916 3868 
7833 3916 3915 3868 
7834 3868 3915 3869 
7835 3915 3914 3869 
7836 3869 3914 3870 
7837 3914 3913 3870 
7838 3870 3913 3871 
7839 3913 3912 3871 
7840 3871 3912 3872 
7841 3912 3911 3872 
7842 3872 3911 3873 
7843 3911 3910 3873 
7844 3873 3910 3874 
7845 3910 3909 3874 
7846 3874 3909 3875 
7847 3909 3908 3875 
7848 3875 3908 3876 
7849 3908 3907 3876 
7850 3876 3907 3877 
7851 3907 3906 3877 
7852 3877 3906 3878 
7853 3906 3905 3878 
7854 3878 3905 3879 
7855 3905 3904 3879 
7856 3879 3904 3880 
7857 3904 3903 3880 
7858 3880 3903 3881 
7859 3903 3902 3881 
7860 3881 3902 3882 
7861 3902 3901 3882 
7862 3882 3901 3883 
7863 3901 3900 3883 
7864 3883 3900 3884 
7865 3900 3899 3884 
7866 3884 3899 3885 
7867 3899 3898 3885 
7868 3885 3898 3886 
7869 3898 3897 3886 
7870 3886 3897 3887 
7871 3897 3896 3887 
7872 3887 3896 3888 
7873 3896 3895 3888 
7874 3888 3895 3889 
7875 3895 3894 3889 
7876 3889 3894 3890 
7877 3894 3893 3890 
7878 3890 3893 3891 
7879 3893 3892 3891 
7880 3891 3892 3585 
7881 3943 3945 3944 
7882 3944 3945 3946 
7883 3945 3947 3946 
7884 3946 3947 3948 
7885 3947 3949 3948 
7886 3948 3949 3950 
7887 3949 3951 3950 
7888 3950 3951 3952 
7889 3951 3953 3952 
7890 3952 3953 3954 
7891 3953 3955 3954 
7892 3954 3955 3956 
7893 3955 3957 3956 
7894 3956 3957 3958 
7895 3957 3959 3958 
7896 3958 3959 3960 
7897 3959 3961 3960 
7898 3960 3961 3962 
7899 3961 3963 3962 
7900 3962 3963 3964 
7901 3963 3965 3964 
7902 3964 3965 3966 
7903 3965 3967 3966 
7904 3966 3967 3968 
7905 3967 3969 3968 
7906 3968 3969 3970 
7907 3969 3971 3970 
7908 3970 3971 3972 
7909 3971 3973 3972 
7910 3972 3973 3974 
7911 3973 3975 3974 
7912 3974 3975 3976 
7913 3975 3977 3976 
7914 3976 3977 3978 
7915 3977 3979 3978 
7916 3978 3979 3980 
7917 3979 3981 3980 
7918 3980 3981 3982 
7919 3981 3983 3982 
7920 3982 3983 3984 
7921 3983 3985 3984 
7922 3984 3985 3986 
7923 3985 3987 3986 
7924 3986 3987 3988 
7925 3987 3989 3988 
7926 3988 3989 3990 
7927 3989 3991 3990 
7928 3990 3991 3992 
7929 3991 3993 3992 
7930 3992 3993 3994 
7931 3993 3995 3994 
7932 3994 3995 3996 
7933 3994 3996 3997 
7934 3997 3996 3998 
7935 3997 3998 3999 
7936 3999 3998 4000 
7937 3999 4000 4001 
7938 4001 4000 4002 
7939 4001 4002 4003 
7940 4003 4002 4004 
7941 4003 4004 4005 
7942 4005 4004 4006 
7943 4005 4006 4007 
7944 4007 4006 4008 
7945 4007 4008 4009 
7946 4009 4008 4010 
7947 4009 4010 4011 
7948 4011 4010 4012 
7949 4011 4012 4013 
7950 4013 4012 4014 
7951 4013 4014 4015 
7952 4015 4014 4016 
7953 4015 4016 4017 
7954 4017 4016 4018 
7955 4017 4018 4019 
7956 4019 4018 4020 
7957 4019 4020 4021 
7958 4021 4020 4022 
7959 4021 4022 4023 
7960 4023 4022 4024 
7961 4023 4024 4025 
7962 4025 4024 4026 
7963 4025 4026 4027 
7964 4027 4026 4028 
7965 4027 4028 4029 
7966 4029 4028 4030 
7967 4029 4030 4031 
7968 4031 4030 4032 
7969 4031 4032 4033 
7970 4033 4032 4034 
7971 4033 4034 4035 
7972 4035 4034 4036 
7973 4035 4036 4037 
7974 4037 4036 4038 
7975 4037 4038 4039 
7976 4039 4038 4040 
7977 4039 4040 4041 
7978 4041 4040 4042 
7979 4041 4042 4043 
7980 4043 4042 4044 
7981 4043 4044 4045 
7982 4045 4044 4046 
7983 4046 4047 4045 
7984 4045 4047 4043 
7985 4047 4048 4043 
7986 4043 4048 4041 
7987 4048 4049 4041 
7988 4041 4049 4039 
7989 4049 4050 4039 
7990 4039 4050 4037 
7991 4050 4051 4037 
7992 4037 4051 4035 
7993 4051 4052 4035 
7994 4035 4052 4033 
7995 4052 4053 4033 
7996 4033 4053 4031 
7997 4053 4054 4031 
7998 4031 4054 4029 
7999 4054 4055 4029 
8000 4029 4055 4027 
8001 4055 4056 4027 
8002 4027 4056 4025 
8003 4056 4057 4025 
8004 4025 4057 4023 
8005 4057 4058 4023 
8006 4023 4058 4021 
8007 4058 4059 4021 
8008 4021 4059 4019 
8009 4059 4060 4019 
8010 4019 4060 4017 
8011 4060 4061 4017 
8012 4017 4061 4015 
8013 4061 4062 4015 
8014 4015 4062 4013 
8015 4062 4063 4013 
8016 4013 4063 4011 
8017 4063 4064 4011 
8018 4011 4064 4009 
8019 4064 4065 4009 
8020 4009 4065 4007 
8021 4065 4066 4007 
8022 4007 4066 4005 
8023 4066 4067 4005 
8024 4005 4067 4003 
8025 4067 4068 4003 
8026 4003 4068 4001 
8027 4068 4069 4001 
8028 4001 4069 3999 
8029 4069 4070 3999 
8030 3999 4070 3997 
8031 4070 4071 3997 
8032 3997 4071 3994 
8033 4071 4072 3994 
8034 3994 4072 4073 
8035 3994 4073 3992 
8036 3992 4073 4074 
8037 3992 4074 3990 
8038 3990 4074 4075 
8039 3990 4075 3988 
8040 3988 4075 4076 
8041 3988 4076 3986 
8042 3986 4076 4077 
8043 3986 4077 3984 
8044 3984 4077 4078 
8045 3984 4078 3982 
8046 3982 4078 4079 
8047 3982 4079 3980 
8048 3980 4079 4080 
8049 3980 4080 3978 
8050 3978 4080 4081 
8051 3978 4081 3976 
8052 3976 4081 4082 
8053 3976 4082 3974 
8054 3974 4082 4083 
8055 3974 4083 3972 
8056 3972 4083 4084 
8057 3972 4084 3970 
8058 3970 4084 4085 
8059 3970 4085 3968 
8060 3968 4085 4086 
8061 3968 4086 3966 
8062 3966 4086 4087 
8063 3966 4087 3964 
8064 3964 4087 4088 
8065 3964 4088 3962 
8066 3962 4088 4089 
8067 3962 4089 3960 
8068 3960 4089 4090 
8069 3960 4090 3958 
8070 3958 4090 4091 
8071 3958 4091 3956 
8072 3956 4091 4092 
8073 3956 4092 3954 
8074 3954 4092 4093 
8075 3954 4093 3952 
8076 3952 4093 4094 
8077 3952 4094 3950 
8078 3950 4094 4095 
8079 3950 4095 3948 
8080 3948 4095 4096 
8081 3948 4096 3946 
8082 3946 4096 4097 
8083 3946 4097 3944 
8084 3944 4097 3943 
8085 3943 4098 3945 
8086 3945 4098 3947 
8087 4098 4099 3947 
8088 3947 4099 3949 
8089 4099 4100 3949 
8090 3949 4100 3951 
8091 4100 4101 3951 
8092 3951 4101 3953 
8093 4101 4102 3953 
8094 3953 4102 3955 
8095 4102 4103 3955 
8096 3955 4103 3957 
8097 4103 4104 3957 
8098 3957 4104 3959 
8099 4104 4105 3959 
8100 3959 4105 3961 
8101 4105 4106 3961 
8102 3961 4106 3963 
8103 4106 4107 3963 
8104 3963 4107 3965 
8105 4107 4108 3965 
8106 3965 4108 3967 
8107 4108 4109 3967 
8108 3967 4109 3969 
8109 4109 4110 3969 
8110 3969 4110 3971 
8111 4110 4111 3971 
8112 3971 4111 3973 
8113 4111 4112 3973 
8114 3973 4112 3975 
8115 4112 4113 3975 
8116 3975 4113 3977 
8117 4113 4114 3977 
8118 3977 4114 3979 
8119 4114 4115 3979 
8120 3979 4115 3981 
8121 4115 4116 3981 
8122 3981 4116 3983 
8123 4116 4117 3983 
8124 3983 4117 3985 
8125 4117 4118 3985 
8126 3985 4118 3987 
8127 4118 4119 3987 
8128 3987 4119 3989 
8129 4119 4120 3989 
8130 3989 4120 3991 
8131 4120 4121 3991 
8132 3991 4121 3993 
8133 4121 4122 3993 
8134 3993 4122 3995 
8135 4122 4123 3995 
8136 3995 4123 4124 
8137 3995 4124 3996 
8138 3996 4124 4125 
8139 3996 4125 3998 
8140 3998 4125 4126 
8141 3998 4126 4000 
8142 4000 4126 4127 
8143 4000 4127 4002 
8144 4002 4127 4128 
8145 4002 4128 4004 
8146 4004 4128 4129 
8147 4004 4129 4006 
8148 4006 4129 4130 
8149 4006 4130 4008 
8150 4008 4130 4131 
8151 4008 4131 4010 
8152 4010 4131 4132 
8153 4010 4132 4012 
8154 4012 4132 4133 
8155 4012 4133 4014 
8156 4014 4133 4134 
8157 4014 4134 4016 
8158 4016 4134 4135 
8159 4016 4135 4018 
8160 4018 4135 4136 
8161 4018 4136 4020 
8162 4020 4136 4137 
8163 4020 4137 4022 
8164 4022 4137 4138 
8165 4022 4138 4024 
8166 4024 4138 4139 
8167 4024 4139 4026 
8168 4026 4139 4140 
8169 4026 4140 4028 
8170 4028 4140 4141 
8171 4028 4141 4030 
8172 4030 4141 4142 
8173 4030 4142 4032 
8174 4032 4142 4143 
8175 4032 4143 4034 
8176 4034 4143 4144 
8177 4034 4144 4036 
8178 4036 4144 4145 
8179 4036 4145 4038 
8180 4038 4145 4146 
8181 4038 4146 4040 
8182 4040 4146 4147 
8183 4040 4147 4042 
8184 4042 4147 4148 
8185 4042 4148 4044 
8186 4044 4148 4046 
8187 4046 4149 4047 
8188 4047 4149 4048 
8189 4149 4150 4048 
8190 4048 4150 4049 
8191 4150 4151 4049 
8192 4049 4151 4050 
8193 4151 4152 4050 
8194 4050 4152 4051 
8195 4152 4153 4051 
8196 4051 4153 4052 
8197 4153 4154 4052 
8198 4052 4154 4053 
8199 4154 4155 4053 
8200 4053 4155 4054 
8201 4155 4156 4054 
8202 4054 4156 4055 
8203 4156 4157 4055 
8204 4055 4157 4056 
8205 4157 4158 4056 
8206 4056 4158 4057 
8207 4158 4159 4057 
8208 4057 4159 4058 
8209 4159 4160 4058 
8210 4058 4160 4059 
8211 4160 4161 4059 
8212 4059 4161 4060 
8213 4161 4162 4060 
8214 4060 4162 4061 
8215 4162 4163 4061 
8216 4061 4163 4062 
8217 4163 4164 4062 
8218 4062 4164 4063 
8219 4164 4165 4063 
8220 4063 4165 4064 
8221 4165 4166 4064 
8222 4064 4166 4065 
8223 4166 4167 4065 
8224 4065 4167 4066 
8225 4167 4168 4066 
8226 4066 4168 4067 
8227 4168 4169 4067 
8228 4067 4169 4068 
8229 4169 4170 4068 
8230 4068 4170 4069 
8231 4170 4171 4069 
8232 4069 4171 4070 
8233 4171 4172 4070 
8234 4070 4172 4071 
8235 4172 4173 4071 
8236 4071 4173 4072 
8237 4173 4174 4072 
8238 4072 4174 4175 
8239 4072 4175 4073 
8240 4073 4175 4176 
8241 4073 4176 4074 
8242 4074 4176 4177 
8243 4074 4177 4075 
8244 4075 4177 4178 
8245 4075 4178 4076 
8246 4076 4178 4179 
8247 4076 4179 4077 
8248 4077 4179 4180 
8249 4077 4180 4078 
8250 4078 4180 4181 
8251 4078 4181 4079 
8252 4079 4181 4182 
8253 4079 4182 4080 
8254 4080 4182 4183 
8255 4080 4183 4081 
8256 4081 4183 4184 
8257 4081 4184 4082 
8258 4082 4184 4185 
8259 4082 4185 4083 
8260 4083 4185 4186 
8261 4083 4186 4084 
8262 4084 4186 4187 
8263 4084 4187 4085 
8264 4085 4187 4188 
8265 4085 4188 4086 
8266 4086 4188 4189 
8267 4086 4189 4087 
8268 4087 4189 4190 
8269 4087 4190 4088 
8270 4088 4190 4191 
8271 4088 4191 4089 
8272 4089 4191 4192 
8273 4089 4192 4090 
8274 4090 4192 4193 
8275 4090 4193 4091 
8276 4091 4193 4194 
8277 4091 4194 4092 
8278 4092 4194 4195 
8279 4092 4195 4093 
8280 4093 4195 4196 
8281 4093 4196 4094 
8282 4094 4196 4197 
8283 4094 4197 4095 
8284 4095 4197 4198 
8285 4095 4198 4096 
8286 4096 4198 4199 
8287 4096 4199 4097 
8288 4097 4199 3943 
8289 3943 4200 4098 
8290 4098 4200 4099 
8291 4200 4201 4099 
8292 4099 4201 4100 
8293 4201 4202 4100 
8294 4100 4202 4101 
8295 4202 4203 4101 
8296 4101 4203 4102 
8297 4203 4204 4102 
8298 4102 4204 4103 
8299 4204 4205 4103 
8300 4103 4205 4104 
8301 4205 4206 4104 
8302 4104 4206 4105 
8303 4206 4207 4105 
8304 4105 4207 4106 
8305 4207 4208 4106 
8306 4106 4208 4107 
8307 4208 4209 4107 
8308 4107 4209 4108 
8309 4209 4210 4108 
8310 4108 4210 4109 
8311 4210 4211 4109 
8312 4109 4211 4110 
8313 4211 4212 4110 
8314 4110 4212 4111 
8315 4212 4213 4111 
8316 4111 4213 4112 
8317 4213 4214 4112 
8318 4112 4214 4113 
8319 4214 4215 4113 
8320 4113 4215 4114 
8321 4215 4216 4114 
8322 4114 4216 4115 
8323 4216 4217 4115 
8324 4115 4217 4116 
8325 4217 4218 4116 
8326 4116 4218 4117 
8327 4218 4219 4117 
8328 4117 4219 4118 
8329 4219 4220 4118 
8330 4118 4220 4119 
8331 4220 4221 4119 
8332 4119 4221 4120 
8333 4221 4222 4120 
8334 4120 4222 4121 
8335 4222 4223 4121 
8336 4121 4223 4122 
8337 4223 4224 4122 
8338 4122 4224 4123 
8339 4224 4225 4123 
8340 4123 4225 4226 
8341 4123 4226 4124 
8342 4124 4226 4227 
8343 4124 4227 4125 
8344 4125 4227 4228 
8345 4125 4228 4126 
8346 4126 4228 4229 
8347 4126 4229 4127 
8348 4127 4229 4230 
8349 4127 4230 4128 
8350 4128 4230 4231 
8351 4128 4231 4129 
8352 4129 4231 4232 
8353 4129 4232 4130 
8354 4130 4232 4233 
8355 4130 4233 4131 
8356 4131 4233 4234 
8357 4131 4234 4132 
8358 4132 4234 4235 
8359 4132 4235 4133 
8360 4133 4235 4236 
8361 4133 4236 4134 
8362 4134 4236 4237 
8363 4134 4237 4135 
8364 4135 4237 4238 
8365 4135 4238 4136 
8366 4136 4238 4239 
8367 4136 4239 4137 
8368 4137 4239 4240 
8369 4137 4240 4138 
8370 4138 4240 4241 
8371 4138 4241 4139 
8372 4139 4241 4242 
8373 4139 4242 4140 
8374 4140 4242 4243 
8375 4140 4243 4141 
8376 4141 4243 4244 
8377 4141 4244 4142 
8378 4142 4244 4245 
8379 4142 4245 4143 
8380 4143 4245 4246 
8381 4143 4246 4144 
8382 4144 4246 4247 
8383 4144 4247 4145 
8384 4145 4247 4248 
8385 4145 4248 4146 
8386 4146 4248 4249 
8387 4146 4249 4147 
8388 4147 4249 4250 
8389 4147 4250 4148 
8390 4148 4250 4046 
8391 4046 4251 4149 
8392 4149 4251 4150 
8393 4251 4252 4150 
8394 4150 4252 4151 
8395 4252 4253 4151 
8396 4151 4253 4152 
8397 4253 4254 4152 
8398 4152 4254 4153 
8399 4254 4255 4153 
8400 4153 4255 4154 
8401 4255 4256 4154 
8402 4154 4256 4155 
8403 4256 4257 4155 
8404 4155 4257 4156 
8405 4257 4258 4156 
8406 4156 4258 4157 
8407 4258 4259 4157 
8408 4157 4259 4158 
8409 4259 4260 4158 
8410 4158 4260 4159 
8411 4260 4261 4159 
8412 4159 4261 4160 
8413 4261 4262 4160 
8414 4160 4262 4161 
8415 4262 4263 4161 
8416 4161 4263 4162 
8417 4263 4264 4162 
8418 4162 4264 4163 
8419 4264 4265 4163 
8420 4163 4265 4164 
8421 4265 4266 4164 
8422 4164 4266 4165 
8423 4266 4267 4165 
8424 4165 4267 4166 
8425 4267 4268 4166 
8426 4166 4268 4167 
8427 4268 4269 4167 
8428 4167 4269 4168 
8429 4269 4270 4168 
8430 4168 4270 4169 
8431 4270 4271 4169 
8432 4169 4271 4170 
8433 4271 4272 4170 
8434 4170 4272 4171 
8435 4272 4273 4171 
8436 4171 4273 4172 
8437 4273 4274 4172 
8438 4172 4274 4173 
8439 4274 4275 4173 
8440 4173 4275 4174 
8441 4275 4276 4174 
8442 4174 4276 4277 
8443 4174 4277 4175 
8444 4175 4277 4278 
8445 4175 4278 4176 
8446 4176 4278 4279 
8447 4176 4279 4177 
8448 4177 4279 4280 
8449 4177 4280 4178 
8450 4178 4280 4281 
8451 4178 4281 4179 
8452 4179 4281 4282 
8453 4179 4282 4180 
8454 4180 4282 4283 
8455 4180 4283 4181 
8456 4181 4283 4284 
8457 4181 4284 4182 
8458 4182 4284 4285 
8459 4182 4285 4183 
8460 4183 4285 4286 
8461 4183 4286 4184 
8462 4184 4286 4287 
8463 4184 4287 4185 
8464 4185 4287 4288 
8465 4185 4288 4186 
8466 4186 4288 4289 
8467 4186 4289 4187 
8468 4187 4289 4290 
8469 4187 4290 4188 
8470 4188 4290 4291 
8471 4188 4291 4189 
8472 4189 4291 4292 
8473 4189 4292 4190 
8474 4190 4292 4293 
8475 4190 4293 4191 
8476 4191 4293 4294 
8477 4191 4294 4192 
8478 4192 4294 4295 
8479 4192 4295 4193 
8480 4193 4295 4296 
8481 4193 4296 4194 
8482 4194 4296 4297 
8483 4194 4297 4195 
8484 4195 4297 4298 
8485 4195 4298 4196 
8486 4196 4298 4299 
8487 4196 4299 4197 
8488 4197 4299 4300 
8489 4197 4300 4198 
8490 4198 4300 4301 
8491 4198 4301 4199 
8492 4199 4301 3943 
8493 3943 4302 4200 
8494 4302 4303 4200 
8495 4200 4303 4201 
8496 4303 4304 4201 
8497 4201 4304 4202 
8498 4304 4305 4202 
8499 4202 4305 4203 
8500 4305 4306 4203 
8501 4203 4306 4204 
8502 4306 4307 4204 
8503 4204 4307 4205 
8504 4307 4308 4205 
8505 4205 4308 4206 
8506 4308 4309 4206 
8507 4206 4309 4207 
8508 4309 4310 4207 
8509 4207 4310 4208 
8510 4310 4311 4208 
8511 4208 4311 4209 
8512 4311 4312 4209 
8513 4209 4312 4210 
8514 4312 4313 4210 
8515 4210 4313 4211 
8516 4313 4314 4211 
8517 4211 4314 4212 
8518 4314 4315 4212 
8519 4212 4315 4213 
8520 4315 4316 4213 
8521 4213 4316 4214 
8522 4316 4317 4214 
8523 4214 4317 4215 
8524 4317 4318 4215 
8525 4215 4318 4216 
8526 4318 4319 4216 
8527 4216 4319 4217 
8528 4319 4320 4217 
8529 4217 4320 4218 
8530 4320 4321 4218 
8531 4218 4321 4219 
8532 4321 4322 4219 
8533 4219 4322 4220 
8534 4322 4323 4220 
8535 4220 4323 4221 
8536 4323 4324 4221 
8537 4221 4324 4222 
8538 4324 4325 4222 
8539 4222 4325 4223 
8540 4325 4326 4223 
8541 4223 4326 4224 
8542 4326 4327 4224 
8543 4224 4327 4225 
8544 4327 4328 4225 
8545 4225 4328 4329 
8546 4225 4329 4226 
8547 4226 4329 4330 
8548 4226 4330 4227 
8549 4227 4330 4331 
8550 4227 4331 4228 
8551 4228 4331 4332 
8552 4228 4332 4229 
8553 4229 4332 4333 
8554 4229 4333 4230 
8555 4230 4333 4334 
8556 4230 4334 4231 
8557 4231 4334 4335 
8558 4231 4335 4232 
8559 4232 4335 4336 
8560 4232 4336 4233 
8561 4233 4336 4337 
8562 4233 4337 4234 
8563 4234 4337 4338 
8564 4234 4338 4235 
8565 4235 4338 4339 
8566 4235 4339 4236 
8567 4236 4339 4340 
8568 4236 4340 4237 
8569 4237 4340 4341 
8570 4237 4341 4238 
8571 4238 4341 4342 
8572 4238 4342 4239 
8573 4239 4342 4343 
8574 4239 4343 4240 
8575 4240 4343 4344 
8576 4240 4344 4241 
8577 4241 4344 4345 
8578 4241 4345 4242 
8579 4242 4345 4346 
8580 4242 4346 4243 
8581 4243 4346 4347 
8582 4243 4347 4244 
8583 4244 4347 4348 
8584 4244 4348 4245 
8585 4245 4348 4349 
8586 4245 4349 4246 
8587 4246 4349 4350 
8588 4246 4350 4247 
8589 4247 4350 4351 
8590 4247 4351 4248 
8591 4248 4351 4352 
8592 4248 4352 4249 
8593 4249 4352 4353 
8594 4249 4353 4250 
8595 4250 4353 4354 
8596 4250 4354 4046 
8597 4046 4354 4251 
8598 4354 4355 4251 
8599 4251 4355 4252 
8600 4355 4356 4252 
8601 4252 4356 4253 
8602 4356 4357 4253 
8603 4253 4357 4254 
8604 4357 4358 4254 
8605 4254 4358 4255 
8606 4358 4359 4255 
8607 4255 4359 4256 
8608 4359 4360 4256 
8609 4256 4360 4257 
8610 4360 4361 4257 
8611 4257 4361 4258 
8612 4361 4362 4258 
8613 4258 4362 4259 
8614 4362 4363 4259 
8615 4259 4363 4260 
8616 4363 4364 4260 
8617 4260 4364 4261 
8618 4364 4365 4261 
8619 4261 4365 4262 
8620 4365 4366 4262 
8621 4262 4366 4263 
8622 4366 4367 4263 
8623 4263 4367 4264 
8624 4367 4368 4264 
8625 4264 4368 4265 
8626 4368 4369 4265 
8627 4265 4369 4266 
8628 4369 4370 4266 
8629 4266 4370 4267 
8630 4370 4371 4267 
8631 4267 4371 4268 
8632 4371 4372 4268 
8633 4268 4372 4269 
8634 4372 4373 4269 
8635 4269 4373 4270 
8636 4373 4374 4270 
8637 4270 4374 4271 
8638 4374 4375 4271 
8639 4271 4375 4272 
8640 4375 4376 4272 
8641 4272 4376 4273 
8642 4376 4377 4273 
8643 4273 4377 4274 
8644 4377 4378 4274 
8645 4274 4378 4275 
8646 4378 4379 4275 
8647 4275 4379 4276 
8648 4379 4380 4276 
8649 4276 4380 4381 
8650 4276 4381 4277 
8651 4277 4381 4382 
8652 4277 4382 4278 
8653 4278 4382 4383 
8654 4278 4383 4279 
8655 4279 4383 4384 
8656 4279 4384 4280 
8657 4280 4384 4385 
8658 4280 4385 4281 
8659 4281 4385 4386 
8660 4281 4386 4282 
8661 4282 4386 4387 
8662 4282 4387 4283 
8663 4283 4387 4388 
8664 4283 4388 4284 
8665 4284 4388 4389 
8666 4284 4389 4285 
8667 4285 4389 4390 
8668 4285 4390 4286 
8669 4286 4390 4391 
8670 4286 4391 4287 
8671 4287 4391 4392 
8672 4287 4392 4288 
8673 4288 4392 4393 
8674 4288 4393 4289 
8675 4289 4393 4394 
8676 4289 4394 4290 
8677 4290 4394 4395 
8678 4290 4395 4291 
8679 4291 4395 4396 
8680 4291 4396 4292 
8681 4292 4396 4397 
8682 4292 4397 4293 
8683 4293 4397 4398 
8684 4293 4398 4294 
8685 4294 4398 4399 
8686 4294 4399 4295 
8687 4295 4399 4400 
8688 4295 4400 4296 
8689 4296 4400 4401 
8690 4296 4401 4297 
8691 4297 4401 4402 
8692 4297 4402 4298 
8693 4298 4402 4403 
8694 4298 4403 4299 
8695 4299 4403 4404 
8696 4299 4404 4300 
8697 4300 4404 4405 
8698 4300 4405 4301 
8699 4301 4405 4302 
8700 4301 4302 3943 
8701 4302 4406 4303 
8702 4406 4407 4303 
8703 4303 4407 4304 
8704 4407 4408 4304 
8705 4304 4408 4305 
8706 4408 4409 4305 
8707 4305 4409 4306 
8708 4409 4410 4306 
8709 4306 4410 4307 
8710 4410 4411 4307 
8711 4307 4411 4308 
8712 4411 4412 4308 
8713 4308 4412 4309 
8714 4412 4413 4309 
8715 4309 4413 4310 
8716 4413 4414 4310 
8717 4310 4414 4311 
8718 4414 4415 4311 
8719 4311 4415 4312 
8720 4415 4416 4312 
8721 4312 4416 4313 
8722 4416 4417 4313 
8723 4313 4417 4314 
8724 4417 4418 4314 
8725 4314 4418 4315 
8726 4418 4419 4315 
8727 4315 4419 4316 
8728 4419 4420 4316 
8729 4316 4420 4317 
8730 4420 4421 4317 
8731 4317 4421 4318 
8732 4421 4422 4318 
8733 4318 4422 4319 
8734 4422 4423 4319 
8735 4319 4423 4320 
8736 4423 4424 4320 
8737 4320 4424 4321 
8738 4424 4425 4321 
8739 4321 4425 4322 
8740 4425 4426 4322 
8741 4322 4426 4323 
8742 4426 4427 4323 
8743 4323 4427 4324 
8744 4427 4428 4324 
8745 4324 4428 4325 
8746 4428 4429 4325 
8747 4325 4429 4326 
8748 4429 4430 4326 
8749 4326 4430 4327 
8750 4430 4431 4327 
8751 4327 4431 4328 
8752 4431 4432 4328 
8753 4328 4432 4433 
8754 4328 4433 4329 
8755 4329 4433 4434 
8756 4329 4434 4330 
8757 4330 4434 4435 
8758 4330 4435 4331 
8759 4331 4435 4436 
8760 4331 4436 4332 
8761 4332 4436 4437 
8762 4332 4437 4333 
8763 4333 4437 4438 
8764 4333 4438 4334 
8765 4334 4438 4439 
8766 4334 4439 4335 
8767 4335 4439 4440 
8768 4335 4440 4336 
8769 4336 4440 4441 
8770 4336 4441 4337 
8771 4337 4441 4442 
8772 4337 4442 4338 
8773 4338 4442 4443 
8774 4338 4443 4339 
8775 4339 4443 4444 
8776 4339 4444 4340 
8777 4340 4444 4445 
8778 4340 4445 4341 
8779 4341 4445 4446 
8780 4341 4446 4342 
8781 4342 4446 4447 
8782 4342 4447 4343 
8783 4343 4447 4448 
8784 4343 4448 4344 
8785 4344 4448 4449 
8786 4344 4449 4345 
8787 4345 4449 4450 
8788 4345 4450 4346 
8789 4346 4450 4451 
8790 4346 4451 4347 
8791 4347 4451 4452 
8792 4347 4452 4348 
8793 4348 4452 4453 
8794 4348 4453 4349 
8795 4349 4453 4454 
8796 4349 4454 4350 
8797 4350 4454 4455 
8798 4350 4455 4351 
8799 4351 4455 4456 
8800 4351 4456 4352 
8801 4352 4456 4457 
8802 4352 4457 4353 
8803 4353 4457 4458 
8804 4353 4458 4354 
8805 4354 4458 4355 
8806 4458 4459 4355 
8807 4355 4459 4356 
8808 4459 4460 4356 
8809 4356 4460 4357 
8810 4460 4461 4357 
8811 4357 4461 4358 
8812 4461 4462 4358 
8813 4358 4462 4359 
8814 4462 4463 4359 
8815 4359 4463 4360 
8816 4463 4464 4360 
8817 4360 4464 4361 
8818 4464 4465 4361 
8819 4361 4465 4362 
8820 4465 4466 4362 
8821 4362 4466 4363 
8822 4466 4467 4363 
8823 4363 4467 4364 
8824 4467 4468 4364 
8825 4364 4468 4365 
8826 4468 4469 4365 
8827 4365 4469 4366 
8828 4469 4470 4366 
8829 4366 4470 4367 
8830 4470 4471 4367 
8831 4367 4471 4368 
8832 4471 4472 4368 
8833 4368 4472 4369 
8834 4472 4473 4369 
8835 4369 4473 4370 
8836 4473 4474 4370 
8837 4370 4474 4371 
8838 4474 4475 4371 
8839 4371 4475 4372 
8840 4475 4476 4372 
8841 4372 4476 4373 
8842 4476 4477 4373 
8843 4373 4477 4374 
8844 4477 4478 4374 
8845 4374 4478 4375 
8846 4478 4479 4375 
8847 4375 4479 4376 
8848 4479 4480 4376 
8849 4376 4480 4377 
8850 4480 4481 4377 
8851 4377 4481 4378 
8852 4481 4482 4378 
8853 4378 4482 4379 
8854 4482 4483 4379 
8855 4379 4483 4380 
8856 4483 4484 4380 
8857 4380 4484 4485 
8858 4380 4485 4381 
8859 4381 4485 4486 
8860 4381 4486 4382 
8861 4382 4486 4487 
8862 4382 4487 4383 
8863 4383 4487 4488 
8864 4383 4488 4384 
8865 4384 4488 4489 
8866 4384 4489 4385 
8867 4385 4489 4490 
8868 4385 4490 4386 
8869 4386 4490 4491 
8870 4386 4491 4387 
8871 4387 4491 4492 
8872 4387 4492 4388 
8873 4388 4492 4493 
8874 4388 4493 4389 
8875 4389 4493 4494 
8876 4389 4494 4390 
8877 4390 4494 4495 
8878 4390 4495 4391 
8879 4391 4495 4496 
8880 4391 4496 4392 
8881 4392 4496 4497 
8882 4392 4497 4393 
8883 4393 4497 4498 
8884 4393 4498 4394 
8885 4394 4498 4499 
8886 4394 4499 4395 
8887 4395 4499 4500 
8888 4395 4500 4396 
8889 4396 4500 4501 
8890 4396 4501 4397 
8891 4397 4501 4502 
8892 4397 4502 4398 
8893 4398 4502 4503 
8894 4398 4503 4399 
8895 4399 4503 4504 
8896 4399 4504 4400 
8897 4400 4504 4505 
8898 4400 4505 4401 
8899 4401 4505 4506 
8900 4401 4506 4402 
8901 4402 4506 4507 
8902 4402 4507 4403 
8903 4403 4507 4508 
8904 4403 4508 4404 
8905 4404 4508 4509 
8906 4404 4509 4405 
8907 4405 4509 4406 
8908 4405 4406 4302 
8909 4406 4510 4407 
8910 4510 4511 4407 
8911 4407 4511 4408 
8912 4511 4512 4408 
8913 4408 4512 4409 
8914 4512 4513 4409 
8915 4409 4513 4410 
8916 4513 4514 4410 
8917 4410 4514 4411 
8918 4514 4515 4411 
8919 4411 4515 4412 
8920 4515 4516 4412 
8921 4412 4516 4413 
8922 4516 4517 4413 
8923 4413 4517 4414 
8924 4517 4518 4414 
8925 4414 4518 4415 
8926 4518 4519 4415 
8927 4415 4519 4416 
8928 4519 4520 4416 
8929 4416 4520 4417 
8930 4520 4521 4417 
8931 4417 4521 4418 
8932 4521 4522 4418 
8933 4418 4522 4419 
8934 4522 4523 4419 
8935 4419 4523 4420 
8936 4523 4524 4420 
8937 4420 4524 4421 
8938 4524 4525 4421 
8939 4421 4525 4422 
8940 4525 4526 4422 
8941 4422 4526 4423 
8942 4526 4527 4423 
8943 4423 4527 4424 
8944 4527 4528 4424 
8945 4424 4528 4425 
8946 4528 4529 4425 
8947 4425 4529 4426 
8948 4529 4530 4426 
8949 4426 4530 4427 
8950 4530 4531 4427 
8951 4427 4531 4428 
8952 4531 4532 4428 
8953 4428 4532 4429 
8954 4532 4533 4429 
8955 4429 4533 4430 
8956 4533 4534 4430 
8957 4430 4534 4431 
8958 4534 4535 4431 
8959 4431 4535 4432 
8960 4535 4536 4432 
8961 4432 4536 4537 
8962 4432 4537 4433 
8963 4433 4537 4538 
8964 4433 4538 4434 
8965 4434 4538 4539 
8966 4434 4539 4435 
8967 4435 4539 4540 
8968 4435 4540 4436 
8969 4436 4540 4541 
8970 4436 4541 4437 
8971 4437 4541 4542 
8972 4437 4542 4438 
8973 4438 4542 4543 
8974 4438 4543 4439 
8975 4439 4543 4544 
8976 4439 4544 4440 
8977 4440 4544 4545 
8978 4440 4545 4441 
8979 4441 4545 4546 
8980 4441 4546 4442 
8981 4442 4546 4547 
8982 4442 4547 4443 
8983 4443 4547 4548 
8984 4443 4548 4444 
8985 4444 4548 4549 
8986 4444 4549 4445 
8987 4445 4549 4550 
8988 4445 4550 4446 
8989 4446 4550 4551 
8990 4446 4551 4447 
8991 4447 4551 4552 
8992 4447 4552 4448 
8993 4448 4552 4553 
8994 4448 4553 4449 
8995 4449 4553 4554 
8996 4449 4554 4450 
8997 4450 4554 4555 
8998 4450 4555 4451 
8999 4451 4555 4556 
9000 4451 4556 4452 
9001 4452 4556 4557 
9002 4452 4557 4453 
9003 4453 4557 4558 
9004 4453 4558 4454 
9005 4454 4558 4559 
9006 4454 4559 4455 
9007 4455 4559 4560 
9008 4455 4560 4456 
9009 4456 4560 4561 
9010 4456 4561 4457 
9011 4457 4561 4562 
9012 4457 4562 4458 
9013 4458 4562 4459 
9014 4562 4563 4459 
9015 4459 4563 4460 
9016 4563 4564 4460 
9017 4460 4564 4461 
9018 4564 4565 4461 
9019 4461 4565 4462 
9020 4565 4566 4462 
9021 4462 4566 4463 
9022 4566 4567 4463 
9023 4463 4567 4464 
9024 4567 4568 4464 
9025 4464 4568 4465 
9026 4568 4569 4465 
9027 4465 4569 4466 
9028 4569 4570 4466 
9029 4466 4570 4467 
9030 4570 4571 4467 
9031 4467 4571 4468 
9032 4571 4572 4468 
9033 4468 4572 4469 
9034 4572 4573 4469 
9035 4469 4573 4470 
9036 4573 4574 4470 
9037 4470 4574 4471 
9038 4574 4575 4471 
9039 4471 4575 4472 
9040 4575 4576 4472 
9041 4472 4576 4473 
9042 4576 4577 4473 
9043 4473 4577 4474 
9044 4577 4578 4474 
9045 4474 4578 4475 
9046 4578 4579 4475 
9047 4475 4579 4476 
9048 4579 4580 4476 
9049 4476 4580 4477 
9050 4580 4581 4477 
9051 4477 4581 4478 
9052 4581 4582 4478 
9053 4478 4582 4479 
9054 4582 4583 4479 
9055 4479 4583 4480 
9056 4583 4584 4480 
9057 4480 4584 4481 
9058 4584 4585 4481 
9059 4481 4585 4482 
9060 4585 4586 4482 
9061 4482 4586 4483 
9062 4586 4587 4483 
9063 4483 4587 4484 
9064 4587 4588 4484 
9065 4484 4588 4589 
9066 4484 4589 4485 
9067 4485 4589 4590 
9068 4485 4590 4486 
9069 4486 4590 4591 
9070 4486 4591 4487 
9071 4487 4591 4592 
9072 4487 4592 4488 
9073 4488 4592 4593 
9074 4488 4593 4489 
9075 4489 4593 4594 
9076 4489 4594 4490 
9077 4490 4594 4595 
9078 4490 4595 4491 
9079 4491 4595 4596 
9080 4491 4596 4492 
9081 4492 4596 4597 
9082 4492 4597 4493 
9083 4493 4597 4598 
9084 4493 4598 4494 
9085 4494 4598 4599 
9086 4494 4599 4495 
9087 4495 4599 4600 
9088 4495 4600 4496 
9089 4496 4600 4601 
9090 4496 4601 4497 
9091 4497 4601 4602 
9092 4497 4602 4498 
9093 4498 4602 4603 
9094 4498 4603 4499 
9095 4499 4603 4604 
9096 4499 4604 4500 
9097 4500 4604 4605 
9098 4500 4605 4501 
9099 4501 4605 4606 
9100 4501 4606 4502 
9101 4502 4606 4607 
9102 4502 4607 4503 
9103 4503 4607 4608 
9104 4503 4608 4504 
9105 4504 4608 4609 
9106 4504 4609 4505 
9107 4505 4609 4610 
9108 4505 4610 4506 
9109 4506 4610 4611 
9110 4506 4611 4507 
9111 4507 4611 4612 
9112 4507 4612 4508 
9113 4508 4612 4613 
9114 4508 4613 4509 
9115 4509 4613 4510 
9116 4509 4510 4406 
9117 4510 4614 4511 
9118 4614 4615 4511 
9119 4511 4615 4512 
9120 4615 4616 4512 
9121 4512 4616 4513 
9122 4616 4617 4513 
9123 4513 4617 4514 
9124 4617 4618 4514 
9125 4514 4618 4515 
9126 4618 4619 4515 
9127 4515 4619 4516 
9128 4619 4620 4516 
9129 4516 4620 4517 
9130 4620 4621 4517 
9131 4517 4621 4518 
9132 4621 4622 4518 
9133 4518 4622 4519 
9134 4622 4623 4519 
9135 4519 4623 4520 
9136 4623 4624 4520 
9137 4520 4624 4521 
9138 4624 4625 4521 
9139 4521 4625 4522 
9140 4625 4626 4522 
9141 4522 4626 4523 
9142 4626 4627 4523 
9143 4523 4627 4524 
9144 4627 4628 4524 
9145 4524 4628 4525 
9146 4628 4629 4525 
9147 4525 4629 4526 
9148 4629 4630 4526 
9149 4526 4630 4527 
9150 4630 4631 4527 
9151 4527 4631 4528 
9152 4631 4632 4528 
9153 4528 4632 4529 
9154 4632 4633 4529 
9155 4529 4633 4530 
9156 4633 4634 4530 
9157 4530 4634 4531 
9158 4634 4635 4531 
9159 4531 4635 4532 
9160 4635 4636 4532 
9161 4532 4636 4533 
9162 4636 4637 4533 
9163 4533 4637 4534 
9164 4637 4638 4534 
9165 4534 4638 4535 
9166 4638 4639 4535 
9167 4535 4639 4536 
9168 4639 4640 4536 
9169 4536 4640 4641 
9170 4536 4641 4537 
9171 4537 4641 4642 
9172 4537 4642 4538 
9173 4538 4642 4643 
9174 4538 4643 4539 
9175 4539 4643 4644 
9176 4539 4644 4540 
9177 4540 4644 4645 
9178 4540 4645 4541 
9179 4541 4645 4646 
9180 4541 4646 4542 
9181 4542 4646 4647 
9182 4542 4647 4543 
9183 4543 4647 4648 
9184 4543 4648 4544 
9185 4544 4648 4649 
9186 4544 4649 4545 
9187 4545 4649 4650 
9188 4545 4650 4546 
9189 4546 4650 4651 
9190 4546 4651 4547 
9191 4547 4651 4652 
9192 4547 4652 4548 
9193 4548 4652 4653 
9194 4548 4653 4549 
9195 4549 4653 4654 
9196 4549 4654 4550 
9197 4550 4654 4655 
9198 4550 4655 4551 
9199 4551 4655 4656 
9200 4551 4656 4552 
9201 4552 4656 4657 
9202 4552 4657 4553 
9203 4553 4657 4658 
9204 4553 4658 4554 
9205 4554 4658 4659 
9206 4554 4659 4555 
9207 4555 4659 4660 
9208 4555 4660 4556 
9209 4556 4660 4661 
9210 4556 4661 4557 
9211 4557 4661 4662 
9212 4557 4662 4558 
9213 4558 4662 4663 
9214 4558 4663 4559 
9215 4559 4663 4664 
9216 4559 4664 4560 
9217 4560 4664 4665 
9218 4560 4665 4561 
9219 4561 4665 4666 
9220 4561 4666 4562 
9221 4562 4666 4563 
9222 4666 4667 4563 
9223 4563 4667 4564 
9224 4667 4668 4564 
9225 4564 4668 4565 
9226 4668 4669 4565 
9227 4565 4669 4566 
9228 4669 4670 4566 
9229 4566 4670 4567 
9230 4670 4671 4567 
9231 4567 4671 4568 
9232 4671 4672 4568 
9233 4568 4672 4569 
9234 4672 4673 4569 
9235 4569 4673 4570 
9236 4673 4674 4570 
9237 4570 4674 4571 
9238 4674 4675 4571 
9239 4571 4675 4572 
9240 4675 4676 4572 
9241 4572 4676 4573 
9242 4676 4677 4573 
9243 4573 4677 4574 
9244 4677 4678 4574 
9245 4574 4678 4575 
9246 4678 4679 4575 
9247 4575 4679 4576 
9248 4679 4680 4576 
9249 4576 4680 4577 
9250 4680 4681 4577 
9251 4577 4681 4578 
9252 4681 4682 4578 
9253 4578 4682 4579 
9254 4682 4683 4579 
9255 4579 4683 4580 
9256 4683 4684 4580 
9257 4580 4684 4581 
9258 4684 4685 4581 
9259 4581 4685 4582 
9260 4685 4686 4582 
9261 4582 4686 4583 
9262 4686 4687 4583 
9263 4583 4687 4584 
9264 4687 4688 4584 
9265 4584 4688 4585 
9266 4688 4689 4585 
9267 4585 4689 4586 
9268 4689 4690 4586 
9269 4586 4690 4587 
9270 4690 4691 4587 
9271 4587 4691 4588 
9272 4691 4692 4588 
9273 4588 4692 4693 
9274 4588 4693 4589 
9275 4589 4693 4694 
9276 4589 4694 4590 
9277 4590 4694 4695 
9278 4590 4695 4591 
9279 4591 4695 4696 
9280 4591 4696 4592 
9281 4592 4696 4697 
9282 4592 4697 4593 
9283 4593 4697 4698 
9284 4593 4698 4594 
9285 4594 4698 4699 
9286 4594 4699 4595 
9287 4595 4699 4700 
9288 4595 4700 4596 
9289 4596 4700 4701 
9290 4596 4701 4597 
9291 4597 4701 4702 
9292 4597 4702 4598 
9293 4598 4702 4703 
9294 4598 4703 4599 
9295 4599 4703 4704 
9296 4599 4704 4600 
9297 4600 4704 4705 
9298 4600 4705 4601 
9299 4601 4705 4706 
9300 4601 4706 4602 
9301 4602 4706 4707 
9302 4602 4707 4603 
9303 4603 4707 4708 
9304 4603 4708 4604 
9305 4604 4708 4709 
9306 4604 4709 4605 
9307 4605 4709 4710 
9308 4605 4710 4606 
9309 4606 4710 4711 
9310 4606 4711 4607 
9311 4607 4711 4712 
9312 4607 4712 4608 
9313 4608 4712 4713 
9314 4608 4713 4609 
9315 4609 4713 4714 
9316 4609 4714 4610 
9317 4610 4714 4715 
9318 4610 4715 4611 
9319 4611 4715 4716 
9320 4611 4716 4612 
9321 4612 4716 4717 
9322 4612 4717 4613 
9323 4613 4717 4614 
9324 4613 4614 4510 
9325 4614 4718 4615 
9326 4718 4719 4615 
9327 4615 4719 4616 
9328 4719 4720 4616 
9329 4616 4720 4617 
9330 4720 4721 4617 
9331 4617 4721 4618 
9332 4721 4722 4618 
9333 4618 4722 4619 
9334 4722 4723 4619 
9335 4619 4723 4620 
9336 4723 4724 4620 
9337 4620 4724 4621 
9338 4724 4725 4621 
9339 4621 4725 4622 
9340 4725 4726 4622 
9341 4622 4726 4623 
9342 4726 4727 4623 
9343 4623 4727 4624 
9344 4727 4728 4624 
9345 4624 4728 4625 
9346 4728 4729 4625 
9347 4625 4729 4626 
9348 4729 4730 4626 
9349 4626 4730 4627 
9350 4730 4731 4627 
9351 4627 4731 4628 
9352 4731 4732 4628 
9353 4628 4732 4629 
9354 4732 4733 4629 
9355 4629 4733 4630 
9356 4733 4734 4630 
9357 4630 4734 4631 
9358 4734 4735 4631 
9359 4631 4735 4632 
9360 4735 4736 4632 
9361 4632 4736 4633 
9362 4736 4737 4633 
9363 4633 4737 4634 
9364 4737 4738 4634 
9365 4634 4738 4635 
9366 4738 4739 4635 
9367 4635 4739 4636 
9368 4739 4740 4636 
9369 4636 4740 4637 
9370 4740 4741 4637 
9371 4637 4741 4638 
9372 4741 4742 4638 
9373 4638 4742 4639 
9374 4742 4743 4639 
9375 4639 4743 4640 
9376 4743 4744 4640 
9377 4640 4744 4745 
9378 4640 4745 4641 
9379 4641 4745 4746 
9380 4641 4746 4642 
9381 4642 4746 4747 
9382 4642 4747 4643 
9383 4643 4747 4748 
9384 4643 4748 4644 
9385 4644 4748 4749 
9386 4644 4749 4645 
9387 4645 4749 4750 
9388 4645 4750 4646 
9389 4646 4750 4751 
9390 4646 4751 4647 
9391 4647 4751 4752 
9392 4647 4752 4648 
9393 4648 4752 4753 
9394 4648 4753 4649 
9395 4649 4753 4754 
9396 4649 4754 4650 
9397 4650 4754 4755 
9398 4650 4755 4651 
9399 4651 4755 4756 
9400 4651 4756 4652 
9401 4652 4756 4757 
9402 4652 4757 4653 
9403 4653 4757 4758 
9404 4653 4758 4654 
9405 4654 4758 4759 
9406 4654 4759 4655 
9407 4655 4759 4760 
9408 4655 4760 4656 
9409 4656 4760 4761 
9410 4656 4761 4657 
9411 4657 4761 4762 
9412 4657 4762 4658 
9413 4658 4762 4763 
9414 4658 4763 4659 
9415 4659 4763 4764 
9416 4659 4764 4660 
9417 4660 4764 4765 
9418 4660 4765 4661 
9419 4661 4765 4766 
9420 4661 4766 4662 
9421 4662 4766 4767 
9422 4662 4767 4663 
9423 4663 4767 4768 
9424 4663 4768 4664 
9425 4664 4768 4769 
9426 4664 4769 4665 
9427 4665 4769 4770 
9428 4665 4770 4666 
9429 4666 4770 4667 
9430 4770 4771 4667 
9431 4667 4771 4668 
9432 4771 4772 4668 
9433 4668 4772 4669 
9434 4772 4773 4669 
9435 4669 4773 4670 
9436 4773 4774 4670 
9437 4670 4774 4671 
9438 4774 4775 4671 
9439 4671 4775 4672 
9440 4775 4776 4672 
9441 4672 4776 4673 
9442 4776 4777 4673 
9443 4673 4777 4674 
9444 4777 4778 4674 
9445 4674 4778 4675 
9446 4778 4779 4675 
9447 4675 4779 4676 
9448 4779 4780 4676 
9449 4676 4780 4677 
9450 4780 4781 4677 
9451 4677 4781 4678 
9452 4781 4782 4678 
9453 4678 4782 4679 
9454 4782 4783 4679 
9455 4679 4783 4680 
9456 4783 4784 4680 
9457 4680 4784 4681 
9458 4784 4785 4681 
9459 4681 4785 4682 
9460 4785 4786 4682 
9461 4682 4786 4683 
9462 4786 4787 4683 
9463 4683 4787 4684 
9464 4787 4788 4684 
9465 4684 4788 4685 
9466 4788 4789 4685 
9467 4685 4789 4686 
9468 4789 4790 4686 
9469 4686 4790 4687 
9470 4790 4791 4687 
9471 4687 4791 4688 
9472 4791 4792 4688 
9473 4688 4792 4689 
9474 4792 4793 4689 
9475 4689 4793 4690 
9476 4793 4794 4690 
9477 4690 4794 4691 
9478 4794 4795 4691 
9479 4691 4795 4692 
9480 4795 4796 4692 
9481 4692 4796 4797 
9482 4692 4797 4693 
9483 4693 4797 4798 
9484 4693 4798 4694 
9485 4694 4798 4799 
9486 4694 4799 4695 
9487 4695 4799 4800 
9488 4695 4800 4696 
9489 4696 4800 4801 
9490 4696 4801 4697 
9491 4697 4801 4802 
9492 4697 4802 4698 
9493 4698 4802 4803 
9494 4698 4803 4699 
9495 4699 4803 4804 
9496 4699 4804 4700 
9497 4700 4804 4805 
9498 4700 4805 4701 
9499 4701 4805 4806 
9500 4701 4806 4702 
9501 4702 4806 4807 
9502 4702 4807 4703 
9503 4703 4807 4808 
9504 4703 4808 4704 
9505 4704 4808 4809 
9506 4704 4809 4705 
9507 4705 4809 4810 
9508 4705 4810 4706 
9509 4706 4810 4811 
9510 4706 4811 4707 
9511 4707 4811 4812 
9512 4707 4812 4708 
9513 4708 4812 4813 
9514 4708 4813 4709 
9515 4709 4813 4814 
9516 4709 4814 4710 
9517 4710 4814 4815 
9518 4710 4815 4711 
9519 4711 4815 4816 
9520 4711 4816 4712 
9521 4712 4816 4817 
9522 4712 4817 4713 
9523 4713 4817 4818 
9524 4713 4818 4714 
9525 4714 4818 4819 
9526 4714 4819 4715 
9527 4715 4819 4820 
9528 4715 4820 4716 
9529 4716 4820 4821 
9530 4716 4821 4717 
9531 4717 4821 4718 
9532 4717 4718 4614 
9533 4718 4822 4719 
9534 4822 4823 4719 
9535 4719 4823 4720 
9536 4823 4824 4720 
9537 4720 4824 4721 
9538 4824 4825 4721 
9539 4721 4825 4722 
9540 4825 4826 4722 
9541 4722 4826 4723 
9542 4826 4827 4723 
9543 4723 4827 4724 
9544 4827 4828 4724 
9545 4724 4828 4725 
9546 4828 4829 4725 
9547 4725 4829 4726 
9548 4829 4830 4726 
9549 4726 4830 4727 
9550 4830 4831 4727 
9551 4727 4831 4728 
9552 4831 4832 4728 
9553 4728 4832 4729 
9554 4832 4833 4729 
9555 4729 4833 4730 
9556 4833 4834 4730 
9557 4730 4834 4731 
9558 4834 4835 4731 
9559 4731 4835 4732 
9560 4835 4836 4732 
9561 4732 4836 4733 
9562 4836 4837 4733 
9563 4733 4837 4734 
9564 4837 4838 4734 
9565 4734 4838 4735 
9566 4838 4839 4735 
9567 4735 4839 4736 
9568 4839 4840 4736 
9569 4736 4840 4737 
9570 4840 4841 4737 
9571 4737 4841 4738 
9572 4841 4842 4738 
9573 4738 4842 4739 
9574 4842 4843 4739 
9575 4739 4843 4740 
9576 4843 4844 4740 
9577 4740 4844 4741 
9578 4844 4845 4741 
9579 4741 4845 4742 
9580 4845 4846 4742 
9581 4742 4846 4743 
9582 4846 4847 4743 
9583 4743 4847 4744 
9584 4847 4848 4744 
9585 4744 4848 4849 
9586 4744 4849 4745 
9587 4745 4849 4850 
9588 4745 4850 4746 
9589 4746 4850 4851 
9590 4746 4851 4747 
9591 4747 4851 4852 
9592 4747 4852 4748 
9593 4748 4852 4853 
9594 4748 4853 4749 
9595 4749 4853 4854 
9596 4749 4854 4750 
9597 4750 4854 4855 
9598 4750 4855 4751 
9599 4751 4855 4856 
9600 4751 4856 4752 
9601 4752 4856 4857 
9602 4752 4857 4753 
9603 4753 4857 4858 
9604 4753 4858 4754 
9605 4754 4858 4859 
9606 4754 4859 4755 
9607 4755 4859 4860 
9608 4755 4860 4756 
9609 4756 4860 4861 
9610 4756 4861 4757 
9611 4757 4861 4862 
9612 4757 4862 4758 
9613 4758 4862 4863 
9614 4758 4863 4759 
9615 4759 4863 4864 
9616 4759 4864 4760 
9617 4760 4864 4865 
9618 4760 4865 4761 
9619 4761 4865 4866 
9620 4761 4866 4762 
9621 4762 4866 4867 
9622 4762 4867 4763 
9623 4763 4867 4868 
9624 4763 4868 4764 
9625 4764 4868 4869 
9626 4764 4869 4765 
9627 4765 4869 4870 
9628 4765 4870 4766 
9629 4766 4870 4871 
9630 4766 4871 4767 
9631 4767 4871 4872 
9632 4767 4872 4768 
9633 4768 4872 4873 
9634 4768 4873 4769 
9635 4769 4873 4874 
9636 4769 4874 4770 
9637 4770 4874 4771 
9638 4874 4875 4771 
9639 4771 4875 4772 
9640 4875 4876 4772 
9641 4772 4876 4773 
9642 4876 4877 4773 
9643 4773 4877 4774 
9644 4877 4878 4774 
9645 4774 4878 4775 
9646 4878 4879 4775 
9647 4775 4879 4776 
9648 4879 4880 4776 
9649 4776 4880 4777 
9650 4880 4881 4777 
9651 4777 4881 4778 
9652 4881 4882 4778 
9653 4778 4882 4779 
9654 4882 4883 4779 
9655 4779 4883 4780 
9656 4883 4884 4780 
9657 4780 4884 4781 
9658 4884 4885 4781 
9659 4781 4885 4782 
9660 4885 4886 4782 
9661 4782 4886 4783 
9662 4886 4887 4783 
9663 4783 4887 4784 
9664 4887 4888 4784 
9665 4784 4888 4785 
9666 4888 4889 4785 
9667 4785 4889 4786 
9668 4889 4890 4786 
9669 4786 4890 4787 
9670 4890 4891 4787 
9671 4787 4891 4788 
9672 4891 4892 4788 
9673 4788 4892 4789 
9674 4892 4893 4789 
9675 4789 4893 4790 
9676 4893 4894 4790 
9677 4790 4894 4791 
9678 4894 4895 4791 
9679 4791 4895 4792 
9680 4895 4896 4792 
9681 4792 4896 4793 
9682 4896 4897 4793 
9683 4793 4897 4794 
9684 4897 4898 4794 
9685 4794 4898 4795 
9686 4898 4899 4795 
9687 4795 4899 4796 
9688 4899 4900 4796 
9689 4796 4900 4901 
9690 4796 4901 4797 
9691 4797 4901 4902 
9692 4797 4902 4798 
9693 4798 4902 4903 
9694 4798 4903 4799 
9695 4799 4903 4904 
9696 4799 4904 4800 
9697 4800 4904 4905 
9698 4800 4905 4801 
9699 4801 4905 4906 
9700 4801 4906 4802 
9701 4802 4906 4907 
9702 4802 4907 4803 
9703 4803 4907 4908 
9704 4803 4908 4804 
9705 4804 4908 4909 
9706 4804 4909 4805 
9707 4805 4909 4910 
9708 4805 4910 4806 
9709 4806 4910 4911 
9710 4806 4911 4807 
9711 4807 4911 4912 
9712 4807 4912 4808 
9713 4808 4912 4913 
9714 4808 4913 4809 
9715 4809 4913 4914 
9716 4809 4914 4810 
9717 4810 4914 4915 
9718 4810 4915 4811 
9719 4811 4915 4916 
9720 4811 4916 4812 
9721 4812 4916 4917 
9722 4812 4917 4813 
9723 4813 4917 4918 
9724 4813 4918 4814 
9725 4814 4918 4919 
9726 4814 4919 4815 
9727 4815 4919 4920 
9728 4815 4920 4816 
9729 4816 4920 4921 
9730 4816 4921 4817 
9731 4817 4921 4922 
9732 4817 4922 4818 
9733 4818 4922 4923 
9734 4818 4923 4819 
9735 4819 4923 4924 
9736 4819 4924 4820 
9737 4820 4924 4925 
9738 4820 4925 4821 
9739 4821 4925 4822 
9740 4821 4822 4718 
9741 4822 4926 4823 
9742 4926 4927 4823 
9743 4823 4927 4824 
9744 4927 4928 4824 
9745 4824 4928 4825 
9746 4928 4929 4825 
9747 4825 4929 4826 
9748 4929 4930 4826 
9749 4826 4930 4827 
9750 4930 4931 4827 
9751 4827 4931 4828 
9752 4931 4932 4828 
9753 4828 4932 4829 
9754 4932 4933 4829 
9755 4829 4933 4830 
9756 4933 4934 4830 
9757 4830 4934 4831 
9758 4934 4935 4831 
9759 4831 4935 4832 
9760 4935 4936 4832 
9761 4832 4936 4833 
9762 4936 4937 4833 
9763 4833 4937 4834 
9764 4937 4938 4834 
9765 4834 4938 4835 
9766 4938 4939 4835 
9767 4835 4939 4836 
9768 4939 4940 4836 
9769 4836 4940 4837 
9770 4940 4941 4837 
9771 4837 4941 4838 
9772 4941 4942 4838 
9773 4838 4942 4839 
9774 4942 4943 4839 
9775 4839 4943 4840 
9776 4943 4944 4840 
9777 4840 4944 4841 
9778 4944 4945 4841 
9779 4841 4945 4842 
9780 4945 4946 4842 
9781 4842 4946 4843 
9782 4946 4947 4843 
9783 4843 4947 4844 
9784 4947 4948 4844 
9785 4844 4948 4845 
9786 4948 4949 4845 
9787 4845 4949 4846 
9788 4949 4950 4846 
9789 4846 4950 4847 
9790 4950 4951 4847 
9791 4847 4951 4848 
9792 4951 4952 4848 
9793 4848 4952 4953 
9794 4848 4953 4849 
9795 4849 4953 4954 
9796 4849 4954 4850 
9797 4850 4954 4955 
9798 4850 4955 4851 
9799 4851 4955 4956 
9800 4851 4956 4852 
9801 4852 4956 4957 
9802 4852 4957 4853 
9803 4853 4957 4958 
9804 4853 4958 4854 
9805 4854 4958 4959 
9806 4854 4959 4855 
9807 4855 4959 4960 
9808 4855 4960 4856 
9809 4856 4960 4961 
9810 4856 4961 4857 
9811 4857 4961 4962 
9812 4857 4962 4858 
9813 4858 4962 4963 
9814 4858 4963 4859 
9815 4859 4963 4964 
9816 4859 4964 4860 
9817 4860 4964 4965 
9818 4860 4965 4861 
9819 4861 4965 4966 
9820 4861 4966 4862 
9821 4862 4966 4967 
9822 4862 4967 4863 
9823 4863 4967 4968 
9824 4863 4968 4864 
9825 4864 4968 4969 
9826 4864 4969 4865 
9827 4865 4969 4970 
9828 4865 4970 4866 
9829 4866 4970 4971 
9830 4866 4971 4867 
9831 4867 4971 4972 
9832 4867 4972 4868 
9833 4868 4972 4973 
9834 4868 4973 4869 
9835 4869 4973 4974 
9836 4869 4974 4870 
9837 4870 4974 4975 
9838 4870 4975 4871 
9839 4871 4975 4976 
9840 4871 4976 4872 
9841 4872 4976 4977 
9842 4872 4977 4873 
9843 4873 4977 4978 
9844 4873 4978 4874 
9845 4874 4978 4875 
9846 4978 4979 4875 
9847 4875 4979 4876 
9848 4979 4980 4876 
9849 4876 4980 4877 
9850 4980 4981 4877 
9851 4877 4981 4878 
9852 4981 4982 4878 
9853 4878 4982 4879 
9854 4982 4983 4879 
9855 4879 4983 4880 
9856 4983 4984 4880 
9857 4880 4984 4881 
9858 4984 4985 4881 
9859 4881 4985 4882 
9860 4985 4986 4882 
9861 4882 4986 4883 
9862 4986 4987 4883 
9863 4883 4987 4884 
9864 4987 4988 4884 
9865 4884 4988 4885 
9866 4988 4989 4885 
9867 4885 4989 4886 
9868 4989 4990 4886 
9869 4886 4990 4887 
9870 4990 4991 4887 
9871 4887 4991 4888 
9872 4991 4992 4888 
9873 4888 4992 4889 
9874 4992 4993 4889 
9875 4889 4993 4890 
9876 4993 4994 4890 
9877 4890 4994 4891 
9878 4994 4995 4891 
9879 4891 4995 4892 
9880 4995 4996 4892 
9881 4892 4996 4893 
9882 4996 4997 4893 
9883 4893 4997 4894 
9884 4997 4998 4894 
9885 4894 4998 4895 
9886 4998 4999 4895 
9887 4895 4999 4896 
9888 4999 5000 4896 
9889 4896 5000 4897 
9890 5000 5001 4897 
9891 4897 5001 4898 
9892 5001 5002 4898 
9893 4898 5002 4899 
9894 5002 5003 4899 
9895 4899 5003 4900 
9896 5003 5004 4900 
9897 4900 5004 5005 
9898 4900 5005 4901 
9899 4901 5005 5006 
9900 4901 5006 4902 
9901 4902 5006 5007 
9902 4902 5007 4903 
9903 4903 5007 5008 
9904 4903 5008 4904 
9905 4904 5008 5009 
9906 4904 5009 4905 
9907 4905 5009 5010 
9908 4905 5010 4906 
9909 4906 5010 5011 
9910 4906 5011 4907 
9911 4907 5011 5012 
9912 4907 5012 4908 
9913 4908 5012 5013 
9914 4908 5013 4909 
9915 4909 5013 5014 
9916 4909 5014 4910 
9917 4910 5014 5015 
9918 4910 5015 4911 
9919 4911 5015 5016 
9920 4911 5016 4912 
9921 4912 5016 5017 
9922 4912 5017 4913 
9923 4913 5017 5018 
9924 4913 5018 4914 
9925 4914 5018 5019 
9926 4914 5019 4915 
9927 4915 5019 5020 
9928 4915 5020 4916 
9929 4916 5020 5021 
9930 4916 5021 4917 
9931 4917 5021 5022 
9932 4917 5022 4918 
9933 4918 5022 5023 
9934 4918 5023 4919 
9935 4919 5023 5024 
9936 4919 5024 4920 
9937 4920 5024 5025 
9938 4920 5025 4921 
9939 4921 5025 5026 
9940 4921 5026 4922 
9941 4922 5026 5027 
9942 4922 5027 4923 
9943 4923 5027 5028 
9944 4923 5028 4924 
9945 4924 5028 5029 
9946 4924 5029 4925 
9947 4925 5029 4926 
9948 4925 4926 4822 
9949 4926 5030 4927 
9950 5030 5031 4927 
9951 4927 5031 4928 
9952 5031 5032 4928 
9953 4928 5032 4929 
9954 5032 5033 4929 
9955 4929 5033 4930 
9956 5033 5034 4930 
9957 4930 5034 4931 
9958 5034 5035 4931 
9959 4931 5035 4932 
9960 5035 5036 4932 
9961 4932 5036 4933 
9962 5036 5037 4933 
9963 4933 5037 4934 
9964 5037 5038 4934 
9965 4934 5038 4935 
9966 5038 5039 4935 
9967 4935 5039 4936 
9968 5039 5040 4936 
9969 4936 5040 4937 
9970 5040 5041 4937 
9971 4937 5041 4938 
9972 5041 5042 4938 
9973 4938 5042 4939 
9974 5042 5043 4939 
9975 4939 5043 4940 
9976 5043 5044 4940 
9977 4940 5044 4941 
9978 5044 5045 4941 
9979 4941 5045 4942 
9980 5045 5046 4942 
9981 4942 5046 4943 
9982 5046 5047 4943 
9983 4943 5047 4944 
9984 5047 5048 4944 
9985 4944 5048 4945 
9986 5048 5049 4945 
9987 4945 5049 4946 
9988 5049 5050 4946 
9989 4946 5050 4947 
9990 5050 5051 4947 
9991 4947 5051 4948 
9992 5051 5052 4948 
9993 4948 5052 4949 
9994 5052 5053 4949 
9995 4949 5053 4950 
9996 5053 5054 4950 
9997 4950 5054 4951 
9998 5054 5055 4951 
9999 4951 5055 4952 
10000 5055 5056 4952 
10001 4952 5056 5057 
10002 4952 5057 4953 
10003 4953 5057 5058 
10004 4953 5058 4954 
10005 4954 5058 5059 
10006 4954 5059 4955 
10007 4955 5059 5060 
10008 4955 5060 4956 
10009 4956 5060 5061 
10010 4956 5061 4957 
10011 4957 5061 5062 
10012 4957 5062 4958 
10013 4958 5062 5063 
10014 4958 5063 4959 
10015 4959 5063 5064 
10016 4959 5064 4960 
10017 4960 5064 5065 
10018 4960 5065 4961 
10019 4961 5065 5066 
10020 4961 5066 4962 
10021 4962 5066 5067 
10022 4962 5067 4963 
10023 4963 5067 5068 
10024 4963 5068 4964 
10025 4964 5068 5069 
10026 4964 5069 4965 
10027 4965 5069 5070 
10028 4965 5070 4966 
10029 4966 5070 5071 
10030 4966 5071 4967 
10031 4967 5071 5072 
10032 4967 5072 4968 
10033 4968 5072 5073 
10034 4968 5073 4969 
10035 4969 5073 5074 
10036 4969 5074 4970 
10037 4970 5074 5075 
10038 4970 5075 4971 
10039 4971 5075 5076 
10040 4971 5076 4972 
10041 4972 5076 5077 
10042 4972 5077 4973 
10043 4973 5077 5078 
10044 4973 5078 4974 
10045 4974 5078 5079 
10046 4974 5079 4975 
10047 4975 5079 5080 
10048 4975 5080 4976 
10049 4976 5080 5081 
10050 4976 5081 4977 
10051 4977 5081 5082 
10052 4977 5082 4978 
10053 4978 5082 4979 
10054 5082 5083 4979 
10055 4979 5083 4980 
10056 5083 5084 4980 
10057 4980 5084 4981 
10058 5084 5085 4981 
10059 4981 5085 4982 
10060 5085 5086 4982 
10061 4982 5086 4983 
10062 5086 5087 4983 
10063 4983 5087 4984 
10064 5087 5088 4984 
10065 4984 5088 4985 
10066 5088 5089 4985 
10067 4985 5089 4986 
10068 5089 5090 4986 
10069 4986 5090 4987 
10070 5090 5091 4987 
10071 4987 5091 4988 
10072 5091 5092 4988 
10073 4988 5092 4989 
10074 5092 5093 4989 
10075 4989 5093 4990 
10076 5093 5094 4990 
10077 4990 5094 4991 
10078 5094 5095 4991 
10079 4991 5095 4992 
10080 5095 5096 4992 
10081 4992 5096 4993 
10082 5096 5097 4993 
10083 4993 5097 4994 
10084 5097 5098 4994 
10085 4994 5098 4995 
10086 5098 5099 4995 
10087 4995 5099 4996 
10088 5099 5100 4996 
10089 4996 5100 4997 
10090 5100 5101 4997 
10091 4997 5101 4998 
10092 5101 5102 4998 
10093 4998 5102 4999 
10094 5102 5103 4999 
10095 4999 5103 5000 
10096 5103 5104 5000 
10097 5000 5104 5001 
10098 5104 5105 5001 
10099 5001 5105 5002 
10100 5105 5106 5002 
10101 5002 5106 5003 
10102 5106 5107 5003 
10103 5003 5107 5004 
10104 5107 5108 5004 
10105 5004 5108 5109 
10106 5004 5109 5005 
10107 5005 5109 5110 
10108 5005 5110 5006 
10109 5006 5110 5111 
10110 5006 5111 5007 
10111 5007 5111 5112 
10112 5007 5112 5008 
10113 5008 5112 5113 
10114 5008 5113 5009 
10115 5009 5113 5114 
10116 5009 5114 5010 
10117 5010 5114 5115 
10118 5010 5115 5011 
10119 5011 5115 5116 
10120 5011 5116 5012 
10121 5012 5116 5117 
10122 5012 5117 5013 
10123 5013 5117 5118 
10124 5013 5118 5014 
10125 5014 5118 5119 
10126 5014 5119 5015 
10127 5015 5119 5120 
10128 5015 5120 5016 
10129 5016 5120 5121 
10130 5016 5121 5017 
10131 5017 5121 5122 
10132 5017 5122 5018 
10133 5018 5122 5123 
10134 5018 5123 5019 
10135 5019 5123 5124 
10136 5019 5124 5020 
10137 5020 5124 5125 
10138 5020 5125 5021 
10139 5021 5125 5126 
10140 5021 5126 5022 
10141 5022 5126 5127 
10142 5022 5127 5023 
10143 5023 5127 5128 
10144 5023 5128 5024 
10145 5024 5128 5129 
10146 5024 5129 5025 
10147 5025 5129 5130 
10148 5025 5130 5026 
10149 5026 5130 5131 
10150 5026 5131 5027 
10151 5027 5131 5132 
10152 5027 5132 5028 
10153 5028 5132 5133 
10154 5028 5133 5029 
10155 5029 5133 5030 
10156 5029 5030 4926 
10157 5030 5134 5031 
10158 5134 5135 5031 
10159 5031 5135 5032 
10160 5135 5136 5032 
10161 5032 5136 5033 
10162 5136 5137 5033 
10163 5033 5137 5034 
10164 5137 5138 5034 
10165 5034 5138 5035 
10166 5138 5139 5035 
10167 5035 5139 5036 
10168 5139 5140 5036 
10169 5036 5140 5037 
10170 5140 5141 5037 
10171 5037 5141 5038 
10172 5141 5142 5038 
10173 5038 5142 5039 
10174 5142 5143 5039 
10175 5039 5143 5040 
10176 5143 5144 5040 
10177 5040 5144 5041 
10178 5144 5145 5041 
10179 5041 5145 5042 
10180 5145 5146 5042 
10181 5042 5146 5043 
10182 5146 5147 5043 
10183 5043 5147 5044 
10184 5147 5148 5044 
10185 5044 5148 5045 
10186 5148 5149 5045 
10187 5045 5149 5046 
10188 5149 5150 5046 
10189 5046 5150 5047 
10190 5150 5151 5047 
10191 5047 5151 5048 
10192 5151 5152 5048 
10193 5048 5152 5049 
10194 5152 5153 5049 
10195 5049 5153 5050 
10196 5153 5154 5050 
10197 5050 5154 5051 
10198 5154 5155 5051 
10199 5051 5155 5052 
10200 5155 5156 5052 
10201 5052 5156 5053 
10202 5156 5157 5053 
10203 5053 5157 5054 
10204 5157 5158 5054 
10205 5054 5158 5055 
10206 5158 5159 5055 
10207 5055 5159 5056 
10208 5159 5160 5056 
10209 5056 5160 5161 
10210 5056 5161 5057 
10211 5057 5161 5162 
10212 5057 5162 5058 
10213 5058 5162 5163 
10214 5058 5163 5059 
10215 5059 5163 5164 
10216 5059 5164 5060 
10217 5060 5164 5165 
10218 5060 5165 5061 
10219 5061 5165 5166 
10220 5061 5166 5062 
10221 5062 5166 5167 
10222 5062 5167 5063 
10223 5063 5167 5168 
10224 5063 5168 5064 
10225 5064 5168 5169 
10226 5064 5169 5065 
10227 5065 5169 5170 
10228 5065 5170 5066 
10229 5066 5170 5171 
10230 5066 5171 5067 
10231 5067 5171 5172 
10232 5067 5172 5068 
10233 5068 5172 5173 
10234 5068 5173 5069 
10235 5069 5173 5174 
10236 5069 5174 5070 
10237 5070 5174 5175 
10238 5070 5175 5071 
10239 5071 5175 5176 
10240 5071 5176 5072 
10241 5072 5176 5177 
10242 5072 5177 5073 
10243 5073 5177 5178 
10244 5073 5178 5074 
10245 5074 5178 5179 
10246 5074 5179 5075 
10247 5075 5179 5180 
10248 5075 5180 5076 
10249 5076 5180 5181 
10250 5076 5181 5077 
10251 5077 5181 5182 
10252 5077 5182 5078 
10253 5078 5182 5183 
10254 5078 5183 5079 
10255 5079 5183 5184 
10256 5079 5184 5080 
10257 5080 5184 5185 
10258 5080 5185 5081 
10259 5081 5185 5186 
10260 5081 5186 5082 
10261 5082 5186 5083 
10262 5186 5187 5083 
10263 5083 5187 5084 
10264 5187 5188 5084 
10265 5084 5188 5085 
10266 5188 5189 5085 
10267 5085 5189 5086 
10268 5189 5190 5086 
10269 5086 5190 5087 
10270 5190 5191 5087 
10271 5087 5191 5088 
10272 5191 5192 5088 
10273 5088 5192 5089 
10274 5192 5193 5089 
10275 5089 5193 5090 
10276 5193 5194 5090 
10277 5090 5194 5091 
10278 5194 5195 5091 
10279 5091 5195 5092 
10280 5195 5196 5092 
10281 5092 5196 5093 
10282 5196 5197 5093 
10283 5093 5197 5094 
10284 5197 5198 5094 
10285 5094 5198 5095 
10286 5198 5199 5095 
10287 5095 5199 5096 
10288 5199 5200 5096 
10289 5096 5200 5097 
10290 5200 5201 5097 
10291 5097 5201 5098 
10292 5201 5202 5098 
10293 5098 5202 5099 
10294 5202 5203 5099 
10295 5099 5203 5100 
10296 5203 5204 5100 
10297 5100 5204 5101 
10298 5204 5205 5101 
10299 5101 5205 5102 
10300 5205 5206 5102 
10301 5102 5206 5103 
10302 5206 5207 5103 
10303 5103 5207 5104 
10304 5207 5208 5104 
10305 5104 5208 5105 
10306 5208 5209 5105 
10307 5105 5209 5106 
10308 5209 5210 5106 
10309 5106 5210 5107 
10310 5210 5211 5107 
10311 5107 5211 5108 
10312 5211 5212 5108 
10313 5108 5212 5213 
10314 5108 5213 5109 
10315 5109 5213 5214 
10316 5109 5214 5110 
10317 5110 5214 5215 
10318 5110 5215 5111 
10319 5111 5215 5216 
10320 5111 5216 5112 
10321 5112 5216 5217 
10322 5112 5217 5113 
10323 5113 5217 5218 
10324 5113 5218 5114 
10325 5114 5218 5219 
10326 5114 5219 5115 
10327 5115 5219 5220 
10328 5115 5220 5116 
10329 5116 5220 5221 
10330 5116 5221 5117 
10331 5117 5221 5222 
10332 5117 5222 5118 
10333 5118 5222 5223 
10334 5118 5223 5119 
10335 5119 5223 5224 
10336 5119 5224 5120 
10337 5120 5224 5225 
10338 5120 5225 5121 
10339 5121 5225 5226 
10340 5121 5226 5122 
10341 5122 5226 5227 
10342 5122 5227 5123 
10343 5123 5227 5228 
10344 5123 5228 5124 
10345 5124 5228 5229 
10346 5124 5229 5125 
10347 5125 5229 5230 
10348 5125 5230 5126 
10349 5126 5230 5231 
10350 5126 5231 5127 
10351 5127 5231 5232 
10352 5127 5232 5128 
10353 5128 5232 5233 
10354 5128 5233 5129 
10355 5129 5233 5234 
10356 5129 5234 5130 
10357 5130 5234 5235 
10358 5130 5235 5131 
10359 5131 5235 5236 
10360 5131 5236 5132 
10361 5132 5236 5237 
10362 5132 5237 5133 
10363 5133 5237 5134 
10364 5133 5134 5030 
10365 5134 5238 5135 
10366 5238 5239 5135 
10367 5135 5239 5136 
10368 5239 5240 5136 
10369 5136 5240 5137 
10370 5240 5241 5137 
10371 5137 5241 5138 
10372 5241 5242 5138 
10373 5138 5242 5139 
10374 5242 5243 5139 
10375 5139 5243 5140 
10376 5243 5244 5140 
10377 5140 5244 5141 
10378 5244 5245 5141 
10379 5141 5245 5142 
10380 5245 5246 5142 
10381 5142 5246 5143 
10382 5246 5247 5143 
10383 5143 5247 5144 
10384 5247 5248 5144 
10385 5144 5248 5145 
10386 5248 5249 5145 
10387 5145 5249 5146 
10388 5249 5250 5146 
10389 5146 5250 5147 
10390 5250 5251 5147 
10391 5147 5251 5148 
10392 5251 5252 5148 
10393 5148 5252 5149 
10394 5252 5253 5149 
10395 5149 5253 5150 
10396 5253 5254 5150 
10397 5150 5254 5151 
10398 5254 5255 5151 
10399 5151 5255 5152 
10400 5255 5256 5152 
10401 5152 5256 5153 
10402 5256 5257 5153 
10403 5153 5257 5154 
10404 5257 5258 5154 
10405 5154 5258 5155 
10406 5258 5259 5155 
10407 5155 5259 5156 
10408 5259 5260 5156 
10409 5156 5260 5157 
10410 5260 5261 5157 
10411 5157 5261 5158 
10412 5261 5262 5158 
10413 5158 5262 5159 
10414 5262 5263 5159 
10415 5159 5263 5160 
10416 5263 5264 5160 
10417 5160 5264 5265 
10418 5160 5265 5161 
10419 5161 5265 5266 
10420 5161 5266 5162 
10421 5162 5266 5267 
10422 5162 5267 5163 
10423 5163 5267 5268 
10424 5163 5268 5164 
10425 5164 5268 5269 
10426 5164 5269 5165 
10427 5165 5269 5270 
10428 5165 5270 5166 
10429 5166 5270 5271 
10430 5166 5271 5167 
10431 5167 5271 5272 
10432 5167 5272 5168 
10433 5168 5272 5273 
10434 5168 5273 5169 
10435 5169 5273 5274 
10436 5169 5274 5170 
10437 5170 5274 5275 
10438 5170 5275 5171 
10439 5171 5275 5276 
10440 5171 5276 5172 
10441 5172 5276 5277 
10442 5172 5277 5173 
10443 5173 5277 5278 
10444 5173 5278 5174 
10445 5174 5278 5279 
10446 5174 5279 5175 
10447 5175 5279 5280 
10448 5175 5280 5176 
10449 5176 5280 5281 
10450 5176 5281 5177 
10451 5177 5281 5282 
10452 5177 5282 5178 
10453 5178 5282 5283 
10454 5178 5283 5179 
10455 5179 5283 5284 
10456 5179 5284 5180 
10457 5180 5284 5285 
10458 5180 5285 5181 
10459 5181 5285 5286 
10460 5181 5286 5182 
10461 5182 5286 5287 
10462 5182 5287 5183 
10463 5183 5287 5288 
10464 5183 5288 5184 
10465 5184 5288 5289 
10466 5184 5289 5185 
10467 5185 5289 5290 
10468 5185 5290 5186 
10469 5186 5290 5187 
10470 5290 5291 5187 
10471 5187 5291 5188 
10472 5291 5292 5188 
10473 5188 5292 5189 
10474 5292 5293 5189 
10475 5189 5293 5190 
10476 5293 5294 5190 
10477 5190 5294 5191 
10478 5294 5295 5191 
10479 5191 5295 5192 
10480 5295 5296 5192 
10481 5192 5296 5193 
10482 5296 5297 5193 
10483 5193 5297 5194 
10484 5297 5298 5194 
10485 5194 5298 5195 
10486 5298 5299 5195 
10487 5195 5299 5196 
10488 5299 5300 5196 
10489 5196 5300 5197 
10490 5300 5301 5197 
10491 5197 5301 5198 
10492 5301 5302 5198 
10493 5198 5302 5199 
10494 5302 5303 5199 
10495 5199 5303 5200 
10496 5303 5304 5200 
10497 5200 5304 5201 
10498 5304 5305 5201 
10499 5201 5305 5202 
10500 5305 5306 5202 
10501 5202 5306 5203 
10502 5306 5307 5203 
10503 5203 5307 5204 
10504 5307 5308 5204 
10505 5204 5308 5205 
10506 5308 5309 5205 
10507 5205 5309 5206 
10508 5309 5310 5206 
10509 5206 5310 5207 
10510 5310 5311 5207 
10511 5207 5311 5208 
10512 5311 5312 5208 
10513 5208 5312 5209 
10514 5312 5313 5209 
10515 5209 5313 5210 
10516 5313 5314 5210 
10517 5210 5314 5211 
10518 5314 5315 5211 
10519 5211 5315 5212 
10520 5315 5316 5212 
10521 5212 5316 5317 
10522 5212 5317 5213 
10523 5213 5317 5318 
10524 5213 5318 5214 
10525 5214 5318 5319 
10526 5214 5319 5215 
10527 5215 5319 5320 
10528 5215 5320 5216 
10529 5216 5320 5321 
10530 5216 5321 5217 
10531 5217 5321 5322 
10532 5217 5322 5218 
10533 5218 5322 5323 
10534 5218 5323 5219 
10535 5219 5323 5324 
10536 5219 5324 5220 
10537 5220 5324 5325 
10538 5220 5325 5221 
10539 5221 5325 5326 
10540 5221 5326 5222 
10541 5222 5326 5327 
10542 5222 5327 5223 
10543 5223 5327 5328 
10544 5223 5328 5224 
10545 5224 5328 5329 
10546 5224 5329 5225 
10547 5225 5329 5330 
10548 5225 5330 5226 
10549 5226 5330 5331 
10550 5226 5331 5227 
10551 5227 5331 5332 
10552 5227 5332 5228 
10553 5228 5332 5333 
10554 5228 5333 5229 
10555 5229 5333 5334 
10556 5229 5334 5230 
10557 5230 5334 5335 
10558 5230 5335 5231 
10559 5231 5335 5336 
10560 5231 5336 5232 
10561 5232 5336 5337 
10562 5232 5337 5233 
10563 5233 5337 5338 
10564 5233 5338 5234 
10565 5234 5338 5339 
10566 5234 5339 5235 
10567 5235 5339 5340 
10568 5235 5340 5236 
10569 5236 5340 5341 
10570 5236 5341 5237 
10571 5237 5341 5238 
10572 5237 5238 5134 
10573 5238 5342 5239 
10574 5342 5343 5239 
10575 5239 5343 5240 
10576 5343 5344 5240 
10577 5240 5344 5241 
10578 5344 5345 5241 
10579 5241 5345 5242 
10580 5345 5346 5242 
10581 5242 5346 5243 
10582 5346 5347 5243 
10583 5243 5347 5244 
10584 5347 5348 5244 
10585 5244 5348 5245 
10586 5348 5349 5245 
10587 5245 5349 5246 
10588 5349 5350 5246 
10589 5246 5350 5247 
10590 5350 5351 5247 
10591 5247 5351 5248 
10592 5351 5352 5248 
10593 5248 5352 5249 
10594 5352 5353 5249 
10595 5249 5353 5250 
10596 5353 5354 5250 
10597 5250 5354 5251 
10598 5354 5355 5251 
10599 5251 5355 5252 
10600 5355 5356 5252 
10601 5252 5356 5253 
10602 5356 5357 5253 
10603 5253 5357 5254 
10604 5357 5358 5254 
10605 5254 5358 5255 
10606 5358 5359 5255 
10607 5255 5359 5256 
10608 5359 5360 5256 
10609 5256 5360 5257 
10610 5360 5361 5257 
10611 5257 5361 5258 
10612 5361 5362 5258 
10613 5258 5362 5259 
10614 5362 5363 5259 
10615 5259 5363 5260 
10616 5363 5364 5260 
10617 5260 5364 5261 
10618 5364 5365 5261 
10619 5261 5365 5262 
10620 5365 5366 5262 
10621 5262 5366 5263 
10622 5366 5367 5263 
10623 5263 5367 5264 
10624 5367 5368 5264 
10625 5264 5368 5369 
10626 5264 5369 5265 
10627 5265 5369 5370 
10628 5265 5370 5266 
10629 5266 5370 5371 
10630 5266 5371 5267 
10631 5267 5371 5372 
10632 5267 5372 5268 
10633 5268 5372 5373 
10634 5268 5373 5269 
10635 5269 5373 5374 
10636 5269 5374 5270 
10637 5270 5374 5375 
10638 5270 5375 5271 
10639 5271 5375 5376 
10640 5271 5376 5272 
10641 5272 5376 5377 
10642 5272 5377 5273 
10643 5273 5377 5378 
10644 5273 5378 5274 
10645 5274 5378 5379 
10646 5274 5379 5275 
10647 5275 5379 5380 
10648 5275 5380 5276 
10649 5276 5380 5381 
10650 5276 5381 5277 
10651 5277 5381 5382 
10652 5277 5382 5278 
10653 5278 5382 5383 
10654 5278 5383 5279 
10655 5279 5383 5384 
10656 5279 5384 5280 
10657 5280 5384 5385 
10658 5280 5385 5281 
10659 5281 5385 5386 
10660 5281 5386 5282 
10661 5282 5386 5387 
10662 5282 5387 5283 
10663 5283 5387 5388 
10664 5283 5388 5284 
10665 5284 5388 5389 
10666 5284 5389 5285 
10667 5285 5389 5390 
10668 5285 5390 5286 
10669 5286 5390 5391 
10670 5286 5391 5287 
10671 5287 5391 5392 
10672 5287 5392 5288 
10673 5288 5392 5393 
10674 5288 5393 5289 
10675 5289 5393 5394 
10676 5289 5394 5290 
10677 5290 5394 5291 
10678 5394 5395 5291 
10679 5291 5395 5292 
10680 5395 5396 5292 
10681 5292 5396 5293 
10682 5396 5397 5293 
10683 5293 5397 5294 
10684 5397 5398 5294 
10685 5294 5398 5295 
10686 5398 5399 5295 
10687 5295 5399 5296 
10688 5399 5400 5296 
10689 5296 5400 5297 
10690 5400 5401 5297 
10691 5297 5401 5298 
10692 5401 5402 5298 
10693 5298 5402 5299 
10694 5402 5403 5299 
10695 5299 5403 5300 
10696 5403 5404 5300 
10697 5300 5404 5301 
10698 5404 5405 5301 
10699 5301 5405 5302 
10700 5405 5406 5302 
10701 5302 5406 5303 
10702 5406 5407 5303 
10703 5303 5407 5304 
10704 5407 5408 5304 
10705 5304 5408 5305 
10706 5408 5409 5305 
10707 5305 5409 5306 
10708 5409 5410 5306 
10709 5306 5410 5307 
10710 5410 5411 5307 
10711 5307 5411 5308 
10712 5411 5412 5308 
10713 5308 5412 5309 
10714 5412 5413 5309 
10715 5309 5413 5310 
10716 5413 5414 5310 
10717 5310 5414 5311 
10718 5414 5415 5311 
10719 5311 5415 5312 
10720 5415 5416 5312 
10721 5312 5416 5313 
10722 5416 5417 5313 
10723 5313 5417 5314 
10724 5417 5418 5314 
10725 5314 5418 5315 
10726 5418 5419 5315 
10727 5315 5419 5316 
10728 5419 5420 5316 
10729 5316 5420 5421 
10730 5316 5421 5317 
10731 5317 5421 5422 
10732 5317 5422 5318 
10733 5318 5422 5423 
10734 5318 5423 5319 
10735 5319 5423 5424 
10736 5319 5424 5320 
10737 5320 5424 5425 
10738 5320 5425 5321 
10739 5321 5425 5426 
10740 5321 5426 5322 
10741 5322 5426 5427 
10742 5322 5427 5323 
10743 5323 5427 5428 
10744 5323 5428 5324 
10745 5324 5428 5429 
10746 5324 5429 5325 
10747 5325 5429 5430 
10748 5325 5430 5326 
10749 5326 5430 5431 
10750 5326 5431 5327 
10751 5327 5431 5432 
10752 5327 5432 5328 
10753 5328 5432 5433 
10754 5328 5433 5329 
10755 5329 5433 5434 
10756 5329 5434 5330 
10757 5330 5434 5435 
10758 5330 5435 5331 
10759 5331 5435 5436 
10760 5331 5436 5332 
10761 5332 5436 5437 
10762 5332 5437 5333 
10763 5333 5437 5438 
10764 5333 5438 5334 
10765 5334 5438 5439 
10766 5334 5439 5335 
10767 5335 5439 5440 
10768 5335 5440 5336 
10769 5336 5440 5441 
10770 5336 5441 5337 
10771 5337 5441 5442 
10772 5337 5442 5338 
10773 5338 5442 5443 
10774 5338 5443 5339 
10775 5339 5443 5444 
10776 5339 5444 5340 
10777 5340 5444 5445 
10778 5340 5445 5341 
10779 5341 5445 5342 
10780 5341 5342 5238 
10781 5342 5446 5343 
10782 5446 5447 5343 
10783 5343 5447 5344 
10784 5447 5448 5344 
10785 5344 5448 5345 
10786 5448 5449 5345 
10787 5345 5449 5346 
10788 5449 5450 5346 
10789 5346 5450 5347 
10790 5450 5451 5347 
10791 5347 5451 5348 
10792 5451 5452 5348 
10793 5348 5452 5349 
10794 5452 5453 5349 
10795 5349 5453 5350 
10796 5453 5454 5350 
10797 5350 5454 5351 
10798 5454 5455 5351 
10799 5351 5455 5352 
10800 5455 5456 5352 
10801 5352 5456 5353 
10802 5456 5457 5353 
10803 5353 5457 5354 
10804 5457 5458 5354 
10805 5354 5458 5355 
10806 5458 5459 5355 
10807 5355 5459 5356 
10808 5459 5460 5356 
10809 5356 5460 5357 
10810 5460 5461 5357 
10811 5357 5461 5358 
10812 5461 5462 5358 
10813 5358 5462 5359 
10814 5462 5463 5359 
10815 5359 5463 5360 
10816 5463 5464 5360 
10817 5360 5464 5361 
10818 5464 5465 5361 
10819 5361 5465 5362 
10820 5465 5466 5362 
10821 5362 5466 5363 
10822 5466 5467 5363 
10823 5363 5467 5364 
10824 5467 5468 5364 
10825 5364 5468 5365 
10826 5468 5469 5365 
10827 5365 5469 5366 
10828 5469 5470 5366 
10829 5366 5470 5367 
10830 5470 5471 5367 
10831 5367 5471 5368 
10832 5471 5472 5368 
10833 5368 5472 5473 
10834 5368 5473 5369 
10835 5369 5473 5474 
10836 5369 5474 5370 
10837 5370 5474 5475 
10838 5370 5475 5371 
10839 5371 5475 5476 
10840 5371 5476 5372 
10841 5372 5476 5477 
10842 5372 5477 5373 
10843 5373 5477 5478 
10844 5373 5478 5374 
10845 5374 5478 5479 
10846 5374 5479 5375 
10847 5375 5479 5480 
10848 5375 5480 5376 
10849 5376 5480 5481 
10850 5376 5481 5377 
10851 5377 5481 5482 
10852 5377 5482 5378 
10853 5378 5482 5483 
10854 5378 5483 5379 
10855 5379 5483 5484 
10856 5379 5484 5380 
10857 5380 5484 5485 
10858 5380 5485 5381 
10859 5381 5485 5486 
10860 5381 5486 5382 
10861 5382 5486 5487 
10862 5382 5487 5383 
10863 5383 5487 5488 
10864 5383 5488 5384 
10865 5384 5488 5489 
10866 5384 5489 5385 
10867 5385 5489 5490 
10868 5385 5490 5386 
10869 5386 5490 5491 
10870 5386 5491 5387 
10871 5387 5491 5492 
10872 5387 5492 5388 
10873 5388 5492 5493 
10874 5388 5493 5389 
10875 5389 5493 5494 
10876 5389 5494 5390 
10877 5390 5494 5495 
10878 5390 5495 5391 
10879 5391 5495 5496 
10880 5391 5496 5392 
10881 5392 5496 5497 
10882 5392 5497 5393 
10883 5393 5497 5498 
10884 5393 5498 5394 
10885 5394 5498 5395 
10886 5498 5499 5395 
10887 5395 5499 5396 
10888 5499 5500 5396 
10889 5396 5500 5397 
10890 5500 5501 5397 
10891 5397 5501 5398 
10892 5501 5502 5398 
10893 5398 5502 5399 
10894 5502 5503 5399 
10895 5399 5503 5400 
10896 5503 5504 5400 
10897 5400 5504 5401 
10898 5504 5505 5401 
10899 5401 5505 5402 
10900 5505 5506 5402 
10901 5402 5506 5403 
10902 5506 5507 5403 
10903 5403 5507 5404 
10904 5507 5508 5404 
10905 5404 5508 5405 
10906 5508 5509 5405 
10907 5405 5509 5406 
10908 5509 5510 5406 
10909 5406 5510 5407 
10910 5510 5511 5407 
10911 5407 5511 5408 
10912 5511 5512 5408 
10913 5408 5512 5409 
10914 5512 5513 5409 
10915 5409 5513 5410 
10916 5513 5514 5410 
10917 5410 5514 5411 
10918 5514 5515 5411 
10919 5411 5515 5412 
10920 5515 5516 5412 
10921 5412 5516 5413 
10922 5516 5517 5413 
10923 5413 5517 5414 
10924 5517 5518 5414 
10925 5414 5518 5415 
10926 5518 5519 5415 
10927 5415 5519 5416 
10928 5519 5520 5416 
10929 5416 5520 5417 
10930 5520 5521 5417 
10931 5417 5521 5418 
10932 5521 5522 5418 
10933 5418 5522 5419 
10934 5522 5523 5419 
10935 5419 5523 5420 
10936 5523 5524 5420 
10937 5420 5524 5525 
10938 5420 5525 5421 
10939 5421 5525 5526 
10940 5421 5526 5422 
10941 5422 5526 5527 
10942 5422 5527 5423 
10943 5423 5527 5528 
10944 5423 5528 5424 
10945 5424 5528 5529 
10946 5424 5529 5425 
10947 5425 5529 5530 
10948 5425 5530 5426 
10949 5426 5530 5531 
10950 5426 5531 5427 
10951 5427 5531 5532 
10952 5427 5532 5428 
10953 5428 5532 5533 
10954 5428 5533 5429 
10955 5429 5533 5534 
10956 5429 5534 5430 
10957 5430 5534 5535 
10958 5430 5535 5431 
10959 5431 5535 5536 
10960 5431 5536 5432 
10961 5432 5536 5537 
10962 5432 5537 5433 
10963 5433 5537 5538 
10964 5433 5538 5434 
10965 5434 5538 5539 
10966 5434 5539 5435 
10967 5435 5539 5540 
10968 5435 5540 5436 
10969 5436 5540 5541 
10970 5436 5541 5437 
10971 5437 5541 5542 
10972 5437 5542 5438 
10973 5438 5542 5543 
10974 5438 5543 5439 
10975 5439 5543 5544 
10976 5439 5544 5440 
10977 5440 5544 5545 
10978 5440 5545 5441 
10979 5441 5545 5546 
10980 5441 5546 5442 
10981 5442 5546 5547 
10982 5442 5547 5443 
10983 5443 5547 5548 
10984 5443 5548 5444 
10985 5444 5548 5549 
10986 5444 5549 5445 
10987 5445 5549 5446 
10988 5445 5446 5342 
10989 5446 5550 5447 
10990 5550 5551 5447 
10991 5447 5551 5448 
10992 5551 5552 5448 
10993 5448 5552 5449 
10994 5552 5553 5449 
10995 5449 5553 5450 
10996 5553 5554 5450 
10997 5450 5554 5451 
10998 5554 5555 5451 
10999 5451 5555 5452 
11000 5555 5556 5452 
11001 5452 5556 5453 
11002 5556 5557 5453 
11003 5453 5557 5454 
11004 5557 5558 5454 
11005 5454 5558 5455 
11006 5558 5559 5455 
11007 5455 5559 5456 
11008 5559 5560 5456 
11009 5456 5560 5457 
11010 5560 5561 5457 
11011 5457 5561 5458 
11012 5561 5562 5458 
11013 5458 5562 5459 
11014 5562 5563 5459 
11015 5459 5563 5460 
11016 5563 5564 5460 
11017 5460 5564 5461 
11018 5564 5565 5461 
11019 5461 5565 5462 
11020 5565 5566 5462 
11021 5462 5566 5463 
11022 5566 5567 5463 
11023 5463 5567 5464 
11024 5567 5568 5464 
11025 5464 5568 5465 
11026 5568 5569 5465 
11027 5465 5569 5466 
11028 5569 5570 5466 
11029 5466 5570 5467 
11030 5570 5571 5467 
11031 5467 5571 5468 
11032 5571 5572 5468 
11033 5468 5572 5469 
11034 5572 5573 5469 
11035 5469 5573 5470 
11036 5573 5574 5470 
11037 5470 5574 5471 
11038 5574 5575 5471 
11039 5471 5575 5472 
11040 5575 5576 5472 
11041 5472 5576 5577 
11042 5472 5577 5473 
11043 5473 5577 5578 
11044 5473 5578 5474 
11045 5474 5578 5579 
11046 5474 5579 5475 
11047 5475 5579 5580 
11048 5475 5580 5476 
11049 5476 5580 5581 
11050 5476 5581 5477 
11051 5477 5581 5582 
11052 5477 5582 5478 
11053 5478 5582 5583 
11054 5478 5583 5479 
11055 5479 5583 5584 
11056 5479 5584 5480 
11057 5480 5584 5585 
11058 5480 5585 5481 
11059 5481 5585 5586 
11060 5481 5586 5482 
11061 5482 5586 5587 
11062 5482 5587 5483 
11063 5483 5587 5588 
11064 5483 5588 5484 
11065 5484 5588 5589 
11066 5484 5589 5485 
11067 5485 5589 5590 
11068 5485 5590 5486 
11069 5486 5590 5591 
11070 5486 5591 5487 
11071 5487 5591 5592 
11072 5487 5592 5488 
11073 5488 5592 5593 
11074 5488 5593 5489 
11075 5489 5593 5594 
11076 5489 5594 5490 
11077 5490 5594 5595 
11078 5490 5595 5491 
11079 5491 5595 5596 
11080 5491 5596 5492 
11081 5492 5596 5597 
11082 5492 5597 5493 
11083 5493 5597 5598 
11084 5493 5598 5494 
11085 5494 5598 5599 
11086 5494 5599 5495 
11087 5495 5599 5600 
11088 5495 5600 5496 
11089 5496 5600 5601 
11090 5496 5601 5497 
11091 5497 5601 5602 
11092 5497 5602 5498 
11093 5498 5602 5499 
11094 5602 5603 5499 
11095 5499 5603 5500 
11096 5603 5604 5500 
11097 5500 5604 5501 
11098 5604 5605 5501 
11099 5501 5605 5502 
11100 5605 5606 5502 
11101 5502 5606 5503 
11102 5606 5607 5503 
11103 5503 5607 5504 
11104 5607 5608 5504 
11105 5504 5608 5505 
11106 5608 5609 5505 
11107 5505 5609 5506 
11108 5609 5610 5506 
11109 5506 5610 5507 
11110 5610 5611 5507 
11111 5507 5611 5508 
11112 5611 5612 5508 
11113 5508 5612 5509 
11114 5612 5613 5509 
11115 5509 5613 5510 
11116 5613 5614 5510 
11117 5510 5614 5511 
11118 5614 5615 5511 
11119 5511 5615 5512 
11120 5615 5616 5512 
11121 5512 5616 5513 
11122 5616 5617 5513 
11123 5513 5617 5514 
11124 5617 5618 5514 
11125 5514 5618 5515 
11126 5618 5619 5515 
11127 5515 5619 5516 
11128 5619 5620 5516 
11129 5516 5620 5517 
11130 5620 5621 5517 
11131 5517 5621 5518 
11132 5621 5622 5518 
11133 5518 5622 5519 
11134 5622 5623 5519 
11135 5519 5623 5520 
11136 5623 5624 5520 
11137 5520 5624 5521 
11138 5624 5625 5521 
11139 5521 5625 5522 
11140 5625 5626 5522 
11141 5522 5626 5523 
11142 5626 5627 5523 
11143 5523 5627 5524 
11144 5627 5628 5524 
11145 5524 5628 5629 
11146 5524 5629 5525 
11147 5525 5629 5630 
11148 5525 5630 5526 
11149 5526 5630 5631 
11150 5526 5631 5527 
11151 5527 5631 5632 
11152 5527 5632 5528 
11153 5528 5632 5633 
11154 5528 5633 5529 
11155 5529 5633 5634 
11156 5529 5634 5530 
11157 5530 5634 5635 
11158 5530 5635 5531 
11159 5531 5635 5636 
11160 5531 5636 5532 
11161 5532 5636 5637 
11162 5532 5637 5533 
11163 5533 5637 5638 
11164 5533 5638 5534 
11165 5534 5638 5639 
11166 5534 5639 5535 
11167 5535 5639 5640 
11168 5535 5640 5536 
11169 5536 5640 5641 
11170 5536 5641 5537 
11171 5537 5641 5642 
11172 5537 5642 5538 
11173 5538 5642 5643 
11174 5538 5643 5539 
11175 5539 5643 5644 
11176 5539 5644 5540 
11177 5540 5644 5645 
11178 5540 5645 5541 
11179 5541 5645 5646 
11180 5541 5646 5542 
11181 5542 5646 5647 
11182 5542 5647 5543 
11183 5543 5647 5648 
11184 5543 5648 5544 
11185 5544 5648 5649 
11186 5544 5649 5545 
11187 5545 5649 5650 
11188 5545 5650 5546 
11189 5546 5650 5651 
11190 5546 5651 5547 
11191 5547 5651 5652 
11192 5547 5652 5548 
11193 5548 5652 5653 
11194 5548 5653 5549 
11195 5549 5653 5550 
11196 5549 5550 5446 
11197 5550 5654 5551 
11198 5654 5655 5551 
11199 5551 5655 5552 
11200 5655 5656 5552 
11201 5552 5656 5553 
11202 5656 5657 5553 
11203 5553 5657 5554 
11204 5657 5658 5554 
11205 5554 5658 5555 
11206 5658 5659 5555 
11207 5555 5659 5556 
11208 5659 5660 5556 
11209 5556 5660 5557 
11210 5660 5661 5557 
11211 5557 5661 5558 
11212 5661 5662 5558 
11213 5558 5662 5559 
11214 5662 5663 5559 
11215 5559 5663 5560 
11216 5663 5664 5560 
11217 5560 5664 5561 
11218 5664 5665 5561 
11219 5561 5665 5562 
11220 5665 5666 5562 
11221 5562 5666 5563 
11222 5666 5667 5563 
11223 5563 5667 5564 
11224 5667 5668 5564 
11225 5564 5668 5565 
11226 5668 5669 5565 
11227 5565 5669 5566 
11228 5669 5670 5566 
11229 5566 5670 5567 
11230 5670 5671 5567 
11231 5567 5671 5568 
11232 5671 5672 5568 
11233 5568 5672 5569 
11234 5672 5673 5569 
11235 5569 5673 5570 
11236 5673 5674 5570 
11237 5570 5674 5571 
11238 5674 5675 5571 
11239 5571 5675 5572 
11240 5675 5676 5572 
11241 5572 5676 5573 
11242 5676 5677 5573 
11243 5573 5677 5574 
11244 5677 5678 5574 
11245 5574 5678 5575 
11246 5678 5679 5575 
11247 5575 5679 5576 
11248 5679 5680 5576 
11249 5576 5680 5681 
11250 5576 5681 5577 
11251 5577 5681 5682 
11252 5577 5682 5578 
11253 5578 5682 5683 
11254 5578 5683 5579 
11255 5579 5683 5684 
11256 5579 5684 5580 
11257 5580 5684 5685 
11258 5580 5685 5581 
11259 5581 5685 5686 
11260 5581 5686 5582 
11261 5582 5686 5687 
11262 5582 5687 5583 
11263 5583 5687 5688 
11264 5583 5688 5584 
11265 5584 5688 5689 
11266 5584 5689 5585 
11267 5585 5689 5690 
11268 5585 5690 5586 
11269 5586 5690 5691 
11270 5586 5691 5587 
11271 5587 5691 5692 
11272 5587 5692 5588 
11273 5588 5692 5693 
11274 5588 5693 5589 
11275 5589 5693 5694 
11276 5589 5694 5590 
11277 5590 5694 5695 
11278 5590 5695 5591 
11279 5591 5695 5696 
11280 5591 5696 5592 
11281 5592 5696 5697 
11282 5592 5697 5593 
11283 5593 5697 5698 
11284 5593 5698 5594 
11285 5594 5698 5699 
11286 5594 5699 5595 
11287 5595 5699 5700 
11288 5595 5700 5596 
11289 5596 5700 5701 
11290 5596 5701 5597 
11291 5597 5701 5702 
11292 5597 5702 5598 
11293 5598 5702 5703 
11294 5598 5703 5599 
11295 5599 5703 5704 
11296 5599 5704 5600 
11297 5600 5704 5705 
11298 5600 5705 5601 
11299 5601 5705 5706 
11300 5601 5706 5602 
11301 5602 5706 5603 
11302 5706 5707 5603 
11303 5603 5707 5604 
11304 5707 5708 5604 
11305 5604 5708 5605 
11306 5708 5709 5605 
11307 5605 5709 5606 
11308 5709 5710 5606 
11309 5606 5710 5607 
11310 5710 5711 5607 
11311 5607 5711 5608 
11312 5711 5712 5608 
11313 5608 5712 5609 
11314 5712 5713 5609 
11315 5609 5713 5610 
11316 5713 5714 5610 
11317 5610 5714 5611 
11318 5714 5715 5611 
11319 5611 5715 5612 
11320 5715 5716 5612 
11321 5612 5716 5613 
11322 5716 5717 5613 
11323 5613 5717 5614 
11324 5717 5718 5614 
11325 5614 5718 5615 
11326 5718 5719 5615 
11327 5615 5719 5616 
11328 5719 5720 5616 
11329 5616 5720 5617 
11330 5720 5721 5617 
11331 5617 5721 5618 
11332 5721 5722 5618 
11333 5618 5722 5619 
11334 5722 5723 5619 
11335 5619 5723 5620 
11336 5723 5724 5620 
11337 5620 5724 5621 
11338 5724 5725 5621 
11339 5621 5725 5622 
11340 5725 5726 5622 
11341 5622 5726 5623 
11342 5726 5727 5623 
11343 5623 5727 5624 
11344 5727 5728 5624 
11345 5624 5728 5625 
11346 5728 5729 5625 
11347 5625 5729 5626 
11348 5729 5730 5626 
11349 5626 5730 5627 
11350 5730 5731 5627 
11351 5627 5731 5628 
11352 5731 5732 5628 
11353 5628 5732 5733 
11354 5628 5733 5629 
11355 5629 5733 5734 
11356 5629 5734 5630 
11357 5630 5734 5735 
11358 5630 5735 5631 
11359 5631 5735 5736 
11360 5631 5736 5632 
11361 5632 5736 5737 
11362 5632 5737 5633 
11363 5633 5737 5738 
11364 5633 5738 5634 
11365 5634 5738 5739 
11366 5634 5739 5635 
11367 5635 5739 5740 
11368 5635 5740 5636 
11369 5636 5740 5741 
11370 5636 5741 5637 
11371 5637 5741 5742 
11372 5637 5742 5638 
11373 5638 5742 5743 
11374 5638 5743 5639 
11375 5639 5743 5744 
11376 5639 5744 5640 
11377 5640 5744 5745 
11378 5640 5745 5641 
11379 5641 5745 5746 
11380 5641 5746 5642 
11381 5642 5746 5747 
11382 5642 5747 5643 
11383 5643 5747 5748 
11384 5643 5748 5644 
11385 5644 5748 5749 
11386 5644 5749 5645 
11387 5645 5749 5750 
11388 5645 5750 5646 
11389 5646 5750 5751 
11390 5646 5751 5647 
11391 5647 5751 5752 
11392 5647 5752 5648 
11393 5648 5752 5753 
11394 5648 5753 5649 
11395 5649 5753 5754 
11396 5649 5754 5650 
11397 5650 5754 5755 
11398 5650 5755 5651 
11399 5651 5755 5756 
11400 5651 5756 5652 
11401 5652 5756 5757 
11402 5652 5757 5653 
11403 5653 5757 5654 
11404 5653 5654 5550 
11405 5654 5758 5655 
11406 5758 5759 5655 
11407 5655 5759 5656 
11408 5759 5760 5656 
11409 5656 5760 5657 
11410 5760 5761 5657 
11411 5657 5761 5658 
11412 5761 5762 5658 
11413 5658 5762 5659 
11414 5762 5763 5659 
11415 5659 5763 5660 
11416 5763 5764 5660 
11417 5660 5764 5661 
11418 5764 5765 5661 
11419 5661 5765 5662 
11420 5765 5766 5662 
11421 5662 5766 5663 
11422 5766 5767 5663 
11423 5663 5767 5664 
11424 5767 5768 5664 
11425 5664 5768 5665 
11426 5768 5769 5665 
11427 5665 5769 5666 
11428 5769 5770 5666 
11429 5666 5770 5667 
11430 5770 5771 5667 
11431 5667 5771 5668 
11432 5771 5772 5668 
11433 5668 5772 5669 
11434 5772 5773 5669 
11435 5669 5773 5670 
11436 5773 5774 5670 
11437 5670 5774 5671 
11438 5774 5775 5671 
11439 5671 5775 5672 
11440 5775 5776 5672 
11441 5672 5776 5673 
11442 5776 5777 5673 
11443 5673 5777 5674 
11444 5777 5778 5674 
11445 5674 5778 5675 
11446 5778 5779 5675 
11447 5675 5779 5676 
11448 5779 5780 5676 
11449 5676 5780 5677 
11450 5780 5781 5677 
11451 5677 5781 5678 
11452 5781 5782 5678 
11453 5678 5782 5679 
11454 5782 5783 5679 
11455 5679 5783 5680 
11456 5783 5784 5680 
11457 5680 5784 5785 
11458 5680 5785 5681 
11459 5681 5785 5786 
11460 5681 5786 5682 
11461 5682 5786 5787 
11462 5682 5787 5683 
11463 5683 5787 5788 
11464 5683 5788 5684 
11465 5684 5788 5789 
11466 5684 5789 5685 
11467 5685 5789 5790 
11468 5685 5790 5686 
11469 5686 5790 5791 
11470 5686 5791 5687 
11471 5687 5791 5792 
11472 5687 5792 5688 
11473 5688 5792 5793 
11474 5688 5793 5689 
11475 5689 5793 5794 
11476 5689 5794 5690 
11477 5690 5794 5795 
11478 5690 5795 5691 
11479 5691 5795 5796 
11480 5691 5796 5692 
11481 5692 5796 5797 
11482 5692 5797 5693 
11483 5693 5797 5798 
11484 5693 5798 5694 
11485 5694 5798 5799 
11486 5694 5799 5695 
11487 5695 5799 5800 
11488 5695 5800 5696 
11489 5696 5800 5801 
11490 5696 5801 5697 
11491 5697 5801 5802 
11492 5697 5802 5698 
11493 5698 5802 5803 
11494 5698 5803 5699 
11495 5699 5803 5804 
11496 5699 5804 5700 
11497 5700 5804 5805 
11498 5700 5805 5701 
11499 5701 5805 5806 
11500 5701 5806 5702 
11501 5702 5806 5807 
11502 5702 5807 5703 
11503 5703 5807 5808 
11504 5703 5808 5704 
11505 5704 5808 5809 
11506 5704 5809 5705 
11507 5705 5809 5810 
11508 5705 5810 5706 
11509 5706 5810 5707 
11510 5810 5811 5707 
11511 5707 5811 5708 
11512 5811 5812 5708 
11513 5708 5812 5709 
11514 5812 5813 5709 
11515 5709 5813 5710 
11516 5813 5814 5710 
11517 5710 5814 5711 
11518 5814 5815 5711 
11519 5711 5815 5712 
11520 5815 5816 5712 
11521 5712 5816 5713 
11522 5816 5817 5713 
11523 5713 5817 5714 
11524 5817 5818 5714 
11525 5714 5818 5715 
11526 5818 5819 5715 
11527 5715 5819 5716 
11528 5819 5820 5716 
11529 5716 5820 5717 
11530 5820 5821 5717 
11531 5717 5821 5718 
11532 5821 5822 5718 
11533 5718 5822 5719 
11534 5822 5823 5719 
11535 5719 5823 5720 
11536 5823 5824 5720 
11537 5720 5824 5721 
11538 5824 5825 5721 
11539 5721 5825 5722 
11540 5825 5826 5722 
11541 5722 5826 5723 
11542 5826 5827 5723 
11543 5723 5827 5724 
11544 5827 5828 5724 
11545 5724 5828 5725 
11546 5828 5829 5725 
11547 5725 5829 5726 
11548 5829 5830 5726 
11549 5726 5830 5727 
11550 5830 5831 5727 
11551 5727 5831 5728 
11552 5831 5832 5728 
11553 5728 5832 5729 
11554 5832 5833 5729 
11555 5729 5833 5730 
11556 5833 5834 5730 
11557 5730 5834 5731 
11558 5834 5835 5731 
11559 5731 5835 5732 
11560 5835 5836 5732 
11561 5732 5836 5837 
11562 5732 5837 5733 
11563 5733 5837 5838 
11564 5733 5838 5734 
11565 5734 5838 5839 
11566 5734 5839 5735 
11567 5735 5839 5840 
11568 5735 5840 5736 
11569 5736 5840 5841 
11570 5736 5841 5737 
11571 5737 5841 5842 
11572 5737 5842 5738 
11573 5738 5842 5843 
11574 5738 5843 5739 
11575 5739 5843 5844 
11576 5739 5844 5740 
11577 5740 5844 5845 
11578 5740 5845 5741 
11579 5741 5845 5846 
11580 5741 5846 5742 
11581 5742 5846 5847 
11582 5742 5847 5743 
11583 5743 5847 5848 
11584 5743 5848 5744 
11585 5744 5848 5849 
11586 5744 5849 5745 
11587 5745 5849 5850 
11588 5745 5850 5746 
11589 5746 5850 5851 
11590 5746 5851 5747 
11591 5747 5851 5852 
11592 5747 5852 5748 
11593 5748 5852 5853 
11594 5748 5853 5749 
11595 5749 5853 5854 
11596 5749 5854 5750 
11597 5750 5854 5855 
11598 5750 5855 5751 
11599 5751 5855 5856 
11600 5751 5856 5752 
11601 5752 5856 5857 
11602 5752 5857 5753 
11603 5753 5857 5858 
11604 5753 5858 5754 
11605 5754 5858 5859 
11606 5754 5859 5755 
11607 5755 5859 5860 
11608 5755 5860 5756 
11609 5756 5860 5861 
11610 5756 5861 5757 
11611 5757 5861 5758 
11612 5757 5758 5654 
11613 5758 5862 5759 
11614 5862 5863 5759 
11615 5759 5863 5760 
11616 5863 5864 5760 
11617 5760 5864 5761 
11618 5864 5865 5761 
11619 5761 5865 5762 
11620 5865 5866 5762 
11621 5762 5866 5763 
11622 5866 5867 5763 
11623 5763 5867 5764 
11624 5867 5868 5764 
11625 5764 5868 5765 
11626 5868 5869 5765 
11627 5765 5869 5766 
11628 5869 5870 5766 
11629 5766 5870 5767 
11630 5870 5871 5767 
11631 5767 5871 5768 
11632 5871 5872 5768 
11633 5768 5872 5769 
11634 5872 5873 5769 
11635 5769 5873 5770 
11636 5873 5874 5770 
11637 5770 5874 5771 
11638 5874 5875 5771 
11639 5771 5875 5772 
11640 5875 5876 5772 
11641 5772 5876 5773 
11642 5876 5877 5773 
11643 5773 5877 5774 
11644 5877 5878 5774 
11645 5774 5878 5775 
11646 5878 5879 5775 
11647 5775 5879 5776 
11648 5879 5880 5776 
11649 5776 5880 5777 
11650 5880 5881 5777 
11651 5777 5881 5778 
11652 5881 5882 5778 
11653 5778 5882 5779 
11654 5882 5883 5779 
11655 5779 5883 5780 
11656 5883 5884 5780 
11657 5780 5884 5781 
11658 5884 5885 5781 
11659 5781 5885 5782 
11660 5885 5886 5782 
11661 5782 5886 5783 
11662 5886 5887 5783 
11663 5783 5887 5784 
11664 5887 5888 5784 
11665 5784 5888 5889 
11666 5784 5889 5785 
11667 5785 5889 5890 
11668 5785 5890 5786 
11669 5786 5890 5891 
11670 5786 5891 5787 
11671 5787 5891 5892 
11672 5787 5892 5788 
11673 5788 5892 5893 
11674 5788 5893 5789 
11675 5789 5893 5894 
11676 5789 5894 5790 
11677 5790 5894 5895 
11678 5790 5895 5791 
11679 5791 5895 5896 
11680 5791 5896 5792 
11681 5792 5896 5897 
11682 5792 5897 5793 
11683 5793 5897 5898 
11684 5793 5898 5794 
11685 5794 5898 5899 
11686 5794 5899 5795 
11687 5795 5899 5900 
11688 5795 5900 5796 
11689 5796 5900 5901 
11690 5796 5901 5797 
11691 5797 5901 5902 
11692 5797 5902 5798 
11693 5798 5902 5903 
11694 5798 5903 5799 
11695 5799 5903 5904 
11696 5799 5904 5800 
11697 5800 5904 5905 
11698 5800 5905 5801 
11699 5801 5905 5906 
11700 5801 5906 5802 
11701 5802 5906 5907 
11702 5802 5907 5803 
11703 5803 5907 5908 
11704 5803 5908 5804 
11705 5804 5908 5909 
11706 5804 5909 5805 
11707 5805 5909 5910 
11708 5805 5910 5806 
11709 5806 5910 5911 
11710 5806 5911 5807 
11711 5807 5911 5912 
11712 5807 5912 5808 
11713 5808 5912 5913 
11714 5808 5913 5809 
11715 5809 5913 5914 
11716 5809 5914 5810 
11717 5810 5914 5811 
11718 5914 5915 5811 
11719 5811 5915 5812 
11720 5915 5916 5812 
11721 5812 5916 5813 
11722 5916 5917 5813 
11723 5813 5917 5814 
11724 5917 5918 5814 
11725 5814 5918 5815 
11726 5918 5919 5815 
11727 5815 5919 5816 
11728 5919 5920 5816 
11729 5816 5920 5817 
11730 5920 5921 5817 
11731 5817 5921 5818 
11732 5921 5922 5818 
11733 5818 5922 5819 
11734 5922 5923 5819 
11735 5819 5923 5820 
11736 5923 5924 5820 
11737 5820 5924 5821 
11738 5924 5925 5821 
11739 5821 5925 5822 
11740 5925 5926 5822 
11741 5822 5926 5823 
11742 5926 5927 5823 
11743 5823 5927 5824 
11744 5927 5928 5824 
11745 5824 5928 5825 
11746 5928 5929 5825 
11747 5825 5929 5826 
11748 5929 5930 5826 
11749 5826 5930 5827 
11750 5930 5931 5827 
11751 5827 5931 5828 
11752 5931 5932 5828 
11753 5828 5932 5829 
11754 5932 5933 5829 
11755 5829 5933 5830 
11756 5933 5934 5830 
11757 5830 5934 5831 
11758 5934 5935 5831 
11759 5831 5935 5832 
11760 5935 5936 5832 
11761 5832 5936 5833 
11762 5936 5937 5833 
11763 5833 5937 5834 
11764 5937 5938 5834 
11765 5834 5938 5835 
11766 5938 5939 5835 
11767 5835 5939 5836 
11768 5939 5940 5836 
11769 5836 5940 5941 
11770 5836 5941 5837 
11771 5837 5941 5942 
11772 5837 5942 5838 
11773 5838 5942 5943 
11774 5838 5943 5839 
11775 5839 5943 5944 
11776 5839 5944 5840 
11777 5840 5944 5945 
11778 5840 5945 5841 
11779 5841 5945 5946 
11780 5841 5946 5842 
11781 5842 5946 5947 
11782 5842 5947 5843 
11783 5843 5947 5948 
11784 5843 5948 5844 
11785 5844 5948 5949 
11786 5844 5949 5845 
11787 5845 5949 5950 
11788 5845 5950 5846 
11789 5846 5950 5951 
11790 5846 5951 5847 
11791 5847 5951 5952 
11792 5847 5952 5848 
11793 5848 5952 5953 
11794 5848 5953 5849 
11795 5849 5953 5954 
11796 5849 5954 5850 
11797 5850 5954 5955 
11798 5850 5955 5851 
11799 5851 5955 5956 
11800 5851 5956 5852 
11801 5852 5956 5957 
11802 5852 5957 5853 
11803 5853 5957 5958 
11804 5853 5958 5854 
11805 5854 5958 5959 
11806 5854 5959 5855 
11807 5855 5959 5960 
11808 5855 5960 5856 
11809 5856 5960 5961 
11810 5856 5961 5857 
11811 5857 5961 5962 
11812 5857 5962 5858 
11813 5858 5962 5963 
11814 5858 5963 5859 
11815 5859 5963 5964 
11816 5859 5964 5860 
11817 5860 5964 5965 
11818 5860 5965 5861 
11819 5861 5965 5862 
11820 5861 5862 5758 
11821 5862 5967 5966 
11822 5862 5966 5863 
11823 5863 5966 5968 
11824 5863 5968 5864 
11825 5864 5968 5969 
11826 5864 5969 5865 
11827 5865 5969 5970 
11828 5865 5970 5866 
11829 5866 5970 5971 
11830 5866 5971 5867 
11831 5867 5971 5972 
11832 5867 5972 5868 
11833 5868 5972 5973 
11834 5868 5973 5869 
11835 5869 5973 5974 
11836 5869 5974 5870 
11837 5870 5974 5975 
11838 5870 5975 5871 
11839 5871 5975 5976 
11840 5871 5976 5872 
11841 5872 5976 5977 
11842 5872 5977 5873 
11843 5873 5977 5978 
11844 5873 5978 5874 
11845 5874 5978 5979 
11846 5874 5979 5875 
11847 5875 5979 5980 
11848 5875 5980 5876 
11849 5876 5980 5981 
11850 5876 5981 5877 
11851 5877 5981 5982 
11852 5877 5982 5878 
11853 5878 5982 5983 
11854 5878 5983 5879 
11855 5879 5983 5984 
11856 5879 5984 5880 
11857 5880 5984 5985 
11858 5880 5985 5881 
11859 5881 5985 5986 
11860 5881 5986 5882 
11861 5882 5986 5987 
11862 5882 5987 5883 
11863 5883 5987 5988 
11864 5883 5988 5884 
11865 5884 5988 5989 
11866 5884 5989 5885 
11867 5885 5989 5990 
11868 5885 5990 5886 
11869 5886 5990 5991 
11870 5886 5991 5887 
11871 5887 5991 5992 
11872 5887 5992 5888 
11873 5888 5992 5889 
11874 5992 5993 5889 
11875 5889 5993 5890 
11876 5993 5994 5890 
11877 5890 5994 5891 
11878 5994 5995 5891 
11879 5891 5995 5892 
11880 5995 5996 5892 
11881 5892 5996 5893 
11882 5996 5997 5893 
11883 5893 5997 5894 
11884 5997 5998 5894 
11885 5894 5998 5895 
11886 5998 5999 5895 
11887 5895 5999 5896 
11888 5999 6000 5896 
11889 5896 6000 5897 
11890 6000 6001 5897 
11891 5897 6001 5898 
11892 6001 6002 5898 
11893 5898 6002 5899 
11894 6002 6003 5899 
11895 5899 6003 5900 
11896 6003 6004 5900 
11897 5900 6004 5901 
11898 6004 6005 5901 
11899 5901 6005 5902 
11900 6005 6006 5902 
11901 5902 6006 5903 
11902 6006 6007 5903 
11903 5903 6007 5904 
11904 6007 6008 5904 
11905 5904 6008 5905 
11906 6008 6009 5905 
11907 5905 6009 5906 
11908 6009 6010 5906 
11909 5906 6010 5907 
11910 6010 6011 5907 
11911 5907 6011 5908 
11912 6011 6012 5908 
11913 5908 6012 5909 
11914 6012 6013 5909 
11915 5909 6013 5910 
11916 6013 6014 5910 
11917 5910 6014 5911 
11918 6014 6015 5911 
11919 5911 6015 5912 
11920 6015 6016 5912 
11921 5912 6016 5913 
11922 6016 6017 5913 
11923 5913 6017 5914 
11924 6017 6018 5914 
11925 5914 6018 6019 
11926 5914 6019 5915 
11927 5915 6019 6020 
11928 5915 6020 5916 
11929 5916 6020 6021 
11930 5916 6021 5917 
11931 5917 6021 6022 
11932 5917 6022 5918 
11933 5918 6022 6023 
11934 5918 6023 5919 
11935 5919 6023 6024 
11936 5919 6024 5920 
11937 5920 6024 6025 
11938 5920 6025 5921 
11939 5921 6025 6026 
11940 5921 6026 5922 
11941 5922 6026 6027 
11942 5922 6027 5923 
11943 5923 6027 6028 
11944 5923 6028 5924 
11945 5924 6028 6029 
11946 5924 6029 5925 
11947 5925 6029 6030 
11948 5925 6030 5926 
11949 5926 6030 6031 
11950 5926 6031 5927 
11951 5927 6031 6032 
11952 5927 6032 5928 
11953 5928 6032 6033 
11954 5928 6033 5929 
11955 5929 6033 6034 
11956 5929 6034 5930 
11957 5930 6034 6035 
11958 5930 6035 5931 
11959 5931 6035 6036 
11960 5931 6036 5932 
11961 5932 6036 6037 
11962 5932 6037 5933 
11963 5933 6037 6038 
11964 5933 6038 5934 
11965 5934 6038 6039 
11966 5934 6039 5935 
11967 5935 6039 6040 
11968 5935 6040 5936 
11969 5936 6040 6041 
11970 5936 6041 5937 
11971 5937 6041 6042 
11972 5937 6042 5938 
11973 5938 6042 6043 
11974 5938 6043 5939 
11975 5939 6043 6044 
11976 5939 6044 5940 
11977 5940 6044 5941 
11978 6044 6045 5941 
11979 5941 6045 5942 
11980 6045 6046 5942 
11981 5942 6046 5943 
11982 6046 6047 5943 
11983 5943 6047 5944 
11984 6047 6048 5944 
11985 5944 6048 5945 
11986 6048 6049 5945 
11987 5945 6049 5946 
11988 6049 6050 5946 
11989 5946 6050 5947 
11990 6050 6051 5947 
11991 5947 6051 5948 
11992 6051 6052 5948 
11993 5948 6052 5949 
11994 6052 6053 5949 
11995 5949 6053 5950 
11996 6053 6054 5950 
11997 5950 6054 5951 
11998 6054 6055 5951 
11999 5951 6055 5952 
12000 6055 6056 5952 
12001 5952 6056 5953 
12002 6056 6057 5953 
12003 5953 6057 5954 
12004 6057 6058 5954 
12005 5954 6058 5955 
12006 6058 6059 5955 
12007 5955 6059 5956 
12008 6059 6060 5956 
12009 5956 6060 5957 
12010 6060 6061 5957 
12011 5957 6061 5958 
12012 6061 6062 5958 
12013 5958 6062 5959 
12014 6062 6063 5959 
12015 5959 6063 5960 
12016 6063 6064 5960 
12017 5960 6064 5961 
12018 6064 6065 5961 
12019 5961 6065 5962 
12020 6065 6066 5962 
12021 5962 6066 5963 
12022 6066 6067 5963 
12023 5963 6067 5964 
12024 6067 6068 5964 
12025 5964 6068 5965 
12026 6068 6069 5965 
12027 5965 6069 5862 
12028 6069 5967 5862 
12029 5967 6071 6070 
12030 5967 6070 5966 
12031 5966 6070 6072 
12032 5966 6072 5968 
12033 5968 6072 6073 
12034 5968 6073 5969 
12035 5969 6073 6074 
12036 5969 6074 5970 
12037 5970 6074 6075 
12038 5970 6075 5971 
12039 5971 6075 6076 
12040 5971 6076 5972 
12041 5972 6076 6077 
12042 5972 6077 5973 
12043 5973 6077 6078 
12044 5973 6078 5974 
12045 5974 6078 6079 
12046 5974 6079 5975 
12047 5975 6079 6080 
12048 5975 6080 5976 
12049 5976 6080 6081 
12050 5976 6081 5977 
12051 5977 6081 6082 
12052 5977 6082 5978 
12053 5978 6082 6083 
12054 5978 6083 5979 
12055 5979 6083 6084 
12056 5979 6084 5980 
12057 5980 6084 6085 
12058 5980 6085 5981 
12059 5981 6085 6086 
12060 5981 6086 5982 
12061 5982 6086 6087 
12062 5982 6087 5983 
12063 5983 6087 6088 
12064 5983 6088 5984 
12065 5984 6088 6089 
12066 5984 6089 5985 
12067 5985 6089 6090 
12068 5985 6090 5986 
12069 5986 6090 6091 
12070 5986 6091 5987 
12071 5987 6091 6092 
12072 5987 6092 5988 
12073 5988 6092 6093 
12074 5988 6093 5989 
12075 5989 6093 6094 
12076 5989 6094 5990 
12077 5990 6094 6095 
12078 5990 6095 5991 
12079 5991 6095 6096 
12080 5991 6096 5992 
12081 5992 6096 5993 
12082 6096 6097 5993 
12083 5993 6097 5994 
12084 6097 6098 5994 
12085 5994 6098 5995 
12086 6098 6099 5995 
12087 5995 6099 5996 
12088 6099 6100 5996 
12089 5996 6100 5997 
12090 6100 6101 5997 
12091 5997 6101 5998 
12092 6101 6102 5998 
12093 5998 6102 5999 
12094 6102 6103 5999 
12095 5999 6103 6000 
12096 6103 6104 6000 
12097 6000 6104 6001 
12098 6104 6105 6001 
12099 6001 6105 6002 
12100 6105 6106 6002 
12101 6002 6106 6003 
12102 6106 6107 6003 
12103 6003 6107 6004 
12104 6107 6108 6004 
12105 6004 6108 6005 
12106 6108 6109 6005 
12107 6005 6109 6006 
12108 6109 6110 6006 
12109 6006 6110 6007 
12110 6110 6111 6007 
12111 6007 6111 6008 
12112 6111 6112 6008 
12113 6008 6112 6009 
12114 6112 6113 6009 
12115 6009 6113 6010 
12116 6113 6114 6010 
12117 6010 6114 6011 
12118 6114 6115 6011 
12119 6011 6115 6012 
12120 6115 6116 6012 
12121 6012 6116 6013 
12122 6116 6117 6013 
12123 6013 6117 6014 
12124 6117 6118 6014 
12125 6014 6118 6015 
12126 6118 6119 6015 
12127 6015 6119 6016 
12128 6119 6120 6016 
12129 6016 6120 6017 
12130 6120 6121 6017 
12131 6017 6121 6018 
12132 6121 6122 6018 
12133 6018 6122 6123 
12134 6018 6123 6019 
12135 6019 6123 6124 
12136 6019 6124 6020 
12137 6020 6124 6125 
12138 6020 6125 6021 
12139 6021 6125 6126 
12140 6021 6126 6022 
12141 6022 6126 6127 
12142 6022 6127 6023 
12143 6023 6127 6128 
12144 6023 6128 6024 
12145 6024 6128 6129 
12146 6024 6129 6025 
12147 6025 6129 6130 
12148 6025 6130 6026 
12149 6026 6130 6131 
12150 6026 6131 6027 
12151 6027 6131 6132 
12152 6027 6132 6028 
12153 6028 6132 6133 
12154 6028 6133 6029 
12155 6029 6133 6134 
12156 6029 6134 6030 
12157 6030 6134 6135 
12158 6030 6135 6031 
12159 6031 6135 6136 
12160 6031 6136 6032 
12161 6032 6136 6137 
12162 6032 6137 6033 
12163 6033 6137 6138 
12164 6033 6138 6034 
12165 6034 6138 6139 
12166 6034 6139 6035 
12167 6035 6139 6140 
12168 6035 6140 6036 
12169 6036 6140 6141 
12170 6036 6141 6037 
12171 6037 6141 6142 
12172 6037 6142 6038 
12173 6038 6142 6143 
12174 6038 6143 6039 
12175 6039 6143 6144 
12176 6039 6144 6040 
12177 6040 6144 6145 
12178 6040 6145 6041 
12179 6041 6145 6146 
12180 6041 6146 6042 
12181 6042 6146 6147 
12182 6042 6147 6043 
12183 6043 6147 6148 
12184 6043 6148 6044 
12185 6044 6148 6045 
12186 6148 6149 6045 
12187 6045 6149 6046 
12188 6149 6150 6046 
12189 6046 6150 6047 
12190 6150 6151 6047 
12191 6047 6151 6048 
12192 6151 6152 6048 
12193 6048 6152 6049 
12194 6152 6153 6049 
12195 6049 6153 6050 
12196 6153 6154 6050 
12197 6050 6154 6051 
12198 6154 6155 6051 
12199 6051 6155 6052 
12200 6155 6156 6052 
12201 6052 6156 6053 
12202 6156 6157 6053 
12203 6053 6157 6054 
12204 6157 6158 6054 
12205 6054 6158 6055 
12206 6158 6159 6055 
12207 6055 6159 6056 
12208 6159 6160 6056 
12209 6056 6160 6057 
12210 6160 6161 6057 
12211 6057 6161 6058 
12212 6161 6162 6058 
12213 6058 6162 6059 
12214 6162 6163 6059 
12215 6059 6163 6060 
12216 6163 6164 6060 
12217 6060 6164 6061 
12218 6164 6165 6061 
12219 6061 6165 6062 
12220 6165 6166 6062 
12221 6062 6166 6063 
12222 6166 6167 6063 
12223 6063 6167 6064 
12224 6167 6168 6064 
12225 6064 6168 6065 
12226 6168 6169 6065 
12227 6065 6169 6066 
12228 6169 6170 6066 
12229 6066 6170 6067 
12230 6170 6171 6067 
12231 6067 6171 6068 
12232 6171 6172 6068 
12233 6068 6172 6069 
12234 6172 6173 6069 
12235 6069 6173 5967 
12236 6173 6071 5967 
12237 6071 6175 6174 
12238 6071 6174 6070 
12239 6070 6174 6176 
12240 6070 6176 6072 
12241 6072 6176 6177 
12242 6072 6177 6073 
12243 6073 6177 6178 
12244 6073 6178 6074 
12245 6074 6178 6179 
12246 6074 6179 6075 
12247 6075 6179 6180 
12248 6075 6180 6076 
12249 6076 6180 6181 
12250 6076 6181 6077 
12251 6077 6181 6182 
12252 6077 6182 6078 
12253 6078 6182 6183 
12254 6078 6183 6079 
12255 6079 6183 6184 
12256 6079 6184 6080 
12257 6080 6184 6185 
12258 6080 6185 6081 
12259 6081 6185 6186 
12260 6081 6186 6082 
12261 6082 6186 6187 
12262 6082 6187 6083 
12263 6083 6187 6188 
12264 6083 6188 6084 
12265 6084 6188 6189 
12266 6084 6189 6085 
12267 6085 6189 6190 
12268 6085 6190 6086 
12269 6086 6190 6191 
12270 6086 6191 6087 
12271 6087 6191 6192 
12272 6087 6192 6088 
12273 6088 6192 6193 
12274 6088 6193 6089 
12275 6089 6193 6194 
12276 6089 6194 6090 
12277 6090 6194 6195 
12278 6090 6195 6091 
12279 6091 6195 6196 
12280 6091 6196 6092 
12281 6092 6196 6197 
12282 6092 6197 6093 
12283 6093 6197 6198 
12284 6093 6198 6094 
12285 6094 6198 6199 
12286 6094 6199 6095 
12287 6095 6199 6200 
12288 6095 6200 6096 
12289 6096 6200 6097 
12290 6200 6201 6097 
12291 6097 6201 6098 
12292 6201 6202 6098 
12293 6098 6202 6099 
12294 6202 6203 6099 
12295 6099 6203 6100 
12296 6203 6204 6100 
12297 6100 6204 6101 
12298 6204 6205 6101 
12299 6101 6205 6102 
12300 6205 6206 6102 
12301 6102 6206 6103 
12302 6206 6207 6103 
12303 6103 6207 6104 
12304 6207 6208 6104 
12305 6104 6208 6105 
12306 6208 6209 6105 
12307 6105 6209 6106 
12308 6209 6210 6106 
12309 6106 6210 6107 
12310 6210 6211 6107 
12311 6107 6211 6108 
12312 6211 6212 6108 
12313 6108 6212 6109 
12314 6212 6213 6109 
12315 6109 6213 6110 
12316 6213 6214 6110 
12317 6110 6214 6111 
12318 6214 6215 6111 
12319 6111 6215 6112 
12320 6215 6216 6112 
12321 6112 6216 6113 
12322 6216 6217 6113 
12323 6113 6217 6114 
12324 6217 6218 6114 
12325 6114 6218 6115 
12326 6218 6219 6115 
12327 6115 6219 6116 
12328 6219 6220 6116 
12329 6116 6220 6117 
12330 6220 6221 6117 
12331 6117 6221 6118 
12332 6221 6222 6118 
12333 6118 6222 6119 
12334 6222 6223 6119 
12335 6119 6223 6120 
12336 6223 6224 6120 
12337 6120 6224 6121 
12338 6224 6225 6121 
12339 6121 6225 6122 
12340 6225 6226 6122 
12341 6122 6226 6227 
12342 6122 6227 6123 
12343 6123 6227 6228 
12344 6123 6228 6124 
12345 6124 6228 6229 
12346 6124 6229 6125 
12347 6125 6229 6230 
12348 6125 6230 6126 
12349 6126 6230 6231 
12350 6126 6231 6127 
12351 6127 6231 6232 
12352 6127 6232 6128 
12353 6128 6232 6233 
12354 6128 6233 6129 
12355 6129 6233 6234 
12356 6129 6234 6130 
12357 6130 6234 6235 
12358 6130 6235 6131 
12359 6131 6235 6236 
12360 6131 6236 6132 
12361 6132 6236 6237 
12362 6132 6237 6133 
12363 6133 6237 6238 
12364 6133 6238 6134 
12365 6134 6238 6239 
12366 6134 6239 6135 
12367 6135 6239 6240 
12368 6135 6240 6136 
12369 6136 6240 6241 
12370 6136 6241 6137 
12371 6137 6241 6242 
12372 6137 6242 6138 
12373 6138 6242 6243 
12374 6138 6243 6139 
12375 6139 6243 6244 
12376 6139 6244 6140 
12377 6140 6244 6245 
12378 6140 6245 6141 
12379 6141 6245 6246 
12380 6141 6246 6142 
12381 6142 6246 6247 
12382 6142 6247 6143 
12383 6143 6247 6248 
12384 6143 6248 6144 
12385 6144 6248 6249 
12386 6144 6249 6145 
12387 6145 6249 6250 
12388 6145 6250 6146 
12389 6146 6250 6251 
12390 6146 6251 6147 
12391 6147 6251 6252 
12392 6147 6252 6148 
12393 6148 6252 6149 
12394 6252 6253 6149 
12395 6149 6253 6150 
12396 6253 6254 6150 
12397 6150 6254 6151 
12398 6254 6255 6151 
12399 6151 6255 6152 
12400 6255 6256 6152 
12401 6152 6256 6153 
12402 6256 6257 6153 
12403 6153 6257 6154 
12404 6257 6258 6154 
12405 6154 6258 6155 
12406 6258 6259 6155 
12407 6155 6259 6156 
12408 6259 6260 6156 
12409 6156 6260 6157 
12410 6260 6261 6157 
12411 6157 6261 6158 
12412 6261 6262 6158 
12413 6158 6262 6159 
12414 6262 6263 6159 
12415 6159 6263 6160 
12416 6263 6264 6160 
12417 6160 6264 6161 
12418 6264 6265 6161 
12419 6161 6265 6162 
12420 6265 6266 6162 
12421 6162 6266 6163 
12422 6266 6267 6163 
12423 6163 6267 6164 
12424 6267 6268 6164 
12425 6164 6268 6165 
12426 6268 6269 6165 
12427 6165 6269 6166 
12428 6269 6270 6166 
12429 6166 6270 6167 
12430 6270 6271 6167 
12431 6167 6271 6168 
12432 6271 6272 6168 
12433 6168 6272 6169 
12434 6272 6273 6169 
12435 6169 6273 6170 
12436 6273 6274 6170 
12437 6170 6274 6171 
12438 6274 6275 6171 
12439 6171 6275 6172 
12440 6275 6276 6172 
12441 6172 6276 6173 
12442 6276 6277 6173 
12443 6173 6277 6071 
12444 6277 6175 6071 
12445 6175 6279 6278 
12446 6175 6278 6174 
12447 6174 6278 6280 
12448 6174 6280 6176 
12449 6176 6280 6281 
12450 6176 6281 6177 
12451 6177 6281 6282 
12452 6177 6282 6178 
12453 6178 6282 6283 
12454 6178 6283 6179 
12455 6179 6283 6284 
12456 6179 6284 6180 
12457 6180 6284 6285 
12458 6180 6285 6181 
12459 6181 6285 6286 
12460 6181 6286 6182 
12461 6182 6286 6287 
12462 6182 6287 6183 
12463 6183 6287 6288 
12464 6183 6288 6184 
12465 6184 6288 6289 
12466 6184 6289 6185 
12467 6185 6289 6290 
12468 6185 6290 6186 
12469 6186 6290 6291 
12470 6186 6291 6187 
12471 6187 6291 6292 
12472 6187 6292 6188 
12473 6188 6292 6293 
12474 6188 6293 6189 
12475 6189 6293 6294 
12476 6189 6294 6190 
12477 6190 6294 6295 
12478 6190 6295 6191 
12479 6191 6295 6296 
12480 6191 6296 6192 
12481 6192 6296 6297 
12482 6192 6297 6193 
12483 6193 6297 6298 
12484 6193 6298 6194 
12485 6194 6298 6299 
12486 6194 6299 6195 
12487 6195 6299 6300 
12488 6195 6300 6196 
12489 6196 6300 6301 
12490 6196 6301 6197 
12491 6197 6301 6302 
12492 6197 6302 6198 
12493 6198 6302 6303 
12494 6198 6303 6199 
12495 6199 6303 6304 
12496 6199 6304 6200 
12497 6200 6304 6201 
12498 6304 6305 6201 
12499 6201 6305 6202 
12500 6305 6306 6202 
12501 6202 6306 6203 
12502 6306 6307 6203 
12503 6203 6307 6204 
12504 6307 6308 6204 
12505 6204 6308 6205 
12506 6308 6309 6205 
12507 6205 6309 6206 
12508 6309 6310 6206 
12509 6206 6310 6207 
12510 6310 6311 6207 
12511 6207 6311 6208 
12512 6311 6312 6208 
12513 6208 6312 6209 
12514 6312 6313 6209 
12515 6209 6313 6210 
12516 6313 6314 6210 
12517 6210 6314 6211 
12518 6314 6315 6211 
12519 6211 6315 6212 
12520 6315 6316 6212 
12521 6212 6316 6213 
12522 6316 6317 6213 
12523 6213 6317 6214 
12524 6317 6318 6214 
12525 6214 6318 6215 
12526 6318 6319 6215 
12527 6215 6319 6216 
12528 6319 6320 6216 
12529 6216 6320 6217 
12530 6320 6321 6217 
12531 6217 6321 6218 
12532 6321 6322 6218 
12533 6218 6322 6219 
12534 6322 6323 6219 
12535 6219 6323 6220 
12536 6323 6324 6220 
12537 6220 6324 6221 
12538 6324 6325 6221 
12539 6221 6325 6222 
12540 6325 6326 6222 
12541 6222 6326 6223 
12542 6326 6327 6223 
12543 6223 6327 6224 
12544 6327 6328 6224 
12545 6224 6328 6225 
12546 6328 6329 6225 
12547 6225 6329 6226 
12548 6329 6330 6226 
12549 6226 6330 6331 
12550 6226 6331 6227 
12551 6227 6331 6332 
12552 6227 6332 6228 
12553 6228 6332 6333 
12554 6228 6333 6229 
12555 6229 6333 6334 
12556 6229 6334 6230 
12557 6230 6334 6335 
12558 6230 6335 6231 
12559 6231 6335 6336 
12560 6231 6336 6232 
12561 6232 6336 6337 
12562 6232 6337 6233 
12563 6233 6337 6338 
12564 6233 6338 6234 
12565 6234 6338 6339 
12566 6234 6339 6235 
12567 6235 6339 6340 
12568 6235 6340 6236 
12569 6236 6340 6341 
12570 6236 6341 6237 
12571 6237 6341 6342 
12572 6237 6342 6238 
12573 6238 6342 6343 
12574 6238 6343 6239 
12575 6239 6343 6344 
12576 6239 6344 6240 
12577 6240 6344 6345 
12578 6240 6345 6241 
12579 6241 6345 6346 
12580 6241 6346 6242 
12581 6242 6346 6347 
12582 6242 6347 6243 
12583 6243 6347 6348 
12584 6243 6348 6244 
12585 6244 6348 6349 
12586 6244 6349 6245 
12587 6245 6349 6350 
12588 6245 6350 6246 
12589 6246 6350 6351 
12590 6246 6351 6247 
12591 6247 6351 6352 
12592 6247 6352 6248 
12593 6248 6352 6353 
12594 6248 6353 6249 
12595 6249 6353 6354 
12596 6249 6354 6250 
12597 6250 6354 6355 
12598 6250 6355 6251 
12599 6251 6355 6356 
12600 6251 6356 6252 
12601 6252 6356 6253 
12602 6356 6357 6253 
12603 6253 6357 6254 
12604 6357 6358 6254 
12605 6254 6358 6255 
12606 6358 6359 6255 
12607 6255 6359 6256 
12608 6359 6360 6256 
12609 6256 6360 6257 
12610 6360 6361 6257 
12611 6257 6361 6258 
12612 6361 6362 6258 
12613 6258 6362 6259 
12614 6362 6363 6259 
12615 6259 6363 6260 
12616 6363 6364 6260 
12617 6260 6364 6261 
12618 6364 6365 6261 
12619 6261 6365 6262 
12620 6365 6366 6262 
12621 6262 6366 6263 
12622 6366 6367 6263 
12623 6263 6367 6264 
12624 6367 6368 6264 
12625 6264 6368 6265 
12626 6368 6369 6265 
12627 6265 6369 6266 
12628 6369 6370 6266 
12629 6266 6370 6267 
12630 6370 6371 6267 
12631 6267 6371 6268 
12632 6371 6372 6268 
12633 6268 6372 6269 
12634 6372 6373 6269 
12635 6269 6373 6270 
12636 6373 6374 6270 
12637 6270 6374 6271 
12638 6374 6375 6271 
12639 6271 6375 6272 
12640 6375 6376 6272 
12641 6272 6376 6273 
12642 6376 6377 6273 
12643 6273 6377 6274 
12644 6377 6378 6274 
12645 6274 6378 6275 
12646 6378 6379 6275 
12647 6275 6379 6276 
12648 6379 6380 6276 
12649 6276 6380 6277 
12650 6380 6381 6277 
12651 6277 6381 6175 
12652 6381 6279 6175 
12653 6279 6383 6382 
12654 6279 6382 6278 
12655 6278 6382 6384 
12656 6278 6384 6280 
12657 6280 6384 6385 
12658 6280 6385 6281 
12659 6281 6385 6386 
12660 6281 6386 6282 
12661 6282 6386 6387 
12662 6282 6387 6283 
12663 6283 6387 6388 
12664 6283 6388 6284 
12665 6284 6388 6389 
12666 6284 6389 6285 
12667 6285 6389 6390 
12668 6285 6390 6286 
12669 6286 6390 6391 
12670 6286 6391 6287 
12671 6287 6391 6392 
12672 6287 6392 6288 
12673 6288 6392 6393 
12674 6288 6393 6289 
12675 6289 6393 6394 
12676 6289 6394 6290 
12677 6290 6394 6395 
12678 6290 6395 6291 
12679 6291 6395 6396 
12680 6291 6396 6292 
12681 6292 6396 6397 
12682 6292 6397 6293 
12683 6293 6397 6398 
12684 6293 6398 6294 
12685 6294 6398 6399 
12686 6294 6399 6295 
12687 6295 6399 6400 
12688 6295 6400 6296 
12689 6296 6400 6401 
12690 6296 6401 6297 
12691 6297 6401 6402 
12692 6297 6402 6298 
12693 6298 6402 6403 
12694 6298 6403 6299 
12695 6299 6403 6404 
12696 6299 6404 6300 
12697 6300 6404 6405 
12698 6300 6405 6301 
12699 6301 6405 6406 
12700 6301 6406 6302 
12701 6302 6406 6407 
12702 6302 6407 6303 
12703 6303 6407 6408 
12704 6303 6408 6304 
12705 6304 6408 6305 
12706 6408 6409 6305 
12707 6305 6409 6306 
12708 6409 6410 6306 
12709 6306 6410 6307 
12710 6410 6411 6307 
12711 6307 6411 6308 
12712 6411 6412 6308 
12713 6308 6412 6309 
12714 6412 6413 6309 
12715 6309 6413 6310 
12716 6413 6414 6310 
12717 6310 6414 6311 
12718 6414 6415 6311 
12719 6311 6415 6312 
12720 6415 6416 6312 
12721 6312 6416 6313 
12722 6416 6417 6313 
12723 6313 6417 6314 
12724 6417 6418 6314 
12725 6314 6418 6315 
12726 6418 6419 6315 
12727 6315 6419 6316 
12728 6419 6420 6316 
12729 6316 6420 6317 
12730 6420 6421 6317 
12731 6317 6421 6318 
12732 6421 6422 6318 
12733 6318 6422 6319 
12734 6422 6423 6319 
12735 6319 6423 6320 
12736 6423 6424 6320 
12737 6320 6424 6321 
12738 6424 6425 6321 
12739 6321 6425 6322 
12740 6425 6426 6322 
12741 6322 6426 6323 
12742 6426 6427 6323 
12743 6323 6427 6324 
12744 6427 6428 6324 
12745 6324 6428 6325 
12746 6428 6429 6325 
12747 6325 6429 6326 
12748 6429 6430 6326 
12749 6326 6430 6327 
12750 6430 6431 6327 
12751 6327 6431 6328 
12752 6431 6432 6328 
12753 6328 6432 6329 
12754 6432 6433 6329 
12755 6329 6433 6330 
12756 6433 6434 6330 
12757 6330 6434 6435 
12758 6330 6435 6331 
12759 6331 6435 6436 
12760 6331 6436 6332 
12761 6332 6436 6437 
12762 6332 6437 6333 
12763 6333 6437 6438 
12764 6333 6438 6334 
12765 6334 6438 6439 
12766 6334 6439 6335 
12767 6335 6439 6440 
12768 6335 6440 6336 
12769 6336 6440 6441 
12770 6336 6441 6337 
12771 6337 6441 6442 
12772 6337 6442 6338 
12773 6338 6442 6443 
12774 6338 6443 6339 
12775 6339 6443 6444 
12776 6339 6444 6340 
12777 6340 6444 6445 
12778 6340 6445 6341 
12779 6341 6445 6446 
12780 6341 6446 6342 
12781 6342 6446 6447 
12782 6342 6447 6343 
12783 6343 6447 6448 
12784 6343 6448 6344 
12785 6344 6448 6449 
12786 6344 6449 6345 
12787 6345 6449 6450 
12788 6345 6450 6346 
12789 6346 6450 6451 
12790 6346 6451 6347 
12791 6347 6451 6452 
12792 6347 6452 6348 
12793 6348 6452 6453 
12794 6348 6453 6349 
12795 6349 6453 6454 
12796 6349 6454 6350 
12797 6350 6454 6455 
12798 6350 6455 6351 
12799 6351 6455 6456 
12800 6351 6456 6352 
12801 6352 6456 6457 
12802 6352 6457 6353 
12803 6353 6457 6458 
12804 6353 6458 6354 
12805 6354 6458 6459 
12806 6354 6459 6355 
12807 6355 6459 6460 
12808 6355 6460 6356 
12809 6356 6460 6357 
12810 6460 6461 6357 
12811 6357 6461 6358 
12812 6461 6462 6358 
12813 6358 6462 6359 
12814 6462 6463 6359 
12815 6359 6463 6360 
12816 6463 6464 6360 
12817 6360 6464 6361 
12818 6464 6465 6361 
12819 6361 6465 6362 
12820 6465 6466 6362 
12821 6362 6466 6363 
12822 6466 6467 6363 
12823 6363 6467 6364 
12824 6467 6468 6364 
12825 6364 6468 6365 
12826 6468 6469 6365 
12827 6365 6469 6366 
12828 6469 6470 6366 
12829 6366 6470 6367 
12830 6470 6471 6367 
12831 6367 6471 6368 
12832 6471 6472 6368 
12833 6368 6472 6369 
12834 6472 6473 6369 
12835 6369 6473 6370 
12836 6473 6474 6370 
12837 6370 6474 6371 
12838 6474 6475 6371 
12839 6371 6475 6372 
12840 6475 6476 6372 
12841 6372 6476 6373 
12842 6476 6477 6373 
12843 6373 6477 6374 
12844 6477 6478 6374 
12845 6374 6478 6375 
12846 6478 6479 6375 
12847 6375 6479 6376 
12848 6479 6480 6376 
12849 6376 6480 6377 
12850 6480 6481 6377 
12851 6377 6481 6378 
12852 6481 6482 6378 
12853 6378 6482 6379 
12854 6482 6483 6379 
12855 6379 6483 6380 
12856 6483 6484 6380 
12857 6380 6484 6381 
12858 6484 6485 6381 
12859 6381 6485 6279 
12860 6485 6383 6279 
12861 6383 6487 6486 
12862 6383 6486 6382 
12863 6382 6486 6488 
12864 6382 6488 6384 
12865 6384 6488 6489 
12866 6384 6489 6385 
12867 6385 6489 6490 
12868 6385 6490 6386 
12869 6386 6490 6491 
12870 6386 6491 6387 
12871 6387 6491 6492 
12872 6387 6492 6388 
12873 6388 6492 6493 
12874 6388 6493 6389 
12875 6389 6493 6494 
12876 6389 6494 6390 
12877 6390 6494 6495 
12878 6390 6495 6391 
12879 6391 6495 6496 
12880 6391 6496 6392 
12881 6392 6496 6497 
12882 6392 6497 6393 
12883 6393 6497 6498 
12884 6393 6498 6394 
12885 6394 6498 6499 
12886 6394 6499 6395 
12887 6395 6499 6500 
12888 6395 6500 6396 
12889 6396 6500 6501 
12890 6396 6501 6397 
12891 6397 6501 6502 
12892 6397 6502 6398 
12893 6398 6502 6503 
12894 6398 6503 6399 
12895 6399 6503 6504 
12896 6399 6504 6400 
12897 6400 6504 6505 
12898 6400 6505 6401 
12899 6401 6505 6506 
12900 6401 6506 6402 
12901 6402 6506 6507 
12902 6402 6507 6403 
12903 6403 6507 6508 
12904 6403 6508 6404 
12905 6404 6508 6509 
12906 6404 6509 6405 
12907 6405 6509 6510 
12908 6405 6510 6406 
12909 6406 6510 6511 
12910 6406 6511 6407 
12911 6407 6511 6512 
12912 6407 6512 6408 
12913 6408 6512 6409 
12914 6512 6513 6409 
12915 6409 6513 6410 
12916 6513 6514 6410 
12917 6410 6514 6411 
12918 6514 6515 6411 
12919 6411 6515 6412 
12920 6515 6516 6412 
12921 6412 6516 6413 
12922 6516 6517 6413 
12923 6413 6517 6414 
12924 6517 6518 6414 
12925 6414 6518 6415 
12926 6518 6519 6415 
12927 6415 6519 6416 
12928 6519 6520 6416 
12929 6416 6520 6417 
12930 6520 6521 6417 
12931 6417 6521 6418 
12932 6521 6522 6418 
12933 6418 6522 6419 
12934 6522 6523 6419 
12935 6419 6523 6420 
12936 6523 6524 6420 
12937 6420 6524 6421 
12938 6524 6525 6421 
12939 6421 6525 6422 
12940 6525 6526 6422 
12941 6422 6526 6423 
12942 6526 6527 6423 
12943 6423 6527 6424 
12944 6527 6528 6424 
12945 6424 6528 6425 
12946 6528 6529 6425 
12947 6425 6529 6426 
12948 6529 6530 6426 
12949 6426 6530 6427 
12950 6530 6531 6427 
12951 6427 6531 6428 
12952 6531 6532 6428 
12953 6428 6532 6429 
12954 6532 6533 6429 
12955 6429 6533 6430 
12956 6533 6534 6430 
12957 6430 6534 6431 
12958 6534 6535 6431 
12959 6431 6535 6432 
12960 6535 6536 6432 
12961 6432 6536 6433 
12962 6536 6537 6433 
12963 6433 6537 6434 
12964 6537 6538 6434 
12965 6434 6538 6539 
12966 6434 6539 6435 
12967 6435 6539 6540 
12968 6435 6540 6436 
12969 6436 6540 6541 
12970 6436 6541 6437 
12971 6437 6541 6542 
12972 6437 6542 6438 
12973 6438 6542 6543 
12974 6438 6543 6439 
12975 6439 6543 6544 
12976 6439 6544 6440 
12977 6440 6544 6545 
12978 6440 6545 6441 
12979 6441 6545 6546 
12980 6441 6546 6442 
12981 6442 6546 6547 
12982 6442 6547 6443 
12983 6443 6547 6548 
12984 6443 6548 6444 
12985 6444 6548 6549 
12986 6444 6549 6445 
12987 6445 6549 6550 
12988 6445 6550 6446 
12989 6446 6550 6551 
12990 6446 6551 6447 
12991 6447 6551 6552 
12992 6447 6552 6448 
12993 6448 6552 6553 
12994 6448 6553 6449 
12995 6449 6553 6554 
12996 6449 6554 6450 
12997 6450 6554 6555 
12998 6450 6555 6451 
12999 6451 6555 6556 
13000 6451 6556 6452 
13001 6452 6556 6557 
13002 6452 6557 6453 
13003 6453 6557 6558 
13004 6453 6558 6454 
13005 6454 6558 6559 
13006 6454 6559 6455 
13007 6455 6559 6560 
13008 6455 6560 6456 
13009 6456 6560 6561 
13010 6456 6561 6457 
13011 6457 6561 6562 
13012 6457 6562 6458 
13013 6458 6562 6563 
13014 6458 6563 6459 
13015 6459 6563 6564 
13016 6459 6564 6460 
13017 6460 6564 6461 
13018 6564 6565 6461 
13019 6461 6565 6462 
13020 6565 6566 6462 
13021 6462 6566 6463 
13022 6566 6567 6463 
13023 6463 6567 6464 
13024 6567 6568 6464 
13025 6464 6568 6465 
13026 6568 6569 6465 
13027 6465 6569 6466 
13028 6569 6570 6466 
13029 6466 6570 6467 
13030 6570 6571 6467 
13031 6467 6571 6468 
13032 6571 6572 6468 
13033 6468 6572 6469 
13034 6572 6573 6469 
13035 6469 6573 6470 
13036 6573 6574 6470 
13037 6470 6574 6471 
13038 6574 6575 6471 
13039 6471 6575 6472 
13040 6575 6576 6472 
13041 6472 6576 6473 
13042 6576 6577 6473 
13043 6473 6577 6474 
13044 6577 6578 6474 
13045 6474 6578 6475 
13046 6578 6579 6475 
13047 6475 6579 6476 
13048 6579 6580 6476 
13049 6476 6580 6477 
13050 6580 6581 6477 
13051 6477 6581 6478 
13052 6581 6582 6478 
13053 6478 6582 6479 
13054 6582 6583 6479 
13055 6479 6583 6480 
13056 6583 6584 6480 
13057 6480 6584 6481 
13058 6584 6585 6481 
13059 6481 6585 6482 
13060 6585 6586 6482 
13061 6482 6586 6483 
13062 6586 6587 6483 
13063 6483 6587 6484 
13064 6587 6588 6484 
13065 6484 6588 6485 
13066 6588 6589 6485 
13067 6485 6589 6383 
13068 6589 6487 6383 
13069 6487 6591 6590 
13070 6487 6590 6486 
13071 6486 6590 6592 
13072 6486 6592 6488 
13073 6488 6592 6593 
13074 6488 6593 6489 
13075 6489 6593 6594 
13076 6489 6594 6490 
13077 6490 6594 6595 
13078 6490 6595 6491 
13079 6491 6595 6596 
13080 6491 6596 6492 
13081 6492 6596 6597 
13082 6492 6597 6493 
13083 6493 6597 6598 
13084 6493 6598 6494 
13085 6494 6598 6599 
13086 6494 6599 6495 
13087 6495 6599 6600 
13088 6495 6600 6496 
13089 6496 6600 6601 
13090 6496 6601 6497 
13091 6497 6601 6602 
13092 6497 6602 6498 
13093 6498 6602 6603 
13094 6498 6603 6499 
13095 6499 6603 6604 
13096 6499 6604 6500 
13097 6500 6604 6605 
13098 6500 6605 6501 
13099 6501 6605 6606 
13100 6501 6606 6502 
13101 6502 6606 6607 
13102 6502 6607 6503 
13103 6503 6607 6608 
13104 6503 6608 6504 
13105 6504 6608 6609 
13106 6504 6609 6505 
13107 6505 6609 6610 
13108 6505 6610 6506 
13109 6506 6610 6611 
13110 6506 6611 6507 
13111 6507 6611 6612 
13112 6507 6612 6508 
13113 6508 6612 6613 
13114 6508 6613 6509 
13115 6509 6613 6614 
13116 6509 6614 6510 
13117 6510 6614 6615 
13118 6510 6615 6511 
13119 6511 6615 6616 
13120 6511 6616 6512 
13121 6512 6616 6513 
13122 6616 6617 6513 
13123 6513 6617 6514 
13124 6617 6618 6514 
13125 6514 6618 6515 
13126 6618 6619 6515 
13127 6515 6619 6516 
13128 6619 6620 6516 
13129 6516 6620 6517 
13130 6620 6621 6517 
13131 6517 6621 6518 
13132 6621 6622 6518 
13133 6518 6622 6519 
13134 6622 6623 6519 
13135 6519 6623 6520 
13136 6623 6624 6520 
13137 6520 6624 6521 
13138 6624 6625 6521 
13139 6521 6625 6522 
13140 6625 6626 6522 
13141 6522 6626 6523 
13142 6626 6627 6523 
13143 6523 6627 6524 
13144 6627 6628 6524 
13145 6524 6628 6525 
13146 6628 6629 6525 
13147 6525 6629 6526 
13148 6629 6630 6526 
13149 6526 6630 6527 
13150 6630 6631 6527 
13151 6527 6631 6528 
13152 6631 6632 6528 
13153 6528 6632 6529 
13154 6632 6633 6529 
13155 6529 6633 6530 
13156 6633 6634 6530 
13157 6530 6634 6531 
13158 6634 6635 6531 
13159 6531 6635 6532 
13160 6635 6636 6532 
13161 6532 6636 6533 
13162 6636 6637 6533 
13163 6533 6637 6534 
13164 6637 6638 6534 
13165 6534 6638 6535 
13166 6638 6639 6535 
13167 6535 6639 6536 
13168 6639 6640 6536 
13169 6536 6640 6537 
13170 6640 6641 6537 
13171 6537 6641 6538 
13172 6641 6642 6538 
13173 6538 6642 6643 
13174 6538 6643 6539 
13175 6539 6643 6644 
13176 6539 6644 6540 
13177 6540 6644 6645 
13178 6540 6645 6541 
13179 6541 6645 6646 
13180 6541 6646 6542 
13181 6542 6646 6647 
13182 6542 6647 6543 
13183 6543 6647 6648 
13184 6543 6648 6544 
13185 6544 6648 6649 
13186 6544 6649 6545 
13187 6545 6649 6650 
13188 6545 6650 6546 
13189 6546 6650 6651 
13190 6546 6651 6547 
13191 6547 6651 6652 
13192 6547 6652 6548 
13193 6548 6652 6653 
13194 6548 6653 6549 
13195 6549 6653 6654 
13196 6549 6654 6550 
13197 6550 6654 6655 
13198 6550 6655 6551 
13199 6551 6655 6656 
13200 6551 6656 6552 
13201 6552 6656 6657 
13202 6552 6657 6553 
13203 6553 6657 6658 
13204 6553 6658 6554 
13205 6554 6658 6659 
13206 6554 6659 6555 
13207 6555 6659 6660 
13208 6555 6660 6556 
13209 6556 6660 6661 
13210 6556 6661 6557 
13211 6557 6661 6662 
13212 6557 6662 6558 
13213 6558 6662 6663 
13214 6558 6663 6559 
13215 6559 6663 6664 
13216 6559 6664 6560 
13217 6560 6664 6665 
13218 6560 6665 6561 
13219 6561 6665 6666 
13220 6561 6666 6562 
13221 6562 6666 6667 
13222 6562 6667 6563 
13223 6563 6667 6668 
13224 6563 6668 6564 
13225 6564 6668 6565 
13226 6668 6669 6565 
13227 6565 6669 6566 
13228 6669 6670 6566 
13229 6566 6670 6567 
13230 6670 6671 6567 
13231 6567 6671 6568 
13232 6671 6672 6568 
13233 6568 6672 6569 
13234 6672 6673 6569 
13235 6569 6673 6570 
13236 6673 6674 6570 
13237 6570 6674 6571 
13238 6674 6675 6571 
13239 6571 6675 6572 
13240 6675 6676 6572 
13241 6572 6676 6573 
13242 6676 6677 6573 
13243 6573 6677 6574 
13244 6677 6678 6574 
13245 6574 6678 6575 
13246 6678 6679 6575 
13247 6575 6679 6576 
13248 6679 6680 6576 
13249 6576 6680 6577 
13250 6680 6681 6577 
13251 6577 6681 6578 
13252 6681 6682 6578 
13253 6578 6682 6579 
13254 6682 6683 6579 
13255 6579 6683 6580 
13256 6683 6684 6580 
13257 6580 6684 6581 
13258 6684 6685 6581 
13259 6581 6685 6582 
13260 6685 6686 6582 
13261 6582 6686 6583 
13262 6686 6687 6583 
13263 6583 6687 6584 
13264 6687 6688 6584 
13265 6584 6688 6585 
13266 6688 6689 6585 
13267 6585 6689 6586 
13268 6689 6690 6586 
13269 6586 6690 6587 
13270 6690 6691 6587 
13271 6587 6691 6588 
13272 6691 6692 6588 
13273 6588 6692 6589 
13274 6692 6693 6589 
13275 6589 6693 6487 
13276 6693 6591 6487 
13277 6591 6695 6694 
13278 6591 6694 6590 
13279 6590 6694 6696 
13280 6590 6696 6592 
13281 6592 6696 6697 
13282 6592 6697 6593 
13283 6593 6697 6698 
13284 6593 6698 6594 
13285 6594 6698 6699 
13286 6594 6699 6595 
13287 6595 6699 6700 
13288 6595 6700 6596 
13289 6596 6700 6701 
13290 6596 6701 6597 
13291 6597 6701 6702 
13292 6597 6702 6598 
13293 6598 6702 6703 
13294 6598 6703 6599 
13295 6599 6703 6704 
13296 6599 6704 6600 
13297 6600 6704 6705 
13298 6600 6705 6601 
13299 6601 6705 6706 
13300 6601 6706 6602 
13301 6602 6706 6707 
13302 6602 6707 6603 
13303 6603 6707 6708 
13304 6603 6708 6604 
13305 6604 6708 6709 
13306 6604 6709 6605 
13307 6605 6709 6710 
13308 6605 6710 6606 
13309 6606 6710 6711 
13310 6606 6711 6607 
13311 6607 6711 6712 
13312 6607 6712 6608 
13313 6608 6712 6713 
13314 6608 6713 6609 
13315 6609 6713 6714 
13316 6609 6714 6610 
13317 6610 6714 6715 
13318 6610 6715 6611 
13319 6611 6715 6716 
13320 6611 6716 6612 
13321 6612 6716 6717 
13322 6612 6717 6613 
13323 6613 6717 6718 
13324 6613 6718 6614 
13325 6614 6718 6719 
13326 6614 6719 6615 
13327 6615 6719 6720 
13328 6615 6720 6616 
13329 6616 6720 6617 
13330 6720 6721 6617 
13331 6617 6721 6618 
13332 6721 6722 6618 
13333 6618 6722 6619 
13334 6722 6723 6619 
13335 6619 6723 6620 
13336 6723 6724 6620 
13337 6620 6724 6621 
13338 6724 6725 6621 
13339 6621 6725 6622 
13340 6725 6726 6622 
13341 6622 6726 6623 
13342 6726 6727 6623 
13343 6623 6727 6624 
13344 6727 6728 6624 
13345 6624 6728 6625 
13346 6728 6729 6625 
13347 6625 6729 6626 
13348 6729 6730 6626 
13349 6626 6730 6627 
13350 6730 6731 6627 
13351 6627 6731 6628 
13352 6731 6732 6628 
13353 6628 6732 6629 
13354 6732 6733 6629 
13355 6629 6733 6630 
13356 6733 6734 6630 
13357 6630 6734 6631 
13358 6734 6735 6631 
13359 6631 6735 6632 
13360 6735 6736 6632 
13361 6632 6736 6633 
13362 6736 6737 6633 
13363 6633 6737 6634 
13364 6737 6738 6634 
13365 6634 6738 6635 
13366 6738 6739 6635 
13367 6635 6739 6636 
13368 6739 6740 6636 
13369 6636 6740 6637 
13370 6740 6741 6637 
13371 6637 6741 6638 
13372 6741 6742 6638 
13373 6638 6742 6639 
13374 6742 6743 6639 
13375 6639 6743 6640 
13376 6743 6744 6640 
13377 6640 6744 6641 
13378 6744 6745 6641 
13379 6641 6745 6642 
13380 6745 6746 6642 
13381 6642 6746 6747 
13382 6642 6747 6643 
13383 6643 6747 6748 
13384 6643 6748 6644 
13385 6644 6748 6749 
13386 6644 6749 6645 
13387 6645 6749 6750 
13388 6645 6750 6646 
13389 6646 6750 6751 
13390 6646 6751 6647 
13391 6647 6751 6752 
13392 6647 6752 6648 
13393 6648 6752 6753 
13394 6648 6753 6649 
13395 6649 6753 6754 
13396 6649 6754 6650 
13397 6650 6754 6755 
13398 6650 6755 6651 
13399 6651 6755 6756 
13400 6651 6756 6652 
13401 6652 6756 6757 
13402 6652 6757 6653 
13403 6653 6757 6758 
13404 6653 6758 6654 
13405 6654 6758 6759 
13406 6654 6759 6655 
13407 6655 6759 6760 
13408 6655 6760 6656 
13409 6656 6760 6761 
13410 6656 6761 6657 
13411 6657 6761 6762 
13412 6657 6762 6658 
13413 6658 6762 6763 
13414 6658 6763 6659 
13415 6659 6763 6764 
13416 6659 6764 6660 
13417 6660 6764 6765 
13418 6660 6765 6661 
13419 6661 6765 6766 
13420 6661 6766 6662 
13421 6662 6766 6767 
13422 6662 6767 6663 
13423 6663 6767 6768 
13424 6663 6768 6664 
13425 6664 6768 6769 
13426 6664 6769 6665 
13427 6665 6769 6770 
13428 6665 6770 6666 
13429 6666 6770 6771 
13430 6666 6771 6667 
13431 6667 6771 6772 
13432 6667 6772 6668 
13433 6668 6772 6669 
13434 6772 6773 6669 
13435 6669 6773 6670 
13436 6773 6774 6670 
13437 6670 6774 6671 
13438 6774 6775 6671 
13439 6671 6775 6672 
13440 6775 6776 6672 
13441 6672 6776 6673 
13442 6776 6777 6673 
13443 6673 6777 6674 
13444 6777 6778 6674 
13445 6674 6778 6675 
13446 6778 6779 6675 
13447 6675 6779 6676 
13448 6779 6780 6676 
13449 6676 6780 6677 
13450 6780 6781 6677 
13451 6677 6781 6678 
13452 6781 6782 6678 
13453 6678 6782 6679 
13454 6782 6783 6679 
13455 6679 6783 6680 
13456 6783 6784 6680 
13457 6680 6784 6681 
13458 6784 6785 6681 
13459 6681 6785 6682 
13460 6785 6786 6682 
13461 6682 6786 6683 
13462 6786 6787 6683 
13463 6683 6787 6684 
13464 6787 6788 6684 
13465 6684 6788 6685 
13466 6788 6789 6685 
13467 6685 6789 6686 
13468 6789 6790 6686 
13469 6686 6790 6687 
13470 6790 6791 6687 
13471 6687 6791 6688 
13472 6791 6792 6688 
13473 6688 6792 6689 
13474 6792 6793 6689 
13475 6689 6793 6690 
13476 6793 6794 6690 
13477 6690 6794 6691 
13478 6794 6795 6691 
13479 6691 6795 6692 
13480 6795 6796 6692 
13481 6692 6796 6693 
13482 6796 6797 6693 
13483 6693 6797 6591 
13484 6797 6695 6591 
13485 6695 6799 6798 
13486 6695 6798 6694 
13487 6694 6798 6800 
13488 6694 6800 6696 
13489 6696 6800 6801 
13490 6696 6801 6697 
13491 6697 6801 6802 
13492 6697 6802 6698 
13493 6698 6802 6803 
13494 6698 6803 6699 
13495 6699 6803 6804 
13496 6699 6804 6700 
13497 6700 6804 6805 
13498 6700 6805 6701 
13499 6701 6805 6806 
13500 6701 6806 6702 
13501 6702 6806 6807 
13502 6702 6807 6703 
13503 6703 6807 6808 
13504 6703 6808 6704 
13505 6704 6808 6809 
13506 6704 6809 6705 
13507 6705 6809 6810 
13508 6705 6810 6706 
13509 6706 6810 6811 
13510 6706 6811 6707 
13511 6707 6811 6812 
13512 6707 6812 6708 
13513 6708 6812 6813 
13514 6708 6813 6709 
13515 6709 6813 6814 
13516 6709 6814 6710 
13517 6710 6814 6815 
13518 6710 6815 6711 
13519 6711 6815 6816 
13520 6711 6816 6712 
13521 6712 6816 6817 
13522 6712 6817 6713 
13523 6713 6817 6818 
13524 6713 6818 6714 
13525 6714 6818 6819 
13526 6714 6819 6715 
13527 6715 6819 6820 
13528 6715 6820 6716 
13529 6716 6820 6821 
13530 6716 6821 6717 
13531 6717 6821 6822 
13532 6717 6822 6718 
13533 6718 6822 6823 
13534 6718 6823 6719 
13535 6719 6823 6824 
13536 6719 6824 6720 
13537 6720 6824 6721 
13538 6824 6825 6721 
13539 6721 6825 6722 
13540 6825 6826 6722 
13541 6722 6826 6723 
13542 6826 6827 6723 
13543 6723 6827 6724 
13544 6827 6828 6724 
13545 6724 6828 6725 
13546 6828 6829 6725 
13547 6725 6829 6726 
13548 6829 6830 6726 
13549 6726 6830 6727 
13550 6830 6831 6727 
13551 6727 6831 6728 
13552 6831 6832 6728 
13553 6728 6832 6729 
13554 6832 6833 6729 
13555 6729 6833 6730 
13556 6833 6834 6730 
13557 6730 6834 6731 
13558 6834 6835 6731 
13559 6731 6835 6732 
13560 6835 6836 6732 
13561 6732 6836 6733 
13562 6836 6837 6733 
13563 6733 6837 6734 
13564 6837 6838 6734 
13565 6734 6838 6735 
13566 6838 6839 6735 
13567 6735 6839 6736 
13568 6839 6840 6736 
13569 6736 6840 6737 
13570 6840 6841 6737 
13571 6737 6841 6738 
13572 6841 6842 6738 
13573 6738 6842 6739 
13574 6842 6843 6739 
13575 6739 6843 6740 
13576 6843 6844 6740 
13577 6740 6844 6741 
13578 6844 6845 6741 
13579 6741 6845 6742 
13580 6845 6846 6742 
13581 6742 6846 6743 
13582 6846 6847 6743 
13583 6743 6847 6744 
13584 6847 6848 6744 
13585 6744 6848 6745 
13586 6848 6849 6745 
13587 6745 6849 6746 
13588 6849 6850 6746 
13589 6746 6850 6851 
13590 6746 6851 6747 
13591 6747 6851 6852 
13592 6747 6852 6748 
13593 6748 6852 6853 
13594 6748 6853 6749 
13595 6749 6853 6854 
13596 6749 6854 6750 
13597 6750 6854 6855 
13598 6750 6855 6751 
13599 6751 6855 6856 
13600 6751 6856 6752 
13601 6752 6856 6857 
13602 6752 6857 6753 
13603 6753 6857 6858 
13604 6753 6858 6754 
13605 6754 6858 6859 
13606 6754 6859 6755 
13607 6755 6859 6860 
13608 6755 6860 6756 
13609 6756 6860 6861 
13610 6756 6861 6757 
13611 6757 6861 6862 
13612 6757 6862 6758 
13613 6758 6862 6863 
13614 6758 6863 6759 
13615 6759 6863 6864 
13616 6759 6864 6760 
13617 6760 6864 6865 
13618 6760 6865 6761 
13619 6761 6865 6866 
13620 6761 6866 6762 
13621 6762 6866 6867 
13622 6762 6867 6763 
13623 6763 6867 6868 
13624 6763 6868 6764 
13625 6764 6868 6869 
13626 6764 6869 6765 
13627 6765 6869 6870 
13628 6765 6870 6766 
13629 6766 6870 6871 
13630 6766 6871 6767 
13631 6767 6871 6872 
13632 6767 6872 6768 
13633 6768 6872 6873 
13634 6768 6873 6769 
13635 6769 6873 6874 
13636 6769 6874 6770 
13637 6770 6874 6875 
13638 6770 6875 6771 
13639 6771 6875 6876 
13640 6771 6876 6772 
13641 6772 6876 6773 
13642 6876 6877 6773 
13643 6773 6877 6774 
13644 6877 6878 6774 
13645 6774 6878 6775 
13646 6878 6879 6775 
13647 6775 6879 6776 
13648 6879 6880 6776 
13649 6776 6880 6777 
13650 6880 6881 6777 
13651 6777 6881 6778 
13652 6881 6882 6778 
13653 6778 6882 6779 
13654 6882 6883 6779 
13655 6779 6883 6780 
13656 6883 6884 6780 
13657 6780 6884 6781 
13658 6884 6885 6781 
13659 6781 6885 6782 
13660 6885 6886 6782 
13661 6782 6886 6783 
13662 6886 6887 6783 
13663 6783 6887 6784 
13664 6887 6888 6784 
13665 6784 6888 6785 
13666 6888 6889 6785 
13667 6785 6889 6786 
13668 6889 6890 6786 
13669 6786 6890 6787 
13670 6890 6891 6787 
13671 6787 6891 6788 
13672 6891 6892 6788 
13673 6788 6892 6789 
13674 6892 6893 6789 
13675 6789 6893 6790 
13676 6893 6894 6790 
13677 6790 6894 6791 
13678 6894 6895 6791 
13679 6791 6895 6792 
13680 6895 6896 6792 
13681 6792 6896 6793 
13682 6896 6897 6793 
13683 6793 6897 6794 
13684 6897 6898 6794 
13685 6794 6898 6795 
13686 6898 6899 6795 
13687 6795 6899 6796 
13688 6899 6900 6796 
13689 6796 6900 6797 
13690 6900 6901 6797 
13691 6797 6901 6695 
13692 6901 6799 6695 
13693 6799 6903 6902 
13694 6799 6902 6798 
13695 6798 6902 6904 
13696 6798 6904 6800 
13697 6800 6904 6905 
13698 6800 6905 6801 
13699 6801 6905 6906 
13700 6801 6906 6802 
13701 6802 6906 6907 
13702 6802 6907 6803 
13703 6803 6907 6908 
13704 6803 6908 6804 
13705 6804 6908 6909 
13706 6804 6909 6805 
13707 6805 6909 6910 
13708 6805 6910 6806 
13709 6806 6910 6911 
13710 6806 6911 6807 
13711 6807 6911 6912 
13712 6807 6912 6808 
13713 6808 6912 6913 
13714 6808 6913 6809 
13715 6809 6913 6914 
13716 6809 6914 6810 
13717 6810 6914 6915 
13718 6810 6915 6811 
13719 6811 6915 6916 
13720 6811 6916 6812 
13721 6812 6916 6917 
13722 6812 6917 6813 
13723 6813 6917 6918 
13724 6813 6918 6814 
13725 6814 6918 6919 
13726 6814 6919 6815 
13727 6815 6919 6920 
13728 6815 6920 6816 
13729 6816 6920 6921 
13730 6816 6921 6817 
13731 6817 6921 6922 
13732 6817 6922 6818 
13733 6818 6922 6923 
13734 6818 6923 6819 
13735 6819 6923 6924 
13736 6819 6924 6820 
13737 6820 6924 6925 
13738 6820 6925 6821 
13739 6821 6925 6926 
13740 6821 6926 6822 
13741 6822 6926 6927 
13742 6822 6927 6823 
13743 6823 6927 6928 
13744 6823 6928 6824 
13745 6824 6928 6825 
13746 6928 6929 6825 
13747 6825 6929 6826 
13748 6929 6930 6826 
13749 6826 6930 6827 
13750 6930 6931 6827 
13751 6827 6931 6828 
13752 6931 6932 6828 
13753 6828 6932 6829 
13754 6932 6933 6829 
13755 6829 6933 6830 
13756 6933 6934 6830 
13757 6830 6934 6831 
13758 6934 6935 6831 
13759 6831 6935 6832 
13760 6935 6936 6832 
13761 6832 6936 6833 
13762 6936 6937 6833 
13763 6833 6937 6834 
13764 6937 6938 6834 
13765 6834 6938 6835 
13766 6938 6939 6835 
13767 6835 6939 6836 
13768 6939 6940 6836 
13769 6836 6940 6837 
13770 6940 6941 6837 
13771 6837 6941 6838 
13772 6941 6942 6838 
13773 6838 6942 6839 
13774 6942 6943 6839 
13775 6839 6943 6840 
13776 6943 6944 6840 
13777 6840 6944 6841 
13778 6944 6945 6841 
13779 6841 6945 6842 
13780 6945 6946 6842 
13781 6842 6946 6843 
13782 6946 6947 6843 
13783 6843 6947 6844 
13784 6947 6948 6844 
13785 6844 6948 6845 
13786 6948 6949 6845 
13787 6845 6949 6846 
13788 6949 6950 6846 
13789 6846 6950 6847 
13790 6950 6951 6847 
13791 6847 6951 6848 
13792 6951 6952 6848 
13793 6848 6952 6849 
13794 6952 6953 6849 
13795 6849 6953 6850 
13796 6953 6954 6850 
13797 6850 6954 6955 
13798 6850 6955 6851 
13799 6851 6955 6956 
13800 6851 6956 6852 
13801 6852 6956 6957 
13802 6852 6957 6853 
13803 6853 6957 6958 
13804 6853 6958 6854 
13805 6854 6958 6959 
13806 6854 6959 6855 
13807 6855 6959 6960 
13808 6855 6960 6856 
13809 6856 6960 6961 
13810 6856 6961 6857 
13811 6857 6961 6962 
13812 6857 6962 6858 
13813 6858 6962 6963 
13814 6858 6963 6859 
13815 6859 6963 6964 
13816 6859 6964 6860 
13817 6860 6964 6965 
13818 6860 6965 6861 
13819 6861 6965 6966 
13820 6861 6966 6862 
13821 6862 6966 6967 
13822 6862 6967 6863 
13823 6863 6967 6968 
13824 6863 6968 6864 
13825 6864 6968 6969 
13826 6864 6969 6865 
13827 6865 6969 6970 
13828 6865 6970 6866 
13829 6866 6970 6971 
13830 6866 6971 6867 
13831 6867 6971 6972 
13832 6867 6972 6868 
13833 6868 6972 6973 
13834 6868 6973 6869 
13835 6869 6973 6974 
13836 6869 6974 6870 
13837 6870 6974 6975 
13838 6870 6975 6871 
13839 6871 6975 6976 
13840 6871 6976 6872 
13841 6872 6976 6977 
13842 6872 6977 6873 
13843 6873 6977 6978 
13844 6873 6978 6874 
13845 6874 6978 6979 
13846 6874 6979 6875 
13847 6875 6979 6980 
13848 6875 6980 6876 
13849 6876 6980 6877 
13850 6980 6981 6877 
13851 6877 6981 6878 
13852 6981 6982 6878 
13853 6878 6982 6879 
13854 6982 6983 6879 
13855 6879 6983 6880 
13856 6983 6984 6880 
13857 6880 6984 6881 
13858 6984 6985 6881 
13859 6881 6985 6882 
13860 6985 6986 6882 
13861 6882 6986 6883 
13862 6986 6987 6883 
13863 6883 6987 6884 
13864 6987 6988 6884 
13865 6884 6988 6885 
13866 6988 6989 6885 
13867 6885 6989 6886 
13868 6989 6990 6886 
13869 6886 6990 6887 
13870 6990 6991 6887 
13871 6887 6991 6888 
13872 6991 6992 6888 
13873 6888 6992 6889 
13874 6992 6993 6889 
13875 6889 6993 6890 
13876 6993 6994 6890 
13877 6890 6994 6891 
13878 6994 6995 6891 
13879 6891 6995 6892 
13880 6995 6996 6892 
13881 6892 6996 6893 
13882 6996 6997 6893 
13883 6893 6997 6894 
13884 6997 6998 6894 
13885 6894 6998 6895 
13886 6998 6999 6895 
13887 6895 6999 6896 
13888 6999 7000 6896 
13889 6896 7000 6897 
13890 7000 7001 6897 
13891 6897 7001 6898 
13892 7001 7002 6898 
13893 6898 7002 6899 
13894 7002 7003 6899 
13895 6899 7003 6900 
13896 7003 7004 6900 
13897 6900 7004 6901 
13898 7004 7005 6901 
13899 6901 7005 6799 
13900 7005 6903 6799 
13901 6903 7007 7006 
13902 6903 7006 6902 
13903 6902 7006 7008 
13904 6902 7008 6904 
13905 6904 7008 7009 
13906 6904 7009 6905 
13907 6905 7009 7010 
13908 6905 7010 6906 
13909 6906 7010 7011 
13910 6906 7011 6907 
13911 6907 7011 7012 
13912 6907 7012 6908 
13913 6908 7012 7013 
13914 6908 7013 6909 
13915 6909 7013 7014 
13916 6909 7014 6910 
13917 6910 7014 7015 
13918 6910 7015 6911 
13919 6911 7015 7016 
13920 6911 7016 6912 
13921 6912 7016 7017 
13922 6912 7017 6913 
13923 6913 7017 7018 
13924 6913 7018 6914 
13925 6914 7018 7019 
13926 6914 7019 6915 
13927 6915 7019 7020 
13928 6915 7020 6916 
13929 6916 7020 7021 
13930 6916 7021 6917 
13931 6917 7021 7022 
13932 6917 7022 6918 
13933 6918 7022 7023 
13934 6918 7023 6919 
13935 6919 7023 7024 
13936 6919 7024 6920 
13937 6920 7024 7025 
13938 6920 7025 6921 
13939 6921 7025 7026 
13940 6921 7026 6922 
13941 6922 7026 7027 
13942 6922 7027 6923 
13943 6923 7027 7028 
13944 6923 7028 6924 
13945 6924 7028 7029 
13946 6924 7029 6925 
13947 6925 7029 7030 
13948 6925 7030 6926 
13949 6926 7030 7031 
13950 6926 7031 6927 
13951 6927 7031 7032 
13952 6927 7032 6928 
13953 6928 7032 6929 
13954 7032 7033 6929 
13955 6929 7033 6930 
13956 7033 7034 6930 
13957 6930 7034 6931 
13958 7034 7035 6931 
13959 6931 7035 6932 
13960 7035 7036 6932 
13961 6932 7036 6933 
13962 7036 7037 6933 
13963 6933 7037 6934 
13964 7037 7038 6934 
13965 6934 7038 6935 
13966 7038 7039 6935 
13967 6935 7039 6936 
13968 7039 7040 6936 
13969 6936 7040 6937 
13970 7040 7041 6937 
13971 6937 7041 6938 
13972 7041 7042 6938 
13973 6938 7042 6939 
13974 7042 7043 6939 
13975 6939 7043 6940 
13976 7043 7044 6940 
13977 6940 7044 6941 
13978 7044 7045 6941 
13979 6941 7045 6942 
13980 7045 7046 6942 
13981 6942 7046 6943 
13982 7046 7047 6943 
13983 6943 7047 6944 
13984 7047 7048 6944 
13985 6944 7048 6945 
13986 7048 7049 6945 
13987 6945 7049 6946 
13988 7049 7050 6946 
13989 6946 7050 6947 
13990 7050 7051 6947 
13991 6947 7051 6948 
13992 7051 7052 6948 
13993 6948 7052 6949 
13994 7052 7053 6949 
13995 6949 7053 6950 
13996 7053 7054 6950 
13997 6950 7054 6951 
13998 7054 7055 6951 
13999 6951 7055 6952 
14000 7055 7056 6952 
14001 6952 7056 6953 
14002 7056 7057 6953 
14003 6953 7057 6954 
14004 7057 7058 6954 
14005 6954 7058 7059 
14006 6954 7059 6955 
14007 6955 7059 7060 
14008 6955 7060 6956 
14009 6956 7060 7061 
14010 6956 7061 6957 
14011 6957 7061 7062 
14012 6957 7062 6958 
14013 6958 7062 7063 
14014 6958 7063 6959 
14015 6959 7063 7064 
14016 6959 7064 6960 
14017 6960 7064 7065 
14018 6960 7065 6961 
14019 6961 7065 7066 
14020 6961 7066 6962 
14021 6962 7066 7067 
14022 6962 7067 6963 
14023 6963 7067 7068 
14024 6963 7068 6964 
14025 6964 7068 7069 
14026 6964 7069 6965 
14027 6965 7069 7070 
14028 6965 7070 6966 
14029 6966 7070 7071 
14030 6966 7071 6967 
14031 6967 7071 7072 
14032 6967 7072 6968 
14033 6968 7072 7073 
14034 6968 7073 6969 
14035 6969 7073 7074 
14036 6969 7074 6970 
14037 6970 7074 7075 
14038 6970 7075 6971 
14039 6971 7075 7076 
14040 6971 7076 6972 
14041 6972 7076 7077 
14042 6972 7077 6973 
14043 6973 7077 7078 
14044 6973 7078 6974 
14045 6974 7078 7079 
14046 6974 7079 6975 
14047 6975 7079 7080 
14048 6975 7080 6976 
14049 6976 7080 7081 
14050 6976 7081 6977 
14051 6977 7081 7082 
14052 6977 7082 6978 
14053 6978 7082 7083 
14054 6978 7083 6979 
14055 6979 7083 7084 
14056 6979 7084 6980 
14057 6980 7084 6981 
14058 7084 7085 6981 
14059 6981 7085 6982 
14060 7085 7086 6982 
14061 6982 7086 6983 
14062 7086 7087 6983 
14063 6983 7087 6984 
14064 7087 7088 6984 
14065 6984 7088 6985 
14066 7088 7089 6985 
14067 6985 7089 6986 
14068 7089 7090 6986 
14069 6986 7090 6987 
14070 7090 7091 6987 
14071 6987 7091 6988 
14072 7091 7092 6988 
14073 6988 7092 6989 
14074 7092 7093 6989 
14075 6989 7093 6990 
14076 7093 7094 6990 
14077 6990 7094 6991 
14078 7094 7095 6991 
14079 6991 7095 6992 
14080 7095 7096 6992 
14081 6992 7096 6993 
14082 7096 7097 6993 
14083 6993 7097 6994 
14084 7097 7098 6994 
14085 6994 7098 6995 
14086 7098 7099 6995 
14087 6995 7099 6996 
14088 7099 7100 6996 
14089 6996 7100 6997 
14090 7100 7101 6997 
14091 6997 7101 6998 
14092 7101 7102 6998 
14093 6998 7102 6999 
14094 7102 7103 6999 
14095 6999 7103 7000 
14096 7103 7104 7000 
14097 7000 7104 7001 
14098 7104 7105 7001 
14099 7001 7105 7002 
14100 7105 7106 7002 
14101 7002 7106 7003 
14102 7106 7107 7003 
14103 7003 7107 7004 
14104 7107 7108 7004 
14105 7004 7108 7005 
14106 7108 7109 7005 
14107 7005 7109 6903 
14108 7109 7007 6903 
14109 7007 7111 7110 
14110 7007 7110 7006 
14111 7006 7110 7112 
14112 7006 7112 7008 
14113 7008 7112 7113 
14114 7008 7113 7009 
14115 7009 7113 7114 
14116 7009 7114 7010 
14117 7010 7114 7115 
14118 7010 7115 7011 
14119 7011 7115 7116 
14120 7011 7116 7012 
14121 7012 7116 7117 
14122 7012 7117 7013 
14123 7013 7117 7118 
14124 7013 7118 7014 
14125 7014 7118 7119 
14126 7014 7119 7015 
14127 7015 7119 7120 
14128 7015 7120 7016 
14129 7016 7120 7121 
14130 7016 7121 7017 
14131 7017 7121 7122 
14132 7017 7122 7018 
14133 7018 7122 7123 
14134 7018 7123 7019 
14135 7019 7123 7124 
14136 7019 7124 7020 
14137 7020 7124 7125 
14138 7020 7125 7021 
14139 7021 7125 7126 
14140 7021 7126 7022 
14141 7022 7126 7127 
14142 7022 7127 7023 
14143 7023 7127 7128 
14144 7023 7128 7024 
14145 7024 7128 7129 
14146 7024 7129 7025 
14147 7025 7129 7130 
14148 7025 7130 7026 
14149 7026 7130 7131 
14150 7026 7131 7027 
14151 7027 7131 7132 
14152 7027 7132 7028 
14153 7028 7132 7133 
14154 7028 7133 7029 
14155 7029 7133 7134 
14156 7029 7134 7030 
14157 7030 7134 7135 
14158 7030 7135 7031 
14159 7031 7135 7136 
14160 7031 7136 7032 
14161 7032 7136 7033 
14162 7136 7137 7033 
14163 7033 7137 7034 
14164 7137 7138 7034 
14165 7034 7138 7035 
14166 7138 7139 7035 
14167 7035 7139 7036 
14168 7139 7140 7036 
14169 7036 7140 7037 
14170 7140 7141 7037 
14171 7037 7141 7038 
14172 7141 7142 7038 
14173 7038 7142 7039 
14174 7142 7143 7039 
14175 7039 7143 7040 
14176 7143 7144 7040 
14177 7040 7144 7041 
14178 7144 7145 7041 
14179 7041 7145 7042 
14180 7145 7146 7042 
14181 7042 7146 7043 
14182 7146 7147 7043 
14183 7043 7147 7044 
14184 7147 7148 7044 
14185 7044 7148 7045 
14186 7148 7149 7045 
14187 7045 7149 7046 
14188 7149 7150 7046 
14189 7046 7150 7047 
14190 7150 7151 7047 
14191 7047 7151 7048 
14192 7151 7152 7048 
14193 7048 7152 7049 
14194 7152 7153 7049 
14195 7049 7153 7050 
14196 7153 7154 7050 
14197 7050 7154 7051 
14198 7154 7155 7051 
14199 7051 7155 7052 
14200 7155 7156 7052 
14201 7052 7156 7053 
14202 7156 7157 7053 
14203 7053 7157 7054 
14204 7157 7158 7054 
14205 7054 7158 7055 
14206 7158 7159 7055 
14207 7055 7159 7056 
14208 7159 7160 7056 
14209 7056 7160 7057 
14210 7160 7161 7057 
14211 7057 7161 7058 
14212 7161 7162 7058 
14213 7058 7162 7163 
14214 7058 7163 7059 
14215 7059 7163 7164 
14216 7059 7164 7060 
14217 7060 7164 7165 
14218 7060 7165 7061 
14219 7061 7165 7166 
14220 7061 7166 7062 
14221 7062 7166 7167 
14222 7062 7167 7063 
14223 7063 7167 7168 
14224 7063 7168 7064 
14225 7064 7168 7169 
14226 7064 7169 7065 
14227 7065 7169 7170 
14228 7065 7170 7066 
14229 7066 7170 7171 
14230 7066 7171 7067 
14231 7067 7171 7172 
14232 7067 7172 7068 
14233 7068 7172 7173 
14234 7068 7173 7069 
14235 7069 7173 7174 
14236 7069 7174 7070 
14237 7070 7174 7175 
14238 7070 7175 7071 
14239 7071 7175 7176 
14240 7071 7176 7072 
14241 7072 7176 7177 
14242 7072 7177 7073 
14243 7073 7177 7178 
14244 7073 7178 7074 
14245 7074 7178 7179 
14246 7074 7179 7075 
14247 7075 7179 7180 
14248 7075 7180 7076 
14249 7076 7180 7181 
14250 7076 7181 7077 
14251 7077 7181 7182 
14252 7077 7182 7078 
14253 7078 7182 7183 
14254 7078 7183 7079 
14255 7079 7183 7184 
14256 7079 7184 7080 
14257 7080 7184 7185 
14258 7080 7185 7081 
14259 7081 7185 7186 
14260 7081 7186 7082 
14261 7082 7186 7187 
14262 7082 7187 7083 
14263 7083 7187 7188 
14264 7083 7188 7084 
14265 7084 7188 7085 
14266 7188 7189 7085 
14267 7085 7189 7086 
14268 7189 7190 7086 
14269 7086 7190 7087 
14270 7190 7191 7087 
14271 7087 7191 7088 
14272 7191 7192 7088 
14273 7088 7192 7089 
14274 7192 7193 7089 
14275 7089 7193 7090 
14276 7193 7194 7090 
14277 7090 7194 7091 
14278 7194 7195 7091 
14279 7091 7195 7092 
14280 7195 7196 7092 
14281 7092 7196 7093 
14282 7196 7197 7093 
14283 7093 7197 7094 
14284 7197 7198 7094 
14285 7094 7198 7095 
14286 7198 7199 7095 
14287 7095 7199 7096 
14288 7199 7200 7096 
14289 7096 7200 7097 
14290 7200 7201 7097 
14291 7097 7201 7098 
14292 7201 7202 7098 
14293 7098 7202 7099 
14294 7202 7203 7099 
14295 7099 7203 7100 
14296 7203 7204 7100 
14297 7100 7204 7101 
14298 7204 7205 7101 
14299 7101 7205 7102 
14300 7205 7206 7102 
14301 7102 7206 7103 
14302 7206 7207 7103 
14303 7103 7207 7104 
14304 7207 7208 7104 
14305 7104 7208 7105 
14306 7208 7209 7105 
14307 7105 7209 7106 
14308 7209 7210 7106 
14309 7106 7210 7107 
14310 7210 7211 7107 
14311 7107 7211 7108 
14312 7211 7212 7108 
14313 7108 7212 7109 
14314 7212 7213 7109 
14315 7109 7213 7007 
14316 7213 7111 7007 
14317 7111 7215 7214 
14318 7111 7214 7110 
14319 7110 7214 7216 
14320 7110 7216 7112 
14321 7112 7216 7217 
14322 7112 7217 7113 
14323 7113 7217 7218 
14324 7113 7218 7114 
14325 7114 7218 7219 
14326 7114 7219 7115 
14327 7115 7219 7220 
14328 7115 7220 7116 
14329 7116 7220 7221 
14330 7116 7221 7117 
14331 7117 7221 7222 
14332 7117 7222 7118 
14333 7118 7222 7223 
14334 7118 7223 7119 
14335 7119 7223 7224 
14336 7119 7224 7120 
14337 7120 7224 7225 
14338 7120 7225 7121 
14339 7121 7225 7226 
14340 7121 7226 7122 
14341 7122 7226 7227 
14342 7122 7227 7123 
14343 7123 7227 7228 
14344 7123 7228 7124 
14345 7124 7228 7229 
14346 7124 7229 7125 
14347 7125 7229 7230 
14348 7125 7230 7126 
14349 7126 7230 7231 
14350 7126 7231 7127 
14351 7127 7231 7232 
14352 7127 7232 7128 
14353 7128 7232 7233 
14354 7128 7233 7129 
14355 7129 7233 7234 
14356 7129 7234 7130 
14357 7130 7234 7235 
14358 7130 7235 7131 
14359 7131 7235 7236 
14360 7131 7236 7132 
14361 7132 7236 7237 
14362 7132 7237 7133 
14363 7133 7237 7238 
14364 7133 7238 7134 
14365 7134 7238 7239 
14366 7134 7239 7135 
14367 7135 7239 7240 
14368 7135 7240 7136 
14369 7136 7240 7137 
14370 7240 7241 7137 
14371 7137 7241 7138 
14372 7241 7242 7138 
14373 7138 7242 7139 
14374 7242 7243 7139 
14375 7139 7243 7140 
14376 7243 7244 7140 
14377 7140 7244 7141 
14378 7244 7245 7141 
14379 7141 7245 7142 
14380 7245 7246 7142 
14381 7142 7246 7143 
14382 7246 7247 7143 
14383 7143 7247 7144 
14384 7247 7248 7144 
14385 7144 7248 7145 
14386 7248 7249 7145 
14387 7145 7249 7146 
14388 7249 7250 7146 
14389 7146 7250 7147 
14390 7250 7251 7147 
14391 7147 7251 7148 
14392 7251 7252 7148 
14393 7148 7252 7149 
14394 7252 7253 7149 
14395 7149 7253 7150 
14396 7253 7254 7150 
14397 7150 7254 7151 
14398 7254 7255 7151 
14399 7151 7255 7152 
14400 7255 7256 7152 
14401 7152 7256 7153 
14402 7256 7257 7153 
14403 7153 7257 7154 
14404 7257 7258 7154 
14405 7154 7258 7155 
14406 7258 7259 7155 
14407 7155 7259 7156 
14408 7259 7260 7156 
14409 7156 7260 7157 
14410 7260 7261 7157 
14411 7157 7261 7158 
14412 7261 7262 7158 
14413 7158 7262 7159 
14414 7262 7263 7159 
14415 7159 7263 7160 
14416 7263 7264 7160 
14417 7160 7264 7161 
14418 7264 7265 7161 
14419 7161 7265 7162 
14420 7265 7266 7162 
14421 7162 7266 7267 
14422 7162 7267 7163 
14423 7163 7267 7268 
14424 7163 7268 7164 
14425 7164 7268 7269 
14426 7164 7269 7165 
14427 7165 7269 7270 
14428 7165 7270 7166 
14429 7166 7270 7271 
14430 7166 7271 7167 
14431 7167 7271 7272 
14432 7167 7272 7168 
14433 7168 7272 7273 
14434 7168 7273 7169 
14435 7169 7273 7274 
14436 7169 7274 7170 
14437 7170 7274 7275 
14438 7170 7275 7171 
14439 7171 7275 7276 
14440 7171 7276 7172 
14441 7172 7276 7277 
14442 7172 7277 7173 
14443 7173 7277 7278 
14444 7173 7278 7174 
14445 7174 7278 7279 
14446 7174 7279 7175 
14447 7175 7279 7280 
14448 7175 7280 7176 
14449 7176 7280 7281 
14450 7176 7281 7177 
14451 7177 7281 7282 
14452 7177 7282 7178 
14453 7178 7282 7283 
14454 7178 7283 7179 
14455 7179 7283 7284 
14456 7179 7284 7180 
14457 7180 7284 7285 
14458 7180 7285 7181 
14459 7181 7285 7286 
14460 7181 7286 7182 
14461 7182 7286 7287 
14462 7182 7287 7183 
14463 7183 7287 7288 
14464 7183 7288 7184 
14465 7184 7288 7289 
14466 7184 7289 7185 
14467 7185 7289 7290 
14468 7185 7290 7186 
14469 7186 7290 7291 
14470 7186 7291 7187 
14471 7187 7291 7292 
14472 7187 7292 7188 
14473 7188 7292 7189 
14474 7292 7293 7189 
14475 7189 7293 7190 
14476 7293 7294 7190 
14477 7190 7294 7191 
14478 7294 7295 7191 
14479 7191 7295 7192 
14480 7295 7296 7192 
14481 7192 7296 7193 
14482 7296 7297 7193 
14483 7193 7297 7194 
14484 7297 7298 7194 
14485 7194 7298 7195 
14486 7298 7299 7195 
14487 7195 7299 7196 
14488 7299 7300 7196 
14489 7196 7300 7197 
14490 7300 7301 7197 
14491 7197 7301 7198 
14492 7301 7302 7198 
14493 7198 7302 7199 
14494 7302 7303 7199 
14495 7199 7303 7200 
14496 7303 7304 7200 
14497 7200 7304 7201 
14498 7304 7305 7201 
14499 7201 7305 7202 
14500 7305 7306 7202 
14501 7202 7306 7203 
14502 7306 7307 7203 
14503 7203 7307 7204 
14504 7307 7308 7204 
14505 7204 7308 7205 
14506 7308 7309 7205 
14507 7205 7309 7206 
14508 7309 7310 7206 
14509 7206 7310 7207 
14510 7310 7311 7207 
14511 7207 7311 7208 
14512 7311 7312 7208 
14513 7208 7312 7209 
14514 7312 7313 7209 
14515 7209 7313 7210 
14516 7313 7314 7210 
14517 7210 7314 7211 
14518 7314 7315 7211 
14519 7211 7315 7212 
14520 7315 7316 7212 
14521 7212 7316 7213 
14522 7316 7317 7213 
14523 7213 7317 7111 
14524 7317 7215 7111 
14525 7215 7319 7318 
14526 7215 7318 7214 
14527 7214 7318 7320 
14528 7214 7320 7216 
14529 7216 7320 7321 
14530 7216 7321 7217 
14531 7217 7321 7322 
14532 7217 7322 7218 
14533 7218 7322 7323 
14534 7218 7323 7219 
14535 7219 7323 7324 
14536 7219 7324 7220 
14537 7220 7324 7325 
14538 7220 7325 7221 
14539 7221 7325 7326 
14540 7221 7326 7222 
14541 7222 7326 7327 
14542 7222 7327 7223 
14543 7223 7327 7328 
14544 7223 7328 7224 
14545 7224 7328 7329 
14546 7224 7329 7225 
14547 7225 7329 7330 
14548 7225 7330 7226 
14549 7226 7330 7331 
14550 7226 7331 7227 
14551 7227 7331 7332 
14552 7227 7332 7228 
14553 7228 7332 7333 
14554 7228 7333 7229 
14555 7229 7333 7334 
14556 7229 7334 7230 
14557 7230 7334 7335 
14558 7230 7335 7231 
14559 7231 7335 7336 
14560 7231 7336 7232 
14561 7232 7336 7337 
14562 7232 7337 7233 
14563 7233 7337 7338 
14564 7233 7338 7234 
14565 7234 7338 7339 
14566 7234 7339 7235 
14567 7235 7339 7340 
14568 7235 7340 7236 
14569 7236 7340 7341 
14570 7236 7341 7237 
14571 7237 7341 7342 
14572 7237 7342 7238 
14573 7238 7342 7343 
14574 7238 7343 7239 
14575 7239 7343 7344 
14576 7239 7344 7240 
14577 7240 7344 7241 
14578 7344 7345 7241 
14579 7241 7345 7242 
14580 7345 7346 7242 
14581 7242 7346 7243 
14582 7346 7347 7243 
14583 7243 7347 7244 
14584 7347 7348 7244 
14585 7244 7348 7245 
14586 7348 7349 7245 
14587 7245 7349 7246 
14588 7349 7350 7246 
14589 7246 7350 7247 
14590 7350 7351 7247 
14591 7247 7351 7248 
14592 7351 7352 7248 
14593 7248 7352 7249 
14594 7352 7353 7249 
14595 7249 7353 7250 
14596 7353 7354 7250 
14597 7250 7354 7251 
14598 7354 7355 7251 
14599 7251 7355 7252 
14600 7355 7356 7252 
14601 7252 7356 7253 
14602 7356 7357 7253 
14603 7253 7357 7254 
14604 7357 7358 7254 
14605 7254 7358 7255 
14606 7358 7359 7255 
14607 7255 7359 7256 
14608 7359 7360 7256 
14609 7256 7360 7257 
14610 7360 7361 7257 
14611 7257 7361 7258 
14612 7361 7362 7258 
14613 7258 7362 7259 
14614 7362 7363 7259 
14615 7259 7363 7260 
14616 7363 7364 7260 
14617 7260 7364 7261 
14618 7364 7365 7261 
14619 7261 7365 7262 
14620 7365 7366 7262 
14621 7262 7366 7263 
14622 7366 7367 7263 
14623 7263 7367 7264 
14624 7367 7368 7264 
14625 7264 7368 7265 
14626 7368 7369 7265 
14627 7265 7369 7266 
14628 7369 7370 7266 
14629 7266 7370 7371 
14630 7266 7371 7267 
14631 7267 7371 7372 
14632 7267 7372 7268 
14633 7268 7372 7373 
14634 7268 7373 7269 
14635 7269 7373 7374 
14636 7269 7374 7270 
14637 7270 7374 7375 
14638 7270 7375 7271 
14639 7271 7375 7376 
14640 7271 7376 7272 
14641 7272 7376 7377 
14642 7272 7377 7273 
14643 7273 7377 7378 
14644 7273 7378 7274 
14645 7274 7378 7379 
14646 7274 7379 7275 
14647 7275 7379 7380 
14648 7275 7380 7276 
14649 7276 7380 7381 
14650 7276 7381 7277 
14651 7277 7381 7382 
14652 7277 7382 7278 
14653 7278 7382 7383 
14654 7278 7383 7279 
14655 7279 7383 7384 
14656 7279 7384 7280 
14657 7280 7384 7385 
14658 7280 7385 7281 
14659 7281 7385 7386 
14660 7281 7386 7282 
14661 7282 7386 7387 
14662 7282 7387 7283 
14663 7283 7387 7388 
14664 7283 7388 7284 
14665 7284 7388 7389 
14666 7284 7389 7285 
14667 7285 7389 7390 
14668 7285 7390 7286 
14669 7286 7390 7391 
14670 7286 7391 7287 
14671 7287 7391 7392 
14672 7287 7392 7288 
14673 7288 7392 7393 
14674 7288 7393 7289 
14675 7289 7393 7394 
14676 7289 7394 7290 
14677 7290 7394 7395 
14678 7290 7395 7291 
14679 7291 7395 7396 
14680 7291 7396 7292 
14681 7292 7396 7293 
14682 7396 7397 7293 
14683 7293 7397 7294 
14684 7397 7398 7294 
14685 7294 7398 7295 
14686 7398 7399 7295 
14687 7295 7399 7296 
14688 7399 7400 7296 
14689 7296 7400 7297 
14690 7400 7401 7297 
14691 7297 7401 7298 
14692 7401 7402 7298 
14693 7298 7402 7299 
14694 7402 7403 7299 
14695 7299 7403 7300 
14696 7403 7404 7300 
14697 7300 7404 7301 
14698 7404 7405 7301 
14699 7301 7405 7302 
14700 7405 7406 7302 
14701 7302 7406 7303 
14702 7406 7407 7303 
14703 7303 7407 7304 
14704 7407 7408 7304 
14705 7304 7408 7305 
14706 7408 7409 7305 
14707 7305 7409 7306 
14708 7409 7410 7306 
14709 7306 7410 7307 
14710 7410 7411 7307 
14711 7307 7411 7308 
14712 7411 7412 7308 
14713 7308 7412 7309 
14714 7412 7413 7309 
14715 7309 7413 7310 
14716 7413 7414 7310 
14717 7310 7414 7311 
14718 7414 7415 7311 
14719 7311 7415 7312 
14720 7415 7416 7312 
14721 7312 7416 7313 
14722 7416 7417 7313 
14723 7313 7417 7314 
14724 7417 7418 7314 
14725 7314 7418 7315 
14726 7418 7419 7315 
14727 7315 7419 7316 
14728 7419 7420 7316 
14729 7316 7420 7317 
14730 7420 7421 7317 
14731 7317 7421 7215 
14732 7421 7319 7215 
14733 7319 7423 7422 
14734 7319 7422 7318 
14735 7318 7422 7424 
14736 7318 7424 7320 
14737 7320 7424 7425 
14738 7320 7425 7321 
14739 7321 7425 7426 
14740 7321 7426 7322 
14741 7322 7426 7427 
14742 7322 7427 7323 
14743 7323 7427 7428 
14744 7323 7428 7324 
14745 7324 7428 7429 
14746 7324 7429 7325 
14747 7325 7429 7430 
14748 7325 7430 7326 
14749 7326 7430 7431 
14750 7326 7431 7327 
14751 7327 7431 7432 
14752 7327 7432 7328 
14753 7328 7432 7433 
14754 7328 7433 7329 
14755 7329 7433 7434 
14756 7329 7434 7330 
14757 7330 7434 7435 
14758 7330 7435 7331 
14759 7331 7435 7436 
14760 7331 7436 7332 
14761 7332 7436 7437 
14762 7332 7437 7333 
14763 7333 7437 7438 
14764 7333 7438 7334 
14765 7334 7438 7439 
14766 7334 7439 7335 
14767 7335 7439 7440 
14768 7335 7440 7336 
14769 7336 7440 7441 
14770 7336 7441 7337 
14771 7337 7441 7442 
14772 7337 7442 7338 
14773 7338 7442 7443 
14774 7338 7443 7339 
14775 7339 7443 7444 
14776 7339 7444 7340 
14777 7340 7444 7445 
14778 7340 7445 7341 
14779 7341 7445 7446 
14780 7341 7446 7342 
14781 7342 7446 7447 
14782 7342 7447 7343 
14783 7343 7447 7448 
14784 7343 7448 7344 
14785 7344 7448 7345 
14786 7448 7449 7345 
14787 7345 7449 7346 
14788 7449 7450 7346 
14789 7346 7450 7347 
14790 7450 7451 7347 
14791 7347 7451 7348 
14792 7451 7452 7348 
14793 7348 7452 7349 
14794 7452 7453 7349 
14795 7349 7453 7350 
14796 7453 7454 7350 
14797 7350 7454 7351 
14798 7454 7455 7351 
14799 7351 7455 7352 
14800 7455 7456 7352 
14801 7352 7456 7353 
14802 7456 7457 7353 
14803 7353 7457 7354 
14804 7457 7458 7354 
14805 7354 7458 7355 
14806 7458 7459 7355 
14807 7355 7459 7356 
14808 7459 7460 7356 
14809 7356 7460 7357 
14810 7460 7461 7357 
14811 7357 7461 7358 
14812 7461 7462 7358 
14813 7358 7462 7359 
14814 7462 7463 7359 
14815 7359 7463 7360 
14816 7463 7464 7360 
14817 7360 7464 7361 
14818 7464 7465 7361 
14819 7361 7465 7362 
14820 7465 7466 7362 
14821 7362 7466 7363 
14822 7466 7467 7363 
14823 7363 7467 7364 
14824 7467 7468 7364 
14825 7364 7468 7365 
14826 7468 7469 7365 
14827 7365 7469 7366 
14828 7469 7470 7366 
14829 7366 7470 7367 
14830 7470 7471 7367 
14831 7367 7471 7368 
14832 7471 7472 7368 
14833 7368 7472 7369 
14834 7472 7473 7369 
14835 7369 7473 7370 
14836 7473 7474 7370 
14837 7370 7474 7475 
14838 7370 7475 7371 
14839 7371 7475 7476 
14840 7371 7476 7372 
14841 7372 7476 7477 
14842 7372 7477 7373 
14843 7373 7477 7478 
14844 7373 7478 7374 
14845 7374 7478 7479 
14846 7374 7479 7375 
14847 7375 7479 7480 
14848 7375 7480 7376 
14849 7376 7480 7481 
14850 7376 7481 7377 
14851 7377 7481 7482 
14852 7377 7482 7378 
14853 7378 7482 7483 
14854 7378 7483 7379 
14855 7379 7483 7484 
14856 7379 7484 7380 
14857 7380 7484 7485 
14858 7380 7485 7381 
14859 7381 7485 7486 
14860 7381 7486 7382 
14861 7382 7486 7487 
14862 7382 7487 7383 
14863 7383 7487 7488 
14864 7383 7488 7384 
14865 7384 7488 7489 
14866 7384 7489 7385 
14867 7385 7489 7490 
14868 7385 7490 7386 
14869 7386 7490 7491 
14870 7386 7491 7387 
14871 7387 7491 7492 
14872 7387 7492 7388 
14873 7388 7492 7493 
14874 7388 7493 7389 
14875 7389 7493 7494 
14876 7389 7494 7390 
14877 7390 7494 7495 
14878 7390 7495 7391 
14879 7391 7495 7496 
14880 7391 7496 7392 
14881 7392 7496 7497 
14882 7392 7497 7393 
14883 7393 7497 7498 
14884 7393 7498 7394 
14885 7394 7498 7499 
14886 7394 7499 7395 
14887 7395 7499 7500 
14888 7395 7500 7396 
14889 7396 7500 7397 
14890 7500 7501 7397 
14891 7397 7501 7398 
14892 7501 7502 7398 
14893 7398 7502 7399 
14894 7502 7503 7399 
14895 7399 7503 7400 
14896 7503 7504 7400 
14897 7400 7504 7401 
14898 7504 7505 7401 
14899 7401 7505 7402 
14900 7505 7506 7402 
14901 7402 7506 7403 
14902 7506 7507 7403 
14903 7403 7507 7404 
14904 7507 7508 7404 
14905 7404 7508 7405 
14906 7508 7509 7405 
14907 7405 7509 7406 
14908 7509 7510 7406 
14909 7406 7510 7407 
14910 7510 7511 7407 
14911 7407 7511 7408 
14912 7511 7512 7408 
14913 7408 7512 7409 
14914 7512 7513 7409 
14915 7409 7513 7410 
14916 7513 7514 7410 
14917 7410 7514 7411 
14918 7514 7515 7411 
14919 7411 7515 7412 
14920 7515 7516 7412 
14921 7412 7516 7413 
14922 7516 7517 7413 
14923 7413 7517 7414 
14924 7517 7518 7414 
14925 7414 7518 7415 
14926 7518 7519 7415 
14927 7415 7519 7416 
14928 7519 7520 7416 
14929 7416 7520 7417 
14930 7520 7521 7417 
14931 7417 7521 7418 
14932 7521 7522 7418 
14933 7418 7522 7419 
14934 7522 7523 7419 
14935 7419 7523 7420 
14936 7523 7524 7420 
14937 7420 7524 7421 
14938 7524 7525 7421 
14939 7421 7525 7319 
14940 7525 7423 7319 
14941 7423 7527 7526 
14942 7423 7526 7422 
14943 7422 7526 7528 
14944 7422 7528 7424 
14945 7424 7528 7529 
14946 7424 7529 7425 
14947 7425 7529 7530 
14948 7425 7530 7426 
14949 7426 7530 7531 
14950 7426 7531 7427 
14951 7427 7531 7532 
14952 7427 7532 7428 
14953 7428 7532 7533 
14954 7428 7533 7429 
14955 7429 7533 7534 
14956 7429 7534 7430 
14957 7430 7534 7535 
14958 7430 7535 7431 
14959 7431 7535 7536 
14960 7431 7536 7432 
14961 7432 7536 7537 
14962 7432 7537 7433 
14963 7433 7537 7538 
14964 7433 7538 7434 
14965 7434 7538 7539 
14966 7434 7539 7435 
14967 7435 7539 7540 
14968 7435 7540 7436 
14969 7436 7540 7541 
14970 7436 7541 7437 
14971 7437 7541 7542 
14972 7437 7542 7438 
14973 7438 7542 7543 
14974 7438 7543 7439 
14975 7439 7543 7544 
14976 7439 7544 7440 
14977 7440 7544 7545 
14978 7440 7545 7441 
14979 7441 7545 7546 
14980 7441 7546 7442 
14981 7442 7546 7547 
14982 7442 7547 7443 
14983 7443 7547 7548 
14984 7443 7548 7444 
14985 7444 7548 7549 
14986 7444 7549 7445 
14987 7445 7549 7550 
14988 7445 7550 7446 
14989 7446 7550 7551 
14990 7446 7551 7447 
14991 7447 7551 7552 
14992 7447 7552 7448 
14993 7448 7552 7449 
14994 7552 7553 7449 
14995 7449 7553 7450 
14996 7553 7554 7450 
14997 7450 7554 7451 
14998 7554 7555 7451 
14999 7451 7555 7452 
15000 7555 7556 7452 
15001 7452 7556 7453 
15002 7556 7557 7453 
15003 7453 7557 7454 
15004 7557 7558 7454 
15005 7454 7558 7455 
15006 7558 7559 7455 
15007 7455 7559 7456 
15008 7559 7560 7456 
15009 7456 7560 7457 
15010 7560 7561 7457 
15011 7457 7561 7458 
15012 7561 7562 7458 
15013 7458 7562 7459 
15014 7562 7563 7459 
15015 7459 7563 7460 
15016 7563 7564 7460 
15017 7460 7564 7461 
15018 7564 7565 7461 
15019 7461 7565 7462 
15020 7565 7566 7462 
15021 7462 7566 7463 
15022 7566 7567 7463 
15023 7463 7567 7464 
15024 7567 7568 7464 
15025 7464 7568 7465 
15026 7568 7569 7465 
15027 7465 7569 7466 
15028 7569 7570 7466 
15029 7466 7570 7467 
15030 7570 7571 7467 
15031 7467 7571 7468 
15032 7571 7572 7468 
15033 7468 7572 7469 
15034 7572 7573 7469 
15035 7469 7573 7470 
15036 7573 7574 7470 
15037 7470 7574 7471 
15038 7574 7575 7471 
15039 7471 7575 7472 
15040 7575 7576 7472 
15041 7472 7576 7473 
15042 7576 7577 7473 
15043 7473 7577 7474 
15044 7577 7578 7474 
15045 7474 7578 7579 
15046 7474 7579 7475 
15047 7475 7579 7580 
15048 7475 7580 7476 
15049 7476 7580 7581 
15050 7476 7581 7477 
15051 7477 7581 7582 
15052 7477 7582 7478 
15053 7478 7582 7583 
15054 7478 7583 7479 
15055 7479 7583 7584 
15056 7479 7584 7480 
15057 7480 7584 7585 
15058 7480 7585 7481 
15059 7481 7585 7586 
15060 7481 7586 7482 
15061 7482 7586 7587 
15062 7482 7587 7483 
15063 7483 7587 7588 
15064 7483 7588 7484 
15065 7484 7588 7589 
15066 7484 7589 7485 
15067 7485 7589 7590 
15068 7485 7590 7486 
15069 7486 7590 7591 
15070 7486 7591 7487 
15071 7487 7591 7592 
15072 7487 7592 7488 
15073 7488 7592 7593 
15074 7488 7593 7489 
15075 7489 7593 7594 
15076 7489 7594 7490 
15077 7490 7594 7595 
15078 7490 7595 7491 
15079 7491 7595 7596 
15080 7491 7596 7492 
15081 7492 7596 7597 
15082 7492 7597 7493 
15083 7493 7597 7598 
15084 7493 7598 7494 
15085 7494 7598 7599 
15086 7494 7599 7495 
15087 7495 7599 7600 
15088 7495 7600 7496 
15089 7496 7600 7601 
15090 7496 7601 7497 
15091 7497 7601 7602 
15092 7497 7602 7498 
15093 7498 7602 7603 
15094 7498 7603 7499 
15095 7499 7603 7604 
15096 7499 7604 7500 
15097 7500 7604 7501 
15098 7604 7605 7501 
15099 7501 7605 7502 
15100 7605 7606 7502 
15101 7502 7606 7503 
15102 7606 7607 7503 
15103 7503 7607 7504 
15104 7607 7608 7504 
15105 7504 7608 7505 
15106 7608 7609 7505 
15107 7505 7609 7506 
15108 7609 7610 7506 
15109 7506 7610 7507 
15110 7610 7611 7507 
15111 7507 7611 7508 
15112 7611 7612 7508 
15113 7508 7612 7509 
15114 7612 7613 7509 
15115 7509 7613 7510 
15116 7613 7614 7510 
15117 7510 7614 7511 
15118 7614 7615 7511 
15119 7511 7615 7512 
15120 7615 7616 7512 
15121 7512 7616 7513 
15122 7616 7617 7513 
15123 7513 7617 7514 
15124 7617 7618 7514 
15125 7514 7618 7515 
15126 7618 7619 7515 
15127 7515 7619 7516 
15128 7619 7620 7516 
15129 7516 7620 7517 
15130 7620 7621 7517 
15131 7517 7621 7518 
15132 7621 7622 7518 
15133 7518 7622 7519 
15134 7622 7623 7519 
15135 7519 7623 7520 
15136 7623 7624 7520 
15137 7520 7624 7521 
15138 7624 7625 7521 
15139 7521 7625 7522 
15140 7625 7626 7522 
15141 7522 7626 7523 
15142 7626 7627 7523 
15143 7523 7627 7524 
15144 7627 7628 7524 
15145 7524 7628 7525 
15146 7628 7629 7525 
15147 7525 7629 7423 
15148 7629 7527 7423 
15149 7527 7630 7526 
15150 7526 7630 7631 
15151 7526 7631 7528 
15152 7528 7631 7632 
15153 7528 7632 7529 
15154 7529 7632 7633 
15155 7529 7633 7530 
15156 7530 7633 7634 
15157 7530 7634 7531 
15158 7531 7634 7635 
15159 7531 7635 7532 
15160 7532 7635 7636 
15161 7532 7636 7533 
15162 7533 7636 7637 
15163 7533 7637 7534 
15164 7534 7637 7638 
15165 7534 7638 7535 
15166 7535 7638 7639 
15167 7535 7639 7536 
15168 7536 7639 7640 
15169 7536 7640 7537 
15170 7537 7640 7641 
15171 7537 7641 7538 
15172 7538 7641 7642 
15173 7538 7642 7539 
15174 7539 7642 7643 
15175 7539 7643 7540 
15176 7540 7643 7644 
15177 7540 7644 7541 
15178 7541 7644 7645 
15179 7541 7645 7542 
15180 7542 7645 7646 
15181 7542 7646 7543 
15182 7543 7646 7647 
15183 7543 7647 7544 
15184 7544 7647 7648 
15185 7544 7648 7545 
15186 7545 7648 7649 
15187 7545 7649 7546 
15188 7546 7649 7650 
15189 7546 7650 7547 
15190 7547 7650 7651 
15191 7547 7651 7548 
15192 7548 7651 7652 
15193 7548 7652 7549 
15194 7549 7652 7653 
15195 7549 7653 7550 
15196 7550 7653 7654 
15197 7550 7654 7551 
15198 7551 7654 7655 
15199 7551 7655 7552 
15200 7552 7655 7553 
15201 7655 7656 7553 
15202 7553 7656 7554 
15203 7656 7657 7554 
15204 7554 7657 7555 
15205 7657 7658 7555 
15206 7555 7658 7556 
15207 7658 7659 7556 
15208 7556 7659 7557 
15209 7659 7660 7557 
15210 7557 7660 7558 
15211 7660 7661 7558 
15212 7558 7661 7559 
15213 7661 7662 7559 
15214 7559 7662 7560 
15215 7662 7663 7560 
15216 7560 7663 7561 
15217 7663 7664 7561 
15218 7561 7664 7562 
15219 7664 7665 7562 
15220 7562 7665 7563 
15221 7665 7666 7563 
15222 7563 7666 7564 
15223 7666 7667 7564 
15224 7564 7667 7565 
15225 7667 7668 7565 
15226 7565 7668 7566 
15227 7668 7669 7566 
15228 7566 7669 7567 
15229 7669 7670 7567 
15230 7567 7670 7568 
15231 7670 7671 7568 
15232 7568 7671 7569 
15233 7671 7672 7569 
15234 7569 7672 7570 
15235 7672 7673 7570 
15236 7570 7673 7571 
15237 7673 7674 7571 
15238 7571 7674 7572 
15239 7674 7675 7572 
15240 7572 7675 7573 
15241 7675 7676 7573 
15242 7573 7676 7574 
15243 7676 7677 7574 
15244 7574 7677 7575 
15245 7677 7678 7575 
15246 7575 7678 7576 
15247 7678 7679 7576 
15248 7576 7679 7577 
15249 7679 7680 7577 
15250 7577 7680 7578 
15251 7578 7681 7579 
15252 7579 7681 7682 
15253 7579 7682 7580 
15254 7580 7682 7683 
15255 7580 7683 7581 
15256 7581 7683 7684 
15257 7581 7684 7582 
15258 7582 7684 7685 
15259 7582 7685 7583 
15260 7583 7685 7686 
15261 7583 7686 7584 
15262 7584 7686 7687 
15263 7584 7687 7585 
15264 7585 7687 7688 
15265 7585 7688 7586 
15266 7586 7688 7689 
15267 7586 7689 7587 
15268 7587 7689 7690 
15269 7587 7690 7588 
15270 7588 7690 7691 
15271 7588 7691 7589 
15272 7589 7691 7692 
15273 7589 7692 7590 
15274 7590 7692 7693 
15275 7590 7693 7591 
15276 7591 7693 7694 
15277 7591 7694 7592 
15278 7592 7694 7695 
15279 7592 7695 7593 
15280 7593 7695 7696 
15281 7593 7696 7594 
15282 7594 7696 7697 
15283 7594 7697 7595 
15284 7595 7697 7698 
15285 7595 7698 7596 
15286 7596 7698 7699 
15287 7596 7699 7597 
15288 7597 7699 7700 
15289 7597 7700 7598 
15290 7598 7700 7701 
15291 7598 7701 7599 
15292 7599 7701 7702 
15293 7599 7702 7600 
15294 7600 7702 7703 
15295 7600 7703 7601 
15296 7601 7703 7704 
15297 7601 7704 7602 
15298 7602 7704 7705 
15299 7602 7705 7603 
15300 7603 7705 7706 
15301 7603 7706 7604 
15302 7604 7706 7605 
15303 7706 7707 7605 
15304 7605 7707 7606 
15305 7707 7708 7606 
15306 7606 7708 7607 
15307 7708 7709 7607 
15308 7607 7709 7608 
15309 7709 7710 7608 
15310 7608 7710 7609 
15311 7710 7711 7609 
15312 7609 7711 7610 
15313 7711 7712 7610 
15314 7610 7712 7611 
15315 7712 7713 7611 
15316 7611 7713 7612 
15317 7713 7714 7612 
15318 7612 7714 7613 
15319 7714 7715 7613 
15320 7613 7715 7614 
15321 7715 7716 7614 
15322 7614 7716 7615 
15323 7716 7717 7615 
15324 7615 7717 7616 
15325 7717 7718 7616 
15326 7616 7718 7617 
15327 7718 7719 7617 
15328 7617 7719 7618 
15329 7719 7720 7618 
15330 7618 7720 7619 
15331 7720 7721 7619 
15332 7619 7721 7620 
15333 7721 7722 7620 
15334 7620 7722 7621 
15335 7722 7723 7621 
15336 7621 7723 7622 
15337 7723 7724 7622 
15338 7622 7724 7623 
15339 7724 7725 7623 
15340 7623 7725 7624 
15341 7725 7726 7624 
15342 7624 7726 7625 
15343 7726 7727 7625 
15344 7625 7727 7626 
15345 7727 7728 7626 
15346 7626 7728 7627 
15347 7728 7729 7627 
15348 7627 7729 7628 
15349 7729 7730 7628 
15350 7628 7730 7629 
15351 7730 7731 7629 
15352 7629 7731 7527 
15353 7527 7732 7630 
15354 7630 7732 7733 
15355 7630 7733 7631 
15356 7631 7733 7734 
15357 7631 7734 7632 
15358 7632 7734 7735 
15359 7632 7735 7633 
15360 7633 7735 7736 
15361 7633 7736 7634 
15362 7634 7736 7737 
15363 7634 7737 7635 
15364 7635 7737 7738 
15365 7635 7738 7636 
15366 7636 7738 7739 
15367 7636 7739 7637 
15368 7637 7739 7740 
15369 7637 7740 7638 
15370 7638 7740 7741 
15371 7638 7741 7639 
15372 7639 7741 7742 
15373 7639 7742 7640 
15374 7640 7742 7743 
15375 7640 7743 7641 
15376 7641 7743 7744 
15377 7641 7744 7642 
15378 7642 7744 7745 
15379 7642 7745 7643 
15380 7643 7745 7746 
15381 7643 7746 7644 
15382 7644 7746 7747 
15383 7644 7747 7645 
15384 7645 7747 7748 
15385 7645 7748 7646 
15386 7646 7748 7749 
15387 7646 7749 7647 
15388 7647 7749 7750 
15389 7647 7750 7648 
15390 7648 7750 7751 
15391 7648 7751 7649 
15392 7649 7751 7752 
15393 7649 7752 7650 
15394 7650 7752 7753 
15395 7650 7753 7651 
15396 7651 7753 7754 
15397 7651 7754 7652 
15398 7652 7754 7755 
15399 7652 7755 7653 
15400 7653 7755 7756 
15401 7653 7756 7654 
15402 7654 7756 7757 
15403 7654 7757 7655 
15404 7655 7757 7656 
15405 7757 7758 7656 
15406 7656 7758 7657 
15407 7758 7759 7657 
15408 7657 7759 7658 
15409 7759 7760 7658 
15410 7658 7760 7659 
15411 7760 7761 7659 
15412 7659 7761 7660 
15413 7761 7762 7660 
15414 7660 7762 7661 
15415 7762 7763 7661 
15416 7661 7763 7662 
15417 7763 7764 7662 
15418 7662 7764 7663 
15419 7764 7765 7663 
15420 7663 7765 7664 
15421 7765 7766 7664 
15422 7664 7766 7665 
15423 7766 7767 7665 
15424 7665 7767 7666 
15425 7767 7768 7666 
15426 7666 7768 7667 
15427 7768 7769 7667 
15428 7667 7769 7668 
15429 7769 7770 7668 
15430 7668 7770 7669 
15431 7770 7771 7669 
15432 7669 7771 7670 
15433 7771 7772 7670 
15434 7670 7772 7671 
15435 7772 7773 7671 
15436 7671 7773 7672 
15437 7773 7774 7672 
15438 7672 7774 7673 
15439 7774 7775 7673 
15440 7673 7775 7674 
15441 7775 7776 7674 
15442 7674 7776 7675 
15443 7776 7777 7675 
15444 7675 7777 7676 
15445 7777 7778 7676 
15446 7676 7778 7677 
15447 7778 7779 7677 
15448 7677 7779 7678 
15449 7779 7780 7678 
15450 7678 7780 7679 
15451 7780 7781 7679 
15452 7679 7781 7680 
15453 7781 7782 7680 
15454 7680 7782 7578 
15455 7578 7783 7681 
15456 7681 7783 7784 
15457 7681 7784 7682 
15458 7682 7784 7785 
15459 7682 7785 7683 
15460 7683 7785 7786 
15461 7683 7786 7684 
15462 7684 7786 7787 
15463 7684 7787 7685 
15464 7685 7787 7788 
15465 7685 7788 7686 
15466 7686 7788 7789 
15467 7686 7789 7687 
15468 7687 7789 7790 
15469 7687 7790 7688 
15470 7688 7790 7791 
15471 7688 7791 7689 
15472 7689 7791 7792 
15473 7689 7792 7690 
15474 7690 7792 7793 
15475 7690 7793 7691 
15476 7691 7793 7794 
15477 7691 7794 7692 
15478 7692 7794 7795 
15479 7692 7795 7693 
15480 7693 7795 7796 
15481 7693 7796 7694 
15482 7694 7796 7797 
15483 7694 7797 7695 
15484 7695 7797 7798 
15485 7695 7798 7696 
15486 7696 7798 7799 
15487 7696 7799 7697 
15488 7697 7799 7800 
15489 7697 7800 7698 
15490 7698 7800 7801 
15491 7698 7801 7699 
15492 7699 7801 7802 
15493 7699 7802 7700 
15494 7700 7802 7803 
15495 7700 7803 7701 
15496 7701 7803 7804 
15497 7701 7804 7702 
15498 7702 7804 7805 
15499 7702 7805 7703 
15500 7703 7805 7806 
15501 7703 7806 7704 
15502 7704 7806 7807 
15503 7704 7807 7705 
15504 7705 7807 7808 
15505 7705 7808 7706 
15506 7706 7808 7707 
15507 7808 7809 7707 
15508 7707 7809 7708 
15509 7809 7810 7708 
15510 7708 7810 7709 
15511 7810 7811 7709 
15512 7709 7811 7710 
15513 7811 7812 7710 
15514 7710 7812 7711 
15515 7812 7813 7711 
15516 7711 7813 7712 
15517 7813 7814 7712 
15518 7712 7814 7713 
15519 7814 7815 7713 
15520 7713 7815 7714 
15521 7815 7816 7714 
15522 7714 7816 7715 
15523 7816 7817 7715 
15524 7715 7817 7716 
15525 7817 7818 7716 
15526 7716 7818 7717 
15527 7818 7819 7717 
15528 7717 7819 7718 
15529 7819 7820 7718 
15530 7718 7820 7719 
15531 7820 7821 7719 
15532 7719 7821 7720 
15533 7821 7822 7720 
15534 7720 7822 7721 
15535 7822 7823 7721 
15536 7721 7823 7722 
15537 7823 7824 7722 
15538 7722 7824 7723 
15539 7824 7825 7723 
15540 7723 7825 7724 
15541 7825 7826 7724 
15542 7724 7826 7725 
15543 7826 7827 7725 
15544 7725 7827 7726 
15545 7827 7828 7726 
15546 7726 7828 7727 
15547 7828 7829 7727 
15548 7727 7829 7728 
15549 7829 7830 7728 
15550 7728 7830 7729 
15551 7830 7831 7729 
15552 7729 7831 7730 
15553 7831 7832 7730 
15554 7730 7832 7731 
15555 7832 7833 7731 
15556 7731 7833 7527 
15557 7527 7834 7732 
15558 7732 7834 7835 
15559 7732 7835 7733 
15560 7733 7835 7836 
15561 7733 7836 7734 
15562 7734 7836 7837 
15563 7734 7837 7735 
15564 7735 7837 7838 
15565 7735 7838 7736 
15566 7736 7838 7839 
15567 7736 7839 7737 
15568 7737 7839 7840 
15569 7737 7840 7738 
15570 7738 7840 7841 
15571 7738 7841 7739 
15572 7739 7841 7842 
15573 7739 7842 7740 
15574 7740 7842 7843 
15575 7740 7843 7741 
15576 7741 7843 7844 
15577 7741 7844 7742 
15578 7742 7844 7845 
15579 7742 7845 7743 
15580 7743 7845 7846 
15581 7743 7846 7744 
15582 7744 7846 7847 
15583 7744 7847 7745 
15584 7745 7847 7848 
15585 7745 7848 7746 
15586 7746 7848 7849 
15587 7746 7849 7747 
15588 7747 7849 7850 
15589 7747 7850 7748 
15590 7748 7850 7851 
15591 7748 7851 7749 
15592 7749 7851 7852 
15593 7749 7852 7750 
15594 7750 7852 7853 
15595 7750 7853 7751 
15596 7751 7853 7854 
15597 7751 7854 7752 
15598 7752 7854 7855 
15599 7752 7855 7753 
15600 7753 7855 7856 
15601 7753 7856 7754 
15602 7754 7856 7857 
15603 7754 7857 7755 
15604 7755 7857 7858 
15605 7755 7858 7756 
15606 7756 7858 7859 
15607 7756 7859 7757 
15608 7757 7859 7758 
15609 7859 7860 7758 
15610 7758 7860 7759 
15611 7860 7861 7759 
15612 7759 7861 7760 
15613 7861 7862 7760 
15614 7760 7862 7761 
15615 7862 7863 7761 
15616 7761 7863 7762 
15617 7863 7864 7762 
15618 7762 7864 7763 
15619 7864 7865 7763 
15620 7763 7865 7764 
15621 7865 7866 7764 
15622 7764 7866 7765 
15623 7866 7867 7765 
15624 7765 7867 7766 
15625 7867 7868 7766 
15626 7766 7868 7767 
15627 7868 7869 7767 
15628 7767 7869 7768 
15629 7869 7870 7768 
15630 7768 7870 7769 
15631 7870 7871 7769 
15632 7769 7871 7770 
15633 7871 7872 7770 
15634 7770 7872 7771 
15635 7872 7873 7771 
15636 7771 7873 7772 
15637 7873 7874 7772 
15638 7772 7874 7773 
15639 7874 7875 7773 
15640 7773 7875 7774 
15641 7875 7876 7774 
15642 7774 7876 7775 
15643 7876 7877 7775 
15644 7775 7877 7776 
15645 7877 7878 7776 
15646 7776 7878 7777 
15647 7878 7879 7777 
15648 7777 7879 7778 
15649 7879 7880 7778 
15650 7778 7880 7779 
15651 7880 7881 7779 
15652 7779 7881 7780 
15653 7881 7882 7780 
15654 7780 7882 7781 
15655 7882 7883 7781 
15656 7781 7883 7782 
15657 7883 7884 7782 
15658 7782 7884 7578 
15659 7578 7884 7783 
15660 7783 7884 7883 
15661 7783 7883 7784 
15662 7784 7883 7882 
15663 7784 7882 7785 
15664 7785 7882 7881 
15665 7785 7881 7786 
15666 7786 7881 7880 
15667 7786 7880 7787 
15668 7787 7880 7879 
15669 7787 7879 7788 
15670 7788 7879 7878 
15671 7788 7878 7789 
15672 7789 7878 7877 
15673 7789 7877 7790 
15674 7790 7877 7876 
15675 7790 7876 7791 
15676 7791 7876 7875 
15677 7791 7875 7792 
15678 7792 7875 7874 
15679 7792 7874 7793 
15680 7793 7874 7873 
15681 7793 7873 7794 
15682 7794 7873 7872 
15683 7794 7872 7795 
15684 7795 7872 7871 
15685 7795 7871 7796 
15686 7796 7871 7870 
15687 7796 7870 7797 
15688 7797 7870 7869 
15689 7797 7869 7798 
15690 7798 7869 7868 
15691 7798 7868 7799 
15692 7799 7868 7867 
15693 7799 7867 7800 
15694 7800 7867 7866 
15695 7800 7866 7801 
15696 7801 7866 7865 
15697 7801 7865 7802 
15698 7802 7865 7864 
15699 7802 7864 7803 
15700 7803 7864 7863 
15701 7803 7863 7804 
15702 7804 7863 7862 
15703 7804 7862 7805 
15704 7805 7862 7861 
15705 7805 7861 7806 
15706 7806 7861 7860 
15707 7806 7860 7807 
15708 7807 7860 7859 
15709 7807 7859 7808 
15710 7808 7859 7809 
15711 7859 7858 7809 
15712 7809 7858 7810 
15713 7858 7857 7810 
15714 7810 7857 7811 
15715 7857 7856 7811 
15716 7811 7856 7812 
15717 7856 7855 7812 
15718 7812 7855 7813 
15719 7855 7854 7813 
15720 7813 7854 7814 
15721 7854 7853 7814 
15722 7814 7853 7815 
15723 7853 7852 7815 
15724 7815 7852 7816 
15725 7852 7851 7816 
15726 7816 7851 7817 
15727 7851 7850 7817 
15728 7817 7850 7818 
15729 7850 7849 7818 
15730 7818 7849 7819 
15731 7849 7848 7819 
15732 7819 7848 7820 
15733 7848 7847 7820 
15734 7820 7847 7821 
15735 7847 7846 7821 
15736 7821 7846 7822 
15737 7846 7845 7822 
15738 7822 7845 7823 
15739 7845 7844 7823 
15740 7823 7844 7824 
15741 7844 7843 7824 
15742 7824 7843 7825 
15743 7843 7842 7825 
15744 7825 7842 7826 
15745 7842 7841 7826 
15746 7826 7841 7827 
15747 7841 7840 7827 
15748 7827 7840 7828 
15749 7840 7839 7828 
15750 7828 7839 7829 
15751 7839 7838 7829 
15752 7829 7838 7830 
15753 7838 7837 7830 
15754 7830 7837 7831 
15755 7837 7836 7831 
15756 7831 7836 7832 
15757 7836 7835 7832 
15758 7832 7835 7833 
15759 7835 7834 7833 
15760 7833 7834 7527 
$EndElements
