$MeshFormat
4.1 0 8
$EndMeshFormat
$Entities
0 0 1 0
0 -0.0027193911 -0.0598614425 -0.008774522999999999 0.0030076207 0.0598614425 0.008774522999999999 0 0 
$EndEntities
$Nodes
1 6708 1 6708
2 0 0 6708
1
2
3
4
5
6
7
8
9
10
11
12
13
14
15
16
17
18
19
20
21
22
23
24
25
26
27
28
29
30
31
32
33
34
35
36
37
38
39
40
41
42
43
44
45
46
47
48
49
50
51
52
53
54
55
56
57
58
59
60
61
62
63
64
65
66
67
68
69
70
71
72
73
74
75
76
77
78
79
80
81
82
83
84
85
86
87
88
89
90
91
92
93
94
95
96
97
98
99
100
101
102
103
104
105
106
107
108
109
110
111
112
113
114
115
116
117
118
119
120
121
122
123
124
125
126
127
128
129
130
131
132
133
134
135
136
137
138
139
140
141
142
143
144
145
146
147
148
149
150
151
152
153
154
155
156
157
158
159
160
161
162
163
164
165
166
167
168
169
170
171
172
173
174
175
176
177
178
179
180
181
182
183
184
185
186
187
188
189
190
191
192
193
194
195
196
197
198
199
200
201
202
203
204
205
206
207
208
209
210
211
212
213
214
215
216
217
218
219
220
221
222
223
224
225
226
227
228
229
230
231
232
233
234
235
236
237
238
239
240
241
242
243
244
245
246
247
248
249
250
251
252
253
254
255
256
257
258
259
260
261
262
263
264
265
266
267
268
269
270
271
272
273
274
275
276
277
278
279
280
281
282
283
284
285
286
287
288
289
290
291
292
293
294
295
296
297
298
299
300
301
302
303
304
305
306
307
308
309
310
311
312
313
314
315
316
317
318
319
320
321
322
323
324
325
326
327
328
329
330
331
332
333
334
335
336
337
338
339
340
341
342
343
344
345
346
347
348
349
350
351
352
353
354
355
356
357
358
359
360
361
362
363
364
365
366
367
368
369
370
371
372
373
374
375
376
377
378
379
380
381
382
383
384
385
386
387
388
389
390
391
392
393
394
395
396
397
398
399
400
401
402
403
404
405
406
407
408
409
410
411
412
413
414
415
416
417
418
419
420
421
422
423
424
425
426
427
428
429
430
431
432
433
434
435
436
437
438
439
440
441
442
443
444
445
446
447
448
449
450
451
452
453
454
455
456
457
458
459
460
461
462
463
464
465
466
467
468
469
470
471
472
473
474
475
476
477
478
479
480
481
482
483
484
485
486
487
488
489
490
491
492
493
494
495
496
497
498
499
500
501
502
503
504
505
506
507
508
509
510
511
512
513
514
515
516
517
518
519
520
521
522
523
524
525
526
527
528
529
530
531
532
533
534
535
536
537
538
539
540
541
542
543
544
545
546
547
548
549
550
551
552
553
554
555
556
557
558
559
560
561
562
563
564
565
566
567
568
569
570
571
572
573
574
575
576
577
578
579
580
581
582
583
584
585
586
587
588
589
590
591
592
593
594
595
596
597
598
599
600
601
602
603
604
605
606
607
608
609
610
611
612
613
614
615
616
617
618
619
620
621
622
623
624
625
626
627
628
629
630
631
632
633
634
635
636
637
638
639
640
641
642
643
644
645
646
647
648
649
650
651
652
653
654
655
656
657
658
659
660
661
662
663
664
665
666
667
668
669
670
671
672
673
674
675
676
677
678
679
680
681
682
683
684
685
686
687
688
689
690
691
692
693
694
695
696
697
698
699
700
701
702
703
704
705
706
707
708
709
710
711
712
713
714
715
716
717
718
719
720
721
722
723
724
725
726
727
728
729
730
731
732
733
734
735
736
737
738
739
740
741
742
743
744
745
746
747
748
749
750
751
752
753
754
755
756
757
758
759
760
761
762
763
764
765
766
767
768
769
770
771
772
773
774
775
776
777
778
779
780
781
782
783
784
785
786
787
788
789
790
791
792
793
794
795
796
797
798
799
800
801
802
803
804
805
806
807
808
809
810
811
812
813
814
815
816
817
818
819
820
821
822
823
824
825
826
827
828
829
830
831
832
833
834
835
836
837
838
839
840
841
842
843
844
845
846
847
848
849
850
851
852
853
854
855
856
857
858
859
860
861
862
863
864
865
866
867
868
869
870
871
872
873
874
875
876
877
878
879
880
881
882
883
884
885
886
887
888
889
890
891
892
893
894
895
896
897
898
899
900
901
902
903
904
905
906
907
908
909
910
911
912
913
914
915
916
917
918
919
920
921
922
923
924
925
926
927
928
929
930
931
932
933
934
935
936
937
938
939
940
941
942
943
944
945
946
947
948
949
950
951
952
953
954
955
956
957
958
959
960
961
962
963
964
965
966
967
968
969
970
971
972
973
974
975
976
977
978
979
980
981
982
983
984
985
986
987
988
989
990
991
992
993
994
995
996
997
998
999
1000
1001
1002
1003
1004
1005
1006
1007
1008
1009
1010
1011
1012
1013
1014
1015
1016
1017
1018
1019
1020
1021
1022
1023
1024
1025
1026
1027
1028
1029
1030
1031
1032
1033
1034
1035
1036
1037
1038
1039
1040
1041
1042
1043
1044
1045
1046
1047
1048
1049
1050
1051
1052
1053
1054
1055
1056
1057
1058
1059
1060
1061
1062
1063
1064
1065
1066
1067
1068
1069
1070
1071
1072
1073
1074
1075
1076
1077
1078
1079
1080
1081
1082
1083
1084
1085
1086
1087
1088
1089
1090
1091
1092
1093
1094
1095
1096
1097
1098
1099
1100
1101
1102
1103
1104
1105
1106
1107
1108
1109
1110
1111
1112
1113
1114
1115
1116
1117
1118
1119
1120
1121
1122
1123
1124
1125
1126
1127
1128
1129
1130
1131
1132
1133
1134
1135
1136
1137
1138
1139
1140
1141
1142
1143
1144
1145
1146
1147
1148
1149
1150
1151
1152
1153
1154
1155
1156
1157
1158
1159
1160
1161
1162
1163
1164
1165
1166
1167
1168
1169
1170
1171
1172
1173
1174
1175
1176
1177
1178
1179
1180
1181
1182
1183
1184
1185
1186
1187
1188
1189
1190
1191
1192
1193
1194
1195
1196
1197
1198
1199
1200
1201
1202
1203
1204
1205
1206
1207
1208
1209
1210
1211
1212
1213
1214
1215
1216
1217
1218
1219
1220
1221
1222
1223
1224
1225
1226
1227
1228
1229
1230
1231
1232
1233
1234
1235
1236
1237
1238
1239
1240
1241
1242
1243
1244
1245
1246
1247
1248
1249
1250
1251
1252
1253
1254
1255
1256
1257
1258
1259
1260
1261
1262
1263
1264
1265
1266
1267
1268
1269
1270
1271
1272
1273
1274
1275
1276
1277
1278
1279
1280
1281
1282
1283
1284
1285
1286
1287
1288
1289
1290
1291
1292
1293
1294
1295
1296
1297
1298
1299
1300
1301
1302
1303
1304
1305
1306
1307
1308
1309
1310
1311
1312
1313
1314
1315
1316
1317
1318
1319
1320
1321
1322
1323
1324
1325
1326
1327
1328
1329
1330
1331
1332
1333
1334
1335
1336
1337
1338
1339
1340
1341
1342
1343
1344
1345
1346
1347
1348
1349
1350
1351
1352
1353
1354
1355
1356
1357
1358
1359
1360
1361
1362
1363
1364
1365
1366
1367
1368
1369
1370
1371
1372
1373
1374
1375
1376
1377
1378
1379
1380
1381
1382
1383
1384
1385
1386
1387
1388
1389
1390
1391
1392
1393
1394
1395
1396
1397
1398
1399
1400
1401
1402
1403
1404
1405
1406
1407
1408
1409
1410
1411
1412
1413
1414
1415
1416
1417
1418
1419
1420
1421
1422
1423
1424
1425
1426
1427
1428
1429
1430
1431
1432
1433
1434
1435
1436
1437
1438
1439
1440
1441
1442
1443
1444
1445
1446
1447
1448
1449
1450
1451
1452
1453
1454
1455
1456
1457
1458
1459
1460
1461
1462
1463
1464
1465
1466
1467
1468
1469
1470
1471
1472
1473
1474
1475
1476
1477
1478
1479
1480
1481
1482
1483
1484
1485
1486
1487
1488
1489
1490
1491
1492
1493
1494
1495
1496
1497
1498
1499
1500
1501
1502
1503
1504
1505
1506
1507
1508
1509
1510
1511
1512
1513
1514
1515
1516
1517
1518
1519
1520
1521
1522
1523
1524
1525
1526
1527
1528
1529
1530
1531
1532
1533
1534
1535
1536
1537
1538
1539
1540
1541
1542
1543
1544
1545
1546
1547
1548
1549
1550
1551
1552
1553
1554
1555
1556
1557
1558
1559
1560
1561
1562
1563
1564
1565
1566
1567
1568
1569
1570
1571
1572
1573
1574
1575
1576
1577
1578
1579
1580
1581
1582
1583
1584
1585
1586
1587
1588
1589
1590
1591
1592
1593
1594
1595
1596
1597
1598
1599
1600
1601
1602
1603
1604
1605
1606
1607
1608
1609
1610
1611
1612
1613
1614
1615
1616
1617
1618
1619
1620
1621
1622
1623
1624
1625
1626
1627
1628
1629
1630
1631
1632
1633
1634
1635
1636
1637
1638
1639
1640
1641
1642
1643
1644
1645
1646
1647
1648
1649
1650
1651
1652
1653
1654
1655
1656
1657
1658
1659
1660
1661
1662
1663
1664
1665
1666
1667
1668
1669
1670
1671
1672
1673
1674
1675
1676
1677
1678
1679
1680
1681
1682
1683
1684
1685
1686
1687
1688
1689
1690
1691
1692
1693
1694
1695
1696
1697
1698
1699
1700
1701
1702
1703
1704
1705
1706
1707
1708
1709
1710
1711
1712
1713
1714
1715
1716
1717
1718
1719
1720
1721
1722
1723
1724
1725
1726
1727
1728
1729
1730
1731
1732
1733
1734
1735
1736
1737
1738
1739
1740
1741
1742
1743
1744
1745
1746
1747
1748
1749
1750
1751
1752
1753
1754
1755
1756
1757
1758
1759
1760
1761
1762
1763
1764
1765
1766
1767
1768
1769
1770
1771
1772
1773
1774
1775
1776
1777
1778
1779
1780
1781
1782
1783
1784
1785
1786
1787
1788
1789
1790
1791
1792
1793
1794
1795
1796
1797
1798
1799
1800
1801
1802
1803
1804
1805
1806
1807
1808
1809
1810
1811
1812
1813
1814
1815
1816
1817
1818
1819
1820
1821
1822
1823
1824
1825
1826
1827
1828
1829
1830
1831
1832
1833
1834
1835
1836
1837
1838
1839
1840
1841
1842
1843
1844
1845
1846
1847
1848
1849
1850
1851
1852
1853
1854
1855
1856
1857
1858
1859
1860
1861
1862
1863
1864
1865
1866
1867
1868
1869
1870
1871
1872
1873
1874
1875
1876
1877
1878
1879
1880
1881
1882
1883
1884
1885
1886
1887
1888
1889
1890
1891
1892
1893
1894
1895
1896
1897
1898
1899
1900
1901
1902
1903
1904
1905
1906
1907
1908
1909
1910
1911
1912
1913
1914
1915
1916
1917
1918
1919
1920
1921
1922
1923
1924
1925
1926
1927
1928
1929
1930
1931
1932
1933
1934
1935
1936
1937
1938
1939
1940
1941
1942
1943
1944
1945
1946
1947
1948
1949
1950
1951
1952
1953
1954
1955
1956
1957
1958
1959
1960
1961
1962
1963
1964
1965
1966
1967
1968
1969
1970
1971
1972
1973
1974
1975
1976
1977
1978
1979
1980
1981
1982
1983
1984
1985
1986
1987
1988
1989
1990
1991
1992
1993
1994
1995
1996
1997
1998
1999
2000
2001
2002
2003
2004
2005
2006
2007
2008
2009
2010
2011
2012
2013
2014
2015
2016
2017
2018
2019
2020
2021
2022
2023
2024
2025
2026
2027
2028
2029
2030
2031
2032
2033
2034
2035
2036
2037
2038
2039
2040
2041
2042
2043
2044
2045
2046
2047
2048
2049
2050
2051
2052
2053
2054
2055
2056
2057
2058
2059
2060
2061
2062
2063
2064
2065
2066
2067
2068
2069
2070
2071
2072
2073
2074
2075
2076
2077
2078
2079
2080
2081
2082
2083
2084
2085
2086
2087
2088
2089
2090
2091
2092
2093
2094
2095
2096
2097
2098
2099
2100
2101
2102
2103
2104
2105
2106
2107
2108
2109
2110
2111
2112
2113
2114
2115
2116
2117
2118
2119
2120
2121
2122
2123
2124
2125
2126
2127
2128
2129
2130
2131
2132
2133
2134
2135
2136
2137
2138
2139
2140
2141
2142
2143
2144
2145
2146
2147
2148
2149
2150
2151
2152
2153
2154
2155
2156
2157
2158
2159
2160
2161
2162
2163
2164
2165
2166
2167
2168
2169
2170
2171
2172
2173
2174
2175
2176
2177
2178
2179
2180
2181
2182
2183
2184
2185
2186
2187
2188
2189
2190
2191
2192
2193
2194
2195
2196
2197
2198
2199
2200
2201
2202
2203
2204
2205
2206
2207
2208
2209
2210
2211
2212
2213
2214
2215
2216
2217
2218
2219
2220
2221
2222
2223
2224
2225
2226
2227
2228
2229
2230
2231
2232
2233
2234
2235
2236
2237
2238
2239
2240
2241
2242
2243
2244
2245
2246
2247
2248
2249
2250
2251
2252
2253
2254
2255
2256
2257
2258
2259
2260
2261
2262
2263
2264
2265
2266
2267
2268
2269
2270
2271
2272
2273
2274
2275
2276
2277
2278
2279
2280
2281
2282
2283
2284
2285
2286
2287
2288
2289
2290
2291
2292
2293
2294
2295
2296
2297
2298
2299
2300
2301
2302
2303
2304
2305
2306
2307
2308
2309
2310
2311
2312
2313
2314
2315
2316
2317
2318
2319
2320
2321
2322
2323
2324
2325
2326
2327
2328
2329
2330
2331
2332
2333
2334
2335
2336
2337
2338
2339
2340
2341
2342
2343
2344
2345
2346
2347
2348
2349
2350
2351
2352
2353
2354
2355
2356
2357
2358
2359
2360
2361
2362
2363
2364
2365
2366
2367
2368
2369
2370
2371
2372
2373
2374
2375
2376
2377
2378
2379
2380
2381
2382
2383
2384
2385
2386
2387
2388
2389
2390
2391
2392
2393
2394
2395
2396
2397
2398
2399
2400
2401
2402
2403
2404
2405
2406
2407
2408
2409
2410
2411
2412
2413
2414
2415
2416
2417
2418
2419
2420
2421
2422
2423
2424
2425
2426
2427
2428
2429
2430
2431
2432
2433
2434
2435
2436
2437
2438
2439
2440
2441
2442
2443
2444
2445
2446
2447
2448
2449
2450
2451
2452
2453
2454
2455
2456
2457
2458
2459
2460
2461
2462
2463
2464
2465
2466
2467
2468
2469
2470
2471
2472
2473
2474
2475
2476
2477
2478
2479
2480
2481
2482
2483
2484
2485
2486
2487
2488
2489
2490
2491
2492
2493
2494
2495
2496
2497
2498
2499
2500
2501
2502
2503
2504
2505
2506
2507
2508
2509
2510
2511
2512
2513
2514
2515
2516
2517
2518
2519
2520
2521
2522
2523
2524
2525
2526
2527
2528
2529
2530
2531
2532
2533
2534
2535
2536
2537
2538
2539
2540
2541
2542
2543
2544
2545
2546
2547
2548
2549
2550
2551
2552
2553
2554
2555
2556
2557
2558
2559
2560
2561
2562
2563
2564
2565
2566
2567
2568
2569
2570
2571
2572
2573
2574
2575
2576
2577
2578
2579
2580
2581
2582
2583
2584
2585
2586
2587
2588
2589
2590
2591
2592
2593
2594
2595
2596
2597
2598
2599
2600
2601
2602
2603
2604
2605
2606
2607
2608
2609
2610
2611
2612
2613
2614
2615
2616
2617
2618
2619
2620
2621
2622
2623
2624
2625
2626
2627
2628
2629
2630
2631
2632
2633
2634
2635
2636
2637
2638
2639
2640
2641
2642
2643
2644
2645
2646
2647
2648
2649
2650
2651
2652
2653
2654
2655
2656
2657
2658
2659
2660
2661
2662
2663
2664
2665
2666
2667
2668
2669
2670
2671
2672
2673
2674
2675
2676
2677
2678
2679
2680
2681
2682
2683
2684
2685
2686
2687
2688
2689
2690
2691
2692
2693
2694
2695
2696
2697
2698
2699
2700
2701
2702
2703
2704
2705
2706
2707
2708
2709
2710
2711
2712
2713
2714
2715
2716
2717
2718
2719
2720
2721
2722
2723
2724
2725
2726
2727
2728
2729
2730
2731
2732
2733
2734
2735
2736
2737
2738
2739
2740
2741
2742
2743
2744
2745
2746
2747
2748
2749
2750
2751
2752
2753
2754
2755
2756
2757
2758
2759
2760
2761
2762
2763
2764
2765
2766
2767
2768
2769
2770
2771
2772
2773
2774
2775
2776
2777
2778
2779
2780
2781
2782
2783
2784
2785
2786
2787
2788
2789
2790
2791
2792
2793
2794
2795
2796
2797
2798
2799
2800
2801
2802
2803
2804
2805
2806
2807
2808
2809
2810
2811
2812
2813
2814
2815
2816
2817
2818
2819
2820
2821
2822
2823
2824
2825
2826
2827
2828
2829
2830
2831
2832
2833
2834
2835
2836
2837
2838
2839
2840
2841
2842
2843
2844
2845
2846
2847
2848
2849
2850
2851
2852
2853
2854
2855
2856
2857
2858
2859
2860
2861
2862
2863
2864
2865
2866
2867
2868
2869
2870
2871
2872
2873
2874
2875
2876
2877
2878
2879
2880
2881
2882
2883
2884
2885
2886
2887
2888
2889
2890
2891
2892
2893
2894
2895
2896
2897
2898
2899
2900
2901
2902
2903
2904
2905
2906
2907
2908
2909
2910
2911
2912
2913
2914
2915
2916
2917
2918
2919
2920
2921
2922
2923
2924
2925
2926
2927
2928
2929
2930
2931
2932
2933
2934
2935
2936
2937
2938
2939
2940
2941
2942
2943
2944
2945
2946
2947
2948
2949
2950
2951
2952
2953
2954
2955
2956
2957
2958
2959
2960
2961
2962
2963
2964
2965
2966
2967
2968
2969
2970
2971
2972
2973
2974
2975
2976
2977
2978
2979
2980
2981
2982
2983
2984
2985
2986
2987
2988
2989
2990
2991
2992
2993
2994
2995
2996
2997
2998
2999
3000
3001
3002
3003
3004
3005
3006
3007
3008
3009
3010
3011
3012
3013
3014
3015
3016
3017
3018
3019
3020
3021
3022
3023
3024
3025
3026
3027
3028
3029
3030
3031
3032
3033
3034
3035
3036
3037
3038
3039
3040
3041
3042
3043
3044
3045
3046
3047
3048
3049
3050
3051
3052
3053
3054
3055
3056
3057
3058
3059
3060
3061
3062
3063
3064
3065
3066
3067
3068
3069
3070
3071
3072
3073
3074
3075
3076
3077
3078
3079
3080
3081
3082
3083
3084
3085
3086
3087
3088
3089
3090
3091
3092
3093
3094
3095
3096
3097
3098
3099
3100
3101
3102
3103
3104
3105
3106
3107
3108
3109
3110
3111
3112
3113
3114
3115
3116
3117
3118
3119
3120
3121
3122
3123
3124
3125
3126
3127
3128
3129
3130
3131
3132
3133
3134
3135
3136
3137
3138
3139
3140
3141
3142
3143
3144
3145
3146
3147
3148
3149
3150
3151
3152
3153
3154
3155
3156
3157
3158
3159
3160
3161
3162
3163
3164
3165
3166
3167
3168
3169
3170
3171
3172
3173
3174
3175
3176
3177
3178
3179
3180
3181
3182
3183
3184
3185
3186
3187
3188
3189
3190
3191
3192
3193
3194
3195
3196
3197
3198
3199
3200
3201
3202
3203
3204
3205
3206
3207
3208
3209
3210
3211
3212
3213
3214
3215
3216
3217
3218
3219
3220
3221
3222
3223
3224
3225
3226
3227
3228
3229
3230
3231
3232
3233
3234
3235
3236
3237
3238
3239
3240
3241
3242
3243
3244
3245
3246
3247
3248
3249
3250
3251
3252
3253
3254
3255
3256
3257
3258
3259
3260
3261
3262
3263
3264
3265
3266
3267
3268
3269
3270
3271
3272
3273
3274
3275
3276
3277
3278
3279
3280
3281
3282
3283
3284
3285
3286
3287
3288
3289
3290
3291
3292
3293
3294
3295
3296
3297
3298
3299
3300
3301
3302
3303
3304
3305
3306
3307
3308
3309
3310
3311
3312
3313
3314
3315
3316
3317
3318
3319
3320
3321
3322
3323
3324
3325
3326
3327
3328
3329
3330
3331
3332
3333
3334
3335
3336
3337
3338
3339
3340
3341
3342
3343
3344
3345
3346
3347
3348
3349
3350
3351
3352
3353
3354
3355
3356
3357
3358
3359
3360
3361
3362
3363
3364
3365
3366
3367
3368
3369
3370
3371
3372
3373
3374
3375
3376
3377
3378
3379
3380
3381
3382
3383
3384
3385
3386
3387
3388
3389
3390
3391
3392
3393
3394
3395
3396
3397
3398
3399
3400
3401
3402
3403
3404
3405
3406
3407
3408
3409
3410
3411
3412
3413
3414
3415
3416
3417
3418
3419
3420
3421
3422
3423
3424
3425
3426
3427
3428
3429
3430
3431
3432
3433
3434
3435
3436
3437
3438
3439
3440
3441
3442
3443
3444
3445
3446
3447
3448
3449
3450
3451
3452
3453
3454
3455
3456
3457
3458
3459
3460
3461
3462
3463
3464
3465
3466
3467
3468
3469
3470
3471
3472
3473
3474
3475
3476
3477
3478
3479
3480
3481
3482
3483
3484
3485
3486
3487
3488
3489
3490
3491
3492
3493
3494
3495
3496
3497
3498
3499
3500
3501
3502
3503
3504
3505
3506
3507
3508
3509
3510
3511
3512
3513
3514
3515
3516
3517
3518
3519
3520
3521
3522
3523
3524
3525
3526
3527
3528
3529
3530
3531
3532
3533
3534
3535
3536
3537
3538
3539
3540
3541
3542
3543
3544
3545
3546
3547
3548
3549
3550
3551
3552
3553
3554
3555
3556
3557
3558
3559
3560
3561
3562
3563
3564
3565
3566
3567
3568
3569
3570
3571
3572
3573
3574
3575
3576
3577
3578
3579
3580
3581
3582
3583
3584
3585
3586
3587
3588
3589
3590
3591
3592
3593
3594
3595
3596
3597
3598
3599
3600
3601
3602
3603
3604
3605
3606
3607
3608
3609
3610
3611
3612
3613
3614
3615
3616
3617
3618
3619
3620
3621
3622
3623
3624
3625
3626
3627
3628
3629
3630
3631
3632
3633
3634
3635
3636
3637
3638
3639
3640
3641
3642
3643
3644
3645
3646
3647
3648
3649
3650
3651
3652
3653
3654
3655
3656
3657
3658
3659
3660
3661
3662
3663
3664
3665
3666
3667
3668
3669
3670
3671
3672
3673
3674
3675
3676
3677
3678
3679
3680
3681
3682
3683
3684
3685
3686
3687
3688
3689
3690
3691
3692
3693
3694
3695
3696
3697
3698
3699
3700
3701
3702
3703
3704
3705
3706
3707
3708
3709
3710
3711
3712
3713
3714
3715
3716
3717
3718
3719
3720
3721
3722
3723
3724
3725
3726
3727
3728
3729
3730
3731
3732
3733
3734
3735
3736
3737
3738
3739
3740
3741
3742
3743
3744
3745
3746
3747
3748
3749
3750
3751
3752
3753
3754
3755
3756
3757
3758
3759
3760
3761
3762
3763
3764
3765
3766
3767
3768
3769
3770
3771
3772
3773
3774
3775
3776
3777
3778
3779
3780
3781
3782
3783
3784
3785
3786
3787
3788
3789
3790
3791
3792
3793
3794
3795
3796
3797
3798
3799
3800
3801
3802
3803
3804
3805
3806
3807
3808
3809
3810
3811
3812
3813
3814
3815
3816
3817
3818
3819
3820
3821
3822
3823
3824
3825
3826
3827
3828
3829
3830
3831
3832
3833
3834
3835
3836
3837
3838
3839
3840
3841
3842
3843
3844
3845
3846
3847
3848
3849
3850
3851
3852
3853
3854
3855
3856
3857
3858
3859
3860
3861
3862
3863
3864
3865
3866
3867
3868
3869
3870
3871
3872
3873
3874
3875
3876
3877
3878
3879
3880
3881
3882
3883
3884
3885
3886
3887
3888
3889
3890
3891
3892
3893
3894
3895
3896
3897
3898
3899
3900
3901
3902
3903
3904
3905
3906
3907
3908
3909
3910
3911
3912
3913
3914
3915
3916
3917
3918
3919
3920
3921
3922
3923
3924
3925
3926
3927
3928
3929
3930
3931
3932
3933
3934
3935
3936
3937
3938
3939
3940
3941
3942
3943
3944
3945
3946
3947
3948
3949
3950
3951
3952
3953
3954
3955
3956
3957
3958
3959
3960
3961
3962
3963
3964
3965
3966
3967
3968
3969
3970
3971
3972
3973
3974
3975
3976
3977
3978
3979
3980
3981
3982
3983
3984
3985
3986
3987
3988
3989
3990
3991
3992
3993
3994
3995
3996
3997
3998
3999
4000
4001
4002
4003
4004
4005
4006
4007
4008
4009
4010
4011
4012
4013
4014
4015
4016
4017
4018
4019
4020
4021
4022
4023
4024
4025
4026
4027
4028
4029
4030
4031
4032
4033
4034
4035
4036
4037
4038
4039
4040
4041
4042
4043
4044
4045
4046
4047
4048
4049
4050
4051
4052
4053
4054
4055
4056
4057
4058
4059
4060
4061
4062
4063
4064
4065
4066
4067
4068
4069
4070
4071
4072
4073
4074
4075
4076
4077
4078
4079
4080
4081
4082
4083
4084
4085
4086
4087
4088
4089
4090
4091
4092
4093
4094
4095
4096
4097
4098
4099
4100
4101
4102
4103
4104
4105
4106
4107
4108
4109
4110
4111
4112
4113
4114
4115
4116
4117
4118
4119
4120
4121
4122
4123
4124
4125
4126
4127
4128
4129
4130
4131
4132
4133
4134
4135
4136
4137
4138
4139
4140
4141
4142
4143
4144
4145
4146
4147
4148
4149
4150
4151
4152
4153
4154
4155
4156
4157
4158
4159
4160
4161
4162
4163
4164
4165
4166
4167
4168
4169
4170
4171
4172
4173
4174
4175
4176
4177
4178
4179
4180
4181
4182
4183
4184
4185
4186
4187
4188
4189
4190
4191
4192
4193
4194
4195
4196
4197
4198
4199
4200
4201
4202
4203
4204
4205
4206
4207
4208
4209
4210
4211
4212
4213
4214
4215
4216
4217
4218
4219
4220
4221
4222
4223
4224
4225
4226
4227
4228
4229
4230
4231
4232
4233
4234
4235
4236
4237
4238
4239
4240
4241
4242
4243
4244
4245
4246
4247
4248
4249
4250
4251
4252
4253
4254
4255
4256
4257
4258
4259
4260
4261
4262
4263
4264
4265
4266
4267
4268
4269
4270
4271
4272
4273
4274
4275
4276
4277
4278
4279
4280
4281
4282
4283
4284
4285
4286
4287
4288
4289
4290
4291
4292
4293
4294
4295
4296
4297
4298
4299
4300
4301
4302
4303
4304
4305
4306
4307
4308
4309
4310
4311
4312
4313
4314
4315
4316
4317
4318
4319
4320
4321
4322
4323
4324
4325
4326
4327
4328
4329
4330
4331
4332
4333
4334
4335
4336
4337
4338
4339
4340
4341
4342
4343
4344
4345
4346
4347
4348
4349
4350
4351
4352
4353
4354
4355
4356
4357
4358
4359
4360
4361
4362
4363
4364
4365
4366
4367
4368
4369
4370
4371
4372
4373
4374
4375
4376
4377
4378
4379
4380
4381
4382
4383
4384
4385
4386
4387
4388
4389
4390
4391
4392
4393
4394
4395
4396
4397
4398
4399
4400
4401
4402
4403
4404
4405
4406
4407
4408
4409
4410
4411
4412
4413
4414
4415
4416
4417
4418
4419
4420
4421
4422
4423
4424
4425
4426
4427
4428
4429
4430
4431
4432
4433
4434
4435
4436
4437
4438
4439
4440
4441
4442
4443
4444
4445
4446
4447
4448
4449
4450
4451
4452
4453
4454
4455
4456
4457
4458
4459
4460
4461
4462
4463
4464
4465
4466
4467
4468
4469
4470
4471
4472
4473
4474
4475
4476
4477
4478
4479
4480
4481
4482
4483
4484
4485
4486
4487
4488
4489
4490
4491
4492
4493
4494
4495
4496
4497
4498
4499
4500
4501
4502
4503
4504
4505
4506
4507
4508
4509
4510
4511
4512
4513
4514
4515
4516
4517
4518
4519
4520
4521
4522
4523
4524
4525
4526
4527
4528
4529
4530
4531
4532
4533
4534
4535
4536
4537
4538
4539
4540
4541
4542
4543
4544
4545
4546
4547
4548
4549
4550
4551
4552
4553
4554
4555
4556
4557
4558
4559
4560
4561
4562
4563
4564
4565
4566
4567
4568
4569
4570
4571
4572
4573
4574
4575
4576
4577
4578
4579
4580
4581
4582
4583
4584
4585
4586
4587
4588
4589
4590
4591
4592
4593
4594
4595
4596
4597
4598
4599
4600
4601
4602
4603
4604
4605
4606
4607
4608
4609
4610
4611
4612
4613
4614
4615
4616
4617
4618
4619
4620
4621
4622
4623
4624
4625
4626
4627
4628
4629
4630
4631
4632
4633
4634
4635
4636
4637
4638
4639
4640
4641
4642
4643
4644
4645
4646
4647
4648
4649
4650
4651
4652
4653
4654
4655
4656
4657
4658
4659
4660
4661
4662
4663
4664
4665
4666
4667
4668
4669
4670
4671
4672
4673
4674
4675
4676
4677
4678
4679
4680
4681
4682
4683
4684
4685
4686
4687
4688
4689
4690
4691
4692
4693
4694
4695
4696
4697
4698
4699
4700
4701
4702
4703
4704
4705
4706
4707
4708
4709
4710
4711
4712
4713
4714
4715
4716
4717
4718
4719
4720
4721
4722
4723
4724
4725
4726
4727
4728
4729
4730
4731
4732
4733
4734
4735
4736
4737
4738
4739
4740
4741
4742
4743
4744
4745
4746
4747
4748
4749
4750
4751
4752
4753
4754
4755
4756
4757
4758
4759
4760
4761
4762
4763
4764
4765
4766
4767
4768
4769
4770
4771
4772
4773
4774
4775
4776
4777
4778
4779
4780
4781
4782
4783
4784
4785
4786
4787
4788
4789
4790
4791
4792
4793
4794
4795
4796
4797
4798
4799
4800
4801
4802
4803
4804
4805
4806
4807
4808
4809
4810
4811
4812
4813
4814
4815
4816
4817
4818
4819
4820
4821
4822
4823
4824
4825
4826
4827
4828
4829
4830
4831
4832
4833
4834
4835
4836
4837
4838
4839
4840
4841
4842
4843
4844
4845
4846
4847
4848
4849
4850
4851
4852
4853
4854
4855
4856
4857
4858
4859
4860
4861
4862
4863
4864
4865
4866
4867
4868
4869
4870
4871
4872
4873
4874
4875
4876
4877
4878
4879
4880
4881
4882
4883
4884
4885
4886
4887
4888
4889
4890
4891
4892
4893
4894
4895
4896
4897
4898
4899
4900
4901
4902
4903
4904
4905
4906
4907
4908
4909
4910
4911
4912
4913
4914
4915
4916
4917
4918
4919
4920
4921
4922
4923
4924
4925
4926
4927
4928
4929
4930
4931
4932
4933
4934
4935
4936
4937
4938
4939
4940
4941
4942
4943
4944
4945
4946
4947
4948
4949
4950
4951
4952
4953
4954
4955
4956
4957
4958
4959
4960
4961
4962
4963
4964
4965
4966
4967
4968
4969
4970
4971
4972
4973
4974
4975
4976
4977
4978
4979
4980
4981
4982
4983
4984
4985
4986
4987
4988
4989
4990
4991
4992
4993
4994
4995
4996
4997
4998
4999
5000
5001
5002
5003
5004
5005
5006
5007
5008
5009
5010
5011
5012
5013
5014
5015
5016
5017
5018
5019
5020
5021
5022
5023
5024
5025
5026
5027
5028
5029
5030
5031
5032
5033
5034
5035
5036
5037
5038
5039
5040
5041
5042
5043
5044
5045
5046
5047
5048
5049
5050
5051
5052
5053
5054
5055
5056
5057
5058
5059
5060
5061
5062
5063
5064
5065
5066
5067
5068
5069
5070
5071
5072
5073
5074
5075
5076
5077
5078
5079
5080
5081
5082
5083
5084
5085
5086
5087
5088
5089
5090
5091
5092
5093
5094
5095
5096
5097
5098
5099
5100
5101
5102
5103
5104
5105
5106
5107
5108
5109
5110
5111
5112
5113
5114
5115
5116
5117
5118
5119
5120
5121
5122
5123
5124
5125
5126
5127
5128
5129
5130
5131
5132
5133
5134
5135
5136
5137
5138
5139
5140
5141
5142
5143
5144
5145
5146
5147
5148
5149
5150
5151
5152
5153
5154
5155
5156
5157
5158
5159
5160
5161
5162
5163
5164
5165
5166
5167
5168
5169
5170
5171
5172
5173
5174
5175
5176
5177
5178
5179
5180
5181
5182
5183
5184
5185
5186
5187
5188
5189
5190
5191
5192
5193
5194
5195
5196
5197
5198
5199
5200
5201
5202
5203
5204
5205
5206
5207
5208
5209
5210
5211
5212
5213
5214
5215
5216
5217
5218
5219
5220
5221
5222
5223
5224
5225
5226
5227
5228
5229
5230
5231
5232
5233
5234
5235
5236
5237
5238
5239
5240
5241
5242
5243
5244
5245
5246
5247
5248
5249
5250
5251
5252
5253
5254
5255
5256
5257
5258
5259
5260
5261
5262
5263
5264
5265
5266
5267
5268
5269
5270
5271
5272
5273
5274
5275
5276
5277
5278
5279
5280
5281
5282
5283
5284
5285
5286
5287
5288
5289
5290
5291
5292
5293
5294
5295
5296
5297
5298
5299
5300
5301
5302
5303
5304
5305
5306
5307
5308
5309
5310
5311
5312
5313
5314
5315
5316
5317
5318
5319
5320
5321
5322
5323
5324
5325
5326
5327
5328
5329
5330
5331
5332
5333
5334
5335
5336
5337
5338
5339
5340
5341
5342
5343
5344
5345
5346
5347
5348
5349
5350
5351
5352
5353
5354
5355
5356
5357
5358
5359
5360
5361
5362
5363
5364
5365
5366
5367
5368
5369
5370
5371
5372
5373
5374
5375
5376
5377
5378
5379
5380
5381
5382
5383
5384
5385
5386
5387
5388
5389
5390
5391
5392
5393
5394
5395
5396
5397
5398
5399
5400
5401
5402
5403
5404
5405
5406
5407
5408
5409
5410
5411
5412
5413
5414
5415
5416
5417
5418
5419
5420
5421
5422
5423
5424
5425
5426
5427
5428
5429
5430
5431
5432
5433
5434
5435
5436
5437
5438
5439
5440
5441
5442
5443
5444
5445
5446
5447
5448
5449
5450
5451
5452
5453
5454
5455
5456
5457
5458
5459
5460
5461
5462
5463
5464
5465
5466
5467
5468
5469
5470
5471
5472
5473
5474
5475
5476
5477
5478
5479
5480
5481
5482
5483
5484
5485
5486
5487
5488
5489
5490
5491
5492
5493
5494
5495
5496
5497
5498
5499
5500
5501
5502
5503
5504
5505
5506
5507
5508
5509
5510
5511
5512
5513
5514
5515
5516
5517
5518
5519
5520
5521
5522
5523
5524
5525
5526
5527
5528
5529
5530
5531
5532
5533
5534
5535
5536
5537
5538
5539
5540
5541
5542
5543
5544
5545
5546
5547
5548
5549
5550
5551
5552
5553
5554
5555
5556
5557
5558
5559
5560
5561
5562
5563
5564
5565
5566
5567
5568
5569
5570
5571
5572
5573
5574
5575
5576
5577
5578
5579
5580
5581
5582
5583
5584
5585
5586
5587
5588
5589
5590
5591
5592
5593
5594
5595
5596
5597
5598
5599
5600
5601
5602
5603
5604
5605
5606
5607
5608
5609
5610
5611
5612
5613
5614
5615
5616
5617
5618
5619
5620
5621
5622
5623
5624
5625
5626
5627
5628
5629
5630
5631
5632
5633
5634
5635
5636
5637
5638
5639
5640
5641
5642
5643
5644
5645
5646
5647
5648
5649
5650
5651
5652
5653
5654
5655
5656
5657
5658
5659
5660
5661
5662
5663
5664
5665
5666
5667
5668
5669
5670
5671
5672
5673
5674
5675
5676
5677
5678
5679
5680
5681
5682
5683
5684
5685
5686
5687
5688
5689
5690
5691
5692
5693
5694
5695
5696
5697
5698
5699
5700
5701
5702
5703
5704
5705
5706
5707
5708
5709
5710
5711
5712
5713
5714
5715
5716
5717
5718
5719
5720
5721
5722
5723
5724
5725
5726
5727
5728
5729
5730
5731
5732
5733
5734
5735
5736
5737
5738
5739
5740
5741
5742
5743
5744
5745
5746
5747
5748
5749
5750
5751
5752
5753
5754
5755
5756
5757
5758
5759
5760
5761
5762
5763
5764
5765
5766
5767
5768
5769
5770
5771
5772
5773
5774
5775
5776
5777
5778
5779
5780
5781
5782
5783
5784
5785
5786
5787
5788
5789
5790
5791
5792
5793
5794
5795
5796
5797
5798
5799
5800
5801
5802
5803
5804
5805
5806
5807
5808
5809
5810
5811
5812
5813
5814
5815
5816
5817
5818
5819
5820
5821
5822
5823
5824
5825
5826
5827
5828
5829
5830
5831
5832
5833
5834
5835
5836
5837
5838
5839
5840
5841
5842
5843
5844
5845
5846
5847
5848
5849
5850
5851
5852
5853
5854
5855
5856
5857
5858
5859
5860
5861
5862
5863
5864
5865
5866
5867
5868
5869
5870
5871
5872
5873
5874
5875
5876
5877
5878
5879
5880
5881
5882
5883
5884
5885
5886
5887
5888
5889
5890
5891
5892
5893
5894
5895
5896
5897
5898
5899
5900
5901
5902
5903
5904
5905
5906
5907
5908
5909
5910
5911
5912
5913
5914
5915
5916
5917
5918
5919
5920
5921
5922
5923
5924
5925
5926
5927
5928
5929
5930
5931
5932
5933
5934
5935
5936
5937
5938
5939
5940
5941
5942
5943
5944
5945
5946
5947
5948
5949
5950
5951
5952
5953
5954
5955
5956
5957
5958
5959
5960
5961
5962
5963
5964
5965
5966
5967
5968
5969
5970
5971
5972
5973
5974
5975
5976
5977
5978
5979
5980
5981
5982
5983
5984
5985
5986
5987
5988
5989
5990
5991
5992
5993
5994
5995
5996
5997
5998
5999
6000
6001
6002
6003
6004
6005
6006
6007
6008
6009
6010
6011
6012
6013
6014
6015
6016
6017
6018
6019
6020
6021
6022
6023
6024
6025
6026
6027
6028
6029
6030
6031
6032
6033
6034
6035
6036
6037
6038
6039
6040
6041
6042
6043
6044
6045
6046
6047
6048
6049
6050
6051
6052
6053
6054
6055
6056
6057
6058
6059
6060
6061
6062
6063
6064
6065
6066
6067
6068
6069
6070
6071
6072
6073
6074
6075
6076
6077
6078
6079
6080
6081
6082
6083
6084
6085
6086
6087
6088
6089
6090
6091
6092
6093
6094
6095
6096
6097
6098
6099
6100
6101
6102
6103
6104
6105
6106
6107
6108
6109
6110
6111
6112
6113
6114
6115
6116
6117
6118
6119
6120
6121
6122
6123
6124
6125
6126
6127
6128
6129
6130
6131
6132
6133
6134
6135
6136
6137
6138
6139
6140
6141
6142
6143
6144
6145
6146
6147
6148
6149
6150
6151
6152
6153
6154
6155
6156
6157
6158
6159
6160
6161
6162
6163
6164
6165
6166
6167
6168
6169
6170
6171
6172
6173
6174
6175
6176
6177
6178
6179
6180
6181
6182
6183
6184
6185
6186
6187
6188
6189
6190
6191
6192
6193
6194
6195
6196
6197
6198
6199
6200
6201
6202
6203
6204
6205
6206
6207
6208
6209
6210
6211
6212
6213
6214
6215
6216
6217
6218
6219
6220
6221
6222
6223
6224
6225
6226
6227
6228
6229
6230
6231
6232
6233
6234
6235
6236
6237
6238
6239
6240
6241
6242
6243
6244
6245
6246
6247
6248
6249
6250
6251
6252
6253
6254
6255
6256
6257
6258
6259
6260
6261
6262
6263
6264
6265
6266
6267
6268
6269
6270
6271
6272
6273
6274
6275
6276
6277
6278
6279
6280
6281
6282
6283
6284
6285
6286
6287
6288
6289
6290
6291
6292
6293
6294
6295
6296
6297
6298
6299
6300
6301
6302
6303
6304
6305
6306
6307
6308
6309
6310
6311
6312
6313
6314
6315
6316
6317
6318
6319
6320
6321
6322
6323
6324
6325
6326
6327
6328
6329
6330
6331
6332
6333
6334
6335
6336
6337
6338
6339
6340
6341
6342
6343
6344
6345
6346
6347
6348
6349
6350
6351
6352
6353
6354
6355
6356
6357
6358
6359
6360
6361
6362
6363
6364
6365
6366
6367
6368
6369
6370
6371
6372
6373
6374
6375
6376
6377
6378
6379
6380
6381
6382
6383
6384
6385
6386
6387
6388
6389
6390
6391
6392
6393
6394
6395
6396
6397
6398
6399
6400
6401
6402
6403
6404
6405
6406
6407
6408
6409
6410
6411
6412
6413
6414
6415
6416
6417
6418
6419
6420
6421
6422
6423
6424
6425
6426
6427
6428
6429
6430
6431
6432
6433
6434
6435
6436
6437
6438
6439
6440
6441
6442
6443
6444
6445
6446
6447
6448
6449
6450
6451
6452
6453
6454
6455
6456
6457
6458
6459
6460
6461
6462
6463
6464
6465
6466
6467
6468
6469
6470
6471
6472
6473
6474
6475
6476
6477
6478
6479
6480
6481
6482
6483
6484
6485
6486
6487
6488
6489
6490
6491
6492
6493
6494
6495
6496
6497
6498
6499
6500
6501
6502
6503
6504
6505
6506
6507
6508
6509
6510
6511
6512
6513
6514
6515
6516
6517
6518
6519
6520
6521
6522
6523
6524
6525
6526
6527
6528
6529
6530
6531
6532
6533
6534
6535
6536
6537
6538
6539
6540
6541
6542
6543
6544
6545
6546
6547
6548
6549
6550
6551
6552
6553
6554
6555
6556
6557
6558
6559
6560
6561
6562
6563
6564
6565
6566
6567
6568
6569
6570
6571
6572
6573
6574
6575
6576
6577
6578
6579
6580
6581
6582
6583
6584
6585
6586
6587
6588
6589
6590
6591
6592
6593
6594
6595
6596
6597
6598
6599
6600
6601
6602
6603
6604
6605
6606
6607
6608
6609
6610
6611
6612
6613
6614
6615
6616
6617
6618
6619
6620
6621
6622
6623
6624
6625
6626
6627
6628
6629
6630
6631
6632
6633
6634
6635
6636
6637
6638
6639
6640
6641
6642
6643
6644
6645
6646
6647
6648
6649
6650
6651
6652
6653
6654
6655
6656
6657
6658
6659
6660
6661
6662
6663
6664
6665
6666
6667
6668
6669
6670
6671
6672
6673
6674
6675
6676
6677
6678
6679
6680
6681
6682
6683
6684
6685
6686
6687
6688
6689
6690
6691
6692
6693
6694
6695
6696
6697
6698
6699
6700
6701
6702
6703
6704
6705
6706
6707
6708
0.0018070245 0.00599176 0.0049649862
0.0017707427 0.00599176 0.0048692372
0.0017896289 0.00599176 0.0048632712
0.0017251193 0.00599176 0.004752353
0.0017682582 0.00599176 0.0047383291
0.0016678456 0.00599176 0.0046108535
0.0017421797 0.00599176 0.0045858873
0.0015958248 0.00599176 0.0044423652
0.0017111416 0.00599176 0.0044019767
0.0015063148 0.00599176 0.0042418073
0.0016734129 0.00599176 0.0041810326
0.0013975583 0.00599176 0.0039969628
0.0016225273 0.00599176 0.0039136471
0.0012666728 0.00599176 0.0036995515
0.0015522612 0.00599176 0.0035931757
0.0011122036 0.00599176 0.0033398146
0.0014538436 0.00599176 0.0032134707
0.0009345198 0.00599176 0.0029134877
0.0013199716 0.00599176 0.002773474
0.0007344127 0.00599176 0.0024241681
0.0011487696 0.00599176 0.0022774404
0.0005127496 0.00599176 0.0018801643
0.0009453967 0.00599176 0.0017316088
0.0002728067 0.00599176 0.0012915335
0.0007205359 0.00599176 0.0011429047
2.19447e-05 0.00599176 0.0006698229
0.0004849693 0.00599176 0.0005214191
-0.0002313889 0.00599176 2.91161e-05
0.0002439823 0.00599176 -0.0001176226
-2.0752e-06 0.00599176 -0.0007549814
-0.000480777 0.00599176 -0.0006134769
-0.0002503348 0.00599176 -0.0013716415
-0.0007205087 0.00599176 -0.0012397472
-0.0004906974 0.00599176 -0.0019534985
-0.0009428105 0.00599176 -0.0018343625
-0.0007100368 0.00599176 -0.0024920181
-0.0011388402 0.00599176 -0.0023866837
-0.0009005705 0.00599176 -0.0029810363
-0.0013033298 0.00599176 -0.0028891896
-0.0010639928 0.00599176 -0.0034147538
-0.0014377436 0.00599176 -0.0033360047
-0.0012079467 0.00599176 -0.0037887405
-0.0015481505 0.00599176 -0.0037233645
-0.0013388532 0.00599176 -0.0041016494
-0.001639855 0.00599176 -0.004050563
-0.0014576598 0.00599176 -0.0043560864
-0.001713901 0.00599176 -0.0043201369
-0.0015609342 0.00599176 -0.0045580856
-0.0017677338 0.00599176 -0.0045368387
-0.0016451513 0.00599176 -0.0047151587
-0.0017992455 0.00599176 -0.0047058064
-0.001710172 0.00599176 -0.0048341791
-0.0018105727 0.00599176 -0.0048314812
-0.0017603117 0.00599176 -0.0049207307
-0.0018091139 0.00599176 -0.0049189186
-0.0018070245 0.00599176 -0.0049649862
-0.0018579162 0.00599176 -0.0049171065
-0.0019109733 0.00599176 -0.0048287832
-0.0019533398 0.00599176 -0.004696454
-0.0019745334 0.00599176 -0.0045155918
-0.0019701422 0.00599176 -0.0042841875
-0.0019408568 0.00599176 -0.0039994766
-0.0018883543 0.00599176 -0.0036579885
-0.0018114943 0.00599176 -0.0032572556
-0.0017060892 0.00599176 -0.0027973429
-0.0015676436 0.00599176 -0.0022813494
-0.0013949236 0.00599176 -0.0017152265
-0.0011906825 0.00599176 -0.0011078528
-0.0009594788 0.00599176 -0.0004719724
-0.00070676 0.00599176 0.0001758549
-0.00044108 0.00599176 0.0008182266
-0.0001749226 0.00599176 0.0014401623
8.01026e-05 0.00599176 0.0020287197
0.0003200558 0.00599176 0.0025708958
0.0005490679 0.00599176 0.0030535014
0.0007705636 0.00599176 0.0034661585
0.0009810845000000001 0.00599176 0.0038059273
0.0011725894 0.00599176 0.0040802784
0.0013392168 0.00599176 0.0043025819
0.0014805081 0.00599176 0.0044827536
0.0015935116 0.00599176 0.0046358197
0.0016819805 0.00599176 0.0047663769
0.0017518565 0.00599176 0.0048752032
0.0018085151 0.00599176 0.0048573052
0.0018113971 0.00599176 0.0047243052
0.0018165137 0.00599176 0.0045609211
0.0018264583 0.00599176 0.0043615883
0.0018405109 0.00599176 0.004120258
0.0018474962 0.00599176 0.0038303315
0.0018378495 0.00599176 0.0034867999
0.0017954836 0.00599176 0.0030871269
0.0017054234 0.00599176 0.0026334602
0.0015631265 0.00599176 0.0021307128
0.0013780437 0.00599176 0.0015830534
0.0011682651 0.00599176 0.0009942759000000001
0.0009479939 0.00599176 0.0003730154
0.0007193535 0.00599176 -0.0002643614
0.0004766266 0.00599176 -0.0008964858
0.0002198391 0.00599176 -0.0015035359
-3.85843e-05 0.00599176 -0.0020726345
-0.0002812334 0.00599176 -0.0025973524
-0.0004978110999999999 0.00599176 -0.0030728829
-0.000690242 0.00599176 -0.0034935028
-0.0008677429 0.00599176 -0.0038541166
-0.0010378514 0.00599176 -0.0041527359
-0.0012014186 0.00599176 -0.0043920358
-0.0013541346 0.00599176 -0.0045793326
-0.001491057 0.00599176 -0.0047245111
-0.0016097713 0.00599176 -0.004836877
-0.0017115094 0.00599176 -0.0049225429
-0.0019067184 0.00599176 -0.0049152944
-0.002011374 0.00599176 -0.0048260853
-0.002107434 0.00599176 -0.0046871017
-0.002181333 0.00599176 -0.0044943448
-0.0022263834 0.00599176 -0.004248238
-0.0022418586 0.00599176 -0.0039483902
-0.0022285581 0.00599176 -0.0035926125
-0.0021852451 0.00599176 -0.0031785065
-0.0021088485 0.00599176 -0.0027054963
-0.001996447 0.00599176 -0.002176015
-0.0018470367 0.00599176 -0.0015960904
-0.0016608564 0.00599176 -0.0009759584
-0.0014381806 0.00599176 -0.0003304679
-0.0011821312 0.00599176 0.0003225936
-0.0009041046 0.00599176 0.0009666304
-0.0006226517999999999 0.00599176 0.001588791
-0.0003525445 0.00599176 0.0021772752
-9.43011e-05 0.00599176 0.0027176235
0.0001636161 0.00599176 0.0031935152
0.0004289235 0.00599176 0.0035925023
0.0006954961 0.00599176 0.0039123031
0.0009476204 0.00599176 0.004163594
0.0011721187 0.00599176 0.0043633565
0.0013651913 0.00599176 0.0045231421
0.0015191775 0.00599176 0.0046607859
0.0016388416 0.00599176 0.0047804008
0.0017329703 0.00599176 0.0048811692
0.0020359228 0.0069506572 0.0056473894
0.0020298706 0.0069506572 0.0055314178
0.002024124 0.0069506572 0.0053880588
0.002019681 0.0069506572 0.0052117692
0.0020199855 0.0069506572 0.0049963268
0.0020235658 0.0069506572 0.0047352828
0.0020170496 0.0069506572 0.0044220383
0.0019895819 0.0069506572 0.0040515767
0.001924228 0.0069506572 0.0036216353
0.0018069329 0.0069506572 0.0031344364
0.0016356853 0.0069506572 0.0025940805
0.0014222784 0.0069506572 0.0020037486
0.0011860917 0.0069506572 0.0013671472
0.0009410544 0.0069506572 0.0006941728
0.0006887568 0.0069506572 2.9707e-06
0.000424199 0.0069506572 -0.0006836771
0.0001492741 0.0069506572 -0.0013450926
-0.000122177 0.0069506572 -0.0019675164
-0.0003727923 0.0069506572 -0.0025431401
-0.0005933766 0.0069506572 -0.003065722
-0.0007869363 0.0069506572 -0.0035287688
-0.000963206 0.0069506572 -0.0039272232
-0.0011300714 0.0069506572 -0.0042595721
-0.0012891016 0.0069506572 -0.0045288681
-0.0014369639 0.0069506572 -0.0047424826
-0.0015696214 0.0069506572 -0.0049100621
-0.0016852591 0.0069506572 -0.0050407404
-0.0017856453 0.0069506572 -0.0051406347
-0.0018833239 0.0069506572 -0.005192454
-0.0019885349 0.0069506572 -0.0051373934
-0.0020966555 0.0069506572 -0.0050374213
-0.0021937388 0.0069506572 -0.004883919
-0.0022672494 0.0069506572 -0.0046736685
-0.0023103977 0.0069506572 -0.0044065069
-0.0023212097 0.0069506572 -0.0040814822
-0.0022991104 0.0069506572 -0.0036962105
-0.0022427525 0.0069506572 -0.0032482763
-0.0021501067 0.0069506572 -0.0027369045
-0.0020197754 0.0069506572 -0.0021642706
-0.0018514036 0.0069506572 -0.0015365568
-0.0016447834 0.0069506572 -0.0008648665
-0.0013996794 0.0069506572 -0.0001653924
-0.0011198968 0.0069506572 0.0005427913
-0.0008183935 0.0069506572 0.0012420366
-0.000514795 0.0069506572 0.001918266
-0.0002238977 0.0069506572 0.0025581252
5.40217e-05 0.0069506572 0.0031458042
0.0003300846 0.0069506572 0.0036643552
0.0006110634 0.0069506572 0.0041015562
0.0008904818 0.0069506572 0.0044555747
0.0011529202 0.0069506572 0.0047372539
0.0013856199 0.0069506572 0.0049634239
0.0015847912 0.0069506572 0.0051461745
0.0017431571 0.0069506572 0.0053029474
0.0018653808 0.0069506572 0.0054386092
0.0019610217 0.0069506572 0.005552665
0.0022395122 0.0079095543 0.0062683353
0.0022253879 0.0079095543 0.0061449538
0.0022104407 0.0079095543 0.0059922965
0.0021958572 0.0079095543 0.0058043634
0.0021860503 0.0079095543 0.0055742657
0.0021787375 0.0079095543 0.0052952052
0.00215818 0.0079095543 0.0049608048
0.0021121745 0.0079095543 0.004566174
0.0020229935 0.0079095543 0.0041095338
0.0018777248 0.0079095543 0.0035932157
0.0016772598 0.0079095543 0.0030203217
0.0014359847 0.0079095543 0.0023927684
0.0011745303 0.0079095543 0.001714014
0.0009062937 0.0079095543 0.0009951713999999999
0.0006321294 0.0079095543 0.0002560931
0.0003478366 0.0079095543 -0.0004792262
5.738e-05 0.0079095543 -0.0011895282
-0.0002240008 0.0079095543 -0.0018603422
-0.0004792717 0.0079095543 -0.002482483
-0.0007006659 0.0079095543 -0.003048215
-0.0008923546 0.0079095543 -0.0035503092
-0.0010644645 0.0079095543 -0.0039838529
-0.0012251342 0.0079095543 -0.0043478692
-0.0013766857 0.0079095543 -0.0046458328
-0.0015170126 0.0079095543 -0.004885026
-0.0016432041 0.0079095543 -0.0050747021
-0.0017541255 0.0079095543 -0.0052236642
-0.0018520121 0.0079095543 -0.0053379137
-0.0019511871 0.0079095543 -0.0053994359
-0.0020616938 0.0079095543 -0.0053391496
-0.002172837 0.0079095543 -0.0052286407
-0.0022704697 0.0079095543 -0.005061233
-0.0023434051 0.0079095543 -0.0048346505
-0.0023848418 0.0079095543 -0.0045481738
-0.0023913213 0.0079095543 -0.0042002659
-0.002360691 0.0079095543 -0.0037884054
-0.0022914442 0.0079095543 -0.0033102046
-0.0021828828 0.0079095543 -0.0027646519
-0.0020353735 0.0079095543 -0.0021535676
-0.0018493167 0.0079095543 -0.0014832001
-0.0016239017 0.0079095543 -0.0007654685
-0.0013581998 0.0079095543 -1.78382e-05
-0.001056687 0.0079095543 0.0007395027
-0.0007339516 0.0079095543 0.0014880839
-0.0004106013 0.0079095543 0.0022127548
-0.0001011939 0.0079095543 0.0028986585
0.0001943423 0.0079095543 0.0035287311
0.0004866065 0.0079095543 0.0040855728
0.0007811784 0.0079095543 0.0045574585
0.0010711924 0.0079095543 0.0049431478
0.0013416888 0.0079095543 0.005253525
0.0015804993 0.0079095543 0.0055049719
0.0017838712 0.0079095543 0.0057099756
0.0019450582 0.0079095543 0.0058852205
0.0020685501 0.0079095543 0.0060363211
0.0021646368 0.0079095543 0.0061631432
0.0024181864 0.008868451499999999 0.0068276739
0.0023956115 0.008868451499999999 0.0066977486
0.0023711218 0.008868451499999999 0.0065368184
0.0023461703 0.008868451499999999 0.0063384338
0.002326333 0.008868451499999999 0.0060950021
0.0023084667 0.008868451499999999 0.0057994283
0.0022741767 0.008868451499999999 0.0054457864
0.0022097839 0.008868451499999999 0.0050294793
0.0020966824 0.008868451499999999 0.0045494504
0.0019232347 0.008868451499999999 0.0040082424
0.0016935914 0.008868451499999999 0.0034077936
0.0014250497 0.008868451499999999 0.002748459
0.0011396029 0.008868451499999999 0.0020332252
0.000849931 0.008868451499999999 0.0012743431
0.0005559044 0.008868451499999999 0.0004933179
0.000254084 0.008868451499999999 -0.0002847966
-4.93575e-05 0.008868451499999999 -0.001038411
-0.0003377439 0.008868451499999999 -0.0017525403
-0.0005945437 0.008868451499999999 -0.0024166674
-0.000813687 0.008868451499999999 -0.003021527
-0.0010006545 0.008868451499999999 -0.0035591659
-0.0011659335 0.008868451499999999 -0.0040248947
-0.0013178905 0.008868451499999999 -0.0044183469
-0.001459669 0.008868451499999999 -0.0047434327
-0.0015905718 0.008868451499999999 -0.0050072558
-0.0017089605 0.008868451499999999 -0.0052185397
-0.0018144441 0.008868451499999999 -0.0053856258
-0.0019096665 0.008868451499999999 -0.0055143255
-0.0020107451 0.008868451499999999 -0.0055858821
-0.0021273365 0.008868451499999999 -0.0055206749
-0.0022419463 0.008868451499999999 -0.005400038
-0.0023404341 0.008868451499999999 -0.005219425
-0.0024132655 0.008868451499999999 -0.0049777161
-0.0024536756 0.008868451499999999 -0.0046736449
-0.0024565011 0.008868451499999999 -0.0043050901
-0.0024178032 0.008868451499999999 -0.0038694587
-0.002335902 0.008868451499999999 -0.0033644421
-0.0022117272 0.008868451499999999 -0.0027887657
-0.002047739 0.008868451499999999 -0.0021437938
-0.0018452573 0.008868451499999999 -0.0014357347
-0.0016027079 0.008868451499999999 -0.0006772707999999999
-0.0013182242 0.008868451499999999 0.000112906
-0.0009968739 0.008868451499999999 0.0009136272
-0.0006549572 0.008868451499999999 0.0017058221
-0.0003140772 0.008868451499999999 0.0024734565
1.16102e-05 0.008868451499999999 0.003200261
0.0003226887 0.008868451499999999 0.0038679836
0.000629271 0.008868451499999999 0.0044588682
0.0009356504 0.008868451499999999 0.0049618651
0.0012345813 0.008868451499999999 0.0053764484
0.0015116393 0.008868451499999999 0.005713489
0.0017552737 0.008868451499999999 0.0059887143
0.0019616929 0.008868451499999999 0.006214922
0.0021246713 0.008868451499999999 0.0064077432
0.0022484494 0.008868451499999999 0.0065735305
0.0023441014 0.008868451499999999 0.0067125086
0.0025723392 0.009827348600000001 0.007325255
0.0025410858 0.009827348600000001 0.0071896378
0.0025069422 0.009827348600000001 0.0070214247
0.0024717485 0.009827348600000001 0.0068137103
0.002442514 0.009827348600000001 0.0065581333
0.0024151942 0.009827348600000001 0.0062473554
0.0023683289 0.009827348600000001 0.0058761387
0.0022865663 0.009827348600000001 0.0054403805
0.0021501969 0.009827348600000001 0.0049400133
0.0019488984 0.009827348600000001 0.0043779611
0.0016904213 0.009827348600000001 0.0037548537
0.0013953603 0.009827348600000001 0.0030691669
0.0010873317 0.009827348600000001 0.0023231294
0.0007781854 0.009827348600000001 0.0015300199
0.0004665152 0.009827348600000001 0.0007129573
0.0001494854 0.009827348600000001 -0.0001020515
-0.0001644524 0.009827348600000001 -0.0008933093
-0.0004570948 0.009827348600000001 -0.001645539
-0.0007124808 0.009827348600000001 -0.0023469798
-0.0009264481 0.009827348600000001 -0.0029868227
-0.0011059939 0.009827348600000001 -0.0035563806
-0.0012620281 0.009827348600000001 -0.0040512378
-0.0014031907 0.009827348600000001 -0.0044717249
-0.0015335498 0.009827348600000001 -0.0048221705
-0.0016539327 0.009827348600000001 -0.0051094653
-0.0017640462 0.009827348600000001 -0.0053416837
-0.0018642886 0.009827348600000001 -0.0055266028
-0.0019576649 0.009827348600000001 -0.0056698155
-0.0020621294 0.009827348600000001 -0.0057517425
-0.0021866047 0.009827348600000001 -0.0056820814
-0.0023060112 0.009827348600000001 -0.0055519076
-0.0024064397 0.009827348600000001 -0.0053588763
-0.0024802957 0.009827348600000001 -0.0051032908
-0.0025208596 0.009827348600000001 -0.0047833263
-0.0025210563 0.009827348600000001 -0.0043963036
-0.0024749503 0.009827348600000001 -0.0039396319
-0.0023807075 0.009827348600000001 -0.0034111396
-0.0022411904 0.009827348600000001 -0.0028092735
-0.0020613696 0.009827348600000001 -0.0021348368
-0.0018437064 0.009827348600000001 -0.0013938751
-0.0015856987 0.009827348600000001 -0.0005997798
-0.0012842351 0.009827348600000001 0.0002275515
-0.0009448296 0.009827348600000001 0.0010660644
-0.0005855885 0.009827348600000001 0.0018963013
-0.000229229 0.009827348600000001 0.00270157
0.0001105578 0.009827348600000001 0.0034643188
0.000435089 0.009827348600000001 0.0041651412
0.0007541672 0.009827348600000001 0.0047859419
0.0010708612 0.009827348600000001 0.0053164319
0.0013776019 0.009827348600000001 0.0057569023
0.0016604851 0.009827348600000001 0.0061182273
0.0019084596 0.009827348600000001 0.0064153651
0.0021175178 0.009827348600000001 0.0066613902
0.0022817869 0.009827348600000001 0.0068706534
0.0024051787 0.009827348600000001 0.0070502314
0.0024997013 0.009827348600000001 0.0072006655
0.0027167034 0.0107862457 0.0077730277
0.0026765751 0.0107862457 0.0076337872
0.0026312217 0.0107862457 0.0074610198
0.0025818765 0.0107862457 0.0072475918
0.0025345568 0.0107862457 0.0069848122
0.0024848737 0.0107862457 0.006665178
0.0024126322 0.0107862457 0.0062835186
0.0023037124 0.0107862457 0.0058353482
0.0021408524 0.0107862457 0.0053197838
0.0019162297 0.0107862457 0.0047383564
0.0016387562 0.0107862457 0.0040906588
0.0013285538 0.0107862457 0.0033753502
0.0010074364 0.0107862457 0.0025959776
0.0006858483 0.0107862457 0.0017672294
0.0003627376 0.0107862457 0.00091308
3.71053e-05 0.0107862457 5.99289e-05
-0.0002813179 0.0107862457 -0.0007699007
-0.0005749895 0.0107862457 -0.0015597958
-0.0008298357 0.0107862457 -0.0022964061
-0.0010429456 0.0107862457 -0.0029679644
-0.0012209257 0.0107862457 -0.0035657295
-0.0013733465 0.0107862457 -0.004085764
-0.0015078167 0.0107862457 -0.0045289641
-0.0016286163 0.0107862457 -0.0048999528
-0.0017377588 0.0107862457 -0.0052056667
-0.0018364257 0.0107862457 -0.005454083
-0.0019262892 0.0107862457 -0.0056529088
-0.0020111828 0.0107862457 -0.0058078511
-0.0021102508 0.0107862457 -0.0059010001
-0.0022374506 0.0107862457 -0.0058271206
-0.0023581686 0.0107862457 -0.0056892038
-0.0024594468 0.0107862457 -0.0054867177
-0.002534459 0.0107862457 -0.0052199201
-0.0025756244 0.0107862457 -0.0048862597
-0.0025738622 0.0107862457 -0.0044826752
-0.0025216761 0.0107862457 -0.0040067838
-0.0024175108 0.0107862457 -0.0034565872
-0.0022660661 0.0107862457 -0.0028301517
-0.0020742119 0.0107862457 -0.0021277604
-0.0018446772 0.0107862457 -0.0013555606
-0.001573742 0.0107862457 -0.0005278033
-0.0012573168 0.0107862457 0.0003344858
-0.0009017148 0.0107862457 0.0012085167
-0.0005266535 0.0107862457 0.0020743981
-0.0001553402 0.0107862457 0.0029145611
0.0001992323 0.0107862457 0.0037101318
0.0005384529 0.0107862457 0.0044408409
0.0008703924 0.0107862457 0.0050888711
0.0011960911 0.0107862457 0.0056449315
0.0015074134 0.0107862457 0.006110022
0.0017916904 0.0107862457 0.0064945611
0.0020396669 0.0107862457 0.0068123873
0.0022483576 0.0107862457 0.007076011
0.0024142081 0.0107862457 0.0072983919
0.0025411968 0.0107862457 0.0074869925
0.0026398838 0.0107862457 0.0076438464
0.0028471505 0.0117451429 0.0081790262
0.0027982344 0.0117451429 0.0080370678
0.0027415477 0.0117451429 0.007860852600000001
0.0026775528 0.0117451429 0.0076430523
0.0026108313 0.0117451429 0.00737468
0.0025367955 0.0117451429 0.0070481162
0.0024373613 0.0117451429 0.0066582698
0.0023002524 0.0117451429 0.0062001848
0.0021113717 0.0117451429 0.0056718913
0.0018655843 0.0117451429 0.0050731831
0.0015724595 0.0117451429 0.0044026201
0.0012509116 0.0117451429 0.0036593863
0.0009203304 0.0117451429 0.0028486857
0.0005896211 0.0117451429 0.0019866346
0.0002583002 0.0117451429 0.0010978777
-7.27061e-05 0.0117451429 0.0002090699
-0.000392716 0.0117451429 -0.0006567799
-0.0006853477 0.0117451429 -0.0014815795
-0.0009386810999999999 0.0117451429 -0.0022503897
-0.0011509269 0.0117451429 -0.002950654
-0.0013279186 0.0117451429 -0.0035737555
-0.0014775447 0.0117451429 -0.0041162749
-0.0016061565 0.0117451429 -0.0045796485
-0.0017180757 0.0117451429 -0.004968812
-0.0018164075 0.0117451429 -0.0052908315
-0.0019038581 0.0117451429 -0.0055537145
-0.0019834862 0.0117451429 -0.0057652347
-0.0020600393 0.0117451429 -0.0059313421
-0.0021537332 0.0117451429 -0.0060363329
-0.0022849131 0.0117451429 -0.0059586589
-0.0024082677 0.0117451429 -0.0058138981
-0.0025121672 0.0117451429 -0.005603123
-0.0025903535 0.0117451429 -0.0053262845
-0.0026340553 0.0117451429 -0.004980088
-0.0026319975 0.0117451429 -0.0045611974
-0.0025750812 0.0117451429 -0.0040675671
-0.0024621772 0.0117451429 -0.0034974411
-0.0023000885 0.0117451429 -0.0028484524
-0.0020977169 0.0117451429 -0.0021202945
-0.0018580205 0.0117451429 -0.0013192065
-0.0015758213 0.0117451429 -0.000460342
-0.0012458281 0.0117451429 0.0004341085
-0.0008750984 0.0117451429 0.0013406543
-0.000485041 0.0117451429 0.0022390791
-9.94325e-05 0.0117451429 0.0031110514
0.0002694236 0.0117451429 0.0039364577
0.0006229922 0.0117451429 0.0046942199
0.0009675349 0.0117451429 0.0053668635
0.0013020225 0.0117451429 0.0059461259
0.0016177029 0.0117451429 0.0064337468
0.0019031901 0.0117451429 0.0068396552
0.0021511287 0.0117451429 0.0071765152
0.002359694 0.0117451429 0.007456079
0.0025279488 0.0117451429 0.0076898337
0.0026600178 0.0117451429 0.0078855218
0.0027645201 0.0117451429 0.0080469402
0.0029486515 0.01270404 0.0085050643
0.0028911332 0.01270404 0.008361534
0.0028233299 0.01270404 0.0081832639
0.0027449358 0.01270404 0.007962767399999999
0.0026590616 0.01270404 0.0076907842
0.0025609666 0.01270404 0.0073596439
0.002434811 0.01270404 0.0069644572
0.0022702961 0.01270404 0.0064998779
0.0020566485 0.01270404 0.0059629014
0.0017915041 0.01270404 0.0053515607
0.0014850496 0.01270404 0.0046633362
0.0011548724 0.01270404 0.0038978968
0.0008178059 0.01270404 0.0030620467
0.00048111 0.01270404 0.0021732176
0.000144806 0.01270404 0.001256561
-0.0001883239 0.01270404 0.0003388109
-0.0005067749 0.01270404 -0.0005565013
-0.0007954867 0.01270404 -0.0014099372
-0.0010448152 0.01270404 -0.0022050794
-0.0012541277 0.01270404 -0.0029286797
-0.0014284533 0.01270404 -0.0035723155
-0.0015739244 0.01270404 -0.0041331252
-0.0016956189 0.01270404 -0.0046130855
-0.0017978662 0.01270404 -0.0050174474
-0.0018848436 0.01270404 -0.0053533877
-0.0019608126 0.01270404 -0.0056289015
-0.0020302257 0.01270404 -0.0058517988
-0.0020987416 0.01270404 -0.0060282763
-0.0021875668 0.01270404 -0.0061450123
-0.0023234937 0.01270404 -0.006064262
-0.0024500563 0.01270404 -0.005913808
-0.0025572126 0.01270404 -0.0056962941
-0.0026393633 0.01270404 -0.005411399
-0.0026865003 0.01270404 -0.0050550986
-0.0026850599 0.01270404 -0.0046238354
-0.0026242857 0.01270404 -0.0041159793
-0.0025035272 0.01270404 -0.003530075
-0.0023318734 0.01270404 -0.0028633129
-0.0021204233 0.01270404 -0.0021147374
-0.0018724476 0.01270404 -0.0012905988
-0.001581187 0.01270404 -0.0004068836
-0.0012399907 0.01270404 0.0005131429000000001
-0.0008565558 0.01270404 0.0014454308
-0.0004539646 0.01270404 0.0023696385
-5.65507e-05 0.01270404 0.003266875
0.0003241338 0.01270404 0.0041159476
0.0006897083 0.01270404 0.0048950854
0.0010446635 0.01270404 0.0055872428
0.0013859256 0.01270404 0.0061852539
0.0017041766 0.01270404 0.0066916331
0.0019893691 0.01270404 0.0071157768
0.00223606 0.01270404 0.0074690693
0.0024435587 0.01270404 0.0077623992
0.0026135577 0.01270404 0.008005634100000001
0.0027503053 0.01270404 0.008206728700000001
0.0028603678 0.01270404 0.0083712782
0.0030076207 0.0136629372 0.0087115674
0.002941753 0.0136629372 0.0085681404
0.0028630576 0.0136629372 0.008389901199999999
0.00277041 0.0136629372 0.0081692955
0.0026652893 0.0136629372 0.007896908500000001
0.0025428605 0.0136629372 0.007565109
0.002389884 0.0136629372 0.0071692726
0.0021983065 0.0136629372 0.0067036974
0.0019610349 0.0136629372 0.0061643132
0.0016787028 0.0136629372 0.0055473056
0.0013620136 0.0136629372 0.0048490543
0.0010269085 0.0136629372 0.0040697535
0.0006872759 0.0136629372 0.0032178198
0.0003485431 0.0136629372 0.0023118509
1.12746e-05 0.0136629372 0.0013772153
-0.0003198222 0.0136629372 0.0004404003
-0.0006325345 0.0136629372 -0.0004747974
-0.0009133969 0.0136629372 -0.0013477628
-0.0011552886 0.0136629372 -0.0021607308
-0.0013587813 0.0136629372 -0.0028999026
-0.0015280072 0.0136629372 -0.0035571465
-0.0016671642 0.0136629372 -0.0041302372
-0.0017799741 0.0136629372 -0.0046216788
-0.0018707201 0.0136629372 -0.0050369989
-0.0019446324 0.0136629372 -0.0053834085
-0.0020075628 0.0136629372 -0.0056687954
-0.0020653469 0.0136629372 -0.0059009099
-0.0021245632 0.0136629372 -0.00608613
-0.0022072232 0.0136629372 -0.0062138466
-0.0023465086 0.0136629372 -0.0061309856
-0.0024748662 0.0136629372 -0.0059764839
-0.0025840739 0.0136629372 -0.0057546417
-0.0026693036 0.0136629372 -0.0054648618
-0.0027193911 0.0136629372 -0.0051024031
-0.0027185106 0.0136629372 -0.0046635083
-0.0026543138 0.0136629372 -0.00414701
-0.0025266595 0.0136629372 -0.0035517948
-0.0023469282 0.0136629372 -0.0028746288
-0.0021284001 0.0136629372 -0.002113891
-0.00187464 0.0136629372 -0.001275765
-0.0015772869 0.0136629372 -0.0003769208
-0.0012283707 0.0136629372 0.0005585492
-0.0008361819 0.0136629372 0.0015063098
-0.0004252891 0.0136629372 0.0024461433
-2.02984e-05 0.0136629372 0.0033588006
0.0003681832 0.0136629372 0.0042222147
0.0007418993 0.0136629372 0.005014164
0.0011033764 0.0136629372 0.005718281
0.0014473868 0.0136629372 0.0063286543
0.0017641407 0.0136629372 0.0068485711
0.0020451639 0.0136629372 0.0072867334
0.0022871575 0.0136629372 0.0076530177
0.0024906675 0.0136629372 0.0079572618
0.0026601847 0.0136629372 0.008207504399999999
0.0028000439 0.0136629372 0.008411820400000001
0.0029145224 0.0136629372 0.008577641299999999
0.0029530809 0.0146218343 0.008774522999999999
0.002886117 0.0146218343 0.008630740200000001
0.0028054231 0.0146218343 0.008452231100000001
0.0027093422 0.0146218343 0.008231551
0.0025981612 0.0146218343 0.0079595442
0.00246705 0.0146218343 0.0076285907
0.0023046003 0.0146218343 0.0072337375
0.0021042152 0.0146218343 0.0067688593
0.0018609218 0.0146218343 0.0062291075
0.0015769312 0.0146218343 0.0056097804
0.0012629149 0.0146218343 0.0049070739
0.0009333002 0.0146218343 0.004121915
0.0005996473 0.0146218343 0.0032638431
0.0002659161 0.0146218343 0.002352065
-6.71513e-05 0.0146218343 0.0014118738
-0.0003936908 0.0146218343 0.0004693865
-0.0007008095 0.0146218343 -0.0004517139
-0.0009754038 0.0146218343 -0.0013304954
-0.0012111337 0.0146218343 -0.0021487855
-0.001408858 0.0146218343 -0.0028926607
-0.0015722434 0.0146218343 -0.0035541421
-0.0017048344 0.0146218343 -0.0041312084
-0.0018099808 0.0146218343 -0.004626465
-0.0018921261 0.0146218343 -0.0050454067
-0.0019570611 0.0146218343 -0.0053951381
-0.0020112158 0.0146218343 -0.0056834555
-0.0020608585 0.0146218343 -0.0059180112
-0.0021127376 0.0146218343 -0.0061051103
-0.0021890433 0.0146218343 -0.0062348318
-0.0023253642 0.0146218343 -0.0061518355
-0.0024516083 0.0146218343 -0.0059969871
-0.002558557 0.0146218343 -0.00577447
-0.002641198 0.0146218343 -0.0054838671
-0.0026890397 0.0146218343 -0.0051206337
-0.0026873236 0.0146218343 -0.0046808699
-0.0026245085 0.0146218343 -0.0041629968
-0.0025000996 0.0146218343 -0.0035656314
-0.0023241712 0.0146218343 -0.0028857711
-0.0021085581 0.0146218343 -0.0021222807
-0.001856428 0.0146218343 -0.0012815545
-0.0015605107 0.0146218343 -0.0003799458
-0.0012144086 0.0146218343 0.0005590323
-0.0008268277000000001 0.0146218343 0.0015112379
-0.0004211313 0.0146218343 0.0024558753
-2.0374e-05 0.0146218343 0.0033728864
0.0003651509 0.0146218343 0.0042399995
0.000736046 0.0146218343 0.0050355031
0.0010932617 0.0146218343 0.0057438336
0.0014310946 0.0146218343 0.0063594645
0.0017403906 0.0146218343 0.0068854839
0.0020138137 0.0146218343 0.0073298987
0.0022489283 0.0146218343 0.007701907
0.0024466406 0.0146218343 0.008010959099999999
0.0026118686 0.0146218343 0.0082648263
0.0027488682 0.0146218343 0.008471659899999999
0.0028613635 0.0146218343 0.008639289600000001
0.0028158999 0.0155807314 0.008681067900000001
0.0027526822 0.0155807314 0.008537576700000001
0.0026760011 0.0155807314 0.0083597017
0.0025839184 0.0155807314 0.008140216299999999
0.0024759251 0.0155807314 0.0078704259
0.0023472779 0.0155807314 0.0075427701
0.0021878086 0.0155807314 0.0071518226
0.0019917572 0.0155807314 0.0066911835
0.0017552306 0.0155807314 0.0061555763
0.0014810372 0.0155807314 0.0055400819
0.001179491 0.0155807314 0.0048411907
0.0008638207 0.0155807314 0.0040604676
0.0005439104 0.0155807314 0.0032080294
0.000222606 0.0155807314 0.0023031627
-9.9631e-05 0.0155807314 0.0013708417
-0.0004167102 0.0155807314 0.0004367416
-0.0007154493 0.0155807314 -0.0004758498
-0.0009824306000000001 0.0155807314 -0.0013463595
-0.001210894 0.0155807314 -0.0021569568
-0.0014013395 0.0155807314 -0.0028939676
-0.0015574001 0.0155807314 -0.0035495
-0.0016829555 0.0155807314 -0.0041214588
-0.0017818146 0.0155807314 -0.0046123139
-0.0018587555 0.0155807314 -0.0050274377
-0.0019196447 0.0155807314 -0.0053738568
-0.001970746 0.0155807314 -0.0056593186
-0.0020180941 0.0155807314 -0.005891408
-0.0020682235 0.0155807314 -0.006076323
-0.0021433163 0.0155807314 -0.0062036801
-0.0022781459 0.0155807314 -0.0061232547
-0.0024041553 0.0155807314 -0.005971838
-0.0025101583 0.0155807314 -0.0057523717
-0.0025905385 0.0155807314 -0.0054649712
-0.0026363014 0.0155807314 -0.005105874
-0.0026353109 0.0155807314 -0.004671253
-0.0025778876 0.0155807314 -0.0041588657
-0.0024629401 0.0155807314 -0.0035668655
-0.0022977177 0.0155807314 -0.0028927688
-0.0020911484 0.0155807314 -0.0021363714
-0.0018458382 0.0155807314 -0.0013043091
-0.0015568007 0.0155807314 -0.0004121112
-0.0012203194 0.0155807314 0.0005179602
-0.0008452083 0.0155807314 0.0014622641
-0.0004524084 0.0155807314 0.0023993491
-6.28567e-05 0.0155807314 0.0033084865
0.000312956 0.0155807314 0.0041677781
0.0006739984 0.0155807314 0.0049565558
0.0010202902 0.0155807314 0.0056599984
0.00134681 0.0155807314 0.0062724338
0.0016456888 0.0155807314 0.0067962497
0.0019103367 0.0155807314 0.0072388531
0.0021382711 0.0155807314 0.0076092738
0.0023301043 0.0155807314 0.0079169558
0.0024897263 0.0155807314 0.008170198599999999
0.0026211645 0.0155807314 0.008377160599999999
0.0027286118 0.0155807314 0.0085452414
0.0026480373 0.0165396286 0.0084874407
0.0025894488 0.0165396286 0.0083454558
0.0025178877 0.0165396286 0.0081696995
0.0024311909 0.0165396286 0.0079532071
0.0023281251 0.0165396286 0.0076877818
0.0022040746 0.0165396286 0.0073659949
0.0020500738 0.0165396286 0.0069820739
0.0018611483 0.0165396286 0.0065294712
0.0016343954 0.0165396286 0.0060026207
0.0013731195 0.0165396286 0.0053964896
0.0010872104 0.0165396286 0.0047078723
0.0007887413999999999 0.0165396286 0.0039388528
0.0004860312 0.0165396286 0.0030999124
0.0001808625 0.0165396286 0.0022101917
-0.0001267348 0.0165396286 0.0012941708
-0.0004307547 0.0165396286 0.0003769525
-0.0007179933 0.0165396286 -0.0005187275
-0.0009747751 0.0165396286 -0.0013728733
-0.001193807 0.0165396286 -0.0021682171
-0.0013751368 0.0165396286 -0.0028914816
-0.0015224645 0.0165396286 -0.0035349003
-0.0016401543 0.0165396286 -0.0040962986
-0.0017326353 0.0165396286 -0.0045779948
-0.0018050343 0.0165396286 -0.004985259
-0.0018631372 0.0165396286 -0.0053250654
-0.0019129124 0.0165396286 -0.0056050959
-0.0019600296 0.0165396286 -0.0058328628
-0.0020107916 0.0165396286 -0.0060144884
-0.0020873621 0.0165396286 -0.0061391377
-0.002222815 0.0165396286 -0.0060627001
-0.0023502149 0.0165396286 -0.00591655
-0.0024567677 0.0165396286 -0.0057022527
-0.0025363343 0.0165396286 -0.0054205299
-0.0025813792 0.0165396286 -0.0050684854
-0.0025823386 0.0165396286 -0.0046425083
-0.0025313447 0.0165396286 -0.004139836
-0.0024268332 0.0165396286 -0.0035582373
-0.0022734019 0.0165396286 -0.0028957086
-0.0020772687 0.0165396286 -0.0021528689
-0.0018405815 0.0165396286 -0.0013364944
-0.0015605296 0.0165396286 -0.0004612471
-0.0012358913 0.0165396286 0.0004519166
-0.000875434 0.0165396286 0.0013800039
-0.0004976776 0.0165396286 0.0023011909
-0.0001215436 0.0165396286 0.0031943993
0.0002422288 0.0165396286 0.0040383321
0.0005910439 0.0165396286 0.0048134762
0.000924201 0.0165396286 0.0055057599
0.0012375163 0.0165396286 0.0061093671
0.0015244915 0.0165396286 0.0066259848
0.0017792579 0.0165396286 0.0070624265
0.0019992035 0.0165396286 0.0074275372
0.0021845595 0.0165396286 0.0077307167
0.0023380745 0.0165396286 0.007980728499999999
0.0024634965 0.0165396286 0.0081856702
0.0025655057 0.0165396286 0.008352447000000001
0.0024742165 0.0174985257 0.0082627102
0.0024203092 0.0174985257 0.008122709000000001
0.0023539475 0.0174985257 0.007949642
0.0022727575 0.0174985257 0.0077368147
0.0021748057 0.0174985257 0.0074765234
0.0020556174 0.0174985257 0.0071614912
0.0019073974 0.0174985257 0.0067856601
0.0017259928 0.0174985257 0.0063423622
0.0015094378 0.0174985257 0.0058257956
0.0012615393 0.0174985257 0.0052308308
0.0009917608 0.0174985257 0.0045545552
0.0007109857 0.0174985257 0.0037995389
0.0004259962 0.0174985257 0.0029765562
0.0001374975 0.0174985257 0.0021045411
-0.0001549107 0.0174985257 0.0012074144
-0.0004453047 0.0174985257 0.0003096378
-0.0007204738 0.0174985257 -0.0005666649
-0.0009665318 0.0174985257 -0.0014021134
-0.0011757169 0.0174985257 -0.0021800227
-0.0013476602 0.0174985257 -0.0028875313
-0.0014861101 0.0174985257 -0.0035170223
-0.0015958686 0.0174985257 -0.0040662674
-0.0016819245 0.0174985257 -0.0045374454
-0.0017497165 0.0174985257 -0.0049357125
-0.0018049509 0.0174985257 -0.0052679673
-0.0018533382 0.0174985257 -0.0055418029
-0.0019001786 0.0174985257 -0.0057646475
-0.0019515145 0.0174985257 -0.0059425426
-0.0020294218 0.0174985257 -0.0060642276
-0.0021651497 0.0174985257 -0.0059919453
-0.0022935674 0.0174985257 -0.0058514365
-0.0024003739 0.0174985257 -0.0056428574
-0.0024789518 0.0174985257 -0.0053675398
-0.0025231732 0.0174985257 -0.005023444
-0.0025260098 0.0174985257 -0.0046072307
-0.0024814073 0.0174985257 -0.0041156687
-0.0023873376 0.0174985257 -0.0035461515
-0.0022458206 0.0174985257 -0.0028971044
-0.0020604046 0.0174985257 -0.0021698995
-0.0018328035 0.0174985257 -0.0013714176
-0.0015623135 0.0174985257 -0.0005154713
-0.0012501601 0.0174985257 0.0003782753
-0.0009050314 0.0174985257 0.0012875255
-0.0005430159 0.0174985257 0.0021901951
-0.0001810033 0.0174985257 0.0030649612
0.0001700472 0.0174985257 0.0038911741
0.0005059957 0.0174985257 0.0046504833
0.0008254204 0.0174985257 0.0053295815
0.0011249616 0.0174985257 0.0059225462
0.0013994792 0.0174985257 0.0064304044
0.0016438459 0.0174985257 0.0068593731
0.0018553389 0.0174985257 0.0072180873
0.0020338303 0.0174985257 0.0075158622
0.0021809374 0.0174985257 0.0077618712
0.0023001342 0.0174985257 0.00796412
0.0023965531 0.0174985257 0.008129023900000001
0.0023313949 0.0184574229 0.0080531493
0.002280074 0.0184574229 0.007915538600000001
0.0022167459 0.0184574229 0.0077454889
0.0021390422 0.0184574229 0.0075364651
0.0020448831 0.0184574229 0.0072810035
0.0019299376 0.0184574229 0.0069719516
0.0017869204 0.0184574229 0.0066032128
0.0016121225 0.0184574229 0.006168119
0.0014040228 0.0184574229 0.0056608214
0.0011666918 0.0184574229 0.00507619
0.0009093748 0.0184574229 0.0044114834
0.0006422125 0.0184574229 0.0036695345
0.0003710243 0.0184574229 0.0028612155
9.58429e-05 0.0184574229 0.0020052038
-0.0001837873 0.0184574229 0.0011248466
-0.0004617039 0.0184574229 0.0002439528
-0.0007247578 0.0184574229 -0.0006158436999999999
-0.0009595708 0.0184574229 -0.001435449
-0.0011589271 0.0184574229 -0.0021984081
-0.0013225582 0.0184574229 -0.0028921372
-0.0014537592 0.0184574229 -0.003509304
-0.001556865 0.0184574229 -0.0040478298
-0.0016366683 0.0184574229 -0.0045098716
-0.0016988683 0.0184574229 -0.0049004325
-0.0017497123 0.0184574229 -0.005226223
-0.001795568 0.0184574229 -0.0054946119
-0.0018425992 0.0184574229 -0.0057125563
-0.0018980541 0.0184574229 -0.0058844846
-0.0019818146 0.0184574229 -0.0059943739
-0.0021122601 0.0184574229 -0.0059208961
-0.0022333092 0.0184574229 -0.0057807268
-0.0023346378 0.0184574229 -0.0055755961
-0.0024102574 0.0184574229 -0.00530614
-0.0024542328 0.0184574229 -0.0049698811
-0.0024595679 0.0184574229 -0.004563124
-0.0024199657 0.0184574229 -0.0040823891
-0.0023326619 0.0184574229 -0.0035250506
-0.0021991005 0.0184574229 -0.0028897288
-0.0020225306 0.0184574229 -0.0021778791
-0.0018048017 0.0184574229 -0.0013962067
-0.0015454626 0.0184574229 -0.0005581301
-0.0012457966 0.0184574229 0.000317185
-0.0009140851 0.0184574229 0.0012078816
-0.0005657672 0.0184574229 0.0020922295
-0.0002172687 0.0184574229 0.0029493063
0.0001205776 0.0184574229 0.0037589624
0.0004435796 0.0184574229 0.0045033541
0.0007503811 0.0184574229 0.005169529
0.0010378997 0.0184574229 0.0057516444
0.0013013339 0.0184574229 0.0062505733
0.0015358042 0.0184574229 0.0066722539
0.0017386884 0.0184574229 0.0070250376
0.0019098464 0.0184574229 0.0073179856
0.0020507997 0.0184574229 0.0075600806
0.0021649045 0.0184574229 0.00775916
0.0022571417 0.0184574229 0.0079215113
0.0022014664 0.01941632 0.0078092902
0.0021512364 0.01941632 0.0076749642
0.0020894902 0.01941632 0.007508886
0.0020140816 0.01941632 0.0073046131
0.0019233531 0.01941632 0.0070547228
0.001813117 0.01941632 0.0067522054
0.0016760116 0.01941632 0.0063911703
0.0015083434 0.01941632 0.0059651213
0.0013085827 0.01941632 0.0054683703
0.0010807489 0.01941632 0.004895932
0.0008339942 0.01941632 0.0042451502
0.0005781872 0.01941632 0.0035188666
0.0003187625 0.01941632 0.0027277944
5.55451e-05 0.01941632 0.0018901922
-0.0002116835 0.01941632 0.0010287357
-0.0004764113 0.01941632 0.0001665186
-0.0007257922999999999 0.01941632 -0.0006752729
-0.0009476507 0.01941632 -0.0014776566
-0.0011361551 0.01941632 -0.0022242287
-0.0012914932 0.01941632 -0.0029026586
-0.0014161757 0.01941632 -0.0035060152
-0.0015132841 0.01941632 -0.0040325299
-0.0015868845 0.01941632 -0.004484406
-0.0016428732 0.01941632 -0.0048664742
-0.001688502 0.01941632 -0.0051851781
-0.0017315421 0.01941632 -0.0054475383
-0.0017799966 0.01941632 -0.0056596963
-0.0018437144 0.01941632 -0.0058230969
-0.0019385051 0.01941632 -0.0059130876
-0.0020594296 0.01941632 -0.0058341927
-0.002166149 0.01941632 -0.0056903012
-0.0022573896 0.01941632 -0.0054875138
-0.0023288722 0.01941632 -0.0052246498
-0.0023737284 0.01941632 -0.0048976093
-0.002382718 0.01941632 -0.0045017797
-0.0023472901 0.01941632 -0.0040336388
-0.0022638594 0.01941632 -0.0034909368
-0.002135152 0.01941632 -0.0028722982
-0.0019664203 0.01941632 -0.0021786673
-0.0017602016 0.01941632 -0.001416286
-0.0015145598 0.01941632 -0.0005985144
-0.0012285255 0.01941632 0.0002553494
-0.0009096103 0.01941632 0.0011237404
-0.0005742722 0.01941632 0.0019859396
-0.0002399799 0.01941632 0.0028221301
8.287710000000001e-05 0.01941632 0.0036126463
0.0003915155 0.01941632 0.0043396364
0.0006855026 0.01941632 0.0049901451
0.0009616157 0.01941632 0.0055585582
0.0012144757 0.01941632 0.0060460296
0.0014389612 0.01941632 0.0064585036
0.0016326872 0.01941632 0.0068039837
0.0017957682 0.01941632 0.0070911176
0.0019305372 0.01941632 0.0073281394
0.0020403393 0.01941632 0.0075226237
0.0021294695 0.01941632 0.0076810098
0.0020682961 0.0203752172 0.0075453934
0.0020192254 0.0203752172 0.0074146095
0.0019591329 0.0203752172 0.0072528285
0.0018860855 0.0203752172 0.0070537185
0.0017988397 0.0203752172 0.0068099205
0.0016933504 0.0203752172 0.0065145842
0.0015622094 0.0203752172 0.0061620282
0.0014017622 0.0203752172 0.005745933
0.0012104766 0.0203752172 0.0052607786
0.0009923192 0.0203752172 0.004701729
0.0007563129 0.0203752172 0.0040662233
0.0005120283 0.0203752172 0.0033571061
0.0002645097 0.0203752172 0.0025849071
1.33892e-05 0.0203752172 0.0017674286
-0.0002413082 0.0203752172 0.0009266356
-0.0004927411 0.0203752172 8.487119999999999e-05
-0.0007283865 0.0203752172 -0.0007371694
-0.0009372594 0.0203752172 -0.0015206731
-0.0011148805 0.0203752172 -0.002249341
-0.0012618476 0.0203752172 -0.00291113
-0.0013799554 0.0203752172 -0.003499496
-0.001471033 0.0203752172 -0.0040129677
-0.0015384504 0.0203752172 -0.004453776
-0.0015882493 0.0203752172 -0.0048265746
-0.0016286223 0.0203752172 -0.0051375392
-0.0016686902 0.0203752172 -0.0053933456
-0.001718134 0.0203752172 -0.005599363
-0.0017892947 0.0203752172 -0.0057542137
-0.001894115 0.0203752172 -0.005825122
-0.0020053655 0.0203752172 -0.0057412389
-0.0020979522 0.0203752172 -0.005594116
-0.0021791335 0.0203752172 -0.0053940828
-0.0022463002 0.0203752172 -0.0051382758
-0.0022917034 0.0203752172 -0.0048210334
-0.0023040425 0.0203752172 -0.0044368655
-0.0022726077 0.0203752172 -0.0039821842
-0.0021930922 0.0203752172 -0.0034551063
-0.0020693901 0.0203752172 -0.0028542642
-0.0019086385 0.0203752172 -0.0021801386
-0.0017140185 0.0203752172 -0.0014385192
-0.0014821874 0.0203752172 -0.0006426543
-0.0012100429 0.0203752172 0.0001881177
-0.0009043468 0.0203752172 0.0010325844
-0.0005824738 0.0203752172 0.0018710377
-0.0002628192 0.0203752172 0.0026847538
4.4697e-05 0.0203752172 0.0034545847
0.0003386467 0.0203752172 0.0041627378
0.0006194739 0.0203752172 0.0047963062
0.0008838219 0.0203752172 0.005349911
0.0011257652 0.0203752172 0.00582497
0.0013399743 0.0203752172 0.0062274054
0.0015243005 0.0203752172 0.006564866
0.0016791127 0.0203752172 0.0068455758
0.0018075149 0.0203752172 0.0070770404
0.0019128352 0.0203752172 0.0072665597
0.0019986967 0.0203752172 0.0074206937
0.001938985 0.0213341143 0.007284945
0.0018910669 0.0213341143 0.0071576441
0.0018326089 0.0213341143 0.0070000934
0.0017618889 0.0213341143 0.0068060718
0.0016780405 0.0213341143 0.0065682971
0.0015771788 0.0213341143 0.0062800702
0.0014518411 0.0213341143 0.0059359171
0.001298427 0.0213341143 0.0055296878
0.0011153907 0.0213341143 0.00505603
0.0009066549 0.0213341143 0.0045102512
0.000681103 0.0213341143 0.003889888
0.000448018 0.0213341143 0.003197782
0.0002120678 0.0213341143 0.002444277
-2.72977e-05 0.0213341143 0.0016467228
-0.0002698248 0.0213341143 0.0008263925
-0.000508367 0.0213341143 4.9007e-06
-0.0007307217 0.0213341143 -0.0007975428
-0.0009270454 0.0213341143 -0.001562312
-0.0010941486 0.0213341143 -0.0022732353
-0.0012330163 0.0213341143 -0.0029185585
-0.0013447569 0.0213341143 -0.0034921033
-0.0014300249 0.0213341143 -0.0039926717
-0.0014915073 0.0213341143 -0.0044225149
-0.0015353915 0.0213341143 -0.0047861145
-0.0015707517 0.0213341143 -0.0050893993
-0.0016079822 0.0213341143 -0.0053387263
-0.0016583502 0.0213341143 -0.0055387469
-0.0017365774 0.0213341143 -0.0056854343
-0.0018510113 0.0213341143 -0.0057383058
-0.0019530927 0.0213341143 -0.0056497208
-0.0020322868 0.0213341143 -0.0054995743
-0.0021039127 0.0213341143 -0.0053022816
-0.0021669467 0.0213341143 -0.0050533897
-0.0022128343 0.0213341143 -0.0047457652
-0.0022283414 0.0213341143 -0.0043730581
-0.0022007286 0.0213341143 -0.00393161
-0.0021249956 0.0213341143 -0.0034198712
-0.0020061492 0.0213341143 -0.0028364992
-0.0018531121 0.0213341143 -0.0021815531
-0.0016696764 0.0213341143 -0.0014603949
-0.0014511635 0.0213341143 -0.0006861408
-0.0011924477 0.0213341143 0.0001218721
-0.0008995687 0.0213341143 0.0009427911
-0.0005907590000000001 0.0213341143 0.0017578723
-0.0002852819 0.0213341143 0.0025494342
7.3993e-06 0.0213341143 0.0032988386
0.0002871331 0.0213341143 0.0039883842
0.0005552123 0.0213341143 0.0046052245
0.0008081511 0.0213341143 0.0051442087
0.0010395121 0.0213341143 0.0056069959
0.0012437699 0.0213341143 0.0059994791
0.0014190029 0.0213341143 0.0063289652
0.0015658233 0.0213341143 0.0066032709
0.0016880626 0.0213341143 0.0068292139
0.0017890367 0.0213341143 0.0070138243
0.001871721 0.0213341143 0.0071637671
0.0018136879 0.0222930114 0.007051554
0.0017671443 0.0222930114 0.0069273635
0.0017105041 0.0222930114 0.0067736176
0.0016422001 0.0222930114 0.0065842137
0.0015616096 0.0222930114 0.0063519821
0.0014650018 0.0222930114 0.0060703621
0.0013449743 0.0222930114 0.0057340309
0.0011979806 0.0222930114 0.0053369938
0.0010224763 0.0222930114 0.0048740505
0.0008222866 0.0222930114 0.0043406609
0.0006061243 0.0222930114 0.0037344627
0.0003830421 0.0222930114 0.0030582747
0.0001574989 0.0222930114 0.0023222187
-7.113950000000001e-05 0.0222930114 0.0015432044
-0.0003025701 0.0222930114 0.0007419196000000001
-0.0005296766 0.0222930114 -6.05993e-05
-0.0007406384 0.0222930114 -0.0008445775
-0.0009263339 0.0222930114 -0.0015916781
-0.0010842761 0.0222930114 -0.0022859811
-0.0012156908 0.0222930114 -0.00291601
-0.0013213723 0.0222930114 -0.0034758362
-0.001401447 0.0222930114 -0.0039643963
-0.0014582108 0.0222930114 -0.0043839375
-0.0014977814 0.0222930114 -0.0047388339
-0.0015294385 0.0222930114 -0.0050348652
-0.001563932 0.0222930114 -0.0052782154
-0.0016130239 0.0222930114 -0.0054732544
-0.0016922128 0.0222930114 -0.0056151487
-0.0018092456 0.0222930114 -0.0056605088
-0.0019068463 0.0222930114 -0.0055718712
-0.0019802232 0.0222930114 -0.0054227654
-0.0020475721 0.0222930114 -0.0052294539
-0.0021087835 0.0222930114 -0.0049870109
-0.0021551802 0.0222930114 -0.0046877426
-0.0021729003 0.0222930114 -0.0043249618
-0.002148649 0.0222930114 -0.0038949966
-0.0020773141 0.0222930114 -0.003396386
-0.0019644547 0.0222930114 -0.0028278059
-0.0018195715 0.0222930114 -0.0021891657
-0.0016463274 0.0222930114 -0.0014856568
-0.0014391513 0.0222930114 -0.0007302379
-0.0011918876 0.0222930114 5.79556e-05
-0.0009103356 0.0222930114 0.0008585236999999999
-0.0006131932 0.0222930114 0.0016534608
-0.0003200429 0.0222930114 0.0024258074
-3.99447e-05 0.0222930114 0.0031573599
0.000227743 0.0222930114 0.003830626
0.0004848179 0.0222930114 0.0044329174
0.0007277984 0.0222930114 0.0049592382
0.0009500458 0.0222930114 0.0054113342
0.0011459835 0.0222930114 0.0057950026
0.0013138167 0.0222930114 0.006117288
0.0014542626 0.0222930114 0.0063857133
0.0015714838 0.0222930114 0.0066066755
0.0016687327 0.0222930114 0.0067870013
0.0017485851 0.0222930114 0.0069333522
0.0016844893 0.0232519086 0.006840327
0.0016398332 0.0232519086 0.0067189451
0.0015854847 0.0232519086 0.0065686889
0.001519933 0.0232519086 0.0063836042
0.0014425826 0.0232519086 0.0061567055
0.0013498501 0.0232519086 0.0058815682
0.0012346127 0.0232519086 0.0055529382
0.0010934203 0.0232519086 0.0051649573
0.0009247402 0.0232519086 0.0047125675
0.0007322106000000001 0.0232519086 0.0041914048
0.0005242733 0.0232519086 0.0035992303
0.0003098244 0.0232519086 0.0029388017
9.33952e-05 0.0232519086 0.0022199353
-0.000125549 0.0232519086 0.0014590745
-0.0003469618 0.0232519086 0.0006764413
-0.0005643665 0.0232519086 -0.000107312
-0.0007664757 0.0232519086 -0.0008728078
-0.0009441917 0.0232519086 -0.0016022052
-0.0010947175 0.0232519086 -0.0022800723
-0.0012192301 0.0232519086 -0.0028952231
-0.0013189367 0.0232519086 -0.0034417884
-0.0013945067 0.0232519086 -0.0039186371
-0.0014483439 0.0232519086 -0.0043279714
-0.0014860993 0.0232519086 -0.0046741495
-0.001516012 0.0232519086 -0.0049629348
-0.0015475898 0.0232519086 -0.0052005373
-0.0015910613 0.0232519086 -0.005391762
-0.0016598167 0.0232519086 -0.0055341639
-0.0017661794 0.0232519086 -0.0055900998
-0.0018669363 0.0232519086 -0.0055099248
-0.0019473398 0.0232519086 -0.0053696293
-0.0020192921 0.0232519086 -0.0051831601
-0.0020824845 0.0232519086 -0.004947106
-0.0021292825 0.0232519086 -0.0046548305
-0.0021475624 0.0232519086 -0.0043002914
-0.0021259869 0.0232519086 -0.0038798962
-0.0020605415 0.0232519086 -0.0033919359
-0.0019562543 0.0232519086 -0.0028350292
-0.0018210261 0.0232519086 -0.0022093912
-0.0016571013 0.0232519086 -0.0015204462
-0.001458697 0.0232519086 -0.0007809611
-0.0012204054 0.0232519086 -9.4981e-06
-0.0009486442 0.0232519086 0.0007742064
-0.0006618675 0.0232519086 0.0015525659
-0.0003789593 0.0232519086 0.0023088533
-0.000108615 0.0232519086 0.0030252054
0.0001497634 0.0232519086 0.0036845722
0.0003978934 0.0232519086 0.0042746088
0.0006325286 0.0232519086 0.0047903687
0.0008473838 0.0232519086 0.005233426
0.0010370995 0.0232519086 0.0056093518
0.0011998394 0.0232519086 0.0059250413
0.0013361891 0.0232519086 0.0061878893
0.0014499335 0.0232519086 0.0064043044
0.0015441702 0.0232519086 0.0065810007
0.0016214901 0.0232519086 0.0067244457
0.0015613409 0.0242108057 0.0066389625
0.0015185042 0.0242108057 0.0065202509
0.0014663654 0.0242108057 0.0063733124
0.0014034721 0.0242108057 0.0061923325
0.0013292468 0.0242108057 0.0059705035
0.0012402579 0.0242108057 0.0057015271
0.0011296336 0.0242108057 0.0053802205
0.0009940249999999999 0.0242108057 0.0050008539
0.0008318956 0.0242108057 0.0045585089
0.0006467102 0.0242108057 0.0040489866
0.0004466492 0.0242108057 0.0034701664
0.0002404691 0.0242108057 0.0028247446
3.27783e-05 0.0242108057 0.0021222474
-0.0001768612 0.0242108057 0.001378675
-0.0003886587 0.0242108057 0.0006138069
-0.0005967632 0.0242108057 -0.0001520706
-0.0007904042 0.0242108057 -0.000899958
-0.0009605031 0.0242108057 -0.0016124851
-0.0011039559 0.0242108057 -0.0022746826
-0.0012218963 0.0242108057 -0.0028756408
-0.0013159006 0.0242108057 -0.0034095555
-0.0013872011 0.0242108057 -0.0038752345
-0.0014383094 0.0242108057 -0.0042748404
-0.0014743895 0.0242108057 -0.0046127191
-0.0015027354 0.0242108057 -0.0048946061
-0.0015316487 0.0242108057 -0.0051267257
-0.0015698963 0.0242108057 -0.0053142808
-0.0016288392 0.0242108057 -0.0054570765
-0.00172513 0.0242108057 -0.0055229783
-0.0018290616 0.0242108057 -0.0054509238
-0.0019162751 0.0242108057 -0.0053191417
-0.001992731 0.0242108057 -0.0051392708
-0.0020579248 0.0242108057 -0.0049093332
-0.002105201 0.0242108057 -0.0046237132
-0.0021240773 0.0242108057 -0.0042770017
-0.0021051096 0.0242108057 -0.0038657056
-0.0020453046 0.0242108057 -0.0033878935
-0.0019491995 0.0242108057 -0.0028421291
-0.0018231793 0.0242108057 -0.0022288982
-0.0016681451 0.0242108057 -0.0015538267
-0.0014780873 0.0242108057 -0.0008295012
-0.0012483121 0.0242108057 -7.394860000000001e-05
-0.0009858247 0.0242108057 0.0006937127
-0.0007088576 0.0242108057 0.0014562935
-0.0004356429 0.0242108057 0.0021972942
-0.0001745356 0.0242108057 0.0028991784
7.50114e-05 0.0242108057 0.0035453184
0.0003146564 0.0242108057 0.004123688
0.0005413794 0.0242108057 0.0046293891
0.0007492399 0.0242108057 0.0050638324
0.0009330806 0.0242108057 0.0054323779
0.0010910222 0.0242108057 0.0057417793
0.00122352 0.0242108057 0.0059993113
0.0013339932 0.0242108057 0.0062113911
0.001425394 0.0242108057 0.006384624
0.0015003262 0.0242108057 0.0065252962
0.0014429279 0.0251697029 0.0064434024
0.001401832 0.0251697029 0.006327286
0.001351807 0.0251697029 0.0061835711
0.001291455 0.0251697029 0.006006579
0.0012202179 0.0251697029 0.0057896733
0.0011348063 0.0251697029 0.0055266795
0.0010285971 0.0251697029 0.0052124841
0.0008983348 0.0251697029 0.0048414822
0.000742485 0.0251697029 0.0044088874
0.0005643438 0.0251697029 0.0039106588
0.0003718396 0.0251697029 0.0033447877
0.0001735903 0.0251697029 0.0027139136
-2.57263e-05 0.0251697029 0.0020272864
-0.0002264547 0.0251697029 0.0013004805
-0.0004290446 0.0251697029 0.0005528432
-0.000628238 0.0251697029 -0.0001957029
-0.0008137593 0.0251697029 -0.0009265283999999999
-0.000976551 0.0251697029 -0.0016227136
-0.0011132213 0.0251697029 -0.0022697281
-0.0012248544 0.0251697029 -0.0028569295
-0.0013134054 0.0251697029 -0.0033785791
-0.0013806096 0.0251697029 -0.003833439
-0.0014290835 0.0251697029 -0.0042236342
-0.001463529 0.0251697029 -0.0045534903
-0.001490334 0.0251697029 -0.0048287039
-0.0015166501 0.0251697029 -0.0050554999
-0.0015498309 0.0251697029 -0.005239443
-0.0015992687 0.0251697029 -0.0053824704
-0.001685659 0.0251697029 -0.0054577916
-0.0017923909 0.0251697029 -0.0053936112
-0.0018859257 0.0251697029 -0.005270113
-0.0019665663 0.0251697029 -0.0050966708
-0.0020335786 0.0251697029 -0.004872669
-0.0020812745 0.0251697029 -0.0045935121
-0.002100704 0.0251697029 -0.0042543729
-0.0020842114 0.0251697029 -0.0038519167
-0.0020298146 0.0251697029 -0.0033839855
-0.0019415769 0.0251697029 -0.0028490875
-0.0018244139 0.0251697029 -0.0022479537
-0.0016779437 0.0251697029 -0.0015863829
-0.0014959438 0.0251697029 -0.0008767803
-0.0012744062 0.0251697029 -0.000136664
-0.0010208997 0.0251697029 0.0006154341
-0.0007534364 0.0251697029 0.0013627052
-0.0004896129 0.0251697029 0.0020888723
-0.0002374512 0.0251697029 0.0027767164
3.5467e-06 0.0251697029 0.0034100173
0.0002349781 0.0251697029 0.0039770573
0.0004540396 0.0251697029 0.0044729885
0.0006551193 0.0251697029 0.0048990689
0.0008332585 0.0251697029 0.0052604553
0.0009865383 0.0251697029 0.0055637629
0.001115295 0.0251697029 0.0058161445
0.001222586 0.0251697029 0.0060240257
0.0013112265 0.0251697029 0.0061939035
0.0013838399 0.0251697029 0.0063318857
0.0013314752 0.0261286 0.0062487703
0.0012920256 0.0261286 0.0061352107
0.0012440064 0.0261286 0.0059946689
0.0011860833 0.0261286 0.0058215952
0.0011177139 0.0261286 0.0056095207
0.001035749 0.0261286 0.0053523925
0.0009337196000000001 0.0261286 0.0050451928
0.0008084837000000001 0.0261286 0.0046824365
0.0006584985 0.0261286 0.0042594658
0.0004869699 0.0261286 0.0037723649
0.0003016403 0.0261286 0.0032192099
0.0001110067 0.0261286 0.0026025828
-8.02647e-05 0.0261286 0.0019314947
-0.0002725203 0.0261286 0.0012211326
-0.0004664224 0.0261286 0.000490413
-0.0006571452 0.0261286 -0.0002411414
-0.000834788 0.0261286 -0.0009552921
-0.0009903894000000001 0.0261286 -0.0016355323
-0.0011204722 0.0261286 -0.0022677098
-0.0012261601 0.0261286 -0.00284143
-0.0013096928 0.0261286 -0.0033510426
-0.0013730583 0.0261286 -0.003795311
-0.0014188578 0.0261286 -0.0041763318
-0.0014513479 0.0261286 -0.0044983907
-0.0014762506 0.0261286 -0.0047671117
-0.0014998682 0.0261286 -0.0049886803
-0.0015285334 0.0261286 -0.0051689003
-0.0015701731 0.0261286 -0.0053112737
-0.0016485081 0.0261286 -0.0053929143
-0.0017566117 0.0261286 -0.0053352838
-0.0018543883 0.0261286 -0.0052189116
-0.0019377485 0.0261286 -0.0050513893
-0.0020058214 0.0261286 -0.004833178
-0.0020537059 0.0261286 -0.0045604817
-0.0020737082 0.0261286 -0.0042289471
-0.0020596041 0.0261286 -0.0038353758
-0.0020100896 0.0261286 -0.0033774532
-0.0019287582 0.0261286 -0.0028536721
-0.0018193439 0.0261286 -0.0022649499
-0.0016805745 0.0261286 -0.0016171581
-0.0015062784 0.0261286 -0.0009224434
-0.001293103 0.0261286 -0.000197798
-0.0010489188 0.0261286 0.0005387721
-0.0007912415 0.0261286 0.00127075
-0.0005369016 0.0261286 0.0019820363
-0.0002936117 0.0261286 0.0026557388
-6.10344e-05 0.0261286 0.003276082
0.0001622624 0.0261286 0.0038316936
0.0003736395 0.0261286 0.0043178008
0.0005678413 0.0261286 0.0047355084
0.0007401466 0.0261286 0.0050897532
0.0008886512 0.0261286 0.0053869854
0.0010136007 0.0261286 0.0056342203
0.0011177468 0.0261286 0.005837856
0.0012037411 0.0261286 0.0060042948
0.0012741713 0.0261286 0.0061394955
0.0012394449 0.0270874972 0.0060526041
0.0012015306 0.0270874972 0.0059414756
0.0011554217 0.0270874972 0.0058039382
0.0010998609 0.0270874972 0.0056345596
0.0010344494 0.0270874972 0.0054269889
0.0009560242 0.0270874972 0.005175335
0.0008579969 0.0270874972 0.0048747542
0.0007372091 0.0270874972 0.0045199201
0.0005921843 0.0270874972 0.0041062827
0.0004262752 0.0270874972 0.0036299578
0.0002474106 0.0270874972 0.0030889712
6.407859999999999e-05 0.0270874972 0.0024858285
-0.0001193609 0.0270874972 0.0018294164
-0.0003036936 0.0270874972 0.0011346745
-0.0004897795 0.0270874972 0.0004201049
-0.0006726598 0.0270874972 -0.0002952899
-0.0008423752 0.0270874972 -0.0009937386000000001
-0.0009903765 0.0270874972 -0.001659031
-0.0011139211 0.0270874972 -0.0022771963
-0.0012145825 0.0270874972 -0.0028380217
-0.001294415 0.0270874972 -0.0033360491
-0.0013547504 0.0270874972 -0.0037701886
-0.0013975677 0.0270874972 -0.0041425594
-0.0014269195 0.0270874972 -0.0044573449
-0.0014486797 0.0270874972 -0.0047200258
-0.0014695749 0.0270874972 -0.0049366517
-0.0014964774 0.0270874972 -0.0051128492
-0.0015381762 0.0270874972 -0.0052515464
-0.0016178313 0.0270874972 -0.0053275255
-0.0017234125 0.0270874972 -0.0052713056
-0.0018186127 0.0270874972 -0.005157479
-0.0018999193 0.0270874972 -0.0049938979
-0.0019668073 0.0270874972 -0.0047810134
-0.002014645 0.0270874972 -0.0045150107
-0.0020359596 0.0270874972 -0.0041914765
-0.0020243717 0.0270874972 -0.0038072112
-0.0019781144 0.0270874972 -0.0033599818
-0.0019002476 0.0270874972 -0.0028484502
-0.0017944638 0.0270874972 -0.002273573
-0.0016602495 0.0270874972 -0.0016409545
-0.0014926092 0.0270874972 -0.0009621658
-0.0012887526 0.0270874972 -0.0002535504
-0.0010557297 0.0270874972 0.0004672118
-0.0008093573 0.0270874972 0.0011835392
-0.0005651465 0.0270874972 0.0018793187
-0.0003306509 0.0270874972 0.0025380446
-0.0001062135 0.0270874972 0.0031445755
0.000108985 0.0270874972 0.0036880586
0.0003123397 0.0270874972 0.0041638704
0.0004990597 0.0270874972 0.0045729377
0.0006649117 0.0270874972 0.0049198722
0.0008082019 0.0270874972 0.0052108543
0.0009291887 0.0270874972 0.0054526982
0.0010304169 0.0270874972 0.0056517032
0.0011143277 0.0270874972 0.0058141867
0.0011832456 0.0270874972 0.0059460735
0.0011505484 0.0280463943 0.0058609744
0.0011141051 0.0280463943 0.005752228
0.0010698258 0.0280463943 0.0056176348
0.0010165297 0.0280463943 0.0054518766
0.0009539453 0.0280463943 0.0052487226
0.0008789101 0.0280463943 0.0050024341
0.0007847132 0.0280463943 0.0047083361
0.0006682006 0.0280463943 0.0043612507
0.0005279506 0.0280463943 0.0039567342
0.0003674624 0.0280463943 0.003490934
0.0001948317 0.0280463943 0.0029618349
1.85312e-05 0.0280463943 0.0023718711
-0.0001573783 0.0280463943 0.0017298063
-0.0003341004 0.0280463943 0.0010503321
-0.0005126767 0.0280463943 0.0003515435
-0.0006880162999999999 0.0280463943 -0.0003480626
-0.0008501044 0.0280463943 -0.0010311673
-0.0009907908999999999 0.0280463943 -0.0016818518
-0.0011080415 0.0280463943 -0.0022863292
-0.0012038596 0.0280463943 -0.0028345695
-0.001280118 0.0280463943 -0.0033212979
-0.0013375192 0.0280463943 -0.0037455602
-0.00137745 0.0280463943 -0.00410949
-0.0014037514 0.0280463943 -0.0044171694
-0.0014224494 0.0280463943 -0.0046739399
-0.0014406652 0.0280463943 -0.0048857238
-0.001465801 0.0280463943 -0.0050579766
-0.0015074314 0.0280463943 -0.0051930914
-0.0015881991 0.0280463943 -0.005263649
-0.0016911831 0.0280463943 -0.0052087815
-0.0017837781 0.0280463943 -0.0050974226
-0.0018630108 0.0280463943 -0.0049376739
-0.0019286635 0.0280463943 -0.0047299706
-0.0019763811 0.0280463943 -0.0044704867
-0.001998886 0.0280463943 -0.0041547685
-0.0019896895 0.0280463943 -0.003779598
-0.0019465484 0.0280463943 -0.0033428146
-0.0018720231 0.0280463943 -0.0028432404
-0.0017697576 0.0280463943 -0.0022818694
-0.0016399619 0.0280463943 -0.0016640544
-0.0014787707 0.0280463943 -0.0010008205
-0.0012839351 0.0280463943 -0.0003078873
-0.0010617205 0.0280463943 0.0003973917
-0.000826308 0.0280463943 0.0010983924
-0.0005919321 0.0280463943 0.001779003
-0.0003659844 0.0280463943 0.0024230927
-0.0001494579 0.0280463943 0.0030161266
5.78771e-05 0.0280463943 0.003547748
0.0002534413 0.0280463943 0.0040134804
0.0004328959 0.0280463943 0.0044140829
0.0005924694 0.0280463943 0.0047538592
0.0007306754 0.0280463943 0.0050387295
0.0008477890000000001 0.0280463943 0.0052753107
0.0009461603 0.0280463943 0.0054698013
0.0010280192 0.0280463943 0.0056284389
0.0010954431 0.0280463943 0.0057571072
0.0010647693 0.0290052914 0.005674132
0.0010297455 0.0290052914 0.0055677119
0.0009872313 0.0290052914 0.0054359942
0.0009361238999999999 0.0290052914 0.005273771
0.0008762597999999999 0.0290052914 0.0050749343
0.0008044932000000001 0.0290052914 0.0048338877
0.0007139867 0.0290052914 0.0045461201
0.0006016085 0.0290052914 0.0042065935
0.0004659744 0.0290052914 0.0038109703
0.0003107328 0.0290052914 0.0033554294
0.0001441288 0.0290052914 0.0028379226
-2.53815e-05 0.0290052914 0.0022608159
-0.0001940269 0.0290052914 0.001632751
-0.0003634081 0.0290052914 0.0009681719
-0.0005347395 0.0290052914 0.0002847748
-0.0007028046 0.0290052914 -0.0003994312
-0.00085754 0.0290052914 -0.0010675644
-0.0009911811000000001 0.0290052914 -0.0017039922
-0.00110237 0.0290052914 -0.0022951155
-0.0011935213 0.0290052914 -0.0028310866
-0.0012663326 0.0290052914 -0.0033068072
-0.001320905 0.0290052914 -0.0037214473
-0.0013580657 0.0290052914 -0.0040771476
-0.0013814332 0.0290052914 -0.0043778923
-0.001397195 0.0290052914 -0.0046288885
-0.0014128325 0.0290052914 -0.0048359403
-0.0014362653 0.0290052914 -0.0050043419
-0.0014777994 0.0290052914 -0.0051359863
-0.0015596061 0.0290052914 -0.0052013682
-0.0016600486 0.0290052914 -0.0051478152
-0.0017501065 0.0290052914 -0.0050388521
-0.001827316 0.0290052914 -0.004882828
-0.0018917513 0.0290052914 -0.0046801621
-0.0019393287 0.0290052914 -0.0044270161
-0.0019629446 0.0290052914 -0.0041189141
-0.0019560306 0.0290052914 -0.0037526052
-0.0019158805 0.0290052914 -0.0033259998
-0.0018445757 0.0290052914 -0.002838068
-0.0017457124 0.0290052914 -0.00228984
-0.0016201904 0.0290052914 -0.0016864326
-0.0014652273 0.0290052914 -0.0010383541
-0.0012790939 0.0290052914 -0.0003607266
-0.001067304 0.0290052914 0.0003294217
-0.0008424683 0.0290052914 0.0010154446
-0.0006175929 0.0290052914 0.0016812468
-0.000399911 0.0290052914 0.0023110621
-0.000191037 0.0290052914 0.0028909343
8.6946e-06 0.0290052914 0.0034109796
0.0001967278 0.0290052914 0.0038668636
0.000369159 0.0290052914 0.0042591883
0.0005226608 0.0290052914 0.0045919647
0.0006559452 0.0290052914 0.0048708641
0.0007693051 0.0290052914 0.0051023118
0.0008649034 0.0290052914 0.0052924061
0.0009447658 0.0290052914 0.0054473054
0.0010107327 0.0290052914 0.0055728488
0.0009820957999999999 0.0299641886 0.0054923267
0.0009484534 0.0299641886 0.00538817
0.0009076562 0.0299641886 0.0052592506
0.0008586826 0.0299641886 0.0051004668
0.0008014547 0.0299641886 0.0049058358
0.0007328614 0.0299641886 0.004669894
0.0006459362 0.0299641886 0.0043882878
0.0005375835 0.0299641886 0.0040561141
0.0004064363 0.0299641886 0.0036691405
0.0002562953 0.0299641886 0.0032235778
9.55376e-05 0.0299641886 0.002717353
-6.73946e-05 0.0299641886 0.0021527654
-0.000229005 0.0299641886 0.0015383342
-0.0003912702 0.0299641886 0.0008882563
-0.0005555734 0.0299641886 0.00021984
-0.0007165898 0.0299641886 -0.0004493737
-0.0008642204 0.0299641886 -0.0011029223
-0.0009910733 0.0299641886 -0.0017254553
-0.0010964266 0.0299641886 -0.0023035666
-0.0011830828 0.0299641886 -0.0028275913
-0.0012525713 0.0299641886 -0.0032926004
-0.001304425 0.0299641886 -0.0036978767
-0.0013389493 0.0299641886 -0.0040455621
-0.0013595295 0.0299641886 -0.0043395473
-0.001372533 0.0299641886 -0.004584911
-0.0013857611 0.0299641886 -0.004787349
-0.0014076318 0.0299641886 -0.0049520068
-0.0014491498 0.0299641886 -0.0050803064
-0.0015320483 0.0299641886 -0.0051407664
-0.00163012 0.0299641886 -0.0050884913
-0.0017177818 0.0299641886 -0.0049818427
-0.0017930788 0.0299641886 -0.0048294323
-0.0018563835 0.0299641886 -0.0046316627
-0.0019038612 0.0299641886 -0.00438467
-0.0019285616 0.0299641886 -0.0040839712
-0.0019238439 0.0299641886 -0.0037262698
-0.0018865801 0.0299641886 -0.0033095542
-0.0018183848 0.0299641886 -0.0028329276
-0.0017228172 0.0299641886 -0.0022974543
-0.0016014312 0.0299641886 -0.001708031
-0.0014524688 0.0299641886 -0.0010746809
-0.0012746913 0.0299641886 -0.0004119575
-0.0010728965 0.0299641886 0.000263433
-0.0008582052 0.0299641886 0.0009348463
-0.0006424579 0.0299641886 0.0015862216
-0.0004327341 0.0299641886 0.0022021467
-0.0002312325 0.0299641886 0.0027692136
-3.88173e-05 0.0299641886 0.0032779842
0.0001419813 0.0299641886 0.0037242604
0.0003076675 0.0299641886 0.0041085
0.0004553427 0.0299641886 0.0044344373
0.0005839022 0.0299641886 0.004707507
0.0006936551 0.0299641886 0.0049339521
0.000786584 0.0299641886 0.0051197708
0.0008645263 0.0299641886 0.0052710375
0.0009290898 0.0299641886 0.0053935485
0.0009032314 0.0309230857 0.0053162592
0.0008710253 0.0309230857 0.0052142671
0.0008319528 0.0309230857 0.0050880415
0.0007850151000000001 0.0309230857 0.0049325998
0.0007301515 0.0309230857 0.0047421006
0.0006642998 0.0309230857 0.0045112038
0.0005807185 0.0309230857 0.0042356076
0.0004763664 0.0309230857 0.0039105151
0.0003499896 0.0309230857 0.0035317714
0.0002053222 0.0309230857 0.0030956882
5.06064e-05 0.0309230857 0.0026002637
-0.000105867 0.0309230857 0.0020477724
-0.0002606368 0.0309230857 0.001446538
-0.0004156383 0.0309230857 0.000810413
-0.0005723312 0.0309230857 0.0001563099
-0.0007257717 0.0309230857 -0.0004985619
-0.0008664333 0.0309230857 -0.0011380035
-0.0009873410999999999 0.0309230857 -0.0017469493
-0.0010878074 0.0309230857 -0.0023123198
-0.0011703501 0.0309230857 -0.0028247389
-0.0012361942 0.0309230857 -0.0032794428
-0.0012847387 0.0309230857 -0.0036757391
-0.0013163469 0.0309230857 -0.0040156949
-0.0013345514 0.0309230857 -0.0043030981
-0.0013458357 0.0309230857 -0.0045429339
-0.0013581111 0.0309230857 -0.0047407899
-0.0013799314 0.0309230857 -0.0049015995
-0.0014226642 0.0309230857 -0.005026035
-0.0015057601 0.0309230857 -0.0050820772
-0.0015995391 0.0309230857 -0.0050284315
-0.0016817217 0.0309230857 -0.0049218969
-0.0017536783 0.0309230857 -0.0047723878
-0.001816014 0.0309230857 -0.0045794807
-0.001864484 0.0309230857 -0.0043387765
-0.0018916174 0.0309230857 -0.0040454965
-0.0018900046 0.0309230857 -0.0036962809
-0.0018561967 0.0309230857 -0.0032892459
-0.0017920492 0.0309230857 -0.0028236009
-0.0017015595 0.0309230857 -0.0023003538
-0.0015863504 0.0309230857 -0.0017242647
-0.0014442218 0.0309230857 -0.0011051954
-0.0012735037 0.0309230857 -0.0004574616
-0.0010791199 0.0309230857 0.0002026617
-0.0008726323 0.0309230857 0.0008591112
-0.0006658879 0.0309230857 0.0014962823
-0.0004652048 0.0309230857 0.0020989382
-0.0002718166 0.0309230857 0.002653703
-8.615890000000001e-05 0.0309230857 0.0031512081
8.89916e-05 0.0309230857 0.003587427
0.000249664 0.0309230857 0.0039630003
0.0003926847 0.0309230857 0.0042817123
0.0005169795 0.0309230857 0.0045488615
0.0006229284000000001 0.0309230857 0.0047705075
0.0007128651 0.0309230857 0.0049522971
0.0007886028 0.0309230857 0.005100146
0.0008514961 0.0309230857 0.0052198175
0.0008273845 0.0318819829 0.0051457759
0.0007965679 0.0318819829 0.0050458812
0.0007591641 0.0318819829 0.0049222653
0.0007142018 0.0318819829 0.0047700595
0.0006616212 0.0318819829 0.0045835632
0.0005984229 0.0318819829 0.0043575513
0.0005180604 0.0318819829 0.0040877774
0.0004175904 0.0318819829 0.0037695405
0.0002958192 0.0318819829 0.0033987695
0.0001564374 0.0318819829 0.0029718693
7.5509e-06 0.0318819829 0.0024869093
-0.0001426921 0.0318819829 0.0019461381
-0.0002908648 0.0318819829 0.0013576912
-0.000438862 0.0318819829 0.0007350881
-0.0005882186 0.0318819829 9.485859999999999e-05
-0.0007343598 0.0318819829 -0.0005461105
-0.0008683101 0.0318819829 -0.0011718793
-0.0009834961 0.0318819829 -0.0017676606
-0.0010792585 0.0318819829 -0.0023206914
-0.0011578446 0.0318819829 -0.0028218715
-0.0012201882 0.0318819829 -0.0032665938
-0.0012655631 0.0318819829 -0.0036541885
-0.0012943885 0.0318819829 -0.0039866525
-0.0013103341 0.0318819829 -0.0042676767
-0.0013199986 0.0318819829 -0.0045021584
-0.0013313855 0.0318819829 -0.0046955836
-0.0013531877 0.0318819829 -0.0048526846
-0.001397122 0.0318819829 -0.0049734234
-0.0014804778 0.0318819829 -0.0050252495
-0.0015702333 0.0318819829 -0.0049703013
-0.0016472218 0.0318819829 -0.0048638713
-0.0017160079 0.0318819829 -0.0047171585
-0.0017774196 0.0318819829 -0.0045289466
-0.0018268667 0.0318819829 -0.0042943287
-0.001856309 0.0318819829 -0.00400824
-0.0018576661 0.0318819829 -0.0036672399
-0.001827178 0.0318819829 -0.0032695762
-0.0017669145 0.0318819829 -0.0028145576
-0.0016812956 0.0318819829 -0.0023031438
-0.0015720109 0.0318819829 -0.0017399644
-0.0014364398 0.0318819829 -0.0011347205
-0.0012724983 0.0318819829 -0.0005014932
-0.0010852287 0.0318819829 0.0001438559
-0.0008866143 0.0318819829 0.0007858163
-0.0006885085 0.0318819829 0.0014092218
-0.0004965031 0.0318819829 0.0019990126
-0.0003109052 0.0318819829 0.0025418547
-0.0001317409 0.0318819829 0.003028452
3.79807e-05 0.0318819829 0.0034549396
0.0001938338 0.0318819829 0.0038221274
0.0003323848 0.0318819829 0.004133843
0.0004525871 0.0318819829 0.0043952538
0.0005548876 0.0318819829 0.0046122442
0.0006419526 0.0318819829 0.0047901291
0.0007155767 0.0318819829 0.0049346685
0.000776868 0.0318819829 0.0050515932
0.000754165 0.03284088 0.0049794392
0.0007246902 0.03284088 0.0048815953
0.0006888981 0.03284088 0.0047605308
0.0006458489 0.03284088 0.004611486
0.0005954685 0.03284088 0.0044289017
0.0005348351 0.03284088 0.0042076601
0.0004575784 0.03284088 0.003943573
0.0003608676 0.03284088 0.0036320301
0.000243549 0.03284088 0.0032690455
0.0001092828 0.03284088 0.0028511121
-3.39668e-05 0.03284088 0.0023763708
-0.0001781889 0.03284088 0.0018470438
-0.0003199918 0.03284088 0.0012710846
-0.0004612295 0.03284088 0.0006616884
-0.0006035086 0.03284088 3.50118e-05
-0.0007426092 0.03284088 -0.000592376
-0.0008700866 0.03284088 -0.0012047921
-0.0009797547 0.03284088 -0.0017877233
-0.0010709795 0.03284088 -0.0023287151
-0.0011457499 0.03284088 -0.0028189321
-0.001204721 0.03284088 -0.0032539166
-0.0012470479 0.03284088 -0.0036330193
-0.0012732029 0.03284088 -0.0039581699
-0.0012869825 0.03284088 -0.0042329672
-0.0012950971 0.03284088 -0.0044622245
-0.0013056266 0.03284088 -0.0046513319
-0.0013274061 0.03284088 -0.0048048285
-0.0013724764 0.03284088 -0.0049220061
-0.0014560713 0.03284088 -0.0049698039
-0.0015419734 0.03284088 -0.0049136222
-0.0016139887 0.03284088 -0.0048073055
-0.0016797255 0.03284088 -0.0046633123
-0.0017402224 0.03284088 -0.0044796645
-0.0017905857 0.03284088 -0.0042509773
-0.0018222067 0.03284088 -0.0039719037
-0.0018263988 0.03284088 -0.0036389192
-0.0017990927 0.03284088 -0.0032503955
-0.0017425638 0.03284088 -0.0028057382
-0.0016616322 0.03284088 -0.0023058658
-0.0015580516 0.03284088 -0.0017552818
-0.0014288016 0.03284088 -0.0011635257
-0.0012714024 0.03284088 -0.0005444446
-0.0010910075 0.03284088 8.64992e-05
-0.0008999988 0.03284088 0.0007143238000000001
-0.0007102317 0.03284088 0.0013242851
-0.0005265988 0.03284088 0.001901504
-0.000348526 0.03284088 0.0024327015
-0.0001756414 0.03284088 0.0029086565
-1.11764e-05 0.03284088 0.0033256578
0.0001400059 0.03284088 0.0036846729
0.0002742289 0.03284088 0.0039895642
0.0003904703 0.03284088 0.0042453728
0.0004892396 0.03284088 0.0044578152
0.0005735227000000001 0.03284088 0.004631889
0.0006450974 0.03284088 0.0047732032
0.0007048332 0.03284088 0.0048874538
0.0006550014 0.0337997772 0.0047199928
0.000683183 0.0337997772 0.0048158114
0.0006207627 0.0337997772 0.0046014468
0.0005795623 0.0337997772 0.0044555196
0.0005312981 0.0337997772 0.0042767945
0.000473141 0.0337997772 0.0040602538
0.0003988889 0.0337997772 0.0038017702
0.0003058098 0.0337997772 0.0034968237
0.0001928032 0.0337997772 0.0031415101
6.35004e-05 0.0337997772 0.0027324073
-7.42845e-05 0.0337997772 0.0022677289
-0.000212676 0.0337997772 0.0017496708
-0.0003483201 0.0337997772 0.0011860091
-0.0004830289 0.0337997772 0.0005896208
-0.0006184743 0.0337997772 -2.37048e-05
-0.0007507752 0.0337997772 -0.0006377149
-0.0008719985 0.0337997772 -0.0012369843
-0.0009763333 0.0337997772 -0.0018072719
-0.0010631699 0.0337997772 -0.0023364249
-0.0011342499 0.0337997772 -0.0028158641
-0.0011899606 0.0337997772 -0.0032412746
-0.0012293429 0.0337997772 -0.0036120259
-0.0012529193 0.0337997772 -0.0039299823
-0.0012646019 0.0337997772 -0.004198654
-0.0012712066 0.0337997772 -0.0044227726
-0.0012808762 0.0337997772 -0.0046076364
-0.0013025925 0.0337997772 -0.0047575976
-0.0013486806 0.0337997772 -0.0048713174
-0.0014324107 0.0337997772 -0.0049152613
-0.0015145301 0.0337997772 -0.0048579158
-0.0015817292 0.0337997772 -0.0047517387
-0.0016444887 0.0337997772 -0.0046104174
-0.0017040447 0.0337997772 -0.0044312382
-0.0017552175 0.0337997772 -0.0042083733
-0.0017888806 0.0337997772 -0.0039361897
-0.0017957731 0.0337997772 -0.0036110912
-0.0017715096 0.0337997772 -0.0032315544
-0.0017185804 0.0337997772 -0.0027970835
-0.0016421762 0.0337997772 -0.0023085612
-0.0015441118 0.0337997772 -0.0017703685
-0.0014209861 0.0337997772 -0.0011918805
-0.0012699432 0.0337997772 -0.0005867080999999999
-0.0010962406 0.0337997772 3.00754e-05
-0.0009126333 0.0337997772 0.0006439956
-0.0007309692 0.0337997772 0.0012407176
-0.0005554617 0.0337997772 0.0018055462
-0.0003847069 0.0337997772 0.0023252762
-0.0002179383 0.0337997772 0.002790762
-5.86051e-05 0.0337997772 0.0031984414
8.800980000000001e-05 0.0337997772 0.0035494281
0.0002180032 0.0337997772 0.0038476108
0.0003303744 0.0337997772 0.0040979076
0.0004256913 0.0337997772 0.004305873
0.0005072519 0.0337997772 0.0044761991
0.0005768145 0.0337997772 0.0046143482
0.0006350195 0.0337997772 0.0047259776
0.0005729884 0.0347586743 0.0045640732
0.0006004372 0.0347586743 0.0046576654
0.0005397403 0.0347586743 0.0044482554
0.0004998785 0.0347586743 0.0043056489
0.0004534662 0.0347586743 0.0041309226
0.0003978197 0.0347586743 0.0039191478
0.0003269446 0.0347586743 0.0036662564
0.0002381567 0.0347586743 0.0033678187
0.0001303267 0.0347586743 0.0030200379
6.8333e-06 0.0347586743 0.0026196543
-0.0001248315 0.0347586743 0.0021650175
-0.000257054 0.0347586743 0.0016583277
-0.0003865186 0.0347586743 0.0011071627
-0.0005149151 0.0347586743 0.0005240479
-0.0006438794 0.0347586743 -7.562459999999999e-05
-0.000769722 0.0347586743 -0.0006759583
-0.0008847723 0.0347586743 -0.0012618473
-0.000983343 0.0347586743 -0.0018193665
-0.0010648319 0.0347586743 -0.0023366511
-0.0011310865 0.0347586743 -0.002805312
-0.0011827725 0.0347586743 -0.0032211003
-0.0012192086 0.0347586743 -0.0035833727
-0.0012409422 0.0347586743 -0.0038939691
-0.0012515759 0.0347586743 -0.0041563729
-0.0012573739 0.0347586743 -0.0043752568
-0.0012658368 0.0347586743 -0.0045558466
-0.0012851862 0.0347586743 -0.0047025638
-0.0013266478 0.0347586743 -0.0048149188
-0.0014048287 0.0347586743 -0.004862546
-0.0014858287 0.0347586743 -0.0048073633
-0.0015527493 0.0347586743 -0.0047043499
-0.0016156389 0.0347586743 -0.0045669338
-0.0016758386 0.0347586743 -0.0043925132
-0.0017282971 0.0347586743 -0.0041752958
-0.0017639875 0.0347586743 -0.0039096697
-0.001773541 0.0347586743 -0.0035920424
-0.0017523897 0.0347586743 -0.0032209921
-0.00170281 0.0347586743 -0.0027961565
-0.0016300293 0.0347586743 -0.0023184673
-0.001536194 0.0347586743 -0.00179217
-0.0014183491 0.0347586743 -0.0012263283
-0.0012738137 0.0347586743 -0.0006341698999999999
-0.0011074777 0.0347586743 -3.04704e-05
-0.0009314138 0.0347586743 0.0005704755
-0.0007569852 0.0347586743 0.0011545529
-0.0005884421 0.0347586743 0.0017074422
-0.0004247001 0.0347586743 0.0022163629
-0.000265224 0.0347586743 0.0026724944
-0.0001132567 0.0347586743 0.0030723306
2.63825e-05 0.0347586743 0.003416814
0.000150263 0.0347586743 0.0037095538
0.0002576575 0.0347586743 0.0039552217
0.0003492038 0.0347586743 0.0041591959
0.0004281327 0.0347586743 0.0043260042
0.000495973 0.0347586743 0.0044610597
0.0005530323 0.0347586743 0.0045700493
0.0004912413 0.0357175714 0.0044119841
0.0005180768 0.0357175714 0.0045033658
0.0004588563 0.0357175714 0.0042988702
0.0004202151 0.0357175714 0.0041595456
0.0003755404 0.0357175714 0.0039887655
0.0003223381 0.0357175714 0.0037816763
0.0002547967 0.0357175714 0.0035342771
0.0001702868 0.0357175714 0.0032422204
6.76241e-05 0.0357175714 0.0029018223
-5.00757e-05 0.0357175714 0.0025099848
-0.0001756849 0.0357175714 0.002065204
-0.0003018615 0.0357175714 0.0015696848
-0.0004253301 0.0357175714 0.0010308102
-0.0005476452 0.0357175714 0.0004607571
-0.0006703898999999999 0.0357175714 -0.0001254747
-0.0007900336 0.0357175714 -0.0007123454
-0.000899116 0.0357175714 -0.0012850724
-0.0009920266 0.0357175714 -0.001830047
-0.0010681661 0.0357175714 -0.0023356829
-0.0011295486 0.0357175714 -0.0027937674
-0.0011772051 0.0357175714 -0.0032001081
-0.0012107923 0.0357175714 -0.0035540479
-0.0012308765 0.0357175714 -0.0038574107
-0.0012406774 0.0357175714 -0.0041136601
-0.0012458175 0.0357175714 -0.0043274072
-0.0012530536 0.0357175714 -0.0045038017
-0.0012696983 0.0357175714 -0.0046473677
-0.0013056622 0.0357175714 -0.0047586822
-0.0013773753 0.0357175714 -0.0048111128
-0.001457696 0.0357175714 -0.0047586435
-0.0015250895 0.0357175714 -0.0046592728
-0.0015886108 0.0357175714 -0.0045259093
-0.0016496676 0.0357175714 -0.0043562001
-0.0017034243 0.0357175714 -0.004144498
-0.0017410356 0.0357175714 -0.0038852452
-0.0017531587 0.0357175714 -0.003574884
-0.0017350158 0.0357175714 -0.0032120715
-0.0016886351 0.0357175714 -0.002796585
-0.0016192149 0.0357175714 -0.0023294169
-0.0015292615 0.0357175714 -0.0018146837
-0.0014164019 0.0357175714 -0.0012611274
-0.0012782227 0.0357175714 -0.0006815785999999999
-0.0011191742 0.0357175714 -9.05334e-05
-0.0009504784 0.0357175714 0.0004978417
-0.000782941 0.0357175714 0.0010696184
-0.0006209634 0.0357175714 0.0016108706
-0.0004640031 0.0357175714 0.0021092956
-0.0003118304 0.0357175714 0.0025564181
-0.0001674233 0.0357175714 0.0029487774
-3.50009e-05 0.0357175714 0.0032871034
8.2599e-05 0.0357175714 0.0035746844
0.0001849526 0.0357175714 0.0038159358
0.0002727621 0.0357175714 0.0040160675
0.0003491373 0.0357175714 0.0041794653
0.0004153432 0.0357175714 0.0043115091
0.0004713463 0.0357175714 0.0044179205
0.0004122615 0.0366764686 0.0042621569
0.0004385069 0.0366764686 0.0043513728
0.0003807062 0.0366764686 0.0041516946
0.0003432363 0.0366764686 0.004015592
0.0003002315 0.0366764686 0.0038486905
0.0002493761 0.0366764686 0.0036462142
0.0001850301 0.0366764686 0.0034042294
0.0001046518 0.0366764686 0.0031184651
6.9731e-06 0.0366764686 0.0027853497
-0.0001051356 0.0366764686 0.0024019381
-0.0002248984 0.0366764686 0.0019668639
-0.000345241 0.0366764686 0.0014823351
-0.0004629298 0.0366764686 0.0009555452
-0.0005793884 0.0366764686 0.0003983331
-0.0006961454 0.0366764686 -0.0001746849
-0.0008098193 0.0366764686 -0.0007483207
-0.000913153 0.0366764686 -0.0013081096
-0.0010006133 0.0366764686 -0.0018407515
-0.0010716056 0.0366764686 -0.002334932
-0.0011283025 0.0366764686 -0.002782614
-0.0011720825 0.0366764686 -0.0031796667
-0.0012029231 0.0366764686 -0.0035254243
-0.0012214042 0.0366764686 -0.0038216938
-0.0012303845 0.0366764686 -0.0040719129
-0.0012348647 0.0366764686 -0.0042806239
-0.0012408824 0.0366764686 -0.004452895
-0.0012548983 0.0366764686 -0.0045933324
-0.0012855171 0.0366764686 -0.0047035218
-0.001350852 0.0366764686 -0.0047604484
-0.0014303747 0.0366764686 -0.0047106207
-0.0014981051 0.0366764686 -0.0046148051
-0.0015621329 0.0366764686 -0.0044854066
-0.0016239316 0.0366764686 -0.0043203236
-0.0016788584 0.0366764686 -0.0041140408
-0.0017182546 0.0366764686 -0.003861061
-0.0017328051 0.0366764686 -0.0035578565
-0.0017175412 0.0366764686 -0.0032031569
-0.0016742471 0.0366764686 -0.0027968685
-0.0016080824 0.0366764686 -0.0023400426
-0.0015218997 0.0366764686 -0.0018366755
-0.0014138839 0.0366764686 -0.0012952033
-0.0012818809 0.0366764686 -0.0007280725
-0.0011299183 0.0366764686 -0.0001494989
-0.0009683946 0.0366764686 0.0004264889
-0.0008075715 0.0366764686 0.0009861518000000001
-0.0006519908 0.0366764686 0.0015159439
-0.0005016264000000001 0.0366764686 0.0020040179
-0.0003565478 0.0366764686 0.002442231
-0.0002194788 0.0366764686 0.0028271705
-9.405889999999999e-05 0.0366764686 0.0031593698
1.74348e-05 0.0366764686 0.0034418158
0.0001148814 0.0366764686 0.0036786804
0.0001990434 0.0366764686 0.0038750095
0.0002729138 0.0366764686 0.0040350506
0.0003375052 0.0366764686 0.0041641454
0.0003924559 0.0366764686 0.0042680408
0.0003357921 0.0376353657 0.0041136004
0.000361475 0.0376353657 0.0042006788
0.0003050288 0.0376353657 0.004005757
0.0002686829 0.0376353657 0.0038728382
0.0002272704 0.0376353657 0.0037097766
0.0001786635 0.0376353657 0.0035118711
0.0001173943 0.0376353657 0.0032752546
4.09867e-05 0.0376353657 0.0029957392
-5.18838e-05 0.0376353657 0.002669854
-0.000158588 0.0376353657 0.0022948006
-0.0002727001 0.0376353657 0.0018693448
-0.0003874097 0.0376353657 0.0013956951
-0.0004995287 0.0376353657 0.0008808605
-0.0006103518 0.0376353657 0.0003363494
-0.0007213475 0.0376353657 -0.0002235992
-0.0008292735 0.0376353657 -0.0007841459
-0.0009270697 0.0376353657 -0.0013311411
-0.0010092825 0.0376353657 -0.0018515871
-0.0010753243 0.0376353657 -0.0023344364
-0.0011275166 0.0376353657 -0.0027718278
-0.0011675644 0.0376353657 -0.003159697
-0.0011957468 0.0376353657 -0.0034973747
-0.0012126508 0.0376353657 -0.003786649
-0.0012207983 0.0376353657 -0.0040309238
-0.0012245901 0.0376353657 -0.0042346657
-0.0012293763 0.0376353657 -0.0044028539
-0.0012407954 0.0376353657 -0.0045401616
-0.0012661826 0.0376353657 -0.0046491207
-0.0013251747 0.0376353657 -0.0047102171
-0.0014037234 0.0376353657 -0.0046629471
-0.0014716186 0.0376353657 -0.0045706055
-0.0015359958 0.0376353657 -0.0044450997
-0.0015983792 0.0376353657 -0.0042845728
-0.0016543196 0.0376353657 -0.004083644
-0.0016953366 0.0376353657 -0.0038368728
-0.0017121627 0.0376353657 -0.0035407639
-0.0016996437 0.0376353657 -0.0031941089
-0.0016593315 0.0376353657 -0.0027969328
-0.0015963343 0.0376353657 -0.0023503437
-0.0015138396 0.0376353657 -0.0018582242
-0.0014105545 0.0376353657 -0.0013287205
-0.0012845819 0.0376353657 -0.0007739042999999999
-0.001139544 0.0376353657 -0.0002077087
-0.0009850410000000001 0.0376353657 0.0003559871
-0.0008307995 0.0376353657 0.0009036373
-0.0006814867 0.0376353657 0.0014220646
-0.0005375708 0.0376353657 0.0018998583
-0.0003994097 0.0376353657 0.0023291953
-0.0002694882 0.0376353657 0.0027067152
-0.0001508985 0.0376353657 0.0030327727
-4.5352e-05 0.0376353657 0.0033100652
4.72958e-05 0.0376353657 0.0035425385
0.000127872 0.0376353657 0.0037350787
0.0001992633 0.0376353657 0.0038917951
0.0002622392 0.0376353657 0.0040179863
0.0003161235 0.0376353657 0.0041194137
0.0002712771 0.0385942629 0.0039634494
0.0002955386 0.0385942629 0.004048683
0.0002421683 0.0385942629 0.0038579174
0.0002077023 0.0385942629 0.0037278878
0.000168295 0.0385942629 0.0035684468
0.0001219086 0.0385942629 0.0033749899
6.34058e-05 0.0385942629 0.0031436651
-9.598299999999999e-06 0.0385942629 0.002870367
-9.840290000000001e-05 0.0385942629 0.0025517078
-0.0002005826 0.0385942629 0.0021850136
-0.0003100558 0.0385942629 0.0017691636
-0.0004202019 0.0385942629 0.0013063382
-0.0005276509 0.0385942629 0.0008033153
-0.0006332824 0.0385942629 0.0002712387
-0.0007384501 0.0385942629 -0.0002760164
-0.0008404115 0.0385942629 -0.0008238755
-0.0009328366 0.0385942629 -0.001358399
-0.0010105662 0.0385942629 -0.0018668622
-0.001072695 0.0385942629 -0.0023385432
-0.0011210839 0.0385942629 -0.0027658303
-0.0011573758 0.0385942629 -0.0031447517
-0.0011821676 0.0385942629 -0.0034746066
-0.0011964893 0.0385942629 -0.0037571155
-0.0012030127 0.0385942629 -0.0039956271
-0.0012060041 0.0385942629 -0.0041945391
-0.0012104483 0.0385942629 -0.0043587285
-0.0012215202 0.0385942629 -0.0044927658
-0.0012459819 0.0385942629 -0.0045992655
-0.0013031959 0.0385942629 -0.0046595518
-0.0013793754 0.0385942629 -0.0046128631
-0.001445047 0.0385942629 -0.0045223605
-0.0015078107 0.0385942629 -0.0043998529
-0.0015691561 0.0385942629 -0.0042433638
-0.0016247899 0.0385942629 -0.0040475492
-0.0016664629 0.0385942629 -0.0038069821
-0.0016850148 0.0385942629 -0.0035181165
-0.0016751301 0.0385942629 -0.0031797179
-0.0016380281 0.0385942629 -0.0027918653
-0.0015786293 0.0385942629 -0.0023557155
-0.0015002648 0.0385942629 -0.0018750612
-0.0014020158 0.0385942629 -0.001357785
-0.0012821877 0.0385942629 -0.0008155998999999999
-0.0011441419 0.0385942629 -0.0002621226
-0.0009969438 0.0385942629 0.0002889992
-0.0008499243000000001 0.0385942629 0.0008244663
-0.0007076266 0.0385942629 0.0013314086
-0.0005704395 0.0385942629 0.0017986916
-0.000438461 0.0385942629 0.0022186231
-0.0003138577 0.0385942629 0.0025878238
-0.000199556 0.0385942629 0.0029065662
-9.73867e-05 0.0385942629 0.0031775062
-7.486e-06 0.0385942629 0.0034045912
7.073229999999999e-05 0.0385942629 0.0035926663
0.0001397767 0.0385942629 0.0037459113
0.0002003881 0.0385942629 0.0038694985
0.0002521037 0.0385942629 0.003968939
0.0002131513 0.03955316 0.0038131053
0.000235646 0.03955316 0.0038966147
0.0001860375 0.03955316 0.0037097571
0.0001537359 0.03955316 0.0035824932
0.000116464 0.03955316 0.0034265759
7.22232e-05 0.03955316 0.0032375074
1.62784e-05 0.03955316 0.0030114298
-5.36526e-05 0.03955316 0.0027443208
-0.0001388048 0.03955316 0.002432866
-0.0002369366 0.03955316 0.0020745045
-0.0003422966 0.03955316 0.0016682164
-0.000448442 0.03955316 0.001216145
-0.0005517117 0.03955316 0.000724821
-0.0006524596 0.03955316 0.0002050161
-0.0007518977 0.03955316 -0.0003297491
-0.0008479268 0.03955316 -0.0008651342
-0.0009351668 0.03955316 -0.001387372
-0.0010088445 0.03955316 -0.0018839981
-0.0010676034 0.03955316 -0.0023446351
-0.0011125899 0.03955316 -0.0027619436
-0.001145178 0.03955316 -0.0031320542
-0.0011663202 0.03955316 -0.0034542232
-0.001177636 0.03955316 -0.0037300872
-0.0011821939 0.03955316 -0.003962931
-0.0011843047 0.03955316 -0.0041570906
-0.0011887539 0.03955316 -0.0043173377
-0.0012004269 0.03955316 -0.0044480644
-0.0012258241 0.03955316 -0.0045515871
-0.0012832317 0.03955316 -0.0046088624
-0.0013563434 0.03955316 -0.0045618658
-0.0014186874 0.03955316 -0.0044724419
-0.0014789157 0.03955316 -0.0043524941
-0.0015384436 0.03955316 -0.0041997712
-0.0015931122 0.03955316 -0.0040089216
-0.0016349324 0.03955316 -0.0037745207
-0.0016548791 0.03955316 -0.003492933
-0.0016475037 0.03955316 -0.0031628605
-0.00161365 0.03955316 -0.0027844018
-0.0015579843 0.03955316 -0.0023587546
-0.0014838893 0.03955316 -0.0018896329
-0.0013907461 0.03955316 -0.0013846693
-0.0012770363 0.03955316 -0.0008552283
-0.0011459311 0.03955316 -0.0003145965
-0.0010060848 0.03955316 0.0002238471
-0.0008664936 0.03955316 0.0007470718
-0.0007314616 0.03955316 0.0012424877
-0.0006010429 0.03955316 0.0016991686
-0.000474842 0.03955316 0.0021094759
-0.0003546822 0.03955316 0.0024699848
-0.0002434997 0.03955316 0.0027809292
-0.0001435454 0.03955316 0.0030450264
-5.5475e-05 0.03955316 0.0032663197
2.09296e-05 0.03955316 0.0034496598
8.76858e-05 0.03955316 0.0035993824
0.0001456029 0.03955316 0.0037204985
0.0001946642 0.03955316 0.003818159
0.0001568885 0.0405120572 0.003664857
0.0001776902 0.0405120572 0.0037466469
0.0001316869 0.0405120572 0.0035636826
0.0001014652 0.0405120572 0.0034391643
6.62384e-05 0.0405120572 0.003286737
2.40608e-05 0.0405120572 0.0031020043
-2.9421e-05 0.0405120572 0.0028811098
-9.63837e-05 0.0405120572 0.0026201121
-0.0001780034 0.0405120572 0.0023157704
-0.0002722111 0.0405120572 0.0019656306
-0.0003735768 0.0405120572 0.0015687693
-0.0004758436 0.0405120572 0.001127294
-0.0005750675999999999 0.0405120572 0.000647498
-0.0006711037 0.0405120572 0.0001397959
-0.0007650244 0.0405120572 -0.0003826393
-0.0008553429 0.0405120572 -0.0009057074
-0.000937587 0.0405120572 -0.0014158234
-0.0010073562 0.0405120572 -0.0019007823
-0.0010628661 0.0405120572 -0.002350538
-0.0011045826 0.0405120572 -0.0027580092
-0.0011336101 0.0405120572 -0.0031194246
-0.0011512547 0.0405120572 -0.0034340041
-0.0011596824 0.0405120572 -0.0037033083
-0.001162339 0.0405120572 -0.0039305611
-0.0011635799 0.0405120572 -0.0041200378
-0.0011679918 0.0405120572 -0.004276406
-0.0011801934 0.0405120572 -0.0044038833
-0.0012064197 0.0405120572 -0.0045044991
-0.0012639131 0.0405120572 -0.0045588731
-0.0013339918 0.0405120572 -0.0045116023
-0.001393084 0.0405120572 -0.0044232509
-0.0014508165 0.0405120572 -0.0043058161
-0.0015085323 0.0405120572 -0.0041567882
-0.0015622102 0.0405120572 -0.0039708158
-0.0016041091 0.0405120572 -0.0037424758
-0.0016253525 0.0405120572 -0.0034680548
-0.0016203615 0.0405120572 -0.0031461886
-0.0015896276 0.0405120572 -0.0027769907
-0.0015375612 0.0405120572 -0.002361696
-0.0014676009 0.0405120572 -0.0019039407
-0.0013794028 0.0405120572 -0.0014111176
-0.0012716233 0.0405120572 -0.0008942503
-0.0011472511 0.0405120572 -0.0003663001
-0.0010145398 0.0405120572 0.000159622
-0.0008821559 0.0405120572 0.0006707511
-0.0007541692999999999 0.0405120572 0.0011547746
-0.0006303151 0.0405120572 0.001600976
-0.000509728 0.0405120572 0.0020017789
-0.0003939053 0.0405120572 0.0023537214
-0.0002857905 0.0405120572 0.0026569997
-0.0001880349 0.0405120572 0.0029143834
-0.0001017876 0.0405120572 0.003129998
-2.71847e-05 0.0405120572 0.0033086936
3.7324e-05 0.0405120572 0.0034549454
9.26128e-05 0.0405120572 0.0035736077
0.0001390915 0.0405120572 0.0036694885
0.0001027086 0.0414709543 0.0035200776
0.0001218726 0.0414709543 0.0036001779
7.93586e-05 0.0414709543 0.0034210366
5.11558e-05 0.0414709543 0.0032992084
1.79146e-05 0.0414709543 0.0031501947
-2.22508e-05 0.0414709543 0.0029696963
-7.33362e-05 0.0414709543 0.0027538642
-0.0001374125 0.0414709543 0.0024988382
-0.0002156045 0.0414709543 0.0022014488
-0.0003060041 0.0414709543 0.0018593435
-0.0004034958 0.0414709543 0.0014716902
-0.0005019941 0.0414709543 0.0010405596
-0.0005972889000000001 0.0414709543 0.0005720188
-0.0006887574 0.0414709543 7.61408e-05
-0.0007773421 0.0414709543 -0.0004342382
-0.0008621453 0.0414709543 -0.0009452584
-0.0009395659 0.0414709543 -0.0014435229
-0.0010055596 0.0414709543 -0.0019170836
-0.001057933 0.0414709543 -0.0023562112
-0.0010964985 0.0414709543 -0.0027540685
-0.001122125 0.0414709543 -0.0031069756
-0.0011364374 0.0414709543 -0.0034141248
-0.0011421269 0.0414709543 -0.0036770089
-0.0011429989 0.0414709543 -0.003898797
-0.0011434478 0.0414709543 -0.0040837068
-0.0011478607 0.0414709543 -0.0042363025
-0.0011606055 0.0414709543 -0.0043606314
-0.0011876662 0.0414709543 -0.0044584473
-0.0012453072 0.0414709543 -0.0045100501
-0.001312557 0.0414709543 -0.004462539
-0.0013685858 0.0414709543 -0.0043752481
-0.0014239624 0.0414709543 -0.0042602697
-0.0014799616 0.0414709543 -0.0041148404
-0.0015327008 0.0414709543 -0.0039336209
-0.0015746758 0.0414709543 -0.0037111836
-0.0015971643 0.0414709543 -0.0034437521
-0.0015944495 0.0414709543 -0.0031298899
-0.0015667001 0.0414709543 -0.0027697272
-0.0015180826 0.0414709543 -0.0023645317
-0.0014520882 0.0414709543 -0.0019178645
-0.0013686355 0.0414709543 -0.0014368892
-0.0012665471 0.0414709543 -0.0009323008
-0.0011486351 0.0414709543 -0.0004167427
-0.0010227692 0.0414709543 9.6938e-05
-0.0008973012 0.0414709543 0.0005962385
-0.000776079 0.0414709543 0.0010691185
-0.0006585339 0.0414709543 0.0015050701
-0.0005433489 0.0414709543 0.0018965839
-0.000431706 0.0414709543 0.0022401664
-0.0003265548 0.0414709543 0.0025359765
-0.0002309222 0.0414709543 0.0027868281
-0.0001464336 0.0414709543 0.0029969183
-7.35642e-05 0.0414709543 0.0031710915
-1.12135e-05 0.0414709543 0.0033139496
4.15549e-05 0.0414709543 0.0034301953
8.55578e-05 0.0414709543 0.0035243128
4.5299e-05 0.0424298514 0.0033809418
6.26995e-05 0.0424298514 0.0034593964
2.39549e-05 0.0424298514 0.0032839717
-2.042e-06 0.0424298514 0.0031647448
-3.30603e-05 0.0424298514 0.0030190117
-7.094269999999999e-05 0.0424298514 0.00284257
-0.0001193907 0.0424298514 0.0026316
-0.0001803598 0.0424298514 0.002382317
-0.0002548806 0.0424298514 0.0020916107
-0.0003411325 0.0424298514 0.0017572122
-0.0004342896 0.0424298514 0.0013783794
-0.0005285631 0.0424298514 0.0009571892
-0.0006198035 0.0424298514 0.0004995573
-0.0007071401 0.0424298514 1.52546e-05
-0.0007912444 0.0424298514 -0.0004832507
-0.0008712694 0.0424298514 -0.0009824324
-0.0009439868 0.0424298514 -0.0014691548
-0.0010057154 0.0424298514 -0.0019317021
-0.0010543583 0.0424298514 -0.0023605611
-0.0010896343 0.0424298514 -0.0027490779
-0.0011123642 0.0424298514 -0.0030936623
-0.0011242171 0.0424298514 -0.0033935238
-0.0011279825 0.0424298514 -0.003650123
-0.0011274888 0.0424298514 -0.0038665776
-0.0011270281 0.0424298514 -0.0040470356
-0.0011308082 0.0424298514 -0.0041959707
-0.0011429955 0.0424298514 -0.0043173298
-0.0011693386 0.0424298514 -0.0044127987
-0.0012255829 0.0424298514 -0.004463123
-0.0012913069 0.0424298514 -0.0044171368
-0.0013463372 0.0424298514 -0.0043322781
-0.0014006646 0.0424298514 -0.0042202334
-0.00145552 0.0424298514 -0.0040784038
-0.0015073381 0.0424298514 -0.0039016803
-0.0015491141 0.0424298514 -0.0036847798
-0.0015725833 0.0424298514 -0.0034239402
-0.0015721185 0.0424298514 -0.0031176501
-0.0015475585 0.0424298514 -0.0027660078
-0.0015026414 0.0424298514 -0.002370311
-0.0014407316 0.0424298514 -0.0019340782
-0.0013620024 0.0424298514 -0.0014642649
-0.0012655194 0.0424298514 -0.0009712455
-0.0011539162 0.0424298514 -0.0004673677
-0.0010345692 0.0424298514 3.47389e-05
-0.0009154768 0.0424298514 0.0005228026
-0.0008004546 0.0424298514 0.0009850834
-0.0006889448 0.0424298514 0.0014113499
-0.0005793807 0.0424298514 0.0017942225
-0.0004725517 0.0424298514 0.0021301786
-0.0003711601 0.0424298514 0.0024192732
-0.0002783319 0.0424298514 0.0026642531
-0.0001960237 0.0424298514 0.0028693228
-0.0001249852 0.0424298514 0.0030392966
-6.45774e-05 0.0424298514 0.0031788889
-1.38907e-05 0.0424298514 0.0032926935
2.81499e-05 0.0424298514 0.003384952
-1.48821e-05 0.0433887486 0.0032472174
6.511e-07 0.0433887486 0.0033240633
-3.40917e-05 0.0433887486 0.003152264
-5.77269e-05 0.0433887486 0.0030355595
-8.63206e-05 0.0433887486 0.0028929858
-0.0001216899 0.0433887486 0.0027204369
-0.0001672972 0.0433887486 0.0025141417
-0.0002249733 0.0433887486 0.0022703835
-0.0002956187 0.0433887486 0.0019861038
-0.0003774361 0.0433887486 0.0016591015
-0.0004658627 0.0433887486 0.0012887225
-0.0005555288 0.0433887486 0.0008770868
-0.0006426269 0.0433887486 0.0004300206
-0.0007262475999999999 0.0433887486 -4.29736e-05
-0.0008066623 0.0433887486 -0.0005298193000000001
-0.0008825914 0.0433887486 -0.0010173984
-0.0009507325 0.0433887486 -0.0014928934
-0.0010077739 0.0433887486 -0.0019447969
-0.0010521703 0.0433887486 -0.0023637346
-0.0010840508 0.0433887486 -0.0027431828
-0.001104327 0.0433887486 -0.0030796464
-0.0011145004 0.0433887486 -0.0033723841
-0.0011170663 0.0433887486 -0.0036228524
-0.0011155698 0.0433887486 -0.0038341145
-0.0011140785 0.0433887486 -0.0040102364
-0.001116642 0.0433887486 -0.0041556121
-0.0011272701 0.0433887486 -0.0042741523
-0.0011514835 0.0433887486 -0.0043676587
-0.0012049 0.0433887486 -0.0044180119
-0.0012702 0.0433887486 -0.004375135
-0.0013260319 0.0433887486 -0.0042939535
-0.0013804471 0.0433887486 -0.0041852731
-0.001434652 0.0433887486 -0.0040470392
-0.001485554 0.0433887486 -0.0038745635
-0.0015268771 0.0433887486 -0.0036628536
-0.0015510792 0.0433887486 -0.0034082297
-0.0015528371 0.0433887486 -0.0031091078
-0.0015316485 0.0433887486 -0.0027655085
-0.0014906532 0.0433887486 -0.0023787535
-0.0014329364 0.0433887486 -0.0019523444
-0.0013589119 0.0433887486 -0.0014930495
-0.0012679587 0.0433887486 -0.0010109328
-0.0011625313 0.0433887486 -0.0005180658
-0.0010494157 0.0433887486 -2.69002e-05
-0.0009362205 0.0433887486 0.0004504949
-0.0008268969 0.0433887486 0.0009027005
-0.0007211801 0.0433887486 0.001319816
-0.0006174336 0.0433887486 0.0016946453
-0.0005159863 0.0433887486 0.0020236415
-0.0004190647 0.0433887486 0.0023066994
-0.000329654 0.0433887486 0.0025464082
-0.0002499043 0.0433887486 0.0027469195
-0.0001807871 0.0433887486 0.0029129973
-0.0001221304 0.0433887486 0.0030494537
-7.31341e-05 0.0433887486 0.0031608116
-3.25971e-05 0.0433887486 0.0032511403
-7.259480000000001e-05 0.0443476457 0.0031175124
-5.88688e-05 0.0443476457 0.0031927864
-8.97372e-05 0.0443476457 0.0030245269
-0.0001110827 0.0443476457 0.0029102798
-0.0001373201 0.0443476457 0.0027707773
-0.0001702424 0.0443476457 0.0026020064
-0.0002130881 0.0443476457 0.0024002468
-0.0002675671 0.0443476457 0.0021618493
-0.0003344615 0.0443476457 0.0018838087
-0.0004119969 0.0443476457 0.0015639892
-0.0004958633 0.0443476457 0.0012018187
-0.0005810848 0.0443476457 0.0007994526
-0.0006641777 0.0443476457 0.0003626252
-0.0007441948000000001 0.0443476457 -9.941920000000001e-05
-0.0008210282 0.0443476457 -0.0005749757000000001
-0.0008929929 0.0443476457 -0.001051312
-0.0009567206 0.0443476457 -0.0015159155
-0.0010092513 0.0443476457 -0.0019574836
-0.0010495677 0.0443476457 -0.00236679
-0.0010781875 0.0443476457 -0.0027374375
-0.0010961164 0.0443476457 -0.0030660253
-0.0011046975 0.0443476457 -0.0033518587
-0.0011061486 0.0443476457 -0.0035963883
-0.0011037389 0.0443476457 -0.0038026238
-0.0011013191 0.0443476457 -0.0039745503
-0.0011027827 0.0443476457 -0.0041164831
-0.0011119886 0.0443476457 -0.0042322954
-0.0011342449 0.0443476457 -0.0043238971
-0.0011850601 0.0443476457 -0.004374253
-0.001250037 0.0443476457 -0.0043343776
-0.0013066804 0.0443476457 -0.0042567686
-0.0013612247 0.0443476457 -0.0041513594
-0.0014148505 0.0443476457 -0.0040166112
-0.0014649168 0.0443476457 -0.0038482454
-0.001505838 0.0443476457 -0.003641555
-0.0015307624 0.0443476457 -0.0033929496
-0.0015346516 0.0443476457 -0.0031007727
-0.0015166869 0.0443476457 -0.0027649735
-0.0014794405 0.0443476457 -0.0023868889
-0.0014257332 0.0443476457 -0.0019700008
-0.001356208 0.0443476457 -0.0015209008
-0.0012705416 0.0443476457 -0.0010493579
-0.0011710155 0.0443476457 -0.000567176
-0.0010638533 0.0443476457 -8.6628e-05
-0.0009562954 0.0443476457 0.0003804178
-0.0008524256 0.0443476457 0.000822849
-0.0007522610000000001 0.0443476457 0.0012310803
-0.0006540902 0.0443476457 0.0015980918
-0.0005577973 0.0443476457 0.0019203194
-0.0004651497 0.0443476457 0.0021975084
-0.0003789985 0.0443476457 0.0024321018
-0.0003016802 0.0443476457 0.0026281937
-0.0002343823 0.0443476457 0.0027904984
-0.0001773842 0.0443476457 0.0029239145
-0.0001299912 0.0443476457 0.0030328947
-9.08812e-05 0.0443476457 0.0031213457
-0.000127966 0.0453065429 0.002991423
-0.0001159859 0.0453065429 0.0030651564
-0.0001431098 0.0453065429 0.0029003634
-0.0001622395 0.0453065429 0.0027885175
-0.0001861919 0.0453065429 0.0026520087
-0.000216737 0.0453065429 0.0024869143
-0.0002569023 0.0453065429 0.0022895666
-0.0003082816 0.0453065429 0.0020563838
-0.0003715484 0.0453065429 0.0017844146
-0.0004449502 0.0453065429 0.0014715869
-0.0005244202 0.0453065429 0.0011174044
-0.0006053549 0.0453065429 0.000724051
-0.0006845767999999999 0.0453065429 0.0002971668
-0.0007611023 0.0453065429 -0.0001542522
-0.0008344642 0.0453065429 -0.0006188546
-0.0009025955 0.0453065429 -0.0010842733
-0.0009620694 0.0453065429 -0.0015382891
-0.0010102619 0.0453065429 -0.0019698007
-0.0010466599 0.0453065429 -0.0023697376
-0.0010721505 0.0453065429 -0.0027318269
-0.0010878345 0.0453065429 -0.0030527613
-0.0010949045 0.0453065429 -0.0033318898
-0.001095316 0.0453065429 -0.0035706556
-0.0010920704 0.0453065429 -0.0037720148
-0.0010888088 0.0453065429 -0.0039398727
-0.0010892714 0.0453065429 -0.0040784669
-0.0010971723 0.0453065429 -0.0041916318
-0.0011176187 0.0453065429 -0.0042813789
-0.0011660211 0.0453065429 -0.0043317096
-0.0012307421 0.0453065429 -0.0042947333
-0.0012881857 0.0453065429 -0.0042205965
-0.0013428807 0.0453065429 -0.0041183711
-0.0013959802 0.0453065429 -0.0039870077
-0.0014452742 0.0453065429 -0.0038226264
-0.0014858315 0.0453065429 -0.0036208007
-0.00151146 0.0453065429 -0.0033780354
-0.0015173899 0.0453065429 -0.0030926038
-0.0015025083 0.0453065429 -0.0027643875
-0.0014688477 0.0453065429 -0.0023947307
-0.0014189777 0.0453065429 -0.0019870929
-0.0013537607 0.0453065429 -0.0015478982
-0.0012731558 0.0453065429 -0.0010866353
-0.0011792782 0.0453065429 -0.0006148481
-0.0010778141 0.0453065429 -0.0001446286
-0.0009756553 0.0453065429 0.0003123532
-0.0008770137 0.0453065429 0.0007452788
-0.000782177 0.0453065429 0.0011448629
-0.0006893567 0.0453065429 0.0015042566
-0.000598008 0.0453065429 0.0018198848
-0.0005094554 0.0453065429 0.0020913545
-0.0004264224 0.0453065429 0.002320972
-0.0003514242 0.0453065429 0.0025127707
-0.0002858576 0.0453065429 0.0026714144
-0.0002304375 0.0453065429 0.0028018771
-0.0001845714 0.0453065429 0.0029085426
-0.0001468208 0.0453065429 0.0029951628
-0.0001811222 0.04626544 0.0028685455
-0.0001708257 0.04626544 0.0029407643
-0.0001943377 0.04626544 0.0027793768
-0.0002113274 0.04626544 0.0026698842
-0.0002330689 0.04626544 0.0025363024
-0.00026131 0.04626544 0.0023747962
-0.0002988789 0.04626544 0.0021817524
-0.0003472572 0.04626544 0.0019536562
-0.0004070185 0.04626544 0.0016876109
-0.0004764312 0.04626544 0.001381606
-0.0005516624 0.04626544 0.0010352161
-0.000628463 0.04626544 0.0006506463000000001
-0.0007039453 0.04626544 0.0002334413
-0.0007770911 0.04626544 -0.0002076428
-0.0008470921 0.04626544 -0.0006615906
-0.0009115207 0.04626544 -0.0011163828
-0.0009668975 0.04626544 -0.001560082
-0.0010109197 0.04626544 -0.0019817867
-0.0010435563 0.04626544 -0.0023725876
-0.0010660458 0.04626544 -0.002726336
-0.0010795833 0.04626544 -0.0030398167
-0.0010852177 0.04626544 -0.00331242
-0.0010846553 0.04626544 -0.0035455793
-0.0010806385 0.04626544 -0.0037421968
-0.0010766067 0.04626544 -0.0039060991
-0.0010761491 0.04626544 -0.0040414466
-0.0010828422 0.04626544 -0.0041520344
-0.0011016006 0.04626544 -0.004239969
-0.0011477411 0.04626544 -0.0042902456
-0.0012122392 0.04626544 -0.0042560707
-0.0012704506 0.04626544 -0.0041853106
-0.0013252985 0.04626544 -0.0040861873
-0.001377906 0.04626544 -0.0039581164
-0.0014264741 0.04626544 -0.0037976072
-0.0014666922 0.04626544 -0.0036005072
-0.0014929989 0.04626544 -0.0033634227
-0.0015008802 0.04626544 -0.00308456
-0.0014889475 0.04626544 -0.002763735
-0.0014587192 0.04626544 -0.0024022922
-0.001412526 0.04626544 -0.0020036657
-0.0013514398 0.04626544 -0.001574121
-0.0012756891 0.04626544 -0.0011228795
-0.0011872285 0.04626544 -0.0006612312
-0.0010912306 0.04626544 -0.0002010861
-0.000994254 0.04626544 0.000246083
-0.0009006343 0.04626544 0.0006697394
-0.0008109179 0.04626544 0.0010608841
-0.0007232396 0.04626544 0.0014128339
-0.0006366416 0.04626544 0.00172201
-0.0005520224999999999 0.04626544 0.001987892
-0.0004719829 0.04626544 0.0022126574
-0.0003992092 0.04626544 0.002400276
-0.0003352996 0.04626544 0.0025553597
-0.0002813894 0.04626544 0.0026829478
-0.0002369842 0.04626544 0.0027873549
-0.0002005341 0.04626544 0.0028721862
-0.0002321903 0.0472243371 0.0027484762
-0.000223514 0.0472243371 0.0028192008
-0.000243549 0.0472243371 0.0026611701
-0.0002584763 0.0472243371 0.0025539915
-0.0002780842 0.0472243371 0.0024232809
-0.0003040982 0.0472243371 0.002265288
-0.0003391568 0.0472243371 0.0020764556
-0.0003846345 0.0472243371 0.0018533357
-0.0004410111 0.0472243371 0.0015930867
-0.0005065752 0.0472243371 0.0012937581
-0.000577719 0.0472243371 0.0009549898
-0.0006505329 0.0472243371 0.0005790029
-0.0007224041 0.0472243371 0.0001712446
-0.0007922819999999999 0.0472243371 -0.0002597607
-0.0008590336 0.0472243371 -0.0007033186
-0.0009198898 0.0472243371 -0.0011477405
-0.0009713232 0.0472243371 -0.001581362
-0.0010113389 0.0472243371 -0.0019934802
-0.0010403663 0.0472243371 -0.0023753502
-0.0010599797 0.0472243371 -0.0027209495
-0.0010714647 0.0472243371 -0.0030271537
-0.0010757331 0.0472243371 -0.0032933917
-0.001074253 0.0472243371 -0.0035210842
-0.0010695176 0.0472243371 -0.0037130793
-0.0010647715 0.0472243371 -0.0038731249
-0.001063457 0.0472243371 -0.0040053052
-0.0010690195 0.0472243371 -0.0041133758
-0.0010861867 0.0472243371 -0.0041995321
-0.0011301783 0.0472243371 -0.0042497244
-0.0011944523 0.0472243371 -0.0042182584
-0.0012533778 0.0472243371 -0.0041507842
-0.0013083615 0.0472243371 -0.0040546868
-0.0013604927 0.0472243371 -0.0039298253
-0.0014083643 0.0472243371 -0.0037730884
-0.0014482547 0.0472243371 -0.0035805913
-0.0014752061 0.0472243371 -0.003349047
-0.0014849505 0.0472243371 -0.0030766001
-0.0014758389 0.0472243371 -0.0027630006
-0.0014488993 0.0472243371 -0.0024095867
-0.0014062339 0.0472243371 -0.0020197647
-0.0013491153 0.0472243371 -0.0015996486
-0.0012780291 0.0472243371 -0.0011582049
-0.0011947756 0.0472243371 -0.000706475
-0.0011040348 0.0472243371 -0.0002561845
-0.0010120453 0.0472243371 0.0001813894
-0.0009232607 0.0472243371 0.0005959808
-0.0008384735 0.0472243371 0.0009788639
-0.0007557453 0.0472243371 0.001323518
-0.0006737214 0.0472243371 0.0016263674
-0.0005928915 0.0472243371 0.0018867753
-0.0005157368 0.0472243371 0.0021067962
-0.0004451077 0.0472243371 0.002290335
-0.0003827949 0.0472243371 0.002441949
-0.0003303387 0.0472243371 0.0025667324
-0.0002873389 0.0472243371 0.0026689312
-0.0002521395 0.0472243371 0.0027520108
-0.000281297 0.0481832343 0.0026308114
-0.0002741765 0.0481832343 0.0027000569
-0.000290872 0.0481832343 0.0025453465
-0.0003038165 0.0481832343 0.0024404512
-0.0003213708 0.0481832343 0.0023125665
-0.000345238 0.0481832343 0.0021580253
-0.0003778749 0.0481832343 0.0019733273
-0.0004205536 0.0481832343 0.0017550914
-0.0004736652 0.0481832343 0.0015005314
-0.0005355173 0.0481832343 0.0012077548
-0.0006027188 0.0481832343 0.0008764621
-0.0006716885 0.0481832343 0.0005088852
-0.0007400742 0.0481832343 0.0001103726
-0.0008067957 0.0481832343 -0.0003107762
-0.0008704108 0.0481832343 -0.0007441733
-0.0009278243 0.0481832343 -0.0011784468
-0.000975465 0.0481832343 -0.0016021969
-0.0010116335 0.0481832343 -0.0020049195
-0.0010371992 0.0481832343 -0.0023780357
-0.0010540583 0.0481832343 -0.0027156524
-0.0010635807 0.0481832343 -0.0030147347
-0.001066547 0.0481832343 -0.0032747472
-0.0010641959 0.0481832343 -0.0034970955
-0.0010587818 0.0481832343 -0.0036845715
-0.0010533622 0.0481832343 -0.0038408454
-0.0010512361 0.0481832343 -0.003969926
-0.0010557255 0.0481832343 -0.0040755287
-0.0010713727 0.0481832343 -0.0041599331
-0.0011132908 0.0481832343 -0.0042100098
-0.0011773055 0.0481832343 -0.0041811651
-0.0012368702 0.0481832343 -0.0041168905
-0.0012919529 0.0481832343 -0.0040237486
-0.0013436052 0.0481832343 -0.0039020223
-0.0013907927 0.0481832343 -0.0037489705
-0.0014303538 0.0481832343 -0.0035609697
-0.0014579085 0.0481832343 -0.0033348437
-0.0014694289 0.0481832343 -0.0030686831
-0.0014630174 0.0481832343 -0.002762169
-0.0014392326 0.0481832343 -0.0024166277
-0.0013999573 0.0481832343 -0.0020354351
-0.001346657 0.0481832343 -0.0016245605
-0.0012800634 0.0481832343 -0.001192726
-0.0012018289 0.0481832343 -0.0007507287
-0.0011161591 0.0481832343 -0.0003101078
-0.0010289831 0.0481832343 0.0001180543
-0.0009448659 0.0481832343 0.0005237526
-0.0008648335 0.0481832343 0.0008985225
-0.0007868801 0.0481832343 0.0012360035
-0.0007092709 0.0481832343 0.0015326296
-0.0006321029 0.0481832343 0.0017876587
-0.0005577414 0.0481832343 0.0020030267
-0.0004891928 0.0481832343 0.002182573
-0.0004284302 0.0481832343 0.0023307966
-0.0003773843 0.0481832343 0.002452837
-0.000335745 0.0481832343 0.0025528712
-0.0003017553 0.0481832343 0.0026342311
-0.0003285691 0.0491421314 0.0025151474
-0.0003229388 0.0491421314 0.0025829234
-0.0003364348 0.0491421314 0.002431509
-0.000347478 0.0491421314 0.0023288748
-0.0003630617 0.0491421314 0.0022037817
-0.000384866 0.0491421314 0.0020526438
-0.0004151722 0.0491421314 0.001872019
-0.0004551552 0.0491421314 0.0016585927
-0.0005051203 0.0491421314 0.0014096342
-0.0005633929 0.0491421314 0.0011233074
-0.0006267909 0.0491421314 0.0007993692
-0.0006920536 0.0491421314 0.0004400574
-0.0007570765 0.0491421314 5.0621e-05
-0.0008207533 0.0491421314 -0.0003608591
-0.0008813454 0.0491421314 -0.0007842894
-0.0009354458 0.0491421314 -0.0012086019
-0.0009794414000000001 0.0491421314 -0.0016226545
-0.0010119178 0.0491421314 -0.0020161432
-0.0010341645 0.0491421314 -0.0023806544
-0.0010483876 0.0491421314 -0.0027104296
-0.0010560333 0.0491421314 -0.0030025219
-0.0010577555 0.0491421314 -0.0032564289
-0.0010545706 0.0491421314 -0.003473538
-0.0010485055 0.0491421314 -0.0036565829
-0.0010424377 0.0491421314 -0.003809156
-0.0010395276 0.0491421314 -0.0039351919
-0.0010429812 0.0491421314 -0.0040383659
-0.0010571545 0.0491421314 -0.0041210369
-0.0010970367 0.0491421314 -0.0041709653
-0.0011607228 0.0491421314 -0.0041446594
-0.0012208306 0.0491421314 -0.0040835028
-0.0012759563 0.0491421314 -0.0039932516
-0.0013271083 0.0491421314 -0.0038745953
-0.001373607 0.0491421314 -0.0037251542
-0.0014128239 0.0491421314 -0.0035415589
-0.0014409331 0.0491421314 -0.0033207485
-0.0014541432 0.0491421314 -0.0030607678
-0.0014503174 0.0491421314 -0.0027612246
-0.0014295635 0.0491421314 -0.0024234284
-0.0013935521 0.0491421314 -0.002050722
-0.001343935 0.0491421314 -0.001648936
-0.0012816799 0.0491421314 -0.0012265572
-0.0012082976 0.0491421314 -0.000794142
-0.0011275357 0.0491421314 -0.00036304
-0.0010450212 0.0491421314 5.58598e-05
-0.0009654231 0.0491421314 0.0004528045
-0.0008899877 0.0491421314 0.00081958
-0.0008166503 0.0491421314 0.0011499845
-0.0007433133 0.0491421314 0.0014404688
-0.0006696972 0.0491421314 0.0016901965
-0.0005980535 0.0491421314 0.0019009874
-0.0005315372 0.0491421314 0.0020766154
-0.0004722921 0.0491421314 0.0022215172
-0.0004226251 0.0491421314 0.0023408677
-0.000382312 0.0491421314 0.0024387744
-0.0003494997 0.0491421314 0.0025184419
-0.0003757885 0.0501010286 0.002401185
-0.0003715824 0.0501010286 0.0024674877
-0.0003820078 0.0501010286 0.0023193714
-0.0003911988 0.0501010286 0.0022189867
-0.0004048151 0.0501010286 0.0020966531
-0.0004245299 0.0501010286 0.0019488656
-0.0004525216 0.0501010286 0.0017722503
-0.0004899089 0.0501010286 0.0015635696
-0.0005369418 0.0501010286 0.0013201566
-0.0005919442999999999 0.0501010286 0.0010402279
-0.0006518482 0.0501010286 0.0007235729
-0.0007135852 0.0501010286 0.0003724086
-0.0007752043 0.0501010286 -8.126599999999999e-06
-0.0008355923 0.0501010286 -0.0004101556
-0.0008928436 0.0501010286 -0.0008238486
-0.000943392 0.0501010286 -0.0012384106
-0.0009836666 0.0501010286 -0.0016429426
-0.0010125283 0.0501010286 -0.0020273474
-0.0010316125 0.0501010286 -0.002383385
-0.0010433494 0.0501010286 -0.002705443
-0.0010491941 0.0501010286 -0.0029906631
-0.0010496418 0.0501010286 -0.0032385716
-0.0010454916 0.0501010286 -0.0034505312
-0.0010385832 0.0501010286 -0.0036292141
-0.0010316581 0.0501010286 -0.0037781369
-0.0010277877 0.0501010286 -0.0039011669
-0.0010301006 0.0501010286 -0.0040019434
-0.0010428207 0.0501010286 -0.0040828863
-0.0010808222 0.0501010286 -0.0041324867
-0.0011440493 0.0501010286 -0.0041086729
-0.0012047504 0.0501010286 -0.0040508379
-0.0012601194 0.0501010286 -0.0039636213
-0.0013108447 0.0501010286 -0.0038480268
-0.001356582 0.0501010286 -0.0037021187
-0.001395357 0.0501010286 -0.0035228395
-0.0014239927 0.0501010286 -0.0033072578
-0.0014389816 0.0501010286 -0.0030533763
-0.0014378762 0.0501010286 -0.0027607071
-0.0014202136 0.0501010286 -0.0024305383
-0.0013873588 0.0501010286 -0.0020661957
-0.0013411752 0.0501010286 -0.0016733844
-0.0012830151 0.0501010286 -0.0012603459
-0.001214384 0.0501010286 -0.000837376
-0.0011385717 0.0501010286 -0.0004156308
-0.0010607685 0.0501010286 -5.83e-06
-0.0009856072 0.0501010286 0.0003824902
-0.0009145231 0.0501010286 0.0007413506
-0.0008454941000000001 0.0501010286 0.001064723
-0.0007761877 0.0501010286 0.001349105
-0.0007060324 0.0501010286 0.0015935989
-0.0006371667 0.0501010286 0.0017999193
-0.0005728432 0.0501010286 0.0019717666
-0.0005153319 0.0501010286 0.0021135016
-0.0004672516 0.0501010286 0.0022303003
-0.000428452 0.0501010286 0.0023261957
-0.0003969828 0.0501010286 0.0024042689
-0.0004287578 0.0510599257 0.0022870614
-0.0004259139 0.0510599257 0.0023518301
-0.0004333454 0.0510599257 0.002207129
-0.0004406097 0.0510599257 0.0021090343
-0.00045197 0.0510599257 0.0019894579
-0.0004691658 0.0510599257 0.0018449778
-0.0004945788 0.0510599257 0.0016723282
-0.0005294337 0.0510599257 0.0014683936
-0.0005740567 0.0510599257 0.0012306095
-0.0006266895 0.0510599257 0.0009572362
-0.0006839818 0.0510599257 0.0006480085
-0.0007425176 0.0510599257 0.000305022
-0.0008001119 0.0510599257 -6.67373e-05
-0.0008557213 0.0510599257 -0.0004595567
-0.000907805 0.0510599257 -0.0008637801
-0.000953278 0.0510599257 -0.0012687973
-0.0009889828000000001 0.0510599257 -0.0016639172
-0.0010140427 0.0510599257 -0.002039274
-0.0010301745 0.0510599257 -0.0023868507
-0.0010396921 0.0510599257 -0.0027012052
-0.0010437898 0.0510599257 -0.0029795735
-0.001042659 0.0510599257 -0.0032215004
-0.0010368826 0.0510599257 -0.0034283076
-0.0010282444 0.0510599257 -0.0036025976
-0.0010195244 0.0510599257 -0.0037478222
-0.0010138983 0.0510599257 -0.0038678099
-0.0010145734 0.0510599257 -0.003966182
-0.0010258808 0.0510599257 -0.0040453533
-0.0010627117 0.0510599257 -0.0040939342
-0.001125258 0.0510599257 -0.0040726776
-0.0011871474 0.0510599257 -0.0040193558
-0.0012438797 0.0510599257 -0.0039360656
-0.0012946295 0.0510599257 -0.0038237495
-0.0013393518 0.0510599257 -0.0036813019
-0.0013773366 0.0510599257 -0.0035062711
-0.0014065716 0.0510599257 -0.0032959195
-0.0014240042 0.0510599257 -0.0030481792
-0.00142658 0.0510599257 -0.0027623986
-0.0014126709 0.0510599257 -0.0024398275
-0.0013828909 0.0510599257 -0.0020838454
-0.0013394662 0.0510599257 -0.0017000742
-0.0012848047 0.0510599257 -0.0012964449
-0.0012209894 0.0510599257 -0.0008828988
-0.0011508051 0.0510599257 -0.0004703836
-0.0010783987 0.0510599257 -6.95446e-05
-0.0010077722 0.0510599257 0.0003101818
-0.0009404603000000001 0.0510599257 0.0006610222
-0.0008748867 0.0510599257 0.0009771839
-0.0008089959000000001 0.0510599257 0.0012553164
-0.0007422359 0.0510599257 0.0014945637
-0.0006766364 0.0510599257 0.0016965839
-0.0006153482 0.0510599257 0.0018649606
-0.0005606075 0.0510599257 0.0020039402
-0.0005151129 0.0510599257 0.0021185805
-0.0004787471 0.0510599257 0.0022128171
-0.0004494422 0.0510599257 0.0022896067
-0.0004795832 0.0520188229 0.0021742709
-0.0004780358 0.0520188229 0.0022375102
-0.0004826166 0.0520188229 0.002096213
-0.0004880431 0.0520188229 0.0020003994
-0.0004972504 0.0520188229 0.0018835678
-0.0005120369 0.0520188229 0.0017423768
-0.000534976 0.0520188229 0.0015736608
-0.0005673946999999999 0.0520188229 0.0013744207
-0.0006096919 0.0520188229 0.00114219
-0.0006600283 0.0520188229 0.0008752733
-0.0007147860999999999 0.0520188229 0.0005733599
-0.0007702331 0.0520188229 0.0002384366
-0.0008239498 0.0520188229 -0.0001246557
-0.0008749648 0.0520188229 -0.0005083667
-0.0009220862 0.0520188229 -0.0009032182
-0.0009626896 0.0520188229 -0.0012987902
-0.0009940140999999999 0.0520188229 -0.0016846029
-0.0010154344 0.0520188229 -0.0020510218
-0.0010287415 0.0520188229 -0.0023902503
-0.0010361429 0.0520188229 -0.0026970106
-0.0010385718 0.0520188229 -0.0029686265
-0.0010359412 0.0520188229 -0.0032046575
-0.0010286213 0.0520188229 -0.0034063812
-0.0010183368 0.0520188229 -0.00357633
-0.0010079103 0.0520188229 -0.0037178946
-0.0010006051 0.0520188229 -0.0038348667
-0.0009997201 0.0520188229 -0.0039308512
-0.001009664 0.0520188229 -0.0040082593
-0.0010453377 0.0520188229 -0.0040558276
-0.0011071438 0.0520188229 -0.0040370323
-0.0011700565 0.0520188229 -0.0039880838
-0.0012280055 0.0520188229 -0.0039086359
-0.0012787292 0.0520188229 -0.0037995464
-0.0013224475 0.0520188229 -0.0036604976
-0.001359643 0.0520188229 -0.0034896389
-0.0013894323 0.0520188229 -0.0032844439
-0.0014091671 0.0520188229 -0.0030427756
-0.0014152525 0.0520188229 -0.0027638244
-0.0014049357 0.0520188229 -0.0024487778
-0.0013781076 0.0520188229 -0.0021010532
-0.0013373521 0.0520188229 -0.0017261963
-0.001286071 0.0520188229 -0.0013318545
-0.0012269008 0.0520188229 -0.0009276351
-0.0011621425 0.0520188229 -0.000524272
-0.0010949434 0.0520188229 -0.0001323162
-0.0010287004 0.0520188229 0.0002389061
-0.0009650401000000001 0.0520188229 0.0005818205
-0.0009028148 0.0520188229 0.0008908566
-0.0008402358 0.0520188229 0.0011628074
-0.0007767712 0.0520188229 0.0013968571
-0.000714344 0.0520188229 0.0015946097
-0.0006560076 0.0520188229 0.0017595364
-0.0006039573 0.0520188229 0.0018957684
-0.0005609722 0.0520188229 0.0020082473
-0.000526964 0.0520188229 0.0021008116
-0.0004997535 0.0520188229 0.0021763004
-0.000527998 0.05297772 0.0020674346
-0.0005276771 0.05297772 0.0021292129
-0.0005295615 0.05297772 0.0019911666
-0.0005332498 0.05297772 0.0018975293
-0.0005404218 0.05297772 0.0017833137
-0.0005529309 0.05297772 0.0016452531
-0.0005735308 0.05297772 0.0014802711
-0.0006036465 0.05297772 0.0012854758
-0.0006437467 0.05297772 0.001058492
-0.0006919088 0.05297772 0.0007976671
-0.0007442645 0.05297772 0.0005026544
-0.0007967822 0.05297772 0.0001753449
-0.0008468164 0.05297772 -0.000179553
-0.0008934653 0.05297772 -0.0005546419
-0.0009358692 0.05297772 -0.0009406158
-0.000971843 0.05297772 -0.0013272396
-0.0009990043000000001 0.05297772 -0.0017042369
-0.0010169668 0.05297772 -0.0020621948
-0.001027588 0.05297772 -0.0023935266
-0.0010329736 0.05297772 -0.0026931086
-0.0010338058 0.05297772 -0.0029583429
-0.0010297351 0.05297772 -0.0031887987
-0.0010209331 0.05297772 -0.0033857082
-0.0010090607 0.05297772 -0.0035515365
-0.0009969894999999999 0.05297772 -0.003689619
-0.0009880577999999999 0.05297772 -0.0038037151
-0.0009856554999999999 0.05297772 -0.0038974165
-0.0009942629 0.05297772 -0.0039731318
-0.0010287906 0.05297772 -0.0040197284
-0.0010898258 0.05297772 -0.0040032726
-0.0011536433 0.05297772 -0.0039585072
-0.00121271 0.05297772 -0.0038827326
-0.0012633942 0.05297772 -0.0037767044
-0.0013061517 0.05297772 -0.0036408553
-0.0013425952 0.05297772 -0.0034739276
-0.001372908 0.05297772 -0.0032736113
-0.0013948344 0.05297772 -0.0030377106
-0.0014042676 0.05297772 -0.0027652532
-0.0013973783 0.05297772 -0.0024573472
-0.0013733731 0.05297772 -0.0021174366
-0.0013351695 0.05297772 -0.0017510008
-0.001287117 0.05297772 -0.0013654378
-0.0012323813 0.05297772 -0.0009700491
-0.0011728028 0.05297772 -0.0005753608
-0.0011105729 0.05297772 -0.0001918224
-0.0010485101 0.05297772 0.0001713513
-0.0009883283 0.05297772 0.0005067712
-0.0009292911 0.05297772 0.0008090707
-0.0008698671 0.05297772 0.0010751753
-0.0008095492 0.05297772 0.0013043093
-0.0007501554 0.05297772 0.0014980251
-0.0006946474 0.05297772 0.0016596883
-0.000645176 0.05297772 0.0017933196
-0.0006046003000000001 0.05297772 0.0019037493
-0.0005728548 0.05297772 0.0019947227
-0.0005476557 0.05297772 0.0020689714
-0.0005733706 0.0539366171 0.0019711456
-0.0005741852 0.0539366171 0.0020315944
-0.0005735727 0.0539366171 0.0018965045
-0.0005756506 0.0539366171 0.0018048434
-0.0005809361 0.0539366171 0.0016929993
-0.0005913347 0.0539366171 0.001557771
-0.0006097673 0.0539366171 0.0013961568
-0.0006377532 0.0539366171 0.0012053589
-0.0006758287 0.0539366171 0.0009830844999999999
-0.0007219863 0.0539366171 0.0007277212
-0.000772131 0.0539366171 0.0004388957
-0.0008219355 0.0539366171 0.0001184173
-0.0008685455 0.0539366171 -0.00022912
-0.0009111211 0.0539366171 -0.0005964555
-0.0009491154 0.0539366171 -0.0009744402
-0.0009807613 0.0539366171 -0.0013530072
-0.0010040339 0.0539366171 -0.0017220656
-0.0010187658 0.0539366171 -0.0020724048
-0.0010268685 0.0539366171 -0.0023966297
-0.0010303419 0.0539366171 -0.0026897554
-0.0010296426 0.0539366171 -0.0029492505
-0.0010241751 0.0539366171 -0.0031746861
-0.0010139429 0.0539366171 -0.0033672516
-0.0010005404 0.0539366171 -0.0035293509
-0.0009868940999999999 0.0539366171 -0.0036642727
-0.0009764064 0.0539366171 -0.0037757488
-0.0009725406999999999 0.0539366171 -0.0038673597
-0.0009798634 0.0539366171 -0.0039415103
-0.0010132879 0.0539366171 -0.0039871889
-0.0010735384 0.0539366171 -0.0039728805
-0.0011381333 0.0539366171 -0.0039319849
-0.0011982134 0.0539366171 -0.0038595911
-0.0012488672 0.0539366171 -0.00375634
-0.0012907557 0.0539366171 -0.0036233619
-0.0013265397 0.0539366171 -0.0034599675
-0.0013573565 0.0539366171 -0.0032640511
-0.0013813579 0.0539366171 -0.0030333792
-0.0013939336 0.0539366171 -0.0027668076
-0.0013902619 0.0539366171 -0.0024653535
-0.0013689334 0.0539366171 -0.0021324801
-0.0013331488 0.0539366171 -0.0017736115
-0.001288148 0.0539366171 -0.0013959383
-0.001237587 0.0539366171 -0.0010084951
-0.0011828742 0.0539366171 -0.0006216167
-0.001125307 0.0539366171 -0.0002456527
-0.0010671596 0.0539366171 0.0001102851
-0.0010102251 0.0539366171 0.0004389713
-0.000954152 0.0539366171 0.0007352187
-0.000897654 0.0539366171 0.0009960709
-0.000840261 0.0539366171 0.0012207927
-0.000783691 0.0539366171 0.0014108887
-0.0007308246 0.0539366171 0.0015696299
-0.0006837677 0.0539366171 0.0017009358
-0.0006454543000000001 0.0539366171 0.0018095336
-0.0006158342 0.0539366171 0.0018990827
-0.000592527 0.0539366171 0.0019722206
-0.0005909357 0.0548955143 0.0018842068
-0.0005917107 0.0548955143 0.0019434733
-0.0005910659 0.0548955143 0.0018110185
-0.0005928726 0.0548955143 0.0017211306
-0.0005975089 0.0548955143 0.0016114355
-0.0006068176 0.0548955143 0.0014787807
-0.0006237711 0.0548955143 0.0013201984
-0.0006499749 0.0548955143 0.0011329552
-0.0006861164 0.0548955143 0.000914828
-0.0007303695 0.0548955143 0.0006642781
-0.0007786914 0.0548955143 0.0003809535
-0.0008266502999999999 0.0548955143 6.66055e-05
-0.0008711707 0.0548955143 -0.0002742931
-0.0009113313 0.0548955143 -0.0006346251999999999
-0.0009468191 0.0548955143 -0.0010053904
-0.0009762935 0.0548955143 -0.0013766828
-0.0009979695 0.0548955143 -0.0017385984
-0.0010115061 0.0548955143 -0.0020821264
-0.0010184164 0.0548955143 -0.002400038
-0.0010204609 0.0548955143 -0.0026874426
-0.0010182542 0.0548955143 -0.0029418496
-0.0010115653 0.0548955143 -0.0031628361
-0.0010007533 0.0548955143 -0.0033515952
-0.0009875328 0.0548955143 -0.0035105228
-0.0009747435 0.0548955143 -0.0036428594
-0.0009656189 0.0548955143 -0.0037522353
-0.0009634604 0.0548955143 -0.0038420672
-0.0009727486 0.0548955143 -0.0039144449
-0.0010074461 0.0548955143 -0.0039578153
-0.0010661078 0.0548955143 -0.0039424416
-0.0011276195 0.0548955143 -0.0039001366
-0.0011850557 0.0548955143 -0.0038281321
-0.0012347013 0.0548955143 -0.0037269641
-0.001276948 0.0548955143 -0.0035970922
-0.0013134779 0.0548955143 -0.0034373796
-0.001344551 0.0548955143 -0.0032456088
-0.0013680297 0.0548955143 -0.0030196491
-0.0013799019 0.0548955143 -0.0027585095
-0.0013764255 0.0548955143 -0.0024632088
-0.0013568702 0.0548955143 -0.002137045
-0.0013241839 0.0548955143 -0.0017852894
-0.0012826905 0.0548955143 -0.0014150459
-0.0012353675 0.0548955143 -0.0010352415
-0.0011836264 0.0548955143 -0.0006560085
-0.0011290539 0.0548955143 -0.0002874507
-0.0010739109 0.0548955143 6.15064e-05
-0.0010196354 0.0548955143 0.0003837345
-0.0009655701 0.0548955143 0.0006740955000000001
-0.0009104591 0.0548955143 0.0009296718
-0.0008540821 0.0548955143 0.0011497628
-0.0007983939 0.0548955143 0.0013358956
-0.0007463513 0.0548955143 0.0014913149
-0.0007000556 0.0548955143 0.0016198764
-0.0006623065 0.0548955143 0.0017261893
-0.0006330244 0.0548955143 0.0018138272
-0.000609926 0.0548955143 0.0018853888
-0.0006074372 0.0558544114 0.0018064216
-0.0006081602 0.0558544114 0.0018646308
-0.0006075161 0.0558544114 0.0017345328
-0.0006090848 0.0558544114 0.0016462313
-0.0006131269 0.0558544114 0.0015384593
-0.0006214257 0.0558544114 0.0014081071
-0.000637001 0.0558544114 0.0012522333
-0.0006615425000000001 0.0558544114 0.0010681614
-0.000695883 0.0558544114 0.000853731
-0.0007383671 0.0558544114 0.0006074717
-0.0007850041 0.0558544114 0.0003290529
-0.0008312592 0.0558544114 2.01743e-05
-0.0008738391 0.0558544114 -0.000314801
-0.0009117416 0.0558544114 -0.0006688833
-0.0009448779 0.0558544114 -0.0010332046
-0.0009723187 0.0558544114 -0.0013980014
-0.0009925094000000001 0.0558544114 -0.0017535372
-0.0010049347 0.0558544114 -0.0020909824
-0.0010107171 0.0558544114 -0.0024032519
-0.0010113889 0.0558544114 -0.0026855423
-0.0010077064 0.0558544114 -0.0029353962
-0.0009998163 0.0558544114 -0.0031523999
-0.0009884136 0.0558544114 -0.0033377525
-0.0009753367 0.0558544114 -0.0034938459
-0.0009633383 0.0558544114 -0.0036238773
-0.000955483 0.0558544114 -0.0037313796
-0.0009549205 0.0558544114 -0.0038196091
-0.0009660568999999999 0.0558544114 -0.0038903534
-0.001001963 0.0558544114 -0.0039315344
-0.0010591101 0.0558544114 -0.0039150764
-0.0011176918 0.0558544114 -0.0038713121
-0.0011726225 0.0558544114 -0.0037995593
-0.0012213345 0.0558544114 -0.0037002496
-0.0012639633 0.0558544114 -0.003573196
-0.0013012479 0.0558544114 -0.0034168202
-0.0013325893 0.0558544114 -0.0032287855
-0.0013555768 0.0558544114 -0.0030070575
-0.0013667709 0.0558544114 -0.0027507951
-0.0013634698 0.0558544114 -0.0024610225
-0.0013456105 0.0558544114 -0.0021408879
-0.0013158828 0.0558544114 -0.0017955187
-0.0012777315 0.0558544114 -0.0014319425
-0.0012334786 0.0558544114 -0.0010589922
-0.0011845416 0.0558544114 -0.0006866189
-0.0011327904 0.0558544114 -0.0003247047
-0.001080476 0.0558544114 1.79922e-05
-0.0010286946 0.0558544114 0.0003344284
-0.0009764929 0.0558544114 0.0006195077
-0.0009226461 0.0558544114 0.0008703464
-0.0008671816 0.0558544114 0.0010862771
-0.000812284 0.0558544114 0.001268849
-0.0007609864 0.0558544114 0.0014212846
-0.0007153857 0.0558544114 0.0015473826
-0.0006781529 0.0558544114 0.0016516436
-0.0006491758 0.0558544114 0.0017375631
-0.0006262641 0.0558544114 0.0018077068
-0.0006229464 0.0568133086 0.0017377962
-0.0006236032 0.0568133086 0.0017950727
-0.0006229961 0.0568133086 0.0016670539
-0.0006243615 0.0568133086 0.0015801525
-0.0006278649 0.0568133086 0.001474078
-0.0006352328 0.0568133086 0.0013457578
-0.0006495296 0.0568133086 0.0011922692
-0.0006725269 0.0568133086 0.001010985
-0.0007051966 0.0568133086 0.0007998008
-0.0007460437 0.0568133086 0.0005573087
-0.0007911288 0.0568133086 0.0002831997
-0.0008358144 0.0568133086 -2.08717e-05
-0.0008765941 0.0568133086 -0.00035064
-0.0009123854 0.0568133086 -0.0006992275
-0.0009433143 0.0568133086 -0.0010578816
-0.0009688486 0.0568133086 -0.001416963
-0.0009876541 0.0568133086 -0.0017668829
-0.0009990432999999999 0.0568133086 -0.0020989731
-0.0010037554 0.0568133086 -0.0024062728
-0.0010031037 0.0568133086 -0.0026840559
-0.0009979759 0.0568133086 -0.0029298923
-0.0009888984999999999 0.0568133086 -0.0031433794
-0.0009768888 0.0568133086 -0.0033257245
-0.0009639107 0.0568133086 -0.0034793197
-0.0009526338 0.0568133086 -0.0036073245
-0.000945956 0.0568133086 -0.0037131794
-0.0009468853 0.0568133086 -0.0037999855
-0.0009597622 0.0568133086 -0.0038692396
-0.0009968153 0.0568133086 -0.0039083484
-0.0010525104 0.0568133086 -0.0038907855
-0.001108299 0.0568133086 -0.0038455047
-0.0011608495 0.0568133086 -0.0037738609
-0.0012086981 0.0568133086 -0.0036761858
-0.0012517336 0.0568133086 -0.0035516636
-0.0012897848 0.0568133086 -0.0033982806
-0.0013214113 0.0568133086 -0.0032135733
-0.0013439427 0.0568133086 -0.0029955979
-0.0013544868 0.0568133086 -0.0027436585
-0.0013513465 0.0568133086 -0.0024587899
-0.0013351121 0.0568133086 -0.0021440042
-0.0013082156 0.0568133086 -0.0018042949
-0.0012732543 0.0568133086 -0.0014466232
-0.0012319164 0.0568133086 -0.0010797418
-0.0011856281 0.0568133086 -0.0007134421
-0.0011365367 0.0568133086 -0.0003574083
-0.0010868852 0.0568133086 -2.02507e-05
-0.0010374405 0.0568133086 0.0002910603
-0.0009869642 0.0568133086 0.000571463
-0.0009342636000000001 0.0568133086 0.0008181025
-0.0008796123 0.0568133086 0.0010303433
-0.0008254182 0.0568133086 0.0012097564
-0.0007747914 0.0568133086 0.0013595464
-0.0007298234 0.0568133086 0.0014834612
-0.0006930613 0.0568133086 0.0015859034
-0.0006643576 0.0568133086 0.0016702971
-0.000641611 0.0568133086 0.0017391806
-0.0006375346 0.0577722057 0.0016783369
-0.0006381096 0.0577722057 0.0017348046
-0.0006375791999999999 0.0577722057 0.0016085887
-0.0006387771999999999 0.0577722057 0.0015229012
-0.0006417973 0.0577722057 0.0014182991
-0.0006483126000000001 0.0577722057 0.0012917405
-0.0006614299 0.0577722057 0.0011403141
-0.000682999 0.0577722057 0.0009614338
-0.0007141256 0.0577722057 0.0007530446
-0.0007534643 0.0577722057 0.0005137956
-0.0007971251 0.0577722057 0.0002433999
-0.0008403685 0.0577722057 -5.65277e-05
-0.000879479 0.0577722057 -0.0003818065
-0.0009132958 0.0577722057 -0.0007256556
-0.0009421508000000001 0.0577722057 -0.0010794204
-0.0009658946 0.0577722057 -0.0014335676
-0.0009834045 0.0577722057 -0.0017786362
-0.0009938235 0.0577722057 -0.0021060986
-0.0009975159999999999 0.0577722057 -0.0024091022
-0.0009955833000000001 0.0577722057 -0.0026829851
-0.0009890394000000001 0.0577722057 -0.0029253402
-0.0009787820999999999 0.0577722057 -0.0031357763
-0.0009661436999999999 0.0577722057 -0.0033155121
-0.0009532137 0.0577722057 -0.0034669437
-0.0009425852 0.0577722057 -0.0035931989
-0.0009369951 0.0577722057 -0.0036976321
-0.0009393192000000001 0.0577722057 -0.0037831965
-0.0009538384 0.0577722057 -0.0038511077
-0.0009919798000000001 0.0577722057 -0.003888259
-0.0010462739 0.0577722057 -0.0038695699
-0.0010993899 0.0577722057 -0.0038227078
-0.0011496721 0.0577722057 -0.0037510252
-0.0011967232 0.0577722057 -0.0036547617
-0.0012401909 0.0577722057 -0.0035324851
-0.0012790237 0.0577722057 -0.0033817517
-0.0013109574 0.0577722057 -0.0031999643
-0.0013330707 0.0577722057 -0.0029852634
-0.0013429958 0.0577722057 -0.0027370939
-0.0013400076 0.0577722057 -0.0024565064
-0.0013253331 0.0577722057 -0.0021463896
-0.0013011525 0.0577722057 -0.0018116135
-0.001269242 0.0577722057 -0.001459083
-0.0012306771 0.0577722057 -0.001097485
-0.0011868944 0.0577722057 -0.0007364723000000001
-0.0011403126 0.0577722057 -0.0003855552
-0.0010931689 0.0577722057 -5.32152e-05
-0.0010459113 0.0577722057 0.0002536376
-0.0009970277 0.0577722057 0.0005299689
-0.0009453603 0.0577722057 0.0007729479
-0.000891427 0.0577722057 0.0009819693
-0.0008378535 0.0577722057 0.0011586249
-0.000787828 0.0577722057 0.0013061074
-0.0007434342 0.0577722057 0.0014281195
-0.0007070995 0.0577722057 0.0015289755
-0.0006786391 0.0577722057 0.0016120356
-0.0006560363 0.0577722057 0.0016798164
-0.0006512734 0.0587311029 0.0016280498
-0.0006517492 0.0587311029 0.0016838324
-0.0006513382 0.0587311029 0.0015591436
-0.000652406 0.0587311029 0.0014744844
-0.0006549989 0.0587311029 0.0013711302
-0.0006607388 0.0587311029 0.001246063
-0.0006727743 0.0587311029 0.0010963756
-0.0006930295 0.0587311029 0.0009195155
-0.0007227384 0.0587311029 0.0007134697
-0.0007606935 0.0587311029 0.0004769393
-0.0008030526000000001 0.0587311029 0.0002096592
-0.0008449736 0.0587311029 -8.67888e-05
-0.0008825373 0.0587311029 -0.000408297
-0.0009145061 0.0587311029 -0.0007481653
-0.0009414099 0.0587311029 -0.0010978198
-0.000963468 0.0587311029 -0.0014478152
-0.0009797609 0.0587311029 -0.0017887981
-0.0009892669 0.0587311029 -0.0021123595
-0.0009919836000000001 0.0587311029 -0.0024117413
-0.0009888057 0.0587311029 -0.0026823314
-0.0009808735999999999 0.0587311029 -0.002921742
-0.0009694373 0.0587311029 -0.0031295926
-0.0009561433 0.0587311029 -0.0033071162
-0.0009432043 0.0587311029 -0.0034567175
-0.0009331477 0.0587311029 -0.0035814984
-0.0009285576 0.0587311029 -0.0036847355
-0.0009321864999999999 0.0587311029 -0.0037692424
-0.0009482593 0.0587311029 -0.0038359614
-0.0009874332999999999 0.0587311029 -0.0038712683
-0.0010403656 0.0587311029 -0.0038514303
-0.0010909134 0.0587311029 -0.0038029149
-0.0011390258 0.0587311029 -0.0037310404
-0.0011853409 0.0587311029 -0.0036359665
-0.0012292675 0.0587311029 -0.0035156506
-0.0012688997 0.0587311029 -0.0033672246
-0.0013011676 0.0587311029 -0.0031879507
-0.0013229042 0.0587311029 -0.0029760474
-0.0013322442 0.0587311029 -0.0027310955
-0.0013294047 0.0587311029 -0.0024541673
-0.0013162312 0.0587311029 -0.0021480398
-0.0012946638 0.0587311029 -0.00181747
-0.0012656778 0.0587311029 -0.0014693171
-0.0012297565 0.0587311029 -0.0011122165
-0.0011883487 0.0587311029 -0.0007557038
-0.0011441381 0.0587311029 -0.000409139
-0.0010993575 0.0587311029 -8.08943e-05
-0.0010541449 0.0587311029 0.0002221678
-0.0010067274 0.0587311029 0.0004950329
-0.0009559851000000001 0.0587311029 0.0007348904
-0.0009026786 0.0587311029 0.0009411627
-0.000849647 0.0587311029 0.0011154619
-0.0008001579 0.0587311029 0.0012609749
-0.0007562832 0.0587311029 0.0013813644
-0.0007203354 0.0587311029 0.0014808666
-0.0006920893 0.0587311029 0.0015627851
-0.0006696097 0.0587311029 0.0016296204
-0.0006642341 0.05969 0.0015869411
-0.0006645915 0.05969 0.001642162
-0.0006643462 0.05969 0.0015187253
-0.0006653224 0.05969 0.0014349092
-0.0006675444 0.05969 0.0013325787
-0.0006725854 0.05969 0.001208733
-0.0006836358 0.05969 0.0010604616
-0.0007026893 0.05969 0.0008852377
-0.0007311032000000001 0.05969 0.0006810833
-0.0007677963000000001 0.05969 0.0004467463
-0.0008089707 0.05969 0.0001819835
-0.0008496822 0.05969 -0.0001116503
-0.0008858124 0.05969 -0.0004301079
-0.0009160496 0.05969 -0.0007667541
-0.0009411141 0.05969 -0.0011130788
-0.0009615804 0.05969 -0.0014597057
-0.0009767242000000001 0.05969 -0.0017973693
-0.0009853652000000001 0.05969 -0.0021177559
-0.0009871429 0.05969 -0.0024141915
-0.0009827487999999999 0.05969 -0.0026820965
-0.0009734553 0.05969 -0.0029190997
-0.0009608345 0.05969 -0.00312483
-0.0009468526 0.05969 -0.0033005378
-0.0009338412 0.05969 -0.0034486404
-0.0009242765 0.05969 -0.003572221
-0.0009206009 0.05969 -0.0036744871
-0.0009254517 0.05969 -0.0037581231
-0.0009429989 0.05969 -0.0038238047
-0.0009831524999999999 0.05969 -0.0038573782
-0.0010347509 0.05969 -0.0038363674
-0.0010828185 0.05969 -0.0037861193
-0.0011288461 0.05969 -0.0037138947
-0.0011744824 0.05969 -0.0036197892
-0.0012188954 0.05969 -0.0035011503
-0.0012593479 0.05969 -0.0033546904
-0.0012919821 0.05969 -0.0031775248
-0.0013133865 0.05969 -0.0029679432
-0.001322178 0.05969 -0.0027256573
-0.0013194895 0.05969 -0.0024517681
-0.0013077646 0.05969 -0.0021489502
-0.0012887197 0.05969 -0.0018218599
-0.001262545 0.05969 -0.0014773206
-0.0012291509 0.05969 -0.0011239309
-0.0011899995 0.05969 -0.0007711306
-0.001148033 0.05969 -0.0004281534
-0.0011054813 0.05969 -0.0001032811
-0.0010621793 0.05969 0.0001966581
-0.0010161069 0.05969 0.0004666627
-0.0009661867 0.05969 0.0007039378999999999
-0.0009134199 0.05969 0.0009079312
-0.0008608557 0.05969 0.0010802745
-0.0008118427 0.05969 0.001224156
-0.0007684360000000001 0.05969 0.0013432029
-0.0007328366 0.05969 0.0014415835
-0.0007047775 0.05969 0.0015225521
-0.0006824009 0.05969 0.0015885987
-0.0006669804 0.0596964424 0.0015869413
-0.000670458 0.0597043423 0.0015187524
-0.000675526 0.059713959 0.0014350115
-0.0006827796 0.059725829 0.0013328618
-0.0006935836 0.05973949 0.0012092907
-0.0007103046999999999 0.0597530076 0.0010612848
-0.0007343255 0.0597649194 0.0008862104
-0.0007663033 0.0597735246 0.0006819655
-0.0008048754 0.0597781168 0.0004472521
-0.000846671 0.0597797165 0.0001818968
-0.0008876423 0.0597805061 -0.0001124353
-0.0009245732 0.0597827002 -0.00043161
-0.0009563627 0.0597868354 -0.0007689636
-0.0009833004 0.0597918549 -0.0011159921
-0.0010054634 0.059796485 -0.0014633269
-0.0010220404 0.0598004493 -0.0018016884
-0.0010320439 0.0598042206 -0.0021227372
-0.0010351333 0.0598079101 -0.0024197867
-0.0010316432 0.0598106947 -0.0026882549
-0.0010223102 0.0598112209 -0.0029257472
-0.0010083254 0.0598084343 -0.0031318095
-0.0009915947 0.0598020279 -0.0033075699
-0.0009746235 0.0597923402 -0.003455352
-0.0009600934 0.0597798785 -0.0035782148
-0.000950475 0.0597647857 -0.0036793825
-0.0009481085 0.0597464314 -0.0037615401
-0.0009562658 0.0597227208 -0.0038252473
-0.0010211225 0.0597227204 -0.0038340994
-0.0010593101 0.05974643 -0.003781231
-0.0010975917 0.0597647832 -0.0037070766
-0.0011368637 0.0597798758 -0.0036116455
-0.0011760669 0.0597923378 -0.0034922681
-0.0012124755 0.059802026 -0.0033456477
-0.0012423736 0.0598084327 -0.0031688549
-0.0012624755 0.0598112192 -0.0029600678
-0.0012713396 0.059810693 -0.0027188463
-0.001269767 0.0598079088 -0.0024461637
-0.0012596874 0.0598042201 -0.0021446243
-0.0012424342 0.0598004497 -0.0018188574
-0.0012181581 0.0597964861 -0.0014756537
-0.0011869099 0.0597918562 -0.0011235554
-0.0011500371 0.0597868369 -0.0007719659
-0.0011099812 0.0597827016 -0.0004301506
-0.0010685481 0.0597805073 -0.0001064507
-0.0010257778 0.0597797175 0.0001923316
-0.0009805253 0.0597781176 0.0004613836
-0.0009325779 0.0597735252 0.0006981617
-0.0008833462 0.0597649199 0.0009022792
-0.0008356043 0.0597530079 0.001075306
-0.0007920296 0.0597394903 0.0012202016
-0.0007540994 0.0597258292 0.0013403766
-0.0007232512 0.0597139591 0.0014397319
-0.000699039 0.0597043423 0.0015214586
-0.0006798228 0.0596964424 0.0015881135
-0.0006734365 0.0596991127 0.0015874269
-0.0006848259 0.0597102868 0.0015198844
-0.0006995167 0.0597238892 0.0014370092
-0.0007186258 0.0597406791 0.0013360921
-0.0007430523 0.059760003 0.0012140422
-0.0007732483 0.0597791254 0.0010674363
-0.0008091597 0.0597959784 0.0008932749
-0.0008497705 0.0598081551 0.0006890491
-0.0008930107 0.0598146538 0.0004533283
-0.0009364936 0.059816916 0.0001861993
-0.0009783081 0.0598180289 -0.0001102627
-0.0010174241 0.0598211278 -0.0004316056
-0.0010532726 0.0598269738 -0.0007710958
-0.0010850938 0.0598340705 -0.0011202997
-0.0011117064 0.0598406125 -0.0014698952
-0.0011320365 0.0598462071 -0.0018105457
-0.001145576 0.0598515277 -0.0021338165
-0.0011520915 0.0598567402 -0.0024329733
-0.0011510888 0.0598606848 -0.0027034155
-0.0011419669 0.0598614425 -0.0029426531
-0.0011249108 0.0598575116 -0.003149982
-0.0011015937 0.0598484516 -0.0033261922
-0.0010749213 0.0598347434 -0.0034733603
-0.0010481053 0.059817112 -0.0035944848
-0.0010237475 0.0597957656 -0.0036928312
-0.0010035329 0.0597698124 -0.0037710807
-0.0009886192999999999 0.0597362814 -0.0038295024
0.0018070245 -0.00599176 -0.0049649862
0.0017707427 -0.00599176 -0.0048692372
0.0017896289 -0.00599176 -0.0048632712
0.0017251193 -0.00599176 -0.004752353
0.0017682582 -0.00599176 -0.0047383291
0.0016678456 -0.00599176 -0.0046108535
0.0017421797 -0.00599176 -0.0045858873
0.0015958248 -0.00599176 -0.0044423652
0.0017111416 -0.00599176 -0.0044019767
0.0015063148 -0.00599176 -0.0042418073
0.0016734129 -0.00599176 -0.0041810326
0.0013975583 -0.00599176 -0.0039969628
0.0016225273 -0.00599176 -0.0039136471
0.0012666728 -0.00599176 -0.0036995515
0.0015522612 -0.00599176 -0.0035931757
0.0011122036 -0.00599176 -0.0033398146
0.0014538436 -0.00599176 -0.0032134707
0.0009345198 -0.00599176 -0.0029134877
0.0013199716 -0.00599176 -0.002773474
0.0007344127 -0.00599176 -0.0024241681
0.0011487696 -0.00599176 -0.0022774404
0.0005127496 -0.00599176 -0.0018801643
0.0009453967 -0.00599176 -0.0017316088
0.0002728067 -0.00599176 -0.0012915335
0.0007205359 -0.00599176 -0.0011429047
2.19447e-05 -0.00599176 -0.0006698229
0.0004849693 -0.00599176 -0.0005214191
-0.0002313889 -0.00599176 -2.91161e-05
0.0002439823 -0.00599176 0.0001176226
-2.0752e-06 -0.00599176 0.0007549814
-0.000480777 -0.00599176 0.0006134769
-0.0002503348 -0.00599176 0.0013716415
-0.0007205087 -0.00599176 0.0012397472
-0.0004906974 -0.00599176 0.0019534985
-0.0009428105 -0.00599176 0.0018343625
-0.0007100368 -0.00599176 0.0024920181
-0.0011388402 -0.00599176 0.0023866837
-0.0009005705 -0.00599176 0.0029810363
-0.0013033298 -0.00599176 0.0028891896
-0.0010639928 -0.00599176 0.0034147538
-0.0014377436 -0.00599176 0.0033360047
-0.0012079467 -0.00599176 0.0037887405
-0.0015481505 -0.00599176 0.0037233645
-0.0013388532 -0.00599176 0.0041016494
-0.001639855 -0.00599176 0.004050563
-0.0014576598 -0.00599176 0.0043560864
-0.001713901 -0.00599176 0.0043201369
-0.0015609342 -0.00599176 0.0045580856
-0.0017677338 -0.00599176 0.0045368387
-0.0016451513 -0.00599176 0.0047151587
-0.0017992455 -0.00599176 0.0047058064
-0.001710172 -0.00599176 0.0048341791
-0.0018105727 -0.00599176 0.0048314812
-0.0017603117 -0.00599176 0.0049207307
-0.0018091139 -0.00599176 0.0049189186
-0.0018070245 -0.00599176 0.0049649862
-0.0018579162 -0.00599176 0.0049171065
-0.0019109733 -0.00599176 0.0048287832
-0.0019533398 -0.00599176 0.004696454
-0.0019745334 -0.00599176 0.0045155918
-0.0019701422 -0.00599176 0.0042841875
-0.0019408568 -0.00599176 0.0039994766
-0.0018883543 -0.00599176 0.0036579885
-0.0018114943 -0.00599176 0.0032572556
-0.0017060892 -0.00599176 0.0027973429
-0.0015676436 -0.00599176 0.0022813494
-0.0013949236 -0.00599176 0.0017152265
-0.0011906825 -0.00599176 0.0011078528
-0.0009594788 -0.00599176 0.0004719724
-0.00070676 -0.00599176 -0.0001758549
-0.00044108 -0.00599176 -0.0008182266
-0.0001749226 -0.00599176 -0.0014401623
8.01026e-05 -0.00599176 -0.0020287197
0.0003200558 -0.00599176 -0.0025708958
0.0005490679 -0.00599176 -0.0030535014
0.0007705636 -0.00599176 -0.0034661585
0.0009810845000000001 -0.00599176 -0.0038059273
0.0011725894 -0.00599176 -0.0040802784
0.0013392168 -0.00599176 -0.0043025819
0.0014805081 -0.00599176 -0.0044827536
0.0015935116 -0.00599176 -0.0046358197
0.0016819805 -0.00599176 -0.0047663769
0.0017518565 -0.00599176 -0.0048752032
0.0018085151 -0.00599176 -0.0048573052
0.0018113971 -0.00599176 -0.0047243052
0.0018165137 -0.00599176 -0.0045609211
0.0018264583 -0.00599176 -0.0043615883
0.0018405109 -0.00599176 -0.004120258
0.0018474962 -0.00599176 -0.0038303315
0.0018378495 -0.00599176 -0.0034867999
0.0017954836 -0.00599176 -0.0030871269
0.0017054234 -0.00599176 -0.0026334602
0.0015631265 -0.00599176 -0.0021307128
0.0013780437 -0.00599176 -0.0015830534
0.0011682651 -0.00599176 -0.0009942759000000001
0.0009479939 -0.00599176 -0.0003730154
0.0007193535 -0.00599176 0.0002643614
0.0004766266 -0.00599176 0.0008964858
0.0002198391 -0.00599176 0.0015035359
-3.85843e-05 -0.00599176 0.0020726345
-0.0002812334 -0.00599176 0.0025973524
-0.0004978110999999999 -0.00599176 0.0030728829
-0.000690242 -0.00599176 0.0034935028
-0.0008677429 -0.00599176 0.0038541166
-0.0010378514 -0.00599176 0.0041527359
-0.0012014186 -0.00599176 0.0043920358
-0.0013541346 -0.00599176 0.0045793326
-0.001491057 -0.00599176 0.0047245111
-0.0016097713 -0.00599176 0.004836877
-0.0017115094 -0.00599176 0.0049225429
-0.0019067184 -0.00599176 0.0049152944
-0.002011374 -0.00599176 0.0048260853
-0.002107434 -0.00599176 0.0046871017
-0.002181333 -0.00599176 0.0044943448
-0.0022263834 -0.00599176 0.004248238
-0.0022418586 -0.00599176 0.0039483902
-0.0022285581 -0.00599176 0.0035926125
-0.0021852451 -0.00599176 0.0031785065
-0.0021088485 -0.00599176 0.0027054963
-0.001996447 -0.00599176 0.002176015
-0.0018470367 -0.00599176 0.0015960904
-0.0016608564 -0.00599176 0.0009759584
-0.0014381806 -0.00599176 0.0003304679
-0.0011821312 -0.00599176 -0.0003225936
-0.0009041046 -0.00599176 -0.0009666304
-0.0006226517999999999 -0.00599176 -0.001588791
-0.0003525445 -0.00599176 -0.0021772752
-9.43011e-05 -0.00599176 -0.0027176235
0.0001636161 -0.00599176 -0.0031935152
0.0004289235 -0.00599176 -0.0035925023
0.0006954961 -0.00599176 -0.0039123031
0.0009476204 -0.00599176 -0.004163594
0.0011721187 -0.00599176 -0.0043633565
0.0013651913 -0.00599176 -0.0045231421
0.0015191775 -0.00599176 -0.0046607859
0.0016388416 -0.00599176 -0.0047804008
0.0017329703 -0.00599176 -0.0048811692
0.0020359228 -0.0069506572 -0.0056473894
0.0020298706 -0.0069506572 -0.0055314178
0.002024124 -0.0069506572 -0.0053880588
0.002019681 -0.0069506572 -0.0052117692
0.0020199855 -0.0069506572 -0.0049963268
0.0020235658 -0.0069506572 -0.0047352828
0.0020170496 -0.0069506572 -0.0044220383
0.0019895819 -0.0069506572 -0.0040515767
0.001924228 -0.0069506572 -0.0036216353
0.0018069329 -0.0069506572 -0.0031344364
0.0016356853 -0.0069506572 -0.0025940805
0.0014222784 -0.0069506572 -0.0020037486
0.0011860917 -0.0069506572 -0.0013671472
0.0009410544 -0.0069506572 -0.0006941728
0.0006887568 -0.0069506572 -2.9707e-06
0.000424199 -0.0069506572 0.0006836771
0.0001492741 -0.0069506572 0.0013450926
-0.000122177 -0.0069506572 0.0019675164
-0.0003727923 -0.0069506572 0.0025431401
-0.0005933766 -0.0069506572 0.003065722
-0.0007869363 -0.0069506572 0.0035287688
-0.000963206 -0.0069506572 0.0039272232
-0.0011300714 -0.0069506572 0.0042595721
-0.0012891016 -0.0069506572 0.0045288681
-0.0014369639 -0.0069506572 0.0047424826
-0.0015696214 -0.0069506572 0.0049100621
-0.0016852591 -0.0069506572 0.0050407404
-0.0017856453 -0.0069506572 0.0051406347
-0.0018833239 -0.0069506572 0.005192454
-0.0019885349 -0.0069506572 0.0051373934
-0.0020966555 -0.0069506572 0.0050374213
-0.0021937388 -0.0069506572 0.004883919
-0.0022672494 -0.0069506572 0.0046736685
-0.0023103977 -0.0069506572 0.0044065069
-0.0023212097 -0.0069506572 0.0040814822
-0.0022991104 -0.0069506572 0.0036962105
-0.0022427525 -0.0069506572 0.0032482763
-0.0021501067 -0.0069506572 0.0027369045
-0.0020197754 -0.0069506572 0.0021642706
-0.0018514036 -0.0069506572 0.0015365568
-0.0016447834 -0.0069506572 0.0008648665
-0.0013996794 -0.0069506572 0.0001653924
-0.0011198968 -0.0069506572 -0.0005427913
-0.0008183935 -0.0069506572 -0.0012420366
-0.000514795 -0.0069506572 -0.001918266
-0.0002238977 -0.0069506572 -0.0025581252
5.40217e-05 -0.0069506572 -0.0031458042
0.0003300846 -0.0069506572 -0.0036643552
0.0006110634 -0.0069506572 -0.0041015562
0.0008904818 -0.0069506572 -0.0044555747
0.0011529202 -0.0069506572 -0.0047372539
0.0013856199 -0.0069506572 -0.0049634239
0.0015847912 -0.0069506572 -0.0051461745
0.0017431571 -0.0069506572 -0.0053029474
0.0018653808 -0.0069506572 -0.0054386092
0.0019610217 -0.0069506572 -0.005552665
0.0022395122 -0.0079095543 -0.0062683353
0.0022253879 -0.0079095543 -0.0061449538
0.0022104407 -0.0079095543 -0.0059922965
0.0021958572 -0.0079095543 -0.0058043634
0.0021860503 -0.0079095543 -0.0055742657
0.0021787375 -0.0079095543 -0.0052952052
0.00215818 -0.0079095543 -0.0049608048
0.0021121745 -0.0079095543 -0.004566174
0.0020229935 -0.0079095543 -0.0041095338
0.0018777248 -0.0079095543 -0.0035932157
0.0016772598 -0.0079095543 -0.0030203217
0.0014359847 -0.0079095543 -0.0023927684
0.0011745303 -0.0079095543 -0.001714014
0.0009062937 -0.0079095543 -0.0009951713999999999
0.0006321294 -0.0079095543 -0.0002560931
0.0003478366 -0.0079095543 0.0004792262
5.738e-05 -0.0079095543 0.0011895282
-0.0002240008 -0.0079095543 0.0018603422
-0.0004792717 -0.0079095543 0.002482483
-0.0007006659 -0.0079095543 0.003048215
-0.0008923546 -0.0079095543 0.0035503092
-0.0010644645 -0.0079095543 0.0039838529
-0.0012251342 -0.0079095543 0.0043478692
-0.0013766857 -0.0079095543 0.0046458328
-0.0015170126 -0.0079095543 0.004885026
-0.0016432041 -0.0079095543 0.0050747021
-0.0017541255 -0.0079095543 0.0052236642
-0.0018520121 -0.0079095543 0.0053379137
-0.0019511871 -0.0079095543 0.0053994359
-0.0020616938 -0.0079095543 0.0053391496
-0.002172837 -0.0079095543 0.0052286407
-0.0022704697 -0.0079095543 0.005061233
-0.0023434051 -0.0079095543 0.0048346505
-0.0023848418 -0.0079095543 0.0045481738
-0.0023913213 -0.0079095543 0.0042002659
-0.002360691 -0.0079095543 0.0037884054
-0.0022914442 -0.0079095543 0.0033102046
-0.0021828828 -0.0079095543 0.0027646519
-0.0020353735 -0.0079095543 0.0021535676
-0.0018493167 -0.0079095543 0.0014832001
-0.0016239017 -0.0079095543 0.0007654685
-0.0013581998 -0.0079095543 1.78382e-05
-0.001056687 -0.0079095543 -0.0007395027
-0.0007339516 -0.0079095543 -0.0014880839
-0.0004106013 -0.0079095543 -0.0022127548
-0.0001011939 -0.0079095543 -0.0028986585
0.0001943423 -0.0079095543 -0.0035287311
0.0004866065 -0.0079095543 -0.0040855728
0.0007811784 -0.0079095543 -0.0045574585
0.0010711924 -0.0079095543 -0.0049431478
0.0013416888 -0.0079095543 -0.005253525
0.0015804993 -0.0079095543 -0.0055049719
0.0017838712 -0.0079095543 -0.0057099756
0.0019450582 -0.0079095543 -0.0058852205
0.0020685501 -0.0079095543 -0.0060363211
0.0021646368 -0.0079095543 -0.0061631432
0.0024181864 -0.008868451499999999 -0.0068276739
0.0023956115 -0.008868451499999999 -0.0066977486
0.0023711218 -0.008868451499999999 -0.0065368184
0.0023461703 -0.008868451499999999 -0.0063384338
0.002326333 -0.008868451499999999 -0.0060950021
0.0023084667 -0.008868451499999999 -0.0057994283
0.0022741767 -0.008868451499999999 -0.0054457864
0.0022097839 -0.008868451499999999 -0.0050294793
0.0020966824 -0.008868451499999999 -0.0045494504
0.0019232347 -0.008868451499999999 -0.0040082424
0.0016935914 -0.008868451499999999 -0.0034077936
0.0014250497 -0.008868451499999999 -0.002748459
0.0011396029 -0.008868451499999999 -0.0020332252
0.000849931 -0.008868451499999999 -0.0012743431
0.0005559044 -0.008868451499999999 -0.0004933179
0.000254084 -0.008868451499999999 0.0002847966
-4.93575e-05 -0.008868451499999999 0.001038411
-0.0003377439 -0.008868451499999999 0.0017525403
-0.0005945437 -0.008868451499999999 0.0024166674
-0.000813687 -0.008868451499999999 0.003021527
-0.0010006545 -0.008868451499999999 0.0035591659
-0.0011659335 -0.008868451499999999 0.0040248947
-0.0013178905 -0.008868451499999999 0.0044183469
-0.001459669 -0.008868451499999999 0.0047434327
-0.0015905718 -0.008868451499999999 0.0050072558
-0.0017089605 -0.008868451499999999 0.0052185397
-0.0018144441 -0.008868451499999999 0.0053856258
-0.0019096665 -0.008868451499999999 0.0055143255
-0.0020107451 -0.008868451499999999 0.0055858821
-0.0021273365 -0.008868451499999999 0.0055206749
-0.0022419463 -0.008868451499999999 0.005400038
-0.0023404341 -0.008868451499999999 0.005219425
-0.0024132655 -0.008868451499999999 0.0049777161
-0.0024536756 -0.008868451499999999 0.0046736449
-0.0024565011 -0.008868451499999999 0.0043050901
-0.0024178032 -0.008868451499999999 0.0038694587
-0.002335902 -0.008868451499999999 0.0033644421
-0.0022117272 -0.008868451499999999 0.0027887657
-0.002047739 -0.008868451499999999 0.0021437938
-0.0018452573 -0.008868451499999999 0.0014357347
-0.0016027079 -0.008868451499999999 0.0006772707999999999
-0.0013182242 -0.008868451499999999 -0.000112906
-0.0009968739 -0.008868451499999999 -0.0009136272
-0.0006549572 -0.008868451499999999 -0.0017058221
-0.0003140772 -0.008868451499999999 -0.0024734565
1.16102e-05 -0.008868451499999999 -0.003200261
0.0003226887 -0.008868451499999999 -0.0038679836
0.000629271 -0.008868451499999999 -0.0044588682
0.0009356504 -0.008868451499999999 -0.0049618651
0.0012345813 -0.008868451499999999 -0.0053764484
0.0015116393 -0.008868451499999999 -0.005713489
0.0017552737 -0.008868451499999999 -0.0059887143
0.0019616929 -0.008868451499999999 -0.006214922
0.0021246713 -0.008868451499999999 -0.0064077432
0.0022484494 -0.008868451499999999 -0.0065735305
0.0023441014 -0.008868451499999999 -0.0067125086
0.0025723392 -0.009827348600000001 -0.007325255
0.0025410858 -0.009827348600000001 -0.0071896378
0.0025069422 -0.009827348600000001 -0.0070214247
0.0024717485 -0.009827348600000001 -0.0068137103
0.002442514 -0.009827348600000001 -0.0065581333
0.0024151942 -0.009827348600000001 -0.0062473554
0.0023683289 -0.009827348600000001 -0.0058761387
0.0022865663 -0.009827348600000001 -0.0054403805
0.0021501969 -0.009827348600000001 -0.0049400133
0.0019488984 -0.009827348600000001 -0.0043779611
0.0016904213 -0.009827348600000001 -0.0037548537
0.0013953603 -0.009827348600000001 -0.0030691669
0.0010873317 -0.009827348600000001 -0.0023231294
0.0007781854 -0.009827348600000001 -0.0015300199
0.0004665152 -0.009827348600000001 -0.0007129573
0.0001494854 -0.009827348600000001 0.0001020515
-0.0001644524 -0.009827348600000001 0.0008933093
-0.0004570948 -0.009827348600000001 0.001645539
-0.0007124808 -0.009827348600000001 0.0023469798
-0.0009264481 -0.009827348600000001 0.0029868227
-0.0011059939 -0.009827348600000001 0.0035563806
-0.0012620281 -0.009827348600000001 0.0040512378
-0.0014031907 -0.009827348600000001 0.0044717249
-0.0015335498 -0.009827348600000001 0.0048221705
-0.0016539327 -0.009827348600000001 0.0051094653
-0.0017640462 -0.009827348600000001 0.0053416837
-0.0018642886 -0.009827348600000001 0.0055266028
-0.0019576649 -0.009827348600000001 0.0056698155
-0.0020621294 -0.009827348600000001 0.0057517425
-0.0021866047 -0.009827348600000001 0.0056820814
-0.0023060112 -0.009827348600000001 0.0055519076
-0.0024064397 -0.009827348600000001 0.0053588763
-0.0024802957 -0.009827348600000001 0.0051032908
-0.0025208596 -0.009827348600000001 0.0047833263
-0.0025210563 -0.009827348600000001 0.0043963036
-0.0024749503 -0.009827348600000001 0.0039396319
-0.0023807075 -0.009827348600000001 0.0034111396
-0.0022411904 -0.009827348600000001 0.0028092735
-0.0020613696 -0.009827348600000001 0.0021348368
-0.0018437064 -0.009827348600000001 0.0013938751
-0.0015856987 -0.009827348600000001 0.0005997798
-0.0012842351 -0.009827348600000001 -0.0002275515
-0.0009448296 -0.009827348600000001 -0.0010660644
-0.0005855885 -0.009827348600000001 -0.0018963013
-0.000229229 -0.009827348600000001 -0.00270157
0.0001105578 -0.009827348600000001 -0.0034643188
0.000435089 -0.009827348600000001 -0.0041651412
0.0007541672 -0.009827348600000001 -0.0047859419
0.0010708612 -0.009827348600000001 -0.0053164319
0.0013776019 -0.009827348600000001 -0.0057569023
0.0016604851 -0.009827348600000001 -0.0061182273
0.0019084596 -0.009827348600000001 -0.0064153651
0.0021175178 -0.009827348600000001 -0.0066613902
0.0022817869 -0.009827348600000001 -0.0068706534
0.0024051787 -0.009827348600000001 -0.0070502314
0.0024997013 -0.009827348600000001 -0.0072006655
0.0027167034 -0.0107862457 -0.0077730277
0.0026765751 -0.0107862457 -0.0076337872
0.0026312217 -0.0107862457 -0.0074610198
0.0025818765 -0.0107862457 -0.0072475918
0.0025345568 -0.0107862457 -0.0069848122
0.0024848737 -0.0107862457 -0.006665178
0.0024126322 -0.0107862457 -0.0062835186
0.0023037124 -0.0107862457 -0.0058353482
0.0021408524 -0.0107862457 -0.0053197838
0.0019162297 -0.0107862457 -0.0047383564
0.0016387562 -0.0107862457 -0.0040906588
0.0013285538 -0.0107862457 -0.0033753502
0.0010074364 -0.0107862457 -0.0025959776
0.0006858483 -0.0107862457 -0.0017672294
0.0003627376 -0.0107862457 -0.00091308
3.71053e-05 -0.0107862457 -5.99289e-05
-0.0002813179 -0.0107862457 0.0007699007
-0.0005749895 -0.0107862457 0.0015597958
-0.0008298357 -0.0107862457 0.0022964061
-0.0010429456 -0.0107862457 0.0029679644
-0.0012209257 -0.0107862457 0.0035657295
-0.0013733465 -0.0107862457 0.004085764
-0.0015078167 -0.0107862457 0.0045289641
-0.0016286163 -0.0107862457 0.0048999528
-0.0017377588 -0.0107862457 0.0052056667
-0.0018364257 -0.0107862457 0.005454083
-0.0019262892 -0.0107862457 0.0056529088
-0.0020111828 -0.0107862457 0.0058078511
-0.0021102508 -0.0107862457 0.0059010001
-0.0022374506 -0.0107862457 0.0058271206
-0.0023581686 -0.0107862457 0.0056892038
-0.0024594468 -0.0107862457 0.0054867177
-0.002534459 -0.0107862457 0.0052199201
-0.0025756244 -0.0107862457 0.0048862597
-0.0025738622 -0.0107862457 0.0044826752
-0.0025216761 -0.0107862457 0.0040067838
-0.0024175108 -0.0107862457 0.0034565872
-0.0022660661 -0.0107862457 0.0028301517
-0.0020742119 -0.0107862457 0.0021277604
-0.0018446772 -0.0107862457 0.0013555606
-0.001573742 -0.0107862457 0.0005278033
-0.0012573168 -0.0107862457 -0.0003344858
-0.0009017148 -0.0107862457 -0.0012085167
-0.0005266535 -0.0107862457 -0.0020743981
-0.0001553402 -0.0107862457 -0.0029145611
0.0001992323 -0.0107862457 -0.0037101318
0.0005384529 -0.0107862457 -0.0044408409
0.0008703924 -0.0107862457 -0.0050888711
0.0011960911 -0.0107862457 -0.0056449315
0.0015074134 -0.0107862457 -0.006110022
0.0017916904 -0.0107862457 -0.0064945611
0.0020396669 -0.0107862457 -0.0068123873
0.0022483576 -0.0107862457 -0.007076011
0.0024142081 -0.0107862457 -0.0072983919
0.0025411968 -0.0107862457 -0.0074869925
0.0026398838 -0.0107862457 -0.0076438464
0.0028471505 -0.0117451429 -0.0081790262
0.0027982344 -0.0117451429 -0.0080370678
0.0027415477 -0.0117451429 -0.007860852600000001
0.0026775528 -0.0117451429 -0.0076430523
0.0026108313 -0.0117451429 -0.00737468
0.0025367955 -0.0117451429 -0.0070481162
0.0024373613 -0.0117451429 -0.0066582698
0.0023002524 -0.0117451429 -0.0062001848
0.0021113717 -0.0117451429 -0.0056718913
0.0018655843 -0.0117451429 -0.0050731831
0.0015724595 -0.0117451429 -0.0044026201
0.0012509116 -0.0117451429 -0.0036593863
0.0009203304 -0.0117451429 -0.0028486857
0.0005896211 -0.0117451429 -0.0019866346
0.0002583002 -0.0117451429 -0.0010978777
-7.27061e-05 -0.0117451429 -0.0002090699
-0.000392716 -0.0117451429 0.0006567799
-0.0006853477 -0.0117451429 0.0014815795
-0.0009386810999999999 -0.0117451429 0.0022503897
-0.0011509269 -0.0117451429 0.002950654
-0.0013279186 -0.0117451429 0.0035737555
-0.0014775447 -0.0117451429 0.0041162749
-0.0016061565 -0.0117451429 0.0045796485
-0.0017180757 -0.0117451429 0.004968812
-0.0018164075 -0.0117451429 0.0052908315
-0.0019038581 -0.0117451429 0.0055537145
-0.0019834862 -0.0117451429 0.0057652347
-0.0020600393 -0.0117451429 0.0059313421
-0.0021537332 -0.0117451429 0.0060363329
-0.0022849131 -0.0117451429 0.0059586589
-0.0024082677 -0.0117451429 0.0058138981
-0.0025121672 -0.0117451429 0.005603123
-0.0025903535 -0.0117451429 0.0053262845
-0.0026340553 -0.0117451429 0.004980088
-0.0026319975 -0.0117451429 0.0045611974
-0.0025750812 -0.0117451429 0.0040675671
-0.0024621772 -0.0117451429 0.0034974411
-0.0023000885 -0.0117451429 0.0028484524
-0.0020977169 -0.0117451429 0.0021202945
-0.0018580205 -0.0117451429 0.0013192065
-0.0015758213 -0.0117451429 0.000460342
-0.0012458281 -0.0117451429 -0.0004341085
-0.0008750984 -0.0117451429 -0.0013406543
-0.000485041 -0.0117451429 -0.0022390791
-9.94325e-05 -0.0117451429 -0.0031110514
0.0002694236 -0.0117451429 -0.0039364577
0.0006229922 -0.0117451429 -0.0046942199
0.0009675349 -0.0117451429 -0.0053668635
0.0013020225 -0.0117451429 -0.0059461259
0.0016177029 -0.0117451429 -0.0064337468
0.0019031901 -0.0117451429 -0.0068396552
0.0021511287 -0.0117451429 -0.0071765152
0.002359694 -0.0117451429 -0.007456079
0.0025279488 -0.0117451429 -0.0076898337
0.0026600178 -0.0117451429 -0.0078855218
0.0027645201 -0.0117451429 -0.0080469402
0.0029486515 -0.01270404 -0.0085050643
0.0028911332 -0.01270404 -0.008361534
0.0028233299 -0.01270404 -0.0081832639
0.0027449358 -0.01270404 -0.007962767399999999
0.0026590616 -0.01270404 -0.0076907842
0.0025609666 -0.01270404 -0.0073596439
0.002434811 -0.01270404 -0.0069644572
0.0022702961 -0.01270404 -0.0064998779
0.0020566485 -0.01270404 -0.0059629014
0.0017915041 -0.01270404 -0.0053515607
0.0014850496 -0.01270404 -0.0046633362
0.0011548724 -0.01270404 -0.0038978968
0.0008178059 -0.01270404 -0.0030620467
0.00048111 -0.01270404 -0.0021732176
0.000144806 -0.01270404 -0.001256561
-0.0001883239 -0.01270404 -0.0003388109
-0.0005067749 -0.01270404 0.0005565013
-0.0007954867 -0.01270404 0.0014099372
-0.0010448152 -0.01270404 0.0022050794
-0.0012541277 -0.01270404 0.0029286797
-0.0014284533 -0.01270404 0.0035723155
-0.0015739244 -0.01270404 0.0041331252
-0.0016956189 -0.01270404 0.0046130855
-0.0017978662 -0.01270404 0.0050174474
-0.0018848436 -0.01270404 0.0053533877
-0.0019608126 -0.01270404 0.0056289015
-0.0020302257 -0.01270404 0.0058517988
-0.0020987416 -0.01270404 0.0060282763
-0.0021875668 -0.01270404 0.0061450123
-0.0023234937 -0.01270404 0.006064262
-0.0024500563 -0.01270404 0.005913808
-0.0025572126 -0.01270404 0.0056962941
-0.0026393633 -0.01270404 0.005411399
-0.0026865003 -0.01270404 0.0050550986
-0.0026850599 -0.01270404 0.0046238354
-0.0026242857 -0.01270404 0.0041159793
-0.0025035272 -0.01270404 0.003530075
-0.0023318734 -0.01270404 0.0028633129
-0.0021204233 -0.01270404 0.0021147374
-0.0018724476 -0.01270404 0.0012905988
-0.001581187 -0.01270404 0.0004068836
-0.0012399907 -0.01270404 -0.0005131429000000001
-0.0008565558 -0.01270404 -0.0014454308
-0.0004539646 -0.01270404 -0.0023696385
-5.65507e-05 -0.01270404 -0.003266875
0.0003241338 -0.01270404 -0.0041159476
0.0006897083 -0.01270404 -0.0048950854
0.0010446635 -0.01270404 -0.0055872428
0.0013859256 -0.01270404 -0.0061852539
0.0017041766 -0.01270404 -0.0066916331
0.0019893691 -0.01270404 -0.0071157768
0.00223606 -0.01270404 -0.0074690693
0.0024435587 -0.01270404 -0.0077623992
0.0026135577 -0.01270404 -0.008005634100000001
0.0027503053 -0.01270404 -0.008206728700000001
0.0028603678 -0.01270404 -0.0083712782
0.0030076207 -0.0136629372 -0.0087115674
0.002941753 -0.0136629372 -0.0085681404
0.0028630576 -0.0136629372 -0.008389901199999999
0.00277041 -0.0136629372 -0.0081692955
0.0026652893 -0.0136629372 -0.007896908500000001
0.0025428605 -0.0136629372 -0.007565109
0.002389884 -0.0136629372 -0.0071692726
0.0021983065 -0.0136629372 -0.0067036974
0.0019610349 -0.0136629372 -0.0061643132
0.0016787028 -0.0136629372 -0.0055473056
0.0013620136 -0.0136629372 -0.0048490543
0.0010269085 -0.0136629372 -0.0040697535
0.0006872759 -0.0136629372 -0.0032178198
0.0003485431 -0.0136629372 -0.0023118509
1.12746e-05 -0.0136629372 -0.0013772153
-0.0003198222 -0.0136629372 -0.0004404003
-0.0006325345 -0.0136629372 0.0004747974
-0.0009133969 -0.0136629372 0.0013477628
-0.0011552886 -0.0136629372 0.0021607308
-0.0013587813 -0.0136629372 0.0028999026
-0.0015280072 -0.0136629372 0.0035571465
-0.0016671642 -0.0136629372 0.0041302372
-0.0017799741 -0.0136629372 0.0046216788
-0.0018707201 -0.0136629372 0.0050369989
-0.0019446324 -0.0136629372 0.0053834085
-0.0020075628 -0.0136629372 0.0056687954
-0.0020653469 -0.0136629372 0.0059009099
-0.0021245632 -0.0136629372 0.00608613
-0.0022072232 -0.0136629372 0.0062138466
-0.0023465086 -0.0136629372 0.0061309856
-0.0024748662 -0.0136629372 0.0059764839
-0.0025840739 -0.0136629372 0.0057546417
-0.0026693036 -0.0136629372 0.0054648618
-0.0027193911 -0.0136629372 0.0051024031
-0.0027185106 -0.0136629372 0.0046635083
-0.0026543138 -0.0136629372 0.00414701
-0.0025266595 -0.0136629372 0.0035517948
-0.0023469282 -0.0136629372 0.0028746288
-0.0021284001 -0.0136629372 0.002113891
-0.00187464 -0.0136629372 0.001275765
-0.0015772869 -0.0136629372 0.0003769208
-0.0012283707 -0.0136629372 -0.0005585492
-0.0008361819 -0.0136629372 -0.0015063098
-0.0004252891 -0.0136629372 -0.0024461433
-2.02984e-05 -0.0136629372 -0.0033588006
0.0003681832 -0.0136629372 -0.0042222147
0.0007418993 -0.0136629372 -0.005014164
0.0011033764 -0.0136629372 -0.005718281
0.0014473868 -0.0136629372 -0.0063286543
0.0017641407 -0.0136629372 -0.0068485711
0.0020451639 -0.0136629372 -0.0072867334
0.0022871575 -0.0136629372 -0.0076530177
0.0024906675 -0.0136629372 -0.0079572618
0.0026601847 -0.0136629372 -0.008207504399999999
0.0028000439 -0.0136629372 -0.008411820400000001
0.0029145224 -0.0136629372 -0.008577641299999999
0.0029530809 -0.0146218343 -0.008774522999999999
0.002886117 -0.0146218343 -0.008630740200000001
0.0028054231 -0.0146218343 -0.008452231100000001
0.0027093422 -0.0146218343 -0.008231551
0.0025981612 -0.0146218343 -0.0079595442
0.00246705 -0.0146218343 -0.0076285907
0.0023046003 -0.0146218343 -0.0072337375
0.0021042152 -0.0146218343 -0.0067688593
0.0018609218 -0.0146218343 -0.0062291075
0.0015769312 -0.0146218343 -0.0056097804
0.0012629149 -0.0146218343 -0.0049070739
0.0009333002 -0.0146218343 -0.004121915
0.0005996473 -0.0146218343 -0.0032638431
0.0002659161 -0.0146218343 -0.002352065
-6.71513e-05 -0.0146218343 -0.0014118738
-0.0003936908 -0.0146218343 -0.0004693865
-0.0007008095 -0.0146218343 0.0004517139
-0.0009754038 -0.0146218343 0.0013304954
-0.0012111337 -0.0146218343 0.0021487855
-0.001408858 -0.0146218343 0.0028926607
-0.0015722434 -0.0146218343 0.0035541421
-0.0017048344 -0.0146218343 0.0041312084
-0.0018099808 -0.0146218343 0.004626465
-0.0018921261 -0.0146218343 0.0050454067
-0.0019570611 -0.0146218343 0.0053951381
-0.0020112158 -0.0146218343 0.0056834555
-0.0020608585 -0.0146218343 0.0059180112
-0.0021127376 -0.0146218343 0.0061051103
-0.0021890433 -0.0146218343 0.0062348318
-0.0023253642 -0.0146218343 0.0061518355
-0.0024516083 -0.0146218343 0.0059969871
-0.002558557 -0.0146218343 0.00577447
-0.002641198 -0.0146218343 0.0054838671
-0.0026890397 -0.0146218343 0.0051206337
-0.0026873236 -0.0146218343 0.0046808699
-0.0026245085 -0.0146218343 0.0041629968
-0.0025000996 -0.0146218343 0.0035656314
-0.0023241712 -0.0146218343 0.0028857711
-0.0021085581 -0.0146218343 0.0021222807
-0.001856428 -0.0146218343 0.0012815545
-0.0015605107 -0.0146218343 0.0003799458
-0.0012144086 -0.0146218343 -0.0005590323
-0.0008268277000000001 -0.0146218343 -0.0015112379
-0.0004211313 -0.0146218343 -0.0024558753
-2.0374e-05 -0.0146218343 -0.0033728864
0.0003651509 -0.0146218343 -0.0042399995
0.000736046 -0.0146218343 -0.0050355031
0.0010932617 -0.0146218343 -0.0057438336
0.0014310946 -0.0146218343 -0.0063594645
0.0017403906 -0.0146218343 -0.0068854839
0.0020138137 -0.0146218343 -0.0073298987
0.0022489283 -0.0146218343 -0.007701907
0.0024466406 -0.0146218343 -0.008010959099999999
0.0026118686 -0.0146218343 -0.0082648263
0.0027488682 -0.0146218343 -0.008471659899999999
0.0028613635 -0.0146218343 -0.008639289600000001
0.0028158999 -0.0155807314 -0.008681067900000001
0.0027526822 -0.0155807314 -0.008537576700000001
0.0026760011 -0.0155807314 -0.0083597017
0.0025839184 -0.0155807314 -0.008140216299999999
0.0024759251 -0.0155807314 -0.0078704259
0.0023472779 -0.0155807314 -0.0075427701
0.0021878086 -0.0155807314 -0.0071518226
0.0019917572 -0.0155807314 -0.0066911835
0.0017552306 -0.0155807314 -0.0061555763
0.0014810372 -0.0155807314 -0.0055400819
0.001179491 -0.0155807314 -0.0048411907
0.0008638207 -0.0155807314 -0.0040604676
0.0005439104 -0.0155807314 -0.0032080294
0.000222606 -0.0155807314 -0.0023031627
-9.9631e-05 -0.0155807314 -0.0013708417
-0.0004167102 -0.0155807314 -0.0004367416
-0.0007154493 -0.0155807314 0.0004758498
-0.0009824306000000001 -0.0155807314 0.0013463595
-0.001210894 -0.0155807314 0.0021569568
-0.0014013395 -0.0155807314 0.0028939676
-0.0015574001 -0.0155807314 0.0035495
-0.0016829555 -0.0155807314 0.0041214588
-0.0017818146 -0.0155807314 0.0046123139
-0.0018587555 -0.0155807314 0.0050274377
-0.0019196447 -0.0155807314 0.0053738568
-0.001970746 -0.0155807314 0.0056593186
-0.0020180941 -0.0155807314 0.005891408
-0.0020682235 -0.0155807314 0.006076323
-0.0021433163 -0.0155807314 0.0062036801
-0.0022781459 -0.0155807314 0.0061232547
-0.0024041553 -0.0155807314 0.005971838
-0.0025101583 -0.0155807314 0.0057523717
-0.0025905385 -0.0155807314 0.0054649712
-0.0026363014 -0.0155807314 0.005105874
-0.0026353109 -0.0155807314 0.004671253
-0.0025778876 -0.0155807314 0.0041588657
-0.0024629401 -0.0155807314 0.0035668655
-0.0022977177 -0.0155807314 0.0028927688
-0.0020911484 -0.0155807314 0.0021363714
-0.0018458382 -0.0155807314 0.0013043091
-0.0015568007 -0.0155807314 0.0004121112
-0.0012203194 -0.0155807314 -0.0005179602
-0.0008452083 -0.0155807314 -0.0014622641
-0.0004524084 -0.0155807314 -0.0023993491
-6.28567e-05 -0.0155807314 -0.0033084865
0.000312956 -0.0155807314 -0.0041677781
0.0006739984 -0.0155807314 -0.0049565558
0.0010202902 -0.0155807314 -0.0056599984
0.00134681 -0.0155807314 -0.0062724338
0.0016456888 -0.0155807314 -0.0067962497
0.0019103367 -0.0155807314 -0.0072388531
0.0021382711 -0.0155807314 -0.0076092738
0.0023301043 -0.0155807314 -0.0079169558
0.0024897263 -0.0155807314 -0.008170198599999999
0.0026211645 -0.0155807314 -0.008377160599999999
0.0027286118 -0.0155807314 -0.0085452414
0.0026480373 -0.0165396286 -0.0084874407
0.0025894488 -0.0165396286 -0.0083454558
0.0025178877 -0.0165396286 -0.0081696995
0.0024311909 -0.0165396286 -0.0079532071
0.0023281251 -0.0165396286 -0.0076877818
0.0022040746 -0.0165396286 -0.0073659949
0.0020500738 -0.0165396286 -0.0069820739
0.0018611483 -0.0165396286 -0.0065294712
0.0016343954 -0.0165396286 -0.0060026207
0.0013731195 -0.0165396286 -0.0053964896
0.0010872104 -0.0165396286 -0.0047078723
0.0007887413999999999 -0.0165396286 -0.0039388528
0.0004860312 -0.0165396286 -0.0030999124
0.0001808625 -0.0165396286 -0.0022101917
-0.0001267348 -0.0165396286 -0.0012941708
-0.0004307547 -0.0165396286 -0.0003769525
-0.0007179933 -0.0165396286 0.0005187275
-0.0009747751 -0.0165396286 0.0013728733
-0.001193807 -0.0165396286 0.0021682171
-0.0013751368 -0.0165396286 0.0028914816
-0.0015224645 -0.0165396286 0.0035349003
-0.0016401543 -0.0165396286 0.0040962986
-0.0017326353 -0.0165396286 0.0045779948
-0.0018050343 -0.0165396286 0.004985259
-0.0018631372 -0.0165396286 0.0053250654
-0.0019129124 -0.0165396286 0.0056050959
-0.0019600296 -0.0165396286 0.0058328628
-0.0020107916 -0.0165396286 0.0060144884
-0.0020873621 -0.0165396286 0.0061391377
-0.002222815 -0.0165396286 0.0060627001
-0.0023502149 -0.0165396286 0.00591655
-0.0024567677 -0.0165396286 0.0057022527
-0.0025363343 -0.0165396286 0.0054205299
-0.0025813792 -0.0165396286 0.0050684854
-0.0025823386 -0.0165396286 0.0046425083
-0.0025313447 -0.0165396286 0.004139836
-0.0024268332 -0.0165396286 0.0035582373
-0.0022734019 -0.0165396286 0.0028957086
-0.0020772687 -0.0165396286 0.0021528689
-0.0018405815 -0.0165396286 0.0013364944
-0.0015605296 -0.0165396286 0.0004612471
-0.0012358913 -0.0165396286 -0.0004519166
-0.000875434 -0.0165396286 -0.0013800039
-0.0004976776 -0.0165396286 -0.0023011909
-0.0001215436 -0.0165396286 -0.0031943993
0.0002422288 -0.0165396286 -0.0040383321
0.0005910439 -0.0165396286 -0.0048134762
0.000924201 -0.0165396286 -0.0055057599
0.0012375163 -0.0165396286 -0.0061093671
0.0015244915 -0.0165396286 -0.0066259848
0.0017792579 -0.0165396286 -0.0070624265
0.0019992035 -0.0165396286 -0.0074275372
0.0021845595 -0.0165396286 -0.0077307167
0.0023380745 -0.0165396286 -0.007980728499999999
0.0024634965 -0.0165396286 -0.0081856702
0.0025655057 -0.0165396286 -0.008352447000000001
0.0024742165 -0.0174985257 -0.0082627102
0.0024203092 -0.0174985257 -0.008122709000000001
0.0023539475 -0.0174985257 -0.007949642
0.0022727575 -0.0174985257 -0.0077368147
0.0021748057 -0.0174985257 -0.0074765234
0.0020556174 -0.0174985257 -0.0071614912
0.0019073974 -0.0174985257 -0.0067856601
0.0017259928 -0.0174985257 -0.0063423622
0.0015094378 -0.0174985257 -0.0058257956
0.0012615393 -0.0174985257 -0.0052308308
0.0009917608 -0.0174985257 -0.0045545552
0.0007109857 -0.0174985257 -0.0037995389
0.0004259962 -0.0174985257 -0.0029765562
0.0001374975 -0.0174985257 -0.0021045411
-0.0001549107 -0.0174985257 -0.0012074144
-0.0004453047 -0.0174985257 -0.0003096378
-0.0007204738 -0.0174985257 0.0005666649
-0.0009665318 -0.0174985257 0.0014021134
-0.0011757169 -0.0174985257 0.0021800227
-0.0013476602 -0.0174985257 0.0028875313
-0.0014861101 -0.0174985257 0.0035170223
-0.0015958686 -0.0174985257 0.0040662674
-0.0016819245 -0.0174985257 0.0045374454
-0.0017497165 -0.0174985257 0.0049357125
-0.0018049509 -0.0174985257 0.0052679673
-0.0018533382 -0.0174985257 0.0055418029
-0.0019001786 -0.0174985257 0.0057646475
-0.0019515145 -0.0174985257 0.0059425426
-0.0020294218 -0.0174985257 0.0060642276
-0.0021651497 -0.0174985257 0.0059919453
-0.0022935674 -0.0174985257 0.0058514365
-0.0024003739 -0.0174985257 0.0056428574
-0.0024789518 -0.0174985257 0.0053675398
-0.0025231732 -0.0174985257 0.005023444
-0.0025260098 -0.0174985257 0.0046072307
-0.0024814073 -0.0174985257 0.0041156687
-0.0023873376 -0.0174985257 0.0035461515
-0.0022458206 -0.0174985257 0.0028971044
-0.0020604046 -0.0174985257 0.0021698995
-0.0018328035 -0.0174985257 0.0013714176
-0.0015623135 -0.0174985257 0.0005154713
-0.0012501601 -0.0174985257 -0.0003782753
-0.0009050314 -0.0174985257 -0.0012875255
-0.0005430159 -0.0174985257 -0.0021901951
-0.0001810033 -0.0174985257 -0.0030649612
0.0001700472 -0.0174985257 -0.0038911741
0.0005059957 -0.0174985257 -0.0046504833
0.0008254204 -0.0174985257 -0.0053295815
0.0011249616 -0.0174985257 -0.0059225462
0.0013994792 -0.0174985257 -0.0064304044
0.0016438459 -0.0174985257 -0.0068593731
0.0018553389 -0.0174985257 -0.0072180873
0.0020338303 -0.0174985257 -0.0075158622
0.0021809374 -0.0174985257 -0.0077618712
0.0023001342 -0.0174985257 -0.00796412
0.0023965531 -0.0174985257 -0.008129023900000001
0.0023313949 -0.0184574229 -0.0080531493
0.002280074 -0.0184574229 -0.007915538600000001
0.0022167459 -0.0184574229 -0.0077454889
0.0021390422 -0.0184574229 -0.0075364651
0.0020448831 -0.0184574229 -0.0072810035
0.0019299376 -0.0184574229 -0.0069719516
0.0017869204 -0.0184574229 -0.0066032128
0.0016121225 -0.0184574229 -0.006168119
0.0014040228 -0.0184574229 -0.0056608214
0.0011666918 -0.0184574229 -0.00507619
0.0009093748 -0.0184574229 -0.0044114834
0.0006422125 -0.0184574229 -0.0036695345
0.0003710243 -0.0184574229 -0.0028612155
9.58429e-05 -0.0184574229 -0.0020052038
-0.0001837873 -0.0184574229 -0.0011248466
-0.0004617039 -0.0184574229 -0.0002439528
-0.0007247578 -0.0184574229 0.0006158436999999999
-0.0009595708 -0.0184574229 0.001435449
-0.0011589271 -0.0184574229 0.0021984081
-0.0013225582 -0.0184574229 0.0028921372
-0.0014537592 -0.0184574229 0.003509304
-0.001556865 -0.0184574229 0.0040478298
-0.0016366683 -0.0184574229 0.0045098716
-0.0016988683 -0.0184574229 0.0049004325
-0.0017497123 -0.0184574229 0.005226223
-0.001795568 -0.0184574229 0.0054946119
-0.0018425992 -0.0184574229 0.0057125563
-0.0018980541 -0.0184574229 0.0058844846
-0.0019818146 -0.0184574229 0.0059943739
-0.0021122601 -0.0184574229 0.0059208961
-0.0022333092 -0.0184574229 0.0057807268
-0.0023346378 -0.0184574229 0.0055755961
-0.0024102574 -0.0184574229 0.00530614
-0.0024542328 -0.0184574229 0.0049698811
-0.0024595679 -0.0184574229 0.004563124
-0.0024199657 -0.0184574229 0.0040823891
-0.0023326619 -0.0184574229 0.0035250506
-0.0021991005 -0.0184574229 0.0028897288
-0.0020225306 -0.0184574229 0.0021778791
-0.0018048017 -0.0184574229 0.0013962067
-0.0015454626 -0.0184574229 0.0005581301
-0.0012457966 -0.0184574229 -0.000317185
-0.0009140851 -0.0184574229 -0.0012078816
-0.0005657672 -0.0184574229 -0.0020922295
-0.0002172687 -0.0184574229 -0.0029493063
0.0001205776 -0.0184574229 -0.0037589624
0.0004435796 -0.0184574229 -0.0045033541
0.0007503811 -0.0184574229 -0.005169529
0.0010378997 -0.0184574229 -0.0057516444
0.0013013339 -0.0184574229 -0.0062505733
0.0015358042 -0.0184574229 -0.0066722539
0.0017386884 -0.0184574229 -0.0070250376
0.0019098464 -0.0184574229 -0.0073179856
0.0020507997 -0.0184574229 -0.0075600806
0.0021649045 -0.0184574229 -0.00775916
0.0022571417 -0.0184574229 -0.0079215113
0.0022014664 -0.01941632 -0.0078092902
0.0021512364 -0.01941632 -0.0076749642
0.0020894902 -0.01941632 -0.007508886
0.0020140816 -0.01941632 -0.0073046131
0.0019233531 -0.01941632 -0.0070547228
0.001813117 -0.01941632 -0.0067522054
0.0016760116 -0.01941632 -0.0063911703
0.0015083434 -0.01941632 -0.0059651213
0.0013085827 -0.01941632 -0.0054683703
0.0010807489 -0.01941632 -0.004895932
0.0008339942 -0.01941632 -0.0042451502
0.0005781872 -0.01941632 -0.0035188666
0.0003187625 -0.01941632 -0.0027277944
5.55451e-05 -0.01941632 -0.0018901922
-0.0002116835 -0.01941632 -0.0010287357
-0.0004764113 -0.01941632 -0.0001665186
-0.0007257922999999999 -0.01941632 0.0006752729
-0.0009476507 -0.01941632 0.0014776566
-0.0011361551 -0.01941632 0.0022242287
-0.0012914932 -0.01941632 0.0029026586
-0.0014161757 -0.01941632 0.0035060152
-0.0015132841 -0.01941632 0.0040325299
-0.0015868845 -0.01941632 0.004484406
-0.0016428732 -0.01941632 0.0048664742
-0.001688502 -0.01941632 0.0051851781
-0.0017315421 -0.01941632 0.0054475383
-0.0017799966 -0.01941632 0.0056596963
-0.0018437144 -0.01941632 0.0058230969
-0.0019385051 -0.01941632 0.0059130876
-0.0020594296 -0.01941632 0.0058341927
-0.002166149 -0.01941632 0.0056903012
-0.0022573896 -0.01941632 0.0054875138
-0.0023288722 -0.01941632 0.0052246498
-0.0023737284 -0.01941632 0.0048976093
-0.002382718 -0.01941632 0.0045017797
-0.0023472901 -0.01941632 0.0040336388
-0.0022638594 -0.01941632 0.0034909368
-0.002135152 -0.01941632 0.0028722982
-0.0019664203 -0.01941632 0.0021786673
-0.0017602016 -0.01941632 0.001416286
-0.0015145598 -0.01941632 0.0005985144
-0.0012285255 -0.01941632 -0.0002553494
-0.0009096103 -0.01941632 -0.0011237404
-0.0005742722 -0.01941632 -0.0019859396
-0.0002399799 -0.01941632 -0.0028221301
8.287710000000001e-05 -0.01941632 -0.0036126463
0.0003915155 -0.01941632 -0.0043396364
0.0006855026 -0.01941632 -0.0049901451
0.0009616157 -0.01941632 -0.0055585582
0.0012144757 -0.01941632 -0.0060460296
0.0014389612 -0.01941632 -0.0064585036
0.0016326872 -0.01941632 -0.0068039837
0.0017957682 -0.01941632 -0.0070911176
0.0019305372 -0.01941632 -0.0073281394
0.0020403393 -0.01941632 -0.0075226237
0.0021294695 -0.01941632 -0.0076810098
0.0020682961 -0.0203752172 -0.0075453934
0.0020192254 -0.0203752172 -0.0074146095
0.0019591329 -0.0203752172 -0.0072528285
0.0018860855 -0.0203752172 -0.0070537185
0.0017988397 -0.0203752172 -0.0068099205
0.0016933504 -0.0203752172 -0.0065145842
0.0015622094 -0.0203752172 -0.0061620282
0.0014017622 -0.0203752172 -0.005745933
0.0012104766 -0.0203752172 -0.0052607786
0.0009923192 -0.0203752172 -0.004701729
0.0007563129 -0.0203752172 -0.0040662233
0.0005120283 -0.0203752172 -0.0033571061
0.0002645097 -0.0203752172 -0.0025849071
1.33892e-05 -0.0203752172 -0.0017674286
-0.0002413082 -0.0203752172 -0.0009266356
-0.0004927411 -0.0203752172 -8.487119999999999e-05
-0.0007283865 -0.0203752172 0.0007371694
-0.0009372594 -0.0203752172 0.0015206731
-0.0011148805 -0.0203752172 0.002249341
-0.0012618476 -0.0203752172 0.00291113
-0.0013799554 -0.0203752172 0.003499496
-0.001471033 -0.0203752172 0.0040129677
-0.0015384504 -0.0203752172 0.004453776
-0.0015882493 -0.0203752172 0.0048265746
-0.0016286223 -0.0203752172 0.0051375392
-0.0016686902 -0.0203752172 0.0053933456
-0.001718134 -0.0203752172 0.005599363
-0.0017892947 -0.0203752172 0.0057542137
-0.001894115 -0.0203752172 0.005825122
-0.0020053655 -0.0203752172 0.0057412389
-0.0020979522 -0.0203752172 0.005594116
-0.0021791335 -0.0203752172 0.0053940828
-0.0022463002 -0.0203752172 0.0051382758
-0.0022917034 -0.0203752172 0.0048210334
-0.0023040425 -0.0203752172 0.0044368655
-0.0022726077 -0.0203752172 0.0039821842
-0.0021930922 -0.0203752172 0.0034551063
-0.0020693901 -0.0203752172 0.0028542642
-0.0019086385 -0.0203752172 0.0021801386
-0.0017140185 -0.0203752172 0.0014385192
-0.0014821874 -0.0203752172 0.0006426543
-0.0012100429 -0.0203752172 -0.0001881177
-0.0009043468 -0.0203752172 -0.0010325844
-0.0005824738 -0.0203752172 -0.0018710377
-0.0002628192 -0.0203752172 -0.0026847538
4.4697e-05 -0.0203752172 -0.0034545847
0.0003386467 -0.0203752172 -0.0041627378
0.0006194739 -0.0203752172 -0.0047963062
0.0008838219 -0.0203752172 -0.005349911
0.0011257652 -0.0203752172 -0.00582497
0.0013399743 -0.0203752172 -0.0062274054
0.0015243005 -0.0203752172 -0.006564866
0.0016791127 -0.0203752172 -0.0068455758
0.0018075149 -0.0203752172 -0.0070770404
0.0019128352 -0.0203752172 -0.0072665597
0.0019986967 -0.0203752172 -0.0074206937
0.001938985 -0.0213341143 -0.007284945
0.0018910669 -0.0213341143 -0.0071576441
0.0018326089 -0.0213341143 -0.0070000934
0.0017618889 -0.0213341143 -0.0068060718
0.0016780405 -0.0213341143 -0.0065682971
0.0015771788 -0.0213341143 -0.0062800702
0.0014518411 -0.0213341143 -0.0059359171
0.001298427 -0.0213341143 -0.0055296878
0.0011153907 -0.0213341143 -0.00505603
0.0009066549 -0.0213341143 -0.0045102512
0.000681103 -0.0213341143 -0.003889888
0.000448018 -0.0213341143 -0.003197782
0.0002120678 -0.0213341143 -0.002444277
-2.72977e-05 -0.0213341143 -0.0016467228
-0.0002698248 -0.0213341143 -0.0008263925
-0.000508367 -0.0213341143 -4.9007e-06
-0.0007307217 -0.0213341143 0.0007975428
-0.0009270454 -0.0213341143 0.001562312
-0.0010941486 -0.0213341143 0.0022732353
-0.0012330163 -0.0213341143 0.0029185585
-0.0013447569 -0.0213341143 0.0034921033
-0.0014300249 -0.0213341143 0.0039926717
-0.0014915073 -0.0213341143 0.0044225149
-0.0015353915 -0.0213341143 0.0047861145
-0.0015707517 -0.0213341143 0.0050893993
-0.0016079822 -0.0213341143 0.0053387263
-0.0016583502 -0.0213341143 0.0055387469
-0.0017365774 -0.0213341143 0.0056854343
-0.0018510113 -0.0213341143 0.0057383058
-0.0019530927 -0.0213341143 0.0056497208
-0.0020322868 -0.0213341143 0.0054995743
-0.0021039127 -0.0213341143 0.0053022816
-0.0021669467 -0.0213341143 0.0050533897
-0.0022128343 -0.0213341143 0.0047457652
-0.0022283414 -0.0213341143 0.0043730581
-0.0022007286 -0.0213341143 0.00393161
-0.0021249956 -0.0213341143 0.0034198712
-0.0020061492 -0.0213341143 0.0028364992
-0.0018531121 -0.0213341143 0.0021815531
-0.0016696764 -0.0213341143 0.0014603949
-0.0014511635 -0.0213341143 0.0006861408
-0.0011924477 -0.0213341143 -0.0001218721
-0.0008995687 -0.0213341143 -0.0009427911
-0.0005907590000000001 -0.0213341143 -0.0017578723
-0.0002852819 -0.0213341143 -0.0025494342
7.3993e-06 -0.0213341143 -0.0032988386
0.0002871331 -0.0213341143 -0.0039883842
0.0005552123 -0.0213341143 -0.0046052245
0.0008081511 -0.0213341143 -0.0051442087
0.0010395121 -0.0213341143 -0.0056069959
0.0012437699 -0.0213341143 -0.0059994791
0.0014190029 -0.0213341143 -0.0063289652
0.0015658233 -0.0213341143 -0.0066032709
0.0016880626 -0.0213341143 -0.0068292139
0.0017890367 -0.0213341143 -0.0070138243
0.001871721 -0.0213341143 -0.0071637671
0.0018136879 -0.0222930114 -0.007051554
0.0017671443 -0.0222930114 -0.0069273635
0.0017105041 -0.0222930114 -0.0067736176
0.0016422001 -0.0222930114 -0.0065842137
0.0015616096 -0.0222930114 -0.0063519821
0.0014650018 -0.0222930114 -0.0060703621
0.0013449743 -0.0222930114 -0.0057340309
0.0011979806 -0.0222930114 -0.0053369938
0.0010224763 -0.0222930114 -0.0048740505
0.0008222866 -0.0222930114 -0.0043406609
0.0006061243 -0.0222930114 -0.0037344627
0.0003830421 -0.0222930114 -0.0030582747
0.0001574989 -0.0222930114 -0.0023222187
-7.113950000000001e-05 -0.0222930114 -0.0015432044
-0.0003025701 -0.0222930114 -0.0007419196000000001
-0.0005296766 -0.0222930114 6.05993e-05
-0.0007406384 -0.0222930114 0.0008445775
-0.0009263339 -0.0222930114 0.0015916781
-0.0010842761 -0.0222930114 0.0022859811
-0.0012156908 -0.0222930114 0.00291601
-0.0013213723 -0.0222930114 0.0034758362
-0.001401447 -0.0222930114 0.0039643963
-0.0014582108 -0.0222930114 0.0043839375
-0.0014977814 -0.0222930114 0.0047388339
-0.0015294385 -0.0222930114 0.0050348652
-0.001563932 -0.0222930114 0.0052782154
-0.0016130239 -0.0222930114 0.0054732544
-0.0016922128 -0.0222930114 0.0056151487
-0.0018092456 -0.0222930114 0.0056605088
-0.0019068463 -0.0222930114 0.0055718712
-0.0019802232 -0.0222930114 0.0054227654
-0.0020475721 -0.0222930114 0.0052294539
-0.0021087835 -0.0222930114 0.0049870109
-0.0021551802 -0.0222930114 0.0046877426
-0.0021729003 -0.0222930114 0.0043249618
-0.002148649 -0.0222930114 0.0038949966
-0.0020773141 -0.0222930114 0.003396386
-0.0019644547 -0.0222930114 0.0028278059
-0.0018195715 -0.0222930114 0.0021891657
-0.0016463274 -0.0222930114 0.0014856568
-0.0014391513 -0.0222930114 0.0007302379
-0.0011918876 -0.0222930114 -5.79556e-05
-0.0009103356 -0.0222930114 -0.0008585236999999999
-0.0006131932 -0.0222930114 -0.0016534608
-0.0003200429 -0.0222930114 -0.0024258074
-3.99447e-05 -0.0222930114 -0.0031573599
0.000227743 -0.0222930114 -0.003830626
0.0004848179 -0.0222930114 -0.0044329174
0.0007277984 -0.0222930114 -0.0049592382
0.0009500458 -0.0222930114 -0.0054113342
0.0011459835 -0.0222930114 -0.0057950026
0.0013138167 -0.0222930114 -0.006117288
0.0014542626 -0.0222930114 -0.0063857133
0.0015714838 -0.0222930114 -0.0066066755
0.0016687327 -0.0222930114 -0.0067870013
0.0017485851 -0.0222930114 -0.0069333522
0.0016844893 -0.0232519086 -0.006840327
0.0016398332 -0.0232519086 -0.0067189451
0.0015854847 -0.0232519086 -0.0065686889
0.001519933 -0.0232519086 -0.0063836042
0.0014425826 -0.0232519086 -0.0061567055
0.0013498501 -0.0232519086 -0.0058815682
0.0012346127 -0.0232519086 -0.0055529382
0.0010934203 -0.0232519086 -0.0051649573
0.0009247402 -0.0232519086 -0.0047125675
0.0007322106000000001 -0.0232519086 -0.0041914048
0.0005242733 -0.0232519086 -0.0035992303
0.0003098244 -0.0232519086 -0.0029388017
9.33952e-05 -0.0232519086 -0.0022199353
-0.000125549 -0.0232519086 -0.0014590745
-0.0003469618 -0.0232519086 -0.0006764413
-0.0005643665 -0.0232519086 0.000107312
-0.0007664757 -0.0232519086 0.0008728078
-0.0009441917 -0.0232519086 0.0016022052
-0.0010947175 -0.0232519086 0.0022800723
-0.0012192301 -0.0232519086 0.0028952231
-0.0013189367 -0.0232519086 0.0034417884
-0.0013945067 -0.0232519086 0.0039186371
-0.0014483439 -0.0232519086 0.0043279714
-0.0014860993 -0.0232519086 0.0046741495
-0.001516012 -0.0232519086 0.0049629348
-0.0015475898 -0.0232519086 0.0052005373
-0.0015910613 -0.0232519086 0.005391762
-0.0016598167 -0.0232519086 0.0055341639
-0.0017661794 -0.0232519086 0.0055900998
-0.0018669363 -0.0232519086 0.0055099248
-0.0019473398 -0.0232519086 0.0053696293
-0.0020192921 -0.0232519086 0.0051831601
-0.0020824845 -0.0232519086 0.004947106
-0.0021292825 -0.0232519086 0.0046548305
-0.0021475624 -0.0232519086 0.0043002914
-0.0021259869 -0.0232519086 0.0038798962
-0.0020605415 -0.0232519086 0.0033919359
-0.0019562543 -0.0232519086 0.0028350292
-0.0018210261 -0.0232519086 0.0022093912
-0.0016571013 -0.0232519086 0.0015204462
-0.001458697 -0.0232519086 0.0007809611
-0.0012204054 -0.0232519086 9.4981e-06
-0.0009486442 -0.0232519086 -0.0007742064
-0.0006618675 -0.0232519086 -0.0015525659
-0.0003789593 -0.0232519086 -0.0023088533
-0.000108615 -0.0232519086 -0.0030252054
0.0001497634 -0.0232519086 -0.0036845722
0.0003978934 -0.0232519086 -0.0042746088
0.0006325286 -0.0232519086 -0.0047903687
0.0008473838 -0.0232519086 -0.005233426
0.0010370995 -0.0232519086 -0.0056093518
0.0011998394 -0.0232519086 -0.0059250413
0.0013361891 -0.0232519086 -0.0061878893
0.0014499335 -0.0232519086 -0.0064043044
0.0015441702 -0.0232519086 -0.0065810007
0.0016214901 -0.0232519086 -0.0067244457
0.0015613409 -0.0242108057 -0.0066389625
0.0015185042 -0.0242108057 -0.0065202509
0.0014663654 -0.0242108057 -0.0063733124
0.0014034721 -0.0242108057 -0.0061923325
0.0013292468 -0.0242108057 -0.0059705035
0.0012402579 -0.0242108057 -0.0057015271
0.0011296336 -0.0242108057 -0.0053802205
0.0009940249999999999 -0.0242108057 -0.0050008539
0.0008318956 -0.0242108057 -0.0045585089
0.0006467102 -0.0242108057 -0.0040489866
0.0004466492 -0.0242108057 -0.0034701664
0.0002404691 -0.0242108057 -0.0028247446
3.27783e-05 -0.0242108057 -0.0021222474
-0.0001768612 -0.0242108057 -0.001378675
-0.0003886587 -0.0242108057 -0.0006138069
-0.0005967632 -0.0242108057 0.0001520706
-0.0007904042 -0.0242108057 0.000899958
-0.0009605031 -0.0242108057 0.0016124851
-0.0011039559 -0.0242108057 0.0022746826
-0.0012218963 -0.0242108057 0.0028756408
-0.0013159006 -0.0242108057 0.0034095555
-0.0013872011 -0.0242108057 0.0038752345
-0.0014383094 -0.0242108057 0.0042748404
-0.0014743895 -0.0242108057 0.0046127191
-0.0015027354 -0.0242108057 0.0048946061
-0.0015316487 -0.0242108057 0.0051267257
-0.0015698963 -0.0242108057 0.0053142808
-0.0016288392 -0.0242108057 0.0054570765
-0.00172513 -0.0242108057 0.0055229783
-0.0018290616 -0.0242108057 0.0054509238
-0.0019162751 -0.0242108057 0.0053191417
-0.001992731 -0.0242108057 0.0051392708
-0.0020579248 -0.0242108057 0.0049093332
-0.002105201 -0.0242108057 0.0046237132
-0.0021240773 -0.0242108057 0.0042770017
-0.0021051096 -0.0242108057 0.0038657056
-0.0020453046 -0.0242108057 0.0033878935
-0.0019491995 -0.0242108057 0.0028421291
-0.0018231793 -0.0242108057 0.0022288982
-0.0016681451 -0.0242108057 0.0015538267
-0.0014780873 -0.0242108057 0.0008295012
-0.0012483121 -0.0242108057 7.394860000000001e-05
-0.0009858247 -0.0242108057 -0.0006937127
-0.0007088576 -0.0242108057 -0.0014562935
-0.0004356429 -0.0242108057 -0.0021972942
-0.0001745356 -0.0242108057 -0.0028991784
7.50114e-05 -0.0242108057 -0.0035453184
0.0003146564 -0.0242108057 -0.004123688
0.0005413794 -0.0242108057 -0.0046293891
0.0007492399 -0.0242108057 -0.0050638324
0.0009330806 -0.0242108057 -0.0054323779
0.0010910222 -0.0242108057 -0.0057417793
0.00122352 -0.0242108057 -0.0059993113
0.0013339932 -0.0242108057 -0.0062113911
0.001425394 -0.0242108057 -0.006384624
0.0015003262 -0.0242108057 -0.0065252962
0.0014429279 -0.0251697029 -0.0064434024
0.001401832 -0.0251697029 -0.006327286
0.001351807 -0.0251697029 -0.0061835711
0.001291455 -0.0251697029 -0.006006579
0.0012202179 -0.0251697029 -0.0057896733
0.0011348063 -0.0251697029 -0.0055266795
0.0010285971 -0.0251697029 -0.0052124841
0.0008983348 -0.0251697029 -0.0048414822
0.000742485 -0.0251697029 -0.0044088874
0.0005643438 -0.0251697029 -0.0039106588
0.0003718396 -0.0251697029 -0.0033447877
0.0001735903 -0.0251697029 -0.0027139136
-2.57263e-05 -0.0251697029 -0.0020272864
-0.0002264547 -0.0251697029 -0.0013004805
-0.0004290446 -0.0251697029 -0.0005528432
-0.000628238 -0.0251697029 0.0001957029
-0.0008137593 -0.0251697029 0.0009265283999999999
-0.000976551 -0.0251697029 0.0016227136
-0.0011132213 -0.0251697029 0.0022697281
-0.0012248544 -0.0251697029 0.0028569295
-0.0013134054 -0.0251697029 0.0033785791
-0.0013806096 -0.0251697029 0.003833439
-0.0014290835 -0.0251697029 0.0042236342
-0.001463529 -0.0251697029 0.0045534903
-0.001490334 -0.0251697029 0.0048287039
-0.0015166501 -0.0251697029 0.0050554999
-0.0015498309 -0.0251697029 0.005239443
-0.0015992687 -0.0251697029 0.0053824704
-0.001685659 -0.0251697029 0.0054577916
-0.0017923909 -0.0251697029 0.0053936112
-0.0018859257 -0.0251697029 0.005270113
-0.0019665663 -0.0251697029 0.0050966708
-0.0020335786 -0.0251697029 0.004872669
-0.0020812745 -0.0251697029 0.0045935121
-0.002100704 -0.0251697029 0.0042543729
-0.0020842114 -0.0251697029 0.0038519167
-0.0020298146 -0.0251697029 0.0033839855
-0.0019415769 -0.0251697029 0.0028490875
-0.0018244139 -0.0251697029 0.0022479537
-0.0016779437 -0.0251697029 0.0015863829
-0.0014959438 -0.0251697029 0.0008767803
-0.0012744062 -0.0251697029 0.000136664
-0.0010208997 -0.0251697029 -0.0006154341
-0.0007534364 -0.0251697029 -0.0013627052
-0.0004896129 -0.0251697029 -0.0020888723
-0.0002374512 -0.0251697029 -0.0027767164
3.5467e-06 -0.0251697029 -0.0034100173
0.0002349781 -0.0251697029 -0.0039770573
0.0004540396 -0.0251697029 -0.0044729885
0.0006551193 -0.0251697029 -0.0048990689
0.0008332585 -0.0251697029 -0.0052604553
0.0009865383 -0.0251697029 -0.0055637629
0.001115295 -0.0251697029 -0.0058161445
0.001222586 -0.0251697029 -0.0060240257
0.0013112265 -0.0251697029 -0.0061939035
0.0013838399 -0.0251697029 -0.0063318857
0.0013314752 -0.0261286 -0.0062487703
0.0012920256 -0.0261286 -0.0061352107
0.0012440064 -0.0261286 -0.0059946689
0.0011860833 -0.0261286 -0.0058215952
0.0011177139 -0.0261286 -0.0056095207
0.001035749 -0.0261286 -0.0053523925
0.0009337196000000001 -0.0261286 -0.0050451928
0.0008084837000000001 -0.0261286 -0.0046824365
0.0006584985 -0.0261286 -0.0042594658
0.0004869699 -0.0261286 -0.0037723649
0.0003016403 -0.0261286 -0.0032192099
0.0001110067 -0.0261286 -0.0026025828
-8.02647e-05 -0.0261286 -0.0019314947
-0.0002725203 -0.0261286 -0.0012211326
-0.0004664224 -0.0261286 -0.000490413
-0.0006571452 -0.0261286 0.0002411414
-0.000834788 -0.0261286 0.0009552921
-0.0009903894000000001 -0.0261286 0.0016355323
-0.0011204722 -0.0261286 0.0022677098
-0.0012261601 -0.0261286 0.00284143
-0.0013096928 -0.0261286 0.0033510426
-0.0013730583 -0.0261286 0.003795311
-0.0014188578 -0.0261286 0.0041763318
-0.0014513479 -0.0261286 0.0044983907
-0.0014762506 -0.0261286 0.0047671117
-0.0014998682 -0.0261286 0.0049886803
-0.0015285334 -0.0261286 0.0051689003
-0.0015701731 -0.0261286 0.0053112737
-0.0016485081 -0.0261286 0.0053929143
-0.0017566117 -0.0261286 0.0053352838
-0.0018543883 -0.0261286 0.0052189116
-0.0019377485 -0.0261286 0.0050513893
-0.0020058214 -0.0261286 0.004833178
-0.0020537059 -0.0261286 0.0045604817
-0.0020737082 -0.0261286 0.0042289471
-0.0020596041 -0.0261286 0.0038353758
-0.0020100896 -0.0261286 0.0033774532
-0.0019287582 -0.0261286 0.0028536721
-0.0018193439 -0.0261286 0.0022649499
-0.0016805745 -0.0261286 0.0016171581
-0.0015062784 -0.0261286 0.0009224434
-0.001293103 -0.0261286 0.000197798
-0.0010489188 -0.0261286 -0.0005387721
-0.0007912415 -0.0261286 -0.00127075
-0.0005369016 -0.0261286 -0.0019820363
-0.0002936117 -0.0261286 -0.0026557388
-6.10344e-05 -0.0261286 -0.003276082
0.0001622624 -0.0261286 -0.0038316936
0.0003736395 -0.0261286 -0.0043178008
0.0005678413 -0.0261286 -0.0047355084
0.0007401466 -0.0261286 -0.0050897532
0.0008886512 -0.0261286 -0.0053869854
0.0010136007 -0.0261286 -0.0056342203
0.0011177468 -0.0261286 -0.005837856
0.0012037411 -0.0261286 -0.0060042948
0.0012741713 -0.0261286 -0.0061394955
0.0012394449 -0.0270874972 -0.0060526041
0.0012015306 -0.0270874972 -0.0059414756
0.0011554217 -0.0270874972 -0.0058039382
0.0010998609 -0.0270874972 -0.0056345596
0.0010344494 -0.0270874972 -0.0054269889
0.0009560242 -0.0270874972 -0.005175335
0.0008579969 -0.0270874972 -0.0048747542
0.0007372091 -0.0270874972 -0.0045199201
0.0005921843 -0.0270874972 -0.0041062827
0.0004262752 -0.0270874972 -0.0036299578
0.0002474106 -0.0270874972 -0.0030889712
6.407859999999999e-05 -0.0270874972 -0.0024858285
-0.0001193609 -0.0270874972 -0.0018294164
-0.0003036936 -0.0270874972 -0.0011346745
-0.0004897795 -0.0270874972 -0.0004201049
-0.0006726598 -0.0270874972 0.0002952899
-0.0008423752 -0.0270874972 0.0009937386000000001
-0.0009903765 -0.0270874972 0.001659031
-0.0011139211 -0.0270874972 0.0022771963
-0.0012145825 -0.0270874972 0.0028380217
-0.001294415 -0.0270874972 0.0033360491
-0.0013547504 -0.0270874972 0.0037701886
-0.0013975677 -0.0270874972 0.0041425594
-0.0014269195 -0.0270874972 0.0044573449
-0.0014486797 -0.0270874972 0.0047200258
-0.0014695749 -0.0270874972 0.0049366517
-0.0014964774 -0.0270874972 0.0051128492
-0.0015381762 -0.0270874972 0.0052515464
-0.0016178313 -0.0270874972 0.0053275255
-0.0017234125 -0.0270874972 0.0052713056
-0.0018186127 -0.0270874972 0.005157479
-0.0018999193 -0.0270874972 0.0049938979
-0.0019668073 -0.0270874972 0.0047810134
-0.002014645 -0.0270874972 0.0045150107
-0.0020359596 -0.0270874972 0.0041914765
-0.0020243717 -0.0270874972 0.0038072112
-0.0019781144 -0.0270874972 0.0033599818
-0.0019002476 -0.0270874972 0.0028484502
-0.0017944638 -0.0270874972 0.002273573
-0.0016602495 -0.0270874972 0.0016409545
-0.0014926092 -0.0270874972 0.0009621658
-0.0012887526 -0.0270874972 0.0002535504
-0.0010557297 -0.0270874972 -0.0004672118
-0.0008093573 -0.0270874972 -0.0011835392
-0.0005651465 -0.0270874972 -0.0018793187
-0.0003306509 -0.0270874972 -0.0025380446
-0.0001062135 -0.0270874972 -0.0031445755
0.000108985 -0.0270874972 -0.0036880586
0.0003123397 -0.0270874972 -0.0041638704
0.0004990597 -0.0270874972 -0.0045729377
0.0006649117 -0.0270874972 -0.0049198722
0.0008082019 -0.0270874972 -0.0052108543
0.0009291887 -0.0270874972 -0.0054526982
0.0010304169 -0.0270874972 -0.0056517032
0.0011143277 -0.0270874972 -0.0058141867
0.0011832456 -0.0270874972 -0.0059460735
0.0011505484 -0.0280463943 -0.0058609744
0.0011141051 -0.0280463943 -0.005752228
0.0010698258 -0.0280463943 -0.0056176348
0.0010165297 -0.0280463943 -0.0054518766
0.0009539453 -0.0280463943 -0.0052487226
0.0008789101 -0.0280463943 -0.0050024341
0.0007847132 -0.0280463943 -0.0047083361
0.0006682006 -0.0280463943 -0.0043612507
0.0005279506 -0.0280463943 -0.0039567342
0.0003674624 -0.0280463943 -0.003490934
0.0001948317 -0.0280463943 -0.0029618349
1.85312e-05 -0.0280463943 -0.0023718711
-0.0001573783 -0.0280463943 -0.0017298063
-0.0003341004 -0.0280463943 -0.0010503321
-0.0005126767 -0.0280463943 -0.0003515435
-0.0006880162999999999 -0.0280463943 0.0003480626
-0.0008501044 -0.0280463943 0.0010311673
-0.0009907908999999999 -0.0280463943 0.0016818518
-0.0011080415 -0.0280463943 0.0022863292
-0.0012038596 -0.0280463943 0.0028345695
-0.001280118 -0.0280463943 0.0033212979
-0.0013375192 -0.0280463943 0.0037455602
-0.00137745 -0.0280463943 0.00410949
-0.0014037514 -0.0280463943 0.0044171694
-0.0014224494 -0.0280463943 0.0046739399
-0.0014406652 -0.0280463943 0.0048857238
-0.001465801 -0.0280463943 0.0050579766
-0.0015074314 -0.0280463943 0.0051930914
-0.0015881991 -0.0280463943 0.005263649
-0.0016911831 -0.0280463943 0.0052087815
-0.0017837781 -0.0280463943 0.0050974226
-0.0018630108 -0.0280463943 0.0049376739
-0.0019286635 -0.0280463943 0.0047299706
-0.0019763811 -0.0280463943 0.0044704867
-0.001998886 -0.0280463943 0.0041547685
-0.0019896895 -0.0280463943 0.003779598
-0.0019465484 -0.0280463943 0.0033428146
-0.0018720231 -0.0280463943 0.0028432404
-0.0017697576 -0.0280463943 0.0022818694
-0.0016399619 -0.0280463943 0.0016640544
-0.0014787707 -0.0280463943 0.0010008205
-0.0012839351 -0.0280463943 0.0003078873
-0.0010617205 -0.0280463943 -0.0003973917
-0.000826308 -0.0280463943 -0.0010983924
-0.0005919321 -0.0280463943 -0.001779003
-0.0003659844 -0.0280463943 -0.0024230927
-0.0001494579 -0.0280463943 -0.0030161266
5.78771e-05 -0.0280463943 -0.003547748
0.0002534413 -0.0280463943 -0.0040134804
0.0004328959 -0.0280463943 -0.0044140829
0.0005924694 -0.0280463943 -0.0047538592
0.0007306754 -0.0280463943 -0.0050387295
0.0008477890000000001 -0.0280463943 -0.0052753107
0.0009461603 -0.0280463943 -0.0054698013
0.0010280192 -0.0280463943 -0.0056284389
0.0010954431 -0.0280463943 -0.0057571072
0.0010647693 -0.0290052914 -0.005674132
0.0010297455 -0.0290052914 -0.0055677119
0.0009872313 -0.0290052914 -0.0054359942
0.0009361238999999999 -0.0290052914 -0.005273771
0.0008762597999999999 -0.0290052914 -0.0050749343
0.0008044932000000001 -0.0290052914 -0.0048338877
0.0007139867 -0.0290052914 -0.0045461201
0.0006016085 -0.0290052914 -0.0042065935
0.0004659744 -0.0290052914 -0.0038109703
0.0003107328 -0.0290052914 -0.0033554294
0.0001441288 -0.0290052914 -0.0028379226
-2.53815e-05 -0.0290052914 -0.0022608159
-0.0001940269 -0.0290052914 -0.001632751
-0.0003634081 -0.0290052914 -0.0009681719
-0.0005347395 -0.0290052914 -0.0002847748
-0.0007028046 -0.0290052914 0.0003994312
-0.00085754 -0.0290052914 0.0010675644
-0.0009911811000000001 -0.0290052914 0.0017039922
-0.00110237 -0.0290052914 0.0022951155
-0.0011935213 -0.0290052914 0.0028310866
-0.0012663326 -0.0290052914 0.0033068072
-0.001320905 -0.0290052914 0.0037214473
-0.0013580657 -0.0290052914 0.0040771476
-0.0013814332 -0.0290052914 0.0043778923
-0.001397195 -0.0290052914 0.0046288885
-0.0014128325 -0.0290052914 0.0048359403
-0.0014362653 -0.0290052914 0.0050043419
-0.0014777994 -0.0290052914 0.0051359863
-0.0015596061 -0.0290052914 0.0052013682
-0.0016600486 -0.0290052914 0.0051478152
-0.0017501065 -0.0290052914 0.0050388521
-0.001827316 -0.0290052914 0.004882828
-0.0018917513 -0.0290052914 0.0046801621
-0.0019393287 -0.0290052914 0.0044270161
-0.0019629446 -0.0290052914 0.0041189141
-0.0019560306 -0.0290052914 0.0037526052
-0.0019158805 -0.0290052914 0.0033259998
-0.0018445757 -0.0290052914 0.002838068
-0.0017457124 -0.0290052914 0.00228984
-0.0016201904 -0.0290052914 0.0016864326
-0.0014652273 -0.0290052914 0.0010383541
-0.0012790939 -0.0290052914 0.0003607266
-0.001067304 -0.0290052914 -0.0003294217
-0.0008424683 -0.0290052914 -0.0010154446
-0.0006175929 -0.0290052914 -0.0016812468
-0.000399911 -0.0290052914 -0.0023110621
-0.000191037 -0.0290052914 -0.0028909343
8.6946e-06 -0.0290052914 -0.0034109796
0.0001967278 -0.0290052914 -0.0038668636
0.000369159 -0.0290052914 -0.0042591883
0.0005226608 -0.0290052914 -0.0045919647
0.0006559452 -0.0290052914 -0.0048708641
0.0007693051 -0.0290052914 -0.0051023118
0.0008649034 -0.0290052914 -0.0052924061
0.0009447658 -0.0290052914 -0.0054473054
0.0010107327 -0.0290052914 -0.0055728488
0.0009820957999999999 -0.0299641886 -0.0054923267
0.0009484534 -0.0299641886 -0.00538817
0.0009076562 -0.0299641886 -0.0052592506
0.0008586826 -0.0299641886 -0.0051004668
0.0008014547 -0.0299641886 -0.0049058358
0.0007328614 -0.0299641886 -0.004669894
0.0006459362 -0.0299641886 -0.0043882878
0.0005375835 -0.0299641886 -0.0040561141
0.0004064363 -0.0299641886 -0.0036691405
0.0002562953 -0.0299641886 -0.0032235778
9.55376e-05 -0.0299641886 -0.002717353
-6.73946e-05 -0.0299641886 -0.0021527654
-0.000229005 -0.0299641886 -0.0015383342
-0.0003912702 -0.0299641886 -0.0008882563
-0.0005555734 -0.0299641886 -0.00021984
-0.0007165898 -0.0299641886 0.0004493737
-0.0008642204 -0.0299641886 0.0011029223
-0.0009910733 -0.0299641886 0.0017254553
-0.0010964266 -0.0299641886 0.0023035666
-0.0011830828 -0.0299641886 0.0028275913
-0.0012525713 -0.0299641886 0.0032926004
-0.001304425 -0.0299641886 0.0036978767
-0.0013389493 -0.0299641886 0.0040455621
-0.0013595295 -0.0299641886 0.0043395473
-0.001372533 -0.0299641886 0.004584911
-0.0013857611 -0.0299641886 0.004787349
-0.0014076318 -0.0299641886 0.0049520068
-0.0014491498 -0.0299641886 0.0050803064
-0.0015320483 -0.0299641886 0.0051407664
-0.00163012 -0.0299641886 0.0050884913
-0.0017177818 -0.0299641886 0.0049818427
-0.0017930788 -0.0299641886 0.0048294323
-0.0018563835 -0.0299641886 0.0046316627
-0.0019038612 -0.0299641886 0.00438467
-0.0019285616 -0.0299641886 0.0040839712
-0.0019238439 -0.0299641886 0.0037262698
-0.0018865801 -0.0299641886 0.0033095542
-0.0018183848 -0.0299641886 0.0028329276
-0.0017228172 -0.0299641886 0.0022974543
-0.0016014312 -0.0299641886 0.001708031
-0.0014524688 -0.0299641886 0.0010746809
-0.0012746913 -0.0299641886 0.0004119575
-0.0010728965 -0.0299641886 -0.000263433
-0.0008582052 -0.0299641886 -0.0009348463
-0.0006424579 -0.0299641886 -0.0015862216
-0.0004327341 -0.0299641886 -0.0022021467
-0.0002312325 -0.0299641886 -0.0027692136
-3.88173e-05 -0.0299641886 -0.0032779842
0.0001419813 -0.0299641886 -0.0037242604
0.0003076675 -0.0299641886 -0.0041085
0.0004553427 -0.0299641886 -0.0044344373
0.0005839022 -0.0299641886 -0.004707507
0.0006936551 -0.0299641886 -0.0049339521
0.000786584 -0.0299641886 -0.0051197708
0.0008645263 -0.0299641886 -0.0052710375
0.0009290898 -0.0299641886 -0.0053935485
0.0009032314 -0.0309230857 -0.0053162592
0.0008710253 -0.0309230857 -0.0052142671
0.0008319528 -0.0309230857 -0.0050880415
0.0007850151000000001 -0.0309230857 -0.0049325998
0.0007301515 -0.0309230857 -0.0047421006
0.0006642998 -0.0309230857 -0.0045112038
0.0005807185 -0.0309230857 -0.0042356076
0.0004763664 -0.0309230857 -0.0039105151
0.0003499896 -0.0309230857 -0.0035317714
0.0002053222 -0.0309230857 -0.0030956882
5.06064e-05 -0.0309230857 -0.0026002637
-0.000105867 -0.0309230857 -0.0020477724
-0.0002606368 -0.0309230857 -0.001446538
-0.0004156383 -0.0309230857 -0.000810413
-0.0005723312 -0.0309230857 -0.0001563099
-0.0007257717 -0.0309230857 0.0004985619
-0.0008664333 -0.0309230857 0.0011380035
-0.0009873410999999999 -0.0309230857 0.0017469493
-0.0010878074 -0.0309230857 0.0023123198
-0.0011703501 -0.0309230857 0.0028247389
-0.0012361942 -0.0309230857 0.0032794428
-0.0012847387 -0.0309230857 0.0036757391
-0.0013163469 -0.0309230857 0.0040156949
-0.0013345514 -0.0309230857 0.0043030981
-0.0013458357 -0.0309230857 0.0045429339
-0.0013581111 -0.0309230857 0.0047407899
-0.0013799314 -0.0309230857 0.0049015995
-0.0014226642 -0.0309230857 0.005026035
-0.0015057601 -0.0309230857 0.0050820772
-0.0015995391 -0.0309230857 0.0050284315
-0.0016817217 -0.0309230857 0.0049218969
-0.0017536783 -0.0309230857 0.0047723878
-0.001816014 -0.0309230857 0.0045794807
-0.001864484 -0.0309230857 0.0043387765
-0.0018916174 -0.0309230857 0.0040454965
-0.0018900046 -0.0309230857 0.0036962809
-0.0018561967 -0.0309230857 0.0032892459
-0.0017920492 -0.0309230857 0.0028236009
-0.0017015595 -0.0309230857 0.0023003538
-0.0015863504 -0.0309230857 0.0017242647
-0.0014442218 -0.0309230857 0.0011051954
-0.0012735037 -0.0309230857 0.0004574616
-0.0010791199 -0.0309230857 -0.0002026617
-0.0008726323 -0.0309230857 -0.0008591112
-0.0006658879 -0.0309230857 -0.0014962823
-0.0004652048 -0.0309230857 -0.0020989382
-0.0002718166 -0.0309230857 -0.002653703
-8.615890000000001e-05 -0.0309230857 -0.0031512081
8.89916e-05 -0.0309230857 -0.003587427
0.000249664 -0.0309230857 -0.0039630003
0.0003926847 -0.0309230857 -0.0042817123
0.0005169795 -0.0309230857 -0.0045488615
0.0006229284000000001 -0.0309230857 -0.0047705075
0.0007128651 -0.0309230857 -0.0049522971
0.0007886028 -0.0309230857 -0.005100146
0.0008514961 -0.0309230857 -0.0052198175
0.0008273845 -0.0318819829 -0.0051457759
0.0007965679 -0.0318819829 -0.0050458812
0.0007591641 -0.0318819829 -0.0049222653
0.0007142018 -0.0318819829 -0.0047700595
0.0006616212 -0.0318819829 -0.0045835632
0.0005984229 -0.0318819829 -0.0043575513
0.0005180604 -0.0318819829 -0.0040877774
0.0004175904 -0.0318819829 -0.0037695405
0.0002958192 -0.0318819829 -0.0033987695
0.0001564374 -0.0318819829 -0.0029718693
7.5509e-06 -0.0318819829 -0.0024869093
-0.0001426921 -0.0318819829 -0.0019461381
-0.0002908648 -0.0318819829 -0.0013576912
-0.000438862 -0.0318819829 -0.0007350881
-0.0005882186 -0.0318819829 -9.485859999999999e-05
-0.0007343598 -0.0318819829 0.0005461105
-0.0008683101 -0.0318819829 0.0011718793
-0.0009834961 -0.0318819829 0.0017676606
-0.0010792585 -0.0318819829 0.0023206914
-0.0011578446 -0.0318819829 0.0028218715
-0.0012201882 -0.0318819829 0.0032665938
-0.0012655631 -0.0318819829 0.0036541885
-0.0012943885 -0.0318819829 0.0039866525
-0.0013103341 -0.0318819829 0.0042676767
-0.0013199986 -0.0318819829 0.0045021584
-0.0013313855 -0.0318819829 0.0046955836
-0.0013531877 -0.0318819829 0.0048526846
-0.001397122 -0.0318819829 0.0049734234
-0.0014804778 -0.0318819829 0.0050252495
-0.0015702333 -0.0318819829 0.0049703013
-0.0016472218 -0.0318819829 0.0048638713
-0.0017160079 -0.0318819829 0.0047171585
-0.0017774196 -0.0318819829 0.0045289466
-0.0018268667 -0.0318819829 0.0042943287
-0.001856309 -0.0318819829 0.00400824
-0.0018576661 -0.0318819829 0.0036672399
-0.001827178 -0.0318819829 0.0032695762
-0.0017669145 -0.0318819829 0.0028145576
-0.0016812956 -0.0318819829 0.0023031438
-0.0015720109 -0.0318819829 0.0017399644
-0.0014364398 -0.0318819829 0.0011347205
-0.0012724983 -0.0318819829 0.0005014932
-0.0010852287 -0.0318819829 -0.0001438559
-0.0008866143 -0.0318819829 -0.0007858163
-0.0006885085 -0.0318819829 -0.0014092218
-0.0004965031 -0.0318819829 -0.0019990126
-0.0003109052 -0.0318819829 -0.0025418547
-0.0001317409 -0.0318819829 -0.003028452
3.79807e-05 -0.0318819829 -0.0034549396
0.0001938338 -0.0318819829 -0.0038221274
0.0003323848 -0.0318819829 -0.004133843
0.0004525871 -0.0318819829 -0.0043952538
0.0005548876 -0.0318819829 -0.0046122442
0.0006419526 -0.0318819829 -0.0047901291
0.0007155767 -0.0318819829 -0.0049346685
0.000776868 -0.0318819829 -0.0050515932
0.000754165 -0.03284088 -0.0049794392
0.0007246902 -0.03284088 -0.0048815953
0.0006888981 -0.03284088 -0.0047605308
0.0006458489 -0.03284088 -0.004611486
0.0005954685 -0.03284088 -0.0044289017
0.0005348351 -0.03284088 -0.0042076601
0.0004575784 -0.03284088 -0.003943573
0.0003608676 -0.03284088 -0.0036320301
0.000243549 -0.03284088 -0.0032690455
0.0001092828 -0.03284088 -0.0028511121
-3.39668e-05 -0.03284088 -0.0023763708
-0.0001781889 -0.03284088 -0.0018470438
-0.0003199918 -0.03284088 -0.0012710846
-0.0004612295 -0.03284088 -0.0006616884
-0.0006035086 -0.03284088 -3.50118e-05
-0.0007426092 -0.03284088 0.000592376
-0.0008700866 -0.03284088 0.0012047921
-0.0009797547 -0.03284088 0.0017877233
-0.0010709795 -0.03284088 0.0023287151
-0.0011457499 -0.03284088 0.0028189321
-0.001204721 -0.03284088 0.0032539166
-0.0012470479 -0.03284088 0.0036330193
-0.0012732029 -0.03284088 0.0039581699
-0.0012869825 -0.03284088 0.0042329672
-0.0012950971 -0.03284088 0.0044622245
-0.0013056266 -0.03284088 0.0046513319
-0.0013274061 -0.03284088 0.0048048285
-0.0013724764 -0.03284088 0.0049220061
-0.0014560713 -0.03284088 0.0049698039
-0.0015419734 -0.03284088 0.0049136222
-0.0016139887 -0.03284088 0.0048073055
-0.0016797255 -0.03284088 0.0046633123
-0.0017402224 -0.03284088 0.0044796645
-0.0017905857 -0.03284088 0.0042509773
-0.0018222067 -0.03284088 0.0039719037
-0.0018263988 -0.03284088 0.0036389192
-0.0017990927 -0.03284088 0.0032503955
-0.0017425638 -0.03284088 0.0028057382
-0.0016616322 -0.03284088 0.0023058658
-0.0015580516 -0.03284088 0.0017552818
-0.0014288016 -0.03284088 0.0011635257
-0.0012714024 -0.03284088 0.0005444446
-0.0010910075 -0.03284088 -8.64992e-05
-0.0008999988 -0.03284088 -0.0007143238000000001
-0.0007102317 -0.03284088 -0.0013242851
-0.0005265988 -0.03284088 -0.001901504
-0.000348526 -0.03284088 -0.0024327015
-0.0001756414 -0.03284088 -0.0029086565
-1.11764e-05 -0.03284088 -0.0033256578
0.0001400059 -0.03284088 -0.0036846729
0.0002742289 -0.03284088 -0.0039895642
0.0003904703 -0.03284088 -0.0042453728
0.0004892396 -0.03284088 -0.0044578152
0.0005735227000000001 -0.03284088 -0.004631889
0.0006450974 -0.03284088 -0.0047732032
0.0007048332 -0.03284088 -0.0048874538
0.0006550014 -0.0337997772 -0.0047199928
0.000683183 -0.0337997772 -0.0048158114
0.0006207627 -0.0337997772 -0.0046014468
0.0005795623 -0.0337997772 -0.0044555196
0.0005312981 -0.0337997772 -0.0042767945
0.000473141 -0.0337997772 -0.0040602538
0.0003988889 -0.0337997772 -0.0038017702
0.0003058098 -0.0337997772 -0.0034968237
0.0001928032 -0.0337997772 -0.0031415101
6.35004e-05 -0.0337997772 -0.0027324073
-7.42845e-05 -0.0337997772 -0.0022677289
-0.000212676 -0.0337997772 -0.0017496708
-0.0003483201 -0.0337997772 -0.0011860091
-0.0004830289 -0.0337997772 -0.0005896208
-0.0006184743 -0.0337997772 2.37048e-05
-0.0007507752 -0.0337997772 0.0006377149
-0.0008719985 -0.0337997772 0.0012369843
-0.0009763333 -0.0337997772 0.0018072719
-0.0010631699 -0.0337997772 0.0023364249
-0.0011342499 -0.0337997772 0.0028158641
-0.0011899606 -0.0337997772 0.0032412746
-0.0012293429 -0.0337997772 0.0036120259
-0.0012529193 -0.0337997772 0.0039299823
-0.0012646019 -0.0337997772 0.004198654
-0.0012712066 -0.0337997772 0.0044227726
-0.0012808762 -0.0337997772 0.0046076364
-0.0013025925 -0.0337997772 0.0047575976
-0.0013486806 -0.0337997772 0.0048713174
-0.0014324107 -0.0337997772 0.0049152613
-0.0015145301 -0.0337997772 0.0048579158
-0.0015817292 -0.0337997772 0.0047517387
-0.0016444887 -0.0337997772 0.0046104174
-0.0017040447 -0.0337997772 0.0044312382
-0.0017552175 -0.0337997772 0.0042083733
-0.0017888806 -0.0337997772 0.0039361897
-0.0017957731 -0.0337997772 0.0036110912
-0.0017715096 -0.0337997772 0.0032315544
-0.0017185804 -0.0337997772 0.0027970835
-0.0016421762 -0.0337997772 0.0023085612
-0.0015441118 -0.0337997772 0.0017703685
-0.0014209861 -0.0337997772 0.0011918805
-0.0012699432 -0.0337997772 0.0005867080999999999
-0.0010962406 -0.0337997772 -3.00754e-05
-0.0009126333 -0.0337997772 -0.0006439956
-0.0007309692 -0.0337997772 -0.0012407176
-0.0005554617 -0.0337997772 -0.0018055462
-0.0003847069 -0.0337997772 -0.0023252762
-0.0002179383 -0.0337997772 -0.002790762
-5.86051e-05 -0.0337997772 -0.0031984414
8.800980000000001e-05 -0.0337997772 -0.0035494281
0.0002180032 -0.0337997772 -0.0038476108
0.0003303744 -0.0337997772 -0.0040979076
0.0004256913 -0.0337997772 -0.004305873
0.0005072519 -0.0337997772 -0.0044761991
0.0005768145 -0.0337997772 -0.0046143482
0.0006350195 -0.0337997772 -0.0047259776
0.0005729884 -0.0347586743 -0.0045640732
0.0006004372 -0.0347586743 -0.0046576654
0.0005397403 -0.0347586743 -0.0044482554
0.0004998785 -0.0347586743 -0.0043056489
0.0004534662 -0.0347586743 -0.0041309226
0.0003978197 -0.0347586743 -0.0039191478
0.0003269446 -0.0347586743 -0.0036662564
0.0002381567 -0.0347586743 -0.0033678187
0.0001303267 -0.0347586743 -0.0030200379
6.8333e-06 -0.0347586743 -0.0026196543
-0.0001248315 -0.0347586743 -0.0021650175
-0.000257054 -0.0347586743 -0.0016583277
-0.0003865186 -0.0347586743 -0.0011071627
-0.0005149151 -0.0347586743 -0.0005240479
-0.0006438794 -0.0347586743 7.562459999999999e-05
-0.000769722 -0.0347586743 0.0006759583
-0.0008847723 -0.0347586743 0.0012618473
-0.000983343 -0.0347586743 0.0018193665
-0.0010648319 -0.0347586743 0.0023366511
-0.0011310865 -0.0347586743 0.002805312
-0.0011827725 -0.0347586743 0.0032211003
-0.0012192086 -0.0347586743 0.0035833727
-0.0012409422 -0.0347586743 0.0038939691
-0.0012515759 -0.0347586743 0.0041563729
-0.0012573739 -0.0347586743 0.0043752568
-0.0012658368 -0.0347586743 0.0045558466
-0.0012851862 -0.0347586743 0.0047025638
-0.0013266478 -0.0347586743 0.0048149188
-0.0014048287 -0.0347586743 0.004862546
-0.0014858287 -0.0347586743 0.0048073633
-0.0015527493 -0.0347586743 0.0047043499
-0.0016156389 -0.0347586743 0.0045669338
-0.0016758386 -0.0347586743 0.0043925132
-0.0017282971 -0.0347586743 0.0041752958
-0.0017639875 -0.0347586743 0.0039096697
-0.001773541 -0.0347586743 0.0035920424
-0.0017523897 -0.0347586743 0.0032209921
-0.00170281 -0.0347586743 0.0027961565
-0.0016300293 -0.0347586743 0.0023184673
-0.001536194 -0.0347586743 0.00179217
-0.0014183491 -0.0347586743 0.0012263283
-0.0012738137 -0.0347586743 0.0006341698999999999
-0.0011074777 -0.0347586743 3.04704e-05
-0.0009314138 -0.0347586743 -0.0005704755
-0.0007569852 -0.0347586743 -0.0011545529
-0.0005884421 -0.0347586743 -0.0017074422
-0.0004247001 -0.0347586743 -0.0022163629
-0.000265224 -0.0347586743 -0.0026724944
-0.0001132567 -0.0347586743 -0.0030723306
2.63825e-05 -0.0347586743 -0.003416814
0.000150263 -0.0347586743 -0.0037095538
0.0002576575 -0.0347586743 -0.0039552217
0.0003492038 -0.0347586743 -0.0041591959
0.0004281327 -0.0347586743 -0.0043260042
0.000495973 -0.0347586743 -0.0044610597
0.0005530323 -0.0347586743 -0.0045700493
0.0004912413 -0.0357175714 -0.0044119841
0.0005180768 -0.0357175714 -0.0045033658
0.0004588563 -0.0357175714 -0.0042988702
0.0004202151 -0.0357175714 -0.0041595456
0.0003755404 -0.0357175714 -0.0039887655
0.0003223381 -0.0357175714 -0.0037816763
0.0002547967 -0.0357175714 -0.0035342771
0.0001702868 -0.0357175714 -0.0032422204
6.76241e-05 -0.0357175714 -0.0029018223
-5.00757e-05 -0.0357175714 -0.0025099848
-0.0001756849 -0.0357175714 -0.002065204
-0.0003018615 -0.0357175714 -0.0015696848
-0.0004253301 -0.0357175714 -0.0010308102
-0.0005476452 -0.0357175714 -0.0004607571
-0.0006703898999999999 -0.0357175714 0.0001254747
-0.0007900336 -0.0357175714 0.0007123454
-0.000899116 -0.0357175714 0.0012850724
-0.0009920266 -0.0357175714 0.001830047
-0.0010681661 -0.0357175714 0.0023356829
-0.0011295486 -0.0357175714 0.0027937674
-0.0011772051 -0.0357175714 0.0032001081
-0.0012107923 -0.0357175714 0.0035540479
-0.0012308765 -0.0357175714 0.0038574107
-0.0012406774 -0.0357175714 0.0041136601
-0.0012458175 -0.0357175714 0.0043274072
-0.0012530536 -0.0357175714 0.0045038017
-0.0012696983 -0.0357175714 0.0046473677
-0.0013056622 -0.0357175714 0.0047586822
-0.0013773753 -0.0357175714 0.0048111128
-0.001457696 -0.0357175714 0.0047586435
-0.0015250895 -0.0357175714 0.0046592728
-0.0015886108 -0.0357175714 0.0045259093
-0.0016496676 -0.0357175714 0.0043562001
-0.0017034243 -0.0357175714 0.004144498
-0.0017410356 -0.0357175714 0.0038852452
-0.0017531587 -0.0357175714 0.003574884
-0.0017350158 -0.0357175714 0.0032120715
-0.0016886351 -0.0357175714 0.002796585
-0.0016192149 -0.0357175714 0.0023294169
-0.0015292615 -0.0357175714 0.0018146837
-0.0014164019 -0.0357175714 0.0012611274
-0.0012782227 -0.0357175714 0.0006815785999999999
-0.0011191742 -0.0357175714 9.05334e-05
-0.0009504784 -0.0357175714 -0.0004978417
-0.000782941 -0.0357175714 -0.0010696184
-0.0006209634 -0.0357175714 -0.0016108706
-0.0004640031 -0.0357175714 -0.0021092956
-0.0003118304 -0.0357175714 -0.0025564181
-0.0001674233 -0.0357175714 -0.0029487774
-3.50009e-05 -0.0357175714 -0.0032871034
8.2599e-05 -0.0357175714 -0.0035746844
0.0001849526 -0.0357175714 -0.0038159358
0.0002727621 -0.0357175714 -0.0040160675
0.0003491373 -0.0357175714 -0.0041794653
0.0004153432 -0.0357175714 -0.0043115091
0.0004713463 -0.0357175714 -0.0044179205
0.0004122615 -0.0366764686 -0.0042621569
0.0004385069 -0.0366764686 -0.0043513728
0.0003807062 -0.0366764686 -0.0041516946
0.0003432363 -0.0366764686 -0.004015592
0.0003002315 -0.0366764686 -0.0038486905
0.0002493761 -0.0366764686 -0.0036462142
0.0001850301 -0.0366764686 -0.0034042294
0.0001046518 -0.0366764686 -0.0031184651
6.9731e-06 -0.0366764686 -0.0027853497
-0.0001051356 -0.0366764686 -0.0024019381
-0.0002248984 -0.0366764686 -0.0019668639
-0.000345241 -0.0366764686 -0.0014823351
-0.0004629298 -0.0366764686 -0.0009555452
-0.0005793884 -0.0366764686 -0.0003983331
-0.0006961454 -0.0366764686 0.0001746849
-0.0008098193 -0.0366764686 0.0007483207
-0.000913153 -0.0366764686 0.0013081096
-0.0010006133 -0.0366764686 0.0018407515
-0.0010716056 -0.0366764686 0.002334932
-0.0011283025 -0.0366764686 0.002782614
-0.0011720825 -0.0366764686 0.0031796667
-0.0012029231 -0.0366764686 0.0035254243
-0.0012214042 -0.0366764686 0.0038216938
-0.0012303845 -0.0366764686 0.0040719129
-0.0012348647 -0.0366764686 0.0042806239
-0.0012408824 -0.0366764686 0.004452895
-0.0012548983 -0.0366764686 0.0045933324
-0.0012855171 -0.0366764686 0.0047035218
-0.001350852 -0.0366764686 0.0047604484
-0.0014303747 -0.0366764686 0.0047106207
-0.0014981051 -0.0366764686 0.0046148051
-0.0015621329 -0.0366764686 0.0044854066
-0.0016239316 -0.0366764686 0.0043203236
-0.0016788584 -0.0366764686 0.0041140408
-0.0017182546 -0.0366764686 0.003861061
-0.0017328051 -0.0366764686 0.0035578565
-0.0017175412 -0.0366764686 0.0032031569
-0.0016742471 -0.0366764686 0.0027968685
-0.0016080824 -0.0366764686 0.0023400426
-0.0015218997 -0.0366764686 0.0018366755
-0.0014138839 -0.0366764686 0.0012952033
-0.0012818809 -0.0366764686 0.0007280725
-0.0011299183 -0.0366764686 0.0001494989
-0.0009683946 -0.0366764686 -0.0004264889
-0.0008075715 -0.0366764686 -0.0009861518000000001
-0.0006519908 -0.0366764686 -0.0015159439
-0.0005016264000000001 -0.0366764686 -0.0020040179
-0.0003565478 -0.0366764686 -0.002442231
-0.0002194788 -0.0366764686 -0.0028271705
-9.405889999999999e-05 -0.0366764686 -0.0031593698
1.74348e-05 -0.0366764686 -0.0034418158
0.0001148814 -0.0366764686 -0.0036786804
0.0001990434 -0.0366764686 -0.0038750095
0.0002729138 -0.0366764686 -0.0040350506
0.0003375052 -0.0366764686 -0.0041641454
0.0003924559 -0.0366764686 -0.0042680408
0.0003357921 -0.0376353657 -0.0041136004
0.000361475 -0.0376353657 -0.0042006788
0.0003050288 -0.0376353657 -0.004005757
0.0002686829 -0.0376353657 -0.0038728382
0.0002272704 -0.0376353657 -0.0037097766
0.0001786635 -0.0376353657 -0.0035118711
0.0001173943 -0.0376353657 -0.0032752546
4.09867e-05 -0.0376353657 -0.0029957392
-5.18838e-05 -0.0376353657 -0.002669854
-0.000158588 -0.0376353657 -0.0022948006
-0.0002727001 -0.0376353657 -0.0018693448
-0.0003874097 -0.0376353657 -0.0013956951
-0.0004995287 -0.0376353657 -0.0008808605
-0.0006103518 -0.0376353657 -0.0003363494
-0.0007213475 -0.0376353657 0.0002235992
-0.0008292735 -0.0376353657 0.0007841459
-0.0009270697 -0.0376353657 0.0013311411
-0.0010092825 -0.0376353657 0.0018515871
-0.0010753243 -0.0376353657 0.0023344364
-0.0011275166 -0.0376353657 0.0027718278
-0.0011675644 -0.0376353657 0.003159697
-0.0011957468 -0.0376353657 0.0034973747
-0.0012126508 -0.0376353657 0.003786649
-0.0012207983 -0.0376353657 0.0040309238
-0.0012245901 -0.0376353657 0.0042346657
-0.0012293763 -0.0376353657 0.0044028539
-0.0012407954 -0.0376353657 0.0045401616
-0.0012661826 -0.0376353657 0.0046491207
-0.0013251747 -0.0376353657 0.0047102171
-0.0014037234 -0.0376353657 0.0046629471
-0.0014716186 -0.0376353657 0.0045706055
-0.0015359958 -0.0376353657 0.0044450997
-0.0015983792 -0.0376353657 0.0042845728
-0.0016543196 -0.0376353657 0.004083644
-0.0016953366 -0.0376353657 0.0038368728
-0.0017121627 -0.0376353657 0.0035407639
-0.0016996437 -0.0376353657 0.0031941089
-0.0016593315 -0.0376353657 0.0027969328
-0.0015963343 -0.0376353657 0.0023503437
-0.0015138396 -0.0376353657 0.0018582242
-0.0014105545 -0.0376353657 0.0013287205
-0.0012845819 -0.0376353657 0.0007739042999999999
-0.001139544 -0.0376353657 0.0002077087
-0.0009850410000000001 -0.0376353657 -0.0003559871
-0.0008307995 -0.0376353657 -0.0009036373
-0.0006814867 -0.0376353657 -0.0014220646
-0.0005375708 -0.0376353657 -0.0018998583
-0.0003994097 -0.0376353657 -0.0023291953
-0.0002694882 -0.0376353657 -0.0027067152
-0.0001508985 -0.0376353657 -0.0030327727
-4.5352e-05 -0.0376353657 -0.0033100652
4.72958e-05 -0.0376353657 -0.0035425385
0.000127872 -0.0376353657 -0.0037350787
0.0001992633 -0.0376353657 -0.0038917951
0.0002622392 -0.0376353657 -0.0040179863
0.0003161235 -0.0376353657 -0.0041194137
0.0002712771 -0.0385942629 -0.0039634494
0.0002955386 -0.0385942629 -0.004048683
0.0002421683 -0.0385942629 -0.0038579174
0.0002077023 -0.0385942629 -0.0037278878
0.000168295 -0.0385942629 -0.0035684468
0.0001219086 -0.0385942629 -0.0033749899
6.34058e-05 -0.0385942629 -0.0031436651
-9.598299999999999e-06 -0.0385942629 -0.002870367
-9.840290000000001e-05 -0.0385942629 -0.0025517078
-0.0002005826 -0.0385942629 -0.0021850136
-0.0003100558 -0.0385942629 -0.0017691636
-0.0004202019 -0.0385942629 -0.0013063382
-0.0005276509 -0.0385942629 -0.0008033153
-0.0006332824 -0.0385942629 -0.0002712387
-0.0007384501 -0.0385942629 0.0002760164
-0.0008404115 -0.0385942629 0.0008238755
-0.0009328366 -0.0385942629 0.001358399
-0.0010105662 -0.0385942629 0.0018668622
-0.001072695 -0.0385942629 0.0023385432
-0.0011210839 -0.0385942629 0.0027658303
-0.0011573758 -0.0385942629 0.0031447517
-0.0011821676 -0.0385942629 0.0034746066
-0.0011964893 -0.0385942629 0.0037571155
-0.0012030127 -0.0385942629 0.0039956271
-0.0012060041 -0.0385942629 0.0041945391
-0.0012104483 -0.0385942629 0.0043587285
-0.0012215202 -0.0385942629 0.0044927658
-0.0012459819 -0.0385942629 0.0045992655
-0.0013031959 -0.0385942629 0.0046595518
-0.0013793754 -0.0385942629 0.0046128631
-0.001445047 -0.0385942629 0.0045223605
-0.0015078107 -0.0385942629 0.0043998529
-0.0015691561 -0.0385942629 0.0042433638
-0.0016247899 -0.0385942629 0.0040475492
-0.0016664629 -0.0385942629 0.0038069821
-0.0016850148 -0.0385942629 0.0035181165
-0.0016751301 -0.0385942629 0.0031797179
-0.0016380281 -0.0385942629 0.0027918653
-0.0015786293 -0.0385942629 0.0023557155
-0.0015002648 -0.0385942629 0.0018750612
-0.0014020158 -0.0385942629 0.001357785
-0.0012821877 -0.0385942629 0.0008155998999999999
-0.0011441419 -0.0385942629 0.0002621226
-0.0009969438 -0.0385942629 -0.0002889992
-0.0008499243000000001 -0.0385942629 -0.0008244663
-0.0007076266 -0.0385942629 -0.0013314086
-0.0005704395 -0.0385942629 -0.0017986916
-0.000438461 -0.0385942629 -0.0022186231
-0.0003138577 -0.0385942629 -0.0025878238
-0.000199556 -0.0385942629 -0.0029065662
-9.73867e-05 -0.0385942629 -0.0031775062
-7.486e-06 -0.0385942629 -0.0034045912
7.073229999999999e-05 -0.0385942629 -0.0035926663
0.0001397767 -0.0385942629 -0.0037459113
0.0002003881 -0.0385942629 -0.0038694985
0.0002521037 -0.0385942629 -0.003968939
0.0002131513 -0.03955316 -0.0038131053
0.000235646 -0.03955316 -0.0038966147
0.0001860375 -0.03955316 -0.0037097571
0.0001537359 -0.03955316 -0.0035824932
0.000116464 -0.03955316 -0.0034265759
7.22232e-05 -0.03955316 -0.0032375074
1.62784e-05 -0.03955316 -0.0030114298
-5.36526e-05 -0.03955316 -0.0027443208
-0.0001388048 -0.03955316 -0.002432866
-0.0002369366 -0.03955316 -0.0020745045
-0.0003422966 -0.03955316 -0.0016682164
-0.000448442 -0.03955316 -0.001216145
-0.0005517117 -0.03955316 -0.000724821
-0.0006524596 -0.03955316 -0.0002050161
-0.0007518977 -0.03955316 0.0003297491
-0.0008479268 -0.03955316 0.0008651342
-0.0009351668 -0.03955316 0.001387372
-0.0010088445 -0.03955316 0.0018839981
-0.0010676034 -0.03955316 0.0023446351
-0.0011125899 -0.03955316 0.0027619436
-0.001145178 -0.03955316 0.0031320542
-0.0011663202 -0.03955316 0.0034542232
-0.001177636 -0.03955316 0.0037300872
-0.0011821939 -0.03955316 0.003962931
-0.0011843047 -0.03955316 0.0041570906
-0.0011887539 -0.03955316 0.0043173377
-0.0012004269 -0.03955316 0.0044480644
-0.0012258241 -0.03955316 0.0045515871
-0.0012832317 -0.03955316 0.0046088624
-0.0013563434 -0.03955316 0.0045618658
-0.0014186874 -0.03955316 0.0044724419
-0.0014789157 -0.03955316 0.0043524941
-0.0015384436 -0.03955316 0.0041997712
-0.0015931122 -0.03955316 0.0040089216
-0.0016349324 -0.03955316 0.0037745207
-0.0016548791 -0.03955316 0.003492933
-0.0016475037 -0.03955316 0.0031628605
-0.00161365 -0.03955316 0.0027844018
-0.0015579843 -0.03955316 0.0023587546
-0.0014838893 -0.03955316 0.0018896329
-0.0013907461 -0.03955316 0.0013846693
-0.0012770363 -0.03955316 0.0008552283
-0.0011459311 -0.03955316 0.0003145965
-0.0010060848 -0.03955316 -0.0002238471
-0.0008664936 -0.03955316 -0.0007470718
-0.0007314616 -0.03955316 -0.0012424877
-0.0006010429 -0.03955316 -0.0016991686
-0.000474842 -0.03955316 -0.0021094759
-0.0003546822 -0.03955316 -0.0024699848
-0.0002434997 -0.03955316 -0.0027809292
-0.0001435454 -0.03955316 -0.0030450264
-5.5475e-05 -0.03955316 -0.0032663197
2.09296e-05 -0.03955316 -0.0034496598
8.76858e-05 -0.03955316 -0.0035993824
0.0001456029 -0.03955316 -0.0037204985
0.0001946642 -0.03955316 -0.003818159
0.0001568885 -0.0405120572 -0.003664857
0.0001776902 -0.0405120572 -0.0037466469
0.0001316869 -0.0405120572 -0.0035636826
0.0001014652 -0.0405120572 -0.0034391643
6.62384e-05 -0.0405120572 -0.003286737
2.40608e-05 -0.0405120572 -0.0031020043
-2.9421e-05 -0.0405120572 -0.0028811098
-9.63837e-05 -0.0405120572 -0.0026201121
-0.0001780034 -0.0405120572 -0.0023157704
-0.0002722111 -0.0405120572 -0.0019656306
-0.0003735768 -0.0405120572 -0.0015687693
-0.0004758436 -0.0405120572 -0.001127294
-0.0005750675999999999 -0.0405120572 -0.000647498
-0.0006711037 -0.0405120572 -0.0001397959
-0.0007650244 -0.0405120572 0.0003826393
-0.0008553429 -0.0405120572 0.0009057074
-0.000937587 -0.0405120572 0.0014158234
-0.0010073562 -0.0405120572 0.0019007823
-0.0010628661 -0.0405120572 0.002350538
-0.0011045826 -0.0405120572 0.0027580092
-0.0011336101 -0.0405120572 0.0031194246
-0.0011512547 -0.0405120572 0.0034340041
-0.0011596824 -0.0405120572 0.0037033083
-0.001162339 -0.0405120572 0.0039305611
-0.0011635799 -0.0405120572 0.0041200378
-0.0011679918 -0.0405120572 0.004276406
-0.0011801934 -0.0405120572 0.0044038833
-0.0012064197 -0.0405120572 0.0045044991
-0.0012639131 -0.0405120572 0.0045588731
-0.0013339918 -0.0405120572 0.0045116023
-0.001393084 -0.0405120572 0.0044232509
-0.0014508165 -0.0405120572 0.0043058161
-0.0015085323 -0.0405120572 0.0041567882
-0.0015622102 -0.0405120572 0.0039708158
-0.0016041091 -0.0405120572 0.0037424758
-0.0016253525 -0.0405120572 0.0034680548
-0.0016203615 -0.0405120572 0.0031461886
-0.0015896276 -0.0405120572 0.0027769907
-0.0015375612 -0.0405120572 0.002361696
-0.0014676009 -0.0405120572 0.0019039407
-0.0013794028 -0.0405120572 0.0014111176
-0.0012716233 -0.0405120572 0.0008942503
-0.0011472511 -0.0405120572 0.0003663001
-0.0010145398 -0.0405120572 -0.000159622
-0.0008821559 -0.0405120572 -0.0006707511
-0.0007541692999999999 -0.0405120572 -0.0011547746
-0.0006303151 -0.0405120572 -0.001600976
-0.000509728 -0.0405120572 -0.0020017789
-0.0003939053 -0.0405120572 -0.0023537214
-0.0002857905 -0.0405120572 -0.0026569997
-0.0001880349 -0.0405120572 -0.0029143834
-0.0001017876 -0.0405120572 -0.003129998
-2.71847e-05 -0.0405120572 -0.0033086936
3.7324e-05 -0.0405120572 -0.0034549454
9.26128e-05 -0.0405120572 -0.0035736077
0.0001390915 -0.0405120572 -0.0036694885
0.0001027086 -0.0414709543 -0.0035200776
0.0001218726 -0.0414709543 -0.0036001779
7.93586e-05 -0.0414709543 -0.0034210366
5.11558e-05 -0.0414709543 -0.0032992084
1.79146e-05 -0.0414709543 -0.0031501947
-2.22508e-05 -0.0414709543 -0.0029696963
-7.33362e-05 -0.0414709543 -0.0027538642
-0.0001374125 -0.0414709543 -0.0024988382
-0.0002156045 -0.0414709543 -0.0022014488
-0.0003060041 -0.0414709543 -0.0018593435
-0.0004034958 -0.0414709543 -0.0014716902
-0.0005019941 -0.0414709543 -0.0010405596
-0.0005972889000000001 -0.0414709543 -0.0005720188
-0.0006887574 -0.0414709543 -7.61408e-05
-0.0007773421 -0.0414709543 0.0004342382
-0.0008621453 -0.0414709543 0.0009452584
-0.0009395659 -0.0414709543 0.0014435229
-0.0010055596 -0.0414709543 0.0019170836
-0.001057933 -0.0414709543 0.0023562112
-0.0010964985 -0.0414709543 0.0027540685
-0.001122125 -0.0414709543 0.0031069756
-0.0011364374 -0.0414709543 0.0034141248
-0.0011421269 -0.0414709543 0.0036770089
-0.0011429989 -0.0414709543 0.003898797
-0.0011434478 -0.0414709543 0.0040837068
-0.0011478607 -0.0414709543 0.0042363025
-0.0011606055 -0.0414709543 0.0043606314
-0.0011876662 -0.0414709543 0.0044584473
-0.0012453072 -0.0414709543 0.0045100501
-0.001312557 -0.0414709543 0.004462539
-0.0013685858 -0.0414709543 0.0043752481
-0.0014239624 -0.0414709543 0.0042602697
-0.0014799616 -0.0414709543 0.0041148404
-0.0015327008 -0.0414709543 0.0039336209
-0.0015746758 -0.0414709543 0.0037111836
-0.0015971643 -0.0414709543 0.0034437521
-0.0015944495 -0.0414709543 0.0031298899
-0.0015667001 -0.0414709543 0.0027697272
-0.0015180826 -0.0414709543 0.0023645317
-0.0014520882 -0.0414709543 0.0019178645
-0.0013686355 -0.0414709543 0.0014368892
-0.0012665471 -0.0414709543 0.0009323008
-0.0011486351 -0.0414709543 0.0004167427
-0.0010227692 -0.0414709543 -9.6938e-05
-0.0008973012 -0.0414709543 -0.0005962385
-0.000776079 -0.0414709543 -0.0010691185
-0.0006585339 -0.0414709543 -0.0015050701
-0.0005433489 -0.0414709543 -0.0018965839
-0.000431706 -0.0414709543 -0.0022401664
-0.0003265548 -0.0414709543 -0.0025359765
-0.0002309222 -0.0414709543 -0.0027868281
-0.0001464336 -0.0414709543 -0.0029969183
-7.35642e-05 -0.0414709543 -0.0031710915
-1.12135e-05 -0.0414709543 -0.0033139496
4.15549e-05 -0.0414709543 -0.0034301953
8.55578e-05 -0.0414709543 -0.0035243128
4.5299e-05 -0.0424298514 -0.0033809418
6.26995e-05 -0.0424298514 -0.0034593964
2.39549e-05 -0.0424298514 -0.0032839717
-2.042e-06 -0.0424298514 -0.0031647448
-3.30603e-05 -0.0424298514 -0.0030190117
-7.094269999999999e-05 -0.0424298514 -0.00284257
-0.0001193907 -0.0424298514 -0.0026316
-0.0001803598 -0.0424298514 -0.002382317
-0.0002548806 -0.0424298514 -0.0020916107
-0.0003411325 -0.0424298514 -0.0017572122
-0.0004342896 -0.0424298514 -0.0013783794
-0.0005285631 -0.0424298514 -0.0009571892
-0.0006198035 -0.0424298514 -0.0004995573
-0.0007071401 -0.0424298514 -1.52546e-05
-0.0007912444 -0.0424298514 0.0004832507
-0.0008712694 -0.0424298514 0.0009824324
-0.0009439868 -0.0424298514 0.0014691548
-0.0010057154 -0.0424298514 0.0019317021
-0.0010543583 -0.0424298514 0.0023605611
-0.0010896343 -0.0424298514 0.0027490779
-0.0011123642 -0.0424298514 0.0030936623
-0.0011242171 -0.0424298514 0.0033935238
-0.0011279825 -0.0424298514 0.003650123
-0.0011274888 -0.0424298514 0.0038665776
-0.0011270281 -0.0424298514 0.0040470356
-0.0011308082 -0.0424298514 0.0041959707
-0.0011429955 -0.0424298514 0.0043173298
-0.0011693386 -0.0424298514 0.0044127987
-0.0012255829 -0.0424298514 0.004463123
-0.0012913069 -0.0424298514 0.0044171368
-0.0013463372 -0.0424298514 0.0043322781
-0.0014006646 -0.0424298514 0.0042202334
-0.00145552 -0.0424298514 0.0040784038
-0.0015073381 -0.0424298514 0.0039016803
-0.0015491141 -0.0424298514 0.0036847798
-0.0015725833 -0.0424298514 0.0034239402
-0.0015721185 -0.0424298514 0.0031176501
-0.0015475585 -0.0424298514 0.0027660078
-0.0015026414 -0.0424298514 0.002370311
-0.0014407316 -0.0424298514 0.0019340782
-0.0013620024 -0.0424298514 0.0014642649
-0.0012655194 -0.0424298514 0.0009712455
-0.0011539162 -0.0424298514 0.0004673677
-0.0010345692 -0.0424298514 -3.47389e-05
-0.0009154768 -0.0424298514 -0.0005228026
-0.0008004546 -0.0424298514 -0.0009850834
-0.0006889448 -0.0424298514 -0.0014113499
-0.0005793807 -0.0424298514 -0.0017942225
-0.0004725517 -0.0424298514 -0.0021301786
-0.0003711601 -0.0424298514 -0.0024192732
-0.0002783319 -0.0424298514 -0.0026642531
-0.0001960237 -0.0424298514 -0.0028693228
-0.0001249852 -0.0424298514 -0.0030392966
-6.45774e-05 -0.0424298514 -0.0031788889
-1.38907e-05 -0.0424298514 -0.0032926935
2.81499e-05 -0.0424298514 -0.003384952
-1.48821e-05 -0.0433887486 -0.0032472174
6.511e-07 -0.0433887486 -0.0033240633
-3.40917e-05 -0.0433887486 -0.003152264
-5.77269e-05 -0.0433887486 -0.0030355595
-8.63206e-05 -0.0433887486 -0.0028929858
-0.0001216899 -0.0433887486 -0.0027204369
-0.0001672972 -0.0433887486 -0.0025141417
-0.0002249733 -0.0433887486 -0.0022703835
-0.0002956187 -0.0433887486 -0.0019861038
-0.0003774361 -0.0433887486 -0.0016591015
-0.0004658627 -0.0433887486 -0.0012887225
-0.0005555288 -0.0433887486 -0.0008770868
-0.0006426269 -0.0433887486 -0.0004300206
-0.0007262475999999999 -0.0433887486 4.29736e-05
-0.0008066623 -0.0433887486 0.0005298193000000001
-0.0008825914 -0.0433887486 0.0010173984
-0.0009507325 -0.0433887486 0.0014928934
-0.0010077739 -0.0433887486 0.0019447969
-0.0010521703 -0.0433887486 0.0023637346
-0.0010840508 -0.0433887486 0.0027431828
-0.001104327 -0.0433887486 0.0030796464
-0.0011145004 -0.0433887486 0.0033723841
-0.0011170663 -0.0433887486 0.0036228524
-0.0011155698 -0.0433887486 0.0038341145
-0.0011140785 -0.0433887486 0.0040102364
-0.001116642 -0.0433887486 0.0041556121
-0.0011272701 -0.0433887486 0.0042741523
-0.0011514835 -0.0433887486 0.0043676587
-0.0012049 -0.0433887486 0.0044180119
-0.0012702 -0.0433887486 0.004375135
-0.0013260319 -0.0433887486 0.0042939535
-0.0013804471 -0.0433887486 0.0041852731
-0.001434652 -0.0433887486 0.0040470392
-0.001485554 -0.0433887486 0.0038745635
-0.0015268771 -0.0433887486 0.0036628536
-0.0015510792 -0.0433887486 0.0034082297
-0.0015528371 -0.0433887486 0.0031091078
-0.0015316485 -0.0433887486 0.0027655085
-0.0014906532 -0.0433887486 0.0023787535
-0.0014329364 -0.0433887486 0.0019523444
-0.0013589119 -0.0433887486 0.0014930495
-0.0012679587 -0.0433887486 0.0010109328
-0.0011625313 -0.0433887486 0.0005180658
-0.0010494157 -0.0433887486 2.69002e-05
-0.0009362205 -0.0433887486 -0.0004504949
-0.0008268969 -0.0433887486 -0.0009027005
-0.0007211801 -0.0433887486 -0.001319816
-0.0006174336 -0.0433887486 -0.0016946453
-0.0005159863 -0.0433887486 -0.0020236415
-0.0004190647 -0.0433887486 -0.0023066994
-0.000329654 -0.0433887486 -0.0025464082
-0.0002499043 -0.0433887486 -0.0027469195
-0.0001807871 -0.0433887486 -0.0029129973
-0.0001221304 -0.0433887486 -0.0030494537
-7.31341e-05 -0.0433887486 -0.0031608116
-3.25971e-05 -0.0433887486 -0.0032511403
-7.259480000000001e-05 -0.0443476457 -0.0031175124
-5.88688e-05 -0.0443476457 -0.0031927864
-8.97372e-05 -0.0443476457 -0.0030245269
-0.0001110827 -0.0443476457 -0.0029102798
-0.0001373201 -0.0443476457 -0.0027707773
-0.0001702424 -0.0443476457 -0.0026020064
-0.0002130881 -0.0443476457 -0.0024002468
-0.0002675671 -0.0443476457 -0.0021618493
-0.0003344615 -0.0443476457 -0.0018838087
-0.0004119969 -0.0443476457 -0.0015639892
-0.0004958633 -0.0443476457 -0.0012018187
-0.0005810848 -0.0443476457 -0.0007994526
-0.0006641777 -0.0443476457 -0.0003626252
-0.0007441948000000001 -0.0443476457 9.941920000000001e-05
-0.0008210282 -0.0443476457 0.0005749757000000001
-0.0008929929 -0.0443476457 0.001051312
-0.0009567206 -0.0443476457 0.0015159155
-0.0010092513 -0.0443476457 0.0019574836
-0.0010495677 -0.0443476457 0.00236679
-0.0010781875 -0.0443476457 0.0027374375
-0.0010961164 -0.0443476457 0.0030660253
-0.0011046975 -0.0443476457 0.0033518587
-0.0011061486 -0.0443476457 0.0035963883
-0.0011037389 -0.0443476457 0.0038026238
-0.0011013191 -0.0443476457 0.0039745503
-0.0011027827 -0.0443476457 0.0041164831
-0.0011119886 -0.0443476457 0.0042322954
-0.0011342449 -0.0443476457 0.0043238971
-0.0011850601 -0.0443476457 0.004374253
-0.001250037 -0.0443476457 0.0043343776
-0.0013066804 -0.0443476457 0.0042567686
-0.0013612247 -0.0443476457 0.0041513594
-0.0014148505 -0.0443476457 0.0040166112
-0.0014649168 -0.0443476457 0.0038482454
-0.001505838 -0.0443476457 0.003641555
-0.0015307624 -0.0443476457 0.0033929496
-0.0015346516 -0.0443476457 0.0031007727
-0.0015166869 -0.0443476457 0.0027649735
-0.0014794405 -0.0443476457 0.0023868889
-0.0014257332 -0.0443476457 0.0019700008
-0.001356208 -0.0443476457 0.0015209008
-0.0012705416 -0.0443476457 0.0010493579
-0.0011710155 -0.0443476457 0.000567176
-0.0010638533 -0.0443476457 8.6628e-05
-0.0009562954 -0.0443476457 -0.0003804178
-0.0008524256 -0.0443476457 -0.000822849
-0.0007522610000000001 -0.0443476457 -0.0012310803
-0.0006540902 -0.0443476457 -0.0015980918
-0.0005577973 -0.0443476457 -0.0019203194
-0.0004651497 -0.0443476457 -0.0021975084
-0.0003789985 -0.0443476457 -0.0024321018
-0.0003016802 -0.0443476457 -0.0026281937
-0.0002343823 -0.0443476457 -0.0027904984
-0.0001773842 -0.0443476457 -0.0029239145
-0.0001299912 -0.0443476457 -0.0030328947
-9.08812e-05 -0.0443476457 -0.0031213457
-0.000127966 -0.0453065429 -0.002991423
-0.0001159859 -0.0453065429 -0.0030651564
-0.0001431098 -0.0453065429 -0.0029003634
-0.0001622395 -0.0453065429 -0.0027885175
-0.0001861919 -0.0453065429 -0.0026520087
-0.000216737 -0.0453065429 -0.0024869143
-0.0002569023 -0.0453065429 -0.0022895666
-0.0003082816 -0.0453065429 -0.0020563838
-0.0003715484 -0.0453065429 -0.0017844146
-0.0004449502 -0.0453065429 -0.0014715869
-0.0005244202 -0.0453065429 -0.0011174044
-0.0006053549 -0.0453065429 -0.000724051
-0.0006845767999999999 -0.0453065429 -0.0002971668
-0.0007611023 -0.0453065429 0.0001542522
-0.0008344642 -0.0453065429 0.0006188546
-0.0009025955 -0.0453065429 0.0010842733
-0.0009620694 -0.0453065429 0.0015382891
-0.0010102619 -0.0453065429 0.0019698007
-0.0010466599 -0.0453065429 0.0023697376
-0.0010721505 -0.0453065429 0.0027318269
-0.0010878345 -0.0453065429 0.0030527613
-0.0010949045 -0.0453065429 0.0033318898
-0.001095316 -0.0453065429 0.0035706556
-0.0010920704 -0.0453065429 0.0037720148
-0.0010888088 -0.0453065429 0.0039398727
-0.0010892714 -0.0453065429 0.0040784669
-0.0010971723 -0.0453065429 0.0041916318
-0.0011176187 -0.0453065429 0.0042813789
-0.0011660211 -0.0453065429 0.0043317096
-0.0012307421 -0.0453065429 0.0042947333
-0.0012881857 -0.0453065429 0.0042205965
-0.0013428807 -0.0453065429 0.0041183711
-0.0013959802 -0.0453065429 0.0039870077
-0.0014452742 -0.0453065429 0.0038226264
-0.0014858315 -0.0453065429 0.0036208007
-0.00151146 -0.0453065429 0.0033780354
-0.0015173899 -0.0453065429 0.0030926038
-0.0015025083 -0.0453065429 0.0027643875
-0.0014688477 -0.0453065429 0.0023947307
-0.0014189777 -0.0453065429 0.0019870929
-0.0013537607 -0.0453065429 0.0015478982
-0.0012731558 -0.0453065429 0.0010866353
-0.0011792782 -0.0453065429 0.0006148481
-0.0010778141 -0.0453065429 0.0001446286
-0.0009756553 -0.0453065429 -0.0003123532
-0.0008770137 -0.0453065429 -0.0007452788
-0.000782177 -0.0453065429 -0.0011448629
-0.0006893567 -0.0453065429 -0.0015042566
-0.000598008 -0.0453065429 -0.0018198848
-0.0005094554 -0.0453065429 -0.0020913545
-0.0004264224 -0.0453065429 -0.002320972
-0.0003514242 -0.0453065429 -0.0025127707
-0.0002858576 -0.0453065429 -0.0026714144
-0.0002304375 -0.0453065429 -0.0028018771
-0.0001845714 -0.0453065429 -0.0029085426
-0.0001468208 -0.0453065429 -0.0029951628
-0.0001811222 -0.04626544 -0.0028685455
-0.0001708257 -0.04626544 -0.0029407643
-0.0001943377 -0.04626544 -0.0027793768
-0.0002113274 -0.04626544 -0.0026698842
-0.0002330689 -0.04626544 -0.0025363024
-0.00026131 -0.04626544 -0.0023747962
-0.0002988789 -0.04626544 -0.0021817524
-0.0003472572 -0.04626544 -0.0019536562
-0.0004070185 -0.04626544 -0.0016876109
-0.0004764312 -0.04626544 -0.001381606
-0.0005516624 -0.04626544 -0.0010352161
-0.000628463 -0.04626544 -0.0006506463000000001
-0.0007039453 -0.04626544 -0.0002334413
-0.0007770911 -0.04626544 0.0002076428
-0.0008470921 -0.04626544 0.0006615906
-0.0009115207 -0.04626544 0.0011163828
-0.0009668975 -0.04626544 0.001560082
-0.0010109197 -0.04626544 0.0019817867
-0.0010435563 -0.04626544 0.0023725876
-0.0010660458 -0.04626544 0.002726336
-0.0010795833 -0.04626544 0.0030398167
-0.0010852177 -0.04626544 0.00331242
-0.0010846553 -0.04626544 0.0035455793
-0.0010806385 -0.04626544 0.0037421968
-0.0010766067 -0.04626544 0.0039060991
-0.0010761491 -0.04626544 0.0040414466
-0.0010828422 -0.04626544 0.0041520344
-0.0011016006 -0.04626544 0.004239969
-0.0011477411 -0.04626544 0.0042902456
-0.0012122392 -0.04626544 0.0042560707
-0.0012704506 -0.04626544 0.0041853106
-0.0013252985 -0.04626544 0.0040861873
-0.001377906 -0.04626544 0.0039581164
-0.0014264741 -0.04626544 0.0037976072
-0.0014666922 -0.04626544 0.0036005072
-0.0014929989 -0.04626544 0.0033634227
-0.0015008802 -0.04626544 0.00308456
-0.0014889475 -0.04626544 0.002763735
-0.0014587192 -0.04626544 0.0024022922
-0.001412526 -0.04626544 0.0020036657
-0.0013514398 -0.04626544 0.001574121
-0.0012756891 -0.04626544 0.0011228795
-0.0011872285 -0.04626544 0.0006612312
-0.0010912306 -0.04626544 0.0002010861
-0.000994254 -0.04626544 -0.000246083
-0.0009006343 -0.04626544 -0.0006697394
-0.0008109179 -0.04626544 -0.0010608841
-0.0007232396 -0.04626544 -0.0014128339
-0.0006366416 -0.04626544 -0.00172201
-0.0005520224999999999 -0.04626544 -0.001987892
-0.0004719829 -0.04626544 -0.0022126574
-0.0003992092 -0.04626544 -0.002400276
-0.0003352996 -0.04626544 -0.0025553597
-0.0002813894 -0.04626544 -0.0026829478
-0.0002369842 -0.04626544 -0.0027873549
-0.0002005341 -0.04626544 -0.0028721862
-0.0002321903 -0.0472243371 -0.0027484762
-0.000223514 -0.0472243371 -0.0028192008
-0.000243549 -0.0472243371 -0.0026611701
-0.0002584763 -0.0472243371 -0.0025539915
-0.0002780842 -0.0472243371 -0.0024232809
-0.0003040982 -0.0472243371 -0.002265288
-0.0003391568 -0.0472243371 -0.0020764556
-0.0003846345 -0.0472243371 -0.0018533357
-0.0004410111 -0.0472243371 -0.0015930867
-0.0005065752 -0.0472243371 -0.0012937581
-0.000577719 -0.0472243371 -0.0009549898
-0.0006505329 -0.0472243371 -0.0005790029
-0.0007224041 -0.0472243371 -0.0001712446
-0.0007922819999999999 -0.0472243371 0.0002597607
-0.0008590336 -0.0472243371 0.0007033186
-0.0009198898 -0.0472243371 0.0011477405
-0.0009713232 -0.0472243371 0.001581362
-0.0010113389 -0.0472243371 0.0019934802
-0.0010403663 -0.0472243371 0.0023753502
-0.0010599797 -0.0472243371 0.0027209495
-0.0010714647 -0.0472243371 0.0030271537
-0.0010757331 -0.0472243371 0.0032933917
-0.001074253 -0.0472243371 0.0035210842
-0.0010695176 -0.0472243371 0.0037130793
-0.0010647715 -0.0472243371 0.0038731249
-0.001063457 -0.0472243371 0.0040053052
-0.0010690195 -0.0472243371 0.0041133758
-0.0010861867 -0.0472243371 0.0041995321
-0.0011301783 -0.0472243371 0.0042497244
-0.0011944523 -0.0472243371 0.0042182584
-0.0012533778 -0.0472243371 0.0041507842
-0.0013083615 -0.0472243371 0.0040546868
-0.0013604927 -0.0472243371 0.0039298253
-0.0014083643 -0.0472243371 0.0037730884
-0.0014482547 -0.0472243371 0.0035805913
-0.0014752061 -0.0472243371 0.003349047
-0.0014849505 -0.0472243371 0.0030766001
-0.0014758389 -0.0472243371 0.0027630006
-0.0014488993 -0.0472243371 0.0024095867
-0.0014062339 -0.0472243371 0.0020197647
-0.0013491153 -0.0472243371 0.0015996486
-0.0012780291 -0.0472243371 0.0011582049
-0.0011947756 -0.0472243371 0.000706475
-0.0011040348 -0.0472243371 0.0002561845
-0.0010120453 -0.0472243371 -0.0001813894
-0.0009232607 -0.0472243371 -0.0005959808
-0.0008384735 -0.0472243371 -0.0009788639
-0.0007557453 -0.0472243371 -0.001323518
-0.0006737214 -0.0472243371 -0.0016263674
-0.0005928915 -0.0472243371 -0.0018867753
-0.0005157368 -0.0472243371 -0.0021067962
-0.0004451077 -0.0472243371 -0.002290335
-0.0003827949 -0.0472243371 -0.002441949
-0.0003303387 -0.0472243371 -0.0025667324
-0.0002873389 -0.0472243371 -0.0026689312
-0.0002521395 -0.0472243371 -0.0027520108
-0.000281297 -0.0481832343 -0.0026308114
-0.0002741765 -0.0481832343 -0.0027000569
-0.000290872 -0.0481832343 -0.0025453465
-0.0003038165 -0.0481832343 -0.0024404512
-0.0003213708 -0.0481832343 -0.0023125665
-0.000345238 -0.0481832343 -0.0021580253
-0.0003778749 -0.0481832343 -0.0019733273
-0.0004205536 -0.0481832343 -0.0017550914
-0.0004736652 -0.0481832343 -0.0015005314
-0.0005355173 -0.0481832343 -0.0012077548
-0.0006027188 -0.0481832343 -0.0008764621
-0.0006716885 -0.0481832343 -0.0005088852
-0.0007400742 -0.0481832343 -0.0001103726
-0.0008067957 -0.0481832343 0.0003107762
-0.0008704108 -0.0481832343 0.0007441733
-0.0009278243 -0.0481832343 0.0011784468
-0.000975465 -0.0481832343 0.0016021969
-0.0010116335 -0.0481832343 0.0020049195
-0.0010371992 -0.0481832343 0.0023780357
-0.0010540583 -0.0481832343 0.0027156524
-0.0010635807 -0.0481832343 0.0030147347
-0.001066547 -0.0481832343 0.0032747472
-0.0010641959 -0.0481832343 0.0034970955
-0.0010587818 -0.0481832343 0.0036845715
-0.0010533622 -0.0481832343 0.0038408454
-0.0010512361 -0.0481832343 0.003969926
-0.0010557255 -0.0481832343 0.0040755287
-0.0010713727 -0.0481832343 0.0041599331
-0.0011132908 -0.0481832343 0.0042100098
-0.0011773055 -0.0481832343 0.0041811651
-0.0012368702 -0.0481832343 0.0041168905
-0.0012919529 -0.0481832343 0.0040237486
-0.0013436052 -0.0481832343 0.0039020223
-0.0013907927 -0.0481832343 0.0037489705
-0.0014303538 -0.0481832343 0.0035609697
-0.0014579085 -0.0481832343 0.0033348437
-0.0014694289 -0.0481832343 0.0030686831
-0.0014630174 -0.0481832343 0.002762169
-0.0014392326 -0.0481832343 0.0024166277
-0.0013999573 -0.0481832343 0.0020354351
-0.001346657 -0.0481832343 0.0016245605
-0.0012800634 -0.0481832343 0.001192726
-0.0012018289 -0.0481832343 0.0007507287
-0.0011161591 -0.0481832343 0.0003101078
-0.0010289831 -0.0481832343 -0.0001180543
-0.0009448659 -0.0481832343 -0.0005237526
-0.0008648335 -0.0481832343 -0.0008985225
-0.0007868801 -0.0481832343 -0.0012360035
-0.0007092709 -0.0481832343 -0.0015326296
-0.0006321029 -0.0481832343 -0.0017876587
-0.0005577414 -0.0481832343 -0.0020030267
-0.0004891928 -0.0481832343 -0.002182573
-0.0004284302 -0.0481832343 -0.0023307966
-0.0003773843 -0.0481832343 -0.002452837
-0.000335745 -0.0481832343 -0.0025528712
-0.0003017553 -0.0481832343 -0.0026342311
-0.0003285691 -0.0491421314 -0.0025151474
-0.0003229388 -0.0491421314 -0.0025829234
-0.0003364348 -0.0491421314 -0.002431509
-0.000347478 -0.0491421314 -0.0023288748
-0.0003630617 -0.0491421314 -0.0022037817
-0.000384866 -0.0491421314 -0.0020526438
-0.0004151722 -0.0491421314 -0.001872019
-0.0004551552 -0.0491421314 -0.0016585927
-0.0005051203 -0.0491421314 -0.0014096342
-0.0005633929 -0.0491421314 -0.0011233074
-0.0006267909 -0.0491421314 -0.0007993692
-0.0006920536 -0.0491421314 -0.0004400574
-0.0007570765 -0.0491421314 -5.0621e-05
-0.0008207533 -0.0491421314 0.0003608591
-0.0008813454 -0.0491421314 0.0007842894
-0.0009354458 -0.0491421314 0.0012086019
-0.0009794414000000001 -0.0491421314 0.0016226545
-0.0010119178 -0.0491421314 0.0020161432
-0.0010341645 -0.0491421314 0.0023806544
-0.0010483876 -0.0491421314 0.0027104296
-0.0010560333 -0.0491421314 0.0030025219
-0.0010577555 -0.0491421314 0.0032564289
-0.0010545706 -0.0491421314 0.003473538
-0.0010485055 -0.0491421314 0.0036565829
-0.0010424377 -0.0491421314 0.003809156
-0.0010395276 -0.0491421314 0.0039351919
-0.0010429812 -0.0491421314 0.0040383659
-0.0010571545 -0.0491421314 0.0041210369
-0.0010970367 -0.0491421314 0.0041709653
-0.0011607228 -0.0491421314 0.0041446594
-0.0012208306 -0.0491421314 0.0040835028
-0.0012759563 -0.0491421314 0.0039932516
-0.0013271083 -0.0491421314 0.0038745953
-0.001373607 -0.0491421314 0.0037251542
-0.0014128239 -0.0491421314 0.0035415589
-0.0014409331 -0.0491421314 0.0033207485
-0.0014541432 -0.0491421314 0.0030607678
-0.0014503174 -0.0491421314 0.0027612246
-0.0014295635 -0.0491421314 0.0024234284
-0.0013935521 -0.0491421314 0.002050722
-0.001343935 -0.0491421314 0.001648936
-0.0012816799 -0.0491421314 0.0012265572
-0.0012082976 -0.0491421314 0.000794142
-0.0011275357 -0.0491421314 0.00036304
-0.0010450212 -0.0491421314 -5.58598e-05
-0.0009654231 -0.0491421314 -0.0004528045
-0.0008899877 -0.0491421314 -0.00081958
-0.0008166503 -0.0491421314 -0.0011499845
-0.0007433133 -0.0491421314 -0.0014404688
-0.0006696972 -0.0491421314 -0.0016901965
-0.0005980535 -0.0491421314 -0.0019009874
-0.0005315372 -0.0491421314 -0.0020766154
-0.0004722921 -0.0491421314 -0.0022215172
-0.0004226251 -0.0491421314 -0.0023408677
-0.000382312 -0.0491421314 -0.0024387744
-0.0003494997 -0.0491421314 -0.0025184419
-0.0003757885 -0.0501010286 -0.002401185
-0.0003715824 -0.0501010286 -0.0024674877
-0.0003820078 -0.0501010286 -0.0023193714
-0.0003911988 -0.0501010286 -0.0022189867
-0.0004048151 -0.0501010286 -0.0020966531
-0.0004245299 -0.0501010286 -0.0019488656
-0.0004525216 -0.0501010286 -0.0017722503
-0.0004899089 -0.0501010286 -0.0015635696
-0.0005369418 -0.0501010286 -0.0013201566
-0.0005919442999999999 -0.0501010286 -0.0010402279
-0.0006518482 -0.0501010286 -0.0007235729
-0.0007135852 -0.0501010286 -0.0003724086
-0.0007752043 -0.0501010286 8.126599999999999e-06
-0.0008355923 -0.0501010286 0.0004101556
-0.0008928436 -0.0501010286 0.0008238486
-0.000943392 -0.0501010286 0.0012384106
-0.0009836666 -0.0501010286 0.0016429426
-0.0010125283 -0.0501010286 0.0020273474
-0.0010316125 -0.0501010286 0.002383385
-0.0010433494 -0.0501010286 0.002705443
-0.0010491941 -0.0501010286 0.0029906631
-0.0010496418 -0.0501010286 0.0032385716
-0.0010454916 -0.0501010286 0.0034505312
-0.0010385832 -0.0501010286 0.0036292141
-0.0010316581 -0.0501010286 0.0037781369
-0.0010277877 -0.0501010286 0.0039011669
-0.0010301006 -0.0501010286 0.0040019434
-0.0010428207 -0.0501010286 0.0040828863
-0.0010808222 -0.0501010286 0.0041324867
-0.0011440493 -0.0501010286 0.0041086729
-0.0012047504 -0.0501010286 0.0040508379
-0.0012601194 -0.0501010286 0.0039636213
-0.0013108447 -0.0501010286 0.0038480268
-0.001356582 -0.0501010286 0.0037021187
-0.001395357 -0.0501010286 0.0035228395
-0.0014239927 -0.0501010286 0.0033072578
-0.0014389816 -0.0501010286 0.0030533763
-0.0014378762 -0.0501010286 0.0027607071
-0.0014202136 -0.0501010286 0.0024305383
-0.0013873588 -0.0501010286 0.0020661957
-0.0013411752 -0.0501010286 0.0016733844
-0.0012830151 -0.0501010286 0.0012603459
-0.001214384 -0.0501010286 0.000837376
-0.0011385717 -0.0501010286 0.0004156308
-0.0010607685 -0.0501010286 5.83e-06
-0.0009856072 -0.0501010286 -0.0003824902
-0.0009145231 -0.0501010286 -0.0007413506
-0.0008454941000000001 -0.0501010286 -0.001064723
-0.0007761877 -0.0501010286 -0.001349105
-0.0007060324 -0.0501010286 -0.0015935989
-0.0006371667 -0.0501010286 -0.0017999193
-0.0005728432 -0.0501010286 -0.0019717666
-0.0005153319 -0.0501010286 -0.0021135016
-0.0004672516 -0.0501010286 -0.0022303003
-0.000428452 -0.0501010286 -0.0023261957
-0.0003969828 -0.0501010286 -0.0024042689
-0.0004287578 -0.0510599257 -0.0022870614
-0.0004259139 -0.0510599257 -0.0023518301
-0.0004333454 -0.0510599257 -0.002207129
-0.0004406097 -0.0510599257 -0.0021090343
-0.00045197 -0.0510599257 -0.0019894579
-0.0004691658 -0.0510599257 -0.0018449778
-0.0004945788 -0.0510599257 -0.0016723282
-0.0005294337 -0.0510599257 -0.0014683936
-0.0005740567 -0.0510599257 -0.0012306095
-0.0006266895 -0.0510599257 -0.0009572362
-0.0006839818 -0.0510599257 -0.0006480085
-0.0007425176 -0.0510599257 -0.000305022
-0.0008001119 -0.0510599257 6.67373e-05
-0.0008557213 -0.0510599257 0.0004595567
-0.000907805 -0.0510599257 0.0008637801
-0.000953278 -0.0510599257 0.0012687973
-0.0009889828000000001 -0.0510599257 0.0016639172
-0.0010140427 -0.0510599257 0.002039274
-0.0010301745 -0.0510599257 0.0023868507
-0.0010396921 -0.0510599257 0.0027012052
-0.0010437898 -0.0510599257 0.0029795735
-0.001042659 -0.0510599257 0.0032215004
-0.0010368826 -0.0510599257 0.0034283076
-0.0010282444 -0.0510599257 0.0036025976
-0.0010195244 -0.0510599257 0.0037478222
-0.0010138983 -0.0510599257 0.0038678099
-0.0010145734 -0.0510599257 0.003966182
-0.0010258808 -0.0510599257 0.0040453533
-0.0010627117 -0.0510599257 0.0040939342
-0.001125258 -0.0510599257 0.0040726776
-0.0011871474 -0.0510599257 0.0040193558
-0.0012438797 -0.0510599257 0.0039360656
-0.0012946295 -0.0510599257 0.0038237495
-0.0013393518 -0.0510599257 0.0036813019
-0.0013773366 -0.0510599257 0.0035062711
-0.0014065716 -0.0510599257 0.0032959195
-0.0014240042 -0.0510599257 0.0030481792
-0.00142658 -0.0510599257 0.0027623986
-0.0014126709 -0.0510599257 0.0024398275
-0.0013828909 -0.0510599257 0.0020838454
-0.0013394662 -0.0510599257 0.0017000742
-0.0012848047 -0.0510599257 0.0012964449
-0.0012209894 -0.0510599257 0.0008828988
-0.0011508051 -0.0510599257 0.0004703836
-0.0010783987 -0.0510599257 6.95446e-05
-0.0010077722 -0.0510599257 -0.0003101818
-0.0009404603000000001 -0.0510599257 -0.0006610222
-0.0008748867 -0.0510599257 -0.0009771839
-0.0008089959000000001 -0.0510599257 -0.0012553164
-0.0007422359 -0.0510599257 -0.0014945637
-0.0006766364 -0.0510599257 -0.0016965839
-0.0006153482 -0.0510599257 -0.0018649606
-0.0005606075 -0.0510599257 -0.0020039402
-0.0005151129 -0.0510599257 -0.0021185805
-0.0004787471 -0.0510599257 -0.0022128171
-0.0004494422 -0.0510599257 -0.0022896067
-0.0004795832 -0.0520188229 -0.0021742709
-0.0004780358 -0.0520188229 -0.0022375102
-0.0004826166 -0.0520188229 -0.002096213
-0.0004880431 -0.0520188229 -0.0020003994
-0.0004972504 -0.0520188229 -0.0018835678
-0.0005120369 -0.0520188229 -0.0017423768
-0.000534976 -0.0520188229 -0.0015736608
-0.0005673946999999999 -0.0520188229 -0.0013744207
-0.0006096919 -0.0520188229 -0.00114219
-0.0006600283 -0.0520188229 -0.0008752733
-0.0007147860999999999 -0.0520188229 -0.0005733599
-0.0007702331 -0.0520188229 -0.0002384366
-0.0008239498 -0.0520188229 0.0001246557
-0.0008749648 -0.0520188229 0.0005083667
-0.0009220862 -0.0520188229 0.0009032182
-0.0009626896 -0.0520188229 0.0012987902
-0.0009940140999999999 -0.0520188229 0.0016846029
-0.0010154344 -0.0520188229 0.0020510218
-0.0010287415 -0.0520188229 0.0023902503
-0.0010361429 -0.0520188229 0.0026970106
-0.0010385718 -0.0520188229 0.0029686265
-0.0010359412 -0.0520188229 0.0032046575
-0.0010286213 -0.0520188229 0.0034063812
-0.0010183368 -0.0520188229 0.00357633
-0.0010079103 -0.0520188229 0.0037178946
-0.0010006051 -0.0520188229 0.0038348667
-0.0009997201 -0.0520188229 0.0039308512
-0.001009664 -0.0520188229 0.0040082593
-0.0010453377 -0.0520188229 0.0040558276
-0.0011071438 -0.0520188229 0.0040370323
-0.0011700565 -0.0520188229 0.0039880838
-0.0012280055 -0.0520188229 0.0039086359
-0.0012787292 -0.0520188229 0.0037995464
-0.0013224475 -0.0520188229 0.0036604976
-0.001359643 -0.0520188229 0.0034896389
-0.0013894323 -0.0520188229 0.0032844439
-0.0014091671 -0.0520188229 0.0030427756
-0.0014152525 -0.0520188229 0.0027638244
-0.0014049357 -0.0520188229 0.0024487778
-0.0013781076 -0.0520188229 0.0021010532
-0.0013373521 -0.0520188229 0.0017261963
-0.001286071 -0.0520188229 0.0013318545
-0.0012269008 -0.0520188229 0.0009276351
-0.0011621425 -0.0520188229 0.000524272
-0.0010949434 -0.0520188229 0.0001323162
-0.0010287004 -0.0520188229 -0.0002389061
-0.0009650401000000001 -0.0520188229 -0.0005818205
-0.0009028148 -0.0520188229 -0.0008908566
-0.0008402358 -0.0520188229 -0.0011628074
-0.0007767712 -0.0520188229 -0.0013968571
-0.000714344 -0.0520188229 -0.0015946097
-0.0006560076 -0.0520188229 -0.0017595364
-0.0006039573 -0.0520188229 -0.0018957684
-0.0005609722 -0.0520188229 -0.0020082473
-0.000526964 -0.0520188229 -0.0021008116
-0.0004997535 -0.0520188229 -0.0021763004
-0.000527998 -0.05297772 -0.0020674346
-0.0005276771 -0.05297772 -0.0021292129
-0.0005295615 -0.05297772 -0.0019911666
-0.0005332498 -0.05297772 -0.0018975293
-0.0005404218 -0.05297772 -0.0017833137
-0.0005529309 -0.05297772 -0.0016452531
-0.0005735308 -0.05297772 -0.0014802711
-0.0006036465 -0.05297772 -0.0012854758
-0.0006437467 -0.05297772 -0.001058492
-0.0006919088 -0.05297772 -0.0007976671
-0.0007442645 -0.05297772 -0.0005026544
-0.0007967822 -0.05297772 -0.0001753449
-0.0008468164 -0.05297772 0.000179553
-0.0008934653 -0.05297772 0.0005546419
-0.0009358692 -0.05297772 0.0009406158
-0.000971843 -0.05297772 0.0013272396
-0.0009990043000000001 -0.05297772 0.0017042369
-0.0010169668 -0.05297772 0.0020621948
-0.001027588 -0.05297772 0.0023935266
-0.0010329736 -0.05297772 0.0026931086
-0.0010338058 -0.05297772 0.0029583429
-0.0010297351 -0.05297772 0.0031887987
-0.0010209331 -0.05297772 0.0033857082
-0.0010090607 -0.05297772 0.0035515365
-0.0009969894999999999 -0.05297772 0.003689619
-0.0009880577999999999 -0.05297772 0.0038037151
-0.0009856554999999999 -0.05297772 0.0038974165
-0.0009942629 -0.05297772 0.0039731318
-0.0010287906 -0.05297772 0.0040197284
-0.0010898258 -0.05297772 0.0040032726
-0.0011536433 -0.05297772 0.0039585072
-0.00121271 -0.05297772 0.0038827326
-0.0012633942 -0.05297772 0.0037767044
-0.0013061517 -0.05297772 0.0036408553
-0.0013425952 -0.05297772 0.0034739276
-0.001372908 -0.05297772 0.0032736113
-0.0013948344 -0.05297772 0.0030377106
-0.0014042676 -0.05297772 0.0027652532
-0.0013973783 -0.05297772 0.0024573472
-0.0013733731 -0.05297772 0.0021174366
-0.0013351695 -0.05297772 0.0017510008
-0.001287117 -0.05297772 0.0013654378
-0.0012323813 -0.05297772 0.0009700491
-0.0011728028 -0.05297772 0.0005753608
-0.0011105729 -0.05297772 0.0001918224
-0.0010485101 -0.05297772 -0.0001713513
-0.0009883283 -0.05297772 -0.0005067712
-0.0009292911 -0.05297772 -0.0008090707
-0.0008698671 -0.05297772 -0.0010751753
-0.0008095492 -0.05297772 -0.0013043093
-0.0007501554 -0.05297772 -0.0014980251
-0.0006946474 -0.05297772 -0.0016596883
-0.000645176 -0.05297772 -0.0017933196
-0.0006046003000000001 -0.05297772 -0.0019037493
-0.0005728548 -0.05297772 -0.0019947227
-0.0005476557 -0.05297772 -0.0020689714
-0.0005733706 -0.0539366171 -0.0019711456
-0.0005741852 -0.0539366171 -0.0020315944
-0.0005735727 -0.0539366171 -0.0018965045
-0.0005756506 -0.0539366171 -0.0018048434
-0.0005809361 -0.0539366171 -0.0016929993
-0.0005913347 -0.0539366171 -0.001557771
-0.0006097673 -0.0539366171 -0.0013961568
-0.0006377532 -0.0539366171 -0.0012053589
-0.0006758287 -0.0539366171 -0.0009830844999999999
-0.0007219863 -0.0539366171 -0.0007277212
-0.000772131 -0.0539366171 -0.0004388957
-0.0008219355 -0.0539366171 -0.0001184173
-0.0008685455 -0.0539366171 0.00022912
-0.0009111211 -0.0539366171 0.0005964555
-0.0009491154 -0.0539366171 0.0009744402
-0.0009807613 -0.0539366171 0.0013530072
-0.0010040339 -0.0539366171 0.0017220656
-0.0010187658 -0.0539366171 0.0020724048
-0.0010268685 -0.0539366171 0.0023966297
-0.0010303419 -0.0539366171 0.0026897554
-0.0010296426 -0.0539366171 0.0029492505
-0.0010241751 -0.0539366171 0.0031746861
-0.0010139429 -0.0539366171 0.0033672516
-0.0010005404 -0.0539366171 0.0035293509
-0.0009868940999999999 -0.0539366171 0.0036642727
-0.0009764064 -0.0539366171 0.0037757488
-0.0009725406999999999 -0.0539366171 0.0038673597
-0.0009798634 -0.0539366171 0.0039415103
-0.0010132879 -0.0539366171 0.0039871889
-0.0010735384 -0.0539366171 0.0039728805
-0.0011381333 -0.0539366171 0.0039319849
-0.0011982134 -0.0539366171 0.0038595911
-0.0012488672 -0.0539366171 0.00375634
-0.0012907557 -0.0539366171 0.0036233619
-0.0013265397 -0.0539366171 0.0034599675
-0.0013573565 -0.0539366171 0.0032640511
-0.0013813579 -0.0539366171 0.0030333792
-0.0013939336 -0.0539366171 0.0027668076
-0.0013902619 -0.0539366171 0.0024653535
-0.0013689334 -0.0539366171 0.0021324801
-0.0013331488 -0.0539366171 0.0017736115
-0.001288148 -0.0539366171 0.0013959383
-0.001237587 -0.0539366171 0.0010084951
-0.0011828742 -0.0539366171 0.0006216167
-0.001125307 -0.0539366171 0.0002456527
-0.0010671596 -0.0539366171 -0.0001102851
-0.0010102251 -0.0539366171 -0.0004389713
-0.000954152 -0.0539366171 -0.0007352187
-0.000897654 -0.0539366171 -0.0009960709
-0.000840261 -0.0539366171 -0.0012207927
-0.000783691 -0.0539366171 -0.0014108887
-0.0007308246 -0.0539366171 -0.0015696299
-0.0006837677 -0.0539366171 -0.0017009358
-0.0006454543000000001 -0.0539366171 -0.0018095336
-0.0006158342 -0.0539366171 -0.0018990827
-0.000592527 -0.0539366171 -0.0019722206
-0.0005909357 -0.0548955143 -0.0018842068
-0.0005917107 -0.0548955143 -0.0019434733
-0.0005910659 -0.0548955143 -0.0018110185
-0.0005928726 -0.0548955143 -0.0017211306
-0.0005975089 -0.0548955143 -0.0016114355
-0.0006068176 -0.0548955143 -0.0014787807
-0.0006237711 -0.0548955143 -0.0013201984
-0.0006499749 -0.0548955143 -0.0011329552
-0.0006861164 -0.0548955143 -0.000914828
-0.0007303695 -0.0548955143 -0.0006642781
-0.0007786914 -0.0548955143 -0.0003809535
-0.0008266502999999999 -0.0548955143 -6.66055e-05
-0.0008711707 -0.0548955143 0.0002742931
-0.0009113313 -0.0548955143 0.0006346251999999999
-0.0009468191 -0.0548955143 0.0010053904
-0.0009762935 -0.0548955143 0.0013766828
-0.0009979695 -0.0548955143 0.0017385984
-0.0010115061 -0.0548955143 0.0020821264
-0.0010184164 -0.0548955143 0.002400038
-0.0010204609 -0.0548955143 0.0026874426
-0.0010182542 -0.0548955143 0.0029418496
-0.0010115653 -0.0548955143 0.0031628361
-0.0010007533 -0.0548955143 0.0033515952
-0.0009875328 -0.0548955143 0.0035105228
-0.0009747435 -0.0548955143 0.0036428594
-0.0009656189 -0.0548955143 0.0037522353
-0.0009634604 -0.0548955143 0.0038420672
-0.0009727486 -0.0548955143 0.0039144449
-0.0010074461 -0.0548955143 0.0039578153
-0.0010661078 -0.0548955143 0.0039424416
-0.0011276195 -0.0548955143 0.0039001366
-0.0011850557 -0.0548955143 0.0038281321
-0.0012347013 -0.0548955143 0.0037269641
-0.001276948 -0.0548955143 0.0035970922
-0.0013134779 -0.0548955143 0.0034373796
-0.001344551 -0.0548955143 0.0032456088
-0.0013680297 -0.0548955143 0.0030196491
-0.0013799019 -0.0548955143 0.0027585095
-0.0013764255 -0.0548955143 0.0024632088
-0.0013568702 -0.0548955143 0.002137045
-0.0013241839 -0.0548955143 0.0017852894
-0.0012826905 -0.0548955143 0.0014150459
-0.0012353675 -0.0548955143 0.0010352415
-0.0011836264 -0.0548955143 0.0006560085
-0.0011290539 -0.0548955143 0.0002874507
-0.0010739109 -0.0548955143 -6.15064e-05
-0.0010196354 -0.0548955143 -0.0003837345
-0.0009655701 -0.0548955143 -0.0006740955000000001
-0.0009104591 -0.0548955143 -0.0009296718
-0.0008540821 -0.0548955143 -0.0011497628
-0.0007983939 -0.0548955143 -0.0013358956
-0.0007463513 -0.0548955143 -0.0014913149
-0.0007000556 -0.0548955143 -0.0016198764
-0.0006623065 -0.0548955143 -0.0017261893
-0.0006330244 -0.0548955143 -0.0018138272
-0.000609926 -0.0548955143 -0.0018853888
-0.0006074372 -0.0558544114 -0.0018064216
-0.0006081602 -0.0558544114 -0.0018646308
-0.0006075161 -0.0558544114 -0.0017345328
-0.0006090848 -0.0558544114 -0.0016462313
-0.0006131269 -0.0558544114 -0.0015384593
-0.0006214257 -0.0558544114 -0.0014081071
-0.000637001 -0.0558544114 -0.0012522333
-0.0006615425000000001 -0.0558544114 -0.0010681614
-0.000695883 -0.0558544114 -0.000853731
-0.0007383671 -0.0558544114 -0.0006074717
-0.0007850041 -0.0558544114 -0.0003290529
-0.0008312592 -0.0558544114 -2.01743e-05
-0.0008738391 -0.0558544114 0.000314801
-0.0009117416 -0.0558544114 0.0006688833
-0.0009448779 -0.0558544114 0.0010332046
-0.0009723187 -0.0558544114 0.0013980014
-0.0009925094000000001 -0.0558544114 0.0017535372
-0.0010049347 -0.0558544114 0.0020909824
-0.0010107171 -0.0558544114 0.0024032519
-0.0010113889 -0.0558544114 0.0026855423
-0.0010077064 -0.0558544114 0.0029353962
-0.0009998163 -0.0558544114 0.0031523999
-0.0009884136 -0.0558544114 0.0033377525
-0.0009753367 -0.0558544114 0.0034938459
-0.0009633383 -0.0558544114 0.0036238773
-0.000955483 -0.0558544114 0.0037313796
-0.0009549205 -0.0558544114 0.0038196091
-0.0009660568999999999 -0.0558544114 0.0038903534
-0.001001963 -0.0558544114 0.0039315344
-0.0010591101 -0.0558544114 0.0039150764
-0.0011176918 -0.0558544114 0.0038713121
-0.0011726225 -0.0558544114 0.0037995593
-0.0012213345 -0.0558544114 0.0037002496
-0.0012639633 -0.0558544114 0.003573196
-0.0013012479 -0.0558544114 0.0034168202
-0.0013325893 -0.0558544114 0.0032287855
-0.0013555768 -0.0558544114 0.0030070575
-0.0013667709 -0.0558544114 0.0027507951
-0.0013634698 -0.0558544114 0.0024610225
-0.0013456105 -0.0558544114 0.0021408879
-0.0013158828 -0.0558544114 0.0017955187
-0.0012777315 -0.0558544114 0.0014319425
-0.0012334786 -0.0558544114 0.0010589922
-0.0011845416 -0.0558544114 0.0006866189
-0.0011327904 -0.0558544114 0.0003247047
-0.001080476 -0.0558544114 -1.79922e-05
-0.0010286946 -0.0558544114 -0.0003344284
-0.0009764929 -0.0558544114 -0.0006195077
-0.0009226461 -0.0558544114 -0.0008703464
-0.0008671816 -0.0558544114 -0.0010862771
-0.000812284 -0.0558544114 -0.001268849
-0.0007609864 -0.0558544114 -0.0014212846
-0.0007153857 -0.0558544114 -0.0015473826
-0.0006781529 -0.0558544114 -0.0016516436
-0.0006491758 -0.0558544114 -0.0017375631
-0.0006262641 -0.0558544114 -0.0018077068
-0.0006229464 -0.0568133086 -0.0017377962
-0.0006236032 -0.0568133086 -0.0017950727
-0.0006229961 -0.0568133086 -0.0016670539
-0.0006243615 -0.0568133086 -0.0015801525
-0.0006278649 -0.0568133086 -0.001474078
-0.0006352328 -0.0568133086 -0.0013457578
-0.0006495296 -0.0568133086 -0.0011922692
-0.0006725269 -0.0568133086 -0.001010985
-0.0007051966 -0.0568133086 -0.0007998008
-0.0007460437 -0.0568133086 -0.0005573087
-0.0007911288 -0.0568133086 -0.0002831997
-0.0008358144 -0.0568133086 2.08717e-05
-0.0008765941 -0.0568133086 0.00035064
-0.0009123854 -0.0568133086 0.0006992275
-0.0009433143 -0.0568133086 0.0010578816
-0.0009688486 -0.0568133086 0.001416963
-0.0009876541 -0.0568133086 0.0017668829
-0.0009990432999999999 -0.0568133086 0.0020989731
-0.0010037554 -0.0568133086 0.0024062728
-0.0010031037 -0.0568133086 0.0026840559
-0.0009979759 -0.0568133086 0.0029298923
-0.0009888984999999999 -0.0568133086 0.0031433794
-0.0009768888 -0.0568133086 0.0033257245
-0.0009639107 -0.0568133086 0.0034793197
-0.0009526338 -0.0568133086 0.0036073245
-0.000945956 -0.0568133086 0.0037131794
-0.0009468853 -0.0568133086 0.0037999855
-0.0009597622 -0.0568133086 0.0038692396
-0.0009968153 -0.0568133086 0.0039083484
-0.0010525104 -0.0568133086 0.0038907855
-0.001108299 -0.0568133086 0.0038455047
-0.0011608495 -0.0568133086 0.0037738609
-0.0012086981 -0.0568133086 0.0036761858
-0.0012517336 -0.0568133086 0.0035516636
-0.0012897848 -0.0568133086 0.0033982806
-0.0013214113 -0.0568133086 0.0032135733
-0.0013439427 -0.0568133086 0.0029955979
-0.0013544868 -0.0568133086 0.0027436585
-0.0013513465 -0.0568133086 0.0024587899
-0.0013351121 -0.0568133086 0.0021440042
-0.0013082156 -0.0568133086 0.0018042949
-0.0012732543 -0.0568133086 0.0014466232
-0.0012319164 -0.0568133086 0.0010797418
-0.0011856281 -0.0568133086 0.0007134421
-0.0011365367 -0.0568133086 0.0003574083
-0.0010868852 -0.0568133086 2.02507e-05
-0.0010374405 -0.0568133086 -0.0002910603
-0.0009869642 -0.0568133086 -0.000571463
-0.0009342636000000001 -0.0568133086 -0.0008181025
-0.0008796123 -0.0568133086 -0.0010303433
-0.0008254182 -0.0568133086 -0.0012097564
-0.0007747914 -0.0568133086 -0.0013595464
-0.0007298234 -0.0568133086 -0.0014834612
-0.0006930613 -0.0568133086 -0.0015859034
-0.0006643576 -0.0568133086 -0.0016702971
-0.000641611 -0.0568133086 -0.0017391806
-0.0006375346 -0.0577722057 -0.0016783369
-0.0006381096 -0.0577722057 -0.0017348046
-0.0006375791999999999 -0.0577722057 -0.0016085887
-0.0006387771999999999 -0.0577722057 -0.0015229012
-0.0006417973 -0.0577722057 -0.0014182991
-0.0006483126000000001 -0.0577722057 -0.0012917405
-0.0006614299 -0.0577722057 -0.0011403141
-0.000682999 -0.0577722057 -0.0009614338
-0.0007141256 -0.0577722057 -0.0007530446
-0.0007534643 -0.0577722057 -0.0005137956
-0.0007971251 -0.0577722057 -0.0002433999
-0.0008403685 -0.0577722057 5.65277e-05
-0.000879479 -0.0577722057 0.0003818065
-0.0009132958 -0.0577722057 0.0007256556
-0.0009421508000000001 -0.0577722057 0.0010794204
-0.0009658946 -0.0577722057 0.0014335676
-0.0009834045 -0.0577722057 0.0017786362
-0.0009938235 -0.0577722057 0.0021060986
-0.0009975159999999999 -0.0577722057 0.0024091022
-0.0009955833000000001 -0.0577722057 0.0026829851
-0.0009890394000000001 -0.0577722057 0.0029253402
-0.0009787820999999999 -0.0577722057 0.0031357763
-0.0009661436999999999 -0.0577722057 0.0033155121
-0.0009532137 -0.0577722057 0.0034669437
-0.0009425852 -0.0577722057 0.0035931989
-0.0009369951 -0.0577722057 0.0036976321
-0.0009393192000000001 -0.0577722057 0.0037831965
-0.0009538384 -0.0577722057 0.0038511077
-0.0009919798000000001 -0.0577722057 0.003888259
-0.0010462739 -0.0577722057 0.0038695699
-0.0010993899 -0.0577722057 0.0038227078
-0.0011496721 -0.0577722057 0.0037510252
-0.0011967232 -0.0577722057 0.0036547617
-0.0012401909 -0.0577722057 0.0035324851
-0.0012790237 -0.0577722057 0.0033817517
-0.0013109574 -0.0577722057 0.0031999643
-0.0013330707 -0.0577722057 0.0029852634
-0.0013429958 -0.0577722057 0.0027370939
-0.0013400076 -0.0577722057 0.0024565064
-0.0013253331 -0.0577722057 0.0021463896
-0.0013011525 -0.0577722057 0.0018116135
-0.001269242 -0.0577722057 0.001459083
-0.0012306771 -0.0577722057 0.001097485
-0.0011868944 -0.0577722057 0.0007364723000000001
-0.0011403126 -0.0577722057 0.0003855552
-0.0010931689 -0.0577722057 5.32152e-05
-0.0010459113 -0.0577722057 -0.0002536376
-0.0009970277 -0.0577722057 -0.0005299689
-0.0009453603 -0.0577722057 -0.0007729479
-0.000891427 -0.0577722057 -0.0009819693
-0.0008378535 -0.0577722057 -0.0011586249
-0.000787828 -0.0577722057 -0.0013061074
-0.0007434342 -0.0577722057 -0.0014281195
-0.0007070995 -0.0577722057 -0.0015289755
-0.0006786391 -0.0577722057 -0.0016120356
-0.0006560363 -0.0577722057 -0.0016798164
-0.0006512734 -0.0587311029 -0.0016280498
-0.0006517492 -0.0587311029 -0.0016838324
-0.0006513382 -0.0587311029 -0.0015591436
-0.000652406 -0.0587311029 -0.0014744844
-0.0006549989 -0.0587311029 -0.0013711302
-0.0006607388 -0.0587311029 -0.001246063
-0.0006727743 -0.0587311029 -0.0010963756
-0.0006930295 -0.0587311029 -0.0009195155
-0.0007227384 -0.0587311029 -0.0007134697
-0.0007606935 -0.0587311029 -0.0004769393
-0.0008030526000000001 -0.0587311029 -0.0002096592
-0.0008449736 -0.0587311029 8.67888e-05
-0.0008825373 -0.0587311029 0.000408297
-0.0009145061 -0.0587311029 0.0007481653
-0.0009414099 -0.0587311029 0.0010978198
-0.000963468 -0.0587311029 0.0014478152
-0.0009797609 -0.0587311029 0.0017887981
-0.0009892669 -0.0587311029 0.0021123595
-0.0009919836000000001 -0.0587311029 0.0024117413
-0.0009888057 -0.0587311029 0.0026823314
-0.0009808735999999999 -0.0587311029 0.002921742
-0.0009694373 -0.0587311029 0.0031295926
-0.0009561433 -0.0587311029 0.0033071162
-0.0009432043 -0.0587311029 0.0034567175
-0.0009331477 -0.0587311029 0.0035814984
-0.0009285576 -0.0587311029 0.0036847355
-0.0009321864999999999 -0.0587311029 0.0037692424
-0.0009482593 -0.0587311029 0.0038359614
-0.0009874332999999999 -0.0587311029 0.0038712683
-0.0010403656 -0.0587311029 0.0038514303
-0.0010909134 -0.0587311029 0.0038029149
-0.0011390258 -0.0587311029 0.0037310404
-0.0011853409 -0.0587311029 0.0036359665
-0.0012292675 -0.0587311029 0.0035156506
-0.0012688997 -0.0587311029 0.0033672246
-0.0013011676 -0.0587311029 0.0031879507
-0.0013229042 -0.0587311029 0.0029760474
-0.0013322442 -0.0587311029 0.0027310955
-0.0013294047 -0.0587311029 0.0024541673
-0.0013162312 -0.0587311029 0.0021480398
-0.0012946638 -0.0587311029 0.00181747
-0.0012656778 -0.0587311029 0.0014693171
-0.0012297565 -0.0587311029 0.0011122165
-0.0011883487 -0.0587311029 0.0007557038
-0.0011441381 -0.0587311029 0.000409139
-0.0010993575 -0.0587311029 8.08943e-05
-0.0010541449 -0.0587311029 -0.0002221678
-0.0010067274 -0.0587311029 -0.0004950329
-0.0009559851000000001 -0.0587311029 -0.0007348904
-0.0009026786 -0.0587311029 -0.0009411627
-0.000849647 -0.0587311029 -0.0011154619
-0.0008001579 -0.0587311029 -0.0012609749
-0.0007562832 -0.0587311029 -0.0013813644
-0.0007203354 -0.0587311029 -0.0014808666
-0.0006920893 -0.0587311029 -0.0015627851
-0.0006696097 -0.0587311029 -0.0016296204
-0.0006642341 -0.05969 -0.0015869411
-0.0006645915 -0.05969 -0.001642162
-0.0006643462 -0.05969 -0.0015187253
-0.0006653224 -0.05969 -0.0014349092
-0.0006675444 -0.05969 -0.0013325787
-0.0006725854 -0.05969 -0.001208733
-0.0006836358 -0.05969 -0.0010604616
-0.0007026893 -0.05969 -0.0008852377
-0.0007311032000000001 -0.05969 -0.0006810833
-0.0007677963000000001 -0.05969 -0.0004467463
-0.0008089707 -0.05969 -0.0001819835
-0.0008496822 -0.05969 0.0001116503
-0.0008858124 -0.05969 0.0004301079
-0.0009160496 -0.05969 0.0007667541
-0.0009411141 -0.05969 0.0011130788
-0.0009615804 -0.05969 0.0014597057
-0.0009767242000000001 -0.05969 0.0017973693
-0.0009853652000000001 -0.05969 0.0021177559
-0.0009871429 -0.05969 0.0024141915
-0.0009827487999999999 -0.05969 0.0026820965
-0.0009734553 -0.05969 0.0029190997
-0.0009608345 -0.05969 0.00312483
-0.0009468526 -0.05969 0.0033005378
-0.0009338412 -0.05969 0.0034486404
-0.0009242765 -0.05969 0.003572221
-0.0009206009 -0.05969 0.0036744871
-0.0009254517 -0.05969 0.0037581231
-0.0009429989 -0.05969 0.0038238047
-0.0009831524999999999 -0.05969 0.0038573782
-0.0010347509 -0.05969 0.0038363674
-0.0010828185 -0.05969 0.0037861193
-0.0011288461 -0.05969 0.0037138947
-0.0011744824 -0.05969 0.0036197892
-0.0012188954 -0.05969 0.0035011503
-0.0012593479 -0.05969 0.0033546904
-0.0012919821 -0.05969 0.0031775248
-0.0013133865 -0.05969 0.0029679432
-0.001322178 -0.05969 0.0027256573
-0.0013194895 -0.05969 0.0024517681
-0.0013077646 -0.05969 0.0021489502
-0.0012887197 -0.05969 0.0018218599
-0.001262545 -0.05969 0.0014773206
-0.0012291509 -0.05969 0.0011239309
-0.0011899995 -0.05969 0.0007711306
-0.001148033 -0.05969 0.0004281534
-0.0011054813 -0.05969 0.0001032811
-0.0010621793 -0.05969 -0.0001966581
-0.0010161069 -0.05969 -0.0004666627
-0.0009661867 -0.05969 -0.0007039378999999999
-0.0009134199 -0.05969 -0.0009079312
-0.0008608557 -0.05969 -0.0010802745
-0.0008118427 -0.05969 -0.001224156
-0.0007684360000000001 -0.05969 -0.0013432029
-0.0007328366 -0.05969 -0.0014415835
-0.0007047775 -0.05969 -0.0015225521
-0.0006824009 -0.05969 -0.0015885987
-0.0006669804 -0.0596964424 -0.0015869413
-0.000670458 -0.0597043423 -0.0015187524
-0.000675526 -0.059713959 -0.0014350115
-0.0006827796 -0.059725829 -0.0013328618
-0.0006935836 -0.05973949 -0.0012092907
-0.0007103046999999999 -0.0597530076 -0.0010612848
-0.0007343255 -0.0597649194 -0.0008862104
-0.0007663033 -0.0597735246 -0.0006819655
-0.0008048754 -0.0597781168 -0.0004472521
-0.000846671 -0.0597797165 -0.0001818968
-0.0008876423 -0.0597805061 0.0001124353
-0.0009245732 -0.0597827002 0.00043161
-0.0009563627 -0.0597868354 0.0007689636
-0.0009833004 -0.0597918549 0.0011159921
-0.0010054634 -0.059796485 0.0014633269
-0.0010220404 -0.0598004493 0.0018016884
-0.0010320439 -0.0598042206 0.0021227372
-0.0010351333 -0.0598079101 0.0024197867
-0.0010316432 -0.0598106947 0.0026882549
-0.0010223102 -0.0598112209 0.0029257472
-0.0010083254 -0.0598084343 0.0031318095
-0.0009915947 -0.0598020279 0.0033075699
-0.0009746235 -0.0597923402 0.003455352
-0.0009600934 -0.0597798785 0.0035782148
-0.000950475 -0.0597647857 0.0036793825
-0.0009481085 -0.0597464314 0.0037615401
-0.0009562658 -0.0597227208 0.0038252473
-0.0010211225 -0.0597227204 0.0038340994
-0.0010593101 -0.05974643 0.003781231
-0.0010975917 -0.0597647832 0.0037070766
-0.0011368637 -0.0597798758 0.0036116455
-0.0011760669 -0.0597923378 0.0034922681
-0.0012124755 -0.059802026 0.0033456477
-0.0012423736 -0.0598084327 0.0031688549
-0.0012624755 -0.0598112192 0.0029600678
-0.0012713396 -0.059810693 0.0027188463
-0.001269767 -0.0598079088 0.0024461637
-0.0012596874 -0.0598042201 0.0021446243
-0.0012424342 -0.0598004497 0.0018188574
-0.0012181581 -0.0597964861 0.0014756537
-0.0011869099 -0.0597918562 0.0011235554
-0.0011500371 -0.0597868369 0.0007719659
-0.0011099812 -0.0597827016 0.0004301506
-0.0010685481 -0.0597805073 0.0001064507
-0.0010257778 -0.0597797175 -0.0001923316
-0.0009805253 -0.0597781176 -0.0004613836
-0.0009325779 -0.0597735252 -0.0006981617
-0.0008833462 -0.0597649199 -0.0009022792
-0.0008356043 -0.0597530079 -0.001075306
-0.0007920296 -0.0597394903 -0.0012202016
-0.0007540994 -0.0597258292 -0.0013403766
-0.0007232512 -0.0597139591 -0.0014397319
-0.000699039 -0.0597043423 -0.0015214586
-0.0006798228 -0.0596964424 -0.0015881135
-0.0006734365 -0.0596991127 -0.0015874269
-0.0006848259 -0.0597102868 -0.0015198844
-0.0006995167 -0.0597238892 -0.0014370092
-0.0007186258 -0.0597406791 -0.0013360921
-0.0007430523 -0.059760003 -0.0012140422
-0.0007732483 -0.0597791254 -0.0010674363
-0.0008091597 -0.0597959784 -0.0008932749
-0.0008497705 -0.0598081551 -0.0006890491
-0.0008930107 -0.0598146538 -0.0004533283
-0.0009364936 -0.059816916 -0.0001861993
-0.0009783081 -0.0598180289 0.0001102627
-0.0010174241 -0.0598211278 0.0004316056
-0.0010532726 -0.0598269738 0.0007710958
-0.0010850938 -0.0598340705 0.0011202997
-0.0011117064 -0.0598406125 0.0014698952
-0.0011320365 -0.0598462071 0.0018105457
-0.001145576 -0.0598515277 0.0021338165
-0.0011520915 -0.0598567402 0.0024329733
-0.0011510888 -0.0598606848 0.0027034155
-0.0011419669 -0.0598614425 0.0029426531
-0.0011249108 -0.0598575116 0.003149982
-0.0011015937 -0.0598484516 0.0033261922
-0.0010749213 -0.0598347434 0.0034733603
-0.0010481053 -0.059817112 0.0035944848
-0.0010237475 -0.0597957656 0.0036928312
-0.0010035329 -0.0597698124 0.0037710807
-0.0009886192999999999 -0.0597362814 0.0038295024
$EndNodes
$Elements
1 13408 1 13408
2 0 2 13408
1 1 3 2 
2 2 3 4 
3 3 5 4 
4 4 5 6 
5 5 7 6 
6 6 7 8 
7 7 9 8 
8 8 9 10 
9 9 11 10 
10 10 11 12 
11 11 13 12 
12 12 13 14 
13 13 15 14 
14 14 15 16 
15 15 17 16 
16 16 17 18 
17 17 19 18 
18 18 19 20 
19 19 21 20 
20 20 21 22 
21 21 23 22 
22 22 23 24 
23 23 25 24 
24 24 25 26 
25 25 27 26 
26 26 27 28 
27 27 29 28 
28 28 29 30 
29 28 30 31 
30 31 30 32 
31 31 32 33 
32 33 32 34 
33 33 34 35 
34 35 34 36 
35 35 36 37 
36 37 36 38 
37 37 38 39 
38 39 38 40 
39 39 40 41 
40 41 40 42 
41 41 42 43 
42 43 42 44 
43 43 44 45 
44 45 44 46 
45 45 46 47 
46 47 46 48 
47 47 48 49 
48 49 48 50 
49 49 50 51 
50 51 50 52 
51 51 52 53 
52 53 52 54 
53 53 54 55 
54 55 54 56 
55 56 57 55 
56 55 57 53 
57 57 58 53 
58 53 58 51 
59 58 59 51 
60 51 59 49 
61 59 60 49 
62 49 60 47 
63 60 61 47 
64 47 61 45 
65 61 62 45 
66 45 62 43 
67 62 63 43 
68 43 63 41 
69 63 64 41 
70 41 64 39 
71 64 65 39 
72 39 65 37 
73 65 66 37 
74 37 66 35 
75 66 67 35 
76 35 67 33 
77 67 68 33 
78 33 68 31 
79 68 69 31 
80 31 69 28 
81 69 70 28 
82 28 70 71 
83 28 71 26 
84 26 71 72 
85 26 72 24 
86 24 72 73 
87 24 73 22 
88 22 73 74 
89 22 74 20 
90 20 74 75 
91 20 75 18 
92 18 75 76 
93 18 76 16 
94 16 76 77 
95 16 77 14 
96 14 77 78 
97 14 78 12 
98 12 78 79 
99 12 79 10 
100 10 79 80 
101 10 80 8 
102 8 80 81 
103 8 81 6 
104 6 81 82 
105 6 82 4 
106 4 82 83 
107 4 83 2 
108 2 83 1 
109 1 84 3 
110 3 84 5 
111 84 85 5 
112 5 85 7 
113 85 86 7 
114 7 86 9 
115 86 87 9 
116 9 87 11 
117 87 88 11 
118 11 88 13 
119 88 89 13 
120 13 89 15 
121 89 90 15 
122 15 90 17 
123 90 91 17 
124 17 91 19 
125 91 92 19 
126 19 92 21 
127 92 93 21 
128 21 93 23 
129 93 94 23 
130 23 94 25 
131 94 95 25 
132 25 95 27 
133 95 96 27 
134 27 96 29 
135 96 97 29 
136 29 97 98 
137 29 98 30 
138 30 98 99 
139 30 99 32 
140 32 99 100 
141 32 100 34 
142 34 100 101 
143 34 101 36 
144 36 101 102 
145 36 102 38 
146 38 102 103 
147 38 103 40 
148 40 103 104 
149 40 104 42 
150 42 104 105 
151 42 105 44 
152 44 105 106 
153 44 106 46 
154 46 106 107 
155 46 107 48 
156 48 107 108 
157 48 108 50 
158 50 108 109 
159 50 109 52 
160 52 109 110 
161 52 110 54 
162 54 110 56 
163 56 111 57 
164 57 111 58 
165 111 112 58 
166 58 112 59 
167 112 113 59 
168 59 113 60 
169 113 114 60 
170 60 114 61 
171 114 115 61 
172 61 115 62 
173 115 116 62 
174 62 116 63 
175 116 117 63 
176 63 117 64 
177 117 118 64 
178 64 118 65 
179 118 119 65 
180 65 119 66 
181 119 120 66 
182 66 120 67 
183 120 121 67 
184 67 121 68 
185 121 122 68 
186 68 122 69 
187 122 123 69 
188 69 123 70 
189 123 124 70 
190 70 124 125 
191 70 125 71 
192 71 125 126 
193 71 126 72 
194 72 126 127 
195 72 127 73 
196 73 127 128 
197 73 128 74 
198 74 128 129 
199 74 129 75 
200 75 129 130 
201 75 130 76 
202 76 130 131 
203 76 131 77 
204 77 131 132 
205 77 132 78 
206 78 132 133 
207 78 133 79 
208 79 133 134 
209 79 134 80 
210 80 134 135 
211 80 135 81 
212 81 135 136 
213 81 136 82 
214 82 136 137 
215 82 137 83 
216 83 137 1 
217 1 138 84 
218 138 139 84 
219 84 139 85 
220 139 140 85 
221 85 140 86 
222 140 141 86 
223 86 141 87 
224 141 142 87 
225 87 142 88 
226 142 143 88 
227 88 143 89 
228 143 144 89 
229 89 144 90 
230 144 145 90 
231 90 145 91 
232 145 146 91 
233 91 146 92 
234 146 147 92 
235 92 147 93 
236 147 148 93 
237 93 148 94 
238 148 149 94 
239 94 149 95 
240 149 150 95 
241 95 150 96 
242 150 151 96 
243 96 151 97 
244 151 152 97 
245 97 152 153 
246 97 153 98 
247 98 153 154 
248 98 154 99 
249 99 154 155 
250 99 155 100 
251 100 155 156 
252 100 156 101 
253 101 156 157 
254 101 157 102 
255 102 157 158 
256 102 158 103 
257 103 158 159 
258 103 159 104 
259 104 159 160 
260 104 160 105 
261 105 160 161 
262 105 161 106 
263 106 161 162 
264 106 162 107 
265 107 162 163 
266 107 163 108 
267 108 163 164 
268 108 164 109 
269 109 164 165 
270 109 165 110 
271 110 165 166 
272 110 166 56 
273 56 166 111 
274 166 167 111 
275 111 167 112 
276 167 168 112 
277 112 168 113 
278 168 169 113 
279 113 169 114 
280 169 170 114 
281 114 170 115 
282 170 171 115 
283 115 171 116 
284 171 172 116 
285 116 172 117 
286 172 173 117 
287 117 173 118 
288 173 174 118 
289 118 174 119 
290 174 175 119 
291 119 175 120 
292 175 176 120 
293 120 176 121 
294 176 177 121 
295 121 177 122 
296 177 178 122 
297 122 178 123 
298 178 179 123 
299 123 179 124 
300 179 180 124 
301 124 180 181 
302 124 181 125 
303 125 181 182 
304 125 182 126 
305 126 182 183 
306 126 183 127 
307 127 183 184 
308 127 184 128 
309 128 184 185 
310 128 185 129 
311 129 185 186 
312 129 186 130 
313 130 186 187 
314 130 187 131 
315 131 187 188 
316 131 188 132 
317 132 188 189 
318 132 189 133 
319 133 189 190 
320 133 190 134 
321 134 190 191 
322 134 191 135 
323 135 191 192 
324 135 192 136 
325 136 192 193 
326 136 193 137 
327 137 193 138 
328 137 138 1 
329 138 194 139 
330 194 195 139 
331 139 195 140 
332 195 196 140 
333 140 196 141 
334 196 197 141 
335 141 197 142 
336 197 198 142 
337 142 198 143 
338 198 199 143 
339 143 199 144 
340 199 200 144 
341 144 200 145 
342 200 201 145 
343 145 201 146 
344 201 202 146 
345 146 202 147 
346 202 203 147 
347 147 203 148 
348 203 204 148 
349 148 204 149 
350 204 205 149 
351 149 205 150 
352 205 206 150 
353 150 206 151 
354 206 207 151 
355 151 207 152 
356 207 208 152 
357 152 208 209 
358 152 209 153 
359 153 209 210 
360 153 210 154 
361 154 210 211 
362 154 211 155 
363 155 211 212 
364 155 212 156 
365 156 212 213 
366 156 213 157 
367 157 213 214 
368 157 214 158 
369 158 214 215 
370 158 215 159 
371 159 215 216 
372 159 216 160 
373 160 216 217 
374 160 217 161 
375 161 217 218 
376 161 218 162 
377 162 218 219 
378 162 219 163 
379 163 219 220 
380 163 220 164 
381 164 220 221 
382 164 221 165 
383 165 221 222 
384 165 222 166 
385 166 222 167 
386 222 223 167 
387 167 223 168 
388 223 224 168 
389 168 224 169 
390 224 225 169 
391 169 225 170 
392 225 226 170 
393 170 226 171 
394 226 227 171 
395 171 227 172 
396 227 228 172 
397 172 228 173 
398 228 229 173 
399 173 229 174 
400 229 230 174 
401 174 230 175 
402 230 231 175 
403 175 231 176 
404 231 232 176 
405 176 232 177 
406 232 233 177 
407 177 233 178 
408 233 234 178 
409 178 234 179 
410 234 235 179 
411 179 235 180 
412 235 236 180 
413 180 236 237 
414 180 237 181 
415 181 237 238 
416 181 238 182 
417 182 238 239 
418 182 239 183 
419 183 239 240 
420 183 240 184 
421 184 240 241 
422 184 241 185 
423 185 241 242 
424 185 242 186 
425 186 242 243 
426 186 243 187 
427 187 243 244 
428 187 244 188 
429 188 244 245 
430 188 245 189 
431 189 245 246 
432 189 246 190 
433 190 246 247 
434 190 247 191 
435 191 247 248 
436 191 248 192 
437 192 248 249 
438 192 249 193 
439 193 249 194 
440 193 194 138 
441 194 250 195 
442 250 251 195 
443 195 251 196 
444 251 252 196 
445 196 252 197 
446 252 253 197 
447 197 253 198 
448 253 254 198 
449 198 254 199 
450 254 255 199 
451 199 255 200 
452 255 256 200 
453 200 256 201 
454 256 257 201 
455 201 257 202 
456 257 258 202 
457 202 258 203 
458 258 259 203 
459 203 259 204 
460 259 260 204 
461 204 260 205 
462 260 261 205 
463 205 261 206 
464 261 262 206 
465 206 262 207 
466 262 263 207 
467 207 263 208 
468 263 264 208 
469 208 264 265 
470 208 265 209 
471 209 265 266 
472 209 266 210 
473 210 266 267 
474 210 267 211 
475 211 267 268 
476 211 268 212 
477 212 268 269 
478 212 269 213 
479 213 269 270 
480 213 270 214 
481 214 270 271 
482 214 271 215 
483 215 271 272 
484 215 272 216 
485 216 272 273 
486 216 273 217 
487 217 273 274 
488 217 274 218 
489 218 274 275 
490 218 275 219 
491 219 275 276 
492 219 276 220 
493 220 276 277 
494 220 277 221 
495 221 277 278 
496 221 278 222 
497 222 278 223 
498 278 279 223 
499 223 279 224 
500 279 280 224 
501 224 280 225 
502 280 281 225 
503 225 281 226 
504 281 282 226 
505 226 282 227 
506 282 283 227 
507 227 283 228 
508 283 284 228 
509 228 284 229 
510 284 285 229 
511 229 285 230 
512 285 286 230 
513 230 286 231 
514 286 287 231 
515 231 287 232 
516 287 288 232 
517 232 288 233 
518 288 289 233 
519 233 289 234 
520 289 290 234 
521 234 290 235 
522 290 291 235 
523 235 291 236 
524 291 292 236 
525 236 292 293 
526 236 293 237 
527 237 293 294 
528 237 294 238 
529 238 294 295 
530 238 295 239 
531 239 295 296 
532 239 296 240 
533 240 296 297 
534 240 297 241 
535 241 297 298 
536 241 298 242 
537 242 298 299 
538 242 299 243 
539 243 299 300 
540 243 300 244 
541 244 300 301 
542 244 301 245 
543 245 301 302 
544 245 302 246 
545 246 302 303 
546 246 303 247 
547 247 303 304 
548 247 304 248 
549 248 304 305 
550 248 305 249 
551 249 305 250 
552 249 250 194 
553 250 306 251 
554 306 307 251 
555 251 307 252 
556 307 308 252 
557 252 308 253 
558 308 309 253 
559 253 309 254 
560 309 310 254 
561 254 310 255 
562 310 311 255 
563 255 311 256 
564 311 312 256 
565 256 312 257 
566 312 313 257 
567 257 313 258 
568 313 314 258 
569 258 314 259 
570 314 315 259 
571 259 315 260 
572 315 316 260 
573 260 316 261 
574 316 317 261 
575 261 317 262 
576 317 318 262 
577 262 318 263 
578 318 319 263 
579 263 319 264 
580 319 320 264 
581 264 320 321 
582 264 321 265 
583 265 321 322 
584 265 322 266 
585 266 322 323 
586 266 323 267 
587 267 323 324 
588 267 324 268 
589 268 324 325 
590 268 325 269 
591 269 325 326 
592 269 326 270 
593 270 326 327 
594 270 327 271 
595 271 327 328 
596 271 328 272 
597 272 328 329 
598 272 329 273 
599 273 329 330 
600 273 330 274 
601 274 330 331 
602 274 331 275 
603 275 331 332 
604 275 332 276 
605 276 332 333 
606 276 333 277 
607 277 333 334 
608 277 334 278 
609 278 334 279 
610 334 335 279 
611 279 335 280 
612 335 336 280 
613 280 336 281 
614 336 337 281 
615 281 337 282 
616 337 338 282 
617 282 338 283 
618 338 339 283 
619 283 339 284 
620 339 340 284 
621 284 340 285 
622 340 341 285 
623 285 341 286 
624 341 342 286 
625 286 342 287 
626 342 343 287 
627 287 343 288 
628 343 344 288 
629 288 344 289 
630 344 345 289 
631 289 345 290 
632 345 346 290 
633 290 346 291 
634 346 347 291 
635 291 347 292 
636 347 348 292 
637 292 348 349 
638 292 349 293 
639 293 349 350 
640 293 350 294 
641 294 350 351 
642 294 351 295 
643 295 351 352 
644 295 352 296 
645 296 352 353 
646 296 353 297 
647 297 353 354 
648 297 354 298 
649 298 354 355 
650 298 355 299 
651 299 355 356 
652 299 356 300 
653 300 356 357 
654 300 357 301 
655 301 357 358 
656 301 358 302 
657 302 358 359 
658 302 359 303 
659 303 359 360 
660 303 360 304 
661 304 360 361 
662 304 361 305 
663 305 361 306 
664 305 306 250 
665 306 362 307 
666 362 363 307 
667 307 363 308 
668 363 364 308 
669 308 364 309 
670 364 365 309 
671 309 365 310 
672 365 366 310 
673 310 366 311 
674 366 367 311 
675 311 367 312 
676 367 368 312 
677 312 368 313 
678 368 369 313 
679 313 369 314 
680 369 370 314 
681 314 370 315 
682 370 371 315 
683 315 371 316 
684 371 372 316 
685 316 372 317 
686 372 373 317 
687 317 373 318 
688 373 374 318 
689 318 374 319 
690 374 375 319 
691 319 375 320 
692 375 376 320 
693 320 376 377 
694 320 377 321 
695 321 377 378 
696 321 378 322 
697 322 378 379 
698 322 379 323 
699 323 379 380 
700 323 380 324 
701 324 380 381 
702 324 381 325 
703 325 381 382 
704 325 382 326 
705 326 382 383 
706 326 383 327 
707 327 383 384 
708 327 384 328 
709 328 384 385 
710 328 385 329 
711 329 385 386 
712 329 386 330 
713 330 386 387 
714 330 387 331 
715 331 387 388 
716 331 388 332 
717 332 388 389 
718 332 389 333 
719 333 389 390 
720 333 390 334 
721 334 390 335 
722 390 391 335 
723 335 391 336 
724 391 392 336 
725 336 392 337 
726 392 393 337 
727 337 393 338 
728 393 394 338 
729 338 394 339 
730 394 395 339 
731 339 395 340 
732 395 396 340 
733 340 396 341 
734 396 397 341 
735 341 397 342 
736 397 398 342 
737 342 398 343 
738 398 399 343 
739 343 399 344 
740 399 400 344 
741 344 400 345 
742 400 401 345 
743 345 401 346 
744 401 402 346 
745 346 402 347 
746 402 403 347 
747 347 403 348 
748 403 404 348 
749 348 404 405 
750 348 405 349 
751 349 405 406 
752 349 406 350 
753 350 406 407 
754 350 407 351 
755 351 407 408 
756 351 408 352 
757 352 408 409 
758 352 409 353 
759 353 409 410 
760 353 410 354 
761 354 410 411 
762 354 411 355 
763 355 411 412 
764 355 412 356 
765 356 412 413 
766 356 413 357 
767 357 413 414 
768 357 414 358 
769 358 414 415 
770 358 415 359 
771 359 415 416 
772 359 416 360 
773 360 416 417 
774 360 417 361 
775 361 417 362 
776 361 362 306 
777 362 418 363 
778 418 419 363 
779 363 419 364 
780 419 420 364 
781 364 420 365 
782 420 421 365 
783 365 421 366 
784 421 422 366 
785 366 422 367 
786 422 423 367 
787 367 423 368 
788 423 424 368 
789 368 424 369 
790 424 425 369 
791 369 425 370 
792 425 426 370 
793 370 426 371 
794 426 427 371 
795 371 427 372 
796 427 428 372 
797 372 428 373 
798 428 429 373 
799 373 429 374 
800 429 430 374 
801 374 430 375 
802 430 431 375 
803 375 431 376 
804 431 432 376 
805 376 432 433 
806 376 433 377 
807 377 433 434 
808 377 434 378 
809 378 434 435 
810 378 435 379 
811 379 435 436 
812 379 436 380 
813 380 436 437 
814 380 437 381 
815 381 437 438 
816 381 438 382 
817 382 438 439 
818 382 439 383 
819 383 439 440 
820 383 440 384 
821 384 440 441 
822 384 441 385 
823 385 441 442 
824 385 442 386 
825 386 442 443 
826 386 443 387 
827 387 443 444 
828 387 444 388 
829 388 444 445 
830 388 445 389 
831 389 445 446 
832 389 446 390 
833 390 446 391 
834 446 447 391 
835 391 447 392 
836 447 448 392 
837 392 448 393 
838 448 449 393 
839 393 449 394 
840 449 450 394 
841 394 450 395 
842 450 451 395 
843 395 451 396 
844 451 452 396 
845 396 452 397 
846 452 453 397 
847 397 453 398 
848 453 454 398 
849 398 454 399 
850 454 455 399 
851 399 455 400 
852 455 456 400 
853 400 456 401 
854 456 457 401 
855 401 457 402 
856 457 458 402 
857 402 458 403 
858 458 459 403 
859 403 459 404 
860 459 460 404 
861 404 460 461 
862 404 461 405 
863 405 461 462 
864 405 462 406 
865 406 462 463 
866 406 463 407 
867 407 463 464 
868 407 464 408 
869 408 464 465 
870 408 465 409 
871 409 465 466 
872 409 466 410 
873 410 466 467 
874 410 467 411 
875 411 467 468 
876 411 468 412 
877 412 468 469 
878 412 469 413 
879 413 469 470 
880 413 470 414 
881 414 470 471 
882 414 471 415 
883 415 471 472 
884 415 472 416 
885 416 472 473 
886 416 473 417 
887 417 473 418 
888 417 418 362 
889 418 474 419 
890 474 475 419 
891 419 475 420 
892 475 476 420 
893 420 476 421 
894 476 477 421 
895 421 477 422 
896 477 478 422 
897 422 478 423 
898 478 479 423 
899 423 479 424 
900 479 480 424 
901 424 480 425 
902 480 481 425 
903 425 481 426 
904 481 482 426 
905 426 482 427 
906 482 483 427 
907 427 483 428 
908 483 484 428 
909 428 484 429 
910 484 485 429 
911 429 485 430 
912 485 486 430 
913 430 486 431 
914 486 487 431 
915 431 487 432 
916 487 488 432 
917 432 488 489 
918 432 489 433 
919 433 489 490 
920 433 490 434 
921 434 490 491 
922 434 491 435 
923 435 491 492 
924 435 492 436 
925 436 492 493 
926 436 493 437 
927 437 493 494 
928 437 494 438 
929 438 494 495 
930 438 495 439 
931 439 495 496 
932 439 496 440 
933 440 496 497 
934 440 497 441 
935 441 497 498 
936 441 498 442 
937 442 498 499 
938 442 499 443 
939 443 499 500 
940 443 500 444 
941 444 500 501 
942 444 501 445 
943 445 501 502 
944 445 502 446 
945 446 502 447 
946 502 503 447 
947 447 503 448 
948 503 504 448 
949 448 504 449 
950 504 505 449 
951 449 505 450 
952 505 506 450 
953 450 506 451 
954 506 507 451 
955 451 507 452 
956 507 508 452 
957 452 508 453 
958 508 509 453 
959 453 509 454 
960 509 510 454 
961 454 510 455 
962 510 511 455 
963 455 511 456 
964 511 512 456 
965 456 512 457 
966 512 513 457 
967 457 513 458 
968 513 514 458 
969 458 514 459 
970 514 515 459 
971 459 515 460 
972 515 516 460 
973 460 516 517 
974 460 517 461 
975 461 517 518 
976 461 518 462 
977 462 518 519 
978 462 519 463 
979 463 519 520 
980 463 520 464 
981 464 520 521 
982 464 521 465 
983 465 521 522 
984 465 522 466 
985 466 522 523 
986 466 523 467 
987 467 523 524 
988 467 524 468 
989 468 524 525 
990 468 525 469 
991 469 525 526 
992 469 526 470 
993 470 526 527 
994 470 527 471 
995 471 527 528 
996 471 528 472 
997 472 528 529 
998 472 529 473 
999 473 529 474 
1000 473 474 418 
1001 474 530 475 
1002 530 531 475 
1003 475 531 476 
1004 531 532 476 
1005 476 532 477 
1006 532 533 477 
1007 477 533 478 
1008 533 534 478 
1009 478 534 479 
1010 534 535 479 
1011 479 535 480 
1012 535 536 480 
1013 480 536 481 
1014 536 537 481 
1015 481 537 482 
1016 537 538 482 
1017 482 538 483 
1018 538 539 483 
1019 483 539 484 
1020 539 540 484 
1021 484 540 485 
1022 540 541 485 
1023 485 541 486 
1024 541 542 486 
1025 486 542 487 
1026 542 543 487 
1027 487 543 488 
1028 543 544 488 
1029 488 544 545 
1030 488 545 489 
1031 489 545 546 
1032 489 546 490 
1033 490 546 547 
1034 490 547 491 
1035 491 547 548 
1036 491 548 492 
1037 492 548 549 
1038 492 549 493 
1039 493 549 550 
1040 493 550 494 
1041 494 550 551 
1042 494 551 495 
1043 495 551 552 
1044 495 552 496 
1045 496 552 553 
1046 496 553 497 
1047 497 553 554 
1048 497 554 498 
1049 498 554 555 
1050 498 555 499 
1051 499 555 556 
1052 499 556 500 
1053 500 556 557 
1054 500 557 501 
1055 501 557 558 
1056 501 558 502 
1057 502 558 503 
1058 558 559 503 
1059 503 559 504 
1060 559 560 504 
1061 504 560 505 
1062 560 561 505 
1063 505 561 506 
1064 561 562 506 
1065 506 562 507 
1066 562 563 507 
1067 507 563 508 
1068 563 564 508 
1069 508 564 509 
1070 564 565 509 
1071 509 565 510 
1072 565 566 510 
1073 510 566 511 
1074 566 567 511 
1075 511 567 512 
1076 567 568 512 
1077 512 568 513 
1078 568 569 513 
1079 513 569 514 
1080 569 570 514 
1081 514 570 515 
1082 570 571 515 
1083 515 571 516 
1084 571 572 516 
1085 516 572 573 
1086 516 573 517 
1087 517 573 574 
1088 517 574 518 
1089 518 574 575 
1090 518 575 519 
1091 519 575 576 
1092 519 576 520 
1093 520 576 577 
1094 520 577 521 
1095 521 577 578 
1096 521 578 522 
1097 522 578 579 
1098 522 579 523 
1099 523 579 580 
1100 523 580 524 
1101 524 580 581 
1102 524 581 525 
1103 525 581 582 
1104 525 582 526 
1105 526 582 583 
1106 526 583 527 
1107 527 583 584 
1108 527 584 528 
1109 528 584 585 
1110 528 585 529 
1111 529 585 530 
1112 529 530 474 
1113 530 586 531 
1114 586 587 531 
1115 531 587 532 
1116 587 588 532 
1117 532 588 533 
1118 588 589 533 
1119 533 589 534 
1120 589 590 534 
1121 534 590 535 
1122 590 591 535 
1123 535 591 536 
1124 591 592 536 
1125 536 592 537 
1126 592 593 537 
1127 537 593 538 
1128 593 594 538 
1129 538 594 539 
1130 594 595 539 
1131 539 595 540 
1132 595 596 540 
1133 540 596 541 
1134 596 597 541 
1135 541 597 542 
1136 597 598 542 
1137 542 598 543 
1138 598 599 543 
1139 543 599 544 
1140 599 600 544 
1141 544 600 601 
1142 544 601 545 
1143 545 601 602 
1144 545 602 546 
1145 546 602 603 
1146 546 603 547 
1147 547 603 604 
1148 547 604 548 
1149 548 604 605 
1150 548 605 549 
1151 549 605 606 
1152 549 606 550 
1153 550 606 607 
1154 550 607 551 
1155 551 607 608 
1156 551 608 552 
1157 552 608 609 
1158 552 609 553 
1159 553 609 610 
1160 553 610 554 
1161 554 610 611 
1162 554 611 555 
1163 555 611 612 
1164 555 612 556 
1165 556 612 613 
1166 556 613 557 
1167 557 613 614 
1168 557 614 558 
1169 558 614 559 
1170 614 615 559 
1171 559 615 560 
1172 615 616 560 
1173 560 616 561 
1174 616 617 561 
1175 561 617 562 
1176 617 618 562 
1177 562 618 563 
1178 618 619 563 
1179 563 619 564 
1180 619 620 564 
1181 564 620 565 
1182 620 621 565 
1183 565 621 566 
1184 621 622 566 
1185 566 622 567 
1186 622 623 567 
1187 567 623 568 
1188 623 624 568 
1189 568 624 569 
1190 624 625 569 
1191 569 625 570 
1192 625 626 570 
1193 570 626 571 
1194 626 627 571 
1195 571 627 572 
1196 627 628 572 
1197 572 628 629 
1198 572 629 573 
1199 573 629 630 
1200 573 630 574 
1201 574 630 631 
1202 574 631 575 
1203 575 631 632 
1204 575 632 576 
1205 576 632 633 
1206 576 633 577 
1207 577 633 634 
1208 577 634 578 
1209 578 634 635 
1210 578 635 579 
1211 579 635 636 
1212 579 636 580 
1213 580 636 637 
1214 580 637 581 
1215 581 637 638 
1216 581 638 582 
1217 582 638 639 
1218 582 639 583 
1219 583 639 640 
1220 583 640 584 
1221 584 640 641 
1222 584 641 585 
1223 585 641 586 
1224 585 586 530 
1225 586 642 587 
1226 642 643 587 
1227 587 643 588 
1228 643 644 588 
1229 588 644 589 
1230 644 645 589 
1231 589 645 590 
1232 645 646 590 
1233 590 646 591 
1234 646 647 591 
1235 591 647 592 
1236 647 648 592 
1237 592 648 593 
1238 648 649 593 
1239 593 649 594 
1240 649 650 594 
1241 594 650 595 
1242 650 651 595 
1243 595 651 596 
1244 651 652 596 
1245 596 652 597 
1246 652 653 597 
1247 597 653 598 
1248 653 654 598 
1249 598 654 599 
1250 654 655 599 
1251 599 655 600 
1252 655 656 600 
1253 600 656 657 
1254 600 657 601 
1255 601 657 658 
1256 601 658 602 
1257 602 658 659 
1258 602 659 603 
1259 603 659 660 
1260 603 660 604 
1261 604 660 661 
1262 604 661 605 
1263 605 661 662 
1264 605 662 606 
1265 606 662 663 
1266 606 663 607 
1267 607 663 664 
1268 607 664 608 
1269 608 664 665 
1270 608 665 609 
1271 609 665 666 
1272 609 666 610 
1273 610 666 667 
1274 610 667 611 
1275 611 667 668 
1276 611 668 612 
1277 612 668 669 
1278 612 669 613 
1279 613 669 670 
1280 613 670 614 
1281 614 670 615 
1282 670 671 615 
1283 615 671 616 
1284 671 672 616 
1285 616 672 617 
1286 672 673 617 
1287 617 673 618 
1288 673 674 618 
1289 618 674 619 
1290 674 675 619 
1291 619 675 620 
1292 675 676 620 
1293 620 676 621 
1294 676 677 621 
1295 621 677 622 
1296 677 678 622 
1297 622 678 623 
1298 678 679 623 
1299 623 679 624 
1300 679 680 624 
1301 624 680 625 
1302 680 681 625 
1303 625 681 626 
1304 681 682 626 
1305 626 682 627 
1306 682 683 627 
1307 627 683 628 
1308 683 684 628 
1309 628 684 685 
1310 628 685 629 
1311 629 685 686 
1312 629 686 630 
1313 630 686 687 
1314 630 687 631 
1315 631 687 688 
1316 631 688 632 
1317 632 688 689 
1318 632 689 633 
1319 633 689 690 
1320 633 690 634 
1321 634 690 691 
1322 634 691 635 
1323 635 691 692 
1324 635 692 636 
1325 636 692 693 
1326 636 693 637 
1327 637 693 694 
1328 637 694 638 
1329 638 694 695 
1330 638 695 639 
1331 639 695 696 
1332 639 696 640 
1333 640 696 697 
1334 640 697 641 
1335 641 697 642 
1336 641 642 586 
1337 642 698 643 
1338 698 699 643 
1339 643 699 644 
1340 699 700 644 
1341 644 700 645 
1342 700 701 645 
1343 645 701 646 
1344 701 702 646 
1345 646 702 647 
1346 702 703 647 
1347 647 703 648 
1348 703 704 648 
1349 648 704 649 
1350 704 705 649 
1351 649 705 650 
1352 705 706 650 
1353 650 706 651 
1354 706 707 651 
1355 651 707 652 
1356 707 708 652 
1357 652 708 653 
1358 708 709 653 
1359 653 709 654 
1360 709 710 654 
1361 654 710 655 
1362 710 711 655 
1363 655 711 656 
1364 711 712 656 
1365 656 712 713 
1366 656 713 657 
1367 657 713 714 
1368 657 714 658 
1369 658 714 715 
1370 658 715 659 
1371 659 715 716 
1372 659 716 660 
1373 660 716 717 
1374 660 717 661 
1375 661 717 718 
1376 661 718 662 
1377 662 718 719 
1378 662 719 663 
1379 663 719 720 
1380 663 720 664 
1381 664 720 721 
1382 664 721 665 
1383 665 721 722 
1384 665 722 666 
1385 666 722 723 
1386 666 723 667 
1387 667 723 724 
1388 667 724 668 
1389 668 724 725 
1390 668 725 669 
1391 669 725 726 
1392 669 726 670 
1393 670 726 671 
1394 726 727 671 
1395 671 727 672 
1396 727 728 672 
1397 672 728 673 
1398 728 729 673 
1399 673 729 674 
1400 729 730 674 
1401 674 730 675 
1402 730 731 675 
1403 675 731 676 
1404 731 732 676 
1405 676 732 677 
1406 732 733 677 
1407 677 733 678 
1408 733 734 678 
1409 678 734 679 
1410 734 735 679 
1411 679 735 680 
1412 735 736 680 
1413 680 736 681 
1414 736 737 681 
1415 681 737 682 
1416 737 738 682 
1417 682 738 683 
1418 738 739 683 
1419 683 739 684 
1420 739 740 684 
1421 684 740 741 
1422 684 741 685 
1423 685 741 742 
1424 685 742 686 
1425 686 742 743 
1426 686 743 687 
1427 687 743 744 
1428 687 744 688 
1429 688 744 745 
1430 688 745 689 
1431 689 745 746 
1432 689 746 690 
1433 690 746 747 
1434 690 747 691 
1435 691 747 748 
1436 691 748 692 
1437 692 748 749 
1438 692 749 693 
1439 693 749 750 
1440 693 750 694 
1441 694 750 751 
1442 694 751 695 
1443 695 751 752 
1444 695 752 696 
1445 696 752 753 
1446 696 753 697 
1447 697 753 698 
1448 697 698 642 
1449 698 754 699 
1450 754 755 699 
1451 699 755 700 
1452 755 756 700 
1453 700 756 701 
1454 756 757 701 
1455 701 757 702 
1456 757 758 702 
1457 702 758 703 
1458 758 759 703 
1459 703 759 704 
1460 759 760 704 
1461 704 760 705 
1462 760 761 705 
1463 705 761 706 
1464 761 762 706 
1465 706 762 707 
1466 762 763 707 
1467 707 763 708 
1468 763 764 708 
1469 708 764 709 
1470 764 765 709 
1471 709 765 710 
1472 765 766 710 
1473 710 766 711 
1474 766 767 711 
1475 711 767 712 
1476 767 768 712 
1477 712 768 769 
1478 712 769 713 
1479 713 769 770 
1480 713 770 714 
1481 714 770 771 
1482 714 771 715 
1483 715 771 772 
1484 715 772 716 
1485 716 772 773 
1486 716 773 717 
1487 717 773 774 
1488 717 774 718 
1489 718 774 775 
1490 718 775 719 
1491 719 775 776 
1492 719 776 720 
1493 720 776 777 
1494 720 777 721 
1495 721 777 778 
1496 721 778 722 
1497 722 778 779 
1498 722 779 723 
1499 723 779 780 
1500 723 780 724 
1501 724 780 781 
1502 724 781 725 
1503 725 781 782 
1504 725 782 726 
1505 726 782 727 
1506 782 783 727 
1507 727 783 728 
1508 783 784 728 
1509 728 784 729 
1510 784 785 729 
1511 729 785 730 
1512 785 786 730 
1513 730 786 731 
1514 786 787 731 
1515 731 787 732 
1516 787 788 732 
1517 732 788 733 
1518 788 789 733 
1519 733 789 734 
1520 789 790 734 
1521 734 790 735 
1522 790 791 735 
1523 735 791 736 
1524 791 792 736 
1525 736 792 737 
1526 792 793 737 
1527 737 793 738 
1528 793 794 738 
1529 738 794 739 
1530 794 795 739 
1531 739 795 740 
1532 795 796 740 
1533 740 796 797 
1534 740 797 741 
1535 741 797 798 
1536 741 798 742 
1537 742 798 799 
1538 742 799 743 
1539 743 799 800 
1540 743 800 744 
1541 744 800 801 
1542 744 801 745 
1543 745 801 802 
1544 745 802 746 
1545 746 802 803 
1546 746 803 747 
1547 747 803 804 
1548 747 804 748 
1549 748 804 805 
1550 748 805 749 
1551 749 805 806 
1552 749 806 750 
1553 750 806 807 
1554 750 807 751 
1555 751 807 808 
1556 751 808 752 
1557 752 808 809 
1558 752 809 753 
1559 753 809 754 
1560 753 754 698 
1561 754 810 755 
1562 810 811 755 
1563 755 811 756 
1564 811 812 756 
1565 756 812 757 
1566 812 813 757 
1567 757 813 758 
1568 813 814 758 
1569 758 814 759 
1570 814 815 759 
1571 759 815 760 
1572 815 816 760 
1573 760 816 761 
1574 816 817 761 
1575 761 817 762 
1576 817 818 762 
1577 762 818 763 
1578 818 819 763 
1579 763 819 764 
1580 819 820 764 
1581 764 820 765 
1582 820 821 765 
1583 765 821 766 
1584 821 822 766 
1585 766 822 767 
1586 822 823 767 
1587 767 823 768 
1588 823 824 768 
1589 768 824 825 
1590 768 825 769 
1591 769 825 826 
1592 769 826 770 
1593 770 826 827 
1594 770 827 771 
1595 771 827 828 
1596 771 828 772 
1597 772 828 829 
1598 772 829 773 
1599 773 829 830 
1600 773 830 774 
1601 774 830 831 
1602 774 831 775 
1603 775 831 832 
1604 775 832 776 
1605 776 832 833 
1606 776 833 777 
1607 777 833 834 
1608 777 834 778 
1609 778 834 835 
1610 778 835 779 
1611 779 835 836 
1612 779 836 780 
1613 780 836 837 
1614 780 837 781 
1615 781 837 838 
1616 781 838 782 
1617 782 838 783 
1618 838 839 783 
1619 783 839 784 
1620 839 840 784 
1621 784 840 785 
1622 840 841 785 
1623 785 841 786 
1624 841 842 786 
1625 786 842 787 
1626 842 843 787 
1627 787 843 788 
1628 843 844 788 
1629 788 844 789 
1630 844 845 789 
1631 789 845 790 
1632 845 846 790 
1633 790 846 791 
1634 846 847 791 
1635 791 847 792 
1636 847 848 792 
1637 792 848 793 
1638 848 849 793 
1639 793 849 794 
1640 849 850 794 
1641 794 850 795 
1642 850 851 795 
1643 795 851 796 
1644 851 852 796 
1645 796 852 853 
1646 796 853 797 
1647 797 853 854 
1648 797 854 798 
1649 798 854 855 
1650 798 855 799 
1651 799 855 856 
1652 799 856 800 
1653 800 856 857 
1654 800 857 801 
1655 801 857 858 
1656 801 858 802 
1657 802 858 859 
1658 802 859 803 
1659 803 859 860 
1660 803 860 804 
1661 804 860 861 
1662 804 861 805 
1663 805 861 862 
1664 805 862 806 
1665 806 862 863 
1666 806 863 807 
1667 807 863 864 
1668 807 864 808 
1669 808 864 865 
1670 808 865 809 
1671 809 865 810 
1672 809 810 754 
1673 810 866 811 
1674 866 867 811 
1675 811 867 812 
1676 867 868 812 
1677 812 868 813 
1678 868 869 813 
1679 813 869 814 
1680 869 870 814 
1681 814 870 815 
1682 870 871 815 
1683 815 871 816 
1684 871 872 816 
1685 816 872 817 
1686 872 873 817 
1687 817 873 818 
1688 873 874 818 
1689 818 874 819 
1690 874 875 819 
1691 819 875 820 
1692 875 876 820 
1693 820 876 821 
1694 876 877 821 
1695 821 877 822 
1696 877 878 822 
1697 822 878 823 
1698 878 879 823 
1699 823 879 824 
1700 879 880 824 
1701 824 880 881 
1702 824 881 825 
1703 825 881 882 
1704 825 882 826 
1705 826 882 883 
1706 826 883 827 
1707 827 883 884 
1708 827 884 828 
1709 828 884 885 
1710 828 885 829 
1711 829 885 886 
1712 829 886 830 
1713 830 886 887 
1714 830 887 831 
1715 831 887 888 
1716 831 888 832 
1717 832 888 889 
1718 832 889 833 
1719 833 889 890 
1720 833 890 834 
1721 834 890 891 
1722 834 891 835 
1723 835 891 892 
1724 835 892 836 
1725 836 892 893 
1726 836 893 837 
1727 837 893 894 
1728 837 894 838 
1729 838 894 839 
1730 894 895 839 
1731 839 895 840 
1732 895 896 840 
1733 840 896 841 
1734 896 897 841 
1735 841 897 842 
1736 897 898 842 
1737 842 898 843 
1738 898 899 843 
1739 843 899 844 
1740 899 900 844 
1741 844 900 845 
1742 900 901 845 
1743 845 901 846 
1744 901 902 846 
1745 846 902 847 
1746 902 903 847 
1747 847 903 848 
1748 903 904 848 
1749 848 904 849 
1750 904 905 849 
1751 849 905 850 
1752 905 906 850 
1753 850 906 851 
1754 906 907 851 
1755 851 907 852 
1756 907 908 852 
1757 852 908 909 
1758 852 909 853 
1759 853 909 910 
1760 853 910 854 
1761 854 910 911 
1762 854 911 855 
1763 855 911 912 
1764 855 912 856 
1765 856 912 913 
1766 856 913 857 
1767 857 913 914 
1768 857 914 858 
1769 858 914 915 
1770 858 915 859 
1771 859 915 916 
1772 859 916 860 
1773 860 916 917 
1774 860 917 861 
1775 861 917 918 
1776 861 918 862 
1777 862 918 919 
1778 862 919 863 
1779 863 919 920 
1780 863 920 864 
1781 864 920 921 
1782 864 921 865 
1783 865 921 866 
1784 865 866 810 
1785 866 922 867 
1786 922 923 867 
1787 867 923 868 
1788 923 924 868 
1789 868 924 869 
1790 924 925 869 
1791 869 925 870 
1792 925 926 870 
1793 870 926 871 
1794 926 927 871 
1795 871 927 872 
1796 927 928 872 
1797 872 928 873 
1798 928 929 873 
1799 873 929 874 
1800 929 930 874 
1801 874 930 875 
1802 930 931 875 
1803 875 931 876 
1804 931 932 876 
1805 876 932 877 
1806 932 933 877 
1807 877 933 878 
1808 933 934 878 
1809 878 934 879 
1810 934 935 879 
1811 879 935 880 
1812 935 936 880 
1813 880 936 937 
1814 880 937 881 
1815 881 937 938 
1816 881 938 882 
1817 882 938 939 
1818 882 939 883 
1819 883 939 940 
1820 883 940 884 
1821 884 940 941 
1822 884 941 885 
1823 885 941 942 
1824 885 942 886 
1825 886 942 943 
1826 886 943 887 
1827 887 943 944 
1828 887 944 888 
1829 888 944 945 
1830 888 945 889 
1831 889 945 946 
1832 889 946 890 
1833 890 946 947 
1834 890 947 891 
1835 891 947 948 
1836 891 948 892 
1837 892 948 949 
1838 892 949 893 
1839 893 949 950 
1840 893 950 894 
1841 894 950 895 
1842 950 951 895 
1843 895 951 896 
1844 951 952 896 
1845 896 952 897 
1846 952 953 897 
1847 897 953 898 
1848 953 954 898 
1849 898 954 899 
1850 954 955 899 
1851 899 955 900 
1852 955 956 900 
1853 900 956 901 
1854 956 957 901 
1855 901 957 902 
1856 957 958 902 
1857 902 958 903 
1858 958 959 903 
1859 903 959 904 
1860 959 960 904 
1861 904 960 905 
1862 960 961 905 
1863 905 961 906 
1864 961 962 906 
1865 906 962 907 
1866 962 963 907 
1867 907 963 908 
1868 963 964 908 
1869 908 964 965 
1870 908 965 909 
1871 909 965 966 
1872 909 966 910 
1873 910 966 967 
1874 910 967 911 
1875 911 967 968 
1876 911 968 912 
1877 912 968 969 
1878 912 969 913 
1879 913 969 970 
1880 913 970 914 
1881 914 970 971 
1882 914 971 915 
1883 915 971 972 
1884 915 972 916 
1885 916 972 973 
1886 916 973 917 
1887 917 973 974 
1888 917 974 918 
1889 918 974 975 
1890 918 975 919 
1891 919 975 976 
1892 919 976 920 
1893 920 976 977 
1894 920 977 921 
1895 921 977 922 
1896 921 922 866 
1897 922 978 923 
1898 978 979 923 
1899 923 979 924 
1900 979 980 924 
1901 924 980 925 
1902 980 981 925 
1903 925 981 926 
1904 981 982 926 
1905 926 982 927 
1906 982 983 927 
1907 927 983 928 
1908 983 984 928 
1909 928 984 929 
1910 984 985 929 
1911 929 985 930 
1912 985 986 930 
1913 930 986 931 
1914 986 987 931 
1915 931 987 932 
1916 987 988 932 
1917 932 988 933 
1918 988 989 933 
1919 933 989 934 
1920 989 990 934 
1921 934 990 935 
1922 990 991 935 
1923 935 991 936 
1924 991 992 936 
1925 936 992 993 
1926 936 993 937 
1927 937 993 994 
1928 937 994 938 
1929 938 994 995 
1930 938 995 939 
1931 939 995 996 
1932 939 996 940 
1933 940 996 997 
1934 940 997 941 
1935 941 997 998 
1936 941 998 942 
1937 942 998 999 
1938 942 999 943 
1939 943 999 1000 
1940 943 1000 944 
1941 944 1000 1001 
1942 944 1001 945 
1943 945 1001 1002 
1944 945 1002 946 
1945 946 1002 1003 
1946 946 1003 947 
1947 947 1003 1004 
1948 947 1004 948 
1949 948 1004 1005 
1950 948 1005 949 
1951 949 1005 1006 
1952 949 1006 950 
1953 950 1006 951 
1954 1006 1007 951 
1955 951 1007 952 
1956 1007 1008 952 
1957 952 1008 953 
1958 1008 1009 953 
1959 953 1009 954 
1960 1009 1010 954 
1961 954 1010 955 
1962 1010 1011 955 
1963 955 1011 956 
1964 1011 1012 956 
1965 956 1012 957 
1966 1012 1013 957 
1967 957 1013 958 
1968 1013 1014 958 
1969 958 1014 959 
1970 1014 1015 959 
1971 959 1015 960 
1972 1015 1016 960 
1973 960 1016 961 
1974 1016 1017 961 
1975 961 1017 962 
1976 1017 1018 962 
1977 962 1018 963 
1978 1018 1019 963 
1979 963 1019 964 
1980 1019 1020 964 
1981 964 1020 1021 
1982 964 1021 965 
1983 965 1021 1022 
1984 965 1022 966 
1985 966 1022 1023 
1986 966 1023 967 
1987 967 1023 1024 
1988 967 1024 968 
1989 968 1024 1025 
1990 968 1025 969 
1991 969 1025 1026 
1992 969 1026 970 
1993 970 1026 1027 
1994 970 1027 971 
1995 971 1027 1028 
1996 971 1028 972 
1997 972 1028 1029 
1998 972 1029 973 
1999 973 1029 1030 
2000 973 1030 974 
2001 974 1030 1031 
2002 974 1031 975 
2003 975 1031 1032 
2004 975 1032 976 
2005 976 1032 1033 
2006 976 1033 977 
2007 977 1033 978 
2008 977 978 922 
2009 978 1034 979 
2010 1034 1035 979 
2011 979 1035 980 
2012 1035 1036 980 
2013 980 1036 981 
2014 1036 1037 981 
2015 981 1037 982 
2016 1037 1038 982 
2017 982 1038 983 
2018 1038 1039 983 
2019 983 1039 984 
2020 1039 1040 984 
2021 984 1040 985 
2022 1040 1041 985 
2023 985 1041 986 
2024 1041 1042 986 
2025 986 1042 987 
2026 1042 1043 987 
2027 987 1043 988 
2028 1043 1044 988 
2029 988 1044 989 
2030 1044 1045 989 
2031 989 1045 990 
2032 1045 1046 990 
2033 990 1046 991 
2034 1046 1047 991 
2035 991 1047 992 
2036 1047 1048 992 
2037 992 1048 1049 
2038 992 1049 993 
2039 993 1049 1050 
2040 993 1050 994 
2041 994 1050 1051 
2042 994 1051 995 
2043 995 1051 1052 
2044 995 1052 996 
2045 996 1052 1053 
2046 996 1053 997 
2047 997 1053 1054 
2048 997 1054 998 
2049 998 1054 1055 
2050 998 1055 999 
2051 999 1055 1056 
2052 999 1056 1000 
2053 1000 1056 1057 
2054 1000 1057 1001 
2055 1001 1057 1058 
2056 1001 1058 1002 
2057 1002 1058 1059 
2058 1002 1059 1003 
2059 1003 1059 1060 
2060 1003 1060 1004 
2061 1004 1060 1061 
2062 1004 1061 1005 
2063 1005 1061 1062 
2064 1005 1062 1006 
2065 1006 1062 1007 
2066 1062 1063 1007 
2067 1007 1063 1008 
2068 1063 1064 1008 
2069 1008 1064 1009 
2070 1064 1065 1009 
2071 1009 1065 1010 
2072 1065 1066 1010 
2073 1010 1066 1011 
2074 1066 1067 1011 
2075 1011 1067 1012 
2076 1067 1068 1012 
2077 1012 1068 1013 
2078 1068 1069 1013 
2079 1013 1069 1014 
2080 1069 1070 1014 
2081 1014 1070 1015 
2082 1070 1071 1015 
2083 1015 1071 1016 
2084 1071 1072 1016 
2085 1016 1072 1017 
2086 1072 1073 1017 
2087 1017 1073 1018 
2088 1073 1074 1018 
2089 1018 1074 1019 
2090 1074 1075 1019 
2091 1019 1075 1020 
2092 1075 1076 1020 
2093 1020 1076 1077 
2094 1020 1077 1021 
2095 1021 1077 1078 
2096 1021 1078 1022 
2097 1022 1078 1079 
2098 1022 1079 1023 
2099 1023 1079 1080 
2100 1023 1080 1024 
2101 1024 1080 1081 
2102 1024 1081 1025 
2103 1025 1081 1082 
2104 1025 1082 1026 
2105 1026 1082 1083 
2106 1026 1083 1027 
2107 1027 1083 1084 
2108 1027 1084 1028 
2109 1028 1084 1085 
2110 1028 1085 1029 
2111 1029 1085 1086 
2112 1029 1086 1030 
2113 1030 1086 1087 
2114 1030 1087 1031 
2115 1031 1087 1088 
2116 1031 1088 1032 
2117 1032 1088 1089 
2118 1032 1089 1033 
2119 1033 1089 1034 
2120 1033 1034 978 
2121 1034 1090 1035 
2122 1090 1091 1035 
2123 1035 1091 1036 
2124 1091 1092 1036 
2125 1036 1092 1037 
2126 1092 1093 1037 
2127 1037 1093 1038 
2128 1093 1094 1038 
2129 1038 1094 1039 
2130 1094 1095 1039 
2131 1039 1095 1040 
2132 1095 1096 1040 
2133 1040 1096 1041 
2134 1096 1097 1041 
2135 1041 1097 1042 
2136 1097 1098 1042 
2137 1042 1098 1043 
2138 1098 1099 1043 
2139 1043 1099 1044 
2140 1099 1100 1044 
2141 1044 1100 1045 
2142 1100 1101 1045 
2143 1045 1101 1046 
2144 1101 1102 1046 
2145 1046 1102 1047 
2146 1102 1103 1047 
2147 1047 1103 1048 
2148 1103 1104 1048 
2149 1048 1104 1105 
2150 1048 1105 1049 
2151 1049 1105 1106 
2152 1049 1106 1050 
2153 1050 1106 1107 
2154 1050 1107 1051 
2155 1051 1107 1108 
2156 1051 1108 1052 
2157 1052 1108 1109 
2158 1052 1109 1053 
2159 1053 1109 1110 
2160 1053 1110 1054 
2161 1054 1110 1111 
2162 1054 1111 1055 
2163 1055 1111 1112 
2164 1055 1112 1056 
2165 1056 1112 1113 
2166 1056 1113 1057 
2167 1057 1113 1114 
2168 1057 1114 1058 
2169 1058 1114 1115 
2170 1058 1115 1059 
2171 1059 1115 1116 
2172 1059 1116 1060 
2173 1060 1116 1117 
2174 1060 1117 1061 
2175 1061 1117 1118 
2176 1061 1118 1062 
2177 1062 1118 1063 
2178 1118 1119 1063 
2179 1063 1119 1064 
2180 1119 1120 1064 
2181 1064 1120 1065 
2182 1120 1121 1065 
2183 1065 1121 1066 
2184 1121 1122 1066 
2185 1066 1122 1067 
2186 1122 1123 1067 
2187 1067 1123 1068 
2188 1123 1124 1068 
2189 1068 1124 1069 
2190 1124 1125 1069 
2191 1069 1125 1070 
2192 1125 1126 1070 
2193 1070 1126 1071 
2194 1126 1127 1071 
2195 1071 1127 1072 
2196 1127 1128 1072 
2197 1072 1128 1073 
2198 1128 1129 1073 
2199 1073 1129 1074 
2200 1129 1130 1074 
2201 1074 1130 1075 
2202 1130 1131 1075 
2203 1075 1131 1076 
2204 1131 1132 1076 
2205 1076 1132 1133 
2206 1076 1133 1077 
2207 1077 1133 1134 
2208 1077 1134 1078 
2209 1078 1134 1135 
2210 1078 1135 1079 
2211 1079 1135 1136 
2212 1079 1136 1080 
2213 1080 1136 1137 
2214 1080 1137 1081 
2215 1081 1137 1138 
2216 1081 1138 1082 
2217 1082 1138 1139 
2218 1082 1139 1083 
2219 1083 1139 1140 
2220 1083 1140 1084 
2221 1084 1140 1141 
2222 1084 1141 1085 
2223 1085 1141 1142 
2224 1085 1142 1086 
2225 1086 1142 1143 
2226 1086 1143 1087 
2227 1087 1143 1144 
2228 1087 1144 1088 
2229 1088 1144 1145 
2230 1088 1145 1089 
2231 1089 1145 1090 
2232 1089 1090 1034 
2233 1090 1146 1091 
2234 1146 1147 1091 
2235 1091 1147 1092 
2236 1147 1148 1092 
2237 1092 1148 1093 
2238 1148 1149 1093 
2239 1093 1149 1094 
2240 1149 1150 1094 
2241 1094 1150 1095 
2242 1150 1151 1095 
2243 1095 1151 1096 
2244 1151 1152 1096 
2245 1096 1152 1097 
2246 1152 1153 1097 
2247 1097 1153 1098 
2248 1153 1154 1098 
2249 1098 1154 1099 
2250 1154 1155 1099 
2251 1099 1155 1100 
2252 1155 1156 1100 
2253 1100 1156 1101 
2254 1156 1157 1101 
2255 1101 1157 1102 
2256 1157 1158 1102 
2257 1102 1158 1103 
2258 1158 1159 1103 
2259 1103 1159 1104 
2260 1159 1160 1104 
2261 1104 1160 1161 
2262 1104 1161 1105 
2263 1105 1161 1162 
2264 1105 1162 1106 
2265 1106 1162 1163 
2266 1106 1163 1107 
2267 1107 1163 1164 
2268 1107 1164 1108 
2269 1108 1164 1165 
2270 1108 1165 1109 
2271 1109 1165 1166 
2272 1109 1166 1110 
2273 1110 1166 1167 
2274 1110 1167 1111 
2275 1111 1167 1168 
2276 1111 1168 1112 
2277 1112 1168 1169 
2278 1112 1169 1113 
2279 1113 1169 1170 
2280 1113 1170 1114 
2281 1114 1170 1171 
2282 1114 1171 1115 
2283 1115 1171 1172 
2284 1115 1172 1116 
2285 1116 1172 1173 
2286 1116 1173 1117 
2287 1117 1173 1174 
2288 1117 1174 1118 
2289 1118 1174 1119 
2290 1174 1175 1119 
2291 1119 1175 1120 
2292 1175 1176 1120 
2293 1120 1176 1121 
2294 1176 1177 1121 
2295 1121 1177 1122 
2296 1177 1178 1122 
2297 1122 1178 1123 
2298 1178 1179 1123 
2299 1123 1179 1124 
2300 1179 1180 1124 
2301 1124 1180 1125 
2302 1180 1181 1125 
2303 1125 1181 1126 
2304 1181 1182 1126 
2305 1126 1182 1127 
2306 1182 1183 1127 
2307 1127 1183 1128 
2308 1183 1184 1128 
2309 1128 1184 1129 
2310 1184 1185 1129 
2311 1129 1185 1130 
2312 1185 1186 1130 
2313 1130 1186 1131 
2314 1186 1187 1131 
2315 1131 1187 1132 
2316 1187 1188 1132 
2317 1132 1188 1189 
2318 1132 1189 1133 
2319 1133 1189 1190 
2320 1133 1190 1134 
2321 1134 1190 1191 
2322 1134 1191 1135 
2323 1135 1191 1192 
2324 1135 1192 1136 
2325 1136 1192 1193 
2326 1136 1193 1137 
2327 1137 1193 1194 
2328 1137 1194 1138 
2329 1138 1194 1195 
2330 1138 1195 1139 
2331 1139 1195 1196 
2332 1139 1196 1140 
2333 1140 1196 1197 
2334 1140 1197 1141 
2335 1141 1197 1198 
2336 1141 1198 1142 
2337 1142 1198 1199 
2338 1142 1199 1143 
2339 1143 1199 1200 
2340 1143 1200 1144 
2341 1144 1200 1201 
2342 1144 1201 1145 
2343 1145 1201 1146 
2344 1145 1146 1090 
2345 1146 1202 1147 
2346 1202 1203 1147 
2347 1147 1203 1148 
2348 1203 1204 1148 
2349 1148 1204 1149 
2350 1204 1205 1149 
2351 1149 1205 1150 
2352 1205 1206 1150 
2353 1150 1206 1151 
2354 1206 1207 1151 
2355 1151 1207 1152 
2356 1207 1208 1152 
2357 1152 1208 1153 
2358 1208 1209 1153 
2359 1153 1209 1154 
2360 1209 1210 1154 
2361 1154 1210 1155 
2362 1210 1211 1155 
2363 1155 1211 1156 
2364 1211 1212 1156 
2365 1156 1212 1157 
2366 1212 1213 1157 
2367 1157 1213 1158 
2368 1213 1214 1158 
2369 1158 1214 1159 
2370 1214 1215 1159 
2371 1159 1215 1160 
2372 1215 1216 1160 
2373 1160 1216 1217 
2374 1160 1217 1161 
2375 1161 1217 1218 
2376 1161 1218 1162 
2377 1162 1218 1219 
2378 1162 1219 1163 
2379 1163 1219 1220 
2380 1163 1220 1164 
2381 1164 1220 1221 
2382 1164 1221 1165 
2383 1165 1221 1222 
2384 1165 1222 1166 
2385 1166 1222 1223 
2386 1166 1223 1167 
2387 1167 1223 1224 
2388 1167 1224 1168 
2389 1168 1224 1225 
2390 1168 1225 1169 
2391 1169 1225 1226 
2392 1169 1226 1170 
2393 1170 1226 1227 
2394 1170 1227 1171 
2395 1171 1227 1228 
2396 1171 1228 1172 
2397 1172 1228 1229 
2398 1172 1229 1173 
2399 1173 1229 1230 
2400 1173 1230 1174 
2401 1174 1230 1175 
2402 1230 1231 1175 
2403 1175 1231 1176 
2404 1231 1232 1176 
2405 1176 1232 1177 
2406 1232 1233 1177 
2407 1177 1233 1178 
2408 1233 1234 1178 
2409 1178 1234 1179 
2410 1234 1235 1179 
2411 1179 1235 1180 
2412 1235 1236 1180 
2413 1180 1236 1181 
2414 1236 1237 1181 
2415 1181 1237 1182 
2416 1237 1238 1182 
2417 1182 1238 1183 
2418 1238 1239 1183 
2419 1183 1239 1184 
2420 1239 1240 1184 
2421 1184 1240 1185 
2422 1240 1241 1185 
2423 1185 1241 1186 
2424 1241 1242 1186 
2425 1186 1242 1187 
2426 1242 1243 1187 
2427 1187 1243 1188 
2428 1243 1244 1188 
2429 1188 1244 1245 
2430 1188 1245 1189 
2431 1189 1245 1246 
2432 1189 1246 1190 
2433 1190 1246 1247 
2434 1190 1247 1191 
2435 1191 1247 1248 
2436 1191 1248 1192 
2437 1192 1248 1249 
2438 1192 1249 1193 
2439 1193 1249 1250 
2440 1193 1250 1194 
2441 1194 1250 1251 
2442 1194 1251 1195 
2443 1195 1251 1252 
2444 1195 1252 1196 
2445 1196 1252 1253 
2446 1196 1253 1197 
2447 1197 1253 1254 
2448 1197 1254 1198 
2449 1198 1254 1255 
2450 1198 1255 1199 
2451 1199 1255 1256 
2452 1199 1256 1200 
2453 1200 1256 1257 
2454 1200 1257 1201 
2455 1201 1257 1202 
2456 1201 1202 1146 
2457 1202 1258 1203 
2458 1258 1259 1203 
2459 1203 1259 1204 
2460 1259 1260 1204 
2461 1204 1260 1205 
2462 1260 1261 1205 
2463 1205 1261 1206 
2464 1261 1262 1206 
2465 1206 1262 1207 
2466 1262 1263 1207 
2467 1207 1263 1208 
2468 1263 1264 1208 
2469 1208 1264 1209 
2470 1264 1265 1209 
2471 1209 1265 1210 
2472 1265 1266 1210 
2473 1210 1266 1211 
2474 1266 1267 1211 
2475 1211 1267 1212 
2476 1267 1268 1212 
2477 1212 1268 1213 
2478 1268 1269 1213 
2479 1213 1269 1214 
2480 1269 1270 1214 
2481 1214 1270 1215 
2482 1270 1271 1215 
2483 1215 1271 1216 
2484 1271 1272 1216 
2485 1216 1272 1273 
2486 1216 1273 1217 
2487 1217 1273 1274 
2488 1217 1274 1218 
2489 1218 1274 1275 
2490 1218 1275 1219 
2491 1219 1275 1276 
2492 1219 1276 1220 
2493 1220 1276 1277 
2494 1220 1277 1221 
2495 1221 1277 1278 
2496 1221 1278 1222 
2497 1222 1278 1279 
2498 1222 1279 1223 
2499 1223 1279 1280 
2500 1223 1280 1224 
2501 1224 1280 1281 
2502 1224 1281 1225 
2503 1225 1281 1282 
2504 1225 1282 1226 
2505 1226 1282 1283 
2506 1226 1283 1227 
2507 1227 1283 1284 
2508 1227 1284 1228 
2509 1228 1284 1285 
2510 1228 1285 1229 
2511 1229 1285 1286 
2512 1229 1286 1230 
2513 1230 1286 1231 
2514 1286 1287 1231 
2515 1231 1287 1232 
2516 1287 1288 1232 
2517 1232 1288 1233 
2518 1288 1289 1233 
2519 1233 1289 1234 
2520 1289 1290 1234 
2521 1234 1290 1235 
2522 1290 1291 1235 
2523 1235 1291 1236 
2524 1291 1292 1236 
2525 1236 1292 1237 
2526 1292 1293 1237 
2527 1237 1293 1238 
2528 1293 1294 1238 
2529 1238 1294 1239 
2530 1294 1295 1239 
2531 1239 1295 1240 
2532 1295 1296 1240 
2533 1240 1296 1241 
2534 1296 1297 1241 
2535 1241 1297 1242 
2536 1297 1298 1242 
2537 1242 1298 1243 
2538 1298 1299 1243 
2539 1243 1299 1244 
2540 1299 1300 1244 
2541 1244 1300 1301 
2542 1244 1301 1245 
2543 1245 1301 1302 
2544 1245 1302 1246 
2545 1246 1302 1303 
2546 1246 1303 1247 
2547 1247 1303 1304 
2548 1247 1304 1248 
2549 1248 1304 1305 
2550 1248 1305 1249 
2551 1249 1305 1306 
2552 1249 1306 1250 
2553 1250 1306 1307 
2554 1250 1307 1251 
2555 1251 1307 1308 
2556 1251 1308 1252 
2557 1252 1308 1309 
2558 1252 1309 1253 
2559 1253 1309 1310 
2560 1253 1310 1254 
2561 1254 1310 1311 
2562 1254 1311 1255 
2563 1255 1311 1312 
2564 1255 1312 1256 
2565 1256 1312 1313 
2566 1256 1313 1257 
2567 1257 1313 1258 
2568 1257 1258 1202 
2569 1258 1314 1259 
2570 1314 1315 1259 
2571 1259 1315 1260 
2572 1315 1316 1260 
2573 1260 1316 1261 
2574 1316 1317 1261 
2575 1261 1317 1262 
2576 1317 1318 1262 
2577 1262 1318 1263 
2578 1318 1319 1263 
2579 1263 1319 1264 
2580 1319 1320 1264 
2581 1264 1320 1265 
2582 1320 1321 1265 
2583 1265 1321 1266 
2584 1321 1322 1266 
2585 1266 1322 1267 
2586 1322 1323 1267 
2587 1267 1323 1268 
2588 1323 1324 1268 
2589 1268 1324 1269 
2590 1324 1325 1269 
2591 1269 1325 1270 
2592 1325 1326 1270 
2593 1270 1326 1271 
2594 1326 1327 1271 
2595 1271 1327 1272 
2596 1327 1328 1272 
2597 1272 1328 1329 
2598 1272 1329 1273 
2599 1273 1329 1330 
2600 1273 1330 1274 
2601 1274 1330 1331 
2602 1274 1331 1275 
2603 1275 1331 1332 
2604 1275 1332 1276 
2605 1276 1332 1333 
2606 1276 1333 1277 
2607 1277 1333 1334 
2608 1277 1334 1278 
2609 1278 1334 1335 
2610 1278 1335 1279 
2611 1279 1335 1336 
2612 1279 1336 1280 
2613 1280 1336 1337 
2614 1280 1337 1281 
2615 1281 1337 1338 
2616 1281 1338 1282 
2617 1282 1338 1339 
2618 1282 1339 1283 
2619 1283 1339 1340 
2620 1283 1340 1284 
2621 1284 1340 1341 
2622 1284 1341 1285 
2623 1285 1341 1342 
2624 1285 1342 1286 
2625 1286 1342 1287 
2626 1342 1343 1287 
2627 1287 1343 1288 
2628 1343 1344 1288 
2629 1288 1344 1289 
2630 1344 1345 1289 
2631 1289 1345 1290 
2632 1345 1346 1290 
2633 1290 1346 1291 
2634 1346 1347 1291 
2635 1291 1347 1292 
2636 1347 1348 1292 
2637 1292 1348 1293 
2638 1348 1349 1293 
2639 1293 1349 1294 
2640 1349 1350 1294 
2641 1294 1350 1295 
2642 1350 1351 1295 
2643 1295 1351 1296 
2644 1351 1352 1296 
2645 1296 1352 1297 
2646 1352 1353 1297 
2647 1297 1353 1298 
2648 1353 1354 1298 
2649 1298 1354 1299 
2650 1354 1355 1299 
2651 1299 1355 1300 
2652 1355 1356 1300 
2653 1300 1356 1357 
2654 1300 1357 1301 
2655 1301 1357 1358 
2656 1301 1358 1302 
2657 1302 1358 1359 
2658 1302 1359 1303 
2659 1303 1359 1360 
2660 1303 1360 1304 
2661 1304 1360 1361 
2662 1304 1361 1305 
2663 1305 1361 1362 
2664 1305 1362 1306 
2665 1306 1362 1363 
2666 1306 1363 1307 
2667 1307 1363 1364 
2668 1307 1364 1308 
2669 1308 1364 1365 
2670 1308 1365 1309 
2671 1309 1365 1366 
2672 1309 1366 1310 
2673 1310 1366 1367 
2674 1310 1367 1311 
2675 1311 1367 1368 
2676 1311 1368 1312 
2677 1312 1368 1369 
2678 1312 1369 1313 
2679 1313 1369 1314 
2680 1313 1314 1258 
2681 1314 1370 1315 
2682 1370 1371 1315 
2683 1315 1371 1316 
2684 1371 1372 1316 
2685 1316 1372 1317 
2686 1372 1373 1317 
2687 1317 1373 1318 
2688 1373 1374 1318 
2689 1318 1374 1319 
2690 1374 1375 1319 
2691 1319 1375 1320 
2692 1375 1376 1320 
2693 1320 1376 1321 
2694 1376 1377 1321 
2695 1321 1377 1322 
2696 1377 1378 1322 
2697 1322 1378 1323 
2698 1378 1379 1323 
2699 1323 1379 1324 
2700 1379 1380 1324 
2701 1324 1380 1325 
2702 1380 1381 1325 
2703 1325 1381 1326 
2704 1381 1382 1326 
2705 1326 1382 1327 
2706 1382 1383 1327 
2707 1327 1383 1328 
2708 1383 1384 1328 
2709 1328 1384 1385 
2710 1328 1385 1329 
2711 1329 1385 1386 
2712 1329 1386 1330 
2713 1330 1386 1387 
2714 1330 1387 1331 
2715 1331 1387 1388 
2716 1331 1388 1332 
2717 1332 1388 1389 
2718 1332 1389 1333 
2719 1333 1389 1390 
2720 1333 1390 1334 
2721 1334 1390 1391 
2722 1334 1391 1335 
2723 1335 1391 1392 
2724 1335 1392 1336 
2725 1336 1392 1393 
2726 1336 1393 1337 
2727 1337 1393 1394 
2728 1337 1394 1338 
2729 1338 1394 1395 
2730 1338 1395 1339 
2731 1339 1395 1396 
2732 1339 1396 1340 
2733 1340 1396 1397 
2734 1340 1397 1341 
2735 1341 1397 1398 
2736 1341 1398 1342 
2737 1342 1398 1343 
2738 1398 1399 1343 
2739 1343 1399 1344 
2740 1399 1400 1344 
2741 1344 1400 1345 
2742 1400 1401 1345 
2743 1345 1401 1346 
2744 1401 1402 1346 
2745 1346 1402 1347 
2746 1402 1403 1347 
2747 1347 1403 1348 
2748 1403 1404 1348 
2749 1348 1404 1349 
2750 1404 1405 1349 
2751 1349 1405 1350 
2752 1405 1406 1350 
2753 1350 1406 1351 
2754 1406 1407 1351 
2755 1351 1407 1352 
2756 1407 1408 1352 
2757 1352 1408 1353 
2758 1408 1409 1353 
2759 1353 1409 1354 
2760 1409 1410 1354 
2761 1354 1410 1355 
2762 1410 1411 1355 
2763 1355 1411 1356 
2764 1411 1412 1356 
2765 1356 1412 1413 
2766 1356 1413 1357 
2767 1357 1413 1414 
2768 1357 1414 1358 
2769 1358 1414 1415 
2770 1358 1415 1359 
2771 1359 1415 1416 
2772 1359 1416 1360 
2773 1360 1416 1417 
2774 1360 1417 1361 
2775 1361 1417 1418 
2776 1361 1418 1362 
2777 1362 1418 1419 
2778 1362 1419 1363 
2779 1363 1419 1420 
2780 1363 1420 1364 
2781 1364 1420 1421 
2782 1364 1421 1365 
2783 1365 1421 1422 
2784 1365 1422 1366 
2785 1366 1422 1423 
2786 1366 1423 1367 
2787 1367 1423 1424 
2788 1367 1424 1368 
2789 1368 1424 1425 
2790 1368 1425 1369 
2791 1369 1425 1370 
2792 1369 1370 1314 
2793 1370 1426 1371 
2794 1426 1427 1371 
2795 1371 1427 1372 
2796 1427 1428 1372 
2797 1372 1428 1373 
2798 1428 1429 1373 
2799 1373 1429 1374 
2800 1429 1430 1374 
2801 1374 1430 1375 
2802 1430 1431 1375 
2803 1375 1431 1376 
2804 1431 1432 1376 
2805 1376 1432 1377 
2806 1432 1433 1377 
2807 1377 1433 1378 
2808 1433 1434 1378 
2809 1378 1434 1379 
2810 1434 1435 1379 
2811 1379 1435 1380 
2812 1435 1436 1380 
2813 1380 1436 1381 
2814 1436 1437 1381 
2815 1381 1437 1382 
2816 1437 1438 1382 
2817 1382 1438 1383 
2818 1438 1439 1383 
2819 1383 1439 1384 
2820 1439 1440 1384 
2821 1384 1440 1441 
2822 1384 1441 1385 
2823 1385 1441 1442 
2824 1385 1442 1386 
2825 1386 1442 1443 
2826 1386 1443 1387 
2827 1387 1443 1444 
2828 1387 1444 1388 
2829 1388 1444 1445 
2830 1388 1445 1389 
2831 1389 1445 1446 
2832 1389 1446 1390 
2833 1390 1446 1447 
2834 1390 1447 1391 
2835 1391 1447 1448 
2836 1391 1448 1392 
2837 1392 1448 1449 
2838 1392 1449 1393 
2839 1393 1449 1450 
2840 1393 1450 1394 
2841 1394 1450 1451 
2842 1394 1451 1395 
2843 1395 1451 1452 
2844 1395 1452 1396 
2845 1396 1452 1453 
2846 1396 1453 1397 
2847 1397 1453 1454 
2848 1397 1454 1398 
2849 1398 1454 1399 
2850 1454 1455 1399 
2851 1399 1455 1400 
2852 1455 1456 1400 
2853 1400 1456 1401 
2854 1456 1457 1401 
2855 1401 1457 1402 
2856 1457 1458 1402 
2857 1402 1458 1403 
2858 1458 1459 1403 
2859 1403 1459 1404 
2860 1459 1460 1404 
2861 1404 1460 1405 
2862 1460 1461 1405 
2863 1405 1461 1406 
2864 1461 1462 1406 
2865 1406 1462 1407 
2866 1462 1463 1407 
2867 1407 1463 1408 
2868 1463 1464 1408 
2869 1408 1464 1409 
2870 1464 1465 1409 
2871 1409 1465 1410 
2872 1465 1466 1410 
2873 1410 1466 1411 
2874 1466 1467 1411 
2875 1411 1467 1412 
2876 1467 1468 1412 
2877 1412 1468 1469 
2878 1412 1469 1413 
2879 1413 1469 1470 
2880 1413 1470 1414 
2881 1414 1470 1471 
2882 1414 1471 1415 
2883 1415 1471 1472 
2884 1415 1472 1416 
2885 1416 1472 1473 
2886 1416 1473 1417 
2887 1417 1473 1474 
2888 1417 1474 1418 
2889 1418 1474 1475 
2890 1418 1475 1419 
2891 1419 1475 1476 
2892 1419 1476 1420 
2893 1420 1476 1477 
2894 1420 1477 1421 
2895 1421 1477 1478 
2896 1421 1478 1422 
2897 1422 1478 1479 
2898 1422 1479 1423 
2899 1423 1479 1480 
2900 1423 1480 1424 
2901 1424 1480 1481 
2902 1424 1481 1425 
2903 1425 1481 1426 
2904 1425 1426 1370 
2905 1426 1482 1427 
2906 1482 1483 1427 
2907 1427 1483 1428 
2908 1483 1484 1428 
2909 1428 1484 1429 
2910 1484 1485 1429 
2911 1429 1485 1430 
2912 1485 1486 1430 
2913 1430 1486 1431 
2914 1486 1487 1431 
2915 1431 1487 1432 
2916 1487 1488 1432 
2917 1432 1488 1433 
2918 1488 1489 1433 
2919 1433 1489 1434 
2920 1489 1490 1434 
2921 1434 1490 1435 
2922 1490 1491 1435 
2923 1435 1491 1436 
2924 1491 1492 1436 
2925 1436 1492 1437 
2926 1492 1493 1437 
2927 1437 1493 1438 
2928 1493 1494 1438 
2929 1438 1494 1439 
2930 1494 1495 1439 
2931 1439 1495 1440 
2932 1495 1496 1440 
2933 1440 1496 1497 
2934 1440 1497 1441 
2935 1441 1497 1498 
2936 1441 1498 1442 
2937 1442 1498 1499 
2938 1442 1499 1443 
2939 1443 1499 1500 
2940 1443 1500 1444 
2941 1444 1500 1501 
2942 1444 1501 1445 
2943 1445 1501 1502 
2944 1445 1502 1446 
2945 1446 1502 1503 
2946 1446 1503 1447 
2947 1447 1503 1504 
2948 1447 1504 1448 
2949 1448 1504 1505 
2950 1448 1505 1449 
2951 1449 1505 1506 
2952 1449 1506 1450 
2953 1450 1506 1507 
2954 1450 1507 1451 
2955 1451 1507 1508 
2956 1451 1508 1452 
2957 1452 1508 1509 
2958 1452 1509 1453 
2959 1453 1509 1510 
2960 1453 1510 1454 
2961 1454 1510 1455 
2962 1510 1511 1455 
2963 1455 1511 1456 
2964 1511 1512 1456 
2965 1456 1512 1457 
2966 1512 1513 1457 
2967 1457 1513 1458 
2968 1513 1514 1458 
2969 1458 1514 1459 
2970 1514 1515 1459 
2971 1459 1515 1460 
2972 1515 1516 1460 
2973 1460 1516 1461 
2974 1516 1517 1461 
2975 1461 1517 1462 
2976 1517 1518 1462 
2977 1462 1518 1463 
2978 1518 1519 1463 
2979 1463 1519 1464 
2980 1519 1520 1464 
2981 1464 1520 1465 
2982 1520 1521 1465 
2983 1465 1521 1466 
2984 1521 1522 1466 
2985 1466 1522 1467 
2986 1522 1523 1467 
2987 1467 1523 1468 
2988 1523 1524 1468 
2989 1468 1524 1525 
2990 1468 1525 1469 
2991 1469 1525 1526 
2992 1469 1526 1470 
2993 1470 1526 1527 
2994 1470 1527 1471 
2995 1471 1527 1528 
2996 1471 1528 1472 
2997 1472 1528 1529 
2998 1472 1529 1473 
2999 1473 1529 1530 
3000 1473 1530 1474 
3001 1474 1530 1531 
3002 1474 1531 1475 
3003 1475 1531 1532 
3004 1475 1532 1476 
3005 1476 1532 1533 
3006 1476 1533 1477 
3007 1477 1533 1534 
3008 1477 1534 1478 
3009 1478 1534 1535 
3010 1478 1535 1479 
3011 1479 1535 1536 
3012 1479 1536 1480 
3013 1480 1536 1537 
3014 1480 1537 1481 
3015 1481 1537 1482 
3016 1481 1482 1426 
3017 1482 1538 1483 
3018 1538 1539 1483 
3019 1483 1539 1484 
3020 1539 1540 1484 
3021 1484 1540 1485 
3022 1540 1541 1485 
3023 1485 1541 1486 
3024 1541 1542 1486 
3025 1486 1542 1487 
3026 1542 1543 1487 
3027 1487 1543 1488 
3028 1543 1544 1488 
3029 1488 1544 1489 
3030 1544 1545 1489 
3031 1489 1545 1490 
3032 1545 1546 1490 
3033 1490 1546 1491 
3034 1546 1547 1491 
3035 1491 1547 1492 
3036 1547 1548 1492 
3037 1492 1548 1493 
3038 1548 1549 1493 
3039 1493 1549 1494 
3040 1549 1550 1494 
3041 1494 1550 1495 
3042 1550 1551 1495 
3043 1495 1551 1496 
3044 1551 1552 1496 
3045 1496 1552 1553 
3046 1496 1553 1497 
3047 1497 1553 1554 
3048 1497 1554 1498 
3049 1498 1554 1555 
3050 1498 1555 1499 
3051 1499 1555 1556 
3052 1499 1556 1500 
3053 1500 1556 1557 
3054 1500 1557 1501 
3055 1501 1557 1558 
3056 1501 1558 1502 
3057 1502 1558 1559 
3058 1502 1559 1503 
3059 1503 1559 1560 
3060 1503 1560 1504 
3061 1504 1560 1561 
3062 1504 1561 1505 
3063 1505 1561 1562 
3064 1505 1562 1506 
3065 1506 1562 1563 
3066 1506 1563 1507 
3067 1507 1563 1564 
3068 1507 1564 1508 
3069 1508 1564 1565 
3070 1508 1565 1509 
3071 1509 1565 1566 
3072 1509 1566 1510 
3073 1510 1566 1511 
3074 1566 1567 1511 
3075 1511 1567 1512 
3076 1567 1568 1512 
3077 1512 1568 1513 
3078 1568 1569 1513 
3079 1513 1569 1514 
3080 1569 1570 1514 
3081 1514 1570 1515 
3082 1570 1571 1515 
3083 1515 1571 1516 
3084 1571 1572 1516 
3085 1516 1572 1517 
3086 1572 1573 1517 
3087 1517 1573 1518 
3088 1573 1574 1518 
3089 1518 1574 1519 
3090 1574 1575 1519 
3091 1519 1575 1520 
3092 1575 1576 1520 
3093 1520 1576 1521 
3094 1576 1577 1521 
3095 1521 1577 1522 
3096 1577 1578 1522 
3097 1522 1578 1523 
3098 1578 1579 1523 
3099 1523 1579 1524 
3100 1579 1580 1524 
3101 1524 1580 1581 
3102 1524 1581 1525 
3103 1525 1581 1582 
3104 1525 1582 1526 
3105 1526 1582 1583 
3106 1526 1583 1527 
3107 1527 1583 1584 
3108 1527 1584 1528 
3109 1528 1584 1585 
3110 1528 1585 1529 
3111 1529 1585 1586 
3112 1529 1586 1530 
3113 1530 1586 1587 
3114 1530 1587 1531 
3115 1531 1587 1588 
3116 1531 1588 1532 
3117 1532 1588 1589 
3118 1532 1589 1533 
3119 1533 1589 1590 
3120 1533 1590 1534 
3121 1534 1590 1591 
3122 1534 1591 1535 
3123 1535 1591 1592 
3124 1535 1592 1536 
3125 1536 1592 1593 
3126 1536 1593 1537 
3127 1537 1593 1538 
3128 1537 1538 1482 
3129 1538 1594 1539 
3130 1594 1595 1539 
3131 1539 1595 1540 
3132 1595 1596 1540 
3133 1540 1596 1541 
3134 1596 1597 1541 
3135 1541 1597 1542 
3136 1597 1598 1542 
3137 1542 1598 1543 
3138 1598 1599 1543 
3139 1543 1599 1544 
3140 1599 1600 1544 
3141 1544 1600 1545 
3142 1600 1601 1545 
3143 1545 1601 1546 
3144 1601 1602 1546 
3145 1546 1602 1547 
3146 1602 1603 1547 
3147 1547 1603 1548 
3148 1603 1604 1548 
3149 1548 1604 1549 
3150 1604 1605 1549 
3151 1549 1605 1550 
3152 1605 1606 1550 
3153 1550 1606 1551 
3154 1606 1607 1551 
3155 1551 1607 1552 
3156 1607 1608 1552 
3157 1552 1608 1609 
3158 1552 1609 1553 
3159 1553 1609 1610 
3160 1553 1610 1554 
3161 1554 1610 1611 
3162 1554 1611 1555 
3163 1555 1611 1612 
3164 1555 1612 1556 
3165 1556 1612 1613 
3166 1556 1613 1557 
3167 1557 1613 1614 
3168 1557 1614 1558 
3169 1558 1614 1615 
3170 1558 1615 1559 
3171 1559 1615 1616 
3172 1559 1616 1560 
3173 1560 1616 1617 
3174 1560 1617 1561 
3175 1561 1617 1618 
3176 1561 1618 1562 
3177 1562 1618 1619 
3178 1562 1619 1563 
3179 1563 1619 1620 
3180 1563 1620 1564 
3181 1564 1620 1621 
3182 1564 1621 1565 
3183 1565 1621 1622 
3184 1565 1622 1566 
3185 1566 1622 1567 
3186 1622 1623 1567 
3187 1567 1623 1568 
3188 1623 1624 1568 
3189 1568 1624 1569 
3190 1624 1625 1569 
3191 1569 1625 1570 
3192 1625 1626 1570 
3193 1570 1626 1571 
3194 1626 1627 1571 
3195 1571 1627 1572 
3196 1627 1628 1572 
3197 1572 1628 1573 
3198 1628 1629 1573 
3199 1573 1629 1574 
3200 1629 1630 1574 
3201 1574 1630 1575 
3202 1630 1631 1575 
3203 1575 1631 1576 
3204 1631 1632 1576 
3205 1576 1632 1577 
3206 1632 1633 1577 
3207 1577 1633 1578 
3208 1633 1634 1578 
3209 1578 1634 1579 
3210 1634 1635 1579 
3211 1579 1635 1580 
3212 1635 1636 1580 
3213 1580 1636 1637 
3214 1580 1637 1581 
3215 1581 1637 1638 
3216 1581 1638 1582 
3217 1582 1638 1639 
3218 1582 1639 1583 
3219 1583 1639 1640 
3220 1583 1640 1584 
3221 1584 1640 1641 
3222 1584 1641 1585 
3223 1585 1641 1642 
3224 1585 1642 1586 
3225 1586 1642 1643 
3226 1586 1643 1587 
3227 1587 1643 1644 
3228 1587 1644 1588 
3229 1588 1644 1645 
3230 1588 1645 1589 
3231 1589 1645 1646 
3232 1589 1646 1590 
3233 1590 1646 1647 
3234 1590 1647 1591 
3235 1591 1647 1648 
3236 1591 1648 1592 
3237 1592 1648 1649 
3238 1592 1649 1593 
3239 1593 1649 1594 
3240 1593 1594 1538 
3241 1594 1650 1595 
3242 1650 1651 1595 
3243 1595 1651 1596 
3244 1651 1652 1596 
3245 1596 1652 1597 
3246 1652 1653 1597 
3247 1597 1653 1598 
3248 1653 1654 1598 
3249 1598 1654 1599 
3250 1654 1655 1599 
3251 1599 1655 1600 
3252 1655 1656 1600 
3253 1600 1656 1601 
3254 1656 1657 1601 
3255 1601 1657 1602 
3256 1657 1658 1602 
3257 1602 1658 1603 
3258 1658 1659 1603 
3259 1603 1659 1604 
3260 1659 1660 1604 
3261 1604 1660 1605 
3262 1660 1661 1605 
3263 1605 1661 1606 
3264 1661 1662 1606 
3265 1606 1662 1607 
3266 1662 1663 1607 
3267 1607 1663 1608 
3268 1663 1664 1608 
3269 1608 1664 1665 
3270 1608 1665 1609 
3271 1609 1665 1666 
3272 1609 1666 1610 
3273 1610 1666 1667 
3274 1610 1667 1611 
3275 1611 1667 1668 
3276 1611 1668 1612 
3277 1612 1668 1669 
3278 1612 1669 1613 
3279 1613 1669 1670 
3280 1613 1670 1614 
3281 1614 1670 1671 
3282 1614 1671 1615 
3283 1615 1671 1672 
3284 1615 1672 1616 
3285 1616 1672 1673 
3286 1616 1673 1617 
3287 1617 1673 1674 
3288 1617 1674 1618 
3289 1618 1674 1675 
3290 1618 1675 1619 
3291 1619 1675 1676 
3292 1619 1676 1620 
3293 1620 1676 1677 
3294 1620 1677 1621 
3295 1621 1677 1678 
3296 1621 1678 1622 
3297 1622 1678 1623 
3298 1678 1679 1623 
3299 1623 1679 1624 
3300 1679 1680 1624 
3301 1624 1680 1625 
3302 1680 1681 1625 
3303 1625 1681 1626 
3304 1681 1682 1626 
3305 1626 1682 1627 
3306 1682 1683 1627 
3307 1627 1683 1628 
3308 1683 1684 1628 
3309 1628 1684 1629 
3310 1684 1685 1629 
3311 1629 1685 1630 
3312 1685 1686 1630 
3313 1630 1686 1631 
3314 1686 1687 1631 
3315 1631 1687 1632 
3316 1687 1688 1632 
3317 1632 1688 1633 
3318 1688 1689 1633 
3319 1633 1689 1634 
3320 1689 1690 1634 
3321 1634 1690 1635 
3322 1690 1691 1635 
3323 1635 1691 1636 
3324 1691 1692 1636 
3325 1636 1692 1693 
3326 1636 1693 1637 
3327 1637 1693 1694 
3328 1637 1694 1638 
3329 1638 1694 1695 
3330 1638 1695 1639 
3331 1639 1695 1696 
3332 1639 1696 1640 
3333 1640 1696 1697 
3334 1640 1697 1641 
3335 1641 1697 1698 
3336 1641 1698 1642 
3337 1642 1698 1699 
3338 1642 1699 1643 
3339 1643 1699 1700 
3340 1643 1700 1644 
3341 1644 1700 1701 
3342 1644 1701 1645 
3343 1645 1701 1702 
3344 1645 1702 1646 
3345 1646 1702 1703 
3346 1646 1703 1647 
3347 1647 1703 1704 
3348 1647 1704 1648 
3349 1648 1704 1705 
3350 1648 1705 1649 
3351 1649 1705 1650 
3352 1649 1650 1594 
3353 1650 1707 1706 
3354 1650 1706 1651 
3355 1651 1706 1708 
3356 1651 1708 1652 
3357 1652 1708 1709 
3358 1652 1709 1653 
3359 1653 1709 1710 
3360 1653 1710 1654 
3361 1654 1710 1711 
3362 1654 1711 1655 
3363 1655 1711 1712 
3364 1655 1712 1656 
3365 1656 1712 1713 
3366 1656 1713 1657 
3367 1657 1713 1714 
3368 1657 1714 1658 
3369 1658 1714 1715 
3370 1658 1715 1659 
3371 1659 1715 1716 
3372 1659 1716 1660 
3373 1660 1716 1717 
3374 1660 1717 1661 
3375 1661 1717 1718 
3376 1661 1718 1662 
3377 1662 1718 1719 
3378 1662 1719 1663 
3379 1663 1719 1720 
3380 1663 1720 1664 
3381 1664 1720 1665 
3382 1720 1721 1665 
3383 1665 1721 1666 
3384 1721 1722 1666 
3385 1666 1722 1667 
3386 1722 1723 1667 
3387 1667 1723 1668 
3388 1723 1724 1668 
3389 1668 1724 1669 
3390 1724 1725 1669 
3391 1669 1725 1670 
3392 1725 1726 1670 
3393 1670 1726 1671 
3394 1726 1727 1671 
3395 1671 1727 1672 
3396 1727 1728 1672 
3397 1672 1728 1673 
3398 1728 1729 1673 
3399 1673 1729 1674 
3400 1729 1730 1674 
3401 1674 1730 1675 
3402 1730 1731 1675 
3403 1675 1731 1676 
3404 1731 1732 1676 
3405 1676 1732 1677 
3406 1732 1733 1677 
3407 1677 1733 1678 
3408 1733 1734 1678 
3409 1678 1734 1735 
3410 1678 1735 1679 
3411 1679 1735 1736 
3412 1679 1736 1680 
3413 1680 1736 1737 
3414 1680 1737 1681 
3415 1681 1737 1738 
3416 1681 1738 1682 
3417 1682 1738 1739 
3418 1682 1739 1683 
3419 1683 1739 1740 
3420 1683 1740 1684 
3421 1684 1740 1741 
3422 1684 1741 1685 
3423 1685 1741 1742 
3424 1685 1742 1686 
3425 1686 1742 1743 
3426 1686 1743 1687 
3427 1687 1743 1744 
3428 1687 1744 1688 
3429 1688 1744 1745 
3430 1688 1745 1689 
3431 1689 1745 1746 
3432 1689 1746 1690 
3433 1690 1746 1747 
3434 1690 1747 1691 
3435 1691 1747 1748 
3436 1691 1748 1692 
3437 1692 1748 1693 
3438 1748 1749 1693 
3439 1693 1749 1694 
3440 1749 1750 1694 
3441 1694 1750 1695 
3442 1750 1751 1695 
3443 1695 1751 1696 
3444 1751 1752 1696 
3445 1696 1752 1697 
3446 1752 1753 1697 
3447 1697 1753 1698 
3448 1753 1754 1698 
3449 1698 1754 1699 
3450 1754 1755 1699 
3451 1699 1755 1700 
3452 1755 1756 1700 
3453 1700 1756 1701 
3454 1756 1757 1701 
3455 1701 1757 1702 
3456 1757 1758 1702 
3457 1702 1758 1703 
3458 1758 1759 1703 
3459 1703 1759 1704 
3460 1759 1760 1704 
3461 1704 1760 1705 
3462 1760 1761 1705 
3463 1705 1761 1650 
3464 1761 1707 1650 
3465 1707 1763 1762 
3466 1707 1762 1706 
3467 1706 1762 1764 
3468 1706 1764 1708 
3469 1708 1764 1765 
3470 1708 1765 1709 
3471 1709 1765 1766 
3472 1709 1766 1710 
3473 1710 1766 1767 
3474 1710 1767 1711 
3475 1711 1767 1768 
3476 1711 1768 1712 
3477 1712 1768 1769 
3478 1712 1769 1713 
3479 1713 1769 1770 
3480 1713 1770 1714 
3481 1714 1770 1771 
3482 1714 1771 1715 
3483 1715 1771 1772 
3484 1715 1772 1716 
3485 1716 1772 1773 
3486 1716 1773 1717 
3487 1717 1773 1774 
3488 1717 1774 1718 
3489 1718 1774 1775 
3490 1718 1775 1719 
3491 1719 1775 1776 
3492 1719 1776 1720 
3493 1720 1776 1721 
3494 1776 1777 1721 
3495 1721 1777 1722 
3496 1777 1778 1722 
3497 1722 1778 1723 
3498 1778 1779 1723 
3499 1723 1779 1724 
3500 1779 1780 1724 
3501 1724 1780 1725 
3502 1780 1781 1725 
3503 1725 1781 1726 
3504 1781 1782 1726 
3505 1726 1782 1727 
3506 1782 1783 1727 
3507 1727 1783 1728 
3508 1783 1784 1728 
3509 1728 1784 1729 
3510 1784 1785 1729 
3511 1729 1785 1730 
3512 1785 1786 1730 
3513 1730 1786 1731 
3514 1786 1787 1731 
3515 1731 1787 1732 
3516 1787 1788 1732 
3517 1732 1788 1733 
3518 1788 1789 1733 
3519 1733 1789 1734 
3520 1789 1790 1734 
3521 1734 1790 1791 
3522 1734 1791 1735 
3523 1735 1791 1792 
3524 1735 1792 1736 
3525 1736 1792 1793 
3526 1736 1793 1737 
3527 1737 1793 1794 
3528 1737 1794 1738 
3529 1738 1794 1795 
3530 1738 1795 1739 
3531 1739 1795 1796 
3532 1739 1796 1740 
3533 1740 1796 1797 
3534 1740 1797 1741 
3535 1741 1797 1798 
3536 1741 1798 1742 
3537 1742 1798 1799 
3538 1742 1799 1743 
3539 1743 1799 1800 
3540 1743 1800 1744 
3541 1744 1800 1801 
3542 1744 1801 1745 
3543 1745 1801 1802 
3544 1745 1802 1746 
3545 1746 1802 1803 
3546 1746 1803 1747 
3547 1747 1803 1804 
3548 1747 1804 1748 
3549 1748 1804 1749 
3550 1804 1805 1749 
3551 1749 1805 1750 
3552 1805 1806 1750 
3553 1750 1806 1751 
3554 1806 1807 1751 
3555 1751 1807 1752 
3556 1807 1808 1752 
3557 1752 1808 1753 
3558 1808 1809 1753 
3559 1753 1809 1754 
3560 1809 1810 1754 
3561 1754 1810 1755 
3562 1810 1811 1755 
3563 1755 1811 1756 
3564 1811 1812 1756 
3565 1756 1812 1757 
3566 1812 1813 1757 
3567 1757 1813 1758 
3568 1813 1814 1758 
3569 1758 1814 1759 
3570 1814 1815 1759 
3571 1759 1815 1760 
3572 1815 1816 1760 
3573 1760 1816 1761 
3574 1816 1817 1761 
3575 1761 1817 1707 
3576 1817 1763 1707 
3577 1763 1819 1818 
3578 1763 1818 1762 
3579 1762 1818 1820 
3580 1762 1820 1764 
3581 1764 1820 1821 
3582 1764 1821 1765 
3583 1765 1821 1822 
3584 1765 1822 1766 
3585 1766 1822 1823 
3586 1766 1823 1767 
3587 1767 1823 1824 
3588 1767 1824 1768 
3589 1768 1824 1825 
3590 1768 1825 1769 
3591 1769 1825 1826 
3592 1769 1826 1770 
3593 1770 1826 1827 
3594 1770 1827 1771 
3595 1771 1827 1828 
3596 1771 1828 1772 
3597 1772 1828 1829 
3598 1772 1829 1773 
3599 1773 1829 1830 
3600 1773 1830 1774 
3601 1774 1830 1831 
3602 1774 1831 1775 
3603 1775 1831 1832 
3604 1775 1832 1776 
3605 1776 1832 1777 
3606 1832 1833 1777 
3607 1777 1833 1778 
3608 1833 1834 1778 
3609 1778 1834 1779 
3610 1834 1835 1779 
3611 1779 1835 1780 
3612 1835 1836 1780 
3613 1780 1836 1781 
3614 1836 1837 1781 
3615 1781 1837 1782 
3616 1837 1838 1782 
3617 1782 1838 1783 
3618 1838 1839 1783 
3619 1783 1839 1784 
3620 1839 1840 1784 
3621 1784 1840 1785 
3622 1840 1841 1785 
3623 1785 1841 1786 
3624 1841 1842 1786 
3625 1786 1842 1787 
3626 1842 1843 1787 
3627 1787 1843 1788 
3628 1843 1844 1788 
3629 1788 1844 1789 
3630 1844 1845 1789 
3631 1789 1845 1790 
3632 1845 1846 1790 
3633 1790 1846 1847 
3634 1790 1847 1791 
3635 1791 1847 1848 
3636 1791 1848 1792 
3637 1792 1848 1849 
3638 1792 1849 1793 
3639 1793 1849 1850 
3640 1793 1850 1794 
3641 1794 1850 1851 
3642 1794 1851 1795 
3643 1795 1851 1852 
3644 1795 1852 1796 
3645 1796 1852 1853 
3646 1796 1853 1797 
3647 1797 1853 1854 
3648 1797 1854 1798 
3649 1798 1854 1855 
3650 1798 1855 1799 
3651 1799 1855 1856 
3652 1799 1856 1800 
3653 1800 1856 1857 
3654 1800 1857 1801 
3655 1801 1857 1858 
3656 1801 1858 1802 
3657 1802 1858 1859 
3658 1802 1859 1803 
3659 1803 1859 1860 
3660 1803 1860 1804 
3661 1804 1860 1805 
3662 1860 1861 1805 
3663 1805 1861 1806 
3664 1861 1862 1806 
3665 1806 1862 1807 
3666 1862 1863 1807 
3667 1807 1863 1808 
3668 1863 1864 1808 
3669 1808 1864 1809 
3670 1864 1865 1809 
3671 1809 1865 1810 
3672 1865 1866 1810 
3673 1810 1866 1811 
3674 1866 1867 1811 
3675 1811 1867 1812 
3676 1867 1868 1812 
3677 1812 1868 1813 
3678 1868 1869 1813 
3679 1813 1869 1814 
3680 1869 1870 1814 
3681 1814 1870 1815 
3682 1870 1871 1815 
3683 1815 1871 1816 
3684 1871 1872 1816 
3685 1816 1872 1817 
3686 1872 1873 1817 
3687 1817 1873 1763 
3688 1873 1819 1763 
3689 1819 1875 1874 
3690 1819 1874 1818 
3691 1818 1874 1876 
3692 1818 1876 1820 
3693 1820 1876 1877 
3694 1820 1877 1821 
3695 1821 1877 1878 
3696 1821 1878 1822 
3697 1822 1878 1879 
3698 1822 1879 1823 
3699 1823 1879 1880 
3700 1823 1880 1824 
3701 1824 1880 1881 
3702 1824 1881 1825 
3703 1825 1881 1882 
3704 1825 1882 1826 
3705 1826 1882 1883 
3706 1826 1883 1827 
3707 1827 1883 1884 
3708 1827 1884 1828 
3709 1828 1884 1885 
3710 1828 1885 1829 
3711 1829 1885 1886 
3712 1829 1886 1830 
3713 1830 1886 1887 
3714 1830 1887 1831 
3715 1831 1887 1888 
3716 1831 1888 1832 
3717 1832 1888 1833 
3718 1888 1889 1833 
3719 1833 1889 1834 
3720 1889 1890 1834 
3721 1834 1890 1835 
3722 1890 1891 1835 
3723 1835 1891 1836 
3724 1891 1892 1836 
3725 1836 1892 1837 
3726 1892 1893 1837 
3727 1837 1893 1838 
3728 1893 1894 1838 
3729 1838 1894 1839 
3730 1894 1895 1839 
3731 1839 1895 1840 
3732 1895 1896 1840 
3733 1840 1896 1841 
3734 1896 1897 1841 
3735 1841 1897 1842 
3736 1897 1898 1842 
3737 1842 1898 1843 
3738 1898 1899 1843 
3739 1843 1899 1844 
3740 1899 1900 1844 
3741 1844 1900 1845 
3742 1900 1901 1845 
3743 1845 1901 1846 
3744 1901 1902 1846 
3745 1846 1902 1903 
3746 1846 1903 1847 
3747 1847 1903 1904 
3748 1847 1904 1848 
3749 1848 1904 1905 
3750 1848 1905 1849 
3751 1849 1905 1906 
3752 1849 1906 1850 
3753 1850 1906 1907 
3754 1850 1907 1851 
3755 1851 1907 1908 
3756 1851 1908 1852 
3757 1852 1908 1909 
3758 1852 1909 1853 
3759 1853 1909 1910 
3760 1853 1910 1854 
3761 1854 1910 1911 
3762 1854 1911 1855 
3763 1855 1911 1912 
3764 1855 1912 1856 
3765 1856 1912 1913 
3766 1856 1913 1857 
3767 1857 1913 1914 
3768 1857 1914 1858 
3769 1858 1914 1915 
3770 1858 1915 1859 
3771 1859 1915 1916 
3772 1859 1916 1860 
3773 1860 1916 1861 
3774 1916 1917 1861 
3775 1861 1917 1862 
3776 1917 1918 1862 
3777 1862 1918 1863 
3778 1918 1919 1863 
3779 1863 1919 1864 
3780 1919 1920 1864 
3781 1864 1920 1865 
3782 1920 1921 1865 
3783 1865 1921 1866 
3784 1921 1922 1866 
3785 1866 1922 1867 
3786 1922 1923 1867 
3787 1867 1923 1868 
3788 1923 1924 1868 
3789 1868 1924 1869 
3790 1924 1925 1869 
3791 1869 1925 1870 
3792 1925 1926 1870 
3793 1870 1926 1871 
3794 1926 1927 1871 
3795 1871 1927 1872 
3796 1927 1928 1872 
3797 1872 1928 1873 
3798 1928 1929 1873 
3799 1873 1929 1819 
3800 1929 1875 1819 
3801 1875 1931 1930 
3802 1875 1930 1874 
3803 1874 1930 1932 
3804 1874 1932 1876 
3805 1876 1932 1933 
3806 1876 1933 1877 
3807 1877 1933 1934 
3808 1877 1934 1878 
3809 1878 1934 1935 
3810 1878 1935 1879 
3811 1879 1935 1936 
3812 1879 1936 1880 
3813 1880 1936 1937 
3814 1880 1937 1881 
3815 1881 1937 1938 
3816 1881 1938 1882 
3817 1882 1938 1939 
3818 1882 1939 1883 
3819 1883 1939 1940 
3820 1883 1940 1884 
3821 1884 1940 1941 
3822 1884 1941 1885 
3823 1885 1941 1942 
3824 1885 1942 1886 
3825 1886 1942 1943 
3826 1886 1943 1887 
3827 1887 1943 1944 
3828 1887 1944 1888 
3829 1888 1944 1889 
3830 1944 1945 1889 
3831 1889 1945 1890 
3832 1945 1946 1890 
3833 1890 1946 1891 
3834 1946 1947 1891 
3835 1891 1947 1892 
3836 1947 1948 1892 
3837 1892 1948 1893 
3838 1948 1949 1893 
3839 1893 1949 1894 
3840 1949 1950 1894 
3841 1894 1950 1895 
3842 1950 1951 1895 
3843 1895 1951 1896 
3844 1951 1952 1896 
3845 1896 1952 1897 
3846 1952 1953 1897 
3847 1897 1953 1898 
3848 1953 1954 1898 
3849 1898 1954 1899 
3850 1954 1955 1899 
3851 1899 1955 1900 
3852 1955 1956 1900 
3853 1900 1956 1901 
3854 1956 1957 1901 
3855 1901 1957 1902 
3856 1957 1958 1902 
3857 1902 1958 1959 
3858 1902 1959 1903 
3859 1903 1959 1960 
3860 1903 1960 1904 
3861 1904 1960 1961 
3862 1904 1961 1905 
3863 1905 1961 1962 
3864 1905 1962 1906 
3865 1906 1962 1963 
3866 1906 1963 1907 
3867 1907 1963 1964 
3868 1907 1964 1908 
3869 1908 1964 1965 
3870 1908 1965 1909 
3871 1909 1965 1966 
3872 1909 1966 1910 
3873 1910 1966 1967 
3874 1910 1967 1911 
3875 1911 1967 1968 
3876 1911 1968 1912 
3877 1912 1968 1969 
3878 1912 1969 1913 
3879 1913 1969 1970 
3880 1913 1970 1914 
3881 1914 1970 1971 
3882 1914 1971 1915 
3883 1915 1971 1972 
3884 1915 1972 1916 
3885 1916 1972 1917 
3886 1972 1973 1917 
3887 1917 1973 1918 
3888 1973 1974 1918 
3889 1918 1974 1919 
3890 1974 1975 1919 
3891 1919 1975 1920 
3892 1975 1976 1920 
3893 1920 1976 1921 
3894 1976 1977 1921 
3895 1921 1977 1922 
3896 1977 1978 1922 
3897 1922 1978 1923 
3898 1978 1979 1923 
3899 1923 1979 1924 
3900 1979 1980 1924 
3901 1924 1980 1925 
3902 1980 1981 1925 
3903 1925 1981 1926 
3904 1981 1982 1926 
3905 1926 1982 1927 
3906 1982 1983 1927 
3907 1927 1983 1928 
3908 1983 1984 1928 
3909 1928 1984 1929 
3910 1984 1985 1929 
3911 1929 1985 1875 
3912 1985 1931 1875 
3913 1931 1987 1986 
3914 1931 1986 1930 
3915 1930 1986 1988 
3916 1930 1988 1932 
3917 1932 1988 1989 
3918 1932 1989 1933 
3919 1933 1989 1990 
3920 1933 1990 1934 
3921 1934 1990 1991 
3922 1934 1991 1935 
3923 1935 1991 1992 
3924 1935 1992 1936 
3925 1936 1992 1993 
3926 1936 1993 1937 
3927 1937 1993 1994 
3928 1937 1994 1938 
3929 1938 1994 1995 
3930 1938 1995 1939 
3931 1939 1995 1996 
3932 1939 1996 1940 
3933 1940 1996 1997 
3934 1940 1997 1941 
3935 1941 1997 1998 
3936 1941 1998 1942 
3937 1942 1998 1999 
3938 1942 1999 1943 
3939 1943 1999 2000 
3940 1943 2000 1944 
3941 1944 2000 1945 
3942 2000 2001 1945 
3943 1945 2001 1946 
3944 2001 2002 1946 
3945 1946 2002 1947 
3946 2002 2003 1947 
3947 1947 2003 1948 
3948 2003 2004 1948 
3949 1948 2004 1949 
3950 2004 2005 1949 
3951 1949 2005 1950 
3952 2005 2006 1950 
3953 1950 2006 1951 
3954 2006 2007 1951 
3955 1951 2007 1952 
3956 2007 2008 1952 
3957 1952 2008 1953 
3958 2008 2009 1953 
3959 1953 2009 1954 
3960 2009 2010 1954 
3961 1954 2010 1955 
3962 2010 2011 1955 
3963 1955 2011 1956 
3964 2011 2012 1956 
3965 1956 2012 1957 
3966 2012 2013 1957 
3967 1957 2013 1958 
3968 2013 2014 1958 
3969 1958 2014 2015 
3970 1958 2015 1959 
3971 1959 2015 2016 
3972 1959 2016 1960 
3973 1960 2016 2017 
3974 1960 2017 1961 
3975 1961 2017 2018 
3976 1961 2018 1962 
3977 1962 2018 2019 
3978 1962 2019 1963 
3979 1963 2019 2020 
3980 1963 2020 1964 
3981 1964 2020 2021 
3982 1964 2021 1965 
3983 1965 2021 2022 
3984 1965 2022 1966 
3985 1966 2022 2023 
3986 1966 2023 1967 
3987 1967 2023 2024 
3988 1967 2024 1968 
3989 1968 2024 2025 
3990 1968 2025 1969 
3991 1969 2025 2026 
3992 1969 2026 1970 
3993 1970 2026 2027 
3994 1970 2027 1971 
3995 1971 2027 2028 
3996 1971 2028 1972 
3997 1972 2028 1973 
3998 2028 2029 1973 
3999 1973 2029 1974 
4000 2029 2030 1974 
4001 1974 2030 1975 
4002 2030 2031 1975 
4003 1975 2031 1976 
4004 2031 2032 1976 
4005 1976 2032 1977 
4006 2032 2033 1977 
4007 1977 2033 1978 
4008 2033 2034 1978 
4009 1978 2034 1979 
4010 2034 2035 1979 
4011 1979 2035 1980 
4012 2035 2036 1980 
4013 1980 2036 1981 
4014 2036 2037 1981 
4015 1981 2037 1982 
4016 2037 2038 1982 
4017 1982 2038 1983 
4018 2038 2039 1983 
4019 1983 2039 1984 
4020 2039 2040 1984 
4021 1984 2040 1985 
4022 2040 2041 1985 
4023 1985 2041 1931 
4024 2041 1987 1931 
4025 1987 2043 2042 
4026 1987 2042 1986 
4027 1986 2042 2044 
4028 1986 2044 1988 
4029 1988 2044 2045 
4030 1988 2045 1989 
4031 1989 2045 2046 
4032 1989 2046 1990 
4033 1990 2046 2047 
4034 1990 2047 1991 
4035 1991 2047 2048 
4036 1991 2048 1992 
4037 1992 2048 2049 
4038 1992 2049 1993 
4039 1993 2049 2050 
4040 1993 2050 1994 
4041 1994 2050 2051 
4042 1994 2051 1995 
4043 1995 2051 2052 
4044 1995 2052 1996 
4045 1996 2052 2053 
4046 1996 2053 1997 
4047 1997 2053 2054 
4048 1997 2054 1998 
4049 1998 2054 2055 
4050 1998 2055 1999 
4051 1999 2055 2056 
4052 1999 2056 2000 
4053 2000 2056 2001 
4054 2056 2057 2001 
4055 2001 2057 2002 
4056 2057 2058 2002 
4057 2002 2058 2003 
4058 2058 2059 2003 
4059 2003 2059 2004 
4060 2059 2060 2004 
4061 2004 2060 2005 
4062 2060 2061 2005 
4063 2005 2061 2006 
4064 2061 2062 2006 
4065 2006 2062 2007 
4066 2062 2063 2007 
4067 2007 2063 2008 
4068 2063 2064 2008 
4069 2008 2064 2009 
4070 2064 2065 2009 
4071 2009 2065 2010 
4072 2065 2066 2010 
4073 2010 2066 2011 
4074 2066 2067 2011 
4075 2011 2067 2012 
4076 2067 2068 2012 
4077 2012 2068 2013 
4078 2068 2069 2013 
4079 2013 2069 2014 
4080 2069 2070 2014 
4081 2014 2070 2071 
4082 2014 2071 2015 
4083 2015 2071 2072 
4084 2015 2072 2016 
4085 2016 2072 2073 
4086 2016 2073 2017 
4087 2017 2073 2074 
4088 2017 2074 2018 
4089 2018 2074 2075 
4090 2018 2075 2019 
4091 2019 2075 2076 
4092 2019 2076 2020 
4093 2020 2076 2077 
4094 2020 2077 2021 
4095 2021 2077 2078 
4096 2021 2078 2022 
4097 2022 2078 2079 
4098 2022 2079 2023 
4099 2023 2079 2080 
4100 2023 2080 2024 
4101 2024 2080 2081 
4102 2024 2081 2025 
4103 2025 2081 2082 
4104 2025 2082 2026 
4105 2026 2082 2083 
4106 2026 2083 2027 
4107 2027 2083 2084 
4108 2027 2084 2028 
4109 2028 2084 2029 
4110 2084 2085 2029 
4111 2029 2085 2030 
4112 2085 2086 2030 
4113 2030 2086 2031 
4114 2086 2087 2031 
4115 2031 2087 2032 
4116 2087 2088 2032 
4117 2032 2088 2033 
4118 2088 2089 2033 
4119 2033 2089 2034 
4120 2089 2090 2034 
4121 2034 2090 2035 
4122 2090 2091 2035 
4123 2035 2091 2036 
4124 2091 2092 2036 
4125 2036 2092 2037 
4126 2092 2093 2037 
4127 2037 2093 2038 
4128 2093 2094 2038 
4129 2038 2094 2039 
4130 2094 2095 2039 
4131 2039 2095 2040 
4132 2095 2096 2040 
4133 2040 2096 2041 
4134 2096 2097 2041 
4135 2041 2097 1987 
4136 2097 2043 1987 
4137 2043 2099 2098 
4138 2043 2098 2042 
4139 2042 2098 2100 
4140 2042 2100 2044 
4141 2044 2100 2101 
4142 2044 2101 2045 
4143 2045 2101 2102 
4144 2045 2102 2046 
4145 2046 2102 2103 
4146 2046 2103 2047 
4147 2047 2103 2104 
4148 2047 2104 2048 
4149 2048 2104 2105 
4150 2048 2105 2049 
4151 2049 2105 2106 
4152 2049 2106 2050 
4153 2050 2106 2107 
4154 2050 2107 2051 
4155 2051 2107 2108 
4156 2051 2108 2052 
4157 2052 2108 2109 
4158 2052 2109 2053 
4159 2053 2109 2110 
4160 2053 2110 2054 
4161 2054 2110 2111 
4162 2054 2111 2055 
4163 2055 2111 2112 
4164 2055 2112 2056 
4165 2056 2112 2057 
4166 2112 2113 2057 
4167 2057 2113 2058 
4168 2113 2114 2058 
4169 2058 2114 2059 
4170 2114 2115 2059 
4171 2059 2115 2060 
4172 2115 2116 2060 
4173 2060 2116 2061 
4174 2116 2117 2061 
4175 2061 2117 2062 
4176 2117 2118 2062 
4177 2062 2118 2063 
4178 2118 2119 2063 
4179 2063 2119 2064 
4180 2119 2120 2064 
4181 2064 2120 2065 
4182 2120 2121 2065 
4183 2065 2121 2066 
4184 2121 2122 2066 
4185 2066 2122 2067 
4186 2122 2123 2067 
4187 2067 2123 2068 
4188 2123 2124 2068 
4189 2068 2124 2069 
4190 2124 2125 2069 
4191 2069 2125 2070 
4192 2125 2126 2070 
4193 2070 2126 2127 
4194 2070 2127 2071 
4195 2071 2127 2128 
4196 2071 2128 2072 
4197 2072 2128 2129 
4198 2072 2129 2073 
4199 2073 2129 2130 
4200 2073 2130 2074 
4201 2074 2130 2131 
4202 2074 2131 2075 
4203 2075 2131 2132 
4204 2075 2132 2076 
4205 2076 2132 2133 
4206 2076 2133 2077 
4207 2077 2133 2134 
4208 2077 2134 2078 
4209 2078 2134 2135 
4210 2078 2135 2079 
4211 2079 2135 2136 
4212 2079 2136 2080 
4213 2080 2136 2137 
4214 2080 2137 2081 
4215 2081 2137 2138 
4216 2081 2138 2082 
4217 2082 2138 2139 
4218 2082 2139 2083 
4219 2083 2139 2140 
4220 2083 2140 2084 
4221 2084 2140 2085 
4222 2140 2141 2085 
4223 2085 2141 2086 
4224 2141 2142 2086 
4225 2086 2142 2087 
4226 2142 2143 2087 
4227 2087 2143 2088 
4228 2143 2144 2088 
4229 2088 2144 2089 
4230 2144 2145 2089 
4231 2089 2145 2090 
4232 2145 2146 2090 
4233 2090 2146 2091 
4234 2146 2147 2091 
4235 2091 2147 2092 
4236 2147 2148 2092 
4237 2092 2148 2093 
4238 2148 2149 2093 
4239 2093 2149 2094 
4240 2149 2150 2094 
4241 2094 2150 2095 
4242 2150 2151 2095 
4243 2095 2151 2096 
4244 2151 2152 2096 
4245 2096 2152 2097 
4246 2152 2153 2097 
4247 2097 2153 2043 
4248 2153 2099 2043 
4249 2099 2155 2154 
4250 2099 2154 2098 
4251 2098 2154 2156 
4252 2098 2156 2100 
4253 2100 2156 2157 
4254 2100 2157 2101 
4255 2101 2157 2158 
4256 2101 2158 2102 
4257 2102 2158 2159 
4258 2102 2159 2103 
4259 2103 2159 2160 
4260 2103 2160 2104 
4261 2104 2160 2161 
4262 2104 2161 2105 
4263 2105 2161 2162 
4264 2105 2162 2106 
4265 2106 2162 2163 
4266 2106 2163 2107 
4267 2107 2163 2164 
4268 2107 2164 2108 
4269 2108 2164 2165 
4270 2108 2165 2109 
4271 2109 2165 2166 
4272 2109 2166 2110 
4273 2110 2166 2167 
4274 2110 2167 2111 
4275 2111 2167 2168 
4276 2111 2168 2112 
4277 2112 2168 2113 
4278 2168 2169 2113 
4279 2113 2169 2114 
4280 2169 2170 2114 
4281 2114 2170 2115 
4282 2170 2171 2115 
4283 2115 2171 2116 
4284 2171 2172 2116 
4285 2116 2172 2117 
4286 2172 2173 2117 
4287 2117 2173 2118 
4288 2173 2174 2118 
4289 2118 2174 2119 
4290 2174 2175 2119 
4291 2119 2175 2120 
4292 2175 2176 2120 
4293 2120 2176 2121 
4294 2176 2177 2121 
4295 2121 2177 2122 
4296 2177 2178 2122 
4297 2122 2178 2123 
4298 2178 2179 2123 
4299 2123 2179 2124 
4300 2179 2180 2124 
4301 2124 2180 2125 
4302 2180 2181 2125 
4303 2125 2181 2126 
4304 2181 2182 2126 
4305 2126 2182 2183 
4306 2126 2183 2127 
4307 2127 2183 2184 
4308 2127 2184 2128 
4309 2128 2184 2185 
4310 2128 2185 2129 
4311 2129 2185 2186 
4312 2129 2186 2130 
4313 2130 2186 2187 
4314 2130 2187 2131 
4315 2131 2187 2188 
4316 2131 2188 2132 
4317 2132 2188 2189 
4318 2132 2189 2133 
4319 2133 2189 2190 
4320 2133 2190 2134 
4321 2134 2190 2191 
4322 2134 2191 2135 
4323 2135 2191 2192 
4324 2135 2192 2136 
4325 2136 2192 2193 
4326 2136 2193 2137 
4327 2137 2193 2194 
4328 2137 2194 2138 
4329 2138 2194 2195 
4330 2138 2195 2139 
4331 2139 2195 2196 
4332 2139 2196 2140 
4333 2140 2196 2141 
4334 2196 2197 2141 
4335 2141 2197 2142 
4336 2197 2198 2142 
4337 2142 2198 2143 
4338 2198 2199 2143 
4339 2143 2199 2144 
4340 2199 2200 2144 
4341 2144 2200 2145 
4342 2200 2201 2145 
4343 2145 2201 2146 
4344 2201 2202 2146 
4345 2146 2202 2147 
4346 2202 2203 2147 
4347 2147 2203 2148 
4348 2203 2204 2148 
4349 2148 2204 2149 
4350 2204 2205 2149 
4351 2149 2205 2150 
4352 2205 2206 2150 
4353 2150 2206 2151 
4354 2206 2207 2151 
4355 2151 2207 2152 
4356 2207 2208 2152 
4357 2152 2208 2153 
4358 2208 2209 2153 
4359 2153 2209 2099 
4360 2209 2155 2099 
4361 2155 2211 2210 
4362 2155 2210 2154 
4363 2154 2210 2212 
4364 2154 2212 2156 
4365 2156 2212 2213 
4366 2156 2213 2157 
4367 2157 2213 2214 
4368 2157 2214 2158 
4369 2158 2214 2215 
4370 2158 2215 2159 
4371 2159 2215 2216 
4372 2159 2216 2160 
4373 2160 2216 2217 
4374 2160 2217 2161 
4375 2161 2217 2218 
4376 2161 2218 2162 
4377 2162 2218 2219 
4378 2162 2219 2163 
4379 2163 2219 2220 
4380 2163 2220 2164 
4381 2164 2220 2221 
4382 2164 2221 2165 
4383 2165 2221 2222 
4384 2165 2222 2166 
4385 2166 2222 2223 
4386 2166 2223 2167 
4387 2167 2223 2224 
4388 2167 2224 2168 
4389 2168 2224 2169 
4390 2224 2225 2169 
4391 2169 2225 2170 
4392 2225 2226 2170 
4393 2170 2226 2171 
4394 2226 2227 2171 
4395 2171 2227 2172 
4396 2227 2228 2172 
4397 2172 2228 2173 
4398 2228 2229 2173 
4399 2173 2229 2174 
4400 2229 2230 2174 
4401 2174 2230 2175 
4402 2230 2231 2175 
4403 2175 2231 2176 
4404 2231 2232 2176 
4405 2176 2232 2177 
4406 2232 2233 2177 
4407 2177 2233 2178 
4408 2233 2234 2178 
4409 2178 2234 2179 
4410 2234 2235 2179 
4411 2179 2235 2180 
4412 2235 2236 2180 
4413 2180 2236 2181 
4414 2236 2237 2181 
4415 2181 2237 2182 
4416 2237 2238 2182 
4417 2182 2238 2239 
4418 2182 2239 2183 
4419 2183 2239 2240 
4420 2183 2240 2184 
4421 2184 2240 2241 
4422 2184 2241 2185 
4423 2185 2241 2242 
4424 2185 2242 2186 
4425 2186 2242 2243 
4426 2186 2243 2187 
4427 2187 2243 2244 
4428 2187 2244 2188 
4429 2188 2244 2245 
4430 2188 2245 2189 
4431 2189 2245 2246 
4432 2189 2246 2190 
4433 2190 2246 2247 
4434 2190 2247 2191 
4435 2191 2247 2248 
4436 2191 2248 2192 
4437 2192 2248 2249 
4438 2192 2249 2193 
4439 2193 2249 2250 
4440 2193 2250 2194 
4441 2194 2250 2251 
4442 2194 2251 2195 
4443 2195 2251 2252 
4444 2195 2252 2196 
4445 2196 2252 2197 
4446 2252 2253 2197 
4447 2197 2253 2198 
4448 2253 2254 2198 
4449 2198 2254 2199 
4450 2254 2255 2199 
4451 2199 2255 2200 
4452 2255 2256 2200 
4453 2200 2256 2201 
4454 2256 2257 2201 
4455 2201 2257 2202 
4456 2257 2258 2202 
4457 2202 2258 2203 
4458 2258 2259 2203 
4459 2203 2259 2204 
4460 2259 2260 2204 
4461 2204 2260 2205 
4462 2260 2261 2205 
4463 2205 2261 2206 
4464 2261 2262 2206 
4465 2206 2262 2207 
4466 2262 2263 2207 
4467 2207 2263 2208 
4468 2263 2264 2208 
4469 2208 2264 2209 
4470 2264 2265 2209 
4471 2209 2265 2155 
4472 2265 2211 2155 
4473 2211 2267 2266 
4474 2211 2266 2210 
4475 2210 2266 2268 
4476 2210 2268 2212 
4477 2212 2268 2269 
4478 2212 2269 2213 
4479 2213 2269 2270 
4480 2213 2270 2214 
4481 2214 2270 2271 
4482 2214 2271 2215 
4483 2215 2271 2272 
4484 2215 2272 2216 
4485 2216 2272 2273 
4486 2216 2273 2217 
4487 2217 2273 2274 
4488 2217 2274 2218 
4489 2218 2274 2275 
4490 2218 2275 2219 
4491 2219 2275 2276 
4492 2219 2276 2220 
4493 2220 2276 2277 
4494 2220 2277 2221 
4495 2221 2277 2278 
4496 2221 2278 2222 
4497 2222 2278 2279 
4498 2222 2279 2223 
4499 2223 2279 2280 
4500 2223 2280 2224 
4501 2224 2280 2225 
4502 2280 2281 2225 
4503 2225 2281 2226 
4504 2281 2282 2226 
4505 2226 2282 2227 
4506 2282 2283 2227 
4507 2227 2283 2228 
4508 2283 2284 2228 
4509 2228 2284 2229 
4510 2284 2285 2229 
4511 2229 2285 2230 
4512 2285 2286 2230 
4513 2230 2286 2231 
4514 2286 2287 2231 
4515 2231 2287 2232 
4516 2287 2288 2232 
4517 2232 2288 2233 
4518 2288 2289 2233 
4519 2233 2289 2234 
4520 2289 2290 2234 
4521 2234 2290 2235 
4522 2290 2291 2235 
4523 2235 2291 2236 
4524 2291 2292 2236 
4525 2236 2292 2237 
4526 2292 2293 2237 
4527 2237 2293 2238 
4528 2293 2294 2238 
4529 2238 2294 2295 
4530 2238 2295 2239 
4531 2239 2295 2296 
4532 2239 2296 2240 
4533 2240 2296 2297 
4534 2240 2297 2241 
4535 2241 2297 2298 
4536 2241 2298 2242 
4537 2242 2298 2299 
4538 2242 2299 2243 
4539 2243 2299 2300 
4540 2243 2300 2244 
4541 2244 2300 2301 
4542 2244 2301 2245 
4543 2245 2301 2302 
4544 2245 2302 2246 
4545 2246 2302 2303 
4546 2246 2303 2247 
4547 2247 2303 2304 
4548 2247 2304 2248 
4549 2248 2304 2305 
4550 2248 2305 2249 
4551 2249 2305 2306 
4552 2249 2306 2250 
4553 2250 2306 2307 
4554 2250 2307 2251 
4555 2251 2307 2308 
4556 2251 2308 2252 
4557 2252 2308 2253 
4558 2308 2309 2253 
4559 2253 2309 2254 
4560 2309 2310 2254 
4561 2254 2310 2255 
4562 2310 2311 2255 
4563 2255 2311 2256 
4564 2311 2312 2256 
4565 2256 2312 2257 
4566 2312 2313 2257 
4567 2257 2313 2258 
4568 2313 2314 2258 
4569 2258 2314 2259 
4570 2314 2315 2259 
4571 2259 2315 2260 
4572 2315 2316 2260 
4573 2260 2316 2261 
4574 2316 2317 2261 
4575 2261 2317 2262 
4576 2317 2318 2262 
4577 2262 2318 2263 
4578 2318 2319 2263 
4579 2263 2319 2264 
4580 2319 2320 2264 
4581 2264 2320 2265 
4582 2320 2321 2265 
4583 2265 2321 2211 
4584 2321 2267 2211 
4585 2267 2323 2322 
4586 2267 2322 2266 
4587 2266 2322 2324 
4588 2266 2324 2268 
4589 2268 2324 2325 
4590 2268 2325 2269 
4591 2269 2325 2326 
4592 2269 2326 2270 
4593 2270 2326 2327 
4594 2270 2327 2271 
4595 2271 2327 2328 
4596 2271 2328 2272 
4597 2272 2328 2329 
4598 2272 2329 2273 
4599 2273 2329 2330 
4600 2273 2330 2274 
4601 2274 2330 2331 
4602 2274 2331 2275 
4603 2275 2331 2332 
4604 2275 2332 2276 
4605 2276 2332 2333 
4606 2276 2333 2277 
4607 2277 2333 2334 
4608 2277 2334 2278 
4609 2278 2334 2335 
4610 2278 2335 2279 
4611 2279 2335 2336 
4612 2279 2336 2280 
4613 2280 2336 2281 
4614 2336 2337 2281 
4615 2281 2337 2282 
4616 2337 2338 2282 
4617 2282 2338 2283 
4618 2338 2339 2283 
4619 2283 2339 2284 
4620 2339 2340 2284 
4621 2284 2340 2285 
4622 2340 2341 2285 
4623 2285 2341 2286 
4624 2341 2342 2286 
4625 2286 2342 2287 
4626 2342 2343 2287 
4627 2287 2343 2288 
4628 2343 2344 2288 
4629 2288 2344 2289 
4630 2344 2345 2289 
4631 2289 2345 2290 
4632 2345 2346 2290 
4633 2290 2346 2291 
4634 2346 2347 2291 
4635 2291 2347 2292 
4636 2347 2348 2292 
4637 2292 2348 2293 
4638 2348 2349 2293 
4639 2293 2349 2294 
4640 2349 2350 2294 
4641 2294 2350 2351 
4642 2294 2351 2295 
4643 2295 2351 2352 
4644 2295 2352 2296 
4645 2296 2352 2353 
4646 2296 2353 2297 
4647 2297 2353 2354 
4648 2297 2354 2298 
4649 2298 2354 2355 
4650 2298 2355 2299 
4651 2299 2355 2356 
4652 2299 2356 2300 
4653 2300 2356 2357 
4654 2300 2357 2301 
4655 2301 2357 2358 
4656 2301 2358 2302 
4657 2302 2358 2359 
4658 2302 2359 2303 
4659 2303 2359 2360 
4660 2303 2360 2304 
4661 2304 2360 2361 
4662 2304 2361 2305 
4663 2305 2361 2362 
4664 2305 2362 2306 
4665 2306 2362 2363 
4666 2306 2363 2307 
4667 2307 2363 2364 
4668 2307 2364 2308 
4669 2308 2364 2309 
4670 2364 2365 2309 
4671 2309 2365 2310 
4672 2365 2366 2310 
4673 2310 2366 2311 
4674 2366 2367 2311 
4675 2311 2367 2312 
4676 2367 2368 2312 
4677 2312 2368 2313 
4678 2368 2369 2313 
4679 2313 2369 2314 
4680 2369 2370 2314 
4681 2314 2370 2315 
4682 2370 2371 2315 
4683 2315 2371 2316 
4684 2371 2372 2316 
4685 2316 2372 2317 
4686 2372 2373 2317 
4687 2317 2373 2318 
4688 2373 2374 2318 
4689 2318 2374 2319 
4690 2374 2375 2319 
4691 2319 2375 2320 
4692 2375 2376 2320 
4693 2320 2376 2321 
4694 2376 2377 2321 
4695 2321 2377 2267 
4696 2377 2323 2267 
4697 2323 2379 2378 
4698 2323 2378 2322 
4699 2322 2378 2380 
4700 2322 2380 2324 
4701 2324 2380 2381 
4702 2324 2381 2325 
4703 2325 2381 2382 
4704 2325 2382 2326 
4705 2326 2382 2383 
4706 2326 2383 2327 
4707 2327 2383 2384 
4708 2327 2384 2328 
4709 2328 2384 2385 
4710 2328 2385 2329 
4711 2329 2385 2386 
4712 2329 2386 2330 
4713 2330 2386 2387 
4714 2330 2387 2331 
4715 2331 2387 2388 
4716 2331 2388 2332 
4717 2332 2388 2389 
4718 2332 2389 2333 
4719 2333 2389 2390 
4720 2333 2390 2334 
4721 2334 2390 2391 
4722 2334 2391 2335 
4723 2335 2391 2392 
4724 2335 2392 2336 
4725 2336 2392 2337 
4726 2392 2393 2337 
4727 2337 2393 2338 
4728 2393 2394 2338 
4729 2338 2394 2339 
4730 2394 2395 2339 
4731 2339 2395 2340 
4732 2395 2396 2340 
4733 2340 2396 2341 
4734 2396 2397 2341 
4735 2341 2397 2342 
4736 2397 2398 2342 
4737 2342 2398 2343 
4738 2398 2399 2343 
4739 2343 2399 2344 
4740 2399 2400 2344 
4741 2344 2400 2345 
4742 2400 2401 2345 
4743 2345 2401 2346 
4744 2401 2402 2346 
4745 2346 2402 2347 
4746 2402 2403 2347 
4747 2347 2403 2348 
4748 2403 2404 2348 
4749 2348 2404 2349 
4750 2404 2405 2349 
4751 2349 2405 2350 
4752 2405 2406 2350 
4753 2350 2406 2407 
4754 2350 2407 2351 
4755 2351 2407 2408 
4756 2351 2408 2352 
4757 2352 2408 2409 
4758 2352 2409 2353 
4759 2353 2409 2410 
4760 2353 2410 2354 
4761 2354 2410 2411 
4762 2354 2411 2355 
4763 2355 2411 2412 
4764 2355 2412 2356 
4765 2356 2412 2413 
4766 2356 2413 2357 
4767 2357 2413 2414 
4768 2357 2414 2358 
4769 2358 2414 2415 
4770 2358 2415 2359 
4771 2359 2415 2416 
4772 2359 2416 2360 
4773 2360 2416 2417 
4774 2360 2417 2361 
4775 2361 2417 2418 
4776 2361 2418 2362 
4777 2362 2418 2419 
4778 2362 2419 2363 
4779 2363 2419 2420 
4780 2363 2420 2364 
4781 2364 2420 2365 
4782 2420 2421 2365 
4783 2365 2421 2366 
4784 2421 2422 2366 
4785 2366 2422 2367 
4786 2422 2423 2367 
4787 2367 2423 2368 
4788 2423 2424 2368 
4789 2368 2424 2369 
4790 2424 2425 2369 
4791 2369 2425 2370 
4792 2425 2426 2370 
4793 2370 2426 2371 
4794 2426 2427 2371 
4795 2371 2427 2372 
4796 2427 2428 2372 
4797 2372 2428 2373 
4798 2428 2429 2373 
4799 2373 2429 2374 
4800 2429 2430 2374 
4801 2374 2430 2375 
4802 2430 2431 2375 
4803 2375 2431 2376 
4804 2431 2432 2376 
4805 2376 2432 2377 
4806 2432 2433 2377 
4807 2377 2433 2323 
4808 2433 2379 2323 
4809 2379 2435 2434 
4810 2379 2434 2378 
4811 2378 2434 2436 
4812 2378 2436 2380 
4813 2380 2436 2437 
4814 2380 2437 2381 
4815 2381 2437 2438 
4816 2381 2438 2382 
4817 2382 2438 2439 
4818 2382 2439 2383 
4819 2383 2439 2440 
4820 2383 2440 2384 
4821 2384 2440 2441 
4822 2384 2441 2385 
4823 2385 2441 2442 
4824 2385 2442 2386 
4825 2386 2442 2443 
4826 2386 2443 2387 
4827 2387 2443 2444 
4828 2387 2444 2388 
4829 2388 2444 2445 
4830 2388 2445 2389 
4831 2389 2445 2446 
4832 2389 2446 2390 
4833 2390 2446 2447 
4834 2390 2447 2391 
4835 2391 2447 2448 
4836 2391 2448 2392 
4837 2392 2448 2393 
4838 2448 2449 2393 
4839 2393 2449 2394 
4840 2449 2450 2394 
4841 2394 2450 2395 
4842 2450 2451 2395 
4843 2395 2451 2396 
4844 2451 2452 2396 
4845 2396 2452 2397 
4846 2452 2453 2397 
4847 2397 2453 2398 
4848 2453 2454 2398 
4849 2398 2454 2399 
4850 2454 2455 2399 
4851 2399 2455 2400 
4852 2455 2456 2400 
4853 2400 2456 2401 
4854 2456 2457 2401 
4855 2401 2457 2402 
4856 2457 2458 2402 
4857 2402 2458 2403 
4858 2458 2459 2403 
4859 2403 2459 2404 
4860 2459 2460 2404 
4861 2404 2460 2405 
4862 2460 2461 2405 
4863 2405 2461 2406 
4864 2461 2462 2406 
4865 2406 2462 2463 
4866 2406 2463 2407 
4867 2407 2463 2464 
4868 2407 2464 2408 
4869 2408 2464 2465 
4870 2408 2465 2409 
4871 2409 2465 2466 
4872 2409 2466 2410 
4873 2410 2466 2467 
4874 2410 2467 2411 
4875 2411 2467 2468 
4876 2411 2468 2412 
4877 2412 2468 2469 
4878 2412 2469 2413 
4879 2413 2469 2470 
4880 2413 2470 2414 
4881 2414 2470 2471 
4882 2414 2471 2415 
4883 2415 2471 2472 
4884 2415 2472 2416 
4885 2416 2472 2473 
4886 2416 2473 2417 
4887 2417 2473 2474 
4888 2417 2474 2418 
4889 2418 2474 2475 
4890 2418 2475 2419 
4891 2419 2475 2476 
4892 2419 2476 2420 
4893 2420 2476 2421 
4894 2476 2477 2421 
4895 2421 2477 2422 
4896 2477 2478 2422 
4897 2422 2478 2423 
4898 2478 2479 2423 
4899 2423 2479 2424 
4900 2479 2480 2424 
4901 2424 2480 2425 
4902 2480 2481 2425 
4903 2425 2481 2426 
4904 2481 2482 2426 
4905 2426 2482 2427 
4906 2482 2483 2427 
4907 2427 2483 2428 
4908 2483 2484 2428 
4909 2428 2484 2429 
4910 2484 2485 2429 
4911 2429 2485 2430 
4912 2485 2486 2430 
4913 2430 2486 2431 
4914 2486 2487 2431 
4915 2431 2487 2432 
4916 2487 2488 2432 
4917 2432 2488 2433 
4918 2488 2489 2433 
4919 2433 2489 2379 
4920 2489 2435 2379 
4921 2435 2491 2490 
4922 2435 2490 2434 
4923 2434 2490 2492 
4924 2434 2492 2436 
4925 2436 2492 2493 
4926 2436 2493 2437 
4927 2437 2493 2494 
4928 2437 2494 2438 
4929 2438 2494 2495 
4930 2438 2495 2439 
4931 2439 2495 2496 
4932 2439 2496 2440 
4933 2440 2496 2497 
4934 2440 2497 2441 
4935 2441 2497 2498 
4936 2441 2498 2442 
4937 2442 2498 2499 
4938 2442 2499 2443 
4939 2443 2499 2500 
4940 2443 2500 2444 
4941 2444 2500 2501 
4942 2444 2501 2445 
4943 2445 2501 2502 
4944 2445 2502 2446 
4945 2446 2502 2503 
4946 2446 2503 2447 
4947 2447 2503 2504 
4948 2447 2504 2448 
4949 2448 2504 2449 
4950 2504 2505 2449 
4951 2449 2505 2450 
4952 2505 2506 2450 
4953 2450 2506 2451 
4954 2506 2507 2451 
4955 2451 2507 2452 
4956 2507 2508 2452 
4957 2452 2508 2453 
4958 2508 2509 2453 
4959 2453 2509 2454 
4960 2509 2510 2454 
4961 2454 2510 2455 
4962 2510 2511 2455 
4963 2455 2511 2456 
4964 2511 2512 2456 
4965 2456 2512 2457 
4966 2512 2513 2457 
4967 2457 2513 2458 
4968 2513 2514 2458 
4969 2458 2514 2459 
4970 2514 2515 2459 
4971 2459 2515 2460 
4972 2515 2516 2460 
4973 2460 2516 2461 
4974 2516 2517 2461 
4975 2461 2517 2462 
4976 2517 2518 2462 
4977 2462 2518 2519 
4978 2462 2519 2463 
4979 2463 2519 2520 
4980 2463 2520 2464 
4981 2464 2520 2521 
4982 2464 2521 2465 
4983 2465 2521 2522 
4984 2465 2522 2466 
4985 2466 2522 2523 
4986 2466 2523 2467 
4987 2467 2523 2524 
4988 2467 2524 2468 
4989 2468 2524 2525 
4990 2468 2525 2469 
4991 2469 2525 2526 
4992 2469 2526 2470 
4993 2470 2526 2527 
4994 2470 2527 2471 
4995 2471 2527 2528 
4996 2471 2528 2472 
4997 2472 2528 2529 
4998 2472 2529 2473 
4999 2473 2529 2530 
5000 2473 2530 2474 
5001 2474 2530 2531 
5002 2474 2531 2475 
5003 2475 2531 2532 
5004 2475 2532 2476 
5005 2476 2532 2477 
5006 2532 2533 2477 
5007 2477 2533 2478 
5008 2533 2534 2478 
5009 2478 2534 2479 
5010 2534 2535 2479 
5011 2479 2535 2480 
5012 2535 2536 2480 
5013 2480 2536 2481 
5014 2536 2537 2481 
5015 2481 2537 2482 
5016 2537 2538 2482 
5017 2482 2538 2483 
5018 2538 2539 2483 
5019 2483 2539 2484 
5020 2539 2540 2484 
5021 2484 2540 2485 
5022 2540 2541 2485 
5023 2485 2541 2486 
5024 2541 2542 2486 
5025 2486 2542 2487 
5026 2542 2543 2487 
5027 2487 2543 2488 
5028 2543 2544 2488 
5029 2488 2544 2489 
5030 2544 2545 2489 
5031 2489 2545 2435 
5032 2545 2491 2435 
5033 2491 2547 2546 
5034 2491 2546 2490 
5035 2490 2546 2548 
5036 2490 2548 2492 
5037 2492 2548 2549 
5038 2492 2549 2493 
5039 2493 2549 2550 
5040 2493 2550 2494 
5041 2494 2550 2551 
5042 2494 2551 2495 
5043 2495 2551 2552 
5044 2495 2552 2496 
5045 2496 2552 2553 
5046 2496 2553 2497 
5047 2497 2553 2554 
5048 2497 2554 2498 
5049 2498 2554 2555 
5050 2498 2555 2499 
5051 2499 2555 2556 
5052 2499 2556 2500 
5053 2500 2556 2557 
5054 2500 2557 2501 
5055 2501 2557 2558 
5056 2501 2558 2502 
5057 2502 2558 2559 
5058 2502 2559 2503 
5059 2503 2559 2560 
5060 2503 2560 2504 
5061 2504 2560 2505 
5062 2560 2561 2505 
5063 2505 2561 2506 
5064 2561 2562 2506 
5065 2506 2562 2507 
5066 2562 2563 2507 
5067 2507 2563 2508 
5068 2563 2564 2508 
5069 2508 2564 2509 
5070 2564 2565 2509 
5071 2509 2565 2510 
5072 2565 2566 2510 
5073 2510 2566 2511 
5074 2566 2567 2511 
5075 2511 2567 2512 
5076 2567 2568 2512 
5077 2512 2568 2513 
5078 2568 2569 2513 
5079 2513 2569 2514 
5080 2569 2570 2514 
5081 2514 2570 2515 
5082 2570 2571 2515 
5083 2515 2571 2516 
5084 2571 2572 2516 
5085 2516 2572 2517 
5086 2572 2573 2517 
5087 2517 2573 2518 
5088 2573 2574 2518 
5089 2518 2574 2575 
5090 2518 2575 2519 
5091 2519 2575 2576 
5092 2519 2576 2520 
5093 2520 2576 2577 
5094 2520 2577 2521 
5095 2521 2577 2578 
5096 2521 2578 2522 
5097 2522 2578 2579 
5098 2522 2579 2523 
5099 2523 2579 2580 
5100 2523 2580 2524 
5101 2524 2580 2581 
5102 2524 2581 2525 
5103 2525 2581 2582 
5104 2525 2582 2526 
5105 2526 2582 2583 
5106 2526 2583 2527 
5107 2527 2583 2584 
5108 2527 2584 2528 
5109 2528 2584 2585 
5110 2528 2585 2529 
5111 2529 2585 2586 
5112 2529 2586 2530 
5113 2530 2586 2587 
5114 2530 2587 2531 
5115 2531 2587 2588 
5116 2531 2588 2532 
5117 2532 2588 2533 
5118 2588 2589 2533 
5119 2533 2589 2534 
5120 2589 2590 2534 
5121 2534 2590 2535 
5122 2590 2591 2535 
5123 2535 2591 2536 
5124 2591 2592 2536 
5125 2536 2592 2537 
5126 2592 2593 2537 
5127 2537 2593 2538 
5128 2593 2594 2538 
5129 2538 2594 2539 
5130 2594 2595 2539 
5131 2539 2595 2540 
5132 2595 2596 2540 
5133 2540 2596 2541 
5134 2596 2597 2541 
5135 2541 2597 2542 
5136 2597 2598 2542 
5137 2542 2598 2543 
5138 2598 2599 2543 
5139 2543 2599 2544 
5140 2599 2600 2544 
5141 2544 2600 2545 
5142 2600 2601 2545 
5143 2545 2601 2491 
5144 2601 2547 2491 
5145 2547 2603 2602 
5146 2547 2602 2546 
5147 2546 2602 2604 
5148 2546 2604 2548 
5149 2548 2604 2605 
5150 2548 2605 2549 
5151 2549 2605 2606 
5152 2549 2606 2550 
5153 2550 2606 2607 
5154 2550 2607 2551 
5155 2551 2607 2608 
5156 2551 2608 2552 
5157 2552 2608 2609 
5158 2552 2609 2553 
5159 2553 2609 2610 
5160 2553 2610 2554 
5161 2554 2610 2611 
5162 2554 2611 2555 
5163 2555 2611 2612 
5164 2555 2612 2556 
5165 2556 2612 2613 
5166 2556 2613 2557 
5167 2557 2613 2614 
5168 2557 2614 2558 
5169 2558 2614 2615 
5170 2558 2615 2559 
5171 2559 2615 2616 
5172 2559 2616 2560 
5173 2560 2616 2561 
5174 2616 2617 2561 
5175 2561 2617 2562 
5176 2617 2618 2562 
5177 2562 2618 2563 
5178 2618 2619 2563 
5179 2563 2619 2564 
5180 2619 2620 2564 
5181 2564 2620 2565 
5182 2620 2621 2565 
5183 2565 2621 2566 
5184 2621 2622 2566 
5185 2566 2622 2567 
5186 2622 2623 2567 
5187 2567 2623 2568 
5188 2623 2624 2568 
5189 2568 2624 2569 
5190 2624 2625 2569 
5191 2569 2625 2570 
5192 2625 2626 2570 
5193 2570 2626 2571 
5194 2626 2627 2571 
5195 2571 2627 2572 
5196 2627 2628 2572 
5197 2572 2628 2573 
5198 2628 2629 2573 
5199 2573 2629 2574 
5200 2629 2630 2574 
5201 2574 2630 2631 
5202 2574 2631 2575 
5203 2575 2631 2632 
5204 2575 2632 2576 
5205 2576 2632 2633 
5206 2576 2633 2577 
5207 2577 2633 2634 
5208 2577 2634 2578 
5209 2578 2634 2635 
5210 2578 2635 2579 
5211 2579 2635 2636 
5212 2579 2636 2580 
5213 2580 2636 2637 
5214 2580 2637 2581 
5215 2581 2637 2638 
5216 2581 2638 2582 
5217 2582 2638 2639 
5218 2582 2639 2583 
5219 2583 2639 2640 
5220 2583 2640 2584 
5221 2584 2640 2641 
5222 2584 2641 2585 
5223 2585 2641 2642 
5224 2585 2642 2586 
5225 2586 2642 2643 
5226 2586 2643 2587 
5227 2587 2643 2644 
5228 2587 2644 2588 
5229 2588 2644 2589 
5230 2644 2645 2589 
5231 2589 2645 2590 
5232 2645 2646 2590 
5233 2590 2646 2591 
5234 2646 2647 2591 
5235 2591 2647 2592 
5236 2647 2648 2592 
5237 2592 2648 2593 
5238 2648 2649 2593 
5239 2593 2649 2594 
5240 2649 2650 2594 
5241 2594 2650 2595 
5242 2650 2651 2595 
5243 2595 2651 2596 
5244 2651 2652 2596 
5245 2596 2652 2597 
5246 2652 2653 2597 
5247 2597 2653 2598 
5248 2653 2654 2598 
5249 2598 2654 2599 
5250 2654 2655 2599 
5251 2599 2655 2600 
5252 2655 2656 2600 
5253 2600 2656 2601 
5254 2656 2657 2601 
5255 2601 2657 2547 
5256 2657 2603 2547 
5257 2603 2659 2658 
5258 2603 2658 2602 
5259 2602 2658 2660 
5260 2602 2660 2604 
5261 2604 2660 2661 
5262 2604 2661 2605 
5263 2605 2661 2662 
5264 2605 2662 2606 
5265 2606 2662 2663 
5266 2606 2663 2607 
5267 2607 2663 2664 
5268 2607 2664 2608 
5269 2608 2664 2665 
5270 2608 2665 2609 
5271 2609 2665 2666 
5272 2609 2666 2610 
5273 2610 2666 2667 
5274 2610 2667 2611 
5275 2611 2667 2668 
5276 2611 2668 2612 
5277 2612 2668 2669 
5278 2612 2669 2613 
5279 2613 2669 2670 
5280 2613 2670 2614 
5281 2614 2670 2671 
5282 2614 2671 2615 
5283 2615 2671 2672 
5284 2615 2672 2616 
5285 2616 2672 2617 
5286 2672 2673 2617 
5287 2617 2673 2618 
5288 2673 2674 2618 
5289 2618 2674 2619 
5290 2674 2675 2619 
5291 2619 2675 2620 
5292 2675 2676 2620 
5293 2620 2676 2621 
5294 2676 2677 2621 
5295 2621 2677 2622 
5296 2677 2678 2622 
5297 2622 2678 2623 
5298 2678 2679 2623 
5299 2623 2679 2624 
5300 2679 2680 2624 
5301 2624 2680 2625 
5302 2680 2681 2625 
5303 2625 2681 2626 
5304 2681 2682 2626 
5305 2626 2682 2627 
5306 2682 2683 2627 
5307 2627 2683 2628 
5308 2683 2684 2628 
5309 2628 2684 2629 
5310 2684 2685 2629 
5311 2629 2685 2630 
5312 2685 2686 2630 
5313 2630 2686 2687 
5314 2630 2687 2631 
5315 2631 2687 2688 
5316 2631 2688 2632 
5317 2632 2688 2689 
5318 2632 2689 2633 
5319 2633 2689 2690 
5320 2633 2690 2634 
5321 2634 2690 2691 
5322 2634 2691 2635 
5323 2635 2691 2692 
5324 2635 2692 2636 
5325 2636 2692 2693 
5326 2636 2693 2637 
5327 2637 2693 2694 
5328 2637 2694 2638 
5329 2638 2694 2695 
5330 2638 2695 2639 
5331 2639 2695 2696 
5332 2639 2696 2640 
5333 2640 2696 2697 
5334 2640 2697 2641 
5335 2641 2697 2698 
5336 2641 2698 2642 
5337 2642 2698 2699 
5338 2642 2699 2643 
5339 2643 2699 2700 
5340 2643 2700 2644 
5341 2644 2700 2645 
5342 2700 2701 2645 
5343 2645 2701 2646 
5344 2701 2702 2646 
5345 2646 2702 2647 
5346 2702 2703 2647 
5347 2647 2703 2648 
5348 2703 2704 2648 
5349 2648 2704 2649 
5350 2704 2705 2649 
5351 2649 2705 2650 
5352 2705 2706 2650 
5353 2650 2706 2651 
5354 2706 2707 2651 
5355 2651 2707 2652 
5356 2707 2708 2652 
5357 2652 2708 2653 
5358 2708 2709 2653 
5359 2653 2709 2654 
5360 2709 2710 2654 
5361 2654 2710 2655 
5362 2710 2711 2655 
5363 2655 2711 2656 
5364 2711 2712 2656 
5365 2656 2712 2657 
5366 2712 2713 2657 
5367 2657 2713 2603 
5368 2713 2659 2603 
5369 2659 2715 2714 
5370 2659 2714 2658 
5371 2658 2714 2716 
5372 2658 2716 2660 
5373 2660 2716 2717 
5374 2660 2717 2661 
5375 2661 2717 2718 
5376 2661 2718 2662 
5377 2662 2718 2719 
5378 2662 2719 2663 
5379 2663 2719 2720 
5380 2663 2720 2664 
5381 2664 2720 2721 
5382 2664 2721 2665 
5383 2665 2721 2722 
5384 2665 2722 2666 
5385 2666 2722 2723 
5386 2666 2723 2667 
5387 2667 2723 2724 
5388 2667 2724 2668 
5389 2668 2724 2725 
5390 2668 2725 2669 
5391 2669 2725 2726 
5392 2669 2726 2670 
5393 2670 2726 2727 
5394 2670 2727 2671 
5395 2671 2727 2728 
5396 2671 2728 2672 
5397 2672 2728 2673 
5398 2728 2729 2673 
5399 2673 2729 2674 
5400 2729 2730 2674 
5401 2674 2730 2675 
5402 2730 2731 2675 
5403 2675 2731 2676 
5404 2731 2732 2676 
5405 2676 2732 2677 
5406 2732 2733 2677 
5407 2677 2733 2678 
5408 2733 2734 2678 
5409 2678 2734 2679 
5410 2734 2735 2679 
5411 2679 2735 2680 
5412 2735 2736 2680 
5413 2680 2736 2681 
5414 2736 2737 2681 
5415 2681 2737 2682 
5416 2737 2738 2682 
5417 2682 2738 2683 
5418 2738 2739 2683 
5419 2683 2739 2684 
5420 2739 2740 2684 
5421 2684 2740 2685 
5422 2740 2741 2685 
5423 2685 2741 2686 
5424 2741 2742 2686 
5425 2686 2742 2743 
5426 2686 2743 2687 
5427 2687 2743 2744 
5428 2687 2744 2688 
5429 2688 2744 2745 
5430 2688 2745 2689 
5431 2689 2745 2746 
5432 2689 2746 2690 
5433 2690 2746 2747 
5434 2690 2747 2691 
5435 2691 2747 2748 
5436 2691 2748 2692 
5437 2692 2748 2749 
5438 2692 2749 2693 
5439 2693 2749 2750 
5440 2693 2750 2694 
5441 2694 2750 2751 
5442 2694 2751 2695 
5443 2695 2751 2752 
5444 2695 2752 2696 
5445 2696 2752 2753 
5446 2696 2753 2697 
5447 2697 2753 2754 
5448 2697 2754 2698 
5449 2698 2754 2755 
5450 2698 2755 2699 
5451 2699 2755 2756 
5452 2699 2756 2700 
5453 2700 2756 2701 
5454 2756 2757 2701 
5455 2701 2757 2702 
5456 2757 2758 2702 
5457 2702 2758 2703 
5458 2758 2759 2703 
5459 2703 2759 2704 
5460 2759 2760 2704 
5461 2704 2760 2705 
5462 2760 2761 2705 
5463 2705 2761 2706 
5464 2761 2762 2706 
5465 2706 2762 2707 
5466 2762 2763 2707 
5467 2707 2763 2708 
5468 2763 2764 2708 
5469 2708 2764 2709 
5470 2764 2765 2709 
5471 2709 2765 2710 
5472 2765 2766 2710 
5473 2710 2766 2711 
5474 2766 2767 2711 
5475 2711 2767 2712 
5476 2767 2768 2712 
5477 2712 2768 2713 
5478 2768 2769 2713 
5479 2713 2769 2659 
5480 2769 2715 2659 
5481 2715 2771 2770 
5482 2715 2770 2714 
5483 2714 2770 2772 
5484 2714 2772 2716 
5485 2716 2772 2773 
5486 2716 2773 2717 
5487 2717 2773 2774 
5488 2717 2774 2718 
5489 2718 2774 2775 
5490 2718 2775 2719 
5491 2719 2775 2776 
5492 2719 2776 2720 
5493 2720 2776 2777 
5494 2720 2777 2721 
5495 2721 2777 2778 
5496 2721 2778 2722 
5497 2722 2778 2779 
5498 2722 2779 2723 
5499 2723 2779 2780 
5500 2723 2780 2724 
5501 2724 2780 2781 
5502 2724 2781 2725 
5503 2725 2781 2782 
5504 2725 2782 2726 
5505 2726 2782 2783 
5506 2726 2783 2727 
5507 2727 2783 2784 
5508 2727 2784 2728 
5509 2728 2784 2729 
5510 2784 2785 2729 
5511 2729 2785 2730 
5512 2785 2786 2730 
5513 2730 2786 2731 
5514 2786 2787 2731 
5515 2731 2787 2732 
5516 2787 2788 2732 
5517 2732 2788 2733 
5518 2788 2789 2733 
5519 2733 2789 2734 
5520 2789 2790 2734 
5521 2734 2790 2735 
5522 2790 2791 2735 
5523 2735 2791 2736 
5524 2791 2792 2736 
5525 2736 2792 2737 
5526 2792 2793 2737 
5527 2737 2793 2738 
5528 2793 2794 2738 
5529 2738 2794 2739 
5530 2794 2795 2739 
5531 2739 2795 2740 
5532 2795 2796 2740 
5533 2740 2796 2741 
5534 2796 2797 2741 
5535 2741 2797 2742 
5536 2797 2798 2742 
5537 2742 2798 2799 
5538 2742 2799 2743 
5539 2743 2799 2800 
5540 2743 2800 2744 
5541 2744 2800 2801 
5542 2744 2801 2745 
5543 2745 2801 2802 
5544 2745 2802 2746 
5545 2746 2802 2803 
5546 2746 2803 2747 
5547 2747 2803 2804 
5548 2747 2804 2748 
5549 2748 2804 2805 
5550 2748 2805 2749 
5551 2749 2805 2806 
5552 2749 2806 2750 
5553 2750 2806 2807 
5554 2750 2807 2751 
5555 2751 2807 2808 
5556 2751 2808 2752 
5557 2752 2808 2809 
5558 2752 2809 2753 
5559 2753 2809 2810 
5560 2753 2810 2754 
5561 2754 2810 2811 
5562 2754 2811 2755 
5563 2755 2811 2812 
5564 2755 2812 2756 
5565 2756 2812 2757 
5566 2812 2813 2757 
5567 2757 2813 2758 
5568 2813 2814 2758 
5569 2758 2814 2759 
5570 2814 2815 2759 
5571 2759 2815 2760 
5572 2815 2816 2760 
5573 2760 2816 2761 
5574 2816 2817 2761 
5575 2761 2817 2762 
5576 2817 2818 2762 
5577 2762 2818 2763 
5578 2818 2819 2763 
5579 2763 2819 2764 
5580 2819 2820 2764 
5581 2764 2820 2765 
5582 2820 2821 2765 
5583 2765 2821 2766 
5584 2821 2822 2766 
5585 2766 2822 2767 
5586 2822 2823 2767 
5587 2767 2823 2768 
5588 2823 2824 2768 
5589 2768 2824 2769 
5590 2824 2825 2769 
5591 2769 2825 2715 
5592 2825 2771 2715 
5593 2771 2827 2826 
5594 2771 2826 2770 
5595 2770 2826 2828 
5596 2770 2828 2772 
5597 2772 2828 2829 
5598 2772 2829 2773 
5599 2773 2829 2830 
5600 2773 2830 2774 
5601 2774 2830 2831 
5602 2774 2831 2775 
5603 2775 2831 2832 
5604 2775 2832 2776 
5605 2776 2832 2833 
5606 2776 2833 2777 
5607 2777 2833 2834 
5608 2777 2834 2778 
5609 2778 2834 2835 
5610 2778 2835 2779 
5611 2779 2835 2836 
5612 2779 2836 2780 
5613 2780 2836 2837 
5614 2780 2837 2781 
5615 2781 2837 2838 
5616 2781 2838 2782 
5617 2782 2838 2839 
5618 2782 2839 2783 
5619 2783 2839 2840 
5620 2783 2840 2784 
5621 2784 2840 2785 
5622 2840 2841 2785 
5623 2785 2841 2786 
5624 2841 2842 2786 
5625 2786 2842 2787 
5626 2842 2843 2787 
5627 2787 2843 2788 
5628 2843 2844 2788 
5629 2788 2844 2789 
5630 2844 2845 2789 
5631 2789 2845 2790 
5632 2845 2846 2790 
5633 2790 2846 2791 
5634 2846 2847 2791 
5635 2791 2847 2792 
5636 2847 2848 2792 
5637 2792 2848 2793 
5638 2848 2849 2793 
5639 2793 2849 2794 
5640 2849 2850 2794 
5641 2794 2850 2795 
5642 2850 2851 2795 
5643 2795 2851 2796 
5644 2851 2852 2796 
5645 2796 2852 2797 
5646 2852 2853 2797 
5647 2797 2853 2798 
5648 2853 2854 2798 
5649 2798 2854 2855 
5650 2798 2855 2799 
5651 2799 2855 2856 
5652 2799 2856 2800 
5653 2800 2856 2857 
5654 2800 2857 2801 
5655 2801 2857 2858 
5656 2801 2858 2802 
5657 2802 2858 2859 
5658 2802 2859 2803 
5659 2803 2859 2860 
5660 2803 2860 2804 
5661 2804 2860 2861 
5662 2804 2861 2805 
5663 2805 2861 2862 
5664 2805 2862 2806 
5665 2806 2862 2863 
5666 2806 2863 2807 
5667 2807 2863 2864 
5668 2807 2864 2808 
5669 2808 2864 2865 
5670 2808 2865 2809 
5671 2809 2865 2866 
5672 2809 2866 2810 
5673 2810 2866 2867 
5674 2810 2867 2811 
5675 2811 2867 2868 
5676 2811 2868 2812 
5677 2812 2868 2813 
5678 2868 2869 2813 
5679 2813 2869 2814 
5680 2869 2870 2814 
5681 2814 2870 2815 
5682 2870 2871 2815 
5683 2815 2871 2816 
5684 2871 2872 2816 
5685 2816 2872 2817 
5686 2872 2873 2817 
5687 2817 2873 2818 
5688 2873 2874 2818 
5689 2818 2874 2819 
5690 2874 2875 2819 
5691 2819 2875 2820 
5692 2875 2876 2820 
5693 2820 2876 2821 
5694 2876 2877 2821 
5695 2821 2877 2822 
5696 2877 2878 2822 
5697 2822 2878 2823 
5698 2878 2879 2823 
5699 2823 2879 2824 
5700 2879 2880 2824 
5701 2824 2880 2825 
5702 2880 2881 2825 
5703 2825 2881 2771 
5704 2881 2827 2771 
5705 2827 2883 2882 
5706 2827 2882 2826 
5707 2826 2882 2884 
5708 2826 2884 2828 
5709 2828 2884 2885 
5710 2828 2885 2829 
5711 2829 2885 2886 
5712 2829 2886 2830 
5713 2830 2886 2887 
5714 2830 2887 2831 
5715 2831 2887 2888 
5716 2831 2888 2832 
5717 2832 2888 2889 
5718 2832 2889 2833 
5719 2833 2889 2890 
5720 2833 2890 2834 
5721 2834 2890 2891 
5722 2834 2891 2835 
5723 2835 2891 2892 
5724 2835 2892 2836 
5725 2836 2892 2893 
5726 2836 2893 2837 
5727 2837 2893 2894 
5728 2837 2894 2838 
5729 2838 2894 2895 
5730 2838 2895 2839 
5731 2839 2895 2896 
5732 2839 2896 2840 
5733 2840 2896 2841 
5734 2896 2897 2841 
5735 2841 2897 2842 
5736 2897 2898 2842 
5737 2842 2898 2843 
5738 2898 2899 2843 
5739 2843 2899 2844 
5740 2899 2900 2844 
5741 2844 2900 2845 
5742 2900 2901 2845 
5743 2845 2901 2846 
5744 2901 2902 2846 
5745 2846 2902 2847 
5746 2902 2903 2847 
5747 2847 2903 2848 
5748 2903 2904 2848 
5749 2848 2904 2849 
5750 2904 2905 2849 
5751 2849 2905 2850 
5752 2905 2906 2850 
5753 2850 2906 2851 
5754 2906 2907 2851 
5755 2851 2907 2852 
5756 2907 2908 2852 
5757 2852 2908 2853 
5758 2908 2909 2853 
5759 2853 2909 2854 
5760 2909 2910 2854 
5761 2854 2910 2911 
5762 2854 2911 2855 
5763 2855 2911 2912 
5764 2855 2912 2856 
5765 2856 2912 2913 
5766 2856 2913 2857 
5767 2857 2913 2914 
5768 2857 2914 2858 
5769 2858 2914 2915 
5770 2858 2915 2859 
5771 2859 2915 2916 
5772 2859 2916 2860 
5773 2860 2916 2917 
5774 2860 2917 2861 
5775 2861 2917 2918 
5776 2861 2918 2862 
5777 2862 2918 2919 
5778 2862 2919 2863 
5779 2863 2919 2920 
5780 2863 2920 2864 
5781 2864 2920 2921 
5782 2864 2921 2865 
5783 2865 2921 2922 
5784 2865 2922 2866 
5785 2866 2922 2923 
5786 2866 2923 2867 
5787 2867 2923 2924 
5788 2867 2924 2868 
5789 2868 2924 2869 
5790 2924 2925 2869 
5791 2869 2925 2870 
5792 2925 2926 2870 
5793 2870 2926 2871 
5794 2926 2927 2871 
5795 2871 2927 2872 
5796 2927 2928 2872 
5797 2872 2928 2873 
5798 2928 2929 2873 
5799 2873 2929 2874 
5800 2929 2930 2874 
5801 2874 2930 2875 
5802 2930 2931 2875 
5803 2875 2931 2876 
5804 2931 2932 2876 
5805 2876 2932 2877 
5806 2932 2933 2877 
5807 2877 2933 2878 
5808 2933 2934 2878 
5809 2878 2934 2879 
5810 2934 2935 2879 
5811 2879 2935 2880 
5812 2935 2936 2880 
5813 2880 2936 2881 
5814 2936 2937 2881 
5815 2881 2937 2827 
5816 2937 2883 2827 
5817 2883 2939 2938 
5818 2883 2938 2882 
5819 2882 2938 2940 
5820 2882 2940 2884 
5821 2884 2940 2941 
5822 2884 2941 2885 
5823 2885 2941 2942 
5824 2885 2942 2886 
5825 2886 2942 2943 
5826 2886 2943 2887 
5827 2887 2943 2944 
5828 2887 2944 2888 
5829 2888 2944 2945 
5830 2888 2945 2889 
5831 2889 2945 2946 
5832 2889 2946 2890 
5833 2890 2946 2947 
5834 2890 2947 2891 
5835 2891 2947 2948 
5836 2891 2948 2892 
5837 2892 2948 2949 
5838 2892 2949 2893 
5839 2893 2949 2950 
5840 2893 2950 2894 
5841 2894 2950 2951 
5842 2894 2951 2895 
5843 2895 2951 2952 
5844 2895 2952 2896 
5845 2896 2952 2897 
5846 2952 2953 2897 
5847 2897 2953 2898 
5848 2953 2954 2898 
5849 2898 2954 2899 
5850 2954 2955 2899 
5851 2899 2955 2900 
5852 2955 2956 2900 
5853 2900 2956 2901 
5854 2956 2957 2901 
5855 2901 2957 2902 
5856 2957 2958 2902 
5857 2902 2958 2903 
5858 2958 2959 2903 
5859 2903 2959 2904 
5860 2959 2960 2904 
5861 2904 2960 2905 
5862 2960 2961 2905 
5863 2905 2961 2906 
5864 2961 2962 2906 
5865 2906 2962 2907 
5866 2962 2963 2907 
5867 2907 2963 2908 
5868 2963 2964 2908 
5869 2908 2964 2909 
5870 2964 2965 2909 
5871 2909 2965 2910 
5872 2965 2966 2910 
5873 2910 2966 2967 
5874 2910 2967 2911 
5875 2911 2967 2968 
5876 2911 2968 2912 
5877 2912 2968 2969 
5878 2912 2969 2913 
5879 2913 2969 2970 
5880 2913 2970 2914 
5881 2914 2970 2971 
5882 2914 2971 2915 
5883 2915 2971 2972 
5884 2915 2972 2916 
5885 2916 2972 2973 
5886 2916 2973 2917 
5887 2917 2973 2974 
5888 2917 2974 2918 
5889 2918 2974 2975 
5890 2918 2975 2919 
5891 2919 2975 2976 
5892 2919 2976 2920 
5893 2920 2976 2977 
5894 2920 2977 2921 
5895 2921 2977 2978 
5896 2921 2978 2922 
5897 2922 2978 2979 
5898 2922 2979 2923 
5899 2923 2979 2980 
5900 2923 2980 2924 
5901 2924 2980 2925 
5902 2980 2981 2925 
5903 2925 2981 2926 
5904 2981 2982 2926 
5905 2926 2982 2927 
5906 2982 2983 2927 
5907 2927 2983 2928 
5908 2983 2984 2928 
5909 2928 2984 2929 
5910 2984 2985 2929 
5911 2929 2985 2930 
5912 2985 2986 2930 
5913 2930 2986 2931 
5914 2986 2987 2931 
5915 2931 2987 2932 
5916 2987 2988 2932 
5917 2932 2988 2933 
5918 2988 2989 2933 
5919 2933 2989 2934 
5920 2989 2990 2934 
5921 2934 2990 2935 
5922 2990 2991 2935 
5923 2935 2991 2936 
5924 2991 2992 2936 
5925 2936 2992 2937 
5926 2992 2993 2937 
5927 2937 2993 2883 
5928 2993 2939 2883 
5929 2939 2995 2994 
5930 2939 2994 2938 
5931 2938 2994 2996 
5932 2938 2996 2940 
5933 2940 2996 2997 
5934 2940 2997 2941 
5935 2941 2997 2998 
5936 2941 2998 2942 
5937 2942 2998 2999 
5938 2942 2999 2943 
5939 2943 2999 3000 
5940 2943 3000 2944 
5941 2944 3000 3001 
5942 2944 3001 2945 
5943 2945 3001 3002 
5944 2945 3002 2946 
5945 2946 3002 3003 
5946 2946 3003 2947 
5947 2947 3003 3004 
5948 2947 3004 2948 
5949 2948 3004 3005 
5950 2948 3005 2949 
5951 2949 3005 3006 
5952 2949 3006 2950 
5953 2950 3006 3007 
5954 2950 3007 2951 
5955 2951 3007 3008 
5956 2951 3008 2952 
5957 2952 3008 2953 
5958 3008 3009 2953 
5959 2953 3009 2954 
5960 3009 3010 2954 
5961 2954 3010 2955 
5962 3010 3011 2955 
5963 2955 3011 2956 
5964 3011 3012 2956 
5965 2956 3012 2957 
5966 3012 3013 2957 
5967 2957 3013 2958 
5968 3013 3014 2958 
5969 2958 3014 2959 
5970 3014 3015 2959 
5971 2959 3015 2960 
5972 3015 3016 2960 
5973 2960 3016 2961 
5974 3016 3017 2961 
5975 2961 3017 2962 
5976 3017 3018 2962 
5977 2962 3018 2963 
5978 3018 3019 2963 
5979 2963 3019 2964 
5980 3019 3020 2964 
5981 2964 3020 2965 
5982 3020 3021 2965 
5983 2965 3021 2966 
5984 3021 3022 2966 
5985 2966 3022 3023 
5986 2966 3023 2967 
5987 2967 3023 3024 
5988 2967 3024 2968 
5989 2968 3024 3025 
5990 2968 3025 2969 
5991 2969 3025 3026 
5992 2969 3026 2970 
5993 2970 3026 3027 
5994 2970 3027 2971 
5995 2971 3027 3028 
5996 2971 3028 2972 
5997 2972 3028 3029 
5998 2972 3029 2973 
5999 2973 3029 3030 
6000 2973 3030 2974 
6001 2974 3030 3031 
6002 2974 3031 2975 
6003 2975 3031 3032 
6004 2975 3032 2976 
6005 2976 3032 3033 
6006 2976 3033 2977 
6007 2977 3033 3034 
6008 2977 3034 2978 
6009 2978 3034 3035 
6010 2978 3035 2979 
6011 2979 3035 3036 
6012 2979 3036 2980 
6013 2980 3036 2981 
6014 3036 3037 2981 
6015 2981 3037 2982 
6016 3037 3038 2982 
6017 2982 3038 2983 
6018 3038 3039 2983 
6019 2983 3039 2984 
6020 3039 3040 2984 
6021 2984 3040 2985 
6022 3040 3041 2985 
6023 2985 3041 2986 
6024 3041 3042 2986 
6025 2986 3042 2987 
6026 3042 3043 2987 
6027 2987 3043 2988 
6028 3043 3044 2988 
6029 2988 3044 2989 
6030 3044 3045 2989 
6031 2989 3045 2990 
6032 3045 3046 2990 
6033 2990 3046 2991 
6034 3046 3047 2991 
6035 2991 3047 2992 
6036 3047 3048 2992 
6037 2992 3048 2993 
6038 3048 3049 2993 
6039 2993 3049 2939 
6040 3049 2995 2939 
6041 2995 3051 3050 
6042 2995 3050 2994 
6043 2994 3050 3052 
6044 2994 3052 2996 
6045 2996 3052 3053 
6046 2996 3053 2997 
6047 2997 3053 3054 
6048 2997 3054 2998 
6049 2998 3054 3055 
6050 2998 3055 2999 
6051 2999 3055 3056 
6052 2999 3056 3000 
6053 3000 3056 3057 
6054 3000 3057 3001 
6055 3001 3057 3058 
6056 3001 3058 3002 
6057 3002 3058 3059 
6058 3002 3059 3003 
6059 3003 3059 3060 
6060 3003 3060 3004 
6061 3004 3060 3061 
6062 3004 3061 3005 
6063 3005 3061 3062 
6064 3005 3062 3006 
6065 3006 3062 3063 
6066 3006 3063 3007 
6067 3007 3063 3064 
6068 3007 3064 3008 
6069 3008 3064 3009 
6070 3064 3065 3009 
6071 3009 3065 3010 
6072 3065 3066 3010 
6073 3010 3066 3011 
6074 3066 3067 3011 
6075 3011 3067 3012 
6076 3067 3068 3012 
6077 3012 3068 3013 
6078 3068 3069 3013 
6079 3013 3069 3014 
6080 3069 3070 3014 
6081 3014 3070 3015 
6082 3070 3071 3015 
6083 3015 3071 3016 
6084 3071 3072 3016 
6085 3016 3072 3017 
6086 3072 3073 3017 
6087 3017 3073 3018 
6088 3073 3074 3018 
6089 3018 3074 3019 
6090 3074 3075 3019 
6091 3019 3075 3020 
6092 3075 3076 3020 
6093 3020 3076 3021 
6094 3076 3077 3021 
6095 3021 3077 3022 
6096 3077 3078 3022 
6097 3022 3078 3079 
6098 3022 3079 3023 
6099 3023 3079 3080 
6100 3023 3080 3024 
6101 3024 3080 3081 
6102 3024 3081 3025 
6103 3025 3081 3082 
6104 3025 3082 3026 
6105 3026 3082 3083 
6106 3026 3083 3027 
6107 3027 3083 3084 
6108 3027 3084 3028 
6109 3028 3084 3085 
6110 3028 3085 3029 
6111 3029 3085 3086 
6112 3029 3086 3030 
6113 3030 3086 3087 
6114 3030 3087 3031 
6115 3031 3087 3088 
6116 3031 3088 3032 
6117 3032 3088 3089 
6118 3032 3089 3033 
6119 3033 3089 3090 
6120 3033 3090 3034 
6121 3034 3090 3091 
6122 3034 3091 3035 
6123 3035 3091 3092 
6124 3035 3092 3036 
6125 3036 3092 3037 
6126 3092 3093 3037 
6127 3037 3093 3038 
6128 3093 3094 3038 
6129 3038 3094 3039 
6130 3094 3095 3039 
6131 3039 3095 3040 
6132 3095 3096 3040 
6133 3040 3096 3041 
6134 3096 3097 3041 
6135 3041 3097 3042 
6136 3097 3098 3042 
6137 3042 3098 3043 
6138 3098 3099 3043 
6139 3043 3099 3044 
6140 3099 3100 3044 
6141 3044 3100 3045 
6142 3100 3101 3045 
6143 3045 3101 3046 
6144 3101 3102 3046 
6145 3046 3102 3047 
6146 3102 3103 3047 
6147 3047 3103 3048 
6148 3103 3104 3048 
6149 3048 3104 3049 
6150 3104 3105 3049 
6151 3049 3105 2995 
6152 3105 3051 2995 
6153 3051 3107 3106 
6154 3051 3106 3050 
6155 3050 3106 3108 
6156 3050 3108 3052 
6157 3052 3108 3109 
6158 3052 3109 3053 
6159 3053 3109 3110 
6160 3053 3110 3054 
6161 3054 3110 3111 
6162 3054 3111 3055 
6163 3055 3111 3112 
6164 3055 3112 3056 
6165 3056 3112 3113 
6166 3056 3113 3057 
6167 3057 3113 3114 
6168 3057 3114 3058 
6169 3058 3114 3115 
6170 3058 3115 3059 
6171 3059 3115 3116 
6172 3059 3116 3060 
6173 3060 3116 3117 
6174 3060 3117 3061 
6175 3061 3117 3118 
6176 3061 3118 3062 
6177 3062 3118 3119 
6178 3062 3119 3063 
6179 3063 3119 3120 
6180 3063 3120 3064 
6181 3064 3120 3065 
6182 3120 3121 3065 
6183 3065 3121 3066 
6184 3121 3122 3066 
6185 3066 3122 3067 
6186 3122 3123 3067 
6187 3067 3123 3068 
6188 3123 3124 3068 
6189 3068 3124 3069 
6190 3124 3125 3069 
6191 3069 3125 3070 
6192 3125 3126 3070 
6193 3070 3126 3071 
6194 3126 3127 3071 
6195 3071 3127 3072 
6196 3127 3128 3072 
6197 3072 3128 3073 
6198 3128 3129 3073 
6199 3073 3129 3074 
6200 3129 3130 3074 
6201 3074 3130 3075 
6202 3130 3131 3075 
6203 3075 3131 3076 
6204 3131 3132 3076 
6205 3076 3132 3077 
6206 3132 3133 3077 
6207 3077 3133 3078 
6208 3133 3134 3078 
6209 3078 3134 3135 
6210 3078 3135 3079 
6211 3079 3135 3136 
6212 3079 3136 3080 
6213 3080 3136 3137 
6214 3080 3137 3081 
6215 3081 3137 3138 
6216 3081 3138 3082 
6217 3082 3138 3139 
6218 3082 3139 3083 
6219 3083 3139 3140 
6220 3083 3140 3084 
6221 3084 3140 3141 
6222 3084 3141 3085 
6223 3085 3141 3142 
6224 3085 3142 3086 
6225 3086 3142 3143 
6226 3086 3143 3087 
6227 3087 3143 3144 
6228 3087 3144 3088 
6229 3088 3144 3145 
6230 3088 3145 3089 
6231 3089 3145 3146 
6232 3089 3146 3090 
6233 3090 3146 3147 
6234 3090 3147 3091 
6235 3091 3147 3148 
6236 3091 3148 3092 
6237 3092 3148 3093 
6238 3148 3149 3093 
6239 3093 3149 3094 
6240 3149 3150 3094 
6241 3094 3150 3095 
6242 3150 3151 3095 
6243 3095 3151 3096 
6244 3151 3152 3096 
6245 3096 3152 3097 
6246 3152 3153 3097 
6247 3097 3153 3098 
6248 3153 3154 3098 
6249 3098 3154 3099 
6250 3154 3155 3099 
6251 3099 3155 3100 
6252 3155 3156 3100 
6253 3100 3156 3101 
6254 3156 3157 3101 
6255 3101 3157 3102 
6256 3157 3158 3102 
6257 3102 3158 3103 
6258 3158 3159 3103 
6259 3103 3159 3104 
6260 3159 3160 3104 
6261 3104 3160 3105 
6262 3160 3161 3105 
6263 3105 3161 3051 
6264 3161 3107 3051 
6265 3107 3163 3162 
6266 3107 3162 3106 
6267 3106 3162 3164 
6268 3106 3164 3108 
6269 3108 3164 3165 
6270 3108 3165 3109 
6271 3109 3165 3166 
6272 3109 3166 3110 
6273 3110 3166 3167 
6274 3110 3167 3111 
6275 3111 3167 3168 
6276 3111 3168 3112 
6277 3112 3168 3169 
6278 3112 3169 3113 
6279 3113 3169 3170 
6280 3113 3170 3114 
6281 3114 3170 3171 
6282 3114 3171 3115 
6283 3115 3171 3172 
6284 3115 3172 3116 
6285 3116 3172 3173 
6286 3116 3173 3117 
6287 3117 3173 3174 
6288 3117 3174 3118 
6289 3118 3174 3175 
6290 3118 3175 3119 
6291 3119 3175 3176 
6292 3119 3176 3120 
6293 3120 3176 3121 
6294 3176 3177 3121 
6295 3121 3177 3122 
6296 3177 3178 3122 
6297 3122 3178 3123 
6298 3178 3179 3123 
6299 3123 3179 3124 
6300 3179 3180 3124 
6301 3124 3180 3125 
6302 3180 3181 3125 
6303 3125 3181 3126 
6304 3181 3182 3126 
6305 3126 3182 3127 
6306 3182 3183 3127 
6307 3127 3183 3128 
6308 3183 3184 3128 
6309 3128 3184 3129 
6310 3184 3185 3129 
6311 3129 3185 3130 
6312 3185 3186 3130 
6313 3130 3186 3131 
6314 3186 3187 3131 
6315 3131 3187 3132 
6316 3187 3188 3132 
6317 3132 3188 3133 
6318 3188 3189 3133 
6319 3133 3189 3134 
6320 3189 3190 3134 
6321 3134 3190 3191 
6322 3134 3191 3135 
6323 3135 3191 3192 
6324 3135 3192 3136 
6325 3136 3192 3193 
6326 3136 3193 3137 
6327 3137 3193 3194 
6328 3137 3194 3138 
6329 3138 3194 3195 
6330 3138 3195 3139 
6331 3139 3195 3196 
6332 3139 3196 3140 
6333 3140 3196 3197 
6334 3140 3197 3141 
6335 3141 3197 3198 
6336 3141 3198 3142 
6337 3142 3198 3199 
6338 3142 3199 3143 
6339 3143 3199 3200 
6340 3143 3200 3144 
6341 3144 3200 3201 
6342 3144 3201 3145 
6343 3145 3201 3202 
6344 3145 3202 3146 
6345 3146 3202 3203 
6346 3146 3203 3147 
6347 3147 3203 3204 
6348 3147 3204 3148 
6349 3148 3204 3149 
6350 3204 3205 3149 
6351 3149 3205 3150 
6352 3205 3206 3150 
6353 3150 3206 3151 
6354 3206 3207 3151 
6355 3151 3207 3152 
6356 3207 3208 3152 
6357 3152 3208 3153 
6358 3208 3209 3153 
6359 3153 3209 3154 
6360 3209 3210 3154 
6361 3154 3210 3155 
6362 3210 3211 3155 
6363 3155 3211 3156 
6364 3211 3212 3156 
6365 3156 3212 3157 
6366 3212 3213 3157 
6367 3157 3213 3158 
6368 3213 3214 3158 
6369 3158 3214 3159 
6370 3214 3215 3159 
6371 3159 3215 3160 
6372 3215 3216 3160 
6373 3160 3216 3161 
6374 3216 3217 3161 
6375 3161 3217 3107 
6376 3217 3163 3107 
6377 3163 3219 3218 
6378 3163 3218 3162 
6379 3162 3218 3220 
6380 3162 3220 3164 
6381 3164 3220 3221 
6382 3164 3221 3165 
6383 3165 3221 3222 
6384 3165 3222 3166 
6385 3166 3222 3223 
6386 3166 3223 3167 
6387 3167 3223 3224 
6388 3167 3224 3168 
6389 3168 3224 3225 
6390 3168 3225 3169 
6391 3169 3225 3226 
6392 3169 3226 3170 
6393 3170 3226 3227 
6394 3170 3227 3171 
6395 3171 3227 3228 
6396 3171 3228 3172 
6397 3172 3228 3229 
6398 3172 3229 3173 
6399 3173 3229 3230 
6400 3173 3230 3174 
6401 3174 3230 3231 
6402 3174 3231 3175 
6403 3175 3231 3232 
6404 3175 3232 3176 
6405 3176 3232 3177 
6406 3232 3233 3177 
6407 3177 3233 3178 
6408 3233 3234 3178 
6409 3178 3234 3179 
6410 3234 3235 3179 
6411 3179 3235 3180 
6412 3235 3236 3180 
6413 3180 3236 3181 
6414 3236 3237 3181 
6415 3181 3237 3182 
6416 3237 3238 3182 
6417 3182 3238 3183 
6418 3238 3239 3183 
6419 3183 3239 3184 
6420 3239 3240 3184 
6421 3184 3240 3185 
6422 3240 3241 3185 
6423 3185 3241 3186 
6424 3241 3242 3186 
6425 3186 3242 3187 
6426 3242 3243 3187 
6427 3187 3243 3188 
6428 3243 3244 3188 
6429 3188 3244 3189 
6430 3244 3245 3189 
6431 3189 3245 3190 
6432 3245 3246 3190 
6433 3190 3246 3247 
6434 3190 3247 3191 
6435 3191 3247 3248 
6436 3191 3248 3192 
6437 3192 3248 3249 
6438 3192 3249 3193 
6439 3193 3249 3250 
6440 3193 3250 3194 
6441 3194 3250 3251 
6442 3194 3251 3195 
6443 3195 3251 3252 
6444 3195 3252 3196 
6445 3196 3252 3253 
6446 3196 3253 3197 
6447 3197 3253 3254 
6448 3197 3254 3198 
6449 3198 3254 3255 
6450 3198 3255 3199 
6451 3199 3255 3256 
6452 3199 3256 3200 
6453 3200 3256 3257 
6454 3200 3257 3201 
6455 3201 3257 3258 
6456 3201 3258 3202 
6457 3202 3258 3259 
6458 3202 3259 3203 
6459 3203 3259 3260 
6460 3203 3260 3204 
6461 3204 3260 3205 
6462 3260 3261 3205 
6463 3205 3261 3206 
6464 3261 3262 3206 
6465 3206 3262 3207 
6466 3262 3263 3207 
6467 3207 3263 3208 
6468 3263 3264 3208 
6469 3208 3264 3209 
6470 3264 3265 3209 
6471 3209 3265 3210 
6472 3265 3266 3210 
6473 3210 3266 3211 
6474 3266 3267 3211 
6475 3211 3267 3212 
6476 3267 3268 3212 
6477 3212 3268 3213 
6478 3268 3269 3213 
6479 3213 3269 3214 
6480 3269 3270 3214 
6481 3214 3270 3215 
6482 3270 3271 3215 
6483 3215 3271 3216 
6484 3271 3272 3216 
6485 3216 3272 3217 
6486 3272 3273 3217 
6487 3217 3273 3163 
6488 3273 3219 3163 
6489 3219 3274 3218 
6490 3218 3274 3275 
6491 3218 3275 3220 
6492 3220 3275 3276 
6493 3220 3276 3221 
6494 3221 3276 3277 
6495 3221 3277 3222 
6496 3222 3277 3278 
6497 3222 3278 3223 
6498 3223 3278 3279 
6499 3223 3279 3224 
6500 3224 3279 3280 
6501 3224 3280 3225 
6502 3225 3280 3281 
6503 3225 3281 3226 
6504 3226 3281 3282 
6505 3226 3282 3227 
6506 3227 3282 3283 
6507 3227 3283 3228 
6508 3228 3283 3284 
6509 3228 3284 3229 
6510 3229 3284 3285 
6511 3229 3285 3230 
6512 3230 3285 3286 
6513 3230 3286 3231 
6514 3231 3286 3287 
6515 3231 3287 3232 
6516 3232 3287 3233 
6517 3287 3288 3233 
6518 3233 3288 3234 
6519 3288 3289 3234 
6520 3234 3289 3235 
6521 3289 3290 3235 
6522 3235 3290 3236 
6523 3290 3291 3236 
6524 3236 3291 3237 
6525 3291 3292 3237 
6526 3237 3292 3238 
6527 3292 3293 3238 
6528 3238 3293 3239 
6529 3293 3294 3239 
6530 3239 3294 3240 
6531 3294 3295 3240 
6532 3240 3295 3241 
6533 3295 3296 3241 
6534 3241 3296 3242 
6535 3296 3297 3242 
6536 3242 3297 3243 
6537 3297 3298 3243 
6538 3243 3298 3244 
6539 3298 3299 3244 
6540 3244 3299 3245 
6541 3299 3300 3245 
6542 3245 3300 3246 
6543 3246 3301 3247 
6544 3247 3301 3302 
6545 3247 3302 3248 
6546 3248 3302 3303 
6547 3248 3303 3249 
6548 3249 3303 3304 
6549 3249 3304 3250 
6550 3250 3304 3305 
6551 3250 3305 3251 
6552 3251 3305 3306 
6553 3251 3306 3252 
6554 3252 3306 3307 
6555 3252 3307 3253 
6556 3253 3307 3308 
6557 3253 3308 3254 
6558 3254 3308 3309 
6559 3254 3309 3255 
6560 3255 3309 3310 
6561 3255 3310 3256 
6562 3256 3310 3311 
6563 3256 3311 3257 
6564 3257 3311 3312 
6565 3257 3312 3258 
6566 3258 3312 3313 
6567 3258 3313 3259 
6568 3259 3313 3314 
6569 3259 3314 3260 
6570 3260 3314 3261 
6571 3314 3315 3261 
6572 3261 3315 3262 
6573 3315 3316 3262 
6574 3262 3316 3263 
6575 3316 3317 3263 
6576 3263 3317 3264 
6577 3317 3318 3264 
6578 3264 3318 3265 
6579 3318 3319 3265 
6580 3265 3319 3266 
6581 3319 3320 3266 
6582 3266 3320 3267 
6583 3320 3321 3267 
6584 3267 3321 3268 
6585 3321 3322 3268 
6586 3268 3322 3269 
6587 3322 3323 3269 
6588 3269 3323 3270 
6589 3323 3324 3270 
6590 3270 3324 3271 
6591 3324 3325 3271 
6592 3271 3325 3272 
6593 3325 3326 3272 
6594 3272 3326 3273 
6595 3326 3327 3273 
6596 3273 3327 3219 
6597 3219 3328 3274 
6598 3274 3328 3329 
6599 3274 3329 3275 
6600 3275 3329 3330 
6601 3275 3330 3276 
6602 3276 3330 3331 
6603 3276 3331 3277 
6604 3277 3331 3332 
6605 3277 3332 3278 
6606 3278 3332 3333 
6607 3278 3333 3279 
6608 3279 3333 3334 
6609 3279 3334 3280 
6610 3280 3334 3335 
6611 3280 3335 3281 
6612 3281 3335 3336 
6613 3281 3336 3282 
6614 3282 3336 3337 
6615 3282 3337 3283 
6616 3283 3337 3338 
6617 3283 3338 3284 
6618 3284 3338 3339 
6619 3284 3339 3285 
6620 3285 3339 3340 
6621 3285 3340 3286 
6622 3286 3340 3341 
6623 3286 3341 3287 
6624 3287 3341 3288 
6625 3341 3342 3288 
6626 3288 3342 3289 
6627 3342 3343 3289 
6628 3289 3343 3290 
6629 3343 3344 3290 
6630 3290 3344 3291 
6631 3344 3345 3291 
6632 3291 3345 3292 
6633 3345 3346 3292 
6634 3292 3346 3293 
6635 3346 3347 3293 
6636 3293 3347 3294 
6637 3347 3348 3294 
6638 3294 3348 3295 
6639 3348 3349 3295 
6640 3295 3349 3296 
6641 3349 3350 3296 
6642 3296 3350 3297 
6643 3350 3351 3297 
6644 3297 3351 3298 
6645 3351 3352 3298 
6646 3298 3352 3299 
6647 3352 3353 3299 
6648 3299 3353 3300 
6649 3353 3354 3300 
6650 3300 3354 3246 
6651 3246 3354 3301 
6652 3301 3354 3353 
6653 3301 3353 3302 
6654 3302 3353 3352 
6655 3302 3352 3303 
6656 3303 3352 3351 
6657 3303 3351 3304 
6658 3304 3351 3350 
6659 3304 3350 3305 
6660 3305 3350 3349 
6661 3305 3349 3306 
6662 3306 3349 3348 
6663 3306 3348 3307 
6664 3307 3348 3347 
6665 3307 3347 3308 
6666 3308 3347 3346 
6667 3308 3346 3309 
6668 3309 3346 3345 
6669 3309 3345 3310 
6670 3310 3345 3344 
6671 3310 3344 3311 
6672 3311 3344 3343 
6673 3311 3343 3312 
6674 3312 3343 3342 
6675 3312 3342 3313 
6676 3313 3342 3341 
6677 3313 3341 3314 
6678 3314 3341 3315 
6679 3341 3340 3315 
6680 3315 3340 3316 
6681 3340 3339 3316 
6682 3316 3339 3317 
6683 3339 3338 3317 
6684 3317 3338 3318 
6685 3338 3337 3318 
6686 3318 3337 3319 
6687 3337 3336 3319 
6688 3319 3336 3320 
6689 3336 3335 3320 
6690 3320 3335 3321 
6691 3335 3334 3321 
6692 3321 3334 3322 
6693 3334 3333 3322 
6694 3322 3333 3323 
6695 3333 3332 3323 
6696 3323 3332 3324 
6697 3332 3331 3324 
6698 3324 3331 3325 
6699 3331 3330 3325 
6700 3325 3330 3326 
6701 3330 3329 3326 
6702 3326 3329 3327 
6703 3329 3328 3327 
6704 3327 3328 3219 
6705 3355 3357 3356 
6706 3356 3357 3358 
6707 3357 3359 3358 
6708 3358 3359 3360 
6709 3359 3361 3360 
6710 3360 3361 3362 
6711 3361 3363 3362 
6712 3362 3363 3364 
6713 3363 3365 3364 
6714 3364 3365 3366 
6715 3365 3367 3366 
6716 3366 3367 3368 
6717 3367 3369 3368 
6718 3368 3369 3370 
6719 3369 3371 3370 
6720 3370 3371 3372 
6721 3371 3373 3372 
6722 3372 3373 3374 
6723 3373 3375 3374 
6724 3374 3375 3376 
6725 3375 3377 3376 
6726 3376 3377 3378 
6727 3377 3379 3378 
6728 3378 3379 3380 
6729 3379 3381 3380 
6730 3380 3381 3382 
6731 3381 3383 3382 
6732 3382 3383 3384 
6733 3382 3384 3385 
6734 3385 3384 3386 
6735 3385 3386 3387 
6736 3387 3386 3388 
6737 3387 3388 3389 
6738 3389 3388 3390 
6739 3389 3390 3391 
6740 3391 3390 3392 
6741 3391 3392 3393 
6742 3393 3392 3394 
6743 3393 3394 3395 
6744 3395 3394 3396 
6745 3395 3396 3397 
6746 3397 3396 3398 
6747 3397 3398 3399 
6748 3399 3398 3400 
6749 3399 3400 3401 
6750 3401 3400 3402 
6751 3401 3402 3403 
6752 3403 3402 3404 
6753 3403 3404 3405 
6754 3405 3404 3406 
6755 3405 3406 3407 
6756 3407 3406 3408 
6757 3407 3408 3409 
6758 3409 3408 3410 
6759 3410 3411 3409 
6760 3409 3411 3407 
6761 3411 3412 3407 
6762 3407 3412 3405 
6763 3412 3413 3405 
6764 3405 3413 3403 
6765 3413 3414 3403 
6766 3403 3414 3401 
6767 3414 3415 3401 
6768 3401 3415 3399 
6769 3415 3416 3399 
6770 3399 3416 3397 
6771 3416 3417 3397 
6772 3397 3417 3395 
6773 3417 3418 3395 
6774 3395 3418 3393 
6775 3418 3419 3393 
6776 3393 3419 3391 
6777 3419 3420 3391 
6778 3391 3420 3389 
6779 3420 3421 3389 
6780 3389 3421 3387 
6781 3421 3422 3387 
6782 3387 3422 3385 
6783 3422 3423 3385 
6784 3385 3423 3382 
6785 3423 3424 3382 
6786 3382 3424 3425 
6787 3382 3425 3380 
6788 3380 3425 3426 
6789 3380 3426 3378 
6790 3378 3426 3427 
6791 3378 3427 3376 
6792 3376 3427 3428 
6793 3376 3428 3374 
6794 3374 3428 3429 
6795 3374 3429 3372 
6796 3372 3429 3430 
6797 3372 3430 3370 
6798 3370 3430 3431 
6799 3370 3431 3368 
6800 3368 3431 3432 
6801 3368 3432 3366 
6802 3366 3432 3433 
6803 3366 3433 3364 
6804 3364 3433 3434 
6805 3364 3434 3362 
6806 3362 3434 3435 
6807 3362 3435 3360 
6808 3360 3435 3436 
6809 3360 3436 3358 
6810 3358 3436 3437 
6811 3358 3437 3356 
6812 3356 3437 3355 
6813 3355 3438 3357 
6814 3357 3438 3359 
6815 3438 3439 3359 
6816 3359 3439 3361 
6817 3439 3440 3361 
6818 3361 3440 3363 
6819 3440 3441 3363 
6820 3363 3441 3365 
6821 3441 3442 3365 
6822 3365 3442 3367 
6823 3442 3443 3367 
6824 3367 3443 3369 
6825 3443 3444 3369 
6826 3369 3444 3371 
6827 3444 3445 3371 
6828 3371 3445 3373 
6829 3445 3446 3373 
6830 3373 3446 3375 
6831 3446 3447 3375 
6832 3375 3447 3377 
6833 3447 3448 3377 
6834 3377 3448 3379 
6835 3448 3449 3379 
6836 3379 3449 3381 
6837 3449 3450 3381 
6838 3381 3450 3383 
6839 3450 3451 3383 
6840 3383 3451 3452 
6841 3383 3452 3384 
6842 3384 3452 3453 
6843 3384 3453 3386 
6844 3386 3453 3454 
6845 3386 3454 3388 
6846 3388 3454 3455 
6847 3388 3455 3390 
6848 3390 3455 3456 
6849 3390 3456 3392 
6850 3392 3456 3457 
6851 3392 3457 3394 
6852 3394 3457 3458 
6853 3394 3458 3396 
6854 3396 3458 3459 
6855 3396 3459 3398 
6856 3398 3459 3460 
6857 3398 3460 3400 
6858 3400 3460 3461 
6859 3400 3461 3402 
6860 3402 3461 3462 
6861 3402 3462 3404 
6862 3404 3462 3463 
6863 3404 3463 3406 
6864 3406 3463 3464 
6865 3406 3464 3408 
6866 3408 3464 3410 
6867 3410 3465 3411 
6868 3411 3465 3412 
6869 3465 3466 3412 
6870 3412 3466 3413 
6871 3466 3467 3413 
6872 3413 3467 3414 
6873 3467 3468 3414 
6874 3414 3468 3415 
6875 3468 3469 3415 
6876 3415 3469 3416 
6877 3469 3470 3416 
6878 3416 3470 3417 
6879 3470 3471 3417 
6880 3417 3471 3418 
6881 3471 3472 3418 
6882 3418 3472 3419 
6883 3472 3473 3419 
6884 3419 3473 3420 
6885 3473 3474 3420 
6886 3420 3474 3421 
6887 3474 3475 3421 
6888 3421 3475 3422 
6889 3475 3476 3422 
6890 3422 3476 3423 
6891 3476 3477 3423 
6892 3423 3477 3424 
6893 3477 3478 3424 
6894 3424 3478 3479 
6895 3424 3479 3425 
6896 3425 3479 3480 
6897 3425 3480 3426 
6898 3426 3480 3481 
6899 3426 3481 3427 
6900 3427 3481 3482 
6901 3427 3482 3428 
6902 3428 3482 3483 
6903 3428 3483 3429 
6904 3429 3483 3484 
6905 3429 3484 3430 
6906 3430 3484 3485 
6907 3430 3485 3431 
6908 3431 3485 3486 
6909 3431 3486 3432 
6910 3432 3486 3487 
6911 3432 3487 3433 
6912 3433 3487 3488 
6913 3433 3488 3434 
6914 3434 3488 3489 
6915 3434 3489 3435 
6916 3435 3489 3490 
6917 3435 3490 3436 
6918 3436 3490 3491 
6919 3436 3491 3437 
6920 3437 3491 3355 
6921 3355 3492 3438 
6922 3492 3493 3438 
6923 3438 3493 3439 
6924 3493 3494 3439 
6925 3439 3494 3440 
6926 3494 3495 3440 
6927 3440 3495 3441 
6928 3495 3496 3441 
6929 3441 3496 3442 
6930 3496 3497 3442 
6931 3442 3497 3443 
6932 3497 3498 3443 
6933 3443 3498 3444 
6934 3498 3499 3444 
6935 3444 3499 3445 
6936 3499 3500 3445 
6937 3445 3500 3446 
6938 3500 3501 3446 
6939 3446 3501 3447 
6940 3501 3502 3447 
6941 3447 3502 3448 
6942 3502 3503 3448 
6943 3448 3503 3449 
6944 3503 3504 3449 
6945 3449 3504 3450 
6946 3504 3505 3450 
6947 3450 3505 3451 
6948 3505 3506 3451 
6949 3451 3506 3507 
6950 3451 3507 3452 
6951 3452 3507 3508 
6952 3452 3508 3453 
6953 3453 3508 3509 
6954 3453 3509 3454 
6955 3454 3509 3510 
6956 3454 3510 3455 
6957 3455 3510 3511 
6958 3455 3511 3456 
6959 3456 3511 3512 
6960 3456 3512 3457 
6961 3457 3512 3513 
6962 3457 3513 3458 
6963 3458 3513 3514 
6964 3458 3514 3459 
6965 3459 3514 3515 
6966 3459 3515 3460 
6967 3460 3515 3516 
6968 3460 3516 3461 
6969 3461 3516 3517 
6970 3461 3517 3462 
6971 3462 3517 3518 
6972 3462 3518 3463 
6973 3463 3518 3519 
6974 3463 3519 3464 
6975 3464 3519 3520 
6976 3464 3520 3410 
6977 3410 3520 3465 
6978 3520 3521 3465 
6979 3465 3521 3466 
6980 3521 3522 3466 
6981 3466 3522 3467 
6982 3522 3523 3467 
6983 3467 3523 3468 
6984 3523 3524 3468 
6985 3468 3524 3469 
6986 3524 3525 3469 
6987 3469 3525 3470 
6988 3525 3526 3470 
6989 3470 3526 3471 
6990 3526 3527 3471 
6991 3471 3527 3472 
6992 3527 3528 3472 
6993 3472 3528 3473 
6994 3528 3529 3473 
6995 3473 3529 3474 
6996 3529 3530 3474 
6997 3474 3530 3475 
6998 3530 3531 3475 
6999 3475 3531 3476 
7000 3531 3532 3476 
7001 3476 3532 3477 
7002 3532 3533 3477 
7003 3477 3533 3478 
7004 3533 3534 3478 
7005 3478 3534 3535 
7006 3478 3535 3479 
7007 3479 3535 3536 
7008 3479 3536 3480 
7009 3480 3536 3537 
7010 3480 3537 3481 
7011 3481 3537 3538 
7012 3481 3538 3482 
7013 3482 3538 3539 
7014 3482 3539 3483 
7015 3483 3539 3540 
7016 3483 3540 3484 
7017 3484 3540 3541 
7018 3484 3541 3485 
7019 3485 3541 3542 
7020 3485 3542 3486 
7021 3486 3542 3543 
7022 3486 3543 3487 
7023 3487 3543 3544 
7024 3487 3544 3488 
7025 3488 3544 3545 
7026 3488 3545 3489 
7027 3489 3545 3546 
7028 3489 3546 3490 
7029 3490 3546 3547 
7030 3490 3547 3491 
7031 3491 3547 3492 
7032 3491 3492 3355 
7033 3492 3548 3493 
7034 3548 3549 3493 
7035 3493 3549 3494 
7036 3549 3550 3494 
7037 3494 3550 3495 
7038 3550 3551 3495 
7039 3495 3551 3496 
7040 3551 3552 3496 
7041 3496 3552 3497 
7042 3552 3553 3497 
7043 3497 3553 3498 
7044 3553 3554 3498 
7045 3498 3554 3499 
7046 3554 3555 3499 
7047 3499 3555 3500 
7048 3555 3556 3500 
7049 3500 3556 3501 
7050 3556 3557 3501 
7051 3501 3557 3502 
7052 3557 3558 3502 
7053 3502 3558 3503 
7054 3558 3559 3503 
7055 3503 3559 3504 
7056 3559 3560 3504 
7057 3504 3560 3505 
7058 3560 3561 3505 
7059 3505 3561 3506 
7060 3561 3562 3506 
7061 3506 3562 3563 
7062 3506 3563 3507 
7063 3507 3563 3564 
7064 3507 3564 3508 
7065 3508 3564 3565 
7066 3508 3565 3509 
7067 3509 3565 3566 
7068 3509 3566 3510 
7069 3510 3566 3567 
7070 3510 3567 3511 
7071 3511 3567 3568 
7072 3511 3568 3512 
7073 3512 3568 3569 
7074 3512 3569 3513 
7075 3513 3569 3570 
7076 3513 3570 3514 
7077 3514 3570 3571 
7078 3514 3571 3515 
7079 3515 3571 3572 
7080 3515 3572 3516 
7081 3516 3572 3573 
7082 3516 3573 3517 
7083 3517 3573 3574 
7084 3517 3574 3518 
7085 3518 3574 3575 
7086 3518 3575 3519 
7087 3519 3575 3576 
7088 3519 3576 3520 
7089 3520 3576 3521 
7090 3576 3577 3521 
7091 3521 3577 3522 
7092 3577 3578 3522 
7093 3522 3578 3523 
7094 3578 3579 3523 
7095 3523 3579 3524 
7096 3579 3580 3524 
7097 3524 3580 3525 
7098 3580 3581 3525 
7099 3525 3581 3526 
7100 3581 3582 3526 
7101 3526 3582 3527 
7102 3582 3583 3527 
7103 3527 3583 3528 
7104 3583 3584 3528 
7105 3528 3584 3529 
7106 3584 3585 3529 
7107 3529 3585 3530 
7108 3585 3586 3530 
7109 3530 3586 3531 
7110 3586 3587 3531 
7111 3531 3587 3532 
7112 3587 3588 3532 
7113 3532 3588 3533 
7114 3588 3589 3533 
7115 3533 3589 3534 
7116 3589 3590 3534 
7117 3534 3590 3591 
7118 3534 3591 3535 
7119 3535 3591 3592 
7120 3535 3592 3536 
7121 3536 3592 3593 
7122 3536 3593 3537 
7123 3537 3593 3594 
7124 3537 3594 3538 
7125 3538 3594 3595 
7126 3538 3595 3539 
7127 3539 3595 3596 
7128 3539 3596 3540 
7129 3540 3596 3597 
7130 3540 3597 3541 
7131 3541 3597 3598 
7132 3541 3598 3542 
7133 3542 3598 3599 
7134 3542 3599 3543 
7135 3543 3599 3600 
7136 3543 3600 3544 
7137 3544 3600 3601 
7138 3544 3601 3545 
7139 3545 3601 3602 
7140 3545 3602 3546 
7141 3546 3602 3603 
7142 3546 3603 3547 
7143 3547 3603 3548 
7144 3547 3548 3492 
7145 3548 3604 3549 
7146 3604 3605 3549 
7147 3549 3605 3550 
7148 3605 3606 3550 
7149 3550 3606 3551 
7150 3606 3607 3551 
7151 3551 3607 3552 
7152 3607 3608 3552 
7153 3552 3608 3553 
7154 3608 3609 3553 
7155 3553 3609 3554 
7156 3609 3610 3554 
7157 3554 3610 3555 
7158 3610 3611 3555 
7159 3555 3611 3556 
7160 3611 3612 3556 
7161 3556 3612 3557 
7162 3612 3613 3557 
7163 3557 3613 3558 
7164 3613 3614 3558 
7165 3558 3614 3559 
7166 3614 3615 3559 
7167 3559 3615 3560 
7168 3615 3616 3560 
7169 3560 3616 3561 
7170 3616 3617 3561 
7171 3561 3617 3562 
7172 3617 3618 3562 
7173 3562 3618 3619 
7174 3562 3619 3563 
7175 3563 3619 3620 
7176 3563 3620 3564 
7177 3564 3620 3621 
7178 3564 3621 3565 
7179 3565 3621 3622 
7180 3565 3622 3566 
7181 3566 3622 3623 
7182 3566 3623 3567 
7183 3567 3623 3624 
7184 3567 3624 3568 
7185 3568 3624 3625 
7186 3568 3625 3569 
7187 3569 3625 3626 
7188 3569 3626 3570 
7189 3570 3626 3627 
7190 3570 3627 3571 
7191 3571 3627 3628 
7192 3571 3628 3572 
7193 3572 3628 3629 
7194 3572 3629 3573 
7195 3573 3629 3630 
7196 3573 3630 3574 
7197 3574 3630 3631 
7198 3574 3631 3575 
7199 3575 3631 3632 
7200 3575 3632 3576 
7201 3576 3632 3577 
7202 3632 3633 3577 
7203 3577 3633 3578 
7204 3633 3634 3578 
7205 3578 3634 3579 
7206 3634 3635 3579 
7207 3579 3635 3580 
7208 3635 3636 3580 
7209 3580 3636 3581 
7210 3636 3637 3581 
7211 3581 3637 3582 
7212 3637 3638 3582 
7213 3582 3638 3583 
7214 3638 3639 3583 
7215 3583 3639 3584 
7216 3639 3640 3584 
7217 3584 3640 3585 
7218 3640 3641 3585 
7219 3585 3641 3586 
7220 3641 3642 3586 
7221 3586 3642 3587 
7222 3642 3643 3587 
7223 3587 3643 3588 
7224 3643 3644 3588 
7225 3588 3644 3589 
7226 3644 3645 3589 
7227 3589 3645 3590 
7228 3645 3646 3590 
7229 3590 3646 3647 
7230 3590 3647 3591 
7231 3591 3647 3648 
7232 3591 3648 3592 
7233 3592 3648 3649 
7234 3592 3649 3593 
7235 3593 3649 3650 
7236 3593 3650 3594 
7237 3594 3650 3651 
7238 3594 3651 3595 
7239 3595 3651 3652 
7240 3595 3652 3596 
7241 3596 3652 3653 
7242 3596 3653 3597 
7243 3597 3653 3654 
7244 3597 3654 3598 
7245 3598 3654 3655 
7246 3598 3655 3599 
7247 3599 3655 3656 
7248 3599 3656 3600 
7249 3600 3656 3657 
7250 3600 3657 3601 
7251 3601 3657 3658 
7252 3601 3658 3602 
7253 3602 3658 3659 
7254 3602 3659 3603 
7255 3603 3659 3604 
7256 3603 3604 3548 
7257 3604 3660 3605 
7258 3660 3661 3605 
7259 3605 3661 3606 
7260 3661 3662 3606 
7261 3606 3662 3607 
7262 3662 3663 3607 
7263 3607 3663 3608 
7264 3663 3664 3608 
7265 3608 3664 3609 
7266 3664 3665 3609 
7267 3609 3665 3610 
7268 3665 3666 3610 
7269 3610 3666 3611 
7270 3666 3667 3611 
7271 3611 3667 3612 
7272 3667 3668 3612 
7273 3612 3668 3613 
7274 3668 3669 3613 
7275 3613 3669 3614 
7276 3669 3670 3614 
7277 3614 3670 3615 
7278 3670 3671 3615 
7279 3615 3671 3616 
7280 3671 3672 3616 
7281 3616 3672 3617 
7282 3672 3673 3617 
7283 3617 3673 3618 
7284 3673 3674 3618 
7285 3618 3674 3675 
7286 3618 3675 3619 
7287 3619 3675 3676 
7288 3619 3676 3620 
7289 3620 3676 3677 
7290 3620 3677 3621 
7291 3621 3677 3678 
7292 3621 3678 3622 
7293 3622 3678 3679 
7294 3622 3679 3623 
7295 3623 3679 3680 
7296 3623 3680 3624 
7297 3624 3680 3681 
7298 3624 3681 3625 
7299 3625 3681 3682 
7300 3625 3682 3626 
7301 3626 3682 3683 
7302 3626 3683 3627 
7303 3627 3683 3684 
7304 3627 3684 3628 
7305 3628 3684 3685 
7306 3628 3685 3629 
7307 3629 3685 3686 
7308 3629 3686 3630 
7309 3630 3686 3687 
7310 3630 3687 3631 
7311 3631 3687 3688 
7312 3631 3688 3632 
7313 3632 3688 3633 
7314 3688 3689 3633 
7315 3633 3689 3634 
7316 3689 3690 3634 
7317 3634 3690 3635 
7318 3690 3691 3635 
7319 3635 3691 3636 
7320 3691 3692 3636 
7321 3636 3692 3637 
7322 3692 3693 3637 
7323 3637 3693 3638 
7324 3693 3694 3638 
7325 3638 3694 3639 
7326 3694 3695 3639 
7327 3639 3695 3640 
7328 3695 3696 3640 
7329 3640 3696 3641 
7330 3696 3697 3641 
7331 3641 3697 3642 
7332 3697 3698 3642 
7333 3642 3698 3643 
7334 3698 3699 3643 
7335 3643 3699 3644 
7336 3699 3700 3644 
7337 3644 3700 3645 
7338 3700 3701 3645 
7339 3645 3701 3646 
7340 3701 3702 3646 
7341 3646 3702 3703 
7342 3646 3703 3647 
7343 3647 3703 3704 
7344 3647 3704 3648 
7345 3648 3704 3705 
7346 3648 3705 3649 
7347 3649 3705 3706 
7348 3649 3706 3650 
7349 3650 3706 3707 
7350 3650 3707 3651 
7351 3651 3707 3708 
7352 3651 3708 3652 
7353 3652 3708 3709 
7354 3652 3709 3653 
7355 3653 3709 3710 
7356 3653 3710 3654 
7357 3654 3710 3711 
7358 3654 3711 3655 
7359 3655 3711 3712 
7360 3655 3712 3656 
7361 3656 3712 3713 
7362 3656 3713 3657 
7363 3657 3713 3714 
7364 3657 3714 3658 
7365 3658 3714 3715 
7366 3658 3715 3659 
7367 3659 3715 3660 
7368 3659 3660 3604 
7369 3660 3716 3661 
7370 3716 3717 3661 
7371 3661 3717 3662 
7372 3717 3718 3662 
7373 3662 3718 3663 
7374 3718 3719 3663 
7375 3663 3719 3664 
7376 3719 3720 3664 
7377 3664 3720 3665 
7378 3720 3721 3665 
7379 3665 3721 3666 
7380 3721 3722 3666 
7381 3666 3722 3667 
7382 3722 3723 3667 
7383 3667 3723 3668 
7384 3723 3724 3668 
7385 3668 3724 3669 
7386 3724 3725 3669 
7387 3669 3725 3670 
7388 3725 3726 3670 
7389 3670 3726 3671 
7390 3726 3727 3671 
7391 3671 3727 3672 
7392 3727 3728 3672 
7393 3672 3728 3673 
7394 3728 3729 3673 
7395 3673 3729 3674 
7396 3729 3730 3674 
7397 3674 3730 3731 
7398 3674 3731 3675 
7399 3675 3731 3732 
7400 3675 3732 3676 
7401 3676 3732 3733 
7402 3676 3733 3677 
7403 3677 3733 3734 
7404 3677 3734 3678 
7405 3678 3734 3735 
7406 3678 3735 3679 
7407 3679 3735 3736 
7408 3679 3736 3680 
7409 3680 3736 3737 
7410 3680 3737 3681 
7411 3681 3737 3738 
7412 3681 3738 3682 
7413 3682 3738 3739 
7414 3682 3739 3683 
7415 3683 3739 3740 
7416 3683 3740 3684 
7417 3684 3740 3741 
7418 3684 3741 3685 
7419 3685 3741 3742 
7420 3685 3742 3686 
7421 3686 3742 3743 
7422 3686 3743 3687 
7423 3687 3743 3744 
7424 3687 3744 3688 
7425 3688 3744 3689 
7426 3744 3745 3689 
7427 3689 3745 3690 
7428 3745 3746 3690 
7429 3690 3746 3691 
7430 3746 3747 3691 
7431 3691 3747 3692 
7432 3747 3748 3692 
7433 3692 3748 3693 
7434 3748 3749 3693 
7435 3693 3749 3694 
7436 3749 3750 3694 
7437 3694 3750 3695 
7438 3750 3751 3695 
7439 3695 3751 3696 
7440 3751 3752 3696 
7441 3696 3752 3697 
7442 3752 3753 3697 
7443 3697 3753 3698 
7444 3753 3754 3698 
7445 3698 3754 3699 
7446 3754 3755 3699 
7447 3699 3755 3700 
7448 3755 3756 3700 
7449 3700 3756 3701 
7450 3756 3757 3701 
7451 3701 3757 3702 
7452 3757 3758 3702 
7453 3702 3758 3759 
7454 3702 3759 3703 
7455 3703 3759 3760 
7456 3703 3760 3704 
7457 3704 3760 3761 
7458 3704 3761 3705 
7459 3705 3761 3762 
7460 3705 3762 3706 
7461 3706 3762 3763 
7462 3706 3763 3707 
7463 3707 3763 3764 
7464 3707 3764 3708 
7465 3708 3764 3765 
7466 3708 3765 3709 
7467 3709 3765 3766 
7468 3709 3766 3710 
7469 3710 3766 3767 
7470 3710 3767 3711 
7471 3711 3767 3768 
7472 3711 3768 3712 
7473 3712 3768 3769 
7474 3712 3769 3713 
7475 3713 3769 3770 
7476 3713 3770 3714 
7477 3714 3770 3771 
7478 3714 3771 3715 
7479 3715 3771 3716 
7480 3715 3716 3660 
7481 3716 3772 3717 
7482 3772 3773 3717 
7483 3717 3773 3718 
7484 3773 3774 3718 
7485 3718 3774 3719 
7486 3774 3775 3719 
7487 3719 3775 3720 
7488 3775 3776 3720 
7489 3720 3776 3721 
7490 3776 3777 3721 
7491 3721 3777 3722 
7492 3777 3778 3722 
7493 3722 3778 3723 
7494 3778 3779 3723 
7495 3723 3779 3724 
7496 3779 3780 3724 
7497 3724 3780 3725 
7498 3780 3781 3725 
7499 3725 3781 3726 
7500 3781 3782 3726 
7501 3726 3782 3727 
7502 3782 3783 3727 
7503 3727 3783 3728 
7504 3783 3784 3728 
7505 3728 3784 3729 
7506 3784 3785 3729 
7507 3729 3785 3730 
7508 3785 3786 3730 
7509 3730 3786 3787 
7510 3730 3787 3731 
7511 3731 3787 3788 
7512 3731 3788 3732 
7513 3732 3788 3789 
7514 3732 3789 3733 
7515 3733 3789 3790 
7516 3733 3790 3734 
7517 3734 3790 3791 
7518 3734 3791 3735 
7519 3735 3791 3792 
7520 3735 3792 3736 
7521 3736 3792 3793 
7522 3736 3793 3737 
7523 3737 3793 3794 
7524 3737 3794 3738 
7525 3738 3794 3795 
7526 3738 3795 3739 
7527 3739 3795 3796 
7528 3739 3796 3740 
7529 3740 3796 3797 
7530 3740 3797 3741 
7531 3741 3797 3798 
7532 3741 3798 3742 
7533 3742 3798 3799 
7534 3742 3799 3743 
7535 3743 3799 3800 
7536 3743 3800 3744 
7537 3744 3800 3745 
7538 3800 3801 3745 
7539 3745 3801 3746 
7540 3801 3802 3746 
7541 3746 3802 3747 
7542 3802 3803 3747 
7543 3747 3803 3748 
7544 3803 3804 3748 
7545 3748 3804 3749 
7546 3804 3805 3749 
7547 3749 3805 3750 
7548 3805 3806 3750 
7549 3750 3806 3751 
7550 3806 3807 3751 
7551 3751 3807 3752 
7552 3807 3808 3752 
7553 3752 3808 3753 
7554 3808 3809 3753 
7555 3753 3809 3754 
7556 3809 3810 3754 
7557 3754 3810 3755 
7558 3810 3811 3755 
7559 3755 3811 3756 
7560 3811 3812 3756 
7561 3756 3812 3757 
7562 3812 3813 3757 
7563 3757 3813 3758 
7564 3813 3814 3758 
7565 3758 3814 3815 
7566 3758 3815 3759 
7567 3759 3815 3816 
7568 3759 3816 3760 
7569 3760 3816 3817 
7570 3760 3817 3761 
7571 3761 3817 3818 
7572 3761 3818 3762 
7573 3762 3818 3819 
7574 3762 3819 3763 
7575 3763 3819 3820 
7576 3763 3820 3764 
7577 3764 3820 3821 
7578 3764 3821 3765 
7579 3765 3821 3822 
7580 3765 3822 3766 
7581 3766 3822 3823 
7582 3766 3823 3767 
7583 3767 3823 3824 
7584 3767 3824 3768 
7585 3768 3824 3825 
7586 3768 3825 3769 
7587 3769 3825 3826 
7588 3769 3826 3770 
7589 3770 3826 3827 
7590 3770 3827 3771 
7591 3771 3827 3772 
7592 3771 3772 3716 
7593 3772 3828 3773 
7594 3828 3829 3773 
7595 3773 3829 3774 
7596 3829 3830 3774 
7597 3774 3830 3775 
7598 3830 3831 3775 
7599 3775 3831 3776 
7600 3831 3832 3776 
7601 3776 3832 3777 
7602 3832 3833 3777 
7603 3777 3833 3778 
7604 3833 3834 3778 
7605 3778 3834 3779 
7606 3834 3835 3779 
7607 3779 3835 3780 
7608 3835 3836 3780 
7609 3780 3836 3781 
7610 3836 3837 3781 
7611 3781 3837 3782 
7612 3837 3838 3782 
7613 3782 3838 3783 
7614 3838 3839 3783 
7615 3783 3839 3784 
7616 3839 3840 3784 
7617 3784 3840 3785 
7618 3840 3841 3785 
7619 3785 3841 3786 
7620 3841 3842 3786 
7621 3786 3842 3843 
7622 3786 3843 3787 
7623 3787 3843 3844 
7624 3787 3844 3788 
7625 3788 3844 3845 
7626 3788 3845 3789 
7627 3789 3845 3846 
7628 3789 3846 3790 
7629 3790 3846 3847 
7630 3790 3847 3791 
7631 3791 3847 3848 
7632 3791 3848 3792 
7633 3792 3848 3849 
7634 3792 3849 3793 
7635 3793 3849 3850 
7636 3793 3850 3794 
7637 3794 3850 3851 
7638 3794 3851 3795 
7639 3795 3851 3852 
7640 3795 3852 3796 
7641 3796 3852 3853 
7642 3796 3853 3797 
7643 3797 3853 3854 
7644 3797 3854 3798 
7645 3798 3854 3855 
7646 3798 3855 3799 
7647 3799 3855 3856 
7648 3799 3856 3800 
7649 3800 3856 3801 
7650 3856 3857 3801 
7651 3801 3857 3802 
7652 3857 3858 3802 
7653 3802 3858 3803 
7654 3858 3859 3803 
7655 3803 3859 3804 
7656 3859 3860 3804 
7657 3804 3860 3805 
7658 3860 3861 3805 
7659 3805 3861 3806 
7660 3861 3862 3806 
7661 3806 3862 3807 
7662 3862 3863 3807 
7663 3807 3863 3808 
7664 3863 3864 3808 
7665 3808 3864 3809 
7666 3864 3865 3809 
7667 3809 3865 3810 
7668 3865 3866 3810 
7669 3810 3866 3811 
7670 3866 3867 3811 
7671 3811 3867 3812 
7672 3867 3868 3812 
7673 3812 3868 3813 
7674 3868 3869 3813 
7675 3813 3869 3814 
7676 3869 3870 3814 
7677 3814 3870 3871 
7678 3814 3871 3815 
7679 3815 3871 3872 
7680 3815 3872 3816 
7681 3816 3872 3873 
7682 3816 3873 3817 
7683 3817 3873 3874 
7684 3817 3874 3818 
7685 3818 3874 3875 
7686 3818 3875 3819 
7687 3819 3875 3876 
7688 3819 3876 3820 
7689 3820 3876 3877 
7690 3820 3877 3821 
7691 3821 3877 3878 
7692 3821 3878 3822 
7693 3822 3878 3879 
7694 3822 3879 3823 
7695 3823 3879 3880 
7696 3823 3880 3824 
7697 3824 3880 3881 
7698 3824 3881 3825 
7699 3825 3881 3882 
7700 3825 3882 3826 
7701 3826 3882 3883 
7702 3826 3883 3827 
7703 3827 3883 3828 
7704 3827 3828 3772 
7705 3828 3884 3829 
7706 3884 3885 3829 
7707 3829 3885 3830 
7708 3885 3886 3830 
7709 3830 3886 3831 
7710 3886 3887 3831 
7711 3831 3887 3832 
7712 3887 3888 3832 
7713 3832 3888 3833 
7714 3888 3889 3833 
7715 3833 3889 3834 
7716 3889 3890 3834 
7717 3834 3890 3835 
7718 3890 3891 3835 
7719 3835 3891 3836 
7720 3891 3892 3836 
7721 3836 3892 3837 
7722 3892 3893 3837 
7723 3837 3893 3838 
7724 3893 3894 3838 
7725 3838 3894 3839 
7726 3894 3895 3839 
7727 3839 3895 3840 
7728 3895 3896 3840 
7729 3840 3896 3841 
7730 3896 3897 3841 
7731 3841 3897 3842 
7732 3897 3898 3842 
7733 3842 3898 3899 
7734 3842 3899 3843 
7735 3843 3899 3900 
7736 3843 3900 3844 
7737 3844 3900 3901 
7738 3844 3901 3845 
7739 3845 3901 3902 
7740 3845 3902 3846 
7741 3846 3902 3903 
7742 3846 3903 3847 
7743 3847 3903 3904 
7744 3847 3904 3848 
7745 3848 3904 3905 
7746 3848 3905 3849 
7747 3849 3905 3906 
7748 3849 3906 3850 
7749 3850 3906 3907 
7750 3850 3907 3851 
7751 3851 3907 3908 
7752 3851 3908 3852 
7753 3852 3908 3909 
7754 3852 3909 3853 
7755 3853 3909 3910 
7756 3853 3910 3854 
7757 3854 3910 3911 
7758 3854 3911 3855 
7759 3855 3911 3912 
7760 3855 3912 3856 
7761 3856 3912 3857 
7762 3912 3913 3857 
7763 3857 3913 3858 
7764 3913 3914 3858 
7765 3858 3914 3859 
7766 3914 3915 3859 
7767 3859 3915 3860 
7768 3915 3916 3860 
7769 3860 3916 3861 
7770 3916 3917 3861 
7771 3861 3917 3862 
7772 3917 3918 3862 
7773 3862 3918 3863 
7774 3918 3919 3863 
7775 3863 3919 3864 
7776 3919 3920 3864 
7777 3864 3920 3865 
7778 3920 3921 3865 
7779 3865 3921 3866 
7780 3921 3922 3866 
7781 3866 3922 3867 
7782 3922 3923 3867 
7783 3867 3923 3868 
7784 3923 3924 3868 
7785 3868 3924 3869 
7786 3924 3925 3869 
7787 3869 3925 3870 
7788 3925 3926 3870 
7789 3870 3926 3927 
7790 3870 3927 3871 
7791 3871 3927 3928 
7792 3871 3928 3872 
7793 3872 3928 3929 
7794 3872 3929 3873 
7795 3873 3929 3930 
7796 3873 3930 3874 
7797 3874 3930 3931 
7798 3874 3931 3875 
7799 3875 3931 3932 
7800 3875 3932 3876 
7801 3876 3932 3933 
7802 3876 3933 3877 
7803 3877 3933 3934 
7804 3877 3934 3878 
7805 3878 3934 3935 
7806 3878 3935 3879 
7807 3879 3935 3936 
7808 3879 3936 3880 
7809 3880 3936 3937 
7810 3880 3937 3881 
7811 3881 3937 3938 
7812 3881 3938 3882 
7813 3882 3938 3939 
7814 3882 3939 3883 
7815 3883 3939 3884 
7816 3883 3884 3828 
7817 3884 3940 3885 
7818 3940 3941 3885 
7819 3885 3941 3886 
7820 3941 3942 3886 
7821 3886 3942 3887 
7822 3942 3943 3887 
7823 3887 3943 3888 
7824 3943 3944 3888 
7825 3888 3944 3889 
7826 3944 3945 3889 
7827 3889 3945 3890 
7828 3945 3946 3890 
7829 3890 3946 3891 
7830 3946 3947 3891 
7831 3891 3947 3892 
7832 3947 3948 3892 
7833 3892 3948 3893 
7834 3948 3949 3893 
7835 3893 3949 3894 
7836 3949 3950 3894 
7837 3894 3950 3895 
7838 3950 3951 3895 
7839 3895 3951 3896 
7840 3951 3952 3896 
7841 3896 3952 3897 
7842 3952 3953 3897 
7843 3897 3953 3898 
7844 3953 3954 3898 
7845 3898 3954 3955 
7846 3898 3955 3899 
7847 3899 3955 3956 
7848 3899 3956 3900 
7849 3900 3956 3957 
7850 3900 3957 3901 
7851 3901 3957 3958 
7852 3901 3958 3902 
7853 3902 3958 3959 
7854 3902 3959 3903 
7855 3903 3959 3960 
7856 3903 3960 3904 
7857 3904 3960 3961 
7858 3904 3961 3905 
7859 3905 3961 3962 
7860 3905 3962 3906 
7861 3906 3962 3963 
7862 3906 3963 3907 
7863 3907 3963 3964 
7864 3907 3964 3908 
7865 3908 3964 3965 
7866 3908 3965 3909 
7867 3909 3965 3966 
7868 3909 3966 3910 
7869 3910 3966 3967 
7870 3910 3967 3911 
7871 3911 3967 3968 
7872 3911 3968 3912 
7873 3912 3968 3913 
7874 3968 3969 3913 
7875 3913 3969 3914 
7876 3969 3970 3914 
7877 3914 3970 3915 
7878 3970 3971 3915 
7879 3915 3971 3916 
7880 3971 3972 3916 
7881 3916 3972 3917 
7882 3972 3973 3917 
7883 3917 3973 3918 
7884 3973 3974 3918 
7885 3918 3974 3919 
7886 3974 3975 3919 
7887 3919 3975 3920 
7888 3975 3976 3920 
7889 3920 3976 3921 
7890 3976 3977 3921 
7891 3921 3977 3922 
7892 3977 3978 3922 
7893 3922 3978 3923 
7894 3978 3979 3923 
7895 3923 3979 3924 
7896 3979 3980 3924 
7897 3924 3980 3925 
7898 3980 3981 3925 
7899 3925 3981 3926 
7900 3981 3982 3926 
7901 3926 3982 3983 
7902 3926 3983 3927 
7903 3927 3983 3984 
7904 3927 3984 3928 
7905 3928 3984 3985 
7906 3928 3985 3929 
7907 3929 3985 3986 
7908 3929 3986 3930 
7909 3930 3986 3987 
7910 3930 3987 3931 
7911 3931 3987 3988 
7912 3931 3988 3932 
7913 3932 3988 3989 
7914 3932 3989 3933 
7915 3933 3989 3990 
7916 3933 3990 3934 
7917 3934 3990 3991 
7918 3934 3991 3935 
7919 3935 3991 3992 
7920 3935 3992 3936 
7921 3936 3992 3993 
7922 3936 3993 3937 
7923 3937 3993 3994 
7924 3937 3994 3938 
7925 3938 3994 3995 
7926 3938 3995 3939 
7927 3939 3995 3940 
7928 3939 3940 3884 
7929 3940 3996 3941 
7930 3996 3997 3941 
7931 3941 3997 3942 
7932 3997 3998 3942 
7933 3942 3998 3943 
7934 3998 3999 3943 
7935 3943 3999 3944 
7936 3999 4000 3944 
7937 3944 4000 3945 
7938 4000 4001 3945 
7939 3945 4001 3946 
7940 4001 4002 3946 
7941 3946 4002 3947 
7942 4002 4003 3947 
7943 3947 4003 3948 
7944 4003 4004 3948 
7945 3948 4004 3949 
7946 4004 4005 3949 
7947 3949 4005 3950 
7948 4005 4006 3950 
7949 3950 4006 3951 
7950 4006 4007 3951 
7951 3951 4007 3952 
7952 4007 4008 3952 
7953 3952 4008 3953 
7954 4008 4009 3953 
7955 3953 4009 3954 
7956 4009 4010 3954 
7957 3954 4010 4011 
7958 3954 4011 3955 
7959 3955 4011 4012 
7960 3955 4012 3956 
7961 3956 4012 4013 
7962 3956 4013 3957 
7963 3957 4013 4014 
7964 3957 4014 3958 
7965 3958 4014 4015 
7966 3958 4015 3959 
7967 3959 4015 4016 
7968 3959 4016 3960 
7969 3960 4016 4017 
7970 3960 4017 3961 
7971 3961 4017 4018 
7972 3961 4018 3962 
7973 3962 4018 4019 
7974 3962 4019 3963 
7975 3963 4019 4020 
7976 3963 4020 3964 
7977 3964 4020 4021 
7978 3964 4021 3965 
7979 3965 4021 4022 
7980 3965 4022 3966 
7981 3966 4022 4023 
7982 3966 4023 3967 
7983 3967 4023 4024 
7984 3967 4024 3968 
7985 3968 4024 3969 
7986 4024 4025 3969 
7987 3969 4025 3970 
7988 4025 4026 3970 
7989 3970 4026 3971 
7990 4026 4027 3971 
7991 3971 4027 3972 
7992 4027 4028 3972 
7993 3972 4028 3973 
7994 4028 4029 3973 
7995 3973 4029 3974 
7996 4029 4030 3974 
7997 3974 4030 3975 
7998 4030 4031 3975 
7999 3975 4031 3976 
8000 4031 4032 3976 
8001 3976 4032 3977 
8002 4032 4033 3977 
8003 3977 4033 3978 
8004 4033 4034 3978 
8005 3978 4034 3979 
8006 4034 4035 3979 
8007 3979 4035 3980 
8008 4035 4036 3980 
8009 3980 4036 3981 
8010 4036 4037 3981 
8011 3981 4037 3982 
8012 4037 4038 3982 
8013 3982 4038 4039 
8014 3982 4039 3983 
8015 3983 4039 4040 
8016 3983 4040 3984 
8017 3984 4040 4041 
8018 3984 4041 3985 
8019 3985 4041 4042 
8020 3985 4042 3986 
8021 3986 4042 4043 
8022 3986 4043 3987 
8023 3987 4043 4044 
8024 3987 4044 3988 
8025 3988 4044 4045 
8026 3988 4045 3989 
8027 3989 4045 4046 
8028 3989 4046 3990 
8029 3990 4046 4047 
8030 3990 4047 3991 
8031 3991 4047 4048 
8032 3991 4048 3992 
8033 3992 4048 4049 
8034 3992 4049 3993 
8035 3993 4049 4050 
8036 3993 4050 3994 
8037 3994 4050 4051 
8038 3994 4051 3995 
8039 3995 4051 3996 
8040 3995 3996 3940 
8041 3996 4052 3997 
8042 4052 4053 3997 
8043 3997 4053 3998 
8044 4053 4054 3998 
8045 3998 4054 3999 
8046 4054 4055 3999 
8047 3999 4055 4000 
8048 4055 4056 4000 
8049 4000 4056 4001 
8050 4056 4057 4001 
8051 4001 4057 4002 
8052 4057 4058 4002 
8053 4002 4058 4003 
8054 4058 4059 4003 
8055 4003 4059 4004 
8056 4059 4060 4004 
8057 4004 4060 4005 
8058 4060 4061 4005 
8059 4005 4061 4006 
8060 4061 4062 4006 
8061 4006 4062 4007 
8062 4062 4063 4007 
8063 4007 4063 4008 
8064 4063 4064 4008 
8065 4008 4064 4009 
8066 4064 4065 4009 
8067 4009 4065 4010 
8068 4065 4066 4010 
8069 4010 4066 4067 
8070 4010 4067 4011 
8071 4011 4067 4068 
8072 4011 4068 4012 
8073 4012 4068 4069 
8074 4012 4069 4013 
8075 4013 4069 4070 
8076 4013 4070 4014 
8077 4014 4070 4071 
8078 4014 4071 4015 
8079 4015 4071 4072 
8080 4015 4072 4016 
8081 4016 4072 4073 
8082 4016 4073 4017 
8083 4017 4073 4074 
8084 4017 4074 4018 
8085 4018 4074 4075 
8086 4018 4075 4019 
8087 4019 4075 4076 
8088 4019 4076 4020 
8089 4020 4076 4077 
8090 4020 4077 4021 
8091 4021 4077 4078 
8092 4021 4078 4022 
8093 4022 4078 4079 
8094 4022 4079 4023 
8095 4023 4079 4080 
8096 4023 4080 4024 
8097 4024 4080 4025 
8098 4080 4081 4025 
8099 4025 4081 4026 
8100 4081 4082 4026 
8101 4026 4082 4027 
8102 4082 4083 4027 
8103 4027 4083 4028 
8104 4083 4084 4028 
8105 4028 4084 4029 
8106 4084 4085 4029 
8107 4029 4085 4030 
8108 4085 4086 4030 
8109 4030 4086 4031 
8110 4086 4087 4031 
8111 4031 4087 4032 
8112 4087 4088 4032 
8113 4032 4088 4033 
8114 4088 4089 4033 
8115 4033 4089 4034 
8116 4089 4090 4034 
8117 4034 4090 4035 
8118 4090 4091 4035 
8119 4035 4091 4036 
8120 4091 4092 4036 
8121 4036 4092 4037 
8122 4092 4093 4037 
8123 4037 4093 4038 
8124 4093 4094 4038 
8125 4038 4094 4095 
8126 4038 4095 4039 
8127 4039 4095 4096 
8128 4039 4096 4040 
8129 4040 4096 4097 
8130 4040 4097 4041 
8131 4041 4097 4098 
8132 4041 4098 4042 
8133 4042 4098 4099 
8134 4042 4099 4043 
8135 4043 4099 4100 
8136 4043 4100 4044 
8137 4044 4100 4101 
8138 4044 4101 4045 
8139 4045 4101 4102 
8140 4045 4102 4046 
8141 4046 4102 4103 
8142 4046 4103 4047 
8143 4047 4103 4104 
8144 4047 4104 4048 
8145 4048 4104 4105 
8146 4048 4105 4049 
8147 4049 4105 4106 
8148 4049 4106 4050 
8149 4050 4106 4107 
8150 4050 4107 4051 
8151 4051 4107 4052 
8152 4051 4052 3996 
8153 4052 4108 4053 
8154 4108 4109 4053 
8155 4053 4109 4054 
8156 4109 4110 4054 
8157 4054 4110 4055 
8158 4110 4111 4055 
8159 4055 4111 4056 
8160 4111 4112 4056 
8161 4056 4112 4057 
8162 4112 4113 4057 
8163 4057 4113 4058 
8164 4113 4114 4058 
8165 4058 4114 4059 
8166 4114 4115 4059 
8167 4059 4115 4060 
8168 4115 4116 4060 
8169 4060 4116 4061 
8170 4116 4117 4061 
8171 4061 4117 4062 
8172 4117 4118 4062 
8173 4062 4118 4063 
8174 4118 4119 4063 
8175 4063 4119 4064 
8176 4119 4120 4064 
8177 4064 4120 4065 
8178 4120 4121 4065 
8179 4065 4121 4066 
8180 4121 4122 4066 
8181 4066 4122 4123 
8182 4066 4123 4067 
8183 4067 4123 4124 
8184 4067 4124 4068 
8185 4068 4124 4125 
8186 4068 4125 4069 
8187 4069 4125 4126 
8188 4069 4126 4070 
8189 4070 4126 4127 
8190 4070 4127 4071 
8191 4071 4127 4128 
8192 4071 4128 4072 
8193 4072 4128 4129 
8194 4072 4129 4073 
8195 4073 4129 4130 
8196 4073 4130 4074 
8197 4074 4130 4131 
8198 4074 4131 4075 
8199 4075 4131 4132 
8200 4075 4132 4076 
8201 4076 4132 4133 
8202 4076 4133 4077 
8203 4077 4133 4134 
8204 4077 4134 4078 
8205 4078 4134 4135 
8206 4078 4135 4079 
8207 4079 4135 4136 
8208 4079 4136 4080 
8209 4080 4136 4081 
8210 4136 4137 4081 
8211 4081 4137 4082 
8212 4137 4138 4082 
8213 4082 4138 4083 
8214 4138 4139 4083 
8215 4083 4139 4084 
8216 4139 4140 4084 
8217 4084 4140 4085 
8218 4140 4141 4085 
8219 4085 4141 4086 
8220 4141 4142 4086 
8221 4086 4142 4087 
8222 4142 4143 4087 
8223 4087 4143 4088 
8224 4143 4144 4088 
8225 4088 4144 4089 
8226 4144 4145 4089 
8227 4089 4145 4090 
8228 4145 4146 4090 
8229 4090 4146 4091 
8230 4146 4147 4091 
8231 4091 4147 4092 
8232 4147 4148 4092 
8233 4092 4148 4093 
8234 4148 4149 4093 
8235 4093 4149 4094 
8236 4149 4150 4094 
8237 4094 4150 4151 
8238 4094 4151 4095 
8239 4095 4151 4152 
8240 4095 4152 4096 
8241 4096 4152 4153 
8242 4096 4153 4097 
8243 4097 4153 4154 
8244 4097 4154 4098 
8245 4098 4154 4155 
8246 4098 4155 4099 
8247 4099 4155 4156 
8248 4099 4156 4100 
8249 4100 4156 4157 
8250 4100 4157 4101 
8251 4101 4157 4158 
8252 4101 4158 4102 
8253 4102 4158 4159 
8254 4102 4159 4103 
8255 4103 4159 4160 
8256 4103 4160 4104 
8257 4104 4160 4161 
8258 4104 4161 4105 
8259 4105 4161 4162 
8260 4105 4162 4106 
8261 4106 4162 4163 
8262 4106 4163 4107 
8263 4107 4163 4108 
8264 4107 4108 4052 
8265 4108 4164 4109 
8266 4164 4165 4109 
8267 4109 4165 4110 
8268 4165 4166 4110 
8269 4110 4166 4111 
8270 4166 4167 4111 
8271 4111 4167 4112 
8272 4167 4168 4112 
8273 4112 4168 4113 
8274 4168 4169 4113 
8275 4113 4169 4114 
8276 4169 4170 4114 
8277 4114 4170 4115 
8278 4170 4171 4115 
8279 4115 4171 4116 
8280 4171 4172 4116 
8281 4116 4172 4117 
8282 4172 4173 4117 
8283 4117 4173 4118 
8284 4173 4174 4118 
8285 4118 4174 4119 
8286 4174 4175 4119 
8287 4119 4175 4120 
8288 4175 4176 4120 
8289 4120 4176 4121 
8290 4176 4177 4121 
8291 4121 4177 4122 
8292 4177 4178 4122 
8293 4122 4178 4179 
8294 4122 4179 4123 
8295 4123 4179 4180 
8296 4123 4180 4124 
8297 4124 4180 4181 
8298 4124 4181 4125 
8299 4125 4181 4182 
8300 4125 4182 4126 
8301 4126 4182 4183 
8302 4126 4183 4127 
8303 4127 4183 4184 
8304 4127 4184 4128 
8305 4128 4184 4185 
8306 4128 4185 4129 
8307 4129 4185 4186 
8308 4129 4186 4130 
8309 4130 4186 4187 
8310 4130 4187 4131 
8311 4131 4187 4188 
8312 4131 4188 4132 
8313 4132 4188 4189 
8314 4132 4189 4133 
8315 4133 4189 4190 
8316 4133 4190 4134 
8317 4134 4190 4191 
8318 4134 4191 4135 
8319 4135 4191 4192 
8320 4135 4192 4136 
8321 4136 4192 4137 
8322 4192 4193 4137 
8323 4137 4193 4138 
8324 4193 4194 4138 
8325 4138 4194 4139 
8326 4194 4195 4139 
8327 4139 4195 4140 
8328 4195 4196 4140 
8329 4140 4196 4141 
8330 4196 4197 4141 
8331 4141 4197 4142 
8332 4197 4198 4142 
8333 4142 4198 4143 
8334 4198 4199 4143 
8335 4143 4199 4144 
8336 4199 4200 4144 
8337 4144 4200 4145 
8338 4200 4201 4145 
8339 4145 4201 4146 
8340 4201 4202 4146 
8341 4146 4202 4147 
8342 4202 4203 4147 
8343 4147 4203 4148 
8344 4203 4204 4148 
8345 4148 4204 4149 
8346 4204 4205 4149 
8347 4149 4205 4150 
8348 4205 4206 4150 
8349 4150 4206 4207 
8350 4150 4207 4151 
8351 4151 4207 4208 
8352 4151 4208 4152 
8353 4152 4208 4209 
8354 4152 4209 4153 
8355 4153 4209 4210 
8356 4153 4210 4154 
8357 4154 4210 4211 
8358 4154 4211 4155 
8359 4155 4211 4212 
8360 4155 4212 4156 
8361 4156 4212 4213 
8362 4156 4213 4157 
8363 4157 4213 4214 
8364 4157 4214 4158 
8365 4158 4214 4215 
8366 4158 4215 4159 
8367 4159 4215 4216 
8368 4159 4216 4160 
8369 4160 4216 4217 
8370 4160 4217 4161 
8371 4161 4217 4218 
8372 4161 4218 4162 
8373 4162 4218 4219 
8374 4162 4219 4163 
8375 4163 4219 4164 
8376 4163 4164 4108 
8377 4164 4220 4165 
8378 4220 4221 4165 
8379 4165 4221 4166 
8380 4221 4222 4166 
8381 4166 4222 4167 
8382 4222 4223 4167 
8383 4167 4223 4168 
8384 4223 4224 4168 
8385 4168 4224 4169 
8386 4224 4225 4169 
8387 4169 4225 4170 
8388 4225 4226 4170 
8389 4170 4226 4171 
8390 4226 4227 4171 
8391 4171 4227 4172 
8392 4227 4228 4172 
8393 4172 4228 4173 
8394 4228 4229 4173 
8395 4173 4229 4174 
8396 4229 4230 4174 
8397 4174 4230 4175 
8398 4230 4231 4175 
8399 4175 4231 4176 
8400 4231 4232 4176 
8401 4176 4232 4177 
8402 4232 4233 4177 
8403 4177 4233 4178 
8404 4233 4234 4178 
8405 4178 4234 4235 
8406 4178 4235 4179 
8407 4179 4235 4236 
8408 4179 4236 4180 
8409 4180 4236 4237 
8410 4180 4237 4181 
8411 4181 4237 4238 
8412 4181 4238 4182 
8413 4182 4238 4239 
8414 4182 4239 4183 
8415 4183 4239 4240 
8416 4183 4240 4184 
8417 4184 4240 4241 
8418 4184 4241 4185 
8419 4185 4241 4242 
8420 4185 4242 4186 
8421 4186 4242 4243 
8422 4186 4243 4187 
8423 4187 4243 4244 
8424 4187 4244 4188 
8425 4188 4244 4245 
8426 4188 4245 4189 
8427 4189 4245 4246 
8428 4189 4246 4190 
8429 4190 4246 4247 
8430 4190 4247 4191 
8431 4191 4247 4248 
8432 4191 4248 4192 
8433 4192 4248 4193 
8434 4248 4249 4193 
8435 4193 4249 4194 
8436 4249 4250 4194 
8437 4194 4250 4195 
8438 4250 4251 4195 
8439 4195 4251 4196 
8440 4251 4252 4196 
8441 4196 4252 4197 
8442 4252 4253 4197 
8443 4197 4253 4198 
8444 4253 4254 4198 
8445 4198 4254 4199 
8446 4254 4255 4199 
8447 4199 4255 4200 
8448 4255 4256 4200 
8449 4200 4256 4201 
8450 4256 4257 4201 
8451 4201 4257 4202 
8452 4257 4258 4202 
8453 4202 4258 4203 
8454 4258 4259 4203 
8455 4203 4259 4204 
8456 4259 4260 4204 
8457 4204 4260 4205 
8458 4260 4261 4205 
8459 4205 4261 4206 
8460 4261 4262 4206 
8461 4206 4262 4263 
8462 4206 4263 4207 
8463 4207 4263 4264 
8464 4207 4264 4208 
8465 4208 4264 4265 
8466 4208 4265 4209 
8467 4209 4265 4266 
8468 4209 4266 4210 
8469 4210 4266 4267 
8470 4210 4267 4211 
8471 4211 4267 4268 
8472 4211 4268 4212 
8473 4212 4268 4269 
8474 4212 4269 4213 
8475 4213 4269 4270 
8476 4213 4270 4214 
8477 4214 4270 4271 
8478 4214 4271 4215 
8479 4215 4271 4272 
8480 4215 4272 4216 
8481 4216 4272 4273 
8482 4216 4273 4217 
8483 4217 4273 4274 
8484 4217 4274 4218 
8485 4218 4274 4275 
8486 4218 4275 4219 
8487 4219 4275 4220 
8488 4219 4220 4164 
8489 4220 4276 4221 
8490 4276 4277 4221 
8491 4221 4277 4222 
8492 4277 4278 4222 
8493 4222 4278 4223 
8494 4278 4279 4223 
8495 4223 4279 4224 
8496 4279 4280 4224 
8497 4224 4280 4225 
8498 4280 4281 4225 
8499 4225 4281 4226 
8500 4281 4282 4226 
8501 4226 4282 4227 
8502 4282 4283 4227 
8503 4227 4283 4228 
8504 4283 4284 4228 
8505 4228 4284 4229 
8506 4284 4285 4229 
8507 4229 4285 4230 
8508 4285 4286 4230 
8509 4230 4286 4231 
8510 4286 4287 4231 
8511 4231 4287 4232 
8512 4287 4288 4232 
8513 4232 4288 4233 
8514 4288 4289 4233 
8515 4233 4289 4234 
8516 4289 4290 4234 
8517 4234 4290 4291 
8518 4234 4291 4235 
8519 4235 4291 4292 
8520 4235 4292 4236 
8521 4236 4292 4293 
8522 4236 4293 4237 
8523 4237 4293 4294 
8524 4237 4294 4238 
8525 4238 4294 4295 
8526 4238 4295 4239 
8527 4239 4295 4296 
8528 4239 4296 4240 
8529 4240 4296 4297 
8530 4240 4297 4241 
8531 4241 4297 4298 
8532 4241 4298 4242 
8533 4242 4298 4299 
8534 4242 4299 4243 
8535 4243 4299 4300 
8536 4243 4300 4244 
8537 4244 4300 4301 
8538 4244 4301 4245 
8539 4245 4301 4302 
8540 4245 4302 4246 
8541 4246 4302 4303 
8542 4246 4303 4247 
8543 4247 4303 4304 
8544 4247 4304 4248 
8545 4248 4304 4249 
8546 4304 4305 4249 
8547 4249 4305 4250 
8548 4305 4306 4250 
8549 4250 4306 4251 
8550 4306 4307 4251 
8551 4251 4307 4252 
8552 4307 4308 4252 
8553 4252 4308 4253 
8554 4308 4309 4253 
8555 4253 4309 4254 
8556 4309 4310 4254 
8557 4254 4310 4255 
8558 4310 4311 4255 
8559 4255 4311 4256 
8560 4311 4312 4256 
8561 4256 4312 4257 
8562 4312 4313 4257 
8563 4257 4313 4258 
8564 4313 4314 4258 
8565 4258 4314 4259 
8566 4314 4315 4259 
8567 4259 4315 4260 
8568 4315 4316 4260 
8569 4260 4316 4261 
8570 4316 4317 4261 
8571 4261 4317 4262 
8572 4317 4318 4262 
8573 4262 4318 4319 
8574 4262 4319 4263 
8575 4263 4319 4320 
8576 4263 4320 4264 
8577 4264 4320 4321 
8578 4264 4321 4265 
8579 4265 4321 4322 
8580 4265 4322 4266 
8581 4266 4322 4323 
8582 4266 4323 4267 
8583 4267 4323 4324 
8584 4267 4324 4268 
8585 4268 4324 4325 
8586 4268 4325 4269 
8587 4269 4325 4326 
8588 4269 4326 4270 
8589 4270 4326 4327 
8590 4270 4327 4271 
8591 4271 4327 4328 
8592 4271 4328 4272 
8593 4272 4328 4329 
8594 4272 4329 4273 
8595 4273 4329 4330 
8596 4273 4330 4274 
8597 4274 4330 4331 
8598 4274 4331 4275 
8599 4275 4331 4276 
8600 4275 4276 4220 
8601 4276 4332 4277 
8602 4332 4333 4277 
8603 4277 4333 4278 
8604 4333 4334 4278 
8605 4278 4334 4279 
8606 4334 4335 4279 
8607 4279 4335 4280 
8608 4335 4336 4280 
8609 4280 4336 4281 
8610 4336 4337 4281 
8611 4281 4337 4282 
8612 4337 4338 4282 
8613 4282 4338 4283 
8614 4338 4339 4283 
8615 4283 4339 4284 
8616 4339 4340 4284 
8617 4284 4340 4285 
8618 4340 4341 4285 
8619 4285 4341 4286 
8620 4341 4342 4286 
8621 4286 4342 4287 
8622 4342 4343 4287 
8623 4287 4343 4288 
8624 4343 4344 4288 
8625 4288 4344 4289 
8626 4344 4345 4289 
8627 4289 4345 4290 
8628 4345 4346 4290 
8629 4290 4346 4347 
8630 4290 4347 4291 
8631 4291 4347 4348 
8632 4291 4348 4292 
8633 4292 4348 4349 
8634 4292 4349 4293 
8635 4293 4349 4350 
8636 4293 4350 4294 
8637 4294 4350 4351 
8638 4294 4351 4295 
8639 4295 4351 4352 
8640 4295 4352 4296 
8641 4296 4352 4353 
8642 4296 4353 4297 
8643 4297 4353 4354 
8644 4297 4354 4298 
8645 4298 4354 4355 
8646 4298 4355 4299 
8647 4299 4355 4356 
8648 4299 4356 4300 
8649 4300 4356 4357 
8650 4300 4357 4301 
8651 4301 4357 4358 
8652 4301 4358 4302 
8653 4302 4358 4359 
8654 4302 4359 4303 
8655 4303 4359 4360 
8656 4303 4360 4304 
8657 4304 4360 4305 
8658 4360 4361 4305 
8659 4305 4361 4306 
8660 4361 4362 4306 
8661 4306 4362 4307 
8662 4362 4363 4307 
8663 4307 4363 4308 
8664 4363 4364 4308 
8665 4308 4364 4309 
8666 4364 4365 4309 
8667 4309 4365 4310 
8668 4365 4366 4310 
8669 4310 4366 4311 
8670 4366 4367 4311 
8671 4311 4367 4312 
8672 4367 4368 4312 
8673 4312 4368 4313 
8674 4368 4369 4313 
8675 4313 4369 4314 
8676 4369 4370 4314 
8677 4314 4370 4315 
8678 4370 4371 4315 
8679 4315 4371 4316 
8680 4371 4372 4316 
8681 4316 4372 4317 
8682 4372 4373 4317 
8683 4317 4373 4318 
8684 4373 4374 4318 
8685 4318 4374 4375 
8686 4318 4375 4319 
8687 4319 4375 4376 
8688 4319 4376 4320 
8689 4320 4376 4377 
8690 4320 4377 4321 
8691 4321 4377 4378 
8692 4321 4378 4322 
8693 4322 4378 4379 
8694 4322 4379 4323 
8695 4323 4379 4380 
8696 4323 4380 4324 
8697 4324 4380 4381 
8698 4324 4381 4325 
8699 4325 4381 4382 
8700 4325 4382 4326 
8701 4326 4382 4383 
8702 4326 4383 4327 
8703 4327 4383 4384 
8704 4327 4384 4328 
8705 4328 4384 4385 
8706 4328 4385 4329 
8707 4329 4385 4386 
8708 4329 4386 4330 
8709 4330 4386 4387 
8710 4330 4387 4331 
8711 4331 4387 4332 
8712 4331 4332 4276 
8713 4332 4388 4333 
8714 4388 4389 4333 
8715 4333 4389 4334 
8716 4389 4390 4334 
8717 4334 4390 4335 
8718 4390 4391 4335 
8719 4335 4391 4336 
8720 4391 4392 4336 
8721 4336 4392 4337 
8722 4392 4393 4337 
8723 4337 4393 4338 
8724 4393 4394 4338 
8725 4338 4394 4339 
8726 4394 4395 4339 
8727 4339 4395 4340 
8728 4395 4396 4340 
8729 4340 4396 4341 
8730 4396 4397 4341 
8731 4341 4397 4342 
8732 4397 4398 4342 
8733 4342 4398 4343 
8734 4398 4399 4343 
8735 4343 4399 4344 
8736 4399 4400 4344 
8737 4344 4400 4345 
8738 4400 4401 4345 
8739 4345 4401 4346 
8740 4401 4402 4346 
8741 4346 4402 4403 
8742 4346 4403 4347 
8743 4347 4403 4404 
8744 4347 4404 4348 
8745 4348 4404 4405 
8746 4348 4405 4349 
8747 4349 4405 4406 
8748 4349 4406 4350 
8749 4350 4406 4407 
8750 4350 4407 4351 
8751 4351 4407 4408 
8752 4351 4408 4352 
8753 4352 4408 4409 
8754 4352 4409 4353 
8755 4353 4409 4410 
8756 4353 4410 4354 
8757 4354 4410 4411 
8758 4354 4411 4355 
8759 4355 4411 4412 
8760 4355 4412 4356 
8761 4356 4412 4413 
8762 4356 4413 4357 
8763 4357 4413 4414 
8764 4357 4414 4358 
8765 4358 4414 4415 
8766 4358 4415 4359 
8767 4359 4415 4416 
8768 4359 4416 4360 
8769 4360 4416 4361 
8770 4416 4417 4361 
8771 4361 4417 4362 
8772 4417 4418 4362 
8773 4362 4418 4363 
8774 4418 4419 4363 
8775 4363 4419 4364 
8776 4419 4420 4364 
8777 4364 4420 4365 
8778 4420 4421 4365 
8779 4365 4421 4366 
8780 4421 4422 4366 
8781 4366 4422 4367 
8782 4422 4423 4367 
8783 4367 4423 4368 
8784 4423 4424 4368 
8785 4368 4424 4369 
8786 4424 4425 4369 
8787 4369 4425 4370 
8788 4425 4426 4370 
8789 4370 4426 4371 
8790 4426 4427 4371 
8791 4371 4427 4372 
8792 4427 4428 4372 
8793 4372 4428 4373 
8794 4428 4429 4373 
8795 4373 4429 4374 
8796 4429 4430 4374 
8797 4374 4430 4431 
8798 4374 4431 4375 
8799 4375 4431 4432 
8800 4375 4432 4376 
8801 4376 4432 4433 
8802 4376 4433 4377 
8803 4377 4433 4434 
8804 4377 4434 4378 
8805 4378 4434 4435 
8806 4378 4435 4379 
8807 4379 4435 4436 
8808 4379 4436 4380 
8809 4380 4436 4437 
8810 4380 4437 4381 
8811 4381 4437 4438 
8812 4381 4438 4382 
8813 4382 4438 4439 
8814 4382 4439 4383 
8815 4383 4439 4440 
8816 4383 4440 4384 
8817 4384 4440 4441 
8818 4384 4441 4385 
8819 4385 4441 4442 
8820 4385 4442 4386 
8821 4386 4442 4443 
8822 4386 4443 4387 
8823 4387 4443 4388 
8824 4387 4388 4332 
8825 4388 4444 4389 
8826 4444 4445 4389 
8827 4389 4445 4390 
8828 4445 4446 4390 
8829 4390 4446 4391 
8830 4446 4447 4391 
8831 4391 4447 4392 
8832 4447 4448 4392 
8833 4392 4448 4393 
8834 4448 4449 4393 
8835 4393 4449 4394 
8836 4449 4450 4394 
8837 4394 4450 4395 
8838 4450 4451 4395 
8839 4395 4451 4396 
8840 4451 4452 4396 
8841 4396 4452 4397 
8842 4452 4453 4397 
8843 4397 4453 4398 
8844 4453 4454 4398 
8845 4398 4454 4399 
8846 4454 4455 4399 
8847 4399 4455 4400 
8848 4455 4456 4400 
8849 4400 4456 4401 
8850 4456 4457 4401 
8851 4401 4457 4402 
8852 4457 4458 4402 
8853 4402 4458 4459 
8854 4402 4459 4403 
8855 4403 4459 4460 
8856 4403 4460 4404 
8857 4404 4460 4461 
8858 4404 4461 4405 
8859 4405 4461 4462 
8860 4405 4462 4406 
8861 4406 4462 4463 
8862 4406 4463 4407 
8863 4407 4463 4464 
8864 4407 4464 4408 
8865 4408 4464 4465 
8866 4408 4465 4409 
8867 4409 4465 4466 
8868 4409 4466 4410 
8869 4410 4466 4467 
8870 4410 4467 4411 
8871 4411 4467 4468 
8872 4411 4468 4412 
8873 4412 4468 4469 
8874 4412 4469 4413 
8875 4413 4469 4470 
8876 4413 4470 4414 
8877 4414 4470 4471 
8878 4414 4471 4415 
8879 4415 4471 4472 
8880 4415 4472 4416 
8881 4416 4472 4417 
8882 4472 4473 4417 
8883 4417 4473 4418 
8884 4473 4474 4418 
8885 4418 4474 4419 
8886 4474 4475 4419 
8887 4419 4475 4420 
8888 4475 4476 4420 
8889 4420 4476 4421 
8890 4476 4477 4421 
8891 4421 4477 4422 
8892 4477 4478 4422 
8893 4422 4478 4423 
8894 4478 4479 4423 
8895 4423 4479 4424 
8896 4479 4480 4424 
8897 4424 4480 4425 
8898 4480 4481 4425 
8899 4425 4481 4426 
8900 4481 4482 4426 
8901 4426 4482 4427 
8902 4482 4483 4427 
8903 4427 4483 4428 
8904 4483 4484 4428 
8905 4428 4484 4429 
8906 4484 4485 4429 
8907 4429 4485 4430 
8908 4485 4486 4430 
8909 4430 4486 4487 
8910 4430 4487 4431 
8911 4431 4487 4488 
8912 4431 4488 4432 
8913 4432 4488 4489 
8914 4432 4489 4433 
8915 4433 4489 4490 
8916 4433 4490 4434 
8917 4434 4490 4491 
8918 4434 4491 4435 
8919 4435 4491 4492 
8920 4435 4492 4436 
8921 4436 4492 4493 
8922 4436 4493 4437 
8923 4437 4493 4494 
8924 4437 4494 4438 
8925 4438 4494 4495 
8926 4438 4495 4439 
8927 4439 4495 4496 
8928 4439 4496 4440 
8929 4440 4496 4497 
8930 4440 4497 4441 
8931 4441 4497 4498 
8932 4441 4498 4442 
8933 4442 4498 4499 
8934 4442 4499 4443 
8935 4443 4499 4444 
8936 4443 4444 4388 
8937 4444 4500 4445 
8938 4500 4501 4445 
8939 4445 4501 4446 
8940 4501 4502 4446 
8941 4446 4502 4447 
8942 4502 4503 4447 
8943 4447 4503 4448 
8944 4503 4504 4448 
8945 4448 4504 4449 
8946 4504 4505 4449 
8947 4449 4505 4450 
8948 4505 4506 4450 
8949 4450 4506 4451 
8950 4506 4507 4451 
8951 4451 4507 4452 
8952 4507 4508 4452 
8953 4452 4508 4453 
8954 4508 4509 4453 
8955 4453 4509 4454 
8956 4509 4510 4454 
8957 4454 4510 4455 
8958 4510 4511 4455 
8959 4455 4511 4456 
8960 4511 4512 4456 
8961 4456 4512 4457 
8962 4512 4513 4457 
8963 4457 4513 4458 
8964 4513 4514 4458 
8965 4458 4514 4515 
8966 4458 4515 4459 
8967 4459 4515 4516 
8968 4459 4516 4460 
8969 4460 4516 4517 
8970 4460 4517 4461 
8971 4461 4517 4518 
8972 4461 4518 4462 
8973 4462 4518 4519 
8974 4462 4519 4463 
8975 4463 4519 4520 
8976 4463 4520 4464 
8977 4464 4520 4521 
8978 4464 4521 4465 
8979 4465 4521 4522 
8980 4465 4522 4466 
8981 4466 4522 4523 
8982 4466 4523 4467 
8983 4467 4523 4524 
8984 4467 4524 4468 
8985 4468 4524 4525 
8986 4468 4525 4469 
8987 4469 4525 4526 
8988 4469 4526 4470 
8989 4470 4526 4527 
8990 4470 4527 4471 
8991 4471 4527 4528 
8992 4471 4528 4472 
8993 4472 4528 4473 
8994 4528 4529 4473 
8995 4473 4529 4474 
8996 4529 4530 4474 
8997 4474 4530 4475 
8998 4530 4531 4475 
8999 4475 4531 4476 
9000 4531 4532 4476 
9001 4476 4532 4477 
9002 4532 4533 4477 
9003 4477 4533 4478 
9004 4533 4534 4478 
9005 4478 4534 4479 
9006 4534 4535 4479 
9007 4479 4535 4480 
9008 4535 4536 4480 
9009 4480 4536 4481 
9010 4536 4537 4481 
9011 4481 4537 4482 
9012 4537 4538 4482 
9013 4482 4538 4483 
9014 4538 4539 4483 
9015 4483 4539 4484 
9016 4539 4540 4484 
9017 4484 4540 4485 
9018 4540 4541 4485 
9019 4485 4541 4486 
9020 4541 4542 4486 
9021 4486 4542 4543 
9022 4486 4543 4487 
9023 4487 4543 4544 
9024 4487 4544 4488 
9025 4488 4544 4545 
9026 4488 4545 4489 
9027 4489 4545 4546 
9028 4489 4546 4490 
9029 4490 4546 4547 
9030 4490 4547 4491 
9031 4491 4547 4548 
9032 4491 4548 4492 
9033 4492 4548 4549 
9034 4492 4549 4493 
9035 4493 4549 4550 
9036 4493 4550 4494 
9037 4494 4550 4551 
9038 4494 4551 4495 
9039 4495 4551 4552 
9040 4495 4552 4496 
9041 4496 4552 4553 
9042 4496 4553 4497 
9043 4497 4553 4554 
9044 4497 4554 4498 
9045 4498 4554 4555 
9046 4498 4555 4499 
9047 4499 4555 4500 
9048 4499 4500 4444 
9049 4500 4556 4501 
9050 4556 4557 4501 
9051 4501 4557 4502 
9052 4557 4558 4502 
9053 4502 4558 4503 
9054 4558 4559 4503 
9055 4503 4559 4504 
9056 4559 4560 4504 
9057 4504 4560 4505 
9058 4560 4561 4505 
9059 4505 4561 4506 
9060 4561 4562 4506 
9061 4506 4562 4507 
9062 4562 4563 4507 
9063 4507 4563 4508 
9064 4563 4564 4508 
9065 4508 4564 4509 
9066 4564 4565 4509 
9067 4509 4565 4510 
9068 4565 4566 4510 
9069 4510 4566 4511 
9070 4566 4567 4511 
9071 4511 4567 4512 
9072 4567 4568 4512 
9073 4512 4568 4513 
9074 4568 4569 4513 
9075 4513 4569 4514 
9076 4569 4570 4514 
9077 4514 4570 4571 
9078 4514 4571 4515 
9079 4515 4571 4572 
9080 4515 4572 4516 
9081 4516 4572 4573 
9082 4516 4573 4517 
9083 4517 4573 4574 
9084 4517 4574 4518 
9085 4518 4574 4575 
9086 4518 4575 4519 
9087 4519 4575 4576 
9088 4519 4576 4520 
9089 4520 4576 4577 
9090 4520 4577 4521 
9091 4521 4577 4578 
9092 4521 4578 4522 
9093 4522 4578 4579 
9094 4522 4579 4523 
9095 4523 4579 4580 
9096 4523 4580 4524 
9097 4524 4580 4581 
9098 4524 4581 4525 
9099 4525 4581 4582 
9100 4525 4582 4526 
9101 4526 4582 4583 
9102 4526 4583 4527 
9103 4527 4583 4584 
9104 4527 4584 4528 
9105 4528 4584 4529 
9106 4584 4585 4529 
9107 4529 4585 4530 
9108 4585 4586 4530 
9109 4530 4586 4531 
9110 4586 4587 4531 
9111 4531 4587 4532 
9112 4587 4588 4532 
9113 4532 4588 4533 
9114 4588 4589 4533 
9115 4533 4589 4534 
9116 4589 4590 4534 
9117 4534 4590 4535 
9118 4590 4591 4535 
9119 4535 4591 4536 
9120 4591 4592 4536 
9121 4536 4592 4537 
9122 4592 4593 4537 
9123 4537 4593 4538 
9124 4593 4594 4538 
9125 4538 4594 4539 
9126 4594 4595 4539 
9127 4539 4595 4540 
9128 4595 4596 4540 
9129 4540 4596 4541 
9130 4596 4597 4541 
9131 4541 4597 4542 
9132 4597 4598 4542 
9133 4542 4598 4599 
9134 4542 4599 4543 
9135 4543 4599 4600 
9136 4543 4600 4544 
9137 4544 4600 4601 
9138 4544 4601 4545 
9139 4545 4601 4602 
9140 4545 4602 4546 
9141 4546 4602 4603 
9142 4546 4603 4547 
9143 4547 4603 4604 
9144 4547 4604 4548 
9145 4548 4604 4605 
9146 4548 4605 4549 
9147 4549 4605 4606 
9148 4549 4606 4550 
9149 4550 4606 4607 
9150 4550 4607 4551 
9151 4551 4607 4608 
9152 4551 4608 4552 
9153 4552 4608 4609 
9154 4552 4609 4553 
9155 4553 4609 4610 
9156 4553 4610 4554 
9157 4554 4610 4611 
9158 4554 4611 4555 
9159 4555 4611 4556 
9160 4555 4556 4500 
9161 4556 4612 4557 
9162 4612 4613 4557 
9163 4557 4613 4558 
9164 4613 4614 4558 
9165 4558 4614 4559 
9166 4614 4615 4559 
9167 4559 4615 4560 
9168 4615 4616 4560 
9169 4560 4616 4561 
9170 4616 4617 4561 
9171 4561 4617 4562 
9172 4617 4618 4562 
9173 4562 4618 4563 
9174 4618 4619 4563 
9175 4563 4619 4564 
9176 4619 4620 4564 
9177 4564 4620 4565 
9178 4620 4621 4565 
9179 4565 4621 4566 
9180 4621 4622 4566 
9181 4566 4622 4567 
9182 4622 4623 4567 
9183 4567 4623 4568 
9184 4623 4624 4568 
9185 4568 4624 4569 
9186 4624 4625 4569 
9187 4569 4625 4570 
9188 4625 4626 4570 
9189 4570 4626 4627 
9190 4570 4627 4571 
9191 4571 4627 4628 
9192 4571 4628 4572 
9193 4572 4628 4629 
9194 4572 4629 4573 
9195 4573 4629 4630 
9196 4573 4630 4574 
9197 4574 4630 4631 
9198 4574 4631 4575 
9199 4575 4631 4632 
9200 4575 4632 4576 
9201 4576 4632 4633 
9202 4576 4633 4577 
9203 4577 4633 4634 
9204 4577 4634 4578 
9205 4578 4634 4635 
9206 4578 4635 4579 
9207 4579 4635 4636 
9208 4579 4636 4580 
9209 4580 4636 4637 
9210 4580 4637 4581 
9211 4581 4637 4638 
9212 4581 4638 4582 
9213 4582 4638 4639 
9214 4582 4639 4583 
9215 4583 4639 4640 
9216 4583 4640 4584 
9217 4584 4640 4585 
9218 4640 4641 4585 
9219 4585 4641 4586 
9220 4641 4642 4586 
9221 4586 4642 4587 
9222 4642 4643 4587 
9223 4587 4643 4588 
9224 4643 4644 4588 
9225 4588 4644 4589 
9226 4644 4645 4589 
9227 4589 4645 4590 
9228 4645 4646 4590 
9229 4590 4646 4591 
9230 4646 4647 4591 
9231 4591 4647 4592 
9232 4647 4648 4592 
9233 4592 4648 4593 
9234 4648 4649 4593 
9235 4593 4649 4594 
9236 4649 4650 4594 
9237 4594 4650 4595 
9238 4650 4651 4595 
9239 4595 4651 4596 
9240 4651 4652 4596 
9241 4596 4652 4597 
9242 4652 4653 4597 
9243 4597 4653 4598 
9244 4653 4654 4598 
9245 4598 4654 4655 
9246 4598 4655 4599 
9247 4599 4655 4656 
9248 4599 4656 4600 
9249 4600 4656 4657 
9250 4600 4657 4601 
9251 4601 4657 4658 
9252 4601 4658 4602 
9253 4602 4658 4659 
9254 4602 4659 4603 
9255 4603 4659 4660 
9256 4603 4660 4604 
9257 4604 4660 4661 
9258 4604 4661 4605 
9259 4605 4661 4662 
9260 4605 4662 4606 
9261 4606 4662 4663 
9262 4606 4663 4607 
9263 4607 4663 4664 
9264 4607 4664 4608 
9265 4608 4664 4665 
9266 4608 4665 4609 
9267 4609 4665 4666 
9268 4609 4666 4610 
9269 4610 4666 4667 
9270 4610 4667 4611 
9271 4611 4667 4612 
9272 4611 4612 4556 
9273 4612 4668 4613 
9274 4668 4669 4613 
9275 4613 4669 4614 
9276 4669 4670 4614 
9277 4614 4670 4615 
9278 4670 4671 4615 
9279 4615 4671 4616 
9280 4671 4672 4616 
9281 4616 4672 4617 
9282 4672 4673 4617 
9283 4617 4673 4618 
9284 4673 4674 4618 
9285 4618 4674 4619 
9286 4674 4675 4619 
9287 4619 4675 4620 
9288 4675 4676 4620 
9289 4620 4676 4621 
9290 4676 4677 4621 
9291 4621 4677 4622 
9292 4677 4678 4622 
9293 4622 4678 4623 
9294 4678 4679 4623 
9295 4623 4679 4624 
9296 4679 4680 4624 
9297 4624 4680 4625 
9298 4680 4681 4625 
9299 4625 4681 4626 
9300 4681 4682 4626 
9301 4626 4682 4683 
9302 4626 4683 4627 
9303 4627 4683 4684 
9304 4627 4684 4628 
9305 4628 4684 4685 
9306 4628 4685 4629 
9307 4629 4685 4686 
9308 4629 4686 4630 
9309 4630 4686 4687 
9310 4630 4687 4631 
9311 4631 4687 4688 
9312 4631 4688 4632 
9313 4632 4688 4689 
9314 4632 4689 4633 
9315 4633 4689 4690 
9316 4633 4690 4634 
9317 4634 4690 4691 
9318 4634 4691 4635 
9319 4635 4691 4692 
9320 4635 4692 4636 
9321 4636 4692 4693 
9322 4636 4693 4637 
9323 4637 4693 4694 
9324 4637 4694 4638 
9325 4638 4694 4695 
9326 4638 4695 4639 
9327 4639 4695 4696 
9328 4639 4696 4640 
9329 4640 4696 4641 
9330 4696 4697 4641 
9331 4641 4697 4642 
9332 4697 4698 4642 
9333 4642 4698 4643 
9334 4698 4699 4643 
9335 4643 4699 4644 
9336 4699 4700 4644 
9337 4644 4700 4645 
9338 4700 4701 4645 
9339 4645 4701 4646 
9340 4701 4702 4646 
9341 4646 4702 4647 
9342 4702 4703 4647 
9343 4647 4703 4648 
9344 4703 4704 4648 
9345 4648 4704 4649 
9346 4704 4705 4649 
9347 4649 4705 4650 
9348 4705 4706 4650 
9349 4650 4706 4651 
9350 4706 4707 4651 
9351 4651 4707 4652 
9352 4707 4708 4652 
9353 4652 4708 4653 
9354 4708 4709 4653 
9355 4653 4709 4654 
9356 4709 4710 4654 
9357 4654 4710 4711 
9358 4654 4711 4655 
9359 4655 4711 4712 
9360 4655 4712 4656 
9361 4656 4712 4713 
9362 4656 4713 4657 
9363 4657 4713 4714 
9364 4657 4714 4658 
9365 4658 4714 4715 
9366 4658 4715 4659 
9367 4659 4715 4716 
9368 4659 4716 4660 
9369 4660 4716 4717 
9370 4660 4717 4661 
9371 4661 4717 4718 
9372 4661 4718 4662 
9373 4662 4718 4719 
9374 4662 4719 4663 
9375 4663 4719 4720 
9376 4663 4720 4664 
9377 4664 4720 4721 
9378 4664 4721 4665 
9379 4665 4721 4722 
9380 4665 4722 4666 
9381 4666 4722 4723 
9382 4666 4723 4667 
9383 4667 4723 4668 
9384 4667 4668 4612 
9385 4668 4724 4669 
9386 4724 4725 4669 
9387 4669 4725 4670 
9388 4725 4726 4670 
9389 4670 4726 4671 
9390 4726 4727 4671 
9391 4671 4727 4672 
9392 4727 4728 4672 
9393 4672 4728 4673 
9394 4728 4729 4673 
9395 4673 4729 4674 
9396 4729 4730 4674 
9397 4674 4730 4675 
9398 4730 4731 4675 
9399 4675 4731 4676 
9400 4731 4732 4676 
9401 4676 4732 4677 
9402 4732 4733 4677 
9403 4677 4733 4678 
9404 4733 4734 4678 
9405 4678 4734 4679 
9406 4734 4735 4679 
9407 4679 4735 4680 
9408 4735 4736 4680 
9409 4680 4736 4681 
9410 4736 4737 4681 
9411 4681 4737 4682 
9412 4737 4738 4682 
9413 4682 4738 4739 
9414 4682 4739 4683 
9415 4683 4739 4740 
9416 4683 4740 4684 
9417 4684 4740 4741 
9418 4684 4741 4685 
9419 4685 4741 4742 
9420 4685 4742 4686 
9421 4686 4742 4743 
9422 4686 4743 4687 
9423 4687 4743 4744 
9424 4687 4744 4688 
9425 4688 4744 4745 
9426 4688 4745 4689 
9427 4689 4745 4746 
9428 4689 4746 4690 
9429 4690 4746 4747 
9430 4690 4747 4691 
9431 4691 4747 4748 
9432 4691 4748 4692 
9433 4692 4748 4749 
9434 4692 4749 4693 
9435 4693 4749 4750 
9436 4693 4750 4694 
9437 4694 4750 4751 
9438 4694 4751 4695 
9439 4695 4751 4752 
9440 4695 4752 4696 
9441 4696 4752 4697 
9442 4752 4753 4697 
9443 4697 4753 4698 
9444 4753 4754 4698 
9445 4698 4754 4699 
9446 4754 4755 4699 
9447 4699 4755 4700 
9448 4755 4756 4700 
9449 4700 4756 4701 
9450 4756 4757 4701 
9451 4701 4757 4702 
9452 4757 4758 4702 
9453 4702 4758 4703 
9454 4758 4759 4703 
9455 4703 4759 4704 
9456 4759 4760 4704 
9457 4704 4760 4705 
9458 4760 4761 4705 
9459 4705 4761 4706 
9460 4761 4762 4706 
9461 4706 4762 4707 
9462 4762 4763 4707 
9463 4707 4763 4708 
9464 4763 4764 4708 
9465 4708 4764 4709 
9466 4764 4765 4709 
9467 4709 4765 4710 
9468 4765 4766 4710 
9469 4710 4766 4767 
9470 4710 4767 4711 
9471 4711 4767 4768 
9472 4711 4768 4712 
9473 4712 4768 4769 
9474 4712 4769 4713 
9475 4713 4769 4770 
9476 4713 4770 4714 
9477 4714 4770 4771 
9478 4714 4771 4715 
9479 4715 4771 4772 
9480 4715 4772 4716 
9481 4716 4772 4773 
9482 4716 4773 4717 
9483 4717 4773 4774 
9484 4717 4774 4718 
9485 4718 4774 4775 
9486 4718 4775 4719 
9487 4719 4775 4776 
9488 4719 4776 4720 
9489 4720 4776 4777 
9490 4720 4777 4721 
9491 4721 4777 4778 
9492 4721 4778 4722 
9493 4722 4778 4779 
9494 4722 4779 4723 
9495 4723 4779 4724 
9496 4723 4724 4668 
9497 4724 4780 4725 
9498 4780 4781 4725 
9499 4725 4781 4726 
9500 4781 4782 4726 
9501 4726 4782 4727 
9502 4782 4783 4727 
9503 4727 4783 4728 
9504 4783 4784 4728 
9505 4728 4784 4729 
9506 4784 4785 4729 
9507 4729 4785 4730 
9508 4785 4786 4730 
9509 4730 4786 4731 
9510 4786 4787 4731 
9511 4731 4787 4732 
9512 4787 4788 4732 
9513 4732 4788 4733 
9514 4788 4789 4733 
9515 4733 4789 4734 
9516 4789 4790 4734 
9517 4734 4790 4735 
9518 4790 4791 4735 
9519 4735 4791 4736 
9520 4791 4792 4736 
9521 4736 4792 4737 
9522 4792 4793 4737 
9523 4737 4793 4738 
9524 4793 4794 4738 
9525 4738 4794 4795 
9526 4738 4795 4739 
9527 4739 4795 4796 
9528 4739 4796 4740 
9529 4740 4796 4797 
9530 4740 4797 4741 
9531 4741 4797 4798 
9532 4741 4798 4742 
9533 4742 4798 4799 
9534 4742 4799 4743 
9535 4743 4799 4800 
9536 4743 4800 4744 
9537 4744 4800 4801 
9538 4744 4801 4745 
9539 4745 4801 4802 
9540 4745 4802 4746 
9541 4746 4802 4803 
9542 4746 4803 4747 
9543 4747 4803 4804 
9544 4747 4804 4748 
9545 4748 4804 4805 
9546 4748 4805 4749 
9547 4749 4805 4806 
9548 4749 4806 4750 
9549 4750 4806 4807 
9550 4750 4807 4751 
9551 4751 4807 4808 
9552 4751 4808 4752 
9553 4752 4808 4753 
9554 4808 4809 4753 
9555 4753 4809 4754 
9556 4809 4810 4754 
9557 4754 4810 4755 
9558 4810 4811 4755 
9559 4755 4811 4756 
9560 4811 4812 4756 
9561 4756 4812 4757 
9562 4812 4813 4757 
9563 4757 4813 4758 
9564 4813 4814 4758 
9565 4758 4814 4759 
9566 4814 4815 4759 
9567 4759 4815 4760 
9568 4815 4816 4760 
9569 4760 4816 4761 
9570 4816 4817 4761 
9571 4761 4817 4762 
9572 4817 4818 4762 
9573 4762 4818 4763 
9574 4818 4819 4763 
9575 4763 4819 4764 
9576 4819 4820 4764 
9577 4764 4820 4765 
9578 4820 4821 4765 
9579 4765 4821 4766 
9580 4821 4822 4766 
9581 4766 4822 4823 
9582 4766 4823 4767 
9583 4767 4823 4824 
9584 4767 4824 4768 
9585 4768 4824 4825 
9586 4768 4825 4769 
9587 4769 4825 4826 
9588 4769 4826 4770 
9589 4770 4826 4827 
9590 4770 4827 4771 
9591 4771 4827 4828 
9592 4771 4828 4772 
9593 4772 4828 4829 
9594 4772 4829 4773 
9595 4773 4829 4830 
9596 4773 4830 4774 
9597 4774 4830 4831 
9598 4774 4831 4775 
9599 4775 4831 4832 
9600 4775 4832 4776 
9601 4776 4832 4833 
9602 4776 4833 4777 
9603 4777 4833 4834 
9604 4777 4834 4778 
9605 4778 4834 4835 
9606 4778 4835 4779 
9607 4779 4835 4780 
9608 4779 4780 4724 
9609 4780 4836 4781 
9610 4836 4837 4781 
9611 4781 4837 4782 
9612 4837 4838 4782 
9613 4782 4838 4783 
9614 4838 4839 4783 
9615 4783 4839 4784 
9616 4839 4840 4784 
9617 4784 4840 4785 
9618 4840 4841 4785 
9619 4785 4841 4786 
9620 4841 4842 4786 
9621 4786 4842 4787 
9622 4842 4843 4787 
9623 4787 4843 4788 
9624 4843 4844 4788 
9625 4788 4844 4789 
9626 4844 4845 4789 
9627 4789 4845 4790 
9628 4845 4846 4790 
9629 4790 4846 4791 
9630 4846 4847 4791 
9631 4791 4847 4792 
9632 4847 4848 4792 
9633 4792 4848 4793 
9634 4848 4849 4793 
9635 4793 4849 4794 
9636 4849 4850 4794 
9637 4794 4850 4851 
9638 4794 4851 4795 
9639 4795 4851 4852 
9640 4795 4852 4796 
9641 4796 4852 4853 
9642 4796 4853 4797 
9643 4797 4853 4854 
9644 4797 4854 4798 
9645 4798 4854 4855 
9646 4798 4855 4799 
9647 4799 4855 4856 
9648 4799 4856 4800 
9649 4800 4856 4857 
9650 4800 4857 4801 
9651 4801 4857 4858 
9652 4801 4858 4802 
9653 4802 4858 4859 
9654 4802 4859 4803 
9655 4803 4859 4860 
9656 4803 4860 4804 
9657 4804 4860 4861 
9658 4804 4861 4805 
9659 4805 4861 4862 
9660 4805 4862 4806 
9661 4806 4862 4863 
9662 4806 4863 4807 
9663 4807 4863 4864 
9664 4807 4864 4808 
9665 4808 4864 4809 
9666 4864 4865 4809 
9667 4809 4865 4810 
9668 4865 4866 4810 
9669 4810 4866 4811 
9670 4866 4867 4811 
9671 4811 4867 4812 
9672 4867 4868 4812 
9673 4812 4868 4813 
9674 4868 4869 4813 
9675 4813 4869 4814 
9676 4869 4870 4814 
9677 4814 4870 4815 
9678 4870 4871 4815 
9679 4815 4871 4816 
9680 4871 4872 4816 
9681 4816 4872 4817 
9682 4872 4873 4817 
9683 4817 4873 4818 
9684 4873 4874 4818 
9685 4818 4874 4819 
9686 4874 4875 4819 
9687 4819 4875 4820 
9688 4875 4876 4820 
9689 4820 4876 4821 
9690 4876 4877 4821 
9691 4821 4877 4822 
9692 4877 4878 4822 
9693 4822 4878 4879 
9694 4822 4879 4823 
9695 4823 4879 4880 
9696 4823 4880 4824 
9697 4824 4880 4881 
9698 4824 4881 4825 
9699 4825 4881 4882 
9700 4825 4882 4826 
9701 4826 4882 4883 
9702 4826 4883 4827 
9703 4827 4883 4884 
9704 4827 4884 4828 
9705 4828 4884 4885 
9706 4828 4885 4829 
9707 4829 4885 4886 
9708 4829 4886 4830 
9709 4830 4886 4887 
9710 4830 4887 4831 
9711 4831 4887 4888 
9712 4831 4888 4832 
9713 4832 4888 4889 
9714 4832 4889 4833 
9715 4833 4889 4890 
9716 4833 4890 4834 
9717 4834 4890 4891 
9718 4834 4891 4835 
9719 4835 4891 4836 
9720 4835 4836 4780 
9721 4836 4892 4837 
9722 4892 4893 4837 
9723 4837 4893 4838 
9724 4893 4894 4838 
9725 4838 4894 4839 
9726 4894 4895 4839 
9727 4839 4895 4840 
9728 4895 4896 4840 
9729 4840 4896 4841 
9730 4896 4897 4841 
9731 4841 4897 4842 
9732 4897 4898 4842 
9733 4842 4898 4843 
9734 4898 4899 4843 
9735 4843 4899 4844 
9736 4899 4900 4844 
9737 4844 4900 4845 
9738 4900 4901 4845 
9739 4845 4901 4846 
9740 4901 4902 4846 
9741 4846 4902 4847 
9742 4902 4903 4847 
9743 4847 4903 4848 
9744 4903 4904 4848 
9745 4848 4904 4849 
9746 4904 4905 4849 
9747 4849 4905 4850 
9748 4905 4906 4850 
9749 4850 4906 4907 
9750 4850 4907 4851 
9751 4851 4907 4908 
9752 4851 4908 4852 
9753 4852 4908 4909 
9754 4852 4909 4853 
9755 4853 4909 4910 
9756 4853 4910 4854 
9757 4854 4910 4911 
9758 4854 4911 4855 
9759 4855 4911 4912 
9760 4855 4912 4856 
9761 4856 4912 4913 
9762 4856 4913 4857 
9763 4857 4913 4914 
9764 4857 4914 4858 
9765 4858 4914 4915 
9766 4858 4915 4859 
9767 4859 4915 4916 
9768 4859 4916 4860 
9769 4860 4916 4917 
9770 4860 4917 4861 
9771 4861 4917 4918 
9772 4861 4918 4862 
9773 4862 4918 4919 
9774 4862 4919 4863 
9775 4863 4919 4920 
9776 4863 4920 4864 
9777 4864 4920 4865 
9778 4920 4921 4865 
9779 4865 4921 4866 
9780 4921 4922 4866 
9781 4866 4922 4867 
9782 4922 4923 4867 
9783 4867 4923 4868 
9784 4923 4924 4868 
9785 4868 4924 4869 
9786 4924 4925 4869 
9787 4869 4925 4870 
9788 4925 4926 4870 
9789 4870 4926 4871 
9790 4926 4927 4871 
9791 4871 4927 4872 
9792 4927 4928 4872 
9793 4872 4928 4873 
9794 4928 4929 4873 
9795 4873 4929 4874 
9796 4929 4930 4874 
9797 4874 4930 4875 
9798 4930 4931 4875 
9799 4875 4931 4876 
9800 4931 4932 4876 
9801 4876 4932 4877 
9802 4932 4933 4877 
9803 4877 4933 4878 
9804 4933 4934 4878 
9805 4878 4934 4935 
9806 4878 4935 4879 
9807 4879 4935 4936 
9808 4879 4936 4880 
9809 4880 4936 4937 
9810 4880 4937 4881 
9811 4881 4937 4938 
9812 4881 4938 4882 
9813 4882 4938 4939 
9814 4882 4939 4883 
9815 4883 4939 4940 
9816 4883 4940 4884 
9817 4884 4940 4941 
9818 4884 4941 4885 
9819 4885 4941 4942 
9820 4885 4942 4886 
9821 4886 4942 4943 
9822 4886 4943 4887 
9823 4887 4943 4944 
9824 4887 4944 4888 
9825 4888 4944 4945 
9826 4888 4945 4889 
9827 4889 4945 4946 
9828 4889 4946 4890 
9829 4890 4946 4947 
9830 4890 4947 4891 
9831 4891 4947 4892 
9832 4891 4892 4836 
9833 4892 4948 4893 
9834 4948 4949 4893 
9835 4893 4949 4894 
9836 4949 4950 4894 
9837 4894 4950 4895 
9838 4950 4951 4895 
9839 4895 4951 4896 
9840 4951 4952 4896 
9841 4896 4952 4897 
9842 4952 4953 4897 
9843 4897 4953 4898 
9844 4953 4954 4898 
9845 4898 4954 4899 
9846 4954 4955 4899 
9847 4899 4955 4900 
9848 4955 4956 4900 
9849 4900 4956 4901 
9850 4956 4957 4901 
9851 4901 4957 4902 
9852 4957 4958 4902 
9853 4902 4958 4903 
9854 4958 4959 4903 
9855 4903 4959 4904 
9856 4959 4960 4904 
9857 4904 4960 4905 
9858 4960 4961 4905 
9859 4905 4961 4906 
9860 4961 4962 4906 
9861 4906 4962 4963 
9862 4906 4963 4907 
9863 4907 4963 4964 
9864 4907 4964 4908 
9865 4908 4964 4965 
9866 4908 4965 4909 
9867 4909 4965 4966 
9868 4909 4966 4910 
9869 4910 4966 4967 
9870 4910 4967 4911 
9871 4911 4967 4968 
9872 4911 4968 4912 
9873 4912 4968 4969 
9874 4912 4969 4913 
9875 4913 4969 4970 
9876 4913 4970 4914 
9877 4914 4970 4971 
9878 4914 4971 4915 
9879 4915 4971 4972 
9880 4915 4972 4916 
9881 4916 4972 4973 
9882 4916 4973 4917 
9883 4917 4973 4974 
9884 4917 4974 4918 
9885 4918 4974 4975 
9886 4918 4975 4919 
9887 4919 4975 4976 
9888 4919 4976 4920 
9889 4920 4976 4921 
9890 4976 4977 4921 
9891 4921 4977 4922 
9892 4977 4978 4922 
9893 4922 4978 4923 
9894 4978 4979 4923 
9895 4923 4979 4924 
9896 4979 4980 4924 
9897 4924 4980 4925 
9898 4980 4981 4925 
9899 4925 4981 4926 
9900 4981 4982 4926 
9901 4926 4982 4927 
9902 4982 4983 4927 
9903 4927 4983 4928 
9904 4983 4984 4928 
9905 4928 4984 4929 
9906 4984 4985 4929 
9907 4929 4985 4930 
9908 4985 4986 4930 
9909 4930 4986 4931 
9910 4986 4987 4931 
9911 4931 4987 4932 
9912 4987 4988 4932 
9913 4932 4988 4933 
9914 4988 4989 4933 
9915 4933 4989 4934 
9916 4989 4990 4934 
9917 4934 4990 4991 
9918 4934 4991 4935 
9919 4935 4991 4992 
9920 4935 4992 4936 
9921 4936 4992 4993 
9922 4936 4993 4937 
9923 4937 4993 4994 
9924 4937 4994 4938 
9925 4938 4994 4995 
9926 4938 4995 4939 
9927 4939 4995 4996 
9928 4939 4996 4940 
9929 4940 4996 4997 
9930 4940 4997 4941 
9931 4941 4997 4998 
9932 4941 4998 4942 
9933 4942 4998 4999 
9934 4942 4999 4943 
9935 4943 4999 5000 
9936 4943 5000 4944 
9937 4944 5000 5001 
9938 4944 5001 4945 
9939 4945 5001 5002 
9940 4945 5002 4946 
9941 4946 5002 5003 
9942 4946 5003 4947 
9943 4947 5003 4948 
9944 4947 4948 4892 
9945 4948 5004 4949 
9946 5004 5005 4949 
9947 4949 5005 4950 
9948 5005 5006 4950 
9949 4950 5006 4951 
9950 5006 5007 4951 
9951 4951 5007 4952 
9952 5007 5008 4952 
9953 4952 5008 4953 
9954 5008 5009 4953 
9955 4953 5009 4954 
9956 5009 5010 4954 
9957 4954 5010 4955 
9958 5010 5011 4955 
9959 4955 5011 4956 
9960 5011 5012 4956 
9961 4956 5012 4957 
9962 5012 5013 4957 
9963 4957 5013 4958 
9964 5013 5014 4958 
9965 4958 5014 4959 
9966 5014 5015 4959 
9967 4959 5015 4960 
9968 5015 5016 4960 
9969 4960 5016 4961 
9970 5016 5017 4961 
9971 4961 5017 4962 
9972 5017 5018 4962 
9973 4962 5018 5019 
9974 4962 5019 4963 
9975 4963 5019 5020 
9976 4963 5020 4964 
9977 4964 5020 5021 
9978 4964 5021 4965 
9979 4965 5021 5022 
9980 4965 5022 4966 
9981 4966 5022 5023 
9982 4966 5023 4967 
9983 4967 5023 5024 
9984 4967 5024 4968 
9985 4968 5024 5025 
9986 4968 5025 4969 
9987 4969 5025 5026 
9988 4969 5026 4970 
9989 4970 5026 5027 
9990 4970 5027 4971 
9991 4971 5027 5028 
9992 4971 5028 4972 
9993 4972 5028 5029 
9994 4972 5029 4973 
9995 4973 5029 5030 
9996 4973 5030 4974 
9997 4974 5030 5031 
9998 4974 5031 4975 
9999 4975 5031 5032 
10000 4975 5032 4976 
10001 4976 5032 4977 
10002 5032 5033 4977 
10003 4977 5033 4978 
10004 5033 5034 4978 
10005 4978 5034 4979 
10006 5034 5035 4979 
10007 4979 5035 4980 
10008 5035 5036 4980 
10009 4980 5036 4981 
10010 5036 5037 4981 
10011 4981 5037 4982 
10012 5037 5038 4982 
10013 4982 5038 4983 
10014 5038 5039 4983 
10015 4983 5039 4984 
10016 5039 5040 4984 
10017 4984 5040 4985 
10018 5040 5041 4985 
10019 4985 5041 4986 
10020 5041 5042 4986 
10021 4986 5042 4987 
10022 5042 5043 4987 
10023 4987 5043 4988 
10024 5043 5044 4988 
10025 4988 5044 4989 
10026 5044 5045 4989 
10027 4989 5045 4990 
10028 5045 5046 4990 
10029 4990 5046 5047 
10030 4990 5047 4991 
10031 4991 5047 5048 
10032 4991 5048 4992 
10033 4992 5048 5049 
10034 4992 5049 4993 
10035 4993 5049 5050 
10036 4993 5050 4994 
10037 4994 5050 5051 
10038 4994 5051 4995 
10039 4995 5051 5052 
10040 4995 5052 4996 
10041 4996 5052 5053 
10042 4996 5053 4997 
10043 4997 5053 5054 
10044 4997 5054 4998 
10045 4998 5054 5055 
10046 4998 5055 4999 
10047 4999 5055 5056 
10048 4999 5056 5000 
10049 5000 5056 5057 
10050 5000 5057 5001 
10051 5001 5057 5058 
10052 5001 5058 5002 
10053 5002 5058 5059 
10054 5002 5059 5003 
10055 5003 5059 5004 
10056 5003 5004 4948 
10057 5004 5061 5060 
10058 5004 5060 5005 
10059 5005 5060 5062 
10060 5005 5062 5006 
10061 5006 5062 5063 
10062 5006 5063 5007 
10063 5007 5063 5064 
10064 5007 5064 5008 
10065 5008 5064 5065 
10066 5008 5065 5009 
10067 5009 5065 5066 
10068 5009 5066 5010 
10069 5010 5066 5067 
10070 5010 5067 5011 
10071 5011 5067 5068 
10072 5011 5068 5012 
10073 5012 5068 5069 
10074 5012 5069 5013 
10075 5013 5069 5070 
10076 5013 5070 5014 
10077 5014 5070 5071 
10078 5014 5071 5015 
10079 5015 5071 5072 
10080 5015 5072 5016 
10081 5016 5072 5073 
10082 5016 5073 5017 
10083 5017 5073 5074 
10084 5017 5074 5018 
10085 5018 5074 5019 
10086 5074 5075 5019 
10087 5019 5075 5020 
10088 5075 5076 5020 
10089 5020 5076 5021 
10090 5076 5077 5021 
10091 5021 5077 5022 
10092 5077 5078 5022 
10093 5022 5078 5023 
10094 5078 5079 5023 
10095 5023 5079 5024 
10096 5079 5080 5024 
10097 5024 5080 5025 
10098 5080 5081 5025 
10099 5025 5081 5026 
10100 5081 5082 5026 
10101 5026 5082 5027 
10102 5082 5083 5027 
10103 5027 5083 5028 
10104 5083 5084 5028 
10105 5028 5084 5029 
10106 5084 5085 5029 
10107 5029 5085 5030 
10108 5085 5086 5030 
10109 5030 5086 5031 
10110 5086 5087 5031 
10111 5031 5087 5032 
10112 5087 5088 5032 
10113 5032 5088 5089 
10114 5032 5089 5033 
10115 5033 5089 5090 
10116 5033 5090 5034 
10117 5034 5090 5091 
10118 5034 5091 5035 
10119 5035 5091 5092 
10120 5035 5092 5036 
10121 5036 5092 5093 
10122 5036 5093 5037 
10123 5037 5093 5094 
10124 5037 5094 5038 
10125 5038 5094 5095 
10126 5038 5095 5039 
10127 5039 5095 5096 
10128 5039 5096 5040 
10129 5040 5096 5097 
10130 5040 5097 5041 
10131 5041 5097 5098 
10132 5041 5098 5042 
10133 5042 5098 5099 
10134 5042 5099 5043 
10135 5043 5099 5100 
10136 5043 5100 5044 
10137 5044 5100 5101 
10138 5044 5101 5045 
10139 5045 5101 5102 
10140 5045 5102 5046 
10141 5046 5102 5047 
10142 5102 5103 5047 
10143 5047 5103 5048 
10144 5103 5104 5048 
10145 5048 5104 5049 
10146 5104 5105 5049 
10147 5049 5105 5050 
10148 5105 5106 5050 
10149 5050 5106 5051 
10150 5106 5107 5051 
10151 5051 5107 5052 
10152 5107 5108 5052 
10153 5052 5108 5053 
10154 5108 5109 5053 
10155 5053 5109 5054 
10156 5109 5110 5054 
10157 5054 5110 5055 
10158 5110 5111 5055 
10159 5055 5111 5056 
10160 5111 5112 5056 
10161 5056 5112 5057 
10162 5112 5113 5057 
10163 5057 5113 5058 
10164 5113 5114 5058 
10165 5058 5114 5059 
10166 5114 5115 5059 
10167 5059 5115 5004 
10168 5115 5061 5004 
10169 5061 5117 5116 
10170 5061 5116 5060 
10171 5060 5116 5118 
10172 5060 5118 5062 
10173 5062 5118 5119 
10174 5062 5119 5063 
10175 5063 5119 5120 
10176 5063 5120 5064 
10177 5064 5120 5121 
10178 5064 5121 5065 
10179 5065 5121 5122 
10180 5065 5122 5066 
10181 5066 5122 5123 
10182 5066 5123 5067 
10183 5067 5123 5124 
10184 5067 5124 5068 
10185 5068 5124 5125 
10186 5068 5125 5069 
10187 5069 5125 5126 
10188 5069 5126 5070 
10189 5070 5126 5127 
10190 5070 5127 5071 
10191 5071 5127 5128 
10192 5071 5128 5072 
10193 5072 5128 5129 
10194 5072 5129 5073 
10195 5073 5129 5130 
10196 5073 5130 5074 
10197 5074 5130 5075 
10198 5130 5131 5075 
10199 5075 5131 5076 
10200 5131 5132 5076 
10201 5076 5132 5077 
10202 5132 5133 5077 
10203 5077 5133 5078 
10204 5133 5134 5078 
10205 5078 5134 5079 
10206 5134 5135 5079 
10207 5079 5135 5080 
10208 5135 5136 5080 
10209 5080 5136 5081 
10210 5136 5137 5081 
10211 5081 5137 5082 
10212 5137 5138 5082 
10213 5082 5138 5083 
10214 5138 5139 5083 
10215 5083 5139 5084 
10216 5139 5140 5084 
10217 5084 5140 5085 
10218 5140 5141 5085 
10219 5085 5141 5086 
10220 5141 5142 5086 
10221 5086 5142 5087 
10222 5142 5143 5087 
10223 5087 5143 5088 
10224 5143 5144 5088 
10225 5088 5144 5145 
10226 5088 5145 5089 
10227 5089 5145 5146 
10228 5089 5146 5090 
10229 5090 5146 5147 
10230 5090 5147 5091 
10231 5091 5147 5148 
10232 5091 5148 5092 
10233 5092 5148 5149 
10234 5092 5149 5093 
10235 5093 5149 5150 
10236 5093 5150 5094 
10237 5094 5150 5151 
10238 5094 5151 5095 
10239 5095 5151 5152 
10240 5095 5152 5096 
10241 5096 5152 5153 
10242 5096 5153 5097 
10243 5097 5153 5154 
10244 5097 5154 5098 
10245 5098 5154 5155 
10246 5098 5155 5099 
10247 5099 5155 5156 
10248 5099 5156 5100 
10249 5100 5156 5157 
10250 5100 5157 5101 
10251 5101 5157 5158 
10252 5101 5158 5102 
10253 5102 5158 5103 
10254 5158 5159 5103 
10255 5103 5159 5104 
10256 5159 5160 5104 
10257 5104 5160 5105 
10258 5160 5161 5105 
10259 5105 5161 5106 
10260 5161 5162 5106 
10261 5106 5162 5107 
10262 5162 5163 5107 
10263 5107 5163 5108 
10264 5163 5164 5108 
10265 5108 5164 5109 
10266 5164 5165 5109 
10267 5109 5165 5110 
10268 5165 5166 5110 
10269 5110 5166 5111 
10270 5166 5167 5111 
10271 5111 5167 5112 
10272 5167 5168 5112 
10273 5112 5168 5113 
10274 5168 5169 5113 
10275 5113 5169 5114 
10276 5169 5170 5114 
10277 5114 5170 5115 
10278 5170 5171 5115 
10279 5115 5171 5061 
10280 5171 5117 5061 
10281 5117 5173 5172 
10282 5117 5172 5116 
10283 5116 5172 5174 
10284 5116 5174 5118 
10285 5118 5174 5175 
10286 5118 5175 5119 
10287 5119 5175 5176 
10288 5119 5176 5120 
10289 5120 5176 5177 
10290 5120 5177 5121 
10291 5121 5177 5178 
10292 5121 5178 5122 
10293 5122 5178 5179 
10294 5122 5179 5123 
10295 5123 5179 5180 
10296 5123 5180 5124 
10297 5124 5180 5181 
10298 5124 5181 5125 
10299 5125 5181 5182 
10300 5125 5182 5126 
10301 5126 5182 5183 
10302 5126 5183 5127 
10303 5127 5183 5184 
10304 5127 5184 5128 
10305 5128 5184 5185 
10306 5128 5185 5129 
10307 5129 5185 5186 
10308 5129 5186 5130 
10309 5130 5186 5131 
10310 5186 5187 5131 
10311 5131 5187 5132 
10312 5187 5188 5132 
10313 5132 5188 5133 
10314 5188 5189 5133 
10315 5133 5189 5134 
10316 5189 5190 5134 
10317 5134 5190 5135 
10318 5190 5191 5135 
10319 5135 5191 5136 
10320 5191 5192 5136 
10321 5136 5192 5137 
10322 5192 5193 5137 
10323 5137 5193 5138 
10324 5193 5194 5138 
10325 5138 5194 5139 
10326 5194 5195 5139 
10327 5139 5195 5140 
10328 5195 5196 5140 
10329 5140 5196 5141 
10330 5196 5197 5141 
10331 5141 5197 5142 
10332 5197 5198 5142 
10333 5142 5198 5143 
10334 5198 5199 5143 
10335 5143 5199 5144 
10336 5199 5200 5144 
10337 5144 5200 5201 
10338 5144 5201 5145 
10339 5145 5201 5202 
10340 5145 5202 5146 
10341 5146 5202 5203 
10342 5146 5203 5147 
10343 5147 5203 5204 
10344 5147 5204 5148 
10345 5148 5204 5205 
10346 5148 5205 5149 
10347 5149 5205 5206 
10348 5149 5206 5150 
10349 5150 5206 5207 
10350 5150 5207 5151 
10351 5151 5207 5208 
10352 5151 5208 5152 
10353 5152 5208 5209 
10354 5152 5209 5153 
10355 5153 5209 5210 
10356 5153 5210 5154 
10357 5154 5210 5211 
10358 5154 5211 5155 
10359 5155 5211 5212 
10360 5155 5212 5156 
10361 5156 5212 5213 
10362 5156 5213 5157 
10363 5157 5213 5214 
10364 5157 5214 5158 
10365 5158 5214 5159 
10366 5214 5215 5159 
10367 5159 5215 5160 
10368 5215 5216 5160 
10369 5160 5216 5161 
10370 5216 5217 5161 
10371 5161 5217 5162 
10372 5217 5218 5162 
10373 5162 5218 5163 
10374 5218 5219 5163 
10375 5163 5219 5164 
10376 5219 5220 5164 
10377 5164 5220 5165 
10378 5220 5221 5165 
10379 5165 5221 5166 
10380 5221 5222 5166 
10381 5166 5222 5167 
10382 5222 5223 5167 
10383 5167 5223 5168 
10384 5223 5224 5168 
10385 5168 5224 5169 
10386 5224 5225 5169 
10387 5169 5225 5170 
10388 5225 5226 5170 
10389 5170 5226 5171 
10390 5226 5227 5171 
10391 5171 5227 5117 
10392 5227 5173 5117 
10393 5173 5229 5228 
10394 5173 5228 5172 
10395 5172 5228 5230 
10396 5172 5230 5174 
10397 5174 5230 5231 
10398 5174 5231 5175 
10399 5175 5231 5232 
10400 5175 5232 5176 
10401 5176 5232 5233 
10402 5176 5233 5177 
10403 5177 5233 5234 
10404 5177 5234 5178 
10405 5178 5234 5235 
10406 5178 5235 5179 
10407 5179 5235 5236 
10408 5179 5236 5180 
10409 5180 5236 5237 
10410 5180 5237 5181 
10411 5181 5237 5238 
10412 5181 5238 5182 
10413 5182 5238 5239 
10414 5182 5239 5183 
10415 5183 5239 5240 
10416 5183 5240 5184 
10417 5184 5240 5241 
10418 5184 5241 5185 
10419 5185 5241 5242 
10420 5185 5242 5186 
10421 5186 5242 5187 
10422 5242 5243 5187 
10423 5187 5243 5188 
10424 5243 5244 5188 
10425 5188 5244 5189 
10426 5244 5245 5189 
10427 5189 5245 5190 
10428 5245 5246 5190 
10429 5190 5246 5191 
10430 5246 5247 5191 
10431 5191 5247 5192 
10432 5247 5248 5192 
10433 5192 5248 5193 
10434 5248 5249 5193 
10435 5193 5249 5194 
10436 5249 5250 5194 
10437 5194 5250 5195 
10438 5250 5251 5195 
10439 5195 5251 5196 
10440 5251 5252 5196 
10441 5196 5252 5197 
10442 5252 5253 5197 
10443 5197 5253 5198 
10444 5253 5254 5198 
10445 5198 5254 5199 
10446 5254 5255 5199 
10447 5199 5255 5200 
10448 5255 5256 5200 
10449 5200 5256 5257 
10450 5200 5257 5201 
10451 5201 5257 5258 
10452 5201 5258 5202 
10453 5202 5258 5259 
10454 5202 5259 5203 
10455 5203 5259 5260 
10456 5203 5260 5204 
10457 5204 5260 5261 
10458 5204 5261 5205 
10459 5205 5261 5262 
10460 5205 5262 5206 
10461 5206 5262 5263 
10462 5206 5263 5207 
10463 5207 5263 5264 
10464 5207 5264 5208 
10465 5208 5264 5265 
10466 5208 5265 5209 
10467 5209 5265 5266 
10468 5209 5266 5210 
10469 5210 5266 5267 
10470 5210 5267 5211 
10471 5211 5267 5268 
10472 5211 5268 5212 
10473 5212 5268 5269 
10474 5212 5269 5213 
10475 5213 5269 5270 
10476 5213 5270 5214 
10477 5214 5270 5215 
10478 5270 5271 5215 
10479 5215 5271 5216 
10480 5271 5272 5216 
10481 5216 5272 5217 
10482 5272 5273 5217 
10483 5217 5273 5218 
10484 5273 5274 5218 
10485 5218 5274 5219 
10486 5274 5275 5219 
10487 5219 5275 5220 
10488 5275 5276 5220 
10489 5220 5276 5221 
10490 5276 5277 5221 
10491 5221 5277 5222 
10492 5277 5278 5222 
10493 5222 5278 5223 
10494 5278 5279 5223 
10495 5223 5279 5224 
10496 5279 5280 5224 
10497 5224 5280 5225 
10498 5280 5281 5225 
10499 5225 5281 5226 
10500 5281 5282 5226 
10501 5226 5282 5227 
10502 5282 5283 5227 
10503 5227 5283 5173 
10504 5283 5229 5173 
10505 5229 5285 5284 
10506 5229 5284 5228 
10507 5228 5284 5286 
10508 5228 5286 5230 
10509 5230 5286 5287 
10510 5230 5287 5231 
10511 5231 5287 5288 
10512 5231 5288 5232 
10513 5232 5288 5289 
10514 5232 5289 5233 
10515 5233 5289 5290 
10516 5233 5290 5234 
10517 5234 5290 5291 
10518 5234 5291 5235 
10519 5235 5291 5292 
10520 5235 5292 5236 
10521 5236 5292 5293 
10522 5236 5293 5237 
10523 5237 5293 5294 
10524 5237 5294 5238 
10525 5238 5294 5295 
10526 5238 5295 5239 
10527 5239 5295 5296 
10528 5239 5296 5240 
10529 5240 5296 5297 
10530 5240 5297 5241 
10531 5241 5297 5298 
10532 5241 5298 5242 
10533 5242 5298 5243 
10534 5298 5299 5243 
10535 5243 5299 5244 
10536 5299 5300 5244 
10537 5244 5300 5245 
10538 5300 5301 5245 
10539 5245 5301 5246 
10540 5301 5302 5246 
10541 5246 5302 5247 
10542 5302 5303 5247 
10543 5247 5303 5248 
10544 5303 5304 5248 
10545 5248 5304 5249 
10546 5304 5305 5249 
10547 5249 5305 5250 
10548 5305 5306 5250 
10549 5250 5306 5251 
10550 5306 5307 5251 
10551 5251 5307 5252 
10552 5307 5308 5252 
10553 5252 5308 5253 
10554 5308 5309 5253 
10555 5253 5309 5254 
10556 5309 5310 5254 
10557 5254 5310 5255 
10558 5310 5311 5255 
10559 5255 5311 5256 
10560 5311 5312 5256 
10561 5256 5312 5313 
10562 5256 5313 5257 
10563 5257 5313 5314 
10564 5257 5314 5258 
10565 5258 5314 5315 
10566 5258 5315 5259 
10567 5259 5315 5316 
10568 5259 5316 5260 
10569 5260 5316 5317 
10570 5260 5317 5261 
10571 5261 5317 5318 
10572 5261 5318 5262 
10573 5262 5318 5319 
10574 5262 5319 5263 
10575 5263 5319 5320 
10576 5263 5320 5264 
10577 5264 5320 5321 
10578 5264 5321 5265 
10579 5265 5321 5322 
10580 5265 5322 5266 
10581 5266 5322 5323 
10582 5266 5323 5267 
10583 5267 5323 5324 
10584 5267 5324 5268 
10585 5268 5324 5325 
10586 5268 5325 5269 
10587 5269 5325 5326 
10588 5269 5326 5270 
10589 5270 5326 5271 
10590 5326 5327 5271 
10591 5271 5327 5272 
10592 5327 5328 5272 
10593 5272 5328 5273 
10594 5328 5329 5273 
10595 5273 5329 5274 
10596 5329 5330 5274 
10597 5274 5330 5275 
10598 5330 5331 5275 
10599 5275 5331 5276 
10600 5331 5332 5276 
10601 5276 5332 5277 
10602 5332 5333 5277 
10603 5277 5333 5278 
10604 5333 5334 5278 
10605 5278 5334 5279 
10606 5334 5335 5279 
10607 5279 5335 5280 
10608 5335 5336 5280 
10609 5280 5336 5281 
10610 5336 5337 5281 
10611 5281 5337 5282 
10612 5337 5338 5282 
10613 5282 5338 5283 
10614 5338 5339 5283 
10615 5283 5339 5229 
10616 5339 5285 5229 
10617 5285 5341 5340 
10618 5285 5340 5284 
10619 5284 5340 5342 
10620 5284 5342 5286 
10621 5286 5342 5343 
10622 5286 5343 5287 
10623 5287 5343 5344 
10624 5287 5344 5288 
10625 5288 5344 5345 
10626 5288 5345 5289 
10627 5289 5345 5346 
10628 5289 5346 5290 
10629 5290 5346 5347 
10630 5290 5347 5291 
10631 5291 5347 5348 
10632 5291 5348 5292 
10633 5292 5348 5349 
10634 5292 5349 5293 
10635 5293 5349 5350 
10636 5293 5350 5294 
10637 5294 5350 5351 
10638 5294 5351 5295 
10639 5295 5351 5352 
10640 5295 5352 5296 
10641 5296 5352 5353 
10642 5296 5353 5297 
10643 5297 5353 5354 
10644 5297 5354 5298 
10645 5298 5354 5299 
10646 5354 5355 5299 
10647 5299 5355 5300 
10648 5355 5356 5300 
10649 5300 5356 5301 
10650 5356 5357 5301 
10651 5301 5357 5302 
10652 5357 5358 5302 
10653 5302 5358 5303 
10654 5358 5359 5303 
10655 5303 5359 5304 
10656 5359 5360 5304 
10657 5304 5360 5305 
10658 5360 5361 5305 
10659 5305 5361 5306 
10660 5361 5362 5306 
10661 5306 5362 5307 
10662 5362 5363 5307 
10663 5307 5363 5308 
10664 5363 5364 5308 
10665 5308 5364 5309 
10666 5364 5365 5309 
10667 5309 5365 5310 
10668 5365 5366 5310 
10669 5310 5366 5311 
10670 5366 5367 5311 
10671 5311 5367 5312 
10672 5367 5368 5312 
10673 5312 5368 5369 
10674 5312 5369 5313 
10675 5313 5369 5370 
10676 5313 5370 5314 
10677 5314 5370 5371 
10678 5314 5371 5315 
10679 5315 5371 5372 
10680 5315 5372 5316 
10681 5316 5372 5373 
10682 5316 5373 5317 
10683 5317 5373 5374 
10684 5317 5374 5318 
10685 5318 5374 5375 
10686 5318 5375 5319 
10687 5319 5375 5376 
10688 5319 5376 5320 
10689 5320 5376 5377 
10690 5320 5377 5321 
10691 5321 5377 5378 
10692 5321 5378 5322 
10693 5322 5378 5379 
10694 5322 5379 5323 
10695 5323 5379 5380 
10696 5323 5380 5324 
10697 5324 5380 5381 
10698 5324 5381 5325 
10699 5325 5381 5382 
10700 5325 5382 5326 
10701 5326 5382 5327 
10702 5382 5383 5327 
10703 5327 5383 5328 
10704 5383 5384 5328 
10705 5328 5384 5329 
10706 5384 5385 5329 
10707 5329 5385 5330 
10708 5385 5386 5330 
10709 5330 5386 5331 
10710 5386 5387 5331 
10711 5331 5387 5332 
10712 5387 5388 5332 
10713 5332 5388 5333 
10714 5388 5389 5333 
10715 5333 5389 5334 
10716 5389 5390 5334 
10717 5334 5390 5335 
10718 5390 5391 5335 
10719 5335 5391 5336 
10720 5391 5392 5336 
10721 5336 5392 5337 
10722 5392 5393 5337 
10723 5337 5393 5338 
10724 5393 5394 5338 
10725 5338 5394 5339 
10726 5394 5395 5339 
10727 5339 5395 5285 
10728 5395 5341 5285 
10729 5341 5397 5396 
10730 5341 5396 5340 
10731 5340 5396 5398 
10732 5340 5398 5342 
10733 5342 5398 5399 
10734 5342 5399 5343 
10735 5343 5399 5400 
10736 5343 5400 5344 
10737 5344 5400 5401 
10738 5344 5401 5345 
10739 5345 5401 5402 
10740 5345 5402 5346 
10741 5346 5402 5403 
10742 5346 5403 5347 
10743 5347 5403 5404 
10744 5347 5404 5348 
10745 5348 5404 5405 
10746 5348 5405 5349 
10747 5349 5405 5406 
10748 5349 5406 5350 
10749 5350 5406 5407 
10750 5350 5407 5351 
10751 5351 5407 5408 
10752 5351 5408 5352 
10753 5352 5408 5409 
10754 5352 5409 5353 
10755 5353 5409 5410 
10756 5353 5410 5354 
10757 5354 5410 5355 
10758 5410 5411 5355 
10759 5355 5411 5356 
10760 5411 5412 5356 
10761 5356 5412 5357 
10762 5412 5413 5357 
10763 5357 5413 5358 
10764 5413 5414 5358 
10765 5358 5414 5359 
10766 5414 5415 5359 
10767 5359 5415 5360 
10768 5415 5416 5360 
10769 5360 5416 5361 
10770 5416 5417 5361 
10771 5361 5417 5362 
10772 5417 5418 5362 
10773 5362 5418 5363 
10774 5418 5419 5363 
10775 5363 5419 5364 
10776 5419 5420 5364 
10777 5364 5420 5365 
10778 5420 5421 5365 
10779 5365 5421 5366 
10780 5421 5422 5366 
10781 5366 5422 5367 
10782 5422 5423 5367 
10783 5367 5423 5368 
10784 5423 5424 5368 
10785 5368 5424 5425 
10786 5368 5425 5369 
10787 5369 5425 5426 
10788 5369 5426 5370 
10789 5370 5426 5427 
10790 5370 5427 5371 
10791 5371 5427 5428 
10792 5371 5428 5372 
10793 5372 5428 5429 
10794 5372 5429 5373 
10795 5373 5429 5430 
10796 5373 5430 5374 
10797 5374 5430 5431 
10798 5374 5431 5375 
10799 5375 5431 5432 
10800 5375 5432 5376 
10801 5376 5432 5433 
10802 5376 5433 5377 
10803 5377 5433 5434 
10804 5377 5434 5378 
10805 5378 5434 5435 
10806 5378 5435 5379 
10807 5379 5435 5436 
10808 5379 5436 5380 
10809 5380 5436 5437 
10810 5380 5437 5381 
10811 5381 5437 5438 
10812 5381 5438 5382 
10813 5382 5438 5383 
10814 5438 5439 5383 
10815 5383 5439 5384 
10816 5439 5440 5384 
10817 5384 5440 5385 
10818 5440 5441 5385 
10819 5385 5441 5386 
10820 5441 5442 5386 
10821 5386 5442 5387 
10822 5442 5443 5387 
10823 5387 5443 5388 
10824 5443 5444 5388 
10825 5388 5444 5389 
10826 5444 5445 5389 
10827 5389 5445 5390 
10828 5445 5446 5390 
10829 5390 5446 5391 
10830 5446 5447 5391 
10831 5391 5447 5392 
10832 5447 5448 5392 
10833 5392 5448 5393 
10834 5448 5449 5393 
10835 5393 5449 5394 
10836 5449 5450 5394 
10837 5394 5450 5395 
10838 5450 5451 5395 
10839 5395 5451 5341 
10840 5451 5397 5341 
10841 5397 5453 5452 
10842 5397 5452 5396 
10843 5396 5452 5454 
10844 5396 5454 5398 
10845 5398 5454 5455 
10846 5398 5455 5399 
10847 5399 5455 5456 
10848 5399 5456 5400 
10849 5400 5456 5457 
10850 5400 5457 5401 
10851 5401 5457 5458 
10852 5401 5458 5402 
10853 5402 5458 5459 
10854 5402 5459 5403 
10855 5403 5459 5460 
10856 5403 5460 5404 
10857 5404 5460 5461 
10858 5404 5461 5405 
10859 5405 5461 5462 
10860 5405 5462 5406 
10861 5406 5462 5463 
10862 5406 5463 5407 
10863 5407 5463 5464 
10864 5407 5464 5408 
10865 5408 5464 5465 
10866 5408 5465 5409 
10867 5409 5465 5466 
10868 5409 5466 5410 
10869 5410 5466 5411 
10870 5466 5467 5411 
10871 5411 5467 5412 
10872 5467 5468 5412 
10873 5412 5468 5413 
10874 5468 5469 5413 
10875 5413 5469 5414 
10876 5469 5470 5414 
10877 5414 5470 5415 
10878 5470 5471 5415 
10879 5415 5471 5416 
10880 5471 5472 5416 
10881 5416 5472 5417 
10882 5472 5473 5417 
10883 5417 5473 5418 
10884 5473 5474 5418 
10885 5418 5474 5419 
10886 5474 5475 5419 
10887 5419 5475 5420 
10888 5475 5476 5420 
10889 5420 5476 5421 
10890 5476 5477 5421 
10891 5421 5477 5422 
10892 5477 5478 5422 
10893 5422 5478 5423 
10894 5478 5479 5423 
10895 5423 5479 5424 
10896 5479 5480 5424 
10897 5424 5480 5481 
10898 5424 5481 5425 
10899 5425 5481 5482 
10900 5425 5482 5426 
10901 5426 5482 5483 
10902 5426 5483 5427 
10903 5427 5483 5484 
10904 5427 5484 5428 
10905 5428 5484 5485 
10906 5428 5485 5429 
10907 5429 5485 5486 
10908 5429 5486 5430 
10909 5430 5486 5487 
10910 5430 5487 5431 
10911 5431 5487 5488 
10912 5431 5488 5432 
10913 5432 5488 5489 
10914 5432 5489 5433 
10915 5433 5489 5490 
10916 5433 5490 5434 
10917 5434 5490 5491 
10918 5434 5491 5435 
10919 5435 5491 5492 
10920 5435 5492 5436 
10921 5436 5492 5493 
10922 5436 5493 5437 
10923 5437 5493 5494 
10924 5437 5494 5438 
10925 5438 5494 5439 
10926 5494 5495 5439 
10927 5439 5495 5440 
10928 5495 5496 5440 
10929 5440 5496 5441 
10930 5496 5497 5441 
10931 5441 5497 5442 
10932 5497 5498 5442 
10933 5442 5498 5443 
10934 5498 5499 5443 
10935 5443 5499 5444 
10936 5499 5500 5444 
10937 5444 5500 5445 
10938 5500 5501 5445 
10939 5445 5501 5446 
10940 5501 5502 5446 
10941 5446 5502 5447 
10942 5502 5503 5447 
10943 5447 5503 5448 
10944 5503 5504 5448 
10945 5448 5504 5449 
10946 5504 5505 5449 
10947 5449 5505 5450 
10948 5505 5506 5450 
10949 5450 5506 5451 
10950 5506 5507 5451 
10951 5451 5507 5397 
10952 5507 5453 5397 
10953 5453 5509 5508 
10954 5453 5508 5452 
10955 5452 5508 5510 
10956 5452 5510 5454 
10957 5454 5510 5511 
10958 5454 5511 5455 
10959 5455 5511 5512 
10960 5455 5512 5456 
10961 5456 5512 5513 
10962 5456 5513 5457 
10963 5457 5513 5514 
10964 5457 5514 5458 
10965 5458 5514 5515 
10966 5458 5515 5459 
10967 5459 5515 5516 
10968 5459 5516 5460 
10969 5460 5516 5517 
10970 5460 5517 5461 
10971 5461 5517 5518 
10972 5461 5518 5462 
10973 5462 5518 5519 
10974 5462 5519 5463 
10975 5463 5519 5520 
10976 5463 5520 5464 
10977 5464 5520 5521 
10978 5464 5521 5465 
10979 5465 5521 5522 
10980 5465 5522 5466 
10981 5466 5522 5467 
10982 5522 5523 5467 
10983 5467 5523 5468 
10984 5523 5524 5468 
10985 5468 5524 5469 
10986 5524 5525 5469 
10987 5469 5525 5470 
10988 5525 5526 5470 
10989 5470 5526 5471 
10990 5526 5527 5471 
10991 5471 5527 5472 
10992 5527 5528 5472 
10993 5472 5528 5473 
10994 5528 5529 5473 
10995 5473 5529 5474 
10996 5529 5530 5474 
10997 5474 5530 5475 
10998 5530 5531 5475 
10999 5475 5531 5476 
11000 5531 5532 5476 
11001 5476 5532 5477 
11002 5532 5533 5477 
11003 5477 5533 5478 
11004 5533 5534 5478 
11005 5478 5534 5479 
11006 5534 5535 5479 
11007 5479 5535 5480 
11008 5535 5536 5480 
11009 5480 5536 5537 
11010 5480 5537 5481 
11011 5481 5537 5538 
11012 5481 5538 5482 
11013 5482 5538 5539 
11014 5482 5539 5483 
11015 5483 5539 5540 
11016 5483 5540 5484 
11017 5484 5540 5541 
11018 5484 5541 5485 
11019 5485 5541 5542 
11020 5485 5542 5486 
11021 5486 5542 5543 
11022 5486 5543 5487 
11023 5487 5543 5544 
11024 5487 5544 5488 
11025 5488 5544 5545 
11026 5488 5545 5489 
11027 5489 5545 5546 
11028 5489 5546 5490 
11029 5490 5546 5547 
11030 5490 5547 5491 
11031 5491 5547 5548 
11032 5491 5548 5492 
11033 5492 5548 5549 
11034 5492 5549 5493 
11035 5493 5549 5550 
11036 5493 5550 5494 
11037 5494 5550 5495 
11038 5550 5551 5495 
11039 5495 5551 5496 
11040 5551 5552 5496 
11041 5496 5552 5497 
11042 5552 5553 5497 
11043 5497 5553 5498 
11044 5553 5554 5498 
11045 5498 5554 5499 
11046 5554 5555 5499 
11047 5499 5555 5500 
11048 5555 5556 5500 
11049 5500 5556 5501 
11050 5556 5557 5501 
11051 5501 5557 5502 
11052 5557 5558 5502 
11053 5502 5558 5503 
11054 5558 5559 5503 
11055 5503 5559 5504 
11056 5559 5560 5504 
11057 5504 5560 5505 
11058 5560 5561 5505 
11059 5505 5561 5506 
11060 5561 5562 5506 
11061 5506 5562 5507 
11062 5562 5563 5507 
11063 5507 5563 5453 
11064 5563 5509 5453 
11065 5509 5565 5564 
11066 5509 5564 5508 
11067 5508 5564 5566 
11068 5508 5566 5510 
11069 5510 5566 5567 
11070 5510 5567 5511 
11071 5511 5567 5568 
11072 5511 5568 5512 
11073 5512 5568 5569 
11074 5512 5569 5513 
11075 5513 5569 5570 
11076 5513 5570 5514 
11077 5514 5570 5571 
11078 5514 5571 5515 
11079 5515 5571 5572 
11080 5515 5572 5516 
11081 5516 5572 5573 
11082 5516 5573 5517 
11083 5517 5573 5574 
11084 5517 5574 5518 
11085 5518 5574 5575 
11086 5518 5575 5519 
11087 5519 5575 5576 
11088 5519 5576 5520 
11089 5520 5576 5577 
11090 5520 5577 5521 
11091 5521 5577 5578 
11092 5521 5578 5522 
11093 5522 5578 5523 
11094 5578 5579 5523 
11095 5523 5579 5524 
11096 5579 5580 5524 
11097 5524 5580 5525 
11098 5580 5581 5525 
11099 5525 5581 5526 
11100 5581 5582 5526 
11101 5526 5582 5527 
11102 5582 5583 5527 
11103 5527 5583 5528 
11104 5583 5584 5528 
11105 5528 5584 5529 
11106 5584 5585 5529 
11107 5529 5585 5530 
11108 5585 5586 5530 
11109 5530 5586 5531 
11110 5586 5587 5531 
11111 5531 5587 5532 
11112 5587 5588 5532 
11113 5532 5588 5533 
11114 5588 5589 5533 
11115 5533 5589 5534 
11116 5589 5590 5534 
11117 5534 5590 5535 
11118 5590 5591 5535 
11119 5535 5591 5536 
11120 5591 5592 5536 
11121 5536 5592 5593 
11122 5536 5593 5537 
11123 5537 5593 5594 
11124 5537 5594 5538 
11125 5538 5594 5595 
11126 5538 5595 5539 
11127 5539 5595 5596 
11128 5539 5596 5540 
11129 5540 5596 5597 
11130 5540 5597 5541 
11131 5541 5597 5598 
11132 5541 5598 5542 
11133 5542 5598 5599 
11134 5542 5599 5543 
11135 5543 5599 5600 
11136 5543 5600 5544 
11137 5544 5600 5601 
11138 5544 5601 5545 
11139 5545 5601 5602 
11140 5545 5602 5546 
11141 5546 5602 5603 
11142 5546 5603 5547 
11143 5547 5603 5604 
11144 5547 5604 5548 
11145 5548 5604 5605 
11146 5548 5605 5549 
11147 5549 5605 5606 
11148 5549 5606 5550 
11149 5550 5606 5551 
11150 5606 5607 5551 
11151 5551 5607 5552 
11152 5607 5608 5552 
11153 5552 5608 5553 
11154 5608 5609 5553 
11155 5553 5609 5554 
11156 5609 5610 5554 
11157 5554 5610 5555 
11158 5610 5611 5555 
11159 5555 5611 5556 
11160 5611 5612 5556 
11161 5556 5612 5557 
11162 5612 5613 5557 
11163 5557 5613 5558 
11164 5613 5614 5558 
11165 5558 5614 5559 
11166 5614 5615 5559 
11167 5559 5615 5560 
11168 5615 5616 5560 
11169 5560 5616 5561 
11170 5616 5617 5561 
11171 5561 5617 5562 
11172 5617 5618 5562 
11173 5562 5618 5563 
11174 5618 5619 5563 
11175 5563 5619 5509 
11176 5619 5565 5509 
11177 5565 5621 5620 
11178 5565 5620 5564 
11179 5564 5620 5622 
11180 5564 5622 5566 
11181 5566 5622 5623 
11182 5566 5623 5567 
11183 5567 5623 5624 
11184 5567 5624 5568 
11185 5568 5624 5625 
11186 5568 5625 5569 
11187 5569 5625 5626 
11188 5569 5626 5570 
11189 5570 5626 5627 
11190 5570 5627 5571 
11191 5571 5627 5628 
11192 5571 5628 5572 
11193 5572 5628 5629 
11194 5572 5629 5573 
11195 5573 5629 5630 
11196 5573 5630 5574 
11197 5574 5630 5631 
11198 5574 5631 5575 
11199 5575 5631 5632 
11200 5575 5632 5576 
11201 5576 5632 5633 
11202 5576 5633 5577 
11203 5577 5633 5634 
11204 5577 5634 5578 
11205 5578 5634 5579 
11206 5634 5635 5579 
11207 5579 5635 5580 
11208 5635 5636 5580 
11209 5580 5636 5581 
11210 5636 5637 5581 
11211 5581 5637 5582 
11212 5637 5638 5582 
11213 5582 5638 5583 
11214 5638 5639 5583 
11215 5583 5639 5584 
11216 5639 5640 5584 
11217 5584 5640 5585 
11218 5640 5641 5585 
11219 5585 5641 5586 
11220 5641 5642 5586 
11221 5586 5642 5587 
11222 5642 5643 5587 
11223 5587 5643 5588 
11224 5643 5644 5588 
11225 5588 5644 5589 
11226 5644 5645 5589 
11227 5589 5645 5590 
11228 5645 5646 5590 
11229 5590 5646 5591 
11230 5646 5647 5591 
11231 5591 5647 5592 
11232 5647 5648 5592 
11233 5592 5648 5649 
11234 5592 5649 5593 
11235 5593 5649 5650 
11236 5593 5650 5594 
11237 5594 5650 5651 
11238 5594 5651 5595 
11239 5595 5651 5652 
11240 5595 5652 5596 
11241 5596 5652 5653 
11242 5596 5653 5597 
11243 5597 5653 5654 
11244 5597 5654 5598 
11245 5598 5654 5655 
11246 5598 5655 5599 
11247 5599 5655 5656 
11248 5599 5656 5600 
11249 5600 5656 5657 
11250 5600 5657 5601 
11251 5601 5657 5658 
11252 5601 5658 5602 
11253 5602 5658 5659 
11254 5602 5659 5603 
11255 5603 5659 5660 
11256 5603 5660 5604 
11257 5604 5660 5661 
11258 5604 5661 5605 
11259 5605 5661 5662 
11260 5605 5662 5606 
11261 5606 5662 5607 
11262 5662 5663 5607 
11263 5607 5663 5608 
11264 5663 5664 5608 
11265 5608 5664 5609 
11266 5664 5665 5609 
11267 5609 5665 5610 
11268 5665 5666 5610 
11269 5610 5666 5611 
11270 5666 5667 5611 
11271 5611 5667 5612 
11272 5667 5668 5612 
11273 5612 5668 5613 
11274 5668 5669 5613 
11275 5613 5669 5614 
11276 5669 5670 5614 
11277 5614 5670 5615 
11278 5670 5671 5615 
11279 5615 5671 5616 
11280 5671 5672 5616 
11281 5616 5672 5617 
11282 5672 5673 5617 
11283 5617 5673 5618 
11284 5673 5674 5618 
11285 5618 5674 5619 
11286 5674 5675 5619 
11287 5619 5675 5565 
11288 5675 5621 5565 
11289 5621 5677 5676 
11290 5621 5676 5620 
11291 5620 5676 5678 
11292 5620 5678 5622 
11293 5622 5678 5679 
11294 5622 5679 5623 
11295 5623 5679 5680 
11296 5623 5680 5624 
11297 5624 5680 5681 
11298 5624 5681 5625 
11299 5625 5681 5682 
11300 5625 5682 5626 
11301 5626 5682 5683 
11302 5626 5683 5627 
11303 5627 5683 5684 
11304 5627 5684 5628 
11305 5628 5684 5685 
11306 5628 5685 5629 
11307 5629 5685 5686 
11308 5629 5686 5630 
11309 5630 5686 5687 
11310 5630 5687 5631 
11311 5631 5687 5688 
11312 5631 5688 5632 
11313 5632 5688 5689 
11314 5632 5689 5633 
11315 5633 5689 5690 
11316 5633 5690 5634 
11317 5634 5690 5635 
11318 5690 5691 5635 
11319 5635 5691 5636 
11320 5691 5692 5636 
11321 5636 5692 5637 
11322 5692 5693 5637 
11323 5637 5693 5638 
11324 5693 5694 5638 
11325 5638 5694 5639 
11326 5694 5695 5639 
11327 5639 5695 5640 
11328 5695 5696 5640 
11329 5640 5696 5641 
11330 5696 5697 5641 
11331 5641 5697 5642 
11332 5697 5698 5642 
11333 5642 5698 5643 
11334 5698 5699 5643 
11335 5643 5699 5644 
11336 5699 5700 5644 
11337 5644 5700 5645 
11338 5700 5701 5645 
11339 5645 5701 5646 
11340 5701 5702 5646 
11341 5646 5702 5647 
11342 5702 5703 5647 
11343 5647 5703 5648 
11344 5703 5704 5648 
11345 5648 5704 5705 
11346 5648 5705 5649 
11347 5649 5705 5706 
11348 5649 5706 5650 
11349 5650 5706 5707 
11350 5650 5707 5651 
11351 5651 5707 5708 
11352 5651 5708 5652 
11353 5652 5708 5709 
11354 5652 5709 5653 
11355 5653 5709 5710 
11356 5653 5710 5654 
11357 5654 5710 5711 
11358 5654 5711 5655 
11359 5655 5711 5712 
11360 5655 5712 5656 
11361 5656 5712 5713 
11362 5656 5713 5657 
11363 5657 5713 5714 
11364 5657 5714 5658 
11365 5658 5714 5715 
11366 5658 5715 5659 
11367 5659 5715 5716 
11368 5659 5716 5660 
11369 5660 5716 5717 
11370 5660 5717 5661 
11371 5661 5717 5718 
11372 5661 5718 5662 
11373 5662 5718 5663 
11374 5718 5719 5663 
11375 5663 5719 5664 
11376 5719 5720 5664 
11377 5664 5720 5665 
11378 5720 5721 5665 
11379 5665 5721 5666 
11380 5721 5722 5666 
11381 5666 5722 5667 
11382 5722 5723 5667 
11383 5667 5723 5668 
11384 5723 5724 5668 
11385 5668 5724 5669 
11386 5724 5725 5669 
11387 5669 5725 5670 
11388 5725 5726 5670 
11389 5670 5726 5671 
11390 5726 5727 5671 
11391 5671 5727 5672 
11392 5727 5728 5672 
11393 5672 5728 5673 
11394 5728 5729 5673 
11395 5673 5729 5674 
11396 5729 5730 5674 
11397 5674 5730 5675 
11398 5730 5731 5675 
11399 5675 5731 5621 
11400 5731 5677 5621 
11401 5677 5733 5732 
11402 5677 5732 5676 
11403 5676 5732 5734 
11404 5676 5734 5678 
11405 5678 5734 5735 
11406 5678 5735 5679 
11407 5679 5735 5736 
11408 5679 5736 5680 
11409 5680 5736 5737 
11410 5680 5737 5681 
11411 5681 5737 5738 
11412 5681 5738 5682 
11413 5682 5738 5739 
11414 5682 5739 5683 
11415 5683 5739 5740 
11416 5683 5740 5684 
11417 5684 5740 5741 
11418 5684 5741 5685 
11419 5685 5741 5742 
11420 5685 5742 5686 
11421 5686 5742 5743 
11422 5686 5743 5687 
11423 5687 5743 5744 
11424 5687 5744 5688 
11425 5688 5744 5745 
11426 5688 5745 5689 
11427 5689 5745 5746 
11428 5689 5746 5690 
11429 5690 5746 5691 
11430 5746 5747 5691 
11431 5691 5747 5692 
11432 5747 5748 5692 
11433 5692 5748 5693 
11434 5748 5749 5693 
11435 5693 5749 5694 
11436 5749 5750 5694 
11437 5694 5750 5695 
11438 5750 5751 5695 
11439 5695 5751 5696 
11440 5751 5752 5696 
11441 5696 5752 5697 
11442 5752 5753 5697 
11443 5697 5753 5698 
11444 5753 5754 5698 
11445 5698 5754 5699 
11446 5754 5755 5699 
11447 5699 5755 5700 
11448 5755 5756 5700 
11449 5700 5756 5701 
11450 5756 5757 5701 
11451 5701 5757 5702 
11452 5757 5758 5702 
11453 5702 5758 5703 
11454 5758 5759 5703 
11455 5703 5759 5704 
11456 5759 5760 5704 
11457 5704 5760 5761 
11458 5704 5761 5705 
11459 5705 5761 5762 
11460 5705 5762 5706 
11461 5706 5762 5763 
11462 5706 5763 5707 
11463 5707 5763 5764 
11464 5707 5764 5708 
11465 5708 5764 5765 
11466 5708 5765 5709 
11467 5709 5765 5766 
11468 5709 5766 5710 
11469 5710 5766 5767 
11470 5710 5767 5711 
11471 5711 5767 5768 
11472 5711 5768 5712 
11473 5712 5768 5769 
11474 5712 5769 5713 
11475 5713 5769 5770 
11476 5713 5770 5714 
11477 5714 5770 5771 
11478 5714 5771 5715 
11479 5715 5771 5772 
11480 5715 5772 5716 
11481 5716 5772 5773 
11482 5716 5773 5717 
11483 5717 5773 5774 
11484 5717 5774 5718 
11485 5718 5774 5719 
11486 5774 5775 5719 
11487 5719 5775 5720 
11488 5775 5776 5720 
11489 5720 5776 5721 
11490 5776 5777 5721 
11491 5721 5777 5722 
11492 5777 5778 5722 
11493 5722 5778 5723 
11494 5778 5779 5723 
11495 5723 5779 5724 
11496 5779 5780 5724 
11497 5724 5780 5725 
11498 5780 5781 5725 
11499 5725 5781 5726 
11500 5781 5782 5726 
11501 5726 5782 5727 
11502 5782 5783 5727 
11503 5727 5783 5728 
11504 5783 5784 5728 
11505 5728 5784 5729 
11506 5784 5785 5729 
11507 5729 5785 5730 
11508 5785 5786 5730 
11509 5730 5786 5731 
11510 5786 5787 5731 
11511 5731 5787 5677 
11512 5787 5733 5677 
11513 5733 5789 5788 
11514 5733 5788 5732 
11515 5732 5788 5790 
11516 5732 5790 5734 
11517 5734 5790 5791 
11518 5734 5791 5735 
11519 5735 5791 5792 
11520 5735 5792 5736 
11521 5736 5792 5793 
11522 5736 5793 5737 
11523 5737 5793 5794 
11524 5737 5794 5738 
11525 5738 5794 5795 
11526 5738 5795 5739 
11527 5739 5795 5796 
11528 5739 5796 5740 
11529 5740 5796 5797 
11530 5740 5797 5741 
11531 5741 5797 5798 
11532 5741 5798 5742 
11533 5742 5798 5799 
11534 5742 5799 5743 
11535 5743 5799 5800 
11536 5743 5800 5744 
11537 5744 5800 5801 
11538 5744 5801 5745 
11539 5745 5801 5802 
11540 5745 5802 5746 
11541 5746 5802 5747 
11542 5802 5803 5747 
11543 5747 5803 5748 
11544 5803 5804 5748 
11545 5748 5804 5749 
11546 5804 5805 5749 
11547 5749 5805 5750 
11548 5805 5806 5750 
11549 5750 5806 5751 
11550 5806 5807 5751 
11551 5751 5807 5752 
11552 5807 5808 5752 
11553 5752 5808 5753 
11554 5808 5809 5753 
11555 5753 5809 5754 
11556 5809 5810 5754 
11557 5754 5810 5755 
11558 5810 5811 5755 
11559 5755 5811 5756 
11560 5811 5812 5756 
11561 5756 5812 5757 
11562 5812 5813 5757 
11563 5757 5813 5758 
11564 5813 5814 5758 
11565 5758 5814 5759 
11566 5814 5815 5759 
11567 5759 5815 5760 
11568 5815 5816 5760 
11569 5760 5816 5817 
11570 5760 5817 5761 
11571 5761 5817 5818 
11572 5761 5818 5762 
11573 5762 5818 5819 
11574 5762 5819 5763 
11575 5763 5819 5820 
11576 5763 5820 5764 
11577 5764 5820 5821 
11578 5764 5821 5765 
11579 5765 5821 5822 
11580 5765 5822 5766 
11581 5766 5822 5823 
11582 5766 5823 5767 
11583 5767 5823 5824 
11584 5767 5824 5768 
11585 5768 5824 5825 
11586 5768 5825 5769 
11587 5769 5825 5826 
11588 5769 5826 5770 
11589 5770 5826 5827 
11590 5770 5827 5771 
11591 5771 5827 5828 
11592 5771 5828 5772 
11593 5772 5828 5829 
11594 5772 5829 5773 
11595 5773 5829 5830 
11596 5773 5830 5774 
11597 5774 5830 5775 
11598 5830 5831 5775 
11599 5775 5831 5776 
11600 5831 5832 5776 
11601 5776 5832 5777 
11602 5832 5833 5777 
11603 5777 5833 5778 
11604 5833 5834 5778 
11605 5778 5834 5779 
11606 5834 5835 5779 
11607 5779 5835 5780 
11608 5835 5836 5780 
11609 5780 5836 5781 
11610 5836 5837 5781 
11611 5781 5837 5782 
11612 5837 5838 5782 
11613 5782 5838 5783 
11614 5838 5839 5783 
11615 5783 5839 5784 
11616 5839 5840 5784 
11617 5784 5840 5785 
11618 5840 5841 5785 
11619 5785 5841 5786 
11620 5841 5842 5786 
11621 5786 5842 5787 
11622 5842 5843 5787 
11623 5787 5843 5733 
11624 5843 5789 5733 
11625 5789 5845 5844 
11626 5789 5844 5788 
11627 5788 5844 5846 
11628 5788 5846 5790 
11629 5790 5846 5847 
11630 5790 5847 5791 
11631 5791 5847 5848 
11632 5791 5848 5792 
11633 5792 5848 5849 
11634 5792 5849 5793 
11635 5793 5849 5850 
11636 5793 5850 5794 
11637 5794 5850 5851 
11638 5794 5851 5795 
11639 5795 5851 5852 
11640 5795 5852 5796 
11641 5796 5852 5853 
11642 5796 5853 5797 
11643 5797 5853 5854 
11644 5797 5854 5798 
11645 5798 5854 5855 
11646 5798 5855 5799 
11647 5799 5855 5856 
11648 5799 5856 5800 
11649 5800 5856 5857 
11650 5800 5857 5801 
11651 5801 5857 5858 
11652 5801 5858 5802 
11653 5802 5858 5803 
11654 5858 5859 5803 
11655 5803 5859 5804 
11656 5859 5860 5804 
11657 5804 5860 5805 
11658 5860 5861 5805 
11659 5805 5861 5806 
11660 5861 5862 5806 
11661 5806 5862 5807 
11662 5862 5863 5807 
11663 5807 5863 5808 
11664 5863 5864 5808 
11665 5808 5864 5809 
11666 5864 5865 5809 
11667 5809 5865 5810 
11668 5865 5866 5810 
11669 5810 5866 5811 
11670 5866 5867 5811 
11671 5811 5867 5812 
11672 5867 5868 5812 
11673 5812 5868 5813 
11674 5868 5869 5813 
11675 5813 5869 5814 
11676 5869 5870 5814 
11677 5814 5870 5815 
11678 5870 5871 5815 
11679 5815 5871 5816 
11680 5871 5872 5816 
11681 5816 5872 5873 
11682 5816 5873 5817 
11683 5817 5873 5874 
11684 5817 5874 5818 
11685 5818 5874 5875 
11686 5818 5875 5819 
11687 5819 5875 5876 
11688 5819 5876 5820 
11689 5820 5876 5877 
11690 5820 5877 5821 
11691 5821 5877 5878 
11692 5821 5878 5822 
11693 5822 5878 5879 
11694 5822 5879 5823 
11695 5823 5879 5880 
11696 5823 5880 5824 
11697 5824 5880 5881 
11698 5824 5881 5825 
11699 5825 5881 5882 
11700 5825 5882 5826 
11701 5826 5882 5883 
11702 5826 5883 5827 
11703 5827 5883 5884 
11704 5827 5884 5828 
11705 5828 5884 5885 
11706 5828 5885 5829 
11707 5829 5885 5886 
11708 5829 5886 5830 
11709 5830 5886 5831 
11710 5886 5887 5831 
11711 5831 5887 5832 
11712 5887 5888 5832 
11713 5832 5888 5833 
11714 5888 5889 5833 
11715 5833 5889 5834 
11716 5889 5890 5834 
11717 5834 5890 5835 
11718 5890 5891 5835 
11719 5835 5891 5836 
11720 5891 5892 5836 
11721 5836 5892 5837 
11722 5892 5893 5837 
11723 5837 5893 5838 
11724 5893 5894 5838 
11725 5838 5894 5839 
11726 5894 5895 5839 
11727 5839 5895 5840 
11728 5895 5896 5840 
11729 5840 5896 5841 
11730 5896 5897 5841 
11731 5841 5897 5842 
11732 5897 5898 5842 
11733 5842 5898 5843 
11734 5898 5899 5843 
11735 5843 5899 5789 
11736 5899 5845 5789 
11737 5845 5901 5900 
11738 5845 5900 5844 
11739 5844 5900 5902 
11740 5844 5902 5846 
11741 5846 5902 5903 
11742 5846 5903 5847 
11743 5847 5903 5904 
11744 5847 5904 5848 
11745 5848 5904 5905 
11746 5848 5905 5849 
11747 5849 5905 5906 
11748 5849 5906 5850 
11749 5850 5906 5907 
11750 5850 5907 5851 
11751 5851 5907 5908 
11752 5851 5908 5852 
11753 5852 5908 5909 
11754 5852 5909 5853 
11755 5853 5909 5910 
11756 5853 5910 5854 
11757 5854 5910 5911 
11758 5854 5911 5855 
11759 5855 5911 5912 
11760 5855 5912 5856 
11761 5856 5912 5913 
11762 5856 5913 5857 
11763 5857 5913 5914 
11764 5857 5914 5858 
11765 5858 5914 5859 
11766 5914 5915 5859 
11767 5859 5915 5860 
11768 5915 5916 5860 
11769 5860 5916 5861 
11770 5916 5917 5861 
11771 5861 5917 5862 
11772 5917 5918 5862 
11773 5862 5918 5863 
11774 5918 5919 5863 
11775 5863 5919 5864 
11776 5919 5920 5864 
11777 5864 5920 5865 
11778 5920 5921 5865 
11779 5865 5921 5866 
11780 5921 5922 5866 
11781 5866 5922 5867 
11782 5922 5923 5867 
11783 5867 5923 5868 
11784 5923 5924 5868 
11785 5868 5924 5869 
11786 5924 5925 5869 
11787 5869 5925 5870 
11788 5925 5926 5870 
11789 5870 5926 5871 
11790 5926 5927 5871 
11791 5871 5927 5872 
11792 5927 5928 5872 
11793 5872 5928 5929 
11794 5872 5929 5873 
11795 5873 5929 5930 
11796 5873 5930 5874 
11797 5874 5930 5931 
11798 5874 5931 5875 
11799 5875 5931 5932 
11800 5875 5932 5876 
11801 5876 5932 5933 
11802 5876 5933 5877 
11803 5877 5933 5934 
11804 5877 5934 5878 
11805 5878 5934 5935 
11806 5878 5935 5879 
11807 5879 5935 5936 
11808 5879 5936 5880 
11809 5880 5936 5937 
11810 5880 5937 5881 
11811 5881 5937 5938 
11812 5881 5938 5882 
11813 5882 5938 5939 
11814 5882 5939 5883 
11815 5883 5939 5940 
11816 5883 5940 5884 
11817 5884 5940 5941 
11818 5884 5941 5885 
11819 5885 5941 5942 
11820 5885 5942 5886 
11821 5886 5942 5887 
11822 5942 5943 5887 
11823 5887 5943 5888 
11824 5943 5944 5888 
11825 5888 5944 5889 
11826 5944 5945 5889 
11827 5889 5945 5890 
11828 5945 5946 5890 
11829 5890 5946 5891 
11830 5946 5947 5891 
11831 5891 5947 5892 
11832 5947 5948 5892 
11833 5892 5948 5893 
11834 5948 5949 5893 
11835 5893 5949 5894 
11836 5949 5950 5894 
11837 5894 5950 5895 
11838 5950 5951 5895 
11839 5895 5951 5896 
11840 5951 5952 5896 
11841 5896 5952 5897 
11842 5952 5953 5897 
11843 5897 5953 5898 
11844 5953 5954 5898 
11845 5898 5954 5899 
11846 5954 5955 5899 
11847 5899 5955 5845 
11848 5955 5901 5845 
11849 5901 5957 5956 
11850 5901 5956 5900 
11851 5900 5956 5958 
11852 5900 5958 5902 
11853 5902 5958 5959 
11854 5902 5959 5903 
11855 5903 5959 5960 
11856 5903 5960 5904 
11857 5904 5960 5961 
11858 5904 5961 5905 
11859 5905 5961 5962 
11860 5905 5962 5906 
11861 5906 5962 5963 
11862 5906 5963 5907 
11863 5907 5963 5964 
11864 5907 5964 5908 
11865 5908 5964 5965 
11866 5908 5965 5909 
11867 5909 5965 5966 
11868 5909 5966 5910 
11869 5910 5966 5967 
11870 5910 5967 5911 
11871 5911 5967 5968 
11872 5911 5968 5912 
11873 5912 5968 5969 
11874 5912 5969 5913 
11875 5913 5969 5970 
11876 5913 5970 5914 
11877 5914 5970 5915 
11878 5970 5971 5915 
11879 5915 5971 5916 
11880 5971 5972 5916 
11881 5916 5972 5917 
11882 5972 5973 5917 
11883 5917 5973 5918 
11884 5973 5974 5918 
11885 5918 5974 5919 
11886 5974 5975 5919 
11887 5919 5975 5920 
11888 5975 5976 5920 
11889 5920 5976 5921 
11890 5976 5977 5921 
11891 5921 5977 5922 
11892 5977 5978 5922 
11893 5922 5978 5923 
11894 5978 5979 5923 
11895 5923 5979 5924 
11896 5979 5980 5924 
11897 5924 5980 5925 
11898 5980 5981 5925 
11899 5925 5981 5926 
11900 5981 5982 5926 
11901 5926 5982 5927 
11902 5982 5983 5927 
11903 5927 5983 5928 
11904 5983 5984 5928 
11905 5928 5984 5985 
11906 5928 5985 5929 
11907 5929 5985 5986 
11908 5929 5986 5930 
11909 5930 5986 5987 
11910 5930 5987 5931 
11911 5931 5987 5988 
11912 5931 5988 5932 
11913 5932 5988 5989 
11914 5932 5989 5933 
11915 5933 5989 5990 
11916 5933 5990 5934 
11917 5934 5990 5991 
11918 5934 5991 5935 
11919 5935 5991 5992 
11920 5935 5992 5936 
11921 5936 5992 5993 
11922 5936 5993 5937 
11923 5937 5993 5994 
11924 5937 5994 5938 
11925 5938 5994 5995 
11926 5938 5995 5939 
11927 5939 5995 5996 
11928 5939 5996 5940 
11929 5940 5996 5997 
11930 5940 5997 5941 
11931 5941 5997 5998 
11932 5941 5998 5942 
11933 5942 5998 5943 
11934 5998 5999 5943 
11935 5943 5999 5944 
11936 5999 6000 5944 
11937 5944 6000 5945 
11938 6000 6001 5945 
11939 5945 6001 5946 
11940 6001 6002 5946 
11941 5946 6002 5947 
11942 6002 6003 5947 
11943 5947 6003 5948 
11944 6003 6004 5948 
11945 5948 6004 5949 
11946 6004 6005 5949 
11947 5949 6005 5950 
11948 6005 6006 5950 
11949 5950 6006 5951 
11950 6006 6007 5951 
11951 5951 6007 5952 
11952 6007 6008 5952 
11953 5952 6008 5953 
11954 6008 6009 5953 
11955 5953 6009 5954 
11956 6009 6010 5954 
11957 5954 6010 5955 
11958 6010 6011 5955 
11959 5955 6011 5901 
11960 6011 5957 5901 
11961 5957 6013 6012 
11962 5957 6012 5956 
11963 5956 6012 6014 
11964 5956 6014 5958 
11965 5958 6014 6015 
11966 5958 6015 5959 
11967 5959 6015 6016 
11968 5959 6016 5960 
11969 5960 6016 6017 
11970 5960 6017 5961 
11971 5961 6017 6018 
11972 5961 6018 5962 
11973 5962 6018 6019 
11974 5962 6019 5963 
11975 5963 6019 6020 
11976 5963 6020 5964 
11977 5964 6020 6021 
11978 5964 6021 5965 
11979 5965 6021 6022 
11980 5965 6022 5966 
11981 5966 6022 6023 
11982 5966 6023 5967 
11983 5967 6023 6024 
11984 5967 6024 5968 
11985 5968 6024 6025 
11986 5968 6025 5969 
11987 5969 6025 6026 
11988 5969 6026 5970 
11989 5970 6026 5971 
11990 6026 6027 5971 
11991 5971 6027 5972 
11992 6027 6028 5972 
11993 5972 6028 5973 
11994 6028 6029 5973 
11995 5973 6029 5974 
11996 6029 6030 5974 
11997 5974 6030 5975 
11998 6030 6031 5975 
11999 5975 6031 5976 
12000 6031 6032 5976 
12001 5976 6032 5977 
12002 6032 6033 5977 
12003 5977 6033 5978 
12004 6033 6034 5978 
12005 5978 6034 5979 
12006 6034 6035 5979 
12007 5979 6035 5980 
12008 6035 6036 5980 
12009 5980 6036 5981 
12010 6036 6037 5981 
12011 5981 6037 5982 
12012 6037 6038 5982 
12013 5982 6038 5983 
12014 6038 6039 5983 
12015 5983 6039 5984 
12016 6039 6040 5984 
12017 5984 6040 6041 
12018 5984 6041 5985 
12019 5985 6041 6042 
12020 5985 6042 5986 
12021 5986 6042 6043 
12022 5986 6043 5987 
12023 5987 6043 6044 
12024 5987 6044 5988 
12025 5988 6044 6045 
12026 5988 6045 5989 
12027 5989 6045 6046 
12028 5989 6046 5990 
12029 5990 6046 6047 
12030 5990 6047 5991 
12031 5991 6047 6048 
12032 5991 6048 5992 
12033 5992 6048 6049 
12034 5992 6049 5993 
12035 5993 6049 6050 
12036 5993 6050 5994 
12037 5994 6050 6051 
12038 5994 6051 5995 
12039 5995 6051 6052 
12040 5995 6052 5996 
12041 5996 6052 6053 
12042 5996 6053 5997 
12043 5997 6053 6054 
12044 5997 6054 5998 
12045 5998 6054 5999 
12046 6054 6055 5999 
12047 5999 6055 6000 
12048 6055 6056 6000 
12049 6000 6056 6001 
12050 6056 6057 6001 
12051 6001 6057 6002 
12052 6057 6058 6002 
12053 6002 6058 6003 
12054 6058 6059 6003 
12055 6003 6059 6004 
12056 6059 6060 6004 
12057 6004 6060 6005 
12058 6060 6061 6005 
12059 6005 6061 6006 
12060 6061 6062 6006 
12061 6006 6062 6007 
12062 6062 6063 6007 
12063 6007 6063 6008 
12064 6063 6064 6008 
12065 6008 6064 6009 
12066 6064 6065 6009 
12067 6009 6065 6010 
12068 6065 6066 6010 
12069 6010 6066 6011 
12070 6066 6067 6011 
12071 6011 6067 5957 
12072 6067 6013 5957 
12073 6013 6069 6068 
12074 6013 6068 6012 
12075 6012 6068 6070 
12076 6012 6070 6014 
12077 6014 6070 6071 
12078 6014 6071 6015 
12079 6015 6071 6072 
12080 6015 6072 6016 
12081 6016 6072 6073 
12082 6016 6073 6017 
12083 6017 6073 6074 
12084 6017 6074 6018 
12085 6018 6074 6075 
12086 6018 6075 6019 
12087 6019 6075 6076 
12088 6019 6076 6020 
12089 6020 6076 6077 
12090 6020 6077 6021 
12091 6021 6077 6078 
12092 6021 6078 6022 
12093 6022 6078 6079 
12094 6022 6079 6023 
12095 6023 6079 6080 
12096 6023 6080 6024 
12097 6024 6080 6081 
12098 6024 6081 6025 
12099 6025 6081 6082 
12100 6025 6082 6026 
12101 6026 6082 6027 
12102 6082 6083 6027 
12103 6027 6083 6028 
12104 6083 6084 6028 
12105 6028 6084 6029 
12106 6084 6085 6029 
12107 6029 6085 6030 
12108 6085 6086 6030 
12109 6030 6086 6031 
12110 6086 6087 6031 
12111 6031 6087 6032 
12112 6087 6088 6032 
12113 6032 6088 6033 
12114 6088 6089 6033 
12115 6033 6089 6034 
12116 6089 6090 6034 
12117 6034 6090 6035 
12118 6090 6091 6035 
12119 6035 6091 6036 
12120 6091 6092 6036 
12121 6036 6092 6037 
12122 6092 6093 6037 
12123 6037 6093 6038 
12124 6093 6094 6038 
12125 6038 6094 6039 
12126 6094 6095 6039 
12127 6039 6095 6040 
12128 6095 6096 6040 
12129 6040 6096 6097 
12130 6040 6097 6041 
12131 6041 6097 6098 
12132 6041 6098 6042 
12133 6042 6098 6099 
12134 6042 6099 6043 
12135 6043 6099 6100 
12136 6043 6100 6044 
12137 6044 6100 6101 
12138 6044 6101 6045 
12139 6045 6101 6102 
12140 6045 6102 6046 
12141 6046 6102 6103 
12142 6046 6103 6047 
12143 6047 6103 6104 
12144 6047 6104 6048 
12145 6048 6104 6105 
12146 6048 6105 6049 
12147 6049 6105 6106 
12148 6049 6106 6050 
12149 6050 6106 6107 
12150 6050 6107 6051 
12151 6051 6107 6108 
12152 6051 6108 6052 
12153 6052 6108 6109 
12154 6052 6109 6053 
12155 6053 6109 6110 
12156 6053 6110 6054 
12157 6054 6110 6055 
12158 6110 6111 6055 
12159 6055 6111 6056 
12160 6111 6112 6056 
12161 6056 6112 6057 
12162 6112 6113 6057 
12163 6057 6113 6058 
12164 6113 6114 6058 
12165 6058 6114 6059 
12166 6114 6115 6059 
12167 6059 6115 6060 
12168 6115 6116 6060 
12169 6060 6116 6061 
12170 6116 6117 6061 
12171 6061 6117 6062 
12172 6117 6118 6062 
12173 6062 6118 6063 
12174 6118 6119 6063 
12175 6063 6119 6064 
12176 6119 6120 6064 
12177 6064 6120 6065 
12178 6120 6121 6065 
12179 6065 6121 6066 
12180 6121 6122 6066 
12181 6066 6122 6067 
12182 6122 6123 6067 
12183 6067 6123 6013 
12184 6123 6069 6013 
12185 6069 6125 6124 
12186 6069 6124 6068 
12187 6068 6124 6126 
12188 6068 6126 6070 
12189 6070 6126 6127 
12190 6070 6127 6071 
12191 6071 6127 6128 
12192 6071 6128 6072 
12193 6072 6128 6129 
12194 6072 6129 6073 
12195 6073 6129 6130 
12196 6073 6130 6074 
12197 6074 6130 6131 
12198 6074 6131 6075 
12199 6075 6131 6132 
12200 6075 6132 6076 
12201 6076 6132 6133 
12202 6076 6133 6077 
12203 6077 6133 6134 
12204 6077 6134 6078 
12205 6078 6134 6135 
12206 6078 6135 6079 
12207 6079 6135 6136 
12208 6079 6136 6080 
12209 6080 6136 6137 
12210 6080 6137 6081 
12211 6081 6137 6138 
12212 6081 6138 6082 
12213 6082 6138 6083 
12214 6138 6139 6083 
12215 6083 6139 6084 
12216 6139 6140 6084 
12217 6084 6140 6085 
12218 6140 6141 6085 
12219 6085 6141 6086 
12220 6141 6142 6086 
12221 6086 6142 6087 
12222 6142 6143 6087 
12223 6087 6143 6088 
12224 6143 6144 6088 
12225 6088 6144 6089 
12226 6144 6145 6089 
12227 6089 6145 6090 
12228 6145 6146 6090 
12229 6090 6146 6091 
12230 6146 6147 6091 
12231 6091 6147 6092 
12232 6147 6148 6092 
12233 6092 6148 6093 
12234 6148 6149 6093 
12235 6093 6149 6094 
12236 6149 6150 6094 
12237 6094 6150 6095 
12238 6150 6151 6095 
12239 6095 6151 6096 
12240 6151 6152 6096 
12241 6096 6152 6153 
12242 6096 6153 6097 
12243 6097 6153 6154 
12244 6097 6154 6098 
12245 6098 6154 6155 
12246 6098 6155 6099 
12247 6099 6155 6156 
12248 6099 6156 6100 
12249 6100 6156 6157 
12250 6100 6157 6101 
12251 6101 6157 6158 
12252 6101 6158 6102 
12253 6102 6158 6159 
12254 6102 6159 6103 
12255 6103 6159 6160 
12256 6103 6160 6104 
12257 6104 6160 6161 
12258 6104 6161 6105 
12259 6105 6161 6162 
12260 6105 6162 6106 
12261 6106 6162 6163 
12262 6106 6163 6107 
12263 6107 6163 6164 
12264 6107 6164 6108 
12265 6108 6164 6165 
12266 6108 6165 6109 
12267 6109 6165 6166 
12268 6109 6166 6110 
12269 6110 6166 6111 
12270 6166 6167 6111 
12271 6111 6167 6112 
12272 6167 6168 6112 
12273 6112 6168 6113 
12274 6168 6169 6113 
12275 6113 6169 6114 
12276 6169 6170 6114 
12277 6114 6170 6115 
12278 6170 6171 6115 
12279 6115 6171 6116 
12280 6171 6172 6116 
12281 6116 6172 6117 
12282 6172 6173 6117 
12283 6117 6173 6118 
12284 6173 6174 6118 
12285 6118 6174 6119 
12286 6174 6175 6119 
12287 6119 6175 6120 
12288 6175 6176 6120 
12289 6120 6176 6121 
12290 6176 6177 6121 
12291 6121 6177 6122 
12292 6177 6178 6122 
12293 6122 6178 6123 
12294 6178 6179 6123 
12295 6123 6179 6069 
12296 6179 6125 6069 
12297 6125 6181 6180 
12298 6125 6180 6124 
12299 6124 6180 6182 
12300 6124 6182 6126 
12301 6126 6182 6183 
12302 6126 6183 6127 
12303 6127 6183 6184 
12304 6127 6184 6128 
12305 6128 6184 6185 
12306 6128 6185 6129 
12307 6129 6185 6186 
12308 6129 6186 6130 
12309 6130 6186 6187 
12310 6130 6187 6131 
12311 6131 6187 6188 
12312 6131 6188 6132 
12313 6132 6188 6189 
12314 6132 6189 6133 
12315 6133 6189 6190 
12316 6133 6190 6134 
12317 6134 6190 6191 
12318 6134 6191 6135 
12319 6135 6191 6192 
12320 6135 6192 6136 
12321 6136 6192 6193 
12322 6136 6193 6137 
12323 6137 6193 6194 
12324 6137 6194 6138 
12325 6138 6194 6139 
12326 6194 6195 6139 
12327 6139 6195 6140 
12328 6195 6196 6140 
12329 6140 6196 6141 
12330 6196 6197 6141 
12331 6141 6197 6142 
12332 6197 6198 6142 
12333 6142 6198 6143 
12334 6198 6199 6143 
12335 6143 6199 6144 
12336 6199 6200 6144 
12337 6144 6200 6145 
12338 6200 6201 6145 
12339 6145 6201 6146 
12340 6201 6202 6146 
12341 6146 6202 6147 
12342 6202 6203 6147 
12343 6147 6203 6148 
12344 6203 6204 6148 
12345 6148 6204 6149 
12346 6204 6205 6149 
12347 6149 6205 6150 
12348 6205 6206 6150 
12349 6150 6206 6151 
12350 6206 6207 6151 
12351 6151 6207 6152 
12352 6207 6208 6152 
12353 6152 6208 6209 
12354 6152 6209 6153 
12355 6153 6209 6210 
12356 6153 6210 6154 
12357 6154 6210 6211 
12358 6154 6211 6155 
12359 6155 6211 6212 
12360 6155 6212 6156 
12361 6156 6212 6213 
12362 6156 6213 6157 
12363 6157 6213 6214 
12364 6157 6214 6158 
12365 6158 6214 6215 
12366 6158 6215 6159 
12367 6159 6215 6216 
12368 6159 6216 6160 
12369 6160 6216 6217 
12370 6160 6217 6161 
12371 6161 6217 6218 
12372 6161 6218 6162 
12373 6162 6218 6219 
12374 6162 6219 6163 
12375 6163 6219 6220 
12376 6163 6220 6164 
12377 6164 6220 6221 
12378 6164 6221 6165 
12379 6165 6221 6222 
12380 6165 6222 6166 
12381 6166 6222 6167 
12382 6222 6223 6167 
12383 6167 6223 6168 
12384 6223 6224 6168 
12385 6168 6224 6169 
12386 6224 6225 6169 
12387 6169 6225 6170 
12388 6225 6226 6170 
12389 6170 6226 6171 
12390 6226 6227 6171 
12391 6171 6227 6172 
12392 6227 6228 6172 
12393 6172 6228 6173 
12394 6228 6229 6173 
12395 6173 6229 6174 
12396 6229 6230 6174 
12397 6174 6230 6175 
12398 6230 6231 6175 
12399 6175 6231 6176 
12400 6231 6232 6176 
12401 6176 6232 6177 
12402 6232 6233 6177 
12403 6177 6233 6178 
12404 6233 6234 6178 
12405 6178 6234 6179 
12406 6234 6235 6179 
12407 6179 6235 6125 
12408 6235 6181 6125 
12409 6181 6237 6236 
12410 6181 6236 6180 
12411 6180 6236 6238 
12412 6180 6238 6182 
12413 6182 6238 6239 
12414 6182 6239 6183 
12415 6183 6239 6240 
12416 6183 6240 6184 
12417 6184 6240 6241 
12418 6184 6241 6185 
12419 6185 6241 6242 
12420 6185 6242 6186 
12421 6186 6242 6243 
12422 6186 6243 6187 
12423 6187 6243 6244 
12424 6187 6244 6188 
12425 6188 6244 6245 
12426 6188 6245 6189 
12427 6189 6245 6246 
12428 6189 6246 6190 
12429 6190 6246 6247 
12430 6190 6247 6191 
12431 6191 6247 6248 
12432 6191 6248 6192 
12433 6192 6248 6249 
12434 6192 6249 6193 
12435 6193 6249 6250 
12436 6193 6250 6194 
12437 6194 6250 6195 
12438 6250 6251 6195 
12439 6195 6251 6196 
12440 6251 6252 6196 
12441 6196 6252 6197 
12442 6252 6253 6197 
12443 6197 6253 6198 
12444 6253 6254 6198 
12445 6198 6254 6199 
12446 6254 6255 6199 
12447 6199 6255 6200 
12448 6255 6256 6200 
12449 6200 6256 6201 
12450 6256 6257 6201 
12451 6201 6257 6202 
12452 6257 6258 6202 
12453 6202 6258 6203 
12454 6258 6259 6203 
12455 6203 6259 6204 
12456 6259 6260 6204 
12457 6204 6260 6205 
12458 6260 6261 6205 
12459 6205 6261 6206 
12460 6261 6262 6206 
12461 6206 6262 6207 
12462 6262 6263 6207 
12463 6207 6263 6208 
12464 6263 6264 6208 
12465 6208 6264 6265 
12466 6208 6265 6209 
12467 6209 6265 6266 
12468 6209 6266 6210 
12469 6210 6266 6267 
12470 6210 6267 6211 
12471 6211 6267 6268 
12472 6211 6268 6212 
12473 6212 6268 6269 
12474 6212 6269 6213 
12475 6213 6269 6270 
12476 6213 6270 6214 
12477 6214 6270 6271 
12478 6214 6271 6215 
12479 6215 6271 6272 
12480 6215 6272 6216 
12481 6216 6272 6273 
12482 6216 6273 6217 
12483 6217 6273 6274 
12484 6217 6274 6218 
12485 6218 6274 6275 
12486 6218 6275 6219 
12487 6219 6275 6276 
12488 6219 6276 6220 
12489 6220 6276 6277 
12490 6220 6277 6221 
12491 6221 6277 6278 
12492 6221 6278 6222 
12493 6222 6278 6223 
12494 6278 6279 6223 
12495 6223 6279 6224 
12496 6279 6280 6224 
12497 6224 6280 6225 
12498 6280 6281 6225 
12499 6225 6281 6226 
12500 6281 6282 6226 
12501 6226 6282 6227 
12502 6282 6283 6227 
12503 6227 6283 6228 
12504 6283 6284 6228 
12505 6228 6284 6229 
12506 6284 6285 6229 
12507 6229 6285 6230 
12508 6285 6286 6230 
12509 6230 6286 6231 
12510 6286 6287 6231 
12511 6231 6287 6232 
12512 6287 6288 6232 
12513 6232 6288 6233 
12514 6288 6289 6233 
12515 6233 6289 6234 
12516 6289 6290 6234 
12517 6234 6290 6235 
12518 6290 6291 6235 
12519 6235 6291 6181 
12520 6291 6237 6181 
12521 6237 6293 6292 
12522 6237 6292 6236 
12523 6236 6292 6294 
12524 6236 6294 6238 
12525 6238 6294 6295 
12526 6238 6295 6239 
12527 6239 6295 6296 
12528 6239 6296 6240 
12529 6240 6296 6297 
12530 6240 6297 6241 
12531 6241 6297 6298 
12532 6241 6298 6242 
12533 6242 6298 6299 
12534 6242 6299 6243 
12535 6243 6299 6300 
12536 6243 6300 6244 
12537 6244 6300 6301 
12538 6244 6301 6245 
12539 6245 6301 6302 
12540 6245 6302 6246 
12541 6246 6302 6303 
12542 6246 6303 6247 
12543 6247 6303 6304 
12544 6247 6304 6248 
12545 6248 6304 6305 
12546 6248 6305 6249 
12547 6249 6305 6306 
12548 6249 6306 6250 
12549 6250 6306 6251 
12550 6306 6307 6251 
12551 6251 6307 6252 
12552 6307 6308 6252 
12553 6252 6308 6253 
12554 6308 6309 6253 
12555 6253 6309 6254 
12556 6309 6310 6254 
12557 6254 6310 6255 
12558 6310 6311 6255 
12559 6255 6311 6256 
12560 6311 6312 6256 
12561 6256 6312 6257 
12562 6312 6313 6257 
12563 6257 6313 6258 
12564 6313 6314 6258 
12565 6258 6314 6259 
12566 6314 6315 6259 
12567 6259 6315 6260 
12568 6315 6316 6260 
12569 6260 6316 6261 
12570 6316 6317 6261 
12571 6261 6317 6262 
12572 6317 6318 6262 
12573 6262 6318 6263 
12574 6318 6319 6263 
12575 6263 6319 6264 
12576 6319 6320 6264 
12577 6264 6320 6321 
12578 6264 6321 6265 
12579 6265 6321 6322 
12580 6265 6322 6266 
12581 6266 6322 6323 
12582 6266 6323 6267 
12583 6267 6323 6324 
12584 6267 6324 6268 
12585 6268 6324 6325 
12586 6268 6325 6269 
12587 6269 6325 6326 
12588 6269 6326 6270 
12589 6270 6326 6327 
12590 6270 6327 6271 
12591 6271 6327 6328 
12592 6271 6328 6272 
12593 6272 6328 6329 
12594 6272 6329 6273 
12595 6273 6329 6330 
12596 6273 6330 6274 
12597 6274 6330 6331 
12598 6274 6331 6275 
12599 6275 6331 6332 
12600 6275 6332 6276 
12601 6276 6332 6333 
12602 6276 6333 6277 
12603 6277 6333 6334 
12604 6277 6334 6278 
12605 6278 6334 6279 
12606 6334 6335 6279 
12607 6279 6335 6280 
12608 6335 6336 6280 
12609 6280 6336 6281 
12610 6336 6337 6281 
12611 6281 6337 6282 
12612 6337 6338 6282 
12613 6282 6338 6283 
12614 6338 6339 6283 
12615 6283 6339 6284 
12616 6339 6340 6284 
12617 6284 6340 6285 
12618 6340 6341 6285 
12619 6285 6341 6286 
12620 6341 6342 6286 
12621 6286 6342 6287 
12622 6342 6343 6287 
12623 6287 6343 6288 
12624 6343 6344 6288 
12625 6288 6344 6289 
12626 6344 6345 6289 
12627 6289 6345 6290 
12628 6345 6346 6290 
12629 6290 6346 6291 
12630 6346 6347 6291 
12631 6291 6347 6237 
12632 6347 6293 6237 
12633 6293 6349 6348 
12634 6293 6348 6292 
12635 6292 6348 6350 
12636 6292 6350 6294 
12637 6294 6350 6351 
12638 6294 6351 6295 
12639 6295 6351 6352 
12640 6295 6352 6296 
12641 6296 6352 6353 
12642 6296 6353 6297 
12643 6297 6353 6354 
12644 6297 6354 6298 
12645 6298 6354 6355 
12646 6298 6355 6299 
12647 6299 6355 6356 
12648 6299 6356 6300 
12649 6300 6356 6357 
12650 6300 6357 6301 
12651 6301 6357 6358 
12652 6301 6358 6302 
12653 6302 6358 6359 
12654 6302 6359 6303 
12655 6303 6359 6360 
12656 6303 6360 6304 
12657 6304 6360 6361 
12658 6304 6361 6305 
12659 6305 6361 6362 
12660 6305 6362 6306 
12661 6306 6362 6307 
12662 6362 6363 6307 
12663 6307 6363 6308 
12664 6363 6364 6308 
12665 6308 6364 6309 
12666 6364 6365 6309 
12667 6309 6365 6310 
12668 6365 6366 6310 
12669 6310 6366 6311 
12670 6366 6367 6311 
12671 6311 6367 6312 
12672 6367 6368 6312 
12673 6312 6368 6313 
12674 6368 6369 6313 
12675 6313 6369 6314 
12676 6369 6370 6314 
12677 6314 6370 6315 
12678 6370 6371 6315 
12679 6315 6371 6316 
12680 6371 6372 6316 
12681 6316 6372 6317 
12682 6372 6373 6317 
12683 6317 6373 6318 
12684 6373 6374 6318 
12685 6318 6374 6319 
12686 6374 6375 6319 
12687 6319 6375 6320 
12688 6375 6376 6320 
12689 6320 6376 6377 
12690 6320 6377 6321 
12691 6321 6377 6378 
12692 6321 6378 6322 
12693 6322 6378 6379 
12694 6322 6379 6323 
12695 6323 6379 6380 
12696 6323 6380 6324 
12697 6324 6380 6381 
12698 6324 6381 6325 
12699 6325 6381 6382 
12700 6325 6382 6326 
12701 6326 6382 6383 
12702 6326 6383 6327 
12703 6327 6383 6384 
12704 6327 6384 6328 
12705 6328 6384 6385 
12706 6328 6385 6329 
12707 6329 6385 6386 
12708 6329 6386 6330 
12709 6330 6386 6387 
12710 6330 6387 6331 
12711 6331 6387 6388 
12712 6331 6388 6332 
12713 6332 6388 6389 
12714 6332 6389 6333 
12715 6333 6389 6390 
12716 6333 6390 6334 
12717 6334 6390 6335 
12718 6390 6391 6335 
12719 6335 6391 6336 
12720 6391 6392 6336 
12721 6336 6392 6337 
12722 6392 6393 6337 
12723 6337 6393 6338 
12724 6393 6394 6338 
12725 6338 6394 6339 
12726 6394 6395 6339 
12727 6339 6395 6340 
12728 6395 6396 6340 
12729 6340 6396 6341 
12730 6396 6397 6341 
12731 6341 6397 6342 
12732 6397 6398 6342 
12733 6342 6398 6343 
12734 6398 6399 6343 
12735 6343 6399 6344 
12736 6399 6400 6344 
12737 6344 6400 6345 
12738 6400 6401 6345 
12739 6345 6401 6346 
12740 6401 6402 6346 
12741 6346 6402 6347 
12742 6402 6403 6347 
12743 6347 6403 6293 
12744 6403 6349 6293 
12745 6349 6405 6404 
12746 6349 6404 6348 
12747 6348 6404 6406 
12748 6348 6406 6350 
12749 6350 6406 6407 
12750 6350 6407 6351 
12751 6351 6407 6408 
12752 6351 6408 6352 
12753 6352 6408 6409 
12754 6352 6409 6353 
12755 6353 6409 6410 
12756 6353 6410 6354 
12757 6354 6410 6411 
12758 6354 6411 6355 
12759 6355 6411 6412 
12760 6355 6412 6356 
12761 6356 6412 6413 
12762 6356 6413 6357 
12763 6357 6413 6414 
12764 6357 6414 6358 
12765 6358 6414 6415 
12766 6358 6415 6359 
12767 6359 6415 6416 
12768 6359 6416 6360 
12769 6360 6416 6417 
12770 6360 6417 6361 
12771 6361 6417 6418 
12772 6361 6418 6362 
12773 6362 6418 6363 
12774 6418 6419 6363 
12775 6363 6419 6364 
12776 6419 6420 6364 
12777 6364 6420 6365 
12778 6420 6421 6365 
12779 6365 6421 6366 
12780 6421 6422 6366 
12781 6366 6422 6367 
12782 6422 6423 6367 
12783 6367 6423 6368 
12784 6423 6424 6368 
12785 6368 6424 6369 
12786 6424 6425 6369 
12787 6369 6425 6370 
12788 6425 6426 6370 
12789 6370 6426 6371 
12790 6426 6427 6371 
12791 6371 6427 6372 
12792 6427 6428 6372 
12793 6372 6428 6373 
12794 6428 6429 6373 
12795 6373 6429 6374 
12796 6429 6430 6374 
12797 6374 6430 6375 
12798 6430 6431 6375 
12799 6375 6431 6376 
12800 6431 6432 6376 
12801 6376 6432 6433 
12802 6376 6433 6377 
12803 6377 6433 6434 
12804 6377 6434 6378 
12805 6378 6434 6435 
12806 6378 6435 6379 
12807 6379 6435 6436 
12808 6379 6436 6380 
12809 6380 6436 6437 
12810 6380 6437 6381 
12811 6381 6437 6438 
12812 6381 6438 6382 
12813 6382 6438 6439 
12814 6382 6439 6383 
12815 6383 6439 6440 
12816 6383 6440 6384 
12817 6384 6440 6441 
12818 6384 6441 6385 
12819 6385 6441 6442 
12820 6385 6442 6386 
12821 6386 6442 6443 
12822 6386 6443 6387 
12823 6387 6443 6444 
12824 6387 6444 6388 
12825 6388 6444 6445 
12826 6388 6445 6389 
12827 6389 6445 6446 
12828 6389 6446 6390 
12829 6390 6446 6391 
12830 6446 6447 6391 
12831 6391 6447 6392 
12832 6447 6448 6392 
12833 6392 6448 6393 
12834 6448 6449 6393 
12835 6393 6449 6394 
12836 6449 6450 6394 
12837 6394 6450 6395 
12838 6450 6451 6395 
12839 6395 6451 6396 
12840 6451 6452 6396 
12841 6396 6452 6397 
12842 6452 6453 6397 
12843 6397 6453 6398 
12844 6453 6454 6398 
12845 6398 6454 6399 
12846 6454 6455 6399 
12847 6399 6455 6400 
12848 6455 6456 6400 
12849 6400 6456 6401 
12850 6456 6457 6401 
12851 6401 6457 6402 
12852 6457 6458 6402 
12853 6402 6458 6403 
12854 6458 6459 6403 
12855 6403 6459 6349 
12856 6459 6405 6349 
12857 6405 6461 6460 
12858 6405 6460 6404 
12859 6404 6460 6462 
12860 6404 6462 6406 
12861 6406 6462 6463 
12862 6406 6463 6407 
12863 6407 6463 6464 
12864 6407 6464 6408 
12865 6408 6464 6465 
12866 6408 6465 6409 
12867 6409 6465 6466 
12868 6409 6466 6410 
12869 6410 6466 6467 
12870 6410 6467 6411 
12871 6411 6467 6468 
12872 6411 6468 6412 
12873 6412 6468 6469 
12874 6412 6469 6413 
12875 6413 6469 6470 
12876 6413 6470 6414 
12877 6414 6470 6471 
12878 6414 6471 6415 
12879 6415 6471 6472 
12880 6415 6472 6416 
12881 6416 6472 6473 
12882 6416 6473 6417 
12883 6417 6473 6474 
12884 6417 6474 6418 
12885 6418 6474 6419 
12886 6474 6475 6419 
12887 6419 6475 6420 
12888 6475 6476 6420 
12889 6420 6476 6421 
12890 6476 6477 6421 
12891 6421 6477 6422 
12892 6477 6478 6422 
12893 6422 6478 6423 
12894 6478 6479 6423 
12895 6423 6479 6424 
12896 6479 6480 6424 
12897 6424 6480 6425 
12898 6480 6481 6425 
12899 6425 6481 6426 
12900 6481 6482 6426 
12901 6426 6482 6427 
12902 6482 6483 6427 
12903 6427 6483 6428 
12904 6483 6484 6428 
12905 6428 6484 6429 
12906 6484 6485 6429 
12907 6429 6485 6430 
12908 6485 6486 6430 
12909 6430 6486 6431 
12910 6486 6487 6431 
12911 6431 6487 6432 
12912 6487 6488 6432 
12913 6432 6488 6489 
12914 6432 6489 6433 
12915 6433 6489 6490 
12916 6433 6490 6434 
12917 6434 6490 6491 
12918 6434 6491 6435 
12919 6435 6491 6492 
12920 6435 6492 6436 
12921 6436 6492 6493 
12922 6436 6493 6437 
12923 6437 6493 6494 
12924 6437 6494 6438 
12925 6438 6494 6495 
12926 6438 6495 6439 
12927 6439 6495 6496 
12928 6439 6496 6440 
12929 6440 6496 6497 
12930 6440 6497 6441 
12931 6441 6497 6498 
12932 6441 6498 6442 
12933 6442 6498 6499 
12934 6442 6499 6443 
12935 6443 6499 6500 
12936 6443 6500 6444 
12937 6444 6500 6501 
12938 6444 6501 6445 
12939 6445 6501 6502 
12940 6445 6502 6446 
12941 6446 6502 6447 
12942 6502 6503 6447 
12943 6447 6503 6448 
12944 6503 6504 6448 
12945 6448 6504 6449 
12946 6504 6505 6449 
12947 6449 6505 6450 
12948 6505 6506 6450 
12949 6450 6506 6451 
12950 6506 6507 6451 
12951 6451 6507 6452 
12952 6507 6508 6452 
12953 6452 6508 6453 
12954 6508 6509 6453 
12955 6453 6509 6454 
12956 6509 6510 6454 
12957 6454 6510 6455 
12958 6510 6511 6455 
12959 6455 6511 6456 
12960 6511 6512 6456 
12961 6456 6512 6457 
12962 6512 6513 6457 
12963 6457 6513 6458 
12964 6513 6514 6458 
12965 6458 6514 6459 
12966 6514 6515 6459 
12967 6459 6515 6405 
12968 6515 6461 6405 
12969 6461 6517 6516 
12970 6461 6516 6460 
12971 6460 6516 6518 
12972 6460 6518 6462 
12973 6462 6518 6519 
12974 6462 6519 6463 
12975 6463 6519 6520 
12976 6463 6520 6464 
12977 6464 6520 6521 
12978 6464 6521 6465 
12979 6465 6521 6522 
12980 6465 6522 6466 
12981 6466 6522 6523 
12982 6466 6523 6467 
12983 6467 6523 6524 
12984 6467 6524 6468 
12985 6468 6524 6525 
12986 6468 6525 6469 
12987 6469 6525 6526 
12988 6469 6526 6470 
12989 6470 6526 6527 
12990 6470 6527 6471 
12991 6471 6527 6528 
12992 6471 6528 6472 
12993 6472 6528 6529 
12994 6472 6529 6473 
12995 6473 6529 6530 
12996 6473 6530 6474 
12997 6474 6530 6475 
12998 6530 6531 6475 
12999 6475 6531 6476 
13000 6531 6532 6476 
13001 6476 6532 6477 
13002 6532 6533 6477 
13003 6477 6533 6478 
13004 6533 6534 6478 
13005 6478 6534 6479 
13006 6534 6535 6479 
13007 6479 6535 6480 
13008 6535 6536 6480 
13009 6480 6536 6481 
13010 6536 6537 6481 
13011 6481 6537 6482 
13012 6537 6538 6482 
13013 6482 6538 6483 
13014 6538 6539 6483 
13015 6483 6539 6484 
13016 6539 6540 6484 
13017 6484 6540 6485 
13018 6540 6541 6485 
13019 6485 6541 6486 
13020 6541 6542 6486 
13021 6486 6542 6487 
13022 6542 6543 6487 
13023 6487 6543 6488 
13024 6543 6544 6488 
13025 6488 6544 6545 
13026 6488 6545 6489 
13027 6489 6545 6546 
13028 6489 6546 6490 
13029 6490 6546 6547 
13030 6490 6547 6491 
13031 6491 6547 6548 
13032 6491 6548 6492 
13033 6492 6548 6549 
13034 6492 6549 6493 
13035 6493 6549 6550 
13036 6493 6550 6494 
13037 6494 6550 6551 
13038 6494 6551 6495 
13039 6495 6551 6552 
13040 6495 6552 6496 
13041 6496 6552 6553 
13042 6496 6553 6497 
13043 6497 6553 6554 
13044 6497 6554 6498 
13045 6498 6554 6555 
13046 6498 6555 6499 
13047 6499 6555 6556 
13048 6499 6556 6500 
13049 6500 6556 6557 
13050 6500 6557 6501 
13051 6501 6557 6558 
13052 6501 6558 6502 
13053 6502 6558 6503 
13054 6558 6559 6503 
13055 6503 6559 6504 
13056 6559 6560 6504 
13057 6504 6560 6505 
13058 6560 6561 6505 
13059 6505 6561 6506 
13060 6561 6562 6506 
13061 6506 6562 6507 
13062 6562 6563 6507 
13063 6507 6563 6508 
13064 6563 6564 6508 
13065 6508 6564 6509 
13066 6564 6565 6509 
13067 6509 6565 6510 
13068 6565 6566 6510 
13069 6510 6566 6511 
13070 6566 6567 6511 
13071 6511 6567 6512 
13072 6567 6568 6512 
13073 6512 6568 6513 
13074 6568 6569 6513 
13075 6513 6569 6514 
13076 6569 6570 6514 
13077 6514 6570 6515 
13078 6570 6571 6515 
13079 6515 6571 6461 
13080 6571 6517 6461 
13081 6517 6573 6572 
13082 6517 6572 6516 
13083 6516 6572 6574 
13084 6516 6574 6518 
13085 6518 6574 6575 
13086 6518 6575 6519 
13087 6519 6575 6576 
13088 6519 6576 6520 
13089 6520 6576 6577 
13090 6520 6577 6521 
13091 6521 6577 6578 
13092 6521 6578 6522 
13093 6522 6578 6579 
13094 6522 6579 6523 
13095 6523 6579 6580 
13096 6523 6580 6524 
13097 6524 6580 6581 
13098 6524 6581 6525 
13099 6525 6581 6582 
13100 6525 6582 6526 
13101 6526 6582 6583 
13102 6526 6583 6527 
13103 6527 6583 6584 
13104 6527 6584 6528 
13105 6528 6584 6585 
13106 6528 6585 6529 
13107 6529 6585 6586 
13108 6529 6586 6530 
13109 6530 6586 6531 
13110 6586 6587 6531 
13111 6531 6587 6532 
13112 6587 6588 6532 
13113 6532 6588 6533 
13114 6588 6589 6533 
13115 6533 6589 6534 
13116 6589 6590 6534 
13117 6534 6590 6535 
13118 6590 6591 6535 
13119 6535 6591 6536 
13120 6591 6592 6536 
13121 6536 6592 6537 
13122 6592 6593 6537 
13123 6537 6593 6538 
13124 6593 6594 6538 
13125 6538 6594 6539 
13126 6594 6595 6539 
13127 6539 6595 6540 
13128 6595 6596 6540 
13129 6540 6596 6541 
13130 6596 6597 6541 
13131 6541 6597 6542 
13132 6597 6598 6542 
13133 6542 6598 6543 
13134 6598 6599 6543 
13135 6543 6599 6544 
13136 6599 6600 6544 
13137 6544 6600 6601 
13138 6544 6601 6545 
13139 6545 6601 6602 
13140 6545 6602 6546 
13141 6546 6602 6603 
13142 6546 6603 6547 
13143 6547 6603 6604 
13144 6547 6604 6548 
13145 6548 6604 6605 
13146 6548 6605 6549 
13147 6549 6605 6606 
13148 6549 6606 6550 
13149 6550 6606 6607 
13150 6550 6607 6551 
13151 6551 6607 6608 
13152 6551 6608 6552 
13153 6552 6608 6609 
13154 6552 6609 6553 
13155 6553 6609 6610 
13156 6553 6610 6554 
13157 6554 6610 6611 
13158 6554 6611 6555 
13159 6555 6611 6612 
13160 6555 6612 6556 
13161 6556 6612 6613 
13162 6556 6613 6557 
13163 6557 6613 6614 
13164 6557 6614 6558 
13165 6558 6614 6559 
13166 6614 6615 6559 
13167 6559 6615 6560 
13168 6615 6616 6560 
13169 6560 6616 6561 
13170 6616 6617 6561 
13171 6561 6617 6562 
13172 6617 6618 6562 
13173 6562 6618 6563 
13174 6618 6619 6563 
13175 6563 6619 6564 
13176 6619 6620 6564 
13177 6564 6620 6565 
13178 6620 6621 6565 
13179 6565 6621 6566 
13180 6621 6622 6566 
13181 6566 6622 6567 
13182 6622 6623 6567 
13183 6567 6623 6568 
13184 6623 6624 6568 
13185 6568 6624 6569 
13186 6624 6625 6569 
13187 6569 6625 6570 
13188 6625 6626 6570 
13189 6570 6626 6571 
13190 6626 6627 6571 
13191 6571 6627 6517 
13192 6627 6573 6517 
13193 6573 6628 6572 
13194 6572 6628 6629 
13195 6572 6629 6574 
13196 6574 6629 6630 
13197 6574 6630 6575 
13198 6575 6630 6631 
13199 6575 6631 6576 
13200 6576 6631 6632 
13201 6576 6632 6577 
13202 6577 6632 6633 
13203 6577 6633 6578 
13204 6578 6633 6634 
13205 6578 6634 6579 
13206 6579 6634 6635 
13207 6579 6635 6580 
13208 6580 6635 6636 
13209 6580 6636 6581 
13210 6581 6636 6637 
13211 6581 6637 6582 
13212 6582 6637 6638 
13213 6582 6638 6583 
13214 6583 6638 6639 
13215 6583 6639 6584 
13216 6584 6639 6640 
13217 6584 6640 6585 
13218 6585 6640 6641 
13219 6585 6641 6586 
13220 6586 6641 6587 
13221 6641 6642 6587 
13222 6587 6642 6588 
13223 6642 6643 6588 
13224 6588 6643 6589 
13225 6643 6644 6589 
13226 6589 6644 6590 
13227 6644 6645 6590 
13228 6590 6645 6591 
13229 6645 6646 6591 
13230 6591 6646 6592 
13231 6646 6647 6592 
13232 6592 6647 6593 
13233 6647 6648 6593 
13234 6593 6648 6594 
13235 6648 6649 6594 
13236 6594 6649 6595 
13237 6649 6650 6595 
13238 6595 6650 6596 
13239 6650 6651 6596 
13240 6596 6651 6597 
13241 6651 6652 6597 
13242 6597 6652 6598 
13243 6652 6653 6598 
13244 6598 6653 6599 
13245 6653 6654 6599 
13246 6599 6654 6600 
13247 6600 6655 6601 
13248 6601 6655 6656 
13249 6601 6656 6602 
13250 6602 6656 6657 
13251 6602 6657 6603 
13252 6603 6657 6658 
13253 6603 6658 6604 
13254 6604 6658 6659 
13255 6604 6659 6605 
13256 6605 6659 6660 
13257 6605 6660 6606 
13258 6606 6660 6661 
13259 6606 6661 6607 
13260 6607 6661 6662 
13261 6607 6662 6608 
13262 6608 6662 6663 
13263 6608 6663 6609 
13264 6609 6663 6664 
13265 6609 6664 6610 
13266 6610 6664 6665 
13267 6610 6665 6611 
13268 6611 6665 6666 
13269 6611 6666 6612 
13270 6612 6666 6667 
13271 6612 6667 6613 
13272 6613 6667 6668 
13273 6613 6668 6614 
13274 6614 6668 6615 
13275 6668 6669 6615 
13276 6615 6669 6616 
13277 6669 6670 6616 
13278 6616 6670 6617 
13279 6670 6671 6617 
13280 6617 6671 6618 
13281 6671 6672 6618 
13282 6618 6672 6619 
13283 6672 6673 6619 
13284 6619 6673 6620 
13285 6673 6674 6620 
13286 6620 6674 6621 
13287 6674 6675 6621 
13288 6621 6675 6622 
13289 6675 6676 6622 
13290 6622 6676 6623 
13291 6676 6677 6623 
13292 6623 6677 6624 
13293 6677 6678 6624 
13294 6624 6678 6625 
13295 6678 6679 6625 
13296 6625 6679 6626 
13297 6679 6680 6626 
13298 6626 6680 6627 
13299 6680 6681 6627 
13300 6627 6681 6573 
13301 6573 6682 6628 
13302 6628 6682 6683 
13303 6628 6683 6629 
13304 6629 6683 6684 
13305 6629 6684 6630 
13306 6630 6684 6685 
13307 6630 6685 6631 
13308 6631 6685 6686 
13309 6631 6686 6632 
13310 6632 6686 6687 
13311 6632 6687 6633 
13312 6633 6687 6688 
13313 6633 6688 6634 
13314 6634 6688 6689 
13315 6634 6689 6635 
13316 6635 6689 6690 
13317 6635 6690 6636 
13318 6636 6690 6691 
13319 6636 6691 6637 
13320 6637 6691 6692 
13321 6637 6692 6638 
13322 6638 6692 6693 
13323 6638 6693 6639 
13324 6639 6693 6694 
13325 6639 6694 6640 
13326 6640 6694 6695 
13327 6640 6695 6641 
13328 6641 6695 6642 
13329 6695 6696 6642 
13330 6642 6696 6643 
13331 6696 6697 6643 
13332 6643 6697 6644 
13333 6697 6698 6644 
13334 6644 6698 6645 
13335 6698 6699 6645 
13336 6645 6699 6646 
13337 6699 6700 6646 
13338 6646 6700 6647 
13339 6700 6701 6647 
13340 6647 6701 6648 
13341 6701 6702 6648 
13342 6648 6702 6649 
13343 6702 6703 6649 
13344 6649 6703 6650 
13345 6703 6704 6650 
13346 6650 6704 6651 
13347 6704 6705 6651 
13348 6651 6705 6652 
13349 6705 6706 6652 
13350 6652 6706 6653 
13351 6706 6707 6653 
13352 6653 6707 6654 
13353 6707 6708 6654 
13354 6654 6708 6600 
13355 6600 6708 6655 
13356 6655 6708 6707 
13357 6655 6707 6656 
13358 6656 6707 6706 
13359 6656 6706 6657 
13360 6657 6706 6705 
13361 6657 6705 6658 
13362 6658 6705 6704 
13363 6658 6704 6659 
13364 6659 6704 6703 
13365 6659 6703 6660 
13366 6660 6703 6702 
13367 6660 6702 6661 
13368 6661 6702 6701 
13369 6661 6701 6662 
13370 6662 6701 6700 
13371 6662 6700 6663 
13372 6663 6700 6699 
13373 6663 6699 6664 
13374 6664 6699 6698 
13375 6664 6698 6665 
13376 6665 6698 6697 
13377 6665 6697 6666 
13378 6666 6697 6696 
13379 6666 6696 6667 
13380 6667 6696 6695 
13381 6667 6695 6668 
13382 6668 6695 6669 
13383 6695 6694 6669 
13384 6669 6694 6670 
13385 6694 6693 6670 
13386 6670 6693 6671 
13387 6693 6692 6671 
13388 6671 6692 6672 
13389 6692 6691 6672 
13390 6672 6691 6673 
13391 6691 6690 6673 
13392 6673 6690 6674 
13393 6690 6689 6674 
13394 6674 6689 6675 
13395 6689 6688 6675 
13396 6675 6688 6676 
13397 6688 6687 6676 
13398 6676 6687 6677 
13399 6687 6686 6677 
13400 6677 6686 6678 
13401 6686 6685 6678 
13402 6678 6685 6679 
13403 6685 6684 6679 
13404 6679 6684 6680 
13405 6684 6683 6680 
13406 6680 6683 6681 
13407 6683 6682 6681 
13408 6681 6682 6573 
$EndElements
