$MeshFormat
4.1 0 8
$EndMeshFormat
$Entities
0 0 1 0
0 0 -0.04574063709999998 -0.0456120441 0.76 2.7379038895 0.0456120441 0 0 
$EndEntities
$Nodes
1 3786 1 3786
2 0 0 3786
1
2
3
4
5
6
7
8
9
10
11
12
13
14
15
16
17
18
19
20
21
22
23
24
25
26
27
28
29
30
31
32
33
34
35
36
37
38
39
40
41
42
43
44
45
46
47
48
49
50
51
52
53
54
55
56
57
58
59
60
61
62
63
64
65
66
67
68
69
70
71
72
73
74
75
76
77
78
79
80
81
82
83
84
85
86
87
88
89
90
91
92
93
94
95
96
97
98
99
100
101
102
103
104
105
106
107
108
109
110
111
112
113
114
115
116
117
118
119
120
121
122
123
124
125
126
127
128
129
130
131
132
133
134
135
136
137
138
139
140
141
142
143
144
145
146
147
148
149
150
151
152
153
154
155
156
157
158
159
160
161
162
163
164
165
166
167
168
169
170
171
172
173
174
175
176
177
178
179
180
181
182
183
184
185
186
187
188
189
190
191
192
193
194
195
196
197
198
199
200
201
202
203
204
205
206
207
208
209
210
211
212
213
214
215
216
217
218
219
220
221
222
223
224
225
226
227
228
229
230
231
232
233
234
235
236
237
238
239
240
241
242
243
244
245
246
247
248
249
250
251
252
253
254
255
256
257
258
259
260
261
262
263
264
265
266
267
268
269
270
271
272
273
274
275
276
277
278
279
280
281
282
283
284
285
286
287
288
289
290
291
292
293
294
295
296
297
298
299
300
301
302
303
304
305
306
307
308
309
310
311
312
313
314
315
316
317
318
319
320
321
322
323
324
325
326
327
328
329
330
331
332
333
334
335
336
337
338
339
340
341
342
343
344
345
346
347
348
349
350
351
352
353
354
355
356
357
358
359
360
361
362
363
364
365
366
367
368
369
370
371
372
373
374
375
376
377
378
379
380
381
382
383
384
385
386
387
388
389
390
391
392
393
394
395
396
397
398
399
400
401
402
403
404
405
406
407
408
409
410
411
412
413
414
415
416
417
418
419
420
421
422
423
424
425
426
427
428
429
430
431
432
433
434
435
436
437
438
439
440
441
442
443
444
445
446
447
448
449
450
451
452
453
454
455
456
457
458
459
460
461
462
463
464
465
466
467
468
469
470
471
472
473
474
475
476
477
478
479
480
481
482
483
484
485
486
487
488
489
490
491
492
493
494
495
496
497
498
499
500
501
502
503
504
505
506
507
508
509
510
511
512
513
514
515
516
517
518
519
520
521
522
523
524
525
526
527
528
529
530
531
532
533
534
535
536
537
538
539
540
541
542
543
544
545
546
547
548
549
550
551
552
553
554
555
556
557
558
559
560
561
562
563
564
565
566
567
568
569
570
571
572
573
574
575
576
577
578
579
580
581
582
583
584
585
586
587
588
589
590
591
592
593
594
595
596
597
598
599
600
601
602
603
604
605
606
607
608
609
610
611
612
613
614
615
616
617
618
619
620
621
622
623
624
625
626
627
628
629
630
631
632
633
634
635
636
637
638
639
640
641
642
643
644
645
646
647
648
649
650
651
652
653
654
655
656
657
658
659
660
661
662
663
664
665
666
667
668
669
670
671
672
673
674
675
676
677
678
679
680
681
682
683
684
685
686
687
688
689
690
691
692
693
694
695
696
697
698
699
700
701
702
703
704
705
706
707
708
709
710
711
712
713
714
715
716
717
718
719
720
721
722
723
724
725
726
727
728
729
730
731
732
733
734
735
736
737
738
739
740
741
742
743
744
745
746
747
748
749
750
751
752
753
754
755
756
757
758
759
760
761
762
763
764
765
766
767
768
769
770
771
772
773
774
775
776
777
778
779
780
781
782
783
784
785
786
787
788
789
790
791
792
793
794
795
796
797
798
799
800
801
802
803
804
805
806
807
808
809
810
811
812
813
814
815
816
817
818
819
820
821
822
823
824
825
826
827
828
829
830
831
832
833
834
835
836
837
838
839
840
841
842
843
844
845
846
847
848
849
850
851
852
853
854
855
856
857
858
859
860
861
862
863
864
865
866
867
868
869
870
871
872
873
874
875
876
877
878
879
880
881
882
883
884
885
886
887
888
889
890
891
892
893
894
895
896
897
898
899
900
901
902
903
904
905
906
907
908
909
910
911
912
913
914
915
916
917
918
919
920
921
922
923
924
925
926
927
928
929
930
931
932
933
934
935
936
937
938
939
940
941
942
943
944
945
946
947
948
949
950
951
952
953
954
955
956
957
958
959
960
961
962
963
964
965
966
967
968
969
970
971
972
973
974
975
976
977
978
979
980
981
982
983
984
985
986
987
988
989
990
991
992
993
994
995
996
997
998
999
1000
1001
1002
1003
1004
1005
1006
1007
1008
1009
1010
1011
1012
1013
1014
1015
1016
1017
1018
1019
1020
1021
1022
1023
1024
1025
1026
1027
1028
1029
1030
1031
1032
1033
1034
1035
1036
1037
1038
1039
1040
1041
1042
1043
1044
1045
1046
1047
1048
1049
1050
1051
1052
1053
1054
1055
1056
1057
1058
1059
1060
1061
1062
1063
1064
1065
1066
1067
1068
1069
1070
1071
1072
1073
1074
1075
1076
1077
1078
1079
1080
1081
1082
1083
1084
1085
1086
1087
1088
1089
1090
1091
1092
1093
1094
1095
1096
1097
1098
1099
1100
1101
1102
1103
1104
1105
1106
1107
1108
1109
1110
1111
1112
1113
1114
1115
1116
1117
1118
1119
1120
1121
1122
1123
1124
1125
1126
1127
1128
1129
1130
1131
1132
1133
1134
1135
1136
1137
1138
1139
1140
1141
1142
1143
1144
1145
1146
1147
1148
1149
1150
1151
1152
1153
1154
1155
1156
1157
1158
1159
1160
1161
1162
1163
1164
1165
1166
1167
1168
1169
1170
1171
1172
1173
1174
1175
1176
1177
1178
1179
1180
1181
1182
1183
1184
1185
1186
1187
1188
1189
1190
1191
1192
1193
1194
1195
1196
1197
1198
1199
1200
1201
1202
1203
1204
1205
1206
1207
1208
1209
1210
1211
1212
1213
1214
1215
1216
1217
1218
1219
1220
1221
1222
1223
1224
1225
1226
1227
1228
1229
1230
1231
1232
1233
1234
1235
1236
1237
1238
1239
1240
1241
1242
1243
1244
1245
1246
1247
1248
1249
1250
1251
1252
1253
1254
1255
1256
1257
1258
1259
1260
1261
1262
1263
1264
1265
1266
1267
1268
1269
1270
1271
1272
1273
1274
1275
1276
1277
1278
1279
1280
1281
1282
1283
1284
1285
1286
1287
1288
1289
1290
1291
1292
1293
1294
1295
1296
1297
1298
1299
1300
1301
1302
1303
1304
1305
1306
1307
1308
1309
1310
1311
1312
1313
1314
1315
1316
1317
1318
1319
1320
1321
1322
1323
1324
1325
1326
1327
1328
1329
1330
1331
1332
1333
1334
1335
1336
1337
1338
1339
1340
1341
1342
1343
1344
1345
1346
1347
1348
1349
1350
1351
1352
1353
1354
1355
1356
1357
1358
1359
1360
1361
1362
1363
1364
1365
1366
1367
1368
1369
1370
1371
1372
1373
1374
1375
1376
1377
1378
1379
1380
1381
1382
1383
1384
1385
1386
1387
1388
1389
1390
1391
1392
1393
1394
1395
1396
1397
1398
1399
1400
1401
1402
1403
1404
1405
1406
1407
1408
1409
1410
1411
1412
1413
1414
1415
1416
1417
1418
1419
1420
1421
1422
1423
1424
1425
1426
1427
1428
1429
1430
1431
1432
1433
1434
1435
1436
1437
1438
1439
1440
1441
1442
1443
1444
1445
1446
1447
1448
1449
1450
1451
1452
1453
1454
1455
1456
1457
1458
1459
1460
1461
1462
1463
1464
1465
1466
1467
1468
1469
1470
1471
1472
1473
1474
1475
1476
1477
1478
1479
1480
1481
1482
1483
1484
1485
1486
1487
1488
1489
1490
1491
1492
1493
1494
1495
1496
1497
1498
1499
1500
1501
1502
1503
1504
1505
1506
1507
1508
1509
1510
1511
1512
1513
1514
1515
1516
1517
1518
1519
1520
1521
1522
1523
1524
1525
1526
1527
1528
1529
1530
1531
1532
1533
1534
1535
1536
1537
1538
1539
1540
1541
1542
1543
1544
1545
1546
1547
1548
1549
1550
1551
1552
1553
1554
1555
1556
1557
1558
1559
1560
1561
1562
1563
1564
1565
1566
1567
1568
1569
1570
1571
1572
1573
1574
1575
1576
1577
1578
1579
1580
1581
1582
1583
1584
1585
1586
1587
1588
1589
1590
1591
1592
1593
1594
1595
1596
1597
1598
1599
1600
1601
1602
1603
1604
1605
1606
1607
1608
1609
1610
1611
1612
1613
1614
1615
1616
1617
1618
1619
1620
1621
1622
1623
1624
1625
1626
1627
1628
1629
1630
1631
1632
1633
1634
1635
1636
1637
1638
1639
1640
1641
1642
1643
1644
1645
1646
1647
1648
1649
1650
1651
1652
1653
1654
1655
1656
1657
1658
1659
1660
1661
1662
1663
1664
1665
1666
1667
1668
1669
1670
1671
1672
1673
1674
1675
1676
1677
1678
1679
1680
1681
1682
1683
1684
1685
1686
1687
1688
1689
1690
1691
1692
1693
1694
1695
1696
1697
1698
1699
1700
1701
1702
1703
1704
1705
1706
1707
1708
1709
1710
1711
1712
1713
1714
1715
1716
1717
1718
1719
1720
1721
1722
1723
1724
1725
1726
1727
1728
1729
1730
1731
1732
1733
1734
1735
1736
1737
1738
1739
1740
1741
1742
1743
1744
1745
1746
1747
1748
1749
1750
1751
1752
1753
1754
1755
1756
1757
1758
1759
1760
1761
1762
1763
1764
1765
1766
1767
1768
1769
1770
1771
1772
1773
1774
1775
1776
1777
1778
1779
1780
1781
1782
1783
1784
1785
1786
1787
1788
1789
1790
1791
1792
1793
1794
1795
1796
1797
1798
1799
1800
1801
1802
1803
1804
1805
1806
1807
1808
1809
1810
1811
1812
1813
1814
1815
1816
1817
1818
1819
1820
1821
1822
1823
1824
1825
1826
1827
1828
1829
1830
1831
1832
1833
1834
1835
1836
1837
1838
1839
1840
1841
1842
1843
1844
1845
1846
1847
1848
1849
1850
1851
1852
1853
1854
1855
1856
1857
1858
1859
1860
1861
1862
1863
1864
1865
1866
1867
1868
1869
1870
1871
1872
1873
1874
1875
1876
1877
1878
1879
1880
1881
1882
1883
1884
1885
1886
1887
1888
1889
1890
1891
1892
1893
1894
1895
1896
1897
1898
1899
1900
1901
1902
1903
1904
1905
1906
1907
1908
1909
1910
1911
1912
1913
1914
1915
1916
1917
1918
1919
1920
1921
1922
1923
1924
1925
1926
1927
1928
1929
1930
1931
1932
1933
1934
1935
1936
1937
1938
1939
1940
1941
1942
1943
1944
1945
1946
1947
1948
1949
1950
1951
1952
1953
1954
1955
1956
1957
1958
1959
1960
1961
1962
1963
1964
1965
1966
1967
1968
1969
1970
1971
1972
1973
1974
1975
1976
1977
1978
1979
1980
1981
1982
1983
1984
1985
1986
1987
1988
1989
1990
1991
1992
1993
1994
1995
1996
1997
1998
1999
2000
2001
2002
2003
2004
2005
2006
2007
2008
2009
2010
2011
2012
2013
2014
2015
2016
2017
2018
2019
2020
2021
2022
2023
2024
2025
2026
2027
2028
2029
2030
2031
2032
2033
2034
2035
2036
2037
2038
2039
2040
2041
2042
2043
2044
2045
2046
2047
2048
2049
2050
2051
2052
2053
2054
2055
2056
2057
2058
2059
2060
2061
2062
2063
2064
2065
2066
2067
2068
2069
2070
2071
2072
2073
2074
2075
2076
2077
2078
2079
2080
2081
2082
2083
2084
2085
2086
2087
2088
2089
2090
2091
2092
2093
2094
2095
2096
2097
2098
2099
2100
2101
2102
2103
2104
2105
2106
2107
2108
2109
2110
2111
2112
2113
2114
2115
2116
2117
2118
2119
2120
2121
2122
2123
2124
2125
2126
2127
2128
2129
2130
2131
2132
2133
2134
2135
2136
2137
2138
2139
2140
2141
2142
2143
2144
2145
2146
2147
2148
2149
2150
2151
2152
2153
2154
2155
2156
2157
2158
2159
2160
2161
2162
2163
2164
2165
2166
2167
2168
2169
2170
2171
2172
2173
2174
2175
2176
2177
2178
2179
2180
2181
2182
2183
2184
2185
2186
2187
2188
2189
2190
2191
2192
2193
2194
2195
2196
2197
2198
2199
2200
2201
2202
2203
2204
2205
2206
2207
2208
2209
2210
2211
2212
2213
2214
2215
2216
2217
2218
2219
2220
2221
2222
2223
2224
2225
2226
2227
2228
2229
2230
2231
2232
2233
2234
2235
2236
2237
2238
2239
2240
2241
2242
2243
2244
2245
2246
2247
2248
2249
2250
2251
2252
2253
2254
2255
2256
2257
2258
2259
2260
2261
2262
2263
2264
2265
2266
2267
2268
2269
2270
2271
2272
2273
2274
2275
2276
2277
2278
2279
2280
2281
2282
2283
2284
2285
2286
2287
2288
2289
2290
2291
2292
2293
2294
2295
2296
2297
2298
2299
2300
2301
2302
2303
2304
2305
2306
2307
2308
2309
2310
2311
2312
2313
2314
2315
2316
2317
2318
2319
2320
2321
2322
2323
2324
2325
2326
2327
2328
2329
2330
2331
2332
2333
2334
2335
2336
2337
2338
2339
2340
2341
2342
2343
2344
2345
2346
2347
2348
2349
2350
2351
2352
2353
2354
2355
2356
2357
2358
2359
2360
2361
2362
2363
2364
2365
2366
2367
2368
2369
2370
2371
2372
2373
2374
2375
2376
2377
2378
2379
2380
2381
2382
2383
2384
2385
2386
2387
2388
2389
2390
2391
2392
2393
2394
2395
2396
2397
2398
2399
2400
2401
2402
2403
2404
2405
2406
2407
2408
2409
2410
2411
2412
2413
2414
2415
2416
2417
2418
2419
2420
2421
2422
2423
2424
2425
2426
2427
2428
2429
2430
2431
2432
2433
2434
2435
2436
2437
2438
2439
2440
2441
2442
2443
2444
2445
2446
2447
2448
2449
2450
2451
2452
2453
2454
2455
2456
2457
2458
2459
2460
2461
2462
2463
2464
2465
2466
2467
2468
2469
2470
2471
2472
2473
2474
2475
2476
2477
2478
2479
2480
2481
2482
2483
2484
2485
2486
2487
2488
2489
2490
2491
2492
2493
2494
2495
2496
2497
2498
2499
2500
2501
2502
2503
2504
2505
2506
2507
2508
2509
2510
2511
2512
2513
2514
2515
2516
2517
2518
2519
2520
2521
2522
2523
2524
2525
2526
2527
2528
2529
2530
2531
2532
2533
2534
2535
2536
2537
2538
2539
2540
2541
2542
2543
2544
2545
2546
2547
2548
2549
2550
2551
2552
2553
2554
2555
2556
2557
2558
2559
2560
2561
2562
2563
2564
2565
2566
2567
2568
2569
2570
2571
2572
2573
2574
2575
2576
2577
2578
2579
2580
2581
2582
2583
2584
2585
2586
2587
2588
2589
2590
2591
2592
2593
2594
2595
2596
2597
2598
2599
2600
2601
2602
2603
2604
2605
2606
2607
2608
2609
2610
2611
2612
2613
2614
2615
2616
2617
2618
2619
2620
2621
2622
2623
2624
2625
2626
2627
2628
2629
2630
2631
2632
2633
2634
2635
2636
2637
2638
2639
2640
2641
2642
2643
2644
2645
2646
2647
2648
2649
2650
2651
2652
2653
2654
2655
2656
2657
2658
2659
2660
2661
2662
2663
2664
2665
2666
2667
2668
2669
2670
2671
2672
2673
2674
2675
2676
2677
2678
2679
2680
2681
2682
2683
2684
2685
2686
2687
2688
2689
2690
2691
2692
2693
2694
2695
2696
2697
2698
2699
2700
2701
2702
2703
2704
2705
2706
2707
2708
2709
2710
2711
2712
2713
2714
2715
2716
2717
2718
2719
2720
2721
2722
2723
2724
2725
2726
2727
2728
2729
2730
2731
2732
2733
2734
2735
2736
2737
2738
2739
2740
2741
2742
2743
2744
2745
2746
2747
2748
2749
2750
2751
2752
2753
2754
2755
2756
2757
2758
2759
2760
2761
2762
2763
2764
2765
2766
2767
2768
2769
2770
2771
2772
2773
2774
2775
2776
2777
2778
2779
2780
2781
2782
2783
2784
2785
2786
2787
2788
2789
2790
2791
2792
2793
2794
2795
2796
2797
2798
2799
2800
2801
2802
2803
2804
2805
2806
2807
2808
2809
2810
2811
2812
2813
2814
2815
2816
2817
2818
2819
2820
2821
2822
2823
2824
2825
2826
2827
2828
2829
2830
2831
2832
2833
2834
2835
2836
2837
2838
2839
2840
2841
2842
2843
2844
2845
2846
2847
2848
2849
2850
2851
2852
2853
2854
2855
2856
2857
2858
2859
2860
2861
2862
2863
2864
2865
2866
2867
2868
2869
2870
2871
2872
2873
2874
2875
2876
2877
2878
2879
2880
2881
2882
2883
2884
2885
2886
2887
2888
2889
2890
2891
2892
2893
2894
2895
2896
2897
2898
2899
2900
2901
2902
2903
2904
2905
2906
2907
2908
2909
2910
2911
2912
2913
2914
2915
2916
2917
2918
2919
2920
2921
2922
2923
2924
2925
2926
2927
2928
2929
2930
2931
2932
2933
2934
2935
2936
2937
2938
2939
2940
2941
2942
2943
2944
2945
2946
2947
2948
2949
2950
2951
2952
2953
2954
2955
2956
2957
2958
2959
2960
2961
2962
2963
2964
2965
2966
2967
2968
2969
2970
2971
2972
2973
2974
2975
2976
2977
2978
2979
2980
2981
2982
2983
2984
2985
2986
2987
2988
2989
2990
2991
2992
2993
2994
2995
2996
2997
2998
2999
3000
3001
3002
3003
3004
3005
3006
3007
3008
3009
3010
3011
3012
3013
3014
3015
3016
3017
3018
3019
3020
3021
3022
3023
3024
3025
3026
3027
3028
3029
3030
3031
3032
3033
3034
3035
3036
3037
3038
3039
3040
3041
3042
3043
3044
3045
3046
3047
3048
3049
3050
3051
3052
3053
3054
3055
3056
3057
3058
3059
3060
3061
3062
3063
3064
3065
3066
3067
3068
3069
3070
3071
3072
3073
3074
3075
3076
3077
3078
3079
3080
3081
3082
3083
3084
3085
3086
3087
3088
3089
3090
3091
3092
3093
3094
3095
3096
3097
3098
3099
3100
3101
3102
3103
3104
3105
3106
3107
3108
3109
3110
3111
3112
3113
3114
3115
3116
3117
3118
3119
3120
3121
3122
3123
3124
3125
3126
3127
3128
3129
3130
3131
3132
3133
3134
3135
3136
3137
3138
3139
3140
3141
3142
3143
3144
3145
3146
3147
3148
3149
3150
3151
3152
3153
3154
3155
3156
3157
3158
3159
3160
3161
3162
3163
3164
3165
3166
3167
3168
3169
3170
3171
3172
3173
3174
3175
3176
3177
3178
3179
3180
3181
3182
3183
3184
3185
3186
3187
3188
3189
3190
3191
3192
3193
3194
3195
3196
3197
3198
3199
3200
3201
3202
3203
3204
3205
3206
3207
3208
3209
3210
3211
3212
3213
3214
3215
3216
3217
3218
3219
3220
3221
3222
3223
3224
3225
3226
3227
3228
3229
3230
3231
3232
3233
3234
3235
3236
3237
3238
3239
3240
3241
3242
3243
3244
3245
3246
3247
3248
3249
3250
3251
3252
3253
3254
3255
3256
3257
3258
3259
3260
3261
3262
3263
3264
3265
3266
3267
3268
3269
3270
3271
3272
3273
3274
3275
3276
3277
3278
3279
3280
3281
3282
3283
3284
3285
3286
3287
3288
3289
3290
3291
3292
3293
3294
3295
3296
3297
3298
3299
3300
3301
3302
3303
3304
3305
3306
3307
3308
3309
3310
3311
3312
3313
3314
3315
3316
3317
3318
3319
3320
3321
3322
3323
3324
3325
3326
3327
3328
3329
3330
3331
3332
3333
3334
3335
3336
3337
3338
3339
3340
3341
3342
3343
3344
3345
3346
3347
3348
3349
3350
3351
3352
3353
3354
3355
3356
3357
3358
3359
3360
3361
3362
3363
3364
3365
3366
3367
3368
3369
3370
3371
3372
3373
3374
3375
3376
3377
3378
3379
3380
3381
3382
3383
3384
3385
3386
3387
3388
3389
3390
3391
3392
3393
3394
3395
3396
3397
3398
3399
3400
3401
3402
3403
3404
3405
3406
3407
3408
3409
3410
3411
3412
3413
3414
3415
3416
3417
3418
3419
3420
3421
3422
3423
3424
3425
3426
3427
3428
3429
3430
3431
3432
3433
3434
3435
3436
3437
3438
3439
3440
3441
3442
3443
3444
3445
3446
3447
3448
3449
3450
3451
3452
3453
3454
3455
3456
3457
3458
3459
3460
3461
3462
3463
3464
3465
3466
3467
3468
3469
3470
3471
3472
3473
3474
3475
3476
3477
3478
3479
3480
3481
3482
3483
3484
3485
3486
3487
3488
3489
3490
3491
3492
3493
3494
3495
3496
3497
3498
3499
3500
3501
3502
3503
3504
3505
3506
3507
3508
3509
3510
3511
3512
3513
3514
3515
3516
3517
3518
3519
3520
3521
3522
3523
3524
3525
3526
3527
3528
3529
3530
3531
3532
3533
3534
3535
3536
3537
3538
3539
3540
3541
3542
3543
3544
3545
3546
3547
3548
3549
3550
3551
3552
3553
3554
3555
3556
3557
3558
3559
3560
3561
3562
3563
3564
3565
3566
3567
3568
3569
3570
3571
3572
3573
3574
3575
3576
3577
3578
3579
3580
3581
3582
3583
3584
3585
3586
3587
3588
3589
3590
3591
3592
3593
3594
3595
3596
3597
3598
3599
3600
3601
3602
3603
3604
3605
3606
3607
3608
3609
3610
3611
3612
3613
3614
3615
3616
3617
3618
3619
3620
3621
3622
3623
3624
3625
3626
3627
3628
3629
3630
3631
3632
3633
3634
3635
3636
3637
3638
3639
3640
3641
3642
3643
3644
3645
3646
3647
3648
3649
3650
3651
3652
3653
3654
3655
3656
3657
3658
3659
3660
3661
3662
3663
3664
3665
3666
3667
3668
3669
3670
3671
3672
3673
3674
3675
3676
3677
3678
3679
3680
3681
3682
3683
3684
3685
3686
3687
3688
3689
3690
3691
3692
3693
3694
3695
3696
3697
3698
3699
3700
3701
3702
3703
3704
3705
3706
3707
3708
3709
3710
3711
3712
3713
3714
3715
3716
3717
3718
3719
3720
3721
3722
3723
3724
3725
3726
3727
3728
3729
3730
3731
3732
3733
3734
3735
3736
3737
3738
3739
3740
3741
3742
3743
3744
3745
3746
3747
3748
3749
3750
3751
3752
3753
3754
3755
3756
3757
3758
3759
3760
3761
3762
3763
3764
3765
3766
3767
3768
3769
3770
3771
3772
3773
3774
3775
3776
3777
3778
3779
3780
3781
3782
3783
3784
3785
3786
0.0112721985 -0.0156556146 0
0 0 0
0.0112820432 0 -0.0156455168
0.6812115591 -0.010490117 -0
0.6614970187 -0.0129451969 0
0.6615015823 0 -0.0129342581
0.7009178574 -0.007970074000000001 -0
0.6812152376 0 -0.0104824394
0.7206155084 -0.0053832286 -0
0.7009206286 0 -0.0079650543
0.6417747834999999 -0.0153372845 -0
0.6417800274 0 -0.0153217133
0.72061731 0 -0.0053803947
0.7403040411 -0.0027278952 -0
0.7403048153 0 -0.0027267552
0.76 -0 -0
0.5035101565 -0.0302272591 -0
0.4837287956 -0.0320673534 0
0.4950409696 -0.0222030959 -0.02163674
0.4837388532 0 -0.0320032342
0.5035196372 0 -0.0301701682
0.2457975243 0 -0.0455198429
0.2395409282 -0.017482899 -0.0421476699
0.2259322837 0 -0.0456120441
0.2213107298 -0.0422642715 -0.0174535262
0.2396277448 -0.0422477755 -0.0174213142
0.2259104207 -0.0457406371 0
0.1817971354 -0.0417539945 -0.0168872695
0.202133625 -0.0404980927 -0.0207882094
0.1861820324 -0.0451739641 -0
0.2060673919 0 -0.0454648628
0.2019080014 -0.0208115758 -0.0404198604
0.1862063064 0 -0.0450490164
0.2656411907 -0.0453382296 -0
0.2717285125 -0.0418072812 -0.0171838831
0.2855014847 -0.0448337508 -0
0.2902703501 -0.0177578761 -0.0409316947
0.2712390498 -0.0185250127 -0.0411709265
0.2855197584 0 -0.0447097807
0.3053564784 -0.0441501478 -0
0.3098629958 -0.0409179943 -0.0160991477
0.3252051978 -0.0433044165 -0
0.3292877391 -0.0169186973 -0.0395846928
0.3109561224 -0.0152361792 -0.0411265843
0.3252213319 0 -0.0431885667
0.1431077091 -0.0401895939 -0.0157280851
0.1621000961 -0.0411959682 -0.0161601493
0.1464909004 -0.0433794283 -0
0.3450470587 -0.0423104939 0
0.3485249419 -0.0391706543 -0.0154878135
0.364881624 -0.041180295 0
0.3650525518 -0.0174823158 -0.0372129473
0.3495972498 -0.0144795773 -0.039424573
0.3648958923 0 -0.0410753382
0.048227322 0 -0.0298614807
0.0391037797 -0.0193492703 -0.0193958848
0.0292113634 0 -0.0241342115
0.1267059975 0 -0.041800001
0.1196012434 -0.0148228603 -0.0384491976
0.1069358229 0 -0.0398603313
0.1032871004 -0.0365410274 -0.0151003173
0.1233758388 -0.0387116716 -0.0152735458
0.1069086735 -0.0399562476 -0
0.0482043012 -0.0299120624 0
0.0291930122 -0.0241649795 -0
0.3847086155 -0.0399242232 0
0.3954779167 -0.0369946342 -0.0129485405
0.4045280058 -0.0385532426 0
0.3847220534 0 -0.0398254801
0.4045406726 0 -0.038461058
0.3954861 -0.0129549139 -0.0369305278
0.0946589685 -0.0273864842 -0.0269576952
0.117816342 -0.0292108332 -0.0288533165
0.1024951548 -0.0156463427 -0.0361523242
0.1731631736 -0.0328210278 -0.0303379041
0.190564586 -0.0321848657 -0.0318015968
0.1809889383 -0.0178068259 -0.0412687611
0.2966498618 -0.0336928329 -0.0289676782
0.2902493419 -0.0416072812 -0.016296867
0.2775962822 -0.0324331745 -0.0312131863
0.37434764 -0.0286969759 -0.0286607299
0.3649265743 -0.0372712624 -0.0174935
0.3548255975 -0.0295346283 -0.0294808209
0.4193497526 -0.0264805995 -0.0264452431
0.4094466892 -0.0351831131 -0.0148654447
0.3952934057 -0.0277127907 -0.0276827875
0.4094528182 -0.0148749911 -0.035126897
0.3355591603 -0.0323337606 -0.0279939669
0.3288957176 -0.0401005454 -0.0158779249
0.3164208665 -0.0310606923 -0.0306763329
0.2166925858 -0.0322918622 -0.0322767337
0.2343668594 -0.0323360166 -0.0322687306
0.2556370678 -0.0428956897 -0.0152358684
0.2554489387 -0.0324158992 -0.0318966065
0.2212420478 -0.0174595708 -0.0421860576
0.1368689199 -0.0323192384 -0.0278806456
0.1545706779 -0.031773313 -0.0301768147
0.1381480331 -0.0188529964 -0.0383712273
0.2060443013 -0.0455924094 -0
0.2656606241 0 -0.0452115806
0.2553980737 -0.0154572637 -0.0427386937
0.2457768862 -0.0456480929 -0
0.1663286179 -0.0444502343 -0
0.166353972 0 -0.0443295713
0.161723748 -0.0195631794 -0.0396031471
0.3053736461 0 -0.0440298247
0.4442693495 -0.025229231 -0.024913297
0.4441549076 0 -0.0354181034
0.4581826178 -0.0148745041 -0.0308885521
0.4639506455 0 -0.0337543415
0.4556918579 -0.032027159 -0.0129149298
0.4441436264 -0.0354964362 0
0.4639399908 -0.0338255451 0
0.1266790796 -0.0419063018 0
0.1465171721 0 -0.0432649199
0.3450622225 0 -0.0421997813
0.0713537429 -0.0247410288 -0.02451349
0.0557616309 -0.0169519851 -0.026771108
0.06763368559999999 0 -0.0340974087
0.0563322089 -0.0286317579 -0.0139334883
0.0676081051 -0.0341655648 -0
0.6220448456 -0.0176649649 -0
0.6125714777 -0.0131479081 -0.0133661354
0.6220507478 0 -0.0176444669
0.6023138866 0 -0.0199018906
0.6023073399 -0.0199275916 -0
0.4326099642 -0.0334522321 -0.0144148707
0.4243396462 -0.0370745151 0
0.432631407 -0.0144815722 -0.033375274
0.424351603 0 -0.0369892342
0.3805724776 -0.0153271503 -0.0370996722
0.3805520619 -0.0371628262 -0.0153187481
0.0828654133 -0.0145206894 -0.0337400257
0.087230867 0 -0.0373447719
0.0829896853 -0.0338819929 -0.0143500798
0.0872040642 -0.0374280203 -0
0.5760956556 -0.0105445869 -0.0202305947
0.5698652169 -0.0207609847 -0.0110089659
0.5529932316 -0.0124301558 -0.0220010122
0.4714093635 -0.0271867431 -0.0189802745
0.5895966003999999 -0.0171844351 -0.0126552583
0.5825624131 -0.0221245165 -0
0.54458792 -0.0231287366 -0.0122166059
0.5825695929 0 -0.0220933556
0.5628180178 0 -0.0242182057
0.5177213499 -0.0222237899 -0.0183810972
0.5337721018 -0.0132340141 -0.0238087246
0.5232841528 -0.028309645 -0
0.5232930770999999 0 -0.0282595175
0.5430591999 0 -0.0262745984
0.4766211098 -0.0144473644 -0.0293074877
0.152603965 -0.0100953683 -0.0424839207
0.5628102189 -0.0242552256 -0
0.5430508449 -0.0263181215 -0
0.0223489707 -0.0147997808 -0.0155154003
0.3415823704 -0.0239561869 -0.0350353343
0.6322395975 -0.0114722029 -0.0118061314
0.3026061903 -0.0250502847 -0.0364148892
0.0112820432 0 0.0156455168
0.6417800274 0 0.0153217133
0.6615015823 0 0.0129342581
0.6812152376 0 0.0104824394
0.7009206286 0 0.0079650543
0.72061731 0 0.0053803947
0.7403048153 0 0.0027267552
0.0555721269 -0.0226138473 0.0221442971
0.048227322 0 0.0298614807
0.06763368559999999 0 0.0340974087
0.07135928580000001 -0.0246786197 0.024577533
0.5130136183 -0.0209583327 0.0204672211
0.5035196372 0 0.0301701682
0.5232930770999999 0 0.0282595175
0.2457975243 0 0.0455198429
0.2259322837 0 0.0456120441
0.2242308026 -0.0163750137 0.0426263075
0.2242197062 -0.0427096569 0.016364301
0.1832816713 -0.0169109924 0.0417201169
0.20172365 -0.0134286918 0.0434154707
0.1862063064 0 0.0450490164
0.20171362 -0.0435076401 0.0134150246
0.2860341957 -0.0420745584 0.0154406955
0.2656606241 0 0.0452115806
0.2860390196 -0.0154518452 0.0419922981
0.2855197584 0 0.0447097807
0.3254061804 -0.0392316868 0.0182986997
0.3093756444 -0.0413125857 0.0151197752
0.3053736461 0 0.0440298247
0.3093853603 -0.0151252612 0.0412348879
0.3252213319 0 0.0431885667
0.1468918862 -0.0181878686 0.0393418858
0.1626052018 -0.0157082946 0.0413223467
0.1465171721 0 0.0432649199
0.1622093789 -0.0415488372 0.0152497462
0.3587480456 -0.0384429171 0.0157456309
0.3450622225 0 0.0421997813
0.3587176965 -0.0157451377 0.0383825029
0.3648958923 0 0.0410753382
0.0386139886 -0.0194768179 0.0190602128
0.1115912535 -0.0375181742 0.0151599389
0.1267059975 0 0.041800001
0.1069358229 0 0.0398603313
0.1116070058 -0.0151675182 0.0374564925
0.0292113634 0 0.0241342115
0.4441549076 0 0.0354181034
0.424351603 0 0.0369892342
0.4332798861 -0.0138404879 0.0335897585
0.4473462495 -0.0249617343 0.0248229266
0.4332023105 -0.0336157445 0.0139091824
0.4100198048 -0.0298702451 0.02369766
0.395381558 -0.0364317093 0.0144688644
0.3847220534 0 0.0398254801
0.3938833897 -0.013139564 0.0369829259
0.4045406726 0 0.038461058
0.0886295681 -0.0349820525 0.0138767795
0.0886300441 -0.0138917133 0.0349231011
0.087230867 0 0.0373447719
0.099758237 -0.0276443812 0.0276199195
0.114182851 -0.0287929945 0.0287610525
0.174211842 -0.0279729259 0.0348952463
0.1905494118 -0.0321892003 0.0317966863
0.1718548389 -0.0364527524 0.0257969002
0.3908693146 -0.027555184 0.0282641059
0.3707801677 -0.0288277755 0.0288456454
0.3774163469 -0.0373260326 0.0154541512
0.405614906 -0.017642996 0.0341390166
0.3771299168 -0.0153067652 0.0373476652
0.3521128893 -0.0296316104 0.0296001967
0.3342902481 -0.0302985467 0.0302658258
0.3254126931 -0.018308936 0.0391652471
0.3158309612 -0.0309032354 0.0308700921
0.2188009552 -0.0323131661 0.0322741648
0.2355943512 -0.0323194346 0.0322781436
0.2546648451 -0.0321879668 0.0321425494
0.2448779066 -0.0191904912 0.0413525803
0.2448680221 -0.041429245 0.0191736003
0.139075441 -0.0303100357 0.030270508
0.1569088184 -0.0310812397 0.0310662166
0.146859396 -0.0394119624 0.0181668131
0.2060673919 0 0.0454648628
0.2618065568 -0.0154649714 0.0426197748
0.2617949002 -0.0427061522 0.0154501548
0.166353972 0 0.0443295713
0.1832428951 -0.0418571053 0.0167532632
0.1317906605 -0.0144983093 0.0396991918
0.1317752087 -0.0397729516 0.0144853385
0.3410453556 -0.0160986042 0.0392899498
0.3410418653 -0.0393590506 0.0160904576
0.022047995 -0.0153337054 0.0148017237
0.6023138866 0 0.0199018906
0.6125714777 -0.0131479081 0.0133661354
0.6220507478 0 0.0176444669
0.08544656640000001 -0.0262797809 0.0262392105
0.4182449866 -0.0147203872 0.0344829967
0.4276605713 -0.0261266995 0.0258950226
0.4188363614 -0.0350233184 0.0133927428
0.1249423142 -0.0244676626 0.0337751383
0.1249326609 -0.0338321032 0.0244287499
0.2044175627 -0.0377287718 0.0255099541
0.2044032622 -0.0255545144 0.0376570906
0.270320327 -0.0262012373 0.036805175
0.2857393206 -0.0316855491 0.0316452933
0.2703252732 -0.0368722459 0.0261578588
0.4607190703 -0.012640584 0.0316321218
0.4795402452 -0.0127582292 0.0297954795
0.4639506455 0 0.0337543415
0.4790074914 -0.0302232744 0.0119376395
0.4837388532 0 0.0320032342
0.5313448106999999 -0.0125294382 0.0244609686
0.5482024707000001 -0.0129026468 0.022303837
0.5430591999 0 0.0262745984
0.5628180178 0 0.0242182057
0.5546867599999999 -0.0226003654 0.0109435666
0.5336956618000001 -0.0235249843 0.0137799488
0.5653846647 -0.0118273324 0.0208419317
0.5787224674 -0.0191584631 0.0118721207
0.5825695929 0 0.0220933556
0.4704353277 -0.0239123526 0.023077764
0.4601917571 -0.031958016 0.0120387424
0.4913128695 -0.0219463292 0.0223830085
0.4967081764 -0.0115737111 0.0285831755
0.4962213643 -0.0284880535 0.0120061992
0.6322395975 -0.0114722029 0.0118061314
0.3007212467 -0.03612025 0.0256445856
0.3007187952 -0.0256526353 0.0360797399
0.5923600805 -0.0124911461 0.016917217
0 0.0199259259 0
0.0105905467 0.0164240701 -0.0151715986
0.76 0.6016798568 0
0.7140255338 0.6246725029 -0.0060124031
0.76 0.6515678664 0
0.666443932 0.8303137836 -0.0116949882
0.7137501916 0.8280279742 -0.0059684212
0.689165291 0.7824183076 -0.0090180444
0.715442661 2.2728832654 -0.0052153601
0.76 2.2479841718 0
0.7032294911 2.2232879998 -0.0066140297
0.1725390373 0.0200224964 -0.0445330773
0.1480291378 0.0152795284 -0.0433184415
0.76 1.1504479618 0
0.76 1.1005599523 0
0.7071052066 1.1250593259 -0.0066642753
0.6748961284 0.0159581884 -0.011264443
0.6806457484 0.4723315229 -0.0102470477
0.7071496786 0.5264200355 -0.0069230477
0.7237291062 0.4775093329 -0.0048195742
0.7236315424 1.6747102103 -0.0044644506
0.76 1.6493280573 0
0.7135047633 1.6266590142 -0.0056875144
0.6368424157 0.9766316940000001 -0.0149515328
0.6799330492 0.9528791179 -0.0100187598
0.6381567773 0.9186671517 -0.0148612637
0.7256623057 0.8752927742 -0.0044531965
0.76 0.8511199046 0
0.1165100846 0.3344919846 -0.0400161158
0.0961327897 0.3703471607 -0.0376734475
0.1340144747 0.3814633948 -0.0413889289
0.76 1.0506719427 0
0.76 1.0007839332 0
0.7136601266 1.0279272392 -0.0059019807
0.3311092647 0.0315560579 -0.0428264629
0.345623009 0.0139773213 -0.0421334894
0.0131147421 2.7 -0.0139869471
0 2.6800740741 0
0 2.7 0
0.4202890919 0.0168537321 -0.0372608072
0.4467596925 0.0162621176 -0.0351691415
0.6207837913000001 1.1235160387 -0.0165591819
0.6612638864 1.1440081844 -0.0120491874
0.6588186291 1.1047227084 -0.0123596861
0.3772000244 0.0222699628 -0.0402583973
0.3974558297 0.0301231595 -0.0388892623
0.620898266 0.5248770681 -0.0172031913
0.6613452152 0.545328628 -0.0125182021
0.6588934304 0.5061041744 -0.012840456
0.7140367813 1.2232061297 -0.0057801625
0.76 1.2502239809 0
0.76 1.2003359714 0
0.5385214206 0.0200119276 -0.026703831
0.5636735443999999 0.0147707684 -0.0241056345
0.6844926492 2.3727764795 -0.0085941165
0.6680743629 2.4210438548 -0.0103126001
0.7141222537 2.4180620471 -0.0053091235
0.621323992 2.0232076803 -0.0155159382
0.6615614438 2.0416801928 -0.0112986532
0.6582937972 2.0017697993 -0.0116812471
0.2822178693 0.0174740018 -0.0447577228
0.3076127764 0.0164610813 -0.0438981933
0.2383208514 0.0219694719 -0.0455194109
0.2587360666 0.0294304423 -0.0452598114
0.7220057004 0.1590791394 -0.0051446639
0.76 0.1675902001 0
0.76 0.1314596628 0
0.6619173157 1.7437506637 -0.0114976217
0.6212077070000001 1.7265197374 -0.0158529655
0.6332279753 1.7785380953 -0.0145445424
0.7338724867999999 0.0277357483 -0.003595435
0.6802708813 1.6693774162 -0.0095098875
0.7071576474 1.7238070142 -0.0063934569
0.76 0.020859295 0
0.722393369 0.3783593226 -0.0050239979
0.6834428995 0.3955245117 -0.009952642100000001
0.7137556325 0.4297240133 -0.0061221764
0.76 0.5517918473 0
0.76 0.5019038378 0
0.1215872033 0.5500667916 -0.0399364085
0.0949102715 0.5825808042 -0.0370119159
0.138022929 0.5955897563 -0.0411146771
0.76 0.801231895 0
0.76 0.7513438855 0
0.7271082194 0.7783434894 -0.0042968315
0.76 0.0441286587 0
0.7218282798 1.2753865787 -0.0048087936
0.7236845635 1.0760792087 -0.0046418231
0.3070323928 2.7 -0.0366378647
0.3114202576 2.6817440897 -0.036541062
0.2872795249 2.7 -0.0372136682
0.4254492237 2.7 -0.0307545836
0.4305513092 2.6829981925 -0.0304622598
0.4063347338 2.6855899359 -0.0319776909
0.5042898667 2.7 -0.0250816208
0.5034699099 2.6845549118 -0.0251751853
0.4845874189 2.7 -0.0266054006
0.6027260764 2.7 -0.0165461832
0.6063288319 2.6836190537 -0.0162264313
0.5834174126 2.6853048984 -0.0183538596
0.4549598099 2.6700933312 -0.0288318453
0.4451671724 2.7 -0.0294466268
0.4648798701 2.7 -0.0280617414
0.76 0.4520158282 0
0.2436535275 2.6830899871 -0.0379975385
0.2477635673 2.7 -0.0379150502
0.2706174452 2.6834067826 -0.0376327696
0.7148841238 1.4730125254 -0.0055821643
0.76 1.4497760191 0
0.7117912605 1.4197999271 -0.0059739455
0.1489867727 2.7 -0.0361822916
0.150017346 2.6855500502 -0.036272719
0.1292604439 2.7 -0.0350113074
0.1961667139 0.0278860594 -0.0452154159
0.2075568823 0.0131146366 -0.0454479279
0.1507603201 1.9079957708 -0.0383932088
0.168580733 1.864249282 -0.0393101922
0.1267654682 1.8662817206 -0.0369805837
0.7232768644000001 1.9733006448 -0.004414202
0.76 1.9486561145 0
0.7117981354 1.9229750094 -0.0057696864
0.7226004878 2.1736129786 -0.0044301162
0.6779859096999999 2.1708324326 -0.0094301456
0.6219628319 0.4733559518 -0.0171398074
0.6594534466999999 0.4307473377 -0.01283533
0.7068614615 2.0229509054 -0.0062950789
0.6797690013 1.9668615127 -0.0093705525
0.7116363067 2.672269562 -0.0054841889
0.7206766140999999 2.7 -0.004477089
0.7352651367 2.6717748868 -0.002849983
0.76 2.6558713413 0
0.76 2.679140705 0
0.7403143982 2.7 -0.0022712054
0.76 2.7 0
0.7237879108 2.5779328587 -0.0041689557
0.76 2.6009049705 0
0.76 2.5685403372 0
0.76 1.5994400477 0
0.5483418299 2.6817344228 -0.021472407
0.5278592828000001 2.683790283 -0.023201417
0.5436794634 2.7 -0.0218428816
0.729641338 0.2054106587 -0.0041200821
0.702852377 0.2392900043 -0.0076008968
0.76 0.2529658024 0
0.7224788194 2.6086181065 -0.0043061113
0.7210289433 0.6774776078 -0.0051032857
0.6191168795999999 0.6214289088 -0.0172956112
0.6605433438 0.6229088663 -0.0125508015
0.632199577 0.5788482924 -0.0158708824
0.6805509379 1.0708210379 -0.009868666599999999
0.6218160995999999 1.07180861 -0.0165041735
0.6590686268 1.0288369818 -0.0123931511
0.6168205084 1.0248137821 -0.0170963948
0.7271063701 1.3751039927 -0.0041308738
0.76 1.3998880095 0
0.76 1.35 0
0.6320237599 1.1776987387 -0.0152822
0.6888457909 1.3721930186 -0.0087105156
0.6557471505 1.3982303803 -0.0124618668
0.1924557758 1.6629374082 -0.040567339
0.1425283752 1.6785251725 -0.0385416183
0.185314528 1.7125829337 -0.0402609949
0.76 1.6992160668 0
0.76 1.7491040763 0
0.76 2.0983201432 0
0.7103396965 2.1240286439 -0.0058547166
0.76 2.1482081527 0
0.6610404908 2.2717888472 -0.0111697351
0.7070430646 2.321797335 -0.0061419021
0.76 0.4021278187 0
0.1422831995 0.2136204444 -0.0424186345
0.1122807842 0.2350764542 -0.0398461778
0.1563160339 0.2546658533 -0.043146412
0.6279588671 2.168286217 -0.0146874153
0.6455292826 2.2140094226 -0.0128410888
0.6895812967 2.4630589808 -0.007989673500000001
0.7187794757 0.2815812568 -0.0055269327
0.76 0.3023517996 0
0.0905169455 0.6289379172 -0.0363312881
0.09081256679999999 1.4112674003 -0.0345378725
0.0932094087 1.4592419287 -0.0347232034
0.1301667153 1.4314256842 -0.038359798
0.0905548169 1.6169745446 -0.0340255609
0.0933711005 1.663637659 -0.0342616201
0.125551888 1.632832412 -0.0374880917
0.1383596975 0.2975696217 -0.0419261819
0.0907571299 0.3018421815 -0.0371326784
0.1027104939 0.4124147044 -0.0383648788
0.76 1.898768105 0
0.76 2.3477601909 0
0.7250623018 2.371577219 -0.0040867946
0.76 2.3976482004 0
0.7244599995 0.5760764021 -0.0046952053
0.6819026556 0.8772927613 -0.0098336424
0.76 0.9010079141 0
0.7244341245 1.1747172889 -0.0045186637
0.2677243288 1.0373607754 -0.0422771711
0.2203296458 1.0560565655 -0.0426228992
0.2770863715 1.0774847766 -0.0419576168
0.6592007341 1.473112294 -0.0120156338
0.6734813981 1.4390633228 -0.010435926
0.76 1.4996640286 0
0.76 1.9985441241 0
0.76 2.0484321336 0
0.7238034126 2.0734774802 -0.004321777
0.6142970497 0.2645184959 -0.0182371612
0.6389870828999999 0.3210661615 -0.0153449129
0.6673731784 0.2748142179 -0.0120041395
0.6802935684 1.5508366551 -0.009584912500000001
0.6391082556 1.5189988708 -0.0141751152
0.6363594393000001 1.5760715739 -0.0144146109
0.5741581005 2.4325850949 -0.0195526985
0.5230655969 2.4343640082 -0.0240336053
0.5575456028 2.4813994409 -0.0209799426
0.683773125 0.5808552231 -0.009795841899999999
0.7174165821 0.7304566064 -0.0055438008
0.5916499604 0.5531552696000001 -0.0203749374
0.5707371089 0.5051309776 -0.0226470006
0.5005710539 0.3760438975 -0.0297432083
0.5375880977 0.4177621693 -0.0261408953
0.5532794669 0.3782474028 -0.0246321339
0.76 0.3522398091 0
0.6142614065999999 0.7616307151 -0.0176729954
0.5912077631 0.7932935924 -0.020109236
0.6448380234 0.7824656435 -0.0142346237
0.6805620697 0.6582592924 -0.0101361877
0.7187028592 0.9225548853 -0.0053142482
0.6827847631 0.9937209557 -0.009654444099999999
0.7216923867 0.974958441 -0.0049225611
0.6836957621 1.1795519733 -0.009429751199999999
0.7192436662 1.3275112182 -0.0051075608
0.6187327204 1.2209995368 -0.016671543
0.6604048525 1.2217892714 -0.0120843499
0.76 0.9508959237 0
0.6254888515 1.426747152 -0.0157273897
0.6007645775 1.3775098701 -0.0183711364
0.6809289571 1.2564602627 -0.0097036962
0.7210987876 1.5248520558 -0.0048164098
0.6826301981 1.5923647234 -0.0092920424
0.7217991507 1.5743520395 -0.0047159666
0.557129934 1.8110640353 -0.0220452061
0.5160566849 1.8030708202 -0.0257464953
0.5229588663 1.8508333951 -0.0250629268
0.7135575608 1.824863701 -0.00560395
0.76 1.8488800954 0
0.76 1.7989920859 0
0.6822301867 2.0788890825 -0.0090263646
0.6218436225 1.9647591126 -0.0155270122
0.76 2.2978721813 0
0.76 2.1980961622 0
0.1615810749 0.5345967669 -0.0426482568
0.2204773712 0.5269331379 -0.0441131024
0.1890762564 0.4926123806 -0.0437531773
0.4956631606 0.9230260573 -0.0291496875
0.5008837718 0.974659749 -0.0285918822
0.5441255779 0.9366900046 -0.0246549859
0.5261526115 1.0659472321 -0.026138972
0.5169919771 1.1163460832 -0.0268898013
0.5704238148 1.1036042546 -0.0218156214
0.2293037795 1.2113130701 -0.0422016073
0.2614771065 1.2546125987 -0.0417868022
0.2777920299 1.2068291935 -0.0415817724
0.1917934003 1.6134805991 -0.0406911189
0.2387407006 1.6360186968 -0.0409755401
0.2217837189 1.5857875558 -0.0411373943
0.6209106585 1.66916914 -0.0159466952
0.6582424422000001 1.627306564 -0.0119951898
0.6123473836 1.6247336279 -0.0168826319
0.244163444 1.7291602998 -0.0406756847
0.2274395818 1.6830230001 -0.0408739331
0.1391117805 1.7244033426 -0.0382080975
0.3747024614 1.8737544436 -0.035793764
0.3723792065 1.8157728773 -0.0360680247
0.3229561662 1.8540701922 -0.0383399861
0.6318245725 2.0724839298 -0.0143920492
0.0864531467 0.4950244494 -0.0360834163
0.0918427572 0.5361740323 -0.0367256912
0.1231835401 0.5047529534 -0.0401928984
0.6583784939 1.7036733891 -0.0119174268
0.5811679437 1.7610744282 -0.0198300066
0.5840342673 1.701730246 -0.0196311534
0.5422574914 1.7115498341 -0.0235745557
0.76 1.5495520382 0
0.76 2.4470341976 0
0.6403035168 2.3786960764 -0.0132228654
0.6107879665 2.3431809146 -0.0162020459
0.5926589514 2.3862397364 -0.0178921361
0.76 0.7014558759 0
0.6738466707 0.7422409679 -0.0108848234
0.76 1.3001119905 0
0.6320336932 1.8695632015 -0.0145771936
0.6060513306999999 1.9134648179 -0.0171802804
0.6571010333 1.9202420238 -0.0118767466
0.6845888012 1.779640007 -0.0089523663
0.6504263635999999 2.12261774 -0.0124125308
0.1980781757 0.6611754272 -0.0434801447
0.1562904885 0.6495019061 -0.04207445
0.1657920835 0.6991777941 -0.0423886339
0.1330813379 0.7331906975 -0.0403970853
0.175759227 0.7484365237 -0.0426415864
0.1391984913 0.7768280021 -0.0407163179
0.1227183174 1.3805502932 -0.0379073636
0.0969908642 2.2474737613 -0.0332982624
0.1425122264 2.2631756772 -0.0369917158
0.1291016993 2.2211589285 -0.0362364805
0.165247224 2.400166077 -0.0377176029
0.1976139992 2.4296628815 -0.0385239327
0.2063287575 2.3799763374 -0.0387879083
0.6172267982 0.4270255158 -0.0177234905
0.4127003215 0.3034317246 -0.0371596597
0.430182394 0.2609395567 -0.0359493703
0.3927582774 0.2596863676 -0.0386570788
0.6232114897 2.4241892414 -0.0148901023
0.6606112823 1.8248390706 -0.0115752696
0.2302829191 2.4627006131 -0.0386773429
0.1768414928 2.4778302312 -0.0379037373
0.2166842999 2.506724815 -0.0385223372
0.681774268 0.3537480736 -0.0101850377
0.6386182428 0.3799498665 -0.0153309377
0.2300046466 0.5815511556 -0.0439740821
0.1865481448 0.5677759603 -0.0434774554
0.2986340009 0.3629984024 -0.0432882411
0.2641298272 0.319129145 -0.0443518283
0.2398395556 0.3679267367 -0.0445364616
0.6835871432 1.873374493 -0.009006236500000001
0.301671259 1.3826785232 -0.0404017184
0.2884550996 1.3352399513 -0.0409444
0.2475360526 1.3608342685 -0.0416793843
0.2930464147 1.6497691033 -0.0399451035
0.2710545318 1.6859203938 -0.0404022496
0.4813521316 2.0802745718 -0.0280839348
0.5056018305 2.037257145 -0.0262060278
0.4694364965 2.0303039726 -0.0291092778
0.1901550045 2.2798229318 -0.0387985191
0.2387540368 2.3035673705 -0.0390970589
0.2353630272 2.256067396 -0.0392463065
0.606388513 2.4677116998 -0.0164804486
0.6513240714 2.4636520562 -0.0120193105
0.3133060545 2.3580664651 -0.0373506358
0.2527968171 2.3567814599 -0.0388249293
0.2940642617 2.3919189077 -0.0378775649
0.1478721571 2.4375266238 -0.0368251759
0.5833666194 0.7437397397 -0.0209976299
0.6773526314 0.6986662301 -0.0104958011
0.687823304 0.3126916507 -0.0094599521
0.7242473598 0.3308080092 -0.0047966442
0.6311069397 0.8693705 -0.0156977573
0.6251081795 0.8248404821 -0.0164099857
0.5444094189000001 1.3735989974 -0.0239229685
0.5665840942 1.3376598321 -0.0218539559
0.6812291631 1.2944686482 -0.009644207199999999
0.6829516388 1.5088599977 -0.0093083475
0.5861105842 2.196735562 -0.0187633178
0.5899549913 2.1392895759 -0.0184725461
0.2509154043 2.4131240235 -0.0386884539
0.2795656272 2.4621141748 -0.0380592252
0.2059958143 1.7502532164 -0.0405504777
0.1898059403 1.5225253949 -0.0409001274
0.181853207 1.5598207809 -0.0405901
0.238240984 1.5399186969 -0.0412487068
0.178545848 0.1333615001 -0.0444395097
0.1841602381 0.0948817803 -0.0447255173
0.1529080016 0.1022394781 -0.0433726763
0.3209872165 0.1732115398 -0.0429177793
0.334586335 0.2117342395 -0.0421816667
0.3730047334 0.1833255295 -0.0401203293
0.0733078262 0.1839059904 -0.0347233304
0.1086180541 0.1978520313 -0.0395536949
0.104124759 0.1646365337 -0.039135195
0.6383513163 2.4992222745 -0.0133038019
0.6031672603 2.5097580689 -0.0167378099
0.6434391665 2.5391502147 -0.0127533099
0.4235550077 2.5501158248 -0.0312194364
0.4309816618 2.5874263576 -0.0306496848
0.4632436147 2.5652695917 -0.0284613455
0.4731981602 2.4414016417 -0.0279825337
0.436835943 2.4151751899 -0.030643322
0.4278712478 2.4638929467 -0.031134425
0.6278439436 0.6701153854 -0.0162685661
0.6281226686 1.2703477705 -0.0156101729
0.5914943301 1.1519297173 -0.0196119868
0.5370347170000001 1.0159285836 -0.0252038739
0.5532625194 0.9750204401 -0.0237058834
0.5437663091 2.0095343715 -0.0229541577
0.5789517494999999 2.0540144974 -0.0196380151
0.5857157377 1.9998571973 -0.0190654791
0.2684523297 1.5935857235 -0.0407121345
0.5971945595 2.0979690439 -0.0178261337
0.5585285147 2.2523054325 -0.0212420382
0.5079242551000001 2.2270731844 -0.0256634575
0.5054510754 2.2708701655 -0.0257855766
0.5423141409 2.1568537144 -0.0228443563
0.5411046229000001 2.1048519228 -0.0230364438
0.4920042783 2.1325522141 -0.0271360689
0.1736453697 2.5261487634 -0.0376706788
0.2629458922 2.4980113674 -0.0382861113
0.1361548105 2.5063116499 -0.0359672576
0.314555071 2.5481061275 -0.0367931885
0.3502687466 2.5292165355 -0.0353736396
0.3063312901 2.5083619319 -0.037181699
0.4516386767 2.5252862117 -0.0293763157
0.488223198 2.5292091554 -0.0266630405
0.4759626572 2.4868699642 -0.0276824189
0.2838530725 2.534696925 -0.0377562484
0.3296037233 2.4808457125 -0.0364009158
0.2018366874 2.3311494537 -0.0388659126
0.3081850165 2.4320665329 -0.0373273852
0.3094708017 1.5788639604 -0.0395959028
0.291116321 1.5370967659 -0.0403117924
0.6059233603 1.8205660184 -0.0173049598
0.4115358431 2.5071847008 -0.0320806184
0.4635567137 2.2408469006 -0.0291164843
0.4549995165 2.2833504106 -0.0296546273
0.511234645 2.4693253108 -0.024948828
0.5342581596 0.8977426772 -0.0256645226
0.5746164895 0.4511046502 -0.0223190932
0.5433097074 0.3398564403 -0.0256994833
0.4965906596 0.3276999856 -0.0301992793
0.1762686425 1.2260592464 -0.0413398122
0.1938122032 1.2809476481 -0.0416622363
0.2202913239 1.254516466 -0.0420640971
0.5737902082 1.8656803767 -0.0203940249
0.5250644654 1.9065499917 -0.0247821738
0.5658283200999999 1.9527830822 -0.0210198541
0.4470676466 1.7609991069 -0.031358301
0.4831301687 1.7771540473 -0.0285444454
0.4876203262 1.7261365157 -0.0282805907
0.5327422655 2.0604917738 -0.023847326
0.6094418354 2.2447416125 -0.0164495614
0.2341431276 2.2075210995 -0.0393871938
0.28413578 2.2424002534 -0.0385573752
0.2776298356 2.1898735425 -0.0388585829
0.540693232 2.2032036404 -0.0229117187
0.2171363142 1.4915649875 -0.0413805425
0.2732150451 1.4926876247 -0.0408938014
0.2407910496 1.454080665 -0.0414747325
0.4209372421 1.4654257696 -0.0338843682
0.4328417625 1.5153250719 -0.0329331526
0.4688531862 1.4832987631 -0.0302800591
0.3193391014 1.6183381571 -0.039115653
0.3979027173 1.7706884907 -0.0346782907
0.4316439578 1.8022190591 -0.0323735159
0.4770395013 1.8247863359 -0.028935647
0.2873944716 1.7730286974 -0.0397676267
0.2408905673 1.7806216882 -0.0405555081
0.2696924166 1.8274269601 -0.0400358417
0.5862604124 1.5963519463 -0.0195536586
0.5576365626000001 1.6501913366 -0.0222440826
0.5917316288 0.7036387096 -0.0201705813
0.5655114164 0.6687425246000001 -0.0229462924
0.4915917138 0.647524547 -0.0300369949
0.5325282777 0.6173593003 -0.0263013805
0.4754053113 0.6105299281 -0.0315189766
0.4203208857 0.6038240483 -0.0359094108
0.4267411472 0.5460369336000001 -0.0355665659
0.3900802737 0.5639211394 -0.0380959654
0.4240549578 0.4935288188 -0.0358866222
0.3932139199 0.4540323054 -0.0381562061
0.3627019279 0.4951595447 -0.0399485607
0.5271693677 0.4676347428 -0.0270730955
0.5964729243 0.3553246611 -0.0201072097
0.5858546838000001 0.3125976005 -0.0213149016
0.5881459551 0.4014226038 -0.0209500121
0.574382651 1.0490861849 -0.0214961866
0.5944614635 0.9461912636000001 -0.0195695679
0.5879214431000001 0.9972781915 -0.020184038
0.5846622881 0.8954142897 -0.0206576898
0.5985439831 1.5009266075 -0.0184443236
0.5962649524 1.5444098807 -0.0186203773
0.2845536081 2.2858973217 -0.0384266044
0.3911504306 2.4353335611 -0.0334740394
0.3490984489 2.3967276486 -0.0357717327
0.3507556842 2.4463201344 -0.0355656418
0.3263929669 1.6986243775 -0.038614022
0.1977964485 1.7849913761 -0.0403298056
0.5299472458 1.7599066179 -0.0246040781
0.5352302139 1.599550694 -0.0243996572
0.5218091678 0.6729831562 -0.0272277803
0.517501069 1.2731810259 -0.026564676
0.5290392023 1.2149999746 -0.0256163202
0.474451599 1.2475769025 -0.0303101389
0.5242707714 1.9640094343 -0.024751402
0.5817696043 0.595417572 -0.0213670071
0.548702557 0.5602267274 -0.0248076583
0.5181315578 0.5180750456 -0.0278475645
0.5592701024 0.2449056733 -0.0242216685
0.5295176687000001 0.2917791306 -0.0271456586
0.5730426933 0.2788184141 -0.0227295249
0.5811208178 1.1950447904 -0.0206122329
0.5483792476 1.1586637779 -0.0238903631
0.3323947418 1.9693091326 -0.0376409906
0.374873019 1.976893285 -0.0355264343
0.3744816134 1.9274611241 -0.0356717418
0.2938361527 1.7286959192 -0.0397048067
0.3452202127 1.7528180379 -0.0376289911
0.5027516518 0.5683339603000001 -0.029183947
0.4585608533 0.5714554618 -0.0330115229
0.4771677603 0.4789199953 -0.0316323991
0.4884096473 0.4279910486 -0.0307451185
0.4692697297 0.5265174701999999 -0.0322120409
0.5021353931 1.1653189138 -0.0281245806
0.456506221 1.1718380158 -0.031906294
0.4782459884 1.2052832182 -0.030083109
0.4745509328 1.0776944083 -0.0306461394
0.4853692893 1.0263793041 -0.0298399787
0.4466151369 0.9870207108 -0.0330739514
0.4658805262 1.1267499787 -0.0312544184
0.6537527578 2.3271172185 -0.0118868799
0.451967891 2.1640611081 -0.0301296901
0.4638353459 2.2028019136 -0.0291751804
0.4993273557 2.1797653241 -0.0264549825
0.4761554605 1.8710135613 -0.0289121934
0.4253507178 1.8482629714 -0.0327043526
0.4238113092 2.081611212 -0.0322753894
0.3821985785 2.1104950617 -0.0347834265
0.4417077591 2.1177856543 -0.0309640255
0.4772579984 1.9110830507 -0.0287446115
0.4255469358 1.9007013781 -0.0325714182
0.3212885933 1.8051051073 -0.0385376554
0.3896837554 0.5249716513 -0.0382166402
0.2708183822 0.4988600867 -0.0437111733
0.2250339901 0.4728988105 -0.0442790836
0.43986435 0.4419124272 -0.0347928804
0.423155092 1.0965095351 -0.0345747348
0.4307972689 1.0416153643 -0.0341458063
0.3777300053 1.0704057936 -0.037621565
0.417963994 1.153092762 -0.0348112589
0.2540141882 1.1650157573 -0.0421517275
0.3091133237 1.167424168 -0.0407233762
0.3792634202 1.031077788 -0.0376271596
0.3957617182 2.3870426397 -0.033322262
0.3421676767 2.2745970215 -0.0364075751
0.3413587991 2.1305689847 -0.0368212017
0.3721861174 2.1675608946 -0.0351955969
0.4573175548 0.9423500540999999 -0.0323284594
0.1879608619 0.6131158085 -0.0433886737
0.3453651335 0.3395556904 -0.041300761
0.3090502511 0.3079545925 -0.0430525883
0.4488549271 0.3900200019 -0.0341896503
0.4504546189 0.3404689384 -0.0341665703
0.3999053719 0.3575463152 -0.037935528
0.4685070571 0.2882904702 -0.0327663083
0.5071341923 0.251062006 -0.0293654403
0.4619217779 0.2331759158 -0.0334416771
0.2401888233 0.2787524714 -0.044784904
0.277434971 0.2639549472 -0.0442046892
0.3570870239 0.2869710526 -0.0407991276
0.5400234401 0.7620793961 -0.0253358822
0.509708536 0.7932139307 -0.0281346383
0.5506852497 0.8119355562 -0.0242139807
0.448528976 0.8933370407 -0.0331281567
0.4107141111 0.9380791076 -0.0358156126
0.5875606897 0.844213346 -0.020424764
0.4026302311 0.9940455845 -0.0362322006
0.3929072037 0.8869899176 -0.0371280159
0.4212337809 0.8419112177 -0.0352961214
0.4632127602 0.806952381 -0.0321361785
0.4162206039 0.7809448237 -0.0357960037
0.498406455 0.876010664 -0.0289970091
0.5447674773 0.8577045411000001 -0.0247201114
0.6011382618 2.2948728577 -0.0171972276
0.5413717655 2.3041081974 -0.0226869864
0.4142766639 2.2071547855 -0.0326097588
0.5068579565 0.8319115191999999 -0.0283226696
0.5073958754 0.7200391472 -0.0284795499
0.5487456924 0.7134198925 -0.0245607378
0.4666897585 0.8494126829999999 -0.031762464
0.389949245 0.8116553607 -0.0375014251
0.3581826789 0.7800787884 -0.0394762327
0.3615130914 0.8379078402 -0.0391441456
0.4493717896 0.6527382163 -0.0335812495
0.3506936789 0.5470380921 -0.0404812478
0.3623691475 0.5931858086 -0.0397184774
0.4118468838 0.6514559097 -0.0364077052
0.3205644488 0.4123479349 -0.042296526
0.3546399052 0.3830429042 -0.0406893499
0.2265667234 0.4205815297 -0.0444282585
0.273001187 0.4075914308 -0.0439149757
0.4084780281 0.2167634003 -0.0376671145
0.3211535824 0.2586225304 -0.0426820452
0.2973405316 0.2175340761 -0.0437305686
0.0921758785 0.758091286 -0.0362457065
0.2187407371 1.8603326486 -0.0403518779
0.2206155734 1.8170739964 -0.0404820708
0.1788152571 1.8192614331 -0.0397820005
0.1622104588 1.765467963 -0.0393229214
0.2057062535 0.7114766728 -0.0434620657
0.2270200059 0.9486134745 -0.0429416554
0.2426734165 1.0008534552 -0.042735531
0.2765532192 0.9613484701 -0.0422926969
0.1390096211 1.8160508687 -0.0379600221
0.2681447676 0.5505555024 -0.0436252049
0.3141000202 0.5768102098 -0.0421256548
0.3133409433 0.5261277398999999 -0.0422928738
0.2780904581 0.7575137266999999 -0.0428200352
0.2473459057 0.7221969132 -0.0434750948
0.2238009981 0.7600068863 -0.0434681312
0.2416388633 0.6780579709 -0.0436512922
0.2370381467 0.6307794611999999 -0.0438133777
0.220784962 1.4102702125 -0.0416277468
0.1855068078 1.3961062978 -0.0411454137
0.1832683898 1.4459024611 -0.0409462393
0.2617283957 1.411780224 -0.0413431343
0.5830250677 1.240411918 -0.0203578805
0.1708612206 1.4893748369 -0.0404239301
0.2054138876 1.3661963912 -0.0416206208
0.2937814565 1.4452383626 -0.0404843132
0.3335043151 1.4870722604 -0.0388676227
0.1572346695 2.189208638 -0.0379525028
0.1855092247 2.2258587097 -0.0388404704
0.19274623 2.1630740487 -0.0391781403
0.2363417936 2.1599947618 -0.0395127883
0.3193589897 2.2212534422 -0.0374966421
0.5738988984 1.4204645888 -0.0210170296
0.5610519477 1.5119703297 -0.0221295366
0.4912148034 1.6358434148 -0.0281604411
0.4516834366 1.606663696 -0.0313485235
0.4927350742 1.5776985722 -0.0281462019
0.507905271 1.6796389872 -0.0266713681
0.3924079079 1.5519076713 -0.0355471207
0.3547982794 1.5859696265 -0.0375883073
0.404525716 1.6020612521 -0.0346618307
0.1535739575 2.3125958677 -0.0374476618
0.2813549246 2.3261588506 -0.0383939516
0.4117111586 2.1523846669 -0.0329019408
0.3604668583 2.2152260141 -0.0356869494
0.2090152222 2.112718085 -0.0395675387
0.2644031905 2.1280906443 -0.0392954923
0.3312723237 2.074875941 -0.0374091743
0.3816851973 2.0586954115 -0.0349406576
0.3491344796 2.0214906315 -0.0367435462
0.3984772792 2.2967031584 -0.0333784287
0.3861349452 2.2517106481 -0.0342112095
0.4055511631 2.3424479508 -0.0328393633
0.361943583 2.3386440471 -0.0352973769
0.5850496272 0.1657570262 -0.0215989975
0.5496753248 0.1444504466 -0.0253662331
0.5508856286 0.1908402089 -0.0251691867
0.4958402777 1.9973681821 -0.0270852904
0.488154178 1.9522781607 -0.0277954735
0.414953268 1.9568296441 -0.0331495347
0.4515459688 1.9405363483 -0.0306410394
0.4494204546 1.9895714299 -0.0306908099
0.401023073 2.0103127588 -0.0339100774
0.3236782857 1.9107933263 -0.038159326
0.4326421989 2.0423532666 -0.03176442
0.2748548141 1.8777945927 -0.0397872684
0.2006386065 1.9706421299 -0.0398574361
0.205777105 2.0235637065 -0.039781013
0.2464540903 1.9906297925 -0.0399205633
0.2871644868 1.9616401232 -0.0392537265
0.2386546651 1.9430256029 -0.0401121404
0.1945215901 1.9139591856 -0.0399086123
0.161206384 1.9577615668 -0.0387565753
0.3871882933 1.6966282089 -0.035511112
0.2978826855 2.0186449344 -0.0387869308
0.09657098059999999 1.9674783869 -0.033916047
0.1286986839 1.9886411825 -0.0368082945
0.1253473664 1.9428646914 -0.0366758055
0.1764019497 2.0644890233 -0.0390301215
0.2320573595 2.0733200237 -0.0397705542
0.1640641465 2.0093653146 -0.0387362014
0.2518648143 2.0338349255 -0.0397421272
0.1608625278 2.1129381372 -0.0383201473
0.2807386745 2.0722935802 -0.0391118558
0.3801720455 1.1223818743 -0.0373462054
0.3695776401 1.1799586886 -0.0378232574
0.3323519599 1.4283928745 -0.0390741927
0.3255514292 0.9725261555 -0.0405840886
0.2897238015 1.0015826507 -0.0418257821
0.3719653253 0.9645152316 -0.0382267124
0.3586730091 0.9269093357 -0.0390738704
0.3732875688 0.6352272382 -0.038972922
0.325156333 0.625653752 -0.0415254952
0.3371839401 0.6783186009 -0.0408273243
0.2767447737 0.6036799843 -0.0432801772
0.2878851444 0.7022680824 -0.0427042906
0.3279773616 0.7305513209 -0.0411201546
0.2464425735 0.8053212303 -0.0432509788
0.4770900161 0.7622484405 -0.0310696814
0.5838145077 0.6368181086 -0.0210955988
0.6340501699 0.7245802334 -0.0155145005
0.1849041317 0.9521630612999999 -0.0423630985
0.1903988609 0.9049265734 -0.0426357802
0.1502441076 0.972179269 -0.0408779166
0.1935355204 0.9991735613 -0.0424435009
0.190036387 0.7967673997 -0.0429287614
0.2058261463 0.8505782398 -0.043073187
0.2394777142 0.8911582316 -0.0430668839
0.276295481 0.8469617599 -0.042616311
0.306994938 0.8060147696 -0.0417815287
0.2856859987 0.6535538615000001 -0.0429027305
0.3786539722 0.7290427799 -0.0384132247
0.3840008056 0.6799445084 -0.0382019815
0.4255399699 0.6969829701 -0.035312984
0.3420307617 0.884814566 -0.0400489075
0.2682632234 0.9217291396 -0.0425884779
0.4286337382 0.7400318652 -0.034986007
0.4647134108 0.722969803 -0.03218755
0.3122815108 0.9255827923 -0.0412571306
0.1352246321 1.0101255824 -0.0398263994
0.2929944672 0.8861477741 -0.042042846
0.3237044549 1.0368556037 -0.0404922433
0.1398478855 0.9013879244 -0.0404302877
0.1545055252 0.9338211465 -0.0412122065
0.1039585097 0.8018473368 -0.0375532995
0.1527560819 0.478409476 -0.042348069
0.1974145376 0.3441671061 -0.0443550934
0.1877344382 0.3880087988 -0.0440099606
0.2587849951 0.4526754161 -0.0440749457
0.1849630311 0.4425791441 -0.0437817725
0.2986665513 1.2932216623 -0.040745865
0.2454784077 1.3024733057 -0.041863447
0.3906643661 1.3721300481 -0.0360919097
0.4195890373 1.4142354763 -0.0340953839
0.4398838118 1.3706845304 -0.0327426491
0.4540818943 1.4428236636 -0.0315174067
0.2781999723 0.1795579817 -0.0444187408
0.36349237 0.2336087473 -0.0405666698
0.2584293573 0.2171677997 -0.0447397772
0.3187345528 0.1310343385 -0.0431293152
0.2861926836 0.141756647 -0.0442988962
0.3760955546 2.4846975868 -0.034191002
0.3206256329 2.3162203374 -0.0371936412
0.5174581158 2.3512149803 -0.0246486783
0.5660971132 2.3442152692 -0.0204171214
0.489892774 2.3132562061 -0.026953722
0.4417469785 2.3228668812 -0.0305098021
0.4731888924 2.3508781723 -0.0281676673
0.424535528 2.2561529277 -0.0318280337
0.4385051394 2.370748364 -0.0306279629
0.4696453481 1.4061866112 -0.0303754254
0.4932872258 1.3679571825 -0.0285031559
0.3491651697 1.3857418839 -0.0383902596
0.4309022564 1.7274326423 -0.0325938406
0.454587916 1.6865549361 -0.0309586107
0.4303014035 1.6505053329 -0.0328094787
0.3373183016 1.5454701836 -0.0385410157
0.3041067021 2.1161271776 -0.0383220514
0.3446184885 1.6604014852 -0.0378985749
0.3874626047 1.6502434618 -0.035608282
0.362532706 1.6233171499 -0.037089152
0.300885149 1.2466775796 -0.0407991509
0.1773653572 1.1312566019 -0.0416381613
0.1304461404 1.1396445192 -0.039139159
0.144150183 1.1760816906 -0.0399754047
0.2342055035 1.1182881335 -0.042453166
0.4249407868 1.268927179 -0.0340538171
0.4239304445 1.2119029516 -0.03425571
0.3772438204 1.2374546506 -0.037235016
0.3469806976 1.3318390677 -0.0386389404
0.3321064763 1.0898618236 -0.0399807067
0.3569967486 1.0008394661 -0.0389755082
0.06853291929999999 0.9217655774 -0.0322965315
0.079475262 0.9505814985 -0.034021459
0.09524317609999999 0.9067373657 -0.0362812298
0.113793773 0.8716800899 -0.0383983112
0.3291454198 1.2134776441 -0.0397858071
0.1993209914 1.0957483949 -0.0422856631
0.4154066668 1.323915561 -0.0345920502
0.4702589964 1.296797743 -0.0305505174
0.2042112755 1.3262641946 -0.041716321
0.4660852299 1.336372001 -0.030803602
0.5193885101 1.3237677533 -0.0263054776
0.3805382665 1.2894650776 -0.0369106554
0.3392643021 1.2703054822 -0.0391733034
0.3392799769 1.135620613 -0.0395258657
0.5700275213 1.289984267 -0.021585474
0.5189956615 1.4081359229 -0.0261913965
0.6068937892 1.3227742044 -0.0178031389
0.5364590277 1.4463662952 -0.0245427017
0.5192716645 1.4907184231 -0.0260206861
0.5677516362 1.4698311356 -0.0215464082
0.6431251485 1.3548866811 -0.0138944389
0.4956690269 1.4462806941 -0.0281512553
0.444203228 1.56128394 -0.032004703
0.4844572831 1.5277518206 -0.0289293082
0.3759686522 1.4359221053 -0.0368151046
0.5320897213 1.5434474153 -0.0247790936
0.3878653088 1.4943503492 -0.0359654627
0.2007462686 0.2580309715 -0.0446578468
0.1802274632 0.3000808942 -0.0440332498
0.2358631236 0.2428846996 -0.0449106725
0.3180539469 2.16974043 -0.037684367
0.1507141443 1.2760939541 -0.0400872527
0.1332608837 1.2116174331 -0.0391584542
0.200193271 1.1717970368 -0.0420875654
0.1614711014 1.0789836365 -0.041159388
0.2887829642 1.1232665035 -0.0415186435
0.76 2.5324097999 0
0.76 2.4920723387 0
0.7209520869 2.4939732829 -0.0045145491
0.4675643809 0.1812817373 -0.0330675484
0.4544816102 0.1390646147 -0.0342654668
0.4195232852 0.1676813116 -0.0369716809
0.5021268387 0.2060365029 -0.0299173488
0.3884229369 0.135678538 -0.0392483469
0.5432927557 2.3921433622 -0.0223757505
0.4874403441 2.3938295866 -0.0269885862
0.06892426290000001 0.3921381244 -0.033496738
0.0666816871 0.6061595625 -0.0326317621
0.0625033908 1.2203180959 -0.0305763358
0.0827452328 1.2489378834 -0.0338293186
0.0959483597 1.2012206517 -0.0356656832
0.064121582 1.4405824152 -0.0304225938
0.064454645 1.6389540623 -0.0300736324
0.0987836599 0.0925419965 -0.0386736316
0.0829142759 0.0650843622 -0.0365517273
0.0677547006 0.0836205448 -0.0339414497
0.0341125512 2.6158903957 -0.0216452467
0.0298359318 2.6373633129 -0.02038954
0.0468354941 2.6332419405 -0.0247069737
0.0257350005 0.4452534985 -0.0221703875
0.0399464332 0.4586229346 -0.0268156374
0.0471538034 0.4248103891 -0.0287963733
0.0526262571 2.5706351273 -0.0260196822
0.030429559 2.5509999486 -0.0206923015
0.0271105803 2.5739898563 -0.0196359241
0.1874586621 2.5953289257 -0.0378607865
0.1551305793 2.5698721572 -0.0368285756
0.1557121612 2.6084702614 -0.0367512071
0.1275414413 2.6256122572 -0.0350833378
0.1541045504 2.642326172 -0.0365859449
0.0322975074 0.3090626085 -0.0247193234
0.0455743018 0.3338256466 -0.0285623274
0.0591809554 0.3132851599 -0.0317649672
0.0331004802 0.5272239065 -0.0246325863
0.0455707156 0.5514376506000001 -0.028162858
0.06307136250000001 0.5282279419 -0.0321102076
0.1569514666 0.0371892359 -0.0437703765
0.1403091594 0.0522479567 -0.0427131432
0.1627150289 0.0684842723 -0.0439745843
0.37874903 0.0961086713 -0.0399764119
0.3542367032 0.1194875569 -0.0413889532
0 2.6403703704 0
0.0121535624 2.6384164719 -0.0135563097
0 2.6205185185 0
0.0149403712 2.6051685823 -0.0149550443
0.0084396608 2.5818145691 -0.0114621483
0 2.6006666667 0
0.5949553411 0.0373980662 -0.0206787367
0.5726890384 0.0538855337 -0.0230878942
0.6020880432 0.0614362736 -0.019851939
0.4176819844 0.0505829914 -0.0373795638
0.4454289494 0.0539925358 -0.0351963536
0.4367821234 0.0336472026 -0.0359395782
0.0273628971 0.3357221897 -0.0229454862
0.0275265514 0.554002824 -0.0226804408
0.0526579356 0.6377363562 -0.0297033693
0.0267872532 0.6304906516 -0.0222961803
0.0311647338 0.6572047814999999 -0.0237916303
0.0509024817 0.7637795751000001 -0.0290605048
0.0282874404 0.7482876607 -0.0226640153
0.0262411446 0.7745930304999999 -0.0218841448
0.0305313357 1.1395414091 -0.0228367784
0.0230003302 1.1570436127 -0.0201103594
0.0508976813 1.1569764557 -0.0283137175
0.0502683045 1.253554975 -0.0279898989
0.02578366 1.2463099956 -0.0210410187
0.031278325 1.2733017181 -0.0228735331
0.062059295 1.3790483387 -0.0301689388
0.0341971283 1.3623502902 -0.0236363693
0.0346267162 1.3926543993 -0.0237156067
0.3138245544 0.079786626 -0.0434757771
0.2792942532 0.08252081610000001 -0.0446584803
0.300252436 0.1071297787 -0.0439290435
0.0489207571 2.4739337252 -0.025439702
0.0216651496 2.4695451018 -0.0178931092
0.0286917183 2.492871037 -0.0202485843
0.033928763 1.8177861917 -0.0228360934
0.0673883783 1.8216308366 -0.0302021597
0.0480562701 1.7961325267 -0.0264858136
0.0272100311 1.860566198 -0.0206697332
0.0518227434 1.8730925504 -0.0271647133
0.0423207797 1.8421342537 -0.0250481414
0.2476473904 0.1253103421 -0.0451479332
0.2131837668 0.1133382904 -0.0452279589
0.217732309 0.1463954128 -0.045169802
0.2453209321 0.09216742880000001 -0.0452657706
0 1.9455555556 0
0.0201714947 1.9365533572 -0.017973202
0 1.9257037037 0
0 2.1639259259 0
0.0163761405 2.1544343948 -0.0160935061
0 2.1440740741 0
0.0308410561 1.5564625355 -0.022301727
0.023026748 1.5733951357 -0.019562914
0.0508834533 1.5747128469 -0.027523647
0.1309202289 0.0277950045 -0.0420759725
0.141699885 2.6669672712 -0.0358775155
0.1642981716 2.6687106903 -0.0369489765
0.2117058942 0.052619625 -0.0453845283
0.220142109 0.0282694679 -0.0455155419
0.5024228025 0.0119891954 -0.0302515505
0.3482151358 0.08441235480000001 -0.0418112408
0.0538622562 1.6712137633 -0.0279752383
0.0267483867 1.6634125475 -0.0207921955
0.0288412658 1.6900065662 -0.0214580548
0.6132013844999999 2.6407382298 -0.0156224706
0.592617422 2.6649548298 -0.0175342551
0.6190561502 2.6666219769 -0.0150298642
0.0279031522 1.8891500058 -0.0208601447
0.0511264459 2.2094362899 -0.0263892357
0.0262864034 2.2022333868 -0.0198799731
0.0318630338 2.229826509 -0.0215948452
0.0535981162 2.0893103732 -0.027122587
0.0270233768 2.0804885372 -0.0202963708
0.0286761835 2.1077774073 -0.0207965845
0.054240873 0.2851906297 -0.0307478952
0.0510269144 0.5025522469 -0.0295877278
0.6813822497000001 2.7 -0.008717817500000001
0.7010324556 2.7 -0.0066254761
0.6898350983 2.6752008181 -0.0078390219
0.0587744546 0.9823646863 -0.0303320323
0.0368273015 0.9989710066 -0.0250025056
0.064198822 1.0167782756 -0.0313126824
0.0356043453 0.358319174 -0.0256998155
0.0491511355 0.3763371836 -0.0293800146
0.0724743857 0.3458790685 -0.0342248559
0.0342988211 0.5771472774 -0.0249330011
0.0471103532 0.5950894249999999 -0.0284699076
0.06589129000000001 0.5676011839 -0.0325663559
0.0613899707 1.1848689904 -0.030437317
0.0354581812 1.2050471323 -0.0242636886
0.2799641935 2.6483146112 -0.037533869
0.2930481654 2.67218999 -0.0371363696
0.3111655196 2.6544378067 -0.0366236693
0.3267809745 2.7 -0.035929998
0.3465248518 2.7 -0.0351009785
0.3346161886 2.6737475818 -0.0356841908
0.1451680995 0.1336932922 -0.042820929
0.1187355257 0.1416604054 -0.0407189223
0.1487649347 0.1720164626 -0.0429422327
0.0579946281 1.4091151252 -0.0293250717
0.0355339219 1.4243762734 -0.0239299391
0.0554514906 1.4774902928 -0.0286775456
0.3529646785 0.0528403358 -0.0416315225
0.3586157107 0.0286706976 -0.0413722924
0.0634744092 1.6033338751 -0.0299711247
0.0371593602 1.6233159766 -0.0240655837
0.2031540697 2.6576819337 -0.0379696336
0.2162114726 2.6798159125 -0.0380327927
0.2309155935 2.662254064 -0.0381146603
0.2280025565 2.7 -0.0380107605
0.2082415802 2.7 -0.0379110934
0.459591272 2.6339952199 -0.0285799162
0.4359257648 2.6479959067 -0.0301856702
0.6914973518999999 2.5920362035 -0.0077090501
0.5558168563 0.0335255586 -0.0249034034
0.5398693888 0.0479145253 -0.0265214013
0.5836991944 0.08091296990000001 -0.0218603117
0.6155758465 0.0852102695 -0.0182958452
0.0723000282 2.2723218831 -0.0300367305
0.0621846416 2.2388131874 -0.0284498822
0.0393578214 2.2616752572 -0.0235939775
0.07974100689999999 2.0326451292 -0.031646395
0.0552385067 2.020545846 -0.027582757
0.06378491930000001 2.0568675031 -0.0290989409
0.0893121492 2.081554791 -0.0327934236
0.0586099645 0.4764907076 -0.0313155321
0.0322327503 0.4832129367 -0.0244200603
0.6480167637000001 0.0253943734 -0.0145509796
0.6720490426 2.6813559918 -0.0097056047
0.6617263083 2.7 -0.0107555655
0.1821318715 0.0454924631 -0.0448007589
0.6904475677 2.5496586908 -0.0078460944
0.0890069683 0.1284779873 -0.0372980619
0.1208370038 0.1112362639 -0.0409928285
0.1062539846 0.0225165152 -0.0397280531
0.1342623618 2.5937950185 -0.0356185601
0.1156597027 2.5638471112 -0.0343245774
0.1106491308 2.5963967013 -0.0338099132
0.0331019287 0.2658380746 -0.0250543936
0.0574250486 0.2557018878 -0.0315084767
0.077571426 2.6204498251 -0.0300495782
0.0894428786 2.6037069427 -0.0316049721
0.06466076329999999 2.5958308277 -0.0281486472
0.08438082099999999 2.5789276886 -0.0310424911
0.7023786369 2.6243017645 -0.0065164918
0.679036749 2.6202465197 -0.009016921000000001
0.6934340901 2.6488836251 -0.0074694238
0.6351644049 2.6244530429 -0.0134985592
0.6187749791 2.6040423544 -0.0151267806
0.5133690213 0.1674686377 -0.0289265461
0.48005497 0.0874159598 -0.0321615406
0.4810985364 0.1158984865 -0.032011616
0.5090069514 0.0956073498 -0.029473066
0 0.2581481481 0
0.0074474111 0.250000454 -0.0126417392
0 0.2382962963 0
0 0.4765185185 0
0.0155174759 0.4671011618 -0.0175918425
0 0.4566666667 0
0 0.0596296296 0
0.0109066726 0.0543783449 -0.0153432545
0 0.0397777778 0
0 1.1117777778 0
0.0083467644 1.1110719707 -0.0125869305
0 1.0919259259 0
0.0278339557 1.11671804 -0.0219584849
0.0114313258 1.1362985543 -0.0145835712
0 1.1316296296 0
0 1.5286666667 0
0.008617466000000001 1.5279036167 -0.0124244778
0 1.5088148148 0
0.0116956944 1.5530823921 -0.0143318884
0 1.5485185185 0
0.0282660935 1.5332411548 -0.0214964985
0.0105436326 1.7694614807 -0.013450254
0.008193867699999999 1.7472582602 -0.0119517409
0 1.7668888889 0
0.0115456713 1.8120537692 -0.0139976306
0.0103231623 1.7905717989 -0.0132977241
0 1.8065925926 0
0 1.9654074074 0
0.0158353381 1.9591750099 -0.0160587494
0 2.1837777778 0
0.0168613788 2.177705074 -0.0162856806
0 2.2631851852 0
0 2.283037037 0
0.0088576531 2.2858974112 -0.0119620315
0.0092855713 2.3672103156 -0.0121658091
0.0113637124 2.3478785605 -0.0133981747
0 2.3624444444 0
0.0316288827 2.3908078365 -0.0212836928
0.027667626 2.3646224906 -0.0201071445
0.0125217622 2.3886430555 -0.0139823959
0 2.3822962963 0
0.0106859724 2.4879276366 -0.0128939102
0 2.5212592593 0
0.0080786946 2.5223590707 -0.0112715806
0 2.5014074074 0
0.0116526983 2.5433011488 -0.0133783305
0 2.5411111111 0
0.0260135488 2.5224482865 -0.019349667
0.0128500985 2.562374052 -0.0139857076
0 2.5808148148 0
0 2.560962963 0
0.5108172168 0.1294255344 -0.0292390066
0.5320418757000001 0.2216101391 -0.0270162328
0.173953167 2.6246563265 -0.0374096862
0.1947483456 2.6303482415 -0.0379129457
0.1794333815 2.6522324485 -0.0374980254
0.5697288944 2.6472176823 -0.0196454045
0.567352005 2.6726551795 -0.0198205401
0.0737799418 0.1046089544 -0.034979073
0.0469492979 0.1033895193 -0.0293425142
0.2563872908 0.0624855881 -0.0452058982
0.2771775118 0.0526706505 -0.0447969578
0.3968574675 0.0668895945 -0.0388424725
0.1161074599 1.0574774974 -0.0381494141
0.1117148449 1.1039631142 -0.0376144797
0.028035527 0.941704845 -0.0222872679
0.0276469742 0.9190716523 -0.0221834023
0.010847737 0.9405386819 -0.0144172694
0.0491735714 0.9326718065 -0.0283394434
0.0519174461 0.7370963132 -0.0293440675
0.0263289416 0.7218134719 -0.0219932235
0.0105420139 0.7423132417 -0.0144158323
0.0284787648 1.3361185466 -0.0218574756
0.012118444 1.3571614818 -0.0147673104
0.1053102712 0.0670675796 -0.0395111057
0.0969903944 0.0450163527 -0.0385635079
0 0.139037037 0
0 0.1588888889 0
0.0146912017 0.1467133457 -0.0175204003
0.0343100467 0.149515081 -0.0256364868
0.0347372677 0.1282693394 -0.0258085233
0 0.675037037 0
0 0.6948888889 0
0.0142943692 0.6795192103 -0.0166959562
0 0.7941481481 0
0 0.8139999999999999 0
0.017221128 0.8009105216 -0.0180518685
0 0.8735555556 0
0 0.8934074074 0
0.0133115684 0.8808216023 -0.0159344679
0.3322610184 0.0603648722 -0.0426944954
0 1.2904444444 0
0 1.3102962963 0
0.0147135825 1.295121779 -0.0162361508
0 0.07948148150000001 0
0.0125037135 0.07339263 -0.0163350985
0.0391026247 2.5942051243 -0.0229808021
0.0285306372 1.7773560883 -0.0212284878
0.0263828383 1.7544334175 -0.0205372382
0.0533770962 1.7670198057 -0.027691226
0.2083534446 2.5717017256 -0.038272285
0.226868215 2.5921604608 -0.0383141144
0.2337885047 2.6229113191 -0.0382189571
0.2119498924 2.6166610566 -0.038179672
0.6587591501 0.1132661658 -0.013177582
0.6592169755 0.146088341 -0.0130952674
0.6933923545 0.1290855027 -0.008863734099999999
0.6895247524 0.1951257861 -0.0093157802
0.6844334113 0.161767175 -0.0099755113
0.6483972183 0.1831082771 -0.0143640802
0.6253817781 0.1452714535 -0.0171025233
0.6126857388 0.1826808148 -0.0185132117
0.3330205085 2.5743873334 -0.0360130221
0.3040236578 2.5803597341 -0.0370603456
0.3088905391 2.6059654402 -0.0368318494
0.2779346439 2.5953244152 -0.0377265318
0.2141514837 0.0837538841 -0.0453197294
0.5610251845999999 2.6252703838 -0.0204526282
0.5898832874 2.6204328506 -0.0178459796
0.76 0.07010216349999999 0
0.7355381278999999 0.056359826 -0.0033640661
0.5362617388000001 2.6267666575 -0.0225938378
0.5420276630999999 2.6446507841 -0.022073973
0 1.7073333333 0
0 1.7271851852 0
0.0156776791 1.7125014999 -0.0162554508
0.029029009 0.0134655639 -0.0240471416
0.0508512347 2.7 -0.0254248299
0.0419156357 2.6761042392 -0.0235235943
0.0316368083 2.7 -0.0208245567
0 1.9058518519 0
0.0149819292 1.9143965481 -0.0156996448
0 2.1242222222 0
0.0150580442 2.1326849616 -0.0155038536
0.3394104444 2.608084705 -0.0356544449
0.0911390684 1.1522388539 -0.0351854371
0.5633666743 2.7 -0.0201334326
0.5517134266 2.6610875917 -0.0212134382
0.5878959235 0.0165221827 -0.0214869011
0.6093659622000001 0.0195313057 -0.0190799636
0.5830488953 2.7 -0.0183674538
0.515421429 0.0281137365 -0.0289789936
0.7111957805 0.0466404849 -0.0066063317
0.6870928919 0.0931432167 -0.0096827431
0.6668807262000001 0.07797218490000001 -0.0122128168
0.7113160197 0.0739358601 -0.0065794759
0.6849448844 0.0583311656 -0.0099751701
0.6223981086 2.7 -0.0146701184
0.626640215 2.6857304093 -0.0142734661
0.1687298559 2.7 -0.0370275214
0.1249874109 2.6836963511 -0.0347511659
0.1732330916 2.6860447049 -0.0372178608
0.7431520531 2.646704425 -0.001955258
0.7213120804000001 2.6434520481 -0.0044251252
0.76 2.6298978365 0
0.7406706202 2.6239100617 -0.0022432435
0.5949563976 0.1040936596 -0.0205934799
0.1095606624 2.7 -0.033456961
0.5239872088 2.7 -0.0234931957
0.1533317882 1.5970843987 -0.0393618201
0.1153236123 1.5926875641 -0.0367301126
0.133773364 1.5602389249 -0.0382833757
0.08613394739999999 1.5687132202 -0.0335668183
0.3722724946 2.6130620267 -0.0340720819
0.3987768632 2.6285297989 -0.0325628927
0.402896621 2.6044863828 -0.0323766521
0.4290674338 2.6209086192 -0.0306997844
0.2567693285 2.6648530457 -0.0379106691
0.2675229522 2.7 -0.0376438078
0.0718507201 2.1218693716 -0.030288955
0.058147683 2.1515669201 -0.0278894373
0.0936329016 2.1585185414 -0.0331295968
0.3776590521 0.046062801 -0.0401700718
0.4929121735 2.6622061641 -0.026042545
0.4778671921 2.6802368389 -0.0271495548
0.6024967935 2.5474647381 -0.0167553404
0.5935684074000001 2.5842495424 -0.0175502342
0.5715404839 2.5581804451 -0.0196111762
0.558054026 2.5830388956 -0.0207793276
0.5482992358 2.5289927137 -0.0217192586
0.5376932222 2.5615665048 -0.0225806773
0.5758144158 2.5247772795 -0.0192705313
0.0663279143 2.6412045581 -0.0283276676
0.0553963362 2.6159773368 -0.026470286
0.1105562363 0.9710611666 -0.0378309955
0.0582643535 0.0381907085 -0.0321278006
0.0420203214 0.0518976609 -0.0281167453
0.0622165512 0.0584204258 -0.0329136229
0.0452143166 2.6523442807 -0.02431781
0.1285777471 2.0401357993 -0.0366664566
0.1026201473 1.7033877012 -0.0352116323
0.07441390320000001 0.2224098095 -0.0348280075
0.1143825538 0.2691939696 -0.0399727988
0.3366261758 2.6496010861 -0.0356638707
0.4132825608 2.6661082436 -0.0315999766
0.4353914394 0.1036007479 -0.0358946746
0.4222853958 0.1307968365 -0.036848312
0.1231258141 1.2437429767 -0.0382913949
0.07208191930000001 0.7231651282 -0.0333367171
0.0486227801 0.7028991559 -0.0286385258
0.0545877842 0.8984588502 -0.0296239665
0.4057259776 2.7 -0.0319800531
0.3859974604 2.7 -0.0331174718
0.0590260003 1.3446261096 -0.0296569502
0.0364381544 1.9544813177 -0.0233274003
0.0331706699 1.9794498293 -0.0223624176
0.0620569224 1.9605920727 -0.0289886447
0.6543614713 2.6780612121 -0.0115238838
0.6420648865 2.7 -0.0127397493
0.2379316974 0.0449926877 -0.0454569249
0.046680036 0.0759446998 -0.0293244134
0.0297268255 0.0879030841 -0.0241831316
0.0236423954 0.1089119097 -0.0218191442
0.6911387002 0.0300223235 -0.0092060895
0.6679798127 0.0366986584 -0.012108358
0.7109898747 0.0216178001 -0.006643538
0.0233959292 0.0286168061 -0.0218302392
0.0433826931 0.02739889 -0.0285378233
0.5145412527 0.0516986503 -0.0290218884
0.6125589146 1.4653475187 -0.0170452762
0.0270859178 0.1891254106 -0.0230608066
0.0487572806 0.2027237912 -0.029611287
0.0436729016 0.1812082106 -0.0283382569
0.6676200294 2.5704992667 -0.0102478435
0.6556569857 2.600439951 -0.0114579049
0.6765412069 2.5072048349 -0.009356776900000001
0.1300507017 2.0818989663 -0.0366641826
0.7132222184 2.5230190457 -0.0053687251
0.7293799974 2.5488989945 -0.0035460518
0.65157499 0.0541897104 -0.0140969138
0.0810448693 2.5525064355 -0.0306691439
0.0815165955 2.6626861837 -0.0304861881
0.0871989804 2.6412132083 -0.0312505096
0.1022202854 2.6246773412 -0.0329444717
0.1056358095 2.6520755857 -0.0332109549
0.0602550864 2.6624911699 -0.02726504
0.0497625565 0.1629303662 -0.0299336581
0.0218589807 0.167850373 -0.0209824498
0.0899033093 2.7 -0.0314372136
0.1007954141 2.6786869018 -0.0326715765
0.6569248887 0.2291446821 -0.0133036534
0.6226039108 0.2174704767 -0.0173447516
0.1181313245 0.0480825029 -0.0408998862
0.08566628229999999 0.0137120984 -0.0370838296
0.1194881105 2.6671496804 -0.0343761396
0.0352958095 0.6812416576 -0.0250712769
0.061952609 0.6657787539 -0.0316074154
0.020764675 0.6986674353 -0.0197973388
0.0358334409 0.8801391207 -0.0249064405
0.024797111 0.8978972331 -0.021164695
0.0554459604 0.8603594089 -0.0298829759
0.0364338484 1.2967413058 -0.024397385
0.0219671072 1.3138681888 -0.0194905461
0.0518875768 1.3159918901 -0.0282321832
0.06468360669999999 1.2839186891 -0.0308481979
0.0703156834 2.7 -0.0288283807
0.06368869589999999 2.6806602923 -0.0278151958
0.2514131031 2.6408320515 -0.0380437461
0.76 0.0990950295 0
0.7301540944 0.1189004493 -0.0040737707
0.4519392321 2.6029942874 -0.0291879761
0.4130408003 2.6447208284 -0.0316649713
0.5880954462 0.2128372904 -0.0212051139
0.2312311183 2.551784358 -0.0384251488
0.3746605358 2.6373880485 -0.0338856893
0.0255039309 0.2079376921 -0.0224257162
0.0251968597 0.2287011729 -0.0222750094
0.0442423038 0.222092797 -0.0284167455
0.0101938444 0.1889554835 -0.0147294358
0.1074701081 1.2838304744 -0.0367433341
0.2767023551 2.6216854789 -0.0376803309
0.4651529618 0.0367917954 -0.0335741504
0.4735421534 0.06137911 -0.0327917552
0.4524935099 0.0770802635 -0.0345634834
0.7251475796 2.4591454445 -0.0040511927
0.0572192895 0.1402055464 -0.0316958139
0.0602753687 0.1211028135 -0.0323850685
0.6461400479 1.3127887155 -0.0136016597
0.6786142761 1.3338306921 -0.0099207037
0.0871046362 1.9326508019 -0.0328591943
0.1100258863 1.9044288554 -0.0354626056
0.06951302450000001 1.9029879116 -0.0303827247
0.0409729653 1.7178884417 -0.0249221057
0.0711583527 1.7352437929 -0.0310051973
0.06873393260000001 1.6999091163 -0.0306832313
0.1007015018 2.4855236606 -0.033124987
0.07193857250000001 2.4970976578 -0.0295028426
0.1014482948 2.5253729628 -0.0331056391
0.0671750292 2.5259449887 -0.028701681
0.2205677667 2.6415209958 -0.0381618031
0.2989228812 2.6315025007 -0.0370783579
0.3239852417 2.6294381284 -0.036226527
0.2530013027 2.6093563291 -0.0381138677
0.2533671507 2.578358356 -0.0381964706
0.4912644372 2.5825255884 -0.0263240406
0.5033417636 2.5598517907 -0.0254181655
0.4752037878 2.605815712 -0.0274984102
0.08802086739999999 1.8733760735 -0.0331122114
0.3900648824 2.653515675 -0.0330039539
0.3874958976 2.6745493871 -0.0330967111
0.5269932963 0.0714912806 -0.027770776
0.5561491513 0.0738480073 -0.0248068228
0.5394009689 0.09100242009999999 -0.02649816
0.5642234086 0.1071091191 -0.0239104931
0.0369062534 1.9144392086 -0.0235202368
0.0523555765 1.9327705703 -0.0271640175
0.0374581015 2.1353466574 -0.0233090469
0.0620014676 2.1795492167 -0.0285369558
0.0364706652 2.1636873069 -0.0229989851
0.2038177105 2.5418701377 -0.0383028932
0.1835733215 2.5621769095 -0.0378585762
0.07924345419999999 0.0367544368 -0.0360404235
0.4989729791 0.0694729094 -0.0304676809
0.4167727017 0.0323062921 -0.0374898763
0.1663232853 1.3148820723 -0.0407255747
0.0993646567 2.0074779906 -0.0341295273
0.07376408700000001 1.9897622569 -0.030866736
0.3517341613 2.6317805719 -0.0350398582
0.3611543994 2.6596226811 -0.0345175628
0.0304442995 1.0442704659 -0.022953827
0.0229295705 1.0625900857 -0.0202099341
0.0498508564 1.0660331309 -0.0282468528
0.0294601909 1.0811284295 -0.0225693268
0.0121136264 1.0408367386 -0.0150831638
0.4251554422 0.07470836209999999 -0.0367574296
0.0238146906 0.4078990118 -0.0214677363
0.0257689544 0.4269253165 -0.0222100061
0.0078010368 0.4074779759 -0.0127855366
0.01159357 0.4291027529 -0.0153966798
0.1309425168 2.4707981132 -0.035718693
0.4921347235 0.0436273417 -0.031151115
0.5181484121 2.5042153408 -0.0243190079
0.1614939739 1.6396076201 -0.0396342616
0.4343154952 2.6672155233 -0.0302498048
0.1595439166 0.8653787721 -0.0416504215
0.0275988028 1.4618095506 -0.0213738114
0.0237421296 1.4795293662 -0.0199610138
0.0310382428 1.4967993036 -0.022454885
0.0100691973 1.4606823021 -0.0134382918
0.3003211887 0.0365049896 -0.0441191025
0.2788700852 0.0333617079 -0.044805941
0.0772999929 2.430184847 -0.0304277023
0.0539909211 2.4415574732 -0.0265317977
0.0770735008 2.4626369244 -0.0303249423
0.0282746074 0.0657766783 -0.0236903498
0.6225049847 0.0420897494 -0.0175461312
0.2758585579 2.6674463473 -0.0375712987
0.2502593221 2.5268907164 -0.0383761866
0.76 0.2079276613 0
0.0254861286 1.7978612874 -0.0201630742
0.5225371642 2.5874923736 -0.0238094864
0.1301498959 2.6500841497 -0.0352008569
0.02384871 2.4114496423 -0.0187588209
0.0527385754 2.4105477643 -0.0263423358
0.0306407586 2.4325484261 -0.0209293328
0.0120952896 2.3050159708 -0.0138360668
0.029177178 2.2916367327 -0.0206888614
0.0279329054 2.3360782501 -0.0202324572
0.0478106232 2.3172601441 -0.0254850727
0.0252374626 2.314498737 -0.0193705155
0.5133863626 2.6683016856 -0.024413295
0.5149222612 2.6454124676 -0.0243303061
0.532649712 2.6646338138 -0.0228345425
0.4585947238 0.1025305982 -0.0339973468
0.4765171105 0.6868532058 -0.0312701479
0.3181065205 0.8496415243 -0.041228381
0.0310087231 1.0205416349 -0.0231758823
0.0257255542 0.6032297319 -0.0219382493
0.0105511784 0.623105822 -0.0145382442
0.027046482 0.3831041601 -0.0227572894
0.0094313729 0.3895907491 -0.0140076906
0.5745837501 0.0312981968 -0.0229163661
0.4068166444 0.1011958934 -0.0380585957
0.3555171427 2.5916953736 -0.0349648027
0.2211530207 0.3122972764 -0.0447202614
0.1582474877 0.3430261306 -0.0430065497
0.6284206012 0.064637256 -0.0168344615
0.6438203551 0.08464242230000001 -0.0149991465
0.6690790261 2.642331037 -0.0100424818
0.6686431514 2.66137167 -0.010073497
0.4997992577 2.6049497013 -0.0256142116
0.6426168880000001 2.6516351713 -0.01273033
0.1373688816 2.5398922371 -0.0359548677
0 0.1191851852 0
0.0075707155 0.1092247326 -0.0128645866
0 0.09933333330000001 0
0.2327543501 0.0676049458 -0.0454154947
0 0.8537037037 0
0.0111754721 0.8457978501 -0.0147146121
0 0.8338518519 0
0.241355203 0.8489850043 -0.0431727108
0.1449612352 1.112510862 -0.0401941263
0.5203491064 2.536830314 -0.0240795018
0.3444021008 0.4521081164 -0.0410579153
0.3667062545 0.4211408501 -0.0399030098
0.5896299629 0.131603889 -0.0211446318
0.6242898542 0.1118205089 -0.0172644488
0.4388282403 0.1991545686 -0.0354103309
0.1313184543 0.0784438869 -0.0419752486
0.5336113285 0.1132122297 -0.0270426901
0.6799278005 0.9171820233 -0.0100428207
0.1419581081 1.5199375661 -0.0389271821
0.1547687386 1.4007086668 -0.039964449
0.2752835672 1.9201782369 -0.0396600318
0.2369590956 1.9010160113 -0.0402389334
0 0.1787407407 0
0 0.1985925926 0
0.0315821937 0.9763806938 -0.0234310111
0.0107184665 0.2133692854 -0.0150564707
0 0.2184444444 0
0.0090675853 0.2329514621 -0.0138963739
0 0.2978518519 0
0 0.3177037037 0
0.0106345023 0.305356954 -0.0149082423
0 0.3971111111 0
0 0.416962963 0
0 0.4368148148 0
0.008781414 0.4493069656 -0.0134871212
0 0.5162222222 0
0 0.5360740741 0
0.0108786114 0.5237348257 -0.0148481927
0 0.6154814815 0
0 0.6353333333 0
0.0090898991 0.0352208492 -0.0141006117
0 0.7345925926 0
0 0.7544444444 0
0 0.9331111111 0
0 0.9529629630000001 0
0 1.0323703704 0
0 1.0522222222 0
0.0101874924 1.083341957 -0.0138618036
0 1.0720740741 0
0 1.1514814815 0
0 1.2308888889 0
0 1.2507407407 0
0.0090100114 1.2411913969 -0.0129388983
0 1.35 0
0 1.3698518519 0
0 1.4492592593 0
0 1.4691111111 0
0.0105869584 1.5002103996 -0.013723828
0 1.488962963 0
0 1.5683703704 0
0.2604605929 2.5522926469 -0.0381732318
0.2830326529 2.5666658672 -0.0376878189
0 1.6477777778 0
0 1.6676296296 0
0.009376201799999999 1.6581081323 -0.0128197205
0.6421360384 2.5766393782 -0.0128492738
0.6202390386 2.5696488054 -0.0150226945
0 1.7867407407 0
0 1.8264444444 0
0 1.8462962963 0
0 1.8661481481 0
0.009831937000000001 1.8549430924 -0.0129382911
0.017624686 1.8343181554 -0.0170161671
0 2.0646666667 0
0 2.0845185185 0
0.0096468539 2.0750753165 -0.012633456
0 2.3028888889 0
0.0105440219 2.3275957629 -0.0129525965
0 2.3227407407 0
0 2.3425925926 0
0 2.4021481481 0
0 2.4815555556 0
0.0183404738 2.6746457415 -0.0163541768
0.1207739809 0.8389870923 -0.039125601
0.1469458723 0.8172945664 -0.0411022017
0.1561496937 2.3579086333 -0.0374470431
0.1121382674 2.3282298441 -0.0346069266
0.7245160955 1.774341105 -0.0043285563
0.0852762914 2.205533594 -0.0320018833
0.0751330192 0.1550295461 -0.035098604
0.0487342626 1.0963560655 -0.0279311912
0.0825500926 1.0802741456 -0.0341837097
0.4058371946 2.578211459 -0.0322624126
0.3857231829 2.5576525718 -0.0334826718
0.3802675566 2.5872076122 -0.0337103208
0.0514341736 2.2907823411 -0.0263015213
0.3601876165 2.5668867668 -0.0348020459
0.5668140171 1.9086815913 -0.0209923867
0.7252541106 1.8738513158 -0.0042113677
0.07424608639999999 1.1125736237 -0.0328469091
0.3708642976 0.0692282364 -0.0405381585
0.3180815714 0.7679391677 -0.0414487102
0.5504245174 1.2539228069 -0.0235439049
0.2965371493 0.4496478565 -0.0431233531
0.5637316105 1.5661811914 -0.0217917624
0.163072397 1.3567788022 -0.0404737239
0.4854236801 0.1482566128 -0.0315594338
0.1041244398 1.5352686668 -0.0357794224
0.0727250032 1.5299576606 -0.031697013
0.3779198867 0.3216699133 -0.0394695398
0.3893092839 1.7362335356 -0.0352871591
0.3633044039 1.5218489222 -0.0373059219
0.4414021822 2.4957371953 -0.0301528015
0.0882006 2.3971653111 -0.0319305691
0.1093491775 2.2882927849 -0.0344512258
0.0254347831 0.0447096454 -0.0226366106
0.0762448409 1.0497807517 -0.0333024624
0.020226707 1.7321419563 -0.0182489431
0.0434080305 1.7424038254 -0.025489674
0.2526272081 0.1544036446 -0.0450039044
0.0464649466 2.5065573139 -0.0248513648
0.1276266697 1.3267895755 -0.0384385423
0.0767005311 0.4286424708 -0.0347511057
0.1098478367 0.4587467284 -0.039034691
0.0268625991 2.656528974 -0.0194424963
0.1937897362 0.1715821876 -0.0447620747
0.2376691321 0.1816203047 -0.0450739733
0.2146530344 0.2092569605 -0.0449707859
0.0328231044 1.176903794 -0.0235111126
0.0875287247 1.7668555386 -0.033294437
0.07313026960000001 1.7931135378 -0.0311932871
0.09746728690000001 0.672753176 -0.0371129806
0.1232693561 1.7688509663 -0.0369589884
0.1017998999 1.8022452573 -0.034885083
0.0073533141 0.8989864724 -0.0120201159
0.0111771408 0.9118802659 -0.0146502049
0.086786248 1.3172004381 -0.0342315844
0.0916714287 1.360235853 -0.0347654585
0.0073313586 1.4798353456 -0.0115396536
0.0072860876 1.0623159398 -0.0118352773
0.1041812787 1.7372212103 -0.0352932127
0 0.3574074074 0
0 0.3772592593 0
0.0123729627 0.3692915897 -0.0159367736
0 0.5757777777999999 0
0 0.5956296296 0
0.0122696176 0.5875190127 -0.0156437874
0.138904995 0.4339858914 -0.041603372
0.370407554 2.6821040362 -0.0339951007
0.3662637478 2.7 -0.0341608192
0 2.6602222222 0
0.0104446639 2.6548183135 -0.0126132823
0.0396135393 1.4497677671 -0.0250227161
0.0148984538 1.4412958436 -0.016170124
0 1.1911851852 0
0 1.211037037 0
0.0119033339 1.2042866254 -0.014795609
0 1.4095555556 0
0 1.4294074074 0
0.0121666381 1.4226873032 -0.0147294692
0 0.9926666667 0
0 1.0125185185 0
0.0130331851 1.0067434586 -0.0156448751
0 0.9132592593 0
0 1.6080740741 0
0 1.6279259259 0
0.0126876545 1.6211628492 -0.0148215082
0.0114026964 0.9760658401 -0.0147247272
0 0.9728148148 0
0.0191178755 0.8243704857 -0.0189076962
0.0439172766 0.8080149991 -0.0272737969
0 2.024962963 0
0 2.0448148148 0
0.0127213861 2.0358648335 -0.014428269
0.08918789019999999 0.9931362743 -0.035302629
0.0377392467 1.229956451 -0.0248785514
0.0145991488 1.2229553716 -0.0162562704
0.0114420437 1.1739701057 -0.0145529441
0 1.1713333333 0
0.0116420681 1.3926117135 -0.0144569716
0 1.3897037037 0
0.0113857277 2.012924482 -0.0137182083
0.0143588713 1.9940382814 -0.0153097079
0 2.0051111111 0
0.0119403075 0.1274640841 -0.0159295758
0.0066406265 0.8181765508 -0.0115107651
0.0155185029 2.2514870655 -0.0155941915
0 2.2433333333 0
0.08582703060000001 0.8399648941 -0.0351987524
0.0971442805 1.0258878649 -0.0362273154
0.0115600903 1.5907913235 -0.0142171827
0 1.5882222222 0
0.0391488279 1.6476492197 -0.0245648723
0.0152018201 1.6400192157 -0.0161038613
0.0128069549 0.3469370991 -0.0162196757
0 0.3375555556 0
0.012808583 0.5652138839 -0.0159853726
0 0.5559259259 0
0.024310512 0.2865215427 -0.0218393302
0.037163931 2.0399459929 -0.023385798
0.0397047633 2.0645732655 -0.0240108936
0.015547469 2.0565537348 -0.0158173587
0.0240474961 0.5047838172 -0.0214250091
0.009009932 1.896934387 -0.0123785517
0 1.886 0
0.0092131529 2.115373678 -0.012327672
0 2.1043703704 0
0.0109789004 2.2318453866 -0.0132870558
0 2.2234814815 0
0.0415888305 0.3996421027 -0.0273786389
0.0042480196 1.8708324709 -0.008642157100000001
0.0394402256 0.7878974952 -0.0261042725
0.0682202613 0.7854568409 -0.0325308588
0.4919431373 2.6319289122 -0.0261759099
0.1892881937 2.6757743301 -0.0376777714
0.0052967653 0.5440409383 -0.0105216157
0.0051797377 0.3257015471 -0.0105682653
0.0416042388 0.6171602134 -0.0269991393
0.4041838349 0.4053207461 -0.0375254176
0.0777085183 2.3051282636 -0.0307591396
0 1.2705925926 0
0.0039626758 1.255845304 -0.0087065502
0 1.6874814815 0
0.0041193563 1.6727289484 -0.008626807199999999
0.0042745232 2.0897353304 -0.0085444326
0 0.6551851852 0
0.0040615957 0.6399121145 -0.009193027600000001
0.034363538 2.4533949413 -0.0219659174
0.013268157 2.4505559537 -0.0143046321
0 2.4418518519 0
0 2.4617037037 0
0.4880243376 0.02306323 -0.0315680607
0.003285554 0.203983562 -0.008553896
0.0071680919 1.1570698291 -0.0116678905
0.0073490316 1.5739103826 -0.0114799345
0.003895728 0.7590388558 -0.0089345073
0 0.7742962963 0
0.0069080868 0.9595626948 -0.0116181264
0.0067051872 1.3761152038 -0.0111341216
0.0031914257 0.4221442548 -0.0083034587
0.0112275903 0.4869902986 -0.0151076433
0 0.4963703704 0
0.1346921304 1.4742027856 -0.0385722403
0.0115836382 0.2677053199 -0.015558174
0 0.278 0
0.0077039718 2.4115485087 -0.0111015432
0 2.422 0
0.1119461322 2.1193761894 -0.0351081837
0.1425163989 2.1511719494 -0.0372884736
0.0800010233 0.8748091458 -0.0342710814
0.1010499897 0.7161209041 -0.0374330463
0.0756233342 0.693842325 -0.033988649
0.0134979087 1.8775877243 -0.0149935499
0.0107968646 0.0914728963 -0.0152325353
0.0435577912 2.5320795814 -0.0241519443
0.008528403699999999 0.7840913539 -0.0130019013
0.1072644982 2.4390899955 -0.0338852169
0.1267803291 2.3959451858 -0.0356191676
0.3536650295 2.6829051678 -0.0348174685
0.064252398 0.0185480054 -0.0334049404
0.0135107842 1.262178621 -0.0156385674
0.0135217245 0.6463595416 -0.0163057743
0.0128020246 0.7649241684 -0.0157688451
0.3178046335 0.4839569702 -0.0422224759
0.0111984989 2.4311845026 -0.0132314901
0.4695499288 0.016478624 -0.0332337602
0.09362483219999999 1.4988265947 -0.0346804439
0.1050784307 2.3620970316 -0.0338625778
0.3142513332 0.0523430563 -0.043531859
0.2958944461 0.062517065 -0.044204357
0.1187145584 0.9369369154 -0.0386926981
0 1.9852592593 0
0.0120321597 1.9763888457 -0.0141135633
0.0135106468 1.6789490231 -0.0152037651
0.0090977913 1.2796096548 -0.0129649107
0.0682382797 1.8508314855 -0.0302831214
0.1011865752 1.8377467786 -0.0347338389
0.0136468195 2.0965322506 -0.0148476033
0.0533074409 1.1296766761 -0.0288983945
0.0089877924 1.696653484 -0.012532113
0.0169279147 2.6230736667 -0.0158215528
0.052516258 1.5461857756 -0.0279306087
0.05077929 1.5114296697 -0.0276195944
0.4746042117 2.6538251447 -0.0274455653
0.2719699189 0.1098165551 -0.0447668221
0.6290156297 0.0183206462 -0.0168130218
0.0109985368 2.214158624 -0.0133141538
0.0823233957 0.2619577713 -0.036011469
0.1778527405 0.2107469496 -0.0442014085
0.0454090464 0.9573536986 -0.0273833772
0.1299223435 0.6874110697 -0.0402759965
0.1215519893 0.6442316647 -0.0396921532
0.5906371626 2.6446589463 -0.0177442917
0.053079815 2.3803787749 -0.0264673208
0.0710460498 2.3635893762 -0.0296504087
0.0474946973 2.3480390918 -0.0253606153
0.0314396685 0.8442688522 -0.0235905102
0.0356937291 0.8268518866 -0.0249523222
0.0549841195 0.8324060528 -0.0298386396
0.1186090536 2.1843300601 -0.035524105
0.7359526886 0.0853900079 -0.0033020457
0.7109230259 0.1013050369 -0.0066196034
0.07178229730000001 0.8113932522 -0.0330947027
0.0548078576 2.5478726999 -0.0264881089
0.007633391 0.864027327 -0.0122658452
0.009315734399999999 2.1961330024 -0.0123253892
0 2.2036296296 0
0.0096999713 0.6637707074 -0.013933846
0.0221174095 0.2485240097 -0.0209831996
0.0496070195 1.0385407892 -0.0282421596
0.6380329286 2.6755727978 -0.0131637764
0.1755647492 1.0373341475 -0.041837004
0.0138236321 2.5053802568 -0.0145255117
0.1884829204 2.7 -0.0375928521
0.0213903772 0.9590565894 -0.0197210412
0.3285881131 0.1030037294 -0.0427576054
0.0261593894 0.8626901898 -0.0217266457
0.6561875399 2.6273005928 -0.0113810934
0.191246554 0.0685306594 -0.0449906298
0.0221040489 1.0978442136 -0.0198312522
0.15995959 0.410739127 -0.0429077677
0.3886921212 2.5279676216 -0.0333884492
0.145721043 1.0453695531 -0.0404191094
0.0385923033 2.1860781898 -0.0235229893
0.0071875462 1.3410955238 -0.0115383597
0 1.3301481481 0
0.0067785856 0.9250067910999999 -0.0115403685
0.0065196822 0.7258649601 -0.0114820175
0 0.7147407407 0
0.0077745941 0.6056869645 -0.0125932841
0.0065770202 0.1678027702 -0.0119816765
0.008904906299999999 1.0230467297 -0.0130583851
0.0469819641 2.1135874832 -0.0256687691
0.0746029403 2.3350644729 -0.0302466892
0.0227827372 1.5143127996 -0.0195474226
0.0434754625 0.2416561213 -0.0281757628
0.358460979 0.1523481683 -0.041065298
0.0070316226 0.2866885486 -0.0122692652
0.007063842 0.5052476607 -0.0121129618
0.0159427304 0.9909186953 -0.0172007341
0.3375325446 0.1444247588 -0.0422124656
0.08124873520000001 2.6839346183 -0.0304038852
0.0058351172 2.4742604584 -0.009680907799999999
0 1.747037037 0
0.2005742964 2.6890804354 -0.0378453251
0.0507850339 1.9920685091 -0.0267220352
0.017299493 2.2710770755 -0.0163735283
0.0597671477 0.448799332 -0.0316113794
0.0046565871 1.8395512218 -0.009053844700000001
0.0092128908 1.3257207066 -0.0130019587
0.0085645401 0.7104530016 -0.0130934102
0.5719926614 2.6032884317 -0.0195054218
0.5453208734 2.6053030051 -0.0218551708
0.0210112443 2.5897869255 -0.0174994354
0.0801562967 0.46185075 -0.0352249816
0.0333225675 2.0091477941 -0.0223607273
0.5181121743 2.6175969735 -0.0241202574
0.046276091 1.6955062801 -0.0262594976
0.0064544895 2.6674471286 -0.0100325721
0.1757174977 0.8331041196 -0.0424062582
0.0263385472 2.6866675044 -0.01923245
0.0356080829 1.5942477527 -0.023676707
0.0038134879 2.3146845321 -0.007967872799999999
0.0457587653 1.8949638641 -0.0257810664
0.0163028735 0.3238074283 -0.0181693625
0.0165780453 0.5420829067 -0.0180468353
0.0197122917 1.3759748922 -0.0184772839
0.0170902164 1.1896766739 -0.0175259445
0.0178913796 1.4078633091 -0.0176375291
0.019459198 1.6061972603 -0.0180842768
0.0227419759 2.0241018938 -0.0188625392
0.7334623347 0.0283243578 0.0036507312
0.72670609 2.5758802979 0.0038411342
0.6902034795999999 0.0358877771 0.009321900899999999
0.6899543661 0.0151446663 0.0093655882
0.7096013472 0.0230111237 0.0068247931
0.711985562 1.9730049804 0.0057278165
0.7088087561 0.3790588142 0.0067762245
0.7123252667 2.2700761025 0.0055696694
0.6867760266 2.3142552659 0.008382351200000001
0.6595390749 2.2582716931 0.0113388991
0.6824711808 0.5754654522 0.0099579153
0.7069216151 0.5254077755 0.0069523049
0.7243045674 0.5760982817 0.0047152383
0.7133908106 1.2246754284 0.0058582742
0.6652555807 1.2207206093 0.0115337635
0.6845223506 1.1769419902 0.009334378799999999
0.5184411111 0.5771537046 0.027713693
0.479578752 0.5776620662 0.0312259728
0.5043808023 0.5359173135999999 0.0290952033
0.7243647741 0.6764931065999999 0.0046772649
0.5839681616 0.7638074101 0.0209076407
0.6245736616000001 0.7726766857 0.0165249253
0.5809446539000001 0.8197149168 0.0211456923
0.7263485863 0.8285285325 0.004379528
0.5762941966 0.3230449225 0.0223225731
0.5524769579 0.2943767482 0.0248444681
0.6088679745 0.2807175836 0.0188283369
0.7087563788 1.0247778322 0.0065063864
0.7245863483 0.9765712962 0.0045590946
0.6585279959 1.4963221804 0.0120713616
0.6208056823 1.4773817592 0.0161682841
0.6613088376 1.4561336887 0.0117944235
0.7194925776 0.7803517019 0.0052639017
0.712980207 2.1255754023 0.0055526611
0.7079440348 2.0717812643 0.0061500428
0.2245991372 0.0144126423 0.0455694112
0.7261441545 1.0753523099 0.0043348362
0.7138061981 2.5066641853 0.0053101404
0.7199978663 2.4671183683 0.0046309695
0.0733503174 0.0151168423 0.0351014486
0.0531010166 0.0156389626 0.0310146425
0.7087039342 2.4196042099 0.0059138808
0.0332009167 0.0145300533 0.0254949567
0.0117457599 0.0136606042 0.0159285501
0.6224200235 1.222314719 0.0162752372
0.6307490207999999 1.1772481849 0.0154217395
0.5467431579000001 0.0169226147 0.0258695931
0.5201531546 0.0170008182 0.0285380811
0.7118590832 1.5751847873 0.0059030856
0.724863684 1.2750359918 0.0044355773
0.3849332649 0.0151956871 0.0397742627
0.6735930952 0.7743933044 0.0108923355
0.6553632525999999 0.7241209468000001 0.0130737115
0.442928196 0.0147610161 0.0354859014
0.7122939575 0.6261112909 0.0062310104
0.6816768411 0.6756792776 0.009990195300000001
0.663145945 0.624643213 0.0122421822
0.7068934761 1.4753149163 0.0065345895
0.679859114 1.5312054563 0.009647274000000001
0.6572799846 1.5775945902 0.0121421943
0.6219305353 1.5319841172 0.0159902124
0.7233105398 1.5249000895 0.0045493363
0.0906358894 1.9897025082 0.0331682545
0.0929697181 1.9397688935 0.0335651052
0.1229104124 1.9708515397 0.0364143396
0.7072352698 1.7746010561 0.0063619842
0.1496957564 2.2782141056 0.0373459935
0.1872072868 2.2908941799 0.0387009937
0.1653439686 2.3347522546 0.0378997972
0.6565966848 1.9715630622 0.01188804
0.6843237928 1.9249543598 0.0088916525
0.1232875231 2.36166623 0.0354464812
0.1647786142 2.3882587547 0.0377318192
0.7209965729 2.6087641914 0.0044717001
0.6543336822 2.39422422 0.011769148
0.7093397748 2.3694581116 0.005864372
0.7403143982 2.7 0.0022712054
0.7351995149 2.6718180354 0.0028574081
0.7111969128 2.6725831779 0.0055322491
0.7206766140999999 2.7 0.004477089
0.7250831538 1.1750350729 0.0044380538
0.2675229522 2.7 0.0376438078
0.2684295925 2.685744539 0.0376671904
0.2872795249 2.7 0.0372136682
0.0703156834 2.7 0.0288283807
0.06978265409999999 2.6858036407 0.0287770291
0.0899033093 2.7 0.0314372136
0.1687298559 2.7 0.0370275214
0.1684715253 2.6850725349 0.0370591963
0.1884829204 2.7 0.0375928521
0.5436794634 2.7 0.0218428816
0.5449292431 2.685396744 0.021759671
0.5633666743 2.7 0.0201334326
0.3895233434 2.6831064745 0.0329622047
0.3859974604 2.7 0.0331174718
0.3655260059 2.6846200542 0.034236907
0.7062412943 0.3247711474 0.0071281425
0.09189608119999999 1.6897405717 0.0340215517
0.0791648564 1.6590770039 0.0323942162
0.1213426992 1.6560376389 0.0370902589
0.6624591811 0.4785871216 0.0124387525
0.6102335364 0.489522835 0.0184309167
0.6118263764 0.4411754839 0.0183106165
0.5795395872 1.2024466071 0.0207615072
0.3488502141 1.5481064782 0.0379850377
0.3582669927 1.5085064751 0.0376076062
0.4012358341 1.5409436586 0.0350188136
0.7094879256 0.7269501904 0.0065424816
0.6296033 2.0187168903 0.0146754367
0.6617307184 2.0577192231 0.0112677007
0.6233058631 2.0753764165 0.0152581366
0.6913384654 1.0754167269 0.0085878716
0.66034718 1.0508898397 0.0122287747
0.7098152095 1.1250134499 0.0063343913
0.7147542442 1.3774553779 0.0056340668
0.1248341514 2.6836350013 0.0347401385
0.1445348963 2.6838085846 0.0359911989
0.1292604439 2.7 0.0350113074
0.6205849043 2.1360897696 0.0154665999
0.5872410778 2.0927156919 0.0187945829
0.7258838155 0.4267795719 0.0045544854
0.6880047911 0.4322297919 0.0093664226
0.011208341 2.6830184531 0.0130130375
0.7191246827 0.2784777755 0.0054829889
0.726155038 2.2231710451 0.0040044764
0.668266341 2.4783288247 0.0102495114
0.6700935769 2.5148441676 0.0100307734
0.7254384605 2.3214222981 0.0040585101
0.5568523708999999 0.4532724368 0.0241527036
0.578564858 0.4078966203 0.0219635262
0.6369390237 0.821273567 0.0150931074
0.244783873 1.7401838756 0.0406394293
0.2298606153 1.7754191368 0.0406128115
0.2005096838 1.7456935281 0.0404853217
0.6649684873 2.1080199121 0.0108810643
0.1836731647 2.2451514267 0.0387400538
0.1777283747 2.1989287524 0.0387001147
0.2281079684 2.219159439 0.039364483
0.127461172 2.3157273807 0.035874841
0.0926807645 2.3215360116 0.0326378298
0.6528432426 0.3120297458 0.0137215438
0.6720371448 0.2788594681 0.0114322907
0.09583168609999999 2.0373192878 0.033666922
0.1383896261 2.0216846407 0.0373793887
0.0881781354 2.2379385134 0.0322933872
0.0929837536 2.1905991974 0.0329791265
0.1337931469 2.2253349039 0.0365484209
0.09681321950000001 1.8913323426 0.0341242871
0.1364010514 1.9270303223 0.0375004071
0.682287547 0.9681293948 0.009729719100000001
0.6580560318000001 1.0045621895 0.0125290649
0.7244004906 1.425550437 0.0044473432
0.5157790748 1.6633501231 0.02602066
0.4817103603 1.6338546555 0.0289435102
0.5175390929 1.5995106431 0.0259806503
0.7240405552 2.0230358175 0.0043094992
0.576979699 2.0422235552 0.0198414046
0.5329832715 0.3423893996 0.0267199991
0.6517153859 0.5297374743 0.0136660276
0.6498260577 0.244288556 0.0141395481
0.6982733125 0.23577391 0.0081865342
0.6620896292 0.3531253951 0.0125822629
0.1623543155 2.5528237576 0.0371873212
0.1667634488 2.5925788818 0.0372499517
0.1346031449 2.5799619669 0.0356764674
0.1339708642 1.7005277593 0.0379304037
0.1681049521 1.6522647403 0.0398727805
0.1772681542 2.0671562092 0.0390497931
0.1650878063 2.107165908 0.0385106816
0.1275277303 2.0740454848 0.0365021795
0.1645809044 1.9775657649 0.0388439337
0.1359982395 2.1757637339 0.0368224218
0.5192482587 2.0466786764 0.0250387356
0.5436358015 1.9919362701 0.0229943747
0.1537881088 1.7427317337 0.0389924825
0.1284170923 1.7864581154 0.0373101404
0.1115766226 1.7498932638 0.0359922025
0.1163126774 2.5451006968 0.0344260134
0.09749737529999999 2.5814146086 0.0325609562
0.6844254395 2.2164510591 0.0086987733
0.5109957483999999 0.6322839049 0.0283093144
0.6060248319 0.7215938516 0.0186162218
0.5716946469 0.6441198363 0.0223480436
0.6290520099 0.6726261963 0.0161302854
0.578788496 0.6884650713 0.0215506248
0.7152962299 0.4743276519 0.0059076328
0.6253113158 1.0303184606 0.0161686778
0.5819808394 1.0300949794 0.0207508214
0.6077749321 0.9929403002 0.0181037367
0.3010430459 1.4357982588 0.0402779207
0.3238788528 1.4737731819 0.0393184453
0.2703896548 1.4791368283 0.0409917932
0.5789711757 1.1054338132 0.02095333
0.5668910545 1.0639372515 0.0222257334
0.6158862714 1.074205994 0.0171411852
0.6848039057999999 1.2718960768 0.0092425387
0.7125936575 0.929345685 0.0060726518
0.7091176775 0.8781825075 0.0065244607
0.6835486732 1.41920983 0.0092962962
0.7078713022999999 1.3251259696 0.0064839553
0.633217139 1.4215497967 0.0149058631
0.2604839887 1.6424801705 0.0407185364
0.2157795473 1.6160210149 0.041021683
0.2541176356 1.5865749913 0.0409684864
0.7137262225 1.6732862005 0.0056431482
0.6821922509 2.0178219737 0.009069634300000001
0.7147740697 1.8754124821 0.0054424131
0.6347693186 1.924200941 0.0142371174
0.5980586936 1.9655972011 0.0179086896
0.5878217824 1.9162114632 0.0189735824
0.4299762536 2.424422268 0.0310843765
0.4175185413 2.3796778339 0.0320006508
0.4736460913 2.391238822 0.0280509837
0.6547012711 2.4378219515 0.0116939597
0.1713073906 0.3203002774 0.043656987
0.2187809591 0.3015162843 0.0447392857
0.2048191356 0.3539660528 0.0444532837
0.182839435 0.2719736202 0.0441934439
0.6879001917999999 1.8306893991 0.008547853500000001
0.6467988884 1.8421212917 0.0130477111
0.656884198 1.7996205342 0.0120006574
0.1858130893 2.5146007588 0.0380462967
0.2087152654 2.5506191446 0.0383351682
0.1673587654 1.781900294 0.0394888689
0.1311214687 2.4116012593 0.0358842929
0.6868748693 0.8247690588 0.009269870899999999
0.6208506011 0.3847790053 0.0173620889
0.5715552993 0.3659581872 0.0227616611
0.6153943164 0.3355452014 0.0180326305
0.5941057319 1.2533061991 0.0192123089
0.6638669746 1.3690670678 0.0115762289
0.6589057758 1.0990390301 0.0123544037
0.6627075332 1.1407201033 0.0118870121
0.6322957566 1.6275224645 0.0147957817
0.6067009926 1.5863577638 0.0175074266
0.683743152 1.6245923485 0.009144967400000001
0.6619595529 1.7557346511 0.0114834603
0.6349664074 1.7182708149 0.0144218051
0.6849118248 1.7186025454 0.008953705399999999
0.6151813778 1.8781366636 0.016301669
0.6053343346 1.8296592588 0.0173531912
0.6219028948999999 2.3504676083 0.0150998688
0.5949665591 2.3874277956 0.0176717367
0.7186496399 2.1763251916 0.0048841327
0.7298243053 0.2054754463 0.0040957407
0.2034526012 2.4137451658 0.0386570885
0.1629384535 2.4403885882 0.0375166725
0.6216985983 1.7760086988 0.0157480403
0.2039161189 2.3673511092 0.0387932751
0.2560087244 2.3868565953 0.0386999684
0.6601675047 0.8634235342 0.012400826
0.6347333961 0.579092044 0.0155823237
0.6023478314 0.5411198185 0.0192346764
0.6408885107 1.2652431599 0.0142246294
0.6564303632 1.3144578676 0.0124559139
0.6615101837 1.6726104798 0.0115990509
0.6655044505 1.8795363411 0.0109992261
0.6650076704 2.3521403072 0.0106881699
0.6650398086 0.3945614964 0.0121952016
0.2015238588 2.4673212056 0.0384800429
0.153375493 2.4851136177 0.0369742108
0.6547239865 0.2004118855 0.0135922178
0.6129802207 0.2259253509 0.0184300842
0.5647657425 0.24523221 0.0236490025
0.6464910024 2.3096720122 0.0126540742
0.6135882866 2.4228866155 0.0158362834
0.1342331649 0.2827629304 0.0416645915
0.1450030347 0.1621595901 0.0427342052
0.1206875528 0.1308286469 0.0409288726
0.1573412399 0.1261222972 0.0435492985
0.1080529073 0.1670292538 0.0395690372
0.2132041151 0.1482593655 0.0451299078
0.2521850733 0.128566945 0.0450823919
0.2504411618 0.1737829241 0.04497846
0.394320322 2.4538861417 0.0332450992
0.4354323371 2.4675829266 0.0306215999
0.3943966336 2.4929374433 0.0331460515
0.602907349 2.2402841692 0.017093122
0.6313357864 2.1987209299 0.014312999
0.2969598263 2.4709558822 0.0375763626
0.3256020288 2.4303920514 0.0366952766
0.3489646012 2.470572027 0.0355862942
0.4795286223 2.5518504833 0.0272826136
0.4969747467 2.5182905102 0.0260011483
0.5186228966 2.5514270227 0.0241959991
0.3723245486 2.4116176161 0.0345753295
0.3192327627 2.3801368211 0.0370747522
0.3706414193 2.3560729607 0.0348040499
0.0800513518 1.7856465888 0.0322397479
0.618491486 0.624539445 0.0173616197
0.6331256508999999 0.9561944407 0.0153852031
0.5533288025999999 0.5492198645 0.024361428
0.5272273287 0.3993793283 0.0271847276
0.6205276901 2.2765612401 0.0153175942
0.5974703364 1.746059788 0.0182438684
0.5722131261 1.7868522138 0.0206573022
0.1514794068 1.8278337375 0.038645788
0.1972146342 1.8057659071 0.0402613586
0.3756663902 0.1241770773 0.0401020134
0.3752117314 0.1647499337 0.0400294544
0.3416548022 0.1419774128 0.0420087217
0.1573871352 0.3786185358 0.0428658558
0.1317894706 0.3322848227 0.0413481631
0.4198453735 0.2544970229 0.036747871
0.461929204 0.2421897114 0.0334222068
0.4580817216 0.2878773642 0.0336495403
0.1865740228 1.9418232566 0.0396559131
0.1814408164 1.9024794073 0.0396288303
0.1946896558 2.0216448476 0.0396111513
0.1413858318 1.8782356351 0.0379433212
0.1832948806 1.8575329879 0.0398049519
0.5258944428 1.714121454 0.0250425359
0.4839103584 1.7189632359 0.0285965159
0.500833911 2.0029448086 0.0266649153
0.0823649598 2.5234517024 0.0309077296
0.1087345677 2.4995866156 0.0338743271
0.5591034072 1.2878372985 0.0226562285
0.5105740702 1.2756767745 0.0271777536
0.5488694901 1.2426809072 0.0237102093
0.6187268567999999 1.3818016156 0.0164932248
0.5916452301 1.4485568486 0.0192102374
0.55770415 1.8774907371 0.0218900993
0.6483592245000001 0.4288675007 0.0141485398
0.5693473421 0.5052892936 0.0227910118
0.5259240667 0.4964330185 0.0271433429
0.552509589 2.3870587648 0.0215731053
0.5190905796 2.3591662778 0.0244983913
0.5694692245 2.3378617526 0.0201185191
0.2834928006 2.3434882299 0.0382939293
0.6090632469 1.6703763485 0.0171659341
0.5778423705 1.5478401538 0.0204501565
0.249261657 0.3409114113 0.0445239827
0.2404293014 0.3939237936 0.04445927
0.4758734012 2.4452054617 0.0277734257
0.5168249056000001 2.4175331784 0.0245829086
0.5183769008 2.4718185537 0.0243577413
0.1825708295 1.7015136696 0.0402176518
0.5843417702 0.9571853997000001 0.0206074468
0.5419649419 0.937480522 0.0248619241
0.5950976569 0.9151431920999999 0.019542495
0.453922643 1.265600069 0.0319081909
0.3983430213 1.2739320559 0.0358440442
0.4071193194 1.2267633677 0.0353804286
0.5711739681 1.4969374414 0.0211742997
0.5443032669 1.9356397576 0.0230253494
0.3133197634 2.2695454747 0.037589248
0.2740868776 2.2420878475 0.0387912344
0.3213044287 2.2240243845 0.0374147544
0.4324824367 0.3653042896 0.0355376448
0.4887784801 0.3548055165 0.0308544706
0.4742967023 0.398677001 0.0320425852
0.4123906304 0.3062276637 0.0371755573
0.2695546455 0.6586134587 0.0432942271
0.3181977811 0.6797706936 0.0416805004
0.2860867832 0.7090348133 0.0427381912
0.494879557 0.4464706128 0.0301286426
0.3269132464 2.3190807537 0.0369398714
0.4418812619 1.9125367612 0.0314033118
0.3969017492 1.9543069527 0.0342979732
0.3865635519 1.9087991379 0.0350280265
0.511378194 1.8476807254 0.0260674957
0.5592176845 1.8323298763 0.0218181038
0.5193669894 1.7648781983 0.0255272862
0.5591289875 1.7371310637 0.0219710954
0.1936085218 0.401844131 0.0441142951
0.2079760747 0.4457977842 0.0442374967
0.1600813042 0.4384476007 0.0428382658
0.4781130312 1.315659498 0.0298726529
0.3635048664 1.3730085428 0.037673326
0.4063495831 1.4008056563 0.0350200322
0.3568094541 1.4281474761 0.0378898152
0.5698029051 1.6323359549 0.0211114372
0.5588943114 1.6829097043 0.0220756296
0.5882071302 2.0050788245 0.0188181979
0.4293504681 0.4257311316 0.0356417547
0.5475926203 0.6010354108 0.02485334
0.5871157505 0.5905142772 0.0208090158
0.2198921238 1.8414401478 0.0404104628
0.3075207815 1.5178328969 0.039831318
0.5908902284000001 1.7080065232 0.0189471033
0.1736209698 0.4892225632 0.0432800566
0.1466573635 0.538412588 0.0418312491
0.1227142735 0.482566013 0.0402089313
0.09861612560000001 0.3103691281 0.0381261499
0.6180576093 1.340790154 0.0166097373
0.5826752079999999 1.3671196967 0.0202205109
0.5385629678 1.3825705365 0.0244539489
0.5679208051 1.3324324667 0.0217308093
0.5342096302 1.541492981 0.024589728
0.5197681414999999 1.4844035712 0.0259877355
0.5008821988 1.8981577336 0.0268578782
0.2918178346 2.0635132848 0.038844153
0.3221903046 2.1156289534 0.0376706096
0.2666242207 2.1053178514 0.0393195792
0.3971285422 0.4774283257 0.0378374089
0.44629049 0.4679527697 0.0342269833
0.2438960113 1.810885223 0.0404481261
0.2746194287 1.7747142346 0.0400789114
0.2837664607 1.7237161225 0.0400005143
0.2556669006 0.4445556771 0.0441470337
0.2888313823 0.4087730927 0.0434837096
0.309460468 0.4573640627 0.0426322932
0.289988811 0.3647958038 0.0435688956
0.2219069967 0.209825756 0.0450116696
0.2619072918 0.2163807684 0.0446808483
0.289640628 0.3230289256 0.0436945767
0.2640346118 0.2922478431 0.0444287096
0.2321420161 0.2529625106 0.0448952706
0.2815781019 0.2565646822 0.0441148
0.5826019693 1.4068990015 0.020173596
0.5478821063 1.4404832907 0.0234896095
0.561021134 1.5855848611 0.0220215344
0.3970009788 1.6552011227 0.0350123631
0.4393766787 1.6433747748 0.0321773014
0.4295529059 1.7009242903 0.03274819
0.4685289536 1.6758581524 0.0299091506
0.4394151424 1.9621052463 0.0314696602
0.1849819052 0.2269989025 0.0443820656
0.2827069498 0.152379874 0.0443711523
0.1498948053 0.2426381691 0.0428197853
0.4982804236 1.422359033 0.0279745096
0.4886312293 1.5372289778 0.0285660731
0.4754147527 1.4748335143 0.0297718173
0.4055451489 2.0677954816 0.0334914451
0.4623865042 2.0776624151 0.0295451554
0.4219568954 2.1233200509 0.0323031953
0.6714887552 2.1621784104 0.0101394398
0.361072534 1.8355349605 0.0366252541
0.3871427936 1.8014569414 0.0352570049
0.4080417363 1.8609121031 0.0338225591
0.3469052959 1.9435740296 0.0370522492
0.5584166576 2.1264081539 0.0214442591
0.5873103198 2.1668153666 0.0186891304
0.4920185499 1.9520889791 0.0274833902
0.4102357716 2.2474934638 0.0327721086
0.4215702077 2.2077799262 0.0321346021
0.4604942484 2.2271819641 0.0293719426
0.4776636712 2.0349558903 0.0284635088
0.459563972 1.9956624718 0.0299289039
0.7255641873999999 0.0879462191 0.0046947173
0.7251017404 0.1610496236 0.0047347418
0.5745190586 2.2825377521 0.0197327171
0.6054770153 2.3109413477 0.0167574813
0.5632188667 2.4354341967 0.020542151
0.6144279295 0.1775075715 0.0183216861
0.6182220574 0.1436955195 0.0179274905
0.6571342797 0.1537312998 0.0133410499
0.5779638427 0.2042867705 0.0223105871
0.5665416838 0.1698747592 0.0235735696
0.4660095332 0.1680371283 0.0332286314
0.481059478 0.2069964227 0.0318341599
0.4347579772 0.2056689738 0.0357172992
0.6959020924 2.5464306966 0.0072589792
0.2684856946 2.5113820544 0.0381524738
0.3135273367 2.5139565987 0.0369217219
0.4078050431 2.0067315633 0.0334933651
0.4400261876 2.0363324382 0.0312623481
0.4337807113 1.8243895674 0.0321738966
0.4616343388 1.8615030176 0.0300550006
0.5292295044000001 1.8071716225 0.0245871226
0.4807005845 1.8084980588 0.0286771102
0.368295081 0.4341328289 0.0397762081
0.3473110981 0.4813571741 0.040830418
0.3316152568 0.3343690153 0.0420014698
0.2966340033 0.1910647107 0.0438273136
0.4518937684 2.2804088578 0.0298849299
0.4783527871 2.3306983532 0.0278156997
0.4218799859 2.327259802 0.0318396282
0.5708994547 2.2059451782 0.0201778889
0.5455946428 2.2458248361 0.0224099003
0.499150973 2.2543156113 0.026328369
0.5095692318 2.201733242 0.0255740045
0.5284577595 2.3022396519 0.0238065102
0.4072582305 2.1723626324 0.0331363801
0.4589987641 2.1716428365 0.0295994316
0.3754876746 2.3108770707 0.0346580051
0.3703643477 2.2097478876 0.0351871654
0.5071592214 2.1469974039 0.0258740757
0.2822666092 2.4250839651 0.0380981488
0.2380604048 2.430073511 0.0387446845
0.2508346861 2.4678084571 0.0385358319
0.3605397008 2.5182232735 0.0349090878
0.3593488149 2.2657998006 0.0356138316
0.240165649 2.3495758744 0.0389594975
0.4065314971 2.2862464725 0.0329121056
0.3628274141 1.9902763958 0.0361396165
0.317466256 1.9819014605 0.0382116364
0.325197907 2.1743167484 0.0373946378
0.3675801096 2.1521132074 0.0354801624
0.611912695 2.4621339046 0.0159537514
0.6019007909 2.5015180832 0.0168686281
0.5700465315 2.5219211127 0.0197987003
0.5651047489 2.4807444487 0.0203049505
0.5318287192 0.2032071103 0.0270683714
0.5280420804 0.2684297246 0.0273299517
0.510784009 0.2367520635 0.0290473138
0.47461567 1.7646374618 0.0292488738
0.4334237044 1.7831562445 0.0322913883
0.3376033124 1.717296392 0.0380760699
0.3817568286 1.6984944145 0.0358271198
0.3927420185 1.7455757317 0.0350566108
0.4410898133 1.7431073522 0.0318332195
0.2350259665 1.927552652 0.0401722631
0.2259669237 1.8818009383 0.0403133099
0.2793761636 1.8946321842 0.0396367956
0.3266626061 1.8015072234 0.0383287611
0.3641706647 1.8716350867 0.0363708996
0.3153575599 1.8531143184 0.0386379335
0.2892357271 1.9435036214 0.0392470853
0.2854031002 1.8178911787 0.0396974405
0.2619444405 1.8522628079 0.0401079806
0.463414214 0.5356825729 0.032685011
0.4794402209 0.4948226494 0.0314033547
0.3780657233 0.5730402698 0.0388365379
0.3982811052 0.5296712300999999 0.0376341212
0.4295354241 0.5652795685000001 0.0353129942
0.3188283701 0.2896620666 0.0427000664
0.5439944145 2.1698460452 0.0226743046
0.2734842873 2.1919084363 0.0389434951
0.2487647928 2.3140097146 0.0389895773
0.2106886672 2.3212510366 0.0389983554
0.230090847 2.2701717618 0.0392196102
0.2786182664 2.2916777862 0.0385536098
0.3739253224 2.1073558369 0.0352521566
0.5121771937 2.0978624556 0.0255457304
0.4707196403 2.1223221061 0.0288222454
0.5499355129 2.0780861808 0.0222892677
0.3470738775 2.0723160305 0.0367094369
0.3698811145 0.2630522243 0.0401115671
0.3397536232 0.3816373413 0.0414788232
0.3904874566 0.3905419698 0.0384909391
0.3805982459 0.3458562705 0.0392406953
0.3845890959 0.2147951229 0.0393070714
0.3238395472 0.2528566691 0.0425779515
0.3382952906 0.2200380642 0.0419757032
0.3268644035 0.4206173124 0.0419942188
0.4335575668 0.5101012374 0.0351309148
0.2728254423 0.4852991621 0.0437031191
0.2256628644 0.4942057405 0.0442200133
0.4550440029 0.6140264837 0.0332083166
0.4109934987 0.6091232572 0.0365670624
0.3091404157 0.513408195 0.0424930572
0.3598735009 0.5214003634 0.0400428117
0.3354112954 0.5534172721 0.0412416001
0.5312300031 0.1609692685 0.0271990324
0.1735370129 2.1500842763 0.0387014368
0.2124373785 2.1151085101 0.0395929775
0.2173930209 2.1717133457 0.0394686603
0.3359508389 1.8961772207 0.0376791189
0.291144838 2.0146357804 0.0389977128
0.2644498097 1.9760139573 0.0397194918
0.3714290625 2.0357609213 0.0355676442
0.2174759512 1.9772181783 0.04001625
0.3999957354 0.7230706965 0.0370553281
0.3456157764 0.7214241729 0.040294628
0.3673817851 0.6753538147 0.0392216336
0.1125310403 2.2712482994 0.0347835667
0.2987207281 0.2259400428 0.043659441
0.2969943123 0.5620214025 0.0428005551
0.2617816965 0.5284644712 0.0438111334
0.2208425797 0.551226454 0.0440462776
0.2584526282 0.575548419 0.0437366147
0.2215703188 0.5965672411 0.0439215045
0.4674128824 0.65589902 0.0321020467
0.2490555097 2.1467426986 0.0394563636
0.2885264211 2.1468933402 0.0387061869
0.231683591 2.0660979916 0.0397916589
0.3305750126 2.0284260462 0.0375617777
0.2486728006 2.0216895283 0.0398115378
0.1311814465 2.125629984 0.0366302144
0.2910173318 0.6096053668 0.0428640275
0.3338781128 0.5949491161 0.0412055947
0.3714328736 0.6256611499 0.0391079614
0.4467229936 0.6954169806 0.0336987523
0.4585529556 0.7369404121000001 0.0326630656
0.5341970144 0.6860338824 0.0260250667
0.09369132989999999 2.1100351764 0.0332501668
0.1813898675 0.6899087444999999 0.0429886704
0.1584129294 0.6418396218 0.0422027706
0.2096024479 0.6440514797 0.0436994262
0.1787796343 0.5881010707 0.043187644
0.1876163037 0.5331779341 0.0436023658
0.234492364 0.6970936183999999 0.0436377959
0.2618038453 0.7539146739 0.0431807
0.2067383991 0.7364969382 0.0434054256
0.2512193987 0.619385578 0.0437185046
0.1318259833 0.5924604187 0.0406706683
0.416654823 0.6603107524 0.0360445705
0.3133243077 0.7499671216 0.0416900217
0.3864976821 0.8840873771 0.0375437649
0.4300113811 0.866055681 0.034599244
0.4131354853 0.9197394545000001 0.0356904698
0.4710458008 0.7882363943 0.0315266397
0.4220454651 0.7692078239 0.0354041241
0.4923548849 0.6926146926 0.0298825714
0.5083166901 0.7415279554 0.0283561111
0.3247044554 0.640047284 0.0415071686
0.4206480228 0.8140398298 0.0354023964
0.3655678873 0.7804361586 0.0390607817
0.5554889156 0.7296277172 0.0238657169
0.2267407697 0.7810997318 0.043413188
0.2696238363 0.817621852 0.0428499797
0.4671667876 0.83410959 0.0317547368
0.5209573857000001 0.8274645428 0.0270365962
0.1553331882 0.7357432281 0.0417911758
0.1308269066 0.6935068607 0.0403302459
0.1798066855 0.7784565098 0.0426935897
0.2118860676 0.8214373592999999 0.0432243881
0.1782082314 1.0499984235 0.0418904125
0.171663462 1.0109338298 0.0417693899
0.2296444914 1.0227662971 0.0427321824
0.3084199355 0.7887681884 0.0417749634
0.1624933043 0.8242060858 0.0419005901
0.1353699688 0.7853250599 0.0404272779
0.3786049619 0.8367908509999999 0.0381489197
0.5458184737 0.779076815 0.0247439159
0.4898152995 0.8736403222 0.0297555419
0.3258173762 0.8302724745 0.0409512912
0.5517765605 0.875604488 0.0240067559
0.6572625224999999 0.9118573671 0.0126968637
0.2419849621 0.8626307087 0.0431296016
0.2936748736 0.8745680306 0.0420531447
0.3458741972 0.8728961618 0.0398875068
0.258979129 0.9711389944 0.0426211068
0.2583228902 0.9126510473 0.042795297
0.3012077884 0.9359774881 0.0416354804
0.6095325767999999 0.8685825946 0.0180623884
0.5043636806 0.9793093882 0.0282741712
0.4896268912 0.9313487589 0.0296599216
0.555698082 0.9906144264 0.0234429547
0.448885678 0.9633610655 0.032948951
0.3925725309 0.9628772014 0.036965657
0.4680717452 1.0155884969 0.031306085
0.2053548121 0.9796041701 0.0427046984
0.2231557319 0.9408744341 0.0429572183
0.3094749954 0.9917590307 0.0411855217
0.2205463765 1.0733406282 0.0425751789
0.2742574221 1.0662773659 0.0420555455
0.2450311045 1.1132049139 0.0423994744
0.3186403095 1.0934210206 0.0405522391
0.3328402377 1.0472276735 0.0400599167
0.3606764425 1.0012746156 0.0387742358
0.3407232118 0.9630052223 0.0399085762
0.3846417343 1.0361669188 0.0372863189
0.3919435001 1.0769557094 0.0367290962
0.4545184921 0.908297453 0.0326238156
0.4161009861 1.0045597343 0.0352857132
0.4320779511 1.0506992897 0.0340311559
0.5231393907 1.0308266023 0.0264784012
0.1890139008 0.8639127329 0.0427165208
0.1805870702 0.938767292 0.0422737929
0.134859465 0.9389140132 0.0399873702
0.1641356503 0.9016250364 0.0417627262
0.1284406021 0.8975361787 0.0396137653
0.2109902901 0.9013861784 0.0429908393
0.2800020832 1.0208774076 0.0420419524
0.1943290903 1.1242953288 0.0421106287
0.2181074552 1.1616425014 0.0423145855
0.2717005586 1.2592126282 0.0415761932
0.2604270491 1.303507873 0.0416676486
0.2332739536 1.2770559227 0.0420091497
0.3609511694 1.1034284253 0.0384987417
0.3781723953 1.1476265274 0.0374033159
0.3298372647 1.1442807924 0.0399387212
0.4623549176 1.1430076778 0.0315037357
0.4237326454 1.1758707302 0.0343521039
0.4119206794 1.1265863706 0.035291046
0.2738340906 1.1594075665 0.0418064459
0.1254664062 1.2095178042 0.0385706182
0.1197204466 1.1681248158 0.0381942475
0.1666265548 1.1757957742 0.0411187434
0.480631475 1.0648267349 0.0301648341
0.5291762417 1.0816858219 0.0258313337
0.1288544663 0.9903408333 0.0394053486
0.1002783704 0.9565571905 0.0367613237
0.1610335746 0.9711429289 0.0414329414
0.541233577 1.1269551416 0.024622929
0.1033539581 1.1345392952 0.0366739415
0.1012688871 1.1014009456 0.0365233186
0.1449441739 1.1267293617 0.040155184
0.6214412545 1.1259021383 0.0164856514
0.5850786912 1.1534686717 0.0202671801
0.3707012707 1.1892681894 0.03773567
0.4433205523 1.0975240691 0.0330855602
0.4967131423 1.231319962 0.0284714108
0.6068600166 1.2983253677 0.0178359164
0.5088238163 1.1583418544 0.027547189
0.4946589228 1.1114257616 0.0288774594
0.3228552081 1.1888793718 0.0401222065
0.3146199188 1.3686071735 0.0399716189
0.32693095 1.4016276245 0.039382006
0.281456522 1.3944900179 0.0409705523
0.3514802922 1.2365156422 0.0386590294
0.2898226285 1.2149563184 0.0412358209
0.4516014186 1.216284479 0.0321933859
0.3470472009 1.2862273523 0.0387541558
0.4312849408 1.3165114505 0.0334916954
0.4558917998 1.3716109747 0.0315298394
0.4078195393 1.3562236996 0.0350281277
0.5244636911 1.3252910114 0.0258447191
0.2494346158 1.4304023328 0.0414637095
0.2002148939 1.2116772521 0.0419762114
0.3312137929 1.3327728892 0.0393779293
0.4985853091 1.3640407328 0.0280587422
0.3118284472 1.2580171309 0.0403766641
0.3008666191 1.3001772314 0.0406538237
0.3791453186 1.3200800281 0.0369175028
0.2366323572 1.233958659 0.0421178182
0.1929306767 1.2701464501 0.0416737665
0.273560003 1.345245498 0.0412960893
0.1480315824 1.363181549 0.0397044983
0.172767764 1.3228143045 0.0409515124
0.1938805914 1.365631779 0.0414271194
0.3117743996 1.755899281 0.0390330922
0.4011605069 1.4453055551 0.0352521609
0.2139083297 1.4641494398 0.0414349643
0.228183419 1.5069658322 0.0413696806
0.1952565164 1.4182904305 0.0413077631
0.2363712371 1.3811239388 0.0417048195
0.1825798768 1.5068811783 0.0407576643
0.1621610223 1.4585388237 0.0401565068
0.298695348 1.5629054996 0.0400077883
0.2614732787 1.5353828725 0.0410018397
0.4343127807 1.4672480067 0.0329350373
0.4006621326 1.4920629671 0.0351723876
0.2147381654 1.5577964256 0.0411780176
0.2203388235 1.3245517958 0.0418671701
0.1363353543 1.4149934164 0.0388400285
0.3322358914 1.5900620867 0.0386515946
0.1606312653 1.2331028073 0.0407013678
0.4143066494 1.6003104917 0.0340230736
0.4656303947 1.5926767954 0.0303079686
0.1359882351 1.6145675509 0.038292668
0.1370664661 1.5687597177 0.0384849611
0.1762077926 1.5978741804 0.0403113169
0.2395102804 1.6966321777 0.0408005256
0.2132374255 1.6619399153 0.0408734059
0.3133953366 1.635595997 0.0392980934
0.3617546704 1.6225643135 0.0371324145
0.3468708661 1.6678867281 0.0377708224
0.2961854318 1.6799090254 0.0397669287
0.3661131096 1.4691205035 0.037287004
0.0944673061 1.6264249847 0.0344803099
0.3763564669 1.5805886522 0.0364321002
0.3515720842 1.7651771418 0.0372884622
0.4428025194 1.5097667501 0.0322209904
0.444018497 1.5546148543 0.0320329373
0.2896600261 1.6050864124 0.0401669161
0.4486818167 1.426203836 0.0319639075
0.0649273757 2.0146326289 0.0293831791
0.06387690510000001 2.212111885 0.0287983049
0.0269294992 0.07042762380000001 0.023178895
0.0532923467 0.07045048750000001 0.0309519088
0.0388658987 0.09190205329999999 0.0271387919
0.6508304864 2.5984360749 0.0119512704
0.6339347835 2.6264469734 0.0136183288
0.614441178 2.6099201595 0.0155388059
0.06325246380000001 1.9132700407 0.0292981576
0.0574624006 1.8758031497 0.0283000788
0.06588456769999999 2.4946332904 0.0285570902
0.0380743199 0.0531135861 0.0269695808
0.0153118829 0.8095445818 0.017088396
0.0102558616 0.8339552085 0.014142017
0.0358698735 0.2880647118 0.0258990134
0.0137078594 0.2835896409 0.0168123757
0.0262101687 0.2570461713 0.0226273506
0.0135838581 0.7099139211 0.0162712261
0.0099360939 0.7344637182 0.0140259708
0.0343988259 1.2195074676 0.0239253422
0.0137409647 1.2163647923 0.0158111032
0.0274183784 1.1909570687 0.0217044704
0.0618550785 2.6466441819 0.0275739304
0.0535822227 2.6186370038 0.026117142
0.0750808535 2.6196311589 0.029701477
0.076368033 0.0532101602 0.0355321477
0.0619802205 0.0318843876 0.0329204614
0.0811475304 0.0307680649 0.0363564641
0.047425616 0.3365176643 0.0290287279
0.0252505663 0.3431578479 0.0221306146
0.0320933352 0.317085796 0.0246384821
0.0451118465 0.548591197 0.0280504727
0.0224572471 0.5628104046 0.0206967137
0.0293509249 0.5335207016 0.0233630462
0.0487307908 0.6462710085 0.0287705127
0.028586179 0.6626767945000001 0.0228981353
0.0307558908 0.6320721444 0.0236936961
0.0264044821 0.7652314141 0.0219581842
0.0222394501 0.7473267911 0.0203560652
0.0439263055 0.7476354464 0.0273844322
0.0281621581 0.867585093 0.0224418474
0.0229803102 0.8474122132 0.0205224319
0.0451726475 0.8446342807 0.0275282977
0.0267192824 0.9638731632999999 0.0217851992
0.0231819293 0.9463467840000001 0.0204681282
0.0477900732 0.9476769758 0.0279833535
0.031755498 1.0681132551 0.0233440122
0.0241988131 1.0468994304 0.0207274284
0.0490536971 1.0463739194 0.0280989155
0.0291077983 1.1629790455 0.0223274741
0.0239816533 1.1440275169 0.0205099331
0.0488485182 1.1431950657 0.0278707388
0.0265124805 1.2779964163 0.0212584879
0.0237444733 1.2633023882 0.0202555734
0.0491634344 1.2661617742 0.0277147851
0.0262109733 1.3781902321 0.0210081819
0.0219844014 1.361514349 0.0194349051
0.0493935828 1.3667247433 0.0275802232
0.0128157773 1.461346249 0.0150533283
0.0283922064 1.4467731777 0.021665502
0.0305202656 1.4799229065 0.0223155104
0.0387530255 0.1210067248 0.0270550446
0.0238395887 0.1086840121 0.0219007969
0.0430478723 0.1467721428 0.0282307277
0.0647797194 0.1254148278 0.0332840556
0.08101325030000001 2.6656973858 0.0304134898
0.0596199652 2.6704450718 0.0271374927
0.0261754826 1.5761962147 0.0207156315
0.0232119487 1.5601566388 0.019651331
0.0444415262 1.5588786305 0.0260658427
0.5413038776 0.0729505984 0.026334994
0.5269324715 0.0527045897 0.0278090631
0.5525279125 0.0516021558 0.0252175829
0.6099658927 0.0259127437 0.0190042047
0.2324820857 0.055980552 0.0454489709
0.2097513584 0.0498613145 0.0453712643
0.2166008077 0.0333771605 0.0454804639
0.0134624425 1.6596777277 0.0151982676
0.0311757888 1.6435399161 0.0222747458
0.0305617577 1.6798455545 0.0220269047
0.5359427311 2.6470918583 0.0225868871
0.5535450285 2.66567872 0.0210470208
0.528029554 2.6721724712 0.0232072623
0.0497722116 1.7556899868 0.0269422811
0.0268882654 1.7712161819 0.0206873843
0.0270724235 1.7434159394 0.0207896777
0.2413403361 0.0277178085 0.04548242
0.0570495176 2.2689950035 0.0274526585
0.0332201126 2.2936375503 0.0218917969
0.0323791491 2.263051353 0.0216958688
0.0272987984 2.1961152992 0.02022473
0.0236315748 2.1773766358 0.0189887998
0.0533244425 2.1790815898 0.0268968776
0.0137475862 2.0764039229 0.0149190079
0.0318034056 2.0600783869 0.0218340892
0.0309127495 2.0956157529 0.0215117761
0.0268930144 1.993382205 0.0203752765
0.0228527178 1.9767112727 0.0189656766
0.0517503865 1.9817378454 0.0269452608
0.2585630349 2.6487048956 0.0379311309
0.2788146527 2.6663971351 0.0375097242
0.2536985883 2.6725635847 0.0379282099
0.45142581 0.0528885844 0.0347041666
0.4326273566 0.0355488955 0.0362647626
0.4575728902 0.0281143387 0.0342408517
0.045345271 0.4482569181 0.0282936162
0.0467574648 0.475595073 0.0286028397
0.0253959185 0.4652128307 0.0220110161
0.0807492419 0.4516204581 0.0353396007
0.0630200303 1.0784852999 0.0309645736
0.1278013465 1.037423624 0.0392008959
0.08134287079999999 1.2650304227 0.0335916857
0.06742395499999999 1.2967590905 0.0313090793
0.0322704372 1.3262845102 0.0231048632
0.046607826 1.3098266218 0.0270360633
0.0603482631 1.3360405007 0.0299311971
0.6813822497000001 2.7 0.008717817500000001
0.6872632255 2.6749260438 0.0081125439
0.7010324556 2.7 0.0066254761
0.3584134704 0.0547036564 0.0413174767
0.3443068378 0.0333788523 0.0421530955
0.3745609262 0.0350180648 0.0403936914
0.0439802825 0.9736620563 0.0269934392
0.073872534 0.936169198 0.0331715352
0.0693561244 0.9789210481 0.0323186543
0.06426003349999999 1.0157665476 0.0313261621
0.0396011626 1.0001010299 0.0257852993
0.0472988325 0.77206134 0.0281890723
0.0715189068 0.7500588003999999 0.0331825677
0.0697044589 0.8190172179 0.0327210146
0.0408368665 0.8010911994 0.0264678578
0.0714493303 0.7817893954 0.0331020874
0.044137659 0.5742655436 0.0277514044
0.0728355072 0.5527724543 0.0338353909
0.0597862761 0.6200685966 0.031267581
0.0383707569 0.6028050424 0.0261162581
0.066992386 0.5886275487 0.0327260076
0.07468948340000001 0.2485477266 0.034816995
0.0789540804 0.2220085465 0.0355764945
0.1118124431 0.2371315499 0.0397928127
0.090826847 0.2742768335 0.0372070848
0.3551511534 2.6500280455 0.0348320587
0.3768150504 2.6617773929 0.0337105486
0.3531074143 2.6693210788 0.0348786832
0.0540344435 1.460192255 0.0284168663
0.0558683396 1.4949213141 0.0287288062
0.0495274844 2.427434632 0.0256524603
0.0488082352 2.461637634 0.0254382046
0.027998946 2.4515990993 0.0200900555
0.0730016601 2.4410866125 0.0297816432
0.036879875 2.4884019896 0.0225861878
0.0498858578 1.6612029041 0.0271427703
0.0583694913 1.6928762994 0.0288362834
0.0298779175 0.42628827 0.0237117918
0.058278749 0.4245490982 0.0313507718
0.5905244111 0.042274042 0.0211632631
0.5754597674 0.0548110282 0.0227888402
0.5682641976 0.0299084456 0.0235955541
0.0588327945 2.3063943099 0.02771236
0.0513097804 2.0776673668 0.0266732124
0.0591829845 2.1077427315 0.0281692333
0.0330680963 1.8990381671 0.0224569049
0.0370133275 1.9296522658 0.0235246035
0.5239872088 2.7 0.0234931957
0.5042898667 2.7 0.0250816208
0.5046482845 2.6794794177 0.025091456
0.2657764277 0.0197622935 0.0451540843
0.1469520784 2.6142008732 0.0363058361
0.0611495314 2.048159695 0.0286485544
0.0369745522 2.029763833 0.0233513596
0.4566915715 2.6554295217 0.0287408106
0.4411139934 2.6410074054 0.0298521283
0.4656530699 2.6247483416 0.0281623835
0.463397048 2.5985528763 0.0283806216
0.4373748622 2.6051898702 0.030183985
0.4227995778 2.6326832839 0.0310786682
0.6631920773 2.6572515528 0.0106391382
0.6348743555 2.654550016 0.0134972467
0.6559561404000001 2.6290662655 0.011403221
0.271131938 0.08987778909999999 0.044841755
0.2382232415 0.0898353969 0.0453290475
0.0534285371 0.2043091452 0.0307214702
0.0271261407 0.1906276389 0.0230737126
0.0432652871 0.1750043619 0.0282391011
0.3173531251 0.0466322406 0.0434154379
0.3054678808 0.0797067538 0.0438098661
0.2920833769 0.0611230845 0.0443360155
0.6085908822 2.6629377556 0.0160366437
0.593015799 2.6814550153 0.01747591
0.5800630766 2.6639668464 0.0186888214
0.5830488953 2.7 0.0183674538
0.6027260764 2.7 0.0165461832
0.674655416 2.5738224356 0.009509579299999999
0.6833175191999999 2.6069807623 0.0085730201
0.7011460094999999 2.5844882691 0.0066699284
0.5539823399 0.1309741264 0.024943674
0.1009624789 0.3484555501 0.0383164621
0.693176865 2.651377153 0.0074956122
0.6772077104000001 2.6343650623 0.0091997715
0.7013310262 2.6283748183 0.0066283081
0.0077723077 2.6628805167 0.0109639924
0.4179847661 2.5548430601 0.0315648642
0.4461100213 2.5693756847 0.029666982
0.410808348 2.5827435697 0.0319481522
0.37396546 2.5626529525 0.0341095697
0.3630258341 0.0862434604 0.0409680361
0.3365036885 0.062453322 0.0424794298
0.085678506 0.146115195 0.0367790698
0.0105004574 0.1563852406 0.0149690726
0.007235002 0.1698064829 0.0125375668
0.0098615834 0.336283359 0.0143576076
0.008265203400000001 0.4737620617 0.0130827602
0.0093890538 0.5510471184 0.0138258252
0.0115342834 0.6503381374 0.0151328747
0.009892688300000001 1.1556065027 0.0136039626
0.0131748714 1.1732381606 0.0155487557
0.009374750899999999 1.9022050068 0.0126094314
0.016996523 2.3922620427 0.0161059971
0.0421997492 2.6676668872 0.0236044539
0.108921146 0.7482214401 0.0382181029
0.440002138 0.130825837 0.0354673705
0.421961648 0.0948930647 0.0369550345
0.4468622044 0.096638918 0.0349864755
0.2865545586 0.1136483892 0.0443654752
0.0866123389 2.554210835 0.0313771141
0.6328916173 0.1207350187 0.0162545384
0.6417604139999999 0.0904694975 0.0152386697
0.6614524293 0.1137408524 0.0128496353
0.6931700362 0.148597033 0.00888122
0.6989193401 0.081388209 0.008182585399999999
0.6913615001 0.1137101362 0.009130275199999999
0.6716702020999999 0.0824181652 0.011618498
0.1087446149 0.541284527 0.038713474
0.0302324016 0.2283196466 0.024142838
0.0503590713 0.2372464856 0.029936386
0.0113943834 0.2295982573 0.0154780457
0.0064887639 0.047766923 0.0120039451
0.467333998 0.074143152 0.0333082209
0.4667593352 0.1070040062 0.0332901655
0.0530843209 1.1720590949 0.0287683939
0.535627444 2.5149719208 0.0228344115
0.551691144 2.5540549312 0.0213834575
0.5396101621 2.5866769149 0.0223755522
0.0153180018 0.6095589065 0.0173215672
0.0150623814 1.0077052624 0.016734669
0.0236510137 0.1435139948 0.021773734
0.009028772399999999 0.06441769040000001 0.0140278921
0.0213731485 0.0472465885 0.020934429
0.0220185484 0.0277063728 0.0212441921
0.0396376242 0.0325993191 0.0274689853
0.4925205798 2.6050405528 0.0261831361
0.4942956041 2.6322898179 0.0259928782
0.0142639951 0.5121200436 0.0168670856
0.0140057974 0.9082064276 0.0162866779
0.0143342641 1.1065761615 0.0162452697
0.0141981738 2.5476436397 0.01466429
0.0352452559 2.5725056371 0.0220198844
0.0151303885 2.5646940094 0.0150845904
0.0389679775 2.5504589411 0.0230190884
0.0423705928 1.7895925789 0.0251514447
0.3703576647 2.6334309969 0.0341203125
0.031201129 1.8545230588 0.0219626299
0.0510546935 1.8445803312 0.0270549255
0.7367725049 0.0567322057 0.0031969059
0.7125080671 0.0529661515 0.0064318615
0.028257461 2.4120564813 0.0202277616
0.0463012449 2.3927616153 0.0250174351
0.3581985236 2.6020091489 0.0348092322
0.334089789 2.5802982755 0.035953058
0.3382757841 2.5460987513 0.0358662417
0.7208390927 0.1259098121 0.0053093939
0.0147199811 1.5236460146 0.0159904394
0.1156233252 0.8250177954 0.0386907518
0.5195922804000001 2.6030125013 0.024024837
0.5162703782 2.626861568 0.0242540379
0.323722015 2.6105984979 0.0362869874
0.0155624951 2.4970826886 0.0153533266
0.0354356773 2.5107981995 0.0221679572
0.6885025439 0.059516672 0.009524292300000001
0.0148937335 1.72116272 0.0158638796
0.09220129990000001 0.6131381046 0.0365911199
0.584052258 0.0198634272 0.0219042964
0.5317052909 0.0340526705 0.0273662753
0.1177751994 0.641780002 0.0393563491
0.2000125783 0.0187694392 0.0453156668
0.0940243212 0.0167610136 0.0382467025
0.0153890625 2.1386537954 0.0156543963
0.0144745073 2.3350624034 0.0150130453
0.4078771538 0.1191697885 0.0379399808
0.3922551811 0.0966005774 0.0390859969
0.4060493313 0.1467810344 0.0380058961
0.0899679993 1.4355837117 0.0343738714
0.0629001275 1.4300669746 0.0302210246
0.06845844750000001 1.3994173991 0.0312711929
0.1790489122 2.6655525236 0.0374503721
0.1939411292 2.6816135203 0.0377549901
0.1489867727 2.7 0.0361822916
0.2082415802 2.7 0.0379110934
0.1160133885 1.4593023766 0.0371278528
0.6252261249 2.5846964502 0.0145191329
0.5976823073999999 2.5822991351 0.0171670219
0.5692655749 2.6827223918 0.0196351956
0.0817569878 0.3750336368 0.0356676074
0.08949360319999999 0.409287825 0.0367077468
0.0616226902 0.3976802304 0.0320929934
0.7212199705 2.6438839602 0.0044352436
0.7404831073 2.6239533869 0.0022647102
0.7431282729000001 2.6467459297 0.0019579802
0.0809853878 2.2813807929 0.0312645859
0.0450833767 2.6381093942 0.0243135877
0.0352891366 2.6519509313 0.0219071585
0.0307944808 2.6298292008 0.0206843101
0.1095606624 2.7 0.033456961
0.1090276248 2.6718863303 0.0334778762
0.1362956658 2.6642742864 0.035562864
0.0508512347 2.7 0.0254248299
0.0925321865 2.6841469013 0.0317753151
0.0465668653 2.6851303789 0.0245566838
0.0352409322 2.6095259191 0.0219607137
0.0701025329 2.5960788355 0.0290144794
0.0472531961 2.5916801181 0.0248713015
0.0259752003 2.5924315684 0.0192419074
0.0603636939 1.6305194743 0.0293416675
0.0737615811 1.5949687056 0.0317204025
0.6920927182 0.1871292463 0.008996270400000001
0.0209285775 0.09082881800000001 0.0206777644
0.008569892399999999 0.1059992383 0.0136473032
0.4946392833 0.1149361648 0.0307835929
0.472266822 0.1339832189 0.0327562357
0.5007628813 0.1766669111 0.0300993414
0.5001919069 0.1439969343 0.0302138104
0.3108077706 2.5592143353 0.0368937259
0.2477635673 2.7 0.0379150502
0.289760951 2.6845415883 0.0371916344
0.0241837787 0.1660603056 0.0219597998
0.051497859 2.2410601719 0.0264073573
0.4211466664 0.0164754626 0.0371965983
0.3070323928 2.7 0.0366378647
0.0994172816 1.0681624767 0.0363925604
0.0544442336 0.047786716 0.031261478
0.0606222187 0.1547946783 0.0323880072
0.4037615708 0.0285408678 0.0384490625
0.6029436692 0.1171605779 0.0196877913
0.6139098613 0.0940807288 0.0184759668
0.5121730356 0.0983329211 0.0291657217
0.5246282707 0.1264403876 0.027908762
0.1260251518 0.07125766880000001 0.0415570409
0.1429727045 0.0456131194 0.0429123988
0.1496168997 0.0753084555 0.0432536001
0.0541443838 0.2698985068 0.0307561228
0.1641341191 0.0531872298 0.0440830251
0.1184963181 0.0451553543 0.0409422758
0.1000656796 0.0685394659 0.0388893876
0.08543903160000001 1.1900809797 0.034340519
0.0512781767 1.2010189299 0.028315596
0.3605640974 0.0165921456 0.0412897848
0.4932463882 2.6583717344 0.0260240856
0.5129464765 2.6526626452 0.0244771
0.4845874189 2.7 0.0266054006
0.0913168795 1.5002032628 0.0343933757
0.0601154043 1.5286842844 0.0294990348
0.3365764498 0.0135313361 0.0426043405
0.2221420455 2.6102372986 0.0382551044
0.2207797034 2.6373030529 0.0381744551
0.1996670575 2.6303593471 0.0379958855
0.2064669197 2.6585743422 0.0380081025
0.4057259776 2.7 0.0319800531
0.3662637478 2.7 0.0341608192
0.2778496818 0.0406775815 0.0448126802
0.2562941404 0.0441302431 0.045258762
0.0639967645 2.5439472164 0.0281436942
0.06357199650000001 2.5695681662 0.0280204662
0.08147265350000001 1.840663487 0.0323165014
0.1035863955 2.1512000778 0.034226039
0.3465248518 2.7 0.0351009785
0.3405811291 2.6831771437 0.0354067509
0.6704236964 0.0236164782 0.0118155264
0.0726338579 1.7336125245 0.0312436399
0.7409093772999999 0.1106509815 0.002626114
0.6100717796 0.0518084019 0.0189618142
0.7238098731 2.5403955887 0.0041779925
0.03232878 0.3614497497 0.0246459482
0.0368768746 0.4034473964 0.0260129508
0.053092612 1.8157747476 0.027539218
0.0207684555 1.8143379927 0.0183662281
0.0099896725 2.4087635658 0.0125581076
0.0452563044 2.3623906166 0.0248364722
0.0204901125 2.3728525362 0.0175648743
0.6139739797 2.558777475 0.0156425408
0.645432779 2.5641079786 0.0125288461
0.0618807925 1.9518332747 0.028974617
0.0699494828 2.1462867594 0.0299387779
0.5625415559 2.641594486 0.0202938609
0.5862227212 2.6265612898 0.018176018
0.5905276315 2.6469862213 0.0177513799
0.0123585046 2.6288572586 0.0136714582
0.2835848373 2.5527603226 0.0377128626
0.249064128 2.5510546935 0.0383207558
0.2414869115 2.6303883093 0.0381611184
0.2341398942 2.6579901023 0.038119147
0.5957780255 0.0713670322 0.0205440517
0.5851045812 0.0944411455 0.0216888609
0.5676779403 0.0743837711 0.023593107
0.6233399124 0.07059400959999999 0.0174186453
0.34357238 0.1834375682 0.0418009019
0.2275448091 2.5099938363 0.0385456618
0.0784006845 2.366937251 0.0307203437
0.6122840611 2.6377396564 0.0157138447
0.4099095925 2.6121569364 0.0319341778
0.3862846664 2.5945027444 0.0333607586
0.386579735 2.6183568411 0.0332857045
0.4893694696 0.0878491604 0.0313193043
0.4905751449 0.06255143019999999 0.031257965
0.5140795206 0.0717485157 0.029030445
0.5048837932 0.0410849688 0.0299648196
0.3182145546 2.6359276322 0.0364249644
0.2927197335 2.622856827 0.0372810815
0.3195484656 0.107622527 0.0431565607
0.3082401573 0.1332164842 0.043557347
0.0636723872 0.3045542742 0.032692537
0.5863975592 2.6040029023 0.0181901609
0.4451671724 2.7 0.0294466268
0.4579515212 2.6795845492 0.0286002254
0.4648798701 2.7 0.0280617414
0.09625505149999999 0.5796572382 0.037187361
0.0253139246 0.2104677226 0.0223475104
0.0108777584 0.2048694308 0.0151698641
0.1233414853 2.4577395059 0.0352056003
0.0334081662 0.8264380533 0.0242507464
0.3171630991 0.0216644892 0.0434906419
0.07621415619999999 0.07729560150000001 0.0354527842
0.059374201 0.09854657 0.0322420903
0.0853623016 0.0984235503 0.0368428508
0.4417898169 0.075385246 0.0354454156
0.4767029196 0.0428940484 0.0325493566
0.2101212739 0.0951417728 0.0452481294
0.2063343481 0.0702553902 0.0452711996
0.2534165318 0.0689685825 0.0452323406
0.2996764657 2.5918841457 0.0371640057
0.2695286496 2.590485472 0.0379124253
0.0733334145 0.3408583824 0.0343835612
0.6678796956 0.0514155244 0.0121097118
0.1947361863 2.6045471833 0.0379847315
0.1735691917 2.6236462378 0.0374001729
0.1574008068 2.6453490133 0.0367272936
0.5400990509 2.620739485 0.0222777703
0.562173144 2.6118891154 0.0203711102
0.1669947874 1.3910423345 0.0405443912
0.3427054014 2.629935182 0.0354536405
0.3306833741 2.6586615349 0.0358850569
0.3990638519 2.6416574971 0.0325145056
0.419079895 2.6595153979 0.0312532904
0.2367351845 2.5809122717 0.0383264008
0.3024485845 2.652450918 0.0369134124
0.3056790413 2.6739747716 0.0367524688
0.0231967569 0.4444226442 0.0211650502
0.0103762167 0.4519426702 0.0145916903
0.0101413487 0.427289092 0.0144590948
0.08051057070000001 1.0438145232 0.0339675003
0.4758797449 2.5794151501 0.0275014251
0.5055778945 2.578065987 0.0252058064
0.1367978831 0.1012029119 0.0423329738
0.6470241410999999 0.0636017329 0.0146356954
0.1920375779 0.1186421865 0.0448696733
0.1775794474 0.149667642 0.0443610709
0.1825234913 0.1851975205 0.0444248467
0.058481296 1.2362801943 0.0297655257
0.2473922274 2.6063294863 0.038181727
0.2657449764 2.6232108213 0.0378894055
0.2806122351 2.6445726911 0.0375293445
0.1883191554 0.043509452 0.0449858065
0.0573608297 0.5232322559 0.0309588002
0.0552563346 0.7024816186 0.0301524069
0.0590266108 0.7274661153 0.0308956116
0.0325468368 0.7263155188 0.0241360554
0.0339790623 1.3465399082 0.0235962059
0.0927079658 1.3471990009 0.0349252898
0.07860577840000001 1.3709860477 0.0329524436
0.4773704616 2.6448444767 0.027257905
0.1017035262 0.917211925 0.0370193925
0.0977142706 0.0406504577 0.0386655692
0.010388058 2.4462960767 0.0127593521
0.0258335309 2.432361542 0.0194124169
0.5999284073 2.5333002755 0.0170165263
0.6329358056 2.5315867388 0.0138131556
0.0278610961 1.8746523396 0.0208670424
0.0114966434 1.8571810557 0.0139270228
0.0128516512 1.8818789678 0.0146495953
0.4333733744 0.1652693655 0.0359160107
0.4060159763 0.1807966199 0.0379278937
0.314974796 0.1626372519 0.0432047351
0.5820499193999999 2.5555922524 0.0186563268
0.5688600161 2.583334479 0.0198163529
0.5508051718 0.032665573 0.0254256323
0.0831583733 2.0751163524 0.0320192301
0.0194878913 0.4896329416 0.0195021251
0.6486642698 0.0367024223 0.0144629787
0.0320863158 1.5401091963 0.0227160631
0.5350644699 0.09902411780000001 0.026921125
0.0352344749 0.5058927412999999 0.0253410913
0.0316510093 0.7034524631 0.0238803239
0.0335747119 0.8964593262 0.0241908229
0.0293715166 0.9262822791999999 0.0227730209
0.0371173066 1.0973653617 0.0249227605
0.0285004267 1.1248659931 0.0221772854
0.0351722166 1.5129322702 0.0236822267
0.0390145451 1.7171401481 0.0244126726
0.1575743038 2.6685258314 0.0366723052
0.0381839205 2.1289640725 0.0235107257
0.0300987742 2.1580017176 0.0211698114
0.0956225709 2.6117076631 0.0322874474
0.2715591661 0.0618790665 0.044909704
0.0289202076 1.0267670034 0.022467524
0.1407565783 0.8615217324 0.0405959751
0.095586383 0.1978285849 0.0380173374
0.07159794229999999 0.176165702 0.0344414596
0.0327565474 1.9575590974 0.0222744101
0.7417924666 2.554290164 0.0021255205
0.2983093254 0.0376705238 0.0441880182
0.2895294708 0.0212586007 0.0445277571
0.0141607851 2.5810366748 0.0146128703
0.0074753177 0.1438515039 0.012756858
0.0083697661 0.3853725571 0.0132406736
0.0197647736 2.6115311775 0.0169950784
0.009183540400000001 2.596223336 0.0119179796
0.4737085577 2.6638165052 0.0274915554
0.4823160008 2.6787515887 0.026819008
0.2236773393 0.1159095754 0.045281534
0.1658911204 0.0979499046 0.0440403131
0.2455781588 1.1938097048 0.04216788
0.1435359935 2.5206163615 0.0363684838
0.0100106623 0.1854499282 0.0146076569
0.0679653205 1.1159352308 0.0317851557
0.0085219053 0.5692362001 0.0131883838
0.0102908946 0.6721062927 0.0143205231
0.0094124302 0.7620388142 0.0136456624
0.009851818700000001 0.8614386359 0.0138501454
0.009762319300000001 0.9604821551 0.0136983754
0.0106615204 1.0600832095 0.0141850308
0.0096276347 1.2769226948 0.0133203461
0.0093120075 1.3773404663 0.0130226605
0.0100758827 1.4796225912 0.0134253163
0.0097275678 1.5738831849 0.0131197145
0.0102134373 1.6782645815 0.0133315262
0.0095221621 1.7773834279 0.0128104428
0.0169785211 1.7949936994 0.0167711698
0.009744034 1.9928343659 0.0127641055
0.0104606931 2.0950220668 0.0131086143
0.4034668779 0.0705872748 0.0383702392
0.0098474737 2.1919813695 0.0126569267
0.2160583311 0.178861819 0.0450671421
0.0110597417 2.2928238307 0.0132780521
0.0121001636 2.4253032452 0.0137259932
0.5586621939 0.09762372229999999 0.0245083313
0.0081977874 0.0313735709 0.0134314518
0.479265117 1.1869406581 0.0300353086
0.5173182281000001 0.9040105894 0.0272380117
0.5030391455 0.3079064681 0.0296426185
0.0336857253 1.6138150184 0.0230854564
0.7245919393 1.7238559853 0.0043346507
0.7253446779 1.824491934 0.0042151306
0.3133182756 1.9199876815 0.0385332563
0.7252971905 1.6243268273 0.0042795716
0.725425057 1.9239895134 0.0041764519
0.188502479 2.5762618075 0.0379373416
0.2123203983 2.5846450641 0.0382726772
0.1189233256 2.6044931278 0.0344894186
0.0869982185 0.5139707008 0.036116658
0.3649801781 0.305313741 0.0402975534
0.0154220663 0.4052698295 0.0176139672
0.0099209364 0.0827497303 0.0146471244
0.3592777481 0.9246132779 0.0390466533
0.510501347 0.7845830039 0.0280779605
0.2887126324 1.1171618878 0.0415375026
0.1399458595 0.2013850107 0.0422920133
0.4894845475 2.2922690874 0.0270267079
0.4926026065 0.2692902061 0.0306744315
0.4556781241 0.3267581303 0.0337669821
0.4493290243 2.3564867538 0.0299038942
0.07871387000000001 0.4844487667 0.0349487354
0.6289133963 0.0444002307 0.016797939
0.008112027799999999 1.1867780533 0.0123533973
0.07918832269999999 1.1530917821 0.0335251314
0.0854652806 2.6391918017 0.0310423396
0.0374004779 2.3282972373 0.0229804428
0.1198100863 0.4268220868 0.0400913735
0.1755653703 0.0705186132 0.0445082035
0.0329738826 1.2458556831 0.0234492862
0.1185671668 0.3778364292 0.0401012551
0.0263253997 2.2428012716 0.0198369829
0.0338171062 2.2216017475 0.0221731647
0.011876475 0.3155771276 0.0156907172
0.0248400558 0.3838439814 0.0219110632
0.0138928632 0.363685471 0.0168274389
0.0305817938 2.470068602 0.020856459
0.008586840599999999 2.4642345358 0.0116474061
0.0167067404 2.4771485689 0.0158857021
0.016115753 1.0842946825 0.0171787781
0.0160140091 0.9854566376 0.0172425974
0.6223981086 2.7 0.0146701184
0.6259763927999999 2.6794105103 0.0143448571
0.6420648865 2.7 0.0127397493
0.6462795663999999 2.6781219806 0.0123389842
0.116141625 1.530080767 0.0369611619
0.0985708459 1.5649879387 0.0351017812
0.0162081393 1.500928458 0.0167467174
0.0176221265 2.3144057775 0.0164637787
0.0170210271 1.7000581179 0.0168993954
0.0152377706 0.8855708422 0.0169633361
0.0170723271 2.1164657944 0.0164481768
0.0154843704 2.5185945619 0.0152950253
0.0160917567 0.7870362998 0.0175124228
0.0041245437 0.358085338 0.0094466675
0.1520576793 0.0184178229 0.0435505219
0.1317977062 0.0241107389 0.0421554267
0.0883311777 0.7141908519 0.0358366
0.0745940767 0.6812708734 0.0338481948
0.1062389795 1.5952218269 0.0358518634
0.3226057336 2.6819288015 0.0361385802
0.3267809745 2.7 0.035929998
0.0932867002 1.2306760585 0.035271552
0.0150405255 0.1267326825 0.017735586
0.0120463877 1.3167792977 0.0147662544
0.0065135568 0.5917625642 0.0115828612
0.0200562473 0.5851636291 0.019634673
0.0122246483 0.6313155838 0.0155710546
0.0303414935 1.4151226192 0.0223560016
0.0131830698 1.4209139522 0.0152953569
0.0167501178 2.6470923133 0.01571877
0.0230951038 2.6674645757 0.0181616317
0.0140636189 1.6192876363 0.0155535435
0.0149145007 2.0359609602 0.0155374817
0.1368637616 1.0797174349 0.0397577632
0.006792373 0.6897954386 0.0117386749
0.0208830266 0.6872514316 0.0198634499
0.0127120892 2.2307988957 0.0142334077
0.03959857 1.391124774 0.0251181688
0.0142653858 1.3970313867 0.015894391
0.078343907 1.4722888859 0.0326885135
0.1223873371 1.2558114925 0.0381989132
0.0101760597 1.4416504015 0.013522948
0.0115732396 0.5328475678 0.0152771146
0.1646887477 0.0336216592 0.0441621628
0.006818706 1.236039121 0.0113310317
0.0133842322 1.3405189439 0.0154878714
0.0147105508 1.9376954828 0.0155423175
0.0108529807 1.6400092962 0.0137548591
0.0111963452 2.0567782107 0.0135700579
0.0432815564 1.585843407 0.0257329963
0.0152519478 1.5952824871 0.0161775125
0.0678497627 1.5622902568 0.0308240346
0.0115279037 1.9587305198 0.0138492259
0.006351269 0.3023032911 0.0116741358
0.0203813972 0.3007704495 0.0201526355
0.0117220513 2.2554129678 0.0136803035
0.095028371 1.0138483348 0.0359999599
0.0381335648 0.6846190343 0.0259085614
0.09834331540000001 1.4017360832 0.0354671575
0.0431333028 2.2019616962 0.0246230929
0.0394783159 2.0057067093 0.0240512312
0.0152327444 2.0126409703 0.0157153153
0.0040903038 1.7621133117 0.0085463107
0.0739220171 2.4064296226 0.0299925341
0.4254492237 2.7 0.0307545836
0.412852565 2.6821142786 0.0315890448
0.4362420104 2.6743598422 0.0301057573
0.1123182656 0.0209602983 0.0403879068
0.1344628003 2.6397061174 0.0355117245
0.0041635701 1.8716608654 0.0085579739
0.0785605543 0.6468640073 0.0345607803
0.0534512361 0.6701481124000001 0.0298188468
0.0398601378 1.2890656395 0.0253621411
0.0284204152 1.3069862411 0.0218806052
0.0184609091 1.294777885 0.0180299321
0.4028906916 2.5294012841 0.0325561555
0.6617263083 2.7 0.0107555655
0.0131147421 2.7 0.0139869471
0.0033142773 0.4421694623 0.0084453488
0.4269847013 0.0628417464 0.0366435179
0.2360932369 2.6818123501 0.0380451073
0.2167690937 2.6794815093 0.0380370121
0.0055686071 1.2971846501 0.0102366842
0.5958021896 0.0121526088 0.0206166092
0.3488095004 0.1118373717 0.0417080167
0.0118754202 2.2107955881 0.0138056948
0.4754918432 0.0183856332 0.0327062697
0.4952115974 0.0203696282 0.0309110247
0.0038156 0.1230344527 0.009250499000000001
0.0045590013 1.0769428139 0.0094335549
0.0045590206 1.4942920228 0.0091704443
0.2280025565 2.7 0.0380107605
0.0047400034 1.6929181528 0.0092214433
0.6309163728 0.0194348167 0.0165889825
0.0048901063 2.1097368365 0.009106687800000001
0.0044908465 0.9777744542 0.009428796099999999
0.0051192248 2.3081442459 0.0091898034
0.5874561731 0.1439602327 0.0213660975
0.1498510008 1.284736892 0.0400166288
0.0066713229 2.6126146406 0.0102288513
0.0867942901 1.5349593581 0.0337317982
0.0671144556 0.8480687237 0.0321998347
0.048834151 0.8687645394 0.0283789069
0.1744250409 1.5547217282 0.0403707549
0.0991638592 2.6535232567 0.032564602
0.1189816049 2.6522962393 0.0343735182
0.1091080966 2.6322192211 0.0335826593
0.4135576213 0.0485495352 0.0376910932
0.3932094731 0.0483593294 0.0391378566
0.0122153427 1.0331690563 0.0151502755
0.6742979239 2.6878752843 0.0094670534
0.6643399818 2.6785595762 0.010504426
0.004337105 0.8786332734 0.0093344268
0.0043758351 0.7794860534 0.0094391388
0.6102214758 2.6861051895 0.0158542011
0.0072534795 0.2692689553 0.0124673142
0.0033913493 0.2133866494 0.008680629699999999
0.0120820444 1.1314167177 0.0149729547
0.1336276093 1.4937580379 0.038446946
0.3002541107 0.0105972452 0.0441921642
0.6504766349 0.0165707381 0.0142624017
0.1271860533 1.3283913299 0.0384001837
0.1069538255 1.2938140254 0.0366657073
0.0131588916 1.7557853437 0.0149395737
0.0127640252 1.548227076 0.0149367862
0.0200873176 1.2336480405 0.0188164706
0.0123924884 1.2519253013 0.015029495
0.062086114 2.3390773934 0.0282307551
0.3987048772 2.6662300618 0.032476464
0.1138143924 1.3732102283 0.0371420906
0.0511180241 0.3714422106 0.0298602195
0.0151263217 1.8359874572 0.0158540988
0.0078263124 1.201499859 0.0121317457
0.1774173764 0.0191287901 0.0447168455
0.0130265515 2.1616978082 0.0144646589
0.0118284528 0.93364532 0.0150235688
0.0051926287 1.0207742199 0.0100849476
0.3780513782 0.0607926929 0.0401085026
0.0049214468 0.6226503247 0.0101001179
0.0049047001 0.9214804014 0.009877765300000001
0.0055137582 2.1518239427 0.0096223935
0.0050220525 1.1198672342 0.009856641100000001
0.0052699799 1.5368147669 0.0098081186
0.0086808995 1.7376359624 0.0122927957
0.009320333599999999 2.3531730458 0.0121988324
0.1882631126 0.0896148418 0.0448557533
0.1012765954 2.3926061905 0.0334072126
0.1002716462 2.4289804832 0.0332160839
0.008401497399999999 2.5327211541 0.0114750345
0.0274196802 2.531993882 0.0197931405
0.0063425771 0.2460231961 0.0117119701
0.4746210547 2.4887138292 0.0277795317
0.4345427761 2.5025624871 0.0306032893
0.0870557699 1.3210708772 0.0342587519
0.0045946258 0.5241938528 0.0098375471
0.0059664703 2.5097728368 0.009762121299999999
0.4523537577 2.5292353272 0.0293173591
0.1005361886 1.7189455949 0.0349499309
0.1750978399 1.0899206028 0.0416757138
0.0508075451 0.9173727596 0.0287469306
0.0755629741 0.901711257 0.0335206411
0.0743120073 0.8720135481 0.0333836168
0.1026214849 0.8808079881999999 0.0372114297
0.0549377135 0.8900533771 0.0297158109
0.4719178722 2.6896414585 0.0275708145
0.0517628049 1.605546687 0.027656438
0.0039435145 1.5600869325 0.008509755799999999
0.00629332 1.3601676691 0.0108118368
0.3332627946 0.0866044556 0.0425763659
0.0063094499 1.9763126915 0.0103868621
0.0064547035 2.1760994474 0.010362532
0.0036727424 0.9452524579 0.008571028600000001
0.0058469888 2.2744121084 0.009818206100000001
0.0186209833 2.2760007301 0.0169293364
0.0038789248 1.0445724259 0.0087417578
0.0044970078 1.8406635696 0.0089016758
0.0307434598 0.7824809908 0.0234561975
0.0037655389 1.2626648944 0.0084893187
0.1832269275 2.6465307594 0.0376159255
0.1105633812 0.0969067301 0.040013432
0.5772093492 0.1169045427 0.022513428
0.0326620503 1.8318221048 0.0224403475
0.004084081 0.4109526625 0.009366740300000001
0.0028506117 0.0921423133 0.0080486142
0.0980155813 0.7932389895 0.0368895638
0.09172211 0.120816646 0.0376909927
0.0300174601 0.9816616195 0.0229073755
0.687845691 2.4512129362 0.008184152
0.0962483601 0.8500269627 0.0365398227
0.0037897171 2.4341645895 0.007883180599999999
0.5483075431 1.1679178319 0.0238825425
0.5293282361 1.2026750406 0.0256107046
0.0912075905 2.4674072078 0.0321271184
0.0257867283 2.3514318311 0.0195069467
0.149390442 1.5289735384 0.0393362301
0.0448565749 1.0228964751 0.0271268378
0.052181316 2.5244158655 0.026017509
0.0044303463 1.7927247836 0.008865657000000001
0.1153825629 1.8513293998 0.0360860009
0.1094010945 1.8165829008 0.0356201268
0.6360665308 2.4973217192 0.0135349154
0.6655161526 2.543924615 0.0104870064
0.0491370968 1.4111443139 0.0274393684
0.0442037166 1.4350790557 0.0262273577
0.06825252449999999 2.4672356692 0.028995658
0.0975970617 0.9860612563 0.0363766503
0.383708218 0.07772959209999999 0.0397012196
0.0170279214 1.9178935056 0.0166533673
0.3250168887 0.9036382732 0.0407909315
0.0993707628 0.6750971634 0.037335762
0.0569492405 0.4984681912 0.0309206121
0.0278554675 2.6844082413 0.0197177006
0.008298034100000001 0.2575746652 0.0133020605
0.0316368083 2.7 0.0208245567
0.1270996978 2.6232380009 0.0350581469
0.0446883979 1.1205569064 0.0269091922
0.0036928362 1.1426553025 0.008478183800000001
0.070277115 1.2137483733 0.0319745695
0.0465926574 2.1534333873 0.0255097346
0.7104254325 2.7039610296 -0.0039616084
0.7010342088 2.706621403 -0
0.0131224403 2.713977334 0
0.6617293116 2.7107466139 -0
0.6813846319 2.7087115578 -0
0.7206776944 2.7044748064 -0
0.6420683557 2.7127269604 -0
0.6224020340999999 2.7146532454 -0
0.7403147659 2.7022703003 -0
0.08992182880000001 2.7313669951 0
0.08549227399999999 2.7218203564 -0.0218117156
0.07033347819999999 2.7287704727 -0
0.4702501571 2.7193016135 -0.0197656695
0.4648870906 2.7280027769 -0
0.4845942224 2.7265523199 -0
0.247777641 2.7378085273 0
0.227749607 2.7354705677 -0.013400329
0.2280174788 2.7379038895 -0
0.2277711108 2.713395148 -0.0355390649
0.1950687618 2.7142038653 -0.034911811
0.2082573496 2.7378050129 -0
0.193741139 2.734757986 -0.0143630547
0.1884995032 2.7374888324 -0
0.2801997639 2.7141882768 -0.0345519822
0.2675361989 2.7375386628 0
0.2872919736 2.737110787 -0
0.2802061249 2.7344875201 -0.0141964438
0.3183216698 2.7119963993 -0.034179042
0.3070440851 2.7365380411 -0
0.32679196 2.7358339108 0
0.318327843 2.7341134682 -0.0120026274
0.1394439337 2.7265435017 -0.023698135
0.1490047682 2.7360866794 -0
0.157174449 2.7338038432 -0.0137255992
0.1687472055 2.7369269413 -0
0.1547792559 2.7143606816 -0.0334784761
0.1812367786 2.7259546626 -0.0268395728
0.1973369842 2.7266211459 -0.0266690051
0.263032389 2.714303849 -0.0348657711
0.2745631609 2.726449503 -0.0264802553
0.2944461686 2.7261065325 -0.0261371166
0.2567021242 2.7266646341 -0.0266948501
0.2630386621 2.7348004221 -0.0143115796
0.3058155327 2.7161187953 -0.0329004562
0.3179267543 2.7255734175 -0.0256028811
0.3411544496 2.7249226043 -0.0249502883
0.3317512847 2.7138613316 -0.0328999342
0.3058202683 2.7328440976 -0.0161298307
0.3317563153 2.7328415787 -0.0138694463
0.2215682227 2.7268101301 -0.0268136875
0.2379558068 2.7267871632 -0.0268153039
0.2469899462 2.7160643606 -0.0343063766
0.2469914334 2.7342459219 -0.016072692
0.161670801 2.7264627276 -0.025400829
0.1698700513 2.716142072 -0.0333228596
0.1756519456 2.7343583821 -0.0141718637
0.0435498394 2.7170379942 -0.016655871
0.0508674318 2.725381317 0
0.031650007 2.7207973911 0
0.5496691634999999 2.7150502517 -0.0150737237
0.5436850877 2.7218069037 0
0.5633719183 2.7201028538 -0
0.0997573372 2.7130063948 -0.0297711721
0.1123276528 2.7238051511 -0.0237630418
0.0997679428 2.7297359272 -0.0129899262
0.1095793659 2.7333764337 -0
0.3638063125 2.7241822778 -0.0242055421
0.3752229304 2.7309794273 -0.0130781023
0.3850146704 2.7234169022 -0.02340417
0.3860065952 2.7330356252 0
0.366273453 2.7340738047 0
0.3752218472 2.7130830278 -0.0310260624
0.5735326656 2.7136635797 -0.0134957821
0.5830537021 2.7183417373 -0
0.5931642663 2.7124029479 -0.0122297613
0.6027304489999999 2.7165249955 -0
0.3541609417 2.7136177926 -0.0319379182
0.3541652693 2.7318835243 -0.0136244803
0.3465351718 2.735009173 0
0.1292789285 2.7349223473 0
0.1229906317 2.7317484803 -0.013466006
0.1239408139 2.7140124004 -0.0316373195
0.1813801753 2.7119371821 -0.035436905
0.2943015842 2.7119386726 -0.0350200089
0.2943085159 2.7349508616 -0.0119447098
0.6127823485 2.7111039569 -0.0109255746
0.1393374649 2.7122809412 -0.0334437887
0.1357470541 2.7336647755 -0.0107981093
0.2097867573 2.7187697653 -0.032896216
0.2095717558 2.7328792082 -0.0187155184
0.4488050409 2.7114315223 -0.0268433856
0.4254573437 2.7306839235 -0
0.4451748243 2.7293817392 -0
0.4336176299 2.7223310624 -0.0202817839
0.519555923 2.7087761412 -0.0221706546
0.4998444787 2.7114615705 -0.0226799327
0.5091924305 2.7202191642 -0.0141050127
0.4908348108 2.7226352647 -0.0129660472
0.4863839452 2.7144995303 -0.0221086772
0.5313039341 2.7159597992 -0.0163602614
0.5222280415 2.7222934975 -0.007752202
0.06605795740000001 2.7200276488 -0.0197343917
0.5042962715 2.7250343761 -0
0.5239932238 2.7234517339 -0
0.0571377038 2.7103055006 -0.0245410129
0.0257458134 2.7137073191 -0.0131555706
0.0572069644 2.7247123525 -0.0098474606
0.4505073092 2.7226820029 -0.018110844
0.4044227691 2.7226961169 -0.0225551098
0.4171603915 2.712839253 -0.0284951625
0.4170449107 2.7286698174 -0.0123709736
0.4057345819 2.7319036579 0
0.4576827189 2.7266104682 -0.0102722106
0.3954164148 2.7124451249 -0.0300884854
0.3954022747 2.7300916973 -0.0123273546
0.4186417797 2.7223032826 -0.0217164442
0.7104254368 2.7039610059 0.0039616314
0.3353047636 2.725097367 0.0251254892
0.1041161065 2.7232379474 0.0232700176
0.4931824855 2.7182598802 0.0183800631
0.2277371532 2.7354738186 0.0133917074
0.2277557863 2.713393615 0.0355396476
0.1938666874 2.7348015569 0.0142632393
0.1938595619 2.7142540631 0.0348672097
0.2810884891 2.7145567897 0.0343746753
0.2812077953 2.7345758343 0.0139182909
0.1198934099 2.7131887015 0.0316596398
0.11990176 2.7316042634 0.0132020565
0.35321235 2.7316929445 0.0141716353
0.3663392893 2.7241102 0.0240991138
0.3532118143 2.7141713641 0.0317427387
0.3184603765 2.7139328009 0.0334240327
0.318481671 2.7333663773 0.0139330572
0.1448510259 2.7253634579 0.0253940904
0.1582524281 2.7338042915 0.0138484353
0.1582434414 2.7138380873 0.0338665545
0.1817854896 2.7263939768 0.026426558
0.1972441738 2.7266275937 0.0266603526
0.2929600934 2.7262656486 0.0260354984
0.2737727914 2.7270693496 0.0258673407
0.2563450745 2.7268402746 0.0265242866
0.2631515854 2.7145474226 0.0347618106
0.2999268288 2.7339965582 0.0140187082
0.3128485994 2.7257094197 0.0257198023
0.2998438996 2.7141028725 0.0340233382
0.2214506938 2.7267969182 0.0268264067
0.2378492555 2.7268018722 0.0268012796
0.2468857156 2.7342877978 0.0159853798
0.2469735455 2.7160984224 0.0342904218
0.1637823272 2.7259811344 0.026013496
0.1759503599 2.7343971536 0.0141012766
0.1759419978 2.7140913721 0.034461485
0.0433820614 2.7167277548 0.0169144649
0.5735326656 2.7136635797 0.0134957821
0.1350873497 2.7133731901 0.0327386608
0.1257104323 2.7245153648 0.0245468183
0.1350965898 2.7326804024 0.0133838669
0.5931642663 2.7124029479 0.0122297613
0.3515689896 2.724598209 0.0246170612
0.262869659 2.7349796826 0.0138745525
0.6127823485 2.7111039569 0.0109255746
0.2095203685 2.7328768471 0.0187186761
0.2095216548 2.7186996173 0.0329335797
0.5460563073 2.707923318 0.0201270242
0.5327661447000001 2.711447415 0.0196552348
0.4565286978 2.7246331573 0.0145415554
0.4352978037 2.7214604117 0.0210451098
0.4526355488 2.7117783716 0.0264009567
0.5201079503 2.7130014628 0.0199191316
0.5109662387 2.7209074154 0.0127947647
0.509042182 2.7107444752 0.0222261567
0.4725658656 2.7131326569 0.0241347438
0.4762522907 2.7227053542 0.0149446232
0.4216133679 2.7114307719 0.028792283
0.4360172753 2.7111364245 0.0279033006
0.4224431844 2.7288351622 0.0110665812
0.4395543703 2.7281839547 0.0095879177
0.5476433656 2.7175974771 0.0123056846
0.5278744418 2.7205288587 0.0106749054
0.0854114693 2.7280409009 0.0128338363
0.0732379075 2.7206504306 0.0206628502
0.08541188130000001 2.7127096734 0.0281357139
0.4103565239 2.7224916987 0.0222546159
0.0262264732 2.713070649 0.0140046937
0.4415063213 2.7039696691 0.0294230735
0.0590439914 2.7242974818 0.0116182183
0.3865712155 2.7234130702 0.0232864101
0.3968638859 2.7128868432 0.0298093919
0.3968585794 2.7298397812 0.012713308
0.0590873469 2.7140830782 0.0229855019
0.3761045953 2.7128947146 0.0310550621
0.3760928345 2.7310512896 0.0127868446
0.0884616698 2.7219801974 0.0221586065
$EndNodes
$Elements
1 7568 1 7568
2 0 2 7568
1 1 2 3 
2 4 5 6 
3 7 4 8 
4 9 7 10 
5 5 11 12 
6 9 13 14 
7 14 13 15 
8 8 4 6 
9 9 10 13 
10 10 7 8 
11 6 5 12 
12 15 16 14 
13 17 18 19 
14 20 21 19 
15 22 23 24 
16 25 26 27 
17 28 29 30 
18 31 32 33 
19 34 35 36 
20 37 38 39 
21 40 41 42 
22 43 44 45 
23 46 47 48 
24 49 50 51 
25 52 53 54 
26 55 56 57 
27 58 59 60 
28 61 62 63 
29 64 65 56 
30 66 67 68 
31 69 70 71 
32 72 73 61 
33 72 74 73 
34 75 76 28 
35 75 77 76 
36 78 79 80 
37 78 80 37 
38 81 82 83 
39 81 83 52 
40 84 85 86 
41 71 87 86 
42 88 89 90 
43 88 90 43 
44 91 92 25 
45 93 26 94 
46 91 95 92 
47 96 97 46 
48 96 98 97 
49 99 25 27 
50 31 24 95 
51 100 101 22 
52 80 35 94 
53 34 102 93 
54 92 23 94 
55 30 103 28 
56 33 77 104 
57 97 105 75 
58 36 79 40 
59 39 106 37 
60 107 108 109 
61 110 109 108 
62 107 111 112 
63 113 112 111 
64 114 46 48 
65 58 115 98 
66 116 43 45 
67 49 42 89 
68 117 118 119 
69 55 119 118 
70 55 118 56 
71 64 120 121 
72 117 121 120 
73 64 56 120 
74 122 123 124 
75 125 124 123 
76 122 126 123 
77 125 123 126 
78 107 127 84 
79 128 84 127 
80 107 112 127 
81 128 127 112 
82 107 129 108 
83 130 108 129 
84 107 84 129 
85 130 129 84 
86 81 131 86 
87 82 132 51 
88 67 132 86 
89 69 131 54 
90 117 133 72 
91 117 119 133 
92 134 133 119 
93 117 135 121 
94 136 121 135 
95 117 72 135 
96 60 74 134 
97 63 136 61 
98 46 62 96 
99 96 73 98 
100 134 74 133 
101 72 133 74 
102 136 135 61 
103 72 61 135 
104 91 25 29 
105 28 76 29 
106 76 32 29 
107 91 32 95 
108 91 29 32 
109 77 32 76 
110 94 38 80 
111 94 101 38 
112 137 138 139 
113 107 109 140 
114 107 140 111 
115 138 141 142 
116 143 139 138 
117 125 137 144 
118 139 145 137 
119 146 147 143 
120 146 143 148 
121 146 149 147 
122 150 147 149 
123 77 105 104 
124 77 75 105 
125 98 105 97 
126 111 140 113 
127 109 151 140 
128 19 140 151 
129 109 110 151 
130 144 137 145 
131 139 143 147 
132 19 18 140 
133 113 140 18 
134 110 20 151 
135 19 151 20 
136 77 33 32 
137 95 32 31 
138 25 99 29 
139 99 30 29 
140 114 63 62 
141 46 114 62 
142 61 73 62 
143 73 96 62 
144 79 41 40 
145 89 42 41 
146 89 41 90 
147 106 45 44 
148 37 106 44 
149 43 90 44 
150 82 50 83 
151 82 51 50 
152 89 50 49 
153 52 83 53 
154 43 116 53 
155 116 54 53 
156 46 97 47 
157 28 103 47 
158 103 48 47 
159 98 152 105 
160 104 105 152 
161 98 115 152 
162 104 152 115 
163 143 138 153 
164 142 153 138 
165 153 154 143 
166 154 148 143 
167 147 150 139 
168 145 139 150 
169 148 17 146 
170 19 146 17 
171 19 21 146 
172 149 146 21 
173 56 118 120 
174 117 120 118 
175 100 39 38 
176 101 100 38 
177 37 80 38 
178 93 35 34 
179 79 36 35 
180 93 94 35 
181 79 35 80 
182 1 155 65 
183 56 65 155 
184 1 3 155 
185 126 141 125 
186 137 125 141 
187 126 142 141 
188 137 141 138 
189 3 57 155 
190 56 155 57 
191 92 94 26 
192 25 92 26 
193 93 102 26 
194 102 27 26 
195 98 59 58 
196 74 60 59 
197 98 73 59 
198 74 59 73 
199 95 23 92 
200 101 94 23 
201 95 24 23 
202 101 23 22 
203 81 86 132 
204 82 81 132 
205 67 66 132 
206 66 51 132 
207 71 131 69 
208 52 54 131 
209 71 86 131 
210 52 131 81 
211 68 85 128 
212 84 128 85 
213 68 67 85 
214 67 86 85 
215 70 87 71 
216 84 86 87 
217 70 130 87 
218 84 87 130 
219 89 88 50 
220 83 50 88 
221 97 75 47 
222 28 47 75 
223 43 156 88 
224 83 88 156 
225 43 53 156 
226 83 156 53 
227 90 41 78 
228 79 78 41 
229 124 157 122 
230 11 122 157 
231 124 12 157 
232 11 157 12 
233 37 158 78 
234 90 78 158 
235 37 44 158 
236 90 158 44 
237 2 1 159 
238 160 11 5 
239 160 5 161 
240 161 5 4 
241 4 162 161 
242 7 163 162 
243 162 4 7 
244 9 164 163 
245 7 9 163 
246 14 16 165 
247 14 164 9 
248 165 164 14 
249 121 166 64 
250 167 166 168 
251 168 166 169 
252 121 169 166 
253 148 170 17 
254 171 170 172 
255 173 174 175 
256 102 176 27 
257 177 178 179 
258 99 180 30 
259 34 36 181 
260 182 183 184 
261 185 186 42 
262 187 188 189 
263 190 191 192 
264 103 193 48 
265 49 51 194 
266 195 196 197 
267 64 198 65 
268 114 199 63 
269 200 201 202 
270 167 203 198 
271 64 166 198 
272 167 198 166 
273 204 205 206 
274 204 206 207 
275 112 208 128 
276 112 207 208 
277 209 210 68 
278 66 68 210 
279 211 212 213 
280 121 214 169 
281 121 136 214 
282 168 169 215 
283 168 215 216 
284 217 218 202 
285 217 199 218 
286 219 220 177 
287 219 221 220 
288 209 222 210 
289 223 224 222 
290 209 225 222 
291 212 226 222 
292 223 227 194 
293 223 196 227 
294 228 229 230 
295 228 230 185 
296 231 232 175 
297 233 234 232 
298 231 176 232 
299 176 235 232 
300 236 237 190 
301 236 238 237 
302 99 27 176 
303 239 175 174 
304 182 240 183 
305 182 173 240 
306 34 181 241 
307 34 241 102 
308 175 232 234 
309 173 175 234 
310 233 240 234 
311 173 234 240 
312 102 235 176 
313 233 232 235 
314 102 241 235 
315 233 235 241 
316 179 242 177 
317 30 243 103 
318 184 183 187 
319 36 40 181 
320 200 244 192 
321 238 245 48 
322 229 246 189 
323 196 246 227 
324 228 247 227 
325 49 247 42 
326 203 159 248 
327 65 198 248 
328 203 248 198 
329 159 1 248 
330 65 248 1 
331 249 250 251 
332 122 251 250 
333 249 126 250 
334 122 250 126 
335 211 226 212 
336 223 222 226 
337 197 226 211 
338 66 210 224 
339 210 222 224 
340 223 226 196 
341 197 196 226 
342 51 66 224 
343 223 194 224 
344 51 224 194 
345 169 252 215 
346 217 215 252 
347 169 214 252 
348 206 253 254 
349 207 206 254 
350 209 255 254 
351 207 254 208 
352 63 214 136 
353 63 199 214 
354 217 214 199 
355 201 216 215 
356 217 202 215 
357 201 215 202 
358 190 244 236 
359 202 218 256 
360 218 257 256 
361 199 257 218 
362 236 256 257 
363 257 245 236 
364 217 252 214 
365 231 258 176 
366 231 259 258 
367 243 258 220 
368 220 258 259 
369 177 220 259 
370 231 175 259 
371 183 260 261 
372 233 262 260 
373 183 240 260 
374 233 260 240 
375 181 262 241 
376 233 241 262 
377 181 261 262 
378 261 260 262 
379 205 253 206 
380 209 254 253 
381 205 213 253 
382 263 264 265 
383 113 18 266 
384 267 265 264 
385 204 263 265 
386 268 269 270 
387 271 270 269 
388 153 272 154 
389 273 154 272 
390 274 272 275 
391 274 275 276 
392 273 272 269 
393 274 269 272 
394 272 153 275 
395 126 275 142 
396 277 263 207 
397 204 207 263 
398 277 264 263 
399 175 178 259 
400 177 259 178 
401 175 239 178 
402 239 179 178 
403 176 180 99 
404 243 30 180 
405 176 258 180 
406 243 180 258 
407 112 278 207 
408 277 207 278 
409 277 278 266 
410 266 278 113 
411 112 113 278 
412 170 268 172 
413 170 273 268 
414 270 172 268 
415 238 193 237 
416 238 48 193 
417 243 193 103 
418 242 192 191 
419 177 242 191 
420 190 237 191 
421 40 42 186 
422 181 40 186 
423 185 230 186 
424 183 188 187 
425 229 189 188 
426 229 188 230 
427 264 279 280 
428 267 264 280 
429 170 171 280 
430 267 280 171 
431 277 279 264 
432 277 266 279 
433 269 274 271 
434 276 271 274 
435 269 268 273 
436 170 148 273 
437 154 273 148 
438 142 275 153 
439 170 280 279 
440 18 281 266 
441 18 17 281 
442 170 281 17 
443 170 279 281 
444 266 281 279 
445 114 48 245 
446 199 114 245 
447 238 236 245 
448 199 245 257 
449 256 236 244 
450 202 256 244 
451 190 192 244 
452 202 244 200 
453 213 225 253 
454 209 253 225 
455 213 212 225 
456 212 222 225 
457 185 247 228 
458 194 227 247 
459 185 42 247 
460 194 247 49 
461 228 227 246 
462 229 228 246 
463 196 195 246 
464 195 189 246 
465 237 221 219 
466 177 191 219 
467 237 219 191 
468 243 220 221 
469 237 193 221 
470 243 221 193 
471 251 282 160 
472 11 160 282 
473 251 122 282 
474 11 282 122 
475 230 283 186 
476 181 186 283 
477 230 284 283 
478 181 283 261 
479 183 284 188 
480 230 188 284 
481 183 261 284 
482 261 283 284 
483 249 285 126 
484 275 126 285 
485 249 276 285 
486 275 285 276 
487 128 255 68 
488 209 68 255 
489 128 208 255 
490 208 254 255 
491 286 287 2 
492 288 289 290 
493 291 292 293 
494 294 295 296 
495 297 104 298 
496 299 300 301 
497 8 302 10 
498 303 304 305 
499 306 307 308 
500 309 310 311 
501 312 313 292 
502 314 315 316 
503 317 318 319 
504 320 321 45 
505 322 323 324 
506 130 325 326 
507 327 328 329 
508 330 331 69 
509 332 333 334 
510 335 336 337 
511 338 339 150 
512 340 341 342 
513 343 344 345 
514 346 347 39 
515 348 349 22 
516 350 351 352 
517 353 354 355 
518 356 15 13 
519 306 357 358 
520 359 16 15 
521 360 361 362 
522 363 364 304 
523 365 366 367 
524 368 369 370 
525 371 359 356 
526 15 356 359 
527 336 335 372 
528 317 319 373 
529 374 375 376 
530 377 378 379 
531 380 381 382 
532 383 384 385 
533 386 387 388 
534 362 305 389 
535 390 391 392 
536 393 394 395 
537 396 397 398 
538 399 400 33 
539 401 402 403 
540 404 405 406 
541 407 408 296 
542 409 303 410 
543 411 404 412 
544 413 414 415 
545 416 415 417 
546 417 418 419 
547 415 418 417 
548 420 421 422 
549 423 308 307 
550 424 425 426 
551 427 428 429 
552 421 420 430 
553 431 290 289 
554 432 433 434 
555 373 435 301 
556 436 437 438 
557 439 440 441 
558 442 328 327 
559 443 444 395 
560 445 446 447 
561 448 358 449 
562 450 451 452 
563 294 453 454 
564 455 362 389 
565 456 457 458 
566 408 459 460 
567 341 461 342 
568 462 463 429 
569 366 464 367 
570 465 466 467 
571 468 469 470 
572 314 471 472 
573 315 473 316 
574 474 406 405 
575 475 476 477 
576 363 478 288 
577 479 292 291 
578 313 312 480 
579 299 481 337 
580 482 483 484 
581 485 393 486 
582 393 487 394 
583 488 411 489 
584 489 490 450 
585 491 492 493 
586 469 446 470 
587 494 495 496 
588 497 498 499 
589 454 476 475 
590 478 500 289 
591 303 409 334 
592 369 501 370 
593 502 332 503 
594 504 505 506 
595 360 455 507 
596 508 509 510 
597 511 289 433 
598 312 512 480 
599 513 319 514 
600 481 515 335 
601 435 436 329 
602 441 516 439 
603 517 518 442 
604 437 436 435 
605 514 318 519 
606 520 444 521 
607 522 335 518 
608 393 523 487 
609 524 308 525 
610 526 527 528 
611 529 530 531 
612 490 532 451 
613 533 345 412 
614 534 295 294 
615 295 535 296 
616 428 493 462 
617 536 537 538 
618 539 540 541 
619 542 543 544 
620 545 546 547 
621 548 549 550 
622 551 552 553 
623 548 445 549 
624 554 555 447 
625 556 447 446 
626 557 558 559 
627 343 560 344 
628 561 562 563 
629 357 551 564 
630 565 566 567 
631 525 423 568 
632 477 342 569 
633 476 454 340 
634 340 342 476 
635 342 477 476 
636 570 341 340 
637 571 572 570 
638 431 573 290 
639 500 433 289 
640 389 305 364 
641 362 361 410 
642 368 292 313 
643 574 293 501 
644 293 292 370 
645 292 368 370 
646 519 512 514 
647 292 479 312 
648 372 575 336 
649 515 518 335 
650 317 373 300 
651 319 513 437 
652 440 395 394 
653 443 395 439 
654 395 440 439 
655 568 523 525 
656 395 486 393 
657 405 404 488 
658 576 577 578 
659 578 533 412 
660 353 355 579 
661 407 535 452 
662 532 580 451 
663 332 434 333 
664 581 582 583 
665 584 585 583 
666 584 586 585 
667 465 467 587 
668 588 589 590 
669 591 592 593 
670 594 409 410 
671 595 596 597 
672 307 306 448 
673 308 524 552 
674 341 570 598 
675 460 296 408 
676 451 580 408 
677 579 599 529 
678 600 601 602 
679 361 603 604 
680 536 563 365 
681 605 537 606 
682 357 552 551 
683 607 608 609 
684 578 406 610 
685 599 610 529 
686 579 355 599 
687 611 612 613 
688 614 549 615 
689 616 617 618 
690 619 620 621 
691 622 623 598 
692 624 625 626 
693 601 592 627 
694 573 501 369 
695 509 508 628 
696 293 370 501 
697 501 431 629 
698 501 573 431 
699 431 511 629 
700 500 434 433 
701 478 363 304 
702 289 288 478 
703 304 500 478 
704 334 304 303 
705 410 303 362 
706 304 364 305 
707 362 303 305 
708 410 361 604 
709 462 493 630 
710 362 455 360 
711 360 631 603 
712 630 631 462 
713 492 604 603 
714 632 311 479 
715 291 510 633 
716 575 516 441 
717 634 521 635 
718 443 439 516 
719 516 372 636 
720 516 575 372 
721 372 522 636 
722 515 442 518 
723 481 299 301 
724 335 337 481 
725 301 515 481 
726 329 301 435 
727 437 435 319 
728 301 300 373 
729 319 435 373 
730 513 309 437 
731 512 312 479 
732 519 480 512 
733 319 318 514 
734 512 310 514 
735 345 411 412 
736 578 412 406 
737 411 488 404 
738 406 412 404 
739 532 560 580 
740 490 489 411 
741 451 450 490 
742 411 532 490 
743 564 358 357 
744 552 357 308 
745 358 448 306 
746 308 357 306 
747 524 496 552 
748 485 637 393 
749 568 487 523 
750 308 423 525 
751 523 494 525 
752 451 407 452 
753 638 459 639 
754 296 535 407 
755 451 408 407 
756 640 600 641 
757 577 533 578 
758 447 642 554 
759 643 644 645 
760 578 610 576 
761 646 647 648 
762 649 650 651 
763 652 653 654 
764 655 656 657 
765 655 622 656 
766 658 659 660 
767 661 662 663 
768 431 289 511 
769 664 629 511 
770 304 333 500 
771 434 500 333 
772 333 304 334 
773 334 409 332 
774 502 434 332 
775 410 604 594 
776 360 603 361 
777 372 335 522 
778 665 636 522 
779 301 328 515 
780 442 515 328 
781 328 301 329 
782 329 436 327 
783 442 327 666 
784 540 667 668 
785 437 309 438 
786 514 310 513 
787 344 411 345 
788 345 533 343 
789 669 670 671 
790 672 549 614 
791 459 638 460 
792 639 580 673 
793 411 344 532 
794 560 532 344 
795 353 358 564 
796 564 551 354 
797 566 565 354 
798 550 549 672 
799 552 496 553 
800 525 494 524 
801 674 675 676 
802 677 678 679 
803 601 680 602 
804 602 681 600 
805 682 680 601 
806 591 627 592 
807 641 600 681 
808 683 684 685 
809 593 640 625 
810 686 687 688 
811 689 685 681 
812 690 641 685 
813 600 640 592 
814 691 593 625 
815 692 640 641 
816 564 354 353 
817 579 358 353 
818 693 694 672 
819 695 599 355 
820 343 533 671 
821 686 696 658 
822 687 686 660 
823 626 640 692 
824 676 697 698 
825 688 699 661 
826 660 686 658 
827 640 593 592 
828 601 600 592 
829 541 700 539 
830 409 701 503 
831 504 702 703 
832 704 705 706 
833 327 544 666 
834 540 668 541 
835 707 528 708 
836 709 533 577 
837 710 711 712 
838 566 354 551 
839 617 616 713 
840 670 713 678 
841 296 460 453 
842 638 674 714 
843 715 716 717 
844 638 677 718 
845 645 672 694 
846 719 720 721 
847 722 723 724 
848 645 550 672 
849 672 725 693 
850 726 558 727 
851 711 727 728 
852 729 730 731 
853 711 710 727 
854 732 733 553 
855 734 664 735 
856 736 737 738 
857 739 740 741 
858 742 743 744 
859 503 701 745 
860 493 492 630 
861 702 746 747 
862 492 603 630 
863 746 748 604 
864 544 749 542 
865 513 310 309 
866 750 751 309 
867 541 752 700 
868 751 750 668 
869 632 479 291 
870 670 343 671 
871 533 709 671 
872 707 576 695 
873 599 576 610 
874 695 565 526 
875 551 733 566 
876 524 494 496 
877 495 753 754 
878 496 754 732 
879 639 459 580 
880 408 580 459 
881 755 621 620 
882 756 757 758 
883 759 614 615 
884 642 760 730 
885 565 355 354 
886 566 733 567 
887 355 565 695 
888 695 526 707 
889 761 567 712 
890 732 762 733 
891 432 664 433 
892 763 737 736 
893 503 332 409 
894 594 701 409 
895 604 748 594 
896 492 491 747 
897 665 518 517 
898 764 765 766 
899 544 327 436 
900 438 749 436 
901 309 751 438 
902 670 560 343 
903 709 669 671 
904 560 670 673 
905 673 670 678 
906 708 767 709 
907 733 551 553 
908 496 732 553 
909 625 640 626 
910 757 624 626 
911 625 620 691 
912 528 707 526 
913 567 761 565 
914 526 565 761 
915 502 768 434 
916 502 503 769 
917 769 503 770 
918 770 503 745 
919 492 746 604 
920 771 772 773 
921 746 506 748 
922 492 747 746 
923 491 773 747 
924 702 772 703 
925 666 774 442 
926 666 544 775 
927 775 544 543 
928 544 436 749 
929 580 560 673 
930 678 639 673 
931 638 639 677 
932 678 677 639 
933 776 777 778 
934 759 779 780 
935 781 782 738 
936 770 745 783 
937 784 783 745 
938 504 506 702 
939 783 785 770 
940 505 784 745 
941 772 702 747 
942 786 787 788 
943 542 789 543 
944 790 789 542 
945 791 790 540 
946 789 792 543 
947 667 790 542 
948 793 340 454 
949 794 795 796 
950 728 797 528 
951 709 767 669 
952 797 708 528 
953 727 798 728 
954 799 800 801 
955 797 802 708 
956 797 803 802 
957 731 804 729 
958 798 797 728 
959 780 804 558 
960 742 744 805 
961 783 742 785 
962 537 806 807 
963 808 783 784 
964 740 805 741 
965 505 504 784 
966 748 701 594 
967 792 789 809 
968 809 810 811 
969 812 792 809 
970 813 547 814 
971 811 810 815 
972 667 540 790 
973 751 749 438 
974 816 757 756 
975 716 755 817 
976 716 621 755 
977 818 819 800 
978 539 820 540 
979 582 581 821 
980 742 783 808 
981 742 808 743 
982 822 823 607 
983 824 808 784 
984 504 824 784 
985 825 595 826 
986 703 825 504 
987 827 825 703 
988 827 595 825 
989 825 824 504 
990 828 829 827 
991 772 747 773 
992 827 703 772 
993 830 608 831 
994 832 595 597 
995 825 826 824 
996 746 702 506 
997 748 506 505 
998 745 701 505 
999 701 748 505 
1000 810 790 791 
1001 833 834 835 
1002 790 810 789 
1003 820 539 836 
1004 837 820 836 
1005 752 632 838 
1006 820 791 540 
1007 837 839 791 
1008 836 840 837 
1009 840 836 841 
1010 509 835 838 
1011 842 843 841 
1012 700 844 539 
1013 752 845 700 
1014 838 845 752 
1015 752 750 311 
1016 541 750 752 
1017 751 668 667 
1018 542 749 667 
1019 749 751 667 
1020 846 674 847 
1021 795 794 848 
1022 677 796 718 
1023 794 679 801 
1024 740 785 742 
1025 771 828 772 
1026 827 772 828 
1027 835 845 838 
1028 632 633 838 
1029 835 834 849 
1030 850 851 763 
1031 852 841 836 
1032 628 833 509 
1033 852 842 841 
1034 849 845 835 
1035 853 854 855 
1036 856 738 739 
1037 291 633 632 
1038 311 632 752 
1039 309 311 750 
1040 541 668 750 
1041 674 638 718 
1042 675 796 795 
1043 740 742 805 
1044 805 857 741 
1045 785 782 781 
1046 782 740 739 
1047 785 781 770 
1048 770 781 769 
1049 737 769 781 
1050 782 739 738 
1051 785 740 782 
1052 738 856 736 
1053 741 858 739 
1054 739 859 856 
1055 860 861 607 
1056 826 822 861 
1057 862 863 609 
1058 823 608 607 
1059 864 596 829 
1060 832 865 823 
1061 649 866 650 
1062 584 867 586 
1063 868 869 870 
1064 642 447 871 
1065 871 447 556 
1066 585 872 583 
1067 840 841 855 
1068 873 874 875 
1069 402 876 403 
1070 798 558 557 
1071 475 534 454 
1072 453 294 296 
1073 570 340 793 
1074 454 534 294 
1075 605 877 537 
1076 878 879 877 
1077 880 881 882 
1078 605 606 821 
1079 581 883 884 
1080 863 607 609 
1081 885 886 887 
1082 885 888 613 
1083 889 665 517 
1084 890 719 887 
1085 885 887 721 
1086 720 719 645 
1087 890 643 719 
1088 645 719 643 
1089 613 891 885 
1090 885 721 888 
1091 892 721 720 
1092 892 720 893 
1093 894 895 896 
1094 692 758 757 
1095 897 715 717 
1096 717 716 898 
1097 496 495 754 
1098 899 520 521 
1099 753 900 754 
1100 711 761 712 
1101 725 672 614 
1102 733 762 901 
1103 902 901 903 
1104 904 567 733 
1105 905 906 907 
1106 619 621 895 
1107 908 691 619 
1108 715 895 621 
1109 621 716 715 
1110 625 909 620 
1111 619 691 620 
1112 715 896 895 
1113 897 896 715 
1114 898 716 817 
1115 910 848 794 
1116 898 817 911 
1117 912 897 913 
1118 914 915 916 
1119 917 918 817 
1120 919 920 816 
1121 921 922 923 
1122 767 924 669 
1123 708 925 767 
1124 708 802 925 
1125 778 926 803 
1126 731 869 868 
1127 557 778 803 
1128 925 927 928 
1129 926 929 928 
1130 559 930 557 
1131 798 727 558 
1132 797 798 803 
1133 557 803 798 
1134 928 924 925 
1135 928 931 618 
1136 928 929 931 
1137 776 916 777 
1138 930 559 932 
1139 933 934 935 
1140 931 799 616 
1141 910 800 819 
1142 930 778 557 
1143 731 932 559 
1144 616 618 931 
1145 915 799 931 
1146 778 930 776 
1147 776 930 936 
1148 731 868 932 
1149 778 777 926 
1150 935 936 937 
1151 870 402 868 
1152 780 779 729 
1153 559 558 804 
1154 926 777 929 
1155 916 929 777 
1156 731 730 869 
1157 938 933 937 
1158 868 402 938 
1159 402 401 938 
1160 401 939 938 
1161 779 759 615 
1162 940 759 780 
1163 731 559 804 
1164 780 729 804 
1165 936 935 941 
1166 942 943 944 
1167 934 945 946 
1168 933 935 937 
1169 939 933 938 
1170 401 944 939 
1171 939 947 933 
1172 948 941 935 
1173 934 947 945 
1174 941 776 936 
1175 935 934 948 
1176 949 912 945 
1177 948 946 950 
1178 950 941 948 
1179 934 946 948 
1180 812 951 952 
1181 892 953 611 
1182 954 875 955 
1183 839 837 956 
1184 809 789 810 
1185 810 839 815 
1186 791 820 837 
1187 957 956 837 
1188 675 795 697 
1189 678 616 679 
1190 616 801 679 
1191 669 713 670 
1192 616 678 713 
1193 669 617 713 
1194 958 959 960 
1195 878 961 959 
1196 954 956 957 
1197 962 880 963 
1198 849 834 842 
1199 964 880 882 
1200 881 872 882 
1201 843 854 853 
1202 850 965 833 
1203 966 664 432 
1204 510 574 967 
1205 511 433 664 
1206 967 629 664 
1207 781 738 737 
1208 737 735 966 
1209 823 831 608 
1210 607 861 822 
1211 832 823 822 
1212 823 865 831 
1213 865 866 831 
1214 968 873 969 
1215 968 970 971 
1216 964 972 973 
1217 969 974 973 
1218 882 972 964 
1219 964 975 976 
1220 873 974 969 
1221 585 972 882 
1222 962 883 881 
1223 961 977 959 
1224 960 978 979 
1225 883 872 881 
1226 880 962 881 
1227 872 581 583 
1228 883 977 884 
1229 963 978 960 
1230 880 964 976 
1231 859 979 980 
1232 960 962 963 
1233 963 854 978 
1234 960 977 962 
1235 960 979 958 
1236 981 840 855 
1237 982 873 875 
1238 873 971 874 
1239 884 821 581 
1240 872 883 581 
1241 853 841 843 
1242 983 978 843 
1243 883 962 977 
1244 977 961 884 
1245 605 884 961 
1246 877 961 878 
1247 958 858 959 
1248 960 959 977 
1249 859 739 958 
1250 980 983 984 
1251 875 954 985 
1252 971 483 874 
1253 970 986 971 
1254 841 853 855 
1255 854 976 855 
1256 980 979 978 
1257 980 856 859 
1258 958 979 859 
1259 982 974 873 
1260 985 954 957 
1261 982 987 974 
1262 985 982 875 
1263 811 815 988 
1264 988 955 482 
1265 545 547 813 
1266 989 990 969 
1267 978 983 980 
1268 971 873 968 
1269 882 872 585 
1270 586 972 585 
1271 867 991 586 
1272 992 563 536 
1273 536 538 992 
1274 536 606 537 
1275 537 807 538 
1276 961 877 605 
1277 821 884 605 
1278 607 863 860 
1279 993 994 609 
1280 862 995 863 
1281 807 995 862 
1282 994 862 609 
1283 807 806 995 
1284 807 996 538 
1285 997 998 612 
1286 888 611 613 
1287 721 887 719 
1288 892 888 721 
1289 611 888 892 
1290 893 953 892 
1291 999 1000 1001 
1292 1002 722 724 
1293 645 694 720 
1294 893 720 694 
1295 1003 866 649 
1296 1004 650 865 
1297 1003 1005 866 
1298 1006 1007 649 
1299 688 661 663 
1300 756 1008 663 
1301 692 757 626 
1302 920 1009 624 
1303 757 920 624 
1304 817 920 917 
1305 918 911 817 
1306 1010 1011 847 
1307 920 919 917 
1308 1012 1013 1014 
1309 848 911 918 
1310 848 819 911 
1311 1015 697 848 
1312 920 757 816 
1313 1015 917 698 
1314 816 1016 919 
1315 1017 1018 1001 
1316 1019 611 953 
1317 710 1020 726 
1318 904 901 1021 
1319 1021 1020 712 
1320 904 1021 712 
1321 940 1020 1021 
1322 901 1022 1021 
1323 733 901 904 
1324 567 904 712 
1325 693 1023 694 
1326 755 1009 817 
1327 920 817 1009 
1328 800 910 801 
1329 616 799 801 
1330 914 818 800 
1331 799 915 800 
1332 914 1024 818 
1333 916 776 941 
1334 931 929 915 
1335 914 916 941 
1336 914 800 915 
1337 929 916 915 
1338 614 759 1025 
1339 1026 1027 1025 
1340 725 614 1025 
1341 907 1027 1026 
1342 1025 759 940 
1343 1021 1022 940 
1344 1022 1026 940 
1345 1025 940 1026 
1346 558 726 780 
1347 945 912 946 
1348 912 913 946 
1349 913 950 946 
1350 546 1028 547 
1351 1029 1030 1031 
1352 483 1032 484 
1353 1033 1034 1035 
1354 611 1036 612 
1355 811 951 809 
1356 988 1037 811 
1357 810 791 839 
1358 956 1038 839 
1359 801 910 794 
1360 796 679 794 
1361 677 679 796 
1362 675 718 796 
1363 697 676 675 
1364 806 877 879 
1365 744 857 805 
1366 537 877 806 
1367 878 857 879 
1368 857 744 879 
1369 849 844 845 
1370 842 852 849 
1371 737 763 735 
1372 664 966 735 
1373 734 967 664 
1374 508 510 967 
1375 629 574 501 
1376 967 628 508 
1377 574 510 293 
1378 629 967 574 
1379 1039 1040 1041 
1380 989 1042 1041 
1381 840 957 837 
1382 985 957 981 
1383 840 981 957 
1384 988 484 1037 
1385 988 482 484 
1386 814 1043 952 
1387 1044 1029 1032 
1388 875 874 955 
1389 954 955 988 
1390 706 998 546 
1391 1019 1036 611 
1392 814 547 1043 
1393 1045 1046 1033 
1394 998 1047 613 
1395 1036 997 612 
1396 613 612 998 
1397 705 1047 998 
1398 1043 1035 952 
1399 1046 1048 1049 
1400 1036 1019 999 
1401 999 1001 1045 
1402 1050 1036 1045 
1403 1002 1017 1000 
1404 1036 1050 1051 
1405 1052 952 951 
1406 1036 999 1045 
1407 766 1034 1033 
1408 1049 764 1046 
1409 1018 634 1049 
1410 634 635 1049 
1411 1053 1049 635 
1412 634 1054 899 
1413 1053 764 1049 
1414 521 1055 635 
1415 1056 1057 1058 
1416 1059 1055 521 
1417 1017 1054 1018 
1418 724 1060 1002 
1419 1056 1060 1057 
1420 723 1061 1062 
1421 1017 1001 1000 
1422 1000 1063 722 
1423 1056 1058 899 
1424 634 899 521 
1425 903 1064 1062 
1426 1060 724 1057 
1427 1065 722 1063 
1428 893 1063 953 
1429 1022 901 902 
1430 1061 723 905 
1431 1062 1057 724 
1432 724 723 1062 
1433 1000 722 1002 
1434 1060 1017 1002 
1435 1057 1062 1064 
1436 903 762 1064 
1437 907 902 1061 
1438 1063 893 1065 
1439 901 762 903 
1440 1061 903 1062 
1441 722 1065 723 
1442 905 723 1065 
1443 893 694 1023 
1444 1066 458 1067 
1445 1005 1068 831 
1446 726 727 710 
1447 712 1020 710 
1448 725 906 693 
1449 1025 1027 725 
1450 941 950 914 
1451 950 1024 914 
1452 912 896 897 
1453 1069 913 717 
1454 950 913 1024 
1455 704 1070 705 
1456 998 706 705 
1457 1031 1071 704 
1458 545 1072 704 
1459 704 706 545 
1460 813 1032 1072 
1461 704 1072 1031 
1462 1044 483 1073 
1463 1072 1029 1031 
1464 1074 1052 1037 
1465 1072 1032 1029 
1466 1072 545 813 
1467 1032 1074 484 
1468 813 1074 1032 
1469 1052 1074 814 
1470 1073 1029 1044 
1471 483 1044 1032 
1472 812 952 1034 
1473 997 546 998 
1474 1050 1033 1035 
1475 1051 1043 1028 
1476 547 1028 1043 
1477 1051 1035 1043 
1478 546 545 706 
1479 997 1028 546 
1480 1037 484 1074 
1481 813 814 1074 
1482 1037 951 811 
1483 952 1052 814 
1484 792 787 786 
1485 1034 787 812 
1486 951 1037 1052 
1487 809 951 812 
1488 792 786 543 
1489 766 1046 764 
1490 543 786 775 
1491 765 775 786 
1492 1034 788 787 
1493 792 812 787 
1494 1034 766 788 
1495 1034 952 1035 
1496 1033 1046 766 
1497 765 788 766 
1498 838 633 509 
1499 833 835 509 
1500 967 734 628 
1501 291 293 510 
1502 509 633 510 
1503 483 482 874 
1504 955 874 482 
1505 1026 1022 907 
1506 903 1061 902 
1507 1045 1033 1050 
1508 1051 997 1036 
1509 1028 997 1051 
1510 1035 1051 1050 
1511 1061 905 907 
1512 907 1022 902 
1513 1075 1076 1077 
1514 598 497 622 
1515 674 676 847 
1516 846 571 793 
1517 453 793 454 
1518 707 577 576 
1519 599 695 576 
1520 1078 1079 1080 
1521 651 864 1080 
1522 1078 829 1081 
1523 848 910 819 
1524 819 1069 911 
1525 843 978 854 
1526 1080 1082 651 
1527 665 889 1053 
1528 635 1055 1053 
1529 665 522 518 
1530 1053 1055 665 
1531 786 788 765 
1532 598 572 497 
1533 793 571 570 
1534 498 497 1083 
1535 498 1084 661 
1536 598 570 572 
1537 1011 846 847 
1538 572 1083 497 
1539 675 674 718 
1540 571 1011 572 
1541 572 1011 1083 
1542 1010 1084 1083 
1543 1013 1016 1014 
1544 1083 1084 498 
1545 1083 1011 1010 
1546 1084 1014 1016 
1547 847 1012 1010 
1548 1010 1014 1084 
1549 847 676 1012 
1550 676 698 1012 
1551 1013 919 1016 
1552 1010 1012 1014 
1553 917 919 1013 
1554 1012 698 1013 
1555 714 460 638 
1556 571 846 1011 
1557 460 714 453 
1558 453 846 793 
1559 674 846 714 
1560 453 714 846 
1561 828 1081 829 
1562 596 827 829 
1563 595 827 596 
1564 864 597 596 
1565 473 315 1085 
1566 464 366 1086 
1567 1087 1088 1089 
1568 466 465 1090 
1569 469 468 1091 
1570 1092 1093 1094 
1571 1095 1096 1097 
1572 1098 1099 1100 
1573 1101 1102 1103 
1574 1104 1105 1106 
1575 1107 1108 1106 
1576 1109 1110 1111 
1577 1112 1113 1114 
1578 1115 1116 1117 
1579 1118 1119 1082 
1580 1120 1121 1122 
1581 1123 1124 1125 
1582 1126 1127 1128 
1583 1129 1130 1131 
1584 1110 1109 1132 
1585 1113 1112 1133 
1586 1134 1135 1136 
1587 1137 1138 1139 
1588 1140 1141 1142 
1589 1143 1144 1145 
1590 1146 1147 1148 
1591 1149 1150 1151 
1592 1152 1153 1154 
1593 1155 1156 1157 
1594 1158 1159 1160 
1595 1161 1162 1163 
1596 1161 1164 1162 
1597 1165 1166 1167 
1598 1168 1169 1170 
1599 1171 1172 1173 
1600 1116 1115 1174 
1601 1108 1175 1176 
1602 1177 1178 399 
1603 21 1179 149 
1604 1118 1180 1119 
1605 1181 1182 1183 
1606 1184 1185 1186 
1607 1159 1158 1187 
1608 1188 1189 1190 
1609 1191 1192 1193 
1610 472 1194 1111 
1611 561 1195 1114 
1612 1196 1197 1198 
1613 1199 1200 1201 
1614 1202 1203 1204 
1615 1205 1206 1207 
1616 464 1086 1134 
1617 1088 1087 1143 
1618 1087 1208 1209 
1619 1210 1211 1212 
1620 1213 1214 1215 
1621 1216 1217 1218 
1622 1090 1219 1220 
1623 466 1090 1221 
1624 1222 1223 320 
1625 469 1091 1181 
1626 1091 1224 1225 
1627 1226 1227 1228 
1628 1229 1227 1230 
1629 386 1231 1232 
1630 420 1233 430 
1631 1127 1234 1235 
1632 1128 1236 1237 
1633 1238 1239 1240 
1634 1241 1242 1243 
1635 1244 1243 1191 
1636 1195 561 1245 
1637 1246 1195 1245 
1638 6 12 1247 
1639 1196 1248 1249 
1640 399 1250 1177 
1641 420 1251 1233 
1642 1252 1253 1092 
1643 58 1254 1174 
1644 58 60 1254 
1645 647 1117 648 
1646 1105 1255 1106 
1647 1107 1106 1255 
1648 1105 1256 1255 
1649 1107 1255 1257 
1650 1258 1194 1259 
1651 1260 1261 1262 
1652 1257 1256 1263 
1653 1264 1265 1266 
1654 1184 1267 1268 
1655 1081 1269 1078 
1656 1270 1271 1272 
1657 1273 1274 1275 
1658 1276 1277 1278 
1659 1279 1280 1281 
1660 1282 1283 1284 
1661 1140 1285 1286 
1662 1286 1283 1287 
1663 1288 1289 1290 
1664 1291 1289 1292 
1665 1171 1293 1291 
1666 1294 1295 1296 
1667 1297 1298 1299 
1668 1165 1300 1301 
1669 1168 1302 1303 
1670 1304 1305 1306 
1671 1307 1308 1309 
1672 1310 1311 1312 
1673 1312 1307 1313 
1674 1154 1153 1314 
1675 1315 1316 1317 
1676 1318 1316 1319 
1677 1102 1320 1318 
1678 1318 1321 1102 
1679 1322 1124 1323 
1680 922 1324 1269 
1681 1325 923 1081 
1682 922 1269 923 
1683 1104 1326 1327 
1684 1108 1328 1326 
1685 1104 1106 1326 
1686 1108 1326 1106 
1687 1185 1329 1330 
1688 1092 1331 1252 
1689 1092 1094 1331 
1690 1332 1331 1094 
1691 349 1333 1334 
1692 331 1335 1129 
1693 1073 1336 1337 
1694 1338 1339 1340 
1695 1338 1341 1339 
1696 1138 1342 1343 
1697 1138 1343 1344 
1698 1147 1345 1346 
1699 1092 1347 1093 
1700 1348 1093 1347 
1701 1349 1350 1351 
1702 1352 1353 1351 
1703 648 1216 646 
1704 648 1253 1216 
1705 1354 1355 1356 
1706 1357 1358 1359 
1707 1360 1361 1362 
1708 320 1363 1222 
1709 1364 1365 1366 
1710 1279 1367 1368 
1711 1095 1369 1123 
1712 1125 1122 1123 
1713 1370 1371 1294 
1714 1370 1372 1371 
1715 647 646 1162 
1716 1163 1162 646 
1717 1373 1104 1374 
1718 1375 1374 1376 
1719 1104 1327 1376 
1720 1377 1378 1379 
1721 1380 1381 1382 
1722 1377 1383 1378 
1723 1384 1382 1383 
1724 1385 1386 1387 
1725 1388 1387 1386 
1726 647 1162 1389 
1727 1164 1389 1162 
1728 1390 1329 1391 
1729 1184 1268 1391 
1730 1392 371 1393 
1731 1394 1395 1390 
1732 1396 1397 1398 
1733 55 57 1399 
1734 1400 1401 1402 
1735 1403 1167 1404 
1736 1405 1170 1406 
1737 1387 1407 1385 
1738 315 1204 1085 
1739 366 1207 1086 
1740 1089 1071 1031 
1741 1030 1408 1031 
1742 1208 1089 1408 
1743 1089 1208 1087 
1744 115 298 104 
1745 33 104 297 
1746 33 297 399 
1747 1115 298 1174 
1748 58 1174 298 
1749 1115 297 298 
1750 58 298 115 
1751 465 1219 1090 
1752 1409 424 426 
1753 1409 1330 424 
1754 1330 1410 424 
1755 144 1411 125 
1756 124 125 1412 
1757 145 150 339 
1758 144 145 339 
1759 1413 383 385 
1760 1409 1413 385 
1761 1185 1330 385 
1762 1409 385 1330 
1763 1414 1235 338 
1764 149 1414 338 
1765 1234 339 338 
1766 149 338 150 
1767 371 356 1393 
1768 1415 1393 356 
1769 1379 1416 1377 
1770 1417 1377 1416 
1771 1418 1419 1416 
1772 24 400 1178 
1773 399 1178 400 
1774 24 31 400 
1775 31 33 400 
1776 1420 384 383 
1777 1185 385 384 
1778 1420 1421 384 
1779 1185 384 1186 
1780 1422 397 396 
1781 1175 1423 397 
1782 1422 1424 397 
1783 1175 397 1176 
1784 415 1425 1426 
1785 1427 1428 1425 
1786 415 416 1425 
1787 1427 1425 416 
1788 24 348 22 
1789 100 22 349 
1790 24 1178 348 
1791 1429 1237 1236 
1792 1127 1236 1128 
1793 398 397 1423 
1794 1430 398 1423 
1795 1431 381 380 
1796 470 1432 1433 
1797 468 470 1433 
1798 1434 1435 1433 
1799 1224 468 1435 
1800 1436 1437 1438 
1801 1437 1439 1438 
1802 468 1224 1091 
1803 1440 1228 390 
1804 1229 391 390 
1805 1441 392 391 
1806 1442 1443 1444 
1807 1222 1445 1223 
1808 1446 1447 381 
1809 100 349 346 
1810 100 346 39 
1811 656 1448 657 
1812 1449 1450 1451 
1813 1452 1453 1450 
1814 1449 1448 1450 
1815 1448 1454 1450 
1816 1097 1455 1456 
1817 1095 1097 1456 
1818 1260 1262 1456 
1819 1262 1369 1456 
1820 986 970 1457 
1821 1458 1459 1460 
1822 1094 1093 1460 
1823 376 392 1441 
1824 1440 390 392 
1825 376 1211 392 
1826 1097 1461 1455 
1827 1260 1456 1455 
1828 588 1239 1238 
1829 1462 945 947 
1830 947 943 1462 
1831 934 933 947 
1832 108 130 326 
1833 110 108 326 
1834 446 469 1463 
1835 446 1463 556 
1836 653 1464 457 
1837 456 653 457 
1838 1465 458 457 
1839 1216 1218 646 
1840 365 562 366 
1841 472 1204 314 
1842 315 314 1204 
1843 1264 1266 1426 
1844 415 1426 413 
1845 1266 1198 413 
1846 1466 1212 1215 
1847 1211 375 1212 
1848 70 325 130 
1849 1131 326 325 
1850 70 331 325 
1851 387 386 378 
1852 1467 379 378 
1853 387 378 377 
1854 1215 1212 375 
1855 1213 1215 375 
1856 1211 376 375 
1857 1213 375 374 
1858 54 330 69 
1859 70 69 331 
1860 54 1223 330 
1861 116 45 321 
1862 54 116 321 
1863 320 1223 321 
1864 54 321 1223 
1865 1468 1469 1079 
1866 1080 1079 1469 
1867 1080 1469 1082 
1868 704 1470 1070 
1869 418 415 414 
1870 1197 414 413 
1871 1197 413 1198 
1872 1138 1137 1342 
1873 1471 1472 1342 
1874 1039 1473 1341 
1875 1474 377 379 
1876 1475 1474 379 
1877 1147 1146 1476 
1878 1370 1157 1372 
1879 1477 1478 1479 
1880 1249 1480 1481 
1881 1177 1482 1178 
1882 1094 1483 1332 
1883 1332 1484 1485 
1884 1486 302 1487 
1885 1488 10 1486 
1886 6 302 8 
1887 1489 1490 1399 
1888 1458 1490 1459 
1889 1234 338 1235 
1890 1491 1235 1414 
1891 485 1492 495 
1892 520 485 486 
1893 1493 1494 1495 
1894 1464 652 1494 
1895 13 1488 356 
1896 13 10 1488 
1897 302 1486 10 
1898 1251 1496 1233 
1899 1497 1233 1496 
1900 1498 657 1251 
1901 1462 1499 945 
1902 1077 1500 1075 
1903 420 1501 1251 
1904 1487 1502 1419 
1905 1486 1487 1419 
1906 1503 1263 1256 
1907 1257 1255 1256 
1908 689 683 685 
1909 690 685 684 
1910 684 683 1385 
1911 1455 1504 1505 
1912 1260 1455 1505 
1913 1107 1506 1507 
1914 589 895 590 
1915 1461 1401 1508 
1916 1508 1455 1461 
1917 1096 1461 1097 
1918 1449 1391 1268 
1919 1509 1510 1495 
1920 1511 1430 1512 
1921 1507 1504 1512 
1922 1380 1382 1513 
1923 1514 1513 1382 
1924 1380 427 350 
1925 1380 428 427 
1926 1348 1515 1254 
1927 134 1516 60 
1928 1430 1423 1512 
1929 1423 1517 1512 
1930 1518 1472 1519 
1931 1518 1520 1472 
1932 1343 1342 1472 
1933 1339 1341 1473 
1934 1521 1522 1473 
1935 1039 1041 1473 
1936 1521 1473 1523 
1937 1524 1525 1526 
1938 1524 1526 1527 
1939 1101 1103 1369 
1940 1095 1456 1369 
1941 1101 1369 1262 
1942 1400 1528 1529 
1943 1210 1530 1440 
1944 1440 1530 1228 
1945 352 1531 1532 
1946 1379 350 1532 
1947 352 1532 350 
1948 1231 1533 1439 
1949 1232 1231 1439 
1950 659 1438 1439 
1951 1437 1534 1439 
1952 1415 1418 1393 
1953 1415 1419 1418 
1954 923 1535 921 
1955 1536 1373 1374 
1956 1376 1374 1104 
1957 1436 1537 1437 
1958 1247 1502 1487 
1959 1417 1419 1502 
1960 1493 1538 1494 
1961 1539 1540 1538 
1962 1493 1541 1538 
1963 55 1399 1490 
1964 1542 1470 1088 
1965 1388 1543 1387 
1966 1142 1208 1408 
1967 1031 1408 1089 
1968 864 1004 597 
1969 864 651 1004 
1970 650 1004 651 
1971 1544 1130 1545 
1972 1270 1545 1546 
1973 1146 1148 1219 
1974 569 1547 1076 
1975 992 538 996 
1976 807 862 996 
1977 1417 1416 1419 
1978 1415 1486 1419 
1979 862 994 996 
1980 1332 1485 1353 
1981 1352 1548 1353 
1982 1548 1549 1353 
1983 1496 1251 657 
1984 655 657 1498 
1985 1055 1550 665 
1986 636 665 1550 
1987 1055 1059 1550 
1988 1059 1551 1550 
1989 692 690 758 
1990 692 641 690 
1991 681 685 641 
1992 1552 1553 1554 
1993 1555 1556 1557 
1994 1497 1268 1267 
1995 1558 1559 1560 
1996 682 1558 1560 
1997 1561 1503 1560 
1998 1375 1562 1530 
1999 1226 1562 1327 
2000 1210 1563 1543 
2001 1387 1543 1563 
2002 1210 1212 1563 
2003 1212 1564 1563 
2004 1173 1224 1435 
2005 1433 1435 468 
2006 1149 1180 1363 
2007 1222 1363 1180 
2008 1388 1565 1543 
2009 1375 1530 1565 
2010 1388 1566 1565 
2011 1375 1565 1374 
2012 1567 1568 660 
2013 660 1569 1567 
2014 1554 1570 1159 
2015 356 1488 1415 
2016 1486 1415 1488 
2017 1571 1572 1467 
2018 1235 1573 1574 
2019 1127 1235 1574 
2020 1575 1576 1574 
2021 1127 1574 1236 
2022 1577 1166 1578 
2023 1479 1552 1578 
2024 1577 1578 1554 
2025 1579 1443 1442 
2026 1580 1444 1443 
2027 1169 1581 1579 
2028 1373 1582 1583 
2029 1104 1373 1583 
2030 680 1105 1583 
2031 1104 1583 1105 
2032 1348 1584 1093 
2033 1348 1254 1584 
2034 1491 1573 1235 
2035 1575 1574 1573 
2036 1491 1585 1573 
2037 1575 1573 1272 
2038 1131 1586 1129 
2039 331 1129 1586 
2040 1131 325 1586 
2041 331 1586 325 
2042 1070 1587 705 
2043 912 949 896 
2044 1131 1544 326 
2045 1134 1519 464 
2046 1588 1589 1241 
2047 1188 1190 1239 
2048 1436 1590 1537 
2049 1466 1591 1590 
2050 1436 1407 1590 
2051 1407 1564 1590 
2052 1592 1593 1594 
2053 1595 1594 1593 
2054 1592 1596 1593 
2055 1468 1546 1597 
2056 1143 1527 1088 
2057 1598 1599 1100 
2058 1098 1100 1599 
2059 1600 1601 1598 
2060 627 1602 601 
2061 682 601 1602 
2062 682 1602 1558 
2063 1270 1585 1545 
2064 1491 1603 1585 
2065 1270 1272 1585 
2066 1272 1573 1585 
2067 687 1604 688 
2068 1434 1433 1432 
2069 470 1605 1432 
2070 550 644 548 
2071 1514 1382 1384 
2072 1508 1529 1504 
2073 1507 1505 1504 
2074 1508 1504 1455 
2075 1536 1374 1566 
2076 1374 1565 1566 
2077 1467 1606 1232 
2078 386 1232 1606 
2079 1467 378 1606 
2080 386 1606 378 
2081 989 969 1607 
2082 973 1607 969 
2083 1608 1609 1221 
2084 1610 1221 1609 
2085 1608 1611 1609 
2086 1612 1613 1334 
2087 349 1334 1613 
2088 1612 346 1613 
2089 349 1613 346 
2090 1614 1615 1616 
2091 769 768 502 
2092 769 737 768 
2093 966 768 737 
2094 889 774 765 
2095 775 765 774 
2096 775 774 666 
2097 1617 1368 1484 
2098 1126 1618 1412 
2099 1440 1619 1210 
2100 1211 1210 1619 
2101 1440 392 1619 
2102 1211 1619 392 
2103 1210 1543 1530 
2104 1543 1565 1530 
2105 681 1620 689 
2106 681 602 1620 
2107 1536 1620 602 
2108 1621 351 427 
2109 350 427 351 
2110 1463 469 1557 
2111 1181 1557 469 
2112 897 717 913 
2113 1024 913 1069 
2114 1024 1069 818 
2115 1537 1590 1591 
2116 1571 1537 1591 
2117 1466 1215 1591 
2118 428 1380 1513 
2119 428 1513 493 
2120 1348 1347 1515 
2121 1116 1174 1515 
2122 1294 1298 1370 
2123 1155 1157 1622 
2124 1370 1622 1157 
2125 1569 1533 1231 
2126 659 1439 1533 
2127 1569 660 1533 
2128 659 1533 660 
2129 1623 1568 1567 
2130 687 660 1568 
2131 815 1038 988 
2132 954 988 1038 
2133 815 839 1038 
2134 954 1038 956 
2135 1175 1517 1423 
2136 1507 1512 1517 
2137 1517 1624 1507 
2138 461 623 1498 
2139 1077 461 1498 
2140 597 1004 832 
2141 1310 1625 1626 
2142 1627 1626 1625 
2143 1310 1312 1625 
2144 1306 1628 1629 
2145 1630 1631 1632 
2146 1629 1632 1631 
2147 622 499 656 
2148 1191 1442 1244 
2149 870 760 871 
2150 642 871 760 
2151 870 869 760 
2152 869 730 760 
2153 1446 1633 1634 
2154 1635 1634 1633 
2155 1446 381 1633 
2156 381 425 1633 
2157 1468 1636 1546 
2158 1270 1546 1636 
2159 1468 1079 1636 
2160 984 1637 980 
2161 736 1637 763 
2162 855 1638 981 
2163 975 987 1638 
2164 855 976 1638 
2165 975 1638 976 
2166 1592 1639 1596 
2167 1135 1640 1641 
2168 1642 1643 1598 
2169 1114 1195 1112 
2170 1111 1194 1109 
2171 1115 1117 1250 
2172 399 297 1250 
2173 1115 1250 297 
2174 842 965 843 
2175 983 843 965 
2176 983 965 984 
2177 1126 1644 1127 
2178 1234 1127 1644 
2179 1126 1411 1644 
2180 1234 1644 339 
2181 1082 1645 1118 
2182 1082 1469 1645 
2183 1468 1645 1469 
2184 432 434 768 
2185 966 432 768 
2186 517 442 774 
2187 889 517 774 
2188 472 1111 1204 
2189 1110 1204 1111 
2190 1113 1207 1114 
2191 1491 1414 1603 
2192 1544 1545 1603 
2193 1545 1585 1603 
2194 1385 1407 1646 
2195 1436 1646 1407 
2196 1067 1647 1066 
2197 608 1647 609 
2198 495 637 485 
2199 314 316 1648 
2200 993 1067 1648 
2201 1067 471 1648 
2202 1237 1649 1128 
2203 1237 1650 1649 
2204 1247 1618 1502 
2205 1651 1652 1266 
2206 1505 1507 1506 
2207 1260 1505 1506 
2208 1107 1257 1506 
2209 1107 1624 1108 
2210 1175 1108 1624 
2211 1107 1507 1624 
2212 1175 1624 1517 
2213 1518 1136 1356 
2214 1524 1145 1366 
2215 1555 1183 1398 
2216 1623 1567 1653 
2217 1569 1653 1567 
2218 1577 1187 1404 
2219 1579 1193 1406 
2220 420 422 1501 
2221 1075 1501 422 
2222 548 1432 1605 
2223 445 548 1605 
2224 470 446 1605 
2225 445 1605 446 
2226 836 539 844 
2227 852 836 844 
2228 700 845 844 
2229 852 844 849 
2230 1156 1155 1160 
2231 1184 1186 1654 
2232 1105 1655 1256 
2233 682 1560 1655 
2234 1105 680 1655 
2235 682 1655 680 
2236 1656 1657 1658 
2237 365 367 536 
2238 857 858 741 
2239 958 739 858 
2240 857 878 858 
2241 878 959 858 
2242 1659 1177 1389 
2243 1660 1661 1662 
2244 973 1663 964 
2245 975 964 1663 
2246 973 974 1663 
2247 975 1663 974 
2248 1495 1494 652 
2249 653 652 1464 
2250 636 1551 516 
2251 443 516 1551 
2252 636 1550 1551 
2253 443 1551 1059 
2254 866 865 650 
2255 832 1004 865 
2256 1337 1664 1073 
2257 1029 1073 1664 
2258 1029 1664 1030 
2259 1327 1326 1328 
2260 1226 1327 1328 
2261 1108 1176 1328 
2262 618 924 928 
2263 767 925 924 
2264 618 617 924 
2265 617 669 924 
2266 1623 1453 1568 
2267 1452 1665 1453 
2268 1623 1451 1453 
2269 1451 1450 1453 
2270 743 1666 744 
2271 1666 1667 860 
2272 1429 1668 1669 
2273 1237 1429 1669 
2274 1383 1377 1669 
2275 1377 1650 1669 
2276 864 1670 1080 
2277 1078 1080 1670 
2278 864 829 1670 
2279 1078 1670 829 
2280 1515 1347 1671 
2281 1116 1515 1671 
2282 648 1117 1671 
2283 1116 1671 1117 
2284 926 927 803 
2285 802 803 927 
2286 926 928 927 
2287 802 927 925 
2288 1514 491 1513 
2289 493 1513 491 
2290 717 898 1069 
2291 818 1069 819 
2292 898 911 1069 
2293 1060 1054 1017 
2294 634 1018 1054 
2295 1060 1056 1054 
2296 1056 899 1054 
2297 1471 1342 867 
2298 1137 867 1342 
2299 922 1668 1576 
2300 1575 1672 1576 
2301 1429 1236 1576 
2302 1236 1574 1576 
2303 1256 1655 1560 
2304 1503 1256 1560 
2305 523 637 494 
2306 495 494 637 
2307 523 393 637 
2308 311 1673 479 
2309 512 479 1673 
2310 311 310 1673 
2311 512 1673 310 
2312 486 395 444 
2313 520 486 444 
2314 443 1059 444 
2315 1059 521 444 
2316 1621 427 429 
2317 462 429 428 
2318 890 1674 643 
2319 886 1675 887 
2320 937 1676 1677 
2321 938 937 1677 
2322 932 868 1677 
2323 938 1677 868 
2324 1678 1679 1541 
2325 1200 1199 1680 
2326 1538 1681 1539 
2327 1682 1275 1683 
2328 316 994 1648 
2329 993 1648 994 
2330 1684 1685 1686 
2331 1687 1688 1600 
2332 1599 1601 1098 
2333 1689 1278 1690 
2334 1691 1692 1693 
2335 1694 1695 1641 
2336 286 1281 1696 
2337 1697 1698 1344 
2338 1699 1700 1340 
2339 1701 1702 1596 
2340 1595 1593 1703 
2341 1704 1284 1703 
2342 1468 1597 1645 
2343 1597 1335 1645 
2344 1287 1705 1286 
2345 1706 1707 1708 
2346 1709 1710 1346 
2347 1711 1712 1611 
2348 1610 1609 1713 
2349 1714 1290 1713 
2350 1292 1715 1291 
2351 1257 1261 1506 
2352 1260 1506 1261 
2353 1257 1263 1261 
2354 1263 1262 1261 
2355 1536 1716 1620 
2356 689 1620 1716 
2357 1536 1566 1716 
2358 1566 1717 1716 
2359 1718 1719 1720 
2360 1268 1721 1722 
2361 1449 1268 1722 
2362 657 1448 1722 
2363 1449 1722 1448 
2364 1296 1723 1294 
2365 1155 1622 1297 
2366 1299 1724 1297 
2367 1725 1726 1727 
2368 1160 1728 1158 
2369 1729 1730 1731 
2370 1305 1732 1306 
2371 1630 1632 1733 
2372 1734 1735 1733 
2373 1220 1219 1148 
2374 1313 1736 1312 
2375 1737 1317 1314 
2376 1027 906 725 
2377 1023 693 906 
2378 1027 907 906 
2379 1023 906 905 
2380 1319 1323 1318 
2381 1262 1263 1101 
2382 985 987 982 
2383 975 974 987 
2384 985 981 987 
2385 981 1638 987 
2386 1617 1483 1459 
2387 323 322 1738 
2388 622 497 499 
2389 1739 1740 991 
2390 989 1607 1042 
2391 1739 1042 1607 
2392 848 918 1015 
2393 698 697 1015 
2394 795 848 697 
2395 536 367 606 
2396 591 593 1741 
2397 908 1742 1741 
2398 1502 1649 1650 
2399 1417 1502 1650 
2400 1237 1669 1650 
2401 1417 1650 1377 
2402 445 447 555 
2403 549 445 555 
2404 554 615 555 
2405 549 555 615 
2406 1267 1184 1654 
2407 1174 1254 1515 
2408 821 367 582 
2409 821 606 367 
2410 1016 816 662 
2411 661 1084 662 
2412 1016 662 1084 
2413 449 1743 531 
2414 449 358 1743 
2415 579 1743 358 
2416 1001 1048 1045 
2417 1046 1045 1048 
2418 1001 1018 1048 
2419 1018 1049 1048 
2420 1228 1227 390 
2421 1229 390 1227 
2422 1188 1744 1580 
2423 773 491 771 
2424 652 1509 1495 
2425 652 1745 1509 
2426 1352 1509 1548 
2427 642 730 554 
2428 779 615 554 
2429 756 663 662 
2430 816 756 662 
2431 1383 1669 1668 
2432 921 1383 1668 
2433 1429 1576 1668 
2434 921 1668 922 
2435 654 653 1218 
2436 456 1218 653 
2437 1594 1746 1747 
2438 659 1748 1438 
2439 1749 1750 1748 
2440 659 658 1748 
2441 1749 1748 658 
2442 1629 1751 1240 
2443 1332 1549 1331 
2444 1252 1331 1549 
2445 1332 1353 1549 
2446 1252 1549 1548 
2447 1554 1578 1552 
2448 1240 1239 1190 
2449 680 1582 602 
2450 1536 602 1582 
2451 680 1583 1582 
2452 1536 1582 1373 
2453 1646 1750 1752 
2454 1385 1646 1752 
2455 1749 684 1752 
2456 1385 1752 684 
2457 1452 499 1604 
2458 577 1753 709 
2459 708 709 1753 
2460 577 707 1753 
2461 708 1753 707 
2462 474 1754 406 
2463 610 406 1754 
2464 474 530 1754 
2465 430 1264 1426 
2466 413 1426 1266 
2467 430 1233 1264 
2468 1030 1664 1337 
2469 1408 1030 1337 
2470 1408 1337 1755 
2471 3 1399 57 
2472 1437 1537 1571 
2473 1118 1645 1335 
2474 1129 1335 1597 
2475 1118 1335 1756 
2476 1222 1180 1756 
2477 1118 1756 1180 
2478 1164 1659 1389 
2479 1164 1333 1659 
2480 1387 1564 1407 
2481 1466 1590 1564 
2482 1387 1563 1564 
2483 1466 1564 1212 
2484 923 1325 771 
2485 828 771 1325 
2486 1269 1081 923 
2487 828 1325 1081 
2488 341 623 461 
2489 655 1498 623 
2490 341 598 623 
2491 655 623 622 
2492 976 1757 880 
2493 963 880 1757 
2494 976 854 1757 
2495 963 1757 854 
2496 610 1754 529 
2497 530 529 1754 
2498 711 527 761 
2499 526 761 527 
2500 711 728 527 
2501 728 528 527 
2502 918 917 1015 
2503 1013 698 917 
2504 1164 1150 1333 
2505 1334 1333 1150 
2506 657 1721 1496 
2507 1497 1496 1721 
2508 657 1722 1721 
2509 1497 1721 1268 
2510 1487 302 1247 
2511 6 1247 302 
2512 889 1758 1053 
2513 764 1053 1758 
2514 889 765 1758 
2515 764 1758 765 
2516 463 462 631 
2517 507 463 631 
2518 630 603 631 
2519 507 631 360 
2520 995 1759 863 
2521 860 863 1759 
2522 995 806 1759 
2523 860 1759 1666 
2524 1388 1717 1566 
2525 689 1716 1717 
2526 1388 1386 1717 
2527 1386 683 1717 
2528 894 590 895 
2529 619 895 589 
2530 1058 900 753 
2531 1064 1760 900 
2532 1058 1057 900 
2533 1064 900 1057 
2534 1058 1492 899 
2535 953 1063 1019 
2536 886 885 891 
2537 1761 886 891 
2538 613 1047 891 
2539 1761 891 1047 
2540 1324 1272 1271 
2541 1079 1762 1271 
2542 1270 1636 1271 
2543 1079 1271 1636 
2544 1434 1674 1763 
2545 1435 1434 1763 
2546 1435 1763 1764 
2547 595 1765 826 
2548 822 826 1765 
2549 595 832 1765 
2550 822 1765 832 
2551 579 529 1743 
2552 531 1743 529 
2553 1514 1535 491 
2554 1548 1509 1745 
2555 1252 1548 1745 
2556 652 654 1745 
2557 1252 1745 654 
2558 430 1428 421 
2559 1427 421 1428 
2560 430 1426 1428 
2561 1426 1425 1428 
2562 755 620 909 
2563 1009 755 909 
2564 625 624 909 
2565 1009 909 624 
2566 940 1766 1020 
2567 726 1020 1766 
2568 940 780 1766 
2569 726 1766 780 
2570 730 729 554 
2571 779 554 729 
2572 1463 1557 1556 
2573 1023 1767 893 
2574 1065 893 1767 
2575 1023 905 1767 
2576 1065 1767 905 
2577 686 1768 696 
2578 663 696 1768 
2579 686 688 1768 
2580 663 1768 688 
2581 732 1760 762 
2582 1064 762 1760 
2583 732 754 1760 
2584 754 900 1760 
2585 1285 1283 1286 
2586 1282 1287 1283 
2587 1703 1284 1283 
2588 1324 1672 1272 
2589 1575 1272 1672 
2590 1324 922 1672 
2591 922 1576 1672 
2592 1385 683 1386 
2593 689 1717 683 
2594 1293 1289 1291 
2595 1288 1292 1289 
2596 1713 1290 1289 
2597 1436 1750 1646 
2598 1749 1752 1750 
2599 1436 1438 1750 
2600 1438 1748 1750 
2601 1000 999 1063 
2602 1019 1063 999 
2603 932 1676 930 
2604 936 930 1676 
2605 932 1677 1676 
2606 936 1676 937 
2607 1626 1614 1769 
2608 921 1384 1383 
2609 1378 1383 1382 
2610 1311 1307 1312 
2611 1309 1313 1307 
2612 1630 1308 1311 
2613 1093 1584 1460 
2614 1458 1460 1584 
2615 1315 1319 1316 
2616 1320 1316 1318 
2617 619 589 908 
2618 589 1770 908 
2619 593 691 1741 
2620 908 1741 691 
2621 648 1671 1253 
2622 984 965 850 
2623 834 833 965 
2624 834 965 842 
2625 1568 1453 1665 
2626 687 1568 1665 
2627 1452 1604 1665 
2628 687 1665 1604 
2629 1431 425 381 
2630 1635 1633 425 
2631 1431 426 425 
2632 1635 425 424 
2633 1452 1454 499 
2634 656 499 1454 
2635 1452 1450 1454 
2636 656 1454 1448 
2637 1412 125 1411 
2638 1126 1412 1411 
2639 144 339 1411 
2640 339 1644 1411 
2641 1489 1771 1490 
2642 1322 1125 1124 
2643 1336 1747 1337 
2644 1755 1337 1747 
2645 1336 1772 1747 
2646 1772 1594 1747 
2647 1303 1169 1168 
2648 1406 1170 1169 
2649 1406 1169 1579 
2650 1404 1166 1577 
2651 1404 1167 1166 
2652 1301 1166 1165 
2653 1398 1773 1555 
2654 1371 1774 1773 
2655 1398 1397 1773 
2656 1161 1775 1007 
2657 1003 649 1007 
2658 1151 1007 1006 
2659 1552 1479 942 
2660 1552 942 944 
2661 1154 1776 1152 
2662 1616 1152 1559 
2663 1561 1560 1559 
2664 1616 1559 1558 
2665 1356 1520 1518 
2666 1343 1472 1520 
2667 1356 1355 1520 
2668 1362 1522 1521 
2669 1339 1473 1522 
2670 1366 1525 1524 
2671 1345 1526 1525 
2672 1366 1365 1525 
2673 1204 1110 1202 
2674 1132 1202 1110 
2675 1207 1113 1205 
2676 1133 1205 1113 
2677 1542 1777 1070 
2678 1761 1777 587 
2679 1649 1502 1618 
2680 1128 1649 1618 
2681 1128 1618 1126 
2682 473 1778 1779 
2683 561 563 1779 
2684 563 992 1779 
2685 1321 1323 1124 
2686 1318 1323 1321 
2687 1124 1103 1321 
2688 1103 1102 1321 
2689 1461 1780 1401 
2690 1529 1508 1401 
2691 1529 1401 1400 
2692 1345 1476 1526 
2693 1345 1147 1476 
2694 1089 1088 1470 
2695 1071 1089 1470 
2696 1542 1070 1470 
2697 1071 1470 704 
2698 588 590 1744 
2699 1239 588 1744 
2700 1444 1580 1744 
2701 1239 1744 1188 
2702 1163 1781 1782 
2703 1136 1518 1519 
2704 1136 1519 1134 
2705 1782 1783 1005 
2706 831 866 1005 
2707 1782 1005 1003 
2708 1145 1524 1527 
2709 1145 1527 1143 
2710 1101 1263 1503 
2711 1597 1130 1129 
2712 1544 1131 1130 
2713 1597 1546 1130 
2714 1546 1545 1130 
2715 1784 1208 1142 
2716 1784 1209 1208 
2717 1556 1372 1785 
2718 1157 1786 1372 
2719 1519 1787 464 
2720 871 1788 876 
2721 870 871 876 
2722 870 876 402 
2723 871 556 1788 
2724 1785 1789 1788 
2725 1789 876 1788 
2726 1522 1362 1790 
2727 1790 1791 1522 
2728 1683 1681 1682 
2729 1683 1539 1681 
2730 1541 1681 1538 
2731 1690 1601 1689 
2732 1690 1098 1601 
2733 1599 1598 1601 
2734 1476 1792 1526 
2735 1792 1793 1777 
2736 1777 1542 1792 
2737 587 1793 465 
2738 465 1146 1219 
2739 1146 465 1793 
2740 1476 1146 1793 
2741 587 1777 1793 
2742 1476 1793 1792 
2743 1611 1712 1794 
2744 1713 1609 1794 
2745 1611 1794 1609 
2746 1596 1702 1795 
2747 1703 1593 1795 
2748 1596 1795 1593 
2749 556 1796 1788 
2750 556 1463 1796 
2751 1556 1796 1463 
2752 1297 1724 1728 
2753 1297 1728 1155 
2754 1152 1616 1615 
2755 1614 1626 1615 
2756 1627 1615 1626 
2757 1797 1798 1799 
2758 1632 1629 1628 
2759 1733 1632 1628 
2760 1306 1732 1628 
2761 1800 1801 1802 
2762 473 1803 316 
2763 473 1779 1803 
2764 1804 1572 1591 
2765 1475 1804 1805 
2766 1120 1806 1807 
2767 1120 1807 1121 
2768 1220 1808 1090 
2769 1221 1090 1808 
2770 1220 1809 1808 
2771 1221 1808 1608 
2772 1810 1811 1812 
2773 1813 1814 1815 
2774 1816 1817 1818 
2775 1819 1790 1361 
2776 1362 1361 1790 
2777 1820 1821 1822 
2778 1816 1823 1824 
2779 1359 1825 1826 
2780 1827 1828 1829 
2781 1201 1830 1199 
2782 1457 1040 1830 
2783 1457 1830 986 
2784 646 1218 1781 
2785 1783 1782 1781 
2786 646 1781 1163 
2787 379 1467 1572 
2788 1475 379 1572 
2789 1571 1591 1572 
2790 1475 1572 1804 
2791 1432 548 644 
2792 550 645 644 
2793 1674 644 643 
2794 1143 1831 1144 
2795 1209 1832 1831 
2796 1143 1087 1831 
2797 1209 1831 1087 
2798 1810 1833 1834 
2799 1813 1835 1836 
2800 1837 1838 1839 
2801 1657 1656 1840 
2802 1657 1840 1485 
2803 1526 1792 1527 
2804 1662 1841 1358 
2805 1359 1358 1841 
2806 1662 1825 1841 
2807 1359 1841 1825 
2808 1254 1516 1584 
2809 1254 60 1516 
2810 119 1516 134 
2811 1240 1190 1842 
2812 1843 1304 1842 
2813 991 1844 1739 
2814 986 1845 1336 
2815 986 1830 1845 
2816 1201 1845 1830 
2817 1541 1493 1510 
2818 1820 1846 1847 
2819 1181 1848 1182 
2820 1225 1849 1848 
2821 1181 1091 1848 
2822 1225 1848 1091 
2823 1622 1370 1298 
2824 1297 1622 1298 
2825 1294 1723 1298 
2826 1723 1299 1298 
2827 1827 1829 1837 
2828 1827 1837 1839 
2829 1797 1850 1851 
2830 1797 1799 1850 
2831 1800 1802 1852 
2832 1800 1852 1853 
2833 1686 1109 1854 
2834 1855 1856 1243 
2835 1191 1243 1856 
2836 1855 1857 1856 
2837 1191 1856 1192 
2838 1693 1112 1858 
2839 1696 287 286 
2840 3 2 287 
2841 1696 1489 287 
2842 1404 1859 1403 
2843 1860 1403 1859 
2844 1404 1187 1859 
2845 1406 1861 1405 
2846 1862 1405 1861 
2847 1406 1193 1861 
2848 1190 1863 1842 
2849 1843 1842 1863 
2850 1843 1863 1864 
2851 1100 1865 1598 
2852 1642 1598 1865 
2853 1100 1085 1865 
2854 1860 1866 1726 
2855 1727 1726 1866 
2856 1137 1867 1868 
2857 867 1137 1868 
2858 867 1868 991 
2859 1231 1869 1569 
2860 1634 1869 1446 
2861 1226 1870 1227 
2862 1226 1328 1870 
2863 1693 1692 1871 
2864 1853 1871 1692 
2865 1328 1176 1870 
2866 1493 1495 1510 
2867 1686 1685 1872 
2868 1851 1872 1685 
2869 1656 1349 1840 
2870 1351 1840 1349 
2871 1134 1086 1873 
2872 1640 1135 1873 
2873 1134 1873 1135 
2874 826 861 1874 
2875 743 808 1874 
2876 1742 908 1770 
2877 1875 1742 1770 
2878 589 588 1770 
2879 826 1874 824 
2880 808 824 1874 
2881 1876 1877 1707 
2882 1708 1707 1877 
2883 1878 1879 1719 
2884 1720 1719 1879 
2885 1731 1730 1880 
2886 1862 1880 1730 
2887 1779 992 1803 
2888 996 1803 992 
2889 1739 1607 1740 
2890 972 586 1740 
2891 586 991 1740 
2892 1881 1882 1695 
2893 1641 1695 1882 
2894 1153 1883 1884 
2895 1885 1886 1884 
2896 1153 1884 1886 
2897 1179 1887 1414 
2898 1414 149 1179 
2899 20 1179 21 
2900 1541 1888 1681 
2901 1682 1681 1888 
2902 1541 1679 1888 
2903 1682 1888 1679 
2904 1286 1705 1889 
2905 1834 1889 1705 
2906 1291 1715 1890 
2907 1847 1890 1715 
2908 1344 1698 1891 
2909 1892 1891 1698 
2910 1340 1700 1893 
2911 1824 1893 1700 
2912 1836 1894 1710 
2913 1346 1710 1894 
2914 1689 1895 1688 
2915 1600 1688 1895 
2916 1689 1601 1895 
2917 1600 1895 1601 
2918 1246 1896 1858 
2919 1897 1896 1276 
2920 45 347 320 
2921 1612 320 347 
2922 45 106 347 
2923 467 466 1898 
2924 467 1898 887 
2925 1258 1899 1854 
2926 1900 1899 1273 
2927 1312 1901 1625 
2928 1312 1736 1901 
2929 1902 1901 1736 
2930 1499 1462 1244 
2931 1243 1244 1241 
2932 1462 1588 1241 
2933 1696 1281 1280 
2934 1368 1280 1279 
2935 20 1887 1179 
2936 1603 1414 1887 
2937 1603 1887 1544 
2938 1556 1774 1372 
2939 1371 1372 1774 
2940 1556 1555 1774 
2941 1555 1773 1774 
2942 1903 1904 949 
2943 1903 1444 1904 
2944 1041 1905 1473 
2945 1523 1473 1905 
2946 1041 1042 1905 
2947 1351 1353 1840 
2948 1485 1840 1353 
2949 1471 1906 1907 
2950 1472 1471 1907 
2951 1787 1519 1907 
2952 1472 1907 1519 
2953 1727 1866 1908 
2954 1187 1158 1908 
2955 1727 1908 1158 
2956 1739 1844 1042 
2957 1657 1485 1909 
2958 1657 1909 1658 
2959 1320 1910 1776 
2960 1154 1320 1776 
2961 1561 1559 1776 
2962 1559 1152 1776 
2963 1359 1911 1357 
2964 1892 1357 1911 
2965 1359 1139 1911 
2966 1614 1912 1769 
2967 627 1913 1912 
2968 627 1912 1602 
2969 1215 1914 1591 
2970 1215 1214 1914 
2971 1805 1914 1214 
2972 1703 1795 1704 
2973 1702 1704 1795 
2974 1490 1458 1915 
2975 119 55 1915 
2976 1490 1915 55 
2977 1712 1714 1794 
2978 1713 1794 1714 
2979 1708 1877 1916 
2980 1145 1144 1916 
2981 1708 1916 1144 
2982 1824 1823 1893 
2983 1641 1882 1917 
2984 1136 1135 1917 
2985 1641 1917 1135 
2986 1344 1918 1138 
2987 1139 1138 1918 
2988 1344 1891 1918 
2989 806 879 1919 
2990 1666 1759 1919 
2991 806 1919 1759 
2992 1788 1796 1785 
2993 1556 1785 1796 
2994 1569 1869 1653 
2995 1627 1625 1920 
2996 1902 1885 1920 
2997 20 1921 1887 
2998 1544 1887 1921 
2999 20 110 1921 
3000 1674 1922 1763 
3001 1674 1898 1922 
3002 466 1922 1898 
3003 1658 1909 1367 
3004 1368 1367 1909 
3005 119 1915 1516 
3006 1584 1516 1915 
3007 1584 1915 1458 
3008 1742 1923 1741 
3009 1741 1913 591 
3010 1881 1917 1882 
3011 1149 1363 1924 
3012 1334 1925 1612 
3013 1457 970 1926 
3014 989 1041 1926 
3015 1041 1040 1926 
3016 1927 1928 1300 
3017 1301 1300 1928 
3018 1720 1879 1929 
3019 1183 1182 1929 
3020 1720 1929 1182 
3021 1916 1930 1145 
3022 1876 1916 1877 
3023 1836 1835 1894 
3024 1485 1484 1909 
3025 1368 1909 1484 
3026 1570 1931 1159 
3027 1160 1159 1931 
3028 1570 1932 1931 
3029 1160 1931 1156 
3030 1731 1933 1192 
3031 1193 1192 1933 
3032 1731 1880 1933 
3033 1805 1804 1914 
3034 1591 1914 1804 
3035 1140 1142 1934 
3036 1755 1746 1934 
3037 1140 1934 1285 
3038 1834 1833 1889 
3039 1929 1935 1183 
3040 1878 1929 1879 
3041 1847 1846 1890 
3042 1096 1936 1121 
3043 1096 1095 1936 
3044 1123 1936 1095 
3045 1171 1173 1937 
3046 1764 1938 1937 
3047 1171 1937 1293 
3048 382 381 1447 
3049 388 382 1447 
3050 1446 1939 1447 
3051 388 1447 386 
3052 1155 1728 1160 
3053 1727 1158 1728 
3054 1151 1150 1940 
3055 1161 1007 1940 
3056 1151 1940 1007 
3057 1247 1941 1618 
3058 1412 1618 1941 
3059 1412 1941 124 
3060 1189 1942 1190 
3061 1139 1918 1911 
3062 1892 1911 1918 
3063 1892 1918 1891 
3064 887 1898 890 
3065 1674 890 1898 
3066 1733 1308 1630 
3067 1307 1311 1308 
3068 1733 1735 1308 
3069 1735 1309 1308 
3070 1862 1933 1880 
3071 1862 1861 1933 
3072 1193 1933 1861 
3073 1860 1908 1866 
3074 1860 1859 1908 
3075 1187 1908 1859 
3076 1109 1194 1854 
3077 1258 1854 1194 
3078 1112 1195 1858 
3079 1246 1858 1195 
3080 1464 1259 1943 
3081 1465 457 1943 
3082 1464 1943 457 
3083 1783 1944 1066 
3084 458 1066 1944 
3085 458 1944 456 
3086 1851 1850 1872 
3087 1853 1852 1871 
3088 1602 1912 1558 
3089 1199 1830 1040 
3090 1341 1945 1040 
3091 1457 1926 1040 
3092 1341 1040 1039 
3093 1787 1946 1947 
3094 464 1787 1947 
3095 582 367 1947 
3096 464 1947 367 
3097 1233 1265 1264 
3098 1651 1266 1265 
3099 1233 1497 1265 
3100 1184 1948 1185 
3101 1329 1185 1948 
3102 1184 1391 1948 
3103 1329 1948 1391 
3104 1310 1626 1949 
3105 1950 1951 1949 
3106 1310 1949 1311 
3107 1952 1953 1825 
3108 1826 1825 1953 
3109 1523 1954 1952 
3110 1952 1825 1661 
3111 1662 1661 1825 
3112 894 1955 590 
3113 894 1904 1955 
3114 1444 1955 1904 
3115 1218 456 1944 
3116 1783 1781 1944 
3117 1218 1944 1781 
3118 1764 1763 1922 
3119 466 1221 1922 
3120 1221 1938 1922 
3121 1531 1392 1956 
3122 1418 1957 1956 
3123 1531 1956 1532 
3124 991 1958 1844 
3125 1826 1954 1958 
3126 991 1868 1958 
3127 1826 1958 1868 
3128 1102 1910 1320 
3129 1561 1776 1910 
3130 1101 1959 1102 
3131 1362 1960 1360 
3132 1660 1360 1960 
3133 1302 1961 1303 
3134 1189 1303 1961 
3135 1302 1962 1961 
3136 1201 1772 1845 
3137 1336 1845 1772 
3138 939 943 947 
3139 1588 1462 943 
3140 939 944 943 
3141 1588 943 942 
3142 1881 1963 1917 
3143 1881 1354 1963 
3144 1356 1963 1354 
3145 1878 1935 1929 
3146 1398 1183 1935 
3147 1878 1396 1935 
3148 1398 1935 1396 
3149 1642 1202 1799 
3150 1366 1930 1364 
3151 1876 1364 1930 
3152 1366 1145 1930 
3153 1876 1930 1916 
3154 1640 1205 1802 
3155 1156 1931 1932 
3156 1789 1156 1932 
3157 1570 403 1932 
3158 1209 1812 1832 
3159 1708 1144 1832 
3160 1144 1831 1832 
3161 1258 1964 1899 
3162 1683 1964 1539 
3163 1965 1201 1639 
3164 1200 1639 1201 
3165 1639 1592 1965 
3166 1201 1965 1772 
3167 1246 1277 1896 
3168 1246 1099 1277 
3169 1690 1277 1098 
3170 1186 1966 1654 
3171 1480 1654 1966 
3172 1480 1966 1481 
3173 758 1008 756 
3174 696 663 1008 
3175 758 690 1008 
3176 971 1967 483 
3177 1073 483 1967 
3178 971 986 1967 
3179 1316 1968 1317 
3180 1314 1317 1968 
3181 1314 1968 1154 
3182 1969 1424 1422 
3183 1176 397 1424 
3184 1969 1870 1424 
3185 1176 1424 1870 
3186 879 744 1919 
3187 1666 1919 744 
3188 771 491 1535 
3189 923 771 1535 
3190 1514 1384 1535 
3191 1384 921 1535 
3192 1442 1444 1903 
3193 1442 1903 1244 
3194 1220 1815 1809 
3195 1611 1608 1809 
3196 1608 1808 1809 
3197 1199 1040 1945 
3198 1680 1199 1945 
3199 1341 1338 1945 
3200 1338 1970 1945 
3201 1756 1335 1445 
3202 330 1223 1445 
3203 1756 1445 1222 
3204 1875 1751 1631 
3205 1629 1631 1751 
3206 1875 1238 1751 
3207 1238 1240 1751 
3208 1329 1390 1395 
3209 1394 1634 1395 
3210 1635 1395 1634 
3211 1592 1594 1965 
3212 1772 1965 1594 
3213 1578 1477 1479 
3214 1578 1166 1477 
3215 1301 1477 1166 
3216 1114 562 561 
3217 365 563 562 
3218 1114 1207 562 
3219 1207 366 562 
3220 1639 1200 1818 
3221 1561 1959 1503 
3222 1101 1503 1959 
3223 1561 1910 1959 
3224 1910 1102 1959 
3225 1150 1164 1940 
3226 1161 1940 1164 
3227 1006 1971 1151 
3228 1006 1119 1971 
3229 1180 1971 1119 
3230 1225 1822 1849 
3231 1720 1182 1849 
3232 1182 1848 1849 
3233 1627 1920 1884 
3234 1885 1884 1920 
3235 1792 1542 1527 
3236 1088 1527 1542 
3237 1660 1960 1661 
3238 1960 1972 1661 
3239 458 471 1067 
3240 314 1648 471 
3241 458 1465 471 
3242 1465 472 471 
3243 1151 1971 1149 
3244 1180 1149 1971 
3245 1501 1075 1500 
3246 1251 1501 1500 
3247 1077 1498 1500 
3248 1251 1500 1498 
3249 1497 1267 1973 
3250 1651 1265 1973 
3251 1497 1973 1265 
3252 386 1447 1939 
3253 1231 386 1939 
3254 1446 1869 1939 
3255 1231 1939 1869 
3256 1177 1974 1389 
3257 647 1389 1974 
3258 1177 1250 1974 
3259 1244 1903 1499 
3260 1241 1244 1462 
3261 1903 949 1499 
3262 949 945 1499 
3263 1123 1122 1936 
3264 1121 1936 1122 
3265 1855 1829 1857 
3266 1731 1192 1857 
3267 1192 1856 1857 
3268 949 1904 896 
3269 894 896 1904 
3270 628 734 851 
3271 850 833 851 
3272 628 851 833 
3273 1627 1883 1615 
3274 1152 1615 1883 
3275 1627 1884 1883 
3276 1152 1883 1153 
3277 1198 1266 1652 
3278 1651 1654 1652 
3279 1480 1652 1654 
3280 330 1445 331 
3281 1335 331 1445 
3282 1376 1562 1375 
3283 1228 1530 1562 
3284 1376 1327 1562 
3285 1228 1562 1226 
3286 1928 1478 1301 
3287 1392 1393 1956 
3288 1418 1956 1393 
3289 1595 1746 1594 
3290 1755 1747 1746 
3291 1595 1975 1746 
3292 1285 1934 1746 
3293 1798 1643 1799 
3294 1798 1687 1643 
3295 1600 1643 1687 
3296 996 1976 1803 
3297 316 1803 1976 
3298 996 994 1976 
3299 316 1976 994 
3300 1626 1769 1949 
3301 1950 1949 1769 
3302 1247 12 1941 
3303 124 1941 12 
3304 647 1974 1117 
3305 1250 1117 1974 
3306 1186 1421 1966 
3307 1481 1966 1421 
3308 1186 384 1421 
3309 1481 1421 1420 
3310 690 684 1008 
3311 684 1977 1008 
3312 110 326 1921 
3313 1544 1921 326 
3314 1073 1978 1336 
3315 986 1336 1978 
3316 1073 1967 1978 
3317 986 1978 1967 
3318 1003 1007 1775 
3319 1782 1003 1775 
3320 1161 1163 1775 
3321 1782 1775 1163 
3322 1280 1617 1771 
3323 1696 1280 1771 
3324 1459 1490 1771 
3325 1696 1771 1489 
3326 1303 1189 1979 
3327 1443 1581 1580 
3328 1362 1521 1972 
3329 1952 1661 1972 
3330 1362 1972 1960 
3331 1346 1980 1709 
3332 1981 1709 1980 
3333 1346 1345 1980 
3334 1340 1982 1699 
3335 1819 1699 1982 
3336 1340 1339 1982 
3337 1344 1343 1983 
3338 1984 1697 1983 
3339 1344 1983 1697 
3340 1801 1985 1802 
3341 1801 1694 1985 
3342 1641 1985 1694 
3343 1541 1510 1986 
3344 1350 1678 1986 
3345 1541 1986 1678 
3346 1149 1925 1150 
3347 1334 1150 1925 
3348 1149 1924 1925 
3349 1924 1612 1925 
3350 1189 1188 1979 
3351 1580 1979 1188 
3352 403 1553 401 
3353 403 1570 1553 
3354 1570 1554 1553 
3355 403 876 1932 
3356 1789 1932 876 
3357 1523 1905 1844 
3358 1042 1844 1905 
3359 401 1553 944 
3360 1552 944 1553 
3361 734 735 851 
3362 735 763 851 
3363 1817 1987 1818 
3364 1817 1701 1987 
3365 1596 1987 1701 
3366 1558 1912 1616 
3367 1614 1616 1912 
3368 1821 1849 1822 
3369 1821 1718 1849 
3370 1720 1849 1718 
3371 1828 1857 1829 
3372 1828 1729 1857 
3373 1731 1857 1729 
3374 1811 1832 1812 
3375 1811 1706 1832 
3376 1708 1832 1706 
3377 1442 1988 1579 
3378 1193 1579 1988 
3379 1442 1191 1988 
3380 1193 1988 1191 
3381 1659 1482 1177 
3382 348 1178 1482 
3383 1659 1333 1482 
3384 1630 1951 1631 
3385 1950 1989 1951 
3386 1630 1311 1951 
3387 1311 1949 1951 
3388 654 1217 1252 
3389 1253 1252 1217 
3390 654 1218 1217 
3391 1253 1217 1216 
3392 1610 1938 1221 
3393 1764 1922 1938 
3394 1610 1990 1938 
3395 1293 1937 1938 
3396 1253 1671 1092 
3397 1347 1092 1671 
3398 1259 1464 1991 
3399 1259 1991 1258 
3400 1119 1992 1082 
3401 651 1082 1992 
3402 651 1992 649 
3403 1814 1809 1815 
3404 1814 1711 1809 
3405 1611 1809 1711 
3406 1173 1435 1937 
3407 1764 1937 1435 
3408 1686 1993 1684 
3409 1900 1684 1993 
3410 1686 1854 1993 
3411 1693 1994 1691 
3412 1897 1691 1994 
3413 1693 1858 1994 
3414 3 287 1399 
3415 1489 1399 287 
3416 1303 1581 1169 
3417 1443 1579 1581 
3418 1303 1979 1581 
3419 1979 1580 1581 
3420 582 1947 1946 
3421 583 582 1946 
3422 1787 1906 1946 
3423 583 1946 584 
3424 1823 1995 1680 
3425 1333 349 1482 
3426 348 1482 349 
3427 1807 1780 1121 
3428 467 887 1675 
3429 587 467 1675 
3430 886 1761 1675 
3431 587 1675 1761 
3432 1379 1381 350 
3433 1380 350 1381 
3434 1379 1378 1381 
3435 1378 1382 1381 
3436 1953 1952 1954 
3437 1826 1953 1954 
3438 1523 1844 1954 
3439 1844 1958 1954 
3440 1635 1410 1395 
3441 1329 1395 1410 
3442 1635 424 1410 
3443 1329 1410 1330 
3444 1119 1996 1992 
3445 649 1992 1996 
3446 1119 1006 1996 
3447 649 1996 1006 
3448 1198 1248 1196 
3449 1480 1249 1248 
3450 1198 1652 1248 
3451 1480 1248 1652 
3452 696 1977 658 
3453 1749 658 1977 
3454 696 1008 1977 
3455 1749 1977 684 
3456 1324 1271 1762 
3457 1269 1324 1762 
3458 1079 1078 1762 
3459 1269 1762 1078 
3460 1511 1997 1528 
3461 1529 1528 1997 
3462 1511 1512 1997 
3463 1142 1408 1934 
3464 1755 1934 1408 
3465 1314 1998 1737 
3466 1886 1737 1998 
3467 1314 1153 1998 
3468 1886 1998 1153 
3469 1494 1538 1540 
3470 1464 1494 1540 
3471 1539 1991 1540 
3472 1464 1540 1991 
3473 1371 1773 1295 
3474 1999 1296 1295 
3475 1371 1295 1294 
3476 1969 2000 1870 
3477 1227 1870 2000 
3478 1969 1230 2000 
3479 1227 2000 1230 
3480 1285 1975 1283 
3481 1703 1283 1975 
3482 1285 1746 1975 
3483 1703 1975 1595 
3484 1267 1654 1973 
3485 1651 1973 1654 
3486 1612 1924 320 
3487 1363 320 1924 
3488 942 1589 1588 
3489 2001 1242 1589 
3490 942 1479 1589 
3491 2001 1589 1479 
3492 1132 1850 1202 
3493 1799 1202 1850 
3494 1802 1205 1852 
3495 1133 1852 1205 
3496 1240 2002 1629 
3497 1306 1629 2002 
3498 1240 1842 2002 
3499 1532 1957 1379 
3500 1416 1379 1957 
3501 1532 1956 1957 
3502 1416 1957 1418 
3503 591 1913 627 
3504 1769 1912 1913 
3505 1432 644 1434 
3506 1674 1434 644 
3507 1913 1741 1923 
3508 1769 1913 1923 
3509 1742 1989 1923 
3510 1769 1923 1950 
3511 2003 1100 1099 
3512 1245 2003 1099 
3513 1098 1277 1099 
3514 1245 1099 1246 
3515 1085 1203 1865 
3516 1642 1865 1203 
3517 1085 1204 1203 
3518 1642 1203 1202 
3519 1529 1997 1504 
3520 1512 1504 1997 
3521 1724 2004 1728 
3522 1727 1728 2004 
3523 1724 1725 2004 
3524 1727 2004 1725 
3525 1981 2005 1365 
3526 1525 1365 2005 
3527 1525 2005 1345 
3528 1875 1989 1742 
3529 1950 1923 1989 
3530 1875 1631 1989 
3531 1631 1951 1989 
3532 1984 2006 1355 
3533 1520 1355 2006 
3534 1520 2006 1343 
3535 1293 1990 1289 
3536 1713 1289 1990 
3537 1293 1938 1990 
3538 1713 1990 1610 
3539 1232 1439 1534 
3540 1467 1232 1534 
3541 1437 1571 1534 
3542 1467 1534 1571 
3543 1451 2007 1449 
3544 1391 1449 2007 
3545 1451 2008 2007 
3546 1391 2007 1390 
3547 1819 1791 1790 
3548 1339 1522 1791 
3549 1819 1982 1791 
3550 1339 1791 1982 
3551 498 699 499 
3552 1604 499 699 
3553 498 661 699 
3554 1604 699 688 
3555 1343 2006 1983 
3556 1984 1983 2006 
3557 1465 1943 472 
3558 1123 2009 1124 
3559 1103 1124 2009 
3560 1123 1369 2009 
3561 1103 2009 1369 
3562 1154 1968 1320 
3563 1316 1320 1968 
3564 1259 1194 1943 
3565 472 1943 1194 
3566 1981 1980 2005 
3567 1345 2005 1980 
3568 1779 2010 561 
3569 1245 561 2010 
3570 1779 1778 2010 
3571 1245 2010 2003 
3572 2001 1478 2011 
3573 1837 2011 1838 
3574 1928 1927 1838 
3575 1927 1839 1838 
3576 106 39 347 
3577 1612 347 346 
3578 1258 1991 1964 
3579 1539 1964 1991 
3580 1521 1523 1972 
3581 1952 1972 1523 
3582 1875 1770 1238 
3583 588 1238 1770 
3584 1390 2007 2008 
3585 1394 1390 2008 
3586 1451 1623 2008 
3587 1623 2012 2008 
3588 1640 1206 1205 
3589 1086 1207 1206 
3590 1640 1873 1206 
3591 1086 1206 1873 
3592 1100 1778 1085 
3593 473 1085 1778 
3594 1100 2003 1778 
3595 2003 2010 1778 
3596 1066 1068 1783 
3597 1005 1783 1068 
3598 1066 830 1068 
3599 830 831 1068 
3600 1368 1617 1280 
3601 1459 1771 1617 
3602 970 990 1926 
3603 989 1926 990 
3604 970 968 990 
3605 968 969 990 
3606 1557 2013 1555 
3607 1183 1555 2013 
3608 1557 1181 2013 
3609 1183 2013 1181 
3610 1096 1780 1461 
3611 1738 1401 1780 
3612 1096 1121 1780 
3613 1738 1780 1807 
3614 1738 2014 323 
3615 1806 323 2014 
3616 1738 1807 2014 
3617 1806 2014 1807 
3618 1607 2015 1740 
3619 972 1740 2015 
3620 1607 973 2015 
3621 972 2015 973 
3622 584 1906 867 
3623 1471 867 1906 
3624 584 1946 1906 
3625 1787 1907 1906 
3626 861 1667 1874 
3627 743 1874 1667 
3628 861 860 1667 
3629 743 1667 1666 
3630 1402 2016 322 
3631 1738 322 2016 
3632 1402 1401 2016 
3633 1738 2016 1401 
3634 993 609 1647 
3635 1067 993 1647 
3636 608 830 1647 
3637 830 1066 1647 
3638 1826 1867 1359 
3639 1139 1359 1867 
3640 1826 1868 1867 
3641 1139 1867 1137 
3642 520 1492 485 
3643 753 495 1492 
3644 520 899 1492 
3645 753 1492 1058 
3646 850 1637 984 
3647 856 980 1637 
3648 850 763 1637 
3649 856 1637 736 
3650 1509 1352 1510 
3651 1351 1510 1352 
3652 1444 1744 1955 
3653 590 1955 1744 
3654 1484 1332 1483 
3655 1617 1484 1483 
3656 1094 1460 1483 
3657 1460 1459 1483 
3658 1224 1173 2017 
3659 1224 2017 1225 
3660 1732 2018 1628 
3661 1733 1628 2018 
3662 1732 1734 2018 
3663 1733 2018 1734 
3664 1077 1547 461 
3665 342 461 1547 
3666 1077 1076 1547 
3667 342 1547 569 
3668 1554 2019 1577 
3669 1187 1577 2019 
3670 1554 1159 2019 
3671 1187 2019 1159 
3672 1777 1587 1070 
3673 1047 705 1587 
3674 1777 1761 1587 
3675 1047 1587 1761 
3676 1850 1132 2020 
3677 1686 1872 2020 
3678 1850 2020 1872 
3679 1852 1133 2021 
3680 1693 1871 2021 
3681 1852 2021 1871 
3682 1893 1970 1340 
3683 1889 1141 1286 
3684 1894 2022 1346 
3685 1890 1172 1291 
3686 1132 1109 2020 
3687 1686 2020 1109 
3688 1133 1112 2021 
3689 1693 2021 1112 
3690 1596 1639 1987 
3691 1818 1987 1639 
3692 1690 1278 1277 
3693 1896 1277 1276 
3694 1833 1141 1889 
3695 1140 1286 1141 
3696 1833 1784 1141 
3697 1784 1142 1141 
3698 1818 1995 1816 
3699 1823 1816 1995 
3700 1818 1200 1995 
3701 1200 1680 1995 
3702 1899 1274 1273 
3703 1683 1275 1274 
3704 1899 1964 1274 
3705 1683 1274 1964 
3706 1799 1643 1642 
3707 1600 1598 1643 
3708 1846 1172 1890 
3709 1171 1291 1172 
3710 1846 2017 1172 
3711 2017 1173 1172 
3712 1802 1985 1640 
3713 1641 1640 1985 
3714 1833 2023 1784 
3715 1833 1810 2023 
3716 1812 2023 1810 
3717 1812 1209 2023 
3718 1784 2023 1209 
3719 1823 1970 1893 
3720 1338 1340 1970 
3721 1823 1680 1970 
3722 1680 1945 1970 
3723 1838 2011 1478 
3724 1928 1838 1478 
3725 2001 1479 1478 
3726 1477 1301 1478 
3727 1897 1994 1896 
3728 1858 1896 1994 
3729 1148 1835 2024 
3730 1815 1220 2024 
3731 1148 2024 1220 
3732 1147 2022 1148 
3733 1835 1148 2022 
3734 1147 1346 2022 
3735 1835 2022 1894 
3736 1900 1993 1899 
3737 1854 1899 1993 
3738 1835 1813 2024 
3739 1815 2024 1813 
3740 2017 1846 2025 
3741 1822 1225 2025 
3742 1225 2017 2025 
3743 1822 2025 1820 
3744 1846 1820 2025 
3745 1842 1304 2002 
3746 1306 2002 1304 
3747 1863 1942 1864 
3748 1863 1190 1942 
3749 1961 1942 1189 
3750 1789 1786 1156 
3751 1157 1156 1786 
3752 1789 1785 1786 
3753 1785 1372 1786 
3754 1917 1963 1136 
3755 1356 1136 1963 
3756 1999 1295 1397 
3757 1773 1397 1295 
3758 1829 2026 1837 
3759 2011 1837 2026 
3760 1829 1855 2026 
3761 2011 2026 1855 
3762 1864 1942 1962 
3763 1961 1962 1942 
3764 1653 2012 1623 
3765 1394 2008 2012 
3766 1653 1869 2012 
3767 1625 1901 1920 
3768 1902 1920 1901 
3769 1869 1634 2012 
3770 1394 2012 1634 
3771 1855 1243 1242 
3772 2011 1855 1242 
3773 1241 1589 1242 
3774 2011 1242 2001 
3775 1510 1351 1986 
3776 1350 1986 1351 
3777 164 165 2027 
3778 359 165 16 
3779 371 2027 359 
3780 422 421 2028 
3781 2029 2030 2031 
3782 488 2032 405 
3783 455 2033 507 
3784 2034 2035 2036 
3785 2037 2038 2039 
3786 2040 2041 2042 
3787 2043 2044 2045 
3788 573 2046 290 
3789 2047 2048 2049 
3790 2050 368 313 
3791 2051 2052 2053 
3792 318 2054 2055 
3793 2056 2057 2058 
3794 2059 368 2050 
3795 450 2060 2061 
3796 174 2062 239 
3797 2063 317 300 
3798 1076 2064 2065 
3799 1076 1075 2064 
3800 2066 2067 168 
3801 477 569 2068 
3802 2069 2070 203 
3803 2071 2072 2041 
3804 270 2073 2074 
3805 423 2075 568 
3806 2076 336 575 
3807 211 2077 197 
3808 2078 2048 2079 
3809 204 2080 205 
3810 2081 2082 2083 
3811 487 2084 394 
3812 2085 2086 2087 
3813 2085 2084 2088 
3814 2089 2090 2091 
3815 449 531 2092 
3816 2093 2094 2095 
3817 2032 2096 2097 
3818 2098 2095 2099 
3819 421 2100 2028 
3820 2068 2101 2102 
3821 419 2103 417 
3822 2103 2104 417 
3823 417 2104 416 
3824 2105 2104 2106 
3825 2040 2107 337 
3826 2108 2109 2110 
3827 2111 2112 2113 
3828 2114 2115 2116 
3829 2117 2118 2119 
3830 2120 2121 2122 
3831 159 2070 2 
3832 463 507 2123 
3833 2124 2125 2126 
3834 2127 2128 2129 
3835 2130 2072 2071 
3836 2131 2132 2133 
3837 573 2134 2046 
3838 2135 2136 2137 
3839 2138 2139 2054 
3840 2061 489 450 
3841 2140 300 299 
3842 440 2141 441 
3843 2088 568 2075 
3844 2142 2143 2144 
3845 359 2027 165 
3846 2145 2146 2137 
3847 2033 2147 2148 
3848 288 2081 2039 
3849 323 2149 324 
3850 2150 429 463 
3851 535 295 2151 
3852 2152 2064 2153 
3853 475 2154 534 
3854 2129 2155 2156 
3855 2048 2157 2049 
3856 337 2107 299 
3857 2158 2159 2160 
3858 2161 2137 2136 
3859 2162 2163 2164 
3860 2165 2098 2166 
3861 2167 2053 2168 
3862 2169 2089 2170 
3863 2171 2172 2173 
3864 2090 2174 2175 
3865 477 2102 475 
3866 2037 2081 2083 
3867 2039 363 288 
3868 2176 2054 2177 
3869 2055 519 318 
3870 394 2178 440 
3871 2179 2180 2181 
3872 489 2182 488 
3873 2183 2135 2137 
3874 2051 2184 2052 
3875 2128 2127 2185 
3876 2168 2186 2187 
3877 2033 2188 2123 
3878 2189 2190 2191 
3879 2192 2126 2193 
3880 2194 2195 2196 
3881 2170 2091 2197 
3882 2094 2093 2162 
3883 2173 2198 2163 
3884 2183 2199 2200 
3885 2201 2202 2203 
3886 2204 2191 2205 
3887 2034 2151 295 
3888 2034 2036 2206 
3889 2207 2044 2043 
3890 2208 2048 2047 
3891 2209 2210 2211 
3892 2134 2059 2078 
3893 364 363 2038 
3894 364 2212 389 
3895 2213 2214 2215 
3896 2216 2217 2218 
3897 2219 2220 2221 
3898 2040 2222 2041 
3899 2223 480 519 
3900 2050 313 2224 
3901 2178 2225 2141 
3902 2085 2087 2056 
3903 2076 575 2226 
3904 2058 2057 2227 
3905 2228 2229 2230 
3906 2231 307 448 
3907 2182 2232 2032 
3908 2145 2137 2161 
3909 2233 530 474 
3910 2234 2235 2236 
3911 2237 2238 2239 
3912 2101 2068 2240 
3913 2241 2242 2243 
3914 2244 2242 2241 
3915 463 2123 2150 
3916 2245 2246 2247 
3917 2123 2168 2150 
3918 2248 2249 2189 
3919 2202 2201 2250 
3920 2098 2099 2251 
3921 2252 2050 2224 
3922 290 2081 288 
3923 2082 2134 2079 
3924 2082 2081 2046 
3925 2081 290 2046 
3926 2038 2212 364 
3927 2081 2037 2039 
3928 2147 389 2212 
3929 2253 2254 2255 
3930 2071 2256 2130 
3931 2257 2226 2141 
3932 2140 2063 300 
3933 317 2054 318 
3934 2140 2138 2063 
3935 2138 2054 2063 
3936 2054 317 2063 
3937 2258 2140 2259 
3938 2140 2107 2042 
3939 2223 2224 480 
3940 2054 2176 2055 
3941 441 2226 575 
3942 2225 2257 2141 
3943 568 2088 487 
3944 2260 2261 2086 
3945 2262 2260 2086 
3946 2263 2264 2265 
3947 2232 2096 2032 
3948 2246 2266 2267 
3949 2268 2101 2269 
3950 2154 475 2102 
3951 535 2151 2270 
3952 2136 2061 2161 
3953 2168 2187 2150 
3954 2271 429 2187 
3955 507 2033 2123 
3956 2099 2272 2273 
3957 2264 2263 2274 
3958 2275 2272 2099 
3959 2272 2275 2276 
3960 2059 369 368 
3961 2277 2252 2224 
3962 389 2147 455 
3963 2278 2279 2185 
3964 363 2039 2038 
3965 2127 2212 2038 
3966 336 2040 337 
3967 2226 2222 2076 
3968 2222 2040 2076 
3969 2040 336 2076 
3970 2280 2222 2281 
3971 2226 441 2141 
3972 2140 299 2107 
3973 2040 2042 2107 
3974 2265 2282 2231 
3975 2097 2283 2233 
3976 2034 295 534 
3977 2102 2035 2154 
3978 2035 2034 2154 
3979 2034 534 2154 
3980 2101 2268 2284 
3981 2102 477 2068 
3982 2270 452 535 
3983 2034 2206 2151 
3984 2285 2253 2188 
3985 2286 2287 2273 
3986 2287 2286 2248 
3987 2086 2075 2262 
3988 2282 2262 2231 
3989 2265 2264 2282 
3990 2247 2092 2245 
3991 2283 2245 2233 
3992 2097 2234 2283 
3993 2137 2146 2183 
3994 2186 2288 2187 
3995 2053 2289 2186 
3996 2053 2052 2290 
3997 2035 2284 2291 
3998 2101 2292 2269 
3999 2244 2241 2293 
4000 2294 2295 2296 
4001 2297 2295 2294 
4002 2298 2299 2300 
4003 2301 2302 2303 
4004 2036 2304 2305 
4005 2306 2307 2308 
4006 2309 2310 2311 
4007 2312 2313 2314 
4008 2203 2202 2315 
4009 2038 2037 2185 
4010 2083 2210 2316 
4011 2317 2176 2177 
4012 2225 2227 2257 
4013 2178 394 2084 
4014 2141 440 2178 
4015 2084 2225 2178 
4016 2056 2084 2085 
4017 2086 2085 2075 
4018 2084 487 2088 
4019 2075 2085 2088 
4020 2232 2135 2096 
4021 2182 489 2061 
4022 2032 488 2182 
4023 2061 2232 2182 
4024 2253 2255 2188 
4025 2318 2043 2045 
4026 2254 2156 2319 
4027 2253 2129 2156 
4028 2285 2033 2148 
4029 2127 2148 2212 
4030 2033 455 2147 
4031 2212 2148 2147 
4032 2042 2072 2259 
4033 2041 2280 2071 
4034 2305 2206 2036 
4035 2036 2291 2320 
4036 2273 2272 2286 
4037 2237 2301 2312 
4038 2261 2087 2086 
4039 2274 2321 2264 
4040 2263 2092 2247 
4041 2247 2267 2274 
4042 2321 2274 2322 
4043 2323 2250 2324 
4044 2325 2326 2327 
4045 2241 2328 2329 
4046 2330 2331 2332 
4047 2333 2175 2334 
4048 2194 2170 2335 
4049 2250 2160 2324 
4050 2175 2174 2336 
4051 2323 2337 2336 
4052 2323 2324 2337 
4053 2338 2339 2179 
4054 2199 2340 2200 
4055 2204 2341 2342 
4056 2343 2344 2345 
4057 2257 2227 2346 
4058 2084 2058 2225 
4059 2227 2225 2058 
4060 2058 2084 2056 
4061 2056 2087 2057 
4062 2227 2057 2347 
4063 2159 2324 2160 
4064 2348 2266 2236 
4065 2135 2235 2096 
4066 2061 2136 2232 
4067 2135 2232 2136 
4068 2188 2033 2285 
4069 2285 2349 2253 
4070 2155 2319 2156 
4071 2350 2351 2155 
4072 2275 2099 2095 
4073 2273 2251 2099 
4074 2352 2353 2354 
4075 2276 2355 2313 
4076 2247 2274 2263 
4077 2265 2092 2263 
4078 2356 2282 2264 
4079 2087 2261 2357 
4080 2243 2358 2359 
4081 2360 2361 2362 
4082 2363 2160 2201 
4083 2323 2202 2250 
4084 2364 2365 2366 
4085 2367 2368 2369 
4086 2370 2347 2057 
4087 2236 2371 2348 
4088 2372 2373 2374 
4089 2253 2156 2254 
4090 2375 2376 2377 
4091 2330 2332 2378 
4092 2379 2380 2381 
4093 2351 2382 2155 
4094 2318 2045 2351 
4095 2313 2355 2383 
4096 2384 2385 2386 
4097 2348 2387 2388 
4098 2389 2390 2322 
4099 2391 2392 2393 
4100 2222 2226 2281 
4101 2394 2367 2344 
4102 2395 2396 2397 
4103 2370 2057 2087 
4104 2398 2260 2356 
4105 2282 2260 2262 
4106 2356 2399 2398 
4107 2234 2096 2235 
4108 2183 2200 2400 
4109 2319 2184 2254 
4110 2382 2319 2155 
4111 2377 2401 2375 
4112 2209 2402 2403 
4113 2404 2337 2324 
4114 2217 2405 2218 
4115 2321 2406 2264 
4116 2322 2390 2321 
4117 2407 2408 2409 
4118 2243 2359 2391 
4119 2358 2243 2242 
4120 2293 2329 2410 
4121 2293 2241 2329 
4122 2257 2411 2281 
4123 2412 2413 2414 
4124 2415 2416 2370 
4125 2398 2179 2181 
4126 2389 2339 2338 
4127 2097 2096 2234 
4128 2266 2283 2234 
4129 2348 2417 2387 
4130 2418 2419 2420 
4131 2421 2401 2422 
4132 2318 2402 2043 
4133 2159 2423 2324 
4134 2424 2158 2425 
4135 2392 2359 2426 
4136 2426 2427 2428 
4137 2392 2391 2359 
4138 2429 2359 2358 
4139 2430 2300 2431 
4140 2429 2427 2359 
4141 2432 2358 2433 
4142 2434 2435 2433 
4143 2347 2436 2227 
4144 2347 2370 2437 
4145 2416 2437 2370 
4146 2357 2415 2370 
4147 2370 2087 2357 
4148 2357 2438 2415 
4149 2439 2440 2441 
4150 2390 2338 2399 
4151 2179 2399 2338 
4152 2398 2399 2179 
4153 2179 2442 2180 
4154 2246 2283 2266 
4155 2266 2348 2267 
4156 2322 2274 2267 
4157 2384 2443 2385 
4158 2400 2135 2183 
4159 2444 2434 2244 
4160 2299 2445 2300 
4161 2293 2446 2244 
4162 2447 2437 2416 
4163 2416 2448 2449 
4164 2135 2400 2235 
4165 2200 2371 2235 
4166 2235 2400 2200 
4167 2348 2371 2417 
4168 2450 2451 2452 
4169 2453 2305 2145 
4170 2454 2455 2456 
4171 2457 2386 2385 
4172 2145 2458 2146 
4173 2145 2459 2458 
4174 2453 2145 2161 
4175 2200 2340 2460 
4176 2461 2462 2463 
4177 2460 2371 2200 
4178 2340 2464 2465 
4179 1392 1531 2466 
4180 2204 2189 2191 
4181 352 351 2467 
4182 2291 2284 2268 
4183 2468 2469 2354 
4184 2352 2269 2470 
4185 2471 2472 2473 
4186 2474 2475 2471 
4187 2290 2289 2053 
4188 2476 2477 2478 
4189 2245 2283 2246 
4190 2247 2246 2267 
4191 2064 2479 2153 
4192 1076 2065 569 
4193 2068 569 2065 
4194 2152 2065 2064 
4195 2308 2307 2312 
4196 2480 2306 2481 
4197 2320 2468 2304 
4198 2360 2239 2361 
4199 2360 2237 2239 
4200 2450 2482 2483 
4201 2390 2389 2338 
4202 2348 2388 2267 
4203 2484 2485 2456 
4204 2388 2486 2322 
4205 2267 2388 2322 
4206 2486 2389 2322 
4207 2384 2460 2443 
4208 2387 2487 2486 
4209 2388 2387 2486 
4210 2488 2421 2489 
4211 2403 2316 2209 
4212 2278 2083 2316 
4213 2037 2083 2278 
4214 2278 2403 2279 
4215 2037 2278 2185 
4216 2038 2185 2127 
4217 2155 2129 2128 
4218 2185 2279 2128 
4219 2279 2350 2128 
4220 2155 2128 2350 
4221 2429 2432 2490 
4222 2300 2491 2431 
4223 2235 2371 2236 
4224 2266 2234 2236 
4225 2430 2431 2434 
4226 2492 2493 2494 
4227 2469 2268 2354 
4228 2305 2459 2145 
4229 450 452 2060 
4230 2270 2151 2206 
4231 2453 2060 2270 
4232 2061 2060 2161 
4233 2453 2161 2060 
4234 2060 452 2270 
4235 2270 2206 2453 
4236 2304 2495 2305 
4237 2206 2305 2453 
4238 2496 2304 2468 
4239 2036 2320 2304 
4240 2497 2463 2498 
4241 2352 2361 2353 
4242 2496 2495 2304 
4243 2468 2354 2499 
4244 2354 2353 2499 
4245 2269 2354 2268 
4246 2291 2268 2469 
4247 2468 2320 2469 
4248 2493 2499 2353 
4249 2361 2239 2353 
4250 2470 2361 2352 
4251 2354 2269 2352 
4252 2497 2492 2463 
4253 2307 2313 2312 
4254 2493 2353 2239 
4255 2314 2494 2238 
4256 2238 2312 2314 
4257 2500 2452 2501 
4258 2313 2383 2314 
4259 2502 2494 2314 
4260 2502 2314 2383 
4261 2503 2462 2461 
4262 2301 2308 2312 
4263 2238 2237 2312 
4264 2463 2492 2461 
4265 2496 2468 2499 
4266 2497 2498 2496 
4267 2498 2501 2504 
4268 2276 2313 2505 
4269 2272 2506 2286 
4270 2505 2307 2306 
4271 2480 2507 2306 
4272 2303 2508 2308 
4273 2509 2383 2372 
4274 2510 2276 2275 
4275 2383 2509 2502 
4276 2462 2500 2501 
4277 2461 2511 2509 
4278 2308 2481 2306 
4279 2313 2307 2505 
4280 2306 2507 2505 
4281 2512 2513 2457 
4282 2503 2374 2514 
4283 2308 2508 2481 
4284 2501 2498 2463 
4285 2515 2452 2500 
4286 2308 2301 2303 
4287 2501 2463 2462 
4288 2462 2503 2500 
4289 2101 2284 2102 
4290 2035 2102 2284 
4291 2036 2035 2291 
4292 2469 2320 2291 
4293 2292 2101 2240 
4294 2292 2470 2269 
4295 2240 2516 2292 
4296 2517 2518 2519 
4297 2292 2516 2470 
4298 2519 2516 2517 
4299 2319 2376 2184 
4300 2051 2254 2184 
4301 2254 2051 2255 
4302 2053 2255 2051 
4303 2289 2290 2474 
4304 2471 2289 2474 
4305 2520 2475 2474 
4306 2052 2521 2290 
4307 2474 2290 2520 
4308 2521 2522 2290 
4309 2417 2485 2387 
4310 2340 2465 2460 
4311 2339 2389 2523 
4312 2371 2460 2417 
4313 2460 2384 2417 
4314 2485 2417 2384 
4315 2386 2456 2384 
4316 2384 2456 2485 
4317 2484 2455 2524 
4318 2484 2487 2485 
4319 2525 2526 2527 
4320 2456 2455 2484 
4321 2523 2528 2339 
4322 2529 2530 2531 
4323 2454 2532 2455 
4324 2454 2533 2534 
4325 2531 2535 2529 
4326 2536 2534 2537 
4327 2538 2539 2045 
4328 2540 2541 2542 
4329 2358 2242 2433 
4330 2435 2543 2433 
4331 2433 2242 2434 
4332 2431 2435 2434 
4333 2300 2445 2491 
4334 2305 2495 2459 
4335 2544 2495 2498 
4336 2499 2497 2496 
4337 2374 2545 2514 
4338 2546 2547 2548 
4339 2546 2549 2355 
4340 2510 2546 2355 
4341 2550 2452 2515 
4342 2458 2504 2551 
4343 2452 2451 2552 
4344 2504 2501 2552 
4345 2551 2552 2451 
4346 2551 2553 2458 
4347 2551 2451 2199 
4348 2501 2452 2552 
4349 2551 2504 2552 
4350 2554 2419 2418 
4351 2173 2172 2198 
4352 2372 2374 2509 
4353 2461 2509 2503 
4354 2503 2515 2500 
4355 2503 2509 2374 
4356 2470 2516 2519 
4357 2555 2330 2378 
4358 2556 2429 2490 
4359 2375 2557 2558 
4360 2478 2330 2559 
4361 2378 2375 2558 
4362 2560 2561 2555 
4363 2488 2556 2557 
4364 2319 2382 2377 
4365 2376 2319 2377 
4366 2557 2375 2401 
4367 2562 2556 2488 
4368 2538 2563 2539 
4369 2556 2558 2557 
4370 2557 2401 2488 
4371 2556 2490 2558 
4372 2556 2562 2427 
4373 2421 2488 2401 
4374 2382 2401 2377 
4375 2358 2432 2429 
4376 2427 2429 2556 
4377 2428 2564 2426 
4378 2428 2488 2489 
4379 2392 2565 2407 
4380 2542 2566 2567 
4381 2562 2488 2428 
4382 2568 2569 2570 
4383 2421 2569 2489 
4384 2475 2520 2571 
4385 2561 2559 2555 
4386 2330 2555 2559 
4387 2443 2482 2385 
4388 2460 2465 2443 
4389 2572 2573 2574 
4390 2575 2386 2457 
4391 2513 2535 2457 
4392 2534 2531 2537 
4393 2450 2550 2554 
4394 2576 2577 2513 
4395 2482 2578 2512 
4396 2529 2577 2579 
4397 2536 2423 2424 
4398 2539 2351 2045 
4399 2044 2538 2045 
4400 2422 2401 2382 
4401 2351 2539 2382 
4402 2382 2539 2422 
4403 2540 2570 2569 
4404 2580 2581 2582 
4405 2355 2276 2510 
4406 2166 2583 2165 
4407 2515 2419 2550 
4408 2503 2514 2515 
4409 2435 2584 2560 
4410 2427 2562 2428 
4411 2568 2564 2428 
4412 2568 2585 2586 
4413 2587 2588 2589 
4414 2334 2336 2337 
4415 2091 2175 2197 
4416 2566 2542 2044 
4417 2590 2566 2207 
4418 2095 2098 2165 
4419 2094 2547 2095 
4420 2164 2373 2548 
4421 2545 2373 2164 
4422 2591 2592 2545 
4423 2094 2162 2548 
4424 2162 2164 2548 
4425 2093 2095 2165 
4426 2173 2162 2093 
4427 2373 2545 2374 
4428 2164 2163 2574 
4429 2592 2514 2545 
4430 2574 2545 2164 
4431 2419 2514 2592 
4432 2573 2593 2420 
4433 2514 2419 2515 
4434 2420 2591 2573 
4435 2554 2550 2419 
4436 2420 2419 2592 
4437 2550 2450 2452 
4438 2554 2418 2594 
4439 2451 2450 2483 
4440 2482 2465 2483 
4441 2593 2595 2418 
4442 2572 2574 2163 
4443 2173 2163 2162 
4444 2574 2573 2591 
4445 2420 2593 2418 
4446 2593 2573 2194 
4447 2163 2198 2572 
4448 2596 2572 2198 
4449 2465 2482 2443 
4450 2512 2385 2482 
4451 2457 2385 2512 
4452 2594 2513 2512 
4453 2545 2574 2591 
4454 2420 2592 2591 
4455 2335 2595 2593 
4456 2593 2194 2335 
4457 2595 2335 2579 
4458 2333 2529 2579 
4459 2196 2170 2194 
4460 2577 2595 2579 
4461 2579 2197 2333 
4462 2170 2197 2335 
4463 2579 2335 2197 
4464 2529 2535 2577 
4465 2090 2175 2091 
4466 2170 2089 2091 
4467 2337 2530 2334 
4468 2175 2333 2197 
4469 2175 2336 2334 
4470 2529 2333 2334 
4471 2489 2568 2428 
4472 2597 2585 2598 
4473 2534 2575 2531 
4474 2542 2538 2044 
4475 2207 2566 2044 
4476 2541 2563 2542 
4477 2540 2567 2599 
4478 2580 2600 2601 
4479 2602 2209 2211 
4480 2169 2170 2196 
4481 2596 2603 2196 
4482 2421 2541 2569 
4483 2568 2489 2569 
4484 2586 2564 2568 
4485 2586 2587 2565 
4486 2604 2605 2606 
4487 2565 2564 2586 
4488 2588 2587 2586 
4489 2426 2564 2565 
4490 2393 2392 2407 
4491 2607 2589 2606 
4492 2565 2608 2407 
4493 2609 2610 2611 
4494 2589 2588 2612 
4495 2607 2587 2589 
4496 2606 2612 2379 
4497 2587 2608 2565 
4498 2607 2605 2613 
4499 2613 2408 2607 
4500 2607 2608 2587 
4501 2407 2608 2408 
4502 2607 2408 2608 
4503 2614 2567 2566 
4504 2540 2542 2567 
4505 2614 2599 2567 
4506 2569 2541 2540 
4507 2598 2570 2540 
4508 2590 2614 2566 
4509 2209 2602 2207 
4510 2540 2599 2598 
4511 2615 2610 2381 
4512 2616 2617 2618 
4513 2600 2614 2590 
4514 2619 2620 2601 
4515 2621 2602 2622 
4516 2580 2614 2600 
4517 2380 2623 2582 
4518 2624 2625 2620 
4519 2602 2211 2626 
4520 2278 2316 2403 
4521 2318 2279 2403 
4522 2207 2043 2402 
4523 2048 2208 2079 
4524 2210 2083 2082 
4525 2279 2318 2350 
4526 2351 2350 2318 
4527 2211 2210 2208 
4528 2597 2623 2379 
4529 2380 2581 2381 
4530 2627 2610 2628 
4531 2209 2207 2402 
4532 2318 2403 2402 
4533 2622 2619 2601 
4534 2629 2619 2630 
4535 2157 2048 2078 
4536 2210 2082 2079 
4537 2059 2050 2252 
4538 2046 2134 2082 
4539 369 2134 573 
4540 2059 2252 2078 
4541 2612 2597 2379 
4542 2611 2604 2609 
4543 2588 2597 2612 
4544 2606 2589 2612 
4545 2381 2581 2615 
4546 2609 2379 2381 
4547 2381 2610 2609 
4548 2379 2609 2606 
4549 2604 2631 2632 
4550 2633 2627 2634 
4551 2611 2610 2627 
4552 2609 2604 2606 
4553 2606 2605 2607 
4554 2635 2636 2637 
4555 2628 2610 2638 
4556 2633 2611 2627 
4557 2628 2634 2627 
4558 2611 2631 2604 
4559 2633 2639 2640 
4560 2641 2617 2616 
4561 2632 2605 2604 
4562 2611 2633 2631 
4563 2625 2615 2581 
4564 2582 2614 2580 
4565 2599 2614 2582 
4566 2380 2582 2581 
4567 2625 2580 2620 
4568 2629 2624 2619 
4569 2626 2211 2208 
4570 2049 2642 2047 
4571 2642 2626 2047 
4572 2626 2208 2047 
4573 2580 2601 2620 
4574 2642 2622 2626 
4575 2617 2629 2643 
4576 2580 2625 2581 
4577 2624 2620 2619 
4578 2615 2625 2638 
4579 2644 2638 2625 
4580 2645 2366 2365 
4581 2176 2317 2646 
4582 2617 2624 2629 
4583 2629 2630 2643 
4584 2641 2625 2624 
4585 2630 2645 2643 
4586 2642 2049 2630 
4587 2628 2647 2634 
4588 2648 2644 2649 
4589 2641 2624 2617 
4590 2650 2651 2652 
4591 2366 2653 2646 
4592 2645 2630 2049 
4593 2157 2078 2252 
4594 2365 2654 2655 
4595 2645 2653 2366 
4596 2049 2157 2653 
4597 2653 2277 2646 
4598 2645 2049 2653 
4599 2317 2364 2366 
4600 2176 2223 2055 
4601 2157 2252 2277 
4602 2653 2157 2277 
4603 2277 2224 2646 
4604 2646 2223 2176 
4605 2224 313 480 
4606 519 2055 2223 
4607 2646 2224 2223 
4608 2656 2654 2365 
4609 2618 2657 2658 
4610 2659 2657 2654 
4611 2215 2317 2177 
4612 2365 2364 2656 
4613 2656 2215 2214 
4614 2610 2615 2638 
4615 2644 2628 2638 
4616 2647 2628 2648 
4617 2644 2641 2649 
4618 2628 2644 2648 
4619 2648 2652 2651 
4620 2650 2660 2661 
4621 2662 2650 2652 
4622 2663 2664 2665 
4623 2655 2654 2657 
4624 2666 2664 2667 
4625 2668 2669 2658 
4626 2644 2625 2641 
4627 2616 2649 2641 
4628 2670 2671 2667 
4629 2618 2672 2657 
4630 2673 2659 2674 
4631 2675 2659 2654 
4632 2670 2668 2673 
4633 2366 2646 2317 
4634 2364 2215 2656 
4635 2676 2634 2647 
4636 2648 2651 2647 
4637 2639 2634 2676 
4638 2677 2678 2679 
4639 2633 2634 2639 
4640 2660 2650 2637 
4641 2678 2680 2679 
4642 2679 2681 2677 
4643 2661 2651 2650 
4644 2682 2637 2650 
4645 2661 2660 2677 
4646 2683 2665 2684 
4647 2660 2637 2636 
4648 2685 2686 2687 
4649 2657 2673 2658 
4650 2667 2662 2668 
4651 2673 2668 2658 
4652 2682 2662 2667 
4653 2671 2688 2667 
4654 2662 2682 2650 
4655 2666 2667 2688 
4656 2635 2637 2663 
4657 2637 2664 2663 
4658 2688 2689 2690 
4659 2691 2692 2693 
4660 2637 2682 2664 
4661 2667 2664 2682 
4662 2665 2683 2663 
4663 2694 2684 2665 
4664 2695 2696 2697 
4665 2667 2668 2670 
4666 2674 2671 2670 
4667 2698 2659 2675 
4668 2699 2220 2219 
4669 2177 2213 2215 
4670 2364 2317 2215 
4671 2700 2701 2678 
4672 2636 2702 2660 
4673 2703 2699 2219 
4674 2670 2673 2674 
4675 2673 2657 2659 
4676 2675 2699 2698 
4677 2704 2705 2706 
4678 2697 2683 2684 
4679 2675 2656 2214 
4680 2221 2220 2214 
4681 2707 2072 2708 
4682 2259 2140 2042 
4683 2042 2041 2072 
4684 2707 2708 2219 
4685 2072 2130 2708 
4686 2258 2138 2140 
4687 2072 2707 2259 
4688 2689 2709 2690 
4689 2698 2710 2674 
4690 2709 2689 2692 
4691 2711 2345 2344 
4692 2712 2411 2414 
4693 2713 2714 2703 
4694 2130 2256 2345 
4695 2690 2666 2688 
4696 2688 2693 2689 
4697 2709 2715 2690 
4698 2220 2675 2214 
4699 2220 2699 2675 
4700 2656 2675 2654 
4701 2710 2671 2674 
4702 2659 2698 2674 
4703 2671 2693 2688 
4704 2698 2714 2710 
4705 2716 2717 2718 
4706 2708 2703 2219 
4707 2221 2707 2219 
4708 2707 2258 2259 
4709 2221 2214 2213 
4710 2715 2719 2720 
4711 2367 2711 2344 
4712 2711 2367 2721 
4713 2343 2256 2712 
4714 2722 2719 2368 
4715 2723 2724 2725 
4716 2257 2346 2411 
4717 2041 2222 2280 
4718 2281 2411 2712 
4719 2257 2281 2226 
4720 2414 2343 2712 
4721 2346 2412 2411 
4722 2344 2343 2726 
4723 2414 2726 2343 
4724 2413 2726 2414 
4725 2411 2412 2414 
4726 2221 2139 2258 
4727 2707 2221 2258 
4728 2719 2715 2709 
4729 2692 2369 2709 
4730 2721 2369 2692 
4731 2691 2693 2710 
4732 2367 2369 2721 
4733 2693 2671 2710 
4734 2689 2693 2692 
4735 2216 2218 2727 
4736 2367 2723 2368 
4737 2343 2345 2256 
4738 2280 2712 2256 
4739 2256 2071 2280 
4740 2281 2712 2280 
4741 2683 2697 2706 
4742 2728 2697 2684 
4743 2369 2368 2719 
4744 2716 2729 2395 
4745 2369 2719 2709 
4746 2730 2724 2394 
4747 2731 2722 2732 
4748 2722 2368 2733 
4749 2685 2734 2720 
4750 2720 2731 2685 
4751 2728 2734 2735 
4752 2716 2736 2729 
4753 2731 2719 2722 
4754 2729 2732 2722 
4755 2720 2719 2731 
4756 2685 2731 2732 
4757 2737 2738 2739 
4758 2686 2685 2732 
4759 2216 2397 2217 
4760 2722 2733 2729 
4761 2447 2416 2449 
4762 2729 2733 2395 
4763 2395 2725 2396 
4764 2425 2525 2740 
4765 2397 2396 2741 
4766 2742 2218 2743 
4767 2405 2132 2131 
4768 2744 2739 2745 
4769 2742 2746 2747 
4770 2743 2746 2742 
4771 2405 2748 2749 
4772 2741 2750 2751 
4773 2727 2745 2718 
4774 2216 2727 2718 
4775 2752 2743 2749 
4776 2744 2745 2727 
4777 2218 2742 2727 
4778 2736 2745 2753 
4779 2744 2747 2754 
4780 2755 2748 2131 
4781 2738 2753 2739 
4782 2735 2753 2738 
4783 2687 2753 2735 
4784 2756 2728 2735 
4785 2727 2742 2744 
4786 2747 2744 2742 
4787 2749 2743 2218 
4788 2405 2131 2748 
4789 2757 2758 2440 
4790 2687 2686 2753 
4791 2697 2728 2756 
4792 2759 2760 2761 
4793 2761 2193 2759 
4794 2158 2762 2425 
4795 2759 2193 2126 
4796 2752 2229 2761 
4797 2363 2192 2193 
4798 2229 2193 2761 
4799 2230 2229 2752 
4800 2752 2746 2743 
4801 2749 2218 2405 
4802 2230 2752 2749 
4803 2763 2762 2363 
4804 2749 2748 2230 
4805 2764 2765 2766 
4806 2763 2193 2229 
4807 2228 2764 2767 
4808 2767 2762 2228 
4809 2228 2763 2229 
4810 2133 2132 2751 
4811 2132 2768 2751 
4812 2405 2217 2132 
4813 2769 2759 2126 
4814 2192 2124 2126 
4815 2192 2201 2203 
4816 2762 2160 2363 
4817 2160 2250 2201 
4818 2192 2363 2201 
4819 2766 2525 2767 
4820 2770 2133 2757 
4821 2766 2767 2764 
4822 2764 2755 2765 
4823 2740 2424 2425 
4824 2767 2425 2762 
4825 2160 2762 2158 
4826 2424 2159 2158 
4827 2740 2532 2424 
4828 2527 2771 2525 
4829 2363 2193 2763 
4830 2228 2762 2763 
4831 2133 2751 2772 
4832 2448 2773 2772 
4833 2772 2773 2133 
4834 2766 2765 2439 
4835 2764 2774 2755 
4836 2771 2527 2455 
4837 2455 2527 2524 
4838 2339 2442 2179 
4839 2526 2441 2527 
4840 2180 2440 2758 
4841 2339 2441 2442 
4842 2758 2181 2180 
4843 2773 2758 2757 
4844 2767 2525 2425 
4845 2439 2526 2766 
4846 2771 2740 2525 
4847 2526 2525 2766 
4848 2770 2757 2765 
4849 2180 2442 2440 
4850 2757 2440 2439 
4851 2398 2261 2260 
4852 2282 2356 2260 
4853 2730 2726 2413 
4854 2437 2447 2413 
4855 2394 2724 2723 
4856 2396 2775 2741 
4857 2368 2723 2733 
4858 2733 2725 2395 
4859 2724 2396 2725 
4860 2733 2723 2725 
4861 2730 2413 2447 
4862 2775 2396 2724 
4863 2730 2394 2726 
4864 2447 2724 2730 
4865 2344 2726 2394 
4866 2367 2394 2723 
4867 2449 2775 2447 
4868 2724 2447 2775 
4869 2359 2427 2426 
4870 2565 2392 2426 
4871 2210 2209 2316 
4872 2079 2208 2210 
4873 2078 2079 2134 
4874 2134 369 2059 
4875 2416 2415 2448 
4876 2772 2449 2448 
4877 2089 2169 2776 
4878 2172 2171 2777 
4879 2778 2779 2780 
4880 2781 2782 2783 
4881 2174 2090 2784 
4882 2174 2784 2785 
4883 2342 2341 2786 
4884 2778 2787 2779 
4885 2788 2789 1358 
4886 2790 2791 2792 
4887 2793 2794 1984 
4888 2795 2796 2797 
4889 2798 2799 2800 
4890 2801 2802 2803 
4891 2804 2805 2806 
4892 2807 2808 2809 
4893 2810 2811 2812 
4894 2813 2814 2815 
4895 2816 2817 2818 
4896 2819 2820 2821 
4897 2822 2823 2824 
4898 2825 2826 2827 
4899 2828 2829 2830 
4900 2831 2832 2833 
4901 2834 2835 2836 
4902 2780 2837 2838 
4903 2839 2837 2840 
4904 2798 2841 2842 
4905 2843 2844 2845 
4906 2846 2847 2848 
4907 251 2849 249 
4908 2850 2851 2852 
4909 2853 2854 2855 
4910 2856 2857 2858 
4911 2859 2860 2861 
4912 2850 2852 2862 
4913 2863 2864 2865 
4914 2866 2867 2868 
4915 2869 2870 2871 
4916 2872 2873 2874 
4917 2875 2876 2877 
4918 2878 2879 2880 
4919 2881 2882 2883 
4920 2881 2884 2882 
4921 2824 2885 2822 
4922 2636 2635 2886 
4923 2636 2886 2700 
4924 2887 2888 2830 
4925 2889 2890 2891 
4926 2892 2893 2894 
4927 2895 2896 2897 
4928 2821 2898 2819 
4929 2899 2900 2821 
4930 2901 2902 2900 
4931 2815 2903 2813 
4932 2815 2904 2903 
4933 2905 2906 2907 
4934 2807 2908 2808 
4935 2807 2909 2908 
4936 2910 2911 2912 
4937 2913 2914 2915 
4938 2410 2916 2293 
4939 2917 2918 2919 
4940 2920 2921 2836 
4941 2922 2923 2924 
4942 2922 2925 2923 
4943 2926 2923 2786 
4944 2927 2928 2855 
4945 2929 2930 2881 
4946 2931 2932 2933 
4947 2863 2934 2864 
4948 2935 2936 2871 
4949 2785 2784 2937 
4950 2938 2937 2784 
4951 2939 2940 2941 
4952 2939 2941 2858 
4953 173 182 2942 
4954 173 2942 2862 
4955 2191 2190 2943 
4956 2172 2777 2868 
4957 2089 2776 2874 
4958 2776 2944 2945 
4959 2946 2947 2948 
4960 2949 2948 2950 
4961 2950 2947 2951 
4962 2952 2953 2954 
4963 2781 2954 2782 
4964 2955 2299 2956 
4965 2957 2958 2959 
4966 2960 2961 2962 
4967 2963 2964 2965 
4968 2966 2964 2967 
4969 2781 2968 2969 
4970 2028 2970 2479 
4971 2475 2571 2971 
4972 2329 2972 2410 
4973 2973 2974 2975 
4974 2781 2969 2954 
4975 1120 2976 1806 
4976 2977 2978 2979 
4977 2980 2977 2979 
4978 2895 2981 2982 
4979 2297 2983 2295 
4980 2984 2985 1350 
4981 2805 2986 2806 
4982 1685 2986 1851 
4983 1897 1276 2987 
4984 1692 2988 1853 
4985 2808 2988 2809 
4986 1695 2989 1881 
4987 2811 2989 2812 
4988 1697 2794 1698 
4989 1662 2789 1660 
4990 2990 2991 1834 
4991 1167 1403 2992 
4992 1313 2993 1736 
4993 2798 2842 2994 
4994 2632 2631 2995 
4995 2996 2997 2998 
4996 2299 2999 2445 
4997 2299 2955 2999 
4998 2955 2961 2999 
4999 2204 3000 2341 
5000 3001 3002 3003 
5001 2473 3003 3004 
5002 3001 3003 2473 
5003 3005 3006 3007 
5004 3002 3007 3003 
5005 2408 3008 2409 
5006 3009 3010 2792 
5007 3009 2792 3011 
5008 1281 3012 1279 
5009 2998 3013 3014 
5010 2996 2998 3014 
5011 2825 3015 2797 
5012 2311 3016 3017 
5013 3018 2311 3017 
5014 1900 2791 1684 
5015 1801 3019 1694 
5016 1357 2788 1358 
5017 1816 3020 1817 
5018 1811 2796 1706 
5019 2839 3021 2837 
5020 2778 3022 3023 
5021 3024 3025 3023 
5022 2778 3023 2787 
5023 3026 2948 2949 
5024 2947 2950 2948 
5025 3026 3027 2948 
5026 1897 3028 1691 
5027 1355 2793 1984 
5028 1361 3029 1819 
5029 1284 3030 1282 
5030 1319 3031 1323 
5031 3032 3033 3034 
5032 2756 2695 2697 
5033 2859 3035 2860 
5034 2918 2917 3036 
5035 2785 3037 3038 
5036 1392 3039 371 
5037 1392 2466 3039 
5038 3040 3039 2466 
5039 2922 3041 3042 
5040 2980 3043 3044 
5041 3044 3045 2980 
5042 2466 3046 3006 
5043 2467 3004 3046 
5044 2467 3046 352 
5045 1290 3047 1288 
5046 2639 3048 2640 
5047 3049 3050 3026 
5048 3043 3051 3044 
5049 1737 3052 1317 
5050 2926 3053 3052 
5051 2029 3040 3054 
5052 1396 3055 1397 
5053 3056 2910 2912 
5054 2908 2912 2911 
5055 2903 2907 2906 
5056 2898 2900 2902 
5057 276 3057 271 
5058 271 2933 2073 
5059 3058 2074 2073 
5060 271 2073 270 
5061 2613 3059 3056 
5062 2613 2605 3059 
5063 239 2062 3060 
5064 179 239 3060 
5065 216 2066 168 
5066 216 3061 2066 
5067 2802 2066 2803 
5068 1405 3062 1170 
5069 1734 3063 1735 
5070 2996 3064 2997 
5071 2325 3065 3064 
5072 3064 3066 2325 
5073 167 2069 203 
5074 3024 2070 2069 
5075 3067 3068 3069 
5076 3070 3071 2115 
5077 3072 2115 2114 
5078 3040 2027 3039 
5079 371 3039 2027 
5080 171 172 2074 
5081 172 270 2074 
5082 2116 2115 3071 
5083 3073 2116 3071 
5084 2754 3074 3067 
5085 2754 2747 3074 
5086 2781 2783 3075 
5087 3076 3075 2783 
5088 2852 2062 2862 
5089 173 2862 2062 
5090 2852 3060 2062 
5091 173 2062 174 
5092 2857 2965 3077 
5093 2966 2119 3077 
5094 2119 2118 3077 
5095 3078 3079 3080 
5096 2857 2118 2858 
5097 2939 2858 2118 
5098 2857 3077 2118 
5099 2939 2118 2117 
5100 3081 3082 3083 
5101 2104 3081 3083 
5102 1427 416 3083 
5103 2104 3083 416 
5104 2166 3084 2583 
5105 2093 2165 2583 
5106 2171 2173 2583 
5107 2093 2583 2173 
5108 3085 3086 3087 
5109 3088 2142 2144 
5110 3088 3089 2142 
5111 3090 2142 3089 
5112 3091 2112 2111 
5113 2841 3092 2112 
5114 3091 3093 2112 
5115 2841 2112 2842 
5116 3087 3094 2799 
5117 3095 2799 3096 
5118 3096 3094 3097 
5119 2769 3098 3099 
5120 3004 3100 2473 
5121 2471 2473 2288 
5122 2838 3101 2780 
5123 2778 2780 3101 
5124 2838 3102 3101 
5125 3014 3103 3104 
5126 2996 3014 3104 
5127 3105 2476 3106 
5128 2996 3104 2476 
5129 2508 3045 2481 
5130 3107 2481 3045 
5131 2508 2980 3045 
5132 3107 3045 3044 
5133 3108 2109 2108 
5134 2876 3109 2109 
5135 3108 2877 2109 
5136 2876 2109 2877 
5137 2959 3110 2839 
5138 2113 2112 3092 
5139 3088 2113 3092 
5140 2841 3089 3092 
5141 3088 3092 3089 
5142 2169 2944 2776 
5143 2863 3111 2171 
5144 2879 2080 2880 
5145 265 2880 2080 
5146 2879 3112 2080 
5147 265 2080 204 
5148 2110 2109 3109 
5149 3113 2110 3109 
5150 3114 2705 2885 
5151 2787 3023 3025 
5152 2802 3115 3025 
5153 3024 2069 3025 
5154 2069 2067 3025 
5155 2973 2105 2893 
5156 2975 3081 2973 
5157 2104 2105 3081 
5158 2983 3116 2840 
5159 205 2080 3112 
5160 213 205 3112 
5161 2879 3117 3112 
5162 213 3112 3117 
5163 3118 3119 3001 
5164 3120 3121 3103 
5165 2289 2288 2186 
5166 3100 2187 2288 
5167 2289 2471 2288 
5168 3122 3123 3124 
5169 2913 3125 3010 
5170 3009 2957 3010 
5171 2894 2105 2106 
5172 2103 2106 2104 
5173 2894 2893 2105 
5174 3123 3126 3124 
5175 3127 3123 3122 
5176 3127 3122 3128 
5177 3129 3130 3015 
5178 2825 2827 3015 
5179 2897 2077 3117 
5180 213 3117 2077 
5181 2897 3131 2077 
5182 213 2077 211 
5183 3132 3133 2941 
5184 2940 3134 2941 
5185 3135 3136 2921 
5186 2896 3137 3131 
5187 2897 2896 3131 
5188 195 197 3131 
5189 197 2077 3131 
5190 3138 3139 3140 
5191 3141 3140 3139 
5192 3142 2121 2120 
5193 3143 2122 2121 
5194 3144 3145 2942 
5195 182 184 2942 
5196 3034 3146 3147 
5197 3038 3148 2785 
5198 2198 2172 3149 
5199 2603 2596 3149 
5200 2198 3149 2596 
5201 2926 2786 3053 
5202 3150 2122 3143 
5203 2918 2120 2122 
5204 3150 3151 2122 
5205 2918 2122 2919 
5206 161 162 3152 
5207 2124 3153 2928 
5208 2466 3154 3046 
5209 352 3046 3154 
5210 2466 1531 3154 
5211 352 3154 1531 
5212 3155 2931 2849 
5213 2064 1075 3156 
5214 2028 2479 3156 
5215 2064 3156 2479 
5216 2805 2804 3157 
5217 2929 3158 2930 
5218 3159 3160 3035 
5219 2950 2978 2949 
5220 3161 2993 3041 
5221 3162 3042 3163 
5222 3075 3164 3165 
5223 2781 3075 3165 
5224 2362 3016 2310 
5225 2518 3017 3016 
5226 2310 3016 2311 
5227 164 2027 2031 
5228 164 2031 163 
5229 2938 2784 3166 
5230 2090 3166 2784 
5231 2603 3167 2936 
5232 2781 3165 2968 
5233 2856 3168 2857 
5234 3169 3170 3168 
5235 2857 3168 2965 
5236 1122 3171 1120 
5237 2480 3172 3173 
5238 2480 2481 3172 
5239 3107 3172 2481 
5240 2315 3153 2203 
5241 3138 3174 3139 
5242 2875 3175 3174 
5243 3155 3176 2931 
5244 3177 3178 3176 
5245 3155 3179 3176 
5246 3176 3119 3177 
5247 2326 3180 2327 
5248 2561 2491 3180 
5249 2248 3181 2249 
5250 2480 3173 3181 
5251 2249 3181 3173 
5252 2326 2325 3066 
5253 2996 3066 3064 
5254 2166 2098 3182 
5255 2965 3168 3170 
5256 2963 2965 3170 
5257 2783 3183 3169 
5258 2286 3181 2248 
5259 2286 2507 3181 
5260 2480 3181 2507 
5261 2979 3184 3185 
5262 2980 2979 3185 
5263 3186 3043 3185 
5264 2980 3185 3043 
5265 3187 3188 3189 
5266 3190 3189 3188 
5267 3133 3050 2856 
5268 2293 2915 2446 
5269 3051 3191 3192 
5270 2561 3180 2559 
5271 2326 2559 3180 
5272 3193 2327 3194 
5273 2445 2999 3194 
5274 3193 3194 2999 
5275 2792 3010 3125 
5276 2790 2792 3125 
5277 2915 2916 2913 
5278 2790 3125 3195 
5279 2797 3015 3130 
5280 2795 2797 3130 
5281 2362 2519 3016 
5282 2518 3016 2519 
5283 3076 2783 3196 
5284 3169 3196 2783 
5285 3197 3198 3199 
5286 3170 3169 3183 
5287 2963 3170 3183 
5288 2783 2782 3183 
5289 2782 2953 3183 
5290 2912 2908 2909 
5291 3008 3200 2909 
5292 2907 2903 2904 
5293 2995 2907 2904 
5294 2898 2821 2900 
5295 2701 2900 2899 
5296 2755 2131 2770 
5297 2439 2765 2757 
5298 2755 2770 2765 
5299 3201 3202 2958 
5300 3009 3011 3201 
5301 2958 2957 3201 
5302 3009 3201 2957 
5303 2273 2287 3203 
5304 2273 3203 2251 
5305 2818 3204 2905 
5306 2810 2812 2910 
5307 2467 351 2271 
5308 1621 2271 351 
5309 189 3205 187 
5310 2779 3206 3207 
5311 2780 2779 3207 
5312 3208 2840 3207 
5313 2998 3209 3013 
5314 3187 3014 3013 
5315 2878 3210 3013 
5316 3187 3013 3188 
5317 3211 3212 2956 
5318 3213 2956 2850 
5319 2850 3212 2851 
5320 3051 3192 3214 
5321 3215 3214 3192 
5322 2804 2806 3195 
5323 2410 3216 3195 
5324 2804 3195 3216 
5325 3054 3217 2029 
5326 3152 2029 3217 
5327 2190 3218 3219 
5328 3220 2943 3219 
5329 2190 3219 2943 
5330 2718 2736 2716 
5331 2718 2745 2736 
5332 3100 2467 2271 
5333 3100 2271 2187 
5334 2516 2240 2152 
5335 3212 2850 2956 
5336 2955 2956 3213 
5337 2856 3221 3168 
5338 3221 3222 3168 
5339 2744 3223 2739 
5340 2737 2739 3223 
5341 2744 2754 3223 
5342 2737 3223 2754 
5343 2027 3040 2031 
5344 2029 2031 3040 
5345 3051 3224 3191 
5346 2917 3225 3224 
5347 3051 3043 3224 
5348 3186 3226 3036 
5349 3186 3184 3226 
5350 3227 3226 2951 
5351 2927 2854 3098 
5352 3096 3097 3032 
5353 3034 3147 3032 
5354 3096 3032 3147 
5355 3173 3215 3228 
5356 3173 3228 2249 
5357 2651 2681 2647 
5358 2676 2647 2681 
5359 2651 2661 2681 
5360 2534 2532 2454 
5361 2771 2455 2532 
5362 2534 2536 2532 
5363 3036 3226 2918 
5364 2172 3167 3149 
5365 3229 3230 2876 
5366 2935 2870 2944 
5367 2883 3231 2881 
5368 2929 2881 3231 
5369 2987 3232 2883 
5370 2929 3231 3233 
5371 2824 3234 2885 
5372 3026 2949 3235 
5373 2311 3236 2309 
5374 3124 3237 3122 
5375 2895 2982 2896 
5376 3002 3238 3007 
5377 2296 3239 3240 
5378 2294 2296 3240 
5379 2298 3241 3240 
5380 2294 3240 3241 
5381 2715 2694 2690 
5382 2715 2720 2694 
5383 2412 2436 2413 
5384 2437 2413 2436 
5385 2437 2436 2347 
5386 3058 3190 2074 
5387 2830 3242 2887 
5388 3174 3243 3244 
5389 2875 3174 3244 
5390 3215 3192 3244 
5391 3192 3245 3244 
5392 2852 3246 3060 
5393 3070 3141 3071 
5394 2807 2809 3247 
5395 2807 3247 2909 
5396 3248 3249 3250 
5397 2524 2487 2484 
5398 2387 2485 2487 
5399 2524 2523 2487 
5400 2833 3251 2891 
5401 3252 3253 2891 
5402 3132 3254 3027 
5403 2948 3027 3254 
5404 2948 3254 2946 
5405 2927 2125 2928 
5406 2899 3255 2701 
5407 3191 3224 3225 
5408 3229 3191 3225 
5409 2917 2919 3225 
5410 2801 3256 3128 
5411 3127 3128 3256 
5412 2801 2803 3256 
5413 2458 2459 2544 
5414 2498 2504 2544 
5415 2458 2544 2504 
5416 2924 3257 3258 
5417 3041 2922 3258 
5418 2924 3258 2922 
5419 2518 2517 3259 
5420 3260 3259 2517 
5421 3186 3036 3043 
5422 3037 3261 3262 
5423 2992 3263 2937 
5424 3037 2785 3261 
5425 2937 3261 2785 
5426 2996 3264 3066 
5427 2478 3265 3264 
5428 2996 2476 3264 
5429 2478 3264 2476 
5430 2327 3266 3194 
5431 3208 3206 3128 
5432 2801 3128 3206 
5433 3208 3207 3206 
5434 2801 3206 2779 
5435 3017 3267 3268 
5436 3018 3017 3268 
5437 3076 3196 3268 
5438 3196 3222 3268 
5439 2933 3269 2073 
5440 3058 2073 3269 
5441 2933 2848 3269 
5442 3058 3269 2848 
5443 2421 2563 2541 
5444 2538 2542 2563 
5445 2421 2422 2563 
5446 2422 2539 2563 
5447 2935 3270 2936 
5448 2599 2582 2623 
5449 2598 2599 2623 
5450 2380 2379 2623 
5451 2598 2623 2597 
5452 2882 3271 2883 
5453 2878 2880 3210 
5454 3190 3188 3210 
5455 3188 3013 3210 
5456 3272 3217 3238 
5457 3007 3238 3217 
5458 3272 3152 3217 
5459 3007 3217 3054 
5460 2845 3273 3136 
5461 2848 3178 2846 
5462 3274 3189 2846 
5463 2131 2133 2770 
5464 2773 2757 2133 
5465 3275 2809 3028 
5466 3276 3250 2793 
5467 3277 3278 3029 
5468 2346 2227 2436 
5469 2412 2346 2436 
5470 3279 3280 3030 
5471 3281 3273 3047 
5472 3282 2861 3055 
5473 2601 2600 2621 
5474 2626 2622 2602 
5475 2601 2621 2622 
5476 2115 2143 3283 
5477 3070 2115 3283 
5478 3090 3220 3283 
5479 3070 3283 3220 
5480 3284 3285 3062 
5481 2798 3085 2799 
5482 3087 2799 3085 
5483 2994 3086 2798 
5484 2617 2672 2618 
5485 2655 2657 2672 
5486 2617 2643 2672 
5487 2655 2672 2643 
5488 2205 3286 3095 
5489 3096 3147 3095 
5490 2205 3095 3147 
5491 2605 2632 3059 
5492 2973 2893 2952 
5493 2287 2342 3203 
5494 2850 2862 3145 
5495 3144 3287 3145 
5496 2850 3145 3213 
5497 2911 2812 3019 
5498 2906 3204 2788 
5499 2430 2444 3241 
5500 2446 2444 2244 
5501 2902 3288 3020 
5502 2795 3130 3242 
5503 2680 3289 2679 
5504 2373 2372 2549 
5505 2546 2548 2549 
5506 2373 2549 2548 
5507 3290 3291 2297 
5508 2874 3292 3166 
5509 2090 2089 3166 
5510 2874 3166 2089 
5511 2603 3149 3167 
5512 2868 3167 2172 
5513 1075 3293 3156 
5514 2028 3156 3293 
5515 1075 422 3293 
5516 2028 3293 422 
5517 3140 3219 3218 
5518 3138 3140 3218 
5519 2951 2947 3227 
5520 2960 3294 3205 
5521 2942 3295 3144 
5522 2960 2962 3294 
5523 3144 3294 2962 
5524 2875 2877 3175 
5525 3141 3139 3175 
5526 3139 3174 3175 
5527 2732 2729 2736 
5528 2686 2732 2736 
5529 3097 3296 3032 
5530 2859 2315 3035 
5531 2859 3153 2315 
5532 1349 3297 1350 
5533 2780 3207 2837 
5534 2840 2837 3207 
5535 1798 3298 1687 
5536 3159 3035 2315 
5537 3159 2315 3148 
5538 3132 3027 3133 
5539 2856 2858 3133 
5540 2466 3005 3040 
5541 2955 3287 2962 
5542 3144 2962 3287 
5543 2955 3213 3287 
5544 3213 3145 3287 
5545 3162 3182 3042 
5546 3003 3007 3006 
5547 2466 3006 3005 
5548 3007 3054 3005 
5549 3054 3040 3005 
5550 3274 3120 3189 
5551 3187 3189 3120 
5552 1724 1299 3160 
5553 1309 3163 1313 
5554 3171 3299 3087 
5555 3296 3300 1322 
5556 2946 3301 3198 
5557 2941 3302 3132 
5558 2946 3254 3301 
5559 3132 3301 3254 
5560 3235 2309 3236 
5561 3026 3235 3236 
5562 2311 3018 3236 
5563 2537 2423 2536 
5564 2159 2424 2423 
5565 2537 2404 2423 
5566 2404 2324 2423 
5567 2356 2406 2399 
5568 2390 2399 2406 
5569 2356 2264 2406 
5570 2390 2406 2321 
5571 2594 2578 2554 
5572 2450 2554 2578 
5573 2594 2512 2578 
5574 2450 2578 2482 
5575 2600 2590 2621 
5576 3275 3247 2809 
5577 3276 3248 3250 
5578 3173 3172 3215 
5579 2961 2960 2982 
5580 2496 2498 2495 
5581 2459 2495 2544 
5582 2889 2891 3251 
5583 3066 3264 3265 
5584 2326 3066 3265 
5585 2478 2559 3265 
5586 2326 3265 2559 
5587 2963 3183 2953 
5588 2782 2954 2953 
5589 2518 3267 3017 
5590 3076 3268 3267 
5591 2518 3259 3267 
5592 3259 3164 3267 
5593 2299 3303 2956 
5594 3211 2956 3303 
5595 2299 2298 3303 
5596 3124 3304 3237 
5597 2295 3237 2296 
5598 1621 429 2271 
5599 2150 2187 429 
5600 3018 3222 3221 
5601 3169 3168 3222 
5602 3018 3268 3222 
5603 3169 3222 3196 
5604 2684 3305 2728 
5605 2685 2687 2734 
5606 2687 2735 2734 
5607 2204 3306 2189 
5608 2287 2248 3306 
5609 2189 3306 2248 
5610 2571 3105 3106 
5611 3104 3106 2476 
5612 2520 3105 2571 
5613 2404 2530 2337 
5614 2529 2334 2530 
5615 2404 2537 2530 
5616 2537 2531 2530 
5617 2213 2139 2221 
5618 2138 2258 2139 
5619 2213 2177 2139 
5620 2177 2054 2139 
5621 2691 2714 2713 
5622 2699 2703 2714 
5623 2691 2710 2714 
5624 2699 2714 2698 
5625 2862 2942 3145 
5626 3307 3110 2958 
5627 2790 3195 2806 
5628 2911 2910 2812 
5629 2906 2905 3204 
5630 3279 2885 3308 
5631 2372 2383 2549 
5632 2383 2355 2549 
5633 1678 3307 1679 
5634 1682 3011 1275 
5635 1851 2986 1797 
5636 2758 2773 2448 
5637 2415 2181 2448 
5638 2758 2448 2181 
5639 1688 3233 1689 
5640 1278 2987 1276 
5641 3215 3243 3228 
5642 3138 3228 3243 
5643 3215 3244 3243 
5644 3138 3243 3174 
5645 3281 3136 3273 
5646 2988 3309 1853 
5647 2989 3310 1881 
5648 1698 3311 1892 
5649 2507 2286 2506 
5650 2505 2507 2506 
5651 2272 2276 2506 
5652 2505 2506 2276 
5653 1660 3312 1360 
5654 1700 3313 1824 
5655 1702 3314 1704 
5656 1705 2990 1834 
5657 2204 2342 3306 
5658 2287 3306 2342 
5659 1876 3315 1364 
5660 2389 2486 2487 
5661 2523 2389 2487 
5662 1710 3316 1836 
5663 2858 2941 3133 
5664 1712 3317 1714 
5665 1715 3318 1847 
5666 1719 3319 1878 
5667 1296 3320 1723 
5668 3035 3321 2860 
5669 1725 3262 1726 
5670 1860 2992 1403 
5671 2432 2543 2490 
5672 2432 2433 2543 
5673 2560 2543 2435 
5674 1927 3322 1839 
5675 1730 3323 1862 
5676 2997 3064 3065 
5677 3324 2997 3065 
5678 2325 2981 3065 
5679 1302 3325 1962 
5680 2772 2751 2750 
5681 2449 2772 2750 
5682 2741 2775 2750 
5683 2449 2750 2775 
5684 3241 3326 2430 
5685 2300 2430 3326 
5686 3241 2298 3326 
5687 2300 3326 2298 
5688 1305 3327 1732 
5689 3258 3328 3041 
5690 1736 3161 1902 
5691 1885 3257 1886 
5692 2520 2477 3105 
5693 2476 3105 2477 
5694 3178 3329 2846 
5695 2594 2576 2513 
5696 2595 2577 2576 
5697 2535 2513 2577 
5698 2594 2418 2576 
5699 2595 2576 2418 
5700 2393 2407 2409 
5701 3024 3023 3330 
5702 1281 286 3330 
5703 2691 3331 2692 
5704 2655 3332 2365 
5705 2645 2365 3332 
5706 2655 2643 3332 
5707 2645 3332 2643 
5708 3281 2921 3136 
5709 1806 2976 323 
5710 2686 2736 2753 
5711 2739 2753 2745 
5712 2052 3333 2521 
5713 2771 2532 2740 
5714 2536 2424 2532 
5715 2938 3166 3292 
5716 3334 3098 2854 
5717 449 3335 448 
5718 449 2092 3335 
5719 2265 3335 2092 
5720 531 3336 2092 
5721 2245 2092 3336 
5722 531 530 3336 
5723 2199 2553 2551 
5724 2146 2458 2553 
5725 2199 2183 2553 
5726 2146 2553 2183 
5727 2242 2244 2434 
5728 2430 2434 2444 
5729 2995 2631 2640 
5730 2633 2640 2631 
5731 3282 2928 3153 
5732 2199 2464 2340 
5733 2483 2465 2464 
5734 2199 2451 2464 
5735 2483 2464 2451 
5736 2298 3240 3239 
5737 2535 3337 2457 
5738 2575 2457 3337 
5739 2535 2531 3337 
5740 2575 3337 2531 
5741 2945 2944 2870 
5742 2186 2168 2053 
5743 2255 2053 2167 
5744 2255 2167 2188 
5745 2288 2473 3100 
5746 2467 3100 3004 
5747 3006 3004 3003 
5748 3006 3046 3004 
5749 3284 2936 3167 
5750 423 3338 2075 
5751 2262 2075 3338 
5752 423 307 3338 
5753 405 3339 474 
5754 405 2032 3339 
5755 2097 3339 2032 
5756 2100 2975 2969 
5757 2100 3081 2975 
5758 2105 2973 3081 
5759 2951 3226 3184 
5760 2950 2951 3184 
5761 3186 3185 3184 
5762 2950 3184 2979 
5763 3218 3340 3341 
5764 3138 3218 3341 
5765 2249 3228 3341 
5766 3138 3341 3228 
5767 3192 3191 3229 
5768 3018 3049 3236 
5769 3026 3236 3049 
5770 3018 3221 3049 
5771 3094 3096 2799 
5772 2800 2799 3095 
5773 3205 2896 2960 
5774 2982 2960 2896 
5775 2441 2528 2527 
5776 2524 2527 2528 
5777 2441 2339 2528 
5778 2524 2528 2523 
5779 2097 2233 3339 
5780 474 3339 2233 
5781 2262 3338 2231 
5782 307 2231 3338 
5783 2408 2613 3008 
5784 2398 2438 2261 
5785 2357 2261 2438 
5786 2398 2181 2438 
5787 2181 2415 2438 
5788 2190 3340 3218 
5789 2249 3341 3340 
5790 2190 2189 3340 
5791 2249 3340 2189 
5792 2129 2349 2127 
5793 2148 2127 2349 
5794 2129 2253 2349 
5795 2148 2349 2285 
5796 2917 3224 3036 
5797 3043 3036 3224 
5798 2191 2943 3342 
5799 2191 3342 2205 
5800 3247 3343 2909 
5801 2558 3344 2378 
5802 2555 2378 3344 
5803 2558 2490 3344 
5804 2490 2543 3344 
5805 2216 2718 2717 
5806 2397 2216 2717 
5807 2716 2395 2717 
5808 2397 2717 2395 
5809 2560 2555 2543 
5810 2555 3344 2543 
5811 2676 2681 2679 
5812 2661 2677 2681 
5813 3233 3345 2929 
5814 2265 2231 3335 
5815 448 3335 2231 
5816 2245 3336 2233 
5817 530 2233 3336 
5818 3101 3346 2778 
5819 1279 3022 1367 
5820 2618 3347 2616 
5821 2618 2658 3347 
5822 2616 3347 2649 
5823 1658 3102 1656 
5824 1427 3082 421 
5825 2100 421 3082 
5826 1427 3083 3082 
5827 2100 3082 3081 
5828 3076 3164 3075 
5829 3260 3165 3164 
5830 3076 3267 3164 
5831 3260 3164 3259 
5832 2965 2964 3077 
5833 2966 3077 2964 
5834 2570 2585 2568 
5835 2588 2586 2585 
5836 2570 2598 2585 
5837 2588 2585 2597 
5838 2677 2702 2678 
5839 2700 2678 2702 
5840 2677 2660 2702 
5841 2700 2702 2636 
5842 2188 2167 2123 
5843 2168 2123 2167 
5844 2930 3158 3080 
5845 2619 3348 2630 
5846 2642 2630 3348 
5847 2619 2622 3348 
5848 2642 3348 2622 
5849 2502 2509 2511 
5850 2494 2502 2511 
5851 2461 2492 2511 
5852 2494 2511 2492 
5853 2666 3349 2664 
5854 2914 2957 3290 
5855 2294 3350 2297 
5856 2914 3290 2915 
5857 2497 3351 2492 
5858 2493 2492 3351 
5859 2497 2499 3351 
5860 2493 3351 2499 
5861 2748 2755 2774 
5862 2230 2748 2774 
5863 2764 2228 2774 
5864 2230 2774 2228 
5865 3215 3172 3214 
5866 3044 3214 3107 
5867 2741 2751 2768 
5868 2397 2741 2768 
5869 2132 2217 2768 
5870 2397 2768 2217 
5871 2787 3025 3115 
5872 2779 2787 3115 
5873 2802 2801 3115 
5874 2801 2779 3115 
5875 2572 2195 2573 
5876 2194 2573 2195 
5877 2572 2596 2195 
5878 2596 2196 2195 
5879 3172 3107 3214 
5880 3051 3214 3044 
5881 2590 2207 2621 
5882 2602 2621 2207 
5883 2913 3010 2914 
5884 2957 2914 3010 
5885 2298 3239 3303 
5886 3211 3303 3239 
5887 3352 2332 2331 
5888 2477 2522 2331 
5889 2330 2478 2331 
5890 2477 2331 2478 
5891 2275 2095 2547 
5892 2510 2275 2547 
5893 2094 2548 2547 
5894 2510 2547 2546 
5895 3274 3121 3120 
5896 3187 3120 3103 
5897 3106 3104 3103 
5898 3187 3103 3014 
5899 2561 2560 2584 
5900 2491 2561 2584 
5901 2435 2431 2584 
5902 2491 2584 2431 
5903 2456 2533 2454 
5904 2575 2534 2533 
5905 2456 2386 2533 
5906 2575 2533 2386 
5907 2375 3353 2376 
5908 2332 3333 3353 
5909 2375 2378 3353 
5910 2332 3353 2378 
5911 2442 2441 2440 
5912 2526 2439 2441 
5913 3193 2999 2961 
5914 2962 2961 2955 
5915 2238 3354 2239 
5916 2493 2239 3354 
5917 2238 2494 3354 
5918 2493 3354 2494 
5919 2361 2470 2362 
5920 2519 2362 2470 
5921 2881 2930 2884 
5922 3355 2882 2884 
5923 3355 2884 2409 
5924 3072 2143 2115 
5925 3090 3283 2143 
5926 3072 2144 2143 
5927 3090 2143 2142 
5928 1323 3033 1322 
5929 3002 3179 3238 
5930 3155 3356 3179 
5931 3204 2789 2788 
5932 1662 1358 2789 
5933 3312 1660 2789 
5934 2802 2067 2066 
5935 167 168 2067 
5936 2802 3025 2067 
5937 167 2067 2069 
5938 3311 1698 2794 
5939 1697 1984 2794 
5940 3250 2794 2793 
5941 2991 3357 1834 
5942 2990 2825 2991 
5943 2797 2991 2825 
5944 2704 2706 2696 
5945 2706 2697 2696 
5946 2174 2785 3148 
5947 3038 3159 3148 
5948 3129 3358 2696 
5949 2696 2695 3129 
5950 2798 3359 2841 
5951 2798 2800 3359 
5952 2800 3286 3359 
5953 3125 2913 2916 
5954 3195 3125 2916 
5955 2915 2293 2916 
5956 3195 2916 2410 
5957 2885 3279 2822 
5958 2921 3281 2836 
5959 2928 3282 2855 
5960 2936 3284 2871 
5961 2934 3360 2864 
5962 2171 2583 3084 
5963 2863 2171 3084 
5964 2166 2934 3084 
5965 2863 3084 2934 
5966 2409 3361 2393 
5967 3212 3362 3246 
5968 2851 3212 3246 
5969 2851 3246 2852 
5970 3363 2795 3242 
5971 3363 3242 2830 
5972 3078 3364 3079 
5973 3361 3079 3364 
5974 3153 2859 3282 
5975 2861 3282 2859 
5976 2865 3365 3111 
5977 2863 2865 3111 
5978 3366 2777 3111 
5979 2777 2171 3111 
5980 2409 2884 3361 
5981 3308 2885 2705 
5982 2704 3308 2705 
5983 1354 1881 3310 
5984 2989 2811 3310 
5985 2986 1685 3367 
5986 2986 3367 2806 
5987 2987 1278 3232 
5988 3233 3231 3232 
5989 3231 2883 3232 
5990 3261 2937 3263 
5991 3262 3261 3263 
5992 2992 1860 3263 
5993 3368 3369 3157 
5994 2924 3370 3371 
5995 3052 1737 3372 
5996 3314 2822 3373 
5997 3030 1284 3373 
5998 3313 2819 3374 
5999 3020 1816 3374 
6000 3375 3376 3377 
6001 2952 3378 2953 
6002 3379 2760 3380 
6003 3317 2836 3381 
6004 3047 1290 3381 
6005 3063 1734 3382 
6006 3327 2864 3382 
6007 3055 1396 3383 
6008 3319 2855 3383 
6009 3312 2816 3384 
6010 3029 1361 3384 
6011 3323 2871 3385 
6012 3062 1405 3385 
6013 3052 3053 3386 
6014 2788 1357 3387 
6015 3311 2813 3387 
6016 2957 3291 3290 
6017 2983 2297 3291 
6018 2957 2959 3291 
6019 3011 3202 3201 
6020 3307 2958 3202 
6021 3307 3202 1679 
6022 3161 3328 1902 
6023 3161 3041 3328 
6024 3257 3328 3258 
6025 3022 3346 1367 
6026 3022 2778 3346 
6027 3102 3346 3101 
6028 2986 3388 1797 
6029 1798 1797 3388 
6030 2986 3369 3388 
6031 1798 3388 3369 
6032 2952 2974 2973 
6033 2969 2975 2974 
6034 2952 2954 2974 
6035 2969 2974 2954 
6036 3389 3390 192 
6037 2995 3391 2632 
6038 3392 3391 3248 
6039 2759 3393 2760 
6040 3113 3394 3395 
6041 3394 3230 3225 
6042 2695 3396 3129 
6043 3242 3396 2887 
6044 3021 3397 2837 
6045 1981 1365 3398 
6046 3019 3399 3400 
6047 1800 3400 3399 
6048 3019 1801 3399 
6049 1800 3399 1801 
6050 2989 3401 2812 
6051 3019 2812 3401 
6052 2989 1695 3401 
6053 3402 2835 3403 
6054 1814 1813 3403 
6055 3171 3087 3404 
6056 3405 2976 3404 
6057 3334 2854 3406 
6058 1821 1820 3406 
6059 3052 3372 2926 
6060 1828 1827 3407 
6061 2945 2870 3407 
6062 2706 2705 3408 
6063 2886 2635 3408 
6064 1354 3409 1355 
6065 2793 1355 3409 
6066 1354 3310 3409 
6067 3310 3410 3409 
6068 1843 1864 3411 
6069 2816 3277 3384 
6070 3029 3384 3277 
6071 2833 3412 2831 
6072 3402 3413 3412 
6073 2833 3069 3412 
6074 3019 3400 2911 
6075 3030 3373 3279 
6076 2822 3279 3373 
6077 3135 3414 3074 
6078 2920 3068 3067 
6079 2788 3387 2906 
6080 2864 3360 3382 
6081 3063 3382 3360 
6082 2695 2756 3415 
6083 3020 3374 2902 
6084 2835 3416 3403 
6085 1814 3403 3416 
6086 1814 3416 1711 
6087 2988 3417 2809 
6088 3028 2809 3417 
6089 2988 1692 3417 
6090 3418 3123 3389 
6091 3047 3381 3281 
6092 2836 3281 3381 
6093 2796 3419 1706 
6094 1707 1706 3419 
6095 3109 2876 3230 
6096 3113 3109 3230 
6097 3229 3225 3230 
6098 3113 3230 3394 
6099 1981 3398 3420 
6100 1981 3420 1709 
6101 1165 1167 3421 
6102 2938 3292 3421 
6103 2854 3422 3406 
6104 1821 3406 3422 
6105 1821 3422 1718 
6106 2855 3282 3383 
6107 3055 3383 3282 
6108 2870 3423 3407 
6109 1828 3407 3423 
6110 1828 3423 1729 
6111 3028 3271 3275 
6112 3028 1897 3271 
6113 2987 3271 1897 
6114 2845 3424 2843 
6115 3334 3425 3424 
6116 2845 3426 3424 
6117 3062 3385 3284 
6118 2871 3284 3385 
6119 3292 3427 3421 
6120 1165 3421 3427 
6121 1165 3427 1300 
6122 1685 3428 3367 
6123 2791 3429 3428 
6124 1685 1684 3428 
6125 2791 3428 1684 
6126 1843 3411 3430 
6127 1843 3430 1304 
6128 2900 3431 2901 
6129 2886 3431 2700 
6130 2793 3410 3276 
6131 2811 3432 3410 
6132 2793 3409 3410 
6133 2811 3410 3310 
6134 2754 3067 3433 
6135 3069 3433 3067 
6136 2868 3434 2866 
6137 3366 2866 3434 
6138 2868 2777 3434 
6139 3366 3434 2777 
6140 2874 3435 2872 
6141 2945 3436 3435 
6142 2874 2776 3435 
6143 2945 3435 2776 
6144 3320 1296 3437 
6145 1999 3437 1296 
6146 3380 2760 3393 
6147 3099 3380 3393 
6148 2759 2769 3393 
6149 3099 3393 2769 
6150 3182 3438 3042 
6151 3439 3440 3441 
6152 3197 3439 3441 
6153 3197 3441 3198 
6154 3127 3256 3442 
6155 201 200 3442 
6156 3220 3090 3443 
6157 3220 3443 2943 
6158 1860 3444 3263 
6159 3262 3263 3444 
6160 1860 1726 3444 
6161 3262 3444 1726 
6162 3296 3033 3032 
6163 3031 3034 3033 
6164 3296 1322 3033 
6165 3031 3033 1323 
6166 2810 3445 3446 
6167 2811 2810 3446 
6168 3392 3248 3446 
6169 2830 3447 2828 
6170 3448 3449 3447 
6171 2830 2888 3447 
6172 3158 2929 3345 
6173 3368 3158 3345 
6174 3402 3403 3413 
6175 3316 2831 3413 
6176 2831 3412 3413 
6177 2508 2303 3450 
6178 2977 2980 3450 
6179 2508 3450 2980 
6180 3377 3378 3451 
6181 2995 2904 3391 
6182 2976 3405 2149 
6183 3452 324 2149 
6184 2976 2149 323 
6185 2953 3376 2963 
6186 2953 3378 3376 
6187 3378 3377 3376 
6188 3233 3453 1689 
6189 1278 1689 3453 
6190 3233 3232 3453 
6191 1278 3453 3232 
6192 2878 3454 2879 
6193 3324 3454 2997 
6194 3257 3371 1886 
6195 1737 1886 3371 
6196 3257 2924 3371 
6197 1737 3371 3372 
6198 3175 2877 3455 
6199 3455 3456 3175 
6200 1365 1364 3457 
6201 3315 3457 1364 
6202 2843 3424 3425 
6203 3318 2843 3425 
6204 3334 3406 3425 
6205 2839 2840 3116 
6206 2959 2839 3116 
6207 2983 3291 3116 
6208 2959 3116 3291 
6209 2849 3458 249 
6210 276 249 3458 
6211 2931 3057 2849 
6212 2327 3193 3459 
6213 2981 2325 3459 
6214 2327 3459 2325 
6215 3114 3234 2886 
6216 3325 3460 1962 
6217 1864 1962 3460 
6218 3322 3436 1839 
6219 1827 1839 3436 
6220 1827 3436 3407 
6221 1813 3413 3403 
6222 1813 1836 3413 
6223 3316 3413 1836 
6224 3318 3425 1847 
6225 1820 1847 3425 
6226 1820 3425 3406 
6227 3210 2880 3461 
6228 3461 3462 3210 
6229 2803 3061 3256 
6230 200 192 3390 
6231 3102 3463 1656 
6232 1349 1656 3463 
6233 3102 3397 3463 
6234 1349 3463 3397 
6235 3314 3464 1704 
6236 1284 1704 3464 
6237 3314 3373 3464 
6238 1284 3464 3373 
6239 3317 3465 1714 
6240 1290 1714 3465 
6241 3317 3381 3465 
6242 1290 3465 3381 
6243 3466 3073 3456 
6244 3141 3175 3456 
6245 3466 3456 3455 
6246 1396 3467 3383 
6247 3319 3383 3467 
6248 1396 1878 3467 
6249 3319 3467 1878 
6250 3272 3356 3468 
6251 2849 251 3468 
6252 160 3468 251 
6253 3323 3469 1862 
6254 1405 1862 3469 
6255 3323 3385 3469 
6256 1405 3469 3385 
6257 267 3462 3461 
6258 3190 3210 3462 
6259 267 171 3462 
6260 3313 3470 1824 
6261 1816 1824 3470 
6262 3313 3374 3470 
6263 1816 3470 3374 
6264 3361 2884 3079 
6265 1734 3471 3382 
6266 3327 3382 3471 
6267 1734 1732 3471 
6268 3327 3471 1732 
6269 1864 3460 3411 
6270 2475 2971 3472 
6271 2475 3472 2471 
6272 2872 3435 3436 
6273 3322 2872 3436 
6274 2945 3407 3436 
6275 3160 3321 3035 
6276 3320 2860 3321 
6277 3160 1299 3321 
6278 2735 3473 2756 
6279 2915 3350 2446 
6280 2915 3290 3350 
6281 3290 2297 3350 
6282 1125 3474 1122 
6283 3171 1122 3474 
6284 3136 3426 2845 
6285 3099 3424 3426 
6286 3136 3475 3426 
6287 3099 3426 3380 
6288 3015 2827 3358 
6289 2704 2696 3358 
6290 3015 3358 3129 
6291 2818 3476 3477 
6292 2816 2818 3477 
6293 2816 3477 3277 
6294 3411 3460 3366 
6295 2760 3478 2761 
6296 2752 2761 3478 
6297 2752 3478 2746 
6298 3089 3479 3480 
6299 3090 3089 3480 
6300 3481 3443 3480 
6301 3090 3480 3443 
6302 3056 3059 3445 
6303 3056 3445 2910 
6304 2879 3482 3117 
6305 3324 3483 3482 
6306 2879 3454 3482 
6307 3324 3482 3454 
6308 3458 2849 3057 
6309 276 3458 3057 
6310 2931 2933 3057 
6311 2933 271 3057 
6312 3288 3484 3020 
6313 2976 1120 3404 
6314 3171 3404 1120 
6315 3485 3486 2893 
6316 2893 2892 3485 
6317 3451 3485 2892 
6318 3312 3487 1360 
6319 1361 1360 3487 
6320 3312 3384 3487 
6321 1361 3487 3384 
6322 1357 3488 3387 
6323 3311 3387 3488 
6324 1357 1892 3488 
6325 3311 3488 1892 
6326 3376 3489 2963 
6327 2791 3490 2792 
6328 2791 1900 3490 
6329 1273 3490 1900 
6330 3011 3491 3202 
6331 1679 3202 3491 
6332 3011 1682 3491 
6333 1679 3491 1682 
6334 3280 3492 3030 
6335 2747 3493 3074 
6336 2747 2746 3493 
6337 2944 2169 3270 
6338 2603 2936 3270 
6339 2944 3270 2935 
6340 2919 3151 3225 
6341 3294 3295 3205 
6342 184 187 3494 
6343 3205 3494 187 
6344 3474 3300 3299 
6345 3171 3474 3299 
6346 3097 3094 3299 
6347 3094 3087 3299 
6348 2769 2126 2125 
6349 3098 2769 2125 
6350 2124 2928 2125 
6351 3098 2125 2927 
6352 3221 2856 3050 
6353 3049 3221 3050 
6354 3133 3027 3050 
6355 3027 3026 3050 
6356 1365 3457 3398 
6357 3198 3441 2946 
6358 3272 3495 3152 
6359 161 3152 3495 
6360 161 3495 160 
6361 2446 3350 2444 
6362 2738 3496 3473 
6363 2735 2738 3473 
6364 3497 3415 3473 
6365 3415 2756 3473 
6366 3320 3498 2860 
6367 2861 2860 3498 
6368 3320 3437 3498 
6369 3273 3499 3047 
6370 3419 3500 3501 
6371 1707 3419 3501 
6372 3182 3502 2166 
6373 2934 2166 3502 
6374 2934 3502 3360 
6375 3227 3503 3226 
6376 2918 3226 3503 
6377 3227 3440 3503 
6378 2918 3503 2120 
6379 3433 3253 3504 
6380 2754 3433 3504 
6381 3252 3496 3504 
6382 2754 3504 2737 
6383 2987 2883 3271 
6384 3275 3271 2882 
6385 3216 3505 2804 
6386 3157 2804 3505 
6387 3216 3078 3505 
6388 3160 3506 1724 
6389 3451 3486 3485 
6390 2952 2893 3486 
6391 3451 3378 3486 
6392 2952 3486 3378 
6393 2796 3507 2797 
6394 2796 1811 3507 
6395 1810 3507 1811 
6396 2925 2922 3438 
6397 3042 3438 2922 
6398 3418 3508 3246 
6399 3060 3246 3508 
6400 3060 3508 179 
6401 2887 3396 3415 
6402 2695 3415 3396 
6403 3285 3509 3062 
6404 184 3295 2942 
6405 3294 3144 3295 
6406 184 3494 3295 
6407 3494 3205 3295 
6408 3278 3510 3029 
6409 3134 3302 2941 
6410 3301 3132 3302 
6411 3301 3302 3198 
6412 1701 3511 3484 
6413 3020 3484 3511 
6414 1701 1817 3511 
6415 3020 3511 1817 
6416 201 3061 216 
6417 2803 2066 3061 
6418 201 3442 3061 
6419 3442 3256 3061 
6420 2895 2897 3512 
6421 2895 3512 2981 
6422 1695 3513 3401 
6423 3019 3401 3513 
6424 1695 1694 3513 
6425 3019 3513 1694 
6426 3182 3162 3502 
6427 3360 3502 3162 
6428 2880 265 3461 
6429 267 3461 265 
6430 3330 3012 1281 
6431 3022 1279 3012 
6432 3330 3023 3012 
6433 3022 3012 3023 
6434 3029 3514 1819 
6435 1699 1819 3514 
6436 3029 3510 3514 
6437 1699 3514 3510 
6438 1168 3515 3509 
6439 3062 3509 3515 
6440 1168 1170 3515 
6441 3062 3515 1170 
6442 3030 3516 1282 
6443 1287 1282 3516 
6444 3030 3492 3516 
6445 1287 3516 3492 
6446 3047 3517 1288 
6447 1292 1288 3517 
6448 3047 3499 3517 
6449 1292 3517 3499 
6450 3055 2861 3518 
6451 1999 1397 3518 
6452 3055 3518 1397 
6453 2243 2391 2328 
6454 3364 2329 2328 
6455 2243 2328 2241 
6456 2877 3108 3455 
6457 3466 3455 3108 
6458 3404 3087 3086 
6459 3405 3404 3086 
6460 3085 2798 3086 
6461 3405 3086 2994 
6462 1999 3498 3437 
6463 1999 3518 3498 
6464 2861 3498 3518 
6465 3001 2473 2472 
6466 3118 3001 2472 
6467 2471 3472 2472 
6468 3118 2472 3472 
6469 2294 3241 3350 
6470 2444 3350 3241 
6471 3063 3519 1735 
6472 1309 1735 3519 
6473 1309 3519 3163 
6474 3239 3520 3211 
6475 2296 3304 3239 
6476 3078 3080 3505 
6477 3182 3521 3438 
6478 2251 3522 3521 
6479 3182 2098 3521 
6480 2251 3521 2098 
6481 3394 3225 3151 
6482 3395 3394 3151 
6483 2919 2122 3151 
6484 3395 3151 3150 
6485 3141 3456 3071 
6486 3073 3071 3456 
6487 3368 3505 3158 
6488 3080 3158 3505 
6489 3368 3157 3505 
6490 3418 3389 3508 
6491 179 3508 242 
6492 3248 3432 3446 
6493 2811 3446 3432 
6494 3248 3276 3432 
6495 3276 3410 3432 
6496 171 2074 3462 
6497 3190 3462 2074 
6498 2665 2664 3349 
6499 2694 2665 3349 
6500 2666 2690 3349 
6501 2694 3349 2690 
6502 2986 2805 3369 
6503 3157 3369 2805 
6504 1315 3523 1319 
6505 3031 1319 3523 
6506 1315 3386 3523 
6507 3386 3524 3523 
6508 3117 3482 3483 
6509 2897 3117 3483 
6510 3324 3512 3483 
6511 2897 3483 3512 
6512 3011 2792 3525 
6513 1273 1275 3525 
6514 3011 3525 1275 
6515 3315 3449 3457 
6516 3315 2828 3449 
6517 2828 3447 3449 
6518 2884 2930 3079 
6519 3080 3079 2930 
6520 3448 2889 3398 
6521 2704 3358 3308 
6522 2827 3308 3358 
6523 2360 3526 2302 
6524 2237 2360 2302 
6525 3527 2303 2302 
6526 2237 2302 2301 
6527 3146 2341 3000 
6528 3147 3146 3000 
6529 2204 2205 3000 
6530 3147 3000 2205 
6531 2997 3209 2998 
6532 2878 3013 3209 
6533 2997 3454 3209 
6534 2878 3209 3454 
6535 2888 3528 2891 
6536 3252 2891 3528 
6537 3528 3497 3496 
6538 1692 3529 3417 
6539 3028 3417 3529 
6540 1692 1691 3529 
6541 3028 3529 1691 
6542 2959 2958 3110 
6543 2984 3021 3110 
6544 3021 2839 3110 
6545 3392 3446 3445 
6546 2910 3445 2810 
6547 3052 3530 1317 
6548 1315 1317 3530 
6549 3052 3386 3530 
6550 1315 3530 3386 
6551 2734 3305 2720 
6552 2694 2720 3305 
6553 2734 2728 3305 
6554 2694 3305 2684 
6555 2680 2678 3255 
6556 2678 2701 3255 
6557 2303 3527 3450 
6558 3527 3531 3450 
6559 2192 3532 2124 
6560 3153 2124 3532 
6561 2192 2203 3532 
6562 3153 3532 2203 
6563 2706 3533 2683 
6564 2706 3408 3533 
6565 2635 3533 3408 
6566 3074 3493 3135 
6567 3379 3135 3493 
6568 2899 2821 3534 
6569 3380 3426 3475 
6570 3379 3380 3475 
6571 3136 3135 3475 
6572 3379 3475 3135 
6573 2899 3535 3255 
6574 3536 3537 3535 
6575 2899 3534 3535 
6576 3534 3538 3535 
6577 3536 3538 3477 
6578 3277 3477 3538 
6579 3536 3535 3538 
6580 3277 3538 3534 
6581 3198 3539 3199 
6582 3134 3199 3539 
6583 3198 3302 3539 
6584 3134 3539 3302 
6585 3099 3540 3424 
6586 3334 3424 3540 
6587 3099 3098 3540 
6588 3334 3540 3098 
6589 3272 3468 3495 
6590 160 3495 3468 
6591 3318 3541 3499 
6592 1292 3499 3541 
6593 3318 1715 3541 
6594 1292 3541 1715 
6595 3420 2832 3542 
6596 1709 3420 3542 
6597 3316 1710 3542 
6598 1709 3542 1710 
6599 3442 200 3390 
6600 3127 3442 3390 
6601 3389 3123 3390 
6602 3127 3390 3123 
6603 3227 2947 3441 
6604 2946 3441 2947 
6605 2982 3543 2961 
6606 3193 2961 3543 
6607 2981 3543 2982 
6608 2887 3415 3497 
6609 2888 2887 3497 
6610 2888 3497 3528 
6611 3427 2873 3544 
6612 1300 3427 3544 
6613 3322 1927 3544 
6614 1300 3544 1927 
6615 3509 2867 3545 
6616 1168 3509 3545 
6617 3325 1302 3545 
6618 1168 3545 1302 
6619 1699 3546 1700 
6620 3313 1700 3546 
6621 1699 3510 3546 
6622 3313 3546 3510 
6623 1304 3547 1305 
6624 3327 1305 3547 
6625 1304 3430 3547 
6626 3430 3548 3547 
6627 3314 3549 3484 
6628 1701 3484 3549 
6629 3314 1702 3549 
6630 1701 3549 1702 
6631 1711 2834 1712 
6632 3317 1712 2834 
6633 1711 3416 2834 
6634 3102 2838 3397 
6635 2837 3397 2838 
6636 1718 2853 1719 
6637 3319 1719 2853 
6638 1718 3422 2853 
6639 3067 3074 3414 
6640 2920 3067 3414 
6641 3135 2921 3414 
6642 2920 3414 2921 
6643 3362 3304 3124 
6644 2296 3237 3304 
6645 3362 3520 3304 
6646 3520 3239 3304 
6647 1729 2869 1730 
6648 3323 1730 2869 
6649 1729 3423 2869 
6650 3042 3041 2993 
6651 3163 3042 2993 
6652 3161 1736 2993 
6653 3163 2993 1313 
6654 2821 3278 3534 
6655 3277 3534 3278 
6656 3431 2886 3234 
6657 2901 3431 3234 
6658 3114 2885 3234 
6659 2901 3234 2824 
6660 242 3508 3389 
6661 192 242 3389 
6662 3527 2302 3526 
6663 2310 3531 3526 
6664 2360 2362 3526 
6665 2310 3526 2362 
6666 1724 3550 1725 
6667 3262 1725 3550 
6668 1724 3506 3550 
6669 3262 3550 3506 
6670 2813 3551 3387 
6671 2906 3387 3551 
6672 2813 2903 3551 
6673 2906 3551 2903 
6674 1707 3552 1876 
6675 3315 1876 3552 
6676 1707 3501 3552 
6677 3315 3552 3501 
6678 3070 3553 3141 
6679 3140 3141 3553 
6680 3140 3553 3219 
6681 2613 3200 3008 
6682 2912 2909 3200 
6683 2613 3056 3200 
6684 2912 3200 3056 
6685 3347 2669 2652 
6686 2662 2652 2669 
6687 3347 2658 2669 
6688 2662 2669 2668 
6689 3122 3237 3554 
6690 3208 3128 3554 
6691 3122 3554 3128 
6692 3314 2823 2822 
6693 3288 2824 2823 
6694 3314 3484 2823 
6695 3288 2823 3484 
6696 3418 3126 3123 
6697 3362 3124 3126 
6698 3418 3246 3126 
6699 3362 3126 3246 
6700 2971 3555 3472 
6701 3118 3472 3555 
6702 2971 3329 3555 
6703 3118 3555 3177 
6704 3352 2522 2521 
6705 2520 2290 2522 
6706 3352 2331 2522 
6707 2520 2522 2477 
6708 3160 3556 3506 
6709 3038 3037 3556 
6710 3160 3159 3556 
6711 3038 3556 3159 
6712 2808 2908 3400 
6713 2911 3400 2908 
6714 2835 2834 3416 
6715 2920 2836 2835 
6716 3317 2834 2836 
6717 3233 3557 3345 
6718 1687 3345 3557 
6719 3233 1688 3557 
6720 1687 3557 1688 
6721 1367 3558 1658 
6722 3102 1658 3558 
6723 1367 3346 3558 
6724 3102 3558 3346 
6725 3152 2030 2029 
6726 163 2031 2030 
6727 3152 162 2030 
6728 163 2030 162 
6729 2640 3559 2995 
6730 2907 2995 3559 
6731 2640 3048 3559 
6732 3316 2832 2831 
6733 3251 2833 2832 
6734 3316 3542 2832 
6735 3251 2832 3420 
6736 2981 3459 3543 
6737 3193 3543 3459 
6738 3481 3480 3479 
6739 3359 3481 3479 
6740 3089 2841 3479 
6741 3359 3479 2841 
6742 2983 3560 2295 
6743 3208 3554 3560 
6744 2983 2840 3560 
6745 3208 3560 2840 
6746 2819 3561 3374 
6747 2902 3374 3561 
6748 2819 2898 3561 
6749 2902 3561 2898 
6750 3189 2847 2846 
6751 3058 2848 2847 
6752 3189 3190 2847 
6753 3058 2847 3190 
6754 2152 3562 2065 
6755 2068 2065 3562 
6756 2152 2240 3562 
6757 2068 3562 2240 
6758 2876 3245 3229 
6759 3192 3229 3245 
6760 2876 2875 3245 
6761 2875 3244 3245 
6762 3069 3253 3433 
6763 3252 3504 3253 
6764 3069 2833 3253 
6765 2833 2891 3253 
6766 3537 3563 3289 
6767 2680 3255 3537 
6768 3255 3535 3537 
6769 3257 3564 3328 
6770 1902 3328 3564 
6771 3257 1885 3564 
6772 1902 3564 1885 
6773 3252 3528 3496 
6774 2737 3504 3496 
6775 3497 3473 3496 
6776 2737 3496 2738 
6777 2854 2853 3422 
6778 2927 2855 2854 
6779 3319 2853 2855 
6780 2950 2979 2978 
6781 3235 2949 2978 
6782 2977 3531 2978 
6783 3235 2978 2309 
6784 2713 3565 3566 
6785 2711 3331 3566 
6786 2130 2345 3566 
6787 2711 3566 2345 
6788 2342 2786 3567 
6789 2925 3522 3567 
6790 2342 3567 3203 
6791 3372 3371 3370 
6792 2926 3372 3370 
6793 2924 2923 3370 
6794 2926 3370 2923 
6795 3363 2829 3501 
6796 3315 3501 2829 
6797 3363 2830 2829 
6798 3315 2829 2828 
6799 3163 3568 3162 
6800 3163 3519 3568 
6801 3063 3568 3519 
6802 2760 3379 3569 
6803 2746 3478 3569 
6804 2760 3569 3478 
6805 2901 3570 2902 
6806 3288 2902 3570 
6807 2901 2824 3570 
6808 3288 3570 2824 
6809 2870 2869 3423 
6810 2935 2871 2870 
6811 3323 2869 2871 
6812 2341 3146 3571 
6813 3053 2786 3571 
6814 2341 3571 2786 
6815 3320 3572 1723 
6816 1299 1723 3572 
6817 3320 3321 3572 
6818 1299 3572 3321 
6819 2323 2336 3573 
6820 3573 3574 2323 
6821 3278 2820 3510 
6822 3313 3510 2820 
6823 3278 2821 2820 
6824 3313 2820 2819 
6825 2517 3575 3260 
6826 2153 3260 3575 
6827 2153 3575 2152 
6828 2153 3576 3260 
6829 3363 3500 2795 
6830 2796 2795 3500 
6831 3363 3501 3500 
6832 2796 3500 3419 
6833 3318 2844 2843 
6834 3273 2845 2844 
6835 3318 3499 2844 
6836 3273 2844 3499 
6837 3362 3212 3520 
6838 3211 3520 3212 
6839 3069 3577 3412 
6840 3402 3412 3577 
6841 3069 3068 3577 
6842 3068 3578 3577 
6843 2786 3579 3567 
6844 2925 3567 3579 
6845 2786 2923 3579 
6846 2925 3579 2923 
6847 2700 3580 2701 
6848 2900 2701 3580 
6849 2700 3431 3580 
6850 2900 3580 3431 
6851 3398 2889 3420 
6852 3251 3420 2889 
6853 2393 2328 2391 
6854 2393 3361 2328 
6855 3364 2328 3361 
6856 3034 3524 3571 
6857 3146 3034 3571 
6858 3165 3260 3576 
6859 2968 3165 3576 
6860 2153 2479 3576 
6861 2968 3576 2479 
6862 2981 3581 3065 
6863 3324 3065 3581 
6864 2981 3512 3581 
6865 3324 3581 3512 
6866 2865 3548 3430 
6867 3327 3547 3548 
6868 2865 2864 3548 
6869 3327 3548 2864 
6870 3002 3001 3119 
6871 3179 3002 3119 
6872 3118 3177 3119 
6873 3179 3119 3176 
6874 2938 3582 2937 
6875 2992 2937 3582 
6876 2938 3421 3582 
6877 2336 2174 3573 
6878 3148 3573 2174 
6879 2907 3559 2905 
6880 3048 2905 3559 
6881 2376 3333 2184 
6882 2376 3353 3333 
6883 3352 3333 2332 
6884 3347 3583 2649 
6885 2648 2649 3583 
6886 3347 2652 3583 
6887 2648 3583 2652 
6888 3322 2873 2872 
6889 3292 2874 2873 
6890 3322 3544 2873 
6891 3292 2873 3427 
6892 3203 3567 3522 
6893 2251 3203 3522 
6894 2925 3438 3522 
6895 3438 3521 3522 
6896 3059 2632 3584 
6897 3392 3445 3584 
6898 3059 3584 3445 
6899 3063 3360 3568 
6900 3162 3568 3360 
6901 3325 2867 2866 
6902 3285 2868 2867 
6903 3325 3545 2867 
6904 3285 2867 3509 
6905 3330 2070 3024 
6906 159 203 2070 
6907 3330 286 2070 
6908 286 2 2070 
6909 3008 3343 2409 
6910 3355 2409 3343 
6911 3008 2909 3343 
6912 3247 3585 3343 
6913 2886 3408 3114 
6914 2705 3114 3408 
6915 3402 3577 3578 
6916 2835 3402 3578 
6917 3068 2920 3578 
6918 2835 3578 2920 
6919 2639 3289 3048 
6920 2680 3537 3289 
6921 2639 2676 3289 
6922 2676 2679 3289 
6923 3352 2521 3333 
6924 2184 3333 2052 
6925 3367 3428 3429 
6926 2806 3367 3429 
6927 2791 2790 3429 
6928 2806 3429 2790 
6929 3355 3585 2882 
6930 3275 2882 3585 
6931 3355 3343 3585 
6932 3275 3585 3247 
6933 1687 3298 3345 
6934 3368 3345 3298 
6935 2797 3357 2991 
6936 1810 1834 3357 
6937 2797 3507 3357 
6938 1810 3357 3507 
6939 2149 3586 3452 
6940 2789 2817 3312 
6941 2816 3312 2817 
6942 2789 3204 2817 
6943 3204 2818 2817 
6944 3048 3563 2905 
6945 3048 3289 3563 
6946 3536 3563 3537 
6947 1678 1350 2985 
6948 3307 1678 2985 
6949 2984 3110 2985 
6950 3307 2985 3110 
6951 3364 2972 2329 
6952 3216 2410 2972 
6953 3364 3078 2972 
6954 3216 2972 3078 
6955 2746 3569 3493 
6956 3379 3493 3569 
6957 2792 3587 3525 
6958 1273 3525 3587 
6959 2792 3490 3587 
6960 1273 3587 3490 
6961 2888 2890 3447 
6962 3448 3447 2890 
6963 2888 2891 2890 
6964 3448 2890 2889 
6965 3142 3440 3439 
6966 3227 3441 3440 
6967 3142 2120 3440 
6968 2120 3503 3440 
6969 3274 3329 2971 
6970 3177 3555 3329 
6971 3274 2846 3329 
6972 3177 3329 3178 
6973 2842 2112 3093 
6974 2994 2842 3093 
6975 3091 3588 3093 
6976 3588 3586 3093 
6977 2971 3121 3274 
6978 3106 3103 3121 
6979 2971 2571 3121 
6980 3106 3121 2571 
6981 3262 3506 3037 
6982 3506 3556 3037 
6983 3342 3286 2205 
6984 2800 3095 3286 
6985 3342 3481 3286 
6986 3481 3359 3286 
6987 2794 2814 3311 
6988 2813 3311 2814 
6989 2794 3250 2814 
6990 3250 2815 2814 
6991 3392 3584 3391 
6992 2632 3391 3584 
6993 3180 3266 2327 
6994 2445 3194 3266 
6995 3180 2491 3266 
6996 2445 3266 2491 
6997 2964 3489 2967 
6998 3375 2967 3489 
6999 2964 2963 3489 
7000 3375 3489 3376 
7001 3021 3297 3397 
7002 1349 3397 3297 
7003 3021 2984 3297 
7004 2984 1350 3297 
7005 2943 3589 3342 
7006 3481 3342 3589 
7007 2943 3443 3589 
7008 3481 3589 3443 
7009 2202 3574 2315 
7010 3148 2315 3574 
7011 2202 2323 3574 
7012 3148 3574 3573 
7013 1798 3369 3298 
7014 3368 3298 3369 
7015 3280 3590 2827 
7016 3308 2827 3590 
7017 3280 3279 3590 
7018 3308 3590 3279 
7019 1125 3300 3474 
7020 3097 3299 3300 
7021 1125 1322 3300 
7022 3097 3300 3296 
7023 3457 3449 3398 
7024 3448 3398 3449 
7025 2990 3591 3492 
7026 1287 3492 3591 
7027 2990 1705 3591 
7028 1287 3591 1705 
7029 2683 3533 2663 
7030 2635 2663 3533 
7031 2904 3249 3391 
7032 3248 3391 3249 
7033 2904 2815 3249 
7034 2815 3250 3249 
7035 2849 3468 3356 
7036 3155 2849 3356 
7037 3272 3238 3356 
7038 3238 3179 3356 
7039 2713 3331 2691 
7040 2721 2692 3331 
7041 2713 3566 3331 
7042 2721 3331 2711 
7043 2990 2826 2825 
7044 3280 2827 2826 
7045 2990 3492 2826 
7046 3280 2826 3492 
7047 2994 3093 3586 
7048 3405 2994 3586 
7049 3588 3452 3586 
7050 3405 3586 2149 
7051 2977 3450 3531 
7052 2309 2978 3531 
7053 3527 3526 3531 
7054 2309 3531 2310 
7055 2130 3566 3565 
7056 2708 2130 3565 
7057 2713 2703 3565 
7058 2708 3565 2703 
7059 3219 3553 3220 
7060 3070 3220 3553 
7061 3242 3592 3396 
7062 3129 3396 3592 
7063 3242 3130 3592 
7064 3129 3592 3130 
7065 195 3137 189 
7066 3205 189 3137 
7067 195 3131 3137 
7068 3205 3137 2896 
7069 3053 3524 3386 
7070 3031 3523 3524 
7071 3053 3571 3524 
7072 3031 3524 3034 
7073 3167 3593 3284 
7074 3285 3284 3593 
7075 3167 2868 3593 
7076 3285 3593 2868 
7077 2969 2970 2100 
7078 2028 2100 2970 
7079 2969 2968 2970 
7080 2968 2479 2970 
7081 3536 3476 3563 
7082 2905 3563 3476 
7083 3536 3477 3476 
7084 2905 3476 2818 
7085 3178 2932 3176 
7086 2931 3176 2932 
7087 3178 2848 2932 
7088 2848 2933 2932 
7089 2603 3270 2196 
7090 2169 2196 3270 
7091 2152 3575 2516 
7092 2517 2516 3575 
7093 3237 2295 3554 
7094 2295 3560 3554 
7095 2866 3366 3460 
7096 3325 2866 3460 
7097 3411 3365 3430 
7098 2865 3430 3365 
7099 3411 3366 3365 
7100 3366 3111 3365 
7101 2992 3582 1167 
7102 3421 1167 3582 
7103 1800 3309 3400 
7104 2808 3400 3309 
7105 1800 1853 3309 
7106 2808 3309 2988 
7107 1197 3594 414 
7108 3595 3594 1197 
7109 3596 322 324 
7110 1196 1249 3597 
7111 1197 1196 3598 
7112 3599 414 3594 
7113 1249 1481 3600 
7114 1481 1420 3601 
7115 414 3599 418 
7116 418 3599 3602 
7117 3598 1196 3597 
7118 3599 3594 3595 
7119 3595 1197 3598 
7120 3600 1481 3601 
7121 3597 1249 3600 
7122 3602 419 418 
7123 3603 3604 3605 
7124 1511 1528 3604 
7125 382 388 3606 
7126 3607 3608 3606 
7127 3609 3610 3611 
7128 391 1229 3612 
7129 1230 1969 3613 
7130 3614 3615 3616 
7131 1441 3617 376 
7132 3618 3619 3620 
7133 374 3621 1213 
7134 3622 3623 3624 
7135 3625 3626 3627 
7136 3628 3627 3626 
7137 1422 396 3629 
7138 3630 3631 3613 
7139 3630 3615 3631 
7140 3617 3632 3633 
7141 3634 3617 3633 
7142 3635 3636 3633 
7143 3634 3633 3620 
7144 3621 3637 3638 
7145 3639 3640 3638 
7146 3634 3641 3638 
7147 3624 3642 3638 
7148 3643 3644 3612 
7149 3635 3645 3644 
7150 3643 3610 3644 
7151 3610 3646 3644 
7152 3625 3647 3629 
7153 3630 3648 3647 
7154 3625 3627 3647 
7155 3627 3649 3647 
7156 1402 3650 1400 
7157 3651 3650 3652 
7158 1409 426 3653 
7159 3654 3655 3653 
7160 1409 3653 3655 
7161 1511 3656 1430 
7162 3657 1430 3656 
7163 1511 3604 3656 
7164 3657 3656 3604 
7165 3603 3658 3604 
7166 3657 3604 3658 
7167 3603 3659 3658 
7168 3657 3658 3659 
7169 3660 3661 3662 
7170 3663 3662 3661 
7171 3660 3664 3661 
7172 3663 3661 3664 
7173 1475 3665 3662 
7174 3660 3662 3665 
7175 1475 1805 3665 
7176 3660 3665 1805 
7177 3655 3666 1409 
7178 1413 1409 3666 
7179 3655 3667 3666 
7180 1413 3666 3667 
7181 3667 3668 1413 
7182 383 1413 3668 
7183 3667 3669 3668 
7184 383 3668 3669 
7185 3660 3670 3639 
7186 1214 3639 3670 
7187 3660 1805 3670 
7188 1214 3670 1805 
7189 3660 3671 3664 
7190 3672 3664 3671 
7191 3660 3639 3671 
7192 3672 3671 3639 
7193 1230 3612 1229 
7194 3614 3611 3610 
7195 3618 3636 3609 
7196 3618 3620 3636 
7197 3620 3633 3636 
7198 1441 391 3632 
7199 3635 3633 3632 
7200 1441 3632 3617 
7201 3673 3674 3659 
7202 3657 3659 3674 
7203 3657 3674 3625 
7204 3612 3644 3645 
7205 391 3612 3645 
7206 3635 3632 3645 
7207 391 3645 3632 
7208 3657 3625 3675 
7209 398 1430 3675 
7210 3657 3675 1430 
7211 3635 3646 3636 
7212 3609 3636 3646 
7213 3635 3644 3646 
7214 3609 3646 3610 
7215 1969 1422 3676 
7216 3630 3613 3676 
7217 1969 3676 3613 
7218 3616 3649 3628 
7219 3616 3615 3649 
7220 3630 3649 3615 
7221 3629 3647 3648 
7222 1422 3629 3648 
7223 3630 3676 3648 
7224 1422 3648 3676 
7225 3630 3647 3649 
7226 3628 3649 3627 
7227 3634 3677 3617 
7228 376 3617 3677 
7229 376 3677 374 
7230 3619 3678 3620 
7231 3634 3620 3678 
7232 3619 3622 3678 
7233 3622 3641 3678 
7234 3634 3678 3641 
7235 3622 3624 3641 
7236 3624 3638 3641 
7237 374 3637 3621 
7238 3634 3638 3637 
7239 374 3677 3637 
7240 3634 3637 3677 
7241 1420 3679 3601 
7242 3669 3601 3679 
7243 1420 383 3679 
7244 3669 3679 383 
7245 398 3680 396 
7246 398 3675 3680 
7247 3625 3680 3675 
7248 3625 3681 3626 
7249 3673 3626 3681 
7250 3625 3674 3681 
7251 3673 3681 3674 
7252 3643 3612 3682 
7253 3613 3631 3682 
7254 3631 3683 3682 
7255 3643 3683 3610 
7256 3643 3682 3683 
7257 3615 3683 3631 
7258 387 3684 388 
7259 3606 388 3684 
7260 387 377 3684 
7261 3685 3686 3687 
7262 3688 3689 3690 
7263 3606 3691 3692 
7264 3654 3693 3694 
7265 380 3689 3688 
7266 377 3687 3684 
7267 3604 3695 3605 
7268 3604 1528 3695 
7269 380 382 3689 
7270 3692 3689 382 
7271 3606 3692 382 
7272 3606 3608 3691 
7273 3696 3691 3608 
7274 1431 380 3688 
7275 426 1431 3688 
7276 3692 3691 3689 
7277 3654 3694 3697 
7278 3690 3696 3694 
7279 3690 3693 3688 
7280 426 3688 3693 
7281 426 3693 3653 
7282 3653 3693 3654 
7283 3690 3694 3693 
7284 3650 3698 1400 
7285 1528 1400 3698 
7286 3650 3695 3698 
7287 1528 3698 3695 
7288 322 3699 1402 
7289 3650 1402 3699 
7290 322 3596 3699 
7291 3596 3652 3699 
7292 3650 3699 3652 
7293 3605 3700 3651 
7294 3650 3651 3700 
7295 3605 3695 3700 
7296 3650 3700 3695 
7297 3687 3701 3684 
7298 3606 3684 3701 
7299 3687 3686 3701 
7300 3702 3703 1474 
7301 377 1474 3703 
7302 377 3703 3687 
7303 3685 3704 3705 
7304 3702 3705 3704 
7305 3685 3687 3704 
7306 3606 3706 3607 
7307 3686 3607 3706 
7308 3606 3701 3706 
7309 3686 3706 3701 
7310 3702 3707 3662 
7311 1475 3662 3707 
7312 3702 1474 3707 
7313 1475 3707 1474 
7314 3610 3683 3614 
7315 3615 3614 3683 
7316 3663 3708 3662 
7317 3702 3662 3708 
7318 3663 3705 3708 
7319 3702 3708 3705 
7320 3612 1230 3682 
7321 3613 3682 1230 
7322 3702 3709 3703 
7323 3687 3703 3709 
7324 3702 3704 3709 
7325 3687 3709 3704 
7326 3691 3696 3690 
7327 3697 3694 3696 
7328 3690 3689 3691 
7329 1213 3640 1214 
7330 3639 1214 3640 
7331 1213 3621 3640 
7332 3621 3638 3640 
7333 3623 3642 3624 
7334 3639 3638 3642 
7335 3623 3672 3642 
7336 3639 3642 3672 
7337 3625 3629 3680 
7338 396 3680 3629 
7339 324 3452 3596 
7340 2106 3710 2894 
7341 3672 3623 3711 
7342 2894 3710 3595 
7343 3150 3711 3395 
7344 3377 3600 3601 
7345 3601 3375 3377 
7346 3600 3377 3451 
7347 3600 3451 3597 
7348 3597 3451 2892 
7349 2892 3598 3597 
7350 2894 3595 3598 
7351 3598 2892 2894 
7352 3710 2106 3599 
7353 3595 3710 3599 
7354 2103 419 3602 
7355 2103 3599 2106 
7356 3602 3599 2103 
7357 3088 3712 2113 
7358 3659 3603 3712 
7359 3608 3713 3696 
7360 2940 3713 3134 
7361 3609 3611 3714 
7362 3108 3715 3466 
7363 3614 3616 3716 
7364 3073 3717 2116 
7365 2108 2110 3718 
7366 3618 3719 3619 
7367 3088 3720 3712 
7368 3088 2144 3720 
7369 3659 3721 3673 
7370 3659 3712 3721 
7371 3711 3722 3672 
7372 3664 3672 3722 
7373 3664 3722 3723 
7374 3143 3723 3724 
7375 3711 3150 3724 
7376 3143 3724 3150 
7377 3113 3395 3725 
7378 3711 3725 3395 
7379 3622 3726 3623 
7380 3711 3623 3726 
7381 3727 3728 3626 
7382 3628 3626 3728 
7383 2114 3729 3072 
7384 3727 3072 3729 
7385 3730 3731 3716 
7386 3730 3717 3731 
7387 3732 3733 3718 
7388 3734 3735 3733 
7389 3732 3719 3733 
7390 3726 3736 3737 
7391 3711 3726 3737 
7392 3732 3738 3737 
7393 3711 3737 3725 
7394 3739 3740 3714 
7395 3734 3741 3740 
7396 3739 3715 3740 
7397 3715 3742 3740 
7398 3727 3743 3728 
7399 3730 3744 3743 
7400 3727 3729 3743 
7401 3729 3745 3743 
7402 3652 3746 3651 
7403 3091 3746 3588 
7404 3655 3747 3667 
7405 2966 3667 3747 
7406 3655 2119 3747 
7407 2966 3747 2119 
7408 3720 3748 3749 
7409 3712 3720 3749 
7410 3727 3750 3749 
7411 3712 3749 3721 
7412 3667 3751 3669 
7413 2967 3669 3751 
7414 3667 2966 3751 
7415 2967 3751 2966 
7416 3073 3466 3715 
7417 3614 3714 3611 
7418 3723 3752 3724 
7419 3711 3724 3752 
7420 3723 3722 3752 
7421 3711 3752 3722 
7422 3618 3609 3753 
7423 3618 3753 3719 
7424 2108 3735 3108 
7425 2108 3718 3735 
7426 3718 3733 3735 
7427 3734 3742 3735 
7428 3108 3735 3742 
7429 3734 3740 3742 
7430 3108 3742 3715 
7431 3714 3740 3741 
7432 3609 3714 3741 
7433 3734 3753 3741 
7434 3609 3741 3753 
7435 3616 3628 3744 
7436 3730 3716 3744 
7437 3616 3744 3716 
7438 2116 3745 2114 
7439 2116 3717 3745 
7440 3730 3745 3717 
7441 3628 3728 3744 
7442 3728 3743 3744 
7443 3730 3743 3745 
7444 2114 3745 3729 
7445 2110 3113 3738 
7446 3732 3718 3738 
7447 2110 3738 3718 
7448 3732 3736 3719 
7449 3619 3719 3736 
7450 3619 3736 3622 
7451 3622 3736 3726 
7452 3732 3737 3736 
7453 3725 3737 3738 
7454 3113 3725 3738 
7455 3669 3754 3601 
7456 3375 3601 3754 
7457 3669 2967 3754 
7458 3375 3754 2967 
7459 3721 3749 3750 
7460 3673 3721 3750 
7461 3727 3626 3750 
7462 3673 3750 3626 
7463 2144 3748 3720 
7464 3727 3749 3748 
7465 2144 3072 3748 
7466 3727 3748 3072 
7467 3739 3755 3756 
7468 3717 3756 3731 
7469 3714 3755 3739 
7470 3716 3731 3755 
7471 3731 3756 3755 
7472 3734 3733 3753 
7473 3719 3753 3733 
7474 3757 3758 2117 
7475 3759 3760 3761 
7476 2119 3757 2117 
7477 2939 2117 3758 
7478 3762 3763 3764 
7479 3197 3199 3761 
7480 3765 3761 3199 
7481 3766 3607 3759 
7482 3686 3759 3607 
7483 3762 2939 3758 
7484 3767 3439 3768 
7485 3142 3439 3767 
7486 3761 3768 3439 
7487 3769 3770 3685 
7488 3705 3769 3685 
7489 3771 3654 3772 
7490 3655 3654 3771 
7491 3697 3772 3654 
7492 3605 3773 3603 
7493 3712 3603 3773 
7494 3605 3774 3773 
7495 2111 3775 3774 
7496 2111 2113 3775 
7497 3712 3775 2113 
7498 3758 3771 3772 
7499 3655 3771 2119 
7500 3760 3767 3768 
7501 3760 3776 3767 
7502 3142 3767 3776 
7503 3760 3770 3769 
7504 3705 3776 3769 
7505 3760 3769 3776 
7506 3596 3777 3652 
7507 3746 3652 3777 
7508 3596 3452 3777 
7509 3452 3588 3777 
7510 3746 3777 3588 
7511 3758 3757 3771 
7512 2119 3771 3757 
7513 3772 3763 3762 
7514 3713 3764 3763 
7515 3758 3772 3762 
7516 3439 3778 3761 
7517 3778 3197 3761 
7518 3439 3197 3778 
7519 3759 3686 3770 
7520 3685 3770 3686 
7521 3762 3764 2939 
7522 3713 2940 3764 
7523 2940 2939 3764 
7524 3199 3134 3765 
7525 3713 3765 3134 
7526 3713 3763 3696 
7527 3697 3696 3763 
7528 3697 3763 3772 
7529 3713 3608 3766 
7530 3607 3766 3608 
7531 3605 3779 3774 
7532 3605 3651 3779 
7533 3746 3779 3651 
7534 3780 3781 3776 
7535 3142 3776 3781 
7536 3780 2121 3781 
7537 3142 3781 2121 
7538 3780 3782 3663 
7539 3705 3663 3782 
7540 3780 3776 3782 
7541 3705 3782 3776 
7542 2111 3774 3783 
7543 3746 3091 3783 
7544 2111 3783 3091 
7545 3780 3784 2121 
7546 3143 2121 3784 
7547 3780 3723 3784 
7548 3143 3784 3723 
7549 3780 3785 3723 
7550 3664 3723 3785 
7551 3780 3663 3785 
7552 3664 3785 3663 
7553 3715 3739 3756 
7554 3717 3073 3756 
7555 3715 3756 3073 
7556 3714 3614 3755 
7557 3716 3755 3614 
7558 3774 3779 3783 
7559 3746 3783 3779 
7560 3712 3786 3775 
7561 3774 3775 3786 
7562 3712 3773 3786 
7563 3774 3786 3773 
7564 3713 3766 3765 
7565 3765 3759 3761 
7566 3766 3759 3765 
7567 3768 3761 3760 
7568 3760 3759 3770 
$EndElements
