solid naca0015_wing
	facet normal 0.0000000000 0.0000000000 0.0000000000
		outer loop
			vertex -1.0000000000 -3.2880000000 0.0000000000
			vertex -0.9215000000 -3.2880000000 0.0000000000
			vertex -0.9215000000 -3.2880000000 0.0147000000
			vertex -1.0000000000 -3.2880000000 0.0000000000
		endloop
	endfacet
	facet normal 0.0000000000 0.0000000000 0.0000000000
		outer loop
			vertex -1.0000000000 -3.2880000000 0.0000000000
			vertex -0.9215000000 -3.2880000000 0.0147000000
			vertex -0.9215000000 -3.2779000000 0.0147000000
			vertex -1.0000000000 -3.2779000000 0.0000000000
		endloop
	endfacet
	facet normal 0.0000000000 0.0000000000 0.0000000000
		outer loop
			vertex -1.0000000000 -3.2779000000 0.0000000000
			vertex -0.9215000000 -3.2779000000 0.0147000000
			vertex -0.9215000000 -3.2475000000 0.0147000000
			vertex -1.0000000000 -3.2475000000 0.0000000000
		endloop
	endfacet
	facet normal 0.0000000000 0.0000000000 0.0000000000
		outer loop
			vertex -1.0000000000 -3.2475000000 0.0000000000
			vertex -0.9215000000 -3.2475000000 0.0147000000
			vertex -0.9215000000 -3.1972000000 0.0147000000
			vertex -1.0000000000 -3.1972000000 0.0000000000
		endloop
	endfacet
	facet normal 0.0000000000 0.0000000000 0.0000000000
		outer loop
			vertex -1.0000000000 -3.1972000000 0.0000000000
			vertex -0.9215000000 -3.1972000000 0.0147000000
			vertex -0.9215000000 -3.1271000000 0.0147000000
			vertex -1.0000000000 -3.1271000000 0.0000000000
		endloop
	endfacet
	facet normal 0.0000000000 0.0000000000 0.0000000000
		outer loop
			vertex -1.0000000000 -3.1271000000 0.0000000000
			vertex -0.9215000000 -3.1271000000 0.0147000000
			vertex -0.9215000000 -3.0377000000 0.0147000000
			vertex -1.0000000000 -3.0377000000 0.0000000000
		endloop
	endfacet
	facet normal 0.0000000000 0.0000000000 0.0000000000
		outer loop
			vertex -1.0000000000 -3.0377000000 0.0000000000
			vertex -0.9215000000 -3.0377000000 0.0147000000
			vertex -0.9215000000 -2.9296000000 0.0147000000
			vertex -1.0000000000 -2.9296000000 0.0000000000
		endloop
	endfacet
	facet normal 0.0000000000 0.0000000000 0.0000000000
		outer loop
			vertex -1.0000000000 -2.9296000000 0.0000000000
			vertex -0.9215000000 -2.9296000000 0.0147000000
			vertex -0.9215000000 -2.8035000000 0.0147000000
			vertex -1.0000000000 -2.8035000000 0.0000000000
		endloop
	endfacet
	facet normal 0.0000000000 0.0000000000 0.0000000000
		outer loop
			vertex -1.0000000000 -2.8035000000 0.0000000000
			vertex -0.9215000000 -2.8035000000 0.0147000000
			vertex -0.9215000000 -2.6600000000 0.0147000000
			vertex -1.0000000000 -2.6600000000 0.0000000000
		endloop
	endfacet
	facet normal 0.0000000000 0.0000000000 0.0000000000
		outer loop
			vertex -1.0000000000 -2.6600000000 0.0000000000
			vertex -0.9215000000 -2.6600000000 0.0147000000
			vertex -0.9215000000 -2.5002000000 0.0147000000
			vertex -1.0000000000 -2.5002000000 0.0000000000
		endloop
	endfacet
	facet normal 0.0000000000 0.0000000000 0.0000000000
		outer loop
			vertex -1.0000000000 -2.5002000000 0.0000000000
			vertex -0.9215000000 -2.5002000000 0.0147000000
			vertex -0.9215000000 -2.3250000000 0.0147000000
			vertex -1.0000000000 -2.3250000000 0.0000000000
		endloop
	endfacet
	facet normal 0.0000000000 0.0000000000 0.0000000000
		outer loop
			vertex -1.0000000000 -2.3250000000 0.0000000000
			vertex -0.9215000000 -2.3250000000 0.0147000000
			vertex -0.9215000000 -2.1354000000 0.0147000000
			vertex -1.0000000000 -2.1354000000 0.0000000000
		endloop
	endfacet
	facet normal 0.0000000000 0.0000000000 0.0000000000
		outer loop
			vertex -1.0000000000 -2.1354000000 0.0000000000
			vertex -0.9215000000 -2.1354000000 0.0147000000
			vertex -0.9215000000 -1.9326000000 0.0147000000
			vertex -1.0000000000 -1.9326000000 0.0000000000
		endloop
	endfacet
	facet normal 0.0000000000 0.0000000000 0.0000000000
		outer loop
			vertex -1.0000000000 -1.9326000000 0.0000000000
			vertex -0.9215000000 -1.9326000000 0.0147000000
			vertex -0.9215000000 -1.7180000000 0.0147000000
			vertex -1.0000000000 -1.7180000000 0.0000000000
		endloop
	endfacet
	facet normal 0.0000000000 0.0000000000 0.0000000000
		outer loop
			vertex -1.0000000000 -1.7180000000 0.0000000000
			vertex -0.9215000000 -1.7180000000 0.0147000000
			vertex -0.9215000000 -1.4927000000 0.0147000000
			vertex -1.0000000000 -1.4927000000 0.0000000000
		endloop
	endfacet
	facet normal 0.0000000000 0.0000000000 0.0000000000
		outer loop
			vertex -1.0000000000 -1.4927000000 0.0000000000
			vertex -0.9215000000 -1.4927000000 0.0147000000
			vertex -0.9215000000 -1.2583000000 0.0147000000
			vertex -1.0000000000 -1.2583000000 0.0000000000
		endloop
	endfacet
	facet normal 0.0000000000 0.0000000000 0.0000000000
		outer loop
			vertex -1.0000000000 -1.2583000000 0.0000000000
			vertex -0.9215000000 -1.2583000000 0.0147000000
			vertex -0.9215000000 -1.0160000000 0.0147000000
			vertex -1.0000000000 -1.0160000000 0.0000000000
		endloop
	endfacet
	facet normal 0.0000000000 0.0000000000 0.0000000000
		outer loop
			vertex -1.0000000000 -1.0160000000 0.0000000000
			vertex -0.9215000000 -1.0160000000 0.0147000000
			vertex -0.9215000000 -0.7676000000 0.0147000000
			vertex -1.0000000000 -0.7676000000 0.0000000000
		endloop
	endfacet
	facet normal 0.0000000000 0.0000000000 0.0000000000
		outer loop
			vertex -1.0000000000 -0.7676000000 0.0000000000
			vertex -0.9215000000 -0.7676000000 0.0147000000
			vertex -0.9215000000 -0.5144000000 0.0147000000
			vertex -1.0000000000 -0.5144000000 0.0000000000
		endloop
	endfacet
	facet normal 0.0000000000 0.0000000000 0.0000000000
		outer loop
			vertex -1.0000000000 -0.5144000000 0.0000000000
			vertex -0.9215000000 -0.5144000000 0.0147000000
			vertex -0.9215000000 -0.2580000000 0.0147000000
			vertex -1.0000000000 -0.2580000000 0.0000000000
		endloop
	endfacet
	facet normal 0.0000000000 0.0000000000 0.0000000000
		outer loop
			vertex -1.0000000000 -0.2580000000 0.0000000000
			vertex -0.9215000000 -0.2580000000 0.0147000000
			vertex -0.9215000000 0.0000000000 0.0147000000
			vertex -1.0000000000 0.0000000000 0.0000000000
		endloop
	endfacet
	facet normal 0.0000000000 0.0000000000 0.0000000000
		outer loop
			vertex -1.0000000000 0.0000000000 0.0000000000
			vertex -0.9215000000 0.0000000000 0.0147000000
			vertex -0.9215000000 0.2580000000 0.0147000000
			vertex -1.0000000000 0.2580000000 0.0000000000
		endloop
	endfacet
	facet normal 0.0000000000 0.0000000000 0.0000000000
		outer loop
			vertex -1.0000000000 0.2580000000 0.0000000000
			vertex -0.9215000000 0.2580000000 0.0147000000
			vertex -0.9215000000 0.5144000000 0.0147000000
			vertex -1.0000000000 0.5144000000 0.0000000000
		endloop
	endfacet
	facet normal 0.0000000000 0.0000000000 0.0000000000
		outer loop
			vertex -1.0000000000 0.5144000000 0.0000000000
			vertex -0.9215000000 0.5144000000 0.0147000000
			vertex -0.9215000000 0.7676000000 0.0147000000
			vertex -1.0000000000 0.7676000000 0.0000000000
		endloop
	endfacet
	facet normal 0.0000000000 0.0000000000 0.0000000000
		outer loop
			vertex -1.0000000000 0.7676000000 0.0000000000
			vertex -0.9215000000 0.7676000000 0.0147000000
			vertex -0.9215000000 1.0160000000 0.0147000000
			vertex -1.0000000000 1.0160000000 0.0000000000
		endloop
	endfacet
	facet normal 0.0000000000 0.0000000000 0.0000000000
		outer loop
			vertex -1.0000000000 1.0160000000 0.0000000000
			vertex -0.9215000000 1.0160000000 0.0147000000
			vertex -0.9215000000 1.2583000000 0.0147000000
			vertex -1.0000000000 1.2583000000 0.0000000000
		endloop
	endfacet
	facet normal 0.0000000000 0.0000000000 0.0000000000
		outer loop
			vertex -1.0000000000 1.2583000000 0.0000000000
			vertex -0.9215000000 1.2583000000 0.0147000000
			vertex -0.9215000000 1.4927000000 0.0147000000
			vertex -1.0000000000 1.4927000000 0.0000000000
		endloop
	endfacet
	facet normal 0.0000000000 0.0000000000 0.0000000000
		outer loop
			vertex -1.0000000000 1.4927000000 0.0000000000
			vertex -0.9215000000 1.4927000000 0.0147000000
			vertex -0.9215000000 1.7180000000 0.0147000000
			vertex -1.0000000000 1.7180000000 0.0000000000
		endloop
	endfacet
	facet normal 0.0000000000 0.0000000000 0.0000000000
		outer loop
			vertex -1.0000000000 1.7180000000 0.0000000000
			vertex -0.9215000000 1.7180000000 0.0147000000
			vertex -0.9215000000 1.9326000000 0.0147000000
			vertex -1.0000000000 1.9326000000 0.0000000000
		endloop
	endfacet
	facet normal 0.0000000000 0.0000000000 0.0000000000
		outer loop
			vertex -1.0000000000 1.9326000000 0.0000000000
			vertex -0.9215000000 1.9326000000 0.0147000000
			vertex -0.9215000000 2.1354000000 0.0147000000
			vertex -1.0000000000 2.1354000000 0.0000000000
		endloop
	endfacet
	facet normal 0.0000000000 0.0000000000 0.0000000000
		outer loop
			vertex -1.0000000000 2.1354000000 0.0000000000
			vertex -0.9215000000 2.1354000000 0.0147000000
			vertex -0.9215000000 2.3250000000 0.0147000000
			vertex -1.0000000000 2.3250000000 0.0000000000
		endloop
	endfacet
	facet normal 0.0000000000 0.0000000000 0.0000000000
		outer loop
			vertex -1.0000000000 2.3250000000 0.0000000000
			vertex -0.9215000000 2.3250000000 0.0147000000
			vertex -0.9215000000 2.5002000000 0.0147000000
			vertex -1.0000000000 2.5002000000 0.0000000000
		endloop
	endfacet
	facet normal 0.0000000000 0.0000000000 0.0000000000
		outer loop
			vertex -1.0000000000 2.5002000000 0.0000000000
			vertex -0.9215000000 2.5002000000 0.0147000000
			vertex -0.9215000000 2.6600000000 0.0147000000
			vertex -1.0000000000 2.6600000000 0.0000000000
		endloop
	endfacet
	facet normal 0.0000000000 0.0000000000 0.0000000000
		outer loop
			vertex -1.0000000000 2.6600000000 0.0000000000
			vertex -0.9215000000 2.6600000000 0.0147000000
			vertex -0.9215000000 2.8035000000 0.0147000000
			vertex -1.0000000000 2.8035000000 0.0000000000
		endloop
	endfacet
	facet normal 0.0000000000 0.0000000000 0.0000000000
		outer loop
			vertex -1.0000000000 2.8035000000 0.0000000000
			vertex -0.9215000000 2.8035000000 0.0147000000
			vertex -0.9215000000 2.9296000000 0.0147000000
			vertex -1.0000000000 2.9296000000 0.0000000000
		endloop
	endfacet
	facet normal 0.0000000000 0.0000000000 0.0000000000
		outer loop
			vertex -1.0000000000 2.9296000000 0.0000000000
			vertex -0.9215000000 2.9296000000 0.0147000000
			vertex -0.9215000000 3.0377000000 0.0147000000
			vertex -1.0000000000 3.0377000000 0.0000000000
		endloop
	endfacet
	facet normal 0.0000000000 0.0000000000 0.0000000000
		outer loop
			vertex -1.0000000000 3.0377000000 0.0000000000
			vertex -0.9215000000 3.0377000000 0.0147000000
			vertex -0.9215000000 3.1271000000 0.0147000000
			vertex -1.0000000000 3.1271000000 0.0000000000
		endloop
	endfacet
	facet normal 0.0000000000 0.0000000000 0.0000000000
		outer loop
			vertex -1.0000000000 3.1271000000 0.0000000000
			vertex -0.9215000000 3.1271000000 0.0147000000
			vertex -0.9215000000 3.1972000000 0.0147000000
			vertex -1.0000000000 3.1972000000 0.0000000000
		endloop
	endfacet
	facet normal 0.0000000000 0.0000000000 0.0000000000
		outer loop
			vertex -1.0000000000 3.1972000000 0.0000000000
			vertex -0.9215000000 3.1972000000 0.0147000000
			vertex -0.9215000000 3.2475000000 0.0147000000
			vertex -1.0000000000 3.2475000000 0.0000000000
		endloop
	endfacet
	facet normal 0.0000000000 0.0000000000 0.0000000000
		outer loop
			vertex -1.0000000000 3.2475000000 0.0000000000
			vertex -0.9215000000 3.2475000000 0.0147000000
			vertex -0.9215000000 3.2779000000 0.0147000000
			vertex -1.0000000000 3.2779000000 0.0000000000
		endloop
	endfacet
	facet normal 0.0000000000 0.0000000000 0.0000000000
		outer loop
			vertex -1.0000000000 3.2779000000 0.0000000000
			vertex -0.9215000000 3.2779000000 0.0147000000
			vertex -0.9215000000 3.2880000000 0.0147000000
			vertex -1.0000000000 3.2880000000 0.0000000000
		endloop
	endfacet
	facet normal 0.0000000000 0.0000000000 0.0000000000
		outer loop
			vertex -1.0000000000 3.2880000000 0.0000000000
			vertex -0.9215000000 3.2880000000 0.0147000000
			vertex -0.9215000000 3.2880000000 0.0000000000
			vertex -1.0000000000 3.2880000000 0.0000000000
		endloop
	endfacet
	facet normal 0.0000000000 0.0000000000 0.0000000000
		outer loop
			vertex -0.9215000000 -3.2880000000 0.0000000000
			vertex -0.8436000000 -3.2880000000 0.0000000000
			vertex -0.8436000000 -3.2880000000 0.0266000000
			vertex -0.9215000000 -3.2880000000 0.0147000000
		endloop
	endfacet
	facet normal 0.0000000000 0.0000000000 0.0000000000
		outer loop
			vertex -0.9215000000 -3.2880000000 0.0147000000
			vertex -0.8436000000 -3.2880000000 0.0266000000
			vertex -0.8436000000 -3.2779000000 0.0266000000
			vertex -0.9215000000 -3.2779000000 0.0147000000
		endloop
	endfacet
	facet normal 0.0000000000 0.0000000000 0.0000000000
		outer loop
			vertex -0.9215000000 -3.2779000000 0.0147000000
			vertex -0.8436000000 -3.2779000000 0.0266000000
			vertex -0.8436000000 -3.2475000000 0.0266000000
			vertex -0.9215000000 -3.2475000000 0.0147000000
		endloop
	endfacet
	facet normal 0.0000000000 0.0000000000 0.0000000000
		outer loop
			vertex -0.9215000000 -3.2475000000 0.0147000000
			vertex -0.8436000000 -3.2475000000 0.0266000000
			vertex -0.8436000000 -3.1972000000 0.0266000000
			vertex -0.9215000000 -3.1972000000 0.0147000000
		endloop
	endfacet
	facet normal 0.0000000000 0.0000000000 0.0000000000
		outer loop
			vertex -0.9215000000 -3.1972000000 0.0147000000
			vertex -0.8436000000 -3.1972000000 0.0266000000
			vertex -0.8436000000 -3.1271000000 0.0266000000
			vertex -0.9215000000 -3.1271000000 0.0147000000
		endloop
	endfacet
	facet normal 0.0000000000 0.0000000000 0.0000000000
		outer loop
			vertex -0.9215000000 -3.1271000000 0.0147000000
			vertex -0.8436000000 -3.1271000000 0.0266000000
			vertex -0.8436000000 -3.0377000000 0.0266000000
			vertex -0.9215000000 -3.0377000000 0.0147000000
		endloop
	endfacet
	facet normal 0.0000000000 0.0000000000 0.0000000000
		outer loop
			vertex -0.9215000000 -3.0377000000 0.0147000000
			vertex -0.8436000000 -3.0377000000 0.0266000000
			vertex -0.8436000000 -2.9296000000 0.0266000000
			vertex -0.9215000000 -2.9296000000 0.0147000000
		endloop
	endfacet
	facet normal 0.0000000000 0.0000000000 0.0000000000
		outer loop
			vertex -0.9215000000 -2.9296000000 0.0147000000
			vertex -0.8436000000 -2.9296000000 0.0266000000
			vertex -0.8436000000 -2.8035000000 0.0266000000
			vertex -0.9215000000 -2.8035000000 0.0147000000
		endloop
	endfacet
	facet normal 0.0000000000 0.0000000000 0.0000000000
		outer loop
			vertex -0.9215000000 -2.8035000000 0.0147000000
			vertex -0.8436000000 -2.8035000000 0.0266000000
			vertex -0.8436000000 -2.6600000000 0.0266000000
			vertex -0.9215000000 -2.6600000000 0.0147000000
		endloop
	endfacet
	facet normal 0.0000000000 0.0000000000 0.0000000000
		outer loop
			vertex -0.9215000000 -2.6600000000 0.0147000000
			vertex -0.8436000000 -2.6600000000 0.0266000000
			vertex -0.8436000000 -2.5002000000 0.0266000000
			vertex -0.9215000000 -2.5002000000 0.0147000000
		endloop
	endfacet
	facet normal 0.0000000000 0.0000000000 0.0000000000
		outer loop
			vertex -0.9215000000 -2.5002000000 0.0147000000
			vertex -0.8436000000 -2.5002000000 0.0266000000
			vertex -0.8436000000 -2.3250000000 0.0266000000
			vertex -0.9215000000 -2.3250000000 0.0147000000
		endloop
	endfacet
	facet normal 0.0000000000 0.0000000000 0.0000000000
		outer loop
			vertex -0.9215000000 -2.3250000000 0.0147000000
			vertex -0.8436000000 -2.3250000000 0.0266000000
			vertex -0.8436000000 -2.1354000000 0.0266000000
			vertex -0.9215000000 -2.1354000000 0.0147000000
		endloop
	endfacet
	facet normal 0.0000000000 0.0000000000 0.0000000000
		outer loop
			vertex -0.9215000000 -2.1354000000 0.0147000000
			vertex -0.8436000000 -2.1354000000 0.0266000000
			vertex -0.8436000000 -1.9326000000 0.0266000000
			vertex -0.9215000000 -1.9326000000 0.0147000000
		endloop
	endfacet
	facet normal 0.0000000000 0.0000000000 0.0000000000
		outer loop
			vertex -0.9215000000 -1.9326000000 0.0147000000
			vertex -0.8436000000 -1.9326000000 0.0266000000
			vertex -0.8436000000 -1.7180000000 0.0266000000
			vertex -0.9215000000 -1.7180000000 0.0147000000
		endloop
	endfacet
	facet normal 0.0000000000 0.0000000000 0.0000000000
		outer loop
			vertex -0.9215000000 -1.7180000000 0.0147000000
			vertex -0.8436000000 -1.7180000000 0.0266000000
			vertex -0.8436000000 -1.4927000000 0.0266000000
			vertex -0.9215000000 -1.4927000000 0.0147000000
		endloop
	endfacet
	facet normal 0.0000000000 0.0000000000 0.0000000000
		outer loop
			vertex -0.9215000000 -1.4927000000 0.0147000000
			vertex -0.8436000000 -1.4927000000 0.0266000000
			vertex -0.8436000000 -1.2583000000 0.0266000000
			vertex -0.9215000000 -1.2583000000 0.0147000000
		endloop
	endfacet
	facet normal 0.0000000000 0.0000000000 0.0000000000
		outer loop
			vertex -0.9215000000 -1.2583000000 0.0147000000
			vertex -0.8436000000 -1.2583000000 0.0266000000
			vertex -0.8436000000 -1.0160000000 0.0266000000
			vertex -0.9215000000 -1.0160000000 0.0147000000
		endloop
	endfacet
	facet normal 0.0000000000 0.0000000000 0.0000000000
		outer loop
			vertex -0.9215000000 -1.0160000000 0.0147000000
			vertex -0.8436000000 -1.0160000000 0.0266000000
			vertex -0.8436000000 -0.7676000000 0.0266000000
			vertex -0.9215000000 -0.7676000000 0.0147000000
		endloop
	endfacet
	facet normal 0.0000000000 0.0000000000 0.0000000000
		outer loop
			vertex -0.9215000000 -0.7676000000 0.0147000000
			vertex -0.8436000000 -0.7676000000 0.0266000000
			vertex -0.8436000000 -0.5144000000 0.0266000000
			vertex -0.9215000000 -0.5144000000 0.0147000000
		endloop
	endfacet
	facet normal 0.0000000000 0.0000000000 0.0000000000
		outer loop
			vertex -0.9215000000 -0.5144000000 0.0147000000
			vertex -0.8436000000 -0.5144000000 0.0266000000
			vertex -0.8436000000 -0.2580000000 0.0266000000
			vertex -0.9215000000 -0.2580000000 0.0147000000
		endloop
	endfacet
	facet normal 0.0000000000 0.0000000000 0.0000000000
		outer loop
			vertex -0.9215000000 -0.2580000000 0.0147000000
			vertex -0.8436000000 -0.2580000000 0.0266000000
			vertex -0.8436000000 0.0000000000 0.0266000000
			vertex -0.9215000000 0.0000000000 0.0147000000
		endloop
	endfacet
	facet normal 0.0000000000 0.0000000000 0.0000000000
		outer loop
			vertex -0.9215000000 0.0000000000 0.0147000000
			vertex -0.8436000000 0.0000000000 0.0266000000
			vertex -0.8436000000 0.2580000000 0.0266000000
			vertex -0.9215000000 0.2580000000 0.0147000000
		endloop
	endfacet
	facet normal 0.0000000000 0.0000000000 0.0000000000
		outer loop
			vertex -0.9215000000 0.2580000000 0.0147000000
			vertex -0.8436000000 0.2580000000 0.0266000000
			vertex -0.8436000000 0.5144000000 0.0266000000
			vertex -0.9215000000 0.5144000000 0.0147000000
		endloop
	endfacet
	facet normal 0.0000000000 0.0000000000 0.0000000000
		outer loop
			vertex -0.9215000000 0.5144000000 0.0147000000
			vertex -0.8436000000 0.5144000000 0.0266000000
			vertex -0.8436000000 0.7676000000 0.0266000000
			vertex -0.9215000000 0.7676000000 0.0147000000
		endloop
	endfacet
	facet normal 0.0000000000 0.0000000000 0.0000000000
		outer loop
			vertex -0.9215000000 0.7676000000 0.0147000000
			vertex -0.8436000000 0.7676000000 0.0266000000
			vertex -0.8436000000 1.0160000000 0.0266000000
			vertex -0.9215000000 1.0160000000 0.0147000000
		endloop
	endfacet
	facet normal 0.0000000000 0.0000000000 0.0000000000
		outer loop
			vertex -0.9215000000 1.0160000000 0.0147000000
			vertex -0.8436000000 1.0160000000 0.0266000000
			vertex -0.8436000000 1.2583000000 0.0266000000
			vertex -0.9215000000 1.2583000000 0.0147000000
		endloop
	endfacet
	facet normal 0.0000000000 0.0000000000 0.0000000000
		outer loop
			vertex -0.9215000000 1.2583000000 0.0147000000
			vertex -0.8436000000 1.2583000000 0.0266000000
			vertex -0.8436000000 1.4927000000 0.0266000000
			vertex -0.9215000000 1.4927000000 0.0147000000
		endloop
	endfacet
	facet normal 0.0000000000 0.0000000000 0.0000000000
		outer loop
			vertex -0.9215000000 1.4927000000 0.0147000000
			vertex -0.8436000000 1.4927000000 0.0266000000
			vertex -0.8436000000 1.7180000000 0.0266000000
			vertex -0.9215000000 1.7180000000 0.0147000000
		endloop
	endfacet
	facet normal 0.0000000000 0.0000000000 0.0000000000
		outer loop
			vertex -0.9215000000 1.7180000000 0.0147000000
			vertex -0.8436000000 1.7180000000 0.0266000000
			vertex -0.8436000000 1.9326000000 0.0266000000
			vertex -0.9215000000 1.9326000000 0.0147000000
		endloop
	endfacet
	facet normal 0.0000000000 0.0000000000 0.0000000000
		outer loop
			vertex -0.9215000000 1.9326000000 0.0147000000
			vertex -0.8436000000 1.9326000000 0.0266000000
			vertex -0.8436000000 2.1354000000 0.0266000000
			vertex -0.9215000000 2.1354000000 0.0147000000
		endloop
	endfacet
	facet normal 0.0000000000 0.0000000000 0.0000000000
		outer loop
			vertex -0.9215000000 2.1354000000 0.0147000000
			vertex -0.8436000000 2.1354000000 0.0266000000
			vertex -0.8436000000 2.3250000000 0.0266000000
			vertex -0.9215000000 2.3250000000 0.0147000000
		endloop
	endfacet
	facet normal 0.0000000000 0.0000000000 0.0000000000
		outer loop
			vertex -0.9215000000 2.3250000000 0.0147000000
			vertex -0.8436000000 2.3250000000 0.0266000000
			vertex -0.8436000000 2.5002000000 0.0266000000
			vertex -0.9215000000 2.5002000000 0.0147000000
		endloop
	endfacet
	facet normal 0.0000000000 0.0000000000 0.0000000000
		outer loop
			vertex -0.9215000000 2.5002000000 0.0147000000
			vertex -0.8436000000 2.5002000000 0.0266000000
			vertex -0.8436000000 2.6600000000 0.0266000000
			vertex -0.9215000000 2.6600000000 0.0147000000
		endloop
	endfacet
	facet normal 0.0000000000 0.0000000000 0.0000000000
		outer loop
			vertex -0.9215000000 2.6600000000 0.0147000000
			vertex -0.8436000000 2.6600000000 0.0266000000
			vertex -0.8436000000 2.8035000000 0.0266000000
			vertex -0.9215000000 2.8035000000 0.0147000000
		endloop
	endfacet
	facet normal 0.0000000000 0.0000000000 0.0000000000
		outer loop
			vertex -0.9215000000 2.8035000000 0.0147000000
			vertex -0.8436000000 2.8035000000 0.0266000000
			vertex -0.8436000000 2.9296000000 0.0266000000
			vertex -0.9215000000 2.9296000000 0.0147000000
		endloop
	endfacet
	facet normal 0.0000000000 0.0000000000 0.0000000000
		outer loop
			vertex -0.9215000000 2.9296000000 0.0147000000
			vertex -0.8436000000 2.9296000000 0.0266000000
			vertex -0.8436000000 3.0377000000 0.0266000000
			vertex -0.9215000000 3.0377000000 0.0147000000
		endloop
	endfacet
	facet normal 0.0000000000 0.0000000000 0.0000000000
		outer loop
			vertex -0.9215000000 3.0377000000 0.0147000000
			vertex -0.8436000000 3.0377000000 0.0266000000
			vertex -0.8436000000 3.1271000000 0.0266000000
			vertex -0.9215000000 3.1271000000 0.0147000000
		endloop
	endfacet
	facet normal 0.0000000000 0.0000000000 0.0000000000
		outer loop
			vertex -0.9215000000 3.1271000000 0.0147000000
			vertex -0.8436000000 3.1271000000 0.0266000000
			vertex -0.8436000000 3.1972000000 0.0266000000
			vertex -0.9215000000 3.1972000000 0.0147000000
		endloop
	endfacet
	facet normal 0.0000000000 0.0000000000 0.0000000000
		outer loop
			vertex -0.9215000000 3.1972000000 0.0147000000
			vertex -0.8436000000 3.1972000000 0.0266000000
			vertex -0.8436000000 3.2475000000 0.0266000000
			vertex -0.9215000000 3.2475000000 0.0147000000
		endloop
	endfacet
	facet normal 0.0000000000 0.0000000000 0.0000000000
		outer loop
			vertex -0.9215000000 3.2475000000 0.0147000000
			vertex -0.8436000000 3.2475000000 0.0266000000
			vertex -0.8436000000 3.2779000000 0.0266000000
			vertex -0.9215000000 3.2779000000 0.0147000000
		endloop
	endfacet
	facet normal 0.0000000000 0.0000000000 0.0000000000
		outer loop
			vertex -0.9215000000 3.2779000000 0.0147000000
			vertex -0.8436000000 3.2779000000 0.0266000000
			vertex -0.8436000000 3.2880000000 0.0266000000
			vertex -0.9215000000 3.2880000000 0.0147000000
		endloop
	endfacet
	facet normal 0.0000000000 0.0000000000 0.0000000000
		outer loop
			vertex -0.9215000000 3.2880000000 0.0147000000
			vertex -0.8436000000 3.2880000000 0.0266000000
			vertex -0.8436000000 3.2880000000 0.0000000000
			vertex -0.9215000000 3.2880000000 0.0000000000
		endloop
	endfacet
	facet normal 0.0000000000 0.0000000000 0.0000000000
		outer loop
			vertex -0.8436000000 -3.2880000000 0.0000000000
			vertex -0.7666000000 -3.2880000000 0.0000000000
			vertex -0.7666000000 -3.2880000000 0.0373000000
			vertex -0.8436000000 -3.2880000000 0.0266000000
		endloop
	endfacet
	facet normal 0.0000000000 0.0000000000 0.0000000000
		outer loop
			vertex -0.8436000000 -3.2880000000 0.0266000000
			vertex -0.7666000000 -3.2880000000 0.0373000000
			vertex -0.7666000000 -3.2779000000 0.0373000000
			vertex -0.8436000000 -3.2779000000 0.0266000000
		endloop
	endfacet
	facet normal 0.0000000000 0.0000000000 0.0000000000
		outer loop
			vertex -0.8436000000 -3.2779000000 0.0266000000
			vertex -0.7666000000 -3.2779000000 0.0373000000
			vertex -0.7666000000 -3.2475000000 0.0373000000
			vertex -0.8436000000 -3.2475000000 0.0266000000
		endloop
	endfacet
	facet normal 0.0000000000 0.0000000000 0.0000000000
		outer loop
			vertex -0.8436000000 -3.2475000000 0.0266000000
			vertex -0.7666000000 -3.2475000000 0.0373000000
			vertex -0.7666000000 -3.1972000000 0.0373000000
			vertex -0.8436000000 -3.1972000000 0.0266000000
		endloop
	endfacet
	facet normal 0.0000000000 0.0000000000 0.0000000000
		outer loop
			vertex -0.8436000000 -3.1972000000 0.0266000000
			vertex -0.7666000000 -3.1972000000 0.0373000000
			vertex -0.7666000000 -3.1271000000 0.0373000000
			vertex -0.8436000000 -3.1271000000 0.0266000000
		endloop
	endfacet
	facet normal 0.0000000000 0.0000000000 0.0000000000
		outer loop
			vertex -0.8436000000 -3.1271000000 0.0266000000
			vertex -0.7666000000 -3.1271000000 0.0373000000
			vertex -0.7666000000 -3.0377000000 0.0373000000
			vertex -0.8436000000 -3.0377000000 0.0266000000
		endloop
	endfacet
	facet normal 0.0000000000 0.0000000000 0.0000000000
		outer loop
			vertex -0.8436000000 -3.0377000000 0.0266000000
			vertex -0.7666000000 -3.0377000000 0.0373000000
			vertex -0.7666000000 -2.9296000000 0.0373000000
			vertex -0.8436000000 -2.9296000000 0.0266000000
		endloop
	endfacet
	facet normal 0.0000000000 0.0000000000 0.0000000000
		outer loop
			vertex -0.8436000000 -2.9296000000 0.0266000000
			vertex -0.7666000000 -2.9296000000 0.0373000000
			vertex -0.7666000000 -2.8035000000 0.0373000000
			vertex -0.8436000000 -2.8035000000 0.0266000000
		endloop
	endfacet
	facet normal 0.0000000000 0.0000000000 0.0000000000
		outer loop
			vertex -0.8436000000 -2.8035000000 0.0266000000
			vertex -0.7666000000 -2.8035000000 0.0373000000
			vertex -0.7666000000 -2.6600000000 0.0373000000
			vertex -0.8436000000 -2.6600000000 0.0266000000
		endloop
	endfacet
	facet normal 0.0000000000 0.0000000000 0.0000000000
		outer loop
			vertex -0.8436000000 -2.6600000000 0.0266000000
			vertex -0.7666000000 -2.6600000000 0.0373000000
			vertex -0.7666000000 -2.5002000000 0.0373000000
			vertex -0.8436000000 -2.5002000000 0.0266000000
		endloop
	endfacet
	facet normal 0.0000000000 0.0000000000 0.0000000000
		outer loop
			vertex -0.8436000000 -2.5002000000 0.0266000000
			vertex -0.7666000000 -2.5002000000 0.0373000000
			vertex -0.7666000000 -2.3250000000 0.0373000000
			vertex -0.8436000000 -2.3250000000 0.0266000000
		endloop
	endfacet
	facet normal 0.0000000000 0.0000000000 0.0000000000
		outer loop
			vertex -0.8436000000 -2.3250000000 0.0266000000
			vertex -0.7666000000 -2.3250000000 0.0373000000
			vertex -0.7666000000 -2.1354000000 0.0373000000
			vertex -0.8436000000 -2.1354000000 0.0266000000
		endloop
	endfacet
	facet normal 0.0000000000 0.0000000000 0.0000000000
		outer loop
			vertex -0.8436000000 -2.1354000000 0.0266000000
			vertex -0.7666000000 -2.1354000000 0.0373000000
			vertex -0.7666000000 -1.9326000000 0.0373000000
			vertex -0.8436000000 -1.9326000000 0.0266000000
		endloop
	endfacet
	facet normal 0.0000000000 0.0000000000 0.0000000000
		outer loop
			vertex -0.8436000000 -1.9326000000 0.0266000000
			vertex -0.7666000000 -1.9326000000 0.0373000000
			vertex -0.7666000000 -1.7180000000 0.0373000000
			vertex -0.8436000000 -1.7180000000 0.0266000000
		endloop
	endfacet
	facet normal 0.0000000000 0.0000000000 0.0000000000
		outer loop
			vertex -0.8436000000 -1.7180000000 0.0266000000
			vertex -0.7666000000 -1.7180000000 0.0373000000
			vertex -0.7666000000 -1.4927000000 0.0373000000
			vertex -0.8436000000 -1.4927000000 0.0266000000
		endloop
	endfacet
	facet normal 0.0000000000 0.0000000000 0.0000000000
		outer loop
			vertex -0.8436000000 -1.4927000000 0.0266000000
			vertex -0.7666000000 -1.4927000000 0.0373000000
			vertex -0.7666000000 -1.2583000000 0.0373000000
			vertex -0.8436000000 -1.2583000000 0.0266000000
		endloop
	endfacet
	facet normal 0.0000000000 0.0000000000 0.0000000000
		outer loop
			vertex -0.8436000000 -1.2583000000 0.0266000000
			vertex -0.7666000000 -1.2583000000 0.0373000000
			vertex -0.7666000000 -1.0160000000 0.0373000000
			vertex -0.8436000000 -1.0160000000 0.0266000000
		endloop
	endfacet
	facet normal 0.0000000000 0.0000000000 0.0000000000
		outer loop
			vertex -0.8436000000 -1.0160000000 0.0266000000
			vertex -0.7666000000 -1.0160000000 0.0373000000
			vertex -0.7666000000 -0.7676000000 0.0373000000
			vertex -0.8436000000 -0.7676000000 0.0266000000
		endloop
	endfacet
	facet normal 0.0000000000 0.0000000000 0.0000000000
		outer loop
			vertex -0.8436000000 -0.7676000000 0.0266000000
			vertex -0.7666000000 -0.7676000000 0.0373000000
			vertex -0.7666000000 -0.5144000000 0.0373000000
			vertex -0.8436000000 -0.5144000000 0.0266000000
		endloop
	endfacet
	facet normal 0.0000000000 0.0000000000 0.0000000000
		outer loop
			vertex -0.8436000000 -0.5144000000 0.0266000000
			vertex -0.7666000000 -0.5144000000 0.0373000000
			vertex -0.7666000000 -0.2580000000 0.0373000000
			vertex -0.8436000000 -0.2580000000 0.0266000000
		endloop
	endfacet
	facet normal 0.0000000000 0.0000000000 0.0000000000
		outer loop
			vertex -0.8436000000 -0.2580000000 0.0266000000
			vertex -0.7666000000 -0.2580000000 0.0373000000
			vertex -0.7666000000 0.0000000000 0.0373000000
			vertex -0.8436000000 0.0000000000 0.0266000000
		endloop
	endfacet
	facet normal 0.0000000000 0.0000000000 0.0000000000
		outer loop
			vertex -0.8436000000 0.0000000000 0.0266000000
			vertex -0.7666000000 0.0000000000 0.0373000000
			vertex -0.7666000000 0.2580000000 0.0373000000
			vertex -0.8436000000 0.2580000000 0.0266000000
		endloop
	endfacet
	facet normal 0.0000000000 0.0000000000 0.0000000000
		outer loop
			vertex -0.8436000000 0.2580000000 0.0266000000
			vertex -0.7666000000 0.2580000000 0.0373000000
			vertex -0.7666000000 0.5144000000 0.0373000000
			vertex -0.8436000000 0.5144000000 0.0266000000
		endloop
	endfacet
	facet normal 0.0000000000 0.0000000000 0.0000000000
		outer loop
			vertex -0.8436000000 0.5144000000 0.0266000000
			vertex -0.7666000000 0.5144000000 0.0373000000
			vertex -0.7666000000 0.7676000000 0.0373000000
			vertex -0.8436000000 0.7676000000 0.0266000000
		endloop
	endfacet
	facet normal 0.0000000000 0.0000000000 0.0000000000
		outer loop
			vertex -0.8436000000 0.7676000000 0.0266000000
			vertex -0.7666000000 0.7676000000 0.0373000000
			vertex -0.7666000000 1.0160000000 0.0373000000
			vertex -0.8436000000 1.0160000000 0.0266000000
		endloop
	endfacet
	facet normal 0.0000000000 0.0000000000 0.0000000000
		outer loop
			vertex -0.8436000000 1.0160000000 0.0266000000
			vertex -0.7666000000 1.0160000000 0.0373000000
			vertex -0.7666000000 1.2583000000 0.0373000000
			vertex -0.8436000000 1.2583000000 0.0266000000
		endloop
	endfacet
	facet normal 0.0000000000 0.0000000000 0.0000000000
		outer loop
			vertex -0.8436000000 1.2583000000 0.0266000000
			vertex -0.7666000000 1.2583000000 0.0373000000
			vertex -0.7666000000 1.4927000000 0.0373000000
			vertex -0.8436000000 1.4927000000 0.0266000000
		endloop
	endfacet
	facet normal 0.0000000000 0.0000000000 0.0000000000
		outer loop
			vertex -0.8436000000 1.4927000000 0.0266000000
			vertex -0.7666000000 1.4927000000 0.0373000000
			vertex -0.7666000000 1.7180000000 0.0373000000
			vertex -0.8436000000 1.7180000000 0.0266000000
		endloop
	endfacet
	facet normal 0.0000000000 0.0000000000 0.0000000000
		outer loop
			vertex -0.8436000000 1.7180000000 0.0266000000
			vertex -0.7666000000 1.7180000000 0.0373000000
			vertex -0.7666000000 1.9326000000 0.0373000000
			vertex -0.8436000000 1.9326000000 0.0266000000
		endloop
	endfacet
	facet normal 0.0000000000 0.0000000000 0.0000000000
		outer loop
			vertex -0.8436000000 1.9326000000 0.0266000000
			vertex -0.7666000000 1.9326000000 0.0373000000
			vertex -0.7666000000 2.1354000000 0.0373000000
			vertex -0.8436000000 2.1354000000 0.0266000000
		endloop
	endfacet
	facet normal 0.0000000000 0.0000000000 0.0000000000
		outer loop
			vertex -0.8436000000 2.1354000000 0.0266000000
			vertex -0.7666000000 2.1354000000 0.0373000000
			vertex -0.7666000000 2.3250000000 0.0373000000
			vertex -0.8436000000 2.3250000000 0.0266000000
		endloop
	endfacet
	facet normal 0.0000000000 0.0000000000 0.0000000000
		outer loop
			vertex -0.8436000000 2.3250000000 0.0266000000
			vertex -0.7666000000 2.3250000000 0.0373000000
			vertex -0.7666000000 2.5002000000 0.0373000000
			vertex -0.8436000000 2.5002000000 0.0266000000
		endloop
	endfacet
	facet normal 0.0000000000 0.0000000000 0.0000000000
		outer loop
			vertex -0.8436000000 2.5002000000 0.0266000000
			vertex -0.7666000000 2.5002000000 0.0373000000
			vertex -0.7666000000 2.6600000000 0.0373000000
			vertex -0.8436000000 2.6600000000 0.0266000000
		endloop
	endfacet
	facet normal 0.0000000000 0.0000000000 0.0000000000
		outer loop
			vertex -0.8436000000 2.6600000000 0.0266000000
			vertex -0.7666000000 2.6600000000 0.0373000000
			vertex -0.7666000000 2.8035000000 0.0373000000
			vertex -0.8436000000 2.8035000000 0.0266000000
		endloop
	endfacet
	facet normal 0.0000000000 0.0000000000 0.0000000000
		outer loop
			vertex -0.8436000000 2.8035000000 0.0266000000
			vertex -0.7666000000 2.8035000000 0.0373000000
			vertex -0.7666000000 2.9296000000 0.0373000000
			vertex -0.8436000000 2.9296000000 0.0266000000
		endloop
	endfacet
	facet normal 0.0000000000 0.0000000000 0.0000000000
		outer loop
			vertex -0.8436000000 2.9296000000 0.0266000000
			vertex -0.7666000000 2.9296000000 0.0373000000
			vertex -0.7666000000 3.0377000000 0.0373000000
			vertex -0.8436000000 3.0377000000 0.0266000000
		endloop
	endfacet
	facet normal 0.0000000000 0.0000000000 0.0000000000
		outer loop
			vertex -0.8436000000 3.0377000000 0.0266000000
			vertex -0.7666000000 3.0377000000 0.0373000000
			vertex -0.7666000000 3.1271000000 0.0373000000
			vertex -0.8436000000 3.1271000000 0.0266000000
		endloop
	endfacet
	facet normal 0.0000000000 0.0000000000 0.0000000000
		outer loop
			vertex -0.8436000000 3.1271000000 0.0266000000
			vertex -0.7666000000 3.1271000000 0.0373000000
			vertex -0.7666000000 3.1972000000 0.0373000000
			vertex -0.8436000000 3.1972000000 0.0266000000
		endloop
	endfacet
	facet normal 0.0000000000 0.0000000000 0.0000000000
		outer loop
			vertex -0.8436000000 3.1972000000 0.0266000000
			vertex -0.7666000000 3.1972000000 0.0373000000
			vertex -0.7666000000 3.2475000000 0.0373000000
			vertex -0.8436000000 3.2475000000 0.0266000000
		endloop
	endfacet
	facet normal 0.0000000000 0.0000000000 0.0000000000
		outer loop
			vertex -0.8436000000 3.2475000000 0.0266000000
			vertex -0.7666000000 3.2475000000 0.0373000000
			vertex -0.7666000000 3.2779000000 0.0373000000
			vertex -0.8436000000 3.2779000000 0.0266000000
		endloop
	endfacet
	facet normal 0.0000000000 0.0000000000 0.0000000000
		outer loop
			vertex -0.8436000000 3.2779000000 0.0266000000
			vertex -0.7666000000 3.2779000000 0.0373000000
			vertex -0.7666000000 3.2880000000 0.0373000000
			vertex -0.8436000000 3.2880000000 0.0266000000
		endloop
	endfacet
	facet normal 0.0000000000 0.0000000000 0.0000000000
		outer loop
			vertex -0.8436000000 3.2880000000 0.0266000000
			vertex -0.7666000000 3.2880000000 0.0373000000
			vertex -0.7666000000 3.2880000000 0.0000000000
			vertex -0.8436000000 3.2880000000 0.0000000000
		endloop
	endfacet
	facet normal 0.0000000000 0.0000000000 0.0000000000
		outer loop
			vertex -0.7666000000 -3.2880000000 0.0000000000
			vertex -0.6910000000 -3.2880000000 0.0000000000
			vertex -0.6910000000 -3.2880000000 0.0469000000
			vertex -0.7666000000 -3.2880000000 0.0373000000
		endloop
	endfacet
	facet normal 0.0000000000 0.0000000000 0.0000000000
		outer loop
			vertex -0.7666000000 -3.2880000000 0.0373000000
			vertex -0.6910000000 -3.2880000000 0.0469000000
			vertex -0.6910000000 -3.2779000000 0.0469000000
			vertex -0.7666000000 -3.2779000000 0.0373000000
		endloop
	endfacet
	facet normal 0.0000000000 0.0000000000 0.0000000000
		outer loop
			vertex -0.7666000000 -3.2779000000 0.0373000000
			vertex -0.6910000000 -3.2779000000 0.0469000000
			vertex -0.6910000000 -3.2475000000 0.0469000000
			vertex -0.7666000000 -3.2475000000 0.0373000000
		endloop
	endfacet
	facet normal 0.0000000000 0.0000000000 0.0000000000
		outer loop
			vertex -0.7666000000 -3.2475000000 0.0373000000
			vertex -0.6910000000 -3.2475000000 0.0469000000
			vertex -0.6910000000 -3.1972000000 0.0469000000
			vertex -0.7666000000 -3.1972000000 0.0373000000
		endloop
	endfacet
	facet normal 0.0000000000 0.0000000000 0.0000000000
		outer loop
			vertex -0.7666000000 -3.1972000000 0.0373000000
			vertex -0.6910000000 -3.1972000000 0.0469000000
			vertex -0.6910000000 -3.1271000000 0.0469000000
			vertex -0.7666000000 -3.1271000000 0.0373000000
		endloop
	endfacet
	facet normal 0.0000000000 0.0000000000 0.0000000000
		outer loop
			vertex -0.7666000000 -3.1271000000 0.0373000000
			vertex -0.6910000000 -3.1271000000 0.0469000000
			vertex -0.6910000000 -3.0377000000 0.0469000000
			vertex -0.7666000000 -3.0377000000 0.0373000000
		endloop
	endfacet
	facet normal 0.0000000000 0.0000000000 0.0000000000
		outer loop
			vertex -0.7666000000 -3.0377000000 0.0373000000
			vertex -0.6910000000 -3.0377000000 0.0469000000
			vertex -0.6910000000 -2.9296000000 0.0469000000
			vertex -0.7666000000 -2.9296000000 0.0373000000
		endloop
	endfacet
	facet normal 0.0000000000 0.0000000000 0.0000000000
		outer loop
			vertex -0.7666000000 -2.9296000000 0.0373000000
			vertex -0.6910000000 -2.9296000000 0.0469000000
			vertex -0.6910000000 -2.8035000000 0.0469000000
			vertex -0.7666000000 -2.8035000000 0.0373000000
		endloop
	endfacet
	facet normal 0.0000000000 0.0000000000 0.0000000000
		outer loop
			vertex -0.7666000000 -2.8035000000 0.0373000000
			vertex -0.6910000000 -2.8035000000 0.0469000000
			vertex -0.6910000000 -2.6600000000 0.0469000000
			vertex -0.7666000000 -2.6600000000 0.0373000000
		endloop
	endfacet
	facet normal 0.0000000000 0.0000000000 0.0000000000
		outer loop
			vertex -0.7666000000 -2.6600000000 0.0373000000
			vertex -0.6910000000 -2.6600000000 0.0469000000
			vertex -0.6910000000 -2.5002000000 0.0469000000
			vertex -0.7666000000 -2.5002000000 0.0373000000
		endloop
	endfacet
	facet normal 0.0000000000 0.0000000000 0.0000000000
		outer loop
			vertex -0.7666000000 -2.5002000000 0.0373000000
			vertex -0.6910000000 -2.5002000000 0.0469000000
			vertex -0.6910000000 -2.3250000000 0.0469000000
			vertex -0.7666000000 -2.3250000000 0.0373000000
		endloop
	endfacet
	facet normal 0.0000000000 0.0000000000 0.0000000000
		outer loop
			vertex -0.7666000000 -2.3250000000 0.0373000000
			vertex -0.6910000000 -2.3250000000 0.0469000000
			vertex -0.6910000000 -2.1354000000 0.0469000000
			vertex -0.7666000000 -2.1354000000 0.0373000000
		endloop
	endfacet
	facet normal 0.0000000000 0.0000000000 0.0000000000
		outer loop
			vertex -0.7666000000 -2.1354000000 0.0373000000
			vertex -0.6910000000 -2.1354000000 0.0469000000
			vertex -0.6910000000 -1.9326000000 0.0469000000
			vertex -0.7666000000 -1.9326000000 0.0373000000
		endloop
	endfacet
	facet normal 0.0000000000 0.0000000000 0.0000000000
		outer loop
			vertex -0.7666000000 -1.9326000000 0.0373000000
			vertex -0.6910000000 -1.9326000000 0.0469000000
			vertex -0.6910000000 -1.7180000000 0.0469000000
			vertex -0.7666000000 -1.7180000000 0.0373000000
		endloop
	endfacet
	facet normal 0.0000000000 0.0000000000 0.0000000000
		outer loop
			vertex -0.7666000000 -1.7180000000 0.0373000000
			vertex -0.6910000000 -1.7180000000 0.0469000000
			vertex -0.6910000000 -1.4927000000 0.0469000000
			vertex -0.7666000000 -1.4927000000 0.0373000000
		endloop
	endfacet
	facet normal 0.0000000000 0.0000000000 0.0000000000
		outer loop
			vertex -0.7666000000 -1.4927000000 0.0373000000
			vertex -0.6910000000 -1.4927000000 0.0469000000
			vertex -0.6910000000 -1.2583000000 0.0469000000
			vertex -0.7666000000 -1.2583000000 0.0373000000
		endloop
	endfacet
	facet normal 0.0000000000 0.0000000000 0.0000000000
		outer loop
			vertex -0.7666000000 -1.2583000000 0.0373000000
			vertex -0.6910000000 -1.2583000000 0.0469000000
			vertex -0.6910000000 -1.0160000000 0.0469000000
			vertex -0.7666000000 -1.0160000000 0.0373000000
		endloop
	endfacet
	facet normal 0.0000000000 0.0000000000 0.0000000000
		outer loop
			vertex -0.7666000000 -1.0160000000 0.0373000000
			vertex -0.6910000000 -1.0160000000 0.0469000000
			vertex -0.6910000000 -0.7676000000 0.0469000000
			vertex -0.7666000000 -0.7676000000 0.0373000000
		endloop
	endfacet
	facet normal 0.0000000000 0.0000000000 0.0000000000
		outer loop
			vertex -0.7666000000 -0.7676000000 0.0373000000
			vertex -0.6910000000 -0.7676000000 0.0469000000
			vertex -0.6910000000 -0.5144000000 0.0469000000
			vertex -0.7666000000 -0.5144000000 0.0373000000
		endloop
	endfacet
	facet normal 0.0000000000 0.0000000000 0.0000000000
		outer loop
			vertex -0.7666000000 -0.5144000000 0.0373000000
			vertex -0.6910000000 -0.5144000000 0.0469000000
			vertex -0.6910000000 -0.2580000000 0.0469000000
			vertex -0.7666000000 -0.2580000000 0.0373000000
		endloop
	endfacet
	facet normal 0.0000000000 0.0000000000 0.0000000000
		outer loop
			vertex -0.7666000000 -0.2580000000 0.0373000000
			vertex -0.6910000000 -0.2580000000 0.0469000000
			vertex -0.6910000000 0.0000000000 0.0469000000
			vertex -0.7666000000 0.0000000000 0.0373000000
		endloop
	endfacet
	facet normal 0.0000000000 0.0000000000 0.0000000000
		outer loop
			vertex -0.7666000000 0.0000000000 0.0373000000
			vertex -0.6910000000 0.0000000000 0.0469000000
			vertex -0.6910000000 0.2580000000 0.0469000000
			vertex -0.7666000000 0.2580000000 0.0373000000
		endloop
	endfacet
	facet normal 0.0000000000 0.0000000000 0.0000000000
		outer loop
			vertex -0.7666000000 0.2580000000 0.0373000000
			vertex -0.6910000000 0.2580000000 0.0469000000
			vertex -0.6910000000 0.5144000000 0.0469000000
			vertex -0.7666000000 0.5144000000 0.0373000000
		endloop
	endfacet
	facet normal 0.0000000000 0.0000000000 0.0000000000
		outer loop
			vertex -0.7666000000 0.5144000000 0.0373000000
			vertex -0.6910000000 0.5144000000 0.0469000000
			vertex -0.6910000000 0.7676000000 0.0469000000
			vertex -0.7666000000 0.7676000000 0.0373000000
		endloop
	endfacet
	facet normal 0.0000000000 0.0000000000 0.0000000000
		outer loop
			vertex -0.7666000000 0.7676000000 0.0373000000
			vertex -0.6910000000 0.7676000000 0.0469000000
			vertex -0.6910000000 1.0160000000 0.0469000000
			vertex -0.7666000000 1.0160000000 0.0373000000
		endloop
	endfacet
	facet normal 0.0000000000 0.0000000000 0.0000000000
		outer loop
			vertex -0.7666000000 1.0160000000 0.0373000000
			vertex -0.6910000000 1.0160000000 0.0469000000
			vertex -0.6910000000 1.2583000000 0.0469000000
			vertex -0.7666000000 1.2583000000 0.0373000000
		endloop
	endfacet
	facet normal 0.0000000000 0.0000000000 0.0000000000
		outer loop
			vertex -0.7666000000 1.2583000000 0.0373000000
			vertex -0.6910000000 1.2583000000 0.0469000000
			vertex -0.6910000000 1.4927000000 0.0469000000
			vertex -0.7666000000 1.4927000000 0.0373000000
		endloop
	endfacet
	facet normal 0.0000000000 0.0000000000 0.0000000000
		outer loop
			vertex -0.7666000000 1.4927000000 0.0373000000
			vertex -0.6910000000 1.4927000000 0.0469000000
			vertex -0.6910000000 1.7180000000 0.0469000000
			vertex -0.7666000000 1.7180000000 0.0373000000
		endloop
	endfacet
	facet normal 0.0000000000 0.0000000000 0.0000000000
		outer loop
			vertex -0.7666000000 1.7180000000 0.0373000000
			vertex -0.6910000000 1.7180000000 0.0469000000
			vertex -0.6910000000 1.9326000000 0.0469000000
			vertex -0.7666000000 1.9326000000 0.0373000000
		endloop
	endfacet
	facet normal 0.0000000000 0.0000000000 0.0000000000
		outer loop
			vertex -0.7666000000 1.9326000000 0.0373000000
			vertex -0.6910000000 1.9326000000 0.0469000000
			vertex -0.6910000000 2.1354000000 0.0469000000
			vertex -0.7666000000 2.1354000000 0.0373000000
		endloop
	endfacet
	facet normal 0.0000000000 0.0000000000 0.0000000000
		outer loop
			vertex -0.7666000000 2.1354000000 0.0373000000
			vertex -0.6910000000 2.1354000000 0.0469000000
			vertex -0.6910000000 2.3250000000 0.0469000000
			vertex -0.7666000000 2.3250000000 0.0373000000
		endloop
	endfacet
	facet normal 0.0000000000 0.0000000000 0.0000000000
		outer loop
			vertex -0.7666000000 2.3250000000 0.0373000000
			vertex -0.6910000000 2.3250000000 0.0469000000
			vertex -0.6910000000 2.5002000000 0.0469000000
			vertex -0.7666000000 2.5002000000 0.0373000000
		endloop
	endfacet
	facet normal 0.0000000000 0.0000000000 0.0000000000
		outer loop
			vertex -0.7666000000 2.5002000000 0.0373000000
			vertex -0.6910000000 2.5002000000 0.0469000000
			vertex -0.6910000000 2.6600000000 0.0469000000
			vertex -0.7666000000 2.6600000000 0.0373000000
		endloop
	endfacet
	facet normal 0.0000000000 0.0000000000 0.0000000000
		outer loop
			vertex -0.7666000000 2.6600000000 0.0373000000
			vertex -0.6910000000 2.6600000000 0.0469000000
			vertex -0.6910000000 2.8035000000 0.0469000000
			vertex -0.7666000000 2.8035000000 0.0373000000
		endloop
	endfacet
	facet normal 0.0000000000 0.0000000000 0.0000000000
		outer loop
			vertex -0.7666000000 2.8035000000 0.0373000000
			vertex -0.6910000000 2.8035000000 0.0469000000
			vertex -0.6910000000 2.9296000000 0.0469000000
			vertex -0.7666000000 2.9296000000 0.0373000000
		endloop
	endfacet
	facet normal 0.0000000000 0.0000000000 0.0000000000
		outer loop
			vertex -0.7666000000 2.9296000000 0.0373000000
			vertex -0.6910000000 2.9296000000 0.0469000000
			vertex -0.6910000000 3.0377000000 0.0469000000
			vertex -0.7666000000 3.0377000000 0.0373000000
		endloop
	endfacet
	facet normal 0.0000000000 0.0000000000 0.0000000000
		outer loop
			vertex -0.7666000000 3.0377000000 0.0373000000
			vertex -0.6910000000 3.0377000000 0.0469000000
			vertex -0.6910000000 3.1271000000 0.0469000000
			vertex -0.7666000000 3.1271000000 0.0373000000
		endloop
	endfacet
	facet normal 0.0000000000 0.0000000000 0.0000000000
		outer loop
			vertex -0.7666000000 3.1271000000 0.0373000000
			vertex -0.6910000000 3.1271000000 0.0469000000
			vertex -0.6910000000 3.1972000000 0.0469000000
			vertex -0.7666000000 3.1972000000 0.0373000000
		endloop
	endfacet
	facet normal 0.0000000000 0.0000000000 0.0000000000
		outer loop
			vertex -0.7666000000 3.1972000000 0.0373000000
			vertex -0.6910000000 3.1972000000 0.0469000000
			vertex -0.6910000000 3.2475000000 0.0469000000
			vertex -0.7666000000 3.2475000000 0.0373000000
		endloop
	endfacet
	facet normal 0.0000000000 0.0000000000 0.0000000000
		outer loop
			vertex -0.7666000000 3.2475000000 0.0373000000
			vertex -0.6910000000 3.2475000000 0.0469000000
			vertex -0.6910000000 3.2779000000 0.0469000000
			vertex -0.7666000000 3.2779000000 0.0373000000
		endloop
	endfacet
	facet normal 0.0000000000 0.0000000000 0.0000000000
		outer loop
			vertex -0.7666000000 3.2779000000 0.0373000000
			vertex -0.6910000000 3.2779000000 0.0469000000
			vertex -0.6910000000 3.2880000000 0.0469000000
			vertex -0.7666000000 3.2880000000 0.0373000000
		endloop
	endfacet
	facet normal 0.0000000000 0.0000000000 0.0000000000
		outer loop
			vertex -0.7666000000 3.2880000000 0.0373000000
			vertex -0.6910000000 3.2880000000 0.0469000000
			vertex -0.6910000000 3.2880000000 0.0000000000
			vertex -0.7666000000 3.2880000000 0.0000000000
		endloop
	endfacet
	facet normal 0.0000000000 0.0000000000 0.0000000000
		outer loop
			vertex -0.6910000000 -3.2880000000 0.0000000000
			vertex -0.6173000000 -3.2880000000 0.0000000000
			vertex -0.6173000000 -3.2880000000 0.0552000000
			vertex -0.6910000000 -3.2880000000 0.0469000000
		endloop
	endfacet
	facet normal 0.0000000000 0.0000000000 0.0000000000
		outer loop
			vertex -0.6910000000 -3.2880000000 0.0469000000
			vertex -0.6173000000 -3.2880000000 0.0552000000
			vertex -0.6173000000 -3.2779000000 0.0552000000
			vertex -0.6910000000 -3.2779000000 0.0469000000
		endloop
	endfacet
	facet normal 0.0000000000 0.0000000000 0.0000000000
		outer loop
			vertex -0.6910000000 -3.2779000000 0.0469000000
			vertex -0.6173000000 -3.2779000000 0.0552000000
			vertex -0.6173000000 -3.2475000000 0.0552000000
			vertex -0.6910000000 -3.2475000000 0.0469000000
		endloop
	endfacet
	facet normal 0.0000000000 0.0000000000 0.0000000000
		outer loop
			vertex -0.6910000000 -3.2475000000 0.0469000000
			vertex -0.6173000000 -3.2475000000 0.0552000000
			vertex -0.6173000000 -3.1972000000 0.0552000000
			vertex -0.6910000000 -3.1972000000 0.0469000000
		endloop
	endfacet
	facet normal 0.0000000000 0.0000000000 0.0000000000
		outer loop
			vertex -0.6910000000 -3.1972000000 0.0469000000
			vertex -0.6173000000 -3.1972000000 0.0552000000
			vertex -0.6173000000 -3.1271000000 0.0552000000
			vertex -0.6910000000 -3.1271000000 0.0469000000
		endloop
	endfacet
	facet normal 0.0000000000 0.0000000000 0.0000000000
		outer loop
			vertex -0.6910000000 -3.1271000000 0.0469000000
			vertex -0.6173000000 -3.1271000000 0.0552000000
			vertex -0.6173000000 -3.0377000000 0.0552000000
			vertex -0.6910000000 -3.0377000000 0.0469000000
		endloop
	endfacet
	facet normal 0.0000000000 0.0000000000 0.0000000000
		outer loop
			vertex -0.6910000000 -3.0377000000 0.0469000000
			vertex -0.6173000000 -3.0377000000 0.0552000000
			vertex -0.6173000000 -2.9296000000 0.0552000000
			vertex -0.6910000000 -2.9296000000 0.0469000000
		endloop
	endfacet
	facet normal 0.0000000000 0.0000000000 0.0000000000
		outer loop
			vertex -0.6910000000 -2.9296000000 0.0469000000
			vertex -0.6173000000 -2.9296000000 0.0552000000
			vertex -0.6173000000 -2.8035000000 0.0552000000
			vertex -0.6910000000 -2.8035000000 0.0469000000
		endloop
	endfacet
	facet normal 0.0000000000 0.0000000000 0.0000000000
		outer loop
			vertex -0.6910000000 -2.8035000000 0.0469000000
			vertex -0.6173000000 -2.8035000000 0.0552000000
			vertex -0.6173000000 -2.6600000000 0.0552000000
			vertex -0.6910000000 -2.6600000000 0.0469000000
		endloop
	endfacet
	facet normal 0.0000000000 0.0000000000 0.0000000000
		outer loop
			vertex -0.6910000000 -2.6600000000 0.0469000000
			vertex -0.6173000000 -2.6600000000 0.0552000000
			vertex -0.6173000000 -2.5002000000 0.0552000000
			vertex -0.6910000000 -2.5002000000 0.0469000000
		endloop
	endfacet
	facet normal 0.0000000000 0.0000000000 0.0000000000
		outer loop
			vertex -0.6910000000 -2.5002000000 0.0469000000
			vertex -0.6173000000 -2.5002000000 0.0552000000
			vertex -0.6173000000 -2.3250000000 0.0552000000
			vertex -0.6910000000 -2.3250000000 0.0469000000
		endloop
	endfacet
	facet normal 0.0000000000 0.0000000000 0.0000000000
		outer loop
			vertex -0.6910000000 -2.3250000000 0.0469000000
			vertex -0.6173000000 -2.3250000000 0.0552000000
			vertex -0.6173000000 -2.1354000000 0.0552000000
			vertex -0.6910000000 -2.1354000000 0.0469000000
		endloop
	endfacet
	facet normal 0.0000000000 0.0000000000 0.0000000000
		outer loop
			vertex -0.6910000000 -2.1354000000 0.0469000000
			vertex -0.6173000000 -2.1354000000 0.0552000000
			vertex -0.6173000000 -1.9326000000 0.0552000000
			vertex -0.6910000000 -1.9326000000 0.0469000000
		endloop
	endfacet
	facet normal 0.0000000000 0.0000000000 0.0000000000
		outer loop
			vertex -0.6910000000 -1.9326000000 0.0469000000
			vertex -0.6173000000 -1.9326000000 0.0552000000
			vertex -0.6173000000 -1.7180000000 0.0552000000
			vertex -0.6910000000 -1.7180000000 0.0469000000
		endloop
	endfacet
	facet normal 0.0000000000 0.0000000000 0.0000000000
		outer loop
			vertex -0.6910000000 -1.7180000000 0.0469000000
			vertex -0.6173000000 -1.7180000000 0.0552000000
			vertex -0.6173000000 -1.4927000000 0.0552000000
			vertex -0.6910000000 -1.4927000000 0.0469000000
		endloop
	endfacet
	facet normal 0.0000000000 0.0000000000 0.0000000000
		outer loop
			vertex -0.6910000000 -1.4927000000 0.0469000000
			vertex -0.6173000000 -1.4927000000 0.0552000000
			vertex -0.6173000000 -1.2583000000 0.0552000000
			vertex -0.6910000000 -1.2583000000 0.0469000000
		endloop
	endfacet
	facet normal 0.0000000000 0.0000000000 0.0000000000
		outer loop
			vertex -0.6910000000 -1.2583000000 0.0469000000
			vertex -0.6173000000 -1.2583000000 0.0552000000
			vertex -0.6173000000 -1.0160000000 0.0552000000
			vertex -0.6910000000 -1.0160000000 0.0469000000
		endloop
	endfacet
	facet normal 0.0000000000 0.0000000000 0.0000000000
		outer loop
			vertex -0.6910000000 -1.0160000000 0.0469000000
			vertex -0.6173000000 -1.0160000000 0.0552000000
			vertex -0.6173000000 -0.7676000000 0.0552000000
			vertex -0.6910000000 -0.7676000000 0.0469000000
		endloop
	endfacet
	facet normal 0.0000000000 0.0000000000 0.0000000000
		outer loop
			vertex -0.6910000000 -0.7676000000 0.0469000000
			vertex -0.6173000000 -0.7676000000 0.0552000000
			vertex -0.6173000000 -0.5144000000 0.0552000000
			vertex -0.6910000000 -0.5144000000 0.0469000000
		endloop
	endfacet
	facet normal 0.0000000000 0.0000000000 0.0000000000
		outer loop
			vertex -0.6910000000 -0.5144000000 0.0469000000
			vertex -0.6173000000 -0.5144000000 0.0552000000
			vertex -0.6173000000 -0.2580000000 0.0552000000
			vertex -0.6910000000 -0.2580000000 0.0469000000
		endloop
	endfacet
	facet normal 0.0000000000 0.0000000000 0.0000000000
		outer loop
			vertex -0.6910000000 -0.2580000000 0.0469000000
			vertex -0.6173000000 -0.2580000000 0.0552000000
			vertex -0.6173000000 0.0000000000 0.0552000000
			vertex -0.6910000000 0.0000000000 0.0469000000
		endloop
	endfacet
	facet normal 0.0000000000 0.0000000000 0.0000000000
		outer loop
			vertex -0.6910000000 0.0000000000 0.0469000000
			vertex -0.6173000000 0.0000000000 0.0552000000
			vertex -0.6173000000 0.2580000000 0.0552000000
			vertex -0.6910000000 0.2580000000 0.0469000000
		endloop
	endfacet
	facet normal 0.0000000000 0.0000000000 0.0000000000
		outer loop
			vertex -0.6910000000 0.2580000000 0.0469000000
			vertex -0.6173000000 0.2580000000 0.0552000000
			vertex -0.6173000000 0.5144000000 0.0552000000
			vertex -0.6910000000 0.5144000000 0.0469000000
		endloop
	endfacet
	facet normal 0.0000000000 0.0000000000 0.0000000000
		outer loop
			vertex -0.6910000000 0.5144000000 0.0469000000
			vertex -0.6173000000 0.5144000000 0.0552000000
			vertex -0.6173000000 0.7676000000 0.0552000000
			vertex -0.6910000000 0.7676000000 0.0469000000
		endloop
	endfacet
	facet normal 0.0000000000 0.0000000000 0.0000000000
		outer loop
			vertex -0.6910000000 0.7676000000 0.0469000000
			vertex -0.6173000000 0.7676000000 0.0552000000
			vertex -0.6173000000 1.0160000000 0.0552000000
			vertex -0.6910000000 1.0160000000 0.0469000000
		endloop
	endfacet
	facet normal 0.0000000000 0.0000000000 0.0000000000
		outer loop
			vertex -0.6910000000 1.0160000000 0.0469000000
			vertex -0.6173000000 1.0160000000 0.0552000000
			vertex -0.6173000000 1.2583000000 0.0552000000
			vertex -0.6910000000 1.2583000000 0.0469000000
		endloop
	endfacet
	facet normal 0.0000000000 0.0000000000 0.0000000000
		outer loop
			vertex -0.6910000000 1.2583000000 0.0469000000
			vertex -0.6173000000 1.2583000000 0.0552000000
			vertex -0.6173000000 1.4927000000 0.0552000000
			vertex -0.6910000000 1.4927000000 0.0469000000
		endloop
	endfacet
	facet normal 0.0000000000 0.0000000000 0.0000000000
		outer loop
			vertex -0.6910000000 1.4927000000 0.0469000000
			vertex -0.6173000000 1.4927000000 0.0552000000
			vertex -0.6173000000 1.7180000000 0.0552000000
			vertex -0.6910000000 1.7180000000 0.0469000000
		endloop
	endfacet
	facet normal 0.0000000000 0.0000000000 0.0000000000
		outer loop
			vertex -0.6910000000 1.7180000000 0.0469000000
			vertex -0.6173000000 1.7180000000 0.0552000000
			vertex -0.6173000000 1.9326000000 0.0552000000
			vertex -0.6910000000 1.9326000000 0.0469000000
		endloop
	endfacet
	facet normal 0.0000000000 0.0000000000 0.0000000000
		outer loop
			vertex -0.6910000000 1.9326000000 0.0469000000
			vertex -0.6173000000 1.9326000000 0.0552000000
			vertex -0.6173000000 2.1354000000 0.0552000000
			vertex -0.6910000000 2.1354000000 0.0469000000
		endloop
	endfacet
	facet normal 0.0000000000 0.0000000000 0.0000000000
		outer loop
			vertex -0.6910000000 2.1354000000 0.0469000000
			vertex -0.6173000000 2.1354000000 0.0552000000
			vertex -0.6173000000 2.3250000000 0.0552000000
			vertex -0.6910000000 2.3250000000 0.0469000000
		endloop
	endfacet
	facet normal 0.0000000000 0.0000000000 0.0000000000
		outer loop
			vertex -0.6910000000 2.3250000000 0.0469000000
			vertex -0.6173000000 2.3250000000 0.0552000000
			vertex -0.6173000000 2.5002000000 0.0552000000
			vertex -0.6910000000 2.5002000000 0.0469000000
		endloop
	endfacet
	facet normal 0.0000000000 0.0000000000 0.0000000000
		outer loop
			vertex -0.6910000000 2.5002000000 0.0469000000
			vertex -0.6173000000 2.5002000000 0.0552000000
			vertex -0.6173000000 2.6600000000 0.0552000000
			vertex -0.6910000000 2.6600000000 0.0469000000
		endloop
	endfacet
	facet normal 0.0000000000 0.0000000000 0.0000000000
		outer loop
			vertex -0.6910000000 2.6600000000 0.0469000000
			vertex -0.6173000000 2.6600000000 0.0552000000
			vertex -0.6173000000 2.8035000000 0.0552000000
			vertex -0.6910000000 2.8035000000 0.0469000000
		endloop
	endfacet
	facet normal 0.0000000000 0.0000000000 0.0000000000
		outer loop
			vertex -0.6910000000 2.8035000000 0.0469000000
			vertex -0.6173000000 2.8035000000 0.0552000000
			vertex -0.6173000000 2.9296000000 0.0552000000
			vertex -0.6910000000 2.9296000000 0.0469000000
		endloop
	endfacet
	facet normal 0.0000000000 0.0000000000 0.0000000000
		outer loop
			vertex -0.6910000000 2.9296000000 0.0469000000
			vertex -0.6173000000 2.9296000000 0.0552000000
			vertex -0.6173000000 3.0377000000 0.0552000000
			vertex -0.6910000000 3.0377000000 0.0469000000
		endloop
	endfacet
	facet normal 0.0000000000 0.0000000000 0.0000000000
		outer loop
			vertex -0.6910000000 3.0377000000 0.0469000000
			vertex -0.6173000000 3.0377000000 0.0552000000
			vertex -0.6173000000 3.1271000000 0.0552000000
			vertex -0.6910000000 3.1271000000 0.0469000000
		endloop
	endfacet
	facet normal 0.0000000000 0.0000000000 0.0000000000
		outer loop
			vertex -0.6910000000 3.1271000000 0.0469000000
			vertex -0.6173000000 3.1271000000 0.0552000000
			vertex -0.6173000000 3.1972000000 0.0552000000
			vertex -0.6910000000 3.1972000000 0.0469000000
		endloop
	endfacet
	facet normal 0.0000000000 0.0000000000 0.0000000000
		outer loop
			vertex -0.6910000000 3.1972000000 0.0469000000
			vertex -0.6173000000 3.1972000000 0.0552000000
			vertex -0.6173000000 3.2475000000 0.0552000000
			vertex -0.6910000000 3.2475000000 0.0469000000
		endloop
	endfacet
	facet normal 0.0000000000 0.0000000000 0.0000000000
		outer loop
			vertex -0.6910000000 3.2475000000 0.0469000000
			vertex -0.6173000000 3.2475000000 0.0552000000
			vertex -0.6173000000 3.2779000000 0.0552000000
			vertex -0.6910000000 3.2779000000 0.0469000000
		endloop
	endfacet
	facet normal 0.0000000000 0.0000000000 0.0000000000
		outer loop
			vertex -0.6910000000 3.2779000000 0.0469000000
			vertex -0.6173000000 3.2779000000 0.0552000000
			vertex -0.6173000000 3.2880000000 0.0552000000
			vertex -0.6910000000 3.2880000000 0.0469000000
		endloop
	endfacet
	facet normal 0.0000000000 0.0000000000 0.0000000000
		outer loop
			vertex -0.6910000000 3.2880000000 0.0469000000
			vertex -0.6173000000 3.2880000000 0.0552000000
			vertex -0.6173000000 3.2880000000 0.0000000000
			vertex -0.6910000000 3.2880000000 0.0000000000
		endloop
	endfacet
	facet normal 0.0000000000 0.0000000000 0.0000000000
		outer loop
			vertex -0.6173000000 -3.2880000000 0.0000000000
			vertex -0.5460000000 -3.2880000000 0.0000000000
			vertex -0.5460000000 -3.2880000000 0.0623000000
			vertex -0.6173000000 -3.2880000000 0.0552000000
		endloop
	endfacet
	facet normal 0.0000000000 0.0000000000 0.0000000000
		outer loop
			vertex -0.6173000000 -3.2880000000 0.0552000000
			vertex -0.5460000000 -3.2880000000 0.0623000000
			vertex -0.5460000000 -3.2779000000 0.0623000000
			vertex -0.6173000000 -3.2779000000 0.0552000000
		endloop
	endfacet
	facet normal 0.0000000000 0.0000000000 0.0000000000
		outer loop
			vertex -0.6173000000 -3.2779000000 0.0552000000
			vertex -0.5460000000 -3.2779000000 0.0623000000
			vertex -0.5460000000 -3.2475000000 0.0623000000
			vertex -0.6173000000 -3.2475000000 0.0552000000
		endloop
	endfacet
	facet normal 0.0000000000 0.0000000000 0.0000000000
		outer loop
			vertex -0.6173000000 -3.2475000000 0.0552000000
			vertex -0.5460000000 -3.2475000000 0.0623000000
			vertex -0.5460000000 -3.1972000000 0.0623000000
			vertex -0.6173000000 -3.1972000000 0.0552000000
		endloop
	endfacet
	facet normal 0.0000000000 0.0000000000 0.0000000000
		outer loop
			vertex -0.6173000000 -3.1972000000 0.0552000000
			vertex -0.5460000000 -3.1972000000 0.0623000000
			vertex -0.5460000000 -3.1271000000 0.0623000000
			vertex -0.6173000000 -3.1271000000 0.0552000000
		endloop
	endfacet
	facet normal 0.0000000000 0.0000000000 0.0000000000
		outer loop
			vertex -0.6173000000 -3.1271000000 0.0552000000
			vertex -0.5460000000 -3.1271000000 0.0623000000
			vertex -0.5460000000 -3.0377000000 0.0623000000
			vertex -0.6173000000 -3.0377000000 0.0552000000
		endloop
	endfacet
	facet normal 0.0000000000 0.0000000000 0.0000000000
		outer loop
			vertex -0.6173000000 -3.0377000000 0.0552000000
			vertex -0.5460000000 -3.0377000000 0.0623000000
			vertex -0.5460000000 -2.9296000000 0.0623000000
			vertex -0.6173000000 -2.9296000000 0.0552000000
		endloop
	endfacet
	facet normal 0.0000000000 0.0000000000 0.0000000000
		outer loop
			vertex -0.6173000000 -2.9296000000 0.0552000000
			vertex -0.5460000000 -2.9296000000 0.0623000000
			vertex -0.5460000000 -2.8035000000 0.0623000000
			vertex -0.6173000000 -2.8035000000 0.0552000000
		endloop
	endfacet
	facet normal 0.0000000000 0.0000000000 0.0000000000
		outer loop
			vertex -0.6173000000 -2.8035000000 0.0552000000
			vertex -0.5460000000 -2.8035000000 0.0623000000
			vertex -0.5460000000 -2.6600000000 0.0623000000
			vertex -0.6173000000 -2.6600000000 0.0552000000
		endloop
	endfacet
	facet normal 0.0000000000 0.0000000000 0.0000000000
		outer loop
			vertex -0.6173000000 -2.6600000000 0.0552000000
			vertex -0.5460000000 -2.6600000000 0.0623000000
			vertex -0.5460000000 -2.5002000000 0.0623000000
			vertex -0.6173000000 -2.5002000000 0.0552000000
		endloop
	endfacet
	facet normal 0.0000000000 0.0000000000 0.0000000000
		outer loop
			vertex -0.6173000000 -2.5002000000 0.0552000000
			vertex -0.5460000000 -2.5002000000 0.0623000000
			vertex -0.5460000000 -2.3250000000 0.0623000000
			vertex -0.6173000000 -2.3250000000 0.0552000000
		endloop
	endfacet
	facet normal 0.0000000000 0.0000000000 0.0000000000
		outer loop
			vertex -0.6173000000 -2.3250000000 0.0552000000
			vertex -0.5460000000 -2.3250000000 0.0623000000
			vertex -0.5460000000 -2.1354000000 0.0623000000
			vertex -0.6173000000 -2.1354000000 0.0552000000
		endloop
	endfacet
	facet normal 0.0000000000 0.0000000000 0.0000000000
		outer loop
			vertex -0.6173000000 -2.1354000000 0.0552000000
			vertex -0.5460000000 -2.1354000000 0.0623000000
			vertex -0.5460000000 -1.9326000000 0.0623000000
			vertex -0.6173000000 -1.9326000000 0.0552000000
		endloop
	endfacet
	facet normal 0.0000000000 0.0000000000 0.0000000000
		outer loop
			vertex -0.6173000000 -1.9326000000 0.0552000000
			vertex -0.5460000000 -1.9326000000 0.0623000000
			vertex -0.5460000000 -1.7180000000 0.0623000000
			vertex -0.6173000000 -1.7180000000 0.0552000000
		endloop
	endfacet
	facet normal 0.0000000000 0.0000000000 0.0000000000
		outer loop
			vertex -0.6173000000 -1.7180000000 0.0552000000
			vertex -0.5460000000 -1.7180000000 0.0623000000
			vertex -0.5460000000 -1.4927000000 0.0623000000
			vertex -0.6173000000 -1.4927000000 0.0552000000
		endloop
	endfacet
	facet normal 0.0000000000 0.0000000000 0.0000000000
		outer loop
			vertex -0.6173000000 -1.4927000000 0.0552000000
			vertex -0.5460000000 -1.4927000000 0.0623000000
			vertex -0.5460000000 -1.2583000000 0.0623000000
			vertex -0.6173000000 -1.2583000000 0.0552000000
		endloop
	endfacet
	facet normal 0.0000000000 0.0000000000 0.0000000000
		outer loop
			vertex -0.6173000000 -1.2583000000 0.0552000000
			vertex -0.5460000000 -1.2583000000 0.0623000000
			vertex -0.5460000000 -1.0160000000 0.0623000000
			vertex -0.6173000000 -1.0160000000 0.0552000000
		endloop
	endfacet
	facet normal 0.0000000000 0.0000000000 0.0000000000
		outer loop
			vertex -0.6173000000 -1.0160000000 0.0552000000
			vertex -0.5460000000 -1.0160000000 0.0623000000
			vertex -0.5460000000 -0.7676000000 0.0623000000
			vertex -0.6173000000 -0.7676000000 0.0552000000
		endloop
	endfacet
	facet normal 0.0000000000 0.0000000000 0.0000000000
		outer loop
			vertex -0.6173000000 -0.7676000000 0.0552000000
			vertex -0.5460000000 -0.7676000000 0.0623000000
			vertex -0.5460000000 -0.5144000000 0.0623000000
			vertex -0.6173000000 -0.5144000000 0.0552000000
		endloop
	endfacet
	facet normal 0.0000000000 0.0000000000 0.0000000000
		outer loop
			vertex -0.6173000000 -0.5144000000 0.0552000000
			vertex -0.5460000000 -0.5144000000 0.0623000000
			vertex -0.5460000000 -0.2580000000 0.0623000000
			vertex -0.6173000000 -0.2580000000 0.0552000000
		endloop
	endfacet
	facet normal 0.0000000000 0.0000000000 0.0000000000
		outer loop
			vertex -0.6173000000 -0.2580000000 0.0552000000
			vertex -0.5460000000 -0.2580000000 0.0623000000
			vertex -0.5460000000 0.0000000000 0.0623000000
			vertex -0.6173000000 0.0000000000 0.0552000000
		endloop
	endfacet
	facet normal 0.0000000000 0.0000000000 0.0000000000
		outer loop
			vertex -0.6173000000 0.0000000000 0.0552000000
			vertex -0.5460000000 0.0000000000 0.0623000000
			vertex -0.5460000000 0.2580000000 0.0623000000
			vertex -0.6173000000 0.2580000000 0.0552000000
		endloop
	endfacet
	facet normal 0.0000000000 0.0000000000 0.0000000000
		outer loop
			vertex -0.6173000000 0.2580000000 0.0552000000
			vertex -0.5460000000 0.2580000000 0.0623000000
			vertex -0.5460000000 0.5144000000 0.0623000000
			vertex -0.6173000000 0.5144000000 0.0552000000
		endloop
	endfacet
	facet normal 0.0000000000 0.0000000000 0.0000000000
		outer loop
			vertex -0.6173000000 0.5144000000 0.0552000000
			vertex -0.5460000000 0.5144000000 0.0623000000
			vertex -0.5460000000 0.7676000000 0.0623000000
			vertex -0.6173000000 0.7676000000 0.0552000000
		endloop
	endfacet
	facet normal 0.0000000000 0.0000000000 0.0000000000
		outer loop
			vertex -0.6173000000 0.7676000000 0.0552000000
			vertex -0.5460000000 0.7676000000 0.0623000000
			vertex -0.5460000000 1.0160000000 0.0623000000
			vertex -0.6173000000 1.0160000000 0.0552000000
		endloop
	endfacet
	facet normal 0.0000000000 0.0000000000 0.0000000000
		outer loop
			vertex -0.6173000000 1.0160000000 0.0552000000
			vertex -0.5460000000 1.0160000000 0.0623000000
			vertex -0.5460000000 1.2583000000 0.0623000000
			vertex -0.6173000000 1.2583000000 0.0552000000
		endloop
	endfacet
	facet normal 0.0000000000 0.0000000000 0.0000000000
		outer loop
			vertex -0.6173000000 1.2583000000 0.0552000000
			vertex -0.5460000000 1.2583000000 0.0623000000
			vertex -0.5460000000 1.4927000000 0.0623000000
			vertex -0.6173000000 1.4927000000 0.0552000000
		endloop
	endfacet
	facet normal 0.0000000000 0.0000000000 0.0000000000
		outer loop
			vertex -0.6173000000 1.4927000000 0.0552000000
			vertex -0.5460000000 1.4927000000 0.0623000000
			vertex -0.5460000000 1.7180000000 0.0623000000
			vertex -0.6173000000 1.7180000000 0.0552000000
		endloop
	endfacet
	facet normal 0.0000000000 0.0000000000 0.0000000000
		outer loop
			vertex -0.6173000000 1.7180000000 0.0552000000
			vertex -0.5460000000 1.7180000000 0.0623000000
			vertex -0.5460000000 1.9326000000 0.0623000000
			vertex -0.6173000000 1.9326000000 0.0552000000
		endloop
	endfacet
	facet normal 0.0000000000 0.0000000000 0.0000000000
		outer loop
			vertex -0.6173000000 1.9326000000 0.0552000000
			vertex -0.5460000000 1.9326000000 0.0623000000
			vertex -0.5460000000 2.1354000000 0.0623000000
			vertex -0.6173000000 2.1354000000 0.0552000000
		endloop
	endfacet
	facet normal 0.0000000000 0.0000000000 0.0000000000
		outer loop
			vertex -0.6173000000 2.1354000000 0.0552000000
			vertex -0.5460000000 2.1354000000 0.0623000000
			vertex -0.5460000000 2.3250000000 0.0623000000
			vertex -0.6173000000 2.3250000000 0.0552000000
		endloop
	endfacet
	facet normal 0.0000000000 0.0000000000 0.0000000000
		outer loop
			vertex -0.6173000000 2.3250000000 0.0552000000
			vertex -0.5460000000 2.3250000000 0.0623000000
			vertex -0.5460000000 2.5002000000 0.0623000000
			vertex -0.6173000000 2.5002000000 0.0552000000
		endloop
	endfacet
	facet normal 0.0000000000 0.0000000000 0.0000000000
		outer loop
			vertex -0.6173000000 2.5002000000 0.0552000000
			vertex -0.5460000000 2.5002000000 0.0623000000
			vertex -0.5460000000 2.6600000000 0.0623000000
			vertex -0.6173000000 2.6600000000 0.0552000000
		endloop
	endfacet
	facet normal 0.0000000000 0.0000000000 0.0000000000
		outer loop
			vertex -0.6173000000 2.6600000000 0.0552000000
			vertex -0.5460000000 2.6600000000 0.0623000000
			vertex -0.5460000000 2.8035000000 0.0623000000
			vertex -0.6173000000 2.8035000000 0.0552000000
		endloop
	endfacet
	facet normal 0.0000000000 0.0000000000 0.0000000000
		outer loop
			vertex -0.6173000000 2.8035000000 0.0552000000
			vertex -0.5460000000 2.8035000000 0.0623000000
			vertex -0.5460000000 2.9296000000 0.0623000000
			vertex -0.6173000000 2.9296000000 0.0552000000
		endloop
	endfacet
	facet normal 0.0000000000 0.0000000000 0.0000000000
		outer loop
			vertex -0.6173000000 2.9296000000 0.0552000000
			vertex -0.5460000000 2.9296000000 0.0623000000
			vertex -0.5460000000 3.0377000000 0.0623000000
			vertex -0.6173000000 3.0377000000 0.0552000000
		endloop
	endfacet
	facet normal 0.0000000000 0.0000000000 0.0000000000
		outer loop
			vertex -0.6173000000 3.0377000000 0.0552000000
			vertex -0.5460000000 3.0377000000 0.0623000000
			vertex -0.5460000000 3.1271000000 0.0623000000
			vertex -0.6173000000 3.1271000000 0.0552000000
		endloop
	endfacet
	facet normal 0.0000000000 0.0000000000 0.0000000000
		outer loop
			vertex -0.6173000000 3.1271000000 0.0552000000
			vertex -0.5460000000 3.1271000000 0.0623000000
			vertex -0.5460000000 3.1972000000 0.0623000000
			vertex -0.6173000000 3.1972000000 0.0552000000
		endloop
	endfacet
	facet normal 0.0000000000 0.0000000000 0.0000000000
		outer loop
			vertex -0.6173000000 3.1972000000 0.0552000000
			vertex -0.5460000000 3.1972000000 0.0623000000
			vertex -0.5460000000 3.2475000000 0.0623000000
			vertex -0.6173000000 3.2475000000 0.0552000000
		endloop
	endfacet
	facet normal 0.0000000000 0.0000000000 0.0000000000
		outer loop
			vertex -0.6173000000 3.2475000000 0.0552000000
			vertex -0.5460000000 3.2475000000 0.0623000000
			vertex -0.5460000000 3.2779000000 0.0623000000
			vertex -0.6173000000 3.2779000000 0.0552000000
		endloop
	endfacet
	facet normal 0.0000000000 0.0000000000 0.0000000000
		outer loop
			vertex -0.6173000000 3.2779000000 0.0552000000
			vertex -0.5460000000 3.2779000000 0.0623000000
			vertex -0.5460000000 3.2880000000 0.0623000000
			vertex -0.6173000000 3.2880000000 0.0552000000
		endloop
	endfacet
	facet normal 0.0000000000 0.0000000000 0.0000000000
		outer loop
			vertex -0.6173000000 3.2880000000 0.0552000000
			vertex -0.5460000000 3.2880000000 0.0623000000
			vertex -0.5460000000 3.2880000000 0.0000000000
			vertex -0.6173000000 3.2880000000 0.0000000000
		endloop
	endfacet
	facet normal 0.0000000000 0.0000000000 0.0000000000
		outer loop
			vertex -0.5460000000 -3.2880000000 0.0000000000
			vertex -0.4775000000 -3.2880000000 0.0000000000
			vertex -0.4775000000 -3.2880000000 0.0679000000
			vertex -0.5460000000 -3.2880000000 0.0623000000
		endloop
	endfacet
	facet normal 0.0000000000 0.0000000000 0.0000000000
		outer loop
			vertex -0.5460000000 -3.2880000000 0.0623000000
			vertex -0.4775000000 -3.2880000000 0.0679000000
			vertex -0.4775000000 -3.2779000000 0.0679000000
			vertex -0.5460000000 -3.2779000000 0.0623000000
		endloop
	endfacet
	facet normal 0.0000000000 0.0000000000 0.0000000000
		outer loop
			vertex -0.5460000000 -3.2779000000 0.0623000000
			vertex -0.4775000000 -3.2779000000 0.0679000000
			vertex -0.4775000000 -3.2475000000 0.0679000000
			vertex -0.5460000000 -3.2475000000 0.0623000000
		endloop
	endfacet
	facet normal 0.0000000000 0.0000000000 0.0000000000
		outer loop
			vertex -0.5460000000 -3.2475000000 0.0623000000
			vertex -0.4775000000 -3.2475000000 0.0679000000
			vertex -0.4775000000 -3.1972000000 0.0679000000
			vertex -0.5460000000 -3.1972000000 0.0623000000
		endloop
	endfacet
	facet normal 0.0000000000 0.0000000000 0.0000000000
		outer loop
			vertex -0.5460000000 -3.1972000000 0.0623000000
			vertex -0.4775000000 -3.1972000000 0.0679000000
			vertex -0.4775000000 -3.1271000000 0.0679000000
			vertex -0.5460000000 -3.1271000000 0.0623000000
		endloop
	endfacet
	facet normal 0.0000000000 0.0000000000 0.0000000000
		outer loop
			vertex -0.5460000000 -3.1271000000 0.0623000000
			vertex -0.4775000000 -3.1271000000 0.0679000000
			vertex -0.4775000000 -3.0377000000 0.0679000000
			vertex -0.5460000000 -3.0377000000 0.0623000000
		endloop
	endfacet
	facet normal 0.0000000000 0.0000000000 0.0000000000
		outer loop
			vertex -0.5460000000 -3.0377000000 0.0623000000
			vertex -0.4775000000 -3.0377000000 0.0679000000
			vertex -0.4775000000 -2.9296000000 0.0679000000
			vertex -0.5460000000 -2.9296000000 0.0623000000
		endloop
	endfacet
	facet normal 0.0000000000 0.0000000000 0.0000000000
		outer loop
			vertex -0.5460000000 -2.9296000000 0.0623000000
			vertex -0.4775000000 -2.9296000000 0.0679000000
			vertex -0.4775000000 -2.8035000000 0.0679000000
			vertex -0.5460000000 -2.8035000000 0.0623000000
		endloop
	endfacet
	facet normal 0.0000000000 0.0000000000 0.0000000000
		outer loop
			vertex -0.5460000000 -2.8035000000 0.0623000000
			vertex -0.4775000000 -2.8035000000 0.0679000000
			vertex -0.4775000000 -2.6600000000 0.0679000000
			vertex -0.5460000000 -2.6600000000 0.0623000000
		endloop
	endfacet
	facet normal 0.0000000000 0.0000000000 0.0000000000
		outer loop
			vertex -0.5460000000 -2.6600000000 0.0623000000
			vertex -0.4775000000 -2.6600000000 0.0679000000
			vertex -0.4775000000 -2.5002000000 0.0679000000
			vertex -0.5460000000 -2.5002000000 0.0623000000
		endloop
	endfacet
	facet normal 0.0000000000 0.0000000000 0.0000000000
		outer loop
			vertex -0.5460000000 -2.5002000000 0.0623000000
			vertex -0.4775000000 -2.5002000000 0.0679000000
			vertex -0.4775000000 -2.3250000000 0.0679000000
			vertex -0.5460000000 -2.3250000000 0.0623000000
		endloop
	endfacet
	facet normal 0.0000000000 0.0000000000 0.0000000000
		outer loop
			vertex -0.5460000000 -2.3250000000 0.0623000000
			vertex -0.4775000000 -2.3250000000 0.0679000000
			vertex -0.4775000000 -2.1354000000 0.0679000000
			vertex -0.5460000000 -2.1354000000 0.0623000000
		endloop
	endfacet
	facet normal 0.0000000000 0.0000000000 0.0000000000
		outer loop
			vertex -0.5460000000 -2.1354000000 0.0623000000
			vertex -0.4775000000 -2.1354000000 0.0679000000
			vertex -0.4775000000 -1.9326000000 0.0679000000
			vertex -0.5460000000 -1.9326000000 0.0623000000
		endloop
	endfacet
	facet normal 0.0000000000 0.0000000000 0.0000000000
		outer loop
			vertex -0.5460000000 -1.9326000000 0.0623000000
			vertex -0.4775000000 -1.9326000000 0.0679000000
			vertex -0.4775000000 -1.7180000000 0.0679000000
			vertex -0.5460000000 -1.7180000000 0.0623000000
		endloop
	endfacet
	facet normal 0.0000000000 0.0000000000 0.0000000000
		outer loop
			vertex -0.5460000000 -1.7180000000 0.0623000000
			vertex -0.4775000000 -1.7180000000 0.0679000000
			vertex -0.4775000000 -1.4927000000 0.0679000000
			vertex -0.5460000000 -1.4927000000 0.0623000000
		endloop
	endfacet
	facet normal 0.0000000000 0.0000000000 0.0000000000
		outer loop
			vertex -0.5460000000 -1.4927000000 0.0623000000
			vertex -0.4775000000 -1.4927000000 0.0679000000
			vertex -0.4775000000 -1.2583000000 0.0679000000
			vertex -0.5460000000 -1.2583000000 0.0623000000
		endloop
	endfacet
	facet normal 0.0000000000 0.0000000000 0.0000000000
		outer loop
			vertex -0.5460000000 -1.2583000000 0.0623000000
			vertex -0.4775000000 -1.2583000000 0.0679000000
			vertex -0.4775000000 -1.0160000000 0.0679000000
			vertex -0.5460000000 -1.0160000000 0.0623000000
		endloop
	endfacet
	facet normal 0.0000000000 0.0000000000 0.0000000000
		outer loop
			vertex -0.5460000000 -1.0160000000 0.0623000000
			vertex -0.4775000000 -1.0160000000 0.0679000000
			vertex -0.4775000000 -0.7676000000 0.0679000000
			vertex -0.5460000000 -0.7676000000 0.0623000000
		endloop
	endfacet
	facet normal 0.0000000000 0.0000000000 0.0000000000
		outer loop
			vertex -0.5460000000 -0.7676000000 0.0623000000
			vertex -0.4775000000 -0.7676000000 0.0679000000
			vertex -0.4775000000 -0.5144000000 0.0679000000
			vertex -0.5460000000 -0.5144000000 0.0623000000
		endloop
	endfacet
	facet normal 0.0000000000 0.0000000000 0.0000000000
		outer loop
			vertex -0.5460000000 -0.5144000000 0.0623000000
			vertex -0.4775000000 -0.5144000000 0.0679000000
			vertex -0.4775000000 -0.2580000000 0.0679000000
			vertex -0.5460000000 -0.2580000000 0.0623000000
		endloop
	endfacet
	facet normal 0.0000000000 0.0000000000 0.0000000000
		outer loop
			vertex -0.5460000000 -0.2580000000 0.0623000000
			vertex -0.4775000000 -0.2580000000 0.0679000000
			vertex -0.4775000000 0.0000000000 0.0679000000
			vertex -0.5460000000 0.0000000000 0.0623000000
		endloop
	endfacet
	facet normal 0.0000000000 0.0000000000 0.0000000000
		outer loop
			vertex -0.5460000000 0.0000000000 0.0623000000
			vertex -0.4775000000 0.0000000000 0.0679000000
			vertex -0.4775000000 0.2580000000 0.0679000000
			vertex -0.5460000000 0.2580000000 0.0623000000
		endloop
	endfacet
	facet normal 0.0000000000 0.0000000000 0.0000000000
		outer loop
			vertex -0.5460000000 0.2580000000 0.0623000000
			vertex -0.4775000000 0.2580000000 0.0679000000
			vertex -0.4775000000 0.5144000000 0.0679000000
			vertex -0.5460000000 0.5144000000 0.0623000000
		endloop
	endfacet
	facet normal 0.0000000000 0.0000000000 0.0000000000
		outer loop
			vertex -0.5460000000 0.5144000000 0.0623000000
			vertex -0.4775000000 0.5144000000 0.0679000000
			vertex -0.4775000000 0.7676000000 0.0679000000
			vertex -0.5460000000 0.7676000000 0.0623000000
		endloop
	endfacet
	facet normal 0.0000000000 0.0000000000 0.0000000000
		outer loop
			vertex -0.5460000000 0.7676000000 0.0623000000
			vertex -0.4775000000 0.7676000000 0.0679000000
			vertex -0.4775000000 1.0160000000 0.0679000000
			vertex -0.5460000000 1.0160000000 0.0623000000
		endloop
	endfacet
	facet normal 0.0000000000 0.0000000000 0.0000000000
		outer loop
			vertex -0.5460000000 1.0160000000 0.0623000000
			vertex -0.4775000000 1.0160000000 0.0679000000
			vertex -0.4775000000 1.2583000000 0.0679000000
			vertex -0.5460000000 1.2583000000 0.0623000000
		endloop
	endfacet
	facet normal 0.0000000000 0.0000000000 0.0000000000
		outer loop
			vertex -0.5460000000 1.2583000000 0.0623000000
			vertex -0.4775000000 1.2583000000 0.0679000000
			vertex -0.4775000000 1.4927000000 0.0679000000
			vertex -0.5460000000 1.4927000000 0.0623000000
		endloop
	endfacet
	facet normal 0.0000000000 0.0000000000 0.0000000000
		outer loop
			vertex -0.5460000000 1.4927000000 0.0623000000
			vertex -0.4775000000 1.4927000000 0.0679000000
			vertex -0.4775000000 1.7180000000 0.0679000000
			vertex -0.5460000000 1.7180000000 0.0623000000
		endloop
	endfacet
	facet normal 0.0000000000 0.0000000000 0.0000000000
		outer loop
			vertex -0.5460000000 1.7180000000 0.0623000000
			vertex -0.4775000000 1.7180000000 0.0679000000
			vertex -0.4775000000 1.9326000000 0.0679000000
			vertex -0.5460000000 1.9326000000 0.0623000000
		endloop
	endfacet
	facet normal 0.0000000000 0.0000000000 0.0000000000
		outer loop
			vertex -0.5460000000 1.9326000000 0.0623000000
			vertex -0.4775000000 1.9326000000 0.0679000000
			vertex -0.4775000000 2.1354000000 0.0679000000
			vertex -0.5460000000 2.1354000000 0.0623000000
		endloop
	endfacet
	facet normal 0.0000000000 0.0000000000 0.0000000000
		outer loop
			vertex -0.5460000000 2.1354000000 0.0623000000
			vertex -0.4775000000 2.1354000000 0.0679000000
			vertex -0.4775000000 2.3250000000 0.0679000000
			vertex -0.5460000000 2.3250000000 0.0623000000
		endloop
	endfacet
	facet normal 0.0000000000 0.0000000000 0.0000000000
		outer loop
			vertex -0.5460000000 2.3250000000 0.0623000000
			vertex -0.4775000000 2.3250000000 0.0679000000
			vertex -0.4775000000 2.5002000000 0.0679000000
			vertex -0.5460000000 2.5002000000 0.0623000000
		endloop
	endfacet
	facet normal 0.0000000000 0.0000000000 0.0000000000
		outer loop
			vertex -0.5460000000 2.5002000000 0.0623000000
			vertex -0.4775000000 2.5002000000 0.0679000000
			vertex -0.4775000000 2.6600000000 0.0679000000
			vertex -0.5460000000 2.6600000000 0.0623000000
		endloop
	endfacet
	facet normal 0.0000000000 0.0000000000 0.0000000000
		outer loop
			vertex -0.5460000000 2.6600000000 0.0623000000
			vertex -0.4775000000 2.6600000000 0.0679000000
			vertex -0.4775000000 2.8035000000 0.0679000000
			vertex -0.5460000000 2.8035000000 0.0623000000
		endloop
	endfacet
	facet normal 0.0000000000 0.0000000000 0.0000000000
		outer loop
			vertex -0.5460000000 2.8035000000 0.0623000000
			vertex -0.4775000000 2.8035000000 0.0679000000
			vertex -0.4775000000 2.9296000000 0.0679000000
			vertex -0.5460000000 2.9296000000 0.0623000000
		endloop
	endfacet
	facet normal 0.0000000000 0.0000000000 0.0000000000
		outer loop
			vertex -0.5460000000 2.9296000000 0.0623000000
			vertex -0.4775000000 2.9296000000 0.0679000000
			vertex -0.4775000000 3.0377000000 0.0679000000
			vertex -0.5460000000 3.0377000000 0.0623000000
		endloop
	endfacet
	facet normal 0.0000000000 0.0000000000 0.0000000000
		outer loop
			vertex -0.5460000000 3.0377000000 0.0623000000
			vertex -0.4775000000 3.0377000000 0.0679000000
			vertex -0.4775000000 3.1271000000 0.0679000000
			vertex -0.5460000000 3.1271000000 0.0623000000
		endloop
	endfacet
	facet normal 0.0000000000 0.0000000000 0.0000000000
		outer loop
			vertex -0.5460000000 3.1271000000 0.0623000000
			vertex -0.4775000000 3.1271000000 0.0679000000
			vertex -0.4775000000 3.1972000000 0.0679000000
			vertex -0.5460000000 3.1972000000 0.0623000000
		endloop
	endfacet
	facet normal 0.0000000000 0.0000000000 0.0000000000
		outer loop
			vertex -0.5460000000 3.1972000000 0.0623000000
			vertex -0.4775000000 3.1972000000 0.0679000000
			vertex -0.4775000000 3.2475000000 0.0679000000
			vertex -0.5460000000 3.2475000000 0.0623000000
		endloop
	endfacet
	facet normal 0.0000000000 0.0000000000 0.0000000000
		outer loop
			vertex -0.5460000000 3.2475000000 0.0623000000
			vertex -0.4775000000 3.2475000000 0.0679000000
			vertex -0.4775000000 3.2779000000 0.0679000000
			vertex -0.5460000000 3.2779000000 0.0623000000
		endloop
	endfacet
	facet normal 0.0000000000 0.0000000000 0.0000000000
		outer loop
			vertex -0.5460000000 3.2779000000 0.0623000000
			vertex -0.4775000000 3.2779000000 0.0679000000
			vertex -0.4775000000 3.2880000000 0.0679000000
			vertex -0.5460000000 3.2880000000 0.0623000000
		endloop
	endfacet
	facet normal 0.0000000000 0.0000000000 0.0000000000
		outer loop
			vertex -0.5460000000 3.2880000000 0.0623000000
			vertex -0.4775000000 3.2880000000 0.0679000000
			vertex -0.4775000000 3.2880000000 0.0000000000
			vertex -0.5460000000 3.2880000000 0.0000000000
		endloop
	endfacet
	facet normal 0.0000000000 0.0000000000 0.0000000000
		outer loop
			vertex -0.4775000000 -3.2880000000 0.0000000000
			vertex -0.4122000000 -3.2880000000 0.0000000000
			vertex -0.4122000000 -3.2880000000 0.0719000000
			vertex -0.4775000000 -3.2880000000 0.0679000000
		endloop
	endfacet
	facet normal 0.0000000000 0.0000000000 0.0000000000
		outer loop
			vertex -0.4775000000 -3.2880000000 0.0679000000
			vertex -0.4122000000 -3.2880000000 0.0719000000
			vertex -0.4122000000 -3.2779000000 0.0719000000
			vertex -0.4775000000 -3.2779000000 0.0679000000
		endloop
	endfacet
	facet normal 0.0000000000 0.0000000000 0.0000000000
		outer loop
			vertex -0.4775000000 -3.2779000000 0.0679000000
			vertex -0.4122000000 -3.2779000000 0.0719000000
			vertex -0.4122000000 -3.2475000000 0.0719000000
			vertex -0.4775000000 -3.2475000000 0.0679000000
		endloop
	endfacet
	facet normal 0.0000000000 0.0000000000 0.0000000000
		outer loop
			vertex -0.4775000000 -3.2475000000 0.0679000000
			vertex -0.4122000000 -3.2475000000 0.0719000000
			vertex -0.4122000000 -3.1972000000 0.0719000000
			vertex -0.4775000000 -3.1972000000 0.0679000000
		endloop
	endfacet
	facet normal 0.0000000000 0.0000000000 0.0000000000
		outer loop
			vertex -0.4775000000 -3.1972000000 0.0679000000
			vertex -0.4122000000 -3.1972000000 0.0719000000
			vertex -0.4122000000 -3.1271000000 0.0719000000
			vertex -0.4775000000 -3.1271000000 0.0679000000
		endloop
	endfacet
	facet normal 0.0000000000 0.0000000000 0.0000000000
		outer loop
			vertex -0.4775000000 -3.1271000000 0.0679000000
			vertex -0.4122000000 -3.1271000000 0.0719000000
			vertex -0.4122000000 -3.0377000000 0.0719000000
			vertex -0.4775000000 -3.0377000000 0.0679000000
		endloop
	endfacet
	facet normal 0.0000000000 0.0000000000 0.0000000000
		outer loop
			vertex -0.4775000000 -3.0377000000 0.0679000000
			vertex -0.4122000000 -3.0377000000 0.0719000000
			vertex -0.4122000000 -2.9296000000 0.0719000000
			vertex -0.4775000000 -2.9296000000 0.0679000000
		endloop
	endfacet
	facet normal 0.0000000000 0.0000000000 0.0000000000
		outer loop
			vertex -0.4775000000 -2.9296000000 0.0679000000
			vertex -0.4122000000 -2.9296000000 0.0719000000
			vertex -0.4122000000 -2.8035000000 0.0719000000
			vertex -0.4775000000 -2.8035000000 0.0679000000
		endloop
	endfacet
	facet normal 0.0000000000 0.0000000000 0.0000000000
		outer loop
			vertex -0.4775000000 -2.8035000000 0.0679000000
			vertex -0.4122000000 -2.8035000000 0.0719000000
			vertex -0.4122000000 -2.6600000000 0.0719000000
			vertex -0.4775000000 -2.6600000000 0.0679000000
		endloop
	endfacet
	facet normal 0.0000000000 0.0000000000 0.0000000000
		outer loop
			vertex -0.4775000000 -2.6600000000 0.0679000000
			vertex -0.4122000000 -2.6600000000 0.0719000000
			vertex -0.4122000000 -2.5002000000 0.0719000000
			vertex -0.4775000000 -2.5002000000 0.0679000000
		endloop
	endfacet
	facet normal 0.0000000000 0.0000000000 0.0000000000
		outer loop
			vertex -0.4775000000 -2.5002000000 0.0679000000
			vertex -0.4122000000 -2.5002000000 0.0719000000
			vertex -0.4122000000 -2.3250000000 0.0719000000
			vertex -0.4775000000 -2.3250000000 0.0679000000
		endloop
	endfacet
	facet normal 0.0000000000 0.0000000000 0.0000000000
		outer loop
			vertex -0.4775000000 -2.3250000000 0.0679000000
			vertex -0.4122000000 -2.3250000000 0.0719000000
			vertex -0.4122000000 -2.1354000000 0.0719000000
			vertex -0.4775000000 -2.1354000000 0.0679000000
		endloop
	endfacet
	facet normal 0.0000000000 0.0000000000 0.0000000000
		outer loop
			vertex -0.4775000000 -2.1354000000 0.0679000000
			vertex -0.4122000000 -2.1354000000 0.0719000000
			vertex -0.4122000000 -1.9326000000 0.0719000000
			vertex -0.4775000000 -1.9326000000 0.0679000000
		endloop
	endfacet
	facet normal 0.0000000000 0.0000000000 0.0000000000
		outer loop
			vertex -0.4775000000 -1.9326000000 0.0679000000
			vertex -0.4122000000 -1.9326000000 0.0719000000
			vertex -0.4122000000 -1.7180000000 0.0719000000
			vertex -0.4775000000 -1.7180000000 0.0679000000
		endloop
	endfacet
	facet normal 0.0000000000 0.0000000000 0.0000000000
		outer loop
			vertex -0.4775000000 -1.7180000000 0.0679000000
			vertex -0.4122000000 -1.7180000000 0.0719000000
			vertex -0.4122000000 -1.4927000000 0.0719000000
			vertex -0.4775000000 -1.4927000000 0.0679000000
		endloop
	endfacet
	facet normal 0.0000000000 0.0000000000 0.0000000000
		outer loop
			vertex -0.4775000000 -1.4927000000 0.0679000000
			vertex -0.4122000000 -1.4927000000 0.0719000000
			vertex -0.4122000000 -1.2583000000 0.0719000000
			vertex -0.4775000000 -1.2583000000 0.0679000000
		endloop
	endfacet
	facet normal 0.0000000000 0.0000000000 0.0000000000
		outer loop
			vertex -0.4775000000 -1.2583000000 0.0679000000
			vertex -0.4122000000 -1.2583000000 0.0719000000
			vertex -0.4122000000 -1.0160000000 0.0719000000
			vertex -0.4775000000 -1.0160000000 0.0679000000
		endloop
	endfacet
	facet normal 0.0000000000 0.0000000000 0.0000000000
		outer loop
			vertex -0.4775000000 -1.0160000000 0.0679000000
			vertex -0.4122000000 -1.0160000000 0.0719000000
			vertex -0.4122000000 -0.7676000000 0.0719000000
			vertex -0.4775000000 -0.7676000000 0.0679000000
		endloop
	endfacet
	facet normal 0.0000000000 0.0000000000 0.0000000000
		outer loop
			vertex -0.4775000000 -0.7676000000 0.0679000000
			vertex -0.4122000000 -0.7676000000 0.0719000000
			vertex -0.4122000000 -0.5144000000 0.0719000000
			vertex -0.4775000000 -0.5144000000 0.0679000000
		endloop
	endfacet
	facet normal 0.0000000000 0.0000000000 0.0000000000
		outer loop
			vertex -0.4775000000 -0.5144000000 0.0679000000
			vertex -0.4122000000 -0.5144000000 0.0719000000
			vertex -0.4122000000 -0.2580000000 0.0719000000
			vertex -0.4775000000 -0.2580000000 0.0679000000
		endloop
	endfacet
	facet normal 0.0000000000 0.0000000000 0.0000000000
		outer loop
			vertex -0.4775000000 -0.2580000000 0.0679000000
			vertex -0.4122000000 -0.2580000000 0.0719000000
			vertex -0.4122000000 0.0000000000 0.0719000000
			vertex -0.4775000000 0.0000000000 0.0679000000
		endloop
	endfacet
	facet normal 0.0000000000 0.0000000000 0.0000000000
		outer loop
			vertex -0.4775000000 0.0000000000 0.0679000000
			vertex -0.4122000000 0.0000000000 0.0719000000
			vertex -0.4122000000 0.2580000000 0.0719000000
			vertex -0.4775000000 0.2580000000 0.0679000000
		endloop
	endfacet
	facet normal 0.0000000000 0.0000000000 0.0000000000
		outer loop
			vertex -0.4775000000 0.2580000000 0.0679000000
			vertex -0.4122000000 0.2580000000 0.0719000000
			vertex -0.4122000000 0.5144000000 0.0719000000
			vertex -0.4775000000 0.5144000000 0.0679000000
		endloop
	endfacet
	facet normal 0.0000000000 0.0000000000 0.0000000000
		outer loop
			vertex -0.4775000000 0.5144000000 0.0679000000
			vertex -0.4122000000 0.5144000000 0.0719000000
			vertex -0.4122000000 0.7676000000 0.0719000000
			vertex -0.4775000000 0.7676000000 0.0679000000
		endloop
	endfacet
	facet normal 0.0000000000 0.0000000000 0.0000000000
		outer loop
			vertex -0.4775000000 0.7676000000 0.0679000000
			vertex -0.4122000000 0.7676000000 0.0719000000
			vertex -0.4122000000 1.0160000000 0.0719000000
			vertex -0.4775000000 1.0160000000 0.0679000000
		endloop
	endfacet
	facet normal 0.0000000000 0.0000000000 0.0000000000
		outer loop
			vertex -0.4775000000 1.0160000000 0.0679000000
			vertex -0.4122000000 1.0160000000 0.0719000000
			vertex -0.4122000000 1.2583000000 0.0719000000
			vertex -0.4775000000 1.2583000000 0.0679000000
		endloop
	endfacet
	facet normal 0.0000000000 0.0000000000 0.0000000000
		outer loop
			vertex -0.4775000000 1.2583000000 0.0679000000
			vertex -0.4122000000 1.2583000000 0.0719000000
			vertex -0.4122000000 1.4927000000 0.0719000000
			vertex -0.4775000000 1.4927000000 0.0679000000
		endloop
	endfacet
	facet normal 0.0000000000 0.0000000000 0.0000000000
		outer loop
			vertex -0.4775000000 1.4927000000 0.0679000000
			vertex -0.4122000000 1.4927000000 0.0719000000
			vertex -0.4122000000 1.7180000000 0.0719000000
			vertex -0.4775000000 1.7180000000 0.0679000000
		endloop
	endfacet
	facet normal 0.0000000000 0.0000000000 0.0000000000
		outer loop
			vertex -0.4775000000 1.7180000000 0.0679000000
			vertex -0.4122000000 1.7180000000 0.0719000000
			vertex -0.4122000000 1.9326000000 0.0719000000
			vertex -0.4775000000 1.9326000000 0.0679000000
		endloop
	endfacet
	facet normal 0.0000000000 0.0000000000 0.0000000000
		outer loop
			vertex -0.4775000000 1.9326000000 0.0679000000
			vertex -0.4122000000 1.9326000000 0.0719000000
			vertex -0.4122000000 2.1354000000 0.0719000000
			vertex -0.4775000000 2.1354000000 0.0679000000
		endloop
	endfacet
	facet normal 0.0000000000 0.0000000000 0.0000000000
		outer loop
			vertex -0.4775000000 2.1354000000 0.0679000000
			vertex -0.4122000000 2.1354000000 0.0719000000
			vertex -0.4122000000 2.3250000000 0.0719000000
			vertex -0.4775000000 2.3250000000 0.0679000000
		endloop
	endfacet
	facet normal 0.0000000000 0.0000000000 0.0000000000
		outer loop
			vertex -0.4775000000 2.3250000000 0.0679000000
			vertex -0.4122000000 2.3250000000 0.0719000000
			vertex -0.4122000000 2.5002000000 0.0719000000
			vertex -0.4775000000 2.5002000000 0.0679000000
		endloop
	endfacet
	facet normal 0.0000000000 0.0000000000 0.0000000000
		outer loop
			vertex -0.4775000000 2.5002000000 0.0679000000
			vertex -0.4122000000 2.5002000000 0.0719000000
			vertex -0.4122000000 2.6600000000 0.0719000000
			vertex -0.4775000000 2.6600000000 0.0679000000
		endloop
	endfacet
	facet normal 0.0000000000 0.0000000000 0.0000000000
		outer loop
			vertex -0.4775000000 2.6600000000 0.0679000000
			vertex -0.4122000000 2.6600000000 0.0719000000
			vertex -0.4122000000 2.8035000000 0.0719000000
			vertex -0.4775000000 2.8035000000 0.0679000000
		endloop
	endfacet
	facet normal 0.0000000000 0.0000000000 0.0000000000
		outer loop
			vertex -0.4775000000 2.8035000000 0.0679000000
			vertex -0.4122000000 2.8035000000 0.0719000000
			vertex -0.4122000000 2.9296000000 0.0719000000
			vertex -0.4775000000 2.9296000000 0.0679000000
		endloop
	endfacet
	facet normal 0.0000000000 0.0000000000 0.0000000000
		outer loop
			vertex -0.4775000000 2.9296000000 0.0679000000
			vertex -0.4122000000 2.9296000000 0.0719000000
			vertex -0.4122000000 3.0377000000 0.0719000000
			vertex -0.4775000000 3.0377000000 0.0679000000
		endloop
	endfacet
	facet normal 0.0000000000 0.0000000000 0.0000000000
		outer loop
			vertex -0.4775000000 3.0377000000 0.0679000000
			vertex -0.4122000000 3.0377000000 0.0719000000
			vertex -0.4122000000 3.1271000000 0.0719000000
			vertex -0.4775000000 3.1271000000 0.0679000000
		endloop
	endfacet
	facet normal 0.0000000000 0.0000000000 0.0000000000
		outer loop
			vertex -0.4775000000 3.1271000000 0.0679000000
			vertex -0.4122000000 3.1271000000 0.0719000000
			vertex -0.4122000000 3.1972000000 0.0719000000
			vertex -0.4775000000 3.1972000000 0.0679000000
		endloop
	endfacet
	facet normal 0.0000000000 0.0000000000 0.0000000000
		outer loop
			vertex -0.4775000000 3.1972000000 0.0679000000
			vertex -0.4122000000 3.1972000000 0.0719000000
			vertex -0.4122000000 3.2475000000 0.0719000000
			vertex -0.4775000000 3.2475000000 0.0679000000
		endloop
	endfacet
	facet normal 0.0000000000 0.0000000000 0.0000000000
		outer loop
			vertex -0.4775000000 3.2475000000 0.0679000000
			vertex -0.4122000000 3.2475000000 0.0719000000
			vertex -0.4122000000 3.2779000000 0.0719000000
			vertex -0.4775000000 3.2779000000 0.0679000000
		endloop
	endfacet
	facet normal 0.0000000000 0.0000000000 0.0000000000
		outer loop
			vertex -0.4775000000 3.2779000000 0.0679000000
			vertex -0.4122000000 3.2779000000 0.0719000000
			vertex -0.4122000000 3.2880000000 0.0719000000
			vertex -0.4775000000 3.2880000000 0.0679000000
		endloop
	endfacet
	facet normal 0.0000000000 0.0000000000 0.0000000000
		outer loop
			vertex -0.4775000000 3.2880000000 0.0679000000
			vertex -0.4122000000 3.2880000000 0.0719000000
			vertex -0.4122000000 3.2880000000 0.0000000000
			vertex -0.4775000000 3.2880000000 0.0000000000
		endloop
	endfacet
	facet normal 0.0000000000 0.0000000000 0.0000000000
		outer loop
			vertex -0.4122000000 -3.2880000000 0.0000000000
			vertex -0.3506000000 -3.2880000000 0.0000000000
			vertex -0.3506000000 -3.2880000000 0.0743000000
			vertex -0.4122000000 -3.2880000000 0.0719000000
		endloop
	endfacet
	facet normal 0.0000000000 0.0000000000 0.0000000000
		outer loop
			vertex -0.4122000000 -3.2880000000 0.0719000000
			vertex -0.3506000000 -3.2880000000 0.0743000000
			vertex -0.3506000000 -3.2779000000 0.0743000000
			vertex -0.4122000000 -3.2779000000 0.0719000000
		endloop
	endfacet
	facet normal 0.0000000000 0.0000000000 0.0000000000
		outer loop
			vertex -0.4122000000 -3.2779000000 0.0719000000
			vertex -0.3506000000 -3.2779000000 0.0743000000
			vertex -0.3506000000 -3.2475000000 0.0743000000
			vertex -0.4122000000 -3.2475000000 0.0719000000
		endloop
	endfacet
	facet normal 0.0000000000 0.0000000000 0.0000000000
		outer loop
			vertex -0.4122000000 -3.2475000000 0.0719000000
			vertex -0.3506000000 -3.2475000000 0.0743000000
			vertex -0.3506000000 -3.1972000000 0.0743000000
			vertex -0.4122000000 -3.1972000000 0.0719000000
		endloop
	endfacet
	facet normal 0.0000000000 0.0000000000 0.0000000000
		outer loop
			vertex -0.4122000000 -3.1972000000 0.0719000000
			vertex -0.3506000000 -3.1972000000 0.0743000000
			vertex -0.3506000000 -3.1271000000 0.0743000000
			vertex -0.4122000000 -3.1271000000 0.0719000000
		endloop
	endfacet
	facet normal 0.0000000000 0.0000000000 0.0000000000
		outer loop
			vertex -0.4122000000 -3.1271000000 0.0719000000
			vertex -0.3506000000 -3.1271000000 0.0743000000
			vertex -0.3506000000 -3.0377000000 0.0743000000
			vertex -0.4122000000 -3.0377000000 0.0719000000
		endloop
	endfacet
	facet normal 0.0000000000 0.0000000000 0.0000000000
		outer loop
			vertex -0.4122000000 -3.0377000000 0.0719000000
			vertex -0.3506000000 -3.0377000000 0.0743000000
			vertex -0.3506000000 -2.9296000000 0.0743000000
			vertex -0.4122000000 -2.9296000000 0.0719000000
		endloop
	endfacet
	facet normal 0.0000000000 0.0000000000 0.0000000000
		outer loop
			vertex -0.4122000000 -2.9296000000 0.0719000000
			vertex -0.3506000000 -2.9296000000 0.0743000000
			vertex -0.3506000000 -2.8035000000 0.0743000000
			vertex -0.4122000000 -2.8035000000 0.0719000000
		endloop
	endfacet
	facet normal 0.0000000000 0.0000000000 0.0000000000
		outer loop
			vertex -0.4122000000 -2.8035000000 0.0719000000
			vertex -0.3506000000 -2.8035000000 0.0743000000
			vertex -0.3506000000 -2.6600000000 0.0743000000
			vertex -0.4122000000 -2.6600000000 0.0719000000
		endloop
	endfacet
	facet normal 0.0000000000 0.0000000000 0.0000000000
		outer loop
			vertex -0.4122000000 -2.6600000000 0.0719000000
			vertex -0.3506000000 -2.6600000000 0.0743000000
			vertex -0.3506000000 -2.5002000000 0.0743000000
			vertex -0.4122000000 -2.5002000000 0.0719000000
		endloop
	endfacet
	facet normal 0.0000000000 0.0000000000 0.0000000000
		outer loop
			vertex -0.4122000000 -2.5002000000 0.0719000000
			vertex -0.3506000000 -2.5002000000 0.0743000000
			vertex -0.3506000000 -2.3250000000 0.0743000000
			vertex -0.4122000000 -2.3250000000 0.0719000000
		endloop
	endfacet
	facet normal 0.0000000000 0.0000000000 0.0000000000
		outer loop
			vertex -0.4122000000 -2.3250000000 0.0719000000
			vertex -0.3506000000 -2.3250000000 0.0743000000
			vertex -0.3506000000 -2.1354000000 0.0743000000
			vertex -0.4122000000 -2.1354000000 0.0719000000
		endloop
	endfacet
	facet normal 0.0000000000 0.0000000000 0.0000000000
		outer loop
			vertex -0.4122000000 -2.1354000000 0.0719000000
			vertex -0.3506000000 -2.1354000000 0.0743000000
			vertex -0.3506000000 -1.9326000000 0.0743000000
			vertex -0.4122000000 -1.9326000000 0.0719000000
		endloop
	endfacet
	facet normal 0.0000000000 0.0000000000 0.0000000000
		outer loop
			vertex -0.4122000000 -1.9326000000 0.0719000000
			vertex -0.3506000000 -1.9326000000 0.0743000000
			vertex -0.3506000000 -1.7180000000 0.0743000000
			vertex -0.4122000000 -1.7180000000 0.0719000000
		endloop
	endfacet
	facet normal 0.0000000000 0.0000000000 0.0000000000
		outer loop
			vertex -0.4122000000 -1.7180000000 0.0719000000
			vertex -0.3506000000 -1.7180000000 0.0743000000
			vertex -0.3506000000 -1.4927000000 0.0743000000
			vertex -0.4122000000 -1.4927000000 0.0719000000
		endloop
	endfacet
	facet normal 0.0000000000 0.0000000000 0.0000000000
		outer loop
			vertex -0.4122000000 -1.4927000000 0.0719000000
			vertex -0.3506000000 -1.4927000000 0.0743000000
			vertex -0.3506000000 -1.2583000000 0.0743000000
			vertex -0.4122000000 -1.2583000000 0.0719000000
		endloop
	endfacet
	facet normal 0.0000000000 0.0000000000 0.0000000000
		outer loop
			vertex -0.4122000000 -1.2583000000 0.0719000000
			vertex -0.3506000000 -1.2583000000 0.0743000000
			vertex -0.3506000000 -1.0160000000 0.0743000000
			vertex -0.4122000000 -1.0160000000 0.0719000000
		endloop
	endfacet
	facet normal 0.0000000000 0.0000000000 0.0000000000
		outer loop
			vertex -0.4122000000 -1.0160000000 0.0719000000
			vertex -0.3506000000 -1.0160000000 0.0743000000
			vertex -0.3506000000 -0.7676000000 0.0743000000
			vertex -0.4122000000 -0.7676000000 0.0719000000
		endloop
	endfacet
	facet normal 0.0000000000 0.0000000000 0.0000000000
		outer loop
			vertex -0.4122000000 -0.7676000000 0.0719000000
			vertex -0.3506000000 -0.7676000000 0.0743000000
			vertex -0.3506000000 -0.5144000000 0.0743000000
			vertex -0.4122000000 -0.5144000000 0.0719000000
		endloop
	endfacet
	facet normal 0.0000000000 0.0000000000 0.0000000000
		outer loop
			vertex -0.4122000000 -0.5144000000 0.0719000000
			vertex -0.3506000000 -0.5144000000 0.0743000000
			vertex -0.3506000000 -0.2580000000 0.0743000000
			vertex -0.4122000000 -0.2580000000 0.0719000000
		endloop
	endfacet
	facet normal 0.0000000000 0.0000000000 0.0000000000
		outer loop
			vertex -0.4122000000 -0.2580000000 0.0719000000
			vertex -0.3506000000 -0.2580000000 0.0743000000
			vertex -0.3506000000 0.0000000000 0.0743000000
			vertex -0.4122000000 0.0000000000 0.0719000000
		endloop
	endfacet
	facet normal 0.0000000000 0.0000000000 0.0000000000
		outer loop
			vertex -0.4122000000 0.0000000000 0.0719000000
			vertex -0.3506000000 0.0000000000 0.0743000000
			vertex -0.3506000000 0.2580000000 0.0743000000
			vertex -0.4122000000 0.2580000000 0.0719000000
		endloop
	endfacet
	facet normal 0.0000000000 0.0000000000 0.0000000000
		outer loop
			vertex -0.4122000000 0.2580000000 0.0719000000
			vertex -0.3506000000 0.2580000000 0.0743000000
			vertex -0.3506000000 0.5144000000 0.0743000000
			vertex -0.4122000000 0.5144000000 0.0719000000
		endloop
	endfacet
	facet normal 0.0000000000 0.0000000000 0.0000000000
		outer loop
			vertex -0.4122000000 0.5144000000 0.0719000000
			vertex -0.3506000000 0.5144000000 0.0743000000
			vertex -0.3506000000 0.7676000000 0.0743000000
			vertex -0.4122000000 0.7676000000 0.0719000000
		endloop
	endfacet
	facet normal 0.0000000000 0.0000000000 0.0000000000
		outer loop
			vertex -0.4122000000 0.7676000000 0.0719000000
			vertex -0.3506000000 0.7676000000 0.0743000000
			vertex -0.3506000000 1.0160000000 0.0743000000
			vertex -0.4122000000 1.0160000000 0.0719000000
		endloop
	endfacet
	facet normal 0.0000000000 0.0000000000 0.0000000000
		outer loop
			vertex -0.4122000000 1.0160000000 0.0719000000
			vertex -0.3506000000 1.0160000000 0.0743000000
			vertex -0.3506000000 1.2583000000 0.0743000000
			vertex -0.4122000000 1.2583000000 0.0719000000
		endloop
	endfacet
	facet normal 0.0000000000 0.0000000000 0.0000000000
		outer loop
			vertex -0.4122000000 1.2583000000 0.0719000000
			vertex -0.3506000000 1.2583000000 0.0743000000
			vertex -0.3506000000 1.4927000000 0.0743000000
			vertex -0.4122000000 1.4927000000 0.0719000000
		endloop
	endfacet
	facet normal 0.0000000000 0.0000000000 0.0000000000
		outer loop
			vertex -0.4122000000 1.4927000000 0.0719000000
			vertex -0.3506000000 1.4927000000 0.0743000000
			vertex -0.3506000000 1.7180000000 0.0743000000
			vertex -0.4122000000 1.7180000000 0.0719000000
		endloop
	endfacet
	facet normal 0.0000000000 0.0000000000 0.0000000000
		outer loop
			vertex -0.4122000000 1.7180000000 0.0719000000
			vertex -0.3506000000 1.7180000000 0.0743000000
			vertex -0.3506000000 1.9326000000 0.0743000000
			vertex -0.4122000000 1.9326000000 0.0719000000
		endloop
	endfacet
	facet normal 0.0000000000 0.0000000000 0.0000000000
		outer loop
			vertex -0.4122000000 1.9326000000 0.0719000000
			vertex -0.3506000000 1.9326000000 0.0743000000
			vertex -0.3506000000 2.1354000000 0.0743000000
			vertex -0.4122000000 2.1354000000 0.0719000000
		endloop
	endfacet
	facet normal 0.0000000000 0.0000000000 0.0000000000
		outer loop
			vertex -0.4122000000 2.1354000000 0.0719000000
			vertex -0.3506000000 2.1354000000 0.0743000000
			vertex -0.3506000000 2.3250000000 0.0743000000
			vertex -0.4122000000 2.3250000000 0.0719000000
		endloop
	endfacet
	facet normal 0.0000000000 0.0000000000 0.0000000000
		outer loop
			vertex -0.4122000000 2.3250000000 0.0719000000
			vertex -0.3506000000 2.3250000000 0.0743000000
			vertex -0.3506000000 2.5002000000 0.0743000000
			vertex -0.4122000000 2.5002000000 0.0719000000
		endloop
	endfacet
	facet normal 0.0000000000 0.0000000000 0.0000000000
		outer loop
			vertex -0.4122000000 2.5002000000 0.0719000000
			vertex -0.3506000000 2.5002000000 0.0743000000
			vertex -0.3506000000 2.6600000000 0.0743000000
			vertex -0.4122000000 2.6600000000 0.0719000000
		endloop
	endfacet
	facet normal 0.0000000000 0.0000000000 0.0000000000
		outer loop
			vertex -0.4122000000 2.6600000000 0.0719000000
			vertex -0.3506000000 2.6600000000 0.0743000000
			vertex -0.3506000000 2.8035000000 0.0743000000
			vertex -0.4122000000 2.8035000000 0.0719000000
		endloop
	endfacet
	facet normal 0.0000000000 0.0000000000 0.0000000000
		outer loop
			vertex -0.4122000000 2.8035000000 0.0719000000
			vertex -0.3506000000 2.8035000000 0.0743000000
			vertex -0.3506000000 2.9296000000 0.0743000000
			vertex -0.4122000000 2.9296000000 0.0719000000
		endloop
	endfacet
	facet normal 0.0000000000 0.0000000000 0.0000000000
		outer loop
			vertex -0.4122000000 2.9296000000 0.0719000000
			vertex -0.3506000000 2.9296000000 0.0743000000
			vertex -0.3506000000 3.0377000000 0.0743000000
			vertex -0.4122000000 3.0377000000 0.0719000000
		endloop
	endfacet
	facet normal 0.0000000000 0.0000000000 0.0000000000
		outer loop
			vertex -0.4122000000 3.0377000000 0.0719000000
			vertex -0.3506000000 3.0377000000 0.0743000000
			vertex -0.3506000000 3.1271000000 0.0743000000
			vertex -0.4122000000 3.1271000000 0.0719000000
		endloop
	endfacet
	facet normal 0.0000000000 0.0000000000 0.0000000000
		outer loop
			vertex -0.4122000000 3.1271000000 0.0719000000
			vertex -0.3506000000 3.1271000000 0.0743000000
			vertex -0.3506000000 3.1972000000 0.0743000000
			vertex -0.4122000000 3.1972000000 0.0719000000
		endloop
	endfacet
	facet normal 0.0000000000 0.0000000000 0.0000000000
		outer loop
			vertex -0.4122000000 3.1972000000 0.0719000000
			vertex -0.3506000000 3.1972000000 0.0743000000
			vertex -0.3506000000 3.2475000000 0.0743000000
			vertex -0.4122000000 3.2475000000 0.0719000000
		endloop
	endfacet
	facet normal 0.0000000000 0.0000000000 0.0000000000
		outer loop
			vertex -0.4122000000 3.2475000000 0.0719000000
			vertex -0.3506000000 3.2475000000 0.0743000000
			vertex -0.3506000000 3.2779000000 0.0743000000
			vertex -0.4122000000 3.2779000000 0.0719000000
		endloop
	endfacet
	facet normal 0.0000000000 0.0000000000 0.0000000000
		outer loop
			vertex -0.4122000000 3.2779000000 0.0719000000
			vertex -0.3506000000 3.2779000000 0.0743000000
			vertex -0.3506000000 3.2880000000 0.0743000000
			vertex -0.4122000000 3.2880000000 0.0719000000
		endloop
	endfacet
	facet normal 0.0000000000 0.0000000000 0.0000000000
		outer loop
			vertex -0.4122000000 3.2880000000 0.0719000000
			vertex -0.3506000000 3.2880000000 0.0743000000
			vertex -0.3506000000 3.2880000000 0.0000000000
			vertex -0.4122000000 3.2880000000 0.0000000000
		endloop
	endfacet
	facet normal 0.0000000000 0.0000000000 0.0000000000
		outer loop
			vertex -0.3506000000 -3.2880000000 0.0000000000
			vertex -0.2929000000 -3.2880000000 0.0000000000
			vertex -0.2929000000 -3.2880000000 0.0750000000
			vertex -0.3506000000 -3.2880000000 0.0743000000
		endloop
	endfacet
	facet normal 0.0000000000 0.0000000000 0.0000000000
		outer loop
			vertex -0.3506000000 -3.2880000000 0.0743000000
			vertex -0.2929000000 -3.2880000000 0.0750000000
			vertex -0.2929000000 -3.2779000000 0.0750000000
			vertex -0.3506000000 -3.2779000000 0.0743000000
		endloop
	endfacet
	facet normal 0.0000000000 0.0000000000 0.0000000000
		outer loop
			vertex -0.3506000000 -3.2779000000 0.0743000000
			vertex -0.2929000000 -3.2779000000 0.0750000000
			vertex -0.2929000000 -3.2475000000 0.0750000000
			vertex -0.3506000000 -3.2475000000 0.0743000000
		endloop
	endfacet
	facet normal 0.0000000000 0.0000000000 0.0000000000
		outer loop
			vertex -0.3506000000 -3.2475000000 0.0743000000
			vertex -0.2929000000 -3.2475000000 0.0750000000
			vertex -0.2929000000 -3.1972000000 0.0750000000
			vertex -0.3506000000 -3.1972000000 0.0743000000
		endloop
	endfacet
	facet normal 0.0000000000 0.0000000000 0.0000000000
		outer loop
			vertex -0.3506000000 -3.1972000000 0.0743000000
			vertex -0.2929000000 -3.1972000000 0.0750000000
			vertex -0.2929000000 -3.1271000000 0.0750000000
			vertex -0.3506000000 -3.1271000000 0.0743000000
		endloop
	endfacet
	facet normal 0.0000000000 0.0000000000 0.0000000000
		outer loop
			vertex -0.3506000000 -3.1271000000 0.0743000000
			vertex -0.2929000000 -3.1271000000 0.0750000000
			vertex -0.2929000000 -3.0377000000 0.0750000000
			vertex -0.3506000000 -3.0377000000 0.0743000000
		endloop
	endfacet
	facet normal 0.0000000000 0.0000000000 0.0000000000
		outer loop
			vertex -0.3506000000 -3.0377000000 0.0743000000
			vertex -0.2929000000 -3.0377000000 0.0750000000
			vertex -0.2929000000 -2.9296000000 0.0750000000
			vertex -0.3506000000 -2.9296000000 0.0743000000
		endloop
	endfacet
	facet normal 0.0000000000 0.0000000000 0.0000000000
		outer loop
			vertex -0.3506000000 -2.9296000000 0.0743000000
			vertex -0.2929000000 -2.9296000000 0.0750000000
			vertex -0.2929000000 -2.8035000000 0.0750000000
			vertex -0.3506000000 -2.8035000000 0.0743000000
		endloop
	endfacet
	facet normal 0.0000000000 0.0000000000 0.0000000000
		outer loop
			vertex -0.3506000000 -2.8035000000 0.0743000000
			vertex -0.2929000000 -2.8035000000 0.0750000000
			vertex -0.2929000000 -2.6600000000 0.0750000000
			vertex -0.3506000000 -2.6600000000 0.0743000000
		endloop
	endfacet
	facet normal 0.0000000000 0.0000000000 0.0000000000
		outer loop
			vertex -0.3506000000 -2.6600000000 0.0743000000
			vertex -0.2929000000 -2.6600000000 0.0750000000
			vertex -0.2929000000 -2.5002000000 0.0750000000
			vertex -0.3506000000 -2.5002000000 0.0743000000
		endloop
	endfacet
	facet normal 0.0000000000 0.0000000000 0.0000000000
		outer loop
			vertex -0.3506000000 -2.5002000000 0.0743000000
			vertex -0.2929000000 -2.5002000000 0.0750000000
			vertex -0.2929000000 -2.3250000000 0.0750000000
			vertex -0.3506000000 -2.3250000000 0.0743000000
		endloop
	endfacet
	facet normal 0.0000000000 0.0000000000 0.0000000000
		outer loop
			vertex -0.3506000000 -2.3250000000 0.0743000000
			vertex -0.2929000000 -2.3250000000 0.0750000000
			vertex -0.2929000000 -2.1354000000 0.0750000000
			vertex -0.3506000000 -2.1354000000 0.0743000000
		endloop
	endfacet
	facet normal 0.0000000000 0.0000000000 0.0000000000
		outer loop
			vertex -0.3506000000 -2.1354000000 0.0743000000
			vertex -0.2929000000 -2.1354000000 0.0750000000
			vertex -0.2929000000 -1.9326000000 0.0750000000
			vertex -0.3506000000 -1.9326000000 0.0743000000
		endloop
	endfacet
	facet normal 0.0000000000 0.0000000000 0.0000000000
		outer loop
			vertex -0.3506000000 -1.9326000000 0.0743000000
			vertex -0.2929000000 -1.9326000000 0.0750000000
			vertex -0.2929000000 -1.7180000000 0.0750000000
			vertex -0.3506000000 -1.7180000000 0.0743000000
		endloop
	endfacet
	facet normal 0.0000000000 0.0000000000 0.0000000000
		outer loop
			vertex -0.3506000000 -1.7180000000 0.0743000000
			vertex -0.2929000000 -1.7180000000 0.0750000000
			vertex -0.2929000000 -1.4927000000 0.0750000000
			vertex -0.3506000000 -1.4927000000 0.0743000000
		endloop
	endfacet
	facet normal 0.0000000000 0.0000000000 0.0000000000
		outer loop
			vertex -0.3506000000 -1.4927000000 0.0743000000
			vertex -0.2929000000 -1.4927000000 0.0750000000
			vertex -0.2929000000 -1.2583000000 0.0750000000
			vertex -0.3506000000 -1.2583000000 0.0743000000
		endloop
	endfacet
	facet normal 0.0000000000 0.0000000000 0.0000000000
		outer loop
			vertex -0.3506000000 -1.2583000000 0.0743000000
			vertex -0.2929000000 -1.2583000000 0.0750000000
			vertex -0.2929000000 -1.0160000000 0.0750000000
			vertex -0.3506000000 -1.0160000000 0.0743000000
		endloop
	endfacet
	facet normal 0.0000000000 0.0000000000 0.0000000000
		outer loop
			vertex -0.3506000000 -1.0160000000 0.0743000000
			vertex -0.2929000000 -1.0160000000 0.0750000000
			vertex -0.2929000000 -0.7676000000 0.0750000000
			vertex -0.3506000000 -0.7676000000 0.0743000000
		endloop
	endfacet
	facet normal 0.0000000000 0.0000000000 0.0000000000
		outer loop
			vertex -0.3506000000 -0.7676000000 0.0743000000
			vertex -0.2929000000 -0.7676000000 0.0750000000
			vertex -0.2929000000 -0.5144000000 0.0750000000
			vertex -0.3506000000 -0.5144000000 0.0743000000
		endloop
	endfacet
	facet normal 0.0000000000 0.0000000000 0.0000000000
		outer loop
			vertex -0.3506000000 -0.5144000000 0.0743000000
			vertex -0.2929000000 -0.5144000000 0.0750000000
			vertex -0.2929000000 -0.2580000000 0.0750000000
			vertex -0.3506000000 -0.2580000000 0.0743000000
		endloop
	endfacet
	facet normal 0.0000000000 0.0000000000 0.0000000000
		outer loop
			vertex -0.3506000000 -0.2580000000 0.0743000000
			vertex -0.2929000000 -0.2580000000 0.0750000000
			vertex -0.2929000000 0.0000000000 0.0750000000
			vertex -0.3506000000 0.0000000000 0.0743000000
		endloop
	endfacet
	facet normal 0.0000000000 0.0000000000 0.0000000000
		outer loop
			vertex -0.3506000000 0.0000000000 0.0743000000
			vertex -0.2929000000 0.0000000000 0.0750000000
			vertex -0.2929000000 0.2580000000 0.0750000000
			vertex -0.3506000000 0.2580000000 0.0743000000
		endloop
	endfacet
	facet normal 0.0000000000 0.0000000000 0.0000000000
		outer loop
			vertex -0.3506000000 0.2580000000 0.0743000000
			vertex -0.2929000000 0.2580000000 0.0750000000
			vertex -0.2929000000 0.5144000000 0.0750000000
			vertex -0.3506000000 0.5144000000 0.0743000000
		endloop
	endfacet
	facet normal 0.0000000000 0.0000000000 0.0000000000
		outer loop
			vertex -0.3506000000 0.5144000000 0.0743000000
			vertex -0.2929000000 0.5144000000 0.0750000000
			vertex -0.2929000000 0.7676000000 0.0750000000
			vertex -0.3506000000 0.7676000000 0.0743000000
		endloop
	endfacet
	facet normal 0.0000000000 0.0000000000 0.0000000000
		outer loop
			vertex -0.3506000000 0.7676000000 0.0743000000
			vertex -0.2929000000 0.7676000000 0.0750000000
			vertex -0.2929000000 1.0160000000 0.0750000000
			vertex -0.3506000000 1.0160000000 0.0743000000
		endloop
	endfacet
	facet normal 0.0000000000 0.0000000000 0.0000000000
		outer loop
			vertex -0.3506000000 1.0160000000 0.0743000000
			vertex -0.2929000000 1.0160000000 0.0750000000
			vertex -0.2929000000 1.2583000000 0.0750000000
			vertex -0.3506000000 1.2583000000 0.0743000000
		endloop
	endfacet
	facet normal 0.0000000000 0.0000000000 0.0000000000
		outer loop
			vertex -0.3506000000 1.2583000000 0.0743000000
			vertex -0.2929000000 1.2583000000 0.0750000000
			vertex -0.2929000000 1.4927000000 0.0750000000
			vertex -0.3506000000 1.4927000000 0.0743000000
		endloop
	endfacet
	facet normal 0.0000000000 0.0000000000 0.0000000000
		outer loop
			vertex -0.3506000000 1.4927000000 0.0743000000
			vertex -0.2929000000 1.4927000000 0.0750000000
			vertex -0.2929000000 1.7180000000 0.0750000000
			vertex -0.3506000000 1.7180000000 0.0743000000
		endloop
	endfacet
	facet normal 0.0000000000 0.0000000000 0.0000000000
		outer loop
			vertex -0.3506000000 1.7180000000 0.0743000000
			vertex -0.2929000000 1.7180000000 0.0750000000
			vertex -0.2929000000 1.9326000000 0.0750000000
			vertex -0.3506000000 1.9326000000 0.0743000000
		endloop
	endfacet
	facet normal 0.0000000000 0.0000000000 0.0000000000
		outer loop
			vertex -0.3506000000 1.9326000000 0.0743000000
			vertex -0.2929000000 1.9326000000 0.0750000000
			vertex -0.2929000000 2.1354000000 0.0750000000
			vertex -0.3506000000 2.1354000000 0.0743000000
		endloop
	endfacet
	facet normal 0.0000000000 0.0000000000 0.0000000000
		outer loop
			vertex -0.3506000000 2.1354000000 0.0743000000
			vertex -0.2929000000 2.1354000000 0.0750000000
			vertex -0.2929000000 2.3250000000 0.0750000000
			vertex -0.3506000000 2.3250000000 0.0743000000
		endloop
	endfacet
	facet normal 0.0000000000 0.0000000000 0.0000000000
		outer loop
			vertex -0.3506000000 2.3250000000 0.0743000000
			vertex -0.2929000000 2.3250000000 0.0750000000
			vertex -0.2929000000 2.5002000000 0.0750000000
			vertex -0.3506000000 2.5002000000 0.0743000000
		endloop
	endfacet
	facet normal 0.0000000000 0.0000000000 0.0000000000
		outer loop
			vertex -0.3506000000 2.5002000000 0.0743000000
			vertex -0.2929000000 2.5002000000 0.0750000000
			vertex -0.2929000000 2.6600000000 0.0750000000
			vertex -0.3506000000 2.6600000000 0.0743000000
		endloop
	endfacet
	facet normal 0.0000000000 0.0000000000 0.0000000000
		outer loop
			vertex -0.3506000000 2.6600000000 0.0743000000
			vertex -0.2929000000 2.6600000000 0.0750000000
			vertex -0.2929000000 2.8035000000 0.0750000000
			vertex -0.3506000000 2.8035000000 0.0743000000
		endloop
	endfacet
	facet normal 0.0000000000 0.0000000000 0.0000000000
		outer loop
			vertex -0.3506000000 2.8035000000 0.0743000000
			vertex -0.2929000000 2.8035000000 0.0750000000
			vertex -0.2929000000 2.9296000000 0.0750000000
			vertex -0.3506000000 2.9296000000 0.0743000000
		endloop
	endfacet
	facet normal 0.0000000000 0.0000000000 0.0000000000
		outer loop
			vertex -0.3506000000 2.9296000000 0.0743000000
			vertex -0.2929000000 2.9296000000 0.0750000000
			vertex -0.2929000000 3.0377000000 0.0750000000
			vertex -0.3506000000 3.0377000000 0.0743000000
		endloop
	endfacet
	facet normal 0.0000000000 0.0000000000 0.0000000000
		outer loop
			vertex -0.3506000000 3.0377000000 0.0743000000
			vertex -0.2929000000 3.0377000000 0.0750000000
			vertex -0.2929000000 3.1271000000 0.0750000000
			vertex -0.3506000000 3.1271000000 0.0743000000
		endloop
	endfacet
	facet normal 0.0000000000 0.0000000000 0.0000000000
		outer loop
			vertex -0.3506000000 3.1271000000 0.0743000000
			vertex -0.2929000000 3.1271000000 0.0750000000
			vertex -0.2929000000 3.1972000000 0.0750000000
			vertex -0.3506000000 3.1972000000 0.0743000000
		endloop
	endfacet
	facet normal 0.0000000000 0.0000000000 0.0000000000
		outer loop
			vertex -0.3506000000 3.1972000000 0.0743000000
			vertex -0.2929000000 3.1972000000 0.0750000000
			vertex -0.2929000000 3.2475000000 0.0750000000
			vertex -0.3506000000 3.2475000000 0.0743000000
		endloop
	endfacet
	facet normal 0.0000000000 0.0000000000 0.0000000000
		outer loop
			vertex -0.3506000000 3.2475000000 0.0743000000
			vertex -0.2929000000 3.2475000000 0.0750000000
			vertex -0.2929000000 3.2779000000 0.0750000000
			vertex -0.3506000000 3.2779000000 0.0743000000
		endloop
	endfacet
	facet normal 0.0000000000 0.0000000000 0.0000000000
		outer loop
			vertex -0.3506000000 3.2779000000 0.0743000000
			vertex -0.2929000000 3.2779000000 0.0750000000
			vertex -0.2929000000 3.2880000000 0.0750000000
			vertex -0.3506000000 3.2880000000 0.0743000000
		endloop
	endfacet
	facet normal 0.0000000000 0.0000000000 0.0000000000
		outer loop
			vertex -0.3506000000 3.2880000000 0.0743000000
			vertex -0.2929000000 3.2880000000 0.0750000000
			vertex -0.2929000000 3.2880000000 0.0000000000
			vertex -0.3506000000 3.2880000000 0.0000000000
		endloop
	endfacet
	facet normal 0.0000000000 0.0000000000 0.0000000000
		outer loop
			vertex -0.2929000000 -3.2880000000 0.0000000000
			vertex -0.2396000000 -3.2880000000 0.0000000000
			vertex -0.2396000000 -3.2880000000 0.0739000000
			vertex -0.2929000000 -3.2880000000 0.0750000000
		endloop
	endfacet
	facet normal 0.0000000000 0.0000000000 0.0000000000
		outer loop
			vertex -0.2929000000 -3.2880000000 0.0750000000
			vertex -0.2396000000 -3.2880000000 0.0739000000
			vertex -0.2396000000 -3.2779000000 0.0739000000
			vertex -0.2929000000 -3.2779000000 0.0750000000
		endloop
	endfacet
	facet normal 0.0000000000 0.0000000000 0.0000000000
		outer loop
			vertex -0.2929000000 -3.2779000000 0.0750000000
			vertex -0.2396000000 -3.2779000000 0.0739000000
			vertex -0.2396000000 -3.2475000000 0.0739000000
			vertex -0.2929000000 -3.2475000000 0.0750000000
		endloop
	endfacet
	facet normal 0.0000000000 0.0000000000 0.0000000000
		outer loop
			vertex -0.2929000000 -3.2475000000 0.0750000000
			vertex -0.2396000000 -3.2475000000 0.0739000000
			vertex -0.2396000000 -3.1972000000 0.0739000000
			vertex -0.2929000000 -3.1972000000 0.0750000000
		endloop
	endfacet
	facet normal 0.0000000000 0.0000000000 0.0000000000
		outer loop
			vertex -0.2929000000 -3.1972000000 0.0750000000
			vertex -0.2396000000 -3.1972000000 0.0739000000
			vertex -0.2396000000 -3.1271000000 0.0739000000
			vertex -0.2929000000 -3.1271000000 0.0750000000
		endloop
	endfacet
	facet normal 0.0000000000 0.0000000000 0.0000000000
		outer loop
			vertex -0.2929000000 -3.1271000000 0.0750000000
			vertex -0.2396000000 -3.1271000000 0.0739000000
			vertex -0.2396000000 -3.0377000000 0.0739000000
			vertex -0.2929000000 -3.0377000000 0.0750000000
		endloop
	endfacet
	facet normal 0.0000000000 0.0000000000 0.0000000000
		outer loop
			vertex -0.2929000000 -3.0377000000 0.0750000000
			vertex -0.2396000000 -3.0377000000 0.0739000000
			vertex -0.2396000000 -2.9296000000 0.0739000000
			vertex -0.2929000000 -2.9296000000 0.0750000000
		endloop
	endfacet
	facet normal 0.0000000000 0.0000000000 0.0000000000
		outer loop
			vertex -0.2929000000 -2.9296000000 0.0750000000
			vertex -0.2396000000 -2.9296000000 0.0739000000
			vertex -0.2396000000 -2.8035000000 0.0739000000
			vertex -0.2929000000 -2.8035000000 0.0750000000
		endloop
	endfacet
	facet normal 0.0000000000 0.0000000000 0.0000000000
		outer loop
			vertex -0.2929000000 -2.8035000000 0.0750000000
			vertex -0.2396000000 -2.8035000000 0.0739000000
			vertex -0.2396000000 -2.6600000000 0.0739000000
			vertex -0.2929000000 -2.6600000000 0.0750000000
		endloop
	endfacet
	facet normal 0.0000000000 0.0000000000 0.0000000000
		outer loop
			vertex -0.2929000000 -2.6600000000 0.0750000000
			vertex -0.2396000000 -2.6600000000 0.0739000000
			vertex -0.2396000000 -2.5002000000 0.0739000000
			vertex -0.2929000000 -2.5002000000 0.0750000000
		endloop
	endfacet
	facet normal 0.0000000000 0.0000000000 0.0000000000
		outer loop
			vertex -0.2929000000 -2.5002000000 0.0750000000
			vertex -0.2396000000 -2.5002000000 0.0739000000
			vertex -0.2396000000 -2.3250000000 0.0739000000
			vertex -0.2929000000 -2.3250000000 0.0750000000
		endloop
	endfacet
	facet normal 0.0000000000 0.0000000000 0.0000000000
		outer loop
			vertex -0.2929000000 -2.3250000000 0.0750000000
			vertex -0.2396000000 -2.3250000000 0.0739000000
			vertex -0.2396000000 -2.1354000000 0.0739000000
			vertex -0.2929000000 -2.1354000000 0.0750000000
		endloop
	endfacet
	facet normal 0.0000000000 0.0000000000 0.0000000000
		outer loop
			vertex -0.2929000000 -2.1354000000 0.0750000000
			vertex -0.2396000000 -2.1354000000 0.0739000000
			vertex -0.2396000000 -1.9326000000 0.0739000000
			vertex -0.2929000000 -1.9326000000 0.0750000000
		endloop
	endfacet
	facet normal 0.0000000000 0.0000000000 0.0000000000
		outer loop
			vertex -0.2929000000 -1.9326000000 0.0750000000
			vertex -0.2396000000 -1.9326000000 0.0739000000
			vertex -0.2396000000 -1.7180000000 0.0739000000
			vertex -0.2929000000 -1.7180000000 0.0750000000
		endloop
	endfacet
	facet normal 0.0000000000 0.0000000000 0.0000000000
		outer loop
			vertex -0.2929000000 -1.7180000000 0.0750000000
			vertex -0.2396000000 -1.7180000000 0.0739000000
			vertex -0.2396000000 -1.4927000000 0.0739000000
			vertex -0.2929000000 -1.4927000000 0.0750000000
		endloop
	endfacet
	facet normal 0.0000000000 0.0000000000 0.0000000000
		outer loop
			vertex -0.2929000000 -1.4927000000 0.0750000000
			vertex -0.2396000000 -1.4927000000 0.0739000000
			vertex -0.2396000000 -1.2583000000 0.0739000000
			vertex -0.2929000000 -1.2583000000 0.0750000000
		endloop
	endfacet
	facet normal 0.0000000000 0.0000000000 0.0000000000
		outer loop
			vertex -0.2929000000 -1.2583000000 0.0750000000
			vertex -0.2396000000 -1.2583000000 0.0739000000
			vertex -0.2396000000 -1.0160000000 0.0739000000
			vertex -0.2929000000 -1.0160000000 0.0750000000
		endloop
	endfacet
	facet normal 0.0000000000 0.0000000000 0.0000000000
		outer loop
			vertex -0.2929000000 -1.0160000000 0.0750000000
			vertex -0.2396000000 -1.0160000000 0.0739000000
			vertex -0.2396000000 -0.7676000000 0.0739000000
			vertex -0.2929000000 -0.7676000000 0.0750000000
		endloop
	endfacet
	facet normal 0.0000000000 0.0000000000 0.0000000000
		outer loop
			vertex -0.2929000000 -0.7676000000 0.0750000000
			vertex -0.2396000000 -0.7676000000 0.0739000000
			vertex -0.2396000000 -0.5144000000 0.0739000000
			vertex -0.2929000000 -0.5144000000 0.0750000000
		endloop
	endfacet
	facet normal 0.0000000000 0.0000000000 0.0000000000
		outer loop
			vertex -0.2929000000 -0.5144000000 0.0750000000
			vertex -0.2396000000 -0.5144000000 0.0739000000
			vertex -0.2396000000 -0.2580000000 0.0739000000
			vertex -0.2929000000 -0.2580000000 0.0750000000
		endloop
	endfacet
	facet normal 0.0000000000 0.0000000000 0.0000000000
		outer loop
			vertex -0.2929000000 -0.2580000000 0.0750000000
			vertex -0.2396000000 -0.2580000000 0.0739000000
			vertex -0.2396000000 0.0000000000 0.0739000000
			vertex -0.2929000000 0.0000000000 0.0750000000
		endloop
	endfacet
	facet normal 0.0000000000 0.0000000000 0.0000000000
		outer loop
			vertex -0.2929000000 0.0000000000 0.0750000000
			vertex -0.2396000000 0.0000000000 0.0739000000
			vertex -0.2396000000 0.2580000000 0.0739000000
			vertex -0.2929000000 0.2580000000 0.0750000000
		endloop
	endfacet
	facet normal 0.0000000000 0.0000000000 0.0000000000
		outer loop
			vertex -0.2929000000 0.2580000000 0.0750000000
			vertex -0.2396000000 0.2580000000 0.0739000000
			vertex -0.2396000000 0.5144000000 0.0739000000
			vertex -0.2929000000 0.5144000000 0.0750000000
		endloop
	endfacet
	facet normal 0.0000000000 0.0000000000 0.0000000000
		outer loop
			vertex -0.2929000000 0.5144000000 0.0750000000
			vertex -0.2396000000 0.5144000000 0.0739000000
			vertex -0.2396000000 0.7676000000 0.0739000000
			vertex -0.2929000000 0.7676000000 0.0750000000
		endloop
	endfacet
	facet normal 0.0000000000 0.0000000000 0.0000000000
		outer loop
			vertex -0.2929000000 0.7676000000 0.0750000000
			vertex -0.2396000000 0.7676000000 0.0739000000
			vertex -0.2396000000 1.0160000000 0.0739000000
			vertex -0.2929000000 1.0160000000 0.0750000000
		endloop
	endfacet
	facet normal 0.0000000000 0.0000000000 0.0000000000
		outer loop
			vertex -0.2929000000 1.0160000000 0.0750000000
			vertex -0.2396000000 1.0160000000 0.0739000000
			vertex -0.2396000000 1.2583000000 0.0739000000
			vertex -0.2929000000 1.2583000000 0.0750000000
		endloop
	endfacet
	facet normal 0.0000000000 0.0000000000 0.0000000000
		outer loop
			vertex -0.2929000000 1.2583000000 0.0750000000
			vertex -0.2396000000 1.2583000000 0.0739000000
			vertex -0.2396000000 1.4927000000 0.0739000000
			vertex -0.2929000000 1.4927000000 0.0750000000
		endloop
	endfacet
	facet normal 0.0000000000 0.0000000000 0.0000000000
		outer loop
			vertex -0.2929000000 1.4927000000 0.0750000000
			vertex -0.2396000000 1.4927000000 0.0739000000
			vertex -0.2396000000 1.7180000000 0.0739000000
			vertex -0.2929000000 1.7180000000 0.0750000000
		endloop
	endfacet
	facet normal 0.0000000000 0.0000000000 0.0000000000
		outer loop
			vertex -0.2929000000 1.7180000000 0.0750000000
			vertex -0.2396000000 1.7180000000 0.0739000000
			vertex -0.2396000000 1.9326000000 0.0739000000
			vertex -0.2929000000 1.9326000000 0.0750000000
		endloop
	endfacet
	facet normal 0.0000000000 0.0000000000 0.0000000000
		outer loop
			vertex -0.2929000000 1.9326000000 0.0750000000
			vertex -0.2396000000 1.9326000000 0.0739000000
			vertex -0.2396000000 2.1354000000 0.0739000000
			vertex -0.2929000000 2.1354000000 0.0750000000
		endloop
	endfacet
	facet normal 0.0000000000 0.0000000000 0.0000000000
		outer loop
			vertex -0.2929000000 2.1354000000 0.0750000000
			vertex -0.2396000000 2.1354000000 0.0739000000
			vertex -0.2396000000 2.3250000000 0.0739000000
			vertex -0.2929000000 2.3250000000 0.0750000000
		endloop
	endfacet
	facet normal 0.0000000000 0.0000000000 0.0000000000
		outer loop
			vertex -0.2929000000 2.3250000000 0.0750000000
			vertex -0.2396000000 2.3250000000 0.0739000000
			vertex -0.2396000000 2.5002000000 0.0739000000
			vertex -0.2929000000 2.5002000000 0.0750000000
		endloop
	endfacet
	facet normal 0.0000000000 0.0000000000 0.0000000000
		outer loop
			vertex -0.2929000000 2.5002000000 0.0750000000
			vertex -0.2396000000 2.5002000000 0.0739000000
			vertex -0.2396000000 2.6600000000 0.0739000000
			vertex -0.2929000000 2.6600000000 0.0750000000
		endloop
	endfacet
	facet normal 0.0000000000 0.0000000000 0.0000000000
		outer loop
			vertex -0.2929000000 2.6600000000 0.0750000000
			vertex -0.2396000000 2.6600000000 0.0739000000
			vertex -0.2396000000 2.8035000000 0.0739000000
			vertex -0.2929000000 2.8035000000 0.0750000000
		endloop
	endfacet
	facet normal 0.0000000000 0.0000000000 0.0000000000
		outer loop
			vertex -0.2929000000 2.8035000000 0.0750000000
			vertex -0.2396000000 2.8035000000 0.0739000000
			vertex -0.2396000000 2.9296000000 0.0739000000
			vertex -0.2929000000 2.9296000000 0.0750000000
		endloop
	endfacet
	facet normal 0.0000000000 0.0000000000 0.0000000000
		outer loop
			vertex -0.2929000000 2.9296000000 0.0750000000
			vertex -0.2396000000 2.9296000000 0.0739000000
			vertex -0.2396000000 3.0377000000 0.0739000000
			vertex -0.2929000000 3.0377000000 0.0750000000
		endloop
	endfacet
	facet normal 0.0000000000 0.0000000000 0.0000000000
		outer loop
			vertex -0.2929000000 3.0377000000 0.0750000000
			vertex -0.2396000000 3.0377000000 0.0739000000
			vertex -0.2396000000 3.1271000000 0.0739000000
			vertex -0.2929000000 3.1271000000 0.0750000000
		endloop
	endfacet
	facet normal 0.0000000000 0.0000000000 0.0000000000
		outer loop
			vertex -0.2929000000 3.1271000000 0.0750000000
			vertex -0.2396000000 3.1271000000 0.0739000000
			vertex -0.2396000000 3.1972000000 0.0739000000
			vertex -0.2929000000 3.1972000000 0.0750000000
		endloop
	endfacet
	facet normal 0.0000000000 0.0000000000 0.0000000000
		outer loop
			vertex -0.2929000000 3.1972000000 0.0750000000
			vertex -0.2396000000 3.1972000000 0.0739000000
			vertex -0.2396000000 3.2475000000 0.0739000000
			vertex -0.2929000000 3.2475000000 0.0750000000
		endloop
	endfacet
	facet normal 0.0000000000 0.0000000000 0.0000000000
		outer loop
			vertex -0.2929000000 3.2475000000 0.0750000000
			vertex -0.2396000000 3.2475000000 0.0739000000
			vertex -0.2396000000 3.2779000000 0.0739000000
			vertex -0.2929000000 3.2779000000 0.0750000000
		endloop
	endfacet
	facet normal 0.0000000000 0.0000000000 0.0000000000
		outer loop
			vertex -0.2929000000 3.2779000000 0.0750000000
			vertex -0.2396000000 3.2779000000 0.0739000000
			vertex -0.2396000000 3.2880000000 0.0739000000
			vertex -0.2929000000 3.2880000000 0.0750000000
		endloop
	endfacet
	facet normal 0.0000000000 0.0000000000 0.0000000000
		outer loop
			vertex -0.2929000000 3.2880000000 0.0750000000
			vertex -0.2396000000 3.2880000000 0.0739000000
			vertex -0.2396000000 3.2880000000 0.0000000000
			vertex -0.2929000000 3.2880000000 0.0000000000
		endloop
	endfacet
	facet normal 0.0000000000 0.0000000000 0.0000000000
		outer loop
			vertex -0.2396000000 -3.2880000000 0.0000000000
			vertex -0.1910000000 -3.2880000000 0.0000000000
			vertex -0.1910000000 -3.2880000000 0.0710000000
			vertex -0.2396000000 -3.2880000000 0.0739000000
		endloop
	endfacet
	facet normal 0.0000000000 0.0000000000 0.0000000000
		outer loop
			vertex -0.2396000000 -3.2880000000 0.0739000000
			vertex -0.1910000000 -3.2880000000 0.0710000000
			vertex -0.1910000000 -3.2779000000 0.0710000000
			vertex -0.2396000000 -3.2779000000 0.0739000000
		endloop
	endfacet
	facet normal 0.0000000000 0.0000000000 0.0000000000
		outer loop
			vertex -0.2396000000 -3.2779000000 0.0739000000
			vertex -0.1910000000 -3.2779000000 0.0710000000
			vertex -0.1910000000 -3.2475000000 0.0710000000
			vertex -0.2396000000 -3.2475000000 0.0739000000
		endloop
	endfacet
	facet normal 0.0000000000 0.0000000000 0.0000000000
		outer loop
			vertex -0.2396000000 -3.2475000000 0.0739000000
			vertex -0.1910000000 -3.2475000000 0.0710000000
			vertex -0.1910000000 -3.1972000000 0.0710000000
			vertex -0.2396000000 -3.1972000000 0.0739000000
		endloop
	endfacet
	facet normal 0.0000000000 0.0000000000 0.0000000000
		outer loop
			vertex -0.2396000000 -3.1972000000 0.0739000000
			vertex -0.1910000000 -3.1972000000 0.0710000000
			vertex -0.1910000000 -3.1271000000 0.0710000000
			vertex -0.2396000000 -3.1271000000 0.0739000000
		endloop
	endfacet
	facet normal 0.0000000000 0.0000000000 0.0000000000
		outer loop
			vertex -0.2396000000 -3.1271000000 0.0739000000
			vertex -0.1910000000 -3.1271000000 0.0710000000
			vertex -0.1910000000 -3.0377000000 0.0710000000
			vertex -0.2396000000 -3.0377000000 0.0739000000
		endloop
	endfacet
	facet normal 0.0000000000 0.0000000000 0.0000000000
		outer loop
			vertex -0.2396000000 -3.0377000000 0.0739000000
			vertex -0.1910000000 -3.0377000000 0.0710000000
			vertex -0.1910000000 -2.9296000000 0.0710000000
			vertex -0.2396000000 -2.9296000000 0.0739000000
		endloop
	endfacet
	facet normal 0.0000000000 0.0000000000 0.0000000000
		outer loop
			vertex -0.2396000000 -2.9296000000 0.0739000000
			vertex -0.1910000000 -2.9296000000 0.0710000000
			vertex -0.1910000000 -2.8035000000 0.0710000000
			vertex -0.2396000000 -2.8035000000 0.0739000000
		endloop
	endfacet
	facet normal 0.0000000000 0.0000000000 0.0000000000
		outer loop
			vertex -0.2396000000 -2.8035000000 0.0739000000
			vertex -0.1910000000 -2.8035000000 0.0710000000
			vertex -0.1910000000 -2.6600000000 0.0710000000
			vertex -0.2396000000 -2.6600000000 0.0739000000
		endloop
	endfacet
	facet normal 0.0000000000 0.0000000000 0.0000000000
		outer loop
			vertex -0.2396000000 -2.6600000000 0.0739000000
			vertex -0.1910000000 -2.6600000000 0.0710000000
			vertex -0.1910000000 -2.5002000000 0.0710000000
			vertex -0.2396000000 -2.5002000000 0.0739000000
		endloop
	endfacet
	facet normal 0.0000000000 0.0000000000 0.0000000000
		outer loop
			vertex -0.2396000000 -2.5002000000 0.0739000000
			vertex -0.1910000000 -2.5002000000 0.0710000000
			vertex -0.1910000000 -2.3250000000 0.0710000000
			vertex -0.2396000000 -2.3250000000 0.0739000000
		endloop
	endfacet
	facet normal 0.0000000000 0.0000000000 0.0000000000
		outer loop
			vertex -0.2396000000 -2.3250000000 0.0739000000
			vertex -0.1910000000 -2.3250000000 0.0710000000
			vertex -0.1910000000 -2.1354000000 0.0710000000
			vertex -0.2396000000 -2.1354000000 0.0739000000
		endloop
	endfacet
	facet normal 0.0000000000 0.0000000000 0.0000000000
		outer loop
			vertex -0.2396000000 -2.1354000000 0.0739000000
			vertex -0.1910000000 -2.1354000000 0.0710000000
			vertex -0.1910000000 -1.9326000000 0.0710000000
			vertex -0.2396000000 -1.9326000000 0.0739000000
		endloop
	endfacet
	facet normal 0.0000000000 0.0000000000 0.0000000000
		outer loop
			vertex -0.2396000000 -1.9326000000 0.0739000000
			vertex -0.1910000000 -1.9326000000 0.0710000000
			vertex -0.1910000000 -1.7180000000 0.0710000000
			vertex -0.2396000000 -1.7180000000 0.0739000000
		endloop
	endfacet
	facet normal 0.0000000000 0.0000000000 0.0000000000
		outer loop
			vertex -0.2396000000 -1.7180000000 0.0739000000
			vertex -0.1910000000 -1.7180000000 0.0710000000
			vertex -0.1910000000 -1.4927000000 0.0710000000
			vertex -0.2396000000 -1.4927000000 0.0739000000
		endloop
	endfacet
	facet normal 0.0000000000 0.0000000000 0.0000000000
		outer loop
			vertex -0.2396000000 -1.4927000000 0.0739000000
			vertex -0.1910000000 -1.4927000000 0.0710000000
			vertex -0.1910000000 -1.2583000000 0.0710000000
			vertex -0.2396000000 -1.2583000000 0.0739000000
		endloop
	endfacet
	facet normal 0.0000000000 0.0000000000 0.0000000000
		outer loop
			vertex -0.2396000000 -1.2583000000 0.0739000000
			vertex -0.1910000000 -1.2583000000 0.0710000000
			vertex -0.1910000000 -1.0160000000 0.0710000000
			vertex -0.2396000000 -1.0160000000 0.0739000000
		endloop
	endfacet
	facet normal 0.0000000000 0.0000000000 0.0000000000
		outer loop
			vertex -0.2396000000 -1.0160000000 0.0739000000
			vertex -0.1910000000 -1.0160000000 0.0710000000
			vertex -0.1910000000 -0.7676000000 0.0710000000
			vertex -0.2396000000 -0.7676000000 0.0739000000
		endloop
	endfacet
	facet normal 0.0000000000 0.0000000000 0.0000000000
		outer loop
			vertex -0.2396000000 -0.7676000000 0.0739000000
			vertex -0.1910000000 -0.7676000000 0.0710000000
			vertex -0.1910000000 -0.5144000000 0.0710000000
			vertex -0.2396000000 -0.5144000000 0.0739000000
		endloop
	endfacet
	facet normal 0.0000000000 0.0000000000 0.0000000000
		outer loop
			vertex -0.2396000000 -0.5144000000 0.0739000000
			vertex -0.1910000000 -0.5144000000 0.0710000000
			vertex -0.1910000000 -0.2580000000 0.0710000000
			vertex -0.2396000000 -0.2580000000 0.0739000000
		endloop
	endfacet
	facet normal 0.0000000000 0.0000000000 0.0000000000
		outer loop
			vertex -0.2396000000 -0.2580000000 0.0739000000
			vertex -0.1910000000 -0.2580000000 0.0710000000
			vertex -0.1910000000 0.0000000000 0.0710000000
			vertex -0.2396000000 0.0000000000 0.0739000000
		endloop
	endfacet
	facet normal 0.0000000000 0.0000000000 0.0000000000
		outer loop
			vertex -0.2396000000 0.0000000000 0.0739000000
			vertex -0.1910000000 0.0000000000 0.0710000000
			vertex -0.1910000000 0.2580000000 0.0710000000
			vertex -0.2396000000 0.2580000000 0.0739000000
		endloop
	endfacet
	facet normal 0.0000000000 0.0000000000 0.0000000000
		outer loop
			vertex -0.2396000000 0.2580000000 0.0739000000
			vertex -0.1910000000 0.2580000000 0.0710000000
			vertex -0.1910000000 0.5144000000 0.0710000000
			vertex -0.2396000000 0.5144000000 0.0739000000
		endloop
	endfacet
	facet normal 0.0000000000 0.0000000000 0.0000000000
		outer loop
			vertex -0.2396000000 0.5144000000 0.0739000000
			vertex -0.1910000000 0.5144000000 0.0710000000
			vertex -0.1910000000 0.7676000000 0.0710000000
			vertex -0.2396000000 0.7676000000 0.0739000000
		endloop
	endfacet
	facet normal 0.0000000000 0.0000000000 0.0000000000
		outer loop
			vertex -0.2396000000 0.7676000000 0.0739000000
			vertex -0.1910000000 0.7676000000 0.0710000000
			vertex -0.1910000000 1.0160000000 0.0710000000
			vertex -0.2396000000 1.0160000000 0.0739000000
		endloop
	endfacet
	facet normal 0.0000000000 0.0000000000 0.0000000000
		outer loop
			vertex -0.2396000000 1.0160000000 0.0739000000
			vertex -0.1910000000 1.0160000000 0.0710000000
			vertex -0.1910000000 1.2583000000 0.0710000000
			vertex -0.2396000000 1.2583000000 0.0739000000
		endloop
	endfacet
	facet normal 0.0000000000 0.0000000000 0.0000000000
		outer loop
			vertex -0.2396000000 1.2583000000 0.0739000000
			vertex -0.1910000000 1.2583000000 0.0710000000
			vertex -0.1910000000 1.4927000000 0.0710000000
			vertex -0.2396000000 1.4927000000 0.0739000000
		endloop
	endfacet
	facet normal 0.0000000000 0.0000000000 0.0000000000
		outer loop
			vertex -0.2396000000 1.4927000000 0.0739000000
			vertex -0.1910000000 1.4927000000 0.0710000000
			vertex -0.1910000000 1.7180000000 0.0710000000
			vertex -0.2396000000 1.7180000000 0.0739000000
		endloop
	endfacet
	facet normal 0.0000000000 0.0000000000 0.0000000000
		outer loop
			vertex -0.2396000000 1.7180000000 0.0739000000
			vertex -0.1910000000 1.7180000000 0.0710000000
			vertex -0.1910000000 1.9326000000 0.0710000000
			vertex -0.2396000000 1.9326000000 0.0739000000
		endloop
	endfacet
	facet normal 0.0000000000 0.0000000000 0.0000000000
		outer loop
			vertex -0.2396000000 1.9326000000 0.0739000000
			vertex -0.1910000000 1.9326000000 0.0710000000
			vertex -0.1910000000 2.1354000000 0.0710000000
			vertex -0.2396000000 2.1354000000 0.0739000000
		endloop
	endfacet
	facet normal 0.0000000000 0.0000000000 0.0000000000
		outer loop
			vertex -0.2396000000 2.1354000000 0.0739000000
			vertex -0.1910000000 2.1354000000 0.0710000000
			vertex -0.1910000000 2.3250000000 0.0710000000
			vertex -0.2396000000 2.3250000000 0.0739000000
		endloop
	endfacet
	facet normal 0.0000000000 0.0000000000 0.0000000000
		outer loop
			vertex -0.2396000000 2.3250000000 0.0739000000
			vertex -0.1910000000 2.3250000000 0.0710000000
			vertex -0.1910000000 2.5002000000 0.0710000000
			vertex -0.2396000000 2.5002000000 0.0739000000
		endloop
	endfacet
	facet normal 0.0000000000 0.0000000000 0.0000000000
		outer loop
			vertex -0.2396000000 2.5002000000 0.0739000000
			vertex -0.1910000000 2.5002000000 0.0710000000
			vertex -0.1910000000 2.6600000000 0.0710000000
			vertex -0.2396000000 2.6600000000 0.0739000000
		endloop
	endfacet
	facet normal 0.0000000000 0.0000000000 0.0000000000
		outer loop
			vertex -0.2396000000 2.6600000000 0.0739000000
			vertex -0.1910000000 2.6600000000 0.0710000000
			vertex -0.1910000000 2.8035000000 0.0710000000
			vertex -0.2396000000 2.8035000000 0.0739000000
		endloop
	endfacet
	facet normal 0.0000000000 0.0000000000 0.0000000000
		outer loop
			vertex -0.2396000000 2.8035000000 0.0739000000
			vertex -0.1910000000 2.8035000000 0.0710000000
			vertex -0.1910000000 2.9296000000 0.0710000000
			vertex -0.2396000000 2.9296000000 0.0739000000
		endloop
	endfacet
	facet normal 0.0000000000 0.0000000000 0.0000000000
		outer loop
			vertex -0.2396000000 2.9296000000 0.0739000000
			vertex -0.1910000000 2.9296000000 0.0710000000
			vertex -0.1910000000 3.0377000000 0.0710000000
			vertex -0.2396000000 3.0377000000 0.0739000000
		endloop
	endfacet
	facet normal 0.0000000000 0.0000000000 0.0000000000
		outer loop
			vertex -0.2396000000 3.0377000000 0.0739000000
			vertex -0.1910000000 3.0377000000 0.0710000000
			vertex -0.1910000000 3.1271000000 0.0710000000
			vertex -0.2396000000 3.1271000000 0.0739000000
		endloop
	endfacet
	facet normal 0.0000000000 0.0000000000 0.0000000000
		outer loop
			vertex -0.2396000000 3.1271000000 0.0739000000
			vertex -0.1910000000 3.1271000000 0.0710000000
			vertex -0.1910000000 3.1972000000 0.0710000000
			vertex -0.2396000000 3.1972000000 0.0739000000
		endloop
	endfacet
	facet normal 0.0000000000 0.0000000000 0.0000000000
		outer loop
			vertex -0.2396000000 3.1972000000 0.0739000000
			vertex -0.1910000000 3.1972000000 0.0710000000
			vertex -0.1910000000 3.2475000000 0.0710000000
			vertex -0.2396000000 3.2475000000 0.0739000000
		endloop
	endfacet
	facet normal 0.0000000000 0.0000000000 0.0000000000
		outer loop
			vertex -0.2396000000 3.2475000000 0.0739000000
			vertex -0.1910000000 3.2475000000 0.0710000000
			vertex -0.1910000000 3.2779000000 0.0710000000
			vertex -0.2396000000 3.2779000000 0.0739000000
		endloop
	endfacet
	facet normal 0.0000000000 0.0000000000 0.0000000000
		outer loop
			vertex -0.2396000000 3.2779000000 0.0739000000
			vertex -0.1910000000 3.2779000000 0.0710000000
			vertex -0.1910000000 3.2880000000 0.0710000000
			vertex -0.2396000000 3.2880000000 0.0739000000
		endloop
	endfacet
	facet normal 0.0000000000 0.0000000000 0.0000000000
		outer loop
			vertex -0.2396000000 3.2880000000 0.0739000000
			vertex -0.1910000000 3.2880000000 0.0710000000
			vertex -0.1910000000 3.2880000000 0.0000000000
			vertex -0.2396000000 3.2880000000 0.0000000000
		endloop
	endfacet
	facet normal 0.0000000000 0.0000000000 0.0000000000
		outer loop
			vertex -0.1910000000 -3.2880000000 0.0000000000
			vertex -0.1474000000 -3.2880000000 0.0000000000
			vertex -0.1474000000 -3.2880000000 0.0665000000
			vertex -0.1910000000 -3.2880000000 0.0710000000
		endloop
	endfacet
	facet normal 0.0000000000 0.0000000000 0.0000000000
		outer loop
			vertex -0.1910000000 -3.2880000000 0.0710000000
			vertex -0.1474000000 -3.2880000000 0.0665000000
			vertex -0.1474000000 -3.2779000000 0.0665000000
			vertex -0.1910000000 -3.2779000000 0.0710000000
		endloop
	endfacet
	facet normal 0.0000000000 0.0000000000 0.0000000000
		outer loop
			vertex -0.1910000000 -3.2779000000 0.0710000000
			vertex -0.1474000000 -3.2779000000 0.0665000000
			vertex -0.1474000000 -3.2475000000 0.0665000000
			vertex -0.1910000000 -3.2475000000 0.0710000000
		endloop
	endfacet
	facet normal 0.0000000000 0.0000000000 0.0000000000
		outer loop
			vertex -0.1910000000 -3.2475000000 0.0710000000
			vertex -0.1474000000 -3.2475000000 0.0665000000
			vertex -0.1474000000 -3.1972000000 0.0665000000
			vertex -0.1910000000 -3.1972000000 0.0710000000
		endloop
	endfacet
	facet normal 0.0000000000 0.0000000000 0.0000000000
		outer loop
			vertex -0.1910000000 -3.1972000000 0.0710000000
			vertex -0.1474000000 -3.1972000000 0.0665000000
			vertex -0.1474000000 -3.1271000000 0.0665000000
			vertex -0.1910000000 -3.1271000000 0.0710000000
		endloop
	endfacet
	facet normal 0.0000000000 0.0000000000 0.0000000000
		outer loop
			vertex -0.1910000000 -3.1271000000 0.0710000000
			vertex -0.1474000000 -3.1271000000 0.0665000000
			vertex -0.1474000000 -3.0377000000 0.0665000000
			vertex -0.1910000000 -3.0377000000 0.0710000000
		endloop
	endfacet
	facet normal 0.0000000000 0.0000000000 0.0000000000
		outer loop
			vertex -0.1910000000 -3.0377000000 0.0710000000
			vertex -0.1474000000 -3.0377000000 0.0665000000
			vertex -0.1474000000 -2.9296000000 0.0665000000
			vertex -0.1910000000 -2.9296000000 0.0710000000
		endloop
	endfacet
	facet normal 0.0000000000 0.0000000000 0.0000000000
		outer loop
			vertex -0.1910000000 -2.9296000000 0.0710000000
			vertex -0.1474000000 -2.9296000000 0.0665000000
			vertex -0.1474000000 -2.8035000000 0.0665000000
			vertex -0.1910000000 -2.8035000000 0.0710000000
		endloop
	endfacet
	facet normal 0.0000000000 0.0000000000 0.0000000000
		outer loop
			vertex -0.1910000000 -2.8035000000 0.0710000000
			vertex -0.1474000000 -2.8035000000 0.0665000000
			vertex -0.1474000000 -2.6600000000 0.0665000000
			vertex -0.1910000000 -2.6600000000 0.0710000000
		endloop
	endfacet
	facet normal 0.0000000000 0.0000000000 0.0000000000
		outer loop
			vertex -0.1910000000 -2.6600000000 0.0710000000
			vertex -0.1474000000 -2.6600000000 0.0665000000
			vertex -0.1474000000 -2.5002000000 0.0665000000
			vertex -0.1910000000 -2.5002000000 0.0710000000
		endloop
	endfacet
	facet normal 0.0000000000 0.0000000000 0.0000000000
		outer loop
			vertex -0.1910000000 -2.5002000000 0.0710000000
			vertex -0.1474000000 -2.5002000000 0.0665000000
			vertex -0.1474000000 -2.3250000000 0.0665000000
			vertex -0.1910000000 -2.3250000000 0.0710000000
		endloop
	endfacet
	facet normal 0.0000000000 0.0000000000 0.0000000000
		outer loop
			vertex -0.1910000000 -2.3250000000 0.0710000000
			vertex -0.1474000000 -2.3250000000 0.0665000000
			vertex -0.1474000000 -2.1354000000 0.0665000000
			vertex -0.1910000000 -2.1354000000 0.0710000000
		endloop
	endfacet
	facet normal 0.0000000000 0.0000000000 0.0000000000
		outer loop
			vertex -0.1910000000 -2.1354000000 0.0710000000
			vertex -0.1474000000 -2.1354000000 0.0665000000
			vertex -0.1474000000 -1.9326000000 0.0665000000
			vertex -0.1910000000 -1.9326000000 0.0710000000
		endloop
	endfacet
	facet normal 0.0000000000 0.0000000000 0.0000000000
		outer loop
			vertex -0.1910000000 -1.9326000000 0.0710000000
			vertex -0.1474000000 -1.9326000000 0.0665000000
			vertex -0.1474000000 -1.7180000000 0.0665000000
			vertex -0.1910000000 -1.7180000000 0.0710000000
		endloop
	endfacet
	facet normal 0.0000000000 0.0000000000 0.0000000000
		outer loop
			vertex -0.1910000000 -1.7180000000 0.0710000000
			vertex -0.1474000000 -1.7180000000 0.0665000000
			vertex -0.1474000000 -1.4927000000 0.0665000000
			vertex -0.1910000000 -1.4927000000 0.0710000000
		endloop
	endfacet
	facet normal 0.0000000000 0.0000000000 0.0000000000
		outer loop
			vertex -0.1910000000 -1.4927000000 0.0710000000
			vertex -0.1474000000 -1.4927000000 0.0665000000
			vertex -0.1474000000 -1.2583000000 0.0665000000
			vertex -0.1910000000 -1.2583000000 0.0710000000
		endloop
	endfacet
	facet normal 0.0000000000 0.0000000000 0.0000000000
		outer loop
			vertex -0.1910000000 -1.2583000000 0.0710000000
			vertex -0.1474000000 -1.2583000000 0.0665000000
			vertex -0.1474000000 -1.0160000000 0.0665000000
			vertex -0.1910000000 -1.0160000000 0.0710000000
		endloop
	endfacet
	facet normal 0.0000000000 0.0000000000 0.0000000000
		outer loop
			vertex -0.1910000000 -1.0160000000 0.0710000000
			vertex -0.1474000000 -1.0160000000 0.0665000000
			vertex -0.1474000000 -0.7676000000 0.0665000000
			vertex -0.1910000000 -0.7676000000 0.0710000000
		endloop
	endfacet
	facet normal 0.0000000000 0.0000000000 0.0000000000
		outer loop
			vertex -0.1910000000 -0.7676000000 0.0710000000
			vertex -0.1474000000 -0.7676000000 0.0665000000
			vertex -0.1474000000 -0.5144000000 0.0665000000
			vertex -0.1910000000 -0.5144000000 0.0710000000
		endloop
	endfacet
	facet normal 0.0000000000 0.0000000000 0.0000000000
		outer loop
			vertex -0.1910000000 -0.5144000000 0.0710000000
			vertex -0.1474000000 -0.5144000000 0.0665000000
			vertex -0.1474000000 -0.2580000000 0.0665000000
			vertex -0.1910000000 -0.2580000000 0.0710000000
		endloop
	endfacet
	facet normal 0.0000000000 0.0000000000 0.0000000000
		outer loop
			vertex -0.1910000000 -0.2580000000 0.0710000000
			vertex -0.1474000000 -0.2580000000 0.0665000000
			vertex -0.1474000000 0.0000000000 0.0665000000
			vertex -0.1910000000 0.0000000000 0.0710000000
		endloop
	endfacet
	facet normal 0.0000000000 0.0000000000 0.0000000000
		outer loop
			vertex -0.1910000000 0.0000000000 0.0710000000
			vertex -0.1474000000 0.0000000000 0.0665000000
			vertex -0.1474000000 0.2580000000 0.0665000000
			vertex -0.1910000000 0.2580000000 0.0710000000
		endloop
	endfacet
	facet normal 0.0000000000 0.0000000000 0.0000000000
		outer loop
			vertex -0.1910000000 0.2580000000 0.0710000000
			vertex -0.1474000000 0.2580000000 0.0665000000
			vertex -0.1474000000 0.5144000000 0.0665000000
			vertex -0.1910000000 0.5144000000 0.0710000000
		endloop
	endfacet
	facet normal 0.0000000000 0.0000000000 0.0000000000
		outer loop
			vertex -0.1910000000 0.5144000000 0.0710000000
			vertex -0.1474000000 0.5144000000 0.0665000000
			vertex -0.1474000000 0.7676000000 0.0665000000
			vertex -0.1910000000 0.7676000000 0.0710000000
		endloop
	endfacet
	facet normal 0.0000000000 0.0000000000 0.0000000000
		outer loop
			vertex -0.1910000000 0.7676000000 0.0710000000
			vertex -0.1474000000 0.7676000000 0.0665000000
			vertex -0.1474000000 1.0160000000 0.0665000000
			vertex -0.1910000000 1.0160000000 0.0710000000
		endloop
	endfacet
	facet normal 0.0000000000 0.0000000000 0.0000000000
		outer loop
			vertex -0.1910000000 1.0160000000 0.0710000000
			vertex -0.1474000000 1.0160000000 0.0665000000
			vertex -0.1474000000 1.2583000000 0.0665000000
			vertex -0.1910000000 1.2583000000 0.0710000000
		endloop
	endfacet
	facet normal 0.0000000000 0.0000000000 0.0000000000
		outer loop
			vertex -0.1910000000 1.2583000000 0.0710000000
			vertex -0.1474000000 1.2583000000 0.0665000000
			vertex -0.1474000000 1.4927000000 0.0665000000
			vertex -0.1910000000 1.4927000000 0.0710000000
		endloop
	endfacet
	facet normal 0.0000000000 0.0000000000 0.0000000000
		outer loop
			vertex -0.1910000000 1.4927000000 0.0710000000
			vertex -0.1474000000 1.4927000000 0.0665000000
			vertex -0.1474000000 1.7180000000 0.0665000000
			vertex -0.1910000000 1.7180000000 0.0710000000
		endloop
	endfacet
	facet normal 0.0000000000 0.0000000000 0.0000000000
		outer loop
			vertex -0.1910000000 1.7180000000 0.0710000000
			vertex -0.1474000000 1.7180000000 0.0665000000
			vertex -0.1474000000 1.9326000000 0.0665000000
			vertex -0.1910000000 1.9326000000 0.0710000000
		endloop
	endfacet
	facet normal 0.0000000000 0.0000000000 0.0000000000
		outer loop
			vertex -0.1910000000 1.9326000000 0.0710000000
			vertex -0.1474000000 1.9326000000 0.0665000000
			vertex -0.1474000000 2.1354000000 0.0665000000
			vertex -0.1910000000 2.1354000000 0.0710000000
		endloop
	endfacet
	facet normal 0.0000000000 0.0000000000 0.0000000000
		outer loop
			vertex -0.1910000000 2.1354000000 0.0710000000
			vertex -0.1474000000 2.1354000000 0.0665000000
			vertex -0.1474000000 2.3250000000 0.0665000000
			vertex -0.1910000000 2.3250000000 0.0710000000
		endloop
	endfacet
	facet normal 0.0000000000 0.0000000000 0.0000000000
		outer loop
			vertex -0.1910000000 2.3250000000 0.0710000000
			vertex -0.1474000000 2.3250000000 0.0665000000
			vertex -0.1474000000 2.5002000000 0.0665000000
			vertex -0.1910000000 2.5002000000 0.0710000000
		endloop
	endfacet
	facet normal 0.0000000000 0.0000000000 0.0000000000
		outer loop
			vertex -0.1910000000 2.5002000000 0.0710000000
			vertex -0.1474000000 2.5002000000 0.0665000000
			vertex -0.1474000000 2.6600000000 0.0665000000
			vertex -0.1910000000 2.6600000000 0.0710000000
		endloop
	endfacet
	facet normal 0.0000000000 0.0000000000 0.0000000000
		outer loop
			vertex -0.1910000000 2.6600000000 0.0710000000
			vertex -0.1474000000 2.6600000000 0.0665000000
			vertex -0.1474000000 2.8035000000 0.0665000000
			vertex -0.1910000000 2.8035000000 0.0710000000
		endloop
	endfacet
	facet normal 0.0000000000 0.0000000000 0.0000000000
		outer loop
			vertex -0.1910000000 2.8035000000 0.0710000000
			vertex -0.1474000000 2.8035000000 0.0665000000
			vertex -0.1474000000 2.9296000000 0.0665000000
			vertex -0.1910000000 2.9296000000 0.0710000000
		endloop
	endfacet
	facet normal 0.0000000000 0.0000000000 0.0000000000
		outer loop
			vertex -0.1910000000 2.9296000000 0.0710000000
			vertex -0.1474000000 2.9296000000 0.0665000000
			vertex -0.1474000000 3.0377000000 0.0665000000
			vertex -0.1910000000 3.0377000000 0.0710000000
		endloop
	endfacet
	facet normal 0.0000000000 0.0000000000 0.0000000000
		outer loop
			vertex -0.1910000000 3.0377000000 0.0710000000
			vertex -0.1474000000 3.0377000000 0.0665000000
			vertex -0.1474000000 3.1271000000 0.0665000000
			vertex -0.1910000000 3.1271000000 0.0710000000
		endloop
	endfacet
	facet normal 0.0000000000 0.0000000000 0.0000000000
		outer loop
			vertex -0.1910000000 3.1271000000 0.0710000000
			vertex -0.1474000000 3.1271000000 0.0665000000
			vertex -0.1474000000 3.1972000000 0.0665000000
			vertex -0.1910000000 3.1972000000 0.0710000000
		endloop
	endfacet
	facet normal 0.0000000000 0.0000000000 0.0000000000
		outer loop
			vertex -0.1910000000 3.1972000000 0.0710000000
			vertex -0.1474000000 3.1972000000 0.0665000000
			vertex -0.1474000000 3.2475000000 0.0665000000
			vertex -0.1910000000 3.2475000000 0.0710000000
		endloop
	endfacet
	facet normal 0.0000000000 0.0000000000 0.0000000000
		outer loop
			vertex -0.1910000000 3.2475000000 0.0710000000
			vertex -0.1474000000 3.2475000000 0.0665000000
			vertex -0.1474000000 3.2779000000 0.0665000000
			vertex -0.1910000000 3.2779000000 0.0710000000
		endloop
	endfacet
	facet normal 0.0000000000 0.0000000000 0.0000000000
		outer loop
			vertex -0.1910000000 3.2779000000 0.0710000000
			vertex -0.1474000000 3.2779000000 0.0665000000
			vertex -0.1474000000 3.2880000000 0.0665000000
			vertex -0.1910000000 3.2880000000 0.0710000000
		endloop
	endfacet
	facet normal 0.0000000000 0.0000000000 0.0000000000
		outer loop
			vertex -0.1910000000 3.2880000000 0.0710000000
			vertex -0.1474000000 3.2880000000 0.0665000000
			vertex -0.1474000000 3.2880000000 0.0000000000
			vertex -0.1910000000 3.2880000000 0.0000000000
		endloop
	endfacet
	facet normal 0.0000000000 0.0000000000 0.0000000000
		outer loop
			vertex -0.1474000000 -3.2880000000 0.0000000000
			vertex -0.1090000000 -3.2880000000 0.0000000000
			vertex -0.1090000000 -3.2880000000 0.0603000000
			vertex -0.1474000000 -3.2880000000 0.0665000000
		endloop
	endfacet
	facet normal 0.0000000000 0.0000000000 0.0000000000
		outer loop
			vertex -0.1474000000 -3.2880000000 0.0665000000
			vertex -0.1090000000 -3.2880000000 0.0603000000
			vertex -0.1090000000 -3.2779000000 0.0603000000
			vertex -0.1474000000 -3.2779000000 0.0665000000
		endloop
	endfacet
	facet normal 0.0000000000 0.0000000000 0.0000000000
		outer loop
			vertex -0.1474000000 -3.2779000000 0.0665000000
			vertex -0.1090000000 -3.2779000000 0.0603000000
			vertex -0.1090000000 -3.2475000000 0.0603000000
			vertex -0.1474000000 -3.2475000000 0.0665000000
		endloop
	endfacet
	facet normal 0.0000000000 0.0000000000 0.0000000000
		outer loop
			vertex -0.1474000000 -3.2475000000 0.0665000000
			vertex -0.1090000000 -3.2475000000 0.0603000000
			vertex -0.1090000000 -3.1972000000 0.0603000000
			vertex -0.1474000000 -3.1972000000 0.0665000000
		endloop
	endfacet
	facet normal 0.0000000000 0.0000000000 0.0000000000
		outer loop
			vertex -0.1474000000 -3.1972000000 0.0665000000
			vertex -0.1090000000 -3.1972000000 0.0603000000
			vertex -0.1090000000 -3.1271000000 0.0603000000
			vertex -0.1474000000 -3.1271000000 0.0665000000
		endloop
	endfacet
	facet normal 0.0000000000 0.0000000000 0.0000000000
		outer loop
			vertex -0.1474000000 -3.1271000000 0.0665000000
			vertex -0.1090000000 -3.1271000000 0.0603000000
			vertex -0.1090000000 -3.0377000000 0.0603000000
			vertex -0.1474000000 -3.0377000000 0.0665000000
		endloop
	endfacet
	facet normal 0.0000000000 0.0000000000 0.0000000000
		outer loop
			vertex -0.1474000000 -3.0377000000 0.0665000000
			vertex -0.1090000000 -3.0377000000 0.0603000000
			vertex -0.1090000000 -2.9296000000 0.0603000000
			vertex -0.1474000000 -2.9296000000 0.0665000000
		endloop
	endfacet
	facet normal 0.0000000000 0.0000000000 0.0000000000
		outer loop
			vertex -0.1474000000 -2.9296000000 0.0665000000
			vertex -0.1090000000 -2.9296000000 0.0603000000
			vertex -0.1090000000 -2.8035000000 0.0603000000
			vertex -0.1474000000 -2.8035000000 0.0665000000
		endloop
	endfacet
	facet normal 0.0000000000 0.0000000000 0.0000000000
		outer loop
			vertex -0.1474000000 -2.8035000000 0.0665000000
			vertex -0.1090000000 -2.8035000000 0.0603000000
			vertex -0.1090000000 -2.6600000000 0.0603000000
			vertex -0.1474000000 -2.6600000000 0.0665000000
		endloop
	endfacet
	facet normal 0.0000000000 0.0000000000 0.0000000000
		outer loop
			vertex -0.1474000000 -2.6600000000 0.0665000000
			vertex -0.1090000000 -2.6600000000 0.0603000000
			vertex -0.1090000000 -2.5002000000 0.0603000000
			vertex -0.1474000000 -2.5002000000 0.0665000000
		endloop
	endfacet
	facet normal 0.0000000000 0.0000000000 0.0000000000
		outer loop
			vertex -0.1474000000 -2.5002000000 0.0665000000
			vertex -0.1090000000 -2.5002000000 0.0603000000
			vertex -0.1090000000 -2.3250000000 0.0603000000
			vertex -0.1474000000 -2.3250000000 0.0665000000
		endloop
	endfacet
	facet normal 0.0000000000 0.0000000000 0.0000000000
		outer loop
			vertex -0.1474000000 -2.3250000000 0.0665000000
			vertex -0.1090000000 -2.3250000000 0.0603000000
			vertex -0.1090000000 -2.1354000000 0.0603000000
			vertex -0.1474000000 -2.1354000000 0.0665000000
		endloop
	endfacet
	facet normal 0.0000000000 0.0000000000 0.0000000000
		outer loop
			vertex -0.1474000000 -2.1354000000 0.0665000000
			vertex -0.1090000000 -2.1354000000 0.0603000000
			vertex -0.1090000000 -1.9326000000 0.0603000000
			vertex -0.1474000000 -1.9326000000 0.0665000000
		endloop
	endfacet
	facet normal 0.0000000000 0.0000000000 0.0000000000
		outer loop
			vertex -0.1474000000 -1.9326000000 0.0665000000
			vertex -0.1090000000 -1.9326000000 0.0603000000
			vertex -0.1090000000 -1.7180000000 0.0603000000
			vertex -0.1474000000 -1.7180000000 0.0665000000
		endloop
	endfacet
	facet normal 0.0000000000 0.0000000000 0.0000000000
		outer loop
			vertex -0.1474000000 -1.7180000000 0.0665000000
			vertex -0.1090000000 -1.7180000000 0.0603000000
			vertex -0.1090000000 -1.4927000000 0.0603000000
			vertex -0.1474000000 -1.4927000000 0.0665000000
		endloop
	endfacet
	facet normal 0.0000000000 0.0000000000 0.0000000000
		outer loop
			vertex -0.1474000000 -1.4927000000 0.0665000000
			vertex -0.1090000000 -1.4927000000 0.0603000000
			vertex -0.1090000000 -1.2583000000 0.0603000000
			vertex -0.1474000000 -1.2583000000 0.0665000000
		endloop
	endfacet
	facet normal 0.0000000000 0.0000000000 0.0000000000
		outer loop
			vertex -0.1474000000 -1.2583000000 0.0665000000
			vertex -0.1090000000 -1.2583000000 0.0603000000
			vertex -0.1090000000 -1.0160000000 0.0603000000
			vertex -0.1474000000 -1.0160000000 0.0665000000
		endloop
	endfacet
	facet normal 0.0000000000 0.0000000000 0.0000000000
		outer loop
			vertex -0.1474000000 -1.0160000000 0.0665000000
			vertex -0.1090000000 -1.0160000000 0.0603000000
			vertex -0.1090000000 -0.7676000000 0.0603000000
			vertex -0.1474000000 -0.7676000000 0.0665000000
		endloop
	endfacet
	facet normal 0.0000000000 0.0000000000 0.0000000000
		outer loop
			vertex -0.1474000000 -0.7676000000 0.0665000000
			vertex -0.1090000000 -0.7676000000 0.0603000000
			vertex -0.1090000000 -0.5144000000 0.0603000000
			vertex -0.1474000000 -0.5144000000 0.0665000000
		endloop
	endfacet
	facet normal 0.0000000000 0.0000000000 0.0000000000
		outer loop
			vertex -0.1474000000 -0.5144000000 0.0665000000
			vertex -0.1090000000 -0.5144000000 0.0603000000
			vertex -0.1090000000 -0.2580000000 0.0603000000
			vertex -0.1474000000 -0.2580000000 0.0665000000
		endloop
	endfacet
	facet normal 0.0000000000 0.0000000000 0.0000000000
		outer loop
			vertex -0.1474000000 -0.2580000000 0.0665000000
			vertex -0.1090000000 -0.2580000000 0.0603000000
			vertex -0.1090000000 0.0000000000 0.0603000000
			vertex -0.1474000000 0.0000000000 0.0665000000
		endloop
	endfacet
	facet normal 0.0000000000 0.0000000000 0.0000000000
		outer loop
			vertex -0.1474000000 0.0000000000 0.0665000000
			vertex -0.1090000000 0.0000000000 0.0603000000
			vertex -0.1090000000 0.2580000000 0.0603000000
			vertex -0.1474000000 0.2580000000 0.0665000000
		endloop
	endfacet
	facet normal 0.0000000000 0.0000000000 0.0000000000
		outer loop
			vertex -0.1474000000 0.2580000000 0.0665000000
			vertex -0.1090000000 0.2580000000 0.0603000000
			vertex -0.1090000000 0.5144000000 0.0603000000
			vertex -0.1474000000 0.5144000000 0.0665000000
		endloop
	endfacet
	facet normal 0.0000000000 0.0000000000 0.0000000000
		outer loop
			vertex -0.1474000000 0.5144000000 0.0665000000
			vertex -0.1090000000 0.5144000000 0.0603000000
			vertex -0.1090000000 0.7676000000 0.0603000000
			vertex -0.1474000000 0.7676000000 0.0665000000
		endloop
	endfacet
	facet normal 0.0000000000 0.0000000000 0.0000000000
		outer loop
			vertex -0.1474000000 0.7676000000 0.0665000000
			vertex -0.1090000000 0.7676000000 0.0603000000
			vertex -0.1090000000 1.0160000000 0.0603000000
			vertex -0.1474000000 1.0160000000 0.0665000000
		endloop
	endfacet
	facet normal 0.0000000000 0.0000000000 0.0000000000
		outer loop
			vertex -0.1474000000 1.0160000000 0.0665000000
			vertex -0.1090000000 1.0160000000 0.0603000000
			vertex -0.1090000000 1.2583000000 0.0603000000
			vertex -0.1474000000 1.2583000000 0.0665000000
		endloop
	endfacet
	facet normal 0.0000000000 0.0000000000 0.0000000000
		outer loop
			vertex -0.1474000000 1.2583000000 0.0665000000
			vertex -0.1090000000 1.2583000000 0.0603000000
			vertex -0.1090000000 1.4927000000 0.0603000000
			vertex -0.1474000000 1.4927000000 0.0665000000
		endloop
	endfacet
	facet normal 0.0000000000 0.0000000000 0.0000000000
		outer loop
			vertex -0.1474000000 1.4927000000 0.0665000000
			vertex -0.1090000000 1.4927000000 0.0603000000
			vertex -0.1090000000 1.7180000000 0.0603000000
			vertex -0.1474000000 1.7180000000 0.0665000000
		endloop
	endfacet
	facet normal 0.0000000000 0.0000000000 0.0000000000
		outer loop
			vertex -0.1474000000 1.7180000000 0.0665000000
			vertex -0.1090000000 1.7180000000 0.0603000000
			vertex -0.1090000000 1.9326000000 0.0603000000
			vertex -0.1474000000 1.9326000000 0.0665000000
		endloop
	endfacet
	facet normal 0.0000000000 0.0000000000 0.0000000000
		outer loop
			vertex -0.1474000000 1.9326000000 0.0665000000
			vertex -0.1090000000 1.9326000000 0.0603000000
			vertex -0.1090000000 2.1354000000 0.0603000000
			vertex -0.1474000000 2.1354000000 0.0665000000
		endloop
	endfacet
	facet normal 0.0000000000 0.0000000000 0.0000000000
		outer loop
			vertex -0.1474000000 2.1354000000 0.0665000000
			vertex -0.1090000000 2.1354000000 0.0603000000
			vertex -0.1090000000 2.3250000000 0.0603000000
			vertex -0.1474000000 2.3250000000 0.0665000000
		endloop
	endfacet
	facet normal 0.0000000000 0.0000000000 0.0000000000
		outer loop
			vertex -0.1474000000 2.3250000000 0.0665000000
			vertex -0.1090000000 2.3250000000 0.0603000000
			vertex -0.1090000000 2.5002000000 0.0603000000
			vertex -0.1474000000 2.5002000000 0.0665000000
		endloop
	endfacet
	facet normal 0.0000000000 0.0000000000 0.0000000000
		outer loop
			vertex -0.1474000000 2.5002000000 0.0665000000
			vertex -0.1090000000 2.5002000000 0.0603000000
			vertex -0.1090000000 2.6600000000 0.0603000000
			vertex -0.1474000000 2.6600000000 0.0665000000
		endloop
	endfacet
	facet normal 0.0000000000 0.0000000000 0.0000000000
		outer loop
			vertex -0.1474000000 2.6600000000 0.0665000000
			vertex -0.1090000000 2.6600000000 0.0603000000
			vertex -0.1090000000 2.8035000000 0.0603000000
			vertex -0.1474000000 2.8035000000 0.0665000000
		endloop
	endfacet
	facet normal 0.0000000000 0.0000000000 0.0000000000
		outer loop
			vertex -0.1474000000 2.8035000000 0.0665000000
			vertex -0.1090000000 2.8035000000 0.0603000000
			vertex -0.1090000000 2.9296000000 0.0603000000
			vertex -0.1474000000 2.9296000000 0.0665000000
		endloop
	endfacet
	facet normal 0.0000000000 0.0000000000 0.0000000000
		outer loop
			vertex -0.1474000000 2.9296000000 0.0665000000
			vertex -0.1090000000 2.9296000000 0.0603000000
			vertex -0.1090000000 3.0377000000 0.0603000000
			vertex -0.1474000000 3.0377000000 0.0665000000
		endloop
	endfacet
	facet normal 0.0000000000 0.0000000000 0.0000000000
		outer loop
			vertex -0.1474000000 3.0377000000 0.0665000000
			vertex -0.1090000000 3.0377000000 0.0603000000
			vertex -0.1090000000 3.1271000000 0.0603000000
			vertex -0.1474000000 3.1271000000 0.0665000000
		endloop
	endfacet
	facet normal 0.0000000000 0.0000000000 0.0000000000
		outer loop
			vertex -0.1474000000 3.1271000000 0.0665000000
			vertex -0.1090000000 3.1271000000 0.0603000000
			vertex -0.1090000000 3.1972000000 0.0603000000
			vertex -0.1474000000 3.1972000000 0.0665000000
		endloop
	endfacet
	facet normal 0.0000000000 0.0000000000 0.0000000000
		outer loop
			vertex -0.1474000000 3.1972000000 0.0665000000
			vertex -0.1090000000 3.1972000000 0.0603000000
			vertex -0.1090000000 3.2475000000 0.0603000000
			vertex -0.1474000000 3.2475000000 0.0665000000
		endloop
	endfacet
	facet normal 0.0000000000 0.0000000000 0.0000000000
		outer loop
			vertex -0.1474000000 3.2475000000 0.0665000000
			vertex -0.1090000000 3.2475000000 0.0603000000
			vertex -0.1090000000 3.2779000000 0.0603000000
			vertex -0.1474000000 3.2779000000 0.0665000000
		endloop
	endfacet
	facet normal 0.0000000000 0.0000000000 0.0000000000
		outer loop
			vertex -0.1474000000 3.2779000000 0.0665000000
			vertex -0.1090000000 3.2779000000 0.0603000000
			vertex -0.1090000000 3.2880000000 0.0603000000
			vertex -0.1474000000 3.2880000000 0.0665000000
		endloop
	endfacet
	facet normal 0.0000000000 0.0000000000 0.0000000000
		outer loop
			vertex -0.1474000000 3.2880000000 0.0665000000
			vertex -0.1090000000 3.2880000000 0.0603000000
			vertex -0.1090000000 3.2880000000 0.0000000000
			vertex -0.1474000000 3.2880000000 0.0000000000
		endloop
	endfacet
	facet normal 0.0000000000 0.0000000000 0.0000000000
		outer loop
			vertex -0.1090000000 -3.2880000000 0.0000000000
			vertex -0.0761000000 -3.2880000000 0.0000000000
			vertex -0.0761000000 -3.2880000000 0.0528000000
			vertex -0.1090000000 -3.2880000000 0.0603000000
		endloop
	endfacet
	facet normal 0.0000000000 0.0000000000 0.0000000000
		outer loop
			vertex -0.1090000000 -3.2880000000 0.0603000000
			vertex -0.0761000000 -3.2880000000 0.0528000000
			vertex -0.0761000000 -3.2779000000 0.0528000000
			vertex -0.1090000000 -3.2779000000 0.0603000000
		endloop
	endfacet
	facet normal 0.0000000000 0.0000000000 0.0000000000
		outer loop
			vertex -0.1090000000 -3.2779000000 0.0603000000
			vertex -0.0761000000 -3.2779000000 0.0528000000
			vertex -0.0761000000 -3.2475000000 0.0528000000
			vertex -0.1090000000 -3.2475000000 0.0603000000
		endloop
	endfacet
	facet normal 0.0000000000 0.0000000000 0.0000000000
		outer loop
			vertex -0.1090000000 -3.2475000000 0.0603000000
			vertex -0.0761000000 -3.2475000000 0.0528000000
			vertex -0.0761000000 -3.1972000000 0.0528000000
			vertex -0.1090000000 -3.1972000000 0.0603000000
		endloop
	endfacet
	facet normal 0.0000000000 0.0000000000 0.0000000000
		outer loop
			vertex -0.1090000000 -3.1972000000 0.0603000000
			vertex -0.0761000000 -3.1972000000 0.0528000000
			vertex -0.0761000000 -3.1271000000 0.0528000000
			vertex -0.1090000000 -3.1271000000 0.0603000000
		endloop
	endfacet
	facet normal 0.0000000000 0.0000000000 0.0000000000
		outer loop
			vertex -0.1090000000 -3.1271000000 0.0603000000
			vertex -0.0761000000 -3.1271000000 0.0528000000
			vertex -0.0761000000 -3.0377000000 0.0528000000
			vertex -0.1090000000 -3.0377000000 0.0603000000
		endloop
	endfacet
	facet normal 0.0000000000 0.0000000000 0.0000000000
		outer loop
			vertex -0.1090000000 -3.0377000000 0.0603000000
			vertex -0.0761000000 -3.0377000000 0.0528000000
			vertex -0.0761000000 -2.9296000000 0.0528000000
			vertex -0.1090000000 -2.9296000000 0.0603000000
		endloop
	endfacet
	facet normal 0.0000000000 0.0000000000 0.0000000000
		outer loop
			vertex -0.1090000000 -2.9296000000 0.0603000000
			vertex -0.0761000000 -2.9296000000 0.0528000000
			vertex -0.0761000000 -2.8035000000 0.0528000000
			vertex -0.1090000000 -2.8035000000 0.0603000000
		endloop
	endfacet
	facet normal 0.0000000000 0.0000000000 0.0000000000
		outer loop
			vertex -0.1090000000 -2.8035000000 0.0603000000
			vertex -0.0761000000 -2.8035000000 0.0528000000
			vertex -0.0761000000 -2.6600000000 0.0528000000
			vertex -0.1090000000 -2.6600000000 0.0603000000
		endloop
	endfacet
	facet normal 0.0000000000 0.0000000000 0.0000000000
		outer loop
			vertex -0.1090000000 -2.6600000000 0.0603000000
			vertex -0.0761000000 -2.6600000000 0.0528000000
			vertex -0.0761000000 -2.5002000000 0.0528000000
			vertex -0.1090000000 -2.5002000000 0.0603000000
		endloop
	endfacet
	facet normal 0.0000000000 0.0000000000 0.0000000000
		outer loop
			vertex -0.1090000000 -2.5002000000 0.0603000000
			vertex -0.0761000000 -2.5002000000 0.0528000000
			vertex -0.0761000000 -2.3250000000 0.0528000000
			vertex -0.1090000000 -2.3250000000 0.0603000000
		endloop
	endfacet
	facet normal 0.0000000000 0.0000000000 0.0000000000
		outer loop
			vertex -0.1090000000 -2.3250000000 0.0603000000
			vertex -0.0761000000 -2.3250000000 0.0528000000
			vertex -0.0761000000 -2.1354000000 0.0528000000
			vertex -0.1090000000 -2.1354000000 0.0603000000
		endloop
	endfacet
	facet normal 0.0000000000 0.0000000000 0.0000000000
		outer loop
			vertex -0.1090000000 -2.1354000000 0.0603000000
			vertex -0.0761000000 -2.1354000000 0.0528000000
			vertex -0.0761000000 -1.9326000000 0.0528000000
			vertex -0.1090000000 -1.9326000000 0.0603000000
		endloop
	endfacet
	facet normal 0.0000000000 0.0000000000 0.0000000000
		outer loop
			vertex -0.1090000000 -1.9326000000 0.0603000000
			vertex -0.0761000000 -1.9326000000 0.0528000000
			vertex -0.0761000000 -1.7180000000 0.0528000000
			vertex -0.1090000000 -1.7180000000 0.0603000000
		endloop
	endfacet
	facet normal 0.0000000000 0.0000000000 0.0000000000
		outer loop
			vertex -0.1090000000 -1.7180000000 0.0603000000
			vertex -0.0761000000 -1.7180000000 0.0528000000
			vertex -0.0761000000 -1.4927000000 0.0528000000
			vertex -0.1090000000 -1.4927000000 0.0603000000
		endloop
	endfacet
	facet normal 0.0000000000 0.0000000000 0.0000000000
		outer loop
			vertex -0.1090000000 -1.4927000000 0.0603000000
			vertex -0.0761000000 -1.4927000000 0.0528000000
			vertex -0.0761000000 -1.2583000000 0.0528000000
			vertex -0.1090000000 -1.2583000000 0.0603000000
		endloop
	endfacet
	facet normal 0.0000000000 0.0000000000 0.0000000000
		outer loop
			vertex -0.1090000000 -1.2583000000 0.0603000000
			vertex -0.0761000000 -1.2583000000 0.0528000000
			vertex -0.0761000000 -1.0160000000 0.0528000000
			vertex -0.1090000000 -1.0160000000 0.0603000000
		endloop
	endfacet
	facet normal 0.0000000000 0.0000000000 0.0000000000
		outer loop
			vertex -0.1090000000 -1.0160000000 0.0603000000
			vertex -0.0761000000 -1.0160000000 0.0528000000
			vertex -0.0761000000 -0.7676000000 0.0528000000
			vertex -0.1090000000 -0.7676000000 0.0603000000
		endloop
	endfacet
	facet normal 0.0000000000 0.0000000000 0.0000000000
		outer loop
			vertex -0.1090000000 -0.7676000000 0.0603000000
			vertex -0.0761000000 -0.7676000000 0.0528000000
			vertex -0.0761000000 -0.5144000000 0.0528000000
			vertex -0.1090000000 -0.5144000000 0.0603000000
		endloop
	endfacet
	facet normal 0.0000000000 0.0000000000 0.0000000000
		outer loop
			vertex -0.1090000000 -0.5144000000 0.0603000000
			vertex -0.0761000000 -0.5144000000 0.0528000000
			vertex -0.0761000000 -0.2580000000 0.0528000000
			vertex -0.1090000000 -0.2580000000 0.0603000000
		endloop
	endfacet
	facet normal 0.0000000000 0.0000000000 0.0000000000
		outer loop
			vertex -0.1090000000 -0.2580000000 0.0603000000
			vertex -0.0761000000 -0.2580000000 0.0528000000
			vertex -0.0761000000 0.0000000000 0.0528000000
			vertex -0.1090000000 0.0000000000 0.0603000000
		endloop
	endfacet
	facet normal 0.0000000000 0.0000000000 0.0000000000
		outer loop
			vertex -0.1090000000 0.0000000000 0.0603000000
			vertex -0.0761000000 0.0000000000 0.0528000000
			vertex -0.0761000000 0.2580000000 0.0528000000
			vertex -0.1090000000 0.2580000000 0.0603000000
		endloop
	endfacet
	facet normal 0.0000000000 0.0000000000 0.0000000000
		outer loop
			vertex -0.1090000000 0.2580000000 0.0603000000
			vertex -0.0761000000 0.2580000000 0.0528000000
			vertex -0.0761000000 0.5144000000 0.0528000000
			vertex -0.1090000000 0.5144000000 0.0603000000
		endloop
	endfacet
	facet normal 0.0000000000 0.0000000000 0.0000000000
		outer loop
			vertex -0.1090000000 0.5144000000 0.0603000000
			vertex -0.0761000000 0.5144000000 0.0528000000
			vertex -0.0761000000 0.7676000000 0.0528000000
			vertex -0.1090000000 0.7676000000 0.0603000000
		endloop
	endfacet
	facet normal 0.0000000000 0.0000000000 0.0000000000
		outer loop
			vertex -0.1090000000 0.7676000000 0.0603000000
			vertex -0.0761000000 0.7676000000 0.0528000000
			vertex -0.0761000000 1.0160000000 0.0528000000
			vertex -0.1090000000 1.0160000000 0.0603000000
		endloop
	endfacet
	facet normal 0.0000000000 0.0000000000 0.0000000000
		outer loop
			vertex -0.1090000000 1.0160000000 0.0603000000
			vertex -0.0761000000 1.0160000000 0.0528000000
			vertex -0.0761000000 1.2583000000 0.0528000000
			vertex -0.1090000000 1.2583000000 0.0603000000
		endloop
	endfacet
	facet normal 0.0000000000 0.0000000000 0.0000000000
		outer loop
			vertex -0.1090000000 1.2583000000 0.0603000000
			vertex -0.0761000000 1.2583000000 0.0528000000
			vertex -0.0761000000 1.4927000000 0.0528000000
			vertex -0.1090000000 1.4927000000 0.0603000000
		endloop
	endfacet
	facet normal 0.0000000000 0.0000000000 0.0000000000
		outer loop
			vertex -0.1090000000 1.4927000000 0.0603000000
			vertex -0.0761000000 1.4927000000 0.0528000000
			vertex -0.0761000000 1.7180000000 0.0528000000
			vertex -0.1090000000 1.7180000000 0.0603000000
		endloop
	endfacet
	facet normal 0.0000000000 0.0000000000 0.0000000000
		outer loop
			vertex -0.1090000000 1.7180000000 0.0603000000
			vertex -0.0761000000 1.7180000000 0.0528000000
			vertex -0.0761000000 1.9326000000 0.0528000000
			vertex -0.1090000000 1.9326000000 0.0603000000
		endloop
	endfacet
	facet normal 0.0000000000 0.0000000000 0.0000000000
		outer loop
			vertex -0.1090000000 1.9326000000 0.0603000000
			vertex -0.0761000000 1.9326000000 0.0528000000
			vertex -0.0761000000 2.1354000000 0.0528000000
			vertex -0.1090000000 2.1354000000 0.0603000000
		endloop
	endfacet
	facet normal 0.0000000000 0.0000000000 0.0000000000
		outer loop
			vertex -0.1090000000 2.1354000000 0.0603000000
			vertex -0.0761000000 2.1354000000 0.0528000000
			vertex -0.0761000000 2.3250000000 0.0528000000
			vertex -0.1090000000 2.3250000000 0.0603000000
		endloop
	endfacet
	facet normal 0.0000000000 0.0000000000 0.0000000000
		outer loop
			vertex -0.1090000000 2.3250000000 0.0603000000
			vertex -0.0761000000 2.3250000000 0.0528000000
			vertex -0.0761000000 2.5002000000 0.0528000000
			vertex -0.1090000000 2.5002000000 0.0603000000
		endloop
	endfacet
	facet normal 0.0000000000 0.0000000000 0.0000000000
		outer loop
			vertex -0.1090000000 2.5002000000 0.0603000000
			vertex -0.0761000000 2.5002000000 0.0528000000
			vertex -0.0761000000 2.6600000000 0.0528000000
			vertex -0.1090000000 2.6600000000 0.0603000000
		endloop
	endfacet
	facet normal 0.0000000000 0.0000000000 0.0000000000
		outer loop
			vertex -0.1090000000 2.6600000000 0.0603000000
			vertex -0.0761000000 2.6600000000 0.0528000000
			vertex -0.0761000000 2.8035000000 0.0528000000
			vertex -0.1090000000 2.8035000000 0.0603000000
		endloop
	endfacet
	facet normal 0.0000000000 0.0000000000 0.0000000000
		outer loop
			vertex -0.1090000000 2.8035000000 0.0603000000
			vertex -0.0761000000 2.8035000000 0.0528000000
			vertex -0.0761000000 2.9296000000 0.0528000000
			vertex -0.1090000000 2.9296000000 0.0603000000
		endloop
	endfacet
	facet normal 0.0000000000 0.0000000000 0.0000000000
		outer loop
			vertex -0.1090000000 2.9296000000 0.0603000000
			vertex -0.0761000000 2.9296000000 0.0528000000
			vertex -0.0761000000 3.0377000000 0.0528000000
			vertex -0.1090000000 3.0377000000 0.0603000000
		endloop
	endfacet
	facet normal 0.0000000000 0.0000000000 0.0000000000
		outer loop
			vertex -0.1090000000 3.0377000000 0.0603000000
			vertex -0.0761000000 3.0377000000 0.0528000000
			vertex -0.0761000000 3.1271000000 0.0528000000
			vertex -0.1090000000 3.1271000000 0.0603000000
		endloop
	endfacet
	facet normal 0.0000000000 0.0000000000 0.0000000000
		outer loop
			vertex -0.1090000000 3.1271000000 0.0603000000
			vertex -0.0761000000 3.1271000000 0.0528000000
			vertex -0.0761000000 3.1972000000 0.0528000000
			vertex -0.1090000000 3.1972000000 0.0603000000
		endloop
	endfacet
	facet normal 0.0000000000 0.0000000000 0.0000000000
		outer loop
			vertex -0.1090000000 3.1972000000 0.0603000000
			vertex -0.0761000000 3.1972000000 0.0528000000
			vertex -0.0761000000 3.2475000000 0.0528000000
			vertex -0.1090000000 3.2475000000 0.0603000000
		endloop
	endfacet
	facet normal 0.0000000000 0.0000000000 0.0000000000
		outer loop
			vertex -0.1090000000 3.2475000000 0.0603000000
			vertex -0.0761000000 3.2475000000 0.0528000000
			vertex -0.0761000000 3.2779000000 0.0528000000
			vertex -0.1090000000 3.2779000000 0.0603000000
		endloop
	endfacet
	facet normal 0.0000000000 0.0000000000 0.0000000000
		outer loop
			vertex -0.1090000000 3.2779000000 0.0603000000
			vertex -0.0761000000 3.2779000000 0.0528000000
			vertex -0.0761000000 3.2880000000 0.0528000000
			vertex -0.1090000000 3.2880000000 0.0603000000
		endloop
	endfacet
	facet normal 0.0000000000 0.0000000000 0.0000000000
		outer loop
			vertex -0.1090000000 3.2880000000 0.0603000000
			vertex -0.0761000000 3.2880000000 0.0528000000
			vertex -0.0761000000 3.2880000000 0.0000000000
			vertex -0.1090000000 3.2880000000 0.0000000000
		endloop
	endfacet
	facet normal 0.0000000000 0.0000000000 0.0000000000
		outer loop
			vertex -0.0761000000 -3.2880000000 0.0000000000
			vertex -0.0489000000 -3.2880000000 0.0000000000
			vertex -0.0489000000 -3.2880000000 0.0440000000
			vertex -0.0761000000 -3.2880000000 0.0528000000
		endloop
	endfacet
	facet normal 0.0000000000 0.0000000000 0.0000000000
		outer loop
			vertex -0.0761000000 -3.2880000000 0.0528000000
			vertex -0.0489000000 -3.2880000000 0.0440000000
			vertex -0.0489000000 -3.2779000000 0.0440000000
			vertex -0.0761000000 -3.2779000000 0.0528000000
		endloop
	endfacet
	facet normal 0.0000000000 0.0000000000 0.0000000000
		outer loop
			vertex -0.0761000000 -3.2779000000 0.0528000000
			vertex -0.0489000000 -3.2779000000 0.0440000000
			vertex -0.0489000000 -3.2475000000 0.0440000000
			vertex -0.0761000000 -3.2475000000 0.0528000000
		endloop
	endfacet
	facet normal 0.0000000000 0.0000000000 0.0000000000
		outer loop
			vertex -0.0761000000 -3.2475000000 0.0528000000
			vertex -0.0489000000 -3.2475000000 0.0440000000
			vertex -0.0489000000 -3.1972000000 0.0440000000
			vertex -0.0761000000 -3.1972000000 0.0528000000
		endloop
	endfacet
	facet normal 0.0000000000 0.0000000000 0.0000000000
		outer loop
			vertex -0.0761000000 -3.1972000000 0.0528000000
			vertex -0.0489000000 -3.1972000000 0.0440000000
			vertex -0.0489000000 -3.1271000000 0.0440000000
			vertex -0.0761000000 -3.1271000000 0.0528000000
		endloop
	endfacet
	facet normal 0.0000000000 0.0000000000 0.0000000000
		outer loop
			vertex -0.0761000000 -3.1271000000 0.0528000000
			vertex -0.0489000000 -3.1271000000 0.0440000000
			vertex -0.0489000000 -3.0377000000 0.0440000000
			vertex -0.0761000000 -3.0377000000 0.0528000000
		endloop
	endfacet
	facet normal 0.0000000000 0.0000000000 0.0000000000
		outer loop
			vertex -0.0761000000 -3.0377000000 0.0528000000
			vertex -0.0489000000 -3.0377000000 0.0440000000
			vertex -0.0489000000 -2.9296000000 0.0440000000
			vertex -0.0761000000 -2.9296000000 0.0528000000
		endloop
	endfacet
	facet normal 0.0000000000 0.0000000000 0.0000000000
		outer loop
			vertex -0.0761000000 -2.9296000000 0.0528000000
			vertex -0.0489000000 -2.9296000000 0.0440000000
			vertex -0.0489000000 -2.8035000000 0.0440000000
			vertex -0.0761000000 -2.8035000000 0.0528000000
		endloop
	endfacet
	facet normal 0.0000000000 0.0000000000 0.0000000000
		outer loop
			vertex -0.0761000000 -2.8035000000 0.0528000000
			vertex -0.0489000000 -2.8035000000 0.0440000000
			vertex -0.0489000000 -2.6600000000 0.0440000000
			vertex -0.0761000000 -2.6600000000 0.0528000000
		endloop
	endfacet
	facet normal 0.0000000000 0.0000000000 0.0000000000
		outer loop
			vertex -0.0761000000 -2.6600000000 0.0528000000
			vertex -0.0489000000 -2.6600000000 0.0440000000
			vertex -0.0489000000 -2.5002000000 0.0440000000
			vertex -0.0761000000 -2.5002000000 0.0528000000
		endloop
	endfacet
	facet normal 0.0000000000 0.0000000000 0.0000000000
		outer loop
			vertex -0.0761000000 -2.5002000000 0.0528000000
			vertex -0.0489000000 -2.5002000000 0.0440000000
			vertex -0.0489000000 -2.3250000000 0.0440000000
			vertex -0.0761000000 -2.3250000000 0.0528000000
		endloop
	endfacet
	facet normal 0.0000000000 0.0000000000 0.0000000000
		outer loop
			vertex -0.0761000000 -2.3250000000 0.0528000000
			vertex -0.0489000000 -2.3250000000 0.0440000000
			vertex -0.0489000000 -2.1354000000 0.0440000000
			vertex -0.0761000000 -2.1354000000 0.0528000000
		endloop
	endfacet
	facet normal 0.0000000000 0.0000000000 0.0000000000
		outer loop
			vertex -0.0761000000 -2.1354000000 0.0528000000
			vertex -0.0489000000 -2.1354000000 0.0440000000
			vertex -0.0489000000 -1.9326000000 0.0440000000
			vertex -0.0761000000 -1.9326000000 0.0528000000
		endloop
	endfacet
	facet normal 0.0000000000 0.0000000000 0.0000000000
		outer loop
			vertex -0.0761000000 -1.9326000000 0.0528000000
			vertex -0.0489000000 -1.9326000000 0.0440000000
			vertex -0.0489000000 -1.7180000000 0.0440000000
			vertex -0.0761000000 -1.7180000000 0.0528000000
		endloop
	endfacet
	facet normal 0.0000000000 0.0000000000 0.0000000000
		outer loop
			vertex -0.0761000000 -1.7180000000 0.0528000000
			vertex -0.0489000000 -1.7180000000 0.0440000000
			vertex -0.0489000000 -1.4927000000 0.0440000000
			vertex -0.0761000000 -1.4927000000 0.0528000000
		endloop
	endfacet
	facet normal 0.0000000000 0.0000000000 0.0000000000
		outer loop
			vertex -0.0761000000 -1.4927000000 0.0528000000
			vertex -0.0489000000 -1.4927000000 0.0440000000
			vertex -0.0489000000 -1.2583000000 0.0440000000
			vertex -0.0761000000 -1.2583000000 0.0528000000
		endloop
	endfacet
	facet normal 0.0000000000 0.0000000000 0.0000000000
		outer loop
			vertex -0.0761000000 -1.2583000000 0.0528000000
			vertex -0.0489000000 -1.2583000000 0.0440000000
			vertex -0.0489000000 -1.0160000000 0.0440000000
			vertex -0.0761000000 -1.0160000000 0.0528000000
		endloop
	endfacet
	facet normal 0.0000000000 0.0000000000 0.0000000000
		outer loop
			vertex -0.0761000000 -1.0160000000 0.0528000000
			vertex -0.0489000000 -1.0160000000 0.0440000000
			vertex -0.0489000000 -0.7676000000 0.0440000000
			vertex -0.0761000000 -0.7676000000 0.0528000000
		endloop
	endfacet
	facet normal 0.0000000000 0.0000000000 0.0000000000
		outer loop
			vertex -0.0761000000 -0.7676000000 0.0528000000
			vertex -0.0489000000 -0.7676000000 0.0440000000
			vertex -0.0489000000 -0.5144000000 0.0440000000
			vertex -0.0761000000 -0.5144000000 0.0528000000
		endloop
	endfacet
	facet normal 0.0000000000 0.0000000000 0.0000000000
		outer loop
			vertex -0.0761000000 -0.5144000000 0.0528000000
			vertex -0.0489000000 -0.5144000000 0.0440000000
			vertex -0.0489000000 -0.2580000000 0.0440000000
			vertex -0.0761000000 -0.2580000000 0.0528000000
		endloop
	endfacet
	facet normal 0.0000000000 0.0000000000 0.0000000000
		outer loop
			vertex -0.0761000000 -0.2580000000 0.0528000000
			vertex -0.0489000000 -0.2580000000 0.0440000000
			vertex -0.0489000000 0.0000000000 0.0440000000
			vertex -0.0761000000 0.0000000000 0.0528000000
		endloop
	endfacet
	facet normal 0.0000000000 0.0000000000 0.0000000000
		outer loop
			vertex -0.0761000000 0.0000000000 0.0528000000
			vertex -0.0489000000 0.0000000000 0.0440000000
			vertex -0.0489000000 0.2580000000 0.0440000000
			vertex -0.0761000000 0.2580000000 0.0528000000
		endloop
	endfacet
	facet normal 0.0000000000 0.0000000000 0.0000000000
		outer loop
			vertex -0.0761000000 0.2580000000 0.0528000000
			vertex -0.0489000000 0.2580000000 0.0440000000
			vertex -0.0489000000 0.5144000000 0.0440000000
			vertex -0.0761000000 0.5144000000 0.0528000000
		endloop
	endfacet
	facet normal 0.0000000000 0.0000000000 0.0000000000
		outer loop
			vertex -0.0761000000 0.5144000000 0.0528000000
			vertex -0.0489000000 0.5144000000 0.0440000000
			vertex -0.0489000000 0.7676000000 0.0440000000
			vertex -0.0761000000 0.7676000000 0.0528000000
		endloop
	endfacet
	facet normal 0.0000000000 0.0000000000 0.0000000000
		outer loop
			vertex -0.0761000000 0.7676000000 0.0528000000
			vertex -0.0489000000 0.7676000000 0.0440000000
			vertex -0.0489000000 1.0160000000 0.0440000000
			vertex -0.0761000000 1.0160000000 0.0528000000
		endloop
	endfacet
	facet normal 0.0000000000 0.0000000000 0.0000000000
		outer loop
			vertex -0.0761000000 1.0160000000 0.0528000000
			vertex -0.0489000000 1.0160000000 0.0440000000
			vertex -0.0489000000 1.2583000000 0.0440000000
			vertex -0.0761000000 1.2583000000 0.0528000000
		endloop
	endfacet
	facet normal 0.0000000000 0.0000000000 0.0000000000
		outer loop
			vertex -0.0761000000 1.2583000000 0.0528000000
			vertex -0.0489000000 1.2583000000 0.0440000000
			vertex -0.0489000000 1.4927000000 0.0440000000
			vertex -0.0761000000 1.4927000000 0.0528000000
		endloop
	endfacet
	facet normal 0.0000000000 0.0000000000 0.0000000000
		outer loop
			vertex -0.0761000000 1.4927000000 0.0528000000
			vertex -0.0489000000 1.4927000000 0.0440000000
			vertex -0.0489000000 1.7180000000 0.0440000000
			vertex -0.0761000000 1.7180000000 0.0528000000
		endloop
	endfacet
	facet normal 0.0000000000 0.0000000000 0.0000000000
		outer loop
			vertex -0.0761000000 1.7180000000 0.0528000000
			vertex -0.0489000000 1.7180000000 0.0440000000
			vertex -0.0489000000 1.9326000000 0.0440000000
			vertex -0.0761000000 1.9326000000 0.0528000000
		endloop
	endfacet
	facet normal 0.0000000000 0.0000000000 0.0000000000
		outer loop
			vertex -0.0761000000 1.9326000000 0.0528000000
			vertex -0.0489000000 1.9326000000 0.0440000000
			vertex -0.0489000000 2.1354000000 0.0440000000
			vertex -0.0761000000 2.1354000000 0.0528000000
		endloop
	endfacet
	facet normal 0.0000000000 0.0000000000 0.0000000000
		outer loop
			vertex -0.0761000000 2.1354000000 0.0528000000
			vertex -0.0489000000 2.1354000000 0.0440000000
			vertex -0.0489000000 2.3250000000 0.0440000000
			vertex -0.0761000000 2.3250000000 0.0528000000
		endloop
	endfacet
	facet normal 0.0000000000 0.0000000000 0.0000000000
		outer loop
			vertex -0.0761000000 2.3250000000 0.0528000000
			vertex -0.0489000000 2.3250000000 0.0440000000
			vertex -0.0489000000 2.5002000000 0.0440000000
			vertex -0.0761000000 2.5002000000 0.0528000000
		endloop
	endfacet
	facet normal 0.0000000000 0.0000000000 0.0000000000
		outer loop
			vertex -0.0761000000 2.5002000000 0.0528000000
			vertex -0.0489000000 2.5002000000 0.0440000000
			vertex -0.0489000000 2.6600000000 0.0440000000
			vertex -0.0761000000 2.6600000000 0.0528000000
		endloop
	endfacet
	facet normal 0.0000000000 0.0000000000 0.0000000000
		outer loop
			vertex -0.0761000000 2.6600000000 0.0528000000
			vertex -0.0489000000 2.6600000000 0.0440000000
			vertex -0.0489000000 2.8035000000 0.0440000000
			vertex -0.0761000000 2.8035000000 0.0528000000
		endloop
	endfacet
	facet normal 0.0000000000 0.0000000000 0.0000000000
		outer loop
			vertex -0.0761000000 2.8035000000 0.0528000000
			vertex -0.0489000000 2.8035000000 0.0440000000
			vertex -0.0489000000 2.9296000000 0.0440000000
			vertex -0.0761000000 2.9296000000 0.0528000000
		endloop
	endfacet
	facet normal 0.0000000000 0.0000000000 0.0000000000
		outer loop
			vertex -0.0761000000 2.9296000000 0.0528000000
			vertex -0.0489000000 2.9296000000 0.0440000000
			vertex -0.0489000000 3.0377000000 0.0440000000
			vertex -0.0761000000 3.0377000000 0.0528000000
		endloop
	endfacet
	facet normal 0.0000000000 0.0000000000 0.0000000000
		outer loop
			vertex -0.0761000000 3.0377000000 0.0528000000
			vertex -0.0489000000 3.0377000000 0.0440000000
			vertex -0.0489000000 3.1271000000 0.0440000000
			vertex -0.0761000000 3.1271000000 0.0528000000
		endloop
	endfacet
	facet normal 0.0000000000 0.0000000000 0.0000000000
		outer loop
			vertex -0.0761000000 3.1271000000 0.0528000000
			vertex -0.0489000000 3.1271000000 0.0440000000
			vertex -0.0489000000 3.1972000000 0.0440000000
			vertex -0.0761000000 3.1972000000 0.0528000000
		endloop
	endfacet
	facet normal 0.0000000000 0.0000000000 0.0000000000
		outer loop
			vertex -0.0761000000 3.1972000000 0.0528000000
			vertex -0.0489000000 3.1972000000 0.0440000000
			vertex -0.0489000000 3.2475000000 0.0440000000
			vertex -0.0761000000 3.2475000000 0.0528000000
		endloop
	endfacet
	facet normal 0.0000000000 0.0000000000 0.0000000000
		outer loop
			vertex -0.0761000000 3.2475000000 0.0528000000
			vertex -0.0489000000 3.2475000000 0.0440000000
			vertex -0.0489000000 3.2779000000 0.0440000000
			vertex -0.0761000000 3.2779000000 0.0528000000
		endloop
	endfacet
	facet normal 0.0000000000 0.0000000000 0.0000000000
		outer loop
			vertex -0.0761000000 3.2779000000 0.0528000000
			vertex -0.0489000000 3.2779000000 0.0440000000
			vertex -0.0489000000 3.2880000000 0.0440000000
			vertex -0.0761000000 3.2880000000 0.0528000000
		endloop
	endfacet
	facet normal 0.0000000000 0.0000000000 0.0000000000
		outer loop
			vertex -0.0761000000 3.2880000000 0.0528000000
			vertex -0.0489000000 3.2880000000 0.0440000000
			vertex -0.0489000000 3.2880000000 0.0000000000
			vertex -0.0761000000 3.2880000000 0.0000000000
		endloop
	endfacet
	facet normal 0.0000000000 0.0000000000 0.0000000000
		outer loop
			vertex -0.0489000000 -3.2880000000 0.0000000000
			vertex -0.0276000000 -3.2880000000 0.0000000000
			vertex -0.0276000000 -3.2880000000 0.0342000000
			vertex -0.0489000000 -3.2880000000 0.0440000000
		endloop
	endfacet
	facet normal 0.0000000000 0.0000000000 0.0000000000
		outer loop
			vertex -0.0489000000 -3.2880000000 0.0440000000
			vertex -0.0276000000 -3.2880000000 0.0342000000
			vertex -0.0276000000 -3.2779000000 0.0342000000
			vertex -0.0489000000 -3.2779000000 0.0440000000
		endloop
	endfacet
	facet normal 0.0000000000 0.0000000000 0.0000000000
		outer loop
			vertex -0.0489000000 -3.2779000000 0.0440000000
			vertex -0.0276000000 -3.2779000000 0.0342000000
			vertex -0.0276000000 -3.2475000000 0.0342000000
			vertex -0.0489000000 -3.2475000000 0.0440000000
		endloop
	endfacet
	facet normal 0.0000000000 0.0000000000 0.0000000000
		outer loop
			vertex -0.0489000000 -3.2475000000 0.0440000000
			vertex -0.0276000000 -3.2475000000 0.0342000000
			vertex -0.0276000000 -3.1972000000 0.0342000000
			vertex -0.0489000000 -3.1972000000 0.0440000000
		endloop
	endfacet
	facet normal 0.0000000000 0.0000000000 0.0000000000
		outer loop
			vertex -0.0489000000 -3.1972000000 0.0440000000
			vertex -0.0276000000 -3.1972000000 0.0342000000
			vertex -0.0276000000 -3.1271000000 0.0342000000
			vertex -0.0489000000 -3.1271000000 0.0440000000
		endloop
	endfacet
	facet normal 0.0000000000 0.0000000000 0.0000000000
		outer loop
			vertex -0.0489000000 -3.1271000000 0.0440000000
			vertex -0.0276000000 -3.1271000000 0.0342000000
			vertex -0.0276000000 -3.0377000000 0.0342000000
			vertex -0.0489000000 -3.0377000000 0.0440000000
		endloop
	endfacet
	facet normal 0.0000000000 0.0000000000 0.0000000000
		outer loop
			vertex -0.0489000000 -3.0377000000 0.0440000000
			vertex -0.0276000000 -3.0377000000 0.0342000000
			vertex -0.0276000000 -2.9296000000 0.0342000000
			vertex -0.0489000000 -2.9296000000 0.0440000000
		endloop
	endfacet
	facet normal 0.0000000000 0.0000000000 0.0000000000
		outer loop
			vertex -0.0489000000 -2.9296000000 0.0440000000
			vertex -0.0276000000 -2.9296000000 0.0342000000
			vertex -0.0276000000 -2.8035000000 0.0342000000
			vertex -0.0489000000 -2.8035000000 0.0440000000
		endloop
	endfacet
	facet normal 0.0000000000 0.0000000000 0.0000000000
		outer loop
			vertex -0.0489000000 -2.8035000000 0.0440000000
			vertex -0.0276000000 -2.8035000000 0.0342000000
			vertex -0.0276000000 -2.6600000000 0.0342000000
			vertex -0.0489000000 -2.6600000000 0.0440000000
		endloop
	endfacet
	facet normal 0.0000000000 0.0000000000 0.0000000000
		outer loop
			vertex -0.0489000000 -2.6600000000 0.0440000000
			vertex -0.0276000000 -2.6600000000 0.0342000000
			vertex -0.0276000000 -2.5002000000 0.0342000000
			vertex -0.0489000000 -2.5002000000 0.0440000000
		endloop
	endfacet
	facet normal 0.0000000000 0.0000000000 0.0000000000
		outer loop
			vertex -0.0489000000 -2.5002000000 0.0440000000
			vertex -0.0276000000 -2.5002000000 0.0342000000
			vertex -0.0276000000 -2.3250000000 0.0342000000
			vertex -0.0489000000 -2.3250000000 0.0440000000
		endloop
	endfacet
	facet normal 0.0000000000 0.0000000000 0.0000000000
		outer loop
			vertex -0.0489000000 -2.3250000000 0.0440000000
			vertex -0.0276000000 -2.3250000000 0.0342000000
			vertex -0.0276000000 -2.1354000000 0.0342000000
			vertex -0.0489000000 -2.1354000000 0.0440000000
		endloop
	endfacet
	facet normal 0.0000000000 0.0000000000 0.0000000000
		outer loop
			vertex -0.0489000000 -2.1354000000 0.0440000000
			vertex -0.0276000000 -2.1354000000 0.0342000000
			vertex -0.0276000000 -1.9326000000 0.0342000000
			vertex -0.0489000000 -1.9326000000 0.0440000000
		endloop
	endfacet
	facet normal 0.0000000000 0.0000000000 0.0000000000
		outer loop
			vertex -0.0489000000 -1.9326000000 0.0440000000
			vertex -0.0276000000 -1.9326000000 0.0342000000
			vertex -0.0276000000 -1.7180000000 0.0342000000
			vertex -0.0489000000 -1.7180000000 0.0440000000
		endloop
	endfacet
	facet normal 0.0000000000 0.0000000000 0.0000000000
		outer loop
			vertex -0.0489000000 -1.7180000000 0.0440000000
			vertex -0.0276000000 -1.7180000000 0.0342000000
			vertex -0.0276000000 -1.4927000000 0.0342000000
			vertex -0.0489000000 -1.4927000000 0.0440000000
		endloop
	endfacet
	facet normal 0.0000000000 0.0000000000 0.0000000000
		outer loop
			vertex -0.0489000000 -1.4927000000 0.0440000000
			vertex -0.0276000000 -1.4927000000 0.0342000000
			vertex -0.0276000000 -1.2583000000 0.0342000000
			vertex -0.0489000000 -1.2583000000 0.0440000000
		endloop
	endfacet
	facet normal 0.0000000000 0.0000000000 0.0000000000
		outer loop
			vertex -0.0489000000 -1.2583000000 0.0440000000
			vertex -0.0276000000 -1.2583000000 0.0342000000
			vertex -0.0276000000 -1.0160000000 0.0342000000
			vertex -0.0489000000 -1.0160000000 0.0440000000
		endloop
	endfacet
	facet normal 0.0000000000 0.0000000000 0.0000000000
		outer loop
			vertex -0.0489000000 -1.0160000000 0.0440000000
			vertex -0.0276000000 -1.0160000000 0.0342000000
			vertex -0.0276000000 -0.7676000000 0.0342000000
			vertex -0.0489000000 -0.7676000000 0.0440000000
		endloop
	endfacet
	facet normal 0.0000000000 0.0000000000 0.0000000000
		outer loop
			vertex -0.0489000000 -0.7676000000 0.0440000000
			vertex -0.0276000000 -0.7676000000 0.0342000000
			vertex -0.0276000000 -0.5144000000 0.0342000000
			vertex -0.0489000000 -0.5144000000 0.0440000000
		endloop
	endfacet
	facet normal 0.0000000000 0.0000000000 0.0000000000
		outer loop
			vertex -0.0489000000 -0.5144000000 0.0440000000
			vertex -0.0276000000 -0.5144000000 0.0342000000
			vertex -0.0276000000 -0.2580000000 0.0342000000
			vertex -0.0489000000 -0.2580000000 0.0440000000
		endloop
	endfacet
	facet normal 0.0000000000 0.0000000000 0.0000000000
		outer loop
			vertex -0.0489000000 -0.2580000000 0.0440000000
			vertex -0.0276000000 -0.2580000000 0.0342000000
			vertex -0.0276000000 0.0000000000 0.0342000000
			vertex -0.0489000000 0.0000000000 0.0440000000
		endloop
	endfacet
	facet normal 0.0000000000 0.0000000000 0.0000000000
		outer loop
			vertex -0.0489000000 0.0000000000 0.0440000000
			vertex -0.0276000000 0.0000000000 0.0342000000
			vertex -0.0276000000 0.2580000000 0.0342000000
			vertex -0.0489000000 0.2580000000 0.0440000000
		endloop
	endfacet
	facet normal 0.0000000000 0.0000000000 0.0000000000
		outer loop
			vertex -0.0489000000 0.2580000000 0.0440000000
			vertex -0.0276000000 0.2580000000 0.0342000000
			vertex -0.0276000000 0.5144000000 0.0342000000
			vertex -0.0489000000 0.5144000000 0.0440000000
		endloop
	endfacet
	facet normal 0.0000000000 0.0000000000 0.0000000000
		outer loop
			vertex -0.0489000000 0.5144000000 0.0440000000
			vertex -0.0276000000 0.5144000000 0.0342000000
			vertex -0.0276000000 0.7676000000 0.0342000000
			vertex -0.0489000000 0.7676000000 0.0440000000
		endloop
	endfacet
	facet normal 0.0000000000 0.0000000000 0.0000000000
		outer loop
			vertex -0.0489000000 0.7676000000 0.0440000000
			vertex -0.0276000000 0.7676000000 0.0342000000
			vertex -0.0276000000 1.0160000000 0.0342000000
			vertex -0.0489000000 1.0160000000 0.0440000000
		endloop
	endfacet
	facet normal 0.0000000000 0.0000000000 0.0000000000
		outer loop
			vertex -0.0489000000 1.0160000000 0.0440000000
			vertex -0.0276000000 1.0160000000 0.0342000000
			vertex -0.0276000000 1.2583000000 0.0342000000
			vertex -0.0489000000 1.2583000000 0.0440000000
		endloop
	endfacet
	facet normal 0.0000000000 0.0000000000 0.0000000000
		outer loop
			vertex -0.0489000000 1.2583000000 0.0440000000
			vertex -0.0276000000 1.2583000000 0.0342000000
			vertex -0.0276000000 1.4927000000 0.0342000000
			vertex -0.0489000000 1.4927000000 0.0440000000
		endloop
	endfacet
	facet normal 0.0000000000 0.0000000000 0.0000000000
		outer loop
			vertex -0.0489000000 1.4927000000 0.0440000000
			vertex -0.0276000000 1.4927000000 0.0342000000
			vertex -0.0276000000 1.7180000000 0.0342000000
			vertex -0.0489000000 1.7180000000 0.0440000000
		endloop
	endfacet
	facet normal 0.0000000000 0.0000000000 0.0000000000
		outer loop
			vertex -0.0489000000 1.7180000000 0.0440000000
			vertex -0.0276000000 1.7180000000 0.0342000000
			vertex -0.0276000000 1.9326000000 0.0342000000
			vertex -0.0489000000 1.9326000000 0.0440000000
		endloop
	endfacet
	facet normal 0.0000000000 0.0000000000 0.0000000000
		outer loop
			vertex -0.0489000000 1.9326000000 0.0440000000
			vertex -0.0276000000 1.9326000000 0.0342000000
			vertex -0.0276000000 2.1354000000 0.0342000000
			vertex -0.0489000000 2.1354000000 0.0440000000
		endloop
	endfacet
	facet normal 0.0000000000 0.0000000000 0.0000000000
		outer loop
			vertex -0.0489000000 2.1354000000 0.0440000000
			vertex -0.0276000000 2.1354000000 0.0342000000
			vertex -0.0276000000 2.3250000000 0.0342000000
			vertex -0.0489000000 2.3250000000 0.0440000000
		endloop
	endfacet
	facet normal 0.0000000000 0.0000000000 0.0000000000
		outer loop
			vertex -0.0489000000 2.3250000000 0.0440000000
			vertex -0.0276000000 2.3250000000 0.0342000000
			vertex -0.0276000000 2.5002000000 0.0342000000
			vertex -0.0489000000 2.5002000000 0.0440000000
		endloop
	endfacet
	facet normal 0.0000000000 0.0000000000 0.0000000000
		outer loop
			vertex -0.0489000000 2.5002000000 0.0440000000
			vertex -0.0276000000 2.5002000000 0.0342000000
			vertex -0.0276000000 2.6600000000 0.0342000000
			vertex -0.0489000000 2.6600000000 0.0440000000
		endloop
	endfacet
	facet normal 0.0000000000 0.0000000000 0.0000000000
		outer loop
			vertex -0.0489000000 2.6600000000 0.0440000000
			vertex -0.0276000000 2.6600000000 0.0342000000
			vertex -0.0276000000 2.8035000000 0.0342000000
			vertex -0.0489000000 2.8035000000 0.0440000000
		endloop
	endfacet
	facet normal 0.0000000000 0.0000000000 0.0000000000
		outer loop
			vertex -0.0489000000 2.8035000000 0.0440000000
			vertex -0.0276000000 2.8035000000 0.0342000000
			vertex -0.0276000000 2.9296000000 0.0342000000
			vertex -0.0489000000 2.9296000000 0.0440000000
		endloop
	endfacet
	facet normal 0.0000000000 0.0000000000 0.0000000000
		outer loop
			vertex -0.0489000000 2.9296000000 0.0440000000
			vertex -0.0276000000 2.9296000000 0.0342000000
			vertex -0.0276000000 3.0377000000 0.0342000000
			vertex -0.0489000000 3.0377000000 0.0440000000
		endloop
	endfacet
	facet normal 0.0000000000 0.0000000000 0.0000000000
		outer loop
			vertex -0.0489000000 3.0377000000 0.0440000000
			vertex -0.0276000000 3.0377000000 0.0342000000
			vertex -0.0276000000 3.1271000000 0.0342000000
			vertex -0.0489000000 3.1271000000 0.0440000000
		endloop
	endfacet
	facet normal 0.0000000000 0.0000000000 0.0000000000
		outer loop
			vertex -0.0489000000 3.1271000000 0.0440000000
			vertex -0.0276000000 3.1271000000 0.0342000000
			vertex -0.0276000000 3.1972000000 0.0342000000
			vertex -0.0489000000 3.1972000000 0.0440000000
		endloop
	endfacet
	facet normal 0.0000000000 0.0000000000 0.0000000000
		outer loop
			vertex -0.0489000000 3.1972000000 0.0440000000
			vertex -0.0276000000 3.1972000000 0.0342000000
			vertex -0.0276000000 3.2475000000 0.0342000000
			vertex -0.0489000000 3.2475000000 0.0440000000
		endloop
	endfacet
	facet normal 0.0000000000 0.0000000000 0.0000000000
		outer loop
			vertex -0.0489000000 3.2475000000 0.0440000000
			vertex -0.0276000000 3.2475000000 0.0342000000
			vertex -0.0276000000 3.2779000000 0.0342000000
			vertex -0.0489000000 3.2779000000 0.0440000000
		endloop
	endfacet
	facet normal 0.0000000000 0.0000000000 0.0000000000
		outer loop
			vertex -0.0489000000 3.2779000000 0.0440000000
			vertex -0.0276000000 3.2779000000 0.0342000000
			vertex -0.0276000000 3.2880000000 0.0342000000
			vertex -0.0489000000 3.2880000000 0.0440000000
		endloop
	endfacet
	facet normal 0.0000000000 0.0000000000 0.0000000000
		outer loop
			vertex -0.0489000000 3.2880000000 0.0440000000
			vertex -0.0276000000 3.2880000000 0.0342000000
			vertex -0.0276000000 3.2880000000 0.0000000000
			vertex -0.0489000000 3.2880000000 0.0000000000
		endloop
	endfacet
	facet normal 0.0000000000 0.0000000000 0.0000000000
		outer loop
			vertex -0.0276000000 -3.2880000000 0.0000000000
			vertex -0.0123000000 -3.2880000000 0.0000000000
			vertex -0.0123000000 -3.2880000000 0.0235000000
			vertex -0.0276000000 -3.2880000000 0.0342000000
		endloop
	endfacet
	facet normal 0.0000000000 0.0000000000 0.0000000000
		outer loop
			vertex -0.0276000000 -3.2880000000 0.0342000000
			vertex -0.0123000000 -3.2880000000 0.0235000000
			vertex -0.0123000000 -3.2779000000 0.0235000000
			vertex -0.0276000000 -3.2779000000 0.0342000000
		endloop
	endfacet
	facet normal 0.0000000000 0.0000000000 0.0000000000
		outer loop
			vertex -0.0276000000 -3.2779000000 0.0342000000
			vertex -0.0123000000 -3.2779000000 0.0235000000
			vertex -0.0123000000 -3.2475000000 0.0235000000
			vertex -0.0276000000 -3.2475000000 0.0342000000
		endloop
	endfacet
	facet normal 0.0000000000 0.0000000000 0.0000000000
		outer loop
			vertex -0.0276000000 -3.2475000000 0.0342000000
			vertex -0.0123000000 -3.2475000000 0.0235000000
			vertex -0.0123000000 -3.1972000000 0.0235000000
			vertex -0.0276000000 -3.1972000000 0.0342000000
		endloop
	endfacet
	facet normal 0.0000000000 0.0000000000 0.0000000000
		outer loop
			vertex -0.0276000000 -3.1972000000 0.0342000000
			vertex -0.0123000000 -3.1972000000 0.0235000000
			vertex -0.0123000000 -3.1271000000 0.0235000000
			vertex -0.0276000000 -3.1271000000 0.0342000000
		endloop
	endfacet
	facet normal 0.0000000000 0.0000000000 0.0000000000
		outer loop
			vertex -0.0276000000 -3.1271000000 0.0342000000
			vertex -0.0123000000 -3.1271000000 0.0235000000
			vertex -0.0123000000 -3.0377000000 0.0235000000
			vertex -0.0276000000 -3.0377000000 0.0342000000
		endloop
	endfacet
	facet normal 0.0000000000 0.0000000000 0.0000000000
		outer loop
			vertex -0.0276000000 -3.0377000000 0.0342000000
			vertex -0.0123000000 -3.0377000000 0.0235000000
			vertex -0.0123000000 -2.9296000000 0.0235000000
			vertex -0.0276000000 -2.9296000000 0.0342000000
		endloop
	endfacet
	facet normal 0.0000000000 0.0000000000 0.0000000000
		outer loop
			vertex -0.0276000000 -2.9296000000 0.0342000000
			vertex -0.0123000000 -2.9296000000 0.0235000000
			vertex -0.0123000000 -2.8035000000 0.0235000000
			vertex -0.0276000000 -2.8035000000 0.0342000000
		endloop
	endfacet
	facet normal 0.0000000000 0.0000000000 0.0000000000
		outer loop
			vertex -0.0276000000 -2.8035000000 0.0342000000
			vertex -0.0123000000 -2.8035000000 0.0235000000
			vertex -0.0123000000 -2.6600000000 0.0235000000
			vertex -0.0276000000 -2.6600000000 0.0342000000
		endloop
	endfacet
	facet normal 0.0000000000 0.0000000000 0.0000000000
		outer loop
			vertex -0.0276000000 -2.6600000000 0.0342000000
			vertex -0.0123000000 -2.6600000000 0.0235000000
			vertex -0.0123000000 -2.5002000000 0.0235000000
			vertex -0.0276000000 -2.5002000000 0.0342000000
		endloop
	endfacet
	facet normal 0.0000000000 0.0000000000 0.0000000000
		outer loop
			vertex -0.0276000000 -2.5002000000 0.0342000000
			vertex -0.0123000000 -2.5002000000 0.0235000000
			vertex -0.0123000000 -2.3250000000 0.0235000000
			vertex -0.0276000000 -2.3250000000 0.0342000000
		endloop
	endfacet
	facet normal 0.0000000000 0.0000000000 0.0000000000
		outer loop
			vertex -0.0276000000 -2.3250000000 0.0342000000
			vertex -0.0123000000 -2.3250000000 0.0235000000
			vertex -0.0123000000 -2.1354000000 0.0235000000
			vertex -0.0276000000 -2.1354000000 0.0342000000
		endloop
	endfacet
	facet normal 0.0000000000 0.0000000000 0.0000000000
		outer loop
			vertex -0.0276000000 -2.1354000000 0.0342000000
			vertex -0.0123000000 -2.1354000000 0.0235000000
			vertex -0.0123000000 -1.9326000000 0.0235000000
			vertex -0.0276000000 -1.9326000000 0.0342000000
		endloop
	endfacet
	facet normal 0.0000000000 0.0000000000 0.0000000000
		outer loop
			vertex -0.0276000000 -1.9326000000 0.0342000000
			vertex -0.0123000000 -1.9326000000 0.0235000000
			vertex -0.0123000000 -1.7180000000 0.0235000000
			vertex -0.0276000000 -1.7180000000 0.0342000000
		endloop
	endfacet
	facet normal 0.0000000000 0.0000000000 0.0000000000
		outer loop
			vertex -0.0276000000 -1.7180000000 0.0342000000
			vertex -0.0123000000 -1.7180000000 0.0235000000
			vertex -0.0123000000 -1.4927000000 0.0235000000
			vertex -0.0276000000 -1.4927000000 0.0342000000
		endloop
	endfacet
	facet normal 0.0000000000 0.0000000000 0.0000000000
		outer loop
			vertex -0.0276000000 -1.4927000000 0.0342000000
			vertex -0.0123000000 -1.4927000000 0.0235000000
			vertex -0.0123000000 -1.2583000000 0.0235000000
			vertex -0.0276000000 -1.2583000000 0.0342000000
		endloop
	endfacet
	facet normal 0.0000000000 0.0000000000 0.0000000000
		outer loop
			vertex -0.0276000000 -1.2583000000 0.0342000000
			vertex -0.0123000000 -1.2583000000 0.0235000000
			vertex -0.0123000000 -1.0160000000 0.0235000000
			vertex -0.0276000000 -1.0160000000 0.0342000000
		endloop
	endfacet
	facet normal 0.0000000000 0.0000000000 0.0000000000
		outer loop
			vertex -0.0276000000 -1.0160000000 0.0342000000
			vertex -0.0123000000 -1.0160000000 0.0235000000
			vertex -0.0123000000 -0.7676000000 0.0235000000
			vertex -0.0276000000 -0.7676000000 0.0342000000
		endloop
	endfacet
	facet normal 0.0000000000 0.0000000000 0.0000000000
		outer loop
			vertex -0.0276000000 -0.7676000000 0.0342000000
			vertex -0.0123000000 -0.7676000000 0.0235000000
			vertex -0.0123000000 -0.5144000000 0.0235000000
			vertex -0.0276000000 -0.5144000000 0.0342000000
		endloop
	endfacet
	facet normal 0.0000000000 0.0000000000 0.0000000000
		outer loop
			vertex -0.0276000000 -0.5144000000 0.0342000000
			vertex -0.0123000000 -0.5144000000 0.0235000000
			vertex -0.0123000000 -0.2580000000 0.0235000000
			vertex -0.0276000000 -0.2580000000 0.0342000000
		endloop
	endfacet
	facet normal 0.0000000000 0.0000000000 0.0000000000
		outer loop
			vertex -0.0276000000 -0.2580000000 0.0342000000
			vertex -0.0123000000 -0.2580000000 0.0235000000
			vertex -0.0123000000 0.0000000000 0.0235000000
			vertex -0.0276000000 0.0000000000 0.0342000000
		endloop
	endfacet
	facet normal 0.0000000000 0.0000000000 0.0000000000
		outer loop
			vertex -0.0276000000 0.0000000000 0.0342000000
			vertex -0.0123000000 0.0000000000 0.0235000000
			vertex -0.0123000000 0.2580000000 0.0235000000
			vertex -0.0276000000 0.2580000000 0.0342000000
		endloop
	endfacet
	facet normal 0.0000000000 0.0000000000 0.0000000000
		outer loop
			vertex -0.0276000000 0.2580000000 0.0342000000
			vertex -0.0123000000 0.2580000000 0.0235000000
			vertex -0.0123000000 0.5144000000 0.0235000000
			vertex -0.0276000000 0.5144000000 0.0342000000
		endloop
	endfacet
	facet normal 0.0000000000 0.0000000000 0.0000000000
		outer loop
			vertex -0.0276000000 0.5144000000 0.0342000000
			vertex -0.0123000000 0.5144000000 0.0235000000
			vertex -0.0123000000 0.7676000000 0.0235000000
			vertex -0.0276000000 0.7676000000 0.0342000000
		endloop
	endfacet
	facet normal 0.0000000000 0.0000000000 0.0000000000
		outer loop
			vertex -0.0276000000 0.7676000000 0.0342000000
			vertex -0.0123000000 0.7676000000 0.0235000000
			vertex -0.0123000000 1.0160000000 0.0235000000
			vertex -0.0276000000 1.0160000000 0.0342000000
		endloop
	endfacet
	facet normal 0.0000000000 0.0000000000 0.0000000000
		outer loop
			vertex -0.0276000000 1.0160000000 0.0342000000
			vertex -0.0123000000 1.0160000000 0.0235000000
			vertex -0.0123000000 1.2583000000 0.0235000000
			vertex -0.0276000000 1.2583000000 0.0342000000
		endloop
	endfacet
	facet normal 0.0000000000 0.0000000000 0.0000000000
		outer loop
			vertex -0.0276000000 1.2583000000 0.0342000000
			vertex -0.0123000000 1.2583000000 0.0235000000
			vertex -0.0123000000 1.4927000000 0.0235000000
			vertex -0.0276000000 1.4927000000 0.0342000000
		endloop
	endfacet
	facet normal 0.0000000000 0.0000000000 0.0000000000
		outer loop
			vertex -0.0276000000 1.4927000000 0.0342000000
			vertex -0.0123000000 1.4927000000 0.0235000000
			vertex -0.0123000000 1.7180000000 0.0235000000
			vertex -0.0276000000 1.7180000000 0.0342000000
		endloop
	endfacet
	facet normal 0.0000000000 0.0000000000 0.0000000000
		outer loop
			vertex -0.0276000000 1.7180000000 0.0342000000
			vertex -0.0123000000 1.7180000000 0.0235000000
			vertex -0.0123000000 1.9326000000 0.0235000000
			vertex -0.0276000000 1.9326000000 0.0342000000
		endloop
	endfacet
	facet normal 0.0000000000 0.0000000000 0.0000000000
		outer loop
			vertex -0.0276000000 1.9326000000 0.0342000000
			vertex -0.0123000000 1.9326000000 0.0235000000
			vertex -0.0123000000 2.1354000000 0.0235000000
			vertex -0.0276000000 2.1354000000 0.0342000000
		endloop
	endfacet
	facet normal 0.0000000000 0.0000000000 0.0000000000
		outer loop
			vertex -0.0276000000 2.1354000000 0.0342000000
			vertex -0.0123000000 2.1354000000 0.0235000000
			vertex -0.0123000000 2.3250000000 0.0235000000
			vertex -0.0276000000 2.3250000000 0.0342000000
		endloop
	endfacet
	facet normal 0.0000000000 0.0000000000 0.0000000000
		outer loop
			vertex -0.0276000000 2.3250000000 0.0342000000
			vertex -0.0123000000 2.3250000000 0.0235000000
			vertex -0.0123000000 2.5002000000 0.0235000000
			vertex -0.0276000000 2.5002000000 0.0342000000
		endloop
	endfacet
	facet normal 0.0000000000 0.0000000000 0.0000000000
		outer loop
			vertex -0.0276000000 2.5002000000 0.0342000000
			vertex -0.0123000000 2.5002000000 0.0235000000
			vertex -0.0123000000 2.6600000000 0.0235000000
			vertex -0.0276000000 2.6600000000 0.0342000000
		endloop
	endfacet
	facet normal 0.0000000000 0.0000000000 0.0000000000
		outer loop
			vertex -0.0276000000 2.6600000000 0.0342000000
			vertex -0.0123000000 2.6600000000 0.0235000000
			vertex -0.0123000000 2.8035000000 0.0235000000
			vertex -0.0276000000 2.8035000000 0.0342000000
		endloop
	endfacet
	facet normal 0.0000000000 0.0000000000 0.0000000000
		outer loop
			vertex -0.0276000000 2.8035000000 0.0342000000
			vertex -0.0123000000 2.8035000000 0.0235000000
			vertex -0.0123000000 2.9296000000 0.0235000000
			vertex -0.0276000000 2.9296000000 0.0342000000
		endloop
	endfacet
	facet normal 0.0000000000 0.0000000000 0.0000000000
		outer loop
			vertex -0.0276000000 2.9296000000 0.0342000000
			vertex -0.0123000000 2.9296000000 0.0235000000
			vertex -0.0123000000 3.0377000000 0.0235000000
			vertex -0.0276000000 3.0377000000 0.0342000000
		endloop
	endfacet
	facet normal 0.0000000000 0.0000000000 0.0000000000
		outer loop
			vertex -0.0276000000 3.0377000000 0.0342000000
			vertex -0.0123000000 3.0377000000 0.0235000000
			vertex -0.0123000000 3.1271000000 0.0235000000
			vertex -0.0276000000 3.1271000000 0.0342000000
		endloop
	endfacet
	facet normal 0.0000000000 0.0000000000 0.0000000000
		outer loop
			vertex -0.0276000000 3.1271000000 0.0342000000
			vertex -0.0123000000 3.1271000000 0.0235000000
			vertex -0.0123000000 3.1972000000 0.0235000000
			vertex -0.0276000000 3.1972000000 0.0342000000
		endloop
	endfacet
	facet normal 0.0000000000 0.0000000000 0.0000000000
		outer loop
			vertex -0.0276000000 3.1972000000 0.0342000000
			vertex -0.0123000000 3.1972000000 0.0235000000
			vertex -0.0123000000 3.2475000000 0.0235000000
			vertex -0.0276000000 3.2475000000 0.0342000000
		endloop
	endfacet
	facet normal 0.0000000000 0.0000000000 0.0000000000
		outer loop
			vertex -0.0276000000 3.2475000000 0.0342000000
			vertex -0.0123000000 3.2475000000 0.0235000000
			vertex -0.0123000000 3.2779000000 0.0235000000
			vertex -0.0276000000 3.2779000000 0.0342000000
		endloop
	endfacet
	facet normal 0.0000000000 0.0000000000 0.0000000000
		outer loop
			vertex -0.0276000000 3.2779000000 0.0342000000
			vertex -0.0123000000 3.2779000000 0.0235000000
			vertex -0.0123000000 3.2880000000 0.0235000000
			vertex -0.0276000000 3.2880000000 0.0342000000
		endloop
	endfacet
	facet normal 0.0000000000 0.0000000000 0.0000000000
		outer loop
			vertex -0.0276000000 3.2880000000 0.0342000000
			vertex -0.0123000000 3.2880000000 0.0235000000
			vertex -0.0123000000 3.2880000000 0.0000000000
			vertex -0.0276000000 3.2880000000 0.0000000000
		endloop
	endfacet
	facet normal 0.0000000000 0.0000000000 0.0000000000
		outer loop
			vertex -0.0123000000 -3.2880000000 0.0000000000
			vertex -0.0031000000 -3.2880000000 0.0000000000
			vertex -0.0031000000 -3.2880000000 0.0121000000
			vertex -0.0123000000 -3.2880000000 0.0235000000
		endloop
	endfacet
	facet normal 0.0000000000 0.0000000000 0.0000000000
		outer loop
			vertex -0.0123000000 -3.2880000000 0.0235000000
			vertex -0.0031000000 -3.2880000000 0.0121000000
			vertex -0.0031000000 -3.2779000000 0.0121000000
			vertex -0.0123000000 -3.2779000000 0.0235000000
		endloop
	endfacet
	facet normal 0.0000000000 0.0000000000 0.0000000000
		outer loop
			vertex -0.0123000000 -3.2779000000 0.0235000000
			vertex -0.0031000000 -3.2779000000 0.0121000000
			vertex -0.0031000000 -3.2475000000 0.0121000000
			vertex -0.0123000000 -3.2475000000 0.0235000000
		endloop
	endfacet
	facet normal 0.0000000000 0.0000000000 0.0000000000
		outer loop
			vertex -0.0123000000 -3.2475000000 0.0235000000
			vertex -0.0031000000 -3.2475000000 0.0121000000
			vertex -0.0031000000 -3.1972000000 0.0121000000
			vertex -0.0123000000 -3.1972000000 0.0235000000
		endloop
	endfacet
	facet normal 0.0000000000 0.0000000000 0.0000000000
		outer loop
			vertex -0.0123000000 -3.1972000000 0.0235000000
			vertex -0.0031000000 -3.1972000000 0.0121000000
			vertex -0.0031000000 -3.1271000000 0.0121000000
			vertex -0.0123000000 -3.1271000000 0.0235000000
		endloop
	endfacet
	facet normal 0.0000000000 0.0000000000 0.0000000000
		outer loop
			vertex -0.0123000000 -3.1271000000 0.0235000000
			vertex -0.0031000000 -3.1271000000 0.0121000000
			vertex -0.0031000000 -3.0377000000 0.0121000000
			vertex -0.0123000000 -3.0377000000 0.0235000000
		endloop
	endfacet
	facet normal 0.0000000000 0.0000000000 0.0000000000
		outer loop
			vertex -0.0123000000 -3.0377000000 0.0235000000
			vertex -0.0031000000 -3.0377000000 0.0121000000
			vertex -0.0031000000 -2.9296000000 0.0121000000
			vertex -0.0123000000 -2.9296000000 0.0235000000
		endloop
	endfacet
	facet normal 0.0000000000 0.0000000000 0.0000000000
		outer loop
			vertex -0.0123000000 -2.9296000000 0.0235000000
			vertex -0.0031000000 -2.9296000000 0.0121000000
			vertex -0.0031000000 -2.8035000000 0.0121000000
			vertex -0.0123000000 -2.8035000000 0.0235000000
		endloop
	endfacet
	facet normal 0.0000000000 0.0000000000 0.0000000000
		outer loop
			vertex -0.0123000000 -2.8035000000 0.0235000000
			vertex -0.0031000000 -2.8035000000 0.0121000000
			vertex -0.0031000000 -2.6600000000 0.0121000000
			vertex -0.0123000000 -2.6600000000 0.0235000000
		endloop
	endfacet
	facet normal 0.0000000000 0.0000000000 0.0000000000
		outer loop
			vertex -0.0123000000 -2.6600000000 0.0235000000
			vertex -0.0031000000 -2.6600000000 0.0121000000
			vertex -0.0031000000 -2.5002000000 0.0121000000
			vertex -0.0123000000 -2.5002000000 0.0235000000
		endloop
	endfacet
	facet normal 0.0000000000 0.0000000000 0.0000000000
		outer loop
			vertex -0.0123000000 -2.5002000000 0.0235000000
			vertex -0.0031000000 -2.5002000000 0.0121000000
			vertex -0.0031000000 -2.3250000000 0.0121000000
			vertex -0.0123000000 -2.3250000000 0.0235000000
		endloop
	endfacet
	facet normal 0.0000000000 0.0000000000 0.0000000000
		outer loop
			vertex -0.0123000000 -2.3250000000 0.0235000000
			vertex -0.0031000000 -2.3250000000 0.0121000000
			vertex -0.0031000000 -2.1354000000 0.0121000000
			vertex -0.0123000000 -2.1354000000 0.0235000000
		endloop
	endfacet
	facet normal 0.0000000000 0.0000000000 0.0000000000
		outer loop
			vertex -0.0123000000 -2.1354000000 0.0235000000
			vertex -0.0031000000 -2.1354000000 0.0121000000
			vertex -0.0031000000 -1.9326000000 0.0121000000
			vertex -0.0123000000 -1.9326000000 0.0235000000
		endloop
	endfacet
	facet normal 0.0000000000 0.0000000000 0.0000000000
		outer loop
			vertex -0.0123000000 -1.9326000000 0.0235000000
			vertex -0.0031000000 -1.9326000000 0.0121000000
			vertex -0.0031000000 -1.7180000000 0.0121000000
			vertex -0.0123000000 -1.7180000000 0.0235000000
		endloop
	endfacet
	facet normal 0.0000000000 0.0000000000 0.0000000000
		outer loop
			vertex -0.0123000000 -1.7180000000 0.0235000000
			vertex -0.0031000000 -1.7180000000 0.0121000000
			vertex -0.0031000000 -1.4927000000 0.0121000000
			vertex -0.0123000000 -1.4927000000 0.0235000000
		endloop
	endfacet
	facet normal 0.0000000000 0.0000000000 0.0000000000
		outer loop
			vertex -0.0123000000 -1.4927000000 0.0235000000
			vertex -0.0031000000 -1.4927000000 0.0121000000
			vertex -0.0031000000 -1.2583000000 0.0121000000
			vertex -0.0123000000 -1.2583000000 0.0235000000
		endloop
	endfacet
	facet normal 0.0000000000 0.0000000000 0.0000000000
		outer loop
			vertex -0.0123000000 -1.2583000000 0.0235000000
			vertex -0.0031000000 -1.2583000000 0.0121000000
			vertex -0.0031000000 -1.0160000000 0.0121000000
			vertex -0.0123000000 -1.0160000000 0.0235000000
		endloop
	endfacet
	facet normal 0.0000000000 0.0000000000 0.0000000000
		outer loop
			vertex -0.0123000000 -1.0160000000 0.0235000000
			vertex -0.0031000000 -1.0160000000 0.0121000000
			vertex -0.0031000000 -0.7676000000 0.0121000000
			vertex -0.0123000000 -0.7676000000 0.0235000000
		endloop
	endfacet
	facet normal 0.0000000000 0.0000000000 0.0000000000
		outer loop
			vertex -0.0123000000 -0.7676000000 0.0235000000
			vertex -0.0031000000 -0.7676000000 0.0121000000
			vertex -0.0031000000 -0.5144000000 0.0121000000
			vertex -0.0123000000 -0.5144000000 0.0235000000
		endloop
	endfacet
	facet normal 0.0000000000 0.0000000000 0.0000000000
		outer loop
			vertex -0.0123000000 -0.5144000000 0.0235000000
			vertex -0.0031000000 -0.5144000000 0.0121000000
			vertex -0.0031000000 -0.2580000000 0.0121000000
			vertex -0.0123000000 -0.2580000000 0.0235000000
		endloop
	endfacet
	facet normal 0.0000000000 0.0000000000 0.0000000000
		outer loop
			vertex -0.0123000000 -0.2580000000 0.0235000000
			vertex -0.0031000000 -0.2580000000 0.0121000000
			vertex -0.0031000000 0.0000000000 0.0121000000
			vertex -0.0123000000 0.0000000000 0.0235000000
		endloop
	endfacet
	facet normal 0.0000000000 0.0000000000 0.0000000000
		outer loop
			vertex -0.0123000000 0.0000000000 0.0235000000
			vertex -0.0031000000 0.0000000000 0.0121000000
			vertex -0.0031000000 0.2580000000 0.0121000000
			vertex -0.0123000000 0.2580000000 0.0235000000
		endloop
	endfacet
	facet normal 0.0000000000 0.0000000000 0.0000000000
		outer loop
			vertex -0.0123000000 0.2580000000 0.0235000000
			vertex -0.0031000000 0.2580000000 0.0121000000
			vertex -0.0031000000 0.5144000000 0.0121000000
			vertex -0.0123000000 0.5144000000 0.0235000000
		endloop
	endfacet
	facet normal 0.0000000000 0.0000000000 0.0000000000
		outer loop
			vertex -0.0123000000 0.5144000000 0.0235000000
			vertex -0.0031000000 0.5144000000 0.0121000000
			vertex -0.0031000000 0.7676000000 0.0121000000
			vertex -0.0123000000 0.7676000000 0.0235000000
		endloop
	endfacet
	facet normal 0.0000000000 0.0000000000 0.0000000000
		outer loop
			vertex -0.0123000000 0.7676000000 0.0235000000
			vertex -0.0031000000 0.7676000000 0.0121000000
			vertex -0.0031000000 1.0160000000 0.0121000000
			vertex -0.0123000000 1.0160000000 0.0235000000
		endloop
	endfacet
	facet normal 0.0000000000 0.0000000000 0.0000000000
		outer loop
			vertex -0.0123000000 1.0160000000 0.0235000000
			vertex -0.0031000000 1.0160000000 0.0121000000
			vertex -0.0031000000 1.2583000000 0.0121000000
			vertex -0.0123000000 1.2583000000 0.0235000000
		endloop
	endfacet
	facet normal 0.0000000000 0.0000000000 0.0000000000
		outer loop
			vertex -0.0123000000 1.2583000000 0.0235000000
			vertex -0.0031000000 1.2583000000 0.0121000000
			vertex -0.0031000000 1.4927000000 0.0121000000
			vertex -0.0123000000 1.4927000000 0.0235000000
		endloop
	endfacet
	facet normal 0.0000000000 0.0000000000 0.0000000000
		outer loop
			vertex -0.0123000000 1.4927000000 0.0235000000
			vertex -0.0031000000 1.4927000000 0.0121000000
			vertex -0.0031000000 1.7180000000 0.0121000000
			vertex -0.0123000000 1.7180000000 0.0235000000
		endloop
	endfacet
	facet normal 0.0000000000 0.0000000000 0.0000000000
		outer loop
			vertex -0.0123000000 1.7180000000 0.0235000000
			vertex -0.0031000000 1.7180000000 0.0121000000
			vertex -0.0031000000 1.9326000000 0.0121000000
			vertex -0.0123000000 1.9326000000 0.0235000000
		endloop
	endfacet
	facet normal 0.0000000000 0.0000000000 0.0000000000
		outer loop
			vertex -0.0123000000 1.9326000000 0.0235000000
			vertex -0.0031000000 1.9326000000 0.0121000000
			vertex -0.0031000000 2.1354000000 0.0121000000
			vertex -0.0123000000 2.1354000000 0.0235000000
		endloop
	endfacet
	facet normal 0.0000000000 0.0000000000 0.0000000000
		outer loop
			vertex -0.0123000000 2.1354000000 0.0235000000
			vertex -0.0031000000 2.1354000000 0.0121000000
			vertex -0.0031000000 2.3250000000 0.0121000000
			vertex -0.0123000000 2.3250000000 0.0235000000
		endloop
	endfacet
	facet normal 0.0000000000 0.0000000000 0.0000000000
		outer loop
			vertex -0.0123000000 2.3250000000 0.0235000000
			vertex -0.0031000000 2.3250000000 0.0121000000
			vertex -0.0031000000 2.5002000000 0.0121000000
			vertex -0.0123000000 2.5002000000 0.0235000000
		endloop
	endfacet
	facet normal 0.0000000000 0.0000000000 0.0000000000
		outer loop
			vertex -0.0123000000 2.5002000000 0.0235000000
			vertex -0.0031000000 2.5002000000 0.0121000000
			vertex -0.0031000000 2.6600000000 0.0121000000
			vertex -0.0123000000 2.6600000000 0.0235000000
		endloop
	endfacet
	facet normal 0.0000000000 0.0000000000 0.0000000000
		outer loop
			vertex -0.0123000000 2.6600000000 0.0235000000
			vertex -0.0031000000 2.6600000000 0.0121000000
			vertex -0.0031000000 2.8035000000 0.0121000000
			vertex -0.0123000000 2.8035000000 0.0235000000
		endloop
	endfacet
	facet normal 0.0000000000 0.0000000000 0.0000000000
		outer loop
			vertex -0.0123000000 2.8035000000 0.0235000000
			vertex -0.0031000000 2.8035000000 0.0121000000
			vertex -0.0031000000 2.9296000000 0.0121000000
			vertex -0.0123000000 2.9296000000 0.0235000000
		endloop
	endfacet
	facet normal 0.0000000000 0.0000000000 0.0000000000
		outer loop
			vertex -0.0123000000 2.9296000000 0.0235000000
			vertex -0.0031000000 2.9296000000 0.0121000000
			vertex -0.0031000000 3.0377000000 0.0121000000
			vertex -0.0123000000 3.0377000000 0.0235000000
		endloop
	endfacet
	facet normal 0.0000000000 0.0000000000 0.0000000000
		outer loop
			vertex -0.0123000000 3.0377000000 0.0235000000
			vertex -0.0031000000 3.0377000000 0.0121000000
			vertex -0.0031000000 3.1271000000 0.0121000000
			vertex -0.0123000000 3.1271000000 0.0235000000
		endloop
	endfacet
	facet normal 0.0000000000 0.0000000000 0.0000000000
		outer loop
			vertex -0.0123000000 3.1271000000 0.0235000000
			vertex -0.0031000000 3.1271000000 0.0121000000
			vertex -0.0031000000 3.1972000000 0.0121000000
			vertex -0.0123000000 3.1972000000 0.0235000000
		endloop
	endfacet
	facet normal 0.0000000000 0.0000000000 0.0000000000
		outer loop
			vertex -0.0123000000 3.1972000000 0.0235000000
			vertex -0.0031000000 3.1972000000 0.0121000000
			vertex -0.0031000000 3.2475000000 0.0121000000
			vertex -0.0123000000 3.2475000000 0.0235000000
		endloop
	endfacet
	facet normal 0.0000000000 0.0000000000 0.0000000000
		outer loop
			vertex -0.0123000000 3.2475000000 0.0235000000
			vertex -0.0031000000 3.2475000000 0.0121000000
			vertex -0.0031000000 3.2779000000 0.0121000000
			vertex -0.0123000000 3.2779000000 0.0235000000
		endloop
	endfacet
	facet normal 0.0000000000 0.0000000000 0.0000000000
		outer loop
			vertex -0.0123000000 3.2779000000 0.0235000000
			vertex -0.0031000000 3.2779000000 0.0121000000
			vertex -0.0031000000 3.2880000000 0.0121000000
			vertex -0.0123000000 3.2880000000 0.0235000000
		endloop
	endfacet
	facet normal 0.0000000000 0.0000000000 0.0000000000
		outer loop
			vertex -0.0123000000 3.2880000000 0.0235000000
			vertex -0.0031000000 3.2880000000 0.0121000000
			vertex -0.0031000000 3.2880000000 0.0000000000
			vertex -0.0123000000 3.2880000000 0.0000000000
		endloop
	endfacet
	facet normal 0.0000000000 0.0000000000 0.0000000000
		outer loop
			vertex -0.0031000000 -3.2880000000 0.0000000000
			vertex 0.0000000000 -3.2880000000 0.0000000000
			vertex 0.0000000000 -3.2880000000 0.0000000000
			vertex -0.0031000000 -3.2880000000 0.0121000000
		endloop
	endfacet
	facet normal 0.0000000000 0.0000000000 0.0000000000
		outer loop
			vertex -0.0031000000 -3.2880000000 0.0121000000
			vertex 0.0000000000 -3.2880000000 0.0000000000
			vertex 0.0000000000 -3.2779000000 0.0000000000
			vertex -0.0031000000 -3.2779000000 0.0121000000
		endloop
	endfacet
	facet normal 0.0000000000 0.0000000000 0.0000000000
		outer loop
			vertex -0.0031000000 -3.2779000000 0.0121000000
			vertex 0.0000000000 -3.2779000000 0.0000000000
			vertex 0.0000000000 -3.2475000000 0.0000000000
			vertex -0.0031000000 -3.2475000000 0.0121000000
		endloop
	endfacet
	facet normal 0.0000000000 0.0000000000 0.0000000000
		outer loop
			vertex -0.0031000000 -3.2475000000 0.0121000000
			vertex 0.0000000000 -3.2475000000 0.0000000000
			vertex 0.0000000000 -3.1972000000 0.0000000000
			vertex -0.0031000000 -3.1972000000 0.0121000000
		endloop
	endfacet
	facet normal 0.0000000000 0.0000000000 0.0000000000
		outer loop
			vertex -0.0031000000 -3.1972000000 0.0121000000
			vertex 0.0000000000 -3.1972000000 0.0000000000
			vertex 0.0000000000 -3.1271000000 0.0000000000
			vertex -0.0031000000 -3.1271000000 0.0121000000
		endloop
	endfacet
	facet normal 0.0000000000 0.0000000000 0.0000000000
		outer loop
			vertex -0.0031000000 -3.1271000000 0.0121000000
			vertex 0.0000000000 -3.1271000000 0.0000000000
			vertex 0.0000000000 -3.0377000000 0.0000000000
			vertex -0.0031000000 -3.0377000000 0.0121000000
		endloop
	endfacet
	facet normal 0.0000000000 0.0000000000 0.0000000000
		outer loop
			vertex -0.0031000000 -3.0377000000 0.0121000000
			vertex 0.0000000000 -3.0377000000 0.0000000000
			vertex 0.0000000000 -2.9296000000 0.0000000000
			vertex -0.0031000000 -2.9296000000 0.0121000000
		endloop
	endfacet
	facet normal 0.0000000000 0.0000000000 0.0000000000
		outer loop
			vertex -0.0031000000 -2.9296000000 0.0121000000
			vertex 0.0000000000 -2.9296000000 0.0000000000
			vertex 0.0000000000 -2.8035000000 0.0000000000
			vertex -0.0031000000 -2.8035000000 0.0121000000
		endloop
	endfacet
	facet normal 0.0000000000 0.0000000000 0.0000000000
		outer loop
			vertex -0.0031000000 -2.8035000000 0.0121000000
			vertex 0.0000000000 -2.8035000000 0.0000000000
			vertex 0.0000000000 -2.6600000000 0.0000000000
			vertex -0.0031000000 -2.6600000000 0.0121000000
		endloop
	endfacet
	facet normal 0.0000000000 0.0000000000 0.0000000000
		outer loop
			vertex -0.0031000000 -2.6600000000 0.0121000000
			vertex 0.0000000000 -2.6600000000 0.0000000000
			vertex 0.0000000000 -2.5002000000 0.0000000000
			vertex -0.0031000000 -2.5002000000 0.0121000000
		endloop
	endfacet
	facet normal 0.0000000000 0.0000000000 0.0000000000
		outer loop
			vertex -0.0031000000 -2.5002000000 0.0121000000
			vertex 0.0000000000 -2.5002000000 0.0000000000
			vertex 0.0000000000 -2.3250000000 0.0000000000
			vertex -0.0031000000 -2.3250000000 0.0121000000
		endloop
	endfacet
	facet normal 0.0000000000 0.0000000000 0.0000000000
		outer loop
			vertex -0.0031000000 -2.3250000000 0.0121000000
			vertex 0.0000000000 -2.3250000000 0.0000000000
			vertex 0.0000000000 -2.1354000000 0.0000000000
			vertex -0.0031000000 -2.1354000000 0.0121000000
		endloop
	endfacet
	facet normal 0.0000000000 0.0000000000 0.0000000000
		outer loop
			vertex -0.0031000000 -2.1354000000 0.0121000000
			vertex 0.0000000000 -2.1354000000 0.0000000000
			vertex 0.0000000000 -1.9326000000 0.0000000000
			vertex -0.0031000000 -1.9326000000 0.0121000000
		endloop
	endfacet
	facet normal 0.0000000000 0.0000000000 0.0000000000
		outer loop
			vertex -0.0031000000 -1.9326000000 0.0121000000
			vertex 0.0000000000 -1.9326000000 0.0000000000
			vertex 0.0000000000 -1.7180000000 0.0000000000
			vertex -0.0031000000 -1.7180000000 0.0121000000
		endloop
	endfacet
	facet normal 0.0000000000 0.0000000000 0.0000000000
		outer loop
			vertex -0.0031000000 -1.7180000000 0.0121000000
			vertex 0.0000000000 -1.7180000000 0.0000000000
			vertex 0.0000000000 -1.4927000000 0.0000000000
			vertex -0.0031000000 -1.4927000000 0.0121000000
		endloop
	endfacet
	facet normal 0.0000000000 0.0000000000 0.0000000000
		outer loop
			vertex -0.0031000000 -1.4927000000 0.0121000000
			vertex 0.0000000000 -1.4927000000 0.0000000000
			vertex 0.0000000000 -1.2583000000 0.0000000000
			vertex -0.0031000000 -1.2583000000 0.0121000000
		endloop
	endfacet
	facet normal 0.0000000000 0.0000000000 0.0000000000
		outer loop
			vertex -0.0031000000 -1.2583000000 0.0121000000
			vertex 0.0000000000 -1.2583000000 0.0000000000
			vertex 0.0000000000 -1.0160000000 0.0000000000
			vertex -0.0031000000 -1.0160000000 0.0121000000
		endloop
	endfacet
	facet normal 0.0000000000 0.0000000000 0.0000000000
		outer loop
			vertex -0.0031000000 -1.0160000000 0.0121000000
			vertex 0.0000000000 -1.0160000000 0.0000000000
			vertex 0.0000000000 -0.7676000000 0.0000000000
			vertex -0.0031000000 -0.7676000000 0.0121000000
		endloop
	endfacet
	facet normal 0.0000000000 0.0000000000 0.0000000000
		outer loop
			vertex -0.0031000000 -0.7676000000 0.0121000000
			vertex 0.0000000000 -0.7676000000 0.0000000000
			vertex 0.0000000000 -0.5144000000 0.0000000000
			vertex -0.0031000000 -0.5144000000 0.0121000000
		endloop
	endfacet
	facet normal 0.0000000000 0.0000000000 0.0000000000
		outer loop
			vertex -0.0031000000 -0.5144000000 0.0121000000
			vertex 0.0000000000 -0.5144000000 0.0000000000
			vertex 0.0000000000 -0.2580000000 0.0000000000
			vertex -0.0031000000 -0.2580000000 0.0121000000
		endloop
	endfacet
	facet normal 0.0000000000 0.0000000000 0.0000000000
		outer loop
			vertex -0.0031000000 -0.2580000000 0.0121000000
			vertex 0.0000000000 -0.2580000000 0.0000000000
			vertex 0.0000000000 0.0000000000 0.0000000000
			vertex -0.0031000000 0.0000000000 0.0121000000
		endloop
	endfacet
	facet normal 0.0000000000 0.0000000000 0.0000000000
		outer loop
			vertex -0.0031000000 0.0000000000 0.0121000000
			vertex 0.0000000000 0.0000000000 0.0000000000
			vertex 0.0000000000 0.2580000000 0.0000000000
			vertex -0.0031000000 0.2580000000 0.0121000000
		endloop
	endfacet
	facet normal 0.0000000000 0.0000000000 0.0000000000
		outer loop
			vertex -0.0031000000 0.2580000000 0.0121000000
			vertex 0.0000000000 0.2580000000 0.0000000000
			vertex 0.0000000000 0.5144000000 0.0000000000
			vertex -0.0031000000 0.5144000000 0.0121000000
		endloop
	endfacet
	facet normal 0.0000000000 0.0000000000 0.0000000000
		outer loop
			vertex -0.0031000000 0.5144000000 0.0121000000
			vertex 0.0000000000 0.5144000000 0.0000000000
			vertex 0.0000000000 0.7676000000 0.0000000000
			vertex -0.0031000000 0.7676000000 0.0121000000
		endloop
	endfacet
	facet normal 0.0000000000 0.0000000000 0.0000000000
		outer loop
			vertex -0.0031000000 0.7676000000 0.0121000000
			vertex 0.0000000000 0.7676000000 0.0000000000
			vertex 0.0000000000 1.0160000000 0.0000000000
			vertex -0.0031000000 1.0160000000 0.0121000000
		endloop
	endfacet
	facet normal 0.0000000000 0.0000000000 0.0000000000
		outer loop
			vertex -0.0031000000 1.0160000000 0.0121000000
			vertex 0.0000000000 1.0160000000 0.0000000000
			vertex 0.0000000000 1.2583000000 0.0000000000
			vertex -0.0031000000 1.2583000000 0.0121000000
		endloop
	endfacet
	facet normal 0.0000000000 0.0000000000 0.0000000000
		outer loop
			vertex -0.0031000000 1.2583000000 0.0121000000
			vertex 0.0000000000 1.2583000000 0.0000000000
			vertex 0.0000000000 1.4927000000 0.0000000000
			vertex -0.0031000000 1.4927000000 0.0121000000
		endloop
	endfacet
	facet normal 0.0000000000 0.0000000000 0.0000000000
		outer loop
			vertex -0.0031000000 1.4927000000 0.0121000000
			vertex 0.0000000000 1.4927000000 0.0000000000
			vertex 0.0000000000 1.7180000000 0.0000000000
			vertex -0.0031000000 1.7180000000 0.0121000000
		endloop
	endfacet
	facet normal 0.0000000000 0.0000000000 0.0000000000
		outer loop
			vertex -0.0031000000 1.7180000000 0.0121000000
			vertex 0.0000000000 1.7180000000 0.0000000000
			vertex 0.0000000000 1.9326000000 0.0000000000
			vertex -0.0031000000 1.9326000000 0.0121000000
		endloop
	endfacet
	facet normal 0.0000000000 0.0000000000 0.0000000000
		outer loop
			vertex -0.0031000000 1.9326000000 0.0121000000
			vertex 0.0000000000 1.9326000000 0.0000000000
			vertex 0.0000000000 2.1354000000 0.0000000000
			vertex -0.0031000000 2.1354000000 0.0121000000
		endloop
	endfacet
	facet normal 0.0000000000 0.0000000000 0.0000000000
		outer loop
			vertex -0.0031000000 2.1354000000 0.0121000000
			vertex 0.0000000000 2.1354000000 0.0000000000
			vertex 0.0000000000 2.3250000000 0.0000000000
			vertex -0.0031000000 2.3250000000 0.0121000000
		endloop
	endfacet
	facet normal 0.0000000000 0.0000000000 0.0000000000
		outer loop
			vertex -0.0031000000 2.3250000000 0.0121000000
			vertex 0.0000000000 2.3250000000 0.0000000000
			vertex 0.0000000000 2.5002000000 0.0000000000
			vertex -0.0031000000 2.5002000000 0.0121000000
		endloop
	endfacet
	facet normal 0.0000000000 0.0000000000 0.0000000000
		outer loop
			vertex -0.0031000000 2.5002000000 0.0121000000
			vertex 0.0000000000 2.5002000000 0.0000000000
			vertex 0.0000000000 2.6600000000 0.0000000000
			vertex -0.0031000000 2.6600000000 0.0121000000
		endloop
	endfacet
	facet normal 0.0000000000 0.0000000000 0.0000000000
		outer loop
			vertex -0.0031000000 2.6600000000 0.0121000000
			vertex 0.0000000000 2.6600000000 0.0000000000
			vertex 0.0000000000 2.8035000000 0.0000000000
			vertex -0.0031000000 2.8035000000 0.0121000000
		endloop
	endfacet
	facet normal 0.0000000000 0.0000000000 0.0000000000
		outer loop
			vertex -0.0031000000 2.8035000000 0.0121000000
			vertex 0.0000000000 2.8035000000 0.0000000000
			vertex 0.0000000000 2.9296000000 0.0000000000
			vertex -0.0031000000 2.9296000000 0.0121000000
		endloop
	endfacet
	facet normal 0.0000000000 0.0000000000 0.0000000000
		outer loop
			vertex -0.0031000000 2.9296000000 0.0121000000
			vertex 0.0000000000 2.9296000000 0.0000000000
			vertex 0.0000000000 3.0377000000 0.0000000000
			vertex -0.0031000000 3.0377000000 0.0121000000
		endloop
	endfacet
	facet normal 0.0000000000 0.0000000000 0.0000000000
		outer loop
			vertex -0.0031000000 3.0377000000 0.0121000000
			vertex 0.0000000000 3.0377000000 0.0000000000
			vertex 0.0000000000 3.1271000000 0.0000000000
			vertex -0.0031000000 3.1271000000 0.0121000000
		endloop
	endfacet
	facet normal 0.0000000000 0.0000000000 0.0000000000
		outer loop
			vertex -0.0031000000 3.1271000000 0.0121000000
			vertex 0.0000000000 3.1271000000 0.0000000000
			vertex 0.0000000000 3.1972000000 0.0000000000
			vertex -0.0031000000 3.1972000000 0.0121000000
		endloop
	endfacet
	facet normal 0.0000000000 0.0000000000 0.0000000000
		outer loop
			vertex -0.0031000000 3.1972000000 0.0121000000
			vertex 0.0000000000 3.1972000000 0.0000000000
			vertex 0.0000000000 3.2475000000 0.0000000000
			vertex -0.0031000000 3.2475000000 0.0121000000
		endloop
	endfacet
	facet normal 0.0000000000 0.0000000000 0.0000000000
		outer loop
			vertex -0.0031000000 3.2475000000 0.0121000000
			vertex 0.0000000000 3.2475000000 0.0000000000
			vertex 0.0000000000 3.2779000000 0.0000000000
			vertex -0.0031000000 3.2779000000 0.0121000000
		endloop
	endfacet
	facet normal 0.0000000000 0.0000000000 0.0000000000
		outer loop
			vertex -0.0031000000 3.2779000000 0.0121000000
			vertex 0.0000000000 3.2779000000 0.0000000000
			vertex 0.0000000000 3.2880000000 0.0000000000
			vertex -0.0031000000 3.2880000000 0.0121000000
		endloop
	endfacet
	facet normal 0.0000000000 0.0000000000 0.0000000000
		outer loop
			vertex -0.0031000000 3.2880000000 0.0121000000
			vertex 0.0000000000 3.2880000000 0.0000000000
			vertex 0.0000000000 3.2880000000 0.0000000000
			vertex -0.0031000000 3.2880000000 0.0000000000
		endloop
	endfacet
	facet normal 0.0000000000 0.0000000000 0.0000000000
		outer loop
			vertex 0.0000000000 -3.2880000000 0.0000000000
			vertex -0.0031000000 -3.2880000000 0.0000000000
			vertex -0.0031000000 -3.2880000000 -0.0121000000
			vertex 0.0000000000 -3.2880000000 0.0000000000
		endloop
	endfacet
	facet normal 0.0000000000 0.0000000000 0.0000000000
		outer loop
			vertex 0.0000000000 -3.2880000000 0.0000000000
			vertex -0.0031000000 -3.2880000000 -0.0121000000
			vertex -0.0031000000 -3.2779000000 -0.0121000000
			vertex 0.0000000000 -3.2779000000 0.0000000000
		endloop
	endfacet
	facet normal 0.0000000000 0.0000000000 0.0000000000
		outer loop
			vertex 0.0000000000 -3.2779000000 0.0000000000
			vertex -0.0031000000 -3.2779000000 -0.0121000000
			vertex -0.0031000000 -3.2475000000 -0.0121000000
			vertex 0.0000000000 -3.2475000000 0.0000000000
		endloop
	endfacet
	facet normal 0.0000000000 0.0000000000 0.0000000000
		outer loop
			vertex 0.0000000000 -3.2475000000 0.0000000000
			vertex -0.0031000000 -3.2475000000 -0.0121000000
			vertex -0.0031000000 -3.1972000000 -0.0121000000
			vertex 0.0000000000 -3.1972000000 0.0000000000
		endloop
	endfacet
	facet normal 0.0000000000 0.0000000000 0.0000000000
		outer loop
			vertex 0.0000000000 -3.1972000000 0.0000000000
			vertex -0.0031000000 -3.1972000000 -0.0121000000
			vertex -0.0031000000 -3.1271000000 -0.0121000000
			vertex 0.0000000000 -3.1271000000 0.0000000000
		endloop
	endfacet
	facet normal 0.0000000000 0.0000000000 0.0000000000
		outer loop
			vertex 0.0000000000 -3.1271000000 0.0000000000
			vertex -0.0031000000 -3.1271000000 -0.0121000000
			vertex -0.0031000000 -3.0377000000 -0.0121000000
			vertex 0.0000000000 -3.0377000000 0.0000000000
		endloop
	endfacet
	facet normal 0.0000000000 0.0000000000 0.0000000000
		outer loop
			vertex 0.0000000000 -3.0377000000 0.0000000000
			vertex -0.0031000000 -3.0377000000 -0.0121000000
			vertex -0.0031000000 -2.9296000000 -0.0121000000
			vertex 0.0000000000 -2.9296000000 0.0000000000
		endloop
	endfacet
	facet normal 0.0000000000 0.0000000000 0.0000000000
		outer loop
			vertex 0.0000000000 -2.9296000000 0.0000000000
			vertex -0.0031000000 -2.9296000000 -0.0121000000
			vertex -0.0031000000 -2.8035000000 -0.0121000000
			vertex 0.0000000000 -2.8035000000 0.0000000000
		endloop
	endfacet
	facet normal 0.0000000000 0.0000000000 0.0000000000
		outer loop
			vertex 0.0000000000 -2.8035000000 0.0000000000
			vertex -0.0031000000 -2.8035000000 -0.0121000000
			vertex -0.0031000000 -2.6600000000 -0.0121000000
			vertex 0.0000000000 -2.6600000000 0.0000000000
		endloop
	endfacet
	facet normal 0.0000000000 0.0000000000 0.0000000000
		outer loop
			vertex 0.0000000000 -2.6600000000 0.0000000000
			vertex -0.0031000000 -2.6600000000 -0.0121000000
			vertex -0.0031000000 -2.5002000000 -0.0121000000
			vertex 0.0000000000 -2.5002000000 0.0000000000
		endloop
	endfacet
	facet normal 0.0000000000 0.0000000000 0.0000000000
		outer loop
			vertex 0.0000000000 -2.5002000000 0.0000000000
			vertex -0.0031000000 -2.5002000000 -0.0121000000
			vertex -0.0031000000 -2.3250000000 -0.0121000000
			vertex 0.0000000000 -2.3250000000 0.0000000000
		endloop
	endfacet
	facet normal 0.0000000000 0.0000000000 0.0000000000
		outer loop
			vertex 0.0000000000 -2.3250000000 0.0000000000
			vertex -0.0031000000 -2.3250000000 -0.0121000000
			vertex -0.0031000000 -2.1354000000 -0.0121000000
			vertex 0.0000000000 -2.1354000000 0.0000000000
		endloop
	endfacet
	facet normal 0.0000000000 0.0000000000 0.0000000000
		outer loop
			vertex 0.0000000000 -2.1354000000 0.0000000000
			vertex -0.0031000000 -2.1354000000 -0.0121000000
			vertex -0.0031000000 -1.9326000000 -0.0121000000
			vertex 0.0000000000 -1.9326000000 0.0000000000
		endloop
	endfacet
	facet normal 0.0000000000 0.0000000000 0.0000000000
		outer loop
			vertex 0.0000000000 -1.9326000000 0.0000000000
			vertex -0.0031000000 -1.9326000000 -0.0121000000
			vertex -0.0031000000 -1.7180000000 -0.0121000000
			vertex 0.0000000000 -1.7180000000 0.0000000000
		endloop
	endfacet
	facet normal 0.0000000000 0.0000000000 0.0000000000
		outer loop
			vertex 0.0000000000 -1.7180000000 0.0000000000
			vertex -0.0031000000 -1.7180000000 -0.0121000000
			vertex -0.0031000000 -1.4927000000 -0.0121000000
			vertex 0.0000000000 -1.4927000000 0.0000000000
		endloop
	endfacet
	facet normal 0.0000000000 0.0000000000 0.0000000000
		outer loop
			vertex 0.0000000000 -1.4927000000 0.0000000000
			vertex -0.0031000000 -1.4927000000 -0.0121000000
			vertex -0.0031000000 -1.2583000000 -0.0121000000
			vertex 0.0000000000 -1.2583000000 0.0000000000
		endloop
	endfacet
	facet normal 0.0000000000 0.0000000000 0.0000000000
		outer loop
			vertex 0.0000000000 -1.2583000000 0.0000000000
			vertex -0.0031000000 -1.2583000000 -0.0121000000
			vertex -0.0031000000 -1.0160000000 -0.0121000000
			vertex 0.0000000000 -1.0160000000 0.0000000000
		endloop
	endfacet
	facet normal 0.0000000000 0.0000000000 0.0000000000
		outer loop
			vertex 0.0000000000 -1.0160000000 0.0000000000
			vertex -0.0031000000 -1.0160000000 -0.0121000000
			vertex -0.0031000000 -0.7676000000 -0.0121000000
			vertex 0.0000000000 -0.7676000000 0.0000000000
		endloop
	endfacet
	facet normal 0.0000000000 0.0000000000 0.0000000000
		outer loop
			vertex 0.0000000000 -0.7676000000 0.0000000000
			vertex -0.0031000000 -0.7676000000 -0.0121000000
			vertex -0.0031000000 -0.5144000000 -0.0121000000
			vertex 0.0000000000 -0.5144000000 0.0000000000
		endloop
	endfacet
	facet normal 0.0000000000 0.0000000000 0.0000000000
		outer loop
			vertex 0.0000000000 -0.5144000000 0.0000000000
			vertex -0.0031000000 -0.5144000000 -0.0121000000
			vertex -0.0031000000 -0.2580000000 -0.0121000000
			vertex 0.0000000000 -0.2580000000 0.0000000000
		endloop
	endfacet
	facet normal 0.0000000000 0.0000000000 0.0000000000
		outer loop
			vertex 0.0000000000 -0.2580000000 0.0000000000
			vertex -0.0031000000 -0.2580000000 -0.0121000000
			vertex -0.0031000000 0.0000000000 -0.0121000000
			vertex 0.0000000000 0.0000000000 0.0000000000
		endloop
	endfacet
	facet normal 0.0000000000 0.0000000000 0.0000000000
		outer loop
			vertex 0.0000000000 0.0000000000 0.0000000000
			vertex -0.0031000000 0.0000000000 -0.0121000000
			vertex -0.0031000000 0.2580000000 -0.0121000000
			vertex 0.0000000000 0.2580000000 0.0000000000
		endloop
	endfacet
	facet normal 0.0000000000 0.0000000000 0.0000000000
		outer loop
			vertex 0.0000000000 0.2580000000 0.0000000000
			vertex -0.0031000000 0.2580000000 -0.0121000000
			vertex -0.0031000000 0.5144000000 -0.0121000000
			vertex 0.0000000000 0.5144000000 0.0000000000
		endloop
	endfacet
	facet normal 0.0000000000 0.0000000000 0.0000000000
		outer loop
			vertex 0.0000000000 0.5144000000 0.0000000000
			vertex -0.0031000000 0.5144000000 -0.0121000000
			vertex -0.0031000000 0.7676000000 -0.0121000000
			vertex 0.0000000000 0.7676000000 0.0000000000
		endloop
	endfacet
	facet normal 0.0000000000 0.0000000000 0.0000000000
		outer loop
			vertex 0.0000000000 0.7676000000 0.0000000000
			vertex -0.0031000000 0.7676000000 -0.0121000000
			vertex -0.0031000000 1.0160000000 -0.0121000000
			vertex 0.0000000000 1.0160000000 0.0000000000
		endloop
	endfacet
	facet normal 0.0000000000 0.0000000000 0.0000000000
		outer loop
			vertex 0.0000000000 1.0160000000 0.0000000000
			vertex -0.0031000000 1.0160000000 -0.0121000000
			vertex -0.0031000000 1.2583000000 -0.0121000000
			vertex 0.0000000000 1.2583000000 0.0000000000
		endloop
	endfacet
	facet normal 0.0000000000 0.0000000000 0.0000000000
		outer loop
			vertex 0.0000000000 1.2583000000 0.0000000000
			vertex -0.0031000000 1.2583000000 -0.0121000000
			vertex -0.0031000000 1.4927000000 -0.0121000000
			vertex 0.0000000000 1.4927000000 0.0000000000
		endloop
	endfacet
	facet normal 0.0000000000 0.0000000000 0.0000000000
		outer loop
			vertex 0.0000000000 1.4927000000 0.0000000000
			vertex -0.0031000000 1.4927000000 -0.0121000000
			vertex -0.0031000000 1.7180000000 -0.0121000000
			vertex 0.0000000000 1.7180000000 0.0000000000
		endloop
	endfacet
	facet normal 0.0000000000 0.0000000000 0.0000000000
		outer loop
			vertex 0.0000000000 1.7180000000 0.0000000000
			vertex -0.0031000000 1.7180000000 -0.0121000000
			vertex -0.0031000000 1.9326000000 -0.0121000000
			vertex 0.0000000000 1.9326000000 0.0000000000
		endloop
	endfacet
	facet normal 0.0000000000 0.0000000000 0.0000000000
		outer loop
			vertex 0.0000000000 1.9326000000 0.0000000000
			vertex -0.0031000000 1.9326000000 -0.0121000000
			vertex -0.0031000000 2.1354000000 -0.0121000000
			vertex 0.0000000000 2.1354000000 0.0000000000
		endloop
	endfacet
	facet normal 0.0000000000 0.0000000000 0.0000000000
		outer loop
			vertex 0.0000000000 2.1354000000 0.0000000000
			vertex -0.0031000000 2.1354000000 -0.0121000000
			vertex -0.0031000000 2.3250000000 -0.0121000000
			vertex 0.0000000000 2.3250000000 0.0000000000
		endloop
	endfacet
	facet normal 0.0000000000 0.0000000000 0.0000000000
		outer loop
			vertex 0.0000000000 2.3250000000 0.0000000000
			vertex -0.0031000000 2.3250000000 -0.0121000000
			vertex -0.0031000000 2.5002000000 -0.0121000000
			vertex 0.0000000000 2.5002000000 0.0000000000
		endloop
	endfacet
	facet normal 0.0000000000 0.0000000000 0.0000000000
		outer loop
			vertex 0.0000000000 2.5002000000 0.0000000000
			vertex -0.0031000000 2.5002000000 -0.0121000000
			vertex -0.0031000000 2.6600000000 -0.0121000000
			vertex 0.0000000000 2.6600000000 0.0000000000
		endloop
	endfacet
	facet normal 0.0000000000 0.0000000000 0.0000000000
		outer loop
			vertex 0.0000000000 2.6600000000 0.0000000000
			vertex -0.0031000000 2.6600000000 -0.0121000000
			vertex -0.0031000000 2.8035000000 -0.0121000000
			vertex 0.0000000000 2.8035000000 0.0000000000
		endloop
	endfacet
	facet normal 0.0000000000 0.0000000000 0.0000000000
		outer loop
			vertex 0.0000000000 2.8035000000 0.0000000000
			vertex -0.0031000000 2.8035000000 -0.0121000000
			vertex -0.0031000000 2.9296000000 -0.0121000000
			vertex 0.0000000000 2.9296000000 0.0000000000
		endloop
	endfacet
	facet normal 0.0000000000 0.0000000000 0.0000000000
		outer loop
			vertex 0.0000000000 2.9296000000 0.0000000000
			vertex -0.0031000000 2.9296000000 -0.0121000000
			vertex -0.0031000000 3.0377000000 -0.0121000000
			vertex 0.0000000000 3.0377000000 0.0000000000
		endloop
	endfacet
	facet normal 0.0000000000 0.0000000000 0.0000000000
		outer loop
			vertex 0.0000000000 3.0377000000 0.0000000000
			vertex -0.0031000000 3.0377000000 -0.0121000000
			vertex -0.0031000000 3.1271000000 -0.0121000000
			vertex 0.0000000000 3.1271000000 0.0000000000
		endloop
	endfacet
	facet normal 0.0000000000 0.0000000000 0.0000000000
		outer loop
			vertex 0.0000000000 3.1271000000 0.0000000000
			vertex -0.0031000000 3.1271000000 -0.0121000000
			vertex -0.0031000000 3.1972000000 -0.0121000000
			vertex 0.0000000000 3.1972000000 0.0000000000
		endloop
	endfacet
	facet normal 0.0000000000 0.0000000000 0.0000000000
		outer loop
			vertex 0.0000000000 3.1972000000 0.0000000000
			vertex -0.0031000000 3.1972000000 -0.0121000000
			vertex -0.0031000000 3.2475000000 -0.0121000000
			vertex 0.0000000000 3.2475000000 0.0000000000
		endloop
	endfacet
	facet normal 0.0000000000 0.0000000000 0.0000000000
		outer loop
			vertex 0.0000000000 3.2475000000 0.0000000000
			vertex -0.0031000000 3.2475000000 -0.0121000000
			vertex -0.0031000000 3.2779000000 -0.0121000000
			vertex 0.0000000000 3.2779000000 0.0000000000
		endloop
	endfacet
	facet normal 0.0000000000 0.0000000000 0.0000000000
		outer loop
			vertex 0.0000000000 3.2779000000 0.0000000000
			vertex -0.0031000000 3.2779000000 -0.0121000000
			vertex -0.0031000000 3.2880000000 -0.0121000000
			vertex 0.0000000000 3.2880000000 0.0000000000
		endloop
	endfacet
	facet normal 0.0000000000 0.0000000000 0.0000000000
		outer loop
			vertex 0.0000000000 3.2880000000 0.0000000000
			vertex -0.0031000000 3.2880000000 -0.0121000000
			vertex -0.0031000000 3.2880000000 0.0000000000
			vertex 0.0000000000 3.2880000000 0.0000000000
		endloop
	endfacet
	facet normal 0.0000000000 0.0000000000 0.0000000000
		outer loop
			vertex -0.0031000000 -3.2880000000 0.0000000000
			vertex -0.0123000000 -3.2880000000 0.0000000000
			vertex -0.0123000000 -3.2880000000 -0.0235000000
			vertex -0.0031000000 -3.2880000000 -0.0121000000
		endloop
	endfacet
	facet normal 0.0000000000 0.0000000000 0.0000000000
		outer loop
			vertex -0.0031000000 -3.2880000000 -0.0121000000
			vertex -0.0123000000 -3.2880000000 -0.0235000000
			vertex -0.0123000000 -3.2779000000 -0.0235000000
			vertex -0.0031000000 -3.2779000000 -0.0121000000
		endloop
	endfacet
	facet normal 0.0000000000 0.0000000000 0.0000000000
		outer loop
			vertex -0.0031000000 -3.2779000000 -0.0121000000
			vertex -0.0123000000 -3.2779000000 -0.0235000000
			vertex -0.0123000000 -3.2475000000 -0.0235000000
			vertex -0.0031000000 -3.2475000000 -0.0121000000
		endloop
	endfacet
	facet normal 0.0000000000 0.0000000000 0.0000000000
		outer loop
			vertex -0.0031000000 -3.2475000000 -0.0121000000
			vertex -0.0123000000 -3.2475000000 -0.0235000000
			vertex -0.0123000000 -3.1972000000 -0.0235000000
			vertex -0.0031000000 -3.1972000000 -0.0121000000
		endloop
	endfacet
	facet normal 0.0000000000 0.0000000000 0.0000000000
		outer loop
			vertex -0.0031000000 -3.1972000000 -0.0121000000
			vertex -0.0123000000 -3.1972000000 -0.0235000000
			vertex -0.0123000000 -3.1271000000 -0.0235000000
			vertex -0.0031000000 -3.1271000000 -0.0121000000
		endloop
	endfacet
	facet normal 0.0000000000 0.0000000000 0.0000000000
		outer loop
			vertex -0.0031000000 -3.1271000000 -0.0121000000
			vertex -0.0123000000 -3.1271000000 -0.0235000000
			vertex -0.0123000000 -3.0377000000 -0.0235000000
			vertex -0.0031000000 -3.0377000000 -0.0121000000
		endloop
	endfacet
	facet normal 0.0000000000 0.0000000000 0.0000000000
		outer loop
			vertex -0.0031000000 -3.0377000000 -0.0121000000
			vertex -0.0123000000 -3.0377000000 -0.0235000000
			vertex -0.0123000000 -2.9296000000 -0.0235000000
			vertex -0.0031000000 -2.9296000000 -0.0121000000
		endloop
	endfacet
	facet normal 0.0000000000 0.0000000000 0.0000000000
		outer loop
			vertex -0.0031000000 -2.9296000000 -0.0121000000
			vertex -0.0123000000 -2.9296000000 -0.0235000000
			vertex -0.0123000000 -2.8035000000 -0.0235000000
			vertex -0.0031000000 -2.8035000000 -0.0121000000
		endloop
	endfacet
	facet normal 0.0000000000 0.0000000000 0.0000000000
		outer loop
			vertex -0.0031000000 -2.8035000000 -0.0121000000
			vertex -0.0123000000 -2.8035000000 -0.0235000000
			vertex -0.0123000000 -2.6600000000 -0.0235000000
			vertex -0.0031000000 -2.6600000000 -0.0121000000
		endloop
	endfacet
	facet normal 0.0000000000 0.0000000000 0.0000000000
		outer loop
			vertex -0.0031000000 -2.6600000000 -0.0121000000
			vertex -0.0123000000 -2.6600000000 -0.0235000000
			vertex -0.0123000000 -2.5002000000 -0.0235000000
			vertex -0.0031000000 -2.5002000000 -0.0121000000
		endloop
	endfacet
	facet normal 0.0000000000 0.0000000000 0.0000000000
		outer loop
			vertex -0.0031000000 -2.5002000000 -0.0121000000
			vertex -0.0123000000 -2.5002000000 -0.0235000000
			vertex -0.0123000000 -2.3250000000 -0.0235000000
			vertex -0.0031000000 -2.3250000000 -0.0121000000
		endloop
	endfacet
	facet normal 0.0000000000 0.0000000000 0.0000000000
		outer loop
			vertex -0.0031000000 -2.3250000000 -0.0121000000
			vertex -0.0123000000 -2.3250000000 -0.0235000000
			vertex -0.0123000000 -2.1354000000 -0.0235000000
			vertex -0.0031000000 -2.1354000000 -0.0121000000
		endloop
	endfacet
	facet normal 0.0000000000 0.0000000000 0.0000000000
		outer loop
			vertex -0.0031000000 -2.1354000000 -0.0121000000
			vertex -0.0123000000 -2.1354000000 -0.0235000000
			vertex -0.0123000000 -1.9326000000 -0.0235000000
			vertex -0.0031000000 -1.9326000000 -0.0121000000
		endloop
	endfacet
	facet normal 0.0000000000 0.0000000000 0.0000000000
		outer loop
			vertex -0.0031000000 -1.9326000000 -0.0121000000
			vertex -0.0123000000 -1.9326000000 -0.0235000000
			vertex -0.0123000000 -1.7180000000 -0.0235000000
			vertex -0.0031000000 -1.7180000000 -0.0121000000
		endloop
	endfacet
	facet normal 0.0000000000 0.0000000000 0.0000000000
		outer loop
			vertex -0.0031000000 -1.7180000000 -0.0121000000
			vertex -0.0123000000 -1.7180000000 -0.0235000000
			vertex -0.0123000000 -1.4927000000 -0.0235000000
			vertex -0.0031000000 -1.4927000000 -0.0121000000
		endloop
	endfacet
	facet normal 0.0000000000 0.0000000000 0.0000000000
		outer loop
			vertex -0.0031000000 -1.4927000000 -0.0121000000
			vertex -0.0123000000 -1.4927000000 -0.0235000000
			vertex -0.0123000000 -1.2583000000 -0.0235000000
			vertex -0.0031000000 -1.2583000000 -0.0121000000
		endloop
	endfacet
	facet normal 0.0000000000 0.0000000000 0.0000000000
		outer loop
			vertex -0.0031000000 -1.2583000000 -0.0121000000
			vertex -0.0123000000 -1.2583000000 -0.0235000000
			vertex -0.0123000000 -1.0160000000 -0.0235000000
			vertex -0.0031000000 -1.0160000000 -0.0121000000
		endloop
	endfacet
	facet normal 0.0000000000 0.0000000000 0.0000000000
		outer loop
			vertex -0.0031000000 -1.0160000000 -0.0121000000
			vertex -0.0123000000 -1.0160000000 -0.0235000000
			vertex -0.0123000000 -0.7676000000 -0.0235000000
			vertex -0.0031000000 -0.7676000000 -0.0121000000
		endloop
	endfacet
	facet normal 0.0000000000 0.0000000000 0.0000000000
		outer loop
			vertex -0.0031000000 -0.7676000000 -0.0121000000
			vertex -0.0123000000 -0.7676000000 -0.0235000000
			vertex -0.0123000000 -0.5144000000 -0.0235000000
			vertex -0.0031000000 -0.5144000000 -0.0121000000
		endloop
	endfacet
	facet normal 0.0000000000 0.0000000000 0.0000000000
		outer loop
			vertex -0.0031000000 -0.5144000000 -0.0121000000
			vertex -0.0123000000 -0.5144000000 -0.0235000000
			vertex -0.0123000000 -0.2580000000 -0.0235000000
			vertex -0.0031000000 -0.2580000000 -0.0121000000
		endloop
	endfacet
	facet normal 0.0000000000 0.0000000000 0.0000000000
		outer loop
			vertex -0.0031000000 -0.2580000000 -0.0121000000
			vertex -0.0123000000 -0.2580000000 -0.0235000000
			vertex -0.0123000000 0.0000000000 -0.0235000000
			vertex -0.0031000000 0.0000000000 -0.0121000000
		endloop
	endfacet
	facet normal 0.0000000000 0.0000000000 0.0000000000
		outer loop
			vertex -0.0031000000 0.0000000000 -0.0121000000
			vertex -0.0123000000 0.0000000000 -0.0235000000
			vertex -0.0123000000 0.2580000000 -0.0235000000
			vertex -0.0031000000 0.2580000000 -0.0121000000
		endloop
	endfacet
	facet normal 0.0000000000 0.0000000000 0.0000000000
		outer loop
			vertex -0.0031000000 0.2580000000 -0.0121000000
			vertex -0.0123000000 0.2580000000 -0.0235000000
			vertex -0.0123000000 0.5144000000 -0.0235000000
			vertex -0.0031000000 0.5144000000 -0.0121000000
		endloop
	endfacet
	facet normal 0.0000000000 0.0000000000 0.0000000000
		outer loop
			vertex -0.0031000000 0.5144000000 -0.0121000000
			vertex -0.0123000000 0.5144000000 -0.0235000000
			vertex -0.0123000000 0.7676000000 -0.0235000000
			vertex -0.0031000000 0.7676000000 -0.0121000000
		endloop
	endfacet
	facet normal 0.0000000000 0.0000000000 0.0000000000
		outer loop
			vertex -0.0031000000 0.7676000000 -0.0121000000
			vertex -0.0123000000 0.7676000000 -0.0235000000
			vertex -0.0123000000 1.0160000000 -0.0235000000
			vertex -0.0031000000 1.0160000000 -0.0121000000
		endloop
	endfacet
	facet normal 0.0000000000 0.0000000000 0.0000000000
		outer loop
			vertex -0.0031000000 1.0160000000 -0.0121000000
			vertex -0.0123000000 1.0160000000 -0.0235000000
			vertex -0.0123000000 1.2583000000 -0.0235000000
			vertex -0.0031000000 1.2583000000 -0.0121000000
		endloop
	endfacet
	facet normal 0.0000000000 0.0000000000 0.0000000000
		outer loop
			vertex -0.0031000000 1.2583000000 -0.0121000000
			vertex -0.0123000000 1.2583000000 -0.0235000000
			vertex -0.0123000000 1.4927000000 -0.0235000000
			vertex -0.0031000000 1.4927000000 -0.0121000000
		endloop
	endfacet
	facet normal 0.0000000000 0.0000000000 0.0000000000
		outer loop
			vertex -0.0031000000 1.4927000000 -0.0121000000
			vertex -0.0123000000 1.4927000000 -0.0235000000
			vertex -0.0123000000 1.7180000000 -0.0235000000
			vertex -0.0031000000 1.7180000000 -0.0121000000
		endloop
	endfacet
	facet normal 0.0000000000 0.0000000000 0.0000000000
		outer loop
			vertex -0.0031000000 1.7180000000 -0.0121000000
			vertex -0.0123000000 1.7180000000 -0.0235000000
			vertex -0.0123000000 1.9326000000 -0.0235000000
			vertex -0.0031000000 1.9326000000 -0.0121000000
		endloop
	endfacet
	facet normal 0.0000000000 0.0000000000 0.0000000000
		outer loop
			vertex -0.0031000000 1.9326000000 -0.0121000000
			vertex -0.0123000000 1.9326000000 -0.0235000000
			vertex -0.0123000000 2.1354000000 -0.0235000000
			vertex -0.0031000000 2.1354000000 -0.0121000000
		endloop
	endfacet
	facet normal 0.0000000000 0.0000000000 0.0000000000
		outer loop
			vertex -0.0031000000 2.1354000000 -0.0121000000
			vertex -0.0123000000 2.1354000000 -0.0235000000
			vertex -0.0123000000 2.3250000000 -0.0235000000
			vertex -0.0031000000 2.3250000000 -0.0121000000
		endloop
	endfacet
	facet normal 0.0000000000 0.0000000000 0.0000000000
		outer loop
			vertex -0.0031000000 2.3250000000 -0.0121000000
			vertex -0.0123000000 2.3250000000 -0.0235000000
			vertex -0.0123000000 2.5002000000 -0.0235000000
			vertex -0.0031000000 2.5002000000 -0.0121000000
		endloop
	endfacet
	facet normal 0.0000000000 0.0000000000 0.0000000000
		outer loop
			vertex -0.0031000000 2.5002000000 -0.0121000000
			vertex -0.0123000000 2.5002000000 -0.0235000000
			vertex -0.0123000000 2.6600000000 -0.0235000000
			vertex -0.0031000000 2.6600000000 -0.0121000000
		endloop
	endfacet
	facet normal 0.0000000000 0.0000000000 0.0000000000
		outer loop
			vertex -0.0031000000 2.6600000000 -0.0121000000
			vertex -0.0123000000 2.6600000000 -0.0235000000
			vertex -0.0123000000 2.8035000000 -0.0235000000
			vertex -0.0031000000 2.8035000000 -0.0121000000
		endloop
	endfacet
	facet normal 0.0000000000 0.0000000000 0.0000000000
		outer loop
			vertex -0.0031000000 2.8035000000 -0.0121000000
			vertex -0.0123000000 2.8035000000 -0.0235000000
			vertex -0.0123000000 2.9296000000 -0.0235000000
			vertex -0.0031000000 2.9296000000 -0.0121000000
		endloop
	endfacet
	facet normal 0.0000000000 0.0000000000 0.0000000000
		outer loop
			vertex -0.0031000000 2.9296000000 -0.0121000000
			vertex -0.0123000000 2.9296000000 -0.0235000000
			vertex -0.0123000000 3.0377000000 -0.0235000000
			vertex -0.0031000000 3.0377000000 -0.0121000000
		endloop
	endfacet
	facet normal 0.0000000000 0.0000000000 0.0000000000
		outer loop
			vertex -0.0031000000 3.0377000000 -0.0121000000
			vertex -0.0123000000 3.0377000000 -0.0235000000
			vertex -0.0123000000 3.1271000000 -0.0235000000
			vertex -0.0031000000 3.1271000000 -0.0121000000
		endloop
	endfacet
	facet normal 0.0000000000 0.0000000000 0.0000000000
		outer loop
			vertex -0.0031000000 3.1271000000 -0.0121000000
			vertex -0.0123000000 3.1271000000 -0.0235000000
			vertex -0.0123000000 3.1972000000 -0.0235000000
			vertex -0.0031000000 3.1972000000 -0.0121000000
		endloop
	endfacet
	facet normal 0.0000000000 0.0000000000 0.0000000000
		outer loop
			vertex -0.0031000000 3.1972000000 -0.0121000000
			vertex -0.0123000000 3.1972000000 -0.0235000000
			vertex -0.0123000000 3.2475000000 -0.0235000000
			vertex -0.0031000000 3.2475000000 -0.0121000000
		endloop
	endfacet
	facet normal 0.0000000000 0.0000000000 0.0000000000
		outer loop
			vertex -0.0031000000 3.2475000000 -0.0121000000
			vertex -0.0123000000 3.2475000000 -0.0235000000
			vertex -0.0123000000 3.2779000000 -0.0235000000
			vertex -0.0031000000 3.2779000000 -0.0121000000
		endloop
	endfacet
	facet normal 0.0000000000 0.0000000000 0.0000000000
		outer loop
			vertex -0.0031000000 3.2779000000 -0.0121000000
			vertex -0.0123000000 3.2779000000 -0.0235000000
			vertex -0.0123000000 3.2880000000 -0.0235000000
			vertex -0.0031000000 3.2880000000 -0.0121000000
		endloop
	endfacet
	facet normal 0.0000000000 0.0000000000 0.0000000000
		outer loop
			vertex -0.0031000000 3.2880000000 -0.0121000000
			vertex -0.0123000000 3.2880000000 -0.0235000000
			vertex -0.0123000000 3.2880000000 0.0000000000
			vertex -0.0031000000 3.2880000000 0.0000000000
		endloop
	endfacet
	facet normal 0.0000000000 0.0000000000 0.0000000000
		outer loop
			vertex -0.0123000000 -3.2880000000 0.0000000000
			vertex -0.0276000000 -3.2880000000 0.0000000000
			vertex -0.0276000000 -3.2880000000 -0.0342000000
			vertex -0.0123000000 -3.2880000000 -0.0235000000
		endloop
	endfacet
	facet normal 0.0000000000 0.0000000000 0.0000000000
		outer loop
			vertex -0.0123000000 -3.2880000000 -0.0235000000
			vertex -0.0276000000 -3.2880000000 -0.0342000000
			vertex -0.0276000000 -3.2779000000 -0.0342000000
			vertex -0.0123000000 -3.2779000000 -0.0235000000
		endloop
	endfacet
	facet normal 0.0000000000 0.0000000000 0.0000000000
		outer loop
			vertex -0.0123000000 -3.2779000000 -0.0235000000
			vertex -0.0276000000 -3.2779000000 -0.0342000000
			vertex -0.0276000000 -3.2475000000 -0.0342000000
			vertex -0.0123000000 -3.2475000000 -0.0235000000
		endloop
	endfacet
	facet normal 0.0000000000 0.0000000000 0.0000000000
		outer loop
			vertex -0.0123000000 -3.2475000000 -0.0235000000
			vertex -0.0276000000 -3.2475000000 -0.0342000000
			vertex -0.0276000000 -3.1972000000 -0.0342000000
			vertex -0.0123000000 -3.1972000000 -0.0235000000
		endloop
	endfacet
	facet normal 0.0000000000 0.0000000000 0.0000000000
		outer loop
			vertex -0.0123000000 -3.1972000000 -0.0235000000
			vertex -0.0276000000 -3.1972000000 -0.0342000000
			vertex -0.0276000000 -3.1271000000 -0.0342000000
			vertex -0.0123000000 -3.1271000000 -0.0235000000
		endloop
	endfacet
	facet normal 0.0000000000 0.0000000000 0.0000000000
		outer loop
			vertex -0.0123000000 -3.1271000000 -0.0235000000
			vertex -0.0276000000 -3.1271000000 -0.0342000000
			vertex -0.0276000000 -3.0377000000 -0.0342000000
			vertex -0.0123000000 -3.0377000000 -0.0235000000
		endloop
	endfacet
	facet normal 0.0000000000 0.0000000000 0.0000000000
		outer loop
			vertex -0.0123000000 -3.0377000000 -0.0235000000
			vertex -0.0276000000 -3.0377000000 -0.0342000000
			vertex -0.0276000000 -2.9296000000 -0.0342000000
			vertex -0.0123000000 -2.9296000000 -0.0235000000
		endloop
	endfacet
	facet normal 0.0000000000 0.0000000000 0.0000000000
		outer loop
			vertex -0.0123000000 -2.9296000000 -0.0235000000
			vertex -0.0276000000 -2.9296000000 -0.0342000000
			vertex -0.0276000000 -2.8035000000 -0.0342000000
			vertex -0.0123000000 -2.8035000000 -0.0235000000
		endloop
	endfacet
	facet normal 0.0000000000 0.0000000000 0.0000000000
		outer loop
			vertex -0.0123000000 -2.8035000000 -0.0235000000
			vertex -0.0276000000 -2.8035000000 -0.0342000000
			vertex -0.0276000000 -2.6600000000 -0.0342000000
			vertex -0.0123000000 -2.6600000000 -0.0235000000
		endloop
	endfacet
	facet normal 0.0000000000 0.0000000000 0.0000000000
		outer loop
			vertex -0.0123000000 -2.6600000000 -0.0235000000
			vertex -0.0276000000 -2.6600000000 -0.0342000000
			vertex -0.0276000000 -2.5002000000 -0.0342000000
			vertex -0.0123000000 -2.5002000000 -0.0235000000
		endloop
	endfacet
	facet normal 0.0000000000 0.0000000000 0.0000000000
		outer loop
			vertex -0.0123000000 -2.5002000000 -0.0235000000
			vertex -0.0276000000 -2.5002000000 -0.0342000000
			vertex -0.0276000000 -2.3250000000 -0.0342000000
			vertex -0.0123000000 -2.3250000000 -0.0235000000
		endloop
	endfacet
	facet normal 0.0000000000 0.0000000000 0.0000000000
		outer loop
			vertex -0.0123000000 -2.3250000000 -0.0235000000
			vertex -0.0276000000 -2.3250000000 -0.0342000000
			vertex -0.0276000000 -2.1354000000 -0.0342000000
			vertex -0.0123000000 -2.1354000000 -0.0235000000
		endloop
	endfacet
	facet normal 0.0000000000 0.0000000000 0.0000000000
		outer loop
			vertex -0.0123000000 -2.1354000000 -0.0235000000
			vertex -0.0276000000 -2.1354000000 -0.0342000000
			vertex -0.0276000000 -1.9326000000 -0.0342000000
			vertex -0.0123000000 -1.9326000000 -0.0235000000
		endloop
	endfacet
	facet normal 0.0000000000 0.0000000000 0.0000000000
		outer loop
			vertex -0.0123000000 -1.9326000000 -0.0235000000
			vertex -0.0276000000 -1.9326000000 -0.0342000000
			vertex -0.0276000000 -1.7180000000 -0.0342000000
			vertex -0.0123000000 -1.7180000000 -0.0235000000
		endloop
	endfacet
	facet normal 0.0000000000 0.0000000000 0.0000000000
		outer loop
			vertex -0.0123000000 -1.7180000000 -0.0235000000
			vertex -0.0276000000 -1.7180000000 -0.0342000000
			vertex -0.0276000000 -1.4927000000 -0.0342000000
			vertex -0.0123000000 -1.4927000000 -0.0235000000
		endloop
	endfacet
	facet normal 0.0000000000 0.0000000000 0.0000000000
		outer loop
			vertex -0.0123000000 -1.4927000000 -0.0235000000
			vertex -0.0276000000 -1.4927000000 -0.0342000000
			vertex -0.0276000000 -1.2583000000 -0.0342000000
			vertex -0.0123000000 -1.2583000000 -0.0235000000
		endloop
	endfacet
	facet normal 0.0000000000 0.0000000000 0.0000000000
		outer loop
			vertex -0.0123000000 -1.2583000000 -0.0235000000
			vertex -0.0276000000 -1.2583000000 -0.0342000000
			vertex -0.0276000000 -1.0160000000 -0.0342000000
			vertex -0.0123000000 -1.0160000000 -0.0235000000
		endloop
	endfacet
	facet normal 0.0000000000 0.0000000000 0.0000000000
		outer loop
			vertex -0.0123000000 -1.0160000000 -0.0235000000
			vertex -0.0276000000 -1.0160000000 -0.0342000000
			vertex -0.0276000000 -0.7676000000 -0.0342000000
			vertex -0.0123000000 -0.7676000000 -0.0235000000
		endloop
	endfacet
	facet normal 0.0000000000 0.0000000000 0.0000000000
		outer loop
			vertex -0.0123000000 -0.7676000000 -0.0235000000
			vertex -0.0276000000 -0.7676000000 -0.0342000000
			vertex -0.0276000000 -0.5144000000 -0.0342000000
			vertex -0.0123000000 -0.5144000000 -0.0235000000
		endloop
	endfacet
	facet normal 0.0000000000 0.0000000000 0.0000000000
		outer loop
			vertex -0.0123000000 -0.5144000000 -0.0235000000
			vertex -0.0276000000 -0.5144000000 -0.0342000000
			vertex -0.0276000000 -0.2580000000 -0.0342000000
			vertex -0.0123000000 -0.2580000000 -0.0235000000
		endloop
	endfacet
	facet normal 0.0000000000 0.0000000000 0.0000000000
		outer loop
			vertex -0.0123000000 -0.2580000000 -0.0235000000
			vertex -0.0276000000 -0.2580000000 -0.0342000000
			vertex -0.0276000000 0.0000000000 -0.0342000000
			vertex -0.0123000000 0.0000000000 -0.0235000000
		endloop
	endfacet
	facet normal 0.0000000000 0.0000000000 0.0000000000
		outer loop
			vertex -0.0123000000 0.0000000000 -0.0235000000
			vertex -0.0276000000 0.0000000000 -0.0342000000
			vertex -0.0276000000 0.2580000000 -0.0342000000
			vertex -0.0123000000 0.2580000000 -0.0235000000
		endloop
	endfacet
	facet normal 0.0000000000 0.0000000000 0.0000000000
		outer loop
			vertex -0.0123000000 0.2580000000 -0.0235000000
			vertex -0.0276000000 0.2580000000 -0.0342000000
			vertex -0.0276000000 0.5144000000 -0.0342000000
			vertex -0.0123000000 0.5144000000 -0.0235000000
		endloop
	endfacet
	facet normal 0.0000000000 0.0000000000 0.0000000000
		outer loop
			vertex -0.0123000000 0.5144000000 -0.0235000000
			vertex -0.0276000000 0.5144000000 -0.0342000000
			vertex -0.0276000000 0.7676000000 -0.0342000000
			vertex -0.0123000000 0.7676000000 -0.0235000000
		endloop
	endfacet
	facet normal 0.0000000000 0.0000000000 0.0000000000
		outer loop
			vertex -0.0123000000 0.7676000000 -0.0235000000
			vertex -0.0276000000 0.7676000000 -0.0342000000
			vertex -0.0276000000 1.0160000000 -0.0342000000
			vertex -0.0123000000 1.0160000000 -0.0235000000
		endloop
	endfacet
	facet normal 0.0000000000 0.0000000000 0.0000000000
		outer loop
			vertex -0.0123000000 1.0160000000 -0.0235000000
			vertex -0.0276000000 1.0160000000 -0.0342000000
			vertex -0.0276000000 1.2583000000 -0.0342000000
			vertex -0.0123000000 1.2583000000 -0.0235000000
		endloop
	endfacet
	facet normal 0.0000000000 0.0000000000 0.0000000000
		outer loop
			vertex -0.0123000000 1.2583000000 -0.0235000000
			vertex -0.0276000000 1.2583000000 -0.0342000000
			vertex -0.0276000000 1.4927000000 -0.0342000000
			vertex -0.0123000000 1.4927000000 -0.0235000000
		endloop
	endfacet
	facet normal 0.0000000000 0.0000000000 0.0000000000
		outer loop
			vertex -0.0123000000 1.4927000000 -0.0235000000
			vertex -0.0276000000 1.4927000000 -0.0342000000
			vertex -0.0276000000 1.7180000000 -0.0342000000
			vertex -0.0123000000 1.7180000000 -0.0235000000
		endloop
	endfacet
	facet normal 0.0000000000 0.0000000000 0.0000000000
		outer loop
			vertex -0.0123000000 1.7180000000 -0.0235000000
			vertex -0.0276000000 1.7180000000 -0.0342000000
			vertex -0.0276000000 1.9326000000 -0.0342000000
			vertex -0.0123000000 1.9326000000 -0.0235000000
		endloop
	endfacet
	facet normal 0.0000000000 0.0000000000 0.0000000000
		outer loop
			vertex -0.0123000000 1.9326000000 -0.0235000000
			vertex -0.0276000000 1.9326000000 -0.0342000000
			vertex -0.0276000000 2.1354000000 -0.0342000000
			vertex -0.0123000000 2.1354000000 -0.0235000000
		endloop
	endfacet
	facet normal 0.0000000000 0.0000000000 0.0000000000
		outer loop
			vertex -0.0123000000 2.1354000000 -0.0235000000
			vertex -0.0276000000 2.1354000000 -0.0342000000
			vertex -0.0276000000 2.3250000000 -0.0342000000
			vertex -0.0123000000 2.3250000000 -0.0235000000
		endloop
	endfacet
	facet normal 0.0000000000 0.0000000000 0.0000000000
		outer loop
			vertex -0.0123000000 2.3250000000 -0.0235000000
			vertex -0.0276000000 2.3250000000 -0.0342000000
			vertex -0.0276000000 2.5002000000 -0.0342000000
			vertex -0.0123000000 2.5002000000 -0.0235000000
		endloop
	endfacet
	facet normal 0.0000000000 0.0000000000 0.0000000000
		outer loop
			vertex -0.0123000000 2.5002000000 -0.0235000000
			vertex -0.0276000000 2.5002000000 -0.0342000000
			vertex -0.0276000000 2.6600000000 -0.0342000000
			vertex -0.0123000000 2.6600000000 -0.0235000000
		endloop
	endfacet
	facet normal 0.0000000000 0.0000000000 0.0000000000
		outer loop
			vertex -0.0123000000 2.6600000000 -0.0235000000
			vertex -0.0276000000 2.6600000000 -0.0342000000
			vertex -0.0276000000 2.8035000000 -0.0342000000
			vertex -0.0123000000 2.8035000000 -0.0235000000
		endloop
	endfacet
	facet normal 0.0000000000 0.0000000000 0.0000000000
		outer loop
			vertex -0.0123000000 2.8035000000 -0.0235000000
			vertex -0.0276000000 2.8035000000 -0.0342000000
			vertex -0.0276000000 2.9296000000 -0.0342000000
			vertex -0.0123000000 2.9296000000 -0.0235000000
		endloop
	endfacet
	facet normal 0.0000000000 0.0000000000 0.0000000000
		outer loop
			vertex -0.0123000000 2.9296000000 -0.0235000000
			vertex -0.0276000000 2.9296000000 -0.0342000000
			vertex -0.0276000000 3.0377000000 -0.0342000000
			vertex -0.0123000000 3.0377000000 -0.0235000000
		endloop
	endfacet
	facet normal 0.0000000000 0.0000000000 0.0000000000
		outer loop
			vertex -0.0123000000 3.0377000000 -0.0235000000
			vertex -0.0276000000 3.0377000000 -0.0342000000
			vertex -0.0276000000 3.1271000000 -0.0342000000
			vertex -0.0123000000 3.1271000000 -0.0235000000
		endloop
	endfacet
	facet normal 0.0000000000 0.0000000000 0.0000000000
		outer loop
			vertex -0.0123000000 3.1271000000 -0.0235000000
			vertex -0.0276000000 3.1271000000 -0.0342000000
			vertex -0.0276000000 3.1972000000 -0.0342000000
			vertex -0.0123000000 3.1972000000 -0.0235000000
		endloop
	endfacet
	facet normal 0.0000000000 0.0000000000 0.0000000000
		outer loop
			vertex -0.0123000000 3.1972000000 -0.0235000000
			vertex -0.0276000000 3.1972000000 -0.0342000000
			vertex -0.0276000000 3.2475000000 -0.0342000000
			vertex -0.0123000000 3.2475000000 -0.0235000000
		endloop
	endfacet
	facet normal 0.0000000000 0.0000000000 0.0000000000
		outer loop
			vertex -0.0123000000 3.2475000000 -0.0235000000
			vertex -0.0276000000 3.2475000000 -0.0342000000
			vertex -0.0276000000 3.2779000000 -0.0342000000
			vertex -0.0123000000 3.2779000000 -0.0235000000
		endloop
	endfacet
	facet normal 0.0000000000 0.0000000000 0.0000000000
		outer loop
			vertex -0.0123000000 3.2779000000 -0.0235000000
			vertex -0.0276000000 3.2779000000 -0.0342000000
			vertex -0.0276000000 3.2880000000 -0.0342000000
			vertex -0.0123000000 3.2880000000 -0.0235000000
		endloop
	endfacet
	facet normal 0.0000000000 0.0000000000 0.0000000000
		outer loop
			vertex -0.0123000000 3.2880000000 -0.0235000000
			vertex -0.0276000000 3.2880000000 -0.0342000000
			vertex -0.0276000000 3.2880000000 0.0000000000
			vertex -0.0123000000 3.2880000000 0.0000000000
		endloop
	endfacet
	facet normal 0.0000000000 0.0000000000 0.0000000000
		outer loop
			vertex -0.0276000000 -3.2880000000 0.0000000000
			vertex -0.0489000000 -3.2880000000 0.0000000000
			vertex -0.0489000000 -3.2880000000 -0.0440000000
			vertex -0.0276000000 -3.2880000000 -0.0342000000
		endloop
	endfacet
	facet normal 0.0000000000 0.0000000000 0.0000000000
		outer loop
			vertex -0.0276000000 -3.2880000000 -0.0342000000
			vertex -0.0489000000 -3.2880000000 -0.0440000000
			vertex -0.0489000000 -3.2779000000 -0.0440000000
			vertex -0.0276000000 -3.2779000000 -0.0342000000
		endloop
	endfacet
	facet normal 0.0000000000 0.0000000000 0.0000000000
		outer loop
			vertex -0.0276000000 -3.2779000000 -0.0342000000
			vertex -0.0489000000 -3.2779000000 -0.0440000000
			vertex -0.0489000000 -3.2475000000 -0.0440000000
			vertex -0.0276000000 -3.2475000000 -0.0342000000
		endloop
	endfacet
	facet normal 0.0000000000 0.0000000000 0.0000000000
		outer loop
			vertex -0.0276000000 -3.2475000000 -0.0342000000
			vertex -0.0489000000 -3.2475000000 -0.0440000000
			vertex -0.0489000000 -3.1972000000 -0.0440000000
			vertex -0.0276000000 -3.1972000000 -0.0342000000
		endloop
	endfacet
	facet normal 0.0000000000 0.0000000000 0.0000000000
		outer loop
			vertex -0.0276000000 -3.1972000000 -0.0342000000
			vertex -0.0489000000 -3.1972000000 -0.0440000000
			vertex -0.0489000000 -3.1271000000 -0.0440000000
			vertex -0.0276000000 -3.1271000000 -0.0342000000
		endloop
	endfacet
	facet normal 0.0000000000 0.0000000000 0.0000000000
		outer loop
			vertex -0.0276000000 -3.1271000000 -0.0342000000
			vertex -0.0489000000 -3.1271000000 -0.0440000000
			vertex -0.0489000000 -3.0377000000 -0.0440000000
			vertex -0.0276000000 -3.0377000000 -0.0342000000
		endloop
	endfacet
	facet normal 0.0000000000 0.0000000000 0.0000000000
		outer loop
			vertex -0.0276000000 -3.0377000000 -0.0342000000
			vertex -0.0489000000 -3.0377000000 -0.0440000000
			vertex -0.0489000000 -2.9296000000 -0.0440000000
			vertex -0.0276000000 -2.9296000000 -0.0342000000
		endloop
	endfacet
	facet normal 0.0000000000 0.0000000000 0.0000000000
		outer loop
			vertex -0.0276000000 -2.9296000000 -0.0342000000
			vertex -0.0489000000 -2.9296000000 -0.0440000000
			vertex -0.0489000000 -2.8035000000 -0.0440000000
			vertex -0.0276000000 -2.8035000000 -0.0342000000
		endloop
	endfacet
	facet normal 0.0000000000 0.0000000000 0.0000000000
		outer loop
			vertex -0.0276000000 -2.8035000000 -0.0342000000
			vertex -0.0489000000 -2.8035000000 -0.0440000000
			vertex -0.0489000000 -2.6600000000 -0.0440000000
			vertex -0.0276000000 -2.6600000000 -0.0342000000
		endloop
	endfacet
	facet normal 0.0000000000 0.0000000000 0.0000000000
		outer loop
			vertex -0.0276000000 -2.6600000000 -0.0342000000
			vertex -0.0489000000 -2.6600000000 -0.0440000000
			vertex -0.0489000000 -2.5002000000 -0.0440000000
			vertex -0.0276000000 -2.5002000000 -0.0342000000
		endloop
	endfacet
	facet normal 0.0000000000 0.0000000000 0.0000000000
		outer loop
			vertex -0.0276000000 -2.5002000000 -0.0342000000
			vertex -0.0489000000 -2.5002000000 -0.0440000000
			vertex -0.0489000000 -2.3250000000 -0.0440000000
			vertex -0.0276000000 -2.3250000000 -0.0342000000
		endloop
	endfacet
	facet normal 0.0000000000 0.0000000000 0.0000000000
		outer loop
			vertex -0.0276000000 -2.3250000000 -0.0342000000
			vertex -0.0489000000 -2.3250000000 -0.0440000000
			vertex -0.0489000000 -2.1354000000 -0.0440000000
			vertex -0.0276000000 -2.1354000000 -0.0342000000
		endloop
	endfacet
	facet normal 0.0000000000 0.0000000000 0.0000000000
		outer loop
			vertex -0.0276000000 -2.1354000000 -0.0342000000
			vertex -0.0489000000 -2.1354000000 -0.0440000000
			vertex -0.0489000000 -1.9326000000 -0.0440000000
			vertex -0.0276000000 -1.9326000000 -0.0342000000
		endloop
	endfacet
	facet normal 0.0000000000 0.0000000000 0.0000000000
		outer loop
			vertex -0.0276000000 -1.9326000000 -0.0342000000
			vertex -0.0489000000 -1.9326000000 -0.0440000000
			vertex -0.0489000000 -1.7180000000 -0.0440000000
			vertex -0.0276000000 -1.7180000000 -0.0342000000
		endloop
	endfacet
	facet normal 0.0000000000 0.0000000000 0.0000000000
		outer loop
			vertex -0.0276000000 -1.7180000000 -0.0342000000
			vertex -0.0489000000 -1.7180000000 -0.0440000000
			vertex -0.0489000000 -1.4927000000 -0.0440000000
			vertex -0.0276000000 -1.4927000000 -0.0342000000
		endloop
	endfacet
	facet normal 0.0000000000 0.0000000000 0.0000000000
		outer loop
			vertex -0.0276000000 -1.4927000000 -0.0342000000
			vertex -0.0489000000 -1.4927000000 -0.0440000000
			vertex -0.0489000000 -1.2583000000 -0.0440000000
			vertex -0.0276000000 -1.2583000000 -0.0342000000
		endloop
	endfacet
	facet normal 0.0000000000 0.0000000000 0.0000000000
		outer loop
			vertex -0.0276000000 -1.2583000000 -0.0342000000
			vertex -0.0489000000 -1.2583000000 -0.0440000000
			vertex -0.0489000000 -1.0160000000 -0.0440000000
			vertex -0.0276000000 -1.0160000000 -0.0342000000
		endloop
	endfacet
	facet normal 0.0000000000 0.0000000000 0.0000000000
		outer loop
			vertex -0.0276000000 -1.0160000000 -0.0342000000
			vertex -0.0489000000 -1.0160000000 -0.0440000000
			vertex -0.0489000000 -0.7676000000 -0.0440000000
			vertex -0.0276000000 -0.7676000000 -0.0342000000
		endloop
	endfacet
	facet normal 0.0000000000 0.0000000000 0.0000000000
		outer loop
			vertex -0.0276000000 -0.7676000000 -0.0342000000
			vertex -0.0489000000 -0.7676000000 -0.0440000000
			vertex -0.0489000000 -0.5144000000 -0.0440000000
			vertex -0.0276000000 -0.5144000000 -0.0342000000
		endloop
	endfacet
	facet normal 0.0000000000 0.0000000000 0.0000000000
		outer loop
			vertex -0.0276000000 -0.5144000000 -0.0342000000
			vertex -0.0489000000 -0.5144000000 -0.0440000000
			vertex -0.0489000000 -0.2580000000 -0.0440000000
			vertex -0.0276000000 -0.2580000000 -0.0342000000
		endloop
	endfacet
	facet normal 0.0000000000 0.0000000000 0.0000000000
		outer loop
			vertex -0.0276000000 -0.2580000000 -0.0342000000
			vertex -0.0489000000 -0.2580000000 -0.0440000000
			vertex -0.0489000000 0.0000000000 -0.0440000000
			vertex -0.0276000000 0.0000000000 -0.0342000000
		endloop
	endfacet
	facet normal 0.0000000000 0.0000000000 0.0000000000
		outer loop
			vertex -0.0276000000 0.0000000000 -0.0342000000
			vertex -0.0489000000 0.0000000000 -0.0440000000
			vertex -0.0489000000 0.2580000000 -0.0440000000
			vertex -0.0276000000 0.2580000000 -0.0342000000
		endloop
	endfacet
	facet normal 0.0000000000 0.0000000000 0.0000000000
		outer loop
			vertex -0.0276000000 0.2580000000 -0.0342000000
			vertex -0.0489000000 0.2580000000 -0.0440000000
			vertex -0.0489000000 0.5144000000 -0.0440000000
			vertex -0.0276000000 0.5144000000 -0.0342000000
		endloop
	endfacet
	facet normal 0.0000000000 0.0000000000 0.0000000000
		outer loop
			vertex -0.0276000000 0.5144000000 -0.0342000000
			vertex -0.0489000000 0.5144000000 -0.0440000000
			vertex -0.0489000000 0.7676000000 -0.0440000000
			vertex -0.0276000000 0.7676000000 -0.0342000000
		endloop
	endfacet
	facet normal 0.0000000000 0.0000000000 0.0000000000
		outer loop
			vertex -0.0276000000 0.7676000000 -0.0342000000
			vertex -0.0489000000 0.7676000000 -0.0440000000
			vertex -0.0489000000 1.0160000000 -0.0440000000
			vertex -0.0276000000 1.0160000000 -0.0342000000
		endloop
	endfacet
	facet normal 0.0000000000 0.0000000000 0.0000000000
		outer loop
			vertex -0.0276000000 1.0160000000 -0.0342000000
			vertex -0.0489000000 1.0160000000 -0.0440000000
			vertex -0.0489000000 1.2583000000 -0.0440000000
			vertex -0.0276000000 1.2583000000 -0.0342000000
		endloop
	endfacet
	facet normal 0.0000000000 0.0000000000 0.0000000000
		outer loop
			vertex -0.0276000000 1.2583000000 -0.0342000000
			vertex -0.0489000000 1.2583000000 -0.0440000000
			vertex -0.0489000000 1.4927000000 -0.0440000000
			vertex -0.0276000000 1.4927000000 -0.0342000000
		endloop
	endfacet
	facet normal 0.0000000000 0.0000000000 0.0000000000
		outer loop
			vertex -0.0276000000 1.4927000000 -0.0342000000
			vertex -0.0489000000 1.4927000000 -0.0440000000
			vertex -0.0489000000 1.7180000000 -0.0440000000
			vertex -0.0276000000 1.7180000000 -0.0342000000
		endloop
	endfacet
	facet normal 0.0000000000 0.0000000000 0.0000000000
		outer loop
			vertex -0.0276000000 1.7180000000 -0.0342000000
			vertex -0.0489000000 1.7180000000 -0.0440000000
			vertex -0.0489000000 1.9326000000 -0.0440000000
			vertex -0.0276000000 1.9326000000 -0.0342000000
		endloop
	endfacet
	facet normal 0.0000000000 0.0000000000 0.0000000000
		outer loop
			vertex -0.0276000000 1.9326000000 -0.0342000000
			vertex -0.0489000000 1.9326000000 -0.0440000000
			vertex -0.0489000000 2.1354000000 -0.0440000000
			vertex -0.0276000000 2.1354000000 -0.0342000000
		endloop
	endfacet
	facet normal 0.0000000000 0.0000000000 0.0000000000
		outer loop
			vertex -0.0276000000 2.1354000000 -0.0342000000
			vertex -0.0489000000 2.1354000000 -0.0440000000
			vertex -0.0489000000 2.3250000000 -0.0440000000
			vertex -0.0276000000 2.3250000000 -0.0342000000
		endloop
	endfacet
	facet normal 0.0000000000 0.0000000000 0.0000000000
		outer loop
			vertex -0.0276000000 2.3250000000 -0.0342000000
			vertex -0.0489000000 2.3250000000 -0.0440000000
			vertex -0.0489000000 2.5002000000 -0.0440000000
			vertex -0.0276000000 2.5002000000 -0.0342000000
		endloop
	endfacet
	facet normal 0.0000000000 0.0000000000 0.0000000000
		outer loop
			vertex -0.0276000000 2.5002000000 -0.0342000000
			vertex -0.0489000000 2.5002000000 -0.0440000000
			vertex -0.0489000000 2.6600000000 -0.0440000000
			vertex -0.0276000000 2.6600000000 -0.0342000000
		endloop
	endfacet
	facet normal 0.0000000000 0.0000000000 0.0000000000
		outer loop
			vertex -0.0276000000 2.6600000000 -0.0342000000
			vertex -0.0489000000 2.6600000000 -0.0440000000
			vertex -0.0489000000 2.8035000000 -0.0440000000
			vertex -0.0276000000 2.8035000000 -0.0342000000
		endloop
	endfacet
	facet normal 0.0000000000 0.0000000000 0.0000000000
		outer loop
			vertex -0.0276000000 2.8035000000 -0.0342000000
			vertex -0.0489000000 2.8035000000 -0.0440000000
			vertex -0.0489000000 2.9296000000 -0.0440000000
			vertex -0.0276000000 2.9296000000 -0.0342000000
		endloop
	endfacet
	facet normal 0.0000000000 0.0000000000 0.0000000000
		outer loop
			vertex -0.0276000000 2.9296000000 -0.0342000000
			vertex -0.0489000000 2.9296000000 -0.0440000000
			vertex -0.0489000000 3.0377000000 -0.0440000000
			vertex -0.0276000000 3.0377000000 -0.0342000000
		endloop
	endfacet
	facet normal 0.0000000000 0.0000000000 0.0000000000
		outer loop
			vertex -0.0276000000 3.0377000000 -0.0342000000
			vertex -0.0489000000 3.0377000000 -0.0440000000
			vertex -0.0489000000 3.1271000000 -0.0440000000
			vertex -0.0276000000 3.1271000000 -0.0342000000
		endloop
	endfacet
	facet normal 0.0000000000 0.0000000000 0.0000000000
		outer loop
			vertex -0.0276000000 3.1271000000 -0.0342000000
			vertex -0.0489000000 3.1271000000 -0.0440000000
			vertex -0.0489000000 3.1972000000 -0.0440000000
			vertex -0.0276000000 3.1972000000 -0.0342000000
		endloop
	endfacet
	facet normal 0.0000000000 0.0000000000 0.0000000000
		outer loop
			vertex -0.0276000000 3.1972000000 -0.0342000000
			vertex -0.0489000000 3.1972000000 -0.0440000000
			vertex -0.0489000000 3.2475000000 -0.0440000000
			vertex -0.0276000000 3.2475000000 -0.0342000000
		endloop
	endfacet
	facet normal 0.0000000000 0.0000000000 0.0000000000
		outer loop
			vertex -0.0276000000 3.2475000000 -0.0342000000
			vertex -0.0489000000 3.2475000000 -0.0440000000
			vertex -0.0489000000 3.2779000000 -0.0440000000
			vertex -0.0276000000 3.2779000000 -0.0342000000
		endloop
	endfacet
	facet normal 0.0000000000 0.0000000000 0.0000000000
		outer loop
			vertex -0.0276000000 3.2779000000 -0.0342000000
			vertex -0.0489000000 3.2779000000 -0.0440000000
			vertex -0.0489000000 3.2880000000 -0.0440000000
			vertex -0.0276000000 3.2880000000 -0.0342000000
		endloop
	endfacet
	facet normal 0.0000000000 0.0000000000 0.0000000000
		outer loop
			vertex -0.0276000000 3.2880000000 -0.0342000000
			vertex -0.0489000000 3.2880000000 -0.0440000000
			vertex -0.0489000000 3.2880000000 0.0000000000
			vertex -0.0276000000 3.2880000000 0.0000000000
		endloop
	endfacet
	facet normal 0.0000000000 0.0000000000 0.0000000000
		outer loop
			vertex -0.0489000000 -3.2880000000 0.0000000000
			vertex -0.0761000000 -3.2880000000 0.0000000000
			vertex -0.0761000000 -3.2880000000 -0.0528000000
			vertex -0.0489000000 -3.2880000000 -0.0440000000
		endloop
	endfacet
	facet normal 0.0000000000 0.0000000000 0.0000000000
		outer loop
			vertex -0.0489000000 -3.2880000000 -0.0440000000
			vertex -0.0761000000 -3.2880000000 -0.0528000000
			vertex -0.0761000000 -3.2779000000 -0.0528000000
			vertex -0.0489000000 -3.2779000000 -0.0440000000
		endloop
	endfacet
	facet normal 0.0000000000 0.0000000000 0.0000000000
		outer loop
			vertex -0.0489000000 -3.2779000000 -0.0440000000
			vertex -0.0761000000 -3.2779000000 -0.0528000000
			vertex -0.0761000000 -3.2475000000 -0.0528000000
			vertex -0.0489000000 -3.2475000000 -0.0440000000
		endloop
	endfacet
	facet normal 0.0000000000 0.0000000000 0.0000000000
		outer loop
			vertex -0.0489000000 -3.2475000000 -0.0440000000
			vertex -0.0761000000 -3.2475000000 -0.0528000000
			vertex -0.0761000000 -3.1972000000 -0.0528000000
			vertex -0.0489000000 -3.1972000000 -0.0440000000
		endloop
	endfacet
	facet normal 0.0000000000 0.0000000000 0.0000000000
		outer loop
			vertex -0.0489000000 -3.1972000000 -0.0440000000
			vertex -0.0761000000 -3.1972000000 -0.0528000000
			vertex -0.0761000000 -3.1271000000 -0.0528000000
			vertex -0.0489000000 -3.1271000000 -0.0440000000
		endloop
	endfacet
	facet normal 0.0000000000 0.0000000000 0.0000000000
		outer loop
			vertex -0.0489000000 -3.1271000000 -0.0440000000
			vertex -0.0761000000 -3.1271000000 -0.0528000000
			vertex -0.0761000000 -3.0377000000 -0.0528000000
			vertex -0.0489000000 -3.0377000000 -0.0440000000
		endloop
	endfacet
	facet normal 0.0000000000 0.0000000000 0.0000000000
		outer loop
			vertex -0.0489000000 -3.0377000000 -0.0440000000
			vertex -0.0761000000 -3.0377000000 -0.0528000000
			vertex -0.0761000000 -2.9296000000 -0.0528000000
			vertex -0.0489000000 -2.9296000000 -0.0440000000
		endloop
	endfacet
	facet normal 0.0000000000 0.0000000000 0.0000000000
		outer loop
			vertex -0.0489000000 -2.9296000000 -0.0440000000
			vertex -0.0761000000 -2.9296000000 -0.0528000000
			vertex -0.0761000000 -2.8035000000 -0.0528000000
			vertex -0.0489000000 -2.8035000000 -0.0440000000
		endloop
	endfacet
	facet normal 0.0000000000 0.0000000000 0.0000000000
		outer loop
			vertex -0.0489000000 -2.8035000000 -0.0440000000
			vertex -0.0761000000 -2.8035000000 -0.0528000000
			vertex -0.0761000000 -2.6600000000 -0.0528000000
			vertex -0.0489000000 -2.6600000000 -0.0440000000
		endloop
	endfacet
	facet normal 0.0000000000 0.0000000000 0.0000000000
		outer loop
			vertex -0.0489000000 -2.6600000000 -0.0440000000
			vertex -0.0761000000 -2.6600000000 -0.0528000000
			vertex -0.0761000000 -2.5002000000 -0.0528000000
			vertex -0.0489000000 -2.5002000000 -0.0440000000
		endloop
	endfacet
	facet normal 0.0000000000 0.0000000000 0.0000000000
		outer loop
			vertex -0.0489000000 -2.5002000000 -0.0440000000
			vertex -0.0761000000 -2.5002000000 -0.0528000000
			vertex -0.0761000000 -2.3250000000 -0.0528000000
			vertex -0.0489000000 -2.3250000000 -0.0440000000
		endloop
	endfacet
	facet normal 0.0000000000 0.0000000000 0.0000000000
		outer loop
			vertex -0.0489000000 -2.3250000000 -0.0440000000
			vertex -0.0761000000 -2.3250000000 -0.0528000000
			vertex -0.0761000000 -2.1354000000 -0.0528000000
			vertex -0.0489000000 -2.1354000000 -0.0440000000
		endloop
	endfacet
	facet normal 0.0000000000 0.0000000000 0.0000000000
		outer loop
			vertex -0.0489000000 -2.1354000000 -0.0440000000
			vertex -0.0761000000 -2.1354000000 -0.0528000000
			vertex -0.0761000000 -1.9326000000 -0.0528000000
			vertex -0.0489000000 -1.9326000000 -0.0440000000
		endloop
	endfacet
	facet normal 0.0000000000 0.0000000000 0.0000000000
		outer loop
			vertex -0.0489000000 -1.9326000000 -0.0440000000
			vertex -0.0761000000 -1.9326000000 -0.0528000000
			vertex -0.0761000000 -1.7180000000 -0.0528000000
			vertex -0.0489000000 -1.7180000000 -0.0440000000
		endloop
	endfacet
	facet normal 0.0000000000 0.0000000000 0.0000000000
		outer loop
			vertex -0.0489000000 -1.7180000000 -0.0440000000
			vertex -0.0761000000 -1.7180000000 -0.0528000000
			vertex -0.0761000000 -1.4927000000 -0.0528000000
			vertex -0.0489000000 -1.4927000000 -0.0440000000
		endloop
	endfacet
	facet normal 0.0000000000 0.0000000000 0.0000000000
		outer loop
			vertex -0.0489000000 -1.4927000000 -0.0440000000
			vertex -0.0761000000 -1.4927000000 -0.0528000000
			vertex -0.0761000000 -1.2583000000 -0.0528000000
			vertex -0.0489000000 -1.2583000000 -0.0440000000
		endloop
	endfacet
	facet normal 0.0000000000 0.0000000000 0.0000000000
		outer loop
			vertex -0.0489000000 -1.2583000000 -0.0440000000
			vertex -0.0761000000 -1.2583000000 -0.0528000000
			vertex -0.0761000000 -1.0160000000 -0.0528000000
			vertex -0.0489000000 -1.0160000000 -0.0440000000
		endloop
	endfacet
	facet normal 0.0000000000 0.0000000000 0.0000000000
		outer loop
			vertex -0.0489000000 -1.0160000000 -0.0440000000
			vertex -0.0761000000 -1.0160000000 -0.0528000000
			vertex -0.0761000000 -0.7676000000 -0.0528000000
			vertex -0.0489000000 -0.7676000000 -0.0440000000
		endloop
	endfacet
	facet normal 0.0000000000 0.0000000000 0.0000000000
		outer loop
			vertex -0.0489000000 -0.7676000000 -0.0440000000
			vertex -0.0761000000 -0.7676000000 -0.0528000000
			vertex -0.0761000000 -0.5144000000 -0.0528000000
			vertex -0.0489000000 -0.5144000000 -0.0440000000
		endloop
	endfacet
	facet normal 0.0000000000 0.0000000000 0.0000000000
		outer loop
			vertex -0.0489000000 -0.5144000000 -0.0440000000
			vertex -0.0761000000 -0.5144000000 -0.0528000000
			vertex -0.0761000000 -0.2580000000 -0.0528000000
			vertex -0.0489000000 -0.2580000000 -0.0440000000
		endloop
	endfacet
	facet normal 0.0000000000 0.0000000000 0.0000000000
		outer loop
			vertex -0.0489000000 -0.2580000000 -0.0440000000
			vertex -0.0761000000 -0.2580000000 -0.0528000000
			vertex -0.0761000000 0.0000000000 -0.0528000000
			vertex -0.0489000000 0.0000000000 -0.0440000000
		endloop
	endfacet
	facet normal 0.0000000000 0.0000000000 0.0000000000
		outer loop
			vertex -0.0489000000 0.0000000000 -0.0440000000
			vertex -0.0761000000 0.0000000000 -0.0528000000
			vertex -0.0761000000 0.2580000000 -0.0528000000
			vertex -0.0489000000 0.2580000000 -0.0440000000
		endloop
	endfacet
	facet normal 0.0000000000 0.0000000000 0.0000000000
		outer loop
			vertex -0.0489000000 0.2580000000 -0.0440000000
			vertex -0.0761000000 0.2580000000 -0.0528000000
			vertex -0.0761000000 0.5144000000 -0.0528000000
			vertex -0.0489000000 0.5144000000 -0.0440000000
		endloop
	endfacet
	facet normal 0.0000000000 0.0000000000 0.0000000000
		outer loop
			vertex -0.0489000000 0.5144000000 -0.0440000000
			vertex -0.0761000000 0.5144000000 -0.0528000000
			vertex -0.0761000000 0.7676000000 -0.0528000000
			vertex -0.0489000000 0.7676000000 -0.0440000000
		endloop
	endfacet
	facet normal 0.0000000000 0.0000000000 0.0000000000
		outer loop
			vertex -0.0489000000 0.7676000000 -0.0440000000
			vertex -0.0761000000 0.7676000000 -0.0528000000
			vertex -0.0761000000 1.0160000000 -0.0528000000
			vertex -0.0489000000 1.0160000000 -0.0440000000
		endloop
	endfacet
	facet normal 0.0000000000 0.0000000000 0.0000000000
		outer loop
			vertex -0.0489000000 1.0160000000 -0.0440000000
			vertex -0.0761000000 1.0160000000 -0.0528000000
			vertex -0.0761000000 1.2583000000 -0.0528000000
			vertex -0.0489000000 1.2583000000 -0.0440000000
		endloop
	endfacet
	facet normal 0.0000000000 0.0000000000 0.0000000000
		outer loop
			vertex -0.0489000000 1.2583000000 -0.0440000000
			vertex -0.0761000000 1.2583000000 -0.0528000000
			vertex -0.0761000000 1.4927000000 -0.0528000000
			vertex -0.0489000000 1.4927000000 -0.0440000000
		endloop
	endfacet
	facet normal 0.0000000000 0.0000000000 0.0000000000
		outer loop
			vertex -0.0489000000 1.4927000000 -0.0440000000
			vertex -0.0761000000 1.4927000000 -0.0528000000
			vertex -0.0761000000 1.7180000000 -0.0528000000
			vertex -0.0489000000 1.7180000000 -0.0440000000
		endloop
	endfacet
	facet normal 0.0000000000 0.0000000000 0.0000000000
		outer loop
			vertex -0.0489000000 1.7180000000 -0.0440000000
			vertex -0.0761000000 1.7180000000 -0.0528000000
			vertex -0.0761000000 1.9326000000 -0.0528000000
			vertex -0.0489000000 1.9326000000 -0.0440000000
		endloop
	endfacet
	facet normal 0.0000000000 0.0000000000 0.0000000000
		outer loop
			vertex -0.0489000000 1.9326000000 -0.0440000000
			vertex -0.0761000000 1.9326000000 -0.0528000000
			vertex -0.0761000000 2.1354000000 -0.0528000000
			vertex -0.0489000000 2.1354000000 -0.0440000000
		endloop
	endfacet
	facet normal 0.0000000000 0.0000000000 0.0000000000
		outer loop
			vertex -0.0489000000 2.1354000000 -0.0440000000
			vertex -0.0761000000 2.1354000000 -0.0528000000
			vertex -0.0761000000 2.3250000000 -0.0528000000
			vertex -0.0489000000 2.3250000000 -0.0440000000
		endloop
	endfacet
	facet normal 0.0000000000 0.0000000000 0.0000000000
		outer loop
			vertex -0.0489000000 2.3250000000 -0.0440000000
			vertex -0.0761000000 2.3250000000 -0.0528000000
			vertex -0.0761000000 2.5002000000 -0.0528000000
			vertex -0.0489000000 2.5002000000 -0.0440000000
		endloop
	endfacet
	facet normal 0.0000000000 0.0000000000 0.0000000000
		outer loop
			vertex -0.0489000000 2.5002000000 -0.0440000000
			vertex -0.0761000000 2.5002000000 -0.0528000000
			vertex -0.0761000000 2.6600000000 -0.0528000000
			vertex -0.0489000000 2.6600000000 -0.0440000000
		endloop
	endfacet
	facet normal 0.0000000000 0.0000000000 0.0000000000
		outer loop
			vertex -0.0489000000 2.6600000000 -0.0440000000
			vertex -0.0761000000 2.6600000000 -0.0528000000
			vertex -0.0761000000 2.8035000000 -0.0528000000
			vertex -0.0489000000 2.8035000000 -0.0440000000
		endloop
	endfacet
	facet normal 0.0000000000 0.0000000000 0.0000000000
		outer loop
			vertex -0.0489000000 2.8035000000 -0.0440000000
			vertex -0.0761000000 2.8035000000 -0.0528000000
			vertex -0.0761000000 2.9296000000 -0.0528000000
			vertex -0.0489000000 2.9296000000 -0.0440000000
		endloop
	endfacet
	facet normal 0.0000000000 0.0000000000 0.0000000000
		outer loop
			vertex -0.0489000000 2.9296000000 -0.0440000000
			vertex -0.0761000000 2.9296000000 -0.0528000000
			vertex -0.0761000000 3.0377000000 -0.0528000000
			vertex -0.0489000000 3.0377000000 -0.0440000000
		endloop
	endfacet
	facet normal 0.0000000000 0.0000000000 0.0000000000
		outer loop
			vertex -0.0489000000 3.0377000000 -0.0440000000
			vertex -0.0761000000 3.0377000000 -0.0528000000
			vertex -0.0761000000 3.1271000000 -0.0528000000
			vertex -0.0489000000 3.1271000000 -0.0440000000
		endloop
	endfacet
	facet normal 0.0000000000 0.0000000000 0.0000000000
		outer loop
			vertex -0.0489000000 3.1271000000 -0.0440000000
			vertex -0.0761000000 3.1271000000 -0.0528000000
			vertex -0.0761000000 3.1972000000 -0.0528000000
			vertex -0.0489000000 3.1972000000 -0.0440000000
		endloop
	endfacet
	facet normal 0.0000000000 0.0000000000 0.0000000000
		outer loop
			vertex -0.0489000000 3.1972000000 -0.0440000000
			vertex -0.0761000000 3.1972000000 -0.0528000000
			vertex -0.0761000000 3.2475000000 -0.0528000000
			vertex -0.0489000000 3.2475000000 -0.0440000000
		endloop
	endfacet
	facet normal 0.0000000000 0.0000000000 0.0000000000
		outer loop
			vertex -0.0489000000 3.2475000000 -0.0440000000
			vertex -0.0761000000 3.2475000000 -0.0528000000
			vertex -0.0761000000 3.2779000000 -0.0528000000
			vertex -0.0489000000 3.2779000000 -0.0440000000
		endloop
	endfacet
	facet normal 0.0000000000 0.0000000000 0.0000000000
		outer loop
			vertex -0.0489000000 3.2779000000 -0.0440000000
			vertex -0.0761000000 3.2779000000 -0.0528000000
			vertex -0.0761000000 3.2880000000 -0.0528000000
			vertex -0.0489000000 3.2880000000 -0.0440000000
		endloop
	endfacet
	facet normal 0.0000000000 0.0000000000 0.0000000000
		outer loop
			vertex -0.0489000000 3.2880000000 -0.0440000000
			vertex -0.0761000000 3.2880000000 -0.0528000000
			vertex -0.0761000000 3.2880000000 0.0000000000
			vertex -0.0489000000 3.2880000000 0.0000000000
		endloop
	endfacet
	facet normal 0.0000000000 0.0000000000 0.0000000000
		outer loop
			vertex -0.0761000000 -3.2880000000 0.0000000000
			vertex -0.1090000000 -3.2880000000 0.0000000000
			vertex -0.1090000000 -3.2880000000 -0.0603000000
			vertex -0.0761000000 -3.2880000000 -0.0528000000
		endloop
	endfacet
	facet normal 0.0000000000 0.0000000000 0.0000000000
		outer loop
			vertex -0.0761000000 -3.2880000000 -0.0528000000
			vertex -0.1090000000 -3.2880000000 -0.0603000000
			vertex -0.1090000000 -3.2779000000 -0.0603000000
			vertex -0.0761000000 -3.2779000000 -0.0528000000
		endloop
	endfacet
	facet normal 0.0000000000 0.0000000000 0.0000000000
		outer loop
			vertex -0.0761000000 -3.2779000000 -0.0528000000
			vertex -0.1090000000 -3.2779000000 -0.0603000000
			vertex -0.1090000000 -3.2475000000 -0.0603000000
			vertex -0.0761000000 -3.2475000000 -0.0528000000
		endloop
	endfacet
	facet normal 0.0000000000 0.0000000000 0.0000000000
		outer loop
			vertex -0.0761000000 -3.2475000000 -0.0528000000
			vertex -0.1090000000 -3.2475000000 -0.0603000000
			vertex -0.1090000000 -3.1972000000 -0.0603000000
			vertex -0.0761000000 -3.1972000000 -0.0528000000
		endloop
	endfacet
	facet normal 0.0000000000 0.0000000000 0.0000000000
		outer loop
			vertex -0.0761000000 -3.1972000000 -0.0528000000
			vertex -0.1090000000 -3.1972000000 -0.0603000000
			vertex -0.1090000000 -3.1271000000 -0.0603000000
			vertex -0.0761000000 -3.1271000000 -0.0528000000
		endloop
	endfacet
	facet normal 0.0000000000 0.0000000000 0.0000000000
		outer loop
			vertex -0.0761000000 -3.1271000000 -0.0528000000
			vertex -0.1090000000 -3.1271000000 -0.0603000000
			vertex -0.1090000000 -3.0377000000 -0.0603000000
			vertex -0.0761000000 -3.0377000000 -0.0528000000
		endloop
	endfacet
	facet normal 0.0000000000 0.0000000000 0.0000000000
		outer loop
			vertex -0.0761000000 -3.0377000000 -0.0528000000
			vertex -0.1090000000 -3.0377000000 -0.0603000000
			vertex -0.1090000000 -2.9296000000 -0.0603000000
			vertex -0.0761000000 -2.9296000000 -0.0528000000
		endloop
	endfacet
	facet normal 0.0000000000 0.0000000000 0.0000000000
		outer loop
			vertex -0.0761000000 -2.9296000000 -0.0528000000
			vertex -0.1090000000 -2.9296000000 -0.0603000000
			vertex -0.1090000000 -2.8035000000 -0.0603000000
			vertex -0.0761000000 -2.8035000000 -0.0528000000
		endloop
	endfacet
	facet normal 0.0000000000 0.0000000000 0.0000000000
		outer loop
			vertex -0.0761000000 -2.8035000000 -0.0528000000
			vertex -0.1090000000 -2.8035000000 -0.0603000000
			vertex -0.1090000000 -2.6600000000 -0.0603000000
			vertex -0.0761000000 -2.6600000000 -0.0528000000
		endloop
	endfacet
	facet normal 0.0000000000 0.0000000000 0.0000000000
		outer loop
			vertex -0.0761000000 -2.6600000000 -0.0528000000
			vertex -0.1090000000 -2.6600000000 -0.0603000000
			vertex -0.1090000000 -2.5002000000 -0.0603000000
			vertex -0.0761000000 -2.5002000000 -0.0528000000
		endloop
	endfacet
	facet normal 0.0000000000 0.0000000000 0.0000000000
		outer loop
			vertex -0.0761000000 -2.5002000000 -0.0528000000
			vertex -0.1090000000 -2.5002000000 -0.0603000000
			vertex -0.1090000000 -2.3250000000 -0.0603000000
			vertex -0.0761000000 -2.3250000000 -0.0528000000
		endloop
	endfacet
	facet normal 0.0000000000 0.0000000000 0.0000000000
		outer loop
			vertex -0.0761000000 -2.3250000000 -0.0528000000
			vertex -0.1090000000 -2.3250000000 -0.0603000000
			vertex -0.1090000000 -2.1354000000 -0.0603000000
			vertex -0.0761000000 -2.1354000000 -0.0528000000
		endloop
	endfacet
	facet normal 0.0000000000 0.0000000000 0.0000000000
		outer loop
			vertex -0.0761000000 -2.1354000000 -0.0528000000
			vertex -0.1090000000 -2.1354000000 -0.0603000000
			vertex -0.1090000000 -1.9326000000 -0.0603000000
			vertex -0.0761000000 -1.9326000000 -0.0528000000
		endloop
	endfacet
	facet normal 0.0000000000 0.0000000000 0.0000000000
		outer loop
			vertex -0.0761000000 -1.9326000000 -0.0528000000
			vertex -0.1090000000 -1.9326000000 -0.0603000000
			vertex -0.1090000000 -1.7180000000 -0.0603000000
			vertex -0.0761000000 -1.7180000000 -0.0528000000
		endloop
	endfacet
	facet normal 0.0000000000 0.0000000000 0.0000000000
		outer loop
			vertex -0.0761000000 -1.7180000000 -0.0528000000
			vertex -0.1090000000 -1.7180000000 -0.0603000000
			vertex -0.1090000000 -1.4927000000 -0.0603000000
			vertex -0.0761000000 -1.4927000000 -0.0528000000
		endloop
	endfacet
	facet normal 0.0000000000 0.0000000000 0.0000000000
		outer loop
			vertex -0.0761000000 -1.4927000000 -0.0528000000
			vertex -0.1090000000 -1.4927000000 -0.0603000000
			vertex -0.1090000000 -1.2583000000 -0.0603000000
			vertex -0.0761000000 -1.2583000000 -0.0528000000
		endloop
	endfacet
	facet normal 0.0000000000 0.0000000000 0.0000000000
		outer loop
			vertex -0.0761000000 -1.2583000000 -0.0528000000
			vertex -0.1090000000 -1.2583000000 -0.0603000000
			vertex -0.1090000000 -1.0160000000 -0.0603000000
			vertex -0.0761000000 -1.0160000000 -0.0528000000
		endloop
	endfacet
	facet normal 0.0000000000 0.0000000000 0.0000000000
		outer loop
			vertex -0.0761000000 -1.0160000000 -0.0528000000
			vertex -0.1090000000 -1.0160000000 -0.0603000000
			vertex -0.1090000000 -0.7676000000 -0.0603000000
			vertex -0.0761000000 -0.7676000000 -0.0528000000
		endloop
	endfacet
	facet normal 0.0000000000 0.0000000000 0.0000000000
		outer loop
			vertex -0.0761000000 -0.7676000000 -0.0528000000
			vertex -0.1090000000 -0.7676000000 -0.0603000000
			vertex -0.1090000000 -0.5144000000 -0.0603000000
			vertex -0.0761000000 -0.5144000000 -0.0528000000
		endloop
	endfacet
	facet normal 0.0000000000 0.0000000000 0.0000000000
		outer loop
			vertex -0.0761000000 -0.5144000000 -0.0528000000
			vertex -0.1090000000 -0.5144000000 -0.0603000000
			vertex -0.1090000000 -0.2580000000 -0.0603000000
			vertex -0.0761000000 -0.2580000000 -0.0528000000
		endloop
	endfacet
	facet normal 0.0000000000 0.0000000000 0.0000000000
		outer loop
			vertex -0.0761000000 -0.2580000000 -0.0528000000
			vertex -0.1090000000 -0.2580000000 -0.0603000000
			vertex -0.1090000000 0.0000000000 -0.0603000000
			vertex -0.0761000000 0.0000000000 -0.0528000000
		endloop
	endfacet
	facet normal 0.0000000000 0.0000000000 0.0000000000
		outer loop
			vertex -0.0761000000 0.0000000000 -0.0528000000
			vertex -0.1090000000 0.0000000000 -0.0603000000
			vertex -0.1090000000 0.2580000000 -0.0603000000
			vertex -0.0761000000 0.2580000000 -0.0528000000
		endloop
	endfacet
	facet normal 0.0000000000 0.0000000000 0.0000000000
		outer loop
			vertex -0.0761000000 0.2580000000 -0.0528000000
			vertex -0.1090000000 0.2580000000 -0.0603000000
			vertex -0.1090000000 0.5144000000 -0.0603000000
			vertex -0.0761000000 0.5144000000 -0.0528000000
		endloop
	endfacet
	facet normal 0.0000000000 0.0000000000 0.0000000000
		outer loop
			vertex -0.0761000000 0.5144000000 -0.0528000000
			vertex -0.1090000000 0.5144000000 -0.0603000000
			vertex -0.1090000000 0.7676000000 -0.0603000000
			vertex -0.0761000000 0.7676000000 -0.0528000000
		endloop
	endfacet
	facet normal 0.0000000000 0.0000000000 0.0000000000
		outer loop
			vertex -0.0761000000 0.7676000000 -0.0528000000
			vertex -0.1090000000 0.7676000000 -0.0603000000
			vertex -0.1090000000 1.0160000000 -0.0603000000
			vertex -0.0761000000 1.0160000000 -0.0528000000
		endloop
	endfacet
	facet normal 0.0000000000 0.0000000000 0.0000000000
		outer loop
			vertex -0.0761000000 1.0160000000 -0.0528000000
			vertex -0.1090000000 1.0160000000 -0.0603000000
			vertex -0.1090000000 1.2583000000 -0.0603000000
			vertex -0.0761000000 1.2583000000 -0.0528000000
		endloop
	endfacet
	facet normal 0.0000000000 0.0000000000 0.0000000000
		outer loop
			vertex -0.0761000000 1.2583000000 -0.0528000000
			vertex -0.1090000000 1.2583000000 -0.0603000000
			vertex -0.1090000000 1.4927000000 -0.0603000000
			vertex -0.0761000000 1.4927000000 -0.0528000000
		endloop
	endfacet
	facet normal 0.0000000000 0.0000000000 0.0000000000
		outer loop
			vertex -0.0761000000 1.4927000000 -0.0528000000
			vertex -0.1090000000 1.4927000000 -0.0603000000
			vertex -0.1090000000 1.7180000000 -0.0603000000
			vertex -0.0761000000 1.7180000000 -0.0528000000
		endloop
	endfacet
	facet normal 0.0000000000 0.0000000000 0.0000000000
		outer loop
			vertex -0.0761000000 1.7180000000 -0.0528000000
			vertex -0.1090000000 1.7180000000 -0.0603000000
			vertex -0.1090000000 1.9326000000 -0.0603000000
			vertex -0.0761000000 1.9326000000 -0.0528000000
		endloop
	endfacet
	facet normal 0.0000000000 0.0000000000 0.0000000000
		outer loop
			vertex -0.0761000000 1.9326000000 -0.0528000000
			vertex -0.1090000000 1.9326000000 -0.0603000000
			vertex -0.1090000000 2.1354000000 -0.0603000000
			vertex -0.0761000000 2.1354000000 -0.0528000000
		endloop
	endfacet
	facet normal 0.0000000000 0.0000000000 0.0000000000
		outer loop
			vertex -0.0761000000 2.1354000000 -0.0528000000
			vertex -0.1090000000 2.1354000000 -0.0603000000
			vertex -0.1090000000 2.3250000000 -0.0603000000
			vertex -0.0761000000 2.3250000000 -0.0528000000
		endloop
	endfacet
	facet normal 0.0000000000 0.0000000000 0.0000000000
		outer loop
			vertex -0.0761000000 2.3250000000 -0.0528000000
			vertex -0.1090000000 2.3250000000 -0.0603000000
			vertex -0.1090000000 2.5002000000 -0.0603000000
			vertex -0.0761000000 2.5002000000 -0.0528000000
		endloop
	endfacet
	facet normal 0.0000000000 0.0000000000 0.0000000000
		outer loop
			vertex -0.0761000000 2.5002000000 -0.0528000000
			vertex -0.1090000000 2.5002000000 -0.0603000000
			vertex -0.1090000000 2.6600000000 -0.0603000000
			vertex -0.0761000000 2.6600000000 -0.0528000000
		endloop
	endfacet
	facet normal 0.0000000000 0.0000000000 0.0000000000
		outer loop
			vertex -0.0761000000 2.6600000000 -0.0528000000
			vertex -0.1090000000 2.6600000000 -0.0603000000
			vertex -0.1090000000 2.8035000000 -0.0603000000
			vertex -0.0761000000 2.8035000000 -0.0528000000
		endloop
	endfacet
	facet normal 0.0000000000 0.0000000000 0.0000000000
		outer loop
			vertex -0.0761000000 2.8035000000 -0.0528000000
			vertex -0.1090000000 2.8035000000 -0.0603000000
			vertex -0.1090000000 2.9296000000 -0.0603000000
			vertex -0.0761000000 2.9296000000 -0.0528000000
		endloop
	endfacet
	facet normal 0.0000000000 0.0000000000 0.0000000000
		outer loop
			vertex -0.0761000000 2.9296000000 -0.0528000000
			vertex -0.1090000000 2.9296000000 -0.0603000000
			vertex -0.1090000000 3.0377000000 -0.0603000000
			vertex -0.0761000000 3.0377000000 -0.0528000000
		endloop
	endfacet
	facet normal 0.0000000000 0.0000000000 0.0000000000
		outer loop
			vertex -0.0761000000 3.0377000000 -0.0528000000
			vertex -0.1090000000 3.0377000000 -0.0603000000
			vertex -0.1090000000 3.1271000000 -0.0603000000
			vertex -0.0761000000 3.1271000000 -0.0528000000
		endloop
	endfacet
	facet normal 0.0000000000 0.0000000000 0.0000000000
		outer loop
			vertex -0.0761000000 3.1271000000 -0.0528000000
			vertex -0.1090000000 3.1271000000 -0.0603000000
			vertex -0.1090000000 3.1972000000 -0.0603000000
			vertex -0.0761000000 3.1972000000 -0.0528000000
		endloop
	endfacet
	facet normal 0.0000000000 0.0000000000 0.0000000000
		outer loop
			vertex -0.0761000000 3.1972000000 -0.0528000000
			vertex -0.1090000000 3.1972000000 -0.0603000000
			vertex -0.1090000000 3.2475000000 -0.0603000000
			vertex -0.0761000000 3.2475000000 -0.0528000000
		endloop
	endfacet
	facet normal 0.0000000000 0.0000000000 0.0000000000
		outer loop
			vertex -0.0761000000 3.2475000000 -0.0528000000
			vertex -0.1090000000 3.2475000000 -0.0603000000
			vertex -0.1090000000 3.2779000000 -0.0603000000
			vertex -0.0761000000 3.2779000000 -0.0528000000
		endloop
	endfacet
	facet normal 0.0000000000 0.0000000000 0.0000000000
		outer loop
			vertex -0.0761000000 3.2779000000 -0.0528000000
			vertex -0.1090000000 3.2779000000 -0.0603000000
			vertex -0.1090000000 3.2880000000 -0.0603000000
			vertex -0.0761000000 3.2880000000 -0.0528000000
		endloop
	endfacet
	facet normal 0.0000000000 0.0000000000 0.0000000000
		outer loop
			vertex -0.0761000000 3.2880000000 -0.0528000000
			vertex -0.1090000000 3.2880000000 -0.0603000000
			vertex -0.1090000000 3.2880000000 0.0000000000
			vertex -0.0761000000 3.2880000000 0.0000000000
		endloop
	endfacet
	facet normal 0.0000000000 0.0000000000 0.0000000000
		outer loop
			vertex -0.1090000000 -3.2880000000 0.0000000000
			vertex -0.1474000000 -3.2880000000 0.0000000000
			vertex -0.1474000000 -3.2880000000 -0.0665000000
			vertex -0.1090000000 -3.2880000000 -0.0603000000
		endloop
	endfacet
	facet normal 0.0000000000 0.0000000000 0.0000000000
		outer loop
			vertex -0.1090000000 -3.2880000000 -0.0603000000
			vertex -0.1474000000 -3.2880000000 -0.0665000000
			vertex -0.1474000000 -3.2779000000 -0.0665000000
			vertex -0.1090000000 -3.2779000000 -0.0603000000
		endloop
	endfacet
	facet normal 0.0000000000 0.0000000000 0.0000000000
		outer loop
			vertex -0.1090000000 -3.2779000000 -0.0603000000
			vertex -0.1474000000 -3.2779000000 -0.0665000000
			vertex -0.1474000000 -3.2475000000 -0.0665000000
			vertex -0.1090000000 -3.2475000000 -0.0603000000
		endloop
	endfacet
	facet normal 0.0000000000 0.0000000000 0.0000000000
		outer loop
			vertex -0.1090000000 -3.2475000000 -0.0603000000
			vertex -0.1474000000 -3.2475000000 -0.0665000000
			vertex -0.1474000000 -3.1972000000 -0.0665000000
			vertex -0.1090000000 -3.1972000000 -0.0603000000
		endloop
	endfacet
	facet normal 0.0000000000 0.0000000000 0.0000000000
		outer loop
			vertex -0.1090000000 -3.1972000000 -0.0603000000
			vertex -0.1474000000 -3.1972000000 -0.0665000000
			vertex -0.1474000000 -3.1271000000 -0.0665000000
			vertex -0.1090000000 -3.1271000000 -0.0603000000
		endloop
	endfacet
	facet normal 0.0000000000 0.0000000000 0.0000000000
		outer loop
			vertex -0.1090000000 -3.1271000000 -0.0603000000
			vertex -0.1474000000 -3.1271000000 -0.0665000000
			vertex -0.1474000000 -3.0377000000 -0.0665000000
			vertex -0.1090000000 -3.0377000000 -0.0603000000
		endloop
	endfacet
	facet normal 0.0000000000 0.0000000000 0.0000000000
		outer loop
			vertex -0.1090000000 -3.0377000000 -0.0603000000
			vertex -0.1474000000 -3.0377000000 -0.0665000000
			vertex -0.1474000000 -2.9296000000 -0.0665000000
			vertex -0.1090000000 -2.9296000000 -0.0603000000
		endloop
	endfacet
	facet normal 0.0000000000 0.0000000000 0.0000000000
		outer loop
			vertex -0.1090000000 -2.9296000000 -0.0603000000
			vertex -0.1474000000 -2.9296000000 -0.0665000000
			vertex -0.1474000000 -2.8035000000 -0.0665000000
			vertex -0.1090000000 -2.8035000000 -0.0603000000
		endloop
	endfacet
	facet normal 0.0000000000 0.0000000000 0.0000000000
		outer loop
			vertex -0.1090000000 -2.8035000000 -0.0603000000
			vertex -0.1474000000 -2.8035000000 -0.0665000000
			vertex -0.1474000000 -2.6600000000 -0.0665000000
			vertex -0.1090000000 -2.6600000000 -0.0603000000
		endloop
	endfacet
	facet normal 0.0000000000 0.0000000000 0.0000000000
		outer loop
			vertex -0.1090000000 -2.6600000000 -0.0603000000
			vertex -0.1474000000 -2.6600000000 -0.0665000000
			vertex -0.1474000000 -2.5002000000 -0.0665000000
			vertex -0.1090000000 -2.5002000000 -0.0603000000
		endloop
	endfacet
	facet normal 0.0000000000 0.0000000000 0.0000000000
		outer loop
			vertex -0.1090000000 -2.5002000000 -0.0603000000
			vertex -0.1474000000 -2.5002000000 -0.0665000000
			vertex -0.1474000000 -2.3250000000 -0.0665000000
			vertex -0.1090000000 -2.3250000000 -0.0603000000
		endloop
	endfacet
	facet normal 0.0000000000 0.0000000000 0.0000000000
		outer loop
			vertex -0.1090000000 -2.3250000000 -0.0603000000
			vertex -0.1474000000 -2.3250000000 -0.0665000000
			vertex -0.1474000000 -2.1354000000 -0.0665000000
			vertex -0.1090000000 -2.1354000000 -0.0603000000
		endloop
	endfacet
	facet normal 0.0000000000 0.0000000000 0.0000000000
		outer loop
			vertex -0.1090000000 -2.1354000000 -0.0603000000
			vertex -0.1474000000 -2.1354000000 -0.0665000000
			vertex -0.1474000000 -1.9326000000 -0.0665000000
			vertex -0.1090000000 -1.9326000000 -0.0603000000
		endloop
	endfacet
	facet normal 0.0000000000 0.0000000000 0.0000000000
		outer loop
			vertex -0.1090000000 -1.9326000000 -0.0603000000
			vertex -0.1474000000 -1.9326000000 -0.0665000000
			vertex -0.1474000000 -1.7180000000 -0.0665000000
			vertex -0.1090000000 -1.7180000000 -0.0603000000
		endloop
	endfacet
	facet normal 0.0000000000 0.0000000000 0.0000000000
		outer loop
			vertex -0.1090000000 -1.7180000000 -0.0603000000
			vertex -0.1474000000 -1.7180000000 -0.0665000000
			vertex -0.1474000000 -1.4927000000 -0.0665000000
			vertex -0.1090000000 -1.4927000000 -0.0603000000
		endloop
	endfacet
	facet normal 0.0000000000 0.0000000000 0.0000000000
		outer loop
			vertex -0.1090000000 -1.4927000000 -0.0603000000
			vertex -0.1474000000 -1.4927000000 -0.0665000000
			vertex -0.1474000000 -1.2583000000 -0.0665000000
			vertex -0.1090000000 -1.2583000000 -0.0603000000
		endloop
	endfacet
	facet normal 0.0000000000 0.0000000000 0.0000000000
		outer loop
			vertex -0.1090000000 -1.2583000000 -0.0603000000
			vertex -0.1474000000 -1.2583000000 -0.0665000000
			vertex -0.1474000000 -1.0160000000 -0.0665000000
			vertex -0.1090000000 -1.0160000000 -0.0603000000
		endloop
	endfacet
	facet normal 0.0000000000 0.0000000000 0.0000000000
		outer loop
			vertex -0.1090000000 -1.0160000000 -0.0603000000
			vertex -0.1474000000 -1.0160000000 -0.0665000000
			vertex -0.1474000000 -0.7676000000 -0.0665000000
			vertex -0.1090000000 -0.7676000000 -0.0603000000
		endloop
	endfacet
	facet normal 0.0000000000 0.0000000000 0.0000000000
		outer loop
			vertex -0.1090000000 -0.7676000000 -0.0603000000
			vertex -0.1474000000 -0.7676000000 -0.0665000000
			vertex -0.1474000000 -0.5144000000 -0.0665000000
			vertex -0.1090000000 -0.5144000000 -0.0603000000
		endloop
	endfacet
	facet normal 0.0000000000 0.0000000000 0.0000000000
		outer loop
			vertex -0.1090000000 -0.5144000000 -0.0603000000
			vertex -0.1474000000 -0.5144000000 -0.0665000000
			vertex -0.1474000000 -0.2580000000 -0.0665000000
			vertex -0.1090000000 -0.2580000000 -0.0603000000
		endloop
	endfacet
	facet normal 0.0000000000 0.0000000000 0.0000000000
		outer loop
			vertex -0.1090000000 -0.2580000000 -0.0603000000
			vertex -0.1474000000 -0.2580000000 -0.0665000000
			vertex -0.1474000000 0.0000000000 -0.0665000000
			vertex -0.1090000000 0.0000000000 -0.0603000000
		endloop
	endfacet
	facet normal 0.0000000000 0.0000000000 0.0000000000
		outer loop
			vertex -0.1090000000 0.0000000000 -0.0603000000
			vertex -0.1474000000 0.0000000000 -0.0665000000
			vertex -0.1474000000 0.2580000000 -0.0665000000
			vertex -0.1090000000 0.2580000000 -0.0603000000
		endloop
	endfacet
	facet normal 0.0000000000 0.0000000000 0.0000000000
		outer loop
			vertex -0.1090000000 0.2580000000 -0.0603000000
			vertex -0.1474000000 0.2580000000 -0.0665000000
			vertex -0.1474000000 0.5144000000 -0.0665000000
			vertex -0.1090000000 0.5144000000 -0.0603000000
		endloop
	endfacet
	facet normal 0.0000000000 0.0000000000 0.0000000000
		outer loop
			vertex -0.1090000000 0.5144000000 -0.0603000000
			vertex -0.1474000000 0.5144000000 -0.0665000000
			vertex -0.1474000000 0.7676000000 -0.0665000000
			vertex -0.1090000000 0.7676000000 -0.0603000000
		endloop
	endfacet
	facet normal 0.0000000000 0.0000000000 0.0000000000
		outer loop
			vertex -0.1090000000 0.7676000000 -0.0603000000
			vertex -0.1474000000 0.7676000000 -0.0665000000
			vertex -0.1474000000 1.0160000000 -0.0665000000
			vertex -0.1090000000 1.0160000000 -0.0603000000
		endloop
	endfacet
	facet normal 0.0000000000 0.0000000000 0.0000000000
		outer loop
			vertex -0.1090000000 1.0160000000 -0.0603000000
			vertex -0.1474000000 1.0160000000 -0.0665000000
			vertex -0.1474000000 1.2583000000 -0.0665000000
			vertex -0.1090000000 1.2583000000 -0.0603000000
		endloop
	endfacet
	facet normal 0.0000000000 0.0000000000 0.0000000000
		outer loop
			vertex -0.1090000000 1.2583000000 -0.0603000000
			vertex -0.1474000000 1.2583000000 -0.0665000000
			vertex -0.1474000000 1.4927000000 -0.0665000000
			vertex -0.1090000000 1.4927000000 -0.0603000000
		endloop
	endfacet
	facet normal 0.0000000000 0.0000000000 0.0000000000
		outer loop
			vertex -0.1090000000 1.4927000000 -0.0603000000
			vertex -0.1474000000 1.4927000000 -0.0665000000
			vertex -0.1474000000 1.7180000000 -0.0665000000
			vertex -0.1090000000 1.7180000000 -0.0603000000
		endloop
	endfacet
	facet normal 0.0000000000 0.0000000000 0.0000000000
		outer loop
			vertex -0.1090000000 1.7180000000 -0.0603000000
			vertex -0.1474000000 1.7180000000 -0.0665000000
			vertex -0.1474000000 1.9326000000 -0.0665000000
			vertex -0.1090000000 1.9326000000 -0.0603000000
		endloop
	endfacet
	facet normal 0.0000000000 0.0000000000 0.0000000000
		outer loop
			vertex -0.1090000000 1.9326000000 -0.0603000000
			vertex -0.1474000000 1.9326000000 -0.0665000000
			vertex -0.1474000000 2.1354000000 -0.0665000000
			vertex -0.1090000000 2.1354000000 -0.0603000000
		endloop
	endfacet
	facet normal 0.0000000000 0.0000000000 0.0000000000
		outer loop
			vertex -0.1090000000 2.1354000000 -0.0603000000
			vertex -0.1474000000 2.1354000000 -0.0665000000
			vertex -0.1474000000 2.3250000000 -0.0665000000
			vertex -0.1090000000 2.3250000000 -0.0603000000
		endloop
	endfacet
	facet normal 0.0000000000 0.0000000000 0.0000000000
		outer loop
			vertex -0.1090000000 2.3250000000 -0.0603000000
			vertex -0.1474000000 2.3250000000 -0.0665000000
			vertex -0.1474000000 2.5002000000 -0.0665000000
			vertex -0.1090000000 2.5002000000 -0.0603000000
		endloop
	endfacet
	facet normal 0.0000000000 0.0000000000 0.0000000000
		outer loop
			vertex -0.1090000000 2.5002000000 -0.0603000000
			vertex -0.1474000000 2.5002000000 -0.0665000000
			vertex -0.1474000000 2.6600000000 -0.0665000000
			vertex -0.1090000000 2.6600000000 -0.0603000000
		endloop
	endfacet
	facet normal 0.0000000000 0.0000000000 0.0000000000
		outer loop
			vertex -0.1090000000 2.6600000000 -0.0603000000
			vertex -0.1474000000 2.6600000000 -0.0665000000
			vertex -0.1474000000 2.8035000000 -0.0665000000
			vertex -0.1090000000 2.8035000000 -0.0603000000
		endloop
	endfacet
	facet normal 0.0000000000 0.0000000000 0.0000000000
		outer loop
			vertex -0.1090000000 2.8035000000 -0.0603000000
			vertex -0.1474000000 2.8035000000 -0.0665000000
			vertex -0.1474000000 2.9296000000 -0.0665000000
			vertex -0.1090000000 2.9296000000 -0.0603000000
		endloop
	endfacet
	facet normal 0.0000000000 0.0000000000 0.0000000000
		outer loop
			vertex -0.1090000000 2.9296000000 -0.0603000000
			vertex -0.1474000000 2.9296000000 -0.0665000000
			vertex -0.1474000000 3.0377000000 -0.0665000000
			vertex -0.1090000000 3.0377000000 -0.0603000000
		endloop
	endfacet
	facet normal 0.0000000000 0.0000000000 0.0000000000
		outer loop
			vertex -0.1090000000 3.0377000000 -0.0603000000
			vertex -0.1474000000 3.0377000000 -0.0665000000
			vertex -0.1474000000 3.1271000000 -0.0665000000
			vertex -0.1090000000 3.1271000000 -0.0603000000
		endloop
	endfacet
	facet normal 0.0000000000 0.0000000000 0.0000000000
		outer loop
			vertex -0.1090000000 3.1271000000 -0.0603000000
			vertex -0.1474000000 3.1271000000 -0.0665000000
			vertex -0.1474000000 3.1972000000 -0.0665000000
			vertex -0.1090000000 3.1972000000 -0.0603000000
		endloop
	endfacet
	facet normal 0.0000000000 0.0000000000 0.0000000000
		outer loop
			vertex -0.1090000000 3.1972000000 -0.0603000000
			vertex -0.1474000000 3.1972000000 -0.0665000000
			vertex -0.1474000000 3.2475000000 -0.0665000000
			vertex -0.1090000000 3.2475000000 -0.0603000000
		endloop
	endfacet
	facet normal 0.0000000000 0.0000000000 0.0000000000
		outer loop
			vertex -0.1090000000 3.2475000000 -0.0603000000
			vertex -0.1474000000 3.2475000000 -0.0665000000
			vertex -0.1474000000 3.2779000000 -0.0665000000
			vertex -0.1090000000 3.2779000000 -0.0603000000
		endloop
	endfacet
	facet normal 0.0000000000 0.0000000000 0.0000000000
		outer loop
			vertex -0.1090000000 3.2779000000 -0.0603000000
			vertex -0.1474000000 3.2779000000 -0.0665000000
			vertex -0.1474000000 3.2880000000 -0.0665000000
			vertex -0.1090000000 3.2880000000 -0.0603000000
		endloop
	endfacet
	facet normal 0.0000000000 0.0000000000 0.0000000000
		outer loop
			vertex -0.1090000000 3.2880000000 -0.0603000000
			vertex -0.1474000000 3.2880000000 -0.0665000000
			vertex -0.1474000000 3.2880000000 0.0000000000
			vertex -0.1090000000 3.2880000000 0.0000000000
		endloop
	endfacet
	facet normal 0.0000000000 0.0000000000 0.0000000000
		outer loop
			vertex -0.1474000000 -3.2880000000 0.0000000000
			vertex -0.1910000000 -3.2880000000 0.0000000000
			vertex -0.1910000000 -3.2880000000 -0.0710000000
			vertex -0.1474000000 -3.2880000000 -0.0665000000
		endloop
	endfacet
	facet normal 0.0000000000 0.0000000000 0.0000000000
		outer loop
			vertex -0.1474000000 -3.2880000000 -0.0665000000
			vertex -0.1910000000 -3.2880000000 -0.0710000000
			vertex -0.1910000000 -3.2779000000 -0.0710000000
			vertex -0.1474000000 -3.2779000000 -0.0665000000
		endloop
	endfacet
	facet normal 0.0000000000 0.0000000000 0.0000000000
		outer loop
			vertex -0.1474000000 -3.2779000000 -0.0665000000
			vertex -0.1910000000 -3.2779000000 -0.0710000000
			vertex -0.1910000000 -3.2475000000 -0.0710000000
			vertex -0.1474000000 -3.2475000000 -0.0665000000
		endloop
	endfacet
	facet normal 0.0000000000 0.0000000000 0.0000000000
		outer loop
			vertex -0.1474000000 -3.2475000000 -0.0665000000
			vertex -0.1910000000 -3.2475000000 -0.0710000000
			vertex -0.1910000000 -3.1972000000 -0.0710000000
			vertex -0.1474000000 -3.1972000000 -0.0665000000
		endloop
	endfacet
	facet normal 0.0000000000 0.0000000000 0.0000000000
		outer loop
			vertex -0.1474000000 -3.1972000000 -0.0665000000
			vertex -0.1910000000 -3.1972000000 -0.0710000000
			vertex -0.1910000000 -3.1271000000 -0.0710000000
			vertex -0.1474000000 -3.1271000000 -0.0665000000
		endloop
	endfacet
	facet normal 0.0000000000 0.0000000000 0.0000000000
		outer loop
			vertex -0.1474000000 -3.1271000000 -0.0665000000
			vertex -0.1910000000 -3.1271000000 -0.0710000000
			vertex -0.1910000000 -3.0377000000 -0.0710000000
			vertex -0.1474000000 -3.0377000000 -0.0665000000
		endloop
	endfacet
	facet normal 0.0000000000 0.0000000000 0.0000000000
		outer loop
			vertex -0.1474000000 -3.0377000000 -0.0665000000
			vertex -0.1910000000 -3.0377000000 -0.0710000000
			vertex -0.1910000000 -2.9296000000 -0.0710000000
			vertex -0.1474000000 -2.9296000000 -0.0665000000
		endloop
	endfacet
	facet normal 0.0000000000 0.0000000000 0.0000000000
		outer loop
			vertex -0.1474000000 -2.9296000000 -0.0665000000
			vertex -0.1910000000 -2.9296000000 -0.0710000000
			vertex -0.1910000000 -2.8035000000 -0.0710000000
			vertex -0.1474000000 -2.8035000000 -0.0665000000
		endloop
	endfacet
	facet normal 0.0000000000 0.0000000000 0.0000000000
		outer loop
			vertex -0.1474000000 -2.8035000000 -0.0665000000
			vertex -0.1910000000 -2.8035000000 -0.0710000000
			vertex -0.1910000000 -2.6600000000 -0.0710000000
			vertex -0.1474000000 -2.6600000000 -0.0665000000
		endloop
	endfacet
	facet normal 0.0000000000 0.0000000000 0.0000000000
		outer loop
			vertex -0.1474000000 -2.6600000000 -0.0665000000
			vertex -0.1910000000 -2.6600000000 -0.0710000000
			vertex -0.1910000000 -2.5002000000 -0.0710000000
			vertex -0.1474000000 -2.5002000000 -0.0665000000
		endloop
	endfacet
	facet normal 0.0000000000 0.0000000000 0.0000000000
		outer loop
			vertex -0.1474000000 -2.5002000000 -0.0665000000
			vertex -0.1910000000 -2.5002000000 -0.0710000000
			vertex -0.1910000000 -2.3250000000 -0.0710000000
			vertex -0.1474000000 -2.3250000000 -0.0665000000
		endloop
	endfacet
	facet normal 0.0000000000 0.0000000000 0.0000000000
		outer loop
			vertex -0.1474000000 -2.3250000000 -0.0665000000
			vertex -0.1910000000 -2.3250000000 -0.0710000000
			vertex -0.1910000000 -2.1354000000 -0.0710000000
			vertex -0.1474000000 -2.1354000000 -0.0665000000
		endloop
	endfacet
	facet normal 0.0000000000 0.0000000000 0.0000000000
		outer loop
			vertex -0.1474000000 -2.1354000000 -0.0665000000
			vertex -0.1910000000 -2.1354000000 -0.0710000000
			vertex -0.1910000000 -1.9326000000 -0.0710000000
			vertex -0.1474000000 -1.9326000000 -0.0665000000
		endloop
	endfacet
	facet normal 0.0000000000 0.0000000000 0.0000000000
		outer loop
			vertex -0.1474000000 -1.9326000000 -0.0665000000
			vertex -0.1910000000 -1.9326000000 -0.0710000000
			vertex -0.1910000000 -1.7180000000 -0.0710000000
			vertex -0.1474000000 -1.7180000000 -0.0665000000
		endloop
	endfacet
	facet normal 0.0000000000 0.0000000000 0.0000000000
		outer loop
			vertex -0.1474000000 -1.7180000000 -0.0665000000
			vertex -0.1910000000 -1.7180000000 -0.0710000000
			vertex -0.1910000000 -1.4927000000 -0.0710000000
			vertex -0.1474000000 -1.4927000000 -0.0665000000
		endloop
	endfacet
	facet normal 0.0000000000 0.0000000000 0.0000000000
		outer loop
			vertex -0.1474000000 -1.4927000000 -0.0665000000
			vertex -0.1910000000 -1.4927000000 -0.0710000000
			vertex -0.1910000000 -1.2583000000 -0.0710000000
			vertex -0.1474000000 -1.2583000000 -0.0665000000
		endloop
	endfacet
	facet normal 0.0000000000 0.0000000000 0.0000000000
		outer loop
			vertex -0.1474000000 -1.2583000000 -0.0665000000
			vertex -0.1910000000 -1.2583000000 -0.0710000000
			vertex -0.1910000000 -1.0160000000 -0.0710000000
			vertex -0.1474000000 -1.0160000000 -0.0665000000
		endloop
	endfacet
	facet normal 0.0000000000 0.0000000000 0.0000000000
		outer loop
			vertex -0.1474000000 -1.0160000000 -0.0665000000
			vertex -0.1910000000 -1.0160000000 -0.0710000000
			vertex -0.1910000000 -0.7676000000 -0.0710000000
			vertex -0.1474000000 -0.7676000000 -0.0665000000
		endloop
	endfacet
	facet normal 0.0000000000 0.0000000000 0.0000000000
		outer loop
			vertex -0.1474000000 -0.7676000000 -0.0665000000
			vertex -0.1910000000 -0.7676000000 -0.0710000000
			vertex -0.1910000000 -0.5144000000 -0.0710000000
			vertex -0.1474000000 -0.5144000000 -0.0665000000
		endloop
	endfacet
	facet normal 0.0000000000 0.0000000000 0.0000000000
		outer loop
			vertex -0.1474000000 -0.5144000000 -0.0665000000
			vertex -0.1910000000 -0.5144000000 -0.0710000000
			vertex -0.1910000000 -0.2580000000 -0.0710000000
			vertex -0.1474000000 -0.2580000000 -0.0665000000
		endloop
	endfacet
	facet normal 0.0000000000 0.0000000000 0.0000000000
		outer loop
			vertex -0.1474000000 -0.2580000000 -0.0665000000
			vertex -0.1910000000 -0.2580000000 -0.0710000000
			vertex -0.1910000000 0.0000000000 -0.0710000000
			vertex -0.1474000000 0.0000000000 -0.0665000000
		endloop
	endfacet
	facet normal 0.0000000000 0.0000000000 0.0000000000
		outer loop
			vertex -0.1474000000 0.0000000000 -0.0665000000
			vertex -0.1910000000 0.0000000000 -0.0710000000
			vertex -0.1910000000 0.2580000000 -0.0710000000
			vertex -0.1474000000 0.2580000000 -0.0665000000
		endloop
	endfacet
	facet normal 0.0000000000 0.0000000000 0.0000000000
		outer loop
			vertex -0.1474000000 0.2580000000 -0.0665000000
			vertex -0.1910000000 0.2580000000 -0.0710000000
			vertex -0.1910000000 0.5144000000 -0.0710000000
			vertex -0.1474000000 0.5144000000 -0.0665000000
		endloop
	endfacet
	facet normal 0.0000000000 0.0000000000 0.0000000000
		outer loop
			vertex -0.1474000000 0.5144000000 -0.0665000000
			vertex -0.1910000000 0.5144000000 -0.0710000000
			vertex -0.1910000000 0.7676000000 -0.0710000000
			vertex -0.1474000000 0.7676000000 -0.0665000000
		endloop
	endfacet
	facet normal 0.0000000000 0.0000000000 0.0000000000
		outer loop
			vertex -0.1474000000 0.7676000000 -0.0665000000
			vertex -0.1910000000 0.7676000000 -0.0710000000
			vertex -0.1910000000 1.0160000000 -0.0710000000
			vertex -0.1474000000 1.0160000000 -0.0665000000
		endloop
	endfacet
	facet normal 0.0000000000 0.0000000000 0.0000000000
		outer loop
			vertex -0.1474000000 1.0160000000 -0.0665000000
			vertex -0.1910000000 1.0160000000 -0.0710000000
			vertex -0.1910000000 1.2583000000 -0.0710000000
			vertex -0.1474000000 1.2583000000 -0.0665000000
		endloop
	endfacet
	facet normal 0.0000000000 0.0000000000 0.0000000000
		outer loop
			vertex -0.1474000000 1.2583000000 -0.0665000000
			vertex -0.1910000000 1.2583000000 -0.0710000000
			vertex -0.1910000000 1.4927000000 -0.0710000000
			vertex -0.1474000000 1.4927000000 -0.0665000000
		endloop
	endfacet
	facet normal 0.0000000000 0.0000000000 0.0000000000
		outer loop
			vertex -0.1474000000 1.4927000000 -0.0665000000
			vertex -0.1910000000 1.4927000000 -0.0710000000
			vertex -0.1910000000 1.7180000000 -0.0710000000
			vertex -0.1474000000 1.7180000000 -0.0665000000
		endloop
	endfacet
	facet normal 0.0000000000 0.0000000000 0.0000000000
		outer loop
			vertex -0.1474000000 1.7180000000 -0.0665000000
			vertex -0.1910000000 1.7180000000 -0.0710000000
			vertex -0.1910000000 1.9326000000 -0.0710000000
			vertex -0.1474000000 1.9326000000 -0.0665000000
		endloop
	endfacet
	facet normal 0.0000000000 0.0000000000 0.0000000000
		outer loop
			vertex -0.1474000000 1.9326000000 -0.0665000000
			vertex -0.1910000000 1.9326000000 -0.0710000000
			vertex -0.1910000000 2.1354000000 -0.0710000000
			vertex -0.1474000000 2.1354000000 -0.0665000000
		endloop
	endfacet
	facet normal 0.0000000000 0.0000000000 0.0000000000
		outer loop
			vertex -0.1474000000 2.1354000000 -0.0665000000
			vertex -0.1910000000 2.1354000000 -0.0710000000
			vertex -0.1910000000 2.3250000000 -0.0710000000
			vertex -0.1474000000 2.3250000000 -0.0665000000
		endloop
	endfacet
	facet normal 0.0000000000 0.0000000000 0.0000000000
		outer loop
			vertex -0.1474000000 2.3250000000 -0.0665000000
			vertex -0.1910000000 2.3250000000 -0.0710000000
			vertex -0.1910000000 2.5002000000 -0.0710000000
			vertex -0.1474000000 2.5002000000 -0.0665000000
		endloop
	endfacet
	facet normal 0.0000000000 0.0000000000 0.0000000000
		outer loop
			vertex -0.1474000000 2.5002000000 -0.0665000000
			vertex -0.1910000000 2.5002000000 -0.0710000000
			vertex -0.1910000000 2.6600000000 -0.0710000000
			vertex -0.1474000000 2.6600000000 -0.0665000000
		endloop
	endfacet
	facet normal 0.0000000000 0.0000000000 0.0000000000
		outer loop
			vertex -0.1474000000 2.6600000000 -0.0665000000
			vertex -0.1910000000 2.6600000000 -0.0710000000
			vertex -0.1910000000 2.8035000000 -0.0710000000
			vertex -0.1474000000 2.8035000000 -0.0665000000
		endloop
	endfacet
	facet normal 0.0000000000 0.0000000000 0.0000000000
		outer loop
			vertex -0.1474000000 2.8035000000 -0.0665000000
			vertex -0.1910000000 2.8035000000 -0.0710000000
			vertex -0.1910000000 2.9296000000 -0.0710000000
			vertex -0.1474000000 2.9296000000 -0.0665000000
		endloop
	endfacet
	facet normal 0.0000000000 0.0000000000 0.0000000000
		outer loop
			vertex -0.1474000000 2.9296000000 -0.0665000000
			vertex -0.1910000000 2.9296000000 -0.0710000000
			vertex -0.1910000000 3.0377000000 -0.0710000000
			vertex -0.1474000000 3.0377000000 -0.0665000000
		endloop
	endfacet
	facet normal 0.0000000000 0.0000000000 0.0000000000
		outer loop
			vertex -0.1474000000 3.0377000000 -0.0665000000
			vertex -0.1910000000 3.0377000000 -0.0710000000
			vertex -0.1910000000 3.1271000000 -0.0710000000
			vertex -0.1474000000 3.1271000000 -0.0665000000
		endloop
	endfacet
	facet normal 0.0000000000 0.0000000000 0.0000000000
		outer loop
			vertex -0.1474000000 3.1271000000 -0.0665000000
			vertex -0.1910000000 3.1271000000 -0.0710000000
			vertex -0.1910000000 3.1972000000 -0.0710000000
			vertex -0.1474000000 3.1972000000 -0.0665000000
		endloop
	endfacet
	facet normal 0.0000000000 0.0000000000 0.0000000000
		outer loop
			vertex -0.1474000000 3.1972000000 -0.0665000000
			vertex -0.1910000000 3.1972000000 -0.0710000000
			vertex -0.1910000000 3.2475000000 -0.0710000000
			vertex -0.1474000000 3.2475000000 -0.0665000000
		endloop
	endfacet
	facet normal 0.0000000000 0.0000000000 0.0000000000
		outer loop
			vertex -0.1474000000 3.2475000000 -0.0665000000
			vertex -0.1910000000 3.2475000000 -0.0710000000
			vertex -0.1910000000 3.2779000000 -0.0710000000
			vertex -0.1474000000 3.2779000000 -0.0665000000
		endloop
	endfacet
	facet normal 0.0000000000 0.0000000000 0.0000000000
		outer loop
			vertex -0.1474000000 3.2779000000 -0.0665000000
			vertex -0.1910000000 3.2779000000 -0.0710000000
			vertex -0.1910000000 3.2880000000 -0.0710000000
			vertex -0.1474000000 3.2880000000 -0.0665000000
		endloop
	endfacet
	facet normal 0.0000000000 0.0000000000 0.0000000000
		outer loop
			vertex -0.1474000000 3.2880000000 -0.0665000000
			vertex -0.1910000000 3.2880000000 -0.0710000000
			vertex -0.1910000000 3.2880000000 0.0000000000
			vertex -0.1474000000 3.2880000000 0.0000000000
		endloop
	endfacet
	facet normal 0.0000000000 0.0000000000 0.0000000000
		outer loop
			vertex -0.1910000000 -3.2880000000 0.0000000000
			vertex -0.2396000000 -3.2880000000 0.0000000000
			vertex -0.2396000000 -3.2880000000 -0.0739000000
			vertex -0.1910000000 -3.2880000000 -0.0710000000
		endloop
	endfacet
	facet normal 0.0000000000 0.0000000000 0.0000000000
		outer loop
			vertex -0.1910000000 -3.2880000000 -0.0710000000
			vertex -0.2396000000 -3.2880000000 -0.0739000000
			vertex -0.2396000000 -3.2779000000 -0.0739000000
			vertex -0.1910000000 -3.2779000000 -0.0710000000
		endloop
	endfacet
	facet normal 0.0000000000 0.0000000000 0.0000000000
		outer loop
			vertex -0.1910000000 -3.2779000000 -0.0710000000
			vertex -0.2396000000 -3.2779000000 -0.0739000000
			vertex -0.2396000000 -3.2475000000 -0.0739000000
			vertex -0.1910000000 -3.2475000000 -0.0710000000
		endloop
	endfacet
	facet normal 0.0000000000 0.0000000000 0.0000000000
		outer loop
			vertex -0.1910000000 -3.2475000000 -0.0710000000
			vertex -0.2396000000 -3.2475000000 -0.0739000000
			vertex -0.2396000000 -3.1972000000 -0.0739000000
			vertex -0.1910000000 -3.1972000000 -0.0710000000
		endloop
	endfacet
	facet normal 0.0000000000 0.0000000000 0.0000000000
		outer loop
			vertex -0.1910000000 -3.1972000000 -0.0710000000
			vertex -0.2396000000 -3.1972000000 -0.0739000000
			vertex -0.2396000000 -3.1271000000 -0.0739000000
			vertex -0.1910000000 -3.1271000000 -0.0710000000
		endloop
	endfacet
	facet normal 0.0000000000 0.0000000000 0.0000000000
		outer loop
			vertex -0.1910000000 -3.1271000000 -0.0710000000
			vertex -0.2396000000 -3.1271000000 -0.0739000000
			vertex -0.2396000000 -3.0377000000 -0.0739000000
			vertex -0.1910000000 -3.0377000000 -0.0710000000
		endloop
	endfacet
	facet normal 0.0000000000 0.0000000000 0.0000000000
		outer loop
			vertex -0.1910000000 -3.0377000000 -0.0710000000
			vertex -0.2396000000 -3.0377000000 -0.0739000000
			vertex -0.2396000000 -2.9296000000 -0.0739000000
			vertex -0.1910000000 -2.9296000000 -0.0710000000
		endloop
	endfacet
	facet normal 0.0000000000 0.0000000000 0.0000000000
		outer loop
			vertex -0.1910000000 -2.9296000000 -0.0710000000
			vertex -0.2396000000 -2.9296000000 -0.0739000000
			vertex -0.2396000000 -2.8035000000 -0.0739000000
			vertex -0.1910000000 -2.8035000000 -0.0710000000
		endloop
	endfacet
	facet normal 0.0000000000 0.0000000000 0.0000000000
		outer loop
			vertex -0.1910000000 -2.8035000000 -0.0710000000
			vertex -0.2396000000 -2.8035000000 -0.0739000000
			vertex -0.2396000000 -2.6600000000 -0.0739000000
			vertex -0.1910000000 -2.6600000000 -0.0710000000
		endloop
	endfacet
	facet normal 0.0000000000 0.0000000000 0.0000000000
		outer loop
			vertex -0.1910000000 -2.6600000000 -0.0710000000
			vertex -0.2396000000 -2.6600000000 -0.0739000000
			vertex -0.2396000000 -2.5002000000 -0.0739000000
			vertex -0.1910000000 -2.5002000000 -0.0710000000
		endloop
	endfacet
	facet normal 0.0000000000 0.0000000000 0.0000000000
		outer loop
			vertex -0.1910000000 -2.5002000000 -0.0710000000
			vertex -0.2396000000 -2.5002000000 -0.0739000000
			vertex -0.2396000000 -2.3250000000 -0.0739000000
			vertex -0.1910000000 -2.3250000000 -0.0710000000
		endloop
	endfacet
	facet normal 0.0000000000 0.0000000000 0.0000000000
		outer loop
			vertex -0.1910000000 -2.3250000000 -0.0710000000
			vertex -0.2396000000 -2.3250000000 -0.0739000000
			vertex -0.2396000000 -2.1354000000 -0.0739000000
			vertex -0.1910000000 -2.1354000000 -0.0710000000
		endloop
	endfacet
	facet normal 0.0000000000 0.0000000000 0.0000000000
		outer loop
			vertex -0.1910000000 -2.1354000000 -0.0710000000
			vertex -0.2396000000 -2.1354000000 -0.0739000000
			vertex -0.2396000000 -1.9326000000 -0.0739000000
			vertex -0.1910000000 -1.9326000000 -0.0710000000
		endloop
	endfacet
	facet normal 0.0000000000 0.0000000000 0.0000000000
		outer loop
			vertex -0.1910000000 -1.9326000000 -0.0710000000
			vertex -0.2396000000 -1.9326000000 -0.0739000000
			vertex -0.2396000000 -1.7180000000 -0.0739000000
			vertex -0.1910000000 -1.7180000000 -0.0710000000
		endloop
	endfacet
	facet normal 0.0000000000 0.0000000000 0.0000000000
		outer loop
			vertex -0.1910000000 -1.7180000000 -0.0710000000
			vertex -0.2396000000 -1.7180000000 -0.0739000000
			vertex -0.2396000000 -1.4927000000 -0.0739000000
			vertex -0.1910000000 -1.4927000000 -0.0710000000
		endloop
	endfacet
	facet normal 0.0000000000 0.0000000000 0.0000000000
		outer loop
			vertex -0.1910000000 -1.4927000000 -0.0710000000
			vertex -0.2396000000 -1.4927000000 -0.0739000000
			vertex -0.2396000000 -1.2583000000 -0.0739000000
			vertex -0.1910000000 -1.2583000000 -0.0710000000
		endloop
	endfacet
	facet normal 0.0000000000 0.0000000000 0.0000000000
		outer loop
			vertex -0.1910000000 -1.2583000000 -0.0710000000
			vertex -0.2396000000 -1.2583000000 -0.0739000000
			vertex -0.2396000000 -1.0160000000 -0.0739000000
			vertex -0.1910000000 -1.0160000000 -0.0710000000
		endloop
	endfacet
	facet normal 0.0000000000 0.0000000000 0.0000000000
		outer loop
			vertex -0.1910000000 -1.0160000000 -0.0710000000
			vertex -0.2396000000 -1.0160000000 -0.0739000000
			vertex -0.2396000000 -0.7676000000 -0.0739000000
			vertex -0.1910000000 -0.7676000000 -0.0710000000
		endloop
	endfacet
	facet normal 0.0000000000 0.0000000000 0.0000000000
		outer loop
			vertex -0.1910000000 -0.7676000000 -0.0710000000
			vertex -0.2396000000 -0.7676000000 -0.0739000000
			vertex -0.2396000000 -0.5144000000 -0.0739000000
			vertex -0.1910000000 -0.5144000000 -0.0710000000
		endloop
	endfacet
	facet normal 0.0000000000 0.0000000000 0.0000000000
		outer loop
			vertex -0.1910000000 -0.5144000000 -0.0710000000
			vertex -0.2396000000 -0.5144000000 -0.0739000000
			vertex -0.2396000000 -0.2580000000 -0.0739000000
			vertex -0.1910000000 -0.2580000000 -0.0710000000
		endloop
	endfacet
	facet normal 0.0000000000 0.0000000000 0.0000000000
		outer loop
			vertex -0.1910000000 -0.2580000000 -0.0710000000
			vertex -0.2396000000 -0.2580000000 -0.0739000000
			vertex -0.2396000000 0.0000000000 -0.0739000000
			vertex -0.1910000000 0.0000000000 -0.0710000000
		endloop
	endfacet
	facet normal 0.0000000000 0.0000000000 0.0000000000
		outer loop
			vertex -0.1910000000 0.0000000000 -0.0710000000
			vertex -0.2396000000 0.0000000000 -0.0739000000
			vertex -0.2396000000 0.2580000000 -0.0739000000
			vertex -0.1910000000 0.2580000000 -0.0710000000
		endloop
	endfacet
	facet normal 0.0000000000 0.0000000000 0.0000000000
		outer loop
			vertex -0.1910000000 0.2580000000 -0.0710000000
			vertex -0.2396000000 0.2580000000 -0.0739000000
			vertex -0.2396000000 0.5144000000 -0.0739000000
			vertex -0.1910000000 0.5144000000 -0.0710000000
		endloop
	endfacet
	facet normal 0.0000000000 0.0000000000 0.0000000000
		outer loop
			vertex -0.1910000000 0.5144000000 -0.0710000000
			vertex -0.2396000000 0.5144000000 -0.0739000000
			vertex -0.2396000000 0.7676000000 -0.0739000000
			vertex -0.1910000000 0.7676000000 -0.0710000000
		endloop
	endfacet
	facet normal 0.0000000000 0.0000000000 0.0000000000
		outer loop
			vertex -0.1910000000 0.7676000000 -0.0710000000
			vertex -0.2396000000 0.7676000000 -0.0739000000
			vertex -0.2396000000 1.0160000000 -0.0739000000
			vertex -0.1910000000 1.0160000000 -0.0710000000
		endloop
	endfacet
	facet normal 0.0000000000 0.0000000000 0.0000000000
		outer loop
			vertex -0.1910000000 1.0160000000 -0.0710000000
			vertex -0.2396000000 1.0160000000 -0.0739000000
			vertex -0.2396000000 1.2583000000 -0.0739000000
			vertex -0.1910000000 1.2583000000 -0.0710000000
		endloop
	endfacet
	facet normal 0.0000000000 0.0000000000 0.0000000000
		outer loop
			vertex -0.1910000000 1.2583000000 -0.0710000000
			vertex -0.2396000000 1.2583000000 -0.0739000000
			vertex -0.2396000000 1.4927000000 -0.0739000000
			vertex -0.1910000000 1.4927000000 -0.0710000000
		endloop
	endfacet
	facet normal 0.0000000000 0.0000000000 0.0000000000
		outer loop
			vertex -0.1910000000 1.4927000000 -0.0710000000
			vertex -0.2396000000 1.4927000000 -0.0739000000
			vertex -0.2396000000 1.7180000000 -0.0739000000
			vertex -0.1910000000 1.7180000000 -0.0710000000
		endloop
	endfacet
	facet normal 0.0000000000 0.0000000000 0.0000000000
		outer loop
			vertex -0.1910000000 1.7180000000 -0.0710000000
			vertex -0.2396000000 1.7180000000 -0.0739000000
			vertex -0.2396000000 1.9326000000 -0.0739000000
			vertex -0.1910000000 1.9326000000 -0.0710000000
		endloop
	endfacet
	facet normal 0.0000000000 0.0000000000 0.0000000000
		outer loop
			vertex -0.1910000000 1.9326000000 -0.0710000000
			vertex -0.2396000000 1.9326000000 -0.0739000000
			vertex -0.2396000000 2.1354000000 -0.0739000000
			vertex -0.1910000000 2.1354000000 -0.0710000000
		endloop
	endfacet
	facet normal 0.0000000000 0.0000000000 0.0000000000
		outer loop
			vertex -0.1910000000 2.1354000000 -0.0710000000
			vertex -0.2396000000 2.1354000000 -0.0739000000
			vertex -0.2396000000 2.3250000000 -0.0739000000
			vertex -0.1910000000 2.3250000000 -0.0710000000
		endloop
	endfacet
	facet normal 0.0000000000 0.0000000000 0.0000000000
		outer loop
			vertex -0.1910000000 2.3250000000 -0.0710000000
			vertex -0.2396000000 2.3250000000 -0.0739000000
			vertex -0.2396000000 2.5002000000 -0.0739000000
			vertex -0.1910000000 2.5002000000 -0.0710000000
		endloop
	endfacet
	facet normal 0.0000000000 0.0000000000 0.0000000000
		outer loop
			vertex -0.1910000000 2.5002000000 -0.0710000000
			vertex -0.2396000000 2.5002000000 -0.0739000000
			vertex -0.2396000000 2.6600000000 -0.0739000000
			vertex -0.1910000000 2.6600000000 -0.0710000000
		endloop
	endfacet
	facet normal 0.0000000000 0.0000000000 0.0000000000
		outer loop
			vertex -0.1910000000 2.6600000000 -0.0710000000
			vertex -0.2396000000 2.6600000000 -0.0739000000
			vertex -0.2396000000 2.8035000000 -0.0739000000
			vertex -0.1910000000 2.8035000000 -0.0710000000
		endloop
	endfacet
	facet normal 0.0000000000 0.0000000000 0.0000000000
		outer loop
			vertex -0.1910000000 2.8035000000 -0.0710000000
			vertex -0.2396000000 2.8035000000 -0.0739000000
			vertex -0.2396000000 2.9296000000 -0.0739000000
			vertex -0.1910000000 2.9296000000 -0.0710000000
		endloop
	endfacet
	facet normal 0.0000000000 0.0000000000 0.0000000000
		outer loop
			vertex -0.1910000000 2.9296000000 -0.0710000000
			vertex -0.2396000000 2.9296000000 -0.0739000000
			vertex -0.2396000000 3.0377000000 -0.0739000000
			vertex -0.1910000000 3.0377000000 -0.0710000000
		endloop
	endfacet
	facet normal 0.0000000000 0.0000000000 0.0000000000
		outer loop
			vertex -0.1910000000 3.0377000000 -0.0710000000
			vertex -0.2396000000 3.0377000000 -0.0739000000
			vertex -0.2396000000 3.1271000000 -0.0739000000
			vertex -0.1910000000 3.1271000000 -0.0710000000
		endloop
	endfacet
	facet normal 0.0000000000 0.0000000000 0.0000000000
		outer loop
			vertex -0.1910000000 3.1271000000 -0.0710000000
			vertex -0.2396000000 3.1271000000 -0.0739000000
			vertex -0.2396000000 3.1972000000 -0.0739000000
			vertex -0.1910000000 3.1972000000 -0.0710000000
		endloop
	endfacet
	facet normal 0.0000000000 0.0000000000 0.0000000000
		outer loop
			vertex -0.1910000000 3.1972000000 -0.0710000000
			vertex -0.2396000000 3.1972000000 -0.0739000000
			vertex -0.2396000000 3.2475000000 -0.0739000000
			vertex -0.1910000000 3.2475000000 -0.0710000000
		endloop
	endfacet
	facet normal 0.0000000000 0.0000000000 0.0000000000
		outer loop
			vertex -0.1910000000 3.2475000000 -0.0710000000
			vertex -0.2396000000 3.2475000000 -0.0739000000
			vertex -0.2396000000 3.2779000000 -0.0739000000
			vertex -0.1910000000 3.2779000000 -0.0710000000
		endloop
	endfacet
	facet normal 0.0000000000 0.0000000000 0.0000000000
		outer loop
			vertex -0.1910000000 3.2779000000 -0.0710000000
			vertex -0.2396000000 3.2779000000 -0.0739000000
			vertex -0.2396000000 3.2880000000 -0.0739000000
			vertex -0.1910000000 3.2880000000 -0.0710000000
		endloop
	endfacet
	facet normal 0.0000000000 0.0000000000 0.0000000000
		outer loop
			vertex -0.1910000000 3.2880000000 -0.0710000000
			vertex -0.2396000000 3.2880000000 -0.0739000000
			vertex -0.2396000000 3.2880000000 0.0000000000
			vertex -0.1910000000 3.2880000000 0.0000000000
		endloop
	endfacet
	facet normal 0.0000000000 0.0000000000 0.0000000000
		outer loop
			vertex -0.2396000000 -3.2880000000 0.0000000000
			vertex -0.2929000000 -3.2880000000 0.0000000000
			vertex -0.2929000000 -3.2880000000 -0.0750000000
			vertex -0.2396000000 -3.2880000000 -0.0739000000
		endloop
	endfacet
	facet normal 0.0000000000 0.0000000000 0.0000000000
		outer loop
			vertex -0.2396000000 -3.2880000000 -0.0739000000
			vertex -0.2929000000 -3.2880000000 -0.0750000000
			vertex -0.2929000000 -3.2779000000 -0.0750000000
			vertex -0.2396000000 -3.2779000000 -0.0739000000
		endloop
	endfacet
	facet normal 0.0000000000 0.0000000000 0.0000000000
		outer loop
			vertex -0.2396000000 -3.2779000000 -0.0739000000
			vertex -0.2929000000 -3.2779000000 -0.0750000000
			vertex -0.2929000000 -3.2475000000 -0.0750000000
			vertex -0.2396000000 -3.2475000000 -0.0739000000
		endloop
	endfacet
	facet normal 0.0000000000 0.0000000000 0.0000000000
		outer loop
			vertex -0.2396000000 -3.2475000000 -0.0739000000
			vertex -0.2929000000 -3.2475000000 -0.0750000000
			vertex -0.2929000000 -3.1972000000 -0.0750000000
			vertex -0.2396000000 -3.1972000000 -0.0739000000
		endloop
	endfacet
	facet normal 0.0000000000 0.0000000000 0.0000000000
		outer loop
			vertex -0.2396000000 -3.1972000000 -0.0739000000
			vertex -0.2929000000 -3.1972000000 -0.0750000000
			vertex -0.2929000000 -3.1271000000 -0.0750000000
			vertex -0.2396000000 -3.1271000000 -0.0739000000
		endloop
	endfacet
	facet normal 0.0000000000 0.0000000000 0.0000000000
		outer loop
			vertex -0.2396000000 -3.1271000000 -0.0739000000
			vertex -0.2929000000 -3.1271000000 -0.0750000000
			vertex -0.2929000000 -3.0377000000 -0.0750000000
			vertex -0.2396000000 -3.0377000000 -0.0739000000
		endloop
	endfacet
	facet normal 0.0000000000 0.0000000000 0.0000000000
		outer loop
			vertex -0.2396000000 -3.0377000000 -0.0739000000
			vertex -0.2929000000 -3.0377000000 -0.0750000000
			vertex -0.2929000000 -2.9296000000 -0.0750000000
			vertex -0.2396000000 -2.9296000000 -0.0739000000
		endloop
	endfacet
	facet normal 0.0000000000 0.0000000000 0.0000000000
		outer loop
			vertex -0.2396000000 -2.9296000000 -0.0739000000
			vertex -0.2929000000 -2.9296000000 -0.0750000000
			vertex -0.2929000000 -2.8035000000 -0.0750000000
			vertex -0.2396000000 -2.8035000000 -0.0739000000
		endloop
	endfacet
	facet normal 0.0000000000 0.0000000000 0.0000000000
		outer loop
			vertex -0.2396000000 -2.8035000000 -0.0739000000
			vertex -0.2929000000 -2.8035000000 -0.0750000000
			vertex -0.2929000000 -2.6600000000 -0.0750000000
			vertex -0.2396000000 -2.6600000000 -0.0739000000
		endloop
	endfacet
	facet normal 0.0000000000 0.0000000000 0.0000000000
		outer loop
			vertex -0.2396000000 -2.6600000000 -0.0739000000
			vertex -0.2929000000 -2.6600000000 -0.0750000000
			vertex -0.2929000000 -2.5002000000 -0.0750000000
			vertex -0.2396000000 -2.5002000000 -0.0739000000
		endloop
	endfacet
	facet normal 0.0000000000 0.0000000000 0.0000000000
		outer loop
			vertex -0.2396000000 -2.5002000000 -0.0739000000
			vertex -0.2929000000 -2.5002000000 -0.0750000000
			vertex -0.2929000000 -2.3250000000 -0.0750000000
			vertex -0.2396000000 -2.3250000000 -0.0739000000
		endloop
	endfacet
	facet normal 0.0000000000 0.0000000000 0.0000000000
		outer loop
			vertex -0.2396000000 -2.3250000000 -0.0739000000
			vertex -0.2929000000 -2.3250000000 -0.0750000000
			vertex -0.2929000000 -2.1354000000 -0.0750000000
			vertex -0.2396000000 -2.1354000000 -0.0739000000
		endloop
	endfacet
	facet normal 0.0000000000 0.0000000000 0.0000000000
		outer loop
			vertex -0.2396000000 -2.1354000000 -0.0739000000
			vertex -0.2929000000 -2.1354000000 -0.0750000000
			vertex -0.2929000000 -1.9326000000 -0.0750000000
			vertex -0.2396000000 -1.9326000000 -0.0739000000
		endloop
	endfacet
	facet normal 0.0000000000 0.0000000000 0.0000000000
		outer loop
			vertex -0.2396000000 -1.9326000000 -0.0739000000
			vertex -0.2929000000 -1.9326000000 -0.0750000000
			vertex -0.2929000000 -1.7180000000 -0.0750000000
			vertex -0.2396000000 -1.7180000000 -0.0739000000
		endloop
	endfacet
	facet normal 0.0000000000 0.0000000000 0.0000000000
		outer loop
			vertex -0.2396000000 -1.7180000000 -0.0739000000
			vertex -0.2929000000 -1.7180000000 -0.0750000000
			vertex -0.2929000000 -1.4927000000 -0.0750000000
			vertex -0.2396000000 -1.4927000000 -0.0739000000
		endloop
	endfacet
	facet normal 0.0000000000 0.0000000000 0.0000000000
		outer loop
			vertex -0.2396000000 -1.4927000000 -0.0739000000
			vertex -0.2929000000 -1.4927000000 -0.0750000000
			vertex -0.2929000000 -1.2583000000 -0.0750000000
			vertex -0.2396000000 -1.2583000000 -0.0739000000
		endloop
	endfacet
	facet normal 0.0000000000 0.0000000000 0.0000000000
		outer loop
			vertex -0.2396000000 -1.2583000000 -0.0739000000
			vertex -0.2929000000 -1.2583000000 -0.0750000000
			vertex -0.2929000000 -1.0160000000 -0.0750000000
			vertex -0.2396000000 -1.0160000000 -0.0739000000
		endloop
	endfacet
	facet normal 0.0000000000 0.0000000000 0.0000000000
		outer loop
			vertex -0.2396000000 -1.0160000000 -0.0739000000
			vertex -0.2929000000 -1.0160000000 -0.0750000000
			vertex -0.2929000000 -0.7676000000 -0.0750000000
			vertex -0.2396000000 -0.7676000000 -0.0739000000
		endloop
	endfacet
	facet normal 0.0000000000 0.0000000000 0.0000000000
		outer loop
			vertex -0.2396000000 -0.7676000000 -0.0739000000
			vertex -0.2929000000 -0.7676000000 -0.0750000000
			vertex -0.2929000000 -0.5144000000 -0.0750000000
			vertex -0.2396000000 -0.5144000000 -0.0739000000
		endloop
	endfacet
	facet normal 0.0000000000 0.0000000000 0.0000000000
		outer loop
			vertex -0.2396000000 -0.5144000000 -0.0739000000
			vertex -0.2929000000 -0.5144000000 -0.0750000000
			vertex -0.2929000000 -0.2580000000 -0.0750000000
			vertex -0.2396000000 -0.2580000000 -0.0739000000
		endloop
	endfacet
	facet normal 0.0000000000 0.0000000000 0.0000000000
		outer loop
			vertex -0.2396000000 -0.2580000000 -0.0739000000
			vertex -0.2929000000 -0.2580000000 -0.0750000000
			vertex -0.2929000000 0.0000000000 -0.0750000000
			vertex -0.2396000000 0.0000000000 -0.0739000000
		endloop
	endfacet
	facet normal 0.0000000000 0.0000000000 0.0000000000
		outer loop
			vertex -0.2396000000 0.0000000000 -0.0739000000
			vertex -0.2929000000 0.0000000000 -0.0750000000
			vertex -0.2929000000 0.2580000000 -0.0750000000
			vertex -0.2396000000 0.2580000000 -0.0739000000
		endloop
	endfacet
	facet normal 0.0000000000 0.0000000000 0.0000000000
		outer loop
			vertex -0.2396000000 0.2580000000 -0.0739000000
			vertex -0.2929000000 0.2580000000 -0.0750000000
			vertex -0.2929000000 0.5144000000 -0.0750000000
			vertex -0.2396000000 0.5144000000 -0.0739000000
		endloop
	endfacet
	facet normal 0.0000000000 0.0000000000 0.0000000000
		outer loop
			vertex -0.2396000000 0.5144000000 -0.0739000000
			vertex -0.2929000000 0.5144000000 -0.0750000000
			vertex -0.2929000000 0.7676000000 -0.0750000000
			vertex -0.2396000000 0.7676000000 -0.0739000000
		endloop
	endfacet
	facet normal 0.0000000000 0.0000000000 0.0000000000
		outer loop
			vertex -0.2396000000 0.7676000000 -0.0739000000
			vertex -0.2929000000 0.7676000000 -0.0750000000
			vertex -0.2929000000 1.0160000000 -0.0750000000
			vertex -0.2396000000 1.0160000000 -0.0739000000
		endloop
	endfacet
	facet normal 0.0000000000 0.0000000000 0.0000000000
		outer loop
			vertex -0.2396000000 1.0160000000 -0.0739000000
			vertex -0.2929000000 1.0160000000 -0.0750000000
			vertex -0.2929000000 1.2583000000 -0.0750000000
			vertex -0.2396000000 1.2583000000 -0.0739000000
		endloop
	endfacet
	facet normal 0.0000000000 0.0000000000 0.0000000000
		outer loop
			vertex -0.2396000000 1.2583000000 -0.0739000000
			vertex -0.2929000000 1.2583000000 -0.0750000000
			vertex -0.2929000000 1.4927000000 -0.0750000000
			vertex -0.2396000000 1.4927000000 -0.0739000000
		endloop
	endfacet
	facet normal 0.0000000000 0.0000000000 0.0000000000
		outer loop
			vertex -0.2396000000 1.4927000000 -0.0739000000
			vertex -0.2929000000 1.4927000000 -0.0750000000
			vertex -0.2929000000 1.7180000000 -0.0750000000
			vertex -0.2396000000 1.7180000000 -0.0739000000
		endloop
	endfacet
	facet normal 0.0000000000 0.0000000000 0.0000000000
		outer loop
			vertex -0.2396000000 1.7180000000 -0.0739000000
			vertex -0.2929000000 1.7180000000 -0.0750000000
			vertex -0.2929000000 1.9326000000 -0.0750000000
			vertex -0.2396000000 1.9326000000 -0.0739000000
		endloop
	endfacet
	facet normal 0.0000000000 0.0000000000 0.0000000000
		outer loop
			vertex -0.2396000000 1.9326000000 -0.0739000000
			vertex -0.2929000000 1.9326000000 -0.0750000000
			vertex -0.2929000000 2.1354000000 -0.0750000000
			vertex -0.2396000000 2.1354000000 -0.0739000000
		endloop
	endfacet
	facet normal 0.0000000000 0.0000000000 0.0000000000
		outer loop
			vertex -0.2396000000 2.1354000000 -0.0739000000
			vertex -0.2929000000 2.1354000000 -0.0750000000
			vertex -0.2929000000 2.3250000000 -0.0750000000
			vertex -0.2396000000 2.3250000000 -0.0739000000
		endloop
	endfacet
	facet normal 0.0000000000 0.0000000000 0.0000000000
		outer loop
			vertex -0.2396000000 2.3250000000 -0.0739000000
			vertex -0.2929000000 2.3250000000 -0.0750000000
			vertex -0.2929000000 2.5002000000 -0.0750000000
			vertex -0.2396000000 2.5002000000 -0.0739000000
		endloop
	endfacet
	facet normal 0.0000000000 0.0000000000 0.0000000000
		outer loop
			vertex -0.2396000000 2.5002000000 -0.0739000000
			vertex -0.2929000000 2.5002000000 -0.0750000000
			vertex -0.2929000000 2.6600000000 -0.0750000000
			vertex -0.2396000000 2.6600000000 -0.0739000000
		endloop
	endfacet
	facet normal 0.0000000000 0.0000000000 0.0000000000
		outer loop
			vertex -0.2396000000 2.6600000000 -0.0739000000
			vertex -0.2929000000 2.6600000000 -0.0750000000
			vertex -0.2929000000 2.8035000000 -0.0750000000
			vertex -0.2396000000 2.8035000000 -0.0739000000
		endloop
	endfacet
	facet normal 0.0000000000 0.0000000000 0.0000000000
		outer loop
			vertex -0.2396000000 2.8035000000 -0.0739000000
			vertex -0.2929000000 2.8035000000 -0.0750000000
			vertex -0.2929000000 2.9296000000 -0.0750000000
			vertex -0.2396000000 2.9296000000 -0.0739000000
		endloop
	endfacet
	facet normal 0.0000000000 0.0000000000 0.0000000000
		outer loop
			vertex -0.2396000000 2.9296000000 -0.0739000000
			vertex -0.2929000000 2.9296000000 -0.0750000000
			vertex -0.2929000000 3.0377000000 -0.0750000000
			vertex -0.2396000000 3.0377000000 -0.0739000000
		endloop
	endfacet
	facet normal 0.0000000000 0.0000000000 0.0000000000
		outer loop
			vertex -0.2396000000 3.0377000000 -0.0739000000
			vertex -0.2929000000 3.0377000000 -0.0750000000
			vertex -0.2929000000 3.1271000000 -0.0750000000
			vertex -0.2396000000 3.1271000000 -0.0739000000
		endloop
	endfacet
	facet normal 0.0000000000 0.0000000000 0.0000000000
		outer loop
			vertex -0.2396000000 3.1271000000 -0.0739000000
			vertex -0.2929000000 3.1271000000 -0.0750000000
			vertex -0.2929000000 3.1972000000 -0.0750000000
			vertex -0.2396000000 3.1972000000 -0.0739000000
		endloop
	endfacet
	facet normal 0.0000000000 0.0000000000 0.0000000000
		outer loop
			vertex -0.2396000000 3.1972000000 -0.0739000000
			vertex -0.2929000000 3.1972000000 -0.0750000000
			vertex -0.2929000000 3.2475000000 -0.0750000000
			vertex -0.2396000000 3.2475000000 -0.0739000000
		endloop
	endfacet
	facet normal 0.0000000000 0.0000000000 0.0000000000
		outer loop
			vertex -0.2396000000 3.2475000000 -0.0739000000
			vertex -0.2929000000 3.2475000000 -0.0750000000
			vertex -0.2929000000 3.2779000000 -0.0750000000
			vertex -0.2396000000 3.2779000000 -0.0739000000
		endloop
	endfacet
	facet normal 0.0000000000 0.0000000000 0.0000000000
		outer loop
			vertex -0.2396000000 3.2779000000 -0.0739000000
			vertex -0.2929000000 3.2779000000 -0.0750000000
			vertex -0.2929000000 3.2880000000 -0.0750000000
			vertex -0.2396000000 3.2880000000 -0.0739000000
		endloop
	endfacet
	facet normal 0.0000000000 0.0000000000 0.0000000000
		outer loop
			vertex -0.2396000000 3.2880000000 -0.0739000000
			vertex -0.2929000000 3.2880000000 -0.0750000000
			vertex -0.2929000000 3.2880000000 0.0000000000
			vertex -0.2396000000 3.2880000000 0.0000000000
		endloop
	endfacet
	facet normal 0.0000000000 0.0000000000 0.0000000000
		outer loop
			vertex -0.2929000000 -3.2880000000 0.0000000000
			vertex -0.3506000000 -3.2880000000 0.0000000000
			vertex -0.3506000000 -3.2880000000 -0.0743000000
			vertex -0.2929000000 -3.2880000000 -0.0750000000
		endloop
	endfacet
	facet normal 0.0000000000 0.0000000000 0.0000000000
		outer loop
			vertex -0.2929000000 -3.2880000000 -0.0750000000
			vertex -0.3506000000 -3.2880000000 -0.0743000000
			vertex -0.3506000000 -3.2779000000 -0.0743000000
			vertex -0.2929000000 -3.2779000000 -0.0750000000
		endloop
	endfacet
	facet normal 0.0000000000 0.0000000000 0.0000000000
		outer loop
			vertex -0.2929000000 -3.2779000000 -0.0750000000
			vertex -0.3506000000 -3.2779000000 -0.0743000000
			vertex -0.3506000000 -3.2475000000 -0.0743000000
			vertex -0.2929000000 -3.2475000000 -0.0750000000
		endloop
	endfacet
	facet normal 0.0000000000 0.0000000000 0.0000000000
		outer loop
			vertex -0.2929000000 -3.2475000000 -0.0750000000
			vertex -0.3506000000 -3.2475000000 -0.0743000000
			vertex -0.3506000000 -3.1972000000 -0.0743000000
			vertex -0.2929000000 -3.1972000000 -0.0750000000
		endloop
	endfacet
	facet normal 0.0000000000 0.0000000000 0.0000000000
		outer loop
			vertex -0.2929000000 -3.1972000000 -0.0750000000
			vertex -0.3506000000 -3.1972000000 -0.0743000000
			vertex -0.3506000000 -3.1271000000 -0.0743000000
			vertex -0.2929000000 -3.1271000000 -0.0750000000
		endloop
	endfacet
	facet normal 0.0000000000 0.0000000000 0.0000000000
		outer loop
			vertex -0.2929000000 -3.1271000000 -0.0750000000
			vertex -0.3506000000 -3.1271000000 -0.0743000000
			vertex -0.3506000000 -3.0377000000 -0.0743000000
			vertex -0.2929000000 -3.0377000000 -0.0750000000
		endloop
	endfacet
	facet normal 0.0000000000 0.0000000000 0.0000000000
		outer loop
			vertex -0.2929000000 -3.0377000000 -0.0750000000
			vertex -0.3506000000 -3.0377000000 -0.0743000000
			vertex -0.3506000000 -2.9296000000 -0.0743000000
			vertex -0.2929000000 -2.9296000000 -0.0750000000
		endloop
	endfacet
	facet normal 0.0000000000 0.0000000000 0.0000000000
		outer loop
			vertex -0.2929000000 -2.9296000000 -0.0750000000
			vertex -0.3506000000 -2.9296000000 -0.0743000000
			vertex -0.3506000000 -2.8035000000 -0.0743000000
			vertex -0.2929000000 -2.8035000000 -0.0750000000
		endloop
	endfacet
	facet normal 0.0000000000 0.0000000000 0.0000000000
		outer loop
			vertex -0.2929000000 -2.8035000000 -0.0750000000
			vertex -0.3506000000 -2.8035000000 -0.0743000000
			vertex -0.3506000000 -2.6600000000 -0.0743000000
			vertex -0.2929000000 -2.6600000000 -0.0750000000
		endloop
	endfacet
	facet normal 0.0000000000 0.0000000000 0.0000000000
		outer loop
			vertex -0.2929000000 -2.6600000000 -0.0750000000
			vertex -0.3506000000 -2.6600000000 -0.0743000000
			vertex -0.3506000000 -2.5002000000 -0.0743000000
			vertex -0.2929000000 -2.5002000000 -0.0750000000
		endloop
	endfacet
	facet normal 0.0000000000 0.0000000000 0.0000000000
		outer loop
			vertex -0.2929000000 -2.5002000000 -0.0750000000
			vertex -0.3506000000 -2.5002000000 -0.0743000000
			vertex -0.3506000000 -2.3250000000 -0.0743000000
			vertex -0.2929000000 -2.3250000000 -0.0750000000
		endloop
	endfacet
	facet normal 0.0000000000 0.0000000000 0.0000000000
		outer loop
			vertex -0.2929000000 -2.3250000000 -0.0750000000
			vertex -0.3506000000 -2.3250000000 -0.0743000000
			vertex -0.3506000000 -2.1354000000 -0.0743000000
			vertex -0.2929000000 -2.1354000000 -0.0750000000
		endloop
	endfacet
	facet normal 0.0000000000 0.0000000000 0.0000000000
		outer loop
			vertex -0.2929000000 -2.1354000000 -0.0750000000
			vertex -0.3506000000 -2.1354000000 -0.0743000000
			vertex -0.3506000000 -1.9326000000 -0.0743000000
			vertex -0.2929000000 -1.9326000000 -0.0750000000
		endloop
	endfacet
	facet normal 0.0000000000 0.0000000000 0.0000000000
		outer loop
			vertex -0.2929000000 -1.9326000000 -0.0750000000
			vertex -0.3506000000 -1.9326000000 -0.0743000000
			vertex -0.3506000000 -1.7180000000 -0.0743000000
			vertex -0.2929000000 -1.7180000000 -0.0750000000
		endloop
	endfacet
	facet normal 0.0000000000 0.0000000000 0.0000000000
		outer loop
			vertex -0.2929000000 -1.7180000000 -0.0750000000
			vertex -0.3506000000 -1.7180000000 -0.0743000000
			vertex -0.3506000000 -1.4927000000 -0.0743000000
			vertex -0.2929000000 -1.4927000000 -0.0750000000
		endloop
	endfacet
	facet normal 0.0000000000 0.0000000000 0.0000000000
		outer loop
			vertex -0.2929000000 -1.4927000000 -0.0750000000
			vertex -0.3506000000 -1.4927000000 -0.0743000000
			vertex -0.3506000000 -1.2583000000 -0.0743000000
			vertex -0.2929000000 -1.2583000000 -0.0750000000
		endloop
	endfacet
	facet normal 0.0000000000 0.0000000000 0.0000000000
		outer loop
			vertex -0.2929000000 -1.2583000000 -0.0750000000
			vertex -0.3506000000 -1.2583000000 -0.0743000000
			vertex -0.3506000000 -1.0160000000 -0.0743000000
			vertex -0.2929000000 -1.0160000000 -0.0750000000
		endloop
	endfacet
	facet normal 0.0000000000 0.0000000000 0.0000000000
		outer loop
			vertex -0.2929000000 -1.0160000000 -0.0750000000
			vertex -0.3506000000 -1.0160000000 -0.0743000000
			vertex -0.3506000000 -0.7676000000 -0.0743000000
			vertex -0.2929000000 -0.7676000000 -0.0750000000
		endloop
	endfacet
	facet normal 0.0000000000 0.0000000000 0.0000000000
		outer loop
			vertex -0.2929000000 -0.7676000000 -0.0750000000
			vertex -0.3506000000 -0.7676000000 -0.0743000000
			vertex -0.3506000000 -0.5144000000 -0.0743000000
			vertex -0.2929000000 -0.5144000000 -0.0750000000
		endloop
	endfacet
	facet normal 0.0000000000 0.0000000000 0.0000000000
		outer loop
			vertex -0.2929000000 -0.5144000000 -0.0750000000
			vertex -0.3506000000 -0.5144000000 -0.0743000000
			vertex -0.3506000000 -0.2580000000 -0.0743000000
			vertex -0.2929000000 -0.2580000000 -0.0750000000
		endloop
	endfacet
	facet normal 0.0000000000 0.0000000000 0.0000000000
		outer loop
			vertex -0.2929000000 -0.2580000000 -0.0750000000
			vertex -0.3506000000 -0.2580000000 -0.0743000000
			vertex -0.3506000000 0.0000000000 -0.0743000000
			vertex -0.2929000000 0.0000000000 -0.0750000000
		endloop
	endfacet
	facet normal 0.0000000000 0.0000000000 0.0000000000
		outer loop
			vertex -0.2929000000 0.0000000000 -0.0750000000
			vertex -0.3506000000 0.0000000000 -0.0743000000
			vertex -0.3506000000 0.2580000000 -0.0743000000
			vertex -0.2929000000 0.2580000000 -0.0750000000
		endloop
	endfacet
	facet normal 0.0000000000 0.0000000000 0.0000000000
		outer loop
			vertex -0.2929000000 0.2580000000 -0.0750000000
			vertex -0.3506000000 0.2580000000 -0.0743000000
			vertex -0.3506000000 0.5144000000 -0.0743000000
			vertex -0.2929000000 0.5144000000 -0.0750000000
		endloop
	endfacet
	facet normal 0.0000000000 0.0000000000 0.0000000000
		outer loop
			vertex -0.2929000000 0.5144000000 -0.0750000000
			vertex -0.3506000000 0.5144000000 -0.0743000000
			vertex -0.3506000000 0.7676000000 -0.0743000000
			vertex -0.2929000000 0.7676000000 -0.0750000000
		endloop
	endfacet
	facet normal 0.0000000000 0.0000000000 0.0000000000
		outer loop
			vertex -0.2929000000 0.7676000000 -0.0750000000
			vertex -0.3506000000 0.7676000000 -0.0743000000
			vertex -0.3506000000 1.0160000000 -0.0743000000
			vertex -0.2929000000 1.0160000000 -0.0750000000
		endloop
	endfacet
	facet normal 0.0000000000 0.0000000000 0.0000000000
		outer loop
			vertex -0.2929000000 1.0160000000 -0.0750000000
			vertex -0.3506000000 1.0160000000 -0.0743000000
			vertex -0.3506000000 1.2583000000 -0.0743000000
			vertex -0.2929000000 1.2583000000 -0.0750000000
		endloop
	endfacet
	facet normal 0.0000000000 0.0000000000 0.0000000000
		outer loop
			vertex -0.2929000000 1.2583000000 -0.0750000000
			vertex -0.3506000000 1.2583000000 -0.0743000000
			vertex -0.3506000000 1.4927000000 -0.0743000000
			vertex -0.2929000000 1.4927000000 -0.0750000000
		endloop
	endfacet
	facet normal 0.0000000000 0.0000000000 0.0000000000
		outer loop
			vertex -0.2929000000 1.4927000000 -0.0750000000
			vertex -0.3506000000 1.4927000000 -0.0743000000
			vertex -0.3506000000 1.7180000000 -0.0743000000
			vertex -0.2929000000 1.7180000000 -0.0750000000
		endloop
	endfacet
	facet normal 0.0000000000 0.0000000000 0.0000000000
		outer loop
			vertex -0.2929000000 1.7180000000 -0.0750000000
			vertex -0.3506000000 1.7180000000 -0.0743000000
			vertex -0.3506000000 1.9326000000 -0.0743000000
			vertex -0.2929000000 1.9326000000 -0.0750000000
		endloop
	endfacet
	facet normal 0.0000000000 0.0000000000 0.0000000000
		outer loop
			vertex -0.2929000000 1.9326000000 -0.0750000000
			vertex -0.3506000000 1.9326000000 -0.0743000000
			vertex -0.3506000000 2.1354000000 -0.0743000000
			vertex -0.2929000000 2.1354000000 -0.0750000000
		endloop
	endfacet
	facet normal 0.0000000000 0.0000000000 0.0000000000
		outer loop
			vertex -0.2929000000 2.1354000000 -0.0750000000
			vertex -0.3506000000 2.1354000000 -0.0743000000
			vertex -0.3506000000 2.3250000000 -0.0743000000
			vertex -0.2929000000 2.3250000000 -0.0750000000
		endloop
	endfacet
	facet normal 0.0000000000 0.0000000000 0.0000000000
		outer loop
			vertex -0.2929000000 2.3250000000 -0.0750000000
			vertex -0.3506000000 2.3250000000 -0.0743000000
			vertex -0.3506000000 2.5002000000 -0.0743000000
			vertex -0.2929000000 2.5002000000 -0.0750000000
		endloop
	endfacet
	facet normal 0.0000000000 0.0000000000 0.0000000000
		outer loop
			vertex -0.2929000000 2.5002000000 -0.0750000000
			vertex -0.3506000000 2.5002000000 -0.0743000000
			vertex -0.3506000000 2.6600000000 -0.0743000000
			vertex -0.2929000000 2.6600000000 -0.0750000000
		endloop
	endfacet
	facet normal 0.0000000000 0.0000000000 0.0000000000
		outer loop
			vertex -0.2929000000 2.6600000000 -0.0750000000
			vertex -0.3506000000 2.6600000000 -0.0743000000
			vertex -0.3506000000 2.8035000000 -0.0743000000
			vertex -0.2929000000 2.8035000000 -0.0750000000
		endloop
	endfacet
	facet normal 0.0000000000 0.0000000000 0.0000000000
		outer loop
			vertex -0.2929000000 2.8035000000 -0.0750000000
			vertex -0.3506000000 2.8035000000 -0.0743000000
			vertex -0.3506000000 2.9296000000 -0.0743000000
			vertex -0.2929000000 2.9296000000 -0.0750000000
		endloop
	endfacet
	facet normal 0.0000000000 0.0000000000 0.0000000000
		outer loop
			vertex -0.2929000000 2.9296000000 -0.0750000000
			vertex -0.3506000000 2.9296000000 -0.0743000000
			vertex -0.3506000000 3.0377000000 -0.0743000000
			vertex -0.2929000000 3.0377000000 -0.0750000000
		endloop
	endfacet
	facet normal 0.0000000000 0.0000000000 0.0000000000
		outer loop
			vertex -0.2929000000 3.0377000000 -0.0750000000
			vertex -0.3506000000 3.0377000000 -0.0743000000
			vertex -0.3506000000 3.1271000000 -0.0743000000
			vertex -0.2929000000 3.1271000000 -0.0750000000
		endloop
	endfacet
	facet normal 0.0000000000 0.0000000000 0.0000000000
		outer loop
			vertex -0.2929000000 3.1271000000 -0.0750000000
			vertex -0.3506000000 3.1271000000 -0.0743000000
			vertex -0.3506000000 3.1972000000 -0.0743000000
			vertex -0.2929000000 3.1972000000 -0.0750000000
		endloop
	endfacet
	facet normal 0.0000000000 0.0000000000 0.0000000000
		outer loop
			vertex -0.2929000000 3.1972000000 -0.0750000000
			vertex -0.3506000000 3.1972000000 -0.0743000000
			vertex -0.3506000000 3.2475000000 -0.0743000000
			vertex -0.2929000000 3.2475000000 -0.0750000000
		endloop
	endfacet
	facet normal 0.0000000000 0.0000000000 0.0000000000
		outer loop
			vertex -0.2929000000 3.2475000000 -0.0750000000
			vertex -0.3506000000 3.2475000000 -0.0743000000
			vertex -0.3506000000 3.2779000000 -0.0743000000
			vertex -0.2929000000 3.2779000000 -0.0750000000
		endloop
	endfacet
	facet normal 0.0000000000 0.0000000000 0.0000000000
		outer loop
			vertex -0.2929000000 3.2779000000 -0.0750000000
			vertex -0.3506000000 3.2779000000 -0.0743000000
			vertex -0.3506000000 3.2880000000 -0.0743000000
			vertex -0.2929000000 3.2880000000 -0.0750000000
		endloop
	endfacet
	facet normal 0.0000000000 0.0000000000 0.0000000000
		outer loop
			vertex -0.2929000000 3.2880000000 -0.0750000000
			vertex -0.3506000000 3.2880000000 -0.0743000000
			vertex -0.3506000000 3.2880000000 0.0000000000
			vertex -0.2929000000 3.2880000000 0.0000000000
		endloop
	endfacet
	facet normal 0.0000000000 0.0000000000 0.0000000000
		outer loop
			vertex -0.3506000000 -3.2880000000 0.0000000000
			vertex -0.4122000000 -3.2880000000 0.0000000000
			vertex -0.4122000000 -3.2880000000 -0.0719000000
			vertex -0.3506000000 -3.2880000000 -0.0743000000
		endloop
	endfacet
	facet normal 0.0000000000 0.0000000000 0.0000000000
		outer loop
			vertex -0.3506000000 -3.2880000000 -0.0743000000
			vertex -0.4122000000 -3.2880000000 -0.0719000000
			vertex -0.4122000000 -3.2779000000 -0.0719000000
			vertex -0.3506000000 -3.2779000000 -0.0743000000
		endloop
	endfacet
	facet normal 0.0000000000 0.0000000000 0.0000000000
		outer loop
			vertex -0.3506000000 -3.2779000000 -0.0743000000
			vertex -0.4122000000 -3.2779000000 -0.0719000000
			vertex -0.4122000000 -3.2475000000 -0.0719000000
			vertex -0.3506000000 -3.2475000000 -0.0743000000
		endloop
	endfacet
	facet normal 0.0000000000 0.0000000000 0.0000000000
		outer loop
			vertex -0.3506000000 -3.2475000000 -0.0743000000
			vertex -0.4122000000 -3.2475000000 -0.0719000000
			vertex -0.4122000000 -3.1972000000 -0.0719000000
			vertex -0.3506000000 -3.1972000000 -0.0743000000
		endloop
	endfacet
	facet normal 0.0000000000 0.0000000000 0.0000000000
		outer loop
			vertex -0.3506000000 -3.1972000000 -0.0743000000
			vertex -0.4122000000 -3.1972000000 -0.0719000000
			vertex -0.4122000000 -3.1271000000 -0.0719000000
			vertex -0.3506000000 -3.1271000000 -0.0743000000
		endloop
	endfacet
	facet normal 0.0000000000 0.0000000000 0.0000000000
		outer loop
			vertex -0.3506000000 -3.1271000000 -0.0743000000
			vertex -0.4122000000 -3.1271000000 -0.0719000000
			vertex -0.4122000000 -3.0377000000 -0.0719000000
			vertex -0.3506000000 -3.0377000000 -0.0743000000
		endloop
	endfacet
	facet normal 0.0000000000 0.0000000000 0.0000000000
		outer loop
			vertex -0.3506000000 -3.0377000000 -0.0743000000
			vertex -0.4122000000 -3.0377000000 -0.0719000000
			vertex -0.4122000000 -2.9296000000 -0.0719000000
			vertex -0.3506000000 -2.9296000000 -0.0743000000
		endloop
	endfacet
	facet normal 0.0000000000 0.0000000000 0.0000000000
		outer loop
			vertex -0.3506000000 -2.9296000000 -0.0743000000
			vertex -0.4122000000 -2.9296000000 -0.0719000000
			vertex -0.4122000000 -2.8035000000 -0.0719000000
			vertex -0.3506000000 -2.8035000000 -0.0743000000
		endloop
	endfacet
	facet normal 0.0000000000 0.0000000000 0.0000000000
		outer loop
			vertex -0.3506000000 -2.8035000000 -0.0743000000
			vertex -0.4122000000 -2.8035000000 -0.0719000000
			vertex -0.4122000000 -2.6600000000 -0.0719000000
			vertex -0.3506000000 -2.6600000000 -0.0743000000
		endloop
	endfacet
	facet normal 0.0000000000 0.0000000000 0.0000000000
		outer loop
			vertex -0.3506000000 -2.6600000000 -0.0743000000
			vertex -0.4122000000 -2.6600000000 -0.0719000000
			vertex -0.4122000000 -2.5002000000 -0.0719000000
			vertex -0.3506000000 -2.5002000000 -0.0743000000
		endloop
	endfacet
	facet normal 0.0000000000 0.0000000000 0.0000000000
		outer loop
			vertex -0.3506000000 -2.5002000000 -0.0743000000
			vertex -0.4122000000 -2.5002000000 -0.0719000000
			vertex -0.4122000000 -2.3250000000 -0.0719000000
			vertex -0.3506000000 -2.3250000000 -0.0743000000
		endloop
	endfacet
	facet normal 0.0000000000 0.0000000000 0.0000000000
		outer loop
			vertex -0.3506000000 -2.3250000000 -0.0743000000
			vertex -0.4122000000 -2.3250000000 -0.0719000000
			vertex -0.4122000000 -2.1354000000 -0.0719000000
			vertex -0.3506000000 -2.1354000000 -0.0743000000
		endloop
	endfacet
	facet normal 0.0000000000 0.0000000000 0.0000000000
		outer loop
			vertex -0.3506000000 -2.1354000000 -0.0743000000
			vertex -0.4122000000 -2.1354000000 -0.0719000000
			vertex -0.4122000000 -1.9326000000 -0.0719000000
			vertex -0.3506000000 -1.9326000000 -0.0743000000
		endloop
	endfacet
	facet normal 0.0000000000 0.0000000000 0.0000000000
		outer loop
			vertex -0.3506000000 -1.9326000000 -0.0743000000
			vertex -0.4122000000 -1.9326000000 -0.0719000000
			vertex -0.4122000000 -1.7180000000 -0.0719000000
			vertex -0.3506000000 -1.7180000000 -0.0743000000
		endloop
	endfacet
	facet normal 0.0000000000 0.0000000000 0.0000000000
		outer loop
			vertex -0.3506000000 -1.7180000000 -0.0743000000
			vertex -0.4122000000 -1.7180000000 -0.0719000000
			vertex -0.4122000000 -1.4927000000 -0.0719000000
			vertex -0.3506000000 -1.4927000000 -0.0743000000
		endloop
	endfacet
	facet normal 0.0000000000 0.0000000000 0.0000000000
		outer loop
			vertex -0.3506000000 -1.4927000000 -0.0743000000
			vertex -0.4122000000 -1.4927000000 -0.0719000000
			vertex -0.4122000000 -1.2583000000 -0.0719000000
			vertex -0.3506000000 -1.2583000000 -0.0743000000
		endloop
	endfacet
	facet normal 0.0000000000 0.0000000000 0.0000000000
		outer loop
			vertex -0.3506000000 -1.2583000000 -0.0743000000
			vertex -0.4122000000 -1.2583000000 -0.0719000000
			vertex -0.4122000000 -1.0160000000 -0.0719000000
			vertex -0.3506000000 -1.0160000000 -0.0743000000
		endloop
	endfacet
	facet normal 0.0000000000 0.0000000000 0.0000000000
		outer loop
			vertex -0.3506000000 -1.0160000000 -0.0743000000
			vertex -0.4122000000 -1.0160000000 -0.0719000000
			vertex -0.4122000000 -0.7676000000 -0.0719000000
			vertex -0.3506000000 -0.7676000000 -0.0743000000
		endloop
	endfacet
	facet normal 0.0000000000 0.0000000000 0.0000000000
		outer loop
			vertex -0.3506000000 -0.7676000000 -0.0743000000
			vertex -0.4122000000 -0.7676000000 -0.0719000000
			vertex -0.4122000000 -0.5144000000 -0.0719000000
			vertex -0.3506000000 -0.5144000000 -0.0743000000
		endloop
	endfacet
	facet normal 0.0000000000 0.0000000000 0.0000000000
		outer loop
			vertex -0.3506000000 -0.5144000000 -0.0743000000
			vertex -0.4122000000 -0.5144000000 -0.0719000000
			vertex -0.4122000000 -0.2580000000 -0.0719000000
			vertex -0.3506000000 -0.2580000000 -0.0743000000
		endloop
	endfacet
	facet normal 0.0000000000 0.0000000000 0.0000000000
		outer loop
			vertex -0.3506000000 -0.2580000000 -0.0743000000
			vertex -0.4122000000 -0.2580000000 -0.0719000000
			vertex -0.4122000000 0.0000000000 -0.0719000000
			vertex -0.3506000000 0.0000000000 -0.0743000000
		endloop
	endfacet
	facet normal 0.0000000000 0.0000000000 0.0000000000
		outer loop
			vertex -0.3506000000 0.0000000000 -0.0743000000
			vertex -0.4122000000 0.0000000000 -0.0719000000
			vertex -0.4122000000 0.2580000000 -0.0719000000
			vertex -0.3506000000 0.2580000000 -0.0743000000
		endloop
	endfacet
	facet normal 0.0000000000 0.0000000000 0.0000000000
		outer loop
			vertex -0.3506000000 0.2580000000 -0.0743000000
			vertex -0.4122000000 0.2580000000 -0.0719000000
			vertex -0.4122000000 0.5144000000 -0.0719000000
			vertex -0.3506000000 0.5144000000 -0.0743000000
		endloop
	endfacet
	facet normal 0.0000000000 0.0000000000 0.0000000000
		outer loop
			vertex -0.3506000000 0.5144000000 -0.0743000000
			vertex -0.4122000000 0.5144000000 -0.0719000000
			vertex -0.4122000000 0.7676000000 -0.0719000000
			vertex -0.3506000000 0.7676000000 -0.0743000000
		endloop
	endfacet
	facet normal 0.0000000000 0.0000000000 0.0000000000
		outer loop
			vertex -0.3506000000 0.7676000000 -0.0743000000
			vertex -0.4122000000 0.7676000000 -0.0719000000
			vertex -0.4122000000 1.0160000000 -0.0719000000
			vertex -0.3506000000 1.0160000000 -0.0743000000
		endloop
	endfacet
	facet normal 0.0000000000 0.0000000000 0.0000000000
		outer loop
			vertex -0.3506000000 1.0160000000 -0.0743000000
			vertex -0.4122000000 1.0160000000 -0.0719000000
			vertex -0.4122000000 1.2583000000 -0.0719000000
			vertex -0.3506000000 1.2583000000 -0.0743000000
		endloop
	endfacet
	facet normal 0.0000000000 0.0000000000 0.0000000000
		outer loop
			vertex -0.3506000000 1.2583000000 -0.0743000000
			vertex -0.4122000000 1.2583000000 -0.0719000000
			vertex -0.4122000000 1.4927000000 -0.0719000000
			vertex -0.3506000000 1.4927000000 -0.0743000000
		endloop
	endfacet
	facet normal 0.0000000000 0.0000000000 0.0000000000
		outer loop
			vertex -0.3506000000 1.4927000000 -0.0743000000
			vertex -0.4122000000 1.4927000000 -0.0719000000
			vertex -0.4122000000 1.7180000000 -0.0719000000
			vertex -0.3506000000 1.7180000000 -0.0743000000
		endloop
	endfacet
	facet normal 0.0000000000 0.0000000000 0.0000000000
		outer loop
			vertex -0.3506000000 1.7180000000 -0.0743000000
			vertex -0.4122000000 1.7180000000 -0.0719000000
			vertex -0.4122000000 1.9326000000 -0.0719000000
			vertex -0.3506000000 1.9326000000 -0.0743000000
		endloop
	endfacet
	facet normal 0.0000000000 0.0000000000 0.0000000000
		outer loop
			vertex -0.3506000000 1.9326000000 -0.0743000000
			vertex -0.4122000000 1.9326000000 -0.0719000000
			vertex -0.4122000000 2.1354000000 -0.0719000000
			vertex -0.3506000000 2.1354000000 -0.0743000000
		endloop
	endfacet
	facet normal 0.0000000000 0.0000000000 0.0000000000
		outer loop
			vertex -0.3506000000 2.1354000000 -0.0743000000
			vertex -0.4122000000 2.1354000000 -0.0719000000
			vertex -0.4122000000 2.3250000000 -0.0719000000
			vertex -0.3506000000 2.3250000000 -0.0743000000
		endloop
	endfacet
	facet normal 0.0000000000 0.0000000000 0.0000000000
		outer loop
			vertex -0.3506000000 2.3250000000 -0.0743000000
			vertex -0.4122000000 2.3250000000 -0.0719000000
			vertex -0.4122000000 2.5002000000 -0.0719000000
			vertex -0.3506000000 2.5002000000 -0.0743000000
		endloop
	endfacet
	facet normal 0.0000000000 0.0000000000 0.0000000000
		outer loop
			vertex -0.3506000000 2.5002000000 -0.0743000000
			vertex -0.4122000000 2.5002000000 -0.0719000000
			vertex -0.4122000000 2.6600000000 -0.0719000000
			vertex -0.3506000000 2.6600000000 -0.0743000000
		endloop
	endfacet
	facet normal 0.0000000000 0.0000000000 0.0000000000
		outer loop
			vertex -0.3506000000 2.6600000000 -0.0743000000
			vertex -0.4122000000 2.6600000000 -0.0719000000
			vertex -0.4122000000 2.8035000000 -0.0719000000
			vertex -0.3506000000 2.8035000000 -0.0743000000
		endloop
	endfacet
	facet normal 0.0000000000 0.0000000000 0.0000000000
		outer loop
			vertex -0.3506000000 2.8035000000 -0.0743000000
			vertex -0.4122000000 2.8035000000 -0.0719000000
			vertex -0.4122000000 2.9296000000 -0.0719000000
			vertex -0.3506000000 2.9296000000 -0.0743000000
		endloop
	endfacet
	facet normal 0.0000000000 0.0000000000 0.0000000000
		outer loop
			vertex -0.3506000000 2.9296000000 -0.0743000000
			vertex -0.4122000000 2.9296000000 -0.0719000000
			vertex -0.4122000000 3.0377000000 -0.0719000000
			vertex -0.3506000000 3.0377000000 -0.0743000000
		endloop
	endfacet
	facet normal 0.0000000000 0.0000000000 0.0000000000
		outer loop
			vertex -0.3506000000 3.0377000000 -0.0743000000
			vertex -0.4122000000 3.0377000000 -0.0719000000
			vertex -0.4122000000 3.1271000000 -0.0719000000
			vertex -0.3506000000 3.1271000000 -0.0743000000
		endloop
	endfacet
	facet normal 0.0000000000 0.0000000000 0.0000000000
		outer loop
			vertex -0.3506000000 3.1271000000 -0.0743000000
			vertex -0.4122000000 3.1271000000 -0.0719000000
			vertex -0.4122000000 3.1972000000 -0.0719000000
			vertex -0.3506000000 3.1972000000 -0.0743000000
		endloop
	endfacet
	facet normal 0.0000000000 0.0000000000 0.0000000000
		outer loop
			vertex -0.3506000000 3.1972000000 -0.0743000000
			vertex -0.4122000000 3.1972000000 -0.0719000000
			vertex -0.4122000000 3.2475000000 -0.0719000000
			vertex -0.3506000000 3.2475000000 -0.0743000000
		endloop
	endfacet
	facet normal 0.0000000000 0.0000000000 0.0000000000
		outer loop
			vertex -0.3506000000 3.2475000000 -0.0743000000
			vertex -0.4122000000 3.2475000000 -0.0719000000
			vertex -0.4122000000 3.2779000000 -0.0719000000
			vertex -0.3506000000 3.2779000000 -0.0743000000
		endloop
	endfacet
	facet normal 0.0000000000 0.0000000000 0.0000000000
		outer loop
			vertex -0.3506000000 3.2779000000 -0.0743000000
			vertex -0.4122000000 3.2779000000 -0.0719000000
			vertex -0.4122000000 3.2880000000 -0.0719000000
			vertex -0.3506000000 3.2880000000 -0.0743000000
		endloop
	endfacet
	facet normal 0.0000000000 0.0000000000 0.0000000000
		outer loop
			vertex -0.3506000000 3.2880000000 -0.0743000000
			vertex -0.4122000000 3.2880000000 -0.0719000000
			vertex -0.4122000000 3.2880000000 0.0000000000
			vertex -0.3506000000 3.2880000000 0.0000000000
		endloop
	endfacet
	facet normal 0.0000000000 0.0000000000 0.0000000000
		outer loop
			vertex -0.4122000000 -3.2880000000 0.0000000000
			vertex -0.4775000000 -3.2880000000 0.0000000000
			vertex -0.4775000000 -3.2880000000 -0.0679000000
			vertex -0.4122000000 -3.2880000000 -0.0719000000
		endloop
	endfacet
	facet normal 0.0000000000 0.0000000000 0.0000000000
		outer loop
			vertex -0.4122000000 -3.2880000000 -0.0719000000
			vertex -0.4775000000 -3.2880000000 -0.0679000000
			vertex -0.4775000000 -3.2779000000 -0.0679000000
			vertex -0.4122000000 -3.2779000000 -0.0719000000
		endloop
	endfacet
	facet normal 0.0000000000 0.0000000000 0.0000000000
		outer loop
			vertex -0.4122000000 -3.2779000000 -0.0719000000
			vertex -0.4775000000 -3.2779000000 -0.0679000000
			vertex -0.4775000000 -3.2475000000 -0.0679000000
			vertex -0.4122000000 -3.2475000000 -0.0719000000
		endloop
	endfacet
	facet normal 0.0000000000 0.0000000000 0.0000000000
		outer loop
			vertex -0.4122000000 -3.2475000000 -0.0719000000
			vertex -0.4775000000 -3.2475000000 -0.0679000000
			vertex -0.4775000000 -3.1972000000 -0.0679000000
			vertex -0.4122000000 -3.1972000000 -0.0719000000
		endloop
	endfacet
	facet normal 0.0000000000 0.0000000000 0.0000000000
		outer loop
			vertex -0.4122000000 -3.1972000000 -0.0719000000
			vertex -0.4775000000 -3.1972000000 -0.0679000000
			vertex -0.4775000000 -3.1271000000 -0.0679000000
			vertex -0.4122000000 -3.1271000000 -0.0719000000
		endloop
	endfacet
	facet normal 0.0000000000 0.0000000000 0.0000000000
		outer loop
			vertex -0.4122000000 -3.1271000000 -0.0719000000
			vertex -0.4775000000 -3.1271000000 -0.0679000000
			vertex -0.4775000000 -3.0377000000 -0.0679000000
			vertex -0.4122000000 -3.0377000000 -0.0719000000
		endloop
	endfacet
	facet normal 0.0000000000 0.0000000000 0.0000000000
		outer loop
			vertex -0.4122000000 -3.0377000000 -0.0719000000
			vertex -0.4775000000 -3.0377000000 -0.0679000000
			vertex -0.4775000000 -2.9296000000 -0.0679000000
			vertex -0.4122000000 -2.9296000000 -0.0719000000
		endloop
	endfacet
	facet normal 0.0000000000 0.0000000000 0.0000000000
		outer loop
			vertex -0.4122000000 -2.9296000000 -0.0719000000
			vertex -0.4775000000 -2.9296000000 -0.0679000000
			vertex -0.4775000000 -2.8035000000 -0.0679000000
			vertex -0.4122000000 -2.8035000000 -0.0719000000
		endloop
	endfacet
	facet normal 0.0000000000 0.0000000000 0.0000000000
		outer loop
			vertex -0.4122000000 -2.8035000000 -0.0719000000
			vertex -0.4775000000 -2.8035000000 -0.0679000000
			vertex -0.4775000000 -2.6600000000 -0.0679000000
			vertex -0.4122000000 -2.6600000000 -0.0719000000
		endloop
	endfacet
	facet normal 0.0000000000 0.0000000000 0.0000000000
		outer loop
			vertex -0.4122000000 -2.6600000000 -0.0719000000
			vertex -0.4775000000 -2.6600000000 -0.0679000000
			vertex -0.4775000000 -2.5002000000 -0.0679000000
			vertex -0.4122000000 -2.5002000000 -0.0719000000
		endloop
	endfacet
	facet normal 0.0000000000 0.0000000000 0.0000000000
		outer loop
			vertex -0.4122000000 -2.5002000000 -0.0719000000
			vertex -0.4775000000 -2.5002000000 -0.0679000000
			vertex -0.4775000000 -2.3250000000 -0.0679000000
			vertex -0.4122000000 -2.3250000000 -0.0719000000
		endloop
	endfacet
	facet normal 0.0000000000 0.0000000000 0.0000000000
		outer loop
			vertex -0.4122000000 -2.3250000000 -0.0719000000
			vertex -0.4775000000 -2.3250000000 -0.0679000000
			vertex -0.4775000000 -2.1354000000 -0.0679000000
			vertex -0.4122000000 -2.1354000000 -0.0719000000
		endloop
	endfacet
	facet normal 0.0000000000 0.0000000000 0.0000000000
		outer loop
			vertex -0.4122000000 -2.1354000000 -0.0719000000
			vertex -0.4775000000 -2.1354000000 -0.0679000000
			vertex -0.4775000000 -1.9326000000 -0.0679000000
			vertex -0.4122000000 -1.9326000000 -0.0719000000
		endloop
	endfacet
	facet normal 0.0000000000 0.0000000000 0.0000000000
		outer loop
			vertex -0.4122000000 -1.9326000000 -0.0719000000
			vertex -0.4775000000 -1.9326000000 -0.0679000000
			vertex -0.4775000000 -1.7180000000 -0.0679000000
			vertex -0.4122000000 -1.7180000000 -0.0719000000
		endloop
	endfacet
	facet normal 0.0000000000 0.0000000000 0.0000000000
		outer loop
			vertex -0.4122000000 -1.7180000000 -0.0719000000
			vertex -0.4775000000 -1.7180000000 -0.0679000000
			vertex -0.4775000000 -1.4927000000 -0.0679000000
			vertex -0.4122000000 -1.4927000000 -0.0719000000
		endloop
	endfacet
	facet normal 0.0000000000 0.0000000000 0.0000000000
		outer loop
			vertex -0.4122000000 -1.4927000000 -0.0719000000
			vertex -0.4775000000 -1.4927000000 -0.0679000000
			vertex -0.4775000000 -1.2583000000 -0.0679000000
			vertex -0.4122000000 -1.2583000000 -0.0719000000
		endloop
	endfacet
	facet normal 0.0000000000 0.0000000000 0.0000000000
		outer loop
			vertex -0.4122000000 -1.2583000000 -0.0719000000
			vertex -0.4775000000 -1.2583000000 -0.0679000000
			vertex -0.4775000000 -1.0160000000 -0.0679000000
			vertex -0.4122000000 -1.0160000000 -0.0719000000
		endloop
	endfacet
	facet normal 0.0000000000 0.0000000000 0.0000000000
		outer loop
			vertex -0.4122000000 -1.0160000000 -0.0719000000
			vertex -0.4775000000 -1.0160000000 -0.0679000000
			vertex -0.4775000000 -0.7676000000 -0.0679000000
			vertex -0.4122000000 -0.7676000000 -0.0719000000
		endloop
	endfacet
	facet normal 0.0000000000 0.0000000000 0.0000000000
		outer loop
			vertex -0.4122000000 -0.7676000000 -0.0719000000
			vertex -0.4775000000 -0.7676000000 -0.0679000000
			vertex -0.4775000000 -0.5144000000 -0.0679000000
			vertex -0.4122000000 -0.5144000000 -0.0719000000
		endloop
	endfacet
	facet normal 0.0000000000 0.0000000000 0.0000000000
		outer loop
			vertex -0.4122000000 -0.5144000000 -0.0719000000
			vertex -0.4775000000 -0.5144000000 -0.0679000000
			vertex -0.4775000000 -0.2580000000 -0.0679000000
			vertex -0.4122000000 -0.2580000000 -0.0719000000
		endloop
	endfacet
	facet normal 0.0000000000 0.0000000000 0.0000000000
		outer loop
			vertex -0.4122000000 -0.2580000000 -0.0719000000
			vertex -0.4775000000 -0.2580000000 -0.0679000000
			vertex -0.4775000000 0.0000000000 -0.0679000000
			vertex -0.4122000000 0.0000000000 -0.0719000000
		endloop
	endfacet
	facet normal 0.0000000000 0.0000000000 0.0000000000
		outer loop
			vertex -0.4122000000 0.0000000000 -0.0719000000
			vertex -0.4775000000 0.0000000000 -0.0679000000
			vertex -0.4775000000 0.2580000000 -0.0679000000
			vertex -0.4122000000 0.2580000000 -0.0719000000
		endloop
	endfacet
	facet normal 0.0000000000 0.0000000000 0.0000000000
		outer loop
			vertex -0.4122000000 0.2580000000 -0.0719000000
			vertex -0.4775000000 0.2580000000 -0.0679000000
			vertex -0.4775000000 0.5144000000 -0.0679000000
			vertex -0.4122000000 0.5144000000 -0.0719000000
		endloop
	endfacet
	facet normal 0.0000000000 0.0000000000 0.0000000000
		outer loop
			vertex -0.4122000000 0.5144000000 -0.0719000000
			vertex -0.4775000000 0.5144000000 -0.0679000000
			vertex -0.4775000000 0.7676000000 -0.0679000000
			vertex -0.4122000000 0.7676000000 -0.0719000000
		endloop
	endfacet
	facet normal 0.0000000000 0.0000000000 0.0000000000
		outer loop
			vertex -0.4122000000 0.7676000000 -0.0719000000
			vertex -0.4775000000 0.7676000000 -0.0679000000
			vertex -0.4775000000 1.0160000000 -0.0679000000
			vertex -0.4122000000 1.0160000000 -0.0719000000
		endloop
	endfacet
	facet normal 0.0000000000 0.0000000000 0.0000000000
		outer loop
			vertex -0.4122000000 1.0160000000 -0.0719000000
			vertex -0.4775000000 1.0160000000 -0.0679000000
			vertex -0.4775000000 1.2583000000 -0.0679000000
			vertex -0.4122000000 1.2583000000 -0.0719000000
		endloop
	endfacet
	facet normal 0.0000000000 0.0000000000 0.0000000000
		outer loop
			vertex -0.4122000000 1.2583000000 -0.0719000000
			vertex -0.4775000000 1.2583000000 -0.0679000000
			vertex -0.4775000000 1.4927000000 -0.0679000000
			vertex -0.4122000000 1.4927000000 -0.0719000000
		endloop
	endfacet
	facet normal 0.0000000000 0.0000000000 0.0000000000
		outer loop
			vertex -0.4122000000 1.4927000000 -0.0719000000
			vertex -0.4775000000 1.4927000000 -0.0679000000
			vertex -0.4775000000 1.7180000000 -0.0679000000
			vertex -0.4122000000 1.7180000000 -0.0719000000
		endloop
	endfacet
	facet normal 0.0000000000 0.0000000000 0.0000000000
		outer loop
			vertex -0.4122000000 1.7180000000 -0.0719000000
			vertex -0.4775000000 1.7180000000 -0.0679000000
			vertex -0.4775000000 1.9326000000 -0.0679000000
			vertex -0.4122000000 1.9326000000 -0.0719000000
		endloop
	endfacet
	facet normal 0.0000000000 0.0000000000 0.0000000000
		outer loop
			vertex -0.4122000000 1.9326000000 -0.0719000000
			vertex -0.4775000000 1.9326000000 -0.0679000000
			vertex -0.4775000000 2.1354000000 -0.0679000000
			vertex -0.4122000000 2.1354000000 -0.0719000000
		endloop
	endfacet
	facet normal 0.0000000000 0.0000000000 0.0000000000
		outer loop
			vertex -0.4122000000 2.1354000000 -0.0719000000
			vertex -0.4775000000 2.1354000000 -0.0679000000
			vertex -0.4775000000 2.3250000000 -0.0679000000
			vertex -0.4122000000 2.3250000000 -0.0719000000
		endloop
	endfacet
	facet normal 0.0000000000 0.0000000000 0.0000000000
		outer loop
			vertex -0.4122000000 2.3250000000 -0.0719000000
			vertex -0.4775000000 2.3250000000 -0.0679000000
			vertex -0.4775000000 2.5002000000 -0.0679000000
			vertex -0.4122000000 2.5002000000 -0.0719000000
		endloop
	endfacet
	facet normal 0.0000000000 0.0000000000 0.0000000000
		outer loop
			vertex -0.4122000000 2.5002000000 -0.0719000000
			vertex -0.4775000000 2.5002000000 -0.0679000000
			vertex -0.4775000000 2.6600000000 -0.0679000000
			vertex -0.4122000000 2.6600000000 -0.0719000000
		endloop
	endfacet
	facet normal 0.0000000000 0.0000000000 0.0000000000
		outer loop
			vertex -0.4122000000 2.6600000000 -0.0719000000
			vertex -0.4775000000 2.6600000000 -0.0679000000
			vertex -0.4775000000 2.8035000000 -0.0679000000
			vertex -0.4122000000 2.8035000000 -0.0719000000
		endloop
	endfacet
	facet normal 0.0000000000 0.0000000000 0.0000000000
		outer loop
			vertex -0.4122000000 2.8035000000 -0.0719000000
			vertex -0.4775000000 2.8035000000 -0.0679000000
			vertex -0.4775000000 2.9296000000 -0.0679000000
			vertex -0.4122000000 2.9296000000 -0.0719000000
		endloop
	endfacet
	facet normal 0.0000000000 0.0000000000 0.0000000000
		outer loop
			vertex -0.4122000000 2.9296000000 -0.0719000000
			vertex -0.4775000000 2.9296000000 -0.0679000000
			vertex -0.4775000000 3.0377000000 -0.0679000000
			vertex -0.4122000000 3.0377000000 -0.0719000000
		endloop
	endfacet
	facet normal 0.0000000000 0.0000000000 0.0000000000
		outer loop
			vertex -0.4122000000 3.0377000000 -0.0719000000
			vertex -0.4775000000 3.0377000000 -0.0679000000
			vertex -0.4775000000 3.1271000000 -0.0679000000
			vertex -0.4122000000 3.1271000000 -0.0719000000
		endloop
	endfacet
	facet normal 0.0000000000 0.0000000000 0.0000000000
		outer loop
			vertex -0.4122000000 3.1271000000 -0.0719000000
			vertex -0.4775000000 3.1271000000 -0.0679000000
			vertex -0.4775000000 3.1972000000 -0.0679000000
			vertex -0.4122000000 3.1972000000 -0.0719000000
		endloop
	endfacet
	facet normal 0.0000000000 0.0000000000 0.0000000000
		outer loop
			vertex -0.4122000000 3.1972000000 -0.0719000000
			vertex -0.4775000000 3.1972000000 -0.0679000000
			vertex -0.4775000000 3.2475000000 -0.0679000000
			vertex -0.4122000000 3.2475000000 -0.0719000000
		endloop
	endfacet
	facet normal 0.0000000000 0.0000000000 0.0000000000
		outer loop
			vertex -0.4122000000 3.2475000000 -0.0719000000
			vertex -0.4775000000 3.2475000000 -0.0679000000
			vertex -0.4775000000 3.2779000000 -0.0679000000
			vertex -0.4122000000 3.2779000000 -0.0719000000
		endloop
	endfacet
	facet normal 0.0000000000 0.0000000000 0.0000000000
		outer loop
			vertex -0.4122000000 3.2779000000 -0.0719000000
			vertex -0.4775000000 3.2779000000 -0.0679000000
			vertex -0.4775000000 3.2880000000 -0.0679000000
			vertex -0.4122000000 3.2880000000 -0.0719000000
		endloop
	endfacet
	facet normal 0.0000000000 0.0000000000 0.0000000000
		outer loop
			vertex -0.4122000000 3.2880000000 -0.0719000000
			vertex -0.4775000000 3.2880000000 -0.0679000000
			vertex -0.4775000000 3.2880000000 0.0000000000
			vertex -0.4122000000 3.2880000000 0.0000000000
		endloop
	endfacet
	facet normal 0.0000000000 0.0000000000 0.0000000000
		outer loop
			vertex -0.4775000000 -3.2880000000 0.0000000000
			vertex -0.5460000000 -3.2880000000 0.0000000000
			vertex -0.5460000000 -3.2880000000 -0.0623000000
			vertex -0.4775000000 -3.2880000000 -0.0679000000
		endloop
	endfacet
	facet normal 0.0000000000 0.0000000000 0.0000000000
		outer loop
			vertex -0.4775000000 -3.2880000000 -0.0679000000
			vertex -0.5460000000 -3.2880000000 -0.0623000000
			vertex -0.5460000000 -3.2779000000 -0.0623000000
			vertex -0.4775000000 -3.2779000000 -0.0679000000
		endloop
	endfacet
	facet normal 0.0000000000 0.0000000000 0.0000000000
		outer loop
			vertex -0.4775000000 -3.2779000000 -0.0679000000
			vertex -0.5460000000 -3.2779000000 -0.0623000000
			vertex -0.5460000000 -3.2475000000 -0.0623000000
			vertex -0.4775000000 -3.2475000000 -0.0679000000
		endloop
	endfacet
	facet normal 0.0000000000 0.0000000000 0.0000000000
		outer loop
			vertex -0.4775000000 -3.2475000000 -0.0679000000
			vertex -0.5460000000 -3.2475000000 -0.0623000000
			vertex -0.5460000000 -3.1972000000 -0.0623000000
			vertex -0.4775000000 -3.1972000000 -0.0679000000
		endloop
	endfacet
	facet normal 0.0000000000 0.0000000000 0.0000000000
		outer loop
			vertex -0.4775000000 -3.1972000000 -0.0679000000
			vertex -0.5460000000 -3.1972000000 -0.0623000000
			vertex -0.5460000000 -3.1271000000 -0.0623000000
			vertex -0.4775000000 -3.1271000000 -0.0679000000
		endloop
	endfacet
	facet normal 0.0000000000 0.0000000000 0.0000000000
		outer loop
			vertex -0.4775000000 -3.1271000000 -0.0679000000
			vertex -0.5460000000 -3.1271000000 -0.0623000000
			vertex -0.5460000000 -3.0377000000 -0.0623000000
			vertex -0.4775000000 -3.0377000000 -0.0679000000
		endloop
	endfacet
	facet normal 0.0000000000 0.0000000000 0.0000000000
		outer loop
			vertex -0.4775000000 -3.0377000000 -0.0679000000
			vertex -0.5460000000 -3.0377000000 -0.0623000000
			vertex -0.5460000000 -2.9296000000 -0.0623000000
			vertex -0.4775000000 -2.9296000000 -0.0679000000
		endloop
	endfacet
	facet normal 0.0000000000 0.0000000000 0.0000000000
		outer loop
			vertex -0.4775000000 -2.9296000000 -0.0679000000
			vertex -0.5460000000 -2.9296000000 -0.0623000000
			vertex -0.5460000000 -2.8035000000 -0.0623000000
			vertex -0.4775000000 -2.8035000000 -0.0679000000
		endloop
	endfacet
	facet normal 0.0000000000 0.0000000000 0.0000000000
		outer loop
			vertex -0.4775000000 -2.8035000000 -0.0679000000
			vertex -0.5460000000 -2.8035000000 -0.0623000000
			vertex -0.5460000000 -2.6600000000 -0.0623000000
			vertex -0.4775000000 -2.6600000000 -0.0679000000
		endloop
	endfacet
	facet normal 0.0000000000 0.0000000000 0.0000000000
		outer loop
			vertex -0.4775000000 -2.6600000000 -0.0679000000
			vertex -0.5460000000 -2.6600000000 -0.0623000000
			vertex -0.5460000000 -2.5002000000 -0.0623000000
			vertex -0.4775000000 -2.5002000000 -0.0679000000
		endloop
	endfacet
	facet normal 0.0000000000 0.0000000000 0.0000000000
		outer loop
			vertex -0.4775000000 -2.5002000000 -0.0679000000
			vertex -0.5460000000 -2.5002000000 -0.0623000000
			vertex -0.5460000000 -2.3250000000 -0.0623000000
			vertex -0.4775000000 -2.3250000000 -0.0679000000
		endloop
	endfacet
	facet normal 0.0000000000 0.0000000000 0.0000000000
		outer loop
			vertex -0.4775000000 -2.3250000000 -0.0679000000
			vertex -0.5460000000 -2.3250000000 -0.0623000000
			vertex -0.5460000000 -2.1354000000 -0.0623000000
			vertex -0.4775000000 -2.1354000000 -0.0679000000
		endloop
	endfacet
	facet normal 0.0000000000 0.0000000000 0.0000000000
		outer loop
			vertex -0.4775000000 -2.1354000000 -0.0679000000
			vertex -0.5460000000 -2.1354000000 -0.0623000000
			vertex -0.5460000000 -1.9326000000 -0.0623000000
			vertex -0.4775000000 -1.9326000000 -0.0679000000
		endloop
	endfacet
	facet normal 0.0000000000 0.0000000000 0.0000000000
		outer loop
			vertex -0.4775000000 -1.9326000000 -0.0679000000
			vertex -0.5460000000 -1.9326000000 -0.0623000000
			vertex -0.5460000000 -1.7180000000 -0.0623000000
			vertex -0.4775000000 -1.7180000000 -0.0679000000
		endloop
	endfacet
	facet normal 0.0000000000 0.0000000000 0.0000000000
		outer loop
			vertex -0.4775000000 -1.7180000000 -0.0679000000
			vertex -0.5460000000 -1.7180000000 -0.0623000000
			vertex -0.5460000000 -1.4927000000 -0.0623000000
			vertex -0.4775000000 -1.4927000000 -0.0679000000
		endloop
	endfacet
	facet normal 0.0000000000 0.0000000000 0.0000000000
		outer loop
			vertex -0.4775000000 -1.4927000000 -0.0679000000
			vertex -0.5460000000 -1.4927000000 -0.0623000000
			vertex -0.5460000000 -1.2583000000 -0.0623000000
			vertex -0.4775000000 -1.2583000000 -0.0679000000
		endloop
	endfacet
	facet normal 0.0000000000 0.0000000000 0.0000000000
		outer loop
			vertex -0.4775000000 -1.2583000000 -0.0679000000
			vertex -0.5460000000 -1.2583000000 -0.0623000000
			vertex -0.5460000000 -1.0160000000 -0.0623000000
			vertex -0.4775000000 -1.0160000000 -0.0679000000
		endloop
	endfacet
	facet normal 0.0000000000 0.0000000000 0.0000000000
		outer loop
			vertex -0.4775000000 -1.0160000000 -0.0679000000
			vertex -0.5460000000 -1.0160000000 -0.0623000000
			vertex -0.5460000000 -0.7676000000 -0.0623000000
			vertex -0.4775000000 -0.7676000000 -0.0679000000
		endloop
	endfacet
	facet normal 0.0000000000 0.0000000000 0.0000000000
		outer loop
			vertex -0.4775000000 -0.7676000000 -0.0679000000
			vertex -0.5460000000 -0.7676000000 -0.0623000000
			vertex -0.5460000000 -0.5144000000 -0.0623000000
			vertex -0.4775000000 -0.5144000000 -0.0679000000
		endloop
	endfacet
	facet normal 0.0000000000 0.0000000000 0.0000000000
		outer loop
			vertex -0.4775000000 -0.5144000000 -0.0679000000
			vertex -0.5460000000 -0.5144000000 -0.0623000000
			vertex -0.5460000000 -0.2580000000 -0.0623000000
			vertex -0.4775000000 -0.2580000000 -0.0679000000
		endloop
	endfacet
	facet normal 0.0000000000 0.0000000000 0.0000000000
		outer loop
			vertex -0.4775000000 -0.2580000000 -0.0679000000
			vertex -0.5460000000 -0.2580000000 -0.0623000000
			vertex -0.5460000000 0.0000000000 -0.0623000000
			vertex -0.4775000000 0.0000000000 -0.0679000000
		endloop
	endfacet
	facet normal 0.0000000000 0.0000000000 0.0000000000
		outer loop
			vertex -0.4775000000 0.0000000000 -0.0679000000
			vertex -0.5460000000 0.0000000000 -0.0623000000
			vertex -0.5460000000 0.2580000000 -0.0623000000
			vertex -0.4775000000 0.2580000000 -0.0679000000
		endloop
	endfacet
	facet normal 0.0000000000 0.0000000000 0.0000000000
		outer loop
			vertex -0.4775000000 0.2580000000 -0.0679000000
			vertex -0.5460000000 0.2580000000 -0.0623000000
			vertex -0.5460000000 0.5144000000 -0.0623000000
			vertex -0.4775000000 0.5144000000 -0.0679000000
		endloop
	endfacet
	facet normal 0.0000000000 0.0000000000 0.0000000000
		outer loop
			vertex -0.4775000000 0.5144000000 -0.0679000000
			vertex -0.5460000000 0.5144000000 -0.0623000000
			vertex -0.5460000000 0.7676000000 -0.0623000000
			vertex -0.4775000000 0.7676000000 -0.0679000000
		endloop
	endfacet
	facet normal 0.0000000000 0.0000000000 0.0000000000
		outer loop
			vertex -0.4775000000 0.7676000000 -0.0679000000
			vertex -0.5460000000 0.7676000000 -0.0623000000
			vertex -0.5460000000 1.0160000000 -0.0623000000
			vertex -0.4775000000 1.0160000000 -0.0679000000
		endloop
	endfacet
	facet normal 0.0000000000 0.0000000000 0.0000000000
		outer loop
			vertex -0.4775000000 1.0160000000 -0.0679000000
			vertex -0.5460000000 1.0160000000 -0.0623000000
			vertex -0.5460000000 1.2583000000 -0.0623000000
			vertex -0.4775000000 1.2583000000 -0.0679000000
		endloop
	endfacet
	facet normal 0.0000000000 0.0000000000 0.0000000000
		outer loop
			vertex -0.4775000000 1.2583000000 -0.0679000000
			vertex -0.5460000000 1.2583000000 -0.0623000000
			vertex -0.5460000000 1.4927000000 -0.0623000000
			vertex -0.4775000000 1.4927000000 -0.0679000000
		endloop
	endfacet
	facet normal 0.0000000000 0.0000000000 0.0000000000
		outer loop
			vertex -0.4775000000 1.4927000000 -0.0679000000
			vertex -0.5460000000 1.4927000000 -0.0623000000
			vertex -0.5460000000 1.7180000000 -0.0623000000
			vertex -0.4775000000 1.7180000000 -0.0679000000
		endloop
	endfacet
	facet normal 0.0000000000 0.0000000000 0.0000000000
		outer loop
			vertex -0.4775000000 1.7180000000 -0.0679000000
			vertex -0.5460000000 1.7180000000 -0.0623000000
			vertex -0.5460000000 1.9326000000 -0.0623000000
			vertex -0.4775000000 1.9326000000 -0.0679000000
		endloop
	endfacet
	facet normal 0.0000000000 0.0000000000 0.0000000000
		outer loop
			vertex -0.4775000000 1.9326000000 -0.0679000000
			vertex -0.5460000000 1.9326000000 -0.0623000000
			vertex -0.5460000000 2.1354000000 -0.0623000000
			vertex -0.4775000000 2.1354000000 -0.0679000000
		endloop
	endfacet
	facet normal 0.0000000000 0.0000000000 0.0000000000
		outer loop
			vertex -0.4775000000 2.1354000000 -0.0679000000
			vertex -0.5460000000 2.1354000000 -0.0623000000
			vertex -0.5460000000 2.3250000000 -0.0623000000
			vertex -0.4775000000 2.3250000000 -0.0679000000
		endloop
	endfacet
	facet normal 0.0000000000 0.0000000000 0.0000000000
		outer loop
			vertex -0.4775000000 2.3250000000 -0.0679000000
			vertex -0.5460000000 2.3250000000 -0.0623000000
			vertex -0.5460000000 2.5002000000 -0.0623000000
			vertex -0.4775000000 2.5002000000 -0.0679000000
		endloop
	endfacet
	facet normal 0.0000000000 0.0000000000 0.0000000000
		outer loop
			vertex -0.4775000000 2.5002000000 -0.0679000000
			vertex -0.5460000000 2.5002000000 -0.0623000000
			vertex -0.5460000000 2.6600000000 -0.0623000000
			vertex -0.4775000000 2.6600000000 -0.0679000000
		endloop
	endfacet
	facet normal 0.0000000000 0.0000000000 0.0000000000
		outer loop
			vertex -0.4775000000 2.6600000000 -0.0679000000
			vertex -0.5460000000 2.6600000000 -0.0623000000
			vertex -0.5460000000 2.8035000000 -0.0623000000
			vertex -0.4775000000 2.8035000000 -0.0679000000
		endloop
	endfacet
	facet normal 0.0000000000 0.0000000000 0.0000000000
		outer loop
			vertex -0.4775000000 2.8035000000 -0.0679000000
			vertex -0.5460000000 2.8035000000 -0.0623000000
			vertex -0.5460000000 2.9296000000 -0.0623000000
			vertex -0.4775000000 2.9296000000 -0.0679000000
		endloop
	endfacet
	facet normal 0.0000000000 0.0000000000 0.0000000000
		outer loop
			vertex -0.4775000000 2.9296000000 -0.0679000000
			vertex -0.5460000000 2.9296000000 -0.0623000000
			vertex -0.5460000000 3.0377000000 -0.0623000000
			vertex -0.4775000000 3.0377000000 -0.0679000000
		endloop
	endfacet
	facet normal 0.0000000000 0.0000000000 0.0000000000
		outer loop
			vertex -0.4775000000 3.0377000000 -0.0679000000
			vertex -0.5460000000 3.0377000000 -0.0623000000
			vertex -0.5460000000 3.1271000000 -0.0623000000
			vertex -0.4775000000 3.1271000000 -0.0679000000
		endloop
	endfacet
	facet normal 0.0000000000 0.0000000000 0.0000000000
		outer loop
			vertex -0.4775000000 3.1271000000 -0.0679000000
			vertex -0.5460000000 3.1271000000 -0.0623000000
			vertex -0.5460000000 3.1972000000 -0.0623000000
			vertex -0.4775000000 3.1972000000 -0.0679000000
		endloop
	endfacet
	facet normal 0.0000000000 0.0000000000 0.0000000000
		outer loop
			vertex -0.4775000000 3.1972000000 -0.0679000000
			vertex -0.5460000000 3.1972000000 -0.0623000000
			vertex -0.5460000000 3.2475000000 -0.0623000000
			vertex -0.4775000000 3.2475000000 -0.0679000000
		endloop
	endfacet
	facet normal 0.0000000000 0.0000000000 0.0000000000
		outer loop
			vertex -0.4775000000 3.2475000000 -0.0679000000
			vertex -0.5460000000 3.2475000000 -0.0623000000
			vertex -0.5460000000 3.2779000000 -0.0623000000
			vertex -0.4775000000 3.2779000000 -0.0679000000
		endloop
	endfacet
	facet normal 0.0000000000 0.0000000000 0.0000000000
		outer loop
			vertex -0.4775000000 3.2779000000 -0.0679000000
			vertex -0.5460000000 3.2779000000 -0.0623000000
			vertex -0.5460000000 3.2880000000 -0.0623000000
			vertex -0.4775000000 3.2880000000 -0.0679000000
		endloop
	endfacet
	facet normal 0.0000000000 0.0000000000 0.0000000000
		outer loop
			vertex -0.4775000000 3.2880000000 -0.0679000000
			vertex -0.5460000000 3.2880000000 -0.0623000000
			vertex -0.5460000000 3.2880000000 0.0000000000
			vertex -0.4775000000 3.2880000000 0.0000000000
		endloop
	endfacet
	facet normal 0.0000000000 0.0000000000 0.0000000000
		outer loop
			vertex -0.5460000000 -3.2880000000 0.0000000000
			vertex -0.6173000000 -3.2880000000 0.0000000000
			vertex -0.6173000000 -3.2880000000 -0.0552000000
			vertex -0.5460000000 -3.2880000000 -0.0623000000
		endloop
	endfacet
	facet normal 0.0000000000 0.0000000000 0.0000000000
		outer loop
			vertex -0.5460000000 -3.2880000000 -0.0623000000
			vertex -0.6173000000 -3.2880000000 -0.0552000000
			vertex -0.6173000000 -3.2779000000 -0.0552000000
			vertex -0.5460000000 -3.2779000000 -0.0623000000
		endloop
	endfacet
	facet normal 0.0000000000 0.0000000000 0.0000000000
		outer loop
			vertex -0.5460000000 -3.2779000000 -0.0623000000
			vertex -0.6173000000 -3.2779000000 -0.0552000000
			vertex -0.6173000000 -3.2475000000 -0.0552000000
			vertex -0.5460000000 -3.2475000000 -0.0623000000
		endloop
	endfacet
	facet normal 0.0000000000 0.0000000000 0.0000000000
		outer loop
			vertex -0.5460000000 -3.2475000000 -0.0623000000
			vertex -0.6173000000 -3.2475000000 -0.0552000000
			vertex -0.6173000000 -3.1972000000 -0.0552000000
			vertex -0.5460000000 -3.1972000000 -0.0623000000
		endloop
	endfacet
	facet normal 0.0000000000 0.0000000000 0.0000000000
		outer loop
			vertex -0.5460000000 -3.1972000000 -0.0623000000
			vertex -0.6173000000 -3.1972000000 -0.0552000000
			vertex -0.6173000000 -3.1271000000 -0.0552000000
			vertex -0.5460000000 -3.1271000000 -0.0623000000
		endloop
	endfacet
	facet normal 0.0000000000 0.0000000000 0.0000000000
		outer loop
			vertex -0.5460000000 -3.1271000000 -0.0623000000
			vertex -0.6173000000 -3.1271000000 -0.0552000000
			vertex -0.6173000000 -3.0377000000 -0.0552000000
			vertex -0.5460000000 -3.0377000000 -0.0623000000
		endloop
	endfacet
	facet normal 0.0000000000 0.0000000000 0.0000000000
		outer loop
			vertex -0.5460000000 -3.0377000000 -0.0623000000
			vertex -0.6173000000 -3.0377000000 -0.0552000000
			vertex -0.6173000000 -2.9296000000 -0.0552000000
			vertex -0.5460000000 -2.9296000000 -0.0623000000
		endloop
	endfacet
	facet normal 0.0000000000 0.0000000000 0.0000000000
		outer loop
			vertex -0.5460000000 -2.9296000000 -0.0623000000
			vertex -0.6173000000 -2.9296000000 -0.0552000000
			vertex -0.6173000000 -2.8035000000 -0.0552000000
			vertex -0.5460000000 -2.8035000000 -0.0623000000
		endloop
	endfacet
	facet normal 0.0000000000 0.0000000000 0.0000000000
		outer loop
			vertex -0.5460000000 -2.8035000000 -0.0623000000
			vertex -0.6173000000 -2.8035000000 -0.0552000000
			vertex -0.6173000000 -2.6600000000 -0.0552000000
			vertex -0.5460000000 -2.6600000000 -0.0623000000
		endloop
	endfacet
	facet normal 0.0000000000 0.0000000000 0.0000000000
		outer loop
			vertex -0.5460000000 -2.6600000000 -0.0623000000
			vertex -0.6173000000 -2.6600000000 -0.0552000000
			vertex -0.6173000000 -2.5002000000 -0.0552000000
			vertex -0.5460000000 -2.5002000000 -0.0623000000
		endloop
	endfacet
	facet normal 0.0000000000 0.0000000000 0.0000000000
		outer loop
			vertex -0.5460000000 -2.5002000000 -0.0623000000
			vertex -0.6173000000 -2.5002000000 -0.0552000000
			vertex -0.6173000000 -2.3250000000 -0.0552000000
			vertex -0.5460000000 -2.3250000000 -0.0623000000
		endloop
	endfacet
	facet normal 0.0000000000 0.0000000000 0.0000000000
		outer loop
			vertex -0.5460000000 -2.3250000000 -0.0623000000
			vertex -0.6173000000 -2.3250000000 -0.0552000000
			vertex -0.6173000000 -2.1354000000 -0.0552000000
			vertex -0.5460000000 -2.1354000000 -0.0623000000
		endloop
	endfacet
	facet normal 0.0000000000 0.0000000000 0.0000000000
		outer loop
			vertex -0.5460000000 -2.1354000000 -0.0623000000
			vertex -0.6173000000 -2.1354000000 -0.0552000000
			vertex -0.6173000000 -1.9326000000 -0.0552000000
			vertex -0.5460000000 -1.9326000000 -0.0623000000
		endloop
	endfacet
	facet normal 0.0000000000 0.0000000000 0.0000000000
		outer loop
			vertex -0.5460000000 -1.9326000000 -0.0623000000
			vertex -0.6173000000 -1.9326000000 -0.0552000000
			vertex -0.6173000000 -1.7180000000 -0.0552000000
			vertex -0.5460000000 -1.7180000000 -0.0623000000
		endloop
	endfacet
	facet normal 0.0000000000 0.0000000000 0.0000000000
		outer loop
			vertex -0.5460000000 -1.7180000000 -0.0623000000
			vertex -0.6173000000 -1.7180000000 -0.0552000000
			vertex -0.6173000000 -1.4927000000 -0.0552000000
			vertex -0.5460000000 -1.4927000000 -0.0623000000
		endloop
	endfacet
	facet normal 0.0000000000 0.0000000000 0.0000000000
		outer loop
			vertex -0.5460000000 -1.4927000000 -0.0623000000
			vertex -0.6173000000 -1.4927000000 -0.0552000000
			vertex -0.6173000000 -1.2583000000 -0.0552000000
			vertex -0.5460000000 -1.2583000000 -0.0623000000
		endloop
	endfacet
	facet normal 0.0000000000 0.0000000000 0.0000000000
		outer loop
			vertex -0.5460000000 -1.2583000000 -0.0623000000
			vertex -0.6173000000 -1.2583000000 -0.0552000000
			vertex -0.6173000000 -1.0160000000 -0.0552000000
			vertex -0.5460000000 -1.0160000000 -0.0623000000
		endloop
	endfacet
	facet normal 0.0000000000 0.0000000000 0.0000000000
		outer loop
			vertex -0.5460000000 -1.0160000000 -0.0623000000
			vertex -0.6173000000 -1.0160000000 -0.0552000000
			vertex -0.6173000000 -0.7676000000 -0.0552000000
			vertex -0.5460000000 -0.7676000000 -0.0623000000
		endloop
	endfacet
	facet normal 0.0000000000 0.0000000000 0.0000000000
		outer loop
			vertex -0.5460000000 -0.7676000000 -0.0623000000
			vertex -0.6173000000 -0.7676000000 -0.0552000000
			vertex -0.6173000000 -0.5144000000 -0.0552000000
			vertex -0.5460000000 -0.5144000000 -0.0623000000
		endloop
	endfacet
	facet normal 0.0000000000 0.0000000000 0.0000000000
		outer loop
			vertex -0.5460000000 -0.5144000000 -0.0623000000
			vertex -0.6173000000 -0.5144000000 -0.0552000000
			vertex -0.6173000000 -0.2580000000 -0.0552000000
			vertex -0.5460000000 -0.2580000000 -0.0623000000
		endloop
	endfacet
	facet normal 0.0000000000 0.0000000000 0.0000000000
		outer loop
			vertex -0.5460000000 -0.2580000000 -0.0623000000
			vertex -0.6173000000 -0.2580000000 -0.0552000000
			vertex -0.6173000000 0.0000000000 -0.0552000000
			vertex -0.5460000000 0.0000000000 -0.0623000000
		endloop
	endfacet
	facet normal 0.0000000000 0.0000000000 0.0000000000
		outer loop
			vertex -0.5460000000 0.0000000000 -0.0623000000
			vertex -0.6173000000 0.0000000000 -0.0552000000
			vertex -0.6173000000 0.2580000000 -0.0552000000
			vertex -0.5460000000 0.2580000000 -0.0623000000
		endloop
	endfacet
	facet normal 0.0000000000 0.0000000000 0.0000000000
		outer loop
			vertex -0.5460000000 0.2580000000 -0.0623000000
			vertex -0.6173000000 0.2580000000 -0.0552000000
			vertex -0.6173000000 0.5144000000 -0.0552000000
			vertex -0.5460000000 0.5144000000 -0.0623000000
		endloop
	endfacet
	facet normal 0.0000000000 0.0000000000 0.0000000000
		outer loop
			vertex -0.5460000000 0.5144000000 -0.0623000000
			vertex -0.6173000000 0.5144000000 -0.0552000000
			vertex -0.6173000000 0.7676000000 -0.0552000000
			vertex -0.5460000000 0.7676000000 -0.0623000000
		endloop
	endfacet
	facet normal 0.0000000000 0.0000000000 0.0000000000
		outer loop
			vertex -0.5460000000 0.7676000000 -0.0623000000
			vertex -0.6173000000 0.7676000000 -0.0552000000
			vertex -0.6173000000 1.0160000000 -0.0552000000
			vertex -0.5460000000 1.0160000000 -0.0623000000
		endloop
	endfacet
	facet normal 0.0000000000 0.0000000000 0.0000000000
		outer loop
			vertex -0.5460000000 1.0160000000 -0.0623000000
			vertex -0.6173000000 1.0160000000 -0.0552000000
			vertex -0.6173000000 1.2583000000 -0.0552000000
			vertex -0.5460000000 1.2583000000 -0.0623000000
		endloop
	endfacet
	facet normal 0.0000000000 0.0000000000 0.0000000000
		outer loop
			vertex -0.5460000000 1.2583000000 -0.0623000000
			vertex -0.6173000000 1.2583000000 -0.0552000000
			vertex -0.6173000000 1.4927000000 -0.0552000000
			vertex -0.5460000000 1.4927000000 -0.0623000000
		endloop
	endfacet
	facet normal 0.0000000000 0.0000000000 0.0000000000
		outer loop
			vertex -0.5460000000 1.4927000000 -0.0623000000
			vertex -0.6173000000 1.4927000000 -0.0552000000
			vertex -0.6173000000 1.7180000000 -0.0552000000
			vertex -0.5460000000 1.7180000000 -0.0623000000
		endloop
	endfacet
	facet normal 0.0000000000 0.0000000000 0.0000000000
		outer loop
			vertex -0.5460000000 1.7180000000 -0.0623000000
			vertex -0.6173000000 1.7180000000 -0.0552000000
			vertex -0.6173000000 1.9326000000 -0.0552000000
			vertex -0.5460000000 1.9326000000 -0.0623000000
		endloop
	endfacet
	facet normal 0.0000000000 0.0000000000 0.0000000000
		outer loop
			vertex -0.5460000000 1.9326000000 -0.0623000000
			vertex -0.6173000000 1.9326000000 -0.0552000000
			vertex -0.6173000000 2.1354000000 -0.0552000000
			vertex -0.5460000000 2.1354000000 -0.0623000000
		endloop
	endfacet
	facet normal 0.0000000000 0.0000000000 0.0000000000
		outer loop
			vertex -0.5460000000 2.1354000000 -0.0623000000
			vertex -0.6173000000 2.1354000000 -0.0552000000
			vertex -0.6173000000 2.3250000000 -0.0552000000
			vertex -0.5460000000 2.3250000000 -0.0623000000
		endloop
	endfacet
	facet normal 0.0000000000 0.0000000000 0.0000000000
		outer loop
			vertex -0.5460000000 2.3250000000 -0.0623000000
			vertex -0.6173000000 2.3250000000 -0.0552000000
			vertex -0.6173000000 2.5002000000 -0.0552000000
			vertex -0.5460000000 2.5002000000 -0.0623000000
		endloop
	endfacet
	facet normal 0.0000000000 0.0000000000 0.0000000000
		outer loop
			vertex -0.5460000000 2.5002000000 -0.0623000000
			vertex -0.6173000000 2.5002000000 -0.0552000000
			vertex -0.6173000000 2.6600000000 -0.0552000000
			vertex -0.5460000000 2.6600000000 -0.0623000000
		endloop
	endfacet
	facet normal 0.0000000000 0.0000000000 0.0000000000
		outer loop
			vertex -0.5460000000 2.6600000000 -0.0623000000
			vertex -0.6173000000 2.6600000000 -0.0552000000
			vertex -0.6173000000 2.8035000000 -0.0552000000
			vertex -0.5460000000 2.8035000000 -0.0623000000
		endloop
	endfacet
	facet normal 0.0000000000 0.0000000000 0.0000000000
		outer loop
			vertex -0.5460000000 2.8035000000 -0.0623000000
			vertex -0.6173000000 2.8035000000 -0.0552000000
			vertex -0.6173000000 2.9296000000 -0.0552000000
			vertex -0.5460000000 2.9296000000 -0.0623000000
		endloop
	endfacet
	facet normal 0.0000000000 0.0000000000 0.0000000000
		outer loop
			vertex -0.5460000000 2.9296000000 -0.0623000000
			vertex -0.6173000000 2.9296000000 -0.0552000000
			vertex -0.6173000000 3.0377000000 -0.0552000000
			vertex -0.5460000000 3.0377000000 -0.0623000000
		endloop
	endfacet
	facet normal 0.0000000000 0.0000000000 0.0000000000
		outer loop
			vertex -0.5460000000 3.0377000000 -0.0623000000
			vertex -0.6173000000 3.0377000000 -0.0552000000
			vertex -0.6173000000 3.1271000000 -0.0552000000
			vertex -0.5460000000 3.1271000000 -0.0623000000
		endloop
	endfacet
	facet normal 0.0000000000 0.0000000000 0.0000000000
		outer loop
			vertex -0.5460000000 3.1271000000 -0.0623000000
			vertex -0.6173000000 3.1271000000 -0.0552000000
			vertex -0.6173000000 3.1972000000 -0.0552000000
			vertex -0.5460000000 3.1972000000 -0.0623000000
		endloop
	endfacet
	facet normal 0.0000000000 0.0000000000 0.0000000000
		outer loop
			vertex -0.5460000000 3.1972000000 -0.0623000000
			vertex -0.6173000000 3.1972000000 -0.0552000000
			vertex -0.6173000000 3.2475000000 -0.0552000000
			vertex -0.5460000000 3.2475000000 -0.0623000000
		endloop
	endfacet
	facet normal 0.0000000000 0.0000000000 0.0000000000
		outer loop
			vertex -0.5460000000 3.2475000000 -0.0623000000
			vertex -0.6173000000 3.2475000000 -0.0552000000
			vertex -0.6173000000 3.2779000000 -0.0552000000
			vertex -0.5460000000 3.2779000000 -0.0623000000
		endloop
	endfacet
	facet normal 0.0000000000 0.0000000000 0.0000000000
		outer loop
			vertex -0.5460000000 3.2779000000 -0.0623000000
			vertex -0.6173000000 3.2779000000 -0.0552000000
			vertex -0.6173000000 3.2880000000 -0.0552000000
			vertex -0.5460000000 3.2880000000 -0.0623000000
		endloop
	endfacet
	facet normal 0.0000000000 0.0000000000 0.0000000000
		outer loop
			vertex -0.5460000000 3.2880000000 -0.0623000000
			vertex -0.6173000000 3.2880000000 -0.0552000000
			vertex -0.6173000000 3.2880000000 0.0000000000
			vertex -0.5460000000 3.2880000000 0.0000000000
		endloop
	endfacet
	facet normal 0.0000000000 0.0000000000 0.0000000000
		outer loop
			vertex -0.6173000000 -3.2880000000 0.0000000000
			vertex -0.6910000000 -3.2880000000 0.0000000000
			vertex -0.6910000000 -3.2880000000 -0.0469000000
			vertex -0.6173000000 -3.2880000000 -0.0552000000
		endloop
	endfacet
	facet normal 0.0000000000 0.0000000000 0.0000000000
		outer loop
			vertex -0.6173000000 -3.2880000000 -0.0552000000
			vertex -0.6910000000 -3.2880000000 -0.0469000000
			vertex -0.6910000000 -3.2779000000 -0.0469000000
			vertex -0.6173000000 -3.2779000000 -0.0552000000
		endloop
	endfacet
	facet normal 0.0000000000 0.0000000000 0.0000000000
		outer loop
			vertex -0.6173000000 -3.2779000000 -0.0552000000
			vertex -0.6910000000 -3.2779000000 -0.0469000000
			vertex -0.6910000000 -3.2475000000 -0.0469000000
			vertex -0.6173000000 -3.2475000000 -0.0552000000
		endloop
	endfacet
	facet normal 0.0000000000 0.0000000000 0.0000000000
		outer loop
			vertex -0.6173000000 -3.2475000000 -0.0552000000
			vertex -0.6910000000 -3.2475000000 -0.0469000000
			vertex -0.6910000000 -3.1972000000 -0.0469000000
			vertex -0.6173000000 -3.1972000000 -0.0552000000
		endloop
	endfacet
	facet normal 0.0000000000 0.0000000000 0.0000000000
		outer loop
			vertex -0.6173000000 -3.1972000000 -0.0552000000
			vertex -0.6910000000 -3.1972000000 -0.0469000000
			vertex -0.6910000000 -3.1271000000 -0.0469000000
			vertex -0.6173000000 -3.1271000000 -0.0552000000
		endloop
	endfacet
	facet normal 0.0000000000 0.0000000000 0.0000000000
		outer loop
			vertex -0.6173000000 -3.1271000000 -0.0552000000
			vertex -0.6910000000 -3.1271000000 -0.0469000000
			vertex -0.6910000000 -3.0377000000 -0.0469000000
			vertex -0.6173000000 -3.0377000000 -0.0552000000
		endloop
	endfacet
	facet normal 0.0000000000 0.0000000000 0.0000000000
		outer loop
			vertex -0.6173000000 -3.0377000000 -0.0552000000
			vertex -0.6910000000 -3.0377000000 -0.0469000000
			vertex -0.6910000000 -2.9296000000 -0.0469000000
			vertex -0.6173000000 -2.9296000000 -0.0552000000
		endloop
	endfacet
	facet normal 0.0000000000 0.0000000000 0.0000000000
		outer loop
			vertex -0.6173000000 -2.9296000000 -0.0552000000
			vertex -0.6910000000 -2.9296000000 -0.0469000000
			vertex -0.6910000000 -2.8035000000 -0.0469000000
			vertex -0.6173000000 -2.8035000000 -0.0552000000
		endloop
	endfacet
	facet normal 0.0000000000 0.0000000000 0.0000000000
		outer loop
			vertex -0.6173000000 -2.8035000000 -0.0552000000
			vertex -0.6910000000 -2.8035000000 -0.0469000000
			vertex -0.6910000000 -2.6600000000 -0.0469000000
			vertex -0.6173000000 -2.6600000000 -0.0552000000
		endloop
	endfacet
	facet normal 0.0000000000 0.0000000000 0.0000000000
		outer loop
			vertex -0.6173000000 -2.6600000000 -0.0552000000
			vertex -0.6910000000 -2.6600000000 -0.0469000000
			vertex -0.6910000000 -2.5002000000 -0.0469000000
			vertex -0.6173000000 -2.5002000000 -0.0552000000
		endloop
	endfacet
	facet normal 0.0000000000 0.0000000000 0.0000000000
		outer loop
			vertex -0.6173000000 -2.5002000000 -0.0552000000
			vertex -0.6910000000 -2.5002000000 -0.0469000000
			vertex -0.6910000000 -2.3250000000 -0.0469000000
			vertex -0.6173000000 -2.3250000000 -0.0552000000
		endloop
	endfacet
	facet normal 0.0000000000 0.0000000000 0.0000000000
		outer loop
			vertex -0.6173000000 -2.3250000000 -0.0552000000
			vertex -0.6910000000 -2.3250000000 -0.0469000000
			vertex -0.6910000000 -2.1354000000 -0.0469000000
			vertex -0.6173000000 -2.1354000000 -0.0552000000
		endloop
	endfacet
	facet normal 0.0000000000 0.0000000000 0.0000000000
		outer loop
			vertex -0.6173000000 -2.1354000000 -0.0552000000
			vertex -0.6910000000 -2.1354000000 -0.0469000000
			vertex -0.6910000000 -1.9326000000 -0.0469000000
			vertex -0.6173000000 -1.9326000000 -0.0552000000
		endloop
	endfacet
	facet normal 0.0000000000 0.0000000000 0.0000000000
		outer loop
			vertex -0.6173000000 -1.9326000000 -0.0552000000
			vertex -0.6910000000 -1.9326000000 -0.0469000000
			vertex -0.6910000000 -1.7180000000 -0.0469000000
			vertex -0.6173000000 -1.7180000000 -0.0552000000
		endloop
	endfacet
	facet normal 0.0000000000 0.0000000000 0.0000000000
		outer loop
			vertex -0.6173000000 -1.7180000000 -0.0552000000
			vertex -0.6910000000 -1.7180000000 -0.0469000000
			vertex -0.6910000000 -1.4927000000 -0.0469000000
			vertex -0.6173000000 -1.4927000000 -0.0552000000
		endloop
	endfacet
	facet normal 0.0000000000 0.0000000000 0.0000000000
		outer loop
			vertex -0.6173000000 -1.4927000000 -0.0552000000
			vertex -0.6910000000 -1.4927000000 -0.0469000000
			vertex -0.6910000000 -1.2583000000 -0.0469000000
			vertex -0.6173000000 -1.2583000000 -0.0552000000
		endloop
	endfacet
	facet normal 0.0000000000 0.0000000000 0.0000000000
		outer loop
			vertex -0.6173000000 -1.2583000000 -0.0552000000
			vertex -0.6910000000 -1.2583000000 -0.0469000000
			vertex -0.6910000000 -1.0160000000 -0.0469000000
			vertex -0.6173000000 -1.0160000000 -0.0552000000
		endloop
	endfacet
	facet normal 0.0000000000 0.0000000000 0.0000000000
		outer loop
			vertex -0.6173000000 -1.0160000000 -0.0552000000
			vertex -0.6910000000 -1.0160000000 -0.0469000000
			vertex -0.6910000000 -0.7676000000 -0.0469000000
			vertex -0.6173000000 -0.7676000000 -0.0552000000
		endloop
	endfacet
	facet normal 0.0000000000 0.0000000000 0.0000000000
		outer loop
			vertex -0.6173000000 -0.7676000000 -0.0552000000
			vertex -0.6910000000 -0.7676000000 -0.0469000000
			vertex -0.6910000000 -0.5144000000 -0.0469000000
			vertex -0.6173000000 -0.5144000000 -0.0552000000
		endloop
	endfacet
	facet normal 0.0000000000 0.0000000000 0.0000000000
		outer loop
			vertex -0.6173000000 -0.5144000000 -0.0552000000
			vertex -0.6910000000 -0.5144000000 -0.0469000000
			vertex -0.6910000000 -0.2580000000 -0.0469000000
			vertex -0.6173000000 -0.2580000000 -0.0552000000
		endloop
	endfacet
	facet normal 0.0000000000 0.0000000000 0.0000000000
		outer loop
			vertex -0.6173000000 -0.2580000000 -0.0552000000
			vertex -0.6910000000 -0.2580000000 -0.0469000000
			vertex -0.6910000000 0.0000000000 -0.0469000000
			vertex -0.6173000000 0.0000000000 -0.0552000000
		endloop
	endfacet
	facet normal 0.0000000000 0.0000000000 0.0000000000
		outer loop
			vertex -0.6173000000 0.0000000000 -0.0552000000
			vertex -0.6910000000 0.0000000000 -0.0469000000
			vertex -0.6910000000 0.2580000000 -0.0469000000
			vertex -0.6173000000 0.2580000000 -0.0552000000
		endloop
	endfacet
	facet normal 0.0000000000 0.0000000000 0.0000000000
		outer loop
			vertex -0.6173000000 0.2580000000 -0.0552000000
			vertex -0.6910000000 0.2580000000 -0.0469000000
			vertex -0.6910000000 0.5144000000 -0.0469000000
			vertex -0.6173000000 0.5144000000 -0.0552000000
		endloop
	endfacet
	facet normal 0.0000000000 0.0000000000 0.0000000000
		outer loop
			vertex -0.6173000000 0.5144000000 -0.0552000000
			vertex -0.6910000000 0.5144000000 -0.0469000000
			vertex -0.6910000000 0.7676000000 -0.0469000000
			vertex -0.6173000000 0.7676000000 -0.0552000000
		endloop
	endfacet
	facet normal 0.0000000000 0.0000000000 0.0000000000
		outer loop
			vertex -0.6173000000 0.7676000000 -0.0552000000
			vertex -0.6910000000 0.7676000000 -0.0469000000
			vertex -0.6910000000 1.0160000000 -0.0469000000
			vertex -0.6173000000 1.0160000000 -0.0552000000
		endloop
	endfacet
	facet normal 0.0000000000 0.0000000000 0.0000000000
		outer loop
			vertex -0.6173000000 1.0160000000 -0.0552000000
			vertex -0.6910000000 1.0160000000 -0.0469000000
			vertex -0.6910000000 1.2583000000 -0.0469000000
			vertex -0.6173000000 1.2583000000 -0.0552000000
		endloop
	endfacet
	facet normal 0.0000000000 0.0000000000 0.0000000000
		outer loop
			vertex -0.6173000000 1.2583000000 -0.0552000000
			vertex -0.6910000000 1.2583000000 -0.0469000000
			vertex -0.6910000000 1.4927000000 -0.0469000000
			vertex -0.6173000000 1.4927000000 -0.0552000000
		endloop
	endfacet
	facet normal 0.0000000000 0.0000000000 0.0000000000
		outer loop
			vertex -0.6173000000 1.4927000000 -0.0552000000
			vertex -0.6910000000 1.4927000000 -0.0469000000
			vertex -0.6910000000 1.7180000000 -0.0469000000
			vertex -0.6173000000 1.7180000000 -0.0552000000
		endloop
	endfacet
	facet normal 0.0000000000 0.0000000000 0.0000000000
		outer loop
			vertex -0.6173000000 1.7180000000 -0.0552000000
			vertex -0.6910000000 1.7180000000 -0.0469000000
			vertex -0.6910000000 1.9326000000 -0.0469000000
			vertex -0.6173000000 1.9326000000 -0.0552000000
		endloop
	endfacet
	facet normal 0.0000000000 0.0000000000 0.0000000000
		outer loop
			vertex -0.6173000000 1.9326000000 -0.0552000000
			vertex -0.6910000000 1.9326000000 -0.0469000000
			vertex -0.6910000000 2.1354000000 -0.0469000000
			vertex -0.6173000000 2.1354000000 -0.0552000000
		endloop
	endfacet
	facet normal 0.0000000000 0.0000000000 0.0000000000
		outer loop
			vertex -0.6173000000 2.1354000000 -0.0552000000
			vertex -0.6910000000 2.1354000000 -0.0469000000
			vertex -0.6910000000 2.3250000000 -0.0469000000
			vertex -0.6173000000 2.3250000000 -0.0552000000
		endloop
	endfacet
	facet normal 0.0000000000 0.0000000000 0.0000000000
		outer loop
			vertex -0.6173000000 2.3250000000 -0.0552000000
			vertex -0.6910000000 2.3250000000 -0.0469000000
			vertex -0.6910000000 2.5002000000 -0.0469000000
			vertex -0.6173000000 2.5002000000 -0.0552000000
		endloop
	endfacet
	facet normal 0.0000000000 0.0000000000 0.0000000000
		outer loop
			vertex -0.6173000000 2.5002000000 -0.0552000000
			vertex -0.6910000000 2.5002000000 -0.0469000000
			vertex -0.6910000000 2.6600000000 -0.0469000000
			vertex -0.6173000000 2.6600000000 -0.0552000000
		endloop
	endfacet
	facet normal 0.0000000000 0.0000000000 0.0000000000
		outer loop
			vertex -0.6173000000 2.6600000000 -0.0552000000
			vertex -0.6910000000 2.6600000000 -0.0469000000
			vertex -0.6910000000 2.8035000000 -0.0469000000
			vertex -0.6173000000 2.8035000000 -0.0552000000
		endloop
	endfacet
	facet normal 0.0000000000 0.0000000000 0.0000000000
		outer loop
			vertex -0.6173000000 2.8035000000 -0.0552000000
			vertex -0.6910000000 2.8035000000 -0.0469000000
			vertex -0.6910000000 2.9296000000 -0.0469000000
			vertex -0.6173000000 2.9296000000 -0.0552000000
		endloop
	endfacet
	facet normal 0.0000000000 0.0000000000 0.0000000000
		outer loop
			vertex -0.6173000000 2.9296000000 -0.0552000000
			vertex -0.6910000000 2.9296000000 -0.0469000000
			vertex -0.6910000000 3.0377000000 -0.0469000000
			vertex -0.6173000000 3.0377000000 -0.0552000000
		endloop
	endfacet
	facet normal 0.0000000000 0.0000000000 0.0000000000
		outer loop
			vertex -0.6173000000 3.0377000000 -0.0552000000
			vertex -0.6910000000 3.0377000000 -0.0469000000
			vertex -0.6910000000 3.1271000000 -0.0469000000
			vertex -0.6173000000 3.1271000000 -0.0552000000
		endloop
	endfacet
	facet normal 0.0000000000 0.0000000000 0.0000000000
		outer loop
			vertex -0.6173000000 3.1271000000 -0.0552000000
			vertex -0.6910000000 3.1271000000 -0.0469000000
			vertex -0.6910000000 3.1972000000 -0.0469000000
			vertex -0.6173000000 3.1972000000 -0.0552000000
		endloop
	endfacet
	facet normal 0.0000000000 0.0000000000 0.0000000000
		outer loop
			vertex -0.6173000000 3.1972000000 -0.0552000000
			vertex -0.6910000000 3.1972000000 -0.0469000000
			vertex -0.6910000000 3.2475000000 -0.0469000000
			vertex -0.6173000000 3.2475000000 -0.0552000000
		endloop
	endfacet
	facet normal 0.0000000000 0.0000000000 0.0000000000
		outer loop
			vertex -0.6173000000 3.2475000000 -0.0552000000
			vertex -0.6910000000 3.2475000000 -0.0469000000
			vertex -0.6910000000 3.2779000000 -0.0469000000
			vertex -0.6173000000 3.2779000000 -0.0552000000
		endloop
	endfacet
	facet normal 0.0000000000 0.0000000000 0.0000000000
		outer loop
			vertex -0.6173000000 3.2779000000 -0.0552000000
			vertex -0.6910000000 3.2779000000 -0.0469000000
			vertex -0.6910000000 3.2880000000 -0.0469000000
			vertex -0.6173000000 3.2880000000 -0.0552000000
		endloop
	endfacet
	facet normal 0.0000000000 0.0000000000 0.0000000000
		outer loop
			vertex -0.6173000000 3.2880000000 -0.0552000000
			vertex -0.6910000000 3.2880000000 -0.0469000000
			vertex -0.6910000000 3.2880000000 0.0000000000
			vertex -0.6173000000 3.2880000000 0.0000000000
		endloop
	endfacet
	facet normal 0.0000000000 0.0000000000 0.0000000000
		outer loop
			vertex -0.6910000000 -3.2880000000 0.0000000000
			vertex -0.7666000000 -3.2880000000 0.0000000000
			vertex -0.7666000000 -3.2880000000 -0.0373000000
			vertex -0.6910000000 -3.2880000000 -0.0469000000
		endloop
	endfacet
	facet normal 0.0000000000 0.0000000000 0.0000000000
		outer loop
			vertex -0.6910000000 -3.2880000000 -0.0469000000
			vertex -0.7666000000 -3.2880000000 -0.0373000000
			vertex -0.7666000000 -3.2779000000 -0.0373000000
			vertex -0.6910000000 -3.2779000000 -0.0469000000
		endloop
	endfacet
	facet normal 0.0000000000 0.0000000000 0.0000000000
		outer loop
			vertex -0.6910000000 -3.2779000000 -0.0469000000
			vertex -0.7666000000 -3.2779000000 -0.0373000000
			vertex -0.7666000000 -3.2475000000 -0.0373000000
			vertex -0.6910000000 -3.2475000000 -0.0469000000
		endloop
	endfacet
	facet normal 0.0000000000 0.0000000000 0.0000000000
		outer loop
			vertex -0.6910000000 -3.2475000000 -0.0469000000
			vertex -0.7666000000 -3.2475000000 -0.0373000000
			vertex -0.7666000000 -3.1972000000 -0.0373000000
			vertex -0.6910000000 -3.1972000000 -0.0469000000
		endloop
	endfacet
	facet normal 0.0000000000 0.0000000000 0.0000000000
		outer loop
			vertex -0.6910000000 -3.1972000000 -0.0469000000
			vertex -0.7666000000 -3.1972000000 -0.0373000000
			vertex -0.7666000000 -3.1271000000 -0.0373000000
			vertex -0.6910000000 -3.1271000000 -0.0469000000
		endloop
	endfacet
	facet normal 0.0000000000 0.0000000000 0.0000000000
		outer loop
			vertex -0.6910000000 -3.1271000000 -0.0469000000
			vertex -0.7666000000 -3.1271000000 -0.0373000000
			vertex -0.7666000000 -3.0377000000 -0.0373000000
			vertex -0.6910000000 -3.0377000000 -0.0469000000
		endloop
	endfacet
	facet normal 0.0000000000 0.0000000000 0.0000000000
		outer loop
			vertex -0.6910000000 -3.0377000000 -0.0469000000
			vertex -0.7666000000 -3.0377000000 -0.0373000000
			vertex -0.7666000000 -2.9296000000 -0.0373000000
			vertex -0.6910000000 -2.9296000000 -0.0469000000
		endloop
	endfacet
	facet normal 0.0000000000 0.0000000000 0.0000000000
		outer loop
			vertex -0.6910000000 -2.9296000000 -0.0469000000
			vertex -0.7666000000 -2.9296000000 -0.0373000000
			vertex -0.7666000000 -2.8035000000 -0.0373000000
			vertex -0.6910000000 -2.8035000000 -0.0469000000
		endloop
	endfacet
	facet normal 0.0000000000 0.0000000000 0.0000000000
		outer loop
			vertex -0.6910000000 -2.8035000000 -0.0469000000
			vertex -0.7666000000 -2.8035000000 -0.0373000000
			vertex -0.7666000000 -2.6600000000 -0.0373000000
			vertex -0.6910000000 -2.6600000000 -0.0469000000
		endloop
	endfacet
	facet normal 0.0000000000 0.0000000000 0.0000000000
		outer loop
			vertex -0.6910000000 -2.6600000000 -0.0469000000
			vertex -0.7666000000 -2.6600000000 -0.0373000000
			vertex -0.7666000000 -2.5002000000 -0.0373000000
			vertex -0.6910000000 -2.5002000000 -0.0469000000
		endloop
	endfacet
	facet normal 0.0000000000 0.0000000000 0.0000000000
		outer loop
			vertex -0.6910000000 -2.5002000000 -0.0469000000
			vertex -0.7666000000 -2.5002000000 -0.0373000000
			vertex -0.7666000000 -2.3250000000 -0.0373000000
			vertex -0.6910000000 -2.3250000000 -0.0469000000
		endloop
	endfacet
	facet normal 0.0000000000 0.0000000000 0.0000000000
		outer loop
			vertex -0.6910000000 -2.3250000000 -0.0469000000
			vertex -0.7666000000 -2.3250000000 -0.0373000000
			vertex -0.7666000000 -2.1354000000 -0.0373000000
			vertex -0.6910000000 -2.1354000000 -0.0469000000
		endloop
	endfacet
	facet normal 0.0000000000 0.0000000000 0.0000000000
		outer loop
			vertex -0.6910000000 -2.1354000000 -0.0469000000
			vertex -0.7666000000 -2.1354000000 -0.0373000000
			vertex -0.7666000000 -1.9326000000 -0.0373000000
			vertex -0.6910000000 -1.9326000000 -0.0469000000
		endloop
	endfacet
	facet normal 0.0000000000 0.0000000000 0.0000000000
		outer loop
			vertex -0.6910000000 -1.9326000000 -0.0469000000
			vertex -0.7666000000 -1.9326000000 -0.0373000000
			vertex -0.7666000000 -1.7180000000 -0.0373000000
			vertex -0.6910000000 -1.7180000000 -0.0469000000
		endloop
	endfacet
	facet normal 0.0000000000 0.0000000000 0.0000000000
		outer loop
			vertex -0.6910000000 -1.7180000000 -0.0469000000
			vertex -0.7666000000 -1.7180000000 -0.0373000000
			vertex -0.7666000000 -1.4927000000 -0.0373000000
			vertex -0.6910000000 -1.4927000000 -0.0469000000
		endloop
	endfacet
	facet normal 0.0000000000 0.0000000000 0.0000000000
		outer loop
			vertex -0.6910000000 -1.4927000000 -0.0469000000
			vertex -0.7666000000 -1.4927000000 -0.0373000000
			vertex -0.7666000000 -1.2583000000 -0.0373000000
			vertex -0.6910000000 -1.2583000000 -0.0469000000
		endloop
	endfacet
	facet normal 0.0000000000 0.0000000000 0.0000000000
		outer loop
			vertex -0.6910000000 -1.2583000000 -0.0469000000
			vertex -0.7666000000 -1.2583000000 -0.0373000000
			vertex -0.7666000000 -1.0160000000 -0.0373000000
			vertex -0.6910000000 -1.0160000000 -0.0469000000
		endloop
	endfacet
	facet normal 0.0000000000 0.0000000000 0.0000000000
		outer loop
			vertex -0.6910000000 -1.0160000000 -0.0469000000
			vertex -0.7666000000 -1.0160000000 -0.0373000000
			vertex -0.7666000000 -0.7676000000 -0.0373000000
			vertex -0.6910000000 -0.7676000000 -0.0469000000
		endloop
	endfacet
	facet normal 0.0000000000 0.0000000000 0.0000000000
		outer loop
			vertex -0.6910000000 -0.7676000000 -0.0469000000
			vertex -0.7666000000 -0.7676000000 -0.0373000000
			vertex -0.7666000000 -0.5144000000 -0.0373000000
			vertex -0.6910000000 -0.5144000000 -0.0469000000
		endloop
	endfacet
	facet normal 0.0000000000 0.0000000000 0.0000000000
		outer loop
			vertex -0.6910000000 -0.5144000000 -0.0469000000
			vertex -0.7666000000 -0.5144000000 -0.0373000000
			vertex -0.7666000000 -0.2580000000 -0.0373000000
			vertex -0.6910000000 -0.2580000000 -0.0469000000
		endloop
	endfacet
	facet normal 0.0000000000 0.0000000000 0.0000000000
		outer loop
			vertex -0.6910000000 -0.2580000000 -0.0469000000
			vertex -0.7666000000 -0.2580000000 -0.0373000000
			vertex -0.7666000000 0.0000000000 -0.0373000000
			vertex -0.6910000000 0.0000000000 -0.0469000000
		endloop
	endfacet
	facet normal 0.0000000000 0.0000000000 0.0000000000
		outer loop
			vertex -0.6910000000 0.0000000000 -0.0469000000
			vertex -0.7666000000 0.0000000000 -0.0373000000
			vertex -0.7666000000 0.2580000000 -0.0373000000
			vertex -0.6910000000 0.2580000000 -0.0469000000
		endloop
	endfacet
	facet normal 0.0000000000 0.0000000000 0.0000000000
		outer loop
			vertex -0.6910000000 0.2580000000 -0.0469000000
			vertex -0.7666000000 0.2580000000 -0.0373000000
			vertex -0.7666000000 0.5144000000 -0.0373000000
			vertex -0.6910000000 0.5144000000 -0.0469000000
		endloop
	endfacet
	facet normal 0.0000000000 0.0000000000 0.0000000000
		outer loop
			vertex -0.6910000000 0.5144000000 -0.0469000000
			vertex -0.7666000000 0.5144000000 -0.0373000000
			vertex -0.7666000000 0.7676000000 -0.0373000000
			vertex -0.6910000000 0.7676000000 -0.0469000000
		endloop
	endfacet
	facet normal 0.0000000000 0.0000000000 0.0000000000
		outer loop
			vertex -0.6910000000 0.7676000000 -0.0469000000
			vertex -0.7666000000 0.7676000000 -0.0373000000
			vertex -0.7666000000 1.0160000000 -0.0373000000
			vertex -0.6910000000 1.0160000000 -0.0469000000
		endloop
	endfacet
	facet normal 0.0000000000 0.0000000000 0.0000000000
		outer loop
			vertex -0.6910000000 1.0160000000 -0.0469000000
			vertex -0.7666000000 1.0160000000 -0.0373000000
			vertex -0.7666000000 1.2583000000 -0.0373000000
			vertex -0.6910000000 1.2583000000 -0.0469000000
		endloop
	endfacet
	facet normal 0.0000000000 0.0000000000 0.0000000000
		outer loop
			vertex -0.6910000000 1.2583000000 -0.0469000000
			vertex -0.7666000000 1.2583000000 -0.0373000000
			vertex -0.7666000000 1.4927000000 -0.0373000000
			vertex -0.6910000000 1.4927000000 -0.0469000000
		endloop
	endfacet
	facet normal 0.0000000000 0.0000000000 0.0000000000
		outer loop
			vertex -0.6910000000 1.4927000000 -0.0469000000
			vertex -0.7666000000 1.4927000000 -0.0373000000
			vertex -0.7666000000 1.7180000000 -0.0373000000
			vertex -0.6910000000 1.7180000000 -0.0469000000
		endloop
	endfacet
	facet normal 0.0000000000 0.0000000000 0.0000000000
		outer loop
			vertex -0.6910000000 1.7180000000 -0.0469000000
			vertex -0.7666000000 1.7180000000 -0.0373000000
			vertex -0.7666000000 1.9326000000 -0.0373000000
			vertex -0.6910000000 1.9326000000 -0.0469000000
		endloop
	endfacet
	facet normal 0.0000000000 0.0000000000 0.0000000000
		outer loop
			vertex -0.6910000000 1.9326000000 -0.0469000000
			vertex -0.7666000000 1.9326000000 -0.0373000000
			vertex -0.7666000000 2.1354000000 -0.0373000000
			vertex -0.6910000000 2.1354000000 -0.0469000000
		endloop
	endfacet
	facet normal 0.0000000000 0.0000000000 0.0000000000
		outer loop
			vertex -0.6910000000 2.1354000000 -0.0469000000
			vertex -0.7666000000 2.1354000000 -0.0373000000
			vertex -0.7666000000 2.3250000000 -0.0373000000
			vertex -0.6910000000 2.3250000000 -0.0469000000
		endloop
	endfacet
	facet normal 0.0000000000 0.0000000000 0.0000000000
		outer loop
			vertex -0.6910000000 2.3250000000 -0.0469000000
			vertex -0.7666000000 2.3250000000 -0.0373000000
			vertex -0.7666000000 2.5002000000 -0.0373000000
			vertex -0.6910000000 2.5002000000 -0.0469000000
		endloop
	endfacet
	facet normal 0.0000000000 0.0000000000 0.0000000000
		outer loop
			vertex -0.6910000000 2.5002000000 -0.0469000000
			vertex -0.7666000000 2.5002000000 -0.0373000000
			vertex -0.7666000000 2.6600000000 -0.0373000000
			vertex -0.6910000000 2.6600000000 -0.0469000000
		endloop
	endfacet
	facet normal 0.0000000000 0.0000000000 0.0000000000
		outer loop
			vertex -0.6910000000 2.6600000000 -0.0469000000
			vertex -0.7666000000 2.6600000000 -0.0373000000
			vertex -0.7666000000 2.8035000000 -0.0373000000
			vertex -0.6910000000 2.8035000000 -0.0469000000
		endloop
	endfacet
	facet normal 0.0000000000 0.0000000000 0.0000000000
		outer loop
			vertex -0.6910000000 2.8035000000 -0.0469000000
			vertex -0.7666000000 2.8035000000 -0.0373000000
			vertex -0.7666000000 2.9296000000 -0.0373000000
			vertex -0.6910000000 2.9296000000 -0.0469000000
		endloop
	endfacet
	facet normal 0.0000000000 0.0000000000 0.0000000000
		outer loop
			vertex -0.6910000000 2.9296000000 -0.0469000000
			vertex -0.7666000000 2.9296000000 -0.0373000000
			vertex -0.7666000000 3.0377000000 -0.0373000000
			vertex -0.6910000000 3.0377000000 -0.0469000000
		endloop
	endfacet
	facet normal 0.0000000000 0.0000000000 0.0000000000
		outer loop
			vertex -0.6910000000 3.0377000000 -0.0469000000
			vertex -0.7666000000 3.0377000000 -0.0373000000
			vertex -0.7666000000 3.1271000000 -0.0373000000
			vertex -0.6910000000 3.1271000000 -0.0469000000
		endloop
	endfacet
	facet normal 0.0000000000 0.0000000000 0.0000000000
		outer loop
			vertex -0.6910000000 3.1271000000 -0.0469000000
			vertex -0.7666000000 3.1271000000 -0.0373000000
			vertex -0.7666000000 3.1972000000 -0.0373000000
			vertex -0.6910000000 3.1972000000 -0.0469000000
		endloop
	endfacet
	facet normal 0.0000000000 0.0000000000 0.0000000000
		outer loop
			vertex -0.6910000000 3.1972000000 -0.0469000000
			vertex -0.7666000000 3.1972000000 -0.0373000000
			vertex -0.7666000000 3.2475000000 -0.0373000000
			vertex -0.6910000000 3.2475000000 -0.0469000000
		endloop
	endfacet
	facet normal 0.0000000000 0.0000000000 0.0000000000
		outer loop
			vertex -0.6910000000 3.2475000000 -0.0469000000
			vertex -0.7666000000 3.2475000000 -0.0373000000
			vertex -0.7666000000 3.2779000000 -0.0373000000
			vertex -0.6910000000 3.2779000000 -0.0469000000
		endloop
	endfacet
	facet normal 0.0000000000 0.0000000000 0.0000000000
		outer loop
			vertex -0.6910000000 3.2779000000 -0.0469000000
			vertex -0.7666000000 3.2779000000 -0.0373000000
			vertex -0.7666000000 3.2880000000 -0.0373000000
			vertex -0.6910000000 3.2880000000 -0.0469000000
		endloop
	endfacet
	facet normal 0.0000000000 0.0000000000 0.0000000000
		outer loop
			vertex -0.6910000000 3.2880000000 -0.0469000000
			vertex -0.7666000000 3.2880000000 -0.0373000000
			vertex -0.7666000000 3.2880000000 0.0000000000
			vertex -0.6910000000 3.2880000000 0.0000000000
		endloop
	endfacet
	facet normal 0.0000000000 0.0000000000 0.0000000000
		outer loop
			vertex -0.7666000000 -3.2880000000 0.0000000000
			vertex -0.8436000000 -3.2880000000 0.0000000000
			vertex -0.8436000000 -3.2880000000 -0.0266000000
			vertex -0.7666000000 -3.2880000000 -0.0373000000
		endloop
	endfacet
	facet normal 0.0000000000 0.0000000000 0.0000000000
		outer loop
			vertex -0.7666000000 -3.2880000000 -0.0373000000
			vertex -0.8436000000 -3.2880000000 -0.0266000000
			vertex -0.8436000000 -3.2779000000 -0.0266000000
			vertex -0.7666000000 -3.2779000000 -0.0373000000
		endloop
	endfacet
	facet normal 0.0000000000 0.0000000000 0.0000000000
		outer loop
			vertex -0.7666000000 -3.2779000000 -0.0373000000
			vertex -0.8436000000 -3.2779000000 -0.0266000000
			vertex -0.8436000000 -3.2475000000 -0.0266000000
			vertex -0.7666000000 -3.2475000000 -0.0373000000
		endloop
	endfacet
	facet normal 0.0000000000 0.0000000000 0.0000000000
		outer loop
			vertex -0.7666000000 -3.2475000000 -0.0373000000
			vertex -0.8436000000 -3.2475000000 -0.0266000000
			vertex -0.8436000000 -3.1972000000 -0.0266000000
			vertex -0.7666000000 -3.1972000000 -0.0373000000
		endloop
	endfacet
	facet normal 0.0000000000 0.0000000000 0.0000000000
		outer loop
			vertex -0.7666000000 -3.1972000000 -0.0373000000
			vertex -0.8436000000 -3.1972000000 -0.0266000000
			vertex -0.8436000000 -3.1271000000 -0.0266000000
			vertex -0.7666000000 -3.1271000000 -0.0373000000
		endloop
	endfacet
	facet normal 0.0000000000 0.0000000000 0.0000000000
		outer loop
			vertex -0.7666000000 -3.1271000000 -0.0373000000
			vertex -0.8436000000 -3.1271000000 -0.0266000000
			vertex -0.8436000000 -3.0377000000 -0.0266000000
			vertex -0.7666000000 -3.0377000000 -0.0373000000
		endloop
	endfacet
	facet normal 0.0000000000 0.0000000000 0.0000000000
		outer loop
			vertex -0.7666000000 -3.0377000000 -0.0373000000
			vertex -0.8436000000 -3.0377000000 -0.0266000000
			vertex -0.8436000000 -2.9296000000 -0.0266000000
			vertex -0.7666000000 -2.9296000000 -0.0373000000
		endloop
	endfacet
	facet normal 0.0000000000 0.0000000000 0.0000000000
		outer loop
			vertex -0.7666000000 -2.9296000000 -0.0373000000
			vertex -0.8436000000 -2.9296000000 -0.0266000000
			vertex -0.8436000000 -2.8035000000 -0.0266000000
			vertex -0.7666000000 -2.8035000000 -0.0373000000
		endloop
	endfacet
	facet normal 0.0000000000 0.0000000000 0.0000000000
		outer loop
			vertex -0.7666000000 -2.8035000000 -0.0373000000
			vertex -0.8436000000 -2.8035000000 -0.0266000000
			vertex -0.8436000000 -2.6600000000 -0.0266000000
			vertex -0.7666000000 -2.6600000000 -0.0373000000
		endloop
	endfacet
	facet normal 0.0000000000 0.0000000000 0.0000000000
		outer loop
			vertex -0.7666000000 -2.6600000000 -0.0373000000
			vertex -0.8436000000 -2.6600000000 -0.0266000000
			vertex -0.8436000000 -2.5002000000 -0.0266000000
			vertex -0.7666000000 -2.5002000000 -0.0373000000
		endloop
	endfacet
	facet normal 0.0000000000 0.0000000000 0.0000000000
		outer loop
			vertex -0.7666000000 -2.5002000000 -0.0373000000
			vertex -0.8436000000 -2.5002000000 -0.0266000000
			vertex -0.8436000000 -2.3250000000 -0.0266000000
			vertex -0.7666000000 -2.3250000000 -0.0373000000
		endloop
	endfacet
	facet normal 0.0000000000 0.0000000000 0.0000000000
		outer loop
			vertex -0.7666000000 -2.3250000000 -0.0373000000
			vertex -0.8436000000 -2.3250000000 -0.0266000000
			vertex -0.8436000000 -2.1354000000 -0.0266000000
			vertex -0.7666000000 -2.1354000000 -0.0373000000
		endloop
	endfacet
	facet normal 0.0000000000 0.0000000000 0.0000000000
		outer loop
			vertex -0.7666000000 -2.1354000000 -0.0373000000
			vertex -0.8436000000 -2.1354000000 -0.0266000000
			vertex -0.8436000000 -1.9326000000 -0.0266000000
			vertex -0.7666000000 -1.9326000000 -0.0373000000
		endloop
	endfacet
	facet normal 0.0000000000 0.0000000000 0.0000000000
		outer loop
			vertex -0.7666000000 -1.9326000000 -0.0373000000
			vertex -0.8436000000 -1.9326000000 -0.0266000000
			vertex -0.8436000000 -1.7180000000 -0.0266000000
			vertex -0.7666000000 -1.7180000000 -0.0373000000
		endloop
	endfacet
	facet normal 0.0000000000 0.0000000000 0.0000000000
		outer loop
			vertex -0.7666000000 -1.7180000000 -0.0373000000
			vertex -0.8436000000 -1.7180000000 -0.0266000000
			vertex -0.8436000000 -1.4927000000 -0.0266000000
			vertex -0.7666000000 -1.4927000000 -0.0373000000
		endloop
	endfacet
	facet normal 0.0000000000 0.0000000000 0.0000000000
		outer loop
			vertex -0.7666000000 -1.4927000000 -0.0373000000
			vertex -0.8436000000 -1.4927000000 -0.0266000000
			vertex -0.8436000000 -1.2583000000 -0.0266000000
			vertex -0.7666000000 -1.2583000000 -0.0373000000
		endloop
	endfacet
	facet normal 0.0000000000 0.0000000000 0.0000000000
		outer loop
			vertex -0.7666000000 -1.2583000000 -0.0373000000
			vertex -0.8436000000 -1.2583000000 -0.0266000000
			vertex -0.8436000000 -1.0160000000 -0.0266000000
			vertex -0.7666000000 -1.0160000000 -0.0373000000
		endloop
	endfacet
	facet normal 0.0000000000 0.0000000000 0.0000000000
		outer loop
			vertex -0.7666000000 -1.0160000000 -0.0373000000
			vertex -0.8436000000 -1.0160000000 -0.0266000000
			vertex -0.8436000000 -0.7676000000 -0.0266000000
			vertex -0.7666000000 -0.7676000000 -0.0373000000
		endloop
	endfacet
	facet normal 0.0000000000 0.0000000000 0.0000000000
		outer loop
			vertex -0.7666000000 -0.7676000000 -0.0373000000
			vertex -0.8436000000 -0.7676000000 -0.0266000000
			vertex -0.8436000000 -0.5144000000 -0.0266000000
			vertex -0.7666000000 -0.5144000000 -0.0373000000
		endloop
	endfacet
	facet normal 0.0000000000 0.0000000000 0.0000000000
		outer loop
			vertex -0.7666000000 -0.5144000000 -0.0373000000
			vertex -0.8436000000 -0.5144000000 -0.0266000000
			vertex -0.8436000000 -0.2580000000 -0.0266000000
			vertex -0.7666000000 -0.2580000000 -0.0373000000
		endloop
	endfacet
	facet normal 0.0000000000 0.0000000000 0.0000000000
		outer loop
			vertex -0.7666000000 -0.2580000000 -0.0373000000
			vertex -0.8436000000 -0.2580000000 -0.0266000000
			vertex -0.8436000000 0.0000000000 -0.0266000000
			vertex -0.7666000000 0.0000000000 -0.0373000000
		endloop
	endfacet
	facet normal 0.0000000000 0.0000000000 0.0000000000
		outer loop
			vertex -0.7666000000 0.0000000000 -0.0373000000
			vertex -0.8436000000 0.0000000000 -0.0266000000
			vertex -0.8436000000 0.2580000000 -0.0266000000
			vertex -0.7666000000 0.2580000000 -0.0373000000
		endloop
	endfacet
	facet normal 0.0000000000 0.0000000000 0.0000000000
		outer loop
			vertex -0.7666000000 0.2580000000 -0.0373000000
			vertex -0.8436000000 0.2580000000 -0.0266000000
			vertex -0.8436000000 0.5144000000 -0.0266000000
			vertex -0.7666000000 0.5144000000 -0.0373000000
		endloop
	endfacet
	facet normal 0.0000000000 0.0000000000 0.0000000000
		outer loop
			vertex -0.7666000000 0.5144000000 -0.0373000000
			vertex -0.8436000000 0.5144000000 -0.0266000000
			vertex -0.8436000000 0.7676000000 -0.0266000000
			vertex -0.7666000000 0.7676000000 -0.0373000000
		endloop
	endfacet
	facet normal 0.0000000000 0.0000000000 0.0000000000
		outer loop
			vertex -0.7666000000 0.7676000000 -0.0373000000
			vertex -0.8436000000 0.7676000000 -0.0266000000
			vertex -0.8436000000 1.0160000000 -0.0266000000
			vertex -0.7666000000 1.0160000000 -0.0373000000
		endloop
	endfacet
	facet normal 0.0000000000 0.0000000000 0.0000000000
		outer loop
			vertex -0.7666000000 1.0160000000 -0.0373000000
			vertex -0.8436000000 1.0160000000 -0.0266000000
			vertex -0.8436000000 1.2583000000 -0.0266000000
			vertex -0.7666000000 1.2583000000 -0.0373000000
		endloop
	endfacet
	facet normal 0.0000000000 0.0000000000 0.0000000000
		outer loop
			vertex -0.7666000000 1.2583000000 -0.0373000000
			vertex -0.8436000000 1.2583000000 -0.0266000000
			vertex -0.8436000000 1.4927000000 -0.0266000000
			vertex -0.7666000000 1.4927000000 -0.0373000000
		endloop
	endfacet
	facet normal 0.0000000000 0.0000000000 0.0000000000
		outer loop
			vertex -0.7666000000 1.4927000000 -0.0373000000
			vertex -0.8436000000 1.4927000000 -0.0266000000
			vertex -0.8436000000 1.7180000000 -0.0266000000
			vertex -0.7666000000 1.7180000000 -0.0373000000
		endloop
	endfacet
	facet normal 0.0000000000 0.0000000000 0.0000000000
		outer loop
			vertex -0.7666000000 1.7180000000 -0.0373000000
			vertex -0.8436000000 1.7180000000 -0.0266000000
			vertex -0.8436000000 1.9326000000 -0.0266000000
			vertex -0.7666000000 1.9326000000 -0.0373000000
		endloop
	endfacet
	facet normal 0.0000000000 0.0000000000 0.0000000000
		outer loop
			vertex -0.7666000000 1.9326000000 -0.0373000000
			vertex -0.8436000000 1.9326000000 -0.0266000000
			vertex -0.8436000000 2.1354000000 -0.0266000000
			vertex -0.7666000000 2.1354000000 -0.0373000000
		endloop
	endfacet
	facet normal 0.0000000000 0.0000000000 0.0000000000
		outer loop
			vertex -0.7666000000 2.1354000000 -0.0373000000
			vertex -0.8436000000 2.1354000000 -0.0266000000
			vertex -0.8436000000 2.3250000000 -0.0266000000
			vertex -0.7666000000 2.3250000000 -0.0373000000
		endloop
	endfacet
	facet normal 0.0000000000 0.0000000000 0.0000000000
		outer loop
			vertex -0.7666000000 2.3250000000 -0.0373000000
			vertex -0.8436000000 2.3250000000 -0.0266000000
			vertex -0.8436000000 2.5002000000 -0.0266000000
			vertex -0.7666000000 2.5002000000 -0.0373000000
		endloop
	endfacet
	facet normal 0.0000000000 0.0000000000 0.0000000000
		outer loop
			vertex -0.7666000000 2.5002000000 -0.0373000000
			vertex -0.8436000000 2.5002000000 -0.0266000000
			vertex -0.8436000000 2.6600000000 -0.0266000000
			vertex -0.7666000000 2.6600000000 -0.0373000000
		endloop
	endfacet
	facet normal 0.0000000000 0.0000000000 0.0000000000
		outer loop
			vertex -0.7666000000 2.6600000000 -0.0373000000
			vertex -0.8436000000 2.6600000000 -0.0266000000
			vertex -0.8436000000 2.8035000000 -0.0266000000
			vertex -0.7666000000 2.8035000000 -0.0373000000
		endloop
	endfacet
	facet normal 0.0000000000 0.0000000000 0.0000000000
		outer loop
			vertex -0.7666000000 2.8035000000 -0.0373000000
			vertex -0.8436000000 2.8035000000 -0.0266000000
			vertex -0.8436000000 2.9296000000 -0.0266000000
			vertex -0.7666000000 2.9296000000 -0.0373000000
		endloop
	endfacet
	facet normal 0.0000000000 0.0000000000 0.0000000000
		outer loop
			vertex -0.7666000000 2.9296000000 -0.0373000000
			vertex -0.8436000000 2.9296000000 -0.0266000000
			vertex -0.8436000000 3.0377000000 -0.0266000000
			vertex -0.7666000000 3.0377000000 -0.0373000000
		endloop
	endfacet
	facet normal 0.0000000000 0.0000000000 0.0000000000
		outer loop
			vertex -0.7666000000 3.0377000000 -0.0373000000
			vertex -0.8436000000 3.0377000000 -0.0266000000
			vertex -0.8436000000 3.1271000000 -0.0266000000
			vertex -0.7666000000 3.1271000000 -0.0373000000
		endloop
	endfacet
	facet normal 0.0000000000 0.0000000000 0.0000000000
		outer loop
			vertex -0.7666000000 3.1271000000 -0.0373000000
			vertex -0.8436000000 3.1271000000 -0.0266000000
			vertex -0.8436000000 3.1972000000 -0.0266000000
			vertex -0.7666000000 3.1972000000 -0.0373000000
		endloop
	endfacet
	facet normal 0.0000000000 0.0000000000 0.0000000000
		outer loop
			vertex -0.7666000000 3.1972000000 -0.0373000000
			vertex -0.8436000000 3.1972000000 -0.0266000000
			vertex -0.8436000000 3.2475000000 -0.0266000000
			vertex -0.7666000000 3.2475000000 -0.0373000000
		endloop
	endfacet
	facet normal 0.0000000000 0.0000000000 0.0000000000
		outer loop
			vertex -0.7666000000 3.2475000000 -0.0373000000
			vertex -0.8436000000 3.2475000000 -0.0266000000
			vertex -0.8436000000 3.2779000000 -0.0266000000
			vertex -0.7666000000 3.2779000000 -0.0373000000
		endloop
	endfacet
	facet normal 0.0000000000 0.0000000000 0.0000000000
		outer loop
			vertex -0.7666000000 3.2779000000 -0.0373000000
			vertex -0.8436000000 3.2779000000 -0.0266000000
			vertex -0.8436000000 3.2880000000 -0.0266000000
			vertex -0.7666000000 3.2880000000 -0.0373000000
		endloop
	endfacet
	facet normal 0.0000000000 0.0000000000 0.0000000000
		outer loop
			vertex -0.7666000000 3.2880000000 -0.0373000000
			vertex -0.8436000000 3.2880000000 -0.0266000000
			vertex -0.8436000000 3.2880000000 0.0000000000
			vertex -0.7666000000 3.2880000000 0.0000000000
		endloop
	endfacet
	facet normal 0.0000000000 0.0000000000 0.0000000000
		outer loop
			vertex -0.8436000000 -3.2880000000 0.0000000000
			vertex -0.9215000000 -3.2880000000 0.0000000000
			vertex -0.9215000000 -3.2880000000 -0.0147000000
			vertex -0.8436000000 -3.2880000000 -0.0266000000
		endloop
	endfacet
	facet normal 0.0000000000 0.0000000000 0.0000000000
		outer loop
			vertex -0.8436000000 -3.2880000000 -0.0266000000
			vertex -0.9215000000 -3.2880000000 -0.0147000000
			vertex -0.9215000000 -3.2779000000 -0.0147000000
			vertex -0.8436000000 -3.2779000000 -0.0266000000
		endloop
	endfacet
	facet normal 0.0000000000 0.0000000000 0.0000000000
		outer loop
			vertex -0.8436000000 -3.2779000000 -0.0266000000
			vertex -0.9215000000 -3.2779000000 -0.0147000000
			vertex -0.9215000000 -3.2475000000 -0.0147000000
			vertex -0.8436000000 -3.2475000000 -0.0266000000
		endloop
	endfacet
	facet normal 0.0000000000 0.0000000000 0.0000000000
		outer loop
			vertex -0.8436000000 -3.2475000000 -0.0266000000
			vertex -0.9215000000 -3.2475000000 -0.0147000000
			vertex -0.9215000000 -3.1972000000 -0.0147000000
			vertex -0.8436000000 -3.1972000000 -0.0266000000
		endloop
	endfacet
	facet normal 0.0000000000 0.0000000000 0.0000000000
		outer loop
			vertex -0.8436000000 -3.1972000000 -0.0266000000
			vertex -0.9215000000 -3.1972000000 -0.0147000000
			vertex -0.9215000000 -3.1271000000 -0.0147000000
			vertex -0.8436000000 -3.1271000000 -0.0266000000
		endloop
	endfacet
	facet normal 0.0000000000 0.0000000000 0.0000000000
		outer loop
			vertex -0.8436000000 -3.1271000000 -0.0266000000
			vertex -0.9215000000 -3.1271000000 -0.0147000000
			vertex -0.9215000000 -3.0377000000 -0.0147000000
			vertex -0.8436000000 -3.0377000000 -0.0266000000
		endloop
	endfacet
	facet normal 0.0000000000 0.0000000000 0.0000000000
		outer loop
			vertex -0.8436000000 -3.0377000000 -0.0266000000
			vertex -0.9215000000 -3.0377000000 -0.0147000000
			vertex -0.9215000000 -2.9296000000 -0.0147000000
			vertex -0.8436000000 -2.9296000000 -0.0266000000
		endloop
	endfacet
	facet normal 0.0000000000 0.0000000000 0.0000000000
		outer loop
			vertex -0.8436000000 -2.9296000000 -0.0266000000
			vertex -0.9215000000 -2.9296000000 -0.0147000000
			vertex -0.9215000000 -2.8035000000 -0.0147000000
			vertex -0.8436000000 -2.8035000000 -0.0266000000
		endloop
	endfacet
	facet normal 0.0000000000 0.0000000000 0.0000000000
		outer loop
			vertex -0.8436000000 -2.8035000000 -0.0266000000
			vertex -0.9215000000 -2.8035000000 -0.0147000000
			vertex -0.9215000000 -2.6600000000 -0.0147000000
			vertex -0.8436000000 -2.6600000000 -0.0266000000
		endloop
	endfacet
	facet normal 0.0000000000 0.0000000000 0.0000000000
		outer loop
			vertex -0.8436000000 -2.6600000000 -0.0266000000
			vertex -0.9215000000 -2.6600000000 -0.0147000000
			vertex -0.9215000000 -2.5002000000 -0.0147000000
			vertex -0.8436000000 -2.5002000000 -0.0266000000
		endloop
	endfacet
	facet normal 0.0000000000 0.0000000000 0.0000000000
		outer loop
			vertex -0.8436000000 -2.5002000000 -0.0266000000
			vertex -0.9215000000 -2.5002000000 -0.0147000000
			vertex -0.9215000000 -2.3250000000 -0.0147000000
			vertex -0.8436000000 -2.3250000000 -0.0266000000
		endloop
	endfacet
	facet normal 0.0000000000 0.0000000000 0.0000000000
		outer loop
			vertex -0.8436000000 -2.3250000000 -0.0266000000
			vertex -0.9215000000 -2.3250000000 -0.0147000000
			vertex -0.9215000000 -2.1354000000 -0.0147000000
			vertex -0.8436000000 -2.1354000000 -0.0266000000
		endloop
	endfacet
	facet normal 0.0000000000 0.0000000000 0.0000000000
		outer loop
			vertex -0.8436000000 -2.1354000000 -0.0266000000
			vertex -0.9215000000 -2.1354000000 -0.0147000000
			vertex -0.9215000000 -1.9326000000 -0.0147000000
			vertex -0.8436000000 -1.9326000000 -0.0266000000
		endloop
	endfacet
	facet normal 0.0000000000 0.0000000000 0.0000000000
		outer loop
			vertex -0.8436000000 -1.9326000000 -0.0266000000
			vertex -0.9215000000 -1.9326000000 -0.0147000000
			vertex -0.9215000000 -1.7180000000 -0.0147000000
			vertex -0.8436000000 -1.7180000000 -0.0266000000
		endloop
	endfacet
	facet normal 0.0000000000 0.0000000000 0.0000000000
		outer loop
			vertex -0.8436000000 -1.7180000000 -0.0266000000
			vertex -0.9215000000 -1.7180000000 -0.0147000000
			vertex -0.9215000000 -1.4927000000 -0.0147000000
			vertex -0.8436000000 -1.4927000000 -0.0266000000
		endloop
	endfacet
	facet normal 0.0000000000 0.0000000000 0.0000000000
		outer loop
			vertex -0.8436000000 -1.4927000000 -0.0266000000
			vertex -0.9215000000 -1.4927000000 -0.0147000000
			vertex -0.9215000000 -1.2583000000 -0.0147000000
			vertex -0.8436000000 -1.2583000000 -0.0266000000
		endloop
	endfacet
	facet normal 0.0000000000 0.0000000000 0.0000000000
		outer loop
			vertex -0.8436000000 -1.2583000000 -0.0266000000
			vertex -0.9215000000 -1.2583000000 -0.0147000000
			vertex -0.9215000000 -1.0160000000 -0.0147000000
			vertex -0.8436000000 -1.0160000000 -0.0266000000
		endloop
	endfacet
	facet normal 0.0000000000 0.0000000000 0.0000000000
		outer loop
			vertex -0.8436000000 -1.0160000000 -0.0266000000
			vertex -0.9215000000 -1.0160000000 -0.0147000000
			vertex -0.9215000000 -0.7676000000 -0.0147000000
			vertex -0.8436000000 -0.7676000000 -0.0266000000
		endloop
	endfacet
	facet normal 0.0000000000 0.0000000000 0.0000000000
		outer loop
			vertex -0.8436000000 -0.7676000000 -0.0266000000
			vertex -0.9215000000 -0.7676000000 -0.0147000000
			vertex -0.9215000000 -0.5144000000 -0.0147000000
			vertex -0.8436000000 -0.5144000000 -0.0266000000
		endloop
	endfacet
	facet normal 0.0000000000 0.0000000000 0.0000000000
		outer loop
			vertex -0.8436000000 -0.5144000000 -0.0266000000
			vertex -0.9215000000 -0.5144000000 -0.0147000000
			vertex -0.9215000000 -0.2580000000 -0.0147000000
			vertex -0.8436000000 -0.2580000000 -0.0266000000
		endloop
	endfacet
	facet normal 0.0000000000 0.0000000000 0.0000000000
		outer loop
			vertex -0.8436000000 -0.2580000000 -0.0266000000
			vertex -0.9215000000 -0.2580000000 -0.0147000000
			vertex -0.9215000000 0.0000000000 -0.0147000000
			vertex -0.8436000000 0.0000000000 -0.0266000000
		endloop
	endfacet
	facet normal 0.0000000000 0.0000000000 0.0000000000
		outer loop
			vertex -0.8436000000 0.0000000000 -0.0266000000
			vertex -0.9215000000 0.0000000000 -0.0147000000
			vertex -0.9215000000 0.2580000000 -0.0147000000
			vertex -0.8436000000 0.2580000000 -0.0266000000
		endloop
	endfacet
	facet normal 0.0000000000 0.0000000000 0.0000000000
		outer loop
			vertex -0.8436000000 0.2580000000 -0.0266000000
			vertex -0.9215000000 0.2580000000 -0.0147000000
			vertex -0.9215000000 0.5144000000 -0.0147000000
			vertex -0.8436000000 0.5144000000 -0.0266000000
		endloop
	endfacet
	facet normal 0.0000000000 0.0000000000 0.0000000000
		outer loop
			vertex -0.8436000000 0.5144000000 -0.0266000000
			vertex -0.9215000000 0.5144000000 -0.0147000000
			vertex -0.9215000000 0.7676000000 -0.0147000000
			vertex -0.8436000000 0.7676000000 -0.0266000000
		endloop
	endfacet
	facet normal 0.0000000000 0.0000000000 0.0000000000
		outer loop
			vertex -0.8436000000 0.7676000000 -0.0266000000
			vertex -0.9215000000 0.7676000000 -0.0147000000
			vertex -0.9215000000 1.0160000000 -0.0147000000
			vertex -0.8436000000 1.0160000000 -0.0266000000
		endloop
	endfacet
	facet normal 0.0000000000 0.0000000000 0.0000000000
		outer loop
			vertex -0.8436000000 1.0160000000 -0.0266000000
			vertex -0.9215000000 1.0160000000 -0.0147000000
			vertex -0.9215000000 1.2583000000 -0.0147000000
			vertex -0.8436000000 1.2583000000 -0.0266000000
		endloop
	endfacet
	facet normal 0.0000000000 0.0000000000 0.0000000000
		outer loop
			vertex -0.8436000000 1.2583000000 -0.0266000000
			vertex -0.9215000000 1.2583000000 -0.0147000000
			vertex -0.9215000000 1.4927000000 -0.0147000000
			vertex -0.8436000000 1.4927000000 -0.0266000000
		endloop
	endfacet
	facet normal 0.0000000000 0.0000000000 0.0000000000
		outer loop
			vertex -0.8436000000 1.4927000000 -0.0266000000
			vertex -0.9215000000 1.4927000000 -0.0147000000
			vertex -0.9215000000 1.7180000000 -0.0147000000
			vertex -0.8436000000 1.7180000000 -0.0266000000
		endloop
	endfacet
	facet normal 0.0000000000 0.0000000000 0.0000000000
		outer loop
			vertex -0.8436000000 1.7180000000 -0.0266000000
			vertex -0.9215000000 1.7180000000 -0.0147000000
			vertex -0.9215000000 1.9326000000 -0.0147000000
			vertex -0.8436000000 1.9326000000 -0.0266000000
		endloop
	endfacet
	facet normal 0.0000000000 0.0000000000 0.0000000000
		outer loop
			vertex -0.8436000000 1.9326000000 -0.0266000000
			vertex -0.9215000000 1.9326000000 -0.0147000000
			vertex -0.9215000000 2.1354000000 -0.0147000000
			vertex -0.8436000000 2.1354000000 -0.0266000000
		endloop
	endfacet
	facet normal 0.0000000000 0.0000000000 0.0000000000
		outer loop
			vertex -0.8436000000 2.1354000000 -0.0266000000
			vertex -0.9215000000 2.1354000000 -0.0147000000
			vertex -0.9215000000 2.3250000000 -0.0147000000
			vertex -0.8436000000 2.3250000000 -0.0266000000
		endloop
	endfacet
	facet normal 0.0000000000 0.0000000000 0.0000000000
		outer loop
			vertex -0.8436000000 2.3250000000 -0.0266000000
			vertex -0.9215000000 2.3250000000 -0.0147000000
			vertex -0.9215000000 2.5002000000 -0.0147000000
			vertex -0.8436000000 2.5002000000 -0.0266000000
		endloop
	endfacet
	facet normal 0.0000000000 0.0000000000 0.0000000000
		outer loop
			vertex -0.8436000000 2.5002000000 -0.0266000000
			vertex -0.9215000000 2.5002000000 -0.0147000000
			vertex -0.9215000000 2.6600000000 -0.0147000000
			vertex -0.8436000000 2.6600000000 -0.0266000000
		endloop
	endfacet
	facet normal 0.0000000000 0.0000000000 0.0000000000
		outer loop
			vertex -0.8436000000 2.6600000000 -0.0266000000
			vertex -0.9215000000 2.6600000000 -0.0147000000
			vertex -0.9215000000 2.8035000000 -0.0147000000
			vertex -0.8436000000 2.8035000000 -0.0266000000
		endloop
	endfacet
	facet normal 0.0000000000 0.0000000000 0.0000000000
		outer loop
			vertex -0.8436000000 2.8035000000 -0.0266000000
			vertex -0.9215000000 2.8035000000 -0.0147000000
			vertex -0.9215000000 2.9296000000 -0.0147000000
			vertex -0.8436000000 2.9296000000 -0.0266000000
		endloop
	endfacet
	facet normal 0.0000000000 0.0000000000 0.0000000000
		outer loop
			vertex -0.8436000000 2.9296000000 -0.0266000000
			vertex -0.9215000000 2.9296000000 -0.0147000000
			vertex -0.9215000000 3.0377000000 -0.0147000000
			vertex -0.8436000000 3.0377000000 -0.0266000000
		endloop
	endfacet
	facet normal 0.0000000000 0.0000000000 0.0000000000
		outer loop
			vertex -0.8436000000 3.0377000000 -0.0266000000
			vertex -0.9215000000 3.0377000000 -0.0147000000
			vertex -0.9215000000 3.1271000000 -0.0147000000
			vertex -0.8436000000 3.1271000000 -0.0266000000
		endloop
	endfacet
	facet normal 0.0000000000 0.0000000000 0.0000000000
		outer loop
			vertex -0.8436000000 3.1271000000 -0.0266000000
			vertex -0.9215000000 3.1271000000 -0.0147000000
			vertex -0.9215000000 3.1972000000 -0.0147000000
			vertex -0.8436000000 3.1972000000 -0.0266000000
		endloop
	endfacet
	facet normal 0.0000000000 0.0000000000 0.0000000000
		outer loop
			vertex -0.8436000000 3.1972000000 -0.0266000000
			vertex -0.9215000000 3.1972000000 -0.0147000000
			vertex -0.9215000000 3.2475000000 -0.0147000000
			vertex -0.8436000000 3.2475000000 -0.0266000000
		endloop
	endfacet
	facet normal 0.0000000000 0.0000000000 0.0000000000
		outer loop
			vertex -0.8436000000 3.2475000000 -0.0266000000
			vertex -0.9215000000 3.2475000000 -0.0147000000
			vertex -0.9215000000 3.2779000000 -0.0147000000
			vertex -0.8436000000 3.2779000000 -0.0266000000
		endloop
	endfacet
	facet normal 0.0000000000 0.0000000000 0.0000000000
		outer loop
			vertex -0.8436000000 3.2779000000 -0.0266000000
			vertex -0.9215000000 3.2779000000 -0.0147000000
			vertex -0.9215000000 3.2880000000 -0.0147000000
			vertex -0.8436000000 3.2880000000 -0.0266000000
		endloop
	endfacet
	facet normal 0.0000000000 0.0000000000 0.0000000000
		outer loop
			vertex -0.8436000000 3.2880000000 -0.0266000000
			vertex -0.9215000000 3.2880000000 -0.0147000000
			vertex -0.9215000000 3.2880000000 0.0000000000
			vertex -0.8436000000 3.2880000000 0.0000000000
		endloop
	endfacet
	facet normal 0.0000000000 0.0000000000 0.0000000000
		outer loop
			vertex -0.9215000000 -3.2880000000 0.0000000000
			vertex -1.0000000000 -3.2880000000 0.0000000000
			vertex -1.0000000000 -3.2880000000 0.0000000000
			vertex -0.9215000000 -3.2880000000 -0.0147000000
		endloop
	endfacet
	facet normal 0.0000000000 0.0000000000 0.0000000000
		outer loop
			vertex -0.9215000000 -3.2880000000 -0.0147000000
			vertex -1.0000000000 -3.2880000000 0.0000000000
			vertex -1.0000000000 -3.2779000000 0.0000000000
			vertex -0.9215000000 -3.2779000000 -0.0147000000
		endloop
	endfacet
	facet normal 0.0000000000 0.0000000000 0.0000000000
		outer loop
			vertex -0.9215000000 -3.2779000000 -0.0147000000
			vertex -1.0000000000 -3.2779000000 0.0000000000
			vertex -1.0000000000 -3.2475000000 0.0000000000
			vertex -0.9215000000 -3.2475000000 -0.0147000000
		endloop
	endfacet
	facet normal 0.0000000000 0.0000000000 0.0000000000
		outer loop
			vertex -0.9215000000 -3.2475000000 -0.0147000000
			vertex -1.0000000000 -3.2475000000 0.0000000000
			vertex -1.0000000000 -3.1972000000 0.0000000000
			vertex -0.9215000000 -3.1972000000 -0.0147000000
		endloop
	endfacet
	facet normal 0.0000000000 0.0000000000 0.0000000000
		outer loop
			vertex -0.9215000000 -3.1972000000 -0.0147000000
			vertex -1.0000000000 -3.1972000000 0.0000000000
			vertex -1.0000000000 -3.1271000000 0.0000000000
			vertex -0.9215000000 -3.1271000000 -0.0147000000
		endloop
	endfacet
	facet normal 0.0000000000 0.0000000000 0.0000000000
		outer loop
			vertex -0.9215000000 -3.1271000000 -0.0147000000
			vertex -1.0000000000 -3.1271000000 0.0000000000
			vertex -1.0000000000 -3.0377000000 0.0000000000
			vertex -0.9215000000 -3.0377000000 -0.0147000000
		endloop
	endfacet
	facet normal 0.0000000000 0.0000000000 0.0000000000
		outer loop
			vertex -0.9215000000 -3.0377000000 -0.0147000000
			vertex -1.0000000000 -3.0377000000 0.0000000000
			vertex -1.0000000000 -2.9296000000 0.0000000000
			vertex -0.9215000000 -2.9296000000 -0.0147000000
		endloop
	endfacet
	facet normal 0.0000000000 0.0000000000 0.0000000000
		outer loop
			vertex -0.9215000000 -2.9296000000 -0.0147000000
			vertex -1.0000000000 -2.9296000000 0.0000000000
			vertex -1.0000000000 -2.8035000000 0.0000000000
			vertex -0.9215000000 -2.8035000000 -0.0147000000
		endloop
	endfacet
	facet normal 0.0000000000 0.0000000000 0.0000000000
		outer loop
			vertex -0.9215000000 -2.8035000000 -0.0147000000
			vertex -1.0000000000 -2.8035000000 0.0000000000
			vertex -1.0000000000 -2.6600000000 0.0000000000
			vertex -0.9215000000 -2.6600000000 -0.0147000000
		endloop
	endfacet
	facet normal 0.0000000000 0.0000000000 0.0000000000
		outer loop
			vertex -0.9215000000 -2.6600000000 -0.0147000000
			vertex -1.0000000000 -2.6600000000 0.0000000000
			vertex -1.0000000000 -2.5002000000 0.0000000000
			vertex -0.9215000000 -2.5002000000 -0.0147000000
		endloop
	endfacet
	facet normal 0.0000000000 0.0000000000 0.0000000000
		outer loop
			vertex -0.9215000000 -2.5002000000 -0.0147000000
			vertex -1.0000000000 -2.5002000000 0.0000000000
			vertex -1.0000000000 -2.3250000000 0.0000000000
			vertex -0.9215000000 -2.3250000000 -0.0147000000
		endloop
	endfacet
	facet normal 0.0000000000 0.0000000000 0.0000000000
		outer loop
			vertex -0.9215000000 -2.3250000000 -0.0147000000
			vertex -1.0000000000 -2.3250000000 0.0000000000
			vertex -1.0000000000 -2.1354000000 0.0000000000
			vertex -0.9215000000 -2.1354000000 -0.0147000000
		endloop
	endfacet
	facet normal 0.0000000000 0.0000000000 0.0000000000
		outer loop
			vertex -0.9215000000 -2.1354000000 -0.0147000000
			vertex -1.0000000000 -2.1354000000 0.0000000000
			vertex -1.0000000000 -1.9326000000 0.0000000000
			vertex -0.9215000000 -1.9326000000 -0.0147000000
		endloop
	endfacet
	facet normal 0.0000000000 0.0000000000 0.0000000000
		outer loop
			vertex -0.9215000000 -1.9326000000 -0.0147000000
			vertex -1.0000000000 -1.9326000000 0.0000000000
			vertex -1.0000000000 -1.7180000000 0.0000000000
			vertex -0.9215000000 -1.7180000000 -0.0147000000
		endloop
	endfacet
	facet normal 0.0000000000 0.0000000000 0.0000000000
		outer loop
			vertex -0.9215000000 -1.7180000000 -0.0147000000
			vertex -1.0000000000 -1.7180000000 0.0000000000
			vertex -1.0000000000 -1.4927000000 0.0000000000
			vertex -0.9215000000 -1.4927000000 -0.0147000000
		endloop
	endfacet
	facet normal 0.0000000000 0.0000000000 0.0000000000
		outer loop
			vertex -0.9215000000 -1.4927000000 -0.0147000000
			vertex -1.0000000000 -1.4927000000 0.0000000000
			vertex -1.0000000000 -1.2583000000 0.0000000000
			vertex -0.9215000000 -1.2583000000 -0.0147000000
		endloop
	endfacet
	facet normal 0.0000000000 0.0000000000 0.0000000000
		outer loop
			vertex -0.9215000000 -1.2583000000 -0.0147000000
			vertex -1.0000000000 -1.2583000000 0.0000000000
			vertex -1.0000000000 -1.0160000000 0.0000000000
			vertex -0.9215000000 -1.0160000000 -0.0147000000
		endloop
	endfacet
	facet normal 0.0000000000 0.0000000000 0.0000000000
		outer loop
			vertex -0.9215000000 -1.0160000000 -0.0147000000
			vertex -1.0000000000 -1.0160000000 0.0000000000
			vertex -1.0000000000 -0.7676000000 0.0000000000
			vertex -0.9215000000 -0.7676000000 -0.0147000000
		endloop
	endfacet
	facet normal 0.0000000000 0.0000000000 0.0000000000
		outer loop
			vertex -0.9215000000 -0.7676000000 -0.0147000000
			vertex -1.0000000000 -0.7676000000 0.0000000000
			vertex -1.0000000000 -0.5144000000 0.0000000000
			vertex -0.9215000000 -0.5144000000 -0.0147000000
		endloop
	endfacet
	facet normal 0.0000000000 0.0000000000 0.0000000000
		outer loop
			vertex -0.9215000000 -0.5144000000 -0.0147000000
			vertex -1.0000000000 -0.5144000000 0.0000000000
			vertex -1.0000000000 -0.2580000000 0.0000000000
			vertex -0.9215000000 -0.2580000000 -0.0147000000
		endloop
	endfacet
	facet normal 0.0000000000 0.0000000000 0.0000000000
		outer loop
			vertex -0.9215000000 -0.2580000000 -0.0147000000
			vertex -1.0000000000 -0.2580000000 0.0000000000
			vertex -1.0000000000 0.0000000000 0.0000000000
			vertex -0.9215000000 0.0000000000 -0.0147000000
		endloop
	endfacet
	facet normal 0.0000000000 0.0000000000 0.0000000000
		outer loop
			vertex -0.9215000000 0.0000000000 -0.0147000000
			vertex -1.0000000000 0.0000000000 0.0000000000
			vertex -1.0000000000 0.2580000000 0.0000000000
			vertex -0.9215000000 0.2580000000 -0.0147000000
		endloop
	endfacet
	facet normal 0.0000000000 0.0000000000 0.0000000000
		outer loop
			vertex -0.9215000000 0.2580000000 -0.0147000000
			vertex -1.0000000000 0.2580000000 0.0000000000
			vertex -1.0000000000 0.5144000000 0.0000000000
			vertex -0.9215000000 0.5144000000 -0.0147000000
		endloop
	endfacet
	facet normal 0.0000000000 0.0000000000 0.0000000000
		outer loop
			vertex -0.9215000000 0.5144000000 -0.0147000000
			vertex -1.0000000000 0.5144000000 0.0000000000
			vertex -1.0000000000 0.7676000000 0.0000000000
			vertex -0.9215000000 0.7676000000 -0.0147000000
		endloop
	endfacet
	facet normal 0.0000000000 0.0000000000 0.0000000000
		outer loop
			vertex -0.9215000000 0.7676000000 -0.0147000000
			vertex -1.0000000000 0.7676000000 0.0000000000
			vertex -1.0000000000 1.0160000000 0.0000000000
			vertex -0.9215000000 1.0160000000 -0.0147000000
		endloop
	endfacet
	facet normal 0.0000000000 0.0000000000 0.0000000000
		outer loop
			vertex -0.9215000000 1.0160000000 -0.0147000000
			vertex -1.0000000000 1.0160000000 0.0000000000
			vertex -1.0000000000 1.2583000000 0.0000000000
			vertex -0.9215000000 1.2583000000 -0.0147000000
		endloop
	endfacet
	facet normal 0.0000000000 0.0000000000 0.0000000000
		outer loop
			vertex -0.9215000000 1.2583000000 -0.0147000000
			vertex -1.0000000000 1.2583000000 0.0000000000
			vertex -1.0000000000 1.4927000000 0.0000000000
			vertex -0.9215000000 1.4927000000 -0.0147000000
		endloop
	endfacet
	facet normal 0.0000000000 0.0000000000 0.0000000000
		outer loop
			vertex -0.9215000000 1.4927000000 -0.0147000000
			vertex -1.0000000000 1.4927000000 0.0000000000
			vertex -1.0000000000 1.7180000000 0.0000000000
			vertex -0.9215000000 1.7180000000 -0.0147000000
		endloop
	endfacet
	facet normal 0.0000000000 0.0000000000 0.0000000000
		outer loop
			vertex -0.9215000000 1.7180000000 -0.0147000000
			vertex -1.0000000000 1.7180000000 0.0000000000
			vertex -1.0000000000 1.9326000000 0.0000000000
			vertex -0.9215000000 1.9326000000 -0.0147000000
		endloop
	endfacet
	facet normal 0.0000000000 0.0000000000 0.0000000000
		outer loop
			vertex -0.9215000000 1.9326000000 -0.0147000000
			vertex -1.0000000000 1.9326000000 0.0000000000
			vertex -1.0000000000 2.1354000000 0.0000000000
			vertex -0.9215000000 2.1354000000 -0.0147000000
		endloop
	endfacet
	facet normal 0.0000000000 0.0000000000 0.0000000000
		outer loop
			vertex -0.9215000000 2.1354000000 -0.0147000000
			vertex -1.0000000000 2.1354000000 0.0000000000
			vertex -1.0000000000 2.3250000000 0.0000000000
			vertex -0.9215000000 2.3250000000 -0.0147000000
		endloop
	endfacet
	facet normal 0.0000000000 0.0000000000 0.0000000000
		outer loop
			vertex -0.9215000000 2.3250000000 -0.0147000000
			vertex -1.0000000000 2.3250000000 0.0000000000
			vertex -1.0000000000 2.5002000000 0.0000000000
			vertex -0.9215000000 2.5002000000 -0.0147000000
		endloop
	endfacet
	facet normal 0.0000000000 0.0000000000 0.0000000000
		outer loop
			vertex -0.9215000000 2.5002000000 -0.0147000000
			vertex -1.0000000000 2.5002000000 0.0000000000
			vertex -1.0000000000 2.6600000000 0.0000000000
			vertex -0.9215000000 2.6600000000 -0.0147000000
		endloop
	endfacet
	facet normal 0.0000000000 0.0000000000 0.0000000000
		outer loop
			vertex -0.9215000000 2.6600000000 -0.0147000000
			vertex -1.0000000000 2.6600000000 0.0000000000
			vertex -1.0000000000 2.8035000000 0.0000000000
			vertex -0.9215000000 2.8035000000 -0.0147000000
		endloop
	endfacet
	facet normal 0.0000000000 0.0000000000 0.0000000000
		outer loop
			vertex -0.9215000000 2.8035000000 -0.0147000000
			vertex -1.0000000000 2.8035000000 0.0000000000
			vertex -1.0000000000 2.9296000000 0.0000000000
			vertex -0.9215000000 2.9296000000 -0.0147000000
		endloop
	endfacet
	facet normal 0.0000000000 0.0000000000 0.0000000000
		outer loop
			vertex -0.9215000000 2.9296000000 -0.0147000000
			vertex -1.0000000000 2.9296000000 0.0000000000
			vertex -1.0000000000 3.0377000000 0.0000000000
			vertex -0.9215000000 3.0377000000 -0.0147000000
		endloop
	endfacet
	facet normal 0.0000000000 0.0000000000 0.0000000000
		outer loop
			vertex -0.9215000000 3.0377000000 -0.0147000000
			vertex -1.0000000000 3.0377000000 0.0000000000
			vertex -1.0000000000 3.1271000000 0.0000000000
			vertex -0.9215000000 3.1271000000 -0.0147000000
		endloop
	endfacet
	facet normal 0.0000000000 0.0000000000 0.0000000000
		outer loop
			vertex -0.9215000000 3.1271000000 -0.0147000000
			vertex -1.0000000000 3.1271000000 0.0000000000
			vertex -1.0000000000 3.1972000000 0.0000000000
			vertex -0.9215000000 3.1972000000 -0.0147000000
		endloop
	endfacet
	facet normal 0.0000000000 0.0000000000 0.0000000000
		outer loop
			vertex -0.9215000000 3.1972000000 -0.0147000000
			vertex -1.0000000000 3.1972000000 0.0000000000
			vertex -1.0000000000 3.2475000000 0.0000000000
			vertex -0.9215000000 3.2475000000 -0.0147000000
		endloop
	endfacet
	facet normal 0.0000000000 0.0000000000 0.0000000000
		outer loop
			vertex -0.9215000000 3.2475000000 -0.0147000000
			vertex -1.0000000000 3.2475000000 0.0000000000
			vertex -1.0000000000 3.2779000000 0.0000000000
			vertex -0.9215000000 3.2779000000 -0.0147000000
		endloop
	endfacet
	facet normal 0.0000000000 0.0000000000 0.0000000000
		outer loop
			vertex -0.9215000000 3.2779000000 -0.0147000000
			vertex -1.0000000000 3.2779000000 0.0000000000
			vertex -1.0000000000 3.2880000000 0.0000000000
			vertex -0.9215000000 3.2880000000 -0.0147000000
		endloop
	endfacet
	facet normal 0.0000000000 0.0000000000 0.0000000000
		outer loop
			vertex -0.9215000000 3.2880000000 -0.0147000000
			vertex -1.0000000000 3.2880000000 0.0000000000
			vertex -1.0000000000 3.2880000000 0.0000000000
			vertex -0.9215000000 3.2880000000 0.0000000000
		endloop
	endfacet
endsolid naca0015_wing
