$MeshFormat
4.1 0 8
$EndMeshFormat
$Entities
0 0 1 0
0 0 -30 -0.0998440773 2 30 0.1438641799 0 0 
$EndEntities
$Nodes
1 3274 1 3274
2 0 0 3274
1
2
3
4
5
6
7
8
9
10
11
12
13
14
15
16
17
18
19
20
21
22
23
24
25
26
27
28
29
30
31
32
33
34
35
36
37
38
39
40
41
42
43
44
45
46
47
48
49
50
51
52
53
54
55
56
57
58
59
60
61
62
63
64
65
66
67
68
69
70
71
72
73
74
75
76
77
78
79
80
81
82
83
84
85
86
87
88
89
90
91
92
93
94
95
96
97
98
99
100
101
102
103
104
105
106
107
108
109
110
111
112
113
114
115
116
117
118
119
120
121
122
123
124
125
126
127
128
129
130
131
132
133
134
135
136
137
138
139
140
141
142
143
144
145
146
147
148
149
150
151
152
153
154
155
156
157
158
159
160
161
162
163
164
165
166
167
168
169
170
171
172
173
174
175
176
177
178
179
180
181
182
183
184
185
186
187
188
189
190
191
192
193
194
195
196
197
198
199
200
201
202
203
204
205
206
207
208
209
210
211
212
213
214
215
216
217
218
219
220
221
222
223
224
225
226
227
228
229
230
231
232
233
234
235
236
237
238
239
240
241
242
243
244
245
246
247
248
249
250
251
252
253
254
255
256
257
258
259
260
261
262
263
264
265
266
267
268
269
270
271
272
273
274
275
276
277
278
279
280
281
282
283
284
285
286
287
288
289
290
291
292
293
294
295
296
297
298
299
300
301
302
303
304
305
306
307
308
309
310
311
312
313
314
315
316
317
318
319
320
321
322
323
324
325
326
327
328
329
330
331
332
333
334
335
336
337
338
339
340
341
342
343
344
345
346
347
348
349
350
351
352
353
354
355
356
357
358
359
360
361
362
363
364
365
366
367
368
369
370
371
372
373
374
375
376
377
378
379
380
381
382
383
384
385
386
387
388
389
390
391
392
393
394
395
396
397
398
399
400
401
402
403
404
405
406
407
408
409
410
411
412
413
414
415
416
417
418
419
420
421
422
423
424
425
426
427
428
429
430
431
432
433
434
435
436
437
438
439
440
441
442
443
444
445
446
447
448
449
450
451
452
453
454
455
456
457
458
459
460
461
462
463
464
465
466
467
468
469
470
471
472
473
474
475
476
477
478
479
480
481
482
483
484
485
486
487
488
489
490
491
492
493
494
495
496
497
498
499
500
501
502
503
504
505
506
507
508
509
510
511
512
513
514
515
516
517
518
519
520
521
522
523
524
525
526
527
528
529
530
531
532
533
534
535
536
537
538
539
540
541
542
543
544
545
546
547
548
549
550
551
552
553
554
555
556
557
558
559
560
561
562
563
564
565
566
567
568
569
570
571
572
573
574
575
576
577
578
579
580
581
582
583
584
585
586
587
588
589
590
591
592
593
594
595
596
597
598
599
600
601
602
603
604
605
606
607
608
609
610
611
612
613
614
615
616
617
618
619
620
621
622
623
624
625
626
627
628
629
630
631
632
633
634
635
636
637
638
639
640
641
642
643
644
645
646
647
648
649
650
651
652
653
654
655
656
657
658
659
660
661
662
663
664
665
666
667
668
669
670
671
672
673
674
675
676
677
678
679
680
681
682
683
684
685
686
687
688
689
690
691
692
693
694
695
696
697
698
699
700
701
702
703
704
705
706
707
708
709
710
711
712
713
714
715
716
717
718
719
720
721
722
723
724
725
726
727
728
729
730
731
732
733
734
735
736
737
738
739
740
741
742
743
744
745
746
747
748
749
750
751
752
753
754
755
756
757
758
759
760
761
762
763
764
765
766
767
768
769
770
771
772
773
774
775
776
777
778
779
780
781
782
783
784
785
786
787
788
789
790
791
792
793
794
795
796
797
798
799
800
801
802
803
804
805
806
807
808
809
810
811
812
813
814
815
816
817
818
819
820
821
822
823
824
825
826
827
828
829
830
831
832
833
834
835
836
837
838
839
840
841
842
843
844
845
846
847
848
849
850
851
852
853
854
855
856
857
858
859
860
861
862
863
864
865
866
867
868
869
870
871
872
873
874
875
876
877
878
879
880
881
882
883
884
885
886
887
888
889
890
891
892
893
894
895
896
897
898
899
900
901
902
903
904
905
906
907
908
909
910
911
912
913
914
915
916
917
918
919
920
921
922
923
924
925
926
927
928
929
930
931
932
933
934
935
936
937
938
939
940
941
942
943
944
945
946
947
948
949
950
951
952
953
954
955
956
957
958
959
960
961
962
963
964
965
966
967
968
969
970
971
972
973
974
975
976
977
978
979
980
981
982
983
984
985
986
987
988
989
990
991
992
993
994
995
996
997
998
999
1000
1001
1002
1003
1004
1005
1006
1007
1008
1009
1010
1011
1012
1013
1014
1015
1016
1017
1018
1019
1020
1021
1022
1023
1024
1025
1026
1027
1028
1029
1030
1031
1032
1033
1034
1035
1036
1037
1038
1039
1040
1041
1042
1043
1044
1045
1046
1047
1048
1049
1050
1051
1052
1053
1054
1055
1056
1057
1058
1059
1060
1061
1062
1063
1064
1065
1066
1067
1068
1069
1070
1071
1072
1073
1074
1075
1076
1077
1078
1079
1080
1081
1082
1083
1084
1085
1086
1087
1088
1089
1090
1091
1092
1093
1094
1095
1096
1097
1098
1099
1100
1101
1102
1103
1104
1105
1106
1107
1108
1109
1110
1111
1112
1113
1114
1115
1116
1117
1118
1119
1120
1121
1122
1123
1124
1125
1126
1127
1128
1129
1130
1131
1132
1133
1134
1135
1136
1137
1138
1139
1140
1141
1142
1143
1144
1145
1146
1147
1148
1149
1150
1151
1152
1153
1154
1155
1156
1157
1158
1159
1160
1161
1162
1163
1164
1165
1166
1167
1168
1169
1170
1171
1172
1173
1174
1175
1176
1177
1178
1179
1180
1181
1182
1183
1184
1185
1186
1187
1188
1189
1190
1191
1192
1193
1194
1195
1196
1197
1198
1199
1200
1201
1202
1203
1204
1205
1206
1207
1208
1209
1210
1211
1212
1213
1214
1215
1216
1217
1218
1219
1220
1221
1222
1223
1224
1225
1226
1227
1228
1229
1230
1231
1232
1233
1234
1235
1236
1237
1238
1239
1240
1241
1242
1243
1244
1245
1246
1247
1248
1249
1250
1251
1252
1253
1254
1255
1256
1257
1258
1259
1260
1261
1262
1263
1264
1265
1266
1267
1268
1269
1270
1271
1272
1273
1274
1275
1276
1277
1278
1279
1280
1281
1282
1283
1284
1285
1286
1287
1288
1289
1290
1291
1292
1293
1294
1295
1296
1297
1298
1299
1300
1301
1302
1303
1304
1305
1306
1307
1308
1309
1310
1311
1312
1313
1314
1315
1316
1317
1318
1319
1320
1321
1322
1323
1324
1325
1326
1327
1328
1329
1330
1331
1332
1333
1334
1335
1336
1337
1338
1339
1340
1341
1342
1343
1344
1345
1346
1347
1348
1349
1350
1351
1352
1353
1354
1355
1356
1357
1358
1359
1360
1361
1362
1363
1364
1365
1366
1367
1368
1369
1370
1371
1372
1373
1374
1375
1376
1377
1378
1379
1380
1381
1382
1383
1384
1385
1386
1387
1388
1389
1390
1391
1392
1393
1394
1395
1396
1397
1398
1399
1400
1401
1402
1403
1404
1405
1406
1407
1408
1409
1410
1411
1412
1413
1414
1415
1416
1417
1418
1419
1420
1421
1422
1423
1424
1425
1426
1427
1428
1429
1430
1431
1432
1433
1434
1435
1436
1437
1438
1439
1440
1441
1442
1443
1444
1445
1446
1447
1448
1449
1450
1451
1452
1453
1454
1455
1456
1457
1458
1459
1460
1461
1462
1463
1464
1465
1466
1467
1468
1469
1470
1471
1472
1473
1474
1475
1476
1477
1478
1479
1480
1481
1482
1483
1484
1485
1486
1487
1488
1489
1490
1491
1492
1493
1494
1495
1496
1497
1498
1499
1500
1501
1502
1503
1504
1505
1506
1507
1508
1509
1510
1511
1512
1513
1514
1515
1516
1517
1518
1519
1520
1521
1522
1523
1524
1525
1526
1527
1528
1529
1530
1531
1532
1533
1534
1535
1536
1537
1538
1539
1540
1541
1542
1543
1544
1545
1546
1547
1548
1549
1550
1551
1552
1553
1554
1555
1556
1557
1558
1559
1560
1561
1562
1563
1564
1565
1566
1567
1568
1569
1570
1571
1572
1573
1574
1575
1576
1577
1578
1579
1580
1581
1582
1583
1584
1585
1586
1587
1588
1589
1590
1591
1592
1593
1594
1595
1596
1597
1598
1599
1600
1601
1602
1603
1604
1605
1606
1607
1608
1609
1610
1611
1612
1613
1614
1615
1616
1617
1618
1619
1620
1621
1622
1623
1624
1625
1626
1627
1628
1629
1630
1631
1632
1633
1634
1635
1636
1637
1638
1639
1640
1641
1642
1643
1644
1645
1646
1647
1648
1649
1650
1651
1652
1653
1654
1655
1656
1657
1658
1659
1660
1661
1662
1663
1664
1665
1666
1667
1668
1669
1670
1671
1672
1673
1674
1675
1676
1677
1678
1679
1680
1681
1682
1683
1684
1685
1686
1687
1688
1689
1690
1691
1692
1693
1694
1695
1696
1697
1698
1699
1700
1701
1702
1703
1704
1705
1706
1707
1708
1709
1710
1711
1712
1713
1714
1715
1716
1717
1718
1719
1720
1721
1722
1723
1724
1725
1726
1727
1728
1729
1730
1731
1732
1733
1734
1735
1736
1737
1738
1739
1740
1741
1742
1743
1744
1745
1746
1747
1748
1749
1750
1751
1752
1753
1754
1755
1756
1757
1758
1759
1760
1761
1762
1763
1764
1765
1766
1767
1768
1769
1770
1771
1772
1773
1774
1775
1776
1777
1778
1779
1780
1781
1782
1783
1784
1785
1786
1787
1788
1789
1790
1791
1792
1793
1794
1795
1796
1797
1798
1799
1800
1801
1802
1803
1804
1805
1806
1807
1808
1809
1810
1811
1812
1813
1814
1815
1816
1817
1818
1819
1820
1821
1822
1823
1824
1825
1826
1827
1828
1829
1830
1831
1832
1833
1834
1835
1836
1837
1838
1839
1840
1841
1842
1843
1844
1845
1846
1847
1848
1849
1850
1851
1852
1853
1854
1855
1856
1857
1858
1859
1860
1861
1862
1863
1864
1865
1866
1867
1868
1869
1870
1871
1872
1873
1874
1875
1876
1877
1878
1879
1880
1881
1882
1883
1884
1885
1886
1887
1888
1889
1890
1891
1892
1893
1894
1895
1896
1897
1898
1899
1900
1901
1902
1903
1904
1905
1906
1907
1908
1909
1910
1911
1912
1913
1914
1915
1916
1917
1918
1919
1920
1921
1922
1923
1924
1925
1926
1927
1928
1929
1930
1931
1932
1933
1934
1935
1936
1937
1938
1939
1940
1941
1942
1943
1944
1945
1946
1947
1948
1949
1950
1951
1952
1953
1954
1955
1956
1957
1958
1959
1960
1961
1962
1963
1964
1965
1966
1967
1968
1969
1970
1971
1972
1973
1974
1975
1976
1977
1978
1979
1980
1981
1982
1983
1984
1985
1986
1987
1988
1989
1990
1991
1992
1993
1994
1995
1996
1997
1998
1999
2000
2001
2002
2003
2004
2005
2006
2007
2008
2009
2010
2011
2012
2013
2014
2015
2016
2017
2018
2019
2020
2021
2022
2023
2024
2025
2026
2027
2028
2029
2030
2031
2032
2033
2034
2035
2036
2037
2038
2039
2040
2041
2042
2043
2044
2045
2046
2047
2048
2049
2050
2051
2052
2053
2054
2055
2056
2057
2058
2059
2060
2061
2062
2063
2064
2065
2066
2067
2068
2069
2070
2071
2072
2073
2074
2075
2076
2077
2078
2079
2080
2081
2082
2083
2084
2085
2086
2087
2088
2089
2090
2091
2092
2093
2094
2095
2096
2097
2098
2099
2100
2101
2102
2103
2104
2105
2106
2107
2108
2109
2110
2111
2112
2113
2114
2115
2116
2117
2118
2119
2120
2121
2122
2123
2124
2125
2126
2127
2128
2129
2130
2131
2132
2133
2134
2135
2136
2137
2138
2139
2140
2141
2142
2143
2144
2145
2146
2147
2148
2149
2150
2151
2152
2153
2154
2155
2156
2157
2158
2159
2160
2161
2162
2163
2164
2165
2166
2167
2168
2169
2170
2171
2172
2173
2174
2175
2176
2177
2178
2179
2180
2181
2182
2183
2184
2185
2186
2187
2188
2189
2190
2191
2192
2193
2194
2195
2196
2197
2198
2199
2200
2201
2202
2203
2204
2205
2206
2207
2208
2209
2210
2211
2212
2213
2214
2215
2216
2217
2218
2219
2220
2221
2222
2223
2224
2225
2226
2227
2228
2229
2230
2231
2232
2233
2234
2235
2236
2237
2238
2239
2240
2241
2242
2243
2244
2245
2246
2247
2248
2249
2250
2251
2252
2253
2254
2255
2256
2257
2258
2259
2260
2261
2262
2263
2264
2265
2266
2267
2268
2269
2270
2271
2272
2273
2274
2275
2276
2277
2278
2279
2280
2281
2282
2283
2284
2285
2286
2287
2288
2289
2290
2291
2292
2293
2294
2295
2296
2297
2298
2299
2300
2301
2302
2303
2304
2305
2306
2307
2308
2309
2310
2311
2312
2313
2314
2315
2316
2317
2318
2319
2320
2321
2322
2323
2324
2325
2326
2327
2328
2329
2330
2331
2332
2333
2334
2335
2336
2337
2338
2339
2340
2341
2342
2343
2344
2345
2346
2347
2348
2349
2350
2351
2352
2353
2354
2355
2356
2357
2358
2359
2360
2361
2362
2363
2364
2365
2366
2367
2368
2369
2370
2371
2372
2373
2374
2375
2376
2377
2378
2379
2380
2381
2382
2383
2384
2385
2386
2387
2388
2389
2390
2391
2392
2393
2394
2395
2396
2397
2398
2399
2400
2401
2402
2403
2404
2405
2406
2407
2408
2409
2410
2411
2412
2413
2414
2415
2416
2417
2418
2419
2420
2421
2422
2423
2424
2425
2426
2427
2428
2429
2430
2431
2432
2433
2434
2435
2436
2437
2438
2439
2440
2441
2442
2443
2444
2445
2446
2447
2448
2449
2450
2451
2452
2453
2454
2455
2456
2457
2458
2459
2460
2461
2462
2463
2464
2465
2466
2467
2468
2469
2470
2471
2472
2473
2474
2475
2476
2477
2478
2479
2480
2481
2482
2483
2484
2485
2486
2487
2488
2489
2490
2491
2492
2493
2494
2495
2496
2497
2498
2499
2500
2501
2502
2503
2504
2505
2506
2507
2508
2509
2510
2511
2512
2513
2514
2515
2516
2517
2518
2519
2520
2521
2522
2523
2524
2525
2526
2527
2528
2529
2530
2531
2532
2533
2534
2535
2536
2537
2538
2539
2540
2541
2542
2543
2544
2545
2546
2547
2548
2549
2550
2551
2552
2553
2554
2555
2556
2557
2558
2559
2560
2561
2562
2563
2564
2565
2566
2567
2568
2569
2570
2571
2572
2573
2574
2575
2576
2577
2578
2579
2580
2581
2582
2583
2584
2585
2586
2587
2588
2589
2590
2591
2592
2593
2594
2595
2596
2597
2598
2599
2600
2601
2602
2603
2604
2605
2606
2607
2608
2609
2610
2611
2612
2613
2614
2615
2616
2617
2618
2619
2620
2621
2622
2623
2624
2625
2626
2627
2628
2629
2630
2631
2632
2633
2634
2635
2636
2637
2638
2639
2640
2641
2642
2643
2644
2645
2646
2647
2648
2649
2650
2651
2652
2653
2654
2655
2656
2657
2658
2659
2660
2661
2662
2663
2664
2665
2666
2667
2668
2669
2670
2671
2672
2673
2674
2675
2676
2677
2678
2679
2680
2681
2682
2683
2684
2685
2686
2687
2688
2689
2690
2691
2692
2693
2694
2695
2696
2697
2698
2699
2700
2701
2702
2703
2704
2705
2706
2707
2708
2709
2710
2711
2712
2713
2714
2715
2716
2717
2718
2719
2720
2721
2722
2723
2724
2725
2726
2727
2728
2729
2730
2731
2732
2733
2734
2735
2736
2737
2738
2739
2740
2741
2742
2743
2744
2745
2746
2747
2748
2749
2750
2751
2752
2753
2754
2755
2756
2757
2758
2759
2760
2761
2762
2763
2764
2765
2766
2767
2768
2769
2770
2771
2772
2773
2774
2775
2776
2777
2778
2779
2780
2781
2782
2783
2784
2785
2786
2787
2788
2789
2790
2791
2792
2793
2794
2795
2796
2797
2798
2799
2800
2801
2802
2803
2804
2805
2806
2807
2808
2809
2810
2811
2812
2813
2814
2815
2816
2817
2818
2819
2820
2821
2822
2823
2824
2825
2826
2827
2828
2829
2830
2831
2832
2833
2834
2835
2836
2837
2838
2839
2840
2841
2842
2843
2844
2845
2846
2847
2848
2849
2850
2851
2852
2853
2854
2855
2856
2857
2858
2859
2860
2861
2862
2863
2864
2865
2866
2867
2868
2869
2870
2871
2872
2873
2874
2875
2876
2877
2878
2879
2880
2881
2882
2883
2884
2885
2886
2887
2888
2889
2890
2891
2892
2893
2894
2895
2896
2897
2898
2899
2900
2901
2902
2903
2904
2905
2906
2907
2908
2909
2910
2911
2912
2913
2914
2915
2916
2917
2918
2919
2920
2921
2922
2923
2924
2925
2926
2927
2928
2929
2930
2931
2932
2933
2934
2935
2936
2937
2938
2939
2940
2941
2942
2943
2944
2945
2946
2947
2948
2949
2950
2951
2952
2953
2954
2955
2956
2957
2958
2959
2960
2961
2962
2963
2964
2965
2966
2967
2968
2969
2970
2971
2972
2973
2974
2975
2976
2977
2978
2979
2980
2981
2982
2983
2984
2985
2986
2987
2988
2989
2990
2991
2992
2993
2994
2995
2996
2997
2998
2999
3000
3001
3002
3003
3004
3005
3006
3007
3008
3009
3010
3011
3012
3013
3014
3015
3016
3017
3018
3019
3020
3021
3022
3023
3024
3025
3026
3027
3028
3029
3030
3031
3032
3033
3034
3035
3036
3037
3038
3039
3040
3041
3042
3043
3044
3045
3046
3047
3048
3049
3050
3051
3052
3053
3054
3055
3056
3057
3058
3059
3060
3061
3062
3063
3064
3065
3066
3067
3068
3069
3070
3071
3072
3073
3074
3075
3076
3077
3078
3079
3080
3081
3082
3083
3084
3085
3086
3087
3088
3089
3090
3091
3092
3093
3094
3095
3096
3097
3098
3099
3100
3101
3102
3103
3104
3105
3106
3107
3108
3109
3110
3111
3112
3113
3114
3115
3116
3117
3118
3119
3120
3121
3122
3123
3124
3125
3126
3127
3128
3129
3130
3131
3132
3133
3134
3135
3136
3137
3138
3139
3140
3141
3142
3143
3144
3145
3146
3147
3148
3149
3150
3151
3152
3153
3154
3155
3156
3157
3158
3159
3160
3161
3162
3163
3164
3165
3166
3167
3168
3169
3170
3171
3172
3173
3174
3175
3176
3177
3178
3179
3180
3181
3182
3183
3184
3185
3186
3187
3188
3189
3190
3191
3192
3193
3194
3195
3196
3197
3198
3199
3200
3201
3202
3203
3204
3205
3206
3207
3208
3209
3210
3211
3212
3213
3214
3215
3216
3217
3218
3219
3220
3221
3222
3223
3224
3225
3226
3227
3228
3229
3230
3231
3232
3233
3234
3235
3236
3237
3238
3239
3240
3241
3242
3243
3244
3245
3246
3247
3248
3249
3250
3251
3252
3253
3254
3255
3256
3257
3258
3259
3260
3261
3262
3263
3264
3265
3266
3267
3268
3269
3270
3271
3272
3273
3274
2 0 0
1.9707157723 0 -0.0035730139
2 0.7692307692 0
1.9707133873 0.7692307692 -0.0035688084
1.9314496745 0 -0.0082686003
1.9314441492 0.7692307692 -0.00825913
1.8794206192 0 -0.0143255506
1.8794110293 0.7692307692 -0.0143097531
1.8115548535 0 -0.0219512278
1.8115401164 0.7692307692 -0.0219282624
1.7248249882 0 -0.0312595001
1.724803904 0.7692307692 -0.0312291073
1.6168412433 0 -0.0421793231
1.6168125829 0.7692307692 -0.0421423466
1.486676934 0 -0.0543422476
1.4866395777 0.7692307692 -0.0543013239
1.3357598603 0 -0.0670117492
1.3357129565 0.7692307692 -0.0669719959
1.1684673593 0 -0.0790373566
1.1684104586 0.7692307692 -0.07900687250000001
0.9920101061 0 -0.08895661000000001
0.9919431757 0.7692307692 -0.0889469161
0.8153118268 0.7692307692 -0.09530360929999999
0.8153886093 0 -0.0952781691
0.6475898072 0.7692307692 -0.0969481596
0.6476764833 0 -0.0968719512
0.496179755 0.7692307692 -0.0934641111
0.4962770778 0 -0.09332239489999999
0.3657097627 0.7692307692 -0.0852294223
0.3658194363 0 -0.08501133900000001
0.2577250637 0.7692307692 -0.0742909123
0.2578463635 0 -0.0740201712
0.171198395 0.7692307692 -0.063227247
0.1713229231 0 -0.0629725518
0.103814346 0.7692307692 -0.0521476946
0.1039300209 0 -0.0519634254
0.0529759588 0.7692307692 -0.0396498873
0.0530710282 0 -0.0395510823
0.017201837 0.7692307692 -0.0231399656
0.0172690612 0 -0.0231030475
0 0.7692307692 0
0 0 0
0.0060916297 0 0.0285723693
0.0063110063 0.7692307692 0.0284690483
0.0341773755 0 0.0570418597
0.0345667587 0.7692307692 0.0566921833
0.0802983993 0 0.0835263909
0.08078866329999999 0.7692307692 0.08290135329999999
0.1454939699 0 0.1073041876
0.1460317226 0.7692307692 0.1064221742
0.2320859494 0 0.1263613788
0.2326251731 0.7692307692 0.1252900376
0.3417584688 0 0.1385605451
0.3422657431 0.7692307692 0.1374055718
0.4745994359 0 0.1438641799
0.4750579501 0.7692307692 0.1427099529
0.6286186516 0 0.1431970573
0.6290206379 0.7692307692 0.1420854424
0.7990635128 0 0.1364702145
0.7994053225 0.7692307692 0.1354394485
0.9784050924 0 0.1244150973
0.9786870085 0.7692307692 0.1234962115
1.1576765818 0.7692307692 0.1077555238
1.1574510121 0 0.1085425513
1.3272768054 0.7692307692 0.0900882125
1.3271017052 0 0.0907362874
1.4802111592 0.7692307692 0.07225624899999999
1.4800793466 0 0.0727696707
1.6120717355 0.7692307692 0.0555978165
1.6119756367 0 0.0559888844
1.721433576 0.7692307692 0.0409234543
1.7213659674 0 0.0412089615
1.8092514776 0.7692307692 0.0285844198
1.8092059874 0 0.0287825472
1.8779566345 0.7692307692 0.0185777153
1.8779279508 0 0.0187058276
1.9306217846 0.7692307692 0.0106894814
1.9306056688 0 0.0107629083
1.9703635451 0.7692307692 0.0046083442
1.9703567237 0 0.0046399059
2 1.5384615385 0
1.9707110023 1.5384615385 -0.0035646028
1.9314386238 1.5384615385 -0.008249659600000001
1.8794014395 1.5384615385 -0.0142939556
1.8115253793 1.5384615385 -0.0219052971
1.7247828198 1.5384615385 -0.0311987144
1.6167839226 1.5384615385 -0.0421053701
1.4866022214 1.5384615385 -0.0542604001
1.3356660527 1.5384615385 -0.0669322425
1.1683535579 1.5384615385 -0.07897638849999999
0.9918762452 1.5384615385 -0.08893722229999999
0.8152350443 1.5384615385 -0.09532904959999999
0.6475031311 1.5384615385 -0.09702436790000001
0.4960824323 1.5384615385 -0.09360582739999999
0.3656000891 1.5384615385 -0.0854475056
0.257603764 1.5384615385 -0.0745616533
0.1710738668 1.5384615385 -0.0634819422
0.103698671 1.5384615385 -0.0523319638
0.0528808893 1.5384615385 -0.0397486924
0.0171346129 1.5384615385 -0.0231768836
0 1.5384615385 0
0.006530383 1.5384615385 0.0283657274
0.0349561419 1.5384615385 0.0563425069
0.08127892740000001 1.5384615385 0.08227631570000001
0.1465694753 1.5384615385 0.1055401608
0.2331643967 1.5384615385 0.1242186964
0.3427730174 1.5384615385 0.1362505985
0.4755164643 1.5384615385 0.141555726
0.6294226241 1.5384615385 0.1409738275
0.7997471322 1.5384615385 0.1344086825
0.9789689244999999 1.5384615385 0.1225773257
1.1579021516 1.5384615385 0.1069684963
1.3274519056 1.5384615385 0.08944013770000001
1.4803429718 1.5384615385 0.0717428272
1.6121678343 1.5384615385 0.0552067486
1.7215011847 1.5384615385 0.0406379471
1.8092969678 1.5384615385 0.0283862923
1.8779853182 1.5384615385 0.0184496029
1.9306379004 1.5384615385 0.0106160545
1.9703703664 1.5384615385 0.0045767825
2 2.3076923077 0
1.9707086173 2.3076923077 -0.0035603973
1.9314330984 2.3076923077 -0.008240189300000001
1.8793918496 2.3076923077 -0.0142781581
1.8115106421 2.3076923077 -0.0218823317
1.7247617356 2.3076923077 -0.0311683216
1.6167552622 2.3076923077 -0.0420683935
1.4865648651 2.3076923077 -0.0542194764
1.335619149 2.3076923077 -0.0668924892
1.1682966572 2.3076923077 -0.0789459045
0.9918093148 2.3076923077 -0.0889275284
0.8151582618 2.3076923077 -0.09535448990000001
0.647416455 2.3076923077 -0.0971005763
0.4959851095 2.3076923077 -0.0937475436
0.3654904155 2.3076923077 -0.0856655888
0.2574824642 2.3076923077 -0.0748323944
0.1709493387 2.3076923077 -0.0637366374
0.103582996 2.3076923077 -0.0525162331
0.0527858199 2.3076923077 -0.0398474975
0.0170673888 2.3076923077 -0.0232138017
0 2.3076923077 0
0.0067497597 2.3076923077 0.0282624064
0.035345525 2.3076923077 0.0559928305
0.0817691914 2.3076923077 0.0816512782
0.147107228 2.3076923077 0.1046581474
0.2337036204 2.3076923077 0.1231473553
0.3432802917 2.3076923077 0.1350956252
0.4759749785 2.3076923077 0.140401499
0.6298246103 2.3076923077 0.1398622126
0.800088942 2.3076923077 0.1333779165
0.9792508406 2.3076923077 0.1216584398
1.1581277213 2.3076923077 0.1061814688
1.3276270058 2.3076923077 0.0887920629
1.4804747844 2.3076923077 0.0712294054
1.6122639331 2.3076923077 0.0548156808
1.7215687934 2.3076923077 0.0403524398
1.8093424581 2.3076923077 0.0281881649
1.8780140018 2.3076923077 0.0183214906
1.9306540162 2.3076923077 0.0105426275
1.9703771878 2.3076923077 0.0045452207
2 3.0769230769 0
1.9707062323 3.0769230769 -0.0035561917
1.931427573 3.0769230769 -0.008230718999999999
1.8793822597 3.0769230769 -0.0142623606
1.811495905 3.0769230769 -0.0218593663
1.7247406515 3.0769230769 -0.0311379288
1.6167266019 3.0769230769 -0.042031417
1.4865275088 3.0769230769 -0.0541785526
1.3355722452 3.0769230769 -0.0668527359
1.1682397565 3.0769230769 -0.0789154205
0.9917423842999999 3.0769230769 -0.0889178346
0.8150814794 3.0769230769 -0.0953799302
0.6473297789 3.0769230769 -0.0971767846
0.4958877868 3.0769230769 -0.09388925989999999
0.3653807419 3.0769230769 -0.0858836721
0.2573611645 3.0769230769 -0.0751031355
0.1708248105 3.0769230769 -0.06399133260000001
0.1034673211 3.0769230769 -0.0527005023
0.0526907504 3.0769230769 -0.0399463025
0.0170001646 3.0769230769 -0.0232507198
0 3.0769230769 0
0.0069691363 3.0769230769 0.0281590854
0.0357349082 3.0769230769 0.0556431541
0.0822594554 3.0769230769 0.08102624059999999
0.1476449807 3.0769230769 0.103776134
0.2342428441 3.0769230769 0.1220760141
0.343787566 3.0769230769 0.1339406519
0.4764334928 3.0769230769 0.139247272
0.6302265966 3.0769230769 0.1387505978
0.8004307517 3.0769230769 0.1323471505
0.9795327566000001 3.0769230769 0.120739554
1.1583532911 3.0769230769 0.1053944413
1.3278021059 3.0769230769 0.0881439881
1.480606597 3.0769230769 0.0707159836
1.6123600318 3.0769230769 0.0544246129
1.721636402 3.0769230769 0.0400669326
1.8093879483 3.0769230769 0.0279900375
1.8780426855 3.0769230769 0.0181933783
1.930670132 3.0769230769 0.0104692006
1.9703840092 3.0769230769 0.004513659
2 3.8461538462 0
1.9707038473 3.8461538462 -0.0035519862
1.9314220477 3.8461538462 -0.008221248699999999
1.8793726698 3.8461538462 -0.014246563
1.8114811679 3.8461538462 -0.0218364009
1.7247195673 3.8461538462 -0.0311075359
1.6166979415 3.8461538462 -0.0419944404
1.4864901525 3.8461538462 -0.0541376289
1.3355253414 3.8461538462 -0.0668129826
1.1681828559 3.8461538462 -0.07888493639999999
0.9916754538 3.8461538462 -0.0889081407
0.8150046969 3.8461538462 -0.09540537039999999
0.6472431028 3.8461538462 -0.097252993
0.4957904641 3.8461538462 -0.0940309761
0.3652710683 3.8461538462 -0.08610175539999999
0.2572398647 3.8461538462 -0.0753738766
0.1707002823 3.8461538462 -0.06424602779999999
0.1033516461 3.8461538462 -0.0528847715
0.0525956809 3.8461538462 -0.0400451076
0.0169329405 3.8461538462 -0.0232876378
0 3.8461538462 0
0.007188513 3.8461538462 0.0280557645
0.0361242914 3.8461538462 0.0552934777
0.0827497195 3.8461538462 0.080401203
0.1481827333 3.8461538462 0.1028941206
0.2347820678 3.8461538462 0.1210046729
0.3442948402 3.8461538462 0.1327856786
0.476892007 3.8461538462 0.1380930451
0.6306285828 3.8461538462 0.1376389829
0.8007725614 3.8461538462 0.1313163844
0.9798146727 3.8461538462 0.1198206681
1.1585788609 3.8461538462 0.1046074139
1.3279772061 3.8461538462 0.08749591330000001
1.4807384096 3.8461538462 0.0702025619
1.6124561306 3.8461538462 0.0540335451
1.7217040107 3.8461538462 0.0397814254
1.8094334385 3.8461538462 0.0277919101
1.8780713692 3.8461538462 0.018065266
1.9306862478 3.8461538462 0.0103957737
1.9703908306 3.8461538462 0.0044820972
2 4.6153846154 0
1.9707014623 4.6153846154 -0.0035477807
1.9314165223 4.6153846154 -0.0082117784
1.87936308 4.6153846154 -0.0142307655
1.8114664308 4.6153846154 -0.0218134355
1.7246984831 4.6153846154 -0.0310771431
1.6166692811 4.6153846154 -0.0419574639
1.4864527962 4.6153846154 -0.0540967051
1.3354784376 4.6153846154 -0.06677322920000001
1.1681259552 4.6153846154 -0.0788544524
0.9916085234000001 4.6153846154 -0.0888984468
0.8149279144 4.6153846154 -0.09543081069999999
0.6471564265999999 4.6153846154 -0.0973292014
0.4956931413 4.6153846154 -0.0941726923
0.3651613947 4.6153846154 -0.0863198386
0.257118565 4.6153846154 -0.07564461760000001
0.1705757542 4.6153846154 -0.064500723
0.1032359711 4.6153846154 -0.0530690407
0.0525006115 4.6153846154 -0.0401439126
0.0168657163 4.6153846154 -0.0233245559
0 4.6153846154 0
0.0074078897 4.6153846154 0.0279524435
0.0365136746 4.6153846154 0.0549438012
0.0832399835 4.6153846154 0.0797761654
0.148720486 4.6153846154 0.1020121072
0.2353212915 4.6153846154 0.1199333318
0.3448021145 4.6153846154 0.1316307053
0.4773505212 4.6153846154 0.1369388181
0.631030569 4.6153846154 0.136527368
0.8011143710999999 4.6153846154 0.1302856184
0.9800965887 4.6153846154 0.1189017823
1.1588044306 4.6153846154 0.1038203864
1.3281523063 4.6153846154 0.0868478385
1.4808702222 4.6153846154 0.0696891401
1.6125522294 4.6153846154 0.0536424772
1.7217716193 4.6153846154 0.0394959182
1.8094789287 4.6153846154 0.0275937826
1.8781000529 4.6153846154 0.0179371537
1.9307023636 4.6153846154 0.0103223467
1.970397652 4.6153846154 0.0044505355
2 5.3846153846 0
1.9706990774 5.3846153846 -0.0035435751
1.9314109969 5.3846153846 -0.0082023081
1.8793534901 5.3846153846 -0.014214968
1.8114516936 5.3846153846 -0.0217904701
1.7246773989 5.3846153846 -0.0310467503
1.6166406208 5.3846153846 -0.0419204873
1.4864154398 5.3846153846 -0.0540557814
1.3354315338 5.3846153846 -0.06673347590000001
1.1680690545 5.3846153846 -0.0788239684
0.9915415929 5.3846153846 -0.088888753
0.8148511319 5.3846153846 -0.09545625100000001
0.6470697505 5.3846153846 -0.0974054097
0.4955958186 5.3846153846 -0.0943144086
0.3650517211 5.3846153846 -0.08653792189999999
0.2569972652 5.3846153846 -0.0759153587
0.170451226 5.3846153846 -0.0647554182
0.1031202961 5.3846153846 -0.0532533099
0.052405542 5.3846153846 -0.0402427177
0.0167984922 5.3846153846 -0.0233614739
0 5.3846153846 0
0.0076272663 5.3846153846 0.0278491225
0.0369030577 5.3846153846 0.0545941248
0.0837302476 5.3846153846 0.0791511278
0.1492582387 5.3846153846 0.1011300938
0.2358605152 5.3846153846 0.1188619906
0.3453093888 5.3846153846 0.130475732
0.4778090355 5.3846153846 0.1357845911
0.6314325553 5.3846153846 0.1354157532
0.8014561809 5.3846153846 0.1292548524
0.9803785048 5.3846153846 0.1179828964
1.1590300004 5.3846153846 0.1030333589
1.3283274065 5.3846153846 0.08619976360000001
1.4810020348 5.3846153846 0.06917571829999999
1.6126483282 5.3846153846 0.0532514094
1.721839228 5.3846153846 0.0392104109
1.8095244189 5.3846153846 0.0273956552
1.8781287365 5.3846153846 0.0178090414
1.9307184794 5.3846153846 0.0102489198
1.9704044734 5.3846153846 0.0044189737
2 6.1538461538 0
1.9706966924 6.1538461538 -0.0035393696
1.9314054715 6.1538461538 -0.0081928378
1.8793439002 6.1538461538 -0.0141991705
1.8114369565 6.1538461538 -0.0217675047
1.7246563147 6.1538461538 -0.0310163574
1.6166119604 6.1538461538 -0.0418835108
1.4863780835 6.1538461538 -0.0540148576
1.33538463 6.1538461538 -0.0666937226
1.1680121538 6.1538461538 -0.07879348429999999
0.9914746625 6.1538461538 -0.0888790591
0.8147743494 6.1538461538 -0.0954816913
0.6469830744 6.1538461538 -0.0974816181
0.4954984958 6.1538461538 -0.0944561248
0.3649420475 6.1538461538 -0.0867560052
0.2568759655 6.1538461538 -0.0761860998
0.1703266978 6.1538461538 -0.0650101134
0.1030046212 6.1538461538 -0.0534375792
0.0523104726 6.1538461538 -0.0403415228
0.016731268 6.1538461538 -0.023398392
0 6.1538461538 0
0.007846643 6.1538461538 0.0277458016
0.0372924409 6.1538461538 0.0542444484
0.08422051160000001 6.1538461538 0.0785260902
0.1497959914 6.1538461538 0.1002480804
0.2363997388 6.1538461538 0.1177906494
0.3458166631 6.1538461538 0.1293207587
0.4782675497 6.1538461538 0.1346303642
0.6318345415 6.1538461538 0.1343041383
0.8017979906 6.1538461538 0.1282240864
0.9806604208 6.1538461538 0.1170640106
1.1592555702 6.1538461538 0.1022463314
1.3285025067 6.1538461538 0.0855516888
1.4811338474 6.1538461538 0.0686622965
1.612744427 6.1538461538 0.0528603415
1.7219068366 6.1538461538 0.0389249037
1.8095699091 6.1538461538 0.0271975278
1.8781574202 6.1538461538 0.0176809291
1.9307345952 6.1538461538 0.0101754929
1.9704112948 6.1538461538 0.004387412
2 6.9230769231 0
1.9706943074 6.9230769231 -0.003535164
1.9313999462 6.9230769231 -0.0081833675
1.8793343103 6.9230769231 -0.014183373
1.8114222194 6.9230769231 -0.0217445393
1.7246352305 6.9230769231 -0.0309859646
1.6165833001 6.9230769231 -0.0418465342
1.4863407272 6.9230769231 -0.0539739339
1.3353377262 6.9230769231 -0.0666539693
1.1679552532 6.9230769231 -0.0787630003
0.991407732 6.9230769231 -0.08886936519999999
0.8146975668999999 6.9230769231 -0.09550713149999999
0.6468963983 6.9230769231 -0.09755782640000001
0.4954011731 6.9230769231 -0.0945978411
0.3648323739 6.9230769231 -0.0869740884
0.2567546657 6.9230769231 -0.0764568409
0.1702021697 6.9230769231 -0.0652648086
0.1028889462 6.9230769231 -0.0536218484
0.0522154031 6.9230769231 -0.0404403278
0.0166640439 6.9230769231 -0.02343531
0 6.9230769231 0
0.0080660197 6.9230769231 0.0276424806
0.0376818241 6.9230769231 0.053894772
0.0847107757 6.9230769231 0.07790105260000001
0.1503337441 6.9230769231 0.099366067
0.2369389625 6.9230769231 0.1167193083
0.3463239374 6.9230769231 0.1281657854
0.4787260639 6.9230769231 0.1334761372
0.6322365277000001 6.9230769231 0.1331925234
0.8021398003 6.9230769231 0.1271933203
0.9809423369 6.9230769231 0.1161451247
1.1594811399 6.9230769231 0.1014593039
1.3286776069 6.9230769231 0.084903614
1.48126566 6.9230769231 0.0681488747
1.6128405258 6.9230769231 0.0524692736
1.7219744453 6.9230769231 0.0386393965
1.8096153993 6.9230769231 0.0269994003
1.8781861039 6.9230769231 0.0175528168
1.930750711 6.9230769231 0.010102066
1.9704181161 6.9230769231 0.0043558502
2 7.6923076923 0
1.9706919224 7.6923076923 -0.0035309585
1.9313944208 7.6923076923 -0.0081738972
1.8793247204 7.6923076923 -0.0141675754
1.8114074823 7.6923076923 -0.0217215739
1.7246141463 7.6923076923 -0.0309555718
1.6165546397 7.6923076923 -0.0418095577
1.4863033709 7.6923076923 -0.0539330101
1.3352908224 7.6923076923 -0.0666142159
1.1678983525 7.6923076923 -0.0787325163
0.9913408016 7.6923076923 -0.08885967140000001
0.8146207844 7.6923076923 -0.09553257179999999
0.6468097222 7.6923076923 -0.09763403480000001
0.4953038503 7.6923076923 -0.0947395573
0.3647227003 7.6923076923 -0.0871921717
0.2566333659 7.6923076923 -0.076727582
0.1700776415 7.6923076923 -0.0655195038
0.1027732712 7.6923076923 -0.0538061176
0.0521203336 7.6923076923 -0.0405391329
0.0165968198 7.6923076923 -0.0234722281
0 7.6923076923 0
0.008285396299999999 7.6923076923 0.0275391596
0.0380712073 7.6923076923 0.0535450956
0.08520103969999999 7.6923076923 0.077276015
0.1508714968 7.6923076923 0.0984840535
0.2374781862 7.6923076923 0.1156479671
0.3468312116 7.6923076923 0.1270108121
0.4791845781 7.6923076923 0.1323219102
0.632638514 7.6923076923 0.1320809085
0.8024816101 7.6923076923 0.1261625543
0.9812242529 7.6923076923 0.1152262389
1.1597067097 7.6923076923 0.1006722765
1.328852707 7.6923076923 0.08425553919999999
1.4813974726 7.6923076923 0.067635453
1.6129366246 7.6923076923 0.0520782058
1.7220420539 7.6923076923 0.0383538892
1.8096608895 7.6923076923 0.0268012729
1.8782147875 7.6923076923 0.0174247044
1.9307668268 7.6923076923 0.010028639
1.9704249375 7.6923076923 0.0043242885
2 8.4615384615 0
1.9706895374 8.4615384615 -0.003526753
1.9313888954 8.4615384615 -0.008164426799999999
1.8793151306 8.4615384615 -0.0141517779
1.8113927452 8.4615384615 -0.0216986085
1.7245930622 8.4615384615 -0.0309251789
1.6165259794 8.4615384615 -0.0417725812
1.4862660146 8.4615384615 -0.0538920864
1.3352439186 8.4615384615 -0.0665744626
1.1678414518 8.4615384615 -0.0787020323
0.9912738711 8.4615384615 -0.0888499775
0.8145440019 8.4615384615 -0.09555801210000001
0.6467230461 8.4615384615 -0.0977102432
0.4952065276 8.4615384615 -0.0948812735
0.3646130267 8.4615384615 -0.08741025500000001
0.2565120662 8.4615384615 -0.07699832299999999
0.1699531133 8.4615384615 -0.0657741991
0.1026575963 8.4615384615 -0.0539903868
0.0520252642 8.4615384615 -0.0406379379
0.0165295956 8.4615384615 -0.0235091461
0 8.4615384615 0
0.008504773 8.4615384615 0.0274358387
0.0384605904 8.4615384615 0.0531954192
0.08569130379999999 8.4615384615 0.07665097749999999
0.1514092495 8.4615384615 0.0976020401
0.2380174099 8.4615384615 0.1145766259
0.3473384859 8.4615384615 0.1258558388
0.4796430924 8.4615384615 0.1311676833
0.6330405002 8.4615384615 0.1309692937
0.8028234198 8.4615384615 0.1251317883
0.981506169 8.4615384615 0.114307353
1.1599322794 8.4615384615 0.099885249
1.3290278072 8.4615384615 0.0836074644
1.4815292852 8.4615384615 0.0671220312
1.6130327234 8.4615384615 0.0516871379
1.7221096626 8.4615384615 0.038068382
1.8097063798 8.4615384615 0.0266031455
1.8782434712 8.4615384615 0.0172965921
1.9307829426 8.4615384615 0.009955212099999999
1.9704317589 8.4615384615 0.0042927268
2 9.2307692308 0
1.9706871524 9.2307692308 -0.0035225474
1.93138337 9.2307692308 -0.008154956499999999
1.8793055407 9.2307692308 -0.0141359804
1.811378008 9.2307692308 -0.0216756431
1.724571978 9.2307692308 -0.0308947861
1.616497319 9.2307692308 -0.0417356046
1.4862286583 9.2307692308 -0.0538511626
1.3351970148 9.2307692308 -0.06653470929999999
1.1677845511 9.2307692308 -0.0786715482
0.9912069407 9.2307692308 -0.08884028369999999
0.8144672194 9.2307692308 -0.0955834523
0.6466363699 9.2307692308 -0.0977864515
0.4951092049 9.2307692308 -0.0950229898
0.3645033531 9.2307692308 -0.0876283382
0.2563907664 9.2307692308 -0.07726906410000001
0.1698285852 9.2307692308 -0.0660288943
0.1025419213 9.2307692308 -0.054174656
0.0519301947 9.2307692308 -0.040736743
0.0164623715 9.2307692308 -0.0235460642
0 9.2307692308 0
0.008724149699999999 9.2307692308 0.0273325177
0.0388499736 9.2307692308 0.0528457428
0.0861815678 9.2307692308 0.07602593990000001
0.1519470022 9.2307692308 0.0967200267
0.2385566336 9.2307692308 0.1135052847
0.3478457602 9.2307692308 0.1247008655
0.4801016066 9.2307692308 0.1300134563
0.6334424864 9.2307692308 0.1298576788
0.8031652295 9.2307692308 0.1241010223
0.981788085 9.2307692308 0.1133884672
1.1601578492 9.2307692308 0.0990982215
1.3292029074 9.2307692308 0.0829593896
1.4816610978 9.2307692308 0.0666086094
1.6131288221 9.2307692308 0.0512960701
1.7221772712 9.2307692308 0.0377828748
1.80975187 9.2307692308 0.0264050181
1.8782721549 9.2307692308 0.0171684798
1.9307990584 9.2307692308 0.0098817852
1.9704385803 9.2307692308 0.004261165
2 10 0
1.9706847674 10 -0.0035183419
1.9313778447 10 -0.0081454862
1.8792959508 10 -0.0141201829
1.8113632709 10 -0.0216526777
1.7245508938 10 -0.0308643933
1.6164686586 10 -0.0416986281
1.486191302 10 -0.0538102389
1.335150111 10 -0.0664949559
1.1677276504 10 -0.0786410642
0.9911400102 10 -0.0888305898
0.8143904369 10 -0.0956088926
0.6465496938 10 -0.0978626599
0.4950118821 10 -0.095164706
0.3643936795 10 -0.08784642149999999
0.2562694667 10 -0.07753980520000001
0.169704057 10 -0.0662835895
0.1024262463 10 -0.0543589253
0.0518351253 10 -0.0408355481
0.0163951473 10 -0.0235829822
0 10 0
0.008943526300000001 10 0.0272291967
0.0392393568 10 0.0524960664
0.0866718319 10 0.0754009023
0.1524847549 10 0.0958380133
0.2390958573 10 0.1124339436
0.3483530345 10 0.1235458922
0.4805601208 10 0.1288592293
0.6338444727 10 0.1287460639
0.8035070392 10 0.1230702563
0.9820700011 10 0.1124695813
1.160383419 10 0.098311194
1.3293780076 10 0.0823113147
1.4817929104 10 0.06609518759999999
1.6132249209 10 0.0509050022
1.7222448799 10 0.0374973676
1.8097973602 10 0.0262068906
1.8783008386 10 0.0170403675
1.9308151742 10 0.009808358200000001
1.9704454017 10 0.0042296033
2 10.7692307692 0
1.9706823824 10.7692307692 -0.0035141364
1.9313723193 10.7692307692 -0.0081360159
1.8792863609 10.7692307692 -0.0141043854
1.8113485338 10.7692307692 -0.0216297123
1.7245298096 10.7692307692 -0.0308340004
1.6164399983 10.7692307692 -0.0416616515
1.4861539457 10.7692307692 -0.0537693151
1.3351032072 10.7692307692 -0.0664552026
1.1676707498 10.7692307692 -0.0786105802
0.9910730797 10.7692307692 -0.0888208959
0.8143136545 10.7692307692 -0.09563433289999999
0.6464630177 10.7692307692 -0.0979388683
0.4949145594 10.7692307692 -0.0953064223
0.3642840059 10.7692307692 -0.0880645048
0.2561481669 10.7692307692 -0.07781054630000001
0.1695795289 10.7692307692 -0.06653828470000001
0.1023105713 10.7692307692 -0.0545431945
0.0517400558 10.7692307692 -0.0409343531
0.0163279232 10.7692307692 -0.0236199003
0 10.7692307692 0
0.009162903 10.7692307692 0.0271258758
0.03962874 10.7692307692 0.05214639
0.0871620959 10.7692307692 0.0747758647
0.1530225075 10.7692307692 0.0949559999
0.2396350809 10.7692307692 0.1113626024
0.3488603088 10.7692307692 0.1223909189
0.4810186351 10.7692307692 0.1277050024
0.6342464589 10.7692307692 0.1276344491
0.803848849 10.7692307692 0.1220394902
0.9823519171 10.7692307692 0.1115506955
1.1606089887 10.7692307692 0.0975241665
1.3295531078 10.7692307692 0.0816632399
1.481924723 10.7692307692 0.06558176590000001
1.6133210197 10.7692307692 0.0505139343
1.7223124886 10.7692307692 0.0372118603
1.8098428504 10.7692307692 0.0260087632
1.8783295222 10.7692307692 0.0169122552
1.93083129 10.7692307692 0.009734931299999999
1.9704522231 10.7692307692 0.0041980415
2 11.5384615385 0
1.9706799975 11.5384615385 -0.0035099308
1.9313667939 11.5384615385 -0.0081265456
1.8792767711 11.5384615385 -0.0140885879
1.8113337967 11.5384615385 -0.021606747
1.7245087254 11.5384615385 -0.0308036076
1.6164113379 11.5384615385 -0.041624675
1.4861165894 11.5384615385 -0.0537283914
1.3350563034 11.5384615385 -0.0664154493
1.1676138491 11.5384615385 -0.0785800962
0.9910061493 11.5384615385 -0.0888112021
0.8142368719999999 11.5384615385 -0.09565977320000001
0.6463763416 11.5384615385 -0.0980150766
0.4948172366 11.5384615385 -0.0954481385
0.3641743322 11.5384615385 -0.088282588
0.2560268672 11.5384615385 -0.0780812873
0.1694550007 11.5384615385 -0.06679297989999999
0.1021948964 11.5384615385 -0.0547274637
0.0516449864 11.5384615385 -0.0410331582
0.0162606991 11.5384615385 -0.0236568184
0 11.5384615385 0
0.009382279699999999 11.5384615385 0.0270225548
0.0400181232 11.5384615385 0.0517967135
0.0876523599 11.5384615385 0.0741508271
0.1535602602 11.5384615385 0.0940739865
0.2401743046 11.5384615385 0.1102912612
0.349367583 11.5384615385 0.1212359456
0.4814771493 11.5384615385 0.1265507754
0.6346484451 11.5384615385 0.1265228342
0.8041906586999999 11.5384615385 0.1210087242
0.9826338332 11.5384615385 0.1106318097
1.1608345585 11.5384615385 0.09673713909999999
1.329728208 11.5384615385 0.08101516509999999
1.4820565356 11.5384615385 0.06506834409999999
1.6134171185 11.5384615385 0.0501228665
1.7223800972 11.5384615385 0.0369263531
1.8098883406 11.5384615385 0.0258106358
1.8783582059 11.5384615385 0.0167841429
1.9308474058 11.5384615385 0.0096615044
1.9704590445 11.5384615385 0.0041664798
2 12.3076923077 0
1.9706776125 12.3076923077 -0.0035057253
1.9313612685 12.3076923077 -0.0081170753
1.8792671812 12.3076923077 -0.0140727903
1.8113190595 12.3076923077 -0.0215837816
1.7244876412 12.3076923077 -0.0307732148
1.6163826776 12.3076923077 -0.0415876984
1.4860792331 12.3076923077 -0.0536874677
1.3350093996 12.3076923077 -0.066375696
1.1675569484 12.3076923077 -0.0785496121
0.9909392188 12.3076923077 -0.0888015082
0.8141600895 12.3076923077 -0.0956852134
0.6462896655 12.3076923077 -0.098091285
0.4947199139 12.3076923077 -0.0955898547
0.3640646586 12.3076923077 -0.0885006713
0.2559055674 12.3076923077 -0.0783520284
0.1693304725 12.3076923077 -0.0670476751
0.1020792214 12.3076923077 -0.0549117329
0.0515499169 12.3076923077 -0.0411319632
0.0161934749 12.3076923077 -0.0236937364
0 12.3076923077 0
0.009601656300000001 12.3076923077 0.0269192338
0.0404075063 12.3076923077 0.0514470371
0.088142624 12.3076923077 0.07352578949999999
0.1540980129 12.3076923077 0.09319197310000001
0.2407135283 12.3076923077 0.1092199201
0.3498748573 12.3076923077 0.1200809723
0.4819356635 12.3076923077 0.1253965484
0.6350504313999999 12.3076923077 0.1254112193
0.8045324684 12.3076923077 0.1199779582
0.9829157492 12.3076923077 0.1097129238
1.1610601282 12.3076923077 0.0959501116
1.3299033081 12.3076923077 0.0803670903
1.4821883482 12.3076923077 0.0645549223
1.6135132173 12.3076923077 0.0497317986
1.7224477059 12.3076923077 0.0366408459
1.8099338308 12.3076923077 0.0256125084
1.8783868896 12.3076923077 0.0166560306
1.9308635216 12.3076923077 0.0095880775
1.9704658659 12.3076923077 0.004134918
2 13.0769230769 0
1.9706752275 13.0769230769 -0.0035015197
1.9313557432 13.0769230769 -0.008107605
1.8792575913 13.0769230769 -0.0140569928
1.8113043224 13.0769230769 -0.0215608162
1.724466557 13.0769230769 -0.0307428219
1.6163540172 13.0769230769 -0.0415507219
1.4860418768 13.0769230769 -0.0536465439
1.3349624958 13.0769230769 -0.0663359426
1.1675000477 13.0769230769 -0.0785191281
0.9908722884 13.0769230769 -0.08879181429999999
0.814083307 13.0769230769 -0.0957106537
0.6462029894 13.0769230769 -0.09816749330000001
0.4946225911 13.0769230769 -0.095731571
0.363954985 13.0769230769 -0.0887187546
0.2557842676 13.0769230769 -0.07862276949999999
0.1692059444 13.0769230769 -0.0673023703
0.1019635464 13.0769230769 -0.0550960021
0.0514548474 13.0769230769 -0.0412307683
0.0161262508 13.0769230769 -0.0237306545
0 13.0769230769 0
0.009821033 13.0769230769 0.0268159129
0.0407968895 13.0769230769 0.0510973607
0.08863288800000001 13.0769230769 0.0729007519
0.1546357656 13.0769230769 0.0923099597
0.241252752 13.0769230769 0.1081485789
0.3503821316 13.0769230769 0.118925999
0.4823941778 13.0769230769 0.1242423215
0.6354524176 13.0769230769 0.1242996045
0.8048742782 13.0769230769 0.1189471922
0.9831976653 13.0769230769 0.108794038
1.161285698 13.0769230769 0.0951630841
1.3300784083 13.0769230769 0.0797190155
1.4823201608 13.0769230769 0.0640415005
1.6136093161 13.0769230769 0.0493407308
1.7225153145 13.0769230769 0.0363553386
1.809979321 13.0769230769 0.0254143809
1.8784155732 13.0769230769 0.0165279183
1.9308796374 13.0769230769 0.009514650499999999
1.9704726872 13.0769230769 0.0041033563
2 13.8461538462 0
1.9706728425 13.8461538462 -0.0034973142
1.9313502178 13.8461538462 -0.008098134700000001
1.8792480014 13.8461538462 -0.0140411953
1.8112895853 13.8461538462 -0.0215378508
1.7244454728 13.8461538462 -0.0307124291
1.6163253569 13.8461538462 -0.0415137453
1.4860045205 13.8461538462 -0.0536056202
1.334915592 13.8461538462 -0.0662961893
1.167443147 13.8461538462 -0.0784886441
0.9908053579 13.8461538462 -0.08878212050000001
0.8140065245 13.8461538462 -0.09573609399999999
0.6461163132 13.8461538462 -0.09824370170000001
0.4945252684 13.8461538462 -0.0958732872
0.3638453114 13.8461538462 -0.0889368378
0.2556629679 13.8461538462 -0.07889351059999999
0.1690814162 13.8461538462 -0.0675570655
0.1018478715 13.8461538462 -0.0552802714
0.051359778 13.8461538462 -0.0413295734
0.0160590266 13.8461538462 -0.0237675725
0 13.8461538462 0
0.0100404097 13.8461538462 0.0267125919
0.0411862727 13.8461538462 0.0507476843
0.08912315210000001 13.8461538462 0.0722757143
0.1551735183 13.8461538462 0.09142794629999999
0.2417919757 13.8461538462 0.1070772377
0.3508894059 13.8461538462 0.1177710257
0.482852692 13.8461538462 0.1230880945
0.6358544038 13.8461538462 0.1231879896
0.8052160879 13.8461538462 0.1179164261
0.9834795813 13.8461538462 0.1078751521
1.1615112678 13.8461538462 0.09437605659999999
1.3302535085 13.8461538462 0.0790709406
1.4824519734 13.8461538462 0.0635280788
1.6137054149 13.8461538462 0.0489496629
1.7225829232 13.8461538462 0.0360698314
1.8100248113 13.8461538462 0.0252162535
1.8784442569 13.8461538462 0.0163998059
1.9308957532 13.8461538462 0.0094412236
1.9704795086 13.8461538462 0.0040717945
2 14.6153846154 0
1.9706704575 14.6153846154 -0.0034931087
1.9313446924 14.6153846154 -0.008088664299999999
1.8792384115 14.6153846154 -0.0140253978
1.8112748482 14.6153846154 -0.0215148854
1.7244243887 14.6153846154 -0.0306820363
1.6162966965 14.6153846154 -0.0414767688
1.4859671642 14.6153846154 -0.0535646964
1.3348686882 14.6153846154 -0.066256436
1.1673862464 14.6153846154 -0.07845816009999999
0.9907384275 14.6153846154 -0.0887724266
0.813929742 14.6153846154 -0.0957615342
0.6460296371000001 14.6153846154 -0.0983199101
0.4944279457 14.6153846154 -0.0960150035
0.3637356378 14.6153846154 -0.08915492110000001
0.2555416681 14.6153846154 -0.0791642516
0.168956888 14.6153846154 -0.0678117607
0.1017321965 14.6153846154 -0.0554645406
0.0512647085 14.6153846154 -0.0414283784
0.0159918025 14.6153846154 -0.0238044906
0 14.6153846154 0
0.0102597863 14.6153846154 0.026609271
0.0415756559 14.6153846154 0.0503980079
0.0896134161 14.6153846154 0.07165067679999999
0.155711271 14.6153846154 0.0905459329
0.2423311994 14.6153846154 0.1060058966
0.3513966801 14.6153846154 0.1166160524
0.4833112062 14.6153846154 0.1219338676
0.6362563901 14.6153846154 0.1220763747
0.8055578976 14.6153846154 0.1168856601
0.9837614974 14.6153846154 0.1069562663
1.1617368375 14.6153846154 0.0935890291
1.3304286087 14.6153846154 0.07842286580000001
1.482583786 14.6153846154 0.063014657
1.6138015136 14.6153846154 0.0485585951
1.7226505318 14.6153846154 0.0357843242
1.8100703015 14.6153846154 0.0250181261
1.8784729406 14.6153846154 0.0162716936
1.930911869 14.6153846154 0.0093677967
1.97048633 14.6153846154 0.0040402328
2 15.3846153846 0
1.9706680725 15.3846153846 -0.0034889031
1.931339167 15.3846153846 -0.008079194
1.8792288217 15.3846153846 -0.0140096003
1.811260111 15.3846153846 -0.02149192
1.7244033045 15.3846153846 -0.0306516434
1.6162680361 15.3846153846 -0.0414397922
1.4859298079 15.3846153846 -0.0535237727
1.3348217844 15.3846153846 -0.0662166827
1.1673293457 15.3846153846 -0.078427676
0.990671497 15.3846153846 -0.0887627327
0.8138529595 15.3846153846 -0.0957869745
0.645942961 15.3846153846 -0.0983961184
0.4943306229 15.3846153846 -0.0961567197
0.3636259642 15.3846153846 -0.0893730044
0.2554203684 15.3846153846 -0.0794349927
0.1688323599 15.3846153846 -0.0680664559
0.1016165215 15.3846153846 -0.0556488098
0.0511696391 15.3846153846 -0.0415271835
0.0159245783 15.3846153846 -0.0238414086
0 15.3846153846 0
0.010479163 15.3846153846 0.02650595
0.041965039 15.3846153846 0.0500483315
0.09010368019999999 15.3846153846 0.0710256392
0.1562490237 15.3846153846 0.08966391949999999
0.242870423 15.3846153846 0.1049345554
0.3519039544 15.3846153846 0.1154610791
0.4837697204 15.3846153846 0.1207796406
0.6366583763 15.3846153846 0.1209647598
0.8058997074000001 15.3846153846 0.1158548941
0.9840434134 15.3846153846 0.1060373804
1.1619624073 15.3846153846 0.0928020017
1.3306037089 15.3846153846 0.077774791
1.4827155987 15.3846153846 0.0625012352
1.6138976124 15.3846153846 0.0481675272
1.7227181405 15.3846153846 0.035498817
1.8101157917 15.3846153846 0.0248199986
1.8785016243 15.3846153846 0.0161435813
1.9309279848 15.3846153846 0.009294369699999999
1.9704931514 15.3846153846 0.0040086711
2 16.1538461538 0
1.9706656875 16.1538461538 -0.0034846976
1.9313336417 16.1538461538 -0.0080697237
1.8792192318 16.1538461538 -0.0139938027
1.8112453739 16.1538461538 -0.0214689546
1.7243822203 16.1538461538 -0.0306212506
1.6162393758 16.1538461538 -0.0414028157
1.4858924516 16.1538461538 -0.0534828489
1.3347748807 16.1538461538 -0.06617692930000001
1.167272445 16.1538461538 -0.078397192
0.9906045665 16.1538461538 -0.0887530389
0.813776177 16.1538461538 -0.0958124148
0.6458562849 16.1538461538 -0.0984723268
0.4942333002 16.1538461538 -0.09629843590000001
0.3635162906 16.1538461538 -0.0895910877
0.2552990686 16.1538461538 -0.0797057338
0.1687078317 16.1538461538 -0.0683211511
0.1015008465 16.1538461538 -0.055833079
0.0510745696 16.1538461538 -0.0416259886
0.0158573542 16.1538461538 -0.0238783267
0 16.1538461538 0
0.0106985397 16.1538461538 0.026402629
0.0423544222 16.1538461538 0.0496986551
0.0905939442 16.1538461538 0.0704006016
0.1567867764 16.1538461538 0.0887819061
0.2434096467 16.1538461538 0.1038632142
0.3524112287 16.1538461538 0.1143061058
0.4842282347 16.1538461538 0.1196254136
0.6370603626 16.1538461538 0.119853145
0.8062415171 16.1538461538 0.1148241281
0.9843253295 16.1538461538 0.1051184946
1.1621879771 16.1538461538 0.0920149742
1.3307788091 16.1538461538 0.0771267162
1.4828474113 16.1538461538 0.0619878134
1.6139937112 16.1538461538 0.0477764593
1.7227857491 16.1538461538 0.0352133097
1.8101612819 16.1538461538 0.0246218712
1.8785303079 16.1538461538 0.016015469
1.9309441006 16.1538461538 0.0092209428
1.9704999728 16.1538461538 0.0039771093
2 16.9230769231 0
1.9706633025 16.9230769231 -0.0034804921
1.9313281163 16.9230769231 -0.0080602534
1.8792096419 16.9230769231 -0.0139780052
1.8112306368 16.9230769231 -0.0214459892
1.7243611361 16.9230769231 -0.0305908578
1.6162107154 16.9230769231 -0.0413658392
1.4858550953 16.9230769231 -0.0534419252
1.3347279769 16.9230769231 -0.06613717600000001
1.1672155443 16.9230769231 -0.07836670799999999
0.9905376361 16.9230769231 -0.088743345
0.8136993945 16.9230769231 -0.09583785509999999
0.6457696088 16.9230769231 -0.0985485351
0.4941359774 16.9230769231 -0.0964401522
0.363406617 16.9230769231 -0.0898091709
0.2551777689 16.9230769231 -0.0799764749
0.1685833036 16.9230769231 -0.06857584630000001
0.1013851716 16.9230769231 -0.0560173483
0.0509795002 16.9230769231 -0.0417247936
0.0157901301 16.9230769231 -0.0239152447
0 16.9230769231 0
0.0109179163 16.9230769231 0.0262993081
0.0427438054 16.9230769231 0.0493489787
0.0910842083 16.9230769231 0.069775564
0.1573245291 16.9230769231 0.0878998926
0.2439488704 16.9230769231 0.1027918731
0.352918503 16.9230769231 0.1131511325
0.4846867489 16.9230769231 0.1184711867
0.6374623488 16.9230769231 0.1187415301
0.8065833268 16.9230769231 0.1137933621
0.9846072455 16.9230769231 0.1041996087
1.1624135468 16.9230769231 0.09122794670000001
1.3309539092 16.9230769231 0.07647864140000001
1.4829792239 16.9230769231 0.0614743917
1.61408981 16.9230769231 0.0473853915
1.7228533578 16.9230769231 0.0349278025
1.8102067721 16.9230769231 0.0244237438
1.8785589916 16.9230769231 0.0158873567
1.9309602164 16.9230769231 0.0091475159
1.9705067942 16.9230769231 0.0039455476
2 17.6923076923 0
1.9706609176 17.6923076923 -0.0034762865
1.9313225909 17.6923076923 -0.0080507831
1.879200052 17.6923076923 -0.0139622077
1.8112158997 17.6923076923 -0.0214230238
1.7243400519 17.6923076923 -0.0305604649
1.6161820551 17.6923076923 -0.0413288626
1.485817739 17.6923076923 -0.0534010014
1.3346810731 17.6923076923 -0.06609742270000001
1.1671586436 17.6923076923 -0.078336224
0.9904707055999999 17.6923076923 -0.0887336512
0.813622612 17.6923076923 -0.0958632953
0.6456829326 17.6923076923 -0.0986247435
0.4940386547 17.6923076923 -0.09658186840000001
0.3632969434 17.6923076923 -0.0900272542
0.2550564691 17.6923076923 -0.080247216
0.1684587754 17.6923076923 -0.06883054149999999
0.1012694966 17.6923076923 -0.0562016175
0.0508844307 17.6923076923 -0.0418235987
0.0157229059 17.6923076923 -0.0239521628
0 17.6923076923 0
0.011137293 17.6923076923 0.0261959871
0.0431331886 17.6923076923 0.0489993022
0.0915744723 17.6923076923 0.0691505264
0.1578622817 17.6923076923 0.0870178792
0.2444880941 17.6923076923 0.1017205319
0.3534257773 17.6923076923 0.1119961592
0.4851452631 17.6923076923 0.1173169597
0.6378643349999999 17.6923076923 0.1176299152
0.8069251365 17.6923076923 0.112762596
0.9848891616 17.6923076923 0.1032807229
1.1626391166 17.6923076923 0.0904409192
1.3311290094 17.6923076923 0.0758305666
1.4831110365 17.6923076923 0.0609609699
1.6141859088 17.6923076923 0.0469943236
1.7229209665 17.6923076923 0.0346422953
1.8102522623 17.6923076923 0.0242256164
1.8785876753 17.6923076923 0.0157592444
1.9309763322 17.6923076923 0.009074089
1.9705136156 17.6923076923 0.0039139858
2 18.4615384615 0
1.9706585326 18.4615384615 -0.003472081
1.9313170655 18.4615384615 -0.0080413128
1.8791904622 18.4615384615 -0.0139464102
1.8112011626 18.4615384615 -0.0214000584
1.7243189677 18.4615384615 -0.0305300721
1.6161533947 18.4615384615 -0.0412918861
1.4857803827 18.4615384615 -0.0533600777
1.3346341693 18.4615384615 -0.0660576694
1.167101743 18.4615384615 -0.0783057399
0.9904037752 18.4615384615 -0.0887239573
0.8135458296 18.4615384615 -0.0958887356
0.6455962565 18.4615384615 -0.0987009519
0.4939413319 18.4615384615 -0.0967235847
0.3631872698 18.4615384615 -0.09024533749999999
0.2549351694 18.4615384615 -0.080517957
0.1683342472 18.4615384615 -0.0690852367
0.1011538216 18.4615384615 -0.0563858867
0.0507893612 18.4615384615 -0.0419224037
0.0156556818 18.4615384615 -0.0239890808
0 18.4615384615 0
0.0113566697 18.4615384615 0.0260926661
0.0435225717 18.4615384615 0.0486496258
0.0920647364 18.4615384615 0.06852548880000001
0.1584000344 18.4615384615 0.0861358658
0.2450273178 18.4615384615 0.1006491907
0.3539330515 18.4615384615 0.1108411859
0.4856037774 18.4615384615 0.1161627327
0.6382663213000001 18.4615384615 0.1165183004
0.8072669463 18.4615384615 0.11173183
0.9851710776 18.4615384615 0.102361837
1.1628646863 18.4615384615 0.0896538917
1.3313041096 18.4615384615 0.07518249170000001
1.4832428491 18.4615384615 0.0604475481
1.6142820076 18.4615384615 0.0466032558
1.7229885751 18.4615384615 0.034356788
1.8102977525 18.4615384615 0.0240274889
1.8786163589 18.4615384615 0.0156311321
1.930992448 18.4615384615 0.009000662
1.970520437 18.4615384615 0.0038824241
2 19.2307692308 0
1.9706561476 19.2307692308 -0.0034678754
1.9313115402 19.2307692308 -0.008031842500000001
1.8791808723 19.2307692308 -0.0139306127
1.8111864254 19.2307692308 -0.021377093
1.7242978835 19.2307692308 -0.0304996793
1.6161247344 19.2307692308 -0.0412549095
1.4857430264 19.2307692308 -0.0533191539
1.3345872655 19.2307692308 -0.066017916
1.1670448423 19.2307692308 -0.07827525589999999
0.9903368447000001 19.2307692308 -0.08871426340000001
0.8134690471 19.2307692308 -0.0959141759
0.6455095803999999 19.2307692308 -0.09877716020000001
0.4938440092 19.2307692308 -0.09686530090000001
0.3630775962 19.2307692308 -0.09046342070000001
0.2548138696 19.2307692308 -0.0807886981
0.1682097191 19.2307692308 -0.0693399319
0.1010381467 19.2307692308 -0.0565701559
0.0506942918 19.2307692308 -0.0420212088
0.0155884576 19.2307692308 -0.0240259989
0 19.2307692308 0
0.0115760463 19.2307692308 0.0259893452
0.0439119549 19.2307692308 0.0482999494
0.0925550004 19.2307692308 0.0679004512
0.1589377871 19.2307692308 0.0852538524
0.2455665415 19.2307692308 0.0995778496
0.3544403258 19.2307692308 0.1096862126
0.4860622916 19.2307692308 0.1150085058
0.6386683075 19.2307692308 0.1154066855
0.807608756 19.2307692308 0.110701064
0.9854529936999999 19.2307692308 0.1014429512
1.1630902561 19.2307692308 0.0888668643
1.3314792098 19.2307692308 0.0745344169
1.4833746617 19.2307692308 0.0599341263
1.6143781064 19.2307692308 0.0462121879
1.7230561838 19.2307692308 0.0340712808
1.8103432427 19.2307692308 0.0238293615
1.8786450426 19.2307692308 0.0155030198
1.9310085638 19.2307692308 0.0089272351
1.9705272583 19.2307692308 0.0038508623
2 20 0
1.9706537626 20 -0.0034636699
1.9313060148 20 -0.008022372200000001
1.8791712824 20 -0.0139148151
1.8111716883 20 -0.0213541276
1.7242767994 20 -0.0304692864
1.616096074 20 -0.041217933
1.4857056701 20 -0.0532782302
1.3345403617 20 -0.0659781627
1.1669879416 20 -0.0782447719
0.9902699143 20 -0.08870456960000001
0.8133922646 20 -0.09593961619999999
0.6454229043 20 -0.09885336860000001
0.4937466865 20 -0.0970070171
0.3629679226 20 -0.090681504
0.2546925698 20 -0.0810594392
0.1680851909 20 -0.0695946271
0.1009224717 20 -0.0567544251
0.0505992223 20 -0.0421200139
0.0155212335 20 -0.024062917
0 20 0
0.011795423 20 0.0258860242
0.0443013381 20 0.047950273
0.0930452645 20 0.0672754136
0.1594755398 20 0.084371839
0.2461057651 20 0.0985065084
0.3549476001 20 0.1085312393
0.4865208058 20 0.1138542788
0.6390702937 20 0.1142950706
0.8079505657 20 0.109670298
0.9857349097 20 0.1005240653
1.1633158259 20 0.08807983680000001
1.33165431 20 0.0738863421
1.4835064743 20 0.0594207045
1.6144742051 20 0.0458211201
1.7231237924 20 0.0337857736
1.810388733 20 0.0236312341
1.8786737263 20 0.0153749074
1.9310246796 20 0.0088538082
1.9705340797 20 0.0038193006
2 20.7692307692 0
1.9706513776 20.7692307692 -0.0034594644
1.9313004894 20.7692307692 -0.0080129018
1.8791616925 20.7692307692 -0.0138990176
1.8111569512 20.7692307692 -0.0213311622
1.7242557152 20.7692307692 -0.0304388936
1.6160674137 20.7692307692 -0.0411809564
1.4856683138 20.7692307692 -0.0532373064
1.3344934579 20.7692307692 -0.06593840939999999
1.1669310409 20.7692307692 -0.0782142878
0.9902029838 20.7692307692 -0.08869487569999999
0.8133154821 20.7692307692 -0.0959650564
0.6453362282 20.7692307692 -0.098929577
0.4936493637 20.7692307692 -0.09714873340000001
0.362858249 20.7692307692 -0.0908995873
0.2545712701 20.7692307692 -0.0813301803
0.1679606627 20.7692307692 -0.0698493223
0.1008067967 20.7692307692 -0.0569386944
0.0505041529 20.7692307692 -0.0422188189
0.0154540094 20.7692307692 -0.024099835
0 20.7692307692 0
0.0120147997 20.7692307692 0.0257827032
0.0446907213 20.7692307692 0.0476005966
0.09353552850000001 20.7692307692 0.06665037610000001
0.1600132925 20.7692307692 0.0834898256
0.2466449888 20.7692307692 0.09743516720000001
0.3554548744 20.7692307692 0.107376266
0.48697932 20.7692307692 0.1127000518
0.63947228 20.7692307692 0.1131834557
0.8082923755 20.7692307692 0.108639532
0.9860168257 20.7692307692 0.0996051795
1.1635413956 20.7692307692 0.0872928093
1.3318294102 20.7692307692 0.07323826730000001
1.4836382869 20.7692307692 0.0589072828
1.6145703039 20.7692307692 0.0454300522
1.7231914011 20.7692307692 0.0335002664
1.8104342232 20.7692307692 0.0234331067
1.87870241 20.7692307692 0.0152467951
1.9310407954 20.7692307692 0.008780381199999999
1.9705409011 20.7692307692 0.0037877388
2 21.5384615385 0
1.9706489926 21.5384615385 -0.0034552588
1.931294964 21.5384615385 -0.0080034315
1.8791521027 21.5384615385 -0.0138832201
1.8111422141 21.5384615385 -0.0213081969
1.724234631 21.5384615385 -0.0304085008
1.6160387533 21.5384615385 -0.0411439799
1.4856309575 21.5384615385 -0.0531963827
1.3344465541 21.5384615385 -0.06589865609999999
1.1668741402 21.5384615385 -0.07818380380000001
0.9901360534 21.5384615385 -0.0886851818
0.8132386995999999 21.5384615385 -0.0959904967
0.6452495521 21.5384615385 -0.0990057853
0.493552041 21.5384615385 -0.0972904496
0.3627485754 21.5384615385 -0.0911176705
0.2544499703 21.5384615385 -0.0816009213
0.1678361346 21.5384615385 -0.0701040175
0.1006911217 21.5384615385 -0.0571229636
0.0504090834 21.5384615385 -0.042317624
0.0153867852 21.5384615385 -0.0241367531
0 21.5384615385 0
0.0122341763 21.5384615385 0.0256793823
0.0450801044 21.5384615385 0.0472509202
0.0940257925 21.5384615385 0.0660253385
0.1605510452 21.5384615385 0.08260781220000001
0.2471842125 21.5384615385 0.096363826
0.3559621487 21.5384615385 0.1062212927
0.4874378343 21.5384615385 0.1115458249
0.6398742662 21.5384615385 0.1120718409
0.8086341852 21.5384615385 0.1076087659
0.9862987418 21.5384615385 0.0986862937
1.1637669654 21.5384615385 0.0865057818
1.3320045103 21.5384615385 0.0725901925
1.4837700995 21.5384615385 0.058393861
1.6146664027 21.5384615385 0.0450389843
1.7232590097 21.5384615385 0.0332147591
1.8104797134 21.5384615385 0.0232349792
1.8787310936 21.5384615385 0.0151186828
1.9310569112 21.5384615385 0.0087069543
1.9705477225 21.5384615385 0.0037561771
2 22.3076923077 0
1.9706466076 22.3076923077 -0.0034510533
1.9312894387 22.3076923077 -0.0079939612
1.8791425128 22.3076923077 -0.0138674226
1.8111274769 22.3076923077 -0.0212852315
1.7242135468 22.3076923077 -0.0303781079
1.6160100929 22.3076923077 -0.0411070033
1.4855936012 22.3076923077 -0.0531554589
1.3343996503 22.3076923077 -0.0658589027
1.1668172396 22.3076923077 -0.0781533198
0.9900691229 22.3076923077 -0.088675488
0.8131619171 22.3076923077 -0.096015937
0.6451628759 22.3076923077 -0.0990819937
0.4934547182 22.3076923077 -0.09743216590000001
0.3626389018 22.3076923077 -0.0913357538
0.2543286706 22.3076923077 -0.0818716624
0.1677116064 22.3076923077 -0.07035871270000001
0.1005754468 22.3076923077 -0.0573072328
0.0503140139 22.3076923077 -0.042416429
0.0153195611 22.3076923077 -0.0241736711
0 22.3076923077 0
0.012453553 22.3076923077 0.0255760613
0.0454694876 22.3076923077 0.0469012438
0.0945160566 22.3076923077 0.0654003009
0.1610887979 22.3076923077 0.0817257988
0.2477234362 22.3076923077 0.0952924849
0.3564694229 22.3076923077 0.1050663194
0.4878963485 22.3076923077 0.1103915979
0.6402762524 22.3076923077 0.110960226
0.8089759949000001 22.3076923077 0.1065779999
0.9865806578 22.3076923077 0.0977674078
1.1639925352 22.3076923077 0.08571875430000001
1.3321796105 22.3076923077 0.0719421177
1.4839019121 22.3076923077 0.0578804392
1.6147625015 22.3076923077 0.0446479165
1.7233266184 22.3076923077 0.0329292519
1.8105252036 22.3076923077 0.0230368518
1.8787597773 22.3076923077 0.0149905705
1.9310730269 22.3076923077 0.0086335274
1.9705545439 22.3076923077 0.0037246154
2 23.0769230769 0
1.9706442226 23.0769230769 -0.0034468478
1.9312839133 23.0769230769 -0.0079844909
1.8791329229 23.0769230769 -0.0138516251
1.8111127398 23.0769230769 -0.0212622661
1.7241924626 23.0769230769 -0.0303477151
1.6159814326 23.0769230769 -0.0410700268
1.4855562449 23.0769230769 -0.0531145352
1.3343527465 23.0769230769 -0.0658191494
1.1667603389 23.0769230769 -0.0781228358
0.9900021924 23.0769230769 -0.0886657941
0.8130851346 23.0769230769 -0.0960413772
0.6450761998 23.0769230769 -0.099158202
0.4933573955 23.0769230769 -0.0975738821
0.3625292282 23.0769230769 -0.09155383709999999
0.2542073708 23.0769230769 -0.0821424035
0.1675870782 23.0769230769 -0.07061340789999999
0.1004597718 23.0769230769 -0.057491502
0.0502189445 23.0769230769 -0.0425152341
0.0152523369 23.0769230769 -0.0242105892
0 23.0769230769 0
0.0126729297 23.0769230769 0.0254727403
0.0458588708 23.0769230769 0.0465515674
0.0950063206 23.0769230769 0.0647752633
0.1616265506 23.0769230769 0.08084378540000001
0.2482626599 23.0769230769 0.0942211437
0.3569766972 23.0769230769 0.1039113461
0.4883548627 23.0769230769 0.1092373709
0.6406782387 23.0769230769 0.1098486111
0.8093178046 23.0769230769 0.1055472339
0.9868625739 23.0769230769 0.09684852200000001
1.1642181049 23.0769230769 0.0849317269
1.3323547107 23.0769230769 0.0712940428
1.4840337247 23.0769230769 0.0573670174
1.6148586003 23.0769230769 0.0442568486
1.723394227 23.0769230769 0.0326437447
1.8105706938 23.0769230769 0.0228387244
1.878788461 23.0769230769 0.0148624582
1.9310891427 23.0769230769 0.008560100500000001
1.9705613653 23.0769230769 0.0036930536
2 23.8461538462 0
1.9706418377 23.8461538462 -0.0034426422
1.9312783879 23.8461538462 -0.0079750206
1.879123333 23.8461538462 -0.0138358275
1.8110980027 23.8461538462 -0.0212393007
1.7241713784 23.8461538462 -0.0303173223
1.6159527722 23.8461538462 -0.0410330503
1.4855188886 23.8461538462 -0.0530736114
1.3343058427 23.8461538462 -0.0657793961
1.1667034382 23.8461538462 -0.07809235170000001
0.989935262 23.8461538462 -0.0886561002
0.8130083521 23.8461538462 -0.0960668175
0.6449895237 23.8461538462 -0.0992344104
0.4932600727 23.8461538462 -0.0977155983
0.3624195546 23.8461538462 -0.0917719203
0.2540860711 23.8461538462 -0.0824131446
0.1674625501 23.8461538462 -0.0708681031
0.1003440968 23.8461538462 -0.0576757712
0.050123875 23.8461538462 -0.0426140392
0.0151851128 23.8461538462 -0.0242475072
0 23.8461538462 0
0.0128923063 23.8461538462 0.0253694194
0.046248254 23.8461538462 0.046201891
0.0954965847 23.8461538462 0.06415022569999999
0.1621643033 23.8461538462 0.079961772
0.2488018836 23.8461538462 0.0931498025
0.3574839715 23.8461538462 0.1027563728
0.488813377 23.8461538462 0.108083144
0.6410802249000001 23.8461538462 0.1087369963
0.8096596144 23.8461538462 0.1045164679
0.9871444899 23.8461538462 0.09592963609999999
1.1644436747 23.8461538462 0.08414469939999999
1.3325298109 23.8461538462 0.070645968
1.4841655373 23.8461538462 0.0568535957
1.6149546991 23.8461538462 0.0438657808
1.7234618357 23.8461538462 0.0323582374
1.810616184 23.8461538462 0.022640597
1.8788171446 23.8461538462 0.0147343459
1.9311052585 23.8461538462 0.0084866735
1.9705681867 23.8461538462 0.0036614919
2 24.6153846154 0
1.9706394527 24.6153846154 -0.0034384367
1.9312728625 24.6153846154 -0.007965550300000001
1.8791137431 24.6153846154 -0.01382003
1.8110832656 24.6153846154 -0.0212163353
1.7241502942 24.6153846154 -0.0302869294
1.6159241119 24.6153846154 -0.0409960737
1.4854815323 24.6153846154 -0.0530326877
1.3342589389 24.6153846154 -0.0657396428
1.1666465375 24.6153846154 -0.0780618677
0.9898683315 24.6153846154 -0.0886464064
0.8129315696 24.6153846154 -0.0960922578
0.6449028476000001 24.6153846154 -0.0993106188
0.49316275 24.6153846154 -0.09785731459999999
0.362309881 24.6153846154 -0.09199000359999999
0.2539647713 24.6153846154 -0.0826838857
0.1673380219 24.6153846154 -0.0711227983
0.1002284219 24.6153846154 -0.0578600405
0.0500288056 24.6153846154 -0.0427128442
0.0151178886 24.6153846154 -0.0242844253
0 24.6153846154 0
0.013111683 24.6153846154 0.0252660984
0.0466376371 24.6153846154 0.0458522145
0.0959868487 24.6153846154 0.0635251881
0.162702056 24.6153846154 0.07907975859999999
0.2493411072 24.6153846154 0.09207846140000001
0.3579912458 24.6153846154 0.1016013995
0.4892718912 24.6153846154 0.106928917
0.6414822111 24.6153846154 0.1076253814
0.8100014241 24.6153846154 0.1034857018
0.987426406 24.6153846154 0.0950107503
1.1646692444 24.6153846154 0.0833576719
1.3327049111 24.6153846154 0.06999789319999999
1.4842973499 24.6153846154 0.0563401739
1.6150507979 24.6153846154 0.0434747129
1.7235294444 24.6153846154 0.0320727302
1.8106616742 24.6153846154 0.0224424695
1.8788458283 24.6153846154 0.0146062336
1.9311213743 24.6153846154 0.0084132466
1.9705750081 24.6153846154 0.0036299301
2 25.3846153846 0
1.9706370677 25.3846153846 -0.0034342311
1.9312673372 25.3846153846 -0.007956080000000001
1.8791041533 25.3846153846 -0.0138042325
1.8110685285 25.3846153846 -0.0211933699
1.7241292101 25.3846153846 -0.0302565366
1.6158954515 25.3846153846 -0.0409590972
1.485444176 25.3846153846 -0.0529917639
1.3342120351 25.3846153846 -0.0656998894
1.1665896368 25.3846153846 -0.0780313837
0.9898014011 25.3846153846 -0.08863671250000001
0.8128547871 25.3846153846 -0.0961176981
0.6448161715 25.3846153846 -0.09938682710000001
0.4930654273 25.3846153846 -0.0979990308
0.3622002074 25.3846153846 -0.0922080869
0.2538434716 25.3846153846 -0.08295462670000001
0.1672134938 25.3846153846 -0.0713774935
0.1001127469 25.3846153846 -0.0580443097
0.0499337361 25.3846153846 -0.0428116493
0.0150506645 25.3846153846 -0.0243213433
0 25.3846153846 0
0.0133310596 25.3846153846 0.0251627775
0.0470270203 25.3846153846 0.0455025381
0.0964771128 25.3846153846 0.0629001505
0.1632398086 25.3846153846 0.0781977452
0.2498803309 25.3846153846 0.0910071202
0.3584985201 25.3846153846 0.1004464263
0.4897304054 25.3846153846 0.10577469
0.6418841974 25.3846153846 0.1065137665
0.8103432338 25.3846153846 0.1024549358
0.987708322 25.3846153846 0.0940918644
1.1648948142 25.3846153846 0.0825706444
1.3328800113 25.3846153846 0.0693498184
1.4844291625 25.3846153846 0.0558267521
1.6151468967 25.3846153846 0.043083645
1.723597053 25.3846153846 0.031787223
1.8107071644 25.3846153846 0.0222443421
1.878874512 25.3846153846 0.0144781213
1.9311374901 25.3846153846 0.008339819700000001
1.9705818294 25.3846153846 0.0035983684
2 26.1538461538 0
1.9706346827 26.1538461538 -0.0034300256
1.9312618118 26.1538461538 -0.007946609699999999
1.8790945634 26.1538461538 -0.013788435
1.8110537913 26.1538461538 -0.0211704045
1.7241081259 26.1538461538 -0.0302261438
1.6158667912 26.1538461538 -0.0409221206
1.4854068197 26.1538461538 -0.0529508402
1.3341651313 26.1538461538 -0.0656601361
1.1665327362 26.1538461538 -0.0780008997
0.9897344706 26.1538461538 -0.0886270187
0.8127780046999999 26.1538461538 -0.0961431383
0.6447294954 26.1538461538 -0.0994630355
0.4929681045 26.1538461538 -0.09814074709999999
0.3620905338 26.1538461538 -0.0924261701
0.2537221718 26.1538461538 -0.08322536780000001
0.1670889656 26.1538461538 -0.0716321887
0.0999970719 26.1538461538 -0.0582285789
0.0498386667 26.1538461538 -0.0429104543
0.0149834404 26.1538461538 -0.0243582614
0 26.1538461538 0
0.0135504363 26.1538461538 0.0250594565
0.0474164035 26.1538461538 0.0451528617
0.0969673768 26.1538461538 0.0622751129
0.1637775613 26.1538461538 0.0773157318
0.2504195546 26.1538461538 0.08993577899999999
0.3590057943 26.1538461538 0.099291453
0.4901889197 26.1538461538 0.1046204631
0.6422861836 26.1538461538 0.1054021516
0.8106850436 26.1538461538 0.1014241698
0.9879902381 26.1538461538 0.0931729786
1.165120384 26.1538461538 0.08178361689999999
1.3330551114 26.1538461538 0.0687017436
1.4845609751 26.1538461538 0.0553133303
1.6152429954 26.1538461538 0.0426925772
1.7236646617 26.1538461538 0.0315017157
1.8107526547 26.1538461538 0.0220462147
1.8789031956 26.1538461538 0.0143500089
1.9311536059 26.1538461538 0.0082663927
1.9705886508 26.1538461538 0.0035668066
2 26.9230769231 0
1.9706322977 26.9230769231 -0.0034258201
1.9312562864 26.9230769231 -0.007937139399999999
1.8790849735 26.9230769231 -0.0137726375
1.8110390542 26.9230769231 -0.0211474391
1.7240870417 26.9230769231 -0.0301957509
1.6158381308 26.9230769231 -0.0408851441
1.4853694633 26.9230769231 -0.0529099164
1.3341182275 26.9230769231 -0.0656203828
1.1664758355 26.9230769231 -0.0779704156
0.9896675402 26.9230769231 -0.08861732479999999
0.8127012222 26.9230769231 -0.0961685786
0.6446428192 26.9230769231 -0.0995392438
0.4928707818 26.9230769231 -0.0982824633
0.3619808601 26.9230769231 -0.0926442534
0.253600872 26.9230769231 -0.0834961089
0.1669644374 26.9230769231 -0.0718868839
0.0998813969 26.9230769231 -0.0584128481
0.0497435972 26.9230769231 -0.0430092594
0.0149162162 26.9230769231 -0.0243951794
0 26.9230769231 0
0.013769813 26.9230769231 0.0249561355
0.0478057867 26.9230769231 0.0448031853
0.0974576409 26.9230769231 0.0616500754
0.164315314 26.9230769231 0.07643371829999999
0.2509587783 26.9230769231 0.0888644379
0.3595130686 26.9230769231 0.0981364797
0.4906474339 26.9230769231 0.1034662361
0.6426881698 26.9230769231 0.1042905368
0.8110268533 26.9230769231 0.1003934038
0.9882721541 26.9230769231 0.0922540927
1.1653459537 26.9230769231 0.08099658949999999
1.3332302116 26.9230769231 0.0680536687
1.4846927877 26.9230769231 0.0547999086
1.6153390942 26.9230769231 0.0423015093
1.7237322703 26.9230769231 0.0312162085
1.8107981449 26.9230769231 0.0218480872
1.8789318793 26.9230769231 0.0142218966
1.9311697217 26.9230769231 0.0081929658
1.9705954722 26.9230769231 0.0035352449
2 27.6923076923 0
1.9706299127 27.6923076923 -0.0034216145
1.931250761 27.6923076923 -0.007927669
1.8790753836 27.6923076923 -0.0137568399
1.8110243171 27.6923076923 -0.0211244737
1.7240659575 27.6923076923 -0.0301653581
1.6158094704 27.6923076923 -0.0408481675
1.485332107 27.6923076923 -0.0528689927
1.3340713237 27.6923076923 -0.0655806295
1.1664189348 27.6923076923 -0.0779399316
0.9896006097 27.6923076923 -0.0886076309
0.8126244397 27.6923076923 -0.0961940189
0.6445561431 27.6923076923 -0.0996154522
0.492773459 27.6923076923 -0.0984241795
0.3618711865 27.6923076923 -0.09286233670000001
0.2534795723 27.6923076923 -0.08376685
0.1668399093 27.6923076923 -0.07214157910000001
0.099765722 27.6923076923 -0.0585971173
0.0496485277 27.6923076923 -0.0431080645
0.0148489921 27.6923076923 -0.0244320975
0 27.6923076923 0
0.0139891896 27.6923076923 0.0248528146
0.0481951698 27.6923076923 0.0444535089
0.09794790489999999 27.6923076923 0.0610250378
0.1648530667 27.6923076923 0.0755517049
0.251498002 27.6923076923 0.0877930967
0.3600203429 27.6923076923 0.0969815064
0.4911059481 27.6923076923 0.1023120091
0.6430901561 27.6923076923 0.1031789219
0.811368663 27.6923076923 0.0993626378
0.9885540702 27.6923076923 0.09133520689999999
1.1655715235 27.6923076923 0.080209562
1.3334053118 27.6923076923 0.0674055939
1.4848246003 27.6923076923 0.0542864868
1.615435193 27.6923076923 0.0419104415
1.723799879 27.6923076923 0.0309307013
1.8108436351 27.6923076923 0.0216499598
1.878960563 27.6923076923 0.0140937843
1.9311858375 27.6923076923 0.008119538900000001
1.9706022936 27.6923076923 0.0035036831
2 28.4615384615 0
1.9706275277 28.4615384615 -0.003417409
1.9312452357 28.4615384615 -0.0079181987
1.8790657938 28.4615384615 -0.0137410424
1.81100958 28.4615384615 -0.0211015083
1.7240448733 28.4615384615 -0.0301349653
1.6157808101 28.4615384615 -0.040811191
1.4852947507 28.4615384615 -0.052828069
1.3340244199 28.4615384615 -0.06554087610000001
1.1663620341 28.4615384615 -0.0779094476
0.9895336793 28.4615384615 -0.0885979371
0.8125476572 28.4615384615 -0.0962194592
0.644469467 28.4615384615 -0.0996916606
0.4926761363 28.4615384615 -0.0985658958
0.3617615129 28.4615384615 -0.0930804199
0.2533582725 28.4615384615 -0.08403759099999999
0.1667153811 28.4615384615 -0.07239627429999999
0.09965004700000001 28.4615384615 -0.0587813866
0.0495534583 28.4615384615 -0.0432068695
0.0147817679 28.4615384615 -0.0244690156
0 28.4615384615 0
0.0142085663 28.4615384615 0.0247494936
0.048584553 28.4615384615 0.0441038325
0.09843816900000001 28.4615384615 0.0604000002
0.1653908194 28.4615384615 0.0746696915
0.2520372257 28.4615384615 0.0867217555
0.3605276172 28.4615384615 0.0958265331
0.4915644623 28.4615384615 0.1011577822
0.6434921423 28.4615384615 0.102067307
0.8117104727 28.4615384615 0.0983318717
0.9888359862 28.4615384615 0.09041632099999999
1.1657970932 28.4615384615 0.0794225345
1.333580412 28.4615384615 0.0667575191
1.4849564129 28.4615384615 0.053773065
1.6155312918 28.4615384615 0.0415193736
1.7238674876 28.4615384615 0.0306451941
1.8108891253 28.4615384615 0.0214518324
1.8789892467 28.4615384615 0.013965672
1.9312019533 28.4615384615 0.008046111999999999
1.970609115 28.4615384615 0.0034721214
2 29.2307692308 0
1.9706251427 29.2307692308 -0.0034132034
1.9312397103 29.2307692308 -0.0079087284
1.8790562039 29.2307692308 -0.0137252449
1.8109948428 29.2307692308 -0.0210785429
1.7240237891 29.2307692308 -0.0301045724
1.6157521497 29.2307692308 -0.0407742144
1.4852573944 29.2307692308 -0.0527871452
1.3339775162 29.2307692308 -0.06550112280000001
1.1663051334 29.2307692308 -0.0778789636
0.9894667488 29.2307692308 -0.0885882432
0.8124708747 29.2307692308 -0.0962448994
0.6443827908999999 29.2307692308 -0.0997678689
0.4925788135 29.2307692308 -0.098707612
0.3616518393 29.2307692308 -0.09329850319999999
0.2532369728 29.2307692308 -0.08430833209999999
0.1665908529 29.2307692308 -0.0726509695
0.099534372 29.2307692308 -0.0589656558
0.0494583888 29.2307692308 -0.0433056746
0.0147145438 29.2307692308 -0.0245059336
0 29.2307692308 0
0.014427943 29.2307692308 0.0246461726
0.0489739362 29.2307692308 0.0437541561
0.098928433 29.2307692308 0.0597749626
0.1659285721 29.2307692308 0.0737876781
0.2525764493 29.2307692308 0.0856504144
0.3610348914 29.2307692308 0.0946715598
0.4920229766 29.2307692308 0.1000035552
0.6438941285000001 29.2307692308 0.1009556922
0.8120522825000001 29.2307692308 0.0973011057
0.9891179023 29.2307692308 0.0894974352
1.166022663 29.2307692308 0.07863550699999999
1.3337555122 29.2307692308 0.0661094443
1.4850882255 29.2307692308 0.0532596432
1.6156273906 29.2307692308 0.0411283058
1.7239350963 29.2307692308 0.0303596868
1.8109346155 29.2307692308 0.021253705
1.8790179303 29.2307692308 0.0138375597
1.9312180691 29.2307692308 0.007972685
1.9706159364 29.2307692308 0.0034405597
2 30 0
1.9706227578 30 -0.0034089979
1.9312341849 30 -0.007899258100000001
1.879046614 30 -0.0137094474
1.8109801057 30 -0.0210555775
1.7240027049 30 -0.0300741796
1.6157234894 30 -0.0407372379
1.4852200381 30 -0.0527462215
1.3339306124 30 -0.06546136950000001
1.1662482328 30 -0.0778484795
0.9893998183 30 -0.0885785493
0.8123940922 30 -0.0962703397
0.6442961148 30 -0.0998440773
0.4924814908 30 -0.0988493283
0.3615421657 30 -0.0935165865
0.253115673 30 -0.08457907319999999
0.1664663248 30 -0.0729056647
0.09941869709999999 30 -0.059149925
0.0493633194 30 -0.0434044797
0.0146473196 30 -0.0245428517
0 30 0
0.0146473196 30 0.0245428517
0.0493633194 30 0.0434044797
0.09941869709999999 30 0.059149925
0.1664663248 30 0.0729056647
0.253115673 30 0.08457907319999999
0.3615421657 30 0.0935165865
0.4924814908 30 0.0988493283
0.6442961148 30 0.0998440773
0.8123940922 30 0.0962703397
0.9893998183 30 0.0885785493
1.1662482328 30 0.0778484795
1.3339306124 30 0.06546136950000001
1.4852200381 30 0.0527462215
1.6157234894 30 0.0407372379
1.7240027049 30 0.0300741796
1.8109801057 30 0.0210555775
1.879046614 30 0.0137094474
1.9312341849 30 0.007899258100000001
1.9706227578 30 0.0034089979
1.9706227578 30 -0.001704499
1.9312341849 30 -0.0039496291
1.879046614 30 -0.0068547237
1.8109801057 30 -0.0105277888
1.7240027049 30 -0.0150370898
1.6157234894 30 -0.020368619
1.4852200381 30 -0.0263731107
1.3339306124 30 -0.0327306847
1.1662482328 30 -0.0389242398
0.9893998183 30 -0.0442892747
0.8123940922 30 -0.0481351698
0.6442961148 30 -0.0499220386
0.4924814908 30 -0.0494246641
0.3615421657 30 -0.0467582932
0.253115673 30 -0.0422895366
0.1664663248 30 -0.0364528324
0.09941869709999999 30 -0.0295749625
0.0493633194 30 -0.0217022398
0.0146473196 30 -0.0122714258
0.0146473196 30 0.0122714258
0.0493633194 30 0.0217022398
0.09941869709999999 30 0.0295749625
0.1664663248 30 0.0364528324
0.253115673 30 0.0422895366
0.3615421657 30 0.0467582932
0.4924814908 30 0.0494246641
0.6442961148 30 0.0499220386
0.8123940922 30 0.0481351698
0.9893998183 30 0.0442892747
1.1662482328 30 0.0389242398
1.3339306124 30 0.0327306847
1.4852200381 30 0.0263731107
1.6157234894 30 0.020368619
1.7240027049 30 0.0150370898
1.8109801057 30 0.0105277888
1.879046614 30 0.0068547237
1.9312341849 30 0.0039496291
1.9706227578 30 0.001704499
1.9706227578 30 0
1.9312341849 30 0
1.879046614 30 0
1.8109801057 30 0
1.7240027049 30 0
1.6157234894 30 0
1.4852200381 30 0
1.3339306124 30 0
1.1662482328 30 0
0.9893998183 30 0
0.8123940922 30 0
0.6442961148 30 0
0.4924814908 30 -0
0.3615421657 30 -0
0.253115673 30 -0
0.1664663248 30 -0
0.09941869709999999 30 -0
0.0493633194 30 -0
0.0146473196 30 0
2 -0.7692307692 0
1.9707133873 -0.7692307692 -0.0035688084
1.9314441492 -0.7692307692 -0.00825913
1.8794110293 -0.7692307692 -0.0143097531
1.8115401164 -0.7692307692 -0.0219282624
1.724803904 -0.7692307692 -0.0312291073
1.6168125829 -0.7692307692 -0.0421423466
1.4866395777 -0.7692307692 -0.0543013239
1.3357129565 -0.7692307692 -0.0669719959
1.1684104586 -0.7692307692 -0.07900687250000001
0.9919431757 -0.7692307692 -0.0889469161
0.8153118268 -0.7692307692 -0.09530360929999999
0.6475898072 -0.7692307692 -0.0969481596
0.496179755 -0.7692307692 -0.0934641111
0.3657097627 -0.7692307692 -0.0852294223
0.2577250637 -0.7692307692 -0.0742909123
0.171198395 -0.7692307692 -0.063227247
0.103814346 -0.7692307692 -0.0521476946
0.0529759588 -0.7692307692 -0.0396498873
0.017201837 -0.7692307692 -0.0231399656
0 -0.7692307692 0
0.0063110063 -0.7692307692 0.0284690483
0.0345667587 -0.7692307692 0.0566921833
0.08078866329999999 -0.7692307692 0.08290135329999999
0.1460317226 -0.7692307692 0.1064221742
0.2326251731 -0.7692307692 0.1252900376
0.3422657431 -0.7692307692 0.1374055718
0.4750579501 -0.7692307692 0.1427099529
0.6290206379 -0.7692307692 0.1420854424
0.7994053225 -0.7692307692 0.1354394485
0.9786870085 -0.7692307692 0.1234962115
1.1576765818 -0.7692307692 0.1077555238
1.3272768054 -0.7692307692 0.0900882125
1.4802111592 -0.7692307692 0.07225624899999999
1.6120717355 -0.7692307692 0.0555978165
1.721433576 -0.7692307692 0.0409234543
1.8092514776 -0.7692307692 0.0285844198
1.8779566345 -0.7692307692 0.0185777153
1.9306217846 -0.7692307692 0.0106894814
1.9703635451 -0.7692307692 0.0046083442
2 -1.5384615385 0
1.9707110023 -1.5384615385 -0.0035646028
1.9314386238 -1.5384615385 -0.008249659600000001
1.8794014395 -1.5384615385 -0.0142939556
1.8115253793 -1.5384615385 -0.0219052971
1.7247828198 -1.5384615385 -0.0311987144
1.6167839226 -1.5384615385 -0.0421053701
1.4866022214 -1.5384615385 -0.0542604001
1.3356660527 -1.5384615385 -0.0669322425
1.1683535579 -1.5384615385 -0.07897638849999999
0.9918762452 -1.5384615385 -0.08893722229999999
0.8152350443 -1.5384615385 -0.09532904959999999
0.6475031311 -1.5384615385 -0.09702436790000001
0.4960824323 -1.5384615385 -0.09360582739999999
0.3656000891 -1.5384615385 -0.0854475056
0.257603764 -1.5384615385 -0.0745616533
0.1710738668 -1.5384615385 -0.0634819422
0.103698671 -1.5384615385 -0.0523319638
0.0528808893 -1.5384615385 -0.0397486924
0.0171346129 -1.5384615385 -0.0231768836
0 -1.5384615385 0
0.006530383 -1.5384615385 0.0283657274
0.0349561419 -1.5384615385 0.0563425069
0.08127892740000001 -1.5384615385 0.08227631570000001
0.1465694753 -1.5384615385 0.1055401608
0.2331643967 -1.5384615385 0.1242186964
0.3427730174 -1.5384615385 0.1362505985
0.4755164643 -1.5384615385 0.141555726
0.6294226241 -1.5384615385 0.1409738275
0.7997471322 -1.5384615385 0.1344086825
0.9789689244999999 -1.5384615385 0.1225773257
1.1579021516 -1.5384615385 0.1069684963
1.3274519056 -1.5384615385 0.08944013770000001
1.4803429718 -1.5384615385 0.0717428272
1.6121678343 -1.5384615385 0.0552067486
1.7215011847 -1.5384615385 0.0406379471
1.8092969678 -1.5384615385 0.0283862923
1.8779853182 -1.5384615385 0.0184496029
1.9306379004 -1.5384615385 0.0106160545
1.9703703664 -1.5384615385 0.0045767825
2 -2.3076923077 0
1.9707086173 -2.3076923077 -0.0035603973
1.9314330984 -2.3076923077 -0.008240189300000001
1.8793918496 -2.3076923077 -0.0142781581
1.8115106421 -2.3076923077 -0.0218823317
1.7247617356 -2.3076923077 -0.0311683216
1.6167552622 -2.3076923077 -0.0420683935
1.4865648651 -2.3076923077 -0.0542194764
1.335619149 -2.3076923077 -0.0668924892
1.1682966572 -2.3076923077 -0.0789459045
0.9918093148 -2.3076923077 -0.0889275284
0.8151582618 -2.3076923077 -0.09535448990000001
0.647416455 -2.3076923077 -0.0971005763
0.4959851095 -2.3076923077 -0.0937475436
0.3654904155 -2.3076923077 -0.0856655888
0.2574824642 -2.3076923077 -0.0748323944
0.1709493387 -2.3076923077 -0.0637366374
0.103582996 -2.3076923077 -0.0525162331
0.0527858199 -2.3076923077 -0.0398474975
0.0170673888 -2.3076923077 -0.0232138017
0 -2.3076923077 0
0.0067497597 -2.3076923077 0.0282624064
0.035345525 -2.3076923077 0.0559928305
0.0817691914 -2.3076923077 0.0816512782
0.147107228 -2.3076923077 0.1046581474
0.2337036204 -2.3076923077 0.1231473553
0.3432802917 -2.3076923077 0.1350956252
0.4759749785 -2.3076923077 0.140401499
0.6298246103 -2.3076923077 0.1398622126
0.800088942 -2.3076923077 0.1333779165
0.9792508406 -2.3076923077 0.1216584398
1.1581277213 -2.3076923077 0.1061814688
1.3276270058 -2.3076923077 0.0887920629
1.4804747844 -2.3076923077 0.0712294054
1.6122639331 -2.3076923077 0.0548156808
1.7215687934 -2.3076923077 0.0403524398
1.8093424581 -2.3076923077 0.0281881649
1.8780140018 -2.3076923077 0.0183214906
1.9306540162 -2.3076923077 0.0105426275
1.9703771878 -2.3076923077 0.0045452207
2 -3.0769230769 0
1.9707062323 -3.0769230769 -0.0035561917
1.931427573 -3.0769230769 -0.008230718999999999
1.8793822597 -3.0769230769 -0.0142623606
1.811495905 -3.0769230769 -0.0218593663
1.7247406515 -3.0769230769 -0.0311379288
1.6167266019 -3.0769230769 -0.042031417
1.4865275088 -3.0769230769 -0.0541785526
1.3355722452 -3.0769230769 -0.0668527359
1.1682397565 -3.0769230769 -0.0789154205
0.9917423842999999 -3.0769230769 -0.0889178346
0.8150814794 -3.0769230769 -0.0953799302
0.6473297789 -3.0769230769 -0.0971767846
0.4958877868 -3.0769230769 -0.09388925989999999
0.3653807419 -3.0769230769 -0.0858836721
0.2573611645 -3.0769230769 -0.0751031355
0.1708248105 -3.0769230769 -0.06399133260000001
0.1034673211 -3.0769230769 -0.0527005023
0.0526907504 -3.0769230769 -0.0399463025
0.0170001646 -3.0769230769 -0.0232507198
0 -3.0769230769 0
0.0069691363 -3.0769230769 0.0281590854
0.0357349082 -3.0769230769 0.0556431541
0.0822594554 -3.0769230769 0.08102624059999999
0.1476449807 -3.0769230769 0.103776134
0.2342428441 -3.0769230769 0.1220760141
0.343787566 -3.0769230769 0.1339406519
0.4764334928 -3.0769230769 0.139247272
0.6302265966 -3.0769230769 0.1387505978
0.8004307517 -3.0769230769 0.1323471505
0.9795327566000001 -3.0769230769 0.120739554
1.1583532911 -3.0769230769 0.1053944413
1.3278021059 -3.0769230769 0.0881439881
1.480606597 -3.0769230769 0.0707159836
1.6123600318 -3.0769230769 0.0544246129
1.721636402 -3.0769230769 0.0400669326
1.8093879483 -3.0769230769 0.0279900375
1.8780426855 -3.0769230769 0.0181933783
1.930670132 -3.0769230769 0.0104692006
1.9703840092 -3.0769230769 0.004513659
2 -3.8461538462 0
1.9707038473 -3.8461538462 -0.0035519862
1.9314220477 -3.8461538462 -0.008221248699999999
1.8793726698 -3.8461538462 -0.014246563
1.8114811679 -3.8461538462 -0.0218364009
1.7247195673 -3.8461538462 -0.0311075359
1.6166979415 -3.8461538462 -0.0419944404
1.4864901525 -3.8461538462 -0.0541376289
1.3355253414 -3.8461538462 -0.0668129826
1.1681828559 -3.8461538462 -0.07888493639999999
0.9916754538 -3.8461538462 -0.0889081407
0.8150046969 -3.8461538462 -0.09540537039999999
0.6472431028 -3.8461538462 -0.097252993
0.4957904641 -3.8461538462 -0.0940309761
0.3652710683 -3.8461538462 -0.08610175539999999
0.2572398647 -3.8461538462 -0.0753738766
0.1707002823 -3.8461538462 -0.06424602779999999
0.1033516461 -3.8461538462 -0.0528847715
0.0525956809 -3.8461538462 -0.0400451076
0.0169329405 -3.8461538462 -0.0232876378
0 -3.8461538462 0
0.007188513 -3.8461538462 0.0280557645
0.0361242914 -3.8461538462 0.0552934777
0.0827497195 -3.8461538462 0.080401203
0.1481827333 -3.8461538462 0.1028941206
0.2347820678 -3.8461538462 0.1210046729
0.3442948402 -3.8461538462 0.1327856786
0.476892007 -3.8461538462 0.1380930451
0.6306285828 -3.8461538462 0.1376389829
0.8007725614 -3.8461538462 0.1313163844
0.9798146727 -3.8461538462 0.1198206681
1.1585788609 -3.8461538462 0.1046074139
1.3279772061 -3.8461538462 0.08749591330000001
1.4807384096 -3.8461538462 0.0702025619
1.6124561306 -3.8461538462 0.0540335451
1.7217040107 -3.8461538462 0.0397814254
1.8094334385 -3.8461538462 0.0277919101
1.8780713692 -3.8461538462 0.018065266
1.9306862478 -3.8461538462 0.0103957737
1.9703908306 -3.8461538462 0.0044820972
2 -4.6153846154 0
1.9707014623 -4.6153846154 -0.0035477807
1.9314165223 -4.6153846154 -0.0082117784
1.87936308 -4.6153846154 -0.0142307655
1.8114664308 -4.6153846154 -0.0218134355
1.7246984831 -4.6153846154 -0.0310771431
1.6166692811 -4.6153846154 -0.0419574639
1.4864527962 -4.6153846154 -0.0540967051
1.3354784376 -4.6153846154 -0.06677322920000001
1.1681259552 -4.6153846154 -0.0788544524
0.9916085234000001 -4.6153846154 -0.0888984468
0.8149279144 -4.6153846154 -0.09543081069999999
0.6471564265999999 -4.6153846154 -0.0973292014
0.4956931413 -4.6153846154 -0.0941726923
0.3651613947 -4.6153846154 -0.0863198386
0.257118565 -4.6153846154 -0.07564461760000001
0.1705757542 -4.6153846154 -0.064500723
0.1032359711 -4.6153846154 -0.0530690407
0.0525006115 -4.6153846154 -0.0401439126
0.0168657163 -4.6153846154 -0.0233245559
0 -4.6153846154 0
0.0074078897 -4.6153846154 0.0279524435
0.0365136746 -4.6153846154 0.0549438012
0.0832399835 -4.6153846154 0.0797761654
0.148720486 -4.6153846154 0.1020121072
0.2353212915 -4.6153846154 0.1199333318
0.3448021145 -4.6153846154 0.1316307053
0.4773505212 -4.6153846154 0.1369388181
0.631030569 -4.6153846154 0.136527368
0.8011143710999999 -4.6153846154 0.1302856184
0.9800965887 -4.6153846154 0.1189017823
1.1588044306 -4.6153846154 0.1038203864
1.3281523063 -4.6153846154 0.0868478385
1.4808702222 -4.6153846154 0.0696891401
1.6125522294 -4.6153846154 0.0536424772
1.7217716193 -4.6153846154 0.0394959182
1.8094789287 -4.6153846154 0.0275937826
1.8781000529 -4.6153846154 0.0179371537
1.9307023636 -4.6153846154 0.0103223467
1.970397652 -4.6153846154 0.0044505355
2 -5.3846153846 0
1.9706990774 -5.3846153846 -0.0035435751
1.9314109969 -5.3846153846 -0.0082023081
1.8793534901 -5.3846153846 -0.014214968
1.8114516936 -5.3846153846 -0.0217904701
1.7246773989 -5.3846153846 -0.0310467503
1.6166406208 -5.3846153846 -0.0419204873
1.4864154398 -5.3846153846 -0.0540557814
1.3354315338 -5.3846153846 -0.06673347590000001
1.1680690545 -5.3846153846 -0.0788239684
0.9915415929 -5.3846153846 -0.088888753
0.8148511319 -5.3846153846 -0.09545625100000001
0.6470697505 -5.3846153846 -0.0974054097
0.4955958186 -5.3846153846 -0.0943144086
0.3650517211 -5.3846153846 -0.08653792189999999
0.2569972652 -5.3846153846 -0.0759153587
0.170451226 -5.3846153846 -0.0647554182
0.1031202961 -5.3846153846 -0.0532533099
0.052405542 -5.3846153846 -0.0402427177
0.0167984922 -5.3846153846 -0.0233614739
0 -5.3846153846 0
0.0076272663 -5.3846153846 0.0278491225
0.0369030577 -5.3846153846 0.0545941248
0.0837302476 -5.3846153846 0.0791511278
0.1492582387 -5.3846153846 0.1011300938
0.2358605152 -5.3846153846 0.1188619906
0.3453093888 -5.3846153846 0.130475732
0.4778090355 -5.3846153846 0.1357845911
0.6314325553 -5.3846153846 0.1354157532
0.8014561809 -5.3846153846 0.1292548524
0.9803785048 -5.3846153846 0.1179828964
1.1590300004 -5.3846153846 0.1030333589
1.3283274065 -5.3846153846 0.08619976360000001
1.4810020348 -5.3846153846 0.06917571829999999
1.6126483282 -5.3846153846 0.0532514094
1.721839228 -5.3846153846 0.0392104109
1.8095244189 -5.3846153846 0.0273956552
1.8781287365 -5.3846153846 0.0178090414
1.9307184794 -5.3846153846 0.0102489198
1.9704044734 -5.3846153846 0.0044189737
2 -6.1538461538 0
1.9706966924 -6.1538461538 -0.0035393696
1.9314054715 -6.1538461538 -0.0081928378
1.8793439002 -6.1538461538 -0.0141991705
1.8114369565 -6.1538461538 -0.0217675047
1.7246563147 -6.1538461538 -0.0310163574
1.6166119604 -6.1538461538 -0.0418835108
1.4863780835 -6.1538461538 -0.0540148576
1.33538463 -6.1538461538 -0.0666937226
1.1680121538 -6.1538461538 -0.07879348429999999
0.9914746625 -6.1538461538 -0.0888790591
0.8147743494 -6.1538461538 -0.0954816913
0.6469830744 -6.1538461538 -0.0974816181
0.4954984958 -6.1538461538 -0.0944561248
0.3649420475 -6.1538461538 -0.0867560052
0.2568759655 -6.1538461538 -0.0761860998
0.1703266978 -6.1538461538 -0.0650101134
0.1030046212 -6.1538461538 -0.0534375792
0.0523104726 -6.1538461538 -0.0403415228
0.016731268 -6.1538461538 -0.023398392
0 -6.1538461538 0
0.007846643 -6.1538461538 0.0277458016
0.0372924409 -6.1538461538 0.0542444484
0.08422051160000001 -6.1538461538 0.0785260902
0.1497959914 -6.1538461538 0.1002480804
0.2363997388 -6.1538461538 0.1177906494
0.3458166631 -6.1538461538 0.1293207587
0.4782675497 -6.1538461538 0.1346303642
0.6318345415 -6.1538461538 0.1343041383
0.8017979906 -6.1538461538 0.1282240864
0.9806604208 -6.1538461538 0.1170640106
1.1592555702 -6.1538461538 0.1022463314
1.3285025067 -6.1538461538 0.0855516888
1.4811338474 -6.1538461538 0.0686622965
1.612744427 -6.1538461538 0.0528603415
1.7219068366 -6.1538461538 0.0389249037
1.8095699091 -6.1538461538 0.0271975278
1.8781574202 -6.1538461538 0.0176809291
1.9307345952 -6.1538461538 0.0101754929
1.9704112948 -6.1538461538 0.004387412
2 -6.9230769231 0
1.9706943074 -6.9230769231 -0.003535164
1.9313999462 -6.9230769231 -0.0081833675
1.8793343103 -6.9230769231 -0.014183373
1.8114222194 -6.9230769231 -0.0217445393
1.7246352305 -6.9230769231 -0.0309859646
1.6165833001 -6.9230769231 -0.0418465342
1.4863407272 -6.9230769231 -0.0539739339
1.3353377262 -6.9230769231 -0.0666539693
1.1679552532 -6.9230769231 -0.0787630003
0.991407732 -6.9230769231 -0.08886936519999999
0.8146975668999999 -6.9230769231 -0.09550713149999999
0.6468963983 -6.9230769231 -0.09755782640000001
0.4954011731 -6.9230769231 -0.0945978411
0.3648323739 -6.9230769231 -0.0869740884
0.2567546657 -6.9230769231 -0.0764568409
0.1702021697 -6.9230769231 -0.0652648086
0.1028889462 -6.9230769231 -0.0536218484
0.0522154031 -6.9230769231 -0.0404403278
0.0166640439 -6.9230769231 -0.02343531
0 -6.9230769231 0
0.0080660197 -6.9230769231 0.0276424806
0.0376818241 -6.9230769231 0.053894772
0.0847107757 -6.9230769231 0.07790105260000001
0.1503337441 -6.9230769231 0.099366067
0.2369389625 -6.9230769231 0.1167193083
0.3463239374 -6.9230769231 0.1281657854
0.4787260639 -6.9230769231 0.1334761372
0.6322365277000001 -6.9230769231 0.1331925234
0.8021398003 -6.9230769231 0.1271933203
0.9809423369 -6.9230769231 0.1161451247
1.1594811399 -6.9230769231 0.1014593039
1.3286776069 -6.9230769231 0.084903614
1.48126566 -6.9230769231 0.0681488747
1.6128405258 -6.9230769231 0.0524692736
1.7219744453 -6.9230769231 0.0386393965
1.8096153993 -6.9230769231 0.0269994003
1.8781861039 -6.9230769231 0.0175528168
1.930750711 -6.9230769231 0.010102066
1.9704181161 -6.9230769231 0.0043558502
2 -7.6923076923 0
1.9706919224 -7.6923076923 -0.0035309585
1.9313944208 -7.6923076923 -0.0081738972
1.8793247204 -7.6923076923 -0.0141675754
1.8114074823 -7.6923076923 -0.0217215739
1.7246141463 -7.6923076923 -0.0309555718
1.6165546397 -7.6923076923 -0.0418095577
1.4863033709 -7.6923076923 -0.0539330101
1.3352908224 -7.6923076923 -0.0666142159
1.1678983525 -7.6923076923 -0.0787325163
0.9913408016 -7.6923076923 -0.08885967140000001
0.8146207844 -7.6923076923 -0.09553257179999999
0.6468097222 -7.6923076923 -0.09763403480000001
0.4953038503 -7.6923076923 -0.0947395573
0.3647227003 -7.6923076923 -0.0871921717
0.2566333659 -7.6923076923 -0.076727582
0.1700776415 -7.6923076923 -0.0655195038
0.1027732712 -7.6923076923 -0.0538061176
0.0521203336 -7.6923076923 -0.0405391329
0.0165968198 -7.6923076923 -0.0234722281
0 -7.6923076923 0
0.008285396299999999 -7.6923076923 0.0275391596
0.0380712073 -7.6923076923 0.0535450956
0.08520103969999999 -7.6923076923 0.077276015
0.1508714968 -7.6923076923 0.0984840535
0.2374781862 -7.6923076923 0.1156479671
0.3468312116 -7.6923076923 0.1270108121
0.4791845781 -7.6923076923 0.1323219102
0.632638514 -7.6923076923 0.1320809085
0.8024816101 -7.6923076923 0.1261625543
0.9812242529 -7.6923076923 0.1152262389
1.1597067097 -7.6923076923 0.1006722765
1.328852707 -7.6923076923 0.08425553919999999
1.4813974726 -7.6923076923 0.067635453
1.6129366246 -7.6923076923 0.0520782058
1.7220420539 -7.6923076923 0.0383538892
1.8096608895 -7.6923076923 0.0268012729
1.8782147875 -7.6923076923 0.0174247044
1.9307668268 -7.6923076923 0.010028639
1.9704249375 -7.6923076923 0.0043242885
2 -8.4615384615 0
1.9706895374 -8.4615384615 -0.003526753
1.9313888954 -8.4615384615 -0.008164426799999999
1.8793151306 -8.4615384615 -0.0141517779
1.8113927452 -8.4615384615 -0.0216986085
1.7245930622 -8.4615384615 -0.0309251789
1.6165259794 -8.4615384615 -0.0417725812
1.4862660146 -8.4615384615 -0.0538920864
1.3352439186 -8.4615384615 -0.0665744626
1.1678414518 -8.4615384615 -0.0787020323
0.9912738711 -8.4615384615 -0.0888499775
0.8145440019 -8.4615384615 -0.09555801210000001
0.6467230461 -8.4615384615 -0.0977102432
0.4952065276 -8.4615384615 -0.0948812735
0.3646130267 -8.4615384615 -0.08741025500000001
0.2565120662 -8.4615384615 -0.07699832299999999
0.1699531133 -8.4615384615 -0.0657741991
0.1026575963 -8.4615384615 -0.0539903868
0.0520252642 -8.4615384615 -0.0406379379
0.0165295956 -8.4615384615 -0.0235091461
0 -8.4615384615 0
0.008504773 -8.4615384615 0.0274358387
0.0384605904 -8.4615384615 0.0531954192
0.08569130379999999 -8.4615384615 0.07665097749999999
0.1514092495 -8.4615384615 0.0976020401
0.2380174099 -8.4615384615 0.1145766259
0.3473384859 -8.4615384615 0.1258558388
0.4796430924 -8.4615384615 0.1311676833
0.6330405002 -8.4615384615 0.1309692937
0.8028234198 -8.4615384615 0.1251317883
0.981506169 -8.4615384615 0.114307353
1.1599322794 -8.4615384615 0.099885249
1.3290278072 -8.4615384615 0.0836074644
1.4815292852 -8.4615384615 0.0671220312
1.6130327234 -8.4615384615 0.0516871379
1.7221096626 -8.4615384615 0.038068382
1.8097063798 -8.4615384615 0.0266031455
1.8782434712 -8.4615384615 0.0172965921
1.9307829426 -8.4615384615 0.009955212099999999
1.9704317589 -8.4615384615 0.0042927268
2 -9.2307692308 0
1.9706871524 -9.2307692308 -0.0035225474
1.93138337 -9.2307692308 -0.008154956499999999
1.8793055407 -9.2307692308 -0.0141359804
1.811378008 -9.2307692308 -0.0216756431
1.724571978 -9.2307692308 -0.0308947861
1.616497319 -9.2307692308 -0.0417356046
1.4862286583 -9.2307692308 -0.0538511626
1.3351970148 -9.2307692308 -0.06653470929999999
1.1677845511 -9.2307692308 -0.0786715482
0.9912069407 -9.2307692308 -0.08884028369999999
0.8144672194 -9.2307692308 -0.0955834523
0.6466363699 -9.2307692308 -0.0977864515
0.4951092049 -9.2307692308 -0.0950229898
0.3645033531 -9.2307692308 -0.0876283382
0.2563907664 -9.2307692308 -0.07726906410000001
0.1698285852 -9.2307692308 -0.0660288943
0.1025419213 -9.2307692308 -0.054174656
0.0519301947 -9.2307692308 -0.040736743
0.0164623715 -9.2307692308 -0.0235460642
0 -9.2307692308 0
0.008724149699999999 -9.2307692308 0.0273325177
0.0388499736 -9.2307692308 0.0528457428
0.0861815678 -9.2307692308 0.07602593990000001
0.1519470022 -9.2307692308 0.0967200267
0.2385566336 -9.2307692308 0.1135052847
0.3478457602 -9.2307692308 0.1247008655
0.4801016066 -9.2307692308 0.1300134563
0.6334424864 -9.2307692308 0.1298576788
0.8031652295 -9.2307692308 0.1241010223
0.981788085 -9.2307692308 0.1133884672
1.1601578492 -9.2307692308 0.0990982215
1.3292029074 -9.2307692308 0.0829593896
1.4816610978 -9.2307692308 0.0666086094
1.6131288221 -9.2307692308 0.0512960701
1.7221772712 -9.2307692308 0.0377828748
1.80975187 -9.2307692308 0.0264050181
1.8782721549 -9.2307692308 0.0171684798
1.9307990584 -9.2307692308 0.0098817852
1.9704385803 -9.2307692308 0.004261165
2 -10 0
1.9706847674 -10 -0.0035183419
1.9313778447 -10 -0.0081454862
1.8792959508 -10 -0.0141201829
1.8113632709 -10 -0.0216526777
1.7245508938 -10 -0.0308643933
1.6164686586 -10 -0.0416986281
1.486191302 -10 -0.0538102389
1.335150111 -10 -0.0664949559
1.1677276504 -10 -0.0786410642
0.9911400102 -10 -0.0888305898
0.8143904369 -10 -0.0956088926
0.6465496938 -10 -0.0978626599
0.4950118821 -10 -0.095164706
0.3643936795 -10 -0.08784642149999999
0.2562694667 -10 -0.07753980520000001
0.169704057 -10 -0.0662835895
0.1024262463 -10 -0.0543589253
0.0518351253 -10 -0.0408355481
0.0163951473 -10 -0.0235829822
0 -10 0
0.008943526300000001 -10 0.0272291967
0.0392393568 -10 0.0524960664
0.0866718319 -10 0.0754009023
0.1524847549 -10 0.0958380133
0.2390958573 -10 0.1124339436
0.3483530345 -10 0.1235458922
0.4805601208 -10 0.1288592293
0.6338444727 -10 0.1287460639
0.8035070392 -10 0.1230702563
0.9820700011 -10 0.1124695813
1.160383419 -10 0.098311194
1.3293780076 -10 0.0823113147
1.4817929104 -10 0.06609518759999999
1.6132249209 -10 0.0509050022
1.7222448799 -10 0.0374973676
1.8097973602 -10 0.0262068906
1.8783008386 -10 0.0170403675
1.9308151742 -10 0.009808358200000001
1.9704454017 -10 0.0042296033
2 -10.7692307692 0
1.9706823824 -10.7692307692 -0.0035141364
1.9313723193 -10.7692307692 -0.0081360159
1.8792863609 -10.7692307692 -0.0141043854
1.8113485338 -10.7692307692 -0.0216297123
1.7245298096 -10.7692307692 -0.0308340004
1.6164399983 -10.7692307692 -0.0416616515
1.4861539457 -10.7692307692 -0.0537693151
1.3351032072 -10.7692307692 -0.0664552026
1.1676707498 -10.7692307692 -0.0786105802
0.9910730797 -10.7692307692 -0.0888208959
0.8143136545 -10.7692307692 -0.09563433289999999
0.6464630177 -10.7692307692 -0.0979388683
0.4949145594 -10.7692307692 -0.0953064223
0.3642840059 -10.7692307692 -0.0880645048
0.2561481669 -10.7692307692 -0.07781054630000001
0.1695795289 -10.7692307692 -0.06653828470000001
0.1023105713 -10.7692307692 -0.0545431945
0.0517400558 -10.7692307692 -0.0409343531
0.0163279232 -10.7692307692 -0.0236199003
0 -10.7692307692 0
0.009162903 -10.7692307692 0.0271258758
0.03962874 -10.7692307692 0.05214639
0.0871620959 -10.7692307692 0.0747758647
0.1530225075 -10.7692307692 0.0949559999
0.2396350809 -10.7692307692 0.1113626024
0.3488603088 -10.7692307692 0.1223909189
0.4810186351 -10.7692307692 0.1277050024
0.6342464589 -10.7692307692 0.1276344491
0.803848849 -10.7692307692 0.1220394902
0.9823519171 -10.7692307692 0.1115506955
1.1606089887 -10.7692307692 0.0975241665
1.3295531078 -10.7692307692 0.0816632399
1.481924723 -10.7692307692 0.06558176590000001
1.6133210197 -10.7692307692 0.0505139343
1.7223124886 -10.7692307692 0.0372118603
1.8098428504 -10.7692307692 0.0260087632
1.8783295222 -10.7692307692 0.0169122552
1.93083129 -10.7692307692 0.009734931299999999
1.9704522231 -10.7692307692 0.0041980415
2 -11.5384615385 0
1.9706799975 -11.5384615385 -0.0035099308
1.9313667939 -11.5384615385 -0.0081265456
1.8792767711 -11.5384615385 -0.0140885879
1.8113337967 -11.5384615385 -0.021606747
1.7245087254 -11.5384615385 -0.0308036076
1.6164113379 -11.5384615385 -0.041624675
1.4861165894 -11.5384615385 -0.0537283914
1.3350563034 -11.5384615385 -0.0664154493
1.1676138491 -11.5384615385 -0.0785800962
0.9910061493 -11.5384615385 -0.0888112021
0.8142368719999999 -11.5384615385 -0.09565977320000001
0.6463763416 -11.5384615385 -0.0980150766
0.4948172366 -11.5384615385 -0.0954481385
0.3641743322 -11.5384615385 -0.088282588
0.2560268672 -11.5384615385 -0.0780812873
0.1694550007 -11.5384615385 -0.06679297989999999
0.1021948964 -11.5384615385 -0.0547274637
0.0516449864 -11.5384615385 -0.0410331582
0.0162606991 -11.5384615385 -0.0236568184
0 -11.5384615385 0
0.009382279699999999 -11.5384615385 0.0270225548
0.0400181232 -11.5384615385 0.0517967135
0.0876523599 -11.5384615385 0.0741508271
0.1535602602 -11.5384615385 0.0940739865
0.2401743046 -11.5384615385 0.1102912612
0.349367583 -11.5384615385 0.1212359456
0.4814771493 -11.5384615385 0.1265507754
0.6346484451 -11.5384615385 0.1265228342
0.8041906586999999 -11.5384615385 0.1210087242
0.9826338332 -11.5384615385 0.1106318097
1.1608345585 -11.5384615385 0.09673713909999999
1.329728208 -11.5384615385 0.08101516509999999
1.4820565356 -11.5384615385 0.06506834409999999
1.6134171185 -11.5384615385 0.0501228665
1.7223800972 -11.5384615385 0.0369263531
1.8098883406 -11.5384615385 0.0258106358
1.8783582059 -11.5384615385 0.0167841429
1.9308474058 -11.5384615385 0.0096615044
1.9704590445 -11.5384615385 0.0041664798
2 -12.3076923077 0
1.9706776125 -12.3076923077 -0.0035057253
1.9313612685 -12.3076923077 -0.0081170753
1.8792671812 -12.3076923077 -0.0140727903
1.8113190595 -12.3076923077 -0.0215837816
1.7244876412 -12.3076923077 -0.0307732148
1.6163826776 -12.3076923077 -0.0415876984
1.4860792331 -12.3076923077 -0.0536874677
1.3350093996 -12.3076923077 -0.066375696
1.1675569484 -12.3076923077 -0.0785496121
0.9909392188 -12.3076923077 -0.0888015082
0.8141600895 -12.3076923077 -0.0956852134
0.6462896655 -12.3076923077 -0.098091285
0.4947199139 -12.3076923077 -0.0955898547
0.3640646586 -12.3076923077 -0.0885006713
0.2559055674 -12.3076923077 -0.0783520284
0.1693304725 -12.3076923077 -0.0670476751
0.1020792214 -12.3076923077 -0.0549117329
0.0515499169 -12.3076923077 -0.0411319632
0.0161934749 -12.3076923077 -0.0236937364
0 -12.3076923077 0
0.009601656300000001 -12.3076923077 0.0269192338
0.0404075063 -12.3076923077 0.0514470371
0.088142624 -12.3076923077 0.07352578949999999
0.1540980129 -12.3076923077 0.09319197310000001
0.2407135283 -12.3076923077 0.1092199201
0.3498748573 -12.3076923077 0.1200809723
0.4819356635 -12.3076923077 0.1253965484
0.6350504313999999 -12.3076923077 0.1254112193
0.8045324684 -12.3076923077 0.1199779582
0.9829157492 -12.3076923077 0.1097129238
1.1610601282 -12.3076923077 0.0959501116
1.3299033081 -12.3076923077 0.0803670903
1.4821883482 -12.3076923077 0.0645549223
1.6135132173 -12.3076923077 0.0497317986
1.7224477059 -12.3076923077 0.0366408459
1.8099338308 -12.3076923077 0.0256125084
1.8783868896 -12.3076923077 0.0166560306
1.9308635216 -12.3076923077 0.0095880775
1.9704658659 -12.3076923077 0.004134918
2 -13.0769230769 0
1.9706752275 -13.0769230769 -0.0035015197
1.9313557432 -13.0769230769 -0.008107605
1.8792575913 -13.0769230769 -0.0140569928
1.8113043224 -13.0769230769 -0.0215608162
1.724466557 -13.0769230769 -0.0307428219
1.6163540172 -13.0769230769 -0.0415507219
1.4860418768 -13.0769230769 -0.0536465439
1.3349624958 -13.0769230769 -0.0663359426
1.1675000477 -13.0769230769 -0.0785191281
0.9908722884 -13.0769230769 -0.08879181429999999
0.814083307 -13.0769230769 -0.0957106537
0.6462029894 -13.0769230769 -0.09816749330000001
0.4946225911 -13.0769230769 -0.095731571
0.363954985 -13.0769230769 -0.0887187546
0.2557842676 -13.0769230769 -0.07862276949999999
0.1692059444 -13.0769230769 -0.0673023703
0.1019635464 -13.0769230769 -0.0550960021
0.0514548474 -13.0769230769 -0.0412307683
0.0161262508 -13.0769230769 -0.0237306545
0 -13.0769230769 0
0.009821033 -13.0769230769 0.0268159129
0.0407968895 -13.0769230769 0.0510973607
0.08863288800000001 -13.0769230769 0.0729007519
0.1546357656 -13.0769230769 0.0923099597
0.241252752 -13.0769230769 0.1081485789
0.3503821316 -13.0769230769 0.118925999
0.4823941778 -13.0769230769 0.1242423215
0.6354524176 -13.0769230769 0.1242996045
0.8048742782 -13.0769230769 0.1189471922
0.9831976653 -13.0769230769 0.108794038
1.161285698 -13.0769230769 0.0951630841
1.3300784083 -13.0769230769 0.0797190155
1.4823201608 -13.0769230769 0.0640415005
1.6136093161 -13.0769230769 0.0493407308
1.7225153145 -13.0769230769 0.0363553386
1.809979321 -13.0769230769 0.0254143809
1.8784155732 -13.0769230769 0.0165279183
1.9308796374 -13.0769230769 0.009514650499999999
1.9704726872 -13.0769230769 0.0041033563
2 -13.8461538462 0
1.9706728425 -13.8461538462 -0.0034973142
1.9313502178 -13.8461538462 -0.008098134700000001
1.8792480014 -13.8461538462 -0.0140411953
1.8112895853 -13.8461538462 -0.0215378508
1.7244454728 -13.8461538462 -0.0307124291
1.6163253569 -13.8461538462 -0.0415137453
1.4860045205 -13.8461538462 -0.0536056202
1.334915592 -13.8461538462 -0.0662961893
1.167443147 -13.8461538462 -0.0784886441
0.9908053579 -13.8461538462 -0.08878212050000001
0.8140065245 -13.8461538462 -0.09573609399999999
0.6461163132 -13.8461538462 -0.09824370170000001
0.4945252684 -13.8461538462 -0.0958732872
0.3638453114 -13.8461538462 -0.0889368378
0.2556629679 -13.8461538462 -0.07889351059999999
0.1690814162 -13.8461538462 -0.0675570655
0.1018478715 -13.8461538462 -0.0552802714
0.051359778 -13.8461538462 -0.0413295734
0.0160590266 -13.8461538462 -0.0237675725
0 -13.8461538462 0
0.0100404097 -13.8461538462 0.0267125919
0.0411862727 -13.8461538462 0.0507476843
0.08912315210000001 -13.8461538462 0.0722757143
0.1551735183 -13.8461538462 0.09142794629999999
0.2417919757 -13.8461538462 0.1070772377
0.3508894059 -13.8461538462 0.1177710257
0.482852692 -13.8461538462 0.1230880945
0.6358544038 -13.8461538462 0.1231879896
0.8052160879 -13.8461538462 0.1179164261
0.9834795813 -13.8461538462 0.1078751521
1.1615112678 -13.8461538462 0.09437605659999999
1.3302535085 -13.8461538462 0.0790709406
1.4824519734 -13.8461538462 0.0635280788
1.6137054149 -13.8461538462 0.0489496629
1.7225829232 -13.8461538462 0.0360698314
1.8100248113 -13.8461538462 0.0252162535
1.8784442569 -13.8461538462 0.0163998059
1.9308957532 -13.8461538462 0.0094412236
1.9704795086 -13.8461538462 0.0040717945
2 -14.6153846154 0
1.9706704575 -14.6153846154 -0.0034931087
1.9313446924 -14.6153846154 -0.008088664299999999
1.8792384115 -14.6153846154 -0.0140253978
1.8112748482 -14.6153846154 -0.0215148854
1.7244243887 -14.6153846154 -0.0306820363
1.6162966965 -14.6153846154 -0.0414767688
1.4859671642 -14.6153846154 -0.0535646964
1.3348686882 -14.6153846154 -0.066256436
1.1673862464 -14.6153846154 -0.07845816009999999
0.9907384275 -14.6153846154 -0.0887724266
0.813929742 -14.6153846154 -0.0957615342
0.6460296371000001 -14.6153846154 -0.0983199101
0.4944279457 -14.6153846154 -0.0960150035
0.3637356378 -14.6153846154 -0.08915492110000001
0.2555416681 -14.6153846154 -0.0791642516
0.168956888 -14.6153846154 -0.0678117607
0.1017321965 -14.6153846154 -0.0554645406
0.0512647085 -14.6153846154 -0.0414283784
0.0159918025 -14.6153846154 -0.0238044906
0 -14.6153846154 0
0.0102597863 -14.6153846154 0.026609271
0.0415756559 -14.6153846154 0.0503980079
0.0896134161 -14.6153846154 0.07165067679999999
0.155711271 -14.6153846154 0.0905459329
0.2423311994 -14.6153846154 0.1060058966
0.3513966801 -14.6153846154 0.1166160524
0.4833112062 -14.6153846154 0.1219338676
0.6362563901 -14.6153846154 0.1220763747
0.8055578976 -14.6153846154 0.1168856601
0.9837614974 -14.6153846154 0.1069562663
1.1617368375 -14.6153846154 0.0935890291
1.3304286087 -14.6153846154 0.07842286580000001
1.482583786 -14.6153846154 0.063014657
1.6138015136 -14.6153846154 0.0485585951
1.7226505318 -14.6153846154 0.0357843242
1.8100703015 -14.6153846154 0.0250181261
1.8784729406 -14.6153846154 0.0162716936
1.930911869 -14.6153846154 0.0093677967
1.97048633 -14.6153846154 0.0040402328
2 -15.3846153846 0
1.9706680725 -15.3846153846 -0.0034889031
1.931339167 -15.3846153846 -0.008079194
1.8792288217 -15.3846153846 -0.0140096003
1.811260111 -15.3846153846 -0.02149192
1.7244033045 -15.3846153846 -0.0306516434
1.6162680361 -15.3846153846 -0.0414397922
1.4859298079 -15.3846153846 -0.0535237727
1.3348217844 -15.3846153846 -0.0662166827
1.1673293457 -15.3846153846 -0.078427676
0.990671497 -15.3846153846 -0.0887627327
0.8138529595 -15.3846153846 -0.0957869745
0.645942961 -15.3846153846 -0.0983961184
0.4943306229 -15.3846153846 -0.0961567197
0.3636259642 -15.3846153846 -0.0893730044
0.2554203684 -15.3846153846 -0.0794349927
0.1688323599 -15.3846153846 -0.0680664559
0.1016165215 -15.3846153846 -0.0556488098
0.0511696391 -15.3846153846 -0.0415271835
0.0159245783 -15.3846153846 -0.0238414086
0 -15.3846153846 0
0.010479163 -15.3846153846 0.02650595
0.041965039 -15.3846153846 0.0500483315
0.09010368019999999 -15.3846153846 0.0710256392
0.1562490237 -15.3846153846 0.08966391949999999
0.242870423 -15.3846153846 0.1049345554
0.3519039544 -15.3846153846 0.1154610791
0.4837697204 -15.3846153846 0.1207796406
0.6366583763 -15.3846153846 0.1209647598
0.8058997074000001 -15.3846153846 0.1158548941
0.9840434134 -15.3846153846 0.1060373804
1.1619624073 -15.3846153846 0.0928020017
1.3306037089 -15.3846153846 0.077774791
1.4827155987 -15.3846153846 0.0625012352
1.6138976124 -15.3846153846 0.0481675272
1.7227181405 -15.3846153846 0.035498817
1.8101157917 -15.3846153846 0.0248199986
1.8785016243 -15.3846153846 0.0161435813
1.9309279848 -15.3846153846 0.009294369699999999
1.9704931514 -15.3846153846 0.0040086711
2 -16.1538461538 0
1.9706656875 -16.1538461538 -0.0034846976
1.9313336417 -16.1538461538 -0.0080697237
1.8792192318 -16.1538461538 -0.0139938027
1.8112453739 -16.1538461538 -0.0214689546
1.7243822203 -16.1538461538 -0.0306212506
1.6162393758 -16.1538461538 -0.0414028157
1.4858924516 -16.1538461538 -0.0534828489
1.3347748807 -16.1538461538 -0.06617692930000001
1.167272445 -16.1538461538 -0.078397192
0.9906045665 -16.1538461538 -0.0887530389
0.813776177 -16.1538461538 -0.0958124148
0.6458562849 -16.1538461538 -0.0984723268
0.4942333002 -16.1538461538 -0.09629843590000001
0.3635162906 -16.1538461538 -0.0895910877
0.2552990686 -16.1538461538 -0.0797057338
0.1687078317 -16.1538461538 -0.0683211511
0.1015008465 -16.1538461538 -0.055833079
0.0510745696 -16.1538461538 -0.0416259886
0.0158573542 -16.1538461538 -0.0238783267
0 -16.1538461538 0
0.0106985397 -16.1538461538 0.026402629
0.0423544222 -16.1538461538 0.0496986551
0.0905939442 -16.1538461538 0.0704006016
0.1567867764 -16.1538461538 0.0887819061
0.2434096467 -16.1538461538 0.1038632142
0.3524112287 -16.1538461538 0.1143061058
0.4842282347 -16.1538461538 0.1196254136
0.6370603626 -16.1538461538 0.119853145
0.8062415171 -16.1538461538 0.1148241281
0.9843253295 -16.1538461538 0.1051184946
1.1621879771 -16.1538461538 0.0920149742
1.3307788091 -16.1538461538 0.0771267162
1.4828474113 -16.1538461538 0.0619878134
1.6139937112 -16.1538461538 0.0477764593
1.7227857491 -16.1538461538 0.0352133097
1.8101612819 -16.1538461538 0.0246218712
1.8785303079 -16.1538461538 0.016015469
1.9309441006 -16.1538461538 0.0092209428
1.9704999728 -16.1538461538 0.0039771093
2 -16.9230769231 0
1.9706633025 -16.9230769231 -0.0034804921
1.9313281163 -16.9230769231 -0.0080602534
1.8792096419 -16.9230769231 -0.0139780052
1.8112306368 -16.9230769231 -0.0214459892
1.7243611361 -16.9230769231 -0.0305908578
1.6162107154 -16.9230769231 -0.0413658392
1.4858550953 -16.9230769231 -0.0534419252
1.3347279769 -16.9230769231 -0.06613717600000001
1.1672155443 -16.9230769231 -0.07836670799999999
0.9905376361 -16.9230769231 -0.088743345
0.8136993945 -16.9230769231 -0.09583785509999999
0.6457696088 -16.9230769231 -0.0985485351
0.4941359774 -16.9230769231 -0.0964401522
0.363406617 -16.9230769231 -0.0898091709
0.2551777689 -16.9230769231 -0.0799764749
0.1685833036 -16.9230769231 -0.06857584630000001
0.1013851716 -16.9230769231 -0.0560173483
0.0509795002 -16.9230769231 -0.0417247936
0.0157901301 -16.9230769231 -0.0239152447
0 -16.9230769231 0
0.0109179163 -16.9230769231 0.0262993081
0.0427438054 -16.9230769231 0.0493489787
0.0910842083 -16.9230769231 0.069775564
0.1573245291 -16.9230769231 0.0878998926
0.2439488704 -16.9230769231 0.1027918731
0.352918503 -16.9230769231 0.1131511325
0.4846867489 -16.9230769231 0.1184711867
0.6374623488 -16.9230769231 0.1187415301
0.8065833268 -16.9230769231 0.1137933621
0.9846072455 -16.9230769231 0.1041996087
1.1624135468 -16.9230769231 0.09122794670000001
1.3309539092 -16.9230769231 0.07647864140000001
1.4829792239 -16.9230769231 0.0614743917
1.61408981 -16.9230769231 0.0473853915
1.7228533578 -16.9230769231 0.0349278025
1.8102067721 -16.9230769231 0.0244237438
1.8785589916 -16.9230769231 0.0158873567
1.9309602164 -16.9230769231 0.0091475159
1.9705067942 -16.9230769231 0.0039455476
2 -17.6923076923 0
1.9706609176 -17.6923076923 -0.0034762865
1.9313225909 -17.6923076923 -0.0080507831
1.879200052 -17.6923076923 -0.0139622077
1.8112158997 -17.6923076923 -0.0214230238
1.7243400519 -17.6923076923 -0.0305604649
1.6161820551 -17.6923076923 -0.0413288626
1.485817739 -17.6923076923 -0.0534010014
1.3346810731 -17.6923076923 -0.06609742270000001
1.1671586436 -17.6923076923 -0.078336224
0.9904707055999999 -17.6923076923 -0.0887336512
0.813622612 -17.6923076923 -0.0958632953
0.6456829326 -17.6923076923 -0.0986247435
0.4940386547 -17.6923076923 -0.09658186840000001
0.3632969434 -17.6923076923 -0.0900272542
0.2550564691 -17.6923076923 -0.080247216
0.1684587754 -17.6923076923 -0.06883054149999999
0.1012694966 -17.6923076923 -0.0562016175
0.0508844307 -17.6923076923 -0.0418235987
0.0157229059 -17.6923076923 -0.0239521628
0 -17.6923076923 0
0.011137293 -17.6923076923 0.0261959871
0.0431331886 -17.6923076923 0.0489993022
0.0915744723 -17.6923076923 0.0691505264
0.1578622817 -17.6923076923 0.0870178792
0.2444880941 -17.6923076923 0.1017205319
0.3534257773 -17.6923076923 0.1119961592
0.4851452631 -17.6923076923 0.1173169597
0.6378643349999999 -17.6923076923 0.1176299152
0.8069251365 -17.6923076923 0.112762596
0.9848891616 -17.6923076923 0.1032807229
1.1626391166 -17.6923076923 0.0904409192
1.3311290094 -17.6923076923 0.0758305666
1.4831110365 -17.6923076923 0.0609609699
1.6141859088 -17.6923076923 0.0469943236
1.7229209665 -17.6923076923 0.0346422953
1.8102522623 -17.6923076923 0.0242256164
1.8785876753 -17.6923076923 0.0157592444
1.9309763322 -17.6923076923 0.009074089
1.9705136156 -17.6923076923 0.0039139858
2 -18.4615384615 0
1.9706585326 -18.4615384615 -0.003472081
1.9313170655 -18.4615384615 -0.0080413128
1.8791904622 -18.4615384615 -0.0139464102
1.8112011626 -18.4615384615 -0.0214000584
1.7243189677 -18.4615384615 -0.0305300721
1.6161533947 -18.4615384615 -0.0412918861
1.4857803827 -18.4615384615 -0.0533600777
1.3346341693 -18.4615384615 -0.0660576694
1.167101743 -18.4615384615 -0.0783057399
0.9904037752 -18.4615384615 -0.0887239573
0.8135458296 -18.4615384615 -0.0958887356
0.6455962565 -18.4615384615 -0.0987009519
0.4939413319 -18.4615384615 -0.0967235847
0.3631872698 -18.4615384615 -0.09024533749999999
0.2549351694 -18.4615384615 -0.080517957
0.1683342472 -18.4615384615 -0.0690852367
0.1011538216 -18.4615384615 -0.0563858867
0.0507893612 -18.4615384615 -0.0419224037
0.0156556818 -18.4615384615 -0.0239890808
0 -18.4615384615 0
0.0113566697 -18.4615384615 0.0260926661
0.0435225717 -18.4615384615 0.0486496258
0.0920647364 -18.4615384615 0.06852548880000001
0.1584000344 -18.4615384615 0.0861358658
0.2450273178 -18.4615384615 0.1006491907
0.3539330515 -18.4615384615 0.1108411859
0.4856037774 -18.4615384615 0.1161627327
0.6382663213000001 -18.4615384615 0.1165183004
0.8072669463 -18.4615384615 0.11173183
0.9851710776 -18.4615384615 0.102361837
1.1628646863 -18.4615384615 0.0896538917
1.3313041096 -18.4615384615 0.07518249170000001
1.4832428491 -18.4615384615 0.0604475481
1.6142820076 -18.4615384615 0.0466032558
1.7229885751 -18.4615384615 0.034356788
1.8102977525 -18.4615384615 0.0240274889
1.8786163589 -18.4615384615 0.0156311321
1.930992448 -18.4615384615 0.009000662
1.970520437 -18.4615384615 0.0038824241
2 -19.2307692308 0
1.9706561476 -19.2307692308 -0.0034678754
1.9313115402 -19.2307692308 -0.008031842500000001
1.8791808723 -19.2307692308 -0.0139306127
1.8111864254 -19.2307692308 -0.021377093
1.7242978835 -19.2307692308 -0.0304996793
1.6161247344 -19.2307692308 -0.0412549095
1.4857430264 -19.2307692308 -0.0533191539
1.3345872655 -19.2307692308 -0.066017916
1.1670448423 -19.2307692308 -0.07827525589999999
0.9903368447000001 -19.2307692308 -0.08871426340000001
0.8134690471 -19.2307692308 -0.0959141759
0.6455095803999999 -19.2307692308 -0.09877716020000001
0.4938440092 -19.2307692308 -0.09686530090000001
0.3630775962 -19.2307692308 -0.09046342070000001
0.2548138696 -19.2307692308 -0.0807886981
0.1682097191 -19.2307692308 -0.0693399319
0.1010381467 -19.2307692308 -0.0565701559
0.0506942918 -19.2307692308 -0.0420212088
0.0155884576 -19.2307692308 -0.0240259989
0 -19.2307692308 0
0.0115760463 -19.2307692308 0.0259893452
0.0439119549 -19.2307692308 0.0482999494
0.0925550004 -19.2307692308 0.0679004512
0.1589377871 -19.2307692308 0.0852538524
0.2455665415 -19.2307692308 0.0995778496
0.3544403258 -19.2307692308 0.1096862126
0.4860622916 -19.2307692308 0.1150085058
0.6386683075 -19.2307692308 0.1154066855
0.807608756 -19.2307692308 0.110701064
0.9854529936999999 -19.2307692308 0.1014429512
1.1630902561 -19.2307692308 0.0888668643
1.3314792098 -19.2307692308 0.0745344169
1.4833746617 -19.2307692308 0.0599341263
1.6143781064 -19.2307692308 0.0462121879
1.7230561838 -19.2307692308 0.0340712808
1.8103432427 -19.2307692308 0.0238293615
1.8786450426 -19.2307692308 0.0155030198
1.9310085638 -19.2307692308 0.0089272351
1.9705272583 -19.2307692308 0.0038508623
2 -20 0
1.9706537626 -20 -0.0034636699
1.9313060148 -20 -0.008022372200000001
1.8791712824 -20 -0.0139148151
1.8111716883 -20 -0.0213541276
1.7242767994 -20 -0.0304692864
1.616096074 -20 -0.041217933
1.4857056701 -20 -0.0532782302
1.3345403617 -20 -0.0659781627
1.1669879416 -20 -0.0782447719
0.9902699143 -20 -0.08870456960000001
0.8133922646 -20 -0.09593961619999999
0.6454229043 -20 -0.09885336860000001
0.4937466865 -20 -0.0970070171
0.3629679226 -20 -0.090681504
0.2546925698 -20 -0.0810594392
0.1680851909 -20 -0.0695946271
0.1009224717 -20 -0.0567544251
0.0505992223 -20 -0.0421200139
0.0155212335 -20 -0.024062917
0 -20 0
0.011795423 -20 0.0258860242
0.0443013381 -20 0.047950273
0.0930452645 -20 0.0672754136
0.1594755398 -20 0.084371839
0.2461057651 -20 0.0985065084
0.3549476001 -20 0.1085312393
0.4865208058 -20 0.1138542788
0.6390702937 -20 0.1142950706
0.8079505657 -20 0.109670298
0.9857349097 -20 0.1005240653
1.1633158259 -20 0.08807983680000001
1.33165431 -20 0.0738863421
1.4835064743 -20 0.0594207045
1.6144742051 -20 0.0458211201
1.7231237924 -20 0.0337857736
1.810388733 -20 0.0236312341
1.8786737263 -20 0.0153749074
1.9310246796 -20 0.0088538082
1.9705340797 -20 0.0038193006
2 -20.7692307692 0
1.9706513776 -20.7692307692 -0.0034594644
1.9313004894 -20.7692307692 -0.0080129018
1.8791616925 -20.7692307692 -0.0138990176
1.8111569512 -20.7692307692 -0.0213311622
1.7242557152 -20.7692307692 -0.0304388936
1.6160674137 -20.7692307692 -0.0411809564
1.4856683138 -20.7692307692 -0.0532373064
1.3344934579 -20.7692307692 -0.06593840939999999
1.1669310409 -20.7692307692 -0.0782142878
0.9902029838 -20.7692307692 -0.08869487569999999
0.8133154821 -20.7692307692 -0.0959650564
0.6453362282 -20.7692307692 -0.098929577
0.4936493637 -20.7692307692 -0.09714873340000001
0.362858249 -20.7692307692 -0.0908995873
0.2545712701 -20.7692307692 -0.0813301803
0.1679606627 -20.7692307692 -0.0698493223
0.1008067967 -20.7692307692 -0.0569386944
0.0505041529 -20.7692307692 -0.0422188189
0.0154540094 -20.7692307692 -0.024099835
0 -20.7692307692 0
0.0120147997 -20.7692307692 0.0257827032
0.0446907213 -20.7692307692 0.0476005966
0.09353552850000001 -20.7692307692 0.06665037610000001
0.1600132925 -20.7692307692 0.0834898256
0.2466449888 -20.7692307692 0.09743516720000001
0.3554548744 -20.7692307692 0.107376266
0.48697932 -20.7692307692 0.1127000518
0.63947228 -20.7692307692 0.1131834557
0.8082923755 -20.7692307692 0.108639532
0.9860168257 -20.7692307692 0.0996051795
1.1635413956 -20.7692307692 0.0872928093
1.3318294102 -20.7692307692 0.07323826730000001
1.4836382869 -20.7692307692 0.0589072828
1.6145703039 -20.7692307692 0.0454300522
1.7231914011 -20.7692307692 0.0335002664
1.8104342232 -20.7692307692 0.0234331067
1.87870241 -20.7692307692 0.0152467951
1.9310407954 -20.7692307692 0.008780381199999999
1.9705409011 -20.7692307692 0.0037877388
2 -21.5384615385 0
1.9706489926 -21.5384615385 -0.0034552588
1.931294964 -21.5384615385 -0.0080034315
1.8791521027 -21.5384615385 -0.0138832201
1.8111422141 -21.5384615385 -0.0213081969
1.724234631 -21.5384615385 -0.0304085008
1.6160387533 -21.5384615385 -0.0411439799
1.4856309575 -21.5384615385 -0.0531963827
1.3344465541 -21.5384615385 -0.06589865609999999
1.1668741402 -21.5384615385 -0.07818380380000001
0.9901360534 -21.5384615385 -0.0886851818
0.8132386995999999 -21.5384615385 -0.0959904967
0.6452495521 -21.5384615385 -0.0990057853
0.493552041 -21.5384615385 -0.0972904496
0.3627485754 -21.5384615385 -0.0911176705
0.2544499703 -21.5384615385 -0.0816009213
0.1678361346 -21.5384615385 -0.0701040175
0.1006911217 -21.5384615385 -0.0571229636
0.0504090834 -21.5384615385 -0.042317624
0.0153867852 -21.5384615385 -0.0241367531
0 -21.5384615385 0
0.0122341763 -21.5384615385 0.0256793823
0.0450801044 -21.5384615385 0.0472509202
0.0940257925 -21.5384615385 0.0660253385
0.1605510452 -21.5384615385 0.08260781220000001
0.2471842125 -21.5384615385 0.096363826
0.3559621487 -21.5384615385 0.1062212927
0.4874378343 -21.5384615385 0.1115458249
0.6398742662 -21.5384615385 0.1120718409
0.8086341852 -21.5384615385 0.1076087659
0.9862987418 -21.5384615385 0.0986862937
1.1637669654 -21.5384615385 0.0865057818
1.3320045103 -21.5384615385 0.0725901925
1.4837700995 -21.5384615385 0.058393861
1.6146664027 -21.5384615385 0.0450389843
1.7232590097 -21.5384615385 0.0332147591
1.8104797134 -21.5384615385 0.0232349792
1.8787310936 -21.5384615385 0.0151186828
1.9310569112 -21.5384615385 0.0087069543
1.9705477225 -21.5384615385 0.0037561771
2 -22.3076923077 0
1.9706466076 -22.3076923077 -0.0034510533
1.9312894387 -22.3076923077 -0.0079939612
1.8791425128 -22.3076923077 -0.0138674226
1.8111274769 -22.3076923077 -0.0212852315
1.7242135468 -22.3076923077 -0.0303781079
1.6160100929 -22.3076923077 -0.0411070033
1.4855936012 -22.3076923077 -0.0531554589
1.3343996503 -22.3076923077 -0.0658589027
1.1668172396 -22.3076923077 -0.0781533198
0.9900691229 -22.3076923077 -0.088675488
0.8131619171 -22.3076923077 -0.096015937
0.6451628759 -22.3076923077 -0.0990819937
0.4934547182 -22.3076923077 -0.09743216590000001
0.3626389018 -22.3076923077 -0.0913357538
0.2543286706 -22.3076923077 -0.0818716624
0.1677116064 -22.3076923077 -0.07035871270000001
0.1005754468 -22.3076923077 -0.0573072328
0.0503140139 -22.3076923077 -0.042416429
0.0153195611 -22.3076923077 -0.0241736711
0 -22.3076923077 0
0.012453553 -22.3076923077 0.0255760613
0.0454694876 -22.3076923077 0.0469012438
0.0945160566 -22.3076923077 0.0654003009
0.1610887979 -22.3076923077 0.0817257988
0.2477234362 -22.3076923077 0.0952924849
0.3564694229 -22.3076923077 0.1050663194
0.4878963485 -22.3076923077 0.1103915979
0.6402762524 -22.3076923077 0.110960226
0.8089759949000001 -22.3076923077 0.1065779999
0.9865806578 -22.3076923077 0.0977674078
1.1639925352 -22.3076923077 0.08571875430000001
1.3321796105 -22.3076923077 0.0719421177
1.4839019121 -22.3076923077 0.0578804392
1.6147625015 -22.3076923077 0.0446479165
1.7233266184 -22.3076923077 0.0329292519
1.8105252036 -22.3076923077 0.0230368518
1.8787597773 -22.3076923077 0.0149905705
1.9310730269 -22.3076923077 0.0086335274
1.9705545439 -22.3076923077 0.0037246154
2 -23.0769230769 0
1.9706442226 -23.0769230769 -0.0034468478
1.9312839133 -23.0769230769 -0.0079844909
1.8791329229 -23.0769230769 -0.0138516251
1.8111127398 -23.0769230769 -0.0212622661
1.7241924626 -23.0769230769 -0.0303477151
1.6159814326 -23.0769230769 -0.0410700268
1.4855562449 -23.0769230769 -0.0531145352
1.3343527465 -23.0769230769 -0.0658191494
1.1667603389 -23.0769230769 -0.0781228358
0.9900021924 -23.0769230769 -0.0886657941
0.8130851346 -23.0769230769 -0.0960413772
0.6450761998 -23.0769230769 -0.099158202
0.4933573955 -23.0769230769 -0.0975738821
0.3625292282 -23.0769230769 -0.09155383709999999
0.2542073708 -23.0769230769 -0.0821424035
0.1675870782 -23.0769230769 -0.07061340789999999
0.1004597718 -23.0769230769 -0.057491502
0.0502189445 -23.0769230769 -0.0425152341
0.0152523369 -23.0769230769 -0.0242105892
0 -23.0769230769 0
0.0126729297 -23.0769230769 0.0254727403
0.0458588708 -23.0769230769 0.0465515674
0.0950063206 -23.0769230769 0.0647752633
0.1616265506 -23.0769230769 0.08084378540000001
0.2482626599 -23.0769230769 0.0942211437
0.3569766972 -23.0769230769 0.1039113461
0.4883548627 -23.0769230769 0.1092373709
0.6406782387 -23.0769230769 0.1098486111
0.8093178046 -23.0769230769 0.1055472339
0.9868625739 -23.0769230769 0.09684852200000001
1.1642181049 -23.0769230769 0.0849317269
1.3323547107 -23.0769230769 0.0712940428
1.4840337247 -23.0769230769 0.0573670174
1.6148586003 -23.0769230769 0.0442568486
1.723394227 -23.0769230769 0.0326437447
1.8105706938 -23.0769230769 0.0228387244
1.878788461 -23.0769230769 0.0148624582
1.9310891427 -23.0769230769 0.008560100500000001
1.9705613653 -23.0769230769 0.0036930536
2 -23.8461538462 0
1.9706418377 -23.8461538462 -0.0034426422
1.9312783879 -23.8461538462 -0.0079750206
1.879123333 -23.8461538462 -0.0138358275
1.8110980027 -23.8461538462 -0.0212393007
1.7241713784 -23.8461538462 -0.0303173223
1.6159527722 -23.8461538462 -0.0410330503
1.4855188886 -23.8461538462 -0.0530736114
1.3343058427 -23.8461538462 -0.0657793961
1.1667034382 -23.8461538462 -0.07809235170000001
0.989935262 -23.8461538462 -0.0886561002
0.8130083521 -23.8461538462 -0.0960668175
0.6449895237 -23.8461538462 -0.0992344104
0.4932600727 -23.8461538462 -0.0977155983
0.3624195546 -23.8461538462 -0.0917719203
0.2540860711 -23.8461538462 -0.0824131446
0.1674625501 -23.8461538462 -0.0708681031
0.1003440968 -23.8461538462 -0.0576757712
0.050123875 -23.8461538462 -0.0426140392
0.0151851128 -23.8461538462 -0.0242475072
0 -23.8461538462 0
0.0128923063 -23.8461538462 0.0253694194
0.046248254 -23.8461538462 0.046201891
0.0954965847 -23.8461538462 0.06415022569999999
0.1621643033 -23.8461538462 0.079961772
0.2488018836 -23.8461538462 0.0931498025
0.3574839715 -23.8461538462 0.1027563728
0.488813377 -23.8461538462 0.108083144
0.6410802249000001 -23.8461538462 0.1087369963
0.8096596144 -23.8461538462 0.1045164679
0.9871444899 -23.8461538462 0.09592963609999999
1.1644436747 -23.8461538462 0.08414469939999999
1.3325298109 -23.8461538462 0.070645968
1.4841655373 -23.8461538462 0.0568535957
1.6149546991 -23.8461538462 0.0438657808
1.7234618357 -23.8461538462 0.0323582374
1.810616184 -23.8461538462 0.022640597
1.8788171446 -23.8461538462 0.0147343459
1.9311052585 -23.8461538462 0.0084866735
1.9705681867 -23.8461538462 0.0036614919
2 -24.6153846154 0
1.9706394527 -24.6153846154 -0.0034384367
1.9312728625 -24.6153846154 -0.007965550300000001
1.8791137431 -24.6153846154 -0.01382003
1.8110832656 -24.6153846154 -0.0212163353
1.7241502942 -24.6153846154 -0.0302869294
1.6159241119 -24.6153846154 -0.0409960737
1.4854815323 -24.6153846154 -0.0530326877
1.3342589389 -24.6153846154 -0.0657396428
1.1666465375 -24.6153846154 -0.0780618677
0.9898683315 -24.6153846154 -0.0886464064
0.8129315696 -24.6153846154 -0.0960922578
0.6449028476000001 -24.6153846154 -0.0993106188
0.49316275 -24.6153846154 -0.09785731459999999
0.362309881 -24.6153846154 -0.09199000359999999
0.2539647713 -24.6153846154 -0.0826838857
0.1673380219 -24.6153846154 -0.0711227983
0.1002284219 -24.6153846154 -0.0578600405
0.0500288056 -24.6153846154 -0.0427128442
0.0151178886 -24.6153846154 -0.0242844253
0 -24.6153846154 0
0.013111683 -24.6153846154 0.0252660984
0.0466376371 -24.6153846154 0.0458522145
0.0959868487 -24.6153846154 0.0635251881
0.162702056 -24.6153846154 0.07907975859999999
0.2493411072 -24.6153846154 0.09207846140000001
0.3579912458 -24.6153846154 0.1016013995
0.4892718912 -24.6153846154 0.106928917
0.6414822111 -24.6153846154 0.1076253814
0.8100014241 -24.6153846154 0.1034857018
0.987426406 -24.6153846154 0.0950107503
1.1646692444 -24.6153846154 0.0833576719
1.3327049111 -24.6153846154 0.06999789319999999
1.4842973499 -24.6153846154 0.0563401739
1.6150507979 -24.6153846154 0.0434747129
1.7235294444 -24.6153846154 0.0320727302
1.8106616742 -24.6153846154 0.0224424695
1.8788458283 -24.6153846154 0.0146062336
1.9311213743 -24.6153846154 0.0084132466
1.9705750081 -24.6153846154 0.0036299301
2 -25.3846153846 0
1.9706370677 -25.3846153846 -0.0034342311
1.9312673372 -25.3846153846 -0.007956080000000001
1.8791041533 -25.3846153846 -0.0138042325
1.8110685285 -25.3846153846 -0.0211933699
1.7241292101 -25.3846153846 -0.0302565366
1.6158954515 -25.3846153846 -0.0409590972
1.485444176 -25.3846153846 -0.0529917639
1.3342120351 -25.3846153846 -0.0656998894
1.1665896368 -25.3846153846 -0.0780313837
0.9898014011 -25.3846153846 -0.08863671250000001
0.8128547871 -25.3846153846 -0.0961176981
0.6448161715 -25.3846153846 -0.09938682710000001
0.4930654273 -25.3846153846 -0.0979990308
0.3622002074 -25.3846153846 -0.0922080869
0.2538434716 -25.3846153846 -0.08295462670000001
0.1672134938 -25.3846153846 -0.0713774935
0.1001127469 -25.3846153846 -0.0580443097
0.0499337361 -25.3846153846 -0.0428116493
0.0150506645 -25.3846153846 -0.0243213433
0 -25.3846153846 0
0.0133310596 -25.3846153846 0.0251627775
0.0470270203 -25.3846153846 0.0455025381
0.0964771128 -25.3846153846 0.0629001505
0.1632398086 -25.3846153846 0.0781977452
0.2498803309 -25.3846153846 0.0910071202
0.3584985201 -25.3846153846 0.1004464263
0.4897304054 -25.3846153846 0.10577469
0.6418841974 -25.3846153846 0.1065137665
0.8103432338 -25.3846153846 0.1024549358
0.987708322 -25.3846153846 0.0940918644
1.1648948142 -25.3846153846 0.0825706444
1.3328800113 -25.3846153846 0.0693498184
1.4844291625 -25.3846153846 0.0558267521
1.6151468967 -25.3846153846 0.043083645
1.723597053 -25.3846153846 0.031787223
1.8107071644 -25.3846153846 0.0222443421
1.878874512 -25.3846153846 0.0144781213
1.9311374901 -25.3846153846 0.008339819700000001
1.9705818294 -25.3846153846 0.0035983684
2 -26.1538461538 0
1.9706346827 -26.1538461538 -0.0034300256
1.9312618118 -26.1538461538 -0.007946609699999999
1.8790945634 -26.1538461538 -0.013788435
1.8110537913 -26.1538461538 -0.0211704045
1.7241081259 -26.1538461538 -0.0302261438
1.6158667912 -26.1538461538 -0.0409221206
1.4854068197 -26.1538461538 -0.0529508402
1.3341651313 -26.1538461538 -0.0656601361
1.1665327362 -26.1538461538 -0.0780008997
0.9897344706 -26.1538461538 -0.0886270187
0.8127780046999999 -26.1538461538 -0.0961431383
0.6447294954 -26.1538461538 -0.0994630355
0.4929681045 -26.1538461538 -0.09814074709999999
0.3620905338 -26.1538461538 -0.0924261701
0.2537221718 -26.1538461538 -0.08322536780000001
0.1670889656 -26.1538461538 -0.0716321887
0.0999970719 -26.1538461538 -0.0582285789
0.0498386667 -26.1538461538 -0.0429104543
0.0149834404 -26.1538461538 -0.0243582614
0 -26.1538461538 0
0.0135504363 -26.1538461538 0.0250594565
0.0474164035 -26.1538461538 0.0451528617
0.0969673768 -26.1538461538 0.0622751129
0.1637775613 -26.1538461538 0.0773157318
0.2504195546 -26.1538461538 0.08993577899999999
0.3590057943 -26.1538461538 0.099291453
0.4901889197 -26.1538461538 0.1046204631
0.6422861836 -26.1538461538 0.1054021516
0.8106850436 -26.1538461538 0.1014241698
0.9879902381 -26.1538461538 0.0931729786
1.165120384 -26.1538461538 0.08178361689999999
1.3330551114 -26.1538461538 0.0687017436
1.4845609751 -26.1538461538 0.0553133303
1.6152429954 -26.1538461538 0.0426925772
1.7236646617 -26.1538461538 0.0315017157
1.8107526547 -26.1538461538 0.0220462147
1.8789031956 -26.1538461538 0.0143500089
1.9311536059 -26.1538461538 0.0082663927
1.9705886508 -26.1538461538 0.0035668066
2 -26.9230769231 0
1.9706322977 -26.9230769231 -0.0034258201
1.9312562864 -26.9230769231 -0.007937139399999999
1.8790849735 -26.9230769231 -0.0137726375
1.8110390542 -26.9230769231 -0.0211474391
1.7240870417 -26.9230769231 -0.0301957509
1.6158381308 -26.9230769231 -0.0408851441
1.4853694633 -26.9230769231 -0.0529099164
1.3341182275 -26.9230769231 -0.0656203828
1.1664758355 -26.9230769231 -0.0779704156
0.9896675402 -26.9230769231 -0.08861732479999999
0.8127012222 -26.9230769231 -0.0961685786
0.6446428192 -26.9230769231 -0.0995392438
0.4928707818 -26.9230769231 -0.0982824633
0.3619808601 -26.9230769231 -0.0926442534
0.253600872 -26.9230769231 -0.0834961089
0.1669644374 -26.9230769231 -0.0718868839
0.0998813969 -26.9230769231 -0.0584128481
0.0497435972 -26.9230769231 -0.0430092594
0.0149162162 -26.9230769231 -0.0243951794
0 -26.9230769231 0
0.013769813 -26.9230769231 0.0249561355
0.0478057867 -26.9230769231 0.0448031853
0.0974576409 -26.9230769231 0.0616500754
0.164315314 -26.9230769231 0.07643371829999999
0.2509587783 -26.9230769231 0.0888644379
0.3595130686 -26.9230769231 0.0981364797
0.4906474339 -26.9230769231 0.1034662361
0.6426881698 -26.9230769231 0.1042905368
0.8110268533 -26.9230769231 0.1003934038
0.9882721541 -26.9230769231 0.0922540927
1.1653459537 -26.9230769231 0.08099658949999999
1.3332302116 -26.9230769231 0.0680536687
1.4846927877 -26.9230769231 0.0547999086
1.6153390942 -26.9230769231 0.0423015093
1.7237322703 -26.9230769231 0.0312162085
1.8107981449 -26.9230769231 0.0218480872
1.8789318793 -26.9230769231 0.0142218966
1.9311697217 -26.9230769231 0.0081929658
1.9705954722 -26.9230769231 0.0035352449
2 -27.6923076923 0
1.9706299127 -27.6923076923 -0.0034216145
1.931250761 -27.6923076923 -0.007927669
1.8790753836 -27.6923076923 -0.0137568399
1.8110243171 -27.6923076923 -0.0211244737
1.7240659575 -27.6923076923 -0.0301653581
1.6158094704 -27.6923076923 -0.0408481675
1.485332107 -27.6923076923 -0.0528689927
1.3340713237 -27.6923076923 -0.0655806295
1.1664189348 -27.6923076923 -0.0779399316
0.9896006097 -27.6923076923 -0.0886076309
0.8126244397 -27.6923076923 -0.0961940189
0.6445561431 -27.6923076923 -0.0996154522
0.492773459 -27.6923076923 -0.0984241795
0.3618711865 -27.6923076923 -0.09286233670000001
0.2534795723 -27.6923076923 -0.08376685
0.1668399093 -27.6923076923 -0.07214157910000001
0.099765722 -27.6923076923 -0.0585971173
0.0496485277 -27.6923076923 -0.0431080645
0.0148489921 -27.6923076923 -0.0244320975
0 -27.6923076923 0
0.0139891896 -27.6923076923 0.0248528146
0.0481951698 -27.6923076923 0.0444535089
0.09794790489999999 -27.6923076923 0.0610250378
0.1648530667 -27.6923076923 0.0755517049
0.251498002 -27.6923076923 0.0877930967
0.3600203429 -27.6923076923 0.0969815064
0.4911059481 -27.6923076923 0.1023120091
0.6430901561 -27.6923076923 0.1031789219
0.811368663 -27.6923076923 0.0993626378
0.9885540702 -27.6923076923 0.09133520689999999
1.1655715235 -27.6923076923 0.080209562
1.3334053118 -27.6923076923 0.0674055939
1.4848246003 -27.6923076923 0.0542864868
1.615435193 -27.6923076923 0.0419104415
1.723799879 -27.6923076923 0.0309307013
1.8108436351 -27.6923076923 0.0216499598
1.878960563 -27.6923076923 0.0140937843
1.9311858375 -27.6923076923 0.008119538900000001
1.9706022936 -27.6923076923 0.0035036831
2 -28.4615384615 0
1.9706275277 -28.4615384615 -0.003417409
1.9312452357 -28.4615384615 -0.0079181987
1.8790657938 -28.4615384615 -0.0137410424
1.81100958 -28.4615384615 -0.0211015083
1.7240448733 -28.4615384615 -0.0301349653
1.6157808101 -28.4615384615 -0.040811191
1.4852947507 -28.4615384615 -0.052828069
1.3340244199 -28.4615384615 -0.06554087610000001
1.1663620341 -28.4615384615 -0.0779094476
0.9895336793 -28.4615384615 -0.0885979371
0.8125476572 -28.4615384615 -0.0962194592
0.644469467 -28.4615384615 -0.0996916606
0.4926761363 -28.4615384615 -0.0985658958
0.3617615129 -28.4615384615 -0.0930804199
0.2533582725 -28.4615384615 -0.08403759099999999
0.1667153811 -28.4615384615 -0.07239627429999999
0.09965004700000001 -28.4615384615 -0.0587813866
0.0495534583 -28.4615384615 -0.0432068695
0.0147817679 -28.4615384615 -0.0244690156
0 -28.4615384615 0
0.0142085663 -28.4615384615 0.0247494936
0.048584553 -28.4615384615 0.0441038325
0.09843816900000001 -28.4615384615 0.0604000002
0.1653908194 -28.4615384615 0.0746696915
0.2520372257 -28.4615384615 0.0867217555
0.3605276172 -28.4615384615 0.0958265331
0.4915644623 -28.4615384615 0.1011577822
0.6434921423 -28.4615384615 0.102067307
0.8117104727 -28.4615384615 0.0983318717
0.9888359862 -28.4615384615 0.09041632099999999
1.1657970932 -28.4615384615 0.0794225345
1.333580412 -28.4615384615 0.0667575191
1.4849564129 -28.4615384615 0.053773065
1.6155312918 -28.4615384615 0.0415193736
1.7238674876 -28.4615384615 0.0306451941
1.8108891253 -28.4615384615 0.0214518324
1.8789892467 -28.4615384615 0.013965672
1.9312019533 -28.4615384615 0.008046111999999999
1.970609115 -28.4615384615 0.0034721214
2 -29.2307692308 0
1.9706251427 -29.2307692308 -0.0034132034
1.9312397103 -29.2307692308 -0.0079087284
1.8790562039 -29.2307692308 -0.0137252449
1.8109948428 -29.2307692308 -0.0210785429
1.7240237891 -29.2307692308 -0.0301045724
1.6157521497 -29.2307692308 -0.0407742144
1.4852573944 -29.2307692308 -0.0527871452
1.3339775162 -29.2307692308 -0.06550112280000001
1.1663051334 -29.2307692308 -0.0778789636
0.9894667488 -29.2307692308 -0.0885882432
0.8124708747 -29.2307692308 -0.0962448994
0.6443827908999999 -29.2307692308 -0.0997678689
0.4925788135 -29.2307692308 -0.098707612
0.3616518393 -29.2307692308 -0.09329850319999999
0.2532369728 -29.2307692308 -0.08430833209999999
0.1665908529 -29.2307692308 -0.0726509695
0.099534372 -29.2307692308 -0.0589656558
0.0494583888 -29.2307692308 -0.0433056746
0.0147145438 -29.2307692308 -0.0245059336
0 -29.2307692308 0
0.014427943 -29.2307692308 0.0246461726
0.0489739362 -29.2307692308 0.0437541561
0.098928433 -29.2307692308 0.0597749626
0.1659285721 -29.2307692308 0.0737876781
0.2525764493 -29.2307692308 0.0856504144
0.3610348914 -29.2307692308 0.0946715598
0.4920229766 -29.2307692308 0.1000035552
0.6438941285000001 -29.2307692308 0.1009556922
0.8120522825000001 -29.2307692308 0.0973011057
0.9891179023 -29.2307692308 0.0894974352
1.166022663 -29.2307692308 0.07863550699999999
1.3337555122 -29.2307692308 0.0661094443
1.4850882255 -29.2307692308 0.0532596432
1.6156273906 -29.2307692308 0.0411283058
1.7239350963 -29.2307692308 0.0303596868
1.8109346155 -29.2307692308 0.021253705
1.8790179303 -29.2307692308 0.0138375597
1.9312180691 -29.2307692308 0.007972685
1.9706159364 -29.2307692308 0.0034405597
2 -30 0
1.9706227578 -30 -0.0034089979
1.9312341849 -30 -0.007899258100000001
1.879046614 -30 -0.0137094474
1.8109801057 -30 -0.0210555775
1.7240027049 -30 -0.0300741796
1.6157234894 -30 -0.0407372379
1.4852200381 -30 -0.0527462215
1.3339306124 -30 -0.06546136950000001
1.1662482328 -30 -0.0778484795
0.9893998183 -30 -0.0885785493
0.8123940922 -30 -0.0962703397
0.6442961148 -30 -0.0998440773
0.4924814908 -30 -0.0988493283
0.3615421657 -30 -0.0935165865
0.253115673 -30 -0.08457907319999999
0.1664663248 -30 -0.0729056647
0.09941869709999999 -30 -0.059149925
0.0493633194 -30 -0.0434044797
0.0146473196 -30 -0.0245428517
0 -30 0
0.0146473196 -30 0.0245428517
0.0493633194 -30 0.0434044797
0.09941869709999999 -30 0.059149925
0.1664663248 -30 0.0729056647
0.253115673 -30 0.08457907319999999
0.3615421657 -30 0.0935165865
0.4924814908 -30 0.0988493283
0.6442961148 -30 0.0998440773
0.8123940922 -30 0.0962703397
0.9893998183 -30 0.0885785493
1.1662482328 -30 0.0778484795
1.3339306124 -30 0.06546136950000001
1.4852200381 -30 0.0527462215
1.6157234894 -30 0.0407372379
1.7240027049 -30 0.0300741796
1.8109801057 -30 0.0210555775
1.879046614 -30 0.0137094474
1.9312341849 -30 0.007899258100000001
1.9706227578 -30 0.0034089979
1.9706227578 -30 -0.001704499
1.9312341849 -30 -0.0039496291
1.879046614 -30 -0.0068547237
1.8109801057 -30 -0.0105277888
1.7240027049 -30 -0.0150370898
1.6157234894 -30 -0.020368619
1.4852200381 -30 -0.0263731107
1.3339306124 -30 -0.0327306847
1.1662482328 -30 -0.0389242398
0.9893998183 -30 -0.0442892747
0.8123940922 -30 -0.0481351698
0.6442961148 -30 -0.0499220386
0.4924814908 -30 -0.0494246641
0.3615421657 -30 -0.0467582932
0.253115673 -30 -0.0422895366
0.1664663248 -30 -0.0364528324
0.09941869709999999 -30 -0.0295749625
0.0493633194 -30 -0.0217022398
0.0146473196 -30 -0.0122714258
0.0146473196 -30 0.0122714258
0.0493633194 -30 0.0217022398
0.09941869709999999 -30 0.0295749625
0.1664663248 -30 0.0364528324
0.253115673 -30 0.0422895366
0.3615421657 -30 0.0467582932
0.4924814908 -30 0.0494246641
0.6442961148 -30 0.0499220386
0.8123940922 -30 0.0481351698
0.9893998183 -30 0.0442892747
1.1662482328 -30 0.0389242398
1.3339306124 -30 0.0327306847
1.4852200381 -30 0.0263731107
1.6157234894 -30 0.020368619
1.7240027049 -30 0.0150370898
1.8109801057 -30 0.0105277888
1.879046614 -30 0.0068547237
1.9312341849 -30 0.0039496291
1.9706227578 -30 0.001704499
1.9706227578 -30 0
1.9312341849 -30 0
1.879046614 -30 0
1.8109801057 -30 0
1.7240027049 -30 0
1.6157234894 -30 0
1.4852200381 -30 0
1.3339306124 -30 0
1.1662482328 -30 0
0.9893998183 -30 0
0.8123940922 -30 0
0.6442961148 -30 0
0.4924814908 -30 -0
0.3615421657 -30 -0
0.253115673 -30 -0
0.1664663248 -30 -0
0.09941869709999999 -30 -0
0.0493633194 -30 -0
0.0146473196 -30 0
$EndNodes
$Elements
1 6544 1 6544
2 0 2 6544
1 1 3 2 
2 3 4 2 
3 2 4 5 
4 4 6 5 
5 5 6 7 
6 6 8 7 
7 7 8 9 
8 8 10 9 
9 9 10 11 
10 10 12 11 
11 11 12 13 
12 12 14 13 
13 13 14 15 
14 14 16 15 
15 15 16 17 
16 16 18 17 
17 17 18 19 
18 18 20 19 
19 19 20 21 
20 20 22 21 
21 21 22 23 
22 21 23 24 
23 24 23 25 
24 24 25 26 
25 26 25 27 
26 26 27 28 
27 28 27 29 
28 28 29 30 
29 30 29 31 
30 30 31 32 
31 32 31 33 
32 32 33 34 
33 34 33 35 
34 34 35 36 
35 36 35 37 
36 36 37 38 
37 38 37 39 
38 38 39 40 
39 40 39 41 
40 40 41 42 
41 42 41 43 
42 41 44 43 
43 43 44 45 
44 44 46 45 
45 45 46 47 
46 46 48 47 
47 47 48 49 
48 48 50 49 
49 49 50 51 
50 50 52 51 
51 51 52 53 
52 52 54 53 
53 53 54 55 
54 54 56 55 
55 55 56 57 
56 56 58 57 
57 57 58 59 
58 58 60 59 
59 59 60 61 
60 60 62 61 
61 61 62 63 
62 61 63 64 
63 64 63 65 
64 64 65 66 
65 66 65 67 
66 66 67 68 
67 68 67 69 
68 68 69 70 
69 70 69 71 
70 70 71 72 
71 72 71 73 
72 72 73 74 
73 74 73 75 
74 74 75 76 
75 76 75 77 
76 76 77 78 
77 78 77 79 
78 78 79 80 
79 80 79 3 
80 80 3 1 
81 3 81 4 
82 81 82 4 
83 4 82 6 
84 82 83 6 
85 6 83 8 
86 83 84 8 
87 8 84 10 
88 84 85 10 
89 10 85 12 
90 85 86 12 
91 12 86 14 
92 86 87 14 
93 14 87 16 
94 87 88 16 
95 16 88 18 
96 88 89 18 
97 18 89 20 
98 89 90 20 
99 20 90 22 
100 90 91 22 
101 22 91 92 
102 22 92 23 
103 23 92 93 
104 23 93 25 
105 25 93 94 
106 25 94 27 
107 27 94 95 
108 27 95 29 
109 29 95 96 
110 29 96 31 
111 31 96 97 
112 31 97 33 
113 33 97 98 
114 33 98 35 
115 35 98 99 
116 35 99 37 
117 37 99 100 
118 37 100 39 
119 39 100 101 
120 39 101 41 
121 41 101 44 
122 101 102 44 
123 44 102 46 
124 102 103 46 
125 46 103 48 
126 103 104 48 
127 48 104 50 
128 104 105 50 
129 50 105 52 
130 105 106 52 
131 52 106 54 
132 106 107 54 
133 54 107 56 
134 107 108 56 
135 56 108 58 
136 108 109 58 
137 58 109 60 
138 109 110 60 
139 60 110 62 
140 110 111 62 
141 62 111 112 
142 62 112 63 
143 63 112 113 
144 63 113 65 
145 65 113 114 
146 65 114 67 
147 67 114 115 
148 67 115 69 
149 69 115 116 
150 69 116 71 
151 71 116 117 
152 71 117 73 
153 73 117 118 
154 73 118 75 
155 75 118 119 
156 75 119 77 
157 77 119 120 
158 77 120 79 
159 79 120 81 
160 79 81 3 
161 81 121 82 
162 121 122 82 
163 82 122 83 
164 122 123 83 
165 83 123 84 
166 123 124 84 
167 84 124 85 
168 124 125 85 
169 85 125 86 
170 125 126 86 
171 86 126 87 
172 126 127 87 
173 87 127 88 
174 127 128 88 
175 88 128 89 
176 128 129 89 
177 89 129 90 
178 129 130 90 
179 90 130 91 
180 130 131 91 
181 91 131 132 
182 91 132 92 
183 92 132 133 
184 92 133 93 
185 93 133 134 
186 93 134 94 
187 94 134 135 
188 94 135 95 
189 95 135 136 
190 95 136 96 
191 96 136 137 
192 96 137 97 
193 97 137 138 
194 97 138 98 
195 98 138 139 
196 98 139 99 
197 99 139 140 
198 99 140 100 
199 100 140 141 
200 100 141 101 
201 101 141 102 
202 141 142 102 
203 102 142 103 
204 142 143 103 
205 103 143 104 
206 143 144 104 
207 104 144 105 
208 144 145 105 
209 105 145 106 
210 145 146 106 
211 106 146 107 
212 146 147 107 
213 107 147 108 
214 147 148 108 
215 108 148 109 
216 148 149 109 
217 109 149 110 
218 149 150 110 
219 110 150 111 
220 150 151 111 
221 111 151 152 
222 111 152 112 
223 112 152 153 
224 112 153 113 
225 113 153 154 
226 113 154 114 
227 114 154 155 
228 114 155 115 
229 115 155 156 
230 115 156 116 
231 116 156 157 
232 116 157 117 
233 117 157 158 
234 117 158 118 
235 118 158 159 
236 118 159 119 
237 119 159 160 
238 119 160 120 
239 120 160 121 
240 120 121 81 
241 121 161 122 
242 161 162 122 
243 122 162 123 
244 162 163 123 
245 123 163 124 
246 163 164 124 
247 124 164 125 
248 164 165 125 
249 125 165 126 
250 165 166 126 
251 126 166 127 
252 166 167 127 
253 127 167 128 
254 167 168 128 
255 128 168 129 
256 168 169 129 
257 129 169 130 
258 169 170 130 
259 130 170 131 
260 170 171 131 
261 131 171 172 
262 131 172 132 
263 132 172 173 
264 132 173 133 
265 133 173 174 
266 133 174 134 
267 134 174 175 
268 134 175 135 
269 135 175 176 
270 135 176 136 
271 136 176 177 
272 136 177 137 
273 137 177 178 
274 137 178 138 
275 138 178 179 
276 138 179 139 
277 139 179 180 
278 139 180 140 
279 140 180 181 
280 140 181 141 
281 141 181 142 
282 181 182 142 
283 142 182 143 
284 182 183 143 
285 143 183 144 
286 183 184 144 
287 144 184 145 
288 184 185 145 
289 145 185 146 
290 185 186 146 
291 146 186 147 
292 186 187 147 
293 147 187 148 
294 187 188 148 
295 148 188 149 
296 188 189 149 
297 149 189 150 
298 189 190 150 
299 150 190 151 
300 190 191 151 
301 151 191 192 
302 151 192 152 
303 152 192 193 
304 152 193 153 
305 153 193 194 
306 153 194 154 
307 154 194 195 
308 154 195 155 
309 155 195 196 
310 155 196 156 
311 156 196 197 
312 156 197 157 
313 157 197 198 
314 157 198 158 
315 158 198 199 
316 158 199 159 
317 159 199 200 
318 159 200 160 
319 160 200 161 
320 160 161 121 
321 161 201 162 
322 201 202 162 
323 162 202 163 
324 202 203 163 
325 163 203 164 
326 203 204 164 
327 164 204 165 
328 204 205 165 
329 165 205 166 
330 205 206 166 
331 166 206 167 
332 206 207 167 
333 167 207 168 
334 207 208 168 
335 168 208 169 
336 208 209 169 
337 169 209 170 
338 209 210 170 
339 170 210 171 
340 210 211 171 
341 171 211 212 
342 171 212 172 
343 172 212 213 
344 172 213 173 
345 173 213 214 
346 173 214 174 
347 174 214 215 
348 174 215 175 
349 175 215 216 
350 175 216 176 
351 176 216 217 
352 176 217 177 
353 177 217 218 
354 177 218 178 
355 178 218 219 
356 178 219 179 
357 179 219 220 
358 179 220 180 
359 180 220 221 
360 180 221 181 
361 181 221 182 
362 221 222 182 
363 182 222 183 
364 222 223 183 
365 183 223 184 
366 223 224 184 
367 184 224 185 
368 224 225 185 
369 185 225 186 
370 225 226 186 
371 186 226 187 
372 226 227 187 
373 187 227 188 
374 227 228 188 
375 188 228 189 
376 228 229 189 
377 189 229 190 
378 229 230 190 
379 190 230 191 
380 230 231 191 
381 191 231 232 
382 191 232 192 
383 192 232 233 
384 192 233 193 
385 193 233 234 
386 193 234 194 
387 194 234 235 
388 194 235 195 
389 195 235 236 
390 195 236 196 
391 196 236 237 
392 196 237 197 
393 197 237 238 
394 197 238 198 
395 198 238 239 
396 198 239 199 
397 199 239 240 
398 199 240 200 
399 200 240 201 
400 200 201 161 
401 201 241 202 
402 241 242 202 
403 202 242 203 
404 242 243 203 
405 203 243 204 
406 243 244 204 
407 204 244 205 
408 244 245 205 
409 205 245 206 
410 245 246 206 
411 206 246 207 
412 246 247 207 
413 207 247 208 
414 247 248 208 
415 208 248 209 
416 248 249 209 
417 209 249 210 
418 249 250 210 
419 210 250 211 
420 250 251 211 
421 211 251 252 
422 211 252 212 
423 212 252 253 
424 212 253 213 
425 213 253 254 
426 213 254 214 
427 214 254 255 
428 214 255 215 
429 215 255 256 
430 215 256 216 
431 216 256 257 
432 216 257 217 
433 217 257 258 
434 217 258 218 
435 218 258 259 
436 218 259 219 
437 219 259 260 
438 219 260 220 
439 220 260 261 
440 220 261 221 
441 221 261 222 
442 261 262 222 
443 222 262 223 
444 262 263 223 
445 223 263 224 
446 263 264 224 
447 224 264 225 
448 264 265 225 
449 225 265 226 
450 265 266 226 
451 226 266 227 
452 266 267 227 
453 227 267 228 
454 267 268 228 
455 228 268 229 
456 268 269 229 
457 229 269 230 
458 269 270 230 
459 230 270 231 
460 270 271 231 
461 231 271 272 
462 231 272 232 
463 232 272 273 
464 232 273 233 
465 233 273 274 
466 233 274 234 
467 234 274 275 
468 234 275 235 
469 235 275 276 
470 235 276 236 
471 236 276 277 
472 236 277 237 
473 237 277 278 
474 237 278 238 
475 238 278 279 
476 238 279 239 
477 239 279 280 
478 239 280 240 
479 240 280 241 
480 240 241 201 
481 241 281 242 
482 281 282 242 
483 242 282 243 
484 282 283 243 
485 243 283 244 
486 283 284 244 
487 244 284 245 
488 284 285 245 
489 245 285 246 
490 285 286 246 
491 246 286 247 
492 286 287 247 
493 247 287 248 
494 287 288 248 
495 248 288 249 
496 288 289 249 
497 249 289 250 
498 289 290 250 
499 250 290 251 
500 290 291 251 
501 251 291 292 
502 251 292 252 
503 252 292 293 
504 252 293 253 
505 253 293 294 
506 253 294 254 
507 254 294 295 
508 254 295 255 
509 255 295 296 
510 255 296 256 
511 256 296 297 
512 256 297 257 
513 257 297 298 
514 257 298 258 
515 258 298 299 
516 258 299 259 
517 259 299 300 
518 259 300 260 
519 260 300 301 
520 260 301 261 
521 261 301 262 
522 301 302 262 
523 262 302 263 
524 302 303 263 
525 263 303 264 
526 303 304 264 
527 264 304 265 
528 304 305 265 
529 265 305 266 
530 305 306 266 
531 266 306 267 
532 306 307 267 
533 267 307 268 
534 307 308 268 
535 268 308 269 
536 308 309 269 
537 269 309 270 
538 309 310 270 
539 270 310 271 
540 310 311 271 
541 271 311 312 
542 271 312 272 
543 272 312 313 
544 272 313 273 
545 273 313 314 
546 273 314 274 
547 274 314 315 
548 274 315 275 
549 275 315 316 
550 275 316 276 
551 276 316 317 
552 276 317 277 
553 277 317 318 
554 277 318 278 
555 278 318 319 
556 278 319 279 
557 279 319 320 
558 279 320 280 
559 280 320 281 
560 280 281 241 
561 281 321 282 
562 321 322 282 
563 282 322 283 
564 322 323 283 
565 283 323 284 
566 323 324 284 
567 284 324 285 
568 324 325 285 
569 285 325 286 
570 325 326 286 
571 286 326 287 
572 326 327 287 
573 287 327 288 
574 327 328 288 
575 288 328 289 
576 328 329 289 
577 289 329 290 
578 329 330 290 
579 290 330 291 
580 330 331 291 
581 291 331 332 
582 291 332 292 
583 292 332 333 
584 292 333 293 
585 293 333 334 
586 293 334 294 
587 294 334 335 
588 294 335 295 
589 295 335 336 
590 295 336 296 
591 296 336 337 
592 296 337 297 
593 297 337 338 
594 297 338 298 
595 298 338 339 
596 298 339 299 
597 299 339 340 
598 299 340 300 
599 300 340 341 
600 300 341 301 
601 301 341 302 
602 341 342 302 
603 302 342 303 
604 342 343 303 
605 303 343 304 
606 343 344 304 
607 304 344 305 
608 344 345 305 
609 305 345 306 
610 345 346 306 
611 306 346 307 
612 346 347 307 
613 307 347 308 
614 347 348 308 
615 308 348 309 
616 348 349 309 
617 309 349 310 
618 349 350 310 
619 310 350 311 
620 350 351 311 
621 311 351 352 
622 311 352 312 
623 312 352 353 
624 312 353 313 
625 313 353 354 
626 313 354 314 
627 314 354 355 
628 314 355 315 
629 315 355 356 
630 315 356 316 
631 316 356 357 
632 316 357 317 
633 317 357 358 
634 317 358 318 
635 318 358 359 
636 318 359 319 
637 319 359 360 
638 319 360 320 
639 320 360 321 
640 320 321 281 
641 321 361 322 
642 361 362 322 
643 322 362 323 
644 362 363 323 
645 323 363 324 
646 363 364 324 
647 324 364 325 
648 364 365 325 
649 325 365 326 
650 365 366 326 
651 326 366 327 
652 366 367 327 
653 327 367 328 
654 367 368 328 
655 328 368 329 
656 368 369 329 
657 329 369 330 
658 369 370 330 
659 330 370 331 
660 370 371 331 
661 331 371 372 
662 331 372 332 
663 332 372 373 
664 332 373 333 
665 333 373 374 
666 333 374 334 
667 334 374 375 
668 334 375 335 
669 335 375 376 
670 335 376 336 
671 336 376 377 
672 336 377 337 
673 337 377 378 
674 337 378 338 
675 338 378 379 
676 338 379 339 
677 339 379 380 
678 339 380 340 
679 340 380 381 
680 340 381 341 
681 341 381 342 
682 381 382 342 
683 342 382 343 
684 382 383 343 
685 343 383 344 
686 383 384 344 
687 344 384 345 
688 384 385 345 
689 345 385 346 
690 385 386 346 
691 346 386 347 
692 386 387 347 
693 347 387 348 
694 387 388 348 
695 348 388 349 
696 388 389 349 
697 349 389 350 
698 389 390 350 
699 350 390 351 
700 390 391 351 
701 351 391 392 
702 351 392 352 
703 352 392 393 
704 352 393 353 
705 353 393 394 
706 353 394 354 
707 354 394 395 
708 354 395 355 
709 355 395 396 
710 355 396 356 
711 356 396 397 
712 356 397 357 
713 357 397 398 
714 357 398 358 
715 358 398 399 
716 358 399 359 
717 359 399 400 
718 359 400 360 
719 360 400 361 
720 360 361 321 
721 361 401 362 
722 401 402 362 
723 362 402 363 
724 402 403 363 
725 363 403 364 
726 403 404 364 
727 364 404 365 
728 404 405 365 
729 365 405 366 
730 405 406 366 
731 366 406 367 
732 406 407 367 
733 367 407 368 
734 407 408 368 
735 368 408 369 
736 408 409 369 
737 369 409 370 
738 409 410 370 
739 370 410 371 
740 410 411 371 
741 371 411 412 
742 371 412 372 
743 372 412 413 
744 372 413 373 
745 373 413 414 
746 373 414 374 
747 374 414 415 
748 374 415 375 
749 375 415 416 
750 375 416 376 
751 376 416 417 
752 376 417 377 
753 377 417 418 
754 377 418 378 
755 378 418 419 
756 378 419 379 
757 379 419 420 
758 379 420 380 
759 380 420 421 
760 380 421 381 
761 381 421 382 
762 421 422 382 
763 382 422 383 
764 422 423 383 
765 383 423 384 
766 423 424 384 
767 384 424 385 
768 424 425 385 
769 385 425 386 
770 425 426 386 
771 386 426 387 
772 426 427 387 
773 387 427 388 
774 427 428 388 
775 388 428 389 
776 428 429 389 
777 389 429 390 
778 429 430 390 
779 390 430 391 
780 430 431 391 
781 391 431 432 
782 391 432 392 
783 392 432 433 
784 392 433 393 
785 393 433 434 
786 393 434 394 
787 394 434 435 
788 394 435 395 
789 395 435 436 
790 395 436 396 
791 396 436 437 
792 396 437 397 
793 397 437 438 
794 397 438 398 
795 398 438 439 
796 398 439 399 
797 399 439 440 
798 399 440 400 
799 400 440 401 
800 400 401 361 
801 401 441 402 
802 441 442 402 
803 402 442 403 
804 442 443 403 
805 403 443 404 
806 443 444 404 
807 404 444 405 
808 444 445 405 
809 405 445 406 
810 445 446 406 
811 406 446 407 
812 446 447 407 
813 407 447 408 
814 447 448 408 
815 408 448 409 
816 448 449 409 
817 409 449 410 
818 449 450 410 
819 410 450 411 
820 450 451 411 
821 411 451 452 
822 411 452 412 
823 412 452 453 
824 412 453 413 
825 413 453 454 
826 413 454 414 
827 414 454 455 
828 414 455 415 
829 415 455 456 
830 415 456 416 
831 416 456 457 
832 416 457 417 
833 417 457 458 
834 417 458 418 
835 418 458 459 
836 418 459 419 
837 419 459 460 
838 419 460 420 
839 420 460 461 
840 420 461 421 
841 421 461 422 
842 461 462 422 
843 422 462 423 
844 462 463 423 
845 423 463 424 
846 463 464 424 
847 424 464 425 
848 464 465 425 
849 425 465 426 
850 465 466 426 
851 426 466 427 
852 466 467 427 
853 427 467 428 
854 467 468 428 
855 428 468 429 
856 468 469 429 
857 429 469 430 
858 469 470 430 
859 430 470 431 
860 470 471 431 
861 431 471 472 
862 431 472 432 
863 432 472 473 
864 432 473 433 
865 433 473 474 
866 433 474 434 
867 434 474 475 
868 434 475 435 
869 435 475 476 
870 435 476 436 
871 436 476 477 
872 436 477 437 
873 437 477 478 
874 437 478 438 
875 438 478 479 
876 438 479 439 
877 439 479 480 
878 439 480 440 
879 440 480 441 
880 440 441 401 
881 441 481 442 
882 481 482 442 
883 442 482 443 
884 482 483 443 
885 443 483 444 
886 483 484 444 
887 444 484 445 
888 484 485 445 
889 445 485 446 
890 485 486 446 
891 446 486 447 
892 486 487 447 
893 447 487 448 
894 487 488 448 
895 448 488 449 
896 488 489 449 
897 449 489 450 
898 489 490 450 
899 450 490 451 
900 490 491 451 
901 451 491 492 
902 451 492 452 
903 452 492 493 
904 452 493 453 
905 453 493 494 
906 453 494 454 
907 454 494 495 
908 454 495 455 
909 455 495 496 
910 455 496 456 
911 456 496 497 
912 456 497 457 
913 457 497 498 
914 457 498 458 
915 458 498 499 
916 458 499 459 
917 459 499 500 
918 459 500 460 
919 460 500 501 
920 460 501 461 
921 461 501 462 
922 501 502 462 
923 462 502 463 
924 502 503 463 
925 463 503 464 
926 503 504 464 
927 464 504 465 
928 504 505 465 
929 465 505 466 
930 505 506 466 
931 466 506 467 
932 506 507 467 
933 467 507 468 
934 507 508 468 
935 468 508 469 
936 508 509 469 
937 469 509 470 
938 509 510 470 
939 470 510 471 
940 510 511 471 
941 471 511 512 
942 471 512 472 
943 472 512 513 
944 472 513 473 
945 473 513 514 
946 473 514 474 
947 474 514 515 
948 474 515 475 
949 475 515 516 
950 475 516 476 
951 476 516 517 
952 476 517 477 
953 477 517 518 
954 477 518 478 
955 478 518 519 
956 478 519 479 
957 479 519 520 
958 479 520 480 
959 480 520 481 
960 480 481 441 
961 481 521 482 
962 521 522 482 
963 482 522 483 
964 522 523 483 
965 483 523 484 
966 523 524 484 
967 484 524 485 
968 524 525 485 
969 485 525 486 
970 525 526 486 
971 486 526 487 
972 526 527 487 
973 487 527 488 
974 527 528 488 
975 488 528 489 
976 528 529 489 
977 489 529 490 
978 529 530 490 
979 490 530 491 
980 530 531 491 
981 491 531 532 
982 491 532 492 
983 492 532 533 
984 492 533 493 
985 493 533 534 
986 493 534 494 
987 494 534 535 
988 494 535 495 
989 495 535 536 
990 495 536 496 
991 496 536 537 
992 496 537 497 
993 497 537 538 
994 497 538 498 
995 498 538 539 
996 498 539 499 
997 499 539 540 
998 499 540 500 
999 500 540 541 
1000 500 541 501 
1001 501 541 502 
1002 541 542 502 
1003 502 542 503 
1004 542 543 503 
1005 503 543 504 
1006 543 544 504 
1007 504 544 505 
1008 544 545 505 
1009 505 545 506 
1010 545 546 506 
1011 506 546 507 
1012 546 547 507 
1013 507 547 508 
1014 547 548 508 
1015 508 548 509 
1016 548 549 509 
1017 509 549 510 
1018 549 550 510 
1019 510 550 511 
1020 550 551 511 
1021 511 551 552 
1022 511 552 512 
1023 512 552 553 
1024 512 553 513 
1025 513 553 554 
1026 513 554 514 
1027 514 554 555 
1028 514 555 515 
1029 515 555 556 
1030 515 556 516 
1031 516 556 557 
1032 516 557 517 
1033 517 557 558 
1034 517 558 518 
1035 518 558 559 
1036 518 559 519 
1037 519 559 560 
1038 519 560 520 
1039 520 560 521 
1040 520 521 481 
1041 521 561 522 
1042 561 562 522 
1043 522 562 523 
1044 562 563 523 
1045 523 563 524 
1046 563 564 524 
1047 524 564 525 
1048 564 565 525 
1049 525 565 526 
1050 565 566 526 
1051 526 566 527 
1052 566 567 527 
1053 527 567 528 
1054 567 568 528 
1055 528 568 529 
1056 568 569 529 
1057 529 569 530 
1058 569 570 530 
1059 530 570 531 
1060 570 571 531 
1061 531 571 572 
1062 531 572 532 
1063 532 572 573 
1064 532 573 533 
1065 533 573 574 
1066 533 574 534 
1067 534 574 575 
1068 534 575 535 
1069 535 575 576 
1070 535 576 536 
1071 536 576 577 
1072 536 577 537 
1073 537 577 578 
1074 537 578 538 
1075 538 578 579 
1076 538 579 539 
1077 539 579 580 
1078 539 580 540 
1079 540 580 581 
1080 540 581 541 
1081 541 581 542 
1082 581 582 542 
1083 542 582 543 
1084 582 583 543 
1085 543 583 544 
1086 583 584 544 
1087 544 584 545 
1088 584 585 545 
1089 545 585 546 
1090 585 586 546 
1091 546 586 547 
1092 586 587 547 
1093 547 587 548 
1094 587 588 548 
1095 548 588 549 
1096 588 589 549 
1097 549 589 550 
1098 589 590 550 
1099 550 590 551 
1100 590 591 551 
1101 551 591 592 
1102 551 592 552 
1103 552 592 593 
1104 552 593 553 
1105 553 593 594 
1106 553 594 554 
1107 554 594 595 
1108 554 595 555 
1109 555 595 596 
1110 555 596 556 
1111 556 596 597 
1112 556 597 557 
1113 557 597 598 
1114 557 598 558 
1115 558 598 599 
1116 558 599 559 
1117 559 599 600 
1118 559 600 560 
1119 560 600 561 
1120 560 561 521 
1121 561 601 562 
1122 601 602 562 
1123 562 602 563 
1124 602 603 563 
1125 563 603 564 
1126 603 604 564 
1127 564 604 565 
1128 604 605 565 
1129 565 605 566 
1130 605 606 566 
1131 566 606 567 
1132 606 607 567 
1133 567 607 568 
1134 607 608 568 
1135 568 608 569 
1136 608 609 569 
1137 569 609 570 
1138 609 610 570 
1139 570 610 571 
1140 610 611 571 
1141 571 611 612 
1142 571 612 572 
1143 572 612 613 
1144 572 613 573 
1145 573 613 614 
1146 573 614 574 
1147 574 614 615 
1148 574 615 575 
1149 575 615 616 
1150 575 616 576 
1151 576 616 617 
1152 576 617 577 
1153 577 617 618 
1154 577 618 578 
1155 578 618 619 
1156 578 619 579 
1157 579 619 620 
1158 579 620 580 
1159 580 620 621 
1160 580 621 581 
1161 581 621 582 
1162 621 622 582 
1163 582 622 583 
1164 622 623 583 
1165 583 623 584 
1166 623 624 584 
1167 584 624 585 
1168 624 625 585 
1169 585 625 586 
1170 625 626 586 
1171 586 626 587 
1172 626 627 587 
1173 587 627 588 
1174 627 628 588 
1175 588 628 589 
1176 628 629 589 
1177 589 629 590 
1178 629 630 590 
1179 590 630 591 
1180 630 631 591 
1181 591 631 632 
1182 591 632 592 
1183 592 632 633 
1184 592 633 593 
1185 593 633 634 
1186 593 634 594 
1187 594 634 635 
1188 594 635 595 
1189 595 635 636 
1190 595 636 596 
1191 596 636 637 
1192 596 637 597 
1193 597 637 638 
1194 597 638 598 
1195 598 638 639 
1196 598 639 599 
1197 599 639 640 
1198 599 640 600 
1199 600 640 601 
1200 600 601 561 
1201 601 641 602 
1202 641 642 602 
1203 602 642 603 
1204 642 643 603 
1205 603 643 604 
1206 643 644 604 
1207 604 644 605 
1208 644 645 605 
1209 605 645 606 
1210 645 646 606 
1211 606 646 607 
1212 646 647 607 
1213 607 647 608 
1214 647 648 608 
1215 608 648 609 
1216 648 649 609 
1217 609 649 610 
1218 649 650 610 
1219 610 650 611 
1220 650 651 611 
1221 611 651 652 
1222 611 652 612 
1223 612 652 653 
1224 612 653 613 
1225 613 653 654 
1226 613 654 614 
1227 614 654 655 
1228 614 655 615 
1229 615 655 656 
1230 615 656 616 
1231 616 656 657 
1232 616 657 617 
1233 617 657 658 
1234 617 658 618 
1235 618 658 659 
1236 618 659 619 
1237 619 659 660 
1238 619 660 620 
1239 620 660 661 
1240 620 661 621 
1241 621 661 622 
1242 661 662 622 
1243 622 662 623 
1244 662 663 623 
1245 623 663 624 
1246 663 664 624 
1247 624 664 625 
1248 664 665 625 
1249 625 665 626 
1250 665 666 626 
1251 626 666 627 
1252 666 667 627 
1253 627 667 628 
1254 667 668 628 
1255 628 668 629 
1256 668 669 629 
1257 629 669 630 
1258 669 670 630 
1259 630 670 631 
1260 670 671 631 
1261 631 671 672 
1262 631 672 632 
1263 632 672 673 
1264 632 673 633 
1265 633 673 674 
1266 633 674 634 
1267 634 674 675 
1268 634 675 635 
1269 635 675 676 
1270 635 676 636 
1271 636 676 677 
1272 636 677 637 
1273 637 677 678 
1274 637 678 638 
1275 638 678 679 
1276 638 679 639 
1277 639 679 680 
1278 639 680 640 
1279 640 680 641 
1280 640 641 601 
1281 641 681 642 
1282 681 682 642 
1283 642 682 643 
1284 682 683 643 
1285 643 683 644 
1286 683 684 644 
1287 644 684 645 
1288 684 685 645 
1289 645 685 646 
1290 685 686 646 
1291 646 686 647 
1292 686 687 647 
1293 647 687 648 
1294 687 688 648 
1295 648 688 649 
1296 688 689 649 
1297 649 689 650 
1298 689 690 650 
1299 650 690 651 
1300 690 691 651 
1301 651 691 692 
1302 651 692 652 
1303 652 692 693 
1304 652 693 653 
1305 653 693 694 
1306 653 694 654 
1307 654 694 695 
1308 654 695 655 
1309 655 695 696 
1310 655 696 656 
1311 656 696 697 
1312 656 697 657 
1313 657 697 698 
1314 657 698 658 
1315 658 698 699 
1316 658 699 659 
1317 659 699 700 
1318 659 700 660 
1319 660 700 701 
1320 660 701 661 
1321 661 701 662 
1322 701 702 662 
1323 662 702 663 
1324 702 703 663 
1325 663 703 664 
1326 703 704 664 
1327 664 704 665 
1328 704 705 665 
1329 665 705 666 
1330 705 706 666 
1331 666 706 667 
1332 706 707 667 
1333 667 707 668 
1334 707 708 668 
1335 668 708 669 
1336 708 709 669 
1337 669 709 670 
1338 709 710 670 
1339 670 710 671 
1340 710 711 671 
1341 671 711 712 
1342 671 712 672 
1343 672 712 713 
1344 672 713 673 
1345 673 713 714 
1346 673 714 674 
1347 674 714 715 
1348 674 715 675 
1349 675 715 716 
1350 675 716 676 
1351 676 716 717 
1352 676 717 677 
1353 677 717 718 
1354 677 718 678 
1355 678 718 719 
1356 678 719 679 
1357 679 719 720 
1358 679 720 680 
1359 680 720 681 
1360 680 681 641 
1361 681 721 682 
1362 721 722 682 
1363 682 722 683 
1364 722 723 683 
1365 683 723 684 
1366 723 724 684 
1367 684 724 685 
1368 724 725 685 
1369 685 725 686 
1370 725 726 686 
1371 686 726 687 
1372 726 727 687 
1373 687 727 688 
1374 727 728 688 
1375 688 728 689 
1376 728 729 689 
1377 689 729 690 
1378 729 730 690 
1379 690 730 691 
1380 730 731 691 
1381 691 731 732 
1382 691 732 692 
1383 692 732 733 
1384 692 733 693 
1385 693 733 734 
1386 693 734 694 
1387 694 734 735 
1388 694 735 695 
1389 695 735 736 
1390 695 736 696 
1391 696 736 737 
1392 696 737 697 
1393 697 737 738 
1394 697 738 698 
1395 698 738 739 
1396 698 739 699 
1397 699 739 740 
1398 699 740 700 
1399 700 740 741 
1400 700 741 701 
1401 701 741 702 
1402 741 742 702 
1403 702 742 703 
1404 742 743 703 
1405 703 743 704 
1406 743 744 704 
1407 704 744 705 
1408 744 745 705 
1409 705 745 706 
1410 745 746 706 
1411 706 746 707 
1412 746 747 707 
1413 707 747 708 
1414 747 748 708 
1415 708 748 709 
1416 748 749 709 
1417 709 749 710 
1418 749 750 710 
1419 710 750 711 
1420 750 751 711 
1421 711 751 752 
1422 711 752 712 
1423 712 752 753 
1424 712 753 713 
1425 713 753 754 
1426 713 754 714 
1427 714 754 755 
1428 714 755 715 
1429 715 755 756 
1430 715 756 716 
1431 716 756 757 
1432 716 757 717 
1433 717 757 758 
1434 717 758 718 
1435 718 758 759 
1436 718 759 719 
1437 719 759 760 
1438 719 760 720 
1439 720 760 721 
1440 720 721 681 
1441 721 761 722 
1442 761 762 722 
1443 722 762 723 
1444 762 763 723 
1445 723 763 724 
1446 763 764 724 
1447 724 764 725 
1448 764 765 725 
1449 725 765 726 
1450 765 766 726 
1451 726 766 727 
1452 766 767 727 
1453 727 767 728 
1454 767 768 728 
1455 728 768 729 
1456 768 769 729 
1457 729 769 730 
1458 769 770 730 
1459 730 770 731 
1460 770 771 731 
1461 731 771 772 
1462 731 772 732 
1463 732 772 773 
1464 732 773 733 
1465 733 773 774 
1466 733 774 734 
1467 734 774 775 
1468 734 775 735 
1469 735 775 776 
1470 735 776 736 
1471 736 776 777 
1472 736 777 737 
1473 737 777 778 
1474 737 778 738 
1475 738 778 779 
1476 738 779 739 
1477 739 779 780 
1478 739 780 740 
1479 740 780 781 
1480 740 781 741 
1481 741 781 742 
1482 781 782 742 
1483 742 782 743 
1484 782 783 743 
1485 743 783 744 
1486 783 784 744 
1487 744 784 745 
1488 784 785 745 
1489 745 785 746 
1490 785 786 746 
1491 746 786 747 
1492 786 787 747 
1493 747 787 748 
1494 787 788 748 
1495 748 788 749 
1496 788 789 749 
1497 749 789 750 
1498 789 790 750 
1499 750 790 751 
1500 790 791 751 
1501 751 791 792 
1502 751 792 752 
1503 752 792 793 
1504 752 793 753 
1505 753 793 794 
1506 753 794 754 
1507 754 794 795 
1508 754 795 755 
1509 755 795 796 
1510 755 796 756 
1511 756 796 797 
1512 756 797 757 
1513 757 797 798 
1514 757 798 758 
1515 758 798 799 
1516 758 799 759 
1517 759 799 800 
1518 759 800 760 
1519 760 800 761 
1520 760 761 721 
1521 761 801 762 
1522 801 802 762 
1523 762 802 763 
1524 802 803 763 
1525 763 803 764 
1526 803 804 764 
1527 764 804 765 
1528 804 805 765 
1529 765 805 766 
1530 805 806 766 
1531 766 806 767 
1532 806 807 767 
1533 767 807 768 
1534 807 808 768 
1535 768 808 769 
1536 808 809 769 
1537 769 809 770 
1538 809 810 770 
1539 770 810 771 
1540 810 811 771 
1541 771 811 812 
1542 771 812 772 
1543 772 812 813 
1544 772 813 773 
1545 773 813 814 
1546 773 814 774 
1547 774 814 815 
1548 774 815 775 
1549 775 815 816 
1550 775 816 776 
1551 776 816 817 
1552 776 817 777 
1553 777 817 818 
1554 777 818 778 
1555 778 818 819 
1556 778 819 779 
1557 779 819 820 
1558 779 820 780 
1559 780 820 821 
1560 780 821 781 
1561 781 821 782 
1562 821 822 782 
1563 782 822 783 
1564 822 823 783 
1565 783 823 784 
1566 823 824 784 
1567 784 824 785 
1568 824 825 785 
1569 785 825 786 
1570 825 826 786 
1571 786 826 787 
1572 826 827 787 
1573 787 827 788 
1574 827 828 788 
1575 788 828 789 
1576 828 829 789 
1577 789 829 790 
1578 829 830 790 
1579 790 830 791 
1580 830 831 791 
1581 791 831 832 
1582 791 832 792 
1583 792 832 833 
1584 792 833 793 
1585 793 833 834 
1586 793 834 794 
1587 794 834 835 
1588 794 835 795 
1589 795 835 836 
1590 795 836 796 
1591 796 836 837 
1592 796 837 797 
1593 797 837 838 
1594 797 838 798 
1595 798 838 839 
1596 798 839 799 
1597 799 839 840 
1598 799 840 800 
1599 800 840 801 
1600 800 801 761 
1601 801 841 802 
1602 841 842 802 
1603 802 842 803 
1604 842 843 803 
1605 803 843 804 
1606 843 844 804 
1607 804 844 805 
1608 844 845 805 
1609 805 845 806 
1610 845 846 806 
1611 806 846 807 
1612 846 847 807 
1613 807 847 808 
1614 847 848 808 
1615 808 848 809 
1616 848 849 809 
1617 809 849 810 
1618 849 850 810 
1619 810 850 811 
1620 850 851 811 
1621 811 851 852 
1622 811 852 812 
1623 812 852 853 
1624 812 853 813 
1625 813 853 854 
1626 813 854 814 
1627 814 854 855 
1628 814 855 815 
1629 815 855 856 
1630 815 856 816 
1631 816 856 857 
1632 816 857 817 
1633 817 857 858 
1634 817 858 818 
1635 818 858 859 
1636 818 859 819 
1637 819 859 860 
1638 819 860 820 
1639 820 860 861 
1640 820 861 821 
1641 821 861 822 
1642 861 862 822 
1643 822 862 823 
1644 862 863 823 
1645 823 863 824 
1646 863 864 824 
1647 824 864 825 
1648 864 865 825 
1649 825 865 826 
1650 865 866 826 
1651 826 866 827 
1652 866 867 827 
1653 827 867 828 
1654 867 868 828 
1655 828 868 829 
1656 868 869 829 
1657 829 869 830 
1658 869 870 830 
1659 830 870 831 
1660 870 871 831 
1661 831 871 872 
1662 831 872 832 
1663 832 872 873 
1664 832 873 833 
1665 833 873 874 
1666 833 874 834 
1667 834 874 875 
1668 834 875 835 
1669 835 875 876 
1670 835 876 836 
1671 836 876 877 
1672 836 877 837 
1673 837 877 878 
1674 837 878 838 
1675 838 878 879 
1676 838 879 839 
1677 839 879 880 
1678 839 880 840 
1679 840 880 841 
1680 840 841 801 
1681 841 881 842 
1682 881 882 842 
1683 842 882 843 
1684 882 883 843 
1685 843 883 844 
1686 883 884 844 
1687 844 884 845 
1688 884 885 845 
1689 845 885 846 
1690 885 886 846 
1691 846 886 847 
1692 886 887 847 
1693 847 887 848 
1694 887 888 848 
1695 848 888 849 
1696 888 889 849 
1697 849 889 850 
1698 889 890 850 
1699 850 890 851 
1700 890 891 851 
1701 851 891 892 
1702 851 892 852 
1703 852 892 893 
1704 852 893 853 
1705 853 893 894 
1706 853 894 854 
1707 854 894 895 
1708 854 895 855 
1709 855 895 896 
1710 855 896 856 
1711 856 896 897 
1712 856 897 857 
1713 857 897 898 
1714 857 898 858 
1715 858 898 899 
1716 858 899 859 
1717 859 899 900 
1718 859 900 860 
1719 860 900 901 
1720 860 901 861 
1721 861 901 862 
1722 901 902 862 
1723 862 902 863 
1724 902 903 863 
1725 863 903 864 
1726 903 904 864 
1727 864 904 865 
1728 904 905 865 
1729 865 905 866 
1730 905 906 866 
1731 866 906 867 
1732 906 907 867 
1733 867 907 868 
1734 907 908 868 
1735 868 908 869 
1736 908 909 869 
1737 869 909 870 
1738 909 910 870 
1739 870 910 871 
1740 910 911 871 
1741 871 911 912 
1742 871 912 872 
1743 872 912 913 
1744 872 913 873 
1745 873 913 914 
1746 873 914 874 
1747 874 914 915 
1748 874 915 875 
1749 875 915 916 
1750 875 916 876 
1751 876 916 917 
1752 876 917 877 
1753 877 917 918 
1754 877 918 878 
1755 878 918 919 
1756 878 919 879 
1757 879 919 920 
1758 879 920 880 
1759 880 920 881 
1760 880 881 841 
1761 881 921 882 
1762 921 922 882 
1763 882 922 883 
1764 922 923 883 
1765 883 923 884 
1766 923 924 884 
1767 884 924 885 
1768 924 925 885 
1769 885 925 886 
1770 925 926 886 
1771 886 926 887 
1772 926 927 887 
1773 887 927 888 
1774 927 928 888 
1775 888 928 889 
1776 928 929 889 
1777 889 929 890 
1778 929 930 890 
1779 890 930 891 
1780 930 931 891 
1781 891 931 932 
1782 891 932 892 
1783 892 932 933 
1784 892 933 893 
1785 893 933 934 
1786 893 934 894 
1787 894 934 935 
1788 894 935 895 
1789 895 935 936 
1790 895 936 896 
1791 896 936 937 
1792 896 937 897 
1793 897 937 938 
1794 897 938 898 
1795 898 938 939 
1796 898 939 899 
1797 899 939 940 
1798 899 940 900 
1799 900 940 941 
1800 900 941 901 
1801 901 941 902 
1802 941 942 902 
1803 902 942 903 
1804 942 943 903 
1805 903 943 904 
1806 943 944 904 
1807 904 944 905 
1808 944 945 905 
1809 905 945 906 
1810 945 946 906 
1811 906 946 907 
1812 946 947 907 
1813 907 947 908 
1814 947 948 908 
1815 908 948 909 
1816 948 949 909 
1817 909 949 910 
1818 949 950 910 
1819 910 950 911 
1820 950 951 911 
1821 911 951 952 
1822 911 952 912 
1823 912 952 953 
1824 912 953 913 
1825 913 953 954 
1826 913 954 914 
1827 914 954 955 
1828 914 955 915 
1829 915 955 956 
1830 915 956 916 
1831 916 956 957 
1832 916 957 917 
1833 917 957 958 
1834 917 958 918 
1835 918 958 959 
1836 918 959 919 
1837 919 959 960 
1838 919 960 920 
1839 920 960 921 
1840 920 921 881 
1841 921 961 922 
1842 961 962 922 
1843 922 962 923 
1844 962 963 923 
1845 923 963 924 
1846 963 964 924 
1847 924 964 925 
1848 964 965 925 
1849 925 965 926 
1850 965 966 926 
1851 926 966 927 
1852 966 967 927 
1853 927 967 928 
1854 967 968 928 
1855 928 968 929 
1856 968 969 929 
1857 929 969 930 
1858 969 970 930 
1859 930 970 931 
1860 970 971 931 
1861 931 971 972 
1862 931 972 932 
1863 932 972 973 
1864 932 973 933 
1865 933 973 974 
1866 933 974 934 
1867 934 974 975 
1868 934 975 935 
1869 935 975 976 
1870 935 976 936 
1871 936 976 977 
1872 936 977 937 
1873 937 977 978 
1874 937 978 938 
1875 938 978 979 
1876 938 979 939 
1877 939 979 980 
1878 939 980 940 
1879 940 980 981 
1880 940 981 941 
1881 941 981 942 
1882 981 982 942 
1883 942 982 943 
1884 982 983 943 
1885 943 983 944 
1886 983 984 944 
1887 944 984 945 
1888 984 985 945 
1889 945 985 946 
1890 985 986 946 
1891 946 986 947 
1892 986 987 947 
1893 947 987 948 
1894 987 988 948 
1895 948 988 949 
1896 988 989 949 
1897 949 989 950 
1898 989 990 950 
1899 950 990 951 
1900 990 991 951 
1901 951 991 992 
1902 951 992 952 
1903 952 992 993 
1904 952 993 953 
1905 953 993 994 
1906 953 994 954 
1907 954 994 995 
1908 954 995 955 
1909 955 995 996 
1910 955 996 956 
1911 956 996 997 
1912 956 997 957 
1913 957 997 998 
1914 957 998 958 
1915 958 998 999 
1916 958 999 959 
1917 959 999 1000 
1918 959 1000 960 
1919 960 1000 961 
1920 960 961 921 
1921 961 1001 962 
1922 1001 1002 962 
1923 962 1002 963 
1924 1002 1003 963 
1925 963 1003 964 
1926 1003 1004 964 
1927 964 1004 965 
1928 1004 1005 965 
1929 965 1005 966 
1930 1005 1006 966 
1931 966 1006 967 
1932 1006 1007 967 
1933 967 1007 968 
1934 1007 1008 968 
1935 968 1008 969 
1936 1008 1009 969 
1937 969 1009 970 
1938 1009 1010 970 
1939 970 1010 971 
1940 1010 1011 971 
1941 971 1011 1012 
1942 971 1012 972 
1943 972 1012 1013 
1944 972 1013 973 
1945 973 1013 1014 
1946 973 1014 974 
1947 974 1014 1015 
1948 974 1015 975 
1949 975 1015 1016 
1950 975 1016 976 
1951 976 1016 1017 
1952 976 1017 977 
1953 977 1017 1018 
1954 977 1018 978 
1955 978 1018 1019 
1956 978 1019 979 
1957 979 1019 1020 
1958 979 1020 980 
1959 980 1020 1021 
1960 980 1021 981 
1961 981 1021 982 
1962 1021 1022 982 
1963 982 1022 983 
1964 1022 1023 983 
1965 983 1023 984 
1966 1023 1024 984 
1967 984 1024 985 
1968 1024 1025 985 
1969 985 1025 986 
1970 1025 1026 986 
1971 986 1026 987 
1972 1026 1027 987 
1973 987 1027 988 
1974 1027 1028 988 
1975 988 1028 989 
1976 1028 1029 989 
1977 989 1029 990 
1978 1029 1030 990 
1979 990 1030 991 
1980 1030 1031 991 
1981 991 1031 1032 
1982 991 1032 992 
1983 992 1032 1033 
1984 992 1033 993 
1985 993 1033 1034 
1986 993 1034 994 
1987 994 1034 1035 
1988 994 1035 995 
1989 995 1035 1036 
1990 995 1036 996 
1991 996 1036 1037 
1992 996 1037 997 
1993 997 1037 1038 
1994 997 1038 998 
1995 998 1038 1039 
1996 998 1039 999 
1997 999 1039 1040 
1998 999 1040 1000 
1999 1000 1040 1001 
2000 1000 1001 961 
2001 1001 1041 1002 
2002 1041 1042 1002 
2003 1002 1042 1003 
2004 1042 1043 1003 
2005 1003 1043 1004 
2006 1043 1044 1004 
2007 1004 1044 1005 
2008 1044 1045 1005 
2009 1005 1045 1006 
2010 1045 1046 1006 
2011 1006 1046 1007 
2012 1046 1047 1007 
2013 1007 1047 1008 
2014 1047 1048 1008 
2015 1008 1048 1009 
2016 1048 1049 1009 
2017 1009 1049 1010 
2018 1049 1050 1010 
2019 1010 1050 1011 
2020 1050 1051 1011 
2021 1011 1051 1052 
2022 1011 1052 1012 
2023 1012 1052 1053 
2024 1012 1053 1013 
2025 1013 1053 1054 
2026 1013 1054 1014 
2027 1014 1054 1055 
2028 1014 1055 1015 
2029 1015 1055 1056 
2030 1015 1056 1016 
2031 1016 1056 1057 
2032 1016 1057 1017 
2033 1017 1057 1058 
2034 1017 1058 1018 
2035 1018 1058 1059 
2036 1018 1059 1019 
2037 1019 1059 1060 
2038 1019 1060 1020 
2039 1020 1060 1061 
2040 1020 1061 1021 
2041 1021 1061 1022 
2042 1061 1062 1022 
2043 1022 1062 1023 
2044 1062 1063 1023 
2045 1023 1063 1024 
2046 1063 1064 1024 
2047 1024 1064 1025 
2048 1064 1065 1025 
2049 1025 1065 1026 
2050 1065 1066 1026 
2051 1026 1066 1027 
2052 1066 1067 1027 
2053 1027 1067 1028 
2054 1067 1068 1028 
2055 1028 1068 1029 
2056 1068 1069 1029 
2057 1029 1069 1030 
2058 1069 1070 1030 
2059 1030 1070 1031 
2060 1070 1071 1031 
2061 1031 1071 1072 
2062 1031 1072 1032 
2063 1032 1072 1073 
2064 1032 1073 1033 
2065 1033 1073 1074 
2066 1033 1074 1034 
2067 1034 1074 1075 
2068 1034 1075 1035 
2069 1035 1075 1076 
2070 1035 1076 1036 
2071 1036 1076 1077 
2072 1036 1077 1037 
2073 1037 1077 1078 
2074 1037 1078 1038 
2075 1038 1078 1079 
2076 1038 1079 1039 
2077 1039 1079 1080 
2078 1039 1080 1040 
2079 1040 1080 1041 
2080 1040 1041 1001 
2081 1041 1081 1042 
2082 1081 1082 1042 
2083 1042 1082 1043 
2084 1082 1083 1043 
2085 1043 1083 1044 
2086 1083 1084 1044 
2087 1044 1084 1045 
2088 1084 1085 1045 
2089 1045 1085 1046 
2090 1085 1086 1046 
2091 1046 1086 1047 
2092 1086 1087 1047 
2093 1047 1087 1048 
2094 1087 1088 1048 
2095 1048 1088 1049 
2096 1088 1089 1049 
2097 1049 1089 1050 
2098 1089 1090 1050 
2099 1050 1090 1051 
2100 1090 1091 1051 
2101 1051 1091 1092 
2102 1051 1092 1052 
2103 1052 1092 1093 
2104 1052 1093 1053 
2105 1053 1093 1094 
2106 1053 1094 1054 
2107 1054 1094 1095 
2108 1054 1095 1055 
2109 1055 1095 1096 
2110 1055 1096 1056 
2111 1056 1096 1097 
2112 1056 1097 1057 
2113 1057 1097 1098 
2114 1057 1098 1058 
2115 1058 1098 1099 
2116 1058 1099 1059 
2117 1059 1099 1100 
2118 1059 1100 1060 
2119 1060 1100 1101 
2120 1060 1101 1061 
2121 1061 1101 1062 
2122 1101 1102 1062 
2123 1062 1102 1063 
2124 1102 1103 1063 
2125 1063 1103 1064 
2126 1103 1104 1064 
2127 1064 1104 1065 
2128 1104 1105 1065 
2129 1065 1105 1066 
2130 1105 1106 1066 
2131 1066 1106 1067 
2132 1106 1107 1067 
2133 1067 1107 1068 
2134 1107 1108 1068 
2135 1068 1108 1069 
2136 1108 1109 1069 
2137 1069 1109 1070 
2138 1109 1110 1070 
2139 1070 1110 1071 
2140 1110 1111 1071 
2141 1071 1111 1112 
2142 1071 1112 1072 
2143 1072 1112 1113 
2144 1072 1113 1073 
2145 1073 1113 1114 
2146 1073 1114 1074 
2147 1074 1114 1115 
2148 1074 1115 1075 
2149 1075 1115 1116 
2150 1075 1116 1076 
2151 1076 1116 1117 
2152 1076 1117 1077 
2153 1077 1117 1118 
2154 1077 1118 1078 
2155 1078 1118 1119 
2156 1078 1119 1079 
2157 1079 1119 1120 
2158 1079 1120 1080 
2159 1080 1120 1081 
2160 1080 1081 1041 
2161 1081 1121 1082 
2162 1121 1122 1082 
2163 1082 1122 1083 
2164 1122 1123 1083 
2165 1083 1123 1084 
2166 1123 1124 1084 
2167 1084 1124 1085 
2168 1124 1125 1085 
2169 1085 1125 1086 
2170 1125 1126 1086 
2171 1086 1126 1087 
2172 1126 1127 1087 
2173 1087 1127 1088 
2174 1127 1128 1088 
2175 1088 1128 1089 
2176 1128 1129 1089 
2177 1089 1129 1090 
2178 1129 1130 1090 
2179 1090 1130 1091 
2180 1130 1131 1091 
2181 1091 1131 1132 
2182 1091 1132 1092 
2183 1092 1132 1133 
2184 1092 1133 1093 
2185 1093 1133 1134 
2186 1093 1134 1094 
2187 1094 1134 1135 
2188 1094 1135 1095 
2189 1095 1135 1136 
2190 1095 1136 1096 
2191 1096 1136 1137 
2192 1096 1137 1097 
2193 1097 1137 1138 
2194 1097 1138 1098 
2195 1098 1138 1139 
2196 1098 1139 1099 
2197 1099 1139 1140 
2198 1099 1140 1100 
2199 1100 1140 1141 
2200 1100 1141 1101 
2201 1101 1141 1102 
2202 1141 1142 1102 
2203 1102 1142 1103 
2204 1142 1143 1103 
2205 1103 1143 1104 
2206 1143 1144 1104 
2207 1104 1144 1105 
2208 1144 1145 1105 
2209 1105 1145 1106 
2210 1145 1146 1106 
2211 1106 1146 1107 
2212 1146 1147 1107 
2213 1107 1147 1108 
2214 1147 1148 1108 
2215 1108 1148 1109 
2216 1148 1149 1109 
2217 1109 1149 1110 
2218 1149 1150 1110 
2219 1110 1150 1111 
2220 1150 1151 1111 
2221 1111 1151 1152 
2222 1111 1152 1112 
2223 1112 1152 1153 
2224 1112 1153 1113 
2225 1113 1153 1154 
2226 1113 1154 1114 
2227 1114 1154 1155 
2228 1114 1155 1115 
2229 1115 1155 1156 
2230 1115 1156 1116 
2231 1116 1156 1157 
2232 1116 1157 1117 
2233 1117 1157 1158 
2234 1117 1158 1118 
2235 1118 1158 1159 
2236 1118 1159 1119 
2237 1119 1159 1160 
2238 1119 1160 1120 
2239 1120 1160 1121 
2240 1120 1121 1081 
2241 1121 1161 1122 
2242 1161 1162 1122 
2243 1122 1162 1123 
2244 1162 1163 1123 
2245 1123 1163 1124 
2246 1163 1164 1124 
2247 1124 1164 1125 
2248 1164 1165 1125 
2249 1125 1165 1126 
2250 1165 1166 1126 
2251 1126 1166 1127 
2252 1166 1167 1127 
2253 1127 1167 1128 
2254 1167 1168 1128 
2255 1128 1168 1129 
2256 1168 1169 1129 
2257 1129 1169 1130 
2258 1169 1170 1130 
2259 1130 1170 1131 
2260 1170 1171 1131 
2261 1131 1171 1172 
2262 1131 1172 1132 
2263 1132 1172 1173 
2264 1132 1173 1133 
2265 1133 1173 1174 
2266 1133 1174 1134 
2267 1134 1174 1175 
2268 1134 1175 1135 
2269 1135 1175 1176 
2270 1135 1176 1136 
2271 1136 1176 1177 
2272 1136 1177 1137 
2273 1137 1177 1178 
2274 1137 1178 1138 
2275 1138 1178 1179 
2276 1138 1179 1139 
2277 1139 1179 1180 
2278 1139 1180 1140 
2279 1140 1180 1181 
2280 1140 1181 1141 
2281 1141 1181 1142 
2282 1181 1182 1142 
2283 1142 1182 1143 
2284 1182 1183 1143 
2285 1143 1183 1144 
2286 1183 1184 1144 
2287 1144 1184 1145 
2288 1184 1185 1145 
2289 1145 1185 1146 
2290 1185 1186 1146 
2291 1146 1186 1147 
2292 1186 1187 1147 
2293 1147 1187 1148 
2294 1187 1188 1148 
2295 1148 1188 1149 
2296 1188 1189 1149 
2297 1149 1189 1150 
2298 1189 1190 1150 
2299 1150 1190 1151 
2300 1190 1191 1151 
2301 1151 1191 1192 
2302 1151 1192 1152 
2303 1152 1192 1193 
2304 1152 1193 1153 
2305 1153 1193 1194 
2306 1153 1194 1154 
2307 1154 1194 1195 
2308 1154 1195 1155 
2309 1155 1195 1196 
2310 1155 1196 1156 
2311 1156 1196 1197 
2312 1156 1197 1157 
2313 1157 1197 1198 
2314 1157 1198 1158 
2315 1158 1198 1199 
2316 1158 1199 1159 
2317 1159 1199 1200 
2318 1159 1200 1160 
2319 1160 1200 1161 
2320 1160 1161 1121 
2321 1161 1201 1162 
2322 1201 1202 1162 
2323 1162 1202 1163 
2324 1202 1203 1163 
2325 1163 1203 1164 
2326 1203 1204 1164 
2327 1164 1204 1165 
2328 1204 1205 1165 
2329 1165 1205 1166 
2330 1205 1206 1166 
2331 1166 1206 1167 
2332 1206 1207 1167 
2333 1167 1207 1168 
2334 1207 1208 1168 
2335 1168 1208 1169 
2336 1208 1209 1169 
2337 1169 1209 1170 
2338 1209 1210 1170 
2339 1170 1210 1171 
2340 1210 1211 1171 
2341 1171 1211 1212 
2342 1171 1212 1172 
2343 1172 1212 1213 
2344 1172 1213 1173 
2345 1173 1213 1214 
2346 1173 1214 1174 
2347 1174 1214 1215 
2348 1174 1215 1175 
2349 1175 1215 1216 
2350 1175 1216 1176 
2351 1176 1216 1217 
2352 1176 1217 1177 
2353 1177 1217 1218 
2354 1177 1218 1178 
2355 1178 1218 1219 
2356 1178 1219 1179 
2357 1179 1219 1220 
2358 1179 1220 1180 
2359 1180 1220 1221 
2360 1180 1221 1181 
2361 1181 1221 1182 
2362 1221 1222 1182 
2363 1182 1222 1183 
2364 1222 1223 1183 
2365 1183 1223 1184 
2366 1223 1224 1184 
2367 1184 1224 1185 
2368 1224 1225 1185 
2369 1185 1225 1186 
2370 1225 1226 1186 
2371 1186 1226 1187 
2372 1226 1227 1187 
2373 1187 1227 1188 
2374 1227 1228 1188 
2375 1188 1228 1189 
2376 1228 1229 1189 
2377 1189 1229 1190 
2378 1229 1230 1190 
2379 1190 1230 1191 
2380 1230 1231 1191 
2381 1191 1231 1232 
2382 1191 1232 1192 
2383 1192 1232 1233 
2384 1192 1233 1193 
2385 1193 1233 1234 
2386 1193 1234 1194 
2387 1194 1234 1235 
2388 1194 1235 1195 
2389 1195 1235 1236 
2390 1195 1236 1196 
2391 1196 1236 1237 
2392 1196 1237 1197 
2393 1197 1237 1238 
2394 1197 1238 1198 
2395 1198 1238 1239 
2396 1198 1239 1199 
2397 1199 1239 1240 
2398 1199 1240 1200 
2399 1200 1240 1201 
2400 1200 1201 1161 
2401 1201 1241 1202 
2402 1241 1242 1202 
2403 1202 1242 1203 
2404 1242 1243 1203 
2405 1203 1243 1204 
2406 1243 1244 1204 
2407 1204 1244 1205 
2408 1244 1245 1205 
2409 1205 1245 1206 
2410 1245 1246 1206 
2411 1206 1246 1207 
2412 1246 1247 1207 
2413 1207 1247 1208 
2414 1247 1248 1208 
2415 1208 1248 1209 
2416 1248 1249 1209 
2417 1209 1249 1210 
2418 1249 1250 1210 
2419 1210 1250 1211 
2420 1250 1251 1211 
2421 1211 1251 1252 
2422 1211 1252 1212 
2423 1212 1252 1253 
2424 1212 1253 1213 
2425 1213 1253 1254 
2426 1213 1254 1214 
2427 1214 1254 1255 
2428 1214 1255 1215 
2429 1215 1255 1256 
2430 1215 1256 1216 
2431 1216 1256 1257 
2432 1216 1257 1217 
2433 1217 1257 1258 
2434 1217 1258 1218 
2435 1218 1258 1259 
2436 1218 1259 1219 
2437 1219 1259 1260 
2438 1219 1260 1220 
2439 1220 1260 1261 
2440 1220 1261 1221 
2441 1221 1261 1222 
2442 1261 1262 1222 
2443 1222 1262 1223 
2444 1262 1263 1223 
2445 1223 1263 1224 
2446 1263 1264 1224 
2447 1224 1264 1225 
2448 1264 1265 1225 
2449 1225 1265 1226 
2450 1265 1266 1226 
2451 1226 1266 1227 
2452 1266 1267 1227 
2453 1227 1267 1228 
2454 1267 1268 1228 
2455 1228 1268 1229 
2456 1268 1269 1229 
2457 1229 1269 1230 
2458 1269 1270 1230 
2459 1230 1270 1231 
2460 1270 1271 1231 
2461 1231 1271 1272 
2462 1231 1272 1232 
2463 1232 1272 1273 
2464 1232 1273 1233 
2465 1233 1273 1274 
2466 1233 1274 1234 
2467 1234 1274 1275 
2468 1234 1275 1235 
2469 1235 1275 1276 
2470 1235 1276 1236 
2471 1236 1276 1277 
2472 1236 1277 1237 
2473 1237 1277 1278 
2474 1237 1278 1238 
2475 1238 1278 1279 
2476 1238 1279 1239 
2477 1239 1279 1280 
2478 1239 1280 1240 
2479 1240 1280 1241 
2480 1240 1241 1201 
2481 1241 1281 1242 
2482 1281 1282 1242 
2483 1242 1282 1243 
2484 1282 1283 1243 
2485 1243 1283 1244 
2486 1283 1284 1244 
2487 1244 1284 1245 
2488 1284 1285 1245 
2489 1245 1285 1246 
2490 1285 1286 1246 
2491 1246 1286 1247 
2492 1286 1287 1247 
2493 1247 1287 1248 
2494 1287 1288 1248 
2495 1248 1288 1249 
2496 1288 1289 1249 
2497 1249 1289 1250 
2498 1289 1290 1250 
2499 1250 1290 1251 
2500 1290 1291 1251 
2501 1251 1291 1292 
2502 1251 1292 1252 
2503 1252 1292 1293 
2504 1252 1293 1253 
2505 1253 1293 1294 
2506 1253 1294 1254 
2507 1254 1294 1295 
2508 1254 1295 1255 
2509 1255 1295 1296 
2510 1255 1296 1256 
2511 1256 1296 1297 
2512 1256 1297 1257 
2513 1257 1297 1298 
2514 1257 1298 1258 
2515 1258 1298 1299 
2516 1258 1299 1259 
2517 1259 1299 1300 
2518 1259 1300 1260 
2519 1260 1300 1301 
2520 1260 1301 1261 
2521 1261 1301 1262 
2522 1301 1302 1262 
2523 1262 1302 1263 
2524 1302 1303 1263 
2525 1263 1303 1264 
2526 1303 1304 1264 
2527 1264 1304 1265 
2528 1304 1305 1265 
2529 1265 1305 1266 
2530 1305 1306 1266 
2531 1266 1306 1267 
2532 1306 1307 1267 
2533 1267 1307 1268 
2534 1307 1308 1268 
2535 1268 1308 1269 
2536 1308 1309 1269 
2537 1269 1309 1270 
2538 1309 1310 1270 
2539 1270 1310 1271 
2540 1310 1311 1271 
2541 1271 1311 1312 
2542 1271 1312 1272 
2543 1272 1312 1313 
2544 1272 1313 1273 
2545 1273 1313 1314 
2546 1273 1314 1274 
2547 1274 1314 1315 
2548 1274 1315 1275 
2549 1275 1315 1316 
2550 1275 1316 1276 
2551 1276 1316 1317 
2552 1276 1317 1277 
2553 1277 1317 1318 
2554 1277 1318 1278 
2555 1278 1318 1319 
2556 1278 1319 1279 
2557 1279 1319 1320 
2558 1279 1320 1280 
2559 1280 1320 1281 
2560 1280 1281 1241 
2561 1281 1321 1282 
2562 1321 1322 1282 
2563 1282 1322 1283 
2564 1322 1323 1283 
2565 1283 1323 1284 
2566 1323 1324 1284 
2567 1284 1324 1285 
2568 1324 1325 1285 
2569 1285 1325 1286 
2570 1325 1326 1286 
2571 1286 1326 1287 
2572 1326 1327 1287 
2573 1287 1327 1288 
2574 1327 1328 1288 
2575 1288 1328 1289 
2576 1328 1329 1289 
2577 1289 1329 1290 
2578 1329 1330 1290 
2579 1290 1330 1291 
2580 1330 1331 1291 
2581 1291 1331 1332 
2582 1291 1332 1292 
2583 1292 1332 1333 
2584 1292 1333 1293 
2585 1293 1333 1334 
2586 1293 1334 1294 
2587 1294 1334 1335 
2588 1294 1335 1295 
2589 1295 1335 1336 
2590 1295 1336 1296 
2591 1296 1336 1337 
2592 1296 1337 1297 
2593 1297 1337 1338 
2594 1297 1338 1298 
2595 1298 1338 1339 
2596 1298 1339 1299 
2597 1299 1339 1340 
2598 1299 1340 1300 
2599 1300 1340 1341 
2600 1300 1341 1301 
2601 1301 1341 1302 
2602 1341 1342 1302 
2603 1302 1342 1303 
2604 1342 1343 1303 
2605 1303 1343 1304 
2606 1343 1344 1304 
2607 1304 1344 1305 
2608 1344 1345 1305 
2609 1305 1345 1306 
2610 1345 1346 1306 
2611 1306 1346 1307 
2612 1346 1347 1307 
2613 1307 1347 1308 
2614 1347 1348 1308 
2615 1308 1348 1309 
2616 1348 1349 1309 
2617 1309 1349 1310 
2618 1349 1350 1310 
2619 1310 1350 1311 
2620 1350 1351 1311 
2621 1311 1351 1352 
2622 1311 1352 1312 
2623 1312 1352 1353 
2624 1312 1353 1313 
2625 1313 1353 1354 
2626 1313 1354 1314 
2627 1314 1354 1355 
2628 1314 1355 1315 
2629 1315 1355 1356 
2630 1315 1356 1316 
2631 1316 1356 1357 
2632 1316 1357 1317 
2633 1317 1357 1358 
2634 1317 1358 1318 
2635 1318 1358 1359 
2636 1318 1359 1319 
2637 1319 1359 1360 
2638 1319 1360 1320 
2639 1320 1360 1321 
2640 1320 1321 1281 
2641 1321 1361 1322 
2642 1361 1362 1322 
2643 1322 1362 1323 
2644 1362 1363 1323 
2645 1323 1363 1324 
2646 1363 1364 1324 
2647 1324 1364 1325 
2648 1364 1365 1325 
2649 1325 1365 1326 
2650 1365 1366 1326 
2651 1326 1366 1327 
2652 1366 1367 1327 
2653 1327 1367 1328 
2654 1367 1368 1328 
2655 1328 1368 1329 
2656 1368 1369 1329 
2657 1329 1369 1330 
2658 1369 1370 1330 
2659 1330 1370 1331 
2660 1370 1371 1331 
2661 1331 1371 1372 
2662 1331 1372 1332 
2663 1332 1372 1373 
2664 1332 1373 1333 
2665 1333 1373 1374 
2666 1333 1374 1334 
2667 1334 1374 1375 
2668 1334 1375 1335 
2669 1335 1375 1376 
2670 1335 1376 1336 
2671 1336 1376 1377 
2672 1336 1377 1337 
2673 1337 1377 1378 
2674 1337 1378 1338 
2675 1338 1378 1379 
2676 1338 1379 1339 
2677 1339 1379 1380 
2678 1339 1380 1340 
2679 1340 1380 1381 
2680 1340 1381 1341 
2681 1341 1381 1342 
2682 1381 1382 1342 
2683 1342 1382 1343 
2684 1382 1383 1343 
2685 1343 1383 1344 
2686 1383 1384 1344 
2687 1344 1384 1345 
2688 1384 1385 1345 
2689 1345 1385 1346 
2690 1385 1386 1346 
2691 1346 1386 1347 
2692 1386 1387 1347 
2693 1347 1387 1348 
2694 1387 1388 1348 
2695 1348 1388 1349 
2696 1388 1389 1349 
2697 1349 1389 1350 
2698 1389 1390 1350 
2699 1350 1390 1351 
2700 1390 1391 1351 
2701 1351 1391 1392 
2702 1351 1392 1352 
2703 1352 1392 1393 
2704 1352 1393 1353 
2705 1353 1393 1394 
2706 1353 1394 1354 
2707 1354 1394 1395 
2708 1354 1395 1355 
2709 1355 1395 1396 
2710 1355 1396 1356 
2711 1356 1396 1397 
2712 1356 1397 1357 
2713 1357 1397 1398 
2714 1357 1398 1358 
2715 1358 1398 1399 
2716 1358 1399 1359 
2717 1359 1399 1400 
2718 1359 1400 1360 
2719 1360 1400 1361 
2720 1360 1361 1321 
2721 1361 1401 1362 
2722 1401 1402 1362 
2723 1362 1402 1363 
2724 1402 1403 1363 
2725 1363 1403 1364 
2726 1403 1404 1364 
2727 1364 1404 1365 
2728 1404 1405 1365 
2729 1365 1405 1366 
2730 1405 1406 1366 
2731 1366 1406 1367 
2732 1406 1407 1367 
2733 1367 1407 1368 
2734 1407 1408 1368 
2735 1368 1408 1369 
2736 1408 1409 1369 
2737 1369 1409 1370 
2738 1409 1410 1370 
2739 1370 1410 1371 
2740 1410 1411 1371 
2741 1371 1411 1412 
2742 1371 1412 1372 
2743 1372 1412 1413 
2744 1372 1413 1373 
2745 1373 1413 1414 
2746 1373 1414 1374 
2747 1374 1414 1415 
2748 1374 1415 1375 
2749 1375 1415 1416 
2750 1375 1416 1376 
2751 1376 1416 1417 
2752 1376 1417 1377 
2753 1377 1417 1418 
2754 1377 1418 1378 
2755 1378 1418 1419 
2756 1378 1419 1379 
2757 1379 1419 1420 
2758 1379 1420 1380 
2759 1380 1420 1421 
2760 1380 1421 1381 
2761 1381 1421 1382 
2762 1421 1422 1382 
2763 1382 1422 1383 
2764 1422 1423 1383 
2765 1383 1423 1384 
2766 1423 1424 1384 
2767 1384 1424 1385 
2768 1424 1425 1385 
2769 1385 1425 1386 
2770 1425 1426 1386 
2771 1386 1426 1387 
2772 1426 1427 1387 
2773 1387 1427 1388 
2774 1427 1428 1388 
2775 1388 1428 1389 
2776 1428 1429 1389 
2777 1389 1429 1390 
2778 1429 1430 1390 
2779 1390 1430 1391 
2780 1430 1431 1391 
2781 1391 1431 1432 
2782 1391 1432 1392 
2783 1392 1432 1433 
2784 1392 1433 1393 
2785 1393 1433 1434 
2786 1393 1434 1394 
2787 1394 1434 1435 
2788 1394 1435 1395 
2789 1395 1435 1436 
2790 1395 1436 1396 
2791 1396 1436 1437 
2792 1396 1437 1397 
2793 1397 1437 1438 
2794 1397 1438 1398 
2795 1398 1438 1439 
2796 1398 1439 1399 
2797 1399 1439 1440 
2798 1399 1440 1400 
2799 1400 1440 1401 
2800 1400 1401 1361 
2801 1401 1441 1402 
2802 1441 1442 1402 
2803 1402 1442 1403 
2804 1442 1443 1403 
2805 1403 1443 1404 
2806 1443 1444 1404 
2807 1404 1444 1405 
2808 1444 1445 1405 
2809 1405 1445 1406 
2810 1445 1446 1406 
2811 1406 1446 1407 
2812 1446 1447 1407 
2813 1407 1447 1408 
2814 1447 1448 1408 
2815 1408 1448 1409 
2816 1448 1449 1409 
2817 1409 1449 1410 
2818 1449 1450 1410 
2819 1410 1450 1411 
2820 1450 1451 1411 
2821 1411 1451 1452 
2822 1411 1452 1412 
2823 1412 1452 1453 
2824 1412 1453 1413 
2825 1413 1453 1454 
2826 1413 1454 1414 
2827 1414 1454 1455 
2828 1414 1455 1415 
2829 1415 1455 1456 
2830 1415 1456 1416 
2831 1416 1456 1457 
2832 1416 1457 1417 
2833 1417 1457 1458 
2834 1417 1458 1418 
2835 1418 1458 1459 
2836 1418 1459 1419 
2837 1419 1459 1460 
2838 1419 1460 1420 
2839 1420 1460 1461 
2840 1420 1461 1421 
2841 1421 1461 1422 
2842 1461 1462 1422 
2843 1422 1462 1423 
2844 1462 1463 1423 
2845 1423 1463 1424 
2846 1463 1464 1424 
2847 1424 1464 1425 
2848 1464 1465 1425 
2849 1425 1465 1426 
2850 1465 1466 1426 
2851 1426 1466 1427 
2852 1466 1467 1427 
2853 1427 1467 1428 
2854 1467 1468 1428 
2855 1428 1468 1429 
2856 1468 1469 1429 
2857 1429 1469 1430 
2858 1469 1470 1430 
2859 1430 1470 1431 
2860 1470 1471 1431 
2861 1431 1471 1472 
2862 1431 1472 1432 
2863 1432 1472 1473 
2864 1432 1473 1433 
2865 1433 1473 1474 
2866 1433 1474 1434 
2867 1434 1474 1475 
2868 1434 1475 1435 
2869 1435 1475 1476 
2870 1435 1476 1436 
2871 1436 1476 1477 
2872 1436 1477 1437 
2873 1437 1477 1478 
2874 1437 1478 1438 
2875 1438 1478 1479 
2876 1438 1479 1439 
2877 1439 1479 1480 
2878 1439 1480 1440 
2879 1440 1480 1441 
2880 1440 1441 1401 
2881 1441 1481 1442 
2882 1481 1482 1442 
2883 1442 1482 1443 
2884 1482 1483 1443 
2885 1443 1483 1444 
2886 1483 1484 1444 
2887 1444 1484 1445 
2888 1484 1485 1445 
2889 1445 1485 1446 
2890 1485 1486 1446 
2891 1446 1486 1447 
2892 1486 1487 1447 
2893 1447 1487 1448 
2894 1487 1488 1448 
2895 1448 1488 1449 
2896 1488 1489 1449 
2897 1449 1489 1450 
2898 1489 1490 1450 
2899 1450 1490 1451 
2900 1490 1491 1451 
2901 1451 1491 1492 
2902 1451 1492 1452 
2903 1452 1492 1493 
2904 1452 1493 1453 
2905 1453 1493 1494 
2906 1453 1494 1454 
2907 1454 1494 1495 
2908 1454 1495 1455 
2909 1455 1495 1496 
2910 1455 1496 1456 
2911 1456 1496 1497 
2912 1456 1497 1457 
2913 1457 1497 1498 
2914 1457 1498 1458 
2915 1458 1498 1499 
2916 1458 1499 1459 
2917 1459 1499 1500 
2918 1459 1500 1460 
2919 1460 1500 1501 
2920 1460 1501 1461 
2921 1461 1501 1462 
2922 1501 1502 1462 
2923 1462 1502 1463 
2924 1502 1503 1463 
2925 1463 1503 1464 
2926 1503 1504 1464 
2927 1464 1504 1465 
2928 1504 1505 1465 
2929 1465 1505 1466 
2930 1505 1506 1466 
2931 1466 1506 1467 
2932 1506 1507 1467 
2933 1467 1507 1468 
2934 1507 1508 1468 
2935 1468 1508 1469 
2936 1508 1509 1469 
2937 1469 1509 1470 
2938 1509 1510 1470 
2939 1470 1510 1471 
2940 1510 1511 1471 
2941 1471 1511 1512 
2942 1471 1512 1472 
2943 1472 1512 1513 
2944 1472 1513 1473 
2945 1473 1513 1514 
2946 1473 1514 1474 
2947 1474 1514 1515 
2948 1474 1515 1475 
2949 1475 1515 1516 
2950 1475 1516 1476 
2951 1476 1516 1517 
2952 1476 1517 1477 
2953 1477 1517 1518 
2954 1477 1518 1478 
2955 1478 1518 1519 
2956 1478 1519 1479 
2957 1479 1519 1520 
2958 1479 1520 1480 
2959 1480 1520 1481 
2960 1480 1481 1441 
2961 1481 1521 1482 
2962 1521 1522 1482 
2963 1482 1522 1483 
2964 1522 1523 1483 
2965 1483 1523 1484 
2966 1523 1524 1484 
2967 1484 1524 1485 
2968 1524 1525 1485 
2969 1485 1525 1486 
2970 1525 1526 1486 
2971 1486 1526 1487 
2972 1526 1527 1487 
2973 1487 1527 1488 
2974 1527 1528 1488 
2975 1488 1528 1489 
2976 1528 1529 1489 
2977 1489 1529 1490 
2978 1529 1530 1490 
2979 1490 1530 1491 
2980 1530 1531 1491 
2981 1491 1531 1532 
2982 1491 1532 1492 
2983 1492 1532 1533 
2984 1492 1533 1493 
2985 1493 1533 1534 
2986 1493 1534 1494 
2987 1494 1534 1535 
2988 1494 1535 1495 
2989 1495 1535 1536 
2990 1495 1536 1496 
2991 1496 1536 1537 
2992 1496 1537 1497 
2993 1497 1537 1538 
2994 1497 1538 1498 
2995 1498 1538 1539 
2996 1498 1539 1499 
2997 1499 1539 1540 
2998 1499 1540 1500 
2999 1500 1540 1541 
3000 1500 1541 1501 
3001 1501 1541 1502 
3002 1541 1542 1502 
3003 1502 1542 1503 
3004 1542 1543 1503 
3005 1503 1543 1504 
3006 1543 1544 1504 
3007 1504 1544 1505 
3008 1544 1545 1505 
3009 1505 1545 1506 
3010 1545 1546 1506 
3011 1506 1546 1507 
3012 1546 1547 1507 
3013 1507 1547 1508 
3014 1547 1548 1508 
3015 1508 1548 1509 
3016 1548 1549 1509 
3017 1509 1549 1510 
3018 1549 1550 1510 
3019 1510 1550 1511 
3020 1550 1551 1511 
3021 1511 1551 1552 
3022 1511 1552 1512 
3023 1512 1552 1553 
3024 1512 1553 1513 
3025 1513 1553 1554 
3026 1513 1554 1514 
3027 1514 1554 1555 
3028 1514 1555 1515 
3029 1515 1555 1556 
3030 1515 1556 1516 
3031 1516 1556 1557 
3032 1516 1557 1517 
3033 1517 1557 1558 
3034 1517 1558 1518 
3035 1518 1558 1559 
3036 1518 1559 1519 
3037 1519 1559 1560 
3038 1519 1560 1520 
3039 1520 1560 1521 
3040 1520 1521 1481 
3041 1521 1561 1522 
3042 1561 1562 1522 
3043 1522 1562 1523 
3044 1562 1563 1523 
3045 1523 1563 1524 
3046 1563 1564 1524 
3047 1524 1564 1525 
3048 1564 1565 1525 
3049 1525 1565 1526 
3050 1565 1566 1526 
3051 1526 1566 1527 
3052 1566 1567 1527 
3053 1527 1567 1528 
3054 1567 1568 1528 
3055 1528 1568 1529 
3056 1568 1569 1529 
3057 1529 1569 1530 
3058 1569 1570 1530 
3059 1530 1570 1531 
3060 1570 1571 1531 
3061 1531 1571 1572 
3062 1531 1572 1532 
3063 1532 1572 1573 
3064 1532 1573 1533 
3065 1533 1573 1574 
3066 1533 1574 1534 
3067 1534 1574 1575 
3068 1534 1575 1535 
3069 1535 1575 1576 
3070 1535 1576 1536 
3071 1536 1576 1577 
3072 1536 1577 1537 
3073 1537 1577 1578 
3074 1537 1578 1538 
3075 1538 1578 1579 
3076 1538 1579 1539 
3077 1539 1579 1580 
3078 1539 1580 1540 
3079 1540 1580 1581 
3080 1540 1581 1541 
3081 1541 1581 1542 
3082 1581 1582 1542 
3083 1542 1582 1543 
3084 1582 1583 1543 
3085 1543 1583 1544 
3086 1583 1584 1544 
3087 1544 1584 1545 
3088 1584 1585 1545 
3089 1545 1585 1546 
3090 1585 1586 1546 
3091 1546 1586 1547 
3092 1586 1587 1547 
3093 1547 1587 1548 
3094 1587 1588 1548 
3095 1548 1588 1549 
3096 1588 1589 1549 
3097 1549 1589 1550 
3098 1589 1590 1550 
3099 1550 1590 1551 
3100 1590 1591 1551 
3101 1551 1591 1592 
3102 1551 1592 1552 
3103 1552 1592 1593 
3104 1552 1593 1553 
3105 1553 1593 1594 
3106 1553 1594 1554 
3107 1554 1594 1595 
3108 1554 1595 1555 
3109 1555 1595 1596 
3110 1555 1596 1556 
3111 1556 1596 1597 
3112 1556 1597 1557 
3113 1557 1597 1598 
3114 1557 1598 1558 
3115 1558 1598 1599 
3116 1558 1599 1559 
3117 1559 1599 1600 
3118 1559 1600 1560 
3119 1560 1600 1561 
3120 1560 1561 1521 
3121 1561 1601 1562 
3122 1562 1601 1602 
3123 1562 1602 1563 
3124 1563 1602 1603 
3125 1563 1603 1564 
3126 1564 1603 1604 
3127 1564 1604 1565 
3128 1565 1604 1605 
3129 1565 1605 1566 
3130 1566 1605 1606 
3131 1566 1606 1567 
3132 1567 1606 1607 
3133 1567 1607 1568 
3134 1568 1607 1608 
3135 1568 1608 1569 
3136 1569 1608 1609 
3137 1569 1609 1570 
3138 1570 1609 1610 
3139 1570 1610 1571 
3140 1571 1610 1572 
3141 1610 1611 1572 
3142 1572 1611 1573 
3143 1611 1612 1573 
3144 1573 1612 1574 
3145 1612 1613 1574 
3146 1574 1613 1575 
3147 1613 1614 1575 
3148 1575 1614 1576 
3149 1614 1615 1576 
3150 1576 1615 1577 
3151 1615 1616 1577 
3152 1577 1616 1578 
3153 1616 1617 1578 
3154 1578 1617 1579 
3155 1617 1618 1579 
3156 1579 1618 1580 
3157 1618 1619 1580 
3158 1580 1619 1581 
3159 1581 1620 1582 
3160 1582 1620 1621 
3161 1582 1621 1583 
3162 1583 1621 1622 
3163 1583 1622 1584 
3164 1584 1622 1623 
3165 1584 1623 1585 
3166 1585 1623 1624 
3167 1585 1624 1586 
3168 1586 1624 1625 
3169 1586 1625 1587 
3170 1587 1625 1626 
3171 1587 1626 1588 
3172 1588 1626 1627 
3173 1588 1627 1589 
3174 1589 1627 1628 
3175 1589 1628 1590 
3176 1590 1628 1629 
3177 1590 1629 1591 
3178 1591 1629 1592 
3179 1629 1630 1592 
3180 1592 1630 1593 
3181 1630 1631 1593 
3182 1593 1631 1594 
3183 1631 1632 1594 
3184 1594 1632 1595 
3185 1632 1633 1595 
3186 1595 1633 1596 
3187 1633 1634 1596 
3188 1596 1634 1597 
3189 1634 1635 1597 
3190 1597 1635 1598 
3191 1635 1636 1598 
3192 1598 1636 1599 
3193 1636 1637 1599 
3194 1599 1637 1600 
3195 1637 1638 1600 
3196 1600 1638 1561 
3197 1561 1639 1601 
3198 1601 1639 1640 
3199 1601 1640 1602 
3200 1602 1640 1641 
3201 1602 1641 1603 
3202 1603 1641 1642 
3203 1603 1642 1604 
3204 1604 1642 1643 
3205 1604 1643 1605 
3206 1605 1643 1644 
3207 1605 1644 1606 
3208 1606 1644 1645 
3209 1606 1645 1607 
3210 1607 1645 1646 
3211 1607 1646 1608 
3212 1608 1646 1647 
3213 1608 1647 1609 
3214 1609 1647 1648 
3215 1609 1648 1610 
3216 1610 1648 1611 
3217 1648 1649 1611 
3218 1611 1649 1612 
3219 1649 1650 1612 
3220 1612 1650 1613 
3221 1650 1651 1613 
3222 1613 1651 1614 
3223 1651 1652 1614 
3224 1614 1652 1615 
3225 1652 1653 1615 
3226 1615 1653 1616 
3227 1653 1654 1616 
3228 1616 1654 1617 
3229 1654 1655 1617 
3230 1617 1655 1618 
3231 1655 1656 1618 
3232 1618 1656 1619 
3233 1656 1657 1619 
3234 1619 1657 1581 
3235 1581 1657 1620 
3236 1620 1657 1656 
3237 1620 1656 1621 
3238 1621 1656 1655 
3239 1621 1655 1622 
3240 1622 1655 1654 
3241 1622 1654 1623 
3242 1623 1654 1653 
3243 1623 1653 1624 
3244 1624 1653 1652 
3245 1624 1652 1625 
3246 1625 1652 1651 
3247 1625 1651 1626 
3248 1626 1651 1650 
3249 1626 1650 1627 
3250 1627 1650 1649 
3251 1627 1649 1628 
3252 1628 1649 1648 
3253 1628 1648 1629 
3254 1629 1648 1630 
3255 1648 1647 1630 
3256 1630 1647 1631 
3257 1647 1646 1631 
3258 1631 1646 1632 
3259 1646 1645 1632 
3260 1632 1645 1633 
3261 1645 1644 1633 
3262 1633 1644 1634 
3263 1644 1643 1634 
3264 1634 1643 1635 
3265 1643 1642 1635 
3266 1635 1642 1636 
3267 1642 1641 1636 
3268 1636 1641 1637 
3269 1641 1640 1637 
3270 1637 1640 1638 
3271 1640 1639 1638 
3272 1638 1639 1561 
3273 1 2 1658 
3274 1658 2 1659 
3275 2 5 1659 
3276 1659 5 1660 
3277 5 7 1660 
3278 1660 7 1661 
3279 7 9 1661 
3280 1661 9 1662 
3281 9 11 1662 
3282 1662 11 1663 
3283 11 13 1663 
3284 1663 13 1664 
3285 13 15 1664 
3286 1664 15 1665 
3287 15 17 1665 
3288 1665 17 1666 
3289 17 19 1666 
3290 1666 19 1667 
3291 19 21 1667 
3292 1667 21 1668 
3293 21 1669 1668 
3294 21 24 1669 
3295 24 1670 1669 
3296 24 26 1670 
3297 26 1671 1670 
3298 26 28 1671 
3299 28 1672 1671 
3300 28 30 1672 
3301 30 1673 1672 
3302 30 32 1673 
3303 32 1674 1673 
3304 32 34 1674 
3305 34 1675 1674 
3306 34 36 1675 
3307 36 1676 1675 
3308 36 38 1676 
3309 38 1677 1676 
3310 38 40 1677 
3311 40 1678 1677 
3312 40 42 1678 
3313 42 43 1678 
3314 1678 43 1679 
3315 43 45 1679 
3316 1679 45 1680 
3317 45 47 1680 
3318 1680 47 1681 
3319 47 49 1681 
3320 1681 49 1682 
3321 49 51 1682 
3322 1682 51 1683 
3323 51 53 1683 
3324 1683 53 1684 
3325 53 55 1684 
3326 1684 55 1685 
3327 55 57 1685 
3328 1685 57 1686 
3329 57 59 1686 
3330 1686 59 1687 
3331 59 61 1687 
3332 1687 61 1688 
3333 61 1689 1688 
3334 61 64 1689 
3335 64 1690 1689 
3336 64 66 1690 
3337 66 1691 1690 
3338 66 68 1691 
3339 68 1692 1691 
3340 68 70 1692 
3341 70 1693 1692 
3342 70 72 1693 
3343 72 1694 1693 
3344 72 74 1694 
3345 74 1695 1694 
3346 74 76 1695 
3347 76 1696 1695 
3348 76 78 1696 
3349 78 1697 1696 
3350 78 80 1697 
3351 80 1658 1697 
3352 80 1 1658 
3353 1658 1659 1698 
3354 1698 1659 1699 
3355 1659 1660 1699 
3356 1699 1660 1700 
3357 1660 1661 1700 
3358 1700 1661 1701 
3359 1661 1662 1701 
3360 1701 1662 1702 
3361 1662 1663 1702 
3362 1702 1663 1703 
3363 1663 1664 1703 
3364 1703 1664 1704 
3365 1664 1665 1704 
3366 1704 1665 1705 
3367 1665 1666 1705 
3368 1705 1666 1706 
3369 1666 1667 1706 
3370 1706 1667 1707 
3371 1667 1668 1707 
3372 1707 1668 1708 
3373 1668 1709 1708 
3374 1668 1669 1709 
3375 1669 1710 1709 
3376 1669 1670 1710 
3377 1670 1711 1710 
3378 1670 1671 1711 
3379 1671 1712 1711 
3380 1671 1672 1712 
3381 1672 1713 1712 
3382 1672 1673 1713 
3383 1673 1714 1713 
3384 1673 1674 1714 
3385 1674 1715 1714 
3386 1674 1675 1715 
3387 1675 1716 1715 
3388 1675 1676 1716 
3389 1676 1717 1716 
3390 1676 1677 1717 
3391 1677 1718 1717 
3392 1677 1678 1718 
3393 1678 1679 1718 
3394 1718 1679 1719 
3395 1679 1680 1719 
3396 1719 1680 1720 
3397 1680 1681 1720 
3398 1720 1681 1721 
3399 1681 1682 1721 
3400 1721 1682 1722 
3401 1682 1683 1722 
3402 1722 1683 1723 
3403 1683 1684 1723 
3404 1723 1684 1724 
3405 1684 1685 1724 
3406 1724 1685 1725 
3407 1685 1686 1725 
3408 1725 1686 1726 
3409 1686 1687 1726 
3410 1726 1687 1727 
3411 1687 1688 1727 
3412 1727 1688 1728 
3413 1688 1729 1728 
3414 1688 1689 1729 
3415 1689 1730 1729 
3416 1689 1690 1730 
3417 1690 1731 1730 
3418 1690 1691 1731 
3419 1691 1732 1731 
3420 1691 1692 1732 
3421 1692 1733 1732 
3422 1692 1693 1733 
3423 1693 1734 1733 
3424 1693 1694 1734 
3425 1694 1735 1734 
3426 1694 1695 1735 
3427 1695 1736 1735 
3428 1695 1696 1736 
3429 1696 1737 1736 
3430 1696 1697 1737 
3431 1697 1698 1737 
3432 1697 1658 1698 
3433 1698 1699 1738 
3434 1738 1699 1739 
3435 1699 1700 1739 
3436 1739 1700 1740 
3437 1700 1701 1740 
3438 1740 1701 1741 
3439 1701 1702 1741 
3440 1741 1702 1742 
3441 1702 1703 1742 
3442 1742 1703 1743 
3443 1703 1704 1743 
3444 1743 1704 1744 
3445 1704 1705 1744 
3446 1744 1705 1745 
3447 1705 1706 1745 
3448 1745 1706 1746 
3449 1706 1707 1746 
3450 1746 1707 1747 
3451 1707 1708 1747 
3452 1747 1708 1748 
3453 1708 1749 1748 
3454 1708 1709 1749 
3455 1709 1750 1749 
3456 1709 1710 1750 
3457 1710 1751 1750 
3458 1710 1711 1751 
3459 1711 1752 1751 
3460 1711 1712 1752 
3461 1712 1753 1752 
3462 1712 1713 1753 
3463 1713 1754 1753 
3464 1713 1714 1754 
3465 1714 1755 1754 
3466 1714 1715 1755 
3467 1715 1756 1755 
3468 1715 1716 1756 
3469 1716 1757 1756 
3470 1716 1717 1757 
3471 1717 1758 1757 
3472 1717 1718 1758 
3473 1718 1719 1758 
3474 1758 1719 1759 
3475 1719 1720 1759 
3476 1759 1720 1760 
3477 1720 1721 1760 
3478 1760 1721 1761 
3479 1721 1722 1761 
3480 1761 1722 1762 
3481 1722 1723 1762 
3482 1762 1723 1763 
3483 1723 1724 1763 
3484 1763 1724 1764 
3485 1724 1725 1764 
3486 1764 1725 1765 
3487 1725 1726 1765 
3488 1765 1726 1766 
3489 1726 1727 1766 
3490 1766 1727 1767 
3491 1727 1728 1767 
3492 1767 1728 1768 
3493 1728 1769 1768 
3494 1728 1729 1769 
3495 1729 1770 1769 
3496 1729 1730 1770 
3497 1730 1771 1770 
3498 1730 1731 1771 
3499 1731 1772 1771 
3500 1731 1732 1772 
3501 1732 1773 1772 
3502 1732 1733 1773 
3503 1733 1774 1773 
3504 1733 1734 1774 
3505 1734 1775 1774 
3506 1734 1735 1775 
3507 1735 1776 1775 
3508 1735 1736 1776 
3509 1736 1777 1776 
3510 1736 1737 1777 
3511 1737 1738 1777 
3512 1737 1698 1738 
3513 1738 1739 1778 
3514 1778 1739 1779 
3515 1739 1740 1779 
3516 1779 1740 1780 
3517 1740 1741 1780 
3518 1780 1741 1781 
3519 1741 1742 1781 
3520 1781 1742 1782 
3521 1742 1743 1782 
3522 1782 1743 1783 
3523 1743 1744 1783 
3524 1783 1744 1784 
3525 1744 1745 1784 
3526 1784 1745 1785 
3527 1745 1746 1785 
3528 1785 1746 1786 
3529 1746 1747 1786 
3530 1786 1747 1787 
3531 1747 1748 1787 
3532 1787 1748 1788 
3533 1748 1789 1788 
3534 1748 1749 1789 
3535 1749 1790 1789 
3536 1749 1750 1790 
3537 1750 1791 1790 
3538 1750 1751 1791 
3539 1751 1792 1791 
3540 1751 1752 1792 
3541 1752 1793 1792 
3542 1752 1753 1793 
3543 1753 1794 1793 
3544 1753 1754 1794 
3545 1754 1795 1794 
3546 1754 1755 1795 
3547 1755 1796 1795 
3548 1755 1756 1796 
3549 1756 1797 1796 
3550 1756 1757 1797 
3551 1757 1798 1797 
3552 1757 1758 1798 
3553 1758 1759 1798 
3554 1798 1759 1799 
3555 1759 1760 1799 
3556 1799 1760 1800 
3557 1760 1761 1800 
3558 1800 1761 1801 
3559 1761 1762 1801 
3560 1801 1762 1802 
3561 1762 1763 1802 
3562 1802 1763 1803 
3563 1763 1764 1803 
3564 1803 1764 1804 
3565 1764 1765 1804 
3566 1804 1765 1805 
3567 1765 1766 1805 
3568 1805 1766 1806 
3569 1766 1767 1806 
3570 1806 1767 1807 
3571 1767 1768 1807 
3572 1807 1768 1808 
3573 1768 1809 1808 
3574 1768 1769 1809 
3575 1769 1810 1809 
3576 1769 1770 1810 
3577 1770 1811 1810 
3578 1770 1771 1811 
3579 1771 1812 1811 
3580 1771 1772 1812 
3581 1772 1813 1812 
3582 1772 1773 1813 
3583 1773 1814 1813 
3584 1773 1774 1814 
3585 1774 1815 1814 
3586 1774 1775 1815 
3587 1775 1816 1815 
3588 1775 1776 1816 
3589 1776 1817 1816 
3590 1776 1777 1817 
3591 1777 1778 1817 
3592 1777 1738 1778 
3593 1778 1779 1818 
3594 1818 1779 1819 
3595 1779 1780 1819 
3596 1819 1780 1820 
3597 1780 1781 1820 
3598 1820 1781 1821 
3599 1781 1782 1821 
3600 1821 1782 1822 
3601 1782 1783 1822 
3602 1822 1783 1823 
3603 1783 1784 1823 
3604 1823 1784 1824 
3605 1784 1785 1824 
3606 1824 1785 1825 
3607 1785 1786 1825 
3608 1825 1786 1826 
3609 1786 1787 1826 
3610 1826 1787 1827 
3611 1787 1788 1827 
3612 1827 1788 1828 
3613 1788 1829 1828 
3614 1788 1789 1829 
3615 1789 1830 1829 
3616 1789 1790 1830 
3617 1790 1831 1830 
3618 1790 1791 1831 
3619 1791 1832 1831 
3620 1791 1792 1832 
3621 1792 1833 1832 
3622 1792 1793 1833 
3623 1793 1834 1833 
3624 1793 1794 1834 
3625 1794 1835 1834 
3626 1794 1795 1835 
3627 1795 1836 1835 
3628 1795 1796 1836 
3629 1796 1837 1836 
3630 1796 1797 1837 
3631 1797 1838 1837 
3632 1797 1798 1838 
3633 1798 1799 1838 
3634 1838 1799 1839 
3635 1799 1800 1839 
3636 1839 1800 1840 
3637 1800 1801 1840 
3638 1840 1801 1841 
3639 1801 1802 1841 
3640 1841 1802 1842 
3641 1802 1803 1842 
3642 1842 1803 1843 
3643 1803 1804 1843 
3644 1843 1804 1844 
3645 1804 1805 1844 
3646 1844 1805 1845 
3647 1805 1806 1845 
3648 1845 1806 1846 
3649 1806 1807 1846 
3650 1846 1807 1847 
3651 1807 1808 1847 
3652 1847 1808 1848 
3653 1808 1849 1848 
3654 1808 1809 1849 
3655 1809 1850 1849 
3656 1809 1810 1850 
3657 1810 1851 1850 
3658 1810 1811 1851 
3659 1811 1852 1851 
3660 1811 1812 1852 
3661 1812 1853 1852 
3662 1812 1813 1853 
3663 1813 1854 1853 
3664 1813 1814 1854 
3665 1814 1855 1854 
3666 1814 1815 1855 
3667 1815 1856 1855 
3668 1815 1816 1856 
3669 1816 1857 1856 
3670 1816 1817 1857 
3671 1817 1818 1857 
3672 1817 1778 1818 
3673 1818 1819 1858 
3674 1858 1819 1859 
3675 1819 1820 1859 
3676 1859 1820 1860 
3677 1820 1821 1860 
3678 1860 1821 1861 
3679 1821 1822 1861 
3680 1861 1822 1862 
3681 1822 1823 1862 
3682 1862 1823 1863 
3683 1823 1824 1863 
3684 1863 1824 1864 
3685 1824 1825 1864 
3686 1864 1825 1865 
3687 1825 1826 1865 
3688 1865 1826 1866 
3689 1826 1827 1866 
3690 1866 1827 1867 
3691 1827 1828 1867 
3692 1867 1828 1868 
3693 1828 1869 1868 
3694 1828 1829 1869 
3695 1829 1870 1869 
3696 1829 1830 1870 
3697 1830 1871 1870 
3698 1830 1831 1871 
3699 1831 1872 1871 
3700 1831 1832 1872 
3701 1832 1873 1872 
3702 1832 1833 1873 
3703 1833 1874 1873 
3704 1833 1834 1874 
3705 1834 1875 1874 
3706 1834 1835 1875 
3707 1835 1876 1875 
3708 1835 1836 1876 
3709 1836 1877 1876 
3710 1836 1837 1877 
3711 1837 1878 1877 
3712 1837 1838 1878 
3713 1838 1839 1878 
3714 1878 1839 1879 
3715 1839 1840 1879 
3716 1879 1840 1880 
3717 1840 1841 1880 
3718 1880 1841 1881 
3719 1841 1842 1881 
3720 1881 1842 1882 
3721 1842 1843 1882 
3722 1882 1843 1883 
3723 1843 1844 1883 
3724 1883 1844 1884 
3725 1844 1845 1884 
3726 1884 1845 1885 
3727 1845 1846 1885 
3728 1885 1846 1886 
3729 1846 1847 1886 
3730 1886 1847 1887 
3731 1847 1848 1887 
3732 1887 1848 1888 
3733 1848 1889 1888 
3734 1848 1849 1889 
3735 1849 1890 1889 
3736 1849 1850 1890 
3737 1850 1891 1890 
3738 1850 1851 1891 
3739 1851 1892 1891 
3740 1851 1852 1892 
3741 1852 1893 1892 
3742 1852 1853 1893 
3743 1853 1894 1893 
3744 1853 1854 1894 
3745 1854 1895 1894 
3746 1854 1855 1895 
3747 1855 1896 1895 
3748 1855 1856 1896 
3749 1856 1897 1896 
3750 1856 1857 1897 
3751 1857 1858 1897 
3752 1857 1818 1858 
3753 1858 1859 1898 
3754 1898 1859 1899 
3755 1859 1860 1899 
3756 1899 1860 1900 
3757 1860 1861 1900 
3758 1900 1861 1901 
3759 1861 1862 1901 
3760 1901 1862 1902 
3761 1862 1863 1902 
3762 1902 1863 1903 
3763 1863 1864 1903 
3764 1903 1864 1904 
3765 1864 1865 1904 
3766 1904 1865 1905 
3767 1865 1866 1905 
3768 1905 1866 1906 
3769 1866 1867 1906 
3770 1906 1867 1907 
3771 1867 1868 1907 
3772 1907 1868 1908 
3773 1868 1909 1908 
3774 1868 1869 1909 
3775 1869 1910 1909 
3776 1869 1870 1910 
3777 1870 1911 1910 
3778 1870 1871 1911 
3779 1871 1912 1911 
3780 1871 1872 1912 
3781 1872 1913 1912 
3782 1872 1873 1913 
3783 1873 1914 1913 
3784 1873 1874 1914 
3785 1874 1915 1914 
3786 1874 1875 1915 
3787 1875 1916 1915 
3788 1875 1876 1916 
3789 1876 1917 1916 
3790 1876 1877 1917 
3791 1877 1918 1917 
3792 1877 1878 1918 
3793 1878 1879 1918 
3794 1918 1879 1919 
3795 1879 1880 1919 
3796 1919 1880 1920 
3797 1880 1881 1920 
3798 1920 1881 1921 
3799 1881 1882 1921 
3800 1921 1882 1922 
3801 1882 1883 1922 
3802 1922 1883 1923 
3803 1883 1884 1923 
3804 1923 1884 1924 
3805 1884 1885 1924 
3806 1924 1885 1925 
3807 1885 1886 1925 
3808 1925 1886 1926 
3809 1886 1887 1926 
3810 1926 1887 1927 
3811 1887 1888 1927 
3812 1927 1888 1928 
3813 1888 1929 1928 
3814 1888 1889 1929 
3815 1889 1930 1929 
3816 1889 1890 1930 
3817 1890 1931 1930 
3818 1890 1891 1931 
3819 1891 1932 1931 
3820 1891 1892 1932 
3821 1892 1933 1932 
3822 1892 1893 1933 
3823 1893 1934 1933 
3824 1893 1894 1934 
3825 1894 1935 1934 
3826 1894 1895 1935 
3827 1895 1936 1935 
3828 1895 1896 1936 
3829 1896 1937 1936 
3830 1896 1897 1937 
3831 1897 1898 1937 
3832 1897 1858 1898 
3833 1898 1899 1938 
3834 1938 1899 1939 
3835 1899 1900 1939 
3836 1939 1900 1940 
3837 1900 1901 1940 
3838 1940 1901 1941 
3839 1901 1902 1941 
3840 1941 1902 1942 
3841 1902 1903 1942 
3842 1942 1903 1943 
3843 1903 1904 1943 
3844 1943 1904 1944 
3845 1904 1905 1944 
3846 1944 1905 1945 
3847 1905 1906 1945 
3848 1945 1906 1946 
3849 1906 1907 1946 
3850 1946 1907 1947 
3851 1907 1908 1947 
3852 1947 1908 1948 
3853 1908 1949 1948 
3854 1908 1909 1949 
3855 1909 1950 1949 
3856 1909 1910 1950 
3857 1910 1951 1950 
3858 1910 1911 1951 
3859 1911 1952 1951 
3860 1911 1912 1952 
3861 1912 1953 1952 
3862 1912 1913 1953 
3863 1913 1954 1953 
3864 1913 1914 1954 
3865 1914 1955 1954 
3866 1914 1915 1955 
3867 1915 1956 1955 
3868 1915 1916 1956 
3869 1916 1957 1956 
3870 1916 1917 1957 
3871 1917 1958 1957 
3872 1917 1918 1958 
3873 1918 1919 1958 
3874 1958 1919 1959 
3875 1919 1920 1959 
3876 1959 1920 1960 
3877 1920 1921 1960 
3878 1960 1921 1961 
3879 1921 1922 1961 
3880 1961 1922 1962 
3881 1922 1923 1962 
3882 1962 1923 1963 
3883 1923 1924 1963 
3884 1963 1924 1964 
3885 1924 1925 1964 
3886 1964 1925 1965 
3887 1925 1926 1965 
3888 1965 1926 1966 
3889 1926 1927 1966 
3890 1966 1927 1967 
3891 1927 1928 1967 
3892 1967 1928 1968 
3893 1928 1969 1968 
3894 1928 1929 1969 
3895 1929 1970 1969 
3896 1929 1930 1970 
3897 1930 1971 1970 
3898 1930 1931 1971 
3899 1931 1972 1971 
3900 1931 1932 1972 
3901 1932 1973 1972 
3902 1932 1933 1973 
3903 1933 1974 1973 
3904 1933 1934 1974 
3905 1934 1975 1974 
3906 1934 1935 1975 
3907 1935 1976 1975 
3908 1935 1936 1976 
3909 1936 1977 1976 
3910 1936 1937 1977 
3911 1937 1938 1977 
3912 1937 1898 1938 
3913 1938 1939 1978 
3914 1978 1939 1979 
3915 1939 1940 1979 
3916 1979 1940 1980 
3917 1940 1941 1980 
3918 1980 1941 1981 
3919 1941 1942 1981 
3920 1981 1942 1982 
3921 1942 1943 1982 
3922 1982 1943 1983 
3923 1943 1944 1983 
3924 1983 1944 1984 
3925 1944 1945 1984 
3926 1984 1945 1985 
3927 1945 1946 1985 
3928 1985 1946 1986 
3929 1946 1947 1986 
3930 1986 1947 1987 
3931 1947 1948 1987 
3932 1987 1948 1988 
3933 1948 1989 1988 
3934 1948 1949 1989 
3935 1949 1990 1989 
3936 1949 1950 1990 
3937 1950 1991 1990 
3938 1950 1951 1991 
3939 1951 1992 1991 
3940 1951 1952 1992 
3941 1952 1993 1992 
3942 1952 1953 1993 
3943 1953 1994 1993 
3944 1953 1954 1994 
3945 1954 1995 1994 
3946 1954 1955 1995 
3947 1955 1996 1995 
3948 1955 1956 1996 
3949 1956 1997 1996 
3950 1956 1957 1997 
3951 1957 1998 1997 
3952 1957 1958 1998 
3953 1958 1959 1998 
3954 1998 1959 1999 
3955 1959 1960 1999 
3956 1999 1960 2000 
3957 1960 1961 2000 
3958 2000 1961 2001 
3959 1961 1962 2001 
3960 2001 1962 2002 
3961 1962 1963 2002 
3962 2002 1963 2003 
3963 1963 1964 2003 
3964 2003 1964 2004 
3965 1964 1965 2004 
3966 2004 1965 2005 
3967 1965 1966 2005 
3968 2005 1966 2006 
3969 1966 1967 2006 
3970 2006 1967 2007 
3971 1967 1968 2007 
3972 2007 1968 2008 
3973 1968 2009 2008 
3974 1968 1969 2009 
3975 1969 2010 2009 
3976 1969 1970 2010 
3977 1970 2011 2010 
3978 1970 1971 2011 
3979 1971 2012 2011 
3980 1971 1972 2012 
3981 1972 2013 2012 
3982 1972 1973 2013 
3983 1973 2014 2013 
3984 1973 1974 2014 
3985 1974 2015 2014 
3986 1974 1975 2015 
3987 1975 2016 2015 
3988 1975 1976 2016 
3989 1976 2017 2016 
3990 1976 1977 2017 
3991 1977 1978 2017 
3992 1977 1938 1978 
3993 1978 1979 2018 
3994 2018 1979 2019 
3995 1979 1980 2019 
3996 2019 1980 2020 
3997 1980 1981 2020 
3998 2020 1981 2021 
3999 1981 1982 2021 
4000 2021 1982 2022 
4001 1982 1983 2022 
4002 2022 1983 2023 
4003 1983 1984 2023 
4004 2023 1984 2024 
4005 1984 1985 2024 
4006 2024 1985 2025 
4007 1985 1986 2025 
4008 2025 1986 2026 
4009 1986 1987 2026 
4010 2026 1987 2027 
4011 1987 1988 2027 
4012 2027 1988 2028 
4013 1988 2029 2028 
4014 1988 1989 2029 
4015 1989 2030 2029 
4016 1989 1990 2030 
4017 1990 2031 2030 
4018 1990 1991 2031 
4019 1991 2032 2031 
4020 1991 1992 2032 
4021 1992 2033 2032 
4022 1992 1993 2033 
4023 1993 2034 2033 
4024 1993 1994 2034 
4025 1994 2035 2034 
4026 1994 1995 2035 
4027 1995 2036 2035 
4028 1995 1996 2036 
4029 1996 2037 2036 
4030 1996 1997 2037 
4031 1997 2038 2037 
4032 1997 1998 2038 
4033 1998 1999 2038 
4034 2038 1999 2039 
4035 1999 2000 2039 
4036 2039 2000 2040 
4037 2000 2001 2040 
4038 2040 2001 2041 
4039 2001 2002 2041 
4040 2041 2002 2042 
4041 2002 2003 2042 
4042 2042 2003 2043 
4043 2003 2004 2043 
4044 2043 2004 2044 
4045 2004 2005 2044 
4046 2044 2005 2045 
4047 2005 2006 2045 
4048 2045 2006 2046 
4049 2006 2007 2046 
4050 2046 2007 2047 
4051 2007 2008 2047 
4052 2047 2008 2048 
4053 2008 2049 2048 
4054 2008 2009 2049 
4055 2009 2050 2049 
4056 2009 2010 2050 
4057 2010 2051 2050 
4058 2010 2011 2051 
4059 2011 2052 2051 
4060 2011 2012 2052 
4061 2012 2053 2052 
4062 2012 2013 2053 
4063 2013 2054 2053 
4064 2013 2014 2054 
4065 2014 2055 2054 
4066 2014 2015 2055 
4067 2015 2056 2055 
4068 2015 2016 2056 
4069 2016 2057 2056 
4070 2016 2017 2057 
4071 2017 2018 2057 
4072 2017 1978 2018 
4073 2018 2019 2058 
4074 2058 2019 2059 
4075 2019 2020 2059 
4076 2059 2020 2060 
4077 2020 2021 2060 
4078 2060 2021 2061 
4079 2021 2022 2061 
4080 2061 2022 2062 
4081 2022 2023 2062 
4082 2062 2023 2063 
4083 2023 2024 2063 
4084 2063 2024 2064 
4085 2024 2025 2064 
4086 2064 2025 2065 
4087 2025 2026 2065 
4088 2065 2026 2066 
4089 2026 2027 2066 
4090 2066 2027 2067 
4091 2027 2028 2067 
4092 2067 2028 2068 
4093 2028 2069 2068 
4094 2028 2029 2069 
4095 2029 2070 2069 
4096 2029 2030 2070 
4097 2030 2071 2070 
4098 2030 2031 2071 
4099 2031 2072 2071 
4100 2031 2032 2072 
4101 2032 2073 2072 
4102 2032 2033 2073 
4103 2033 2074 2073 
4104 2033 2034 2074 
4105 2034 2075 2074 
4106 2034 2035 2075 
4107 2035 2076 2075 
4108 2035 2036 2076 
4109 2036 2077 2076 
4110 2036 2037 2077 
4111 2037 2078 2077 
4112 2037 2038 2078 
4113 2038 2039 2078 
4114 2078 2039 2079 
4115 2039 2040 2079 
4116 2079 2040 2080 
4117 2040 2041 2080 
4118 2080 2041 2081 
4119 2041 2042 2081 
4120 2081 2042 2082 
4121 2042 2043 2082 
4122 2082 2043 2083 
4123 2043 2044 2083 
4124 2083 2044 2084 
4125 2044 2045 2084 
4126 2084 2045 2085 
4127 2045 2046 2085 
4128 2085 2046 2086 
4129 2046 2047 2086 
4130 2086 2047 2087 
4131 2047 2048 2087 
4132 2087 2048 2088 
4133 2048 2089 2088 
4134 2048 2049 2089 
4135 2049 2090 2089 
4136 2049 2050 2090 
4137 2050 2091 2090 
4138 2050 2051 2091 
4139 2051 2092 2091 
4140 2051 2052 2092 
4141 2052 2093 2092 
4142 2052 2053 2093 
4143 2053 2094 2093 
4144 2053 2054 2094 
4145 2054 2095 2094 
4146 2054 2055 2095 
4147 2055 2096 2095 
4148 2055 2056 2096 
4149 2056 2097 2096 
4150 2056 2057 2097 
4151 2057 2058 2097 
4152 2057 2018 2058 
4153 2058 2059 2098 
4154 2098 2059 2099 
4155 2059 2060 2099 
4156 2099 2060 2100 
4157 2060 2061 2100 
4158 2100 2061 2101 
4159 2061 2062 2101 
4160 2101 2062 2102 
4161 2062 2063 2102 
4162 2102 2063 2103 
4163 2063 2064 2103 
4164 2103 2064 2104 
4165 2064 2065 2104 
4166 2104 2065 2105 
4167 2065 2066 2105 
4168 2105 2066 2106 
4169 2066 2067 2106 
4170 2106 2067 2107 
4171 2067 2068 2107 
4172 2107 2068 2108 
4173 2068 2109 2108 
4174 2068 2069 2109 
4175 2069 2110 2109 
4176 2069 2070 2110 
4177 2070 2111 2110 
4178 2070 2071 2111 
4179 2071 2112 2111 
4180 2071 2072 2112 
4181 2072 2113 2112 
4182 2072 2073 2113 
4183 2073 2114 2113 
4184 2073 2074 2114 
4185 2074 2115 2114 
4186 2074 2075 2115 
4187 2075 2116 2115 
4188 2075 2076 2116 
4189 2076 2117 2116 
4190 2076 2077 2117 
4191 2077 2118 2117 
4192 2077 2078 2118 
4193 2078 2079 2118 
4194 2118 2079 2119 
4195 2079 2080 2119 
4196 2119 2080 2120 
4197 2080 2081 2120 
4198 2120 2081 2121 
4199 2081 2082 2121 
4200 2121 2082 2122 
4201 2082 2083 2122 
4202 2122 2083 2123 
4203 2083 2084 2123 
4204 2123 2084 2124 
4205 2084 2085 2124 
4206 2124 2085 2125 
4207 2085 2086 2125 
4208 2125 2086 2126 
4209 2086 2087 2126 
4210 2126 2087 2127 
4211 2087 2088 2127 
4212 2127 2088 2128 
4213 2088 2129 2128 
4214 2088 2089 2129 
4215 2089 2130 2129 
4216 2089 2090 2130 
4217 2090 2131 2130 
4218 2090 2091 2131 
4219 2091 2132 2131 
4220 2091 2092 2132 
4221 2092 2133 2132 
4222 2092 2093 2133 
4223 2093 2134 2133 
4224 2093 2094 2134 
4225 2094 2135 2134 
4226 2094 2095 2135 
4227 2095 2136 2135 
4228 2095 2096 2136 
4229 2096 2137 2136 
4230 2096 2097 2137 
4231 2097 2098 2137 
4232 2097 2058 2098 
4233 2098 2099 2138 
4234 2138 2099 2139 
4235 2099 2100 2139 
4236 2139 2100 2140 
4237 2100 2101 2140 
4238 2140 2101 2141 
4239 2101 2102 2141 
4240 2141 2102 2142 
4241 2102 2103 2142 
4242 2142 2103 2143 
4243 2103 2104 2143 
4244 2143 2104 2144 
4245 2104 2105 2144 
4246 2144 2105 2145 
4247 2105 2106 2145 
4248 2145 2106 2146 
4249 2106 2107 2146 
4250 2146 2107 2147 
4251 2107 2108 2147 
4252 2147 2108 2148 
4253 2108 2149 2148 
4254 2108 2109 2149 
4255 2109 2150 2149 
4256 2109 2110 2150 
4257 2110 2151 2150 
4258 2110 2111 2151 
4259 2111 2152 2151 
4260 2111 2112 2152 
4261 2112 2153 2152 
4262 2112 2113 2153 
4263 2113 2154 2153 
4264 2113 2114 2154 
4265 2114 2155 2154 
4266 2114 2115 2155 
4267 2115 2156 2155 
4268 2115 2116 2156 
4269 2116 2157 2156 
4270 2116 2117 2157 
4271 2117 2158 2157 
4272 2117 2118 2158 
4273 2118 2119 2158 
4274 2158 2119 2159 
4275 2119 2120 2159 
4276 2159 2120 2160 
4277 2120 2121 2160 
4278 2160 2121 2161 
4279 2121 2122 2161 
4280 2161 2122 2162 
4281 2122 2123 2162 
4282 2162 2123 2163 
4283 2123 2124 2163 
4284 2163 2124 2164 
4285 2124 2125 2164 
4286 2164 2125 2165 
4287 2125 2126 2165 
4288 2165 2126 2166 
4289 2126 2127 2166 
4290 2166 2127 2167 
4291 2127 2128 2167 
4292 2167 2128 2168 
4293 2128 2169 2168 
4294 2128 2129 2169 
4295 2129 2170 2169 
4296 2129 2130 2170 
4297 2130 2171 2170 
4298 2130 2131 2171 
4299 2131 2172 2171 
4300 2131 2132 2172 
4301 2132 2173 2172 
4302 2132 2133 2173 
4303 2133 2174 2173 
4304 2133 2134 2174 
4305 2134 2175 2174 
4306 2134 2135 2175 
4307 2135 2176 2175 
4308 2135 2136 2176 
4309 2136 2177 2176 
4310 2136 2137 2177 
4311 2137 2138 2177 
4312 2137 2098 2138 
4313 2138 2139 2178 
4314 2178 2139 2179 
4315 2139 2140 2179 
4316 2179 2140 2180 
4317 2140 2141 2180 
4318 2180 2141 2181 
4319 2141 2142 2181 
4320 2181 2142 2182 
4321 2142 2143 2182 
4322 2182 2143 2183 
4323 2143 2144 2183 
4324 2183 2144 2184 
4325 2144 2145 2184 
4326 2184 2145 2185 
4327 2145 2146 2185 
4328 2185 2146 2186 
4329 2146 2147 2186 
4330 2186 2147 2187 
4331 2147 2148 2187 
4332 2187 2148 2188 
4333 2148 2189 2188 
4334 2148 2149 2189 
4335 2149 2190 2189 
4336 2149 2150 2190 
4337 2150 2191 2190 
4338 2150 2151 2191 
4339 2151 2192 2191 
4340 2151 2152 2192 
4341 2152 2193 2192 
4342 2152 2153 2193 
4343 2153 2194 2193 
4344 2153 2154 2194 
4345 2154 2195 2194 
4346 2154 2155 2195 
4347 2155 2196 2195 
4348 2155 2156 2196 
4349 2156 2197 2196 
4350 2156 2157 2197 
4351 2157 2198 2197 
4352 2157 2158 2198 
4353 2158 2159 2198 
4354 2198 2159 2199 
4355 2159 2160 2199 
4356 2199 2160 2200 
4357 2160 2161 2200 
4358 2200 2161 2201 
4359 2161 2162 2201 
4360 2201 2162 2202 
4361 2162 2163 2202 
4362 2202 2163 2203 
4363 2163 2164 2203 
4364 2203 2164 2204 
4365 2164 2165 2204 
4366 2204 2165 2205 
4367 2165 2166 2205 
4368 2205 2166 2206 
4369 2166 2167 2206 
4370 2206 2167 2207 
4371 2167 2168 2207 
4372 2207 2168 2208 
4373 2168 2209 2208 
4374 2168 2169 2209 
4375 2169 2210 2209 
4376 2169 2170 2210 
4377 2170 2211 2210 
4378 2170 2171 2211 
4379 2171 2212 2211 
4380 2171 2172 2212 
4381 2172 2213 2212 
4382 2172 2173 2213 
4383 2173 2214 2213 
4384 2173 2174 2214 
4385 2174 2215 2214 
4386 2174 2175 2215 
4387 2175 2216 2215 
4388 2175 2176 2216 
4389 2176 2217 2216 
4390 2176 2177 2217 
4391 2177 2178 2217 
4392 2177 2138 2178 
4393 2178 2179 2218 
4394 2218 2179 2219 
4395 2179 2180 2219 
4396 2219 2180 2220 
4397 2180 2181 2220 
4398 2220 2181 2221 
4399 2181 2182 2221 
4400 2221 2182 2222 
4401 2182 2183 2222 
4402 2222 2183 2223 
4403 2183 2184 2223 
4404 2223 2184 2224 
4405 2184 2185 2224 
4406 2224 2185 2225 
4407 2185 2186 2225 
4408 2225 2186 2226 
4409 2186 2187 2226 
4410 2226 2187 2227 
4411 2187 2188 2227 
4412 2227 2188 2228 
4413 2188 2229 2228 
4414 2188 2189 2229 
4415 2189 2230 2229 
4416 2189 2190 2230 
4417 2190 2231 2230 
4418 2190 2191 2231 
4419 2191 2232 2231 
4420 2191 2192 2232 
4421 2192 2233 2232 
4422 2192 2193 2233 
4423 2193 2234 2233 
4424 2193 2194 2234 
4425 2194 2235 2234 
4426 2194 2195 2235 
4427 2195 2236 2235 
4428 2195 2196 2236 
4429 2196 2237 2236 
4430 2196 2197 2237 
4431 2197 2238 2237 
4432 2197 2198 2238 
4433 2198 2199 2238 
4434 2238 2199 2239 
4435 2199 2200 2239 
4436 2239 2200 2240 
4437 2200 2201 2240 
4438 2240 2201 2241 
4439 2201 2202 2241 
4440 2241 2202 2242 
4441 2202 2203 2242 
4442 2242 2203 2243 
4443 2203 2204 2243 
4444 2243 2204 2244 
4445 2204 2205 2244 
4446 2244 2205 2245 
4447 2205 2206 2245 
4448 2245 2206 2246 
4449 2206 2207 2246 
4450 2246 2207 2247 
4451 2207 2208 2247 
4452 2247 2208 2248 
4453 2208 2249 2248 
4454 2208 2209 2249 
4455 2209 2250 2249 
4456 2209 2210 2250 
4457 2210 2251 2250 
4458 2210 2211 2251 
4459 2211 2252 2251 
4460 2211 2212 2252 
4461 2212 2253 2252 
4462 2212 2213 2253 
4463 2213 2254 2253 
4464 2213 2214 2254 
4465 2214 2255 2254 
4466 2214 2215 2255 
4467 2215 2256 2255 
4468 2215 2216 2256 
4469 2216 2257 2256 
4470 2216 2217 2257 
4471 2217 2218 2257 
4472 2217 2178 2218 
4473 2218 2219 2258 
4474 2258 2219 2259 
4475 2219 2220 2259 
4476 2259 2220 2260 
4477 2220 2221 2260 
4478 2260 2221 2261 
4479 2221 2222 2261 
4480 2261 2222 2262 
4481 2222 2223 2262 
4482 2262 2223 2263 
4483 2223 2224 2263 
4484 2263 2224 2264 
4485 2224 2225 2264 
4486 2264 2225 2265 
4487 2225 2226 2265 
4488 2265 2226 2266 
4489 2226 2227 2266 
4490 2266 2227 2267 
4491 2227 2228 2267 
4492 2267 2228 2268 
4493 2228 2269 2268 
4494 2228 2229 2269 
4495 2229 2270 2269 
4496 2229 2230 2270 
4497 2230 2271 2270 
4498 2230 2231 2271 
4499 2231 2272 2271 
4500 2231 2232 2272 
4501 2232 2273 2272 
4502 2232 2233 2273 
4503 2233 2274 2273 
4504 2233 2234 2274 
4505 2234 2275 2274 
4506 2234 2235 2275 
4507 2235 2276 2275 
4508 2235 2236 2276 
4509 2236 2277 2276 
4510 2236 2237 2277 
4511 2237 2278 2277 
4512 2237 2238 2278 
4513 2238 2239 2278 
4514 2278 2239 2279 
4515 2239 2240 2279 
4516 2279 2240 2280 
4517 2240 2241 2280 
4518 2280 2241 2281 
4519 2241 2242 2281 
4520 2281 2242 2282 
4521 2242 2243 2282 
4522 2282 2243 2283 
4523 2243 2244 2283 
4524 2283 2244 2284 
4525 2244 2245 2284 
4526 2284 2245 2285 
4527 2245 2246 2285 
4528 2285 2246 2286 
4529 2246 2247 2286 
4530 2286 2247 2287 
4531 2247 2248 2287 
4532 2287 2248 2288 
4533 2248 2289 2288 
4534 2248 2249 2289 
4535 2249 2290 2289 
4536 2249 2250 2290 
4537 2250 2291 2290 
4538 2250 2251 2291 
4539 2251 2292 2291 
4540 2251 2252 2292 
4541 2252 2293 2292 
4542 2252 2253 2293 
4543 2253 2294 2293 
4544 2253 2254 2294 
4545 2254 2295 2294 
4546 2254 2255 2295 
4547 2255 2296 2295 
4548 2255 2256 2296 
4549 2256 2297 2296 
4550 2256 2257 2297 
4551 2257 2258 2297 
4552 2257 2218 2258 
4553 2258 2259 2298 
4554 2298 2259 2299 
4555 2259 2260 2299 
4556 2299 2260 2300 
4557 2260 2261 2300 
4558 2300 2261 2301 
4559 2261 2262 2301 
4560 2301 2262 2302 
4561 2262 2263 2302 
4562 2302 2263 2303 
4563 2263 2264 2303 
4564 2303 2264 2304 
4565 2264 2265 2304 
4566 2304 2265 2305 
4567 2265 2266 2305 
4568 2305 2266 2306 
4569 2266 2267 2306 
4570 2306 2267 2307 
4571 2267 2268 2307 
4572 2307 2268 2308 
4573 2268 2309 2308 
4574 2268 2269 2309 
4575 2269 2310 2309 
4576 2269 2270 2310 
4577 2270 2311 2310 
4578 2270 2271 2311 
4579 2271 2312 2311 
4580 2271 2272 2312 
4581 2272 2313 2312 
4582 2272 2273 2313 
4583 2273 2314 2313 
4584 2273 2274 2314 
4585 2274 2315 2314 
4586 2274 2275 2315 
4587 2275 2316 2315 
4588 2275 2276 2316 
4589 2276 2317 2316 
4590 2276 2277 2317 
4591 2277 2318 2317 
4592 2277 2278 2318 
4593 2278 2279 2318 
4594 2318 2279 2319 
4595 2279 2280 2319 
4596 2319 2280 2320 
4597 2280 2281 2320 
4598 2320 2281 2321 
4599 2281 2282 2321 
4600 2321 2282 2322 
4601 2282 2283 2322 
4602 2322 2283 2323 
4603 2283 2284 2323 
4604 2323 2284 2324 
4605 2284 2285 2324 
4606 2324 2285 2325 
4607 2285 2286 2325 
4608 2325 2286 2326 
4609 2286 2287 2326 
4610 2326 2287 2327 
4611 2287 2288 2327 
4612 2327 2288 2328 
4613 2288 2329 2328 
4614 2288 2289 2329 
4615 2289 2330 2329 
4616 2289 2290 2330 
4617 2290 2331 2330 
4618 2290 2291 2331 
4619 2291 2332 2331 
4620 2291 2292 2332 
4621 2292 2333 2332 
4622 2292 2293 2333 
4623 2293 2334 2333 
4624 2293 2294 2334 
4625 2294 2335 2334 
4626 2294 2295 2335 
4627 2295 2336 2335 
4628 2295 2296 2336 
4629 2296 2337 2336 
4630 2296 2297 2337 
4631 2297 2298 2337 
4632 2297 2258 2298 
4633 2298 2299 2338 
4634 2338 2299 2339 
4635 2299 2300 2339 
4636 2339 2300 2340 
4637 2300 2301 2340 
4638 2340 2301 2341 
4639 2301 2302 2341 
4640 2341 2302 2342 
4641 2302 2303 2342 
4642 2342 2303 2343 
4643 2303 2304 2343 
4644 2343 2304 2344 
4645 2304 2305 2344 
4646 2344 2305 2345 
4647 2305 2306 2345 
4648 2345 2306 2346 
4649 2306 2307 2346 
4650 2346 2307 2347 
4651 2307 2308 2347 
4652 2347 2308 2348 
4653 2308 2349 2348 
4654 2308 2309 2349 
4655 2309 2350 2349 
4656 2309 2310 2350 
4657 2310 2351 2350 
4658 2310 2311 2351 
4659 2311 2352 2351 
4660 2311 2312 2352 
4661 2312 2353 2352 
4662 2312 2313 2353 
4663 2313 2354 2353 
4664 2313 2314 2354 
4665 2314 2355 2354 
4666 2314 2315 2355 
4667 2315 2356 2355 
4668 2315 2316 2356 
4669 2316 2357 2356 
4670 2316 2317 2357 
4671 2317 2358 2357 
4672 2317 2318 2358 
4673 2318 2319 2358 
4674 2358 2319 2359 
4675 2319 2320 2359 
4676 2359 2320 2360 
4677 2320 2321 2360 
4678 2360 2321 2361 
4679 2321 2322 2361 
4680 2361 2322 2362 
4681 2322 2323 2362 
4682 2362 2323 2363 
4683 2323 2324 2363 
4684 2363 2324 2364 
4685 2324 2325 2364 
4686 2364 2325 2365 
4687 2325 2326 2365 
4688 2365 2326 2366 
4689 2326 2327 2366 
4690 2366 2327 2367 
4691 2327 2328 2367 
4692 2367 2328 2368 
4693 2328 2369 2368 
4694 2328 2329 2369 
4695 2329 2370 2369 
4696 2329 2330 2370 
4697 2330 2371 2370 
4698 2330 2331 2371 
4699 2331 2372 2371 
4700 2331 2332 2372 
4701 2332 2373 2372 
4702 2332 2333 2373 
4703 2333 2374 2373 
4704 2333 2334 2374 
4705 2334 2375 2374 
4706 2334 2335 2375 
4707 2335 2376 2375 
4708 2335 2336 2376 
4709 2336 2377 2376 
4710 2336 2337 2377 
4711 2337 2338 2377 
4712 2337 2298 2338 
4713 2338 2339 2378 
4714 2378 2339 2379 
4715 2339 2340 2379 
4716 2379 2340 2380 
4717 2340 2341 2380 
4718 2380 2341 2381 
4719 2341 2342 2381 
4720 2381 2342 2382 
4721 2342 2343 2382 
4722 2382 2343 2383 
4723 2343 2344 2383 
4724 2383 2344 2384 
4725 2344 2345 2384 
4726 2384 2345 2385 
4727 2345 2346 2385 
4728 2385 2346 2386 
4729 2346 2347 2386 
4730 2386 2347 2387 
4731 2347 2348 2387 
4732 2387 2348 2388 
4733 2348 2389 2388 
4734 2348 2349 2389 
4735 2349 2390 2389 
4736 2349 2350 2390 
4737 2350 2391 2390 
4738 2350 2351 2391 
4739 2351 2392 2391 
4740 2351 2352 2392 
4741 2352 2393 2392 
4742 2352 2353 2393 
4743 2353 2394 2393 
4744 2353 2354 2394 
4745 2354 2395 2394 
4746 2354 2355 2395 
4747 2355 2396 2395 
4748 2355 2356 2396 
4749 2356 2397 2396 
4750 2356 2357 2397 
4751 2357 2398 2397 
4752 2357 2358 2398 
4753 2358 2359 2398 
4754 2398 2359 2399 
4755 2359 2360 2399 
4756 2399 2360 2400 
4757 2360 2361 2400 
4758 2400 2361 2401 
4759 2361 2362 2401 
4760 2401 2362 2402 
4761 2362 2363 2402 
4762 2402 2363 2403 
4763 2363 2364 2403 
4764 2403 2364 2404 
4765 2364 2365 2404 
4766 2404 2365 2405 
4767 2365 2366 2405 
4768 2405 2366 2406 
4769 2366 2367 2406 
4770 2406 2367 2407 
4771 2367 2368 2407 
4772 2407 2368 2408 
4773 2368 2409 2408 
4774 2368 2369 2409 
4775 2369 2410 2409 
4776 2369 2370 2410 
4777 2370 2411 2410 
4778 2370 2371 2411 
4779 2371 2412 2411 
4780 2371 2372 2412 
4781 2372 2413 2412 
4782 2372 2373 2413 
4783 2373 2414 2413 
4784 2373 2374 2414 
4785 2374 2415 2414 
4786 2374 2375 2415 
4787 2375 2416 2415 
4788 2375 2376 2416 
4789 2376 2417 2416 
4790 2376 2377 2417 
4791 2377 2378 2417 
4792 2377 2338 2378 
4793 2378 2379 2418 
4794 2418 2379 2419 
4795 2379 2380 2419 
4796 2419 2380 2420 
4797 2380 2381 2420 
4798 2420 2381 2421 
4799 2381 2382 2421 
4800 2421 2382 2422 
4801 2382 2383 2422 
4802 2422 2383 2423 
4803 2383 2384 2423 
4804 2423 2384 2424 
4805 2384 2385 2424 
4806 2424 2385 2425 
4807 2385 2386 2425 
4808 2425 2386 2426 
4809 2386 2387 2426 
4810 2426 2387 2427 
4811 2387 2388 2427 
4812 2427 2388 2428 
4813 2388 2429 2428 
4814 2388 2389 2429 
4815 2389 2430 2429 
4816 2389 2390 2430 
4817 2390 2431 2430 
4818 2390 2391 2431 
4819 2391 2432 2431 
4820 2391 2392 2432 
4821 2392 2433 2432 
4822 2392 2393 2433 
4823 2393 2434 2433 
4824 2393 2394 2434 
4825 2394 2435 2434 
4826 2394 2395 2435 
4827 2395 2436 2435 
4828 2395 2396 2436 
4829 2396 2437 2436 
4830 2396 2397 2437 
4831 2397 2438 2437 
4832 2397 2398 2438 
4833 2398 2399 2438 
4834 2438 2399 2439 
4835 2399 2400 2439 
4836 2439 2400 2440 
4837 2400 2401 2440 
4838 2440 2401 2441 
4839 2401 2402 2441 
4840 2441 2402 2442 
4841 2402 2403 2442 
4842 2442 2403 2443 
4843 2403 2404 2443 
4844 2443 2404 2444 
4845 2404 2405 2444 
4846 2444 2405 2445 
4847 2405 2406 2445 
4848 2445 2406 2446 
4849 2406 2407 2446 
4850 2446 2407 2447 
4851 2407 2408 2447 
4852 2447 2408 2448 
4853 2408 2449 2448 
4854 2408 2409 2449 
4855 2409 2450 2449 
4856 2409 2410 2450 
4857 2410 2451 2450 
4858 2410 2411 2451 
4859 2411 2452 2451 
4860 2411 2412 2452 
4861 2412 2453 2452 
4862 2412 2413 2453 
4863 2413 2454 2453 
4864 2413 2414 2454 
4865 2414 2455 2454 
4866 2414 2415 2455 
4867 2415 2456 2455 
4868 2415 2416 2456 
4869 2416 2457 2456 
4870 2416 2417 2457 
4871 2417 2418 2457 
4872 2417 2378 2418 
4873 2418 2419 2458 
4874 2458 2419 2459 
4875 2419 2420 2459 
4876 2459 2420 2460 
4877 2420 2421 2460 
4878 2460 2421 2461 
4879 2421 2422 2461 
4880 2461 2422 2462 
4881 2422 2423 2462 
4882 2462 2423 2463 
4883 2423 2424 2463 
4884 2463 2424 2464 
4885 2424 2425 2464 
4886 2464 2425 2465 
4887 2425 2426 2465 
4888 2465 2426 2466 
4889 2426 2427 2466 
4890 2466 2427 2467 
4891 2427 2428 2467 
4892 2467 2428 2468 
4893 2428 2469 2468 
4894 2428 2429 2469 
4895 2429 2470 2469 
4896 2429 2430 2470 
4897 2430 2471 2470 
4898 2430 2431 2471 
4899 2431 2472 2471 
4900 2431 2432 2472 
4901 2432 2473 2472 
4902 2432 2433 2473 
4903 2433 2474 2473 
4904 2433 2434 2474 
4905 2434 2475 2474 
4906 2434 2435 2475 
4907 2435 2476 2475 
4908 2435 2436 2476 
4909 2436 2477 2476 
4910 2436 2437 2477 
4911 2437 2478 2477 
4912 2437 2438 2478 
4913 2438 2439 2478 
4914 2478 2439 2479 
4915 2439 2440 2479 
4916 2479 2440 2480 
4917 2440 2441 2480 
4918 2480 2441 2481 
4919 2441 2442 2481 
4920 2481 2442 2482 
4921 2442 2443 2482 
4922 2482 2443 2483 
4923 2443 2444 2483 
4924 2483 2444 2484 
4925 2444 2445 2484 
4926 2484 2445 2485 
4927 2445 2446 2485 
4928 2485 2446 2486 
4929 2446 2447 2486 
4930 2486 2447 2487 
4931 2447 2448 2487 
4932 2487 2448 2488 
4933 2448 2489 2488 
4934 2448 2449 2489 
4935 2449 2490 2489 
4936 2449 2450 2490 
4937 2450 2491 2490 
4938 2450 2451 2491 
4939 2451 2492 2491 
4940 2451 2452 2492 
4941 2452 2493 2492 
4942 2452 2453 2493 
4943 2453 2494 2493 
4944 2453 2454 2494 
4945 2454 2495 2494 
4946 2454 2455 2495 
4947 2455 2496 2495 
4948 2455 2456 2496 
4949 2456 2497 2496 
4950 2456 2457 2497 
4951 2457 2458 2497 
4952 2457 2418 2458 
4953 2458 2459 2498 
4954 2498 2459 2499 
4955 2459 2460 2499 
4956 2499 2460 2500 
4957 2460 2461 2500 
4958 2500 2461 2501 
4959 2461 2462 2501 
4960 2501 2462 2502 
4961 2462 2463 2502 
4962 2502 2463 2503 
4963 2463 2464 2503 
4964 2503 2464 2504 
4965 2464 2465 2504 
4966 2504 2465 2505 
4967 2465 2466 2505 
4968 2505 2466 2506 
4969 2466 2467 2506 
4970 2506 2467 2507 
4971 2467 2468 2507 
4972 2507 2468 2508 
4973 2468 2509 2508 
4974 2468 2469 2509 
4975 2469 2510 2509 
4976 2469 2470 2510 
4977 2470 2511 2510 
4978 2470 2471 2511 
4979 2471 2512 2511 
4980 2471 2472 2512 
4981 2472 2513 2512 
4982 2472 2473 2513 
4983 2473 2514 2513 
4984 2473 2474 2514 
4985 2474 2515 2514 
4986 2474 2475 2515 
4987 2475 2516 2515 
4988 2475 2476 2516 
4989 2476 2517 2516 
4990 2476 2477 2517 
4991 2477 2518 2517 
4992 2477 2478 2518 
4993 2478 2479 2518 
4994 2518 2479 2519 
4995 2479 2480 2519 
4996 2519 2480 2520 
4997 2480 2481 2520 
4998 2520 2481 2521 
4999 2481 2482 2521 
5000 2521 2482 2522 
5001 2482 2483 2522 
5002 2522 2483 2523 
5003 2483 2484 2523 
5004 2523 2484 2524 
5005 2484 2485 2524 
5006 2524 2485 2525 
5007 2485 2486 2525 
5008 2525 2486 2526 
5009 2486 2487 2526 
5010 2526 2487 2527 
5011 2487 2488 2527 
5012 2527 2488 2528 
5013 2488 2529 2528 
5014 2488 2489 2529 
5015 2489 2530 2529 
5016 2489 2490 2530 
5017 2490 2531 2530 
5018 2490 2491 2531 
5019 2491 2532 2531 
5020 2491 2492 2532 
5021 2492 2533 2532 
5022 2492 2493 2533 
5023 2493 2534 2533 
5024 2493 2494 2534 
5025 2494 2535 2534 
5026 2494 2495 2535 
5027 2495 2536 2535 
5028 2495 2496 2536 
5029 2496 2537 2536 
5030 2496 2497 2537 
5031 2497 2498 2537 
5032 2497 2458 2498 
5033 2498 2499 2538 
5034 2538 2499 2539 
5035 2499 2500 2539 
5036 2539 2500 2540 
5037 2500 2501 2540 
5038 2540 2501 2541 
5039 2501 2502 2541 
5040 2541 2502 2542 
5041 2502 2503 2542 
5042 2542 2503 2543 
5043 2503 2504 2543 
5044 2543 2504 2544 
5045 2504 2505 2544 
5046 2544 2505 2545 
5047 2505 2506 2545 
5048 2545 2506 2546 
5049 2506 2507 2546 
5050 2546 2507 2547 
5051 2507 2508 2547 
5052 2547 2508 2548 
5053 2508 2549 2548 
5054 2508 2509 2549 
5055 2509 2550 2549 
5056 2509 2510 2550 
5057 2510 2551 2550 
5058 2510 2511 2551 
5059 2511 2552 2551 
5060 2511 2512 2552 
5061 2512 2553 2552 
5062 2512 2513 2553 
5063 2513 2554 2553 
5064 2513 2514 2554 
5065 2514 2555 2554 
5066 2514 2515 2555 
5067 2515 2556 2555 
5068 2515 2516 2556 
5069 2516 2557 2556 
5070 2516 2517 2557 
5071 2517 2558 2557 
5072 2517 2518 2558 
5073 2518 2519 2558 
5074 2558 2519 2559 
5075 2519 2520 2559 
5076 2559 2520 2560 
5077 2520 2521 2560 
5078 2560 2521 2561 
5079 2521 2522 2561 
5080 2561 2522 2562 
5081 2522 2523 2562 
5082 2562 2523 2563 
5083 2523 2524 2563 
5084 2563 2524 2564 
5085 2524 2525 2564 
5086 2564 2525 2565 
5087 2525 2526 2565 
5088 2565 2526 2566 
5089 2526 2527 2566 
5090 2566 2527 2567 
5091 2527 2528 2567 
5092 2567 2528 2568 
5093 2528 2569 2568 
5094 2528 2529 2569 
5095 2529 2570 2569 
5096 2529 2530 2570 
5097 2530 2571 2570 
5098 2530 2531 2571 
5099 2531 2572 2571 
5100 2531 2532 2572 
5101 2532 2573 2572 
5102 2532 2533 2573 
5103 2533 2574 2573 
5104 2533 2534 2574 
5105 2534 2575 2574 
5106 2534 2535 2575 
5107 2535 2576 2575 
5108 2535 2536 2576 
5109 2536 2577 2576 
5110 2536 2537 2577 
5111 2537 2538 2577 
5112 2537 2498 2538 
5113 2538 2539 2578 
5114 2578 2539 2579 
5115 2539 2540 2579 
5116 2579 2540 2580 
5117 2540 2541 2580 
5118 2580 2541 2581 
5119 2541 2542 2581 
5120 2581 2542 2582 
5121 2542 2543 2582 
5122 2582 2543 2583 
5123 2543 2544 2583 
5124 2583 2544 2584 
5125 2544 2545 2584 
5126 2584 2545 2585 
5127 2545 2546 2585 
5128 2585 2546 2586 
5129 2546 2547 2586 
5130 2586 2547 2587 
5131 2547 2548 2587 
5132 2587 2548 2588 
5133 2548 2589 2588 
5134 2548 2549 2589 
5135 2549 2590 2589 
5136 2549 2550 2590 
5137 2550 2591 2590 
5138 2550 2551 2591 
5139 2551 2592 2591 
5140 2551 2552 2592 
5141 2552 2593 2592 
5142 2552 2553 2593 
5143 2553 2594 2593 
5144 2553 2554 2594 
5145 2554 2595 2594 
5146 2554 2555 2595 
5147 2555 2596 2595 
5148 2555 2556 2596 
5149 2556 2597 2596 
5150 2556 2557 2597 
5151 2557 2598 2597 
5152 2557 2558 2598 
5153 2558 2559 2598 
5154 2598 2559 2599 
5155 2559 2560 2599 
5156 2599 2560 2600 
5157 2560 2561 2600 
5158 2600 2561 2601 
5159 2561 2562 2601 
5160 2601 2562 2602 
5161 2562 2563 2602 
5162 2602 2563 2603 
5163 2563 2564 2603 
5164 2603 2564 2604 
5165 2564 2565 2604 
5166 2604 2565 2605 
5167 2565 2566 2605 
5168 2605 2566 2606 
5169 2566 2567 2606 
5170 2606 2567 2607 
5171 2567 2568 2607 
5172 2607 2568 2608 
5173 2568 2609 2608 
5174 2568 2569 2609 
5175 2569 2610 2609 
5176 2569 2570 2610 
5177 2570 2611 2610 
5178 2570 2571 2611 
5179 2571 2612 2611 
5180 2571 2572 2612 
5181 2572 2613 2612 
5182 2572 2573 2613 
5183 2573 2614 2613 
5184 2573 2574 2614 
5185 2574 2615 2614 
5186 2574 2575 2615 
5187 2575 2616 2615 
5188 2575 2576 2616 
5189 2576 2617 2616 
5190 2576 2577 2617 
5191 2577 2578 2617 
5192 2577 2538 2578 
5193 2578 2579 2618 
5194 2618 2579 2619 
5195 2579 2580 2619 
5196 2619 2580 2620 
5197 2580 2581 2620 
5198 2620 2581 2621 
5199 2581 2582 2621 
5200 2621 2582 2622 
5201 2582 2583 2622 
5202 2622 2583 2623 
5203 2583 2584 2623 
5204 2623 2584 2624 
5205 2584 2585 2624 
5206 2624 2585 2625 
5207 2585 2586 2625 
5208 2625 2586 2626 
5209 2586 2587 2626 
5210 2626 2587 2627 
5211 2587 2588 2627 
5212 2627 2588 2628 
5213 2588 2629 2628 
5214 2588 2589 2629 
5215 2589 2630 2629 
5216 2589 2590 2630 
5217 2590 2631 2630 
5218 2590 2591 2631 
5219 2591 2632 2631 
5220 2591 2592 2632 
5221 2592 2633 2632 
5222 2592 2593 2633 
5223 2593 2634 2633 
5224 2593 2594 2634 
5225 2594 2635 2634 
5226 2594 2595 2635 
5227 2595 2636 2635 
5228 2595 2596 2636 
5229 2596 2637 2636 
5230 2596 2597 2637 
5231 2597 2638 2637 
5232 2597 2598 2638 
5233 2598 2599 2638 
5234 2638 2599 2639 
5235 2599 2600 2639 
5236 2639 2600 2640 
5237 2600 2601 2640 
5238 2640 2601 2641 
5239 2601 2602 2641 
5240 2641 2602 2642 
5241 2602 2603 2642 
5242 2642 2603 2643 
5243 2603 2604 2643 
5244 2643 2604 2644 
5245 2604 2605 2644 
5246 2644 2605 2645 
5247 2605 2606 2645 
5248 2645 2606 2646 
5249 2606 2607 2646 
5250 2646 2607 2647 
5251 2607 2608 2647 
5252 2647 2608 2648 
5253 2608 2649 2648 
5254 2608 2609 2649 
5255 2609 2650 2649 
5256 2609 2610 2650 
5257 2610 2651 2650 
5258 2610 2611 2651 
5259 2611 2652 2651 
5260 2611 2612 2652 
5261 2612 2653 2652 
5262 2612 2613 2653 
5263 2613 2654 2653 
5264 2613 2614 2654 
5265 2614 2655 2654 
5266 2614 2615 2655 
5267 2615 2656 2655 
5268 2615 2616 2656 
5269 2616 2657 2656 
5270 2616 2617 2657 
5271 2617 2618 2657 
5272 2617 2578 2618 
5273 2618 2619 2658 
5274 2658 2619 2659 
5275 2619 2620 2659 
5276 2659 2620 2660 
5277 2620 2621 2660 
5278 2660 2621 2661 
5279 2621 2622 2661 
5280 2661 2622 2662 
5281 2622 2623 2662 
5282 2662 2623 2663 
5283 2623 2624 2663 
5284 2663 2624 2664 
5285 2624 2625 2664 
5286 2664 2625 2665 
5287 2625 2626 2665 
5288 2665 2626 2666 
5289 2626 2627 2666 
5290 2666 2627 2667 
5291 2627 2628 2667 
5292 2667 2628 2668 
5293 2628 2669 2668 
5294 2628 2629 2669 
5295 2629 2670 2669 
5296 2629 2630 2670 
5297 2630 2671 2670 
5298 2630 2631 2671 
5299 2631 2672 2671 
5300 2631 2632 2672 
5301 2632 2673 2672 
5302 2632 2633 2673 
5303 2633 2674 2673 
5304 2633 2634 2674 
5305 2634 2675 2674 
5306 2634 2635 2675 
5307 2635 2676 2675 
5308 2635 2636 2676 
5309 2636 2677 2676 
5310 2636 2637 2677 
5311 2637 2678 2677 
5312 2637 2638 2678 
5313 2638 2639 2678 
5314 2678 2639 2679 
5315 2639 2640 2679 
5316 2679 2640 2680 
5317 2640 2641 2680 
5318 2680 2641 2681 
5319 2641 2642 2681 
5320 2681 2642 2682 
5321 2642 2643 2682 
5322 2682 2643 2683 
5323 2643 2644 2683 
5324 2683 2644 2684 
5325 2644 2645 2684 
5326 2684 2645 2685 
5327 2645 2646 2685 
5328 2685 2646 2686 
5329 2646 2647 2686 
5330 2686 2647 2687 
5331 2647 2648 2687 
5332 2687 2648 2688 
5333 2648 2689 2688 
5334 2648 2649 2689 
5335 2649 2690 2689 
5336 2649 2650 2690 
5337 2650 2691 2690 
5338 2650 2651 2691 
5339 2651 2692 2691 
5340 2651 2652 2692 
5341 2652 2693 2692 
5342 2652 2653 2693 
5343 2653 2694 2693 
5344 2653 2654 2694 
5345 2654 2695 2694 
5346 2654 2655 2695 
5347 2655 2696 2695 
5348 2655 2656 2696 
5349 2656 2697 2696 
5350 2656 2657 2697 
5351 2657 2658 2697 
5352 2657 2618 2658 
5353 2658 2659 2698 
5354 2698 2659 2699 
5355 2659 2660 2699 
5356 2699 2660 2700 
5357 2660 2661 2700 
5358 2700 2661 2701 
5359 2661 2662 2701 
5360 2701 2662 2702 
5361 2662 2663 2702 
5362 2702 2663 2703 
5363 2663 2664 2703 
5364 2703 2664 2704 
5365 2664 2665 2704 
5366 2704 2665 2705 
5367 2665 2666 2705 
5368 2705 2666 2706 
5369 2666 2667 2706 
5370 2706 2667 2707 
5371 2667 2668 2707 
5372 2707 2668 2708 
5373 2668 2709 2708 
5374 2668 2669 2709 
5375 2669 2710 2709 
5376 2669 2670 2710 
5377 2670 2711 2710 
5378 2670 2671 2711 
5379 2671 2712 2711 
5380 2671 2672 2712 
5381 2672 2713 2712 
5382 2672 2673 2713 
5383 2673 2714 2713 
5384 2673 2674 2714 
5385 2674 2715 2714 
5386 2674 2675 2715 
5387 2675 2716 2715 
5388 2675 2676 2716 
5389 2676 2717 2716 
5390 2676 2677 2717 
5391 2677 2718 2717 
5392 2677 2678 2718 
5393 2678 2679 2718 
5394 2718 2679 2719 
5395 2679 2680 2719 
5396 2719 2680 2720 
5397 2680 2681 2720 
5398 2720 2681 2721 
5399 2681 2682 2721 
5400 2721 2682 2722 
5401 2682 2683 2722 
5402 2722 2683 2723 
5403 2683 2684 2723 
5404 2723 2684 2724 
5405 2684 2685 2724 
5406 2724 2685 2725 
5407 2685 2686 2725 
5408 2725 2686 2726 
5409 2686 2687 2726 
5410 2726 2687 2727 
5411 2687 2688 2727 
5412 2727 2688 2728 
5413 2688 2729 2728 
5414 2688 2689 2729 
5415 2689 2730 2729 
5416 2689 2690 2730 
5417 2690 2731 2730 
5418 2690 2691 2731 
5419 2691 2732 2731 
5420 2691 2692 2732 
5421 2692 2733 2732 
5422 2692 2693 2733 
5423 2693 2734 2733 
5424 2693 2694 2734 
5425 2694 2735 2734 
5426 2694 2695 2735 
5427 2695 2736 2735 
5428 2695 2696 2736 
5429 2696 2737 2736 
5430 2696 2697 2737 
5431 2697 2698 2737 
5432 2697 2658 2698 
5433 2698 2699 2738 
5434 2738 2699 2739 
5435 2699 2700 2739 
5436 2739 2700 2740 
5437 2700 2701 2740 
5438 2740 2701 2741 
5439 2701 2702 2741 
5440 2741 2702 2742 
5441 2702 2703 2742 
5442 2742 2703 2743 
5443 2703 2704 2743 
5444 2743 2704 2744 
5445 2704 2705 2744 
5446 2744 2705 2745 
5447 2705 2706 2745 
5448 2745 2706 2746 
5449 2706 2707 2746 
5450 2746 2707 2747 
5451 2707 2708 2747 
5452 2747 2708 2748 
5453 2708 2749 2748 
5454 2708 2709 2749 
5455 2709 2750 2749 
5456 2709 2710 2750 
5457 2710 2751 2750 
5458 2710 2711 2751 
5459 2711 2752 2751 
5460 2711 2712 2752 
5461 2712 2753 2752 
5462 2712 2713 2753 
5463 2713 2754 2753 
5464 2713 2714 2754 
5465 2714 2755 2754 
5466 2714 2715 2755 
5467 2715 2756 2755 
5468 2715 2716 2756 
5469 2716 2757 2756 
5470 2716 2717 2757 
5471 2717 2758 2757 
5472 2717 2718 2758 
5473 2718 2719 2758 
5474 2758 2719 2759 
5475 2719 2720 2759 
5476 2759 2720 2760 
5477 2720 2721 2760 
5478 2760 2721 2761 
5479 2721 2722 2761 
5480 2761 2722 2762 
5481 2722 2723 2762 
5482 2762 2723 2763 
5483 2723 2724 2763 
5484 2763 2724 2764 
5485 2724 2725 2764 
5486 2764 2725 2765 
5487 2725 2726 2765 
5488 2765 2726 2766 
5489 2726 2727 2766 
5490 2766 2727 2767 
5491 2727 2728 2767 
5492 2767 2728 2768 
5493 2728 2769 2768 
5494 2728 2729 2769 
5495 2729 2770 2769 
5496 2729 2730 2770 
5497 2730 2771 2770 
5498 2730 2731 2771 
5499 2731 2772 2771 
5500 2731 2732 2772 
5501 2732 2773 2772 
5502 2732 2733 2773 
5503 2733 2774 2773 
5504 2733 2734 2774 
5505 2734 2775 2774 
5506 2734 2735 2775 
5507 2735 2776 2775 
5508 2735 2736 2776 
5509 2736 2777 2776 
5510 2736 2737 2777 
5511 2737 2738 2777 
5512 2737 2698 2738 
5513 2738 2739 2778 
5514 2778 2739 2779 
5515 2739 2740 2779 
5516 2779 2740 2780 
5517 2740 2741 2780 
5518 2780 2741 2781 
5519 2741 2742 2781 
5520 2781 2742 2782 
5521 2742 2743 2782 
5522 2782 2743 2783 
5523 2743 2744 2783 
5524 2783 2744 2784 
5525 2744 2745 2784 
5526 2784 2745 2785 
5527 2745 2746 2785 
5528 2785 2746 2786 
5529 2746 2747 2786 
5530 2786 2747 2787 
5531 2747 2748 2787 
5532 2787 2748 2788 
5533 2748 2789 2788 
5534 2748 2749 2789 
5535 2749 2790 2789 
5536 2749 2750 2790 
5537 2750 2791 2790 
5538 2750 2751 2791 
5539 2751 2792 2791 
5540 2751 2752 2792 
5541 2752 2793 2792 
5542 2752 2753 2793 
5543 2753 2794 2793 
5544 2753 2754 2794 
5545 2754 2795 2794 
5546 2754 2755 2795 
5547 2755 2796 2795 
5548 2755 2756 2796 
5549 2756 2797 2796 
5550 2756 2757 2797 
5551 2757 2798 2797 
5552 2757 2758 2798 
5553 2758 2759 2798 
5554 2798 2759 2799 
5555 2759 2760 2799 
5556 2799 2760 2800 
5557 2760 2761 2800 
5558 2800 2761 2801 
5559 2761 2762 2801 
5560 2801 2762 2802 
5561 2762 2763 2802 
5562 2802 2763 2803 
5563 2763 2764 2803 
5564 2803 2764 2804 
5565 2764 2765 2804 
5566 2804 2765 2805 
5567 2765 2766 2805 
5568 2805 2766 2806 
5569 2766 2767 2806 
5570 2806 2767 2807 
5571 2767 2768 2807 
5572 2807 2768 2808 
5573 2768 2809 2808 
5574 2768 2769 2809 
5575 2769 2810 2809 
5576 2769 2770 2810 
5577 2770 2811 2810 
5578 2770 2771 2811 
5579 2771 2812 2811 
5580 2771 2772 2812 
5581 2772 2813 2812 
5582 2772 2773 2813 
5583 2773 2814 2813 
5584 2773 2774 2814 
5585 2774 2815 2814 
5586 2774 2775 2815 
5587 2775 2816 2815 
5588 2775 2776 2816 
5589 2776 2817 2816 
5590 2776 2777 2817 
5591 2777 2778 2817 
5592 2777 2738 2778 
5593 2778 2779 2818 
5594 2818 2779 2819 
5595 2779 2780 2819 
5596 2819 2780 2820 
5597 2780 2781 2820 
5598 2820 2781 2821 
5599 2781 2782 2821 
5600 2821 2782 2822 
5601 2782 2783 2822 
5602 2822 2783 2823 
5603 2783 2784 2823 
5604 2823 2784 2824 
5605 2784 2785 2824 
5606 2824 2785 2825 
5607 2785 2786 2825 
5608 2825 2786 2826 
5609 2786 2787 2826 
5610 2826 2787 2827 
5611 2787 2788 2827 
5612 2827 2788 2828 
5613 2788 2829 2828 
5614 2788 2789 2829 
5615 2789 2830 2829 
5616 2789 2790 2830 
5617 2790 2831 2830 
5618 2790 2791 2831 
5619 2791 2832 2831 
5620 2791 2792 2832 
5621 2792 2833 2832 
5622 2792 2793 2833 
5623 2793 2834 2833 
5624 2793 2794 2834 
5625 2794 2835 2834 
5626 2794 2795 2835 
5627 2795 2836 2835 
5628 2795 2796 2836 
5629 2796 2837 2836 
5630 2796 2797 2837 
5631 2797 2838 2837 
5632 2797 2798 2838 
5633 2798 2799 2838 
5634 2838 2799 2839 
5635 2799 2800 2839 
5636 2839 2800 2840 
5637 2800 2801 2840 
5638 2840 2801 2841 
5639 2801 2802 2841 
5640 2841 2802 2842 
5641 2802 2803 2842 
5642 2842 2803 2843 
5643 2803 2804 2843 
5644 2843 2804 2844 
5645 2804 2805 2844 
5646 2844 2805 2845 
5647 2805 2806 2845 
5648 2845 2806 2846 
5649 2806 2807 2846 
5650 2846 2807 2847 
5651 2807 2808 2847 
5652 2847 2808 2848 
5653 2808 2849 2848 
5654 2808 2809 2849 
5655 2809 2850 2849 
5656 2809 2810 2850 
5657 2810 2851 2850 
5658 2810 2811 2851 
5659 2811 2852 2851 
5660 2811 2812 2852 
5661 2812 2853 2852 
5662 2812 2813 2853 
5663 2813 2854 2853 
5664 2813 2814 2854 
5665 2814 2855 2854 
5666 2814 2815 2855 
5667 2815 2856 2855 
5668 2815 2816 2856 
5669 2816 2857 2856 
5670 2816 2817 2857 
5671 2817 2818 2857 
5672 2817 2778 2818 
5673 2818 2819 2858 
5674 2858 2819 2859 
5675 2819 2820 2859 
5676 2859 2820 2860 
5677 2820 2821 2860 
5678 2860 2821 2861 
5679 2821 2822 2861 
5680 2861 2822 2862 
5681 2822 2823 2862 
5682 2862 2823 2863 
5683 2823 2824 2863 
5684 2863 2824 2864 
5685 2824 2825 2864 
5686 2864 2825 2865 
5687 2825 2826 2865 
5688 2865 2826 2866 
5689 2826 2827 2866 
5690 2866 2827 2867 
5691 2827 2828 2867 
5692 2867 2828 2868 
5693 2828 2869 2868 
5694 2828 2829 2869 
5695 2829 2870 2869 
5696 2829 2830 2870 
5697 2830 2871 2870 
5698 2830 2831 2871 
5699 2831 2872 2871 
5700 2831 2832 2872 
5701 2832 2873 2872 
5702 2832 2833 2873 
5703 2833 2874 2873 
5704 2833 2834 2874 
5705 2834 2875 2874 
5706 2834 2835 2875 
5707 2835 2876 2875 
5708 2835 2836 2876 
5709 2836 2877 2876 
5710 2836 2837 2877 
5711 2837 2878 2877 
5712 2837 2838 2878 
5713 2838 2839 2878 
5714 2878 2839 2879 
5715 2839 2840 2879 
5716 2879 2840 2880 
5717 2840 2841 2880 
5718 2880 2841 2881 
5719 2841 2842 2881 
5720 2881 2842 2882 
5721 2842 2843 2882 
5722 2882 2843 2883 
5723 2843 2844 2883 
5724 2883 2844 2884 
5725 2844 2845 2884 
5726 2884 2845 2885 
5727 2845 2846 2885 
5728 2885 2846 2886 
5729 2846 2847 2886 
5730 2886 2847 2887 
5731 2847 2848 2887 
5732 2887 2848 2888 
5733 2848 2889 2888 
5734 2848 2849 2889 
5735 2849 2890 2889 
5736 2849 2850 2890 
5737 2850 2891 2890 
5738 2850 2851 2891 
5739 2851 2892 2891 
5740 2851 2852 2892 
5741 2852 2893 2892 
5742 2852 2853 2893 
5743 2853 2894 2893 
5744 2853 2854 2894 
5745 2854 2895 2894 
5746 2854 2855 2895 
5747 2855 2896 2895 
5748 2855 2856 2896 
5749 2856 2897 2896 
5750 2856 2857 2897 
5751 2857 2858 2897 
5752 2857 2818 2858 
5753 2858 2859 2898 
5754 2898 2859 2899 
5755 2859 2860 2899 
5756 2899 2860 2900 
5757 2860 2861 2900 
5758 2900 2861 2901 
5759 2861 2862 2901 
5760 2901 2862 2902 
5761 2862 2863 2902 
5762 2902 2863 2903 
5763 2863 2864 2903 
5764 2903 2864 2904 
5765 2864 2865 2904 
5766 2904 2865 2905 
5767 2865 2866 2905 
5768 2905 2866 2906 
5769 2866 2867 2906 
5770 2906 2867 2907 
5771 2867 2868 2907 
5772 2907 2868 2908 
5773 2868 2909 2908 
5774 2868 2869 2909 
5775 2869 2910 2909 
5776 2869 2870 2910 
5777 2870 2911 2910 
5778 2870 2871 2911 
5779 2871 2912 2911 
5780 2871 2872 2912 
5781 2872 2913 2912 
5782 2872 2873 2913 
5783 2873 2914 2913 
5784 2873 2874 2914 
5785 2874 2915 2914 
5786 2874 2875 2915 
5787 2875 2916 2915 
5788 2875 2876 2916 
5789 2876 2917 2916 
5790 2876 2877 2917 
5791 2877 2918 2917 
5792 2877 2878 2918 
5793 2878 2879 2918 
5794 2918 2879 2919 
5795 2879 2880 2919 
5796 2919 2880 2920 
5797 2880 2881 2920 
5798 2920 2881 2921 
5799 2881 2882 2921 
5800 2921 2882 2922 
5801 2882 2883 2922 
5802 2922 2883 2923 
5803 2883 2884 2923 
5804 2923 2884 2924 
5805 2884 2885 2924 
5806 2924 2885 2925 
5807 2885 2886 2925 
5808 2925 2886 2926 
5809 2886 2887 2926 
5810 2926 2887 2927 
5811 2887 2888 2927 
5812 2927 2888 2928 
5813 2888 2929 2928 
5814 2888 2889 2929 
5815 2889 2930 2929 
5816 2889 2890 2930 
5817 2890 2931 2930 
5818 2890 2891 2931 
5819 2891 2932 2931 
5820 2891 2892 2932 
5821 2892 2933 2932 
5822 2892 2893 2933 
5823 2893 2934 2933 
5824 2893 2894 2934 
5825 2894 2935 2934 
5826 2894 2895 2935 
5827 2895 2936 2935 
5828 2895 2896 2936 
5829 2896 2937 2936 
5830 2896 2897 2937 
5831 2897 2898 2937 
5832 2897 2858 2898 
5833 2898 2899 2938 
5834 2938 2899 2939 
5835 2899 2900 2939 
5836 2939 2900 2940 
5837 2900 2901 2940 
5838 2940 2901 2941 
5839 2901 2902 2941 
5840 2941 2902 2942 
5841 2902 2903 2942 
5842 2942 2903 2943 
5843 2903 2904 2943 
5844 2943 2904 2944 
5845 2904 2905 2944 
5846 2944 2905 2945 
5847 2905 2906 2945 
5848 2945 2906 2946 
5849 2906 2907 2946 
5850 2946 2907 2947 
5851 2907 2908 2947 
5852 2947 2908 2948 
5853 2908 2949 2948 
5854 2908 2909 2949 
5855 2909 2950 2949 
5856 2909 2910 2950 
5857 2910 2951 2950 
5858 2910 2911 2951 
5859 2911 2952 2951 
5860 2911 2912 2952 
5861 2912 2953 2952 
5862 2912 2913 2953 
5863 2913 2954 2953 
5864 2913 2914 2954 
5865 2914 2955 2954 
5866 2914 2915 2955 
5867 2915 2956 2955 
5868 2915 2916 2956 
5869 2916 2957 2956 
5870 2916 2917 2957 
5871 2917 2958 2957 
5872 2917 2918 2958 
5873 2918 2919 2958 
5874 2958 2919 2959 
5875 2919 2920 2959 
5876 2959 2920 2960 
5877 2920 2921 2960 
5878 2960 2921 2961 
5879 2921 2922 2961 
5880 2961 2922 2962 
5881 2922 2923 2962 
5882 2962 2923 2963 
5883 2923 2924 2963 
5884 2963 2924 2964 
5885 2924 2925 2964 
5886 2964 2925 2965 
5887 2925 2926 2965 
5888 2965 2926 2966 
5889 2926 2927 2966 
5890 2966 2927 2967 
5891 2927 2928 2967 
5892 2967 2928 2968 
5893 2928 2969 2968 
5894 2928 2929 2969 
5895 2929 2970 2969 
5896 2929 2930 2970 
5897 2930 2971 2970 
5898 2930 2931 2971 
5899 2931 2972 2971 
5900 2931 2932 2972 
5901 2932 2973 2972 
5902 2932 2933 2973 
5903 2933 2974 2973 
5904 2933 2934 2974 
5905 2934 2975 2974 
5906 2934 2935 2975 
5907 2935 2976 2975 
5908 2935 2936 2976 
5909 2936 2977 2976 
5910 2936 2937 2977 
5911 2937 2938 2977 
5912 2937 2898 2938 
5913 2938 2939 2978 
5914 2978 2939 2979 
5915 2939 2940 2979 
5916 2979 2940 2980 
5917 2940 2941 2980 
5918 2980 2941 2981 
5919 2941 2942 2981 
5920 2981 2942 2982 
5921 2942 2943 2982 
5922 2982 2943 2983 
5923 2943 2944 2983 
5924 2983 2944 2984 
5925 2944 2945 2984 
5926 2984 2945 2985 
5927 2945 2946 2985 
5928 2985 2946 2986 
5929 2946 2947 2986 
5930 2986 2947 2987 
5931 2947 2948 2987 
5932 2987 2948 2988 
5933 2948 2989 2988 
5934 2948 2949 2989 
5935 2949 2990 2989 
5936 2949 2950 2990 
5937 2950 2991 2990 
5938 2950 2951 2991 
5939 2951 2992 2991 
5940 2951 2952 2992 
5941 2952 2993 2992 
5942 2952 2953 2993 
5943 2953 2994 2993 
5944 2953 2954 2994 
5945 2954 2995 2994 
5946 2954 2955 2995 
5947 2955 2996 2995 
5948 2955 2956 2996 
5949 2956 2997 2996 
5950 2956 2957 2997 
5951 2957 2998 2997 
5952 2957 2958 2998 
5953 2958 2959 2998 
5954 2998 2959 2999 
5955 2959 2960 2999 
5956 2999 2960 3000 
5957 2960 2961 3000 
5958 3000 2961 3001 
5959 2961 2962 3001 
5960 3001 2962 3002 
5961 2962 2963 3002 
5962 3002 2963 3003 
5963 2963 2964 3003 
5964 3003 2964 3004 
5965 2964 2965 3004 
5966 3004 2965 3005 
5967 2965 2966 3005 
5968 3005 2966 3006 
5969 2966 2967 3006 
5970 3006 2967 3007 
5971 2967 2968 3007 
5972 3007 2968 3008 
5973 2968 3009 3008 
5974 2968 2969 3009 
5975 2969 3010 3009 
5976 2969 2970 3010 
5977 2970 3011 3010 
5978 2970 2971 3011 
5979 2971 3012 3011 
5980 2971 2972 3012 
5981 2972 3013 3012 
5982 2972 2973 3013 
5983 2973 3014 3013 
5984 2973 2974 3014 
5985 2974 3015 3014 
5986 2974 2975 3015 
5987 2975 3016 3015 
5988 2975 2976 3016 
5989 2976 3017 3016 
5990 2976 2977 3017 
5991 2977 2978 3017 
5992 2977 2938 2978 
5993 2978 2979 3018 
5994 3018 2979 3019 
5995 2979 2980 3019 
5996 3019 2980 3020 
5997 2980 2981 3020 
5998 3020 2981 3021 
5999 2981 2982 3021 
6000 3021 2982 3022 
6001 2982 2983 3022 
6002 3022 2983 3023 
6003 2983 2984 3023 
6004 3023 2984 3024 
6005 2984 2985 3024 
6006 3024 2985 3025 
6007 2985 2986 3025 
6008 3025 2986 3026 
6009 2986 2987 3026 
6010 3026 2987 3027 
6011 2987 2988 3027 
6012 3027 2988 3028 
6013 2988 3029 3028 
6014 2988 2989 3029 
6015 2989 3030 3029 
6016 2989 2990 3030 
6017 2990 3031 3030 
6018 2990 2991 3031 
6019 2991 3032 3031 
6020 2991 2992 3032 
6021 2992 3033 3032 
6022 2992 2993 3033 
6023 2993 3034 3033 
6024 2993 2994 3034 
6025 2994 3035 3034 
6026 2994 2995 3035 
6027 2995 3036 3035 
6028 2995 2996 3036 
6029 2996 3037 3036 
6030 2996 2997 3037 
6031 2997 3038 3037 
6032 2997 2998 3038 
6033 2998 2999 3038 
6034 3038 2999 3039 
6035 2999 3000 3039 
6036 3039 3000 3040 
6037 3000 3001 3040 
6038 3040 3001 3041 
6039 3001 3002 3041 
6040 3041 3002 3042 
6041 3002 3003 3042 
6042 3042 3003 3043 
6043 3003 3004 3043 
6044 3043 3004 3044 
6045 3004 3005 3044 
6046 3044 3005 3045 
6047 3005 3006 3045 
6048 3045 3006 3046 
6049 3006 3007 3046 
6050 3046 3007 3047 
6051 3007 3008 3047 
6052 3047 3008 3048 
6053 3008 3049 3048 
6054 3008 3009 3049 
6055 3009 3050 3049 
6056 3009 3010 3050 
6057 3010 3051 3050 
6058 3010 3011 3051 
6059 3011 3052 3051 
6060 3011 3012 3052 
6061 3012 3053 3052 
6062 3012 3013 3053 
6063 3013 3054 3053 
6064 3013 3014 3054 
6065 3014 3055 3054 
6066 3014 3015 3055 
6067 3015 3056 3055 
6068 3015 3016 3056 
6069 3016 3057 3056 
6070 3016 3017 3057 
6071 3017 3018 3057 
6072 3017 2978 3018 
6073 3018 3019 3058 
6074 3058 3019 3059 
6075 3019 3020 3059 
6076 3059 3020 3060 
6077 3020 3021 3060 
6078 3060 3021 3061 
6079 3021 3022 3061 
6080 3061 3022 3062 
6081 3022 3023 3062 
6082 3062 3023 3063 
6083 3023 3024 3063 
6084 3063 3024 3064 
6085 3024 3025 3064 
6086 3064 3025 3065 
6087 3025 3026 3065 
6088 3065 3026 3066 
6089 3026 3027 3066 
6090 3066 3027 3067 
6091 3027 3028 3067 
6092 3067 3028 3068 
6093 3028 3069 3068 
6094 3028 3029 3069 
6095 3029 3070 3069 
6096 3029 3030 3070 
6097 3030 3071 3070 
6098 3030 3031 3071 
6099 3031 3072 3071 
6100 3031 3032 3072 
6101 3032 3073 3072 
6102 3032 3033 3073 
6103 3033 3074 3073 
6104 3033 3034 3074 
6105 3034 3075 3074 
6106 3034 3035 3075 
6107 3035 3076 3075 
6108 3035 3036 3076 
6109 3036 3077 3076 
6110 3036 3037 3077 
6111 3037 3078 3077 
6112 3037 3038 3078 
6113 3038 3039 3078 
6114 3078 3039 3079 
6115 3039 3040 3079 
6116 3079 3040 3080 
6117 3040 3041 3080 
6118 3080 3041 3081 
6119 3041 3042 3081 
6120 3081 3042 3082 
6121 3042 3043 3082 
6122 3082 3043 3083 
6123 3043 3044 3083 
6124 3083 3044 3084 
6125 3044 3045 3084 
6126 3084 3045 3085 
6127 3045 3046 3085 
6128 3085 3046 3086 
6129 3046 3047 3086 
6130 3086 3047 3087 
6131 3047 3048 3087 
6132 3087 3048 3088 
6133 3048 3089 3088 
6134 3048 3049 3089 
6135 3049 3090 3089 
6136 3049 3050 3090 
6137 3050 3091 3090 
6138 3050 3051 3091 
6139 3051 3092 3091 
6140 3051 3052 3092 
6141 3052 3093 3092 
6142 3052 3053 3093 
6143 3053 3094 3093 
6144 3053 3054 3094 
6145 3054 3095 3094 
6146 3054 3055 3095 
6147 3055 3096 3095 
6148 3055 3056 3096 
6149 3056 3097 3096 
6150 3056 3057 3097 
6151 3057 3058 3097 
6152 3057 3018 3058 
6153 3058 3059 3098 
6154 3098 3059 3099 
6155 3059 3060 3099 
6156 3099 3060 3100 
6157 3060 3061 3100 
6158 3100 3061 3101 
6159 3061 3062 3101 
6160 3101 3062 3102 
6161 3062 3063 3102 
6162 3102 3063 3103 
6163 3063 3064 3103 
6164 3103 3064 3104 
6165 3064 3065 3104 
6166 3104 3065 3105 
6167 3065 3066 3105 
6168 3105 3066 3106 
6169 3066 3067 3106 
6170 3106 3067 3107 
6171 3067 3068 3107 
6172 3107 3068 3108 
6173 3068 3109 3108 
6174 3068 3069 3109 
6175 3069 3110 3109 
6176 3069 3070 3110 
6177 3070 3111 3110 
6178 3070 3071 3111 
6179 3071 3112 3111 
6180 3071 3072 3112 
6181 3072 3113 3112 
6182 3072 3073 3113 
6183 3073 3114 3113 
6184 3073 3074 3114 
6185 3074 3115 3114 
6186 3074 3075 3115 
6187 3075 3116 3115 
6188 3075 3076 3116 
6189 3076 3117 3116 
6190 3076 3077 3117 
6191 3077 3118 3117 
6192 3077 3078 3118 
6193 3078 3079 3118 
6194 3118 3079 3119 
6195 3079 3080 3119 
6196 3119 3080 3120 
6197 3080 3081 3120 
6198 3120 3081 3121 
6199 3081 3082 3121 
6200 3121 3082 3122 
6201 3082 3083 3122 
6202 3122 3083 3123 
6203 3083 3084 3123 
6204 3123 3084 3124 
6205 3084 3085 3124 
6206 3124 3085 3125 
6207 3085 3086 3125 
6208 3125 3086 3126 
6209 3086 3087 3126 
6210 3126 3087 3127 
6211 3087 3088 3127 
6212 3127 3088 3128 
6213 3088 3129 3128 
6214 3088 3089 3129 
6215 3089 3130 3129 
6216 3089 3090 3130 
6217 3090 3131 3130 
6218 3090 3091 3131 
6219 3091 3132 3131 
6220 3091 3092 3132 
6221 3092 3133 3132 
6222 3092 3093 3133 
6223 3093 3134 3133 
6224 3093 3094 3134 
6225 3094 3135 3134 
6226 3094 3095 3135 
6227 3095 3136 3135 
6228 3095 3096 3136 
6229 3096 3137 3136 
6230 3096 3097 3137 
6231 3097 3098 3137 
6232 3097 3058 3098 
6233 3098 3099 3138 
6234 3138 3099 3139 
6235 3099 3100 3139 
6236 3139 3100 3140 
6237 3100 3101 3140 
6238 3140 3101 3141 
6239 3101 3102 3141 
6240 3141 3102 3142 
6241 3102 3103 3142 
6242 3142 3103 3143 
6243 3103 3104 3143 
6244 3143 3104 3144 
6245 3104 3105 3144 
6246 3144 3105 3145 
6247 3105 3106 3145 
6248 3145 3106 3146 
6249 3106 3107 3146 
6250 3146 3107 3147 
6251 3107 3108 3147 
6252 3147 3108 3148 
6253 3108 3149 3148 
6254 3108 3109 3149 
6255 3109 3150 3149 
6256 3109 3110 3150 
6257 3110 3151 3150 
6258 3110 3111 3151 
6259 3111 3152 3151 
6260 3111 3112 3152 
6261 3112 3153 3152 
6262 3112 3113 3153 
6263 3113 3154 3153 
6264 3113 3114 3154 
6265 3114 3155 3154 
6266 3114 3115 3155 
6267 3115 3156 3155 
6268 3115 3116 3156 
6269 3116 3157 3156 
6270 3116 3117 3157 
6271 3117 3158 3157 
6272 3117 3118 3158 
6273 3118 3119 3158 
6274 3158 3119 3159 
6275 3119 3120 3159 
6276 3159 3120 3160 
6277 3120 3121 3160 
6278 3160 3121 3161 
6279 3121 3122 3161 
6280 3161 3122 3162 
6281 3122 3123 3162 
6282 3162 3123 3163 
6283 3123 3124 3163 
6284 3163 3124 3164 
6285 3124 3125 3164 
6286 3164 3125 3165 
6287 3125 3126 3165 
6288 3165 3126 3166 
6289 3126 3127 3166 
6290 3166 3127 3167 
6291 3127 3128 3167 
6292 3167 3128 3168 
6293 3128 3169 3168 
6294 3128 3129 3169 
6295 3129 3170 3169 
6296 3129 3130 3170 
6297 3130 3171 3170 
6298 3130 3131 3171 
6299 3131 3172 3171 
6300 3131 3132 3172 
6301 3132 3173 3172 
6302 3132 3133 3173 
6303 3133 3174 3173 
6304 3133 3134 3174 
6305 3134 3175 3174 
6306 3134 3135 3175 
6307 3135 3176 3175 
6308 3135 3136 3176 
6309 3136 3177 3176 
6310 3136 3137 3177 
6311 3137 3138 3177 
6312 3137 3098 3138 
6313 3138 3139 3178 
6314 3178 3139 3179 
6315 3139 3140 3179 
6316 3179 3140 3180 
6317 3140 3141 3180 
6318 3180 3141 3181 
6319 3141 3142 3181 
6320 3181 3142 3182 
6321 3142 3143 3182 
6322 3182 3143 3183 
6323 3143 3144 3183 
6324 3183 3144 3184 
6325 3144 3145 3184 
6326 3184 3145 3185 
6327 3145 3146 3185 
6328 3185 3146 3186 
6329 3146 3147 3186 
6330 3186 3147 3187 
6331 3147 3148 3187 
6332 3187 3148 3188 
6333 3148 3189 3188 
6334 3148 3149 3189 
6335 3149 3190 3189 
6336 3149 3150 3190 
6337 3150 3191 3190 
6338 3150 3151 3191 
6339 3151 3192 3191 
6340 3151 3152 3192 
6341 3152 3193 3192 
6342 3152 3153 3193 
6343 3153 3194 3193 
6344 3153 3154 3194 
6345 3154 3195 3194 
6346 3154 3155 3195 
6347 3155 3196 3195 
6348 3155 3156 3196 
6349 3156 3197 3196 
6350 3156 3157 3197 
6351 3157 3198 3197 
6352 3157 3158 3198 
6353 3158 3159 3198 
6354 3198 3159 3199 
6355 3159 3160 3199 
6356 3199 3160 3200 
6357 3160 3161 3200 
6358 3200 3161 3201 
6359 3161 3162 3201 
6360 3201 3162 3202 
6361 3162 3163 3202 
6362 3202 3163 3203 
6363 3163 3164 3203 
6364 3203 3164 3204 
6365 3164 3165 3204 
6366 3204 3165 3205 
6367 3165 3166 3205 
6368 3205 3166 3206 
6369 3166 3167 3206 
6370 3206 3167 3207 
6371 3167 3168 3207 
6372 3207 3168 3208 
6373 3168 3209 3208 
6374 3168 3169 3209 
6375 3169 3210 3209 
6376 3169 3170 3210 
6377 3170 3211 3210 
6378 3170 3171 3211 
6379 3171 3212 3211 
6380 3171 3172 3212 
6381 3172 3213 3212 
6382 3172 3173 3213 
6383 3173 3214 3213 
6384 3173 3174 3214 
6385 3174 3215 3214 
6386 3174 3175 3215 
6387 3175 3216 3215 
6388 3175 3176 3216 
6389 3176 3217 3216 
6390 3176 3177 3217 
6391 3177 3178 3217 
6392 3177 3138 3178 
6393 3178 3179 3218 
6394 3179 3219 3218 
6395 3179 3180 3219 
6396 3180 3220 3219 
6397 3180 3181 3220 
6398 3181 3221 3220 
6399 3181 3182 3221 
6400 3182 3222 3221 
6401 3182 3183 3222 
6402 3183 3223 3222 
6403 3183 3184 3223 
6404 3184 3224 3223 
6405 3184 3185 3224 
6406 3185 3225 3224 
6407 3185 3186 3225 
6408 3186 3226 3225 
6409 3186 3187 3226 
6410 3187 3227 3226 
6411 3187 3188 3227 
6412 3188 3189 3227 
6413 3227 3189 3228 
6414 3189 3190 3228 
6415 3228 3190 3229 
6416 3190 3191 3229 
6417 3229 3191 3230 
6418 3191 3192 3230 
6419 3230 3192 3231 
6420 3192 3193 3231 
6421 3231 3193 3232 
6422 3193 3194 3232 
6423 3232 3194 3233 
6424 3194 3195 3233 
6425 3233 3195 3234 
6426 3195 3196 3234 
6427 3234 3196 3235 
6428 3196 3197 3235 
6429 3235 3197 3236 
6430 3197 3198 3236 
6431 3198 3199 3237 
6432 3199 3238 3237 
6433 3199 3200 3238 
6434 3200 3239 3238 
6435 3200 3201 3239 
6436 3201 3240 3239 
6437 3201 3202 3240 
6438 3202 3241 3240 
6439 3202 3203 3241 
6440 3203 3242 3241 
6441 3203 3204 3242 
6442 3204 3243 3242 
6443 3204 3205 3243 
6444 3205 3244 3243 
6445 3205 3206 3244 
6446 3206 3245 3244 
6447 3206 3207 3245 
6448 3207 3246 3245 
6449 3207 3208 3246 
6450 3208 3209 3246 
6451 3246 3209 3247 
6452 3209 3210 3247 
6453 3247 3210 3248 
6454 3210 3211 3248 
6455 3248 3211 3249 
6456 3211 3212 3249 
6457 3249 3212 3250 
6458 3212 3213 3250 
6459 3250 3213 3251 
6460 3213 3214 3251 
6461 3251 3214 3252 
6462 3214 3215 3252 
6463 3252 3215 3253 
6464 3215 3216 3253 
6465 3253 3216 3254 
6466 3216 3217 3254 
6467 3254 3217 3255 
6468 3217 3178 3255 
6469 3178 3218 3256 
6470 3218 3257 3256 
6471 3218 3219 3257 
6472 3219 3258 3257 
6473 3219 3220 3258 
6474 3220 3259 3258 
6475 3220 3221 3259 
6476 3221 3260 3259 
6477 3221 3222 3260 
6478 3222 3261 3260 
6479 3222 3223 3261 
6480 3223 3262 3261 
6481 3223 3224 3262 
6482 3224 3263 3262 
6483 3224 3225 3263 
6484 3225 3264 3263 
6485 3225 3226 3264 
6486 3226 3265 3264 
6487 3226 3227 3265 
6488 3227 3228 3265 
6489 3265 3228 3266 
6490 3228 3229 3266 
6491 3266 3229 3267 
6492 3229 3230 3267 
6493 3267 3230 3268 
6494 3230 3231 3268 
6495 3268 3231 3269 
6496 3231 3232 3269 
6497 3269 3232 3270 
6498 3232 3233 3270 
6499 3270 3233 3271 
6500 3233 3234 3271 
6501 3271 3234 3272 
6502 3234 3235 3272 
6503 3272 3235 3273 
6504 3235 3236 3273 
6505 3273 3236 3274 
6506 3236 3198 3274 
6507 3198 3237 3274 
6508 3237 3273 3274 
6509 3237 3238 3273 
6510 3238 3272 3273 
6511 3238 3239 3272 
6512 3239 3271 3272 
6513 3239 3240 3271 
6514 3240 3270 3271 
6515 3240 3241 3270 
6516 3241 3269 3270 
6517 3241 3242 3269 
6518 3242 3268 3269 
6519 3242 3243 3268 
6520 3243 3267 3268 
6521 3243 3244 3267 
6522 3244 3266 3267 
6523 3244 3245 3266 
6524 3245 3265 3266 
6525 3245 3246 3265 
6526 3246 3247 3265 
6527 3265 3247 3264 
6528 3247 3248 3264 
6529 3264 3248 3263 
6530 3248 3249 3263 
6531 3263 3249 3262 
6532 3249 3250 3262 
6533 3262 3250 3261 
6534 3250 3251 3261 
6535 3261 3251 3260 
6536 3251 3252 3260 
6537 3260 3252 3259 
6538 3252 3253 3259 
6539 3259 3253 3258 
6540 3253 3254 3258 
6541 3258 3254 3257 
6542 3254 3255 3257 
6543 3257 3255 3256 
6544 3255 3178 3256 
$EndElements
