sequence,stage,tid,span_seconds,cpu_ticks,complete_endpoints,cpu_before,cpu_after
2,initialization,1895572,0.300985922,30,true,9,9
2,initialization,1895577,0.300985922,0,true,1,1
2,initialization,1895578,0.300985922,0,true,8,8
2,initialization,1895579,0.300985922,0,true,16,16
2,initialization,1895580,0.300985922,0,true,38,38
2,initialization,1895581,0.300985922,0,true,50,50
2,initialization,1895582,0.300985922,0,true,17,17
2,initialization,1895583,0.300985922,0,true,39,39
2,initialization,1895584,0.300985922,1,true,31,31
2,initialization,1895585,0.300985922,0,true,2,2
2,initialization,1895586,0.300985922,0,true,49,49
2,initialization,1895587,0.300985922,1,true,63,63
2,initialization,1895588,0.300985922,0,true,40,40
2,initialization,1895589,0.300985922,0,true,25,25
2,initialization,1895590,0.300985922,0,true,3,3
2,initialization,1895591,0.300985922,0,true,41,41
2,initialization,1895592,0.300985922,0,true,57,57
2,initialization,1895593,0.300985922,0,true,16,16
2,initialization,1895594,0.300985922,0,true,4,4
2,initialization,1895595,0.300985922,0,true,48,48
2,initialization,1895596,0.300985922,0,true,38,38
2,initialization,1895597,0.300985922,0,true,5,5
2,initialization,1895598,0.300985922,0,true,17,17
2,initialization,1895599,0.300985922,0,true,62,62
3,fmm,1895572,0.07487135,8,true,9,9
3,fmm,1895577,0.07487135,0,true,1,1
3,fmm,1895578,0.07487135,7,true,8,8
3,fmm,1895579,0.07487135,7,true,16,16
3,fmm,1895580,0.07487135,6,true,38,38
3,fmm,1895581,0.07487135,7,true,50,50
3,fmm,1895582,0.07487135,6,true,17,17
3,fmm,1895583,0.07487135,6,true,39,39
3,fmm,1895584,0.07487135,6,true,31,31
3,fmm,1895585,0.07487135,6,true,2,2
3,fmm,1895586,0.07487135,7,true,49,49
3,fmm,1895587,0.07487135,6,true,63,63
3,fmm,1895588,0.07487135,6,true,40,40
3,fmm,1895589,0.07487135,6,true,25,25
3,fmm,1895590,0.07487135,6,true,3,3
3,fmm,1895591,0.07487135,7,true,41,41
3,fmm,1895592,0.07487135,5,true,57,57
3,fmm,1895593,0.07487135,0,true,16,16
3,fmm,1895594,0.07487135,0,true,4,4
3,fmm,1895595,0.07487135,0,true,48,48
3,fmm,1895596,0.07487135,0,true,38,38
3,fmm,1895597,0.07487135,0,true,5,5
3,fmm,1895598,0.07487135,0,true,17,17
3,fmm,1895599,0.07487135,0,true,62,62
4,influence_mapping,1895572,0.000489099,0,true,9,9
4,influence_mapping,1895577,0.000489099,0,true,1,1
4,influence_mapping,1895578,0.000489099,0,true,8,8
4,influence_mapping,1895579,0.000489099,0,true,16,16
4,influence_mapping,1895580,0.000489099,0,true,38,38
4,influence_mapping,1895581,0.000489099,0,true,50,50
4,influence_mapping,1895582,0.000489099,0,true,17,17
4,influence_mapping,1895583,0.000489099,0,true,39,39
4,influence_mapping,1895584,0.000489099,0,true,31,31
4,influence_mapping,1895585,0.000489099,0,true,2,2
4,influence_mapping,1895586,0.000489099,0,true,49,49
4,influence_mapping,1895587,0.000489099,0,true,63,63
4,influence_mapping,1895588,0.000489099,0,true,40,40
4,influence_mapping,1895589,0.000489099,0,true,25,25
4,influence_mapping,1895590,0.000489099,0,true,3,3
4,influence_mapping,1895591,0.000489099,0,true,41,41
4,influence_mapping,1895592,0.000489099,0,true,57,57
4,influence_mapping,1895593,0.000489099,0,true,16,16
4,influence_mapping,1895594,0.000489099,0,true,4,4
4,influence_mapping,1895595,0.000489099,0,true,48,48
4,influence_mapping,1895596,0.000489099,0,true,38,38
4,influence_mapping,1895597,0.000489099,0,true,5,5
4,influence_mapping,1895598,0.000489099,0,true,17,17
4,influence_mapping,1895599,0.000489099,0,true,62,62
5,residual,1895572,0.004625361,0,true,9,9
5,residual,1895577,0.004625361,0,true,1,1
5,residual,1895578,0.004625361,0,true,8,8
5,residual,1895579,0.004625361,0,true,16,16
5,residual,1895580,0.004625361,0,true,38,38
5,residual,1895581,0.004625361,0,true,50,50
5,residual,1895582,0.004625361,0,true,17,17
5,residual,1895583,0.004625361,0,true,39,39
5,residual,1895584,0.004625361,0,true,31,31
5,residual,1895585,0.004625361,0,true,2,2
5,residual,1895586,0.004625361,0,true,49,49
5,residual,1895587,0.004625361,0,true,63,63
5,residual,1895588,0.004625361,0,true,40,40
5,residual,1895589,0.004625361,0,true,25,25
5,residual,1895590,0.004625361,0,true,3,3
5,residual,1895591,0.004625361,0,true,41,41
5,residual,1895592,0.004625361,0,true,57,57
5,residual,1895593,0.004625361,0,true,16,16
5,residual,1895594,0.004625361,0,true,4,4
5,residual,1895595,0.004625361,0,true,48,48
5,residual,1895596,0.004625361,0,true,38,38
5,residual,1895597,0.004625361,0,true,5,5
5,residual,1895598,0.004625361,0,true,17,17
5,residual,1895599,0.004625361,0,true,62,62
6,nearfield_update,1895572,0.184394044,9,true,9,9
6,nearfield_update,1895577,0.184394044,0,true,1,1
6,nearfield_update,1895578,0.184394044,10,true,8,8
6,nearfield_update,1895579,0.184394044,6,true,16,16
6,nearfield_update,1895580,0.184394044,7,true,38,38
6,nearfield_update,1895581,0.184394044,7,true,50,50
6,nearfield_update,1895582,0.184394044,6,true,17,17
6,nearfield_update,1895583,0.184394044,7,true,39,39
6,nearfield_update,1895584,0.184394044,6,true,31,31
6,nearfield_update,1895585,0.184394044,6,true,2,2
6,nearfield_update,1895586,0.184394044,6,true,49,49
6,nearfield_update,1895587,0.184394044,5,true,63,63
6,nearfield_update,1895588,0.184394044,6,true,40,40
6,nearfield_update,1895589,0.184394044,6,true,25,25
6,nearfield_update,1895590,0.184394044,7,true,3,3
6,nearfield_update,1895591,0.184394044,5,true,41,41
6,nearfield_update,1895592,0.184394044,5,true,57,57
6,nearfield_update,1895593,0.184394044,0,true,16,16
6,nearfield_update,1895594,0.184394044,0,true,4,4
6,nearfield_update,1895595,0.184394044,0,true,48,48
6,nearfield_update,1895596,0.184394044,0,true,38,38
6,nearfield_update,1895597,0.184394044,0,true,5,5
6,nearfield_update,1895598,0.184394044,0,true,17,17
6,nearfield_update,1895599,0.184394044,0,true,62,62
7,fmm,1895572,0.073967903,7,true,9,9
7,fmm,1895577,0.073967903,0,true,1,1
7,fmm,1895578,0.073967903,6,true,8,8
7,fmm,1895579,0.073967903,7,true,16,16
7,fmm,1895580,0.073967903,7,true,38,38
7,fmm,1895581,0.073967903,6,true,50,50
7,fmm,1895582,0.073967903,6,true,17,17
7,fmm,1895583,0.073967903,6,true,39,39
7,fmm,1895584,0.073967903,7,true,31,31
7,fmm,1895585,0.073967903,7,true,2,2
7,fmm,1895586,0.073967903,6,true,49,49
7,fmm,1895587,0.073967903,7,true,63,63
7,fmm,1895588,0.073967903,6,true,40,40
7,fmm,1895589,0.073967903,6,true,25,25
7,fmm,1895590,0.073967903,6,true,3,3
7,fmm,1895591,0.073967903,6,true,41,41
7,fmm,1895592,0.073967903,5,true,57,57
7,fmm,1895593,0.073967903,0,true,16,16
7,fmm,1895594,0.073967903,0,true,4,4
7,fmm,1895595,0.073967903,0,true,48,48
7,fmm,1895596,0.073967903,0,true,38,38
7,fmm,1895597,0.073967903,0,true,5,5
7,fmm,1895598,0.073967903,0,true,17,17
7,fmm,1895599,0.073967903,0,true,62,62
8,influence_mapping,1895572,0.000485012,1,true,9,9
8,influence_mapping,1895577,0.000485012,0,true,1,1
8,influence_mapping,1895578,0.000485012,0,true,8,8
8,influence_mapping,1895579,0.000485012,0,true,16,16
8,influence_mapping,1895580,0.000485012,0,true,38,38
8,influence_mapping,1895581,0.000485012,0,true,50,50
8,influence_mapping,1895582,0.000485012,0,true,17,17
8,influence_mapping,1895583,0.000485012,0,true,39,39
8,influence_mapping,1895584,0.000485012,0,true,31,31
8,influence_mapping,1895585,0.000485012,0,true,2,2
8,influence_mapping,1895586,0.000485012,0,true,49,49
8,influence_mapping,1895587,0.000485012,0,true,63,63
8,influence_mapping,1895588,0.000485012,0,true,40,40
8,influence_mapping,1895589,0.000485012,0,true,25,25
8,influence_mapping,1895590,0.000485012,0,true,3,3
8,influence_mapping,1895591,0.000485012,0,true,41,41
8,influence_mapping,1895592,0.000485012,0,true,57,57
8,influence_mapping,1895593,0.000485012,0,true,16,16
8,influence_mapping,1895594,0.000485012,0,true,4,4
8,influence_mapping,1895595,0.000485012,0,true,48,48
8,influence_mapping,1895596,0.000485012,0,true,38,38
8,influence_mapping,1895597,0.000485012,0,true,5,5
8,influence_mapping,1895598,0.000485012,0,true,17,17
8,influence_mapping,1895599,0.000485012,0,true,62,62
9,residual,1895572,0.004647884,0,true,9,9
9,residual,1895577,0.004647884,0,true,1,1
9,residual,1895578,0.004647884,0,true,8,8
9,residual,1895579,0.004647884,0,true,16,16
9,residual,1895580,0.004647884,0,true,38,38
9,residual,1895581,0.004647884,0,true,50,50
9,residual,1895582,0.004647884,0,true,17,17
9,residual,1895583,0.004647884,0,true,39,39
9,residual,1895584,0.004647884,0,true,31,31
9,residual,1895585,0.004647884,0,true,2,2
9,residual,1895586,0.004647884,0,true,49,49
9,residual,1895587,0.004647884,0,true,63,63
9,residual,1895588,0.004647884,0,true,40,40
9,residual,1895589,0.004647884,0,true,25,25
9,residual,1895590,0.004647884,0,true,3,3
9,residual,1895591,0.004647884,0,true,41,41
9,residual,1895592,0.004647884,0,true,57,57
9,residual,1895593,0.004647884,0,true,16,16
9,residual,1895594,0.004647884,0,true,4,4
9,residual,1895595,0.004647884,0,true,48,48
9,residual,1895596,0.004647884,0,true,38,38
9,residual,1895597,0.004647884,0,true,5,5
9,residual,1895598,0.004647884,0,true,17,17
9,residual,1895599,0.004647884,0,true,62,62
10,nearfield_update,1895572,0.184641579,11,true,9,9
10,nearfield_update,1895577,0.184641579,0,true,1,1
10,nearfield_update,1895578,0.184641579,11,true,8,8
10,nearfield_update,1895579,0.184641579,7,true,16,16
10,nearfield_update,1895580,0.184641579,5,true,38,38
10,nearfield_update,1895581,0.184641579,5,true,50,50
10,nearfield_update,1895582,0.184641579,8,true,17,17
10,nearfield_update,1895583,0.184641579,5,true,39,39
10,nearfield_update,1895584,0.184641579,5,true,31,31
10,nearfield_update,1895585,0.184641579,7,true,2,2
10,nearfield_update,1895586,0.184641579,5,true,49,49
10,nearfield_update,1895587,0.184641579,6,true,63,63
10,nearfield_update,1895588,0.184641579,7,true,40,40
10,nearfield_update,1895589,0.184641579,7,true,25,25
10,nearfield_update,1895590,0.184641579,7,true,3,3
10,nearfield_update,1895591,0.184641579,7,true,41,41
10,nearfield_update,1895592,0.184641579,4,true,57,57
10,nearfield_update,1895593,0.184641579,0,true,16,16
10,nearfield_update,1895594,0.184641579,0,true,4,4
10,nearfield_update,1895595,0.184641579,0,true,48,48
10,nearfield_update,1895596,0.184641579,0,true,38,38
10,nearfield_update,1895597,0.184641579,0,true,5,5
10,nearfield_update,1895598,0.184641579,0,true,17,17
10,nearfield_update,1895599,0.184641579,0,true,62,62
11,fmm,1895572,0.073698406,7,true,9,9
11,fmm,1895577,0.073698406,0,true,1,1
11,fmm,1895578,0.073698406,6,true,8,8
11,fmm,1895579,0.073698406,7,true,16,16
11,fmm,1895580,0.073698406,6,true,38,38
11,fmm,1895581,0.073698406,7,true,50,50
11,fmm,1895582,0.073698406,6,true,17,17
11,fmm,1895583,0.073698406,6,true,39,39
11,fmm,1895584,0.073698406,6,true,31,31
11,fmm,1895585,0.073698406,7,true,2,2
11,fmm,1895586,0.073698406,6,true,49,49
11,fmm,1895587,0.073698406,6,true,63,63
11,fmm,1895588,0.073698406,6,true,40,40
11,fmm,1895589,0.073698406,6,true,25,25
11,fmm,1895590,0.073698406,6,true,3,3
11,fmm,1895591,0.073698406,6,true,41,41
11,fmm,1895592,0.073698406,5,true,57,57
11,fmm,1895593,0.073698406,0,true,16,16
11,fmm,1895594,0.073698406,0,true,4,4
11,fmm,1895595,0.073698406,0,true,48,48
11,fmm,1895596,0.073698406,0,true,38,38
11,fmm,1895597,0.073698406,0,true,5,5
11,fmm,1895598,0.073698406,0,true,17,17
11,fmm,1895599,0.073698406,0,true,62,62
12,influence_mapping,1895572,0.000476045,0,true,9,9
12,influence_mapping,1895577,0.000476045,0,true,1,1
12,influence_mapping,1895578,0.000476045,0,true,8,8
12,influence_mapping,1895579,0.000476045,0,true,16,16
12,influence_mapping,1895580,0.000476045,0,true,38,38
12,influence_mapping,1895581,0.000476045,0,true,50,50
12,influence_mapping,1895582,0.000476045,0,true,17,17
12,influence_mapping,1895583,0.000476045,0,true,39,39
12,influence_mapping,1895584,0.000476045,0,true,31,31
12,influence_mapping,1895585,0.000476045,0,true,2,2
12,influence_mapping,1895586,0.000476045,0,true,49,49
12,influence_mapping,1895587,0.000476045,0,true,63,63
12,influence_mapping,1895588,0.000476045,0,true,40,40
12,influence_mapping,1895589,0.000476045,0,true,25,25
12,influence_mapping,1895590,0.000476045,0,true,3,3
12,influence_mapping,1895591,0.000476045,0,true,41,41
12,influence_mapping,1895592,0.000476045,0,true,57,57
12,influence_mapping,1895593,0.000476045,0,true,16,16
12,influence_mapping,1895594,0.000476045,0,true,4,4
12,influence_mapping,1895595,0.000476045,0,true,48,48
12,influence_mapping,1895596,0.000476045,0,true,38,38
12,influence_mapping,1895597,0.000476045,0,true,5,5
12,influence_mapping,1895598,0.000476045,0,true,17,17
12,influence_mapping,1895599,0.000476045,0,true,62,62
13,residual,1895572,0.004636683,0,true,9,9
13,residual,1895577,0.004636683,0,true,1,1
13,residual,1895578,0.004636683,0,true,8,8
13,residual,1895579,0.004636683,0,true,16,16
13,residual,1895580,0.004636683,0,true,38,38
13,residual,1895581,0.004636683,0,true,50,50
13,residual,1895582,0.004636683,0,true,17,17
13,residual,1895583,0.004636683,0,true,39,39
13,residual,1895584,0.004636683,0,true,31,31
13,residual,1895585,0.004636683,0,true,2,2
13,residual,1895586,0.004636683,0,true,49,49
13,residual,1895587,0.004636683,0,true,63,63
13,residual,1895588,0.004636683,0,true,40,40
13,residual,1895589,0.004636683,0,true,25,25
13,residual,1895590,0.004636683,0,true,3,3
13,residual,1895591,0.004636683,0,true,41,41
13,residual,1895592,0.004636683,0,true,57,57
13,residual,1895593,0.004636683,0,true,16,16
13,residual,1895594,0.004636683,0,true,4,4
13,residual,1895595,0.004636683,0,true,48,48
13,residual,1895596,0.004636683,0,true,38,38
13,residual,1895597,0.004636683,0,true,5,5
13,residual,1895598,0.004636683,0,true,17,17
13,residual,1895599,0.004636683,0,true,62,62
14,nearfield_update,1895572,0.182896289,9,true,9,9
14,nearfield_update,1895577,0.182896289,0,true,1,1
14,nearfield_update,1895578,0.182896289,11,true,8,8
14,nearfield_update,1895579,0.182896289,7,true,16,16
14,nearfield_update,1895580,0.182896289,7,true,38,38
14,nearfield_update,1895581,0.182896289,5,true,50,50
14,nearfield_update,1895582,0.182896289,6,true,17,17
14,nearfield_update,1895583,0.182896289,6,true,39,39
14,nearfield_update,1895584,0.182896289,6,true,31,31
14,nearfield_update,1895585,0.182896289,6,true,2,2
14,nearfield_update,1895586,0.182896289,6,true,49,49
14,nearfield_update,1895587,0.182896289,5,true,63,63
14,nearfield_update,1895588,0.182896289,5,true,40,40
14,nearfield_update,1895589,0.182896289,6,true,25,25
14,nearfield_update,1895590,0.182896289,6,true,3,3
14,nearfield_update,1895591,0.182896289,6,true,41,41
14,nearfield_update,1895592,0.182896289,6,true,57,57
14,nearfield_update,1895593,0.182896289,0,true,16,16
14,nearfield_update,1895594,0.182896289,0,true,4,4
14,nearfield_update,1895595,0.182896289,0,true,48,48
14,nearfield_update,1895596,0.182896289,0,true,38,38
14,nearfield_update,1895597,0.182896289,0,true,5,5
14,nearfield_update,1895598,0.182896289,0,true,17,17
14,nearfield_update,1895599,0.182896289,0,true,62,62
15,fmm,1895572,0.074159993,7,true,9,9
15,fmm,1895577,0.074159993,0,true,1,1
15,fmm,1895578,0.074159993,6,true,8,8
15,fmm,1895579,0.074159993,7,true,16,16
15,fmm,1895580,0.074159993,6,true,38,38
15,fmm,1895581,0.074159993,7,true,50,50
15,fmm,1895582,0.074159993,7,true,17,17
15,fmm,1895583,0.074159993,6,true,39,39
15,fmm,1895584,0.074159993,7,true,31,31
15,fmm,1895585,0.074159993,7,true,2,2
15,fmm,1895586,0.074159993,6,true,49,49
15,fmm,1895587,0.074159993,6,true,63,63
15,fmm,1895588,0.074159993,6,true,40,40
15,fmm,1895589,0.074159993,6,true,25,25
15,fmm,1895590,0.074159993,6,true,3,3
15,fmm,1895591,0.074159993,6,true,41,41
15,fmm,1895592,0.074159993,4,true,57,57
15,fmm,1895593,0.074159993,0,true,16,16
15,fmm,1895594,0.074159993,0,true,4,4
15,fmm,1895595,0.074159993,0,true,48,48
15,fmm,1895596,0.074159993,0,true,38,38
15,fmm,1895597,0.074159993,0,true,5,5
15,fmm,1895598,0.074159993,0,true,17,17
15,fmm,1895599,0.074159993,0,true,62,62
16,influence_mapping,1895572,0.000472177,0,true,9,9
16,influence_mapping,1895577,0.000472177,0,true,1,1
16,influence_mapping,1895578,0.000472177,0,true,8,8
16,influence_mapping,1895579,0.000472177,0,true,16,16
16,influence_mapping,1895580,0.000472177,0,true,38,38
16,influence_mapping,1895581,0.000472177,0,true,50,50
16,influence_mapping,1895582,0.000472177,0,true,17,17
16,influence_mapping,1895583,0.000472177,0,true,39,39
16,influence_mapping,1895584,0.000472177,0,true,31,31
16,influence_mapping,1895585,0.000472177,0,true,2,2
16,influence_mapping,1895586,0.000472177,0,true,49,49
16,influence_mapping,1895587,0.000472177,0,true,63,63
16,influence_mapping,1895588,0.000472177,0,true,40,40
16,influence_mapping,1895589,0.000472177,0,true,25,25
16,influence_mapping,1895590,0.000472177,0,true,3,3
16,influence_mapping,1895591,0.000472177,0,true,41,41
16,influence_mapping,1895592,0.000472177,0,true,57,57
16,influence_mapping,1895593,0.000472177,0,true,16,16
16,influence_mapping,1895594,0.000472177,0,true,4,4
16,influence_mapping,1895595,0.000472177,0,true,48,48
16,influence_mapping,1895596,0.000472177,0,true,38,38
16,influence_mapping,1895597,0.000472177,0,true,5,5
16,influence_mapping,1895598,0.000472177,0,true,17,17
16,influence_mapping,1895599,0.000472177,0,true,62,62
17,residual,1895572,0.004633917,2,true,9,9
17,residual,1895577,0.004633917,0,true,1,1
17,residual,1895578,0.004633917,0,true,8,8
17,residual,1895579,0.004633917,0,true,16,16
17,residual,1895580,0.004633917,0,true,38,38
17,residual,1895581,0.004633917,0,true,50,50
17,residual,1895582,0.004633917,0,true,17,17
17,residual,1895583,0.004633917,0,true,39,39
17,residual,1895584,0.004633917,0,true,31,31
17,residual,1895585,0.004633917,0,true,2,2
17,residual,1895586,0.004633917,0,true,49,49
17,residual,1895587,0.004633917,0,true,63,63
17,residual,1895588,0.004633917,0,true,40,40
17,residual,1895589,0.004633917,0,true,25,25
17,residual,1895590,0.004633917,0,true,3,3
17,residual,1895591,0.004633917,0,true,41,41
17,residual,1895592,0.004633917,0,true,57,57
17,residual,1895593,0.004633917,0,true,16,16
17,residual,1895594,0.004633917,0,true,4,4
17,residual,1895595,0.004633917,0,true,48,48
17,residual,1895596,0.004633917,0,true,38,38
17,residual,1895597,0.004633917,0,true,5,5
17,residual,1895598,0.004633917,0,true,17,17
17,residual,1895599,0.004633917,0,true,62,62
18,nearfield_update,1895572,0.183876522,9,true,9,9
18,nearfield_update,1895577,0.183876522,0,true,1,1
18,nearfield_update,1895578,0.183876522,10,true,8,8
18,nearfield_update,1895579,0.183876522,6,true,16,16
18,nearfield_update,1895580,0.183876522,6,true,38,38
18,nearfield_update,1895581,0.183876522,5,true,50,50
18,nearfield_update,1895582,0.183876522,5,true,17,17
18,nearfield_update,1895583,0.183876522,6,true,39,39
18,nearfield_update,1895584,0.183876522,6,true,31,31
18,nearfield_update,1895585,0.183876522,6,true,2,2
18,nearfield_update,1895586,0.183876522,7,true,49,49
18,nearfield_update,1895587,0.183876522,6,true,63,63
18,nearfield_update,1895588,0.183876522,5,true,40,40
18,nearfield_update,1895589,0.183876522,6,true,25,25
18,nearfield_update,1895590,0.183876522,6,true,3,3
18,nearfield_update,1895591,0.183876522,6,true,41,41
18,nearfield_update,1895592,0.183876522,6,true,57,57
18,nearfield_update,1895593,0.183876522,0,true,16,16
18,nearfield_update,1895594,0.183876522,0,true,4,4
18,nearfield_update,1895595,0.183876522,0,true,48,48
18,nearfield_update,1895596,0.183876522,0,true,38,38
18,nearfield_update,1895597,0.183876522,0,true,5,5
18,nearfield_update,1895598,0.183876522,0,true,17,17
18,nearfield_update,1895599,0.183876522,0,true,62,62
19,fmm,1895572,0.074333269,7,true,9,9
19,fmm,1895577,0.074333269,0,true,1,1
19,fmm,1895578,0.074333269,7,true,8,8
19,fmm,1895579,0.074333269,7,true,16,16
19,fmm,1895580,0.074333269,6,true,38,38
19,fmm,1895581,0.074333269,7,true,50,50
19,fmm,1895582,0.074333269,7,true,17,17
19,fmm,1895583,0.074333269,6,true,39,39
19,fmm,1895584,0.074333269,6,true,31,31
19,fmm,1895585,0.074333269,7,true,2,2
19,fmm,1895586,0.074333269,6,true,49,49
19,fmm,1895587,0.074333269,7,true,63,63
19,fmm,1895588,0.074333269,7,true,40,40
19,fmm,1895589,0.074333269,6,true,25,25
19,fmm,1895590,0.074333269,7,true,3,3
19,fmm,1895591,0.074333269,6,true,41,41
19,fmm,1895592,0.074333269,5,true,57,57
19,fmm,1895593,0.074333269,0,true,16,16
19,fmm,1895594,0.074333269,0,true,4,4
19,fmm,1895595,0.074333269,0,true,48,48
19,fmm,1895596,0.074333269,0,true,38,38
19,fmm,1895597,0.074333269,0,true,5,5
19,fmm,1895598,0.074333269,0,true,17,17
19,fmm,1895599,0.074333269,0,true,62,62
20,influence_mapping,1895572,0.000474472,0,true,9,9
20,influence_mapping,1895577,0.000474472,0,true,1,1
20,influence_mapping,1895578,0.000474472,0,true,8,8
20,influence_mapping,1895579,0.000474472,0,true,16,16
20,influence_mapping,1895580,0.000474472,0,true,38,38
20,influence_mapping,1895581,0.000474472,0,true,50,50
20,influence_mapping,1895582,0.000474472,0,true,17,17
20,influence_mapping,1895583,0.000474472,0,true,39,39
20,influence_mapping,1895584,0.000474472,0,true,31,31
20,influence_mapping,1895585,0.000474472,0,true,2,2
20,influence_mapping,1895586,0.000474472,0,true,49,49
20,influence_mapping,1895587,0.000474472,0,true,63,63
20,influence_mapping,1895588,0.000474472,0,true,40,40
20,influence_mapping,1895589,0.000474472,0,true,25,25
20,influence_mapping,1895590,0.000474472,0,true,3,3
20,influence_mapping,1895591,0.000474472,0,true,41,41
20,influence_mapping,1895592,0.000474472,0,true,57,57
20,influence_mapping,1895593,0.000474472,0,true,16,16
20,influence_mapping,1895594,0.000474472,0,true,4,4
20,influence_mapping,1895595,0.000474472,0,true,48,48
20,influence_mapping,1895596,0.000474472,0,true,38,38
20,influence_mapping,1895597,0.000474472,0,true,5,5
20,influence_mapping,1895598,0.000474472,0,true,17,17
20,influence_mapping,1895599,0.000474472,0,true,62,62
21,residual,1895572,0.004638657,0,true,9,9
21,residual,1895577,0.004638657,0,true,1,1
21,residual,1895578,0.004638657,0,true,8,8
21,residual,1895579,0.004638657,0,true,16,16
21,residual,1895580,0.004638657,0,true,38,38
21,residual,1895581,0.004638657,0,true,50,50
21,residual,1895582,0.004638657,0,true,17,17
21,residual,1895583,0.004638657,0,true,39,39
21,residual,1895584,0.004638657,0,true,31,31
21,residual,1895585,0.004638657,0,true,2,2
21,residual,1895586,0.004638657,0,true,49,49
21,residual,1895587,0.004638657,0,true,63,63
21,residual,1895588,0.004638657,0,true,40,40
21,residual,1895589,0.004638657,0,true,25,25
21,residual,1895590,0.004638657,0,true,3,3
21,residual,1895591,0.004638657,0,true,41,41
21,residual,1895592,0.004638657,0,true,57,57
21,residual,1895593,0.004638657,0,true,16,16
21,residual,1895594,0.004638657,0,true,4,4
21,residual,1895595,0.004638657,0,true,48,48
21,residual,1895596,0.004638657,0,true,38,38
21,residual,1895597,0.004638657,0,true,5,5
21,residual,1895598,0.004638657,0,true,17,17
21,residual,1895599,0.004638657,0,true,62,62
22,nearfield_update,1895572,0.183723754,9,true,9,9
22,nearfield_update,1895577,0.183723754,0,true,1,1
22,nearfield_update,1895578,0.183723754,10,true,8,8
22,nearfield_update,1895579,0.183723754,6,true,16,16
22,nearfield_update,1895580,0.183723754,7,true,38,38
22,nearfield_update,1895581,0.183723754,7,true,50,50
22,nearfield_update,1895582,0.183723754,7,true,17,17
22,nearfield_update,1895583,0.183723754,5,true,39,39
22,nearfield_update,1895584,0.183723754,7,true,31,31
22,nearfield_update,1895585,0.183723754,5,true,2,2
22,nearfield_update,1895586,0.183723754,5,true,49,49
22,nearfield_update,1895587,0.183723754,5,true,63,63
22,nearfield_update,1895588,0.183723754,5,true,40,40
22,nearfield_update,1895589,0.183723754,6,true,25,25
22,nearfield_update,1895590,0.183723754,5,true,3,3
22,nearfield_update,1895591,0.183723754,5,true,41,41
22,nearfield_update,1895592,0.183723754,4,true,57,57
22,nearfield_update,1895593,0.183723754,0,true,16,16
22,nearfield_update,1895594,0.183723754,0,true,4,4
22,nearfield_update,1895595,0.183723754,0,true,48,48
22,nearfield_update,1895596,0.183723754,0,true,38,38
22,nearfield_update,1895597,0.183723754,0,true,5,5
22,nearfield_update,1895598,0.183723754,0,true,17,17
22,nearfield_update,1895599,0.183723754,0,true,62,62
23,fmm,1895572,0.074528697,8,true,9,9
23,fmm,1895577,0.074528697,0,true,1,1
23,fmm,1895578,0.074528697,7,true,8,8
23,fmm,1895579,0.074528697,7,true,16,16
23,fmm,1895580,0.074528697,7,true,38,38
23,fmm,1895581,0.074528697,7,true,50,50
23,fmm,1895582,0.074528697,7,true,17,17
23,fmm,1895583,0.074528697,7,true,39,39
23,fmm,1895584,0.074528697,6,true,31,31
23,fmm,1895585,0.074528697,7,true,2,2
23,fmm,1895586,0.074528697,6,true,49,49
23,fmm,1895587,0.074528697,6,true,63,63
23,fmm,1895588,0.074528697,6,true,40,40
23,fmm,1895589,0.074528697,6,true,25,25
23,fmm,1895590,0.074528697,6,true,3,3
23,fmm,1895591,0.074528697,7,true,41,41
23,fmm,1895592,0.074528697,5,true,57,57
23,fmm,1895593,0.074528697,0,true,16,16
23,fmm,1895594,0.074528697,0,true,4,4
23,fmm,1895595,0.074528697,0,true,48,48
23,fmm,1895596,0.074528697,0,true,38,38
23,fmm,1895597,0.074528697,0,true,5,5
23,fmm,1895598,0.074528697,0,true,17,17
23,fmm,1895599,0.074528697,0,true,62,62
24,influence_mapping,1895572,0.000466537,0,true,9,9
24,influence_mapping,1895577,0.000466537,0,true,1,1
24,influence_mapping,1895578,0.000466537,0,true,8,8
24,influence_mapping,1895579,0.000466537,0,true,16,16
24,influence_mapping,1895580,0.000466537,0,true,38,38
24,influence_mapping,1895581,0.000466537,0,true,50,50
24,influence_mapping,1895582,0.000466537,0,true,17,17
24,influence_mapping,1895583,0.000466537,0,true,39,39
24,influence_mapping,1895584,0.000466537,0,true,31,31
24,influence_mapping,1895585,0.000466537,0,true,2,2
24,influence_mapping,1895586,0.000466537,0,true,49,49
24,influence_mapping,1895587,0.000466537,0,true,63,63
24,influence_mapping,1895588,0.000466537,0,true,40,40
24,influence_mapping,1895589,0.000466537,0,true,25,25
24,influence_mapping,1895590,0.000466537,0,true,3,3
24,influence_mapping,1895591,0.000466537,0,true,41,41
24,influence_mapping,1895592,0.000466537,0,true,57,57
24,influence_mapping,1895593,0.000466537,0,true,16,16
24,influence_mapping,1895594,0.000466537,0,true,4,4
24,influence_mapping,1895595,0.000466537,0,true,48,48
24,influence_mapping,1895596,0.000466537,0,true,38,38
24,influence_mapping,1895597,0.000466537,0,true,5,5
24,influence_mapping,1895598,0.000466537,0,true,17,17
24,influence_mapping,1895599,0.000466537,0,true,62,62
25,residual,1895572,0.004625261,0,true,9,9
25,residual,1895577,0.004625261,0,true,1,1
25,residual,1895578,0.004625261,0,true,8,8
25,residual,1895579,0.004625261,0,true,16,16
25,residual,1895580,0.004625261,0,true,38,38
25,residual,1895581,0.004625261,0,true,50,50
25,residual,1895582,0.004625261,0,true,17,17
25,residual,1895583,0.004625261,0,true,39,39
25,residual,1895584,0.004625261,0,true,31,31
25,residual,1895585,0.004625261,0,true,2,2
25,residual,1895586,0.004625261,0,true,49,49
25,residual,1895587,0.004625261,0,true,63,63
25,residual,1895588,0.004625261,0,true,40,40
25,residual,1895589,0.004625261,0,true,25,25
25,residual,1895590,0.004625261,0,true,3,3
25,residual,1895591,0.004625261,0,true,41,41
25,residual,1895592,0.004625261,0,true,57,57
25,residual,1895593,0.004625261,0,true,16,16
25,residual,1895594,0.004625261,0,true,4,4
25,residual,1895595,0.004625261,0,true,48,48
25,residual,1895596,0.004625261,0,true,38,38
25,residual,1895597,0.004625261,0,true,5,5
25,residual,1895598,0.004625261,0,true,17,17
25,residual,1895599,0.004625261,0,true,62,62
26,nearfield_update,1895572,0.183993401,10,true,9,9
26,nearfield_update,1895577,0.183993401,0,true,1,1
26,nearfield_update,1895578,0.183993401,11,true,8,8
26,nearfield_update,1895579,0.183993401,8,true,16,16
26,nearfield_update,1895580,0.183993401,6,true,38,38
26,nearfield_update,1895581,0.183993401,5,true,50,50
26,nearfield_update,1895582,0.183993401,6,true,17,17
26,nearfield_update,1895583,0.183993401,5,true,39,39
26,nearfield_update,1895584,0.183993401,6,true,31,31
26,nearfield_update,1895585,0.183993401,6,true,2,2
26,nearfield_update,1895586,0.183993401,6,true,49,49
26,nearfield_update,1895587,0.183993401,5,true,63,63
26,nearfield_update,1895588,0.183993401,7,true,40,40
26,nearfield_update,1895589,0.183993401,7,true,25,25
26,nearfield_update,1895590,0.183993401,7,true,3,3
26,nearfield_update,1895591,0.183993401,5,true,41,41
26,nearfield_update,1895592,0.183993401,6,true,57,57
26,nearfield_update,1895593,0.183993401,0,true,16,16
26,nearfield_update,1895594,0.183993401,0,true,4,4
26,nearfield_update,1895595,0.183993401,0,true,48,48
26,nearfield_update,1895596,0.183993401,0,true,38,38
26,nearfield_update,1895597,0.183993401,0,true,5,5
26,nearfield_update,1895598,0.183993401,0,true,17,17
26,nearfield_update,1895599,0.183993401,0,true,62,62
27,fmm,1895572,0.073968984,7,true,9,9
27,fmm,1895577,0.073968984,0,true,1,1
27,fmm,1895578,0.073968984,6,true,8,8
27,fmm,1895579,0.073968984,7,true,16,16
27,fmm,1895580,0.073968984,6,true,38,38
27,fmm,1895581,0.073968984,7,true,50,50
27,fmm,1895582,0.073968984,6,true,17,17
27,fmm,1895583,0.073968984,6,true,39,39
27,fmm,1895584,0.073968984,7,true,31,31
27,fmm,1895585,0.073968984,6,true,2,2
27,fmm,1895586,0.073968984,6,true,49,49
27,fmm,1895587,0.073968984,7,true,63,63
27,fmm,1895588,0.073968984,6,true,40,40
27,fmm,1895589,0.073968984,6,true,25,25
27,fmm,1895590,0.073968984,6,true,3,3
27,fmm,1895591,0.073968984,6,true,41,41
27,fmm,1895592,0.073968984,5,true,57,57
27,fmm,1895593,0.073968984,0,true,16,16
27,fmm,1895594,0.073968984,0,true,4,4
27,fmm,1895595,0.073968984,0,true,48,48
27,fmm,1895596,0.073968984,0,true,38,38
27,fmm,1895597,0.073968984,0,true,5,5
27,fmm,1895598,0.073968984,0,true,17,17
27,fmm,1895599,0.073968984,0,true,62,62
28,influence_mapping,1895572,0.000480863,0,true,9,9
28,influence_mapping,1895577,0.000480863,0,true,1,1
28,influence_mapping,1895578,0.000480863,0,true,8,8
28,influence_mapping,1895579,0.000480863,0,true,16,16
28,influence_mapping,1895580,0.000480863,0,true,38,38
28,influence_mapping,1895581,0.000480863,0,true,50,50
28,influence_mapping,1895582,0.000480863,0,true,17,17
28,influence_mapping,1895583,0.000480863,0,true,39,39
28,influence_mapping,1895584,0.000480863,0,true,31,31
28,influence_mapping,1895585,0.000480863,0,true,2,2
28,influence_mapping,1895586,0.000480863,0,true,49,49
28,influence_mapping,1895587,0.000480863,0,true,63,63
28,influence_mapping,1895588,0.000480863,0,true,40,40
28,influence_mapping,1895589,0.000480863,0,true,25,25
28,influence_mapping,1895590,0.000480863,0,true,3,3
28,influence_mapping,1895591,0.000480863,0,true,41,41
28,influence_mapping,1895592,0.000480863,0,true,57,57
28,influence_mapping,1895593,0.000480863,0,true,16,16
28,influence_mapping,1895594,0.000480863,0,true,4,4
28,influence_mapping,1895595,0.000480863,0,true,48,48
28,influence_mapping,1895596,0.000480863,0,true,38,38
28,influence_mapping,1895597,0.000480863,0,true,5,5
28,influence_mapping,1895598,0.000480863,0,true,17,17
28,influence_mapping,1895599,0.000480863,0,true,62,62
29,residual,1895572,0.004639709,0,true,9,9
29,residual,1895577,0.004639709,0,true,1,1
29,residual,1895578,0.004639709,0,true,8,8
29,residual,1895579,0.004639709,0,true,16,16
29,residual,1895580,0.004639709,0,true,38,38
29,residual,1895581,0.004639709,0,true,50,50
29,residual,1895582,0.004639709,0,true,17,17
29,residual,1895583,0.004639709,0,true,39,39
29,residual,1895584,0.004639709,0,true,31,31
29,residual,1895585,0.004639709,0,true,2,2
29,residual,1895586,0.004639709,0,true,49,49
29,residual,1895587,0.004639709,0,true,63,63
29,residual,1895588,0.004639709,0,true,40,40
29,residual,1895589,0.004639709,0,true,25,25
29,residual,1895590,0.004639709,0,true,3,3
29,residual,1895591,0.004639709,0,true,41,41
29,residual,1895592,0.004639709,0,true,57,57
29,residual,1895593,0.004639709,0,true,16,16
29,residual,1895594,0.004639709,0,true,4,4
29,residual,1895595,0.004639709,0,true,48,48
29,residual,1895596,0.004639709,0,true,38,38
29,residual,1895597,0.004639709,0,true,5,5
29,residual,1895598,0.004639709,0,true,17,17
29,residual,1895599,0.004639709,0,true,62,62
30,nearfield_update,1895572,0.18358293,10,true,9,9
30,nearfield_update,1895577,0.18358293,0,true,1,1
30,nearfield_update,1895578,0.18358293,10,true,8,8
30,nearfield_update,1895579,0.18358293,6,true,16,16
30,nearfield_update,1895580,0.18358293,6,true,38,38
30,nearfield_update,1895581,0.18358293,6,true,50,50
30,nearfield_update,1895582,0.18358293,5,true,17,17
30,nearfield_update,1895583,0.18358293,5,true,39,39
30,nearfield_update,1895584,0.18358293,7,true,31,31
30,nearfield_update,1895585,0.18358293,6,true,2,2
30,nearfield_update,1895586,0.18358293,6,true,49,49
30,nearfield_update,1895587,0.18358293,5,true,63,63
30,nearfield_update,1895588,0.18358293,6,true,40,40
30,nearfield_update,1895589,0.18358293,6,true,25,25
30,nearfield_update,1895590,0.18358293,7,true,3,3
30,nearfield_update,1895591,0.18358293,6,true,41,41
30,nearfield_update,1895592,0.18358293,6,true,57,57
30,nearfield_update,1895593,0.18358293,0,true,16,16
30,nearfield_update,1895594,0.18358293,0,true,4,4
30,nearfield_update,1895595,0.18358293,0,true,48,48
30,nearfield_update,1895596,0.18358293,0,true,38,38
30,nearfield_update,1895597,0.18358293,0,true,5,5
30,nearfield_update,1895598,0.18358293,0,true,17,17
30,nearfield_update,1895599,0.18358293,0,true,62,62
31,fmm,1895572,0.074721288,7,true,9,9
31,fmm,1895577,0.074721288,0,true,1,1
31,fmm,1895578,0.074721288,7,true,8,8
31,fmm,1895579,0.074721288,7,true,16,16
31,fmm,1895580,0.074721288,7,true,38,38
31,fmm,1895581,0.074721288,7,true,50,50
31,fmm,1895582,0.074721288,7,true,17,17
31,fmm,1895583,0.074721288,6,true,39,39
31,fmm,1895584,0.074721288,6,true,31,31
31,fmm,1895585,0.074721288,6,true,2,2
31,fmm,1895586,0.074721288,6,true,49,49
31,fmm,1895587,0.074721288,6,true,63,63
31,fmm,1895588,0.074721288,7,true,40,40
31,fmm,1895589,0.074721288,6,true,25,25
31,fmm,1895590,0.074721288,6,true,3,3
31,fmm,1895591,0.074721288,7,true,41,41
31,fmm,1895592,0.074721288,5,true,57,57
31,fmm,1895593,0.074721288,0,true,16,16
31,fmm,1895594,0.074721288,0,true,4,4
31,fmm,1895595,0.074721288,0,true,48,48
31,fmm,1895596,0.074721288,0,true,38,38
31,fmm,1895597,0.074721288,0,true,5,5
31,fmm,1895598,0.074721288,0,true,17,17
31,fmm,1895599,0.074721288,0,true,62,62
32,influence_mapping,1895572,0.000470144,0,true,9,9
32,influence_mapping,1895577,0.000470144,0,true,1,1
32,influence_mapping,1895578,0.000470144,0,true,8,8
32,influence_mapping,1895579,0.000470144,0,true,16,16
32,influence_mapping,1895580,0.000470144,0,true,38,38
32,influence_mapping,1895581,0.000470144,0,true,50,50
32,influence_mapping,1895582,0.000470144,0,true,17,17
32,influence_mapping,1895583,0.000470144,0,true,39,39
32,influence_mapping,1895584,0.000470144,0,true,31,31
32,influence_mapping,1895585,0.000470144,0,true,2,2
32,influence_mapping,1895586,0.000470144,0,true,49,49
32,influence_mapping,1895587,0.000470144,0,true,63,63
32,influence_mapping,1895588,0.000470144,0,true,40,40
32,influence_mapping,1895589,0.000470144,0,true,25,25
32,influence_mapping,1895590,0.000470144,0,true,3,3
32,influence_mapping,1895591,0.000470144,0,true,41,41
32,influence_mapping,1895592,0.000470144,0,true,57,57
32,influence_mapping,1895593,0.000470144,0,true,16,16
32,influence_mapping,1895594,0.000470144,0,true,4,4
32,influence_mapping,1895595,0.000470144,0,true,48,48
32,influence_mapping,1895596,0.000470144,0,true,38,38
32,influence_mapping,1895597,0.000470144,0,true,5,5
32,influence_mapping,1895598,0.000470144,0,true,17,17
32,influence_mapping,1895599,0.000470144,0,true,62,62
33,residual,1895572,0.00463548,0,true,9,9
33,residual,1895577,0.00463548,0,true,1,1
33,residual,1895578,0.00463548,0,true,8,8
33,residual,1895579,0.00463548,0,true,16,16
33,residual,1895580,0.00463548,0,true,38,38
33,residual,1895581,0.00463548,0,true,50,50
33,residual,1895582,0.00463548,0,true,17,17
33,residual,1895583,0.00463548,0,true,39,39
33,residual,1895584,0.00463548,0,true,31,31
33,residual,1895585,0.00463548,0,true,2,2
33,residual,1895586,0.00463548,0,true,49,49
33,residual,1895587,0.00463548,0,true,63,63
33,residual,1895588,0.00463548,0,true,40,40
33,residual,1895589,0.00463548,0,true,25,25
33,residual,1895590,0.00463548,0,true,3,3
33,residual,1895591,0.00463548,0,true,41,41
33,residual,1895592,0.00463548,0,true,57,57
33,residual,1895593,0.00463548,0,true,16,16
33,residual,1895594,0.00463548,0,true,4,4
33,residual,1895595,0.00463548,0,true,48,48
33,residual,1895596,0.00463548,0,true,38,38
33,residual,1895597,0.00463548,0,true,5,5
33,residual,1895598,0.00463548,0,true,17,17
33,residual,1895599,0.00463548,0,true,62,62
34,nearfield_update,1895572,0.18358802,10,true,9,9
34,nearfield_update,1895577,0.18358802,0,true,1,1
34,nearfield_update,1895578,0.18358802,10,true,8,8
34,nearfield_update,1895579,0.18358802,6,true,16,16
34,nearfield_update,1895580,0.18358802,5,true,38,38
34,nearfield_update,1895581,0.18358802,5,true,50,50
34,nearfield_update,1895582,0.18358802,8,true,17,17
34,nearfield_update,1895583,0.18358802,6,true,39,39
34,nearfield_update,1895584,0.18358802,6,true,31,31
34,nearfield_update,1895585,0.18358802,6,true,2,2
34,nearfield_update,1895586,0.18358802,6,true,49,49
34,nearfield_update,1895587,0.18358802,6,true,63,63
34,nearfield_update,1895588,0.18358802,5,true,40,40
34,nearfield_update,1895589,0.18358802,6,true,25,25
34,nearfield_update,1895590,0.18358802,7,true,3,3
34,nearfield_update,1895591,0.18358802,6,true,41,41
34,nearfield_update,1895592,0.18358802,5,true,57,57
34,nearfield_update,1895593,0.18358802,0,true,16,16
34,nearfield_update,1895594,0.18358802,0,true,4,4
34,nearfield_update,1895595,0.18358802,0,true,48,48
34,nearfield_update,1895596,0.18358802,0,true,38,38
34,nearfield_update,1895597,0.18358802,0,true,5,5
34,nearfield_update,1895598,0.18358802,0,true,17,17
34,nearfield_update,1895599,0.18358802,0,true,62,62
35,fmm,1895572,0.073974596,7,true,9,9
35,fmm,1895577,0.073974596,0,true,1,1
35,fmm,1895578,0.073974596,7,true,8,8
35,fmm,1895579,0.073974596,7,true,16,16
35,fmm,1895580,0.073974596,7,true,38,38
35,fmm,1895581,0.073974596,7,true,50,50
35,fmm,1895582,0.073974596,6,true,17,17
35,fmm,1895583,0.073974596,6,true,39,39
35,fmm,1895584,0.073974596,6,true,31,31
35,fmm,1895585,0.073974596,6,true,2,2
35,fmm,1895586,0.073974596,6,true,49,49
35,fmm,1895587,0.073974596,6,true,63,63
35,fmm,1895588,0.073974596,7,true,40,40
35,fmm,1895589,0.073974596,6,true,25,25
35,fmm,1895590,0.073974596,6,true,3,3
35,fmm,1895591,0.073974596,6,true,41,41
35,fmm,1895592,0.073974596,4,true,57,57
35,fmm,1895593,0.073974596,0,true,16,16
35,fmm,1895594,0.073974596,0,true,4,4
35,fmm,1895595,0.073974596,0,true,48,48
35,fmm,1895596,0.073974596,0,true,38,38
35,fmm,1895597,0.073974596,0,true,5,5
35,fmm,1895598,0.073974596,0,true,17,17
35,fmm,1895599,0.073974596,0,true,62,62
36,influence_mapping,1895572,0.000466817,0,true,9,9
36,influence_mapping,1895577,0.000466817,0,true,1,1
36,influence_mapping,1895578,0.000466817,0,true,8,8
36,influence_mapping,1895579,0.000466817,0,true,16,16
36,influence_mapping,1895580,0.000466817,0,true,38,38
36,influence_mapping,1895581,0.000466817,0,true,50,50
36,influence_mapping,1895582,0.000466817,0,true,17,17
36,influence_mapping,1895583,0.000466817,0,true,39,39
36,influence_mapping,1895584,0.000466817,0,true,31,31
36,influence_mapping,1895585,0.000466817,0,true,2,2
36,influence_mapping,1895586,0.000466817,0,true,49,49
36,influence_mapping,1895587,0.000466817,0,true,63,63
36,influence_mapping,1895588,0.000466817,0,true,40,40
36,influence_mapping,1895589,0.000466817,0,true,25,25
36,influence_mapping,1895590,0.000466817,0,true,3,3
36,influence_mapping,1895591,0.000466817,0,true,41,41
36,influence_mapping,1895592,0.000466817,0,true,57,57
36,influence_mapping,1895593,0.000466817,0,true,16,16
36,influence_mapping,1895594,0.000466817,0,true,4,4
36,influence_mapping,1895595,0.000466817,0,true,48,48
36,influence_mapping,1895596,0.000466817,0,true,38,38
36,influence_mapping,1895597,0.000466817,0,true,5,5
36,influence_mapping,1895598,0.000466817,0,true,17,17
36,influence_mapping,1895599,0.000466817,0,true,62,62
37,residual,1895572,0.004635821,1,true,9,9
37,residual,1895577,0.004635821,0,true,1,1
37,residual,1895578,0.004635821,0,true,8,8
37,residual,1895579,0.004635821,0,true,16,16
37,residual,1895580,0.004635821,0,true,38,38
37,residual,1895581,0.004635821,0,true,50,50
37,residual,1895582,0.004635821,0,true,17,17
37,residual,1895583,0.004635821,0,true,39,39
37,residual,1895584,0.004635821,0,true,31,31
37,residual,1895585,0.004635821,0,true,2,2
37,residual,1895586,0.004635821,0,true,49,49
37,residual,1895587,0.004635821,0,true,63,63
37,residual,1895588,0.004635821,0,true,40,40
37,residual,1895589,0.004635821,0,true,25,25
37,residual,1895590,0.004635821,0,true,3,3
37,residual,1895591,0.004635821,0,true,41,41
37,residual,1895592,0.004635821,0,true,57,57
37,residual,1895593,0.004635821,0,true,16,16
37,residual,1895594,0.004635821,0,true,4,4
37,residual,1895595,0.004635821,0,true,48,48
37,residual,1895596,0.004635821,0,true,38,38
37,residual,1895597,0.004635821,0,true,5,5
37,residual,1895598,0.004635821,0,true,17,17
37,residual,1895599,0.004635821,0,true,62,62
38,nearfield_update,1895572,0.184033256,10,true,9,9
38,nearfield_update,1895577,0.184033256,0,true,1,1
38,nearfield_update,1895578,0.184033256,10,true,8,8
38,nearfield_update,1895579,0.184033256,6,true,16,16
38,nearfield_update,1895580,0.184033256,5,true,38,38
38,nearfield_update,1895581,0.184033256,6,true,50,50
38,nearfield_update,1895582,0.184033256,7,true,17,17
38,nearfield_update,1895583,0.184033256,7,true,39,39
38,nearfield_update,1895584,0.184033256,6,true,31,31
38,nearfield_update,1895585,0.184033256,6,true,2,2
38,nearfield_update,1895586,0.184033256,6,true,49,49
38,nearfield_update,1895587,0.184033256,5,true,63,63
38,nearfield_update,1895588,0.184033256,5,true,40,40
38,nearfield_update,1895589,0.184033256,6,true,25,25
38,nearfield_update,1895590,0.184033256,5,true,3,3
38,nearfield_update,1895591,0.184033256,5,true,41,41
38,nearfield_update,1895592,0.184033256,6,true,57,57
38,nearfield_update,1895593,0.184033256,0,true,16,16
38,nearfield_update,1895594,0.184033256,0,true,4,4
38,nearfield_update,1895595,0.184033256,0,true,48,48
38,nearfield_update,1895596,0.184033256,0,true,38,38
38,nearfield_update,1895597,0.184033256,0,true,5,5
38,nearfield_update,1895598,0.184033256,0,true,17,17
38,nearfield_update,1895599,0.184033256,0,true,62,62
39,fmm,1895572,0.074892099,7,true,9,9
39,fmm,1895577,0.074892099,0,true,1,1
39,fmm,1895578,0.074892099,7,true,8,8
39,fmm,1895579,0.074892099,7,true,16,16
39,fmm,1895580,0.074892099,7,true,38,38
39,fmm,1895581,0.074892099,6,true,50,50
39,fmm,1895582,0.074892099,6,true,17,17
39,fmm,1895583,0.074892099,6,true,39,39
39,fmm,1895584,0.074892099,6,true,31,31
39,fmm,1895585,0.074892099,6,true,2,2
39,fmm,1895586,0.074892099,7,true,49,49
39,fmm,1895587,0.074892099,6,true,63,63
39,fmm,1895588,0.074892099,6,true,40,40
39,fmm,1895589,0.074892099,6,true,25,25
39,fmm,1895590,0.074892099,7,true,3,3
39,fmm,1895591,0.074892099,6,true,41,41
39,fmm,1895592,0.074892099,4,true,57,57
39,fmm,1895593,0.074892099,0,true,16,16
39,fmm,1895594,0.074892099,0,true,4,4
39,fmm,1895595,0.074892099,0,true,48,48
39,fmm,1895596,0.074892099,0,true,38,38
39,fmm,1895597,0.074892099,0,true,5,5
39,fmm,1895598,0.074892099,0,true,17,17
39,fmm,1895599,0.074892099,0,true,62,62
40,influence_mapping,1895572,0.000476956,0,true,9,9
40,influence_mapping,1895577,0.000476956,0,true,1,1
40,influence_mapping,1895578,0.000476956,0,true,8,8
40,influence_mapping,1895579,0.000476956,0,true,16,16
40,influence_mapping,1895580,0.000476956,0,true,38,38
40,influence_mapping,1895581,0.000476956,0,true,50,50
40,influence_mapping,1895582,0.000476956,0,true,17,17
40,influence_mapping,1895583,0.000476956,0,true,39,39
40,influence_mapping,1895584,0.000476956,0,true,31,31
40,influence_mapping,1895585,0.000476956,0,true,2,2
40,influence_mapping,1895586,0.000476956,0,true,49,49
40,influence_mapping,1895587,0.000476956,0,true,63,63
40,influence_mapping,1895588,0.000476956,0,true,40,40
40,influence_mapping,1895589,0.000476956,0,true,25,25
40,influence_mapping,1895590,0.000476956,0,true,3,3
40,influence_mapping,1895591,0.000476956,0,true,41,41
40,influence_mapping,1895592,0.000476956,0,true,57,57
40,influence_mapping,1895593,0.000476956,0,true,16,16
40,influence_mapping,1895594,0.000476956,0,true,4,4
40,influence_mapping,1895595,0.000476956,0,true,48,48
40,influence_mapping,1895596,0.000476956,0,true,38,38
40,influence_mapping,1895597,0.000476956,0,true,5,5
40,influence_mapping,1895598,0.000476956,0,true,17,17
40,influence_mapping,1895599,0.000476956,0,true,62,62
41,residual,1895572,0.004621504,0,true,9,9
41,residual,1895577,0.004621504,0,true,1,1
41,residual,1895578,0.004621504,0,true,8,8
41,residual,1895579,0.004621504,0,true,16,16
41,residual,1895580,0.004621504,0,true,38,38
41,residual,1895581,0.004621504,0,true,50,50
41,residual,1895582,0.004621504,0,true,17,17
41,residual,1895583,0.004621504,0,true,39,39
41,residual,1895584,0.004621504,0,true,31,31
41,residual,1895585,0.004621504,0,true,2,2
41,residual,1895586,0.004621504,0,true,49,49
41,residual,1895587,0.004621504,0,true,63,63
41,residual,1895588,0.004621504,0,true,40,40
41,residual,1895589,0.004621504,0,true,25,25
41,residual,1895590,0.004621504,0,true,3,3
41,residual,1895591,0.004621504,0,true,41,41
41,residual,1895592,0.004621504,0,true,57,57
41,residual,1895593,0.004621504,0,true,16,16
41,residual,1895594,0.004621504,0,true,4,4
41,residual,1895595,0.004621504,0,true,48,48
41,residual,1895596,0.004621504,0,true,38,38
41,residual,1895597,0.004621504,0,true,5,5
41,residual,1895598,0.004621504,0,true,17,17
41,residual,1895599,0.004621504,0,true,62,62
42,nearfield_update,1895572,0.180541635,9,true,9,9
42,nearfield_update,1895577,0.180541635,0,true,1,1
42,nearfield_update,1895578,0.180541635,11,true,8,8
42,nearfield_update,1895579,0.180541635,7,true,16,16
42,nearfield_update,1895580,0.180541635,6,true,38,38
42,nearfield_update,1895581,0.180541635,7,true,50,50
42,nearfield_update,1895582,0.180541635,7,true,17,17
42,nearfield_update,1895583,0.180541635,7,true,39,39
42,nearfield_update,1895584,0.180541635,6,true,31,31
42,nearfield_update,1895585,0.180541635,8,true,2,2
42,nearfield_update,1895586,0.180541635,6,true,49,49
42,nearfield_update,1895587,0.180541635,6,true,63,63
42,nearfield_update,1895588,0.180541635,6,true,40,40
42,nearfield_update,1895589,0.180541635,6,true,25,25
42,nearfield_update,1895590,0.180541635,6,true,3,3
42,nearfield_update,1895591,0.180541635,6,true,41,41
42,nearfield_update,1895592,0.180541635,6,true,57,57
42,nearfield_update,1895593,0.180541635,0,true,16,16
42,nearfield_update,1895594,0.180541635,0,true,4,4
42,nearfield_update,1895595,0.180541635,0,true,48,48
42,nearfield_update,1895596,0.180541635,0,true,38,38
42,nearfield_update,1895597,0.180541635,0,true,5,5
42,nearfield_update,1895598,0.180541635,0,true,17,17
42,nearfield_update,1895599,0.180541635,0,true,62,62
43,fmm,1895572,0.075251315,7,true,9,9
43,fmm,1895577,0.075251315,0,true,1,1
43,fmm,1895578,0.075251315,6,true,8,8
43,fmm,1895579,0.075251315,7,true,16,16
43,fmm,1895580,0.075251315,6,true,38,38
43,fmm,1895581,0.075251315,7,true,50,50
43,fmm,1895582,0.075251315,7,true,17,17
43,fmm,1895583,0.075251315,6,true,39,39
43,fmm,1895584,0.075251315,6,true,31,31
43,fmm,1895585,0.075251315,6,true,2,2
43,fmm,1895586,0.075251315,7,true,49,49
43,fmm,1895587,0.075251315,6,true,63,63
43,fmm,1895588,0.075251315,6,true,40,40
43,fmm,1895589,0.075251315,6,true,25,25
43,fmm,1895590,0.075251315,7,true,3,3
43,fmm,1895591,0.075251315,6,true,41,41
43,fmm,1895592,0.075251315,5,true,57,57
43,fmm,1895593,0.075251315,0,true,16,16
43,fmm,1895594,0.075251315,0,true,4,4
43,fmm,1895595,0.075251315,0,true,48,48
43,fmm,1895596,0.075251315,0,true,38,38
43,fmm,1895597,0.075251315,0,true,5,5
43,fmm,1895598,0.075251315,0,true,17,17
43,fmm,1895599,0.075251315,0,true,62,62
44,influence_mapping,1895572,0.000554922,0,true,9,9
44,influence_mapping,1895577,0.000554922,0,true,1,1
44,influence_mapping,1895578,0.000554922,0,true,8,8
44,influence_mapping,1895579,0.000554922,0,true,16,16
44,influence_mapping,1895580,0.000554922,0,true,38,38
44,influence_mapping,1895581,0.000554922,0,true,50,50
44,influence_mapping,1895582,0.000554922,0,true,17,17
44,influence_mapping,1895583,0.000554922,0,true,39,39
44,influence_mapping,1895584,0.000554922,0,true,31,31
44,influence_mapping,1895585,0.000554922,0,true,2,2
44,influence_mapping,1895586,0.000554922,0,true,49,49
44,influence_mapping,1895587,0.000554922,0,true,63,63
44,influence_mapping,1895588,0.000554922,0,true,40,40
44,influence_mapping,1895589,0.000554922,0,true,25,25
44,influence_mapping,1895590,0.000554922,0,true,3,3
44,influence_mapping,1895591,0.000554922,0,true,41,41
44,influence_mapping,1895592,0.000554922,0,true,57,57
44,influence_mapping,1895593,0.000554922,0,true,16,16
44,influence_mapping,1895594,0.000554922,0,true,4,4
44,influence_mapping,1895595,0.000554922,0,true,48,48
44,influence_mapping,1895596,0.000554922,0,true,38,38
44,influence_mapping,1895597,0.000554922,0,true,5,5
44,influence_mapping,1895598,0.000554922,0,true,17,17
44,influence_mapping,1895599,0.000554922,0,true,62,62
45,residual,1895572,0.004626253,1,true,9,9
45,residual,1895577,0.004626253,0,true,1,1
45,residual,1895578,0.004626253,0,true,8,8
45,residual,1895579,0.004626253,0,true,16,16
45,residual,1895580,0.004626253,0,true,38,38
45,residual,1895581,0.004626253,0,true,50,50
45,residual,1895582,0.004626253,0,true,17,17
45,residual,1895583,0.004626253,0,true,39,39
45,residual,1895584,0.004626253,0,true,31,31
45,residual,1895585,0.004626253,0,true,2,2
45,residual,1895586,0.004626253,0,true,49,49
45,residual,1895587,0.004626253,0,true,63,63
45,residual,1895588,0.004626253,0,true,40,40
45,residual,1895589,0.004626253,0,true,25,25
45,residual,1895590,0.004626253,0,true,3,3
45,residual,1895591,0.004626253,0,true,41,41
45,residual,1895592,0.004626253,0,true,57,57
45,residual,1895593,0.004626253,0,true,16,16
45,residual,1895594,0.004626253,0,true,4,4
45,residual,1895595,0.004626253,0,true,48,48
45,residual,1895596,0.004626253,0,true,38,38
45,residual,1895597,0.004626253,0,true,5,5
45,residual,1895598,0.004626253,0,true,17,17
45,residual,1895599,0.004626253,0,true,62,62
46,nearfield_update,1895572,0.182788938,9,true,9,9
46,nearfield_update,1895577,0.182788938,0,true,1,1
46,nearfield_update,1895578,0.182788938,10,true,8,8
46,nearfield_update,1895579,0.182788938,7,true,16,16
46,nearfield_update,1895580,0.182788938,6,true,38,38
46,nearfield_update,1895581,0.182788938,5,true,50,50
46,nearfield_update,1895582,0.182788938,6,true,17,17
46,nearfield_update,1895583,0.182788938,5,true,39,39
46,nearfield_update,1895584,0.182788938,7,true,31,31
46,nearfield_update,1895585,0.182788938,6,true,2,2
46,nearfield_update,1895586,0.182788938,5,true,49,49
46,nearfield_update,1895587,0.182788938,5,true,63,63
46,nearfield_update,1895588,0.182788938,5,true,40,40
46,nearfield_update,1895589,0.182788938,7,true,25,25
46,nearfield_update,1895590,0.182788938,6,true,3,3
46,nearfield_update,1895591,0.182788938,6,true,41,41
46,nearfield_update,1895592,0.182788938,4,true,57,57
46,nearfield_update,1895593,0.182788938,0,true,16,16
46,nearfield_update,1895594,0.182788938,0,true,4,4
46,nearfield_update,1895595,0.182788938,0,true,48,48
46,nearfield_update,1895596,0.182788938,0,true,38,38
46,nearfield_update,1895597,0.182788938,0,true,5,5
46,nearfield_update,1895598,0.182788938,0,true,17,17
46,nearfield_update,1895599,0.182788938,0,true,62,62
47,fmm,1895572,0.075287032,8,true,9,9
47,fmm,1895577,0.075287032,0,true,1,1
47,fmm,1895578,0.075287032,7,true,8,8
47,fmm,1895579,0.075287032,7,true,16,16
47,fmm,1895580,0.075287032,6,true,38,38
47,fmm,1895581,0.075287032,7,true,50,50
47,fmm,1895582,0.075287032,7,true,17,17
47,fmm,1895583,0.075287032,7,true,39,39
47,fmm,1895584,0.075287032,7,true,31,31
47,fmm,1895585,0.075287032,7,true,2,2
47,fmm,1895586,0.075287032,7,true,49,49
47,fmm,1895587,0.075287032,6,true,63,63
47,fmm,1895588,0.075287032,7,true,40,40
47,fmm,1895589,0.075287032,6,true,25,25
47,fmm,1895590,0.075287032,7,true,3,3
47,fmm,1895591,0.075287032,6,true,41,41
47,fmm,1895592,0.075287032,5,true,57,57
47,fmm,1895593,0.075287032,0,true,16,16
47,fmm,1895594,0.075287032,0,true,4,4
47,fmm,1895595,0.075287032,0,true,48,48
47,fmm,1895596,0.075287032,0,true,38,38
47,fmm,1895597,0.075287032,0,true,5,5
47,fmm,1895598,0.075287032,0,true,17,17
47,fmm,1895599,0.075287032,0,true,62,62
48,influence_mapping,1895572,0.000519336,0,true,9,9
48,influence_mapping,1895577,0.000519336,0,true,1,1
48,influence_mapping,1895578,0.000519336,0,true,8,8
48,influence_mapping,1895579,0.000519336,0,true,16,16
48,influence_mapping,1895580,0.000519336,0,true,38,38
48,influence_mapping,1895581,0.000519336,0,true,50,50
48,influence_mapping,1895582,0.000519336,0,true,17,17
48,influence_mapping,1895583,0.000519336,0,true,39,39
48,influence_mapping,1895584,0.000519336,0,true,31,31
48,influence_mapping,1895585,0.000519336,0,true,2,2
48,influence_mapping,1895586,0.000519336,0,true,49,49
48,influence_mapping,1895587,0.000519336,0,true,63,63
48,influence_mapping,1895588,0.000519336,0,true,40,40
48,influence_mapping,1895589,0.000519336,0,true,25,25
48,influence_mapping,1895590,0.000519336,0,true,3,3
48,influence_mapping,1895591,0.000519336,0,true,41,41
48,influence_mapping,1895592,0.000519336,0,true,57,57
48,influence_mapping,1895593,0.000519336,0,true,16,16
48,influence_mapping,1895594,0.000519336,0,true,4,4
48,influence_mapping,1895595,0.000519336,0,true,48,48
48,influence_mapping,1895596,0.000519336,0,true,38,38
48,influence_mapping,1895597,0.000519336,0,true,5,5
48,influence_mapping,1895598,0.000519336,0,true,17,17
48,influence_mapping,1895599,0.000519336,0,true,62,62
49,residual,1895572,0.004639839,0,true,9,9
49,residual,1895577,0.004639839,0,true,1,1
49,residual,1895578,0.004639839,0,true,8,8
49,residual,1895579,0.004639839,0,true,16,16
49,residual,1895580,0.004639839,0,true,38,38
49,residual,1895581,0.004639839,0,true,50,50
49,residual,1895582,0.004639839,0,true,17,17
49,residual,1895583,0.004639839,0,true,39,39
49,residual,1895584,0.004639839,0,true,31,31
49,residual,1895585,0.004639839,0,true,2,2
49,residual,1895586,0.004639839,0,true,49,49
49,residual,1895587,0.004639839,0,true,63,63
49,residual,1895588,0.004639839,0,true,40,40
49,residual,1895589,0.004639839,0,true,25,25
49,residual,1895590,0.004639839,0,true,3,3
49,residual,1895591,0.004639839,0,true,41,41
49,residual,1895592,0.004639839,0,true,57,57
49,residual,1895593,0.004639839,0,true,16,16
49,residual,1895594,0.004639839,0,true,4,4
49,residual,1895595,0.004639839,0,true,48,48
49,residual,1895596,0.004639839,0,true,38,38
49,residual,1895597,0.004639839,0,true,5,5
49,residual,1895598,0.004639839,0,true,17,17
49,residual,1895599,0.004639839,0,true,62,62
50,nearfield_update,1895572,0.183303805,10,true,9,9
50,nearfield_update,1895577,0.183303805,0,true,1,1
50,nearfield_update,1895578,0.183303805,10,true,8,8
50,nearfield_update,1895579,0.183303805,6,true,16,16
50,nearfield_update,1895580,0.183303805,7,true,38,38
50,nearfield_update,1895581,0.183303805,6,true,50,50
50,nearfield_update,1895582,0.183303805,7,true,17,17
50,nearfield_update,1895583,0.183303805,5,true,39,39
50,nearfield_update,1895584,0.183303805,6,true,31,31
50,nearfield_update,1895585,0.183303805,5,true,2,2
50,nearfield_update,1895586,0.183303805,5,true,49,49
50,nearfield_update,1895587,0.183303805,5,true,63,63
50,nearfield_update,1895588,0.183303805,6,true,40,40
50,nearfield_update,1895589,0.183303805,6,true,25,25
50,nearfield_update,1895590,0.183303805,6,true,3,3
50,nearfield_update,1895591,0.183303805,6,true,41,41
50,nearfield_update,1895592,0.183303805,7,true,57,57
50,nearfield_update,1895593,0.183303805,0,true,16,16
50,nearfield_update,1895594,0.183303805,0,true,4,4
50,nearfield_update,1895595,0.183303805,0,true,48,48
50,nearfield_update,1895596,0.183303805,0,true,38,38
50,nearfield_update,1895597,0.183303805,0,true,5,5
50,nearfield_update,1895598,0.183303805,0,true,17,17
50,nearfield_update,1895599,0.183303805,0,true,62,62
51,fmm,1895572,0.075223643,8,true,9,9
51,fmm,1895577,0.075223643,0,true,1,1
51,fmm,1895578,0.075223643,7,true,8,8
51,fmm,1895579,0.075223643,7,true,16,16
51,fmm,1895580,0.075223643,7,true,38,38
51,fmm,1895581,0.075223643,7,true,50,50
51,fmm,1895582,0.075223643,7,true,17,17
51,fmm,1895583,0.075223643,7,true,39,39
51,fmm,1895584,0.075223643,6,true,31,31
51,fmm,1895585,0.075223643,7,true,2,2
51,fmm,1895586,0.075223643,6,true,49,49
51,fmm,1895587,0.075223643,7,true,63,63
51,fmm,1895588,0.075223643,7,true,40,40
51,fmm,1895589,0.075223643,7,true,25,25
51,fmm,1895590,0.075223643,6,true,3,3
51,fmm,1895591,0.075223643,7,true,41,41
51,fmm,1895592,0.075223643,5,true,57,57
51,fmm,1895593,0.075223643,0,true,16,16
51,fmm,1895594,0.075223643,0,true,4,4
51,fmm,1895595,0.075223643,0,true,48,48
51,fmm,1895596,0.075223643,0,true,38,38
51,fmm,1895597,0.075223643,0,true,5,5
51,fmm,1895598,0.075223643,0,true,17,17
51,fmm,1895599,0.075223643,0,true,62,62
52,influence_mapping,1895572,0.000529625,0,true,9,9
52,influence_mapping,1895577,0.000529625,0,true,1,1
52,influence_mapping,1895578,0.000529625,0,true,8,8
52,influence_mapping,1895579,0.000529625,0,true,16,16
52,influence_mapping,1895580,0.000529625,0,true,38,38
52,influence_mapping,1895581,0.000529625,0,true,50,50
52,influence_mapping,1895582,0.000529625,0,true,17,17
52,influence_mapping,1895583,0.000529625,0,true,39,39
52,influence_mapping,1895584,0.000529625,0,true,31,31
52,influence_mapping,1895585,0.000529625,0,true,2,2
52,influence_mapping,1895586,0.000529625,0,true,49,49
52,influence_mapping,1895587,0.000529625,0,true,63,63
52,influence_mapping,1895588,0.000529625,0,true,40,40
52,influence_mapping,1895589,0.000529625,0,true,25,25
52,influence_mapping,1895590,0.000529625,0,true,3,3
52,influence_mapping,1895591,0.000529625,0,true,41,41
52,influence_mapping,1895592,0.000529625,0,true,57,57
52,influence_mapping,1895593,0.000529625,0,true,16,16
52,influence_mapping,1895594,0.000529625,0,true,4,4
52,influence_mapping,1895595,0.000529625,0,true,48,48
52,influence_mapping,1895596,0.000529625,0,true,38,38
52,influence_mapping,1895597,0.000529625,0,true,5,5
52,influence_mapping,1895598,0.000529625,0,true,17,17
52,influence_mapping,1895599,0.000529625,0,true,62,62
53,residual,1895572,0.00463512,0,true,9,9
53,residual,1895577,0.00463512,0,true,1,1
53,residual,1895578,0.00463512,0,true,8,8
53,residual,1895579,0.00463512,0,true,16,16
53,residual,1895580,0.00463512,0,true,38,38
53,residual,1895581,0.00463512,0,true,50,50
53,residual,1895582,0.00463512,0,true,17,17
53,residual,1895583,0.00463512,0,true,39,39
53,residual,1895584,0.00463512,0,true,31,31
53,residual,1895585,0.00463512,0,true,2,2
53,residual,1895586,0.00463512,0,true,49,49
53,residual,1895587,0.00463512,0,true,63,63
53,residual,1895588,0.00463512,0,true,40,40
53,residual,1895589,0.00463512,0,true,25,25
53,residual,1895590,0.00463512,0,true,3,3
53,residual,1895591,0.00463512,0,true,41,41
53,residual,1895592,0.00463512,0,true,57,57
53,residual,1895593,0.00463512,0,true,16,16
53,residual,1895594,0.00463512,0,true,4,4
53,residual,1895595,0.00463512,0,true,48,48
53,residual,1895596,0.00463512,0,true,38,38
53,residual,1895597,0.00463512,0,true,5,5
53,residual,1895598,0.00463512,0,true,17,17
53,residual,1895599,0.00463512,0,true,62,62
54,nearfield_update,1895572,0.182434962,10,true,9,9
54,nearfield_update,1895577,0.182434962,0,true,1,1
54,nearfield_update,1895578,0.182434962,10,true,8,8
54,nearfield_update,1895579,0.182434962,6,true,16,16
54,nearfield_update,1895580,0.182434962,6,true,38,38
54,nearfield_update,1895581,0.182434962,5,true,50,50
54,nearfield_update,1895582,0.182434962,6,true,17,17
54,nearfield_update,1895583,0.182434962,6,true,39,39
54,nearfield_update,1895584,0.182434962,7,true,31,31
54,nearfield_update,1895585,0.182434962,6,true,2,2
54,nearfield_update,1895586,0.182434962,6,true,49,49
54,nearfield_update,1895587,0.182434962,5,true,63,63
54,nearfield_update,1895588,0.182434962,6,true,40,40
54,nearfield_update,1895589,0.182434962,8,true,25,25
54,nearfield_update,1895590,0.182434962,6,true,3,3
54,nearfield_update,1895591,0.182434962,5,true,41,41
54,nearfield_update,1895592,0.182434962,5,true,57,57
54,nearfield_update,1895593,0.182434962,0,true,16,16
54,nearfield_update,1895594,0.182434962,0,true,4,4
54,nearfield_update,1895595,0.182434962,0,true,48,48
54,nearfield_update,1895596,0.182434962,0,true,38,38
54,nearfield_update,1895597,0.182434962,0,true,5,5
54,nearfield_update,1895598,0.182434962,0,true,17,17
54,nearfield_update,1895599,0.182434962,0,true,62,62
55,fmm,1895572,0.075168408,7,true,9,9
55,fmm,1895577,0.075168408,0,true,1,1
55,fmm,1895578,0.075168408,7,true,8,8
55,fmm,1895579,0.075168408,7,true,16,16
55,fmm,1895580,0.075168408,6,true,38,38
55,fmm,1895581,0.075168408,7,true,50,50
55,fmm,1895582,0.075168408,6,true,17,17
55,fmm,1895583,0.075168408,6,true,39,39
55,fmm,1895584,0.075168408,6,true,31,31
55,fmm,1895585,0.075168408,6,true,2,2
55,fmm,1895586,0.075168408,6,true,49,49
55,fmm,1895587,0.075168408,7,true,63,63
55,fmm,1895588,0.075168408,6,true,40,40
55,fmm,1895589,0.075168408,6,true,25,25
55,fmm,1895590,0.075168408,6,true,3,3
55,fmm,1895591,0.075168408,6,true,41,41
55,fmm,1895592,0.075168408,5,true,57,57
55,fmm,1895593,0.075168408,0,true,16,16
55,fmm,1895594,0.075168408,0,true,4,4
55,fmm,1895595,0.075168408,0,true,48,48
55,fmm,1895596,0.075168408,0,true,38,38
55,fmm,1895597,0.075168408,0,true,5,5
55,fmm,1895598,0.075168408,0,true,17,17
55,fmm,1895599,0.075168408,0,true,62,62
56,influence_mapping,1895572,0.00053237,0,true,9,9
56,influence_mapping,1895577,0.00053237,0,true,1,1
56,influence_mapping,1895578,0.00053237,0,true,8,8
56,influence_mapping,1895579,0.00053237,0,true,16,16
56,influence_mapping,1895580,0.00053237,0,true,38,38
56,influence_mapping,1895581,0.00053237,0,true,50,50
56,influence_mapping,1895582,0.00053237,0,true,17,17
56,influence_mapping,1895583,0.00053237,0,true,39,39
56,influence_mapping,1895584,0.00053237,0,true,31,31
56,influence_mapping,1895585,0.00053237,0,true,2,2
56,influence_mapping,1895586,0.00053237,0,true,49,49
56,influence_mapping,1895587,0.00053237,0,true,63,63
56,influence_mapping,1895588,0.00053237,0,true,40,40
56,influence_mapping,1895589,0.00053237,0,true,25,25
56,influence_mapping,1895590,0.00053237,0,true,3,3
56,influence_mapping,1895591,0.00053237,0,true,41,41
56,influence_mapping,1895592,0.00053237,0,true,57,57
56,influence_mapping,1895593,0.00053237,0,true,16,16
56,influence_mapping,1895594,0.00053237,0,true,4,4
56,influence_mapping,1895595,0.00053237,0,true,48,48
56,influence_mapping,1895596,0.00053237,0,true,38,38
56,influence_mapping,1895597,0.00053237,0,true,5,5
56,influence_mapping,1895598,0.00053237,0,true,17,17
56,influence_mapping,1895599,0.00053237,0,true,62,62
57,residual,1895572,0.004658964,0,true,9,9
57,residual,1895577,0.004658964,0,true,1,1
57,residual,1895578,0.004658964,0,true,8,8
57,residual,1895579,0.004658964,0,true,16,16
57,residual,1895580,0.004658964,0,true,38,38
57,residual,1895581,0.004658964,0,true,50,50
57,residual,1895582,0.004658964,0,true,17,17
57,residual,1895583,0.004658964,0,true,39,39
57,residual,1895584,0.004658964,0,true,31,31
57,residual,1895585,0.004658964,0,true,2,2
57,residual,1895586,0.004658964,0,true,49,49
57,residual,1895587,0.004658964,0,true,63,63
57,residual,1895588,0.004658964,0,true,40,40
57,residual,1895589,0.004658964,0,true,25,25
57,residual,1895590,0.004658964,0,true,3,3
57,residual,1895591,0.004658964,0,true,41,41
57,residual,1895592,0.004658964,0,true,57,57
57,residual,1895593,0.004658964,0,true,16,16
57,residual,1895594,0.004658964,0,true,4,4
57,residual,1895595,0.004658964,0,true,48,48
57,residual,1895596,0.004658964,0,true,38,38
57,residual,1895597,0.004658964,0,true,5,5
57,residual,1895598,0.004658964,0,true,17,17
57,residual,1895599,0.004658964,0,true,62,62
58,nearfield_update,1895572,0.18285906,10,true,9,9
58,nearfield_update,1895577,0.18285906,0,true,1,1
58,nearfield_update,1895578,0.18285906,10,true,8,8
58,nearfield_update,1895579,0.18285906,7,true,16,16
58,nearfield_update,1895580,0.18285906,6,true,38,38
58,nearfield_update,1895581,0.18285906,5,true,50,50
58,nearfield_update,1895582,0.18285906,6,true,17,17
58,nearfield_update,1895583,0.18285906,6,true,39,39
58,nearfield_update,1895584,0.18285906,7,true,31,31
58,nearfield_update,1895585,0.18285906,7,true,2,2
58,nearfield_update,1895586,0.18285906,7,true,49,49
58,nearfield_update,1895587,0.18285906,6,true,63,63
58,nearfield_update,1895588,0.18285906,5,true,40,40
58,nearfield_update,1895589,0.18285906,6,true,25,25
58,nearfield_update,1895590,0.18285906,7,true,3,3
58,nearfield_update,1895591,0.18285906,6,true,41,41
58,nearfield_update,1895592,0.18285906,6,true,57,57
58,nearfield_update,1895593,0.18285906,0,true,16,16
58,nearfield_update,1895594,0.18285906,0,true,4,4
58,nearfield_update,1895595,0.18285906,0,true,48,48
58,nearfield_update,1895596,0.18285906,0,true,38,38
58,nearfield_update,1895597,0.18285906,0,true,5,5
58,nearfield_update,1895598,0.18285906,0,true,17,17
58,nearfield_update,1895599,0.18285906,0,true,62,62
59,fmm,1895572,0.076081565,7,true,9,9
59,fmm,1895577,0.076081565,0,true,1,1
59,fmm,1895578,0.076081565,7,true,8,8
59,fmm,1895579,0.076081565,7,true,16,16
59,fmm,1895580,0.076081565,7,true,38,38
59,fmm,1895581,0.076081565,7,true,50,50
59,fmm,1895582,0.076081565,7,true,17,17
59,fmm,1895583,0.076081565,6,true,39,39
59,fmm,1895584,0.076081565,6,true,31,31
59,fmm,1895585,0.076081565,7,true,2,2
59,fmm,1895586,0.076081565,6,true,49,49
59,fmm,1895587,0.076081565,6,true,63,63
59,fmm,1895588,0.076081565,6,true,40,40
59,fmm,1895589,0.076081565,7,true,25,25
59,fmm,1895590,0.076081565,6,true,3,3
59,fmm,1895591,0.076081565,6,true,41,41
59,fmm,1895592,0.076081565,5,true,57,57
59,fmm,1895593,0.076081565,0,true,16,16
59,fmm,1895594,0.076081565,0,true,4,4
59,fmm,1895595,0.076081565,0,true,48,48
59,fmm,1895596,0.076081565,0,true,38,38
59,fmm,1895597,0.076081565,0,true,5,5
59,fmm,1895598,0.076081565,0,true,17,17
59,fmm,1895599,0.076081565,0,true,62,62
60,influence_mapping,1895572,0.000534915,0,true,9,9
60,influence_mapping,1895577,0.000534915,0,true,1,1
60,influence_mapping,1895578,0.000534915,0,true,8,8
60,influence_mapping,1895579,0.000534915,0,true,16,16
60,influence_mapping,1895580,0.000534915,0,true,38,38
60,influence_mapping,1895581,0.000534915,0,true,50,50
60,influence_mapping,1895582,0.000534915,0,true,17,17
60,influence_mapping,1895583,0.000534915,0,true,39,39
60,influence_mapping,1895584,0.000534915,0,true,31,31
60,influence_mapping,1895585,0.000534915,0,true,2,2
60,influence_mapping,1895586,0.000534915,0,true,49,49
60,influence_mapping,1895587,0.000534915,0,true,63,63
60,influence_mapping,1895588,0.000534915,0,true,40,40
60,influence_mapping,1895589,0.000534915,0,true,25,25
60,influence_mapping,1895590,0.000534915,0,true,3,3
60,influence_mapping,1895591,0.000534915,0,true,41,41
60,influence_mapping,1895592,0.000534915,0,true,57,57
60,influence_mapping,1895593,0.000534915,0,true,16,16
60,influence_mapping,1895594,0.000534915,0,true,4,4
60,influence_mapping,1895595,0.000534915,0,true,48,48
60,influence_mapping,1895596,0.000534915,0,true,38,38
60,influence_mapping,1895597,0.000534915,0,true,5,5
60,influence_mapping,1895598,0.000534915,0,true,17,17
60,influence_mapping,1895599,0.000534915,0,true,62,62
61,residual,1895572,0.004649397,0,true,9,9
61,residual,1895577,0.004649397,0,true,1,1
61,residual,1895578,0.004649397,0,true,8,8
61,residual,1895579,0.004649397,0,true,16,16
61,residual,1895580,0.004649397,0,true,38,38
61,residual,1895581,0.004649397,0,true,50,50
61,residual,1895582,0.004649397,0,true,17,17
61,residual,1895583,0.004649397,0,true,39,39
61,residual,1895584,0.004649397,0,true,31,31
61,residual,1895585,0.004649397,0,true,2,2
61,residual,1895586,0.004649397,0,true,49,49
61,residual,1895587,0.004649397,0,true,63,63
61,residual,1895588,0.004649397,0,true,40,40
61,residual,1895589,0.004649397,0,true,25,25
61,residual,1895590,0.004649397,0,true,3,3
61,residual,1895591,0.004649397,0,true,41,41
61,residual,1895592,0.004649397,0,true,57,57
61,residual,1895593,0.004649397,0,true,16,16
61,residual,1895594,0.004649397,0,true,4,4
61,residual,1895595,0.004649397,0,true,48,48
61,residual,1895596,0.004649397,0,true,38,38
61,residual,1895597,0.004649397,0,true,5,5
61,residual,1895598,0.004649397,0,true,17,17
61,residual,1895599,0.004649397,0,true,62,62
62,nearfield_update,1895572,0.181951965,11,true,9,9
62,nearfield_update,1895577,0.181951965,0,true,1,1
62,nearfield_update,1895578,0.181951965,10,true,8,8
62,nearfield_update,1895579,0.181951965,6,true,16,16
62,nearfield_update,1895580,0.181951965,5,true,38,38
62,nearfield_update,1895581,0.181951965,6,true,50,50
62,nearfield_update,1895582,0.181951965,6,true,17,17
62,nearfield_update,1895583,0.181951965,6,true,39,39
62,nearfield_update,1895584,0.181951965,7,true,31,31
62,nearfield_update,1895585,0.181951965,6,true,2,2
62,nearfield_update,1895586,0.181951965,5,true,49,49
62,nearfield_update,1895587,0.181951965,6,true,63,63
62,nearfield_update,1895588,0.181951965,6,true,40,40
62,nearfield_update,1895589,0.181951965,5,true,25,25
62,nearfield_update,1895590,0.181951965,6,true,3,3
62,nearfield_update,1895591,0.181951965,5,true,41,41
62,nearfield_update,1895592,0.181951965,5,true,57,57
62,nearfield_update,1895593,0.181951965,0,true,16,16
62,nearfield_update,1895594,0.181951965,0,true,4,4
62,nearfield_update,1895595,0.181951965,0,true,48,48
62,nearfield_update,1895596,0.181951965,0,true,38,38
62,nearfield_update,1895597,0.181951965,0,true,5,5
62,nearfield_update,1895598,0.181951965,0,true,17,17
62,nearfield_update,1895599,0.181951965,0,true,62,62
63,fmm,1895572,0.077377059,7,true,9,9
63,fmm,1895577,0.077377059,0,true,1,1
63,fmm,1895578,0.077377059,7,true,8,8
63,fmm,1895579,0.077377059,7,true,16,16
63,fmm,1895580,0.077377059,7,true,38,38
63,fmm,1895581,0.077377059,7,true,50,50
63,fmm,1895582,0.077377059,7,true,17,17
63,fmm,1895583,0.077377059,6,true,39,39
63,fmm,1895584,0.077377059,6,true,31,31
63,fmm,1895585,0.077377059,6,true,2,2
63,fmm,1895586,0.077377059,6,true,49,49
63,fmm,1895587,0.077377059,7,true,63,63
63,fmm,1895588,0.077377059,7,true,40,40
63,fmm,1895589,0.077377059,7,true,25,25
63,fmm,1895590,0.077377059,7,true,3,3
63,fmm,1895591,0.077377059,7,true,41,41
63,fmm,1895592,0.077377059,5,true,57,57
63,fmm,1895593,0.077377059,0,true,16,16
63,fmm,1895594,0.077377059,0,true,4,4
63,fmm,1895595,0.077377059,0,true,48,48
63,fmm,1895596,0.077377059,0,true,38,38
63,fmm,1895597,0.077377059,0,true,5,5
63,fmm,1895598,0.077377059,0,true,17,17
63,fmm,1895599,0.077377059,0,true,62,62
64,influence_mapping,1895572,0.00060157,0,true,9,9
64,influence_mapping,1895577,0.00060157,0,true,1,1
64,influence_mapping,1895578,0.00060157,0,true,8,8
64,influence_mapping,1895579,0.00060157,0,true,16,16
64,influence_mapping,1895580,0.00060157,0,true,38,38
64,influence_mapping,1895581,0.00060157,0,true,50,50
64,influence_mapping,1895582,0.00060157,0,true,17,17
64,influence_mapping,1895583,0.00060157,0,true,39,39
64,influence_mapping,1895584,0.00060157,0,true,31,31
64,influence_mapping,1895585,0.00060157,0,true,2,2
64,influence_mapping,1895586,0.00060157,0,true,49,49
64,influence_mapping,1895587,0.00060157,0,true,63,63
64,influence_mapping,1895588,0.00060157,0,true,40,40
64,influence_mapping,1895589,0.00060157,0,true,25,25
64,influence_mapping,1895590,0.00060157,0,true,3,3
64,influence_mapping,1895591,0.00060157,0,true,41,41
64,influence_mapping,1895592,0.00060157,0,true,57,57
64,influence_mapping,1895593,0.00060157,0,true,16,16
64,influence_mapping,1895594,0.00060157,0,true,4,4
64,influence_mapping,1895595,0.00060157,0,true,48,48
64,influence_mapping,1895596,0.00060157,0,true,38,38
64,influence_mapping,1895597,0.00060157,0,true,5,5
64,influence_mapping,1895598,0.00060157,0,true,17,17
64,influence_mapping,1895599,0.00060157,0,true,62,62
65,residual,1895572,0.005086247,1,true,9,9
65,residual,1895577,0.005086247,0,true,1,1
65,residual,1895578,0.005086247,0,true,8,8
65,residual,1895579,0.005086247,0,true,16,16
65,residual,1895580,0.005086247,0,true,38,38
65,residual,1895581,0.005086247,0,true,50,50
65,residual,1895582,0.005086247,0,true,17,17
65,residual,1895583,0.005086247,0,true,39,39
65,residual,1895584,0.005086247,0,true,31,31
65,residual,1895585,0.005086247,0,true,2,2
65,residual,1895586,0.005086247,0,true,49,49
65,residual,1895587,0.005086247,0,true,63,63
65,residual,1895588,0.005086247,0,true,40,40
65,residual,1895589,0.005086247,0,true,25,25
65,residual,1895590,0.005086247,0,true,3,3
65,residual,1895591,0.005086247,0,true,41,41
65,residual,1895592,0.005086247,0,true,57,57
65,residual,1895593,0.005086247,0,true,16,16
65,residual,1895594,0.005086247,0,true,4,4
65,residual,1895595,0.005086247,0,true,48,48
65,residual,1895596,0.005086247,0,true,38,38
65,residual,1895597,0.005086247,0,true,5,5
65,residual,1895598,0.005086247,0,true,17,17
65,residual,1895599,0.005086247,0,true,62,62
66,nearfield_update,1895572,0.182660987,9,true,9,9
66,nearfield_update,1895577,0.182660987,0,true,1,1
66,nearfield_update,1895578,0.182660987,10,true,8,8
66,nearfield_update,1895579,0.182660987,7,true,16,16
66,nearfield_update,1895580,0.182660987,6,true,38,38
66,nearfield_update,1895581,0.182660987,6,true,50,50
66,nearfield_update,1895582,0.182660987,7,true,17,17
66,nearfield_update,1895583,0.182660987,7,true,39,39
66,nearfield_update,1895584,0.182660987,7,true,31,31
66,nearfield_update,1895585,0.182660987,8,true,2,2
66,nearfield_update,1895586,0.182660987,6,true,49,49
66,nearfield_update,1895587,0.182660987,5,true,63,63
66,nearfield_update,1895588,0.182660987,5,true,40,40
66,nearfield_update,1895589,0.182660987,7,true,25,25
66,nearfield_update,1895590,0.182660987,6,true,3,3
66,nearfield_update,1895591,0.182660987,5,true,41,41
66,nearfield_update,1895592,0.182660987,6,true,57,57
66,nearfield_update,1895593,0.182660987,0,true,16,16
66,nearfield_update,1895594,0.182660987,0,true,4,4
66,nearfield_update,1895595,0.182660987,0,true,48,48
66,nearfield_update,1895596,0.182660987,0,true,38,38
66,nearfield_update,1895597,0.182660987,0,true,5,5
66,nearfield_update,1895598,0.182660987,0,true,17,17
66,nearfield_update,1895599,0.182660987,0,true,62,62
67,fmm,1895572,0.101328576,10,true,9,9
67,fmm,1895577,0.101328576,0,true,1,1
67,fmm,1895578,0.101328576,7,true,8,8
67,fmm,1895579,0.101328576,6,true,16,16
67,fmm,1895580,0.101328576,7,true,38,38
67,fmm,1895581,0.101328576,6,true,50,50
67,fmm,1895582,0.101328576,6,true,17,17
67,fmm,1895583,0.101328576,6,true,39,39
67,fmm,1895584,0.101328576,6,true,31,31
67,fmm,1895585,0.101328576,6,true,2,2
67,fmm,1895586,0.101328576,7,true,49,49
67,fmm,1895587,0.101328576,6,true,63,63
67,fmm,1895588,0.101328576,7,true,40,40
67,fmm,1895589,0.101328576,6,true,25,25
67,fmm,1895590,0.101328576,6,true,3,3
67,fmm,1895591,0.101328576,6,true,41,41
67,fmm,1895592,0.101328576,5,true,57,57
67,fmm,1895593,0.101328576,1,true,16,16
67,fmm,1895594,0.101328576,1,true,4,4
67,fmm,1895595,0.101328576,1,true,48,48
67,fmm,1895596,0.101328576,1,true,38,38
67,fmm,1895597,0.101328576,1,true,5,5
67,fmm,1895598,0.101328576,1,true,17,17
67,fmm,1895599,0.101328576,1,true,62,62
68,influence_mapping,1895572,0.00050015,0,true,9,9
68,influence_mapping,1895577,0.00050015,0,true,1,1
68,influence_mapping,1895578,0.00050015,0,true,8,8
68,influence_mapping,1895579,0.00050015,0,true,16,16
68,influence_mapping,1895580,0.00050015,0,true,38,38
68,influence_mapping,1895581,0.00050015,0,true,50,50
68,influence_mapping,1895582,0.00050015,0,true,17,17
68,influence_mapping,1895583,0.00050015,0,true,39,39
68,influence_mapping,1895584,0.00050015,0,true,31,31
68,influence_mapping,1895585,0.00050015,0,true,2,2
68,influence_mapping,1895586,0.00050015,0,true,49,49
68,influence_mapping,1895587,0.00050015,0,true,63,63
68,influence_mapping,1895588,0.00050015,0,true,40,40
68,influence_mapping,1895589,0.00050015,0,true,25,25
68,influence_mapping,1895590,0.00050015,0,true,3,3
68,influence_mapping,1895591,0.00050015,0,true,41,41
68,influence_mapping,1895592,0.00050015,0,true,57,57
68,influence_mapping,1895593,0.00050015,0,true,16,16
68,influence_mapping,1895594,0.00050015,0,true,4,4
68,influence_mapping,1895595,0.00050015,0,true,48,48
68,influence_mapping,1895596,0.00050015,0,true,38,38
68,influence_mapping,1895597,0.00050015,0,true,5,5
68,influence_mapping,1895598,0.00050015,0,true,17,17
68,influence_mapping,1895599,0.00050015,0,true,62,62
69,residual,1895572,0.004671589,0,true,9,9
69,residual,1895577,0.004671589,0,true,1,1
69,residual,1895578,0.004671589,0,true,8,8
69,residual,1895579,0.004671589,0,true,16,16
69,residual,1895580,0.004671589,0,true,38,38
69,residual,1895581,0.004671589,0,true,50,50
69,residual,1895582,0.004671589,0,true,17,17
69,residual,1895583,0.004671589,0,true,39,39
69,residual,1895584,0.004671589,0,true,31,31
69,residual,1895585,0.004671589,0,true,2,2
69,residual,1895586,0.004671589,0,true,49,49
69,residual,1895587,0.004671589,0,true,63,63
69,residual,1895588,0.004671589,0,true,40,40
69,residual,1895589,0.004671589,0,true,25,25
69,residual,1895590,0.004671589,0,true,3,3
69,residual,1895591,0.004671589,0,true,41,41
69,residual,1895592,0.004671589,0,true,57,57
69,residual,1895593,0.004671589,0,true,16,16
69,residual,1895594,0.004671589,0,true,4,4
69,residual,1895595,0.004671589,0,true,48,48
69,residual,1895596,0.004671589,0,true,38,38
69,residual,1895597,0.004671589,0,true,5,5
69,residual,1895598,0.004671589,0,true,17,17
69,residual,1895599,0.004671589,0,true,62,62
70,nearfield_update,1895572,0.184069093,10,true,9,9
70,nearfield_update,1895577,0.184069093,0,true,1,1
70,nearfield_update,1895578,0.184069093,11,true,8,8
70,nearfield_update,1895579,0.184069093,7,true,16,16
70,nearfield_update,1895580,0.184069093,6,true,38,38
70,nearfield_update,1895581,0.184069093,6,true,50,50
70,nearfield_update,1895582,0.184069093,6,true,17,17
70,nearfield_update,1895583,0.184069093,6,true,39,39
70,nearfield_update,1895584,0.184069093,6,true,31,31
70,nearfield_update,1895585,0.184069093,6,true,2,2
70,nearfield_update,1895586,0.184069093,5,true,49,49
70,nearfield_update,1895587,0.184069093,6,true,63,63
70,nearfield_update,1895588,0.184069093,5,true,40,40
70,nearfield_update,1895589,0.184069093,7,true,25,25
70,nearfield_update,1895590,0.184069093,7,true,3,3
70,nearfield_update,1895591,0.184069093,6,true,41,41
70,nearfield_update,1895592,0.184069093,5,true,57,57
70,nearfield_update,1895593,0.184069093,0,true,16,16
70,nearfield_update,1895594,0.184069093,0,true,4,4
70,nearfield_update,1895595,0.184069093,0,true,48,48
70,nearfield_update,1895596,0.184069093,0,true,38,38
70,nearfield_update,1895597,0.184069093,0,true,5,5
70,nearfield_update,1895598,0.184069093,0,true,17,17
70,nearfield_update,1895599,0.184069093,0,true,62,62
71,fmm,1895572,0.074171235,7,true,9,9
71,fmm,1895577,0.074171235,0,true,1,1
71,fmm,1895578,0.074171235,7,true,8,8
71,fmm,1895579,0.074171235,7,true,16,16
71,fmm,1895580,0.074171235,6,true,38,38
71,fmm,1895581,0.074171235,6,true,50,50
71,fmm,1895582,0.074171235,7,true,17,17
71,fmm,1895583,0.074171235,6,true,39,39
71,fmm,1895584,0.074171235,7,true,31,31
71,fmm,1895585,0.074171235,6,true,2,2
71,fmm,1895586,0.074171235,7,true,49,49
71,fmm,1895587,0.074171235,6,true,63,63
71,fmm,1895588,0.074171235,7,true,40,40
71,fmm,1895589,0.074171235,6,true,25,25
71,fmm,1895590,0.074171235,6,true,3,3
71,fmm,1895591,0.074171235,6,true,41,41
71,fmm,1895592,0.074171235,5,true,57,57
71,fmm,1895593,0.074171235,0,true,16,16
71,fmm,1895594,0.074171235,0,true,4,4
71,fmm,1895595,0.074171235,0,true,48,48
71,fmm,1895596,0.074171235,0,true,38,38
71,fmm,1895597,0.074171235,0,true,5,5
71,fmm,1895598,0.074171235,0,true,17,17
71,fmm,1895599,0.074171235,0,true,62,62
72,influence_mapping,1895572,0.000482777,0,true,9,9
72,influence_mapping,1895577,0.000482777,0,true,1,1
72,influence_mapping,1895578,0.000482777,0,true,8,8
72,influence_mapping,1895579,0.000482777,0,true,16,16
72,influence_mapping,1895580,0.000482777,0,true,38,38
72,influence_mapping,1895581,0.000482777,0,true,50,50
72,influence_mapping,1895582,0.000482777,0,true,17,17
72,influence_mapping,1895583,0.000482777,0,true,39,39
72,influence_mapping,1895584,0.000482777,0,true,31,31
72,influence_mapping,1895585,0.000482777,0,true,2,2
72,influence_mapping,1895586,0.000482777,0,true,49,49
72,influence_mapping,1895587,0.000482777,0,true,63,63
72,influence_mapping,1895588,0.000482777,0,true,40,40
72,influence_mapping,1895589,0.000482777,0,true,25,25
72,influence_mapping,1895590,0.000482777,0,true,3,3
72,influence_mapping,1895591,0.000482777,0,true,41,41
72,influence_mapping,1895592,0.000482777,0,true,57,57
72,influence_mapping,1895593,0.000482777,0,true,16,16
72,influence_mapping,1895594,0.000482777,0,true,4,4
72,influence_mapping,1895595,0.000482777,0,true,48,48
72,influence_mapping,1895596,0.000482777,0,true,38,38
72,influence_mapping,1895597,0.000482777,0,true,5,5
72,influence_mapping,1895598,0.000482777,0,true,17,17
72,influence_mapping,1895599,0.000482777,0,true,62,62
73,residual,1895572,0.004636743,1,true,9,9
73,residual,1895577,0.004636743,0,true,1,1
73,residual,1895578,0.004636743,0,true,8,8
73,residual,1895579,0.004636743,0,true,16,16
73,residual,1895580,0.004636743,0,true,38,38
73,residual,1895581,0.004636743,0,true,50,50
73,residual,1895582,0.004636743,0,true,17,17
73,residual,1895583,0.004636743,0,true,39,39
73,residual,1895584,0.004636743,0,true,31,31
73,residual,1895585,0.004636743,0,true,2,2
73,residual,1895586,0.004636743,0,true,49,49
73,residual,1895587,0.004636743,0,true,63,63
73,residual,1895588,0.004636743,0,true,40,40
73,residual,1895589,0.004636743,0,true,25,25
73,residual,1895590,0.004636743,0,true,3,3
73,residual,1895591,0.004636743,0,true,41,41
73,residual,1895592,0.004636743,0,true,57,57
73,residual,1895593,0.004636743,0,true,16,16
73,residual,1895594,0.004636743,0,true,4,4
73,residual,1895595,0.004636743,0,true,48,48
73,residual,1895596,0.004636743,0,true,38,38
73,residual,1895597,0.004636743,0,true,5,5
73,residual,1895598,0.004636743,0,true,17,17
73,residual,1895599,0.004636743,0,true,62,62
74,nearfield_update,1895572,0.1850516,10,true,9,9
74,nearfield_update,1895577,0.1850516,0,true,1,1
74,nearfield_update,1895578,0.1850516,10,true,8,8
74,nearfield_update,1895579,0.1850516,6,true,16,16
74,nearfield_update,1895580,0.1850516,6,true,38,38
74,nearfield_update,1895581,0.1850516,6,true,50,50
74,nearfield_update,1895582,0.1850516,5,true,17,17
74,nearfield_update,1895583,0.1850516,6,true,39,39
74,nearfield_update,1895584,0.1850516,5,true,31,31
74,nearfield_update,1895585,0.1850516,7,true,2,2
74,nearfield_update,1895586,0.1850516,5,true,49,49
74,nearfield_update,1895587,0.1850516,6,true,63,63
74,nearfield_update,1895588,0.1850516,6,true,40,40
74,nearfield_update,1895589,0.1850516,6,true,25,25
74,nearfield_update,1895590,0.1850516,5,true,3,3
74,nearfield_update,1895591,0.1850516,5,true,41,41
74,nearfield_update,1895592,0.1850516,6,true,57,57
74,nearfield_update,1895593,0.1850516,0,true,16,16
74,nearfield_update,1895594,0.1850516,0,true,4,4
74,nearfield_update,1895595,0.1850516,0,true,48,48
74,nearfield_update,1895596,0.1850516,0,true,38,38
74,nearfield_update,1895597,0.1850516,0,true,5,5
74,nearfield_update,1895598,0.1850516,0,true,17,17
74,nearfield_update,1895599,0.1850516,0,true,62,62
75,fmm,1895572,0.075491957,7,true,9,9
75,fmm,1895577,0.075491957,0,true,1,1
75,fmm,1895578,0.075491957,6,true,8,8
75,fmm,1895579,0.075491957,7,true,16,16
75,fmm,1895580,0.075491957,7,true,38,38
75,fmm,1895581,0.075491957,7,true,50,50
75,fmm,1895582,0.075491957,7,true,17,17
75,fmm,1895583,0.075491957,6,true,39,39
75,fmm,1895584,0.075491957,7,true,31,31
75,fmm,1895585,0.075491957,6,true,2,2
75,fmm,1895586,0.075491957,7,true,49,49
75,fmm,1895587,0.075491957,6,true,63,63
75,fmm,1895588,0.075491957,6,true,40,40
75,fmm,1895589,0.075491957,6,true,25,25
75,fmm,1895590,0.075491957,7,true,3,3
75,fmm,1895591,0.075491957,6,true,41,41
75,fmm,1895592,0.075491957,5,true,57,57
75,fmm,1895593,0.075491957,0,true,16,16
75,fmm,1895594,0.075491957,0,true,4,4
75,fmm,1895595,0.075491957,0,true,48,48
75,fmm,1895596,0.075491957,0,true,38,38
75,fmm,1895597,0.075491957,0,true,5,5
75,fmm,1895598,0.075491957,0,true,17,17
75,fmm,1895599,0.075491957,0,true,62,62
76,influence_mapping,1895572,0.000475924,0,true,9,9
76,influence_mapping,1895577,0.000475924,0,true,1,1
76,influence_mapping,1895578,0.000475924,0,true,8,8
76,influence_mapping,1895579,0.000475924,0,true,16,16
76,influence_mapping,1895580,0.000475924,0,true,38,38
76,influence_mapping,1895581,0.000475924,0,true,50,50
76,influence_mapping,1895582,0.000475924,0,true,17,17
76,influence_mapping,1895583,0.000475924,0,true,39,39
76,influence_mapping,1895584,0.000475924,0,true,31,31
76,influence_mapping,1895585,0.000475924,0,true,2,2
76,influence_mapping,1895586,0.000475924,0,true,49,49
76,influence_mapping,1895587,0.000475924,0,true,63,63
76,influence_mapping,1895588,0.000475924,0,true,40,40
76,influence_mapping,1895589,0.000475924,0,true,25,25
76,influence_mapping,1895590,0.000475924,0,true,3,3
76,influence_mapping,1895591,0.000475924,0,true,41,41
76,influence_mapping,1895592,0.000475924,0,true,57,57
76,influence_mapping,1895593,0.000475924,0,true,16,16
76,influence_mapping,1895594,0.000475924,0,true,4,4
76,influence_mapping,1895595,0.000475924,0,true,48,48
76,influence_mapping,1895596,0.000475924,0,true,38,38
76,influence_mapping,1895597,0.000475924,0,true,5,5
76,influence_mapping,1895598,0.000475924,0,true,17,17
76,influence_mapping,1895599,0.000475924,0,true,62,62
77,residual,1895572,0.004649407,0,true,9,9
77,residual,1895577,0.004649407,0,true,1,1
77,residual,1895578,0.004649407,0,true,8,8
77,residual,1895579,0.004649407,0,true,16,16
77,residual,1895580,0.004649407,0,true,38,38
77,residual,1895581,0.004649407,0,true,50,50
77,residual,1895582,0.004649407,0,true,17,17
77,residual,1895583,0.004649407,0,true,39,39
77,residual,1895584,0.004649407,0,true,31,31
77,residual,1895585,0.004649407,0,true,2,2
77,residual,1895586,0.004649407,0,true,49,49
77,residual,1895587,0.004649407,0,true,63,63
77,residual,1895588,0.004649407,0,true,40,40
77,residual,1895589,0.004649407,0,true,25,25
77,residual,1895590,0.004649407,0,true,3,3
77,residual,1895591,0.004649407,0,true,41,41
77,residual,1895592,0.004649407,0,true,57,57
77,residual,1895593,0.004649407,0,true,16,16
77,residual,1895594,0.004649407,0,true,4,4
77,residual,1895595,0.004649407,0,true,48,48
77,residual,1895596,0.004649407,0,true,38,38
77,residual,1895597,0.004649407,0,true,5,5
77,residual,1895598,0.004649407,0,true,17,17
77,residual,1895599,0.004649407,0,true,62,62
78,nearfield_update,1895572,0.18344464,10,true,9,9
78,nearfield_update,1895577,0.18344464,0,true,1,1
78,nearfield_update,1895578,0.18344464,11,true,8,8
78,nearfield_update,1895579,0.18344464,6,true,16,16
78,nearfield_update,1895580,0.18344464,5,true,38,38
78,nearfield_update,1895581,0.18344464,6,true,50,50
78,nearfield_update,1895582,0.18344464,6,true,17,17
78,nearfield_update,1895583,0.18344464,6,true,39,39
78,nearfield_update,1895584,0.18344464,7,true,31,31
78,nearfield_update,1895585,0.18344464,6,true,2,2
78,nearfield_update,1895586,0.18344464,5,true,49,49
78,nearfield_update,1895587,0.18344464,5,true,63,63
78,nearfield_update,1895588,0.18344464,5,true,40,40
78,nearfield_update,1895589,0.18344464,8,true,25,25
78,nearfield_update,1895590,0.18344464,6,true,3,3
78,nearfield_update,1895591,0.18344464,7,true,41,41
78,nearfield_update,1895592,0.18344464,4,true,57,57
78,nearfield_update,1895593,0.18344464,0,true,16,16
78,nearfield_update,1895594,0.18344464,0,true,4,4
78,nearfield_update,1895595,0.18344464,0,true,48,48
78,nearfield_update,1895596,0.18344464,0,true,38,38
78,nearfield_update,1895597,0.18344464,0,true,5,5
78,nearfield_update,1895598,0.18344464,0,true,17,17
78,nearfield_update,1895599,0.18344464,0,true,62,62
79,fmm,1895572,0.073661787,8,true,9,9
79,fmm,1895577,0.073661787,0,true,1,1
79,fmm,1895578,0.073661787,7,true,8,8
79,fmm,1895579,0.073661787,7,true,16,16
79,fmm,1895580,0.073661787,7,true,38,38
79,fmm,1895581,0.073661787,7,true,50,50
79,fmm,1895582,0.073661787,6,true,17,17
79,fmm,1895583,0.073661787,6,true,39,39
79,fmm,1895584,0.073661787,6,true,31,31
79,fmm,1895585,0.073661787,7,true,2,2
79,fmm,1895586,0.073661787,6,true,49,49
79,fmm,1895587,0.073661787,6,true,63,63
79,fmm,1895588,0.073661787,6,true,40,40
79,fmm,1895589,0.073661787,6,true,25,25
79,fmm,1895590,0.073661787,6,true,3,3
79,fmm,1895591,0.073661787,6,true,41,41
79,fmm,1895592,0.073661787,5,true,57,57
79,fmm,1895593,0.073661787,0,true,16,16
79,fmm,1895594,0.073661787,0,true,4,4
79,fmm,1895595,0.073661787,0,true,48,48
79,fmm,1895596,0.073661787,0,true,38,38
79,fmm,1895597,0.073661787,0,true,5,5
79,fmm,1895598,0.073661787,0,true,17,17
79,fmm,1895599,0.073661787,0,true,62,62
80,influence_mapping,1895572,0.00048404,0,true,9,9
80,influence_mapping,1895577,0.00048404,0,true,1,1
80,influence_mapping,1895578,0.00048404,0,true,8,8
80,influence_mapping,1895579,0.00048404,0,true,16,16
80,influence_mapping,1895580,0.00048404,0,true,38,38
80,influence_mapping,1895581,0.00048404,0,true,50,50
80,influence_mapping,1895582,0.00048404,0,true,17,17
80,influence_mapping,1895583,0.00048404,0,true,39,39
80,influence_mapping,1895584,0.00048404,0,true,31,31
80,influence_mapping,1895585,0.00048404,0,true,2,2
80,influence_mapping,1895586,0.00048404,0,true,49,49
80,influence_mapping,1895587,0.00048404,0,true,63,63
80,influence_mapping,1895588,0.00048404,0,true,40,40
80,influence_mapping,1895589,0.00048404,0,true,25,25
80,influence_mapping,1895590,0.00048404,0,true,3,3
80,influence_mapping,1895591,0.00048404,0,true,41,41
80,influence_mapping,1895592,0.00048404,0,true,57,57
80,influence_mapping,1895593,0.00048404,0,true,16,16
80,influence_mapping,1895594,0.00048404,0,true,4,4
80,influence_mapping,1895595,0.00048404,0,true,48,48
80,influence_mapping,1895596,0.00048404,0,true,38,38
80,influence_mapping,1895597,0.00048404,0,true,5,5
80,influence_mapping,1895598,0.00048404,0,true,17,17
80,influence_mapping,1895599,0.00048404,0,true,62,62
81,residual,1895572,0.004637023,0,true,9,9
81,residual,1895577,0.004637023,0,true,1,1
81,residual,1895578,0.004637023,0,true,8,8
81,residual,1895579,0.004637023,0,true,16,16
81,residual,1895580,0.004637023,0,true,38,38
81,residual,1895581,0.004637023,0,true,50,50
81,residual,1895582,0.004637023,0,true,17,17
81,residual,1895583,0.004637023,0,true,39,39
81,residual,1895584,0.004637023,0,true,31,31
81,residual,1895585,0.004637023,0,true,2,2
81,residual,1895586,0.004637023,0,true,49,49
81,residual,1895587,0.004637023,0,true,63,63
81,residual,1895588,0.004637023,0,true,40,40
81,residual,1895589,0.004637023,0,true,25,25
81,residual,1895590,0.004637023,0,true,3,3
81,residual,1895591,0.004637023,0,true,41,41
81,residual,1895592,0.004637023,0,true,57,57
81,residual,1895593,0.004637023,0,true,16,16
81,residual,1895594,0.004637023,0,true,4,4
81,residual,1895595,0.004637023,0,true,48,48
81,residual,1895596,0.004637023,0,true,38,38
81,residual,1895597,0.004637023,0,true,5,5
81,residual,1895598,0.004637023,0,true,17,17
81,residual,1895599,0.004637023,0,true,62,62
82,nearfield_update,1895572,0.183750595,10,true,9,9
82,nearfield_update,1895577,0.183750595,0,true,1,1
82,nearfield_update,1895578,0.183750595,9,true,8,8
82,nearfield_update,1895579,0.183750595,7,true,16,16
82,nearfield_update,1895580,0.183750595,5,true,38,38
82,nearfield_update,1895581,0.183750595,6,true,50,50
82,nearfield_update,1895582,0.183750595,6,true,17,17
82,nearfield_update,1895583,0.183750595,5,true,39,39
82,nearfield_update,1895584,0.183750595,6,true,31,31
82,nearfield_update,1895585,0.183750595,6,true,2,2
82,nearfield_update,1895586,0.183750595,7,true,49,49
82,nearfield_update,1895587,0.183750595,8,true,63,63
82,nearfield_update,1895588,0.183750595,5,true,40,40
82,nearfield_update,1895589,0.183750595,6,true,25,25
82,nearfield_update,1895590,0.183750595,5,true,3,3
82,nearfield_update,1895591,0.183750595,5,true,41,41
82,nearfield_update,1895592,0.183750595,6,true,57,57
82,nearfield_update,1895593,0.183750595,0,true,16,16
82,nearfield_update,1895594,0.183750595,0,true,4,4
82,nearfield_update,1895595,0.183750595,0,true,48,48
82,nearfield_update,1895596,0.183750595,0,true,38,38
82,nearfield_update,1895597,0.183750595,0,true,5,5
82,nearfield_update,1895598,0.183750595,0,true,17,17
82,nearfield_update,1895599,0.183750595,0,true,62,62
83,fmm,1895572,0.074405265,7,true,9,9
83,fmm,1895577,0.074405265,0,true,1,1
83,fmm,1895578,0.074405265,7,true,8,8
83,fmm,1895579,0.074405265,7,true,16,16
83,fmm,1895580,0.074405265,7,true,38,38
83,fmm,1895581,0.074405265,6,true,50,50
83,fmm,1895582,0.074405265,7,true,17,17
83,fmm,1895583,0.074405265,7,true,39,39
83,fmm,1895584,0.074405265,6,true,31,31
83,fmm,1895585,0.074405265,7,true,2,2
83,fmm,1895586,0.074405265,6,true,49,49
83,fmm,1895587,0.074405265,6,true,63,63
83,fmm,1895588,0.074405265,7,true,40,40
83,fmm,1895589,0.074405265,7,true,25,25
83,fmm,1895590,0.074405265,6,true,3,3
83,fmm,1895591,0.074405265,6,true,41,41
83,fmm,1895592,0.074405265,4,true,57,57
83,fmm,1895593,0.074405265,0,true,16,16
83,fmm,1895594,0.074405265,0,true,4,4
83,fmm,1895595,0.074405265,0,true,48,48
83,fmm,1895596,0.074405265,0,true,38,38
83,fmm,1895597,0.074405265,0,true,5,5
83,fmm,1895598,0.074405265,0,true,17,17
83,fmm,1895599,0.074405265,0,true,62,62
84,influence_mapping,1895572,0.000492175,0,true,9,9
84,influence_mapping,1895577,0.000492175,0,true,1,1
84,influence_mapping,1895578,0.000492175,0,true,8,8
84,influence_mapping,1895579,0.000492175,0,true,16,16
84,influence_mapping,1895580,0.000492175,0,true,38,38
84,influence_mapping,1895581,0.000492175,0,true,50,50
84,influence_mapping,1895582,0.000492175,0,true,17,17
84,influence_mapping,1895583,0.000492175,0,true,39,39
84,influence_mapping,1895584,0.000492175,0,true,31,31
84,influence_mapping,1895585,0.000492175,0,true,2,2
84,influence_mapping,1895586,0.000492175,0,true,49,49
84,influence_mapping,1895587,0.000492175,0,true,63,63
84,influence_mapping,1895588,0.000492175,0,true,40,40
84,influence_mapping,1895589,0.000492175,0,true,25,25
84,influence_mapping,1895590,0.000492175,0,true,3,3
84,influence_mapping,1895591,0.000492175,0,true,41,41
84,influence_mapping,1895592,0.000492175,0,true,57,57
84,influence_mapping,1895593,0.000492175,0,true,16,16
84,influence_mapping,1895594,0.000492175,0,true,4,4
84,influence_mapping,1895595,0.000492175,0,true,48,48
84,influence_mapping,1895596,0.000492175,0,true,38,38
84,influence_mapping,1895597,0.000492175,0,true,5,5
84,influence_mapping,1895598,0.000492175,0,true,17,17
84,influence_mapping,1895599,0.000492175,0,true,62,62
85,residual,1895572,0.004644096,1,true,9,9
85,residual,1895577,0.004644096,0,true,1,1
85,residual,1895578,0.004644096,0,true,8,8
85,residual,1895579,0.004644096,0,true,16,16
85,residual,1895580,0.004644096,0,true,38,38
85,residual,1895581,0.004644096,0,true,50,50
85,residual,1895582,0.004644096,0,true,17,17
85,residual,1895583,0.004644096,0,true,39,39
85,residual,1895584,0.004644096,0,true,31,31
85,residual,1895585,0.004644096,0,true,2,2
85,residual,1895586,0.004644096,0,true,49,49
85,residual,1895587,0.004644096,0,true,63,63
85,residual,1895588,0.004644096,0,true,40,40
85,residual,1895589,0.004644096,0,true,25,25
85,residual,1895590,0.004644096,0,true,3,3
85,residual,1895591,0.004644096,0,true,41,41
85,residual,1895592,0.004644096,0,true,57,57
85,residual,1895593,0.004644096,0,true,16,16
85,residual,1895594,0.004644096,0,true,4,4
85,residual,1895595,0.004644096,0,true,48,48
85,residual,1895596,0.004644096,0,true,38,38
85,residual,1895597,0.004644096,0,true,5,5
85,residual,1895598,0.004644096,0,true,17,17
85,residual,1895599,0.004644096,0,true,62,62
86,nearfield_update,1895572,0.186018987,9,true,9,9
86,nearfield_update,1895577,0.186018987,0,true,1,1
86,nearfield_update,1895578,0.186018987,10,true,8,8
86,nearfield_update,1895579,0.186018987,6,true,16,16
86,nearfield_update,1895580,0.186018987,6,true,38,38
86,nearfield_update,1895581,0.186018987,6,true,50,50
86,nearfield_update,1895582,0.186018987,5,true,17,17
86,nearfield_update,1895583,0.186018987,6,true,39,39
86,nearfield_update,1895584,0.186018987,7,true,31,31
86,nearfield_update,1895585,0.186018987,6,true,2,2
86,nearfield_update,1895586,0.186018987,7,true,49,49
86,nearfield_update,1895587,0.186018987,5,true,63,63
86,nearfield_update,1895588,0.186018987,6,true,40,40
86,nearfield_update,1895589,0.186018987,6,true,25,25
86,nearfield_update,1895590,0.186018987,8,true,3,3
86,nearfield_update,1895591,0.186018987,4,true,41,41
86,nearfield_update,1895592,0.186018987,5,true,57,57
86,nearfield_update,1895593,0.186018987,0,true,16,16
86,nearfield_update,1895594,0.186018987,0,true,4,4
86,nearfield_update,1895595,0.186018987,0,true,48,48
86,nearfield_update,1895596,0.186018987,0,true,38,38
86,nearfield_update,1895597,0.186018987,0,true,5,5
86,nearfield_update,1895598,0.186018987,0,true,17,17
86,nearfield_update,1895599,0.186018987,0,true,62,62
87,fmm,1895572,0.074776602,7,true,9,9
87,fmm,1895577,0.074776602,0,true,1,1
87,fmm,1895578,0.074776602,7,true,8,8
87,fmm,1895579,0.074776602,6,true,16,16
87,fmm,1895580,0.074776602,7,true,38,38
87,fmm,1895581,0.074776602,7,true,50,50
87,fmm,1895582,0.074776602,7,true,17,17
87,fmm,1895583,0.074776602,6,true,39,39
87,fmm,1895584,0.074776602,6,true,31,31
87,fmm,1895585,0.074776602,6,true,2,2
87,fmm,1895586,0.074776602,6,true,49,49
87,fmm,1895587,0.074776602,7,true,63,63
87,fmm,1895588,0.074776602,6,true,40,40
87,fmm,1895589,0.074776602,6,true,25,25
87,fmm,1895590,0.074776602,6,true,3,3
87,fmm,1895591,0.074776602,7,true,41,41
87,fmm,1895592,0.074776602,5,true,57,57
87,fmm,1895593,0.074776602,0,true,16,16
87,fmm,1895594,0.074776602,0,true,4,4
87,fmm,1895595,0.074776602,0,true,48,48
87,fmm,1895596,0.074776602,0,true,38,38
87,fmm,1895597,0.074776602,0,true,5,5
87,fmm,1895598,0.074776602,0,true,17,17
87,fmm,1895599,0.074776602,0,true,62,62
88,influence_mapping,1895572,0.000495571,0,true,9,9
88,influence_mapping,1895577,0.000495571,0,true,1,1
88,influence_mapping,1895578,0.000495571,0,true,8,8
88,influence_mapping,1895579,0.000495571,0,true,16,16
88,influence_mapping,1895580,0.000495571,0,true,38,38
88,influence_mapping,1895581,0.000495571,0,true,50,50
88,influence_mapping,1895582,0.000495571,0,true,17,17
88,influence_mapping,1895583,0.000495571,0,true,39,39
88,influence_mapping,1895584,0.000495571,0,true,31,31
88,influence_mapping,1895585,0.000495571,0,true,2,2
88,influence_mapping,1895586,0.000495571,0,true,49,49
88,influence_mapping,1895587,0.000495571,0,true,63,63
88,influence_mapping,1895588,0.000495571,0,true,40,40
88,influence_mapping,1895589,0.000495571,0,true,25,25
88,influence_mapping,1895590,0.000495571,0,true,3,3
88,influence_mapping,1895591,0.000495571,0,true,41,41
88,influence_mapping,1895592,0.000495571,0,true,57,57
88,influence_mapping,1895593,0.000495571,0,true,16,16
88,influence_mapping,1895594,0.000495571,0,true,4,4
88,influence_mapping,1895595,0.000495571,0,true,48,48
88,influence_mapping,1895596,0.000495571,0,true,38,38
88,influence_mapping,1895597,0.000495571,0,true,5,5
88,influence_mapping,1895598,0.000495571,0,true,17,17
88,influence_mapping,1895599,0.000495571,0,true,62,62
89,residual,1895572,0.004642944,1,true,9,9
89,residual,1895577,0.004642944,0,true,1,1
89,residual,1895578,0.004642944,0,true,8,8
89,residual,1895579,0.004642944,0,true,16,16
89,residual,1895580,0.004642944,0,true,38,38
89,residual,1895581,0.004642944,0,true,50,50
89,residual,1895582,0.004642944,0,true,17,17
89,residual,1895583,0.004642944,0,true,39,39
89,residual,1895584,0.004642944,0,true,31,31
89,residual,1895585,0.004642944,0,true,2,2
89,residual,1895586,0.004642944,0,true,49,49
89,residual,1895587,0.004642944,0,true,63,63
89,residual,1895588,0.004642944,0,true,40,40
89,residual,1895589,0.004642944,0,true,25,25
89,residual,1895590,0.004642944,0,true,3,3
89,residual,1895591,0.004642944,0,true,41,41
89,residual,1895592,0.004642944,0,true,57,57
89,residual,1895593,0.004642944,0,true,16,16
89,residual,1895594,0.004642944,0,true,4,4
89,residual,1895595,0.004642944,0,true,48,48
89,residual,1895596,0.004642944,0,true,38,38
89,residual,1895597,0.004642944,0,true,5,5
89,residual,1895598,0.004642944,0,true,17,17
89,residual,1895599,0.004642944,0,true,62,62
90,nearfield_update,1895572,0.184172938,10,true,9,9
90,nearfield_update,1895577,0.184172938,0,true,1,1
90,nearfield_update,1895578,0.184172938,10,true,8,8
90,nearfield_update,1895579,0.184172938,6,true,16,16
90,nearfield_update,1895580,0.184172938,6,true,38,38
90,nearfield_update,1895581,0.184172938,5,true,50,50
90,nearfield_update,1895582,0.184172938,5,true,17,17
90,nearfield_update,1895583,0.184172938,6,true,39,39
90,nearfield_update,1895584,0.184172938,7,true,31,31
90,nearfield_update,1895585,0.184172938,7,true,2,2
90,nearfield_update,1895586,0.184172938,5,true,49,49
90,nearfield_update,1895587,0.184172938,6,true,63,63
90,nearfield_update,1895588,0.184172938,5,true,40,40
90,nearfield_update,1895589,0.184172938,6,true,25,25
90,nearfield_update,1895590,0.184172938,6,true,3,3
90,nearfield_update,1895591,0.184172938,5,true,41,41
90,nearfield_update,1895592,0.184172938,5,true,57,57
90,nearfield_update,1895593,0.184172938,0,true,16,16
90,nearfield_update,1895594,0.184172938,0,true,4,4
90,nearfield_update,1895595,0.184172938,0,true,48,48
90,nearfield_update,1895596,0.184172938,0,true,38,38
90,nearfield_update,1895597,0.184172938,0,true,5,5
90,nearfield_update,1895598,0.184172938,0,true,17,17
90,nearfield_update,1895599,0.184172938,0,true,62,62
91,fmm,1895572,0.073957462,7,true,9,9
91,fmm,1895577,0.073957462,0,true,1,1
91,fmm,1895578,0.073957462,7,true,8,8
91,fmm,1895579,0.073957462,7,true,16,16
91,fmm,1895580,0.073957462,6,true,38,38
91,fmm,1895581,0.073957462,7,true,50,50
91,fmm,1895582,0.073957462,7,true,17,17
91,fmm,1895583,0.073957462,7,true,39,39
91,fmm,1895584,0.073957462,7,true,31,31
91,fmm,1895585,0.073957462,6,true,2,2
91,fmm,1895586,0.073957462,7,true,49,49
91,fmm,1895587,0.073957462,6,true,63,63
91,fmm,1895588,0.073957462,7,true,40,40
91,fmm,1895589,0.073957462,6,true,25,25
91,fmm,1895590,0.073957462,6,true,3,3
91,fmm,1895591,0.073957462,6,true,41,41
91,fmm,1895592,0.073957462,4,true,57,57
91,fmm,1895593,0.073957462,0,true,16,16
91,fmm,1895594,0.073957462,0,true,4,4
91,fmm,1895595,0.073957462,0,true,48,48
91,fmm,1895596,0.073957462,0,true,38,38
91,fmm,1895597,0.073957462,0,true,5,5
91,fmm,1895598,0.073957462,0,true,17,17
91,fmm,1895599,0.073957462,0,true,62,62
92,influence_mapping,1895572,0.000473189,0,true,9,9
92,influence_mapping,1895577,0.000473189,0,true,1,1
92,influence_mapping,1895578,0.000473189,0,true,8,8
92,influence_mapping,1895579,0.000473189,0,true,16,16
92,influence_mapping,1895580,0.000473189,0,true,38,38
92,influence_mapping,1895581,0.000473189,0,true,50,50
92,influence_mapping,1895582,0.000473189,0,true,17,17
92,influence_mapping,1895583,0.000473189,0,true,39,39
92,influence_mapping,1895584,0.000473189,0,true,31,31
92,influence_mapping,1895585,0.000473189,0,true,2,2
92,influence_mapping,1895586,0.000473189,0,true,49,49
92,influence_mapping,1895587,0.000473189,0,true,63,63
92,influence_mapping,1895588,0.000473189,0,true,40,40
92,influence_mapping,1895589,0.000473189,0,true,25,25
92,influence_mapping,1895590,0.000473189,0,true,3,3
92,influence_mapping,1895591,0.000473189,0,true,41,41
92,influence_mapping,1895592,0.000473189,0,true,57,57
92,influence_mapping,1895593,0.000473189,0,true,16,16
92,influence_mapping,1895594,0.000473189,0,true,4,4
92,influence_mapping,1895595,0.000473189,0,true,48,48
92,influence_mapping,1895596,0.000473189,0,true,38,38
92,influence_mapping,1895597,0.000473189,0,true,5,5
92,influence_mapping,1895598,0.000473189,0,true,17,17
92,influence_mapping,1895599,0.000473189,0,true,62,62
93,residual,1895572,0.00463518,0,true,9,9
93,residual,1895577,0.00463518,0,true,1,1
93,residual,1895578,0.00463518,0,true,8,8
93,residual,1895579,0.00463518,0,true,16,16
93,residual,1895580,0.00463518,0,true,38,38
93,residual,1895581,0.00463518,0,true,50,50
93,residual,1895582,0.00463518,0,true,17,17
93,residual,1895583,0.00463518,0,true,39,39
93,residual,1895584,0.00463518,0,true,31,31
93,residual,1895585,0.00463518,0,true,2,2
93,residual,1895586,0.00463518,0,true,49,49
93,residual,1895587,0.00463518,0,true,63,63
93,residual,1895588,0.00463518,0,true,40,40
93,residual,1895589,0.00463518,0,true,25,25
93,residual,1895590,0.00463518,0,true,3,3
93,residual,1895591,0.00463518,0,true,41,41
93,residual,1895592,0.00463518,0,true,57,57
93,residual,1895593,0.00463518,0,true,16,16
93,residual,1895594,0.00463518,0,true,4,4
93,residual,1895595,0.00463518,0,true,48,48
93,residual,1895596,0.00463518,0,true,38,38
93,residual,1895597,0.00463518,0,true,5,5
93,residual,1895598,0.00463518,0,true,17,17
93,residual,1895599,0.00463518,0,true,62,62
94,nearfield_update,1895572,0.183936033,10,true,9,9
94,nearfield_update,1895577,0.183936033,0,true,1,1
94,nearfield_update,1895578,0.183936033,11,true,8,8
94,nearfield_update,1895579,0.183936033,6,true,16,16
94,nearfield_update,1895580,0.183936033,6,true,38,38
94,nearfield_update,1895581,0.183936033,7,true,50,50
94,nearfield_update,1895582,0.183936033,6,true,17,17
94,nearfield_update,1895583,0.183936033,5,true,39,39
94,nearfield_update,1895584,0.183936033,6,true,31,31
94,nearfield_update,1895585,0.183936033,6,true,2,2
94,nearfield_update,1895586,0.183936033,6,true,49,49
94,nearfield_update,1895587,0.183936033,5,true,63,63
94,nearfield_update,1895588,0.183936033,5,true,40,40
94,nearfield_update,1895589,0.183936033,7,true,25,25
94,nearfield_update,1895590,0.183936033,6,true,3,3
94,nearfield_update,1895591,0.183936033,6,true,41,41
94,nearfield_update,1895592,0.183936033,5,true,57,57
94,nearfield_update,1895593,0.183936033,0,true,16,16
94,nearfield_update,1895594,0.183936033,0,true,4,4
94,nearfield_update,1895595,0.183936033,0,true,48,48
94,nearfield_update,1895596,0.183936033,0,true,38,38
94,nearfield_update,1895597,0.183936033,0,true,5,5
94,nearfield_update,1895598,0.183936033,0,true,17,17
94,nearfield_update,1895599,0.183936033,0,true,62,62
95,fmm,1895572,0.073858588,7,true,9,9
95,fmm,1895577,0.073858588,0,true,1,1
95,fmm,1895578,0.073858588,6,true,8,8
95,fmm,1895579,0.073858588,7,true,16,16
95,fmm,1895580,0.073858588,6,true,38,38
95,fmm,1895581,0.073858588,6,true,50,50
95,fmm,1895582,0.073858588,6,true,17,17
95,fmm,1895583,0.073858588,7,true,39,39
95,fmm,1895584,0.073858588,6,true,31,31
95,fmm,1895585,0.073858588,6,true,2,2
95,fmm,1895586,0.073858588,6,true,49,49
95,fmm,1895587,0.073858588,6,true,63,63
95,fmm,1895588,0.073858588,7,true,40,40
95,fmm,1895589,0.073858588,6,true,25,25
95,fmm,1895590,0.073858588,6,true,3,3
95,fmm,1895591,0.073858588,6,true,41,41
95,fmm,1895592,0.073858588,5,true,57,57
95,fmm,1895593,0.073858588,0,true,16,16
95,fmm,1895594,0.073858588,0,true,4,4
95,fmm,1895595,0.073858588,0,true,48,48
95,fmm,1895596,0.073858588,0,true,38,38
95,fmm,1895597,0.073858588,0,true,5,5
95,fmm,1895598,0.073858588,0,true,17,17
95,fmm,1895599,0.073858588,0,true,62,62
96,influence_mapping,1895572,0.000483689,1,true,9,9
96,influence_mapping,1895577,0.000483689,0,true,1,1
96,influence_mapping,1895578,0.000483689,0,true,8,8
96,influence_mapping,1895579,0.000483689,0,true,16,16
96,influence_mapping,1895580,0.000483689,0,true,38,38
96,influence_mapping,1895581,0.000483689,0,true,50,50
96,influence_mapping,1895582,0.000483689,0,true,17,17
96,influence_mapping,1895583,0.000483689,0,true,39,39
96,influence_mapping,1895584,0.000483689,0,true,31,31
96,influence_mapping,1895585,0.000483689,0,true,2,2
96,influence_mapping,1895586,0.000483689,0,true,49,49
96,influence_mapping,1895587,0.000483689,0,true,63,63
96,influence_mapping,1895588,0.000483689,0,true,40,40
96,influence_mapping,1895589,0.000483689,0,true,25,25
96,influence_mapping,1895590,0.000483689,0,true,3,3
96,influence_mapping,1895591,0.000483689,0,true,41,41
96,influence_mapping,1895592,0.000483689,0,true,57,57
96,influence_mapping,1895593,0.000483689,0,true,16,16
96,influence_mapping,1895594,0.000483689,0,true,4,4
96,influence_mapping,1895595,0.000483689,0,true,48,48
96,influence_mapping,1895596,0.000483689,0,true,38,38
96,influence_mapping,1895597,0.000483689,0,true,5,5
96,influence_mapping,1895598,0.000483689,0,true,17,17
96,influence_mapping,1895599,0.000483689,0,true,62,62
97,residual,1895572,0.004625342,0,true,9,9
97,residual,1895577,0.004625342,0,true,1,1
97,residual,1895578,0.004625342,0,true,8,8
97,residual,1895579,0.004625342,0,true,16,16
97,residual,1895580,0.004625342,0,true,38,38
97,residual,1895581,0.004625342,0,true,50,50
97,residual,1895582,0.004625342,0,true,17,17
97,residual,1895583,0.004625342,0,true,39,39
97,residual,1895584,0.004625342,0,true,31,31
97,residual,1895585,0.004625342,0,true,2,2
97,residual,1895586,0.004625342,0,true,49,49
97,residual,1895587,0.004625342,0,true,63,63
97,residual,1895588,0.004625342,0,true,40,40
97,residual,1895589,0.004625342,0,true,25,25
97,residual,1895590,0.004625342,0,true,3,3
97,residual,1895591,0.004625342,0,true,41,41
97,residual,1895592,0.004625342,0,true,57,57
97,residual,1895593,0.004625342,0,true,16,16
97,residual,1895594,0.004625342,0,true,4,4
97,residual,1895595,0.004625342,0,true,48,48
97,residual,1895596,0.004625342,0,true,38,38
97,residual,1895597,0.004625342,0,true,5,5
97,residual,1895598,0.004625342,0,true,17,17
97,residual,1895599,0.004625342,0,true,62,62
98,nearfield_update,1895572,0.184726308,9,true,9,9
98,nearfield_update,1895577,0.184726308,0,true,1,1
98,nearfield_update,1895578,0.184726308,10,true,8,8
98,nearfield_update,1895579,0.184726308,6,true,16,16
98,nearfield_update,1895580,0.184726308,6,true,38,38
98,nearfield_update,1895581,0.184726308,6,true,50,50
98,nearfield_update,1895582,0.184726308,6,true,17,17
98,nearfield_update,1895583,0.184726308,5,true,39,39
98,nearfield_update,1895584,0.184726308,5,true,31,31
98,nearfield_update,1895585,0.184726308,6,true,2,2
98,nearfield_update,1895586,0.184726308,6,true,49,49
98,nearfield_update,1895587,0.184726308,7,true,63,56
98,nearfield_update,1895588,0.184726308,6,true,40,40
98,nearfield_update,1895589,0.184726308,8,true,25,25
98,nearfield_update,1895590,0.184726308,6,true,3,3
98,nearfield_update,1895591,0.184726308,5,true,41,41
98,nearfield_update,1895592,0.184726308,5,true,57,57
98,nearfield_update,1895593,0.184726308,0,true,16,16
98,nearfield_update,1895594,0.184726308,0,true,4,4
98,nearfield_update,1895595,0.184726308,0,true,48,48
98,nearfield_update,1895596,0.184726308,0,true,38,38
98,nearfield_update,1895597,0.184726308,0,true,5,5
98,nearfield_update,1895598,0.184726308,0,true,17,17
98,nearfield_update,1895599,0.184726308,0,true,62,62
99,fmm,1895572,0.073935722,7,true,9,9
99,fmm,1895577,0.073935722,0,true,1,1
99,fmm,1895578,0.073935722,7,true,8,8
99,fmm,1895579,0.073935722,7,true,16,16
99,fmm,1895580,0.073935722,7,true,38,38
99,fmm,1895581,0.073935722,7,true,50,50
99,fmm,1895582,0.073935722,6,true,17,17
99,fmm,1895583,0.073935722,7,true,39,39
99,fmm,1895584,0.073935722,7,true,31,31
99,fmm,1895585,0.073935722,6,true,2,2
99,fmm,1895586,0.073935722,7,true,49,49
99,fmm,1895587,0.073935722,6,true,56,56
99,fmm,1895588,0.073935722,6,true,40,40
99,fmm,1895589,0.073935722,6,true,25,25
99,fmm,1895590,0.073935722,7,true,3,3
99,fmm,1895591,0.073935722,6,true,41,41
99,fmm,1895592,0.073935722,5,true,57,57
99,fmm,1895593,0.073935722,0,true,16,16
99,fmm,1895594,0.073935722,0,true,4,4
99,fmm,1895595,0.073935722,0,true,48,48
99,fmm,1895596,0.073935722,0,true,38,38
99,fmm,1895597,0.073935722,0,true,5,5
99,fmm,1895598,0.073935722,0,true,17,17
99,fmm,1895599,0.073935722,0,true,62,62
100,influence_mapping,1895572,0.000481765,0,true,9,9
100,influence_mapping,1895577,0.000481765,0,true,1,1
100,influence_mapping,1895578,0.000481765,0,true,8,8
100,influence_mapping,1895579,0.000481765,0,true,16,16
100,influence_mapping,1895580,0.000481765,0,true,38,38
100,influence_mapping,1895581,0.000481765,0,true,50,50
100,influence_mapping,1895582,0.000481765,0,true,17,17
100,influence_mapping,1895583,0.000481765,0,true,39,39
100,influence_mapping,1895584,0.000481765,0,true,31,31
100,influence_mapping,1895585,0.000481765,0,true,2,2
100,influence_mapping,1895586,0.000481765,0,true,49,49
100,influence_mapping,1895587,0.000481765,0,true,56,56
100,influence_mapping,1895588,0.000481765,0,true,40,40
100,influence_mapping,1895589,0.000481765,0,true,25,25
100,influence_mapping,1895590,0.000481765,0,true,3,3
100,influence_mapping,1895591,0.000481765,0,true,41,41
100,influence_mapping,1895592,0.000481765,0,true,57,57
100,influence_mapping,1895593,0.000481765,0,true,16,16
100,influence_mapping,1895594,0.000481765,0,true,4,4
100,influence_mapping,1895595,0.000481765,0,true,48,48
100,influence_mapping,1895596,0.000481765,0,true,38,38
100,influence_mapping,1895597,0.000481765,0,true,5,5
100,influence_mapping,1895598,0.000481765,0,true,17,17
100,influence_mapping,1895599,0.000481765,0,true,62,62
101,residual,1895572,0.004642844,1,true,9,9
101,residual,1895577,0.004642844,0,true,1,1
101,residual,1895578,0.004642844,0,true,8,8
101,residual,1895579,0.004642844,0,true,16,16
101,residual,1895580,0.004642844,0,true,38,38
101,residual,1895581,0.004642844,0,true,50,50
101,residual,1895582,0.004642844,0,true,17,17
101,residual,1895583,0.004642844,0,true,39,39
101,residual,1895584,0.004642844,0,true,31,31
101,residual,1895585,0.004642844,0,true,2,2
101,residual,1895586,0.004642844,0,true,49,49
101,residual,1895587,0.004642844,0,true,56,56
101,residual,1895588,0.004642844,0,true,40,40
101,residual,1895589,0.004642844,0,true,25,25
101,residual,1895590,0.004642844,0,true,3,3
101,residual,1895591,0.004642844,0,true,41,41
101,residual,1895592,0.004642844,0,true,57,57
101,residual,1895593,0.004642844,0,true,16,16
101,residual,1895594,0.004642844,0,true,4,4
101,residual,1895595,0.004642844,0,true,48,48
101,residual,1895596,0.004642844,0,true,38,38
101,residual,1895597,0.004642844,0,true,5,5
101,residual,1895598,0.004642844,0,true,17,17
101,residual,1895599,0.004642844,0,true,62,62
102,nearfield_update,1895572,0.184804936,10,true,9,9
102,nearfield_update,1895577,0.184804936,0,true,1,1
102,nearfield_update,1895578,0.184804936,10,true,8,8
102,nearfield_update,1895579,0.184804936,8,true,16,16
102,nearfield_update,1895580,0.184804936,6,true,38,38
102,nearfield_update,1895581,0.184804936,6,true,50,50
102,nearfield_update,1895582,0.184804936,6,true,17,17
102,nearfield_update,1895583,0.184804936,5,true,39,39
102,nearfield_update,1895584,0.184804936,7,true,31,31
102,nearfield_update,1895585,0.184804936,6,true,2,2
102,nearfield_update,1895586,0.184804936,5,true,49,49
102,nearfield_update,1895587,0.184804936,5,true,56,56
102,nearfield_update,1895588,0.184804936,5,true,40,40
102,nearfield_update,1895589,0.184804936,7,true,25,25
102,nearfield_update,1895590,0.184804936,6,true,3,3
102,nearfield_update,1895591,0.184804936,5,true,41,41
102,nearfield_update,1895592,0.184804936,5,true,57,57
102,nearfield_update,1895593,0.184804936,0,true,16,16
102,nearfield_update,1895594,0.184804936,0,true,4,4
102,nearfield_update,1895595,0.184804936,0,true,48,48
102,nearfield_update,1895596,0.184804936,0,true,38,38
102,nearfield_update,1895597,0.184804936,0,true,5,5
102,nearfield_update,1895598,0.184804936,0,true,17,17
102,nearfield_update,1895599,0.184804936,0,true,62,62
103,fmm,1895572,0.074483642,7,true,9,9
103,fmm,1895577,0.074483642,0,true,1,1
103,fmm,1895578,0.074483642,7,true,8,8
103,fmm,1895579,0.074483642,7,true,16,16
103,fmm,1895580,0.074483642,7,true,38,38
103,fmm,1895581,0.074483642,7,true,50,50
103,fmm,1895582,0.074483642,6,true,17,17
103,fmm,1895583,0.074483642,6,true,39,39
103,fmm,1895584,0.074483642,6,true,31,31
103,fmm,1895585,0.074483642,6,true,2,2
103,fmm,1895586,0.074483642,6,true,49,49
103,fmm,1895587,0.074483642,6,true,56,56
103,fmm,1895588,0.074483642,7,true,40,40
103,fmm,1895589,0.074483642,6,true,25,25
103,fmm,1895590,0.074483642,6,true,3,3
103,fmm,1895591,0.074483642,6,true,41,41
103,fmm,1895592,0.074483642,5,true,57,57
103,fmm,1895593,0.074483642,0,true,16,16
103,fmm,1895594,0.074483642,0,true,4,4
103,fmm,1895595,0.074483642,0,true,48,48
103,fmm,1895596,0.074483642,0,true,38,38
103,fmm,1895597,0.074483642,0,true,5,5
103,fmm,1895598,0.074483642,0,true,17,17
103,fmm,1895599,0.074483642,0,true,62,62
104,influence_mapping,1895572,0.000462249,0,true,9,9
104,influence_mapping,1895577,0.000462249,0,true,1,1
104,influence_mapping,1895578,0.000462249,0,true,8,8
104,influence_mapping,1895579,0.000462249,0,true,16,16
104,influence_mapping,1895580,0.000462249,0,true,38,38
104,influence_mapping,1895581,0.000462249,0,true,50,50
104,influence_mapping,1895582,0.000462249,0,true,17,17
104,influence_mapping,1895583,0.000462249,0,true,39,39
104,influence_mapping,1895584,0.000462249,0,true,31,31
104,influence_mapping,1895585,0.000462249,0,true,2,2
104,influence_mapping,1895586,0.000462249,0,true,49,49
104,influence_mapping,1895587,0.000462249,0,true,56,56
104,influence_mapping,1895588,0.000462249,0,true,40,40
104,influence_mapping,1895589,0.000462249,0,true,25,25
104,influence_mapping,1895590,0.000462249,0,true,3,3
104,influence_mapping,1895591,0.000462249,0,true,41,41
104,influence_mapping,1895592,0.000462249,0,true,57,57
104,influence_mapping,1895593,0.000462249,0,true,16,16
104,influence_mapping,1895594,0.000462249,0,true,4,4
104,influence_mapping,1895595,0.000462249,0,true,48,48
104,influence_mapping,1895596,0.000462249,0,true,38,38
104,influence_mapping,1895597,0.000462249,0,true,5,5
104,influence_mapping,1895598,0.000462249,0,true,17,17
104,influence_mapping,1895599,0.000462249,0,true,62,62
105,residual,1895572,0.004632245,1,true,9,9
105,residual,1895577,0.004632245,0,true,1,1
105,residual,1895578,0.004632245,0,true,8,8
105,residual,1895579,0.004632245,0,true,16,16
105,residual,1895580,0.004632245,0,true,38,38
105,residual,1895581,0.004632245,0,true,50,50
105,residual,1895582,0.004632245,0,true,17,17
105,residual,1895583,0.004632245,0,true,39,39
105,residual,1895584,0.004632245,0,true,31,31
105,residual,1895585,0.004632245,0,true,2,2
105,residual,1895586,0.004632245,0,true,49,49
105,residual,1895587,0.004632245,0,true,56,56
105,residual,1895588,0.004632245,0,true,40,40
105,residual,1895589,0.004632245,0,true,25,25
105,residual,1895590,0.004632245,0,true,3,3
105,residual,1895591,0.004632245,0,true,41,41
105,residual,1895592,0.004632245,0,true,57,57
105,residual,1895593,0.004632245,0,true,16,16
105,residual,1895594,0.004632245,0,true,4,4
105,residual,1895595,0.004632245,0,true,48,48
105,residual,1895596,0.004632245,0,true,38,38
105,residual,1895597,0.004632245,0,true,5,5
105,residual,1895598,0.004632245,0,true,17,17
105,residual,1895599,0.004632245,0,true,62,62
106,nearfield_update,1895572,0.184857285,10,true,9,9
106,nearfield_update,1895577,0.184857285,0,true,1,1
106,nearfield_update,1895578,0.184857285,10,true,8,8
106,nearfield_update,1895579,0.184857285,6,true,16,16
106,nearfield_update,1895580,0.184857285,6,true,38,38
106,nearfield_update,1895581,0.184857285,5,true,50,50
106,nearfield_update,1895582,0.184857285,8,true,17,17
106,nearfield_update,1895583,0.184857285,7,true,39,39
106,nearfield_update,1895584,0.184857285,6,true,31,31
106,nearfield_update,1895585,0.184857285,6,true,2,2
106,nearfield_update,1895586,0.184857285,6,true,49,49
106,nearfield_update,1895587,0.184857285,6,true,56,56
106,nearfield_update,1895588,0.184857285,5,true,40,40
106,nearfield_update,1895589,0.184857285,7,true,25,25
106,nearfield_update,1895590,0.184857285,7,true,3,3
106,nearfield_update,1895591,0.184857285,6,true,41,41
106,nearfield_update,1895592,0.184857285,5,true,57,57
106,nearfield_update,1895593,0.184857285,0,true,16,16
106,nearfield_update,1895594,0.184857285,0,true,4,4
106,nearfield_update,1895595,0.184857285,0,true,48,48
106,nearfield_update,1895596,0.184857285,0,true,38,38
106,nearfield_update,1895597,0.184857285,0,true,5,5
106,nearfield_update,1895598,0.184857285,0,true,17,17
106,nearfield_update,1895599,0.184857285,0,true,62,62
107,fmm,1895572,0.074142661,7,true,9,9
107,fmm,1895577,0.074142661,0,true,1,1
107,fmm,1895578,0.074142661,6,true,8,8
107,fmm,1895579,0.074142661,7,true,16,16
107,fmm,1895580,0.074142661,7,true,38,38
107,fmm,1895581,0.074142661,6,true,50,50
107,fmm,1895582,0.074142661,6,true,17,17
107,fmm,1895583,0.074142661,6,true,39,39
107,fmm,1895584,0.074142661,6,true,31,31
107,fmm,1895585,0.074142661,6,true,2,2
107,fmm,1895586,0.074142661,6,true,49,49
107,fmm,1895587,0.074142661,6,true,56,56
107,fmm,1895588,0.074142661,6,true,40,40
107,fmm,1895589,0.074142661,6,true,25,25
107,fmm,1895590,0.074142661,6,true,3,3
107,fmm,1895591,0.074142661,7,true,41,41
107,fmm,1895592,0.074142661,5,true,57,57
107,fmm,1895593,0.074142661,0,true,16,16
107,fmm,1895594,0.074142661,0,true,4,4
107,fmm,1895595,0.074142661,0,true,48,48
107,fmm,1895596,0.074142661,0,true,38,38
107,fmm,1895597,0.074142661,0,true,5,5
107,fmm,1895598,0.074142661,0,true,17,17
107,fmm,1895599,0.074142661,0,true,62,62
108,influence_mapping,1895572,0.00048441,0,true,9,9
108,influence_mapping,1895577,0.00048441,0,true,1,1
108,influence_mapping,1895578,0.00048441,0,true,8,8
108,influence_mapping,1895579,0.00048441,0,true,16,16
108,influence_mapping,1895580,0.00048441,0,true,38,38
108,influence_mapping,1895581,0.00048441,0,true,50,50
108,influence_mapping,1895582,0.00048441,0,true,17,17
108,influence_mapping,1895583,0.00048441,0,true,39,39
108,influence_mapping,1895584,0.00048441,0,true,31,31
108,influence_mapping,1895585,0.00048441,0,true,2,2
108,influence_mapping,1895586,0.00048441,0,true,49,49
108,influence_mapping,1895587,0.00048441,0,true,56,56
108,influence_mapping,1895588,0.00048441,0,true,40,40
108,influence_mapping,1895589,0.00048441,0,true,25,25
108,influence_mapping,1895590,0.00048441,0,true,3,3
108,influence_mapping,1895591,0.00048441,0,true,41,41
108,influence_mapping,1895592,0.00048441,0,true,57,57
108,influence_mapping,1895593,0.00048441,0,true,16,16
108,influence_mapping,1895594,0.00048441,0,true,4,4
108,influence_mapping,1895595,0.00048441,0,true,48,48
108,influence_mapping,1895596,0.00048441,0,true,38,38
108,influence_mapping,1895597,0.00048441,0,true,5,5
108,influence_mapping,1895598,0.00048441,0,true,17,17
108,influence_mapping,1895599,0.00048441,0,true,62,62
109,residual,1895572,0.004640259,1,true,9,9
109,residual,1895577,0.004640259,0,true,1,1
109,residual,1895578,0.004640259,0,true,8,8
109,residual,1895579,0.004640259,0,true,16,16
109,residual,1895580,0.004640259,0,true,38,38
109,residual,1895581,0.004640259,0,true,50,50
109,residual,1895582,0.004640259,0,true,17,17
109,residual,1895583,0.004640259,0,true,39,39
109,residual,1895584,0.004640259,0,true,31,31
109,residual,1895585,0.004640259,0,true,2,2
109,residual,1895586,0.004640259,0,true,49,49
109,residual,1895587,0.004640259,0,true,56,56
109,residual,1895588,0.004640259,0,true,40,40
109,residual,1895589,0.004640259,0,true,25,25
109,residual,1895590,0.004640259,0,true,3,3
109,residual,1895591,0.004640259,0,true,41,41
109,residual,1895592,0.004640259,0,true,57,57
109,residual,1895593,0.004640259,0,true,16,16
109,residual,1895594,0.004640259,0,true,4,4
109,residual,1895595,0.004640259,0,true,48,48
109,residual,1895596,0.004640259,0,true,38,38
109,residual,1895597,0.004640259,0,true,5,5
109,residual,1895598,0.004640259,0,true,17,17
109,residual,1895599,0.004640259,0,true,62,62
110,strength_copy,1895572,0.000381146,0,true,9,9
110,strength_copy,1895577,0.000381146,0,true,1,1
110,strength_copy,1895578,0.000381146,0,true,8,8
110,strength_copy,1895579,0.000381146,0,true,16,16
110,strength_copy,1895580,0.000381146,0,true,38,38
110,strength_copy,1895581,0.000381146,0,true,50,50
110,strength_copy,1895582,0.000381146,0,true,17,17
110,strength_copy,1895583,0.000381146,0,true,39,39
110,strength_copy,1895584,0.000381146,0,true,31,31
110,strength_copy,1895585,0.000381146,0,true,2,2
110,strength_copy,1895586,0.000381146,0,true,49,49
110,strength_copy,1895587,0.000381146,0,true,56,56
110,strength_copy,1895588,0.000381146,0,true,40,40
110,strength_copy,1895589,0.000381146,0,true,25,25
110,strength_copy,1895590,0.000381146,0,true,3,3
110,strength_copy,1895591,0.000381146,0,true,41,41
110,strength_copy,1895592,0.000381146,0,true,57,57
110,strength_copy,1895593,0.000381146,0,true,16,16
110,strength_copy,1895594,0.000381146,0,true,4,4
110,strength_copy,1895595,0.000381146,0,true,48,48
110,strength_copy,1895596,0.000381146,0,true,38,38
110,strength_copy,1895597,0.000381146,0,true,5,5
110,strength_copy,1895598,0.000381146,0,true,17,17
110,strength_copy,1895599,0.000381146,0,true,62,62
