Requested shedding root at |r/R| >= 0.1
  shedding1 root midpoint r/R = 0.1239835140705626
  shedding2 root midpoint r/R = -0.1239835140705626

Begin rotor hover pressure comparison (360 steps)...
	step 0/359 at time 0.0
┌ Warning: fmm! called but either sources or targets are empty; foregoing calculation
└ @ FastMultipole ~/Dropbox/research/projects/FastMultipole/src/fmm.jl:1300
		PressureLaplace(material_derivative)[step=1]: rebuild=false, panels=7288, CG iters=722, solved=true
		ForceMonitor[i_system=1, step=1]:
			CF = (-0.1281, 2.074e-7, -2.187e-7)
			CM = (0.007491, -5.557e-9, -6.67e-8)
		PressureLaplace(lamb_vector)[step=1]: rebuild=false, panels=7288, CG iters=767, solved=true
		ForceMonitor[i_system=1, step=1]:
			CF = (-0.02143, 1.374e-10, 3.053e-9)
			CM = (0.0005805, 6.051e-11, -1.548e-9)
		ForceMonitor[i_system=1, step=1]:
			CF = (-0.2817, -2.14e-7, 3.839e-8)
			CM = (0.06707, 4.243e-10, 2.319e-9)
	step 1/359 at time 0.0002777777777777778
		PressureLaplace(material_derivative)[step=2]: rebuild=false, panels=7288, CG iters=719, solved=true
		ForceMonitor[i_system=1, step=2]:
			CF = (-0.1513, 2.724e-7, -2.628e-7)
			CM = (0.01041, -7.128e-9, -7.766e-8)
		PressureLaplace(lamb_vector)[step=2]: rebuild=false, panels=7288, CG iters=763, solved=true
		ForceMonitor[i_system=1, step=2]:
			CF = (-0.03102, -2.52e-10, 7.18e-9)
			CM = (0.0009192, 7.389e-11, -5.236e-11)
		ForceMonitor[i_system=1, step=2]:
			CF = (-0.404, -2.805e-7, 5.225e-8)
			CM = (0.1226, 5.74e-10, 3.046e-9)
	step 2/359 at time 0.0005555555555555556
		PressureLaplace(material_derivative)[step=3]: rebuild=false, panels=7288, CG iters=723, solved=true
		ForceMonitor[i_system=1, step=3]:
			CF = (-0.1448, 3.82e-7, -4.414e-7)
			CM = (0.01194, -9.803e-9, -1.889e-7)
		PressureLaplace(lamb_vector)[step=3]: rebuild=false, panels=7288, CG iters=763, solved=true
		ForceMonitor[i_system=1, step=3]:
			CF = (-0.0394, 1.929e-10, 7.531e-9)
			CM = (0.0009926, 1.113e-10, -1.884e-9)
		ForceMonitor[i_system=1, step=3]:
			CF = (-0.4726, -5.209e-7, 1.012e-7)
			CM = (0.179, 1.106e-9, 5.678e-9)
	step 3/359 at time 0.0008333333333333334
		PressureLaplace(material_derivative)[step=4]: rebuild=false, panels=7288, CG iters=690, solved=true
		ForceMonitor[i_system=1, step=4]:
			CF = (-0.1397, 1.542e-6, 6.103e-7)
			CM = (0.01255, -5.365e-8, 1.645e-7)
		PressureLaplace(lamb_vector)[step=4]: rebuild=false, panels=7288, CG iters=763, solved=true
		ForceMonitor[i_system=1, step=4]:
			CF = (-0.04415, -1.672e-7, 2.93e-7)
			CM = (0.00111, 2.302e-9, 7.406e-9)
		ForceMonitor[i_system=1, step=4]:
			CF = (-0.5154, 7.08e-5, 2.798e-5)
			CM = (0.2142, 1.305e-7, -1.213e-6)
	step 4/359 at time 0.0011111111111111111
		PressureLaplace(material_derivative)[step=5]: rebuild=false, panels=7288, CG iters=723, solved=true
		ForceMonitor[i_system=1, step=5]:
			CF = (-0.1343, 4.506e-7, -1.107e-6)
			CM = (0.01271, -7.466e-8, -8.344e-7)
		PressureLaplace(lamb_vector)[step=5]: rebuild=false, panels=7288, CG iters=762, solved=true
		ForceMonitor[i_system=1, step=5]:
			CF = (-0.04686, -6.432e-9, -6.303e-8)
			CM = (0.001186, 5.38e-9, 2.777e-8)
		ForceMonitor[i_system=1, step=5]:
			CF = (-0.5349, 1.401e-5, -6.134e-6)
			CM = (0.2349, -1.07e-7, -1.002e-6)
	step 5/359 at time 0.001388888888888889
		PressureLaplace(material_derivative)[step=6]: rebuild=false, panels=7288, CG iters=723, solved=true
		ForceMonitor[i_system=1, step=6]:
			CF = (-0.1302, 4.178e-6, 6.753e-6)
			CM = (0.01271, -8.674e-8, 2.043e-6)
		PressureLaplace(lamb_vector)[step=6]: rebuild=false, panels=7288, CG iters=759, solved=true
		ForceMonitor[i_system=1, step=6]:
			CF = (-0.04837, -6.334e-7, 1.106e-6)
			CM = (0.001237, 1.339e-8, 7.142e-8)
		ForceMonitor[i_system=1, step=6]:
			CF = (-0.542, 0.0002176, 0.0001528)
			CM = (0.2466, 7.089e-7, -1.414e-6)
	step 6/359 at time 0.0016666666666666668
		PressureLaplace(material_derivative)[step=7]: rebuild=false, panels=7288, CG iters=723, solved=true
		ForceMonitor[i_system=1, step=7]:
			CF = (-0.1277, 1.855e-6, 8.428e-6)
			CM = (0.01267, -1.303e-7, 1.316e-6)
		PressureLaplace(lamb_vector)[step=7]: rebuild=false, panels=7288, CG iters=748, solved=true
		ForceMonitor[i_system=1, step=7]:
			CF = (-0.0492, -5.74e-7, 8.7e-7)
			CM = (0.00127, 2.513e-8, 2.515e-7)
		ForceMonitor[i_system=1, step=7]:
			CF = (-0.5427, 2.223e-5, 0.0001902)
			CM = (0.2528, 4.515e-7, 4.25e-6)
	step 7/359 at time 0.0019444444444444444
		PressureLaplace(material_derivative)[step=8]: rebuild=false, panels=7288, CG iters=723, solved=true
		ForceMonitor[i_system=1, step=8]:
			CF = (-0.1266, 5.218e-6, 2.456e-5)
			CM = (0.01264, -4.385e-7, 4.01e-6)
		PressureLaplace(lamb_vector)[step=8]: rebuild=false, panels=7288, CG iters=750, solved=true
		ForceMonitor[i_system=1, step=8]:
			CF = (-0.04964, -1.491e-6, 2.258e-6)
			CM = (0.001292, 7.191e-8, 7.843e-7)
		ForceMonitor[i_system=1, step=8]:
			CF = (-0.5398, 0.0003213, 0.0004481)
			CM = (0.2558, 3.83e-7, 5.219e-6)
	step 8/359 at time 0.0022222222222222222
		PressureLaplace(material_derivative)[step=9]: rebuild=false, panels=7288, CG iters=723, solved=true
		ForceMonitor[i_system=1, step=9]:
			CF = (-0.1263, 3.134e-7, 3.254e-5)
			CM = (0.01261, -5.073e-7, 3.462e-6)
		PressureLaplace(lamb_vector)[step=9]: rebuild=false, panels=7288, CG iters=760, solved=true
		ForceMonitor[i_system=1, step=9]:
			CF = (-0.04985, -1.608e-6, 2.301e-6)
			CM = (0.001307, 9.549e-8, 1.297e-6)
		ForceMonitor[i_system=1, step=9]:
			CF = (-0.5346, -0.000121, 0.0006515)
			CM = (0.2571, 2.111e-7, 2.186e-5)
	step 9/359 at time 0.0025
		PressureLaplace(material_derivative)[step=10]: rebuild=false, panels=7288, CG iters=723, solved=true
		ForceMonitor[i_system=1, step=10]:
			CF = (-0.1266, 2.797e-6, 5.305e-5)
			CM = (0.0126, -8.884e-7, 5.884e-6)
		PressureLaplace(lamb_vector)[step=10]: rebuild=false, panels=7288, CG iters=763, solved=true
		ForceMonitor[i_system=1, step=10]:
			CF = (-0.04994, -2.705e-6, 3.171e-6)
			CM = (0.001317, 1.503e-7, 2.018e-6)
		ForceMonitor[i_system=1, step=10]:
			CF = (-0.5281, -3.246e-5, 0.000982)
			CM = (0.2574, -3.985e-7, 3.431e-5)
	step 10/359 at time 0.002777777777777778
		PressureLaplace(material_derivative)[step=11]: rebuild=false, panels=7288, CG iters=723, solved=true
		ForceMonitor[i_system=1, step=11]:
			CF = (-0.1273, -5.407e-6, 5.776e-5)
			CM = (0.01259, -1.592e-6, -8.322e-7)
		PressureLaplace(lamb_vector)[step=11]: rebuild=false, panels=7288, CG iters=764, solved=true
		ForceMonitor[i_system=1, step=11]:
			CF = (-0.04997, -2.273e-6, 5.561e-7)
			CM = (0.001324, 2.154e-7, 3.146e-6)
		ForceMonitor[i_system=1, step=11]:
			CF = (-0.5203, -0.0004693, 0.001042)
			CM = (0.2573, -4.892e-6, 5.483e-5)
	step 11/359 at time 0.0030555555555555557
		PressureLaplace(material_derivative)[step=12]: rebuild=false, panels=7288, CG iters=723, solved=true
		ForceMonitor[i_system=1, step=12]:
			CF = (-0.1284, -1.379e-5, 5.753e-5)
			CM = (0.0126, -2.344e-6, -7.924e-6)
		PressureLaplace(lamb_vector)[step=12]: rebuild=false, panels=7288, CG iters=764, solved=true
		ForceMonitor[i_system=1, step=12]:
			CF = (-0.04996, -1.018e-6, -1.871e-6)
			CM = (0.001331, 2.556e-7, 4.423e-6)
		ForceMonitor[i_system=1, step=12]:
			CF = (-0.5117, -0.0008228, 0.001034)
			CM = (0.2568, -1.048e-5, 7.502e-5)
	step 12/359 at time 0.0033333333333333335
		PressureLaplace(material_derivative)[step=13]: rebuild=false, panels=7288, CG iters=723, solved=true
		ForceMonitor[i_system=1, step=13]:
			CF = (-0.1301, -1.666e-5, 3.226e-5)
			CM = (0.01264, -3.066e-6, -1.999e-5)
		PressureLaplace(lamb_vector)[step=13]: rebuild=false, panels=7288, CG iters=765, solved=true
		ForceMonitor[i_system=1, step=13]:
			CF = (-0.04992, 2.356e-7, -4.429e-6)
			CM = (0.001338, 2.434e-7, 4.456e-6)
		ForceMonitor[i_system=1, step=13]:
			CF = (-0.5019, -0.0008545, 0.0007568)
			CM = (0.2563, -1.628e-5, 7.675e-5)
	step 13/359 at time 0.003611111111111111
		PressureLaplace(material_derivative)[step=14]: rebuild=false, panels=7288, CG iters=723, solved=true
		ForceMonitor[i_system=1, step=14]:
			CF = (-0.1331, -6.821e-7, 1.339e-5)
			CM = (0.01271, -3.175e-6, -2.491e-5)
		PressureLaplace(lamb_vector)[step=14]: rebuild=false, panels=7288, CG iters=765, solved=true
		ForceMonitor[i_system=1, step=14]:
			CF = (-0.04986, -2.272e-7, -4.112e-6)
			CM = (0.001349, 2.321e-7, 4.172e-6)
		ForceMonitor[i_system=1, step=14]:
			CF = (-0.4915, 0.0002287, 0.0005381)
			CM = (0.2556, -1.683e-5, 4.499e-5)
	step 14/359 at time 0.0038888888888888888
		PressureLaplace(material_derivative)[step=15]: rebuild=false, panels=7288, CG iters=723, solved=true
		ForceMonitor[i_system=1, step=15]:
			CF = (-0.1379, 3.203e-5, -3.519e-5)
			CM = (0.01283, -2.919e-6, -3.627e-5)
		PressureLaplace(lamb_vector)[step=15]: rebuild=false, panels=7288, CG iters=767, solved=true
		ForceMonitor[i_system=1, step=15]:
			CF = (-0.04973, -1.784e-6, -6.397e-6)
			CM = (0.001365, 1.629e-7, 3.81e-6)
		ForceMonitor[i_system=1, step=15]:
			CF = (-0.4815, 0.002406, -0.0003279)
			CM = (0.2547, -1.985e-5, -2.823e-5)
	step 15/359 at time 0.004166666666666667
		PressureLaplace(material_derivative)[step=16]: rebuild=false, panels=7288, CG iters=724, solved=true
		ForceMonitor[i_system=1, step=16]:
			CF = (-0.1451, 4.813e-5, -0.0001592)
			CM = (0.01301, -1.094e-5, -9.365e-5)
		PressureLaplace(lamb_vector)[step=16]: rebuild=false, panels=7288, CG iters=767, solved=true
		ForceMonitor[i_system=1, step=16]:
			CF = (-0.04951, 6.288e-6, -2.012e-5)
			CM = (0.00139, 3.25e-7, 3.242e-6)
		ForceMonitor[i_system=1, step=16]:
			CF = (-0.4729, 0.005226, -0.001988)
			CM = (0.253, -5.901e-5, -8.421e-5)
	step 16/359 at time 0.0044444444444444444
		PressureLaplace(material_derivative)[step=17]: rebuild=false, panels=7288, CG iters=724, solved=true
		ForceMonitor[i_system=1, step=17]:
			CF = (-0.1545, 0.0001206, -0.0001777)
			CM = (0.01325, -1.61e-5, -6.896e-5)
		PressureLaplace(lamb_vector)[step=17]: rebuild=false, panels=7288, CG iters=769, solved=true
		ForceMonitor[i_system=1, step=17]:
			CF = (-0.04916, 9.655e-6, -6.996e-6)
			CM = (0.001421, -6.694e-8, 3.438e-6)
		ForceMonitor[i_system=1, step=17]:
			CF = (-0.4651, 0.01353, -0.003637)
			CM = (0.2504, -8.123e-5, -0.0002867)
	step 17/359 at time 0.004722222222222222
		PressureLaplace(material_derivative)[step=18]: rebuild=false, panels=7288, CG iters=724, solved=true
		ForceMonitor[i_system=1, step=18]:
			CF = (-0.1649, 0.0001821, -0.000289)
			CM = (0.01349, -1.551e-5, -5.447e-5)
		PressureLaplace(lamb_vector)[step=18]: rebuild=false, panels=7288, CG iters=770, solved=true
		ForceMonitor[i_system=1, step=18]:
			CF = (-0.04866, 1.129e-5, 1.292e-5)
			CM = (0.001454, -1.117e-6, -3.43e-7)
		ForceMonitor[i_system=1, step=18]:
			CF = (-0.4577, 0.01955, -0.005567)
			CM = (0.2462, -7.272e-5, -0.00057)
	step 18/359 at time 0.005
		PressureLaplace(material_derivative)[step=19]: rebuild=false, panels=7288, CG iters=724, solved=true
		ForceMonitor[i_system=1, step=19]:
			CF = (-0.1755, -7.169e-5, -0.0001603)
			CM = (0.0137, -9.403e-6, -0.0001889)
		PressureLaplace(lamb_vector)[step=19]: rebuild=false, panels=7288, CG iters=771, solved=true
		ForceMonitor[i_system=1, step=19]:
			CF = (-0.04802, 5.67e-6, -1.121e-5)
			CM = (0.001485, 2.55e-6, 1.729e-5)
		ForceMonitor[i_system=1, step=19]:
			CF = (-0.4495, -0.00533, 0.001417)
			CM = (0.2403, -1.807e-6, -9.874e-5)
	step 19/359 at time 0.005277777777777778
		PressureLaplace(material_derivative)[step=20]: rebuild=false, panels=7288, CG iters=722, solved=true
		ForceMonitor[i_system=1, step=20]:
			CF = (-0.1871, -0.0001889, -2.657e-5)
			CM = (0.01386, 2.368e-5, -6.902e-5)
		PressureLaplace(lamb_vector)[step=20]: rebuild=false, panels=7288, CG iters=771, solved=true
		ForceMonitor[i_system=1, step=20]:
			CF = (-0.04704, -7.226e-6, -6.904e-6)
			CM = (0.001515, -1.72e-7, 2.067e-5)
		ForceMonitor[i_system=1, step=20]:
			CF = (-0.4358, -0.01921, 0.00309)
			CM = (0.2315, 8.456e-5, 0.0003378)
	step 20/359 at time 0.005555555555555556
		PressureLaplace(material_derivative)[step=21]: rebuild=false, panels=7288, CG iters=712, solved=true
		ForceMonitor[i_system=1, step=21]:
			CF = (-0.1949, -7.373e-5, 9.739e-5)
			CM = (0.0139, 5.546e-5, 0.0001349)
		PressureLaplace(lamb_vector)[step=21]: rebuild=false, panels=7288, CG iters=772, solved=true
		ForceMonitor[i_system=1, step=21]:
			CF = (-0.04602, -2.744e-5, -5.494e-6)
			CM = (0.001521, -3.081e-6, 9.373e-6)
		ForceMonitor[i_system=1, step=21]:
			CF = (-0.4209, -0.009315, -0.00226)
			CM = (0.2222, 0.0001431, 0.0001106)
	step 21/359 at time 0.005833333333333334
		PressureLaplace(material_derivative)[step=22]: rebuild=false, panels=7288, CG iters=725, solved=true
		ForceMonitor[i_system=1, step=22]:
			CF = (-0.2029, 0.0001227, 0.0002441)
			CM = (0.01393, 4.421e-5, 0.0002353)
		PressureLaplace(lamb_vector)[step=22]: rebuild=false, panels=7288, CG iters=773, solved=true
		ForceMonitor[i_system=1, step=22]:
			CF = (-0.04502, -1.84e-5, -1.19e-7)
			CM = (0.00153, -2.505e-6, 2.068e-6)
		ForceMonitor[i_system=1, step=22]:
			CF = (-0.4079, 0.008681, -0.006213)
			CM = (0.2124, 7.931e-5, -0.0001486)
	step 22/359 at time 0.006111111111111111
		PressureLaplace(material_derivative)[step=23]: rebuild=false, panels=7288, CG iters=725, solved=true
		ForceMonitor[i_system=1, step=23]:
			CF = (-0.2096, 0.0001029, 0.0003735)
			CM = (0.01393, 4.422e-5, 0.0002777)
		PressureLaplace(lamb_vector)[step=23]: rebuild=false, panels=7288, CG iters=775, solved=true
		ForceMonitor[i_system=1, step=23]:
			CF = (-0.04397, -1.946e-5, 1.824e-5)
			CM = (0.001531, -2.65e-6, -8.295e-6)
		ForceMonitor[i_system=1, step=23]:
			CF = (-0.3949, 0.005118, -0.004823)
			CM = (0.2024, 0.0001186, -0.0001492)
	step 23/359 at time 0.006388888888888889
		PressureLaplace(material_derivative)[step=24]: rebuild=false, panels=7288, CG iters=726, solved=true
		ForceMonitor[i_system=1, step=24]:
			CF = (-0.214, 7.231e-5, 0.0005101)
			CM = (0.01389, 3.056e-5, 0.0002787)
		PressureLaplace(lamb_vector)[step=24]: rebuild=false, panels=7288, CG iters=776, solved=true
		ForceMonitor[i_system=1, step=24]:
			CF = (-0.04303, -1.564e-5, 1.985e-5)
			CM = (0.001524, -2.209e-6, -1.446e-5)
		ForceMonitor[i_system=1, step=24]:
			CF = (-0.3851, 0.003673, -0.003139)
			CM = (0.1936, 0.0001211, -0.0001994)
	step 24/359 at time 0.006666666666666667
		PressureLaplace(material_derivative)[step=25]: rebuild=false, panels=7288, CG iters=726, solved=true
		ForceMonitor[i_system=1, step=25]:
			CF = (-0.219, 4.076e-5, 0.0004685)
			CM = (0.0139, 1.708e-5, 0.00021)
		PressureLaplace(lamb_vector)[step=25]: rebuild=false, panels=7288, CG iters=776, solved=true
		ForceMonitor[i_system=1, step=25]:
			CF = (-0.04228, -1.46e-5, 1.8e-5)
			CM = (0.001517, -1.569e-6, -1.844e-5)
		ForceMonitor[i_system=1, step=25]:
			CF = (-0.3751, 0.002012, -0.001526)
			CM = (0.1862, 0.0001094, -0.0002869)
	step 25/359 at time 0.006944444444444444
		PressureLaplace(material_derivative)[step=26]: rebuild=false, panels=7288, CG iters=726, solved=true
		ForceMonitor[i_system=1, step=26]:
			CF = (-0.2229, 1.285e-6, 0.0004655)
			CM = (0.01389, 1.144e-5, 0.0001553)
		PressureLaplace(lamb_vector)[step=26]: rebuild=false, panels=7288, CG iters=777, solved=true
		ForceMonitor[i_system=1, step=26]:
			CF = (-0.04167, -1.774e-5, 9.202e-6)
			CM = (0.001507, -7.848e-7, -1.67e-5)
		ForceMonitor[i_system=1, step=26]:
			CF = (-0.3663, -0.0007215, 0.0003068)
			CM = (0.18, 0.0001051, -0.0002399)
	step 26/359 at time 0.007222222222222222
		PressureLaplace(material_derivative)[step=27]: rebuild=false, panels=7288, CG iters=725, solved=true
		ForceMonitor[i_system=1, step=27]:
			CF = (-0.225, -4.079e-5, 0.0004011)
			CM = (0.01385, 7.773e-6, 9.642e-5)
		PressureLaplace(lamb_vector)[step=27]: rebuild=false, panels=7288, CG iters=778, solved=true
		ForceMonitor[i_system=1, step=27]:
			CF = (-0.04119, -1.835e-5, -5.353e-6)
			CM = (0.001494, 6.991e-8, -1.416e-5)
		ForceMonitor[i_system=1, step=27]:
			CF = (-0.3586, -0.00335, 0.001281)
			CM = (0.1752, 9.16e-5, -0.0001747)
	step 27/359 at time 0.0075
		PressureLaplace(material_derivative)[step=28]: rebuild=false, panels=7288, CG iters=726, solved=true
		ForceMonitor[i_system=1, step=28]:
			CF = (-0.2247, 3.038e-5, 0.0003009)
			CM = (0.01376, 7.572e-6, 8.439e-5)
		PressureLaplace(lamb_vector)[step=28]: rebuild=false, panels=7288, CG iters=778, solved=true
		ForceMonitor[i_system=1, step=28]:
			CF = (-0.0408, -1.768e-5, -1.592e-5)
			CM = (0.001474, -3.704e-8, -1.384e-5)
		ForceMonitor[i_system=1, step=28]:
			CF = (-0.3515, 0.002675, -0.0004968)
			CM = (0.1719, 6.441e-5, -0.0002526)
	step 28/359 at time 0.0077777777777777776
		PressureLaplace(material_derivative)[step=29]: rebuild=false, panels=7288, CG iters=733, solved=true
		ForceMonitor[i_system=1, step=29]:
			CF = (-0.2246, -3.054e-5, 0.000143)
			CM = (0.01371, 2.383e-5, 6.336e-5)
		PressureLaplace(lamb_vector)[step=29]: rebuild=false, panels=7288, CG iters=778, solved=true
		ForceMonitor[i_system=1, step=29]:
			CF = (-0.0406, -1.401e-5, -2.025e-5)
			CM = (0.001462, -7.949e-7, -1.269e-5)
		ForceMonitor[i_system=1, step=29]:
			CF = (-0.3419, -0.005114, -0.0005724)
			CM = (0.1693, 9.788e-5, -0.0001295)
	step 29/359 at time 0.008055555555555555
		PressureLaplace(material_derivative)[step=30]: rebuild=false, panels=7288, CG iters=735, solved=true
		ForceMonitor[i_system=1, step=30]:
			CF = (-0.2258, -0.0001007, -5.515e-5)
			CM = (0.01373, 8.864e-5, 0.0002028)
		PressureLaplace(lamb_vector)[step=30]: rebuild=false, panels=7288, CG iters=778, solved=true
		ForceMonitor[i_system=1, step=30]:
			CF = (-0.04061, -1.258e-5, -2.174e-5)
			CM = (0.001457, -5.795e-6, -2.463e-5)
		ForceMonitor[i_system=1, step=30]:
			CF = (-0.3352, -0.01991, -0.004637)
			CM = (0.1679, 0.0002522, 3.113e-6)
	step 30/359 at time 0.008333333333333333
		PressureLaplace(material_derivative)[step=31]: rebuild=false, panels=7288, CG iters=737, solved=true
		ForceMonitor[i_system=1, step=31]:
			CF = (-0.2421, -2.953e-5, 6.851e-5)
			CM = (0.01422, 0.0001249, 0.000643)
		PressureLaplace(lamb_vector)[step=31]: rebuild=false, panels=7288, CG iters=778, solved=true
		ForceMonitor[i_system=1, step=31]:
			CF = (-0.04118, -3.979e-5, -3.974e-5)
			CM = (0.001482, -1.225e-5, -5.66e-5)
		ForceMonitor[i_system=1, step=31]:
			CF = (-0.3304, 0.004556, -0.01868)
			CM = (0.1673, 0.0003098, -0.0008818)
	step 31/359 at time 0.008611111111111111
		PressureLaplace(material_derivative)[step=32]: rebuild=false, panels=7288, CG iters=744, solved=true
		ForceMonitor[i_system=1, step=32]:
			CF = (-0.2477, -0.000484, 0.0006787)
			CM = (0.01453, 0.0002902, 0.001154)
		PressureLaplace(lamb_vector)[step=32]: rebuild=false, panels=7288, CG iters=778, solved=true
		ForceMonitor[i_system=1, step=32]:
			CF = (-0.04144, -8.869e-5, -0.0001817)
			CM = (0.001483, -1.02e-5, -0.0001397)
		ForceMonitor[i_system=1, step=32]:
			CF = (-0.3278, -0.01219, -0.0256)
			CM = (0.1674, 0.0008479, -0.002222)
	step 32/359 at time 0.008888888888888889
		PressureLaplace(material_derivative)[step=33]: rebuild=false, panels=7288, CG iters=742, solved=true
		ForceMonitor[i_system=1, step=33]:
			CF = (-0.2409, -0.001272, 0.0008163)
			CM = (0.01431, 0.0004115, 0.0009072)
		PressureLaplace(lamb_vector)[step=33]: rebuild=false, panels=7288, CG iters=778, solved=true
		ForceMonitor[i_system=1, step=33]:
			CF = (-0.04168, -5.288e-5, -0.0002159)
			CM = (0.001497, -1.817e-5, -0.0001443)
		ForceMonitor[i_system=1, step=33]:
			CF = (-0.3372, -0.1019, -0.02096)
			CM = (0.1666, 0.001204, -0.0007383)
	step 33/359 at time 0.009166666666666667
		PressureLaplace(material_derivative)[step=34]: rebuild=false, panels=7288, CG iters=749, solved=true
		ForceMonitor[i_system=1, step=34]:
			CF = (-0.2492, 0.0002107, -0.000509)
			CM = (0.01452, 0.0005611, 0.001669)
		PressureLaplace(lamb_vector)[step=34]: rebuild=false, panels=7288, CG iters=778, solved=true
		ForceMonitor[i_system=1, step=34]:
			CF = (-0.04172, 0.0001141, 8.334e-6)
			CM = (0.001521, -2.215e-5, -0.0001888)
		ForceMonitor[i_system=1, step=34]:
			CF = (-0.3257, -0.06746, -0.04532)
			CM = (0.1643, 0.00157, -0.002499)
	step 34/359 at time 0.009444444444444445
		PressureLaplace(material_derivative)[step=35]: rebuild=false, panels=7288, CG iters=750, solved=true
		ForceMonitor[i_system=1, step=35]:
			CF = (-0.2552, -0.0001408, -0.004488)
			CM = (0.01447, 0.0007075, 0.0009955)
		PressureLaplace(lamb_vector)[step=35]: rebuild=false, panels=7288, CG iters=779, solved=true
		ForceMonitor[i_system=1, step=35]:
			CF = (-0.04167, 0.0003326, 7.471e-5)
			CM = (0.001549, -2.304e-5, -0.0002223)
		ForceMonitor[i_system=1, step=35]:
			CF = (-0.3196, -0.1889, -0.03985)
			CM = (0.1602, 0.002324, -0.001767)
	step 35/359 at time 0.009722222222222222
		PressureLaplace(material_derivative)[step=36]: rebuild=false, panels=7288, CG iters=750, solved=true
		ForceMonitor[i_system=1, step=36]:
			CF = (-0.2541, -0.001216, -0.009959)
			CM = (0.01421, 0.0007331, -0.001108)
		PressureLaplace(lamb_vector)[step=36]: rebuild=false, panels=7288, CG iters=779, solved=true
		ForceMonitor[i_system=1, step=36]:
			CF = (-0.04078, 0.0002158, -0.0002258)
			CM = (0.001554, -2.385e-5, -0.0002812)
		ForceMonitor[i_system=1, step=36]:
			CF = (-0.3203, -0.1973, -0.05656)
			CM = (0.1547, 0.002379, -0.003225)
	step 36/359 at time 0.01
		PressureLaplace(material_derivative)[step=37]: rebuild=false, panels=7288, CG iters=748, solved=true
		ForceMonitor[i_system=1, step=37]:
			CF = (-0.253, -0.00237, -0.008439)
			CM = (0.01408, 0.0006457, -0.001247)
		PressureLaplace(lamb_vector)[step=37]: rebuild=false, panels=7288, CG iters=779, solved=true
		ForceMonitor[i_system=1, step=37]:
			CF = (-0.03947, -9.733e-5, -0.0002379)
			CM = (0.001561, -2.2e-5, -0.000289)
		ForceMonitor[i_system=1, step=37]:
			CF = (-0.3322, -0.183, -0.04863)
			CM = (0.1489, 0.002234, -0.003224)
	step 37/359 at time 0.010277777777777778
		PressureLaplace(material_derivative)[step=38]: rebuild=false, panels=7288, CG iters=742, solved=true
		ForceMonitor[i_system=1, step=38]:
			CF = (-0.2506, -0.002368, -0.002941)
			CM = (0.0139, 0.0005935, -6.505e-5)
		PressureLaplace(lamb_vector)[step=38]: rebuild=false, panels=7288, CG iters=778, solved=true
		ForceMonitor[i_system=1, step=38]:
			CF = (-0.03814, -5.574e-5, -0.000169)
			CM = (0.001563, -2.366e-5, -0.0002716)
		ForceMonitor[i_system=1, step=38]:
			CF = (-0.3397, -0.223, -0.0144)
			CM = (0.1427, 0.002306, -0.0006462)
	step 38/359 at time 0.010555555555555556
		PressureLaplace(material_derivative)[step=39]: rebuild=false, panels=7288, CG iters=737, solved=true
		ForceMonitor[i_system=1, step=39]:
			CF = (-0.2457, -0.001742, 0.0004435)
			CM = (0.0136, 0.0004691, 0.0003638)
		PressureLaplace(lamb_vector)[step=39]: rebuild=false, panels=7288, CG iters=778, solved=true
		ForceMonitor[i_system=1, step=39]:
			CF = (-0.03719, -2.282e-5, -0.0001817)
			CM = (0.001552, -1.761e-5, -0.0002194)
		ForceMonitor[i_system=1, step=39]:
			CF = (-0.3464, -0.2136, 0.005914)
			CM = (0.1377, 0.002003, 0.0008704)
	step 39/359 at time 0.010833333333333334
		PressureLaplace(material_derivative)[step=40]: rebuild=false, panels=7288, CG iters=734, solved=true
		ForceMonitor[i_system=1, step=40]:
			CF = (-0.2337, 0.001232, 0.001209)
			CM = (0.01313, 0.0001001, 0.000944)
		PressureLaplace(lamb_vector)[step=40]: rebuild=false, panels=7288, CG iters=777, solved=true
		ForceMonitor[i_system=1, step=40]:
			CF = (-0.03597, 0.0001951, -7.608e-5)
			CM = (0.001532, -1.811e-5, -0.0001803)
		ForceMonitor[i_system=1, step=40]:
			CF = (-0.37, 0.03042, -0.04294)
			CM = (0.1346, 0.0003082, -0.001979)
	step 40/359 at time 0.011111111111111112
		PressureLaplace(material_derivative)[step=41]: rebuild=false, panels=7288, CG iters=716, solved=true
		ForceMonitor[i_system=1, step=41]:
			CF = (-0.23, 0.0006048, 0.001578)
			CM = (0.01292, 2.691e-5, 0.0005527)
		PressureLaplace(lamb_vector)[step=41]: rebuild=false, panels=7288, CG iters=777, solved=true
		ForceMonitor[i_system=1, step=41]:
			CF = (-0.03558, 0.0001719, 7.216e-5)
			CM = (0.001512, -6.784e-6, -0.0001143)
		ForceMonitor[i_system=1, step=41]:
			CF = (-0.3693, 0.01071, -0.02113)
			CM = (0.1319, 0.0002059, -0.001216)
	step 41/359 at time 0.01138888888888889
		PressureLaplace(material_derivative)[step=42]: rebuild=false, panels=7288, CG iters=736, solved=true
		ForceMonitor[i_system=1, step=42]:
			CF = (-0.2252, 0.0003211, 0.000734)
			CM = (0.01271, 2.205e-5, 0.0002894)
		PressureLaplace(lamb_vector)[step=42]: rebuild=false, panels=7288, CG iters=777, solved=true
		ForceMonitor[i_system=1, step=42]:
			CF = (-0.03521, 9.6e-5, -1.511e-5)
			CM = (0.001499, -1.718e-7, -6.093e-5)
		ForceMonitor[i_system=1, step=42]:
			CF = (-0.3743, 0.003337, -0.01485)
			CM = (0.1301, 0.0001454, -0.0007105)
	step 42/359 at time 0.011666666666666667
		PressureLaplace(material_derivative)[step=43]: rebuild=false, panels=7288, CG iters=716, solved=true
		ForceMonitor[i_system=1, step=43]:
			CF = (-0.2229, 0.0002808, 0.0003171)
			CM = (0.01259, -1.667e-5, 0.0001083)
		PressureLaplace(lamb_vector)[step=43]: rebuild=false, panels=7288, CG iters=776, solved=true
		ForceMonitor[i_system=1, step=43]:
			CF = (-0.03479, 4.175e-5, -7.573e-5)
			CM = (0.001492, 7.969e-6, 9.037e-6)
		ForceMonitor[i_system=1, step=43]:
			CF = (-0.3815, 0.01209, -0.00909)
			CM = (0.1285, -6.162e-5, -0.0001881)
	step 43/359 at time 0.011944444444444445
		PressureLaplace(material_derivative)[step=44]: rebuild=false, panels=7288, CG iters=738, solved=true
		ForceMonitor[i_system=1, step=44]:
			CF = (-0.2228, 0.0003971, 0.000253)
			CM = (0.01252, -8.505e-5, 3.994e-5)
		PressureLaplace(lamb_vector)[step=44]: rebuild=false, panels=7288, CG iters=775, solved=true
		ForceMonitor[i_system=1, step=44]:
			CF = (-0.03441, 2.669e-5, -7.415e-5)
			CM = (0.001492, 1.536e-5, 8.253e-5)
		ForceMonitor[i_system=1, step=44]:
			CF = (-0.3901, 0.04024, -0.005635)
			CM = (0.127, -0.0004127, 0.0001348)
	step 44/359 at time 0.012222222222222223
		PressureLaplace(material_derivative)[step=45]: rebuild=false, panels=7288, CG iters=737, solved=true
		ForceMonitor[i_system=1, step=45]:
			CF = (-0.2233, 0.0006377, 8.952e-5)
			CM = (0.01248, -0.0001596, 0.000148)
		PressureLaplace(lamb_vector)[step=45]: rebuild=false, panels=7288, CG iters=773, solved=true
		ForceMonitor[i_system=1, step=45]:
			CF = (-0.03412, 5.183e-5, -3.08e-5)
			CM = (0.001497, 1.851e-5, 0.0001384)
		ForceMonitor[i_system=1, step=45]:
			CF = (-0.3996, 0.0802, -0.008106)
			CM = (0.1255, -0.0008183, 0.0001729)
	step 45/359 at time 0.0125
		PressureLaplace(material_derivative)[step=46]: rebuild=false, panels=7288, CG iters=737, solved=true
		ForceMonitor[i_system=1, step=46]:
			CF = (-0.2246, 0.0006601, -0.0002961)
			CM = (0.01247, -0.0001779, 0.0002856)
		PressureLaplace(lamb_vector)[step=46]: rebuild=false, panels=7288, CG iters=773, solved=true
		ForceMonitor[i_system=1, step=46]:
			CF = (-0.03378, 5.653e-5, 4.354e-5)
			CM = (0.001505, 1.631e-5, 0.0001559)
		ForceMonitor[i_system=1, step=46]:
			CF = (-0.4094, 0.09497, -0.009549)
			CM = (0.1241, -0.0009435, -8.187e-5)
	step 46/359 at time 0.012777777777777779
		PressureLaplace(material_derivative)[step=47]: rebuild=false, panels=7288, CG iters=736, solved=true
		ForceMonitor[i_system=1, step=47]:
			CF = (-0.226, 0.0005536, 6.797e-5)
			CM = (0.01247, -0.0002052, 0.0003218)
		PressureLaplace(lamb_vector)[step=47]: rebuild=false, panels=7288, CG iters=773, solved=true
		ForceMonitor[i_system=1, step=47]:
			CF = (-0.03353, 6.472e-5, 5.711e-5)
			CM = (0.001513, 1.973e-5, 0.0001833)
		ForceMonitor[i_system=1, step=47]:
			CF = (-0.4163, 0.09256, -0.002954)
			CM = (0.1229, -0.001067, 0.0003982)
	step 47/359 at time 0.013055555555555556
		PressureLaplace(material_derivative)[step=48]: rebuild=false, panels=7288, CG iters=735, solved=true
		ForceMonitor[i_system=1, step=48]:
			CF = (-0.2272, 0.0005167, -0.0002419)
			CM = (0.01249, -0.0001386, 0.0003387)
		PressureLaplace(lamb_vector)[step=48]: rebuild=false, panels=7288, CG iters=773, solved=true
		ForceMonitor[i_system=1, step=48]:
			CF = (-0.03326, 5.134e-5, 0.0001231)
			CM = (0.001517, 8.446e-6, 0.0001308)
		ForceMonitor[i_system=1, step=48]:
			CF = (-0.4243, 0.07418, -0.003425)
			CM = (0.1221, -0.0008035, 5.663e-5)
	step 48/359 at time 0.013333333333333334
		PressureLaplace(material_derivative)[step=49]: rebuild=false, panels=7288, CG iters=735, solved=true
		ForceMonitor[i_system=1, step=49]:
			CF = (-0.2288, 0.0004946, -0.0002245)
			CM = (0.01254, -0.0001389, 0.0005209)
		PressureLaplace(lamb_vector)[step=49]: rebuild=false, panels=7288, CG iters=773, solved=true
		ForceMonitor[i_system=1, step=49]:
			CF = (-0.0331, 7.277e-5, 0.0001692)
			CM = (0.001518, 5.387e-6, 0.0001103)
		ForceMonitor[i_system=1, step=49]:
			CF = (-0.4311, 0.07866, -0.00677)
			CM = (0.1219, -0.0008092, -0.0002442)
	step 49/359 at time 0.01361111111111111
		PressureLaplace(material_derivative)[step=50]: rebuild=false, panels=7288, CG iters=734, solved=true
		ForceMonitor[i_system=1, step=50]:
			CF = (-0.23, 0.00044, -0.0001568)
			CM = (0.01259, -0.0001383, 0.0006456)
		PressureLaplace(lamb_vector)[step=50]: rebuild=false, panels=7288, CG iters=771, solved=true
		ForceMonitor[i_system=1, step=50]:
			CF = (-0.033, 0.0001035, 0.0002063)
			CM = (0.001516, 5.204e-7, 7.719e-5)
		ForceMonitor[i_system=1, step=50]:
			CF = (-0.4377, 0.08044, -0.009084)
			CM = (0.1221, -0.0007844, -0.0004784)
	step 50/359 at time 0.013888888888888888
		PressureLaplace(material_derivative)[step=51]: rebuild=false, panels=7288, CG iters=734, solved=true
		ForceMonitor[i_system=1, step=51]:
			CF = (-0.2314, 0.0003026, -0.0006389)
			CM = (0.01264, -7.416e-5, 0.0005593)
		PressureLaplace(lamb_vector)[step=51]: rebuild=false, panels=7288, CG iters=771, solved=true
		ForceMonitor[i_system=1, step=51]:
			CF = (-0.03288, 9.511e-5, 0.0002245)
			CM = (0.001518, -8.239e-6, 1.028e-5)
		ForceMonitor[i_system=1, step=51]:
			CF = (-0.4436, 0.05887, -0.01282)
			CM = (0.1221, -0.0004728, -0.001046)
	step 51/359 at time 0.014166666666666666
		PressureLaplace(material_derivative)[step=52]: rebuild=false, panels=7288, CG iters=734, solved=true
		ForceMonitor[i_system=1, step=52]:
			CF = (-0.2334, 0.0001479, -0.000658)
			CM = (0.01269, -4.231e-5, 0.0005441)
		PressureLaplace(lamb_vector)[step=52]: rebuild=false, panels=7288, CG iters=771, solved=true
		ForceMonitor[i_system=1, step=52]:
			CF = (-0.03271, 8.683e-5, 0.0002192)
			CM = (0.001524, -1.1e-5, -2.37e-5)
		ForceMonitor[i_system=1, step=52]:
			CF = (-0.4485, 0.04311, -0.01401)
			CM = (0.1215, -0.0002827, -0.001247)
	step 52/359 at time 0.014444444444444444
		PressureLaplace(material_derivative)[step=53]: rebuild=false, panels=7288, CG iters=734, solved=true
		ForceMonitor[i_system=1, step=53]:
			CF = (-0.2347, 0.0002236, -0.001366)
			CM = (0.0127, 1.134e-5, 0.0002603)
		PressureLaplace(lamb_vector)[step=53]: rebuild=false, panels=7288, CG iters=765, solved=true
		ForceMonitor[i_system=1, step=53]:
			CF = (-0.03245, 6.0e-5, 0.0001946)
			CM = (0.001534, -1.468e-5, -6.461e-5)
		ForceMonitor[i_system=1, step=53]:
			CF = (-0.452, 0.03287, -0.01962)
			CM = (0.1201, -3.085e-5, -0.001899)
	step 53/359 at time 0.014722222222222222
		PressureLaplace(material_derivative)[step=54]: rebuild=false, panels=7288, CG iters=731, solved=true
		ForceMonitor[i_system=1, step=54]:
			CF = (-0.2361, 1.041e-5, -0.001582)
			CM = (0.01271, 4.623e-5, 3.32e-5)
		PressureLaplace(lamb_vector)[step=54]: rebuild=false, panels=7288, CG iters=763, solved=true
		ForceMonitor[i_system=1, step=54]:
			CF = (-0.03207, 5.247e-5, 0.0001462)
			CM = (0.001536, -1.547e-5, -8.392e-5)
		ForceMonitor[i_system=1, step=54]:
			CF = (-0.452, 0.00584, -0.01845)
			CM = (0.118, 0.0001744, -0.00167)
	step 54/359 at time 0.015
		PressureLaplace(material_derivative)[step=55]: rebuild=false, panels=7288, CG iters=709, solved=true
		ForceMonitor[i_system=1, step=55]:
			CF = (-0.2355, -0.0002283, -0.001425)
			CM = (0.01265, 7.578e-5, -0.0001264)
		PressureLaplace(lamb_vector)[step=55]: rebuild=false, panels=7288, CG iters=753, solved=true
		ForceMonitor[i_system=1, step=55]:
			CF = (-0.03165, 4.894e-5, 0.0001024)
			CM = (0.00153, -1.621e-5, -9.214e-5)
		ForceMonitor[i_system=1, step=55]:
			CF = (-0.45, -0.02268, -0.01338)
			CM = (0.1159, 0.0003467, -0.001086)
	step 55/359 at time 0.015277777777777777
		PressureLaplace(material_derivative)[step=56]: rebuild=false, panels=7288, CG iters=712, solved=true
		ForceMonitor[i_system=1, step=56]:
			CF = (-0.2341, -0.0001037, -0.001245)
			CM = (0.01258, 6.259e-5, 5.559e-6)
		PressureLaplace(lamb_vector)[step=56]: rebuild=false, panels=7288, CG iters=760, solved=true
		ForceMonitor[i_system=1, step=56]:
			CF = (-0.03138, 8.766e-5, 8.896e-5)
			CM = (0.001527, -1.653e-5, -0.0001081)
		ForceMonitor[i_system=1, step=56]:
			CF = (-0.4511, -0.008769, -0.01619)
			CM = (0.1139, 0.0002849, -0.001098)
	step 56/359 at time 0.015555555555555555
		PressureLaplace(material_derivative)[step=57]: rebuild=false, panels=7288, CG iters=729, solved=true
		ForceMonitor[i_system=1, step=57]:
			CF = (-0.2275, -0.0006699, -0.0005266)
			CM = (0.01237, 9.32e-5, -5.023e-5)
		PressureLaplace(lamb_vector)[step=57]: rebuild=false, panels=7288, CG iters=763, solved=true
		ForceMonitor[i_system=1, step=57]:
			CF = (-0.03114, 7.822e-6, 4.318e-5)
			CM = (0.001512, -8.186e-6, -7.968e-5)
		ForceMonitor[i_system=1, step=57]:
			CF = (-0.4506, -0.06199, 0.001222)
			CM = (0.1123, 0.00048, 4.311e-5)
	step 57/359 at time 0.015833333333333335
		PressureLaplace(material_derivative)[step=58]: rebuild=false, panels=7288, CG iters=734, solved=true
		ForceMonitor[i_system=1, step=58]:
			CF = (-0.2261, -0.0007584, 0.0002796)
			CM = (0.01228, 0.0001276, 0.0002146)
		PressureLaplace(lamb_vector)[step=58]: rebuild=false, panels=7288, CG iters=765, solved=true
		ForceMonitor[i_system=1, step=58]:
			CF = (-0.03099, -2.591e-6, 8.696e-5)
			CM = (0.001505, -1.588e-5, -9.318e-5)
		ForceMonitor[i_system=1, step=58]:
			CF = (-0.4456, -0.0739, 0.004038)
			CM = (0.1105, 0.0005807, 0.0004284)
	step 58/359 at time 0.01611111111111111
		PressureLaplace(material_derivative)[step=59]: rebuild=false, panels=7288, CG iters=735, solved=true
		ForceMonitor[i_system=1, step=59]:
			CF = (-0.2251, -0.0006413, 0.0006507)
			CM = (0.01221, 0.0001404, 0.0003192)
		PressureLaplace(lamb_vector)[step=59]: rebuild=false, panels=7288, CG iters=767, solved=true
		ForceMonitor[i_system=1, step=59]:
			CF = (-0.0309, 1.479e-5, 0.0001043)
			CM = (0.001503, -2.439e-5, -0.0001264)
		ForceMonitor[i_system=1, step=59]:
			CF = (-0.4383, -0.06603, 0.0007731)
			CM = (0.1087, 0.0006233, 0.0001248)
	step 59/359 at time 0.01638888888888889
		PressureLaplace(material_derivative)[step=60]: rebuild=false, panels=7288, CG iters=736, solved=true
		ForceMonitor[i_system=1, step=60]:
			CF = (-0.2248, -0.0004077, 0.0005894)
			CM = (0.01215, 0.0001407, 0.0003333)
		PressureLaplace(lamb_vector)[step=60]: rebuild=false, panels=7288, CG iters=763, solved=true
		ForceMonitor[i_system=1, step=60]:
			CF = (-0.03072, 3.412e-5, 9.786e-5)
			CM = (0.001506, -2.941e-5, -0.0001634)
		ForceMonitor[i_system=1, step=60]:
			CF = (-0.4322, -0.05054, -0.004937)
			CM = (0.1072, 0.0006307, -0.0004706)
	step 60/359 at time 0.016666666666666666
		PressureLaplace(material_derivative)[step=61]: rebuild=false, panels=7288, CG iters=737, solved=true
		ForceMonitor[i_system=1, step=61]:
			CF = (-0.226, -0.0001802, 0.0002659)
			CM = (0.01213, 0.0001434, 0.0002316)
		PressureLaplace(lamb_vector)[step=61]: rebuild=false, panels=7288, CG iters=752, solved=true
		ForceMonitor[i_system=1, step=61]:
			CF = (-0.0305, 4.301e-5, 7.198e-5)
			CM = (0.001514, -3.214e-5, -0.0001999)
		ForceMonitor[i_system=1, step=61]:
			CF = (-0.4286, -0.03834, -0.009651)
			CM = (0.1058, 0.0006676, -0.001034)
	step 61/359 at time 0.016944444444444446
		PressureLaplace(material_derivative)[step=62]: rebuild=false, panels=7288, CG iters=735, solved=true
		ForceMonitor[i_system=1, step=62]:
			CF = (-0.2294, 0.0001093, -0.0003467)
			CM = (0.01216, 0.0001454, 0.0001045)
		PressureLaplace(lamb_vector)[step=62]: rebuild=false, panels=7288, CG iters=771, solved=true
		ForceMonitor[i_system=1, step=62]:
			CF = (-0.03018, 5.351e-5, 3.414e-5)
			CM = (0.001525, -3.383e-5, -0.0002429)
		ForceMonitor[i_system=1, step=62]:
			CF = (-0.4272, -0.02034, -0.01727)
			CM = (0.1042, 0.0007001, -0.001941)
	step 62/359 at time 0.017222222222222222
		PressureLaplace(material_derivative)[step=63]: rebuild=false, panels=7288, CG iters=725, solved=true
		ForceMonitor[i_system=1, step=63]:
			CF = (-0.2333, 0.0004186, -0.001488)
			CM = (0.01217, 0.0001528, -0.0001564)
		PressureLaplace(lamb_vector)[step=63]: rebuild=false, panels=7288, CG iters=773, solved=true
		ForceMonitor[i_system=1, step=63]:
			CF = (-0.02976, 4.064e-5, -2.156e-5)
			CM = (0.001533, -3.388e-5, -0.0002945)
		ForceMonitor[i_system=1, step=63]:
			CF = (-0.426, 0.003501, -0.03021)
			CM = (0.1021, 0.0007666, -0.003385)
	step 63/359 at time 0.0175
		PressureLaplace(material_derivative)[step=64]: rebuild=false, panels=7288, CG iters=735, solved=true
		ForceMonitor[i_system=1, step=64]:
			CF = (-0.2365, 0.0005836, -0.00258)
			CM = (0.01216, 0.0001647, -0.0004186)
		PressureLaplace(lamb_vector)[step=64]: rebuild=false, panels=7288, CG iters=775, solved=true
		ForceMonitor[i_system=1, step=64]:
			CF = (-0.02931, 3.312e-5, -6.787e-5)
			CM = (0.001533, -3.396e-5, -0.0003519)
		ForceMonitor[i_system=1, step=64]:
			CF = (-0.4251, 0.02626, -0.04377)
			CM = (0.09999, 0.0008461, -0.004906)
	step 64/359 at time 0.017777777777777778
		PressureLaplace(material_derivative)[step=65]: rebuild=false, panels=7288, CG iters=735, solved=true
		ForceMonitor[i_system=1, step=65]:
			CF = (-0.2383, 0.0005305, -0.003267)
			CM = (0.01211, 0.0001941, -0.0006593)
		PressureLaplace(lamb_vector)[step=65]: rebuild=false, panels=7288, CG iters=775, solved=true
		ForceMonitor[i_system=1, step=65]:
			CF = (-0.02892, 3.468e-6, -0.0001157)
			CM = (0.001525, -2.956e-5, -0.0003758)
		ForceMonitor[i_system=1, step=65]:
			CF = (-0.4215, 0.01875, -0.04908)
			CM = (0.09803, 0.001006, -0.005519)
	step 65/359 at time 0.018055555555555554
		PressureLaplace(material_derivative)[step=66]: rebuild=false, panels=7288, CG iters=735, solved=true
		ForceMonitor[i_system=1, step=66]:
			CF = (-0.2383, 0.0005682, -0.004017)
			CM = (0.01205, 0.0001873, -0.001004)
		PressureLaplace(lamb_vector)[step=66]: rebuild=false, panels=7288, CG iters=775, solved=true
		ForceMonitor[i_system=1, step=66]:
			CF = (-0.02868, -2.799e-5, -0.0001661)
			CM = (0.001515, -1.808e-5, -0.0003503)
		ForceMonitor[i_system=1, step=66]:
			CF = (-0.4203, 0.02133, -0.05121)
			CM = (0.09695, 0.001014, -0.005927)
	step 66/359 at time 0.018333333333333333
		PressureLaplace(material_derivative)[step=67]: rebuild=false, panels=7288, CG iters=710, solved=true
		ForceMonitor[i_system=1, step=67]:
			CF = (-0.2401, 0.0003025, -0.004476)
			CM = (0.01209, 0.0002328, -0.001147)
		PressureLaplace(lamb_vector)[step=67]: rebuild=false, panels=7288, CG iters=775, solved=true
		ForceMonitor[i_system=1, step=67]:
			CF = (-0.02871, -3.131e-5, -0.0001418)
			CM = (0.001506, -2.118e-5, -0.0003386)
		ForceMonitor[i_system=1, step=67]:
			CF = (-0.4177, -0.0112, -0.04617)
			CM = (0.09719, 0.001197, -0.00539)
	step 67/359 at time 0.01861111111111111
		PressureLaplace(material_derivative)[step=68]: rebuild=false, panels=7288, CG iters=737, solved=true
		ForceMonitor[i_system=1, step=68]:
			CF = (-0.2416, 3.089e-5, -0.004793)
			CM = (0.01214, 0.0002729, -0.001255)
		PressureLaplace(lamb_vector)[step=68]: rebuild=false, panels=7288, CG iters=775, solved=true
		ForceMonitor[i_system=1, step=68]:
			CF = (-0.02887, -4.038e-5, -0.0001076)
			CM = (0.001501, -1.942e-5, -0.0003107)
		ForceMonitor[i_system=1, step=68]:
			CF = (-0.4181, -0.03953, -0.04058)
			CM = (0.09817, 0.001381, -0.005007)
	step 68/359 at time 0.01888888888888889
		PressureLaplace(material_derivative)[step=69]: rebuild=false, panels=7288, CG iters=742, solved=true
		ForceMonitor[i_system=1, step=69]:
			CF = (-0.246, -0.0006064, -0.00469)
			CM = (0.01227, 0.0003254, -0.00136)
		PressureLaplace(lamb_vector)[step=69]: rebuild=false, panels=7288, CG iters=775, solved=true
		ForceMonitor[i_system=1, step=69]:
			CF = (-0.02905, -8.649e-5, -0.0001101)
			CM = (0.001498, -1.213e-5, -0.0002551)
		ForceMonitor[i_system=1, step=69]:
			CF = (-0.4199, -0.09462, -0.02625)
			CM = (0.09915, 0.001614, -0.003913)
	step 69/359 at time 0.019166666666666665
		PressureLaplace(material_derivative)[step=70]: rebuild=false, panels=7288, CG iters=744, solved=true
		ForceMonitor[i_system=1, step=70]:
			CF = (-0.2564, -0.001327, -0.003503)
			CM = (0.01259, 0.000351, -0.001525)
		PressureLaplace(lamb_vector)[step=70]: rebuild=false, panels=7288, CG iters=775, solved=true
		ForceMonitor[i_system=1, step=70]:
			CF = (-0.02938, -0.0001497, -0.0001478)
			CM = (0.001508, 2.627e-7, -0.0001672)
		ForceMonitor[i_system=1, step=70]:
			CF = (-0.4257, -0.1636, -0.0001703)
			CM = (0.09982, 0.001701, -0.001626)
	step 70/359 at time 0.019444444444444445
		PressureLaplace(material_derivative)[step=71]: rebuild=false, panels=7288, CG iters=744, solved=true
		ForceMonitor[i_system=1, step=71]:
			CF = (-0.2667, -0.002107, -0.003214)
			CM = (0.01294, 0.0003238, -0.00218)
		PressureLaplace(lamb_vector)[step=71]: rebuild=false, panels=7288, CG iters=775, solved=true
		ForceMonitor[i_system=1, step=71]:
			CF = (-0.02954, -0.000248, -0.0003423)
			CM = (0.001536, 2.189e-5, -7.979e-5)
		ForceMonitor[i_system=1, step=71]:
			CF = (-0.4378, -0.2027, 0.0276)
			CM = (0.09925, 0.00141, 0.0008945)
	step 71/359 at time 0.01972222222222222
		PressureLaplace(material_derivative)[step=72]: rebuild=false, panels=7288, CG iters=743, solved=true
		ForceMonitor[i_system=1, step=72]:
			CF = (-0.2698, -0.002247, -0.002297)
			CM = (0.01318, 0.0002758, -0.002316)
		PressureLaplace(lamb_vector)[step=72]: rebuild=false, panels=7288, CG iters=772, solved=true
		ForceMonitor[i_system=1, step=72]:
			CF = (-0.0288, -0.0003196, -0.0003321)
			CM = (0.001519, 3.129e-5, 9.783e-5)
		ForceMonitor[i_system=1, step=72]:
			CF = (-0.4311, -0.1676, 0.03593)
			CM = (0.09814, 0.0008254, 0.002828)
	step 72/359 at time 0.02
		PressureLaplace(material_derivative)[step=73]: rebuild=false, panels=7288, CG iters=737, solved=true
		ForceMonitor[i_system=1, step=73]:
			CF = (-0.2599, -0.001767, 0.001478)
			CM = (0.0129, 0.0001435, -0.0007294)
		PressureLaplace(lamb_vector)[step=73]: rebuild=false, panels=7288, CG iters=767, solved=true
		ForceMonitor[i_system=1, step=73]:
			CF = (-0.02849, -0.0003786, -0.0003651)
			CM = (0.001512, 3.649e-5, 0.0001989)
		ForceMonitor[i_system=1, step=73]:
			CF = (-0.4232, -0.08779, 0.03748)
			CM = (0.09688, 0.0001895, 0.003672)
	step 73/359 at time 0.020277777777777777
		PressureLaplace(material_derivative)[step=74]: rebuild=false, panels=7288, CG iters=737, solved=true
		ForceMonitor[i_system=1, step=74]:
			CF = (-0.2496, -0.001828, 0.005518)
			CM = (0.0125, 3.465e-5, 0.0004707)
		PressureLaplace(lamb_vector)[step=74]: rebuild=false, panels=7288, CG iters=772, solved=true
		ForceMonitor[i_system=1, step=74]:
			CF = (-0.0283, -0.0004181, -0.0003988)
			CM = (0.001506, 4.615e-5, 0.0003215)
		ForceMonitor[i_system=1, step=74]:
			CF = (-0.418, -0.09029, 0.05672)
			CM = (0.09557, -0.0002247, 0.005849)
	step 74/359 at time 0.020555555555555556
		PressureLaplace(material_derivative)[step=75]: rebuild=false, panels=7288, CG iters=736, solved=true
		ForceMonitor[i_system=1, step=75]:
			CF = (-0.242, -0.001125, 0.007191)
			CM = (0.01215, -0.0001033, 0.0009431)
		PressureLaplace(lamb_vector)[step=75]: rebuild=false, panels=7288, CG iters=772, solved=true
		ForceMonitor[i_system=1, step=75]:
			CF = (-0.02812, -0.0003441, -0.0003372)
			CM = (0.001491, 4.63e-5, 0.0004252)
		ForceMonitor[i_system=1, step=75]:
			CF = (-0.4187, -0.06342, 0.06335)
			CM = (0.094, -0.0008066, 0.007577)
	step 75/359 at time 0.020833333333333332
		PressureLaplace(material_derivative)[step=76]: rebuild=false, panels=7288, CG iters=736, solved=true
		ForceMonitor[i_system=1, step=76]:
			CF = (-0.2379, -0.0001147, 0.007598)
			CM = (0.01192, -0.0001961, 0.001183)
		PressureLaplace(lamb_vector)[step=76]: rebuild=false, panels=7288, CG iters=773, solved=true
		ForceMonitor[i_system=1, step=76]:
			CF = (-0.02786, -0.0002263, -0.0002873)
			CM = (0.001474, 4.427e-5, 0.0004809)
		ForceMonitor[i_system=1, step=76]:
			CF = (-0.4127, -0.0003676, 0.05628)
			CM = (0.09246, -0.001221, 0.007582)
	step 76/359 at time 0.021111111111111112
		PressureLaplace(material_derivative)[step=77]: rebuild=false, panels=7288, CG iters=738, solved=true
		ForceMonitor[i_system=1, step=77]:
			CF = (-0.236, 0.0007938, 0.007896)
			CM = (0.01184, -0.0002814, 0.00142)
		PressureLaplace(lamb_vector)[step=77]: rebuild=false, panels=7288, CG iters=774, solved=true
		ForceMonitor[i_system=1, step=77]:
			CF = (-0.02786, -0.0002322, -0.0004546)
			CM = (0.001474, 5.799e-5, 0.000504)
		ForceMonitor[i_system=1, step=77]:
			CF = (-0.4115, 0.05591, 0.05415)
			CM = (0.09148, -0.001544, 0.007577)
	step 77/359 at time 0.021388888888888888
		PressureLaplace(material_derivative)[step=78]: rebuild=false, panels=7288, CG iters=738, solved=true
		ForceMonitor[i_system=1, step=78]:
			CF = (-0.2344, 0.001562, 0.008386)
			CM = (0.01176, -0.0003874, 0.001702)
		PressureLaplace(lamb_vector)[step=78]: rebuild=false, panels=7288, CG iters=775, solved=true
		ForceMonitor[i_system=1, step=78]:
			CF = (-0.02778, -0.0001566, -0.00041)
			CM = (0.00147, 6.35e-5, 0.0005357)
		ForceMonitor[i_system=1, step=78]:
			CF = (-0.4117, 0.12, 0.05259)
			CM = (0.09111, -0.002009, 0.007348)
	step 78/359 at time 0.021666666666666667
		PressureLaplace(material_derivative)[step=79]: rebuild=false, panels=7288, CG iters=739, solved=true
		ForceMonitor[i_system=1, step=79]:
			CF = (-0.2354, 0.001912, 0.008473)
			CM = (0.01176, -0.0005058, 0.001825)
		PressureLaplace(lamb_vector)[step=79]: rebuild=false, panels=7288, CG iters=776, solved=true
		ForceMonitor[i_system=1, step=79]:
			CF = (-0.02784, -9.339e-5, -0.0002896)
			CM = (0.001472, 6.821e-5, 0.0005617)
		ForceMonitor[i_system=1, step=79]:
			CF = (-0.4147, 0.183, 0.05362)
			CM = (0.09131, -0.002555, 0.006888)
	step 79/359 at time 0.021944444444444444
		PressureLaplace(material_derivative)[step=80]: rebuild=false, panels=7288, CG iters=693, solved=true
		ForceMonitor[i_system=1, step=80]:
			CF = (-0.2395, 0.002362, 0.009425)
			CM = (0.01184, -0.0005905, 0.002416)
		PressureLaplace(lamb_vector)[step=80]: rebuild=false, panels=7288, CG iters=776, solved=true
		ForceMonitor[i_system=1, step=80]:
			CF = (-0.02786, -2.58e-5, -0.000122)
			CM = (0.001484, 6.878e-5, 0.0005671)
		ForceMonitor[i_system=1, step=80]:
			CF = (-0.4189, 0.2308, 0.05797)
			CM = (0.09135, -0.002941, 0.006453)
	step 80/359 at time 0.022222222222222223
		PressureLaplace(material_derivative)[step=81]: rebuild=false, panels=7288, CG iters=744, solved=true
		ForceMonitor[i_system=1, step=81]:
			CF = (-0.2454, 0.002298, 0.01029)
			CM = (0.01195, -0.0006098, 0.003134)
		PressureLaplace(lamb_vector)[step=81]: rebuild=false, panels=7288, CG iters=763, solved=true
		ForceMonitor[i_system=1, step=81]:
			CF = (-0.02768, 4.0e-5, 0.0001166)
			CM = (0.001502, 5.893e-5, 0.00052)
		ForceMonitor[i_system=1, step=81]:
			CF = (-0.4211, 0.247, 0.06391)
			CM = (0.09081, -0.003012, 0.005945)
	step 81/359 at time 0.0225
		PressureLaplace(material_derivative)[step=82]: rebuild=false, panels=7288, CG iters=745, solved=true
		ForceMonitor[i_system=1, step=82]:
			CF = (-0.2516, 0.001763, 0.01086)
			CM = (0.01209, -0.0005969, 0.003868)
		PressureLaplace(lamb_vector)[step=82]: rebuild=false, panels=7288, CG iters=776, solved=true
		ForceMonitor[i_system=1, step=82]:
			CF = (-0.02754, 3.28e-5, 0.0003306)
			CM = (0.001525, 4.573e-5, 0.0004479)
		ForceMonitor[i_system=1, step=82]:
			CF = (-0.4231, 0.2467, 0.06642)
			CM = (0.09022, -0.002948, 0.005366)
	step 82/359 at time 0.02277777777777778
		PressureLaplace(material_derivative)[step=83]: rebuild=false, panels=7288, CG iters=745, solved=true
		ForceMonitor[i_system=1, step=83]:
			CF = (-0.2566, 0.001001, 0.01152)
			CM = (0.01225, -0.0005377, 0.004545)
		PressureLaplace(lamb_vector)[step=83]: rebuild=false, panels=7288, CG iters=776, solved=true
		ForceMonitor[i_system=1, step=83]:
			CF = (-0.02725, -4.914e-5, 0.0005306)
			CM = (0.001544, 2.164e-5, 0.0003345)
		ForceMonitor[i_system=1, step=83]:
			CF = (-0.4259, 0.2175, 0.06734)
			CM = (0.0897, -0.002651, 0.004871)
	step 83/359 at time 0.023055555555555555
		PressureLaplace(material_derivative)[step=84]: rebuild=false, panels=7288, CG iters=745, solved=true
		ForceMonitor[i_system=1, step=84]:
			CF = (-0.2554, 0.0007879, 0.01116)
			CM = (0.01217, -0.0004468, 0.00448)
		PressureLaplace(lamb_vector)[step=84]: rebuild=false, panels=7288, CG iters=777, solved=true
		ForceMonitor[i_system=1, step=84]:
			CF = (-0.02716, -4.597e-5, 0.0006219)
			CM = (0.001537, -6.247e-6, 0.0002133)
		ForceMonitor[i_system=1, step=84]:
			CF = (-0.4212, 0.2035, 0.0574)
			CM = (0.08853, -0.002228, 0.003436)
	step 84/359 at time 0.023333333333333334
		PressureLaplace(material_derivative)[step=85]: rebuild=false, panels=7288, CG iters=745, solved=true
		ForceMonitor[i_system=1, step=85]:
			CF = (-0.2546, 5.377e-5, 0.01045)
			CM = (0.01219, -0.0003464, 0.00438)
		PressureLaplace(lamb_vector)[step=85]: rebuild=false, panels=7288, CG iters=776, solved=true
		ForceMonitor[i_system=1, step=85]:
			CF = (-0.02698, -1.17e-5, 0.0006903)
			CM = (0.001527, -2.771e-5, 7.43e-5)
		ForceMonitor[i_system=1, step=85]:
			CF = (-0.4242, 0.1305, 0.05462)
			CM = (0.0885, -0.00163, 0.003146)
	step 85/359 at time 0.02361111111111111
		PressureLaplace(material_derivative)[step=86]: rebuild=false, panels=7288, CG iters=744, solved=true
		ForceMonitor[i_system=1, step=86]:
			CF = (-0.252, -0.0006524, 0.00889)
			CM = (0.01216, -0.0002489, 0.003903)
		PressureLaplace(lamb_vector)[step=86]: rebuild=false, panels=7288, CG iters=776, solved=true
		ForceMonitor[i_system=1, step=86]:
			CF = (-0.02697, 9.915e-5, 0.0006405)
			CM = (0.001514, -4.14e-5, -6.582e-5)
		ForceMonitor[i_system=1, step=86]:
			CF = (-0.4262, 0.06346, 0.04707)
			CM = (0.08913, -0.001097, 0.002593)
	step 86/359 at time 0.02388888888888889
		PressureLaplace(material_derivative)[step=87]: rebuild=false, panels=7288, CG iters=742, solved=true
		ForceMonitor[i_system=1, step=87]:
			CF = (-0.2498, -0.001186, 0.007549)
			CM = (0.01215, -0.0001591, 0.003415)
		PressureLaplace(lamb_vector)[step=87]: rebuild=false, panels=7288, CG iters=774, solved=true
		ForceMonitor[i_system=1, step=87]:
			CF = (-0.0272, 0.0002071, 0.0005365)
			CM = (0.001504, -4.738e-5, -0.000173)
		ForceMonitor[i_system=1, step=87]:
			CF = (-0.4257, 0.01183, 0.03986)
			CM = (0.09017, -0.00063, 0.002052)
	step 87/359 at time 0.024166666666666666
		PressureLaplace(material_derivative)[step=88]: rebuild=false, panels=7288, CG iters=742, solved=true
		ForceMonitor[i_system=1, step=88]:
			CF = (-0.2493, -0.001411, 0.006169)
			CM = (0.0122, -0.0001005, 0.002879)
		PressureLaplace(lamb_vector)[step=88]: rebuild=false, panels=7288, CG iters=774, solved=true
		ForceMonitor[i_system=1, step=88]:
			CF = (-0.02744, 0.0002261, 0.000471)
			CM = (0.001503, -4.203e-5, -0.0002411)
		ForceMonitor[i_system=1, step=88]:
			CF = (-0.425, -0.02255, 0.03425)
			CM = (0.09165, -0.0002757, 0.001527)
	step 88/359 at time 0.024444444444444446
		PressureLaplace(material_derivative)[step=89]: rebuild=false, panels=7288, CG iters=740, solved=true
		ForceMonitor[i_system=1, step=89]:
			CF = (-0.2512, -0.001887, 0.005886)
			CM = (0.01236, -0.0001121, 0.002563)
		PressureLaplace(lamb_vector)[step=89]: rebuild=false, panels=7288, CG iters=773, solved=true
		ForceMonitor[i_system=1, step=89]:
			CF = (-0.02766, 0.0003227, 0.0004295)
			CM = (0.001511, -3.043e-5, -0.0002816)
		ForceMonitor[i_system=1, step=89]:
			CF = (-0.4275, -0.05609, 0.03828)
			CM = (0.09363, -0.0001952, 0.001776)
	step 89/359 at time 0.024722222222222222
		PressureLaplace(material_derivative)[step=90]: rebuild=false, panels=7288, CG iters=742, solved=true
		ForceMonitor[i_system=1, step=90]:
			CF = (-0.2549, -0.002463, 0.006073)
			CM = (0.01257, -0.0001686, 0.002389)
		PressureLaplace(lamb_vector)[step=90]: rebuild=false, panels=7288, CG iters=772, solved=true
		ForceMonitor[i_system=1, step=90]:
			CF = (-0.02819, 0.0005011, 0.0004211)
			CM = (0.001532, -2.853e-5, -0.000279)
		ForceMonitor[i_system=1, step=90]:
			CF = (-0.4313, -0.0715, 0.0432)
			CM = (0.0955, -0.000256, 0.00204)
	step 90/359 at time 0.025
		PressureLaplace(material_derivative)[step=91]: rebuild=false, panels=7288, CG iters=740, solved=true
		ForceMonitor[i_system=1, step=91]:
			CF = (-0.2567, -0.002887, 0.005325)
			CM = (0.01267, -0.0001995, 0.001957)
		PressureLaplace(lamb_vector)[step=91]: rebuild=false, panels=7288, CG iters=772, solved=true
		ForceMonitor[i_system=1, step=91]:
			CF = (-0.02841, 0.0005547, 0.0004239)
			CM = (0.001541, -2.848e-5, -0.0002621)
		ForceMonitor[i_system=1, step=91]:
			CF = (-0.4325, -0.07325, 0.04164)
			CM = (0.0964, -0.0002654, 0.001826)
	step 91/359 at time 0.025277777777777777
		PressureLaplace(material_derivative)[step=92]: rebuild=false, panels=7288, CG iters=738, solved=true
		ForceMonitor[i_system=1, step=92]:
			CF = (-0.2573, -0.003077, 0.004171)
			CM = (0.01273, -0.000228, 0.001425)
		PressureLaplace(lamb_vector)[step=92]: rebuild=false, panels=7288, CG iters=772, solved=true
		ForceMonitor[i_system=1, step=92]:
			CF = (-0.02842, 0.0005932, 0.0004411)
			CM = (0.001544, -2.889e-5, -0.0002442)
		ForceMonitor[i_system=1, step=92]:
			CF = (-0.431, -0.06802, 0.03577)
			CM = (0.09639, -0.0002803, 0.001489)
	step 92/359 at time 0.025555555555555557
		PressureLaplace(material_derivative)[step=93]: rebuild=false, panels=7288, CG iters=737, solved=true
		ForceMonitor[i_system=1, step=93]:
			CF = (-0.2564, -0.003005, 0.002454)
			CM = (0.01271, -0.0002576, 0.0007136)
		PressureLaplace(lamb_vector)[step=93]: rebuild=false, panels=7288, CG iters=772, solved=true
		ForceMonitor[i_system=1, step=93]:
			CF = (-0.02828, 0.0006317, 0.0004649)
			CM = (0.001544, -2.954e-5, -0.0002337)
		ForceMonitor[i_system=1, step=93]:
			CF = (-0.4272, -0.05471, 0.02525)
			CM = (0.09545, -0.0002781, 0.0007507)
	step 93/359 at time 0.025833333333333333
		PressureLaplace(material_derivative)[step=94]: rebuild=false, panels=7288, CG iters=735, solved=true
		ForceMonitor[i_system=1, step=94]:
			CF = (-0.2539, -0.002657, 0.0003722)
			CM = (0.01263, -0.0002794, -0.0002581)
		PressureLaplace(lamb_vector)[step=94]: rebuild=false, panels=7288, CG iters=772, solved=true
		ForceMonitor[i_system=1, step=94]:
			CF = (-0.02805, 0.0006583, 0.000479)
			CM = (0.001542, -2.819e-5, -0.0002129)
		ForceMonitor[i_system=1, step=94]:
			CF = (-0.4223, -0.03855, 0.01272)
			CM = (0.09401, -0.0002505, -0.0002842)
	step 94/359 at time 0.026111111111111113
		PressureLaplace(material_derivative)[step=95]: rebuild=false, panels=7288, CG iters=734, solved=true
		ForceMonitor[i_system=1, step=95]:
			CF = (-0.2522, -0.00217, -0.002088)
			CM = (0.01258, -0.000303, -0.001509)
		PressureLaplace(lamb_vector)[step=95]: rebuild=false, panels=7288, CG iters=773, solved=true
		ForceMonitor[i_system=1, step=95]:
			CF = (-0.02775, 0.0006821, 0.0004707)
			CM = (0.001538, -2.601e-5, -0.0001727)
		ForceMonitor[i_system=1, step=95]:
			CF = (-0.4175, -0.01718, -0.00222)
			CM = (0.09256, -0.0002604, -0.001603)
	step 95/359 at time 0.02638888888888889
		PressureLaplace(material_derivative)[step=96]: rebuild=false, panels=7288, CG iters=733, solved=true
		ForceMonitor[i_system=1, step=96]:
			CF = (-0.2491, -0.001629, -0.004664)
			CM = (0.01247, -0.0003308, -0.002385)
		PressureLaplace(lamb_vector)[step=96]: rebuild=false, panels=7288, CG iters=774, solved=true
		ForceMonitor[i_system=1, step=96]:
			CF = (-0.02784, 0.0006999, 0.0004119)
			CM = (0.001535, -2.604e-5, -0.0002078)
		ForceMonitor[i_system=1, step=96]:
			CF = (-0.414, 0.02779, -0.02469)
			CM = (0.09129, -0.0003506, -0.003506)
	step 96/359 at time 0.02666666666666667
		PressureLaplace(material_derivative)[step=97]: rebuild=false, panels=7288, CG iters=733, solved=true
		ForceMonitor[i_system=1, step=97]:
			CF = (-0.2492, -0.001103, -0.008197)
			CM = (0.01248, -0.0003038, -0.003701)
		PressureLaplace(lamb_vector)[step=97]: rebuild=false, panels=7288, CG iters=774, solved=true
		ForceMonitor[i_system=1, step=97]:
			CF = (-0.02767, 0.0007722, 0.0002669)
			CM = (0.001537, -2.416e-5, -0.0001933)
		ForceMonitor[i_system=1, step=97]:
			CF = (-0.4165, 0.07705, -0.05599)
			CM = (0.09095, -0.0003663, -0.006292)
	step 97/359 at time 0.026944444444444444
		PressureLaplace(material_derivative)[step=98]: rebuild=false, panels=7288, CG iters=735, solved=true
		ForceMonitor[i_system=1, step=98]:
			CF = (-0.2477, -0.0005756, -0.01145)
			CM = (0.01245, -0.0001927, -0.004636)
		PressureLaplace(lamb_vector)[step=98]: rebuild=false, panels=7288, CG iters=775, solved=true
		ForceMonitor[i_system=1, step=98]:
			CF = (-0.0276, 0.0007348, 7.188e-5)
			CM = (0.001536, -2.838e-5, -0.000217)
		ForceMonitor[i_system=1, step=98]:
			CF = (-0.4196, 0.1024, -0.08929)
			CM = (0.09126, 1.836e-5, -0.008937)
	step 98/359 at time 0.02722222222222222
		PressureLaplace(material_derivative)[step=99]: rebuild=false, panels=7288, CG iters=735, solved=true
		ForceMonitor[i_system=1, step=99]:
			CF = (-0.2497, -3.629e-5, -0.01505)
			CM = (0.01252, -1.981e-5, -0.005788)
		PressureLaplace(lamb_vector)[step=99]: rebuild=false, panels=7288, CG iters=770, solved=true
		ForceMonitor[i_system=1, step=99]:
			CF = (-0.02781, 0.0005833, -0.0001269)
			CM = (0.001537, -2.868e-5, -0.0002707)
		ForceMonitor[i_system=1, step=99]:
			CF = (-0.43, 0.1171, -0.1237)
			CM = (0.09251, 0.00059, -0.01156)
	step 99/359 at time 0.0275
		PressureLaplace(material_derivative)[step=100]: rebuild=false, panels=7288, CG iters=735, solved=true
		ForceMonitor[i_system=1, step=100]:
			CF = (-0.2512, 0.0002845, -0.01786)
			CM = (0.01252, 0.0001251, -0.006588)
		PressureLaplace(lamb_vector)[step=100]: rebuild=false, panels=7288, CG iters=761, solved=true
		ForceMonitor[i_system=1, step=100]:
			CF = (-0.02821, 0.0004736, -0.0004046)
			CM = (0.001554, -1.93e-5, -0.0003039)
		ForceMonitor[i_system=1, step=100]:
			CF = (-0.4404, 0.1145, -0.1514)
			CM = (0.09361, 0.001139, -0.01311)
	step 100/359 at time 0.027777777777777776
		PressureLaplace(material_derivative)[step=101]: rebuild=false, panels=7288, CG iters=735, solved=true
		ForceMonitor[i_system=1, step=101]:
			CF = (-0.2526, 0.0006751, -0.01987)
			CM = (0.01251, 0.0002855, -0.006907)
		PressureLaplace(lamb_vector)[step=101]: rebuild=false, panels=7288, CG iters=757, solved=true
		ForceMonitor[i_system=1, step=101]:
			CF = (-0.02858, 0.0003445, -0.0005793)
			CM = (0.001557, -1.816e-5, -0.0003252)
		ForceMonitor[i_system=1, step=101]:
			CF = (-0.4538, 0.1009, -0.1732)
			CM = (0.09533, 0.001795, -0.01418)
	step 101/359 at time 0.028055555555555556
		PressureLaplace(material_derivative)[step=102]: rebuild=false, panels=7288, CG iters=742, solved=true
		ForceMonitor[i_system=1, step=102]:
			CF = (-0.2557, 0.0009999, -0.02139)
			CM = (0.0126, 0.0004346, -0.007385)
		PressureLaplace(lamb_vector)[step=102]: rebuild=false, panels=7288, CG iters=760, solved=true
		ForceMonitor[i_system=1, step=102]:
			CF = (-0.029, 0.0002089, -0.0007691)
			CM = (0.001563, -1.311e-5, -0.000339)
		ForceMonitor[i_system=1, step=102]:
			CF = (-0.4674, 0.07643, -0.1875)
			CM = (0.09769, 0.002453, -0.015)
	step 102/359 at time 0.028333333333333332
		PressureLaplace(material_derivative)[step=103]: rebuild=false, panels=7288, CG iters=743, solved=true
		ForceMonitor[i_system=1, step=103]:
			CF = (-0.2598, 0.001462, -0.0225)
			CM = (0.01275, 0.000542, -0.007874)
		PressureLaplace(lamb_vector)[step=103]: rebuild=false, panels=7288, CG iters=774, solved=true
		ForceMonitor[i_system=1, step=103]:
			CF = (-0.02948, 5.511e-5, -0.0009267)
			CM = (0.001577, -1.023e-6, -0.0003365)
		ForceMonitor[i_system=1, step=103]:
			CF = (-0.4814, 0.05762, -0.1941)
			CM = (0.1003, 0.002984, -0.01554)
	step 103/359 at time 0.02861111111111111
		PressureLaplace(material_derivative)[step=104]: rebuild=false, panels=7288, CG iters=743, solved=true
		ForceMonitor[i_system=1, step=104]:
			CF = (-0.2638, 0.001929, -0.02272)
			CM = (0.01291, 0.0006101, -0.007967)
		PressureLaplace(lamb_vector)[step=104]: rebuild=false, panels=7288, CG iters=775, solved=true
		ForceMonitor[i_system=1, step=104]:
			CF = (-0.02997, -6.841e-5, -0.001017)
			CM = (0.001593, 1.202e-5, -0.0003121)
		ForceMonitor[i_system=1, step=104]:
			CF = (-0.4936, 0.0343, -0.192)
			CM = (0.1026, 0.003331, -0.01525)
	step 104/359 at time 0.028888888888888888
		PressureLaplace(material_derivative)[step=105]: rebuild=false, panels=7288, CG iters=744, solved=true
		ForceMonitor[i_system=1, step=105]:
			CF = (-0.2667, 0.00268, -0.02252)
			CM = (0.01302, 0.0005995, -0.007831)
		PressureLaplace(lamb_vector)[step=105]: rebuild=false, panels=7288, CG iters=775, solved=true
		ForceMonitor[i_system=1, step=105]:
			CF = (-0.03022, -0.0001502, -0.001073)
			CM = (0.001606, 3.047e-5, -0.0002338)
		ForceMonitor[i_system=1, step=105]:
			CF = (-0.4992, 0.04093, -0.1872)
			CM = (0.1042, 0.003228, -0.01459)
	step 105/359 at time 0.029166666666666667
		PressureLaplace(material_derivative)[step=106]: rebuild=false, panels=7288, CG iters=734, solved=true
		ForceMonitor[i_system=1, step=106]:
			CF = (-0.2699, 0.003544, -0.02266)
			CM = (0.01315, 0.0005655, -0.007593)
		PressureLaplace(lamb_vector)[step=106]: rebuild=false, panels=7288, CG iters=774, solved=true
		ForceMonitor[i_system=1, step=106]:
			CF = (-0.03034, -0.0002461, -0.001043)
			CM = (0.001612, 3.89e-5, -0.0001304)
		ForceMonitor[i_system=1, step=106]:
			CF = (-0.5057, 0.04698, -0.1821)
			CM = (0.1052, 0.002948, -0.01375)
	step 106/359 at time 0.029444444444444443
		PressureLaplace(material_derivative)[step=107]: rebuild=false, panels=7288, CG iters=744, solved=true
		ForceMonitor[i_system=1, step=107]:
			CF = (-0.2709, 0.004368, -0.02186)
			CM = (0.01325, 0.0005057, -0.007009)
		PressureLaplace(lamb_vector)[step=107]: rebuild=false, panels=7288, CG iters=773, solved=true
		ForceMonitor[i_system=1, step=107]:
			CF = (-0.03035, -0.0003292, -0.001002)
			CM = (0.001624, 4.531e-5, -2.988e-5)
		ForceMonitor[i_system=1, step=107]:
			CF = (-0.5108, 0.04885, -0.1698)
			CM = (0.106, 0.002647, -0.01289)
	step 107/359 at time 0.029722222222222223
		PressureLaplace(material_derivative)[step=108]: rebuild=false, panels=7288, CG iters=744, solved=true
		ForceMonitor[i_system=1, step=108]:
			CF = (-0.2708, 0.004532, -0.01979)
			CM = (0.01331, 0.0004436, -0.006103)
		PressureLaplace(lamb_vector)[step=108]: rebuild=false, panels=7288, CG iters=772, solved=true
		ForceMonitor[i_system=1, step=108]:
			CF = (-0.03021, -0.0003731, -0.0008873)
			CM = (0.001624, 5.68e-5, 8.803e-5)
		ForceMonitor[i_system=1, step=108]:
			CF = (-0.5077, 0.0277, -0.1439)
			CM = (0.1061, 0.00228, -0.01088)
	step 108/359 at time 0.03
		PressureLaplace(material_derivative)[step=109]: rebuild=false, panels=7288, CG iters=743, solved=true
		ForceMonitor[i_system=1, step=109]:
			CF = (-0.2705, 0.004284, -0.01621)
			CM = (0.01333, 0.0003823, -0.004768)
		PressureLaplace(lamb_vector)[step=109]: rebuild=false, panels=7288, CG iters=771, solved=true
		ForceMonitor[i_system=1, step=109]:
			CF = (-0.03001, -0.0004379, -0.0006997)
			CM = (0.001611, 6.421e-5, 0.0002167)
		ForceMonitor[i_system=1, step=109]:
			CF = (-0.5019, -0.02375, -0.1069)
			CM = (0.1057, 0.001945, -0.007785)
	step 109/359 at time 0.03027777777777778
		PressureLaplace(material_derivative)[step=110]: rebuild=false, panels=7288, CG iters=742, solved=true
		ForceMonitor[i_system=1, step=110]:
			CF = (-0.2696, 0.004231, -0.01288)
			CM = (0.01333, 0.0003204, -0.003268)
		PressureLaplace(lamb_vector)[step=110]: rebuild=false, panels=7288, CG iters=771, solved=true
		ForceMonitor[i_system=1, step=110]:
			CF = (-0.02979, -0.0004817, -0.0005888)
			CM = (0.001597, 6.287e-5, 0.0003238)
		ForceMonitor[i_system=1, step=110]:
			CF = (-0.4946, -0.06149, -0.0784)
			CM = (0.1048, 0.001589, -0.005072)
	step 110/359 at time 0.030555555555555555
		PressureLaplace(material_derivative)[step=111]: rebuild=false, panels=7288, CG iters=735, solved=true
		ForceMonitor[i_system=1, step=111]:
			CF = (-0.2678, 0.003914, -0.01012)
			CM = (0.01328, 0.0003021, -0.001835)
		PressureLaplace(lamb_vector)[step=111]: rebuild=false, panels=7288, CG iters=771, solved=true
		ForceMonitor[i_system=1, step=111]:
			CF = (-0.02957, -0.0006072, -0.0005147)
			CM = (0.001583, 5.965e-5, 0.0004241)
		ForceMonitor[i_system=1, step=111]:
			CF = (-0.4841, -0.09495, -0.05745)
			CM = (0.1041, 0.001145, -0.002325)
	step 111/359 at time 0.030833333333333334
		PressureLaplace(material_derivative)[step=112]: rebuild=false, panels=7288, CG iters=744, solved=true
		ForceMonitor[i_system=1, step=112]:
			CF = (-0.2639, 0.003534, -0.008166)
			CM = (0.01321, 0.0002443, -0.0009013)
		PressureLaplace(lamb_vector)[step=112]: rebuild=false, panels=7288, CG iters=772, solved=true
		ForceMonitor[i_system=1, step=112]:
			CF = (-0.02969, -0.0007725, -0.000478)
			CM = (0.001571, 6.177e-5, 0.0005409)
		ForceMonitor[i_system=1, step=112]:
			CF = (-0.4799, -0.09636, -0.04204)
			CM = (0.1042, 0.0005711, -0.0002503)
	step 112/359 at time 0.03111111111111111
		PressureLaplace(material_derivative)[step=113]: rebuild=false, panels=7288, CG iters=738, solved=true
		ForceMonitor[i_system=1, step=113]:
			CF = (-0.2562, 0.003211, -0.006946)
			CM = (0.01312, 0.0001263, -0.0006658)
		PressureLaplace(lamb_vector)[step=113]: rebuild=false, panels=7288, CG iters=773, solved=true
		ForceMonitor[i_system=1, step=113]:
			CF = (-0.03012, -0.0009254, -0.0004904)
			CM = (0.001562, 7.735e-5, 0.0006585)
		ForceMonitor[i_system=1, step=113]:
			CF = (-0.4776, -0.07385, -0.02488)
			CM = (0.1053, -5.819e-5, 0.001716)
	step 113/359 at time 0.03138888888888889
		PressureLaplace(material_derivative)[step=114]: rebuild=false, panels=7288, CG iters=738, solved=true
		ForceMonitor[i_system=1, step=114]:
			CF = (-0.247, 0.002893, -0.005473)
			CM = (0.01304, -4.869e-5, -0.0007638)
		PressureLaplace(lamb_vector)[step=114]: rebuild=false, panels=7288, CG iters=773, solved=true
		ForceMonitor[i_system=1, step=114]:
			CF = (-0.03072, -0.001044, -0.0006521)
			CM = (0.001529, 0.0001064, 0.000806)
		ForceMonitor[i_system=1, step=114]:
			CF = (-0.4758, -0.05921, 0.002092)
			CM = (0.108, -0.0007896, 0.004835)
	step 114/359 at time 0.03166666666666667
		PressureLaplace(material_derivative)[step=115]: rebuild=false, panels=7288, CG iters=742, solved=true
		ForceMonitor[i_system=1, step=115]:
			CF = (-0.2497, 0.002605, -0.00158)
			CM = (0.01346, -0.0002501, 0.001355)
		PressureLaplace(lamb_vector)[step=115]: rebuild=false, panels=7288, CG iters=773, solved=true
		ForceMonitor[i_system=1, step=115]:
			CF = (-0.03108, -0.001092, -0.0006104)
			CM = (0.001515, 0.000132, 0.0009746)
		ForceMonitor[i_system=1, step=115]:
			CF = (-0.482, -0.03734, 0.03609)
			CM = (0.1119, -0.001564, 0.009648)
	step 115/359 at time 0.03194444444444444
		PressureLaplace(material_derivative)[step=116]: rebuild=false, panels=7288, CG iters=742, solved=true
		ForceMonitor[i_system=1, step=116]:
			CF = (-0.2592, 0.002262, 0.003263)
			CM = (0.01399, -0.0003917, 0.00442)
		PressureLaplace(lamb_vector)[step=116]: rebuild=false, panels=7288, CG iters=773, solved=true
		ForceMonitor[i_system=1, step=116]:
			CF = (-0.03127, -0.001212, -0.0003303)
			CM = (0.001567, 0.0001243, 0.001019)
		ForceMonitor[i_system=1, step=116]:
			CF = (-0.4878, -0.03999, 0.06104)
			CM = (0.1139, -0.002212, 0.01421)
	step 116/359 at time 0.03222222222222222
		PressureLaplace(material_derivative)[step=117]: rebuild=false, panels=7288, CG iters=742, solved=true
		ForceMonitor[i_system=1, step=117]:
			CF = (-0.2622, 0.001309, 0.007064)
			CM = (0.01425, -0.0005193, 0.005897)
		PressureLaplace(lamb_vector)[step=117]: rebuild=false, panels=7288, CG iters=773, solved=true
		ForceMonitor[i_system=1, step=117]:
			CF = (-0.03175, -0.00122, -0.0001206)
			CM = (0.001594, 0.0001089, 0.001065)
		ForceMonitor[i_system=1, step=117]:
			CF = (-0.4938, -0.02347, 0.09552)
			CM = (0.1162, -0.002821, 0.01869)
	step 117/359 at time 0.0325
		PressureLaplace(material_derivative)[step=118]: rebuild=false, panels=7288, CG iters=742, solved=true
		ForceMonitor[i_system=1, step=118]:
			CF = (-0.2632, 0.0007757, 0.0102)
			CM = (0.0144, -0.0007025, 0.006593)
		PressureLaplace(lamb_vector)[step=118]: rebuild=false, panels=7288, CG iters=773, solved=true
		ForceMonitor[i_system=1, step=118]:
			CF = (-0.03205, -0.001084, 0.0001252)
			CM = (0.001604, 9.426e-5, 0.001088)
		ForceMonitor[i_system=1, step=118]:
			CF = (-0.5035, 0.00239, 0.1281)
			CM = (0.1191, -0.003591, 0.02276)
	step 118/359 at time 0.03277777777777778
		PressureLaplace(material_derivative)[step=119]: rebuild=false, panels=7288, CG iters=739, solved=true
		ForceMonitor[i_system=1, step=119]:
			CF = (-0.2677, 0.0008062, 0.01256)
			CM = (0.01466, -0.0008008, 0.007846)
		PressureLaplace(lamb_vector)[step=119]: rebuild=false, panels=7288, CG iters=772, solved=true
		ForceMonitor[i_system=1, step=119]:
			CF = (-0.03251, -0.0008654, 0.0003926)
			CM = (0.001649, 6.599e-5, 0.001124)
		ForceMonitor[i_system=1, step=119]:
			CF = (-0.5189, 0.007634, 0.1548)
			CM = (0.1226, -0.004226, 0.02747)
	step 119/359 at time 0.03305555555555555
		PressureLaplace(material_derivative)[step=120]: rebuild=false, panels=7288, CG iters=738, solved=true
		ForceMonitor[i_system=1, step=120]:
			CF = (-0.2699, 0.0009284, 0.014)
			CM = (0.01475, -0.0008643, 0.008062)
		PressureLaplace(lamb_vector)[step=120]: rebuild=false, panels=7288, CG iters=772, solved=true
		ForceMonitor[i_system=1, step=120]:
			CF = (-0.03282, -0.0006605, 0.0004837)
			CM = (0.001655, 4.109e-5, 0.001135)
		ForceMonitor[i_system=1, step=120]:
			CF = (-0.5304, -0.009187, 0.1763)
			CM = (0.1249, -0.004607, 0.03031)
	step 120/359 at time 0.03333333333333333
		PressureLaplace(material_derivative)[step=121]: rebuild=false, panels=7288, CG iters=737, solved=true
		ForceMonitor[i_system=1, step=121]:
			CF = (-0.2702, 0.0008869, 0.01426)
			CM = (0.01472, -0.0008915, 0.007543)
		PressureLaplace(lamb_vector)[step=121]: rebuild=false, panels=7288, CG iters=770, solved=true
		ForceMonitor[i_system=1, step=121]:
			CF = (-0.03325, -0.0003453, 0.000505)
			CM = (0.001658, 2.51e-5, 0.001165)
		ForceMonitor[i_system=1, step=121]:
			CF = (-0.5422, -0.03043, 0.1937)
			CM = (0.1268, -0.004962, 0.03143)
	step 121/359 at time 0.03361111111111111
		PressureLaplace(material_derivative)[step=122]: rebuild=false, panels=7288, CG iters=735, solved=true
		ForceMonitor[i_system=1, step=122]:
			CF = (-0.2677, 0.0006438, 0.01325)
			CM = (0.01451, -0.0008398, 0.006514)
		PressureLaplace(lamb_vector)[step=122]: rebuild=false, panels=7288, CG iters=771, solved=true
		ForceMonitor[i_system=1, step=122]:
			CF = (-0.03346, -3.905e-5, 0.000575)
			CM = (0.001667, 3.317e-6, 0.001168)
		ForceMonitor[i_system=1, step=122]:
			CF = (-0.5526, -0.04491, 0.2006)
			CM = (0.1276, -0.005257, 0.03141)
	step 122/359 at time 0.03388888888888889
		PressureLaplace(material_derivative)[step=123]: rebuild=false, panels=7288, CG iters=735, solved=true
		ForceMonitor[i_system=1, step=123]:
			CF = (-0.2651, -3.434e-6, 0.01259)
			CM = (0.01421, -0.0008191, 0.005133)
		PressureLaplace(lamb_vector)[step=123]: rebuild=false, panels=7288, CG iters=772, solved=true
		ForceMonitor[i_system=1, step=123]:
			CF = (-0.03341, 0.0001885, 0.000636)
			CM = (0.001655, -6.898e-6, 0.001005)
		ForceMonitor[i_system=1, step=123]:
			CF = (-0.5542, -0.05248, 0.2004)
			CM = (0.1261, -0.005432, 0.0281)
	step 123/359 at time 0.034166666666666665
		PressureLaplace(material_derivative)[step=124]: rebuild=false, panels=7288, CG iters=735, solved=true
		ForceMonitor[i_system=1, step=124]:
			CF = (-0.2586, -0.0008984, 0.01137)
			CM = (0.01364, -0.0005706, 0.004726)
		PressureLaplace(lamb_vector)[step=124]: rebuild=false, panels=7288, CG iters=762, solved=true
		ForceMonitor[i_system=1, step=124]:
			CF = (-0.03242, 0.0002234, 0.0006071)
			CM = (0.001614, -3.458e-5, 0.0006682)
		ForceMonitor[i_system=1, step=124]:
			CF = (-0.5445, -0.05831, 0.1779)
			CM = (0.1212, -0.004797, 0.02315)
	step 124/359 at time 0.034444444444444444
		PressureLaplace(material_derivative)[step=125]: rebuild=false, panels=7288, CG iters=744, solved=true
		ForceMonitor[i_system=1, step=125]:
			CF = (-0.2475, -0.0002253, 0.007985)
			CM = (0.01339, -0.0003023, 0.004154)
		PressureLaplace(lamb_vector)[step=125]: rebuild=false, panels=7288, CG iters=773, solved=true
		ForceMonitor[i_system=1, step=125]:
			CF = (-0.03203, 0.0003949, 0.0006832)
			CM = (0.001601, -4.535e-5, 0.0004665)
		ForceMonitor[i_system=1, step=125]:
			CF = (-0.5185, -0.03877, 0.1506)
			CM = (0.1196, -0.004197, 0.01924)
	step 125/359 at time 0.034722222222222224
		PressureLaplace(material_derivative)[step=126]: rebuild=false, panels=7288, CG iters=734, solved=true
		ForceMonitor[i_system=1, step=126]:
			CF = (-0.2556, -0.00207, 0.01254)
			CM = (0.01358, -0.0002791, 0.005829)
		PressureLaplace(lamb_vector)[step=126]: rebuild=false, panels=7288, CG iters=773, solved=true
		ForceMonitor[i_system=1, step=126]:
			CF = (-0.03256, 0.0007916, 0.0007284)
			CM = (0.001632, -7.974e-5, 0.0002928)
		ForceMonitor[i_system=1, step=126]:
			CF = (-0.5281, -0.04949, 0.1388)
			CM = (0.1194, -0.004025, 0.0183)
	step 126/359 at time 0.035
		PressureLaplace(material_derivative)[step=127]: rebuild=false, panels=7288, CG iters=739, solved=true
		ForceMonitor[i_system=1, step=127]:
			CF = (-0.2495, -0.00287, 0.01064)
			CM = (0.01332, 2.898e-6, 0.00578)
		PressureLaplace(lamb_vector)[step=127]: rebuild=false, panels=7288, CG iters=773, solved=true
		ForceMonitor[i_system=1, step=127]:
			CF = (-0.03177, 0.0007122, 0.0007599)
			CM = (0.001629, -0.0001094, -1.691e-5)
		ForceMonitor[i_system=1, step=127]:
			CF = (-0.5144, -0.01809, 0.09131)
			CM = (0.1169, -0.002903, 0.01304)
	step 127/359 at time 0.035277777777777776
		PressureLaplace(material_derivative)[step=128]: rebuild=false, panels=7288, CG iters=735, solved=true
		ForceMonitor[i_system=1, step=128]:
			CF = (-0.2416, -0.00358, 0.00899)
			CM = (0.0129, 0.0001575, 0.005175)
		PressureLaplace(lamb_vector)[step=128]: rebuild=false, panels=7288, CG iters=771, solved=true
		ForceMonitor[i_system=1, step=128]:
			CF = (-0.03112, 0.0006376, 0.0006209)
			CM = (0.001593, -0.0001098, -0.0003575)
		ForceMonitor[i_system=1, step=128]:
			CF = (-0.5041, -0.009997, 0.05832)
			CM = (0.1153, -0.001738, 0.007392)
	step 128/359 at time 0.035555555555555556
		PressureLaplace(material_derivative)[step=129]: rebuild=false, panels=7288, CG iters=734, solved=true
		ForceMonitor[i_system=1, step=129]:
			CF = (-0.2345, -0.004072, 0.008053)
			CM = (0.01259, 0.0002011, 0.004399)
		PressureLaplace(lamb_vector)[step=129]: rebuild=false, panels=7288, CG iters=765, solved=true
		ForceMonitor[i_system=1, step=129]:
			CF = (-0.03076, 0.0005756, 0.0005192)
			CM = (0.001545, -0.0001047, -0.0006334)
		ForceMonitor[i_system=1, step=129]:
			CF = (-0.4957, -0.001807, 0.03479)
			CM = (0.1154, -0.0009706, 0.00237)
	step 129/359 at time 0.035833333333333335
		PressureLaplace(material_derivative)[step=130]: rebuild=false, panels=7288, CG iters=733, solved=true
		ForceMonitor[i_system=1, step=130]:
			CF = (-0.2277, -0.004078, 0.007188)
			CM = (0.01242, 0.0002257, 0.004151)
		PressureLaplace(lamb_vector)[step=130]: rebuild=false, panels=7288, CG iters=765, solved=true
		ForceMonitor[i_system=1, step=130]:
			CF = (-0.03078, 0.0005386, 0.0004399)
			CM = (0.001501, -0.0001001, -0.0008286)
		ForceMonitor[i_system=1, step=130]:
			CF = (-0.4885, 0.004684, 0.01065)
			CM = (0.1173, -0.0004254, -0.0009584)
	step 130/359 at time 0.03611111111111111
		PressureLaplace(material_derivative)[step=131]: rebuild=false, panels=7288, CG iters=733, solved=true
		ForceMonitor[i_system=1, step=131]:
			CF = (-0.2224, -0.003766, 0.005902)
			CM = (0.01238, 0.0002258, 0.003704)
		PressureLaplace(lamb_vector)[step=131]: rebuild=false, panels=7288, CG iters=763, solved=true
		ForceMonitor[i_system=1, step=131]:
			CF = (-0.03102, 0.0005761, 0.000352)
			CM = (0.001475, -8.804e-5, -0.0009149)
		ForceMonitor[i_system=1, step=131]:
			CF = (-0.4849, 0.009578, -0.01075)
			CM = (0.1207, -7.626e-5, -0.003249)
	step 131/359 at time 0.03638888888888889
		PressureLaplace(material_derivative)[step=132]: rebuild=false, panels=7288, CG iters=734, solved=true
		ForceMonitor[i_system=1, step=132]:
			CF = (-0.2179, -0.003324, 0.004371)
			CM = (0.01237, 0.0002293, 0.003196)
		PressureLaplace(lamb_vector)[step=132]: rebuild=false, panels=7288, CG iters=744, solved=true
		ForceMonitor[i_system=1, step=132]:
			CF = (-0.03129, 0.0006463, 0.0002997)
			CM = (0.001461, -7.58e-5, -0.0009465)
		ForceMonitor[i_system=1, step=132]:
			CF = (-0.4838, 0.008997, -0.03047)
			CM = (0.1242, 0.0001853, -0.005401)
	step 132/359 at time 0.03666666666666667
		PressureLaplace(material_derivative)[step=133]: rebuild=false, panels=7288, CG iters=734, solved=true
		ForceMonitor[i_system=1, step=133]:
			CF = (-0.2123, -0.002924, 0.003361)
			CM = (0.01227, 0.0002439, 0.003275)
		PressureLaplace(lamb_vector)[step=133]: rebuild=false, panels=7288, CG iters=761, solved=true
		ForceMonitor[i_system=1, step=133]:
			CF = (-0.03146, 0.0006927, 0.0003085)
			CM = (0.001446, -6.556e-5, -0.0009623)
		ForceMonitor[i_system=1, step=133]:
			CF = (-0.4832, 0.0001608, -0.04757)
			CM = (0.1272, 0.0004489, -0.007456)
	step 133/359 at time 0.036944444444444446
		PressureLaplace(material_derivative)[step=134]: rebuild=false, panels=7288, CG iters=734, solved=true
		ForceMonitor[i_system=1, step=134]:
			CF = (-0.2063, -0.002647, 0.002866)
			CM = (0.01218, 0.0002346, 0.003427)
		PressureLaplace(lamb_vector)[step=134]: rebuild=false, panels=7288, CG iters=762, solved=true
		ForceMonitor[i_system=1, step=134]:
			CF = (-0.0318, 0.0008184, 0.000333)
			CM = (0.001428, -5.123e-5, -0.0009038)
		ForceMonitor[i_system=1, step=134]:
			CF = (-0.4846, -0.01145, -0.05841)
			CM = (0.1312, 0.0005353, -0.00892)
	step 134/359 at time 0.03722222222222222
		PressureLaplace(material_derivative)[step=135]: rebuild=false, panels=7288, CG iters=733, solved=true
		ForceMonitor[i_system=1, step=135]:
			CF = (-0.2028, -0.002496, 0.003038)
			CM = (0.01214, 0.0001713, 0.003356)
		PressureLaplace(lamb_vector)[step=135]: rebuild=false, panels=7288, CG iters=763, solved=true
		ForceMonitor[i_system=1, step=135]:
			CF = (-0.0321, 0.0009683, 0.0003567)
			CM = (0.001422, -3.095e-5, -0.0007614)
		ForceMonitor[i_system=1, step=135]:
			CF = (-0.4884, -0.0153, -0.06043)
			CM = (0.1345, 0.0003398, -0.009689)
	step 135/359 at time 0.0375
		PressureLaplace(material_derivative)[step=136]: rebuild=false, panels=7288, CG iters=734, solved=true
		ForceMonitor[i_system=1, step=136]:
			CF = (-0.1998, -0.002486, 0.003669)
			CM = (0.012, 8.86e-5, 0.003313)
		PressureLaplace(lamb_vector)[step=136]: rebuild=false, panels=7288, CG iters=764, solved=true
		ForceMonitor[i_system=1, step=136]:
			CF = (-0.03203, 0.001134, 0.0004237)
			CM = (0.001416, -7.952e-6, -0.0004993)
		ForceMonitor[i_system=1, step=136]:
			CF = (-0.4889, -0.01918, -0.0528)
			CM = (0.1348, 5.93e-5, -0.00942)
	step 136/359 at time 0.03777777777777778
		PressureLaplace(material_derivative)[step=137]: rebuild=false, panels=7288, CG iters=734, solved=true
		ForceMonitor[i_system=1, step=137]:
			CF = (-0.1944, -0.002541, 0.004786)
			CM = (0.0117, 2.066e-5, 0.004271)
		PressureLaplace(lamb_vector)[step=137]: rebuild=false, panels=7288, CG iters=763, solved=true
		ForceMonitor[i_system=1, step=137]:
			CF = (-0.03164, 0.001172, 0.000609)
			CM = (0.00138, 1.093e-5, -0.0001888)
		ForceMonitor[i_system=1, step=137]:
			CF = (-0.4844, -0.02428, -0.03838)
			CM = (0.1327, -0.000194, -0.007809)
	step 137/359 at time 0.03805555555555556
		PressureLaplace(material_derivative)[step=138]: rebuild=false, panels=7288, CG iters=734, solved=true
		ForceMonitor[i_system=1, step=138]:
			CF = (-0.19, -0.002494, 0.005384)
			CM = (0.01147, -9.807e-6, 0.005542)
		PressureLaplace(lamb_vector)[step=138]: rebuild=false, panels=7288, CG iters=763, solved=true
		ForceMonitor[i_system=1, step=138]:
			CF = (-0.03104, 0.001135, 0.0008614)
			CM = (0.001326, 2.945e-5, 0.0001509)
		ForceMonitor[i_system=1, step=138]:
			CF = (-0.4788, -0.02655, -0.02446)
			CM = (0.1303, -0.000392, -0.005619)
	step 138/359 at time 0.03833333333333333
		PressureLaplace(material_derivative)[step=139]: rebuild=false, panels=7288, CG iters=734, solved=true
		ForceMonitor[i_system=1, step=139]:
			CF = (-0.1834, -0.002295, 0.005825)
			CM = (0.01121, -2.846e-5, 0.008005)
		PressureLaplace(lamb_vector)[step=139]: rebuild=false, panels=7288, CG iters=767, solved=true
		ForceMonitor[i_system=1, step=139]:
			CF = (-0.03046, 0.0009668, 0.001162)
			CM = (0.001251, 4.031e-5, 0.0004843)
		ForceMonitor[i_system=1, step=139]:
			CF = (-0.4662, -0.02416, -0.01173)
			CM = (0.1277, -0.0006109, -0.0005733)
	step 139/359 at time 0.03861111111111111
		PressureLaplace(material_derivative)[step=140]: rebuild=false, panels=7288, CG iters=735, solved=true
		ForceMonitor[i_system=1, step=140]:
			CF = (-0.1947, -0.002061, 0.003866)
			CM = (0.01155, -0.0001287, 0.005422)
		PressureLaplace(lamb_vector)[step=140]: rebuild=false, panels=7288, CG iters=771, solved=true
		ForceMonitor[i_system=1, step=140]:
			CF = (-0.02966, 0.0007861, 0.001112)
			CM = (0.001276, 7.562e-5, 0.000838)
		ForceMonitor[i_system=1, step=140]:
			CF = (-0.4646, -0.023, 0.001487)
			CM = (0.1253, -0.000971, 0.001335)
	step 140/359 at time 0.03888888888888889
		PressureLaplace(material_derivative)[step=141]: rebuild=false, panels=7288, CG iters=735, solved=true
		ForceMonitor[i_system=1, step=141]:
			CF = (-0.213, -0.001887, 0.001804)
			CM = (0.0118, -0.0003259, 0.0004038)
		PressureLaplace(lamb_vector)[step=141]: rebuild=false, panels=7288, CG iters=771, solved=true
		ForceMonitor[i_system=1, step=141]:
			CF = (-0.02806, 0.0002573, 0.0009491)
			CM = (0.001331, 0.0001344, 0.001441)
		ForceMonitor[i_system=1, step=141]:
			CF = (-0.4515, -0.01492, 0.04367)
			CM = (0.1131, -0.001566, 0.007898)
	step 141/359 at time 0.03916666666666667
		PressureLaplace(material_derivative)[step=142]: rebuild=false, panels=7288, CG iters=735, solved=true
		ForceMonitor[i_system=1, step=142]:
			CF = (-0.2232, -0.001796, 0.001302)
			CM = (0.01156, -0.0005295, -0.002376)
		PressureLaplace(lamb_vector)[step=142]: rebuild=false, panels=7288, CG iters=773, solved=true
		ForceMonitor[i_system=1, step=142]:
			CF = (-0.0258, -0.0001139, 0.0009187)
			CM = (0.001322, 0.0002021, 0.002432)
		ForceMonitor[i_system=1, step=142]:
			CF = (-0.4219, -0.006089, 0.1032)
			CM = (0.09495, -0.002197, 0.0209)
	step 142/359 at time 0.03944444444444444
		PressureLaplace(material_derivative)[step=143]: rebuild=false, panels=7288, CG iters=735, solved=true
		ForceMonitor[i_system=1, step=143]:
			CF = (-0.2173, -0.001865, 0.003449)
			CM = (0.01082, -0.0006845, -0.0007328)
		PressureLaplace(lamb_vector)[step=143]: rebuild=false, panels=7288, CG iters=772, solved=true
		ForceMonitor[i_system=1, step=143]:
			CF = (-0.02369, 1.226e-5, 0.00102)
			CM = (0.001267, 0.0002446, 0.003381)
		ForceMonitor[i_system=1, step=143]:
			CF = (-0.3895, -0.004349, 0.1465)
			CM = (0.08394, -0.002914, 0.034)
	step 143/359 at time 0.03972222222222222
		PressureLaplace(material_derivative)[step=144]: rebuild=false, panels=7288, CG iters=735, solved=true
		ForceMonitor[i_system=1, step=144]:
			CF = (-0.2147, -0.001939, 0.0046)
			CM = (0.01052, -0.000853, -0.0002424)
		PressureLaplace(lamb_vector)[step=144]: rebuild=false, panels=7288, CG iters=761, solved=true
		ForceMonitor[i_system=1, step=144]:
			CF = (-0.02458, -0.0003274, 0.0005954)
			CM = (0.001343, 0.0002358, 0.003252)
		ForceMonitor[i_system=1, step=144]:
			CF = (-0.3758, -0.01362, 0.17)
			CM = (0.08177, -0.003619, 0.03922)
	step 144/359 at time 0.04
		PressureLaplace(material_derivative)[step=145]: rebuild=false, panels=7288, CG iters=735, solved=true
		ForceMonitor[i_system=1, step=145]:
			CF = (-0.2073, -0.001627, 0.00543)
			CM = (0.01028, -0.0008968, -0.0002957)
		PressureLaplace(lamb_vector)[step=145]: rebuild=false, panels=7288, CG iters=767, solved=true
		ForceMonitor[i_system=1, step=145]:
			CF = (-0.02395, -0.0001452, 0.0001395)
			CM = (0.001414, 0.0002548, 0.003605)
		ForceMonitor[i_system=1, step=145]:
			CF = (-0.3757, -0.009885, 0.1763)
			CM = (0.08477, -0.003739, 0.04023)
	step 145/359 at time 0.04027777777777778
		PressureLaplace(material_derivative)[step=146]: rebuild=false, panels=7288, CG iters=734, solved=true
		ForceMonitor[i_system=1, step=146]:
			CF = (-0.2047, -0.001142, 0.004312)
			CM = (0.01052, -0.0008701, -0.001881)
		PressureLaplace(lamb_vector)[step=146]: rebuild=false, panels=7288, CG iters=773, solved=true
		ForceMonitor[i_system=1, step=146]:
			CF = (-0.02488, -6.286e-5, 0.0005562)
			CM = (0.001295, 0.0002022, 0.003475)
		ForceMonitor[i_system=1, step=146]:
			CF = (-0.3927, -0.01062, 0.1707)
			CM = (0.09292, -0.003301, 0.03586)
	step 146/359 at time 0.04055555555555555
		PressureLaplace(material_derivative)[step=147]: rebuild=false, panels=7288, CG iters=733, solved=true
		ForceMonitor[i_system=1, step=147]:
			CF = (-0.204, -0.0005832, 0.002337)
			CM = (0.011, -0.0008207, -0.004256)
		PressureLaplace(lamb_vector)[step=147]: rebuild=false, panels=7288, CG iters=770, solved=true
		ForceMonitor[i_system=1, step=147]:
			CF = (-0.02726, 0.0001392, 0.0001708)
			CM = (0.001323, 0.0001944, 0.002961)
		ForceMonitor[i_system=1, step=147]:
			CF = (-0.4165, -0.01151, 0.1609)
			CM = (0.1039, -0.002742, 0.02975)
	step 147/359 at time 0.04083333333333333
		PressureLaplace(material_derivative)[step=148]: rebuild=false, panels=7288, CG iters=709, solved=true
		ForceMonitor[i_system=1, step=148]:
			CF = (-0.2002, -0.0003106, 0.001572)
			CM = (0.01123, -0.0008742, -0.006482)
		PressureLaplace(lamb_vector)[step=148]: rebuild=false, panels=7288, CG iters=770, solved=true
		ForceMonitor[i_system=1, step=148]:
			CF = (-0.02842, 5.244e-5, 7.433e-5)
			CM = (0.001326, 0.0002005, 0.00281)
		ForceMonitor[i_system=1, step=148]:
			CF = (-0.4288, -0.01475, 0.1662)
			CM = (0.1132, -0.002772, 0.02627)
	step 148/359 at time 0.04111111111111111
		PressureLaplace(material_derivative)[step=149]: rebuild=false, panels=7288, CG iters=731, solved=true
		ForceMonitor[i_system=1, step=149]:
			CF = (-0.1975, 9.21e-5, 0.0003886)
			CM = (0.01154, -0.0008597, -0.008404)
		PressureLaplace(lamb_vector)[step=149]: rebuild=false, panels=7288, CG iters=769, solved=true
		ForceMonitor[i_system=1, step=149]:
			CF = (-0.02972, -5.823e-5, 2.817e-5)
			CM = (0.001316, 0.0001803, 0.002622)
		ForceMonitor[i_system=1, step=149]:
			CF = (-0.445, -0.01291, 0.1661)
			CM = (0.1237, -0.002512, 0.02293)
	step 149/359 at time 0.04138888888888889
		PressureLaplace(material_derivative)[step=150]: rebuild=false, panels=7288, CG iters=731, solved=true
		ForceMonitor[i_system=1, step=150]:
			CF = (-0.1963, 0.0004249, -0.0005344)
			CM = (0.01182, -0.000826, -0.009757)
		PressureLaplace(lamb_vector)[step=150]: rebuild=false, panels=7288, CG iters=769, solved=true
		ForceMonitor[i_system=1, step=150]:
			CF = (-0.03074, -0.0001368, -5.186e-5)
			CM = (0.001323, 0.0001656, 0.002455)
		ForceMonitor[i_system=1, step=150]:
			CF = (-0.4598, -0.00858, 0.1646)
			CM = (0.1327, -0.002161, 0.02026)
	step 150/359 at time 0.041666666666666664
		PressureLaplace(material_derivative)[step=151]: rebuild=false, panels=7288, CG iters=730, solved=true
		ForceMonitor[i_system=1, step=151]:
			CF = (-0.1972, 0.0007813, -0.001138)
			CM = (0.01196, -0.0007495, -0.01012)
		PressureLaplace(lamb_vector)[step=151]: rebuild=false, panels=7288, CG iters=769, solved=true
		ForceMonitor[i_system=1, step=151]:
			CF = (-0.03107, -0.0002336, -9.188e-5)
			CM = (0.001339, 0.0001431, 0.002204)
		ForceMonitor[i_system=1, step=151]:
			CF = (-0.468, -0.0009211, 0.1557)
			CM = (0.1373, -0.001707, 0.01755)
	step 151/359 at time 0.041944444444444444
		PressureLaplace(material_derivative)[step=152]: rebuild=false, panels=7288, CG iters=730, solved=true
		ForceMonitor[i_system=1, step=152]:
			CF = (-0.2006, 0.001225, -0.001909)
			CM = (0.01197, -0.0006211, -0.009657)
		PressureLaplace(lamb_vector)[step=152]: rebuild=false, panels=7288, CG iters=769, solved=true
		ForceMonitor[i_system=1, step=152]:
			CF = (-0.03059, -0.0003547, -0.0001175)
			CM = (0.001362, 0.0001112, 0.001804)
		ForceMonitor[i_system=1, step=152]:
			CF = (-0.4673, 0.0106, 0.1321)
			CM = (0.1351, -0.001163, 0.01372)
	step 152/359 at time 0.042222222222222223
		PressureLaplace(material_derivative)[step=153]: rebuild=false, panels=7288, CG iters=730, solved=true
		ForceMonitor[i_system=1, step=153]:
			CF = (-0.2052, 0.001846, -0.002807)
			CM = (0.01183, -0.0004692, -0.008855)
		PressureLaplace(lamb_vector)[step=153]: rebuild=false, panels=7288, CG iters=769, solved=true
		ForceMonitor[i_system=1, step=153]:
			CF = (-0.0295, -0.0005185, -0.0001659)
			CM = (0.001378, 7.367e-5, 0.001275)
		ForceMonitor[i_system=1, step=153]:
			CF = (-0.4582, 0.02921, 0.096)
			CM = (0.1274, -0.0005083, 0.008312)
	step 153/359 at time 0.0425
		PressureLaplace(material_derivative)[step=154]: rebuild=false, panels=7288, CG iters=730, solved=true
		ForceMonitor[i_system=1, step=154]:
			CF = (-0.2112, 0.002522, -0.003732)
			CM = (0.01168, -0.0003122, -0.00767)
		PressureLaplace(lamb_vector)[step=154]: rebuild=false, panels=7288, CG iters=767, solved=true
		ForceMonitor[i_system=1, step=154]:
			CF = (-0.02798, -0.0006914, -0.0002271)
			CM = (0.001387, 3.226e-5, 0.0006593)
		ForceMonitor[i_system=1, step=154]:
			CF = (-0.4421, 0.05346, 0.05099)
			CM = (0.1162, 0.0001464, 0.002183)
	step 154/359 at time 0.042777777777777776
		PressureLaplace(material_derivative)[step=155]: rebuild=false, panels=7288, CG iters=730, solved=true
		ForceMonitor[i_system=1, step=155]:
			CF = (-0.2164, 0.003179, -0.004638)
			CM = (0.01149, -0.0001737, -0.006648)
		PressureLaplace(lamb_vector)[step=155]: rebuild=false, panels=7288, CG iters=767, solved=true
		ForceMonitor[i_system=1, step=155]:
			CF = (-0.02635, -0.0008432, -0.0003468)
			CM = (0.001382, -8.018e-6, 4.76e-5)
		ForceMonitor[i_system=1, step=155]:
			CF = (-0.4217, 0.08261, 0.005491)
			CM = (0.1043, 0.0007839, -0.004375)
	step 155/359 at time 0.043055555555555555
		PressureLaplace(material_derivative)[step=156]: rebuild=false, panels=7288, CG iters=733, solved=true
		ForceMonitor[i_system=1, step=156]:
			CF = (-0.2215, 0.003842, -0.005557)
			CM = (0.01129, -4.941e-5, -0.00574)
		PressureLaplace(lamb_vector)[step=156]: rebuild=false, panels=7288, CG iters=770, solved=true
		ForceMonitor[i_system=1, step=156]:
			CF = (-0.02464, -0.0009603, -0.000486)
			CM = (0.001371, -5.003e-5, -0.0005715)
		ForceMonitor[i_system=1, step=156]:
			CF = (-0.3982, 0.1146, -0.03867)
			CM = (0.09241, 0.001397, -0.01142)
	step 156/359 at time 0.043333333333333335
		PressureLaplace(material_derivative)[step=157]: rebuild=false, panels=7288, CG iters=734, solved=true
		ForceMonitor[i_system=1, step=157]:
			CF = (-0.2251, 0.004509, -0.006681)
			CM = (0.01103, 6.591e-5, -0.005268)
		PressureLaplace(lamb_vector)[step=157]: rebuild=false, panels=7288, CG iters=773, solved=true
		ForceMonitor[i_system=1, step=157]:
			CF = (-0.02294, -0.001031, -0.0006505)
			CM = (0.001352, -9.185e-5, -0.001189)
		ForceMonitor[i_system=1, step=157]:
			CF = (-0.3723, 0.1474, -0.07936)
			CM = (0.08123, 0.001983, -0.01897)
	step 157/359 at time 0.043611111111111114
		PressureLaplace(material_derivative)[step=158]: rebuild=false, panels=7288, CG iters=735, solved=true
		ForceMonitor[i_system=1, step=158]:
			CF = (-0.2261, 0.005128, -0.007914)
			CM = (0.01071, 0.000186, -0.005052)
		PressureLaplace(lamb_vector)[step=158]: rebuild=false, panels=7288, CG iters=776, solved=true
		ForceMonitor[i_system=1, step=158]:
			CF = (-0.02145, -0.001052, -0.0008068)
			CM = (0.001325, -0.0001319, -0.001791)
		ForceMonitor[i_system=1, step=158]:
			CF = (-0.3468, 0.1763, -0.1148)
			CM = (0.07239, 0.002564, -0.02657)
	step 158/359 at time 0.04388888888888889
		PressureLaplace(material_derivative)[step=159]: rebuild=false, panels=7288, CG iters=735, solved=true
		ForceMonitor[i_system=1, step=159]:
			CF = (-0.2251, 0.005615, -0.009324)
			CM = (0.01038, 0.0003151, -0.005273)
		PressureLaplace(lamb_vector)[step=159]: rebuild=false, panels=7288, CG iters=777, solved=true
		ForceMonitor[i_system=1, step=159]:
			CF = (-0.0203, -0.001022, -0.0009513)
			CM = (0.0013, -0.0001633, -0.002342)
		ForceMonitor[i_system=1, step=159]:
			CF = (-0.3257, 0.1955, -0.1429)
			CM = (0.06631, 0.003104, -0.03352)
	step 159/359 at time 0.04416666666666667
		PressureLaplace(material_derivative)[step=160]: rebuild=false, panels=7288, CG iters=737, solved=true
		ForceMonitor[i_system=1, step=160]:
			CF = (-0.2218, 0.005885, -0.01052)
			CM = (0.0101, 0.0004462, -0.005618)
		PressureLaplace(lamb_vector)[step=160]: rebuild=false, panels=7288, CG iters=777, solved=true
		ForceMonitor[i_system=1, step=160]:
			CF = (-0.01974, -0.0009511, -0.001064)
			CM = (0.001275, -0.0001829, -0.002768)
		ForceMonitor[i_system=1, step=160]:
			CF = (-0.3122, 0.2032, -0.1627)
			CM = (0.06377, 0.003539, -0.03863)
	step 160/359 at time 0.044444444444444446
		PressureLaplace(material_derivative)[step=161]: rebuild=false, panels=7288, CG iters=737, solved=true
		ForceMonitor[i_system=1, step=161]:
			CF = (-0.2189, 0.005813, -0.01079)
			CM = (0.01012, 0.0005519, -0.005223)
		PressureLaplace(lamb_vector)[step=161]: rebuild=false, panels=7288, CG iters=777, solved=true
		ForceMonitor[i_system=1, step=161]:
			CF = (-0.02024, -0.0008405, -0.0011)
			CM = (0.001268, -0.0001849, -0.0029)
		ForceMonitor[i_system=1, step=161]:
			CF = (-0.3138, 0.1966, -0.1708)
			CM = (0.06642, 0.003751, -0.03936)
	step 161/359 at time 0.04472222222222222
		PressureLaplace(material_derivative)[step=162]: rebuild=false, panels=7288, CG iters=737, solved=true
		ForceMonitor[i_system=1, step=162]:
			CF = (-0.2176, 0.005448, -0.01017)
			CM = (0.01039, 0.0006273, -0.003975)
		PressureLaplace(lamb_vector)[step=162]: rebuild=false, panels=7288, CG iters=777, solved=true
		ForceMonitor[i_system=1, step=162]:
			CF = (-0.02161, -0.0007224, -0.001066)
			CM = (0.001278, -0.0001798, -0.00283)
		ForceMonitor[i_system=1, step=162]:
			CF = (-0.3289, 0.1787, -0.1705)
			CM = (0.07302, 0.003748, -0.03678)
	step 162/359 at time 0.045
		PressureLaplace(material_derivative)[step=163]: rebuild=false, panels=7288, CG iters=735, solved=true
		ForceMonitor[i_system=1, step=163]:
			CF = (-0.2171, 0.004873, -0.008967)
			CM = (0.01078, 0.0006813, -0.002249)
		PressureLaplace(lamb_vector)[step=163]: rebuild=false, panels=7288, CG iters=776, solved=true
		ForceMonitor[i_system=1, step=163]:
			CF = (-0.02345, -0.0006138, -0.0009776)
			CM = (0.001298, -0.0001755, -0.002724)
		ForceMonitor[i_system=1, step=163]:
			CF = (-0.3521, 0.1537, -0.1671)
			CM = (0.08209, 0.003607, -0.03322)
	step 163/359 at time 0.04527777777777778
		PressureLaplace(material_derivative)[step=164]: rebuild=false, panels=7288, CG iters=735, solved=true
		ForceMonitor[i_system=1, step=164]:
			CF = (-0.2161, 0.004117, -0.007375)
			CM = (0.01121, 0.0007233, -0.0001828)
		PressureLaplace(lamb_vector)[step=164]: rebuild=false, panels=7288, CG iters=775, solved=true
		ForceMonitor[i_system=1, step=164]:
			CF = (-0.02556, -0.0005144, -0.0008483)
			CM = (0.001319, -0.0001742, -0.002656)
		ForceMonitor[i_system=1, step=164]:
			CF = (-0.3802, 0.1241, -0.1636)
			CM = (0.09314, 0.003388, -0.02982)
	step 164/359 at time 0.04555555555555556
		PressureLaplace(material_derivative)[step=165]: rebuild=false, panels=7288, CG iters=735, solved=true
		ForceMonitor[i_system=1, step=165]:
			CF = (-0.2137, 0.003252, -0.005616)
			CM = (0.01164, 0.0007628, 0.002207)
		PressureLaplace(lamb_vector)[step=165]: rebuild=false, panels=7288, CG iters=775, solved=true
		ForceMonitor[i_system=1, step=165]:
			CF = (-0.02781, -0.0004096, -0.0006898)
			CM = (0.001336, -0.0001768, -0.002662)
		ForceMonitor[i_system=1, step=165]:
			CF = (-0.4109, 0.0926, -0.1631)
			CM = (0.1061, 0.003139, -0.0272)
	step 165/359 at time 0.04583333333333333
		PressureLaplace(material_derivative)[step=166]: rebuild=false, panels=7288, CG iters=735, solved=true
		ForceMonitor[i_system=1, step=166]:
			CF = (-0.2099, 0.002429, -0.004009)
			CM = (0.01207, 0.0008084, 0.004778)
		PressureLaplace(lamb_vector)[step=166]: rebuild=false, panels=7288, CG iters=774, solved=true
		ForceMonitor[i_system=1, step=166]:
			CF = (-0.03008, -0.0003022, -0.0005238)
			CM = (0.001349, -0.0001842, -0.002749)
		ForceMonitor[i_system=1, step=166]:
			CF = (-0.442, 0.0632, -0.1693)
			CM = (0.1211, 0.002914, -0.02568)
	step 166/359 at time 0.04611111111111111
		PressureLaplace(material_derivative)[step=167]: rebuild=false, panels=7288, CG iters=733, solved=true
		ForceMonitor[i_system=1, step=167]:
			CF = (-0.2089, 0.001676, -0.002893)
			CM = (0.01248, 0.0008122, 0.006304)
		PressureLaplace(lamb_vector)[step=167]: rebuild=false, panels=7288, CG iters=774, solved=true
		ForceMonitor[i_system=1, step=167]:
			CF = (-0.03184, -0.0001678, -0.0004171)
			CM = (0.001377, -0.0001806, -0.002774)
		ForceMonitor[i_system=1, step=167]:
			CF = (-0.4697, 0.0409, -0.1761)
			CM = (0.1346, 0.002569, -0.02484)
	step 167/359 at time 0.04638888888888889
		PressureLaplace(material_derivative)[step=168]: rebuild=false, panels=7288, CG iters=733, solved=true
		ForceMonitor[i_system=1, step=168]:
			CF = (-0.211, 0.0009624, -0.001954)
			CM = (0.01274, 0.0007569, 0.00653)
		PressureLaplace(lamb_vector)[step=168]: rebuild=false, panels=7288, CG iters=775, solved=true
		ForceMonitor[i_system=1, step=168]:
			CF = (-0.03278, 8.4e-6, -0.0003729)
			CM = (0.001419, -0.0001644, -0.002641)
		ForceMonitor[i_system=1, step=168]:
			CF = (-0.4893, 0.02607, -0.1733)
			CM = (0.1423, 0.002115, -0.02354)
	step 168/359 at time 0.04666666666666667
		PressureLaplace(material_derivative)[step=169]: rebuild=false, panels=7288, CG iters=735, solved=true
		ForceMonitor[i_system=1, step=169]:
			CF = (-0.2142, 0.0002442, -0.0007979)
			CM = (0.01277, 0.0006487, 0.006296)
		PressureLaplace(lamb_vector)[step=169]: rebuild=false, panels=7288, CG iters=775, solved=true
		ForceMonitor[i_system=1, step=169]:
			CF = (-0.03278, 0.0001961, -0.0003302)
			CM = (0.001455, -0.0001396, -0.002321)
		ForceMonitor[i_system=1, step=169]:
			CF = (-0.4971, 0.01744, -0.1546)
			CM = (0.1419, 0.001583, -0.02057)
	step 169/359 at time 0.04694444444444444
		PressureLaplace(material_derivative)[step=170]: rebuild=false, panels=7288, CG iters=735, solved=true
		ForceMonitor[i_system=1, step=170]:
			CF = (-0.2158, -0.0001504, 9.586e-5)
			CM = (0.01261, 0.0005423, 0.006087)
		PressureLaplace(lamb_vector)[step=170]: rebuild=false, panels=7288, CG iters=774, solved=true
		ForceMonitor[i_system=1, step=170]:
			CF = (-0.03194, 0.0002759, -0.000253)
			CM = (0.001465, -0.00012, -0.001945)
		ForceMonitor[i_system=1, step=170]:
			CF = (-0.4912, 0.01421, -0.1312)
			CM = (0.1361, 0.001152, -0.01684)
	step 170/359 at time 0.04722222222222222
		PressureLaplace(material_derivative)[step=171]: rebuild=false, panels=7288, CG iters=735, solved=true
		ForceMonitor[i_system=1, step=171]:
			CF = (-0.218, -0.0005976, 0.000611)
			CM = (0.01248, 0.0004632, 0.005551)
		PressureLaplace(lamb_vector)[step=171]: rebuild=false, panels=7288, CG iters=773, solved=true
		ForceMonitor[i_system=1, step=171]:
			CF = (-0.03097, 0.0003671, -0.0001728)
			CM = (0.001466, -0.0001014, -0.001598)
		ForceMonitor[i_system=1, step=171]:
			CF = (-0.4832, 0.008303, -0.1093)
			CM = (0.1294, 0.0008011, -0.01366)
	step 171/359 at time 0.0475
		PressureLaplace(material_derivative)[step=172]: rebuild=false, panels=7288, CG iters=735, solved=true
		ForceMonitor[i_system=1, step=172]:
			CF = (-0.2171, -0.0009006, 0.00132)
			CM = (0.01218, 0.0003568, 0.005205)
		PressureLaplace(lamb_vector)[step=172]: rebuild=false, panels=7288, CG iters=772, solved=true
		ForceMonitor[i_system=1, step=172]:
			CF = (-0.02972, 0.0004528, -0.0001384)
			CM = (0.001448, -7.656e-5, -0.001175)
		ForceMonitor[i_system=1, step=172]:
			CF = (-0.4689, 0.004417, -0.08235)
			CM = (0.1212, 0.0003494, -0.009004)
	step 172/359 at time 0.04777777777777778
		PressureLaplace(material_derivative)[step=173]: rebuild=false, panels=7288, CG iters=736, solved=true
		ForceMonitor[i_system=1, step=173]:
			CF = (-0.2182, -0.001335, 0.00205)
			CM = (0.0119, 0.0002321, 0.004583)
		PressureLaplace(lamb_vector)[step=173]: rebuild=false, panels=7288, CG iters=772, solved=true
		ForceMonitor[i_system=1, step=173]:
			CF = (-0.02836, 0.0005688, -9.032e-5)
			CM = (0.001437, -4.324e-5, -0.0006706)
		ForceMonitor[i_system=1, step=173]:
			CF = (-0.4545, -0.00234, -0.05001)
			CM = (0.1118, -0.000179, -0.003637)
	step 173/359 at time 0.04805555555555555
		PressureLaplace(material_derivative)[step=174]: rebuild=false, panels=7288, CG iters=737, solved=true
		ForceMonitor[i_system=1, step=174]:
			CF = (-0.2195, -0.001831, 0.002911)
			CM = (0.01165, 9.437e-5, 0.004037)
		PressureLaplace(lamb_vector)[step=174]: rebuild=false, panels=7288, CG iters=771, solved=true
		ForceMonitor[i_system=1, step=174]:
			CF = (-0.02712, 0.0006739, -4.757e-6)
			CM = (0.001421, -4.851e-6, -0.000121)
		ForceMonitor[i_system=1, step=174]:
			CF = (-0.4412, -0.01229, -0.01424)
			CM = (0.1027, -0.0007537, 0.002303)
	step 174/359 at time 0.04833333333333333
		PressureLaplace(material_derivative)[step=175]: rebuild=false, panels=7288, CG iters=737, solved=true
		ForceMonitor[i_system=1, step=175]:
			CF = (-0.2201, -0.002321, 0.003763)
			CM = (0.01144, -6.816e-5, 0.003366)
		PressureLaplace(lamb_vector)[step=175]: rebuild=false, panels=7288, CG iters=769, solved=true
		ForceMonitor[i_system=1, step=175]:
			CF = (-0.02625, 0.0007436, 0.0001157)
			CM = (0.001402, 4.08e-5, 0.0004712)
		ForceMonitor[i_system=1, step=175]:
			CF = (-0.4306, -0.02458, 0.02414)
			CM = (0.09579, -0.001381, 0.008477)
	step 175/359 at time 0.04861111111111111
		PressureLaplace(material_derivative)[step=176]: rebuild=false, panels=7288, CG iters=737, solved=true
		ForceMonitor[i_system=1, step=176]:
			CF = (-0.219, -0.002595, 0.004409)
			CM = (0.01129, -0.0002357, 0.002687)
		PressureLaplace(lamb_vector)[step=176]: rebuild=false, panels=7288, CG iters=767, solved=true
		ForceMonitor[i_system=1, step=176]:
			CF = (-0.02586, 0.0007361, 0.0002421)
			CM = (0.00138, 8.143e-5, 0.001025)
		ForceMonitor[i_system=1, step=176]:
			CF = (-0.4226, -0.03162, 0.05879)
			CM = (0.09228, -0.001997, 0.01413)
	step 176/359 at time 0.04888888888888889
		PressureLaplace(material_derivative)[step=177]: rebuild=false, panels=7288, CG iters=736, solved=true
		ForceMonitor[i_system=1, step=177]:
			CF = (-0.2166, -0.002689, 0.004876)
			CM = (0.01121, -0.0003951, 0.002056)
		PressureLaplace(lamb_vector)[step=177]: rebuild=false, panels=7288, CG iters=769, solved=true
		ForceMonitor[i_system=1, step=177]:
			CF = (-0.02598, 0.0006954, 0.0003561)
			CM = (0.001362, 0.0001141, 0.001509)
		ForceMonitor[i_system=1, step=177]:
			CF = (-0.4187, -0.03258, 0.08782)
			CM = (0.09232, -0.00256, 0.0189)
	step 177/359 at time 0.049166666666666664
		PressureLaplace(material_derivative)[step=178]: rebuild=false, panels=7288, CG iters=735, solved=true
		ForceMonitor[i_system=1, step=178]:
			CF = (-0.2145, -0.002665, 0.005186)
			CM = (0.01123, -0.0005209, 0.001538)
		PressureLaplace(lamb_vector)[step=178]: rebuild=false, panels=7288, CG iters=769, solved=true
		ForceMonitor[i_system=1, step=178]:
			CF = (-0.02647, 0.0006449, 0.00044)
			CM = (0.001351, 0.0001338, 0.001873)
		ForceMonitor[i_system=1, step=178]:
			CF = (-0.4199, -0.0295, 0.1099)
			CM = (0.09501, -0.003001, 0.02248)
	step 178/359 at time 0.049444444444444444
		PressureLaplace(material_derivative)[step=179]: rebuild=false, panels=7288, CG iters=735, solved=true
		ForceMonitor[i_system=1, step=179]:
			CF = (-0.2145, -0.002526, 0.005217)
			CM = (0.01138, -0.0006008, 0.001013)
		PressureLaplace(lamb_vector)[step=179]: rebuild=false, panels=7288, CG iters=769, solved=true
		ForceMonitor[i_system=1, step=179]:
			CF = (-0.02722, 0.0005656, 0.0005033)
			CM = (0.001353, 0.0001417, 0.002092)
		ForceMonitor[i_system=1, step=179]:
			CF = (-0.426, -0.02568, 0.1239)
			CM = (0.09921, -0.003214, 0.02429)
	step 179/359 at time 0.04972222222222222
		PressureLaplace(material_derivative)[step=180]: rebuild=false, panels=7288, CG iters=734, solved=true
		ForceMonitor[i_system=1, step=180]:
			CF = (-0.2169, -0.002226, 0.005005)
			CM = (0.01163, -0.0006279, 0.000839)
		PressureLaplace(lamb_vector)[step=180]: rebuild=false, panels=7288, CG iters=769, solved=true
		ForceMonitor[i_system=1, step=180]:
			CF = (-0.02814, 0.0004718, 0.0005452)
			CM = (0.001372, 0.0001363, 0.002135)
		ForceMonitor[i_system=1, step=180]:
			CF = (-0.4369, -0.01972, 0.1271)
			CM = (0.1038, -0.003212, 0.02428)
	step 180/359 at time 0.05
		PressureLaplace(material_derivative)[step=181]: rebuild=false, panels=7288, CG iters=734, solved=true
		ForceMonitor[i_system=1, step=181]:
			CF = (-0.2197, -0.001907, 0.004672)
			CM = (0.01189, -0.0006348, 0.0009345)
		PressureLaplace(lamb_vector)[step=181]: rebuild=false, panels=7288, CG iters=767, solved=true
		ForceMonitor[i_system=1, step=181]:
			CF = (-0.02916, 0.0004337, 0.0005526)
			CM = (0.001397, 0.0001302, 0.002092)
		ForceMonitor[i_system=1, step=181]:
			CF = (-0.4508, -0.01359, 0.1234)
			CM = (0.1082, -0.003202, 0.02349)
	step 181/359 at time 0.050277777777777775
		PressureLaplace(material_derivative)[step=182]: rebuild=false, panels=7288, CG iters=733, solved=true
		ForceMonitor[i_system=1, step=182]:
			CF = (-0.2156, -0.001591, 0.003666)
			CM = (0.01198, -0.0007004, -0.000674)
		PressureLaplace(lamb_vector)[step=182]: rebuild=false, panels=7288, CG iters=766, solved=true
		ForceMonitor[i_system=1, step=182]:
			CF = (-0.0304, 0.0004572, 0.0005022)
			CM = (0.001403, 0.0001475, 0.002169)
		ForceMonitor[i_system=1, step=182]:
			CF = (-0.4624, -0.005993, 0.1254)
			CM = (0.1144, -0.00334, 0.02253)
	step 182/359 at time 0.050555555555555555
		PressureLaplace(material_derivative)[step=183]: rebuild=false, panels=7288, CG iters=731, solved=true
		ForceMonitor[i_system=1, step=183]:
			CF = (-0.2103, -0.00152, 0.003821)
			CM = (0.01223, -0.0008324, -0.002189)
		PressureLaplace(lamb_vector)[step=183]: rebuild=false, panels=7288, CG iters=765, solved=true
		ForceMonitor[i_system=1, step=183]:
			CF = (-0.03187, 0.0004567, 0.0005206)
			CM = (0.001412, 0.0001832, 0.002486)
		ForceMonitor[i_system=1, step=183]:
			CF = (-0.4753, 0.001588, 0.1467)
			CM = (0.125, -0.003703, 0.02425)
	step 183/359 at time 0.050833333333333335
		PressureLaplace(material_derivative)[step=184]: rebuild=false, panels=7288, CG iters=729, solved=true
		ForceMonitor[i_system=1, step=184]:
			CF = (-0.2087, -0.0005814, 0.002386)
			CM = (0.01251, -0.0007979, -0.004357)
		PressureLaplace(lamb_vector)[step=184]: rebuild=false, panels=7288, CG iters=767, solved=true
		ForceMonitor[i_system=1, step=184]:
			CF = (-0.03304, 8.673e-5, 0.0004899)
			CM = (0.001428, 0.0001659, 0.002471)
		ForceMonitor[i_system=1, step=184]:
			CF = (-0.4923, 0.01346, 0.1561)
			CM = (0.1363, -0.002971, 0.02215)
	step 184/359 at time 0.051111111111111114
		PressureLaplace(material_derivative)[step=185]: rebuild=false, panels=7288, CG iters=714, solved=true
		ForceMonitor[i_system=1, step=185]:
			CF = (-0.2083, 0.0002455, 1.269e-5)
			CM = (0.01252, -0.0005818, -0.005299)
		PressureLaplace(lamb_vector)[step=185]: rebuild=false, panels=7288, CG iters=767, solved=true
		ForceMonitor[i_system=1, step=185]:
			CF = (-0.0335, -0.0001386, 0.0003823)
			CM = (0.001459, 0.0001171, 0.002125)
		ForceMonitor[i_system=1, step=185]:
			CF = (-0.5077, 0.01339, 0.1369)
			CM = (0.14, -0.002049, 0.019)
	step 185/359 at time 0.05138888888888889
		PressureLaplace(material_derivative)[step=186]: rebuild=false, panels=7288, CG iters=729, solved=true
		ForceMonitor[i_system=1, step=186]:
			CF = (-0.2109, 0.0007262, -0.000577)
			CM = (0.01251, -0.0004138, -0.004432)
		PressureLaplace(lamb_vector)[step=186]: rebuild=false, panels=7288, CG iters=765, solved=true
		ForceMonitor[i_system=1, step=186]:
			CF = (-0.03347, -0.0002402, 0.000332)
			CM = (0.001476, 7.968e-5, 0.001555)
		ForceMonitor[i_system=1, step=186]:
			CF = (-0.5043, 0.01509, 0.1036)
			CM = (0.1382, -0.001178, 0.01332)
	step 186/359 at time 0.051666666666666666
		PressureLaplace(material_derivative)[step=187]: rebuild=false, panels=7288, CG iters=729, solved=true
		ForceMonitor[i_system=1, step=187]:
			CF = (-0.2167, 0.001008, -0.0003144)
			CM = (0.01275, -0.0002082, -0.002147)
		PressureLaplace(lamb_vector)[step=187]: rebuild=false, panels=7288, CG iters=764, solved=true
		ForceMonitor[i_system=1, step=187]:
			CF = (-0.03329, -0.0003721, 0.0002219)
			CM = (0.001504, 2.543e-5, 0.0009808)
		ForceMonitor[i_system=1, step=187]:
			CF = (-0.5144, 0.005611, 0.06747)
			CM = (0.1363, -0.000546, 0.009961)
	step 187/359 at time 0.051944444444444446
		PressureLaplace(material_derivative)[step=188]: rebuild=false, panels=7288, CG iters=729, solved=true
		ForceMonitor[i_system=1, step=188]:
			CF = (-0.219, 0.000858, 0.0005038)
			CM = (0.01265, -0.0001099, 0.0001528)
		PressureLaplace(lamb_vector)[step=188]: rebuild=false, panels=7288, CG iters=764, solved=true
		ForceMonitor[i_system=1, step=188]:
			CF = (-0.03262, -0.0003286, 0.000231)
			CM = (0.001516, 6.04e-6, 0.0006066)
		ForceMonitor[i_system=1, step=188]:
			CF = (-0.5064, 0.003729, 0.03988)
			CM = (0.1314, -0.0002793, 0.007535)
	step 188/359 at time 0.052222222222222225
		PressureLaplace(material_derivative)[step=189]: rebuild=false, panels=7288, CG iters=729, solved=true
		ForceMonitor[i_system=1, step=189]:
			CF = (-0.2192, 0.0008856, 0.0004299)
			CM = (0.01238, -3.466e-5, 0.0008073)
		PressureLaplace(lamb_vector)[step=189]: rebuild=false, panels=7288, CG iters=764, solved=true
		ForceMonitor[i_system=1, step=189]:
			CF = (-0.03162, -0.0003071, 0.0002153)
			CM = (0.001502, -4.913e-6, 0.0003281)
		ForceMonitor[i_system=1, step=189]:
			CF = (-0.4905, 0.002513, 0.01951)
			CM = (0.1246, 8.443e-5, 0.004238)
	step 189/359 at time 0.0525
		PressureLaplace(material_derivative)[step=190]: rebuild=false, panels=7288, CG iters=729, solved=true
		ForceMonitor[i_system=1, step=190]:
			CF = (-0.2175, 0.001064, -0.0005631)
			CM = (0.01216, 9.771e-5, 0.0008155)
		PressureLaplace(lamb_vector)[step=190]: rebuild=false, panels=7288, CG iters=764, solved=true
		ForceMonitor[i_system=1, step=190]:
			CF = (-0.03055, -0.0003841, 0.0001073)
			CM = (0.001479, -3.49e-5, -0.0001016)
		ForceMonitor[i_system=1, step=190]:
			CF = (-0.4813, 0.00337, -0.008935)
			CM = (0.1189, 0.0006385, -0.0004032)
	step 190/359 at time 0.05277777777777778
		PressureLaplace(material_derivative)[step=191]: rebuild=false, panels=7288, CG iters=729, solved=true
		ForceMonitor[i_system=1, step=191]:
			CF = (-0.2083, 0.001278, -0.001253)
			CM = (0.01181, 0.0002551, 0.0007488)
		PressureLaplace(lamb_vector)[step=191]: rebuild=false, panels=7288, CG iters=763, solved=true
		ForceMonitor[i_system=1, step=191]:
			CF = (-0.03002, -0.0004859, -0.0001425)
			CM = (0.001407, -7.557e-5, -0.000652)
		ForceMonitor[i_system=1, step=191]:
			CF = (-0.466, -0.002206, -0.03493)
			CM = (0.1174, 0.001217, -0.004672)
	step 191/359 at time 0.05305555555555556
		PressureLaplace(material_derivative)[step=192]: rebuild=false, panels=7288, CG iters=731, solved=true
		ForceMonitor[i_system=1, step=192]:
			CF = (-0.2105, 0.001611, -0.001951)
			CM = (0.01171, 0.0003948, 0.001154)
		PressureLaplace(lamb_vector)[step=192]: rebuild=false, panels=7288, CG iters=772, solved=true
		ForceMonitor[i_system=1, step=192]:
			CF = (-0.02934, -0.0005236, -0.0002813)
			CM = (0.001416, -0.0001126, -0.001207)
		ForceMonitor[i_system=1, step=192]:
			CF = (-0.4545, 0.006088, -0.0688)
			CM = (0.1128, 0.001798, -0.01044)
	step 192/359 at time 0.05333333333333334
		PressureLaplace(material_derivative)[step=193]: rebuild=false, panels=7288, CG iters=733, solved=true
		ForceMonitor[i_system=1, step=193]:
			CF = (-0.2108, 0.002071, -0.003448)
			CM = (0.01157, 0.0005504, 0.00073)
		PressureLaplace(lamb_vector)[step=193]: rebuild=false, panels=7288, CG iters=773, solved=true
		ForceMonitor[i_system=1, step=193]:
			CF = (-0.02839, -0.0005788, -0.0004706)
			CM = (0.001405, -0.0001531, -0.001891)
		ForceMonitor[i_system=1, step=193]:
			CF = (-0.4409, 0.01915, -0.1068)
			CM = (0.1084, 0.002482, -0.01756)
	step 193/359 at time 0.05361111111111111
		PressureLaplace(material_derivative)[step=194]: rebuild=false, panels=7288, CG iters=734, solved=true
		ForceMonitor[i_system=1, step=194]:
			CF = (-0.2095, 0.002651, -0.005465)
			CM = (0.01136, 0.0007156, -0.000369)
		PressureLaplace(lamb_vector)[step=194]: rebuild=false, panels=7288, CG iters=775, solved=true
		ForceMonitor[i_system=1, step=194]:
			CF = (-0.0278, -0.0006257, -0.000698)
			CM = (0.001393, -0.0001909, -0.002536)
		ForceMonitor[i_system=1, step=194]:
			CF = (-0.4238, 0.03236, -0.1461)
			CM = (0.1045, 0.003333, -0.0268)
	step 194/359 at time 0.05388888888888889
		PressureLaplace(material_derivative)[step=195]: rebuild=false, panels=7288, CG iters=734, solved=true
		ForceMonitor[i_system=1, step=195]:
			CF = (-0.206, 0.00316, -0.007601)
			CM = (0.01116, 0.0008703, -0.001455)
		PressureLaplace(lamb_vector)[step=195]: rebuild=false, panels=7288, CG iters=775, solved=true
		ForceMonitor[i_system=1, step=195]:
			CF = (-0.02743, -0.0007264, -0.0008795)
			CM = (0.001367, -0.0002316, -0.00326)
		ForceMonitor[i_system=1, step=195]:
			CF = (-0.4131, 0.04033, -0.1865)
			CM = (0.1033, 0.004263, -0.03606)
	step 195/359 at time 0.05416666666666667
		PressureLaplace(material_derivative)[step=196]: rebuild=false, panels=7288, CG iters=735, solved=true
		ForceMonitor[i_system=1, step=196]:
			CF = (-0.2011, 0.003485, -0.008157)
			CM = (0.01085, 0.001013, -0.000732)
		PressureLaplace(lamb_vector)[step=196]: rebuild=false, panels=7288, CG iters=775, solved=true
		ForceMonitor[i_system=1, step=196]:
			CF = (-0.02691, -0.0006689, -0.001105)
			CM = (0.001351, -0.0002669, -0.003796)
		ForceMonitor[i_system=1, step=196]:
			CF = (-0.387, 0.06578, -0.2181)
			CM = (0.1019, 0.004569, -0.04093)
	step 196/359 at time 0.05444444444444444
		PressureLaplace(material_derivative)[step=197]: rebuild=false, panels=7288, CG iters=735, solved=true
		ForceMonitor[i_system=1, step=197]:
			CF = (-0.2042, 0.002787, -0.007906)
			CM = (0.01084, 0.0009833, -0.001067)
		PressureLaplace(lamb_vector)[step=197]: rebuild=false, panels=7288, CG iters=775, solved=true
		ForceMonitor[i_system=1, step=197]:
			CF = (-0.02638, -0.0004788, -0.001041)
			CM = (0.001347, -0.0002271, -0.003673)
		ForceMonitor[i_system=1, step=197]:
			CF = (-0.3941, 0.04904, -0.2118)
			CM = (0.0999, 0.004522, -0.04129)
	step 197/359 at time 0.05472222222222222
		PressureLaplace(material_derivative)[step=198]: rebuild=false, panels=7288, CG iters=735, solved=true
		ForceMonitor[i_system=1, step=198]:
			CF = (-0.2095, 0.002243, -0.007264)
			CM = (0.01093, 0.0009183, -0.0004768)
		PressureLaplace(lamb_vector)[step=198]: rebuild=false, panels=7288, CG iters=775, solved=true
		ForceMonitor[i_system=1, step=198]:
			CF = (-0.02594, -0.0002687, -0.0009405)
			CM = (0.001365, -0.0002038, -0.003441)
		ForceMonitor[i_system=1, step=198]:
			CF = (-0.396, 0.05703, -0.2006)
			CM = (0.09683, 0.004126, -0.03912)
	step 198/359 at time 0.055
		PressureLaplace(material_derivative)[step=199]: rebuild=false, panels=7288, CG iters=734, solved=true
		ForceMonitor[i_system=1, step=199]:
			CF = (-0.2136, 0.001906, -0.00686)
			CM = (0.01109, 0.0008706, -0.0004387)
		PressureLaplace(lamb_vector)[step=199]: rebuild=false, panels=7288, CG iters=775, solved=true
		ForceMonitor[i_system=1, step=199]:
			CF = (-0.02602, -0.0001926, -0.0007561)
			CM = (0.001387, -0.0001946, -0.003223)
		ForceMonitor[i_system=1, step=199]:
			CF = (-0.4027, 0.04819, -0.1839)
			CM = (0.09605, 0.003777, -0.03663)
	step 199/359 at time 0.05527777777777778
		PressureLaplace(material_derivative)[step=200]: rebuild=false, panels=7288, CG iters=735, solved=true
		ForceMonitor[i_system=1, step=200]:
			CF = (-0.219, 0.002624, -0.008624)
			CM = (0.01137, 0.0008746, -0.00324)
		PressureLaplace(lamb_vector)[step=200]: rebuild=false, panels=7288, CG iters=775, solved=true
		ForceMonitor[i_system=1, step=200]:
			CF = (-0.02634, -0.0003768, -0.0009231)
			CM = (0.001412, -0.0001967, -0.003286)
		ForceMonitor[i_system=1, step=200]:
			CF = (-0.4059, 0.06369, -0.1859)
			CM = (0.0965, 0.004006, -0.03922)
	step 200/359 at time 0.05555555555555555
		PressureLaplace(material_derivative)[step=201]: rebuild=false, panels=7288, CG iters=735, solved=true
		ForceMonitor[i_system=1, step=201]:
			CF = (-0.2244, 0.003404, -0.01027)
			CM = (0.01154, 0.0008566, -0.005265)
		PressureLaplace(lamb_vector)[step=201]: rebuild=false, panels=7288, CG iters=775, solved=true
		ForceMonitor[i_system=1, step=201]:
			CF = (-0.02641, -0.0005079, -0.00116)
			CM = (0.001446, -0.0002025, -0.003407)
		ForceMonitor[i_system=1, step=201]:
			CF = (-0.4059, 0.0902, -0.1959)
			CM = (0.09585, 0.004261, -0.04218)
	step 201/359 at time 0.05583333333333333
		PressureLaplace(material_derivative)[step=202]: rebuild=false, panels=7288, CG iters=735, solved=true
		ForceMonitor[i_system=1, step=202]:
			CF = (-0.2236, 0.003335, -0.01002)
			CM = (0.01142, 0.0008261, -0.004711)
		PressureLaplace(lamb_vector)[step=202]: rebuild=false, panels=7288, CG iters=776, solved=true
		ForceMonitor[i_system=1, step=202]:
			CF = (-0.02588, -0.0004162, -0.001197)
			CM = (0.001441, -0.0001922, -0.003246)
		ForceMonitor[i_system=1, step=202]:
			CF = (-0.3972, 0.09967, -0.1924)
			CM = (0.09383, 0.004001, -0.04009)
	step 202/359 at time 0.05611111111111111
		PressureLaplace(material_derivative)[step=203]: rebuild=false, panels=7288, CG iters=736, solved=true
		ForceMonitor[i_system=1, step=203]:
			CF = (-0.2243, 0.003311, -0.009993)
			CM = (0.01137, 0.000794, -0.00488)
		PressureLaplace(lamb_vector)[step=203]: rebuild=false, panels=7288, CG iters=776, solved=true
		ForceMonitor[i_system=1, step=203]:
			CF = (-0.02545, -0.000365, -0.001228)
			CM = (0.00144, -0.0001833, -0.003113)
		ForceMonitor[i_system=1, step=203]:
			CF = (-0.391, 0.1067, -0.1856)
			CM = (0.09169, 0.003805, -0.03858)
	step 203/359 at time 0.05638888888888889
		PressureLaplace(material_derivative)[step=204]: rebuild=false, panels=7288, CG iters=737, solved=true
		ForceMonitor[i_system=1, step=204]:
			CF = (-0.222, 0.00335, -0.01013)
			CM = (0.01119, 0.000763, -0.004655)
		PressureLaplace(lamb_vector)[step=204]: rebuild=false, panels=7288, CG iters=776, solved=true
		ForceMonitor[i_system=1, step=204]:
			CF = (-0.02484, -0.0003438, -0.001256)
			CM = (0.001428, -0.0001913, -0.003061)
		ForceMonitor[i_system=1, step=204]:
			CF = (-0.3766, 0.1243, -0.1847)
			CM = (0.08885, 0.003494, -0.03705)
	step 204/359 at time 0.056666666666666664
		PressureLaplace(material_derivative)[step=205]: rebuild=false, panels=7288, CG iters=733, solved=true
		ForceMonitor[i_system=1, step=205]:
			CF = (-0.2177, 0.00198, -0.006273)
			CM = (0.01102, 0.0007194, 0.0003736)
		PressureLaplace(lamb_vector)[step=205]: rebuild=false, panels=7288, CG iters=776, solved=true
		ForceMonitor[i_system=1, step=205]:
			CF = (-0.02457, 5.923e-5, -0.001129)
			CM = (0.001402, -0.0001583, -0.002496)
		ForceMonitor[i_system=1, step=205]:
			CF = (-0.3751, 0.09958, -0.1577)
			CM = (0.0888, 0.002419, -0.02579)
	step 205/359 at time 0.05694444444444444
		PressureLaplace(material_derivative)[step=206]: rebuild=false, panels=7288, CG iters=744, solved=true
		ForceMonitor[i_system=1, step=206]:
			CF = (-0.219, -0.002036, 0.003247)
			CM = (0.01125, 0.0004141, 0.00984)
		PressureLaplace(lamb_vector)[step=206]: rebuild=false, panels=7288, CG iters=775, solved=true
		ForceMonitor[i_system=1, step=206]:
			CF = (-0.02537, 0.0009232, -0.0003221)
			CM = (0.00137, -3.92e-5, -0.0009223)
		ForceMonitor[i_system=1, step=206]:
			CF = (-0.4174, 0.00177, -0.07007)
			CM = (0.09371, -0.000216, -0.0001756)
	step 206/359 at time 0.05722222222222222
		PressureLaplace(material_derivative)[step=207]: rebuild=false, panels=7288, CG iters=744, solved=true
		ForceMonitor[i_system=1, step=207]:
			CF = (-0.2228, -0.004853, 0.01014)
			CM = (0.01166, -5.695e-5, 0.0142)
		PressureLaplace(lamb_vector)[step=207]: rebuild=false, panels=7288, CG iters=770, solved=true
		ForceMonitor[i_system=1, step=207]:
			CF = (-0.02661, 0.001453, 0.0005133)
			CM = (0.001387, 8.022e-5, 0.0007382)
		ForceMonitor[i_system=1, step=207]:
			CF = (-0.4487, -0.05795, 0.02596)
			CM = (0.09859, -0.002737, 0.01987)
	step 207/359 at time 0.0575
		PressureLaplace(material_derivative)[step=208]: rebuild=false, panels=7288, CG iters=742, solved=true
		ForceMonitor[i_system=1, step=208]:
			CF = (-0.2292, -0.00482, 0.009475)
			CM = (0.01189, -0.0002977, 0.009497)
		PressureLaplace(lamb_vector)[step=208]: rebuild=false, panels=7288, CG iters=767, solved=true
		ForceMonitor[i_system=1, step=208]:
			CF = (-0.02713, 0.001256, 0.0007597)
			CM = (0.001442, 0.0001118, 0.001377)
		ForceMonitor[i_system=1, step=208]:
			CF = (-0.4455, -0.07254, 0.07729)
			CM = (0.09784, -0.003243, 0.02271)
	step 208/359 at time 0.057777777777777775
		PressureLaplace(material_derivative)[step=209]: rebuild=false, panels=7288, CG iters=742, solved=true
		ForceMonitor[i_system=1, step=209]:
			CF = (-0.2312, -0.004978, 0.01033)
			CM = (0.01199, -0.0004887, 0.008171)
		PressureLaplace(lamb_vector)[step=209]: rebuild=false, panels=7288, CG iters=769, solved=true
		ForceMonitor[i_system=1, step=209]:
			CF = (-0.02747, 0.001227, 0.0009373)
			CM = (0.00146, 0.0001398, 0.001968)
		ForceMonitor[i_system=1, step=209]:
			CF = (-0.444, -0.07588, 0.1179)
			CM = (0.09836, -0.003932, 0.02826)
	step 209/359 at time 0.058055555555555555
		PressureLaplace(material_derivative)[step=210]: rebuild=false, panels=7288, CG iters=737, solved=true
		ForceMonitor[i_system=1, step=210]:
			CF = (-0.2263, -0.004158, 0.008951)
			CM = (0.01193, -0.0006014, 0.005163)
		PressureLaplace(lamb_vector)[step=210]: rebuild=false, panels=7288, CG iters=770, solved=true
		ForceMonitor[i_system=1, step=210]:
			CF = (-0.02801, 0.0009585, 0.0009662)
			CM = (0.001444, 0.0001437, 0.002164)
		ForceMonitor[i_system=1, step=210]:
			CF = (-0.441, -0.0548, 0.1312)
			CM = (0.1018, -0.003928, 0.02734)
	step 210/359 at time 0.058333333333333334
		PressureLaplace(material_derivative)[step=211]: rebuild=false, panels=7288, CG iters=735, solved=true
		ForceMonitor[i_system=1, step=211]:
			CF = (-0.2203, -0.002648, 0.005346)
			CM = (0.01193, -0.0005848, 0.0005886)
		PressureLaplace(lamb_vector)[step=211]: rebuild=false, panels=7288, CG iters=769, solved=true
		ForceMonitor[i_system=1, step=211]:
			CF = (-0.02903, 0.00059, 0.0008307)
			CM = (0.001423, 0.0001208, 0.001933)
		ForceMonitor[i_system=1, step=211]:
			CF = (-0.4466, -0.02231, 0.1187)
			CM = (0.108, -0.003089, 0.02014)
	step 211/359 at time 0.058611111111111114
		PressureLaplace(material_derivative)[step=212]: rebuild=false, panels=7288, CG iters=733, solved=true
		ForceMonitor[i_system=1, step=212]:
			CF = (-0.2058, -0.002432, 0.00489)
			CM = (0.0117, -0.0006733, -0.0001635)
		PressureLaplace(lamb_vector)[step=212]: rebuild=false, panels=7288, CG iters=770, solved=true
		ForceMonitor[i_system=1, step=212]:
			CF = (-0.02987, 0.0006541, 0.0008438)
			CM = (0.001359, 0.0001481, 0.002255)
		ForceMonitor[i_system=1, step=212]:
			CF = (-0.4458, 0.004484, 0.1275)
			CM = (0.116, -0.00326, 0.02153)
	step 212/359 at time 0.058888888888888886
		PressureLaplace(material_derivative)[step=213]: rebuild=false, panels=7288, CG iters=731, solved=true
		ForceMonitor[i_system=1, step=213]:
			CF = (-0.205, -0.001715, 0.003519)
			CM = (0.01214, -0.0006726, -0.001281)
		PressureLaplace(lamb_vector)[step=213]: rebuild=false, panels=7288, CG iters=769, solved=true
		ForceMonitor[i_system=1, step=213]:
			CF = (-0.03212, 0.0005209, 0.0007614)
			CM = (0.001362, 0.0001354, 0.002238)
		ForceMonitor[i_system=1, step=213]:
			CF = (-0.4737, 0.03384, 0.1239)
			CM = (0.1287, -0.003072, 0.02018)
	step 213/359 at time 0.059166666666666666
		PressureLaplace(material_derivative)[step=214]: rebuild=false, panels=7288, CG iters=729, solved=true
		ForceMonitor[i_system=1, step=214]:
			CF = (-0.2097, -0.002533, 0.009838)
			CM = (0.01306, -0.0009879, 0.007248)
		PressureLaplace(lamb_vector)[step=214]: rebuild=false, panels=7288, CG iters=764, solved=true
		ForceMonitor[i_system=1, step=214]:
			CF = (-0.03587, 0.0009606, 0.001004)
			CM = (0.001382, 0.0001666, 0.002896)
		ForceMonitor[i_system=1, step=214]:
			CF = (-0.5252, 0.0801, 0.1511)
			CM = (0.1483, -0.005436, 0.03576)
	step 214/359 at time 0.059444444444444446
		PressureLaplace(material_derivative)[step=215]: rebuild=false, panels=7288, CG iters=742, solved=true
		ForceMonitor[i_system=1, step=215]:
			CF = (-0.2272, -0.006758, 0.02022)
			CM = (0.01398, -0.001937, 0.0169)
		PressureLaplace(lamb_vector)[step=215]: rebuild=false, panels=7288, CG iters=771, solved=true
		ForceMonitor[i_system=1, step=215]:
			CF = (-0.0389, 0.002311, 0.002596)
			CM = (0.001594, 0.0004196, 0.005832)
		ForceMonitor[i_system=1, step=215]:
			CF = (-0.5128, 0.1233, 0.2644)
			CM = (0.1563, -0.01053, 0.06522)
	step 215/359 at time 0.059722222222222225
		PressureLaplace(material_derivative)[step=216]: rebuild=false, panels=7288, CG iters=729, solved=true
		ForceMonitor[i_system=1, step=216]:
			CF = (-0.2023, -0.001622, 0.00459)
			CM = (0.01308, -0.00125, 0.0001258)
		PressureLaplace(lamb_vector)[step=216]: rebuild=false, panels=7288, CG iters=767, solved=true
		ForceMonitor[i_system=1, step=216]:
			CF = (-0.03811, 0.0007656, 0.001676)
			CM = (0.001482, 0.0002234, 0.003907)
		ForceMonitor[i_system=1, step=216]:
			CF = (-0.5131, 0.1484, 0.2028)
			CM = (0.1623, -0.006042, 0.03377)
	step 216/359 at time 0.06
		PressureLaplace(material_derivative)[step=217]: rebuild=false, panels=7288, CG iters=735, solved=true
		ForceMonitor[i_system=1, step=217]:
			CF = (-0.2312, -0.001805, 0.002773)
			CM = (0.01251, -0.0005522, -0.001446)
		PressureLaplace(lamb_vector)[step=217]: rebuild=false, panels=7288, CG iters=773, solved=true
		ForceMonitor[i_system=1, step=217]:
			CF = (-0.03152, 0.0001267, 0.001735)
			CM = (0.001721, 0.0001627, 0.002809)
		ForceMonitor[i_system=1, step=217]:
			CF = (-0.4598, -0.07196, 0.1734)
			CM = (0.1216, -0.002253, 0.02253)
