Requested shedding root at |r/R| >= 0.1
  shedding1 root midpoint r/R = 0.1239835140705626
  shedding2 root midpoint r/R = -0.1239835140705626

Begin rotor hover pressure comparison (360 steps)...
	step 0/359 at time 0.0
┌ Warning: fmm! called but either sources or targets are empty; foregoing calculation
└ @ FastMultipole ~/Dropbox/research/projects/FastMultipole/src/fmm.jl:1300
		PressureLaplace(material_derivative)[step=1]: rebuild=false, panels=7288, CG iters=722, solved=true
		ForceMonitor[i_system=1, step=1]:
			CF = (-0.1281, 2.074e-7, -2.187e-7)
			CM = (0.007491, -5.557e-9, -6.67e-8)
		PressureLaplace(lamb_vector)[step=1]: rebuild=false, panels=7288, CG iters=767, solved=true
		ForceMonitor[i_system=1, step=1]:
			CF = (-0.02143, 1.374e-10, 3.053e-9)
			CM = (0.0005805, 6.051e-11, -1.548e-9)
		ForceMonitor[i_system=1, step=1]:
			CF = (-0.2817, -2.14e-7, 3.839e-8)
			CM = (0.06707, 4.243e-10, 2.319e-9)
	step 1/359 at time 0.0002777777777777778
		PressureLaplace(material_derivative)[step=2]: rebuild=false, panels=7288, CG iters=719, solved=true
		ForceMonitor[i_system=1, step=2]:
			CF = (-0.1527, 2.76e-7, -2.629e-7)
			CM = (0.01048, -7.087e-9, -7.952e-8)
		PressureLaplace(lamb_vector)[step=2]: rebuild=false, panels=7288, CG iters=763, solved=true
		ForceMonitor[i_system=1, step=2]:
			CF = (-0.0309, -2.553e-10, 7.151e-9)
			CM = (0.000912, 7.422e-11, -1.432e-11)
		ForceMonitor[i_system=1, step=2]:
			CF = (-0.4022, -2.794e-7, 5.204e-8)
			CM = (0.122, 5.717e-10, 3.034e-9)
	step 2/359 at time 0.0005555555555555556
		PressureLaplace(material_derivative)[step=3]: rebuild=false, panels=7288, CG iters=723, solved=true
		ForceMonitor[i_system=1, step=3]:
			CF = (-0.1491, 3.779e-7, -4.407e-7)
			CM = (0.01215, -9.733e-9, -1.866e-7)
		PressureLaplace(lamb_vector)[step=3]: rebuild=false, panels=7288, CG iters=763, solved=true
		ForceMonitor[i_system=1, step=3]:
			CF = (-0.03912, 1.647e-10, 7.666e-9)
			CM = (0.0009794, 1.106e-10, -1.733e-9)
		ForceMonitor[i_system=1, step=3]:
			CF = (-0.4693, -5.124e-7, 9.95e-8)
			CM = (0.1772, 1.087e-9, 5.585e-9)
	step 3/359 at time 0.0008333333333333334
		PressureLaplace(material_derivative)[step=4]: rebuild=false, panels=7288, CG iters=723, solved=true
		ForceMonitor[i_system=1, step=4]:
			CF = (-0.1484, 6.083e-7, -4.206e-7)
			CM = (0.01297, -2.38e-8, -2.229e-7)
		PressureLaplace(lamb_vector)[step=4]: rebuild=false, panels=7288, CG iters=763, solved=true
		ForceMonitor[i_system=1, step=4]:
			CF = (-0.04369, -3.298e-8, 5.093e-8)
			CM = (0.001089, 1.074e-9, 1.141e-9)
		ForceMonitor[i_system=1, step=4]:
			CF = (-0.5108, 1.106e-5, 3.357e-6)
			CM = (0.2109, 1.328e-8, -2.984e-7)
	step 4/359 at time 0.0011111111111111111
		PressureLaplace(material_derivative)[step=5]: rebuild=false, panels=7288, CG iters=723, solved=true
		ForceMonitor[i_system=1, step=5]:
			CF = (-0.1472, 6.708e-7, -3.8e-7)
			CM = (0.01332, -2.827e-8, -3.007e-7)
		PressureLaplace(lamb_vector)[step=5]: rebuild=false, panels=7288, CG iters=763, solved=true
		ForceMonitor[i_system=1, step=5]:
			CF = (-0.0462, -2.141e-8, 4.205e-8)
			CM = (0.001159, 1.662e-9, 6.585e-9)
		ForceMonitor[i_system=1, step=5]:
			CF = (-0.5297, 1.195e-5, 4.887e-6)
			CM = (0.23, -1.135e-8, -2.183e-7)
	step 5/359 at time 0.001388888888888889
		PressureLaplace(material_derivative)[step=6]: rebuild=false, panels=7288, CG iters=723, solved=true
		ForceMonitor[i_system=1, step=6]:
			CF = (-0.1465, 1.213e-6, 8.853e-7)
			CM = (0.01348, -3.676e-8, -9.692e-9)
		PressureLaplace(lamb_vector)[step=6]: rebuild=false, panels=7288, CG iters=761, solved=true
		ForceMonitor[i_system=1, step=6]:
			CF = (-0.04754, 2.105e-8, 2.888e-10)
			CM = (0.001203, 7.509e-10, 2.113e-8)
		ForceMonitor[i_system=1, step=6]:
			CF = (-0.5368, 6.127e-5, 1.128e-5)
			CM = (0.2402, -4.064e-7, 3.833e-7)
	step 6/359 at time 0.0016666666666666668
		PressureLaplace(material_derivative)[step=7]: rebuild=false, panels=7288, CG iters=723, solved=true
		ForceMonitor[i_system=1, step=7]:
			CF = (-0.1465, -3.211e-7, -4.064e-6)
			CM = (0.01355, -3.443e-8, -1.518e-6)
		PressureLaplace(lamb_vector)[step=7]: rebuild=false, panels=7288, CG iters=756, solved=true
		ForceMonitor[i_system=1, step=7]:
			CF = (-0.04822, 3.359e-7, -6.865e-7)
			CM = (0.001232, -1.148e-8, -1.548e-8)
		ForceMonitor[i_system=1, step=7]:
			CF = (-0.538, -3.827e-5, -8.221e-5)
			CM = (0.2451, -9.207e-7, 4.984e-7)
	step 7/359 at time 0.0019444444444444444
		PressureLaplace(material_derivative)[step=8]: rebuild=false, panels=7288, CG iters=723, solved=true
		ForceMonitor[i_system=1, step=8]:
			CF = (-0.147, 5.098e-6, 8.63e-6)
			CM = (0.01358, 7.181e-8, 3.897e-6)
		PressureLaplace(lamb_vector)[step=8]: rebuild=false, panels=7288, CG iters=748, solved=true
		ForceMonitor[i_system=1, step=8]:
			CF = (-0.04851, -3.255e-7, 9.314e-7)
			CM = (0.00125, -2.052e-8, -7.494e-8)
		ForceMonitor[i_system=1, step=8]:
			CF = (-0.536, 0.0002892, 8.719e-5)
			CM = (0.2471, -2.866e-7, 5.473e-7)
	step 8/359 at time 0.0022222222222222222
		PressureLaplace(material_derivative)[step=9]: rebuild=false, panels=7288, CG iters=723, solved=true
		ForceMonitor[i_system=1, step=9]:
			CF = (-0.1478, -3.155e-8, -9.208e-6)
			CM = (0.0136, 1.403e-8, -1.548e-6)
		PressureLaplace(lamb_vector)[step=9]: rebuild=false, panels=7288, CG iters=748, solved=true
		ForceMonitor[i_system=1, step=9]:
			CF = (-0.04861, 4.412e-7, -8.421e-7)
			CM = (0.001261, -3.875e-8, -2.738e-7)
		ForceMonitor[i_system=1, step=9]:
			CF = (-0.5321, -0.0001206, -0.0001481)
			CM = (0.2475, -5.668e-7, -5.193e-7)
	step 9/359 at time 0.0025
		PressureLaplace(material_derivative)[step=10]: rebuild=false, panels=7288, CG iters=723, solved=true
		ForceMonitor[i_system=1, step=10]:
			CF = (-0.1487, 6.434e-6, 1.468e-5)
			CM = (0.0136, 1.725e-7, 6.719e-6)
		PressureLaplace(lamb_vector)[step=10]: rebuild=false, panels=7288, CG iters=756, solved=true
		ForceMonitor[i_system=1, step=10]:
			CF = (-0.04859, -5.793e-7, 1.605e-6)
			CM = (0.001269, -2.219e-8, -1.647e-7)
		ForceMonitor[i_system=1, step=10]:
			CF = (-0.5272, 0.0003787, 0.000133)
			CM = (0.2471, 4.17e-7, -3.514e-7)
	step 10/359 at time 0.002777777777777778
		PressureLaplace(material_derivative)[step=11]: rebuild=false, panels=7288, CG iters=723, solved=true
		ForceMonitor[i_system=1, step=11]:
			CF = (-0.1497, -2.562e-6, -7.167e-6)
			CM = (0.01361, 6.369e-8, -8.269e-7)
		PressureLaplace(lamb_vector)[step=11]: rebuild=false, panels=7288, CG iters=761, solved=true
		ForceMonitor[i_system=1, step=11]:
			CF = (-0.04852, 7.662e-7, -1.067e-6)
			CM = (0.001274, -2.912e-8, -2.429e-7)
		ForceMonitor[i_system=1, step=11]:
			CF = (-0.5211, -0.0003023, -0.0001239)
			CM = (0.2462, -8.787e-8, 3.677e-6)
	step 11/359 at time 0.0030555555555555557
		PressureLaplace(material_derivative)[step=12]: rebuild=false, panels=7288, CG iters=724, solved=true
		ForceMonitor[i_system=1, step=12]:
			CF = (-0.1508, -1.351e-6, 4.575e-5)
			CM = (0.01362, 1.014e-6, 1.732e-5)
		PressureLaplace(lamb_vector)[step=12]: rebuild=false, panels=7288, CG iters=763, solved=true
		ForceMonitor[i_system=1, step=12]:
			CF = (-0.04842, -7.699e-7, 2.996e-6)
			CM = (0.001278, -9.578e-9, 1.703e-7)
		ForceMonitor[i_system=1, step=12]:
			CF = (-0.5143, -0.0005105, 0.0005568)
			CM = (0.2453, 5.217e-6, 3.148e-5)
	step 12/359 at time 0.0033333333333333335
		PressureLaplace(material_derivative)[step=13]: rebuild=false, panels=7288, CG iters=724, solved=true
		ForceMonitor[i_system=1, step=13]:
			CF = (-0.1525, -4.611e-6, 7.666e-5)
			CM = (0.01364, 1.289e-6, 2.564e-5)
		PressureLaplace(lamb_vector)[step=13]: rebuild=false, panels=7288, CG iters=764, solved=true
		ForceMonitor[i_system=1, step=13]:
			CF = (-0.04831, -1.914e-6, 5.354e-6)
			CM = (0.001283, 2.379e-8, 4.372e-7)
		ForceMonitor[i_system=1, step=13]:
			CF = (-0.5068, -0.0009651, 0.001076)
			CM = (0.2443, 9.068e-6, 5.293e-5)
	step 13/359 at time 0.003611111111111111
		PressureLaplace(material_derivative)[step=14]: rebuild=false, panels=7288, CG iters=724, solved=true
		ForceMonitor[i_system=1, step=14]:
			CF = (-0.155, -1.264e-5, 5.493e-5)
			CM = (0.0137, 8.748e-7, 1.3e-5)
		PressureLaplace(lamb_vector)[step=14]: rebuild=false, panels=7288, CG iters=764, solved=true
		ForceMonitor[i_system=1, step=14]:
			CF = (-0.04817, -1.506e-6, 2.043e-6)
			CM = (0.001291, 6.803e-8, 1.049e-6)
		ForceMonitor[i_system=1, step=14]:
			CF = (-0.4995, -0.001514, 0.0008415)
			CM = (0.2431, 7.01e-6, 5.301e-5)
	step 14/359 at time 0.0038888888888888888
		PressureLaplace(material_derivative)[step=15]: rebuild=false, panels=7288, CG iters=724, solved=true
		ForceMonitor[i_system=1, step=15]:
			CF = (-0.159, -1.222e-5, 7.791e-5)
			CM = (0.01379, 7.929e-7, 1.413e-5)
		PressureLaplace(lamb_vector)[step=15]: rebuild=false, panels=7288, CG iters=765, solved=true
		ForceMonitor[i_system=1, step=15]:
			CF = (-0.04796, -2.751e-6, 1.696e-6)
			CM = (0.001303, 1.49e-7, 2.023e-6)
		ForceMonitor[i_system=1, step=15]:
			CF = (-0.4921, -0.00125, 0.001017)
			CM = (0.2417, 6.397e-6, 5.393e-5)
	step 15/359 at time 0.004166666666666667
		PressureLaplace(material_derivative)[step=16]: rebuild=false, panels=7288, CG iters=724, solved=true
		ForceMonitor[i_system=1, step=16]:
			CF = (-0.1648, -9.167e-6, 4.585e-5)
			CM = (0.01395, -1.289e-6, 2.896e-6)
		PressureLaplace(lamb_vector)[step=16]: rebuild=false, panels=7288, CG iters=765, solved=true
		ForceMonitor[i_system=1, step=16]:
			CF = (-0.04771, -9.111e-7, -2.765e-6)
			CM = (0.001322, 1.592e-7, 1.844e-6)
		ForceMonitor[i_system=1, step=16]:
			CF = (-0.4862, -0.0002872, 0.0004118)
			CM = (0.24, -3.617e-6, 2.834e-5)
	step 16/359 at time 0.0044444444444444444
		PressureLaplace(material_derivative)[step=17]: rebuild=false, panels=7288, CG iters=725, solved=true
		ForceMonitor[i_system=1, step=17]:
			CF = (-0.1724, -9.226e-6, 7.53e-6)
			CM = (0.01414, -2.274e-6, -2.415e-5)
		PressureLaplace(lamb_vector)[step=17]: rebuild=false, panels=7288, CG iters=767, solved=true
		ForceMonitor[i_system=1, step=17]:
			CF = (-0.04733, -1.197e-6, -5.4e-6)
			CM = (0.001347, 4.036e-7, 3.681e-6)
		ForceMonitor[i_system=1, step=17]:
			CF = (-0.4812, 0.0002325, -8.665e-5)
			CM = (0.2374, -7.273e-6, -1.211e-5)
	step 17/359 at time 0.004722222222222222
		PressureLaplace(material_derivative)[step=18]: rebuild=false, panels=7288, CG iters=725, solved=true
		ForceMonitor[i_system=1, step=18]:
			CF = (-0.1814, -2.48e-5, 5.824e-5)
			CM = (0.01435, 3.144e-6, 7.446e-6)
		PressureLaplace(lamb_vector)[step=18]: rebuild=false, panels=7288, CG iters=767, solved=true
		ForceMonitor[i_system=1, step=18]:
			CF = (-0.04679, -7.103e-6, 4.573e-6)
			CM = (0.001376, -5.186e-9, 2.392e-6)
		ForceMonitor[i_system=1, step=18]:
			CF = (-0.4761, -0.002796, 0.001065)
			CM = (0.2335, 2.023e-5, 4.027e-5)
	step 18/359 at time 0.005
		PressureLaplace(material_derivative)[step=19]: rebuild=false, panels=7288, CG iters=725, solved=true
		ForceMonitor[i_system=1, step=19]:
			CF = (-0.1896, -4.316e-5, -8.253e-6)
			CM = (0.01449, -3.249e-6, -6.393e-5)
		PressureLaplace(lamb_vector)[step=19]: rebuild=false, panels=7288, CG iters=767, solved=true
		ForceMonitor[i_system=1, step=19]:
			CF = (-0.04607, -2.071e-6, -1.254e-5)
			CM = (0.001403, 7.13e-7, 3.213e-6)
		ForceMonitor[i_system=1, step=19]:
			CF = (-0.4695, -0.004075, 0.001271)
			CM = (0.228, 2.751e-9, 8.977e-5)
	step 19/359 at time 0.005277777777777778
		PressureLaplace(material_derivative)[step=20]: rebuild=false, panels=7288, CG iters=725, solved=true
		ForceMonitor[i_system=1, step=20]:
			CF = (-0.1967, -1.659e-6, -6.686e-5)
			CM = (0.01453, -3.254e-8, -3.867e-5)
		PressureLaplace(lamb_vector)[step=20]: rebuild=false, panels=7288, CG iters=769, solved=true
		ForceMonitor[i_system=1, step=20]:
			CF = (-0.0452, -2.575e-6, -7.447e-6)
			CM = (0.001424, 2.632e-7, 2.518e-6)
		ForceMonitor[i_system=1, step=20]:
			CF = (-0.4602, -0.0008121, 6.163e-5)
			CM = (0.2206, -4.573e-7, 3.259e-5)
	step 20/359 at time 0.005555555555555556
		PressureLaplace(material_derivative)[step=21]: rebuild=false, panels=7288, CG iters=725, solved=true
		ForceMonitor[i_system=1, step=21]:
			CF = (-0.2016, -3.68e-5, 4.454e-6)
			CM = (0.01445, 4.41e-7, -3.99e-5)
		PressureLaplace(lamb_vector)[step=21]: rebuild=false, panels=7288, CG iters=770, solved=true
		ForceMonitor[i_system=1, step=21]:
			CF = (-0.04422, -7.643e-6, -1.197e-5)
			CM = (0.001433, 1.678e-6, 7.588e-6)
		ForceMonitor[i_system=1, step=21]:
			CF = (-0.4485, -0.00416, 0.001492)
			CM = (0.2119, 1.076e-5, 0.0001261)
	step 21/359 at time 0.005833333333333334
		PressureLaplace(material_derivative)[step=22]: rebuild=false, panels=7288, CG iters=725, solved=true
		ForceMonitor[i_system=1, step=22]:
			CF = (-0.205, 6.275e-6, 5.592e-5)
			CM = (0.01433, -2.702e-6, -9.244e-7)
		PressureLaplace(lamb_vector)[step=22]: rebuild=false, panels=7288, CG iters=770, solved=true
		ForceMonitor[i_system=1, step=22]:
			CF = (-0.04324, -7.385e-6, -3.958e-6)
			CM = (0.001437, 1.467e-6, 1.081e-5)
		ForceMonitor[i_system=1, step=22]:
			CF = (-0.4365, -0.0002528, 0.001468)
			CM = (0.2032, -1.603e-5, 0.000141)
	step 22/359 at time 0.006111111111111111
		PressureLaplace(material_derivative)[step=23]: rebuild=false, panels=7288, CG iters=726, solved=true
		ForceMonitor[i_system=1, step=23]:
			CF = (-0.2072, 7.031e-5, 3.67e-6)
			CM = (0.0142, -2.388e-5, -5.759e-5)
		PressureLaplace(lamb_vector)[step=23]: rebuild=false, panels=7288, CG iters=771, solved=true
		ForceMonitor[i_system=1, step=23]:
			CF = (-0.04234, 6.32e-6, -6.548e-6)
			CM = (0.001431, 1.99e-6, 1.464e-5)
		ForceMonitor[i_system=1, step=23]:
			CF = (-0.4246, 0.008059, 0.0008909)
			CM = (0.1953, -0.0001008, 0.000102)
	step 23/359 at time 0.006388888888888889
		PressureLaplace(material_derivative)[step=24]: rebuild=false, panels=7288, CG iters=726, solved=true
		ForceMonitor[i_system=1, step=24]:
			CF = (-0.2095, 3.987e-5, 4.817e-5)
			CM = (0.01412, -3.471e-5, -3.497e-5)
		PressureLaplace(lamb_vector)[step=24]: rebuild=false, panels=7288, CG iters=771, solved=true
		ForceMonitor[i_system=1, step=24]:
			CF = (-0.04166, 1.008e-5, 9.259e-6)
			CM = (0.001425, 1.993e-6, 2.119e-5)
		ForceMonitor[i_system=1, step=24]:
			CF = (-0.4141, 0.008467, 0.001767)
			CM = (0.1887, -0.000124, 0.0001339)
	step 24/359 at time 0.006666666666666667
		PressureLaplace(material_derivative)[step=25]: rebuild=false, panels=7288, CG iters=726, solved=true
		ForceMonitor[i_system=1, step=25]:
			CF = (-0.2118, -9.55e-6, -0.0001148)
			CM = (0.01408, -3.574e-5, -7.662e-5)
		PressureLaplace(lamb_vector)[step=25]: rebuild=false, panels=7288, CG iters=771, solved=true
		ForceMonitor[i_system=1, step=25]:
			CF = (-0.04114, 1.438e-5, 1.209e-5)
			CM = (0.00142, 5.089e-7, 1.771e-5)
		ForceMonitor[i_system=1, step=25]:
			CF = (-0.4038, 0.003835, 0.00136)
			CM = (0.1834, -0.0001274, 0.0001235)
	step 25/359 at time 0.006944444444444444
		PressureLaplace(material_derivative)[step=26]: rebuild=false, panels=7288, CG iters=728, solved=true
		ForceMonitor[i_system=1, step=26]:
			CF = (-0.2118, 8.238e-5, -0.0002023)
			CM = (0.01402, -4.582e-5, -0.0001056)
		PressureLaplace(lamb_vector)[step=26]: rebuild=false, panels=7288, CG iters=772, solved=true
		ForceMonitor[i_system=1, step=26]:
			CF = (-0.04083, 1.956e-5, 4.585e-6)
			CM = (0.00141, 1.144e-6, 1.445e-5)
		ForceMonitor[i_system=1, step=26]:
			CF = (-0.3957, 0.01432, -0.0008418)
			CM = (0.1796, -0.0001603, -0.0001727)
	step 26/359 at time 0.007222222222222222
		PressureLaplace(material_derivative)[step=27]: rebuild=false, panels=7288, CG iters=734, solved=true
		ForceMonitor[i_system=1, step=27]:
			CF = (-0.2135, 0.0006736, -0.0001597)
			CM = (0.01404, -0.0001113, 5.884e-5)
		PressureLaplace(lamb_vector)[step=27]: rebuild=false, panels=7288, CG iters=773, solved=true
		ForceMonitor[i_system=1, step=27]:
			CF = (-0.04064, 5.923e-5, 3.861e-5)
			CM = (0.001406, 1.91e-7, 4.776e-6)
		ForceMonitor[i_system=1, step=27]:
			CF = (-0.3883, 0.07375, -0.01045)
			CM = (0.1769, -0.0004648, -0.0009079)
	step 27/359 at time 0.0075
		PressureLaplace(material_derivative)[step=28]: rebuild=false, panels=7288, CG iters=735, solved=true
		ForceMonitor[i_system=1, step=28]:
			CF = (-0.2154, 0.0007307, -0.0005489)
			CM = (0.01412, -0.000156, -8.387e-5)
		PressureLaplace(lamb_vector)[step=28]: rebuild=false, panels=7288, CG iters=773, solved=true
		ForceMonitor[i_system=1, step=28]:
			CF = (-0.04058, 6.905e-5, 9.787e-5)
			CM = (0.001395, -3.65e-6, -1.133e-5)
		ForceMonitor[i_system=1, step=28]:
			CF = (-0.3749, 0.07919, -0.01012)
			CM = (0.1758, -0.0005697, -0.001208)
	step 28/359 at time 0.0077777777777777776
		PressureLaplace(material_derivative)[step=29]: rebuild=false, panels=7288, CG iters=735, solved=true
		ForceMonitor[i_system=1, step=29]:
			CF = (-0.217, 0.0006933, -0.001304)
			CM = (0.01419, -0.0001792, -0.0003752)
		PressureLaplace(lamb_vector)[step=29]: rebuild=false, panels=7288, CG iters=773, solved=true
		ForceMonitor[i_system=1, step=29]:
			CF = (-0.04074, 8.019e-5, 9.191e-5)
			CM = (0.001393, -5.1e-6, -3.653e-5)
		ForceMonitor[i_system=1, step=29]:
			CF = (-0.3624, 0.07922, -0.01314)
			CM = (0.1758, -0.0005937, -0.001768)
	step 29/359 at time 0.008055555555555555
		PressureLaplace(material_derivative)[step=30]: rebuild=false, panels=7288, CG iters=735, solved=true
		ForceMonitor[i_system=1, step=30]:
			CF = (-0.2185, 0.0006333, -0.00221)
			CM = (0.01426, -0.0001848, -0.0006659)
		PressureLaplace(lamb_vector)[step=30]: rebuild=false, panels=7288, CG iters=775, solved=true
		ForceMonitor[i_system=1, step=30]:
			CF = (-0.04094, 9.94e-5, 3.786e-5)
			CM = (0.001401, -3.848e-6, -5.863e-5)
		ForceMonitor[i_system=1, step=30]:
			CF = (-0.3527, 0.08158, -0.0202)
			CM = (0.1762, -0.0005744, -0.002456)
	step 30/359 at time 0.008333333333333333
		PressureLaplace(material_derivative)[step=31]: rebuild=false, panels=7288, CG iters=736, solved=true
		ForceMonitor[i_system=1, step=31]:
			CF = (-0.2207, 0.0006007, -0.003043)
			CM = (0.01433, -0.0001764, -0.0008662)
		PressureLaplace(lamb_vector)[step=31]: rebuild=false, panels=7288, CG iters=776, solved=true
		ForceMonitor[i_system=1, step=31]:
			CF = (-0.0411, 0.0001093, -6.163e-6)
			CM = (0.00141, -2.964e-6, -6.81e-5)
		ForceMonitor[i_system=1, step=31]:
			CF = (-0.3424, 0.08488, -0.02868)
			CM = (0.1768, -0.0005543, -0.002913)
	step 31/359 at time 0.008611111111111111
		PressureLaplace(material_derivative)[step=32]: rebuild=false, panels=7288, CG iters=736, solved=true
		ForceMonitor[i_system=1, step=32]:
			CF = (-0.2244, 0.0004801, -0.003613)
			CM = (0.01443, -0.0001465, -0.0009053)
		PressureLaplace(lamb_vector)[step=32]: rebuild=false, panels=7288, CG iters=776, solved=true
		ForceMonitor[i_system=1, step=32]:
			CF = (-0.04123, 0.0001075, -1.051e-5)
			CM = (0.001423, -4.605e-6, -7.756e-5)
		ForceMonitor[i_system=1, step=32]:
			CF = (-0.3325, 0.07353, -0.03322)
			CM = (0.1773, -0.000481, -0.002778)
	step 32/359 at time 0.008888888888888889
		PressureLaplace(material_derivative)[step=33]: rebuild=false, panels=7288, CG iters=737, solved=true
		ForceMonitor[i_system=1, step=33]:
			CF = (-0.2305, 0.0005435, -0.004323)
			CM = (0.01458, -0.0001329, -0.0009834)
		PressureLaplace(lamb_vector)[step=33]: rebuild=false, panels=7288, CG iters=776, solved=true
		ForceMonitor[i_system=1, step=33]:
			CF = (-0.04134, 0.0001143, -4.6e-6)
			CM = (0.001443, -5.611e-6, -8.652e-5)
		ForceMonitor[i_system=1, step=33]:
			CF = (-0.3251, 0.07395, -0.03948)
			CM = (0.1771, -0.000494, -0.002745)
	step 33/359 at time 0.009166666666666667
		PressureLaplace(material_derivative)[step=34]: rebuild=false, panels=7288, CG iters=737, solved=true
		ForceMonitor[i_system=1, step=34]:
			CF = (-0.2347, 0.0007023, -0.004801)
			CM = (0.01464, -0.0001154, -0.0009371)
		PressureLaplace(lamb_vector)[step=34]: rebuild=false, panels=7288, CG iters=778, solved=true
		ForceMonitor[i_system=1, step=34]:
			CF = (-0.04124, 0.000123, 2.245e-5)
			CM = (0.00146, -7.442e-6, -0.0001017)
		ForceMonitor[i_system=1, step=34]:
			CF = (-0.3199, 0.08183, -0.0458)
			CM = (0.1758, -0.0005071, -0.0029)
	step 34/359 at time 0.009444444444444445
		PressureLaplace(material_derivative)[step=35]: rebuild=false, panels=7288, CG iters=738, solved=true
		ForceMonitor[i_system=1, step=35]:
			CF = (-0.2411, 0.0009128, -0.005401)
			CM = (0.01472, -0.0001281, -0.0009622)
		PressureLaplace(lamb_vector)[step=35]: rebuild=false, panels=7288, CG iters=778, solved=true
		ForceMonitor[i_system=1, step=35]:
			CF = (-0.04096, 0.0001537, 4.117e-5)
			CM = (0.001483, -9.339e-6, -0.0001291)
		ForceMonitor[i_system=1, step=35]:
			CF = (-0.3147, 0.09956, -0.05473)
			CM = (0.1729, -0.0006222, -0.00333)
	step 35/359 at time 0.009722222222222222
		PressureLaplace(material_derivative)[step=36]: rebuild=false, panels=7288, CG iters=740, solved=true
		ForceMonitor[i_system=1, step=36]:
			CF = (-0.2465, 0.001136, -0.005653)
			CM = (0.01474, -0.0001006, -0.0006758)
		PressureLaplace(lamb_vector)[step=36]: rebuild=false, panels=7288, CG iters=778, solved=true
		ForceMonitor[i_system=1, step=36]:
			CF = (-0.04052, 0.0001808, 9.818e-5)
			CM = (0.001502, -1.379e-5, -0.0001679)
		ForceMonitor[i_system=1, step=36]:
			CF = (-0.3182, 0.1214, -0.06565)
			CM = (0.1685, -0.0006101, -0.003977)
	step 36/359 at time 0.01
		PressureLaplace(material_derivative)[step=37]: rebuild=false, panels=7288, CG iters=742, solved=true
		ForceMonitor[i_system=1, step=37]:
			CF = (-0.2507, 0.0008876, -0.006237)
			CM = (0.01475, 1.529e-5, -0.0003732)
		PressureLaplace(lamb_vector)[step=37]: rebuild=false, panels=7288, CG iters=778, solved=true
		ForceMonitor[i_system=1, step=37]:
			CF = (-0.04006, 0.0001617, 0.0001932)
			CM = (0.001509, -3.034e-5, -0.000255)
		ForceMonitor[i_system=1, step=37]:
			CF = (-0.326, 0.08921, -0.06955)
			CM = (0.1631, -0.0001553, -0.004542)
	step 37/359 at time 0.010277777777777778
		PressureLaplace(material_derivative)[step=38]: rebuild=false, panels=7288, CG iters=728, solved=true
		ForceMonitor[i_system=1, step=38]:
			CF = (-0.2542, 0.0004704, -0.006449)
			CM = (0.01478, 1.162e-5, -0.0005704)
		PressureLaplace(lamb_vector)[step=38]: rebuild=false, panels=7288, CG iters=778, solved=true
		ForceMonitor[i_system=1, step=38]:
			CF = (-0.03974, 0.0001962, 0.0001519)
			CM = (0.001514, -2.847e-5, -0.0003032)
		ForceMonitor[i_system=1, step=38]:
			CF = (-0.3284, 0.04426, -0.06189)
			CM = (0.1575, -3.478e-5, -0.004346)
	step 38/359 at time 0.010555555555555556
		PressureLaplace(material_derivative)[step=39]: rebuild=false, panels=7288, CG iters=745, solved=true
		ForceMonitor[i_system=1, step=39]:
			CF = (-0.2624, -0.000258, -0.007571)
			CM = (0.01491, 0.0001022, -0.0009469)
		PressureLaplace(lamb_vector)[step=39]: rebuild=false, panels=7288, CG iters=778, solved=true
		ForceMonitor[i_system=1, step=39]:
			CF = (-0.0393, 0.0002144, 6.383e-5)
			CM = (0.001535, -3.142e-5, -0.0003304)
		ForceMonitor[i_system=1, step=39]:
			CF = (-0.3238, -0.02252, -0.06059)
			CM = (0.1506, 0.0002903, -0.003825)
	step 39/359 at time 0.010833333333333334
		PressureLaplace(material_derivative)[step=40]: rebuild=false, panels=7288, CG iters=745, solved=true
		ForceMonitor[i_system=1, step=40]:
			CF = (-0.2613, -0.001251, -0.008227)
			CM = (0.01474, 0.0001784, -0.001378)
		PressureLaplace(lamb_vector)[step=40]: rebuild=false, panels=7288, CG iters=778, solved=true
		ForceMonitor[i_system=1, step=40]:
			CF = (-0.03873, 0.0003085, -5.109e-5)
			CM = (0.001543, -3.058e-5, -0.0003399)
		ForceMonitor[i_system=1, step=40]:
			CF = (-0.3335, -0.1137, -0.05268)
			CM = (0.1444, 0.0005523, -0.002292)
	step 40/359 at time 0.011111111111111112
		PressureLaplace(material_derivative)[step=41]: rebuild=false, panels=7288, CG iters=748, solved=true
		ForceMonitor[i_system=1, step=41]:
			CF = (-0.2618, -0.001532, -0.008244)
			CM = (0.01464, 0.0002648, -0.00139)
		PressureLaplace(lamb_vector)[step=41]: rebuild=false, panels=7288, CG iters=779, solved=true
		ForceMonitor[i_system=1, step=41]:
			CF = (-0.03832, 0.0003563, -0.0001371)
			CM = (0.001539, -3.375e-5, -0.0003534)
		ForceMonitor[i_system=1, step=41]:
			CF = (-0.3143, -0.1339, -0.05926)
			CM = (0.1381, 0.0006776, -0.001989)
	step 41/359 at time 0.01138888888888889
		PressureLaplace(material_derivative)[step=42]: rebuild=false, panels=7288, CG iters=750, solved=true
		ForceMonitor[i_system=1, step=42]:
			CF = (-0.2595, -0.001837, -0.007854)
			CM = (0.01449, 0.0004174, -0.001084)
		PressureLaplace(lamb_vector)[step=42]: rebuild=false, panels=7288, CG iters=779, solved=true
		ForceMonitor[i_system=1, step=42]:
			CF = (-0.03819, 0.0002971, -0.0001587)
			CM = (0.001529, -3.35e-5, -0.0003188)
		ForceMonitor[i_system=1, step=42]:
			CF = (-0.2941, -0.139, -0.06777)
			CM = (0.1335, 0.0009696, -0.002299)
	step 42/359 at time 0.011666666666666667
		PressureLaplace(material_derivative)[step=43]: rebuild=false, panels=7288, CG iters=751, solved=true
		ForceMonitor[i_system=1, step=43]:
			CF = (-0.253, -0.002697, -0.006875)
			CM = (0.01425, 0.0006678, -0.00057)
		PressureLaplace(lamb_vector)[step=43]: rebuild=false, panels=7288, CG iters=779, solved=true
		ForceMonitor[i_system=1, step=43]:
			CF = (-0.03823, 0.0002051, -0.0001593)
			CM = (0.001513, -4.57e-5, -0.0003443)
		ForceMonitor[i_system=1, step=43]:
			CF = (-0.2819, -0.2287, -0.0558)
			CM = (0.1311, 0.001726, -0.001047)
	step 43/359 at time 0.011944444444444445
		PressureLaplace(material_derivative)[step=44]: rebuild=false, panels=7288, CG iters=750, solved=true
		ForceMonitor[i_system=1, step=44]:
			CF = (-0.2369, -0.004759, -0.004694)
			CM = (0.01376, 0.001009, -0.0004659)
		PressureLaplace(lamb_vector)[step=44]: rebuild=false, panels=7288, CG iters=779, solved=true
		ForceMonitor[i_system=1, step=44]:
			CF = (-0.03821, 0.0001364, -0.0001757)
			CM = (0.001479, -4.509e-5, -0.0003494)
		ForceMonitor[i_system=1, step=44]:
			CF = (-0.2922, -0.4258, -0.01052)
			CM = (0.1315, 0.00315, 0.001795)
	step 44/359 at time 0.012222222222222223
		PressureLaplace(material_derivative)[step=45]: rebuild=false, panels=7288, CG iters=753, solved=true
		ForceMonitor[i_system=1, step=45]:
			CF = (-0.2287, -0.003349, -0.0039)
			CM = (0.01352, 0.001256, -0.0002633)
		PressureLaplace(lamb_vector)[step=45]: rebuild=false, panels=7288, CG iters=779, solved=true
		ForceMonitor[i_system=1, step=45]:
			CF = (-0.03931, -3.874e-5, -0.0003735)
			CM = (0.001467, -4.872e-5, -0.0003669)
		ForceMonitor[i_system=1, step=45]:
			CF = (-0.2853, -0.3034, -0.05866)
			CM = (0.133, 0.003596, -0.002039)
	step 45/359 at time 0.0125
		PressureLaplace(material_derivative)[step=46]: rebuild=false, panels=7288, CG iters=753, solved=true
		ForceMonitor[i_system=1, step=46]:
			CF = (-0.2259, -0.00292, -0.0009552)
			CM = (0.01352, 0.001386, 0.0001293)
		PressureLaplace(lamb_vector)[step=46]: rebuild=false, panels=7288, CG iters=779, solved=true
		ForceMonitor[i_system=1, step=46]:
			CF = (-0.04031, -3.39e-5, -0.0004082)
			CM = (0.001454, -4.397e-5, -0.00036)
		ForceMonitor[i_system=1, step=46]:
			CF = (-0.2809, -0.3435, -0.04077)
			CM = (0.1356, 0.004251, -0.001219)
	step 46/359 at time 0.012777777777777779
		PressureLaplace(material_derivative)[step=47]: rebuild=false, panels=7288, CG iters=752, solved=true
		ForceMonitor[i_system=1, step=47]:
			CF = (-0.2265, -0.0009818, -0.004082)
			CM = (0.01358, 0.001311, -0.0005401)
		PressureLaplace(lamb_vector)[step=47]: rebuild=false, panels=7288, CG iters=778, solved=true
		ForceMonitor[i_system=1, step=47]:
			CF = (-0.04095, -8.96e-5, -0.0003729)
			CM = (0.001467, -2.983e-5, -0.0003199)
		ForceMonitor[i_system=1, step=47]:
			CF = (-0.3085, -0.2722, -0.05895)
			CM = (0.1401, 0.004206, -0.003293)
	step 47/359 at time 0.013055555555555556
		PressureLaplace(material_derivative)[step=48]: rebuild=false, panels=7288, CG iters=750, solved=true
		ForceMonitor[i_system=1, step=48]:
			CF = (-0.2291, 0.0004683, -0.00345)
			CM = (0.01376, 0.001052, -0.0002806)
		PressureLaplace(lamb_vector)[step=48]: rebuild=false, panels=7288, CG iters=777, solved=true
		ForceMonitor[i_system=1, step=48]:
			CF = (-0.04097, -0.0001718, -0.0004134)
			CM = (0.001498, -1.513e-5, -0.0002508)
		ForceMonitor[i_system=1, step=48]:
			CF = (-0.338, -0.1814, -0.06087)
			CM = (0.1446, 0.003483, -0.003986)
	step 48/359 at time 0.013333333333333334
		PressureLaplace(material_derivative)[step=49]: rebuild=false, panels=7288, CG iters=748, solved=true
		ForceMonitor[i_system=1, step=49]:
			CF = (-0.2356, 0.001435, -0.002699)
			CM = (0.01401, 0.00079, 4.653e-5)
		PressureLaplace(lamb_vector)[step=49]: rebuild=false, panels=7288, CG iters=777, solved=true
		ForceMonitor[i_system=1, step=49]:
			CF = (-0.04078, -0.0001985, -0.0003184)
			CM = (0.001541, -3.192e-6, -0.0001714)
		ForceMonitor[i_system=1, step=49]:
			CF = (-0.3596, -0.1113, -0.05119)
			CM = (0.1478, 0.002728, -0.003983)
	step 49/359 at time 0.01361111111111111
		PressureLaplace(material_derivative)[step=50]: rebuild=false, panels=7288, CG iters=746, solved=true
		ForceMonitor[i_system=1, step=50]:
			CF = (-0.2471, 0.002474, -0.001682)
			CM = (0.01433, 0.0005768, 0.0003966)
		PressureLaplace(lamb_vector)[step=50]: rebuild=false, panels=7288, CG iters=778, solved=true
		ForceMonitor[i_system=1, step=50]:
			CF = (-0.04047, -0.0002184, -0.0002849)
			CM = (0.001584, 5.127e-6, -0.0001066)
		ForceMonitor[i_system=1, step=50]:
			CF = (-0.3742, -0.01388, -0.05023)
			CM = (0.1489, 0.001989, -0.004828)
	step 50/359 at time 0.013888888888888888
		PressureLaplace(material_derivative)[step=51]: rebuild=false, panels=7288, CG iters=726, solved=true
		ForceMonitor[i_system=1, step=51]:
			CF = (-0.2574, 0.002552, -0.001002)
			CM = (0.01453, 0.0003622, 0.0003235)
		PressureLaplace(lamb_vector)[step=51]: rebuild=false, panels=7288, CG iters=778, solved=true
		ForceMonitor[i_system=1, step=51]:
			CF = (-0.03978, -0.0002354, -0.000298)
			CM = (0.001618, 1.537e-5, -2.502e-5)
		ForceMonitor[i_system=1, step=51]:
			CF = (-0.3916, 0.05, -0.04571)
			CM = (0.1474, 0.001349, -0.005442)
	step 51/359 at time 0.014166666666666666
		PressureLaplace(material_derivative)[step=52]: rebuild=false, panels=7288, CG iters=744, solved=true
		ForceMonitor[i_system=1, step=52]:
			CF = (-0.2636, 0.00198, -0.0005318)
			CM = (0.01457, 0.0002518, 0.0001681)
		PressureLaplace(lamb_vector)[step=52]: rebuild=false, panels=7288, CG iters=778, solved=true
		ForceMonitor[i_system=1, step=52]:
			CF = (-0.03881, -0.0002589, -0.000233)
			CM = (0.001641, 1.867e-5, 3.975e-5)
		ForceMonitor[i_system=1, step=52]:
			CF = (-0.403, 0.05324, -0.03222)
			CM = (0.1435, 0.001023, -0.004805)
	step 52/359 at time 0.014444444444444444
		PressureLaplace(material_derivative)[step=53]: rebuild=false, panels=7288, CG iters=718, solved=true
		ForceMonitor[i_system=1, step=53]:
			CF = (-0.2666, 0.001118, -0.0002105)
			CM = (0.01448, 0.000215, -0.0002561)
		PressureLaplace(lamb_vector)[step=53]: rebuild=false, panels=7288, CG iters=778, solved=true
		ForceMonitor[i_system=1, step=53]:
			CF = (-0.03771, -0.0003042, -0.0002114)
			CM = (0.001647, 2.256e-5, 8.615e-5)
		ForceMonitor[i_system=1, step=53]:
			CF = (-0.4088, 0.006958, -0.009939)
			CM = (0.1384, 0.0009594, -0.003233)
	step 53/359 at time 0.014722222222222222
		PressureLaplace(material_derivative)[step=54]: rebuild=false, panels=7288, CG iters=737, solved=true
		ForceMonitor[i_system=1, step=54]:
			CF = (-0.2668, 0.0004204, 0.000638)
			CM = (0.01429, 0.0001203, -0.0008704)
		PressureLaplace(lamb_vector)[step=54]: rebuild=false, panels=7288, CG iters=777, solved=true
		ForceMonitor[i_system=1, step=54]:
			CF = (-0.03649, -0.0003386, -0.0002545)
			CM = (0.00164, 3.897e-5, 0.0001885)
		ForceMonitor[i_system=1, step=54]:
			CF = (-0.4105, -0.02679, 0.01799)
			CM = (0.1325, 0.0006384, -0.0009666)
	step 54/359 at time 0.015
		PressureLaplace(material_derivative)[step=55]: rebuild=false, panels=7288, CG iters=737, solved=true
		ForceMonitor[i_system=1, step=55]:
			CF = (-0.2616, 6.218e-5, 0.001291)
			CM = (0.01395, 1.401e-5, -0.001188)
		PressureLaplace(lamb_vector)[step=55]: rebuild=false, panels=7288, CG iters=776, solved=true
		ForceMonitor[i_system=1, step=55]:
			CF = (-0.03523, -0.0003198, -0.0002767)
			CM = (0.001614, 5.734e-5, 0.0003373)
		ForceMonitor[i_system=1, step=55]:
			CF = (-0.4078, -0.02708, 0.03645)
			CM = (0.1267, 0.0001632, 0.001061)
	step 55/359 at time 0.015277777777777777
		PressureLaplace(material_derivative)[step=56]: rebuild=false, panels=7288, CG iters=728, solved=true
		ForceMonitor[i_system=1, step=56]:
			CF = (-0.2533, -7.74e-6, 0.002193)
			CM = (0.01353, -0.0001135, -0.00111)
		PressureLaplace(lamb_vector)[step=56]: rebuild=false, panels=7288, CG iters=758, solved=true
		ForceMonitor[i_system=1, step=56]:
			CF = (-0.03421, -0.0002775, -0.0002483)
			CM = (0.001574, 6.64e-5, 0.0004699)
		ForceMonitor[i_system=1, step=56]:
			CF = (-0.4039, -0.004708, 0.04819)
			CM = (0.1221, -0.0003893, 0.002862)
	step 56/359 at time 0.015555555555555555
		PressureLaplace(material_derivative)[step=57]: rebuild=false, panels=7288, CG iters=738, solved=true
		ForceMonitor[i_system=1, step=57]:
			CF = (-0.2471, 7.342e-5, 0.003282)
			CM = (0.01324, -0.0002406, -0.0006477)
		PressureLaplace(lamb_vector)[step=57]: rebuild=false, panels=7288, CG iters=772, solved=true
		ForceMonitor[i_system=1, step=57]:
			CF = (-0.03365, -0.0002385, -0.0001784)
			CM = (0.001539, 6.8e-5, 0.0005688)
		ForceMonitor[i_system=1, step=57]:
			CF = (-0.4022, 0.02784, 0.0558)
			CM = (0.1192, -0.0009291, 0.004324)
	step 57/359 at time 0.015833333333333335
		PressureLaplace(material_derivative)[step=58]: rebuild=false, panels=7288, CG iters=738, solved=true
		ForceMonitor[i_system=1, step=58]:
			CF = (-0.2447, 0.0001357, 0.003902)
			CM = (0.01313, -0.0002869, -0.0002664)
		PressureLaplace(lamb_vector)[step=58]: rebuild=false, panels=7288, CG iters=773, solved=true
		ForceMonitor[i_system=1, step=58]:
			CF = (-0.03338, -0.0002168, -0.0001071)
			CM = (0.001524, 6.127e-5, 0.0006019)
		ForceMonitor[i_system=1, step=58]:
			CF = (-0.4048, 0.04221, 0.05919)
			CM = (0.1177, -0.001151, 0.005093)
	step 58/359 at time 0.01611111111111111
		PressureLaplace(material_derivative)[step=59]: rebuild=false, panels=7288, CG iters=737, solved=true
		ForceMonitor[i_system=1, step=59]:
			CF = (-0.2446, 0.0001766, 0.004034)
			CM = (0.01311, -0.0002652, -3.214e-5)
		PressureLaplace(lamb_vector)[step=59]: rebuild=false, panels=7288, CG iters=773, solved=true
		ForceMonitor[i_system=1, step=59]:
			CF = (-0.03316, -0.0002175, -4.783e-5)
			CM = (0.001524, 4.867e-5, 0.000561)
		ForceMonitor[i_system=1, step=59]:
			CF = (-0.4117, 0.04246, 0.05739)
			CM = (0.1168, -0.00109, 0.005057)
	step 59/359 at time 0.01638888888888889
		PressureLaplace(material_derivative)[step=60]: rebuild=false, panels=7288, CG iters=737, solved=true
		ForceMonitor[i_system=1, step=60]:
			CF = (-0.2445, 0.0003632, 0.004169)
			CM = (0.01311, -0.0002736, 0.0002317)
		PressureLaplace(lamb_vector)[step=60]: rebuild=false, panels=7288, CG iters=773, solved=true
		ForceMonitor[i_system=1, step=60]:
			CF = (-0.03303, -0.0002104, -3.237e-5)
			CM = (0.001527, 4.187e-5, 0.0005139)
		ForceMonitor[i_system=1, step=60]:
			CF = (-0.4187, 0.06023, 0.05072)
			CM = (0.1165, -0.00115, 0.004677)
	step 60/359 at time 0.016666666666666666
		PressureLaplace(material_derivative)[step=61]: rebuild=false, panels=7288, CG iters=737, solved=true
		ForceMonitor[i_system=1, step=61]:
			CF = (-0.244, 0.0004943, 0.004033)
			CM = (0.0131, -0.0002648, 0.0002705)
		PressureLaplace(lamb_vector)[step=61]: rebuild=false, panels=7288, CG iters=773, solved=true
		ForceMonitor[i_system=1, step=61]:
			CF = (-0.03297, -0.0002094, -4.466e-5)
			CM = (0.001532, 3.776e-5, 0.0004633)
		ForceMonitor[i_system=1, step=61]:
			CF = (-0.4254, 0.06328, 0.04662)
			CM = (0.1164, -0.001119, 0.004331)
	step 61/359 at time 0.016944444444444446
		PressureLaplace(material_derivative)[step=62]: rebuild=false, panels=7288, CG iters=737, solved=true
		ForceMonitor[i_system=1, step=62]:
			CF = (-0.2437, 0.0007797, 0.003664)
			CM = (0.0131, -0.0002526, 0.0006433)
		PressureLaplace(lamb_vector)[step=62]: rebuild=false, panels=7288, CG iters=773, solved=true
		ForceMonitor[i_system=1, step=62]:
			CF = (-0.03286, -0.0001941, -1.153e-5)
			CM = (0.001535, 2.987e-5, 0.0003888)
		ForceMonitor[i_system=1, step=62]:
			CF = (-0.4306, 0.08303, 0.03513)
			CM = (0.1163, -0.001133, 0.003483)
	step 62/359 at time 0.017222222222222222
		PressureLaplace(material_derivative)[step=63]: rebuild=false, panels=7288, CG iters=737, solved=true
		ForceMonitor[i_system=1, step=63]:
			CF = (-0.2443, 0.000966, 0.003112)
			CM = (0.01311, -0.0002065, 0.0008216)
		PressureLaplace(lamb_vector)[step=63]: rebuild=false, panels=7288, CG iters=771, solved=true
		ForceMonitor[i_system=1, step=63]:
			CF = (-0.03278, -0.0001802, 2.313e-5)
			CM = (0.001541, 1.799e-5, 0.0002845)
		ForceMonitor[i_system=1, step=63]:
			CF = (-0.4344, 0.08772, 0.02466)
			CM = (0.1158, -0.0009734, 0.002355)
	step 63/359 at time 0.0175
		PressureLaplace(material_derivative)[step=64]: rebuild=false, panels=7288, CG iters=737, solved=true
		ForceMonitor[i_system=1, step=64]:
			CF = (-0.2447, 0.001098, 0.002627)
			CM = (0.0131, -0.0001653, 0.0007834)
		PressureLaplace(lamb_vector)[step=64]: rebuild=false, panels=7288, CG iters=758, solved=true
		ForceMonitor[i_system=1, step=64]:
			CF = (-0.03272, -0.0001678, -9.553e-7)
			CM = (0.001546, 1.303e-5, 0.0001991)
		ForceMonitor[i_system=1, step=64]:
			CF = (-0.4361, 0.08424, 0.01811)
			CM = (0.1151, -0.0008077, 0.001465)
	step 64/359 at time 0.017777777777777778
		PressureLaplace(material_derivative)[step=65]: rebuild=false, panels=7288, CG iters=737, solved=true
		ForceMonitor[i_system=1, step=65]:
			CF = (-0.2457, 0.001112, 0.002537)
			CM = (0.01311, -0.0001374, 0.0008713)
		PressureLaplace(lamb_vector)[step=65]: rebuild=false, panels=7288, CG iters=764, solved=true
		ForceMonitor[i_system=1, step=65]:
			CF = (-0.03268, -0.0001526, -3.894e-5)
			CM = (0.001552, 1.357e-5, 0.0001491)
		ForceMonitor[i_system=1, step=65]:
			CF = (-0.4375, 0.07556, 0.01606)
			CM = (0.1144, -0.0006812, 0.001049)
	step 65/359 at time 0.018055555555555554
		PressureLaplace(material_derivative)[step=66]: rebuild=false, panels=7288, CG iters=737, solved=true
		ForceMonitor[i_system=1, step=66]:
			CF = (-0.2481, 0.00103, 0.003065)
			CM = (0.01318, -0.0001113, 0.001246)
		PressureLaplace(lamb_vector)[step=66]: rebuild=false, panels=7288, CG iters=773, solved=true
		ForceMonitor[i_system=1, step=66]:
			CF = (-0.03269, -0.0001399, -5.309e-5)
			CM = (0.001562, 1.373e-5, 0.0001145)
		ForceMonitor[i_system=1, step=66]:
			CF = (-0.4386, 0.05859, 0.01889)
			CM = (0.1138, -0.0005529, 0.001113)
	step 66/359 at time 0.018333333333333333
		PressureLaplace(material_derivative)[step=67]: rebuild=false, panels=7288, CG iters=736, solved=true
		ForceMonitor[i_system=1, step=67]:
			CF = (-0.2509, 0.0008551, 0.003957)
			CM = (0.01327, -8.933e-5, 0.001818)
		PressureLaplace(lamb_vector)[step=67]: rebuild=false, panels=7288, CG iters=774, solved=true
		ForceMonitor[i_system=1, step=67]:
			CF = (-0.03267, -0.0001317, -3.791e-5)
			CM = (0.001576, 1.301e-5, 8.15e-5)
		ForceMonitor[i_system=1, step=67]:
			CF = (-0.4392, 0.03672, 0.02419)
			CM = (0.1132, -0.0004409, 0.001335)
	step 67/359 at time 0.01861111111111111
		PressureLaplace(material_derivative)[step=68]: rebuild=false, panels=7288, CG iters=736, solved=true
		ForceMonitor[i_system=1, step=68]:
			CF = (-0.2543, 0.0005172, 0.005634)
			CM = (0.01336, -7.739e-5, 0.002719)
		PressureLaplace(lamb_vector)[step=68]: rebuild=false, panels=7288, CG iters=775, solved=true
		ForceMonitor[i_system=1, step=68]:
			CF = (-0.03256, -0.0001359, 5.9e-5)
			CM = (0.001598, 9.473e-6, 5.16e-5)
		ForceMonitor[i_system=1, step=68]:
			CF = (-0.4406, 0.01177, 0.03377)
			CM = (0.1122, -0.0003714, 0.001929)
	step 68/359 at time 0.01888888888888889
		PressureLaplace(material_derivative)[step=69]: rebuild=false, panels=7288, CG iters=735, solved=true
		ForceMonitor[i_system=1, step=69]:
			CF = (-0.2551, 7.477e-5, 0.006982)
			CM = (0.01334, -5.467e-5, 0.003052)
		PressureLaplace(lamb_vector)[step=69]: rebuild=false, panels=7288, CG iters=773, solved=true
		ForceMonitor[i_system=1, step=69]:
			CF = (-0.03229, -0.0001972, 0.0001449)
			CM = (0.001618, 1.087e-6, -8.903e-6)
		ForceMonitor[i_system=1, step=69]:
			CF = (-0.4414, -0.02808, 0.04669)
			CM = (0.1108, -0.0002271, 0.002598)
	step 69/359 at time 0.019166666666666665
		PressureLaplace(material_derivative)[step=70]: rebuild=false, panels=7288, CG iters=735, solved=true
		ForceMonitor[i_system=1, step=70]:
			CF = (-0.2514, -0.0004233, 0.007592)
			CM = (0.01314, -2.656e-5, 0.002649)
		PressureLaplace(lamb_vector)[step=70]: rebuild=false, panels=7288, CG iters=772, solved=true
		ForceMonitor[i_system=1, step=70]:
			CF = (-0.03185, -0.0002212, 0.0001193)
			CM = (0.001605, -3.589e-6, -6.674e-5)
		ForceMonitor[i_system=1, step=70]:
			CF = (-0.4411, -0.07587, 0.06016)
			CM = (0.1091, -6.453e-5, 0.003214)
	step 70/359 at time 0.019444444444444445
		PressureLaplace(material_derivative)[step=71]: rebuild=false, panels=7288, CG iters=736, solved=true
		ForceMonitor[i_system=1, step=71]:
			CF = (-0.25, -0.0007604, 0.008148)
			CM = (0.01302, -1.995e-5, 0.002475)
		PressureLaplace(lamb_vector)[step=71]: rebuild=false, panels=7288, CG iters=771, solved=true
		ForceMonitor[i_system=1, step=71]:
			CF = (-0.03154, -0.0002066, 9.789e-5)
			CM = (0.001581, -4.232e-6, -9.444e-5)
		ForceMonitor[i_system=1, step=71]:
			CF = (-0.4397, -0.0968, 0.06772)
			CM = (0.1079, -3.542e-5, 0.003741)
	step 71/359 at time 0.01972222222222222
		PressureLaplace(material_derivative)[step=72]: rebuild=false, panels=7288, CG iters=736, solved=true
		ForceMonitor[i_system=1, step=72]:
			CF = (-0.2505, -0.001079, 0.008562)
			CM = (0.013, -3.514e-5, 0.002444)
		PressureLaplace(lamb_vector)[step=72]: rebuild=false, panels=7288, CG iters=772, solved=true
		ForceMonitor[i_system=1, step=72]:
			CF = (-0.03136, -0.0001551, 0.0001174)
			CM = (0.00157, -6.688e-6, -0.0001048)
		ForceMonitor[i_system=1, step=72]:
			CF = (-0.4419, -0.1022, 0.07105)
			CM = (0.1074, -0.0001248, 0.004227)
	step 72/359 at time 0.02
		PressureLaplace(material_derivative)[step=73]: rebuild=false, panels=7288, CG iters=737, solved=true
		ForceMonitor[i_system=1, step=73]:
			CF = (-0.2521, -0.00144, 0.008927)
			CM = (0.01304, -7.307e-5, 0.002416)
		PressureLaplace(lamb_vector)[step=73]: rebuild=false, panels=7288, CG iters=772, solved=true
		ForceMonitor[i_system=1, step=73]:
			CF = (-0.0313, -6.14e-5, 0.0001324)
			CM = (0.00157, -9.276e-6, -0.0001001)
		ForceMonitor[i_system=1, step=73]:
			CF = (-0.4467, -0.09711, 0.07259)
			CM = (0.1074, -0.0003118, 0.004696)
	step 73/359 at time 0.020277777777777777
		PressureLaplace(material_derivative)[step=74]: rebuild=false, panels=7288, CG iters=738, solved=true
		ForceMonitor[i_system=1, step=74]:
			CF = (-0.2525, -0.001785, 0.008912)
			CM = (0.01306, -0.0001015, 0.002416)
		PressureLaplace(lamb_vector)[step=74]: rebuild=false, panels=7288, CG iters=772, solved=true
		ForceMonitor[i_system=1, step=74]:
			CF = (-0.03125, 2.806e-5, 0.0001505)
			CM = (0.001573, -1.267e-5, -8.87e-5)
		ForceMonitor[i_system=1, step=74]:
			CF = (-0.4516, -0.08863, 0.07047)
			CM = (0.1075, -0.0004705, 0.004992)
	step 74/359 at time 0.020555555555555556
		PressureLaplace(material_derivative)[step=75]: rebuild=false, panels=7288, CG iters=738, solved=true
		ForceMonitor[i_system=1, step=75]:
			CF = (-0.2515, -0.002031, 0.008777)
			CM = (0.01303, -0.0001224, 0.002422)
		PressureLaplace(lamb_vector)[step=75]: rebuild=false, panels=7288, CG iters=771, solved=true
		ForceMonitor[i_system=1, step=75]:
			CF = (-0.03116, 0.0001064, 0.00017)
			CM = (0.001572, -1.75e-5, -8.868e-5)
		ForceMonitor[i_system=1, step=75]:
			CF = (-0.4545, -0.07493, 0.06573)
			CM = (0.1073, -0.0005928, 0.005076)
	step 75/359 at time 0.020833333333333332
		PressureLaplace(material_derivative)[step=76]: rebuild=false, panels=7288, CG iters=738, solved=true
		ForceMonitor[i_system=1, step=76]:
			CF = (-0.2506, -0.002236, 0.00832)
			CM = (0.01301, -0.0001457, 0.002467)
		PressureLaplace(lamb_vector)[step=76]: rebuild=false, panels=7288, CG iters=771, solved=true
		ForceMonitor[i_system=1, step=76]:
			CF = (-0.03114, 0.0001965, 0.0002047)
			CM = (0.001567, -2.44e-5, -0.0001155)
		ForceMonitor[i_system=1, step=76]:
			CF = (-0.4564, -0.0496, 0.05656)
			CM = (0.1071, -0.0007102, 0.004636)
	step 76/359 at time 0.021111111111111112
		PressureLaplace(material_derivative)[step=77]: rebuild=false, panels=7288, CG iters=738, solved=true
		ForceMonitor[i_system=1, step=77]:
			CF = (-0.2492, -0.002338, 0.007527)
			CM = (0.01298, -0.0001344, 0.002554)
		PressureLaplace(lamb_vector)[step=77]: rebuild=false, panels=7288, CG iters=770, solved=true
		ForceMonitor[i_system=1, step=77]:
			CF = (-0.03122, 0.0002761, 0.0002621)
			CM = (0.001562, -3.622e-5, -0.0001781)
		ForceMonitor[i_system=1, step=77]:
			CF = (-0.4572, -0.0251, 0.04321)
			CM = (0.107, -0.0007075, 0.003779)
	step 77/359 at time 0.021388888888888888
		PressureLaplace(material_derivative)[step=78]: rebuild=false, panels=7288, CG iters=738, solved=true
		ForceMonitor[i_system=1, step=78]:
			CF = (-0.2495, -0.002392, 0.006317)
			CM = (0.01303, -0.000125, 0.002501)
		PressureLaplace(lamb_vector)[step=78]: rebuild=false, panels=7288, CG iters=769, solved=true
		ForceMonitor[i_system=1, step=78]:
			CF = (-0.03138, 0.0003713, 0.0003223)
			CM = (0.00156, -4.757e-5, -0.0002648)
		ForceMonitor[i_system=1, step=78]:
			CF = (-0.4576, 0.007483, 0.02627)
			CM = (0.1073, -0.0006696, 0.002281)
	step 78/359 at time 0.021666666666666667
		PressureLaplace(material_derivative)[step=79]: rebuild=false, panels=7288, CG iters=737, solved=true
		ForceMonitor[i_system=1, step=79]:
			CF = (-0.2512, -0.002387, 0.004674)
			CM = (0.01311, -8.977e-5, 0.002265)
		PressureLaplace(lamb_vector)[step=79]: rebuild=false, panels=7288, CG iters=770, solved=true
		ForceMonitor[i_system=1, step=79]:
			CF = (-0.03148, 0.0004333, 0.000378)
			CM = (0.001562, -6.06e-5, -0.0003753)
		ForceMonitor[i_system=1, step=79]:
			CF = (-0.4559, 0.02363, 0.009145)
			CM = (0.1075, -0.0004463, 0.0004662)
	step 79/359 at time 0.021944444444444444
		PressureLaplace(material_derivative)[step=80]: rebuild=false, panels=7288, CG iters=737, solved=true
		ForceMonitor[i_system=1, step=80]:
			CF = (-0.255, -0.002224, 0.002438)
			CM = (0.01325, -5.483e-5, 0.001533)
		PressureLaplace(lamb_vector)[step=80]: rebuild=false, panels=7288, CG iters=770, solved=true
		ForceMonitor[i_system=1, step=80]:
			CF = (-0.03147, 0.000469, 0.0003733)
			CM = (0.001571, -6.93e-5, -0.0004833)
		ForceMonitor[i_system=1, step=80]:
			CF = (-0.4545, 0.03241, -0.008602)
			CM = (0.1075, -0.0001503, -0.001612)
	step 80/359 at time 0.022222222222222223
		PressureLaplace(material_derivative)[step=81]: rebuild=false, panels=7288, CG iters=737, solved=true
		ForceMonitor[i_system=1, step=81]:
			CF = (-0.2605, -0.001935, -0.0001898)
			CM = (0.01347, -4.126e-5, 0.0001346)
		PressureLaplace(lamb_vector)[step=81]: rebuild=false, panels=7288, CG iters=771, solved=true
		ForceMonitor[i_system=1, step=81]:
			CF = (-0.03146, 0.0005838, 0.0003313)
			CM = (0.001598, -7.298e-5, -0.0005476)
		ForceMonitor[i_system=1, step=81]:
			CF = (-0.4554, 0.0275, -0.02306)
			CM = (0.1071, 0.0001189, -0.003567)
	step 81/359 at time 0.0225
		PressureLaplace(material_derivative)[step=82]: rebuild=false, panels=7288, CG iters=735, solved=true
		ForceMonitor[i_system=1, step=82]:
			CF = (-0.2587, -0.001421, -0.002119)
			CM = (0.01352, 8.513e-6, -0.0003271)
		PressureLaplace(lamb_vector)[step=82]: rebuild=false, panels=7288, CG iters=772, solved=true
		ForceMonitor[i_system=1, step=82]:
			CF = (-0.03156, 0.0005511, 0.000245)
			CM = (0.001593, -8.219e-5, -0.0006719)
		ForceMonitor[i_system=1, step=82]:
			CF = (-0.4575, 0.06528, -0.0529)
			CM = (0.1074, 0.0002639, -0.006647)
	step 82/359 at time 0.02277777777777778
		PressureLaplace(material_derivative)[step=83]: rebuild=false, panels=7288, CG iters=733, solved=true
		ForceMonitor[i_system=1, step=83]:
			CF = (-0.2573, -0.001192, -0.003974)
			CM = (0.0135, 1.685e-5, -0.0009492)
		PressureLaplace(lamb_vector)[step=83]: rebuild=false, panels=7288, CG iters=772, solved=true
		ForceMonitor[i_system=1, step=83]:
			CF = (-0.03169, 0.0005316, 0.0002463)
			CM = (0.00159, -8.145e-5, -0.0007094)
		ForceMonitor[i_system=1, step=83]:
			CF = (-0.4549, 0.08174, -0.07045)
			CM = (0.1066, 0.0003054, -0.008381)
	step 83/359 at time 0.023055555555555555
		PressureLaplace(material_derivative)[step=84]: rebuild=false, panels=7288, CG iters=731, solved=true
		ForceMonitor[i_system=1, step=84]:
			CF = (-0.2576, -0.001317, -0.005432)
			CM = (0.01349, 2.583e-6, -0.00153)
		PressureLaplace(lamb_vector)[step=84]: rebuild=false, panels=7288, CG iters=772, solved=true
		ForceMonitor[i_system=1, step=84]:
			CF = (-0.03166, 0.0005795, 0.0001779)
			CM = (0.0016, -8.661e-5, -0.0006893)
		ForceMonitor[i_system=1, step=84]:
			CF = (-0.4511, 0.08184, -0.07707)
			CM = (0.1059, 0.0003106, -0.008531)
	step 84/359 at time 0.023333333333333334
		PressureLaplace(material_derivative)[step=85]: rebuild=false, panels=7288, CG iters=733, solved=true
		ForceMonitor[i_system=1, step=85]:
			CF = (-0.2628, -0.001485, -0.007824)
			CM = (0.01366, 3.029e-5, -0.002614)
		PressureLaplace(lamb_vector)[step=85]: rebuild=false, panels=7288, CG iters=772, solved=true
		ForceMonitor[i_system=1, step=85]:
			CF = (-0.03194, 0.0005834, -3.033e-5)
			CM = (0.001633, -8.36e-5, -0.0006876)
		ForceMonitor[i_system=1, step=85]:
			CF = (-0.4503, 0.08585, -0.09134)
			CM = (0.106, 0.0004729, -0.008987)
	step 85/359 at time 0.02361111111111111
		PressureLaplace(material_derivative)[step=86]: rebuild=false, panels=7288, CG iters=733, solved=true
		ForceMonitor[i_system=1, step=86]:
			CF = (-0.2652, -0.001526, -0.009832)
			CM = (0.01372, 7.565e-5, -0.003013)
		PressureLaplace(lamb_vector)[step=86]: rebuild=false, panels=7288, CG iters=773, solved=true
		ForceMonitor[i_system=1, step=86]:
			CF = (-0.03206, 0.0005982, -0.000257)
			CM = (0.001653, -7.254e-5, -0.0006514)
		ForceMonitor[i_system=1, step=86]:
			CF = (-0.4509, 0.09158, -0.1098)
			CM = (0.1062, 0.0006815, -0.009317)
	step 86/359 at time 0.02388888888888889
		PressureLaplace(material_derivative)[step=87]: rebuild=false, panels=7288, CG iters=733, solved=true
		ForceMonitor[i_system=1, step=87]:
			CF = (-0.2654, -0.00126, -0.012)
			CM = (0.01368, 0.0001481, -0.003128)
		PressureLaplace(lamb_vector)[step=87]: rebuild=false, panels=7288, CG iters=774, solved=true
		ForceMonitor[i_system=1, step=87]:
			CF = (-0.03211, 0.0006449, -0.0003688)
			CM = (0.001651, -6.945e-5, -0.0006506)
		ForceMonitor[i_system=1, step=87]:
			CF = (-0.4559, 0.1042, -0.1348)
			CM = (0.1069, 0.0009627, -0.01061)
	step 87/359 at time 0.024166666666666666
		PressureLaplace(material_derivative)[step=88]: rebuild=false, panels=7288, CG iters=735, solved=true
		ForceMonitor[i_system=1, step=88]:
			CF = (-0.267, -0.0007874, -0.01452)
			CM = (0.01372, 0.0002341, -0.003662)
		PressureLaplace(lamb_vector)[step=88]: rebuild=false, panels=7288, CG iters=774, solved=true
		ForceMonitor[i_system=1, step=88]:
			CF = (-0.03215, 0.0006493, -0.0004637)
			CM = (0.001656, -6.288e-5, -0.0006815)
		ForceMonitor[i_system=1, step=88]:
			CF = (-0.4659, 0.1217, -0.1615)
			CM = (0.1081, 0.001294, -0.01292)
	step 88/359 at time 0.024444444444444446
		PressureLaplace(material_derivative)[step=89]: rebuild=false, panels=7288, CG iters=735, solved=true
		ForceMonitor[i_system=1, step=89]:
			CF = (-0.2689, -0.0002259, -0.01673)
			CM = (0.01374, 0.0003069, -0.004243)
		PressureLaplace(lamb_vector)[step=89]: rebuild=false, panels=7288, CG iters=774, solved=true
		ForceMonitor[i_system=1, step=89]:
			CF = (-0.03209, 0.000621, -0.0005153)
			CM = (0.001661, -5.442e-5, -0.0006983)
		ForceMonitor[i_system=1, step=89]:
			CF = (-0.4748, 0.1313, -0.1809)
			CM = (0.1087, 0.001586, -0.01481)
	step 89/359 at time 0.024722222222222222
		PressureLaplace(material_derivative)[step=90]: rebuild=false, panels=7288, CG iters=735, solved=true
		ForceMonitor[i_system=1, step=90]:
			CF = (-0.27, 0.0004614, -0.01838)
			CM = (0.01372, 0.0003675, -0.004618)
		PressureLaplace(lamb_vector)[step=90]: rebuild=false, panels=7288, CG iters=772, solved=true
		ForceMonitor[i_system=1, step=90]:
			CF = (-0.03184, 0.0005878, -0.0004959)
			CM = (0.001658, -4.781e-5, -0.000692)
		ForceMonitor[i_system=1, step=90]:
			CF = (-0.4821, 0.1417, -0.1931)
			CM = (0.1086, 0.001805, -0.01627)
	step 90/359 at time 0.025
		PressureLaplace(material_derivative)[step=91]: rebuild=false, panels=7288, CG iters=736, solved=true
		ForceMonitor[i_system=1, step=91]:
			CF = (-0.2721, 0.00128, -0.02008)
			CM = (0.01374, 0.0004325, -0.004907)
		PressureLaplace(lamb_vector)[step=91]: rebuild=false, panels=7288, CG iters=760, solved=true
		ForceMonitor[i_system=1, step=91]:
			CF = (-0.03156, 0.0005748, -0.0004436)
			CM = (0.001652, -4.5e-5, -0.0006679)
		ForceMonitor[i_system=1, step=91]:
			CF = (-0.4869, 0.1391, -0.2019)
			CM = (0.1083, 0.00205, -0.01727)
	step 91/359 at time 0.025277777777777777
		PressureLaplace(material_derivative)[step=92]: rebuild=false, panels=7288, CG iters=737, solved=true
		ForceMonitor[i_system=1, step=92]:
			CF = (-0.2746, 0.00217, -0.02119)
			CM = (0.01376, 0.0004762, -0.005071)
		PressureLaplace(lamb_vector)[step=92]: rebuild=false, panels=7288, CG iters=754, solved=true
		ForceMonitor[i_system=1, step=92]:
			CF = (-0.03126, 0.0005233, -0.0004079)
			CM = (0.001645, -4.076e-5, -0.0006195)
		ForceMonitor[i_system=1, step=92]:
			CF = (-0.4898, 0.1444, -0.2079)
			CM = (0.1081, 0.002203, -0.01812)
	step 92/359 at time 0.025555555555555557
		PressureLaplace(material_derivative)[step=93]: rebuild=false, panels=7288, CG iters=738, solved=true
		ForceMonitor[i_system=1, step=93]:
			CF = (-0.2764, 0.002962, -0.02109)
			CM = (0.0138, 0.0005117, -0.004855)
		PressureLaplace(lamb_vector)[step=93]: rebuild=false, panels=7288, CG iters=770, solved=true
		ForceMonitor[i_system=1, step=93]:
			CF = (-0.03104, 0.0003501, -0.0004218)
			CM = (0.001638, -3.473e-5, -0.0005764)
		ForceMonitor[i_system=1, step=93]:
			CF = (-0.4913, 0.148, -0.207)
			CM = (0.1079, 0.002355, -0.01864)
	step 93/359 at time 0.025833333333333333
		PressureLaplace(material_derivative)[step=94]: rebuild=false, panels=7288, CG iters=738, solved=true
		ForceMonitor[i_system=1, step=94]:
			CF = (-0.2776, 0.003448, -0.01992)
			CM = (0.01386, 0.0005639, -0.004322)
		PressureLaplace(lamb_vector)[step=94]: rebuild=false, panels=7288, CG iters=773, solved=true
		ForceMonitor[i_system=1, step=94]:
			CF = (-0.03104, 0.0001336, -0.0003926)
			CM = (0.001634, -2.592e-5, -0.0005237)
		ForceMonitor[i_system=1, step=94]:
			CF = (-0.4945, 0.1272, -0.1964)
			CM = (0.1076, 0.002599, -0.01838)
	step 94/359 at time 0.026111111111111113
		PressureLaplace(material_derivative)[step=95]: rebuild=false, panels=7288, CG iters=737, solved=true
		ForceMonitor[i_system=1, step=95]:
			CF = (-0.2787, 0.003625, -0.01814)
			CM = (0.01393, 0.0006132, -0.003521)
		PressureLaplace(lamb_vector)[step=95]: rebuild=false, panels=7288, CG iters=772, solved=true
		ForceMonitor[i_system=1, step=95]:
			CF = (-0.03113, -5.387e-5, -0.0003289)
			CM = (0.001633, -1.419e-5, -0.0004602)
		ForceMonitor[i_system=1, step=95]:
			CF = (-0.4964, 0.09345, -0.1793)
			CM = (0.1072, 0.002808, -0.01729)
	step 95/359 at time 0.02638888888888889
		PressureLaplace(material_derivative)[step=96]: rebuild=false, panels=7288, CG iters=737, solved=true
		ForceMonitor[i_system=1, step=96]:
			CF = (-0.2796, 0.003953, -0.0165)
			CM = (0.01401, 0.0006181, -0.002855)
		PressureLaplace(lamb_vector)[step=96]: rebuild=false, panels=7288, CG iters=772, solved=true
		ForceMonitor[i_system=1, step=96]:
			CF = (-0.03105, -0.0002294, -0.0003789)
			CM = (0.001634, 3.883e-7, -0.0003783)
		ForceMonitor[i_system=1, step=96]:
			CF = (-0.4957, 0.07184, -0.1626)
			CM = (0.1064, 0.002821, -0.01599)
	step 96/359 at time 0.02666666666666667
		PressureLaplace(material_derivative)[step=97]: rebuild=false, panels=7288, CG iters=745, solved=true
		ForceMonitor[i_system=1, step=97]:
			CF = (-0.281, 0.004434, -0.01527)
			CM = (0.0141, 0.0006048, -0.002349)
		PressureLaplace(lamb_vector)[step=97]: rebuild=false, panels=7288, CG iters=773, solved=true
		ForceMonitor[i_system=1, step=97]:
			CF = (-0.03067, -0.000603, -0.0004292)
			CM = (0.001625, 1.812e-5, -0.0002621)
		ForceMonitor[i_system=1, step=97]:
			CF = (-0.4886, 0.05865, -0.1468)
			CM = (0.105, 0.002703, -0.01441)
	step 97/359 at time 0.026944444444444444
		PressureLaplace(material_derivative)[step=98]: rebuild=false, panels=7288, CG iters=745, solved=true
		ForceMonitor[i_system=1, step=98]:
			CF = (-0.2809, 0.004991, -0.01352)
			CM = (0.01416, 0.0005288, -0.001863)
		PressureLaplace(lamb_vector)[step=98]: rebuild=false, panels=7288, CG iters=774, solved=true
		ForceMonitor[i_system=1, step=98]:
			CF = (-0.0307, -0.0009568, -0.0004926)
			CM = (0.001603, 5.551e-5, -9.395e-5)
		ForceMonitor[i_system=1, step=98]:
			CF = (-0.4792, 0.04276, -0.122)
			CM = (0.1039, 0.002432, -0.0118)
	step 98/359 at time 0.02722222222222222
		PressureLaplace(material_derivative)[step=99]: rebuild=false, panels=7288, CG iters=746, solved=true
		ForceMonitor[i_system=1, step=99]:
			CF = (-0.2838, 0.005289, -0.01074)
			CM = (0.01435, 0.0004106, -0.001175)
		PressureLaplace(lamb_vector)[step=99]: rebuild=false, panels=7288, CG iters=773, solved=true
		ForceMonitor[i_system=1, step=99]:
			CF = (-0.03073, -0.0009173, -0.0005216)
			CM = (0.001577, 9.155e-5, 0.0001365)
		ForceMonitor[i_system=1, step=99]:
			CF = (-0.4761, 0.01139, -0.09215)
			CM = (0.1041, 0.00196, -0.007897)
	step 99/359 at time 0.0275
		PressureLaplace(material_derivative)[step=100]: rebuild=false, panels=7288, CG iters=746, solved=true
		ForceMonitor[i_system=1, step=100]:
			CF = (-0.2974, 0.004814, -0.004309)
			CM = (0.01508, 0.000263, 0.001449)
		PressureLaplace(lamb_vector)[step=100]: rebuild=false, panels=7288, CG iters=771, solved=true
		ForceMonitor[i_system=1, step=100]:
			CF = (-0.03138, -0.0008661, -0.0002715)
			CM = (0.00166, 9.665e-5, 0.0004065)
		ForceMonitor[i_system=1, step=100]:
			CF = (-0.4864, -0.05561, -0.04599)
			CM = (0.1067, 0.001306, -0.00192)
	step 100/359 at time 0.027777777777777776
		PressureLaplace(material_derivative)[step=101]: rebuild=false, panels=7288, CG iters=746, solved=true
		ForceMonitor[i_system=1, step=101]:
			CF = (-0.3082, 0.004624, 0.0001529)
			CM = (0.01557, 0.0001495, 0.003336)
		PressureLaplace(lamb_vector)[step=101]: rebuild=false, panels=7288, CG iters=771, solved=true
		ForceMonitor[i_system=1, step=101]:
			CF = (-0.03205, -0.001138, 6.626e-5)
			CM = (0.001744, 5.835e-5, 0.0006515)
		ForceMonitor[i_system=1, step=101]:
			CF = (-0.5007, -0.1267, -0.002866)
			CM = (0.1104, 0.0004416, 0.005432)
	step 101/359 at time 0.028055555555555556
		PressureLaplace(material_derivative)[step=102]: rebuild=false, panels=7288, CG iters=745, solved=true
		ForceMonitor[i_system=1, step=102]:
			CF = (-0.3044, 0.004352, 0.00325)
			CM = (0.01538, 0.0001003, 0.004157)
		PressureLaplace(lamb_vector)[step=102]: rebuild=false, panels=7288, CG iters=775, solved=true
		ForceMonitor[i_system=1, step=102]:
			CF = (-0.03215, -0.001332, 0.0002243)
			CM = (0.001768, 1.99e-5, 0.0007034)
		ForceMonitor[i_system=1, step=102]:
			CF = (-0.5134, -0.235, 0.04941)
			CM = (0.111, 9.804e-5, 0.01209)
	step 102/359 at time 0.028333333333333332
		PressureLaplace(material_derivative)[step=103]: rebuild=false, panels=7288, CG iters=733, solved=true
		ForceMonitor[i_system=1, step=103]:
			CF = (-0.2892, 0.00321, 0.005673)
			CM = (0.01477, 8.111e-5, 0.004674)
		PressureLaplace(lamb_vector)[step=103]: rebuild=false, panels=7288, CG iters=775, solved=true
		ForceMonitor[i_system=1, step=103]:
			CF = (-0.03159, -0.001238, 0.0002489)
			CM = (0.001754, -1.067e-5, 0.0005837)
		ForceMonitor[i_system=1, step=103]:
			CF = (-0.5064, -0.2618, 0.07166)
			CM = (0.1086, -0.0002704, 0.01463)
	step 103/359 at time 0.02861111111111111
		PressureLaplace(material_derivative)[step=104]: rebuild=false, panels=7288, CG iters=739, solved=true
		ForceMonitor[i_system=1, step=104]:
			CF = (-0.2738, 0.001674, 0.007505)
			CM = (0.01415, 7.677e-5, 0.004789)
		PressureLaplace(lamb_vector)[step=104]: rebuild=false, panels=7288, CG iters=775, solved=true
		ForceMonitor[i_system=1, step=104]:
			CF = (-0.03074, -0.001055, 0.0002016)
			CM = (0.001713, -2.653e-5, 0.0004115)
		ForceMonitor[i_system=1, step=104]:
			CF = (-0.489, -0.2304, 0.07211)
			CM = (0.1053, -0.0006567, 0.0145)
	step 104/359 at time 0.028888888888888888
		PressureLaplace(material_derivative)[step=105]: rebuild=false, panels=7288, CG iters=737, solved=true
		ForceMonitor[i_system=1, step=105]:
			CF = (-0.26, 0.00038, 0.007457)
			CM = (0.01353, -4.492e-6, 0.004352)
		PressureLaplace(lamb_vector)[step=105]: rebuild=false, panels=7288, CG iters=774, solved=true
		ForceMonitor[i_system=1, step=105]:
			CF = (-0.02991, -0.0008106, 7.554e-5)
			CM = (0.001656, -2.617e-5, 0.0002566)
		ForceMonitor[i_system=1, step=105]:
			CF = (-0.4739, -0.1345, 0.05297)
			CM = (0.1025, -0.001127, 0.01237)
	step 105/359 at time 0.029166666666666667
		PressureLaplace(material_derivative)[step=106]: rebuild=false, panels=7288, CG iters=736, solved=true
		ForceMonitor[i_system=1, step=106]:
			CF = (-0.2528, -0.0001128, 0.00833)
			CM = (0.01316, -1.253e-5, 0.004411)
		PressureLaplace(lamb_vector)[step=106]: rebuild=false, panels=7288, CG iters=774, solved=true
		ForceMonitor[i_system=1, step=106]:
			CF = (-0.02942, -0.0007078, 1.74e-5)
			CM = (0.001625, -3.804e-5, 0.0001062)
		ForceMonitor[i_system=1, step=106]:
			CF = (-0.4631, -0.1031, 0.0484)
			CM = (0.1007, -0.001094, 0.01162)
	step 106/359 at time 0.029444444444444443
		PressureLaplace(material_derivative)[step=107]: rebuild=false, panels=7288, CG iters=734, solved=true
		ForceMonitor[i_system=1, step=107]:
			CF = (-0.2496, -0.0007428, 0.009853)
			CM = (0.01298, -1.534e-6, 0.004579)
		PressureLaplace(lamb_vector)[step=107]: rebuild=false, panels=7288, CG iters=774, solved=true
		ForceMonitor[i_system=1, step=107]:
			CF = (-0.0294, -0.0006034, 4.367e-5)
			CM = (0.001607, -4.732e-5, -2.321e-6)
		ForceMonitor[i_system=1, step=107]:
			CF = (-0.4614, -0.119, 0.05962)
			CM = (0.1004, -0.0008756, 0.01197)
	step 107/359 at time 0.029722222222222223
		PressureLaplace(material_derivative)[step=108]: rebuild=false, panels=7288, CG iters=719, solved=true
		ForceMonitor[i_system=1, step=108]:
			CF = (-0.2457, -0.00105, 0.009728)
			CM = (0.01283, -2.692e-5, 0.004124)
		PressureLaplace(lamb_vector)[step=108]: rebuild=false, panels=7288, CG iters=774, solved=true
		ForceMonitor[i_system=1, step=108]:
			CF = (-0.02972, -0.000461, 5.699e-5)
			CM = (0.001585, -4.599e-5, -6.657e-5)
		ForceMonitor[i_system=1, step=108]:
			CF = (-0.4671, -0.1189, 0.06485)
			CM = (0.1011, -0.0008761, 0.01185)
	step 108/359 at time 0.03
		PressureLaplace(material_derivative)[step=109]: rebuild=false, panels=7288, CG iters=735, solved=true
		ForceMonitor[i_system=1, step=109]:
			CF = (-0.2428, -0.001404, 0.009122)
			CM = (0.01276, -7.257e-5, 0.003448)
		PressureLaplace(lamb_vector)[step=109]: rebuild=false, panels=7288, CG iters=773, solved=true
		ForceMonitor[i_system=1, step=109]:
			CF = (-0.03031, -0.0002424, -4.957e-6)
			CM = (0.001553, -2.889e-5, -9.133e-5)
		ForceMonitor[i_system=1, step=109]:
			CF = (-0.4788, -0.09072, 0.06487)
			CM = (0.1033, -0.001162, 0.01148)
	step 109/359 at time 0.03027777777777778
		PressureLaplace(material_derivative)[step=110]: rebuild=false, panels=7288, CG iters=737, solved=true
		ForceMonitor[i_system=1, step=110]:
			CF = (-0.2426, -0.002126, 0.008987)
			CM = (0.01282, -0.0001415, 0.003239)
		PressureLaplace(lamb_vector)[step=110]: rebuild=false, panels=7288, CG iters=772, solved=true
		ForceMonitor[i_system=1, step=110]:
			CF = (-0.0309, 6.246e-5, -0.00013)
			CM = (0.001511, 7.055e-7, -0.0001586)
		ForceMonitor[i_system=1, step=110]:
			CF = (-0.4963, -0.03394, 0.06297)
			CM = (0.1073, -0.001688, 0.01045)
	step 110/359 at time 0.030555555555555555
		PressureLaplace(material_derivative)[step=111]: rebuild=false, panels=7288, CG iters=737, solved=true
		ForceMonitor[i_system=1, step=111]:
			CF = (-0.2501, -0.003352, 0.01137)
			CM = (0.0133, -0.0003092, 0.004497)
		PressureLaplace(lamb_vector)[step=111]: rebuild=false, panels=7288, CG iters=763, solved=true
		ForceMonitor[i_system=1, step=111]:
			CF = (-0.03154, 0.0004477, -7.76e-5)
			CM = (0.001491, 2.892e-5, -0.0002922)
		ForceMonitor[i_system=1, step=111]:
			CF = (-0.5198, 0.01532, 0.07179)
			CM = (0.1143, -0.002513, 0.009366)
	step 111/359 at time 0.030833333333333334
		PressureLaplace(material_derivative)[step=112]: rebuild=false, panels=7288, CG iters=737, solved=true
		ForceMonitor[i_system=1, step=112]:
			CF = (-0.2678, -0.004825, 0.01543)
			CM = (0.01431, -0.000584, 0.006292)
		PressureLaplace(lamb_vector)[step=112]: rebuild=false, panels=7288, CG iters=769, solved=true
		ForceMonitor[i_system=1, step=112]:
			CF = (-0.03303, 0.0009622, 0.0002862)
			CM = (0.001543, 1.163e-5, -0.0003054)
		ForceMonitor[i_system=1, step=112]:
			CF = (-0.5488, 0.03791, 0.09015)
			CM = (0.1238, -0.003447, 0.008077)
	step 112/359 at time 0.03111111111111111
		PressureLaplace(material_derivative)[step=113]: rebuild=false, panels=7288, CG iters=735, solved=true
		ForceMonitor[i_system=1, step=113]:
			CF = (-0.2752, -0.005623, 0.01466)
			CM = (0.01467, -0.0005878, 0.005461)
		PressureLaplace(lamb_vector)[step=113]: rebuild=false, panels=7288, CG iters=770, solved=true
		ForceMonitor[i_system=1, step=113]:
			CF = (-0.03373, 0.001294, 0.0007083)
			CM = (0.001612, -2.187e-7, -0.0002751)
		ForceMonitor[i_system=1, step=113]:
			CF = (-0.5709, 0.03156, 0.0963)
			CM = (0.1292, -0.003717, 0.00483)
	step 113/359 at time 0.03138888888888889
		PressureLaplace(material_derivative)[step=114]: rebuild=false, panels=7288, CG iters=735, solved=true
		ForceMonitor[i_system=1, step=114]:
			CF = (-0.2739, -0.006258, 0.01228)
			CM = (0.01438, -0.0004852, 0.003248)
		PressureLaplace(lamb_vector)[step=114]: rebuild=false, panels=7288, CG iters=769, solved=true
		ForceMonitor[i_system=1, step=114]:
			CF = (-0.03288, 0.001354, 0.0008943)
			CM = (0.001639, 1.296e-5, -0.0002332)
		ForceMonitor[i_system=1, step=114]:
			CF = (-0.5684, -0.008297, 0.09731)
			CM = (0.1262, -0.003225, 0.001556)
	step 114/359 at time 0.03166666666666667
		PressureLaplace(material_derivative)[step=115]: rebuild=false, panels=7288, CG iters=735, solved=true
		ForceMonitor[i_system=1, step=115]:
			CF = (-0.2655, -0.006815, 0.01007)
			CM = (0.01369, -0.0003216, 0.001429)
		PressureLaplace(lamb_vector)[step=115]: rebuild=false, panels=7288, CG iters=764, solved=true
		ForceMonitor[i_system=1, step=115]:
			CF = (-0.03112, 0.001331, 0.0008746)
			CM = (0.001634, 4.621e-5, -6.606e-5)
		ForceMonitor[i_system=1, step=115]:
			CF = (-0.5387, -0.0765, 0.1043)
			CM = (0.1168, -0.002372, 0.001351)
	step 115/359 at time 0.03194444444444444
		PressureLaplace(material_derivative)[step=116]: rebuild=false, panels=7288, CG iters=735, solved=true
		ForceMonitor[i_system=1, step=116]:
			CF = (-0.2569, -0.007309, 0.008586)
			CM = (0.01304, -0.0001812, 0.0003552)
		PressureLaplace(lamb_vector)[step=116]: rebuild=false, panels=7288, CG iters=763, solved=true
		ForceMonitor[i_system=1, step=116]:
			CF = (-0.029, 0.001327, 0.0008536)
			CM = (0.001592, 7.857e-5, 0.0002142)
		ForceMonitor[i_system=1, step=116]:
			CF = (-0.4939, -0.159, 0.1183)
			CM = (0.1061, -0.001623, 0.003955)
	step 116/359 at time 0.03222222222222222
		PressureLaplace(material_derivative)[step=117]: rebuild=false, panels=7288, CG iters=735, solved=true
		ForceMonitor[i_system=1, step=117]:
			CF = (-0.2519, -0.007579, 0.00722)
			CM = (0.01262, -0.0001062, -0.0007527)
		PressureLaplace(lamb_vector)[step=117]: rebuild=false, panels=7288, CG iters=756, solved=true
		ForceMonitor[i_system=1, step=117]:
			CF = (-0.0271, 0.001289, 0.0007954)
			CM = (0.001547, 0.000109, 0.0005426)
		ForceMonitor[i_system=1, step=117]:
			CF = (-0.449, -0.2347, 0.1314)
			CM = (0.09728, -0.001214, 0.007306)
	step 117/359 at time 0.0325
		PressureLaplace(material_derivative)[step=118]: rebuild=false, panels=7288, CG iters=736, solved=true
		ForceMonitor[i_system=1, step=118]:
			CF = (-0.2461, -0.007623, 0.006524)
			CM = (0.01223, -0.0001008, -0.001148)
		PressureLaplace(lamb_vector)[step=118]: rebuild=false, panels=7288, CG iters=772, solved=true
		ForceMonitor[i_system=1, step=118]:
			CF = (-0.02565, 0.001174, 0.0007547)
			CM = (0.001506, 0.0001371, 0.000866)
		ForceMonitor[i_system=1, step=118]:
			CF = (-0.4077, -0.2863, 0.1415)
			CM = (0.09086, -0.001184, 0.01121)
	step 118/359 at time 0.03277777777777778
		PressureLaplace(material_derivative)[step=119]: rebuild=false, panels=7288, CG iters=737, solved=true
		ForceMonitor[i_system=1, step=119]:
			CF = (-0.2394, -0.007328, 0.006205)
			CM = (0.01187, -0.0001696, -0.001071)
		PressureLaplace(lamb_vector)[step=119]: rebuild=false, panels=7288, CG iters=773, solved=true
		ForceMonitor[i_system=1, step=119]:
			CF = (-0.02476, 0.0009864, 0.0007371)
			CM = (0.001469, 0.0001542, 0.001146)
		ForceMonitor[i_system=1, step=119]:
			CF = (-0.3761, -0.2958, 0.1437)
			CM = (0.08706, -0.001475, 0.0145)
	step 119/359 at time 0.03305555555555555
		PressureLaplace(material_derivative)[step=120]: rebuild=false, panels=7288, CG iters=738, solved=true
		ForceMonitor[i_system=1, step=120]:
			CF = (-0.2332, -0.006757, 0.006049)
			CM = (0.01162, -0.0002848, -0.0009957)
		PressureLaplace(lamb_vector)[step=120]: rebuild=false, panels=7288, CG iters=773, solved=true
		ForceMonitor[i_system=1, step=120]:
			CF = (-0.02446, 0.000773, 0.0007258)
			CM = (0.001444, 0.0001621, 0.001354)
		ForceMonitor[i_system=1, step=120]:
			CF = (-0.3588, -0.2696, 0.1405)
			CM = (0.08583, -0.001859, 0.01635)
	step 120/359 at time 0.03333333333333333
		PressureLaplace(material_derivative)[step=121]: rebuild=false, panels=7288, CG iters=736, solved=true
		ForceMonitor[i_system=1, step=121]:
			CF = (-0.2277, -0.005941, 0.005881)
			CM = (0.01148, -0.000409, -0.0009783)
		PressureLaplace(lamb_vector)[step=121]: rebuild=false, panels=7288, CG iters=773, solved=true
		ForceMonitor[i_system=1, step=121]:
			CF = (-0.0247, 0.0005476, 0.0007231)
			CM = (0.001427, 0.0001577, 0.001479)
		ForceMonitor[i_system=1, step=121]:
			CF = (-0.3561, -0.2205, 0.1326)
			CM = (0.08692, -0.002133, 0.01657)
	step 121/359 at time 0.03361111111111111
		PressureLaplace(material_derivative)[step=122]: rebuild=false, panels=7288, CG iters=735, solved=true
		ForceMonitor[i_system=1, step=122]:
			CF = (-0.2233, -0.004929, 0.00535)
			CM = (0.01148, -0.0004944, -0.001053)
		PressureLaplace(lamb_vector)[step=122]: rebuild=false, panels=7288, CG iters=772, solved=true
		ForceMonitor[i_system=1, step=122]:
			CF = (-0.02539, 0.0003143, 0.0007048)
			CM = (0.001411, 0.0001415, 0.0015)
		ForceMonitor[i_system=1, step=122]:
			CF = (-0.3662, -0.1678, 0.1205)
			CM = (0.09035, -0.002116, 0.01514)
	step 122/359 at time 0.03388888888888889
		PressureLaplace(material_derivative)[step=123]: rebuild=false, panels=7288, CG iters=735, solved=true
		ForceMonitor[i_system=1, step=123]:
			CF = (-0.2192, -0.003773, 0.00462)
			CM = (0.01159, -0.0005082, -0.0009409)
		PressureLaplace(lamb_vector)[step=123]: rebuild=false, panels=7288, CG iters=771, solved=true
		ForceMonitor[i_system=1, step=123]:
			CF = (-0.02638, 0.000126, 0.0006556)
			CM = (0.001404, 0.0001152, 0.001411)
		ForceMonitor[i_system=1, step=123]:
			CF = (-0.3858, -0.1214, 0.1035)
			CM = (0.09603, -0.001766, 0.01244)
	step 123/359 at time 0.034166666666666665
		PressureLaplace(material_derivative)[step=124]: rebuild=false, panels=7288, CG iters=735, solved=true
		ForceMonitor[i_system=1, step=124]:
			CF = (-0.2205, -0.002522, 0.002853)
			CM = (0.01197, -0.0004783, -0.001893)
		PressureLaplace(lamb_vector)[step=124]: rebuild=false, panels=7288, CG iters=770, solved=true
		ForceMonitor[i_system=1, step=124]:
			CF = (-0.02755, -5.213e-6, 0.000512)
			CM = (0.001414, 8.954e-5, 0.001226)
		ForceMonitor[i_system=1, step=124]:
			CF = (-0.4116, -0.08553, 0.08299)
			CM = (0.103, -0.00125, 0.00865)
	step 124/359 at time 0.034444444444444444
		PressureLaplace(material_derivative)[step=125]: rebuild=false, panels=7288, CG iters=734, solved=true
		ForceMonitor[i_system=1, step=125]:
			CF = (-0.2234, -0.001384, 0.001534)
			CM = (0.01222, -0.000458, -0.002837)
		PressureLaplace(lamb_vector)[step=125]: rebuild=false, panels=7288, CG iters=769, solved=true
		ForceMonitor[i_system=1, step=125]:
			CF = (-0.02815, -0.0001552, 0.0003927)
			CM = (0.001415, 8.166e-5, 0.001105)
		ForceMonitor[i_system=1, step=125]:
			CF = (-0.4319, -0.06108, 0.06936)
			CM = (0.1073, -0.0008439, 0.006198)
	step 125/359 at time 0.034722222222222224
		PressureLaplace(material_derivative)[step=126]: rebuild=false, panels=7288, CG iters=730, solved=true
		ForceMonitor[i_system=1, step=126]:
			CF = (-0.2253, -0.0003902, 0.0006879)
			CM = (0.01226, -0.0004322, -0.00317)
		PressureLaplace(lamb_vector)[step=126]: rebuild=false, panels=7288, CG iters=769, solved=true
		ForceMonitor[i_system=1, step=126]:
			CF = (-0.02818, -0.000376, 0.0002789)
			CM = (0.001419, 7.555e-5, 0.001054)
		ForceMonitor[i_system=1, step=126]:
			CF = (-0.4411, -0.04213, 0.06267)
			CM = (0.1078, -0.0005583, 0.005995)
	step 126/359 at time 0.035
		PressureLaplace(material_derivative)[step=127]: rebuild=false, panels=7288, CG iters=733, solved=true
		ForceMonitor[i_system=1, step=127]:
			CF = (-0.2274, 0.0004449, -0.0001055)
			CM = (0.01223, -0.0003906, -0.003392)
		PressureLaplace(lamb_vector)[step=127]: rebuild=false, panels=7288, CG iters=769, solved=true
		ForceMonitor[i_system=1, step=127]:
			CF = (-0.02784, -0.0005037, 0.0001489)
			CM = (0.001425, 6.923e-5, 0.0009786)
		ForceMonitor[i_system=1, step=127]:
			CF = (-0.4435, -0.02522, 0.05505)
			CM = (0.106, -0.0003148, 0.005929)
	step 127/359 at time 0.035277777777777776
		PressureLaplace(material_derivative)[step=128]: rebuild=false, panels=7288, CG iters=733, solved=true
		ForceMonitor[i_system=1, step=128]:
			CF = (-0.2284, 0.001081, -0.00055)
			CM = (0.0121, -0.0003481, -0.003301)
		PressureLaplace(lamb_vector)[step=128]: rebuild=false, panels=7288, CG iters=769, solved=true
		ForceMonitor[i_system=1, step=128]:
			CF = (-0.02725, -0.0005627, 4.055e-5)
			CM = (0.001424, 5.834e-5, 0.0008365)
		ForceMonitor[i_system=1, step=128]:
			CF = (-0.4399, -0.009846, 0.04498)
			CM = (0.1026, -0.0001265, 0.0052)
	step 128/359 at time 0.035555555555555556
		PressureLaplace(material_derivative)[step=129]: rebuild=false, panels=7288, CG iters=733, solved=true
		ForceMonitor[i_system=1, step=129]:
			CF = (-0.2286, 0.001567, -0.0009096)
			CM = (0.01193, -0.0002966, -0.003068)
		PressureLaplace(lamb_vector)[step=129]: rebuild=false, panels=7288, CG iters=769, solved=true
		ForceMonitor[i_system=1, step=129]:
			CF = (-0.02654, -0.0005929, -4.835e-5)
			CM = (0.001419, 4.153e-5, 0.0006206)
		ForceMonitor[i_system=1, step=129]:
			CF = (-0.4323, 0.005662, 0.03141)
			CM = (0.09836, 3.104e-5, 0.003494)
	step 129/359 at time 0.035833333333333335
		PressureLaplace(material_derivative)[step=130]: rebuild=false, panels=7288, CG iters=733, solved=true
		ForceMonitor[i_system=1, step=130]:
			CF = (-0.2284, 0.001964, -0.001346)
			CM = (0.01176, -0.0002355, -0.002813)
		PressureLaplace(lamb_vector)[step=130]: rebuild=false, panels=7288, CG iters=769, solved=true
		ForceMonitor[i_system=1, step=130]:
			CF = (-0.02585, -0.0006071, -0.0001246)
			CM = (0.00141, 2.068e-5, 0.0003455)
		ForceMonitor[i_system=1, step=130]:
			CF = (-0.4229, 0.02166, 0.0148)
			CM = (0.09428, 0.0001901, 0.0009227)
	step 130/359 at time 0.03611111111111111
		PressureLaplace(material_derivative)[step=131]: rebuild=false, panels=7288, CG iters=733, solved=true
		ForceMonitor[i_system=1, step=131]:
			CF = (-0.2278, 0.002274, -0.001851)
			CM = (0.01162, -0.0001648, -0.002571)
		PressureLaplace(lamb_vector)[step=131]: rebuild=false, panels=7288, CG iters=769, solved=true
		ForceMonitor[i_system=1, step=131]:
			CF = (-0.02529, -0.0006007, -0.0001933)
			CM = (0.001398, -2.289e-6, 3.737e-5)
		ForceMonitor[i_system=1, step=131]:
			CF = (-0.4134, 0.03779, -0.003551)
			CM = (0.09099, 0.0003731, -0.002192)
	step 131/359 at time 0.03638888888888889
		PressureLaplace(material_derivative)[step=132]: rebuild=false, panels=7288, CG iters=733, solved=true
		ForceMonitor[i_system=1, step=132]:
			CF = (-0.2272, 0.002496, -0.002419)
			CM = (0.01152, -8.935e-5, -0.002398)
		PressureLaplace(lamb_vector)[step=132]: rebuild=false, panels=7288, CG iters=770, solved=true
		ForceMonitor[i_system=1, step=132]:
			CF = (-0.02488, -0.0005776, -0.0002567)
			CM = (0.001386, -2.372e-5, -0.0002646)
		ForceMonitor[i_system=1, step=132]:
			CF = (-0.4051, 0.05284, -0.02165)
			CM = (0.08876, 0.0005755, -0.005405)
	step 132/359 at time 0.03666666666666667
		PressureLaplace(material_derivative)[step=133]: rebuild=false, panels=7288, CG iters=733, solved=true
		ForceMonitor[i_system=1, step=133]:
			CF = (-0.2264, 0.002673, -0.002988)
			CM = (0.01145, -1.41e-5, -0.002247)
		PressureLaplace(lamb_vector)[step=133]: rebuild=false, panels=7288, CG iters=757, solved=true
		ForceMonitor[i_system=1, step=133]:
			CF = (-0.02461, -0.0005508, -0.0003185)
			CM = (0.001374, -4.216e-5, -0.0005316)
		ForceMonitor[i_system=1, step=133]:
			CF = (-0.3984, 0.06707, -0.03839)
			CM = (0.0875, 0.000774, -0.008287)
	step 133/359 at time 0.036944444444444446
		PressureLaplace(material_derivative)[step=134]: rebuild=false, panels=7288, CG iters=733, solved=true
		ForceMonitor[i_system=1, step=134]:
			CF = (-0.2258, 0.002741, -0.003486)
			CM = (0.01141, 6.178e-5, -0.002092)
		PressureLaplace(lamb_vector)[step=134]: rebuild=false, panels=7288, CG iters=772, solved=true
		ForceMonitor[i_system=1, step=134]:
			CF = (-0.02449, -0.0005149, -0.0003701)
			CM = (0.001366, -5.621e-5, -0.0007505)
		ForceMonitor[i_system=1, step=134]:
			CF = (-0.394, 0.07673, -0.05206)
			CM = (0.08705, 0.0009744, -0.01063)
	step 134/359 at time 0.03722222222222222
		PressureLaplace(material_derivative)[step=135]: rebuild=false, panels=7288, CG iters=734, solved=true
		ForceMonitor[i_system=1, step=135]:
			CF = (-0.2252, 0.00271, -0.003856)
			CM = (0.01139, 0.0001303, -0.00189)
		PressureLaplace(lamb_vector)[step=135]: rebuild=false, panels=7288, CG iters=773, solved=true
		ForceMonitor[i_system=1, step=135]:
			CF = (-0.02446, -0.0004745, -0.0004073)
			CM = (0.001359, -6.619e-5, -0.0009198)
		ForceMonitor[i_system=1, step=135]:
			CF = (-0.3914, 0.08118, -0.06237)
			CM = (0.08715, 0.001144, -0.01234)
	step 135/359 at time 0.0375
		PressureLaplace(material_derivative)[step=136]: rebuild=false, panels=7288, CG iters=735, solved=true
		ForceMonitor[i_system=1, step=136]:
			CF = (-0.2246, 0.002591, -0.00406)
			CM = (0.01138, 0.0001876, -0.001612)
		PressureLaplace(lamb_vector)[step=136]: rebuild=false, panels=7288, CG iters=773, solved=true
		ForceMonitor[i_system=1, step=136]:
			CF = (-0.02448, -0.0004266, -0.0004278)
			CM = (0.001353, -7.276e-5, -0.001044)
		ForceMonitor[i_system=1, step=136]:
			CF = (-0.3901, 0.08105, -0.06955)
			CM = (0.0876, 0.001262, -0.01345)
	step 136/359 at time 0.03777777777777778
		PressureLaplace(material_derivative)[step=137]: rebuild=false, panels=7288, CG iters=735, solved=true
		ForceMonitor[i_system=1, step=137]:
			CF = (-0.2241, 0.002399, -0.004092)
			CM = (0.01138, 0.0002324, -0.001251)
		PressureLaplace(lamb_vector)[step=137]: rebuild=false, panels=7288, CG iters=774, solved=true
		ForceMonitor[i_system=1, step=137]:
			CF = (-0.02455, -0.000371, -0.0004316)
			CM = (0.001349, -7.636e-5, -0.001126)
		ForceMonitor[i_system=1, step=137]:
			CF = (-0.3899, 0.07721, -0.07394)
			CM = (0.08823, 0.001321, -0.014)
	step 137/359 at time 0.03805555555555556
		PressureLaplace(material_derivative)[step=138]: rebuild=false, panels=7288, CG iters=735, solved=true
		ForceMonitor[i_system=1, step=138]:
			CF = (-0.2237, 0.002149, -0.003945)
			CM = (0.0114, 0.0002642, -0.0008031)
		PressureLaplace(lamb_vector)[step=138]: rebuild=false, panels=7288, CG iters=774, solved=true
		ForceMonitor[i_system=1, step=138]:
			CF = (-0.02462, -0.0003089, -0.0004181)
			CM = (0.001346, -7.739e-5, -0.001168)
		ForceMonitor[i_system=1, step=138]:
			CF = (-0.3907, 0.07059, -0.07573)
			CM = (0.08895, 0.001321, -0.01403)
	step 138/359 at time 0.03833333333333333
		PressureLaplace(material_derivative)[step=139]: rebuild=false, panels=7288, CG iters=735, solved=true
		ForceMonitor[i_system=1, step=139]:
			CF = (-0.2234, 0.001854, -0.003643)
			CM = (0.01141, 0.0002823, -0.0002961)
		PressureLaplace(lamb_vector)[step=139]: rebuild=false, panels=7288, CG iters=774, solved=true
		ForceMonitor[i_system=1, step=139]:
			CF = (-0.02471, -0.000243, -0.0003879)
			CM = (0.001344, -7.606e-5, -0.00117)
		ForceMonitor[i_system=1, step=139]:
			CF = (-0.3922, 0.06208, -0.07511)
			CM = (0.08968, 0.001263, -0.01357)
	step 139/359 at time 0.03861111111111111
		PressureLaplace(material_derivative)[step=140]: rebuild=false, panels=7288, CG iters=735, solved=true
		ForceMonitor[i_system=1, step=140]:
			CF = (-0.2234, 0.001532, -0.003221)
			CM = (0.01143, 0.0002873, 0.0002277)
		PressureLaplace(lamb_vector)[step=140]: rebuild=false, panels=7288, CG iters=774, solved=true
		ForceMonitor[i_system=1, step=140]:
			CF = (-0.02479, -0.0001738, -0.000347)
			CM = (0.001344, -7.252e-5, -0.001133)
		ForceMonitor[i_system=1, step=140]:
			CF = (-0.394, 0.05251, -0.07233)
			CM = (0.09032, 0.001155, -0.01271)
	step 140/359 at time 0.03888888888888889
		PressureLaplace(material_derivative)[step=141]: rebuild=false, panels=7288, CG iters=725, solved=true
		ForceMonitor[i_system=1, step=141]:
			CF = (-0.2234, 0.0012, -0.00273)
			CM = (0.01145, 0.0002805, 0.0007191)
		PressureLaplace(lamb_vector)[step=141]: rebuild=false, panels=7288, CG iters=774, solved=true
		ForceMonitor[i_system=1, step=141]:
			CF = (-0.02484, -0.0001123, -0.0002952)
			CM = (0.001345, -6.711e-5, -0.001068)
		ForceMonitor[i_system=1, step=141]:
			CF = (-0.3958, 0.04259, -0.06769)
			CM = (0.09073, 0.001006, -0.01154)
	step 141/359 at time 0.03916666666666667
		PressureLaplace(material_derivative)[step=142]: rebuild=false, panels=7288, CG iters=733, solved=true
		ForceMonitor[i_system=1, step=142]:
			CF = (-0.2234, 0.0008661, -0.002195)
			CM = (0.01145, 0.0002627, 0.001137)
		PressureLaplace(lamb_vector)[step=142]: rebuild=false, panels=7288, CG iters=774, solved=true
		ForceMonitor[i_system=1, step=142]:
			CF = (-0.02486, -5.138e-5, -0.0002421)
			CM = (0.001347, -5.977e-5, -0.0009751)
		ForceMonitor[i_system=1, step=142]:
			CF = (-0.3973, 0.03282, -0.06137)
			CM = (0.09083, 0.0008214, -0.01011)
	step 142/359 at time 0.03944444444444444
		PressureLaplace(material_derivative)[step=143]: rebuild=false, panels=7288, CG iters=735, solved=true
		ForceMonitor[i_system=1, step=143]:
			CF = (-0.2234, 0.0005384, -0.001628)
			CM = (0.01144, 0.0002352, 0.001473)
		PressureLaplace(lamb_vector)[step=143]: rebuild=false, panels=7288, CG iters=773, solved=true
		ForceMonitor[i_system=1, step=143]:
			CF = (-0.02484, 5.009e-6, -0.0001858)
			CM = (0.001349, -5.071e-5, -0.0008509)
		ForceMonitor[i_system=1, step=143]:
			CF = (-0.3981, 0.02349, -0.05336)
			CM = (0.09064, 0.0006105, -0.008408)
	step 143/359 at time 0.03972222222222222
		PressureLaplace(material_derivative)[step=144]: rebuild=false, panels=7288, CG iters=700, solved=true
		ForceMonitor[i_system=1, step=144]:
			CF = (-0.2233, 0.0002137, -0.001024)
			CM = (0.01142, 0.0001998, 0.001746)
		PressureLaplace(lamb_vector)[step=144]: rebuild=false, panels=7288, CG iters=773, solved=true
		ForceMonitor[i_system=1, step=144]:
			CF = (-0.02479, 6.498e-5, -0.0001302)
			CM = (0.00135, -4.018e-5, -0.0006984)
		ForceMonitor[i_system=1, step=144]:
			CF = (-0.3984, 0.01462, -0.04375)
			CM = (0.09021, 0.000381, -0.006416)
	step 144/359 at time 0.04
		PressureLaplace(material_derivative)[step=145]: rebuild=false, panels=7288, CG iters=736, solved=true
		ForceMonitor[i_system=1, step=145]:
			CF = (-0.2232, -0.0001095, -0.0003826)
			CM = (0.01139, 0.0001585, 0.001977)
		PressureLaplace(lamb_vector)[step=145]: rebuild=false, panels=7288, CG iters=773, solved=true
		ForceMonitor[i_system=1, step=145]:
			CF = (-0.02471, 0.0001191, -7.319e-5)
			CM = (0.001351, -2.866e-5, -0.000521)
		ForceMonitor[i_system=1, step=145]:
			CF = (-0.3981, 0.006067, -0.03277)
			CM = (0.08955, 0.000141, -0.004166)
	step 145/359 at time 0.04027777777777778
		PressureLaplace(material_derivative)[step=146]: rebuild=false, panels=7288, CG iters=736, solved=true
		ForceMonitor[i_system=1, step=146]:
			CF = (-0.223, -0.0004271, 0.000281)
			CM = (0.01136, 0.0001132, 0.00218)
		PressureLaplace(lamb_vector)[step=146]: rebuild=false, panels=7288, CG iters=772, solved=true
		ForceMonitor[i_system=1, step=146]:
			CF = (-0.0246, 0.0001727, -1.411e-5)
			CM = (0.00135, -1.648e-5, -0.000326)
		ForceMonitor[i_system=1, step=146]:
			CF = (-0.3974, -0.002312, -0.02081)
			CM = (0.08875, -0.0001022, -0.001741)
	step 146/359 at time 0.04055555555555555
		PressureLaplace(material_derivative)[step=147]: rebuild=false, panels=7288, CG iters=736, solved=true
		ForceMonitor[i_system=1, step=147]:
			CF = (-0.2227, -0.0007331, 0.0009444)
			CM = (0.01132, 6.604e-5, 0.002357)
		PressureLaplace(lamb_vector)[step=147]: rebuild=false, panels=7288, CG iters=771, solved=true
		ForceMonitor[i_system=1, step=147]:
			CF = (-0.0245, 0.0002286, 4.692e-5)
			CM = (0.001349, -4.185e-6, -0.0001234)
		ForceMonitor[i_system=1, step=147]:
			CF = (-0.3964, -0.01055, -0.008451)
			CM = (0.08795, -0.0003409, 0.0007361)
	step 147/359 at time 0.04083333333333333
		PressureLaplace(material_derivative)[step=148]: rebuild=false, panels=7288, CG iters=736, solved=true
		ForceMonitor[i_system=1, step=148]:
			CF = (-0.2225, -0.001018, 0.001581)
			CM = (0.01128, 1.882e-5, 0.002503)
		PressureLaplace(lamb_vector)[step=148]: rebuild=false, panels=7288, CG iters=770, solved=true
		ForceMonitor[i_system=1, step=148]:
			CF = (-0.02441, 0.0002733, 0.0001081)
			CM = (0.001347, 7.756e-6, 7.625e-5)
		ForceMonitor[i_system=1, step=148]:
			CF = (-0.3954, -0.01849, 0.003742)
			CM = (0.08727, -0.0005673, 0.003143)
	step 148/359 at time 0.04111111111111111
		PressureLaplace(material_derivative)[step=149]: rebuild=false, panels=7288, CG iters=735, solved=true
		ForceMonitor[i_system=1, step=149]:
			CF = (-0.2221, -0.00127, 0.002167)
			CM = (0.01126, -2.715e-5, 0.002601)
		PressureLaplace(lamb_vector)[step=149]: rebuild=false, panels=7288, CG iters=754, solved=true
		ForceMonitor[i_system=1, step=149]:
			CF = (-0.02436, 0.0003126, 0.0001681)
			CM = (0.001344, 1.911e-5, 0.000267)
		ForceMonitor[i_system=1, step=149]:
			CF = (-0.3946, -0.02579, 0.01537)
			CM = (0.08682, -0.0007742, 0.005382)
	step 149/359 at time 0.04138888888888889
		PressureLaplace(material_derivative)[step=150]: rebuild=false, panels=7288, CG iters=736, solved=true
		ForceMonitor[i_system=1, step=150]:
			CF = (-0.2219, -0.001487, 0.002675)
			CM = (0.01124, -7.139e-5, 0.002626)
		PressureLaplace(lamb_vector)[step=150]: rebuild=false, panels=7288, CG iters=769, solved=true
		ForceMonitor[i_system=1, step=150]:
			CF = (-0.02435, 0.0003432, 0.0002238)
			CM = (0.001342, 2.991e-5, 0.0004457)
		ForceMonitor[i_system=1, step=150]:
			CF = (-0.394, -0.03247, 0.02623)
			CM = (0.08663, -0.0009582, 0.007405)
	step 150/359 at time 0.041666666666666664
		PressureLaplace(material_derivative)[step=151]: rebuild=false, panels=7288, CG iters=736, solved=true
		ForceMonitor[i_system=1, step=151]:
			CF = (-0.2216, -0.001662, 0.003095)
			CM = (0.01123, -0.0001138, 0.002558)
		PressureLaplace(lamb_vector)[step=151]: rebuild=false, panels=7288, CG iters=769, solved=true
		ForceMonitor[i_system=1, step=151]:
			CF = (-0.02438, 0.0003642, 0.0002736)
			CM = (0.001339, 4.005e-5, 0.0006113)
		ForceMonitor[i_system=1, step=151]:
			CF = (-0.3939, -0.03804, 0.03626)
			CM = (0.0867, -0.001116, 0.009184)
	step 151/359 at time 0.041944444444444444
		PressureLaplace(material_derivative)[step=152]: rebuild=false, panels=7288, CG iters=736, solved=true
		ForceMonitor[i_system=1, step=152]:
			CF = (-0.2214, -0.001789, 0.003413)
			CM = (0.01124, -0.0001537, 0.002387)
		PressureLaplace(lamb_vector)[step=152]: rebuild=false, panels=7288, CG iters=769, solved=true
		ForceMonitor[i_system=1, step=152]:
			CF = (-0.02445, 0.0003758, 0.0003149)
			CM = (0.001338, 4.935e-5, 0.0007614)
		ForceMonitor[i_system=1, step=152]:
			CF = (-0.3943, -0.04222, 0.04533)
			CM = (0.08703, -0.001244, 0.0107)
	step 152/359 at time 0.042222222222222223
		PressureLaplace(material_derivative)[step=153]: rebuild=false, panels=7288, CG iters=736, solved=true
		ForceMonitor[i_system=1, step=153]:
			CF = (-0.2212, -0.001863, 0.003622)
			CM = (0.01125, -0.0001903, 0.002114)
		PressureLaplace(lamb_vector)[step=153]: rebuild=false, panels=7288, CG iters=769, solved=true
		ForceMonitor[i_system=1, step=153]:
			CF = (-0.02456, 0.0003774, 0.0003464)
			CM = (0.001337, 5.754e-5, 0.0008935)
		ForceMonitor[i_system=1, step=153]:
			CF = (-0.3952, -0.04481, 0.05329)
			CM = (0.0876, -0.001339, 0.01191)
	step 153/359 at time 0.0425
		PressureLaplace(material_derivative)[step=154]: rebuild=false, panels=7288, CG iters=736, solved=true
		ForceMonitor[i_system=1, step=154]:
			CF = (-0.221, -0.001887, 0.003714)
			CM = (0.01127, -0.0002223, 0.001744)
		PressureLaplace(lamb_vector)[step=154]: rebuild=false, panels=7288, CG iters=769, solved=true
		ForceMonitor[i_system=1, step=154]:
			CF = (-0.02471, 0.0003634, 0.0003662)
			CM = (0.001338, 6.425e-5, 0.001003)
		ForceMonitor[i_system=1, step=154]:
			CF = (-0.3967, -0.04586, 0.05994)
			CM = (0.0884, -0.001396, 0.0128)
	step 154/359 at time 0.042777777777777776
		PressureLaplace(material_derivative)[step=155]: rebuild=false, panels=7288, CG iters=736, solved=true
		ForceMonitor[i_system=1, step=155]:
			CF = (-0.2207, -0.001852, 0.003685)
			CM = (0.0113, -0.0002483, 0.001297)
		PressureLaplace(lamb_vector)[step=155]: rebuild=false, panels=7288, CG iters=769, solved=true
		ForceMonitor[i_system=1, step=155]:
			CF = (-0.02489, 0.00034, 0.0003736)
			CM = (0.001339, 6.921e-5, 0.001086)
		ForceMonitor[i_system=1, step=155]:
			CF = (-0.3987, -0.0453, 0.06506)
			CM = (0.08941, -0.001412, 0.01331)
	step 155/359 at time 0.043055555555555555
		PressureLaplace(material_derivative)[step=156]: rebuild=false, panels=7288, CG iters=735, solved=true
		ForceMonitor[i_system=1, step=156]:
			CF = (-0.2204, -0.001766, 0.00354)
			CM = (0.01133, -0.000267, 0.0008043)
		PressureLaplace(lamb_vector)[step=156]: rebuild=false, panels=7288, CG iters=769, solved=true
		ForceMonitor[i_system=1, step=156]:
			CF = (-0.0251, 0.0003038, 0.0003681)
			CM = (0.001341, 7.211e-5, 0.001138)
		ForceMonitor[i_system=1, step=156]:
			CF = (-0.4011, -0.04348, 0.0684)
			CM = (0.09059, -0.001386, 0.01344)
	step 156/359 at time 0.043333333333333335
		PressureLaplace(material_derivative)[step=157]: rebuild=false, panels=7288, CG iters=735, solved=true
		ForceMonitor[i_system=1, step=157]:
			CF = (-0.22, -0.001628, 0.003288)
			CM = (0.01136, -0.0002774, 0.0003031)
		PressureLaplace(lamb_vector)[step=157]: rebuild=false, panels=7288, CG iters=769, solved=true
		ForceMonitor[i_system=1, step=157]:
			CF = (-0.02532, 0.000265, 0.0003523)
			CM = (0.001343, 7.281e-5, 0.001157)
		ForceMonitor[i_system=1, step=157]:
			CF = (-0.4039, -0.04048, 0.06975)
			CM = (0.09187, -0.001316, 0.01317)
	step 157/359 at time 0.043611111111111114
		PressureLaplace(material_derivative)[step=158]: rebuild=false, panels=7288, CG iters=735, solved=true
		ForceMonitor[i_system=1, step=158]:
			CF = (-0.2196, -0.00144, 0.002942)
			CM = (0.0114, -0.0002785, -0.000175)
		PressureLaplace(lamb_vector)[step=158]: rebuild=false, panels=7288, CG iters=769, solved=true
		ForceMonitor[i_system=1, step=158]:
			CF = (-0.02554, 0.0002173, 0.0003273)
			CM = (0.001346, 7.116e-5, 0.00114)
		ForceMonitor[i_system=1, step=158]:
			CF = (-0.4068, -0.03646, 0.06899)
			CM = (0.09317, -0.001205, 0.01253)
	step 158/359 at time 0.04388888888888889
		PressureLaplace(material_derivative)[step=159]: rebuild=false, panels=7288, CG iters=735, solved=true
		ForceMonitor[i_system=1, step=159]:
			CF = (-0.2192, -0.001211, 0.002519)
			CM = (0.01143, -0.0002704, -0.0006122)
		PressureLaplace(lamb_vector)[step=159]: rebuild=false, panels=7288, CG iters=769, solved=true
		ForceMonitor[i_system=1, step=159]:
			CF = (-0.02574, 0.000165, 0.0002956)
			CM = (0.001349, 6.732e-5, 0.001089)
		ForceMonitor[i_system=1, step=159]:
			CF = (-0.4097, -0.03173, 0.06612)
			CM = (0.09437, -0.001058, 0.01153)
	step 159/359 at time 0.04416666666666667
		PressureLaplace(material_derivative)[step=160]: rebuild=false, panels=7288, CG iters=735, solved=true
		ForceMonitor[i_system=1, step=160]:
			CF = (-0.2188, -0.0009482, 0.002029)
			CM = (0.01145, -0.0002531, -0.001008)
		PressureLaplace(lamb_vector)[step=160]: rebuild=false, panels=7288, CG iters=769, solved=true
		ForceMonitor[i_system=1, step=160]:
			CF = (-0.0259, 0.0001094, 0.0002588)
			CM = (0.001351, 6.146e-5, 0.001006)
		ForceMonitor[i_system=1, step=160]:
			CF = (-0.4124, -0.02642, 0.06121)
			CM = (0.09535, -0.0008768, 0.0102)
	step 160/359 at time 0.044444444444444446
		PressureLaplace(material_derivative)[step=161]: rebuild=false, panels=7288, CG iters=734, solved=true
		ForceMonitor[i_system=1, step=161]:
			CF = (-0.2185, -0.0006592, 0.001477)
			CM = (0.01147, -0.0002272, -0.001371)
		PressureLaplace(lamb_vector)[step=161]: rebuild=false, panels=7288, CG iters=769, solved=true
		ForceMonitor[i_system=1, step=161]:
			CF = (-0.02602, 4.976e-5, 0.0002171)
			CM = (0.001353, 5.378e-5, 0.0008922)
		ForceMonitor[i_system=1, step=161]:
			CF = (-0.4146, -0.02072, 0.05439)
			CM = (0.09603, -0.0006682, 0.00857)
	step 161/359 at time 0.04472222222222222
		PressureLaplace(material_derivative)[step=162]: rebuild=false, panels=7288, CG iters=734, solved=true
		ForceMonitor[i_system=1, step=162]:
			CF = (-0.2184, -0.0003582, 0.0008753)
			CM = (0.01147, -0.0001937, -0.001705)
		PressureLaplace(lamb_vector)[step=162]: rebuild=false, panels=7288, CG iters=769, solved=true
		ForceMonitor[i_system=1, step=162]:
			CF = (-0.02608, -1.431e-5, 0.00017)
			CM = (0.001354, 4.459e-5, 0.0007506)
		ForceMonitor[i_system=1, step=162]:
			CF = (-0.4163, -0.01486, 0.04589)
			CM = (0.09637, -0.0004379, 0.006662)
	step 162/359 at time 0.045
		PressureLaplace(material_derivative)[step=163]: rebuild=false, panels=7288, CG iters=729, solved=true
		ForceMonitor[i_system=1, step=163]:
			CF = (-0.2183, -5.249e-5, 0.0002383)
			CM = (0.01147, -0.000154, -0.002007)
		PressureLaplace(lamb_vector)[step=163]: rebuild=false, panels=7288, CG iters=767, solved=true
		ForceMonitor[i_system=1, step=163]:
			CF = (-0.0261, -7.758e-5, 0.0001167)
			CM = (0.001355, 3.421e-5, 0.0005859)
		ForceMonitor[i_system=1, step=163]:
			CF = (-0.4175, -0.008922, 0.03599)
			CM = (0.09641, -0.0001932, 0.004541)
	step 163/359 at time 0.04527777777777778
		PressureLaplace(material_derivative)[step=164]: rebuild=false, panels=7288, CG iters=718, solved=true
		ForceMonitor[i_system=1, step=164]:
			CF = (-0.2183, 0.0002481, -0.0004092)
			CM = (0.01146, -0.0001099, -0.002267)
		PressureLaplace(lamb_vector)[step=164]: rebuild=false, panels=7288, CG iters=767, solved=true
		ForceMonitor[i_system=1, step=164]:
			CF = (-0.0261, -0.0001392, 5.812e-5)
			CM = (0.001355, 2.307e-5, 0.0004055)
		ForceMonitor[i_system=1, step=164]:
			CF = (-0.4182, -0.003037, 0.02514)
			CM = (0.09622, 5.634e-5, 0.002302)
	step 164/359 at time 0.04555555555555556
		PressureLaplace(material_derivative)[step=165]: rebuild=false, panels=7288, CG iters=732, solved=true
		ForceMonitor[i_system=1, step=165]:
			CF = (-0.2184, 0.0005321, -0.001036)
			CM = (0.01146, -6.364e-5, -0.002469)
		PressureLaplace(lamb_vector)[step=165]: rebuild=false, panels=7288, CG iters=767, solved=true
		ForceMonitor[i_system=1, step=165]:
			CF = (-0.02608, -0.0002, -3.219e-6)
			CM = (0.001354, 1.163e-5, 0.0002188)
		ForceMonitor[i_system=1, step=165]:
			CF = (-0.4187, 0.002615, 0.01386)
			CM = (0.09593, 0.0003008, 5.339e-5)
	step 165/359 at time 0.04583333333333333
		PressureLaplace(material_derivative)[step=166]: rebuild=false, panels=7288, CG iters=733, solved=true
		ForceMonitor[i_system=1, step=166]:
			CF = (-0.2185, 0.0007937, -0.001614)
			CM = (0.01145, -1.703e-5, -0.002601)
		PressureLaplace(lamb_vector)[step=166]: rebuild=false, panels=7288, CG iters=767, solved=true
		ForceMonitor[i_system=1, step=166]:
			CF = (-0.02606, -0.0002514, -6.534e-5)
			CM = (0.001354, 2.892e-7, 3.115e-5)
		ForceMonitor[i_system=1, step=166]:
			CF = (-0.4191, 0.007926, 0.002612)
			CM = (0.09564, 0.0005317, -0.00211)
	step 166/359 at time 0.04611111111111111
		PressureLaplace(material_derivative)[step=167]: rebuild=false, panels=7288, CG iters=733, solved=true
		ForceMonitor[i_system=1, step=167]:
			CF = (-0.2186, 0.001025, -0.002121)
			CM = (0.01145, 2.847e-5, -0.002648)
		PressureLaplace(lamb_vector)[step=167]: rebuild=false, panels=7288, CG iters=767, solved=true
		ForceMonitor[i_system=1, step=167]:
			CF = (-0.02607, -0.0002948, -0.0001256)
			CM = (0.001353, -1.074e-5, -0.00015)
		ForceMonitor[i_system=1, step=167]:
			CF = (-0.4195, 0.0127, -0.00826)
			CM = (0.09547, 0.0007422, -0.004117)
	step 167/359 at time 0.04638888888888889
		PressureLaplace(material_derivative)[step=168]: rebuild=false, panels=7288, CG iters=733, solved=true
		ForceMonitor[i_system=1, step=168]:
			CF = (-0.2187, 0.001223, -0.002543)
			CM = (0.01146, 7.211e-5, -0.002601)
		PressureLaplace(lamb_vector)[step=168]: rebuild=false, panels=7288, CG iters=767, solved=true
		ForceMonitor[i_system=1, step=168]:
			CF = (-0.02611, -0.0003289, -0.0001811)
			CM = (0.001352, -2.13e-5, -0.0003208)
		ForceMonitor[i_system=1, step=168]:
			CF = (-0.4201, 0.01681, -0.01853)
			CM = (0.09552, 0.0009279, -0.005918)
	step 168/359 at time 0.04666666666666667
		PressureLaplace(material_derivative)[step=169]: rebuild=false, panels=7288, CG iters=733, solved=true
		ForceMonitor[i_system=1, step=169]:
			CF = (-0.2187, 0.001384, -0.002865)
			CM = (0.01148, 0.0001132, -0.002452)
		PressureLaplace(lamb_vector)[step=169]: rebuild=false, panels=7288, CG iters=765, solved=true
		ForceMonitor[i_system=1, step=169]:
			CF = (-0.0262, -0.0003544, -0.0002298)
			CM = (0.001351, -3.127e-5, -0.0004793)
		ForceMonitor[i_system=1, step=169]:
			CF = (-0.421, 0.02012, -0.02804)
			CM = (0.09581, 0.001085, -0.007484)
	step 169/359 at time 0.04694444444444444
		PressureLaplace(material_derivative)[step=170]: rebuild=false, panels=7288, CG iters=733, solved=true
		ForceMonitor[i_system=1, step=170]:
			CF = (-0.2187, 0.001507, -0.003092)
			CM = (0.0115, 0.0001515, -0.002213)
		PressureLaplace(lamb_vector)[step=170]: rebuild=false, panels=7288, CG iters=747, solved=true
		ForceMonitor[i_system=1, step=170]:
			CF = (-0.02632, -0.0003688, -0.0002692)
			CM = (0.001352, -4.054e-5, -0.0006238)
		ForceMonitor[i_system=1, step=170]:
			CF = (-0.4223, 0.02257, -0.03673)
			CM = (0.09636, 0.001213, -0.008823)
	step 170/359 at time 0.04722222222222222
		PressureLaplace(material_derivative)[step=171]: rebuild=false, panels=7288, CG iters=734, solved=true
		ForceMonitor[i_system=1, step=171]:
			CF = (-0.2186, 0.001589, -0.003215)
			CM = (0.01152, 0.0001865, -0.001881)
		PressureLaplace(lamb_vector)[step=171]: rebuild=false, panels=7288, CG iters=767, solved=true
		ForceMonitor[i_system=1, step=171]:
			CF = (-0.02647, -0.0003707, -0.0002986)
			CM = (0.001353, -4.895e-5, -0.0007535)
		ForceMonitor[i_system=1, step=171]:
			CF = (-0.4237, 0.02417, -0.04451)
			CM = (0.09713, 0.001308, -0.009908)
	step 171/359 at time 0.0475
		PressureLaplace(material_derivative)[step=172]: rebuild=false, panels=7288, CG iters=734, solved=true
		ForceMonitor[i_system=1, step=172]:
			CF = (-0.2183, 0.001628, -0.003246)
			CM = (0.01155, 0.0002177, -0.001484)
		PressureLaplace(lamb_vector)[step=172]: rebuild=false, panels=7288, CG iters=770, solved=true
		ForceMonitor[i_system=1, step=172]:
			CF = (-0.02665, -0.0003645, -0.0003177)
			CM = (0.001354, -5.632e-5, -0.0008667)
		ForceMonitor[i_system=1, step=172]:
			CF = (-0.4253, 0.0248, -0.05131)
			CM = (0.09808, 0.001371, -0.01076)
	step 172/359 at time 0.04777777777777778
		PressureLaplace(material_derivative)[step=173]: rebuild=false, panels=7288, CG iters=734, solved=true
		ForceMonitor[i_system=1, step=173]:
			CF = (-0.2178, 0.001625, -0.003197)
			CM = (0.01157, 0.0002444, -0.001051)
		PressureLaplace(lamb_vector)[step=173]: rebuild=false, panels=7288, CG iters=771, solved=true
		ForceMonitor[i_system=1, step=173]:
			CF = (-0.02683, -0.0003523, -0.0003269)
			CM = (0.001357, -6.251e-5, -0.0009628)
		ForceMonitor[i_system=1, step=173]:
			CF = (-0.427, 0.02466, -0.05706)
			CM = (0.09912, 0.001402, -0.0114)
	step 173/359 at time 0.04805555555555555
		PressureLaplace(material_derivative)[step=174]: rebuild=false, panels=7288, CG iters=734, solved=true
		ForceMonitor[i_system=1, step=174]:
			CF = (-0.2171, 0.00157, -0.003049)
			CM = (0.01159, 0.0002652, -0.0005755)
		PressureLaplace(lamb_vector)[step=174]: rebuild=false, panels=7288, CG iters=771, solved=true
		ForceMonitor[i_system=1, step=174]:
			CF = (-0.02703, -0.0003289, -0.0003287)
			CM = (0.001358, -6.699e-5, -0.001035)
		ForceMonitor[i_system=1, step=174]:
			CF = (-0.4288, 0.02359, -0.06135)
			CM = (0.1003, 0.001394, -0.01172)
	step 174/359 at time 0.04833333333333333
		PressureLaplace(material_derivative)[step=175]: rebuild=false, panels=7288, CG iters=734, solved=true
		ForceMonitor[i_system=1, step=175]:
			CF = (-0.2164, 0.001466, -0.002814)
			CM = (0.01161, 0.0002782, -9.986e-5)
		PressureLaplace(lamb_vector)[step=175]: rebuild=false, panels=7288, CG iters=772, solved=true
		ForceMonitor[i_system=1, step=175]:
			CF = (-0.02723, -0.0002984, -0.0003219)
			CM = (0.001359, -6.948e-5, -0.001078)
		ForceMonitor[i_system=1, step=175]:
			CF = (-0.4306, 0.02183, -0.06401)
			CM = (0.1016, 0.001346, -0.01173)
	step 175/359 at time 0.04861111111111111
		PressureLaplace(material_derivative)[step=176]: rebuild=false, panels=7288, CG iters=734, solved=true
		ForceMonitor[i_system=1, step=176]:
			CF = (-0.2157, 0.001318, -0.002499)
			CM = (0.01162, 0.0002825, 0.0003603)
		PressureLaplace(lamb_vector)[step=176]: rebuild=false, panels=7288, CG iters=772, solved=true
		ForceMonitor[i_system=1, step=176]:
			CF = (-0.02741, -0.0002578, -0.0003071)
			CM = (0.00136, -6.979e-5, -0.00109)
		ForceMonitor[i_system=1, step=176]:
			CF = (-0.4325, 0.01961, -0.06482)
			CM = (0.1027, 0.001258, -0.01142)
	step 176/359 at time 0.04888888888888889
		PressureLaplace(material_derivative)[step=177]: rebuild=false, panels=7288, CG iters=734, solved=true
		ForceMonitor[i_system=1, step=177]:
			CF = (-0.2151, 0.001131, -0.002105)
			CM = (0.01164, 0.0002774, 0.0007978)
		PressureLaplace(lamb_vector)[step=177]: rebuild=false, panels=7288, CG iters=772, solved=true
		ForceMonitor[i_system=1, step=177]:
			CF = (-0.02757, -0.0002086, -0.0002864)
			CM = (0.00136, -6.785e-5, -0.001067)
		ForceMonitor[i_system=1, step=177]:
			CF = (-0.4344, 0.01704, -0.06357)
			CM = (0.1038, 0.001131, -0.01074)
	step 177/359 at time 0.049166666666666664
		PressureLaplace(material_derivative)[step=178]: rebuild=false, panels=7288, CG iters=733, solved=true
		ForceMonitor[i_system=1, step=178]:
			CF = (-0.2146, 0.0009089, -0.001629)
			CM = (0.01165, 0.0002623, 0.001217)
		PressureLaplace(lamb_vector)[step=178]: rebuild=false, panels=7288, CG iters=772, solved=true
		ForceMonitor[i_system=1, step=178]:
			CF = (-0.02773, -0.0001524, -0.0002579)
			CM = (0.001361, -6.365e-5, -0.001008)
		ForceMonitor[i_system=1, step=178]:
			CF = (-0.4365, 0.0142, -0.06017)
			CM = (0.1048, 0.0009637, -0.009672)
	step 178/359 at time 0.049444444444444444
		PressureLaplace(material_derivative)[step=179]: rebuild=false, panels=7288, CG iters=722, solved=true
		ForceMonitor[i_system=1, step=179]:
			CF = (-0.2144, 0.0006573, -0.001088)
			CM = (0.01167, 0.0002378, 0.001605)
		PressureLaplace(lamb_vector)[step=179]: rebuild=false, panels=7288, CG iters=771, solved=true
		ForceMonitor[i_system=1, step=179]:
			CF = (-0.02787, -8.98e-5, -0.000222)
			CM = (0.001361, -5.743e-5, -0.0009153)
		ForceMonitor[i_system=1, step=179]:
			CF = (-0.4387, 0.01122, -0.05479)
			CM = (0.1057, 0.0007636, -0.008283)
	step 179/359 at time 0.04972222222222222
		PressureLaplace(material_derivative)[step=180]: rebuild=false, panels=7288, CG iters=720, solved=true
		ForceMonitor[i_system=1, step=180]:
			CF = (-0.2143, 0.0003905, -0.0005085)
			CM = (0.0117, 0.0002056, 0.00195)
		PressureLaplace(lamb_vector)[step=180]: rebuild=false, panels=7288, CG iters=771, solved=true
		ForceMonitor[i_system=1, step=180]:
			CF = (-0.02798, -2.339e-5, -0.0001778)
			CM = (0.001363, -4.964e-5, -0.0007957)
		ForceMonitor[i_system=1, step=180]:
			CF = (-0.4408, 0.008235, -0.04775)
			CM = (0.1064, 0.0005395, -0.006657)
	step 180/359 at time 0.05
		PressureLaplace(material_derivative)[step=181]: rebuild=false, panels=7288, CG iters=733, solved=true
		ForceMonitor[i_system=1, step=181]:
			CF = (-0.2144, 0.0001197, 8.065e-5)
			CM = (0.01172, 0.0001673, 0.00224)
		PressureLaplace(lamb_vector)[step=181]: rebuild=false, panels=7288, CG iters=770, solved=true
		ForceMonitor[i_system=1, step=181]:
			CF = (-0.02806, 4.363e-5, -0.0001283)
			CM = (0.001364, -4.061e-5, -0.0006557)
		ForceMonitor[i_system=1, step=181]:
			CF = (-0.4427, 0.005326, -0.03943)
			CM = (0.1069, 0.0003012, -0.004882)
	step 181/359 at time 0.050277777777777775
		PressureLaplace(material_derivative)[step=182]: rebuild=false, panels=7288, CG iters=734, solved=true
		ForceMonitor[i_system=1, step=182]:
			CF = (-0.2145, -0.0001468, 0.0006562)
			CM = (0.01173, 0.0001246, 0.002463)
		PressureLaplace(lamb_vector)[step=182]: rebuild=false, panels=7288, CG iters=769, solved=true
		ForceMonitor[i_system=1, step=182]:
			CF = (-0.02811, 0.0001089, -7.409e-5)
			CM = (0.001366, -3.067e-5, -0.0005003)
		ForceMonitor[i_system=1, step=182]:
			CF = (-0.4442, 0.002536, -0.03018)
			CM = (0.1071, 5.768e-5, -0.00303)
	step 182/359 at time 0.050555555555555555
		PressureLaplace(material_derivative)[step=183]: rebuild=false, panels=7288, CG iters=734, solved=true
		ForceMonitor[i_system=1, step=183]:
			CF = (-0.2148, -0.0003976, 0.00119)
			CM = (0.01174, 7.919e-5, 0.002602)
		PressureLaplace(lamb_vector)[step=183]: rebuild=false, panels=7288, CG iters=769, solved=true
		ForceMonitor[i_system=1, step=183]:
			CF = (-0.02812, 0.0001698, -1.695e-5)
			CM = (0.001366, -2.012e-5, -0.0003354)
		ForceMonitor[i_system=1, step=183]:
			CF = (-0.4452, -3.742e-5, -0.02037)
			CM = (0.1071, -0.0001811, -0.001174)
	step 183/359 at time 0.050833333333333335
		PressureLaplace(material_derivative)[step=184]: rebuild=false, panels=7288, CG iters=734, solved=true
		ForceMonitor[i_system=1, step=184]:
			CF = (-0.215, -0.0006292, 0.001668)
			CM = (0.01174, 3.225e-5, 0.00265)
		PressureLaplace(lamb_vector)[step=184]: rebuild=false, panels=7288, CG iters=765, solved=true
		ForceMonitor[i_system=1, step=184]:
			CF = (-0.02811, 0.0002252, 3.987e-5)
			CM = (0.001367, -9.116e-6, -0.0001643)
		ForceMonitor[i_system=1, step=184]:
			CF = (-0.4457, -0.002393, -0.01022)
			CM = (0.1068, -0.0004094, 0.0006506)
	step 184/359 at time 0.051111111111111114
		PressureLaplace(material_derivative)[step=185]: rebuild=false, panels=7288, CG iters=734, solved=true
		ForceMonitor[i_system=1, step=185]:
			CF = (-0.2153, -0.0008352, 0.002074)
			CM = (0.01174, -1.495e-5, 0.002598)
		PressureLaplace(lamb_vector)[step=185]: rebuild=false, panels=7288, CG iters=748, solved=true
		ForceMonitor[i_system=1, step=185]:
			CF = (-0.02808, 0.0002724, 9.444e-5)
			CM = (0.001367, 2.135e-6, 9.152e-6)
		ForceMonitor[i_system=1, step=185]:
			CF = (-0.4458, -0.004453, 4.74e-5)
			CM = (0.1065, -0.0006208, 0.00241)
	step 185/359 at time 0.05138888888888889
		PressureLaplace(material_derivative)[step=186]: rebuild=false, panels=7288, CG iters=735, solved=true
		ForceMonitor[i_system=1, step=186]:
			CF = (-0.2155, -0.001011, 0.002399)
			CM = (0.01174, -6.153e-5, 0.002443)
		PressureLaplace(lamb_vector)[step=186]: rebuild=false, panels=7288, CG iters=765, solved=true
		ForceMonitor[i_system=1, step=186]:
			CF = (-0.02805, 0.0003103, 0.0001446)
			CM = (0.001366, 1.346e-5, 0.0001827)
		ForceMonitor[i_system=1, step=186]:
			CF = (-0.4456, -0.006185, 0.01024)
			CM = (0.1062, -0.0008112, 0.004075)
	step 186/359 at time 0.051666666666666666
		PressureLaplace(material_derivative)[step=187]: rebuild=false, panels=7288, CG iters=735, solved=true
		ForceMonitor[i_system=1, step=187]:
			CF = (-0.2156, -0.001153, 0.002634)
			CM = (0.01174, -0.0001065, 0.002191)
		PressureLaplace(lamb_vector)[step=187]: rebuild=false, panels=7288, CG iters=765, solved=true
		ForceMonitor[i_system=1, step=187]:
			CF = (-0.02804, 0.0003364, 0.0001886)
			CM = (0.001365, 2.453e-5, 0.0003504)
		ForceMonitor[i_system=1, step=187]:
			CF = (-0.4453, -0.007538, 0.02014)
			CM = (0.1059, -0.0009773, 0.005618)
	step 187/359 at time 0.051944444444444446
		PressureLaplace(material_derivative)[step=188]: rebuild=false, panels=7288, CG iters=734, solved=true
		ForceMonitor[i_system=1, step=188]:
			CF = (-0.2156, -0.001259, 0.002781)
			CM = (0.01173, -0.0001489, 0.001849)
		PressureLaplace(lamb_vector)[step=188]: rebuild=false, panels=7288, CG iters=765, solved=true
		ForceMonitor[i_system=1, step=188]:
			CF = (-0.02804, 0.0003512, 0.0002243)
			CM = (0.001365, 3.507e-5, 0.0005105)
		ForceMonitor[i_system=1, step=188]:
			CF = (-0.445, -0.008441, 0.02954)
			CM = (0.1058, -0.001115, 0.007006)
	step 188/359 at time 0.052222222222222225
		PressureLaplace(material_derivative)[step=189]: rebuild=false, panels=7288, CG iters=734, solved=true
		ForceMonitor[i_system=1, step=189]:
			CF = (-0.2155, -0.001326, 0.002837)
			CM = (0.01173, -0.0001875, 0.001435)
		PressureLaplace(lamb_vector)[step=189]: rebuild=false, panels=7288, CG iters=765, solved=true
		ForceMonitor[i_system=1, step=189]:
			CF = (-0.02807, 0.0003552, 0.0002508)
			CM = (0.001364, 4.473e-5, 0.0006581)
		ForceMonitor[i_system=1, step=189]:
			CF = (-0.4448, -0.008896, 0.03818)
			CM = (0.1059, -0.001221, 0.008212)
	step 189/359 at time 0.0525
		PressureLaplace(material_derivative)[step=190]: rebuild=false, panels=7288, CG iters=734, solved=true
		ForceMonitor[i_system=1, step=190]:
			CF = (-0.2151, -0.001351, 0.002806)
			CM = (0.01173, -0.0002213, 0.0009726)
		PressureLaplace(lamb_vector)[step=190]: rebuild=false, panels=7288, CG iters=767, solved=true
		ForceMonitor[i_system=1, step=190]:
			CF = (-0.02813, 0.0003496, 0.0002684)
			CM = (0.001363, 5.316e-5, 0.0007889)
		ForceMonitor[i_system=1, step=190]:
			CF = (-0.4448, -0.008863, 0.04584)
			CM = (0.1062, -0.001293, 0.009211)
	step 190/359 at time 0.05277777777777778
		PressureLaplace(material_derivative)[step=191]: rebuild=false, panels=7288, CG iters=734, solved=true
		ForceMonitor[i_system=1, step=191]:
			CF = (-0.2147, -0.001335, 0.002692)
			CM = (0.01174, -0.0002491, 0.0004816)
		PressureLaplace(lamb_vector)[step=191]: rebuild=false, panels=7288, CG iters=767, solved=true
		ForceMonitor[i_system=1, step=191]:
			CF = (-0.02822, 0.0003339, 0.0002768)
			CM = (0.001363, 6.001e-5, 0.0008986)
		ForceMonitor[i_system=1, step=191]:
			CF = (-0.4451, -0.008422, 0.05226)
			CM = (0.1067, -0.001329, 0.009965)
	step 191/359 at time 0.05305555555555556
		PressureLaplace(material_derivative)[step=192]: rebuild=false, panels=7288, CG iters=734, solved=true
		ForceMonitor[i_system=1, step=192]:
			CF = (-0.2141, -0.001279, 0.0025)
			CM = (0.01174, -0.0002698, -1.668e-5)
		PressureLaplace(lamb_vector)[step=192]: rebuild=false, panels=7288, CG iters=767, solved=true
		ForceMonitor[i_system=1, step=192]:
			CF = (-0.02833, 0.0003091, 0.0002762)
			CM = (0.001362, 6.505e-5, 0.000983)
		ForceMonitor[i_system=1, step=192]:
			CF = (-0.4456, -0.007628, 0.05723)
			CM = (0.1075, -0.001327, 0.01045)
	step 192/359 at time 0.05333333333333334
		PressureLaplace(material_derivative)[step=193]: rebuild=false, panels=7288, CG iters=734, solved=true
		ForceMonitor[i_system=1, step=193]:
			CF = (-0.2135, -0.001184, 0.002235)
			CM = (0.01175, -0.0002827, -0.0005044)
		PressureLaplace(lamb_vector)[step=193]: rebuild=false, panels=7288, CG iters=767, solved=true
		ForceMonitor[i_system=1, step=193]:
			CF = (-0.02845, 0.0002755, 0.0002678)
			CM = (0.001362, 6.815e-5, 0.001039)
		ForceMonitor[i_system=1, step=193]:
			CF = (-0.4464, -0.006573, 0.06055)
			CM = (0.1083, -0.001287, 0.01063)
	step 193/359 at time 0.05361111111111111
		PressureLaplace(material_derivative)[step=194]: rebuild=false, panels=7288, CG iters=734, solved=true
		ForceMonitor[i_system=1, step=194]:
			CF = (-0.2131, -0.001052, 0.001904)
			CM = (0.01177, -0.0002869, -0.0009685)
		PressureLaplace(lamb_vector)[step=194]: rebuild=false, panels=7288, CG iters=767, solved=true
		ForceMonitor[i_system=1, step=194]:
			CF = (-0.02858, 0.0002339, 0.0002516)
			CM = (0.001362, 6.916e-5, 0.001064)
		ForceMonitor[i_system=1, step=194]:
			CF = (-0.4475, -0.005381, 0.06211)
			CM = (0.1092, -0.001209, 0.01051)
	step 194/359 at time 0.05388888888888889
		PressureLaplace(material_derivative)[step=195]: rebuild=false, panels=7288, CG iters=733, solved=true
		ForceMonitor[i_system=1, step=195]:
			CF = (-0.2127, -0.0008881, 0.001517)
			CM = (0.01178, -0.0002825, -0.001398)
		PressureLaplace(lamb_vector)[step=195]: rebuild=false, panels=7288, CG iters=767, solved=true
		ForceMonitor[i_system=1, step=195]:
			CF = (-0.02869, 0.0001875, 0.000229)
			CM = (0.001362, 6.814e-5, 0.001056)
		ForceMonitor[i_system=1, step=195]:
			CF = (-0.4489, -0.004143, 0.06182)
			CM = (0.1101, -0.001096, 0.01007)
	step 195/359 at time 0.05416666666666667
		PressureLaplace(material_derivative)[step=196]: rebuild=false, panels=7288, CG iters=733, solved=true
		ForceMonitor[i_system=1, step=196]:
			CF = (-0.2126, -0.0006988, 0.001087)
			CM = (0.0118, -0.0002694, -0.001782)
		PressureLaplace(lamb_vector)[step=196]: rebuild=false, panels=7288, CG iters=767, solved=true
		ForceMonitor[i_system=1, step=196]:
			CF = (-0.0288, 0.0001346, 0.0002001)
			CM = (0.001363, 6.51e-5, 0.001017)
		ForceMonitor[i_system=1, step=196]:
			CF = (-0.4503, -0.002954, 0.05972)
			CM = (0.1109, -0.0009517, 0.009339)
	step 196/359 at time 0.05444444444444444
		PressureLaplace(material_derivative)[step=197]: rebuild=false, panels=7288, CG iters=733, solved=true
		ForceMonitor[i_system=1, step=197]:
			CF = (-0.2126, -0.0004922, 0.0006298)
			CM = (0.01182, -0.0002485, -0.002113)
		PressureLaplace(lamb_vector)[step=197]: rebuild=false, panels=7288, CG iters=767, solved=true
		ForceMonitor[i_system=1, step=197]:
			CF = (-0.02888, 7.718e-5, 0.0001659)
			CM = (0.001365, 6.023e-5, 0.0009477)
		ForceMonitor[i_system=1, step=197]:
			CF = (-0.4518, -0.001855, 0.0559)
			CM = (0.1115, -0.000781, 0.008338)
	step 197/359 at time 0.05472222222222222
		PressureLaplace(material_derivative)[step=198]: rebuild=false, panels=7288, CG iters=730, solved=true
		ForceMonitor[i_system=1, step=198]:
			CF = (-0.2128, -0.0002713, 0.0001566)
			CM = (0.01184, -0.0002202, -0.002385)
		PressureLaplace(lamb_vector)[step=198]: rebuild=false, panels=7288, CG iters=767, solved=true
		ForceMonitor[i_system=1, step=198]:
			CF = (-0.02893, 1.616e-5, 0.0001273)
			CM = (0.001367, 5.365e-5, 0.0008517)
		ForceMonitor[i_system=1, step=198]:
			CF = (-0.4531, -0.0008215, 0.0505)
			CM = (0.1118, -0.0005887, 0.007111)
	step 198/359 at time 0.055
		PressureLaplace(material_derivative)[step=199]: rebuild=false, panels=7288, CG iters=721, solved=true
		ForceMonitor[i_system=1, step=199]:
			CF = (-0.2131, -4.786e-5, -0.0003124)
			CM = (0.01186, -0.0001858, -0.002588)
		PressureLaplace(lamb_vector)[step=199]: rebuild=false, panels=7288, CG iters=767, solved=true
		ForceMonitor[i_system=1, step=199]:
			CF = (-0.02895, -4.23e-5, 8.435e-5)
			CM = (0.001369, 4.567e-5, 0.0007329)
		ForceMonitor[i_system=1, step=199]:
			CF = (-0.4541, 0.000122, 0.04376)
			CM = (0.1119, -0.0003823, 0.00571)
	step 199/359 at time 0.05527777777777778
		PressureLaplace(material_derivative)[step=200]: rebuild=false, panels=7288, CG iters=711, solved=true
		ForceMonitor[i_system=1, step=200]:
			CF = (-0.2135, 0.0001726, -0.000766)
			CM = (0.01187, -0.0001463, -0.002717)
		PressureLaplace(lamb_vector)[step=200]: rebuild=false, panels=7288, CG iters=766, solved=true
		ForceMonitor[i_system=1, step=200]:
			CF = (-0.02893, -0.0001007, 3.95e-5)
			CM = (0.001371, 3.638e-5, 0.0005941)
		ForceMonitor[i_system=1, step=200]:
			CF = (-0.4547, 0.00101, 0.03582)
			CM = (0.1118, -0.000167, 0.004168)
	step 200/359 at time 0.05555555555555555
		PressureLaplace(material_derivative)[step=201]: rebuild=false, panels=7288, CG iters=729, solved=true
		ForceMonitor[i_system=1, step=201]:
			CF = (-0.2139, 0.0003842, -0.001193)
			CM = (0.01187, -0.0001025, -0.002764)
		PressureLaplace(lamb_vector)[step=201]: rebuild=false, panels=7288, CG iters=765, solved=true
		ForceMonitor[i_system=1, step=201]:
			CF = (-0.02887, -0.0001566, -7.383e-6)
			CM = (0.001372, 2.595e-5, 0.0004378)
		ForceMonitor[i_system=1, step=201]:
			CF = (-0.4548, 0.001854, 0.02685)
			CM = (0.1114, 5.184e-5, 0.002517)
	step 201/359 at time 0.05583333333333333
		PressureLaplace(material_derivative)[step=202]: rebuild=false, panels=7288, CG iters=730, solved=true
		ForceMonitor[i_system=1, step=202]:
			CF = (-0.2143, 0.0005821, -0.001578)
			CM = (0.01186, -5.556e-5, -0.002721)
		PressureLaplace(lamb_vector)[step=202]: rebuild=false, panels=7288, CG iters=765, solved=true
		ForceMonitor[i_system=1, step=202]:
			CF = (-0.02879, -0.0002085, -5.403e-5)
			CM = (0.001372, 1.46e-5, 0.0002678)
		ForceMonitor[i_system=1, step=202]:
			CF = (-0.4544, 0.002689, 0.01705)
			CM = (0.1108, 0.000269, 0.0007871)
	step 202/359 at time 0.05611111111111111
		PressureLaplace(material_derivative)[step=203]: rebuild=false, panels=7288, CG iters=731, solved=true
		ForceMonitor[i_system=1, step=203]:
			CF = (-0.2146, 0.0007622, -0.001918)
			CM = (0.01185, -6.558e-6, -0.00259)
		PressureLaplace(lamb_vector)[step=203]: rebuild=false, panels=7288, CG iters=765, solved=true
		ForceMonitor[i_system=1, step=203]:
			CF = (-0.02869, -0.0002536, -9.945e-5)
			CM = (0.001372, 2.603e-6, 8.746e-5)
		ForceMonitor[i_system=1, step=203]:
			CF = (-0.4535, 0.003481, 0.006601)
			CM = (0.1101, 0.0004791, -0.0009924)
	step 203/359 at time 0.05638888888888889
		PressureLaplace(material_derivative)[step=204]: rebuild=false, panels=7288, CG iters=731, solved=true
		ForceMonitor[i_system=1, step=204]:
			CF = (-0.2148, 0.0009182, -0.0022)
			CM = (0.01184, 4.322e-5, -0.002367)
		PressureLaplace(lamb_vector)[step=204]: rebuild=false, panels=7288, CG iters=765, solved=true
		ForceMonitor[i_system=1, step=204]:
			CF = (-0.02858, -0.0002909, -0.0001416)
			CM = (0.00137, -9.73e-6, -9.866e-5)
		ForceMonitor[i_system=1, step=204]:
			CF = (-0.4524, 0.004222, -0.004244)
			CM = (0.1093, 0.0006771, -0.002781)
	step 204/359 at time 0.056666666666666664
		PressureLaplace(material_derivative)[step=205]: rebuild=false, panels=7288, CG iters=733, solved=true
		ForceMonitor[i_system=1, step=205]:
			CF = (-0.215, 0.00105, -0.002421)
			CM = (0.01182, 9.259e-5, -0.002064)
		PressureLaplace(lamb_vector)[step=205]: rebuild=false, panels=7288, CG iters=765, solved=true
		ForceMonitor[i_system=1, step=205]:
			CF = (-0.02848, -0.0003205, -0.0001789)
			CM = (0.001369, -2.206e-5, -0.0002862)
		ForceMonitor[i_system=1, step=205]:
			CF = (-0.451, 0.004868, -0.0152)
			CM = (0.1086, 0.0008583, -0.004538)
	step 205/359 at time 0.05694444444444444
		PressureLaplace(material_derivative)[step=206]: rebuild=false, panels=7288, CG iters=733, solved=true
		ForceMonitor[i_system=1, step=206]:
			CF = (-0.2149, 0.001153, -0.002578)
			CM = (0.0118, 0.0001403, -0.001694)
		PressureLaplace(lamb_vector)[step=206]: rebuild=false, panels=7288, CG iters=763, solved=true
		ForceMonitor[i_system=1, step=206]:
			CF = (-0.0284, -0.0003374, -0.0002114)
			CM = (0.001366, -3.398e-5, -0.0004696)
		ForceMonitor[i_system=1, step=206]:
			CF = (-0.4497, 0.005362, -0.02594)
			CM = (0.1081, 0.001019, -0.006218)
	step 206/359 at time 0.05722222222222222
		PressureLaplace(material_derivative)[step=207]: rebuild=false, panels=7288, CG iters=733, solved=true
		ForceMonitor[i_system=1, step=207]:
			CF = (-0.2147, 0.001225, -0.002664)
			CM = (0.01178, 0.0001847, -0.001264)
		PressureLaplace(lamb_vector)[step=207]: rebuild=false, panels=7288, CG iters=757, solved=true
		ForceMonitor[i_system=1, step=207]:
			CF = (-0.02835, -0.0003442, -0.0002365)
			CM = (0.001364, -4.501e-5, -0.0006427)
		ForceMonitor[i_system=1, step=207]:
			CF = (-0.4484, 0.005664, -0.03613)
			CM = (0.1078, 0.001152, -0.007758)
	step 207/359 at time 0.0575
		PressureLaplace(material_derivative)[step=208]: rebuild=false, panels=7288, CG iters=733, solved=true
		ForceMonitor[i_system=1, step=208]:
			CF = (-0.2143, 0.001259, -0.002671)
			CM = (0.01177, 0.0002241, -0.0007909)
		PressureLaplace(lamb_vector)[step=208]: rebuild=false, panels=7288, CG iters=769, solved=true
		ForceMonitor[i_system=1, step=208]:
			CF = (-0.02834, -0.0003398, -0.0002533)
			CM = (0.001361, -5.47e-5, -0.0007987)
		ForceMonitor[i_system=1, step=208]:
			CF = (-0.4474, 0.005724, -0.04536)
			CM = (0.1077, 0.001252, -0.009096)
	step 208/359 at time 0.057777777777777775
		PressureLaplace(material_derivative)[step=209]: rebuild=false, panels=7288, CG iters=733, solved=true
		ForceMonitor[i_system=1, step=209]:
			CF = (-0.2138, 0.001258, -0.002601)
			CM = (0.01176, 0.0002572, -0.0002928)
		PressureLaplace(lamb_vector)[step=209]: rebuild=false, panels=7288, CG iters=770, solved=true
		ForceMonitor[i_system=1, step=209]:
			CF = (-0.02836, -0.0003249, -0.0002611)
			CM = (0.001359, -6.271e-5, -0.0009315)
		ForceMonitor[i_system=1, step=209]:
			CF = (-0.4468, 0.005531, -0.05332)
			CM = (0.1079, 0.001316, -0.01018)
	step 209/359 at time 0.058055555555555555
		PressureLaplace(material_derivative)[step=210]: rebuild=false, panels=7288, CG iters=733, solved=true
		ForceMonitor[i_system=1, step=210]:
			CF = (-0.2133, 0.001215, -0.002446)
			CM = (0.01175, 0.0002825, 0.0002179)
		PressureLaplace(lamb_vector)[step=210]: rebuild=false, panels=7288, CG iters=771, solved=true
		ForceMonitor[i_system=1, step=210]:
			CF = (-0.02841, -0.0003012, -0.0002607)
			CM = (0.001357, -6.869e-5, -0.001035)
		ForceMonitor[i_system=1, step=210]:
			CF = (-0.4466, 0.005111, -0.05966)
			CM = (0.1084, 0.001339, -0.01094)
	step 210/359 at time 0.058333333333333334
		PressureLaplace(material_derivative)[step=211]: rebuild=false, panels=7288, CG iters=733, solved=true
		ForceMonitor[i_system=1, step=211]:
			CF = (-0.2129, 0.001137, -0.002214)
			CM = (0.01176, 0.0002992, 0.0007239)
		PressureLaplace(lamb_vector)[step=211]: rebuild=false, panels=7288, CG iters=771, solved=true
		ForceMonitor[i_system=1, step=211]:
			CF = (-0.02848, -0.0002699, -0.0002515)
			CM = (0.001356, -7.252e-5, -0.001107)
		ForceMonitor[i_system=1, step=211]:
			CF = (-0.447, 0.004525, -0.06416)
			CM = (0.109, 0.00132, -0.01135)
	step 211/359 at time 0.058611111111111114
		PressureLaplace(material_derivative)[step=212]: rebuild=false, panels=7288, CG iters=733, solved=true
		ForceMonitor[i_system=1, step=212]:
			CF = (-0.2126, 0.001022, -0.001911)
			CM = (0.01177, 0.0003067, 0.001209)
		PressureLaplace(lamb_vector)[step=212]: rebuild=false, panels=7288, CG iters=771, solved=true
		ForceMonitor[i_system=1, step=212]:
			CF = (-0.02857, -0.0002301, -0.0002351)
			CM = (0.001355, -7.407e-5, -0.001142)
		ForceMonitor[i_system=1, step=212]:
			CF = (-0.4477, 0.0038, -0.06668)
			CM = (0.1097, 0.00126, -0.01139)
	step 212/359 at time 0.058888888888888886
		PressureLaplace(material_derivative)[step=213]: rebuild=false, panels=7288, CG iters=731, solved=true
		ForceMonitor[i_system=1, step=213]:
			CF = (-0.2125, 0.000873, -0.001547)
			CM = (0.01179, 0.0003046, 0.001657)
		PressureLaplace(lamb_vector)[step=213]: rebuild=false, panels=7288, CG iters=771, solved=true
		ForceMonitor[i_system=1, step=213]:
			CF = (-0.02866, -0.0001839, -0.0002112)
			CM = (0.001356, -7.338e-5, -0.001143)
		ForceMonitor[i_system=1, step=213]:
			CF = (-0.4488, 0.003025, -0.06716)
			CM = (0.1104, 0.00116, -0.01108)
	step 213/359 at time 0.059166666666666666
		PressureLaplace(material_derivative)[step=214]: rebuild=false, panels=7288, CG iters=727, solved=true
		ForceMonitor[i_system=1, step=214]:
			CF = (-0.2125, 0.0006971, -0.001139)
			CM = (0.01181, 0.0002936, 0.002055)
		PressureLaplace(lamb_vector)[step=214]: rebuild=false, panels=7288, CG iters=771, solved=true
		ForceMonitor[i_system=1, step=214]:
			CF = (-0.02873, -0.0001324, -0.0001812)
			CM = (0.001358, -7.056e-5, -0.001109)
		ForceMonitor[i_system=1, step=214]:
			CF = (-0.45, 0.002226, -0.06565)
			CM = (0.111, 0.001026, -0.01043)
	step 214/359 at time 0.059444444444444446
		PressureLaplace(material_derivative)[step=215]: rebuild=false, panels=7288, CG iters=711, solved=true
		ForceMonitor[i_system=1, step=215]:
			CF = (-0.2128, 0.0005004, -0.0007038)
			CM = (0.01183, 0.0002739, 0.002389)
		PressureLaplace(lamb_vector)[step=215]: rebuild=false, panels=7288, CG iters=771, solved=true
		ForceMonitor[i_system=1, step=215]:
			CF = (-0.02878, -7.536e-5, -0.0001462)
			CM = (0.00136, -6.572e-5, -0.001043)
		ForceMonitor[i_system=1, step=215]:
			CF = (-0.4511, 0.001427, -0.06222)
			CM = (0.1114, 0.0008627, -0.009496)
	step 215/359 at time 0.059722222222222225
		PressureLaplace(material_derivative)[step=216]: rebuild=false, panels=7288, CG iters=723, solved=true
		ForceMonitor[i_system=1, step=216]:
			CF = (-0.2132, 0.0002905, -0.0002541)
			CM = (0.01185, 0.0002466, 0.00265)
		PressureLaplace(lamb_vector)[step=216]: rebuild=false, panels=7288, CG iters=771, solved=true
		ForceMonitor[i_system=1, step=216]:
			CF = (-0.0288, -1.803e-5, -0.0001072)
			CM = (0.001363, -5.905e-5, -0.000946)
		ForceMonitor[i_system=1, step=216]:
			CF = (-0.452, 0.0006261, -0.057)
			CM = (0.1116, 0.0006764, -0.008296)
	step 216/359 at time 0.06
		PressureLaplace(material_derivative)[step=217]: rebuild=false, panels=7288, CG iters=733, solved=true
		ForceMonitor[i_system=1, step=217]:
			CF = (-0.2138, 7.119e-5, 0.0002004)
			CM = (0.01187, 0.0002121, 0.002835)
		PressureLaplace(lamb_vector)[step=217]: rebuild=false, panels=7288, CG iters=770, solved=true
		ForceMonitor[i_system=1, step=217]:
			CF = (-0.02877, 4.127e-5, -6.535e-5)
			CM = (0.001365, -5.065e-5, -0.000822)
		ForceMonitor[i_system=1, step=217]:
			CF = (-0.4526, -0.0002414, -0.05011)
			CM = (0.1114, 0.0004714, -0.006862)
	step 217/359 at time 0.06027777777777778
		PressureLaplace(material_derivative)[step=218]: rebuild=false, panels=7288, CG iters=733, solved=true
		ForceMonitor[i_system=1, step=218]:
			CF = (-0.2144, -0.0001496, 0.000642)
			CM = (0.01187, 0.0001717, 0.00293)
		PressureLaplace(lamb_vector)[step=218]: rebuild=false, panels=7288, CG iters=769, solved=true
		ForceMonitor[i_system=1, step=218]:
			CF = (-0.0287, 9.916e-5, -2.129e-5)
			CM = (0.001368, -4.078e-5, -0.0006746)
		ForceMonitor[i_system=1, step=218]:
			CF = (-0.4526, -0.001199, -0.04177)
			CM = (0.1109, 0.0002555, -0.005246)
	step 218/359 at time 0.06055555555555556
		PressureLaplace(material_derivative)[step=219]: rebuild=false, panels=7288, CG iters=734, solved=true
		ForceMonitor[i_system=1, step=219]:
			CF = (-0.215, -0.0003643, 0.001061)
			CM = (0.01187, 0.0001267, 0.002937)
		PressureLaplace(lamb_vector)[step=219]: rebuild=false, panels=7288, CG iters=769, solved=true
		ForceMonitor[i_system=1, step=219]:
			CF = (-0.02859, 0.000155, 2.332e-5)
			CM = (0.001369, -2.965e-5, -0.0005072)
		ForceMonitor[i_system=1, step=219]:
			CF = (-0.4521, -0.002282, -0.03215)
			CM = (0.1102, 3.414e-5, -0.003478)
	step 219/359 at time 0.060833333333333336
		PressureLaplace(material_derivative)[step=220]: rebuild=false, panels=7288, CG iters=734, solved=true
		ForceMonitor[i_system=1, step=220]:
			CF = (-0.2156, -0.0005704, 0.001455)
			CM = (0.01186, 7.807e-5, 0.002859)
		PressureLaplace(lamb_vector)[step=220]: rebuild=false, panels=7288, CG iters=767, solved=true
		ForceMonitor[i_system=1, step=220]:
			CF = (-0.02845, 0.0002057, 6.793e-5)
			CM = (0.00137, -1.754e-5, -0.0003242)
		ForceMonitor[i_system=1, step=220]:
			CF = (-0.4511, -0.00351, -0.02149)
			CM = (0.1092, -0.0001878, -0.001587)
	step 220/359 at time 0.06111111111111111
		PressureLaplace(material_derivative)[step=221]: rebuild=false, panels=7288, CG iters=734, solved=true
		ForceMonitor[i_system=1, step=221]:
			CF = (-0.2162, -0.0007614, 0.001814)
			CM = (0.01184, 2.706e-5, 0.002699)
		PressureLaplace(lamb_vector)[step=221]: rebuild=false, panels=7288, CG iters=764, solved=true
		ForceMonitor[i_system=1, step=221]:
			CF = (-0.02829, 0.0002519, 0.0001112)
			CM = (0.00137, -4.717e-6, -0.0001288)
		ForceMonitor[i_system=1, step=221]:
			CF = (-0.4496, -0.00487, -0.01003)
			CM = (0.1081, -0.0004054, 0.0003918)
	step 221/359 at time 0.06138888888888889
		PressureLaplace(material_derivative)[step=222]: rebuild=false, panels=7288, CG iters=734, solved=true
		ForceMonitor[i_system=1, step=222]:
			CF = (-0.2165, -0.0009368, 0.002135)
			CM = (0.01182, -2.538e-5, 0.002467)
		PressureLaplace(lamb_vector)[step=222]: rebuild=false, panels=7288, CG iters=756, solved=true
		ForceMonitor[i_system=1, step=222]:
			CF = (-0.02813, 0.0002906, 0.0001523)
			CM = (0.001369, 8.56e-6, 7.454e-5)
		ForceMonitor[i_system=1, step=222]:
			CF = (-0.4477, -0.00635, 0.001945)
			CM = (0.107, -0.0006148, 0.00242)
	step 222/359 at time 0.06166666666666667
		PressureLaplace(material_derivative)[step=223]: rebuild=false, panels=7288, CG iters=734, solved=true
		ForceMonitor[i_system=1, step=223]:
			CF = (-0.2167, -0.001088, 0.002408)
			CM = (0.0118, -7.781e-5, 0.002166)
		PressureLaplace(lamb_vector)[step=223]: rebuild=false, panels=7288, CG iters=765, solved=true
		ForceMonitor[i_system=1, step=223]:
			CF = (-0.02799, 0.0003211, 0.00019)
			CM = (0.001367, 2.184e-5, 0.0002803)
		ForceMonitor[i_system=1, step=223]:
			CF = (-0.4458, -0.007823, 0.0141)
			CM = (0.106, -0.0008099, 0.004444)
	step 223/359 at time 0.06194444444444445
		PressureLaplace(material_derivative)[step=224]: rebuild=false, panels=7288, CG iters=734, solved=true
		ForceMonitor[i_system=1, step=224]:
			CF = (-0.2167, -0.001213, 0.002624)
			CM = (0.01177, -0.0001288, 0.001807)
		PressureLaplace(lamb_vector)[step=224]: rebuild=false, panels=7288, CG iters=765, solved=true
		ForceMonitor[i_system=1, step=224]:
			CF = (-0.02786, 0.0003413, 0.000222)
			CM = (0.001365, 3.469e-5, 0.0004818)
		ForceMonitor[i_system=1, step=224]:
			CF = (-0.4437, -0.009213, 0.02603)
			CM = (0.1052, -0.0009855, 0.006401)
	step 224/359 at time 0.06222222222222222
		PressureLaplace(material_derivative)[step=225]: rebuild=false, panels=7288, CG iters=735, solved=true
		ForceMonitor[i_system=1, step=225]:
			CF = (-0.2164, -0.001306, 0.002778)
			CM = (0.01175, -0.000177, 0.001399)
		PressureLaplace(lamb_vector)[step=225]: rebuild=false, panels=7288, CG iters=767, solved=true
		ForceMonitor[i_system=1, step=225]:
			CF = (-0.02778, 0.0003499, 0.0002487)
			CM = (0.001361, 4.664e-5, 0.0006734)
		ForceMonitor[i_system=1, step=225]:
			CF = (-0.4419, -0.01038, 0.03739)
			CM = (0.1047, -0.001136, 0.008223)
	step 225/359 at time 0.0625
		PressureLaplace(material_derivative)[step=226]: rebuild=false, panels=7288, CG iters=735, solved=true
		ForceMonitor[i_system=1, step=226]:
			CF = (-0.216, -0.001359, 0.002851)
			CM = (0.01172, -0.0002205, 0.0009463)
		PressureLaplace(lamb_vector)[step=226]: rebuild=false, panels=7288, CG iters=767, solved=true
		ForceMonitor[i_system=1, step=226]:
			CF = (-0.02773, 0.0003489, 0.0002673)
			CM = (0.001358, 5.72e-5, 0.0008468)
		ForceMonitor[i_system=1, step=226]:
			CF = (-0.4405, -0.01121, 0.04772)
			CM = (0.1046, -0.001253, 0.009825)
	step 226/359 at time 0.06277777777777778
		PressureLaplace(material_derivative)[step=227]: rebuild=false, panels=7288, CG iters=735, solved=true
		ForceMonitor[i_system=1, step=227]:
			CF = (-0.2154, -0.001373, 0.002842)
			CM = (0.01171, -0.000258, 0.0004615)
		PressureLaplace(lamb_vector)[step=227]: rebuild=false, panels=7288, CG iters=767, solved=true
		ForceMonitor[i_system=1, step=227]:
			CF = (-0.02773, 0.0003373, 0.0002768)
			CM = (0.001354, 6.604e-5, 0.0009962)
		ForceMonitor[i_system=1, step=227]:
			CF = (-0.4395, -0.01168, 0.05672)
			CM = (0.1047, -0.001335, 0.01115)
	step 227/359 at time 0.06305555555555556
		PressureLaplace(material_derivative)[step=228]: rebuild=false, panels=7288, CG iters=734, solved=true
		ForceMonitor[i_system=1, step=228]:
			CF = (-0.2148, -0.001347, 0.002749)
			CM = (0.0117, -0.0002884, -4.367e-5)
		PressureLaplace(lamb_vector)[step=228]: rebuild=false, panels=7288, CG iters=767, solved=true
		ForceMonitor[i_system=1, step=228]:
			CF = (-0.02777, 0.0003152, 0.0002772)
			CM = (0.001351, 7.291e-5, 0.001116)
		ForceMonitor[i_system=1, step=228]:
			CF = (-0.439, -0.01175, 0.06409)
			CM = (0.1052, -0.001376, 0.01214)
	step 228/359 at time 0.06333333333333334
		PressureLaplace(material_derivative)[step=229]: rebuild=false, panels=7288, CG iters=734, solved=true
		ForceMonitor[i_system=1, step=229]:
			CF = (-0.2144, -0.001279, 0.002569)
			CM = (0.0117, -0.0003106, -0.0005584)
		PressureLaplace(lamb_vector)[step=229]: rebuild=false, panels=7288, CG iters=769, solved=true
		ForceMonitor[i_system=1, step=229]:
			CF = (-0.02784, 0.0002852, 0.000269)
			CM = (0.001349, 7.761e-5, 0.001203)
		ForceMonitor[i_system=1, step=229]:
			CF = (-0.4392, -0.01143, 0.0696)
			CM = (0.1058, -0.001376, 0.01275)
	step 229/359 at time 0.0636111111111111
		PressureLaplace(material_derivative)[step=230]: rebuild=false, panels=7288, CG iters=734, solved=true
		ForceMonitor[i_system=1, step=230]:
			CF = (-0.214, -0.001169, 0.002309)
			CM = (0.01172, -0.0003239, -0.001067)
		PressureLaplace(lamb_vector)[step=230]: rebuild=false, panels=7288, CG iters=769, solved=true
		ForceMonitor[i_system=1, step=230]:
			CF = (-0.02793, 0.0002479, 0.0002514)
			CM = (0.001348, 8.003e-5, 0.001254)
		ForceMonitor[i_system=1, step=230]:
			CF = (-0.4398, -0.01074, 0.07312)
			CM = (0.1066, -0.001333, 0.01298)
	step 230/359 at time 0.06388888888888888
		PressureLaplace(material_derivative)[step=231]: rebuild=false, panels=7288, CG iters=734, solved=true
		ForceMonitor[i_system=1, step=231]:
			CF = (-0.2138, -0.001024, 0.001978)
			CM = (0.01174, -0.0003279, -0.001551)
		PressureLaplace(lamb_vector)[step=231]: rebuild=false, panels=7288, CG iters=769, solved=true
		ForceMonitor[i_system=1, step=231]:
			CF = (-0.02801, 0.0002016, 0.0002265)
			CM = (0.001348, 8.014e-5, 0.001267)
		ForceMonitor[i_system=1, step=231]:
			CF = (-0.4409, -0.009745, 0.07454)
			CM = (0.1074, -0.001252, 0.01281)
	step 231/359 at time 0.06416666666666666
		PressureLaplace(material_derivative)[step=232]: rebuild=false, panels=7288, CG iters=734, solved=true
		ForceMonitor[i_system=1, step=232]:
			CF = (-0.2139, -0.0008466, 0.001592)
			CM = (0.01176, -0.0003226, -0.00199)
		PressureLaplace(lamb_vector)[step=232]: rebuild=false, panels=7288, CG iters=769, solved=true
		ForceMonitor[i_system=1, step=232]:
			CF = (-0.02809, 0.0001498, 0.0001949)
			CM = (0.00135, 7.798e-5, 0.001243)
		ForceMonitor[i_system=1, step=232]:
			CF = (-0.442, -0.008478, 0.07381)
			CM = (0.1081, -0.001134, 0.01228)
	step 232/359 at time 0.06444444444444444
		PressureLaplace(material_derivative)[step=233]: rebuild=false, panels=7288, CG iters=733, solved=true
		ForceMonitor[i_system=1, step=233]:
			CF = (-0.2141, -0.0006443, 0.001167)
			CM = (0.01178, -0.0003081, -0.002362)
		PressureLaplace(lamb_vector)[step=233]: rebuild=false, panels=7288, CG iters=769, solved=true
		ForceMonitor[i_system=1, step=233]:
			CF = (-0.02814, 9.315e-5, 0.0001577)
			CM = (0.001352, 7.361e-5, 0.001183)
		ForceMonitor[i_system=1, step=233]:
			CF = (-0.4432, -0.006969, 0.07097)
			CM = (0.1085, -0.0009858, 0.01141)
	step 233/359 at time 0.06472222222222222
		PressureLaplace(material_derivative)[step=234]: rebuild=false, panels=7288, CG iters=733, solved=true
		ForceMonitor[i_system=1, step=234]:
			CF = (-0.2146, -0.0004234, 0.0007188)
			CM = (0.0118, -0.0002852, -0.002654)
		PressureLaplace(lamb_vector)[step=234]: rebuild=false, panels=7288, CG iters=769, solved=true
		ForceMonitor[i_system=1, step=234]:
			CF = (-0.02815, 3.45e-5, 0.0001174)
			CM = (0.001355, 6.72e-5, 0.00109)
		ForceMonitor[i_system=1, step=234]:
			CF = (-0.444, -0.00525, 0.06609)
			CM = (0.1087, -0.0008123, 0.01023)
	step 234/359 at time 0.065
		PressureLaplace(material_derivative)[step=235]: rebuild=false, panels=7288, CG iters=724, solved=true
		ForceMonitor[i_system=1, step=235]:
			CF = (-0.2152, -0.0001916, 0.0002621)
			CM = (0.01182, -0.0002545, -0.002857)
		PressureLaplace(lamb_vector)[step=235]: rebuild=false, panels=7288, CG iters=769, solved=true
		ForceMonitor[i_system=1, step=235]:
			CF = (-0.0281, -2.546e-5, 7.434e-5)
			CM = (0.001357, 5.892e-5, 0.0009662)
		ForceMonitor[i_system=1, step=235]:
			CF = (-0.4444, -0.003309, 0.05931)
			CM = (0.1084, -0.0006197, 0.008773)
	step 235/359 at time 0.06527777777777778
		PressureLaplace(material_derivative)[step=236]: rebuild=false, panels=7288, CG iters=710, solved=true
		ForceMonitor[i_system=1, step=236]:
			CF = (-0.2159, 4.522e-5, -0.0001944)
			CM = (0.01182, -0.0002173, -0.002968)
		PressureLaplace(lamb_vector)[step=236]: rebuild=false, panels=7288, CG iters=767, solved=true
		ForceMonitor[i_system=1, step=236]:
			CF = (-0.02802, -8.545e-5, 2.985e-5)
			CM = (0.00136, 4.9e-5, 0.000815)
		ForceMonitor[i_system=1, step=236]:
			CF = (-0.4443, -0.001125, 0.05079)
			CM = (0.1078, -0.0004139, 0.007083)
	step 236/359 at time 0.06555555555555556
		PressureLaplace(material_derivative)[step=237]: rebuild=false, panels=7288, CG iters=729, solved=true
		ForceMonitor[i_system=1, step=237]:
			CF = (-0.2167, 0.0002808, -0.0006415)
			CM = (0.01182, -0.0001746, -0.002992)
		PressureLaplace(lamb_vector)[step=237]: rebuild=false, panels=7288, CG iters=767, solved=true
		ForceMonitor[i_system=1, step=237]:
			CF = (-0.02789, -0.0001428, -1.59e-5)
			CM = (0.001362, 3.77e-5, 0.0006411)
		ForceMonitor[i_system=1, step=237]:
			CF = (-0.4435, 0.001308, 0.0408)
			CM = (0.107, -0.0002003, 0.005197)
	step 237/359 at time 0.06583333333333333
		PressureLaplace(material_derivative)[step=238]: rebuild=false, panels=7288, CG iters=732, solved=true
		ForceMonitor[i_system=1, step=238]:
			CF = (-0.2174, 0.0005085, -0.001072)
			CM = (0.01181, -0.0001276, -0.002935)
		PressureLaplace(lamb_vector)[step=238]: rebuild=false, panels=7288, CG iters=767, solved=true
		ForceMonitor[i_system=1, step=238]:
			CF = (-0.02773, -0.0001966, -6.106e-5)
			CM = (0.001363, 2.533e-5, 0.0004496)
		ForceMonitor[i_system=1, step=238]:
			CF = (-0.4423, 0.003952, 0.02961)
			CM = (0.1058, 1.625e-5, 0.003155)
	step 238/359 at time 0.0661111111111111
		PressureLaplace(material_derivative)[step=239]: rebuild=false, panels=7288, CG iters=733, solved=true
		ForceMonitor[i_system=1, step=239]:
			CF = (-0.218, 0.0007248, -0.001481)
			CM = (0.01179, -7.76e-5, -0.002805)
		PressureLaplace(lamb_vector)[step=239]: rebuild=false, panels=7288, CG iters=767, solved=true
		ForceMonitor[i_system=1, step=239]:
			CF = (-0.02756, -0.0002428, -0.0001054)
			CM = (0.001363, 1.224e-5, 0.0002454)
		ForceMonitor[i_system=1, step=239]:
			CF = (-0.4406, 0.006769, 0.01755)
			CM = (0.1046, 0.0002309, 0.001005)
	step 239/359 at time 0.06638888888888889
		PressureLaplace(material_derivative)[step=240]: rebuild=false, panels=7288, CG iters=733, solved=true
		ForceMonitor[i_system=1, step=240]:
			CF = (-0.2184, 0.0009249, -0.001859)
			CM = (0.01177, -2.568e-5, -0.002608)
		PressureLaplace(lamb_vector)[step=240]: rebuild=false, panels=7288, CG iters=767, solved=true
		ForceMonitor[i_system=1, step=240]:
			CF = (-0.02739, -0.0002825, -0.0001472)
			CM = (0.001362, -1.312e-6, 3.254e-5)
		ForceMonitor[i_system=1, step=240]:
			CF = (-0.4386, 0.009702, 0.004948)
			CM = (0.1034, 0.0004393, -0.001209)
	step 240/359 at time 0.06666666666666667
		PressureLaplace(material_derivative)[step=241]: rebuild=false, panels=7288, CG iters=733, solved=true
		ForceMonitor[i_system=1, step=241]:
			CF = (-0.2187, 0.001101, -0.002197)
			CM = (0.01174, 2.704e-5, -0.002353)
		PressureLaplace(lamb_vector)[step=241]: rebuild=false, panels=7288, CG iters=767, solved=true
		ForceMonitor[i_system=1, step=241]:
			CF = (-0.02724, -0.0003149, -0.0001862)
			CM = (0.00136, -1.495e-5, -0.0001831)
		ForceMonitor[i_system=1, step=241]:
			CF = (-0.4364, 0.01259, -0.007879)
			CM = (0.1024, 0.0006372, -0.003436)
	step 241/359 at time 0.06694444444444445
		PressureLaplace(material_derivative)[step=242]: rebuild=false, panels=7288, CG iters=733, solved=true
		ForceMonitor[i_system=1, step=242]:
			CF = (-0.2187, 0.001251, -0.00249)
			CM = (0.01172, 7.968e-5, -0.002044)
		PressureLaplace(lamb_vector)[step=242]: rebuild=false, panels=7288, CG iters=767, solved=true
		ForceMonitor[i_system=1, step=242]:
			CF = (-0.02711, -0.0003389, -0.0002205)
			CM = (0.001358, -2.835e-5, -0.0003969)
		ForceMonitor[i_system=1, step=242]:
			CF = (-0.4343, 0.01534, -0.0206)
			CM = (0.1016, 0.0008209, -0.00562)
	step 242/359 at time 0.06722222222222222
		PressureLaplace(material_derivative)[step=243]: rebuild=false, panels=7288, CG iters=733, solved=true
		ForceMonitor[i_system=1, step=243]:
			CF = (-0.2184, 0.001372, -0.002729)
			CM = (0.01169, 0.000131, -0.001685)
		PressureLaplace(lamb_vector)[step=243]: rebuild=false, panels=7288, CG iters=748, solved=true
		ForceMonitor[i_system=1, step=243]:
			CF = (-0.02702, -0.0003531, -0.0002485)
			CM = (0.001354, -4.11e-5, -0.0006025)
		ForceMonitor[i_system=1, step=243]:
			CF = (-0.4324, 0.01776, -0.03287)
			CM = (0.101, 0.0009849, -0.007693)
	step 243/359 at time 0.0675
		PressureLaplace(material_derivative)[step=244]: rebuild=false, panels=7288, CG iters=733, solved=true
		ForceMonitor[i_system=1, step=244]:
			CF = (-0.218, 0.001454, -0.002897)
			CM = (0.01167, 0.0001794, -0.001276)
		PressureLaplace(lamb_vector)[step=244]: rebuild=false, panels=7288, CG iters=770, solved=true
		ForceMonitor[i_system=1, step=244]:
			CF = (-0.02698, -0.0003575, -0.0002699)
			CM = (0.001351, -5.278e-5, -0.0007942)
		ForceMonitor[i_system=1, step=244]:
			CF = (-0.4309, 0.01969, -0.04432)
			CM = (0.1009, 0.001123, -0.009578)
	step 244/359 at time 0.06777777777777778
		PressureLaplace(material_derivative)[step=245]: rebuild=false, panels=7288, CG iters=733, solved=true
		ForceMonitor[i_system=1, step=245]:
			CF = (-0.2174, 0.001496, -0.002985)
			CM = (0.01166, 0.0002238, -0.0008204)
		PressureLaplace(lamb_vector)[step=245]: rebuild=false, panels=7288, CG iters=771, solved=true
		ForceMonitor[i_system=1, step=245]:
			CF = (-0.02698, -0.0003518, -0.0002826)
			CM = (0.001347, -6.306e-5, -0.000965)
		ForceMonitor[i_system=1, step=245]:
			CF = (-0.4299, 0.02104, -0.05465)
			CM = (0.1011, 0.001232, -0.01121)
	step 245/359 at time 0.06805555555555555
		PressureLaplace(material_derivative)[step=246]: rebuild=false, panels=7288, CG iters=733, solved=true
		ForceMonitor[i_system=1, step=246]:
			CF = (-0.2168, 0.001493, -0.002984)
			CM = (0.01165, 0.0002624, -0.0003256)
		PressureLaplace(lamb_vector)[step=246]: rebuild=false, panels=7288, CG iters=772, solved=true
		ForceMonitor[i_system=1, step=246]:
			CF = (-0.02703, -0.0003343, -0.0002866)
			CM = (0.001343, -7.154e-5, -0.001109)
		ForceMonitor[i_system=1, step=246]:
			CF = (-0.4295, 0.02171, -0.06352)
			CM = (0.1016, 0.001305, -0.01251)
	step 246/359 at time 0.06833333333333333
		PressureLaplace(material_derivative)[step=247]: rebuild=false, panels=7288, CG iters=734, solved=true
		ForceMonitor[i_system=1, step=247]:
			CF = (-0.2163, 0.001444, -0.002892)
			CM = (0.01165, 0.0002941, 0.000194)
		PressureLaplace(lamb_vector)[step=247]: rebuild=false, panels=7288, CG iters=772, solved=true
		ForceMonitor[i_system=1, step=247]:
			CF = (-0.02711, -0.0003075, -0.000281)
			CM = (0.001341, -7.794e-5, -0.001222)
		ForceMonitor[i_system=1, step=247]:
			CF = (-0.4297, 0.02168, -0.07065)
			CM = (0.1024, 0.00134, -0.01345)
	step 247/359 at time 0.06861111111111111
		PressureLaplace(material_derivative)[step=248]: rebuild=false, panels=7288, CG iters=734, solved=true
		ForceMonitor[i_system=1, step=248]:
			CF = (-0.2158, 0.001354, -0.002715)
			CM = (0.01167, 0.0003179, 0.0007211)
		PressureLaplace(lamb_vector)[step=248]: rebuild=false, panels=7288, CG iters=772, solved=true
		ForceMonitor[i_system=1, step=248]:
			CF = (-0.02721, -0.0002722, -0.000266)
			CM = (0.001339, -8.213e-5, -0.001299)
		ForceMonitor[i_system=1, step=248]:
			CF = (-0.4304, 0.021, -0.07585)
			CM = (0.1033, 0.001335, -0.01399)
	step 248/359 at time 0.06888888888888889
		PressureLaplace(material_derivative)[step=249]: rebuild=false, panels=7288, CG iters=733, solved=true
		ForceMonitor[i_system=1, step=249]:
			CF = (-0.2155, 0.001223, -0.002461)
			CM = (0.01169, 0.0003328, 0.00123)
		PressureLaplace(lamb_vector)[step=249]: rebuild=false, panels=7288, CG iters=773, solved=true
		ForceMonitor[i_system=1, step=249]:
			CF = (-0.02732, -0.0002284, -0.0002433)
			CM = (0.001339, -8.399e-5, -0.001339)
		ForceMonitor[i_system=1, step=249]:
			CF = (-0.4315, 0.01965, -0.07896)
			CM = (0.1043, 0.001293, -0.01413)
	step 249/359 at time 0.06916666666666667
		PressureLaplace(material_derivative)[step=250]: rebuild=false, panels=7288, CG iters=733, solved=true
		ForceMonitor[i_system=1, step=250]:
			CF = (-0.2154, 0.001054, -0.002139)
			CM = (0.01171, 0.0003385, 0.001703)
		PressureLaplace(lamb_vector)[step=250]: rebuild=false, panels=7288, CG iters=773, solved=true
		ForceMonitor[i_system=1, step=250]:
			CF = (-0.02742, -0.0001795, -0.0002142)
			CM = (0.001339, -8.35e-5, -0.001341)
		ForceMonitor[i_system=1, step=250]:
			CF = (-0.4328, 0.01773, -0.07989)
			CM = (0.1052, 0.001214, -0.01388)
	step 250/359 at time 0.06944444444444445
		PressureLaplace(material_derivative)[step=251]: rebuild=false, panels=7288, CG iters=718, solved=true
		ForceMonitor[i_system=1, step=251]:
			CF = (-0.2156, 0.0008537, -0.001764)
			CM = (0.01174, 0.0003345, 0.002114)
		PressureLaplace(lamb_vector)[step=251]: rebuild=false, panels=7288, CG iters=773, solved=true
		ForceMonitor[i_system=1, step=251]:
			CF = (-0.0275, -0.0001236, -0.0001797)
			CM = (0.001341, -8.059e-5, -0.001305)
		ForceMonitor[i_system=1, step=251]:
			CF = (-0.4342, 0.01529, -0.07854)
			CM = (0.1058, 0.001101, -0.01324)
	step 251/359 at time 0.06972222222222223
		PressureLaplace(material_derivative)[step=252]: rebuild=false, panels=7288, CG iters=727, solved=true
		ForceMonitor[i_system=1, step=252]:
			CF = (-0.216, 0.0006279, -0.001346)
			CM = (0.01176, 0.0003207, 0.00245)
		PressureLaplace(lamb_vector)[step=252]: rebuild=false, panels=7288, CG iters=772, solved=true
		ForceMonitor[i_system=1, step=252]:
			CF = (-0.02754, -6.447e-5, -0.0001409)
			CM = (0.001344, -7.528e-5, -0.00123)
		ForceMonitor[i_system=1, step=252]:
			CF = (-0.4354, 0.01238, -0.07487)
			CM = (0.1062, 0.0009581, -0.01223)
	step 252/359 at time 0.07
		PressureLaplace(material_derivative)[step=253]: rebuild=false, panels=7288, CG iters=734, solved=true
		ForceMonitor[i_system=1, step=253]:
			CF = (-0.2166, 0.0003821, -0.0008934)
			CM = (0.01178, 0.0002974, 0.002703)
		PressureLaplace(lamb_vector)[step=253]: rebuild=false, panels=7288, CG iters=772, solved=true
		ForceMonitor[i_system=1, step=253]:
			CF = (-0.02753, -3.632e-6, -9.845e-5)
			CM = (0.001347, -6.771e-5, -0.001119)
		ForceMonitor[i_system=1, step=253]:
			CF = (-0.4362, 0.009054, -0.06888)
			CM = (0.1062, 0.0007872, -0.01086)
	step 253/359 at time 0.07027777777777777
		PressureLaplace(material_derivative)[step=254]: rebuild=false, panels=7288, CG iters=735, solved=true
		ForceMonitor[i_system=1, step=254]:
			CF = (-0.2173, 0.0001249, -0.0004216)
			CM = (0.0118, 0.0002653, 0.00286)
		PressureLaplace(lamb_vector)[step=254]: rebuild=false, panels=7288, CG iters=772, solved=true
		ForceMonitor[i_system=1, step=254]:
			CF = (-0.02747, 5.8e-5, -5.437e-5)
			CM = (0.00135, -5.807e-5, -0.000974)
		ForceMonitor[i_system=1, step=254]:
			CF = (-0.4364, 0.005355, -0.06073)
			CM = (0.1058, 0.000595, -0.009184)
	step 254/359 at time 0.07055555555555555
		PressureLaplace(material_derivative)[step=255]: rebuild=false, panels=7288, CG iters=735, solved=true
		ForceMonitor[i_system=1, step=255]:
			CF = (-0.2182, -0.0001386, 6.511e-5)
			CM = (0.0118, 0.0002253, 0.002928)
		PressureLaplace(lamb_vector)[step=255]: rebuild=false, panels=7288, CG iters=771, solved=true
		ForceMonitor[i_system=1, step=255]:
			CF = (-0.02737, 0.0001189, -8.445e-6)
			CM = (0.001353, -4.657e-5, -0.0007986)
		ForceMonitor[i_system=1, step=255]:
			CF = (-0.4361, 0.001317, -0.05059)
			CM = (0.105, 0.0003848, -0.007213)
	step 255/359 at time 0.07083333333333333
		PressureLaplace(material_derivative)[step=256]: rebuild=false, panels=7288, CG iters=735, solved=true
		ForceMonitor[i_system=1, step=256]:
			CF = (-0.219, -0.0004024, 0.0005576)
			CM = (0.0118, 0.0001786, 0.002915)
		PressureLaplace(lamb_vector)[step=256]: rebuild=false, panels=7288, CG iters=770, solved=true
		ForceMonitor[i_system=1, step=256]:
			CF = (-0.02724, 0.0001778, 3.836e-5)
			CM = (0.001355, -3.362e-5, -0.0005984)
		ForceMonitor[i_system=1, step=256]:
			CF = (-0.4352, -0.003049, -0.0388)
			CM = (0.104, 0.0001626, -0.005)
	step 256/359 at time 0.07111111111111111
		PressureLaplace(material_derivative)[step=257]: rebuild=false, panels=7288, CG iters=735, solved=true
		ForceMonitor[i_system=1, step=257]:
			CF = (-0.2197, -0.0006568, 0.001044)
			CM = (0.01179, 0.0001269, 0.002826)
		PressureLaplace(lamb_vector)[step=257]: rebuild=false, panels=7288, CG iters=769, solved=true
		ForceMonitor[i_system=1, step=257]:
			CF = (-0.02708, 0.0002305, 8.54e-5)
			CM = (0.001357, -1.962e-5, -0.0003793)
		ForceMonitor[i_system=1, step=257]:
			CF = (-0.4337, -0.007571, -0.02576)
			CM = (0.1027, -6.386e-5, -0.002614)
	step 257/359 at time 0.07138888888888889
		PressureLaplace(material_derivative)[step=258]: rebuild=false, panels=7288, CG iters=735, solved=true
		ForceMonitor[i_system=1, step=258]:
			CF = (-0.2202, -0.0008976, 0.001516)
			CM = (0.01177, 7.151e-5, 0.002673)
		PressureLaplace(lamb_vector)[step=258]: rebuild=false, panels=7288, CG iters=767, solved=true
		ForceMonitor[i_system=1, step=258]:
			CF = (-0.02691, 0.0002757, 0.0001319)
			CM = (0.001357, -4.911e-6, -0.0001473)
		ForceMonitor[i_system=1, step=258]:
			CF = (-0.4318, -0.01223, -0.01185)
			CM = (0.1015, -0.0002906, -0.0001067)
	step 258/359 at time 0.07166666666666667
		PressureLaplace(material_derivative)[step=259]: rebuild=false, panels=7288, CG iters=735, solved=true
		ForceMonitor[i_system=1, step=259]:
			CF = (-0.2206, -0.001114, 0.001949)
			CM = (0.01174, 1.426e-5, 0.00245)
		PressureLaplace(lamb_vector)[step=259]: rebuild=false, panels=7288, CG iters=754, solved=true
		ForceMonitor[i_system=1, step=259]:
			CF = (-0.02675, 0.0003124, 0.0001751)
			CM = (0.001356, 9.953e-6, 8.944e-5)
		ForceMonitor[i_system=1, step=259]:
			CF = (-0.4296, -0.01678, 0.002398)
			CM = (0.1003, -0.0005085, 0.002423)
	step 259/359 at time 0.07194444444444445
		PressureLaplace(material_derivative)[step=260]: rebuild=false, panels=7288, CG iters=735, solved=true
		ForceMonitor[i_system=1, step=260]:
			CF = (-0.2206, -0.001297, 0.002331)
			CM = (0.01171, -4.321e-5, 0.002165)
		PressureLaplace(lamb_vector)[step=260]: rebuild=false, panels=7288, CG iters=765, solved=true
		ForceMonitor[i_system=1, step=260]:
			CF = (-0.02662, 0.0003385, 0.0002133)
			CM = (0.001354, 2.443e-5, 0.0003237)
		ForceMonitor[i_system=1, step=260]:
			CF = (-0.4274, -0.02092, 0.01649)
			CM = (0.0994, -0.0007119, 0.004899)
	step 260/359 at time 0.07222222222222222
		PressureLaplace(material_derivative)[step=261]: rebuild=false, panels=7288, CG iters=735, solved=true
		ForceMonitor[i_system=1, step=261]:
			CF = (-0.2204, -0.001444, 0.002656)
			CM = (0.01168, -9.965e-5, 0.001827)
		PressureLaplace(lamb_vector)[step=261]: rebuild=false, panels=7288, CG iters=767, solved=true
		ForceMonitor[i_system=1, step=261]:
			CF = (-0.02652, 0.0003554, 0.0002454)
			CM = (0.00135, 3.824e-5, 0.0005494)
		ForceMonitor[i_system=1, step=261]:
			CF = (-0.4253, -0.02455, 0.03008)
			CM = (0.0988, -0.000896, 0.007255)
	step 261/359 at time 0.0725
		PressureLaplace(material_derivative)[step=262]: rebuild=false, panels=7288, CG iters=735, solved=true
		ForceMonitor[i_system=1, step=262]:
			CF = (-0.22, -0.001551, 0.002906)
			CM = (0.01166, -0.0001539, 0.001429)
		PressureLaplace(lamb_vector)[step=262]: rebuild=false, panels=7288, CG iters=767, solved=true
		ForceMonitor[i_system=1, step=262]:
			CF = (-0.02648, 0.0003622, 0.0002697)
			CM = (0.001347, 5.105e-5, 0.0007609)
		ForceMonitor[i_system=1, step=262]:
			CF = (-0.4237, -0.02751, 0.04283)
			CM = (0.09862, -0.001055, 0.00941)
	step 262/359 at time 0.07277777777777777
		PressureLaplace(material_derivative)[step=263]: rebuild=false, panels=7288, CG iters=735, solved=true
		ForceMonitor[i_system=1, step=263]:
			CF = (-0.2193, -0.00161, 0.003067)
			CM = (0.01165, -0.0002045, 0.0009675)
		PressureLaplace(lamb_vector)[step=263]: rebuild=false, panels=7288, CG iters=767, solved=true
		ForceMonitor[i_system=1, step=263]:
			CF = (-0.02649, 0.0003573, 0.0002841)
			CM = (0.001342, 6.238e-5, 0.0009505)
		ForceMonitor[i_system=1, step=263]:
			CF = (-0.4227, -0.02952, 0.05438)
			CM = (0.09889, -0.001183, 0.01128)
	step 263/359 at time 0.07305555555555555
		PressureLaplace(material_derivative)[step=264]: rebuild=false, panels=7288, CG iters=735, solved=true
		ForceMonitor[i_system=1, step=264]:
			CF = (-0.2186, -0.001617, 0.003128)
			CM = (0.01164, -0.0002497, 0.0004534)
		PressureLaplace(lamb_vector)[step=264]: rebuild=false, panels=7288, CG iters=769, solved=true
		ForceMonitor[i_system=1, step=264]:
			CF = (-0.02656, 0.0003414, 0.0002888)
			CM = (0.001338, 7.186e-5, 0.001113)
		ForceMonitor[i_system=1, step=264]:
			CF = (-0.4225, -0.03046, 0.06441)
			CM = (0.09958, -0.001275, 0.01281)
	step 264/359 at time 0.07333333333333333
		PressureLaplace(material_derivative)[step=265]: rebuild=false, panels=7288, CG iters=735, solved=true
		ForceMonitor[i_system=1, step=265]:
			CF = (-0.2178, -0.001576, 0.003098)
			CM = (0.01165, -0.0002885, -8.571e-5)
		PressureLaplace(lamb_vector)[step=265]: rebuild=false, panels=7288, CG iters=769, solved=true
		ForceMonitor[i_system=1, step=265]:
			CF = (-0.02668, 0.0003161, 0.0002835)
			CM = (0.001335, 7.939e-5, 0.001245)
		ForceMonitor[i_system=1, step=265]:
			CF = (-0.423, -0.03039, 0.07274)
			CM = (0.1006, -0.001331, 0.01397)
	step 265/359 at time 0.07361111111111111
		PressureLaplace(material_derivative)[step=266]: rebuild=false, panels=7288, CG iters=735, solved=true
		ForceMonitor[i_system=1, step=266]:
			CF = (-0.2172, -0.001481, 0.002962)
			CM = (0.01167, -0.0003191, -0.0006499)
		PressureLaplace(lamb_vector)[step=266]: rebuild=false, panels=7288, CG iters=769, solved=true
		ForceMonitor[i_system=1, step=266]:
			CF = (-0.02683, 0.0002796, 0.0002682)
			CM = (0.001333, 8.446e-5, 0.00134)
		ForceMonitor[i_system=1, step=266]:
			CF = (-0.4242, -0.02922, 0.07903)
			CM = (0.1019, -0.001344, 0.0147)
	step 266/359 at time 0.07388888888888889
		PressureLaplace(material_derivative)[step=267]: rebuild=false, panels=7288, CG iters=735, solved=true
		ForceMonitor[i_system=1, step=267]:
			CF = (-0.2167, -0.00134, 0.002735)
			CM = (0.01169, -0.0003409, -0.001206)
		PressureLaplace(lamb_vector)[step=267]: rebuild=false, panels=7288, CG iters=769, solved=true
		ForceMonitor[i_system=1, step=267]:
			CF = (-0.02699, 0.0002353, 0.0002438)
			CM = (0.001331, 8.713e-5, 0.001397)
		ForceMonitor[i_system=1, step=267]:
			CF = (-0.426, -0.02706, 0.08315)
			CM = (0.1032, -0.001318, 0.015)
	step 267/359 at time 0.07416666666666667
		PressureLaplace(material_derivative)[step=268]: rebuild=false, panels=7288, CG iters=735, solved=true
		ForceMonitor[i_system=1, step=268]:
			CF = (-0.2164, -0.001157, 0.002433)
			CM = (0.01172, -0.0003527, -0.001722)
		PressureLaplace(lamb_vector)[step=268]: rebuild=false, panels=7288, CG iters=769, solved=true
		ForceMonitor[i_system=1, step=268]:
			CF = (-0.02714, 0.0001836, 0.0002125)
			CM = (0.001331, 8.727e-5, 0.001414)
		ForceMonitor[i_system=1, step=268]:
			CF = (-0.428, -0.02404, 0.08495)
			CM = (0.1045, -0.001253, 0.01489)
	step 268/359 at time 0.07444444444444444
		PressureLaplace(material_derivative)[step=269]: rebuild=false, panels=7288, CG iters=734, solved=true
		ForceMonitor[i_system=1, step=269]:
			CF = (-0.2165, -0.0009393, 0.002074)
			CM = (0.01176, -0.0003539, -0.002166)
		PressureLaplace(lamb_vector)[step=269]: rebuild=false, panels=7288, CG iters=769, solved=true
		ForceMonitor[i_system=1, step=269]:
			CF = (-0.02728, 0.000128, 0.0001759)
			CM = (0.001333, 8.472e-5, 0.001389)
		ForceMonitor[i_system=1, step=269]:
			CF = (-0.4301, -0.0203, 0.08424)
			CM = (0.1056, -0.001152, 0.01437)
	step 269/359 at time 0.07472222222222222
		PressureLaplace(material_derivative)[step=270]: rebuild=false, panels=7288, CG iters=734, solved=true
		ForceMonitor[i_system=1, step=270]:
			CF = (-0.2169, -0.0007001, 0.001677)
			CM = (0.0118, -0.0003442, -0.002509)
		PressureLaplace(lamb_vector)[step=270]: rebuild=false, panels=7288, CG iters=769, solved=true
		ForceMonitor[i_system=1, step=270]:
			CF = (-0.02736, 7.118e-5, 0.000137)
			CM = (0.001337, 7.969e-5, 0.001324)
		ForceMonitor[i_system=1, step=270]:
			CF = (-0.432, -0.01612, 0.08101)
			CM = (0.1062, -0.001019, 0.01346)
	step 270/359 at time 0.075
		PressureLaplace(material_derivative)[step=271]: rebuild=false, panels=7288, CG iters=733, solved=true
		ForceMonitor[i_system=1, step=271]:
			CF = (-0.2176, -0.0004349, 0.001234)
			CM = (0.01183, -0.0003228, -0.002751)
		PressureLaplace(lamb_vector)[step=271]: rebuild=false, panels=7288, CG iters=769, solved=true
		ForceMonitor[i_system=1, step=271]:
			CF = (-0.02738, 8.572e-6, 9.635e-5)
			CM = (0.001341, 7.179e-5, 0.001215)
		ForceMonitor[i_system=1, step=271]:
			CF = (-0.4332, -0.01141, 0.07502)
			CM = (0.1064, -0.0008524, 0.01211)
	step 271/359 at time 0.07527777777777778
		PressureLaplace(material_derivative)[step=272]: rebuild=false, panels=7288, CG iters=713, solved=true
		ForceMonitor[i_system=1, step=272]:
			CF = (-0.2185, -0.000151, 0.0007432)
			CM = (0.01184, -0.0002904, -0.002904)
		PressureLaplace(lamb_vector)[step=272]: rebuild=false, panels=7288, CG iters=769, solved=true
		ForceMonitor[i_system=1, step=272]:
			CF = (-0.02732, -5.532e-5, 5.283e-5)
			CM = (0.001346, 6.143e-5, 0.001064)
		ForceMonitor[i_system=1, step=272]:
			CF = (-0.4336, -0.006238, 0.06636)
			CM = (0.1059, -0.0006544, 0.01035)
	step 272/359 at time 0.07555555555555556
		PressureLaplace(material_derivative)[step=273]: rebuild=false, panels=7288, CG iters=729, solved=true
		ForceMonitor[i_system=1, step=273]:
			CF = (-0.2194, 0.0001428, 0.0002107)
			CM = (0.01184, -0.0002489, -0.002979)
		PressureLaplace(lamb_vector)[step=273]: rebuild=false, panels=7288, CG iters=769, solved=true
		ForceMonitor[i_system=1, step=273]:
			CF = (-0.02721, -0.0001192, 4.988e-6)
			CM = (0.001349, 4.922e-5, 0.0008794)
		ForceMonitor[i_system=1, step=273]:
			CF = (-0.4332, -0.0006627, 0.0554)
			CM = (0.105, -0.0004343, 0.008239)
	step 273/359 at time 0.07583333333333334
		PressureLaplace(material_derivative)[step=274]: rebuild=false, panels=7288, CG iters=733, solved=true
		ForceMonitor[i_system=1, step=274]:
			CF = (-0.2203, 0.0004383, -0.0003387)
			CM = (0.01184, -0.0002, -0.002971)
		PressureLaplace(lamb_vector)[step=274]: rebuild=false, panels=7288, CG iters=767, solved=true
		ForceMonitor[i_system=1, step=274]:
			CF = (-0.02705, -0.0001796, -4.44e-5)
			CM = (0.001352, 3.539e-5, 0.0006654)
		ForceMonitor[i_system=1, step=274]:
			CF = (-0.4321, 0.005238, 0.04254)
			CM = (0.1038, -0.0001998, 0.005839)
	step 274/359 at time 0.07611111111111112
		PressureLaplace(material_derivative)[step=275]: rebuild=false, panels=7288, CG iters=733, solved=true
		ForceMonitor[i_system=1, step=275]:
			CF = (-0.2211, 0.0007246, -0.000889)
			CM = (0.01182, -0.000145, -0.002884)
		PressureLaplace(lamb_vector)[step=275]: rebuild=false, panels=7288, CG iters=767, solved=true
		ForceMonitor[i_system=1, step=275]:
			CF = (-0.02686, -0.0002351, -9.418e-5)
			CM = (0.001354, 2.038e-5, 0.0004291)
		ForceMonitor[i_system=1, step=275]:
			CF = (-0.4303, 0.01131, 0.02823)
			CM = (0.1023, 4.18e-5, 0.003224)
	step 275/359 at time 0.0763888888888889
		PressureLaplace(material_derivative)[step=276]: rebuild=false, panels=7288, CG iters=733, solved=true
		ForceMonitor[i_system=1, step=276]:
			CF = (-0.2217, 0.0009955, -0.001436)
			CM = (0.01179, -8.596e-5, -0.002749)
		PressureLaplace(lamb_vector)[step=276]: rebuild=false, panels=7288, CG iters=767, solved=true
		ForceMonitor[i_system=1, step=276]:
			CF = (-0.02667, -0.000284, -0.0001441)
			CM = (0.001354, 4.672e-6, 0.0001779)
		ForceMonitor[i_system=1, step=276]:
			CF = (-0.428, 0.01737, 0.013)
			CM = (0.1008, 0.0002851, 0.0004503)
	step 276/359 at time 0.07666666666666666
		PressureLaplace(material_derivative)[step=277]: rebuild=false, panels=7288, CG iters=733, solved=true
		ForceMonitor[i_system=1, step=277]:
			CF = (-0.2221, 0.00124, -0.001952)
			CM = (0.01176, -2.461e-5, -0.002551)
		PressureLaplace(lamb_vector)[step=277]: rebuild=false, panels=7288, CG iters=767, solved=true
		ForceMonitor[i_system=1, step=277]:
			CF = (-0.02649, -0.000323, -0.0001911)
			CM = (0.001353, -1.115e-5, -7.881e-5)
		ForceMonitor[i_system=1, step=277]:
			CF = (-0.4255, 0.02316, -0.002559)
			CM = (0.09947, 0.0005208, -0.002359)
	step 277/359 at time 0.07694444444444444
		PressureLaplace(material_derivative)[step=278]: rebuild=false, panels=7288, CG iters=733, solved=true
		ForceMonitor[i_system=1, step=278]:
			CF = (-0.2221, 0.001449, -0.002424)
			CM = (0.01173, 3.749e-5, -0.002305)
		PressureLaplace(lamb_vector)[step=278]: rebuild=false, panels=7288, CG iters=769, solved=true
		ForceMonitor[i_system=1, step=278]:
			CF = (-0.02635, -0.0003529, -0.000234)
			CM = (0.001351, -2.665e-5, -0.0003341)
		ForceMonitor[i_system=1, step=278]:
			CF = (-0.4231, 0.02836, -0.01797)
			CM = (0.09841, 0.0007441, -0.005134)
	step 278/359 at time 0.07722222222222222
		PressureLaplace(material_derivative)[step=279]: rebuild=false, panels=7288, CG iters=734, solved=true
		ForceMonitor[i_system=1, step=279]:
			CF = (-0.2219, 0.001619, -0.00283)
			CM = (0.0117, 9.9e-5, -0.00199)
		PressureLaplace(lamb_vector)[step=279]: rebuild=false, panels=7288, CG iters=760, solved=true
		ForceMonitor[i_system=1, step=279]:
			CF = (-0.02626, -0.0003722, -0.0002706)
			CM = (0.001348, -4.149e-5, -0.0005806)
		ForceMonitor[i_system=1, step=279]:
			CF = (-0.4209, 0.03293, -0.03279)
			CM = (0.09778, 0.0009467, -0.007759)
	step 279/359 at time 0.0775
		PressureLaplace(material_derivative)[step=280]: rebuild=false, panels=7288, CG iters=734, solved=true
		ForceMonitor[i_system=1, step=280]:
			CF = (-0.2214, 0.001742, -0.003153)
			CM = (0.01168, 0.0001585, -0.001602)
		PressureLaplace(lamb_vector)[step=280]: rebuild=false, panels=7288, CG iters=770, solved=true
		ForceMonitor[i_system=1, step=280]:
			CF = (-0.02623, -0.0003796, -0.0002992)
			CM = (0.001344, -5.523e-5, -0.0008115)
		ForceMonitor[i_system=1, step=280]:
			CF = (-0.4193, 0.03652, -0.04668)
			CM = (0.09767, 0.001122, -0.01015)
	step 280/359 at time 0.07777777777777778
		PressureLaplace(material_derivative)[step=281]: rebuild=false, panels=7288, CG iters=730, solved=true
		ForceMonitor[i_system=1, step=281]:
			CF = (-0.2206, 0.001811, -0.003377)
			CM = (0.01166, 0.0002144, -0.001141)
		PressureLaplace(lamb_vector)[step=281]: rebuild=false, panels=7288, CG iters=772, solved=true
		ForceMonitor[i_system=1, step=281]:
			CF = (-0.02628, -0.0003764, -0.0003171)
			CM = (0.001339, -6.741e-5, -0.00102)
		ForceMonitor[i_system=1, step=281]:
			CF = (-0.4186, 0.03882, -0.05928)
			CM = (0.09812, 0.001266, -0.01224)
	step 281/359 at time 0.07805555555555556
		PressureLaplace(material_derivative)[step=282]: rebuild=false, panels=7288, CG iters=734, solved=true
		ForceMonitor[i_system=1, step=282]:
			CF = (-0.2197, 0.001822, -0.003487)
			CM = (0.01166, 0.000265, -0.0006054)
		PressureLaplace(lamb_vector)[step=282]: rebuild=false, panels=7288, CG iters=772, solved=true
		ForceMonitor[i_system=1, step=282]:
			CF = (-0.0264, -0.0003616, -0.0003229)
			CM = (0.001334, -7.772e-5, -0.0012)
		ForceMonitor[i_system=1, step=282]:
			CF = (-0.4187, 0.03975, -0.07031)
			CM = (0.09912, 0.00137, -0.01395)
	step 282/359 at time 0.07833333333333334
		PressureLaplace(material_derivative)[step=283]: rebuild=false, panels=7288, CG iters=734, solved=true
		ForceMonitor[i_system=1, step=283]:
			CF = (-0.2187, 0.001774, -0.003475)
			CM = (0.01168, 0.0003088, -3.29e-6)
		PressureLaplace(lamb_vector)[step=283]: rebuild=false, panels=7288, CG iters=773, solved=true
		ForceMonitor[i_system=1, step=283]:
			CF = (-0.02657, -0.0003354, -0.0003163)
			CM = (0.00133, -8.581e-5, -0.001346)
		ForceMonitor[i_system=1, step=283]:
			CF = (-0.4199, 0.03928, -0.07947)
			CM = (0.1006, 0.00143, -0.01522)
	step 283/359 at time 0.07861111111111112
		PressureLaplace(material_derivative)[step=284]: rebuild=false, panels=7288, CG iters=734, solved=true
		ForceMonitor[i_system=1, step=284]:
			CF = (-0.2178, 0.001665, -0.003342)
			CM = (0.0117, 0.000344, 0.0006377)
		PressureLaplace(lamb_vector)[step=284]: rebuild=false, panels=7288, CG iters=773, solved=true
		ForceMonitor[i_system=1, step=284]:
			CF = (-0.02678, -0.0002975, -0.0002973)
			CM = (0.001327, -9.13e-5, -0.001454)
		ForceMonitor[i_system=1, step=284]:
			CF = (-0.4218, 0.03734, -0.08649)
			CM = (0.1023, 0.001444, -0.01603)
	step 284/359 at time 0.07888888888888888
		PressureLaplace(material_derivative)[step=285]: rebuild=false, panels=7288, CG iters=734, solved=true
		ForceMonitor[i_system=1, step=285]:
			CF = (-0.2171, 0.001502, -0.003104)
			CM = (0.01174, 0.0003698, 0.001283)
		PressureLaplace(lamb_vector)[step=285]: rebuild=false, panels=7288, CG iters=774, solved=true
		ForceMonitor[i_system=1, step=285]:
			CF = (-0.02702, -0.0002509, -0.0002673)
			CM = (0.001325, -9.431e-5, -0.001522)
		ForceMonitor[i_system=1, step=285]:
			CF = (-0.4244, 0.03412, -0.09127)
			CM = (0.1042, 0.001414, -0.0164)
	step 285/359 at time 0.07916666666666666
		PressureLaplace(material_derivative)[step=286]: rebuild=false, panels=7288, CG iters=733, solved=true
		ForceMonitor[i_system=1, step=286]:
			CF = (-0.2167, 0.001296, -0.002796)
			CM = (0.01179, 0.0003836, 0.001873)
		PressureLaplace(lamb_vector)[step=286]: rebuild=false, panels=7288, CG iters=774, solved=true
		ForceMonitor[i_system=1, step=286]:
			CF = (-0.02723, -0.0001987, -0.0002317)
			CM = (0.001325, -9.417e-5, -0.001546)
		ForceMonitor[i_system=1, step=286]:
			CF = (-0.4273, 0.02992, -0.09343)
			CM = (0.106, 0.001336, -0.01632)
	step 286/359 at time 0.07944444444444444
		PressureLaplace(material_derivative)[step=287]: rebuild=false, panels=7288, CG iters=713, solved=true
		ForceMonitor[i_system=1, step=287]:
			CF = (-0.2166, 0.001044, -0.002386)
			CM = (0.01183, 0.0003859, 0.00239)
		PressureLaplace(lamb_vector)[step=287]: rebuild=false, panels=7288, CG iters=774, solved=true
		ForceMonitor[i_system=1, step=287]:
			CF = (-0.02741, -0.0001381, -0.0001901)
			CM = (0.001327, -9.151e-5, -0.001521)
		ForceMonitor[i_system=1, step=287]:
			CF = (-0.4301, 0.02485, -0.09275)
			CM = (0.1074, 0.001221, -0.01573)
	step 287/359 at time 0.07972222222222222
		PressureLaplace(material_derivative)[step=288]: rebuild=false, panels=7288, CG iters=733, solved=true
		ForceMonitor[i_system=1, step=288]:
			CF = (-0.2169, 0.0007629, -0.001923)
			CM = (0.01186, 0.0003759, 0.002801)
		PressureLaplace(lamb_vector)[step=288]: rebuild=false, panels=7288, CG iters=773, solved=true
		ForceMonitor[i_system=1, step=288]:
			CF = (-0.02752, -7.379e-5, -0.0001442)
			CM = (0.001331, -8.594e-5, -0.00145)
		ForceMonitor[i_system=1, step=288]:
			CF = (-0.4325, 0.01923, -0.08922)
			CM = (0.1083, 0.001072, -0.01471)
	step 288/359 at time 0.08
		PressureLaplace(material_derivative)[step=289]: rebuild=false, panels=7288, CG iters=735, solved=true
		ForceMonitor[i_system=1, step=289]:
			CF = (-0.2176, 0.0004597, -0.001434)
			CM = (0.0119, 0.0003534, 0.003072)
		PressureLaplace(lamb_vector)[step=289]: rebuild=false, panels=7288, CG iters=773, solved=true
		ForceMonitor[i_system=1, step=289]:
			CF = (-0.02755, -6.548e-6, -9.808e-5)
			CM = (0.001336, -7.745e-5, -0.001334)
		ForceMonitor[i_system=1, step=289]:
			CF = (-0.4342, 0.01311, -0.08275)
			CM = (0.1085, 0.000891, -0.01328)
	step 289/359 at time 0.08027777777777778
		PressureLaplace(material_derivative)[step=290]: rebuild=false, panels=7288, CG iters=734, solved=true
		ForceMonitor[i_system=1, step=290]:
			CF = (-0.2186, 0.0001492, -0.0009146)
			CM = (0.01192, 0.0003206, 0.003233)
		PressureLaplace(lamb_vector)[step=290]: rebuild=false, panels=7288, CG iters=773, solved=true
		ForceMonitor[i_system=1, step=290]:
			CF = (-0.0275, 5.914e-5, -5.053e-5)
			CM = (0.001341, -6.691e-5, -0.001179)
		ForceMonitor[i_system=1, step=290]:
			CF = (-0.435, 0.006696, -0.07367)
			CM = (0.1081, 0.0006877, -0.01146)
	step 290/359 at time 0.08055555555555556
		PressureLaplace(material_derivative)[step=291]: rebuild=false, panels=7288, CG iters=735, solved=true
		ForceMonitor[i_system=1, step=291]:
			CF = (-0.2199, -0.0001678, -0.0003792)
			CM = (0.01193, 0.0002765, 0.003253)
		PressureLaplace(lamb_vector)[step=291]: rebuild=false, panels=7288, CG iters=772, solved=true
		ForceMonitor[i_system=1, step=291]:
			CF = (-0.02737, 0.0001237, -4.988e-6)
			CM = (0.001347, -5.364e-5, -0.0009819)
		ForceMonitor[i_system=1, step=291]:
			CF = (-0.4346, -2.633e-5, -0.06178)
			CM = (0.107, 0.00046, -0.009242)
	step 291/359 at time 0.08083333333333333
		PressureLaplace(material_derivative)[step=292]: rebuild=false, panels=7288, CG iters=735, solved=true
		ForceMonitor[i_system=1, step=292]:
			CF = (-0.2212, -0.000507, 0.0002297)
			CM = (0.01192, 0.0002215, 0.00321)
		PressureLaplace(lamb_vector)[step=292]: rebuild=false, panels=7288, CG iters=771, solved=true
		ForceMonitor[i_system=1, step=292]:
			CF = (-0.02714, 0.0001926, 4.463e-5)
			CM = (0.001352, -3.778e-5, -0.0007411)
		ForceMonitor[i_system=1, step=292]:
			CF = (-0.4328, -0.007482, -0.04707)
			CM = (0.1052, 0.0001998, -0.006544)
	step 292/359 at time 0.0811111111111111
		PressureLaplace(material_derivative)[step=293]: rebuild=false, panels=7288, CG iters=735, solved=true
		ForceMonitor[i_system=1, step=293]:
			CF = (-0.2223, -0.0008428, 0.0008833)
			CM = (0.01189, 0.00016, 0.003135)
		PressureLaplace(lamb_vector)[step=293]: rebuild=false, panels=7288, CG iters=771, solved=true
		ForceMonitor[i_system=1, step=293]:
			CF = (-0.02687, 0.0002568, 0.0001002)
			CM = (0.001355, -2.09e-5, -0.0004729)
		ForceMonitor[i_system=1, step=293]:
			CF = (-0.4301, -0.01521, -0.03057)
			CM = (0.1031, -7.277e-5, -0.003527)
	step 293/359 at time 0.08138888888888889
		PressureLaplace(material_derivative)[step=294]: rebuild=false, panels=7288, CG iters=736, solved=true
		ForceMonitor[i_system=1, step=294]:
			CF = (-0.2231, -0.001161, 0.001538)
			CM = (0.01185, 9.412e-5, 0.003003)
		PressureLaplace(lamb_vector)[step=294]: rebuild=false, panels=7288, CG iters=769, solved=true
		ForceMonitor[i_system=1, step=294]:
			CF = (-0.0266, 0.0003126, 0.0001575)
			CM = (0.001356, -3.348e-6, -0.0001878)
		ForceMonitor[i_system=1, step=294]:
			CF = (-0.4268, -0.02297, -0.01305)
			CM = (0.101, -0.0003457, -0.0003399)
	step 294/359 at time 0.08166666666666667
		PressureLaplace(material_derivative)[step=295]: rebuild=false, panels=7288, CG iters=736, solved=true
		ForceMonitor[i_system=1, step=295]:
			CF = (-0.2236, -0.001449, 0.002171)
			CM = (0.0118, 2.636e-5, 0.002836)
		PressureLaplace(lamb_vector)[step=295]: rebuild=false, panels=7288, CG iters=767, solved=true
		ForceMonitor[i_system=1, step=295]:
			CF = (-0.02636, 0.0003588, 0.000214)
			CM = (0.001355, 1.408e-5, 0.0001017)
		ForceMonitor[i_system=1, step=295]:
			CF = (-0.4233, -0.03041, 0.004633)
			CM = (0.09911, -0.0006095, 0.002888)
	step 295/359 at time 0.08194444444444444
		PressureLaplace(material_derivative)[step=296]: rebuild=false, panels=7288, CG iters=736, solved=true
		ForceMonitor[i_system=1, step=296]:
			CF = (-0.2238, -0.001697, 0.00275)
			CM = (0.01176, -4.155e-5, 0.002619)
		PressureLaplace(lamb_vector)[step=296]: rebuild=false, panels=7288, CG iters=764, solved=true
		ForceMonitor[i_system=1, step=296]:
			CF = (-0.02617, 0.0003936, 0.0002662)
			CM = (0.001352, 3.098e-5, 0.0003859)
		ForceMonitor[i_system=1, step=296]:
			CF = (-0.42, -0.03719, 0.02188)
			CM = (0.09765, -0.0008566, 0.00603)
	step 296/359 at time 0.08222222222222222
		PressureLaplace(material_derivative)[step=297]: rebuild=false, panels=7288, CG iters=735, solved=true
		ForceMonitor[i_system=1, step=297]:
			CF = (-0.2236, -0.001896, 0.003251)
			CM = (0.01172, -0.0001081, 0.002335)
		PressureLaplace(lamb_vector)[step=297]: rebuild=false, panels=7288, CG iters=767, solved=true
		ForceMonitor[i_system=1, step=297]:
			CF = (-0.02604, 0.0004159, 0.0003109)
			CM = (0.001349, 4.688e-5, 0.0006568)
		ForceMonitor[i_system=1, step=297]:
			CF = (-0.4173, -0.04295, 0.03819)
			CM = (0.09678, -0.001079, 0.008971)
	step 297/359 at time 0.0825
		PressureLaplace(material_derivative)[step=298]: rebuild=false, panels=7288, CG iters=735, solved=true
		ForceMonitor[i_system=1, step=298]:
			CF = (-0.2231, -0.002039, 0.00365)
			CM = (0.0117, -0.0001722, 0.001959)
		PressureLaplace(lamb_vector)[step=298]: rebuild=false, panels=7288, CG iters=767, solved=true
		ForceMonitor[i_system=1, step=298]:
			CF = (-0.02601, 0.0004259, 0.0003454)
			CM = (0.001344, 6.154e-5, 0.0009084)
		ForceMonitor[i_system=1, step=298]:
			CF = (-0.4153, -0.0474, 0.05328)
			CM = (0.09659, -0.001269, 0.01161)
	step 298/359 at time 0.08277777777777778
		PressureLaplace(material_derivative)[step=299]: rebuild=false, panels=7288, CG iters=736, solved=true
		ForceMonitor[i_system=1, step=299]:
			CF = (-0.2222, -0.002118, 0.003927)
			CM = (0.01168, -0.0002329, 0.001476)
		PressureLaplace(lamb_vector)[step=299]: rebuild=false, panels=7288, CG iters=767, solved=true
		ForceMonitor[i_system=1, step=299]:
			CF = (-0.02607, 0.0004227, 0.000367)
			CM = (0.001339, 7.46e-5, 0.001135)
		ForceMonitor[i_system=1, step=299]:
			CF = (-0.4145, -0.05016, 0.06691)
			CM = (0.09716, -0.001421, 0.01389)
	step 299/359 at time 0.08305555555555555
		PressureLaplace(material_derivative)[step=300]: rebuild=false, panels=7288, CG iters=735, solved=true
		ForceMonitor[i_system=1, step=300]:
			CF = (-0.221, -0.002122, 0.004052)
			CM = (0.01169, -0.0002886, 0.0008649)
		PressureLaplace(lamb_vector)[step=300]: rebuild=false, panels=7288, CG iters=769, solved=true
		ForceMonitor[i_system=1, step=300]:
			CF = (-0.02623, 0.0004061, 0.0003715)
			CM = (0.001333, 8.56e-5, 0.001331)
		ForceMonitor[i_system=1, step=300]:
			CF = (-0.4149, -0.05089, 0.07881)
			CM = (0.09846, -0.001528, 0.01571)
	step 300/359 at time 0.08333333333333333
		PressureLaplace(material_derivative)[step=301]: rebuild=false, panels=7288, CG iters=735, solved=true
		ForceMonitor[i_system=1, step=301]:
			CF = (-0.2197, -0.002063, 0.004043)
			CM = (0.01171, -0.0003382, 0.0001622)
		PressureLaplace(lamb_vector)[step=301]: rebuild=false, panels=7288, CG iters=769, solved=true
		ForceMonitor[i_system=1, step=301]:
			CF = (-0.02647, 0.0003768, 0.0003605)
			CM = (0.001328, 9.454e-5, 0.001494)
		ForceMonitor[i_system=1, step=301]:
			CF = (-0.4166, -0.0499, 0.08894)
			CM = (0.1004, -0.00159, 0.0171)
	step 301/359 at time 0.08361111111111111
		PressureLaplace(material_derivative)[step=302]: rebuild=false, panels=7288, CG iters=735, solved=true
		ForceMonitor[i_system=1, step=302]:
			CF = (-0.2185, -0.001932, 0.003899)
			CM = (0.01174, -0.0003789, -0.0005921)
		PressureLaplace(lamb_vector)[step=302]: rebuild=false, panels=7288, CG iters=770, solved=true
		ForceMonitor[i_system=1, step=302]:
			CF = (-0.02676, 0.000336, 0.000336)
			CM = (0.001324, 0.0001007, 0.001618)
		ForceMonitor[i_system=1, step=302]:
			CF = (-0.4194, -0.04704, 0.09691)
			CM = (0.1027, -0.001601, 0.018)
	step 302/359 at time 0.08388888888888889
		PressureLaplace(material_derivative)[step=303]: rebuild=false, panels=7288, CG iters=735, solved=true
		ForceMonitor[i_system=1, step=303]:
			CF = (-0.2173, -0.001764, 0.003655)
			CM = (0.01179, -0.0004127, -0.001369)
		PressureLaplace(lamb_vector)[step=303]: rebuild=false, panels=7288, CG iters=770, solved=true
		ForceMonitor[i_system=1, step=303]:
			CF = (-0.02709, 0.0002911, 0.0002998)
			CM = (0.00132, 0.0001054, 0.00171)
		ForceMonitor[i_system=1, step=303]:
			CF = (-0.4231, -0.04303, 0.1032)
			CM = (0.1054, -0.001581, 0.01854)
	step 303/359 at time 0.08416666666666667
		PressureLaplace(material_derivative)[step=304]: rebuild=false, panels=7288, CG iters=735, solved=true
		ForceMonitor[i_system=1, step=304]:
			CF = (-0.2168, -0.001533, 0.003355)
			CM = (0.01186, -0.000432, -0.00203)
		PressureLaplace(lamb_vector)[step=304]: rebuild=false, panels=7288, CG iters=770, solved=true
		ForceMonitor[i_system=1, step=304]:
			CF = (-0.02739, 0.0002366, 0.0002609)
			CM = (0.00132, 0.0001056, 0.00175)
		ForceMonitor[i_system=1, step=304]:
			CF = (-0.4271, -0.03773, 0.1064)
			CM = (0.1078, -0.001502, 0.0186)
	step 304/359 at time 0.08444444444444445
		PressureLaplace(material_derivative)[step=305]: rebuild=false, panels=7288, CG iters=734, solved=true
		ForceMonitor[i_system=1, step=305]:
			CF = (-0.2168, -0.001267, 0.002986)
			CM = (0.01192, -0.0004375, -0.002573)
		PressureLaplace(lamb_vector)[step=305]: rebuild=false, panels=7288, CG iters=770, solved=true
		ForceMonitor[i_system=1, step=305]:
			CF = (-0.02762, 0.0001781, 0.0002197)
			CM = (0.001323, 0.0001029, 0.001737)
		ForceMonitor[i_system=1, step=305]:
			CF = (-0.4308, -0.03173, 0.1063)
			CM = (0.1097, -0.001381, 0.01812)
	step 305/359 at time 0.08472222222222223
		PressureLaplace(material_derivative)[step=306]: rebuild=false, panels=7288, CG iters=734, solved=true
		ForceMonitor[i_system=1, step=306]:
			CF = (-0.2171, -0.0009576, 0.002494)
			CM = (0.01196, -0.0004276, -0.003021)
		PressureLaplace(lamb_vector)[step=306]: rebuild=false, panels=7288, CG iters=770, solved=true
		ForceMonitor[i_system=1, step=306]:
			CF = (-0.02775, 0.0001043, 0.0001753)
			CM = (0.001328, 9.683e-5, 0.001661)
		ForceMonitor[i_system=1, step=306]:
			CF = (-0.4336, -0.02507, 0.1027)
			CM = (0.1108, -0.001219, 0.017)
	step 306/359 at time 0.085
		PressureLaplace(material_derivative)[step=307]: rebuild=false, panels=7288, CG iters=733, solved=true
		ForceMonitor[i_system=1, step=307]:
			CF = (-0.218, -0.0006518, 0.002042)
			CM = (0.01202, -0.000407, -0.003362)
		PressureLaplace(lamb_vector)[step=307]: rebuild=false, panels=7288, CG iters=770, solved=true
		ForceMonitor[i_system=1, step=307]:
			CF = (-0.02781, 5.047e-5, 0.0001235)
			CM = (0.001332, 8.853e-5, 0.001557)
		ForceMonitor[i_system=1, step=307]:
			CF = (-0.4359, -0.01807, 0.09635)
			CM = (0.1113, -0.001031, 0.01559)
	step 307/359 at time 0.08527777777777777
		PressureLaplace(material_derivative)[step=308]: rebuild=false, panels=7288, CG iters=718, solved=true
		ForceMonitor[i_system=1, step=308]:
			CF = (-0.2188, -0.0002844, 0.001395)
			CM = (0.01204, -0.0003717, -0.003643)
		PressureLaplace(lamb_vector)[step=308]: rebuild=false, panels=7288, CG iters=770, solved=true
		ForceMonitor[i_system=1, step=308]:
			CF = (-0.02779, -3.69e-5, 6.866e-5)
			CM = (0.001336, 7.705e-5, 0.001414)
		ForceMonitor[i_system=1, step=308]:
			CF = (-0.4368, -0.009826, 0.08756)
			CM = (0.1114, -0.0007696, 0.0138)
	step 308/359 at time 0.08555555555555555
		PressureLaplace(material_derivative)[step=309]: rebuild=false, panels=7288, CG iters=730, solved=true
		ForceMonitor[i_system=1, step=309]:
			CF = (-0.2203, 0.0001069, 0.0006861)
			CM = (0.01202, -0.0003201, -0.003654)
		PressureLaplace(lamb_vector)[step=309]: rebuild=false, panels=7288, CG iters=769, solved=true
		ForceMonitor[i_system=1, step=309]:
			CF = (-0.02755, -0.0001177, 1.69e-5)
			CM = (0.001344, 6.216e-5, 0.001168)
		ForceMonitor[i_system=1, step=309]:
			CF = (-0.4356, -0.001535, 0.07322)
			CM = (0.1095, -0.0005125, 0.01109)
	step 309/359 at time 0.08583333333333333
		PressureLaplace(material_derivative)[step=310]: rebuild=false, panels=7288, CG iters=733, solved=true
		ForceMonitor[i_system=1, step=310]:
			CF = (-0.2218, 0.000475, 2.786e-6)
			CM = (0.012, -0.0002621, -0.003616)
		PressureLaplace(lamb_vector)[step=310]: rebuild=false, panels=7288, CG iters=769, solved=true
		ForceMonitor[i_system=1, step=310]:
			CF = (-0.02726, -0.0001882, -3.59e-5)
			CM = (0.00135, 4.621e-5, 0.0008992)
		ForceMonitor[i_system=1, step=310]:
			CF = (-0.4334, 0.006839, 0.05696)
			CM = (0.1071, -0.0002517, 0.008069)
	step 310/359 at time 0.08611111111111111
		PressureLaplace(material_derivative)[step=311]: rebuild=false, panels=7288, CG iters=733, solved=true
		ForceMonitor[i_system=1, step=311]:
			CF = (-0.2234, 0.0008527, -0.0007102)
			CM = (0.01196, -0.0001959, -0.003484)
		PressureLaplace(lamb_vector)[step=311]: rebuild=false, panels=7288, CG iters=767, solved=true
		ForceMonitor[i_system=1, step=311]:
			CF = (-0.0269, -0.0002606, -8.899e-5)
			CM = (0.001356, 2.786e-5, 0.0005983)
		ForceMonitor[i_system=1, step=311]:
			CF = (-0.4299, 0.01587, 0.03853)
			CM = (0.1043, 3.165e-5, 0.004702)
	step 311/359 at time 0.08638888888888889
		PressureLaplace(material_derivative)[step=312]: rebuild=false, panels=7288, CG iters=733, solved=true
		ForceMonitor[i_system=1, step=312]:
			CF = (-0.2247, 0.001223, -0.001469)
			CM = (0.0119, -0.0001252, -0.003353)
		PressureLaplace(lamb_vector)[step=312]: rebuild=false, panels=7288, CG iters=767, solved=true
		ForceMonitor[i_system=1, step=312]:
			CF = (-0.02652, -0.0003266, -0.0001488)
			CM = (0.001358, 8.782e-6, 0.0002787)
		ForceMonitor[i_system=1, step=312]:
			CF = (-0.4254, 0.02519, 0.01884)
			CM = (0.1012, 0.0003224, 0.001081)
	step 312/359 at time 0.08666666666666667
		PressureLaplace(material_derivative)[step=313]: rebuild=false, panels=7288, CG iters=733, solved=true
		ForceMonitor[i_system=1, step=313]:
			CF = (-0.2256, 0.001564, -0.002226)
			CM = (0.01184, -5.268e-5, -0.003211)
		PressureLaplace(lamb_vector)[step=313]: rebuild=false, panels=7288, CG iters=767, solved=true
		ForceMonitor[i_system=1, step=313]:
			CF = (-0.02616, -0.0003821, -0.0002117)
			CM = (0.001358, -1.019e-5, -4.638e-5)
		ForceMonitor[i_system=1, step=313]:
			CF = (-0.4206, 0.03424, -0.001071)
			CM = (0.09846, 0.0006066, -0.002607)
	step 313/359 at time 0.08694444444444445
		PressureLaplace(material_derivative)[step=314]: rebuild=false, panels=7288, CG iters=733, solved=true
		ForceMonitor[i_system=1, step=314]:
			CF = (-0.226, 0.001859, -0.002932)
			CM = (0.01178, 1.876e-5, -0.003043)
		PressureLaplace(lamb_vector)[step=314]: rebuild=false, panels=7288, CG iters=769, solved=true
		ForceMonitor[i_system=1, step=314]:
			CF = (-0.02586, -0.0004239, -0.0002728)
			CM = (0.001356, -2.826e-5, -0.0003608)
		ForceMonitor[i_system=1, step=314]:
			CF = (-0.4161, 0.04256, -0.02022)
			CM = (0.09622, 0.0008709, -0.006164)
	step 314/359 at time 0.08722222222222223
		PressureLaplace(material_derivative)[step=315]: rebuild=false, panels=7288, CG iters=733, solved=true
		ForceMonitor[i_system=1, step=315]:
			CF = (-0.226, 0.002101, -0.003554)
			CM = (0.01173, 8.767e-5, -0.002825)
		PressureLaplace(lamb_vector)[step=315]: rebuild=false, panels=7288, CG iters=761, solved=true
		ForceMonitor[i_system=1, step=315]:
			CF = (-0.02566, -0.0004521, -0.0003274)
			CM = (0.001352, -4.503e-5, -0.0006559)
		ForceMonitor[i_system=1, step=315]:
			CF = (-0.4122, 0.04986, -0.03802)
			CM = (0.09472, 0.001107, -0.009452)
	step 315/359 at time 0.0875
		PressureLaplace(material_derivative)[step=316]: rebuild=false, panels=7288, CG iters=734, solved=true
		ForceMonitor[i_system=1, step=316]:
			CF = (-0.2256, 0.002278, -0.004058)
			CM = (0.01169, 0.000153, -0.002514)
		PressureLaplace(lamb_vector)[step=316]: rebuild=false, panels=7288, CG iters=771, solved=true
		ForceMonitor[i_system=1, step=316]:
			CF = (-0.02557, -0.0004656, -0.000371)
			CM = (0.001347, -6.011e-5, -0.0009239)
		ForceMonitor[i_system=1, step=316]:
			CF = (-0.4094, 0.05561, -0.05411)
			CM = (0.09412, 0.001305, -0.01234)
	step 316/359 at time 0.08777777777777777
		PressureLaplace(material_derivative)[step=317]: rebuild=false, panels=7288, CG iters=734, solved=true
		ForceMonitor[i_system=1, step=317]:
			CF = (-0.2248, 0.002384, -0.004433)
			CM = (0.01168, 0.0002144, -0.002096)
		PressureLaplace(lamb_vector)[step=317]: rebuild=false, panels=7288, CG iters=772, solved=true
		ForceMonitor[i_system=1, step=317]:
			CF = (-0.0256, -0.0004658, -0.0004009)
			CM = (0.001341, -7.333e-5, -0.001162)
		ForceMonitor[i_system=1, step=317]:
			CF = (-0.4081, 0.05942, -0.0684)
			CM = (0.09445, 0.00146, -0.01479)
	step 317/359 at time 0.08805555555555555
		PressureLaplace(material_derivative)[step=318]: rebuild=false, panels=7288, CG iters=734, solved=true
		ForceMonitor[i_system=1, step=318]:
			CF = (-0.2238, 0.002419, -0.004657)
			CM = (0.01169, 0.0002713, -0.001548)
		PressureLaplace(lamb_vector)[step=318]: rebuild=false, panels=7288, CG iters=773, solved=true
		ForceMonitor[i_system=1, step=318]:
			CF = (-0.02575, -0.0004515, -0.0004134)
			CM = (0.001335, -8.465e-5, -0.001369)
		ForceMonitor[i_system=1, step=318]:
			CF = (-0.4083, 0.0612, -0.0809)
			CM = (0.09571, 0.001568, -0.01678)
	step 318/359 at time 0.08833333333333333
		PressureLaplace(material_derivative)[step=319]: rebuild=false, panels=7288, CG iters=734, solved=true
		ForceMonitor[i_system=1, step=319]:
			CF = (-0.2226, 0.002377, -0.004735)
			CM = (0.01172, 0.0003223, -0.0008807)
		PressureLaplace(lamb_vector)[step=319]: rebuild=false, panels=7288, CG iters=774, solved=true
		ForceMonitor[i_system=1, step=319]:
			CF = (-0.02601, -0.0004255, -0.000409)
			CM = (0.001329, -9.366e-5, -0.001543)
		ForceMonitor[i_system=1, step=319]:
			CF = (-0.4101, 0.06069, -0.09154)
			CM = (0.09777, 0.001625, -0.01828)
	step 319/359 at time 0.08861111111111111
		PressureLaplace(material_derivative)[step=320]: rebuild=false, panels=7288, CG iters=735, solved=true
		ForceMonitor[i_system=1, step=320]:
			CF = (-0.2214, 0.002271, -0.004685)
			CM = (0.01177, 0.0003659, -0.0001135)
		PressureLaplace(lamb_vector)[step=320]: rebuild=false, panels=7288, CG iters=775, solved=true
		ForceMonitor[i_system=1, step=320]:
			CF = (-0.02633, -0.0003929, -0.0003903)
			CM = (0.001324, -0.0001002, -0.001683)
		ForceMonitor[i_system=1, step=320]:
			CF = (-0.4132, 0.05826, -0.1003)
			CM = (0.1004, 0.001628, -0.01931)
	step 320/359 at time 0.08888888888888889
		PressureLaplace(material_derivative)[step=321]: rebuild=false, panels=7288, CG iters=734, solved=true
		ForceMonitor[i_system=1, step=321]:
			CF = (-0.2195, 0.002114, -0.004436)
			CM = (0.01183, 0.0004059, 0.0008649)
		PressureLaplace(lamb_vector)[step=321]: rebuild=false, panels=7288, CG iters=775, solved=true
		ForceMonitor[i_system=1, step=321]:
			CF = (-0.02674, -0.0003549, -0.000345)
			CM = (0.001316, -0.0001063, -0.001802)
		ForceMonitor[i_system=1, step=321]:
			CF = (-0.4173, 0.0541, -0.108)
			CM = (0.1038, 0.001598, -0.01997)
	step 321/359 at time 0.08916666666666667
		PressureLaplace(material_derivative)[step=322]: rebuild=false, panels=7288, CG iters=734, solved=true
		ForceMonitor[i_system=1, step=322]:
			CF = (-0.2182, 0.001886, -0.004098)
			CM = (0.01191, 0.0004364, 0.001832)
		PressureLaplace(lamb_vector)[step=322]: rebuild=false, panels=7288, CG iters=775, solved=true
		ForceMonitor[i_system=1, step=322]:
			CF = (-0.02718, -0.0003055, -0.0002884)
			CM = (0.00131, -0.0001094, -0.001892)
		ForceMonitor[i_system=1, step=322]:
			CF = (-0.4225, 0.0481, -0.1142)
			CM = (0.1076, 0.001513, -0.02036)
	step 322/359 at time 0.08944444444444444
		PressureLaplace(material_derivative)[step=323]: rebuild=false, panels=7288, CG iters=710, solved=true
		ForceMonitor[i_system=1, step=323]:
			CF = (-0.2177, 0.00159, -0.00371)
			CM = (0.01199, 0.0004505, 0.0026)
		PressureLaplace(lamb_vector)[step=323]: rebuild=false, panels=7288, CG iters=775, solved=true
		ForceMonitor[i_system=1, step=323]:
			CF = (-0.02753, -0.0002459, -0.0002332)
			CM = (0.001309, -0.0001078, -0.001924)
		ForceMonitor[i_system=1, step=323]:
			CF = (-0.4277, 0.04066, -0.117)
			CM = (0.1109, 0.001366, -0.02025)
	step 323/359 at time 0.08972222222222222
		PressureLaplace(material_derivative)[step=324]: rebuild=false, panels=7288, CG iters=724, solved=true
		ForceMonitor[i_system=1, step=324]:
			CF = (-0.2168, 0.001241, -0.003118)
			CM = (0.01206, 0.0004577, 0.00348)
		PressureLaplace(lamb_vector)[step=324]: rebuild=false, panels=7288, CG iters=775, solved=true
		ForceMonitor[i_system=1, step=324]:
			CF = (-0.02786, -0.0001732, -0.0001548)
			CM = (0.001304, -0.0001056, -0.00192)
		ForceMonitor[i_system=1, step=324]:
			CF = (-0.4325, 0.03179, -0.1177)
			CM = (0.114, 0.001194, -0.0197)
	step 324/359 at time 0.09
		PressureLaplace(material_derivative)[step=325]: rebuild=false, panels=7288, CG iters=735, solved=true
		ForceMonitor[i_system=1, step=325]:
			CF = (-0.2173, 0.0008492, -0.002476)
			CM = (0.01211, 0.0004409, 0.003868)
		PressureLaplace(lamb_vector)[step=325]: rebuild=false, panels=7288, CG iters=775, solved=true
		ForceMonitor[i_system=1, step=325]:
			CF = (-0.02799, -7.848e-5, -0.0001065)
			CM = (0.001313, -9.718e-5, -0.001829)
		ForceMonitor[i_system=1, step=325]:
			CF = (-0.436, 0.02275, -0.1131)
			CM = (0.1154, 0.0009688, -0.01858)
	step 325/359 at time 0.09027777777777778
		PressureLaplace(material_derivative)[step=326]: rebuild=false, panels=7288, CG iters=735, solved=true
		ForceMonitor[i_system=1, step=326]:
			CF = (-0.2185, 0.0004412, -0.001775)
			CM = (0.01212, 0.0004054, 0.004154)
		PressureLaplace(lamb_vector)[step=326]: rebuild=false, panels=7288, CG iters=775, solved=true
		ForceMonitor[i_system=1, step=326]:
			CF = (-0.0279, -1.386e-5, -4.344e-5)
			CM = (0.001318, -8.555e-5, -0.001648)
		ForceMonitor[i_system=1, step=326]:
			CF = (-0.4364, 0.01358, -0.1018)
			CM = (0.1146, 0.0007292, -0.01624)
	step 326/359 at time 0.09055555555555556
		PressureLaplace(material_derivative)[step=327]: rebuild=false, panels=7288, CG iters=735, solved=true
		ForceMonitor[i_system=1, step=327]:
			CF = (-0.2205, -1.012e-5, -0.0009591)
			CM = (0.01208, 0.0003506, 0.00411)
		PressureLaplace(lamb_vector)[step=327]: rebuild=false, panels=7288, CG iters=775, solved=true
		ForceMonitor[i_system=1, step=327]:
			CF = (-0.02757, 0.0001009, -1.912e-5)
			CM = (0.001336, -7.023e-5, -0.00137)
		ForceMonitor[i_system=1, step=327]:
			CF = (-0.4343, 0.00413, -0.08501)
			CM = (0.1117, 0.0004599, -0.01315)
	step 327/359 at time 0.09083333333333334
		PressureLaplace(material_derivative)[step=328]: rebuild=false, panels=7288, CG iters=735, solved=true
		ForceMonitor[i_system=1, step=328]:
			CF = (-0.2223, -0.0004654, -0.000114)
			CM = (0.01202, 0.0002899, 0.00408)
		PressureLaplace(lamb_vector)[step=328]: rebuild=false, panels=7288, CG iters=774, solved=true
		ForceMonitor[i_system=1, step=328]:
			CF = (-0.02712, 0.0001833, 4.28e-5)
			CM = (0.001344, -5.367e-5, -0.00104)
		ForceMonitor[i_system=1, step=328]:
			CF = (-0.4305, -0.006069, -0.06531)
			CM = (0.1078, 0.0002088, -0.009406)
	step 328/359 at time 0.09111111111111111
		PressureLaplace(material_derivative)[step=329]: rebuild=false, panels=7288, CG iters=736, solved=true
		ForceMonitor[i_system=1, step=329]:
			CF = (-0.2243, -0.0008843, 0.0006453)
			CM = (0.01198, 0.0002278, 0.003972)
		PressureLaplace(lamb_vector)[step=329]: rebuild=false, panels=7288, CG iters=772, solved=true
		ForceMonitor[i_system=1, step=329]:
			CF = (-0.0267, 0.00026, 9.963e-5)
			CM = (0.00135, -3.616e-5, -0.0007194)
		ForceMonitor[i_system=1, step=329]:
			CF = (-0.4265, -0.01658, -0.04584)
			CM = (0.1042, -4.131e-5, -0.005768)
	step 329/359 at time 0.0913888888888889
		PressureLaplace(material_derivative)[step=330]: rebuild=false, panels=7288, CG iters=736, solved=true
		ForceMonitor[i_system=1, step=330]:
			CF = (-0.2263, -0.001312, 0.001435)
			CM = (0.01193, 0.0001596, 0.003816)
		PressureLaplace(lamb_vector)[step=330]: rebuild=false, panels=7288, CG iters=771, solved=true
		ForceMonitor[i_system=1, step=330]:
			CF = (-0.02625, 0.0003368, 0.0001571)
			CM = (0.001357, -1.621e-5, -0.0003803)
		ForceMonitor[i_system=1, step=330]:
			CF = (-0.4215, -0.02817, -0.02504)
			CM = (0.1005, -0.0003142, -0.001927)
	step 330/359 at time 0.09166666666666666
		PressureLaplace(material_derivative)[step=331]: rebuild=false, panels=7288, CG iters=737, solved=true
		ForceMonitor[i_system=1, step=331]:
			CF = (-0.2276, -0.001717, 0.002268)
			CM = (0.01186, 8.759e-5, 0.003685)
		PressureLaplace(lamb_vector)[step=331]: rebuild=false, panels=7288, CG iters=770, solved=true
		ForceMonitor[i_system=1, step=331]:
			CF = (-0.02581, 0.0004051, 0.0002227)
			CM = (0.001359, 4.126e-6, -3.296e-5)
		ForceMonitor[i_system=1, step=331]:
			CF = (-0.4159, -0.0398, -0.003709)
			CM = (0.09701, -0.000593, 0.002045)
	step 331/359 at time 0.09194444444444444
		PressureLaplace(material_derivative)[step=332]: rebuild=false, panels=7288, CG iters=737, solved=true
		ForceMonitor[i_system=1, step=332]:
			CF = (-0.2284, -0.002084, 0.003085)
			CM = (0.01178, 1.438e-5, 0.003552)
		PressureLaplace(lamb_vector)[step=332]: rebuild=false, panels=7288, CG iters=767, solved=true
		ForceMonitor[i_system=1, step=332]:
			CF = (-0.02544, 0.0004596, 0.0002905)
			CM = (0.001357, 2.408e-5, 0.0003093)
		ForceMonitor[i_system=1, step=332]:
			CF = (-0.4102, -0.051, 0.01721)
			CM = (0.09405, -0.0008642, 0.005964)
	step 332/359 at time 0.09222222222222222
		PressureLaplace(material_derivative)[step=333]: rebuild=false, panels=7288, CG iters=737, solved=true
		ForceMonitor[i_system=1, step=333]:
			CF = (-0.2285, -0.002386, 0.00383)
			CM = (0.01172, -5.865e-5, 0.003374)
		PressureLaplace(lamb_vector)[step=333]: rebuild=false, panels=7288, CG iters=769, solved=true
		ForceMonitor[i_system=1, step=333]:
			CF = (-0.02517, 0.0004977, 0.0003551)
			CM = (0.001353, 4.295e-5, 0.000634)
		ForceMonitor[i_system=1, step=333]:
			CF = (-0.4053, -0.06079, 0.03691)
			CM = (0.09199, -0.001116, 0.009637)
	step 333/359 at time 0.0925
		PressureLaplace(material_derivative)[step=334]: rebuild=false, panels=7288, CG iters=737, solved=true
		ForceMonitor[i_system=1, step=334]:
			CF = (-0.228, -0.002618, 0.004446)
			CM = (0.01167, -0.0001311, 0.00307)
		PressureLaplace(lamb_vector)[step=334]: rebuild=false, panels=7288, CG iters=769, solved=true
		ForceMonitor[i_system=1, step=334]:
			CF = (-0.02506, 0.0005208, 0.0004074)
			CM = (0.001347, 6.061e-5, 0.0009347)
		ForceMonitor[i_system=1, step=334]:
			CF = (-0.4018, -0.06897, 0.05502)
			CM = (0.09111, -0.00134, 0.01292)
	step 334/359 at time 0.09277777777777778
		PressureLaplace(material_derivative)[step=335]: rebuild=false, panels=7288, CG iters=737, solved=true
		ForceMonitor[i_system=1, step=335]:
			CF = (-0.2269, -0.00277, 0.004904)
			CM = (0.01165, -0.0002036, 0.002576)
		PressureLaplace(lamb_vector)[step=335]: rebuild=false, panels=7288, CG iters=769, solved=true
		ForceMonitor[i_system=1, step=335]:
			CF = (-0.02512, 0.0005294, 0.0004422)
			CM = (0.001339, 7.719e-5, 0.001213)
		ForceMonitor[i_system=1, step=335]:
			CF = (-0.4002, -0.07472, 0.0717)
			CM = (0.09159, -0.001531, 0.01578)
	step 335/359 at time 0.09305555555555556
		PressureLaplace(material_derivative)[step=336]: rebuild=false, panels=7288, CG iters=737, solved=true
		ForceMonitor[i_system=1, step=336]:
			CF = (-0.225, -0.002829, 0.005175)
			CM = (0.01165, -0.0002772, 0.001833)
		PressureLaplace(lamb_vector)[step=336]: rebuild=false, panels=7288, CG iters=769, solved=true
		ForceMonitor[i_system=1, step=336]:
			CF = (-0.02539, 0.0005228, 0.0004539)
			CM = (0.00133, 9.274e-5, 0.001472)
		ForceMonitor[i_system=1, step=336]:
			CF = (-0.401, -0.07737, 0.08726)
			CM = (0.09354, -0.001687, 0.01821)
	step 336/359 at time 0.09333333333333334
		PressureLaplace(material_derivative)[step=337]: rebuild=false, panels=7288, CG iters=736, solved=true
		ForceMonitor[i_system=1, step=337]:
			CF = (-0.2225, -0.002802, 0.005243)
			CM = (0.01168, -0.0003521, 0.0008159)
		PressureLaplace(lamb_vector)[step=337]: rebuild=false, panels=7288, CG iters=769, solved=true
		ForceMonitor[i_system=1, step=337]:
			CF = (-0.02584, 0.0005032, 0.0004394)
			CM = (0.001319, 0.0001076, 0.001715)
		ForceMonitor[i_system=1, step=337]:
			CF = (-0.4041, -0.07706, 0.1021)
			CM = (0.09692, -0.00181, 0.02025)
	step 337/359 at time 0.09361111111111112
		PressureLaplace(material_derivative)[step=338]: rebuild=false, panels=7288, CG iters=735, solved=true
		ForceMonitor[i_system=1, step=338]:
			CF = (-0.2195, -0.002665, 0.005088)
			CM = (0.01174, -0.0004275, -0.0004856)
		PressureLaplace(lamb_vector)[step=338]: rebuild=false, panels=7288, CG iters=770, solved=true
		ForceMonitor[i_system=1, step=338]:
			CF = (-0.02645, 0.0004685, 0.0003979)
			CM = (0.001308, 0.0001212, 0.001938)
		ForceMonitor[i_system=1, step=338]:
			CF = (-0.4097, -0.07285, 0.1162)
			CM = (0.1016, -0.001897, 0.02187)
	step 338/359 at time 0.09388888888888888
		PressureLaplace(material_derivative)[step=339]: rebuild=false, panels=7288, CG iters=735, solved=true
		ForceMonitor[i_system=1, step=339]:
			CF = (-0.2155, -0.00244, 0.004643)
			CM = (0.01179, -0.0005061, -0.00212)
		PressureLaplace(lamb_vector)[step=339]: rebuild=false, panels=7288, CG iters=769, solved=true
		ForceMonitor[i_system=1, step=339]:
			CF = (-0.02718, 0.0004451, 0.0002918)
			CM = (0.001284, 0.0001352, 0.002147)
		ForceMonitor[i_system=1, step=339]:
			CF = (-0.4175, -0.06568, 0.1316)
			CM = (0.1079, -0.001966, 0.02336)
	step 339/359 at time 0.09416666666666666
		PressureLaplace(material_derivative)[step=340]: rebuild=false, panels=7288, CG iters=735, solved=true
		ForceMonitor[i_system=1, step=340]:
			CF = (-0.213, -0.002229, 0.004444)
			CM = (0.01193, -0.0005754, -0.003452)
		PressureLaplace(lamb_vector)[step=340]: rebuild=false, panels=7288, CG iters=770, solved=true
		ForceMonitor[i_system=1, step=340]:
			CF = (-0.02802, 0.0003731, 0.0002585)
			CM = (0.001286, 0.0001453, 0.002352)
		ForceMonitor[i_system=1, step=340]:
			CF = (-0.4273, -0.05787, 0.1458)
			CM = (0.1145, -0.002018, 0.02476)
	step 340/359 at time 0.09444444444444444
		PressureLaplace(material_derivative)[step=341]: rebuild=false, panels=7288, CG iters=735, solved=true
		ForceMonitor[i_system=1, step=341]:
			CF = (-0.2108, -0.002003, 0.004081)
			CM = (0.01203, -0.0006218, -0.004715)
		PressureLaplace(lamb_vector)[step=341]: rebuild=false, panels=7288, CG iters=771, solved=true
		ForceMonitor[i_system=1, step=341]:
			CF = (-0.02867, 0.0003249, 0.0002078)
			CM = (0.001284, 0.0001504, 0.002461)
		ForceMonitor[i_system=1, step=341]:
			CF = (-0.4354, -0.05012, 0.1557)
			CM = (0.1201, -0.002002, 0.02514)
	step 341/359 at time 0.09472222222222222
		PressureLaplace(material_derivative)[step=342]: rebuild=false, panels=7288, CG iters=734, solved=true
		ForceMonitor[i_system=1, step=342]:
			CF = (-0.2099, -0.001704, 0.003645)
			CM = (0.01211, -0.000637, -0.005625)
		PressureLaplace(lamb_vector)[step=342]: rebuild=false, panels=7288, CG iters=771, solved=true
		ForceMonitor[i_system=1, step=342]:
			CF = (-0.02909, 0.0002513, 0.0001657)
			CM = (0.001288, 0.0001473, 0.002476)
		ForceMonitor[i_system=1, step=342]:
			CF = (-0.442, -0.0418, 0.1601)
			CM = (0.1242, -0.001873, 0.02478)
	step 342/359 at time 0.095
		PressureLaplace(material_derivative)[step=343]: rebuild=false, panels=7288, CG iters=733, solved=true
		ForceMonitor[i_system=1, step=343]:
			CF = (-0.2107, -0.001292, 0.003083)
			CM = (0.01217, -0.000617, -0.006027)
		PressureLaplace(lamb_vector)[step=343]: rebuild=false, panels=7288, CG iters=771, solved=true
		ForceMonitor[i_system=1, step=343]:
			CF = (-0.02921, 0.000141, 0.0001291)
			CM = (0.001298, 0.0001359, 0.00237)
		ForceMonitor[i_system=1, step=343]:
			CF = (-0.4462, -0.03231, 0.1565)
			CM = (0.126, -0.001627, 0.02349)
	step 343/359 at time 0.09527777777777778
		PressureLaplace(material_derivative)[step=344]: rebuild=false, panels=7288, CG iters=730, solved=true
		ForceMonitor[i_system=1, step=344]:
			CF = (-0.213, -0.0008072, 0.002339)
			CM = (0.01219, -0.0005604, -0.005844)
		PressureLaplace(lamb_vector)[step=344]: rebuild=false, panels=7288, CG iters=771, solved=true
		ForceMonitor[i_system=1, step=344]:
			CF = (-0.029, 1.044e-6, 9.963e-5)
			CM = (0.001314, 0.0001175, 0.002136)
		ForceMonitor[i_system=1, step=344]:
			CF = (-0.4475, -0.02258, 0.1436)
			CM = (0.1248, -0.001291, 0.02125)
	step 344/359 at time 0.09555555555555556
		PressureLaplace(material_derivative)[step=345]: rebuild=false, panels=7288, CG iters=730, solved=true
		ForceMonitor[i_system=1, step=345]:
			CF = (-0.2159, -0.000242, 0.001364)
			CM = (0.01213, -0.0004782, -0.005498)
		PressureLaplace(lamb_vector)[step=345]: rebuild=false, panels=7288, CG iters=770, solved=true
		ForceMonitor[i_system=1, step=345]:
			CF = (-0.02848, -0.0001265, 6.101e-5)
			CM = (0.00133, 9.495e-5, 0.001794)
		ForceMonitor[i_system=1, step=345]:
			CF = (-0.4447, -0.01182, 0.1209)
			CM = (0.1203, -0.0009037, 0.01769)
	step 345/359 at time 0.09583333333333334
		PressureLaplace(material_derivative)[step=346]: rebuild=false, panels=7288, CG iters=732, solved=true
		ForceMonitor[i_system=1, step=346]:
			CF = (-0.219, 0.0002778, 0.000469)
			CM = (0.01206, -0.0003922, -0.005152)
		PressureLaplace(lamb_vector)[step=346]: rebuild=false, panels=7288, CG iters=770, solved=true
		ForceMonitor[i_system=1, step=346]:
			CF = (-0.02781, -0.0002113, -5.081e-7)
			CM = (0.00134, 7.324e-5, 0.001396)
		ForceMonitor[i_system=1, step=346]:
			CF = (-0.4387, -0.00124, 0.09415)
			CM = (0.1144, -0.0005241, 0.01319)
	step 346/359 at time 0.0961111111111111
		PressureLaplace(material_derivative)[step=347]: rebuild=false, panels=7288, CG iters=732, solved=true
		ForceMonitor[i_system=1, step=347]:
			CF = (-0.2223, 0.0008249, -0.0003389)
			CM = (0.01201, -0.0003086, -0.004718)
		PressureLaplace(lamb_vector)[step=347]: rebuild=false, panels=7288, CG iters=769, solved=true
		ForceMonitor[i_system=1, step=347]:
			CF = (-0.02711, -0.0003043, -6.349e-5)
			CM = (0.001349, 4.96e-5, 0.0009785)
		ForceMonitor[i_system=1, step=347]:
			CF = (-0.432, 0.01185, 0.06655)
			CM = (0.1084, -0.0001523, 0.00849)
	step 347/359 at time 0.09638888888888889
		PressureLaplace(material_derivative)[step=348]: rebuild=false, panels=7288, CG iters=731, solved=true
		ForceMonitor[i_system=1, step=348]:
			CF = (-0.2255, 0.001377, -0.001183)
			CM = (0.01194, -0.0002209, -0.004306)
		PressureLaplace(lamb_vector)[step=348]: rebuild=false, panels=7288, CG iters=767, solved=true
		ForceMonitor[i_system=1, step=348]:
			CF = (-0.02639, -0.0003969, -0.0001276)
			CM = (0.001355, 2.381e-5, 0.0005442)
		ForceMonitor[i_system=1, step=348]:
			CF = (-0.4243, 0.02669, 0.03831)
			CM = (0.1025, 0.0002274, 0.003562)
	step 348/359 at time 0.09666666666666666
		PressureLaplace(material_derivative)[step=349]: rebuild=false, panels=7288, CG iters=731, solved=true
		ForceMonitor[i_system=1, step=349]:
			CF = (-0.2276, 0.001939, -0.00213)
			CM = (0.01184, -0.0001312, -0.003998)
		PressureLaplace(lamb_vector)[step=349]: rebuild=false, panels=7288, CG iters=767, solved=true
		ForceMonitor[i_system=1, step=349]:
			CF = (-0.02573, -0.0004848, -0.0002048)
			CM = (0.001357, -2.99e-6, 0.0001018)
		ForceMonitor[i_system=1, step=349]:
			CF = (-0.416, 0.04333, 0.009769)
			CM = (0.0972, 0.0006074, -0.001542)
	step 349/359 at time 0.09694444444444444
		PressureLaplace(material_derivative)[step=350]: rebuild=false, panels=7288, CG iters=731, solved=true
		ForceMonitor[i_system=1, step=350]:
			CF = (-0.2287, 0.002482, -0.003109)
			CM = (0.01174, -4.016e-5, -0.003765)
		PressureLaplace(lamb_vector)[step=350]: rebuild=false, panels=7288, CG iters=769, solved=true
		ForceMonitor[i_system=1, step=350]:
			CF = (-0.0252, -0.0005636, -0.0002888)
			CM = (0.001353, -2.993e-5, -0.0003358)
		ForceMonitor[i_system=1, step=350]:
			CF = (-0.4081, 0.06077, -0.01803)
			CM = (0.09298, 0.0009858, -0.006645)
	step 350/359 at time 0.09722222222222222
		PressureLaplace(material_derivative)[step=351]: rebuild=false, panels=7288, CG iters=733, solved=true
		ForceMonitor[i_system=1, step=351]:
			CF = (-0.2287, 0.002965, -0.004023)
			CM = (0.01165, 5.295e-5, -0.003492)
		PressureLaplace(lamb_vector)[step=351]: rebuild=false, panels=7288, CG iters=762, solved=true
		ForceMonitor[i_system=1, step=351]:
			CF = (-0.02488, -0.0006227, -0.0003716)
			CM = (0.001345, -5.618e-5, -0.0007528)
		ForceMonitor[i_system=1, step=351]:
			CF = (-0.4014, 0.07738, -0.04424)
			CM = (0.09037, 0.001352, -0.01145)
	step 351/359 at time 0.0975
		PressureLaplace(material_derivative)[step=352]: rebuild=false, panels=7288, CG iters=733, solved=true
		ForceMonitor[i_system=1, step=352]:
			CF = (-0.2274, 0.003378, -0.004797)
			CM = (0.01159, 0.0001509, -0.003051)
		PressureLaplace(lamb_vector)[step=352]: rebuild=false, panels=7288, CG iters=772, solved=true
		ForceMonitor[i_system=1, step=352]:
			CF = (-0.0248, -0.0006668, -0.0004416)
			CM = (0.001334, -8.219e-5, -0.001146)
		ForceMonitor[i_system=1, step=352]:
			CF = (-0.3968, 0.09236, -0.06889)
			CM = (0.08965, 0.001707, -0.01583)
	step 352/359 at time 0.09777777777777778
		PressureLaplace(material_derivative)[step=353]: rebuild=false, panels=7288, CG iters=733, solved=true
		ForceMonitor[i_system=1, step=353]:
			CF = (-0.2248, 0.003687, -0.005356)
			CM = (0.01154, 0.0002569, -0.00229)
		PressureLaplace(lamb_vector)[step=353]: rebuild=false, panels=7288, CG iters=774, solved=true
		ForceMonitor[i_system=1, step=353]:
			CF = (-0.02501, -0.0006902, -0.0004901)
			CM = (0.001322, -0.0001081, -0.001515)
		ForceMonitor[i_system=1, step=353]:
			CF = (-0.3947, 0.104, -0.09232)
			CM = (0.09094, 0.002051, -0.01964)
	step 353/359 at time 0.09805555555555556
		PressureLaplace(material_derivative)[step=354]: rebuild=false, panels=7288, CG iters=733, solved=true
		ForceMonitor[i_system=1, step=354]:
			CF = (-0.2206, 0.003879, -0.00563)
			CM = (0.01151, 0.0003744, -0.001045)
		PressureLaplace(lamb_vector)[step=354]: rebuild=false, panels=7288, CG iters=774, solved=true
		ForceMonitor[i_system=1, step=354]:
			CF = (-0.02548, -0.000692, -0.0005081)
			CM = (0.001307, -0.0001341, -0.00186)
		ForceMonitor[i_system=1, step=354]:
			CF = (-0.3952, 0.1115, -0.1151)
			CM = (0.09424, 0.002384, -0.02279)
	step 354/359 at time 0.09833333333333333
		PressureLaplace(material_derivative)[step=355]: rebuild=false, panels=7288, CG iters=734, solved=true
		ForceMonitor[i_system=1, step=355]:
			CF = (-0.216, 0.003938, -0.005742)
			CM = (0.01153, 0.0004986, 0.0003858)
		PressureLaplace(lamb_vector)[step=355]: rebuild=false, panels=7288, CG iters=775, solved=true
		ForceMonitor[i_system=1, step=355]:
			CF = (-0.02613, -0.0006466, -0.0005033)
			CM = (0.001296, -0.0001587, -0.00216)
		ForceMonitor[i_system=1, step=355]:
			CF = (-0.3983, 0.1143, -0.1377)
			CM = (0.09927, 0.002692, -0.02537)
	step 355/359 at time 0.09861111111111111
		PressureLaplace(material_derivative)[step=356]: rebuild=false, panels=7288, CG iters=734, solved=true
		ForceMonitor[i_system=1, step=356]:
			CF = (-0.213, 0.003848, -0.00572)
			CM = (0.01155, 0.0006107, 0.001495)
		PressureLaplace(lamb_vector)[step=356]: rebuild=false, panels=7288, CG iters=775, solved=true
		ForceMonitor[i_system=1, step=356]:
			CF = (-0.02686, -0.000658, -0.0004956)
			CM = (0.001292, -0.0001757, -0.00241)
		ForceMonitor[i_system=1, step=356]:
			CF = (-0.4035, 0.1126, -0.1554)
			CM = (0.104, 0.002956, -0.02714)
	step 356/359 at time 0.09888888888888889
		PressureLaplace(material_derivative)[step=357]: rebuild=false, panels=7288, CG iters=734, solved=true
		ForceMonitor[i_system=1, step=357]:
			CF = (-0.2067, 0.00367, -0.005386)
			CM = (0.01161, 0.0007412, 0.003808)
		PressureLaplace(lamb_vector)[step=357]: rebuild=false, panels=7288, CG iters=775, solved=true
		ForceMonitor[i_system=1, step=357]:
			CF = (-0.02786, -0.0006136, -0.0004057)
			CM = (0.001268, -0.0001977, -0.002695)
		ForceMonitor[i_system=1, step=357]:
			CF = (-0.4107, 0.1056, -0.1757)
			CM = (0.1115, 0.003187, -0.02849)
	step 357/359 at time 0.09916666666666667
		PressureLaplace(material_derivative)[step=358]: rebuild=false, panels=7288, CG iters=733, solved=true
		ForceMonitor[i_system=1, step=358]:
			CF = (-0.2007, 0.0034, -0.004945)
			CM = (0.01172, 0.0008662, 0.00611)
		PressureLaplace(lamb_vector)[step=358]: rebuild=false, panels=7288, CG iters=775, solved=true
		ForceMonitor[i_system=1, step=358]:
			CF = (-0.02902, -0.0005319, -0.0003216)
			CM = (0.001252, -0.000216, -0.003008)
		ForceMonitor[i_system=1, step=358]:
			CF = (-0.4214, 0.09451, -0.1992)
			CM = (0.1215, 0.003315, -0.03028)
	step 358/359 at time 0.09944444444444445
		PressureLaplace(material_derivative)[step=359]: rebuild=false, panels=7288, CG iters=734, solved=true
		ForceMonitor[i_system=1, step=359]:
			CF = (-0.1966, 0.003046, -0.004455)
			CM = (0.01184, 0.0009603, 0.008046)
		PressureLaplace(lamb_vector)[step=359]: rebuild=false, panels=7288, CG iters=775, solved=true
		ForceMonitor[i_system=1, step=359]:
			CF = (-0.03003, -0.0004438, -0.0002359)
			CM = (0.001244, -0.0002259, -0.003242)
		ForceMonitor[i_system=1, step=359]:
			CF = (-0.4329, 0.08207, -0.2196)
			CM = (0.1309, 0.003346, -0.0317)
	step 359/359 at time 0.09972222222222223
		PressureLaplace(material_derivative)[step=360]: rebuild=false, panels=7288, CG iters=733, solved=true
		ForceMonitor[i_system=1, step=360]:
			CF = (-0.1952, 0.002603, -0.00396)
			CM = (0.01197, 0.001009, 0.009292)
		PressureLaplace(lamb_vector)[step=360]: rebuild=false, panels=7288, CG iters=776, solved=true
		ForceMonitor[i_system=1, step=360]:
			CF = (-0.03069, -0.0003342, -0.0001741)
			CM = (0.001248, -0.0002255, -0.003339)
		ForceMonitor[i_system=1, step=360]:
			CF = (-0.4432, 0.06944, -0.2319)
			CM = (0.1377, 0.003256, -0.03226)

4342.072663 seconds (1.02 G allocations: 68.674 GiB, 0.14% gc time, 0.58% compilation time: 2% of which was recompilation)

step | CT Bernoulli | CT Laplace(∇u) | CT Laplace(λ) | CT KJ | rel(B-∇u) | rel(B-λ) | rel(B-KJ)
  1  |  -0.281707  |  -0.128098  |  -0.0214304  |  NaN  |  1.199  |  12.15  |  NaN
  2  |  -0.402159  |  -0.152694  |  -0.0308982  |  NaN  |  1.634  |  12.02  |  NaN
  3  |  -0.469346  |  -0.149146  |  -0.0391229  |  NaN  |  2.147  |  11.0  |  NaN
  4  |  -0.5108  |  -0.148444  |  -0.0436856  |  NaN  |  2.441  |  10.69  |  NaN
  5  |  -0.529653  |  -0.147161  |  -0.0461974  |  NaN  |  2.599  |  10.46  |  NaN
  6  |  -0.53682  |  -0.146509  |  -0.0475405  |  NaN  |  2.664  |  10.29  |  NaN
  7  |  -0.538021  |  -0.146511  |  -0.0482162  |  NaN  |  2.672  |  10.16  |  NaN
  8  |  -0.535963  |  -0.147035  |  -0.0485149  |  NaN  |  2.645  |  10.05  |  NaN
  9  |  -0.532123  |  -0.147798  |  -0.0486086  |  NaN  |  2.6  |  9.947  |  NaN
  10  |  -0.52716  |  -0.148671  |  -0.0485921  |  NaN  |  2.546  |  9.849  |  NaN
  11  |  -0.521123  |  -0.149667  |  -0.0485218  |  NaN  |  2.482  |  9.74  |  NaN
  12  |  -0.514329  |  -0.150827  |  -0.0484237  |  NaN  |  2.41  |  9.621  |  NaN
  13  |  -0.506818  |  -0.152487  |  -0.0483089  |  NaN  |  2.324  |  9.491  |  NaN
  14  |  -0.49946  |  -0.155018  |  -0.0481659  |  NaN  |  2.222  |  9.37  |  NaN
  15  |  -0.492124  |  -0.159026  |  -0.0479647  |  NaN  |  2.095  |  9.26  |  NaN
  16  |  -0.486151  |  -0.164828  |  -0.0477115  |  NaN  |  1.949  |  9.189  |  NaN
  17  |  -0.481206  |  -0.172433  |  -0.0473316  |  NaN  |  1.791  |  9.167  |  NaN
  18  |  -0.476098  |  -0.181439  |  -0.0467878  |  NaN  |  1.624  |  9.176  |  NaN
  19  |  -0.469472  |  -0.189585  |  -0.046074  |  NaN  |  1.476  |  9.19  |  NaN
  20  |  -0.460225  |  -0.196678  |  -0.0452039  |  NaN  |  1.34  |  9.181  |  NaN
  21  |  -0.448498  |  -0.201631  |  -0.0442154  |  NaN  |  1.224  |  9.143  |  NaN
  22  |  -0.436458  |  -0.205023  |  -0.0432402  |  NaN  |  1.129  |  9.094  |  NaN
  23  |  -0.424594  |  -0.207209  |  -0.0423446  |  NaN  |  1.049  |  9.027  |  NaN
  24  |  -0.414108  |  -0.209466  |  -0.0416586  |  NaN  |  0.977  |  8.941  |  NaN
  25  |  -0.403773  |  -0.211829  |  -0.0411445  |  NaN  |  0.9061  |  8.814  |  NaN
  26  |  -0.395721  |  -0.211829  |  -0.0408309  |  NaN  |  0.8681  |  8.692  |  NaN
  27  |  -0.388343  |  -0.21351  |  -0.0406384  |  NaN  |  0.8189  |  8.556  |  NaN
  28  |  -0.374851  |  -0.21539  |  -0.040581  |  NaN  |  0.7403  |  8.237  |  NaN
  29  |  -0.362381  |  -0.217043  |  -0.0407446  |  NaN  |  0.6696  |  7.894  |  NaN
  30  |  -0.352714  |  -0.218548  |  -0.040943  |  NaN  |  0.6139  |  7.615  |  NaN
  31  |  -0.342357  |  -0.220748  |  -0.0411045  |  NaN  |  0.5509  |  7.329  |  NaN
  32  |  -0.33252  |  -0.224368  |  -0.0412343  |  NaN  |  0.482  |  7.064  |  NaN
  33  |  -0.32505  |  -0.230547  |  -0.0413439  |  NaN  |  0.4099  |  6.862  |  NaN
  34  |  -0.319915  |  -0.234673  |  -0.0412393  |  NaN  |  0.3632  |  6.758  |  NaN
  35  |  -0.314708  |  -0.241138  |  -0.0409595  |  NaN  |  0.3051  |  6.683  |  NaN
  36  |  -0.318171  |  -0.246473  |  -0.0405185  |  NaN  |  0.2909  |  6.853  |  NaN
  37  |  -0.326022  |  -0.250731  |  -0.0400568  |  NaN  |  0.3003  |  7.139  |  NaN
  38  |  -0.328442  |  -0.25423  |  -0.0397448  |  NaN  |  0.2919  |  7.264  |  NaN
  39  |  -0.323815  |  -0.262394  |  -0.0392979  |  NaN  |  0.2341  |  7.24  |  NaN
  40  |  -0.333521  |  -0.261324  |  -0.038731  |  NaN  |  0.2763  |  7.611  |  NaN
  41  |  -0.314266  |  -0.261835  |  -0.0383216  |  NaN  |  0.2002  |  7.201  |  NaN
  42  |  -0.294051  |  -0.25951  |  -0.0381855  |  NaN  |  0.1331  |  6.701  |  NaN
  43  |  -0.281885  |  -0.253009  |  -0.0382345  |  NaN  |  0.1141  |  6.373  |  NaN
  44  |  -0.292168  |  -0.236887  |  -0.0382058  |  NaN  |  0.2334  |  6.647  |  NaN
  45  |  -0.285273  |  -0.228665  |  -0.0393148  |  NaN  |  0.2476  |  6.256  |  NaN
  46  |  -0.280894  |  -0.225929  |  -0.0403053  |  NaN  |  0.2433  |  5.969  |  NaN
  47  |  -0.308468  |  -0.226541  |  -0.0409455  |  NaN  |  0.3616  |  6.534  |  NaN
  48  |  -0.338029  |  -0.229061  |  -0.0409677  |  NaN  |  0.4757  |  7.251  |  NaN
  49  |  -0.359606  |  -0.235592  |  -0.0407829  |  NaN  |  0.5264  |  7.818  |  NaN
  50  |  -0.374169  |  -0.247084  |  -0.040472  |  NaN  |  0.5143  |  8.245  |  NaN
  51  |  -0.391629  |  -0.257361  |  -0.0397834  |  NaN  |  0.5217  |  8.844  |  NaN
  52  |  -0.40301  |  -0.263647  |  -0.0388128  |  NaN  |  0.5286  |  9.383  |  NaN
  53  |  -0.408825  |  -0.266587  |  -0.0377109  |  NaN  |  0.5336  |  9.841  |  NaN
  54  |  -0.410497  |  -0.266767  |  -0.0364909  |  NaN  |  0.5388  |  10.25  |  NaN
  55  |  -0.407844  |  -0.261608  |  -0.0352295  |  NaN  |  0.559  |  10.58  |  NaN
  56  |  -0.403931  |  -0.253289  |  -0.0342071  |  NaN  |  0.5947  |  10.81  |  NaN
  57  |  -0.402191  |  -0.247079  |  -0.0336465  |  NaN  |  0.6278  |  10.95  |  NaN
  58  |  -0.404757  |  -0.244651  |  -0.0333843  |  NaN  |  0.6544  |  11.12  |  NaN
  59  |  -0.411742  |  -0.24462  |  -0.0331624  |  NaN  |  0.6832  |  11.42  |  NaN
  60  |  -0.41872  |  -0.244489  |  -0.0330292  |  NaN  |  0.7126  |  11.68  |  NaN
  61  |  -0.425431  |  -0.244046  |  -0.0329722  |  NaN  |  0.7432  |  11.9  |  NaN
  62  |  -0.430636  |  -0.243714  |  -0.0328606  |  NaN  |  0.767  |  12.1  |  NaN
  63  |  -0.434403  |  -0.244322  |  -0.0327816  |  NaN  |  0.778  |  12.25  |  NaN
  64  |  -0.436063  |  -0.244689  |  -0.0327188  |  NaN  |  0.7821  |  12.33  |  NaN
  65  |  -0.437515  |  -0.245658  |  -0.032682  |  NaN  |  0.781  |  12.39  |  NaN
  66  |  -0.438642  |  -0.248052  |  -0.0326934  |  NaN  |  0.7683  |  12.42  |  NaN
  67  |  -0.43923  |  -0.25086  |  -0.032672  |  NaN  |  0.7509  |  12.44  |  NaN
  68  |  -0.440591  |  -0.254342  |  -0.0325562  |  NaN  |  0.7323  |  12.53  |  NaN
  69  |  -0.441427  |  -0.25509  |  -0.0322896  |  NaN  |  0.7305  |  12.67  |  NaN
  70  |  -0.441121  |  -0.251385  |  -0.0318532  |  NaN  |  0.7548  |  12.85  |  NaN
  71  |  -0.439657  |  -0.249992  |  -0.0315424  |  NaN  |  0.7587  |  12.94  |  NaN
  72  |  -0.441891  |  -0.250481  |  -0.0313634  |  NaN  |  0.7642  |  13.09  |  NaN
  73  |  -0.446656  |  -0.252068  |  -0.0312952  |  NaN  |  0.772  |  13.27  |  NaN
  74  |  -0.45162  |  -0.252486  |  -0.0312472  |  NaN  |  0.7887  |  13.45  |  NaN
  75  |  -0.454514  |  -0.251523  |  -0.0311625  |  NaN  |  0.807  |  13.59  |  NaN
  76  |  -0.456399  |  -0.250603  |  -0.031135  |  NaN  |  0.8212  |  13.66  |  NaN
  77  |  -0.45723  |  -0.24919  |  -0.0312158  |  NaN  |  0.8349  |  13.65  |  NaN
  78  |  -0.457583  |  -0.249451  |  -0.0313819  |  NaN  |  0.8344  |  13.58  |  NaN
  79  |  -0.455879  |  -0.251209  |  -0.0314758  |  NaN  |  0.8147  |  13.48  |  NaN
  80  |  -0.454523  |  -0.254983  |  -0.0314671  |  NaN  |  0.7826  |  13.44  |  NaN
  81  |  -0.455378  |  -0.260453  |  -0.0314642  |  NaN  |  0.7484  |  13.47  |  NaN
  82  |  -0.457489  |  -0.258659  |  -0.0315615  |  NaN  |  0.7687  |  13.5  |  NaN
  83  |  -0.454909  |  -0.25734  |  -0.0316872  |  NaN  |  0.7677  |  13.36  |  NaN
  84  |  -0.4511  |  -0.257623  |  -0.0316626  |  NaN  |  0.751  |  13.25  |  NaN
  85  |  -0.450332  |  -0.2628  |  -0.0319373  |  NaN  |  0.7136  |  13.1  |  NaN
  86  |  -0.450885  |  -0.265203  |  -0.032056  |  NaN  |  0.7002  |  13.07  |  NaN
  87  |  -0.455876  |  -0.265371  |  -0.0321064  |  NaN  |  0.7179  |  13.2  |  NaN
  88  |  -0.465886  |  -0.266983  |  -0.0321547  |  NaN  |  0.745  |  13.49  |  NaN
  89  |  -0.474837  |  -0.26887  |  -0.0320862  |  NaN  |  0.766  |  13.8  |  NaN
  90  |  -0.482105  |  -0.269986  |  -0.0318431  |  NaN  |  0.7857  |  14.14  |  NaN
  91  |  -0.486857  |  -0.272143  |  -0.0315644  |  NaN  |  0.789  |  14.42  |  NaN
  92  |  -0.489773  |  -0.274593  |  -0.0312586  |  NaN  |  0.7836  |  14.67  |  NaN
  93  |  -0.491308  |  -0.276384  |  -0.0310428  |  NaN  |  0.7776  |  14.83  |  NaN
  94  |  -0.494491  |  -0.27765  |  -0.031039  |  NaN  |  0.781  |  14.93  |  NaN
  95  |  -0.496365  |  -0.278662  |  -0.031131  |  NaN  |  0.7812  |  14.94  |  NaN
  96  |  -0.495699  |  -0.279575  |  -0.0310527  |  NaN  |  0.773  |  14.96  |  NaN
  97  |  -0.488626  |  -0.28098  |  -0.0306716  |  NaN  |  0.739  |  14.93  |  NaN
  98  |  -0.479199  |  -0.280943  |  -0.0307013  |  NaN  |  0.7057  |  14.61  |  NaN
  99  |  -0.476062  |  -0.283819  |  -0.030731  |  NaN  |  0.6773  |  14.49  |  NaN
  100  |  -0.486379  |  -0.297411  |  -0.0313772  |  NaN  |  0.6354  |  14.5  |  NaN
  101  |  -0.500706  |  -0.308188  |  -0.032051  |  NaN  |  0.6247  |  14.62  |  NaN
  102  |  -0.513354  |  -0.30437  |  -0.032146  |  NaN  |  0.6866  |  14.97  |  NaN
  103  |  -0.506444  |  -0.289194  |  -0.0315914  |  NaN  |  0.7512  |  15.03  |  NaN
  104  |  -0.489043  |  -0.27385  |  -0.0307365  |  NaN  |  0.7858  |  14.91  |  NaN
  105  |  -0.473925  |  -0.260036  |  -0.0299087  |  NaN  |  0.8225  |  14.85  |  NaN
  106  |  -0.463059  |  -0.252843  |  -0.0294198  |  NaN  |  0.8314  |  14.74  |  NaN
  107  |  -0.461361  |  -0.249614  |  -0.0294001  |  NaN  |  0.8483  |  14.69  |  NaN
  108  |  -0.467134  |  -0.24575  |  -0.0297205  |  NaN  |  0.9009  |  14.72  |  NaN
  109  |  -0.478824  |  -0.242795  |  -0.0303116  |  NaN  |  0.9721  |  14.8  |  NaN
  110  |  -0.496327  |  -0.24257  |  -0.0308973  |  NaN  |  1.046  |  15.06  |  NaN
  111  |  -0.51982  |  -0.250082  |  -0.0315438  |  NaN  |  1.079  |  15.48  |  NaN
  112  |  -0.548777  |  -0.267815  |  -0.0330325  |  NaN  |  1.049  |  15.61  |  NaN
  113  |  -0.570894  |  -0.275169  |  -0.0337316  |  NaN  |  1.075  |  15.92  |  NaN
  114  |  -0.568372  |  -0.273878  |  -0.0328849  |  NaN  |  1.075  |  16.28  |  NaN
  115  |  -0.538719  |  -0.26549  |  -0.0311183  |  NaN  |  1.029  |  16.31  |  NaN
  116  |  -0.493885  |  -0.256938  |  -0.0290019  |  NaN  |  0.9222  |  16.03  |  NaN
  117  |  -0.448982  |  -0.251942  |  -0.027101  |  NaN  |  0.7821  |  15.57  |  NaN
  118  |  -0.407674  |  -0.246127  |  -0.0256523  |  NaN  |  0.6564  |  14.89  |  NaN
  119  |  -0.376078  |  -0.239358  |  -0.0247633  |  NaN  |  0.5712  |  14.19  |  NaN
  120  |  -0.358827  |  -0.233225  |  -0.0244627  |  NaN  |  0.5385  |  13.67  |  NaN
  121  |  -0.356104  |  -0.227674  |  -0.0247004  |  NaN  |  0.5641  |  13.42  |  NaN
  122  |  -0.366151  |  -0.223307  |  -0.0253897  |  NaN  |  0.6397  |  13.42  |  NaN
  123  |  -0.385815  |  -0.219203  |  -0.0263785  |  NaN  |  0.7601  |  13.63  |  NaN
  124  |  -0.411592  |  -0.220541  |  -0.0275483  |  NaN  |  0.8663  |  13.94  |  NaN
  125  |  -0.431935  |  -0.223351  |  -0.0281529  |  NaN  |  0.9339  |  14.34  |  NaN
  126  |  -0.441128  |  -0.225297  |  -0.0281777  |  NaN  |  0.958  |  14.66  |  NaN
  127  |  -0.443493  |  -0.227376  |  -0.0278446  |  NaN  |  0.9505  |  14.93  |  NaN
  128  |  -0.439866  |  -0.228394  |  -0.0272547  |  NaN  |  0.9259  |  15.14  |  NaN
  129  |  -0.432317  |  -0.228636  |  -0.0265446  |  NaN  |  0.8909  |  15.29  |  NaN
  130  |  -0.422887  |  -0.228444  |  -0.0258502  |  NaN  |  0.8512  |  15.36  |  NaN
  131  |  -0.413398  |  -0.227831  |  -0.0252856  |  NaN  |  0.8145  |  15.35  |  NaN
  132  |  -0.405136  |  -0.227195  |  -0.0248762  |  NaN  |  0.7832  |  15.29  |  NaN
  133  |  -0.398445  |  -0.226431  |  -0.0246141  |  NaN  |  0.7597  |  15.19  |  NaN
  134  |  -0.394002  |  -0.225809  |  -0.0244863  |  NaN  |  0.7449  |  15.09  |  NaN
  135  |  -0.391363  |  -0.22521  |  -0.0244556  |  NaN  |  0.7378  |  15.0  |  NaN
  136  |  -0.390071  |  -0.224617  |  -0.0244837  |  NaN  |  0.7366  |  14.93  |  NaN
  137  |  -0.38991  |  -0.224065  |  -0.0245454  |  NaN  |  0.7402  |  14.89  |  NaN
  138  |  -0.390665  |  -0.223669  |  -0.0246198  |  NaN  |  0.7466  |  14.87  |  NaN
  139  |  -0.392164  |  -0.223443  |  -0.0247078  |  NaN  |  0.7551  |  14.87  |  NaN
  140  |  -0.39404  |  -0.223374  |  -0.0247927  |  NaN  |  0.764  |  14.89  |  NaN
  141  |  -0.395837  |  -0.223391  |  -0.0248432  |  NaN  |  0.7719  |  14.93  |  NaN
  142  |  -0.397254  |  -0.223413  |  -0.0248612  |  NaN  |  0.7781  |  14.98  |  NaN
  143  |  -0.398132  |  -0.223391  |  -0.0248414  |  NaN  |  0.7822  |  15.03  |  NaN
  144  |  -0.398419  |  -0.223308  |  -0.0247887  |  NaN  |  0.7842  |  15.07  |  NaN
  145  |  -0.398136  |  -0.223163  |  -0.0247051  |  NaN  |  0.7841  |  15.12  |  NaN
  146  |  -0.397398  |  -0.222957  |  -0.0246013  |  NaN  |  0.7824  |  15.15  |  NaN
  147  |  -0.396405  |  -0.222715  |  -0.0244988  |  NaN  |  0.7799  |  15.18  |  NaN
  148  |  -0.395392  |  -0.222453  |  -0.0244142  |  NaN  |  0.7774  |  15.2  |  NaN
  149  |  -0.394563  |  -0.222146  |  -0.0243607  |  NaN  |  0.7761  |  15.2  |  NaN
  150  |  -0.394024  |  -0.221879  |  -0.0243467  |  NaN  |  0.7759  |  15.18  |  NaN
  151  |  -0.393924  |  -0.221633  |  -0.0243763  |  NaN  |  0.7774  |  15.16  |  NaN
  152  |  -0.394308  |  -0.22141  |  -0.0244473  |  NaN  |  0.7809  |  15.13  |  NaN
  153  |  -0.395218  |  -0.221188  |  -0.0245597  |  NaN  |  0.7868  |  15.09  |  NaN
  154  |  -0.396675  |  -0.220956  |  -0.0247097  |  NaN  |  0.7953  |  15.05  |  NaN
  155  |  -0.398675  |  -0.220675  |  -0.0248923  |  NaN  |  0.8066  |  15.02  |  NaN
  156  |  -0.401117  |  -0.220361  |  -0.0251008  |  NaN  |  0.8203  |  14.98  |  NaN
  157  |  -0.403887  |  -0.22  |  -0.0253213  |  NaN  |  0.8358  |  14.95  |  NaN
  158  |  -0.40684  |  -0.219597  |  -0.02554  |  NaN  |  0.8527  |  14.93  |  NaN
  159  |  -0.409727  |  -0.21919  |  -0.0257386  |  NaN  |  0.8693  |  14.92  |  NaN
  160  |  -0.412375  |  -0.218818  |  -0.0259008  |  NaN  |  0.8846  |  14.92  |  NaN
  161  |  -0.414596  |  -0.218534  |  -0.0260155  |  NaN  |  0.8972  |  14.94  |  NaN
  162  |  -0.416294  |  -0.218354  |  -0.0260809  |  NaN  |  0.9065  |  14.96  |  NaN
  163  |  -0.417482  |  -0.218278  |  -0.0261047  |  NaN  |  0.9126  |  14.99  |  NaN
  164  |  -0.418248  |  -0.218294  |  -0.0260974  |  NaN  |  0.916  |  15.03  |  NaN
  165  |  -0.418719  |  -0.218374  |  -0.0260767  |  NaN  |  0.9174  |  15.06  |  NaN
  166  |  -0.419061  |  -0.218494  |  -0.0260637  |  NaN  |  0.918  |  15.08  |  NaN
  167  |  -0.419455  |  -0.218613  |  -0.0260718  |  NaN  |  0.9187  |  15.09  |  NaN
  168  |  -0.420078  |  -0.218702  |  -0.0261145  |  NaN  |  0.9208  |  15.09  |  NaN
  169  |  -0.420997  |  -0.218739  |  -0.0261967  |  NaN  |  0.9247  |  15.07  |  NaN
  170  |  -0.422256  |  -0.218702  |  -0.0263189  |  NaN  |  0.9307  |  15.04  |  NaN
  171  |  -0.42372  |  -0.218557  |  -0.0264735  |  NaN  |  0.9387  |  15.01  |  NaN
  172  |  -0.425345  |  -0.21826  |  -0.0266492  |  NaN  |  0.9488  |  14.96  |  NaN
  173  |  -0.426985  |  -0.217839  |  -0.0268332  |  NaN  |  0.9601  |  14.91  |  NaN
  174  |  -0.428752  |  -0.217146  |  -0.0270307  |  NaN  |  0.9745  |  14.86  |  NaN
  175  |  -0.430631  |  -0.216424  |  -0.0272283  |  NaN  |  0.9898  |  14.82  |  NaN
  176  |  -0.432479  |  -0.215734  |  -0.0274068  |  NaN  |  1.005  |  14.78  |  NaN
  177  |  -0.434425  |  -0.215112  |  -0.0275747  |  NaN  |  1.02  |  14.75  |  NaN
  178  |  -0.436539  |  -0.214631  |  -0.0277321  |  NaN  |  1.034  |  14.74  |  NaN
  179  |  -0.438733  |  -0.21436  |  -0.0278713  |  NaN  |  1.047  |  14.74  |  NaN
  180  |  -0.440844  |  -0.214287  |  -0.0279829  |  NaN  |  1.057  |  14.75  |  NaN
  181  |  -0.442692  |  -0.214367  |  -0.0280623  |  NaN  |  1.065  |  14.78  |  NaN
  182  |  -0.444171  |  -0.214547  |  -0.0281089  |  NaN  |  1.07  |  14.8  |  NaN
  183  |  -0.445166  |  -0.214786  |  -0.0281206  |  NaN  |  1.073  |  14.83  |  NaN
  184  |  -0.445688  |  -0.215044  |  -0.0281088  |  NaN  |  1.073  |  14.86  |  NaN
  185  |  -0.445804  |  -0.215296  |  -0.0280817  |  NaN  |  1.071  |  14.88  |  NaN
  186  |  -0.445634  |  -0.215494  |  -0.0280525  |  NaN  |  1.068  |  14.89  |  NaN
  187  |  -0.445325  |  -0.215608  |  -0.028037  |  NaN  |  1.065  |  14.88  |  NaN
  188  |  -0.445018  |  -0.215606  |  -0.0280413  |  NaN  |  1.064  |  14.87  |  NaN
  189  |  -0.444805  |  -0.215456  |  -0.028072  |  NaN  |  1.064  |  14.85  |  NaN
  190  |  -0.444802  |  -0.215125  |  -0.028133  |  NaN  |  1.068  |  14.81  |  NaN
  191  |  -0.445056  |  -0.214664  |  -0.0282208  |  NaN  |  1.073  |  14.77  |  NaN
  192  |  -0.445604  |  -0.214113  |  -0.0283298  |  NaN  |  1.081  |  14.73  |  NaN
  193  |  -0.446435  |  -0.21354  |  -0.0284509  |  NaN  |  1.091  |  14.69  |  NaN
  194  |  -0.44754  |  -0.213051  |  -0.0285759  |  NaN  |  1.101  |  14.66  |  NaN
  195  |  -0.448861  |  -0.21271  |  -0.0286943  |  NaN  |  1.11  |  14.64  |  NaN
  196  |  -0.450308  |  -0.212565  |  -0.0287987  |  NaN  |  1.118  |  14.64  |  NaN
  197  |  -0.451752  |  -0.212601  |  -0.0288794  |  NaN  |  1.125  |  14.64  |  NaN
  198  |  -0.453062  |  -0.212801  |  -0.0289316  |  NaN  |  1.129  |  14.66  |  NaN
  199  |  -0.45407  |  -0.213116  |  -0.0289488  |  NaN  |  1.131  |  14.69  |  NaN
  200  |  -0.454662  |  -0.21349  |  -0.0289278  |  NaN  |  1.13  |  14.72  |  NaN
  201  |  -0.454771  |  -0.213886  |  -0.0288732  |  NaN  |  1.126  |  14.75  |  NaN
  202  |  -0.454376  |  -0.214281  |  -0.0287901  |  NaN  |  1.12  |  14.78  |  NaN
  203  |  -0.453549  |  -0.214612  |  -0.0286892  |  NaN  |  1.113  |  14.81  |  NaN
  204  |  -0.452383  |  -0.214845  |  -0.0285815  |  NaN  |  1.106  |  14.83  |  NaN
  205  |  -0.451039  |  -0.214951  |  -0.0284821  |  NaN  |  1.098  |  14.84  |  NaN
  206  |  -0.449662  |  -0.214879  |  -0.0284032  |  NaN  |  1.093  |  14.83  |  NaN
  207  |  -0.448418  |  -0.214658  |  -0.0283544  |  NaN  |  1.089  |  14.81  |  NaN
  208  |  -0.447414  |  -0.214289  |  -0.0283369  |  NaN  |  1.088  |  14.79  |  NaN
  209  |  -0.446802  |  -0.213813  |  -0.0283561  |  NaN  |  1.09  |  14.76  |  NaN
  210  |  -0.446642  |  -0.213324  |  -0.0284059  |  NaN  |  1.094  |  14.72  |  NaN
  211  |  -0.446952  |  -0.212888  |  -0.0284798  |  NaN  |  1.099  |  14.69  |  NaN
  212  |  -0.447712  |  -0.21258  |  -0.0285703  |  NaN  |  1.106  |  14.67  |  NaN
  213  |  -0.448765  |  -0.212464  |  -0.0286593  |  NaN  |  1.112  |  14.66  |  NaN
  214  |  -0.449958  |  -0.212543  |  -0.028734  |  NaN  |  1.117  |  14.66  |  NaN
  215  |  -0.451104  |  -0.212809  |  -0.0287835  |  NaN  |  1.12  |  14.67  |  NaN
  216  |  -0.452018  |  -0.213226  |  -0.0287963  |  NaN  |  1.12  |  14.7  |  NaN
  217  |  -0.452565  |  -0.213755  |  -0.0287694  |  NaN  |  1.117  |  14.73  |  NaN
  218  |  -0.45261  |  -0.214378  |  -0.0286998  |  NaN  |  1.111  |  14.77  |  NaN
  219  |  -0.452091  |  -0.215025  |  -0.0285884  |  NaN  |  1.103  |  14.81  |  NaN
  220  |  -0.451056  |  -0.215645  |  -0.0284476  |  NaN  |  1.092  |  14.86  |  NaN
  221  |  -0.449562  |  -0.216164  |  -0.0282906  |  NaN  |  1.08  |  14.89  |  NaN
  222  |  -0.447747  |  -0.21654  |  -0.0281328  |  NaN  |  1.068  |  14.92  |  NaN
  223  |  -0.445757  |  -0.21671  |  -0.0279869  |  NaN  |  1.057  |  14.93  |  NaN
  224  |  -0.44375  |  -0.216672  |  -0.0278646  |  NaN  |  1.048  |  14.93  |  NaN
  225  |  -0.441932  |  -0.216391  |  -0.0277799  |  NaN  |  1.042  |  14.91  |  NaN
  226  |  -0.440457  |  -0.215957  |  -0.0277348  |  NaN  |  1.04  |  14.88  |  NaN
  227  |  -0.439462  |  -0.21541  |  -0.0277332  |  NaN  |  1.04  |  14.85  |  NaN
  228  |  -0.439044  |  -0.214849  |  -0.0277699  |  NaN  |  1.044  |  14.81  |  NaN
  229  |  -0.439193  |  -0.214351  |  -0.0278382  |  NaN  |  1.049  |  14.78  |  NaN
  230  |  -0.439847  |  -0.21399  |  -0.0279253  |  NaN  |  1.055  |  14.75  |  NaN
  231  |  -0.440859  |  -0.213824  |  -0.0280148  |  NaN  |  1.062  |  14.74  |  NaN
  232  |  -0.442036  |  -0.213869  |  -0.0280907  |  NaN  |  1.067  |  14.74  |  NaN
  233  |  -0.443162  |  -0.214135  |  -0.0281382  |  NaN  |  1.07  |  14.75  |  NaN
  234  |  -0.444011  |  -0.214594  |  -0.0281457  |  NaN  |  1.069  |  14.78  |  NaN
  235  |  -0.444406  |  -0.215211  |  -0.0281043  |  NaN  |  1.065  |  14.81  |  NaN
  236  |  -0.444251  |  -0.215928  |  -0.0280174  |  NaN  |  1.057  |  14.86  |  NaN
  237  |  -0.443523  |  -0.216679  |  -0.0278897  |  NaN  |  1.047  |  14.9  |  NaN
  238  |  -0.442263  |  -0.217385  |  -0.0277332  |  NaN  |  1.034  |  14.95  |  NaN
  239  |  -0.440586  |  -0.21799  |  -0.0275634  |  NaN  |  1.021  |  14.98  |  NaN
  240  |  -0.438593  |  -0.218446  |  -0.0273936  |  NaN  |  1.008  |  15.01  |  NaN
  241  |  -0.436438  |  -0.218671  |  -0.0272385  |  NaN  |  0.9959  |  15.02  |  NaN
  242  |  -0.434314  |  -0.218664  |  -0.0271111  |  NaN  |  0.9862  |  15.02  |  NaN
  243  |  -0.432415  |  -0.218431  |  -0.0270231  |  NaN  |  0.9796  |  15.0  |  NaN
  244  |  -0.430887  |  -0.217998  |  -0.0269788  |  NaN  |  0.9766  |  14.97  |  NaN
  245  |  -0.429885  |  -0.217435  |  -0.0269828  |  NaN  |  0.9771  |  14.93  |  NaN
  246  |  -0.42948  |  -0.216821  |  -0.0270297  |  NaN  |  0.9808  |  14.89  |  NaN
  247  |  -0.429673  |  -0.216254  |  -0.0271123  |  NaN  |  0.9869  |  14.85  |  NaN
  248  |  -0.430389  |  -0.215797  |  -0.0272137  |  NaN  |  0.9944  |  14.82  |  NaN
  249  |  -0.431503  |  -0.2155  |  -0.027323  |  NaN  |  1.002  |  14.79  |  NaN
  250  |  -0.432831  |  -0.215419  |  -0.0274237  |  NaN  |  1.009  |  14.78  |  NaN
  251  |  -0.434188  |  -0.215584  |  -0.0274983  |  NaN  |  1.014  |  14.79  |  NaN
  252  |  -0.435359  |  -0.215983  |  -0.027537  |  NaN  |  1.016  |  14.81  |  NaN
  253  |  -0.436155  |  -0.216588  |  -0.0275293  |  NaN  |  1.014  |  14.84  |  NaN
  254  |  -0.436433  |  -0.217343  |  -0.0274736  |  NaN  |  1.008  |  14.89  |  NaN
  255  |  -0.436111  |  -0.218174  |  -0.0273717  |  NaN  |  0.9989  |  14.93  |  NaN
  256  |  -0.435183  |  -0.218985  |  -0.0272357  |  NaN  |  0.9873  |  14.98  |  NaN
  257  |  -0.433727  |  -0.219683  |  -0.0270771  |  NaN  |  0.9743  |  15.02  |  NaN
  258  |  -0.431831  |  -0.22023  |  -0.0269106  |  NaN  |  0.9608  |  15.05  |  NaN
  259  |  -0.429643  |  -0.220566  |  -0.0267513  |  NaN  |  0.9479  |  15.06  |  NaN
  260  |  -0.427396  |  -0.220635  |  -0.0266177  |  NaN  |  0.9371  |  15.06  |  NaN
  261  |  -0.425347  |  -0.22043  |  -0.0265226  |  NaN  |  0.9296  |  15.04  |  NaN
  262  |  -0.423732  |  -0.219976  |  -0.0264795  |  NaN  |  0.9263  |  15.0  |  NaN
  263  |  -0.422749  |  -0.219333  |  -0.0264944  |  NaN  |  0.9274  |  14.96  |  NaN
  264  |  -0.422514  |  -0.218598  |  -0.0265624  |  NaN  |  0.9328  |  14.91  |  NaN
  265  |  -0.423039  |  -0.217849  |  -0.0266798  |  NaN  |  0.9419  |  14.86  |  NaN
  266  |  -0.424225  |  -0.217198  |  -0.0268261  |  NaN  |  0.9532  |  14.81  |  NaN
  267  |  -0.425951  |  -0.216691  |  -0.0269874  |  NaN  |  0.9657  |  14.78  |  NaN
  268  |  -0.428009  |  -0.216441  |  -0.0271444  |  NaN  |  0.9775  |  14.77  |  NaN
  269  |  -0.430139  |  -0.216519  |  -0.0272762  |  NaN  |  0.9866  |  14.77  |  NaN
  270  |  -0.431997  |  -0.216922  |  -0.0273607  |  NaN  |  0.9915  |  14.79  |  NaN
  271  |  -0.433243  |  -0.217624  |  -0.0273775  |  NaN  |  0.9908  |  14.82  |  NaN
  272  |  -0.43364  |  -0.218494  |  -0.0273204  |  NaN  |  0.9847  |  14.87  |  NaN
  273  |  -0.433217  |  -0.219373  |  -0.0272062  |  NaN  |  0.9748  |  14.92  |  NaN
  274  |  -0.432064  |  -0.220278  |  -0.0270471  |  NaN  |  0.9614  |  14.97  |  NaN
  275  |  -0.430261  |  -0.221082  |  -0.0268621  |  NaN  |  0.9462  |  15.02  |  NaN
  276  |  -0.428003  |  -0.221695  |  -0.0266711  |  NaN  |  0.9306  |  15.05  |  NaN
  277  |  -0.425511  |  -0.222069  |  -0.0264942  |  NaN  |  0.9161  |  15.06  |  NaN
  278  |  -0.423054  |  -0.222125  |  -0.026352  |  NaN  |  0.9046  |  15.05  |  NaN
  279  |  -0.420901  |  -0.221888  |  -0.0262608  |  NaN  |  0.8969  |  15.03  |  NaN
  280  |  -0.41933  |  -0.221359  |  -0.026235  |  NaN  |  0.8943  |  14.98  |  NaN
  281  |  -0.41857  |  -0.22059  |  -0.0262804  |  NaN  |  0.8975  |  14.93  |  NaN
  282  |  -0.418742  |  -0.219675  |  -0.0263956  |  NaN  |  0.9062  |  14.86  |  NaN
  283  |  -0.419859  |  -0.218709  |  -0.0265709  |  NaN  |  0.9197  |  14.8  |  NaN
  284  |  -0.421797  |  -0.217808  |  -0.0267831  |  NaN  |  0.9366  |  14.75  |  NaN
  285  |  -0.424404  |  -0.217054  |  -0.0270156  |  NaN  |  0.9553  |  14.71  |  NaN
  286  |  -0.427342  |  -0.216709  |  -0.0272336  |  NaN  |  0.972  |  14.69  |  NaN
  287  |  -0.43013  |  -0.216568  |  -0.0274078  |  NaN  |  0.9861  |  14.69  |  NaN
  288  |  -0.432526  |  -0.216867  |  -0.0275192  |  NaN  |  0.9944  |  14.72  |  NaN
  289  |  -0.434187  |  -0.217642  |  -0.0275484  |  NaN  |  0.995  |  14.76  |  NaN
  290  |  -0.434971  |  -0.218625  |  -0.0275045  |  NaN  |  0.9896  |  14.81  |  NaN
  291  |  -0.434594  |  -0.219917  |  -0.0273699  |  NaN  |  0.9762  |  14.88  |  NaN
  292  |  -0.432797  |  -0.221226  |  -0.0271407  |  NaN  |  0.9564  |  14.95  |  NaN
  293  |  -0.430062  |  -0.222293  |  -0.0268746  |  NaN  |  0.9347  |  15.0  |  NaN
  294  |  -0.426766  |  -0.223122  |  -0.0266022  |  NaN  |  0.9127  |  15.04  |  NaN
  295  |  -0.423314  |  -0.223632  |  -0.0263576  |  NaN  |  0.8929  |  15.06  |  NaN
  296  |  -0.420029  |  -0.223804  |  -0.0261651  |  NaN  |  0.8768  |  15.05  |  NaN
  297  |  -0.417257  |  -0.223618  |  -0.0260442  |  NaN  |  0.8659  |  15.02  |  NaN
  298  |  -0.415308  |  -0.223057  |  -0.026011  |  NaN  |  0.8619  |  14.97  |  NaN
  299  |  -0.414496  |  -0.222151  |  -0.0260749  |  NaN  |  0.8658  |  14.9  |  NaN
  300  |  -0.414938  |  -0.220999  |  -0.0262324  |  NaN  |  0.8776  |  14.82  |  NaN
  301  |  -0.416622  |  -0.219717  |  -0.0264712  |  NaN  |  0.8962  |  14.74  |  NaN
  302  |  -0.419353  |  -0.218475  |  -0.0267578  |  NaN  |  0.9195  |  14.67  |  NaN
  303  |  -0.423053  |  -0.217258  |  -0.0270928  |  NaN  |  0.9472  |  14.61  |  NaN
  304  |  -0.427089  |  -0.216782  |  -0.0273891  |  NaN  |  0.9701  |  14.59  |  NaN
  305  |  -0.430811  |  -0.2168  |  -0.0276195  |  NaN  |  0.9871  |  14.6  |  NaN
  306  |  -0.433573  |  -0.217106  |  -0.0277464  |  NaN  |  0.9971  |  14.63  |  NaN
  307  |  -0.435868  |  -0.217987  |  -0.0278127  |  NaN  |  0.9995  |  14.67  |  NaN
  308  |  -0.436813  |  -0.218811  |  -0.0277924  |  NaN  |  0.9963  |  14.72  |  NaN
  309  |  -0.435633  |  -0.220252  |  -0.0275508  |  NaN  |  0.9779  |  14.81  |  NaN
  310  |  -0.43338  |  -0.2218  |  -0.0272606  |  NaN  |  0.9539  |  14.9  |  NaN
  311  |  -0.42988  |  -0.223429  |  -0.0269008  |  NaN  |  0.924  |  14.98  |  NaN
  312  |  -0.425444  |  -0.224703  |  -0.0265191  |  NaN  |  0.8934  |  15.04  |  NaN
  313  |  -0.420646  |  -0.225551  |  -0.0261588  |  NaN  |  0.865  |  15.08  |  NaN
  314  |  -0.416066  |  -0.225976  |  -0.0258619  |  NaN  |  0.8412  |  15.09  |  NaN
  315  |  -0.412185  |  -0.225998  |  -0.025658  |  NaN  |  0.8238  |  15.06  |  NaN
  316  |  -0.409399  |  -0.225602  |  -0.0255666  |  NaN  |  0.8147  |  15.01  |  NaN
  317  |  -0.408063  |  -0.22484  |  -0.0255985  |  NaN  |  0.8149  |  14.94  |  NaN
  318  |  -0.408295  |  -0.223806  |  -0.0257525  |  NaN  |  0.8243  |  14.85  |  NaN
  319  |  -0.410075  |  -0.222608  |  -0.0260075  |  NaN  |  0.8421  |  14.77  |  NaN
  320  |  -0.413151  |  -0.22138  |  -0.0263333  |  NaN  |  0.8663  |  14.69  |  NaN
  321  |  -0.41735  |  -0.219547  |  -0.0267444  |  NaN  |  0.901  |  14.61  |  NaN
  322  |  -0.422549  |  -0.218155  |  -0.0271813  |  NaN  |  0.9369  |  14.55  |  NaN
  323  |  -0.427689  |  -0.217672  |  -0.0275321  |  NaN  |  0.9648  |  14.53  |  NaN
  324  |  -0.432527  |  -0.216758  |  -0.0278562  |  NaN  |  0.9954  |  14.53  |  NaN
  325  |  -0.436038  |  -0.217345  |  -0.027994  |  NaN  |  1.006  |  14.58  |  NaN
  326  |  -0.436394  |  -0.218544  |  -0.0278994  |  NaN  |  0.9968  |  14.64  |  NaN
  327  |  -0.434258  |  -0.220462  |  -0.0275726  |  NaN  |  0.9698  |  14.75  |  NaN
  328  |  -0.430473  |  -0.222326  |  -0.0271231  |  NaN  |  0.9362  |  14.87  |  NaN
  329  |  -0.426494  |  -0.22431  |  -0.026704  |  NaN  |  0.9014  |  14.97  |  NaN
  330  |  -0.421515  |  -0.22627  |  -0.0262511  |  NaN  |  0.8629  |  15.06  |  NaN
  331  |  -0.415898  |  -0.227619  |  -0.0258122  |  NaN  |  0.8272  |  15.11  |  NaN
  332  |  -0.410246  |  -0.228406  |  -0.0254353  |  NaN  |  0.7961  |  15.13  |  NaN
  333  |  -0.405337  |  -0.228529  |  -0.0251696  |  NaN  |  0.7737  |  15.1  |  NaN
  334  |  -0.401778  |  -0.228037  |  -0.0250563  |  NaN  |  0.7619  |  15.04  |  NaN
  335  |  -0.400188  |  -0.226871  |  -0.0251244  |  NaN  |  0.7639  |  14.93  |  NaN
  336  |  -0.400959  |  -0.225015  |  -0.0253877  |  NaN  |  0.7819  |  14.79  |  NaN
  337  |  -0.404082  |  -0.222525  |  -0.025835  |  NaN  |  0.8159  |  14.64  |  NaN
  338  |  -0.409667  |  -0.219468  |  -0.0264467  |  NaN  |  0.8666  |  14.49  |  NaN
  339  |  -0.417535  |  -0.215472  |  -0.0271821  |  NaN  |  0.9378  |  14.36  |  NaN
  340  |  -0.427282  |  -0.213021  |  -0.0280221  |  NaN  |  1.006  |  14.25  |  NaN
  341  |  -0.435386  |  -0.210785  |  -0.0286689  |  NaN  |  1.066  |  14.19  |  NaN
  342  |  -0.441963  |  -0.20991  |  -0.0290894  |  NaN  |  1.105  |  14.19  |  NaN
  343  |  -0.446173  |  -0.210691  |  -0.0292057  |  NaN  |  1.118  |  14.28  |  NaN
  344  |  -0.447455  |  -0.213005  |  -0.0289962  |  NaN  |  1.101  |  14.43  |  NaN
  345  |  -0.444651  |  -0.215943  |  -0.0284843  |  NaN  |  1.059  |  14.61  |  NaN
  346  |  -0.438668  |  -0.218976  |  -0.0278062  |  NaN  |  1.003  |  14.78  |  NaN
  347  |  -0.432002  |  -0.222338  |  -0.0271054  |  NaN  |  0.943  |  14.94  |  NaN
  348  |  -0.42429  |  -0.225462  |  -0.0263917  |  NaN  |  0.8819  |  15.08  |  NaN
  349  |  -0.416047  |  -0.227649  |  -0.0257307  |  NaN  |  0.8276  |  15.17  |  NaN
  350  |  -0.408093  |  -0.228741  |  -0.0252009  |  NaN  |  0.7841  |  15.19  |  NaN
  351  |  -0.401425  |  -0.228658  |  -0.0248761  |  NaN  |  0.7556  |  15.14  |  NaN
  352  |  -0.396784  |  -0.227415  |  -0.0248033  |  NaN  |  0.7448  |  15.0  |  NaN
  353  |  -0.394672  |  -0.224798  |  -0.0250061  |  NaN  |  0.7557  |  14.78  |  NaN
  354  |  -0.395163  |  -0.22062  |  -0.0254826  |  NaN  |  0.7911  |  14.51  |  NaN
  355  |  -0.398314  |  -0.215967  |  -0.0261314  |  NaN  |  0.8443  |  14.24  |  NaN
  356  |  -0.403536  |  -0.212966  |  -0.0268628  |  NaN  |  0.8948  |  14.02  |  NaN
  357  |  -0.410711  |  -0.206729  |  -0.0278558  |  NaN  |  0.9867  |  13.74  |  NaN
  358  |  -0.421352  |  -0.200745  |  -0.0290229  |  NaN  |  1.099  |  13.52  |  NaN
  359  |  -0.43289  |  -0.196632  |  -0.0300279  |  NaN  |  1.202  |  13.42  |  NaN
  360  |  -0.44324  |  -0.195221  |  -0.0306867  |  NaN  |  1.27  |  13.44  |  NaN

Relative history differences (L2 norm):
  Bernoulli vs Laplace(∇u):  0.4897417326531345
  Bernoulli vs Laplace(λ):   0.9307366394444222
  Bernoulli vs KJ:           NaN
  Laplace(∇u) vs Laplace(λ): 0.8689796474740081
