Requested shedding root at |r/R| >= 0.1
  shedding1 root midpoint r/R = 0.1239835140705626
  shedding2 root midpoint r/R = -0.1239835140705626

Begin rotor hover pressure comparison (360 steps)...
	step 0/359 at time 0.0
┌ Warning: fmm! called but either sources or targets are empty; foregoing calculation
└ @ FastMultipole ~/Dropbox/research/projects/FastMultipole/src/fmm.jl:1300
		PressureLaplace(material_derivative)[step=1]: rebuild=false, panels=7288, CG iters=722, solved=true
		ForceMonitor[i_system=1, step=1]:
			CF = (-0.1281, 2.074e-7, -2.187e-7)
			CM = (0.007491, -5.557e-9, -6.67e-8)
		PressureLaplace(lamb_vector)[step=1]: rebuild=false, panels=7288, CG iters=767, solved=true
		ForceMonitor[i_system=1, step=1]:
			CF = (-0.02143, 1.374e-10, 3.053e-9)
			CM = (0.0005805, 6.051e-11, -1.548e-9)
		ForceMonitor[i_system=1, step=1]:
			CF = (-0.2817, -2.14e-7, 3.839e-8)
			CM = (0.06707, 4.243e-10, 2.319e-9)
	step 1/359 at time 0.0002777777777777778
		PressureLaplace(material_derivative)[step=2]: rebuild=false, panels=7288, CG iters=714, solved=true
		ForceMonitor[i_system=1, step=2]:
			CF = (-0.1534, 1.888e-7, -2.086e-7)
			CM = (0.01044, -7.397e-9, -5.424e-8)
		PressureLaplace(lamb_vector)[step=2]: rebuild=false, panels=7288, CG iters=763, solved=true
		ForceMonitor[i_system=1, step=2]:
			CF = (-0.02996, -2.374e-10, 6.848e-9)
			CM = (0.000856, 7.804e-11, -7.326e-11)
		ForceMonitor[i_system=1, step=2]:
			CF = (-0.3878, -2.725e-7, 5.067e-8)
			CM = (0.1166, 5.568e-10, 2.959e-9)
	step 2/359 at time 0.0005555555555555556
		PressureLaplace(material_derivative)[step=3]: rebuild=false, panels=7288, CG iters=723, solved=true
		ForceMonitor[i_system=1, step=3]:
			CF = (-0.155, 3.565e-7, -4.179e-7)
			CM = (0.01226, -9.314e-9, -1.698e-7)
		PressureLaplace(lamb_vector)[step=3]: rebuild=false, panels=7288, CG iters=763, solved=true
		ForceMonitor[i_system=1, step=3]:
			CF = (-0.03716, 1.971e-11, 8.102e-9)
			CM = (0.0008868, 1.036e-10, -8.807e-10)
		ForceMonitor[i_system=1, step=3]:
			CF = (-0.4445, -4.691e-7, 9.081e-8)
			CM = (0.1641, 9.929e-10, 5.11e-9)
	step 3/359 at time 0.0008333333333333334
		PressureLaplace(material_derivative)[step=4]: rebuild=false, panels=7288, CG iters=723, solved=true
		ForceMonitor[i_system=1, step=4]:
			CF = (-0.1612, 5.463e-7, -3.851e-7)
			CM = (0.01332, -2.299e-8, -1.924e-7)
		PressureLaplace(lamb_vector)[step=4]: rebuild=false, panels=7288, CG iters=763, solved=true
		ForceMonitor[i_system=1, step=4]:
			CF = (-0.04068, -3.168e-8, 4.79e-8)
			CM = (0.0009582, 9.904e-10, 2.417e-9)
		ForceMonitor[i_system=1, step=4]:
			CF = (-0.4762, 1.037e-5, 2.714e-6)
			CM = (0.1892, 3.866e-10, -2.567e-7)
	step 4/359 at time 0.0011111111111111111
		PressureLaplace(material_derivative)[step=5]: rebuild=false, panels=7288, CG iters=723, solved=true
		ForceMonitor[i_system=1, step=5]:
			CF = (-0.1652, 5.526e-7, -3.745e-7)
			CM = (0.01384, -2.541e-8, -2.653e-7)
		PressureLaplace(lamb_vector)[step=5]: rebuild=false, panels=7288, CG iters=763, solved=true
		ForceMonitor[i_system=1, step=5]:
			CF = (-0.0423, -1.303e-8, 2.753e-8)
			CM = (0.000998, 1.644e-9, 7.2e-9)
		ForceMonitor[i_system=1, step=5]:
			CF = (-0.4892, 8.595e-6, 2.843e-6)
			CM = (0.201, -2.233e-8, -1.418e-7)
	step 5/359 at time 0.001388888888888889
		PressureLaplace(material_derivative)[step=6]: rebuild=false, panels=7288, CG iters=723, solved=true
		ForceMonitor[i_system=1, step=6]:
			CF = (-0.1678, 8.71e-7, 1.92e-6)
			CM = (0.01409, 2.665e-9, 5.695e-7)
		PressureLaplace(lamb_vector)[step=6]: rebuild=false, panels=7288, CG iters=763, solved=true
		ForceMonitor[i_system=1, step=6]:
			CF = (-0.04297, -4.429e-8, 2.349e-7)
			CM = (0.001021, 2.889e-9, 5.701e-9)
		ForceMonitor[i_system=1, step=6]:
			CF = (-0.4933, 2.467e-5, 4.033e-5)
			CM = (0.2058, 7.855e-8, 1.156e-6)
	step 6/359 at time 0.0016666666666666668
		PressureLaplace(material_derivative)[step=7]: rebuild=false, panels=7288, CG iters=723, solved=true
		ForceMonitor[i_system=1, step=7]:
			CF = (-0.1697, -6.726e-7, -1.494e-6)
			CM = (0.01419, -5.948e-9, -7.753e-7)
		PressureLaplace(lamb_vector)[step=7]: rebuild=false, panels=7288, CG iters=763, solved=true
		ForceMonitor[i_system=1, step=7]:
			CF = (-0.04318, 1.635e-7, -2.362e-7)
			CM = (0.001034, 2.294e-9, 1.601e-8)
		ForceMonitor[i_system=1, step=7]:
			CF = (-0.4931, -5.977e-5, -1.833e-5)
			CM = (0.2071, -1.416e-7, 8.364e-7)
	step 7/359 at time 0.0019444444444444444
		PressureLaplace(material_derivative)[step=8]: rebuild=false, panels=7288, CG iters=723, solved=true
		ForceMonitor[i_system=1, step=8]:
			CF = (-0.171, 1.522e-6, 4.285e-6)
			CM = (0.01423, 6.946e-8, 1.469e-6)
		PressureLaplace(lamb_vector)[step=8]: rebuild=false, panels=7288, CG iters=762, solved=true
		ForceMonitor[i_system=1, step=8]:
			CF = (-0.04317, -5.937e-8, 4.489e-7)
			CM = (0.001042, 3.908e-9, 1.819e-8)
		ForceMonitor[i_system=1, step=8]:
			CF = (-0.4909, 6.186e-5, 7.496e-5)
			CM = (0.2068, 1.994e-7, 2.119e-6)
	step 8/359 at time 0.0022222222222222222
		PressureLaplace(material_derivative)[step=9]: rebuild=false, panels=7288, CG iters=724, solved=true
		ForceMonitor[i_system=1, step=9]:
			CF = (-0.1718, 6.304e-7, 3.982e-6)
			CM = (0.01422, 6.396e-8, 1.498e-6)
		PressureLaplace(lamb_vector)[step=9]: rebuild=false, panels=7288, CG iters=761, solved=true
		ForceMonitor[i_system=1, step=9]:
			CF = (-0.04308, -7.704e-8, 4.904e-7)
			CM = (0.001047, 5.412e-9, 4.75e-9)
		ForceMonitor[i_system=1, step=9]:
			CF = (-0.4877, -2.44e-5, 8.125e-5)
			CM = (0.2058, 6.874e-7, 2.439e-6)
	step 9/359 at time 0.0025
		PressureLaplace(material_derivative)[step=10]: rebuild=false, panels=7288, CG iters=724, solved=true
		ForceMonitor[i_system=1, step=10]:
			CF = (-0.1725, 1.576e-6, 1.294e-5)
			CM = (0.01421, 1.192e-7, 4.268e-6)
		PressureLaplace(lamb_vector)[step=10]: rebuild=false, panels=7288, CG iters=759, solved=true
		ForceMonitor[i_system=1, step=10]:
			CF = (-0.04296, -3.501e-7, 1.316e-6)
			CM = (0.00105, 1.974e-8, 8.78e-8)
		ForceMonitor[i_system=1, step=10]:
			CF = (-0.4839, 9.308e-7, 0.0002125)
			CM = (0.2047, 1.313e-6, 6.154e-6)
	step 10/359 at time 0.002777777777777778
		PressureLaplace(material_derivative)[step=11]: rebuild=false, panels=7288, CG iters=725, solved=true
		ForceMonitor[i_system=1, step=11]:
			CF = (-0.1731, -2.237e-6, 1.429e-5)
			CM = (0.0142, 1.155e-7, 4.144e-6)
		PressureLaplace(lamb_vector)[step=11]: rebuild=false, panels=7288, CG iters=755, solved=true
		ForceMonitor[i_system=1, step=11]:
			CF = (-0.04283, -1.564e-7, 1.031e-6)
			CM = (0.001052, 3.241e-8, 1.764e-7)
		ForceMonitor[i_system=1, step=11]:
			CF = (-0.4796, -0.0002932, 0.0002456)
			CM = (0.2037, 2.11e-6, 1.136e-5)
	step 11/359 at time 0.0030555555555555557
		PressureLaplace(material_derivative)[step=12]: rebuild=false, panels=7288, CG iters=725, solved=true
		ForceMonitor[i_system=1, step=12]:
			CF = (-0.1737, -3.155e-6, -1.825e-6)
			CM = (0.01419, -3.823e-7, -3.174e-6)
		PressureLaplace(lamb_vector)[step=12]: rebuild=false, panels=7288, CG iters=751, solved=true
		ForceMonitor[i_system=1, step=12]:
			CF = (-0.04272, 4.929e-7, -1.192e-6)
			CM = (0.001054, 3.309e-8, 3.988e-7)
		ForceMonitor[i_system=1, step=12]:
			CF = (-0.4749, -0.0002447, -1.637e-5)
			CM = (0.2027, -1.319e-6, 6.719e-6)
	step 12/359 at time 0.0033333333333333335
		PressureLaplace(material_derivative)[step=13]: rebuild=false, panels=7288, CG iters=725, solved=true
		ForceMonitor[i_system=1, step=13]:
			CF = (-0.1747, -2.114e-7, -1.506e-5)
			CM = (0.0142, -1.04e-6, -9.01e-6)
		PressureLaplace(lamb_vector)[step=13]: rebuild=false, panels=7288, CG iters=748, solved=true
		ForceMonitor[i_system=1, step=13]:
			CF = (-0.0426, 6.522e-7, -2.774e-6)
			CM = (0.001057, 7.123e-8, 5.136e-7)
		ForceMonitor[i_system=1, step=13]:
			CF = (-0.47, 6.76e-5, -0.0001793)
			CM = (0.2018, -4.955e-6, 3.468e-7)
	step 13/359 at time 0.003611111111111111
		PressureLaplace(material_derivative)[step=14]: rebuild=false, panels=7288, CG iters=725, solved=true
		ForceMonitor[i_system=1, step=14]:
			CF = (-0.1764, 5.188e-6, -1.415e-5)
			CM = (0.01423, -4.985e-7, -4.876e-6)
		PressureLaplace(lamb_vector)[step=14]: rebuild=false, panels=7288, CG iters=748, solved=true
		ForceMonitor[i_system=1, step=14]:
			CF = (-0.04247, 7.704e-7, -1.662e-6)
			CM = (0.001062, -7.289e-9, 2.323e-7)
		ForceMonitor[i_system=1, step=14]:
			CF = (-0.4653, 0.0004941, -0.0002812)
			CM = (0.2008, -4.608e-6, -7.633e-6)
	step 14/359 at time 0.0038888888888888888
		PressureLaplace(material_derivative)[step=15]: rebuild=false, panels=7288, CG iters=725, solved=true
		ForceMonitor[i_system=1, step=15]:
			CF = (-0.179, 8.41e-6, 2.292e-6)
			CM = (0.01429, -3.797e-7, -4.055e-6)
		PressureLaplace(lamb_vector)[step=15]: rebuild=false, panels=7288, CG iters=750, solved=true
		ForceMonitor[i_system=1, step=15]:
			CF = (-0.0423, -7.445e-7, -2.615e-7)
			CM = (0.00107, 1.831e-7, 1.027e-6)
		ForceMonitor[i_system=1, step=15]:
			CF = (-0.461, 0.0004472, 8.117e-5)
			CM = (0.1998, -1.848e-6, -5.345e-6)
	step 15/359 at time 0.004166666666666667
		PressureLaplace(material_derivative)[step=16]: rebuild=false, panels=7288, CG iters=725, solved=true
		ForceMonitor[i_system=1, step=16]:
			CF = (-0.1829, 8.059e-6, 3.432e-6)
			CM = (0.01439, -8.623e-7, -4.805e-6)
		PressureLaplace(lamb_vector)[step=16]: rebuild=false, panels=7288, CG iters=752, solved=true
		ForceMonitor[i_system=1, step=16]:
			CF = (-0.04207, -1.076e-6, -6.225e-7)
			CM = (0.001084, 1.238e-7, 1.269e-6)
		ForceMonitor[i_system=1, step=16]:
			CF = (-0.4576, 0.0005368, -5.875e-6)
			CM = (0.1984, -3.857e-6, -4.345e-6)
	step 16/359 at time 0.0044444444444444444
		PressureLaplace(material_derivative)[step=17]: rebuild=false, panels=7288, CG iters=725, solved=true
		ForceMonitor[i_system=1, step=17]:
			CF = (-0.1881, 1.971e-5, 4.378e-6)
			CM = (0.01452, -8.142e-7, 5.353e-6)
		PressureLaplace(lamb_vector)[step=17]: rebuild=false, panels=7288, CG iters=759, solved=true
		ForceMonitor[i_system=1, step=17]:
			CF = (-0.04174, -8.444e-7, 1.265e-7)
			CM = (0.001102, -1.607e-7, -6.551e-8)
		ForceMonitor[i_system=1, step=17]:
			CF = (-0.4549, 0.001635, -0.0003314)
			CM = (0.1964, -6.059e-6, -2.135e-5)
	step 17/359 at time 0.004722222222222222
		PressureLaplace(material_derivative)[step=18]: rebuild=false, panels=7288, CG iters=725, solved=true
		ForceMonitor[i_system=1, step=18]:
			CF = (-0.1939, 3.039e-5, 2.302e-5)
			CM = (0.01463, 4.551e-7, 1.237e-5)
		PressureLaplace(lamb_vector)[step=18]: rebuild=false, panels=7288, CG iters=761, solved=true
		ForceMonitor[i_system=1, step=18]:
			CF = (-0.04128, -2.52e-6, 2.391e-6)
			CM = (0.001124, -1.805e-7, -8.126e-7)
		ForceMonitor[i_system=1, step=18]:
			CF = (-0.4521, 0.002222, -0.0001651)
			CM = (0.1935, -1.541e-6, -3.619e-5)
	step 18/359 at time 0.005
		PressureLaplace(material_derivative)[step=19]: rebuild=false, panels=7288, CG iters=725, solved=true
		ForceMonitor[i_system=1, step=19]:
			CF = (-0.1994, 2.051e-5, -9.589e-7)
			CM = (0.01469, -1.97e-7, 5.49e-6)
		PressureLaplace(lamb_vector)[step=19]: rebuild=false, panels=7288, CG iters=762, solved=true
		ForceMonitor[i_system=1, step=19]:
			CF = (-0.04067, -3.521e-7, -4.931e-7)
			CM = (0.001146, -1.86e-7, -1.448e-6)
		ForceMonitor[i_system=1, step=19]:
			CF = (-0.448, 0.002037, -0.0005076)
			CM = (0.1892, -3.173e-6, -4.438e-5)
	step 19/359 at time 0.005277777777777778
		PressureLaplace(material_derivative)[step=20]: rebuild=false, panels=7288, CG iters=726, solved=true
		ForceMonitor[i_system=1, step=20]:
			CF = (-0.2037, 1.008e-5, 2.844e-5)
			CM = (0.01464, 1.798e-6, 1.156e-5)
		PressureLaplace(lamb_vector)[step=20]: rebuild=false, panels=7288, CG iters=763, solved=true
		ForceMonitor[i_system=1, step=20]:
			CF = (-0.0399, -3.4e-7, 3.425e-6)
			CM = (0.001165, -6.257e-8, -8.516e-7)
		ForceMonitor[i_system=1, step=20]:
			CF = (-0.4418, 0.0008123, 0.0001877)
			CM = (0.1835, 6.114e-6, -1.551e-5)
	step 20/359 at time 0.005555555555555556
		PressureLaplace(material_derivative)[step=21]: rebuild=false, panels=7288, CG iters=726, solved=true
		ForceMonitor[i_system=1, step=21]:
			CF = (-0.2065, -1.029e-6, 2.428e-5)
			CM = (0.01448, 3.21e-6, 9.824e-6)
		PressureLaplace(lamb_vector)[step=21]: rebuild=false, panels=7288, CG iters=764, solved=true
		ForceMonitor[i_system=1, step=21]:
			CF = (-0.03898, -1.282e-6, 4.136e-6)
			CM = (0.00118, -3.211e-8, -6.75e-7)
		ForceMonitor[i_system=1, step=21]:
			CF = (-0.4337, -4.343e-5, 0.0003162)
			CM = (0.1765, 1.43e-5, -1.2e-5)
	step 21/359 at time 0.005833333333333334
		PressureLaplace(material_derivative)[step=22]: rebuild=false, panels=7288, CG iters=727, solved=true
		ForceMonitor[i_system=1, step=22]:
			CF = (-0.2075, -1.364e-5, 2.735e-6)
			CM = (0.01426, 4.986e-7, -1.781e-5)
		PressureLaplace(lamb_vector)[step=22]: rebuild=false, panels=7288, CG iters=765, solved=true
		ForceMonitor[i_system=1, step=22]:
			CF = (-0.03809, -3.436e-7, 8.988e-7)
			CM = (0.001186, 3.978e-7, 3.982e-6)
		ForceMonitor[i_system=1, step=22]:
			CF = (-0.4249, -0.0005175, 0.0004347)
			CM = (0.1696, 5.76e-6, 3.013e-5)
	step 22/359 at time 0.006111111111111111
		PressureLaplace(material_derivative)[step=23]: rebuild=false, panels=7288, CG iters=728, solved=true
		ForceMonitor[i_system=1, step=23]:
			CF = (-0.2077, 2.795e-6, -2.445e-5)
			CM = (0.01403, -1.38e-6, -2.224e-5)
		PressureLaplace(lamb_vector)[step=23]: rebuild=false, panels=7288, CG iters=767, solved=true
		ForceMonitor[i_system=1, step=23]:
			CF = (-0.03728, -1.201e-7, 1.461e-6)
			CM = (0.001187, 3.231e-7, 3.615e-6)
		ForceMonitor[i_system=1, step=23]:
			CF = (-0.4165, 0.0006946, 0.0001849)
			CM = (0.1633, -3.588e-6, 5.445e-6)
	step 23/359 at time 0.006388888888888889
		PressureLaplace(material_derivative)[step=24]: rebuild=false, panels=7288, CG iters=728, solved=true
		ForceMonitor[i_system=1, step=24]:
			CF = (-0.2074, 1.056e-5, -2.59e-6)
			CM = (0.01383, -1.637e-6, -1.611e-5)
		PressureLaplace(lamb_vector)[step=24]: rebuild=false, panels=7288, CG iters=770, solved=true
		ForceMonitor[i_system=1, step=24]:
			CF = (-0.0366, -1.379e-6, 3.896e-6)
			CM = (0.001186, 3.947e-7, 4.156e-6)
		ForceMonitor[i_system=1, step=24]:
			CF = (-0.4085, 0.000953, 0.0005109)
			CM = (0.158, -4.274e-6, 1.363e-5)
	step 24/359 at time 0.006666666666666667
		PressureLaplace(material_derivative)[step=25]: rebuild=false, panels=7288, CG iters=728, solved=true
		ForceMonitor[i_system=1, step=25]:
			CF = (-0.2068, 1.212e-5, -2.984e-5)
			CM = (0.01367, -1.132e-6, -1.619e-5)
		PressureLaplace(lamb_vector)[step=25]: rebuild=false, panels=7288, CG iters=770, solved=true
		ForceMonitor[i_system=1, step=25]:
			CF = (-0.0361, -1.561e-6, 2.446e-6)
			CM = (0.001182, 2.044e-7, 1.364e-6)
		ForceMonitor[i_system=1, step=25]:
			CF = (-0.4019, 0.0008341, 0.0001916)
			CM = (0.1541, -1.7e-6, -1.87e-5)
	step 25/359 at time 0.006944444444444444
		PressureLaplace(material_derivative)[step=26]: rebuild=false, panels=7288, CG iters=728, solved=true
		ForceMonitor[i_system=1, step=26]:
			CF = (-0.2065, 1.079e-5, -8.07e-5)
			CM = (0.01356, -1.792e-6, -3.423e-5)
		PressureLaplace(lamb_vector)[step=26]: rebuild=false, panels=7288, CG iters=770, solved=true
		ForceMonitor[i_system=1, step=26]:
			CF = (-0.03575, -3.439e-7, -1.601e-6)
			CM = (0.001178, 2.464e-7, 3.072e-8)
		ForceMonitor[i_system=1, step=26]:
			CF = (-0.3959, 0.0008923, -0.0003389)
			CM = (0.1512, -4.046e-6, -5.365e-5)
	step 26/359 at time 0.007222222222222222
		PressureLaplace(material_derivative)[step=27]: rebuild=false, panels=7288, CG iters=728, solved=true
		ForceMonitor[i_system=1, step=27]:
			CF = (-0.2063, 1.523e-5, -6.07e-5)
			CM = (0.0135, -4.319e-7, -2.291e-5)
		PressureLaplace(lamb_vector)[step=27]: rebuild=false, panels=7288, CG iters=771, solved=true
		ForceMonitor[i_system=1, step=27]:
			CF = (-0.03556, -1.205e-7, -7.405e-7)
			CM = (0.001174, 2.349e-7, -2.84e-7)
		ForceMonitor[i_system=1, step=27]:
			CF = (-0.3912, 0.0008021, -0.0001642)
			CM = (0.1495, -1.375e-6, -3.888e-5)
	step 27/359 at time 0.0075
		PressureLaplace(material_derivative)[step=28]: rebuild=false, panels=7288, CG iters=728, solved=true
		ForceMonitor[i_system=1, step=28]:
			CF = (-0.2064, 1.614e-5, -1.665e-5)
			CM = (0.01348, -1.257e-6, -1.691e-5)
		PressureLaplace(lamb_vector)[step=28]: rebuild=false, panels=7288, CG iters=771, solved=true
		ForceMonitor[i_system=1, step=28]:
			CF = (-0.03552, -3.762e-7, 7.394e-7)
			CM = (0.001171, 6.352e-7, 5.233e-6)
		ForceMonitor[i_system=1, step=28]:
			CF = (-0.3878, 0.0007242, 0.0004227)
			CM = (0.1489, -5.003e-6, 3.652e-5)
	step 28/359 at time 0.0077777777777777776
		PressureLaplace(material_derivative)[step=29]: rebuild=false, panels=7288, CG iters=728, solved=true
		ForceMonitor[i_system=1, step=29]:
			CF = (-0.2068, 1.809e-5, -3.311e-6)
			CM = (0.0135, -3.041e-6, -8.223e-6)
		PressureLaplace(lamb_vector)[step=29]: rebuild=false, panels=7288, CG iters=771, solved=true
		ForceMonitor[i_system=1, step=29]:
			CF = (-0.03555, 5.46e-7, 3.726e-6)
			CM = (0.00117, 6.82e-7, 6.502e-6)
		ForceMonitor[i_system=1, step=29]:
			CF = (-0.3852, 0.001327, 0.0004607)
			CM = (0.1489, -1.121e-5, 4.406e-5)
	step 29/359 at time 0.008055555555555555
		PressureLaplace(material_derivative)[step=30]: rebuild=false, panels=7288, CG iters=728, solved=true
		ForceMonitor[i_system=1, step=30]:
			CF = (-0.2073, 1.565e-5, 3.502e-5)
			CM = (0.01354, -4.17e-6, 6.469e-6)
		PressureLaplace(lamb_vector)[step=30]: rebuild=false, panels=7288, CG iters=771, solved=true
		ForceMonitor[i_system=1, step=30]:
			CF = (-0.03562, 1.422e-6, 7.858e-6)
			CM = (0.00117, 6.012e-7, 8.435e-6)
		ForceMonitor[i_system=1, step=30]:
			CF = (-0.3829, 0.001715, 0.0007411)
			CM = (0.1491, -1.298e-5, 6.754e-5)
	step 30/359 at time 0.008333333333333333
		PressureLaplace(material_derivative)[step=31]: rebuild=false, panels=7288, CG iters=728, solved=true
		ForceMonitor[i_system=1, step=31]:
			CF = (-0.2083, -2.037e-5, 3.424e-5)
			CM = (0.01359, 4.57e-6, 1.277e-5)
		PressureLaplace(lamb_vector)[step=31]: rebuild=false, panels=7288, CG iters=771, solved=true
		ForceMonitor[i_system=1, step=31]:
			CF = (-0.03567, -4.726e-6, 9.736e-6)
			CM = (0.001172, 1.999e-7, 6.966e-6)
		ForceMonitor[i_system=1, step=31]:
			CF = (-0.3807, -0.002687, 0.001104)
			CM = (0.1494, 2.106e-5, 8.892e-5)
	step 31/359 at time 0.008611111111111111
		PressureLaplace(material_derivative)[step=32]: rebuild=false, panels=7288, CG iters=727, solved=true
		ForceMonitor[i_system=1, step=32]:
			CF = (-0.2101, -4.007e-5, 6.642e-6)
			CM = (0.01366, 7.215e-6, -1.802e-5)
		PressureLaplace(lamb_vector)[step=32]: rebuild=false, panels=7288, CG iters=771, solved=true
		ForceMonitor[i_system=1, step=32]:
			CF = (-0.03568, -4.241e-6, 2.693e-6)
			CM = (0.001177, 3.098e-7, 6.202e-6)
		ForceMonitor[i_system=1, step=32]:
			CF = (-0.3779, -0.004839, 0.001238)
			CM = (0.1495, 2.755e-5, 0.00012)
	step 32/359 at time 0.008888888888888889
		PressureLaplace(material_derivative)[step=33]: rebuild=false, panels=7288, CG iters=727, solved=true
		ForceMonitor[i_system=1, step=33]:
			CF = (-0.2127, -3.53e-5, 4.145e-6)
			CM = (0.01374, 9.602e-6, -1.346e-5)
		PressureLaplace(lamb_vector)[step=33]: rebuild=false, panels=7288, CG iters=771, solved=true
		ForceMonitor[i_system=1, step=33]:
			CF = (-0.03561, -3.803e-6, 2.088e-8)
			CM = (0.001188, 2.089e-7, 3.618e-6)
		ForceMonitor[i_system=1, step=33]:
			CF = (-0.375, -0.004792, 0.001002)
			CM = (0.1491, 2.859e-5, 0.0001227)
	step 33/359 at time 0.009166666666666667
		PressureLaplace(material_derivative)[step=34]: rebuild=false, panels=7288, CG iters=728, solved=true
		ForceMonitor[i_system=1, step=34]:
			CF = (-0.2159, -1.631e-5, -2.498e-5)
			CM = (0.01382, 5.632e-6, -4.009e-5)
		PressureLaplace(lamb_vector)[step=34]: rebuild=false, panels=7288, CG iters=772, solved=true
		ForceMonitor[i_system=1, step=34]:
			CF = (-0.03543, -3.186e-6, -7.12e-6)
			CM = (0.001201, 7.704e-7, 4.78e-6)
		ForceMonitor[i_system=1, step=34]:
			CF = (-0.3725, -0.002599, 0.0005411)
			CM = (0.1482, 1.24e-5, 9.178e-5)
	step 34/359 at time 0.009444444444444445
		PressureLaplace(material_derivative)[step=35]: rebuild=false, panels=7288, CG iters=727, solved=true
		ForceMonitor[i_system=1, step=35]:
			CF = (-0.2195, -5.616e-6, 5.732e-5)
			CM = (0.01387, 3.477e-6, -2.78e-5)
		PressureLaplace(lamb_vector)[step=35]: rebuild=false, panels=7288, CG iters=772, solved=true
		ForceMonitor[i_system=1, step=35]:
			CF = (-0.03512, -5.051e-6, -3.304e-6)
			CM = (0.001217, 1.306e-6, 7.837e-6)
		ForceMonitor[i_system=1, step=35]:
			CF = (-0.3703, -0.002021, 0.001621)
			CM = (0.1463, 1.15e-5, 0.0001234)
	step 35/359 at time 0.009722222222222222
		PressureLaplace(material_derivative)[step=36]: rebuild=false, panels=7288, CG iters=725, solved=true
		ForceMonitor[i_system=1, step=36]:
			CF = (-0.2231, -4.526e-6, 9.417e-5)
			CM = (0.01388, -1.154e-6, -2.293e-5)
		PressureLaplace(lamb_vector)[step=36]: rebuild=false, panels=7288, CG iters=772, solved=true
		ForceMonitor[i_system=1, step=36]:
			CF = (-0.03466, -5.136e-6, -3.094e-6)
			CM = (0.001233, 1.666e-6, 1.143e-5)
		ForceMonitor[i_system=1, step=36]:
			CF = (-0.3677, -0.001604, 0.002015)
			CM = (0.1434, 1.42e-6, 0.0001475)
	step 36/359 at time 0.01
		PressureLaplace(material_derivative)[step=37]: rebuild=false, panels=7288, CG iters=725, solved=true
		ForceMonitor[i_system=1, step=37]:
			CF = (-0.226, -1.425e-6, 0.0001842)
			CM = (0.01382, -4.835e-6, 1.229e-5)
		PressureLaplace(lamb_vector)[step=37]: rebuild=false, panels=7288, CG iters=773, solved=true
		ForceMonitor[i_system=1, step=37]:
			CF = (-0.03404, -6.939e-6, -2.871e-7)
			CM = (0.001247, 1.667e-6, 1.379e-5)
		ForceMonitor[i_system=1, step=37]:
			CF = (-0.3648, -0.000733, 0.002425)
			CM = (0.1394, -7.511e-6, 0.0001763)
	step 37/359 at time 0.010277777777777778
		PressureLaplace(material_derivative)[step=38]: rebuild=false, panels=7288, CG iters=728, solved=true
		ForceMonitor[i_system=1, step=38]:
			CF = (-0.2275, -2.017e-5, 0.0002366)
			CM = (0.01367, -1.07e-5, 2.065e-5)
		PressureLaplace(lamb_vector)[step=38]: rebuild=false, panels=7288, CG iters=773, solved=true
		ForceMonitor[i_system=1, step=38]:
			CF = (-0.03331, -5.912e-6, 3.835e-7)
			CM = (0.001256, 1.865e-6, 1.734e-5)
		ForceMonitor[i_system=1, step=38]:
			CF = (-0.3607, -0.001024, 0.002809)
			CM = (0.1344, -2.392e-5, 0.0002297)
	step 38/359 at time 0.010555555555555556
		PressureLaplace(material_derivative)[step=39]: rebuild=false, panels=7288, CG iters=730, solved=true
		ForceMonitor[i_system=1, step=39]:
			CF = (-0.227, -2.51e-5, 0.0002606)
			CM = (0.01343, -1.646e-5, 5.129e-5)
		PressureLaplace(lamb_vector)[step=39]: rebuild=false, panels=7288, CG iters=773, solved=true
		ForceMonitor[i_system=1, step=39]:
			CF = (-0.03256, -1.762e-6, 1.476e-6)
			CM = (0.001257, 1.614e-6, 1.58e-5)
		ForceMonitor[i_system=1, step=39]:
			CF = (-0.3559, 7.677e-5, 0.002548)
			CM = (0.1292, -4.337e-5, 0.0002268)
	step 39/359 at time 0.010833333333333334
		PressureLaplace(material_derivative)[step=40]: rebuild=false, panels=7288, CG iters=735, solved=true
		ForceMonitor[i_system=1, step=40]:
			CF = (-0.2254, 1.194e-6, 0.0002469)
			CM = (0.01316, -2.081e-5, 5.755e-5)
		PressureLaplace(lamb_vector)[step=40]: rebuild=false, panels=7288, CG iters=773, solved=true
		ForceMonitor[i_system=1, step=40]:
			CF = (-0.03184, 1.088e-6, -1.794e-7)
			CM = (0.001254, 1.771e-6, 1.499e-5)
		ForceMonitor[i_system=1, step=40]:
			CF = (-0.3507, 0.003164, 0.001829)
			CM = (0.1241, -6.216e-5, 0.0001513)
	step 40/359 at time 0.011111111111111112
		PressureLaplace(material_derivative)[step=41]: rebuild=false, panels=7288, CG iters=736, solved=true
		ForceMonitor[i_system=1, step=41]:
			CF = (-0.2234, 8.18e-6, 0.000198)
			CM = (0.01291, -2.154e-5, 6.127e-5)
		PressureLaplace(lamb_vector)[step=41]: rebuild=false, panels=7288, CG iters=775, solved=true
		ForceMonitor[i_system=1, step=41]:
			CF = (-0.03124, 3.349e-6, 3.457e-6)
			CM = (0.001248, 1.593e-6, 1.229e-5)
		ForceMonitor[i_system=1, step=41]:
			CF = (-0.3457, 0.003973, 0.00139)
			CM = (0.1197, -6.768e-5, 8.982e-5)
	step 41/359 at time 0.01138888888888889
		PressureLaplace(material_derivative)[step=42]: rebuild=false, panels=7288, CG iters=735, solved=true
		ForceMonitor[i_system=1, step=42]:
			CF = (-0.2217, -1.119e-5, 0.0001566)
			CM = (0.01271, -2.105e-5, 6.84e-5)
		PressureLaplace(lamb_vector)[step=42]: rebuild=false, panels=7288, CG iters=775, solved=true
		ForceMonitor[i_system=1, step=42]:
			CF = (-0.03078, 6.007e-6, 5.649e-6)
			CM = (0.001243, 1.253e-6, 6.185e-6)
		ForceMonitor[i_system=1, step=42]:
			CF = (-0.3411, 0.002318, 0.00125)
			CM = (0.1163, -6.352e-5, 5.513e-5)
	step 42/359 at time 0.011666666666666667
		PressureLaplace(material_derivative)[step=43]: rebuild=false, panels=7288, CG iters=687, solved=true
		ForceMonitor[i_system=1, step=43]:
			CF = (-0.2205, 2.719e-5, 9.964e-5)
			CM = (0.01256, -1.655e-5, 8.704e-5)
		PressureLaplace(lamb_vector)[step=43]: rebuild=false, panels=7288, CG iters=775, solved=true
		ForceMonitor[i_system=1, step=43]:
			CF = (-0.03043, 5.357e-6, 9.216e-6)
			CM = (0.001238, 6.781e-7, -2.737e-6)
		ForceMonitor[i_system=1, step=43]:
			CF = (-0.337, 0.005133, 4.875e-5)
			CM = (0.1137, -4.844e-5, -0.0001251)
	step 43/359 at time 0.011944444444444445
		PressureLaplace(material_derivative)[step=44]: rebuild=false, panels=7288, CG iters=737, solved=true
		ForceMonitor[i_system=1, step=44]:
			CF = (-0.2198, 8.025e-5, 3.101e-5)
			CM = (0.01247, -1.657e-5, 6.036e-5)
		PressureLaplace(lamb_vector)[step=44]: rebuild=false, panels=7288, CG iters=775, solved=true
		ForceMonitor[i_system=1, step=44]:
			CF = (-0.03025, 4.182e-6, 1.158e-5)
			CM = (0.001234, 1.221e-6, -8.784e-6)
		ForceMonitor[i_system=1, step=44]:
			CF = (-0.3333, 0.01042, -0.001303)
			CM = (0.1121, -4.82e-5, -0.0003909)
	step 44/359 at time 0.012222222222222223
		PressureLaplace(material_derivative)[step=45]: rebuild=false, panels=7288, CG iters=737, solved=true
		ForceMonitor[i_system=1, step=45]:
			CF = (-0.2201, 5.659e-5, -5.539e-5)
			CM = (0.01245, -1.536e-5, 6.381e-7)
		PressureLaplace(lamb_vector)[step=45]: rebuild=false, panels=7288, CG iters=775, solved=true
		ForceMonitor[i_system=1, step=45]:
			CF = (-0.03022, -2.759e-7, 1.033e-5)
			CM = (0.001233, 1.58e-6, -9.879e-6)
		ForceMonitor[i_system=1, step=45]:
			CF = (-0.3321, 0.009294, -0.00175)
			CM = (0.1114, -3.647e-5, -0.0004796)
	step 45/359 at time 0.0125
		PressureLaplace(material_derivative)[step=46]: rebuild=false, panels=7288, CG iters=736, solved=true
		ForceMonitor[i_system=1, step=46]:
			CF = (-0.2204, 8.881e-7, -0.0001055)
			CM = (0.01247, -1.105e-5, -3.862e-5)
		PressureLaplace(lamb_vector)[step=46]: rebuild=false, panels=7288, CG iters=775, solved=true
		ForceMonitor[i_system=1, step=46]:
			CF = (-0.03028, -3.521e-6, 9.447e-6)
			CM = (0.001233, 1.789e-6, -9.838e-6)
		ForceMonitor[i_system=1, step=46]:
			CF = (-0.3325, 0.00341, -0.000852)
			CM = (0.1113, -1.224e-5, -0.0004276)
	step 46/359 at time 0.012777777777777779
		PressureLaplace(material_derivative)[step=47]: rebuild=false, panels=7288, CG iters=726, solved=true
		ForceMonitor[i_system=1, step=47]:
			CF = (-0.2208, -8.307e-5, -0.0001744)
			CM = (0.01252, -3.796e-6, -0.0001062)
		PressureLaplace(lamb_vector)[step=47]: rebuild=false, panels=7288, CG iters=775, solved=true
		ForceMonitor[i_system=1, step=47]:
			CF = (-0.03043, -7.324e-6, 4.465e-7)
			CM = (0.001235, 1.736e-6, -5.729e-6)
		ForceMonitor[i_system=1, step=47]:
			CF = (-0.3339, -0.005165, 0.0005501)
			CM = (0.1118, 2.8e-5, -0.0002625)
	step 47/359 at time 0.013055555555555556
		PressureLaplace(material_derivative)[step=48]: rebuild=false, panels=7288, CG iters=736, solved=true
		ForceMonitor[i_system=1, step=48]:
			CF = (-0.2208, 8.997e-6, -0.0001767)
			CM = (0.01257, -2.233e-5, -0.0001033)
		PressureLaplace(lamb_vector)[step=48]: rebuild=false, panels=7288, CG iters=775, solved=true
		ForceMonitor[i_system=1, step=48]:
			CF = (-0.0306, 9.405e-7, -8.594e-6)
			CM = (0.001234, 2.271e-6, -2.42e-6)
		ForceMonitor[i_system=1, step=48]:
			CF = (-0.3336, 0.004939, -0.0006937)
			CM = (0.1127, -4.713e-5, -0.0002776)
	step 48/359 at time 0.013333333333333334
		PressureLaplace(material_derivative)[step=49]: rebuild=false, panels=7288, CG iters=735, solved=true
		ForceMonitor[i_system=1, step=49]:
			CF = (-0.2213, 2.903e-5, -5.452e-5)
			CM = (0.01264, -1.886e-5, 9.243e-6)
		PressureLaplace(lamb_vector)[step=49]: rebuild=false, panels=7288, CG iters=775, solved=true
		ForceMonitor[i_system=1, step=49]:
			CF = (-0.03077, -1.858e-6, 1.025e-5)
			CM = (0.001233, 9.72e-7, -1.941e-6)
		ForceMonitor[i_system=1, step=49]:
			CF = (-0.3314, 0.005366, 0.000117)
			CM = (0.1138, -2.976e-5, -0.0001857)
	step 49/359 at time 0.01361111111111111
		PressureLaplace(material_derivative)[step=50]: rebuild=false, panels=7288, CG iters=726, solved=true
		ForceMonitor[i_system=1, step=50]:
			CF = (-0.2228, -3.34e-5, -1.994e-5)
			CM = (0.01275, -1.178e-5, 5.774e-5)
		PressureLaplace(lamb_vector)[step=50]: rebuild=false, panels=7288, CG iters=775, solved=true
		ForceMonitor[i_system=1, step=50]:
			CF = (-0.03093, -2.4e-6, 2.578e-5)
			CM = (0.001237, -1.209e-6, -4.132e-6)
		ForceMonitor[i_system=1, step=50]:
			CF = (-0.33, -0.001637, 0.001137)
			CM = (0.1149, 3.68e-6, -1.716e-5)
	step 50/359 at time 0.013888888888888888
		PressureLaplace(material_derivative)[step=51]: rebuild=false, panels=7288, CG iters=725, solved=true
		ForceMonitor[i_system=1, step=51]:
			CF = (-0.2243, -5.53e-5, -0.0001392)
			CM = (0.01283, -1.257e-5, 3.39e-5)
		PressureLaplace(lamb_vector)[step=51]: rebuild=false, panels=7288, CG iters=776, solved=true
		ForceMonitor[i_system=1, step=51]:
			CF = (-0.031, 1.023e-5, 1.493e-5)
			CM = (0.001242, -1.762e-6, -8.298e-6)
		ForceMonitor[i_system=1, step=51]:
			CF = (-0.3289, -0.0027, -0.0003213)
			CM = (0.1157, -1.057e-5, -2.745e-5)
	step 51/359 at time 0.014166666666666666
		PressureLaplace(material_derivative)[step=52]: rebuild=false, panels=7288, CG iters=721, solved=true
		ForceMonitor[i_system=1, step=52]:
			CF = (-0.2266, -5.954e-5, -0.0001906)
			CM = (0.01292, -7.953e-6, 2.236e-5)
		PressureLaplace(lamb_vector)[step=52]: rebuild=false, panels=7288, CG iters=776, solved=true
		ForceMonitor[i_system=1, step=52]:
			CF = (-0.03103, 1.583e-5, 8.663e-6)
			CM = (0.00125, -2.699e-6, -1.431e-5)
		ForceMonitor[i_system=1, step=52]:
			CF = (-0.3291, -0.002941, -0.001243)
			CM = (0.1159, -4.395e-6, -6.06e-5)
	step 52/359 at time 0.014444444444444444
		PressureLaplace(material_derivative)[step=53]: rebuild=false, panels=7288, CG iters=719, solved=true
		ForceMonitor[i_system=1, step=53]:
			CF = (-0.2283, -4.196e-6, -0.0003327)
			CM = (0.01295, -1.093e-7, -7.384e-6)
		PressureLaplace(lamb_vector)[step=53]: rebuild=false, panels=7288, CG iters=776, solved=true
		ForceMonitor[i_system=1, step=53]:
			CF = (-0.03094, 1.215e-5, 5.24e-6)
			CM = (0.001259, -3.354e-6, -2.037e-5)
		ForceMonitor[i_system=1, step=53]:
			CF = (-0.3305, 0.002356, -0.003929)
			CM = (0.1154, 7.913e-6, -0.000321)
	step 53/359 at time 0.014722222222222222
		PressureLaplace(material_derivative)[step=54]: rebuild=false, panels=7288, CG iters=725, solved=true
		ForceMonitor[i_system=1, step=54]:
			CF = (-0.2302, 3.23e-5, -0.0003195)
			CM = (0.01296, -2.299e-6, -7.066e-6)
		PressureLaplace(lamb_vector)[step=54]: rebuild=false, panels=7288, CG iters=776, solved=true
		ForceMonitor[i_system=1, step=54]:
			CF = (-0.03073, 2.07e-5, 1.223e-6)
			CM = (0.00127, -3.424e-6, -2.746e-5)
		ForceMonitor[i_system=1, step=54]:
			CF = (-0.3305, 0.006634, -0.004532)
			CM = (0.114, -7.995e-6, -0.0004178)
	step 54/359 at time 0.015
		PressureLaplace(material_derivative)[step=55]: rebuild=false, panels=7288, CG iters=730, solved=true
		ForceMonitor[i_system=1, step=55]:
			CF = (-0.2313, 6.658e-5, -0.0004682)
			CM = (0.0129, -3.275e-6, -2.565e-5)
		PressureLaplace(lamb_vector)[step=55]: rebuild=false, panels=7288, CG iters=777, solved=true
		ForceMonitor[i_system=1, step=55]:
			CF = (-0.03034, 1.599e-5, 3.905e-6)
			CM = (0.001277, -4.646e-6, -3.66e-5)
		ForceMonitor[i_system=1, step=55]:
			CF = (-0.3273, 0.01156, -0.006961)
			CM = (0.1116, -1.672e-5, -0.0006144)
	step 55/359 at time 0.015277777777777777
		PressureLaplace(material_derivative)[step=56]: rebuild=false, panels=7288, CG iters=723, solved=true
		ForceMonitor[i_system=1, step=56]:
			CF = (-0.2321, 4.528e-5, -0.0005468)
			CM = (0.01279, 5.804e-6, -6.16e-5)
		PressureLaplace(lamb_vector)[step=56]: rebuild=false, panels=7288, CG iters=777, solved=true
		ForceMonitor[i_system=1, step=56]:
			CF = (-0.02981, 1.09e-5, 8.189e-6)
			CM = (0.001284, -5.744e-6, -4.477e-5)
		ForceMonitor[i_system=1, step=56]:
			CF = (-0.3229, 0.007575, -0.006462)
			CM = (0.1082, 1.916e-5, -0.000633)
	step 56/359 at time 0.015555555555555555
		PressureLaplace(material_derivative)[step=57]: rebuild=false, panels=7288, CG iters=730, solved=true
		ForceMonitor[i_system=1, step=57]:
			CF = (-0.2324, 7.094e-5, -0.0006986)
			CM = (0.01263, 3.951e-6, -0.0001329)
		PressureLaplace(lamb_vector)[step=57]: rebuild=false, panels=7288, CG iters=778, solved=true
		ForceMonitor[i_system=1, step=57]:
			CF = (-0.02918, 1.816e-5, -9.64e-6)
			CM = (0.001288, -5.338e-6, -4.783e-5)
		ForceMonitor[i_system=1, step=57]:
			CF = (-0.317, 0.00869, -0.007727)
			CM = (0.1042, -3.718e-6, -0.0006885)
	step 57/359 at time 0.015833333333333335
		PressureLaplace(material_derivative)[step=58]: rebuild=false, panels=7288, CG iters=735, solved=true
		ForceMonitor[i_system=1, step=58]:
			CF = (-0.2327, 9.754e-5, -0.0008762)
			CM = (0.01244, 6.167e-6, -0.0001899)
		PressureLaplace(lamb_vector)[step=58]: rebuild=false, panels=7288, CG iters=778, solved=true
		ForceMonitor[i_system=1, step=58]:
			CF = (-0.02849, 1.862e-5, -1.998e-5)
			CM = (0.00129, -5.287e-6, -4.985e-5)
		ForceMonitor[i_system=1, step=58]:
			CF = (-0.3097, 0.01037, -0.009503)
			CM = (0.09984, -1.428e-5, -0.0007507)
	step 58/359 at time 0.01611111111111111
		PressureLaplace(material_derivative)[step=59]: rebuild=false, panels=7288, CG iters=736, solved=true
		ForceMonitor[i_system=1, step=59]:
			CF = (-0.2326, 0.0001462, -0.001013)
			CM = (0.01223, 7.661e-6, -0.0002477)
		PressureLaplace(lamb_vector)[step=59]: rebuild=false, panels=7288, CG iters=779, solved=true
		ForceMonitor[i_system=1, step=59]:
			CF = (-0.0278, 1.818e-5, -2.2e-5)
			CM = (0.00129, -5.295e-6, -4.72e-5)
		ForceMonitor[i_system=1, step=59]:
			CF = (-0.3024, 0.01265, -0.01067)
			CM = (0.09547, -2.486e-5, -0.0007985)
	step 59/359 at time 0.01638888888888889
		PressureLaplace(material_derivative)[step=60]: rebuild=false, panels=7288, CG iters=738, solved=true
		ForceMonitor[i_system=1, step=60]:
			CF = (-0.2324, 0.0002221, -0.001144)
			CM = (0.01203, 8.058e-6, -0.0003164)
		PressureLaplace(lamb_vector)[step=60]: rebuild=false, panels=7288, CG iters=779, solved=true
		ForceMonitor[i_system=1, step=60]:
			CF = (-0.02717, 1.752e-5, -2.254e-5)
			CM = (0.001288, -4.536e-6, -3.864e-5)
		ForceMonitor[i_system=1, step=60]:
			CF = (-0.2968, 0.01708, -0.01137)
			CM = (0.09157, -3.901e-5, -0.0008437)
	step 60/359 at time 0.016666666666666666
		PressureLaplace(material_derivative)[step=61]: rebuild=false, panels=7288, CG iters=745, solved=true
		ForceMonitor[i_system=1, step=61]:
			CF = (-0.2324, 0.0003134, -0.001297)
			CM = (0.01186, 1.163e-5, -0.0003512)
		PressureLaplace(lamb_vector)[step=61]: rebuild=false, panels=7288, CG iters=779, solved=true
		ForceMonitor[i_system=1, step=61]:
			CF = (-0.02663, 1.938e-5, -2.219e-5)
			CM = (0.001288, -4.19e-6, -3.394e-5)
		ForceMonitor[i_system=1, step=61]:
			CF = (-0.2937, 0.02248, -0.01233)
			CM = (0.08834, -5.225e-5, -0.0008984)
	step 61/359 at time 0.016944444444444446
		PressureLaplace(material_derivative)[step=62]: rebuild=false, panels=7288, CG iters=745, solved=true
		ForceMonitor[i_system=1, step=62]:
			CF = (-0.2325, 0.0003777, -0.001424)
			CM = (0.01173, 1.088e-5, -0.0003458)
		PressureLaplace(lamb_vector)[step=62]: rebuild=false, panels=7288, CG iters=780, solved=true
		ForceMonitor[i_system=1, step=62]:
			CF = (-0.02624, 2.514e-5, -2.665e-5)
			CM = (0.001288, -3.258e-6, -3.026e-5)
		ForceMonitor[i_system=1, step=62]:
			CF = (-0.2929, 0.0285, -0.01444)
			CM = (0.08583, -6.946e-5, -0.001026)
	step 62/359 at time 0.017222222222222222
		PressureLaplace(material_derivative)[step=63]: rebuild=false, panels=7288, CG iters=745, solved=true
		ForceMonitor[i_system=1, step=63]:
			CF = (-0.2316, 0.0003905, -0.001382)
			CM = (0.01162, 1.344e-5, -0.0002923)
		PressureLaplace(lamb_vector)[step=63]: rebuild=false, panels=7288, CG iters=780, solved=true
		ForceMonitor[i_system=1, step=63]:
			CF = (-0.02601, 2.765e-5, -1.961e-5)
			CM = (0.001284, -2.564e-6, -2.637e-5)
		ForceMonitor[i_system=1, step=63]:
			CF = (-0.2941, 0.03019, -0.01457)
			CM = (0.08432, -6.721e-5, -0.001041)
	step 63/359 at time 0.0175
		PressureLaplace(material_derivative)[step=64]: rebuild=false, panels=7288, CG iters=745, solved=true
		ForceMonitor[i_system=1, step=64]:
			CF = (-0.2315, 0.0003631, -0.001195)
			CM = (0.01159, 2.058e-5, -0.0001541)
		PressureLaplace(lamb_vector)[step=64]: rebuild=false, panels=7288, CG iters=780, solved=true
		ForceMonitor[i_system=1, step=64]:
			CF = (-0.02595, 2.788e-5, 1.007e-6)
			CM = (0.001283, -3.243e-6, -2.568e-5)
		ForceMonitor[i_system=1, step=64]:
			CF = (-0.2955, 0.02866, -0.014)
			CM = (0.08376, -3.852e-5, -0.0009967)
	step 64/359 at time 0.017777777777777778
		PressureLaplace(material_derivative)[step=65]: rebuild=false, panels=7288, CG iters=745, solved=true
		ForceMonitor[i_system=1, step=65]:
			CF = (-0.2313, 0.0003249, -0.001016)
			CM = (0.01159, 2.333e-5, -2.391e-5)
		PressureLaplace(lamb_vector)[step=65]: rebuild=false, panels=7288, CG iters=779, solved=true
		ForceMonitor[i_system=1, step=65]:
			CF = (-0.02599, 2.515e-5, 2.126e-5)
			CM = (0.001284, -4.683e-6, -3.034e-5)
		ForceMonitor[i_system=1, step=65]:
			CF = (-0.2984, 0.02765, -0.01388)
			CM = (0.08402, -2.163e-5, -0.0009938)
	step 65/359 at time 0.018055555555555554
		PressureLaplace(material_derivative)[step=66]: rebuild=false, panels=7288, CG iters=745, solved=true
		ForceMonitor[i_system=1, step=66]:
			CF = (-0.2303, 0.0003173, -0.0008009)
			CM = (0.0116, 1.7e-5, 0.000103)
		PressureLaplace(lamb_vector)[step=66]: rebuild=false, panels=7288, CG iters=779, solved=true
		ForceMonitor[i_system=1, step=66]:
			CF = (-0.02615, 2.266e-5, 3.416e-5)
			CM = (0.001282, -7.094e-6, -4.464e-5)
		ForceMonitor[i_system=1, step=66]:
			CF = (-0.3027, 0.0301, -0.01392)
			CM = (0.085, -2.644e-5, -0.001053)
	step 66/359 at time 0.018333333333333333
		PressureLaplace(material_derivative)[step=67]: rebuild=false, panels=7288, CG iters=738, solved=true
		ForceMonitor[i_system=1, step=67]:
			CF = (-0.2278, 0.0002918, -0.0007374)
			CM = (0.01159, 6.119e-5, 0.0003078)
		PressureLaplace(lamb_vector)[step=67]: rebuild=false, panels=7288, CG iters=779, solved=true
		ForceMonitor[i_system=1, step=67]:
			CF = (-0.0264, -6.185e-6, 6.03e-5)
			CM = (0.001273, -1.455e-5, -7.094e-5)
		ForceMonitor[i_system=1, step=67]:
			CF = (-0.307, 0.02267, -0.01504)
			CM = (0.08671, 0.0001335, -0.001154)
	step 67/359 at time 0.01861111111111111
		PressureLaplace(material_derivative)[step=68]: rebuild=false, panels=7288, CG iters=744, solved=true
		ForceMonitor[i_system=1, step=68]:
			CF = (-0.2269, 0.00048, -0.0009169)
			CM = (0.01165, 6.946e-5, 0.000314)
		PressureLaplace(lamb_vector)[step=68]: rebuild=false, panels=7288, CG iters=779, solved=true
		ForceMonitor[i_system=1, step=68]:
			CF = (-0.02673, -1.78e-5, 6.348e-5)
			CM = (0.00127, -1.919e-5, -0.0001077)
		ForceMonitor[i_system=1, step=68]:
			CF = (-0.3154, 0.03439, -0.01896)
			CM = (0.08882, 0.000152, -0.001635)
	step 68/359 at time 0.01888888888888889
		PressureLaplace(material_derivative)[step=69]: rebuild=false, panels=7288, CG iters=739, solved=true
		ForceMonitor[i_system=1, step=69]:
			CF = (-0.2269, 0.0005888, -0.001075)
			CM = (0.01176, 7.647e-5, 0.0001881)
		PressureLaplace(lamb_vector)[step=69]: rebuild=false, panels=7288, CG iters=778, solved=true
		ForceMonitor[i_system=1, step=69]:
			CF = (-0.02707, -2.126e-5, 5.595e-5)
			CM = (0.001271, -2.03e-5, -0.0001314)
		ForceMonitor[i_system=1, step=69]:
			CF = (-0.324, 0.03756, -0.01955)
			CM = (0.09095, 0.0001781, -0.001932)
	step 69/359 at time 0.019166666666666665
		PressureLaplace(material_derivative)[step=70]: rebuild=false, panels=7288, CG iters=739, solved=true
		ForceMonitor[i_system=1, step=70]:
			CF = (-0.2272, 0.0006003, -0.001342)
			CM = (0.01186, 7.0e-5, -7.098e-6)
		PressureLaplace(lamb_vector)[step=70]: rebuild=false, panels=7288, CG iters=778, solved=true
		ForceMonitor[i_system=1, step=70]:
			CF = (-0.02732, -7.49e-6, 3.445e-5)
			CM = (0.001275, -1.793e-5, -0.0001395)
		ForceMonitor[i_system=1, step=70]:
			CF = (-0.3306, 0.03547, -0.01947)
			CM = (0.09262, 0.0001642, -0.002055)
	step 70/359 at time 0.019444444444444445
		PressureLaplace(material_derivative)[step=71]: rebuild=false, panels=7288, CG iters=738, solved=true
		ForceMonitor[i_system=1, step=71]:
			CF = (-0.2283, 0.0004824, -0.001415)
			CM = (0.01196, 4.999e-5, -0.0002062)
		PressureLaplace(lamb_vector)[step=71]: rebuild=false, panels=7288, CG iters=777, solved=true
		ForceMonitor[i_system=1, step=71]:
			CF = (-0.02745, 1.586e-5, 6.682e-6)
			CM = (0.001282, -1.173e-5, -0.0001229)
		ForceMonitor[i_system=1, step=71]:
			CF = (-0.3344, 0.02548, -0.01594)
			CM = (0.09348, 0.0001183, -0.001774)
	step 71/359 at time 0.01972222222222222
		PressureLaplace(material_derivative)[step=72]: rebuild=false, panels=7288, CG iters=738, solved=true
		ForceMonitor[i_system=1, step=72]:
			CF = (-0.2294, 0.0004026, -0.001437)
			CM = (0.01202, 1.79e-5, -0.0002865)
		PressureLaplace(lamb_vector)[step=72]: rebuild=false, panels=7288, CG iters=778, solved=true
		ForceMonitor[i_system=1, step=72]:
			CF = (-0.0274, 3.805e-5, -9.602e-6)
			CM = (0.00129, -7.179e-6, -0.0001028)
		ForceMonitor[i_system=1, step=72]:
			CF = (-0.3357, 0.02289, -0.01418)
			CM = (0.09342, 3.323e-5, -0.001561)
	step 72/359 at time 0.02
		PressureLaplace(material_derivative)[step=73]: rebuild=false, panels=7288, CG iters=738, solved=true
		ForceMonitor[i_system=1, step=73]:
			CF = (-0.2306, 0.0003212, -0.001536)
			CM = (0.01203, -8.015e-6, -0.0003778)
		PressureLaplace(lamb_vector)[step=73]: rebuild=false, panels=7288, CG iters=778, solved=true
		ForceMonitor[i_system=1, step=73]:
			CF = (-0.02717, 4.666e-5, -1.756e-5)
			CM = (0.001299, -4.345e-6, -8.538e-5)
		ForceMonitor[i_system=1, step=73]:
			CF = (-0.3338, 0.02117, -0.01323)
			CM = (0.09233, -3.144e-5, -0.001413)
	step 73/359 at time 0.020277777777777777
		PressureLaplace(material_derivative)[step=74]: rebuild=false, panels=7288, CG iters=737, solved=true
		ForceMonitor[i_system=1, step=74]:
			CF = (-0.2311, 0.0002402, -0.00171)
			CM = (0.01198, -2.227e-5, -0.0004532)
		PressureLaplace(lamb_vector)[step=74]: rebuild=false, panels=7288, CG iters=778, solved=true
		ForceMonitor[i_system=1, step=74]:
			CF = (-0.02676, 4.73e-5, -3.299e-5)
			CM = (0.001307, -2.036e-6, -6.928e-5)
		ForceMonitor[i_system=1, step=74]:
			CF = (-0.3288, 0.01993, -0.01367)
			CM = (0.09019, -6.263e-5, -0.001346)
	step 74/359 at time 0.020555555555555556
		PressureLaplace(material_derivative)[step=75]: rebuild=false, panels=7288, CG iters=721, solved=true
		ForceMonitor[i_system=1, step=75]:
			CF = (-0.2315, 0.0001424, -0.00179)
			CM = (0.01186, -2.89e-5, -0.0004706)
		PressureLaplace(lamb_vector)[step=75]: rebuild=false, panels=7288, CG iters=779, solved=true
		ForceMonitor[i_system=1, step=75]:
			CF = (-0.02622, 4.852e-5, -4.072e-5)
			CM = (0.001312, -5.877e-7, -5.601e-5)
		ForceMonitor[i_system=1, step=75]:
			CF = (-0.3213, 0.01572, -0.01383)
			CM = (0.08717, -9.279e-5, -0.001177)
	step 75/359 at time 0.020833333333333332
		PressureLaplace(material_derivative)[step=76]: rebuild=false, panels=7288, CG iters=717, solved=true
		ForceMonitor[i_system=1, step=76]:
			CF = (-0.2312, 0.0001198, -0.001969)
			CM = (0.01168, -1.579e-5, -0.00047)
		PressureLaplace(lamb_vector)[step=76]: rebuild=false, panels=7288, CG iters=779, solved=true
		ForceMonitor[i_system=1, step=76]:
			CF = (-0.02555, 4.02e-5, -3.793e-5)
			CM = (0.001314, -2.16e-6, -5.857e-5)
		ForceMonitor[i_system=1, step=76]:
			CF = (-0.3132, 0.01504, -0.01622)
			CM = (0.08351, -8.075e-5, -0.001242)
	step 76/359 at time 0.021111111111111112
		PressureLaplace(material_derivative)[step=77]: rebuild=false, panels=7288, CG iters=724, solved=true
		ForceMonitor[i_system=1, step=77]:
			CF = (-0.2305, 0.0001377, -0.002234)
			CM = (0.01146, -1.101e-6, -0.000489)
		PressureLaplace(lamb_vector)[step=77]: rebuild=false, panels=7288, CG iters=780, solved=true
		ForceMonitor[i_system=1, step=77]:
			CF = (-0.02482, 3.547e-5, -3.385e-5)
			CM = (0.001309, -4.388e-6, -7.544e-5)
		ForceMonitor[i_system=1, step=77]:
			CF = (-0.3051, 0.01463, -0.01875)
			CM = (0.0797, -6.678e-5, -0.001421)
	step 77/359 at time 0.021388888888888888
		PressureLaplace(material_derivative)[step=78]: rebuild=false, panels=7288, CG iters=719, solved=true
		ForceMonitor[i_system=1, step=78]:
			CF = (-0.2297, 0.0002537, -0.002726)
			CM = (0.01122, 9.296e-6, -0.0005898)
		PressureLaplace(lamb_vector)[step=78]: rebuild=false, panels=7288, CG iters=780, solved=true
		ForceMonitor[i_system=1, step=78]:
			CF = (-0.02413, 4.239e-5, -2.517e-5)
			CM = (0.001303, -6.834e-6, -9.376e-5)
		ForceMonitor[i_system=1, step=78]:
			CF = (-0.2979, 0.02266, -0.02375)
			CM = (0.07605, -7.354e-5, -0.001909)
	step 78/359 at time 0.021666666666666667
		PressureLaplace(material_derivative)[step=79]: rebuild=false, panels=7288, CG iters=722, solved=true
		ForceMonitor[i_system=1, step=79]:
			CF = (-0.2289, 0.000366, -0.003138)
			CM = (0.011, 1.976e-5, -0.0006629)
		PressureLaplace(lamb_vector)[step=79]: rebuild=false, panels=7288, CG iters=781, solved=true
		ForceMonitor[i_system=1, step=79]:
			CF = (-0.02351, 3.891e-5, -2.799e-5)
			CM = (0.001297, -9.284e-6, -0.0001134)
		ForceMonitor[i_system=1, step=79]:
			CF = (-0.2944, 0.03043, -0.0285)
			CM = (0.07295, -8.212e-5, -0.002287)
	step 79/359 at time 0.021944444444444444
		PressureLaplace(material_derivative)[step=80]: rebuild=false, panels=7288, CG iters=724, solved=true
		ForceMonitor[i_system=1, step=80]:
			CF = (-0.2272, 0.0003905, -0.003522)
			CM = (0.0108, 1.954e-5, -0.0008185)
		PressureLaplace(lamb_vector)[step=80]: rebuild=false, panels=7288, CG iters=781, solved=true
		ForceMonitor[i_system=1, step=80]:
			CF = (-0.02305, 3.607e-5, -3.589e-5)
			CM = (0.001288, -8.773e-6, -0.0001183)
		ForceMonitor[i_system=1, step=80]:
			CF = (-0.2924, 0.03588, -0.0322)
			CM = (0.07072, -0.0001242, -0.00268)
	step 80/359 at time 0.022222222222222223
		PressureLaplace(material_derivative)[step=81]: rebuild=false, panels=7288, CG iters=722, solved=true
		ForceMonitor[i_system=1, step=81]:
			CF = (-0.2258, 0.0003314, -0.003644)
			CM = (0.01066, 2.143e-5, -0.0008965)
		PressureLaplace(lamb_vector)[step=81]: rebuild=false, panels=7288, CG iters=781, solved=true
		ForceMonitor[i_system=1, step=81]:
			CF = (-0.02278, 3.479e-5, -4.183e-5)
			CM = (0.001279, -7.017e-6, -0.0001173)
		ForceMonitor[i_system=1, step=81]:
			CF = (-0.2932, 0.03612, -0.03238)
			CM = (0.06943, -0.0001457, -0.002738)
	step 81/359 at time 0.0225
		PressureLaplace(material_derivative)[step=82]: rebuild=false, panels=7288, CG iters=735, solved=true
		ForceMonitor[i_system=1, step=82]:
			CF = (-0.2258, 0.0002028, -0.003525)
			CM = (0.01061, 6.442e-6, -0.0009325)
		PressureLaplace(lamb_vector)[step=82]: rebuild=false, panels=7288, CG iters=781, solved=true
		ForceMonitor[i_system=1, step=82]:
			CF = (-0.02271, 2.828e-5, -6.611e-5)
			CM = (0.001271, 1.191e-6, -8.675e-5)
		ForceMonitor[i_system=1, step=82]:
			CF = (-0.2968, 0.03734, -0.02961)
			CM = (0.06911, -0.0002146, -0.002537)
	step 82/359 at time 0.02277777777777778
		PressureLaplace(material_derivative)[step=83]: rebuild=false, panels=7288, CG iters=725, solved=true
		ForceMonitor[i_system=1, step=83]:
			CF = (-0.2279, 6.542e-5, -0.003599)
			CM = (0.01066, 5.672e-5, -0.0006845)
		PressureLaplace(lamb_vector)[step=83]: rebuild=false, panels=7288, CG iters=780, solved=true
		ForceMonitor[i_system=1, step=83]:
			CF = (-0.02279, 7.741e-6, -2.809e-5)
			CM = (0.001272, -2.102e-6, -8.949e-5)
		ForceMonitor[i_system=1, step=83]:
			CF = (-0.3043, 0.02144, -0.02921)
			CM = (0.06937, -5.935e-5, -0.002269)
	step 83/359 at time 0.023055555555555555
		PressureLaplace(material_derivative)[step=84]: rebuild=false, panels=7288, CG iters=724, solved=true
		ForceMonitor[i_system=1, step=84]:
			CF = (-0.2274, -0.0001165, -0.0032)
			CM = (0.01067, 6.558e-5, -0.0006535)
		PressureLaplace(lamb_vector)[step=84]: rebuild=false, panels=7288, CG iters=780, solved=true
		ForceMonitor[i_system=1, step=84]:
			CF = (-0.02299, 5.55e-7, -2.211e-5)
			CM = (0.001268, -1.183e-6, -6.733e-5)
		ForceMonitor[i_system=1, step=84]:
			CF = (-0.3111, 0.005627, -0.02362)
			CM = (0.07043, 1.79e-5, -0.001842)
	step 84/359 at time 0.023333333333333334
		PressureLaplace(material_derivative)[step=85]: rebuild=false, panels=7288, CG iters=737, solved=true
		ForceMonitor[i_system=1, step=85]:
			CF = (-0.2279, -9.26e-5, -0.002503)
			CM = (0.01077, 4.155e-5, -0.000494)
		PressureLaplace(lamb_vector)[step=85]: rebuild=false, panels=7288, CG iters=779, solved=true
		ForceMonitor[i_system=1, step=85]:
			CF = (-0.02331, -6.242e-7, -1.424e-5)
			CM = (0.001268, 1.504e-6, -4.038e-5)
		ForceMonitor[i_system=1, step=85]:
			CF = (-0.3188, 0.01082, -0.01899)
			CM = (0.07225, -4.0e-5, -0.001422)
	step 85/359 at time 0.02361111111111111
		PressureLaplace(material_derivative)[step=86]: rebuild=false, panels=7288, CG iters=739, solved=true
		ForceMonitor[i_system=1, step=86]:
			CF = (-0.2283, -9.82e-5, -0.001801)
			CM = (0.01088, 2.079e-5, -0.0003524)
		PressureLaplace(lamb_vector)[step=86]: rebuild=false, panels=7288, CG iters=779, solved=true
		ForceMonitor[i_system=1, step=86]:
			CF = (-0.02363, -4.524e-6, -6.903e-6)
			CM = (0.001272, 1.909e-6, -1.875e-5)
		ForceMonitor[i_system=1, step=86]:
			CF = (-0.3269, 0.009835, -0.01385)
			CM = (0.07411, -7.571e-5, -0.0009767)
	step 86/359 at time 0.02388888888888889
		PressureLaplace(material_derivative)[step=87]: rebuild=false, panels=7288, CG iters=736, solved=true
		ForceMonitor[i_system=1, step=87]:
			CF = (-0.2294, -0.0002125, -0.001195)
			CM = (0.01103, 1.675e-5, -0.0001718)
		PressureLaplace(lamb_vector)[step=87]: rebuild=false, panels=7288, CG iters=778, solved=true
		ForceMonitor[i_system=1, step=87]:
			CF = (-0.02395, -6.227e-6, 5.322e-6)
			CM = (0.001277, 3.735e-8, -1.533e-7)
		ForceMonitor[i_system=1, step=87]:
			CF = (-0.3344, -0.005288, -0.007124)
			CM = (0.07613, -3.661e-5, -0.0002983)
	step 87/359 at time 0.024166666666666666
		PressureLaplace(material_derivative)[step=88]: rebuild=false, panels=7288, CG iters=729, solved=true
		ForceMonitor[i_system=1, step=88]:
			CF = (-0.2304, -0.0002512, -0.0006591)
			CM = (0.01117, -1.372e-6, -9.055e-5)
		PressureLaplace(lamb_vector)[step=88]: rebuild=false, panels=7288, CG iters=778, solved=true
		ForceMonitor[i_system=1, step=88]:
			CF = (-0.02423, -8.221e-6, 4.972e-7)
			CM = (0.001284, 1.478e-6, 1.514e-5)
		ForceMonitor[i_system=1, step=88]:
			CF = (-0.3408, -0.01184, -0.001962)
			CM = (0.0779, -5.688e-5, 0.0001112)
	step 88/359 at time 0.024444444444444446
		PressureLaplace(material_derivative)[step=89]: rebuild=false, panels=7288, CG iters=724, solved=true
		ForceMonitor[i_system=1, step=89]:
			CF = (-0.2299, -0.0001495, -0.0004683)
			CM = (0.01124, -1.843e-5, -0.000152)
		PressureLaplace(lamb_vector)[step=89]: rebuild=false, panels=7288, CG iters=776, solved=true
		ForceMonitor[i_system=1, step=89]:
			CF = (-0.02436, -6.802e-6, -1.091e-5)
			CM = (0.00129, 4.964e-6, 3.973e-5)
		ForceMonitor[i_system=1, step=89]:
			CF = (-0.3459, -0.006728, -0.0004311)
			CM = (0.07911, -0.0001089, 0.0002429)
	step 89/359 at time 0.024722222222222222
		PressureLaplace(material_derivative)[step=90]: rebuild=false, panels=7288, CG iters=712, solved=true
		ForceMonitor[i_system=1, step=90]:
			CF = (-0.2293, -5.534e-5, -0.0003848)
			CM = (0.01127, -3.283e-5, -0.000203)
		PressureLaplace(lamb_vector)[step=90]: rebuild=false, panels=7288, CG iters=776, solved=true
		ForceMonitor[i_system=1, step=90]:
			CF = (-0.02442, 5.394e-7, -3.89e-5)
			CM = (0.001294, 9.269e-6, 7.23e-5)
		ForceMonitor[i_system=1, step=90]:
			CF = (-0.3473, 0.001034, -0.0007426)
			CM = (0.07967, -0.0001756, 0.0004051)
	step 90/359 at time 0.025
		PressureLaplace(material_derivative)[step=91]: rebuild=false, panels=7288, CG iters=727, solved=true
		ForceMonitor[i_system=1, step=91]:
			CF = (-0.2276, -1.346e-5, -0.0001929)
			CM = (0.01121, -4.037e-5, -0.0001771)
		PressureLaplace(lamb_vector)[step=91]: rebuild=false, panels=7288, CG iters=773, solved=true
		ForceMonitor[i_system=1, step=91]:
			CF = (-0.02431, 8.67e-6, -3.544e-5)
			CM = (0.001296, 1.202e-5, 9.383e-5)
		ForceMonitor[i_system=1, step=91]:
			CF = (-0.3472, 0.005695, -0.0002043)
			CM = (0.0793, -0.000215, 0.0005363)
	step 91/359 at time 0.025277777777777777
		PressureLaplace(material_derivative)[step=92]: rebuild=false, panels=7288, CG iters=737, solved=true
		ForceMonitor[i_system=1, step=92]:
			CF = (-0.2246, 3.594e-6, -5.17e-5)
			CM = (0.01108, -4.522e-5, -9.299e-5)
		PressureLaplace(lamb_vector)[step=92]: rebuild=false, panels=7288, CG iters=769, solved=true
		ForceMonitor[i_system=1, step=92]:
			CF = (-0.02405, 9.341e-6, -2.042e-5)
			CM = (0.001292, 1.196e-5, 9.952e-5)
		ForceMonitor[i_system=1, step=92]:
			CF = (-0.3447, 0.01266, -0.001335)
			CM = (0.07814, -0.0002424, 0.0004896)
	step 92/359 at time 0.025555555555555557
		PressureLaplace(material_derivative)[step=93]: rebuild=false, panels=7288, CG iters=739, solved=true
		ForceMonitor[i_system=1, step=93]:
			CF = (-0.2212, -4.23e-5, 0.0001428)
			CM = (0.01089, -3.975e-5, 3.791e-6)
		PressureLaplace(lamb_vector)[step=93]: rebuild=false, panels=7288, CG iters=760, solved=true
		ForceMonitor[i_system=1, step=93]:
			CF = (-0.02367, 2.937e-6, -9.873e-6)
			CM = (0.001286, 1.123e-5, 9.736e-5)
		ForceMonitor[i_system=1, step=93]:
			CF = (-0.3405, 0.01393, -0.001494)
			CM = (0.07625, -0.0002225, 0.0004385)
	step 93/359 at time 0.025833333333333333
		PressureLaplace(material_derivative)[step=94]: rebuild=false, panels=7288, CG iters=738, solved=true
		ForceMonitor[i_system=1, step=94]:
			CF = (-0.2181, 2.549e-5, 0.0002147)
			CM = (0.01069, -2.4e-5, 0.0001248)
		PressureLaplace(lamb_vector)[step=94]: rebuild=false, panels=7288, CG iters=759, solved=true
		ForceMonitor[i_system=1, step=94]:
			CF = (-0.02321, -1.067e-5, 1.03e-5)
			CM = (0.00128, 6.605e-6, 7.613e-5)
		ForceMonitor[i_system=1, step=94]:
			CF = (-0.3366, 0.01844, -0.003471)
			CM = (0.0739, -0.0001592, 0.0001425)
	step 94/359 at time 0.026111111111111113
		PressureLaplace(material_derivative)[step=95]: rebuild=false, panels=7288, CG iters=738, solved=true
		ForceMonitor[i_system=1, step=95]:
			CF = (-0.2167, 3.312e-5, 0.000282)
			CM = (0.01052, -6.676e-6, 0.0001344)
		PressureLaplace(lamb_vector)[step=95]: rebuild=false, panels=7288, CG iters=760, solved=true
		ForceMonitor[i_system=1, step=95]:
			CF = (-0.02271, -2.526e-5, 1.511e-5)
			CM = (0.001276, 4.82e-6, 6.167e-5)
		ForceMonitor[i_system=1, step=95]:
			CF = (-0.3333, 0.01372, -0.002678)
			CM = (0.07127, -7.026e-5, 2.999e-5)
	step 95/359 at time 0.02638888888888889
		PressureLaplace(material_derivative)[step=96]: rebuild=false, panels=7288, CG iters=739, solved=true
		ForceMonitor[i_system=1, step=96]:
			CF = (-0.2155, -6.584e-5, 0.0003685)
			CM = (0.01036, 1.965e-5, 6.403e-5)
		PressureLaplace(lamb_vector)[step=96]: rebuild=false, panels=7288, CG iters=762, solved=true
		ForceMonitor[i_system=1, step=96]:
			CF = (-0.02223, -4.375e-5, 2.035e-5)
			CM = (0.001271, 5.039e-6, 5.993e-5)
		ForceMonitor[i_system=1, step=96]:
			CF = (-0.331, -0.004487, 0.002184)
			CM = (0.06872, 7.754e-5, 0.0002053)
	step 96/359 at time 0.02666666666666667
		PressureLaplace(material_derivative)[step=97]: rebuild=false, panels=7288, CG iters=739, solved=true
		ForceMonitor[i_system=1, step=97]:
			CF = (-0.215, -0.0001467, 0.0004765)
			CM = (0.01022, 3.284e-5, -1.152e-5)
		PressureLaplace(lamb_vector)[step=97]: rebuild=false, panels=7288, CG iters=765, solved=true
		ForceMonitor[i_system=1, step=97]:
			CF = (-0.02182, -5.4e-5, 1.493e-5)
			CM = (0.001267, 5.569e-6, 6.309e-5)
		ForceMonitor[i_system=1, step=97]:
			CF = (-0.3298, -0.02103, 0.006988)
			CM = (0.06654, 0.0001753, 0.0005444)
	step 97/359 at time 0.026944444444444444
		PressureLaplace(material_derivative)[step=98]: rebuild=false, panels=7288, CG iters=739, solved=true
		ForceMonitor[i_system=1, step=98]:
			CF = (-0.2151, -0.0001642, 0.0007565)
			CM = (0.01012, 3.851e-5, 7.222e-5)
		PressureLaplace(lamb_vector)[step=98]: rebuild=false, panels=7288, CG iters=770, solved=true
		ForceMonitor[i_system=1, step=98]:
			CF = (-0.02152, -6.799e-5, 1.499e-6)
			CM = (0.001269, 5.411e-6, 6.252e-5)
		ForceMonitor[i_system=1, step=98]:
			CF = (-0.3295, -0.02907, 0.009986)
			CM = (0.06482, 0.0002144, 0.0008802)
	step 98/359 at time 0.02722222222222222
		PressureLaplace(material_derivative)[step=99]: rebuild=false, panels=7288, CG iters=738, solved=true
		ForceMonitor[i_system=1, step=99]:
			CF = (-0.2141, -0.0001287, 0.0009659)
			CM = (0.01001, 5.146e-5, 0.0001694)
		PressureLaplace(lamb_vector)[step=99]: rebuild=false, panels=7288, CG iters=772, solved=true
		ForceMonitor[i_system=1, step=99]:
			CF = (-0.02138, -9.052e-5, 9.649e-8)
			CM = (0.001269, -4.621e-7, 4.547e-5)
		ForceMonitor[i_system=1, step=99]:
			CF = (-0.3303, -0.03608, 0.01168)
			CM = (0.0639, 0.0002936, 0.001022)
	step 99/359 at time 0.0275
		PressureLaplace(material_derivative)[step=100]: rebuild=false, panels=7288, CG iters=737, solved=true
		ForceMonitor[i_system=1, step=100]:
			CF = (-0.2134, -0.0001495, 0.00106)
			CM = (0.009973, 6.596e-5, 9.46e-5)
		PressureLaplace(lamb_vector)[step=100]: rebuild=false, panels=7288, CG iters=773, solved=true
		ForceMonitor[i_system=1, step=100]:
			CF = (-0.02146, -0.0001099, -2.347e-5)
			CM = (0.001268, -5.363e-6, 2.965e-5)
		ForceMonitor[i_system=1, step=100]:
			CF = (-0.3324, -0.04872, 0.01428)
			CM = (0.0641, 0.0003939, 0.001227)
	step 100/359 at time 0.027777777777777776
		PressureLaplace(material_derivative)[step=101]: rebuild=false, panels=7288, CG iters=735, solved=true
		ForceMonitor[i_system=1, step=101]:
			CF = (-0.2136, -0.0001087, 0.0009487)
			CM = (0.01003, 7.678e-5, -9.25e-5)
		PressureLaplace(lamb_vector)[step=101]: rebuild=false, panels=7288, CG iters=773, solved=true
		ForceMonitor[i_system=1, step=101]:
			CF = (-0.02174, -0.0001162, -6.434e-5)
			CM = (0.001267, -6.494e-6, 1.955e-5)
		ForceMonitor[i_system=1, step=101]:
			CF = (-0.3368, -0.05425, 0.01489)
			CM = (0.06548, 0.0004528, 0.001208)
	step 101/359 at time 0.028055555555555556
		PressureLaplace(material_derivative)[step=102]: rebuild=false, panels=7288, CG iters=728, solved=true
		ForceMonitor[i_system=1, step=102]:
			CF = (-0.2152, -4.06e-5, 0.0008431)
			CM = (0.01019, 8.643e-5, -0.0002356)
		PressureLaplace(lamb_vector)[step=102]: rebuild=false, panels=7288, CG iters=773, solved=true
		ForceMonitor[i_system=1, step=102]:
			CF = (-0.02217, -0.0001126, -9.679e-5)
			CM = (0.001272, -6.051e-6, 1.353e-5)
		ForceMonitor[i_system=1, step=102]:
			CF = (-0.344, -0.05684, 0.01559)
			CM = (0.06789, 0.0004882, 0.00129)
	step 102/359 at time 0.028333333333333332
		PressureLaplace(material_derivative)[step=103]: rebuild=false, panels=7288, CG iters=709, solved=true
		ForceMonitor[i_system=1, step=103]:
			CF = (-0.217, -2.958e-5, 0.0009128)
			CM = (0.01039, 9.094e-5, -0.0002937)
		PressureLaplace(lamb_vector)[step=103]: rebuild=false, panels=7288, CG iters=772, solved=true
		ForceMonitor[i_system=1, step=103]:
			CF = (-0.02273, -0.000108, -0.0001227)
			CM = (0.001277, -5.178e-6, 3.972e-6)
		ForceMonitor[i_system=1, step=103]:
			CF = (-0.3521, -0.05941, 0.01752)
			CM = (0.0709, 0.0005032, 0.001409)
	step 103/359 at time 0.02861111111111111
		PressureLaplace(material_derivative)[step=104]: rebuild=false, panels=7288, CG iters=718, solved=true
		ForceMonitor[i_system=1, step=104]:
			CF = (-0.2194, -8.699e-5, 0.001166)
			CM = (0.01063, 9.309e-5, -0.0002256)
		PressureLaplace(lamb_vector)[step=104]: rebuild=false, panels=7288, CG iters=772, solved=true
		ForceMonitor[i_system=1, step=104]:
			CF = (-0.02333, -9.731e-5, -0.0001397)
			CM = (0.001285, -4.776e-6, -7.467e-6)
		ForceMonitor[i_system=1, step=104]:
			CF = (-0.3607, -0.06513, 0.02038)
			CM = (0.07426, 0.0005106, 0.001636)
	step 104/359 at time 0.028888888888888888
		PressureLaplace(material_derivative)[step=105]: rebuild=false, panels=7288, CG iters=734, solved=true
		ForceMonitor[i_system=1, step=105]:
			CF = (-0.2219, -0.0001565, 0.001649)
			CM = (0.01086, 6.509e-5, -1.132e-5)
		PressureLaplace(lamb_vector)[step=105]: rebuild=false, panels=7288, CG iters=771, solved=true
		ForceMonitor[i_system=1, step=105]:
			CF = (-0.02391, -6.578e-5, -0.0001394)
			CM = (0.001292, -8.445e-7, 5.927e-6)
		ForceMonitor[i_system=1, step=105]:
			CF = (-0.369, -0.0584, 0.02192)
			CM = (0.0776, 0.0003702, 0.001857)
	step 105/359 at time 0.029166666666666667
		PressureLaplace(material_derivative)[step=106]: rebuild=false, panels=7288, CG iters=734, solved=true
		ForceMonitor[i_system=1, step=106]:
			CF = (-0.2248, -0.0001846, 0.002006)
			CM = (0.01108, 4.8e-5, 0.0001485)
		PressureLaplace(lamb_vector)[step=106]: rebuild=false, panels=7288, CG iters=769, solved=true
		ForceMonitor[i_system=1, step=106]:
			CF = (-0.02439, -6.019e-5, -0.0001287)
			CM = (0.001304, 2.776e-7, 4.031e-6)
		ForceMonitor[i_system=1, step=106]:
			CF = (-0.3767, -0.0528, 0.02244)
			CM = (0.08048, 0.0002872, 0.001809)
	step 106/359 at time 0.029444444444444443
		PressureLaplace(material_derivative)[step=107]: rebuild=false, panels=7288, CG iters=735, solved=true
		ForceMonitor[i_system=1, step=107]:
			CF = (-0.2278, -0.0002427, 0.002454)
			CM = (0.01127, 3.697e-5, 0.0003609)
		PressureLaplace(lamb_vector)[step=107]: rebuild=false, panels=7288, CG iters=764, solved=true
		ForceMonitor[i_system=1, step=107]:
			CF = (-0.0247, -6.409e-5, -0.0001185)
			CM = (0.001317, 1.015e-7, -7.311e-6)
		ForceMonitor[i_system=1, step=107]:
			CF = (-0.3831, -0.05019, 0.02326)
			CM = (0.08255, 0.0002336, 0.001759)
	step 107/359 at time 0.029722222222222223
		PressureLaplace(material_derivative)[step=108]: rebuild=false, panels=7288, CG iters=735, solved=true
		ForceMonitor[i_system=1, step=108]:
			CF = (-0.2306, -0.0003114, 0.002892)
			CM = (0.0114, 2.872e-5, 0.0005869)
		PressureLaplace(lamb_vector)[step=108]: rebuild=false, panels=7288, CG iters=764, solved=true
		ForceMonitor[i_system=1, step=108]:
			CF = (-0.02479, -8.174e-5, -0.0001127)
			CM = (0.001331, -1.809e-6, -3.158e-5)
		ForceMonitor[i_system=1, step=108]:
			CF = (-0.388, -0.04798, 0.02357)
			CM = (0.08351, 0.0001972, 0.001657)
	step 108/359 at time 0.03
		PressureLaplace(material_derivative)[step=109]: rebuild=false, panels=7288, CG iters=735, solved=true
		ForceMonitor[i_system=1, step=109]:
			CF = (-0.2331, -0.0003454, 0.003058)
			CM = (0.01147, 2.608e-5, 0.0007451)
		PressureLaplace(lamb_vector)[step=109]: rebuild=false, panels=7288, CG iters=769, solved=true
		ForceMonitor[i_system=1, step=109]:
			CF = (-0.02463, -0.0001039, -0.0001085)
			CM = (0.001343, -6.437e-6, -7.237e-5)
		ForceMonitor[i_system=1, step=109]:
			CF = (-0.3904, -0.04444, 0.02154)
			CM = (0.08317, 0.0001807, 0.001343)
	step 109/359 at time 0.03027777777777778
		PressureLaplace(material_derivative)[step=110]: rebuild=false, panels=7288, CG iters=735, solved=true
		ForceMonitor[i_system=1, step=110]:
			CF = (-0.2344, -0.0003308, 0.002813)
			CM = (0.01145, 2.009e-5, 0.0006944)
		PressureLaplace(lamb_vector)[step=110]: rebuild=false, panels=7288, CG iters=770, solved=true
		ForceMonitor[i_system=1, step=110]:
			CF = (-0.02425, -0.0001192, -0.0001262)
			CM = (0.001353, -8.884e-6, -0.0001107)
		ForceMonitor[i_system=1, step=110]:
			CF = (-0.3903, -0.03843, 0.01804)
			CM = (0.08157, 0.0001436, 0.0008821)
	step 110/359 at time 0.030555555555555555
		PressureLaplace(material_derivative)[step=111]: rebuild=false, panels=7288, CG iters=735, solved=true
		ForceMonitor[i_system=1, step=111]:
			CF = (-0.2343, -0.0002306, 0.002309)
			CM = (0.01133, 1.146e-5, 0.0005403)
		PressureLaplace(lamb_vector)[step=111]: rebuild=false, panels=7288, CG iters=771, solved=true
		ForceMonitor[i_system=1, step=111]:
			CF = (-0.02368, -0.0001247, -0.0001663)
			CM = (0.001357, -8.716e-6, -0.0001447)
		ForceMonitor[i_system=1, step=111]:
			CF = (-0.3874, -0.02648, 0.0127)
			CM = (0.07891, 6.969e-5, 0.0003336)
	step 111/359 at time 0.030833333333333334
		PressureLaplace(material_derivative)[step=112]: rebuild=false, panels=7288, CG iters=735, solved=true
		ForceMonitor[i_system=1, step=112]:
			CF = (-0.2317, -0.0001581, 0.001707)
			CM = (0.01109, -1.319e-5, 0.0002163)
		PressureLaplace(lamb_vector)[step=112]: rebuild=false, panels=7288, CG iters=771, solved=true
		ForceMonitor[i_system=1, step=112]:
			CF = (-0.02315, -0.0001007, -0.0002049)
			CM = (0.001356, 5.126e-7, -0.0001201)
		ForceMonitor[i_system=1, step=112]:
			CF = (-0.3829, -0.0129, 0.009158)
			CM = (0.07585, -8.585e-5, 6.69e-5)
	step 112/359 at time 0.03111111111111111
		PressureLaplace(material_derivative)[step=113]: rebuild=false, panels=7288, CG iters=735, solved=true
		ForceMonitor[i_system=1, step=113]:
			CF = (-0.2267, -5.839e-5, 0.001153)
			CM = (0.0108, -3.529e-5, 6.781e-5)
		PressureLaplace(lamb_vector)[step=113]: rebuild=false, panels=7288, CG iters=770, solved=true
		ForceMonitor[i_system=1, step=113]:
			CF = (-0.02269, -5.315e-5, -0.0002198)
			CM = (0.001346, 9.33e-6, -8.92e-5)
		ForceMonitor[i_system=1, step=113]:
			CF = (-0.3764, 0.004958, 0.004324)
			CM = (0.07306, -0.000252, -0.0001436)
	step 113/359 at time 0.03138888888888889
		PressureLaplace(material_derivative)[step=114]: rebuild=false, panels=7288, CG iters=735, solved=true
		ForceMonitor[i_system=1, step=114]:
			CF = (-0.2226, -7.048e-5, 0.0009539)
			CM = (0.01058, -6.976e-5, 4.671e-5)
		PressureLaplace(lamb_vector)[step=114]: rebuild=false, panels=7288, CG iters=769, solved=true
		ForceMonitor[i_system=1, step=114]:
			CF = (-0.02242, 1.092e-5, -0.0001899)
			CM = (0.001329, 1.883e-5, -4.534e-5)
		ForceMonitor[i_system=1, step=114]:
			CF = (-0.3718, 0.02124, 0.002083)
			CM = (0.07143, -0.0004753, 2.923e-5)
	step 114/359 at time 0.03166666666666667
		PressureLaplace(material_derivative)[step=115]: rebuild=false, panels=7288, CG iters=735, solved=true
		ForceMonitor[i_system=1, step=115]:
			CF = (-0.2205, -0.0002003, 0.0009776)
			CM = (0.01049, -0.0001177, 0.0002244)
		PressureLaplace(lamb_vector)[step=115]: rebuild=false, panels=7288, CG iters=767, solved=true
		ForceMonitor[i_system=1, step=115]:
			CF = (-0.02241, 9.649e-5, -0.0001103)
			CM = (0.001316, 2.297e-5, -8.866e-6)
		ForceMonitor[i_system=1, step=115]:
			CF = (-0.3714, 0.03923, 0.0002828)
			CM = (0.07118, -0.0007361, 0.00022)
	step 115/359 at time 0.03194444444444444
		PressureLaplace(material_derivative)[step=116]: rebuild=false, panels=7288, CG iters=735, solved=true
		ForceMonitor[i_system=1, step=116]:
			CF = (-0.2198, -0.0003186, 0.001175)
			CM = (0.0105, -0.0001428, 0.0004825)
		PressureLaplace(lamb_vector)[step=116]: rebuild=false, panels=7288, CG iters=769, solved=true
		ForceMonitor[i_system=1, step=116]:
			CF = (-0.02272, 0.0001568, -4.495e-5)
			CM = (0.00131, 1.878e-5, -4.083e-6)
		ForceMonitor[i_system=1, step=116]:
			CF = (-0.3744, 0.05007, -0.0003973)
			CM = (0.07213, -0.0008483, 0.0002731)
	step 116/359 at time 0.03222222222222222
		PressureLaplace(material_derivative)[step=117]: rebuild=false, panels=7288, CG iters=735, solved=true
		ForceMonitor[i_system=1, step=117]:
			CF = (-0.2212, -0.0006305, 0.001486)
			CM = (0.01065, -0.0001635, 0.0006883)
		PressureLaplace(lamb_vector)[step=117]: rebuild=false, panels=7288, CG iters=770, solved=true
		ForceMonitor[i_system=1, step=117]:
			CF = (-0.02321, 0.0002041, 4.233e-6)
			CM = (0.001312, 1.781e-5, 5.516e-6)
		ForceMonitor[i_system=1, step=117]:
			CF = (-0.3803, 0.05419, 0.001203)
			CM = (0.07409, -0.0009186, 0.0004202)
	step 117/359 at time 0.0325
		PressureLaplace(material_derivative)[step=118]: rebuild=false, panels=7288, CG iters=735, solved=true
		ForceMonitor[i_system=1, step=118]:
			CF = (-0.2234, -0.0009057, 0.001749)
			CM = (0.01085, -0.0001789, 0.0008763)
		PressureLaplace(lamb_vector)[step=118]: rebuild=false, panels=7288, CG iters=771, solved=true
		ForceMonitor[i_system=1, step=118]:
			CF = (-0.02383, 0.0002164, 4.547e-5)
			CM = (0.00132, 1.675e-5, 1.659e-5)
		ForceMonitor[i_system=1, step=118]:
			CF = (-0.3872, 0.056, 0.002493)
			CM = (0.07682, -0.000943, 0.0005268)
	step 118/359 at time 0.03277777777777778
		PressureLaplace(material_derivative)[step=119]: rebuild=false, panels=7288, CG iters=734, solved=true
		ForceMonitor[i_system=1, step=119]:
			CF = (-0.2264, -0.001118, 0.001754)
			CM = (0.0111, -0.0001728, 0.0009871)
		PressureLaplace(lamb_vector)[step=119]: rebuild=false, panels=7288, CG iters=771, solved=true
		ForceMonitor[i_system=1, step=119]:
			CF = (-0.02448, 0.0002228, 7.987e-5)
			CM = (0.001332, 1.085e-5, 1.925e-5)
		ForceMonitor[i_system=1, step=119]:
			CF = (-0.3948, 0.05181, 0.002375)
			CM = (0.07983, -0.0008589, 0.0005131)
	step 119/359 at time 0.03305555555555555
		PressureLaplace(material_derivative)[step=120]: rebuild=false, panels=7288, CG iters=734, solved=true
		ForceMonitor[i_system=1, step=120]:
			CF = (-0.2295, -0.001142, 0.001342)
			CM = (0.01133, -0.0001554, 0.0009148)
		PressureLaplace(lamb_vector)[step=120]: rebuild=false, panels=7288, CG iters=771, solved=true
		ForceMonitor[i_system=1, step=120]:
			CF = (-0.02507, 0.000214, 0.0001068)
			CM = (0.001346, 5.671e-6, 2.377e-5)
		ForceMonitor[i_system=1, step=120]:
			CF = (-0.4022, 0.04855, 2.361e-5)
			CM = (0.08272, -0.0007477, 0.0003635)
	step 120/359 at time 0.03333333333333333
		PressureLaplace(material_derivative)[step=121]: rebuild=false, panels=7288, CG iters=733, solved=true
		ForceMonitor[i_system=1, step=121]:
			CF = (-0.2322, -0.0009911, 0.000541)
			CM = (0.01155, -0.0001408, 0.0006148)
		PressureLaplace(lamb_vector)[step=121]: rebuild=false, panels=7288, CG iters=771, solved=true
		ForceMonitor[i_system=1, step=121]:
			CF = (-0.02558, 0.0002128, 0.000116)
			CM = (0.00136, 6.724e-6, 4.92e-5)
		ForceMonitor[i_system=1, step=121]:
			CF = (-0.4091, 0.04909, -0.003826)
			CM = (0.08538, -0.0006881, 0.0001388)
	step 121/359 at time 0.03361111111111111
		PressureLaplace(material_derivative)[step=122]: rebuild=false, panels=7288, CG iters=731, solved=true
		ForceMonitor[i_system=1, step=122]:
			CF = (-0.2346, -0.0008966, 4.669e-5)
			CM = (0.01173, -0.0001238, 0.0005009)
		PressureLaplace(lamb_vector)[step=122]: rebuild=false, panels=7288, CG iters=771, solved=true
		ForceMonitor[i_system=1, step=122]:
			CF = (-0.02592, 0.0002172, 0.0001107)
			CM = (0.001374, 7.468e-6, 6.796e-5)
		ForceMonitor[i_system=1, step=122]:
			CF = (-0.4153, 0.05206, -0.006713)
			CM = (0.08752, -0.000644, 5.499e-5)
	step 122/359 at time 0.03388888888888889
		PressureLaplace(material_derivative)[step=123]: rebuild=false, panels=7288, CG iters=729, solved=true
		ForceMonitor[i_system=1, step=123]:
			CF = (-0.2368, -0.0008453, -0.0002375)
			CM = (0.01189, -9.351e-5, 0.0004743)
		PressureLaplace(lamb_vector)[step=123]: rebuild=false, panels=7288, CG iters=770, solved=true
		ForceMonitor[i_system=1, step=123]:
			CF = (-0.02617, 0.0002214, 0.0001393)
			CM = (0.001384, 1.484e-6, 6.26e-5)
		ForceMonitor[i_system=1, step=123]:
			CF = (-0.4202, 0.04454, -0.007419)
			CM = (0.08916, -0.0005042, 0.0001231)
	step 123/359 at time 0.034166666666666665
		PressureLaplace(material_derivative)[step=124]: rebuild=false, panels=7288, CG iters=714, solved=true
		ForceMonitor[i_system=1, step=124]:
			CF = (-0.2385, -0.0008372, -0.0004169)
			CM = (0.012, -5.391e-5, 0.0004044)
		PressureLaplace(lamb_vector)[step=124]: rebuild=false, panels=7288, CG iters=770, solved=true
		ForceMonitor[i_system=1, step=124]:
			CF = (-0.0263, 0.0002185, 0.000154)
			CM = (0.001393, -5.163e-6, 4.633e-5)
		ForceMonitor[i_system=1, step=124]:
			CF = (-0.4243, 0.03071, -0.00726)
			CM = (0.09013, -0.0003122, 0.0001862)
	step 124/359 at time 0.034444444444444444
		PressureLaplace(material_derivative)[step=125]: rebuild=false, panels=7288, CG iters=706, solved=true
		ForceMonitor[i_system=1, step=125]:
			CF = (-0.2395, -0.0007778, -0.0006129)
			CM = (0.01205, -2.125e-5, 0.0002375)
		PressureLaplace(lamb_vector)[step=125]: rebuild=false, panels=7288, CG iters=770, solved=true
		ForceMonitor[i_system=1, step=125]:
			CF = (-0.02631, 0.0002173, 0.0001564)
			CM = (0.0014, -8.928e-6, 3.848e-5)
		ForceMonitor[i_system=1, step=125]:
			CF = (-0.4271, 0.02025, -0.00758)
			CM = (0.09048, -0.0001472, 0.0001245)
	step 125/359 at time 0.034722222222222224
		PressureLaplace(material_derivative)[step=126]: rebuild=false, panels=7288, CG iters=720, solved=true
		ForceMonitor[i_system=1, step=126]:
			CF = (-0.2398, -0.0007063, -0.0006343)
			CM = (0.01205, -3.976e-6, 3.73e-5)
		PressureLaplace(lamb_vector)[step=126]: rebuild=false, panels=7288, CG iters=770, solved=true
		ForceMonitor[i_system=1, step=126]:
			CF = (-0.02617, 0.000211, 0.0001311)
			CM = (0.001405, -6.155e-6, 6.117e-5)
		ForceMonitor[i_system=1, step=126]:
			CF = (-0.4287, 0.01089, -0.005799)
			CM = (0.09017, -5.251e-5, 0.0002432)
	step 126/359 at time 0.035
		PressureLaplace(material_derivative)[step=127]: rebuild=false, panels=7288, CG iters=729, solved=true
		ForceMonitor[i_system=1, step=127]:
			CF = (-0.2387, -0.0006731, -0.0004689)
			CM = (0.01199, 3.061e-5, 4.639e-5)
		PressureLaplace(lamb_vector)[step=127]: rebuild=false, panels=7288, CG iters=770, solved=true
		ForceMonitor[i_system=1, step=127]:
			CF = (-0.02607, 0.0002014, 0.0001514)
			CM = (0.001405, -1.067e-5, 6.682e-5)
		ForceMonitor[i_system=1, step=127]:
			CF = (-0.4288, 0.00193, -0.004914)
			CM = (0.08964, 9.865e-5, 0.0003257)
	step 127/359 at time 0.035277777777777776
		PressureLaplace(material_derivative)[step=128]: rebuild=false, panels=7288, CG iters=730, solved=true
		ForceMonitor[i_system=1, step=128]:
			CF = (-0.2369, -0.0006936, -0.0002571)
			CM = (0.01192, 6.163e-5, 0.0001175)
		PressureLaplace(lamb_vector)[step=128]: rebuild=false, panels=7288, CG iters=770, solved=true
		ForceMonitor[i_system=1, step=128]:
			CF = (-0.02597, 0.0001808, 0.0001745)
			CM = (0.001402, -1.842e-5, 3.946e-5)
		ForceMonitor[i_system=1, step=128]:
			CF = (-0.4272, -0.002436, -0.004934)
			CM = (0.08913, 0.0002383, 0.0001873)
	step 128/359 at time 0.035555555555555556
		PressureLaplace(material_derivative)[step=129]: rebuild=false, panels=7288, CG iters=731, solved=true
		ForceMonitor[i_system=1, step=129]:
			CF = (-0.2342, -0.0006403, -0.0001206)
			CM = (0.01183, 9.002e-5, 0.0001399)
		PressureLaplace(lamb_vector)[step=129]: rebuild=false, panels=7288, CG iters=770, solved=true
		ForceMonitor[i_system=1, step=129]:
			CF = (-0.02593, 0.0001622, 0.0001911)
			CM = (0.001397, -2.417e-5, 1.44e-6)
		ForceMonitor[i_system=1, step=129]:
			CF = (-0.425, -0.006951, -0.005236)
			CM = (0.08878, 0.0003704, -0.0001088)
	step 129/359 at time 0.035833333333333335
		PressureLaplace(material_derivative)[step=130]: rebuild=false, panels=7288, CG iters=731, solved=true
		ForceMonitor[i_system=1, step=130]:
			CF = (-0.2322, -0.0004404, -0.0003128)
			CM = (0.01177, 0.0001203, 8.772e-5)
		PressureLaplace(lamb_vector)[step=130]: rebuild=false, panels=7288, CG iters=770, solved=true
		ForceMonitor[i_system=1, step=130]:
			CF = (-0.026, 0.0001264, 0.0002141)
			CM = (0.001387, -3.238e-5, -4.928e-5)
		ForceMonitor[i_system=1, step=130]:
			CF = (-0.4243, -0.006937, -0.008497)
			CM = (0.08892, 0.0005161, -0.0006952)
	step 130/359 at time 0.03611111111111111
		PressureLaplace(material_derivative)[step=131]: rebuild=false, panels=7288, CG iters=729, solved=true
		ForceMonitor[i_system=1, step=131]:
			CF = (-0.232, -0.0002405, -0.00104)
			CM = (0.01178, 0.0001469, -0.0002277)
		PressureLaplace(lamb_vector)[step=131]: rebuild=false, panels=7288, CG iters=770, solved=true
		ForceMonitor[i_system=1, step=131]:
			CF = (-0.02616, 9.921e-5, 0.0001941)
			CM = (0.001385, -3.609e-5, -0.0001017)
		ForceMonitor[i_system=1, step=131]:
			CF = (-0.4259, -0.003088, -0.01335)
			CM = (0.08953, 0.0006495, -0.001562)
	step 131/359 at time 0.03638888888888889
		PressureLaplace(material_derivative)[step=132]: rebuild=false, panels=7288, CG iters=723, solved=true
		ForceMonitor[i_system=1, step=132]:
			CF = (-0.2329, -8.435e-5, -0.001787)
			CM = (0.01184, 0.0001734, -0.0005622)
		PressureLaplace(lamb_vector)[step=132]: rebuild=false, panels=7288, CG iters=770, solved=true
		ForceMonitor[i_system=1, step=132]:
			CF = (-0.02641, 6.908e-5, 0.0001464)
			CM = (0.00139, -3.453e-5, -0.0001477)
		ForceMonitor[i_system=1, step=132]:
			CF = (-0.429, 0.0005103, -0.01746)
			CM = (0.09042, 0.0007715, -0.002325)
	step 132/359 at time 0.03666666666666667
		PressureLaplace(material_derivative)[step=133]: rebuild=false, panels=7288, CG iters=722, solved=true
		ForceMonitor[i_system=1, step=133]:
			CF = (-0.2342, -4.161e-5, -0.002178)
			CM = (0.01192, 0.0001866, -0.0007811)
		PressureLaplace(lamb_vector)[step=133]: rebuild=false, panels=7288, CG iters=770, solved=true
		ForceMonitor[i_system=1, step=133]:
			CF = (-0.02663, 5.295e-5, 0.0001009)
			CM = (0.001395, -3.02e-5, -0.0001741)
		ForceMonitor[i_system=1, step=133]:
			CF = (-0.4322, 0.001666, -0.01921)
			CM = (0.0913, 0.0008384, -0.0028)
	step 133/359 at time 0.036944444444444446
		PressureLaplace(material_derivative)[step=134]: rebuild=false, panels=7288, CG iters=725, solved=true
		ForceMonitor[i_system=1, step=134]:
			CF = (-0.2351, -5.545e-5, -0.002259)
			CM = (0.01198, 0.0001804, -0.0009157)
		PressureLaplace(lamb_vector)[step=134]: rebuild=false, panels=7288, CG iters=770, solved=true
		ForceMonitor[i_system=1, step=134]:
			CF = (-0.02678, 5.503e-5, 7.498e-5)
			CM = (0.001397, -2.499e-5, -0.0001694)
		ForceMonitor[i_system=1, step=134]:
			CF = (-0.4347, 0.001273, -0.0191)
			CM = (0.09201, 0.0008192, -0.00299)
	step 134/359 at time 0.03722222222222222
		PressureLaplace(material_derivative)[step=135]: rebuild=false, panels=7288, CG iters=729, solved=true
		ForceMonitor[i_system=1, step=135]:
			CF = (-0.2355, -1.636e-5, -0.002326)
			CM = (0.01203, 0.0001577, -0.0009956)
		PressureLaplace(lamb_vector)[step=135]: rebuild=false, panels=7288, CG iters=769, solved=true
		ForceMonitor[i_system=1, step=135]:
			CF = (-0.02687, 6.596e-5, 6.498e-5)
			CM = (0.001398, -1.989e-5, -0.0001474)
		ForceMonitor[i_system=1, step=135]:
			CF = (-0.4366, 0.004187, -0.01921)
			CM = (0.0926, 0.0007304, -0.003071)
	step 135/359 at time 0.0375
		PressureLaplace(material_derivative)[step=136]: rebuild=false, panels=7288, CG iters=731, solved=true
		ForceMonitor[i_system=1, step=136]:
			CF = (-0.2356, 4.091e-5, -0.002608)
			CM = (0.01207, 0.000128, -0.001051)
		PressureLaplace(lamb_vector)[step=136]: rebuild=false, panels=7288, CG iters=769, solved=true
		ForceMonitor[i_system=1, step=136]:
			CF = (-0.02694, 9.639e-5, 6.586e-5)
			CM = (0.0014, -1.527e-5, -0.0001305)
		ForceMonitor[i_system=1, step=136]:
			CF = (-0.438, 0.01373, -0.02124)
			CM = (0.09319, 0.0006254, -0.003291)
	step 136/359 at time 0.03777777777777778
		PressureLaplace(material_derivative)[step=137]: rebuild=false, panels=7288, CG iters=733, solved=true
		ForceMonitor[i_system=1, step=137]:
			CF = (-0.2358, 0.0001406, -0.002781)
			CM = (0.01212, 0.000104, -0.001039)
		PressureLaplace(lamb_vector)[step=137]: rebuild=false, panels=7288, CG iters=767, solved=true
		ForceMonitor[i_system=1, step=137]:
			CF = (-0.02701, 0.0001185, 5.162e-5)
			CM = (0.001401, -1.148e-5, -0.0001254)
		ForceMonitor[i_system=1, step=137]:
			CF = (-0.4393, 0.01846, -0.02227)
			CM = (0.09379, 0.0005838, -0.003486)
	step 137/359 at time 0.03805555555555556
		PressureLaplace(material_derivative)[step=138]: rebuild=false, panels=7288, CG iters=731, solved=true
		ForceMonitor[i_system=1, step=138]:
			CF = (-0.2366, 0.0003431, -0.002823)
			CM = (0.01218, 7.828e-5, -0.0009928)
		PressureLaplace(lamb_vector)[step=138]: rebuild=false, panels=7288, CG iters=767, solved=true
		ForceMonitor[i_system=1, step=138]:
			CF = (-0.02711, 7.674e-5, 2.026e-5)
			CM = (0.001404, -8.031e-6, -0.0001233)
		ForceMonitor[i_system=1, step=138]:
			CF = (-0.441, 0.01879, -0.02184)
			CM = (0.0944, 0.0005648, -0.003566)
	step 138/359 at time 0.03833333333333333
		PressureLaplace(material_derivative)[step=139]: rebuild=false, panels=7288, CG iters=724, solved=true
		ForceMonitor[i_system=1, step=139]:
			CF = (-0.2377, 0.0005975, -0.002828)
			CM = (0.01226, 4.985e-5, -0.0009335)
		PressureLaplace(lamb_vector)[step=139]: rebuild=false, panels=7288, CG iters=767, solved=true
		ForceMonitor[i_system=1, step=139]:
			CF = (-0.02724, -8.03e-6, -1.185e-5)
			CM = (0.001407, -4.809e-6, -0.0001194)
		ForceMonitor[i_system=1, step=139]:
			CF = (-0.4432, 0.01666, -0.02053)
			CM = (0.09511, 0.0005395, -0.003525)
	step 139/359 at time 0.03861111111111111
		PressureLaplace(material_derivative)[step=140]: rebuild=false, panels=7288, CG iters=712, solved=true
		ForceMonitor[i_system=1, step=140]:
			CF = (-0.2392, 0.0008841, -0.002765)
			CM = (0.01236, 2.915e-5, -0.000851)
		PressureLaplace(lamb_vector)[step=140]: rebuild=false, panels=7288, CG iters=767, solved=true
		ForceMonitor[i_system=1, step=140]:
			CF = (-0.0274, -0.0001142, -3.99e-5)
			CM = (0.001408, -3.39e-6, -0.0001144)
		ForceMonitor[i_system=1, step=140]:
			CF = (-0.446, 0.01147, -0.01864)
			CM = (0.09596, 0.0005243, -0.003305)
	step 140/359 at time 0.03888888888888889
		PressureLaplace(material_derivative)[step=141]: rebuild=false, panels=7288, CG iters=733, solved=true
		ForceMonitor[i_system=1, step=141]:
			CF = (-0.2404, 0.001189, -0.00257)
			CM = (0.01245, 1.583e-5, -0.0006972)
		PressureLaplace(lamb_vector)[step=141]: rebuild=false, panels=7288, CG iters=767, solved=true
		ForceMonitor[i_system=1, step=141]:
			CF = (-0.02755, -0.000214, -6.597e-5)
			CM = (0.001407, -3.159e-6, -0.0001079)
		ForceMonitor[i_system=1, step=141]:
			CF = (-0.4492, 0.005434, -0.01677)
			CM = (0.09693, 0.0005077, -0.002955)
	step 141/359 at time 0.03916666666666667
		PressureLaplace(material_derivative)[step=142]: rebuild=false, panels=7288, CG iters=734, solved=true
		ForceMonitor[i_system=1, step=142]:
			CF = (-0.2409, 0.001527, -0.002457)
			CM = (0.01251, -9.82e-6, -0.0006235)
		PressureLaplace(lamb_vector)[step=142]: rebuild=false, panels=7288, CG iters=767, solved=true
		ForceMonitor[i_system=1, step=142]:
			CF = (-0.02762, -0.0002953, -8.871e-5)
			CM = (0.001403, -1.958e-7, -8.68e-5)
		ForceMonitor[i_system=1, step=142]:
			CF = (-0.4509, 0.0009904, -0.01459)
			CM = (0.09783, 0.0004232, -0.002511)
	step 142/359 at time 0.03944444444444444
		PressureLaplace(material_derivative)[step=143]: rebuild=false, panels=7288, CG iters=734, solved=true
		ForceMonitor[i_system=1, step=143]:
			CF = (-0.2404, 0.00157, -0.001951)
			CM = (0.01253, -2.444e-5, -0.0003394)
		PressureLaplace(lamb_vector)[step=143]: rebuild=false, panels=7288, CG iters=767, solved=true
		ForceMonitor[i_system=1, step=143]:
			CF = (-0.0277, -0.0003236, -8.326e-5)
			CM = (0.001402, -8.443e-7, -7.979e-5)
		ForceMonitor[i_system=1, step=143]:
			CF = (-0.452, -0.002171, -0.01272)
			CM = (0.09866, 0.0003218, -0.00199)
	step 143/359 at time 0.03972222222222222
		PressureLaplace(material_derivative)[step=144]: rebuild=false, panels=7288, CG iters=734, solved=true
		ForceMonitor[i_system=1, step=144]:
			CF = (-0.2389, 0.001561, -0.0013)
			CM = (0.01251, -3.144e-5, 1.535e-5)
		PressureLaplace(lamb_vector)[step=144]: rebuild=false, panels=7288, CG iters=765, solved=true
		ForceMonitor[i_system=1, step=144]:
			CF = (-0.02774, -0.0003271, -7.444e-5)
			CM = (0.001401, -3.727e-6, -9.064e-5)
		ForceMonitor[i_system=1, step=144]:
			CF = (-0.4515, -0.006096, -0.01089)
			CM = (0.09926, 0.0002492, -0.001548)
	step 144/359 at time 0.04
		PressureLaplace(material_derivative)[step=145]: rebuild=false, panels=7288, CG iters=734, solved=true
		ForceMonitor[i_system=1, step=145]:
			CF = (-0.2373, 0.001547, -0.0007819)
			CM = (0.01247, -2.691e-5, 0.000291)
		PressureLaplace(lamb_vector)[step=145]: rebuild=false, panels=7288, CG iters=763, solved=true
		ForceMonitor[i_system=1, step=145]:
			CF = (-0.0277, -0.0003216, -7.889e-5)
			CM = (0.001399, -7.357e-6, -0.0001151)
		ForceMonitor[i_system=1, step=145]:
			CF = (-0.4503, -0.01026, -0.009304)
			CM = (0.09954, 0.0002255, -0.001316)
	step 145/359 at time 0.04027777777777778
		PressureLaplace(material_derivative)[step=146]: rebuild=false, panels=7288, CG iters=734, solved=true
		ForceMonitor[i_system=1, step=146]:
			CF = (-0.2356, 0.001445, -0.000278)
			CM = (0.0124, -2.077e-5, 0.0004989)
		PressureLaplace(lamb_vector)[step=146]: rebuild=false, panels=7288, CG iters=763, solved=true
		ForceMonitor[i_system=1, step=146]:
			CF = (-0.02757, -0.0003117, -8.784e-5)
			CM = (0.001396, -9.236e-6, -0.0001393)
		ForceMonitor[i_system=1, step=146]:
			CF = (-0.4482, -0.01277, -0.007737)
			CM = (0.09939, 0.0001908, -0.001165)
	step 146/359 at time 0.04055555555555555
		PressureLaplace(material_derivative)[step=147]: rebuild=false, panels=7288, CG iters=734, solved=true
		ForceMonitor[i_system=1, step=147]:
			CF = (-0.2349, 0.001173, 0.0002203)
			CM = (0.01235, 1.525e-5, 0.0008148)
		PressureLaplace(lamb_vector)[step=147]: rebuild=false, panels=7288, CG iters=765, solved=true
		ForceMonitor[i_system=1, step=147]:
			CF = (-0.02745, -0.0002939, -7.713e-5)
			CM = (0.001392, -1.801e-5, -0.0001821)
		ForceMonitor[i_system=1, step=147]:
			CF = (-0.4467, -0.01303, -0.009239)
			CM = (0.09906, 0.0002464, -0.001219)
	step 147/359 at time 0.04083333333333333
		PressureLaplace(material_derivative)[step=148]: rebuild=false, panels=7288, CG iters=734, solved=true
		ForceMonitor[i_system=1, step=148]:
			CF = (-0.2337, 0.001029, 0.0005464)
			CM = (0.01227, 4.943e-5, 0.001023)
		PressureLaplace(lamb_vector)[step=148]: rebuild=false, panels=7288, CG iters=767, solved=true
		ForceMonitor[i_system=1, step=148]:
			CF = (-0.02731, -0.0002844, -7.505e-5)
			CM = (0.001388, -2.513e-5, -0.0002195)
		ForceMonitor[i_system=1, step=148]:
			CF = (-0.4434, -0.01192, -0.01126)
			CM = (0.09831, 0.0002852, -0.001272)
	step 148/359 at time 0.04111111111111111
		PressureLaplace(material_derivative)[step=149]: rebuild=false, panels=7288, CG iters=734, solved=true
		ForceMonitor[i_system=1, step=149]:
			CF = (-0.2325, 0.000822, 0.000802)
			CM = (0.01219, 7.518e-5, 0.001165)
		PressureLaplace(lamb_vector)[step=149]: rebuild=false, panels=7288, CG iters=764, solved=true
		ForceMonitor[i_system=1, step=149]:
			CF = (-0.02713, -0.0002572, -6.375e-5)
			CM = (0.001381, -3.102e-5, -0.0002479)
		ForceMonitor[i_system=1, step=149]:
			CF = (-0.4393, -0.008168, -0.01298)
			CM = (0.09734, 0.0003138, -0.001383)
	step 149/359 at time 0.04138888888888889
		PressureLaplace(material_derivative)[step=150]: rebuild=false, panels=7288, CG iters=733, solved=true
		ForceMonitor[i_system=1, step=150]:
			CF = (-0.2315, 0.0006818, 0.0008635)
			CM = (0.01211, 9.432e-5, 0.001223)
		PressureLaplace(lamb_vector)[step=150]: rebuild=false, panels=7288, CG iters=763, solved=true
		ForceMonitor[i_system=1, step=150]:
			CF = (-0.02695, -0.000218, -4.449e-5)
			CM = (0.001375, -3.431e-5, -0.0002685)
		ForceMonitor[i_system=1, step=150]:
			CF = (-0.4356, -0.004663, -0.0144)
			CM = (0.09632, 0.000342, -0.001549)
	step 150/359 at time 0.041666666666666664
		PressureLaplace(material_derivative)[step=151]: rebuild=false, panels=7288, CG iters=733, solved=true
		ForceMonitor[i_system=1, step=151]:
			CF = (-0.2307, 0.0006047, 0.0009936)
			CM = (0.01205, 0.0001143, 0.001304)
		PressureLaplace(lamb_vector)[step=151]: rebuild=false, panels=7288, CG iters=762, solved=true
		ForceMonitor[i_system=1, step=151]:
			CF = (-0.02681, -0.0001814, -2.265e-5)
			CM = (0.00137, -3.718e-5, -0.0002881)
		ForceMonitor[i_system=1, step=151]:
			CF = (-0.4325, -0.002217, -0.01547)
			CM = (0.09546, 0.0003806, -0.001672)
	step 151/359 at time 0.041944444444444444
		PressureLaplace(material_derivative)[step=152]: rebuild=false, panels=7288, CG iters=729, solved=true
		ForceMonitor[i_system=1, step=152]:
			CF = (-0.2301, 0.0005022, 0.00114)
			CM = (0.01201, 0.0001395, 0.001391)
		PressureLaplace(lamb_vector)[step=152]: rebuild=false, panels=7288, CG iters=763, solved=true
		ForceMonitor[i_system=1, step=152]:
			CF = (-0.02672, -0.0001524, 1.314e-6)
			CM = (0.001364, -4.128e-5, -0.0003114)
		ForceMonitor[i_system=1, step=152]:
			CF = (-0.4304, -0.0006757, -0.01646)
			CM = (0.09491, 0.0004418, -0.001814)
	step 152/359 at time 0.042222222222222223
		PressureLaplace(material_derivative)[step=153]: rebuild=false, panels=7288, CG iters=719, solved=true
		ForceMonitor[i_system=1, step=153]:
			CF = (-0.23, 0.0004096, 0.001203)
			CM = (0.012, 0.0001635, 0.001382)
		PressureLaplace(lamb_vector)[step=153]: rebuild=false, panels=7288, CG iters=763, solved=true
		ForceMonitor[i_system=1, step=153]:
			CF = (-0.02672, -0.0001211, 4.894e-5)
			CM = (0.001358, -4.506e-5, -0.0003296)
		ForceMonitor[i_system=1, step=153]:
			CF = (-0.4295, 0.001032, -0.01742)
			CM = (0.09474, 0.0005093, -0.001948)
	step 153/359 at time 0.0425
		PressureLaplace(material_derivative)[step=154]: rebuild=false, panels=7288, CG iters=712, solved=true
		ForceMonitor[i_system=1, step=154]:
			CF = (-0.2309, 0.0003717, 0.0009549)
			CM = (0.01204, 0.0001811, 0.00117)
		PressureLaplace(lamb_vector)[step=154]: rebuild=false, panels=7288, CG iters=761, solved=true
		ForceMonitor[i_system=1, step=154]:
			CF = (-0.0268, -4.631e-5, 0.0001014)
			CM = (0.001355, -4.841e-5, -0.0003345)
		ForceMonitor[i_system=1, step=154]:
			CF = (-0.4298, 0.003365, -0.01867)
			CM = (0.09486, 0.0005692, -0.002156)
	step 154/359 at time 0.042777777777777776
		PressureLaplace(material_derivative)[step=155]: rebuild=false, panels=7288, CG iters=723, solved=true
		ForceMonitor[i_system=1, step=155]:
			CF = (-0.2327, 0.0003887, 0.0002893)
			CM = (0.01211, 0.0001884, 0.0007079)
		PressureLaplace(lamb_vector)[step=155]: rebuild=false, panels=7288, CG iters=746, solved=true
		ForceMonitor[i_system=1, step=155]:
			CF = (-0.02687, 3.954e-5, 0.0001074)
			CM = (0.001356, -4.753e-5, -0.0003137)
		ForceMonitor[i_system=1, step=155]:
			CF = (-0.4321, 0.004236, -0.01945)
			CM = (0.09523, 0.0006182, -0.002461)
	step 155/359 at time 0.043055555555555555
		PressureLaplace(material_derivative)[step=156]: rebuild=false, panels=7288, CG iters=733, solved=true
		ForceMonitor[i_system=1, step=156]:
			CF = (-0.2342, 0.000386, -0.0003607)
			CM = (0.01218, 0.0001842, 0.0002757)
		PressureLaplace(lamb_vector)[step=156]: rebuild=false, panels=7288, CG iters=755, solved=true
		ForceMonitor[i_system=1, step=156]:
			CF = (-0.02691, 7.402e-5, 8.34e-5)
			CM = (0.001354, -4.031e-5, -0.0002819)
		ForceMonitor[i_system=1, step=156]:
			CF = (-0.4355, 0.004592, -0.01904)
			CM = (0.09578, 0.0006387, -0.002652)
	step 156/359 at time 0.043333333333333335
		PressureLaplace(material_derivative)[step=157]: rebuild=false, panels=7288, CG iters=734, solved=true
		ForceMonitor[i_system=1, step=157]:
			CF = (-0.2352, 0.0003839, -0.0008937)
			CM = (0.01224, 0.0001672, -8.884e-5)
		PressureLaplace(lamb_vector)[step=157]: rebuild=false, panels=7288, CG iters=761, solved=true
		ForceMonitor[i_system=1, step=157]:
			CF = (-0.02701, 9.213e-5, 8.28e-5)
			CM = (0.001347, -3.453e-5, -0.0002517)
		ForceMonitor[i_system=1, step=157]:
			CF = (-0.4386, 0.002972, -0.01693)
			CM = (0.09643, 0.0006492, -0.002619)
	step 157/359 at time 0.043611111111111114
		PressureLaplace(material_derivative)[step=158]: rebuild=false, panels=7288, CG iters=734, solved=true
		ForceMonitor[i_system=1, step=158]:
			CF = (-0.236, 0.000382, -0.001367)
			CM = (0.01228, 0.0001369, -0.0005184)
		PressureLaplace(lamb_vector)[step=158]: rebuild=false, panels=7288, CG iters=764, solved=true
		ForceMonitor[i_system=1, step=158]:
			CF = (-0.0271, 9.534e-5, -1.504e-6)
			CM = (0.001351, -2.696e-5, -0.0002146)
		ForceMonitor[i_system=1, step=158]:
			CF = (-0.4413, 0.002247, -0.01353)
			CM = (0.09704, 0.0006012, -0.002269)
	step 158/359 at time 0.04388888888888889
		PressureLaplace(material_derivative)[step=159]: rebuild=false, panels=7288, CG iters=734, solved=true
		ForceMonitor[i_system=1, step=159]:
			CF = (-0.2363, 0.0004381, -0.001822)
			CM = (0.01231, 9.62e-5, -0.0009953)
		PressureLaplace(lamb_vector)[step=159]: rebuild=false, panels=7288, CG iters=765, solved=true
		ForceMonitor[i_system=1, step=159]:
			CF = (-0.02716, 8.408e-5, -0.000125)
			CM = (0.001363, -1.142e-5, -0.0001341)
		ForceMonitor[i_system=1, step=159]:
			CF = (-0.4429, 0.002983, -0.009541)
			CM = (0.09758, 0.0004864, -0.001659)
	step 159/359 at time 0.04416666666666667
		PressureLaplace(material_derivative)[step=160]: rebuild=false, panels=7288, CG iters=734, solved=true
		ForceMonitor[i_system=1, step=160]:
			CF = (-0.2351, 0.0004153, -0.001931)
			CM = (0.01229, 6.027e-5, -0.001218)
		PressureLaplace(lamb_vector)[step=160]: rebuild=false, panels=7288, CG iters=767, solved=true
		ForceMonitor[i_system=1, step=160]:
			CF = (-0.02712, 7.255e-5, -0.0001993)
			CM = (0.001371, 6.071e-6, -1.841e-5)
		ForceMonitor[i_system=1, step=160]:
			CF = (-0.442, 0.003717, -0.004977)
			CM = (0.09786, 0.0003296, -0.0006751)
	step 160/359 at time 0.044444444444444446
		PressureLaplace(material_derivative)[step=161]: rebuild=false, panels=7288, CG iters=735, solved=true
		ForceMonitor[i_system=1, step=161]:
			CF = (-0.2322, 0.0004244, -0.001744)
			CM = (0.01219, 1.681e-5, -0.001207)
		PressureLaplace(lamb_vector)[step=161]: rebuild=false, panels=7288, CG iters=769, solved=true
		ForceMonitor[i_system=1, step=161]:
			CF = (-0.02697, 8.798e-5, -0.0002095)
			CM = (0.001366, 2.1e-5, 0.000106)
		ForceMonitor[i_system=1, step=161]:
			CF = (-0.4385, 0.00373, 0.0006038)
			CM = (0.09789, 0.0001256, 0.000492)
	step 161/359 at time 0.04472222222222222
		PressureLaplace(material_derivative)[step=162]: rebuild=false, panels=7288, CG iters=735, solved=true
		ForceMonitor[i_system=1, step=162]:
			CF = (-0.2283, 0.0004745, -0.001439)
			CM = (0.01205, -4.37e-5, -0.001115)
		PressureLaplace(lamb_vector)[step=162]: rebuild=false, panels=7288, CG iters=769, solved=true
		ForceMonitor[i_system=1, step=162]:
			CF = (-0.02677, 0.0001131, -0.0001674)
			CM = (0.001353, 3.165e-5, 0.0002143)
		ForceMonitor[i_system=1, step=162]:
			CF = (-0.4338, 0.002564, 0.007008)
			CM = (0.09775, -0.0001244, 0.001571)
	step 162/359 at time 0.045
		PressureLaplace(material_derivative)[step=163]: rebuild=false, panels=7288, CG iters=734, solved=true
		ForceMonitor[i_system=1, step=163]:
			CF = (-0.2245, 0.0005271, -0.001177)
			CM = (0.0119, -0.0001118, -0.001061)
		PressureLaplace(lamb_vector)[step=163]: rebuild=false, panels=7288, CG iters=769, solved=true
		ForceMonitor[i_system=1, step=163]:
			CF = (-0.02658, 0.0001375, -0.0001184)
			CM = (0.001338, 3.882e-5, 0.0002922)
		ForceMonitor[i_system=1, step=163]:
			CF = (-0.4288, 0.0002639, 0.01336)
			CM = (0.0975, -0.0003667, 0.002399)
	step 163/359 at time 0.04527777777777778
		PressureLaplace(material_derivative)[step=164]: rebuild=false, panels=7288, CG iters=733, solved=true
		ForceMonitor[i_system=1, step=164]:
			CF = (-0.2213, 0.0006196, -0.001046)
			CM = (0.01177, -0.0001698, -0.001068)
		PressureLaplace(lamb_vector)[step=164]: rebuild=false, panels=7288, CG iters=769, solved=true
		ForceMonitor[i_system=1, step=164]:
			CF = (-0.02641, 0.000131, -8.896e-5)
			CM = (0.001325, 4.301e-5, 0.0003392)
		ForceMonitor[i_system=1, step=164]:
			CF = (-0.424, -0.00238, 0.01811)
			CM = (0.09712, -0.0005414, 0.002923)
	step 164/359 at time 0.04555555555555556
		PressureLaplace(material_derivative)[step=165]: rebuild=false, panels=7288, CG iters=718, solved=true
		ForceMonitor[i_system=1, step=165]:
			CF = (-0.2188, 0.0006904, -0.0009388)
			CM = (0.01166, -0.00021, -0.001075)
		PressureLaplace(lamb_vector)[step=165]: rebuild=false, panels=7288, CG iters=769, solved=true
		ForceMonitor[i_system=1, step=165]:
			CF = (-0.02627, 9.414e-5, -7.3e-5)
			CM = (0.001314, 4.568e-5, 0.0003633)
		ForceMonitor[i_system=1, step=165]:
			CF = (-0.4197, -0.004417, 0.02077)
			CM = (0.09658, -0.0006503, 0.003172)
	step 165/359 at time 0.04583333333333333
		PressureLaplace(material_derivative)[step=166]: rebuild=false, panels=7288, CG iters=719, solved=true
		ForceMonitor[i_system=1, step=166]:
			CF = (-0.2172, 0.0007467, -0.0008089)
			CM = (0.01158, -0.0002377, -0.001063)
		PressureLaplace(lamb_vector)[step=166]: rebuild=false, panels=7288, CG iters=769, solved=true
		ForceMonitor[i_system=1, step=166]:
			CF = (-0.02614, 3.351e-5, -6.371e-5)
			CM = (0.001307, 4.797e-5, 0.0003728)
		ForceMonitor[i_system=1, step=166]:
			CF = (-0.4163, -0.005807, 0.02187)
			CM = (0.0959, -0.0007169, 0.003242)
	step 166/359 at time 0.04611111111111111
		PressureLaplace(material_derivative)[step=167]: rebuild=false, panels=7288, CG iters=733, solved=true
		ForceMonitor[i_system=1, step=167]:
			CF = (-0.2166, 0.00082, -0.0006537)
			CM = (0.01153, -0.0002566, -0.001038)
		PressureLaplace(lamb_vector)[step=167]: rebuild=false, panels=7288, CG iters=769, solved=true
		ForceMonitor[i_system=1, step=167]:
			CF = (-0.02603, -4.288e-5, -6.274e-5)
			CM = (0.001302, 5.014e-5, 0.0003767)
		ForceMonitor[i_system=1, step=167]:
			CF = (-0.4142, -0.006394, 0.02237)
			CM = (0.09515, -0.0007623, 0.003273)
	step 167/359 at time 0.04638888888888889
		PressureLaplace(material_derivative)[step=168]: rebuild=false, panels=7288, CG iters=733, solved=true
		ForceMonitor[i_system=1, step=168]:
			CF = (-0.2166, 0.0008716, -0.0005106)
			CM = (0.0115, -0.0002742, -0.001063)
		PressureLaplace(lamb_vector)[step=168]: rebuild=false, panels=7288, CG iters=769, solved=true
		ForceMonitor[i_system=1, step=168]:
			CF = (-0.026, -0.0001139, -7.783e-5)
			CM = (0.001298, 5.364e-5, 0.0003846)
		ForceMonitor[i_system=1, step=168]:
			CF = (-0.4131, -0.005931, 0.02312)
			CM = (0.09448, -0.00083, 0.003381)
	step 168/359 at time 0.04666666666666667
		PressureLaplace(material_derivative)[step=169]: rebuild=false, panels=7288, CG iters=733, solved=true
		ForceMonitor[i_system=1, step=169]:
			CF = (-0.2171, 0.0008768, -0.0003551)
			CM = (0.0115, -0.0002862, -0.001133)
		PressureLaplace(lamb_vector)[step=169]: rebuild=false, panels=7288, CG iters=769, solved=true
		ForceMonitor[i_system=1, step=169]:
			CF = (-0.02603, -0.0001684, -9.343e-5)
			CM = (0.001292, 5.666e-5, 0.0003964)
		ForceMonitor[i_system=1, step=169]:
			CF = (-0.4132, -0.002171, 0.02363)
			CM = (0.0941, -0.0009081, 0.003514)
	step 169/359 at time 0.04694444444444444
		PressureLaplace(material_derivative)[step=170]: rebuild=false, panels=7288, CG iters=733, solved=true
		ForceMonitor[i_system=1, step=170]:
			CF = (-0.2183, 0.000797, -0.000147)
			CM = (0.01155, -0.0002973, -0.001226)
		PressureLaplace(lamb_vector)[step=170]: rebuild=false, panels=7288, CG iters=769, solved=true
		ForceMonitor[i_system=1, step=170]:
			CF = (-0.0261, -0.0001887, -0.0001234)
			CM = (0.001283, 5.984e-5, 0.0004167)
		ForceMonitor[i_system=1, step=170]:
			CF = (-0.4152, 0.003259, 0.02511)
			CM = (0.09425, -0.001017, 0.003859)
	step 170/359 at time 0.04722222222222222
		PressureLaplace(material_derivative)[step=171]: rebuild=false, panels=7288, CG iters=733, solved=true
		ForceMonitor[i_system=1, step=171]:
			CF = (-0.221, 0.0006199, 0.0004216)
			CM = (0.01168, -0.0003145, -0.001077)
		PressureLaplace(lamb_vector)[step=171]: rebuild=false, panels=7288, CG iters=769, solved=true
		ForceMonitor[i_system=1, step=171]:
			CF = (-0.02622, -0.000167, -0.0001605)
			CM = (0.001276, 6.096e-5, 0.0004364)
		ForceMonitor[i_system=1, step=171]:
			CF = (-0.4185, 0.006022, 0.02829)
			CM = (0.09498, -0.001137, 0.004505)
	step 171/359 at time 0.0475
		PressureLaplace(material_derivative)[step=172]: rebuild=false, panels=7288, CG iters=734, solved=true
		ForceMonitor[i_system=1, step=172]:
			CF = (-0.2244, 0.0004092, 0.001171)
			CM = (0.01184, -0.0003212, -0.0006723)
		PressureLaplace(lamb_vector)[step=172]: rebuild=false, panels=7288, CG iters=769, solved=true
		ForceMonitor[i_system=1, step=172]:
			CF = (-0.02632, -8.763e-5, -0.0001667)
			CM = (0.001273, 5.35e-5, 0.0004388)
		ForceMonitor[i_system=1, step=172]:
			CF = (-0.4223, 0.007859, 0.03054)
			CM = (0.09586, -0.001221, 0.005151)
	step 172/359 at time 0.04777777777777778
		PressureLaplace(material_derivative)[step=173]: rebuild=false, panels=7288, CG iters=734, solved=true
		ForceMonitor[i_system=1, step=173]:
			CF = (-0.2276, 0.0002184, 0.001754)
			CM = (0.01197, -0.0002903, -0.0001266)
		PressureLaplace(lamb_vector)[step=173]: rebuild=false, panels=7288, CG iters=765, solved=true
		ForceMonitor[i_system=1, step=173]:
			CF = (-0.02641, 4.403e-6, -0.0001318)
			CM = (0.001282, 4.041e-5, 0.0004113)
		ForceMonitor[i_system=1, step=173]:
			CF = (-0.4254, 0.009423, 0.02952)
			CM = (0.09645, -0.001198, 0.005318)
	step 173/359 at time 0.04805555555555555
		PressureLaplace(material_derivative)[step=174]: rebuild=false, panels=7288, CG iters=732, solved=true
		ForceMonitor[i_system=1, step=174]:
			CF = (-0.2285, 3.5e-5, 0.001947)
			CM = (0.01198, -0.000239, 0.0002744)
		PressureLaplace(lamb_vector)[step=174]: rebuild=false, panels=7288, CG iters=752, solved=true
		ForceMonitor[i_system=1, step=174]:
			CF = (-0.02643, 7.867e-5, -7.003e-5)
			CM = (0.001297, 2.685e-5, 0.0003389)
		ForceMonitor[i_system=1, step=174]:
			CF = (-0.4258, 0.005339, 0.02625)
			CM = (0.09639, -0.001074, 0.004821)
	step 174/359 at time 0.04833333333333333
		PressureLaplace(material_derivative)[step=175]: rebuild=false, panels=7288, CG iters=731, solved=true
		ForceMonitor[i_system=1, step=175]:
			CF = (-0.2267, 0.0001416, 0.002106)
			CM = (0.01188, -0.0001696, 0.0005243)
		PressureLaplace(lamb_vector)[step=175]: rebuild=false, panels=7288, CG iters=769, solved=true
		ForceMonitor[i_system=1, step=175]:
			CF = (-0.02626, 8.184e-5, -2.228e-5)
			CM = (0.001304, 5.095e-6, 0.0002172)
		ForceMonitor[i_system=1, step=175]:
			CF = (-0.4247, 0.01101, 0.01766)
			CM = (0.09584, -0.0008503, 0.003617)
	step 175/359 at time 0.04861111111111111
		PressureLaplace(material_derivative)[step=176]: rebuild=false, panels=7288, CG iters=714, solved=true
		ForceMonitor[i_system=1, step=176]:
			CF = (-0.224, 0.0001607, 0.001665)
			CM = (0.01176, -9.648e-5, 0.000477)
		PressureLaplace(lamb_vector)[step=176]: rebuild=false, panels=7288, CG iters=769, solved=true
		ForceMonitor[i_system=1, step=176]:
			CF = (-0.0261, 8.45e-5, 5.989e-6)
			CM = (0.001303, -8.383e-6, 9.205e-5)
		ForceMonitor[i_system=1, step=176]:
			CF = (-0.4219, 0.01202, 0.009492)
			CM = (0.09537, -0.0005977, 0.002223)
	step 176/359 at time 0.04888888888888889
		PressureLaplace(material_derivative)[step=177]: rebuild=false, panels=7288, CG iters=722, solved=true
		ForceMonitor[i_system=1, step=177]:
			CF = (-0.221, 0.0001702, 0.001137)
			CM = (0.01165, -2.313e-5, 0.0003917)
		PressureLaplace(lamb_vector)[step=177]: rebuild=false, panels=7288, CG iters=769, solved=true
		ForceMonitor[i_system=1, step=177]:
			CF = (-0.02595, 8.317e-5, 1.293e-5)
			CM = (0.001297, -1.77e-5, -2.263e-5)
		ForceMonitor[i_system=1, step=177]:
			CF = (-0.4184, 0.01376, 0.001683)
			CM = (0.09521, -0.0003324, 0.0008977)
	step 177/359 at time 0.049166666666666664
		PressureLaplace(material_derivative)[step=178]: rebuild=false, panels=7288, CG iters=734, solved=true
		ForceMonitor[i_system=1, step=178]:
			CF = (-0.2183, 0.0001182, 0.0006909)
			CM = (0.01156, 3.563e-5, 0.0003272)
		PressureLaplace(lamb_vector)[step=178]: rebuild=false, panels=7288, CG iters=769, solved=true
		ForceMonitor[i_system=1, step=178]:
			CF = (-0.02586, 7.672e-5, 1.0e-5)
			CM = (0.001289, -2.191e-5, -0.000109)
		ForceMonitor[i_system=1, step=178]:
			CF = (-0.4152, 0.0147, -0.004223)
			CM = (0.09542, -0.0001075, -0.0001589)
	step 178/359 at time 0.049444444444444444
		PressureLaplace(material_derivative)[step=179]: rebuild=false, panels=7288, CG iters=735, solved=true
		ForceMonitor[i_system=1, step=179]:
			CF = (-0.2159, 2.66e-5, 0.000332)
			CM = (0.0115, 7.593e-5, 0.0002862)
		PressureLaplace(lamb_vector)[step=179]: rebuild=false, panels=7288, CG iters=769, solved=true
		ForceMonitor[i_system=1, step=179]:
			CF = (-0.02583, 7.51e-5, -1.917e-6)
			CM = (0.001281, -2.176e-5, -0.0001623)
		ForceMonitor[i_system=1, step=179]:
			CF = (-0.4127, 0.01402, -0.008016)
			CM = (0.09585, 5.589e-5, -0.0008689)
	step 179/359 at time 0.04972222222222222
		PressureLaplace(material_derivative)[step=180]: rebuild=false, panels=7288, CG iters=735, solved=true
		ForceMonitor[i_system=1, step=180]:
			CF = (-0.2143, -8.773e-5, 7.885e-5)
			CM = (0.01146, 9.833e-5, 0.0002652)
		PressureLaplace(lamb_vector)[step=180]: rebuild=false, panels=7288, CG iters=769, solved=true
		ForceMonitor[i_system=1, step=180]:
			CF = (-0.02584, 8.041e-5, -1.696e-5)
			CM = (0.001273, -1.835e-5, -0.0001833)
		ForceMonitor[i_system=1, step=180]:
			CF = (-0.4112, 0.01153, -0.009538)
			CM = (0.09632, 0.0001415, -0.001219)
	step 180/359 at time 0.05
		PressureLaplace(material_derivative)[step=181]: rebuild=false, panels=7288, CG iters=735, solved=true
		ForceMonitor[i_system=1, step=181]:
			CF = (-0.2134, -0.0002125, 6.455e-6)
			CM = (0.01144, 0.0001016, 0.0002775)
		PressureLaplace(lamb_vector)[step=181]: rebuild=false, panels=7288, CG iters=767, solved=true
		ForceMonitor[i_system=1, step=181]:
			CF = (-0.02586, 9.028e-5, -1.903e-5)
			CM = (0.001267, -1.414e-5, -0.000178)
		ForceMonitor[i_system=1, step=181]:
			CF = (-0.4106, 0.007752, -0.009113)
			CM = (0.09665, 0.0001511, -0.001257)
	step 181/359 at time 0.050277777777777775
		PressureLaplace(material_derivative)[step=182]: rebuild=false, panels=7288, CG iters=735, solved=true
		ForceMonitor[i_system=1, step=182]:
			CF = (-0.2131, -0.0003351, 5.643e-5)
			CM = (0.01143, 9.496e-5, 0.0003075)
		PressureLaplace(lamb_vector)[step=182]: rebuild=false, panels=7288, CG iters=765, solved=true
		ForceMonitor[i_system=1, step=182]:
			CF = (-0.02584, 9.895e-5, -7.736e-6)
			CM = (0.001264, -1.033e-5, -0.0001557)
		ForceMonitor[i_system=1, step=182]:
			CF = (-0.4099, 0.003483, -0.007623)
			CM = (0.09665, 0.0001313, -0.001108)
	step 182/359 at time 0.050555555555555555
		PressureLaplace(material_derivative)[step=183]: rebuild=false, panels=7288, CG iters=735, solved=true
		ForceMonitor[i_system=1, step=183]:
			CF = (-0.2131, -0.0004393, 0.0001399)
			CM = (0.01141, 8.09e-5, 0.000317)
		PressureLaplace(lamb_vector)[step=183]: rebuild=false, panels=7288, CG iters=765, solved=true
		ForceMonitor[i_system=1, step=183]:
			CF = (-0.02578, 0.0001049, 9.297e-6)
			CM = (0.001261, -6.299e-6, -0.0001204)
		ForceMonitor[i_system=1, step=183]:
			CF = (-0.4089, -0.001154, -0.005265)
			CM = (0.09629, 9.306e-5, -0.0008196)
	step 183/359 at time 0.050833333333333335
		PressureLaplace(material_derivative)[step=184]: rebuild=false, panels=7288, CG iters=735, solved=true
		ForceMonitor[i_system=1, step=184]:
			CF = (-0.2133, -0.0005252, 0.0002526)
			CM = (0.01139, 6.209e-5, 0.0003071)
		PressureLaplace(lamb_vector)[step=184]: rebuild=false, panels=7288, CG iters=765, solved=true
		ForceMonitor[i_system=1, step=184]:
			CF = (-0.0257, 0.0001075, 2.785e-5)
			CM = (0.00126, -2.403e-6, -7.611e-5)
		ForceMonitor[i_system=1, step=184]:
			CF = (-0.4079, -0.005497, -0.002293)
			CM = (0.09564, 4.525e-5, -0.0004266)
	step 184/359 at time 0.051111111111111114
		PressureLaplace(material_derivative)[step=185]: rebuild=false, panels=7288, CG iters=735, solved=true
		ForceMonitor[i_system=1, step=185]:
			CF = (-0.2137, -0.0005889, 0.0003782)
			CM = (0.01137, 4.284e-5, 0.000293)
		PressureLaplace(lamb_vector)[step=185]: rebuild=false, panels=7288, CG iters=767, solved=true
		ForceMonitor[i_system=1, step=185]:
			CF = (-0.02561, 0.0001058, 4.54e-5)
			CM = (0.001259, 4.712e-7, -2.856e-5)
		ForceMonitor[i_system=1, step=185]:
			CF = (-0.4067, -0.009013, 0.0008173)
			CM = (0.09482, 1.959e-6, 1.976e-5)
	step 185/359 at time 0.05138888888888889
		PressureLaplace(material_derivative)[step=186]: rebuild=false, panels=7288, CG iters=735, solved=true
		ForceMonitor[i_system=1, step=186]:
			CF = (-0.214, -0.0006234, 0.0004792)
			CM = (0.01135, 2.728e-5, 0.0002858)
		PressureLaplace(lamb_vector)[step=186]: rebuild=false, panels=7288, CG iters=767, solved=true
		ForceMonitor[i_system=1, step=186]:
			CF = (-0.02553, 9.786e-5, 5.968e-5)
			CM = (0.001259, 1.473e-6, 1.42e-5)
		ForceMonitor[i_system=1, step=186]:
			CF = (-0.4056, -0.01153, 0.003483)
			CM = (0.09402, -2.159e-5, 0.0004426)
	step 186/359 at time 0.051666666666666666
		PressureLaplace(material_derivative)[step=187]: rebuild=false, panels=7288, CG iters=735, solved=true
		ForceMonitor[i_system=1, step=187]:
			CF = (-0.2143, -0.0006176, 0.000474)
			CM = (0.01135, 1.79e-5, 0.0002518)
		PressureLaplace(lamb_vector)[step=187]: rebuild=false, panels=7288, CG iters=767, solved=true
		ForceMonitor[i_system=1, step=187]:
			CF = (-0.02549, 8.474e-5, 6.675e-5)
			CM = (0.00126, 4.786e-7, 4.508e-5)
		ForceMonitor[i_system=1, step=187]:
			CF = (-0.4051, -0.01303, 0.005154)
			CM = (0.09346, -1.713e-5, 0.0007393)
	step 187/359 at time 0.051944444444444446
		PressureLaplace(material_derivative)[step=188]: rebuild=false, panels=7288, CG iters=735, solved=true
		ForceMonitor[i_system=1, step=188]:
			CF = (-0.2152, -0.0005664, 0.0002631)
			CM = (0.01138, 1.524e-5, 0.0001078)
		PressureLaplace(lamb_vector)[step=188]: rebuild=false, panels=7288, CG iters=767, solved=true
		ForceMonitor[i_system=1, step=188]:
			CF = (-0.02552, 7.835e-5, 6.327e-5)
			CM = (0.001263, -1.032e-6, 6.16e-5)
		ForceMonitor[i_system=1, step=188]:
			CF = (-0.4057, -0.01374, 0.005534)
			CM = (0.09331, 1.255e-5, 0.0007992)
	step 188/359 at time 0.052222222222222225
		PressureLaplace(material_derivative)[step=189]: rebuild=false, panels=7288, CG iters=735, solved=true
		ForceMonitor[i_system=1, step=189]:
			CF = (-0.2165, -0.0004749, -0.0001296)
			CM = (0.01146, 1.718e-5, -0.0001761)
		PressureLaplace(lamb_vector)[step=189]: rebuild=false, panels=7288, CG iters=767, solved=true
		ForceMonitor[i_system=1, step=189]:
			CF = (-0.02561, 7.651e-5, 4.69e-5)
			CM = (0.001268, -4.85e-7, 6.129e-5)
		ForceMonitor[i_system=1, step=189]:
			CF = (-0.4073, -0.01398, 0.004935)
			CM = (0.0936, 5.399e-5, 0.000599)
	step 189/359 at time 0.0525
		PressureLaplace(material_derivative)[step=190]: rebuild=false, panels=7288, CG iters=735, solved=true
		ForceMonitor[i_system=1, step=190]:
			CF = (-0.2177, -0.0003783, -0.0004856)
			CM = (0.01153, 1.883e-5, -0.0004709)
		PressureLaplace(lamb_vector)[step=190]: rebuild=false, panels=7288, CG iters=767, solved=true
		ForceMonitor[i_system=1, step=190]:
			CF = (-0.02573, 7.372e-5, 2.818e-5)
			CM = (0.001272, 3.02e-6, 5.629e-5)
		ForceMonitor[i_system=1, step=190]:
			CF = (-0.4094, -0.01384, 0.004198)
			CM = (0.09415, 8.609e-5, 0.0002976)
	step 190/359 at time 0.05277777777777778
		PressureLaplace(material_derivative)[step=191]: rebuild=false, panels=7288, CG iters=735, solved=true
		ForceMonitor[i_system=1, step=191]:
			CF = (-0.218, -0.0003022, -0.0006153)
			CM = (0.01156, 1.45e-5, -0.0006269)
		PressureLaplace(lamb_vector)[step=191]: rebuild=false, panels=7288, CG iters=767, solved=true
		ForceMonitor[i_system=1, step=191]:
			CF = (-0.02585, 6.255e-5, 1.914e-5)
			CM = (0.001274, 7.279e-6, 5.303e-5)
		ForceMonitor[i_system=1, step=191]:
			CF = (-0.4109, -0.01328, 0.003999)
			CM = (0.09479, 9.273e-5, 7.979e-5)
	step 191/359 at time 0.05305555555555556
		PressureLaplace(material_derivative)[step=192]: rebuild=false, panels=7288, CG iters=734, solved=true
		ForceMonitor[i_system=1, step=192]:
			CF = (-0.2173, -0.000246, -0.0005416)
			CM = (0.01156, 4.381e-6, -0.0006376)
		PressureLaplace(lamb_vector)[step=192]: rebuild=false, panels=7288, CG iters=767, solved=true
		ForceMonitor[i_system=1, step=192]:
			CF = (-0.02594, 4.733e-5, 2.042e-5)
			CM = (0.001271, 9.63e-6, 5.087e-5)
		ForceMonitor[i_system=1, step=192]:
			CF = (-0.4117, -0.01219, 0.004195)
			CM = (0.09551, 7.657e-5, -2.819e-5)
	step 192/359 at time 0.05333333333333334
		PressureLaplace(material_derivative)[step=193]: rebuild=false, panels=7288, CG iters=734, solved=true
		ForceMonitor[i_system=1, step=193]:
			CF = (-0.2162, -0.0001954, -0.0004105)
			CM = (0.01154, -5.378e-6, -0.0005846)
		PressureLaplace(lamb_vector)[step=193]: rebuild=false, panels=7288, CG iters=767, solved=true
		ForceMonitor[i_system=1, step=193]:
			CF = (-0.02602, 2.665e-5, 2.363e-5)
			CM = (0.001268, 9.33e-6, 4.536e-5)
		ForceMonitor[i_system=1, step=193]:
			CF = (-0.4123, -0.01064, 0.004166)
			CM = (0.09634, 5.76e-5, -0.0001137)
	step 193/359 at time 0.05361111111111111
		PressureLaplace(material_derivative)[step=194]: rebuild=false, panels=7288, CG iters=734, solved=true
		ForceMonitor[i_system=1, step=194]:
			CF = (-0.2151, -0.0001389, -0.0003227)
			CM = (0.01153, -9.879e-6, -0.0005263)
		PressureLaplace(lamb_vector)[step=194]: rebuild=false, panels=7288, CG iters=767, solved=true
		ForceMonitor[i_system=1, step=194]:
			CF = (-0.02611, 3.044e-6, 2.333e-5)
			CM = (0.001264, 7.22e-6, 3.259e-5)
		ForceMonitor[i_system=1, step=194]:
			CF = (-0.4129, -0.008741, 0.003529)
			CM = (0.09724, 5.325e-5, -0.0002428)
	step 194/359 at time 0.05388888888888889
		PressureLaplace(material_derivative)[step=195]: rebuild=false, panels=7288, CG iters=734, solved=true
		ForceMonitor[i_system=1, step=195]:
			CF = (-0.2142, -7.868e-5, -0.0002954)
			CM = (0.01153, -8.752e-6, -0.0004812)
		PressureLaplace(lamb_vector)[step=195]: rebuild=false, panels=7288, CG iters=767, solved=true
		ForceMonitor[i_system=1, step=195]:
			CF = (-0.02619, -1.755e-5, 1.872e-5)
			CM = (0.00126, 4.426e-6, 1.444e-5)
		ForceMonitor[i_system=1, step=195]:
			CF = (-0.4136, -0.006752, 0.002356)
			CM = (0.0981, 6.716e-5, -0.0004223)
	step 195/359 at time 0.05416666666666667
		PressureLaplace(material_derivative)[step=196]: rebuild=false, panels=7288, CG iters=733, solved=true
		ForceMonitor[i_system=1, step=196]:
			CF = (-0.2135, -1.859e-5, -0.000312)
			CM = (0.01153, -3.931e-6, -0.0004496)
		PressureLaplace(lamb_vector)[step=196]: rebuild=false, panels=7288, CG iters=767, solved=true
		ForceMonitor[i_system=1, step=196]:
			CF = (-0.02625, -3.363e-5, 1.191e-5)
			CM = (0.001258, 1.6e-6, -6.576e-6)
		ForceMonitor[i_system=1, step=196]:
			CF = (-0.4142, -0.004919, 0.0009005)
			CM = (0.09876, 9.575e-5, -0.0006354)
	step 196/359 at time 0.05444444444444444
		PressureLaplace(material_derivative)[step=197]: rebuild=false, panels=7288, CG iters=733, solved=true
		ForceMonitor[i_system=1, step=197]:
			CF = (-0.213, 4.579e-5, -0.0003517)
			CM = (0.01152, 2.856e-6, -0.0004133)
		PressureLaplace(lamb_vector)[step=197]: rebuild=false, panels=7288, CG iters=767, solved=true
		ForceMonitor[i_system=1, step=197]:
			CF = (-0.02628, -5.117e-5, 3.59e-6)
			CM = (0.001256, -1.248e-6, -2.928e-5)
		ForceMonitor[i_system=1, step=197]:
			CF = (-0.4146, -0.003195, -0.0007392)
			CM = (0.09911, 0.0001314, -0.0008534)
	step 197/359 at time 0.05472222222222222
		PressureLaplace(material_derivative)[step=198]: rebuild=false, panels=7288, CG iters=730, solved=true
		ForceMonitor[i_system=1, step=198]:
			CF = (-0.2128, 0.0001134, -0.0003982)
			CM = (0.01151, 1.04e-5, -0.0003628)
		PressureLaplace(lamb_vector)[step=198]: rebuild=false, panels=7288, CG iters=767, solved=true
		ForceMonitor[i_system=1, step=198]:
			CF = (-0.02625, -6.292e-5, -4.428e-6)
			CM = (0.001256, -3.958e-6, -5.315e-5)
		ForceMonitor[i_system=1, step=198]:
			CF = (-0.4145, -0.001555, -0.002488)
			CM = (0.09908, 0.0001666, -0.001062)
	step 198/359 at time 0.055
		PressureLaplace(material_derivative)[step=199]: rebuild=false, panels=7288, CG iters=727, solved=true
		ForceMonitor[i_system=1, step=199]:
			CF = (-0.2129, 0.0001812, -0.0004411)
			CM = (0.01149, 1.803e-5, -0.0002954)
		PressureLaplace(lamb_vector)[step=199]: rebuild=false, panels=7288, CG iters=767, solved=true
		ForceMonitor[i_system=1, step=199]:
			CF = (-0.02617, -7.334e-5, -1.199e-5)
			CM = (0.001256, -6.539e-6, -7.786e-5)
		ForceMonitor[i_system=1, step=199]:
			CF = (-0.4139, 3.457e-5, -0.004278)
			CM = (0.09864, 0.0001966, -0.001256)
	step 199/359 at time 0.05527777777777778
		PressureLaplace(material_derivative)[step=200]: rebuild=false, panels=7288, CG iters=722, solved=true
		ForceMonitor[i_system=1, step=200]:
			CF = (-0.2131, 0.0002426, -0.0004729)
			CM = (0.01146, 2.528e-5, -0.0002143)
		PressureLaplace(lamb_vector)[step=200]: rebuild=false, panels=7288, CG iters=767, solved=true
		ForceMonitor[i_system=1, step=200]:
			CF = (-0.02605, -7.964e-5, -1.944e-5)
			CM = (0.001256, -8.852e-6, -0.0001011)
		ForceMonitor[i_system=1, step=200]:
			CF = (-0.4128, 0.001544, -0.006008)
			CM = (0.09785, 0.0002187, -0.001429)
	step 200/359 at time 0.05555555555555555
		PressureLaplace(material_derivative)[step=201]: rebuild=false, panels=7288, CG iters=716, solved=true
		ForceMonitor[i_system=1, step=201]:
			CF = (-0.2135, 0.000293, -0.0004909)
			CM = (0.01144, 3.157e-5, -0.000128)
		PressureLaplace(lamb_vector)[step=201]: rebuild=false, panels=7288, CG iters=767, solved=true
		ForceMonitor[i_system=1, step=201]:
			CF = (-0.0259, -8.28e-5, -2.605e-5)
			CM = (0.001257, -1.08e-5, -0.0001233)
		ForceMonitor[i_system=1, step=201]:
			CF = (-0.4114, 0.002911, -0.007551)
			CM = (0.09683, 0.0002317, -0.001572)
	step 201/359 at time 0.05583333333333333
		PressureLaplace(material_derivative)[step=202]: rebuild=false, panels=7288, CG iters=712, solved=true
		ForceMonitor[i_system=1, step=202]:
			CF = (-0.2139, 0.0003298, -0.0004923)
			CM = (0.01141, 3.651e-5, -4.363e-5)
		PressureLaplace(lamb_vector)[step=202]: rebuild=false, panels=7288, CG iters=767, solved=true
		ForceMonitor[i_system=1, step=202]:
			CF = (-0.02575, -8.213e-5, -3.121e-5)
			CM = (0.001258, -1.225e-5, -0.0001406)
		ForceMonitor[i_system=1, step=202]:
			CF = (-0.4099, 0.004117, -0.008786)
			CM = (0.09573, 0.0002356, -0.001667)
	step 202/359 at time 0.05611111111111111
		PressureLaplace(material_derivative)[step=203]: rebuild=false, panels=7288, CG iters=711, solved=true
		ForceMonitor[i_system=1, step=203]:
			CF = (-0.2143, 0.0003511, -0.0004764)
			CM = (0.01138, 3.986e-5, 3.293e-5)
		PressureLaplace(lamb_vector)[step=203]: rebuild=false, panels=7288, CG iters=765, solved=true
		ForceMonitor[i_system=1, step=203]:
			CF = (-0.02562, -7.85e-5, -3.548e-5)
			CM = (0.001258, -1.318e-5, -0.000152)
		ForceMonitor[i_system=1, step=203]:
			CF = (-0.4085, 0.005112, -0.009632)
			CM = (0.09471, 0.0002309, -0.0017)
	step 203/359 at time 0.05638888888888889
		PressureLaplace(material_derivative)[step=204]: rebuild=false, panels=7288, CG iters=711, solved=true
		ForceMonitor[i_system=1, step=204]:
			CF = (-0.2146, 0.0003587, -0.0004455)
			CM = (0.01136, 4.199e-5, 9.976e-5)
		PressureLaplace(lamb_vector)[step=204]: rebuild=false, panels=7288, CG iters=765, solved=true
		ForceMonitor[i_system=1, step=204]:
			CF = (-0.02552, -7.297e-5, -3.859e-5)
			CM = (0.001259, -1.373e-5, -0.0001578)
		ForceMonitor[i_system=1, step=204]:
			CF = (-0.4074, 0.005911, -0.01009)
			CM = (0.0939, 0.0002204, -0.001674)
	step 204/359 at time 0.056666666666666664
		PressureLaplace(material_derivative)[step=205]: rebuild=false, panels=7288, CG iters=712, solved=true
		ForceMonitor[i_system=1, step=205]:
			CF = (-0.2148, 0.0003529, -0.0004037)
			CM = (0.01135, 4.361e-5, 0.0001589)
		PressureLaplace(lamb_vector)[step=205]: rebuild=false, panels=7288, CG iters=767, solved=true
		ForceMonitor[i_system=1, step=205]:
			CF = (-0.02546, -6.408e-5, -4.07e-5)
			CM = (0.00126, -1.41e-5, -0.0001597)
		ForceMonitor[i_system=1, step=205]:
			CF = (-0.4068, 0.006473, -0.01027)
			CM = (0.0934, 0.0002073, -0.001606)
	step 205/359 at time 0.05694444444444444
		PressureLaplace(material_derivative)[step=206]: rebuild=false, panels=7288, CG iters=714, solved=true
		ForceMonitor[i_system=1, step=206]:
			CF = (-0.2149, 0.0003369, -0.0003583)
			CM = (0.01135, 4.56e-5, 0.0002142)
		PressureLaplace(lamb_vector)[step=206]: rebuild=false, panels=7288, CG iters=767, solved=true
		ForceMonitor[i_system=1, step=206]:
			CF = (-0.02545, -5.72e-5, -4.105e-5)
			CM = (0.00126, -1.45e-5, -0.0001602)
		ForceMonitor[i_system=1, step=206]:
			CF = (-0.4066, 0.006808, -0.01033)
			CM = (0.09321, 0.0001951, -0.001529)
	step 206/359 at time 0.05722222222222222
		PressureLaplace(material_derivative)[step=207]: rebuild=false, panels=7288, CG iters=721, solved=true
		ForceMonitor[i_system=1, step=207]:
			CF = (-0.2148, 0.0003108, -0.0003136)
			CM = (0.01135, 4.852e-5, 0.0002704)
		PressureLaplace(lamb_vector)[step=207]: rebuild=false, panels=7288, CG iters=767, solved=true
		ForceMonitor[i_system=1, step=207]:
			CF = (-0.02548, -5.263e-5, -4.063e-5)
			CM = (0.00126, -1.509e-5, -0.000163)
		ForceMonitor[i_system=1, step=207]:
			CF = (-0.4069, 0.006875, -0.01042)
			CM = (0.09332, 0.0001858, -0.001471)
	step 207/359 at time 0.0575
		PressureLaplace(material_derivative)[step=208]: rebuild=false, panels=7288, CG iters=724, solved=true
		ForceMonitor[i_system=1, step=208]:
			CF = (-0.2145, 0.0002779, -0.0002745)
			CM = (0.01136, 5.264e-5, 0.0003308)
		PressureLaplace(lamb_vector)[step=208]: rebuild=false, panels=7288, CG iters=767, solved=true
		ForceMonitor[i_system=1, step=208]:
			CF = (-0.02555, -4.351e-5, -3.921e-5)
			CM = (0.00126, -1.583e-5, -0.0001689)
		ForceMonitor[i_system=1, step=208]:
			CF = (-0.4075, 0.006709, -0.01064)
			CM = (0.09368, 0.0001802, -0.001452)
	step 208/359 at time 0.057777777777777775
		PressureLaplace(material_derivative)[step=209]: rebuild=false, panels=7288, CG iters=729, solved=true
		ForceMonitor[i_system=1, step=209]:
			CF = (-0.2141, 0.0002387, -0.0002409)
			CM = (0.01137, 5.763e-5, 0.000396)
		PressureLaplace(lamb_vector)[step=209]: rebuild=false, panels=7288, CG iters=765, solved=true
		ForceMonitor[i_system=1, step=209]:
			CF = (-0.02564, -3.219e-5, -3.721e-5)
			CM = (0.001259, -1.66e-5, -0.0001774)
		ForceMonitor[i_system=1, step=209]:
			CF = (-0.4083, 0.006318, -0.01101)
			CM = (0.09425, 0.0001771, -0.00147)
	step 209/359 at time 0.058055555555555555
		PressureLaplace(material_derivative)[step=210]: rebuild=false, panels=7288, CG iters=733, solved=true
		ForceMonitor[i_system=1, step=210]:
			CF = (-0.2136, 0.0001946, -0.0002098)
			CM = (0.01138, 6.278e-5, 0.0004638)
		PressureLaplace(lamb_vector)[step=210]: rebuild=false, panels=7288, CG iters=764, solved=true
		ForceMonitor[i_system=1, step=210]:
			CF = (-0.02574, -1.848e-5, -3.379e-5)
			CM = (0.001258, -1.72e-5, -0.0001862)
		ForceMonitor[i_system=1, step=210]:
			CF = (-0.4093, 0.005741, -0.01143)
			CM = (0.09497, 0.0001742, -0.001503)
	step 210/359 at time 0.058333333333333334
		PressureLaplace(material_derivative)[step=211]: rebuild=false, panels=7288, CG iters=733, solved=true
		ForceMonitor[i_system=1, step=211]:
			CF = (-0.2131, 0.000146, -0.0001777)
			CM = (0.01139, 6.719e-5, 0.0005297)
		PressureLaplace(lamb_vector)[step=211]: rebuild=false, panels=7288, CG iters=763, solved=true
		ForceMonitor[i_system=1, step=211]:
			CF = (-0.02585, -2.784e-6, -2.955e-5)
			CM = (0.001256, -1.742e-5, -0.0001932)
		ForceMonitor[i_system=1, step=211]:
			CF = (-0.4103, 0.005011, -0.01175)
			CM = (0.09576, 0.0001686, -0.001523)
	step 211/359 at time 0.058611111111111114
		PressureLaplace(material_derivative)[step=212]: rebuild=false, panels=7288, CG iters=734, solved=true
		ForceMonitor[i_system=1, step=212]:
			CF = (-0.2127, 9.126e-5, -0.0001378)
			CM = (0.01141, 6.985e-5, 0.0005886)
		PressureLaplace(lamb_vector)[step=212]: rebuild=false, panels=7288, CG iters=763, solved=true
		ForceMonitor[i_system=1, step=212]:
			CF = (-0.02595, 1.34e-5, -2.449e-5)
			CM = (0.001255, -1.705e-5, -0.0001954)
		ForceMonitor[i_system=1, step=212]:
			CF = (-0.4114, 0.004121, -0.01181)
			CM = (0.09657, 0.0001572, -0.0015)
	step 212/359 at time 0.058888888888888886
		PressureLaplace(material_derivative)[step=213]: rebuild=false, panels=7288, CG iters=734, solved=true
		ForceMonitor[i_system=1, step=213]:
			CF = (-0.2123, 3.079e-5, -8.72e-5)
			CM = (0.01142, 7.012e-5, 0.0006351)
		PressureLaplace(lamb_vector)[step=213]: rebuild=false, panels=7288, CG iters=763, solved=true
		ForceMonitor[i_system=1, step=213]:
			CF = (-0.02604, 3.046e-5, -1.765e-5)
			CM = (0.001253, -1.596e-5, -0.0001881)
		ForceMonitor[i_system=1, step=213]:
			CF = (-0.4123, 0.003095, -0.01146)
			CM = (0.09729, 0.0001385, -0.00141)
	step 213/359 at time 0.059166666666666666
		PressureLaplace(material_derivative)[step=214]: rebuild=false, panels=7288, CG iters=734, solved=true
		ForceMonitor[i_system=1, step=214]:
			CF = (-0.2121, -3.361e-5, -2.538e-5)
			CM = (0.01143, 6.757e-5, 0.0006642)
		PressureLaplace(lamb_vector)[step=214]: rebuild=false, panels=7288, CG iters=763, solved=true
		ForceMonitor[i_system=1, step=214]:
			CF = (-0.0261, 4.944e-5, -9.649e-6)
			CM = (0.001252, -1.413e-5, -0.000173)
		ForceMonitor[i_system=1, step=214]:
			CF = (-0.413, 0.001958, -0.0106)
			CM = (0.09784, 0.0001118, -0.001243)
	step 214/359 at time 0.059444444444444446
		PressureLaplace(material_derivative)[step=215]: rebuild=false, panels=7288, CG iters=734, solved=true
		ForceMonitor[i_system=1, step=215]:
			CF = (-0.212, -0.0001011, 4.756e-5)
			CM = (0.01144, 6.199e-5, 0.000673)
		PressureLaplace(lamb_vector)[step=215]: rebuild=false, panels=7288, CG iters=764, solved=true
		ForceMonitor[i_system=1, step=215]:
			CF = (-0.02613, 6.656e-5, -1.009e-6)
			CM = (0.001252, -1.155e-5, -0.0001484)
		ForceMonitor[i_system=1, step=215]:
			CF = (-0.4134, 0.0007095, -0.009186)
			CM = (0.09814, 7.745e-5, -0.0009932)
	step 215/359 at time 0.059722222222222225
		PressureLaplace(material_derivative)[step=216]: rebuild=false, panels=7288, CG iters=734, solved=true
		ForceMonitor[i_system=1, step=216]:
			CF = (-0.2121, -0.0001718, 0.0001317)
			CM = (0.01144, 5.336e-5, 0.0006609)
		PressureLaplace(lamb_vector)[step=216]: rebuild=false, panels=7288, CG iters=765, solved=true
		ForceMonitor[i_system=1, step=216]:
			CF = (-0.02611, 8.156e-5, 8.986e-6)
			CM = (0.001252, -8.314e-6, -0.0001149)
		ForceMonitor[i_system=1, step=216]:
			CF = (-0.4133, -0.0006668, -0.007235)
			CM = (0.09814, 3.604e-5, -0.0006664)
	step 216/359 at time 0.06
		PressureLaplace(material_derivative)[step=217]: rebuild=false, panels=7288, CG iters=734, solved=true
		ForceMonitor[i_system=1, step=217]:
			CF = (-0.2124, -0.0002411, 0.0002231)
			CM = (0.01144, 4.212e-5, 0.0006304)
		PressureLaplace(lamb_vector)[step=217]: rebuild=false, panels=7288, CG iters=765, solved=true
		ForceMonitor[i_system=1, step=217]:
			CF = (-0.02605, 9.535e-5, 1.927e-5)
			CM = (0.001252, -4.565e-6, -7.375e-5)
		ForceMonitor[i_system=1, step=217]:
			CF = (-0.4128, -0.002104, -0.004807)
			CM = (0.09783, -1.044e-5, -0.0002721)
	step 217/359 at time 0.06027777777777778
		PressureLaplace(material_derivative)[step=218]: rebuild=false, panels=7288, CG iters=735, solved=true
		ForceMonitor[i_system=1, step=218]:
			CF = (-0.2127, -0.0003087, 0.0003204)
			CM = (0.01143, 2.857e-5, 0.0005853)
		PressureLaplace(lamb_vector)[step=218]: rebuild=false, panels=7288, CG iters=767, solved=true
		ForceMonitor[i_system=1, step=218]:
			CF = (-0.02595, 0.0001065, 2.985e-5)
			CM = (0.001253, -4.074e-7, -2.688e-5)
		ForceMonitor[i_system=1, step=218]:
			CF = (-0.4119, -0.003614, -0.001992)
			CM = (0.09724, -6.102e-5, 0.0001787)
	step 218/359 at time 0.06055555555555556
		PressureLaplace(material_derivative)[step=219]: rebuild=false, panels=7288, CG iters=735, solved=true
		ForceMonitor[i_system=1, step=219]:
			CF = (-0.2131, -0.0003712, 0.0004187)
			CM = (0.01141, 1.321e-5, 0.0005279)
		PressureLaplace(lamb_vector)[step=219]: rebuild=false, panels=7288, CG iters=767, solved=true
		ForceMonitor[i_system=1, step=219]:
			CF = (-0.02583, 0.000115, 4.101e-5)
			CM = (0.001254, 4.035e-6, 2.451e-5)
		ForceMonitor[i_system=1, step=219]:
			CF = (-0.4106, -0.005144, 0.001099)
			CM = (0.09645, -0.0001139, 0.0006701)
	step 219/359 at time 0.060833333333333336
		PressureLaplace(material_derivative)[step=220]: rebuild=false, panels=7288, CG iters=735, solved=true
		ForceMonitor[i_system=1, step=220]:
			CF = (-0.2135, -0.0004267, 0.000515)
			CM = (0.01139, -3.549e-6, 0.0004596)
		PressureLaplace(lamb_vector)[step=220]: rebuild=false, panels=7288, CG iters=767, solved=true
		ForceMonitor[i_system=1, step=220]:
			CF = (-0.02569, 0.0001191, 5.158e-5)
			CM = (0.001254, 8.618e-6, 7.864e-5)
		ForceMonitor[i_system=1, step=220]:
			CF = (-0.4091, -0.00665, 0.004351)
			CM = (0.09555, -0.0001677, 0.001185)
	step 220/359 at time 0.06111111111111111
		PressureLaplace(material_derivative)[step=221]: rebuild=false, panels=7288, CG iters=735, solved=true
		ForceMonitor[i_system=1, step=221]:
			CF = (-0.2138, -0.0004722, 0.0006049)
			CM = (0.01136, -2.115e-5, 0.0003805)
		PressureLaplace(lamb_vector)[step=221]: rebuild=false, panels=7288, CG iters=767, solved=true
		ForceMonitor[i_system=1, step=221]:
			CF = (-0.02556, 0.0001214, 6.162e-5)
			CM = (0.001255, 1.32e-5, 0.0001335)
		ForceMonitor[i_system=1, step=221]:
			CF = (-0.4076, -0.008041, 0.00765)
			CM = (0.09465, -0.0002202, 0.001704)
	step 221/359 at time 0.06138888888888889
		PressureLaplace(material_derivative)[step=222]: rebuild=false, panels=7288, CG iters=735, solved=true
		ForceMonitor[i_system=1, step=222]:
			CF = (-0.2141, -0.0005055, 0.0006825)
			CM = (0.01134, -3.912e-5, 0.0002883)
		PressureLaplace(lamb_vector)[step=222]: rebuild=false, panels=7288, CG iters=767, solved=true
		ForceMonitor[i_system=1, step=222]:
			CF = (-0.02545, 0.000121, 7.023e-5)
			CM = (0.001255, 1.765e-5, 0.0001877)
		ForceMonitor[i_system=1, step=222]:
			CF = (-0.4062, -0.009255, 0.01088)
			CM = (0.09387, -0.0002698, 0.002207)
	step 222/359 at time 0.06166666666666667
		PressureLaplace(material_derivative)[step=223]: rebuild=false, panels=7288, CG iters=735, solved=true
		ForceMonitor[i_system=1, step=223]:
			CF = (-0.2142, -0.000525, 0.0007441)
			CM = (0.01132, -5.696e-5, 0.0001809)
		PressureLaplace(lamb_vector)[step=223]: rebuild=false, panels=7288, CG iters=767, solved=true
		ForceMonitor[i_system=1, step=223]:
			CF = (-0.02537, 0.0001182, 7.703e-5)
			CM = (0.001255, 2.181e-5, 0.0002393)
		ForceMonitor[i_system=1, step=223]:
			CF = (-0.4051, -0.01022, 0.01395)
			CM = (0.09329, -0.0003144, 0.002674)
	step 223/359 at time 0.06194444444444445
		PressureLaplace(material_derivative)[step=224]: rebuild=false, panels=7288, CG iters=735, solved=true
		ForceMonitor[i_system=1, step=224]:
			CF = (-0.2143, -0.0005286, 0.0007844)
			CM = (0.01131, -7.4e-5, 5.668e-5)
		PressureLaplace(lamb_vector)[step=224]: rebuild=false, panels=7288, CG iters=767, solved=true
		ForceMonitor[i_system=1, step=224]:
			CF = (-0.02533, 0.0001092, 8.187e-5)
			CM = (0.001255, 2.549e-5, 0.0002869)
		ForceMonitor[i_system=1, step=224]:
			CF = (-0.4045, -0.01085, 0.01675)
			CM = (0.09298, -0.0003516, 0.003083)
	step 224/359 at time 0.06222222222222222
		PressureLaplace(material_derivative)[step=225]: rebuild=false, panels=7288, CG iters=735, solved=true
		ForceMonitor[i_system=1, step=225]:
			CF = (-0.2142, -0.0005158, 0.0008004)
			CM = (0.01131, -8.962e-5, -8.359e-5)
		PressureLaplace(lamb_vector)[step=225]: rebuild=false, panels=7288, CG iters=767, solved=true
		ForceMonitor[i_system=1, step=225]:
			CF = (-0.02534, 9.833e-5, 8.342e-5)
			CM = (0.001254, 2.853e-5, 0.0003277)
		ForceMonitor[i_system=1, step=225]:
			CF = (-0.4043, -0.01111, 0.01917)
			CM = (0.09297, -0.0003791, 0.003413)
	step 225/359 at time 0.0625
		PressureLaplace(material_derivative)[step=226]: rebuild=false, panels=7288, CG iters=735, solved=true
		ForceMonitor[i_system=1, step=226]:
			CF = (-0.2141, -0.0004836, 0.0007871)
			CM = (0.01132, -0.000103, -0.0002371)
		PressureLaplace(lamb_vector)[step=226]: rebuild=false, panels=7288, CG iters=767, solved=true
		ForceMonitor[i_system=1, step=226]:
			CF = (-0.02539, 8.335e-5, 8.165e-5)
			CM = (0.001254, 3.072e-5, 0.0003599)
		ForceMonitor[i_system=1, step=226]:
			CF = (-0.4047, -0.01094, 0.02111)
			CM = (0.09327, -0.0003947, 0.003643)
	step 226/359 at time 0.06277777777777778
		PressureLaplace(material_derivative)[step=227]: rebuild=false, panels=7288, CG iters=734, solved=true
		ForceMonitor[i_system=1, step=227]:
			CF = (-0.2139, -0.0004342, 0.0007457)
			CM = (0.01134, -0.0001136, -0.0003965)
		PressureLaplace(lamb_vector)[step=227]: rebuild=false, panels=7288, CG iters=767, solved=true
		ForceMonitor[i_system=1, step=227]:
			CF = (-0.02548, 6.518e-5, 7.633e-5)
			CM = (0.001253, 3.199e-5, 0.0003821)
		ForceMonitor[i_system=1, step=227]:
			CF = (-0.4056, -0.01035, 0.02248)
			CM = (0.09384, -0.000397, 0.003762)
	step 227/359 at time 0.06305555555555556
		PressureLaplace(material_derivative)[step=228]: rebuild=false, panels=7288, CG iters=734, solved=true
		ForceMonitor[i_system=1, step=228]:
			CF = (-0.2137, -0.0003678, 0.000677)
			CM = (0.01136, -0.0001206, -0.000552)
		PressureLaplace(lamb_vector)[step=228]: rebuild=false, panels=7288, CG iters=767, solved=true
		ForceMonitor[i_system=1, step=228]:
			CF = (-0.0256, 4.5e-5, 6.795e-5)
			CM = (0.001253, 3.218e-5, 0.0003923)
		ForceMonitor[i_system=1, step=228]:
			CF = (-0.4068, -0.009366, 0.02318)
			CM = (0.09462, -0.0003851, 0.00376)
	step 228/359 at time 0.06333333333333334
		PressureLaplace(material_derivative)[step=229]: rebuild=false, panels=7288, CG iters=734, solved=true
		ForceMonitor[i_system=1, step=229]:
			CF = (-0.2135, -0.0002863, 0.0005834)
			CM = (0.01139, -0.0001236, -0.0006923)
		PressureLaplace(lamb_vector)[step=229]: rebuild=false, panels=7288, CG iters=767, solved=true
		ForceMonitor[i_system=1, step=229]:
			CF = (-0.02573, 2.234e-5, 5.667e-5)
			CM = (0.001252, 3.119e-5, 0.0003891)
		ForceMonitor[i_system=1, step=229]:
			CF = (-0.4082, -0.008015, 0.02314)
			CM = (0.0955, -0.0003587, 0.003632)
	step 229/359 at time 0.0636111111111111
		PressureLaplace(material_derivative)[step=230]: rebuild=false, panels=7288, CG iters=734, solved=true
		ForceMonitor[i_system=1, step=230]:
			CF = (-0.2133, -0.0001931, 0.0004693)
			CM = (0.01142, -0.0001222, -0.0008065)
		PressureLaplace(lamb_vector)[step=230]: rebuild=false, panels=7288, CG iters=767, solved=true
		ForceMonitor[i_system=1, step=230]:
			CF = (-0.02585, -2.115e-6, 4.34e-5)
			CM = (0.001252, 2.902e-5, 0.0003719)
		ForceMonitor[i_system=1, step=230]:
			CF = (-0.4097, -0.006364, 0.02228)
			CM = (0.09639, -0.0003185, 0.003379)
	step 230/359 at time 0.06388888888888888
		PressureLaplace(material_derivative)[step=231]: rebuild=false, panels=7288, CG iters=733, solved=true
		ForceMonitor[i_system=1, step=231]:
			CF = (-0.2132, -9.105e-5, 0.0003383)
			CM = (0.01145, -0.0001162, -0.0008854)
		PressureLaplace(lamb_vector)[step=231]: rebuild=false, panels=7288, CG iters=767, solved=true
		ForceMonitor[i_system=1, step=231]:
			CF = (-0.02595, -2.718e-5, 2.87e-5)
			CM = (0.001252, 2.571e-5, 0.0003405)
		ForceMonitor[i_system=1, step=231]:
			CF = (-0.411, -0.004464, 0.02058)
			CM = (0.09717, -0.0002657, 0.003001)
	step 231/359 at time 0.06416666666666666
		PressureLaplace(material_derivative)[step=232]: rebuild=false, panels=7288, CG iters=728, solved=true
		ForceMonitor[i_system=1, step=232]:
			CF = (-0.2133, 1.765e-5, 0.0001923)
			CM = (0.01147, -0.0001055, -0.0009245)
		PressureLaplace(lamb_vector)[step=232]: rebuild=false, panels=7288, CG iters=767, solved=true
		ForceMonitor[i_system=1, step=232]:
			CF = (-0.02602, -5.28e-5, 1.328e-5)
			CM = (0.001252, 2.129e-5, 0.0002949)
		ForceMonitor[i_system=1, step=232]:
			CF = (-0.4119, -0.002347, 0.01801)
			CM = (0.09773, -0.0002016, 0.002503)
	step 232/359 at time 0.06444444444444444
		PressureLaplace(material_derivative)[step=233]: rebuild=false, panels=7288, CG iters=714, solved=true
		ForceMonitor[i_system=1, step=233]:
			CF = (-0.2134, 0.0001277, 3.545e-5)
			CM = (0.01148, -9.034e-5, -0.0009235)
		PressureLaplace(lamb_vector)[step=233]: rebuild=false, panels=7288, CG iters=767, solved=true
		ForceMonitor[i_system=1, step=233]:
			CF = (-0.02604, -7.811e-5, -2.635e-6)
			CM = (0.001253, 1.596e-5, 0.0002366)
		ForceMonitor[i_system=1, step=233]:
			CF = (-0.4124, -9.904e-5, 0.01463)
			CM = (0.09799, -0.0001285, 0.001894)
	step 233/359 at time 0.06472222222222222
		PressureLaplace(material_derivative)[step=234]: rebuild=false, panels=7288, CG iters=710, solved=true
		ForceMonitor[i_system=1, step=234]:
			CF = (-0.2136, 0.000237, -0.0001303)
			CM = (0.01149, -7.136e-5, -0.0008866)
		PressureLaplace(lamb_vector)[step=234]: rebuild=false, panels=7288, CG iters=769, solved=true
		ForceMonitor[i_system=1, step=234]:
			CF = (-0.02601, -0.0001003, -1.806e-5)
			CM = (0.001253, 9.879e-6, 0.0001673)
		ForceMonitor[i_system=1, step=234]:
			CF = (-0.4122, 0.002255, 0.01054)
			CM = (0.0979, -4.871e-5, 0.001188)
	step 234/359 at time 0.065
		PressureLaplace(material_derivative)[step=235]: rebuild=false, panels=7288, CG iters=721, solved=true
		ForceMonitor[i_system=1, step=235]:
			CF = (-0.2139, 0.0003409, -0.0003003)
			CM = (0.01148, -4.933e-5, -0.0008199)
		PressureLaplace(lamb_vector)[step=235]: rebuild=false, panels=7288, CG iters=769, solved=true
		ForceMonitor[i_system=1, step=235]:
			CF = (-0.02593, -0.0001185, -3.358e-5)
			CM = (0.001254, 3.321e-6, 8.901e-5)
		ForceMonitor[i_system=1, step=235]:
			CF = (-0.4114, 0.00463, 0.005875)
			CM = (0.09746, 3.465e-5, 0.000404)
	step 235/359 at time 0.06527777777777778
		PressureLaplace(material_derivative)[step=236]: rebuild=false, panels=7288, CG iters=727, solved=true
		ForceMonitor[i_system=1, step=236]:
			CF = (-0.2143, 0.0004353, -0.0004691)
			CM = (0.01146, -2.523e-5, -0.0007309)
		PressureLaplace(lamb_vector)[step=236]: rebuild=false, panels=7288, CG iters=769, solved=true
		ForceMonitor[i_system=1, step=236]:
			CF = (-0.0258, -0.0001333, -4.847e-5)
			CM = (0.001255, -3.474e-6, 5.178e-6)
		ForceMonitor[i_system=1, step=236]:
			CF = (-0.4101, 0.006953, 0.0008512)
			CM = (0.09672, 0.0001184, -0.0004311)
	step 236/359 at time 0.06555555555555556
		PressureLaplace(material_derivative)[step=237]: rebuild=false, panels=7288, CG iters=730, solved=true
		ForceMonitor[i_system=1, step=237]:
			CF = (-0.2147, 0.0005178, -0.0006311)
			CM = (0.01144, -3.935e-8, -0.0006258)
		PressureLaplace(lamb_vector)[step=237]: rebuild=false, panels=7288, CG iters=769, solved=true
		ForceMonitor[i_system=1, step=237]:
			CF = (-0.02565, -0.0001446, -6.244e-5)
			CM = (0.001256, -1.021e-5, -8.067e-5)
		ForceMonitor[i_system=1, step=237]:
			CF = (-0.4083, 0.009158, -0.004307)
			CM = (0.09577, 0.0001995, -0.001284)
	step 237/359 at time 0.06583333333333333
		PressureLaplace(material_derivative)[step=238]: rebuild=false, panels=7288, CG iters=731, solved=true
		ForceMonitor[i_system=1, step=238]:
			CF = (-0.215, 0.0005839, -0.0007783)
			CM = (0.01141, 2.518e-5, -0.0005086)
		PressureLaplace(lamb_vector)[step=238]: rebuild=false, panels=7288, CG iters=769, solved=true
		ForceMonitor[i_system=1, step=238]:
			CF = (-0.02549, -0.0001486, -7.532e-5)
			CM = (0.001256, -1.662e-5, -0.0001651)
		ForceMonitor[i_system=1, step=238]:
			CF = (-0.4064, 0.01112, -0.009366)
			CM = (0.09473, 0.0002745, -0.002118)
	step 238/359 at time 0.0661111111111111
		PressureLaplace(material_derivative)[step=239]: rebuild=false, panels=7288, CG iters=733, solved=true
		ForceMonitor[i_system=1, step=239]:
			CF = (-0.2153, 0.0006317, -0.0009038)
			CM = (0.01137, 4.956e-5, -0.0003813)
		PressureLaplace(lamb_vector)[step=239]: rebuild=false, panels=7288, CG iters=764, solved=true
		ForceMonitor[i_system=1, step=239]:
			CF = (-0.02534, -0.000148, -8.62e-5)
			CM = (0.001256, -2.247e-5, -0.0002447)
		ForceMonitor[i_system=1, step=239]:
			CF = (-0.4044, 0.01278, -0.01411)
			CM = (0.09373, 0.000341, -0.002896)
	step 239/359 at time 0.06638888888888889
		PressureLaplace(material_derivative)[step=240]: rebuild=false, panels=7288, CG iters=733, solved=true
		ForceMonitor[i_system=1, step=240]:
			CF = (-0.2155, 0.0006582, -0.0009998)
			CM = (0.01135, 7.228e-5, -0.0002428)
		PressureLaplace(lamb_vector)[step=240]: rebuild=false, panels=7288, CG iters=752, solved=true
		ForceMonitor[i_system=1, step=240]:
			CF = (-0.02521, -0.0001428, -9.399e-5)
			CM = (0.001256, -2.757e-5, -0.000316)
		ForceMonitor[i_system=1, step=240]:
			CF = (-0.4027, 0.014, -0.01835)
			CM = (0.09288, 0.000396, -0.003581)
	step 240/359 at time 0.06666666666666667
		PressureLaplace(material_derivative)[step=241]: rebuild=false, panels=7288, CG iters=730, solved=true
		ForceMonitor[i_system=1, step=241]:
			CF = (-0.2156, 0.0006615, -0.00106)
			CM = (0.01133, 9.268e-5, -9.181e-5)
		PressureLaplace(lamb_vector)[step=241]: rebuild=false, panels=7288, CG iters=760, solved=true
		ForceMonitor[i_system=1, step=241]:
			CF = (-0.02512, -0.0001325, -9.857e-5)
			CM = (0.001255, -3.175e-5, -0.0003772)
		ForceMonitor[i_system=1, step=241]:
			CF = (-0.4014, 0.01471, -0.02197)
			CM = (0.09228, 0.0004377, -0.004146)
	step 241/359 at time 0.06694444444444445
		PressureLaplace(material_derivative)[step=242]: rebuild=false, panels=7288, CG iters=725, solved=true
		ForceMonitor[i_system=1, step=242]:
			CF = (-0.2156, 0.0006403, -0.001081)
			CM = (0.01132, 0.0001102, 7.2e-5)
		PressureLaplace(lamb_vector)[step=242]: rebuild=false, panels=7288, CG iters=767, solved=true
		ForceMonitor[i_system=1, step=242]:
			CF = (-0.02508, -0.0001196, -9.885e-5)
			CM = (0.001255, -3.493e-5, -0.0004263)
		ForceMonitor[i_system=1, step=242]:
			CF = (-0.4007, 0.01484, -0.02487)
			CM = (0.09198, 0.0004646, -0.004569)
	step 242/359 at time 0.06722222222222222
		PressureLaplace(material_derivative)[step=243]: rebuild=false, panels=7288, CG iters=718, solved=true
		ForceMonitor[i_system=1, step=243]:
			CF = (-0.2156, 0.000597, -0.001064)
			CM = (0.01132, 0.0001246, 0.0002459)
		PressureLaplace(lamb_vector)[step=243]: rebuild=false, panels=7288, CG iters=769, solved=true
		ForceMonitor[i_system=1, step=243]:
			CF = (-0.02509, -0.0001012, -9.516e-5)
			CM = (0.001254, -3.703e-5, -0.0004624)
		ForceMonitor[i_system=1, step=243]:
			CF = (-0.4006, 0.01442, -0.027)
			CM = (0.09201, 0.0004765, -0.004841)
	step 243/359 at time 0.0675
		PressureLaplace(material_derivative)[step=244]: rebuild=false, panels=7288, CG iters=712, solved=true
		ForceMonitor[i_system=1, step=244]:
			CF = (-0.2155, 0.0005323, -0.001009)
			CM = (0.01133, 0.0001354, 0.0004246)
		PressureLaplace(lamb_vector)[step=244]: rebuild=false, panels=7288, CG iters=770, solved=true
		ForceMonitor[i_system=1, step=244]:
			CF = (-0.02514, -8.007e-5, -8.732e-5)
			CM = (0.001254, -3.8e-5, -0.0004843)
		ForceMonitor[i_system=1, step=244]:
			CF = (-0.4011, 0.01345, -0.02834)
			CM = (0.09234, 0.000473, -0.00496)
	step 244/359 at time 0.06777777777777778
		PressureLaplace(material_derivative)[step=245]: rebuild=false, panels=7288, CG iters=725, solved=true
		ForceMonitor[i_system=1, step=245]:
			CF = (-0.2153, 0.0004485, -0.0009201)
			CM = (0.01135, 0.0001423, 0.0005996)
		PressureLaplace(lamb_vector)[step=245]: rebuild=false, panels=7288, CG iters=770, solved=true
		ForceMonitor[i_system=1, step=245]:
			CF = (-0.02523, -5.544e-5, -7.573e-5)
			CM = (0.001253, -3.78e-5, -0.0004919)
		ForceMonitor[i_system=1, step=245]:
			CF = (-0.402, 0.01196, -0.02885)
			CM = (0.09293, 0.0004544, -0.004925)
	step 245/359 at time 0.06805555555555555
		PressureLaplace(material_derivative)[step=246]: rebuild=false, panels=7288, CG iters=733, solved=true
		ForceMonitor[i_system=1, step=246]:
			CF = (-0.2152, 0.0003489, -0.0008029)
			CM = (0.01137, 0.0001449, 0.0007605)
		PressureLaplace(lamb_vector)[step=246]: rebuild=false, panels=7288, CG iters=770, solved=true
		ForceMonitor[i_system=1, step=246]:
			CF = (-0.02534, -2.981e-5, -6.128e-5)
			CM = (0.001253, -3.642e-5, -0.0004846)
		ForceMonitor[i_system=1, step=246]:
			CF = (-0.4033, 0.01002, -0.02853)
			CM = (0.09368, 0.0004212, -0.004742)
	step 246/359 at time 0.06833333333333333
		PressureLaplace(material_derivative)[step=247]: rebuild=false, panels=7288, CG iters=734, solved=true
		ForceMonitor[i_system=1, step=247]:
			CF = (-0.215, 0.0002349, -0.0006606)
			CM = (0.0114, 0.0001429, 0.0008957)
		PressureLaplace(lamb_vector)[step=247]: rebuild=false, panels=7288, CG iters=770, solved=true
		ForceMonitor[i_system=1, step=247]:
			CF = (-0.02545, -2.365e-6, -4.51e-5)
			CM = (0.001252, -3.379e-5, -0.0004619)
		ForceMonitor[i_system=1, step=247]:
			CF = (-0.4047, 0.007677, -0.02732)
			CM = (0.09451, 0.0003738, -0.004411)
	step 247/359 at time 0.06861111111111111
		PressureLaplace(material_derivative)[step=248]: rebuild=false, panels=7288, CG iters=735, solved=true
		ForceMonitor[i_system=1, step=248]:
			CF = (-0.2149, 0.0001121, -0.0004985)
			CM = (0.01143, 0.0001361, 0.0009953)
		PressureLaplace(lamb_vector)[step=248]: rebuild=false, panels=7288, CG iters=769, solved=true
		ForceMonitor[i_system=1, step=248]:
			CF = (-0.02556, 2.576e-5, -2.746e-5)
			CM = (0.001252, -2.994e-5, -0.0004233)
		ForceMonitor[i_system=1, step=248]:
			CF = (-0.406, 0.00504, -0.02517)
			CM = (0.0953, 0.0003133, -0.003936)
	step 248/359 at time 0.06888888888888889
		PressureLaplace(material_derivative)[step=249]: rebuild=false, panels=7288, CG iters=735, solved=true
		ForceMonitor[i_system=1, step=249]:
			CF = (-0.2149, -1.715e-5, -0.0003191)
			CM = (0.01145, 0.0001241, 0.001052)
		PressureLaplace(lamb_vector)[step=249]: rebuild=false, panels=7288, CG iters=769, solved=true
		ForceMonitor[i_system=1, step=249]:
			CF = (-0.02564, 5.361e-5, -9.433e-6)
			CM = (0.001252, -2.49e-5, -0.0003687)
		ForceMonitor[i_system=1, step=249]:
			CF = (-0.4071, 0.002162, -0.02207)
			CM = (0.09595, 0.0002408, -0.003319)
	step 249/359 at time 0.06916666666666667
		PressureLaplace(material_derivative)[step=250]: rebuild=false, panels=7288, CG iters=735, solved=true
		ForceMonitor[i_system=1, step=250]:
			CF = (-0.215, -0.0001486, -0.0001252)
			CM = (0.01147, 0.0001073, 0.001065)
		PressureLaplace(lamb_vector)[step=250]: rebuild=false, panels=7288, CG iters=767, solved=true
		ForceMonitor[i_system=1, step=250]:
			CF = (-0.02569, 8.076e-5, 8.717e-6)
			CM = (0.001253, -1.881e-5, -0.0002989)
		ForceMonitor[i_system=1, step=250]:
			CF = (-0.4078, -0.0008708, -0.01804)
			CM = (0.09636, 0.000158, -0.002567)
	step 250/359 at time 0.06944444444444445
		PressureLaplace(material_derivative)[step=251]: rebuild=false, panels=7288, CG iters=735, solved=true
		ForceMonitor[i_system=1, step=251]:
			CF = (-0.2151, -0.0002784, 8.015e-5)
			CM = (0.01148, 8.588e-5, 0.001034)
		PressureLaplace(lamb_vector)[step=251]: rebuild=false, panels=7288, CG iters=763, solved=true
		ForceMonitor[i_system=1, step=251]:
			CF = (-0.02569, 0.0001067, 2.657e-5)
			CM = (0.001253, -1.181e-5, -0.0002157)
		ForceMonitor[i_system=1, step=251]:
			CF = (-0.408, -0.003983, -0.01316)
			CM = (0.09647, 6.716e-5, -0.001691)
	step 251/359 at time 0.06972222222222223
		PressureLaplace(material_derivative)[step=252]: rebuild=false, panels=7288, CG iters=735, solved=true
		ForceMonitor[i_system=1, step=252]:
			CF = (-0.2153, -0.0004029, 0.0002937)
			CM = (0.01148, 6.068e-5, 0.0009675)
		PressureLaplace(lamb_vector)[step=252]: rebuild=false, panels=7288, CG iters=748, solved=true
		ForceMonitor[i_system=1, step=252]:
			CF = (-0.02564, 0.000129, 4.362e-5)
			CM = (0.001254, -4.18e-6, -0.0001212)
		ForceMonitor[i_system=1, step=252]:
			CF = (-0.4075, -0.007089, -0.007566)
			CM = (0.09625, -2.894e-5, -0.0007115)
	step 252/359 at time 0.07
		PressureLaplace(material_derivative)[step=253]: rebuild=false, panels=7288, CG iters=735, solved=true
		ForceMonitor[i_system=1, step=253]:
			CF = (-0.2156, -0.000517, 0.00051)
			CM = (0.01147, 3.268e-5, 0.0008723)
		PressureLaplace(lamb_vector)[step=253]: rebuild=false, panels=7288, CG iters=763, solved=true
		ForceMonitor[i_system=1, step=253]:
			CF = (-0.02555, 0.0001464, 5.965e-5)
			CM = (0.001255, 3.757e-6, -1.904e-5)
		ForceMonitor[i_system=1, step=253]:
			CF = (-0.4065, -0.01007, -0.001488)
			CM = (0.09574, -0.0001268, 0.0003404)
	step 253/359 at time 0.07027777777777777
		PressureLaplace(material_derivative)[step=254]: rebuild=false, panels=7288, CG iters=735, solved=true
		ForceMonitor[i_system=1, step=254]:
			CF = (-0.2158, -0.0006159, 0.0007206)
			CM = (0.01144, 3.186e-6, 0.0007571)
		PressureLaplace(lamb_vector)[step=254]: rebuild=false, panels=7288, CG iters=767, solved=true
		ForceMonitor[i_system=1, step=254]:
			CF = (-0.02542, 0.0001602, 7.517e-5)
			CM = (0.001255, 1.168e-5, 8.663e-5)
		ForceMonitor[i_system=1, step=254]:
			CF = (-0.4049, -0.01281, 0.004796)
			CM = (0.09498, -0.0002223, 0.001423)
	step 254/359 at time 0.07055555555555555
		PressureLaplace(material_derivative)[step=255]: rebuild=false, panels=7288, CG iters=735, solved=true
		ForceMonitor[i_system=1, step=255]:
			CF = (-0.2161, -0.0006964, 0.0009171)
			CM = (0.01142, -2.661e-5, 0.0006273)
		PressureLaplace(lamb_vector)[step=255]: rebuild=false, panels=7288, CG iters=767, solved=true
		ForceMonitor[i_system=1, step=255]:
			CF = (-0.02528, 0.0001683, 8.897e-5)
			CM = (0.001255, 1.925e-5, 0.0001909)
		ForceMonitor[i_system=1, step=255]:
			CF = (-0.403, -0.01521, 0.01099)
			CM = (0.09407, -0.0003118, 0.00249)
	step 255/359 at time 0.07083333333333333
		PressureLaplace(material_derivative)[step=256]: rebuild=false, panels=7288, CG iters=735, solved=true
		ForceMonitor[i_system=1, step=256]:
			CF = (-0.2163, -0.0007531, 0.001088)
			CM = (0.01138, -5.541e-5, 0.0004861)
		PressureLaplace(lamb_vector)[step=256]: rebuild=false, panels=7288, CG iters=769, solved=true
		ForceMonitor[i_system=1, step=256]:
			CF = (-0.02513, 0.0001702, 0.0001007)
			CM = (0.001255, 2.613e-5, 0.0002894)
		ForceMonitor[i_system=1, step=256]:
			CF = (-0.4011, -0.01713, 0.01682)
			CM = (0.09312, -0.000391, 0.003488)
	step 256/359 at time 0.07111111111111111
		PressureLaplace(material_derivative)[step=257]: rebuild=false, panels=7288, CG iters=735, solved=true
		ForceMonitor[i_system=1, step=257]:
			CF = (-0.2165, -0.0007843, 0.001224)
			CM = (0.01135, -8.218e-5, 0.0003336)
		PressureLaplace(lamb_vector)[step=257]: rebuild=false, panels=7288, CG iters=769, solved=true
		ForceMonitor[i_system=1, step=257]:
			CF = (-0.02499, 0.0001662, 0.0001094)
			CM = (0.001255, 3.207e-5, 0.0003778)
		ForceMonitor[i_system=1, step=257]:
			CF = (-0.3992, -0.01847, 0.02202)
			CM = (0.09225, -0.0004568, 0.004369)
	step 257/359 at time 0.07138888888888889
		PressureLaplace(material_derivative)[step=258]: rebuild=false, panels=7288, CG iters=735, solved=true
		ForceMonitor[i_system=1, step=258]:
			CF = (-0.2166, -0.0007893, 0.001317)
			CM = (0.01133, -0.000106, 0.0001699)
		PressureLaplace(lamb_vector)[step=258]: rebuild=false, panels=7288, CG iters=769, solved=true
		ForceMonitor[i_system=1, step=258]:
			CF = (-0.02488, 0.0001563, 0.000114)
			CM = (0.001254, 3.689e-5, 0.0004528)
		ForceMonitor[i_system=1, step=258]:
			CF = (-0.3976, -0.01919, 0.02641)
			CM = (0.09155, -0.0005067, 0.005095)
	step 258/359 at time 0.07166666666666667
		PressureLaplace(material_derivative)[step=259]: rebuild=false, panels=7288, CG iters=735, solved=true
		ForceMonitor[i_system=1, step=259]:
			CF = (-0.2166, -0.0007656, 0.001361)
			CM = (0.01131, -0.0001263, -7.713e-6)
		PressureLaplace(lamb_vector)[step=259]: rebuild=false, panels=7288, CG iters=769, solved=true
		ForceMonitor[i_system=1, step=259]:
			CF = (-0.02481, 0.0001414, 0.0001144)
			CM = (0.001254, 4.045e-5, 0.0005124)
		ForceMonitor[i_system=1, step=259]:
			CF = (-0.3965, -0.01921, 0.02987)
			CM = (0.0911, -0.0005383, 0.005635)
	step 259/359 at time 0.07194444444444445
		PressureLaplace(material_derivative)[step=260]: rebuild=false, panels=7288, CG iters=735, solved=true
		ForceMonitor[i_system=1, step=260]:
			CF = (-0.2166, -0.0007133, 0.001353)
			CM = (0.0113, -0.0001424, -0.0001964)
		PressureLaplace(lamb_vector)[step=260]: rebuild=false, panels=7288, CG iters=769, solved=true
		ForceMonitor[i_system=1, step=260]:
			CF = (-0.02479, 0.000122, 0.0001099)
			CM = (0.001253, 4.263e-5, 0.0005541)
		ForceMonitor[i_system=1, step=260]:
			CF = (-0.396, -0.01847, 0.03231)
			CM = (0.09093, -0.0005506, 0.005972)
	step 260/359 at time 0.07222222222222222
		PressureLaplace(material_derivative)[step=261]: rebuild=false, panels=7288, CG iters=735, solved=true
		ForceMonitor[i_system=1, step=261]:
			CF = (-0.2166, -0.0006374, 0.001296)
			CM = (0.01131, -0.0001542, -0.0003919)
		PressureLaplace(lamb_vector)[step=261]: rebuild=false, panels=7288, CG iters=769, solved=true
		ForceMonitor[i_system=1, step=261]:
			CF = (-0.02481, 9.828e-5, 0.000101)
			CM = (0.001252, 4.349e-5, 0.0005784)
		ForceMonitor[i_system=1, step=261]:
			CF = (-0.3961, -0.0171, 0.03373)
			CM = (0.09106, -0.0005444, 0.006107)
	step 261/359 at time 0.0725
		PressureLaplace(material_derivative)[step=262]: rebuild=false, panels=7288, CG iters=735, solved=true
		ForceMonitor[i_system=1, step=262]:
			CF = (-0.2165, -0.0005371, 0.001193)
			CM = (0.01132, -0.0001612, -0.0005866)
		PressureLaplace(lamb_vector)[step=262]: rebuild=false, panels=7288, CG iters=769, solved=true
		ForceMonitor[i_system=1, step=262]:
			CF = (-0.02487, 7.116e-5, 8.79e-5)
			CM = (0.001252, 4.293e-5, 0.0005843)
		ForceMonitor[i_system=1, step=262]:
			CF = (-0.3968, -0.01504, 0.03411)
			CM = (0.09145, -0.0005195, 0.00604)
	step 262/359 at time 0.07277777777777777
		PressureLaplace(material_derivative)[step=263]: rebuild=false, panels=7288, CG iters=735, solved=true
		ForceMonitor[i_system=1, step=263]:
			CF = (-0.2164, -0.0004178, 0.001049)
			CM = (0.01134, -0.0001633, -0.000771)
		PressureLaplace(lamb_vector)[step=263]: rebuild=false, panels=7288, CG iters=769, solved=true
		ForceMonitor[i_system=1, step=263]:
			CF = (-0.02496, 4.192e-5, 7.107e-5)
			CM = (0.001251, 4.104e-5, 0.0005722)
		ForceMonitor[i_system=1, step=263]:
			CF = (-0.3979, -0.01244, 0.03345)
			CM = (0.09204, -0.0004774, 0.005781)
	step 263/359 at time 0.07305555555555555
		PressureLaplace(material_derivative)[step=264]: rebuild=false, panels=7288, CG iters=734, solved=true
		ForceMonitor[i_system=1, step=264]:
			CF = (-0.2164, -0.000284, 0.0008726)
			CM = (0.01137, -0.0001603, -0.000931)
		PressureLaplace(lamb_vector)[step=264]: rebuild=false, panels=7288, CG iters=769, solved=true
		ForceMonitor[i_system=1, step=264]:
			CF = (-0.02506, 1.117e-5, 5.171e-5)
			CM = (0.001251, 3.782e-5, 0.0005419)
		ForceMonitor[i_system=1, step=264]:
			CF = (-0.3992, -0.009364, 0.03177)
			CM = (0.09276, -0.00042, 0.005347)
	step 264/359 at time 0.07333333333333333
		PressureLaplace(material_derivative)[step=265]: rebuild=false, panels=7288, CG iters=734, solved=true
		ForceMonitor[i_system=1, step=265]:
			CF = (-0.2163, -0.0001382, 0.0006692)
			CM = (0.0114, -0.0001521, -0.001056)
		PressureLaplace(lamb_vector)[step=265]: rebuild=false, panels=7288, CG iters=769, solved=true
		ForceMonitor[i_system=1, step=265]:
			CF = (-0.02517, -2.018e-5, 3.071e-5)
			CM = (0.001251, 3.329e-5, 0.0004942)
		ForceMonitor[i_system=1, step=265]:
			CF = (-0.4006, -0.0059, 0.02905)
			CM = (0.0935, -0.0003485, 0.004746)
	step 265/359 at time 0.07361111111111111
		PressureLaplace(material_derivative)[step=266]: rebuild=false, panels=7288, CG iters=728, solved=true
		ForceMonitor[i_system=1, step=266]:
			CF = (-0.2163, 1.431e-5, 0.0004458)
			CM = (0.01143, -0.0001385, -0.001135)
		PressureLaplace(lamb_vector)[step=266]: rebuild=false, panels=7288, CG iters=769, solved=true
		ForceMonitor[i_system=1, step=266]:
			CF = (-0.02526, -5.202e-5, 9.456e-6)
			CM = (0.001251, 2.754e-5, 0.0004297)
		ForceMonitor[i_system=1, step=266]:
			CF = (-0.4019, -0.002154, 0.02532)
			CM = (0.09418, -0.0002651, 0.003992)
	step 266/359 at time 0.07388888888888889
		PressureLaplace(material_derivative)[step=267]: rebuild=false, panels=7288, CG iters=711, solved=true
		ForceMonitor[i_system=1, step=267]:
			CF = (-0.2164, 0.0001691, 0.0002046)
			CM = (0.01145, -0.0001199, -0.00117)
		PressureLaplace(lamb_vector)[step=267]: rebuild=false, panels=7288, CG iters=769, solved=true
		ForceMonitor[i_system=1, step=267]:
			CF = (-0.02533, -8.252e-5, -1.173e-5)
			CM = (0.001252, 2.073e-5, 0.0003487)
		ForceMonitor[i_system=1, step=267]:
			CF = (-0.4029, 0.001716, 0.02062)
			CM = (0.0947, -0.0001711, 0.003087)
	step 267/359 at time 0.07416666666666667
		PressureLaplace(material_derivative)[step=268]: rebuild=false, panels=7288, CG iters=722, solved=true
		ForceMonitor[i_system=1, step=268]:
			CF = (-0.2165, 0.00032, -4.508e-5)
			CM = (0.01147, -9.655e-5, -0.001154)
		PressureLaplace(lamb_vector)[step=268]: rebuild=false, panels=7288, CG iters=769, solved=true
		ForceMonitor[i_system=1, step=268]:
			CF = (-0.02536, -0.0001106, -3.175e-5)
			CM = (0.001252, 1.303e-5, 0.0002538)
		ForceMonitor[i_system=1, step=268]:
			CF = (-0.4034, 0.005607, 0.01504)
			CM = (0.095, -7.03e-5, 0.00206)
	step 268/359 at time 0.07444444444444444
		PressureLaplace(material_derivative)[step=269]: rebuild=false, panels=7288, CG iters=730, solved=true
		ForceMonitor[i_system=1, step=269]:
			CF = (-0.2166, 0.0004606, -0.0003004)
			CM = (0.01147, -6.936e-5, -0.001096)
		PressureLaplace(lamb_vector)[step=269]: rebuild=false, panels=7288, CG iters=769, solved=true
		ForceMonitor[i_system=1, step=269]:
			CF = (-0.02536, -0.0001358, -5.077e-5)
			CM = (0.001253, 4.732e-6, 0.0001469)
		ForceMonitor[i_system=1, step=269]:
			CF = (-0.4033, 0.00933, 0.008751)
			CM = (0.09503, 3.501e-5, 0.000925)
	step 269/359 at time 0.07472222222222222
		PressureLaplace(material_derivative)[step=270]: rebuild=false, panels=7288, CG iters=733, solved=true
		ForceMonitor[i_system=1, step=270]:
			CF = (-0.2167, 0.0005915, -0.0005595)
			CM = (0.01147, -3.894e-5, -0.001006)
		PressureLaplace(lamb_vector)[step=270]: rebuild=false, panels=7288, CG iters=769, solved=true
		ForceMonitor[i_system=1, step=270]:
			CF = (-0.02531, -0.0001572, -6.874e-5)
			CM = (0.001253, -3.987e-6, 3.112e-5)
		ForceMonitor[i_system=1, step=270]:
			CF = (-0.4027, 0.01293, 0.001901)
			CM = (0.09479, 0.0001425, -0.0002949)
	step 270/359 at time 0.075
		PressureLaplace(material_derivative)[step=271]: rebuild=false, panels=7288, CG iters=733, solved=true
		ForceMonitor[i_system=1, step=271]:
			CF = (-0.2169, 0.000705, -0.0008107)
			CM = (0.01145, -6.675e-6, -0.000887)
		PressureLaplace(lamb_vector)[step=271]: rebuild=false, panels=7288, CG iters=769, solved=true
		ForceMonitor[i_system=1, step=271]:
			CF = (-0.02522, -0.0001736, -8.533e-5)
			CM = (0.001254, -1.27e-5, -8.891e-5)
		ForceMonitor[i_system=1, step=271]:
			CF = (-0.4016, 0.01619, -0.005197)
			CM = (0.09431, 0.0002473, -0.001549)
	step 271/359 at time 0.07527777777777778
		PressureLaplace(material_derivative)[step=272]: rebuild=false, panels=7288, CG iters=734, solved=true
		ForceMonitor[i_system=1, step=272]:
			CF = (-0.217, 0.000796, -0.001042)
			CM = (0.01143, 2.613e-5, -0.0007427)
		PressureLaplace(lamb_vector)[step=272]: rebuild=false, panels=7288, CG iters=769, solved=true
		ForceMonitor[i_system=1, step=272]:
			CF = (-0.02511, -0.0001832, -9.975e-5)
			CM = (0.001254, -2.104e-5, -0.0002078)
		ForceMonitor[i_system=1, step=272]:
			CF = (-0.4001, 0.01899, -0.01223)
			CM = (0.09364, 0.0003444, -0.002776)
	step 272/359 at time 0.07555555555555556
		PressureLaplace(material_derivative)[step=273]: rebuild=false, panels=7288, CG iters=734, solved=true
		ForceMonitor[i_system=1, step=273]:
			CF = (-0.2171, 0.0008606, -0.001245)
			CM = (0.0114, 5.801e-5, -0.0005848)
		PressureLaplace(lamb_vector)[step=273]: rebuild=false, panels=7288, CG iters=760, solved=true
		ForceMonitor[i_system=1, step=273]:
			CF = (-0.02499, -0.0001867, -0.0001114)
			CM = (0.001254, -2.864e-5, -0.0003205)
		ForceMonitor[i_system=1, step=273]:
			CF = (-0.3983, 0.02119, -0.01885)
			CM = (0.09288, 0.0004309, -0.003931)
	step 273/359 at time 0.07583333333333334
		PressureLaplace(material_derivative)[step=274]: rebuild=false, panels=7288, CG iters=734, solved=true
		ForceMonitor[i_system=1, step=274]:
			CF = (-0.2172, 0.0008956, -0.001409)
			CM = (0.01137, 8.776e-5, -0.0004152)
		PressureLaplace(lamb_vector)[step=274]: rebuild=false, panels=7288, CG iters=763, solved=true
		ForceMonitor[i_system=1, step=274]:
			CF = (-0.02486, -0.000184, -0.0001199)
			CM = (0.001253, -3.522e-5, -0.0004218)
		ForceMonitor[i_system=1, step=274]:
			CF = (-0.3965, 0.02267, -0.0248)
			CM = (0.09213, 0.0005026, -0.004958)
	step 274/359 at time 0.07611111111111112
		PressureLaplace(material_derivative)[step=275]: rebuild=false, panels=7288, CG iters=734, solved=true
		ForceMonitor[i_system=1, step=275]:
			CF = (-0.2173, 0.0009011, -0.001526)
			CM = (0.01134, 0.0001144, -0.000235)
		PressureLaplace(lamb_vector)[step=275]: rebuild=false, panels=7288, CG iters=770, solved=true
		ForceMonitor[i_system=1, step=275]:
			CF = (-0.02475, -0.0001741, -0.0001245)
			CM = (0.001252, -4.054e-5, -0.0005083)
		ForceMonitor[i_system=1, step=275]:
			CF = (-0.3949, 0.0234, -0.02984)
			CM = (0.09146, 0.0005571, -0.005811)
	step 275/359 at time 0.0763888888888889
		PressureLaplace(material_derivative)[step=276]: rebuild=false, panels=7288, CG iters=733, solved=true
		ForceMonitor[i_system=1, step=276]:
			CF = (-0.2173, 0.0008763, -0.00159)
			CM = (0.01132, 0.0001371, -4.576e-5)
		PressureLaplace(lamb_vector)[step=276]: rebuild=false, panels=7288, CG iters=771, solved=true
		ForceMonitor[i_system=1, step=276]:
			CF = (-0.02467, -0.0001591, -0.0001248)
			CM = (0.001251, -4.45e-5, -0.0005774)
		ForceMonitor[i_system=1, step=276]:
			CF = (-0.3936, 0.02335, -0.03382)
			CM = (0.09095, 0.0005923, -0.006459)
	step 276/359 at time 0.07666666666666666
		PressureLaplace(material_derivative)[step=277]: rebuild=false, panels=7288, CG iters=729, solved=true
		ForceMonitor[i_system=1, step=277]:
			CF = (-0.2173, 0.0008198, -0.001597)
			CM = (0.01131, 0.0001553, 0.0001539)
		PressureLaplace(lamb_vector)[step=277]: rebuild=false, panels=7288, CG iters=771, solved=true
		ForceMonitor[i_system=1, step=277]:
			CF = (-0.02463, -0.0001385, -0.0001208)
			CM = (0.001251, -4.696e-5, -0.0006267)
		ForceMonitor[i_system=1, step=277]:
			CF = (-0.3928, 0.02245, -0.03665)
			CM = (0.09067, 0.0006066, -0.006875)
	step 277/359 at time 0.07694444444444444
		PressureLaplace(material_derivative)[step=278]: rebuild=false, panels=7288, CG iters=713, solved=true
		ForceMonitor[i_system=1, step=278]:
			CF = (-0.2173, 0.0007358, -0.001545)
			CM = (0.01131, 0.0001685, 0.0003609)
		PressureLaplace(lamb_vector)[step=278]: rebuild=false, panels=7288, CG iters=771, solved=true
		ForceMonitor[i_system=1, step=278]:
			CF = (-0.02462, -0.0001131, -0.0001115)
			CM = (0.00125, -4.788e-5, -0.0006551)
		ForceMonitor[i_system=1, step=278]:
			CF = (-0.3926, 0.02076, -0.03826)
			CM = (0.09063, 0.0006, -0.007051)
	step 278/359 at time 0.07722222222222222
		PressureLaplace(material_derivative)[step=279]: rebuild=false, panels=7288, CG iters=724, solved=true
		ForceMonitor[i_system=1, step=279]:
			CF = (-0.2173, 0.0006244, -0.001437)
			CM = (0.01132, 0.0001764, 0.0005681)
		PressureLaplace(lamb_vector)[step=279]: rebuild=false, panels=7288, CG iters=771, solved=true
		ForceMonitor[i_system=1, step=279]:
			CF = (-0.02465, -8.415e-5, -9.749e-5)
			CM = (0.001249, -4.725e-5, -0.0006622)
		ForceMonitor[i_system=1, step=279]:
			CF = (-0.393, 0.01827, -0.03866)
			CM = (0.09082, 0.0005728, -0.006989)
	step 279/359 at time 0.0775
		PressureLaplace(material_derivative)[step=280]: rebuild=false, panels=7288, CG iters=734, solved=true
		ForceMonitor[i_system=1, step=280]:
			CF = (-0.2173, 0.0004911, -0.00128)
			CM = (0.01133, 0.0001791, 0.0007671)
		PressureLaplace(lamb_vector)[step=280]: rebuild=false, panels=7288, CG iters=771, solved=true
		ForceMonitor[i_system=1, step=280]:
			CF = (-0.02471, -5.271e-5, -7.991e-5)
			CM = (0.001249, -4.517e-5, -0.0006491)
		ForceMonitor[i_system=1, step=280]:
			CF = (-0.3937, 0.01514, -0.03789)
			CM = (0.09122, 0.0005268, -0.006704)
	step 280/359 at time 0.07777777777777778
		PressureLaplace(material_derivative)[step=281]: rebuild=false, panels=7288, CG iters=735, solved=true
		ForceMonitor[i_system=1, step=281]:
			CF = (-0.2173, 0.0003412, -0.001082)
			CM = (0.01136, 0.0001762, 0.0009452)
		PressureLaplace(lamb_vector)[step=281]: rebuild=false, panels=7288, CG iters=771, solved=true
		ForceMonitor[i_system=1, step=281]:
			CF = (-0.02479, -1.891e-5, -5.896e-5)
			CM = (0.001249, -4.163e-5, -0.0006155)
		ForceMonitor[i_system=1, step=281]:
			CF = (-0.3949, 0.01145, -0.03594)
			CM = (0.09176, 0.000464, -0.006213)
	step 281/359 at time 0.07805555555555556
		PressureLaplace(material_derivative)[step=282]: rebuild=false, panels=7288, CG iters=735, solved=true
		ForceMonitor[i_system=1, step=282]:
			CF = (-0.2174, 0.000178, -0.0008506)
			CM = (0.01138, 0.0001677, 0.00109)
		PressureLaplace(lamb_vector)[step=282]: rebuild=false, panels=7288, CG iters=771, solved=true
		ForceMonitor[i_system=1, step=282]:
			CF = (-0.02489, 1.541e-5, -3.612e-5)
			CM = (0.001249, -3.675e-5, -0.0005628)
		ForceMonitor[i_system=1, step=282]:
			CF = (-0.3962, 0.007296, -0.03288)
			CM = (0.09237, 0.0003862, -0.005533)
	step 282/359 at time 0.07833333333333334
		PressureLaplace(material_derivative)[step=283]: rebuild=false, panels=7288, CG iters=735, solved=true
		ForceMonitor[i_system=1, step=283]:
			CF = (-0.2174, 1.018e-5, -0.0005974)
			CM = (0.01141, 0.0001539, 0.001191)
		PressureLaplace(lamb_vector)[step=283]: rebuild=false, panels=7288, CG iters=771, solved=true
		ForceMonitor[i_system=1, step=283]:
			CF = (-0.02498, 4.939e-5, -1.279e-5)
			CM = (0.00125, -3.071e-5, -0.0004927)
		ForceMonitor[i_system=1, step=283]:
			CF = (-0.3975, 0.002922, -0.0288)
			CM = (0.09298, 0.0002971, -0.004693)
	step 283/359 at time 0.07861111111111112
		PressureLaplace(material_derivative)[step=284]: rebuild=false, panels=7288, CG iters=735, solved=true
		ForceMonitor[i_system=1, step=284]:
			CF = (-0.2175, -0.0001624, -0.0003234)
			CM = (0.01143, 0.0001349, 0.001248)
		PressureLaplace(lamb_vector)[step=284]: rebuild=false, panels=7288, CG iters=770, solved=true
		ForceMonitor[i_system=1, step=284]:
			CF = (-0.02505, 8.171e-5, 1.022e-5)
			CM = (0.00125, -2.353e-5, -0.0004057)
		ForceMonitor[i_system=1, step=284]:
			CF = (-0.3985, -0.001675, -0.02369)
			CM = (0.09351, 0.0001971, -0.003692)
	step 284/359 at time 0.07888888888888888
		PressureLaplace(material_derivative)[step=285]: rebuild=false, panels=7288, CG iters=735, solved=true
		ForceMonitor[i_system=1, step=285]:
			CF = (-0.2175, -0.0003306, -3.837e-5)
			CM = (0.01145, 0.0001109, 0.001251)
		PressureLaplace(lamb_vector)[step=285]: rebuild=false, panels=7288, CG iters=770, solved=true
		ForceMonitor[i_system=1, step=285]:
			CF = (-0.0251, 0.0001125, 3.256e-5)
			CM = (0.001251, -1.541e-5, -0.0003034)
		ForceMonitor[i_system=1, step=285]:
			CF = (-0.3993, -0.006271, -0.01767)
			CM = (0.09389, 8.991e-5, -0.002558)
	step 285/359 at time 0.07916666666666666
		PressureLaplace(material_derivative)[step=286]: rebuild=false, panels=7288, CG iters=735, solved=true
		ForceMonitor[i_system=1, step=286]:
			CF = (-0.2176, -0.0004904, 0.0002526)
			CM = (0.01146, 8.255e-5, 0.001207)
		PressureLaplace(lamb_vector)[step=286]: rebuild=false, panels=7288, CG iters=769, solved=true
		ForceMonitor[i_system=1, step=286]:
			CF = (-0.02513, 0.0001411, 5.355e-5)
			CM = (0.001251, -6.585e-6, -0.0001879)
		ForceMonitor[i_system=1, step=286]:
			CF = (-0.3996, -0.01073, -0.01086)
			CM = (0.09408, -2.243e-5, -0.001308)
	step 286/359 at time 0.07944444444444444
		PressureLaplace(material_derivative)[step=287]: rebuild=false, panels=7288, CG iters=735, solved=true
		ForceMonitor[i_system=1, step=287]:
			CF = (-0.2177, -0.0006366, 0.0005424)
			CM = (0.01147, 5.075e-5, 0.001119)
		PressureLaplace(lamb_vector)[step=287]: rebuild=false, panels=7288, CG iters=763, solved=true
		ForceMonitor[i_system=1, step=287]:
			CF = (-0.02511, 0.0001654, 7.244e-5)
			CM = (0.001252, 2.642e-6, -6.316e-5)
		ForceMonitor[i_system=1, step=287]:
			CF = (-0.3994, -0.01492, -0.003486)
			CM = (0.09406, -0.0001362, 2.338e-5)
	step 287/359 at time 0.07972222222222222
		PressureLaplace(material_derivative)[step=288]: rebuild=false, panels=7288, CG iters=735, solved=true
		ForceMonitor[i_system=1, step=288]:
			CF = (-0.2177, -0.000765, 0.0008261)
			CM = (0.01146, 1.65e-5, 0.0009955)
		PressureLaplace(lamb_vector)[step=288]: rebuild=false, panels=7288, CG iters=762, solved=true
		ForceMonitor[i_system=1, step=288]:
			CF = (-0.02507, 0.000184, 8.986e-5)
			CM = (0.001252, 1.201e-5, 6.756e-5)
		ForceMonitor[i_system=1, step=288]:
			CF = (-0.3987, -0.01874, 0.004245)
			CM = (0.09383, -0.0002482, 0.001401)
	step 288/359 at time 0.08
		PressureLaplace(material_derivative)[step=289]: rebuild=false, panels=7288, CG iters=735, solved=true
		ForceMonitor[i_system=1, step=289]:
			CF = (-0.2177, -0.0008716, 0.001092)
			CM = (0.01144, -1.881e-5, 0.0008473)
		PressureLaplace(lamb_vector)[step=289]: rebuild=false, panels=7288, CG iters=767, solved=true
		ForceMonitor[i_system=1, step=289]:
			CF = (-0.025, 0.0001959, 0.0001048)
			CM = (0.001252, 2.109e-5, 0.0001986)
		ForceMonitor[i_system=1, step=289]:
			CF = (-0.3976, -0.02205, 0.01199)
			CM = (0.09344, -0.0003546, 0.002775)
	step 289/359 at time 0.08027777777777778
		PressureLaplace(material_derivative)[step=290]: rebuild=false, panels=7288, CG iters=735, solved=true
		ForceMonitor[i_system=1, step=290]:
			CF = (-0.2177, -0.0009533, 0.001335)
			CM = (0.01142, -5.388e-5, 0.0006821)
		PressureLaplace(lamb_vector)[step=290]: rebuild=false, panels=7288, CG iters=769, solved=true
		ForceMonitor[i_system=1, step=290]:
			CF = (-0.02491, 0.000204, 0.0001176)
			CM = (0.001251, 2.961e-5, 0.0003256)
		ForceMonitor[i_system=1, step=290]:
			CF = (-0.3962, -0.02476, 0.01946)
			CM = (0.09293, -0.0004515, 0.004094)
	step 290/359 at time 0.08055555555555556
		PressureLaplace(material_derivative)[step=291]: rebuild=false, panels=7288, CG iters=735, solved=true
		ForceMonitor[i_system=1, step=291]:
			CF = (-0.2177, -0.001002, 0.001537)
			CM = (0.01139, -8.727e-5, 0.0004981)
		PressureLaplace(lamb_vector)[step=291]: rebuild=false, panels=7288, CG iters=769, solved=true
		ForceMonitor[i_system=1, step=291]:
			CF = (-0.02482, 0.0002031, 0.0001272)
			CM = (0.001251, 3.711e-5, 0.0004421)
		ForceMonitor[i_system=1, step=291]:
			CF = (-0.3947, -0.02663, 0.0263)
			CM = (0.09237, -0.0005337, 0.005284)
	step 291/359 at time 0.08083333333333333
		PressureLaplace(material_derivative)[step=292]: rebuild=false, panels=7288, CG iters=735, solved=true
		ForceMonitor[i_system=1, step=292]:
			CF = (-0.2177, -0.001016, 0.001689)
			CM = (0.01137, -0.0001178, 0.0003026)
		PressureLaplace(lamb_vector)[step=292]: rebuild=false, panels=7288, CG iters=769, solved=true
		ForceMonitor[i_system=1, step=292]:
			CF = (-0.02473, 0.0001952, 0.000133)
			CM = (0.00125, 4.335e-5, 0.0005435)
		ForceMonitor[i_system=1, step=292]:
			CF = (-0.3933, -0.02761, 0.03223)
			CM = (0.09184, -0.0005983, 0.006299)
	step 292/359 at time 0.0811111111111111
		PressureLaplace(material_derivative)[step=293]: rebuild=false, panels=7288, CG iters=735, solved=true
		ForceMonitor[i_system=1, step=293]:
			CF = (-0.2176, -0.0009993, 0.001786)
			CM = (0.01135, -0.0001444, 9.736e-5)
		PressureLaplace(lamb_vector)[step=293]: rebuild=false, panels=7288, CG iters=769, solved=true
		ForceMonitor[i_system=1, step=293]:
			CF = (-0.02465, 0.0001814, 0.0001346)
			CM = (0.001249, 4.819e-5, 0.0006268)
		ForceMonitor[i_system=1, step=293]:
			CF = (-0.392, -0.02779, 0.03706)
			CM = (0.0914, -0.0006432, 0.0071)
	step 293/359 at time 0.08138888888888889
		PressureLaplace(material_derivative)[step=294]: rebuild=false, panels=7288, CG iters=735, solved=true
		ForceMonitor[i_system=1, step=294]:
			CF = (-0.2176, -0.0009472, 0.001822)
			CM = (0.01133, -0.0001664, -0.0001139)
		PressureLaplace(lamb_vector)[step=294]: rebuild=false, panels=7288, CG iters=769, solved=true
		ForceMonitor[i_system=1, step=294]:
			CF = (-0.0246, 0.000161, 0.0001315)
			CM = (0.001248, 5.141e-5, 0.0006889)
		ForceMonitor[i_system=1, step=294]:
			CF = (-0.3912, -0.02696, 0.04065)
			CM = (0.09111, -0.0006665, 0.007657)
	step 294/359 at time 0.08166666666666667
		PressureLaplace(material_derivative)[step=295]: rebuild=false, panels=7288, CG iters=735, solved=true
		ForceMonitor[i_system=1, step=295]:
			CF = (-0.2176, -0.0008614, 0.001789)
			CM = (0.01133, -0.0001832, -0.0003407)
		PressureLaplace(lamb_vector)[step=295]: rebuild=false, panels=7288, CG iters=769, solved=true
		ForceMonitor[i_system=1, step=295]:
			CF = (-0.02458, 0.000134, 0.0001233)
			CM = (0.001247, 5.293e-5, 0.0007277)
		ForceMonitor[i_system=1, step=295]:
			CF = (-0.3908, -0.0252, 0.04286)
			CM = (0.091, -0.0006658, 0.007933)
	step 295/359 at time 0.08194444444444444
		PressureLaplace(material_derivative)[step=296]: rebuild=false, panels=7288, CG iters=735, solved=true
		ForceMonitor[i_system=1, step=296]:
			CF = (-0.2176, -0.0007457, 0.001694)
			CM = (0.01133, -0.0001942, -0.0005655)
		PressureLaplace(lamb_vector)[step=296]: rebuild=false, panels=7288, CG iters=769, solved=true
		ForceMonitor[i_system=1, step=296]:
			CF = (-0.02459, 0.0001023, 0.0001102)
			CM = (0.001247, 5.274e-5, 0.000743)
		ForceMonitor[i_system=1, step=296]:
			CF = (-0.391, -0.02254, 0.0437)
			CM = (0.09108, -0.0006428, 0.007945)
	step 296/359 at time 0.08222222222222222
		PressureLaplace(material_derivative)[step=297]: rebuild=false, panels=7288, CG iters=735, solved=true
		ForceMonitor[i_system=1, step=297]:
			CF = (-0.2177, -0.000603, 0.001539)
			CM = (0.01134, -0.0001992, -0.000781)
		PressureLaplace(lamb_vector)[step=297]: rebuild=false, panels=7288, CG iters=769, solved=true
		ForceMonitor[i_system=1, step=297]:
			CF = (-0.02463, 6.737e-5, 9.212e-5)
			CM = (0.001247, 5.086e-5, 0.0007348)
		ForceMonitor[i_system=1, step=297]:
			CF = (-0.3916, -0.01903, 0.04316)
			CM = (0.09132, -0.0005986, 0.007701)
	step 297/359 at time 0.0825
		PressureLaplace(material_derivative)[step=298]: rebuild=false, panels=7288, CG iters=735, solved=true
		ForceMonitor[i_system=1, step=298]:
			CF = (-0.2178, -0.000437, 0.00133)
			CM = (0.01136, -0.0001981, -0.0009873)
		PressureLaplace(lamb_vector)[step=298]: rebuild=false, panels=7288, CG iters=769, solved=true
		ForceMonitor[i_system=1, step=298]:
			CF = (-0.02469, 2.986e-5, 7.071e-5)
			CM = (0.001247, 4.738e-5, 0.0007034)
		ForceMonitor[i_system=1, step=298]:
			CF = (-0.3925, -0.01482, 0.04129)
			CM = (0.09171, -0.0005334, 0.0072)
	step 298/359 at time 0.08277777777777778
		PressureLaplace(material_derivative)[step=299]: rebuild=false, panels=7288, CG iters=734, solved=true
		ForceMonitor[i_system=1, step=299]:
			CF = (-0.2179, -0.0002556, 0.001081)
			CM = (0.01139, -0.0001908, -0.001157)
		PressureLaplace(lamb_vector)[step=299]: rebuild=false, panels=7288, CG iters=769, solved=true
		ForceMonitor[i_system=1, step=299]:
			CF = (-0.02477, -8.231e-6, 4.737e-5)
			CM = (0.001247, 4.243e-5, 0.0006509)
		ForceMonitor[i_system=1, step=299]:
			CF = (-0.3938, -0.01007, 0.03818)
			CM = (0.09218, -0.0004521, 0.006494)
	step 299/359 at time 0.08305555555555555
		PressureLaplace(material_derivative)[step=300]: rebuild=false, panels=7288, CG iters=730, solved=true
		ForceMonitor[i_system=1, step=300]:
			CF = (-0.218, -6.449e-5, 0.0007967)
			CM = (0.01141, -0.0001775, -0.001289)
		PressureLaplace(lamb_vector)[step=300]: rebuild=false, panels=7288, CG iters=769, solved=true
		ForceMonitor[i_system=1, step=300]:
			CF = (-0.02485, -4.668e-5, 2.17e-5)
			CM = (0.001248, 3.605e-5, 0.0005776)
		ForceMonitor[i_system=1, step=300]:
			CF = (-0.3951, -0.004925, 0.03382)
			CM = (0.09269, -0.0003558, 0.005581)
	step 300/359 at time 0.08333333333333333
		PressureLaplace(material_derivative)[step=301]: rebuild=false, panels=7288, CG iters=711, solved=true
		ForceMonitor[i_system=1, step=301]:
			CF = (-0.2181, 0.0001316, 0.0004871)
			CM = (0.01144, -0.0001582, -0.001374)
		PressureLaplace(lamb_vector)[step=301]: rebuild=false, panels=7288, CG iters=769, solved=true
		ForceMonitor[i_system=1, step=301]:
			CF = (-0.02493, -8.485e-5, -3.968e-6)
			CM = (0.001249, 2.84e-5, 0.0004851)
		ForceMonitor[i_system=1, step=301]:
			CF = (-0.3963, 0.000473, 0.02833)
			CM = (0.09317, -0.000247, 0.004489)
	step 301/359 at time 0.08361111111111111
		PressureLaplace(material_derivative)[step=302]: rebuild=false, panels=7288, CG iters=725, solved=true
		ForceMonitor[i_system=1, step=302]:
			CF = (-0.2182, 0.000327, 0.0001597)
			CM = (0.01146, -0.0001333, -0.001404)
		PressureLaplace(lamb_vector)[step=302]: rebuild=false, panels=7288, CG iters=769, solved=true
		ForceMonitor[i_system=1, step=302]:
			CF = (-0.02499, -0.0001198, -2.957e-5)
			CM = (0.001249, 1.965e-5, 0.0003747)
		ForceMonitor[i_system=1, step=302]:
			CF = (-0.3972, 0.005967, 0.02179)
			CM = (0.09356, -0.0001293, 0.00324)
	step 302/359 at time 0.08388888888888889
		PressureLaplace(material_derivative)[step=303]: rebuild=false, panels=7288, CG iters=733, solved=true
		ForceMonitor[i_system=1, step=303]:
			CF = (-0.2182, 0.0005148, -0.0001791)
			CM = (0.01147, -0.0001033, -0.001385)
		PressureLaplace(lamb_vector)[step=303]: rebuild=false, panels=7288, CG iters=769, solved=true
		ForceMonitor[i_system=1, step=303]:
			CF = (-0.02504, -0.000152, -5.406e-5)
			CM = (0.00125, 1.006e-5, 0.0002492)
		ForceMonitor[i_system=1, step=303]:
			CF = (-0.3979, 0.01134, 0.01435)
			CM = (0.09384, -4.794e-6, 0.001853)
	step 303/359 at time 0.08416666666666667
		PressureLaplace(material_derivative)[step=304]: rebuild=false, panels=7288, CG iters=734, solved=true
		ForceMonitor[i_system=1, step=304]:
			CF = (-0.2183, 0.0006901, -0.0005187)
			CM = (0.01148, -6.91e-5, -0.001312)
		PressureLaplace(lamb_vector)[step=304]: rebuild=false, panels=7288, CG iters=769, solved=true
		ForceMonitor[i_system=1, step=304]:
			CF = (-0.02505, -0.0001809, -7.673e-5)
			CM = (0.00125, -1.149e-7, 0.0001122)
		ForceMonitor[i_system=1, step=304]:
			CF = (-0.3981, 0.01647, 0.006205)
			CM = (0.09396, 0.0001223, 0.0003705)
	step 304/359 at time 0.08444444444444445
		PressureLaplace(material_derivative)[step=305]: rebuild=false, panels=7288, CG iters=734, solved=true
		ForceMonitor[i_system=1, step=305]:
			CF = (-0.2182, 0.0008468, -0.0008512)
			CM = (0.01148, -3.168e-5, -0.001196)
		PressureLaplace(lamb_vector)[step=305]: rebuild=false, panels=7288, CG iters=769, solved=true
		ForceMonitor[i_system=1, step=305]:
			CF = (-0.02505, -0.0002045, -9.729e-5)
			CM = (0.001251, -1.056e-5, -3.282e-5)
		ForceMonitor[i_system=1, step=305]:
			CF = (-0.3978, 0.0212, -0.002401)
			CM = (0.09394, 0.0002493, -0.001175)
	step 305/359 at time 0.08472222222222223
		PressureLaplace(material_derivative)[step=306]: rebuild=false, panels=7288, CG iters=734, solved=true
		ForceMonitor[i_system=1, step=306]:
			CF = (-0.2182, 0.0009801, -0.00117)
			CM = (0.01147, 7.55e-6, -0.00105)
		PressureLaplace(lamb_vector)[step=306]: rebuild=false, panels=7288, CG iters=769, solved=true
		ForceMonitor[i_system=1, step=306]:
			CF = (-0.02502, -0.0002207, -0.0001156)
			CM = (0.00125, -2.089e-5, -0.0001811)
		ForceMonitor[i_system=1, step=306]:
			CF = (-0.3972, 0.02533, -0.01117)
			CM = (0.09379, 0.0003721, -0.002741)
	step 306/359 at time 0.085
		PressureLaplace(material_derivative)[step=307]: rebuild=false, panels=7288, CG iters=734, solved=true
		ForceMonitor[i_system=1, step=307]:
			CF = (-0.2181, 0.001083, -0.001457)
			CM = (0.01145, 4.722e-5, -0.0008683)
		PressureLaplace(lamb_vector)[step=307]: rebuild=false, panels=7288, CG iters=765, solved=true
		ForceMonitor[i_system=1, step=307]:
			CF = (-0.02498, -0.000231, -0.0001307)
			CM = (0.00125, -3.068e-5, -0.0003255)
		ForceMonitor[i_system=1, step=307]:
			CF = (-0.3963, 0.02872, -0.01973)
			CM = (0.09354, 0.0004846, -0.004246)
	step 307/359 at time 0.08527777777777777
		PressureLaplace(material_derivative)[step=308]: rebuild=false, panels=7288, CG iters=734, solved=true
		ForceMonitor[i_system=1, step=308]:
			CF = (-0.2179, 0.001151, -0.001699)
			CM = (0.01144, 8.574e-5, -0.0006579)
		PressureLaplace(lamb_vector)[step=308]: rebuild=false, panels=7288, CG iters=762, solved=true
		ForceMonitor[i_system=1, step=308]:
			CF = (-0.02492, -0.0002331, -0.000142)
			CM = (0.001249, -3.952e-5, -0.0004604)
		ForceMonitor[i_system=1, step=308]:
			CF = (-0.3952, 0.03121, -0.02771)
			CM = (0.09324, 0.0005822, -0.005623)
	step 308/359 at time 0.08555555555555555
		PressureLaplace(material_derivative)[step=309]: rebuild=false, panels=7288, CG iters=734, solved=true
		ForceMonitor[i_system=1, step=309]:
			CF = (-0.2177, 0.001182, -0.001893)
			CM = (0.01141, 0.0001217, -0.0004318)
		PressureLaplace(lamb_vector)[step=309]: rebuild=false, panels=7288, CG iters=770, solved=true
		ForceMonitor[i_system=1, step=309]:
			CF = (-0.02486, -0.0002275, -0.0001498)
			CM = (0.001248, -4.712e-5, -0.0005812)
		ForceMonitor[i_system=1, step=309]:
			CF = (-0.3941, 0.0327, -0.03483)
			CM = (0.09292, 0.0006617, -0.006829)
	step 309/359 at time 0.08583333333333333
		PressureLaplace(material_derivative)[step=310]: rebuild=false, panels=7288, CG iters=734, solved=true
		ForceMonitor[i_system=1, step=310]:
			CF = (-0.2176, 0.001175, -0.002025)
			CM = (0.0114, 0.000154, -0.0001924)
		PressureLaplace(lamb_vector)[step=310]: rebuild=false, panels=7288, CG iters=771, solved=true
		ForceMonitor[i_system=1, step=310]:
			CF = (-0.02481, -0.0002139, -0.0001531)
			CM = (0.001247, -5.322e-5, -0.0006831)
		ForceMonitor[i_system=1, step=310]:
			CF = (-0.393, 0.03316, -0.04081)
			CM = (0.09265, 0.0007202, -0.007813)
	step 310/359 at time 0.08611111111111111
		PressureLaplace(material_derivative)[step=311]: rebuild=false, panels=7288, CG iters=734, solved=true
		ForceMonitor[i_system=1, step=311]:
			CF = (-0.2174, 0.001128, -0.002091)
			CM = (0.01138, 0.0001815, 5.831e-5)
		PressureLaplace(lamb_vector)[step=311]: rebuild=false, panels=7288, CG iters=772, solved=true
		ForceMonitor[i_system=1, step=311]:
			CF = (-0.02477, -0.0001938, -0.0001513)
			CM = (0.001246, -5.764e-5, -0.0007626)
		ForceMonitor[i_system=1, step=311]:
			CF = (-0.3923, 0.03255, -0.04547)
			CM = (0.09247, 0.0007553, -0.008534)
	step 311/359 at time 0.08638888888888889
		PressureLaplace(material_derivative)[step=312]: rebuild=false, panels=7288, CG iters=733, solved=true
		ForceMonitor[i_system=1, step=312]:
			CF = (-0.2174, 0.001044, -0.002084)
			CM = (0.01137, 0.0002036, 0.0003176)
		PressureLaplace(lamb_vector)[step=312]: rebuild=false, panels=7288, CG iters=772, solved=true
		ForceMonitor[i_system=1, step=312]:
			CF = (-0.02475, -0.0001655, -0.000144)
			CM = (0.001245, -6.019e-5, -0.0008175)
		ForceMonitor[i_system=1, step=312]:
			CF = (-0.3919, 0.03088, -0.04865)
			CM = (0.09239, 0.0007653, -0.008965)
	step 312/359 at time 0.08666666666666667
		PressureLaplace(material_derivative)[step=313]: rebuild=false, panels=7288, CG iters=721, solved=true
		ForceMonitor[i_system=1, step=313]:
			CF = (-0.2173, 0.000925, -0.002008)
			CM = (0.01137, 0.0002194, 0.0005764)
		PressureLaplace(lamb_vector)[step=313]: rebuild=false, panels=7288, CG iters=772, solved=true
		ForceMonitor[i_system=1, step=313]:
			CF = (-0.02476, -0.0001318, -0.0001321)
			CM = (0.001244, -6.088e-5, -0.0008465)
		ForceMonitor[i_system=1, step=313]:
			CF = (-0.3919, 0.02819, -0.0503)
			CM = (0.09243, 0.00075, -0.009103)
	step 313/359 at time 0.08694444444444445
		PressureLaplace(material_derivative)[step=314]: rebuild=false, panels=7288, CG iters=724, solved=true
		ForceMonitor[i_system=1, step=314]:
			CF = (-0.2174, 0.0007713, -0.001861)
			CM = (0.01138, 0.0002286, 0.0008299)
		PressureLaplace(lamb_vector)[step=314]: rebuild=false, panels=7288, CG iters=772, solved=true
		ForceMonitor[i_system=1, step=314]:
			CF = (-0.02478, -9.28e-5, -0.0001149)
			CM = (0.001244, -5.961e-5, -0.0008488)
		ForceMonitor[i_system=1, step=314]:
			CF = (-0.3924, 0.02446, -0.05037)
			CM = (0.09259, 0.0007097, -0.008941)
	step 314/359 at time 0.08722222222222223
		PressureLaplace(material_derivative)[step=315]: rebuild=false, panels=7288, CG iters=735, solved=true
		ForceMonitor[i_system=1, step=315]:
			CF = (-0.2175, 0.0005898, -0.00165)
			CM = (0.01139, 0.0002306, 0.001064)
		PressureLaplace(lamb_vector)[step=315]: rebuild=false, panels=7288, CG iters=772, solved=true
		ForceMonitor[i_system=1, step=315]:
			CF = (-0.02482, -5.047e-5, -9.266e-5)
			CM = (0.001244, -5.642e-5, -0.0008242)
		ForceMonitor[i_system=1, step=315]:
			CF = (-0.3932, 0.01986, -0.04887)
			CM = (0.09283, 0.0006458, -0.008496)
	step 315/359 at time 0.0875
		PressureLaplace(material_derivative)[step=316]: rebuild=false, panels=7288, CG iters=735, solved=true
		ForceMonitor[i_system=1, step=316]:
			CF = (-0.2176, 0.0003869, -0.001385)
			CM = (0.01141, 0.0002254, 0.00127)
		PressureLaplace(lamb_vector)[step=316]: rebuild=false, panels=7288, CG iters=772, solved=true
		ForceMonitor[i_system=1, step=316]:
			CF = (-0.02487, -6.422e-6, -6.756e-5)
			CM = (0.001245, -5.141e-5, -0.000774)
		ForceMonitor[i_system=1, step=316]:
			CF = (-0.3942, 0.01454, -0.04582)
			CM = (0.09314, 0.0005603, -0.007782)
	step 316/359 at time 0.08777777777777777
		PressureLaplace(material_derivative)[step=317]: rebuild=false, panels=7288, CG iters=735, solved=true
		ForceMonitor[i_system=1, step=317]:
			CF = (-0.2178, 0.000167, -0.001071)
			CM = (0.01143, 0.0002128, 0.001438)
		PressureLaplace(lamb_vector)[step=317]: rebuild=false, panels=7288, CG iters=772, solved=true
		ForceMonitor[i_system=1, step=317]:
			CF = (-0.02493, 3.818e-5, -3.94e-5)
			CM = (0.001246, -4.465e-5, -0.0006986)
		ForceMonitor[i_system=1, step=317]:
			CF = (-0.3954, 0.008622, -0.04129)
			CM = (0.09347, 0.0004554, -0.006816)
	step 317/359 at time 0.08805555555555555
		PressureLaplace(material_derivative)[step=318]: rebuild=false, panels=7288, CG iters=735, solved=true
		ForceMonitor[i_system=1, step=318]:
			CF = (-0.218, -6.167e-5, -0.0007203)
			CM = (0.01145, 0.0001932, 0.001556)
		PressureLaplace(lamb_vector)[step=318]: rebuild=false, panels=7288, CG iters=771, solved=true
		ForceMonitor[i_system=1, step=318]:
			CF = (-0.02499, 8.27e-5, -9.976e-6)
			CM = (0.001247, -3.637e-5, -0.0005999)
		ForceMonitor[i_system=1, step=318]:
			CF = (-0.3966, 0.002314, -0.03537)
			CM = (0.09378, 0.0003348, -0.005629)
	step 318/359 at time 0.08833333333333333
		PressureLaplace(material_derivative)[step=319]: rebuild=false, panels=7288, CG iters=735, solved=true
		ForceMonitor[i_system=1, step=319]:
			CF = (-0.2182, -0.000294, -0.0003408)
			CM = (0.01147, 0.0001668, 0.00162)
		PressureLaplace(lamb_vector)[step=319]: rebuild=false, panels=7288, CG iters=771, solved=true
		ForceMonitor[i_system=1, step=319]:
			CF = (-0.02504, 0.0001253, 1.993e-5)
			CM = (0.001248, -2.672e-5, -0.00048)
		ForceMonitor[i_system=1, step=319]:
			CF = (-0.3976, -0.004213, -0.02818)
			CM = (0.09404, 0.0002014, -0.004243)
	step 319/359 at time 0.08861111111111111
		PressureLaplace(material_derivative)[step=320]: rebuild=false, panels=7288, CG iters=735, solved=true
		ForceMonitor[i_system=1, step=320]:
			CF = (-0.2184, -0.0005194, 5.26e-5)
			CM = (0.01149, 0.0001344, 0.001625)
		PressureLaplace(lamb_vector)[step=320]: rebuild=false, panels=7288, CG iters=770, solved=true
		ForceMonitor[i_system=1, step=320]:
			CF = (-0.02508, 0.0001639, 4.926e-5)
			CM = (0.001249, -1.603e-5, -0.000342)
		ForceMonitor[i_system=1, step=320]:
			CF = (-0.3983, -0.01067, -0.01993)
			CM = (0.09423, 5.943e-5, -0.002698)
	step 320/359 at time 0.08888888888888889
		PressureLaplace(material_derivative)[step=321]: rebuild=false, panels=7288, CG iters=735, solved=true
		ForceMonitor[i_system=1, step=321]:
			CF = (-0.2184, -0.0007302, 0.0004483)
			CM = (0.0115, 9.696e-5, 0.00157)
		PressureLaplace(lamb_vector)[step=321]: rebuild=false, panels=7288, CG iters=769, solved=true
		ForceMonitor[i_system=1, step=321]:
			CF = (-0.0251, 0.0001988, 7.68e-5)
			CM = (0.00125, -4.602e-6, -0.0001899)
		ForceMonitor[i_system=1, step=321]:
			CF = (-0.3987, -0.01683, -0.01084)
			CM = (0.09433, -8.661e-5, -0.001035)
	step 321/359 at time 0.08916666666666667
		PressureLaplace(material_derivative)[step=322]: rebuild=false, panels=7288, CG iters=735, solved=true
		ForceMonitor[i_system=1, step=322]:
			CF = (-0.2184, -0.0009219, 0.0008375)
			CM = (0.0115, 5.553e-5, 0.00146)
		PressureLaplace(lamb_vector)[step=322]: rebuild=false, panels=7288, CG iters=765, solved=true
		ForceMonitor[i_system=1, step=322]:
			CF = (-0.02511, 0.000228, 0.000102)
			CM = (0.00125, 7.266e-6, -2.755e-5)
		ForceMonitor[i_system=1, step=322]:
			CF = (-0.3987, -0.02257, -0.001148)
			CM = (0.09435, -0.0002331, 0.000706)
	step 322/359 at time 0.08944444444444444
		PressureLaplace(material_derivative)[step=323]: rebuild=false, panels=7288, CG iters=735, solved=true
		ForceMonitor[i_system=1, step=323]:
			CF = (-0.2183, -0.001089, 0.001209)
			CM = (0.0115, 1.137e-5, 0.001302)
		PressureLaplace(lamb_vector)[step=323]: rebuild=false, panels=7288, CG iters=760, solved=true
		ForceMonitor[i_system=1, step=323]:
			CF = (-0.02511, 0.0002501, 0.0001243)
			CM = (0.00125, 1.916e-5, 0.0001396)
		ForceMonitor[i_system=1, step=323]:
			CF = (-0.3984, -0.02769, 0.008822)
			CM = (0.09429, -0.0003757, 0.002471)
	step 323/359 at time 0.08972222222222222
		PressureLaplace(material_derivative)[step=324]: rebuild=false, panels=7288, CG iters=734, solved=true
		ForceMonitor[i_system=1, step=324]:
			CF = (-0.2181, -0.001223, 0.001551)
			CM = (0.01148, -3.41e-5, 0.001101)
		PressureLaplace(lamb_vector)[step=324]: rebuild=false, panels=7288, CG iters=767, solved=true
		ForceMonitor[i_system=1, step=324]:
			CF = (-0.02509, 0.0002657, 0.0001437)
			CM = (0.00125, 3.071e-5, 0.0003059)
		ForceMonitor[i_system=1, step=324]:
			CF = (-0.3977, -0.03201, 0.01873)
			CM = (0.09418, -0.0005095, 0.004199)
	step 324/359 at time 0.09
		PressureLaplace(material_derivative)[step=325]: rebuild=false, panels=7288, CG iters=735, solved=true
		ForceMonitor[i_system=1, step=325]:
			CF = (-0.2179, -0.00132, 0.00185)
			CM = (0.01147, -7.932e-5, 0.0008655)
		PressureLaplace(lamb_vector)[step=325]: rebuild=false, panels=7288, CG iters=769, solved=true
		ForceMonitor[i_system=1, step=325]:
			CF = (-0.02506, 0.0002729, 0.000159)
			CM = (0.001248, 4.147e-5, 0.0004651)
		ForceMonitor[i_system=1, step=325]:
			CF = (-0.3969, -0.03536, 0.02822)
			CM = (0.09406, -0.0006297, 0.005824)
	step 325/359 at time 0.09027777777777778
		PressureLaplace(material_derivative)[step=326]: rebuild=false, panels=7288, CG iters=735, solved=true
		ForceMonitor[i_system=1, step=326]:
			CF = (-0.2175, -0.001377, 0.002096)
			CM = (0.01145, -0.0001228, 0.0006022)
		PressureLaplace(lamb_vector)[step=326]: rebuild=false, panels=7288, CG iters=769, solved=true
		ForceMonitor[i_system=1, step=326]:
			CF = (-0.02504, 0.0002711, 0.0001702)
			CM = (0.001247, 5.109e-5, 0.0006118)
		ForceMonitor[i_system=1, step=326]:
			CF = (-0.3959, -0.03767, 0.03694)
			CM = (0.09395, -0.0007326, 0.007288)
	step 326/359 at time 0.09055555555555556
		PressureLaplace(material_derivative)[step=327]: rebuild=false, panels=7288, CG iters=735, solved=true
		ForceMonitor[i_system=1, step=327]:
			CF = (-0.2172, -0.001389, 0.002277)
			CM = (0.01143, -0.0001632, 0.0003143)
		PressureLaplace(lamb_vector)[step=327]: rebuild=false, panels=7288, CG iters=769, solved=true
		ForceMonitor[i_system=1, step=327]:
			CF = (-0.02502, 0.0002601, 0.0001761)
			CM = (0.001246, 5.917e-5, 0.0007398)
		ForceMonitor[i_system=1, step=327]:
			CF = (-0.3951, -0.03881, 0.04455)
			CM = (0.09389, -0.0008132, 0.008524)
	step 327/359 at time 0.09083333333333334
		PressureLaplace(material_derivative)[step=328]: rebuild=false, panels=7288, CG iters=735, solved=true
		ForceMonitor[i_system=1, step=328]:
			CF = (-0.2169, -0.001358, 0.002387)
			CM = (0.01142, -0.000199, 1.181e-5)
		PressureLaplace(lamb_vector)[step=328]: rebuild=false, panels=7288, CG iters=769, solved=true
		ForceMonitor[i_system=1, step=328]:
			CF = (-0.025, 0.0002395, 0.000177)
			CM = (0.001244, 6.549e-5, 0.0008454)
		ForceMonitor[i_system=1, step=328]:
			CF = (-0.3945, -0.03877, 0.05082)
			CM = (0.0939, -0.0008691, 0.009493)
	step 328/359 at time 0.09111111111111111
		PressureLaplace(material_derivative)[step=329]: rebuild=false, panels=7288, CG iters=735, solved=true
		ForceMonitor[i_system=1, step=329]:
			CF = (-0.2167, -0.001281, 0.002419)
			CM = (0.01141, -0.000229, -0.0003006)
		PressureLaplace(lamb_vector)[step=329]: rebuild=false, panels=7288, CG iters=769, solved=true
		ForceMonitor[i_system=1, step=329]:
			CF = (-0.025, 0.0002103, 0.000172)
			CM = (0.001243, 6.975e-5, 0.0009246)
		ForceMonitor[i_system=1, step=329]:
			CF = (-0.3942, -0.03741, 0.05552)
			CM = (0.09398, -0.000897, 0.01015)
	step 329/359 at time 0.0913888888888889
		PressureLaplace(material_derivative)[step=330]: rebuild=false, panels=7288, CG iters=735, solved=true
		ForceMonitor[i_system=1, step=330]:
			CF = (-0.2165, -0.001159, 0.00237)
			CM = (0.01141, -0.0002522, -0.0006117)
		PressureLaplace(lamb_vector)[step=330]: rebuild=false, panels=7288, CG iters=769, solved=true
		ForceMonitor[i_system=1, step=330]:
			CF = (-0.02501, 0.0001734, 0.000161)
			CM = (0.001242, 7.178e-5, 0.0009746)
		ForceMonitor[i_system=1, step=330]:
			CF = (-0.3942, -0.03478, 0.05846)
			CM = (0.09413, -0.0008958, 0.01049)
	step 330/359 at time 0.09166666666666666
		PressureLaplace(material_derivative)[step=331]: rebuild=false, panels=7288, CG iters=735, solved=true
		ForceMonitor[i_system=1, step=331]:
			CF = (-0.2165, -0.0009985, 0.002243)
			CM = (0.01141, -0.0002676, -0.0009123)
		PressureLaplace(lamb_vector)[step=331]: rebuild=false, panels=7288, CG iters=769, solved=true
		ForceMonitor[i_system=1, step=331]:
			CF = (-0.02504, 0.0001304, 0.0001442)
			CM = (0.001242, 7.155e-5, 0.0009942)
		ForceMonitor[i_system=1, step=331]:
			CF = (-0.3947, -0.03103, 0.05958)
			CM = (0.09433, -0.0008652, 0.01048)
	step 331/359 at time 0.09194444444444444
		PressureLaplace(material_derivative)[step=332]: rebuild=false, panels=7288, CG iters=735, solved=true
		ForceMonitor[i_system=1, step=332]:
			CF = (-0.2165, -0.0008025, 0.002039)
			CM = (0.01142, -0.0002746, -0.001192)
		PressureLaplace(lamb_vector)[step=332]: rebuild=false, panels=7288, CG iters=769, solved=true
		ForceMonitor[i_system=1, step=332]:
			CF = (-0.02507, 8.205e-5, 0.0001221)
			CM = (0.001242, 6.9e-5, 0.0009826)
		ForceMonitor[i_system=1, step=332]:
			CF = (-0.3955, -0.0262, 0.05882)
			CM = (0.09457, -0.0008057, 0.01015)
	step 332/359 at time 0.09222222222222222
		PressureLaplace(material_derivative)[step=333]: rebuild=false, panels=7288, CG iters=734, solved=true
		ForceMonitor[i_system=1, step=333]:
			CF = (-0.2167, -0.0005749, 0.001762)
			CM = (0.01144, -0.0002726, -0.001446)
		PressureLaplace(lamb_vector)[step=333]: rebuild=false, panels=7288, CG iters=769, solved=true
		ForceMonitor[i_system=1, step=333]:
			CF = (-0.02511, 3.096e-5, 9.531e-5)
			CM = (0.001243, 6.418e-5, 0.0009389)
		ForceMonitor[i_system=1, step=333]:
			CF = (-0.3965, -0.0204, 0.05616)
			CM = (0.0948, -0.0007176, 0.009471)
	step 333/359 at time 0.0925
		PressureLaplace(material_derivative)[step=334]: rebuild=false, panels=7288, CG iters=733, solved=true
		ForceMonitor[i_system=1, step=334]:
			CF = (-0.217, -0.0003252, 0.001422)
			CM = (0.01146, -0.0002618, -0.001657)
		PressureLaplace(lamb_vector)[step=334]: rebuild=false, panels=7288, CG iters=769, solved=true
		ForceMonitor[i_system=1, step=334]:
			CF = (-0.02515, -2.184e-5, 6.49e-5)
			CM = (0.001244, 5.722e-5, 0.000865)
		ForceMonitor[i_system=1, step=334]:
			CF = (-0.3977, -0.01387, 0.05167)
			CM = (0.09499, -0.0006048, 0.008489)
	step 334/359 at time 0.09277777777777778
		PressureLaplace(material_derivative)[step=335]: rebuild=false, panels=7288, CG iters=714, solved=true
		ForceMonitor[i_system=1, step=335]:
			CF = (-0.2173, -6.087e-5, 0.001031)
			CM = (0.01148, -0.0002422, -0.001819)
		PressureLaplace(lamb_vector)[step=335]: rebuild=false, panels=7288, CG iters=769, solved=true
		ForceMonitor[i_system=1, step=335]:
			CF = (-0.02518, -7.55e-5, 3.147e-5)
			CM = (0.001245, 4.83e-5, 0.0007618)
		ForceMonitor[i_system=1, step=335]:
			CF = (-0.3988, -0.006791, 0.04545)
			CM = (0.09513, -0.0004704, 0.00722)
	step 335/359 at time 0.09305555555555556
		PressureLaplace(material_derivative)[step=336]: rebuild=false, panels=7288, CG iters=729, solved=true
		ForceMonitor[i_system=1, step=336]:
			CF = (-0.2176, 0.0002122, 0.000597)
			CM = (0.01149, -0.0002142, -0.001923)
		PressureLaplace(lamb_vector)[step=336]: rebuild=false, panels=7288, CG iters=769, solved=true
		ForceMonitor[i_system=1, step=336]:
			CF = (-0.02521, -0.0001269, -3.384e-6)
			CM = (0.001247, 3.761e-5, 0.0006317)
		ForceMonitor[i_system=1, step=336]:
			CF = (-0.3998, 0.0006602, 0.03761)
			CM = (0.09519, -0.0003178, 0.005694)
	step 336/359 at time 0.09333333333333334
		PressureLaplace(material_derivative)[step=337]: rebuild=false, panels=7288, CG iters=733, solved=true
		ForceMonitor[i_system=1, step=337]:
			CF = (-0.2179, 0.0004805, 0.0001412)
			CM = (0.01151, -0.0001788, -0.00196)
		PressureLaplace(lamb_vector)[step=337]: rebuild=false, panels=7288, CG iters=769, solved=true
		ForceMonitor[i_system=1, step=337]:
			CF = (-0.02522, -0.0001756, -3.841e-5)
			CM = (0.001248, 2.555e-5, 0.0004792)
		ForceMonitor[i_system=1, step=337]:
			CF = (-0.4005, 0.008145, 0.02842)
			CM = (0.09518, -0.0001528, 0.003965)
	step 337/359 at time 0.09361111111111112
		PressureLaplace(material_derivative)[step=338]: rebuild=false, panels=7288, CG iters=734, solved=true
		ForceMonitor[i_system=1, step=338]:
			CF = (-0.2181, 0.0007393, -0.000326)
			CM = (0.01152, -0.0001369, -0.001932)
		PressureLaplace(lamb_vector)[step=338]: rebuild=false, panels=7288, CG iters=769, solved=true
		ForceMonitor[i_system=1, step=338]:
			CF = (-0.02523, -0.0002197, -7.205e-5)
			CM = (0.00125, 1.24e-5, 0.0003076)
		ForceMonitor[i_system=1, step=338]:
			CF = (-0.4009, 0.01549, 0.01813)
			CM = (0.09512, 2.057e-5, 0.002065)
	step 338/359 at time 0.09388888888888888
		PressureLaplace(material_derivative)[step=339]: rebuild=false, panels=7288, CG iters=734, solved=true
		ForceMonitor[i_system=1, step=339]:
			CF = (-0.2182, 0.0009809, -0.0007945)
			CM = (0.01152, -8.969e-5, -0.001841)
		PressureLaplace(lamb_vector)[step=339]: rebuild=false, panels=7288, CG iters=769, solved=true
		ForceMonitor[i_system=1, step=339]:
			CF = (-0.02524, -0.0002591, -0.0001043)
			CM = (0.00125, -1.51e-6, 0.0001212)
		ForceMonitor[i_system=1, step=339]:
			CF = (-0.401, 0.02248, 0.006968)
			CM = (0.09501, 0.0001975, 4.719e-5)
	step 339/359 at time 0.09416666666666666
		PressureLaplace(material_derivative)[step=340]: rebuild=false, panels=7288, CG iters=734, solved=true
		ForceMonitor[i_system=1, step=340]:
			CF = (-0.2181, 0.001196, -0.001245)
			CM = (0.01151, -3.847e-5, -0.001687)
		PressureLaplace(lamb_vector)[step=340]: rebuild=false, panels=7288, CG iters=769, solved=true
		ForceMonitor[i_system=1, step=340]:
			CF = (-0.02523, -0.0002906, -0.0001334)
			CM = (0.00125, -1.568e-5, -7.338e-5)
		ForceMonitor[i_system=1, step=340]:
			CF = (-0.4007, 0.02887, -0.004668)
			CM = (0.0949, 0.0003724, -0.00202)
	step 340/359 at time 0.09444444444444444
		PressureLaplace(material_derivative)[step=341]: rebuild=false, panels=7288, CG iters=734, solved=true
		ForceMonitor[i_system=1, step=341]:
			CF = (-0.2179, 0.001379, -0.001664)
			CM = (0.01151, 1.507e-5, -0.001475)
		PressureLaplace(lamb_vector)[step=341]: rebuild=false, panels=7288, CG iters=769, solved=true
		ForceMonitor[i_system=1, step=341]:
			CF = (-0.02523, -0.0003142, -0.0001591)
			CM = (0.00125, -2.971e-5, -0.00027)
		ForceMonitor[i_system=1, step=341]:
			CF = (-0.4001, 0.0345, -0.01641)
			CM = (0.09481, 0.0005398, -0.004072)
	step 341/359 at time 0.09472222222222222
		PressureLaplace(material_derivative)[step=342]: rebuild=false, panels=7288, CG iters=734, solved=true
		ForceMonitor[i_system=1, step=342]:
			CF = (-0.2176, 0.001521, -0.002043)
			CM = (0.01149, 6.931e-5, -0.001219)
		PressureLaplace(lamb_vector)[step=342]: rebuild=false, panels=7288, CG iters=756, solved=true
		ForceMonitor[i_system=1, step=342]:
			CF = (-0.02523, -0.0003286, -0.0001809)
			CM = (0.001248, -4.313e-5, -0.0004628)
		ForceMonitor[i_system=1, step=342]:
			CF = (-0.3994, 0.03909, -0.02791)
			CM = (0.0948, 0.0006949, -0.006047)
	step 342/359 at time 0.095
		PressureLaplace(material_derivative)[step=343]: rebuild=false, panels=7288, CG iters=734, solved=true
		ForceMonitor[i_system=1, step=343]:
			CF = (-0.2171, 0.001617, -0.002362)
			CM = (0.01148, 0.0001227, -0.000919)
		PressureLaplace(lamb_vector)[step=343]: rebuild=false, panels=7288, CG iters=769, solved=true
		ForceMonitor[i_system=1, step=343]:
			CF = (-0.02523, -0.0003325, -0.0001973)
			CM = (0.001246, -5.543e-5, -0.0006438)
		ForceMonitor[i_system=1, step=343]:
			CF = (-0.3986, 0.04242, -0.03871)
			CM = (0.09488, 0.0008321, -0.007863)
	step 343/359 at time 0.09527777777777778
		PressureLaplace(material_derivative)[step=344]: rebuild=false, panels=7288, CG iters=734, solved=true
		ForceMonitor[i_system=1, step=344]:
			CF = (-0.2165, 0.001663, -0.002613)
			CM = (0.01146, 0.0001734, -0.0005815)
		PressureLaplace(lamb_vector)[step=344]: rebuild=false, panels=7288, CG iters=771, solved=true
		ForceMonitor[i_system=1, step=344]:
			CF = (-0.02525, -0.0003248, -0.0002084)
			CM = (0.001244, -6.623e-5, -0.000808)
		ForceMonitor[i_system=1, step=344]:
			CF = (-0.3979, 0.0445, -0.0485)
			CM = (0.09507, 0.0009457, -0.009453)
	step 344/359 at time 0.09555555555555556
		PressureLaplace(material_derivative)[step=345]: rebuild=false, panels=7288, CG iters=734, solved=true
		ForceMonitor[i_system=1, step=345]:
			CF = (-0.216, 0.001657, -0.002788)
			CM = (0.01145, 0.00022, -0.0002184)
		PressureLaplace(lamb_vector)[step=345]: rebuild=false, panels=7288, CG iters=772, solved=true
		ForceMonitor[i_system=1, step=345]:
			CF = (-0.02527, -0.0003075, -0.0002135)
			CM = (0.001242, -7.516e-5, -0.0009491)
		ForceMonitor[i_system=1, step=345]:
			CF = (-0.3974, 0.04518, -0.05696)
			CM = (0.09536, 0.001032, -0.01077)
	step 345/359 at time 0.09583333333333334
		PressureLaplace(material_derivative)[step=346]: rebuild=false, panels=7288, CG iters=734, solved=true
		ForceMonitor[i_system=1, step=346]:
			CF = (-0.2155, 0.001599, -0.002878)
			CM = (0.01144, 0.0002608, 0.0001604)
		PressureLaplace(lamb_vector)[step=346]: rebuild=false, panels=7288, CG iters=772, solved=true
		ForceMonitor[i_system=1, step=346]:
			CF = (-0.02531, -0.0002796, -0.0002118)
			CM = (0.00124, -8.19e-5, -0.001063)
		ForceMonitor[i_system=1, step=346]:
			CF = (-0.3972, 0.04452, -0.0638)
			CM = (0.09575, 0.001087, -0.01176)
	step 346/359 at time 0.0961111111111111
		PressureLaplace(material_derivative)[step=347]: rebuild=false, panels=7288, CG iters=735, solved=true
		ForceMonitor[i_system=1, step=347]:
			CF = (-0.2151, 0.001486, -0.002873)
			CM = (0.01144, 0.0002941, 0.0005496)
		PressureLaplace(lamb_vector)[step=347]: rebuild=false, panels=7288, CG iters=773, solved=true
		ForceMonitor[i_system=1, step=347]:
			CF = (-0.02535, -0.0002404, -0.0002029)
			CM = (0.001238, -8.605e-5, -0.001144)
		ForceMonitor[i_system=1, step=347]:
			CF = (-0.3975, 0.04233, -0.06869)
			CM = (0.09618, 0.001108, -0.01237)
	step 347/359 at time 0.09638888888888889
		PressureLaplace(material_derivative)[step=348]: rebuild=false, panels=7288, CG iters=734, solved=true
		ForceMonitor[i_system=1, step=348]:
			CF = (-0.2149, 0.001326, -0.00278)
			CM = (0.01145, 0.0003186, 0.0009236)
		PressureLaplace(lamb_vector)[step=348]: rebuild=false, panels=7288, CG iters=773, solved=true
		ForceMonitor[i_system=1, step=348]:
			CF = (-0.0254, -0.0001935, -0.0001876)
			CM = (0.001237, -8.755e-5, -0.001191)
		ForceMonitor[i_system=1, step=348]:
			CF = (-0.398, 0.03883, -0.07152)
			CM = (0.09664, 0.001093, -0.01261)
	step 348/359 at time 0.09666666666666666
		PressureLaplace(material_derivative)[step=349]: rebuild=false, panels=7288, CG iters=722, solved=true
		ForceMonitor[i_system=1, step=349]:
			CF = (-0.2149, 0.001122, -0.002599)
			CM = (0.01146, 0.0003331, 0.001271)
		PressureLaplace(lamb_vector)[step=349]: rebuild=false, panels=7288, CG iters=773, solved=true
		ForceMonitor[i_system=1, step=349]:
			CF = (-0.02545, -0.0001398, -0.0001663)
			CM = (0.001238, -8.626e-5, -0.001201)
		ForceMonitor[i_system=1, step=349]:
			CF = (-0.3989, 0.03412, -0.07216)
			CM = (0.09704, 0.001043, -0.01247)
	step 349/359 at time 0.09694444444444444
		PressureLaplace(material_derivative)[step=350]: rebuild=false, panels=7288, CG iters=731, solved=true
		ForceMonitor[i_system=1, step=350]:
			CF = (-0.2151, 0.000877, -0.002329)
			CM = (0.01148, 0.0003368, 0.001585)
		PressureLaplace(lamb_vector)[step=350]: rebuild=false, panels=7288, CG iters=773, solved=true
		ForceMonitor[i_system=1, step=350]:
			CF = (-0.02549, -8.085e-5, -0.0001394)
			CM = (0.001238, -8.214e-5, -0.001173)
		ForceMonitor[i_system=1, step=350]:
			CF = (-0.4001, 0.02822, -0.07048)
			CM = (0.09735, 0.0009568, -0.01193)
	step 350/359 at time 0.09722222222222222
		PressureLaplace(material_derivative)[step=351]: rebuild=false, panels=7288, CG iters=735, solved=true
		ForceMonitor[i_system=1, step=351]:
			CF = (-0.2154, 0.0006002, -0.001979)
			CM = (0.0115, 0.0003292, 0.001849)
		PressureLaplace(lamb_vector)[step=351]: rebuild=false, panels=7288, CG iters=773, solved=true
		ForceMonitor[i_system=1, step=351]:
			CF = (-0.02551, -1.836e-5, -0.0001068)
			CM = (0.00124, -7.528e-5, -0.001107)
		ForceMonitor[i_system=1, step=351]:
			CF = (-0.4013, 0.02136, -0.06649)
			CM = (0.0975, 0.0008378, -0.011)
	step 351/359 at time 0.0975
		PressureLaplace(material_derivative)[step=352]: rebuild=false, panels=7288, CG iters=735, solved=true
		ForceMonitor[i_system=1, step=352]:
			CF = (-0.2159, 0.0003036, -0.001564)
			CM = (0.01152, 0.0003107, 0.00205)
		PressureLaplace(lamb_vector)[step=352]: rebuild=false, panels=7288, CG iters=773, solved=true
		ForceMonitor[i_system=1, step=352]:
			CF = (-0.02552, 4.455e-5, -7.173e-5)
			CM = (0.001242, -6.601e-5, -0.001005)
		ForceMonitor[i_system=1, step=352]:
			CF = (-0.4024, 0.01385, -0.06034)
			CM = (0.09749, 0.0006914, -0.009721)
	step 352/359 at time 0.09777777777777778
		PressureLaplace(material_derivative)[step=353]: rebuild=false, panels=7288, CG iters=735, solved=true
		ForceMonitor[i_system=1, step=353]:
			CF = (-0.2165, -1.028e-5, -0.001086)
			CM = (0.01153, 0.0002817, 0.002196)
		PressureLaplace(lamb_vector)[step=353]: rebuild=false, panels=7288, CG iters=772, solved=true
		ForceMonitor[i_system=1, step=353]:
			CF = (-0.02551, 0.0001075, -3.322e-5)
			CM = (0.001245, -5.44e-5, -0.0008681)
		ForceMonitor[i_system=1, step=353]:
			CF = (-0.4034, 0.005723, -0.05208)
			CM = (0.09731, 0.0005192, -0.008095)
	step 353/359 at time 0.09805555555555556
		PressureLaplace(material_derivative)[step=354]: rebuild=false, panels=7288, CG iters=735, solved=true
		ForceMonitor[i_system=1, step=354]:
			CF = (-0.217, -0.0003288, -0.0005665)
			CM = (0.01154, 0.0002433, 0.002271)
		PressureLaplace(lamb_vector)[step=354]: rebuild=false, panels=7288, CG iters=771, solved=true
		ForceMonitor[i_system=1, step=354]:
			CF = (-0.02548, 0.0001668, 6.243e-6)
			CM = (0.001247, -4.096e-5, -0.0007015)
		ForceMonitor[i_system=1, step=354]:
			CF = (-0.4039, -0.002678, -0.04202)
			CM = (0.09696, 0.0003285, -0.006188)
	step 354/359 at time 0.09833333333333333
		PressureLaplace(material_derivative)[step=355]: rebuild=false, panels=7288, CG iters=736, solved=true
		ForceMonitor[i_system=1, step=355]:
			CF = (-0.2175, -0.0006404, -2.295e-5)
			CM = (0.01155, 0.0001967, 0.002271)
		PressureLaplace(lamb_vector)[step=355]: rebuild=false, panels=7288, CG iters=771, solved=true
		ForceMonitor[i_system=1, step=355]:
			CF = (-0.02544, 0.0002224, 4.624e-5)
			CM = (0.001249, -2.602e-5, -0.0005094)
		ForceMonitor[i_system=1, step=355]:
			CF = (-0.4041, -0.01109, -0.03046)
			CM = (0.09652, 0.0001252, -0.00405)
	step 355/359 at time 0.09861111111111111
		PressureLaplace(material_derivative)[step=356]: rebuild=false, panels=7288, CG iters=736, solved=true
		ForceMonitor[i_system=1, step=356]:
			CF = (-0.2179, -0.0009384, 0.0005327)
			CM = (0.01154, 0.0001435, 0.002207)
		PressureLaplace(lamb_vector)[step=356]: rebuild=false, panels=7288, CG iters=770, solved=true
		ForceMonitor[i_system=1, step=356]:
			CF = (-0.0254, 0.000273, 8.544e-5)
			CM = (0.00125, -9.978e-6, -0.0002971)
		ForceMonitor[i_system=1, step=356]:
			CF = (-0.4039, -0.01934, -0.01771)
			CM = (0.09602, -8.609e-5, -0.001726)
	step 356/359 at time 0.09888888888888889
		PressureLaplace(material_derivative)[step=357]: rebuild=false, panels=7288, CG iters=736, solved=true
		ForceMonitor[i_system=1, step=357]:
			CF = (-0.218, -0.00121, 0.001078)
			CM = (0.01154, 8.51e-5, 0.002073)
		PressureLaplace(lamb_vector)[step=357]: rebuild=false, panels=7288, CG iters=769, solved=true
		ForceMonitor[i_system=1, step=357]:
			CF = (-0.02535, 0.0003164, 0.0001229)
			CM = (0.001251, 6.666e-6, -7.092e-5)
		ForceMonitor[i_system=1, step=357]:
			CF = (-0.4032, -0.02706, -0.004203)
			CM = (0.09555, -0.0002977, 0.0007011)
	step 357/359 at time 0.09916666666666667
		PressureLaplace(material_derivative)[step=358]: rebuild=false, panels=7288, CG iters=736, solved=true
		ForceMonitor[i_system=1, step=358]:
			CF = (-0.218, -0.001452, 0.001602)
			CM = (0.01152, 2.326e-5, 0.001879)
		PressureLaplace(lamb_vector)[step=358]: rebuild=false, panels=7288, CG iters=748, solved=true
		ForceMonitor[i_system=1, step=358]:
			CF = (-0.02531, 0.0003518, 0.0001568)
			CM = (0.001251, 2.347e-5, 0.0001621)
		ForceMonitor[i_system=1, step=358]:
			CF = (-0.4023, -0.03413, 0.009675)
			CM = (0.09518, -0.0005053, 0.003172)
	step 358/359 at time 0.09944444444444445
		PressureLaplace(material_derivative)[step=359]: rebuild=false, panels=7288, CG iters=736, solved=true
		ForceMonitor[i_system=1, step=359]:
			CF = (-0.2177, -0.001652, 0.002086)
			CM = (0.01151, -4.04e-5, 0.001625)
		PressureLaplace(lamb_vector)[step=359]: rebuild=false, panels=7288, CG iters=767, solved=true
		ForceMonitor[i_system=1, step=359]:
			CF = (-0.02529, 0.0003772, 0.000187)
			CM = (0.001249, 3.988e-5, 0.0003947)
		ForceMonitor[i_system=1, step=359]:
			CF = (-0.4012, -0.04017, 0.0235)
			CM = (0.09497, -0.0007016, 0.005594)
	step 359/359 at time 0.09972222222222223
		PressureLaplace(material_derivative)[step=360]: rebuild=false, panels=7288, CG iters=736, solved=true
		ForceMonitor[i_system=1, step=360]:
			CF = (-0.2171, -0.001806, 0.002512)
			CM = (0.01149, -0.0001045, 0.00131)
		PressureLaplace(lamb_vector)[step=360]: rebuild=false, panels=7288, CG iters=769, solved=true
		ForceMonitor[i_system=1, step=360]:
			CF = (-0.02529, 0.0003918, 0.0002119)
			CM = (0.001247, 5.547e-5, 0.0006192)
		ForceMonitor[i_system=1, step=360]:
			CF = (-0.4001, -0.04516, 0.03688)
			CM = (0.09497, -0.0008809, 0.007881)

31802.446924 seconds (1.02 G allocations: 68.688 GiB, 0.03% gc time, 0.08% compilation time: 2% of which was recompilation)

step | CT Bernoulli | CT Laplace(∇u) | CT Laplace(λ) | CT KJ | rel(B-∇u) | rel(B-λ) | rel(B-KJ)
  1  |  -0.281707  |  -0.128098  |  -0.0214304  |  NaN  |  1.199  |  12.15  |  NaN
  2  |  -0.387822  |  -0.15344  |  -0.0299581  |  NaN  |  1.528  |  11.95  |  NaN
  3  |  -0.444539  |  -0.154976  |  -0.0371628  |  NaN  |  1.868  |  10.96  |  NaN
  4  |  -0.476219  |  -0.161207  |  -0.0406808  |  NaN  |  1.954  |  10.71  |  NaN
  5  |  -0.489203  |  -0.165172  |  -0.0423036  |  NaN  |  1.962  |  10.56  |  NaN
  6  |  -0.493263  |  -0.167846  |  -0.0429749  |  NaN  |  1.939  |  10.48  |  NaN
  7  |  -0.493107  |  -0.169665  |  -0.0431815  |  NaN  |  1.906  |  10.42  |  NaN
  8  |  -0.490907  |  -0.170952  |  -0.0431737  |  NaN  |  1.872  |  10.37  |  NaN
  9  |  -0.487714  |  -0.171834  |  -0.0430793  |  NaN  |  1.838  |  10.32  |  NaN
  10  |  -0.483863  |  -0.172511  |  -0.0429576  |  NaN  |  1.805  |  10.26  |  NaN
  11  |  -0.479567  |  -0.173068  |  -0.0428346  |  NaN  |  1.771  |  10.2  |  NaN
  12  |  -0.474884  |  -0.173712  |  -0.0427157  |  NaN  |  1.734  |  10.12  |  NaN
  13  |  -0.469993  |  -0.174668  |  -0.0425995  |  NaN  |  1.691  |  10.03  |  NaN
  14  |  -0.465277  |  -0.176384  |  -0.0424681  |  NaN  |  1.638  |  9.956  |  NaN
  15  |  -0.460962  |  -0.179015  |  -0.0422978  |  NaN  |  1.575  |  9.898  |  NaN
  16  |  -0.457552  |  -0.182937  |  -0.0420659  |  NaN  |  1.501  |  9.877  |  NaN
  17  |  -0.454866  |  -0.188137  |  -0.0417365  |  NaN  |  1.418  |  9.899  |  NaN
  18  |  -0.452113  |  -0.193921  |  -0.0412787  |  NaN  |  1.331  |  9.953  |  NaN
  19  |  -0.448038  |  -0.19943  |  -0.0406684  |  NaN  |  1.247  |  10.02  |  NaN
  20  |  -0.441831  |  -0.203695  |  -0.0398951  |  NaN  |  1.169  |  10.07  |  NaN
  21  |  -0.433691  |  -0.206512  |  -0.0389783  |  NaN  |  1.1  |  10.13  |  NaN
  22  |  -0.424927  |  -0.207523  |  -0.0380906  |  NaN  |  1.048  |  10.16  |  NaN
  23  |  -0.416543  |  -0.207684  |  -0.0372772  |  NaN  |  1.006  |  10.17  |  NaN
  24  |  -0.408519  |  -0.207426  |  -0.0365953  |  NaN  |  0.9695  |  10.16  |  NaN
  25  |  -0.401902  |  -0.2068  |  -0.0361016  |  NaN  |  0.9434  |  10.13  |  NaN
  26  |  -0.395881  |  -0.206452  |  -0.0357458  |  NaN  |  0.9175  |  10.07  |  NaN
  27  |  -0.391163  |  -0.206316  |  -0.0355586  |  NaN  |  0.8959  |  10.0  |  NaN
  28  |  -0.387805  |  -0.206397  |  -0.035518  |  NaN  |  0.8789  |  9.919  |  NaN
  29  |  -0.385214  |  -0.206752  |  -0.0355512  |  NaN  |  0.8632  |  9.835  |  NaN
  30  |  -0.382938  |  -0.20727  |  -0.0356167  |  NaN  |  0.8475  |  9.752  |  NaN
  31  |  -0.380684  |  -0.20833  |  -0.0356674  |  NaN  |  0.8273  |  9.673  |  NaN
  32  |  -0.377858  |  -0.210075  |  -0.0356844  |  NaN  |  0.7987  |  9.589  |  NaN
  33  |  -0.374999  |  -0.212741  |  -0.0356086  |  NaN  |  0.7627  |  9.531  |  NaN
  34  |  -0.37249  |  -0.215938  |  -0.0354326  |  NaN  |  0.725  |  9.513  |  NaN
  35  |  -0.370323  |  -0.219501  |  -0.0351212  |  NaN  |  0.6871  |  9.544  |  NaN
  36  |  -0.367739  |  -0.223104  |  -0.0346555  |  NaN  |  0.6483  |  9.611  |  NaN
  37  |  -0.364809  |  -0.226019  |  -0.0340396  |  NaN  |  0.6141  |  9.717  |  NaN
  38  |  -0.360701  |  -0.227491  |  -0.033313  |  NaN  |  0.5856  |  9.828  |  NaN
  39  |  -0.355888  |  -0.226986  |  -0.0325583  |  NaN  |  0.5679  |  9.931  |  NaN
  40  |  -0.350664  |  -0.225442  |  -0.0318429  |  NaN  |  0.5554  |  10.01  |  NaN
  41  |  -0.345708  |  -0.223434  |  -0.0312366  |  NaN  |  0.5472  |  10.07  |  NaN
  42  |  -0.341081  |  -0.221695  |  -0.0307793  |  NaN  |  0.5385  |  10.08  |  NaN
  43  |  -0.336972  |  -0.220471  |  -0.0304331  |  NaN  |  0.5284  |  10.07  |  NaN
  44  |  -0.333266  |  -0.219809  |  -0.0302531  |  NaN  |  0.5162  |  10.02  |  NaN
  45  |  -0.332119  |  -0.220064  |  -0.0302177  |  NaN  |  0.5092  |  9.991  |  NaN
  46  |  -0.332548  |  -0.220386  |  -0.0302842  |  NaN  |  0.5089  |  9.981  |  NaN
  47  |  -0.333903  |  -0.220809  |  -0.0304344  |  NaN  |  0.5122  |  9.971  |  NaN
  48  |  -0.333632  |  -0.220817  |  -0.0306005  |  NaN  |  0.5109  |  9.903  |  NaN
  49  |  -0.331398  |  -0.221325  |  -0.0307665  |  NaN  |  0.4973  |  9.771  |  NaN
  50  |  -0.330017  |  -0.222838  |  -0.0309273  |  NaN  |  0.481  |  9.671  |  NaN
  51  |  -0.328944  |  -0.224345  |  -0.0310011  |  NaN  |  0.4662  |  9.611  |  NaN
  52  |  -0.329076  |  -0.226609  |  -0.0310327  |  NaN  |  0.4522  |  9.604  |  NaN
  53  |  -0.330474  |  -0.228276  |  -0.0309389  |  NaN  |  0.4477  |  9.682  |  NaN
  54  |  -0.330529  |  -0.230189  |  -0.0307268  |  NaN  |  0.4359  |  9.757  |  NaN
  55  |  -0.327272  |  -0.231282  |  -0.0303368  |  NaN  |  0.415  |  9.788  |  NaN
  56  |  -0.322898  |  -0.232125  |  -0.0298115  |  NaN  |  0.3911  |  9.831  |  NaN
  57  |  -0.316958  |  -0.232434  |  -0.0291832  |  NaN  |  0.3636  |  9.861  |  NaN
  58  |  -0.309653  |  -0.232696  |  -0.0284886  |  NaN  |  0.3307  |  9.869  |  NaN
  59  |  -0.302351  |  -0.232649  |  -0.027799  |  NaN  |  0.2996  |  9.876  |  NaN
  60  |  -0.296821  |  -0.232388  |  -0.0271653  |  NaN  |  0.2773  |  9.926  |  NaN
  61  |  -0.293679  |  -0.232397  |  -0.0266332  |  NaN  |  0.2637  |  10.03  |  NaN
  62  |  -0.292909  |  -0.232542  |  -0.0262354  |  NaN  |  0.2596  |  10.16  |  NaN
  63  |  -0.294123  |  -0.231605  |  -0.0260126  |  NaN  |  0.2699  |  10.31  |  NaN
  64  |  -0.295531  |  -0.231483  |  -0.0259456  |  NaN  |  0.2767  |  10.39  |  NaN
  65  |  -0.298426  |  -0.231292  |  -0.025988  |  NaN  |  0.2903  |  10.48  |  NaN
  66  |  -0.3027  |  -0.230289  |  -0.026145  |  NaN  |  0.3144  |  10.58  |  NaN
  67  |  -0.30705  |  -0.227832  |  -0.0263985  |  NaN  |  0.3477  |  10.63  |  NaN
  68  |  -0.315395  |  -0.226875  |  -0.0267317  |  NaN  |  0.3902  |  10.8  |  NaN
  69  |  -0.32401  |  -0.226884  |  -0.0270667  |  NaN  |  0.4281  |  10.97  |  NaN
  70  |  -0.330584  |  -0.227153  |  -0.0273152  |  NaN  |  0.4553  |  11.1  |  NaN
  71  |  -0.334441  |  -0.22832  |  -0.0274456  |  NaN  |  0.4648  |  11.19  |  NaN
  72  |  -0.335722  |  -0.229355  |  -0.0274042  |  NaN  |  0.4638  |  11.25  |  NaN
  73  |  -0.333849  |  -0.230596  |  -0.0271749  |  NaN  |  0.4478  |  11.29  |  NaN
  74  |  -0.328756  |  -0.231063  |  -0.026765  |  NaN  |  0.4228  |  11.28  |  NaN
  75  |  -0.32131  |  -0.231473  |  -0.0262229  |  NaN  |  0.3881  |  11.25  |  NaN
  76  |  -0.313214  |  -0.231198  |  -0.0255456  |  NaN  |  0.3547  |  11.26  |  NaN
  77  |  -0.305145  |  -0.230469  |  -0.024821  |  NaN  |  0.324  |  11.29  |  NaN
  78  |  -0.297901  |  -0.229712  |  -0.0241328  |  NaN  |  0.2968  |  11.34  |  NaN
  79  |  -0.294419  |  -0.228872  |  -0.0235121  |  NaN  |  0.2864  |  11.52  |  NaN
  80  |  -0.292429  |  -0.227151  |  -0.0230513  |  NaN  |  0.2874  |  11.69  |  NaN
  81  |  -0.293168  |  -0.225774  |  -0.0227807  |  NaN  |  0.2985  |  11.87  |  NaN
  82  |  -0.296807  |  -0.225845  |  -0.0227102  |  NaN  |  0.3142  |  12.07  |  NaN
  83  |  -0.304263  |  -0.22791  |  -0.0227875  |  NaN  |  0.335  |  12.35  |  NaN
  84  |  -0.311123  |  -0.227397  |  -0.0229896  |  NaN  |  0.3682  |  12.53  |  NaN
  85  |  -0.318807  |  -0.227879  |  -0.0233121  |  NaN  |  0.399  |  12.68  |  NaN
  86  |  -0.326881  |  -0.228307  |  -0.0236286  |  NaN  |  0.4318  |  12.83  |  NaN
  87  |  -0.334367  |  -0.229355  |  -0.0239544  |  NaN  |  0.4579  |  12.96  |  NaN
  88  |  -0.340803  |  -0.230428  |  -0.0242274  |  NaN  |  0.479  |  13.07  |  NaN
  89  |  -0.345881  |  -0.229862  |  -0.0243629  |  NaN  |  0.5047  |  13.2  |  NaN
  90  |  -0.34732  |  -0.229333  |  -0.0244174  |  NaN  |  0.5145  |  13.22  |  NaN
  91  |  -0.347186  |  -0.227565  |  -0.0243093  |  NaN  |  0.5257  |  13.28  |  NaN
  92  |  -0.344658  |  -0.22458  |  -0.0240538  |  NaN  |  0.5347  |  13.33  |  NaN
  93  |  -0.340522  |  -0.221167  |  -0.023667  |  NaN  |  0.5397  |  13.39  |  NaN
  94  |  -0.336633  |  -0.218101  |  -0.0232105  |  NaN  |  0.5435  |  13.5  |  NaN
  95  |  -0.333288  |  -0.216745  |  -0.0227083  |  NaN  |  0.5377  |  13.68  |  NaN
  96  |  -0.331008  |  -0.215499  |  -0.0222339  |  NaN  |  0.536  |  13.89  |  NaN
  97  |  -0.329843  |  -0.214999  |  -0.0218154  |  NaN  |  0.5342  |  14.12  |  NaN
  98  |  -0.329478  |  -0.215078  |  -0.0215172  |  NaN  |  0.5319  |  14.31  |  NaN
  99  |  -0.330305  |  -0.214145  |  -0.0213798  |  NaN  |  0.5424  |  14.45  |  NaN
  100  |  -0.332449  |  -0.213397  |  -0.021456  |  NaN  |  0.5579  |  14.49  |  NaN
  101  |  -0.336763  |  -0.213644  |  -0.0217359  |  NaN  |  0.5763  |  14.49  |  NaN
  102  |  -0.344042  |  -0.21518  |  -0.0221742  |  NaN  |  0.5989  |  14.52  |  NaN
  103  |  -0.352148  |  -0.217045  |  -0.0227347  |  NaN  |  0.6225  |  14.49  |  NaN
  104  |  -0.360656  |  -0.219429  |  -0.0233261  |  NaN  |  0.6436  |  14.46  |  NaN
  105  |  -0.369002  |  -0.22186  |  -0.023911  |  NaN  |  0.6632  |  14.43  |  NaN
  106  |  -0.37665  |  -0.224771  |  -0.0243909  |  NaN  |  0.6757  |  14.44  |  NaN
  107  |  -0.383142  |  -0.227809  |  -0.0247037  |  NaN  |  0.6819  |  14.51  |  NaN
  108  |  -0.387963  |  -0.230609  |  -0.0247911  |  NaN  |  0.6823  |  14.65  |  NaN
  109  |  -0.390426  |  -0.233144  |  -0.0246283  |  NaN  |  0.6746  |  14.85  |  NaN
  110  |  -0.390337  |  -0.234393  |  -0.0242458  |  NaN  |  0.6653  |  15.1  |  NaN
  111  |  -0.387353  |  -0.234284  |  -0.0236786  |  NaN  |  0.6533  |  15.36  |  NaN
  112  |  -0.382882  |  -0.231651  |  -0.0231494  |  NaN  |  0.6528  |  15.54  |  NaN
  113  |  -0.376368  |  -0.226672  |  -0.0226869  |  NaN  |  0.6604  |  15.59  |  NaN
  114  |  -0.37183  |  -0.222554  |  -0.022421  |  NaN  |  0.6707  |  15.58  |  NaN
  115  |  -0.37145  |  -0.220528  |  -0.0224138  |  NaN  |  0.6844  |  15.57  |  NaN
  116  |  -0.374396  |  -0.219765  |  -0.0227153  |  NaN  |  0.7036  |  15.48  |  NaN
  117  |  -0.380297  |  -0.221244  |  -0.0232075  |  NaN  |  0.7189  |  15.39  |  NaN
  118  |  -0.387156  |  -0.223414  |  -0.0238301  |  NaN  |  0.7329  |  15.25  |  NaN
  119  |  -0.394837  |  -0.226402  |  -0.0244772  |  NaN  |  0.744  |  15.13  |  NaN
  120  |  -0.402217  |  -0.229464  |  -0.0250658  |  NaN  |  0.7529  |  15.05  |  NaN
  121  |  -0.409133  |  -0.232233  |  -0.0255811  |  NaN  |  0.7617  |  14.99  |  NaN
  122  |  -0.415317  |  -0.234632  |  -0.0259193  |  NaN  |  0.7701  |  15.02  |  NaN
  123  |  -0.42015  |  -0.236823  |  -0.026173  |  NaN  |  0.7741  |  15.05  |  NaN
  124  |  -0.424253  |  -0.238546  |  -0.0263033  |  NaN  |  0.7785  |  15.13  |  NaN
  125  |  -0.427073  |  -0.239525  |  -0.0263083  |  NaN  |  0.783  |  15.23  |  NaN
  126  |  -0.428684  |  -0.239839  |  -0.0261652  |  NaN  |  0.7874  |  15.38  |  NaN
  127  |  -0.428839  |  -0.238651  |  -0.0260696  |  NaN  |  0.7969  |  15.45  |  NaN
  128  |  -0.427227  |  -0.236941  |  -0.0259717  |  NaN  |  0.8031  |  15.45  |  NaN
  129  |  -0.424987  |  -0.234224  |  -0.0259314  |  NaN  |  0.8144  |  15.39  |  NaN
  130  |  -0.42431  |  -0.232227  |  -0.0259952  |  NaN  |  0.8271  |  15.32  |  NaN
  131  |  -0.425934  |  -0.231993  |  -0.0261619  |  NaN  |  0.836  |  15.28  |  NaN
  132  |  -0.429001  |  -0.232918  |  -0.0264085  |  NaN  |  0.8419  |  15.24  |  NaN
  133  |  -0.43216  |  -0.234206  |  -0.0266316  |  NaN  |  0.8452  |  15.23  |  NaN
  134  |  -0.434722  |  -0.235148  |  -0.0267779  |  NaN  |  0.8487  |  15.23  |  NaN
  135  |  -0.436553  |  -0.235487  |  -0.0268708  |  NaN  |  0.8538  |  15.25  |  NaN
  136  |  -0.438026  |  -0.235565  |  -0.0269399  |  NaN  |  0.8595  |  15.26  |  NaN
  137  |  -0.439328  |  -0.235839  |  -0.0270068  |  NaN  |  0.8628  |  15.27  |  NaN
  138  |  -0.440985  |  -0.236559  |  -0.0271052  |  NaN  |  0.8642  |  15.27  |  NaN
  139  |  -0.443236  |  -0.237725  |  -0.0272359  |  NaN  |  0.8645  |  15.27  |  NaN
  140  |  -0.446001  |  -0.239234  |  -0.0273955  |  NaN  |  0.8643  |  15.28  |  NaN
  141  |  -0.449236  |  -0.240442  |  -0.0275548  |  NaN  |  0.8684  |  15.3  |  NaN
  142  |  -0.450941  |  -0.240923  |  -0.0276182  |  NaN  |  0.8717  |  15.33  |  NaN
  143  |  -0.452033  |  -0.24038  |  -0.0276991  |  NaN  |  0.8805  |  15.32  |  NaN
  144  |  -0.451514  |  -0.23886  |  -0.0277361  |  NaN  |  0.8903  |  15.28  |  NaN
  145  |  -0.450303  |  -0.237277  |  -0.0276953  |  NaN  |  0.8978  |  15.26  |  NaN
  146  |  -0.448217  |  -0.235618  |  -0.0275688  |  NaN  |  0.9023  |  15.26  |  NaN
  147  |  -0.44673  |  -0.234883  |  -0.0274538  |  NaN  |  0.9019  |  15.27  |  NaN
  148  |  -0.443402  |  -0.233705  |  -0.0273139  |  NaN  |  0.8973  |  15.23  |  NaN
  149  |  -0.439269  |  -0.232488  |  -0.0271303  |  NaN  |  0.8894  |  15.19  |  NaN
  150  |  -0.435608  |  -0.231515  |  -0.0269461  |  NaN  |  0.8816  |  15.17  |  NaN
  151  |  -0.432499  |  -0.23071  |  -0.026808  |  NaN  |  0.8746  |  15.13  |  NaN
  152  |  -0.430353  |  -0.230142  |  -0.0267181  |  NaN  |  0.8699  |  15.11  |  NaN
  153  |  -0.429454  |  -0.229961  |  -0.0267191  |  NaN  |  0.8675  |  15.07  |  NaN
  154  |  -0.429794  |  -0.230879  |  -0.0268028  |  NaN  |  0.8616  |  15.04  |  NaN
  155  |  -0.432078  |  -0.232712  |  -0.0268703  |  NaN  |  0.8567  |  15.08  |  NaN
  156  |  -0.435492  |  -0.234194  |  -0.026912  |  NaN  |  0.8595  |  15.18  |  NaN
  157  |  -0.438636  |  -0.235234  |  -0.0270148  |  NaN  |  0.8647  |  15.24  |  NaN
  158  |  -0.441349  |  -0.23598  |  -0.0270988  |  NaN  |  0.8703  |  15.29  |  NaN
  159  |  -0.442894  |  -0.236278  |  -0.0271646  |  NaN  |  0.8745  |  15.3  |  NaN
  160  |  -0.442014  |  -0.235107  |  -0.0271234  |  NaN  |  0.8801  |  15.3  |  NaN
  161  |  -0.438499  |  -0.232163  |  -0.0269658  |  NaN  |  0.8888  |  15.26  |  NaN
  162  |  -0.433757  |  -0.228305  |  -0.0267698  |  NaN  |  0.8999  |  15.2  |  NaN
  163  |  -0.428754  |  -0.224481  |  -0.0265778  |  NaN  |  0.91  |  15.13  |  NaN
  164  |  -0.423962  |  -0.221315  |  -0.0264105  |  NaN  |  0.9157  |  15.05  |  NaN
  165  |  -0.419704  |  -0.218844  |  -0.026266  |  NaN  |  0.9178  |  14.98  |  NaN
  166  |  -0.416329  |  -0.217167  |  -0.0261369  |  NaN  |  0.9171  |  14.93  |  NaN
  167  |  -0.414197  |  -0.21657  |  -0.0260335  |  NaN  |  0.9125  |  14.91  |  NaN
  168  |  -0.413064  |  -0.216612  |  -0.0260025  |  NaN  |  0.9069  |  14.89  |  NaN
  169  |  -0.41322  |  -0.217055  |  -0.0260285  |  NaN  |  0.9038  |  14.88  |  NaN
  170  |  -0.415187  |  -0.218293  |  -0.0261018  |  NaN  |  0.902  |  14.91  |  NaN
  171  |  -0.418489  |  -0.220998  |  -0.026223  |  NaN  |  0.8936  |  14.96  |  NaN
  172  |  -0.422319  |  -0.224424  |  -0.02632  |  NaN  |  0.8818  |  15.05  |  NaN
  173  |  -0.42543  |  -0.227571  |  -0.0264134  |  NaN  |  0.8694  |  15.11  |  NaN
  174  |  -0.425752  |  -0.228532  |  -0.0264277  |  NaN  |  0.863  |  15.11  |  NaN
  175  |  -0.424701  |  -0.226695  |  -0.0262647  |  NaN  |  0.8735  |  15.17  |  NaN
  176  |  -0.421894  |  -0.224048  |  -0.0261008  |  NaN  |  0.8831  |  15.16  |  NaN
  177  |  -0.4184  |  -0.221043  |  -0.0259483  |  NaN  |  0.8928  |  15.12  |  NaN
  178  |  -0.415175  |  -0.218259  |  -0.0258575  |  NaN  |  0.9022  |  15.06  |  NaN
  179  |  -0.412707  |  -0.215932  |  -0.0258322  |  NaN  |  0.9113  |  14.98  |  NaN
  180  |  -0.411249  |  -0.214261  |  -0.0258402  |  NaN  |  0.9194  |  14.92  |  NaN
  181  |  -0.410595  |  -0.213415  |  -0.0258563  |  NaN  |  0.9239  |  14.88  |  NaN
  182  |  -0.409852  |  -0.213081  |  -0.0258388  |  NaN  |  0.9235  |  14.86  |  NaN
  183  |  -0.408943  |  -0.213106  |  -0.0257838  |  NaN  |  0.919  |  14.86  |  NaN
  184  |  -0.407871  |  -0.213345  |  -0.0257009  |  NaN  |  0.9118  |  14.87  |  NaN
  185  |  -0.406682  |  -0.21367  |  -0.0256065  |  NaN  |  0.9033  |  14.88  |  NaN
  186  |  -0.405609  |  -0.21396  |  -0.0255274  |  NaN  |  0.8957  |  14.89  |  NaN
  187  |  -0.405107  |  -0.214334  |  -0.0254889  |  NaN  |  0.8901  |  14.89  |  NaN
  188  |  -0.405665  |  -0.21518  |  -0.0255157  |  NaN  |  0.8852  |  14.9  |  NaN
  189  |  -0.407335  |  -0.216544  |  -0.0256105  |  NaN  |  0.8811  |  14.9  |  NaN
  190  |  -0.409359  |  -0.21772  |  -0.0257329  |  NaN  |  0.8802  |  14.91  |  NaN
  191  |  -0.41088  |  -0.217969  |  -0.0258462  |  NaN  |  0.885  |  14.9  |  NaN
  192  |  -0.411737  |  -0.217308  |  -0.0259389  |  NaN  |  0.8947  |  14.87  |  NaN
  193  |  -0.412308  |  -0.216227  |  -0.0260239  |  NaN  |  0.9068  |  14.84  |  NaN
  194  |  -0.412904  |  -0.215129  |  -0.0261121  |  NaN  |  0.9193  |  14.81  |  NaN
  195  |  -0.413574  |  -0.214198  |  -0.0261946  |  NaN  |  0.9308  |  14.79  |  NaN
  196  |  -0.414199  |  -0.213495  |  -0.0262546  |  NaN  |  0.9401  |  14.78  |  NaN
  197  |  -0.414575  |  -0.21304  |  -0.0262788  |  NaN  |  0.946  |  14.78  |  NaN
  198  |  -0.414509  |  -0.212841  |  -0.0262534  |  NaN  |  0.9475  |  14.79  |  NaN
  199  |  -0.413927  |  -0.212876  |  -0.0261745  |  NaN  |  0.9445  |  14.81  |  NaN
  200  |  -0.412844  |  -0.213108  |  -0.0260528  |  NaN  |  0.9373  |  14.85  |  NaN
  201  |  -0.411423  |  -0.213474  |  -0.0259049  |  NaN  |  0.9273  |  14.88  |  NaN
  202  |  -0.409881  |  -0.213898  |  -0.0257512  |  NaN  |  0.9162  |  14.92  |  NaN
  203  |  -0.408477  |  -0.214298  |  -0.0256159  |  NaN  |  0.9061  |  14.95  |  NaN
  204  |  -0.407399  |  -0.214619  |  -0.0255155  |  NaN  |  0.8982  |  14.97  |  NaN
  205  |  -0.406777  |  -0.214814  |  -0.0254594  |  NaN  |  0.8936  |  14.98  |  NaN
  206  |  -0.406622  |  -0.214861  |  -0.0254506  |  NaN  |  0.8925  |  14.98  |  NaN
  207  |  -0.406884  |  -0.214754  |  -0.0254836  |  NaN  |  0.8947  |  14.97  |  NaN
  208  |  -0.407479  |  -0.214496  |  -0.0255494  |  NaN  |  0.8997  |  14.95  |  NaN
  209  |  -0.408305  |  -0.214113  |  -0.0256375  |  NaN  |  0.907  |  14.93  |  NaN
  210  |  -0.409292  |  -0.213642  |  -0.0257415  |  NaN  |  0.9158  |  14.9  |  NaN
  211  |  -0.410344  |  -0.213142  |  -0.0258509  |  NaN  |  0.9252  |  14.87  |  NaN
  212  |  -0.411395  |  -0.212678  |  -0.0259541  |  NaN  |  0.9344  |  14.85  |  NaN
  213  |  -0.412326  |  -0.212316  |  -0.0260429  |  NaN  |  0.942  |  14.83  |  NaN
  214  |  -0.41303  |  -0.212092  |  -0.0261037  |  NaN  |  0.9474  |  14.82  |  NaN
  215  |  -0.413392  |  -0.212035  |  -0.0261276  |  NaN  |  0.9496  |  14.82  |  NaN
  216  |  -0.413331  |  -0.212144  |  -0.0261089  |  NaN  |  0.9483  |  14.83  |  NaN
  217  |  -0.412812  |  -0.212387  |  -0.0260484  |  NaN  |  0.9437  |  14.85  |  NaN
  218  |  -0.411863  |  -0.212723  |  -0.0259506  |  NaN  |  0.9361  |  14.87  |  NaN
  219  |  -0.410564  |  -0.213104  |  -0.0258277  |  NaN  |  0.9266  |  14.9  |  NaN
  220  |  -0.409068  |  -0.213481  |  -0.0256922  |  NaN  |  0.9162  |  14.92  |  NaN
  221  |  -0.407551  |  -0.213809  |  -0.0255619  |  NaN  |  0.9061  |  14.94  |  NaN
  222  |  -0.406176  |  -0.214064  |  -0.0254503  |  NaN  |  0.8974  |  14.96  |  NaN
  223  |  -0.405108  |  -0.214226  |  -0.0253714  |  NaN  |  0.891  |  14.97  |  NaN
  224  |  -0.40447  |  -0.214285  |  -0.0253344  |  NaN  |  0.8875  |  14.97  |  NaN
  225  |  -0.404341  |  -0.214245  |  -0.0253419  |  NaN  |  0.8873  |  14.96  |  NaN
  226  |  -0.404736  |  -0.214117  |  -0.0253932  |  NaN  |  0.8903  |  14.94  |  NaN
  227  |  -0.405595  |  -0.213924  |  -0.0254824  |  NaN  |  0.896  |  14.92  |  NaN
  228  |  -0.406816  |  -0.213701  |  -0.0255984  |  NaN  |  0.9037  |  14.89  |  NaN
  229  |  -0.408248  |  -0.213483  |  -0.0257251  |  NaN  |  0.9123  |  14.87  |  NaN
  230  |  -0.409705  |  -0.213314  |  -0.0258476  |  NaN  |  0.9207  |  14.85  |  NaN
  231  |  -0.410989  |  -0.213228  |  -0.0259494  |  NaN  |  0.9275  |  14.84  |  NaN
  232  |  -0.411928  |  -0.213252  |  -0.0260156  |  NaN  |  0.9316  |  14.83  |  NaN
  233  |  -0.412365  |  -0.213387  |  -0.0260365  |  NaN  |  0.9325  |  14.84  |  NaN
  234  |  -0.412206  |  -0.21363  |  -0.0260052  |  NaN  |  0.9295  |  14.85  |  NaN
  235  |  -0.411433  |  -0.21395  |  -0.0259256  |  NaN  |  0.923  |  14.87  |  NaN
  236  |  -0.4101  |  -0.214311  |  -0.0258027  |  NaN  |  0.9136  |  14.89  |  NaN
  237  |  -0.408349  |  -0.214678  |  -0.0256524  |  NaN  |  0.9021  |  14.92  |  NaN
  238  |  -0.406382  |  -0.215011  |  -0.0254903  |  NaN  |  0.8901  |  14.94  |  NaN
  239  |  -0.404428  |  -0.215286  |  -0.0253368  |  NaN  |  0.8786  |  14.96  |  NaN
  240  |  -0.402724  |  -0.215484  |  -0.0252087  |  NaN  |  0.8689  |  14.98  |  NaN
  241  |  -0.401443  |  -0.215595  |  -0.0251205  |  NaN  |  0.862  |  14.98  |  NaN
  242  |  -0.400722  |  -0.215622  |  -0.0250788  |  NaN  |  0.8584  |  14.98  |  NaN
  243  |  -0.400609  |  -0.215572  |  -0.0250868  |  NaN  |  0.8584  |  14.97  |  NaN
  244  |  -0.401063  |  -0.215462  |  -0.0251397  |  NaN  |  0.8614  |  14.95  |  NaN
  245  |  -0.402006  |  -0.215313  |  -0.0252276  |  NaN  |  0.8671  |  14.94  |  NaN
  246  |  -0.403266  |  -0.215152  |  -0.0253377  |  NaN  |  0.8743  |  14.92  |  NaN
  247  |  -0.404671  |  -0.215011  |  -0.0254537  |  NaN  |  0.8821  |  14.9  |  NaN
  248  |  -0.406018  |  -0.214916  |  -0.0255606  |  NaN  |  0.8892  |  14.88  |  NaN
  249  |  -0.407126  |  -0.214893  |  -0.0256434  |  NaN  |  0.8945  |  14.88  |  NaN
  250  |  -0.407813  |  -0.214954  |  -0.025688  |  NaN  |  0.8972  |  14.88  |  NaN
  251  |  -0.407957  |  -0.215101  |  -0.0256876  |  NaN  |  0.8966  |  14.88  |  NaN
  252  |  -0.407497  |  -0.215321  |  -0.0256396  |  NaN  |  0.8925  |  14.89  |  NaN
  253  |  -0.406457  |  -0.215578  |  -0.0255481  |  NaN  |  0.8854  |  14.91  |  NaN
  254  |  -0.404915  |  -0.21585  |  -0.0254221  |  NaN  |  0.8759  |  14.93  |  NaN
  255  |  -0.403047  |  -0.216104  |  -0.0252757  |  NaN  |  0.8651  |  14.95  |  NaN
  256  |  -0.401057  |  -0.216318  |  -0.0251256  |  NaN  |  0.854  |  14.96  |  NaN
  257  |  -0.399183  |  -0.216476  |  -0.0249892  |  NaN  |  0.844  |  14.97  |  NaN
  258  |  -0.397615  |  -0.216582  |  -0.0248811  |  NaN  |  0.8359  |  14.98  |  NaN
  259  |  -0.396537  |  -0.21663  |  -0.0248119  |  NaN  |  0.8305  |  14.98  |  NaN
  260  |  -0.396037  |  -0.216627  |  -0.0247876  |  NaN  |  0.8282  |  14.98  |  NaN
  261  |  -0.396136  |  -0.216586  |  -0.0248081  |  NaN  |  0.829  |  14.97  |  NaN
  262  |  -0.39679  |  -0.216516  |  -0.024868  |  NaN  |  0.8326  |  14.96  |  NaN
  263  |  -0.397864  |  -0.216441  |  -0.0249571  |  NaN  |  0.8382  |  14.94  |  NaN
  264  |  -0.399187  |  -0.216374  |  -0.0250631  |  NaN  |  0.8449  |  14.93  |  NaN
  265  |  -0.400593  |  -0.216332  |  -0.0251696  |  NaN  |  0.8518  |  14.92  |  NaN
  266  |  -0.401879  |  -0.21633  |  -0.0252634  |  NaN  |  0.8577  |  14.91  |  NaN
  267  |  -0.402857  |  -0.21637  |  -0.0253321  |  NaN  |  0.8619  |  14.9  |  NaN
  268  |  -0.403366  |  -0.216462  |  -0.025365  |  NaN  |  0.8634  |  14.9  |  NaN
  269  |  -0.403326  |  -0.216584  |  -0.0253571  |  NaN  |  0.8622  |  14.91  |  NaN
  270  |  -0.402724  |  -0.216727  |  -0.0253084  |  NaN  |  0.8582  |  14.91  |  NaN
  271  |  -0.401596  |  -0.216877  |  -0.0252231  |  NaN  |  0.8517  |  14.92  |  NaN
  272  |  -0.400058  |  -0.217007  |  -0.0251121  |  NaN  |  0.8435  |  14.93  |  NaN
  273  |  -0.398272  |  -0.217122  |  -0.0249876  |  NaN  |  0.8343  |  14.94  |  NaN
  274  |  -0.396471  |  -0.2172  |  -0.0248635  |  NaN  |  0.8254  |  14.95  |  NaN
  275  |  -0.394854  |  -0.217254  |  -0.0247548  |  NaN  |  0.8175  |  14.95  |  NaN
  276  |  -0.393594  |  -0.217282  |  -0.0246726  |  NaN  |  0.8114  |  14.95  |  NaN
  277  |  -0.392829  |  -0.217291  |  -0.0246262  |  NaN  |  0.8078  |  14.95  |  NaN
  278  |  -0.392614  |  -0.217294  |  -0.0246192  |  NaN  |  0.8068  |  14.95  |  NaN
  279  |  -0.39295  |  -0.217295  |  -0.0246489  |  NaN  |  0.8084  |  14.94  |  NaN
  280  |  -0.393746  |  -0.217303  |  -0.0247102  |  NaN  |  0.812  |  14.93  |  NaN
  281  |  -0.394876  |  -0.217323  |  -0.0247928  |  NaN  |  0.817  |  14.93  |  NaN
  282  |  -0.39618  |  -0.217351  |  -0.0248858  |  NaN  |  0.8228  |  14.92  |  NaN
  283  |  -0.397451  |  -0.217396  |  -0.0249753  |  NaN  |  0.8282  |  14.91  |  NaN
  284  |  -0.398539  |  -0.21745  |  -0.0250518  |  NaN  |  0.8328  |  14.91  |  NaN
  285  |  -0.399285  |  -0.217521  |  -0.0251042  |  NaN  |  0.8356  |  14.91  |  NaN
  286  |  -0.399592  |  -0.217595  |  -0.0251259  |  NaN  |  0.8364  |  14.9  |  NaN
  287  |  -0.3994  |  -0.217662  |  -0.0251141  |  NaN  |  0.835  |  14.9  |  NaN
  288  |  -0.398722  |  -0.217704  |  -0.0250702  |  NaN  |  0.8315  |  14.9  |  NaN
  289  |  -0.397619  |  -0.217735  |  -0.0250004  |  NaN  |  0.8262  |  14.9  |  NaN
  290  |  -0.39623  |  -0.217741  |  -0.0249122  |  NaN  |  0.8197  |  14.91  |  NaN
  291  |  -0.394716  |  -0.217721  |  -0.0248171  |  NaN  |  0.8129  |  14.91  |  NaN
  292  |  -0.393266  |  -0.217681  |  -0.0247267  |  NaN  |  0.8066  |  14.9  |  NaN
  293  |  -0.392038  |  -0.217648  |  -0.0246522  |  NaN  |  0.8012  |  14.9  |  NaN
  294  |  -0.391204  |  -0.217618  |  -0.0246019  |  NaN  |  0.7977  |  14.9  |  NaN
  295  |  -0.390835  |  -0.217616  |  -0.0245817  |  NaN  |  0.796  |  14.9  |  NaN
  296  |  -0.390965  |  -0.217646  |  -0.0245917  |  NaN  |  0.7963  |  14.9  |  NaN
  297  |  -0.391568  |  -0.217695  |  -0.0246315  |  NaN  |  0.7987  |  14.9  |  NaN
  298  |  -0.39255  |  -0.217773  |  -0.024694  |  NaN  |  0.8026  |  14.9  |  NaN
  299  |  -0.393766  |  -0.217874  |  -0.0247708  |  NaN  |  0.8073  |  14.9  |  NaN
  300  |  -0.395065  |  -0.217976  |  -0.0248533  |  NaN  |  0.8124  |  14.9  |  NaN
  301  |  -0.396274  |  -0.218087  |  -0.0249297  |  NaN  |  0.817  |  14.9  |  NaN
  302  |  -0.397243  |  -0.218183  |  -0.0249924  |  NaN  |  0.8207  |  14.89  |  NaN
  303  |  -0.397866  |  -0.218244  |  -0.0250355  |  NaN  |  0.823  |  14.89  |  NaN
  304  |  -0.398076  |  -0.218266  |  -0.0250541  |  NaN  |  0.8238  |  14.89  |  NaN
  305  |  -0.397843  |  -0.218242  |  -0.0250485  |  NaN  |  0.8229  |  14.88  |  NaN
  306  |  -0.397229  |  -0.218166  |  -0.0250215  |  NaN  |  0.8208  |  14.88  |  NaN
  307  |  -0.396301  |  -0.218051  |  -0.0249764  |  NaN  |  0.8175  |  14.87  |  NaN
  308  |  -0.395185  |  -0.217905  |  -0.0249208  |  NaN  |  0.8136  |  14.86  |  NaN
  309  |  -0.394051  |  -0.217737  |  -0.0248632  |  NaN  |  0.8098  |  14.85  |  NaN
  310  |  -0.393032  |  -0.217578  |  -0.0248116  |  NaN  |  0.8064  |  14.84  |  NaN
  311  |  -0.392275  |  -0.217445  |  -0.0247726  |  NaN  |  0.804  |  14.84  |  NaN
  312  |  -0.391885  |  -0.217355  |  -0.0247533  |  NaN  |  0.803  |  14.83  |  NaN
  313  |  -0.39191  |  -0.217328  |  -0.0247559  |  NaN  |  0.8033  |  14.83  |  NaN
  314  |  -0.392357  |  -0.21737  |  -0.0247788  |  NaN  |  0.805  |  14.83  |  NaN
  315  |  -0.393166  |  -0.217471  |  -0.0248185  |  NaN  |  0.8079  |  14.84  |  NaN
  316  |  -0.394221  |  -0.217634  |  -0.0248711  |  NaN  |  0.8114  |  14.85  |  NaN
  317  |  -0.395404  |  -0.217829  |  -0.0249295  |  NaN  |  0.8152  |  14.86  |  NaN
  318  |  -0.396562  |  -0.218032  |  -0.0249872  |  NaN  |  0.8188  |  14.87  |  NaN
  319  |  -0.397585  |  -0.218213  |  -0.0250386  |  NaN  |  0.822  |  14.88  |  NaN
  320  |  -0.398321  |  -0.218355  |  -0.0250776  |  NaN  |  0.8242  |  14.88  |  NaN
  321  |  -0.398711  |  -0.218423  |  -0.0251029  |  NaN  |  0.8254  |  14.88  |  NaN
  322  |  -0.39872  |  -0.218417  |  -0.0251123  |  NaN  |  0.8255  |  14.88  |  NaN
  323  |  -0.398365  |  -0.21832  |  -0.0251063  |  NaN  |  0.8247  |  14.87  |  NaN
  324  |  -0.397708  |  -0.218129  |  -0.0250893  |  NaN  |  0.8233  |  14.85  |  NaN
  325  |  -0.396863  |  -0.217854  |  -0.025065  |  NaN  |  0.8217  |  14.83  |  NaN
  326  |  -0.39594  |  -0.217539  |  -0.0250391  |  NaN  |  0.8201  |  14.81  |  NaN
  327  |  -0.395107  |  -0.21721  |  -0.025018  |  NaN  |  0.819  |  14.79  |  NaN
  328  |  -0.394475  |  -0.216911  |  -0.0250043  |  NaN  |  0.8186  |  14.78  |  NaN
  329  |  -0.394166  |  -0.216664  |  -0.0250026  |  NaN  |  0.8193  |  14.77  |  NaN
  330  |  -0.394232  |  -0.216512  |  -0.0250135  |  NaN  |  0.8208  |  14.76  |  NaN
  331  |  -0.39468  |  -0.216468  |  -0.0250376  |  NaN  |  0.8233  |  14.76  |  NaN
  332  |  -0.395466  |  -0.21654  |  -0.0250708  |  NaN  |  0.8263  |  14.77  |  NaN
  333  |  -0.396496  |  -0.216729  |  -0.0251072  |  NaN  |  0.8295  |  14.79  |  NaN
  334  |  -0.397653  |  -0.216996  |  -0.0251462  |  NaN  |  0.8325  |  14.81  |  NaN
  335  |  -0.39878  |  -0.217319  |  -0.0251799  |  NaN  |  0.835  |  14.84  |  NaN
  336  |  -0.39977  |  -0.217647  |  -0.0252061  |  NaN  |  0.8368  |  14.86  |  NaN
  337  |  -0.400506  |  -0.217921  |  -0.0252248  |  NaN  |  0.8378  |  14.88  |  NaN
  338  |  -0.400925  |  -0.21812  |  -0.0252347  |  NaN  |  0.8381  |  14.89  |  NaN
  339  |  -0.400977  |  -0.218202  |  -0.0252362  |  NaN  |  0.8376  |  14.89  |  NaN
  340  |  -0.400689  |  -0.218133  |  -0.0252328  |  NaN  |  0.8369  |  14.88  |  NaN
  341  |  -0.400109  |  -0.21792  |  -0.025228  |  NaN  |  0.836  |  14.86  |  NaN
  342  |  -0.399359  |  -0.217555  |  -0.0252257  |  NaN  |  0.8357  |  14.83  |  NaN
  343  |  -0.398593  |  -0.217073  |  -0.0252319  |  NaN  |  0.8362  |  14.8  |  NaN
  344  |  -0.397899  |  -0.216536  |  -0.0252468  |  NaN  |  0.8376  |  14.76  |  NaN
  345  |  -0.397424  |  -0.215978  |  -0.0252726  |  NaN  |  0.8401  |  14.73  |  NaN
  346  |  -0.397246  |  -0.215492  |  -0.0253087  |  NaN  |  0.8434  |  14.7  |  NaN
  347  |  -0.397456  |  -0.215115  |  -0.0253534  |  NaN  |  0.8476  |  14.68  |  NaN
  348  |  -0.398049  |  -0.2149  |  -0.0254035  |  NaN  |  0.8523  |  14.67  |  NaN
  349  |  -0.398949  |  -0.214887  |  -0.0254497  |  NaN  |  0.8565  |  14.68  |  NaN
  350  |  -0.400086  |  -0.215055  |  -0.0254889  |  NaN  |  0.8604  |  14.7  |  NaN
  351  |  -0.401296  |  -0.215423  |  -0.0255122  |  NaN  |  0.8628  |  14.73  |  NaN
  352  |  -0.402428  |  -0.215903  |  -0.0255207  |  NaN  |  0.8639  |  14.77  |  NaN
  353  |  -0.403352  |  -0.216462  |  -0.0255108  |  NaN  |  0.8634  |  14.81  |  NaN
  354  |  -0.403943  |  -0.217034  |  -0.0254828  |  NaN  |  0.8612  |  14.85  |  NaN
  355  |  -0.404128  |  -0.217522  |  -0.0254429  |  NaN  |  0.8579  |  14.88  |  NaN
  356  |  -0.403881  |  -0.217878  |  -0.0253959  |  NaN  |  0.8537  |  14.9  |  NaN
  357  |  -0.403249  |  -0.218035  |  -0.025349  |  NaN  |  0.8495  |  14.91  |  NaN
  358  |  -0.402321  |  -0.217972  |  -0.0253116  |  NaN  |  0.8457  |  14.89  |  NaN
  359  |  -0.401224  |  -0.217656  |  -0.0252882  |  NaN  |  0.8434  |  14.87  |  NaN
  360  |  -0.400087  |  -0.217124  |  -0.0252861  |  NaN  |  0.8427  |  14.82  |  NaN

Relative history differences (L2 norm):
  Bernoulli vs Laplace(∇u):  0.45934064238348726
  Bernoulli vs Laplace(λ):   0.9318260202998769
  Bernoulli vs KJ:           NaN
  Laplace(∇u) vs Laplace(λ): 0.877740336199738
