Requested shedding root at |r/R| >= 0.1
  shedding1 root midpoint r/R = 0.1239835140705626
  shedding2 root midpoint r/R = -0.1239835140705626

Begin rotor hover pressure comparison (360 steps)...
	step 0/359 at time 0.0
┌ Warning: fmm! called but either sources or targets are empty; foregoing calculation
└ @ FastMultipole ~/Dropbox/research/projects/FastMultipole/src/fmm.jl:1300
		PressureLaplace(material_derivative)[step=1]: rebuild=false, panels=7288, CG iters=722, solved=true
		ForceMonitor[i_system=1, step=1]:
			CF = (-0.1281, 2.074e-7, -2.187e-7)
			CM = (0.007491, -5.557e-9, -6.67e-8)
		PressureLaplace(lamb_vector)[step=1]: rebuild=false, panels=7288, CG iters=767, solved=true
		ForceMonitor[i_system=1, step=1]:
			CF = (-0.02143, 1.374e-10, 3.053e-9)
			CM = (0.0005805, 6.051e-11, -1.548e-9)
		ForceMonitor[i_system=1, step=1]:
			CF = (-0.2817, -2.14e-7, 3.839e-8)
			CM = (0.06707, 4.243e-10, 2.319e-9)
	step 1/359 at time 0.0002777777777777778
		PressureLaplace(material_derivative)[step=2]: rebuild=false, panels=7288, CG iters=721, solved=true
		ForceMonitor[i_system=1, step=2]:
			CF = (-0.1284, 2.316e-7, -2.414e-7)
			CM = (0.008423, -6.568e-9, -7.091e-8)
		PressureLaplace(lamb_vector)[step=2]: rebuild=false, panels=7288, CG iters=765, solved=true
		ForceMonitor[i_system=1, step=2]:
			CF = (-0.02543, 5.949e-11, 4.511e-9)
			CM = (0.0006003, 7.791e-11, -1.39e-9)
		ForceMonitor[i_system=1, step=2]:
			CF = (-0.3171, -2.53e-7, 4.663e-8)
			CM = (0.08775, 5.132e-10, 2.746e-9)
	step 2/359 at time 0.0005555555555555556
		PressureLaplace(material_derivative)[step=3]: rebuild=false, panels=7288, CG iters=723, solved=true
		ForceMonitor[i_system=1, step=3]:
			CF = (-0.1242, 3.157e-7, -3.624e-7)
			CM = (0.00928, -8.156e-9, -1.426e-7)
		PressureLaplace(lamb_vector)[step=3]: rebuild=false, panels=7288, CG iters=763, solved=true
		ForceMonitor[i_system=1, step=3]:
			CF = (-0.02947, 1.589e-10, 6.156e-9)
			CM = (0.0005524, 8.023e-11, -4.118e-10)
		ForceMonitor[i_system=1, step=3]:
			CF = (-0.3372, -3.876e-7, 7.417e-8)
			CM = (0.1099, 8.12e-10, 4.218e-9)
	step 3/359 at time 0.0008333333333333334
		PressureLaplace(material_derivative)[step=4]: rebuild=false, panels=7288, CG iters=723, solved=true
		ForceMonitor[i_system=1, step=4]:
			CF = (-0.1241, 4.483e-7, -3.199e-7)
			CM = (0.009533, -1.918e-8, -1.505e-7)
		PressureLaplace(lamb_vector)[step=4]: rebuild=false, panels=7288, CG iters=763, solved=true
		ForceMonitor[i_system=1, step=4]:
			CF = (-0.03056, -2.963e-8, 3.962e-8)
			CM = (0.0005507, 8.03e-10, 3.28e-9)
		ForceMonitor[i_system=1, step=4]:
			CF = (-0.3409, 9.07e-6, 1.922e-6)
			CM = (0.1157, -1.445e-8, -1.946e-7)
	step 4/359 at time 0.0011111111111111111
		PressureLaplace(material_derivative)[step=5]: rebuild=false, panels=7288, CG iters=724, solved=true
		ForceMonitor[i_system=1, step=5]:
			CF = (-0.1248, 9.372e-7, 3.894e-7)
			CM = (0.009592, -4.937e-8, 4.07e-8)
		PressureLaplace(lamb_vector)[step=5]: rebuild=false, panels=7288, CG iters=763, solved=true
		ForceMonitor[i_system=1, step=5]:
			CF = (-0.03073, -9.336e-8, 1.887e-7)
			CM = (0.0005547, 2.856e-9, 1.717e-8)
		ForceMonitor[i_system=1, step=5]:
			CF = (-0.3405, 3.776e-5, 1.68e-5)
			CM = (0.1165, 1.011e-8, -5.154e-7)
	step 5/359 at time 0.001388888888888889
		PressureLaplace(material_derivative)[step=6]: rebuild=false, panels=7288, CG iters=725, solved=true
		ForceMonitor[i_system=1, step=6]:
			CF = (-0.1255, 9.597e-7, 1.808e-6)
			CM = (0.009595, -6.957e-8, 3.632e-7)
		PressureLaplace(lamb_vector)[step=6]: rebuild=false, panels=7288, CG iters=762, solved=true
		ForceMonitor[i_system=1, step=6]:
			CF = (-0.03067, -1.129e-7, 3.574e-7)
			CM = (0.0005594, 1.118e-8, 4.1e-8)
		ForceMonitor[i_system=1, step=6]:
			CF = (-0.3391, 5.776e-5, 4.217e-5)
			CM = (0.116, 9.688e-8, -5.131e-7)
	step 6/359 at time 0.0016666666666666668
		PressureLaplace(material_derivative)[step=7]: rebuild=false, panels=7288, CG iters=725, solved=true
		ForceMonitor[i_system=1, step=7]:
			CF = (-0.1261, -6.418e-8, 1.391e-6)
			CM = (0.009584, -9.747e-8, -2.343e-7)
		PressureLaplace(lamb_vector)[step=7]: rebuild=false, panels=7288, CG iters=762, solved=true
		ForceMonitor[i_system=1, step=7]:
			CF = (-0.03057, -5.352e-8, 1.998e-7)
			CM = (0.0005635, 2.435e-8, 1.151e-7)
		ForceMonitor[i_system=1, step=7]:
			CF = (-0.3374, 9.281e-6, 3.67e-5)
			CM = (0.1152, 3.499e-8, -8.367e-8)
	step 7/359 at time 0.0019444444444444444
		PressureLaplace(material_derivative)[step=8]: rebuild=false, panels=7288, CG iters=725, solved=true
		ForceMonitor[i_system=1, step=8]:
			CF = (-0.1265, -3.06e-7, 3.966e-6)
			CM = (0.009571, -1.498e-7, 9.15e-8)
		PressureLaplace(lamb_vector)[step=8]: rebuild=false, panels=7288, CG iters=762, solved=true
		ForceMonitor[i_system=1, step=8]:
			CF = (-0.03047, -1.024e-7, 4.388e-7)
			CM = (0.0005668, 4.543e-8, 2.175e-7)
		ForceMonitor[i_system=1, step=8]:
			CF = (-0.3357, 2.676e-5, 8.597e-5)
			CM = (0.1146, 1.376e-7, 5.036e-7)
	step 8/359 at time 0.0022222222222222222
		PressureLaplace(material_derivative)[step=9]: rebuild=false, panels=7288, CG iters=725, solved=true
		ForceMonitor[i_system=1, step=9]:
			CF = (-0.1269, -5.031e-6, 7.506e-6)
			CM = (0.009558, -3.321e-8, 7.702e-7)
		PressureLaplace(lamb_vector)[step=9]: rebuild=false, panels=7288, CG iters=761, solved=true
		ForceMonitor[i_system=1, step=9]:
			CF = (-0.03039, 1.254e-7, 5.032e-7)
			CM = (0.0005695, 6.892e-8, 3.51e-7)
		ForceMonitor[i_system=1, step=9]:
			CF = (-0.334, -0.0002353, 0.0001457)
			CM = (0.114, 1.05e-6, 5.395e-6)
	step 9/359 at time 0.0025
		PressureLaplace(material_derivative)[step=10]: rebuild=false, panels=7288, CG iters=725, solved=true
		ForceMonitor[i_system=1, step=10]:
			CF = (-0.1272, -3.56e-6, 9.048e-6)
			CM = (0.009548, -2.337e-7, -8.297e-8)
		PressureLaplace(lamb_vector)[step=10]: rebuild=false, panels=7288, CG iters=760, solved=true
		ForceMonitor[i_system=1, step=10]:
			CF = (-0.03032, 4.747e-9, 4.251e-7)
			CM = (0.0005716, 1.02e-7, 5.428e-7)
		ForceMonitor[i_system=1, step=10]:
			CF = (-0.332, -0.0001697, 0.0001849)
			CM = (0.1136, 6.535e-7, 5.156e-6)
	step 10/359 at time 0.002777777777777778
		PressureLaplace(material_derivative)[step=11]: rebuild=false, panels=7288, CG iters=725, solved=true
		ForceMonitor[i_system=1, step=11]:
			CF = (-0.1274, -6.746e-6, 1.328e-5)
			CM = (0.009541, -1.584e-7, 5.733e-7)
		PressureLaplace(lamb_vector)[step=11]: rebuild=false, panels=7288, CG iters=759, solved=true
		ForceMonitor[i_system=1, step=11]:
			CF = (-0.03026, 1.831e-7, 4.915e-7)
			CM = (0.0005734, 1.219e-7, 6.911e-7)
		ForceMonitor[i_system=1, step=11]:
			CF = (-0.3299, -0.0004328, 0.0002704)
			CM = (0.1132, 1.663e-6, 1.111e-5)
	step 11/359 at time 0.0030555555555555557
		PressureLaplace(material_derivative)[step=12]: rebuild=false, panels=7288, CG iters=727, solved=true
		ForceMonitor[i_system=1, step=12]:
			CF = (-0.1278, -1.093e-5, 1.245e-5)
			CM = (0.009539, -1.433e-7, -9.165e-7)
		PressureLaplace(lamb_vector)[step=12]: rebuild=false, panels=7288, CG iters=756, solved=true
		ForceMonitor[i_system=1, step=12]:
			CF = (-0.0302, 5.344e-7, -1.975e-7)
			CM = (0.0005752, 1.453e-7, 8.711e-7)
		ForceMonitor[i_system=1, step=12]:
			CF = (-0.3277, -0.0008113, 0.000297)
			CM = (0.1128, 2.213e-6, 1.755e-5)
	step 12/359 at time 0.0033333333333333335
		PressureLaplace(material_derivative)[step=13]: rebuild=false, panels=7288, CG iters=727, solved=true
		ForceMonitor[i_system=1, step=13]:
			CF = (-0.1284, -8.503e-6, 1.358e-5)
			CM = (0.009547, 2.858e-8, 2.053e-7)
		PressureLaplace(lamb_vector)[step=13]: rebuild=false, panels=7288, CG iters=755, solved=true
		ForceMonitor[i_system=1, step=13]:
			CF = (-0.03013, 2.435e-7, 4.253e-7)
			CM = (0.0005779, 1.07e-7, 8.398e-7)
		ForceMonitor[i_system=1, step=13]:
			CF = (-0.3257, -0.0008682, 0.0003707)
			CM = (0.1125, 2.942e-6, 2.118e-5)
	step 13/359 at time 0.003611111111111111
		PressureLaplace(material_derivative)[step=14]: rebuild=false, panels=7288, CG iters=728, solved=true
		ForceMonitor[i_system=1, step=14]:
			CF = (-0.1294, -5.453e-6, 6.467e-6)
			CM = (0.009568, -1.133e-6, -3.682e-6)
		PressureLaplace(lamb_vector)[step=14]: rebuild=false, panels=7288, CG iters=752, solved=true
		ForceMonitor[i_system=1, step=14]:
			CF = (-0.03005, 1.286e-6, -8.138e-7)
			CM = (0.0005822, 1.304e-7, 8.992e-7)
		ForceMonitor[i_system=1, step=14]:
			CF = (-0.3242, -0.0003178, 0.0002159)
			CM = (0.1121, -3.346e-6, 1.849e-5)
	step 14/359 at time 0.0038888888888888888
		PressureLaplace(material_derivative)[step=15]: rebuild=false, panels=7288, CG iters=729, solved=true
		ForceMonitor[i_system=1, step=15]:
			CF = (-0.1309, 5.33e-6, 3.263e-6)
			CM = (0.009601, -2.658e-6, -2.544e-6)
		PressureLaplace(lamb_vector)[step=15]: rebuild=false, panels=7288, CG iters=752, solved=true
		ForceMonitor[i_system=1, step=15]:
			CF = (-0.02994, 2.528e-6, -2.973e-8)
			CM = (0.0005883, 1.365e-7, 7.032e-7)
		ForceMonitor[i_system=1, step=15]:
			CF = (-0.323, 0.001059, 7.83e-5)
			CM = (0.1116, -1.101e-5, 5.398e-6)
	step 15/359 at time 0.004166666666666667
		PressureLaplace(material_derivative)[step=16]: rebuild=false, panels=7288, CG iters=729, solved=true
		ForceMonitor[i_system=1, step=16]:
			CF = (-0.1329, 1.473e-5, -8.808e-6)
			CM = (0.009648, -3.376e-6, -1.939e-6)
		PressureLaplace(lamb_vector)[step=16]: rebuild=false, panels=7288, CG iters=752, solved=true
		ForceMonitor[i_system=1, step=16]:
			CF = (-0.02978, 3.093e-6, 4.884e-7)
			CM = (0.0005971, 9.681e-8, 2.707e-7)
		ForceMonitor[i_system=1, step=16]:
			CF = (-0.3221, 0.002176, -0.0002912)
			CM = (0.1109, -1.573e-5, -1.906e-5)
	step 16/359 at time 0.0044444444444444444
		PressureLaplace(material_derivative)[step=17]: rebuild=false, panels=7288, CG iters=729, solved=true
		ForceMonitor[i_system=1, step=17]:
			CF = (-0.1354, 1.425e-5, -1.502e-5)
			CM = (0.009699, -3.085e-6, -6.113e-6)
		PressureLaplace(lamb_vector)[step=17]: rebuild=false, panels=7288, CG iters=751, solved=true
		ForceMonitor[i_system=1, step=17]:
			CF = (-0.02957, 2.715e-6, 1.858e-6)
			CM = (0.0006087, 1.035e-7, 4.479e-7)
		ForceMonitor[i_system=1, step=17]:
			CF = (-0.321, 0.001918, -0.0001964)
			CM = (0.1098, -1.4e-5, -2.104e-5)
	step 17/359 at time 0.004722222222222222
		PressureLaplace(material_derivative)[step=18]: rebuild=false, panels=7288, CG iters=729, solved=true
		ForceMonitor[i_system=1, step=18]:
			CF = (-0.1381, 1.057e-5, -2.765e-5)
			CM = (0.009735, -2.806e-6, -1.307e-5)
		PressureLaplace(lamb_vector)[step=18]: rebuild=false, panels=7288, CG iters=751, solved=true
		ForceMonitor[i_system=1, step=18]:
			CF = (-0.02929, 2.749e-6, 9.403e-7)
			CM = (0.0006224, 6.145e-8, 5.094e-7)
		ForceMonitor[i_system=1, step=18]:
			CF = (-0.3192, 0.001488, -0.0003329)
			CM = (0.1083, -1.403e-5, -2.24e-5)
	step 18/359 at time 0.005
		PressureLaplace(material_derivative)[step=19]: rebuild=false, panels=7288, CG iters=730, solved=true
		ForceMonitor[i_system=1, step=19]:
			CF = (-0.1407, 1.004e-5, -2.115e-5)
			CM = (0.009742, -2.737e-6, -1.304e-5)
		PressureLaplace(lamb_vector)[step=19]: rebuild=false, panels=7288, CG iters=750, solved=true
		ForceMonitor[i_system=1, step=19]:
			CF = (-0.02894, 2.604e-6, 2.525e-6)
			CM = (0.0006365, 1.025e-7, 7.907e-7)
		ForceMonitor[i_system=1, step=19]:
			CF = (-0.3162, 0.001296, -0.0001333)
			CM = (0.1062, -1.289e-5, -1.975e-5)
	step 19/359 at time 0.005277777777777778
		PressureLaplace(material_derivative)[step=20]: rebuild=false, panels=7288, CG iters=730, solved=true
		ForceMonitor[i_system=1, step=20]:
			CF = (-0.1432, 2.67e-6, -1.046e-5)
			CM = (0.009719, -1.616e-6, -4.158e-6)
		PressureLaplace(lamb_vector)[step=20]: rebuild=false, panels=7288, CG iters=749, solved=true
		ForceMonitor[i_system=1, step=20]:
			CF = (-0.02851, 2.408e-6, 4.176e-6)
			CM = (0.0006513, -5.779e-8, 1.397e-8)
		ForceMonitor[i_system=1, step=20]:
			CF = (-0.3127, 0.0007578, -5.893e-5)
			CM = (0.1036, -7.156e-6, -1.334e-5)
	step 20/359 at time 0.005555555555555556
		PressureLaplace(material_derivative)[step=21]: rebuild=false, panels=7288, CG iters=730, solved=true
		ForceMonitor[i_system=1, step=21]:
			CF = (-0.1452, -9.036e-8, -8.633e-6)
			CM = (0.009663, -1.408e-6, -5.722e-6)
		PressureLaplace(lamb_vector)[step=21]: rebuild=false, panels=7288, CG iters=749, solved=true
		ForceMonitor[i_system=1, step=21]:
			CF = (-0.02804, 2.334e-6, 3.264e-6)
			CM = (0.0006647, -6.09e-8, -8.308e-8)
		ForceMonitor[i_system=1, step=21]:
			CF = (-0.3095, 0.0005041, -6.319e-6)
			CM = (0.1009, -5.135e-6, -1.365e-5)
	step 21/359 at time 0.005833333333333334
		PressureLaplace(material_derivative)[step=22]: rebuild=false, panels=7288, CG iters=730, solved=true
		ForceMonitor[i_system=1, step=22]:
			CF = (-0.1464, -8.394e-6, -3.323e-6)
			CM = (0.009595, -1.735e-7, 2.089e-6)
		PressureLaplace(lamb_vector)[step=22]: rebuild=false, panels=7288, CG iters=749, solved=true
		ForceMonitor[i_system=1, step=22]:
			CF = (-0.02765, 2.113e-6, 3.032e-6)
			CM = (0.0006739, -1.555e-7, -1.386e-6)
		ForceMonitor[i_system=1, step=22]:
			CF = (-0.3067, -0.0001249, 7.04e-5)
			CM = (0.09857, 7.298e-7, -7.714e-6)
	step 22/359 at time 0.006111111111111111
		PressureLaplace(material_derivative)[step=23]: rebuild=false, panels=7288, CG iters=730, solved=true
		ForceMonitor[i_system=1, step=23]:
			CF = (-0.1471, -1.697e-5, 2.546e-5)
			CM = (0.00953, 4.751e-7, 7.755e-6)
		PressureLaplace(lamb_vector)[step=23]: rebuild=false, panels=7288, CG iters=752, solved=true
		ForceMonitor[i_system=1, step=23]:
			CF = (-0.02734, 1.182e-6, 2.486e-6)
			CM = (0.0006803, -3.409e-8, 3.28e-7)
		ForceMonitor[i_system=1, step=23]:
			CF = (-0.3042, -0.00106, 0.0004613)
			CM = (0.09671, 4.401e-6, 3.962e-5)
	step 23/359 at time 0.006388888888888889
		PressureLaplace(material_derivative)[step=24]: rebuild=false, panels=7288, CG iters=730, solved=true
		ForceMonitor[i_system=1, step=24]:
			CF = (-0.1475, -2.11e-5, 2.681e-5)
			CM = (0.009484, -7.409e-7, -1.126e-6)
		PressureLaplace(lamb_vector)[step=24]: rebuild=false, panels=7288, CG iters=755, solved=true
		ForceMonitor[i_system=1, step=24]:
			CF = (-0.02713, 1.192e-6, 1.313e-6)
			CM = (0.0006838, 1.814e-7, 3.436e-6)
		ForceMonitor[i_system=1, step=24]:
			CF = (-0.3022, -0.001336, 0.0006589)
			CM = (0.09548, 1.86e-6, 7.336e-5)
	step 24/359 at time 0.006666666666666667
		PressureLaplace(material_derivative)[step=25]: rebuild=false, panels=7288, CG iters=732, solved=true
		ForceMonitor[i_system=1, step=25]:
			CF = (-0.1477, -1.492e-5, 7.813e-6)
			CM = (0.009453, 2.108e-7, 5.054e-6)
		PressureLaplace(lamb_vector)[step=25]: rebuild=false, panels=7288, CG iters=757, solved=true
		ForceMonitor[i_system=1, step=25]:
			CF = (-0.027, 6.155e-7, 1.305e-6)
			CM = (0.0006859, -1.372e-7, 1.042e-6)
		ForceMonitor[i_system=1, step=25]:
			CF = (-0.3004, -0.0009732, 0.0003107)
			CM = (0.09466, 3.014e-6, 4.938e-5)
	step 25/359 at time 0.006944444444444444
		PressureLaplace(material_derivative)[step=26]: rebuild=false, panels=7288, CG iters=733, solved=true
		ForceMonitor[i_system=1, step=26]:
			CF = (-0.1478, -5.915e-6, -6.83e-6)
			CM = (0.009432, 2.255e-6, 1.325e-5)
		PressureLaplace(lamb_vector)[step=26]: rebuild=false, panels=7288, CG iters=761, solved=true
		ForceMonitor[i_system=1, step=26]:
			CF = (-0.02692, -1.374e-7, 3.199e-6)
			CM = (0.0006873, -4.707e-7, -3.148e-6)
		ForceMonitor[i_system=1, step=26]:
			CF = (-0.2989, -0.0007426, 0.0001318)
			CM = (0.09408, 8.901e-6, 8.514e-6)
	step 26/359 at time 0.007222222222222222
		PressureLaplace(material_derivative)[step=27]: rebuild=false, panels=7288, CG iters=733, solved=true
		ForceMonitor[i_system=1, step=27]:
			CF = (-0.1478, -1.025e-5, -1.44e-5)
			CM = (0.00942, 2.371e-6, 1.167e-5)
		PressureLaplace(lamb_vector)[step=27]: rebuild=false, panels=7288, CG iters=762, solved=true
		ForceMonitor[i_system=1, step=27]:
			CF = (-0.02688, 1.573e-7, 2.045e-6)
			CM = (0.0006877, -5.322e-7, -4.566e-6)
		ForceMonitor[i_system=1, step=27]:
			CF = (-0.2975, -0.001125, -3.577e-5)
			CM = (0.09376, 9.437e-6, -1.583e-6)
	step 27/359 at time 0.0075
		PressureLaplace(material_derivative)[step=28]: rebuild=false, panels=7288, CG iters=731, solved=true
		ForceMonitor[i_system=1, step=28]:
			CF = (-0.1478, -9.863e-6, -2.505e-5)
			CM = (0.009413, 6.113e-7, -6.006e-6)
		PressureLaplace(lamb_vector)[step=28]: rebuild=false, panels=7288, CG iters=763, solved=true
		ForceMonitor[i_system=1, step=28]:
			CF = (-0.02686, 1.965e-6, 1.138e-7)
			CM = (0.0006876, -2.834e-7, -2.163e-6)
		ForceMonitor[i_system=1, step=28]:
			CF = (-0.2962, -0.0008986, -3.705e-6)
			CM = (0.09359, 1.603e-6, 1.26e-5)
	step 28/359 at time 0.0077777777777777776
		PressureLaplace(material_derivative)[step=29]: rebuild=false, panels=7288, CG iters=693, solved=true
		ForceMonitor[i_system=1, step=29]:
			CF = (-0.1478, 9.172e-7, -3.248e-5)
			CM = (0.009412, -4.688e-7, -1.064e-5)
		PressureLaplace(lamb_vector)[step=29]: rebuild=false, panels=7288, CG iters=763, solved=true
		ForceMonitor[i_system=1, step=29]:
			CF = (-0.02686, 2.242e-6, 3.997e-7)
			CM = (0.0006875, -9.804e-8, 1.538e-7)
		ForceMonitor[i_system=1, step=29]:
			CF = (-0.2947, 3.574e-5, -3.765e-5)
			CM = (0.09352, -3.742e-6, 1.421e-5)
	step 29/359 at time 0.008055555555555555
		PressureLaplace(material_derivative)[step=30]: rebuild=false, panels=7288, CG iters=733, solved=true
		ForceMonitor[i_system=1, step=30]:
			CF = (-0.148, 1.517e-5, -4.173e-5)
			CM = (0.009419, 3.403e-8, 1.251e-6)
		PressureLaplace(lamb_vector)[step=30]: rebuild=false, panels=7288, CG iters=764, solved=true
		ForceMonitor[i_system=1, step=30]:
			CF = (-0.02686, 3.523e-6, 4.148e-6)
			CM = (0.0006879, -5.215e-7, -1.941e-6)
		ForceMonitor[i_system=1, step=30]:
			CF = (-0.2932, 0.001131, -0.0003364)
			CM = (0.09352, -3.418e-6, -1.521e-5)
	step 30/359 at time 0.008333333333333333
		PressureLaplace(material_derivative)[step=31]: rebuild=false, panels=7288, CG iters=733, solved=true
		ForceMonitor[i_system=1, step=31]:
			CF = (-0.1484, 2.318e-5, -6.804e-5)
			CM = (0.009433, 2.928e-7, -1.038e-6)
		PressureLaplace(lamb_vector)[step=31]: rebuild=false, panels=7288, CG iters=764, solved=true
		ForceMonitor[i_system=1, step=31]:
			CF = (-0.02684, 3.477e-6, 4.284e-6)
			CM = (0.0006894, -7.584e-7, -3.663e-6)
		ForceMonitor[i_system=1, step=31]:
			CF = (-0.2917, 0.001793, -0.0007158)
			CM = (0.09346, -3.614e-6, -5.6e-5)
	step 31/359 at time 0.008611111111111111
		PressureLaplace(material_derivative)[step=32]: rebuild=false, panels=7288, CG iters=733, solved=true
		ForceMonitor[i_system=1, step=32]:
			CF = (-0.1494, 3.217e-5, -7.954e-5)
			CM = (0.009454, 6.206e-7, 3.041e-7)
		PressureLaplace(lamb_vector)[step=32]: rebuild=false, panels=7288, CG iters=765, solved=true
		ForceMonitor[i_system=1, step=32]:
			CF = (-0.02678, 3.149e-6, 4.768e-6)
			CM = (0.0006933, -7.286e-7, -4.823e-6)
		ForceMonitor[i_system=1, step=32]:
			CF = (-0.2899, 0.002448, -0.0008883)
			CM = (0.09315, -3.121e-6, -9.209e-5)
	step 32/359 at time 0.008888888888888889
		PressureLaplace(material_derivative)[step=33]: rebuild=false, panels=7288, CG iters=733, solved=true
		ForceMonitor[i_system=1, step=33]:
			CF = (-0.151, 1.976e-5, -7.854e-5)
			CM = (0.009491, 1.715e-6, 8.049e-6)
		PressureLaplace(lamb_vector)[step=33]: rebuild=false, panels=7288, CG iters=767, solved=true
		ForceMonitor[i_system=1, step=33]:
			CF = (-0.02668, 3.975e-6, 4.703e-6)
			CM = (0.0007, -6.872e-7, -5.302e-6)
		ForceMonitor[i_system=1, step=33]:
			CF = (-0.2886, 0.001854, -0.001045)
			CM = (0.09272, 1.414e-6, -9.969e-5)
	step 33/359 at time 0.009166666666666667
		PressureLaplace(material_derivative)[step=34]: rebuild=false, panels=7288, CG iters=733, solved=true
		ForceMonitor[i_system=1, step=34]:
			CF = (-0.1531, 1.433e-5, -5.498e-5)
			CM = (0.009541, 1.929e-6, 1.976e-5)
		PressureLaplace(lamb_vector)[step=34]: rebuild=false, panels=7288, CG iters=767, solved=true
		ForceMonitor[i_system=1, step=34]:
			CF = (-0.02654, 2.201e-6, 6.837e-6)
			CM = (0.0007095, -6.342e-7, -2.849e-6)
		ForceMonitor[i_system=1, step=34]:
			CF = (-0.288, 0.001644, -0.0008589)
			CM = (0.09218, 3.394e-6, -6.59e-5)
	step 34/359 at time 0.009444444444444445
		PressureLaplace(material_derivative)[step=35]: rebuild=false, panels=7288, CG iters=733, solved=true
		ForceMonitor[i_system=1, step=35]:
			CF = (-0.1557, 1.37e-5, -3.311e-5)
			CM = (0.009587, 4.34e-6, 5.527e-5)
		PressureLaplace(lamb_vector)[step=35]: rebuild=false, panels=7288, CG iters=767, solved=true
		ForceMonitor[i_system=1, step=35]:
			CF = (-0.02632, -8.675e-7, 1.232e-5)
			CM = (0.0007217, -1.284e-6, -8.901e-6)
		ForceMonitor[i_system=1, step=35]:
			CF = (-0.2874, 0.001077, -0.0007348)
			CM = (0.09124, 1.537e-5, -9.315e-5)
	step 35/359 at time 0.009722222222222222
		PressureLaplace(material_derivative)[step=36]: rebuild=false, panels=7288, CG iters=733, solved=true
		ForceMonitor[i_system=1, step=36]:
			CF = (-0.1582, 1.786e-6, -3.847e-5)
			CM = (0.009608, 5.116e-6, 4.556e-5)
		PressureLaplace(lamb_vector)[step=36]: rebuild=false, panels=7288, CG iters=769, solved=true
		ForceMonitor[i_system=1, step=36]:
			CF = (-0.02601, -2.15e-6, 9.591e-6)
			CM = (0.0007344, -1.333e-6, -1.068e-5)
		ForceMonitor[i_system=1, step=36]:
			CF = (-0.2867, -0.0003, -0.000696)
			CM = (0.08984, 1.88e-5, -9.287e-5)
	step 36/359 at time 0.01
		PressureLaplace(material_derivative)[step=37]: rebuild=false, panels=7288, CG iters=734, solved=true
		ForceMonitor[i_system=1, step=37]:
			CF = (-0.1603, 3.091e-6, -3.329e-5)
			CM = (0.009589, 4.629e-6, 3.556e-5)
		PressureLaplace(lamb_vector)[step=37]: rebuild=false, panels=7288, CG iters=770, solved=true
		ForceMonitor[i_system=1, step=37]:
			CF = (-0.02565, -2.251e-6, 7.52e-6)
			CM = (0.0007463, -1.029e-6, -1.043e-5)
		ForceMonitor[i_system=1, step=37]:
			CF = (-0.2857, -0.0005998, -0.000414)
			CM = (0.08802, 1.705e-5, -8.219e-5)
	step 37/359 at time 0.010277777777777778
		PressureLaplace(material_derivative)[step=38]: rebuild=false, panels=7288, CG iters=734, solved=true
		ForceMonitor[i_system=1, step=38]:
			CF = (-0.1615, -1.6e-6, -3.367e-5)
			CM = (0.009522, 2.753e-6, 1.272e-5)
		PressureLaplace(lamb_vector)[step=38]: rebuild=false, panels=7288, CG iters=770, solved=true
		ForceMonitor[i_system=1, step=38]:
			CF = (-0.02526, -6.668e-7, 2.109e-6)
			CM = (0.0007556, -4.287e-7, -8.437e-6)
		ForceMonitor[i_system=1, step=38]:
			CF = (-0.284, -0.0005309, -0.0003597)
			CM = (0.08596, 9.113e-6, -6.91e-5)
	step 38/359 at time 0.010555555555555556
		PressureLaplace(material_derivative)[step=39]: rebuild=false, panels=7288, CG iters=731, solved=true
		ForceMonitor[i_system=1, step=39]:
			CF = (-0.162, -5.861e-6, -3.085e-5)
			CM = (0.00943, 1.691e-6, -5.198e-6)
		PressureLaplace(lamb_vector)[step=39]: rebuild=false, panels=7288, CG iters=770, solved=true
		ForceMonitor[i_system=1, step=39]:
			CF = (-0.02489, 4.495e-7, 8.49e-7)
			CM = (0.0007623, -7.673e-9, -6.588e-6)
		ForceMonitor[i_system=1, step=39]:
			CF = (-0.2818, -0.0005908, -0.0001995)
			CM = (0.08388, 5.611e-6, -6.058e-5)
	step 39/359 at time 0.010833333333333334
		PressureLaplace(material_derivative)[step=40]: rebuild=false, panels=7288, CG iters=734, solved=true
		ForceMonitor[i_system=1, step=40]:
			CF = (-0.1622, -1.282e-5, -7.733e-6)
			CM = (0.00933, -7.969e-7, -3.702e-7)
		PressureLaplace(lamb_vector)[step=40]: rebuild=false, panels=7288, CG iters=771, solved=true
		ForceMonitor[i_system=1, step=40]:
			CF = (-0.02455, 2.275e-6, 6.04e-7)
			CM = (0.0007676, 3.048e-7, -3.133e-6)
		ForceMonitor[i_system=1, step=40]:
			CF = (-0.2796, -0.0005252, -2.992e-5)
			CM = (0.08185, -3.274e-6, -1.439e-5)
	step 40/359 at time 0.011111111111111112
		PressureLaplace(material_derivative)[step=41]: rebuild=false, panels=7288, CG iters=734, solved=true
		ForceMonitor[i_system=1, step=41]:
			CF = (-0.1622, -2.015e-5, 1.303e-5)
			CM = (0.00925, -3.38e-6, -9.36e-7)
		PressureLaplace(lamb_vector)[step=41]: rebuild=false, panels=7288, CG iters=771, solved=true
		ForceMonitor[i_system=1, step=41]:
			CF = (-0.02429, 4.122e-6, 2.66e-6)
			CM = (0.0007716, 4.805e-7, 2.38e-6)
		ForceMonitor[i_system=1, step=41]:
			CF = (-0.2778, -0.0006898, 0.000404)
			CM = (0.08025, -9.221e-6, 5.134e-5)
	step 41/359 at time 0.01138888888888889
		PressureLaplace(material_derivative)[step=42]: rebuild=false, panels=7288, CG iters=734, solved=true
		ForceMonitor[i_system=1, step=42]:
			CF = (-0.1622, -7.925e-6, -3.23e-5)
			CM = (0.009188, -5.484e-6, -1.783e-5)
		PressureLaplace(lamb_vector)[step=42]: rebuild=false, panels=7288, CG iters=772, solved=true
		ForceMonitor[i_system=1, step=42]:
			CF = (-0.02409, 5.343e-6, 4.078e-6)
			CM = (0.0007749, 4.71e-7, 2.705e-6)
		ForceMonitor[i_system=1, step=42]:
			CF = (-0.2759, 0.0002893, 0.0001469)
			CM = (0.07895, -1.316e-5, -2.139e-6)
	step 42/359 at time 0.011666666666666667
		PressureLaplace(material_derivative)[step=43]: rebuild=false, panels=7288, CG iters=734, solved=true
		ForceMonitor[i_system=1, step=43]:
			CF = (-0.1623, -2.207e-5, -2.665e-5)
			CM = (0.009143, -3.372e-6, -1.696e-5)
		PressureLaplace(lamb_vector)[step=43]: rebuild=false, panels=7288, CG iters=772, solved=true
		ForceMonitor[i_system=1, step=43]:
			CF = (-0.02395, 4.415e-6, 6.399e-7)
			CM = (0.0007775, 2.362e-7, 1.695e-6)
		ForceMonitor[i_system=1, step=43]:
			CF = (-0.2742, -0.001363, 0.0001372)
			CM = (0.07793, -7.328e-6, 1.969e-5)
	step 43/359 at time 0.011944444444444445
		PressureLaplace(material_derivative)[step=44]: rebuild=false, panels=7288, CG iters=734, solved=true
		ForceMonitor[i_system=1, step=44]:
			CF = (-0.1625, -1.783e-5, -6.373e-5)
			CM = (0.009119, -3.57e-6, -3.787e-5)
		PressureLaplace(lamb_vector)[step=44]: rebuild=false, panels=7288, CG iters=772, solved=true
		ForceMonitor[i_system=1, step=44]:
			CF = (-0.02385, 4.253e-6, -3.833e-6)
			CM = (0.0007795, 4.517e-7, 2.641e-6)
		ForceMonitor[i_system=1, step=44]:
			CF = (-0.2728, -0.0009281, -0.0002667)
			CM = (0.07722, -1.158e-5, -4.703e-6)
	step 44/359 at time 0.012222222222222223
		PressureLaplace(material_derivative)[step=45]: rebuild=false, panels=7288, CG iters=735, solved=true
		ForceMonitor[i_system=1, step=45]:
			CF = (-0.1626, 4.144e-5, -0.0002374)
			CM = (0.009112, -1.948e-5, -0.0001493)
		PressureLaplace(lamb_vector)[step=45]: rebuild=false, panels=7288, CG iters=772, solved=true
		ForceMonitor[i_system=1, step=45]:
			CF = (-0.02383, 8.184e-6, -1.199e-5)
			CM = (0.0007805, 2.564e-6, 1.388e-5)
		ForceMonitor[i_system=1, step=45]:
			CF = (-0.2713, 0.007285, -0.001882)
			CM = (0.07688, -6.461e-5, -0.0002011)
	step 45/359 at time 0.0125
		PressureLaplace(material_derivative)[step=46]: rebuild=false, panels=7288, CG iters=735, solved=true
		ForceMonitor[i_system=1, step=46]:
			CF = (-0.1628, 1.596e-5, -0.0001566)
			CM = (0.009119, -1.916e-5, -0.0001234)
		PressureLaplace(lamb_vector)[step=46]: rebuild=false, panels=7288, CG iters=772, solved=true
		ForceMonitor[i_system=1, step=46]:
			CF = (-0.02384, 5.283e-6, -1.444e-5)
			CM = (0.0007803, 2.976e-6, 1.986e-5)
		ForceMonitor[i_system=1, step=46]:
			CF = (-0.2703, 0.00539, -0.001268)
			CM = (0.07685, -6.271e-5, -8.648e-5)
	step 46/359 at time 0.012777777777777779
		PressureLaplace(material_derivative)[step=47]: rebuild=false, panels=7288, CG iters=735, solved=true
		ForceMonitor[i_system=1, step=47]:
			CF = (-0.163, 2.557e-5, -0.0001312)
			CM = (0.009139, -1.524e-5, -7.481e-5)
		PressureLaplace(lamb_vector)[step=47]: rebuild=false, panels=7288, CG iters=772, solved=true
		ForceMonitor[i_system=1, step=47]:
			CF = (-0.0239, 2.921e-6, -9.232e-6)
			CM = (0.0007798, 2.1e-6, 1.584e-5)
		ForceMonitor[i_system=1, step=47]:
			CF = (-0.27, 0.005616, -0.001489)
			CM = (0.07708, -5.171e-5, -9.211e-5)
	step 47/359 at time 0.013055555555555556
		PressureLaplace(material_derivative)[step=48]: rebuild=false, panels=7288, CG iters=735, solved=true
		ForceMonitor[i_system=1, step=48]:
			CF = (-0.1633, 3.687e-5, -0.0001177)
			CM = (0.00917, -1.126e-5, -6.163e-5)
		PressureLaplace(lamb_vector)[step=48]: rebuild=false, panels=7288, CG iters=772, solved=true
		ForceMonitor[i_system=1, step=48]:
			CF = (-0.02397, -3.834e-7, -5.861e-6)
			CM = (0.0007797, 1.446e-6, 1.223e-5)
		ForceMonitor[i_system=1, step=48]:
			CF = (-0.2699, 0.005343, -0.001301)
			CM = (0.07748, -3.886e-5, -9.043e-5)
	step 48/359 at time 0.013333333333333334
		PressureLaplace(material_derivative)[step=49]: rebuild=false, panels=7288, CG iters=735, solved=true
		ForceMonitor[i_system=1, step=49]:
			CF = (-0.1636, 3.19e-5, -0.0001137)
			CM = (0.009203, -8.17e-6, -5.587e-5)
		PressureLaplace(lamb_vector)[step=49]: rebuild=false, panels=7288, CG iters=772, solved=true
		ForceMonitor[i_system=1, step=49]:
			CF = (-0.02404, 1.178e-6, -7.178e-6)
			CM = (0.0007802, 8.314e-7, 8.837e-6)
		ForceMonitor[i_system=1, step=49]:
			CF = (-0.2703, 0.004676, -0.001448)
			CM = (0.07791, -3.099e-5, -8.186e-5)
	step 49/359 at time 0.01361111111111111
		PressureLaplace(material_derivative)[step=50]: rebuild=false, panels=7288, CG iters=735, solved=true
		ForceMonitor[i_system=1, step=50]:
			CF = (-0.1642, 2.225e-5, -7.801e-5)
			CM = (0.009237, -1.218e-6, -1.873e-5)
		PressureLaplace(lamb_vector)[step=50]: rebuild=false, panels=7288, CG iters=772, solved=true
		ForceMonitor[i_system=1, step=50]:
			CF = (-0.02407, -5.348e-7, -2.675e-6)
			CM = (0.000782, -1.255e-7, 3.122e-6)
		ForceMonitor[i_system=1, step=50]:
			CF = (-0.2707, 0.002589, -0.001204)
			CM = (0.07823, -7.453e-6, -6.261e-5)
	step 50/359 at time 0.013888888888888888
		PressureLaplace(material_derivative)[step=51]: rebuild=false, panels=7288, CG iters=734, solved=true
		ForceMonitor[i_system=1, step=51]:
			CF = (-0.165, -7.297e-6, -4.951e-5)
			CM = (0.009274, 7.319e-6, 7.077e-6)
		PressureLaplace(lamb_vector)[step=51]: rebuild=false, panels=7288, CG iters=772, solved=true
		ForceMonitor[i_system=1, step=51]:
			CF = (-0.02406, -3.886e-6, 6.3e-6)
			CM = (0.0007856, -9.608e-7, -2.673e-6)
		ForceMonitor[i_system=1, step=51]:
			CF = (-0.2715, -0.001581, -0.0002898)
			CM = (0.07837, 2.998e-5, -3.607e-5)
	step 51/359 at time 0.014166666666666666
		PressureLaplace(material_derivative)[step=52]: rebuild=false, panels=7288, CG iters=734, solved=true
		ForceMonitor[i_system=1, step=52]:
			CF = (-0.1663, -1.792e-5, -4.847e-5)
			CM = (0.009313, 1.067e-5, 1.585e-5)
		PressureLaplace(lamb_vector)[step=52]: rebuild=false, panels=7288, CG iters=772, solved=true
		ForceMonitor[i_system=1, step=52]:
			CF = (-0.02399, -3.959e-6, 2.701e-6)
			CM = (0.0007922, -1.49e-6, -7.681e-6)
		ForceMonitor[i_system=1, step=52]:
			CF = (-0.2724, -0.00303, -0.0003657)
			CM = (0.07823, 3.897e-5, -3.104e-5)
	step 52/359 at time 0.014444444444444444
		PressureLaplace(material_derivative)[step=53]: rebuild=false, panels=7288, CG iters=734, solved=true
		ForceMonitor[i_system=1, step=53]:
			CF = (-0.1679, 3.215e-6, -5.347e-5)
			CM = (0.009337, 1.227e-5, 4.404e-5)
		PressureLaplace(lamb_vector)[step=53]: rebuild=false, panels=7288, CG iters=772, solved=true
		ForceMonitor[i_system=1, step=53]:
			CF = (-0.02382, -1.203e-6, 1.556e-6)
			CM = (0.0008012, -2.222e-6, -1.427e-5)
		ForceMonitor[i_system=1, step=53]:
			CF = (-0.2732, -0.001358, -0.001042)
			CM = (0.07769, 3.951e-5, -8.545e-5)
	step 53/359 at time 0.014722222222222222
		PressureLaplace(material_derivative)[step=54]: rebuild=false, panels=7288, CG iters=734, solved=true
		ForceMonitor[i_system=1, step=54]:
			CF = (-0.1693, 1.675e-5, -3.767e-5)
			CM = (0.009331, 1.498e-5, 8.539e-5)
		PressureLaplace(lamb_vector)[step=54]: rebuild=false, panels=7288, CG iters=772, solved=true
		ForceMonitor[i_system=1, step=54]:
			CF = (-0.02358, -8.57e-8, 2.682e-6)
			CM = (0.0008105, -2.933e-6, -2.082e-5)
		ForceMonitor[i_system=1, step=54]:
			CF = (-0.2739, -0.0004295, -0.001551)
			CM = (0.07671, 4.453e-5, -0.0001284)
	step 54/359 at time 0.015
		PressureLaplace(material_derivative)[step=55]: rebuild=false, panels=7288, CG iters=734, solved=true
		ForceMonitor[i_system=1, step=55]:
			CF = (-0.1707, 2.97e-5, -4.207e-5)
			CM = (0.009295, 1.976e-5, 0.000133)
		PressureLaplace(lamb_vector)[step=55]: rebuild=false, panels=7288, CG iters=773, solved=true
		ForceMonitor[i_system=1, step=55]:
			CF = (-0.02326, -2.057e-6, 1.101e-5)
			CM = (0.0008211, -4.048e-6, -2.927e-5)
		ForceMonitor[i_system=1, step=55]:
			CF = (-0.2742, -0.0001231, -0.001924)
			CM = (0.07521, 6.167e-5, -0.0001995)
	step 55/359 at time 0.015277777777777777
		PressureLaplace(material_derivative)[step=56]: rebuild=false, panels=7288, CG iters=734, solved=true
		ForceMonitor[i_system=1, step=56]:
			CF = (-0.1713, 4.707e-5, -4.783e-5)
			CM = (0.00921, 2.437e-5, 0.0001739)
		PressureLaplace(lamb_vector)[step=56]: rebuild=false, panels=7288, CG iters=773, solved=true
		ForceMonitor[i_system=1, step=56]:
			CF = (-0.02287, -4.913e-6, 1.928e-5)
			CM = (0.0008302, -5.465e-6, -3.911e-5)
		ForceMonitor[i_system=1, step=56]:
			CF = (-0.2738, 0.0001492, -0.002323)
			CM = (0.07324, 7.711e-5, -0.0002831)
	step 56/359 at time 0.015555555555555555
		PressureLaplace(material_derivative)[step=57]: rebuild=false, panels=7288, CG iters=735, solved=true
		ForceMonitor[i_system=1, step=57]:
			CF = (-0.1714, 9.135e-5, -0.0002077)
			CM = (0.009082, 2.974e-5, 0.0001662)
		PressureLaplace(lamb_vector)[step=57]: rebuild=false, panels=7288, CG iters=773, solved=true
		ForceMonitor[i_system=1, step=57]:
			CF = (-0.02244, -7.973e-6, 2.406e-5)
			CM = (0.0008381, -7.412e-6, -5.235e-5)
		ForceMonitor[i_system=1, step=57]:
			CF = (-0.2721, 0.00343, -0.004281)
			CM = (0.07089, 9.116e-5, -0.0005125)
	step 57/359 at time 0.015833333333333335
		PressureLaplace(material_derivative)[step=58]: rebuild=false, panels=7288, CG iters=734, solved=true
		ForceMonitor[i_system=1, step=58]:
			CF = (-0.1712, 8.036e-5, -0.0002167)
			CM = (0.008946, 3.971e-5, 0.0001923)
		PressureLaplace(lamb_vector)[step=58]: rebuild=false, panels=7288, CG iters=773, solved=true
		ForceMonitor[i_system=1, step=58]:
			CF = (-0.02199, -1.239e-5, 2.922e-5)
			CM = (0.0008446, -8.698e-6, -6.269e-5)
		ForceMonitor[i_system=1, step=58]:
			CF = (-0.27, -3.857e-5, -0.004081)
			CM = (0.06849, 0.0001237, -0.0005233)
	step 58/359 at time 0.01611111111111111
		PressureLaplace(material_derivative)[step=59]: rebuild=false, panels=7288, CG iters=733, solved=true
		ForceMonitor[i_system=1, step=59]:
			CF = (-0.1703, 5.689e-5, -0.0002006)
			CM = (0.008802, 4.067e-5, 0.0001655)
		PressureLaplace(lamb_vector)[step=59]: rebuild=false, panels=7288, CG iters=773, solved=true
		ForceMonitor[i_system=1, step=59]:
			CF = (-0.02157, -1.579e-5, 2.327e-5)
			CM = (0.0008476, -8.092e-6, -6.374e-5)
		ForceMonitor[i_system=1, step=59]:
			CF = (-0.2672, -0.002327, -0.003509)
			CM = (0.06628, 0.0001348, -0.0005272)
	step 59/359 at time 0.01638888888888889
		PressureLaplace(material_derivative)[step=60]: rebuild=false, panels=7288, CG iters=729, solved=true
		ForceMonitor[i_system=1, step=60]:
			CF = (-0.1701, 4.076e-5, -0.0001344)
			CM = (0.0087, 4.142e-5, 0.0001893)
		PressureLaplace(lamb_vector)[step=60]: rebuild=false, panels=7288, CG iters=773, solved=true
		ForceMonitor[i_system=1, step=60]:
			CF = (-0.02122, -1.95e-5, 2.113e-5)
			CM = (0.0008505, -7.549e-6, -5.958e-5)
		ForceMonitor[i_system=1, step=60]:
			CF = (-0.2645, -0.003946, -0.002846)
			CM = (0.06446, 0.0001377, -0.0004332)
	step 60/359 at time 0.016666666666666666
		PressureLaplace(material_derivative)[step=61]: rebuild=false, panels=7288, CG iters=728, solved=true
		ForceMonitor[i_system=1, step=61]:
			CF = (-0.1703, 1.617e-5, -6.509e-5)
			CM = (0.008631, 3.702e-5, 0.0002035)
		PressureLaplace(lamb_vector)[step=61]: rebuild=false, panels=7288, CG iters=774, solved=true
		ForceMonitor[i_system=1, step=61]:
			CF = (-0.02097, -1.771e-5, 1.781e-5)
			CM = (0.0008532, -6.661e-6, -5.351e-5)
		ForceMonitor[i_system=1, step=61]:
			CF = (-0.2623, -0.005192, -0.002044)
			CM = (0.06304, 0.0001236, -0.000312)
	step 61/359 at time 0.016944444444444446
		PressureLaplace(material_derivative)[step=62]: rebuild=false, panels=7288, CG iters=734, solved=true
		ForceMonitor[i_system=1, step=62]:
			CF = (-0.1705, 1.674e-5, -2.739e-5)
			CM = (0.008592, 2.932e-5, 0.0002107)
		PressureLaplace(lamb_vector)[step=62]: rebuild=false, panels=7288, CG iters=775, solved=true
		ForceMonitor[i_system=1, step=62]:
			CF = (-0.02083, -1.143e-5, 1.469e-5)
			CM = (0.0008554, -5.991e-6, -4.804e-5)
		ForceMonitor[i_system=1, step=62]:
			CF = (-0.2611, -0.003724, -0.001827)
			CM = (0.06211, 9.345e-5, -0.000234)
	step 62/359 at time 0.017222222222222222
		PressureLaplace(material_derivative)[step=63]: rebuild=false, panels=7288, CG iters=735, solved=true
		ForceMonitor[i_system=1, step=63]:
			CF = (-0.1707, 3.251e-5, -2.77e-5)
			CM = (0.008577, 2.509e-5, 0.0002166)
		PressureLaplace(lamb_vector)[step=63]: rebuild=false, panels=7288, CG iters=775, solved=true
		ForceMonitor[i_system=1, step=63]:
			CF = (-0.02082, -8.072e-6, 1.683e-5)
			CM = (0.0008567, -5.515e-6, -4.448e-5)
		ForceMonitor[i_system=1, step=63]:
			CF = (-0.261, -0.001935, -0.001761)
			CM = (0.06178, 7.391e-5, -0.000206)
	step 63/359 at time 0.0175
		PressureLaplace(material_derivative)[step=64]: rebuild=false, panels=7288, CG iters=735, solved=true
		ForceMonitor[i_system=1, step=64]:
			CF = (-0.1706, 3.143e-5, -5.05e-5)
			CM = (0.008584, 1.977e-5, 0.0001898)
		PressureLaplace(lamb_vector)[step=64]: rebuild=false, panels=7288, CG iters=775, solved=true
		ForceMonitor[i_system=1, step=64]:
			CF = (-0.0209, -1.917e-6, 1.423e-5)
			CM = (0.0008575, -4.335e-6, -3.923e-5)
		ForceMonitor[i_system=1, step=64]:
			CF = (-0.2619, -0.001235, -0.001634)
			CM = (0.06194, 4.907e-5, -0.0001585)
	step 64/359 at time 0.017777777777777778
		PressureLaplace(material_derivative)[step=65]: rebuild=false, panels=7288, CG iters=735, solved=true
		ForceMonitor[i_system=1, step=65]:
			CF = (-0.1708, 1.46e-5, -2.457e-5)
			CM = (0.008621, 8.716e-6, 0.0001472)
		PressureLaplace(lamb_vector)[step=65]: rebuild=false, panels=7288, CG iters=775, solved=true
		ForceMonitor[i_system=1, step=65]:
			CF = (-0.02105, 8.284e-6, 1.18e-5)
			CM = (0.0008584, -1.674e-6, -2.413e-5)
		ForceMonitor[i_system=1, step=65]:
			CF = (-0.2636, -0.001104, -0.0007535)
			CM = (0.06254, 7.365e-6, -4.13e-5)
	step 65/359 at time 0.018055555555555554
		PressureLaplace(material_derivative)[step=66]: rebuild=false, panels=7288, CG iters=735, solved=true
		ForceMonitor[i_system=1, step=66]:
			CF = (-0.171, 3.805e-6, 3.299e-5)
			CM = (0.008677, -1.334e-6, 0.000118)
		PressureLaplace(lamb_vector)[step=66]: rebuild=false, panels=7288, CG iters=773, solved=true
		ForceMonitor[i_system=1, step=66]:
			CF = (-0.02125, 1.604e-5, 9.146e-6)
			CM = (0.0008581, 1.104e-6, -5.241e-6)
		ForceMonitor[i_system=1, step=66]:
			CF = (-0.2662, -0.0001896, 3.908e-5)
			CM = (0.06353, -3.169e-5, 7.642e-5)
	step 66/359 at time 0.018333333333333333
		PressureLaplace(material_derivative)[step=67]: rebuild=false, panels=7288, CG iters=735, solved=true
		ForceMonitor[i_system=1, step=67]:
			CF = (-0.1714, -2.61e-5, 5.143e-5)
			CM = (0.008756, -9.782e-6, 7.173e-5)
		PressureLaplace(lamb_vector)[step=67]: rebuild=false, panels=7288, CG iters=773, solved=true
		ForceMonitor[i_system=1, step=67]:
			CF = (-0.02146, 2.132e-5, 9.149e-6)
			CM = (0.000859, 3.257e-6, 1.259e-5)
		ForceMonitor[i_system=1, step=67]:
			CF = (-0.2694, -0.001202, 0.000985)
			CM = (0.06472, -5.769e-5, 0.0002073)
	step 67/359 at time 0.01861111111111111
		PressureLaplace(material_derivative)[step=68]: rebuild=false, panels=7288, CG iters=735, solved=true
		ForceMonitor[i_system=1, step=68]:
			CF = (-0.1716, -6.471e-5, 6.03e-5)
			CM = (0.008824, -2.28e-5, -4.459e-5)
		PressureLaplace(lamb_vector)[step=68]: rebuild=false, panels=7288, CG iters=773, solved=true
		ForceMonitor[i_system=1, step=68]:
			CF = (-0.02162, 2.615e-5, 3.26e-6)
			CM = (0.000857, 7.346e-6, 3.922e-5)
		ForceMonitor[i_system=1, step=68]:
			CF = (-0.2717, -0.003507, 0.002832)
			CM = (0.06586, -0.0001003, 0.0003994)
	step 68/359 at time 0.01888888888888889
		PressureLaplace(material_derivative)[step=69]: rebuild=false, panels=7288, CG iters=735, solved=true
		ForceMonitor[i_system=1, step=69]:
			CF = (-0.1725, -1.072e-5, 6.794e-5)
			CM = (0.008893, -4.223e-5, -0.0001276)
		PressureLaplace(lamb_vector)[step=69]: rebuild=false, panels=7288, CG iters=772, solved=true
		ForceMonitor[i_system=1, step=69]:
			CF = (-0.02172, 2.322e-5, -1.064e-5)
			CM = (0.0008586, 1.041e-5, 6.041e-5)
		ForceMonitor[i_system=1, step=69]:
			CF = (-0.2742, 0.004065, 0.002244)
			CM = (0.06664, -0.0001728, 0.0004005)
	step 69/359 at time 0.019166666666666665
		PressureLaplace(material_derivative)[step=70]: rebuild=false, panels=7288, CG iters=735, solved=true
		ForceMonitor[i_system=1, step=70]:
			CF = (-0.1737, -2.367e-5, 0.0001362)
			CM = (0.008946, -4.904e-5, -0.0001394)
		PressureLaplace(lamb_vector)[step=70]: rebuild=false, panels=7288, CG iters=772, solved=true
		ForceMonitor[i_system=1, step=70]:
			CF = (-0.0217, 1.583e-5, -1.268e-5)
			CM = (0.0008643, 1.239e-5, 7.458e-5)
		ForceMonitor[i_system=1, step=70]:
			CF = (-0.2762, 0.004716, 0.002802)
			CM = (0.0669, -0.0001846, 0.0004632)
	step 70/359 at time 0.019444444444444445
		PressureLaplace(material_derivative)[step=71]: rebuild=false, panels=7288, CG iters=735, solved=true
		ForceMonitor[i_system=1, step=71]:
			CF = (-0.1746, -2.09e-5, 0.0001685)
			CM = (0.008956, -5.72e-5, -0.0001643)
		PressureLaplace(lamb_vector)[step=71]: rebuild=false, panels=7288, CG iters=769, solved=true
		ForceMonitor[i_system=1, step=71]:
			CF = (-0.02157, 1.443e-5, -2.001e-5)
			CM = (0.0008698, 1.392e-5, 8.3e-5)
		ForceMonitor[i_system=1, step=71]:
			CF = (-0.2774, 0.006971, 0.003145)
			CM = (0.06662, -0.0002033, 0.0005099)
	step 71/359 at time 0.01972222222222222
		PressureLaplace(material_derivative)[step=72]: rebuild=false, panels=7288, CG iters=735, solved=true
		ForceMonitor[i_system=1, step=72]:
			CF = (-0.1755, -1.145e-5, 0.0001855)
			CM = (0.008938, -5.974e-5, -0.0001484)
		PressureLaplace(lamb_vector)[step=72]: rebuild=false, panels=7288, CG iters=763, solved=true
		ForceMonitor[i_system=1, step=72]:
			CF = (-0.02136, 1.056e-5, -2.324e-5)
			CM = (0.0008763, 1.369e-5, 8.619e-5)
		ForceMonitor[i_system=1, step=72]:
			CF = (-0.2777, 0.008558, 0.002961)
			CM = (0.06578, -0.0002072, 0.0005523)
	step 72/359 at time 0.02
		PressureLaplace(material_derivative)[step=73]: rebuild=false, panels=7288, CG iters=735, solved=true
		ForceMonitor[i_system=1, step=73]:
			CF = (-0.1762, -8.49e-6, 0.0001434)
			CM = (0.008888, -5.873e-5, -0.0001659)
		PressureLaplace(lamb_vector)[step=73]: rebuild=false, panels=7288, CG iters=760, solved=true
		ForceMonitor[i_system=1, step=73]:
			CF = (-0.02105, 8.136e-6, -1.825e-5)
			CM = (0.0008841, 1.293e-5, 8.934e-5)
		ForceMonitor[i_system=1, step=73]:
			CF = (-0.2775, 0.008419, 0.00279)
			CM = (0.0644, -0.0002007, 0.0005466)
	step 73/359 at time 0.020277777777777777
		PressureLaplace(material_derivative)[step=74]: rebuild=false, panels=7288, CG iters=735, solved=true
		ForceMonitor[i_system=1, step=74]:
			CF = (-0.1769, -4.099e-6, 6.604e-5)
			CM = (0.008812, -5.576e-5, -0.0002182)
		PressureLaplace(lamb_vector)[step=74]: rebuild=false, panels=7288, CG iters=758, solved=true
		ForceMonitor[i_system=1, step=74]:
			CF = (-0.02066, 1.036e-5, -1.65e-5)
			CM = (0.0008923, 1.268e-5, 9.305e-5)
		ForceMonitor[i_system=1, step=74]:
			CF = (-0.2762, 0.007984, 0.002537)
			CM = (0.06257, -0.0001958, 0.0005358)
	step 74/359 at time 0.020555555555555556
		PressureLaplace(material_derivative)[step=75]: rebuild=false, panels=7288, CG iters=736, solved=true
		ForceMonitor[i_system=1, step=75]:
			CF = (-0.1773, -4.614e-7, -4.917e-5)
			CM = (0.008711, -5.814e-5, -0.0003032)
		PressureLaplace(lamb_vector)[step=75]: rebuild=false, panels=7288, CG iters=757, solved=true
		ForceMonitor[i_system=1, step=75]:
			CF = (-0.0202, 1.792e-5, -2.037e-5)
			CM = (0.0008995, 1.369e-5, 0.0001007)
		ForceMonitor[i_system=1, step=75]:
			CF = (-0.2735, 0.009178, 0.002164)
			CM = (0.06037, -0.0002093, 0.0005194)
	step 75/359 at time 0.020833333333333332
		PressureLaplace(material_derivative)[step=76]: rebuild=false, panels=7288, CG iters=736, solved=true
		ForceMonitor[i_system=1, step=76]:
			CF = (-0.1775, -5.862e-6, -0.0001001)
			CM = (0.008593, -5.593e-5, -0.0003654)
		PressureLaplace(lamb_vector)[step=76]: rebuild=false, panels=7288, CG iters=757, solved=true
		ForceMonitor[i_system=1, step=76]:
			CF = (-0.0197, 1.851e-5, -2.616e-5)
			CM = (0.0009045, 1.496e-5, 0.0001093)
		ForceMonitor[i_system=1, step=76]:
			CF = (-0.2703, 0.008544, 0.002311)
			CM = (0.05805, -0.0002087, 0.0005721)
	step 76/359 at time 0.021111111111111112
		PressureLaplace(material_derivative)[step=77]: rebuild=false, panels=7288, CG iters=736, solved=true
		ForceMonitor[i_system=1, step=77]:
			CF = (-0.1781, -6.393e-6, -8.506e-5)
			CM = (0.008493, -4.906e-5, -0.0003446)
		PressureLaplace(lamb_vector)[step=77]: rebuild=false, panels=7288, CG iters=762, solved=true
		ForceMonitor[i_system=1, step=77]:
			CF = (-0.01922, 1.027e-5, -1.873e-5)
			CM = (0.0009106, 1.483e-5, 0.0001121)
		ForceMonitor[i_system=1, step=77]:
			CF = (-0.267, 0.007647, 0.00226)
			CM = (0.05576, -0.0001849, 0.0005846)
	step 77/359 at time 0.021388888888888888
		PressureLaplace(material_derivative)[step=78]: rebuild=false, panels=7288, CG iters=736, solved=true
		ForceMonitor[i_system=1, step=78]:
			CF = (-0.1784, -2.128e-5, -2.682e-5)
			CM = (0.008392, -4.655e-5, -0.0003269)
		PressureLaplace(lamb_vector)[step=78]: rebuild=false, panels=7288, CG iters=764, solved=true
		ForceMonitor[i_system=1, step=78]:
			CF = (-0.01878, 1.014e-5, -1.248e-5)
			CM = (0.0009148, 1.411e-5, 0.0001113)
		ForceMonitor[i_system=1, step=78]:
			CF = (-0.2641, 0.005983, 0.002893)
			CM = (0.0537, -0.0001692, 0.0006435)
	step 78/359 at time 0.021666666666666667
		PressureLaplace(material_derivative)[step=79]: rebuild=false, panels=7288, CG iters=737, solved=true
		ForceMonitor[i_system=1, step=79]:
			CF = (-0.1787, -2.173e-5, 1.718e-5)
			CM = (0.008314, -3.98e-5, -0.0002677)
		PressureLaplace(lamb_vector)[step=79]: rebuild=false, panels=7288, CG iters=767, solved=true
		ForceMonitor[i_system=1, step=79]:
			CF = (-0.01847, 8.791e-6, -7.142e-6)
			CM = (0.0009175, 1.162e-5, 0.0001)
		ForceMonitor[i_system=1, step=79]:
			CF = (-0.2619, 0.005182, 0.002471)
			CM = (0.05212, -0.0001394, 0.0006049)
	step 79/359 at time 0.021944444444444444
		PressureLaplace(material_derivative)[step=80]: rebuild=false, panels=7288, CG iters=737, solved=true
		ForceMonitor[i_system=1, step=80]:
			CF = (-0.1791, -5.552e-6, -1.648e-5)
			CM = (0.008279, -3.05e-5, -0.0002405)
		PressureLaplace(lamb_vector)[step=80]: rebuild=false, panels=7288, CG iters=771, solved=true
		ForceMonitor[i_system=1, step=80]:
			CF = (-0.0183, 6.928e-6, -9.126e-7)
			CM = (0.0009198, 7.954e-6, 8.325e-5)
		ForceMonitor[i_system=1, step=80]:
			CF = (-0.261, 0.004924, 0.001703)
			CM = (0.05118, -9.701e-5, 0.0004742)
	step 80/359 at time 0.022222222222222223
		PressureLaplace(material_derivative)[step=81]: rebuild=false, panels=7288, CG iters=737, solved=true
		ForceMonitor[i_system=1, step=81]:
			CF = (-0.1798, -1.361e-6, -8.628e-5)
			CM = (0.008275, -1.674e-5, -0.0002404)
		PressureLaplace(lamb_vector)[step=81]: rebuild=false, panels=7288, CG iters=771, solved=true
		ForceMonitor[i_system=1, step=81]:
			CF = (-0.01825, -1.565e-6, 2.285e-6)
			CM = (0.0009222, 4.489e-6, 6.381e-5)
		ForceMonitor[i_system=1, step=81]:
			CF = (-0.2611, 0.002385, 0.001088)
			CM = (0.05077, -3.9e-5, 0.0003098)
	step 81/359 at time 0.0225
		PressureLaplace(material_derivative)[step=82]: rebuild=false, panels=7288, CG iters=736, solved=true
		ForceMonitor[i_system=1, step=82]:
			CF = (-0.1806, -1.66e-6, -0.0001772)
			CM = (0.008303, -2.693e-6, -0.0002637)
		PressureLaplace(lamb_vector)[step=82]: rebuild=false, panels=7288, CG iters=769, solved=true
		ForceMonitor[i_system=1, step=82]:
			CF = (-0.01828, -9.338e-6, 5.298e-7)
			CM = (0.0009247, 1.545e-6, 4.434e-5)
		ForceMonitor[i_system=1, step=82]:
			CF = (-0.2623, -0.0005868, 0.0004911)
			CM = (0.05087, 1.584e-5, 0.0001519)
	step 82/359 at time 0.02277777777777778
		PressureLaplace(material_derivative)[step=83]: rebuild=false, panels=7288, CG iters=736, solved=true
		ForceMonitor[i_system=1, step=83]:
			CF = (-0.1813, 6.962e-7, -0.0002564)
			CM = (0.008346, 9.533e-6, -0.0002906)
		PressureLaplace(lamb_vector)[step=83]: rebuild=false, panels=7288, CG iters=765, solved=true
		ForceMonitor[i_system=1, step=83]:
			CF = (-0.01837, -1.727e-5, -6.007e-6)
			CM = (0.0009271, -6.822e-7, 2.846e-5)
		ForceMonitor[i_system=1, step=83]:
			CF = (-0.2644, -0.003376, 6.718e-5)
			CM = (0.05135, 6.008e-5, 2.595e-5)
	step 83/359 at time 0.023055555555555555
		PressureLaplace(material_derivative)[step=84]: rebuild=false, panels=7288, CG iters=736, solved=true
		ForceMonitor[i_system=1, step=84]:
			CF = (-0.1815, -1.909e-6, -0.0002817)
			CM = (0.008386, 1.921e-5, -0.0002951)
		PressureLaplace(lamb_vector)[step=84]: rebuild=false, panels=7288, CG iters=763, solved=true
		ForceMonitor[i_system=1, step=84]:
			CF = (-0.01851, -2.417e-5, -1.364e-5)
			CM = (0.0009284, -2.062e-6, 1.444e-5)
		ForceMonitor[i_system=1, step=84]:
			CF = (-0.2673, -0.005689, -7.893e-5)
			CM = (0.05212, 9.474e-5, -7.037e-5)
	step 84/359 at time 0.023333333333333334
		PressureLaplace(material_derivative)[step=85]: rebuild=false, panels=7288, CG iters=735, solved=true
		ForceMonitor[i_system=1, step=85]:
			CF = (-0.1813, 6.075e-6, -0.000265)
			CM = (0.008421, 2.792e-5, -0.0002484)
		PressureLaplace(lamb_vector)[step=85]: rebuild=false, panels=7288, CG iters=763, solved=true
		ForceMonitor[i_system=1, step=85]:
			CF = (-0.01868, -2.912e-5, -1.901e-5)
			CM = (0.0009285, -4.097e-6, -4.703e-6)
		ForceMonitor[i_system=1, step=85]:
			CF = (-0.2703, -0.00664, -0.000334)
			CM = (0.05307, 0.0001263, -0.0001678)
	step 85/359 at time 0.02361111111111111
		PressureLaplace(material_derivative)[step=86]: rebuild=false, panels=7288, CG iters=735, solved=true
		ForceMonitor[i_system=1, step=86]:
			CF = (-0.181, 2.711e-5, -0.0002866)
			CM = (0.008455, 3.365e-5, -0.0002085)
		PressureLaplace(lamb_vector)[step=86]: rebuild=false, panels=7288, CG iters=765, solved=true
		ForceMonitor[i_system=1, step=86]:
			CF = (-0.01884, -3.051e-5, -2.227e-5)
			CM = (0.0009278, -6.456e-6, -2.615e-5)
		ForceMonitor[i_system=1, step=86]:
			CF = (-0.274, -0.005769, -0.001231)
			CM = (0.05409, 0.0001475, -0.0003421)
	step 86/359 at time 0.02388888888888889
		PressureLaplace(material_derivative)[step=87]: rebuild=false, panels=7288, CG iters=735, solved=true
		ForceMonitor[i_system=1, step=87]:
			CF = (-0.1806, 2.744e-5, -0.000268)
			CM = (0.008488, 4.185e-5, -0.0001459)
		PressureLaplace(lamb_vector)[step=87]: rebuild=false, panels=7288, CG iters=767, solved=true
		ForceMonitor[i_system=1, step=87]:
			CF = (-0.01897, -2.962e-5, -1.942e-5)
			CM = (0.0009269, -8.336e-6, -4.865e-5)
		ForceMonitor[i_system=1, step=87]:
			CF = (-0.2778, -0.006727, -0.001604)
			CM = (0.05505, 0.0001794, -0.0004953)
	step 87/359 at time 0.024166666666666666
		PressureLaplace(material_derivative)[step=88]: rebuild=false, panels=7288, CG iters=734, solved=true
		ForceMonitor[i_system=1, step=88]:
			CF = (-0.1802, 1.362e-5, -0.0002135)
			CM = (0.008512, 5.024e-5, -6.602e-5)
		PressureLaplace(lamb_vector)[step=88]: rebuild=false, panels=7288, CG iters=771, solved=true
		ForceMonitor[i_system=1, step=88]:
			CF = (-0.01905, -2.758e-5, -1.59e-5)
			CM = (0.0009265, -9.622e-6, -6.89e-5)
		ForceMonitor[i_system=1, step=88]:
			CF = (-0.2809, -0.008531, -0.001652)
			CM = (0.05581, 0.000211, -0.0005881)
	step 88/359 at time 0.024444444444444446
		PressureLaplace(material_derivative)[step=89]: rebuild=false, panels=7288, CG iters=734, solved=true
		ForceMonitor[i_system=1, step=89]:
			CF = (-0.1799, 1.078e-6, -0.0001241)
			CM = (0.008526, 5.604e-5, 3.678e-5)
		PressureLaplace(lamb_vector)[step=89]: rebuild=false, panels=7288, CG iters=771, solved=true
		ForceMonitor[i_system=1, step=89]:
			CF = (-0.01906, -2.853e-5, -9.7e-6)
			CM = (0.0009271, -1.174e-5, -8.845e-5)
		ForceMonitor[i_system=1, step=89]:
			CF = (-0.2832, -0.01018, -0.001671)
			CM = (0.05626, 0.0002372, -0.000655)
	step 89/359 at time 0.024722222222222222
		PressureLaplace(material_derivative)[step=90]: rebuild=false, panels=7288, CG iters=729, solved=true
		ForceMonitor[i_system=1, step=90]:
			CF = (-0.1797, -2.658e-5, -1.585e-5)
			CM = (0.008524, 6.01e-5, 0.0001291)
		PressureLaplace(lamb_vector)[step=90]: rebuild=false, panels=7288, CG iters=770, solved=true
		ForceMonitor[i_system=1, step=90]:
			CF = (-0.019, -3.144e-5, -2.833e-6)
			CM = (0.0009291, -1.402e-5, -0.0001032)
		ForceMonitor[i_system=1, step=90]:
			CF = (-0.2847, -0.0132, -0.001292)
			CM = (0.05626, 0.00026, -0.0006846)
	step 90/359 at time 0.025
		PressureLaplace(material_derivative)[step=91]: rebuild=false, panels=7288, CG iters=724, solved=true
		ForceMonitor[i_system=1, step=91]:
			CF = (-0.1798, -4.524e-5, 3.661e-5)
			CM = (0.008504, 6.206e-5, 0.0001818)
		PressureLaplace(lamb_vector)[step=91]: rebuild=false, panels=7288, CG iters=765, solved=true
		ForceMonitor[i_system=1, step=91]:
			CF = (-0.01884, -3.783e-5, 1.92e-7)
			CM = (0.0009323, -1.592e-5, -0.0001145)
		ForceMonitor[i_system=1, step=91]:
			CF = (-0.2852, -0.0151, -0.001167)
			CM = (0.05576, 0.000273, -0.0007239)
	step 91/359 at time 0.025277777777777777
		PressureLaplace(material_derivative)[step=92]: rebuild=false, panels=7288, CG iters=722, solved=true
		ForceMonitor[i_system=1, step=92]:
			CF = (-0.1799, -6.286e-5, 3.59e-5)
			CM = (0.008458, 6.418e-5, 0.0002002)
		PressureLaplace(lamb_vector)[step=92]: rebuild=false, panels=7288, CG iters=763, solved=true
		ForceMonitor[i_system=1, step=92]:
			CF = (-0.01858, -4.349e-5, -5.763e-6)
			CM = (0.0009365, -1.676e-5, -0.0001225)
		ForceMonitor[i_system=1, step=92]:
			CF = (-0.2844, -0.01747, -0.0009963)
			CM = (0.05471, 0.0002802, -0.0007217)
	step 92/359 at time 0.025555555555555557
		PressureLaplace(material_derivative)[step=93]: rebuild=false, panels=7288, CG iters=723, solved=true
		ForceMonitor[i_system=1, step=93]:
			CF = (-0.1799, -6.029e-5, 1.021e-5)
			CM = (0.008381, 6.148e-5, 0.0001955)
		PressureLaplace(lamb_vector)[step=93]: rebuild=false, panels=7288, CG iters=762, solved=true
		ForceMonitor[i_system=1, step=93]:
			CF = (-0.01824, -4.472e-5, -1.756e-5)
			CM = (0.0009404, -1.629e-5, -0.0001268)
		ForceMonitor[i_system=1, step=93]:
			CF = (-0.2825, -0.01723, -0.001179)
			CM = (0.05317, 0.000265, -0.0007443)
	step 93/359 at time 0.025833333333333333
		PressureLaplace(material_derivative)[step=94]: rebuild=false, panels=7288, CG iters=725, solved=true
		ForceMonitor[i_system=1, step=94]:
			CF = (-0.1799, -5.378e-5, -1.847e-5)
			CM = (0.008286, 5.917e-5, 0.0001942)
		PressureLaplace(lamb_vector)[step=94]: rebuild=false, panels=7288, CG iters=760, solved=true
		ForceMonitor[i_system=1, step=94]:
			CF = (-0.01785, -4.482e-5, -2.898e-5)
			CM = (0.0009438, -1.515e-5, -0.000129)
		ForceMonitor[i_system=1, step=94]:
			CF = (-0.2798, -0.01683, -0.001294)
			CM = (0.05133, 0.0002477, -0.0007496)
	step 94/359 at time 0.026111111111111113
		PressureLaplace(material_derivative)[step=95]: rebuild=false, panels=7288, CG iters=733, solved=true
		ForceMonitor[i_system=1, step=95]:
			CF = (-0.1798, -3.326e-5, -5.745e-5)
			CM = (0.008181, 4.925e-5, 0.0001708)
		PressureLaplace(lamb_vector)[step=95]: rebuild=false, panels=7288, CG iters=760, solved=true
		ForceMonitor[i_system=1, step=95]:
			CF = (-0.01745, -3.977e-5, -3.528e-5)
			CM = (0.0009468, -1.218e-5, -0.0001233)
		ForceMonitor[i_system=1, step=95]:
			CF = (-0.2767, -0.01322, -0.001669)
			CM = (0.0494, 0.0001982, -0.0007925)
	step 95/359 at time 0.02638888888888889
		PressureLaplace(material_derivative)[step=96]: rebuild=false, panels=7288, CG iters=734, solved=true
		ForceMonitor[i_system=1, step=96]:
			CF = (-0.1797, -2.206e-5, -5.133e-5)
			CM = (0.008086, 3.937e-5, 0.0001674)
		PressureLaplace(lamb_vector)[step=96]: rebuild=false, panels=7288, CG iters=762, solved=true
		ForceMonitor[i_system=1, step=96]:
			CF = (-0.01711, -3.11e-5, -3.793e-5)
			CM = (0.0009493, -9.739e-6, -0.0001165)
		ForceMonitor[i_system=1, step=96]:
			CF = (-0.2739, -0.01039, -0.00177)
			CM = (0.04763, 0.0001505, -0.0007834)
	step 96/359 at time 0.02666666666666667
		PressureLaplace(material_derivative)[step=97]: rebuild=false, panels=7288, CG iters=734, solved=true
		ForceMonitor[i_system=1, step=97]:
			CF = (-0.1799, -3.224e-5, -1.756e-5)
			CM = (0.008021, 2.879e-5, 0.0001666)
		PressureLaplace(lamb_vector)[step=97]: rebuild=false, panels=7288, CG iters=767, solved=true
		ForceMonitor[i_system=1, step=97]:
			CF = (-0.01686, -2.067e-5, -3.756e-5)
			CM = (0.0009519, -6.786e-6, -0.0001037)
		ForceMonitor[i_system=1, step=97]:
			CF = (-0.2723, -0.008978, -0.001463)
			CM = (0.04626, 0.000102, -0.000703)
	step 97/359 at time 0.026944444444444444
		PressureLaplace(material_derivative)[step=98]: rebuild=false, panels=7288, CG iters=735, solved=true
		ForceMonitor[i_system=1, step=98]:
			CF = (-0.1802, -2.451e-5, 2.084e-5)
			CM = (0.007977, 1.594e-5, 0.0001691)
		PressureLaplace(lamb_vector)[step=98]: rebuild=false, panels=7288, CG iters=771, solved=true
		ForceMonitor[i_system=1, step=98]:
			CF = (-0.01669, -9.526e-6, -3.596e-5)
			CM = (0.0009542, -3.211e-6, -8.815e-5)
		ForceMonitor[i_system=1, step=98]:
			CF = (-0.2713, -0.005211, -0.001369)
			CM = (0.04527, 3.913e-5, -0.0006184)
	step 98/359 at time 0.02722222222222222
		PressureLaplace(material_derivative)[step=99]: rebuild=false, panels=7288, CG iters=735, solved=true
		ForceMonitor[i_system=1, step=99]:
			CF = (-0.1809, -2.273e-5, 0.0001781)
			CM = (0.007975, -6.158e-6, 0.0002151)
		PressureLaplace(lamb_vector)[step=99]: rebuild=false, panels=7288, CG iters=771, solved=true
		ForceMonitor[i_system=1, step=99]:
			CF = (-0.01664, 1.519e-5, -3.106e-5)
			CM = (0.0009577, 2.866e-7, -7.107e-5)
		ForceMonitor[i_system=1, step=99]:
			CF = (-0.2722, 0.002928, -0.001268)
			CM = (0.04479, -5.695e-5, -0.0004915)
	step 99/359 at time 0.0275
		PressureLaplace(material_derivative)[step=100]: rebuild=false, panels=7288, CG iters=735, solved=true
		ForceMonitor[i_system=1, step=100]:
			CF = (-0.1815, -1.084e-5, 0.0002658)
			CM = (0.007985, -1.915e-5, 0.0002833)
		PressureLaplace(lamb_vector)[step=100]: rebuild=false, panels=7288, CG iters=769, solved=true
		ForceMonitor[i_system=1, step=100]:
			CF = (-0.01663, 2.56e-5, -1.787e-5)
			CM = (0.0009599, 3.403e-6, -5.054e-5)
		ForceMonitor[i_system=1, step=100]:
			CF = (-0.2738, 0.007347, -0.001341)
			CM = (0.04469, -0.0001187, -0.0003574)
	step 100/359 at time 0.027777777777777776
		PressureLaplace(material_derivative)[step=101]: rebuild=false, panels=7288, CG iters=735, solved=true
		ForceMonitor[i_system=1, step=101]:
			CF = (-0.1822, -8.237e-6, 0.000375)
			CM = (0.008018, -3.207e-5, 0.000347)
		PressureLaplace(lamb_vector)[step=101]: rebuild=false, panels=7288, CG iters=763, solved=true
		ForceMonitor[i_system=1, step=101]:
			CF = (-0.0167, 3.475e-5, -3.223e-6)
			CM = (0.0009624, 5.337e-6, -2.949e-5)
		ForceMonitor[i_system=1, step=101]:
			CF = (-0.2763, 0.0111, -0.001083)
			CM = (0.04498, -0.0001715, -0.0001953)
	step 101/359 at time 0.028055555555555556
		PressureLaplace(material_derivative)[step=102]: rebuild=false, panels=7288, CG iters=734, solved=true
		ForceMonitor[i_system=1, step=102]:
			CF = (-0.1826, -1.341e-5, 0.0004531)
			CM = (0.008064, -4.124e-5, 0.0003895)
		PressureLaplace(lamb_vector)[step=102]: rebuild=false, panels=7288, CG iters=756, solved=true
		ForceMonitor[i_system=1, step=102]:
			CF = (-0.01682, 4.121e-5, 9.642e-6)
			CM = (0.0009646, 6.714e-6, -6.796e-6)
		ForceMonitor[i_system=1, step=102]:
			CF = (-0.2794, 0.01321, -0.0006487)
			CM = (0.04559, -0.0002086, 5.043e-6)
	step 102/359 at time 0.028333333333333332
		PressureLaplace(material_derivative)[step=103]: rebuild=false, panels=7288, CG iters=734, solved=true
		ForceMonitor[i_system=1, step=103]:
			CF = (-0.1829, -1.488e-5, 0.0004748)
			CM = (0.00811, -4.592e-5, 0.0004033)
		PressureLaplace(lamb_vector)[step=103]: rebuild=false, panels=7288, CG iters=765, solved=true
		ForceMonitor[i_system=1, step=103]:
			CF = (-0.01697, 4.449e-5, 2.192e-5)
			CM = (0.0009659, 7.212e-6, 1.195e-5)
		ForceMonitor[i_system=1, step=103]:
			CF = (-0.2826, 0.0147, -0.0003294)
			CM = (0.04637, -0.0002266, 0.0001632)
	step 103/359 at time 0.02861111111111111
		PressureLaplace(material_derivative)[step=104]: rebuild=false, panels=7288, CG iters=734, solved=true
		ForceMonitor[i_system=1, step=104]:
			CF = (-0.1829, -1.578e-5, 0.0004559)
			CM = (0.008154, -4.592e-5, 0.0003932)
		PressureLaplace(lamb_vector)[step=104]: rebuild=false, panels=7288, CG iters=772, solved=true
		ForceMonitor[i_system=1, step=104]:
			CF = (-0.01713, 4.599e-5, 3.28e-5)
			CM = (0.0009665, 6.935e-6, 2.767e-5)
		ForceMonitor[i_system=1, step=104]:
			CF = (-0.2859, 0.01473, -5.47e-5)
			CM = (0.04724, -0.000224, 0.0003031)
	step 104/359 at time 0.028888888888888888
		PressureLaplace(material_derivative)[step=105]: rebuild=false, panels=7288, CG iters=734, solved=true
		ForceMonitor[i_system=1, step=105]:
			CF = (-0.1827, -1.897e-5, 0.0003991)
			CM = (0.008191, -4.417e-5, 0.000345)
		PressureLaplace(lamb_vector)[step=105]: rebuild=false, panels=7288, CG iters=773, solved=true
		ForceMonitor[i_system=1, step=105]:
			CF = (-0.01728, 4.374e-5, 3.818e-5)
			CM = (0.0009655, 6.777e-6, 4.307e-5)
		ForceMonitor[i_system=1, step=105]:
			CF = (-0.289, 0.01379, 0.0003345)
			CM = (0.04814, -0.000212, 0.000424)
	step 105/359 at time 0.029166666666666667
		PressureLaplace(material_derivative)[step=106]: rebuild=false, panels=7288, CG iters=733, solved=true
		ForceMonitor[i_system=1, step=106]:
			CF = (-0.1825, -2.932e-5, 0.0003354)
			CM = (0.008226, -4.07e-5, 0.0002699)
		PressureLaplace(lamb_vector)[step=106]: rebuild=false, panels=7288, CG iters=773, solved=true
		ForceMonitor[i_system=1, step=106]:
			CF = (-0.01741, 3.961e-5, 3.556e-5)
			CM = (0.000964, 7.61e-6, 5.971e-5)
		ForceMonitor[i_system=1, step=106]:
			CF = (-0.2919, 0.01114, 0.001062)
			CM = (0.04902, -0.0001937, 0.0005764)
	step 106/359 at time 0.029444444444444443
		PressureLaplace(material_derivative)[step=107]: rebuild=false, panels=7288, CG iters=733, solved=true
		ForceMonitor[i_system=1, step=107]:
			CF = (-0.1823, -3.338e-5, 0.0002806)
			CM = (0.008254, -3.763e-5, 0.0002046)
		PressureLaplace(lamb_vector)[step=107]: rebuild=false, panels=7288, CG iters=773, solved=true
		ForceMonitor[i_system=1, step=107]:
			CF = (-0.0175, 3.711e-5, 3.235e-5)
			CM = (0.0009627, 8.069e-6, 7.335e-5)
		ForceMonitor[i_system=1, step=107]:
			CF = (-0.2942, 0.00927, 0.001563)
			CM = (0.04976, -0.0001763, 0.0007148)
	step 107/359 at time 0.029722222222222223
		PressureLaplace(material_derivative)[step=108]: rebuild=false, panels=7288, CG iters=731, solved=true
		ForceMonitor[i_system=1, step=108]:
			CF = (-0.1821, -3.776e-5, 0.0002244)
			CM = (0.008272, -3.534e-5, 0.0001343)
		PressureLaplace(lamb_vector)[step=108]: rebuild=false, panels=7288, CG iters=773, solved=true
		ForceMonitor[i_system=1, step=108]:
			CF = (-0.01755, 3.808e-5, 2.786e-5)
			CM = (0.0009624, 8.659e-6, 8.605e-5)
		ForceMonitor[i_system=1, step=108]:
			CF = (-0.2958, 0.007754, 0.001984)
			CM = (0.05025, -0.0001596, 0.0008238)
	step 108/359 at time 0.03
		PressureLaplace(material_derivative)[step=109]: rebuild=false, panels=7288, CG iters=730, solved=true
		ForceMonitor[i_system=1, step=109]:
			CF = (-0.182, -3.695e-5, 0.0001703)
			CM = (0.008277, -3.247e-5, 6.567e-5)
		PressureLaplace(lamb_vector)[step=109]: rebuild=false, panels=7288, CG iters=773, solved=true
		ForceMonitor[i_system=1, step=109]:
			CF = (-0.01753, 3.661e-5, 2.252e-5)
			CM = (0.0009635, 9.283e-6, 9.78e-5)
		ForceMonitor[i_system=1, step=109]:
			CF = (-0.2966, 0.006407, 0.002352)
			CM = (0.05042, -0.00014, 0.0009053)
	step 109/359 at time 0.03027777777777778
		PressureLaplace(material_derivative)[step=110]: rebuild=false, panels=7288, CG iters=729, solved=true
		ForceMonitor[i_system=1, step=110]:
			CF = (-0.1821, -3.664e-5, 0.0001338)
			CM = (0.008267, -2.911e-5, 8.586e-6)
		PressureLaplace(lamb_vector)[step=110]: rebuild=false, panels=7288, CG iters=773, solved=true
		ForceMonitor[i_system=1, step=110]:
			CF = (-0.01744, 3.168e-5, 1.899e-5)
			CM = (0.0009658, 9.37e-6, 0.0001081)
		ForceMonitor[i_system=1, step=110]:
			CF = (-0.2966, 0.004932, 0.002699)
			CM = (0.05018, -0.0001172, 0.0009676)
	step 110/359 at time 0.030555555555555555
		PressureLaplace(material_derivative)[step=111]: rebuild=false, panels=7288, CG iters=722, solved=true
		ForceMonitor[i_system=1, step=111]:
			CF = (-0.1822, -3.829e-5, 0.0001182)
			CM = (0.008239, -2.605e-5, -3.73e-5)
		PressureLaplace(lamb_vector)[step=111]: rebuild=false, panels=7288, CG iters=773, solved=true
		ForceMonitor[i_system=1, step=111]:
			CF = (-0.01728, 2.446e-5, 1.889e-5)
			CM = (0.0009687, 8.947e-6, 0.0001163)
		ForceMonitor[i_system=1, step=111]:
			CF = (-0.2955, 0.003528, 0.003055)
			CM = (0.04951, -9.674e-5, 0.00102)
	step 111/359 at time 0.030833333333333334
		PressureLaplace(material_derivative)[step=112]: rebuild=false, panels=7288, CG iters=712, solved=true
		ForceMonitor[i_system=1, step=112]:
			CF = (-0.1825, -3.861e-5, 0.0001178)
			CM = (0.008197, -2.223e-5, -6.799e-5)
		PressureLaplace(lamb_vector)[step=112]: rebuild=false, panels=7288, CG iters=773, solved=true
		ForceMonitor[i_system=1, step=112]:
			CF = (-0.01707, 1.577e-5, 2.171e-5)
			CM = (0.0009718, 7.576e-6, 0.0001195)
		ForceMonitor[i_system=1, step=112]:
			CF = (-0.2936, 0.002137, 0.003294)
			CM = (0.04848, -7.391e-5, 0.001044)
	step 112/359 at time 0.03111111111111111
		PressureLaplace(material_derivative)[step=113]: rebuild=false, panels=7288, CG iters=703, solved=true
		ForceMonitor[i_system=1, step=113]:
			CF = (-0.1828, -3.003e-5, 0.0001075)
			CM = (0.00815, -1.67e-5, -9.125e-5)
		PressureLaplace(lamb_vector)[step=113]: rebuild=false, panels=7288, CG iters=774, solved=true
		ForceMonitor[i_system=1, step=113]:
			CF = (-0.01684, 7.476e-6, 2.047e-5)
			CM = (0.000975, 5.547e-6, 0.0001158)
		ForceMonitor[i_system=1, step=113]:
			CF = (-0.2914, 0.0009152, 0.003238)
			CM = (0.04726, -4.391e-5, 0.00102)
	step 113/359 at time 0.03138888888888889
		PressureLaplace(material_derivative)[step=114]: rebuild=false, panels=7288, CG iters=710, solved=true
		ForceMonitor[i_system=1, step=114]:
			CF = (-0.1833, -1.658e-5, 9.24e-5)
			CM = (0.008108, -1.026e-5, -0.0001086)
		PressureLaplace(lamb_vector)[step=114]: rebuild=false, panels=7288, CG iters=774, solved=true
		ForceMonitor[i_system=1, step=114]:
			CF = (-0.01661, -2.685e-7, 1.562e-5)
			CM = (0.000978, 3.18e-6, 0.0001061)
		ForceMonitor[i_system=1, step=114]:
			CF = (-0.2891, 8.216e-5, 0.002881)
			CM = (0.04601, -8.884e-6, 0.0009324)
	step 114/359 at time 0.03166666666666667
		PressureLaplace(material_derivative)[step=115]: rebuild=false, panels=7288, CG iters=718, solved=true
		ForceMonitor[i_system=1, step=115]:
			CF = (-0.1839, 5.723e-6, 4.605e-5)
			CM = (0.008074, -2.953e-6, -0.0001308)
		PressureLaplace(lamb_vector)[step=115]: rebuild=false, panels=7288, CG iters=774, solved=true
		ForceMonitor[i_system=1, step=115]:
			CF = (-0.01642, -7.567e-6, 9.431e-6)
			CM = (0.000981, 5.837e-7, 9.061e-5)
		ForceMonitor[i_system=1, step=115]:
			CF = (-0.2871, -0.0002051, 0.002239)
			CM = (0.04489, 2.888e-5, 0.0007831)
	step 115/359 at time 0.03194444444444444
		PressureLaplace(material_derivative)[step=116]: rebuild=false, panels=7288, CG iters=722, solved=true
		ForceMonitor[i_system=1, step=116]:
			CF = (-0.1846, 3.292e-5, -2.023e-5)
			CM = (0.008056, 5.104e-6, -0.0001568)
		PressureLaplace(lamb_vector)[step=116]: rebuild=false, panels=7288, CG iters=774, solved=true
		ForceMonitor[i_system=1, step=116]:
			CF = (-0.01627, -1.367e-5, 1.775e-6)
			CM = (0.0009836, -2.153e-6, 7.007e-5)
		ForceMonitor[i_system=1, step=116]:
			CF = (-0.2855, -7.843e-5, 0.001361)
			CM = (0.04399, 6.888e-5, 0.0005716)
	step 116/359 at time 0.03222222222222222
		PressureLaplace(material_derivative)[step=117]: rebuild=false, panels=7288, CG iters=725, solved=true
		ForceMonitor[i_system=1, step=117]:
			CF = (-0.1854, 6.58e-5, -0.0001071)
			CM = (0.008054, 1.318e-5, -0.0001897)
		PressureLaplace(lamb_vector)[step=117]: rebuild=false, panels=7288, CG iters=775, solved=true
		ForceMonitor[i_system=1, step=117]:
			CF = (-0.01617, -2.058e-5, -5.665e-6)
			CM = (0.0009858, -4.848e-6, 4.546e-5)
		ForceMonitor[i_system=1, step=117]:
			CF = (-0.2844, 0.0003945, 0.0003062)
			CM = (0.04337, 0.000108, 0.0003047)
	step 117/359 at time 0.0325
		PressureLaplace(material_derivative)[step=118]: rebuild=false, panels=7288, CG iters=729, solved=true
		ForceMonitor[i_system=1, step=118]:
			CF = (-0.1862, 9.987e-5, -0.0002035)
			CM = (0.008069, 2.067e-5, -0.0002268)
		PressureLaplace(lamb_vector)[step=118]: rebuild=false, panels=7288, CG iters=775, solved=true
		ForceMonitor[i_system=1, step=118]:
			CF = (-0.01612, -2.646e-5, -1.346e-5)
			CM = (0.0009875, -7.223e-6, 1.913e-5)
		ForceMonitor[i_system=1, step=118]:
			CF = (-0.2839, 0.001128, -0.0008089)
			CM = (0.04303, 0.0001428, 4.876e-6)
	step 118/359 at time 0.03277777777777778
		PressureLaplace(material_derivative)[step=119]: rebuild=false, panels=7288, CG iters=731, solved=true
		ForceMonitor[i_system=1, step=119]:
			CF = (-0.1871, 0.0001317, -0.0002975)
			CM = (0.008099, 2.663e-5, -0.0002636)
		PressureLaplace(lamb_vector)[step=119]: rebuild=false, panels=7288, CG iters=774, solved=true
		ForceMonitor[i_system=1, step=119]:
			CF = (-0.01612, -3.158e-5, -2.001e-5)
			CM = (0.0009885, -8.993e-6, -9.523e-6)
		ForceMonitor[i_system=1, step=119]:
			CF = (-0.2837, 0.001958, -0.001876)
			CM = (0.04295, 0.0001693, -0.0003014)
	step 119/359 at time 0.03305555555555555
		PressureLaplace(material_derivative)[step=120]: rebuild=false, panels=7288, CG iters=733, solved=true
		ForceMonitor[i_system=1, step=120]:
			CF = (-0.1879, 0.0001558, -0.0003739)
			CM = (0.008139, 3.058e-5, -0.0002919)
		PressureLaplace(lamb_vector)[step=120]: rebuild=false, panels=7288, CG iters=774, solved=true
		ForceMonitor[i_system=1, step=120]:
			CF = (-0.01615, -3.432e-5, -2.448e-5)
			CM = (0.0009888, -1.007e-5, -3.505e-5)
		ForceMonitor[i_system=1, step=120]:
			CF = (-0.2837, 0.002709, -0.00278)
			CM = (0.04312, 0.0001851, -0.0005849)
	step 120/359 at time 0.03333333333333333
		PressureLaplace(material_derivative)[step=121]: rebuild=false, panels=7288, CG iters=734, solved=true
		ForceMonitor[i_system=1, step=121]:
			CF = (-0.1887, 0.0001712, -0.0004256)
			CM = (0.008186, 3.255e-5, -0.0003053)
		PressureLaplace(lamb_vector)[step=121]: rebuild=false, panels=7288, CG iters=774, solved=true
		ForceMonitor[i_system=1, step=121]:
			CF = (-0.01622, -3.63e-5, -2.619e-5)
			CM = (0.0009882, -1.058e-5, -5.804e-5)
		ForceMonitor[i_system=1, step=121]:
			CF = (-0.2839, 0.003268, -0.003476)
			CM = (0.04349, 0.00019, -0.0008256)
	step 121/359 at time 0.03361111111111111
		PressureLaplace(material_derivative)[step=122]: rebuild=false, panels=7288, CG iters=735, solved=true
		ForceMonitor[i_system=1, step=122]:
			CF = (-0.1893, 0.0001763, -0.0004503)
			CM = (0.008239, 3.28e-5, -0.0002992)
		PressureLaplace(lamb_vector)[step=122]: rebuild=false, panels=7288, CG iters=773, solved=true
		ForceMonitor[i_system=1, step=122]:
			CF = (-0.0163, -3.608e-5, -2.547e-5)
			CM = (0.0009867, -1.066e-5, -7.716e-5)
		ForceMonitor[i_system=1, step=122]:
			CF = (-0.2842, 0.00354, -0.003961)
			CM = (0.04405, 0.0001854, -0.001013)
	step 122/359 at time 0.03388888888888889
		PressureLaplace(material_derivative)[step=123]: rebuild=false, panels=7288, CG iters=735, solved=true
		ForceMonitor[i_system=1, step=123]:
			CF = (-0.1898, 0.0001723, -0.0004529)
			CM = (0.008294, 3.191e-5, -0.0002737)
		PressureLaplace(lamb_vector)[step=123]: rebuild=false, panels=7288, CG iters=773, solved=true
		ForceMonitor[i_system=1, step=123]:
			CF = (-0.01641, -3.53e-5, -2.292e-5)
			CM = (0.0009845, -1.05e-5, -9.269e-5)
		ForceMonitor[i_system=1, step=123]:
			CF = (-0.2846, 0.00351, -0.004275)
			CM = (0.04475, 0.0001735, -0.001147)
	step 123/359 at time 0.034166666666666665
		PressureLaplace(material_derivative)[step=124]: rebuild=false, panels=7288, CG iters=735, solved=true
		ForceMonitor[i_system=1, step=124]:
			CF = (-0.1901, 0.0001602, -0.000441)
			CM = (0.00835, 3.046e-5, -0.0002321)
		PressureLaplace(lamb_vector)[step=124]: rebuild=false, panels=7288, CG iters=773, solved=true
		ForceMonitor[i_system=1, step=124]:
			CF = (-0.01653, -3.386e-5, -1.919e-5)
			CM = (0.0009818, -1.023e-5, -0.0001052)
		ForceMonitor[i_system=1, step=124]:
			CF = (-0.285, 0.003187, -0.004469)
			CM = (0.04556, 0.0001572, -0.001233)
	step 124/359 at time 0.034444444444444444
		PressureLaplace(material_derivative)[step=125]: rebuild=false, panels=7288, CG iters=736, solved=true
		ForceMonitor[i_system=1, step=125]:
			CF = (-0.1903, 0.0001421, -0.0004218)
			CM = (0.008403, 2.887e-5, -0.0001797)
		PressureLaplace(lamb_vector)[step=125]: rebuild=false, panels=7288, CG iters=772, solved=true
		ForceMonitor[i_system=1, step=125]:
			CF = (-0.01666, -3.236e-5, -1.487e-5)
			CM = (0.0009789, -9.856e-6, -0.0001152)
		ForceMonitor[i_system=1, step=125]:
			CF = (-0.2855, 0.002614, -0.004579)
			CM = (0.04643, 0.0001389, -0.001282)
	step 125/359 at time 0.034722222222222224
		PressureLaplace(material_derivative)[step=126]: rebuild=false, panels=7288, CG iters=736, solved=true
		ForceMonitor[i_system=1, step=126]:
			CF = (-0.1903, 0.0001189, -0.0003994)
			CM = (0.008449, 2.737e-5, -0.000122)
		PressureLaplace(lamb_vector)[step=126]: rebuild=false, panels=7288, CG iters=770, solved=true
		ForceMonitor[i_system=1, step=126]:
			CF = (-0.01677, -2.948e-5, -1.073e-5)
			CM = (0.0009763, -9.414e-6, -0.0001223)
		ForceMonitor[i_system=1, step=126]:
			CF = (-0.2859, 0.00184, -0.004622)
			CM = (0.04725, 0.0001198, -0.001299)
	step 126/359 at time 0.035
		PressureLaplace(material_derivative)[step=127]: rebuild=false, panels=7288, CG iters=737, solved=true
		ForceMonitor[i_system=1, step=127]:
			CF = (-0.1903, 9.089e-5, -0.0003743)
			CM = (0.008485, 2.583e-5, -6.426e-5)
		PressureLaplace(lamb_vector)[step=127]: rebuild=false, panels=7288, CG iters=760, solved=true
		ForceMonitor[i_system=1, step=127]:
			CF = (-0.01686, -2.59e-5, -7.309e-6)
			CM = (0.0009745, -8.746e-6, -0.0001267)
		ForceMonitor[i_system=1, step=127]:
			CF = (-0.2861, 0.0009032, -0.004576)
			CM = (0.0479, 9.983e-5, -0.001284)
	step 127/359 at time 0.035277777777777776
		PressureLaplace(material_derivative)[step=128]: rebuild=false, panels=7288, CG iters=737, solved=true
		ForceMonitor[i_system=1, step=128]:
			CF = (-0.1903, 5.969e-5, -0.0003454)
			CM = (0.008508, 2.408e-5, -9.893e-6)
		PressureLaplace(lamb_vector)[step=128]: rebuild=false, panels=7288, CG iters=754, solved=true
		ForceMonitor[i_system=1, step=128]:
			CF = (-0.01691, -2.063e-5, -3.984e-6)
			CM = (0.0009734, -7.8e-6, -0.0001273)
		ForceMonitor[i_system=1, step=128]:
			CF = (-0.2858, -0.0001232, -0.004413)
			CM = (0.0483, 7.892e-5, -0.001236)
	step 128/359 at time 0.035555555555555556
		PressureLaplace(material_derivative)[step=129]: rebuild=false, panels=7288, CG iters=737, solved=true
		ForceMonitor[i_system=1, step=129]:
			CF = (-0.1904, 2.465e-5, -0.0003082)
			CM = (0.008514, 2.18e-5, 3.944e-5)
		PressureLaplace(lamb_vector)[step=129]: rebuild=false, panels=7288, CG iters=762, solved=true
		ForceMonitor[i_system=1, step=129]:
			CF = (-0.0169, -1.459e-5, -1.321e-6)
			CM = (0.0009732, -6.553e-6, -0.0001235)
		ForceMonitor[i_system=1, step=129]:
			CF = (-0.285, -0.001216, -0.004094)
			CM = (0.04836, 5.625e-5, -0.001147)
	step 129/359 at time 0.035833333333333335
		PressureLaplace(material_derivative)[step=130]: rebuild=false, panels=7288, CG iters=737, solved=true
		ForceMonitor[i_system=1, step=130]:
			CF = (-0.1905, -1.284e-5, -0.0002602)
			CM = (0.008506, 1.89e-5, 8.304e-5)
		PressureLaplace(lamb_vector)[step=130]: rebuild=false, panels=7288, CG iters=769, solved=true
		ForceMonitor[i_system=1, step=130]:
			CF = (-0.01684, -6.812e-6, 1.296e-6)
			CM = (0.0009734, -4.985e-6, -0.0001148)
		ForceMonitor[i_system=1, step=130]:
			CF = (-0.2837, -0.002307, -0.003593)
			CM = (0.0481, 3.182e-5, -0.001015)
	step 130/359 at time 0.03611111111111111
		PressureLaplace(material_derivative)[step=131]: rebuild=false, panels=7288, CG iters=738, solved=true
		ForceMonitor[i_system=1, step=131]:
			CF = (-0.1907, -5.096e-5, -0.0002009)
			CM = (0.008488, 1.537e-5, 0.0001219)
		PressureLaplace(lamb_vector)[step=131]: rebuild=false, panels=7288, CG iters=770, solved=true
		ForceMonitor[i_system=1, step=131]:
			CF = (-0.01673, 6.103e-7, 3.82e-6)
			CM = (0.000974, -3.2e-6, -0.0001011)
		ForceMonitor[i_system=1, step=131]:
			CF = (-0.2819, -0.003341, -0.002918)
			CM = (0.04757, 6.193e-6, -0.0008382)
	step 131/359 at time 0.03638888888888889
		PressureLaplace(material_derivative)[step=132]: rebuild=false, panels=7288, CG iters=738, solved=true
		ForceMonitor[i_system=1, step=132]:
			CF = (-0.191, -8.899e-5, -0.0001311)
			CM = (0.008465, 1.134e-5, 0.0001583)
		PressureLaplace(lamb_vector)[step=132]: rebuild=false, panels=7288, CG iters=771, solved=true
		ForceMonitor[i_system=1, step=132]:
			CF = (-0.01661, 8.664e-6, 6.271e-6)
			CM = (0.0009749, -1.27e-6, -8.335e-5)
		ForceMonitor[i_system=1, step=132]:
			CF = (-0.28, -0.004309, -0.002098)
			CM = (0.0469, -1.986e-5, -0.0006217)
	step 132/359 at time 0.03666666666666667
		PressureLaplace(material_derivative)[step=133]: rebuild=false, panels=7288, CG iters=738, solved=true
		ForceMonitor[i_system=1, step=133]:
			CF = (-0.1914, -0.0001241, -5.436e-5)
			CM = (0.008445, 7.126e-6, 0.0001936)
		PressureLaplace(lamb_vector)[step=133]: rebuild=false, panels=7288, CG iters=771, solved=true
		ForceMonitor[i_system=1, step=133]:
			CF = (-0.01648, 1.651e-5, 8.731e-6)
			CM = (0.0009759, 6.77e-7, -6.2e-5)
		ForceMonitor[i_system=1, step=133]:
			CF = (-0.2781, -0.00516, -0.001184)
			CM = (0.04619, -4.471e-5, -0.0003764)
	step 133/359 at time 0.036944444444444446
		PressureLaplace(material_derivative)[step=134]: rebuild=false, panels=7288, CG iters=739, solved=true
		ForceMonitor[i_system=1, step=134]:
			CF = (-0.192, -0.0001564, 2.687e-5)
			CM = (0.00843, 2.91e-6, 0.0002284)
		PressureLaplace(lamb_vector)[step=134]: rebuild=false, panels=7288, CG iters=770, solved=true
		ForceMonitor[i_system=1, step=134]:
			CF = (-0.01636, 2.336e-5, 1.141e-5)
			CM = (0.0009769, 2.542e-6, -3.893e-5)
		ForceMonitor[i_system=1, step=134]:
			CF = (-0.2763, -0.00591, -0.0002292)
			CM = (0.04555, -6.743e-5, -0.0001134)
	step 134/359 at time 0.03722222222222222
		PressureLaplace(material_derivative)[step=135]: rebuild=false, panels=7288, CG iters=739, solved=true
		ForceMonitor[i_system=1, step=135]:
			CF = (-0.1925, -0.0001836, 0.0001074)
			CM = (0.008423, -1.009e-6, 0.0002611)
		PressureLaplace(lamb_vector)[step=135]: rebuild=false, panels=7288, CG iters=767, solved=true
		ForceMonitor[i_system=1, step=135]:
			CF = (-0.01626, 2.938e-5, 1.436e-5)
			CM = (0.0009779, 4.235e-6, -1.45e-5)
		ForceMonitor[i_system=1, step=135]:
			CF = (-0.2748, -0.006516, 0.0007199)
			CM = (0.04502, -8.652e-5, 0.0001535)
	step 135/359 at time 0.0375
		PressureLaplace(material_derivative)[step=136]: rebuild=false, panels=7288, CG iters=741, solved=true
		ForceMonitor[i_system=1, step=136]:
			CF = (-0.1932, -0.0002055, 0.0001834)
			CM = (0.008426, -4.543e-6, 0.0002887)
		PressureLaplace(lamb_vector)[step=136]: rebuild=false, panels=7288, CG iters=757, solved=true
		ForceMonitor[i_system=1, step=136]:
			CF = (-0.01619, 3.382e-5, 1.724e-5)
			CM = (0.0009784, 5.669e-6, 9.439e-6)
		ForceMonitor[i_system=1, step=136]:
			CF = (-0.2737, -0.006992, 0.001622)
			CM = (0.04465, -0.0001012, 0.0004104)
	step 136/359 at time 0.03777777777777778
		PressureLaplace(material_derivative)[step=137]: rebuild=false, panels=7288, CG iters=742, solved=true
		ForceMonitor[i_system=1, step=137]:
			CF = (-0.1938, -0.0002221, 0.0002509)
			CM = (0.008437, -7.597e-6, 0.0003072)
		PressureLaplace(lamb_vector)[step=137]: rebuild=false, panels=7288, CG iters=758, solved=true
		ForceMonitor[i_system=1, step=137]:
			CF = (-0.01615, 3.656e-5, 1.991e-5)
			CM = (0.0009789, 6.82e-6, 3.183e-5)
		ForceMonitor[i_system=1, step=137]:
			CF = (-0.2729, -0.007331, 0.00244)
			CM = (0.04447, -0.0001109, 0.0006431)
	step 137/359 at time 0.03805555555555556
		PressureLaplace(material_derivative)[step=138]: rebuild=false, panels=7288, CG iters=742, solved=true
		ForceMonitor[i_system=1, step=138]:
			CF = (-0.1943, -0.00023, 0.0003051)
			CM = (0.008457, -1.019e-5, 0.0003126)
		PressureLaplace(lamb_vector)[step=138]: rebuild=false, panels=7288, CG iters=769, solved=true
		ForceMonitor[i_system=1, step=138]:
			CF = (-0.01615, 3.846e-5, 2.205e-5)
			CM = (0.0009788, 7.686e-6, 5.204e-5)
		ForceMonitor[i_system=1, step=138]:
			CF = (-0.2726, -0.007469, 0.003153)
			CM = (0.04448, -0.0001157, 0.0008403)
	step 138/359 at time 0.03833333333333333
		PressureLaplace(material_derivative)[step=139]: rebuild=false, panels=7288, CG iters=742, solved=true
		ForceMonitor[i_system=1, step=139]:
			CF = (-0.1948, -0.0002323, 0.0003452)
			CM = (0.008484, -1.247e-5, 0.0003023)
		PressureLaplace(lamb_vector)[step=139]: rebuild=false, panels=7288, CG iters=772, solved=true
		ForceMonitor[i_system=1, step=139]:
			CF = (-0.01619, 3.868e-5, 2.313e-5)
			CM = (0.0009783, 8.303e-6, 6.948e-5)
		ForceMonitor[i_system=1, step=139]:
			CF = (-0.2727, -0.007451, 0.003745)
			CM = (0.0447, -0.0001164, 0.0009981)
	step 139/359 at time 0.03861111111111111
		PressureLaplace(material_derivative)[step=140]: rebuild=false, panels=7288, CG iters=742, solved=true
		ForceMonitor[i_system=1, step=140]:
			CF = (-0.1951, -0.000228, 0.0003706)
			CM = (0.008515, -1.454e-5, 0.0002756)
		PressureLaplace(lamb_vector)[step=140]: rebuild=false, panels=7288, CG iters=773, solved=true
		ForceMonitor[i_system=1, step=140]:
			CF = (-0.01626, 3.802e-5, 2.344e-5)
			CM = (0.0009773, 8.705e-6, 8.438e-5)
		ForceMonitor[i_system=1, step=140]:
			CF = (-0.2731, -0.007259, 0.004237)
			CM = (0.04513, -0.0001135, 0.001117)
	step 140/359 at time 0.03888888888888889
		PressureLaplace(material_derivative)[step=141]: rebuild=false, panels=7288, CG iters=742, solved=true
		ForceMonitor[i_system=1, step=141]:
			CF = (-0.1952, -0.0002182, 0.0003823)
			CM = (0.00855, -1.65e-5, 0.0002334)
		PressureLaplace(lamb_vector)[step=141]: rebuild=false, panels=7288, CG iters=773, solved=true
		ForceMonitor[i_system=1, step=141]:
			CF = (-0.01637, 3.622e-5, 2.208e-5)
			CM = (0.0009756, 8.957e-6, 9.683e-5)
		ForceMonitor[i_system=1, step=141]:
			CF = (-0.274, -0.006909, 0.004642)
			CM = (0.04576, -0.0001079, 0.0012)
	step 141/359 at time 0.03916666666666667
		PressureLaplace(material_derivative)[step=142]: rebuild=false, panels=7288, CG iters=739, solved=true
		ForceMonitor[i_system=1, step=142]:
			CF = (-0.1951, -0.0002015, 0.0003814)
			CM = (0.008586, -1.845e-5, 0.0001785)
		PressureLaplace(lamb_vector)[step=142]: rebuild=false, panels=7288, CG iters=773, solved=true
		ForceMonitor[i_system=1, step=142]:
			CF = (-0.0165, 3.334e-5, 2.023e-5)
			CM = (0.0009732, 9.058e-6, 0.000107)
		ForceMonitor[i_system=1, step=142]:
			CF = (-0.2751, -0.006372, 0.004968)
			CM = (0.04654, -0.0001007, 0.001253)
	step 142/359 at time 0.03944444444444444
		PressureLaplace(material_derivative)[step=143]: rebuild=false, panels=7288, CG iters=738, solved=true
		ForceMonitor[i_system=1, step=143]:
			CF = (-0.1948, -0.0001797, 0.0003702)
			CM = (0.008621, -2.034e-5, 0.0001153)
		PressureLaplace(lamb_vector)[step=143]: rebuild=false, panels=7288, CG iters=773, solved=true
		ForceMonitor[i_system=1, step=143]:
			CF = (-0.01664, 3.04e-5, 1.708e-5)
			CM = (0.0009706, 9.015e-6, 0.0001148)
		ForceMonitor[i_system=1, step=143]:
			CF = (-0.2764, -0.005671, 0.005202)
			CM = (0.04741, -9.243e-5, 0.001277)
	step 143/359 at time 0.03972222222222222
		PressureLaplace(material_derivative)[step=144]: rebuild=false, panels=7288, CG iters=738, solved=true
		ForceMonitor[i_system=1, step=144]:
			CF = (-0.1944, -0.0001553, 0.0003504)
			CM = (0.008651, -2.194e-5, 4.942e-5)
		PressureLaplace(lamb_vector)[step=144]: rebuild=false, panels=7288, CG iters=773, solved=true
		ForceMonitor[i_system=1, step=144]:
			CF = (-0.01679, 2.712e-5, 1.363e-5)
			CM = (0.0009679, 8.823e-6, 0.0001198)
		ForceMonitor[i_system=1, step=144]:
			CF = (-0.2776, -0.004871, 0.005328)
			CM = (0.04827, -8.311e-5, 0.001272)
	step 144/359 at time 0.04
		PressureLaplace(material_derivative)[step=145]: rebuild=false, panels=7288, CG iters=738, solved=true
		ForceMonitor[i_system=1, step=145]:
			CF = (-0.1939, -0.0001245, 0.0003211)
			CM = (0.008673, -2.31e-5, -1.559e-5)
		PressureLaplace(lamb_vector)[step=145]: rebuild=false, panels=7288, CG iters=773, solved=true
		ForceMonitor[i_system=1, step=145]:
			CF = (-0.01691, 2.347e-5, 1.044e-5)
			CM = (0.0009657, 8.43e-6, 0.0001213)
		ForceMonitor[i_system=1, step=145]:
			CF = (-0.2786, -0.003915, 0.005323)
			CM = (0.04901, -7.271e-5, 0.001233)
	step 145/359 at time 0.04027777777777778
		PressureLaplace(material_derivative)[step=146]: rebuild=false, panels=7288, CG iters=738, solved=true
		ForceMonitor[i_system=1, step=146]:
			CF = (-0.1935, -9.137e-5, 0.0002837)
			CM = (0.008683, -2.368e-5, -7.591e-5)
		PressureLaplace(lamb_vector)[step=146]: rebuild=false, panels=7288, CG iters=773, solved=true
		ForceMonitor[i_system=1, step=146]:
			CF = (-0.01699, 1.881e-5, 7.036e-6)
			CM = (0.000964, 7.8e-6, 0.000119)
		ForceMonitor[i_system=1, step=146]:
			CF = (-0.2792, -0.00287, 0.005134)
			CM = (0.04952, -6.143e-5, 0.001158)
	step 146/359 at time 0.04055555555555555
		PressureLaplace(material_derivative)[step=147]: rebuild=false, panels=7288, CG iters=738, solved=true
		ForceMonitor[i_system=1, step=147]:
			CF = (-0.1932, -5.708e-5, 0.0002386)
			CM = (0.008681, -2.339e-5, -0.0001289)
		PressureLaplace(lamb_vector)[step=147]: rebuild=false, panels=7288, CG iters=773, solved=true
		ForceMonitor[i_system=1, step=147]:
			CF = (-0.01702, 1.263e-5, 3.388e-6)
			CM = (0.0009629, 6.918e-6, 0.0001121)
		ForceMonitor[i_system=1, step=147]:
			CF = (-0.2792, -0.0018, 0.004759)
			CM = (0.04973, -4.853e-5, 0.001042)
	step 147/359 at time 0.04083333333333333
		PressureLaplace(material_derivative)[step=148]: rebuild=false, panels=7288, CG iters=738, solved=true
		ForceMonitor[i_system=1, step=148]:
			CF = (-0.1929, -2.152e-5, 0.0001866)
			CM = (0.008667, -2.225e-5, -0.0001733)
		PressureLaplace(lamb_vector)[step=148]: rebuild=false, panels=7288, CG iters=773, solved=true
		ForceMonitor[i_system=1, step=148]:
			CF = (-0.01699, 5.947e-6, 2.648e-8)
			CM = (0.0009624, 5.813e-6, 0.0001008)
		ForceMonitor[i_system=1, step=148]:
			CF = (-0.2787, -0.0007291, 0.004206)
			CM = (0.04963, -3.444e-5, 0.0008869)
	step 148/359 at time 0.04111111111111111
		PressureLaplace(material_derivative)[step=149]: rebuild=false, panels=7288, CG iters=738, solved=true
		ForceMonitor[i_system=1, step=149]:
			CF = (-0.1929, 1.458e-5, 0.0001278)
			CM = (0.008646, -2.029e-5, -0.0002097)
		PressureLaplace(lamb_vector)[step=149]: rebuild=false, panels=7288, CG iters=773, solved=true
		ForceMonitor[i_system=1, step=149]:
			CF = (-0.01692, -1.288e-6, -2.698e-6)
			CM = (0.0009623, 4.496e-6, 8.542e-5)
		ForceMonitor[i_system=1, step=149]:
			CF = (-0.2777, 0.0003188, 0.003491)
			CM = (0.04926, -1.922e-5, 0.0006969)
	step 149/359 at time 0.04138888888888889
		PressureLaplace(material_derivative)[step=150]: rebuild=false, panels=7288, CG iters=738, solved=true
		ForceMonitor[i_system=1, step=150]:
			CF = (-0.1929, 5.041e-5, 6.578e-5)
			CM = (0.008621, -1.766e-5, -0.0002383)
		PressureLaplace(lamb_vector)[step=150]: rebuild=false, panels=7288, CG iters=773, solved=true
		ForceMonitor[i_system=1, step=150]:
			CF = (-0.01683, -7.823e-6, -5.408e-6)
			CM = (0.0009626, 3.02e-6, 6.711e-5)
		ForceMonitor[i_system=1, step=150]:
			CF = (-0.2766, 0.001362, 0.002643)
			CM = (0.04873, -3.399e-6, 0.0004805)
	step 150/359 at time 0.041666666666666664
		PressureLaplace(material_derivative)[step=151]: rebuild=false, panels=7288, CG iters=738, solved=true
		ForceMonitor[i_system=1, step=151]:
			CF = (-0.1931, 8.474e-5, 1.697e-6)
			CM = (0.008597, -1.455e-5, -0.0002607)
		PressureLaplace(lamb_vector)[step=151]: rebuild=false, panels=7288, CG iters=773, solved=true
		ForceMonitor[i_system=1, step=151]:
			CF = (-0.01672, -1.425e-5, -8.169e-6)
			CM = (0.0009633, 1.434e-6, 4.699e-5)
		ForceMonitor[i_system=1, step=151]:
			CF = (-0.2754, 0.002421, 0.001693)
			CM = (0.04814, 1.24e-5, 0.0002486)
	step 151/359 at time 0.041944444444444444
		PressureLaplace(material_derivative)[step=152]: rebuild=false, panels=7288, CG iters=738, solved=true
		ForceMonitor[i_system=1, step=152]:
			CF = (-0.1935, 0.0001151, -6.109e-5)
			CM = (0.008579, -1.112e-5, -0.0002765)
		PressureLaplace(lamb_vector)[step=152]: rebuild=false, panels=7288, CG iters=773, solved=true
		ForceMonitor[i_system=1, step=152]:
			CF = (-0.01663, -2.055e-5, -1.051e-5)
			CM = (0.0009642, -1.505e-7, 2.584e-5)
		ForceMonitor[i_system=1, step=152]:
			CF = (-0.2744, 0.003371, 0.000726)
			CM = (0.04758, 2.754e-5, 1.535e-5)
	step 152/359 at time 0.042222222222222223
		PressureLaplace(material_derivative)[step=153]: rebuild=false, panels=7288, CG iters=738, solved=true
		ForceMonitor[i_system=1, step=153]:
			CF = (-0.1939, 0.0001428, -0.0001207)
			CM = (0.008569, -7.481e-6, -0.0002851)
		PressureLaplace(lamb_vector)[step=153]: rebuild=false, panels=7288, CG iters=773, solved=true
		ForceMonitor[i_system=1, step=153]:
			CF = (-0.01656, -2.572e-5, -1.337e-5)
			CM = (0.0009652, -1.687e-6, 4.245e-6)
		ForceMonitor[i_system=1, step=153]:
			CF = (-0.2737, 0.004249, -0.0002187)
			CM = (0.04713, 4.149e-5, -0.0002089)
	step 153/359 at time 0.0425
		PressureLaplace(material_derivative)[step=154]: rebuild=false, panels=7288, CG iters=738, solved=true
		ForceMonitor[i_system=1, step=154]:
			CF = (-0.1943, 0.0001632, -0.0001725)
			CM = (0.008567, -3.819e-6, -0.0002838)
		PressureLaplace(lamb_vector)[step=154]: rebuild=false, panels=7288, CG iters=773, solved=true
		ForceMonitor[i_system=1, step=154]:
			CF = (-0.01652, -2.98e-5, -1.572e-5)
			CM = (0.0009662, -3.131e-6, -1.551e-5)
		ForceMonitor[i_system=1, step=154]:
			CF = (-0.2734, 0.004969, -0.001122)
			CM = (0.04685, 5.328e-5, -0.0004124)
	step 154/359 at time 0.042777777777777776
		PressureLaplace(material_derivative)[step=155]: rebuild=false, panels=7288, CG iters=738, solved=true
		ForceMonitor[i_system=1, step=155]:
			CF = (-0.1946, 0.0001776, -0.000214)
			CM = (0.008574, -1.736e-7, -0.0002709)
		PressureLaplace(lamb_vector)[step=155]: rebuild=false, panels=7288, CG iters=772, solved=true
		ForceMonitor[i_system=1, step=155]:
			CF = (-0.01653, -3.24e-5, -1.803e-5)
			CM = (0.0009668, -4.406e-6, -3.333e-5)
		ForceMonitor[i_system=1, step=155]:
			CF = (-0.2736, 0.00552, -0.001928)
			CM = (0.04677, 6.276e-5, -0.0005864)
	step 155/359 at time 0.043055555555555555
		PressureLaplace(material_derivative)[step=156]: rebuild=false, panels=7288, CG iters=738, solved=true
		ForceMonitor[i_system=1, step=156]:
			CF = (-0.1949, 0.0001851, -0.0002433)
			CM = (0.00859, 3.276e-6, -0.0002451)
		PressureLaplace(lamb_vector)[step=156]: rebuild=false, panels=7288, CG iters=770, solved=true
		ForceMonitor[i_system=1, step=156]:
			CF = (-0.01657, -3.405e-5, -1.891e-5)
			CM = (0.0009672, -5.434e-6, -4.915e-5)
		ForceMonitor[i_system=1, step=156]:
			CF = (-0.2743, 0.005848, -0.002611)
			CM = (0.04692, 6.909e-5, -0.0007234)
	step 156/359 at time 0.043333333333333335
		PressureLaplace(material_derivative)[step=157]: rebuild=false, panels=7288, CG iters=738, solved=true
		ForceMonitor[i_system=1, step=157]:
			CF = (-0.195, 0.0001863, -0.0002605)
			CM = (0.008612, 6.572e-6, -0.0002064)
		PressureLaplace(lamb_vector)[step=157]: rebuild=false, panels=7288, CG iters=762, solved=true
		ForceMonitor[i_system=1, step=157]:
			CF = (-0.01667, -3.344e-5, -1.893e-5)
			CM = (0.0009673, -6.279e-6, -6.214e-5)
		ForceMonitor[i_system=1, step=157]:
			CF = (-0.2755, 0.005977, -0.003175)
			CM = (0.04731, 7.269e-5, -0.0008233)
	step 157/359 at time 0.043611111111111114
		PressureLaplace(material_derivative)[step=158]: rebuild=false, panels=7288, CG iters=738, solved=true
		ForceMonitor[i_system=1, step=158]:
			CF = (-0.1949, 0.0001797, -0.0002643)
			CM = (0.00864, 9.726e-6, -0.000155)
		PressureLaplace(lamb_vector)[step=158]: rebuild=false, panels=7288, CG iters=755, solved=true
		ForceMonitor[i_system=1, step=158]:
			CF = (-0.0168, -3.228e-5, -1.835e-5)
			CM = (0.0009665, -6.917e-6, -7.294e-5)
		ForceMonitor[i_system=1, step=158]:
			CF = (-0.277, 0.005883, -0.003634)
			CM = (0.04792, 7.385e-5, -0.0008888)
	step 158/359 at time 0.04388888888888889
		PressureLaplace(material_derivative)[step=159]: rebuild=false, panels=7288, CG iters=738, solved=true
		ForceMonitor[i_system=1, step=159]:
			CF = (-0.1945, 0.0001695, -0.0002577)
			CM = (0.008669, 1.279e-5, -9.368e-5)
		PressureLaplace(lamb_vector)[step=159]: rebuild=false, panels=7288, CG iters=756, solved=true
		ForceMonitor[i_system=1, step=159]:
			CF = (-0.01696, -2.945e-5, -1.628e-5)
			CM = (0.0009651, -7.412e-6, -8.164e-5)
		ForceMonitor[i_system=1, step=159]:
			CF = (-0.2789, 0.00567, -0.003998)
			CM = (0.04874, 7.302e-5, -0.0009268)
	step 159/359 at time 0.04416666666666667
		PressureLaplace(material_derivative)[step=160]: rebuild=false, panels=7288, CG iters=738, solved=true
		ForceMonitor[i_system=1, step=160]:
			CF = (-0.194, 0.0001527, -0.0002422)
			CM = (0.008699, 1.573e-5, -2.62e-5)
		PressureLaplace(lamb_vector)[step=160]: rebuild=false, panels=7288, CG iters=762, solved=true
		ForceMonitor[i_system=1, step=160]:
			CF = (-0.01715, -2.616e-5, -1.314e-5)
			CM = (0.0009628, -7.738e-6, -8.848e-5)
		ForceMonitor[i_system=1, step=160]:
			CF = (-0.2809, 0.00524, -0.004273)
			CM = (0.0497, 7.08e-5, -0.0009409)
	step 160/359 at time 0.044444444444444446
		PressureLaplace(material_derivative)[step=161]: rebuild=false, panels=7288, CG iters=738, solved=true
		ForceMonitor[i_system=1, step=161]:
			CF = (-0.1933, 0.0001332, -0.0002207)
			CM = (0.008725, 1.848e-5, 4.267e-5)
		PressureLaplace(lamb_vector)[step=161]: rebuild=false, panels=7288, CG iters=765, solved=true
		ForceMonitor[i_system=1, step=161]:
			CF = (-0.01734, -2.238e-5, -9.342e-6)
			CM = (0.00096, -7.916e-6, -9.346e-5)
		ForceMonitor[i_system=1, step=161]:
			CF = (-0.283, 0.004716, -0.004464)
			CM = (0.05073, 6.762e-5, -0.0009366)
	step 161/359 at time 0.04472222222222222
		PressureLaplace(material_derivative)[step=162]: rebuild=false, panels=7288, CG iters=737, solved=true
		ForceMonitor[i_system=1, step=162]:
			CF = (-0.1924, 0.00011, -0.0001942)
			CM = (0.008746, 2.084e-5, 0.0001079)
		PressureLaplace(lamb_vector)[step=162]: rebuild=false, panels=7288, CG iters=769, solved=true
		ForceMonitor[i_system=1, step=162]:
			CF = (-0.01752, -1.76e-5, -5.661e-6)
			CM = (0.0009571, -7.903e-6, -9.607e-5)
		ForceMonitor[i_system=1, step=162]:
			CF = (-0.2848, 0.004085, -0.004559)
			CM = (0.05172, 6.332e-5, -0.000913)
	step 162/359 at time 0.045
		PressureLaplace(material_derivative)[step=163]: rebuild=false, panels=7288, CG iters=737, solved=true
		ForceMonitor[i_system=1, step=163]:
			CF = (-0.1916, 8.251e-5, -0.0001642)
			CM = (0.008759, 2.269e-5, 0.0001648)
		PressureLaplace(lamb_vector)[step=163]: rebuild=false, panels=7288, CG iters=769, solved=true
		ForceMonitor[i_system=1, step=163]:
			CF = (-0.01767, -1.237e-5, -1.594e-6)
			CM = (0.0009542, -7.672e-6, -9.593e-5)
		ForceMonitor[i_system=1, step=163]:
			CF = (-0.2863, 0.003322, -0.004523)
			CM = (0.05256, 5.808e-5, -0.0008674)
	step 163/359 at time 0.04527777777777778
		PressureLaplace(material_derivative)[step=164]: rebuild=false, panels=7288, CG iters=737, solved=true
		ForceMonitor[i_system=1, step=164]:
			CF = (-0.1908, 5.28e-5, -0.0001315)
			CM = (0.008761, 2.379e-5, 0.0002105)
		PressureLaplace(lamb_vector)[step=164]: rebuild=false, panels=7288, CG iters=769, solved=true
		ForceMonitor[i_system=1, step=164]:
			CF = (-0.01777, -6.892e-6, 2.008e-6)
			CM = (0.0009517, -7.196e-6, -9.262e-5)
		ForceMonitor[i_system=1, step=164]:
			CF = (-0.2872, 0.002465, -0.004329)
			CM = (0.05315, 5.18e-5, -0.0007979)
	step 164/359 at time 0.04555555555555556
		PressureLaplace(material_derivative)[step=165]: rebuild=false, panels=7288, CG iters=737, solved=true
		ForceMonitor[i_system=1, step=165]:
			CF = (-0.1901, 2.227e-5, -9.603e-5)
			CM = (0.008752, 2.408e-5, 0.0002436)
		PressureLaplace(lamb_vector)[step=165]: rebuild=false, panels=7288, CG iters=765, solved=true
		ForceMonitor[i_system=1, step=165]:
			CF = (-0.01782, -1.418e-6, 5.478e-6)
			CM = (0.0009497, -6.501e-6, -8.597e-5)
		ForceMonitor[i_system=1, step=165]:
			CF = (-0.2876, 0.001553, -0.003968)
			CM = (0.05343, 4.462e-5, -0.0007039)
	step 165/359 at time 0.04583333333333333
		PressureLaplace(material_derivative)[step=166]: rebuild=false, panels=7288, CG iters=737, solved=true
		ForceMonitor[i_system=1, step=166]:
			CF = (-0.1897, -8.376e-6, -5.895e-5)
			CM = (0.008734, 2.344e-5, 0.0002638)
		PressureLaplace(lamb_vector)[step=166]: rebuild=false, panels=7288, CG iters=764, solved=true
		ForceMonitor[i_system=1, step=166]:
			CF = (-0.01781, 5.056e-6, 8.304e-6)
			CM = (0.0009483, -5.576e-6, -7.611e-5)
		ForceMonitor[i_system=1, step=166]:
			CF = (-0.2874, 0.0006278, -0.003464)
			CM = (0.0534, 3.649e-5, -0.0005868)
	step 166/359 at time 0.04611111111111111
		PressureLaplace(material_derivative)[step=167]: rebuild=false, panels=7288, CG iters=737, solved=true
		ForceMonitor[i_system=1, step=167]:
			CF = (-0.1894, -3.905e-5, -1.994e-5)
			CM = (0.008709, 2.193e-5, 0.0002723)
		PressureLaplace(lamb_vector)[step=167]: rebuild=false, panels=7288, CG iters=761, solved=true
		ForceMonitor[i_system=1, step=167]:
			CF = (-0.01775, 1.126e-5, 1.085e-5)
			CM = (0.0009475, -4.473e-6, -6.345e-5)
		ForceMonitor[i_system=1, step=167]:
			CF = (-0.2868, -0.0003165, -0.002827)
			CM = (0.05308, 2.727e-5, -0.0004494)
	step 167/359 at time 0.04638888888888889
		PressureLaplace(material_derivative)[step=168]: rebuild=false, panels=7288, CG iters=737, solved=true
		ForceMonitor[i_system=1, step=168]:
			CF = (-0.1894, -6.775e-5, 1.887e-5)
			CM = (0.008682, 1.97e-5, 0.0002707)
		PressureLaplace(lamb_vector)[step=168]: rebuild=false, panels=7288, CG iters=756, solved=true
		ForceMonitor[i_system=1, step=168]:
			CF = (-0.01766, 1.679e-5, 1.319e-5)
			CM = (0.0009471, -3.216e-6, -4.868e-5)
		ForceMonitor[i_system=1, step=168]:
			CF = (-0.2859, -0.001234, -0.002092)
			CM = (0.05258, 1.754e-5, -0.0002989)
	step 168/359 at time 0.04666666666666667
		PressureLaplace(material_derivative)[step=169]: rebuild=false, panels=7288, CG iters=737, solved=true
		ForceMonitor[i_system=1, step=169]:
			CF = (-0.1895, -9.437e-5, 5.602e-5)
			CM = (0.008656, 1.691e-5, 0.000261)
		PressureLaplace(lamb_vector)[step=169]: rebuild=false, panels=7288, CG iters=755, solved=true
		ForceMonitor[i_system=1, step=169]:
			CF = (-0.01756, 2.138e-5, 1.507e-5)
			CM = (0.0009474, -1.873e-6, -3.29e-5)
		ForceMonitor[i_system=1, step=169]:
			CF = (-0.285, -0.002133, -0.001299)
			CM = (0.05198, 7.615e-6, -0.0001425)
	step 169/359 at time 0.04694444444444444
		PressureLaplace(material_derivative)[step=170]: rebuild=false, panels=7288, CG iters=738, solved=true
		ForceMonitor[i_system=1, step=170]:
			CF = (-0.1898, -0.0001159, 9.004e-5)
			CM = (0.008635, 1.358e-5, 0.0002445)
		PressureLaplace(lamb_vector)[step=170]: rebuild=false, panels=7288, CG iters=760, solved=true
		ForceMonitor[i_system=1, step=170]:
			CF = (-0.01746, 2.513e-5, 1.659e-5)
			CM = (0.0009479, -4.994e-7, -1.652e-5)
		ForceMonitor[i_system=1, step=170]:
			CF = (-0.2842, -0.002925, -0.0004937)
			CM = (0.05139, -2.701e-6, 1.234e-5)
	step 170/359 at time 0.04722222222222222
		PressureLaplace(material_derivative)[step=171]: rebuild=false, panels=7288, CG iters=738, solved=true
		ForceMonitor[i_system=1, step=171]:
			CF = (-0.1901, -0.0001321, 0.0001187)
			CM = (0.008622, 9.937e-6, 0.0002215)
		PressureLaplace(lamb_vector)[step=171]: rebuild=false, panels=7288, CG iters=767, solved=true
		ForceMonitor[i_system=1, step=171]:
			CF = (-0.01739, 2.821e-5, 1.782e-5)
			CM = (0.0009488, 8.513e-7, -4.867e-7)
		ForceMonitor[i_system=1, step=171]:
			CF = (-0.2837, -0.003562, 0.0002734)
			CM = (0.05089, -1.286e-5, 0.0001584)
	step 171/359 at time 0.0475
		PressureLaplace(material_derivative)[step=172]: rebuild=false, panels=7288, CG iters=738, solved=true
		ForceMonitor[i_system=1, step=172]:
			CF = (-0.1905, -0.0001424, 0.0001406)
			CM = (0.008617, 6.095e-6, 0.0001911)
		PressureLaplace(lamb_vector)[step=172]: rebuild=false, panels=7288, CG iters=770, solved=true
		ForceMonitor[i_system=1, step=172]:
			CF = (-0.01735, 2.836e-5, 1.864e-5)
			CM = (0.0009496, 2.145e-6, 1.478e-5)
		ForceMonitor[i_system=1, step=172]:
			CF = (-0.2837, -0.00404, 0.0009927)
			CM = (0.05056, -2.238e-5, 0.0002902)
	step 172/359 at time 0.04777777777777778
		PressureLaplace(material_derivative)[step=173]: rebuild=false, panels=7288, CG iters=737, solved=true
		ForceMonitor[i_system=1, step=173]:
			CF = (-0.1908, -0.0001469, 0.0001548)
			CM = (0.008621, 2.122e-6, 0.0001532)
		PressureLaplace(lamb_vector)[step=173]: rebuild=false, panels=7288, CG iters=771, solved=true
		ForceMonitor[i_system=1, step=173]:
			CF = (-0.01736, 2.848e-5, 1.856e-5)
			CM = (0.0009504, 3.348e-6, 2.88e-5)
		ForceMonitor[i_system=1, step=173]:
			CF = (-0.2841, -0.004352, 0.001639)
			CM = (0.05046, -3.1e-5, 0.0004027)
	step 173/359 at time 0.04805555555555555
		PressureLaplace(material_derivative)[step=174]: rebuild=false, panels=7288, CG iters=737, solved=true
		ForceMonitor[i_system=1, step=174]:
			CF = (-0.191, -0.0001467, 0.0001617)
			CM = (0.008634, -1.881e-6, 0.0001078)
		PressureLaplace(lamb_vector)[step=174]: rebuild=false, panels=7288, CG iters=772, solved=true
		ForceMonitor[i_system=1, step=174]:
			CF = (-0.01742, 2.879e-5, 1.806e-5)
			CM = (0.0009508, 4.427e-6, 4.121e-5)
		ForceMonitor[i_system=1, step=174]:
			CF = (-0.2851, -0.004509, 0.002204)
			CM = (0.05062, -3.832e-5, 0.000493)
	step 174/359 at time 0.04833333333333333
		PressureLaplace(material_derivative)[step=175]: rebuild=false, panels=7288, CG iters=737, solved=true
		ForceMonitor[i_system=1, step=175]:
			CF = (-0.1909, -0.0001396, 0.0001596)
			CM = (0.008654, -5.792e-6, 5.525e-5)
		PressureLaplace(lamb_vector)[step=175]: rebuild=false, panels=7288, CG iters=772, solved=true
		ForceMonitor[i_system=1, step=175]:
			CF = (-0.01753, 2.686e-5, 1.672e-5)
			CM = (0.0009508, 5.326e-6, 5.205e-5)
		ForceMonitor[i_system=1, step=175]:
			CF = (-0.2865, -0.00446, 0.002678)
			CM = (0.05105, -4.398e-5, 0.0005592)
	step 175/359 at time 0.04861111111111111
		PressureLaplace(material_derivative)[step=176]: rebuild=false, panels=7288, CG iters=737, solved=true
		ForceMonitor[i_system=1, step=176]:
			CF = (-0.1907, -0.0001279, 0.0001497)
			CM = (0.008679, -9.534e-6, -2.973e-6)
		PressureLaplace(lamb_vector)[step=176]: rebuild=false, panels=7288, CG iters=772, solved=true
		ForceMonitor[i_system=1, step=176]:
			CF = (-0.01768, 2.383e-5, 1.461e-5)
			CM = (0.00095, 6.043e-6, 6.095e-5)
		ForceMonitor[i_system=1, step=176]:
			CF = (-0.2883, -0.004259, 0.003054)
			CM = (0.05173, -4.787e-5, 0.0006027)
	step 176/359 at time 0.04888888888888889
		PressureLaplace(material_derivative)[step=177]: rebuild=false, panels=7288, CG iters=737, solved=true
		ForceMonitor[i_system=1, step=177]:
			CF = (-0.1902, -0.0001105, 0.0001327)
			CM = (0.008706, -1.303e-5, -6.522e-5)
		PressureLaplace(lamb_vector)[step=177]: rebuild=false, panels=7288, CG iters=772, solved=true
		ForceMonitor[i_system=1, step=177]:
			CF = (-0.01787, 1.752e-5, 1.128e-5)
			CM = (0.0009484, 6.555e-6, 6.826e-5)
		ForceMonitor[i_system=1, step=177]:
			CF = (-0.2904, -0.003865, 0.003336)
			CM = (0.05262, -5.004e-5, 0.0006252)
	step 177/359 at time 0.049166666666666664
		PressureLaplace(material_derivative)[step=178]: rebuild=false, panels=7288, CG iters=737, solved=true
		ForceMonitor[i_system=1, step=178]:
			CF = (-0.1894, -8.827e-5, 0.0001099)
			CM = (0.008733, -1.625e-5, -0.0001288)
		PressureLaplace(lamb_vector)[step=178]: rebuild=false, panels=7288, CG iters=772, solved=true
		ForceMonitor[i_system=1, step=178]:
			CF = (-0.01807, 1.327e-5, 7.253e-6)
			CM = (0.000946, 6.888e-6, 7.365e-5)
		ForceMonitor[i_system=1, step=178]:
			CF = (-0.2926, -0.003319, 0.003529)
			CM = (0.05366, -5.088e-5, 0.00063)
	step 178/359 at time 0.049444444444444444
		PressureLaplace(material_derivative)[step=179]: rebuild=false, panels=7288, CG iters=737, solved=true
		ForceMonitor[i_system=1, step=179]:
			CF = (-0.1885, -6.418e-5, 8.39e-5)
			CM = (0.008756, -1.904e-5, -0.0001899)
		PressureLaplace(lamb_vector)[step=179]: rebuild=false, panels=7288, CG iters=772, solved=true
		ForceMonitor[i_system=1, step=179]:
			CF = (-0.01828, 7.051e-6, 2.818e-6)
			CM = (0.000943, 7.02e-6, 7.718e-5)
		ForceMonitor[i_system=1, step=179]:
			CF = (-0.2947, -0.002689, 0.003633)
			CM = (0.05475, -5.01e-5, 0.0006186)
	step 179/359 at time 0.04972222222222222
		PressureLaplace(material_derivative)[step=180]: rebuild=false, panels=7288, CG iters=736, solved=true
		ForceMonitor[i_system=1, step=180]:
			CF = (-0.1876, -3.732e-5, 5.589e-5)
			CM = (0.008774, -2.126e-5, -0.0002445)
		PressureLaplace(lamb_vector)[step=180]: rebuild=false, panels=7288, CG iters=772, solved=true
		ForceMonitor[i_system=1, step=180]:
			CF = (-0.01847, 2.804e-6, -1.868e-6)
			CM = (0.0009397, 6.947e-6, 7.815e-5)
		ForceMonitor[i_system=1, step=180]:
			CF = (-0.2965, -0.001968, 0.003636)
			CM = (0.05578, -4.79e-5, 0.0005908)
	step 180/359 at time 0.05
		PressureLaplace(material_derivative)[step=181]: rebuild=false, panels=7288, CG iters=736, solved=true
		ForceMonitor[i_system=1, step=181]:
			CF = (-0.1866, -9.472e-6, 2.73e-5)
			CM = (0.008785, -2.277e-5, -0.0002881)
		PressureLaplace(lamb_vector)[step=181]: rebuild=false, panels=7288, CG iters=772, solved=true
		ForceMonitor[i_system=1, step=181]:
			CF = (-0.01862, -1.797e-6, -6.422e-6)
			CM = (0.0009364, 6.62e-6, 7.652e-5)
		ForceMonitor[i_system=1, step=181]:
			CF = (-0.2979, -0.001202, 0.003516)
			CM = (0.05665, -4.434e-5, 0.0005455)
	step 181/359 at time 0.050277777777777775
		PressureLaplace(material_derivative)[step=182]: rebuild=false, panels=7288, CG iters=736, solved=true
		ForceMonitor[i_system=1, step=182]:
			CF = (-0.1858, 1.865e-5, -1.243e-6)
			CM = (0.008786, -2.336e-5, -0.0003172)
		PressureLaplace(lamb_vector)[step=182]: rebuild=false, panels=7288, CG iters=772, solved=true
		ForceMonitor[i_system=1, step=182]:
			CF = (-0.01872, -8.199e-6, -1.074e-5)
			CM = (0.0009336, 6.014e-6, 7.187e-5)
		ForceMonitor[i_system=1, step=182]:
			CF = (-0.2988, -0.0003982, 0.003251)
			CM = (0.05727, -3.914e-5, 0.0004808)
	step 182/359 at time 0.050555555555555555
		PressureLaplace(material_derivative)[step=183]: rebuild=false, panels=7288, CG iters=736, solved=true
		ForceMonitor[i_system=1, step=183]:
			CF = (-0.1852, 4.574e-5, -2.816e-5)
			CM = (0.008779, -2.299e-5, -0.0003297)
		PressureLaplace(lamb_vector)[step=183]: rebuild=false, panels=7288, CG iters=772, solved=true
		ForceMonitor[i_system=1, step=183]:
			CF = (-0.01876, -1.402e-5, -1.459e-5)
			CM = (0.0009313, 5.159e-6, 6.41e-5)
		ForceMonitor[i_system=1, step=183]:
			CF = (-0.299, 0.000407, 0.002844)
			CM = (0.05756, -3.274e-5, 0.0003984)
	step 183/359 at time 0.050833333333333335
		PressureLaplace(material_derivative)[step=184]: rebuild=false, panels=7288, CG iters=736, solved=true
		ForceMonitor[i_system=1, step=184]:
			CF = (-0.1848, 7.213e-5, -5.41e-5)
			CM = (0.008763, -2.163e-5, -0.0003252)
		PressureLaplace(lamb_vector)[step=184]: rebuild=false, panels=7288, CG iters=772, solved=true
		ForceMonitor[i_system=1, step=184]:
			CF = (-0.01874, -1.921e-5, -1.788e-5)
			CM = (0.0009297, 4.087e-6, 5.35e-5)
		ForceMonitor[i_system=1, step=184]:
			CF = (-0.2988, 0.001216, 0.002307)
			CM = (0.05753, -2.53e-5, 0.0003017)
	step 184/359 at time 0.051111111111111114
		PressureLaplace(material_derivative)[step=185]: rebuild=false, panels=7288, CG iters=735, solved=true
		ForceMonitor[i_system=1, step=185]:
			CF = (-0.1846, 9.566e-5, -7.647e-5)
			CM = (0.008741, -1.947e-5, -0.0003052)
		PressureLaplace(lamb_vector)[step=185]: rebuild=false, panels=7288, CG iters=772, solved=true
		ForceMonitor[i_system=1, step=185]:
			CF = (-0.01868, -2.354e-5, -2.04e-5)
			CM = (0.0009289, 2.872e-6, 4.085e-5)
		ForceMonitor[i_system=1, step=185]:
			CF = (-0.2981, 0.001973, 0.001677)
			CM = (0.0572, -1.763e-5, 0.0001974)
	step 185/359 at time 0.05138888888888889
		PressureLaplace(material_derivative)[step=186]: rebuild=false, panels=7288, CG iters=735, solved=true
		ForceMonitor[i_system=1, step=186]:
			CF = (-0.1847, 0.000113, -9.435e-5)
			CM = (0.008717, -1.668e-5, -0.0002724)
		PressureLaplace(lamb_vector)[step=186]: rebuild=false, panels=7288, CG iters=772, solved=true
		ForceMonitor[i_system=1, step=186]:
			CF = (-0.01858, -2.688e-5, -2.262e-5)
			CM = (0.0009287, 1.591e-6, 2.706e-5)
		ForceMonitor[i_system=1, step=186]:
			CF = (-0.2972, 0.002605, 0.0009944)
			CM = (0.05666, -1.001e-5, 9.199e-5)
	step 186/359 at time 0.051666666666666666
		PressureLaplace(material_derivative)[step=187]: rebuild=false, panels=7288, CG iters=735, solved=true
		ForceMonitor[i_system=1, step=187]:
			CF = (-0.185, 0.0001274, -0.0001084)
			CM = (0.008694, -1.325e-5, -0.00023)
		PressureLaplace(lamb_vector)[step=187]: rebuild=false, panels=7288, CG iters=772, solved=true
		ForceMonitor[i_system=1, step=187]:
			CF = (-0.01846, -2.876e-5, -2.371e-5)
			CM = (0.0009292, 2.833e-7, 1.302e-5)
		ForceMonitor[i_system=1, step=187]:
			CF = (-0.2963, 0.003181, 0.0002993)
			CM = (0.05599, -2.136e-6, -1.1e-5)
	step 187/359 at time 0.051944444444444446
		PressureLaplace(material_derivative)[step=188]: rebuild=false, panels=7288, CG iters=735, solved=true
		ForceMonitor[i_system=1, step=188]:
			CF = (-0.1854, 0.0001358, -0.0001168)
			CM = (0.008675, -9.525e-6, -0.0001813)
		PressureLaplace(lamb_vector)[step=188]: rebuild=false, panels=7288, CG iters=772, solved=true
		ForceMonitor[i_system=1, step=188]:
			CF = (-0.01835, -2.934e-5, -2.425e-5)
			CM = (0.0009302, -9.734e-7, -7.087e-7)
		ForceMonitor[i_system=1, step=188]:
			CF = (-0.2954, 0.003606, -0.0003629)
			CM = (0.05532, 5.031e-6, -0.0001047)
	step 188/359 at time 0.052222222222222225
		PressureLaplace(material_derivative)[step=189]: rebuild=false, panels=7288, CG iters=735, solved=true
		ForceMonitor[i_system=1, step=189]:
			CF = (-0.1858, 0.000139, -0.0001201)
			CM = (0.008662, -5.619e-6, -0.0001286)
		PressureLaplace(lamb_vector)[step=189]: rebuild=false, panels=7288, CG iters=772, solved=true
		ForceMonitor[i_system=1, step=189]:
			CF = (-0.01826, -2.811e-5, -2.399e-5)
			CM = (0.0009314, -2.121e-6, -1.34e-5)
		ForceMonitor[i_system=1, step=189]:
			CF = (-0.2949, 0.003895, -0.0009606)
			CM = (0.05474, 1.15e-5, -0.0001852)
	step 189/359 at time 0.0525
		PressureLaplace(material_derivative)[step=190]: rebuild=false, panels=7288, CG iters=735, solved=true
		ForceMonitor[i_system=1, step=190]:
			CF = (-0.1863, 0.0001339, -0.0001163)
			CM = (0.008657, -1.798e-6, -7.277e-5)
		PressureLaplace(lamb_vector)[step=190]: rebuild=false, panels=7288, CG iters=772, solved=true
		ForceMonitor[i_system=1, step=190]:
			CF = (-0.01821, -2.568e-5, -2.308e-5)
			CM = (0.0009326, -3.093e-6, -2.456e-5)
		ForceMonitor[i_system=1, step=190]:
			CF = (-0.2948, 0.00396, -0.001467)
			CM = (0.05433, 1.632e-5, -0.0002468)
	step 190/359 at time 0.05277777777777778
		PressureLaplace(material_derivative)[step=191]: rebuild=false, panels=7288, CG iters=735, solved=true
		ForceMonitor[i_system=1, step=191]:
			CF = (-0.1866, 0.0001242, -0.0001056)
			CM = (0.00866, 1.932e-6, -1.494e-5)
		PressureLaplace(lamb_vector)[step=191]: rebuild=false, panels=7288, CG iters=771, solved=true
		ForceMonitor[i_system=1, step=191]:
			CF = (-0.01821, -2.206e-5, -2.127e-5)
			CM = (0.0009336, -3.886e-6, -3.395e-5)
		ForceMonitor[i_system=1, step=191]:
			CF = (-0.2951, 0.003885, -0.001864)
			CM = (0.05416, 1.989e-5, -0.0002894)
	step 191/359 at time 0.05305555555555556
		PressureLaplace(material_derivative)[step=192]: rebuild=false, panels=7288, CG iters=736, solved=true
		ForceMonitor[i_system=1, step=192]:
			CF = (-0.1868, 0.0001086, -8.846e-5)
			CM = (0.008672, 5.402e-6, 4.463e-5)
		PressureLaplace(lamb_vector)[step=192]: rebuild=false, panels=7288, CG iters=771, solved=true
		ForceMonitor[i_system=1, step=192]:
			CF = (-0.01827, -1.765e-5, -1.861e-5)
			CM = (0.0009342, -4.477e-6, -4.12e-5)
		ForceMonitor[i_system=1, step=192]:
			CF = (-0.2961, 0.003631, -0.002159)
			CM = (0.05428, 2.176e-5, -0.0003121)
	step 192/359 at time 0.05333333333333334
		PressureLaplace(material_derivative)[step=193]: rebuild=false, panels=7288, CG iters=736, solved=true
		ForceMonitor[i_system=1, step=193]:
			CF = (-0.1867, 8.786e-5, -6.498e-5)
			CM = (0.008691, 8.581e-6, 0.0001053)
		PressureLaplace(lamb_vector)[step=193]: rebuild=false, panels=7288, CG iters=769, solved=true
		ForceMonitor[i_system=1, step=193]:
			CF = (-0.01837, -1.243e-5, -1.51e-5)
			CM = (0.0009342, -4.876e-6, -4.683e-5)
		ForceMonitor[i_system=1, step=193]:
			CF = (-0.2974, 0.003222, -0.002355)
			CM = (0.05469, 2.217e-5, -0.0003177)
	step 193/359 at time 0.05361111111111111
		PressureLaplace(material_derivative)[step=194]: rebuild=false, panels=7288, CG iters=736, solved=true
		ForceMonitor[i_system=1, step=194]:
			CF = (-0.1864, 6.328e-5, -3.69e-5)
			CM = (0.008715, 1.145e-5, 0.0001658)
		PressureLaplace(lamb_vector)[step=194]: rebuild=false, panels=7288, CG iters=767, solved=true
		ForceMonitor[i_system=1, step=194]:
			CF = (-0.01853, -6.572e-6, -1.088e-5)
			CM = (0.0009334, -5.097e-6, -5.089e-5)
		ForceMonitor[i_system=1, step=194]:
			CF = (-0.2992, 0.002694, -0.002465)
			CM = (0.05538, 2.115e-5, -0.0003088)
	step 194/359 at time 0.05388888888888889
		PressureLaplace(material_derivative)[step=195]: rebuild=false, panels=7288, CG iters=736, solved=true
		ForceMonitor[i_system=1, step=195]:
			CF = (-0.1859, 3.446e-5, -5.868e-6)
			CM = (0.008742, 1.397e-5, 0.0002244)
		PressureLaplace(lamb_vector)[step=195]: rebuild=false, panels=7288, CG iters=765, solved=true
		ForceMonitor[i_system=1, step=195]:
			CF = (-0.01871, -6.472e-7, -6.244e-6)
			CM = (0.0009317, -5.153e-6, -5.369e-5)
		ForceMonitor[i_system=1, step=195]:
			CF = (-0.3011, 0.002043, -0.002507)
			CM = (0.05628, 1.919e-5, -0.0002896)
	step 195/359 at time 0.05416666666666667
		PressureLaplace(material_derivative)[step=196]: rebuild=false, panels=7288, CG iters=736, solved=true
		ForceMonitor[i_system=1, step=196]:
			CF = (-0.1851, 5.294e-6, 2.56e-5)
			CM = (0.008767, 1.614e-5, 0.0002783)
		PressureLaplace(lamb_vector)[step=196]: rebuild=false, panels=7288, CG iters=764, solved=true
		ForceMonitor[i_system=1, step=196]:
			CF = (-0.01892, 5.229e-6, -9.128e-7)
			CM = (0.0009293, -5.052e-6, -5.449e-5)
		ForceMonitor[i_system=1, step=196]:
			CF = (-0.3031, 0.001358, -0.002483)
			CM = (0.05733, 1.673e-5, -0.0002635)
	step 196/359 at time 0.05444444444444444
		PressureLaplace(material_derivative)[step=197]: rebuild=false, panels=7288, CG iters=736, solved=true
		ForceMonitor[i_system=1, step=197]:
			CF = (-0.1842, -2.486e-5, 5.639e-5)
			CM = (0.00879, 1.777e-5, 0.0003244)
		PressureLaplace(lamb_vector)[step=197]: rebuild=false, panels=7288, CG iters=764, solved=true
		ForceMonitor[i_system=1, step=197]:
			CF = (-0.01912, 1.137e-5, 4.514e-6)
			CM = (0.0009261, -4.784e-6, -5.394e-5)
		ForceMonitor[i_system=1, step=197]:
			CF = (-0.305, 0.0006279, -0.002394)
			CM = (0.05842, 1.354e-5, -0.0002305)
	step 197/359 at time 0.05472222222222222
		PressureLaplace(material_derivative)[step=198]: rebuild=false, panels=7288, CG iters=736, solved=true
		ForceMonitor[i_system=1, step=198]:
			CF = (-0.1833, -5.388e-5, 8.396e-5)
			CM = (0.008808, 1.882e-5, 0.0003593)
		PressureLaplace(lamb_vector)[step=198]: rebuild=false, panels=7288, CG iters=764, solved=true
		ForceMonitor[i_system=1, step=198]:
			CF = (-0.0193, 1.744e-5, 9.683e-6)
			CM = (0.0009227, -4.343e-6, -5.153e-5)
		ForceMonitor[i_system=1, step=198]:
			CF = (-0.3066, -0.000102, -0.002232)
			CM = (0.05945, 9.931e-6, -0.0001902)
	step 198/359 at time 0.055
		PressureLaplace(material_derivative)[step=199]: rebuild=false, panels=7288, CG iters=736, solved=true
		ForceMonitor[i_system=1, step=199]:
			CF = (-0.1824, -8.158e-5, 0.0001085)
			CM = (0.008819, 1.908e-5, 0.0003798)
		PressureLaplace(lamb_vector)[step=199]: rebuild=false, panels=7288, CG iters=765, solved=true
		ForceMonitor[i_system=1, step=199]:
			CF = (-0.01944, 2.324e-5, 1.449e-5)
			CM = (0.0009193, -3.703e-6, -4.68e-5)
		ForceMonitor[i_system=1, step=199]:
			CF = (-0.3078, -0.0008313, -0.001977)
			CM = (0.06031, 5.478e-6, -0.0001406)
	step 199/359 at time 0.05527777777777778
		PressureLaplace(material_derivative)[step=200]: rebuild=false, panels=7288, CG iters=736, solved=true
		ForceMonitor[i_system=1, step=200]:
			CF = (-0.1817, -0.0001068, 0.000129)
			CM = (0.008823, 1.848e-5, 0.0003836)
		PressureLaplace(lamb_vector)[step=200]: rebuild=false, panels=7288, CG iters=767, solved=true
		ForceMonitor[i_system=1, step=200]:
			CF = (-0.01953, 2.779e-5, 1.863e-5)
			CM = (0.0009165, -2.855e-6, -3.931e-5)
		ForceMonitor[i_system=1, step=200]:
			CF = (-0.3085, -0.001532, -0.001619)
			CM = (0.06091, 2.343e-7, -8.009e-5)
	step 200/359 at time 0.05555555555555555
		PressureLaplace(material_derivative)[step=201]: rebuild=false, panels=7288, CG iters=736, solved=true
		ForceMonitor[i_system=1, step=201]:
			CF = (-0.1812, -0.0001283, 0.0001453)
			CM = (0.008819, 1.701e-5, 0.0003703)
		PressureLaplace(lamb_vector)[step=201]: rebuild=false, panels=7288, CG iters=769, solved=true
		ForceMonitor[i_system=1, step=201]:
			CF = (-0.01957, 3.29e-5, 2.219e-5)
			CM = (0.0009143, -1.816e-6, -2.971e-5)
		ForceMonitor[i_system=1, step=201]:
			CF = (-0.3086, -0.002176, -0.001154)
			CM = (0.06119, -5.646e-6, -8.835e-6)
	step 201/359 at time 0.05583333333333333
		PressureLaplace(material_derivative)[step=202]: rebuild=false, panels=7288, CG iters=736, solved=true
		ForceMonitor[i_system=1, step=202]:
			CF = (-0.1809, -0.0001455, 0.0001569)
			CM = (0.008808, 1.472e-5, 0.0003406)
		PressureLaplace(lamb_vector)[step=202]: rebuild=false, panels=7288, CG iters=770, solved=true
		ForceMonitor[i_system=1, step=202]:
			CF = (-0.01954, 3.71e-5, 2.498e-5)
			CM = (0.0009131, -6.24e-7, -1.785e-5)
		ForceMonitor[i_system=1, step=202]:
			CF = (-0.3082, -0.002755, -0.0005941)
			CM = (0.06113, -1.213e-5, 7.141e-5)
	step 202/359 at time 0.05611111111111111
		PressureLaplace(material_derivative)[step=203]: rebuild=false, panels=7288, CG iters=736, solved=true
		ForceMonitor[i_system=1, step=203]:
			CF = (-0.181, -0.0001597, 0.0001652)
			CM = (0.008792, 1.164e-5, 0.0002969)
		PressureLaplace(lamb_vector)[step=203]: rebuild=false, panels=7288, CG iters=770, solved=true
		ForceMonitor[i_system=1, step=203]:
			CF = (-0.01946, 4.032e-5, 2.704e-5)
			CM = (0.0009128, 6.926e-7, -4.537e-6)
		ForceMonitor[i_system=1, step=203]:
			CF = (-0.3075, -0.00329, 4.009e-5)
			CM = (0.06076, -1.926e-5, 0.0001576)
	step 203/359 at time 0.05638888888888889
		PressureLaplace(material_derivative)[step=204]: rebuild=false, panels=7288, CG iters=736, solved=true
		ForceMonitor[i_system=1, step=204]:
			CF = (-0.1813, -0.0001704, 0.0001703)
			CM = (0.008773, 7.989e-6, 0.0002434)
		PressureLaplace(lamb_vector)[step=204]: rebuild=false, panels=7288, CG iters=771, solved=true
		ForceMonitor[i_system=1, step=204]:
			CF = (-0.01934, 4.112e-5, 2.82e-5)
			CM = (0.0009133, 2.032e-6, 9.361e-6)
		ForceMonitor[i_system=1, step=204]:
			CF = (-0.3065, -0.00376, 0.0007049)
			CM = (0.06015, -2.648e-5, 0.0002443)
	step 204/359 at time 0.056666666666666664
		PressureLaplace(material_derivative)[step=205]: rebuild=false, panels=7288, CG iters=736, solved=true
		ForceMonitor[i_system=1, step=205]:
			CF = (-0.1817, -0.0001754, 0.0001711)
			CM = (0.008752, 4.094e-6, 0.0001836)
		PressureLaplace(lamb_vector)[step=205]: rebuild=false, panels=7288, CG iters=771, solved=true
		ForceMonitor[i_system=1, step=205]:
			CF = (-0.01921, 4.174e-5, 2.912e-5)
			CM = (0.0009146, 3.33e-6, 2.351e-5)
		ForceMonitor[i_system=1, step=205]:
			CF = (-0.3053, -0.0041, 0.001358)
			CM = (0.05939, -3.278e-5, 0.0003243)
	step 205/359 at time 0.05694444444444444
		PressureLaplace(material_derivative)[step=206]: rebuild=false, panels=7288, CG iters=736, solved=true
		ForceMonitor[i_system=1, step=206]:
			CF = (-0.1823, -0.0001754, 0.0001671)
			CM = (0.008734, 8.1e-8, 0.0001206)
		PressureLaplace(lamb_vector)[step=206]: rebuild=false, panels=7288, CG iters=771, solved=true
		ForceMonitor[i_system=1, step=206]:
			CF = (-0.01907, 3.916e-5, 2.931e-5)
			CM = (0.0009163, 4.499e-6, 3.636e-5)
		ForceMonitor[i_system=1, step=206]:
			CF = (-0.3043, -0.004332, 0.001956)
			CM = (0.0586, -3.807e-5, 0.0003927)
	step 206/359 at time 0.05722222222222222
		PressureLaplace(material_derivative)[step=207]: rebuild=false, panels=7288, CG iters=736, solved=true
		ForceMonitor[i_system=1, step=207]:
			CF = (-0.1829, -0.0001694, 0.0001573)
			CM = (0.00872, -3.739e-6, 5.726e-5)
		PressureLaplace(lamb_vector)[step=207]: rebuild=false, panels=7288, CG iters=772, solved=true
		ForceMonitor[i_system=1, step=207]:
			CF = (-0.01896, 3.539e-5, 2.866e-5)
			CM = (0.0009181, 5.451e-6, 4.732e-5)
		ForceMonitor[i_system=1, step=207]:
			CF = (-0.3035, -0.004419, 0.002451)
			CM = (0.05789, -4.141e-5, 0.0004417)
	step 207/359 at time 0.0575
		PressureLaplace(material_derivative)[step=208]: rebuild=false, panels=7288, CG iters=736, solved=true
		ForceMonitor[i_system=1, step=208]:
			CF = (-0.1835, -0.000157, 0.0001405)
			CM = (0.008713, -7.195e-6, -5.775e-6)
		PressureLaplace(lamb_vector)[step=208]: rebuild=false, panels=7288, CG iters=772, solved=true
		ForceMonitor[i_system=1, step=208]:
			CF = (-0.01888, 3.013e-5, 2.741e-5)
			CM = (0.0009198, 6.149e-6, 5.584e-5)
		ForceMonitor[i_system=1, step=208]:
			CF = (-0.3031, -0.004341, 0.002817)
			CM = (0.05734, -4.242e-5, 0.000467)
	step 208/359 at time 0.057777777777777775
		PressureLaplace(material_derivative)[step=209]: rebuild=false, panels=7288, CG iters=736, solved=true
		ForceMonitor[i_system=1, step=209]:
			CF = (-0.1839, -0.0001393, 0.0001168)
			CM = (0.008713, -1.028e-5, -6.828e-5)
		PressureLaplace(lamb_vector)[step=209]: rebuild=false, panels=7288, CG iters=772, solved=true
		ForceMonitor[i_system=1, step=209]:
			CF = (-0.01885, 2.379e-5, 2.503e-5)
			CM = (0.0009213, 6.583e-6, 6.157e-5)
		ForceMonitor[i_system=1, step=209]:
			CF = (-0.3031, -0.004123, 0.003046)
			CM = (0.05706, -4.125e-5, 0.0004673)
	step 209/359 at time 0.058055555555555555
		PressureLaplace(material_derivative)[step=210]: rebuild=false, panels=7288, CG iters=736, solved=true
		ForceMonitor[i_system=1, step=210]:
			CF = (-0.1841, -0.0001162, 8.699e-5)
			CM = (0.008722, -1.292e-5, -0.0001297)
		PressureLaplace(lamb_vector)[step=210]: rebuild=false, panels=7288, CG iters=772, solved=true
		ForceMonitor[i_system=1, step=210]:
			CF = (-0.01888, 1.668e-5, 2.174e-5)
			CM = (0.0009221, 6.76e-6, 6.487e-5)
		ForceMonitor[i_system=1, step=210]:
			CF = (-0.3037, -0.003755, 0.003144)
			CM = (0.05707, -3.799e-5, 0.0004448)
	step 210/359 at time 0.058333333333333334
		PressureLaplace(material_derivative)[step=211]: rebuild=false, panels=7288, CG iters=735, solved=true
		ForceMonitor[i_system=1, step=211]:
			CF = (-0.1841, -8.797e-5, 5.202e-5)
			CM = (0.008738, -1.51e-5, -0.0001895)
		PressureLaplace(lamb_vector)[step=211]: rebuild=false, panels=7288, CG iters=772, solved=true
		ForceMonitor[i_system=1, step=211]:
			CF = (-0.01897, 8.974e-6, 1.764e-5)
			CM = (0.0009222, 6.707e-6, 6.597e-5)
		ForceMonitor[i_system=1, step=211]:
			CF = (-0.3048, -0.003245, 0.00313)
			CM = (0.0574, -3.285e-5, 0.0004033)
	step 211/359 at time 0.058611111111111114
		PressureLaplace(material_derivative)[step=212]: rebuild=false, panels=7288, CG iters=735, solved=true
		ForceMonitor[i_system=1, step=212]:
			CF = (-0.1838, -5.579e-5, 1.411e-5)
			CM = (0.008759, -1.692e-5, -0.0002469)
		PressureLaplace(lamb_vector)[step=212]: rebuild=false, panels=7288, CG iters=772, solved=true
		ForceMonitor[i_system=1, step=212]:
			CF = (-0.01911, 1.087e-6, 1.283e-5)
			CM = (0.0009214, 6.473e-6, 6.548e-5)
		ForceMonitor[i_system=1, step=212]:
			CF = (-0.3063, -0.002631, 0.003032)
			CM = (0.05803, -2.668e-5, 0.0003494)
	step 212/359 at time 0.058888888888888886
		PressureLaplace(material_derivative)[step=213]: rebuild=false, panels=7288, CG iters=735, solved=true
		ForceMonitor[i_system=1, step=213]:
			CF = (-0.1833, -2.08e-5, -2.469e-5)
			CM = (0.008783, -1.834e-5, -0.0002995)
		PressureLaplace(lamb_vector)[step=213]: rebuild=false, panels=7288, CG iters=771, solved=true
		ForceMonitor[i_system=1, step=213]:
			CF = (-0.01928, -6.37e-6, 7.549e-6)
			CM = (0.0009197, 6.082e-6, 6.32e-5)
		ForceMonitor[i_system=1, step=213]:
			CF = (-0.308, -0.00194, 0.002867)
			CM = (0.05888, -1.968e-5, 0.0002876)
	step 213/359 at time 0.059166666666666666
		PressureLaplace(material_derivative)[step=214]: rebuild=false, panels=7288, CG iters=735, solved=true
		ForceMonitor[i_system=1, step=214]:
			CF = (-0.1825, 1.453e-5, -6.122e-5)
			CM = (0.008808, -1.939e-5, -0.000345)
		PressureLaplace(lamb_vector)[step=214]: rebuild=false, panels=7288, CG iters=771, solved=true
		ForceMonitor[i_system=1, step=214]:
			CF = (-0.01948, -1.373e-5, 1.935e-6)
			CM = (0.0009172, 5.549e-6, 5.972e-5)
		ForceMonitor[i_system=1, step=214]:
			CF = (-0.3098, -0.001219, 0.002651)
			CM = (0.05989, -1.26e-5, 0.0002225)
	step 214/359 at time 0.059444444444444446
		PressureLaplace(material_derivative)[step=215]: rebuild=false, panels=7288, CG iters=735, solved=true
		ForceMonitor[i_system=1, step=215]:
			CF = (-0.1817, 5.07e-5, -9.448e-5)
			CM = (0.00883, -1.981e-5, -0.0003793)
		PressureLaplace(lamb_vector)[step=215]: rebuild=false, panels=7288, CG iters=771, solved=true
		ForceMonitor[i_system=1, step=215]:
			CF = (-0.01967, -2.156e-5, -3.29e-6)
			CM = (0.000914, 4.828e-6, 5.457e-5)
		ForceMonitor[i_system=1, step=215]:
			CF = (-0.3115, -0.0004526, 0.002366)
			CM = (0.06096, -4.68e-6, 0.0001525)
	step 215/359 at time 0.059722222222222225
		PressureLaplace(material_derivative)[step=216]: rebuild=false, panels=7288, CG iters=735, solved=true
		ForceMonitor[i_system=1, step=216]:
			CF = (-0.1808, 8.523e-5, -0.0001226)
			CM = (0.008849, -1.944e-5, -0.0003985)
		PressureLaplace(lamb_vector)[step=216]: rebuild=false, panels=7288, CG iters=771, solved=true
		ForceMonitor[i_system=1, step=216]:
			CF = (-0.01984, -2.86e-5, -8.344e-6)
			CM = (0.0009107, 3.883e-6, 4.72e-5)
		ForceMonitor[i_system=1, step=216]:
			CF = (-0.3129, 0.0003164, 0.001992)
			CM = (0.06196, 4.079e-6, 7.568e-5)
	step 216/359 at time 0.06
		PressureLaplace(material_derivative)[step=217]: rebuild=false, panels=7288, CG iters=734, solved=true
		ForceMonitor[i_system=1, step=217]:
			CF = (-0.18, 0.0001171, -0.000145)
			CM = (0.008863, -1.809e-5, -0.0003991)
		PressureLaplace(lamb_vector)[step=217]: rebuild=false, panels=7288, CG iters=771, solved=true
		ForceMonitor[i_system=1, step=217]:
			CF = (-0.01997, -3.425e-5, -1.287e-5)
			CM = (0.0009076, 2.663e-6, 3.689e-5)
		ForceMonitor[i_system=1, step=217]:
			CF = (-0.314, 0.001073, 0.001504)
			CM = (0.0628, 1.402e-5, -1.146e-5)
	step 217/359 at time 0.06027777777777778
		PressureLaplace(material_derivative)[step=218]: rebuild=false, panels=7288, CG iters=734, solved=true
		ForceMonitor[i_system=1, step=218]:
			CF = (-0.1794, 0.0001459, -0.0001628)
			CM = (0.008871, -1.558e-5, -0.0003799)
		PressureLaplace(lamb_vector)[step=218]: rebuild=false, panels=7288, CG iters=771, solved=true
		ForceMonitor[i_system=1, step=218]:
			CF = (-0.02005, -4.09e-5, -1.632e-5)
			CM = (0.0009051, 1.155e-6, 2.354e-5)
		ForceMonitor[i_system=1, step=218]:
			CF = (-0.3145, 0.001816, 0.0008778)
			CM = (0.06336, 2.553e-5, -0.0001128)
	step 218/359 at time 0.06055555555555556
		PressureLaplace(material_derivative)[step=219]: rebuild=false, panels=7288, CG iters=733, solved=true
		ForceMonitor[i_system=1, step=219]:
			CF = (-0.1791, 0.0001711, -0.0001773)
			CM = (0.008871, -1.193e-5, -0.0003425)
		PressureLaplace(lamb_vector)[step=219]: rebuild=false, panels=7288, CG iters=771, solved=true
		ForceMonitor[i_system=1, step=219]:
			CF = (-0.02007, -4.646e-5, -1.914e-5)
			CM = (0.0009035, -6.017e-7, 7.51e-6)
		ForceMonitor[i_system=1, step=219]:
			CF = (-0.3145, 0.002531, 0.0001191)
			CM = (0.0636, 3.85e-5, -0.0002287)
	step 219/359 at time 0.060833333333333336
		PressureLaplace(material_derivative)[step=220]: rebuild=false, panels=7288, CG iters=730, solved=true
		ForceMonitor[i_system=1, step=220]:
			CF = (-0.1791, 0.0001928, -0.0001901)
			CM = (0.008865, -7.227e-6, -0.0002893)
		PressureLaplace(lamb_vector)[step=220]: rebuild=false, panels=7288, CG iters=771, solved=true
		ForceMonitor[i_system=1, step=220]:
			CF = (-0.02003, -5.34e-5, -2.133e-5)
			CM = (0.000903, -2.571e-6, -1.088e-5)
		ForceMonitor[i_system=1, step=220]:
			CF = (-0.3141, 0.003215, -0.000762)
			CM = (0.06349, 5.27e-5, -0.0003577)
	step 220/359 at time 0.06111111111111111
		PressureLaplace(material_derivative)[step=221]: rebuild=false, panels=7288, CG iters=729, solved=true
		ForceMonitor[i_system=1, step=221]:
			CF = (-0.1793, 0.0002097, -0.0002013)
			CM = (0.008852, -1.821e-6, -0.0002256)
		PressureLaplace(lamb_vector)[step=221]: rebuild=false, panels=7288, CG iters=771, solved=true
		ForceMonitor[i_system=1, step=221]:
			CF = (-0.01994, -5.64e-5, -2.291e-5)
			CM = (0.0009036, -4.608e-6, -3.087e-5)
		ForceMonitor[i_system=1, step=221]:
			CF = (-0.3131, 0.003831, -0.001713)
			CM = (0.06304, 6.696e-5, -0.0004933)
	step 221/359 at time 0.06138888888888889
		PressureLaplace(material_derivative)[step=222]: rebuild=false, panels=7288, CG iters=616, solved=true
		ForceMonitor[i_system=1, step=222]:
			CF = (-0.1798, 0.0002216, -0.0002104)
			CM = (0.008834, 3.958e-6, -0.0001556)
		PressureLaplace(lamb_vector)[step=222]: rebuild=false, panels=7288, CG iters=771, solved=true
		ForceMonitor[i_system=1, step=222]:
			CF = (-0.0198, -5.606e-5, -2.417e-5)
			CM = (0.0009051, -6.607e-6, -5.132e-5)
		ForceMonitor[i_system=1, step=222]:
			CF = (-0.3119, 0.00436, -0.002678)
			CM = (0.06233, 8.046e-5, -0.0006275)
	step 222/359 at time 0.06166666666666667
		PressureLaplace(material_derivative)[step=223]: rebuild=false, panels=7288, CG iters=726, solved=true
		ForceMonitor[i_system=1, step=223]:
			CF = (-0.1805, 0.0002278, -0.000217)
			CM = (0.008815, 9.812e-6, -8.395e-5)
		PressureLaplace(lamb_vector)[step=223]: rebuild=false, panels=7288, CG iters=771, solved=true
		ForceMonitor[i_system=1, step=223]:
			CF = (-0.01963, -5.456e-5, -2.49e-5)
			CM = (0.0009073, -8.439e-6, -7.057e-5)
		ForceMonitor[i_system=1, step=223]:
			CF = (-0.3105, 0.004801, -0.003588)
			CM = (0.06144, 9.228e-5, -0.0007502)
	step 223/359 at time 0.06194444444444445
		PressureLaplace(material_derivative)[step=224]: rebuild=false, panels=7288, CG iters=729, solved=true
		ForceMonitor[i_system=1, step=224]:
			CF = (-0.1812, 0.0002278, -0.0002187)
			CM = (0.008795, 1.527e-5, -1.421e-5)
		PressureLaplace(lamb_vector)[step=224]: rebuild=false, panels=7288, CG iters=771, solved=true
		ForceMonitor[i_system=1, step=224]:
			CF = (-0.01947, -5.134e-5, -2.534e-5)
			CM = (0.0009099, -9.962e-6, -8.706e-5)
		ForceMonitor[i_system=1, step=224]:
			CF = (-0.3091, 0.005107, -0.00437)
			CM = (0.0605, 0.000101, -0.0008496)
	step 224/359 at time 0.06222222222222222
		PressureLaplace(material_derivative)[step=225]: rebuild=false, panels=7288, CG iters=730, solved=true
		ForceMonitor[i_system=1, step=225]:
			CF = (-0.182, 0.0002201, -0.0002123)
			CM = (0.008778, 1.994e-5, 5.224e-5)
		PressureLaplace(lamb_vector)[step=225]: rebuild=false, panels=7288, CG iters=770, solved=true
		ForceMonitor[i_system=1, step=225]:
			CF = (-0.01932, -4.547e-5, -2.5e-5)
			CM = (0.0009125, -1.106e-5, -9.973e-5)
		ForceMonitor[i_system=1, step=225]:
			CF = (-0.3079, 0.005236, -0.00496)
			CM = (0.05963, 0.0001053, -0.0009137)
	step 225/359 at time 0.0625
		PressureLaplace(material_derivative)[step=226]: rebuild=false, panels=7288, CG iters=733, solved=true
		ForceMonitor[i_system=1, step=226]:
			CF = (-0.1826, 0.0002049, -0.0001965)
			CM = (0.008766, 2.372e-5, 0.0001156)
		PressureLaplace(lamb_vector)[step=226]: rebuild=false, panels=7288, CG iters=767, solved=true
		ForceMonitor[i_system=1, step=226]:
			CF = (-0.01921, -4.037e-5, -2.404e-5)
			CM = (0.0009148, -1.169e-5, -0.0001082)
		ForceMonitor[i_system=1, step=226]:
			CF = (-0.3071, 0.005187, -0.005324)
			CM = (0.05894, 0.0001051, -0.0009358)
	step 226/359 at time 0.06277777777777778
		PressureLaplace(material_derivative)[step=227]: rebuild=false, panels=7288, CG iters=734, solved=true
		ForceMonitor[i_system=1, step=227]:
			CF = (-0.1831, 0.0001811, -0.00017)
			CM = (0.008762, 2.649e-5, 0.0001767)
		PressureLaplace(lamb_vector)[step=227]: rebuild=false, panels=7288, CG iters=765, solved=true
		ForceMonitor[i_system=1, step=227]:
			CF = (-0.01915, -3.156e-5, -2.205e-5)
			CM = (0.0009167, -1.184e-5, -0.0001119)
		ForceMonitor[i_system=1, step=227]:
			CF = (-0.3069, 0.004922, -0.005457)
			CM = (0.05851, 0.0001, -0.000913)
	step 227/359 at time 0.06305555555555556
		PressureLaplace(material_derivative)[step=228]: rebuild=false, panels=7288, CG iters=735, solved=true
		ForceMonitor[i_system=1, step=228]:
			CF = (-0.1834, 0.0001493, -0.0001337)
			CM = (0.008767, 2.827e-5, 0.0002355)
		PressureLaplace(lamb_vector)[step=228]: rebuild=false, panels=7288, CG iters=762, solved=true
		ForceMonitor[i_system=1, step=228]:
			CF = (-0.01916, -2.178e-5, -1.889e-5)
			CM = (0.0009178, -1.155e-5, -0.0001112)
		ForceMonitor[i_system=1, step=228]:
			CF = (-0.3071, 0.004447, -0.005372)
			CM = (0.05841, 9.066e-5, -0.0008487)
	step 228/359 at time 0.06333333333333334
		PressureLaplace(material_derivative)[step=229]: rebuild=false, panels=7288, CG iters=735, solved=true
		ForceMonitor[i_system=1, step=229]:
			CF = (-0.1834, 0.0001115, -9.042e-5)
			CM = (0.00878, 2.919e-5, 0.0002913)
		PressureLaplace(lamb_vector)[step=229]: rebuild=false, panels=7288, CG iters=762, solved=true
		ForceMonitor[i_system=1, step=229]:
			CF = (-0.01923, -1.135e-5, -1.478e-5)
			CM = (0.000918, -1.088e-5, -0.0001069)
		ForceMonitor[i_system=1, step=229]:
			CF = (-0.3079, 0.003806, -0.005103)
			CM = (0.05865, 7.792e-5, -0.0007502)
	step 229/359 at time 0.0636111111111111
		PressureLaplace(material_derivative)[step=230]: rebuild=false, panels=7288, CG iters=735, solved=true
		ForceMonitor[i_system=1, step=230]:
			CF = (-0.1831, 6.946e-5, -4.336e-5)
			CM = (0.008799, 2.937e-5, 0.0003424)
		PressureLaplace(lamb_vector)[step=230]: rebuild=false, panels=7288, CG iters=761, solved=true
		ForceMonitor[i_system=1, step=230]:
			CF = (-0.01935, -1.709e-6, -1.006e-5)
			CM = (0.0009173, -9.91e-6, -9.942e-5)
		ForceMonitor[i_system=1, step=230]:
			CF = (-0.3092, 0.003041, -0.004691)
			CM = (0.05921, 6.295e-5, -0.0006276)
	step 230/359 at time 0.06388888888888888
		PressureLaplace(material_derivative)[step=231]: rebuild=false, panels=7288, CG iters=735, solved=true
		ForceMonitor[i_system=1, step=231]:
			CF = (-0.1827, 2.391e-5, 4.669e-6)
			CM = (0.008823, 2.875e-5, 0.0003857)
		PressureLaplace(lamb_vector)[step=231]: rebuild=false, panels=7288, CG iters=762, solved=true
		ForceMonitor[i_system=1, step=231]:
			CF = (-0.01951, 8.345e-6, -4.935e-6)
			CM = (0.0009156, -8.667e-6, -8.948e-5)
		ForceMonitor[i_system=1, step=231]:
			CF = (-0.3107, 0.002171, -0.004165)
			CM = (0.06001, 4.609e-5, -0.0004887)
	step 231/359 at time 0.06416666666666666
		PressureLaplace(material_derivative)[step=232]: rebuild=false, panels=7288, CG iters=735, solved=true
		ForceMonitor[i_system=1, step=232]:
			CF = (-0.182, -2.244e-5, 5.008e-5)
			CM = (0.008848, 2.733e-5, 0.0004165)
		PressureLaplace(lamb_vector)[step=232]: rebuild=false, panels=7288, CG iters=763, solved=true
		ForceMonitor[i_system=1, step=232]:
			CF = (-0.01969, 1.853e-5, 2.991e-7)
			CM = (0.0009131, -7.174e-6, -7.71e-5)
		ForceMonitor[i_system=1, step=232]:
			CF = (-0.3124, 0.001249, -0.003534)
			CM = (0.06099, 2.802e-5, -0.0003397)
	step 232/359 at time 0.06444444444444444
		PressureLaplace(material_derivative)[step=233]: rebuild=false, panels=7288, CG iters=735, solved=true
		ForceMonitor[i_system=1, step=233]:
			CF = (-0.1813, -6.948e-5, 9.123e-5)
			CM = (0.008873, 2.485e-5, 0.0004299)
		PressureLaplace(lamb_vector)[step=233]: rebuild=false, panels=7288, CG iters=767, solved=true
		ForceMonitor[i_system=1, step=233]:
			CF = (-0.01987, 2.884e-5, 5.07e-6)
			CM = (0.0009102, -5.366e-6, -6.21e-5)
		ForceMonitor[i_system=1, step=233]:
			CF = (-0.314, 0.0002707, -0.002787)
			CM = (0.06202, 8.253e-6, -0.0001815)
	step 233/359 at time 0.06472222222222222
		PressureLaplace(material_derivative)[step=234]: rebuild=false, panels=7288, CG iters=735, solved=true
		ForceMonitor[i_system=1, step=234]:
			CF = (-0.1805, -0.0001141, 0.0001266)
			CM = (0.008894, 2.119e-5, 0.0004221)
		PressureLaplace(lamb_vector)[step=234]: rebuild=false, panels=7288, CG iters=769, solved=true
		ForceMonitor[i_system=1, step=234]:
			CF = (-0.02003, 3.975e-5, 9.136e-6)
			CM = (0.0009071, -3.246e-6, -4.417e-5)
		ForceMonitor[i_system=1, step=234]:
			CF = (-0.3153, -0.0007095, -0.001906)
			CM = (0.06298, -1.292e-5, -1.38e-5)
	step 234/359 at time 0.065
		PressureLaplace(material_derivative)[step=235]: rebuild=false, panels=7288, CG iters=735, solved=true
		ForceMonitor[i_system=1, step=235]:
			CF = (-0.1799, -0.0001551, 0.0001566)
			CM = (0.008911, 1.623e-5, 0.0003914)
		PressureLaplace(lamb_vector)[step=235]: rebuild=false, panels=7288, CG iters=770, solved=true
		ForceMonitor[i_system=1, step=235]:
			CF = (-0.02015, 4.928e-5, 1.275e-5)
			CM = (0.0009044, -8.182e-7, -2.319e-5)
		ForceMonitor[i_system=1, step=235]:
			CF = (-0.3162, -0.001676, -0.000875)
			CM = (0.06377, -3.548e-5, 0.0001655)
	step 235/359 at time 0.06527777777777778
		PressureLaplace(material_derivative)[step=236]: rebuild=false, panels=7288, CG iters=735, solved=true
		ForceMonitor[i_system=1, step=236]:
			CF = (-0.1795, -0.0001918, 0.0001826)
			CM = (0.008921, 9.968e-6, 0.0003389)
		PressureLaplace(lamb_vector)[step=236]: rebuild=false, panels=7288, CG iters=770, solved=true
		ForceMonitor[i_system=1, step=236]:
			CF = (-0.02022, 5.76e-5, 1.525e-5)
			CM = (0.0009026, 1.882e-6, 1.381e-6)
		ForceMonitor[i_system=1, step=236]:
			CF = (-0.3167, -0.002624, 0.0003061)
			CM = (0.06428, -5.93e-5, 0.0003572)
	step 236/359 at time 0.06555555555555556
		PressureLaplace(material_derivative)[step=237]: rebuild=false, panels=7288, CG iters=735, solved=true
		ForceMonitor[i_system=1, step=237]:
			CF = (-0.1793, -0.0002233, 0.0002063)
			CM = (0.008924, 2.637e-6, 0.0002692)
		PressureLaplace(lamb_vector)[step=237]: rebuild=false, panels=7288, CG iters=771, solved=true
		ForceMonitor[i_system=1, step=237]:
			CF = (-0.02022, 6.402e-5, 1.687e-5)
			CM = (0.0009016, 4.754e-6, 2.79e-5)
		ForceMonitor[i_system=1, step=237]:
			CF = (-0.3166, -0.003531, 0.001607)
			CM = (0.06444, -8.349e-5, 0.000559)
	step 237/359 at time 0.06583333333333333
		PressureLaplace(material_derivative)[step=238]: rebuild=false, panels=7288, CG iters=735, solved=true
		ForceMonitor[i_system=1, step=238]:
			CF = (-0.1794, -0.0002502, 0.0002293)
			CM = (0.008918, -5.514e-6, 0.0001874)
		PressureLaplace(lamb_vector)[step=238]: rebuild=false, panels=7288, CG iters=771, solved=true
		ForceMonitor[i_system=1, step=238]:
			CF = (-0.02016, 6.989e-5, 1.796e-5)
			CM = (0.0009019, 7.71e-6, 5.633e-5)
		ForceMonitor[i_system=1, step=238]:
			CF = (-0.3159, -0.004399, 0.002987)
			CM = (0.06423, -0.0001076, 0.0007666)
	step 238/359 at time 0.0661111111111111
		PressureLaplace(material_derivative)[step=239]: rebuild=false, panels=7288, CG iters=735, solved=true
		ForceMonitor[i_system=1, step=239]:
			CF = (-0.1798, -0.0002693, 0.00025)
			CM = (0.008904, -1.394e-5, 9.934e-5)
		PressureLaplace(lamb_vector)[step=239]: rebuild=false, panels=7288, CG iters=771, solved=true
		ForceMonitor[i_system=1, step=239]:
			CF = (-0.02004, 7.193e-5, 1.899e-5)
			CM = (0.0009032, 1.056e-5, 8.476e-5)
		ForceMonitor[i_system=1, step=239]:
			CF = (-0.3147, -0.005164, 0.004372)
			CM = (0.06366, -0.0001297, 0.0009701)
	step 239/359 at time 0.06638888888888889
		PressureLaplace(material_derivative)[step=240]: rebuild=false, panels=7288, CG iters=735, solved=true
		ForceMonitor[i_system=1, step=240]:
			CF = (-0.1804, -0.0002812, 0.000268)
			CM = (0.008884, -2.221e-5, 1.133e-5)
		PressureLaplace(lamb_vector)[step=240]: rebuild=false, panels=7288, CG iters=771, solved=true
		ForceMonitor[i_system=1, step=240]:
			CF = (-0.01987, 7.133e-5, 1.973e-5)
			CM = (0.0009054, 1.315e-5, 0.0001115)
		ForceMonitor[i_system=1, step=240]:
			CF = (-0.3132, -0.005814, 0.005675)
			CM = (0.06283, -0.0001488, 0.001158)
	step 240/359 at time 0.06666666666666667
		PressureLaplace(material_derivative)[step=241]: rebuild=false, panels=7288, CG iters=735, solved=true
		ForceMonitor[i_system=1, step=241]:
			CF = (-0.1811, -0.0002846, 0.0002808)
			CM = (0.008861, -2.98e-5, -7.215e-5)
		PressureLaplace(lamb_vector)[step=241]: rebuild=false, panels=7288, CG iters=771, solved=true
		ForceMonitor[i_system=1, step=241]:
			CF = (-0.01968, 6.749e-5, 1.997e-5)
			CM = (0.0009082, 1.53e-5, 0.0001346)
		ForceMonitor[i_system=1, step=241]:
			CF = (-0.3114, -0.006302, 0.006801)
			CM = (0.06181, -0.0001635, 0.001316)
	step 241/359 at time 0.06694444444444445
		PressureLaplace(material_derivative)[step=242]: rebuild=false, panels=7288, CG iters=735, solved=true
		ForceMonitor[i_system=1, step=242]:
			CF = (-0.1819, -0.0002794, 0.0002857)
			CM = (0.008836, -3.63e-5, -0.0001486)
		PressureLaplace(lamb_vector)[step=242]: rebuild=false, panels=7288, CG iters=771, solved=true
		ForceMonitor[i_system=1, step=242]:
			CF = (-0.01949, 6.178e-5, 1.988e-5)
			CM = (0.0009113, 1.687e-5, 0.0001528)
		ForceMonitor[i_system=1, step=242]:
			CF = (-0.3097, -0.006596, 0.007666)
			CM = (0.06075, -0.0001725, 0.00143)
	step 242/359 at time 0.06722222222222222
		PressureLaplace(material_derivative)[step=243]: rebuild=false, panels=7288, CG iters=735, solved=true
		ForceMonitor[i_system=1, step=243]:
			CF = (-0.1827, -0.0002633, 0.0002784)
			CM = (0.008815, -4.126e-5, -0.0002186)
		PressureLaplace(lamb_vector)[step=243]: rebuild=false, panels=7288, CG iters=772, solved=true
		ForceMonitor[i_system=1, step=243]:
			CF = (-0.01932, 5.309e-5, 1.915e-5)
			CM = (0.0009142, 1.775e-5, 0.000165)
		ForceMonitor[i_system=1, step=243]:
			CF = (-0.3082, -0.006625, 0.008211)
			CM = (0.05977, -0.0001743, 0.001485)
	step 243/359 at time 0.0675
		PressureLaplace(material_derivative)[step=244]: rebuild=false, panels=7288, CG iters=735, solved=true
		ForceMonitor[i_system=1, step=244]:
			CF = (-0.1834, -0.0002367, 0.0002575)
			CM = (0.008799, -4.463e-5, -0.000283)
		PressureLaplace(lamb_vector)[step=244]: rebuild=false, panels=7288, CG iters=772, solved=true
		ForceMonitor[i_system=1, step=244]:
			CF = (-0.01919, 4.265e-5, 1.768e-5)
			CM = (0.0009168, 1.793e-5, 0.0001701)
		ForceMonitor[i_system=1, step=244]:
			CF = (-0.3071, -0.006374, 0.008414)
			CM = (0.05898, -0.0001689, 0.001476)
	step 244/359 at time 0.06777777777777778
		PressureLaplace(material_derivative)[step=245]: rebuild=false, panels=7288, CG iters=735, solved=true
		ForceMonitor[i_system=1, step=245]:
			CF = (-0.1839, -0.0001999, 0.0002226)
			CM = (0.008792, -4.642e-5, -0.0003434)
		PressureLaplace(lamb_vector)[step=245]: rebuild=false, panels=7288, CG iters=772, solved=true
		ForceMonitor[i_system=1, step=245]:
			CF = (-0.01911, 2.947e-5, 1.484e-5)
			CM = (0.0009187, 1.743e-5, 0.0001689)
		ForceMonitor[i_system=1, step=245]:
			CF = (-0.3065, -0.005839, 0.008285)
			CM = (0.05848, -0.0001567, 0.0014)
	step 245/359 at time 0.06805555555555555
		PressureLaplace(material_derivative)[step=246]: rebuild=false, panels=7288, CG iters=735, solved=true
		ForceMonitor[i_system=1, step=246]:
			CF = (-0.1842, -0.0001544, 0.0001754)
			CM = (0.008793, -4.672e-5, -0.0003996)
		PressureLaplace(lamb_vector)[step=246]: rebuild=false, panels=7288, CG iters=772, solved=true
		ForceMonitor[i_system=1, step=246]:
			CF = (-0.0191, 1.663e-5, 1.094e-5)
			CM = (0.0009198, 1.632e-5, 0.0001612)
		ForceMonitor[i_system=1, step=246]:
			CF = (-0.3066, -0.005049, 0.007855)
			CM = (0.05831, -0.0001386, 0.001265)
	step 246/359 at time 0.06833333333333333
		PressureLaplace(material_derivative)[step=247]: rebuild=false, panels=7288, CG iters=735, solved=true
		ForceMonitor[i_system=1, step=247]:
			CF = (-0.1842, -0.0001018, 0.0001192)
			CM = (0.008804, -4.563e-5, -0.00045)
		PressureLaplace(lamb_vector)[step=247]: rebuild=false, panels=7288, CG iters=772, solved=true
		ForceMonitor[i_system=1, step=247]:
			CF = (-0.01915, 2.909e-6, 6.22e-6)
			CM = (0.00092, 1.466e-5, 0.0001485)
		ForceMonitor[i_system=1, step=247]:
			CF = (-0.3072, -0.004044, 0.007172)
			CM = (0.05849, -0.0001155, 0.001081)
	step 247/359 at time 0.06861111111111111
		PressureLaplace(material_derivative)[step=248]: rebuild=false, panels=7288, CG iters=735, solved=true
		ForceMonitor[i_system=1, step=248]:
			CF = (-0.184, -4.482e-5, 5.84e-5)
			CM = (0.008822, -4.326e-5, -0.0004909)
		PressureLaplace(lamb_vector)[step=248]: rebuild=false, panels=7288, CG iters=772, solved=true
		ForceMonitor[i_system=1, step=248]:
			CF = (-0.01926, -1.096e-5, 9.035e-7)
			CM = (0.0009192, 1.259e-5, 0.0001312)
		ForceMonitor[i_system=1, step=248]:
			CF = (-0.3083, -0.002885, 0.006282)
			CM = (0.059, -8.891e-5, 0.000861)
	step 248/359 at time 0.06888888888888889
		PressureLaplace(material_derivative)[step=249]: rebuild=false, panels=7288, CG iters=735, solved=true
		ForceMonitor[i_system=1, step=249]:
			CF = (-0.1836, 1.452e-5, -2.912e-6)
			CM = (0.008846, -3.966e-5, -0.0005172)
		PressureLaplace(lamb_vector)[step=249]: rebuild=false, panels=7288, CG iters=771, solved=true
		ForceMonitor[i_system=1, step=249]:
			CF = (-0.0194, -2.378e-5, -4.645e-6)
			CM = (0.0009176, 1.012e-5, 0.0001096)
		ForceMonitor[i_system=1, step=249]:
			CF = (-0.3097, -0.001624, 0.005217)
			CM = (0.05976, -5.963e-5, 0.0006172)
	step 249/359 at time 0.06916666666666667
		PressureLaplace(material_derivative)[step=250]: rebuild=false, panels=7288, CG iters=735, solved=true
		ForceMonitor[i_system=1, step=250]:
			CF = (-0.183, 7.477e-5, -6.237e-5)
			CM = (0.008872, -3.475e-5, -0.0005243)
		PressureLaplace(lamb_vector)[step=250]: rebuild=false, panels=7288, CG iters=771, solved=true
		ForceMonitor[i_system=1, step=250]:
			CF = (-0.01957, -3.615e-5, -9.976e-6)
			CM = (0.0009152, 7.319e-6, 8.499e-5)
		ForceMonitor[i_system=1, step=250]:
			CF = (-0.3113, -0.0002957, 0.003998)
			CM = (0.06068, -2.843e-5, 0.0003583)
	step 250/359 at time 0.06944444444444445
		PressureLaplace(material_derivative)[step=251]: rebuild=false, panels=7288, CG iters=734, solved=true
		ForceMonitor[i_system=1, step=251]:
			CF = (-0.1824, 0.0001323, -0.0001161)
			CM = (0.008897, -2.855e-5, -0.0005073)
		PressureLaplace(lamb_vector)[step=251]: rebuild=false, panels=7288, CG iters=771, solved=true
		ForceMonitor[i_system=1, step=251]:
			CF = (-0.01974, -4.779e-5, -1.43e-5)
			CM = (0.0009124, 4.201e-6, 5.73e-5)
		ForceMonitor[i_system=1, step=251]:
			CF = (-0.3127, 0.001032, 0.002627)
			CM = (0.06165, 3.982e-6, 8.992e-5)
	step 251/359 at time 0.06972222222222223
		PressureLaplace(material_derivative)[step=252]: rebuild=false, panels=7288, CG iters=732, solved=true
		ForceMonitor[i_system=1, step=252]:
			CF = (-0.1818, 0.0001855, -0.0001631)
			CM = (0.00892, -2.096e-5, -0.0004638)
		PressureLaplace(lamb_vector)[step=252]: rebuild=false, panels=7288, CG iters=771, solved=true
		ForceMonitor[i_system=1, step=252]:
			CF = (-0.01989, -5.704e-5, -1.775e-5)
			CM = (0.0009097, 7.939e-7, 2.626e-5)
		ForceMonitor[i_system=1, step=252]:
			CF = (-0.314, 0.002338, 0.0011)
			CM = (0.06255, 3.732e-5, -0.0001867)
	step 252/359 at time 0.07
		PressureLaplace(material_derivative)[step=253]: rebuild=false, panels=7288, CG iters=725, solved=true
		ForceMonitor[i_system=1, step=253]:
			CF = (-0.1813, 0.0002346, -0.0002055)
			CM = (0.008938, -1.196e-5, -0.0003949)
		PressureLaplace(lamb_vector)[step=253]: rebuild=false, panels=7288, CG iters=771, solved=true
		ForceMonitor[i_system=1, step=253]:
			CF = (-0.01999, -6.692e-5, -1.992e-5)
			CM = (0.0009074, -2.884e-6, -7.674e-6)
		ForceMonitor[i_system=1, step=253]:
			CF = (-0.3148, 0.003631, -0.0005769)
			CM = (0.06326, 7.157e-5, -0.0004709)
	step 253/359 at time 0.07027777777777777
		PressureLaplace(material_derivative)[step=254]: rebuild=false, panels=7288, CG iters=722, solved=true
		ForceMonitor[i_system=1, step=254]:
			CF = (-0.181, 0.0002763, -0.0002437)
			CM = (0.008949, -1.885e-6, -0.0003056)
		PressureLaplace(lamb_vector)[step=254]: rebuild=false, panels=7288, CG iters=771, solved=true
		ForceMonitor[i_system=1, step=254]:
			CF = (-0.02005, -7.507e-5, -2.115e-5)
			CM = (0.0009059, -6.696e-6, -4.344e-5)
		ForceMonitor[i_system=1, step=254]:
			CF = (-0.3151, 0.004847, -0.002368)
			CM = (0.06369, 0.0001053, -0.0007585)
	step 254/359 at time 0.07055555555555555
		PressureLaplace(material_derivative)[step=255]: rebuild=false, panels=7288, CG iters=718, solved=true
		ForceMonitor[i_system=1, step=255]:
			CF = (-0.1809, 0.0003104, -0.0002792)
			CM = (0.008951, 8.934e-6, -0.000203)
		PressureLaplace(lamb_vector)[step=255]: rebuild=false, panels=7288, CG iters=771, solved=true
		ForceMonitor[i_system=1, step=255]:
			CF = (-0.02003, -8.11e-5, -2.193e-5)
			CM = (0.0009055, -1.05e-5, -8.052e-5)
		ForceMonitor[i_system=1, step=255]:
			CF = (-0.3148, 0.005979, -0.00421)
			CM = (0.06377, 0.0001376, -0.001044)
	step 255/359 at time 0.07083333333333333
		PressureLaplace(material_derivative)[step=256]: rebuild=false, panels=7288, CG iters=713, solved=true
		ForceMonitor[i_system=1, step=256]:
			CF = (-0.1811, 0.000336, -0.0003123)
			CM = (0.008944, 2.0e-5, -9.459e-5)
		PressureLaplace(lamb_vector)[step=256]: rebuild=false, panels=7288, CG iters=770, solved=true
		ForceMonitor[i_system=1, step=256]:
			CF = (-0.01996, -8.369e-5, -2.178e-5)
			CM = (0.0009061, -1.411e-5, -0.0001167)
		ForceMonitor[i_system=1, step=256]:
			CF = (-0.314, 0.00699, -0.006025)
			CM = (0.06349, 0.0001673, -0.001319)
	step 256/359 at time 0.07111111111111111
		PressureLaplace(material_derivative)[step=257]: rebuild=false, panels=7288, CG iters=713, solved=true
		ForceMonitor[i_system=1, step=257]:
			CF = (-0.1815, 0.0003514, -0.0003414)
			CM = (0.008929, 3.069e-5, 1.235e-5)
		PressureLaplace(lamb_vector)[step=257]: rebuild=false, panels=7288, CG iters=767, solved=true
		ForceMonitor[i_system=1, step=257]:
			CF = (-0.01983, -8.333e-5, -2.127e-5)
			CM = (0.0009078, -1.735e-5, -0.0001505)
		ForceMonitor[i_system=1, step=257]:
			CF = (-0.3127, 0.007824, -0.007709)
			CM = (0.06288, 0.0001927, -0.001571)
	step 257/359 at time 0.07138888888888889
		PressureLaplace(material_derivative)[step=258]: rebuild=false, panels=7288, CG iters=717, solved=true
		ForceMonitor[i_system=1, step=258]:
			CF = (-0.1821, 0.0003561, -0.0003642)
			CM = (0.008907, 4.044e-5, 0.0001123)
		PressureLaplace(lamb_vector)[step=258]: rebuild=false, panels=7288, CG iters=760, solved=true
		ForceMonitor[i_system=1, step=258]:
			CF = (-0.01965, -8.052e-5, -2.086e-5)
			CM = (0.0009103, -2.003e-5, -0.0001798)
		ForceMonitor[i_system=1, step=258]:
			CF = (-0.311, 0.008442, -0.00916)
			CM = (0.062, 0.0002124, -0.001786)
	step 258/359 at time 0.07166666666666667
		PressureLaplace(material_derivative)[step=259]: rebuild=false, panels=7288, CG iters=721, solved=true
		ForceMonitor[i_system=1, step=259]:
			CF = (-0.1829, 0.0003496, -0.0003777)
			CM = (0.008881, 4.875e-5, 0.0002024)
		PressureLaplace(lamb_vector)[step=259]: rebuild=false, panels=7288, CG iters=752, solved=true
		ForceMonitor[i_system=1, step=259]:
			CF = (-0.01946, -7.379e-5, -2.013e-5)
			CM = (0.0009133, -2.2e-5, -0.000203)
		ForceMonitor[i_system=1, step=259]:
			CF = (-0.3091, 0.008794, -0.01029)
			CM = (0.06097, 0.0002252, -0.001946)
	step 259/359 at time 0.07194444444444445
		PressureLaplace(material_derivative)[step=260]: rebuild=false, panels=7288, CG iters=725, solved=true
		ForceMonitor[i_system=1, step=260]:
			CF = (-0.1836, 0.0003309, -0.0003778)
			CM = (0.008854, 5.521e-5, 0.0002827)
		PressureLaplace(lamb_vector)[step=260]: rebuild=false, panels=7288, CG iters=759, solved=true
		ForceMonitor[i_system=1, step=260]:
			CF = (-0.01926, -6.436e-5, -1.89e-5)
			CM = (0.0009163, -2.316e-5, -0.0002191)
		ForceMonitor[i_system=1, step=260]:
			CF = (-0.3072, 0.008827, -0.01102)
			CM = (0.05989, 0.0002298, -0.002038)
	step 260/359 at time 0.07222222222222222
		PressureLaplace(material_derivative)[step=261]: rebuild=false, panels=7288, CG iters=733, solved=true
		ForceMonitor[i_system=1, step=261]:
			CF = (-0.1843, 0.0002994, -0.0003615)
			CM = (0.00883, 5.961e-5, 0.0003548)
		PressureLaplace(lamb_vector)[step=261]: rebuild=false, panels=7288, CG iters=763, solved=true
		ForceMonitor[i_system=1, step=261]:
			CF = (-0.01908, -5.262e-5, -1.708e-5)
			CM = (0.0009192, -2.346e-5, -0.0002267)
		ForceMonitor[i_system=1, step=261]:
			CF = (-0.3056, 0.0085, -0.01133)
			CM = (0.05891, 0.0002256, -0.002049)
	step 261/359 at time 0.0725
		PressureLaplace(material_derivative)[step=262]: rebuild=false, panels=7288, CG iters=735, solved=true
		ForceMonitor[i_system=1, step=262]:
			CF = (-0.1849, 0.0002571, -0.0003282)
			CM = (0.008812, 6.203e-5, 0.0004208)
		PressureLaplace(lamb_vector)[step=262]: rebuild=false, panels=7288, CG iters=767, solved=true
		ForceMonitor[i_system=1, step=262]:
			CF = (-0.01895, -3.959e-5, -1.383e-5)
			CM = (0.0009217, -2.291e-5, -0.0002256)
		ForceMonitor[i_system=1, step=262]:
			CF = (-0.3044, 0.007845, -0.01121)
			CM = (0.05813, 0.0002133, -0.001979)
	step 262/359 at time 0.07277777777777777
		PressureLaplace(material_derivative)[step=263]: rebuild=false, panels=7288, CG iters=735, solved=true
		ForceMonitor[i_system=1, step=263]:
			CF = (-0.1854, 0.0002035, -0.0002781)
			CM = (0.008803, 6.239e-5, 0.0004817)
		PressureLaplace(lamb_vector)[step=263]: rebuild=false, panels=7288, CG iters=770, solved=true
		ForceMonitor[i_system=1, step=263]:
			CF = (-0.01887, -2.513e-5, -9.965e-6)
			CM = (0.0009235, -2.158e-5, -0.0002168)
		ForceMonitor[i_system=1, step=263]:
			CF = (-0.3037, 0.006829, -0.01071)
			CM = (0.05763, 0.0001929, -0.001827)
	step 263/359 at time 0.07305555555555555
		PressureLaplace(material_derivative)[step=264]: rebuild=false, panels=7288, CG iters=735, solved=true
		ForceMonitor[i_system=1, step=264]:
			CF = (-0.1857, 0.0001426, -0.0002149)
			CM = (0.008804, 6.101e-5, 0.0005367)
		PressureLaplace(lamb_vector)[step=264]: rebuild=false, panels=7288, CG iters=769, solved=true
		ForceMonitor[i_system=1, step=264]:
			CF = (-0.01886, -9.157e-6, -4.737e-6)
			CM = (0.0009245, -1.957e-5, -0.0002007)
		ForceMonitor[i_system=1, step=264]:
			CF = (-0.3037, 0.005558, -0.009859)
			CM = (0.05746, 0.0001664, -0.001607)
	step 264/359 at time 0.07333333333333333
		PressureLaplace(material_derivative)[step=265]: rebuild=false, panels=7288, CG iters=736, solved=true
		ForceMonitor[i_system=1, step=265]:
			CF = (-0.1857, 7.595e-5, -0.0001424)
			CM = (0.008814, 5.795e-5, 0.0005824)
		PressureLaplace(lamb_vector)[step=265]: rebuild=false, panels=7288, CG iters=767, solved=true
		ForceMonitor[i_system=1, step=265]:
			CF = (-0.0189, 7.062e-6, 1.21e-6)
			CM = (0.0009246, -1.7e-5, -0.0001786)
		ForceMonitor[i_system=1, step=265]:
			CF = (-0.3042, 0.004066, -0.008727)
			CM = (0.05762, 0.0001348, -0.001332)
	step 265/359 at time 0.07361111111111111
		PressureLaplace(material_derivative)[step=266]: rebuild=false, panels=7288, CG iters=736, solved=true
		ForceMonitor[i_system=1, step=266]:
			CF = (-0.1856, 6.485e-6, -6.555e-5)
			CM = (0.008833, 5.336e-5, 0.0006139)
		PressureLaplace(lamb_vector)[step=266]: rebuild=false, panels=7288, CG iters=762, solved=true
		ForceMonitor[i_system=1, step=266]:
			CF = (-0.019, 2.291e-5, 7.423e-6)
			CM = (0.0009238, -1.395e-5, -0.0001515)
		ForceMonitor[i_system=1, step=266]:
			CF = (-0.3052, 0.002437, -0.00736)
			CM = (0.05809, 9.958e-5, -0.001017)
	step 266/359 at time 0.07388888888888889
		PressureLaplace(material_derivative)[step=267]: rebuild=false, panels=7288, CG iters=736, solved=true
		ForceMonitor[i_system=1, step=267]:
			CF = (-0.1852, -6.402e-5, 1.171e-5)
			CM = (0.008856, 4.724e-5, 0.0006254)
		PressureLaplace(lamb_vector)[step=267]: rebuild=false, panels=7288, CG iters=755, solved=true
		ForceMonitor[i_system=1, step=267]:
			CF = (-0.01913, 3.812e-5, 1.34e-5)
			CM = (0.0009222, -1.049e-5, -0.0001198)
		ForceMonitor[i_system=1, step=267]:
			CF = (-0.3065, 0.0007221, -0.005792)
			CM = (0.0588, 6.162e-5, -0.0006747)
	step 267/359 at time 0.07416666666666667
		PressureLaplace(material_derivative)[step=268]: rebuild=false, panels=7288, CG iters=736, solved=true
		ForceMonitor[i_system=1, step=268]:
			CF = (-0.1848, -0.0001321, 8.522e-5)
			CM = (0.008883, 3.964e-5, 0.0006117)
		PressureLaplace(lamb_vector)[step=268]: rebuild=false, panels=7288, CG iters=754, solved=true
		ForceMonitor[i_system=1, step=268]:
			CF = (-0.01929, 5.309e-5, 1.846e-5)
			CM = (0.0009201, -6.67e-6, -8.461e-5)
		ForceMonitor[i_system=1, step=268]:
			CF = (-0.308, -0.0009993, -0.004041)
			CM = (0.05965, 2.204e-5, -0.0003164)
	step 268/359 at time 0.07444444444444444
		PressureLaplace(material_derivative)[step=269]: rebuild=false, panels=7288, CG iters=736, solved=true
		ForceMonitor[i_system=1, step=269]:
			CF = (-0.1843, -0.0001976, 0.000154)
			CM = (0.008909, 3.047e-5, 0.0005698)
		PressureLaplace(lamb_vector)[step=269]: rebuild=false, panels=7288, CG iters=763, solved=true
		ForceMonitor[i_system=1, step=269]:
			CF = (-0.01944, 6.654e-5, 2.26e-5)
			CM = (0.0009176, -2.538e-6, -4.576e-5)
		ForceMonitor[i_system=1, step=269]:
			CF = (-0.3094, -0.002722, -0.002117)
			CM = (0.06054, -1.891e-5, 5.279e-5)
	step 269/359 at time 0.07472222222222222
		PressureLaplace(material_derivative)[step=270]: rebuild=false, panels=7288, CG iters=736, solved=true
		ForceMonitor[i_system=1, step=270]:
			CF = (-0.1838, -0.0002565, 0.0002164)
			CM = (0.008933, 1.991e-5, 0.0004999)
		PressureLaplace(lamb_vector)[step=270]: rebuild=false, panels=7288, CG iters=770, solved=true
		ForceMonitor[i_system=1, step=270]:
			CF = (-0.01957, 7.843e-5, 2.534e-5)
			CM = (0.0009151, 1.817e-6, -4.185e-6)
		ForceMonitor[i_system=1, step=270]:
			CF = (-0.3105, -0.004363, -4.417e-5)
			CM = (0.06136, -6.003e-5, 0.0004266)
	step 270/359 at time 0.075
		PressureLaplace(material_derivative)[step=271]: rebuild=false, panels=7288, CG iters=736, solved=true
		ForceMonitor[i_system=1, step=271]:
			CF = (-0.1834, -0.0003077, 0.0002728)
			CM = (0.008951, 8.169e-6, 0.0004059)
		PressureLaplace(lamb_vector)[step=271]: rebuild=false, panels=7288, CG iters=771, solved=true
		ForceMonitor[i_system=1, step=271]:
			CF = (-0.01967, 8.381e-5, 2.687e-5)
			CM = (0.0009132, 6.262e-6, 3.982e-5)
		ForceMonitor[i_system=1, step=271]:
			CF = (-0.3113, -0.005897, 0.002137)
			CM = (0.062, -0.0001004, 0.0007998)
	step 271/359 at time 0.07527777777777778
		PressureLaplace(material_derivative)[step=272]: rebuild=false, panels=7288, CG iters=736, solved=true
		ForceMonitor[i_system=1, step=272]:
			CF = (-0.1832, -0.0003504, 0.0003247)
			CM = (0.008962, -4.416e-6, 0.0002946)
		PressureLaplace(lamb_vector)[step=272]: rebuild=false, panels=7288, CG iters=771, solved=true
		ForceMonitor[i_system=1, step=272]:
			CF = (-0.01971, 8.959e-5, 2.74e-5)
			CM = (0.000912, 1.069e-5, 8.423e-5)
		ForceMonitor[i_system=1, step=272]:
			CF = (-0.3115, -0.007308, 0.004369)
			CM = (0.06238, -0.0001391, 0.001166)
	step 272/359 at time 0.07555555555555556
		PressureLaplace(material_derivative)[step=273]: rebuild=false, panels=7288, CG iters=736, solved=true
		ForceMonitor[i_system=1, step=273]:
			CF = (-0.1831, -0.0003832, 0.0003724)
			CM = (0.008964, -1.736e-5, 0.000174)
		PressureLaplace(lamb_vector)[step=273]: rebuild=false, panels=7288, CG iters=771, solved=true
		ForceMonitor[i_system=1, step=273]:
			CF = (-0.0197, 9.345e-5, 2.702e-5)
			CM = (0.0009117, 1.492e-5, 0.0001277)
		ForceMonitor[i_system=1, step=273]:
			CF = (-0.3112, -0.008555, 0.006564)
			CM = (0.06244, -0.0001748, 0.001515)
	step 273/359 at time 0.07583333333333334
		PressureLaplace(material_derivative)[step=274]: rebuild=false, panels=7288, CG iters=736, solved=true
		ForceMonitor[i_system=1, step=274]:
			CF = (-0.1833, -0.000405, 0.0004142)
			CM = (0.008957, -3.003e-5, 5.225e-5)
		PressureLaplace(lamb_vector)[step=274]: rebuild=false, panels=7288, CG iters=771, solved=true
		ForceMonitor[i_system=1, step=274]:
			CF = (-0.01963, 9.437e-5, 2.612e-5)
			CM = (0.0009125, 1.877e-5, 0.0001686)
		ForceMonitor[i_system=1, step=274]:
			CF = (-0.3104, -0.009598, 0.008619)
			CM = (0.06217, -0.0002061, 0.001835)
	step 274/359 at time 0.07611111111111112
		PressureLaplace(material_derivative)[step=275]: rebuild=false, panels=7288, CG iters=736, solved=true
		ForceMonitor[i_system=1, step=275]:
			CF = (-0.1837, -0.0004149, 0.0004486)
			CM = (0.008943, -4.182e-5, -6.421e-5)
		PressureLaplace(lamb_vector)[step=275]: rebuild=false, panels=7288, CG iters=771, solved=true
		ForceMonitor[i_system=1, step=275]:
			CF = (-0.01951, 9.223e-5, 2.483e-5)
			CM = (0.0009142, 2.202e-5, 0.0002045)
		ForceMonitor[i_system=1, step=275]:
			CF = (-0.3091, -0.01039, 0.01043)
			CM = (0.0616, -0.0002314, 0.002112)
	step 275/359 at time 0.0763888888888889
		PressureLaplace(material_derivative)[step=276]: rebuild=false, panels=7288, CG iters=736, solved=true
		ForceMonitor[i_system=1, step=276]:
			CF = (-0.1842, -0.0004104, 0.0004713)
			CM = (0.008921, -5.205e-5, -0.0001709)
		PressureLaplace(lamb_vector)[step=276]: rebuild=false, panels=7288, CG iters=772, solved=true
		ForceMonitor[i_system=1, step=276]:
			CF = (-0.01935, 8.698e-5, 2.317e-5)
			CM = (0.0009165, 2.452e-5, 0.0002336)
		ForceMonitor[i_system=1, step=276]:
			CF = (-0.3075, -0.01084, 0.01188)
			CM = (0.06079, -0.0002489, 0.002327)
	step 276/359 at time 0.07666666666666666
		PressureLaplace(material_derivative)[step=277]: rebuild=false, panels=7288, CG iters=736, solved=true
		ForceMonitor[i_system=1, step=277]:
			CF = (-0.1849, -0.0003924, 0.0004794)
			CM = (0.008895, -6.039e-5, -0.000267)
		PressureLaplace(lamb_vector)[step=277]: rebuild=false, panels=7288, CG iters=772, solved=true
		ForceMonitor[i_system=1, step=277]:
			CF = (-0.01917, 7.757e-5, 2.152e-5)
			CM = (0.0009193, 2.616e-5, 0.000255)
		ForceMonitor[i_system=1, step=277]:
			CF = (-0.3057, -0.01094, 0.0129)
			CM = (0.05984, -0.0002579, 0.002467)
	step 277/359 at time 0.07694444444444444
		PressureLaplace(material_derivative)[step=278]: rebuild=false, panels=7288, CG iters=736, solved=true
		ForceMonitor[i_system=1, step=278]:
			CF = (-0.1855, -0.0003614, 0.0004702)
			CM = (0.008869, -6.654e-5, -0.0003529)
		PressureLaplace(lamb_vector)[step=278]: rebuild=false, panels=7288, CG iters=772, solved=true
		ForceMonitor[i_system=1, step=278]:
			CF = (-0.01899, 6.601e-5, 1.908e-5)
			CM = (0.0009221, 2.687e-5, 0.0002672)
		ForceMonitor[i_system=1, step=278]:
			CF = (-0.3039, -0.01067, 0.01345)
			CM = (0.05886, -0.0002579, 0.002519)
	step 278/359 at time 0.07722222222222222
		PressureLaplace(material_derivative)[step=279]: rebuild=false, panels=7288, CG iters=736, solved=true
		ForceMonitor[i_system=1, step=279]:
			CF = (-0.1861, -0.0003165, 0.000441)
			CM = (0.008846, -7.036e-5, -0.0004309)
		PressureLaplace(lamb_vector)[step=279]: rebuild=false, panels=7288, CG iters=772, solved=true
		ForceMonitor[i_system=1, step=279]:
			CF = (-0.01882, 5.288e-5, 1.598e-5)
			CM = (0.0009248, 2.663e-5, 0.0002696)
		ForceMonitor[i_system=1, step=279]:
			CF = (-0.3023, -0.009961, 0.0135)
			CM = (0.05796, -0.0002484, 0.002475)
	step 279/359 at time 0.0775
		PressureLaplace(material_derivative)[step=280]: rebuild=false, panels=7288, CG iters=736, solved=true
		ForceMonitor[i_system=1, step=280]:
			CF = (-0.1867, -0.0002612, 0.0003926)
			CM = (0.008829, -7.194e-5, -0.0005023)
		PressureLaplace(lamb_vector)[step=280]: rebuild=false, panels=7288, CG iters=772, solved=true
		ForceMonitor[i_system=1, step=280]:
			CF = (-0.0187, 3.704e-5, 1.157e-5)
			CM = (0.000927, 2.549e-5, 0.0002624)
		ForceMonitor[i_system=1, step=280]:
			CF = (-0.3011, -0.008891, 0.01308)
			CM = (0.05724, -0.0002303, 0.002338)
	step 280/359 at time 0.07777777777777778
		PressureLaplace(material_derivative)[step=281]: rebuild=false, panels=7288, CG iters=736, solved=true
		ForceMonitor[i_system=1, step=281]:
			CF = (-0.1871, -0.0001952, 0.0003262)
			CM = (0.00882, -7.132e-5, -0.0005678)
		PressureLaplace(lamb_vector)[step=281]: rebuild=false, panels=7288, CG iters=772, solved=true
		ForceMonitor[i_system=1, step=281]:
			CF = (-0.01863, 2.03e-5, 6.175e-6)
			CM = (0.0009286, 2.353e-5, 0.0002467)
		ForceMonitor[i_system=1, step=281]:
			CF = (-0.3005, -0.007442, 0.01224)
			CM = (0.05678, -0.0002044, 0.002113)
	step 281/359 at time 0.07805555555555556
		PressureLaplace(material_derivative)[step=282]: rebuild=false, panels=7288, CG iters=736, solved=true
		ForceMonitor[i_system=1, step=282]:
			CF = (-0.1874, -0.0001225, 0.000246)
			CM = (0.008821, -6.879e-5, -0.0006251)
		PressureLaplace(lamb_vector)[step=282]: rebuild=false, panels=7288, CG iters=772, solved=true
		ForceMonitor[i_system=1, step=282]:
			CF = (-0.01861, 3.072e-6, -1.023e-7)
			CM = (0.0009295, 2.089e-5, 0.0002235)
		ForceMonitor[i_system=1, step=282]:
			CF = (-0.3004, -0.005719, 0.01104)
			CM = (0.05661, -0.0001724, 0.001815)
	step 282/359 at time 0.07833333333333334
		PressureLaplace(material_derivative)[step=283]: rebuild=false, panels=7288, CG iters=735, solved=true
		ForceMonitor[i_system=1, step=283]:
			CF = (-0.1874, -4.474e-5, 0.0001564)
			CM = (0.00883, -6.442e-5, -0.0006698)
		PressureLaplace(lamb_vector)[step=283]: rebuild=false, panels=7288, CG iters=772, solved=true
		ForceMonitor[i_system=1, step=283]:
			CF = (-0.01865, -1.421e-5, -6.706e-6)
			CM = (0.0009296, 1.767e-5, 0.000194)
		ForceMonitor[i_system=1, step=283]:
			CF = (-0.3008, -0.003769, 0.00954)
			CM = (0.05675, -0.0001355, 0.00146)
	step 283/359 at time 0.07861111111111112
		PressureLaplace(material_derivative)[step=284]: rebuild=false, panels=7288, CG iters=735, solved=true
		ForceMonitor[i_system=1, step=284]:
			CF = (-0.1873, 3.464e-5, 6.263e-5)
			CM = (0.008848, -5.835e-5, -0.0006964)
		PressureLaplace(lamb_vector)[step=284]: rebuild=false, panels=7288, CG iters=772, solved=true
		ForceMonitor[i_system=1, step=284]:
			CF = (-0.01873, -3.068e-5, -1.347e-5)
			CM = (0.0009289, 1.396e-5, 0.0001588)
		ForceMonitor[i_system=1, step=284]:
			CF = (-0.3017, -0.001694, 0.007791)
			CM = (0.05717, -9.51e-5, 0.001065)
	step 284/359 at time 0.07888888888888888
		PressureLaplace(material_derivative)[step=285]: rebuild=false, panels=7288, CG iters=735, solved=true
		ForceMonitor[i_system=1, step=285]:
			CF = (-0.1871, 0.000112, -3.087e-5)
			CM = (0.008871, -5.064e-5, -0.0006988)
		PressureLaplace(lamb_vector)[step=285]: rebuild=false, panels=7288, CG iters=772, solved=true
		ForceMonitor[i_system=1, step=285]:
			CF = (-0.01885, -4.625e-5, -1.975e-5)
			CM = (0.0009274, 9.863e-6, 0.0001192)
		ForceMonitor[i_system=1, step=285]:
			CF = (-0.3029, 0.0003997, 0.005824)
			CM = (0.0578, -5.258e-5, 0.0006437)
	step 285/359 at time 0.07916666666666666
		PressureLaplace(material_derivative)[step=286]: rebuild=false, panels=7288, CG iters=734, solved=true
		ForceMonitor[i_system=1, step=286]:
			CF = (-0.1867, 0.0001864, -0.0001203)
			CM = (0.008897, -4.131e-5, -0.0006727)
		PressureLaplace(lamb_vector)[step=286]: rebuild=false, panels=7288, CG iters=772, solved=true
		ForceMonitor[i_system=1, step=286]:
			CF = (-0.01899, -6.109e-5, -2.499e-5)
			CM = (0.0009254, 5.435e-6, 7.568e-5)
		ForceMonitor[i_system=1, step=286]:
			CF = (-0.3042, 0.002484, 0.003674)
			CM = (0.05858, -8.694e-6, 0.0002066)
	step 286/359 at time 0.07944444444444444
		PressureLaplace(material_derivative)[step=287]: rebuild=false, panels=7288, CG iters=727, solved=true
		ForceMonitor[i_system=1, step=287]:
			CF = (-0.1863, 0.0002548, -0.0002038)
			CM = (0.008923, -3.045e-5, -0.0006166)
		PressureLaplace(lamb_vector)[step=287]: rebuild=false, panels=7288, CG iters=772, solved=true
		ForceMonitor[i_system=1, step=287]:
			CF = (-0.01913, -7.414e-5, -2.866e-5)
			CM = (0.0009232, 7.714e-7, 2.925e-5)
		ForceMonitor[i_system=1, step=287]:
			CF = (-0.3055, 0.004478, 0.001364)
			CM = (0.05939, 3.556e-5, -0.0002373)
	step 287/359 at time 0.07972222222222222
		PressureLaplace(material_derivative)[step=288]: rebuild=false, panels=7288, CG iters=721, solved=true
		ForceMonitor[i_system=1, step=288]:
			CF = (-0.1859, 0.0003141, -0.0002798)
			CM = (0.008945, -1.83e-5, -0.0005316)
		PressureLaplace(lamb_vector)[step=288]: rebuild=false, panels=7288, CG iters=771, solved=true
		ForceMonitor[i_system=1, step=288]:
			CF = (-0.01926, -8.537e-5, -3.104e-5)
			CM = (0.000921, -4.007e-6, -1.93e-5)
		ForceMonitor[i_system=1, step=288]:
			CF = (-0.3066, 0.006303, -0.001062)
			CM = (0.06014, 7.899e-5, -0.0006785)
	step 288/359 at time 0.08
		PressureLaplace(material_derivative)[step=289]: rebuild=false, panels=7288, CG iters=713, solved=true
		ForceMonitor[i_system=1, step=289]:
			CF = (-0.1855, 0.000366, -0.0003492)
			CM = (0.008963, -5.066e-6, -0.0004233)
		PressureLaplace(lamb_vector)[step=289]: rebuild=false, panels=7288, CG iters=771, solved=true
		ForceMonitor[i_system=1, step=289]:
			CF = (-0.01935, -9.392e-5, -3.186e-5)
			CM = (0.0009191, -8.818e-6, -6.918e-5)
		ForceMonitor[i_system=1, step=289]:
			CF = (-0.3073, 0.008011, -0.003559)
			CM = (0.06074, 0.0001211, -0.001112)
	step 289/359 at time 0.08027777777777778
		PressureLaplace(material_derivative)[step=290]: rebuild=false, panels=7288, CG iters=712, solved=true
		ForceMonitor[i_system=1, step=290]:
			CF = (-0.1853, 0.0004069, -0.0004116)
			CM = (0.008973, 8.745e-6, -0.0002995)
		PressureLaplace(lamb_vector)[step=290]: rebuild=false, panels=7288, CG iters=770, solved=true
		ForceMonitor[i_system=1, step=290]:
			CF = (-0.01939, -9.951e-5, -3.163e-5)
			CM = (0.0009179, -1.345e-5, -0.0001182)
		ForceMonitor[i_system=1, step=290]:
			CF = (-0.3076, 0.009498, -0.006037)
			CM = (0.06111, 0.0001604, -0.001526)
	step 290/359 at time 0.08055555555555556
		PressureLaplace(material_derivative)[step=291]: rebuild=false, panels=7288, CG iters=712, solved=true
		ForceMonitor[i_system=1, step=291]:
			CF = (-0.1853, 0.0004345, -0.0004654)
			CM = (0.008976, 2.251e-5, -0.0001686)
		PressureLaplace(lamb_vector)[step=291]: rebuild=false, panels=7288, CG iters=762, solved=true
		ForceMonitor[i_system=1, step=291]:
			CF = (-0.01939, -0.0001022, -3.061e-5)
			CM = (0.0009175, -1.772e-5, -0.0001649)
		ForceMonitor[i_system=1, step=291]:
			CF = (-0.3074, 0.01071, -0.008393)
			CM = (0.06119, 0.0001953, -0.001908)
	step 291/359 at time 0.08083333333333333
		PressureLaplace(material_derivative)[step=292]: rebuild=false, panels=7288, CG iters=712, solved=true
		ForceMonitor[i_system=1, step=292]:
			CF = (-0.1854, 0.0004502, -0.0005105)
			CM = (0.00897, 3.568e-5, -3.925e-5)
		PressureLaplace(lamb_vector)[step=292]: rebuild=false, panels=7288, CG iters=754, solved=true
		ForceMonitor[i_system=1, step=292]:
			CF = (-0.01933, -0.0001017, -2.883e-5)
			CM = (0.0009181, -2.145e-5, -0.0002069)
		ForceMonitor[i_system=1, step=292]:
			CF = (-0.3066, 0.01166, -0.01052)
			CM = (0.06099, 0.0002246, -0.002244)
	step 292/359 at time 0.0811111111111111
		PressureLaplace(material_derivative)[step=293]: rebuild=false, panels=7288, CG iters=714, solved=true
		ForceMonitor[i_system=1, step=293]:
			CF = (-0.1857, 0.0004501, -0.0005419)
			CM = (0.008956, 4.749e-5, 8.352e-5)
		PressureLaplace(lamb_vector)[step=293]: rebuild=false, panels=7288, CG iters=765, solved=true
		ForceMonitor[i_system=1, step=293]:
			CF = (-0.01922, -9.742e-5, -2.685e-5)
			CM = (0.0009194, -2.444e-5, -0.0002423)
		ForceMonitor[i_system=1, step=293]:
			CF = (-0.3055, 0.01222, -0.01229)
			CM = (0.0605, 0.0002462, -0.002514)
	step 293/359 at time 0.08138888888888889
		PressureLaplace(material_derivative)[step=294]: rebuild=false, panels=7288, CG iters=722, solved=true
		ForceMonitor[i_system=1, step=294]:
			CF = (-0.1861, 0.0004372, -0.0005594)
			CM = (0.008935, 5.761e-5, 0.000195)
		PressureLaplace(lamb_vector)[step=294]: rebuild=false, panels=7288, CG iters=771, solved=true
		ForceMonitor[i_system=1, step=294]:
			CF = (-0.01908, -8.971e-5, -2.44e-5)
			CM = (0.0009214, -2.66e-5, -0.0002695)
		ForceMonitor[i_system=1, step=294]:
			CF = (-0.304, 0.01245, -0.01363)
			CM = (0.0598, 0.0002601, -0.002708)
	step 294/359 at time 0.08166666666666667
		PressureLaplace(material_derivative)[step=295]: rebuild=false, panels=7288, CG iters=729, solved=true
		ForceMonitor[i_system=1, step=295]:
			CF = (-0.1866, 0.0004099, -0.0005587)
			CM = (0.008912, 6.552e-5, 0.0002953)
		PressureLaplace(lamb_vector)[step=295]: rebuild=false, panels=7288, CG iters=772, solved=true
		ForceMonitor[i_system=1, step=295]:
			CF = (-0.01893, -7.9e-5, -2.166e-5)
			CM = (0.0009238, -2.782e-5, -0.0002871)
		ForceMonitor[i_system=1, step=295]:
			CF = (-0.3023, 0.01227, -0.01448)
			CM = (0.05897, 0.0002648, -0.002809)
	step 295/359 at time 0.08194444444444444
		PressureLaplace(material_derivative)[step=296]: rebuild=false, panels=7288, CG iters=734, solved=true
		ForceMonitor[i_system=1, step=296]:
			CF = (-0.1872, 0.0003682, -0.0005379)
			CM = (0.008887, 7.106e-5, 0.0003851)
		PressureLaplace(lamb_vector)[step=296]: rebuild=false, panels=7288, CG iters=772, solved=true
		ForceMonitor[i_system=1, step=296]:
			CF = (-0.01877, -6.565e-5, -1.843e-5)
			CM = (0.0009263, -2.805e-5, -0.0002946)
		ForceMonitor[i_system=1, step=296]:
			CF = (-0.3007, 0.01165, -0.0148)
			CM = (0.0581, 0.0002601, -0.002811)
	step 296/359 at time 0.08222222222222222
		PressureLaplace(material_derivative)[step=297]: rebuild=false, panels=7288, CG iters=735, solved=true
		ForceMonitor[i_system=1, step=297]:
			CF = (-0.1877, 0.000314, -0.0004961)
			CM = (0.008866, 7.416e-5, 0.0004658)
		PressureLaplace(lamb_vector)[step=297]: rebuild=false, panels=7288, CG iters=772, solved=true
		ForceMonitor[i_system=1, step=297]:
			CF = (-0.01862, -5.05e-5, -1.428e-5)
			CM = (0.0009286, -2.734e-5, -0.0002916)
		ForceMonitor[i_system=1, step=297]:
			CF = (-0.2993, 0.01062, -0.0146)
			CM = (0.05729, 0.0002464, -0.002711)
	step 297/359 at time 0.0825
		PressureLaplace(material_derivative)[step=298]: rebuild=false, panels=7288, CG iters=736, solved=true
		ForceMonitor[i_system=1, step=298]:
			CF = (-0.1882, 0.0002506, -0.0004342)
			CM = (0.00885, 7.501e-5, 0.0005401)
		PressureLaplace(lamb_vector)[step=298]: rebuild=false, panels=7288, CG iters=772, solved=true
		ForceMonitor[i_system=1, step=298]:
			CF = (-0.01851, -3.386e-5, -9.28e-6)
			CM = (0.0009306, -2.578e-5, -0.0002791)
		ForceMonitor[i_system=1, step=298]:
			CF = (-0.2982, 0.009223, -0.01392)
			CM = (0.05665, 0.0002247, -0.002515)
	step 298/359 at time 0.08277777777777778
		PressureLaplace(material_derivative)[step=299]: rebuild=false, panels=7288, CG iters=736, solved=true
		ForceMonitor[i_system=1, step=299]:
			CF = (-0.1886, 0.0001772, -0.0003543)
			CM = (0.008842, 7.362e-5, 0.0006062)
		PressureLaplace(lamb_vector)[step=299]: rebuild=false, panels=7288, CG iters=772, solved=true
		ForceMonitor[i_system=1, step=299]:
			CF = (-0.01844, -1.735e-5, -3.559e-6)
			CM = (0.000932, -2.344e-5, -0.0002581)
		ForceMonitor[i_system=1, step=299]:
			CF = (-0.2976, 0.007445, -0.01283)
			CM = (0.05622, 0.0001955, -0.002233)
	step 299/359 at time 0.08305555555555555
		PressureLaplace(material_derivative)[step=300]: rebuild=false, panels=7288, CG iters=737, solved=true
		ForceMonitor[i_system=1, step=300]:
			CF = (-0.1888, 9.859e-5, -0.0002613)
			CM = (0.008842, 7.035e-5, 0.0006622)
		PressureLaplace(lamb_vector)[step=300]: rebuild=false, panels=7288, CG iters=772, solved=true
		ForceMonitor[i_system=1, step=300]:
			CF = (-0.01842, 9.017e-7, 2.887e-6)
			CM = (0.0009328, -2.045e-5, -0.0002297)
		ForceMonitor[i_system=1, step=300]:
			CF = (-0.2975, 0.005425, -0.01138)
			CM = (0.05606, 0.0001611, -0.001882)
	step 300/359 at time 0.08333333333333333
		PressureLaplace(material_derivative)[step=301]: rebuild=false, panels=7288, CG iters=737, solved=true
		ForceMonitor[i_system=1, step=301]:
			CF = (-0.1889, 1.569e-5, -0.0001594)
			CM = (0.008852, 6.524e-5, 0.0007033)
		PressureLaplace(lamb_vector)[step=301]: rebuild=false, panels=7288, CG iters=772, solved=true
		ForceMonitor[i_system=1, step=301]:
			CF = (-0.01846, 1.833e-5, 9.668e-6)
			CM = (0.0009329, -1.692e-5, -0.0001951)
		ForceMonitor[i_system=1, step=301]:
			CF = (-0.2979, 0.00319, -0.009649)
			CM = (0.05618, 0.0001225, -0.001477)
	step 301/359 at time 0.08361111111111111
		PressureLaplace(material_derivative)[step=302]: rebuild=false, panels=7288, CG iters=737, solved=true
		ForceMonitor[i_system=1, step=302]:
			CF = (-0.1889, -6.656e-5, -5.535e-5)
			CM = (0.008868, 5.851e-5, 0.0007231)
		PressureLaplace(lamb_vector)[step=302]: rebuild=false, panels=7288, CG iters=771, solved=true
		ForceMonitor[i_system=1, step=302]:
			CF = (-0.01853, 3.523e-5, 1.639e-5)
			CM = (0.0009322, -1.296e-5, -0.0001554)
		ForceMonitor[i_system=1, step=302]:
			CF = (-0.2987, 0.0008876, -0.007676)
			CM = (0.05655, 8.157e-5, -0.001037)
	step 302/359 at time 0.08388888888888889
		PressureLaplace(material_derivative)[step=303]: rebuild=false, panels=7288, CG iters=737, solved=true
		ForceMonitor[i_system=1, step=303]:
			CF = (-0.1887, -0.0001453, 4.717e-5)
			CM = (0.00889, 5.017e-5, 0.0007173)
		PressureLaplace(lamb_vector)[step=303]: rebuild=false, panels=7288, CG iters=770, solved=true
		ForceMonitor[i_system=1, step=303]:
			CF = (-0.01864, 5.134e-5, 2.223e-5)
			CM = (0.0009309, -8.672e-6, -0.0001117)
		ForceMonitor[i_system=1, step=303]:
			CF = (-0.2998, -0.001395, -0.005503)
			CM = (0.05712, 3.913e-5, -0.0005749)
	step 303/359 at time 0.08416666666666667
		PressureLaplace(material_derivative)[step=304]: rebuild=false, panels=7288, CG iters=737, solved=true
		ForceMonitor[i_system=1, step=304]:
			CF = (-0.1883, -0.000219, 0.0001451)
			CM = (0.008914, 4.023e-5, 0.0006824)
		PressureLaplace(lamb_vector)[step=304]: rebuild=false, panels=7288, CG iters=759, solved=true
		ForceMonitor[i_system=1, step=304]:
			CF = (-0.01877, 6.627e-5, 2.682e-5)
			CM = (0.0009291, -4.101e-6, -6.42e-5)
		ForceMonitor[i_system=1, step=304]:
			CF = (-0.301, -0.003606, -0.003154)
			CM = (0.05782, -4.285e-6, -9.843e-5)
	step 304/359 at time 0.08444444444444445
		PressureLaplace(material_derivative)[step=305]: rebuild=false, panels=7288, CG iters=737, solved=true
		ForceMonitor[i_system=1, step=305]:
			CF = (-0.1879, -0.0002862, 0.0002369)
			CM = (0.008938, 2.874e-5, 0.0006167)
		PressureLaplace(lamb_vector)[step=305]: rebuild=false, panels=7288, CG iters=757, solved=true
		ForceMonitor[i_system=1, step=305]:
			CF = (-0.0189, 7.89e-5, 3.0e-5)
			CM = (0.000927, 6.679e-7, -1.405e-5)
		ForceMonitor[i_system=1, step=305]:
			CF = (-0.3022, -0.005695, -0.0006596)
			CM = (0.05857, -4.795e-5, 0.0003823)
	step 305/359 at time 0.08472222222222223
		PressureLaplace(material_derivative)[step=306]: rebuild=false, panels=7288, CG iters=737, solved=true
		ForceMonitor[i_system=1, step=306]:
			CF = (-0.1875, -0.0003445, 0.0003211)
			CM = (0.00896, 1.598e-5, 0.0005232)
		PressureLaplace(lamb_vector)[step=306]: rebuild=false, panels=7288, CG iters=770, solved=true
		ForceMonitor[i_system=1, step=306]:
			CF = (-0.01902, 8.964e-5, 3.175e-5)
			CM = (0.0009249, 5.525e-6, 3.798e-5)
		ForceMonitor[i_system=1, step=306]:
			CF = (-0.3033, -0.007593, 0.001933)
			CM = (0.05929, -9.062e-5, 0.0008583)
	step 306/359 at time 0.085
		PressureLaplace(material_derivative)[step=307]: rebuild=false, panels=7288, CG iters=737, solved=true
		ForceMonitor[i_system=1, step=307]:
			CF = (-0.1872, -0.0003937, 0.000397)
			CM = (0.008977, 2.285e-6, 0.0004081)
		PressureLaplace(lamb_vector)[step=307]: rebuild=false, panels=7288, CG iters=771, solved=true
		ForceMonitor[i_system=1, step=307]:
			CF = (-0.01911, 9.739e-5, 3.175e-5)
			CM = (0.000923, 1.033e-5, 9.048e-5)
		ForceMonitor[i_system=1, step=307]:
			CF = (-0.304, -0.009291, 0.004555)
			CM = (0.05987, -0.0001316, 0.001322)
	step 307/359 at time 0.08527777777777777
		PressureLaplace(material_derivative)[step=308]: rebuild=false, panels=7288, CG iters=737, solved=true
		ForceMonitor[i_system=1, step=308]:
			CF = (-0.1869, -0.0004303, 0.0004641)
			CM = (0.008987, -1.182e-5, 0.0002792)
		PressureLaplace(lamb_vector)[step=308]: rebuild=false, panels=7288, CG iters=771, solved=true
		ForceMonitor[i_system=1, step=308]:
			CF = (-0.01916, 0.0001019, 3.078e-5)
			CM = (0.0009216, 1.487e-5, 0.0001413)
		ForceMonitor[i_system=1, step=308]:
			CF = (-0.3044, -0.01071, 0.007116)
			CM = (0.06026, -0.0001691, 0.001758)
	step 308/359 at time 0.08555555555555555
		PressureLaplace(material_derivative)[step=309]: rebuild=false, panels=7288, CG iters=737, solved=true
		ForceMonitor[i_system=1, step=309]:
			CF = (-0.1868, -0.0004542, 0.0005218)
			CM = (0.008989, -2.57e-5, 0.0001468)
		PressureLaplace(lamb_vector)[step=309]: rebuild=false, panels=7288, CG iters=772, solved=true
		ForceMonitor[i_system=1, step=309]:
			CF = (-0.01917, 0.0001038, 2.901e-5)
			CM = (0.000921, 1.9e-5, 0.0001888)
		ForceMonitor[i_system=1, step=309]:
			CF = (-0.3043, -0.01182, 0.009506)
			CM = (0.06041, -0.000202, 0.002154)
	step 309/359 at time 0.08583333333333333
		PressureLaplace(material_derivative)[step=310]: rebuild=false, panels=7288, CG iters=737, solved=true
		ForceMonitor[i_system=1, step=310]:
			CF = (-0.1868, -0.0004642, 0.0005671)
			CM = (0.008984, -3.871e-5, 1.67e-5)
		PressureLaplace(lamb_vector)[step=310]: rebuild=false, panels=7288, CG iters=772, solved=true
		ForceMonitor[i_system=1, step=310]:
			CF = (-0.01913, 0.0001025, 2.673e-5)
			CM = (0.0009211, 2.25e-5, 0.0002307)
		ForceMonitor[i_system=1, step=310]:
			CF = (-0.3037, -0.01259, 0.01161)
			CM = (0.06029, -0.0002288, 0.002492)
	step 310/359 at time 0.08611111111111111
		PressureLaplace(material_derivative)[step=311]: rebuild=false, panels=7288, CG iters=737, solved=true
		ForceMonitor[i_system=1, step=311]:
			CF = (-0.187, -0.0004598, 0.0005984)
			CM = (0.008971, -5.024e-5, -0.0001039)
		PressureLaplace(lamb_vector)[step=311]: rebuild=false, panels=7288, CG iters=772, solved=true
		ForceMonitor[i_system=1, step=311]:
			CF = (-0.01905, 9.793e-5, 2.443e-5)
			CM = (0.000922, 2.525e-5, 0.000265)
		ForceMonitor[i_system=1, step=311]:
			CF = (-0.3027, -0.01301, 0.01332)
			CM = (0.05991, -0.0002481, 0.002757)
	step 311/359 at time 0.08638888888888889
		PressureLaplace(material_derivative)[step=312]: rebuild=false, panels=7288, CG iters=737, solved=true
		ForceMonitor[i_system=1, step=312]:
			CF = (-0.1874, -0.0004428, 0.0006133)
			CM = (0.008953, -5.989e-5, -0.0002133)
		PressureLaplace(lamb_vector)[step=312]: rebuild=false, panels=7288, CG iters=772, solved=true
		ForceMonitor[i_system=1, step=312]:
			CF = (-0.01893, 9.052e-5, 2.182e-5)
			CM = (0.0009235, 2.715e-5, 0.0002904)
		ForceMonitor[i_system=1, step=312]:
			CF = (-0.3014, -0.01308, 0.01458)
			CM = (0.05933, -0.0002593, 0.002935)
	step 312/359 at time 0.08666666666666667
		PressureLaplace(material_derivative)[step=313]: rebuild=false, panels=7288, CG iters=737, solved=true
		ForceMonitor[i_system=1, step=313]:
			CF = (-0.1878, -0.0004115, 0.0006081)
			CM = (0.008931, -6.734e-5, -0.0003125)
		PressureLaplace(lamb_vector)[step=313]: rebuild=false, panels=7288, CG iters=772, solved=true
		ForceMonitor[i_system=1, step=313]:
			CF = (-0.0188, 7.985e-5, 1.924e-5)
			CM = (0.0009254, 2.813e-5, 0.0003053)
		ForceMonitor[i_system=1, step=313]:
			CF = (-0.3, -0.01275, 0.01531)
			CM = (0.05862, -0.0002615, 0.003012)
	step 313/359 at time 0.08694444444444445
		PressureLaplace(material_derivative)[step=314]: rebuild=false, panels=7288, CG iters=737, solved=true
		ForceMonitor[i_system=1, step=314]:
			CF = (-0.1882, -0.0003655, 0.0005798)
			CM = (0.008909, -7.239e-5, -0.0004027)
		PressureLaplace(lamb_vector)[step=314]: rebuild=false, panels=7288, CG iters=772, solved=true
		ForceMonitor[i_system=1, step=314]:
			CF = (-0.01866, 6.665e-5, 1.619e-5)
			CM = (0.0009275, 2.815e-5, 0.0003099)
		ForceMonitor[i_system=1, step=314]:
			CF = (-0.2986, -0.01197, 0.01551)
			CM = (0.05786, -0.0002546, 0.002982)
	step 314/359 at time 0.08722222222222223
		PressureLaplace(material_derivative)[step=315]: rebuild=false, panels=7288, CG iters=737, solved=true
		ForceMonitor[i_system=1, step=315]:
			CF = (-0.1887, -0.0003083, 0.0005287)
			CM = (0.008889, -7.506e-5, -0.000486)
		PressureLaplace(lamb_vector)[step=315]: rebuild=false, panels=7288, CG iters=772, solved=true
		ForceMonitor[i_system=1, step=315]:
			CF = (-0.01853, 5.139e-5, 1.199e-5)
			CM = (0.0009295, 2.725e-5, 0.0003036)
		ForceMonitor[i_system=1, step=315]:
			CF = (-0.2973, -0.0108, 0.01517)
			CM = (0.05714, -0.0002387, 0.002844)
	step 315/359 at time 0.0875
		PressureLaplace(material_derivative)[step=316]: rebuild=false, panels=7288, CG iters=736, solved=true
		ForceMonitor[i_system=1, step=316]:
			CF = (-0.1891, -0.0002401, 0.0004575)
			CM = (0.008875, -7.553e-5, -0.0005618)
		PressureLaplace(lamb_vector)[step=316]: rebuild=false, panels=7288, CG iters=772, solved=true
		ForceMonitor[i_system=1, step=316]:
			CF = (-0.01843, 3.458e-5, 7.417e-6)
			CM = (0.0009312, 2.552e-5, 0.0002877)
		ForceMonitor[i_system=1, step=316]:
			CF = (-0.2963, -0.009241, 0.01436)
			CM = (0.05655, -0.0002155, 0.002611)
	step 316/359 at time 0.08777777777777777
		PressureLaplace(material_derivative)[step=317]: rebuild=false, panels=7288, CG iters=736, solved=true
		ForceMonitor[i_system=1, step=317]:
			CF = (-0.1895, -0.0001647, 0.0003691)
			CM = (0.008867, -7.399e-5, -0.0006305)
		PressureLaplace(lamb_vector)[step=317]: rebuild=false, panels=7288, CG iters=772, solved=true
		ForceMonitor[i_system=1, step=317]:
			CF = (-0.01837, 1.823e-5, 2.114e-6)
			CM = (0.0009325, 2.31e-5, 0.0002636)
		ForceMonitor[i_system=1, step=317]:
			CF = (-0.2958, -0.007374, 0.01315)
			CM = (0.05616, -0.0001858, 0.002295)
	step 317/359 at time 0.08805555555555555
		PressureLaplace(material_derivative)[step=318]: rebuild=false, panels=7288, CG iters=736, solved=true
		ForceMonitor[i_system=1, step=318]:
			CF = (-0.1897, -8.348e-5, 0.0002682)
			CM = (0.008868, -7.065e-5, -0.0006878)
		PressureLaplace(lamb_vector)[step=318]: rebuild=false, panels=7288, CG iters=772, solved=true
		ForceMonitor[i_system=1, step=318]:
			CF = (-0.01835, -9.258e-7, -4.008e-6)
			CM = (0.0009333, 2.005e-5, 0.0002325)
		ForceMonitor[i_system=1, step=318]:
			CF = (-0.2957, -0.00524, 0.0116)
			CM = (0.05601, -0.0001515, 0.001912)
	step 318/359 at time 0.08833333333333333
		PressureLaplace(material_derivative)[step=319]: rebuild=false, panels=7288, CG iters=736, solved=true
		ForceMonitor[i_system=1, step=319]:
			CF = (-0.1898, 2.809e-8, 0.0001593)
			CM = (0.008877, -6.561e-5, -0.0007309)
		PressureLaplace(lamb_vector)[step=319]: rebuild=false, panels=7288, CG iters=772, solved=true
		ForceMonitor[i_system=1, step=319]:
			CF = (-0.01838, -1.99e-5, -1.055e-5)
			CM = (0.0009333, 1.65e-5, 0.0001954)
		ForceMonitor[i_system=1, step=319]:
			CF = (-0.2961, -0.002939, 0.009766)
			CM = (0.0561, -0.0001133, 0.001478)
	step 319/359 at time 0.08861111111111111
		PressureLaplace(material_derivative)[step=320]: rebuild=false, panels=7288, CG iters=735, solved=true
		ForceMonitor[i_system=1, step=320]:
			CF = (-0.1898, 8.345e-5, 4.771e-5)
			CM = (0.008893, -5.889e-5, -0.0007519)
		PressureLaplace(lamb_vector)[step=320]: rebuild=false, panels=7288, CG iters=772, solved=true
		ForceMonitor[i_system=1, step=320]:
			CF = (-0.01845, -3.85e-5, -1.685e-5)
			CM = (0.0009328, 1.25e-5, 0.0001535)
		ForceMonitor[i_system=1, step=320]:
			CF = (-0.2969, -0.0005487, 0.007693)
			CM = (0.05643, -7.271e-5, 0.001009)
	step 320/359 at time 0.08888888888888889
		PressureLaplace(material_derivative)[step=321]: rebuild=false, panels=7288, CG iters=735, solved=true
		ForceMonitor[i_system=1, step=321]:
			CF = (-0.1896, 0.0001628, -6.216e-5)
			CM = (0.008913, -5.057e-5, -0.0007469)
		PressureLaplace(lamb_vector)[step=321]: rebuild=false, panels=7288, CG iters=772, solved=true
		ForceMonitor[i_system=1, step=321]:
			CF = (-0.01856, -5.597e-5, -2.259e-5)
			CM = (0.0009316, 8.168e-6, 0.000107)
		ForceMonitor[i_system=1, step=321]:
			CF = (-0.2979, 0.001807, 0.005407)
			CM = (0.05696, -3.068e-5, 0.0005158)
	step 321/359 at time 0.08916666666666667
		PressureLaplace(material_derivative)[step=322]: rebuild=false, panels=7288, CG iters=734, solved=true
		ForceMonitor[i_system=1, step=322]:
			CF = (-0.1893, 0.0002383, -0.0001682)
			CM = (0.008935, -4.055e-5, -0.0007111)
		PressureLaplace(lamb_vector)[step=322]: rebuild=false, panels=7288, CG iters=772, solved=true
		ForceMonitor[i_system=1, step=322]:
			CF = (-0.01868, -7.208e-5, -2.724e-5)
			CM = (0.0009299, 3.511e-6, 5.685e-5)
		ForceMonitor[i_system=1, step=322]:
			CF = (-0.2992, 0.004122, 0.002929)
			CM = (0.05762, 1.246e-5, 7.923e-6)
	step 322/359 at time 0.08944444444444444
		PressureLaplace(material_derivative)[step=323]: rebuild=false, panels=7288, CG iters=726, solved=true
		ForceMonitor[i_system=1, step=323]:
			CF = (-0.1889, 0.0003096, -0.0002683)
			CM = (0.008958, -2.887e-5, -0.0006436)
		PressureLaplace(lamb_vector)[step=323]: rebuild=false, panels=7288, CG iters=772, solved=true
		ForceMonitor[i_system=1, step=323]:
			CF = (-0.01881, -8.594e-5, -3.026e-5)
			CM = (0.0009279, -1.372e-6, 3.765e-6)
		ForceMonitor[i_system=1, step=323]:
			CF = (-0.3004, 0.006372, 0.0002962)
			CM = (0.05835, 5.608e-5, -0.0005056)
	step 323/359 at time 0.08972222222222222
		PressureLaplace(material_derivative)[step=324]: rebuild=false, panels=7288, CG iters=721, solved=true
		ForceMonitor[i_system=1, step=324]:
			CF = (-0.1885, 0.0003708, -0.0003608)
			CM = (0.008978, -1.589e-5, -0.0005486)
		PressureLaplace(lamb_vector)[step=324]: rebuild=false, panels=7288, CG iters=771, solved=true
		ForceMonitor[i_system=1, step=324]:
			CF = (-0.01893, -9.768e-5, -3.217e-5)
			CM = (0.0009257, -6.354e-6, -5.121e-5)
		ForceMonitor[i_system=1, step=324]:
			CF = (-0.3015, 0.008404, -0.002449)
			CM = (0.05905, 9.896e-5, -0.001016)
	step 324/359 at time 0.09
		PressureLaplace(material_derivative)[step=325]: rebuild=false, panels=7288, CG iters=713, solved=true
		ForceMonitor[i_system=1, step=325]:
			CF = (-0.1881, 0.000421, -0.000444)
			CM = (0.008994, -1.931e-6, -0.0004295)
		PressureLaplace(lamb_vector)[step=325]: rebuild=false, panels=7288, CG iters=769, solved=true
		ForceMonitor[i_system=1, step=325]:
			CF = (-0.01902, -0.0001067, -3.255e-5)
			CM = (0.0009238, -1.125e-5, -0.0001061)
		ForceMonitor[i_system=1, step=325]:
			CF = (-0.3023, 0.01019, -0.005219)
			CM = (0.05965, 0.0001397, -0.001506)
	step 325/359 at time 0.09027777777777778
		PressureLaplace(material_derivative)[step=326]: rebuild=false, panels=7288, CG iters=713, solved=true
		ForceMonitor[i_system=1, step=326]:
			CF = (-0.1878, 0.0004603, -0.0005171)
			CM = (0.009003, 1.248e-5, -0.0002956)
		PressureLaplace(lamb_vector)[step=326]: rebuild=false, panels=7288, CG iters=754, solved=true
		ForceMonitor[i_system=1, step=326]:
			CF = (-0.01909, -0.0001121, -3.178e-5)
			CM = (0.0009222, -1.591e-5, -0.0001594)
		ForceMonitor[i_system=1, step=326]:
			CF = (-0.3027, 0.01172, -0.007911)
			CM = (0.06007, 0.0001772, -0.001965)
	step 326/359 at time 0.09055555555555556
		PressureLaplace(material_derivative)[step=327]: rebuild=false, panels=7288, CG iters=713, solved=true
		ForceMonitor[i_system=1, step=327]:
			CF = (-0.1875, 0.0004848, -0.0005782)
			CM = (0.009005, 2.672e-5, -0.0001558)
		PressureLaplace(lamb_vector)[step=327]: rebuild=false, panels=7288, CG iters=763, solved=true
		ForceMonitor[i_system=1, step=327]:
			CF = (-0.01911, -0.0001141, -3.032e-5)
			CM = (0.0009212, -2.013e-5, -0.0002087)
		ForceMonitor[i_system=1, step=327]:
			CF = (-0.3027, 0.0129, -0.01042)
			CM = (0.06027, 0.0002098, -0.002376)
	step 327/359 at time 0.09083333333333334
		PressureLaplace(material_derivative)[step=328]: rebuild=false, panels=7288, CG iters=713, solved=true
		ForceMonitor[i_system=1, step=328]:
			CF = (-0.1875, 0.0004945, -0.0006249)
			CM = (0.009, 4.013e-5, -1.739e-5)
		PressureLaplace(lamb_vector)[step=328]: rebuild=false, panels=7288, CG iters=771, solved=true
		ForceMonitor[i_system=1, step=328]:
			CF = (-0.01908, -0.0001127, -2.835e-5)
			CM = (0.000921, -2.371e-5, -0.0002517)
		ForceMonitor[i_system=1, step=328]:
			CF = (-0.3023, 0.01372, -0.01261)
			CM = (0.06023, 0.0002361, -0.00272)
	step 328/359 at time 0.09111111111111111
		PressureLaplace(material_derivative)[step=329]: rebuild=false, panels=7288, CG iters=720, solved=true
		ForceMonitor[i_system=1, step=329]:
			CF = (-0.1876, 0.0004888, -0.000653)
			CM = (0.008989, 5.208e-5, 0.0001147)
		PressureLaplace(lamb_vector)[step=329]: rebuild=false, panels=7288, CG iters=772, solved=true
		ForceMonitor[i_system=1, step=329]:
			CF = (-0.01902, -0.0001072, -2.566e-5)
			CM = (0.0009216, -2.648e-5, -0.000286)
		ForceMonitor[i_system=1, step=329]:
			CF = (-0.3016, 0.01414, -0.01436)
			CM = (0.05995, 0.0002547, -0.002977)
	step 329/359 at time 0.0913888888888889
		PressureLaplace(material_derivative)[step=330]: rebuild=false, panels=7288, CG iters=725, solved=true
		ForceMonitor[i_system=1, step=330]:
			CF = (-0.1878, 0.0004668, -0.0006614)
			CM = (0.008972, 6.21e-5, 0.0002357)
		PressureLaplace(lamb_vector)[step=330]: rebuild=false, panels=7288, CG iters=772, solved=true
		ForceMonitor[i_system=1, step=330]:
			CF = (-0.01892, -9.813e-5, -2.289e-5)
			CM = (0.0009226, -2.834e-5, -0.0003103)
		ForceMonitor[i_system=1, step=330]:
			CF = (-0.3005, 0.01411, -0.0156)
			CM = (0.05947, 0.0002648, -0.003136)
	step 330/359 at time 0.09166666666666666
		PressureLaplace(material_derivative)[step=331]: rebuild=false, panels=7288, CG iters=733, solved=true
		ForceMonitor[i_system=1, step=331]:
			CF = (-0.1881, 0.0004305, -0.0006483)
			CM = (0.008952, 6.982e-5, 0.0003436)
		PressureLaplace(lamb_vector)[step=331]: rebuild=false, panels=7288, CG iters=772, solved=true
		ForceMonitor[i_system=1, step=331]:
			CF = (-0.0188, -8.621e-5, -1.966e-5)
			CM = (0.0009242, -2.927e-5, -0.000324)
		ForceMonitor[i_system=1, step=331]:
			CF = (-0.2993, 0.01366, -0.0163)
			CM = (0.05885, 0.0002661, -0.003193)
	step 331/359 at time 0.09194444444444444
		PressureLaplace(material_derivative)[step=332]: rebuild=false, panels=7288, CG iters=735, solved=true
		ForceMonitor[i_system=1, step=332]:
			CF = (-0.1885, 0.0003814, -0.0006134)
			CM = (0.008931, 7.518e-5, 0.0004412)
		PressureLaplace(lamb_vector)[step=332]: rebuild=false, panels=7288, CG iters=772, solved=true
		ForceMonitor[i_system=1, step=332]:
			CF = (-0.01868, -7.062e-5, -1.64e-5)
			CM = (0.000926, -2.926e-5, -0.0003272)
		ForceMonitor[i_system=1, step=332]:
			CF = (-0.298, 0.01282, -0.01645)
			CM = (0.05816, 0.0002586, -0.003143)
	step 332/359 at time 0.09222222222222222
		PressureLaplace(material_derivative)[step=333]: rebuild=false, panels=7288, CG iters=735, solved=true
		ForceMonitor[i_system=1, step=333]:
			CF = (-0.1889, 0.0003207, -0.000557)
			CM = (0.008913, 7.824e-5, 0.0005297)
		PressureLaplace(lamb_vector)[step=333]: rebuild=false, panels=7288, CG iters=772, solved=true
		ForceMonitor[i_system=1, step=333]:
			CF = (-0.01856, -5.29e-5, -1.231e-5)
			CM = (0.0009278, -2.837e-5, -0.0003199)
		ForceMonitor[i_system=1, step=333]:
			CF = (-0.2969, 0.01157, -0.01608)
			CM = (0.0575, 0.000243, -0.002989)
	step 333/359 at time 0.0925
		PressureLaplace(material_derivative)[step=334]: rebuild=false, panels=7288, CG iters=736, solved=true
		ForceMonitor[i_system=1, step=334]:
			CF = (-0.1893, 0.0002498, -0.0004807)
			CM = (0.008899, 7.913e-5, 0.000611)
		PressureLaplace(lamb_vector)[step=334]: rebuild=false, panels=7288, CG iters=772, solved=true
		ForceMonitor[i_system=1, step=334]:
			CF = (-0.01847, -3.466e-5, -7.737e-6)
			CM = (0.0009293, -2.668e-5, -0.0003033)
		ForceMonitor[i_system=1, step=334]:
			CF = (-0.2961, 0.00997, -0.01525)
			CM = (0.05696, 0.0002199, -0.00274)
	step 334/359 at time 0.09277777777777778
		PressureLaplace(material_derivative)[step=335]: rebuild=false, panels=7288, CG iters=737, solved=true
		ForceMonitor[i_system=1, step=335]:
			CF = (-0.1896, 0.0001722, -0.0003889)
			CM = (0.008892, 7.802e-5, 0.0006831)
		PressureLaplace(lamb_vector)[step=335]: rebuild=false, panels=7288, CG iters=772, solved=true
		ForceMonitor[i_system=1, step=335]:
			CF = (-0.01842, -1.546e-5, -2.446e-6)
			CM = (0.0009306, -2.428e-5, -0.0002784)
		ForceMonitor[i_system=1, step=335]:
			CF = (-0.2956, 0.008068, -0.01402)
			CM = (0.05659, 0.0001906, -0.002411)
	step 335/359 at time 0.09305555555555556
		PressureLaplace(material_derivative)[step=336]: rebuild=false, panels=7288, CG iters=737, solved=true
		ForceMonitor[i_system=1, step=336]:
			CF = (-0.1899, 8.749e-5, -0.0002835)
			CM = (0.008893, 7.496e-5, 0.0007435)
		PressureLaplace(lamb_vector)[step=336]: rebuild=false, panels=7288, CG iters=772, solved=true
		ForceMonitor[i_system=1, step=336]:
			CF = (-0.0184, 4.664e-6, 3.478e-6)
			CM = (0.0009312, -2.121e-5, -0.000246)
		ForceMonitor[i_system=1, step=336]:
			CF = (-0.2956, 0.005832, -0.01241)
			CM = (0.05643, 0.0001561, -0.002011)
	step 336/359 at time 0.09333333333333334
		PressureLaplace(material_derivative)[step=337]: rebuild=false, panels=7288, CG iters=737, solved=true
		ForceMonitor[i_system=1, step=337]:
			CF = (-0.19, -1.903e-6, -0.0001677)
			CM = (0.008902, 7.002e-5, 0.000789)
		PressureLaplace(lamb_vector)[step=337]: rebuild=false, panels=7288, CG iters=772, solved=true
		ForceMonitor[i_system=1, step=337]:
			CF = (-0.01843, 2.47e-5, 1.021e-5)
			CM = (0.0009314, -1.753e-5, -0.0002069)
		ForceMonitor[i_system=1, step=337]:
			CF = (-0.296, 0.003348, -0.01048)
			CM = (0.05651, 0.0001172, -0.001552)
	step 337/359 at time 0.09361111111111112
		PressureLaplace(material_derivative)[step=338]: rebuild=false, panels=7288, CG iters=737, solved=true
		ForceMonitor[i_system=1, step=338]:
			CF = (-0.19, -9.214e-5, -4.802e-5)
			CM = (0.008916, 6.316e-5, 0.0008114)
		PressureLaplace(lamb_vector)[step=338]: rebuild=false, panels=7288, CG iters=772, solved=true
		ForceMonitor[i_system=1, step=338]:
			CF = (-0.0185, 4.452e-5, 1.683e-5)
			CM = (0.000931, -1.332e-5, -0.0001621)
		ForceMonitor[i_system=1, step=338]:
			CF = (-0.2968, 0.0007243, -0.008257)
			CM = (0.05682, 7.495e-5, -0.001052)
	step 338/359 at time 0.09388888888888888
		PressureLaplace(material_derivative)[step=339]: rebuild=false, panels=7288, CG iters=737, solved=true
		ForceMonitor[i_system=1, step=339]:
			CF = (-0.1898, -0.0001804, 7.012e-5)
			CM = (0.008935, 5.448e-5, 0.0008042)
		PressureLaplace(lamb_vector)[step=339]: rebuild=false, panels=7288, CG iters=771, solved=true
		ForceMonitor[i_system=1, step=339]:
			CF = (-0.0186, 6.278e-5, 2.285e-5)
			CM = (0.0009299, -8.707e-6, -0.0001124)
		ForceMonitor[i_system=1, step=339]:
			CF = (-0.2979, -0.001922, -0.005799)
			CM = (0.05731, 3.091e-5, -0.0005252)
	step 339/359 at time 0.09416666666666666
		PressureLaplace(material_derivative)[step=340]: rebuild=false, panels=7288, CG iters=737, solved=true
		ForceMonitor[i_system=1, step=340]:
			CF = (-0.1895, -0.0002651, 0.000185)
			CM = (0.008956, 4.386e-5, 0.0007639)
		PressureLaplace(lamb_vector)[step=340]: rebuild=false, panels=7288, CG iters=764, solved=true
		ForceMonitor[i_system=1, step=340]:
			CF = (-0.01872, 8.0e-5, 2.791e-5)
			CM = (0.0009282, -3.696e-6, -5.851e-5)
		ForceMonitor[i_system=1, step=340]:
			CF = (-0.2991, -0.004565, -0.003109)
			CM = (0.05795, -1.482e-5, 2.009e-5)
	step 340/359 at time 0.09444444444444444
		PressureLaplace(material_derivative)[step=341]: rebuild=false, panels=7288, CG iters=737, solved=true
		ForceMonitor[i_system=1, step=341]:
			CF = (-0.189, -0.000341, 0.000294)
			CM = (0.008977, 3.145e-5, 0.0006907)
		PressureLaplace(lamb_vector)[step=341]: rebuild=false, panels=7288, CG iters=754, solved=true
		ForceMonitor[i_system=1, step=341]:
			CF = (-0.01885, 9.504e-5, 3.173e-5)
			CM = (0.0009262, 1.585e-6, -1.045e-6)
		ForceMonitor[i_system=1, step=341]:
			CF = (-0.3004, -0.007027, -0.000228)
			CM = (0.05867, -6.133e-5, 0.0005747)
	step 341/359 at time 0.09472222222222222
		PressureLaplace(material_derivative)[step=342]: rebuild=false, panels=7288, CG iters=737, solved=true
		ForceMonitor[i_system=1, step=342]:
			CF = (-0.1885, -0.0004079, 0.0003938)
			CM = (0.008995, 1.74e-5, 0.0005843)
		PressureLaplace(lamb_vector)[step=342]: rebuild=false, panels=7288, CG iters=770, solved=true
		ForceMonitor[i_system=1, step=342]:
			CF = (-0.01898, 0.0001076, 3.366e-5)
			CM = (0.000924, 6.987e-6, 5.823e-5)
		ForceMonitor[i_system=1, step=342]:
			CF = (-0.3015, -0.009283, 0.002759)
			CM = (0.05938, -0.0001074, 0.001122)
	step 342/359 at time 0.095
		PressureLaplace(material_derivative)[step=343]: rebuild=false, panels=7288, CG iters=737, solved=true
		ForceMonitor[i_system=1, step=343]:
			CF = (-0.1881, -0.000464, 0.0004833)
			CM = (0.009009, 2.245e-6, 0.0004526)
		PressureLaplace(lamb_vector)[step=343]: rebuild=false, panels=7288, CG iters=771, solved=true
		ForceMonitor[i_system=1, step=343]:
			CF = (-0.01908, 0.0001169, 3.429e-5)
			CM = (0.0009219, 1.233e-5, 0.0001177)
		ForceMonitor[i_system=1, step=343]:
			CF = (-0.3024, -0.01129, 0.005769)
			CM = (0.06, -0.0001514, 0.001648)
	step 343/359 at time 0.09527777777777778
		PressureLaplace(material_derivative)[step=344]: rebuild=false, panels=7288, CG iters=737, solved=true
		ForceMonitor[i_system=1, step=344]:
			CF = (-0.1877, -0.0005062, 0.0005612)
			CM = (0.009018, -1.35e-5, 0.0003035)
		PressureLaplace(lamb_vector)[step=344]: rebuild=false, panels=7288, CG iters=771, solved=true
		ForceMonitor[i_system=1, step=344]:
			CF = (-0.01915, 0.0001218, 3.382e-5)
			CM = (0.0009201, 1.74e-5, 0.0001751)
		ForceMonitor[i_system=1, step=344]:
			CF = (-0.303, -0.01298, 0.0087)
			CM = (0.06047, -0.0001918, 0.002137)
	step 344/359 at time 0.09555555555555556
		PressureLaplace(material_derivative)[step=345]: rebuild=false, panels=7288, CG iters=737, solved=true
		ForceMonitor[i_system=1, step=345]:
			CF = (-0.1874, -0.0005329, 0.0006249)
			CM = (0.00902, -2.911e-5, 0.0001474)
		PressureLaplace(lamb_vector)[step=345]: rebuild=false, panels=7288, CG iters=771, solved=true
		ForceMonitor[i_system=1, step=345]:
			CF = (-0.01919, 0.0001232, 3.231e-5)
			CM = (0.0009189, 2.201e-5, 0.0002281)
		ForceMonitor[i_system=1, step=345]:
			CF = (-0.3032, -0.01431, 0.01142)
			CM = (0.06073, -0.0002272, 0.002572)
	step 345/359 at time 0.09583333333333334
		PressureLaplace(material_derivative)[step=346]: rebuild=false, panels=7288, CG iters=737, solved=true
		ForceMonitor[i_system=1, step=346]:
			CF = (-0.1872, -0.0005424, 0.0006711)
			CM = (0.009015, -4.387e-5, -7.958e-6)
		PressureLaplace(lamb_vector)[step=346]: rebuild=false, panels=7288, CG iters=772, solved=true
		ForceMonitor[i_system=1, step=346]:
			CF = (-0.01918, 0.0001204, 3.032e-5)
			CM = (0.0009184, 2.592e-5, 0.0002741)
		ForceMonitor[i_system=1, step=346]:
			CF = (-0.3029, -0.01522, 0.0138)
			CM = (0.06076, -0.0002557, 0.002931)
	step 346/359 at time 0.0961111111111111
		PressureLaplace(material_derivative)[step=347]: rebuild=false, panels=7288, CG iters=737, solved=true
		ForceMonitor[i_system=1, step=347]:
			CF = (-0.1872, -0.0005357, 0.0007)
			CM = (0.009004, -5.722e-5, -0.0001562)
		PressureLaplace(lamb_vector)[step=347]: rebuild=false, panels=7288, CG iters=772, solved=true
		ForceMonitor[i_system=1, step=347]:
			CF = (-0.01913, 0.000114, 2.778e-5)
			CM = (0.0009186, 2.902e-5, 0.000311)
		ForceMonitor[i_system=1, step=347]:
			CF = (-0.3023, -0.01573, 0.01573)
			CM = (0.06056, -0.0002763, 0.003201)
	step 347/359 at time 0.09638888888888889
		PressureLaplace(material_derivative)[step=348]: rebuild=false, panels=7288, CG iters=737, solved=true
		ForceMonitor[i_system=1, step=348]:
			CF = (-0.1874, -0.000512, 0.0007083)
			CM = (0.008988, -6.854e-5, -0.0002918)
		PressureLaplace(lamb_vector)[step=348]: rebuild=false, panels=7288, CG iters=772, solved=true
		ForceMonitor[i_system=1, step=348]:
			CF = (-0.01905, 0.0001035, 2.518e-5)
			CM = (0.0009195, 3.118e-5, 0.0003379)
		ForceMonitor[i_system=1, step=348]:
			CF = (-0.3014, -0.01577, 0.01712)
			CM = (0.06014, -0.0002881, 0.003371)
	step 348/359 at time 0.09666666666666666
		PressureLaplace(material_derivative)[step=349]: rebuild=false, panels=7288, CG iters=737, solved=true
		ForceMonitor[i_system=1, step=349]:
			CF = (-0.1876, -0.0004699, 0.000692)
			CM = (0.008969, -7.744e-5, -0.0004143)
		PressureLaplace(lamb_vector)[step=349]: rebuild=false, panels=7288, CG iters=772, solved=true
		ForceMonitor[i_system=1, step=349]:
			CF = (-0.01894, 9.0e-5, 2.215e-5)
			CM = (0.0009209, 3.228e-5, 0.0003529)
		ForceMonitor[i_system=1, step=349]:
			CF = (-0.3003, -0.01527, 0.0179)
			CM = (0.05957, -0.0002903, 0.003427)
	step 349/359 at time 0.09694444444444444
		PressureLaplace(material_derivative)[step=350]: rebuild=false, panels=7288, CG iters=737, solved=true
		ForceMonitor[i_system=1, step=350]:
			CF = (-0.188, -0.0004144, 0.000652)
			CM = (0.00895, -8.378e-5, -0.0005244)
		PressureLaplace(lamb_vector)[step=350]: rebuild=false, panels=7288, CG iters=772, solved=true
		ForceMonitor[i_system=1, step=350]:
			CF = (-0.01882, 7.36e-5, 1.816e-5)
			CM = (0.0009226, 3.236e-5, 0.0003563)
		ForceMonitor[i_system=1, step=350]:
			CF = (-0.2992, -0.01433, 0.01808)
			CM = (0.05892, -0.0002831, 0.003369)
	step 350/359 at time 0.09722222222222222
		PressureLaplace(material_derivative)[step=351]: rebuild=false, panels=7288, CG iters=736, solved=true
		ForceMonitor[i_system=1, step=351]:
			CF = (-0.1884, -0.0003443, 0.0005874)
			CM = (0.008932, -8.744e-5, -0.0006236)
		PressureLaplace(lamb_vector)[step=351]: rebuild=false, panels=7288, CG iters=772, solved=true
		ForceMonitor[i_system=1, step=351]:
			CF = (-0.01871, 5.45e-5, 1.346e-5)
			CM = (0.0009243, 3.141e-5, 0.0003481)
		ForceMonitor[i_system=1, step=351]:
			CF = (-0.2982, -0.01286, 0.01767)
			CM = (0.05828, -0.0002666, 0.003198)
	step 351/359 at time 0.0975
		PressureLaplace(material_derivative)[step=352]: rebuild=false, panels=7288, CG iters=736, solved=true
		ForceMonitor[i_system=1, step=352]:
			CF = (-0.1888, -0.0002634, 0.0005027)
			CM = (0.008919, -8.865e-5, -0.0007116)
		PressureLaplace(lamb_vector)[step=352]: rebuild=false, panels=7288, CG iters=772, solved=true
		ForceMonitor[i_system=1, step=352]:
			CF = (-0.01862, 3.388e-5, 7.982e-6)
			CM = (0.000926, 2.956e-5, 0.0003299)
		ForceMonitor[i_system=1, step=352]:
			CF = (-0.2974, -0.01099, 0.01674)
			CM = (0.05773, -0.0002421, 0.002928)
	step 352/359 at time 0.09777777777777778
		PressureLaplace(material_derivative)[step=353]: rebuild=false, panels=7288, CG iters=736, solved=true
		ForceMonitor[i_system=1, step=353]:
			CF = (-0.1891, -0.0001737, 0.0004013)
			CM = (0.008911, -8.752e-5, -0.0007872)
		PressureLaplace(lamb_vector)[step=353]: rebuild=false, panels=7288, CG iters=772, solved=true
		ForceMonitor[i_system=1, step=353]:
			CF = (-0.01856, 1.213e-5, 1.608e-6)
			CM = (0.0009273, 2.687e-5, 0.0003024)
		ForceMonitor[i_system=1, step=353]:
			CF = (-0.297, -0.008724, 0.01535)
			CM = (0.05733, -0.0002106, 0.00257)
	step 353/359 at time 0.09805555555555556
		PressureLaplace(material_derivative)[step=354]: rebuild=false, panels=7288, CG iters=736, solved=true
		ForceMonitor[i_system=1, step=354]:
			CF = (-0.1894, -7.722e-5, 0.0002869)
			CM = (0.00891, -8.418e-5, -0.0008474)
		PressureLaplace(lamb_vector)[step=354]: rebuild=false, panels=7288, CG iters=772, solved=true
		ForceMonitor[i_system=1, step=354]:
			CF = (-0.01854, -1.053e-5, -5.164e-6)
			CM = (0.0009281, 2.343e-5, 0.0002672)
		ForceMonitor[i_system=1, step=354]:
			CF = (-0.297, -0.006123, 0.01356)
			CM = (0.05714, -0.0001731, 0.00214)
	step 354/359 at time 0.09833333333333333
		PressureLaplace(material_derivative)[step=355]: rebuild=false, panels=7288, CG iters=735, solved=true
		ForceMonitor[i_system=1, step=355]:
			CF = (-0.1895, 2.087e-5, 0.0001648)
			CM = (0.008917, -7.877e-5, -0.0008874)
		PressureLaplace(lamb_vector)[step=355]: rebuild=false, panels=7288, CG iters=772, solved=true
		ForceMonitor[i_system=1, step=355]:
			CF = (-0.01856, -3.236e-5, -1.245e-5)
			CM = (0.0009284, 1.937e-5, 0.000225)
		ForceMonitor[i_system=1, step=355]:
			CF = (-0.2974, -0.003351, 0.01142)
			CM = (0.05718, -0.0001312, 0.001653)
	step 355/359 at time 0.09861111111111111
		PressureLaplace(material_derivative)[step=356]: rebuild=false, panels=7288, CG iters=735, solved=true
		ForceMonitor[i_system=1, step=356]:
			CF = (-0.1895, 0.0001187, 4.055e-5)
			CM = (0.008929, -7.128e-5, -0.0009004)
		PressureLaplace(lamb_vector)[step=356]: rebuild=false, panels=7288, CG iters=772, solved=true
		ForceMonitor[i_system=1, step=356]:
			CF = (-0.01863, -5.362e-5, -1.953e-5)
			CM = (0.0009281, 1.476e-5, 0.0001768)
		ForceMonitor[i_system=1, step=356]:
			CF = (-0.2982, -0.0004791, 0.009003)
			CM = (0.05744, -8.602e-5, 0.001126)
	step 356/359 at time 0.09888888888888889
		PressureLaplace(material_derivative)[step=357]: rebuild=false, panels=7288, CG iters=733, solved=true
		ForceMonitor[i_system=1, step=357]:
			CF = (-0.1893, 0.0002159, -8.5e-5)
			CM = (0.008947, -6.16e-5, -0.0008839)
		PressureLaplace(lamb_vector)[step=357]: rebuild=false, panels=7288, CG iters=772, solved=true
		ForceMonitor[i_system=1, step=357]:
			CF = (-0.01873, -7.397e-5, -2.6e-5)
			CM = (0.0009271, 9.623e-6, 0.0001229)
		ForceMonitor[i_system=1, step=357]:
			CF = (-0.2993, 0.002462, 0.0063)
			CM = (0.05791, -3.754e-5, 0.0005626)
	step 357/359 at time 0.09916666666666667
		PressureLaplace(material_derivative)[step=358]: rebuild=false, panels=7288, CG iters=722, solved=true
		ForceMonitor[i_system=1, step=358]:
			CF = (-0.1889, 0.0003062, -0.0002055)
			CM = (0.008966, -4.972e-5, -0.0008307)
		PressureLaplace(lamb_vector)[step=358]: rebuild=false, panels=7288, CG iters=772, solved=true
		ForceMonitor[i_system=1, step=358]:
			CF = (-0.01885, -9.196e-5, -3.155e-5)
			CM = (0.0009255, 4.079e-6, 6.425e-5)
		ForceMonitor[i_system=1, step=358]:
			CF = (-0.3005, 0.005292, 0.003353)
			CM = (0.05854, 1.284e-5, -1.968e-5)
	step 358/359 at time 0.09944444444444445
		PressureLaplace(material_derivative)[step=359]: rebuild=false, panels=7288, CG iters=712, solved=true
		ForceMonitor[i_system=1, step=359]:
			CF = (-0.1884, 0.0003896, -0.0003171)
			CM = (0.008985, -3.575e-5, -0.0007383)
		PressureLaplace(lamb_vector)[step=359]: rebuild=false, panels=7288, CG iters=771, solved=true
		ForceMonitor[i_system=1, step=359]:
			CF = (-0.01898, -0.0001082, -3.513e-5)
			CM = (0.0009233, -1.799e-6, 1.911e-6)
		ForceMonitor[i_system=1, step=359]:
			CF = (-0.3019, 0.007991, 0.0002139)
			CM = (0.05926, 6.46e-5, -0.0006095)
	step 359/359 at time 0.09972222222222223
		PressureLaplace(material_derivative)[step=360]: rebuild=false, panels=7288, CG iters=719, solved=true
		ForceMonitor[i_system=1, step=360]:
			CF = (-0.1879, 0.000461, -0.0004186)
			CM = (0.009003, -1.995e-5, -0.0006102)
		PressureLaplace(lamb_vector)[step=360]: rebuild=false, panels=7288, CG iters=771, solved=true
		ForceMonitor[i_system=1, step=360]:
			CF = (-0.01911, -0.0001215, -3.721e-5)
			CM = (0.000921, -7.837e-6, -6.273e-5)
		ForceMonitor[i_system=1, step=360]:
			CF = (-0.3031, 0.01043, -0.003067)
			CM = (0.05999, 0.0001159, -0.001192)

4582.412800 seconds (1.03 G allocations: 70.407 GiB, 0.18% gc time, 0.61% compilation time: 1% of which was recompilation)

step | CT Bernoulli | CT Laplace(∇u) | CT Laplace(λ) | CT KJ | rel(B-∇u) | rel(B-λ) | rel(B-KJ)
  1  |  -0.281707  |  -0.128098  |  -0.0214304  |  NaN  |  1.199  |  12.15  |  NaN
  2  |  -0.317112  |  -0.128386  |  -0.0254343  |  NaN  |  1.47  |  11.47  |  NaN
  3  |  -0.337165  |  -0.12425  |  -0.0294743  |  NaN  |  1.714  |  10.44  |  NaN
  4  |  -0.340916  |  -0.124127  |  -0.0305599  |  NaN  |  1.747  |  10.16  |  NaN
  5  |  -0.340507  |  -0.124776  |  -0.030735  |  NaN  |  1.729  |  10.08  |  NaN
  6  |  -0.339063  |  -0.125484  |  -0.0306738  |  NaN  |  1.702  |  10.05  |  NaN
  7  |  -0.337419  |  -0.126077  |  -0.0305681  |  NaN  |  1.676  |  10.04  |  NaN
  8  |  -0.33572  |  -0.126547  |  -0.0304687  |  NaN  |  1.653  |  10.02  |  NaN
  9  |  -0.333951  |  -0.126871  |  -0.0303866  |  NaN  |  1.632  |  9.99  |  NaN
  10  |  -0.332046  |  -0.127157  |  -0.0303176  |  NaN  |  1.611  |  9.952  |  NaN
  11  |  -0.329933  |  -0.127398  |  -0.030258  |  NaN  |  1.59  |  9.904  |  NaN
  12  |  -0.327684  |  -0.127758  |  -0.0301984  |  NaN  |  1.565  |  9.851  |  NaN
  13  |  -0.32565  |  -0.128386  |  -0.030131  |  NaN  |  1.536  |  9.808  |  NaN
  14  |  -0.324168  |  -0.129422  |  -0.0300531  |  NaN  |  1.505  |  9.786  |  NaN
  15  |  -0.322975  |  -0.130866  |  -0.0299361  |  NaN  |  1.468  |  9.789  |  NaN
  16  |  -0.322108  |  -0.132912  |  -0.0297794  |  NaN  |  1.423  |  9.816  |  NaN
  17  |  -0.321037  |  -0.135433  |  -0.0295672  |  NaN  |  1.37  |  9.858  |  NaN
  18  |  -0.319223  |  -0.138132  |  -0.0292873  |  NaN  |  1.311  |  9.9  |  NaN
  19  |  -0.316241  |  -0.140685  |  -0.0289383  |  NaN  |  1.248  |  9.928  |  NaN
  20  |  -0.312729  |  -0.14322  |  -0.0285051  |  NaN  |  1.184  |  9.971  |  NaN
  21  |  -0.309461  |  -0.14521  |  -0.0280406  |  NaN  |  1.131  |  10.04  |  NaN
  22  |  -0.306731  |  -0.146407  |  -0.0276472  |  NaN  |  1.095  |  10.09  |  NaN
  23  |  -0.304186  |  -0.147103  |  -0.0273369  |  NaN  |  1.068  |  10.13  |  NaN
  24  |  -0.302178  |  -0.147466  |  -0.0271324  |  NaN  |  1.049  |  10.14  |  NaN
  25  |  -0.30041  |  -0.147698  |  -0.0270043  |  NaN  |  1.034  |  10.12  |  NaN
  26  |  -0.298876  |  -0.14782  |  -0.0269218  |  NaN  |  1.022  |  10.1  |  NaN
  27  |  -0.297548  |  -0.147839  |  -0.0268816  |  NaN  |  1.013  |  10.07  |  NaN
  28  |  -0.296223  |  -0.147803  |  -0.0268632  |  NaN  |  1.004  |  10.03  |  NaN
  29  |  -0.294736  |  -0.1478  |  -0.0268619  |  NaN  |  0.9942  |  9.972  |  NaN
  30  |  -0.293227  |  -0.147972  |  -0.026861  |  NaN  |  0.9816  |  9.916  |  NaN
  31  |  -0.291657  |  -0.148402  |  -0.0268436  |  NaN  |  0.9653  |  9.865  |  NaN
  32  |  -0.289914  |  -0.149368  |  -0.0267769  |  NaN  |  0.9409  |  9.827  |  NaN
  33  |  -0.288628  |  -0.150968  |  -0.0266763  |  NaN  |  0.9118  |  9.82  |  NaN
  34  |  -0.287973  |  -0.153093  |  -0.0265398  |  NaN  |  0.881  |  9.851  |  NaN
  35  |  -0.287387  |  -0.155658  |  -0.0263186  |  NaN  |  0.8463  |  9.92  |  NaN
  36  |  -0.286729  |  -0.158174  |  -0.0260128  |  NaN  |  0.8128  |  10.02  |  NaN
  37  |  -0.285687  |  -0.16026  |  -0.0256478  |  NaN  |  0.7826  |  10.14  |  NaN
  38  |  -0.283978  |  -0.161456  |  -0.0252634  |  NaN  |  0.7589  |  10.24  |  NaN
  39  |  -0.281829  |  -0.162004  |  -0.024892  |  NaN  |  0.7396  |  10.32  |  NaN
  40  |  -0.279604  |  -0.162187  |  -0.0245468  |  NaN  |  0.724  |  10.39  |  NaN
  41  |  -0.277751  |  -0.162206  |  -0.024289  |  NaN  |  0.7123  |  10.44  |  NaN
  42  |  -0.275932  |  -0.162188  |  -0.0240942  |  NaN  |  0.7013  |  10.45  |  NaN
  43  |  -0.274211  |  -0.162283  |  -0.0239453  |  NaN  |  0.6897  |  10.45  |  NaN
  44  |  -0.272805  |  -0.162465  |  -0.0238545  |  NaN  |  0.6792  |  10.44  |  NaN
  45  |  -0.271263  |  -0.162622  |  -0.0238275  |  NaN  |  0.6681  |  10.38  |  NaN
  46  |  -0.270308  |  -0.162829  |  -0.0238403  |  NaN  |  0.6601  |  10.34  |  NaN
  47  |  -0.269958  |  -0.163025  |  -0.0238968  |  NaN  |  0.6559  |  10.3  |  NaN
  48  |  -0.269924  |  -0.163328  |  -0.0239729  |  NaN  |  0.6526  |  10.26  |  NaN
  49  |  -0.270299  |  -0.163627  |  -0.0240365  |  NaN  |  0.6519  |  10.25  |  NaN
  50  |  -0.270677  |  -0.164155  |  -0.0240681  |  NaN  |  0.6489  |  10.25  |  NaN
  51  |  -0.27149  |  -0.164974  |  -0.0240565  |  NaN  |  0.6457  |  10.29  |  NaN
  52  |  -0.272373  |  -0.166338  |  -0.023985  |  NaN  |  0.6375  |  10.36  |  NaN
  53  |  -0.273154  |  -0.167887  |  -0.0238238  |  NaN  |  0.627  |  10.47  |  NaN
  54  |  -0.273858  |  -0.169327  |  -0.0235825  |  NaN  |  0.6173  |  10.61  |  NaN
  55  |  -0.274217  |  -0.170679  |  -0.0232625  |  NaN  |  0.6066  |  10.79  |  NaN
  56  |  -0.273787  |  -0.171346  |  -0.0228719  |  NaN  |  0.5979  |  10.97  |  NaN
  57  |  -0.272112  |  -0.17142  |  -0.0224353  |  NaN  |  0.5874  |  11.13  |  NaN
  58  |  -0.269969  |  -0.171163  |  -0.0219912  |  NaN  |  0.5773  |  11.28  |  NaN
  59  |  -0.267219  |  -0.170335  |  -0.0215677  |  NaN  |  0.5688  |  11.39  |  NaN
  60  |  -0.264539  |  -0.170128  |  -0.0212231  |  NaN  |  0.5549  |  11.46  |  NaN
  61  |  -0.262307  |  -0.170272  |  -0.0209683  |  NaN  |  0.5405  |  11.51  |  NaN
  62  |  -0.261083  |  -0.170542  |  -0.0208285  |  NaN  |  0.5309  |  11.53  |  NaN
  63  |  -0.260996  |  -0.170652  |  -0.0208196  |  NaN  |  0.5294  |  11.54  |  NaN
  64  |  -0.261925  |  -0.170614  |  -0.0208984  |  NaN  |  0.5352  |  11.53  |  NaN
  65  |  -0.263621  |  -0.170809  |  -0.0210493  |  NaN  |  0.5434  |  11.52  |  NaN
  66  |  -0.266202  |  -0.170953  |  -0.0212464  |  NaN  |  0.5572  |  11.53  |  NaN
  67  |  -0.269382  |  -0.1714  |  -0.021464  |  NaN  |  0.5717  |  11.55  |  NaN
  68  |  -0.271679  |  -0.171614  |  -0.0216246  |  NaN  |  0.5831  |  11.56  |  NaN
  69  |  -0.274224  |  -0.172459  |  -0.0217171  |  NaN  |  0.5901  |  11.63  |  NaN
  70  |  -0.276188  |  -0.173734  |  -0.0217027  |  NaN  |  0.5897  |  11.73  |  NaN
  71  |  -0.277355  |  -0.174633  |  -0.0215747  |  NaN  |  0.5882  |  11.86  |  NaN
  72  |  -0.2777  |  -0.175527  |  -0.0213578  |  NaN  |  0.5821  |  12.0  |  NaN
  73  |  -0.277495  |  -0.176229  |  -0.0210525  |  NaN  |  0.5746  |  12.18  |  NaN
  74  |  -0.276205  |  -0.176863  |  -0.0206614  |  NaN  |  0.5617  |  12.37  |  NaN
  75  |  -0.273466  |  -0.177267  |  -0.0202024  |  NaN  |  0.5427  |  12.54  |  NaN
  76  |  -0.27025  |  -0.177452  |  -0.0197036  |  NaN  |  0.5229  |  12.72  |  NaN
  77  |  -0.267015  |  -0.178113  |  -0.0192211  |  NaN  |  0.4991  |  12.89  |  NaN
  78  |  -0.264135  |  -0.178401  |  -0.0187846  |  NaN  |  0.4806  |  13.06  |  NaN
  79  |  -0.261852  |  -0.178684  |  -0.0184662  |  NaN  |  0.4654  |  13.18  |  NaN
  80  |  -0.261002  |  -0.179126  |  -0.0183036  |  NaN  |  0.4571  |  13.26  |  NaN
  81  |  -0.261062  |  -0.179753  |  -0.0182455  |  NaN  |  0.4523  |  13.31  |  NaN
  82  |  -0.262289  |  -0.180573  |  -0.0182758  |  NaN  |  0.4525  |  13.35  |  NaN
  83  |  -0.264361  |  -0.181274  |  -0.0183689  |  NaN  |  0.4584  |  13.39  |  NaN
  84  |  -0.267267  |  -0.181512  |  -0.0185069  |  NaN  |  0.4725  |  13.44  |  NaN
  85  |  -0.270346  |  -0.181346  |  -0.018679  |  NaN  |  0.4908  |  13.47  |  NaN
  86  |  -0.274042  |  -0.180973  |  -0.0188408  |  NaN  |  0.5143  |  13.55  |  NaN
  87  |  -0.27781  |  -0.180596  |  -0.0189695  |  NaN  |  0.5383  |  13.65  |  NaN
  88  |  -0.280907  |  -0.180179  |  -0.0190464  |  NaN  |  0.559  |  13.75  |  NaN
  89  |  -0.283196  |  -0.179859  |  -0.019064  |  NaN  |  0.5745  |  13.86  |  NaN
  90  |  -0.284673  |  -0.179748  |  -0.0189962  |  NaN  |  0.5837  |  13.99  |  NaN
  91  |  -0.285194  |  -0.179781  |  -0.018841  |  NaN  |  0.5863  |  14.14  |  NaN
  92  |  -0.284422  |  -0.17992  |  -0.0185822  |  NaN  |  0.5808  |  14.31  |  NaN
  93  |  -0.282496  |  -0.179938  |  -0.018236  |  NaN  |  0.57  |  14.49  |  NaN
  94  |  -0.279786  |  -0.179901  |  -0.0178451  |  NaN  |  0.5552  |  14.68  |  NaN
  95  |  -0.276717  |  -0.179756  |  -0.0174536  |  NaN  |  0.5394  |  14.85  |  NaN
  96  |  -0.273878  |  -0.179713  |  -0.0171103  |  NaN  |  0.524  |  15.01  |  NaN
  97  |  -0.272285  |  -0.179917  |  -0.0168605  |  NaN  |  0.5134  |  15.15  |  NaN
  98  |  -0.271332  |  -0.180206  |  -0.0166915  |  NaN  |  0.5057  |  15.26  |  NaN
  99  |  -0.272222  |  -0.180946  |  -0.016642  |  NaN  |  0.5044  |  15.36  |  NaN
  100  |  -0.273825  |  -0.181504  |  -0.0166322  |  NaN  |  0.5086  |  15.46  |  NaN
  101  |  -0.276286  |  -0.182163  |  -0.016695  |  NaN  |  0.5167  |  15.55  |  NaN
  102  |  -0.279398  |  -0.182643  |  -0.0168182  |  NaN  |  0.5298  |  15.61  |  NaN
  103  |  -0.282643  |  -0.182875  |  -0.016969  |  NaN  |  0.5456  |  15.66  |  NaN
  104  |  -0.285916  |  -0.182944  |  -0.0171264  |  NaN  |  0.5629  |  15.69  |  NaN
  105  |  -0.289015  |  -0.182735  |  -0.0172762  |  NaN  |  0.5816  |  15.73  |  NaN
  106  |  -0.291877  |  -0.182471  |  -0.0174143  |  NaN  |  0.5996  |  15.76  |  NaN
  107  |  -0.294168  |  -0.18225  |  -0.0175049  |  NaN  |  0.6141  |  15.8  |  NaN
  108  |  -0.295816  |  -0.182105  |  -0.0175452  |  NaN  |  0.6244  |  15.86  |  NaN
  109  |  -0.296638  |  -0.182035  |  -0.017527  |  NaN  |  0.6296  |  15.92  |  NaN
  110  |  -0.296565  |  -0.182091  |  -0.0174398  |  NaN  |  0.6287  |  16.01  |  NaN
  111  |  -0.295499  |  -0.182232  |  -0.0172829  |  NaN  |  0.6216  |  16.1  |  NaN
  112  |  -0.29363  |  -0.182457  |  -0.0170719  |  NaN  |  0.6093  |  16.2  |  NaN
  113  |  -0.291383  |  -0.182825  |  -0.0168368  |  NaN  |  0.5938  |  16.31  |  NaN
  114  |  -0.289098  |  -0.183319  |  -0.0166115  |  NaN  |  0.577  |  16.4  |  NaN
  115  |  -0.287068  |  -0.183894  |  -0.0164171  |  NaN  |  0.561  |  16.49  |  NaN
  116  |  -0.285498  |  -0.18458  |  -0.0162664  |  NaN  |  0.5467  |  16.55  |  NaN
  117  |  -0.28445  |  -0.185358  |  -0.0161686  |  NaN  |  0.5346  |  16.59  |  NaN
  118  |  -0.28387  |  -0.18621  |  -0.0161191  |  NaN  |  0.5245  |  16.61  |  NaN
  119  |  -0.283651  |  -0.187088  |  -0.0161152  |  NaN  |  0.5161  |  16.6  |  NaN
  120  |  -0.283691  |  -0.187936  |  -0.0161503  |  NaN  |  0.5095  |  16.57  |  NaN
  121  |  -0.283887  |  -0.188698  |  -0.0162156  |  NaN  |  0.5044  |  16.51  |  NaN
  122  |  -0.284188  |  -0.18933  |  -0.0163035  |  NaN  |  0.501  |  16.43  |  NaN
  123  |  -0.284572  |  -0.189804  |  -0.0164106  |  NaN  |  0.4993  |  16.34  |  NaN
  124  |  -0.285027  |  -0.190114  |  -0.0165305  |  NaN  |  0.4992  |  16.24  |  NaN
  125  |  -0.285513  |  -0.190279  |  -0.0166571  |  NaN  |  0.5005  |  16.14  |  NaN
  126  |  -0.285918  |  -0.190338  |  -0.016773  |  NaN  |  0.5022  |  16.05  |  NaN
  127  |  -0.28607  |  -0.190336  |  -0.0168649  |  NaN  |  0.503  |  15.96  |  NaN
  128  |  -0.285792  |  -0.190327  |  -0.0169107  |  NaN  |  0.5016  |  15.9  |  NaN
  129  |  -0.284985  |  -0.19036  |  -0.0169007  |  NaN  |  0.4971  |  15.86  |  NaN
  130  |  -0.283656  |  -0.190468  |  -0.0168401  |  NaN  |  0.4893  |  15.84  |  NaN
  131  |  -0.281935  |  -0.19068  |  -0.016735  |  NaN  |  0.4786  |  15.85  |  NaN
  132  |  -0.280006  |  -0.191003  |  -0.0166083  |  NaN  |  0.466  |  15.86  |  NaN
  133  |  -0.27808  |  -0.191433  |  -0.0164773  |  NaN  |  0.4526  |  15.88  |  NaN
  134  |  -0.27631  |  -0.191951  |  -0.0163572  |  NaN  |  0.4395  |  15.89  |  NaN
  135  |  -0.274809  |  -0.192539  |  -0.0162595  |  NaN  |  0.4273  |  15.9  |  NaN
  136  |  -0.273664  |  -0.193164  |  -0.0161884  |  NaN  |  0.4167  |  15.9  |  NaN
  137  |  -0.272906  |  -0.193782  |  -0.0161526  |  NaN  |  0.4083  |  15.9  |  NaN
  138  |  -0.272567  |  -0.194341  |  -0.0161517  |  NaN  |  0.4025  |  15.88  |  NaN
  139  |  -0.272655  |  -0.194794  |  -0.0161885  |  NaN  |  0.3997  |  15.84  |  NaN
  140  |  -0.273144  |  -0.195085  |  -0.0162608  |  NaN  |  0.4001  |  15.8  |  NaN
  141  |  -0.273986  |  -0.195173  |  -0.016366  |  NaN  |  0.4038  |  15.74  |  NaN
  142  |  -0.275098  |  -0.195064  |  -0.0164979  |  NaN  |  0.4103  |  15.67  |  NaN
  143  |  -0.276361  |  -0.194786  |  -0.0166448  |  NaN  |  0.4188  |  15.6  |  NaN
  144  |  -0.277592  |  -0.194386  |  -0.0167878  |  NaN  |  0.428  |  15.54  |  NaN
  145  |  -0.278589  |  -0.193941  |  -0.0169086  |  NaN  |  0.4365  |  15.48  |  NaN
  146  |  -0.279153  |  -0.193516  |  -0.0169889  |  NaN  |  0.4425  |  15.43  |  NaN
  147  |  -0.279183  |  -0.19316  |  -0.0170152  |  NaN  |  0.4453  |  15.41  |  NaN
  148  |  -0.278663  |  -0.192935  |  -0.0169919  |  NaN  |  0.4443  |  15.4  |  NaN
  149  |  -0.277726  |  -0.19286  |  -0.0169241  |  NaN  |  0.44  |  15.41  |  NaN
  150  |  -0.276569  |  -0.192934  |  -0.0168272  |  NaN  |  0.4335  |  15.44  |  NaN
  151  |  -0.275397  |  -0.193148  |  -0.0167231  |  NaN  |  0.4258  |  15.47  |  NaN
  152  |  -0.274387  |  -0.193472  |  -0.0166309  |  NaN  |  0.4182  |  15.5  |  NaN
  153  |  -0.273687  |  -0.19386  |  -0.0165602  |  NaN  |  0.4118  |  15.53  |  NaN
  154  |  -0.273406  |  -0.194257  |  -0.0165234  |  NaN  |  0.4074  |  15.55  |  NaN
  155  |  -0.273606  |  -0.194608  |  -0.0165269  |  NaN  |  0.4059  |  15.56  |  NaN
  156  |  -0.2743  |  -0.194864  |  -0.0165743  |  NaN  |  0.4076  |  15.55  |  NaN
  157  |  -0.275462  |  -0.194965  |  -0.0166661  |  NaN  |  0.4129  |  15.53  |  NaN
  158  |  -0.277022  |  -0.194861  |  -0.0167978  |  NaN  |  0.4216  |  15.49  |  NaN
  159  |  -0.27888  |  -0.19453  |  -0.0169626  |  NaN  |  0.4336  |  15.44  |  NaN
  160  |  -0.280917  |  -0.193978  |  -0.0171493  |  NaN  |  0.4482  |  15.38  |  NaN
  161  |  -0.282951  |  -0.19325  |  -0.017342  |  NaN  |  0.4642  |  15.32  |  NaN
  162  |  -0.284793  |  -0.192425  |  -0.0175227  |  NaN  |  0.48  |  15.25  |  NaN
  163  |  -0.286273  |  -0.19158  |  -0.0176714  |  NaN  |  0.4943  |  15.2  |  NaN
  164  |  -0.287235  |  -0.190794  |  -0.0177724  |  NaN  |  0.5055  |  15.16  |  NaN
  165  |  -0.28761  |  -0.190136  |  -0.0178175  |  NaN  |  0.5126  |  15.14  |  NaN
  166  |  -0.287411  |  -0.189675  |  -0.017806  |  NaN  |  0.5153  |  15.14  |  NaN
  167  |  -0.286781  |  -0.189427  |  -0.0177483  |  NaN  |  0.5139  |  15.16  |  NaN
  168  |  -0.285905  |  -0.18939  |  -0.0176587  |  NaN  |  0.5096  |  15.19  |  NaN
  169  |  -0.284974  |  -0.189534  |  -0.0175573  |  NaN  |  0.5036  |  15.23  |  NaN
  170  |  -0.284192  |  -0.189799  |  -0.0174624  |  NaN  |  0.4973  |  15.27  |  NaN
  171  |  -0.283713  |  -0.190147  |  -0.0173893  |  NaN  |  0.4921  |  15.32  |  NaN
  172  |  -0.283661  |  -0.190502  |  -0.0173532  |  NaN  |  0.489  |  15.35  |  NaN
  173  |  -0.2841  |  -0.190795  |  -0.0173616  |  NaN  |  0.489  |  15.36  |  NaN
  174  |  -0.285062  |  -0.190953  |  -0.0174208  |  NaN  |  0.4928  |  15.36  |  NaN
  175  |  -0.28651  |  -0.19092  |  -0.0175294  |  NaN  |  0.5007  |  15.34  |  NaN
  176  |  -0.288331  |  -0.190661  |  -0.0176824  |  NaN  |  0.5123  |  15.31  |  NaN
  177  |  -0.290421  |  -0.190156  |  -0.0178679  |  NaN  |  0.5273  |  15.25  |  NaN
  178  |  -0.292598  |  -0.189428  |  -0.0180733  |  NaN  |  0.5446  |  15.19  |  NaN
  179  |  -0.294683  |  -0.188534  |  -0.018279  |  NaN  |  0.563  |  15.12  |  NaN
  180  |  -0.296497  |  -0.187576  |  -0.0184665  |  NaN  |  0.5807  |  15.06  |  NaN
  181  |  -0.297897  |  -0.186637  |  -0.0186174  |  NaN  |  0.5961  |  15.0  |  NaN
  182  |  -0.298763  |  -0.185807  |  -0.0187175  |  NaN  |  0.6079  |  14.96  |  NaN
  183  |  -0.299046  |  -0.185168  |  -0.018759  |  NaN  |  0.615  |  14.94  |  NaN
  184  |  -0.298803  |  -0.184762  |  -0.0187428  |  NaN  |  0.6172  |  14.94  |  NaN
  185  |  -0.298144  |  -0.184609  |  -0.0186771  |  NaN  |  0.615  |  14.96  |  NaN
  186  |  -0.297232  |  -0.184694  |  -0.0185771  |  NaN  |  0.6093  |  15.0  |  NaN
  187  |  -0.296269  |  -0.184972  |  -0.018462  |  NaN  |  0.6017  |  15.05  |  NaN
  188  |  -0.295437  |  -0.185377  |  -0.0183517  |  NaN  |  0.5937  |  15.1  |  NaN
  189  |  -0.294893  |  -0.185838  |  -0.0182635  |  NaN  |  0.5868  |  15.15  |  NaN
  190  |  -0.294774  |  -0.186275  |  -0.0182135  |  NaN  |  0.5825  |  15.18  |  NaN
  191  |  -0.295149  |  -0.186619  |  -0.018212  |  NaN  |  0.5816  |  15.21  |  NaN
  192  |  -0.296053  |  -0.186792  |  -0.0182652  |  NaN  |  0.5849  |  15.21  |  NaN
  193  |  -0.297426  |  -0.186746  |  -0.0183719  |  NaN  |  0.5927  |  15.19  |  NaN
  194  |  -0.299169  |  -0.186448  |  -0.0185251  |  NaN  |  0.6046  |  15.15  |  NaN
  195  |  -0.301128  |  -0.185904  |  -0.0187117  |  NaN  |  0.6198  |  15.09  |  NaN
  196  |  -0.303145  |  -0.185143  |  -0.0189169  |  NaN  |  0.6374  |  15.03  |  NaN
  197  |  -0.305037  |  -0.184237  |  -0.0191193  |  NaN  |  0.6557  |  14.95  |  NaN
  198  |  -0.30663  |  -0.183288  |  -0.0193005  |  NaN  |  0.6729  |  14.89  |  NaN
  199  |  -0.307809  |  -0.182397  |  -0.0194436  |  NaN  |  0.6876  |  14.83  |  NaN
  200  |  -0.308476  |  -0.181664  |  -0.0195344  |  NaN  |  0.6981  |  14.79  |  NaN
  201  |  -0.30861  |  -0.18116  |  -0.0195654  |  NaN  |  0.7035  |  14.77  |  NaN
  202  |  -0.308246  |  -0.180929  |  -0.0195378  |  NaN  |  0.7037  |  14.78  |  NaN
  203  |  -0.307482  |  -0.180976  |  -0.0194592  |  NaN  |  0.699  |  14.8  |  NaN
  204  |  -0.306453  |  -0.181267  |  -0.019343  |  NaN  |  0.6906  |  14.84  |  NaN
  205  |  -0.305329  |  -0.18174  |  -0.0192073  |  NaN  |  0.68  |  14.9  |  NaN
  206  |  -0.304277  |  -0.182321  |  -0.0190724  |  NaN  |  0.6689  |  14.95  |  NaN
  207  |  -0.30347  |  -0.182927  |  -0.0189572  |  NaN  |  0.659  |  15.01  |  NaN
  208  |  -0.303057  |  -0.183475  |  -0.0188802  |  NaN  |  0.6518  |  15.05  |  NaN
  209  |  -0.303137  |  -0.183889  |  -0.0188538  |  NaN  |  0.6485  |  15.08  |  NaN
  210  |  -0.303738  |  -0.184106  |  -0.0188848  |  NaN  |  0.6498  |  15.08  |  NaN
  211  |  -0.304832  |  -0.184081  |  -0.0189728  |  NaN  |  0.656  |  15.07  |  NaN
  212  |  -0.306308  |  -0.183796  |  -0.0191099  |  NaN  |  0.6666  |  15.03  |  NaN
  213  |  -0.308032  |  -0.183262  |  -0.0192841  |  NaN  |  0.6808  |  14.97  |  NaN
  214  |  -0.309814  |  -0.182528  |  -0.0194771  |  NaN  |  0.6974  |  14.91  |  NaN
  215  |  -0.311501  |  -0.181673  |  -0.0196689  |  NaN  |  0.7146  |  14.84  |  NaN
  216  |  -0.312927  |  -0.180801  |  -0.0198411  |  NaN  |  0.7308  |  14.77  |  NaN
  217  |  -0.313962  |  -0.180022  |  -0.0199747  |  NaN  |  0.744  |  14.72  |  NaN
  218  |  -0.314514  |  -0.179435  |  -0.0200545  |  NaN  |  0.7528  |  14.68  |  NaN
  219  |  -0.314542  |  -0.17911  |  -0.0200744  |  NaN  |  0.7561  |  14.67  |  NaN
  220  |  -0.314061  |  -0.179079  |  -0.0200326  |  NaN  |  0.7538  |  14.68  |  NaN
  221  |  -0.313145  |  -0.17933  |  -0.0199357  |  NaN  |  0.7462  |  14.71  |  NaN
  222  |  -0.311906  |  -0.179819  |  -0.0197968  |  NaN  |  0.7346  |  14.76  |  NaN
  223  |  -0.310501  |  -0.180478  |  -0.0196335  |  NaN  |  0.7204  |  14.81  |  NaN
  224  |  -0.309116  |  -0.181218  |  -0.0194674  |  NaN  |  0.7058  |  14.88  |  NaN
  225  |  -0.307941  |  -0.181954  |  -0.0193194  |  NaN  |  0.6924  |  14.94  |  NaN
  226  |  -0.307146  |  -0.182601  |  -0.0192105  |  NaN  |  0.6821  |  14.99  |  NaN
  227  |  -0.306858  |  -0.183088  |  -0.0191549  |  NaN  |  0.676  |  15.02  |  NaN
  228  |  -0.307124  |  -0.18336  |  -0.0191593  |  NaN  |  0.675  |  15.03  |  NaN
  229  |  -0.307927  |  -0.183382  |  -0.0192251  |  NaN  |  0.6792  |  15.02  |  NaN
  230  |  -0.309175  |  -0.183145  |  -0.0193458  |  NaN  |  0.6881  |  14.98  |  NaN
  231  |  -0.310723  |  -0.182669  |  -0.0195058  |  NaN  |  0.701  |  14.93  |  NaN
  232  |  -0.312379  |  -0.182011  |  -0.0196873  |  NaN  |  0.7163  |  14.87  |  NaN
  233  |  -0.313959  |  -0.181257  |  -0.0198702  |  NaN  |  0.7321  |  14.8  |  NaN
  234  |  -0.315297  |  -0.180509  |  -0.0200315  |  NaN  |  0.7467  |  14.74  |  NaN
  235  |  -0.316241  |  -0.179877  |  -0.0201531  |  NaN  |  0.7581  |  14.69  |  NaN
  236  |  -0.316676  |  -0.179452  |  -0.0202202  |  NaN  |  0.7647  |  14.66  |  NaN
  237  |  -0.316554  |  -0.179293  |  -0.0202219  |  NaN  |  0.7656  |  14.65  |  NaN
  238  |  -0.31587  |  -0.17942  |  -0.0201586  |  NaN  |  0.7605  |  14.67  |  NaN
  239  |  -0.314702  |  -0.179808  |  -0.0200371  |  NaN  |  0.7502  |  14.71  |  NaN
  240  |  -0.313168  |  -0.180409  |  -0.0198729  |  NaN  |  0.7359  |  14.76  |  NaN
  241  |  -0.311438  |  -0.181148  |  -0.0196824  |  NaN  |  0.7192  |  14.82  |  NaN
  242  |  -0.309714  |  -0.181946  |  -0.0194902  |  NaN  |  0.7022  |  14.89  |  NaN
  243  |  -0.308204  |  -0.182717  |  -0.0193173  |  NaN  |  0.6868  |  14.95  |  NaN
  244  |  -0.307109  |  -0.183383  |  -0.0191854  |  NaN  |  0.6747  |  15.01  |  NaN
  245  |  -0.306547  |  -0.183883  |  -0.0191097  |  NaN  |  0.6671  |  15.04  |  NaN
  246  |  -0.30659  |  -0.184166  |  -0.0190974  |  NaN  |  0.6647  |  15.05  |  NaN
  247  |  -0.307209  |  -0.184207  |  -0.0191488  |  NaN  |  0.6677  |  15.04  |  NaN
  248  |  -0.308305  |  -0.184006  |  -0.0192557  |  NaN  |  0.6755  |  15.01  |  NaN
  249  |  -0.30972  |  -0.183593  |  -0.0194039  |  NaN  |  0.687  |  14.96  |  NaN
  250  |  -0.311268  |  -0.183024  |  -0.0195721  |  NaN  |  0.7007  |  14.9  |  NaN
  251  |  -0.312748  |  -0.18238  |  -0.0197412  |  NaN  |  0.7148  |  14.84  |  NaN
  252  |  -0.313974  |  -0.18176  |  -0.0198882  |  NaN  |  0.7274  |  14.79  |  NaN
  253  |  -0.314793  |  -0.181263  |  -0.019994  |  NaN  |  0.7367  |  14.74  |  NaN
  254  |  -0.315092  |  -0.180963  |  -0.0200457  |  NaN  |  0.7412  |  14.72  |  NaN
  255  |  -0.314822  |  -0.180907  |  -0.0200329  |  NaN  |  0.7402  |  14.72  |  NaN
  256  |  -0.313987  |  -0.181104  |  -0.0199579  |  NaN  |  0.7337  |  14.73  |  NaN
  257  |  -0.312657  |  -0.18153  |  -0.0198263  |  NaN  |  0.7223  |  14.77  |  NaN
  258  |  -0.310958  |  -0.182135  |  -0.0196523  |  NaN  |  0.7073  |  14.82  |  NaN
  259  |  -0.309071  |  -0.182852  |  -0.019456  |  NaN  |  0.6903  |  14.89  |  NaN
  260  |  -0.30721  |  -0.183603  |  -0.0192593  |  NaN  |  0.6732  |  14.95  |  NaN
  261  |  -0.305587  |  -0.184315  |  -0.0190843  |  NaN  |  0.658  |  15.01  |  NaN
  262  |  -0.304378  |  -0.184928  |  -0.0189513  |  NaN  |  0.6459  |  15.06  |  NaN
  263  |  -0.303726  |  -0.185387  |  -0.0188727  |  NaN  |  0.6383  |  15.09  |  NaN
  264  |  -0.303677  |  -0.185653  |  -0.0188561  |  NaN  |  0.6357  |  15.11  |  NaN
  265  |  -0.304201  |  -0.185711  |  -0.0189  |  NaN  |  0.638  |  15.1  |  NaN
  266  |  -0.305199  |  -0.185561  |  -0.0189971  |  NaN  |  0.6447  |  15.07  |  NaN
  267  |  -0.306519  |  -0.185231  |  -0.0191319  |  NaN  |  0.6548  |  15.02  |  NaN
  268  |  -0.30797  |  -0.184771  |  -0.0192869  |  NaN  |  0.6668  |  14.97  |  NaN
  269  |  -0.30936  |  -0.184254  |  -0.019441  |  NaN  |  0.679  |  14.91  |  NaN
  270  |  -0.310507  |  -0.18376  |  -0.0195744  |  NaN  |  0.6897  |  14.86  |  NaN
  271  |  -0.311263  |  -0.183373  |  -0.0196692  |  NaN  |  0.6974  |  14.82  |  NaN
  272  |  -0.311524  |  -0.183152  |  -0.0197139  |  NaN  |  0.7009  |  14.8  |  NaN
  273  |  -0.311243  |  -0.183132  |  -0.0197006  |  NaN  |  0.6996  |  14.8  |  NaN
  274  |  -0.310416  |  -0.183325  |  -0.0196295  |  NaN  |  0.6933  |  14.81  |  NaN
  275  |  -0.309113  |  -0.18371  |  -0.0195072  |  NaN  |  0.6826  |  14.85  |  NaN
  276  |  -0.307473  |  -0.184241  |  -0.0193475  |  NaN  |  0.6689  |  14.89  |  NaN
  277  |  -0.305655  |  -0.184864  |  -0.0191663  |  NaN  |  0.6534  |  14.95  |  NaN
  278  |  -0.303861  |  -0.18552  |  -0.0189854  |  NaN  |  0.6379  |  15.01  |  NaN
  279  |  -0.302294  |  -0.186147  |  -0.0188239  |  NaN  |  0.624  |  15.06  |  NaN
  280  |  -0.301125  |  -0.18669  |  -0.0187003  |  NaN  |  0.613  |  15.1  |  NaN
  281  |  -0.300467  |  -0.187105  |  -0.0186257  |  NaN  |  0.6059  |  15.13  |  NaN
  282  |  -0.300374  |  -0.187359  |  -0.018608  |  NaN  |  0.6032  |  15.14  |  NaN
  283  |  -0.300824  |  -0.187435  |  -0.0186458  |  NaN  |  0.605  |  15.13  |  NaN
  284  |  -0.301702  |  -0.187342  |  -0.0187317  |  NaN  |  0.6104  |  15.11  |  NaN
  285  |  -0.302911  |  -0.187085  |  -0.0188523  |  NaN  |  0.6191  |  15.07  |  NaN
  286  |  -0.304245  |  -0.186716  |  -0.0189925  |  NaN  |  0.6295  |  15.02  |  NaN
  287  |  -0.305537  |  -0.186286  |  -0.0191334  |  NaN  |  0.6401  |  14.97  |  NaN
  288  |  -0.306615  |  -0.18586  |  -0.0192565  |  NaN  |  0.6497  |  14.92  |  NaN
  289  |  -0.30734  |  -0.185516  |  -0.0193468  |  NaN  |  0.6567  |  14.89  |  NaN
  290  |  -0.307609  |  -0.185301  |  -0.0193921  |  NaN  |  0.6601  |  14.86  |  NaN
  291  |  -0.307376  |  -0.18525  |  -0.0193862  |  NaN  |  0.6592  |  14.86  |  NaN
  292  |  -0.306646  |  -0.185381  |  -0.0193279  |  NaN  |  0.6541  |  14.87  |  NaN
  293  |  -0.305478  |  -0.185677  |  -0.0192234  |  NaN  |  0.6452  |  14.89  |  NaN
  294  |  -0.304002  |  -0.186102  |  -0.0190843  |  NaN  |  0.6335  |  14.93  |  NaN
  295  |  -0.30235  |  -0.186615  |  -0.0189256  |  NaN  |  0.6202  |  14.98  |  NaN
  296  |  -0.300717  |  -0.187166  |  -0.018765  |  NaN  |  0.6067  |  15.03  |  NaN
  297  |  -0.299284  |  -0.187704  |  -0.0186216  |  NaN  |  0.5944  |  15.07  |  NaN
  298  |  -0.298193  |  -0.188185  |  -0.0185093  |  NaN  |  0.5846  |  15.11  |  NaN
  299  |  -0.297574  |  -0.188566  |  -0.0184417  |  NaN  |  0.5781  |  15.14  |  NaN
  300  |  -0.297469  |  -0.188816  |  -0.018424  |  NaN  |  0.5754  |  15.15  |  NaN
  301  |  -0.297858  |  -0.188914  |  -0.0184563  |  NaN  |  0.5767  |  15.14  |  NaN
  302  |  -0.298667  |  -0.188856  |  -0.0185324  |  NaN  |  0.5815  |  15.12  |  NaN
  303  |  -0.29977  |  -0.188652  |  -0.0186422  |  NaN  |  0.589  |  15.08  |  NaN
  304  |  -0.301017  |  -0.188333  |  -0.0187709  |  NaN  |  0.5983  |  15.04  |  NaN
  305  |  -0.302243  |  -0.187943  |  -0.0189028  |  NaN  |  0.6082  |  14.99  |  NaN
  306  |  -0.303294  |  -0.18754  |  -0.0190218  |  NaN  |  0.6172  |  14.94  |  NaN
  307  |  -0.304033  |  -0.187188  |  -0.0191129  |  NaN  |  0.6242  |  14.91  |  NaN
  308  |  -0.304376  |  -0.186933  |  -0.0191649  |  NaN  |  0.6283  |  14.88  |  NaN
  309  |  -0.304269  |  -0.186812  |  -0.0191721  |  NaN  |  0.6287  |  14.87  |  NaN
  310  |  -0.303696  |  -0.186849  |  -0.0191312  |  NaN  |  0.6254  |  14.87  |  NaN
  311  |  -0.30272  |  -0.187039  |  -0.0190481  |  NaN  |  0.6185  |  14.89  |  NaN
  312  |  -0.301448  |  -0.187356  |  -0.0189314  |  NaN  |  0.609  |  14.92  |  NaN
  313  |  -0.300015  |  -0.187758  |  -0.0187955  |  NaN  |  0.5979  |  14.96  |  NaN
  314  |  -0.298578  |  -0.188215  |  -0.0186561  |  NaN  |  0.5864  |  15.0  |  NaN
  315  |  -0.297303  |  -0.18868  |  -0.0185292  |  NaN  |  0.5757  |  15.05  |  NaN
  316  |  -0.29634  |  -0.189108  |  -0.01843  |  NaN  |  0.567  |  15.08  |  NaN
  317  |  -0.295793  |  -0.189462  |  -0.0183685  |  NaN  |  0.5612  |  15.1  |  NaN
  318  |  -0.295711  |  -0.189705  |  -0.0183523  |  NaN  |  0.5588  |  15.11  |  NaN
  319  |  -0.296092  |  -0.189811  |  -0.0183819  |  NaN  |  0.5599  |  15.11  |  NaN
  320  |  -0.296865  |  -0.189773  |  -0.0184533  |  NaN  |  0.5643  |  15.09  |  NaN
  321  |  -0.297933  |  -0.189588  |  -0.0185569  |  NaN  |  0.5715  |  15.06  |  NaN
  322  |  -0.299154  |  -0.189281  |  -0.0186807  |  NaN  |  0.5805  |  15.01  |  NaN
  323  |  -0.300372  |  -0.188893  |  -0.0188086  |  NaN  |  0.5902  |  14.97  |  NaN
  324  |  -0.301457  |  -0.188474  |  -0.0189281  |  NaN  |  0.5995  |  14.93  |  NaN
  325  |  -0.302274  |  -0.188072  |  -0.0190238  |  NaN  |  0.6072  |  14.89  |  NaN
  326  |  -0.302713  |  -0.187751  |  -0.0190853  |  NaN  |  0.6123  |  14.86  |  NaN
  327  |  -0.302743  |  -0.187543  |  -0.019105  |  NaN  |  0.6143  |  14.85  |  NaN
  328  |  -0.30234  |  -0.187481  |  -0.0190811  |  NaN  |  0.6126  |  14.85  |  NaN
  329  |  -0.30156  |  -0.187569  |  -0.019017  |  NaN  |  0.6077  |  14.86  |  NaN
  330  |  -0.300498  |  -0.187785  |  -0.0189205  |  NaN  |  0.6002  |  14.88  |  NaN
  331  |  -0.299271  |  -0.188105  |  -0.0188031  |  NaN  |  0.591  |  14.92  |  NaN
  332  |  -0.298018  |  -0.188493  |  -0.0186795  |  NaN  |  0.5811  |  14.95  |  NaN
  333  |  -0.296892  |  -0.188914  |  -0.0185649  |  NaN  |  0.5716  |  14.99  |  NaN
  334  |  -0.296061  |  -0.189305  |  -0.0184745  |  NaN  |  0.5639  |  15.03  |  NaN
  335  |  -0.295602  |  -0.189635  |  -0.0184184  |  NaN  |  0.5588  |  15.05  |  NaN
  336  |  -0.295581  |  -0.189874  |  -0.0184038  |  NaN  |  0.5567  |  15.06  |  NaN
  337  |  -0.295996  |  -0.18999  |  -0.0184325  |  NaN  |  0.558  |  15.06  |  NaN
  338  |  -0.296794  |  -0.189961  |  -0.0185007  |  NaN  |  0.5624  |  15.04  |  NaN
  339  |  -0.297881  |  -0.189774  |  -0.0186015  |  NaN  |  0.5697  |  15.01  |  NaN
  340  |  -0.299124  |  -0.189456  |  -0.0187232  |  NaN  |  0.5789  |  14.98  |  NaN
  341  |  -0.300393  |  -0.189024  |  -0.0188535  |  NaN  |  0.5892  |  14.93  |  NaN
  342  |  -0.301542  |  -0.188545  |  -0.0189768  |  NaN  |  0.5993  |  14.89  |  NaN
  343  |  -0.302437  |  -0.188076  |  -0.0190805  |  NaN  |  0.6081  |  14.85  |  NaN
  344  |  -0.302999  |  -0.187661  |  -0.0191532  |  NaN  |  0.6146  |  14.82  |  NaN
  345  |  -0.303163  |  -0.187364  |  -0.0191866  |  NaN  |  0.618  |  14.8  |  NaN
  346  |  -0.302929  |  -0.187209  |  -0.0191781  |  NaN  |  0.6181  |  14.8  |  NaN
  347  |  -0.302316  |  -0.187207  |  -0.0191292  |  NaN  |  0.6149  |  14.8  |  NaN
  348  |  -0.301407  |  -0.187355  |  -0.0190459  |  NaN  |  0.6087  |  14.83  |  NaN
  349  |  -0.300317  |  -0.187626  |  -0.0189394  |  NaN  |  0.6006  |  14.86  |  NaN
  350  |  -0.299178  |  -0.187995  |  -0.0188228  |  NaN  |  0.5914  |  14.89  |  NaN
  351  |  -0.29816  |  -0.1884  |  -0.0187123  |  NaN  |  0.5826  |  14.93  |  NaN
  352  |  -0.297388  |  -0.188802  |  -0.0186213  |  NaN  |  0.5751  |  14.97  |  NaN
  353  |  -0.296966  |  -0.189141  |  -0.0185616  |  NaN  |  0.5701  |  15.0  |  NaN
  354  |  -0.296953  |  -0.18939  |  -0.0185416  |  NaN  |  0.5679  |  15.02  |  NaN
  355  |  -0.297379  |  -0.189507  |  -0.0185649  |  NaN  |  0.5692  |  15.02  |  NaN
  356  |  -0.298174  |  -0.189466  |  -0.0186288  |  NaN  |  0.5738  |  15.01  |  NaN
  357  |  -0.29927  |  -0.189269  |  -0.0187273  |  NaN  |  0.5812  |  14.98  |  NaN
  358  |  -0.300547  |  -0.188914  |  -0.0188497  |  NaN  |  0.5909  |  14.94  |  NaN
  359  |  -0.301866  |  -0.188444  |  -0.0189833  |  NaN  |  0.6019  |  14.9  |  NaN
  360  |  -0.303083  |  -0.187906  |  -0.019113  |  NaN  |  0.613  |  14.86  |  NaN

Relative history differences (L2 norm):
  Bernoulli vs Laplace(∇u):  0.40041389069653427
  Bernoulli vs Laplace(λ):   0.9326293008995948
  Bernoulli vs KJ:           NaN
  Laplace(∇u) vs Laplace(λ): 0.8920450541689052
