phase,nt,idx,sigma,G1,G2,G3,M1,M2,M3,M4,M5,M6,nume_raw,deno_raw,C2_old,C3_old,nume_rlx,deno_rlx,abs_ratio,clamp,C1_pre_force,C1_final,SFS1,SFS2,SFS3,GdotSFS
beforeUJ_end,1,1,0.08307767239493008,-3.054523979213035e-5,2.4663574180377842e-5,0.0018030912764720921,-8.006068113510994e-6,6.482070422626584e-6,-5.841460408722992e-8,-0.00021376610958371775,-0.0001834979394487831,0.00012746162223795085,,,,,,,,,,,,,,
beforeUJ_end,1,2,0.08307767239493008,6.497907698224491e-6,2.2940210684605853e-6,0.0007303182804303469,-4.299414228613406e-6,-8.56232798479215e-7,1.9556059280665953e-7,0.0002488440496914861,-0.0011246462808968377,0.00014196138281041267,,,,,,,,,,,,,,
beforeUJ_end,1,3,0.08307767239493008,1.0956577906428737e-5,6.783123655575467e-7,0.00047801030357812766,-2.938675828507834e-6,-1.7611691785143366e-6,2.0902146544860805e-7,0.0003706923623120154,-0.0012589312846682907,0.00014637318812150456,,,,,,,,,,,,,,
beforeUJ_end,1,4,0.08307767239493008,7.2605828088982444e-6,-1.041101397853948e-6,0.0003661000488379896,-2.458824046262136e-6,-1.0656564607752057e-6,1.4635464331149284e-7,0.0003693212822703005,-0.0012114891019348408,0.00013919045062760001,,,,,,,,,,,,,,
beforeUJ_end,1,5,0.08307767239493008,6.478630638895706e-6,-2.455284915413724e-6,0.0003316497183421762,-2.422774034226065e-6,-8.825181198939037e-7,1.308972085014573e-7,0.00029878198005214537,-0.001182289248577291,0.00013267840811181572,,,,,,,,,,,,,,
beforeUJ_end,1,6,0.08307767239493008,5.9477521488942894e-6,-3.387987312973194e-6,0.00028711284356211774,-2.2549785465283956e-6,-7.700560711003957e-7,1.1618934556112599e-7,0.00024054037789663025,-0.0011580893188091134,0.0001248997611116971,,,,,,,,,,,,,,
beforeUJ_end,1,7,0.08307767239493008,5.723362479955372e-6,-4.456261438446208e-6,0.00025726932989263536,-2.1900828463867123e-6,-7.090036763810906e-7,1.0864162852165815e-7,0.00016339917149105947,-0.0011314820180077113,0.00011677763850625501,,,,,,,,,,,,,,
beforeUJ_end,1,8,0.08307767239493008,5.858459277997377e-6,-5.522599673293677e-6,0.00023523855104668365,-2.168529980241192e-6,-7.116593978548554e-7,1.0624678238871331e-7,7.42757784599875e-5,-0.001104880431399545,0.0001074087207943679,,,,,,,,,,,,,,
beforeUJ_end,1,9,0.08307767239493008,5.176222813003988e-6,-5.509893732810091e-6,0.0001845664358121229,-1.8310817884734323e-6,-6.214067785519683e-7,8.856735968512828e-8,2.325863261299515e-5,-0.001074214972426043,9.375129895252206e-5,,,,,,,,,,,,,,
beforeUJ_end,1,10,0.08307767239493008,3.264262721104322e-6,-3.985256485731884e-6,0.00010962979641961608,-1.1616941815941837e-6,-3.760693600070123e-7,5.4056710523147095e-8,1.4449685365085251e-5,-0.001034225493806933,7.806784786100398e-5,,,,,,,,,,,,,,
beforeUJ_end,1,11,0.08307767239493008,1.717963067212445e-6,-2.5184473686606838e-6,5.82828659133021e-5,-6.566085230143838e-7,-1.8160250882475898e-7,2.8483231292349585e-8,-2.356477466774814e-5,-0.0009897475939516895,6.25142069018499e-5,,,,,,,,,,,,,,
beforeUJ_end,1,12,0.08307767239493008,1.0026333408100743e-6,-1.8439668350983834e-6,3.547574093910815e-5,-4.291525721701057e-7,-9.362290240539474e-8,1.7082169529414933e-8,-0.00010620271325799207,-0.0009446096912213289,4.5435306753339616e-5,,,,,,,,,,,,,,
beforeUJ_end,1,13,0.08307767239493008,7.588613767395297e-7,-1.6322859655933716e-6,2.6896277508933305e-5,-3.4595967727164675e-7,-6.37482341204991e-8,1.3088657549387522e-8,-0.0002160012927218928,-0.0008982770274787248,2.860732014595164e-5,,,,,,,,,,,,,,
beforeUJ_end,1,14,0.08307767239493008,-1.5099805420183815e-7,3.697256997183789e-7,-5.36496016749447e-6,7.249386654825418e-8,1.1269260492627948e-8,-2.6481487886578527e-9,-0.000283535326441129,-0.0008527359699864222,1.0811243521196903e-5,,,,,,,,,,,,,,
beforeUJ_end,1,15,0.08307767239493008,-5.174601454489578e-7,1.5962951798763132e-6,-1.98351466983988e-5,2.8628244972581553e-7,2.99173379893057e-8,-9.902723112161956e-9,-0.00038242184533790534,-0.000806735784883354,-9.738102215082529e-6,,,,,,,,,,,,,,
beforeUJ_end,1,16,0.08307767239493008,-1.583195301372601e-7,5.743861732357329e-7,-6.146403720697205e-6,9.472156472739645e-8,7.496877673391042e-9,-3.216383020195533e-9,-0.0005444203078937898,-0.0007551431258061164,-3.083061030532718e-5,,,,,,,,,,,,,,
beforeUJ_end,1,17,0.08307767239493008,-7.524512238698058e-7,3.0606503900614633e-6,-2.874914051801754e-5,4.685030653677002e-7,3.089734680649837e-8,-1.5950433875382835e-8,-0.0006321124077636246,-0.0007079790016791948,-5.554861328062925e-5,,,,,,,,,,,,,,
beforeUJ_end,1,18,0.08307767239493008,-1.1786944844510331e-6,5.68974981318057e-6,-4.702231383954786e-5,8.091241452132723e-7,3.312735633174106e-8,-2.7909325022971053e-8,-0.0007252007068638105,-0.000662452643706583,-7.9710603989376e-5,,,,,,,,,,,,,,
beforeUJ_end,1,19,0.08307767239493008,-1.265062486188826e-6,7.2340598511025605e-6,-5.2808244853320324e-5,9.570504165325724e-7,1.8749829240558992e-8,-3.411141972956647e-8,-0.000846724036167787,-0.0006156312318388475,-0.00010304196184769584,,,,,,,,,,,,,,
beforeUJ_end,1,20,0.08307767239493008,-1.534507856326905e-6,1.1338335724381814e-5,-7.31526741034255e-5,1.394966696251863e-6,-1.5241737838217317e-8,-5.231314859032316e-8,-0.0009295418620354745,-0.0005750856648401138,-0.0001293003033584403,,,,,,,,,,,,,,
beforeUJ_end,1,21,0.08307767239493008,-1.125211201495001e-6,1.0432757808988778e-5,-5.9783494643411666e-5,1.1948308225547314e-6,-3.551587969719303e-8,-4.808938470764729e-8,-0.0011050945697675292,-0.0005237449368073485,-0.0001524982233738775,,,,,,,,,,,,,,
beforeUJ_end,1,22,0.08307767239493008,-1.2089359811471393e-6,1.400593241417e-5,-7.148818678971993e-5,1.4926788250349105e-6,-6.278713879493824e-8,-6.54376541540168e-8,-0.001211040363643247,-0.0004818861208372142,-0.00017900878849344277,,,,,,,,,,,,,,
beforeUJ_end,1,23,0.08307767239493008,-1.022006802897161e-6,1.6095566714967205e-5,-7.277244898686349e-5,1.59114928233341e-6,-8.744895881023253e-8,-7.726309303678794e-8,-0.001344035229487364,-0.0004379690004695803,-0.00020625121994930867,,,,,,,,,,,,,,
beforeUJ_end,1,24,0.08307767239493008,-8.666031484454322e-7,1.726755476265459e-5,-6.919016072590723e-5,1.5811488506351825e-6,-8.769514426271178e-8,-8.539646895548761e-8,-0.0014915875416908282,-0.0003917386145536704,-0.00023362293376926922,,,,,,,,,,,,,,
beforeUJ_end,1,25,0.08307767239493008,-8.760182873952563e-7,2.200153630858989e-5,-7.822626160002388e-5,1.8620731210190815e-6,-9.447844935002733e-8,-1.1255871208215706e-7,-0.001597307709932633,-0.00035286992527153334,-0.0002628962647951128,,,,,,,,,,,,,,
beforeUJ_end,1,26,0.08307767239493008,-6.874093237793622e-7,2.8987487017259134e-5,-9.105738035372781e-5,2.257019533988192e-6,-1.153470514457642e-7,-1.556755518753069e-7,-0.001683828538623716,-0.0003199428421376131,-0.00029379760525472394,,,,,,,,,,,,,,
beforeUJ_end,1,27,0.08307767239493008,1.0767687612940893e-7,3.668409520436794e-5,-0.00010115315284364895,2.6107238695080363e-6,-1.623464228194814e-7,-2.123861869855319e-7,-0.0017720511240949168,-0.0002915466281161691,-0.0003258406905521435,,,,,,,,,,,,,,
beforeUJ_end,1,28,0.08307767239493008,6.951169774306655e-7,3.563610934721641e-5,-8.57030187801971e-5,2.306369626175732e-6,-1.252480309197144e-7,-2.2030143216352573e-7,-0.0019488512564870006,-0.00024493637284375637,-0.00035640571801914584,,,,,,,,,,,,,,
beforeUJ_end,1,29,0.08307767239493008,1.1097241095840606e-6,3.7061810866935706e-5,-7.845629284641001e-5,2.1728265441012555e-6,-7.271058723906185e-8,-2.424461533978096e-7,-0.0020987059592283207,-0.00020295476699015518,-0.0003870055938908743,,,,,,,,,,,,,,
beforeUJ_end,1,30,0.08307767239493008,2.533302973879864e-6,4.327217389637478e-5,-8.090351032547899e-5,2.2717184087887317e-6,-7.524133898621741e-8,-3.1199007173260136e-7,-0.002209546186518857,-0.00017570557906155463,-0.0004152240710527987,,,,,,,,,,,,,,
beforeUJ_end,1,1,0.08307767239493008,-3.054523979213035e-5,2.4663574180377842e-5,0.0018030912764720921,-8.006068113510994e-6,6.482070422626584e-6,-5.841460408722992e-8,-0.00021376610958371775,-0.0001834979394487831,0.00012746162223795085,,,,,,,,,,,,,,
beforeUJ_end,1,2,0.08307767239493008,6.497907698224491e-6,2.2940210684605853e-6,0.0007303182804303469,-4.299414228613406e-6,-8.56232798479215e-7,1.9556059280665953e-7,0.0002488440496914861,-0.0011246462808968377,0.00014196138281041267,,,,,,,,,,,,,,
beforeUJ_end,1,3,0.08307767239493008,1.0956577906428737e-5,6.783123655575467e-7,0.00047801030357812766,-2.938675828507834e-6,-1.7611691785143366e-6,2.0902146544860805e-7,0.0003706923623120154,-0.0012589312846682907,0.00014637318812150456,,,,,,,,,,,,,,
beforeUJ_end,1,4,0.08307767239493008,7.2605828088982444e-6,-1.041101397853948e-6,0.0003661000488379896,-2.458824046262136e-6,-1.0656564607752057e-6,1.4635464331149284e-7,0.0003693212822703005,-0.0012114891019348408,0.00013919045062760001,,,,,,,,,,,,,,
beforeUJ_end,1,5,0.08307767239493008,6.478630638895706e-6,-2.455284915413724e-6,0.0003316497183421762,-2.422774034226065e-6,-8.825181198939037e-7,1.308972085014573e-7,0.00029878198005214537,-0.001182289248577291,0.00013267840811181572,,,,,,,,,,,,,,
beforeUJ_end,1,6,0.08307767239493008,5.9477521488942894e-6,-3.387987312973194e-6,0.00028711284356211774,-2.2549785465283956e-6,-7.700560711003957e-7,1.1618934556112599e-7,0.00024054037789663025,-0.0011580893188091134,0.0001248997611116971,,,,,,,,,,,,,,
beforeUJ_end,1,7,0.08307767239493008,5.723362479955372e-6,-4.456261438446208e-6,0.00025726932989263536,-2.1900828463867123e-6,-7.090036763810906e-7,1.0864162852165815e-7,0.00016339917149105947,-0.0011314820180077113,0.00011677763850625501,,,,,,,,,,,,,,
beforeUJ_end,1,8,0.08307767239493008,5.858459277997377e-6,-5.522599673293677e-6,0.00023523855104668365,-2.168529980241192e-6,-7.116593978548554e-7,1.0624678238871331e-7,7.42757784599875e-5,-0.001104880431399545,0.0001074087207943679,,,,,,,,,,,,,,
beforeUJ_end,1,9,0.08307767239493008,5.176222813003988e-6,-5.509893732810091e-6,0.0001845664358121229,-1.8310817884734323e-6,-6.214067785519683e-7,8.856735968512828e-8,2.325863261299515e-5,-0.001074214972426043,9.375129895252206e-5,,,,,,,,,,,,,,
beforeUJ_end,1,10,0.08307767239493008,3.264262721104322e-6,-3.985256485731884e-6,0.00010962979641961608,-1.1616941815941837e-6,-3.760693600070123e-7,5.4056710523147095e-8,1.4449685365085251e-5,-0.001034225493806933,7.806784786100398e-5,,,,,,,,,,,,,,
beforeUJ_end,1,11,0.08307767239493008,1.717963067212445e-6,-2.5184473686606838e-6,5.82828659133021e-5,-6.566085230143838e-7,-1.8160250882475898e-7,2.8483231292349585e-8,-2.356477466774814e-5,-0.0009897475939516895,6.25142069018499e-5,,,,,,,,,,,,,,
beforeUJ_end,1,12,0.08307767239493008,1.0026333408100743e-6,-1.8439668350983834e-6,3.547574093910815e-5,-4.291525721701057e-7,-9.362290240539474e-8,1.7082169529414933e-8,-0.00010620271325799207,-0.0009446096912213289,4.5435306753339616e-5,,,,,,,,,,,,,,
beforeUJ_end,1,13,0.08307767239493008,7.588613767395297e-7,-1.6322859655933716e-6,2.6896277508933305e-5,-3.4595967727164675e-7,-6.37482341204991e-8,1.3088657549387522e-8,-0.0002160012927218928,-0.0008982770274787248,2.860732014595164e-5,,,,,,,,,,,,,,
beforeUJ_end,1,14,0.08307767239493008,-1.5099805420183815e-7,3.697256997183789e-7,-5.36496016749447e-6,7.249386654825418e-8,1.1269260492627948e-8,-2.6481487886578527e-9,-0.000283535326441129,-0.0008527359699864222,1.0811243521196903e-5,,,,,,,,,,,,,,
beforeUJ_end,1,15,0.08307767239493008,-5.174601454489578e-7,1.5962951798763132e-6,-1.98351466983988e-5,2.8628244972581553e-7,2.99173379893057e-8,-9.902723112161956e-9,-0.00038242184533790534,-0.000806735784883354,-9.738102215082529e-6,,,,,,,,,,,,,,
beforeUJ_end,1,16,0.08307767239493008,-1.583195301372601e-7,5.743861732357329e-7,-6.146403720697205e-6,9.472156472739645e-8,7.496877673391042e-9,-3.216383020195533e-9,-0.0005444203078937898,-0.0007551431258061164,-3.083061030532718e-5,,,,,,,,,,,,,,
beforeUJ_end,1,17,0.08307767239493008,-7.524512238698058e-7,3.0606503900614633e-6,-2.874914051801754e-5,4.685030653677002e-7,3.089734680649837e-8,-1.5950433875382835e-8,-0.0006321124077636246,-0.0007079790016791948,-5.554861328062925e-5,,,,,,,,,,,,,,
beforeUJ_end,1,18,0.08307767239493008,-1.1786944844510331e-6,5.68974981318057e-6,-4.702231383954786e-5,8.091241452132723e-7,3.312735633174106e-8,-2.7909325022971053e-8,-0.0007252007068638105,-0.000662452643706583,-7.9710603989376e-5,,,,,,,,,,,,,,
beforeUJ_end,1,19,0.08307767239493008,-1.265062486188826e-6,7.2340598511025605e-6,-5.2808244853320324e-5,9.570504165325724e-7,1.8749829240558992e-8,-3.411141972956647e-8,-0.000846724036167787,-0.0006156312318388475,-0.00010304196184769584,,,,,,,,,,,,,,
beforeUJ_end,1,20,0.08307767239493008,-1.534507856326905e-6,1.1338335724381814e-5,-7.31526741034255e-5,1.394966696251863e-6,-1.5241737838217317e-8,-5.231314859032316e-8,-0.0009295418620354745,-0.0005750856648401138,-0.0001293003033584403,,,,,,,,,,,,,,
beforeUJ_end,1,21,0.08307767239493008,-1.125211201495001e-6,1.0432757808988778e-5,-5.9783494643411666e-5,1.1948308225547314e-6,-3.551587969719303e-8,-4.808938470764729e-8,-0.0011050945697675292,-0.0005237449368073485,-0.0001524982233738775,,,,,,,,,,,,,,
beforeUJ_end,1,22,0.08307767239493008,-1.2089359811471393e-6,1.400593241417e-5,-7.148818678971993e-5,1.4926788250349105e-6,-6.278713879493824e-8,-6.54376541540168e-8,-0.001211040363643247,-0.0004818861208372142,-0.00017900878849344277,,,,,,,,,,,,,,
beforeUJ_end,1,23,0.08307767239493008,-1.022006802897161e-6,1.6095566714967205e-5,-7.277244898686349e-5,1.59114928233341e-6,-8.744895881023253e-8,-7.726309303678794e-8,-0.001344035229487364,-0.0004379690004695803,-0.00020625121994930867,,,,,,,,,,,,,,
beforeUJ_end,1,24,0.08307767239493008,-8.666031484454322e-7,1.726755476265459e-5,-6.919016072590723e-5,1.5811488506351825e-6,-8.769514426271178e-8,-8.539646895548761e-8,-0.0014915875416908282,-0.0003917386145536704,-0.00023362293376926922,,,,,,,,,,,,,,
beforeUJ_end,1,25,0.08307767239493008,-8.760182873952563e-7,2.200153630858989e-5,-7.822626160002388e-5,1.8620731210190815e-6,-9.447844935002733e-8,-1.1255871208215706e-7,-0.001597307709932633,-0.00035286992527153334,-0.0002628962647951128,,,,,,,,,,,,,,
beforeUJ_end,1,26,0.08307767239493008,-6.874093237793622e-7,2.8987487017259134e-5,-9.105738035372781e-5,2.257019533988192e-6,-1.153470514457642e-7,-1.556755518753069e-7,-0.001683828538623716,-0.0003199428421376131,-0.00029379760525472394,,,,,,,,,,,,,,
beforeUJ_end,1,27,0.08307767239493008,1.0767687612940893e-7,3.668409520436794e-5,-0.00010115315284364895,2.6107238695080363e-6,-1.623464228194814e-7,-2.123861869855319e-7,-0.0017720511240949168,-0.0002915466281161691,-0.0003258406905521435,,,,,,,,,,,,,,
beforeUJ_end,1,28,0.08307767239493008,6.951169774306655e-7,3.563610934721641e-5,-8.57030187801971e-5,2.306369626175732e-6,-1.252480309197144e-7,-2.2030143216352573e-7,-0.0019488512564870006,-0.00024493637284375637,-0.00035640571801914584,,,,,,,,,,,,,,
beforeUJ_end,1,29,0.08307767239493008,1.1097241095840606e-6,3.7061810866935706e-5,-7.845629284641001e-5,2.1728265441012555e-6,-7.271058723906185e-8,-2.424461533978096e-7,-0.0020987059592283207,-0.00020295476699015518,-0.0003870055938908743,,,,,,,,,,,,,,
beforeUJ_end,1,30,0.08307767239493008,2.533302973879864e-6,4.327217389637478e-5,-8.090351032547899e-5,2.2717184087887317e-6,-7.524133898621741e-8,-3.1199007173260136e-7,-0.002209546186518857,-0.00017570557906155463,-0.0004152240710527987,,,,,,,,,,,,,,
dyn,2,25,0.08307767239493008,-8.760182873952563e-7,2.200153630858989e-5,-7.822626160002388e-5,-1.8550405809143827e-6,9.451770144425539e-8,1.1226603426880777e-7,0.0,0.0,0.0,-5.062335348479527e-12,0.0,0.0,0.0,-2.5311676742397635e-14,2.2093438190040615e-16,114.56649039717028,2,-1.0,1.0,-0.001597307709932633,-0.00035286992527153334,-0.0002628962647951128,1.4200982274959021e-8
dyn,2,1,0.08307767239493008,-3.054523979213035e-5,2.4663574180377842e-5,0.0018030912764720921,7.976847462340357e-6,-6.474648601134055e-6,5.871207059084388e-8,0.0,0.0,0.0,-2.965870338655705e-10,0.0,0.0,0.0,-1.4829351693278527e-12,2.2093438190040615e-16,6712.10681004977,2,-1.0,1.0,-0.00021376610958371775,-0.0001834979394487831,0.00012746162223795085,2.3182876117735434e-7
dyn,2,26,0.08307767239493008,-6.874093237793622e-7,2.8987487017259134e-5,-9.105738035372781e-5,-2.2485332725389062e-6,1.1543184432676e-7,1.552634751535598e-7,0.0,0.0,0.0,-9.21840505646688e-12,0.0,0.0,0.0,-4.60920252823344e-14,2.2093438190040615e-16,208.62314360429417,2,-1.0,1.0,-0.001683828538623716,-0.0003199428421376131,-0.00029379760525472394,1.863558074306045e-8
dyn,2,27,0.08307767239493008,1.0767687612940893e-7,3.668409520436794e-5,-0.00010115315284364895,-2.6009558681067174e-6,1.6245495775288022e-7,2.118115933893332e-7,0.0,0.0,0.0,-1.5698722265928896e-11,0.0,0.0,0.0,-7.849361132964449e-14,2.2093438190040615e-16,355.28019973382055,2,-1.0,1.0,-0.0017720511240949168,-0.0002915466281161691,-0.0003258406905521435,2.2073879982390944e-8
dyn,2,2,0.08307767239493008,6.497907698224491e-6,2.2940210684605853e-6,0.0007303182804303469,4.283654679818215e-6,8.49780020586521e-7,-1.947234100013851e-7,0.0,0.0,0.0,-1.1208858238055517e-10,0.0,0.0,0.0,-5.604429119027758e-13,2.2093438190040615e-16,2536.693959002791,2,-1.0,1.0,0.0002488440496914861,-0.0011246462808968377,0.00014196138281041267,1.0271399638481927e-7
dyn,2,3,0.08307767239493008,1.0956577906428737e-5,6.783123655575467e-7,0.00047801030357812766,2.9277718495563905e-6,1.753672666669228e-6,-2.0817912449602128e-7,0.0,0.0,0.0,-6.604513667727003e-11,0.0,0.0,0.0,-3.3022568338635017e-13,2.2093438190040615e-16,1494.6776529114916,2,-1.0,1.0,0.0003706923623120154,-0.0012589312846682907,0.00014637318812150456,7.317546317887073e-8
dyn,2,28,0.08307767239493008,6.951169774306655e-7,3.563610934721641e-5,-8.57030187801971e-5,-2.2977878187295845e-6,1.254741453313635e-7,2.1969183919101607e-7,0.0,0.0,0.0,-1.590621255575871e-11,0.0,0.0,0.0,-7.953106277879355e-14,2.2093438190040615e-16,359.9759444170394,2,-1.0,1.0,-0.0019488512564870006,-0.00024493637284375637,-0.00035640571801914584,2.0461786984122615e-8
dyn,2,4,0.08307767239493008,7.2605828088982444e-6,-1.041101397853948e-6,0.0003661000488379896,2.449613216563936e-6,1.0606938679406955e-6,-1.457624581156986e-7,0.0,0.0,0.0,-3.657226635499216e-11,0.0,0.0,0.0,-1.828613317749608e-13,2.2093438190040615e-16,827.6725885851117,2,-1.0,1.0,0.0003693212822703005,-0.0012114891019348408,0.00013919045062760001,5.490040152306734e-8
dyn,2,29,0.08307767239493008,1.1097241095840606e-6,3.7061810866935706e-5,-7.845629284641001e-5,-2.1647849998647117e-6,7.3133256026005e-8,2.417613995001306e-7,0.0,0.0,0.0,-1.8603587662552075e-11,0.0,0.0,0.0,-9.301793831276037e-14,2.2093438190040615e-16,421.02065560213003,2,-1.0,1.0,-0.0020987059592283207,-0.00020295476699015518,-0.0003870055938908743,2.0512168416885714e-8
dyn,2,5,0.08307767239493008,6.478630638895706e-6,-2.455284915413724e-6,0.0003316497183421762,2.413626341536037e-6,8.782664410318983e-7,-1.3037149562298542e-7,0.0,0.0,0.0,-2.9667799368728555e-11,0.0,0.0,0.0,-1.4833899684364277e-13,2.2093438190040615e-16,671.41653357743,2,-1.0,1.0,0.00029878198005214537,-0.001182289248577291,0.00013267840811181572,4.8841311728375394e-8
dyn,2,30,0.08307767239493008,2.533302973879864e-6,4.327217389637478e-5,-8.090351032547899e-5,-2.2633555965601133e-6,7.584883687907127e-8,3.1108915661069606e-7,0.0,0.0,0.0,-2.75369667198471e-11,0.0,0.0,0.0,-1.376848335992355e-13,2.2093438190040615e-16,623.193331951845,2,-1.0,1.0,-0.002209546186518857,-0.00017570557906155463,-0.0004152240710527987,2.0392472622859566e-8
dyn,2,6,0.08307767239493008,5.9477521488942894e-6,-3.387987312973194e-6,0.00028711284356211774,2.2464040784690055e-6,7.66385366505233e-7,-1.157276332030644e-7,0.0,0.0,0.0,-2.239495204403104e-11,0.0,0.0,0.0,-1.119747602201552e-13,2.2093438190040615e-16,506.82360643456445,2,-1.0,1.0,0.00024054037789663025,-0.0011580893188091134,0.0001248997611116971,4.1214592041954135e-8
dyn,2,7,0.08307767239493008,5.723362479955372e-6,-4.456261438446208e-6,0.00025726932989263536,2.181711757516309e-6,7.056943849363098e-7,-1.0821669910205564e-7,0.0,0.0,0.0,-1.8443372513689013e-11,0.0,0.0,0.0,-9.221686256844507e-14,2.2093438190040615e-16,417.39480191007584,2,-1.0,1.0,0.00016339917149105947,-0.0011314820180077113,0.00011677763850625501,3.6020677177459426e-8
dyn,2,8,0.08307767239493008,5.858459277997377e-6,-5.522599673293677e-6,0.00023523855104668365,2.1602079861452577e-6,7.085003699555438e-7,-1.0583824320987645e-7,0.0,0.0,0.0,-1.6106044845713585e-11,0.0,0.0,0.0,-8.053022422856792e-14,2.2093438190040615e-16,364.4983797264734,2,-1.0,1.0,7.42757784599875e-5,-0.001104880431399545,0.0001074087207943679,3.180362578237e-8
dyn,2,9,0.08307767239493008,5.176222813003988e-6,-5.509893732810091e-6,0.0001845664358121229,1.8240310333249316e-6,6.187973920307011e-7,-8.823195845200197e-8,0.0,0.0,0.0,-1.0221817197348413e-11,0.0,0.0,0.0,-5.1109085986742066e-14,2.2093438190040615e-16,231.3315181961188,2,-1.0,1.0,2.325863261299515e-5,-0.001074214972426043,9.375129895252206e-5,2.334254530941549e-8
dyn,2,10,0.08307767239493008,3.264262721104322e-6,-3.985256485731884e-6,0.00010962979641961608,1.1572076096459919e-6,3.7452736159915364e-7,-5.3855345119967284e-8,0.0,0.0,0.0,-3.608450532388317e-12,0.0,0.0,0.0,-1.8042252661941585e-14,2.2093438190040615e-16,81.66339936205473,2,-1.0,1.0,1.4449685365085251e-5,-0.001034225493806933,7.806784786100398e-5,1.27273836940917e-8
dyn,2,11,0.08307767239493008,1.717963067212445e-6,-2.5184473686606838e-6,5.82828659133021e-5,6.540663658847031e-7,1.8084661873396828e-7,-2.8379517281347732e-8,0.0,0.0,0.0,-9.828729400848551e-13,0.0,0.0,0.0,-4.914364700424276e-15,2.2093438190040615e-16,22.243548777480893,2,-1.0,1.0,-2.356477466774814e-5,-0.0009897475939516895,6.25142069018499e-5,6.095650949596444e-9
dyn,2,12,0.08307767239493008,1.0026333408100743e-6,-1.8439668350983834e-6,3.547574093910815e-5,4.2748950010250434e-7,9.321702192742212e-8,-1.7022130102479307e-8,0.0,0.0,0.0,-3.461051093521556e-13,0.0,0.0,0.0,-1.730525546760778e-15,2.2093438190040615e-16,7.832757997534636,2,-1.0,1.0,-0.00010620271325799207,-0.0009446096912213289,4.5435306753339616e-5,3.2471977333980875e-9
dyn,2,13,0.08307767239493008,7.588613767395297e-7,-1.6322859655933716e-6,2.6896277508933305e-5,3.446178786934534e-7,6.346722919043772e-8,-1.3044157414404324e-8,0.0,0.0,0.0,-1.923399910544189e-13,0.0,0.0,0.0,-9.616999552720945e-16,2.2093438190040615e-16,4.352875939905154,2,-1.0,1.0,-0.0002160012927218928,-0.0008982770274787248,2.860732014595164e-5,2.0717603682284137e-9
dyn,2,14,0.08307767239493008,-1.5099805420183815e-7,3.697256997183789e-7,-5.36496016749447e-6,-7.22124201843388e-8,-1.1218565900760639e-8,2.639427860434916e-9,0.0,0.0,0.0,-7.382069679083259e-15,0.0,0.0,0.0,-3.6910348395416296e-17,2.2093438190040615e-16,0.16706475505498694,0,-0.16706475505498694,0.16706475505498694,-0.000283535326441129,-0.0008527359699864222,1.0811243521196903e-5,-3.3046701144047105e-10
dyn,2,15,0.08307767239493008,-5.174601454489578e-7,1.5962951798763132e-6,-1.98351466983988e-5,-2.851719686656529e-7,-2.976564943706407e-8,9.87183342619947e-9,0.0,0.0,0.0,-9.547162183381421e-14,0.0,0.0,0.0,-4.773581091690711e-16,2.2093438190040615e-16,2.160632967413179,2,-1.0,1.0,-0.00038242184533790534,-0.000806735784883354,-9.738102215082529e-6,-8.967436951314566e-10
dyn,2,16,0.08307767239493008,-1.583195301372601e-7,5.743861732357329e-7,-6.146403720697205e-6,-9.435468680249047e-8,-7.456119312304375e-9,3.206812765653849e-9,0.0,0.0,0.0,-9.027703468341359e-15,0.0,0.0,0.0,-4.5138517341706795e-17,2.2093438190040615e-16,0.20430734661323358,0,-0.20430734661323358,0.20430734661323358,-0.0005444203078937898,-0.0007551431258061164,-3.083061030532718e-5,-1.5805402504208897e-10
dyn,2,17,0.08307767239493008,-7.524512238698058e-7,3.0606503900614633e-6,-2.874914051801754e-5,-4.6669092184825396e-7,-3.0724891398377496e-8,1.590471763972983e-8,0.0,0.0,0.0,-1.995225889798186e-13,0.0,0.0,0.0,-9.97612944899093e-16,2.2093438190040615e-16,4.5154264190025515,2,-1.0,1.0,-0.0006321124077636246,-0.0007079790016791948,-5.554861328062925e-5,-9.426756401389849e-11
dyn,2,18,0.08307767239493008,-1.1786944844510331e-6,5.68974981318057e-6,-4.702231383954786e-5,-8.060001675432785e-7,-3.289974001684192e-8,2.7832587783350892e-8,0.0,0.0,0.0,-5.442782673339954e-13,0.0,0.0,0.0,-2.721391336669977e-15,2.2093438190040615e-16,12.317645235935885,2,-1.0,1.0,-0.0007252007068638105,-0.000662452643706583,-7.9710603989376e-5,8.33777304658213e-10
dyn,2,19,0.08307767239493008,-1.265062486188826e-6,7.2340598511025605e-6,-5.2808244853320324e-5,-9.533632688662843e-7,-1.855076229013179e-8,3.402077428145354e-8,0.0,0.0,0.0,-7.225364641041678e-13,0.0,0.0,0.0,-3.612682320520839e-15,2.2093438190040615e-16,16.35183392211621,2,-1.0,1.0,-0.000846724036167787,-0.0006156312318388475,-0.00010304196184769584,2.0591107883996515e-9
dyn,2,20,0.08307767239493008,-1.534507856326905e-6,1.1338335724381814e-5,-7.31526741034255e-5,-1.3896062151104885e-6,1.5407634639717025e-8,5.2178530926394114e-8,0.0,0.0,0.0,-1.5054106580640432e-12,0.0,0.0,0.0,-7.527053290320215e-15,2.2093438190040615e-16,34.069180294958784,2,-1.0,1.0,-0.0009295418620354745,-0.0005750856648401138,-0.0001293003033584403,4.364537904895683e-9
dyn,2,21,0.08307767239493008,-1.125211201495001e-6,1.0432757808988778e-5,-5.9783494643411666e-5,-1.190252137544772e-6,3.559160477360603e-8,4.796755516208404e-8,0.0,0.0,0.0,-1.153593253344923e-12,0.0,0.0,0.0,-5.7679662667246144e-15,2.2093438190040615e-16,26.107146461815642,2,-1.0,1.0,-0.0011050945697675292,-0.0005237449368073485,-0.0001524982233738775,4.896237429420524e-9
dyn,2,22,0.08307767239493008,-1.2089359811471393e-6,1.400593241417e-5,-7.148818678971993e-5,-1.4869759884849614e-6,6.28297213053327e-8,6.527250060192364e-8,0.0,0.0,0.0,-1.9825994141490594e-12,0.0,0.0,0.0,-9.912997070745297e-15,2.2093438190040615e-16,44.86851247631491,2,-1.0,1.0,-0.001211040363643247,-0.0004818861208372142,-0.00017900878849344277,7.511819539277962e-9
dyn,2,23,0.08307767239493008,-1.022006802897161e-6,1.6095566714967205e-5,-7.277244898686349e-5,-1.5850920297894896e-6,8.744547378948187e-8,7.706746926679394e-8,0.0,0.0,0.0,-2.5731863932585796e-12,0.0,0.0,0.0,-1.2865931966292898e-14,2.2093438190040615e-16,58.2341772956491,2,-1.0,1.0,-0.001344035229487364,-0.0004379690004695803,-0.00020625121994930867,9.333660263963326e-9
dyn,2,24,0.08307767239493008,-8.666031484454322e-7,1.726755476265459e-5,-6.919016072590723e-5,-1.575152951782302e-6,8.76960126756779e-8,8.51777920303262e-8,0.0,0.0,0.0,-3.005094501478147e-12,0.0,0.0,0.0,-1.5025472507390735e-14,2.2093438190040615e-16,68.00875616618146,2,-1.0,1.0,-0.0014915875416908282,-0.0003917386145536704,-0.00023362293376926922,1.069265481711303e-8
clip-pass,2,1,0.08307767239493008,-3.054523979213035e-5,2.4663574180377842e-5,0.0018030912764720921,,,,,,,,,,,,,,,1.0,-0.00021376610958371775,-0.0001834979394487831,0.00012746162223795085,2.3182876117735434e-7
clip-pass,2,2,0.08307767239493008,6.497907698224491e-6,2.2940210684605853e-6,0.0007303182804303469,,,,,,,,,,,,,,,1.0,0.0002488440496914861,-0.0011246462808968377,0.00014196138281041267,1.0271399638481927e-7
clip-pass,2,3,0.08307767239493008,1.0956577906428737e-5,6.783123655575467e-7,0.00047801030357812766,,,,,,,,,,,,,,,1.0,0.0003706923623120154,-0.0012589312846682907,0.00014637318812150456,7.317546317887073e-8
clip-pass,2,4,0.08307767239493008,7.2605828088982444e-6,-1.041101397853948e-6,0.0003661000488379896,,,,,,,,,,,,,,,1.0,0.0003693212822703005,-0.0012114891019348408,0.00013919045062760001,5.490040152306734e-8
clip-pass,2,5,0.08307767239493008,6.478630638895706e-6,-2.455284915413724e-6,0.0003316497183421762,,,,,,,,,,,,,,,1.0,0.00029878198005214537,-0.001182289248577291,0.00013267840811181572,4.8841311728375394e-8
clip-pass,2,6,0.08307767239493008,5.9477521488942894e-6,-3.387987312973194e-6,0.00028711284356211774,,,,,,,,,,,,,,,1.0,0.00024054037789663025,-0.0011580893188091134,0.0001248997611116971,4.1214592041954135e-8
clip-pass,2,7,0.08307767239493008,5.723362479955372e-6,-4.456261438446208e-6,0.00025726932989263536,,,,,,,,,,,,,,,1.0,0.00016339917149105947,-0.0011314820180077113,0.00011677763850625501,3.6020677177459426e-8
clip-pass,2,8,0.08307767239493008,5.858459277997377e-6,-5.522599673293677e-6,0.00023523855104668365,,,,,,,,,,,,,,,1.0,7.42757784599875e-5,-0.001104880431399545,0.0001074087207943679,3.180362578237e-8
clip-pass,2,9,0.08307767239493008,5.176222813003988e-6,-5.509893732810091e-6,0.0001845664358121229,,,,,,,,,,,,,,,1.0,2.325863261299515e-5,-0.001074214972426043,9.375129895252206e-5,2.334254530941549e-8
clip-pass,2,10,0.08307767239493008,3.264262721104322e-6,-3.985256485731884e-6,0.00010962979641961608,,,,,,,,,,,,,,,1.0,1.4449685365085251e-5,-0.001034225493806933,7.806784786100398e-5,1.27273836940917e-8
clip-pass,2,11,0.08307767239493008,1.717963067212445e-6,-2.5184473686606838e-6,5.82828659133021e-5,,,,,,,,,,,,,,,1.0,-2.356477466774814e-5,-0.0009897475939516895,6.25142069018499e-5,6.095650949596444e-9
clip-pass,2,12,0.08307767239493008,1.0026333408100743e-6,-1.8439668350983834e-6,3.547574093910815e-5,,,,,,,,,,,,,,,1.0,-0.00010620271325799207,-0.0009446096912213289,4.5435306753339616e-5,3.2471977333980875e-9
clip-pass,2,13,0.08307767239493008,7.588613767395297e-7,-1.6322859655933716e-6,2.6896277508933305e-5,,,,,,,,,,,,,,,1.0,-0.0002160012927218928,-0.0008982770274787248,2.860732014595164e-5,2.0717603682284137e-9
clip-fired,2,14,0.08307767239493008,-1.5099805420183815e-7,3.697256997183789e-7,-5.36496016749447e-6,,,,,,,,,,,,,,,0.0,-0.000283535326441129,-0.0008527359699864222,1.0811243521196903e-5,-3.3046701144047105e-10
clip-fired,2,15,0.08307767239493008,-5.174601454489578e-7,1.5962951798763132e-6,-1.98351466983988e-5,,,,,,,,,,,,,,,0.0,-0.00038242184533790534,-0.000806735784883354,-9.738102215082529e-6,-8.967436951314566e-10
clip-fired,2,16,0.08307767239493008,-1.583195301372601e-7,5.743861732357329e-7,-6.146403720697205e-6,,,,,,,,,,,,,,,0.0,-0.0005444203078937898,-0.0007551431258061164,-3.083061030532718e-5,-1.5805402504208897e-10
clip-fired,2,17,0.08307767239493008,-7.524512238698058e-7,3.0606503900614633e-6,-2.874914051801754e-5,,,,,,,,,,,,,,,0.0,-0.0006321124077636246,-0.0007079790016791948,-5.554861328062925e-5,-9.426756401389849e-11
clip-pass,2,18,0.08307767239493008,-1.1786944844510331e-6,5.68974981318057e-6,-4.702231383954786e-5,,,,,,,,,,,,,,,1.0,-0.0007252007068638105,-0.000662452643706583,-7.9710603989376e-5,8.33777304658213e-10
clip-pass,2,19,0.08307767239493008,-1.265062486188826e-6,7.2340598511025605e-6,-5.2808244853320324e-5,,,,,,,,,,,,,,,1.0,-0.000846724036167787,-0.0006156312318388475,-0.00010304196184769584,2.0591107883996515e-9
clip-pass,2,20,0.08307767239493008,-1.534507856326905e-6,1.1338335724381814e-5,-7.31526741034255e-5,,,,,,,,,,,,,,,1.0,-0.0009295418620354745,-0.0005750856648401138,-0.0001293003033584403,4.364537904895683e-9
clip-pass,2,21,0.08307767239493008,-1.125211201495001e-6,1.0432757808988778e-5,-5.9783494643411666e-5,,,,,,,,,,,,,,,1.0,-0.0011050945697675292,-0.0005237449368073485,-0.0001524982233738775,4.896237429420524e-9
clip-pass,2,22,0.08307767239493008,-1.2089359811471393e-6,1.400593241417e-5,-7.148818678971993e-5,,,,,,,,,,,,,,,1.0,-0.001211040363643247,-0.0004818861208372142,-0.00017900878849344277,7.511819539277962e-9
clip-pass,2,23,0.08307767239493008,-1.022006802897161e-6,1.6095566714967205e-5,-7.277244898686349e-5,,,,,,,,,,,,,,,1.0,-0.001344035229487364,-0.0004379690004695803,-0.00020625121994930867,9.333660263963326e-9
clip-pass,2,24,0.08307767239493008,-8.666031484454322e-7,1.726755476265459e-5,-6.919016072590723e-5,,,,,,,,,,,,,,,1.0,-0.0014915875416908282,-0.0003917386145536704,-0.00023362293376926922,1.069265481711303e-8
clip-pass,2,25,0.08307767239493008,-8.760182873952563e-7,2.200153630858989e-5,-7.822626160002388e-5,,,,,,,,,,,,,,,1.0,-0.001597307709932633,-0.00035286992527153334,-0.0002628962647951128,1.4200982274959021e-8
clip-pass,2,26,0.08307767239493008,-6.874093237793622e-7,2.8987487017259134e-5,-9.105738035372781e-5,,,,,,,,,,,,,,,1.0,-0.001683828538623716,-0.0003199428421376131,-0.00029379760525472394,1.863558074306045e-8
clip-pass,2,27,0.08307767239493008,1.0767687612940893e-7,3.668409520436794e-5,-0.00010115315284364895,,,,,,,,,,,,,,,1.0,-0.0017720511240949168,-0.0002915466281161691,-0.0003258406905521435,2.2073879982390944e-8
clip-pass,2,28,0.08307767239493008,6.951169774306655e-7,3.563610934721641e-5,-8.57030187801971e-5,,,,,,,,,,,,,,,1.0,-0.0019488512564870006,-0.00024493637284375637,-0.00035640571801914584,2.0461786984122615e-8
clip-pass,2,29,0.08307767239493008,1.1097241095840606e-6,3.7061810866935706e-5,-7.845629284641001e-5,,,,,,,,,,,,,,,1.0,-0.0020987059592283207,-0.00020295476699015518,-0.0003870055938908743,2.0512168416885714e-8
clip-pass,2,30,0.08307767239493008,2.533302973879864e-6,4.327217389637478e-5,-8.090351032547899e-5,,,,,,,,,,,,,,,1.0,-0.002209546186518857,-0.00017570557906155463,-0.0004152240710527987,2.0392472622859566e-8
beforeUJ_end,2,1,0.08307767154841905,-2.8509690361546612e-6,6.561060483344509e-5,0.0018023222644315883,-7.332021622987774e-5,4.1783047452290835e-6,-3.418448252758737e-7,-0.0033651449222086684,-0.010757023044371934,0.0012387649362301436,,,,,,,,,,,,,,
beforeUJ_end,2,2,0.08307767044509215,7.810539702379402e-6,1.6636398338335446e-5,0.0007301191933895723,-3.271199573593157e-5,-1.8553375703949837e-6,5.311949678739406e-7,0.0016058013081311749,-0.012519906801836234,0.001117563167775931,,,,,,,,,,,,,,
beforeUJ_end,2,3,0.08307766971456083,9.643037190715062e-6,9.783225750070658e-6,0.00047793861504383446,-2.1701724116599718e-5,-2.921353813310255e-6,6.729105104416031e-7,0.0026242109284349497,-0.012797211533137695,0.001116143328688667,,,,,,,,,,,,,,
beforeUJ_end,2,4,0.08307766986422364,6.7622719425747835e-6,6.242954567167421e-6,0.0003660574870430856,-1.6924061300019523e-5,-1.6648264272264426e-6,4.5663842902648636e-7,0.00280832431465243,-0.012655810133700495,0.0010222195969367656,,,,,,,,,,,,,,
beforeUJ_end,2,5,0.08307766989344291,6.168204270526687e-6,4.5611091836276635e-6,0.000331633011803763,-1.5571633364386647e-5,-1.2558506833292265e-6,4.0183424255146056e-7,0.002480870566763029,-0.012445197822752043,0.0009256258916184995,,,,,,,,,,,,,,
beforeUJ_end,2,6,0.08307766987578867,5.6694508390030745e-6,3.000822103309528e-6,0.00028712243866187094,-1.3667423068715582e-5,-9.93799465803242e-7,3.5777296898026776e-7,0.002180497471537608,-0.012222234330673161,0.0008196815908247752,,,,,,,,,,,,,,
beforeUJ_end,2,7,0.08307766981172486,5.440393285798623e-6,1.643319404196574e-6,0.0002573084771218272,-1.2444735815897214e-5,-8.247210948262546e-7,3.349473035448069e-7,0.0017591434203642008,-0.011957904873190579,0.0007055468170637507,,,,,,,,,,,,,,
beforeUJ_end,2,8,0.0830776696979344,5.490323706225891e-6,4.36710268504583e-7,0.00023531151655053941,-1.1568191901275376e-5,-7.67884604238185e-7,3.3093280488300354e-7,0.0012477917441362295,-0.011659343479810846,0.0005781503729501176,,,,,,,,,,,,,,
beforeUJ_end,2,9,0.08307766961596491,4.783331140316474e-6,-5.743581194506453e-7,0.00018465805900894918,-9.230552228499085e-6,-6.395557984752756e-7,2.8255907338153676e-7,0.0008801490843413076,-0.011352891563847205,0.0004205633754753596,,,,,,,,,,,,,,
beforeUJ_end,2,10,0.08307766961607409,3.023059896229988e-6,-9.222351382344074e-7,0.00010970496022599712,-5.571406860442501e-6,-3.5317028398874616e-7,1.7627342274285811e-7,0.0006575315890455379,-0.01103800747102152,0.00025540561464680464,,,,,,,,,,,,,,
beforeUJ_end,2,11,0.08307766971845194,1.6225773654671604e-6,-8.092864532221964e-7,5.833411175174675e-5,-3.0039838625536026e-6,-1.3653668208713096e-7,9.394678764745476e-8,0.00024532494442020664,-0.010675739124660065,9.130232068849087e-5,,,,,,,,,,,,,,
beforeUJ_end,2,12,0.0830776698531913,9.74811840266975e-7,-7.325825753104751e-7,3.5516624496839613e-5,-1.8607736656605586e-6,-4.177341656454517e-8,5.6562100384284355e-8,-0.0003970959958259153,-0.010262897704115322,-9.567687489816384e-5,,,,,,,,,,,,,,
beforeUJ_end,2,13,0.08307766994017729,7.521295241441058e-7,-7.350229622244367e-7,2.6935732978432414e-5,-1.430741861744714e-6,-9.886110748620598e-9,4.394160258573023e-8,-0.0011875845158592297,-0.009817192552012709,-0.00027920530360110566,,,,,,,,,,,,,,
beforeUJ_end,2,14,0.08307767002973598,-1.4603158056045156e-7,8.316023487915364e-7,-5.313135676108571e-6,4.454531984854892e-7,-1.38417701372707e-9,-2.4684128194605855e-8,-0.001820918465142788,-0.009388441708740553,-0.00045919758481335893,,,,,,,,,,,,,,
beforeUJ_end,2,15,0.08307767016090643,-4.404843324779193e-7,3.4215380778870063e-6,-1.9604796893416466e-5,1.6871027668812116e-6,-6.088882442737307e-8,-9.385524090784627e-8,-0.0025539156595118036,-0.008928630387523506,-0.000679296793030852,,,,,,,,,,,,,,
beforeUJ_end,2,16,0.08307767020011102,-1.2310911418269263e-7,1.1839511611595795e-6,-6.059403524601455e-6,5.366311642570757e-7,-2.8427034348025666e-8,-3.126489088729568e-8,-0.0036562928534088646,-0.008410136818768897,-0.0009055419044978861,,,,,,,,,,,,,,
beforeUJ_end,2,17,0.08307767018377421,-5.47264367658451e-7,6.082865926603768e-6,-2.8269173619470885e-5,2.5560535490663993e-6,-1.5975131766245054e-7,-1.5878310703644075e-7,-0.004376725043500654,-0.007940664828065085,-0.0011530153701818007,,,,,,,,,,,,,,
beforeUJ_end,2,18,0.08307767014761604,-7.174334443829533e-7,1.0943363240930173e-5,-4.609321783581685e-5,4.2558557390310936e-6,-3.5032898020957807e-7,-2.796749699217918e-7,-0.00513869196679179,-0.0074745163976144315,-0.001396321299213514,,,,,,,,,,,,,,
beforeUJ_end,2,19,0.08307767003905618,-6.011340254786709e-7,1.3518761053712722e-5,-5.157048058944031e-5,4.8607811804846935e-6,-4.883220054005314e-7,-3.415998200745599e-7,-0.006055171567213968,-0.006991206729804628,-0.00163316133728107,,,,,,,,,,,,,,
beforeUJ_end,2,20,0.0830776698495763,-3.105431271808578e-7,2.0581411309424526e-5,-7.112323219437431e-5,6.834664871796378e-6,-8.693775775058129e-7,-5.151286396727273e-7,-0.006802699559552223,-0.006548475785232115,-0.0018900162996730993,,,,,,,,,,,,,,
beforeUJ_end,2,21,0.0830776694921973,1.1279694647331806e-7,1.8521370982044537e-5,-5.780222162730126e-5,5.668004653420085e-6,-8.276762644677117e-7,-4.672763352561817e-7,-0.008002898945099113,-0.006028666838794846,-0.0021228332790259683,,,,,,,,,,,,,,
beforeUJ_end,2,22,0.08307766893205842,5.456604913752688e-7,2.4269876815864453e-5,-6.869371927362443e-5,6.845731185306315e-6,-1.0974337125166915e-6,-6.236365395304921e-7,-0.008887216290648738,-0.005578486149063065,-0.002375016694924171,,,,,,,,,,,,,,
beforeUJ_end,2,23,0.08307766810023895,1.11509872544261e-6,2.725364062182222e-5,-6.936779559466677e-5,7.048626277748102e-6,-1.2395137087259016e-6,-7.167220527201574e-7,-0.00990010853350634,-0.005111746698517539,-0.0026370173756583718,,,,,,,,,,,,,,
beforeUJ_end,2,24,0.08307766691559675,1.4613044197077675e-6,2.860647938610967e-5,-6.53121691174036e-5,6.765468426750422e-6,-1.2248572038769728e-6,-7.756654345219866e-7,-0.010978549005830455,-0.00463650569474938,-0.0028990685074280352,,,,,,,,,,,,,,
beforeUJ_end,2,25,0.08307766528557163,2.095916139370274e-6,3.562004649262543e-5,-7.301324177863725e-5,7.685906450716423e-6,-1.3980654484546356e-6,-9.986596762546625e-7,-0.011885606617987132,-0.004213070047865756,-0.0031665758841413314,,,,,,,,,,,,,,
beforeUJ_end,2,26,0.08307766303163854,3.334190542667848e-6,4.580469267765967e-5,-8.380284843666092e-5,8.967819886847529e-6,-1.6860659173700231e-6,-1.3316037169049317e-6,-0.012720132762766624,-0.0038254215257988167,-0.0034410776299071432,,,,,,,,,,,,,,
beforeUJ_end,2,27,0.08307765981555856,5.558459575756135e-6,5.650525921071788e-5,-9.139939975646771e-5,9.962001192881172e-6,-2.046419729887735e-6,-1.7182602548792479e-6,-0.013568306369590985,-0.0034594931739400257,-0.003722871882450417,,,,,,,,,,,,,,
beforeUJ_end,2,28,0.08307765526569989,6.164393405515627e-6,5.357861991774308e-5,-7.554243266458878e-5,8.442210393425079e-6,-1.7253783824251942e-6,-1.7128171416056976e-6,-0.014751868781368287,-0.0029998110510185364,-0.004019306411692133,,,,,,,,,,,,,,
beforeUJ_end,2,29,0.08307764947320605,6.8984337063598755e-6,5.4325493482083856e-5,-6.731461217482697e-5,7.625766077593291e-6,-1.4593070699532567e-6,-1.8265081035928918e-6,-0.015821233943814197,-0.002577595666252242,-0.0043205172376627205,,,,,,,,,,,,,,
beforeUJ_end,2,30,0.08307764206472285,9.864864886191092e-6,6.166138166516088e-5,-6.726622578676335e-5,7.618244578230776e-6,-1.5446355376306356e-6,-2.216382691100526e-6,-0.01674077494781279,-0.002229346548776094,-0.004598209917106496,,,,,,,,,,,,,,
beforeUJ_end,2,1,0.08307767154841905,-2.8509690361546612e-6,6.561060483344509e-5,0.0018023222644315883,-7.332021622987774e-5,4.1783047452290835e-6,-3.418448252758737e-7,-0.0033651449222086684,-0.010757023044371934,0.0012387649362301436,,,,,,,,,,,,,,
beforeUJ_end,2,2,0.08307767044509215,7.810539702379402e-6,1.6636398338335446e-5,0.0007301191933895723,-3.271199573593157e-5,-1.8553375703949837e-6,5.311949678739406e-7,0.0016058013081311749,-0.012519906801836234,0.001117563167775931,,,,,,,,,,,,,,
beforeUJ_end,2,3,0.08307766971456083,9.643037190715062e-6,9.783225750070658e-6,0.00047793861504383446,-2.1701724116599718e-5,-2.921353813310255e-6,6.729105104416031e-7,0.0026242109284349497,-0.012797211533137695,0.001116143328688667,,,,,,,,,,,,,,
beforeUJ_end,2,4,0.08307766986422364,6.7622719425747835e-6,6.242954567167421e-6,0.0003660574870430856,-1.6924061300019523e-5,-1.6648264272264426e-6,4.5663842902648636e-7,0.00280832431465243,-0.012655810133700495,0.0010222195969367656,,,,,,,,,,,,,,
beforeUJ_end,2,5,0.08307766989344291,6.168204270526687e-6,4.5611091836276635e-6,0.000331633011803763,-1.5571633364386647e-5,-1.2558506833292265e-6,4.0183424255146056e-7,0.002480870566763029,-0.012445197822752043,0.0009256258916184995,,,,,,,,,,,,,,
beforeUJ_end,2,6,0.08307766987578867,5.6694508390030745e-6,3.000822103309528e-6,0.00028712243866187094,-1.3667423068715582e-5,-9.93799465803242e-7,3.5777296898026776e-7,0.002180497471537608,-0.012222234330673161,0.0008196815908247752,,,,,,,,,,,,,,
beforeUJ_end,2,7,0.08307766981172486,5.440393285798623e-6,1.643319404196574e-6,0.0002573084771218272,-1.2444735815897214e-5,-8.247210948262546e-7,3.349473035448069e-7,0.0017591434203642008,-0.011957904873190579,0.0007055468170637507,,,,,,,,,,,,,,
beforeUJ_end,2,8,0.0830776696979344,5.490323706225891e-6,4.36710268504583e-7,0.00023531151655053941,-1.1568191901275376e-5,-7.67884604238185e-7,3.3093280488300354e-7,0.0012477917441362295,-0.011659343479810846,0.0005781503729501176,,,,,,,,,,,,,,
beforeUJ_end,2,9,0.08307766961596491,4.783331140316474e-6,-5.743581194506453e-7,0.00018465805900894918,-9.230552228499085e-6,-6.395557984752756e-7,2.8255907338153676e-7,0.0008801490843413076,-0.011352891563847205,0.0004205633754753596,,,,,,,,,,,,,,
beforeUJ_end,2,10,0.08307766961607409,3.023059896229988e-6,-9.222351382344074e-7,0.00010970496022599712,-5.571406860442501e-6,-3.5317028398874616e-7,1.7627342274285811e-7,0.0006575315890455379,-0.01103800747102152,0.00025540561464680464,,,,,,,,,,,,,,
beforeUJ_end,2,11,0.08307766971845194,1.6225773654671604e-6,-8.092864532221964e-7,5.833411175174675e-5,-3.0039838625536026e-6,-1.3653668208713096e-7,9.394678764745476e-8,0.00024532494442020664,-0.010675739124660065,9.130232068849087e-5,,,,,,,,,,,,,,
beforeUJ_end,2,12,0.0830776698531913,9.74811840266975e-7,-7.325825753104751e-7,3.5516624496839613e-5,-1.8607736656605586e-6,-4.177341656454517e-8,5.6562100384284355e-8,-0.0003970959958259153,-0.010262897704115322,-9.567687489816384e-5,,,,,,,,,,,,,,
beforeUJ_end,2,13,0.08307766994017729,7.521295241441058e-7,-7.350229622244367e-7,2.6935732978432414e-5,-1.430741861744714e-6,-9.886110748620598e-9,4.394160258573023e-8,-0.0011875845158592297,-0.009817192552012709,-0.00027920530360110566,,,,,,,,,,,,,,
beforeUJ_end,2,14,0.08307767002973598,-1.4603158056045156e-7,8.316023487915364e-7,-5.313135676108571e-6,4.454531984854892e-7,-1.38417701372707e-9,-2.4684128194605855e-8,-0.001820918465142788,-0.009388441708740553,-0.00045919758481335893,,,,,,,,,,,,,,
beforeUJ_end,2,15,0.08307767016090643,-4.404843324779193e-7,3.4215380778870063e-6,-1.9604796893416466e-5,1.6871027668812116e-6,-6.088882442737307e-8,-9.385524090784627e-8,-0.0025539156595118036,-0.008928630387523506,-0.000679296793030852,,,,,,,,,,,,,,
beforeUJ_end,2,16,0.08307767020011102,-1.2310911418269263e-7,1.1839511611595795e-6,-6.059403524601455e-6,5.366311642570757e-7,-2.8427034348025666e-8,-3.126489088729568e-8,-0.0036562928534088646,-0.008410136818768897,-0.0009055419044978861,,,,,,,,,,,,,,
beforeUJ_end,2,17,0.08307767018377421,-5.47264367658451e-7,6.082865926603768e-6,-2.8269173619470885e-5,2.5560535490663993e-6,-1.5975131766245054e-7,-1.5878310703644075e-7,-0.004376725043500654,-0.007940664828065085,-0.0011530153701818007,,,,,,,,,,,,,,
beforeUJ_end,2,18,0.08307767014761604,-7.174334443829533e-7,1.0943363240930173e-5,-4.609321783581685e-5,4.2558557390310936e-6,-3.5032898020957807e-7,-2.796749699217918e-7,-0.00513869196679179,-0.0074745163976144315,-0.001396321299213514,,,,,,,,,,,,,,
beforeUJ_end,2,19,0.08307767003905618,-6.011340254786709e-7,1.3518761053712722e-5,-5.157048058944031e-5,4.8607811804846935e-6,-4.883220054005314e-7,-3.415998200745599e-7,-0.006055171567213968,-0.006991206729804628,-0.00163316133728107,,,,,,,,,,,,,,
beforeUJ_end,2,20,0.0830776698495763,-3.105431271808578e-7,2.0581411309424526e-5,-7.112323219437431e-5,6.834664871796378e-6,-8.693775775058129e-7,-5.151286396727273e-7,-0.006802699559552223,-0.006548475785232115,-0.0018900162996730993,,,,,,,,,,,,,,
beforeUJ_end,2,21,0.0830776694921973,1.1279694647331806e-7,1.8521370982044537e-5,-5.780222162730126e-5,5.668004653420085e-6,-8.276762644677117e-7,-4.672763352561817e-7,-0.008002898945099113,-0.006028666838794846,-0.0021228332790259683,,,,,,,,,,,,,,
beforeUJ_end,2,22,0.08307766893205842,5.456604913752688e-7,2.4269876815864453e-5,-6.869371927362443e-5,6.845731185306315e-6,-1.0974337125166915e-6,-6.236365395304921e-7,-0.008887216290648738,-0.005578486149063065,-0.002375016694924171,,,,,,,,,,,,,,
beforeUJ_end,2,23,0.08307766810023895,1.11509872544261e-6,2.725364062182222e-5,-6.936779559466677e-5,7.048626277748102e-6,-1.2395137087259016e-6,-7.167220527201574e-7,-0.00990010853350634,-0.005111746698517539,-0.0026370173756583718,,,,,,,,,,,,,,
beforeUJ_end,2,24,0.08307766691559675,1.4613044197077675e-6,2.860647938610967e-5,-6.53121691174036e-5,6.765468426750422e-6,-1.2248572038769728e-6,-7.756654345219866e-7,-0.010978549005830455,-0.00463650569474938,-0.0028990685074280352,,,,,,,,,,,,,,
beforeUJ_end,2,25,0.08307766528557163,2.095916139370274e-6,3.562004649262543e-5,-7.301324177863725e-5,7.685906450716423e-6,-1.3980654484546356e-6,-9.986596762546625e-7,-0.011885606617987132,-0.004213070047865756,-0.0031665758841413314,,,,,,,,,,,,,,
beforeUJ_end,2,26,0.08307766303163854,3.334190542667848e-6,4.580469267765967e-5,-8.380284843666092e-5,8.967819886847529e-6,-1.6860659173700231e-6,-1.3316037169049317e-6,-0.012720132762766624,-0.0038254215257988167,-0.0034410776299071432,,,,,,,,,,,,,,
beforeUJ_end,2,27,0.08307765981555856,5.558459575756135e-6,5.650525921071788e-5,-9.139939975646771e-5,9.962001192881172e-6,-2.046419729887735e-6,-1.7182602548792479e-6,-0.013568306369590985,-0.0034594931739400257,-0.003722871882450417,,,,,,,,,,,,,,
beforeUJ_end,2,28,0.08307765526569989,6.164393405515627e-6,5.357861991774308e-5,-7.554243266458878e-5,8.442210393425079e-6,-1.7253783824251942e-6,-1.7128171416056976e-6,-0.014751868781368287,-0.0029998110510185364,-0.004019306411692133,,,,,,,,,,,,,,
beforeUJ_end,2,29,0.08307764947320605,6.8984337063598755e-6,5.4325493482083856e-5,-6.731461217482697e-5,7.625766077593291e-6,-1.4593070699532567e-6,-1.8265081035928918e-6,-0.015821233943814197,-0.002577595666252242,-0.0043205172376627205,,,,,,,,,,,,,,
beforeUJ_end,2,30,0.08307764206472285,9.864864886191092e-6,6.166138166516088e-5,-6.726622578676335e-5,7.618244578230776e-6,-1.5446355376306356e-6,-2.216382691100526e-6,-0.01674077494781279,-0.002229346548776094,-0.004598209917106496,,,,,,,,,,,,,,
dyn,3,1,0.08307767154841905,-2.8509690361546612e-6,6.561060483344509e-5,0.0018023222644315883,7.306064580875764e-5,-4.211768923460073e-6,3.434717424109617e-7,0.0,0.0,0.0,1.340131738319299e-10,0.0,-2.220446049250313e-16,2.220446049250313e-16,6.698449347777491e-13,2.2093438190040615e-16,3031.8727624734524,2,1.0,1.0,-0.0033651449222086684,-0.010757023044371934,0.0012387649362301436,1.5364727607916047e-6
dyn,3,2,0.08307767044509215,7.810539702379402e-6,1.6636398338335446e-5,0.0007301191933895723,3.259537892620928e-5,1.8322069295278837e-6,-5.286141537608627e-7,0.0,0.0,0.0,-1.0057986648098039e-10,0.0,-2.220446049250313e-16,2.220446049250313e-16,-5.031202667868024e-13,2.2093438190040615e-16,2277.238438214661,2,-1.0,1.0,0.0016058013081311749,-0.012519906801836234,0.001117563167775931,6.202103367755663e-7
dyn,3,3,0.08307766971456083,9.643037190715062e-6,9.783225750070658e-6,0.00047793861504383446,2.162371485999905e-5,2.9015545162233796e-6,-6.701792156954594e-7,0.0,0.0,0.0,-8.314947769573418e-11,0.0,-2.220446049250313e-16,2.220446049250313e-16,-4.1596832286057124e-13,2.2093438190040615e-16,1882.768626967637,2,-1.0,1.0,0.0026242109284349497,-0.012797211533137695,0.001116143328688667,4.3355535088296207e-7
dyn,3,4,0.08307766986422364,6.7622719425747835e-6,6.242954567167421e-6,0.0003660574870430856,1.68627526465304e-5,1.6512090022488384e-6,-4.5477402677320734e-7,0.0,0.0,0.0,-4.200809204831191e-11,0.0,-2.220446049250313e-16,2.220446049250313e-16,-2.1026139462345997e-13,2.2093438190040615e-16,951.6915964589097,2,-1.0,1.0,0.00280832431465243,-0.012655810133700495,0.0010222195969367656,3.141721419041037e-7
dyn,3,5,0.08307766989344291,6.168204270526687e-6,4.5611091836276635e-6,0.000331633011803763,1.5514811284881408e-5,1.2442349536212427e-6,-4.002183774935319e-7,0.0,0.0,0.0,-3.1257953182391766e-11,0.0,-2.220446049250313e-16,2.220446049250313e-16,-1.5651070029385925e-13,2.2093438190040615e-16,708.4035492692663,2,-1.0,1.0,0.002480870566763029,-0.012445197822752043,0.0009256258916184995,2.655067125841009e-7
dyn,3,6,0.08307766987578867,5.6694508390030745e-6,3.000822103309528e-6,0.00028712243866187094,1.3617206065383197e-5,9.840640093802278e-7,-3.563733478705107e-7,0.0,0.0,0.0,-2.2101200221996227e-11,0.0,-2.220446049250313e-16,2.220446049250313e-16,-1.1072693549188155e-13,2.2093438190040615e-16,501.17566373981373,2,-1.0,1.0,0.002180497471537608,-0.012222234330673161,0.0008196815908247752,2.1103444957199174e-7
dyn,3,7,0.08307766981172486,5.440393285798623e-6,1.643319404196574e-6,0.0002573084771218272,1.2398722891267851e-5,8.162609611620947e-7,-3.3368278907307593e-7,0.0,0.0,0.0,-1.701291173950495e-11,0.0,-2.220446049250313e-16,2.220446049250313e-16,-8.528549307942516e-14,2.2093438190040615e-16,386.02182397247054,2,-1.0,1.0,0.0017591434203642008,-0.011957904873190579,0.0007055468170637507,1.7146295197808148e-7
dyn,3,8,0.0830776696979344,5.490323706225891e-6,4.36710268504583e-7,0.00023531151655053941,1.1525173064097767e-5,7.60219416438494e-7,-3.29734680638266e-7,0.0,0.0,0.0,-1.3939496918922892e-11,0.0,-2.220446049250313e-16,2.220446049250313e-16,-6.991841897651487e-14,2.2093438190040615e-16,316.4669001497152,2,-1.0,1.0,0.0012477917441362295,-0.011659343479810846,0.0005781503729501176,1.3780446662476087e-7
dyn,3,9,0.08307766961596491,4.783331140316474e-6,-5.743581194506453e-7,0.00018465805900894918,9.196045974893815e-6,6.335531819921431e-7,-2.815776497790026e-7,0.0,0.0,0.0,-8.346620396372171e-12,0.0,-2.220446049250313e-16,2.220446049250313e-16,-4.195403636376126e-14,2.2093438190040615e-16,189.8936507884658,2,-1.0,1.0,0.0008801490843413076,-0.011352891563847205,0.0004205633754753596,8.839108657772099e-8
dyn,3,10,0.08307766961607409,3.023059896229988e-6,-9.222351382344074e-7,0.00010970496022599712,5.550478785719622e-6,3.4975424292672144e-7,-1.7568373016887124e-7,0.0,0.0,0.0,-2.8080529537367533e-12,0.0,-2.220446049250313e-16,2.220446049250313e-16,-1.4261199150584174e-14,2.2093438190040615e-16,64.5494785732938,2,-1.0,1.0,0.0006575315890455379,-0.01103800747102152,0.00025540561464680464,4.018665851954194e-8
dyn,3,11,0.08307766971845194,1.6225773654671604e-6,-8.092864532221964e-7,5.833411175174675e-5,2.992649553102361e-6,1.3490336643630053e-7,-9.364376024921789e-8,0.0,0.0,0.0,-7.138476276996911e-13,0.0,-2.220446049250313e-16,2.220446049250313e-16,-3.790172520398862e-15,2.2093438190040615e-16,17.155195528179103,2,-1.0,1.0,0.00024532494442020664,-0.010675739124660065,9.130232068849087e-5,1.4363829531958544e-8
dyn,3,12,0.0830776698531913,9.74811840266975e-7,-7.325825753104751e-7,3.5516624496839613e-5,1.853726517931679e-6,4.0919501825864815e-8,-5.6387929069328617e-8,0.0,0.0,0.0,-2.2497430486519008e-13,0.0,-2.220446049250313e-16,2.220446049250313e-16,-1.3458059062263567e-15,2.2093438190040615e-16,6.091428118385963,2,-1.0,1.0,-0.0003970959958259153,-0.010262897704115322,-9.567687489816384e-5,3.733206512985872e-9
dyn,3,13,0.08307766994017729,7.521295241441058e-7,-7.350229622244367e-7,2.6935732978432414e-5,1.4253047022453345e-6,9.321594737976918e-9,-4.381219392085782e-8,0.0,0.0,0.0,-1.1460654118224476e-13,0.0,-2.220446049250313e-16,2.220446049250313e-16,-7.939670878116299e-16,2.2093438190040615e-16,3.5936782721737632,2,-1.0,1.0,-0.0011875845158592297,-0.009817192552012709,-0.00027920530360110566,-1.1979549304475885e-9
dyn,3,14,0.08307767002973598,-1.4603158056045156e-7,8.316023487915364e-7,-5.313135676108571e-6,-4.437893037144588e-7,1.4828615137390345e-9,2.461959420699568e-8,0.0,0.0,0.0,-6.457253921828949e-14,0.0,-3.6910348395416296e-17,2.2093438190040615e-16,-3.5958849274488665e-16,2.1982970999090413e-16,1.6357593009596625,2,-1.0,1.0,-0.001820918465142788,-0.009388441708740553,-0.00045919758481335893,-5.101759504689807e-9
dyn,3,15,0.08307767016090643,-4.404843324779193e-7,3.4215380778870063e-6,-1.9604796893416466e-5,-1.680792563445593e-6,6.109307233714736e-8,9.361489897482368e-8,0.0,0.0,0.0,-8.832482989084038e-13,0.0,-2.220446049250313e-16,2.220446049250313e-16,-4.637175876442426e-15,2.2093438190040615e-16,20.988928190148304,2,-1.0,1.0,-0.0025539156595118036,-0.008928630387523506,-0.000679296793030852,-1.6107213362086718e-8
dyn,3,16,0.08307767020011102,-1.2310911418269263e-7,1.1839511611595795e-6,-6.059403524601455e-6,-5.346224957535341e-7,2.8460807362489504e-8,3.118564901801401e-8,0.0,0.0,0.0,-8.918496380668743e-14,0.0,-4.5138517341706795e-17,2.2093438190040615e-16,-4.908376437884355e-16,2.1982970999090413e-16,2.2328084943966164,2,-1.0,1.0,-0.0036562928534088646,-0.008410136818768897,-0.0009055419044978861,-4.020024469927888e-9
dyn,3,17,0.08307767018377421,-5.47264367658451e-7,6.082865926603768e-6,-2.8269173619470885e-5,-2.5464793609900072e-6,1.598207215839565e-7,1.5838049326231836e-7,0.0,0.0,0.0,-2.1051856623650445e-12,0.0,-2.220446049250313e-16,2.220446049250313e-16,-1.0746862693725629e-14,2.2093438190040615e-16,48.642780726497115,2,-1.0,1.0,-0.004376725043500654,-0.007940664828065085,-0.0011530153701818007,-1.3311982168283961e-8
dyn,3,18,0.08307767014761604,-7.174334443829533e-7,1.0943363240930173e-5,-4.609321783581685e-5,-4.239909953017066e-6,3.501890987480317e-7,2.7896619486849255e-7,0.0,0.0,0.0,-5.966396827191617e-12,0.0,-2.220446049250313e-16,2.220446049250313e-16,-3.0052918517858495e-14,2.2093438190040615e-16,136.0264448627371,2,-1.0,1.0,-0.00513869196679179,-0.0074745163976144315,-0.001396321299213514,-1.3748736698585839e-8
dyn,3,19,0.08307767003905618,-6.011340254786709e-7,1.3518761053712722e-5,-5.157048058944031e-5,-4.842570448540015e-6,4.8789925998899e-7,3.407317995254516e-7,0.0,0.0,0.0,-8.040680646346551e-12,0.0,-2.220446049250313e-16,2.220446049250313e-16,-4.0424337613633165e-14,2.2093438190040615e-16,182.96988121955522,2,-1.0,1.0,-0.006055171567213968,-0.006991206729804628,-0.00163316133728107,-6.649568554495962e-9
dyn,3,20,0.0830776698495763,-3.105431271808578e-7,2.0581411309424526e-5,-7.112323219437431e-5,-6.8090700157824195e-6,8.682963348229974e-7,5.138101676368123e-7,0.0,0.0,0.0,-1.6508890257445065e-11,0.0,-2.220446049250313e-16,2.220446049250313e-16,-8.276538566912573e-14,2.2093438190040615e-16,374.61523623984925,2,-1.0,1.0,-0.006802699559552223,-0.006548475785232115,-0.0018900162996730993,1.7597261416282457e-9
dyn,3,21,0.0830776694921973,1.1279694647331806e-7,1.8521370982044537e-5,-5.780222162730126e-5,-5.646796451911537e-6,8.265030398843866e-7,4.660655144208855e-7,0.0,0.0,0.0,-1.2231788352638773e-11,0.0,-2.220446049250313e-16,2.220446049250313e-16,-6.137987614509427e-14,2.2093438190040615e-16,277.8194847588882,2,-1.0,1.0,-0.008002898945099113,-0.006028666838794846,-0.0021228332790259683,1.0142602059658938e-8
dyn,3,22,0.08307766893205842,5.456604913752688e-7,2.4269876815864453e-5,-6.869371927362443e-5,-6.820142854117657e-6,1.0957836753884073e-6,6.219963859764775e-7,0.0,0.0,0.0,-1.9794630231562635e-11,0.0,-2.220446049250313e-16,2.220446049250313e-16,-9.919408553971358e-14,2.2093438190040615e-16,448.9753232904635,2,-1.0,1.0,-0.008887216290648738,-0.005578486149063065,-0.002375016694924171,2.291015564641194e-8
dyn,3,23,0.08307766810023895,1.11509872544261e-6,2.725364062182222e-5,-6.936779559466677e-5,-7.022321433218682e-6,1.2375809874332082e-6,7.148060002840284e-7,0.0,0.0,0.0,-2.3615451193293326e-11,0.0,-2.220446049250313e-16,2.220446049250313e-16,-1.1829819034836703e-13,2.2093438190040615e-16,535.4449105241304,2,-1.0,1.0,-0.00990010853350634,-0.005111746698517539,-0.0026370173756583718,3.257077641561486e-8
dyn,3,24,0.08307766691559675,1.4613044197077675e-6,2.860647938610967e-5,-6.53121691174036e-5,-6.740269674902746e-6,1.222968549081846e-6,7.735584624096122e-7,0.0,0.0,0.0,-2.531137976869497e-11,0.0,-2.220446049250313e-16,2.220446049250313e-16,-1.2677783322537526e-13,2.2093438190040615e-16,573.8257311282803,2,-1.0,1.0,-0.010978549005830455,-0.00463650569474938,-0.0028990685074280352,4.066734587545205e-8
dyn,3,25,0.08307766528557163,2.095916139370274e-6,3.562004649262543e-5,-7.301324177863725e-5,-7.657341870150361e-6,1.3959964418308887e-6,9.95904791635268e-7,0.0,0.0,0.0,-3.8920811812170324e-11,0.0,-2.220446049250313e-16,2.220446049250313e-16,-1.9482499344275203e-13,2.2093438190040615e-16,881.8228822826507,2,-1.0,1.0,-0.011885606617987132,-0.004213070047865756,-0.0031665758841413314,5.6220984920701764e-8
dyn,3,26,0.08307766303163854,3.334190542667848e-6,4.580469267765967e-5,-8.380284843666092e-5,-8.934577522922076e-6,1.683690465283162e-6,1.3278701509003848e-6,0.0,0.0,0.0,-6.375611667087187e-11,0.0,-2.220446049250313e-16,2.220446049250313e-16,-3.1900151773625974e-13,2.2093438190040615e-16,1443.8744888519016,2,-1.0,1.0,-0.012720132762766624,-0.0038254215257988167,-0.0034410776299071432,7.073850336707804e-8
dyn,3,27,0.08307765981555856,5.558459575756135e-6,5.650525921071788e-5,-9.139939975646771e-5,-9.925189754099289e-6,2.043674324963876e-6,1.713349317558522e-6,0.0,0.0,0.0,-9.600064920023914e-11,0.0,-2.220446049250313e-16,2.220446049250313e-16,-4.802241803830961e-13,2.2093438190040615e-16,2173.6054671634306,2,-1.0,1.0,-0.013568306369590985,-0.0034594931739400257,-0.003722871882450417,6.936981442816288e-8
dyn,3,28,0.08307765526569989,6.164393405515627e-6,5.357861991774308e-5,-7.554243266458878e-5,-8.411139945382083e-6,1.7234219758196383e-6,1.7078354981255595e-6,0.0,0.0,0.0,-8.825947757300709e-11,0.0,-2.220446049250313e-16,2.220446049250313e-16,-4.4151832224693584e-13,2.2093438190040615e-16,1998.4138206518057,2,-1.0,1.0,-0.014751868781368287,-0.0029998110510185364,-0.004019306411692133,5.1966125201136795e-8
dyn,3,29,0.08307764947320605,6.8984337063598755e-6,5.4325493482083856e-5,-6.731461217482697e-5,-7.597817119314108e-6,1.4581840160126783e-6,1.8211147411437676e-6,0.0,0.0,0.0,-9.5496751667075e-11,0.0,-2.220446049250313e-16,2.220446049250313e-16,-4.777046927172754e-13,2.2093438190040615e-16,2162.2016845373455,2,-1.0,1.0,-0.015821233943814197,-0.002577595666252242,-0.0043205172376627205,4.1663052167274155e-8
dyn,3,30,0.08307764206472285,9.864864886191092e-6,6.166138166516088e-5,-6.726622578676335e-5,-7.590446138954516e-6,1.5439181876156267e-6,2.209717497595134e-6,0.0,0.0,0.0,-1.2793299921930688e-10,0.0,-2.220446049250313e-16,2.220446049250313e-16,-6.398859304784347e-13,2.2093438190040615e-16,2896.271395037489,2,-1.0,1.0,-0.01674077494781279,-0.002229346548776094,-0.004598209917106496,6.6941551407220834e-9
clip-pass,3,1,0.08307767154841905,-2.8509690361546612e-6,6.561060483344509e-5,0.0018023222644315883,,,,,,,,,,,,,,,1.0,-0.0033651449222086684,-0.010757023044371934,0.0012387649362301436,1.5364727607916047e-6
clip-pass,3,2,0.08307767044509215,7.810539702379402e-6,1.6636398338335446e-5,0.0007301191933895723,,,,,,,,,,,,,,,1.0,0.0016058013081311749,-0.012519906801836234,0.001117563167775931,6.202103367755663e-7
clip-pass,3,3,0.08307766971456083,9.643037190715062e-6,9.783225750070658e-6,0.00047793861504383446,,,,,,,,,,,,,,,1.0,0.0026242109284349497,-0.012797211533137695,0.001116143328688667,4.3355535088296207e-7
clip-pass,3,4,0.08307766986422364,6.7622719425747835e-6,6.242954567167421e-6,0.0003660574870430856,,,,,,,,,,,,,,,1.0,0.00280832431465243,-0.012655810133700495,0.0010222195969367656,3.141721419041037e-7
clip-pass,3,5,0.08307766989344291,6.168204270526687e-6,4.5611091836276635e-6,0.000331633011803763,,,,,,,,,,,,,,,1.0,0.002480870566763029,-0.012445197822752043,0.0009256258916184995,2.655067125841009e-7
clip-pass,3,6,0.08307766987578867,5.6694508390030745e-6,3.000822103309528e-6,0.00028712243866187094,,,,,,,,,,,,,,,1.0,0.002180497471537608,-0.012222234330673161,0.0008196815908247752,2.1103444957199174e-7
clip-pass,3,7,0.08307766981172486,5.440393285798623e-6,1.643319404196574e-6,0.0002573084771218272,,,,,,,,,,,,,,,1.0,0.0017591434203642008,-0.011957904873190579,0.0007055468170637507,1.7146295197808148e-7
clip-pass,3,8,0.0830776696979344,5.490323706225891e-6,4.36710268504583e-7,0.00023531151655053941,,,,,,,,,,,,,,,1.0,0.0012477917441362295,-0.011659343479810846,0.0005781503729501176,1.3780446662476087e-7
clip-pass,3,9,0.08307766961596491,4.783331140316474e-6,-5.743581194506453e-7,0.00018465805900894918,,,,,,,,,,,,,,,1.0,0.0008801490843413076,-0.011352891563847205,0.0004205633754753596,8.839108657772099e-8
clip-pass,3,10,0.08307766961607409,3.023059896229988e-6,-9.222351382344074e-7,0.00010970496022599712,,,,,,,,,,,,,,,1.0,0.0006575315890455379,-0.01103800747102152,0.00025540561464680464,4.018665851954194e-8
clip-pass,3,11,0.08307766971845194,1.6225773654671604e-6,-8.092864532221964e-7,5.833411175174675e-5,,,,,,,,,,,,,,,1.0,0.00024532494442020664,-0.010675739124660065,9.130232068849087e-5,1.4363829531958544e-8
clip-pass,3,12,0.0830776698531913,9.74811840266975e-7,-7.325825753104751e-7,3.5516624496839613e-5,,,,,,,,,,,,,,,1.0,-0.0003970959958259153,-0.010262897704115322,-9.567687489816384e-5,3.733206512985872e-9
clip-fired,3,13,0.08307766994017729,7.521295241441058e-7,-7.350229622244367e-7,2.6935732978432414e-5,,,,,,,,,,,,,,,0.0,-0.0011875845158592297,-0.009817192552012709,-0.00027920530360110566,-1.1979549304475885e-9
clip-fired,3,14,0.08307767002973598,-1.4603158056045156e-7,8.316023487915364e-7,-5.313135676108571e-6,,,,,,,,,,,,,,,0.0,-0.001820918465142788,-0.009388441708740553,-0.00045919758481335893,-5.101759504689807e-9
clip-fired,3,15,0.08307767016090643,-4.404843324779193e-7,3.4215380778870063e-6,-1.9604796893416466e-5,,,,,,,,,,,,,,,0.0,-0.0025539156595118036,-0.008928630387523506,-0.000679296793030852,-1.6107213362086718e-8
clip-fired,3,16,0.08307767020011102,-1.2310911418269263e-7,1.1839511611595795e-6,-6.059403524601455e-6,,,,,,,,,,,,,,,0.0,-0.0036562928534088646,-0.008410136818768897,-0.0009055419044978861,-4.020024469927888e-9
clip-fired,3,17,0.08307767018377421,-5.47264367658451e-7,6.082865926603768e-6,-2.8269173619470885e-5,,,,,,,,,,,,,,,0.0,-0.004376725043500654,-0.007940664828065085,-0.0011530153701818007,-1.3311982168283961e-8
clip-fired,3,18,0.08307767014761604,-7.174334443829533e-7,1.0943363240930173e-5,-4.609321783581685e-5,,,,,,,,,,,,,,,0.0,-0.00513869196679179,-0.0074745163976144315,-0.001396321299213514,-1.3748736698585839e-8
clip-fired,3,19,0.08307767003905618,-6.011340254786709e-7,1.3518761053712722e-5,-5.157048058944031e-5,,,,,,,,,,,,,,,0.0,-0.006055171567213968,-0.006991206729804628,-0.00163316133728107,-6.649568554495962e-9
clip-pass,3,20,0.0830776698495763,-3.105431271808578e-7,2.0581411309424526e-5,-7.112323219437431e-5,,,,,,,,,,,,,,,1.0,-0.006802699559552223,-0.006548475785232115,-0.0018900162996730993,1.7597261416282457e-9
clip-pass,3,21,0.0830776694921973,1.1279694647331806e-7,1.8521370982044537e-5,-5.780222162730126e-5,,,,,,,,,,,,,,,1.0,-0.008002898945099113,-0.006028666838794846,-0.0021228332790259683,1.0142602059658938e-8
clip-pass,3,22,0.08307766893205842,5.456604913752688e-7,2.4269876815864453e-5,-6.869371927362443e-5,,,,,,,,,,,,,,,1.0,-0.008887216290648738,-0.005578486149063065,-0.002375016694924171,2.291015564641194e-8
clip-pass,3,23,0.08307766810023895,1.11509872544261e-6,2.725364062182222e-5,-6.936779559466677e-5,,,,,,,,,,,,,,,1.0,-0.00990010853350634,-0.005111746698517539,-0.0026370173756583718,3.257077641561486e-8
clip-pass,3,24,0.08307766691559675,1.4613044197077675e-6,2.860647938610967e-5,-6.53121691174036e-5,,,,,,,,,,,,,,,1.0,-0.010978549005830455,-0.00463650569474938,-0.0028990685074280352,4.066734587545205e-8
clip-pass,3,25,0.08307766528557163,2.095916139370274e-6,3.562004649262543e-5,-7.301324177863725e-5,,,,,,,,,,,,,,,1.0,-0.011885606617987132,-0.004213070047865756,-0.0031665758841413314,5.6220984920701764e-8
clip-pass,3,26,0.08307766303163854,3.334190542667848e-6,4.580469267765967e-5,-8.380284843666092e-5,,,,,,,,,,,,,,,1.0,-0.012720132762766624,-0.0038254215257988167,-0.0034410776299071432,7.073850336707804e-8
clip-pass,3,27,0.08307765981555856,5.558459575756135e-6,5.650525921071788e-5,-9.139939975646771e-5,,,,,,,,,,,,,,,1.0,-0.013568306369590985,-0.0034594931739400257,-0.003722871882450417,6.936981442816288e-8
clip-pass,3,28,0.08307765526569989,6.164393405515627e-6,5.357861991774308e-5,-7.554243266458878e-5,,,,,,,,,,,,,,,1.0,-0.014751868781368287,-0.0029998110510185364,-0.004019306411692133,5.1966125201136795e-8
clip-pass,3,29,0.08307764947320605,6.8984337063598755e-6,5.4325493482083856e-5,-6.731461217482697e-5,,,,,,,,,,,,,,,1.0,-0.015821233943814197,-0.002577595666252242,-0.0043205172376627205,4.1663052167274155e-8
clip-pass,3,30,0.08307764206472285,9.864864886191092e-6,6.166138166516088e-5,-6.726622578676335e-5,,,,,,,,,,,,,,,1.0,-0.01674077494781279,-0.002229346548776094,-0.004598209917106496,6.6941551407220834e-9
beforeUJ_end,3,1,0.08307767192778726,1.488507997187914e-5,0.00014927464681682836,0.0017972663053848392,-0.00019063277420375876,-1.2772085143177725e-6,-2.6483791584815026e-6,-0.002150691438645679,-0.054760748404129186,0.004337309632321845,,,,,,,,,,,,,,
beforeUJ_end,3,2,0.08307766869419643,1.1740250090615319e-5,4.9532065489147606e-5,0.0007285722246980825,-8.253735227498989e-5,-3.510357012483975e-6,1.455437839598928e-7,0.010510853344730344,-0.05817839294159961,0.0034313171713940944,,,,,,,,,,,,,,
beforeUJ_end,3,3,0.08307766633983746,1.0985935271497263e-5,3.095835691579771e-5,0.0004770039539000772,-5.4629602423722724e-5,-3.906773329379229e-6,7.288979842250478e-7,0.012664201842279475,-0.05876881610663692,0.003290249399228528,,,,,,,,,,,,,,
beforeUJ_end,3,4,0.08307766695720345,8.165688464286285e-6,2.250538692633144e-5,0.00036538754697445873,-4.2222695429102505e-5,-2.0432305415340203e-6,4.5381127761692807e-7,0.012797254212487475,-0.058453926309613435,0.002797383595890259,,,,,,,,,,,,,,
beforeUJ_end,3,5,0.08307766725786772,7.611975083155808e-6,1.9426267305985845e-5,0.00033106293360568936,-3.847846457074283e-5,-1.3079561837452856e-6,3.911657750186236e-7,0.01159528122383215,-0.05777834127073544,0.0022607160509076863,,,,,,,,,,,,,,
beforeUJ_end,3,6,0.08307766738995453,6.988317276614033e-6,1.596903037363984e-5,0.0002866627775930944,-3.34717618599189e-5,-8.086468836871353e-7,3.632695828062039e-7,0.010380879410411232,-0.056998023452017564,0.0016878925995488995,,,,,,,,,,,,,,
beforeUJ_end,3,7,0.08307766742950078,6.673061515590606e-6,1.3418098614748834e-5,0.00025693291734466174,-3.0139909667689012e-5,-4.5003918221274923e-7,3.537189807737858e-7,0.008853842869498143,-0.056033792925346326,0.00106513979102507,,,,,,,,,,,,,,
beforeUJ_end,3,8,0.08307766736486584,6.61816010056803e-6,1.1375540148902947e-5,0.00023500629142000638,-2.7681394450014337e-5,-2.476548038143695e-7,3.7096683618640294e-7,0.007056644645871281,-0.05490089530632615,0.00038052420894802786,,,,,,,,,,,,,,
beforeUJ_end,3,9,0.08307766734853497,5.6556028519664044e-6,8.134977123026904e-6,0.0001844538053577577,-2.1822043566755718e-5,-1.0074629363936741e-7,3.407496098199073e-7,0.005492467710667518,-0.05370515110658174,-0.0004090521673169429,,,,,,,,,,,,,,
beforeUJ_end,3,10,0.08307766745588524,3.567713779530879e-6,4.326091906929463e-6,0.00010960622457849509,-1.3015152146289968e-5,5.456727747262412e-8,2.2427392424054992e-7,0.004190331493562603,-0.052481962064420434,-0.001207171004281249,,,,,,,,,,,,,,
beforeUJ_end,3,11,0.08307766777724472,1.954237528241814e-6,2.032414600620191e-6,5.829352892661774e-5,-6.931916779424099e-6,1.3373652363252664e-7,1.2282524105796404e-7,0.0023832679013918263,-0.05107409858113382,-0.0020033032099485526,,,,,,,,,,,,,,
beforeUJ_end,3,12,0.08307766820408503,1.2121781761475223e-6,1.0439004128358196e-6,3.550127433215261e-5,-4.229432126052995e-6,1.5692783901609554e-7,7.490107218343363e-8,6.9320874442491826e-6,-0.04943635707803529,-0.002917065873224678,,,,,,,,,,,,,,
beforeUJ_end,3,13,0.08307766848109378,9.529792233424583e-7,6.291031200866021e-7,2.693205859571902e-5,-3.214191124068807e-6,1.6488114713269026e-7,6.120133479219026e-8,-0.002780531496815005,-0.047658577714665105,-0.003811187460752157,,,,,,,,,,,,,,
beforeUJ_end,3,14,0.08307764934399241,-2.8860181758983872e-8,1.9062974721409819e-6,-5.030658438639582e-6,1.407539203178156e-6,-1.3250600096988794e-7,-1.2929635137766933e-7,-0.005240471453732731,-0.04592330391474092,-0.004662780877262686,,,,,,,,,,,,,,
beforeUJ_end,3,15,0.08307764949256101,1.075167588563736e-7,7.529924542141796e-6,-1.8426559153384526e-5,5.231061071993269e-6,-6.571262914711585e-7,-4.925804138576513e-7,-0.00782925928675754,-0.044034979527930014,-0.005716692756723029,,,,,,,,,,,,,,
beforeUJ_end,3,16,0.08307764851327869,7.223741860244467e-8,2.506767282042933e-6,-5.643067139039152e-6,1.6311863787116365e-6,-2.3312846010226202e-7,-1.6338173298775173e-7,-0.011571584618863363,-0.04189026864673909,-0.006789167551293752,,,,,,,,,,,,,,
beforeUJ_end,3,17,0.08307764684526148,4.6682176597847e-7,1.2450760670496162e-5,-2.6099971482687276e-5,7.620955512994017e-6,-1.175564008392223e-6,-8.232938999090638e-7,-0.014240013675302445,-0.039928514037504526,-0.007924338751581744,,,,,,,,,,,,,,
beforeUJ_end,3,18,0.08307764549946375,1.193345487132192e-6,2.1668237353192236e-5,-4.2117962041151424e-5,1.2431682279167445e-5,-2.183829857531622e-6,-1.4354742048804046e-6,-0.01703514842099347,-0.0379442146777805,-0.009041439698788258,,,,,,,,,,,,,,
beforeUJ_end,3,19,0.08307764380444119,1.839533872966097e-6,2.5928629296588638e-5,-4.65506028607857e-5,1.3898804167342496e-5,-2.7257317358065376e-6,-1.7297868599247205e-6,-0.020282012169658324,-0.035867833222808884,-0.01012661957025107,,,,,,,,,,,,,,
beforeUJ_end,3,20,0.0830776419149979,3.6519520113143873e-6,3.825193592794093e-5,-6.32902597907256e-5,1.910014112379752e-5,-4.32347503153123e-6,-2.5627724569909518e-6,-0.023100960505793404,-0.03390653524172482,-0.011278293973499002,,,,,,,,,,,,,,
beforeUJ_end,3,21,0.08307763868907299,3.793872525419843e-6,3.3388411304960664e-5,-5.054628186816049e-5,1.5461455895083437e-5,-3.854731893570476e-6,-2.277006783086164e-6,-0.0271970251437367,-0.031660865583583574,-0.01231829280487198,,,,,,,,,,,,,,
beforeUJ_end,3,22,0.0830776343304209,5.447288405275431e-6,4.244114051095622e-5,-5.896713633663273e-5,1.820349626013878e-5,-4.885159456541971e-6,-2.969151585326606e-6,-0.030458323052214735,-0.02963818265080143,-0.013414531591238508,,,,,,,,,,,,,,
beforeUJ_end,3,23,0.08307762865522147,6.707126681361806e-6,4.6150729456166596e-5,-5.8145233806638675e-5,1.8207349818934342e-5,-5.2712178541898855e-6,-3.3199319567600533e-6,-0.03407470760466145,-0.027534594860370715,-0.014546902327177834,,,,,,,,,,,,,,
beforeUJ_end,3,24,0.08307762073045144,7.297085714459441e-6,4.6900512338421784e-5,-5.322638834411858e-5,1.6939488421316986e-5,-5.098954286909606e-6,-3.493585520344841e-6,-0.03786824186635028,-0.025397630415156292,-0.015664134550842153,,,,,,,,,,,,,,
beforeUJ_end,3,25,0.08307761058969079,9.280886504126617e-6,5.6523728646255793e-5,-5.7643594064927124e-5,1.8617451826000565e-5,-5.747886208822026e-6,-4.368717563882912e-6,-0.04124639603874492,-0.023420170575724493,-0.016772433319016598,,,,,,,,,,,,,,
beforeUJ_end,3,26,0.08307759823303626,1.2570666132547427e-5,7.019103501614238e-5,-6.361584826055742e-5,2.0930744811725168e-5,-6.759092480973648e-6,-5.628763735665264e-6,-0.04445734750118314,-0.021538871685209057,-0.017889385988781738,,,,,,,,,,,,,,
beforeUJ_end,3,27,0.08307758284494747,1.7152745861401173e-5,8.330601200869171e-5,-6.590280195679917e-5,2.2268317704197474e-5,-7.814234313935046e-6,-6.956085843175823e-6,-0.047723380258551815,-0.01970458432057336,-0.019031399102102005,,,,,,,,,,,,,,
beforeUJ_end,3,28,0.08307756016790521,1.7076162396413913e-5,7.575983292963133e-5,-5.083267038325623e-5,1.7944848200979237e-5,-6.478522063292918e-6,-6.641768107798975e-6,-0.05178836027758472,-0.017606922376845573,-0.02029425059489558,,,,,,,,,,,,,,
beforeUJ_end,3,29,0.08307753175205132,1.7897579040616435e-5,7.380526108139968e-5,-4.1980953481837445e-5,1.538779894279245e-5,-5.557698444416562e-6,-6.815193386937129e-6,-0.05560189452642555,-0.015634521730824483,-0.021590331571715936,,,,,,,,,,,,,,
beforeUJ_end,3,30,0.08307750108797048,2.2742296092393835e-5,8.028540827831673e-5,-3.822634858501162e-5,1.4483614711187985e-5,-5.7244283543194465e-6,-7.879034074908773e-6,-0.059085252898634685,-0.013851748478142393,-0.022779022725908198,,,,,,,,,,,,,,
beforeUJ_end,3,1,0.08307767192778726,1.488507997187914e-5,0.00014927464681682836,0.0017972663053848392,-0.00019063277420375876,-1.2772085143177725e-6,-2.6483791584815026e-6,-0.002150691438645679,-0.054760748404129186,0.004337309632321845,,,,,,,,,,,,,,
beforeUJ_end,3,2,0.08307766869419643,1.1740250090615319e-5,4.9532065489147606e-5,0.0007285722246980825,-8.253735227498989e-5,-3.510357012483975e-6,1.455437839598928e-7,0.010510853344730344,-0.05817839294159961,0.0034313171713940944,,,,,,,,,,,,,,
beforeUJ_end,3,3,0.08307766633983746,1.0985935271497263e-5,3.095835691579771e-5,0.0004770039539000772,-5.4629602423722724e-5,-3.906773329379229e-6,7.288979842250478e-7,0.012664201842279475,-0.05876881610663692,0.003290249399228528,,,,,,,,,,,,,,
beforeUJ_end,3,4,0.08307766695720345,8.165688464286285e-6,2.250538692633144e-5,0.00036538754697445873,-4.2222695429102505e-5,-2.0432305415340203e-6,4.5381127761692807e-7,0.012797254212487475,-0.058453926309613435,0.002797383595890259,,,,,,,,,,,,,,
beforeUJ_end,3,5,0.08307766725786772,7.611975083155808e-6,1.9426267305985845e-5,0.00033106293360568936,-3.847846457074283e-5,-1.3079561837452856e-6,3.911657750186236e-7,0.01159528122383215,-0.05777834127073544,0.0022607160509076863,,,,,,,,,,,,,,
beforeUJ_end,3,6,0.08307766738995453,6.988317276614033e-6,1.596903037363984e-5,0.0002866627775930944,-3.34717618599189e-5,-8.086468836871353e-7,3.632695828062039e-7,0.010380879410411232,-0.056998023452017564,0.0016878925995488995,,,,,,,,,,,,,,
beforeUJ_end,3,7,0.08307766742950078,6.673061515590606e-6,1.3418098614748834e-5,0.00025693291734466174,-3.0139909667689012e-5,-4.5003918221274923e-7,3.537189807737858e-7,0.008853842869498143,-0.056033792925346326,0.00106513979102507,,,,,,,,,,,,,,
beforeUJ_end,3,8,0.08307766736486584,6.61816010056803e-6,1.1375540148902947e-5,0.00023500629142000638,-2.7681394450014337e-5,-2.476548038143695e-7,3.7096683618640294e-7,0.007056644645871281,-0.05490089530632615,0.00038052420894802786,,,,,,,,,,,,,,
beforeUJ_end,3,9,0.08307766734853497,5.6556028519664044e-6,8.134977123026904e-6,0.0001844538053577577,-2.1822043566755718e-5,-1.0074629363936741e-7,3.407496098199073e-7,0.005492467710667518,-0.05370515110658174,-0.0004090521673169429,,,,,,,,,,,,,,
beforeUJ_end,3,10,0.08307766745588524,3.567713779530879e-6,4.326091906929463e-6,0.00010960622457849509,-1.3015152146289968e-5,5.456727747262412e-8,2.2427392424054992e-7,0.004190331493562603,-0.052481962064420434,-0.001207171004281249,,,,,,,,,,,,,,
beforeUJ_end,3,11,0.08307766777724472,1.954237528241814e-6,2.032414600620191e-6,5.829352892661774e-5,-6.931916779424099e-6,1.3373652363252664e-7,1.2282524105796404e-7,0.0023832679013918263,-0.05107409858113382,-0.0020033032099485526,,,,,,,,,,,,,,
beforeUJ_end,3,12,0.08307766820408503,1.2121781761475223e-6,1.0439004128358196e-6,3.550127433215261e-5,-4.229432126052995e-6,1.5692783901609554e-7,7.490107218343363e-8,6.9320874442491826e-6,-0.04943635707803529,-0.002917065873224678,,,,,,,,,,,,,,
beforeUJ_end,3,13,0.08307766848109378,9.529792233424583e-7,6.291031200866021e-7,2.693205859571902e-5,-3.214191124068807e-6,1.6488114713269026e-7,6.120133479219026e-8,-0.002780531496815005,-0.047658577714665105,-0.003811187460752157,,,,,,,,,,,,,,
beforeUJ_end,3,14,0.08307764934399241,-2.8860181758983872e-8,1.9062974721409819e-6,-5.030658438639582e-6,1.407539203178156e-6,-1.3250600096988794e-7,-1.2929635137766933e-7,-0.005240471453732731,-0.04592330391474092,-0.004662780877262686,,,,,,,,,,,,,,
beforeUJ_end,3,15,0.08307764949256101,1.075167588563736e-7,7.529924542141796e-6,-1.8426559153384526e-5,5.231061071993269e-6,-6.571262914711585e-7,-4.925804138576513e-7,-0.00782925928675754,-0.044034979527930014,-0.005716692756723029,,,,,,,,,,,,,,
beforeUJ_end,3,16,0.08307764851327869,7.223741860244467e-8,2.506767282042933e-6,-5.643067139039152e-6,1.6311863787116365e-6,-2.3312846010226202e-7,-1.6338173298775173e-7,-0.011571584618863363,-0.04189026864673909,-0.006789167551293752,,,,,,,,,,,,,,
beforeUJ_end,3,17,0.08307764684526148,4.6682176597847e-7,1.2450760670496162e-5,-2.6099971482687276e-5,7.620955512994017e-6,-1.175564008392223e-6,-8.232938999090638e-7,-0.014240013675302445,-0.039928514037504526,-0.007924338751581744,,,,,,,,,,,,,,
beforeUJ_end,3,18,0.08307764549946375,1.193345487132192e-6,2.1668237353192236e-5,-4.2117962041151424e-5,1.2431682279167445e-5,-2.183829857531622e-6,-1.4354742048804046e-6,-0.01703514842099347,-0.0379442146777805,-0.009041439698788258,,,,,,,,,,,,,,
beforeUJ_end,3,19,0.08307764380444119,1.839533872966097e-6,2.5928629296588638e-5,-4.65506028607857e-5,1.3898804167342496e-5,-2.7257317358065376e-6,-1.7297868599247205e-6,-0.020282012169658324,-0.035867833222808884,-0.01012661957025107,,,,,,,,,,,,,,
beforeUJ_end,3,20,0.0830776419149979,3.6519520113143873e-6,3.825193592794093e-5,-6.32902597907256e-5,1.910014112379752e-5,-4.32347503153123e-6,-2.5627724569909518e-6,-0.023100960505793404,-0.03390653524172482,-0.011278293973499002,,,,,,,,,,,,,,
beforeUJ_end,3,21,0.08307763868907299,3.793872525419843e-6,3.3388411304960664e-5,-5.054628186816049e-5,1.5461455895083437e-5,-3.854731893570476e-6,-2.277006783086164e-6,-0.0271970251437367,-0.031660865583583574,-0.01231829280487198,,,,,,,,,,,,,,
beforeUJ_end,3,22,0.0830776343304209,5.447288405275431e-6,4.244114051095622e-5,-5.896713633663273e-5,1.820349626013878e-5,-4.885159456541971e-6,-2.969151585326606e-6,-0.030458323052214735,-0.02963818265080143,-0.013414531591238508,,,,,,,,,,,,,,
beforeUJ_end,3,23,0.08307762865522147,6.707126681361806e-6,4.6150729456166596e-5,-5.8145233806638675e-5,1.8207349818934342e-5,-5.2712178541898855e-6,-3.3199319567600533e-6,-0.03407470760466145,-0.027534594860370715,-0.014546902327177834,,,,,,,,,,,,,,
beforeUJ_end,3,24,0.08307762073045144,7.297085714459441e-6,4.6900512338421784e-5,-5.322638834411858e-5,1.6939488421316986e-5,-5.098954286909606e-6,-3.493585520344841e-6,-0.03786824186635028,-0.025397630415156292,-0.015664134550842153,,,,,,,,,,,,,,
beforeUJ_end,3,25,0.08307761058969079,9.280886504126617e-6,5.6523728646255793e-5,-5.7643594064927124e-5,1.8617451826000565e-5,-5.747886208822026e-6,-4.368717563882912e-6,-0.04124639603874492,-0.023420170575724493,-0.016772433319016598,,,,,,,,,,,,,,
beforeUJ_end,3,26,0.08307759823303626,1.2570666132547427e-5,7.019103501614238e-5,-6.361584826055742e-5,2.0930744811725168e-5,-6.759092480973648e-6,-5.628763735665264e-6,-0.04445734750118314,-0.021538871685209057,-0.017889385988781738,,,,,,,,,,,,,,
beforeUJ_end,3,27,0.08307758284494747,1.7152745861401173e-5,8.330601200869171e-5,-6.590280195679917e-5,2.2268317704197474e-5,-7.814234313935046e-6,-6.956085843175823e-6,-0.047723380258551815,-0.01970458432057336,-0.019031399102102005,,,,,,,,,,,,,,
beforeUJ_end,3,28,0.08307756016790521,1.7076162396413913e-5,7.575983292963133e-5,-5.083267038325623e-5,1.7944848200979237e-5,-6.478522063292918e-6,-6.641768107798975e-6,-0.05178836027758472,-0.017606922376845573,-0.02029425059489558,,,,,,,,,,,,,,
beforeUJ_end,3,29,0.08307753175205132,1.7897579040616435e-5,7.380526108139968e-5,-4.1980953481837445e-5,1.538779894279245e-5,-5.557698444416562e-6,-6.815193386937129e-6,-0.05560189452642555,-0.015634521730824483,-0.021590331571715936,,,,,,,,,,,,,,
beforeUJ_end,3,30,0.08307750108797048,2.2742296092393835e-5,8.028540827831673e-5,-3.822634858501162e-5,1.4483614711187985e-5,-5.7244283543194465e-6,-7.879034074908773e-6,-0.059085252898634685,-0.013851748478142393,-0.022779022725908198,,,,,,,,,,,,,,
dyn,4,1,0.08307767192778726,1.488507997187914e-5,0.00014927464681682836,0.0017972663053848392,0.00018996652640923745,1.158559232636058e-6,2.6502544678964776e-6,0.0,0.0,0.0,7.740532043154591e-9,0.0,2.220446049250313e-16,2.220446049250313e-16,3.8702881150154854e-11,2.2093438190040615e-16,175178.17198593167,2,1.0,1.0,-0.002150691438645679,-0.054760748404129186,0.004337309632321845,-4.1110413331749996e-7
dyn,4,2,0.08307766869419643,1.1740250090615319e-5,4.9532065489147606e-5,0.0007285722246980825,8.224683595579298e-5,3.454308766274548e-6,-1.4167579822788218e-7,0.0,0.0,0.0,1.0303759905534658e-9,0.0,-2.220446049250313e-16,2.220446049250313e-16,5.1516590183854285e-12,2.2093438190040615e-16,23317.597623658767,2,1.0,1.0,0.010510853344730344,-0.05817839294159961,0.0034313171713940944,-2.5833353709643314e-7
dyn,4,3,0.08307766633983746,1.0985935271497263e-5,3.095835691579771e-5,0.0004770039539000772,5.443570735754653e-5,3.865681298650861e-6,-7.244721117626447e-7,0.0,0.0,0.0,3.7100985834225084e-10,0.0,-2.220446049250313e-16,2.220446049250313e-16,1.8548283573293537e-12,2.2093438190040615e-16,8395.381204929354,2,1.0,1.0,0.012664201842279475,-0.05876881610663692,0.003290249399228528,-1.107959100943267e-7
dyn,4,4,0.08307766695720345,8.165688464286285e-6,2.250538692633144e-5,0.00036538754697445873,4.207167208698777e-5,2.014255796760432e-6,-4.508674106257244e-7,0.0,0.0,0.0,2.2346203302040319e-10,0.0,-2.220446049250313e-16,2.220446049250313e-16,1.1170892307201155e-12,2.2093438190040615e-16,5056.203661518298,2,1.0,1.0,0.012797254212487475,-0.058453926309613435,0.002797383595890259,-1.889007078147353e-7
dyn,4,5,0.08307766725786772,7.611975083155808e-6,1.9426267305985845e-5,0.00033106293360568936,3.8339814857935874e-5,1.283219648869819e-6,-3.886683875131748e-7,0.0,0.0,0.0,1.8753189817255034e-10,0.0,-2.220446049250313e-16,2.220446049250313e-16,9.374385564808513e-13,2.2093438190040615e-16,4243.063249899395,2,1.0,1.0,0.01159528122383215,-0.05777834127073544,0.0022607160509076863,-2.8571522240081803e-7
dyn,4,6,0.08307766738995453,6.988317276614033e-6,1.596903037363984e-5,0.0002866627775930944,3.335030267345865e-5,7.882296411895454e-7,-3.611274269209592e-7,0.0,0.0,0.0,1.4170158426408214e-10,0.0,-2.220446049250313e-16,2.220446049250313e-16,7.082869869385103e-13,2.2093438190040615e-16,3205.8703622589414,2,1.0,1.0,0.010380879410411232,-0.056998023452017564,0.0016878925995488995,-3.5380230794696463e-7
dyn,4,7,0.08307766742950078,6.673061515590606e-6,1.3418098614748834e-5,0.00025693291734466174,3.0029816303788555e-5,4.3264957648616234e-7,-3.518209321486302e-7,0.0,0.0,0.0,1.1545436239702116e-10,0.0,-2.220446049250313e-16,2.220446049250313e-16,5.770508776032055e-13,2.2093438190040615e-16,2611.8654445704665,2,1.0,1.0,0.008853842869498143,-0.056033792925346326,0.00106513979102507,-4.1911524722522365e-7
dyn,4,8,0.08307766736486584,6.61816010056803e-6,1.1375540148902947e-5,0.00023500629142000638,2.7579653091817956e-5,2.324104358074091e-7,-3.691973019725704e-7,0.0,0.0,0.0,9.811144518892907e-11,0.0,-2.220446049250313e-16,2.220446049250313e-16,4.90336291562745e-13,2.2093438190040615e-16,2219.3752160484514,2,1.0,1.0,0.007056644645871281,-0.05490089530632615,0.00038052420894802786,-4.883997515882305e-7
dyn,4,9,0.08307766734853497,5.6556028519664044e-6,8.134977123026904e-6,0.0001844538053577577,2.174137389152062e-5,8.926291055303847e-8,-3.393018952869451e-7,0.0,0.0,0.0,6.091789856454607e-11,0.0,-2.220446049250313e-16,2.220446049250313e-16,3.0436855844083e-13,2.2093438190040615e-16,1377.6423380677556,2,1.0,1.0,0.005492467710667518,-0.05370515110658174,-0.0004090521673169429,-4.812781884434092e-7
dyn,4,10,0.08307766745588524,3.567713779530879e-6,4.326091906929463e-6,0.00010960622457849509,1.2966776672723237e-5,-6.092206792768597e-8,-2.2340395124551408e-7,0.0,0.0,0.0,2.1447194505336643e-11,0.0,-2.220446049250313e-16,2.220446049250313e-16,1.0701503814478281e-13,2.2093438190040615e-16,484.37475971043546,2,1.0,1.0,0.004190331493562603,-0.052481962064420434,-0.001207171004281249,-3.444053441361808e-7
dyn,4,11,0.08307766777724472,1.954237528241814e-6,2.032414600620191e-6,5.829352892661774e-5,6.90601872568318e-6,-1.3673848137177932e-7,-1.2238179026112114e-7,0.0,0.0,0.0,6.065773172042854e-12,0.0,-2.220446049250313e-16,2.220446049250313e-16,3.010793147831386e-14,2.2093438190040615e-16,136.27544621771932,2,1.0,1.0,0.0023832679013918263,-0.05107409858113382,-0.0020033032099485526,-2.1592588571497946e-7
dyn,4,12,0.08307766820408503,1.2121781761475223e-6,1.0439004128358196e-6,3.550127433215261e-5,4.213557345169501e-6,-1.5848833052323667e-7,-7.465231069607589e-8,0.0,0.0,0.0,2.2850084103595733e-12,0.0,-2.220446049250313e-16,2.220446049250313e-16,1.1204107669897462e-14,2.2093438190040615e-16,50.71237701223028,2,1.0,1.0,6.9320874442491826e-6,-0.04943635707803529,-0.002917065873224678,-1.5515778644805455e-7
dyn,4,13,0.08307766848109378,9.529792233424583e-7,6.291031200866021e-7,2.693205859571902e-5,3.202075465095329e-6,-1.6588731722645724e-7,-6.101577581892372e-8,0.0,0.0,0.0,1.2999590992079919e-12,0.0,-2.220446049250313e-16,2.220446049250313e-16,6.278861114139553e-15,2.2093438190040615e-16,28.419574446180896,2,1.0,1.0,-0.002780531496815005,-0.047658577714665105,-0.003811187460752157,-1.352750726977463e-7
dyn,4,14,0.08307764934399241,-2.8860181758983872e-8,1.9062974721409819e-6,-5.030658438639582e-6,-1.402368031015602e-6,1.3242586990352382e-7,1.2897542562973917e-7,0.0,0.0,0.0,-3.5484786916209213e-13,0.0,-2.2093438190040615e-16,2.2093438190040615e-16,-1.9940690558013646e-15,2.1982970999090413e-16,9.070971598351619,2,-1.0,1.0,-0.005240471453732731,-0.04592330391474092,-0.004662780877262686,-6.393537923864637e-8
dyn,4,15,0.08307764949256101,1.075167588563736e-7,7.529924542141796e-6,-1.8426559153384526e-5,-5.211808181177108e-6,6.563680747436917e-7,4.913548024149206e-7,0.0,0.0,0.0,-4.6579171817863234e-12,0.0,-2.220446049250313e-16,2.220446049250313e-16,-2.3510520290832026e-14,2.2093438190040615e-16,106.41404062419859,2,-1.0,1.0,-0.00782925928675754,-0.044034979527930014,-0.005716692756723029,-2.2708287239934833e-7
dyn,4,16,0.08307764851327869,7.223741860244467e-8,2.506767282042933e-6,-5.643067139039152e-6,-1.6251749471895524e-6,2.3280949834687954e-7,1.629716048146017e-7,0.0,0.0,0.0,-4.5209854053145556e-13,0.0,-2.2093438190040615e-16,2.2093438190040615e-16,-2.480322412648182e-15,2.1982970999090413e-16,11.282926283034309,2,-1.0,1.0,-0.011571584618863363,-0.04189026864673909,-0.006789167551293752,-6.753332797150421e-8
dyn,4,17,0.08307764684526148,4.6682176597847e-7,1.2450760670496162e-5,-2.6099971482687276e-5,-7.592835508142867e-6,1.173828999933035e-6,8.211966334016636e-7,0.0,0.0,0.0,-1.0331557710959716e-11,0.0,-2.220446049250313e-16,2.220446049250313e-16,-5.1878722936698985e-14,2.2093438190040615e-16,234.81507264942186,2,-1.0,1.0,-0.014240013675302445,-0.039928514037504526,-0.007924338751581744,-2.9696290510554034e-7
dyn,4,18,0.08307764549946375,1.193345487132192e-6,2.1668237353192236e-5,-4.2117962041151424e-5,-1.2385770057113914e-5,2.1802942415717734e-6,1.4317693716386435e-6,0.0,0.0,0.0,-2.7757055989330598e-11,0.0,-2.220446049250313e-16,2.220446049250313e-16,-1.390062143285534e-13,2.2093438190040615e-16,629.1742060826697,2,-1.0,1.0,-0.01703514842099347,-0.0379442146777805,-0.009041439698788258,-4.6170605327852476e-7
dyn,4,19,0.08307764380444119,1.839533872966097e-6,2.5928629296588638e-5,-4.65506028607857e-5,-1.3847444148674919e-5,2.7210414402318806e-6,1.72526384417936e-6,0.0,0.0,0.0,-3.5126343682126874e-11,0.0,-2.220446049250313e-16,2.220446049250313e-16,-1.7585265279253478e-13,2.2093438190040615e-16,795.9496900387667,2,-1.0,1.0,-0.020282012169658324,-0.035867833222808884,-0.01012661957025107,-4.95912953767057e-7
dyn,4,20,0.0830776419149979,3.6519520113143873e-6,3.825193592794093e-5,-6.32902597907256e-5,-1.9029541731435668e-5,4.315609873376339e-6,2.555960898032605e-6,0.0,0.0,0.0,-6.598342417528978e-11,0.0,-2.220446049250313e-16,2.220446049250313e-16,-3.301380552583493e-13,2.2093438190040615e-16,1494.2810277812284,2,-1.0,1.0,-0.023100960505793404,-0.03390653524172482,-0.011278293973499002,-6.675480572084288e-7
dyn,4,21,0.08307763868907299,3.793872525419843e-6,3.3388411304960664e-5,-5.054628186816049e-5,-1.5404311782544413e-5,3.84753609339336e-6,2.2708516211787603e-6,0.0,0.0,0.0,-4.462769782144987e-11,0.0,-2.220446049250313e-16,2.220446049250313e-16,-2.2335942348914976e-13,2.2093438190040615e-16,1010.9762978848479,2,-1.0,1.0,-0.0271970251437367,-0.031660865583583574,-0.01231829280487198,-5.376441485921446e-7
dyn,4,22,0.0830776343304209,5.447288405275431e-6,4.244114051095622e-5,-5.896713633663273e-5,-1.8136236964724438e-5,4.875949543860622e-6,2.9609919174318753e-6,0.0,0.0,0.0,-6.625430670170804e-11,0.0,-2.220446049250313e-16,2.220446049250313e-16,-3.314924678904406e-13,2.2093438190040615e-16,1500.41141192715,2,-1.0,1.0,-0.030458323052214735,-0.02963818265080143,-0.013414531591238508,-6.32777031145883e-7
dyn,4,23,0.08307762865522147,6.707126681361806e-6,4.6150729456166596e-5,-5.8145233806638675e-5,-1.8140129826634712e-5,5.261235796324329e-6,3.31065666549725e-6,0.0,0.0,0.0,-7.114311323679633e-11,0.0,-2.220446049250313e-16,2.220446049250313e-16,-3.55936500565882e-13,2.2093438190040615e-16,1611.0507450412708,2,-1.0,1.0,-0.03407470760466145,-0.027534594860370715,-0.014546902327177834,-6.534519816448596e-7
dyn,4,24,0.08307762073045144,7.297085714459441e-6,4.6900512338421784e-5,-5.322638834411858e-5,-1.6877022008773437e-5,5.089409149747772e-6,3.4836864544712485e-6,0.0,0.0,0.0,-6.967158399162446e-11,0.0,-2.220446049250313e-16,2.220446049250313e-16,-3.485788543400227e-13,2.2093438190040615e-16,1577.7483402160408,2,-1.0,1.0,-0.03786824186635028,-0.025397630415156292,-0.015664134550842153,-6.337443767297035e-7
dyn,4,25,0.08307761058969079,9.280886504126617e-6,5.6523728646255793e-5,-5.7643594064927124e-5,-1.854889390337561e-5,5.7373673892499904e-6,4.35618076096757e-6,0.0,0.0,0.0,-9.866182100783417e-11,0.0,-2.220446049250313e-16,2.220446049250313e-16,-4.935300394210713e-13,2.2093438190040615e-16,2233.830855912445,2,-1.0,1.0,-0.04124639603874492,-0.023420170575724493,-0.016772433319016598,-7.397751490886736e-7
dyn,4,26,0.08307759823303626,1.2570666132547427e-5,7.019103501614238e-5,-6.361584826055742e-5,-2.085381004399419e-5,6.747040416203758e-6,5.612395716162912e-6,0.0,0.0,0.0,-1.4516504225974215e-10,0.0,-2.220446049250313e-16,2.220446049250313e-16,-7.260461456806112e-13,2.2093438190040615e-16,3286.2524132070207,2,-1.0,1.0,-0.04445734750118314,-0.021538871685209057,-0.017889385988781738,-9.326457047038405e-7
dyn,4,27,0.08307758284494747,1.7152745861401173e-5,8.330601200869171e-5,-6.590280195679917e-5,-2.218666939334339e-5,7.800673820310543e-6,6.935536484819032e-6,0.0,0.0,0.0,-1.872271904011911e-10,0.0,-2.220446049250313e-16,2.220446049250313e-16,-9.36356886387856e-13,2.2093438190040615e-16,4238.167361429292,2,-1.0,1.0,-0.047723380258551815,-0.01970458432057336,-0.019031399102102005,-1.2058748252712778e-6
dyn,4,28,0.08307756016790521,1.7076162396413913e-5,7.575983292963133e-5,-5.083267038325623e-5,-1.787928504105518e-5,6.468009751862659e-6,6.621880670587921e-6,0.0,0.0,0.0,-1.5144640780729328e-10,0.0,-2.220446049250313e-16,2.220446049250313e-16,-7.574529734183668e-13,2.2093438190040615e-16,3428.4069636559107,2,-1.0,1.0,-0.05178836027758472,-0.017606922376845573,-0.02029425059489558,-1.1866329968533076e-6
dyn,4,29,0.08307753175205132,1.7897579040616435e-5,7.380526108139968e-5,-4.1980953481837445e-5,-1.5331800074573947e-5,5.549655327625237e-6,6.794547900855235e-6,0.0,0.0,0.0,-1.4959979283039963e-10,0.0,-2.220446049250313e-16,2.220446049250313e-16,-7.482198985338986e-13,2.2093438190040615e-16,3386.6159359079957,2,-1.0,1.0,-0.05560189452642555,-0.015634521730824483,-0.021590331571715936,-1.242666554951384e-6
dyn,4,30,0.08307750108797048,2.2742296092393835e-5,8.028540827831673e-5,-3.822634858501162e-5,-1.4431147194050725e-5,5.717017275800755e-6,7.85479753133057e-6,0.0,0.0,0.0,-1.689561910610509e-10,0.0,-2.220446049250313e-16,2.220446049250313e-16,-8.450018896871549e-13,2.2093438190040615e-16,3824.6735633391313,2,-1.0,1.0,-0.059085252898634685,-0.013851748478142393,-0.022779022725908198,-1.5850687349044675e-6
clip-fired,4,1,0.08307767192778726,1.488507997187914e-5,0.00014927464681682836,0.0017972663053848392,,,,,,,,,,,,,,,0.0,-0.002150691438645679,-0.054760748404129186,0.004337309632321845,-4.1110413331749996e-7
clip-fired,4,2,0.08307766869419643,1.1740250090615319e-5,4.9532065489147606e-5,0.0007285722246980825,,,,,,,,,,,,,,,0.0,0.010510853344730344,-0.05817839294159961,0.0034313171713940944,-2.5833353709643314e-7
clip-fired,4,3,0.08307766633983746,1.0985935271497263e-5,3.095835691579771e-5,0.0004770039539000772,,,,,,,,,,,,,,,0.0,0.012664201842279475,-0.05876881610663692,0.003290249399228528,-1.107959100943267e-7
clip-fired,4,4,0.08307766695720345,8.165688464286285e-6,2.250538692633144e-5,0.00036538754697445873,,,,,,,,,,,,,,,0.0,0.012797254212487475,-0.058453926309613435,0.002797383595890259,-1.889007078147353e-7
clip-fired,4,5,0.08307766725786772,7.611975083155808e-6,1.9426267305985845e-5,0.00033106293360568936,,,,,,,,,,,,,,,0.0,0.01159528122383215,-0.05777834127073544,0.0022607160509076863,-2.8571522240081803e-7
clip-fired,4,6,0.08307766738995453,6.988317276614033e-6,1.596903037363984e-5,0.0002866627775930944,,,,,,,,,,,,,,,0.0,0.010380879410411232,-0.056998023452017564,0.0016878925995488995,-3.5380230794696463e-7
clip-fired,4,7,0.08307766742950078,6.673061515590606e-6,1.3418098614748834e-5,0.00025693291734466174,,,,,,,,,,,,,,,0.0,0.008853842869498143,-0.056033792925346326,0.00106513979102507,-4.1911524722522365e-7
clip-fired,4,8,0.08307766736486584,6.61816010056803e-6,1.1375540148902947e-5,0.00023500629142000638,,,,,,,,,,,,,,,0.0,0.007056644645871281,-0.05490089530632615,0.00038052420894802786,-4.883997515882305e-7
clip-fired,4,9,0.08307766734853497,5.6556028519664044e-6,8.134977123026904e-6,0.0001844538053577577,,,,,,,,,,,,,,,0.0,0.005492467710667518,-0.05370515110658174,-0.0004090521673169429,-4.812781884434092e-7
clip-fired,4,10,0.08307766745588524,3.567713779530879e-6,4.326091906929463e-6,0.00010960622457849509,,,,,,,,,,,,,,,0.0,0.004190331493562603,-0.052481962064420434,-0.001207171004281249,-3.444053441361808e-7
clip-fired,4,11,0.08307766777724472,1.954237528241814e-6,2.032414600620191e-6,5.829352892661774e-5,,,,,,,,,,,,,,,0.0,0.0023832679013918263,-0.05107409858113382,-0.0020033032099485526,-2.1592588571497946e-7
clip-fired,4,12,0.08307766820408503,1.2121781761475223e-6,1.0439004128358196e-6,3.550127433215261e-5,,,,,,,,,,,,,,,0.0,6.9320874442491826e-6,-0.04943635707803529,-0.002917065873224678,-1.5515778644805455e-7
clip-fired,4,13,0.08307766848109378,9.529792233424583e-7,6.291031200866021e-7,2.693205859571902e-5,,,,,,,,,,,,,,,0.0,-0.002780531496815005,-0.047658577714665105,-0.003811187460752157,-1.352750726977463e-7
clip-fired,4,14,0.08307764934399241,-2.8860181758983872e-8,1.9062974721409819e-6,-5.030658438639582e-6,,,,,,,,,,,,,,,0.0,-0.005240471453732731,-0.04592330391474092,-0.004662780877262686,-6.393537923864637e-8
clip-fired,4,15,0.08307764949256101,1.075167588563736e-7,7.529924542141796e-6,-1.8426559153384526e-5,,,,,,,,,,,,,,,0.0,-0.00782925928675754,-0.044034979527930014,-0.005716692756723029,-2.2708287239934833e-7
clip-fired,4,16,0.08307764851327869,7.223741860244467e-8,2.506767282042933e-6,-5.643067139039152e-6,,,,,,,,,,,,,,,0.0,-0.011571584618863363,-0.04189026864673909,-0.006789167551293752,-6.753332797150421e-8
clip-fired,4,17,0.08307764684526148,4.6682176597847e-7,1.2450760670496162e-5,-2.6099971482687276e-5,,,,,,,,,,,,,,,0.0,-0.014240013675302445,-0.039928514037504526,-0.007924338751581744,-2.9696290510554034e-7
clip-fired,4,18,0.08307764549946375,1.193345487132192e-6,2.1668237353192236e-5,-4.2117962041151424e-5,,,,,,,,,,,,,,,0.0,-0.01703514842099347,-0.0379442146777805,-0.009041439698788258,-4.6170605327852476e-7
clip-fired,4,19,0.08307764380444119,1.839533872966097e-6,2.5928629296588638e-5,-4.65506028607857e-5,,,,,,,,,,,,,,,0.0,-0.020282012169658324,-0.035867833222808884,-0.01012661957025107,-4.95912953767057e-7
clip-fired,4,20,0.0830776419149979,3.6519520113143873e-6,3.825193592794093e-5,-6.32902597907256e-5,,,,,,,,,,,,,,,0.0,-0.023100960505793404,-0.03390653524172482,-0.011278293973499002,-6.675480572084288e-7
clip-fired,4,21,0.08307763868907299,3.793872525419843e-6,3.3388411304960664e-5,-5.054628186816049e-5,,,,,,,,,,,,,,,0.0,-0.0271970251437367,-0.031660865583583574,-0.01231829280487198,-5.376441485921446e-7
clip-fired,4,22,0.0830776343304209,5.447288405275431e-6,4.244114051095622e-5,-5.896713633663273e-5,,,,,,,,,,,,,,,0.0,-0.030458323052214735,-0.02963818265080143,-0.013414531591238508,-6.32777031145883e-7
clip-fired,4,23,0.08307762865522147,6.707126681361806e-6,4.6150729456166596e-5,-5.8145233806638675e-5,,,,,,,,,,,,,,,0.0,-0.03407470760466145,-0.027534594860370715,-0.014546902327177834,-6.534519816448596e-7
clip-fired,4,24,0.08307762073045144,7.297085714459441e-6,4.6900512338421784e-5,-5.322638834411858e-5,,,,,,,,,,,,,,,0.0,-0.03786824186635028,-0.025397630415156292,-0.015664134550842153,-6.337443767297035e-7
clip-fired,4,25,0.08307761058969079,9.280886504126617e-6,5.6523728646255793e-5,-5.7643594064927124e-5,,,,,,,,,,,,,,,0.0,-0.04124639603874492,-0.023420170575724493,-0.016772433319016598,-7.397751490886736e-7
clip-fired,4,26,0.08307759823303626,1.2570666132547427e-5,7.019103501614238e-5,-6.361584826055742e-5,,,,,,,,,,,,,,,0.0,-0.04445734750118314,-0.021538871685209057,-0.017889385988781738,-9.326457047038405e-7
clip-fired,4,27,0.08307758284494747,1.7152745861401173e-5,8.330601200869171e-5,-6.590280195679917e-5,,,,,,,,,,,,,,,0.0,-0.047723380258551815,-0.01970458432057336,-0.019031399102102005,-1.2058748252712778e-6
clip-fired,4,28,0.08307756016790521,1.7076162396413913e-5,7.575983292963133e-5,-5.083267038325623e-5,,,,,,,,,,,,,,,0.0,-0.05178836027758472,-0.017606922376845573,-0.02029425059489558,-1.1866329968533076e-6
clip-fired,4,29,0.08307753175205132,1.7897579040616435e-5,7.380526108139968e-5,-4.1980953481837445e-5,,,,,,,,,,,,,,,0.0,-0.05560189452642555,-0.015634521730824483,-0.021590331571715936,-1.242666554951384e-6
clip-fired,4,30,0.08307750108797048,2.2742296092393835e-5,8.028540827831673e-5,-3.822634858501162e-5,,,,,,,,,,,,,,,0.0,-0.059085252898634685,-0.013851748478142393,-0.022779022725908198,-1.5850687349044675e-6
beforeUJ_end,4,1,0.08307769399539815,3.587163956389619e-5,0.0002574694951595804,0.001784682015932542,-0.00033260096814698246,-1.3050571361497494e-5,-1.1856076321399221e-5,0.01445476065871545,-0.16586659999599115,0.008121168003908259,,,,,,,,,,,,,,
beforeUJ_end,4,2,0.08307768660806931,1.859294195366716e-5,9.32095059217911e-5,0.0007241371266048999,-0.00014209926512904962,-6.85292848087304e-6,-3.1217253399888447e-6,0.03546179563494248,-0.17234084195673102,0.005080314827609955,,,,,,,,,,,,,,
beforeUJ_end,4,3,0.08307768139155347,1.4789525275320124e-5,5.923548103638612e-5,0.00047421951209086733,-9.409512002247803e-5,-5.466346165730471e-6,-1.1132949991238724e-6,0.03819917606568295,-0.17418781620738769,0.004375934959738726,,,,,,,,,,,,,,
beforeUJ_end,4,4,0.08307768241565826,1.1433814676855235e-5,4.407662009501949e-5,0.00036332857111714094,-7.259070173995488e-5,-2.773782255293419e-6,-9.678462381556147e-7,0.037621868146274856,-0.17413984411598368,0.0026791406278837216,,,,,,,,,,,,,,
beforeUJ_end,4,5,0.0830776830665996,1.0792168689252646e-5,3.893627058937235e-5,0.00032924975423104794,-6.60206025916077e-5,-1.5608166003839503e-6,-8.856781370648241e-7,0.0346313640946084,-0.17312740244767327,0.0008125992613288585,,,,,,,,,,,,,,
beforeUJ_end,4,6,0.08307768332787933,9.883346579608411e-6,3.2829430434261944e-5,0.00028513835164123387,-5.731874880816574e-5,-6.740059143257095e-7,-7.103625627638864e-7,0.03146348186664105,-0.1717752542782992,-0.001144111982234926,,,,,,,,,,,,,,
beforeUJ_end,4,7,0.08307768360070307,9.390821354216518e-6,2.854425962634153e-5,0.0002556092438812578,-5.1460717400799396e-5,-4.1487081147938945e-9,-5.860164357202878e-7,0.0277438949549636,-0.16989804675876136,-0.0032730322690708415,,,,,,,,,,,,,,
beforeUJ_end,4,8,0.08307768379712378,9.190208830230445e-6,2.524632419672475e-5,0.000233836009937704,-4.709798634276457e-5,4.5698720213913446e-7,-4.608937320599228e-7,0.02346113718943274,-0.16752161471067234,-0.005583869314554562,,,,,,,,,,,,,,
beforeUJ_end,4,9,0.08307768391646715,7.737846997352039e-6,1.9050660135941803e-5,0.00018357162364360347,-3.69893969515837e-5,6.791467771012829e-7,-2.7647122731290847e-7,0.019343878504243524,-0.16488801703026856,-0.008144254690802964,,,,,,,,,,,,,,
beforeUJ_end,4,10,0.08307768398186925,4.868394811354432e-6,1.0830349503644548e-5,0.00010910527415663352,-2.197700210249724e-5,6.54533885185232e-7,-1.1964170190600818e-7,0.015543681533805453,-0.16212998378401203,-0.010690303360092253,,,,,,,,,,,,,,
beforeUJ_end,4,11,0.08307768430741724,2.7005170394246704e-6,5.504265820718429e-6,5.803871843478329e-5,-1.166013219858228e-5,5.252415191421114e-7,-5.021192074862238e-8,0.010802612448717823,-0.1588696172308169,-0.01323197083480309,,,,,,,,,,,,,,
beforeUJ_end,4,12,0.0830776850000488,1.7071887910822255e-6,3.173833729582983e-6,3.535407831234961e-5,-7.077804538980428e-6,4.395129864314071e-7,-2.6470662596800503e-8,0.005056315994707071,-0.1549320613683124,-0.016140482411141337,,,,,,,,,,,,,,
beforeUJ_end,4,13,0.08307768509040214,1.3572721228875112e-6,2.2625114563828974e-6,2.6826814882218584e-5,-5.3474197452351946e-6,4.1132027775888133e-7,-1.0248111732472495e-8,-0.0015232442832510988,-0.15059559793655014,-0.018972443553538422,,,,,,,,,,,,,,
beforeUJ_end,4,14,0.08307753561916209,2.6044298506955564e-7,3.5145600196859553e-6,-4.064790733016954e-6,2.9372470134188754e-6,-5.144170288202193e-7,-4.45992785631884e-7,-0.0076400968099958185,-0.14629261616662415,-0.021627836791915427,,,,,,,,,,,,,,
beforeUJ_end,4,15,0.08307754043662662,1.3272677389615618e-6,1.3477860280824057e-5,-1.4588938876056563e-5,1.070733461409695e-5,-2.2416670493618638e-6,-1.6861165541994055e-6,-0.013810729917685127,-0.14146330713363173,-0.024918090808218874,,,,,,,,,,,,,,
beforeUJ_end,4,16,0.08307753850952451,4.838323045767542e-7,4.34863568507781e-6,-4.357612187698238e-6,3.267153173453672e-6,-7.497713835601067e-7,-5.500985983798675e-7,-0.022387205701643036,-0.135911646250581,-0.028228019053388478,,,,,,,,,,,,,,
beforeUJ_end,4,17,0.08307753223017036,2.5300158041462793e-6,2.1022465805048104e-5,-1.9700443170150304e-5,1.4963413135540757e-5,-3.6565385113706e-6,-2.7224202793766226e-6,-0.029029028262442136,-0.13072215898447415,-0.03165490404895138,,,,,,,,,,,,,,
beforeUJ_end,4,18,0.08307753074320368,4.8728990766235145e-6,3.5552554667154025e-5,-3.093771927805756e-5,2.3873355326075255e-5,-6.446328075225966e-6,-4.662139092652759e-6,-0.035895675011862097,-0.12535932819655374,-0.035026836739380396,,,,,,,,,,,,,,
beforeUJ_end,4,19,0.08307752909817939,6.309159800715926e-6,4.13014942607413e-5,-3.312149098626486e-5,2.605508541012501e-5,-7.690812651431875e-6,-5.50257252845427e-6,-0.04361533248294034,-0.11967775856102171,-0.038290894147384534,,,,,,,,,,,,,,
beforeUJ_end,4,20,0.08307753015212578,1.0427578952336525e-5,5.907657751105569e-5,-4.339881965076856e-5,3.486701157762307e-5,-1.1560958736191085e-5,-7.970047941417991e-6,-0.050659481387309184,-0.11412543895130925,-0.0416984635366308,,,,,,,,,,,,,,
beforeUJ_end,4,21,0.08307752617364253,9.7473956439514e-6,4.991762371006291e-5,-3.312620183308934e-5,2.740917023771139e-5,-9.895548492667944e-6,-6.889903148931722e-6,-0.06008441298920553,-0.10788734547757853,-0.0447506118683069,,,,,,,,,,,,,,
beforeUJ_end,4,22,0.0830775183684807,1.3032156376722623e-5,6.14994240927363e-5,-3.682472011033996e-5,3.1330752244089434e-5,-1.2140563457910733e-5,-8.733972269483208e-6,-0.06807733812976706,-0.10202549497940762,-0.04790032133718142,,,,,,,,,,,,,,
beforeUJ_end,4,23,0.08307750965564935,1.4916550267689783e-5,6.458069945669857e-5,-3.4096998746230975e-5,3.0273445950414603e-5,-1.263184166716618e-5,-9.454120990343415e-6,-0.07670227224451193,-0.09588814904014539,-0.05113251193659385,,,,,,,,,,,,,,
beforeUJ_end,4,24,0.08307749341267405,1.5493918067633826e-5,6.332352241853347e-5,-2.8914619521732835e-5,2.7140828111694287e-5,-1.1878496107352599e-5,-9.613532452587532e-6,-0.08564077810649619,-0.08962256719206708,-0.054280566080335844,,,,,,,,,,,,,,
beforeUJ_end,4,25,0.0830774717312514,1.8987397560763745e-5,7.365909992095682e-5,-2.8595641233572957e-5,2.8701849711346778e-5,-1.3071346054713531e-5,-1.1615650987249891e-5,-0.0939370968451798,-0.08360631051332046,-0.057327661909123,,,,,,,,,,,,,,
beforeUJ_end,4,26,0.08307745046411838,2.4443649003096168e-5,8.805715254132316e-5,-2.793367558128749e-5,3.089558200843059e-5,-1.4905560147349217e-5,-1.441763906902831e-5,-0.10196854055534939,-0.07769859479155353,-0.06035304412158973,,,,,,,,,,,,,,
beforeUJ_end,4,27,0.08307743246727665,3.10376679597784e-5,0.00010016739577484456,-2.4094141060354935e-5,3.121772713216865e-5,-1.6509094075315857e-5,-1.706636812884977e-5,-0.11012781876081698,-0.07181404574871961,-0.06343805191393499,,,,,,,,,,,,,,
beforeUJ_end,4,28,0.08307739669444768,2.9313979658341827e-5,8.701047980409352e-5,-1.3603048195382504e-5,2.367485188819202e-5,-1.3246660331255812e-5,-1.557072127037291e-5,-0.11961715209365432,-0.06546969874387536,-0.06698647689238103,,,,,,,,,,,,,,
beforeUJ_end,4,29,0.08307734702645053,2.9633736515948933e-5,8.12919677973516e-5,-6.592803190438304e-6,1.9061851204119626e-5,-1.1172639633749564e-5,-1.534820558847972e-5,-0.12884848245970845,-0.05936098733721864,-0.07063544576376969,,,,,,,,,,,,,,
beforeUJ_end,4,30,0.08307731456175216,3.5494749104348847e-5,8.464072577564423e-5,-5.988451740464207e-7,1.6626296483871602e-5,-1.1145468197902175e-5,-1.6978654689524987e-5,-0.1376118842682642,-0.05352899039214993,-0.07394852535438602,,,,,,,,,,,,,,
beforeUJ_end,4,1,0.08307769399539815,3.587163956389619e-5,0.0002574694951595804,0.001784682015932542,-0.00033260096814698246,-1.3050571361497494e-5,-1.1856076321399221e-5,0.01445476065871545,-0.16586659999599115,0.008121168003908259,,,,,,,,,,,,,,
beforeUJ_end,4,2,0.08307768660806931,1.859294195366716e-5,9.32095059217911e-5,0.0007241371266048999,-0.00014209926512904962,-6.85292848087304e-6,-3.1217253399888447e-6,0.03546179563494248,-0.17234084195673102,0.005080314827609955,,,,,,,,,,,,,,
beforeUJ_end,4,3,0.08307768139155347,1.4789525275320124e-5,5.923548103638612e-5,0.00047421951209086733,-9.409512002247803e-5,-5.466346165730471e-6,-1.1132949991238724e-6,0.03819917606568295,-0.17418781620738769,0.004375934959738726,,,,,,,,,,,,,,
beforeUJ_end,4,4,0.08307768241565826,1.1433814676855235e-5,4.407662009501949e-5,0.00036332857111714094,-7.259070173995488e-5,-2.773782255293419e-6,-9.678462381556147e-7,0.037621868146274856,-0.17413984411598368,0.0026791406278837216,,,,,,,,,,,,,,
beforeUJ_end,4,5,0.0830776830665996,1.0792168689252646e-5,3.893627058937235e-5,0.00032924975423104794,-6.60206025916077e-5,-1.5608166003839503e-6,-8.856781370648241e-7,0.0346313640946084,-0.17312740244767327,0.0008125992613288585,,,,,,,,,,,,,,
beforeUJ_end,4,6,0.08307768332787933,9.883346579608411e-6,3.2829430434261944e-5,0.00028513835164123387,-5.731874880816574e-5,-6.740059143257095e-7,-7.103625627638864e-7,0.03146348186664105,-0.1717752542782992,-0.001144111982234926,,,,,,,,,,,,,,
beforeUJ_end,4,7,0.08307768360070307,9.390821354216518e-6,2.854425962634153e-5,0.0002556092438812578,-5.1460717400799396e-5,-4.1487081147938945e-9,-5.860164357202878e-7,0.0277438949549636,-0.16989804675876136,-0.0032730322690708415,,,,,,,,,,,,,,
beforeUJ_end,4,8,0.08307768379712378,9.190208830230445e-6,2.524632419672475e-5,0.000233836009937704,-4.709798634276457e-5,4.5698720213913446e-7,-4.608937320599228e-7,0.02346113718943274,-0.16752161471067234,-0.005583869314554562,,,,,,,,,,,,,,
beforeUJ_end,4,9,0.08307768391646715,7.737846997352039e-6,1.9050660135941803e-5,0.00018357162364360347,-3.69893969515837e-5,6.791467771012829e-7,-2.7647122731290847e-7,0.019343878504243524,-0.16488801703026856,-0.008144254690802964,,,,,,,,,,,,,,
beforeUJ_end,4,10,0.08307768398186925,4.868394811354432e-6,1.0830349503644548e-5,0.00010910527415663352,-2.197700210249724e-5,6.54533885185232e-7,-1.1964170190600818e-7,0.015543681533805453,-0.16212998378401203,-0.010690303360092253,,,,,,,,,,,,,,
beforeUJ_end,4,11,0.08307768430741724,2.7005170394246704e-6,5.504265820718429e-6,5.803871843478329e-5,-1.166013219858228e-5,5.252415191421114e-7,-5.021192074862238e-8,0.010802612448717823,-0.1588696172308169,-0.01323197083480309,,,,,,,,,,,,,,
beforeUJ_end,4,12,0.0830776850000488,1.7071887910822255e-6,3.173833729582983e-6,3.535407831234961e-5,-7.077804538980428e-6,4.395129864314071e-7,-2.6470662596800503e-8,0.005056315994707071,-0.1549320613683124,-0.016140482411141337,,,,,,,,,,,,,,
beforeUJ_end,4,13,0.08307768509040214,1.3572721228875112e-6,2.2625114563828974e-6,2.6826814882218584e-5,-5.3474197452351946e-6,4.1132027775888133e-7,-1.0248111732472495e-8,-0.0015232442832510988,-0.15059559793655014,-0.018972443553538422,,,,,,,,,,,,,,
beforeUJ_end,4,14,0.08307753561916209,2.6044298506955564e-7,3.5145600196859553e-6,-4.064790733016954e-6,2.9372470134188754e-6,-5.144170288202193e-7,-4.45992785631884e-7,-0.0076400968099958185,-0.14629261616662415,-0.021627836791915427,,,,,,,,,,,,,,
beforeUJ_end,4,15,0.08307754043662662,1.3272677389615618e-6,1.3477860280824057e-5,-1.4588938876056563e-5,1.070733461409695e-5,-2.2416670493618638e-6,-1.6861165541994055e-6,-0.013810729917685127,-0.14146330713363173,-0.024918090808218874,,,,,,,,,,,,,,
beforeUJ_end,4,16,0.08307753850952451,4.838323045767542e-7,4.34863568507781e-6,-4.357612187698238e-6,3.267153173453672e-6,-7.497713835601067e-7,-5.500985983798675e-7,-0.022387205701643036,-0.135911646250581,-0.028228019053388478,,,,,,,,,,,,,,
beforeUJ_end,4,17,0.08307753223017036,2.5300158041462793e-6,2.1022465805048104e-5,-1.9700443170150304e-5,1.4963413135540757e-5,-3.6565385113706e-6,-2.7224202793766226e-6,-0.029029028262442136,-0.13072215898447415,-0.03165490404895138,,,,,,,,,,,,,,
beforeUJ_end,4,18,0.08307753074320368,4.8728990766235145e-6,3.5552554667154025e-5,-3.093771927805756e-5,2.3873355326075255e-5,-6.446328075225966e-6,-4.662139092652759e-6,-0.035895675011862097,-0.12535932819655374,-0.035026836739380396,,,,,,,,,,,,,,
beforeUJ_end,4,19,0.08307752909817939,6.309159800715926e-6,4.13014942607413e-5,-3.312149098626486e-5,2.605508541012501e-5,-7.690812651431875e-6,-5.50257252845427e-6,-0.04361533248294034,-0.11967775856102171,-0.038290894147384534,,,,,,,,,,,,,,
beforeUJ_end,4,20,0.08307753015212578,1.0427578952336525e-5,5.907657751105569e-5,-4.339881965076856e-5,3.486701157762307e-5,-1.1560958736191085e-5,-7.970047941417991e-6,-0.050659481387309184,-0.11412543895130925,-0.0416984635366308,,,,,,,,,,,,,,
beforeUJ_end,4,21,0.08307752617364253,9.7473956439514e-6,4.991762371006291e-5,-3.312620183308934e-5,2.740917023771139e-5,-9.895548492667944e-6,-6.889903148931722e-6,-0.06008441298920553,-0.10788734547757853,-0.0447506118683069,,,,,,,,,,,,,,
beforeUJ_end,4,22,0.0830775183684807,1.3032156376722623e-5,6.14994240927363e-5,-3.682472011033996e-5,3.1330752244089434e-5,-1.2140563457910733e-5,-8.733972269483208e-6,-0.06807733812976706,-0.10202549497940762,-0.04790032133718142,,,,,,,,,,,,,,
beforeUJ_end,4,23,0.08307750965564935,1.4916550267689783e-5,6.458069945669857e-5,-3.4096998746230975e-5,3.0273445950414603e-5,-1.263184166716618e-5,-9.454120990343415e-6,-0.07670227224451193,-0.09588814904014539,-0.05113251193659385,,,,,,,,,,,,,,
beforeUJ_end,4,24,0.08307749341267405,1.5493918067633826e-5,6.332352241853347e-5,-2.8914619521732835e-5,2.7140828111694287e-5,-1.1878496107352599e-5,-9.613532452587532e-6,-0.08564077810649619,-0.08962256719206708,-0.054280566080335844,,,,,,,,,,,,,,
beforeUJ_end,4,25,0.0830774717312514,1.8987397560763745e-5,7.365909992095682e-5,-2.8595641233572957e-5,2.8701849711346778e-5,-1.3071346054713531e-5,-1.1615650987249891e-5,-0.0939370968451798,-0.08360631051332046,-0.057327661909123,,,,,,,,,,,,,,
beforeUJ_end,4,26,0.08307745046411838,2.4443649003096168e-5,8.805715254132316e-5,-2.793367558128749e-5,3.089558200843059e-5,-1.4905560147349217e-5,-1.441763906902831e-5,-0.10196854055534939,-0.07769859479155353,-0.06035304412158973,,,,,,,,,,,,,,
beforeUJ_end,4,27,0.08307743246727665,3.10376679597784e-5,0.00010016739577484456,-2.4094141060354935e-5,3.121772713216865e-5,-1.6509094075315857e-5,-1.706636812884977e-5,-0.11012781876081698,-0.07181404574871961,-0.06343805191393499,,,,,,,,,,,,,,
beforeUJ_end,4,28,0.08307739669444768,2.9313979658341827e-5,8.701047980409352e-5,-1.3603048195382504e-5,2.367485188819202e-5,-1.3246660331255812e-5,-1.557072127037291e-5,-0.11961715209365432,-0.06546969874387536,-0.06698647689238103,,,,,,,,,,,,,,
beforeUJ_end,4,29,0.08307734702645053,2.9633736515948933e-5,8.12919677973516e-5,-6.592803190438304e-6,1.9061851204119626e-5,-1.1172639633749564e-5,-1.534820558847972e-5,-0.12884848245970845,-0.05936098733721864,-0.07063544576376969,,,,,,,,,,,,,,
beforeUJ_end,4,30,0.08307731456175216,3.5494749104348847e-5,8.464072577564423e-5,-5.988451740464207e-7,1.6626296483871602e-5,-1.1145468197902175e-5,-1.6978654689524987e-5,-0.1376118842682642,-0.05352899039214993,-0.07394852535438602,,,,,,,,,,,,,,
dyn,5,1,0.08307769399539815,3.587163956389619e-5,0.0002574694951595804,0.001784682015932542,0.0003314570296050919,1.2789627833756286e-5,1.184751966678136e-5,0.0,0.0,0.0,3.621792069705768e-8,0.0,2.220446049250313e-16,2.220446049250313e-16,1.810898244196703e-10,2.2093438190040615e-16,819654.3374643375,2,1.0,1.0,0.01445476065871545,-0.16586659999599115,0.008121168003908259,-2.769337131553023e-5
dyn,5,2,0.08307768660806931,1.859294195366716e-5,9.32095059217911e-5,0.0007241371266048999,0.00014160671052652877,6.742981753535664e-6,3.121849756055854e-6,0.0,0.0,0.0,5.505476530822306e-9,0.0,2.220446049250313e-16,2.220446049250313e-16,2.7527603588493433e-11,2.2093438190040615e-16,124596.2866970269,2,1.0,1.0,0.03546179563494248,-0.17234084195673102,0.005080314827609955,-1.172562103960535e-5
dyn,5,3,0.08307768139155347,1.4789525275320124e-5,5.923548103638612e-5,0.00047421951209086733,9.376599448974245e-5,5.39157209032897e-6,1.11593351592054e-6,0.0,0.0,0.0,2.2286183861525577e-9,0.0,2.220446049250313e-16,2.220446049250313e-16,1.114331286514469e-11,2.2093438190040615e-16,50437.20569561656,2,1.0,1.0,0.03819917606568295,-0.17418781620738769,0.004375934959738726,-7.677997662253735e-6
dyn,5,4,0.08307768241565826,1.1433814676855235e-5,4.407662009501949e-5,0.00036332857111714094,7.23346670060454e-5,2.7201238996629625e-6,9.692295961014372e-7,0.0,0.0,0.0,1.295206537684268e-9,0.0,2.220446049250313e-16,2.220446049250313e-16,6.47625362280324e-12,2.2093438190040615e-16,29313.018494887936,2,1.0,1.0,0.037621868146274856,-0.17413984411598368,0.0026791406278837216,-6.271925948173666e-6
dyn,5,5,0.0830776830665996,1.0792168689252646e-5,3.893627058937235e-5,0.00032924975423104794,6.57858751226472e-5,1.5147902064780033e-6,8.866460162166397e-7,0.0,0.0,0.0,1.0576978844105771e-9,0.0,2.220446049250313e-16,2.220446049250313e-16,5.288710356434786e-12,2.2093438190040615e-16,23937.92360855295,2,1.0,1.0,0.0346313640946084,-0.17312740244767327,0.0008125992613288585,-6.0996397578089725e-6
dyn,5,6,0.08307768332787933,9.883346579608411e-6,3.2829430434261944e-5,0.00028513835164123387,5.7113397011211104e-5,6.361524964800572e-7,7.111397354517448e-7,0.0,0.0,0.0,7.857648453833902e-10,0.0,2.220446049250313e-16,2.220446049250313e-16,3.929045161298851e-12,2.2093438190040615e-16,17783.765150097846,2,1.0,1.0,0.03146348186664105,-0.1717752542782992,-0.001144111982234926,-5.6545494694752935e-6
dyn,5,7,0.08307768360070307,9.390821354216518e-6,2.854425962634153e-5,0.0002556092438812578,5.127501189032026e-5,-2.7913427678572368e-8,5.866121754741062e-7,0.0,0.0,0.0,6.287692194857977e-10,0.0,2.220446049250313e-16,2.220446049250313e-16,3.144067031810889e-12,2.2093438190040615e-16,14230.772977780283,2,1.0,1.0,0.0277438949549636,-0.16989804675876136,-0.0032730322690708415,-5.42569329899434e-6
dyn,5,8,0.08307768379712378,9.190208830230445e-6,2.524632419672475e-5,0.000233836009937704,4.6926854096864784e-5,-4.84732738752226e-7,4.61405852460246e-7,0.0,0.0,0.0,5.253424030082686e-10,0.0,2.220446049250313e-16,2.220446049250313e-16,2.626932949423244e-12,2.2093438190040615e-16,11890.10477602995,2,1.0,1.0,0.02346113718943274,-0.16752161471067234,-0.005583869314554562,-5.319401965307896e-6
dyn,5,9,0.08307768391646715,7.737846997352039e-6,1.9050660135941803e-5,0.00018357162364360347,3.685412425115233e-5,-6.996949626253157e-7,2.76918496076043e-7,0.0,0.0,0.0,3.2170827278157675e-10,0.0,2.220446049250313e-16,2.220446049250313e-16,1.6087622982897841e-12,2.2093438190040615e-16,7281.62943427696,2,1.0,1.0,0.019343878504243524,-0.16488801703026856,-0.008144254690802964,-4.4865996576895605e-6
dyn,5,10,0.08307768398186925,4.868394811354432e-6,1.0830349503644548e-5,0.00010910527415663352,2.1896134945652863e-5,-6.658091193024223e-7,1.1991412913805127e-7,0.0,0.0,0.0,1.1213393418355019e-10,0.0,2.220446049250313e-16,2.220446049250313e-16,5.608906052996514e-13,2.2093438190040615e-16,2538.7203226363035,2,1.0,1.0,0.015543681533805453,-0.16212998378401203,-0.010690303360092253,-2.846620089792995e-6
dyn,5,11,0.08307768430741724,2.7005170394246704e-6,5.504265820718429e-6,5.803871843478329e-5,1.1616974382420574e-5,-5.306035910737402e-7,5.0330095101436624e-8,0.0,0.0,0.0,3.1278231229155216e-11,0.0,2.220446049250313e-16,2.220446049250313e-16,1.566120905276765e-13,2.2093438190040615e-16,708.8624648664908,2,1.0,1.0,0.010802612448717823,-0.1588696172308169,-0.01323197083480309,-1.6132545947045426e-6
dyn,5,12,0.0830776850000488,1.7071887910822255e-6,3.173833729582983e-6,3.535407831234961e-5,7.0514653897945955e-6,-4.423482621325606e-7,2.6507383661891037e-8,0.0,0.0,0.0,1.1536672796548582e-11,0.0,2.220446049250313e-16,2.220446049250313e-16,5.790429836464332e-14,2.2093438190040615e-16,262.0882176262891,2,1.0,1.0,0.005056315994707071,-0.1549320613683124,-0.016140482411141337,-1.053728395336829e-6
dyn,5,13,0.08307768509040214,1.3572721228875112e-6,2.2625114563828974e-6,2.6826814882218584e-5,5.327418257962391e-6,-4.131698048990347e-7,1.0269299191709162e-8,0.0,0.0,0.0,6.551733117485251e-12,0.0,2.220446049250313e-16,2.220446049250313e-16,3.297959996932666e-14,2.2093438190040615e-16,149.2732805353644,2,1.0,1.0,-0.0015232442832510988,-0.15059559793655014,-0.018972443553538422,-8.517619536883984e-7
dyn,5,14,0.08307753561916209,2.6044298506955564e-7,3.5145600196859553e-6,-4.064790733016954e-6,-2.926586056787237e-6,5.13514755710294e-7,4.449009974107388e-7,0.0,0.0,0.0,-7.635622506491607e-13,0.0,-2.2093438190040615e-16,2.2093438190040615e-16,-4.037640963236708e-15,2.1982970999090413e-16,18.36713046386575,2,-1.0,1.0,-0.0076400968099958185,-0.14629261616662415,-0.021627836791915427,-4.2823135900691525e-7
dyn,5,15,0.08307754043662662,1.3272677389615618e-6,1.3477860280824057e-5,-1.4588938876056563e-5,-1.066838715431441e-5,2.2373931873340087e-6,1.6819330364546982e-6,0.0,0.0,0.0,-8.516525132214955e-12,0.0,-2.220446049250313e-16,2.220446049250313e-16,-4.2803560042975187e-14,2.2093438190040615e-16,193.73879101474745,2,-1.0,1.0,-0.013810729917685127,-0.14146330713363173,-0.024918090808218874,-1.5614247209725123e-6
dyn,5,16,0.08307753850952451,4.838323045767542e-7,4.34863568507781e-6,-4.357612187698238e-6,-3.255248586296618e-6,7.482894981979236e-7,5.487112700167491e-7,0.0,0.0,0.0,-7.098908478122262e-13,0.0,-2.2093438190040615e-16,2.2093438190040615e-16,-3.769283949052036e-15,2.1982970999090413e-16,17.14638093826352,2,-1.0,1.0,-0.022387205701643036,-0.135911646250581,-0.028228019053388478,-4.788551283689843e-7
dyn,5,17,0.08307753223017036,2.5300158041462793e-6,2.1022465805048104e-5,-1.9700443170150304e-5,-1.4908802295530094e-5,3.6491867613032178e-6,2.7154224894730675e-6,0.0,0.0,0.0,-1.4456129075785558e-11,0.0,-2.220446049250313e-16,2.220446049250313e-16,-7.25015797608282e-14,2.2093438190040615e-16,328.1588820046615,2,-1.0,1.0,-0.029029028262442136,-0.13072215898447415,-0.03165490404895138,-2.1979303792232295e-6
dyn,5,18,0.08307753074320368,4.8728990766235145e-6,3.5552554667154025e-5,-3.093771927805756e-5,-2.3786111300525385e-5,6.433051577106814e-6,4.64994304148514e-6,0.0,0.0,0.0,-3.0961370794314773e-11,0.0,-2.220446049250313e-16,2.220446049250313e-16,-1.5502778835347427e-13,2.2093438190040615e-16,701.6915475987728,2,-1.0,1.0,-0.035895675011862097,-0.12535932819655374,-0.035026836739380396,-3.5481099281244566e-6
dyn,5,19,0.08307752909817939,6.309159800715926e-6,4.13014942607413e-5,-3.312149098626486e-5,-2.595977258767011e-5,7.674695751884306e-6,5.487939881189687e-6,0.0,0.0,0.0,-2.849097229724451e-11,0.0,-2.220446049250313e-16,2.220446049250313e-16,-1.4267579586812296e-13,2.2093438190040615e-16,645.7835790014749,2,-1.0,1.0,-0.04361533248294034,-0.11967775856102171,-0.038290894147384534,-3.94979485538403e-6
dyn,5,20,0.08307753015212578,1.0427578952336525e-5,5.907657751105569e-5,-4.339881965076856e-5,-3.473937469402489e-5,1.1536306899650048e-5,7.94845304243835e-6,0.0,0.0,0.0,-2.559849714846921e-11,0.0,-2.220446049250313e-16,2.220446049250313e-16,-1.2821342012424646e-13,2.2093438190040615e-16,580.323528739149,2,-1.0,1.0,-0.050659481387309184,-0.11412543895130925,-0.0416984635366308,-5.460731983300474e-6
dyn,5,21,0.08307752617364253,9.7473956439514e-6,4.991762371006291e-5,-3.312620183308934e-5,-2.7308800986602817e-5,9.874289386946807e-6,6.870904227485224e-6,0.0,0.0,0.0,-8.928992140558607e-13,0.0,-2.220446049250313e-16,2.220446049250313e-16,-4.68543045217971e-15,2.2093438190040615e-16,21.207339536187856,2,-1.0,1.0,-0.06008441298920553,-0.10788734547757853,-0.0447506118683069,-4.488728659163904e-6
dyn,5,22,0.0830775183684807,1.3032156376722623e-5,6.14994240927363e-5,-3.682472011033996e-5,-3.1216009097427734e-5,1.2114455590240836e-5,8.709492452166126e-6,0.0,0.0,0.0,1.7443021603447456e-11,0.0,-2.220446049250313e-16,2.220446049250313e-16,8.699417363533688e-14,2.2093438190040615e-16,393.7557065000074,2,1.0,1.0,-0.06807733812976706,-0.10202549497940762,-0.04790032133718142,-5.397787773791023e-6
dyn,5,23,0.08307750965564935,1.4916550267689783e-5,6.458069945669857e-5,-3.4096998746230975e-5,-3.0162621876201197e-5,1.2604706197010778e-5,9.42720151736002e-6,0.0,0.0,0.0,4.2531221312844245e-11,0.0,-2.220446049250313e-16,2.220446049250313e-16,2.1243517218232081e-13,2.2093438190040615e-16,961.5306153574745,2,1.0,1.0,-0.07670227224451193,-0.09588814904014539,-0.05113251193659385,-5.593191838808357e-6
dyn,5,24,0.08307749341267405,1.5493918067633826e-5,6.332352241853347e-5,-2.8914619521732835e-5,-2.704155525052517e-5,1.185319091561086e-5,9.585801553898488e-6,0.0,0.0,0.0,5.4273045397618157e-11,0.0,-2.220446049250313e-16,2.220446049250313e-16,2.711442926061904e-13,2.2093438190040615e-16,1227.2616433616843,2,1.0,1.0,-0.08564077810649619,-0.08962256719206708,-0.054280566080335844,-5.432625926386654e-6
dyn,5,25,0.0830774717312514,1.8987397560763745e-5,7.365909992095682e-5,-2.8595641233572957e-5,-2.8596988167455992e-5,1.3043873309201315e-5,1.1581759187362257e-5,0.0,0.0,0.0,8.636986422690722e-11,0.0,-2.220446049250313e-16,2.220446049250313e-16,4.3162838675263573e-13,2.2093438190040615e-16,1953.6496901926619,2,1.0,1.0,-0.0939370968451798,-0.08360631051332046,-0.057327661909123,-6.302665330913762e-6
dyn,5,26,0.08307745046411838,2.4443649003096168e-5,8.805715254132316e-5,-2.793367558128749e-5,-3.078290016564298e-5,1.487468760495958e-5,1.4375069381087723e-5,0.0,0.0,0.0,1.553602208265083e-10,0.0,-2.220446049250313e-16,2.220446049250313e-16,7.765801697506411e-13,2.2093438190040615e-16,3514.9810684545764,2,1.0,1.0,-0.10196854055534939,-0.07769859479155353,-0.06035304412158973,-7.648517873663605e-6
dyn,5,27,0.08307743246727665,3.10376679597784e-5,0.00010016739577484456,-2.4094141060354935e-5,-3.110416756845462e-5,1.6475394104292807e-5,1.7015265628946657e-5,0.0,0.0,0.0,2.7410350153380714e-10,0.0,-2.220446049250313e-16,2.220446049250313e-16,1.3702965732871353e-12,2.2093438190040615e-16,6202.2785294904625,2,1.0,1.0,-0.11012781876081698,-0.07181404574871961,-0.06343805191393499,-9.08305124312921e-6
dyn,5,28,0.08307739669444768,2.9313979658341827e-5,8.701047980409352e-5,-1.3603048195382504e-5,-2.358908128349105e-5,1.3220473899670596e-5,1.5523549084655477e-5,0.0,0.0,0.0,2.4691935495670297e-10,0.0,-2.220446049250313e-16,2.220446049250313e-16,1.2343758404016145e-12,2.2093438190040615e-16,5587.069924490305,2,1.0,1.0,-0.11961715209365432,-0.06546969874387536,-0.06698647689238103,-8.291784389990281e-6
dyn,5,29,0.08307734702645053,2.9633736515948933e-5,8.12919677973516e-5,-6.592803190438304e-6,-1.8993136707997752e-5,1.1151619089648284e-5,1.5301227941825728e-5,0.0,0.0,0.0,2.4209300231517815e-10,0.0,-2.220446049250313e-16,2.220446049250313e-16,1.2102440771939904e-12,2.2093438190040615e-16,5477.843995053472,2,1.0,1.0,-0.12884848245970845,-0.05936098733721864,-0.07063544576376969,-8.178147858537629e-6
dyn,5,30,0.08307731456175216,3.5494749104348847e-5,8.464072577564423e-5,-5.988451740464207e-7,-1.656675842104561e-5,1.112537922502792e-5,1.692595164028982e-5,0.0,0.0,0.0,3.4246074041017753e-10,0.0,-2.220446049250313e-16,2.220446049250313e-16,1.7120827676689873e-12,2.2093438190040615e-16,7749.281723117084,2,1.0,1.0,-0.1376118842682642,-0.05352899039214993,-0.07394852535438602,-9.370948185171462e-6
clip-fired,5,1,0.08307769399539815,3.587163956389619e-5,0.0002574694951595804,0.001784682015932542,,,,,,,,,,,,,,,0.0,0.01445476065871545,-0.16586659999599115,0.008121168003908259,-2.769337131553023e-5
clip-fired,5,2,0.08307768660806931,1.859294195366716e-5,9.32095059217911e-5,0.0007241371266048999,,,,,,,,,,,,,,,0.0,0.03546179563494248,-0.17234084195673102,0.005080314827609955,-1.172562103960535e-5
clip-fired,5,3,0.08307768139155347,1.4789525275320124e-5,5.923548103638612e-5,0.00047421951209086733,,,,,,,,,,,,,,,0.0,0.03819917606568295,-0.17418781620738769,0.004375934959738726,-7.677997662253735e-6
clip-fired,5,4,0.08307768241565826,1.1433814676855235e-5,4.407662009501949e-5,0.00036332857111714094,,,,,,,,,,,,,,,0.0,0.037621868146274856,-0.17413984411598368,0.0026791406278837216,-6.271925948173666e-6
clip-fired,5,5,0.0830776830665996,1.0792168689252646e-5,3.893627058937235e-5,0.00032924975423104794,,,,,,,,,,,,,,,0.0,0.0346313640946084,-0.17312740244767327,0.0008125992613288585,-6.0996397578089725e-6
clip-fired,5,6,0.08307768332787933,9.883346579608411e-6,3.2829430434261944e-5,0.00028513835164123387,,,,,,,,,,,,,,,0.0,0.03146348186664105,-0.1717752542782992,-0.001144111982234926,-5.6545494694752935e-6
clip-fired,5,7,0.08307768360070307,9.390821354216518e-6,2.854425962634153e-5,0.0002556092438812578,,,,,,,,,,,,,,,0.0,0.0277438949549636,-0.16989804675876136,-0.0032730322690708415,-5.42569329899434e-6
clip-fired,5,8,0.08307768379712378,9.190208830230445e-6,2.524632419672475e-5,0.000233836009937704,,,,,,,,,,,,,,,0.0,0.02346113718943274,-0.16752161471067234,-0.005583869314554562,-5.319401965307896e-6
clip-fired,5,9,0.08307768391646715,7.737846997352039e-6,1.9050660135941803e-5,0.00018357162364360347,,,,,,,,,,,,,,,0.0,0.019343878504243524,-0.16488801703026856,-0.008144254690802964,-4.4865996576895605e-6
clip-fired,5,10,0.08307768398186925,4.868394811354432e-6,1.0830349503644548e-5,0.00010910527415663352,,,,,,,,,,,,,,,0.0,0.015543681533805453,-0.16212998378401203,-0.010690303360092253,-2.846620089792995e-6
clip-fired,5,11,0.08307768430741724,2.7005170394246704e-6,5.504265820718429e-6,5.803871843478329e-5,,,,,,,,,,,,,,,0.0,0.010802612448717823,-0.1588696172308169,-0.01323197083480309,-1.6132545947045426e-6
clip-fired,5,12,0.0830776850000488,1.7071887910822255e-6,3.173833729582983e-6,3.535407831234961e-5,,,,,,,,,,,,,,,0.0,0.005056315994707071,-0.1549320613683124,-0.016140482411141337,-1.053728395336829e-6
clip-fired,5,13,0.08307768509040214,1.3572721228875112e-6,2.2625114563828974e-6,2.6826814882218584e-5,,,,,,,,,,,,,,,0.0,-0.0015232442832510988,-0.15059559793655014,-0.018972443553538422,-8.517619536883984e-7
clip-fired,5,14,0.08307753561916209,2.6044298506955564e-7,3.5145600196859553e-6,-4.064790733016954e-6,,,,,,,,,,,,,,,0.0,-0.0076400968099958185,-0.14629261616662415,-0.021627836791915427,-4.2823135900691525e-7
clip-fired,5,15,0.08307754043662662,1.3272677389615618e-6,1.3477860280824057e-5,-1.4588938876056563e-5,,,,,,,,,,,,,,,0.0,-0.013810729917685127,-0.14146330713363173,-0.024918090808218874,-1.5614247209725123e-6
clip-fired,5,16,0.08307753850952451,4.838323045767542e-7,4.34863568507781e-6,-4.357612187698238e-6,,,,,,,,,,,,,,,0.0,-0.022387205701643036,-0.135911646250581,-0.028228019053388478,-4.788551283689843e-7
clip-fired,5,17,0.08307753223017036,2.5300158041462793e-6,2.1022465805048104e-5,-1.9700443170150304e-5,,,,,,,,,,,,,,,0.0,-0.029029028262442136,-0.13072215898447415,-0.03165490404895138,-2.1979303792232295e-6
clip-fired,5,18,0.08307753074320368,4.8728990766235145e-6,3.5552554667154025e-5,-3.093771927805756e-5,,,,,,,,,,,,,,,0.0,-0.035895675011862097,-0.12535932819655374,-0.035026836739380396,-3.5481099281244566e-6
clip-fired,5,19,0.08307752909817939,6.309159800715926e-6,4.13014942607413e-5,-3.312149098626486e-5,,,,,,,,,,,,,,,0.0,-0.04361533248294034,-0.11967775856102171,-0.038290894147384534,-3.94979485538403e-6
clip-fired,5,20,0.08307753015212578,1.0427578952336525e-5,5.907657751105569e-5,-4.339881965076856e-5,,,,,,,,,,,,,,,0.0,-0.050659481387309184,-0.11412543895130925,-0.0416984635366308,-5.460731983300474e-6
clip-fired,5,21,0.08307752617364253,9.7473956439514e-6,4.991762371006291e-5,-3.312620183308934e-5,,,,,,,,,,,,,,,0.0,-0.06008441298920553,-0.10788734547757853,-0.0447506118683069,-4.488728659163904e-6
clip-fired,5,22,0.0830775183684807,1.3032156376722623e-5,6.14994240927363e-5,-3.682472011033996e-5,,,,,,,,,,,,,,,0.0,-0.06807733812976706,-0.10202549497940762,-0.04790032133718142,-5.397787773791023e-6
clip-fired,5,23,0.08307750965564935,1.4916550267689783e-5,6.458069945669857e-5,-3.4096998746230975e-5,,,,,,,,,,,,,,,0.0,-0.07670227224451193,-0.09588814904014539,-0.05113251193659385,-5.593191838808357e-6
clip-fired,5,24,0.08307749341267405,1.5493918067633826e-5,6.332352241853347e-5,-2.8914619521732835e-5,,,,,,,,,,,,,,,0.0,-0.08564077810649619,-0.08962256719206708,-0.054280566080335844,-5.432625926386654e-6
clip-fired,5,25,0.0830774717312514,1.8987397560763745e-5,7.365909992095682e-5,-2.8595641233572957e-5,,,,,,,,,,,,,,,0.0,-0.0939370968451798,-0.08360631051332046,-0.057327661909123,-6.302665330913762e-6
clip-fired,5,26,0.08307745046411838,2.4443649003096168e-5,8.805715254132316e-5,-2.793367558128749e-5,,,,,,,,,,,,,,,0.0,-0.10196854055534939,-0.07769859479155353,-0.06035304412158973,-7.648517873663605e-6
clip-fired,5,27,0.08307743246727665,3.10376679597784e-5,0.00010016739577484456,-2.4094141060354935e-5,,,,,,,,,,,,,,,0.0,-0.11012781876081698,-0.07181404574871961,-0.06343805191393499,-9.08305124312921e-6
clip-fired,5,28,0.08307739669444768,2.9313979658341827e-5,8.701047980409352e-5,-1.3603048195382504e-5,,,,,,,,,,,,,,,0.0,-0.11961715209365432,-0.06546969874387536,-0.06698647689238103,-8.291784389990281e-6
clip-fired,5,29,0.08307734702645053,2.9633736515948933e-5,8.12919677973516e-5,-6.592803190438304e-6,,,,,,,,,,,,,,,0.0,-0.12884848245970845,-0.05936098733721864,-0.07063544576376969,-8.178147858537629e-6
clip-fired,5,30,0.08307731456175216,3.5494749104348847e-5,8.464072577564423e-5,-5.988451740464207e-7,,,,,,,,,,,,,,,0.0,-0.1376118842682642,-0.05352899039214993,-0.07394852535438602,-9.370948185171462e-6
beforeUJ_end,5,1,0.08307779726397634,6.264747507805884e-5,0.00037438093606641156,0.0017631123853331808,-0.0004687036443491995,-3.4527729866958656e-5,-3.5043824293162376e-5,0.057843935267822555,-0.3760224881746072,0.0030058501582800727,,,,,,,,,,,,,,
beforeUJ_end,5,2,0.0830777823364688,2.8649761138845212e-5,0.000140805503762224,0.0007160718096591812,-0.0001988299162537593,-1.3612749860477732e-5,-1.2175123612155184e-5,0.08541962058692841,-0.38836658925588713,-0.004156180798575973,,,,,,,,,,,,,,
beforeUJ_end,5,3,0.08307777181161578,2.1062109686167927e-5,9.013905803343735e-5,0.0004690864132898162,-0.00013183467921002736,-8.950492647259129e-6,-6.749120069677986e-6,0.08773254157657075,-0.394149141265783,-0.0062222559491046355,,,,,,,,,,,,,,
beforeUJ_end,5,4,0.08307777201771385,1.66042896424813e-5,6.759733724958522e-5,0.00035949332662148405,-0.00010172976796236715,-4.923967145264052e-6,-5.227253329649689e-6,0.08572480411979325,-0.3963341044339416,-0.010540468977220194,,,,,,,,,,,,,,
beforeUJ_end,5,5,0.08307777222974098,1.5746851831500307e-5,6.012264457218152e-5,0.0003258446530889692,-9.25451506178705e-5,-3.030778642425008e-6,-4.686743452089169e-6,0.08013184277020614,-0.3965802070010496,-0.015269018486748397,,,,,,,,,,,,,,
beforeUJ_end,5,6,0.08307777170378683,1.438017832463504e-5,5.107042563404015e-5,0.0002822481244702578,-8.036339052550778e-5,-1.5226518432840717e-6,-3.930601167537168e-6,0.07402296439841419,-0.3960588631023932,-0.020153523476390864,,,,,,,,,,,,,,
beforeUJ_end,5,7,0.08307777166222646,1.3608767482051272e-5,4.482801883435343e-5,0.00025306919602724747,-7.21206235797741e-5,-3.740813446821906e-7,-3.4223583445899e-6,0.0671491798045089,-0.39438883837299393,-0.025460161891603654,,,,,,,,,,,,,,
beforeUJ_end,5,8,0.08307777177170282,1.3207341790747288e-5,4.0095386972154944e-5,0.00023155735455413013,-6.595601132370305e-5,4.817083065752212e-7,-3.0072483832652116e-6,0.059324870289909404,-0.39160138817652074,-0.031161145317432012,,,,,,,,,,,,,,
beforeUJ_end,5,9,0.08307777139358093,1.1018335609015302e-5,3.067667194915559e-5,0.00018182061962421234,-5.174800372911709e-5,9.786687883503764e-7,-2.2197818480787213e-6,0.051316285161999105,-0.38812385387092024,-0.037311827234361,,,,,,,,,,,,,,
beforeUJ_end,5,10,0.08307777036241182,6.914005500294217e-6,1.7726557798092786e-5,0.00010808734577590744,-3.07097130924582e-5,9.953594331113208e-7,-1.2357301384561337e-6,0.043561006855501266,-0.3842665392314485,-0.0433648162751109,,,,,,,,,,,,,,
beforeUJ_end,5,11,0.08307776951851838,3.855944539341024e-6,9.166988559604583e-6,5.750797033571802e-5,-1.6273432118055685e-5,7.881292876985703e-7,-6.236144562527522e-7,0.03437482570633703,-0.3793055402657566,-0.04939768950707446,,,,,,,,,,,,,,
beforeUJ_end,5,12,0.08307776977079981,2.458453441980503e-6,5.405580612358812e-6,3.50375389152613e-5,-9.85839344427024e-6,6.479278289097756e-7,-3.6624197330927813e-7,0.02374238417260631,-0.3727849859976834,-0.05628212237489334,,,,,,,,,,,,,,
beforeUJ_end,5,13,0.08307776876612949,1.9629343974703155e-6,3.960411395584199e-6,2.6591319145720088e-5,-7.43037854788057e-6,6.05239469554511e-7,-2.585635834099612e-7,0.011701154774402473,-0.36534397339483765,-0.06294174407370536,,,,,,,,,,,,,,
beforeUJ_end,5,14,0.08307729071313617,6.58715902364763e-7,4.869869987150283e-6,-2.1893583816232844e-6,4.14499121472879e-6,-1.096279028406501e-6,-1.0293583159503302e-6,3.371214502934008e-5,-0.3577661942954118,-0.06909941989019562,,,,,,,,,,,,,,
beforeUJ_end,5,15,0.08307734080170126,2.892343817484088e-6,1.82304802341103e-5,-7.452467980338277e-6,1.478578696651606e-5,-4.507241211567946e-6,-3.842579366765536e-6,-0.011589406192635304,-0.3487566307785204,-0.07674975652494845,,,,,,,,,,,,,,
beforeUJ_end,5,16,0.08307736550293272,9.881248425772782e-7,5.729548484860858e-6,-2.0807966376192815e-6,4.403400912834187e-6,-1.4545162638063909e-6,-1.228053796396778e-6,-0.026723848180146746,-0.3382692907904693,-0.08440849465814165,,,,,,,,,,,,,,
beforeUJ_end,5,17,0.08307737154638674,4.979526323345921e-6,2.7092369286489172e-5,-8.81288262121153e-6,1.9741023152076813e-5,-6.930124740863489e-6,-5.955455927086894e-6,-0.03982896516710801,-0.3280330407291006,-0.09214646041201938,,,,,,,,,,,,,,
beforeUJ_end,5,18,0.0830774023686381,9.038708045701387e-6,4.473261314701962e-5,-1.273502692933528e-5,3.075142309934084e-5,-1.1817592030078186e-5,-9.999419788853359e-6,-0.05307696381581474,-0.31717957408344893,-0.09976948472813774,,,,,,,,,,,,,,
beforeUJ_end,5,19,0.08307743561964676,1.1143192963238231e-5,5.067773020860833e-5,-1.2258141481982424e-5,3.270717441164798e-5,-1.3662446427458904e-5,-1.154909539638644e-5,-0.06733248939593768,-0.3055219570180113,-0.10714587350705415,,,,,,,,,,,,,,
beforeUJ_end,5,20,0.08307748623694056,1.7335367834964642e-5,7.061713960099739e-5,-1.3962471241828084e-5,4.255230740110217e-5,-1.9799962039085667e-5,-1.635977878275267e-5,-0.08100319385520241,-0.29365674974091893,-0.11473296749331734,,,,,,,,,,,,,,
beforeUJ_end,5,21,0.083077523245046,1.550970742598405e-5,5.8034797233513506e-5,-8.691271914099417e-6,3.243334708368704e-5,-1.642327254943691e-5,-1.3776704831301449e-5,-0.09771871814969019,-0.2805871716734417,-0.12151638246557535,,,,,,,,,,,,,,
beforeUJ_end,5,22,0.08307754810551825,2.0066614001546266e-5,6.966003321329546e-5,-7.2718512610310055e-6,3.595916545039262e-5,-1.962977674769879e-5,-1.701813694071611e-5,-0.11285750989677308,-0.26769217271251294,-0.1283606870594752,,,,,,,,,,,,,,
beforeUJ_end,5,23,0.08307757985323194,2.2168056750485925e-5,7.106487768506693e-5,-3.7573312169881784e-6,3.353524321289846e-5,-1.9837126676328098e-5,-1.790092162807747e-5,-0.12872480295907407,-0.25408280822435947,-0.13537955152982598,,,,,,,,,,,,,,
beforeUJ_end,5,24,0.0830775915428888,2.2471694070765826e-5,6.768295674595863e-5,4.255129666384433e-8,2.895399737125796e-5,-1.82049100061423e-5,-1.76709037452577e-5,-0.14500565355885828,-0.24005665185055405,-0.14215148521794665,,,,,,,,,,,,,,
beforeUJ_end,5,25,0.08307759216651067,2.7006367827916863e-5,7.653425331671813e-5,4.125673769559759e-6,2.9438497756249024e-5,-1.9611294529537714e-5,-2.0742424882254897e-5,-0.1606692689049205,-0.22610157391502617,-0.1485477848757694,,,,,,,,,,,,,,
beforeUJ_end,5,26,0.0830776073617913,3.388661095719066e-5,8.879499633994581e-5,9.945953211212172e-6,3.0288095213934432e-5,-2.1812011016570157e-5,-2.4984371288628508e-5,-0.175996830658661,-0.21203655416630263,-0.1548232727320145,,,,,,,,,,,,,,
beforeUJ_end,5,27,0.08307765112179961,4.1482131393251294e-5,9.77321456564052e-5,1.746169266017168e-5,2.894854085485805e-5,-2.3401211871985764e-5,-2.8619330989250624e-5,-0.1915385718763891,-0.19781221022347303,-0.1612328589771415,,,,,,,,,,,,,,
beforeUJ_end,5,28,0.0830776615848108,3.816974949584891e-5,8.199404714432626e-5,2.085935755712436e-5,2.0493121934010674e-5,-1.8311167520970784e-5,-2.5241142378560555e-5,-0.2089975696729343,-0.18299546601452663,-0.16891305260388442,,,,,,,,,,,,,,
beforeUJ_end,5,29,0.08307764430364951,3.794437459443446e-5,7.420087379368921e-5,2.4173428152832517e-5,1.5224957114327755e-5,-1.5225609582283157e-5,-2.4154666321993945e-5,-0.22667098819403006,-0.16840271097434972,-0.17679516659049974,,,,,,,,,,,,,,
beforeUJ_end,5,30,0.08307769069459496,4.408117439779595e-5,7.466853117707555e-5,3.0093129602836822e-5,1.1836014234676436e-5,-1.4860992638989916e-5,-2.590290115013731e-5,-0.24392690582079926,-0.15396830480981183,-0.18386908999284174,,,,,,,,,,,,,,
beforeUJ_end,5,1,0.08307779726397634,6.264747507805884e-5,0.00037438093606641156,0.0017631123853331808,-0.0004687036443491995,-3.4527729866958656e-5,-3.5043824293162376e-5,0.057843935267822555,-0.3760224881746072,0.0030058501582800727,,,,,,,,,,,,,,
beforeUJ_end,5,2,0.0830777823364688,2.8649761138845212e-5,0.000140805503762224,0.0007160718096591812,-0.0001988299162537593,-1.3612749860477732e-5,-1.2175123612155184e-5,0.08541962058692841,-0.38836658925588713,-0.004156180798575973,,,,,,,,,,,,,,
beforeUJ_end,5,3,0.08307777181161578,2.1062109686167927e-5,9.013905803343735e-5,0.0004690864132898162,-0.00013183467921002736,-8.950492647259129e-6,-6.749120069677986e-6,0.08773254157657075,-0.394149141265783,-0.0062222559491046355,,,,,,,,,,,,,,
beforeUJ_end,5,4,0.08307777201771385,1.66042896424813e-5,6.759733724958522e-5,0.00035949332662148405,-0.00010172976796236715,-4.923967145264052e-6,-5.227253329649689e-6,0.08572480411979325,-0.3963341044339416,-0.010540468977220194,,,,,,,,,,,,,,
beforeUJ_end,5,5,0.08307777222974098,1.5746851831500307e-5,6.012264457218152e-5,0.0003258446530889692,-9.25451506178705e-5,-3.030778642425008e-6,-4.686743452089169e-6,0.08013184277020614,-0.3965802070010496,-0.015269018486748397,,,,,,,,,,,,,,
beforeUJ_end,5,6,0.08307777170378683,1.438017832463504e-5,5.107042563404015e-5,0.0002822481244702578,-8.036339052550778e-5,-1.5226518432840717e-6,-3.930601167537168e-6,0.07402296439841419,-0.3960588631023932,-0.020153523476390864,,,,,,,,,,,,,,
beforeUJ_end,5,7,0.08307777166222646,1.3608767482051272e-5,4.482801883435343e-5,0.00025306919602724747,-7.21206235797741e-5,-3.740813446821906e-7,-3.4223583445899e-6,0.0671491798045089,-0.39438883837299393,-0.025460161891603654,,,,,,,,,,,,,,
beforeUJ_end,5,8,0.08307777177170282,1.3207341790747288e-5,4.0095386972154944e-5,0.00023155735455413013,-6.595601132370305e-5,4.817083065752212e-7,-3.0072483832652116e-6,0.059324870289909404,-0.39160138817652074,-0.031161145317432012,,,,,,,,,,,,,,
beforeUJ_end,5,9,0.08307777139358093,1.1018335609015302e-5,3.067667194915559e-5,0.00018182061962421234,-5.174800372911709e-5,9.786687883503764e-7,-2.2197818480787213e-6,0.051316285161999105,-0.38812385387092024,-0.037311827234361,,,,,,,,,,,,,,
beforeUJ_end,5,10,0.08307777036241182,6.914005500294217e-6,1.7726557798092786e-5,0.00010808734577590744,-3.07097130924582e-5,9.953594331113208e-7,-1.2357301384561337e-6,0.043561006855501266,-0.3842665392314485,-0.0433648162751109,,,,,,,,,,,,,,
beforeUJ_end,5,11,0.08307776951851838,3.855944539341024e-6,9.166988559604583e-6,5.750797033571802e-5,-1.6273432118055685e-5,7.881292876985703e-7,-6.236144562527522e-7,0.03437482570633703,-0.3793055402657566,-0.04939768950707446,,,,,,,,,,,,,,
beforeUJ_end,5,12,0.08307776977079981,2.458453441980503e-6,5.405580612358812e-6,3.50375389152613e-5,-9.85839344427024e-6,6.479278289097756e-7,-3.6624197330927813e-7,0.02374238417260631,-0.3727849859976834,-0.05628212237489334,,,,,,,,,,,,,,
beforeUJ_end,5,13,0.08307776876612949,1.9629343974703155e-6,3.960411395584199e-6,2.6591319145720088e-5,-7.43037854788057e-6,6.05239469554511e-7,-2.585635834099612e-7,0.011701154774402473,-0.36534397339483765,-0.06294174407370536,,,,,,,,,,,,,,
beforeUJ_end,5,14,0.08307729071313617,6.58715902364763e-7,4.869869987150283e-6,-2.1893583816232844e-6,4.14499121472879e-6,-1.096279028406501e-6,-1.0293583159503302e-6,3.371214502934008e-5,-0.3577661942954118,-0.06909941989019562,,,,,,,,,,,,,,
beforeUJ_end,5,15,0.08307734080170126,2.892343817484088e-6,1.82304802341103e-5,-7.452467980338277e-6,1.478578696651606e-5,-4.507241211567946e-6,-3.842579366765536e-6,-0.011589406192635304,-0.3487566307785204,-0.07674975652494845,,,,,,,,,,,,,,
beforeUJ_end,5,16,0.08307736550293272,9.881248425772782e-7,5.729548484860858e-6,-2.0807966376192815e-6,4.403400912834187e-6,-1.4545162638063909e-6,-1.228053796396778e-6,-0.026723848180146746,-0.3382692907904693,-0.08440849465814165,,,,,,,,,,,,,,
beforeUJ_end,5,17,0.08307737154638674,4.979526323345921e-6,2.7092369286489172e-5,-8.81288262121153e-6,1.9741023152076813e-5,-6.930124740863489e-6,-5.955455927086894e-6,-0.03982896516710801,-0.3280330407291006,-0.09214646041201938,,,,,,,,,,,,,,
beforeUJ_end,5,18,0.0830774023686381,9.038708045701387e-6,4.473261314701962e-5,-1.273502692933528e-5,3.075142309934084e-5,-1.1817592030078186e-5,-9.999419788853359e-6,-0.05307696381581474,-0.31717957408344893,-0.09976948472813774,,,,,,,,,,,,,,
beforeUJ_end,5,19,0.08307743561964676,1.1143192963238231e-5,5.067773020860833e-5,-1.2258141481982424e-5,3.270717441164798e-5,-1.3662446427458904e-5,-1.154909539638644e-5,-0.06733248939593768,-0.3055219570180113,-0.10714587350705415,,,,,,,,,,,,,,
beforeUJ_end,5,20,0.08307748623694056,1.7335367834964642e-5,7.061713960099739e-5,-1.3962471241828084e-5,4.255230740110217e-5,-1.9799962039085667e-5,-1.635977878275267e-5,-0.08100319385520241,-0.29365674974091893,-0.11473296749331734,,,,,,,,,,,,,,
beforeUJ_end,5,21,0.083077523245046,1.550970742598405e-5,5.8034797233513506e-5,-8.691271914099417e-6,3.243334708368704e-5,-1.642327254943691e-5,-1.3776704831301449e-5,-0.09771871814969019,-0.2805871716734417,-0.12151638246557535,,,,,,,,,,,,,,
beforeUJ_end,5,22,0.08307754810551825,2.0066614001546266e-5,6.966003321329546e-5,-7.2718512610310055e-6,3.595916545039262e-5,-1.962977674769879e-5,-1.701813694071611e-5,-0.11285750989677308,-0.26769217271251294,-0.1283606870594752,,,,,,,,,,,,,,
beforeUJ_end,5,23,0.08307757985323194,2.2168056750485925e-5,7.106487768506693e-5,-3.7573312169881784e-6,3.353524321289846e-5,-1.9837126676328098e-5,-1.790092162807747e-5,-0.12872480295907407,-0.25408280822435947,-0.13537955152982598,,,,,,,,,,,,,,
beforeUJ_end,5,24,0.0830775915428888,2.2471694070765826e-5,6.768295674595863e-5,4.255129666384433e-8,2.895399737125796e-5,-1.82049100061423e-5,-1.76709037452577e-5,-0.14500565355885828,-0.24005665185055405,-0.14215148521794665,,,,,,,,,,,,,,
beforeUJ_end,5,25,0.08307759216651067,2.7006367827916863e-5,7.653425331671813e-5,4.125673769559759e-6,2.9438497756249024e-5,-1.9611294529537714e-5,-2.0742424882254897e-5,-0.1606692689049205,-0.22610157391502617,-0.1485477848757694,,,,,,,,,,,,,,
beforeUJ_end,5,26,0.0830776073617913,3.388661095719066e-5,8.879499633994581e-5,9.945953211212172e-6,3.0288095213934432e-5,-2.1812011016570157e-5,-2.4984371288628508e-5,-0.175996830658661,-0.21203655416630263,-0.1548232727320145,,,,,,,,,,,,,,
beforeUJ_end,5,27,0.08307765112179961,4.1482131393251294e-5,9.77321456564052e-5,1.746169266017168e-5,2.894854085485805e-5,-2.3401211871985764e-5,-2.8619330989250624e-5,-0.1915385718763891,-0.19781221022347303,-0.1612328589771415,,,,,,,,,,,,,,
beforeUJ_end,5,28,0.0830776615848108,3.816974949584891e-5,8.199404714432626e-5,2.085935755712436e-5,2.0493121934010674e-5,-1.8311167520970784e-5,-2.5241142378560555e-5,-0.2089975696729343,-0.18299546601452663,-0.16891305260388442,,,,,,,,,,,,,,
beforeUJ_end,5,29,0.08307764430364951,3.794437459443446e-5,7.420087379368921e-5,2.4173428152832517e-5,1.5224957114327755e-5,-1.5225609582283157e-5,-2.4154666321993945e-5,-0.22667098819403006,-0.16840271097434972,-0.17679516659049974,,,,,,,,,,,,,,
beforeUJ_end,5,30,0.08307769069459496,4.408117439779595e-5,7.466853117707555e-5,3.0093129602836822e-5,1.1836014234676436e-5,-1.4860992638989916e-5,-2.590290115013731e-5,-0.24392690582079926,-0.15396830480981183,-0.18386908999284174,,,,,,,,,,,,,,
dyn,6,1,0.08307779726397634,6.264747507805884e-5,0.00037438093606641156,0.0017631123853331808,0.0004671228621832371,3.4062869973710605e-5,3.4995756874799156e-5,0.0,0.0,0.0,1.0340685536477042e-7,0.0,2.220446049250313e-16,2.220446049250313e-16,5.17034497758234e-10,2.2093438190040615e-16,2.340217458735351e6,2,1.0,1.0,0.057843935267822555,-0.3760224881746072,0.0030058501582800727,-0.00013185222296920355
dyn,6,2,0.0830777823364688,2.8649761138845212e-5,0.000140805503762224,0.0007160718096591812,0.00019815337225979456,1.3424831128362258e-5,1.2158921140752936e-5,0.0,0.0,0.0,1.6225175566137414e-8,0.0,2.220446049250313e-16,2.220446049250313e-16,8.112609876506897e-11,2.2093438190040615e-16,367195.4453953635,2,1.0,1.0,0.08541962058692841,-0.38836658925588713,-0.004156180798575973,-5.521302542391267e-5
dyn,6,3,0.08307777181161578,2.1062109686167927e-5,9.013905803343735e-5,0.0004690864132898162,0.0001313815872352914,8.826878125951192e-6,6.7415415021567195e-6,0.0,0.0,0.0,6.705009847820776e-9,0.0,2.220446049250313e-16,2.220446049250313e-16,3.352527017348578e-11,2.2093438190040615e-16,151743.10980985506,2,1.0,1.0,0.08773254157657075,-0.394149141265783,-0.0062222559491046355,-3.6599175630390595e-5
dyn,6,4,0.08307777201771385,1.66042896424813e-5,6.759733724958522e-5,0.00035949332662148405,0.00010137691501280448,4.834015862750612e-6,5.220705470362647e-6,0.0,0.0,0.0,3.8752064362176726e-9,0.0,2.220446049250313e-16,2.220446049250313e-16,1.9376253115470262e-11,2.2093438190040615e-16,87701.39327705355,2,1.0,1.0,0.08572480411979325,-0.3963341044339416,-0.010540468977220194,-2.9156958900554896e-5
dyn,6,5,0.08307777222974098,1.5746851831500307e-5,6.012264457218152e-5,0.0003258446530889692,9.222132035691222e-5,2.9530064280116572e-6,4.6804392282198556e-6,0.0,0.0,0.0,3.145369617519994e-9,0.0,2.220446049250313e-16,2.220446049250313e-16,1.572706902198187e-11,2.2093438190040615e-16,71184.34390656043,2,1.0,1.0,0.08013184277020614,-0.3965802070010496,-0.015269018486748397,-2.7556954606622355e-5
dyn,6,6,0.08307777170378683,1.438017832463504e-5,5.107042563404015e-5,0.0002822481244702578,8.007980467365802e-5,1.4583960975498252e-6,3.925059264997654e-6,0.0,0.0,0.0,2.326881746643731e-9,0.0,2.220446049250313e-16,2.220446049250313e-16,1.1634629667600557e-11,2.2093438190040615e-16,52661.01893025084,2,1.0,1.0,0.07402296439841419,-0.3960588631023932,-0.020153523476390864,-2.4850725489284585e-5
dyn,6,7,0.08307777166222646,1.3608767482051272e-5,4.482801883435343e-5,0.00025306919602724747,7.186407139785071e-5,3.193948903215004e-7,3.4172014219677216e-6,0.0,0.0,0.0,1.8515164315624088e-9,0.0,2.220446049250313e-16,2.220446049250313e-16,9.257803092193946e-12,2.2093438190040615e-16,41902.95332288852,2,1.0,1.0,0.0671491798045089,-0.39438883837299393,-0.025460161891603654,-2.320903540070503e-5
dyn,6,8,0.08307777177170282,1.3207341790747288e-5,4.0095386972154944e-5,0.00023155735455413013,6.571958756492953e-5,-5.291315673543431e-7,3.0024059797218254e-6,0.0,0.0,0.0,1.5373685228076215e-9,0.0,2.220446049250313e-16,2.220446049250313e-16,7.687063548420008e-12,2.2093438190040615e-16,34793.42365049013,2,1.0,1.0,0.059324870289909404,-0.39160138817652074,-0.031161145317432012,-2.2133477733741455e-5
dyn,6,9,0.08307777139358093,1.1018335609015302e-5,3.067667194915559e-5,0.00018182061962421234,5.156116273758566e-5,-1.0138312422771542e-6,2.2160014805287602e-6,0.0,0.0,0.0,9.371121933127011e-10,0.0,2.220446049250313e-16,2.220446049250313e-16,4.685781900945406e-12,2.2093438190040615e-16,21208.93027440919,2,1.0,1.0,0.051316285161999105,-0.38812385387092024,-0.037311827234361,-1.812498763578046e-5
dyn,6,10,0.08307777036241182,6.914005500294217e-6,1.7726557798092786e-5,0.00010808734577590744,3.059806146441261e-5,-1.0148164415971013e-6,1.2334932508537774e-6,0.0,0.0,0.0,3.2591030155072134e-10,0.0,2.220446049250313e-16,2.220446049250313e-16,1.629772442135507e-12,2.2093438190040615e-16,7376.726194070526,2,1.0,1.0,0.043561006855501266,-0.3842665392314485,-0.0433648162751109,-1.119772986779868e-5
dyn,6,11,0.08307776951851838,3.855944539341024e-6,9.166988559604583e-6,5.750797033571802e-5,1.6213871998527187e-5,-7.97578736401783e-7,6.223991947001573e-7,0.0,0.0,0.0,9.072830653670332e-11,0.0,2.220446049250313e-16,2.220446049250313e-16,4.5386246706541695e-13,2.2093438190040615e-16,2054.286268897755,2,1.0,1.0,0.03437482570633703,-0.3793055402657566,-0.04939768950707446,-6.185302989563524e-6
dyn,6,12,0.08307776977079981,2.458453441980503e-6,5.405580612358812e-6,3.50375389152613e-5,9.822088297060449e-6,-6.53089237641918e-7,3.6545399219243176e-7,0.0,0.0,0.0,3.3321164447187094e-11,0.0,2.220446049250313e-16,2.220446049250313e-16,1.6682675661783587e-13,2.2093438190040615e-16,755.0964009442353,2,1.0,1.0,0.02374238417260631,-0.3727849859976834,-0.05628212237489334,-3.9287367997413854e-6
dyn,6,13,0.08307776876612949,1.9629343974703155e-6,3.960411395584199e-6,2.6591319145720088e-5,7.4028530608626195e-6,-6.087277296156425e-7,2.5795640717086545e-7,0.0,0.0,0.0,1.8922964112699044e-11,0.0,2.220446049250313e-16,2.220446049250313e-16,9.483575494539563e-14,2.2093438190040615e-16,429.24851319948084,2,1.0,1.0,0.011701154774402473,-0.36534397339483765,-0.06294174407370536,-3.0976478405962617e-6
dyn,6,14,0.08307729071313617,6.58715902364763e-7,4.869869987150283e-6,-2.1893583816232844e-6,-4.130098585466523e-6,1.0938054178647652e-6,1.0268520475198068e-6,0.0,0.0,0.0,3.569074784682533e-13,0.0,-2.2093438190040615e-16,2.2093438190040615e-16,1.5647076823503625e-15,2.1982970999090413e-16,7.117817161361425,2,1.0,1.0,3.371214502934008e-5,-0.3577661942954118,-0.06909941989019562,-1.5909692511882624e-6
dyn,6,15,0.08307734080170126,2.892343817484088e-6,1.82304802341103e-5,-7.452467980338277e-6,-1.47325304624677e-5,4.4967933687811045e-6,3.833053830485114e-6,0.0,0.0,0.0,1.076904394395799e-11,0.0,-2.220446049250313e-16,2.220446049250313e-16,5.362428533788954e-14,2.2093438190040615e-16,242.71589092033014,2,1.0,1.0,-0.011589406192635304,-0.3487566307785204,-0.07674975652494845,-5.8195463082713646e-6
dyn,6,16,0.08307736550293272,9.881248425772782e-7,5.729548484860858e-6,-2.0807966376192815e-6,-4.387508127873302e-6,1.4510963041413693e-6,1.224952060850642e-6,0.0,0.0,0.0,1.4255551889867441e-12,0.0,-2.2093438190040615e-16,2.2093438190040615e-16,6.907946234942817e-15,2.1982970999090413e-16,31.424079280405937,2,1.0,1.0,-0.026723848180146746,-0.3382692907904693,-0.08440849465814165,-1.788899888928391e-6
dyn,6,17,0.08307737154638674,4.979526323345921e-6,2.7092369286489172e-5,-8.81288262121153e-6,-1.9669637727058774e-5,6.913714730710572e-6,5.940114021226117e-6,0.0,0.0,0.0,3.6902864449102264e-11,0.0,-2.220446049250313e-16,2.220446049250313e-16,1.842933878636109e-13,2.2093438190040615e-16,834.1544049340747,2,1.0,1.0,-0.03982896516710801,-0.3280330407291006,-0.09214646041201938,-8.273445718512739e-6
dyn,6,18,0.0830774023686381,9.038708045701387e-6,4.473261314701962e-5,-1.273502692933528e-5,-3.0640046653138e-5,1.1789343115021552e-5,9.973172888684705e-6,0.0,0.0,0.0,1.230428241191106e-10,0.0,-2.220446049250313e-16,2.220446049250313e-16,6.149931862136526e-13,2.2093438190040615e-16,2783.6010897157785,2,1.0,1.0,-0.05307696381581474,-0.31717957408344893,-0.09976948472813774,-1.3397451290756039e-5
dyn,6,19,0.08307743561964676,1.1143192963238231e-5,5.067773020860833e-5,-1.2258141481982424e-5,-3.258856780118769e-5,1.3629544325605456e-5,1.1518250425977861e-5,0.0,0.0,0.0,1.8582218346620857e-10,0.0,-2.220446049250313e-16,2.220446049250313e-16,9.288899829491426e-13,2.2093438190040615e-16,4204.370433244166,2,1.0,1.0,-0.06733248939593768,-0.3055219570180113,-0.10714587350705415,-1.4920048955938873e-5
dyn,6,20,0.08307748623694056,1.7335367834964642e-5,7.061713960099739e-5,-1.3962471241828084e-5,-4.23978647283122e-5,1.9751930996985526e-5,1.631524463535801e-5,0.0,0.0,0.0,4.307450306341638e-10,0.0,-2.220446049250313e-16,2.220446049250313e-16,2.1535042187889186e-12,2.2093438190040615e-16,9747.257082692026,2,1.0,1.0,-0.08100319385520241,-0.29365674974091893,-0.11473296749331734,-2.053946409340147e-5
dyn,6,21,0.083077523245046,1.550970742598405e-5,5.8034797233513506e-5,-8.691271914099417e-6,-3.231557803110872e-5,1.638327190085389e-5,1.3738545835077176e-5,0.0,0.0,0.0,3.291986968725473e-10,0.0,-2.220446049250313e-16,2.220446049250313e-16,1.6457725499808361e-12,2.2093438190040615e-16,7449.146374703803,2,1.0,1.0,-0.09771871814969019,-0.2805871716734417,-0.12151638246557535,-1.674327642091111e-5
dyn,6,22,0.08307754810551825,2.0066614001546266e-5,6.966003321329546e-5,-7.2718512610310055e-6,-3.58285730850563e-5,1.9581908051162655e-5,1.6970242009886498e-5,0.0,0.0,0.0,5.20148003710659e-10,0.0,2.220446049250313e-16,2.220446049250313e-16,2.600960952935196e-12,2.2093438190040615e-16,11772.54952607453,2,1.0,1.0,-0.11285750989677308,-0.26769217271251294,-0.1283606870594752,-1.997869390630686e-5
dyn,6,23,0.08307757985323194,2.2168056750485925e-5,7.106487768506693e-5,-3.7573312169881784e-6,-3.341351698829219e-5,1.97887069520334e-5,1.7849763581863335e-5,0.0,0.0,0.0,5.967063188670862e-10,0.0,2.220446049250313e-16,2.220446049250313e-16,2.983752528717332e-12,2.2093438190040615e-16,13505.152539193117,2,1.0,1.0,-0.12872480295907407,-0.25408280822435947,-0.13537955152982598,-2.040127661042942e-5
dyn,6,24,0.0830775915428888,2.2471694070765826e-5,6.768295674595863e-5,4.255129666384433e-8,-2.8849014634222488e-5,1.8160538562662036e-5,1.7619758094471464e-5,0.0,0.0,0.0,5.798775910950856e-10,0.0,2.220446049250313e-16,2.220446049250313e-16,2.8996088898573284e-12,2.2093438190040615e-16,13124.299010936324,2,1.0,1.0,-0.14500565355885828,-0.24005665185055405,-0.14215148521794665,-1.951231539910553e-5
dyn,6,25,0.08307759216651067,2.7006367827916863e-5,7.653425331671813e-5,4.125673769559759e-6,-2.9331930103850635e-5,1.9563642818207215e-5,2.0681708003854055e-5,0.0,0.0,0.0,7.880944843343801e-10,0.0,2.220446049250313e-16,2.220446049250313e-16,3.940693356053801e-12,2.2093438190040615e-16,17836.487567744007,2,1.0,1.0,-0.1606692689049205,-0.22610157391502617,-0.1485477848757694,-2.2256468207598216e-5
dyn,6,26,0.0830776073617913,3.388661095719066e-5,8.879499633994581e-5,9.945953211212172e-6,-3.0178731948498964e-5,2.1759150210222217e-5,2.491037799924075e-5,0.0,0.0,0.0,1.1537345501051128e-9,0.0,2.220446049250313e-16,2.220446049250313e-16,5.768893684907465e-12,2.2093438190040615e-16,26111.344170541975,2,1.0,1.0,-0.175996830658661,-0.21203655416630263,-0.1548232727320145,-2.6331586207959533e-5
dyn,6,27,0.08307765112179961,4.1482131393251294e-5,9.77321456564052e-5,1.746169266017168e-5,-2.8844447175592366e-5,2.3344576479041402e-5,2.85334125989857e-5,0.0,0.0,0.0,1.5784783981353573e-9,0.0,2.220446049250313e-16,2.220446049250313e-16,7.892612925058688e-12,2.2093438190040615e-16,35723.78756610439,2,1.0,1.0,-0.1915385718763891,-0.19781221022347303,-0.1612328589771415,-3.0093438577807638e-5
dyn,6,28,0.0830776615848108,3.816974949584891e-5,8.199404714432626e-5,2.085935755712436e-5,-2.0419932031951402e-5,1.8267076751532958e-5,2.516448989373553e-5,0.0,0.0,0.0,1.23955310554522e-9,0.0,2.220446049250313e-16,2.220446049250313e-16,6.197986462108e-12,2.2093438190040615e-16,28053.517106730622,2,1.0,1.0,-0.2089975696729343,-0.18299546601452663,-0.16891305260388442,-2.6505341507579964e-5
dyn,6,29,0.08307764430364951,3.794437459443446e-5,7.420087379368921e-5,2.4173428152832517e-5,-1.5171094916083988e-5,1.518926762196309e-5,2.4080545214570248e-5,0.0,0.0,0.0,1.1301080253048176e-9,0.0,2.220446049250313e-16,2.220446049250313e-16,5.650761060905989e-12,2.2093438190040615e-16,25576.64865151349,2,1.0,1.0,-0.22667098819403006,-0.16840271097434972,-0.17679516659049974,-2.537026244659125e-5
dyn,6,30,0.08307769069459496,4.408117439779595e-5,7.466853117707555e-5,3.0093129602836822e-5,-1.1794792922878458e-5,1.4825649188336241e-5,2.582228457772791e-5,0.0,0.0,0.0,1.3600620178154971e-9,0.0,2.220446049250313e-16,2.220446049250313e-16,6.800531023459386e-12,2.2093438190040615e-16,30780.77284741024,2,1.0,1.0,-0.24392690582079926,-0.15396830480981183,-0.18386908999284174,-2.778236799888456e-5
clip-fired,6,1,0.08307779726397634,6.264747507805884e-5,0.00037438093606641156,0.0017631123853331808,,,,,,,,,,,,,,,0.0,0.057843935267822555,-0.3760224881746072,0.0030058501582800727,-0.00013185222296920355
clip-fired,6,2,0.0830777823364688,2.8649761138845212e-5,0.000140805503762224,0.0007160718096591812,,,,,,,,,,,,,,,0.0,0.08541962058692841,-0.38836658925588713,-0.004156180798575973,-5.521302542391267e-5
clip-fired,6,3,0.08307777181161578,2.1062109686167927e-5,9.013905803343735e-5,0.0004690864132898162,,,,,,,,,,,,,,,0.0,0.08773254157657075,-0.394149141265783,-0.0062222559491046355,-3.6599175630390595e-5
clip-fired,6,4,0.08307777201771385,1.66042896424813e-5,6.759733724958522e-5,0.00035949332662148405,,,,,,,,,,,,,,,0.0,0.08572480411979325,-0.3963341044339416,-0.010540468977220194,-2.9156958900554896e-5
clip-fired,6,5,0.08307777222974098,1.5746851831500307e-5,6.012264457218152e-5,0.0003258446530889692,,,,,,,,,,,,,,,0.0,0.08013184277020614,-0.3965802070010496,-0.015269018486748397,-2.7556954606622355e-5
clip-fired,6,6,0.08307777170378683,1.438017832463504e-5,5.107042563404015e-5,0.0002822481244702578,,,,,,,,,,,,,,,0.0,0.07402296439841419,-0.3960588631023932,-0.020153523476390864,-2.4850725489284585e-5
clip-fired,6,7,0.08307777166222646,1.3608767482051272e-5,4.482801883435343e-5,0.00025306919602724747,,,,,,,,,,,,,,,0.0,0.0671491798045089,-0.39438883837299393,-0.025460161891603654,-2.320903540070503e-5
clip-fired,6,8,0.08307777177170282,1.3207341790747288e-5,4.0095386972154944e-5,0.00023155735455413013,,,,,,,,,,,,,,,0.0,0.059324870289909404,-0.39160138817652074,-0.031161145317432012,-2.2133477733741455e-5
clip-fired,6,9,0.08307777139358093,1.1018335609015302e-5,3.067667194915559e-5,0.00018182061962421234,,,,,,,,,,,,,,,0.0,0.051316285161999105,-0.38812385387092024,-0.037311827234361,-1.812498763578046e-5
clip-fired,6,10,0.08307777036241182,6.914005500294217e-6,1.7726557798092786e-5,0.00010808734577590744,,,,,,,,,,,,,,,0.0,0.043561006855501266,-0.3842665392314485,-0.0433648162751109,-1.119772986779868e-5
clip-fired,6,11,0.08307776951851838,3.855944539341024e-6,9.166988559604583e-6,5.750797033571802e-5,,,,,,,,,,,,,,,0.0,0.03437482570633703,-0.3793055402657566,-0.04939768950707446,-6.185302989563524e-6
clip-fired,6,12,0.08307776977079981,2.458453441980503e-6,5.405580612358812e-6,3.50375389152613e-5,,,,,,,,,,,,,,,0.0,0.02374238417260631,-0.3727849859976834,-0.05628212237489334,-3.9287367997413854e-6
clip-fired,6,13,0.08307776876612949,1.9629343974703155e-6,3.960411395584199e-6,2.6591319145720088e-5,,,,,,,,,,,,,,,0.0,0.011701154774402473,-0.36534397339483765,-0.06294174407370536,-3.0976478405962617e-6
clip-fired,6,14,0.08307729071313617,6.58715902364763e-7,4.869869987150283e-6,-2.1893583816232844e-6,,,,,,,,,,,,,,,0.0,3.371214502934008e-5,-0.3577661942954118,-0.06909941989019562,-1.5909692511882624e-6
clip-fired,6,15,0.08307734080170126,2.892343817484088e-6,1.82304802341103e-5,-7.452467980338277e-6,,,,,,,,,,,,,,,0.0,-0.011589406192635304,-0.3487566307785204,-0.07674975652494845,-5.8195463082713646e-6
clip-fired,6,16,0.08307736550293272,9.881248425772782e-7,5.729548484860858e-6,-2.0807966376192815e-6,,,,,,,,,,,,,,,0.0,-0.026723848180146746,-0.3382692907904693,-0.08440849465814165,-1.788899888928391e-6
clip-fired,6,17,0.08307737154638674,4.979526323345921e-6,2.7092369286489172e-5,-8.81288262121153e-6,,,,,,,,,,,,,,,0.0,-0.03982896516710801,-0.3280330407291006,-0.09214646041201938,-8.273445718512739e-6
clip-fired,6,18,0.0830774023686381,9.038708045701387e-6,4.473261314701962e-5,-1.273502692933528e-5,,,,,,,,,,,,,,,0.0,-0.05307696381581474,-0.31717957408344893,-0.09976948472813774,-1.3397451290756039e-5
clip-fired,6,19,0.08307743561964676,1.1143192963238231e-5,5.067773020860833e-5,-1.2258141481982424e-5,,,,,,,,,,,,,,,0.0,-0.06733248939593768,-0.3055219570180113,-0.10714587350705415,-1.4920048955938873e-5
clip-fired,6,20,0.08307748623694056,1.7335367834964642e-5,7.061713960099739e-5,-1.3962471241828084e-5,,,,,,,,,,,,,,,0.0,-0.08100319385520241,-0.29365674974091893,-0.11473296749331734,-2.053946409340147e-5
clip-fired,6,21,0.083077523245046,1.550970742598405e-5,5.8034797233513506e-5,-8.691271914099417e-6,,,,,,,,,,,,,,,0.0,-0.09771871814969019,-0.2805871716734417,-0.12151638246557535,-1.674327642091111e-5
clip-fired,6,22,0.08307754810551825,2.0066614001546266e-5,6.966003321329546e-5,-7.2718512610310055e-6,,,,,,,,,,,,,,,0.0,-0.11285750989677308,-0.26769217271251294,-0.1283606870594752,-1.997869390630686e-5
clip-fired,6,23,0.08307757985323194,2.2168056750485925e-5,7.106487768506693e-5,-3.7573312169881784e-6,,,,,,,,,,,,,,,0.0,-0.12872480295907407,-0.25408280822435947,-0.13537955152982598,-2.040127661042942e-5
clip-fired,6,24,0.0830775915428888,2.2471694070765826e-5,6.768295674595863e-5,4.255129666384433e-8,,,,,,,,,,,,,,,0.0,-0.14500565355885828,-0.24005665185055405,-0.14215148521794665,-1.951231539910553e-5
clip-fired,6,25,0.08307759216651067,2.7006367827916863e-5,7.653425331671813e-5,4.125673769559759e-6,,,,,,,,,,,,,,,0.0,-0.1606692689049205,-0.22610157391502617,-0.1485477848757694,-2.2256468207598216e-5
clip-fired,6,26,0.0830776073617913,3.388661095719066e-5,8.879499633994581e-5,9.945953211212172e-6,,,,,,,,,,,,,,,0.0,-0.175996830658661,-0.21203655416630263,-0.1548232727320145,-2.6331586207959533e-5
clip-fired,6,27,0.08307765112179961,4.1482131393251294e-5,9.77321456564052e-5,1.746169266017168e-5,,,,,,,,,,,,,,,0.0,-0.1915385718763891,-0.19781221022347303,-0.1612328589771415,-3.0093438577807638e-5
clip-fired,6,28,0.0830776615848108,3.816974949584891e-5,8.199404714432626e-5,2.085935755712436e-5,,,,,,,,,,,,,,,0.0,-0.2089975696729343,-0.18299546601452663,-0.16891305260388442,-2.6505341507579964e-5
clip-fired,6,29,0.08307764430364951,3.794437459443446e-5,7.420087379368921e-5,2.4173428152832517e-5,,,,,,,,,,,,,,,0.0,-0.22667098819403006,-0.16840271097434972,-0.17679516659049974,-2.537026244659125e-5
clip-fired,6,30,0.08307769069459496,4.408117439779595e-5,7.466853117707555e-5,3.0093129602836822e-5,,,,,,,,,,,,,,,0.0,-0.24392690582079926,-0.15396830480981183,-0.18386908999284174,-2.778236799888456e-5
beforeUJ_end,6,1,0.0830780921183991,9.612474393146827e-5,0.00048668457998432725,0.001733927080069123,-0.0005779002152365142,-7.064517609303055e-5,-7.884407277073885e-5,0.13816475385008764,-0.7149916320301568,-0.032546690980089,,,,,,,,,,,,,,
beforeUJ_end,6,2,0.08307806446349662,4.1968840308592785e-5,0.00018668203867635002,0.0007048312100426228,-0.00024414255519288736,-2.6112169512940777e-5,-2.965837069837061e-5,0.16918627299096387,-0.7383212230549832,-0.04614074842874713,,,,,,,,,,,,,,
beforeUJ_end,6,3,0.0830780438511245,2.97356869944592e-5,0.00011998118894627464,0.00046187448465298466,-0.00016214016486919974,-1.6071935048143618e-5,-1.7859313231999545e-5,0.17009917514407225,-0.7532336040265868,-0.050639249305776374,,,,,,,,,,,,,,
beforeUJ_end,6,4,0.08307804010363426,2.3636881173214462e-5,9.028271191653892e-5,0.00035407507197952485,-0.00012523693186031467,-9.844057369729128e-6,-1.3586947300591587e-5,0.16623555321799305,-0.7620515586640015,-0.05944570223042852,,,,,,,,,,,,,,
beforeUJ_end,6,5,0.08307803737988202,2.2435927950508962e-5,8.051053093944177e-5,0.0003210151321470337,-0.00011404964921150825,-6.989032054620125e-6,-1.2127543435631548e-5,0.15762950484340316,-0.767575727767413,-0.06900716609496554,,,,,,,,,,,,,,
beforeUJ_end,6,6,0.08307803340617151,2.0433898820185834e-5,6.858604782673397e-5,0.0002781301030139311,-9.913460343372419e-5,-4.503538819686908e-6,-1.0238008295077864e-5,0.14796800575195937,-0.7716856911029625,-0.0787516591857013,,,,,,,,,,,,,,
beforeUJ_end,6,7,0.08307803096619332,1.927606610869433e-5,6.041848227118747e-5,0.0002494313185730534,-8.901365011848545e-5,-2.6348206589004705e-6,-8.973789257302372e-6,0.13742389566694357,-0.7736854306749252,-0.08931496841005125,,,,,,,,,,,,,,
beforeUJ_end,6,8,0.08307802920991225,1.8609089123020695e-5,5.426391035234947e-5,0.000228274674131943,-8.142686780693206e-5,-1.202226999690244e-6,-7.993337246363935e-6,0.1254707936952546,-0.7735899589419821,-0.10056561209483873,,,,,,,,,,,,,,
beforeUJ_end,6,9,0.08307802619225682,1.543652315856363e-5,4.1732982130781615e-5,0.00017927870430803466,-6.389211476673861e-5,-4.5960731982210115e-8,-6.0415750591569765e-6,0.11260611780989223,-0.7720438410244856,-0.11246401638054823,,,,,,,,,,,,,,
beforeUJ_end,6,10,0.08307802140264359,9.662584190926259e-6,2.4264443982364345e-5,0.00010659565923141759,-3.791304579550594e-5,5.568511690307413e-7,-3.4433110404730933e-6,0.09978164467485895,-0.7696095078383705,-0.12406542630817746,,,,,,,,,,,,,,
beforeUJ_end,6,11,0.08307801666650301,5.396419467657198e-6,1.2627377125394392e-5,5.672262506102556e-5,-2.008725642541149e-5,6.381385173926986e-7,-1.7627255562478243e-6,0.08504168349974109,-0.7650681410380465,-0.13559012460471645,,,,,,,,,,,,,,
beforeUJ_end,6,12,0.08307801458701382,3.4505047796709953e-6,7.504103936671691e-6,3.456386860413767e-5,-1.2160096620696e-5,6.050245852871669e-7,-1.0423766891757983e-6,0.06848689137446058,-0.7574825361878238,-0.14874122782745147,,,,,,,,,,,,,,
beforeUJ_end,6,13,0.0830780104118746,2.7571103982903397e-6,5.5482942839500216e-6,2.6234377434499727e-5,-9.156502647479996e-6,6.089042155209938e-7,-7.560283186372837e-7,0.04980285351227292,-0.748042537840449,-0.1613640735000377,,,,,,,,,,,,,,
beforeUJ_end,6,14,0.08307740436663623,1.0057017668316616e-6,5.2847408501676364e-6,-5.249910691217754e-8,4.13504338569683e-6,-1.5969625982027727e-6,-1.696545011252775e-6,0.03101473812942773,-0.7379353065707889,-0.17284836327340525,,,,,,,,,,,,,,
beforeUJ_end,6,15,0.0830775920202437,4.175897262133315e-6,1.9458732292555498e-5,4.1260869925420113e-7,1.4459486735247678e-5,-6.338771245874694e-6,-6.267987964455379e-6,0.012349217158079271,-0.7246443385609185,-0.18722614811701854,,,,,,,,,,,,,,
beforeUJ_end,6,16,0.08307771130627373,1.3876071049774335e-6,6.007812271354371e-6,3.375523282400111e-7,4.21299303251596e-6,-1.9984916041243873e-6,-1.971106549772787e-6,-0.010251645393546276,-0.7088213190256978,-0.20164998807992976,,,,,,,,,,,,,,
beforeUJ_end,6,17,0.08307777976238069,6.878826805384546e-6,2.798785121356184e-5,2.409291810711316e-6,1.851899355074337e-5,-9.375565755042264e-6,-9.407771997894136e-6,-0.0322247526049866,-0.6923801498883309,-0.21581323823835857,,,,,,,,,,,,,,
beforeUJ_end,6,18,0.08307790967607545,1.2151751700389725e-5,4.547294453213385e-5,5.420111524602299e-6,2.8216666602723113e-5,-1.5643712520320417e-5,-1.556321455440816e-5,-0.05383294695253335,-0.6743679288360414,-0.22981370704821566,,,,,,,,,,,,,,
beforeUJ_end,6,19,0.0830780407926918,1.463922529743513e-5,5.06634464641624e-5,7.841619191992372e-6,2.9304867827391003e-5,-1.7714573207462178e-5,-1.7693633097572303e-5,-0.07607377361380142,-0.6546367719978373,-0.2434029025305695,,,,,,,,,,,,,,
beforeUJ_end,6,20,0.08307821377215643,2.210056243773576e-5,6.938411329588897e-5,1.3396442097040298e-5,3.7120881876459645e-5,-2.5060659385076296e-5,-2.4673113920569046e-5,-0.09829394319753766,-0.6336583332973653,-0.2571996500012439,,,,,,,,,,,,,,
beforeUJ_end,6,21,0.08307835076165904,1.9352986145212555e-5,5.600275865621979e-5,1.3158021972834868e-5,2.7477640961435513e-5,-2.0364955908544486e-5,-2.0404129495541653e-5,-0.12348965418042171,-0.6107847189481224,-0.26957008346644934,,,,,,,,,,,,,,
beforeUJ_end,6,22,0.0830784556931353,2.465122022386832e-5,6.609007142776209e-5,1.8227931424488326e-5,2.95597058288787e-5,-2.393209001796594e-5,-2.4757932939117704e-5,-0.14763751858236532,-0.5871069225330904,-0.28177295588059054,,,,,,,,,,,,,,
beforeUJ_end,6,23,0.08307857471596689,2.678519573760085e-5,6.61819960086826e-5,2.1400659750544373e-5,2.659247389986655e-5,-2.3740146681039232e-5,-2.554804224992441e-5,-0.17236766261987863,-0.5618026184709812,-0.2943505370630742,,,,,,,,,,,,,,
beforeUJ_end,6,24,0.08307864775389723,2.6896276088339952e-5,6.187207283402011e-5,2.3111473577128914e-5,2.205995127915151e-5,-2.146505097063739e-5,-2.4728836540171204e-5,-0.1976333170745436,-0.5353384027617154,-0.3064068448281305,,,,,,,,,,,,,,
beforeUJ_end,6,25,0.08307869778891011,3.211661407673251e-5,6.869952968284258e-5,2.9195953276210073e-5,2.1442719415427637e-5,-2.2833470376004433e-5,-2.847837890093878e-5,-0.22263355802625165,-0.5081784665817394,-0.31753327973403656,,,,,,,,,,,,,,
beforeUJ_end,6,26,0.08307877799357542,3.9906810131229964e-5,7.817456070733659e-5,3.778155914630566e-5,2.0851805512796206e-5,-2.5022754139284873e-5,-3.364915918700702e-5,-0.24726969037861055,-0.48019693235926775,-0.3283607461036296,,,,,,,,,,,,,,
beforeUJ_end,6,27,0.08307891455504864,4.8071987683252e-5,8.422132591642786e-5,4.660899969433573e-5,1.8426091657149694e-5,-2.634245881906148e-5,-3.777380117265135e-5,-0.27232045092093415,-0.45151445673840185,-0.33948477705881475,,,,,,,,,,,,,,
beforeUJ_end,6,28,0.08307899503148052,4.385659143643385e-5,6.905213452897082e-5,4.385106292551358e-5,1.1612927248951156e-5,-2.0347867213334252e-5,-3.263918794806814e-5,-0.3003950631914788,-0.42205909200766,-0.3533803735107777,,,,,,,,,,,,,,
beforeUJ_end,6,29,0.0830790353619295,4.34187446692781e-5,6.107298845333646e-5,4.375269716862831e-5,7.210317529371659e-6,-1.6828700353787207e-5,-3.066870975965362e-5,-0.32990863192116443,-0.392520671726218,-0.3676143020923075,,,,,,,,,,,,,,
beforeUJ_end,6,30,0.0830791872637868,4.973192717782432e-5,5.98752930639615e-5,4.8633464619349525e-5,3.7877432569257405e-6,-1.6256223160626566e-5,-3.227268900578916e-5,-0.35930007978165646,-0.3626157120186557,-0.38024773940718887,,,,,,,,,,,,,,
beforeUJ_end,6,1,0.0830780921183991,9.612474393146827e-5,0.00048668457998432725,0.001733927080069123,-0.0005779002152365142,-7.064517609303055e-5,-7.884407277073885e-5,0.13816475385008764,-0.7149916320301568,-0.032546690980089,,,,,,,,,,,,,,
beforeUJ_end,6,2,0.08307806446349662,4.1968840308592785e-5,0.00018668203867635002,0.0007048312100426228,-0.00024414255519288736,-2.6112169512940777e-5,-2.965837069837061e-5,0.16918627299096387,-0.7383212230549832,-0.04614074842874713,,,,,,,,,,,,,,
beforeUJ_end,6,3,0.0830780438511245,2.97356869944592e-5,0.00011998118894627464,0.00046187448465298466,-0.00016214016486919974,-1.6071935048143618e-5,-1.7859313231999545e-5,0.17009917514407225,-0.7532336040265868,-0.050639249305776374,,,,,,,,,,,,,,
beforeUJ_end,6,4,0.08307804010363426,2.3636881173214462e-5,9.028271191653892e-5,0.00035407507197952485,-0.00012523693186031467,-9.844057369729128e-6,-1.3586947300591587e-5,0.16623555321799305,-0.7620515586640015,-0.05944570223042852,,,,,,,,,,,,,,
beforeUJ_end,6,5,0.08307803737988202,2.2435927950508962e-5,8.051053093944177e-5,0.0003210151321470337,-0.00011404964921150825,-6.989032054620125e-6,-1.2127543435631548e-5,0.15762950484340316,-0.767575727767413,-0.06900716609496554,,,,,,,,,,,,,,
beforeUJ_end,6,6,0.08307803340617151,2.0433898820185834e-5,6.858604782673397e-5,0.0002781301030139311,-9.913460343372419e-5,-4.503538819686908e-6,-1.0238008295077864e-5,0.14796800575195937,-0.7716856911029625,-0.0787516591857013,,,,,,,,,,,,,,
beforeUJ_end,6,7,0.08307803096619332,1.927606610869433e-5,6.041848227118747e-5,0.0002494313185730534,-8.901365011848545e-5,-2.6348206589004705e-6,-8.973789257302372e-6,0.13742389566694357,-0.7736854306749252,-0.08931496841005125,,,,,,,,,,,,,,
beforeUJ_end,6,8,0.08307802920991225,1.8609089123020695e-5,5.426391035234947e-5,0.000228274674131943,-8.142686780693206e-5,-1.202226999690244e-6,-7.993337246363935e-6,0.1254707936952546,-0.7735899589419821,-0.10056561209483873,,,,,,,,,,,,,,
beforeUJ_end,6,9,0.08307802619225682,1.543652315856363e-5,4.1732982130781615e-5,0.00017927870430803466,-6.389211476673861e-5,-4.5960731982210115e-8,-6.0415750591569765e-6,0.11260611780989223,-0.7720438410244856,-0.11246401638054823,,,,,,,,,,,,,,
beforeUJ_end,6,10,0.08307802140264359,9.662584190926259e-6,2.4264443982364345e-5,0.00010659565923141759,-3.791304579550594e-5,5.568511690307413e-7,-3.4433110404730933e-6,0.09978164467485895,-0.7696095078383705,-0.12406542630817746,,,,,,,,,,,,,,
beforeUJ_end,6,11,0.08307801666650301,5.396419467657198e-6,1.2627377125394392e-5,5.672262506102556e-5,-2.008725642541149e-5,6.381385173926986e-7,-1.7627255562478243e-6,0.08504168349974109,-0.7650681410380465,-0.13559012460471645,,,,,,,,,,,,,,
beforeUJ_end,6,12,0.08307801458701382,3.4505047796709953e-6,7.504103936671691e-6,3.456386860413767e-5,-1.2160096620696e-5,6.050245852871669e-7,-1.0423766891757983e-6,0.06848689137446058,-0.7574825361878238,-0.14874122782745147,,,,,,,,,,,,,,
beforeUJ_end,6,13,0.0830780104118746,2.7571103982903397e-6,5.5482942839500216e-6,2.6234377434499727e-5,-9.156502647479996e-6,6.089042155209938e-7,-7.560283186372837e-7,0.04980285351227292,-0.748042537840449,-0.1613640735000377,,,,,,,,,,,,,,
beforeUJ_end,6,14,0.08307740436663623,1.0057017668316616e-6,5.2847408501676364e-6,-5.249910691217754e-8,4.13504338569683e-6,-1.5969625982027727e-6,-1.696545011252775e-6,0.03101473812942773,-0.7379353065707889,-0.17284836327340525,,,,,,,,,,,,,,
beforeUJ_end,6,15,0.0830775920202437,4.175897262133315e-6,1.9458732292555498e-5,4.1260869925420113e-7,1.4459486735247678e-5,-6.338771245874694e-6,-6.267987964455379e-6,0.012349217158079271,-0.7246443385609185,-0.18722614811701854,,,,,,,,,,,,,,
beforeUJ_end,6,16,0.08307771130627373,1.3876071049774335e-6,6.007812271354371e-6,3.375523282400111e-7,4.21299303251596e-6,-1.9984916041243873e-6,-1.971106549772787e-6,-0.010251645393546276,-0.7088213190256978,-0.20164998807992976,,,,,,,,,,,,,,
beforeUJ_end,6,17,0.08307777976238069,6.878826805384546e-6,2.798785121356184e-5,2.409291810711316e-6,1.851899355074337e-5,-9.375565755042264e-6,-9.407771997894136e-6,-0.0322247526049866,-0.6923801498883309,-0.21581323823835857,,,,,,,,,,,,,,
beforeUJ_end,6,18,0.08307790967607545,1.2151751700389725e-5,4.547294453213385e-5,5.420111524602299e-6,2.8216666602723113e-5,-1.5643712520320417e-5,-1.556321455440816e-5,-0.05383294695253335,-0.6743679288360414,-0.22981370704821566,,,,,,,,,,,,,,
beforeUJ_end,6,19,0.0830780407926918,1.463922529743513e-5,5.06634464641624e-5,7.841619191992372e-6,2.9304867827391003e-5,-1.7714573207462178e-5,-1.7693633097572303e-5,-0.07607377361380142,-0.6546367719978373,-0.2434029025305695,,,,,,,,,,,,,,
beforeUJ_end,6,20,0.08307821377215643,2.210056243773576e-5,6.938411329588897e-5,1.3396442097040298e-5,3.7120881876459645e-5,-2.5060659385076296e-5,-2.4673113920569046e-5,-0.09829394319753766,-0.6336583332973653,-0.2571996500012439,,,,,,,,,,,,,,
beforeUJ_end,6,21,0.08307835076165904,1.9352986145212555e-5,5.600275865621979e-5,1.3158021972834868e-5,2.7477640961435513e-5,-2.0364955908544486e-5,-2.0404129495541653e-5,-0.12348965418042171,-0.6107847189481224,-0.26957008346644934,,,,,,,,,,,,,,
beforeUJ_end,6,22,0.0830784556931353,2.465122022386832e-5,6.609007142776209e-5,1.8227931424488326e-5,2.95597058288787e-5,-2.393209001796594e-5,-2.4757932939117704e-5,-0.14763751858236532,-0.5871069225330904,-0.28177295588059054,,,,,,,,,,,,,,
beforeUJ_end,6,23,0.08307857471596689,2.678519573760085e-5,6.61819960086826e-5,2.1400659750544373e-5,2.659247389986655e-5,-2.3740146681039232e-5,-2.554804224992441e-5,-0.17236766261987863,-0.5618026184709812,-0.2943505370630742,,,,,,,,,,,,,,
beforeUJ_end,6,24,0.08307864775389723,2.6896276088339952e-5,6.187207283402011e-5,2.3111473577128914e-5,2.205995127915151e-5,-2.146505097063739e-5,-2.4728836540171204e-5,-0.1976333170745436,-0.5353384027617154,-0.3064068448281305,,,,,,,,,,,,,,
beforeUJ_end,6,25,0.08307869778891011,3.211661407673251e-5,6.869952968284258e-5,2.9195953276210073e-5,2.1442719415427637e-5,-2.2833470376004433e-5,-2.847837890093878e-5,-0.22263355802625165,-0.5081784665817394,-0.31753327973403656,,,,,,,,,,,,,,
beforeUJ_end,6,26,0.08307877799357542,3.9906810131229964e-5,7.817456070733659e-5,3.778155914630566e-5,2.0851805512796206e-5,-2.5022754139284873e-5,-3.364915918700702e-5,-0.24726969037861055,-0.48019693235926775,-0.3283607461036296,,,,,,,,,,,,,,
beforeUJ_end,6,27,0.08307891455504864,4.8071987683252e-5,8.422132591642786e-5,4.660899969433573e-5,1.8426091657149694e-5,-2.634245881906148e-5,-3.777380117265135e-5,-0.27232045092093415,-0.45151445673840185,-0.33948477705881475,,,,,,,,,,,,,,
beforeUJ_end,6,28,0.08307899503148052,4.385659143643385e-5,6.905213452897082e-5,4.385106292551358e-5,1.1612927248951156e-5,-2.0347867213334252e-5,-3.263918794806814e-5,-0.3003950631914788,-0.42205909200766,-0.3533803735107777,,,,,,,,,,,,,,
beforeUJ_end,6,29,0.0830790353619295,4.34187446692781e-5,6.107298845333646e-5,4.375269716862831e-5,7.210317529371659e-6,-1.6828700353787207e-5,-3.066870975965362e-5,-0.32990863192116443,-0.392520671726218,-0.3676143020923075,,,,,,,,,,,,,,
beforeUJ_end,6,30,0.0830791872637868,4.973192717782432e-5,5.98752930639615e-5,4.8633464619349525e-5,3.7877432569257405e-6,-1.6256223160626566e-5,-3.227268900578916e-5,-0.35930007978165646,-0.3626157120186557,-0.38024773940718887,,,,,,,,,,,,,,
dyn,7,1,0.0830780921183991,9.612474393146827e-5,0.00048668457998432725,0.001733927080069123,0.0005759939489099977,6.990553432751676e-5,7.870776190882815e-5,0.0,0.0,0.0,2.251851480344368e-7,0.0,2.220446049250313e-16,2.220446049250313e-16,1.125925961106566e-9,2.2093438190040615e-16,5.096200742599295e6,2,1.0,1.0,0.13816475385008764,-0.7149916320301568,-0.032546690980089,-0.0003911279393997293
dyn,7,2,0.08307806446349662,4.1968840308592785e-5,0.00018668203867635002,0.0007048312100426228,0.00024332899433320552,2.581725621821513e-5,2.9605522852965996e-5,0.0,0.0,0.0,3.579105397518979e-8,0.0,2.220446049250313e-16,2.220446049250313e-16,1.7895549081033086e-10,2.2093438190040615e-16,809993.8509842315,2,1.0,1.0,0.16918627299096387,-0.7383212230549832,-0.04614074842874713,-0.00016325219899166276
dyn,7,3,0.0830780438511245,2.97356869944592e-5,0.00011998118894627464,0.00046187448465298466,0.00016159387280708282,1.5880366921112116e-5,1.7828185006407393e-5,0.0,0.0,0.0,1.4899999386579735e-8,0.0,2.220446049250313e-16,2.220446049250313e-16,7.450021786728057e-11,2.2093438190040615e-16,337205.17932271917,2,1.0,1.0,0.17009917514407225,-0.7532336040265868,-0.050639249305776374,-0.00010870482471161699
dyn,7,4,0.08307804010363426,2.3636881173214462e-5,9.028271191653892e-5,0.00035407507197952485,0.00012481068006961533,9.702927311138348e-6,1.35623976826441e-5,0.0,0.0,0.0,8.602363994606867e-9,0.0,2.220446049250313e-16,2.220446049250313e-16,4.301204090741624e-11,2.2093438190040615e-16,194682.42352068773,2,1.0,1.0,0.16623555321799305,-0.7620515586640015,-0.05944570223042852,-8.591903261434661e-5
dyn,7,5,0.08307803737988202,2.2435927950508962e-5,8.051053093944177e-5,0.0003210151321470337,0.00011365769467452087,6.865812354299839e-6,1.2104947636457265e-5,0.0,0.0,0.0,6.967691439628414e-9,0.0,2.220446049250313e-16,2.220446049250313e-16,3.483867813252397e-11,2.2093438190040615e-16,157687.89734242772,2,1.0,1.0,0.15762950484340316,-0.767575727767413,-0.06900716609496554,-8.041370970830951e-5
dyn,7,6,0.08307803340617151,2.0433898820185834e-5,6.858604782673397e-5,0.0002781301030139311,9.879072293722859e-5,4.4008324813063615e-6,1.0218428751065985e-5,0.0,0.0,0.0,5.147080281131899e-9,0.0,2.220446049250313e-16,2.220446049250313e-16,2.5735622340041396e-11,2.2093438190040615e-16,116485.3660108123,2,1.0,1.0,0.14796800575195937,-0.7716856911029625,-0.0787516591857013,-7.180651554087092e-5
dyn,7,7,0.08307803096619332,1.927606610869433e-5,6.041848227118747e-5,0.0002494313185730534,8.870212146838192e-5,2.546539472275485e-6,8.956030887173755e-6,0.0,0.0,0.0,4.085307798931062e-9,0.0,2.220446049250313e-16,2.220446049250313e-16,2.042675992903721e-11,2.2093438190040615e-16,92456.22955256137,2,1.0,1.0,0.13742389566694357,-0.7736854306749252,-0.08931496841005125,-6.637385771774838e-5
dyn,7,8,0.08307802920991225,1.8609089123020695e-5,5.426391035234947e-5,0.000228274674131943,8.113946549088595e-5,1.1249334484010856e-6,7.976930495242445e-6,0.0,0.0,0.0,3.3817303237595262e-9,0.0,2.220446049250313e-16,2.220446049250313e-16,1.690887255317953e-11,2.2093438190040615e-16,76533.45942688899,2,1.0,1.0,0.1254707936952546,-0.7735899589419821,-0.10056561209483873,-6.259970132912299e-5
dyn,7,9,0.08307802619225682,1.543652315856363e-5,4.1732982130781615e-5,0.00017927870430803466,6.366477959616503e-5,-1.1943626905984228e-8,6.028741845626903e-6,0.0,0.0,0.0,2.0569001598599936e-9,0.0,2.220446049250313e-16,2.220446049250313e-16,1.028472173368187e-11,2.2093438190040615e-16,46551.024087858204,2,1.0,1.0,0.11260611780989223,-0.7720438410244856,-0.11246401638054823,-5.064384801426879e-5
dyn,7,10,0.08307802140264359,9.662584190926259e-6,2.4264443982364345e-5,0.00010659565923141759,3.777709922613278e-5,-5.894040753021158e-7,3.435736898911636e-6,0.0,0.0,0.0,7.148066068406942e-10,0.0,2.220446049250313e-16,2.220446049250313e-16,3.5742539685853718e-12,2.2093438190040615e-16,16177.898332712157,2,1.0,1.0,0.09978164467485895,-0.7696095078383705,-0.12406542630817746,-3.093483415400626e-5
dyn,7,11,0.08307801666650301,5.396419467657198e-6,1.2627377125394392e-5,5.672262506102556e-5,2.001469168408078e-5,-6.543411510548688e-7,1.7586987890582544e-6,0.0,0.0,0.0,1.9890456215302533e-10,0.0,2.220446049250313e-16,2.220446049250313e-16,9.94743745147027e-13,2.2093438190040615e-16,4502.439758767118,2,1.0,1.0,0.08504168349974109,-0.7650681410380465,-0.13559012460471645,-1.6892911147042564e-5
dyn,7,12,0.08307801458701382,3.4505047796709953e-6,7.504103936671691e-6,3.456386860413767e-5,1.2115861813271365e-5,-6.141712512308876e-7,1.0398765976354315e-6,0.0,0.0,0.0,7.291977470072994e-11,0.0,2.220446049250313e-16,2.220446049250313e-16,3.648198078855501e-13,2.2093438190040615e-16,1651.2586440710947,2,1.0,1.0,0.06848689137446058,-0.7574825361878238,-0.14874122782745147,-1.0588985590380858e-5
dyn,7,13,0.0830780104118746,2.7571103982903397e-6,5.5482942839500216e-6,2.6234377434499727e-5,9.122971225322722e-6,-6.153166046740963e-7,7.541293119006036e-7,0.0,0.0,0.0,4.139862464823523e-11,0.0,2.220446049250313e-16,2.220446049250313e-16,2.0721405762307655e-13,2.2093438190040615e-16,937.8986459268503,2,1.0,1.0,0.04980285351227292,-0.748042537840449,-0.1613640735000377,-8.246334180136758e-6
dyn,7,14,0.08307740436663623,1.0057017668316616e-6,5.2847408501676364e-6,-5.249910691217754e-8,-4.1203058683269664e-6,1.5927089400336927e-6,1.6924438596149312e-6,0.0,0.0,0.0,4.171850105086082e-12,0.0,2.2093438190040615e-16,2.2093438190040615e-16,2.1079080235421314e-14,2.1982970999090413e-16,95.88822291715483,2,1.0,1.0,0.03101473812942773,-0.7379353065707889,-0.17284836327340525,-3.859530897777954e-6
dyn,7,15,0.0830775920202437,4.175897262133315e-6,1.9458732292555498e-5,4.1260869925420113e-7,-1.440781745180514e-5,6.321703429352146e-6,6.252539873085333e-6,0.0,0.0,0.0,6.523034169377715e-11,0.0,2.220446049250313e-16,2.220446049250313e-16,3.2637264285078613e-13,2.2093438190040615e-16,1477.2379022379139,2,1.0,1.0,0.012349217158079271,-0.7246443385609185,-0.18722614811701854,-1.4126342266693889e-5
dyn,7,16,0.08307771130627373,1.3876071049774335e-6,6.007812271354371e-6,3.375523282400111e-7,-4.197906483549901e-6,1.9930586282009275e-6,1.966155053123475e-6,0.0,0.0,0.0,6.79211976498038e-12,0.0,2.2093438190040615e-16,2.2093438190040615e-16,3.41804285348928e-14,2.1982970999090413e-16,155.48593743906173,2,1.0,1.0,-0.010251645393546276,-0.7088213190256978,-0.20164998807992976,-4.3407580975919235e-6
dyn,7,17,0.08307777976238069,6.878826805384546e-6,2.798785121356184e-5,2.409291810711316e-6,-1.8452548886700897e-5,9.349910722753043e-6,9.383680129352822e-6,0.0,0.0,0.0,1.5688796581112901e-10,0.0,2.220446049250313e-16,2.220446049250313e-16,7.846607634375455e-13,2.2093438190040615e-16,3551.5557003312347,2,1.0,1.0,-0.0322247526049866,-0.6923801498883309,-0.21581323823835857,-2.0119858177845083e-5
dyn,7,18,0.08307790967607545,1.2151751700389725e-5,4.547294453213385e-5,5.420111524602299e-6,-2.8115272011674782e-5,1.560062573056614e-5,1.552260748099477e-5,0.0,0.0,0.0,4.5053517519423073e-10,0.0,2.220446049250313e-16,2.220446049250313e-16,2.2528968103530543e-12,2.2093438190040615e-16,10197.130890060496,2,1.0,1.0,-0.05383294695253335,-0.6743679288360414,-0.22981370704821566,-3.256527594896235e-5
dyn,7,19,0.0830780407926918,1.463922529743513e-5,5.06634464641624e-5,7.841619191992372e-6,-2.919944781059112e-5,1.76654641075836e-5,1.76466546174166e-5,0.0,0.0,0.0,6.040966025049717e-10,0.0,2.220446049250313e-16,2.220446049250313e-16,3.020703946906759e-12,2.2093438190040615e-16,13672.403185613935,2,1.0,1.0,-0.07607377361380142,-0.6546367719978373,-0.2434029025305695,-3.6188489034613396e-5
dyn,7,20,0.08307821377215643,2.210056243773576e-5,6.938411329588897e-5,1.3396442097040298e-5,-3.698726817423091e-5,2.4990793641044843e-5,2.4606362414407544e-5,0.0,0.0,0.0,1.2424238499510834e-9,0.0,2.220446049250313e-16,2.220446049250313e-16,6.212340184137317e-12,2.2093438190040615e-16,28118.485365205608,2,1.0,1.0,-0.09829394319753766,-0.6336583332973653,-0.2571996500012439,-4.95837332358977e-5
dyn,7,21,0.08307835076165904,1.9352986145212555e-5,5.600275865621979e-5,1.3158021972834868e-5,-2.7378738868492147e-5,2.0307823635579976e-5,2.034797792239479e-5,0.0,0.0,0.0,8.725474137092494e-10,0.0,2.220446049250313e-16,2.220446049250313e-16,4.362958002928147e-12,2.2093438190040615e-16,19747.754810271686,2,1.0,1.0,-0.12348965418042171,-0.6107847189481224,-0.26957008346644934,-4.0142531854059996e-5
dyn,7,22,0.0830784556931353,2.465122022386832e-5,6.609007142776209e-5,1.8227931424488326e-5,-2.9453363483439552e-5,2.386456809639992e-5,2.4688716556291094e-5,0.0,0.0,0.0,1.297270371187957e-9,0.0,2.220446049250313e-16,2.220446049250313e-16,6.4865727903216854e-12,2.2093438190040615e-16,29359.725428547077,2,1.0,1.0,-0.14763751858236532,-0.5871069225330904,-0.28177295588059054,-4.757752154689164e-5
dyn,7,23,0.08307857471596689,2.678519573760085e-5,6.61819960086826e-5,2.1400659750544373e-5,-2.649695652223719e-5,2.367269703051648e-5,2.5475515320937292e-5,0.0,0.0,0.0,1.3979664898162025e-9,0.0,2.220446049250313e-16,2.220446049250313e-16,6.990053383462913e-12,2.2093438190040615e-16,31638.59478699844,2,1.0,1.0,-0.17236766261987863,-0.5618026184709812,-0.2943505370630742,-4.809741592649696e-5
dyn,7,24,0.08307864775389723,2.6896276088339952e-5,6.187207283402011e-5,2.3111473577128914e-5,-2.1980920068508936e-5,2.140354272455781e-5,2.465771403026407e-5,0.0,0.0,0.0,1.2990439075069888e-9,0.0,2.220446049250313e-16,2.220446049250313e-16,6.495440471916844e-12,2.2093438190040615e-16,29399.862601941648,2,1.0,1.0,-0.1976333170745436,-0.5353384027617154,-0.3064068448281305,-4.5519610604908984e-5
dyn,7,25,0.08307869778891011,3.211661407673251e-5,6.869952968284258e-5,2.9195953276210073e-5,-2.1366189381136043e-5,2.2767408833793724e-5,2.8395496554866478e-5,0.0,0.0,0.0,1.7018134083719485e-9,0.0,2.220446049250313e-16,2.220446049250313e-16,8.509287976241643e-12,2.2093438190040615e-16,38515.00116481418,2,1.0,1.0,-0.22263355802625165,-0.5081784665817394,-0.31753327973403656,-5.1332544511529266e-5
dyn,7,26,0.08307877799357542,3.9906810131229964e-5,7.817456070733659e-5,3.778155914630566e-5,-2.077783079060076e-5,2.4949520261328472e-5,3.3550016526587935e-5,0.0,0.0,0.0,2.3816463334323896e-9,0.0,2.220446049250313e-16,2.220446049250313e-16,1.190845260154385e-11,2.2093438190040615e-16,53900.40472248452,2,1.0,1.0,-0.24726969037861055,-0.48019693235926775,-0.3283607461036296,-5.981290977558295e-5
dyn,7,27,0.08307891455504864,4.8071987683252e-5,8.422132591642786e-5,4.660899969433573e-5,-1.836139670370657e-5,2.6264294580130896e-5,3.7660928912364104e-5,0.0,0.0,0.0,3.0754290524698402e-9,0.0,2.220446049250313e-16,2.220446049250313e-16,1.53773661967311e-11,2.2093438190040615e-16,69601.50821461089,2,1.0,1.0,-0.27232045092093415,-0.45151445673840185,-0.33948477705881475,-6.694117744967851e-5
dyn,7,28,0.08307899503148052,4.385659143643385e-5,6.905213452897082e-5,4.385106292551358e-5,-1.15729249960399e-5,2.028623674754003e-5,3.2540438444195965e-5,0.0,0.0,0.0,2.3132311443834828e-9,0.0,2.220446049250313e-16,2.220446049250313e-16,1.1566376656299316e-11,2.2093438190040615e-16,52352.09004958432,2,1.0,1.0,-0.3003950631914788,-0.42205909200766,-0.3533803735107777,-5.781448975186123e-5
dyn,7,29,0.0830790353619295,4.34187446692781e-5,6.107298845333646e-5,4.375269716862831e-5,-7.186360422046987e-6,1.677648630576919e-5,3.057483292013408e-5,0.0,0.0,0.0,2.0441479154738402e-9,0.0,2.220446049250313e-16,2.220446049250313e-16,1.0220960511751102e-11,2.2093438190040615e-16,46262.426082503334,2,1.0,1.0,-0.32990863192116443,-0.392520671726218,-0.3676143020923075,-5.4380746339908445e-5
dyn,7,30,0.0830791872637868,4.973192717782432e-5,5.98752930639615e-5,4.8633464619349525e-5,-3.776517795044408e-6,1.6204508016119588e-5,3.2172382656962306e-5,0.0,0.0,0.0,2.3400493203447547e-9,0.0,2.220446049250313e-16,2.220446049250313e-16,1.1700467536105675e-11,2.2093438190040615e-16,52959.01631725237,2,1.0,1.0,-0.35930007978165646,-0.3626157120186557,-0.38024773940718887,-5.807317241044905e-5
clip-fired,7,1,0.0830780921183991,9.612474393146827e-5,0.00048668457998432725,0.001733927080069123,,,,,,,,,,,,,,,0.0,0.13816475385008764,-0.7149916320301568,-0.032546690980089,-0.0003911279393997293
clip-fired,7,2,0.08307806446349662,4.1968840308592785e-5,0.00018668203867635002,0.0007048312100426228,,,,,,,,,,,,,,,0.0,0.16918627299096387,-0.7383212230549832,-0.04614074842874713,-0.00016325219899166276
clip-fired,7,3,0.0830780438511245,2.97356869944592e-5,0.00011998118894627464,0.00046187448465298466,,,,,,,,,,,,,,,0.0,0.17009917514407225,-0.7532336040265868,-0.050639249305776374,-0.00010870482471161699
clip-fired,7,4,0.08307804010363426,2.3636881173214462e-5,9.028271191653892e-5,0.00035407507197952485,,,,,,,,,,,,,,,0.0,0.16623555321799305,-0.7620515586640015,-0.05944570223042852,-8.591903261434661e-5
clip-fired,7,5,0.08307803737988202,2.2435927950508962e-5,8.051053093944177e-5,0.0003210151321470337,,,,,,,,,,,,,,,0.0,0.15762950484340316,-0.767575727767413,-0.06900716609496554,-8.041370970830951e-5
clip-fired,7,6,0.08307803340617151,2.0433898820185834e-5,6.858604782673397e-5,0.0002781301030139311,,,,,,,,,,,,,,,0.0,0.14796800575195937,-0.7716856911029625,-0.0787516591857013,-7.180651554087092e-5
clip-fired,7,7,0.08307803096619332,1.927606610869433e-5,6.041848227118747e-5,0.0002494313185730534,,,,,,,,,,,,,,,0.0,0.13742389566694357,-0.7736854306749252,-0.08931496841005125,-6.637385771774838e-5
clip-fired,7,8,0.08307802920991225,1.8609089123020695e-5,5.426391035234947e-5,0.000228274674131943,,,,,,,,,,,,,,,0.0,0.1254707936952546,-0.7735899589419821,-0.10056561209483873,-6.259970132912299e-5
clip-fired,7,9,0.08307802619225682,1.543652315856363e-5,4.1732982130781615e-5,0.00017927870430803466,,,,,,,,,,,,,,,0.0,0.11260611780989223,-0.7720438410244856,-0.11246401638054823,-5.064384801426879e-5
clip-fired,7,10,0.08307802140264359,9.662584190926259e-6,2.4264443982364345e-5,0.00010659565923141759,,,,,,,,,,,,,,,0.0,0.09978164467485895,-0.7696095078383705,-0.12406542630817746,-3.093483415400626e-5
clip-fired,7,11,0.08307801666650301,5.396419467657198e-6,1.2627377125394392e-5,5.672262506102556e-5,,,,,,,,,,,,,,,0.0,0.08504168349974109,-0.7650681410380465,-0.13559012460471645,-1.6892911147042564e-5
clip-fired,7,12,0.08307801458701382,3.4505047796709953e-6,7.504103936671691e-6,3.456386860413767e-5,,,,,,,,,,,,,,,0.0,0.06848689137446058,-0.7574825361878238,-0.14874122782745147,-1.0588985590380858e-5
clip-fired,7,13,0.0830780104118746,2.7571103982903397e-6,5.5482942839500216e-6,2.6234377434499727e-5,,,,,,,,,,,,,,,0.0,0.04980285351227292,-0.748042537840449,-0.1613640735000377,-8.246334180136758e-6
clip-fired,7,14,0.08307740436663623,1.0057017668316616e-6,5.2847408501676364e-6,-5.249910691217754e-8,,,,,,,,,,,,,,,0.0,0.03101473812942773,-0.7379353065707889,-0.17284836327340525,-3.859530897777954e-6
clip-fired,7,15,0.0830775920202437,4.175897262133315e-6,1.9458732292555498e-5,4.1260869925420113e-7,,,,,,,,,,,,,,,0.0,0.012349217158079271,-0.7246443385609185,-0.18722614811701854,-1.4126342266693889e-5
clip-fired,7,16,0.08307771130627373,1.3876071049774335e-6,6.007812271354371e-6,3.375523282400111e-7,,,,,,,,,,,,,,,0.0,-0.010251645393546276,-0.7088213190256978,-0.20164998807992976,-4.3407580975919235e-6
clip-fired,7,17,0.08307777976238069,6.878826805384546e-6,2.798785121356184e-5,2.409291810711316e-6,,,,,,,,,,,,,,,0.0,-0.0322247526049866,-0.6923801498883309,-0.21581323823835857,-2.0119858177845083e-5
clip-fired,7,18,0.08307790967607545,1.2151751700389725e-5,4.547294453213385e-5,5.420111524602299e-6,,,,,,,,,,,,,,,0.0,-0.05383294695253335,-0.6743679288360414,-0.22981370704821566,-3.256527594896235e-5
clip-fired,7,19,0.0830780407926918,1.463922529743513e-5,5.06634464641624e-5,7.841619191992372e-6,,,,,,,,,,,,,,,0.0,-0.07607377361380142,-0.6546367719978373,-0.2434029025305695,-3.6188489034613396e-5
clip-fired,7,20,0.08307821377215643,2.210056243773576e-5,6.938411329588897e-5,1.3396442097040298e-5,,,,,,,,,,,,,,,0.0,-0.09829394319753766,-0.6336583332973653,-0.2571996500012439,-4.95837332358977e-5
clip-fired,7,21,0.08307835076165904,1.9352986145212555e-5,5.600275865621979e-5,1.3158021972834868e-5,,,,,,,,,,,,,,,0.0,-0.12348965418042171,-0.6107847189481224,-0.26957008346644934,-4.0142531854059996e-5
clip-fired,7,22,0.0830784556931353,2.465122022386832e-5,6.609007142776209e-5,1.8227931424488326e-5,,,,,,,,,,,,,,,0.0,-0.14763751858236532,-0.5871069225330904,-0.28177295588059054,-4.757752154689164e-5
clip-fired,7,23,0.08307857471596689,2.678519573760085e-5,6.61819960086826e-5,2.1400659750544373e-5,,,,,,,,,,,,,,,0.0,-0.17236766261987863,-0.5618026184709812,-0.2943505370630742,-4.809741592649696e-5
clip-fired,7,24,0.08307864775389723,2.6896276088339952e-5,6.187207283402011e-5,2.3111473577128914e-5,,,,,,,,,,,,,,,0.0,-0.1976333170745436,-0.5353384027617154,-0.3064068448281305,-4.5519610604908984e-5
clip-fired,7,25,0.08307869778891011,3.211661407673251e-5,6.869952968284258e-5,2.9195953276210073e-5,,,,,,,,,,,,,,,0.0,-0.22263355802625165,-0.5081784665817394,-0.31753327973403656,-5.1332544511529266e-5
clip-fired,7,26,0.08307877799357542,3.9906810131229964e-5,7.817456070733659e-5,3.778155914630566e-5,,,,,,,,,,,,,,,0.0,-0.24726969037861055,-0.48019693235926775,-0.3283607461036296,-5.981290977558295e-5
clip-fired,7,27,0.08307891455504864,4.8071987683252e-5,8.422132591642786e-5,4.660899969433573e-5,,,,,,,,,,,,,,,0.0,-0.27232045092093415,-0.45151445673840185,-0.33948477705881475,-6.694117744967851e-5
clip-fired,7,28,0.08307899503148052,4.385659143643385e-5,6.905213452897082e-5,4.385106292551358e-5,,,,,,,,,,,,,,,0.0,-0.3003950631914788,-0.42205909200766,-0.3533803735107777,-5.781448975186123e-5
clip-fired,7,29,0.0830790353619295,4.34187446692781e-5,6.107298845333646e-5,4.375269716862831e-5,,,,,,,,,,,,,,,0.0,-0.32990863192116443,-0.392520671726218,-0.3676143020923075,-5.4380746339908445e-5
clip-fired,7,30,0.0830791872637868,4.973192717782432e-5,5.98752930639615e-5,4.8633464619349525e-5,,,,,,,,,,,,,,,0.0,-0.35930007978165646,-0.3626157120186557,-0.38024773940718887,-5.807317241044905e-5
beforeUJ_end,7,1,0.08307873422348032,0.00013659309254755148,0.00058517979187535,0.001700415081519175,-0.0006510527092256066,-0.00012749848500399612,-0.00014703023978001505,0.2604604850840075,-1.2190949529041366,-0.12687758036289792,,,,,,,,,,,,,,
beforeUJ_end,7,2,0.08307868681467064,5.84933939290932e-5,0.0002269782470171219,0.0006916950448755592,-0.00027431842518965384,-4.703651417197408e-5,-5.703628894313932e-5,0.29153463312366956,-1.2614285512326944,-0.14907319303850494,,,,,,,,,,,,,,
beforeUJ_end,7,3,0.08307864838705585,4.0705184273630945e-5,0.0001462282251923711,0.0004533888887417126,-0.0001824688396393543,-2.8718654516802097e-5,-3.5351332906007124e-5,0.2904568858261165,-1.293558405270107,-0.1570568344360323,,,,,,,,,,,,,,
beforeUJ_end,7,4,0.0830786352152947,3.245753916856043e-5,0.0001102134162571823,0.0003476701034528498,-0.00014109236324024455,-1.9009096329702787e-5,-2.672670815452182e-5,0.284788357696541,-1.316329422431046,-0.1722527455756582,,,,,,,,,,,,,,
beforeUJ_end,7,5,0.08307862474569143,3.078923462238209e-5,9.838866332870106e-5,0.0003152849783721245,-0.0001286442671181407,-1.4804120960059171e-5,-2.3801639481817317e-5,0.2732640390199241,-1.334081094552774,-0.18860078988690354,,,,,,,,,,,,,,
beforeUJ_end,7,6,0.08307861229049339,2.797625950622046e-5,8.391573413153315e-5,0.00027322358429417685,-0.0001119499121011504,-1.0831878386668311e-5,-2.0125437009995765e-5,0.2599257870337427,-1.3495307594682187,-0.20504458796543534,,,,,,,,,,,,,,
beforeUJ_end,7,7,0.08307860310485847,2.6323713667834764e-5,7.402819555294858e-5,0.00024507755611140005,-0.00010059689776570746,-7.902335713272096e-6,-1.76599599316216e-5,0.24573143525141508,-1.3615288207426155,-0.22283023681515227,,,,,,,,,,,,,,
beforeUJ_end,7,8,0.08307859548313108,2.5322099751056813e-5,6.659475504755644e-5,0.0002243270345226017,-9.207305011220009e-5,-5.641287246983966e-6,-1.5780584721431594e-5,0.22960920608410845,-1.3700293771628176,-0.24163383479955458,,,,,,,,,,,,,,
beforeUJ_end,7,9,0.08307858544451437,2.0924972258259777e-5,5.1324706859071545e-5,0.00017620381477830257,-7.22781357170836e-5,-3.2355857152327087e-6,-1.2009080084305007e-5,0.21139621943386583,-1.3759036251262993,-0.26119910097656246,,,,,,,,,,,,,,
beforeUJ_end,7,10,0.08307857198144601,1.3069134990206435e-5,2.9918579155038875e-5,0.00010477843677983073,-4.2900678118299895e-5,-1.1696172678745995e-6,-6.892792863994362e-6,0.19285111630115975,-1.3800117945131523,-0.2800913323438011,,,,,,,,,,,,,,
beforeUJ_end,7,11,0.08307855846969021,7.296279498015607e-6,1.5609546367159658e-5,5.575881839229749e-5,-2.273393641945844e-5,-1.979752261867269e-7,-3.543559914581783e-6,0.17194671502921305,-1.38046816220824,-0.2987744865653557,,,,,,,,,,,,,,
beforeUJ_end,7,12,0.08307855031545511,4.666805001471457e-6,9.30416626237266e-6,3.397792611959366e-5,-1.3758415246295434e-5,1.433596089500061e-7,-2.0985568387027308e-6,0.14896957220770754,-1.375629741933814,-0.320169952509891,,,,,,,,,,,,,,
beforeUJ_end,7,13,0.08307853904137383,3.7261608197283643e-6,6.903203325977655e-6,2.5788967159481226e-5,-1.0355756545955731e-5,2.944849511188773e-7,-1.5336946134527127e-6,0.12299542912995531,-1.3674011321119504,-0.3405248862541042,,,,,,,,,,,,,,
beforeUJ_end,7,14,0.08307874010467164,1.2515663596111146e-6,4.966546324104902e-6,1.645546321261565e-6,3.1573984877520163e-6,-1.8713225023923989e-6,-2.2383454482313034e-6,0.09605949433866895,-1.3573921282200632,-0.3586980179398077,,,,,,,,,,,,,,
beforeUJ_end,7,15,0.08307911759346025,5.048596309590443e-6,1.811202988162464e-5,6.5335790629754525e-6,1.0826930875584224e-5,-7.257638671338872e-6,-8.217807790746563e-6,0.06946441256955362,-1.3413527252256683,-0.38179283802107483,,,,,,,,,,,,,,
beforeUJ_end,7,16,0.08307936203266286,1.656317920735698e-6,5.5357181767204855e-6,2.17775465678367e-6,3.0870473458381844e-6,-2.255639728090751e-6,-2.5578153197105125e-6,0.03893391431742476,-1.3211979374711937,-0.405087343113684,,,,,,,,,,,,,,
beforeUJ_end,7,17,0.08307951812595611,8.154290307041647e-6,2.5562883365154395e-5,1.078978442048354e-5,1.3285574835538994e-5,-1.0483400629315915e-5,-1.2075633536407882e-5,0.006359595385400181,-1.2985018430623545,-0.4273128898684619,,,,,,,,,,,,,,
beforeUJ_end,7,18,0.08307976982545816,1.421402059286641e-5,4.1143851627592606e-5,1.8702293303488245e-5,1.9756301479755553e-5,-1.7252604135527486e-5,-1.978727716946472e-5,-0.02484154978723077,-1.272474621529628,-0.4494047960620754,,,,,,,,,,,,,,
beforeUJ_end,7,19,0.08308001054770238,1.6941847009597506e-5,4.539766702261411e-5,2.2233740164819445e-5,1.997282894018771e-5,-1.928696425518171e-5,-2.227526137015383e-5,-0.0558318717575555,-1.2430625210634663,-0.4709598243228404,,,,,,,,,,,,,,
beforeUJ_end,7,20,0.0830803144603469,2.5186684488292156e-5,6.154487312676744e-5,3.254781830235447e-5,2.4494451167168115e-5,-2.6866880305963348e-5,-3.0766755026308927e-5,-0.08771119377012487,-1.210345815489696,-0.49263094881605046,,,,,,,,,,,,,,
beforeUJ_end,7,21,0.08308054621338709,2.1849496680066105e-5,4.9163306578891665e-5,2.8091998709382452e-5,1.7469538839377257e-5,-2.1569437476050136e-5,-2.5166044514789325e-5,-0.12217443020667343,-1.1744892223089138,-0.5121263949963117,,,,,,,,,,,,,,
beforeUJ_end,7,22,0.08308072128202322,2.7665077414709775e-5,5.7432852394351705e-5,3.526145492037784e-5,1.8018363870693392e-5,-2.5101278992799277e-5,-3.0197226583044078e-5,-0.1565470081998724,-1.1357398193452724,-0.5309896013250133,,,,,,,,,,,,,,
beforeUJ_end,7,23,0.08308090742609164,2.9878263009753947e-5,5.68762897807339e-5,3.777889818296647e-5,1.5347887633599422e-5,-2.4641813158381972e-5,-3.080465699288641e-5,-0.19125767396347523,-1.093602952804797,-0.55061853755231,,,,,,,,,,,,,,
beforeUJ_end,7,24,0.08308101573449045,2.9966976492995995e-5,5.256685096495902e-5,3.773367645437888e-5,1.1895145873589973e-5,-2.2118299151596473e-5,-2.9464617483446236e-5,-0.22675760301988937,-1.0487326698425548,-0.569361872737995,,,,,,,,,,,,,,
beforeUJ_end,7,25,0.08308108703845592,3.5799937544436495e-5,5.768395126903226e-5,4.465056554127864e-5,1.058117685459802e-5,-2.339551630502041e-5,-3.353845506699503e-5,-0.26258993338866976,-1.0014788503464667,-0.5863140448892463,,,,,,,,,,,,,,
beforeUJ_end,7,26,0.08308119618720287,4.4402476082967414e-5,6.479622838199957e-5,5.440650625199453e-5,9.002122329861779e-6,-2.5455982209152844e-5,-3.917871771933439e-5,-0.2980860220974885,-0.9518755026231879,-0.6027459422263529,,,,,,,,,,,,,,
beforeUJ_end,7,27,0.08308137772415339,5.316930080825744e-5,6.878818104618143e-5,6.337496211878326e-5,6.210381071608608e-6,-2.6533582939665155e-5,-4.347928123203634e-5,-0.33447130257421515,-0.9003897802018547,-0.6197932071684755,,,,,,,,,,,,,,
beforeUJ_end,7,28,0.08308148492479274,4.846206016886037e-5,5.543118279926495e-5,5.6500388782125625e-5,2.0465824567646335e-6,-2.0407702229861994e-5,-3.713480594532435e-5,-0.37608772372725374,-0.8476749846463391,-0.6419898713234589,,,,,,,,,,,,,,
beforeUJ_end,7,29,0.0830815528535901,4.799291151023042e-5,4.806167663537659e-5,5.399295429756914e-5,-8.870037543863927e-7,-1.6895046212802092e-5,-3.45132964670405e-5,-0.42128994645885776,-0.7941296326233093,-0.6647352787596366,,,,,,,,,,,,,,
beforeUJ_end,7,30,0.08308176341355551,5.4560485516127796e-5,4.598130004501742e-5,5.771791822503492e-5,-3.848674010369538e-6,-1.6264817679728298e-5,-3.591234351897799e-5,-0.46690605759425247,-0.7390789073812921,-0.6847427918954466,,,,,,,,,,,,,,
beforeUJ_end,7,1,0.08307873422348032,0.00013659309254755148,0.00058517979187535,0.001700415081519175,-0.0006510527092256066,-0.00012749848500399612,-0.00014703023978001505,0.2604604850840075,-1.2190949529041366,-0.12687758036289792,,,,,,,,,,,,,,
beforeUJ_end,7,2,0.08307868681467064,5.84933939290932e-5,0.0002269782470171219,0.0006916950448755592,-0.00027431842518965384,-4.703651417197408e-5,-5.703628894313932e-5,0.29153463312366956,-1.2614285512326944,-0.14907319303850494,,,,,,,,,,,,,,
beforeUJ_end,7,3,0.08307864838705585,4.0705184273630945e-5,0.0001462282251923711,0.0004533888887417126,-0.0001824688396393543,-2.8718654516802097e-5,-3.5351332906007124e-5,0.2904568858261165,-1.293558405270107,-0.1570568344360323,,,,,,,,,,,,,,
beforeUJ_end,7,4,0.0830786352152947,3.245753916856043e-5,0.0001102134162571823,0.0003476701034528498,-0.00014109236324024455,-1.9009096329702787e-5,-2.672670815452182e-5,0.284788357696541,-1.316329422431046,-0.1722527455756582,,,,,,,,,,,,,,
beforeUJ_end,7,5,0.08307862474569143,3.078923462238209e-5,9.838866332870106e-5,0.0003152849783721245,-0.0001286442671181407,-1.4804120960059171e-5,-2.3801639481817317e-5,0.2732640390199241,-1.334081094552774,-0.18860078988690354,,,,,,,,,,,,,,
beforeUJ_end,7,6,0.08307861229049339,2.797625950622046e-5,8.391573413153315e-5,0.00027322358429417685,-0.0001119499121011504,-1.0831878386668311e-5,-2.0125437009995765e-5,0.2599257870337427,-1.3495307594682187,-0.20504458796543534,,,,,,,,,,,,,,
beforeUJ_end,7,7,0.08307860310485847,2.6323713667834764e-5,7.402819555294858e-5,0.00024507755611140005,-0.00010059689776570746,-7.902335713272096e-6,-1.76599599316216e-5,0.24573143525141508,-1.3615288207426155,-0.22283023681515227,,,,,,,,,,,,,,
beforeUJ_end,7,8,0.08307859548313108,2.5322099751056813e-5,6.659475504755644e-5,0.0002243270345226017,-9.207305011220009e-5,-5.641287246983966e-6,-1.5780584721431594e-5,0.22960920608410845,-1.3700293771628176,-0.24163383479955458,,,,,,,,,,,,,,
beforeUJ_end,7,9,0.08307858544451437,2.0924972258259777e-5,5.1324706859071545e-5,0.00017620381477830257,-7.22781357170836e-5,-3.2355857152327087e-6,-1.2009080084305007e-5,0.21139621943386583,-1.3759036251262993,-0.26119910097656246,,,,,,,,,,,,,,
beforeUJ_end,7,10,0.08307857198144601,1.3069134990206435e-5,2.9918579155038875e-5,0.00010477843677983073,-4.2900678118299895e-5,-1.1696172678745995e-6,-6.892792863994362e-6,0.19285111630115975,-1.3800117945131523,-0.2800913323438011,,,,,,,,,,,,,,
beforeUJ_end,7,11,0.08307855846969021,7.296279498015607e-6,1.5609546367159658e-5,5.575881839229749e-5,-2.273393641945844e-5,-1.979752261867269e-7,-3.543559914581783e-6,0.17194671502921305,-1.38046816220824,-0.2987744865653557,,,,,,,,,,,,,,
beforeUJ_end,7,12,0.08307855031545511,4.666805001471457e-6,9.30416626237266e-6,3.397792611959366e-5,-1.3758415246295434e-5,1.433596089500061e-7,-2.0985568387027308e-6,0.14896957220770754,-1.375629741933814,-0.320169952509891,,,,,,,,,,,,,,
beforeUJ_end,7,13,0.08307853904137383,3.7261608197283643e-6,6.903203325977655e-6,2.5788967159481226e-5,-1.0355756545955731e-5,2.944849511188773e-7,-1.5336946134527127e-6,0.12299542912995531,-1.3674011321119504,-0.3405248862541042,,,,,,,,,,,,,,
beforeUJ_end,7,14,0.08307874010467164,1.2515663596111146e-6,4.966546324104902e-6,1.645546321261565e-6,3.1573984877520163e-6,-1.8713225023923989e-6,-2.2383454482313034e-6,0.09605949433866895,-1.3573921282200632,-0.3586980179398077,,,,,,,,,,,,,,
beforeUJ_end,7,15,0.08307911759346025,5.048596309590443e-6,1.811202988162464e-5,6.5335790629754525e-6,1.0826930875584224e-5,-7.257638671338872e-6,-8.217807790746563e-6,0.06946441256955362,-1.3413527252256683,-0.38179283802107483,,,,,,,,,,,,,,
beforeUJ_end,7,16,0.08307936203266286,1.656317920735698e-6,5.5357181767204855e-6,2.17775465678367e-6,3.0870473458381844e-6,-2.255639728090751e-6,-2.5578153197105125e-6,0.03893391431742476,-1.3211979374711937,-0.405087343113684,,,,,,,,,,,,,,
beforeUJ_end,7,17,0.08307951812595611,8.154290307041647e-6,2.5562883365154395e-5,1.078978442048354e-5,1.3285574835538994e-5,-1.0483400629315915e-5,-1.2075633536407882e-5,0.006359595385400181,-1.2985018430623545,-0.4273128898684619,,,,,,,,,,,,,,
beforeUJ_end,7,18,0.08307976982545816,1.421402059286641e-5,4.1143851627592606e-5,1.8702293303488245e-5,1.9756301479755553e-5,-1.7252604135527486e-5,-1.978727716946472e-5,-0.02484154978723077,-1.272474621529628,-0.4494047960620754,,,,,,,,,,,,,,
beforeUJ_end,7,19,0.08308001054770238,1.6941847009597506e-5,4.539766702261411e-5,2.2233740164819445e-5,1.997282894018771e-5,-1.928696425518171e-5,-2.227526137015383e-5,-0.0558318717575555,-1.2430625210634663,-0.4709598243228404,,,,,,,,,,,,,,
beforeUJ_end,7,20,0.0830803144603469,2.5186684488292156e-5,6.154487312676744e-5,3.254781830235447e-5,2.4494451167168115e-5,-2.6866880305963348e-5,-3.0766755026308927e-5,-0.08771119377012487,-1.210345815489696,-0.49263094881605046,,,,,,,,,,,,,,
beforeUJ_end,7,21,0.08308054621338709,2.1849496680066105e-5,4.9163306578891665e-5,2.8091998709382452e-5,1.7469538839377257e-5,-2.1569437476050136e-5,-2.5166044514789325e-5,-0.12217443020667343,-1.1744892223089138,-0.5121263949963117,,,,,,,,,,,,,,
beforeUJ_end,7,22,0.08308072128202322,2.7665077414709775e-5,5.7432852394351705e-5,3.526145492037784e-5,1.8018363870693392e-5,-2.5101278992799277e-5,-3.0197226583044078e-5,-0.1565470081998724,-1.1357398193452724,-0.5309896013250133,,,,,,,,,,,,,,
beforeUJ_end,7,23,0.08308090742609164,2.9878263009753947e-5,5.68762897807339e-5,3.777889818296647e-5,1.5347887633599422e-5,-2.4641813158381972e-5,-3.080465699288641e-5,-0.19125767396347523,-1.093602952804797,-0.55061853755231,,,,,,,,,,,,,,
beforeUJ_end,7,24,0.08308101573449045,2.9966976492995995e-5,5.256685096495902e-5,3.773367645437888e-5,1.1895145873589973e-5,-2.2118299151596473e-5,-2.9464617483446236e-5,-0.22675760301988937,-1.0487326698425548,-0.569361872737995,,,,,,,,,,,,,,
beforeUJ_end,7,25,0.08308108703845592,3.5799937544436495e-5,5.768395126903226e-5,4.465056554127864e-5,1.058117685459802e-5,-2.339551630502041e-5,-3.353845506699503e-5,-0.26258993338866976,-1.0014788503464667,-0.5863140448892463,,,,,,,,,,,,,,
beforeUJ_end,7,26,0.08308119618720287,4.4402476082967414e-5,6.479622838199957e-5,5.440650625199453e-5,9.002122329861779e-6,-2.5455982209152844e-5,-3.917871771933439e-5,-0.2980860220974885,-0.9518755026231879,-0.6027459422263529,,,,,,,,,,,,,,
beforeUJ_end,7,27,0.08308137772415339,5.316930080825744e-5,6.878818104618143e-5,6.337496211878326e-5,6.210381071608608e-6,-2.6533582939665155e-5,-4.347928123203634e-5,-0.33447130257421515,-0.9003897802018547,-0.6197932071684755,,,,,,,,,,,,,,
beforeUJ_end,7,28,0.08308148492479274,4.846206016886037e-5,5.543118279926495e-5,5.6500388782125625e-5,2.0465824567646335e-6,-2.0407702229861994e-5,-3.713480594532435e-5,-0.37608772372725374,-0.8476749846463391,-0.6419898713234589,,,,,,,,,,,,,,
beforeUJ_end,7,29,0.0830815528535901,4.799291151023042e-5,4.806167663537659e-5,5.399295429756914e-5,-8.870037543863927e-7,-1.6895046212802092e-5,-3.45132964670405e-5,-0.42128994645885776,-0.7941296326233093,-0.6647352787596366,,,,,,,,,,,,,,
beforeUJ_end,7,30,0.08308176341355551,5.4560485516127796e-5,4.598130004501742e-5,5.771791822503492e-5,-3.848674010369538e-6,-1.6264817679728298e-5,-3.591234351897799e-5,-0.46690605759425247,-0.7390789073812921,-0.6847427918954466,,,,,,,,,,,,,,
dyn,8,1,0.08307873422348032,0.00013659309254755148,0.00058517979187535,0.001700415081519175,0.0006489537558985009,0.00012639595794248238,0.00014674624947408403,0.0,0.0,0.0,4.1090008707361024e-7,0.0,2.220446049250313e-16,2.220446049250313e-16,2.054500656302433e-9,2.2093438190040615e-16,9.299144110709626e6,2,1.0,1.0,0.2604604850840075,-1.2190949529041366,-0.12687758036289792,-0.000893557178828405
dyn,8,2,0.08307868681467064,5.84933939290932e-5,0.0002269782470171219,0.0006916950448755592,0.00027342366784886894,4.6597629824798775e-5,5.692249721443556e-5,0.0,0.0,0.0,6.574530650324198e-8,0.0,2.220446049250313e-16,2.220446049250313e-16,3.287267534505918e-10,2.2093438190040615e-16,1.4878931500972845e6,2,1.0,1.0,0.29153463312366956,-1.2614285512326944,-0.14907319303850494,-0.00037237718010537984
dyn,8,3,0.08307864838705585,4.0705184273630945e-5,0.0001462282251923711,0.0004533888887417126,0.00018186647800270107,2.843422828470982e-5,3.528090862213499e-5,0.0,0.0,0.0,2.7474096889498503e-8,0.0,2.220446049250313e-16,2.220446049250313e-16,1.3737070538187442e-10,2.2093438190040615e-16,621771.5151451576,2,1.0,1.0,0.2904568858261165,-1.293558405270107,-0.1570568344360323,-0.0002485394723584684
dyn,8,4,0.0830786352152947,3.245753916856043e-5,0.0001102134162571823,0.0003476701034528498,0.00014062140148379525,1.87971854298691e-5,2.6672306692823784e-5,0.0,0.0,0.0,1.586136302517574e-8,0.0,2.220446049250313e-16,2.220446049250313e-16,7.93070360602606e-11,2.2093438190040615e-16,358961.94778778707,2,1.0,1.0,0.284788357696541,-1.316329422431046,-0.1722527455756582,-0.00019572076316561027
dyn,8,5,0.08307862474569143,3.078923462238209e-5,9.838866332870106e-5,0.0003152849783721245,0.00012821028554034126,1.4617198961068126e-5,2.375221729408223e-5,0.0,0.0,0.0,1.283575740411081e-8,0.0,2.220446049250313e-16,2.220446049250313e-16,6.417900795493595e-11,2.2093438190040615e-16,290489.0013174449,2,1.0,1.0,0.2732640390199241,-1.334081094552774,-0.18860078988690354,-0.00018230786101435166
dyn,8,6,0.08307861229049339,2.797625950622046e-5,8.391573413153315e-5,0.00027322358429417685,0.00011156838958301342,1.0674475258726077e-5,2.0082884802606483e-5,0.0,0.0,0.0,9.475627994956952e-9,0.0,2.220446049250313e-16,2.220446049250313e-16,4.7378360909166657e-11,2.2093438190040615e-16,214445.3955135154,2,1.0,1.0,0.2599257870337427,-1.3495307594682187,-0.20504458796543534,-0.00016199813040748538
dyn,8,7,0.08307860310485847,2.6323713667834764e-5,7.402819555294858e-5,0.00024507755611140005,0.00010025071615022789,7.765496022002983e-6,1.7621764545870264e-5,0.0,0.0,0.0,7.50993818690599e-9,0.0,2.220446049250313e-16,2.220446049250313e-16,3.754991186891185e-11,2.2093438190040615e-16,169959.5669353029,2,1.0,1.0,0.24573143525141508,-1.3615288207426155,-0.22283023681515227,-0.00014893364771854752
dyn,8,8,0.08307859548313108,2.5322099751056813e-5,6.659475504755644e-5,0.0002243270345226017,9.175324436683704e-5,5.520059484082619e-6,1.5745608896424396e-5,0.0,0.0,0.0,6.204488093320087e-9,0.0,2.220446049250313e-16,2.220446049250313e-16,3.1022661400982333e-11,2.2093438190040615e-16,140415.72495025638,2,1.0,1.0,0.22960920608410845,-1.3700293771628176,-0.24163383479955458,-0.00013962758516079972
dyn,8,9,0.08307858544451437,2.0924972258259777e-5,5.1324706859071545e-5,0.00017620381477830257,7.202485437651906e-5,3.1435979531402428e-6,1.1981829277973566e-5,0.0,0.0,0.0,3.76836723091297e-9,0.0,2.220446049250313e-16,2.220446049250313e-16,1.8842057088946752e-11,2.2093438190040615e-16,85283.49877856704,2,1.0,1.0,0.21139621943386583,-1.3759036251262993,-0.26119910097656246,-0.00011221866820751989
dyn,8,10,0.08307857198144601,1.3069134990206435e-5,2.9918579155038875e-5,0.00010477843677983073,4.274905860461919e-5,1.1170469057539219e-6,6.876780274182874e-6,0.0,0.0,0.0,1.3087140052017066e-9,0.0,2.220446049250313e-16,2.220446049250313e-16,6.543790960390433e-12,2.2093438190040615e-16,29618.708071160578,2,1.0,1.0,0.19285111630115975,-1.3800117945131523,-0.2800913323438011,-6.811512679564066e-5
dyn,8,11,0.08307855846969021,7.296279498015607e-6,1.5609546367159658e-5,5.575881839229749e-5,2.265293164656389e-5,1.7123916170866187e-7,3.535122797138809e-6,0.0,0.0,0.0,3.639741483482191e-10,0.0,2.220446049250313e-16,2.220446049250313e-16,1.820091676122996e-12,2.2093438190040615e-16,8238.154969213736,2,1.0,1.0,0.17194671502921305,-1.38046816220824,-0.2987744865653557,-3.695322283140802e-5
dyn,8,12,0.08307855031545511,4.666805001471457e-6,9.30416626237266e-6,3.397792611959366e-5,1.3709013235400626e-5,-1.5885680240814206e-7,2.0934003820082544e-6,0.0,0.0,0.0,1.3322777895444952e-10,0.0,2.220446049250313e-16,2.220446049250313e-16,6.66359829154148e-13,2.2093438190040615e-16,3016.098370123908,2,1.0,1.0,0.14896957220770754,-1.375629741933814,-0.320169952509891,-2.2982586881865897e-5
dyn,8,13,0.08307853904137383,3.7261608197283643e-6,6.903203325977655e-6,2.5788967159481226e-5,1.0318297181258335e-5,-3.056632741896988e-7,1.529810521567263e-6,0.0,0.0,0.0,7.556244281627077e-11,0.0,2.220446049250313e-16,2.220446049250313e-16,3.7803314846325423e-13,2.2093438190040615e-16,1711.0652729173942,2,1.0,1.0,0.12299542912995531,-1.3674011321119504,-0.3405248862541042,-1.7762932402704284e-5
dyn,8,14,0.08307874010467164,1.2515663596111146e-6,4.966546324104902e-6,1.645546321261565e-6,-3.1461982708710073e-6,1.8654749684707259e-6,2.233006695997156e-6,0.0,0.0,0.0,8.974802461175253e-12,0.0,2.2093438190040615e-16,2.2093438190040615e-16,4.509384201586717e-14,2.1982970999090413e-16,205.1307897268891,2,1.0,1.0,0.09605949433866895,-1.3573921282200632,-0.3586980179398077,-7.2115802570094186e-6
dyn,8,15,0.08307911759346025,5.048596309590443e-6,1.811202988162464e-5,6.5335790629754525e-6,-1.0788433927346406e-5,7.23483328191912e-6,8.197827523812358e-6,0.0,0.0,0.0,1.297418264808436e-10,0.0,2.220446049250313e-16,2.220446049250313e-16,6.489300667861184e-13,2.2093438190040615e-16,2937.207243183391,2,1.0,1.0,0.06946441256955362,-1.3413527252256683,-0.38179283802107483,-2.6438396557027904e-5
dyn,8,16,0.08307936203266286,1.656317920735698e-6,5.5357181767204855e-6,2.17775465678367e-6,-3.076051639972081e-6,2.248476469879698e-6,2.551479511061168e-6,0.0,0.0,0.0,1.28697834677645e-11,0.0,2.2093438190040615e-16,2.2093438190040615e-16,6.45687470488134e-14,2.1982970999090413e-16,293.72165869429136,2,1.0,1.0,0.03893391431742476,-1.3211979374711937,-0.405087343113684,-8.131473345366515e-6
dyn,8,17,0.08307951812595611,8.154290307041647e-6,2.5562883365154395e-5,1.078978442048354e-5,-1.3238183895098426e-5,1.0449790898291787e-5,1.2045168211505857e-5,0.0,0.0,0.0,2.8827612893641266e-10,0.0,2.220446049250313e-16,2.220446049250313e-16,1.4416015790639637e-12,2.2093438190040615e-16,6525.0214414966695,2,1.0,1.0,0.006359595385400181,-1.2985018430623545,-0.4273128898684619,-3.7752207138407637e-5
dyn,8,18,0.08307976982545816,1.421402059286641e-5,4.1143851627592606e-5,1.8702293303488245e-5,-1.9685769985808693e-5,1.7196846242017317e-5,1.9736441429454827e-5,0.0,0.0,0.0,7.944567248601682e-10,0.0,2.220446049250313e-16,2.220446049250313e-16,3.972504558682741e-12,2.2093438190040615e-16,17980.472412272553,2,1.0,1.0,-0.02484154978723077,-1.272474621529628,-0.4494047960620754,-6.111250563627374e-5
dyn,8,19,0.08308001054770238,1.6941847009597506e-5,4.539766702261411e-5,2.2233740164819445e-5,-1.9901515178596233e-5,1.922403926696344e-5,2.2217038055924894e-5,0.0,0.0,0.0,1.026437381545373e-9,0.0,2.220446049250313e-16,2.220446049250313e-16,5.1324078421087655e-12,2.2093438190040615e-16,23230.462357019547,2,1.0,1.0,-0.0558318717575555,-1.2430625210634663,-0.4709598243228404,-6.78492318111695e-5
dyn,8,20,0.0830803144603469,2.5186684488292156e-5,6.154487312676744e-5,3.254781830235447e-5,-2.440706299535727e-5,2.6778539509524688e-5,3.0684851409379325e-5,0.0,0.0,0.0,2.025977568621142e-9,0.0,2.220446049250313e-16,2.220446049250313e-16,1.013010877748761e-11,2.2093438190040615e-16,45851.21016634753,2,1.0,1.0,-0.08771119377012487,-1.210345815489696,-0.49263094881605046,-9.27337964295881e-5
dyn,8,21,0.08308054621338709,2.1849496680066105e-5,4.9163306578891665e-5,2.8091998709382452e-5,-1.7407333359100955e-5,2.1497701494061005e-5,2.5097913786708716e-5,0.0,0.0,0.0,1.3774623570242718e-9,0.0,2.220446049250313e-16,2.220446049250313e-16,6.8875327195032594e-12,2.2093438190040615e-16,31174.562602067315,2,1.0,1.0,-0.12217443020667343,-1.1744892223089138,-0.5121263949963117,-7.479787754444394e-5
dyn,8,22,0.08308072128202322,2.7665077414709775e-5,5.7432852394351705e-5,3.526145492037784e-5,-1.7954404021413565e-5,2.5016757159737983e-5,3.0114174296013525e-5,0.0,0.0,0.0,1.9959375135258023e-9,0.0,2.220446049250313e-16,2.220446049250313e-16,9.979908502010913e-12,2.2093438190040615e-16,45171.369056128635,2,1.0,1.0,-0.1565470081998724,-1.1357398193452724,-0.5309896013250133,-8.828312839404673e-5
dyn,8,23,0.08308090742609164,2.9878263009753947e-5,5.68762897807339e-5,3.777889818296647e-5,-1.5293713349569834e-5,2.4557564362589633e-5,3.071860264161445e-5,0.0,0.0,0.0,2.09400759310601e-9,0.0,2.220446049250313e-16,2.220446049250313e-16,1.0470258899911952e-11,2.2093438190040615e-16,47390.80812071968,2,1.0,1.0,-0.19125767396347523,-1.093602952804797,-0.55061853755231,-8.871628720194901e-5
dyn,8,24,0.08308101573449045,2.9966976492995995e-5,5.256685096495902e-5,3.773367645437888e-5,-1.1853526596995754e-5,2.2041145780691278e-5,2.9381161806541932e-5,0.0,0.0,0.0,1.906342290343303e-9,0.0,2.220446049250313e-16,2.220446049250313e-16,9.531932386098416e-12,2.2093438190040615e-16,43143.725771008634,2,1.0,1.0,-0.22675760301988937,-1.0487326698425548,-0.569361872737995,-8.340793040835704e-5
dyn,8,25,0.08308108703845592,3.5799937544436495e-5,5.768395126903226e-5,4.465056554127864e-5,-1.0544661632006631e-5,2.3311998865919384e-5,3.3442230019931436e-5,0.0,0.0,0.0,2.4530631286776487e-9,0.0,2.220446049250313e-16,2.220446049250313e-16,1.2265536577770145e-11,2.2093438190040615e-16,55516.649207180715,2,1.0,1.0,-0.26258993338866976,-1.0014788503464667,-0.5863140448892463,-9.334921410456363e-5
dyn,8,26,0.08308119618720287,4.4402476082967414e-5,6.479622838199957e-5,5.440650625199453e-5,-8.97183660285013e-6,2.5362710811682347e-5,3.9064789034717626e-5,0.0,0.0,0.0,3.3603036860198097e-9,0.0,2.220446049250313e-16,2.220446049250313e-16,1.6801739364480947e-11,2.2093438190040615e-16,76048.54989050512,2,1.0,1.0,-0.2980860220974885,-0.9518755026231879,-0.6027459422263529,-0.00010770700080015575
dyn,8,27,0.08308137772415339,5.316930080825744e-5,6.878818104618143e-5,6.337496211878326e-5,-6.190747379643996e-6,2.6433514667458817e-5,4.335091023560164e-5,0.0,0.0,0.0,4.223808423040938e-9,0.0,2.220446049250313e-16,2.220446049250313e-16,2.1119263049586587e-11,2.2093438190040615e-16,95590.65849292224,2,1.0,1.0,-0.33447130257421515,-0.9003897802018547,-0.6197932071684755,-0.00011899915153673614
dyn,8,28,0.08308148492479274,4.846206016886037e-5,5.543118279926495e-5,5.6500388782125625e-5,-2.041866429839844e-6,2.0327369676806054e-5,3.702359645656663e-5,0.0,0.0,0.0,3.1103056904586032e-9,0.0,2.220446049250313e-16,2.220446049250313e-16,1.5551749386674914e-11,2.2093438190040615e-16,70390.80677667185,2,1.0,1.0,-0.37608772372725374,-0.8476749846463391,-0.6419898713234589,-0.00010148629024829745
dyn,8,29,0.0830815528535901,4.799291151023042e-5,4.806167663537659e-5,5.399295429756914e-5,8.810949816073813e-7,1.6825239838808843e-5,3.440850250734153e-5,0.0,0.0,0.0,2.700625996496792e-9,0.0,2.220446049250313e-16,2.220446049250313e-16,1.3503350916865861e-11,2.2093438190040615e-16,61119.28257030165,2,1.0,1.0,-0.42128994645885776,-0.7941296326233093,-0.6647352787596366,-9.427715425631251e-5
dyn,8,30,0.08308176341355551,5.4560485516127796e-5,4.598130004501742e-5,5.771791822503492e-5,3.831724716720958e-6,1.6194605035322595e-5,3.5801397999548234e-5,0.0,0.0,0.0,3.01103164047933e-9,0.0,2.220446049250313e-16,2.220446049250313e-16,1.505537913677855e-11,2.2093438190040615e-16,68144.12047268082,2,1.0,1.0,-0.46690605759425247,-0.7390789073812921,-0.6847427918954466,-9.898035865780986e-5
clip-fired,8,1,0.08307873422348032,0.00013659309254755148,0.00058517979187535,0.001700415081519175,,,,,,,,,,,,,,,0.0,0.2604604850840075,-1.2190949529041366,-0.12687758036289792,-0.000893557178828405
clip-fired,8,2,0.08307868681467064,5.84933939290932e-5,0.0002269782470171219,0.0006916950448755592,,,,,,,,,,,,,,,0.0,0.29153463312366956,-1.2614285512326944,-0.14907319303850494,-0.00037237718010537984
clip-fired,8,3,0.08307864838705585,4.0705184273630945e-5,0.0001462282251923711,0.0004533888887417126,,,,,,,,,,,,,,,0.0,0.2904568858261165,-1.293558405270107,-0.1570568344360323,-0.0002485394723584684
clip-fired,8,4,0.0830786352152947,3.245753916856043e-5,0.0001102134162571823,0.0003476701034528498,,,,,,,,,,,,,,,0.0,0.284788357696541,-1.316329422431046,-0.1722527455756582,-0.00019572076316561027
clip-fired,8,5,0.08307862474569143,3.078923462238209e-5,9.838866332870106e-5,0.0003152849783721245,,,,,,,,,,,,,,,0.0,0.2732640390199241,-1.334081094552774,-0.18860078988690354,-0.00018230786101435166
clip-fired,8,6,0.08307861229049339,2.797625950622046e-5,8.391573413153315e-5,0.00027322358429417685,,,,,,,,,,,,,,,0.0,0.2599257870337427,-1.3495307594682187,-0.20504458796543534,-0.00016199813040748538
clip-fired,8,7,0.08307860310485847,2.6323713667834764e-5,7.402819555294858e-5,0.00024507755611140005,,,,,,,,,,,,,,,0.0,0.24573143525141508,-1.3615288207426155,-0.22283023681515227,-0.00014893364771854752
clip-fired,8,8,0.08307859548313108,2.5322099751056813e-5,6.659475504755644e-5,0.0002243270345226017,,,,,,,,,,,,,,,0.0,0.22960920608410845,-1.3700293771628176,-0.24163383479955458,-0.00013962758516079972
clip-fired,8,9,0.08307858544451437,2.0924972258259777e-5,5.1324706859071545e-5,0.00017620381477830257,,,,,,,,,,,,,,,0.0,0.21139621943386583,-1.3759036251262993,-0.26119910097656246,-0.00011221866820751989
clip-fired,8,10,0.08307857198144601,1.3069134990206435e-5,2.9918579155038875e-5,0.00010477843677983073,,,,,,,,,,,,,,,0.0,0.19285111630115975,-1.3800117945131523,-0.2800913323438011,-6.811512679564066e-5
clip-fired,8,11,0.08307855846969021,7.296279498015607e-6,1.5609546367159658e-5,5.575881839229749e-5,,,,,,,,,,,,,,,0.0,0.17194671502921305,-1.38046816220824,-0.2987744865653557,-3.695322283140802e-5
clip-fired,8,12,0.08307855031545511,4.666805001471457e-6,9.30416626237266e-6,3.397792611959366e-5,,,,,,,,,,,,,,,0.0,0.14896957220770754,-1.375629741933814,-0.320169952509891,-2.2982586881865897e-5
clip-fired,8,13,0.08307853904137383,3.7261608197283643e-6,6.903203325977655e-6,2.5788967159481226e-5,,,,,,,,,,,,,,,0.0,0.12299542912995531,-1.3674011321119504,-0.3405248862541042,-1.7762932402704284e-5
clip-fired,8,14,0.08307874010467164,1.2515663596111146e-6,4.966546324104902e-6,1.645546321261565e-6,,,,,,,,,,,,,,,0.0,0.09605949433866895,-1.3573921282200632,-0.3586980179398077,-7.2115802570094186e-6
clip-fired,8,15,0.08307911759346025,5.048596309590443e-6,1.811202988162464e-5,6.5335790629754525e-6,,,,,,,,,,,,,,,0.0,0.06946441256955362,-1.3413527252256683,-0.38179283802107483,-2.6438396557027904e-5
clip-fired,8,16,0.08307936203266286,1.656317920735698e-6,5.5357181767204855e-6,2.17775465678367e-6,,,,,,,,,,,,,,,0.0,0.03893391431742476,-1.3211979374711937,-0.405087343113684,-8.131473345366515e-6
clip-fired,8,17,0.08307951812595611,8.154290307041647e-6,2.5562883365154395e-5,1.078978442048354e-5,,,,,,,,,,,,,,,0.0,0.006359595385400181,-1.2985018430623545,-0.4273128898684619,-3.7752207138407637e-5
clip-fired,8,18,0.08307976982545816,1.421402059286641e-5,4.1143851627592606e-5,1.8702293303488245e-5,,,,,,,,,,,,,,,0.0,-0.02484154978723077,-1.272474621529628,-0.4494047960620754,-6.111250563627374e-5
clip-fired,8,19,0.08308001054770238,1.6941847009597506e-5,4.539766702261411e-5,2.2233740164819445e-5,,,,,,,,,,,,,,,0.0,-0.0558318717575555,-1.2430625210634663,-0.4709598243228404,-6.78492318111695e-5
clip-fired,8,20,0.0830803144603469,2.5186684488292156e-5,6.154487312676744e-5,3.254781830235447e-5,,,,,,,,,,,,,,,0.0,-0.08771119377012487,-1.210345815489696,-0.49263094881605046,-9.27337964295881e-5
clip-fired,8,21,0.08308054621338709,2.1849496680066105e-5,4.9163306578891665e-5,2.8091998709382452e-5,,,,,,,,,,,,,,,0.0,-0.12217443020667343,-1.1744892223089138,-0.5121263949963117,-7.479787754444394e-5
clip-fired,8,22,0.08308072128202322,2.7665077414709775e-5,5.7432852394351705e-5,3.526145492037784e-5,,,,,,,,,,,,,,,0.0,-0.1565470081998724,-1.1357398193452724,-0.5309896013250133,-8.828312839404673e-5
clip-fired,8,23,0.08308090742609164,2.9878263009753947e-5,5.68762897807339e-5,3.777889818296647e-5,,,,,,,,,,,,,,,0.0,-0.19125767396347523,-1.093602952804797,-0.55061853755231,-8.871628720194901e-5
clip-fired,8,24,0.08308101573449045,2.9966976492995995e-5,5.256685096495902e-5,3.773367645437888e-5,,,,,,,,,,,,,,,0.0,-0.22675760301988937,-1.0487326698425548,-0.569361872737995,-8.340793040835704e-5
clip-fired,8,25,0.08308108703845592,3.5799937544436495e-5,5.768395126903226e-5,4.465056554127864e-5,,,,,,,,,,,,,,,0.0,-0.26258993338866976,-1.0014788503464667,-0.5863140448892463,-9.334921410456363e-5
clip-fired,8,26,0.08308119618720287,4.4402476082967414e-5,6.479622838199957e-5,5.440650625199453e-5,,,,,,,,,,,,,,,0.0,-0.2980860220974885,-0.9518755026231879,-0.6027459422263529,-0.00010770700080015575
clip-fired,8,27,0.08308137772415339,5.316930080825744e-5,6.878818104618143e-5,6.337496211878326e-5,,,,,,,,,,,,,,,0.0,-0.33447130257421515,-0.9003897802018547,-0.6197932071684755,-0.00011899915153673614
clip-fired,8,28,0.08308148492479274,4.846206016886037e-5,5.543118279926495e-5,5.6500388782125625e-5,,,,,,,,,,,,,,,0.0,-0.37608772372725374,-0.8476749846463391,-0.6419898713234589,-0.00010148629024829745
clip-fired,8,29,0.0830815528535901,4.799291151023042e-5,4.806167663537659e-5,5.399295429756914e-5,,,,,,,,,,,,,,,0.0,-0.42128994645885776,-0.7941296326233093,-0.6647352787596366,-9.427715425631251e-5
clip-fired,8,30,0.08308176341355551,5.4560485516127796e-5,4.598130004501742e-5,5.771791822503492e-5,,,,,,,,,,,,,,,0.0,-0.46690605759425247,-0.7390789073812921,-0.6847427918954466,-9.898035865780986e-5
beforeUJ_end,8,1,0.08307990592046471,0.0001839972913779309,0.0006647240261742386,0.0016663157321705649,-0.0006856034334410426,-0.0002119370426611199,-0.00023856598103887477,0.4210064263829272,-1.9365936535648665,-0.3025379368945564,,,,,,,,,,,,,,
beforeUJ_end,8,2,0.0830798300528928,7.80946285325812e-5,0.00025953180066676896,0.0006781576318843595,-0.0002883273743831834,-7.9313023600235e-5,-9.383076984190949e-5,0.4489555409878991,-2.008985659655254,-0.33471262728284745,,,,,,,,,,,,,,
beforeUJ_end,8,3,0.08307976311464786,5.3842350834519114e-5,0.00016744813865805604,0.0004445795240414603,-0.0001920563996458884,-4.890015358389743e-5,-5.887585743047069e-5,0.4457511834534295,-2.069305891285977,-0.3466786311872468,,,,,,,,,,,,,,
beforeUJ_end,8,4,0.08307973252519497,4.29727410284713e-5,0.00012629773453018916,0.0003409840730207167,-0.00014863352011617068,-3.399092243399894e-5,-4.4369250475195755e-5,0.43878414029897045,-2.1163137157034524,-0.3695368606145643,,,,,,,,,,,,,,
beforeUJ_end,8,5,0.08307970679768083,4.072032756114207e-5,0.00011277829854115605,0.00030927351390465027,-0.00013565800587000872,-2.7930399187381066e-5,-3.944209853508975e-5,0.42487858032042003,-2.1562075346054534,-0.39391891873833124,,,,,,,,,,,,,,
beforeUJ_end,8,6,0.08307967801353697,3.692744819289096e-5,9.62196966055229e-5,0.00026804767090516036,-0.00011817155618658253,-2.1792260836208424e-5,-3.334696232109362e-5,0.4081730493105634,-2.1926249397036606,-0.41811792758570676,,,,,,,,,,,,,,
beforeUJ_end,8,7,0.08307965486521107,3.4674751338746726e-5,8.491349549245186e-5,0.00024045816456325477,-0.00010625094753943585,-1.7348809244719057e-5,-2.9244405046140213e-5,0.3908204273760449,-2.223813705945347,-0.44426570207915755,,,,,,,,,,,,,,
beforeUJ_end,8,8,0.08307963443442466,3.32686553838058e-5,7.641681810197364e-5,0.00022011266742344532,-9.72877028793069e-5,-1.392557251094501e-5,-2.6136114265179633e-5,0.3709670633461227,-2.2495972793680448,-0.47174800142178425,,,,,,,,,,,,,,
beforeUJ_end,8,9,0.08307961002976394,2.7415337336265744e-5,5.893103966018168e-5,0.00017289798890030684,-7.640280576066411e-5,-9.457995426153615e-6,-1.992743574104196e-5,0.3473362882890966,-2.271055304921865,-0.4999465793397972,,,,,,,,,,,,,,
beforeUJ_end,8,10,0.08307958001271425,1.7089114067414438e-5,3.438219360982753e-5,0.0001028089850417135,-4.53599322225117e-5,-4.704608537895579e-6,-1.146250704066209e-5,0.3228503656519486,-2.2893471248079287,-0.5268828560621075,,,,,,,,,,,,,,
beforeUJ_end,8,11,0.0830795499032704,9.530246365536255e-6,1.7951948378286606e-5,5.470538351395126e-5,-2.404056211209732e-5,-1.998013665405074e-6,-5.8987594294757245e-6,0.29562821183013127,-2.3017337965516296,-0.5533856129537374,,,,,,,,,,,,,,
beforeUJ_end,8,12,0.08307952910284458,6.090993896372932e-6,1.0708835767297029e-5,3.333177485794207e-5,-1.4544540801197786e-5,-9.061495611754368e-7,-3.4919182219756027e-6,0.26620344558289477,-2.3056411480681938,-0.5840058466460634,,,,,,,,,,,,,,
beforeUJ_end,8,13,0.08307950389904886,4.856585683663976e-6,7.952938478920238e-6,2.5293080866163666e-5,-1.0943503172668594e-5,-4.659738541749035e-7,-2.5575702235192337e-6,0.23276573878992057,-2.303796030206449,-0.6128535335091175,,,,,,,,,,,,,,
beforeUJ_end,8,14,0.08308161512033067,1.444561078517801e-6,4.3829066294110475e-6,2.7640902788259507e-6,1.9125882121169995e-6,-1.9909635642743625e-6,-2.589082292081275e-6,0.19721711080234944,-2.298228436502844,-0.6380484347296558,,,,,,,,,,,,,,
beforeUJ_end,8,15,0.08308215343034378,5.7317559314964556e-6,1.589776901986517e-5,1.0515306387469095e-5,6.376382557435041e-6,-7.590738123962461e-6,-9.469531686078886e-6,0.1625636436111568,-2.2824845612895928,-0.6708992524648808,,,,,,,,,,,,,,
beforeUJ_end,8,16,0.0830824913547052,1.8699572368834888e-6,4.831675201899107e-6,3.3589604397356952e-6,1.759726241234145e-6,-2.3376792391076298e-6,-2.9281635581565905e-6,0.12389943799363548,-2.26013277243052,-0.7042757423515944,,,,,,,,,,,,,,
beforeUJ_end,8,17,0.08308271382955222,9.183580857450258e-6,2.219390963180036e-5,1.6103929419158248e-5,7.309438847779053e-6,-1.0801824487036004e-5,-1.3718089208979384e-5,0.0797398477546084,-2.2320653576601592,-0.7352785037991045,,,,,,,,,,,,,,
beforeUJ_end,8,18,0.08308305148545705,1.5902631255950535e-5,3.552136393995651e-5,2.701139226188996e-5,1.0413055627522205e-5,-1.761133425157955e-5,-2.233866934677049e-5,0.03846074271042422,-2.1977444564166144,-0.766359819622606,,,,,,,,,,,,,,
beforeUJ_end,8,19,0.0830833589654808,1.8865325751294943e-5,3.896504520292375e-5,3.110756116056474e-5,1.0005527970238069e-5,-1.9525162726953837e-5,-2.499090607306308e-5,-0.0014273769598627918,-2.157216124198069,-0.7969206079255751,,,,,,,,,,,,,,
beforeUJ_end,8,20,0.08308374155262604,2.782163006331195e-5,5.2495741233471986e-5,4.416730758833803e-5,1.1463937782841194e-5,-2.6912895714524605e-5,-3.431634275650513e-5,-0.04330909322866034,-2.1099946302887247,-0.8274834392816992,,,,,,,,,,,,,,
beforeUJ_end,8,21,0.08308401366942281,2.404522408905487e-5,4.1666347075230356e-5,3.699621160158864e-5,7.485006180064063e-6,-2.14501076300886e-5,-2.7881854881682066e-5,-0.08749763250738553,-2.0573223121946436,-0.8550731918304616,,,,,,,,,,,,,,
beforeUJ_end,8,22,0.08308420859563329,3.038955198493e-5,4.8344796025062025e-5,4.5228579041520103e-5,6.863857290657492e-6,-2.4824728033276902e-5,-3.3218774616317534e-5,-0.13269220366794768,-1.9982538888582326,-0.881400123426369,,,,,,,,,,,,,,
beforeUJ_end,8,23,0.08308440310666779,3.2764602659003925e-5,4.7510290766213106e-5,4.715067993410349e-5,4.844722328371927e-6,-2.423495966256377e-5,-3.365205782180299e-5,-0.17800516642762915,-1.9327650129836373,-0.9091984119389682,,,,,,,,,,,,,,
beforeUJ_end,8,24,0.08308449221286725,3.2908910394559365e-5,4.3539879473091444e-5,4.588633226778592e-5,2.7128557498958587e-6,-2.1694916199979812e-5,-3.195427331032044e-5,-0.22455091353375026,-1.8617350165507522,-0.9357477433627115,,,,,,,,,,,,,,
beforeUJ_end,8,25,0.08308453241774112,3.939404216100762e-5,4.7331399838506506e-5,5.300471527746202e-5,1.0845029034841204e-6,-2.2914285892544438e-5,-3.6107846124620325e-5,-0.27217897826754467,-1.785374716793844,-0.9594079882600819,,,,,,,,,,,,,,
beforeUJ_end,8,26,0.08308460941188708,4.886765983200394e-5,5.2593118114696087e-5,6.304454580724001e-5,-1.004944112218938e-6,-2.4866255907106407e-5,-4.1892641053901475e-5,-0.31954422911845953,-1.703986556083843,-0.9823834987021773,,,,,,,,,,,,,,
beforeUJ_end,8,27,0.0830847619428196,5.834828707956461e-5,5.5112244832256984e-5,7.163383622545077e-5,-3.7198975220195545e-6,-2.5793693679839137e-5,-4.61910637808221e-5,-0.36865812399045794,-1.6186109363856007,-1.0065521654430305,,,,,,,,,,,,,,
beforeUJ_end,8,28,0.08308483397557469,5.31806395371938e-5,4.365386142307984e-5,6.227561804740573e-5,-5.431121220854966e-6,-1.984916645399938e-5,-3.9189078927414294e-5,-0.42675310884690254,-1.531074474372263,-1.03926758373458,,,,,,,,,,,,,,
beforeUJ_end,8,29,0.08308487997398281,5.2635187275465494e-5,3.7020271875969425e-5,5.819204589846893e-5,-6.9924727402507855e-6,-1.64973188556009e-5,-3.617267971261915e-5,-0.4916512942046772,-1.4414159057601914,-1.0728867451676467,,,,,,,,,,,,,,
beforeUJ_end,8,30,0.08308507931420332,5.944635252661223e-5,3.4408706592932805e-5,6.085484608155415e-5,-9.398811655165379e-6,-1.5869040194655764e-5,-3.73727561703479e-5,-0.5577224008236724,-1.348333192110192,-1.1023130821594842,,,,,,,,,,,,,,
beforeUJ_end,8,1,0.08307990592046471,0.0001839972913779309,0.0006647240261742386,0.0016663157321705649,-0.0006856034334410426,-0.0002119370426611199,-0.00023856598103887477,0.4210064263829272,-1.9365936535648665,-0.3025379368945564,,,,,,,,,,,,,,
beforeUJ_end,8,2,0.0830798300528928,7.80946285325812e-5,0.00025953180066676896,0.0006781576318843595,-0.0002883273743831834,-7.9313023600235e-5,-9.383076984190949e-5,0.4489555409878991,-2.008985659655254,-0.33471262728284745,,,,,,,,,,,,,,
beforeUJ_end,8,3,0.08307976311464786,5.3842350834519114e-5,0.00016744813865805604,0.0004445795240414603,-0.0001920563996458884,-4.890015358389743e-5,-5.887585743047069e-5,0.4457511834534295,-2.069305891285977,-0.3466786311872468,,,,,,,,,,,,,,
beforeUJ_end,8,4,0.08307973252519497,4.29727410284713e-5,0.00012629773453018916,0.0003409840730207167,-0.00014863352011617068,-3.399092243399894e-5,-4.4369250475195755e-5,0.43878414029897045,-2.1163137157034524,-0.3695368606145643,,,,,,,,,,,,,,
beforeUJ_end,8,5,0.08307970679768083,4.072032756114207e-5,0.00011277829854115605,0.00030927351390465027,-0.00013565800587000872,-2.7930399187381066e-5,-3.944209853508975e-5,0.42487858032042003,-2.1562075346054534,-0.39391891873833124,,,,,,,,,,,,,,
beforeUJ_end,8,6,0.08307967801353697,3.692744819289096e-5,9.62196966055229e-5,0.00026804767090516036,-0.00011817155618658253,-2.1792260836208424e-5,-3.334696232109362e-5,0.4081730493105634,-2.1926249397036606,-0.41811792758570676,,,,,,,,,,,,,,
beforeUJ_end,8,7,0.08307965486521107,3.4674751338746726e-5,8.491349549245186e-5,0.00024045816456325477,-0.00010625094753943585,-1.7348809244719057e-5,-2.9244405046140213e-5,0.3908204273760449,-2.223813705945347,-0.44426570207915755,,,,,,,,,,,,,,
beforeUJ_end,8,8,0.08307963443442466,3.32686553838058e-5,7.641681810197364e-5,0.00022011266742344532,-9.72877028793069e-5,-1.392557251094501e-5,-2.6136114265179633e-5,0.3709670633461227,-2.2495972793680448,-0.47174800142178425,,,,,,,,,,,,,,
beforeUJ_end,8,9,0.08307961002976394,2.7415337336265744e-5,5.893103966018168e-5,0.00017289798890030684,-7.640280576066411e-5,-9.457995426153615e-6,-1.992743574104196e-5,0.3473362882890966,-2.271055304921865,-0.4999465793397972,,,,,,,,,,,,,,
beforeUJ_end,8,10,0.08307958001271425,1.7089114067414438e-5,3.438219360982753e-5,0.0001028089850417135,-4.53599322225117e-5,-4.704608537895579e-6,-1.146250704066209e-5,0.3228503656519486,-2.2893471248079287,-0.5268828560621075,,,,,,,,,,,,,,
beforeUJ_end,8,11,0.0830795499032704,9.530246365536255e-6,1.7951948378286606e-5,5.470538351395126e-5,-2.404056211209732e-5,-1.998013665405074e-6,-5.8987594294757245e-6,0.29562821183013127,-2.3017337965516296,-0.5533856129537374,,,,,,,,,,,,,,
beforeUJ_end,8,12,0.08307952910284458,6.090993896372932e-6,1.0708835767297029e-5,3.333177485794207e-5,-1.4544540801197786e-5,-9.061495611754368e-7,-3.4919182219756027e-6,0.26620344558289477,-2.3056411480681938,-0.5840058466460634,,,,,,,,,,,,,,
beforeUJ_end,8,13,0.08307950389904886,4.856585683663976e-6,7.952938478920238e-6,2.5293080866163666e-5,-1.0943503172668594e-5,-4.659738541749035e-7,-2.5575702235192337e-6,0.23276573878992057,-2.303796030206449,-0.6128535335091175,,,,,,,,,,,,,,
beforeUJ_end,8,14,0.08308161512033067,1.444561078517801e-6,4.3829066294110475e-6,2.7640902788259507e-6,1.9125882121169995e-6,-1.9909635642743625e-6,-2.589082292081275e-6,0.19721711080234944,-2.298228436502844,-0.6380484347296558,,,,,,,,,,,,,,
beforeUJ_end,8,15,0.08308215343034378,5.7317559314964556e-6,1.589776901986517e-5,1.0515306387469095e-5,6.376382557435041e-6,-7.590738123962461e-6,-9.469531686078886e-6,0.1625636436111568,-2.2824845612895928,-0.6708992524648808,,,,,,,,,,,,,,
beforeUJ_end,8,16,0.0830824913547052,1.8699572368834888e-6,4.831675201899107e-6,3.3589604397356952e-6,1.759726241234145e-6,-2.3376792391076298e-6,-2.9281635581565905e-6,0.12389943799363548,-2.26013277243052,-0.7042757423515944,,,,,,,,,,,,,,
beforeUJ_end,8,17,0.08308271382955222,9.183580857450258e-6,2.219390963180036e-5,1.6103929419158248e-5,7.309438847779053e-6,-1.0801824487036004e-5,-1.3718089208979384e-5,0.0797398477546084,-2.2320653576601592,-0.7352785037991045,,,,,,,,,,,,,,
beforeUJ_end,8,18,0.08308305148545705,1.5902631255950535e-5,3.552136393995651e-5,2.701139226188996e-5,1.0413055627522205e-5,-1.761133425157955e-5,-2.233866934677049e-5,0.03846074271042422,-2.1977444564166144,-0.766359819622606,,,,,,,,,,,,,,
beforeUJ_end,8,19,0.0830833589654808,1.8865325751294943e-5,3.896504520292375e-5,3.110756116056474e-5,1.0005527970238069e-5,-1.9525162726953837e-5,-2.499090607306308e-5,-0.0014273769598627918,-2.157216124198069,-0.7969206079255751,,,,,,,,,,,,,,
beforeUJ_end,8,20,0.08308374155262604,2.782163006331195e-5,5.2495741233471986e-5,4.416730758833803e-5,1.1463937782841194e-5,-2.6912895714524605e-5,-3.431634275650513e-5,-0.04330909322866034,-2.1099946302887247,-0.8274834392816992,,,,,,,,,,,,,,
beforeUJ_end,8,21,0.08308401366942281,2.404522408905487e-5,4.1666347075230356e-5,3.699621160158864e-5,7.485006180064063e-6,-2.14501076300886e-5,-2.7881854881682066e-5,-0.08749763250738553,-2.0573223121946436,-0.8550731918304616,,,,,,,,,,,,,,
beforeUJ_end,8,22,0.08308420859563329,3.038955198493e-5,4.8344796025062025e-5,4.5228579041520103e-5,6.863857290657492e-6,-2.4824728033276902e-5,-3.3218774616317534e-5,-0.13269220366794768,-1.9982538888582326,-0.881400123426369,,,,,,,,,,,,,,
beforeUJ_end,8,23,0.08308440310666779,3.2764602659003925e-5,4.7510290766213106e-5,4.715067993410349e-5,4.844722328371927e-6,-2.423495966256377e-5,-3.365205782180299e-5,-0.17800516642762915,-1.9327650129836373,-0.9091984119389682,,,,,,,,,,,,,,
beforeUJ_end,8,24,0.08308449221286725,3.2908910394559365e-5,4.3539879473091444e-5,4.588633226778592e-5,2.7128557498958587e-6,-2.1694916199979812e-5,-3.195427331032044e-5,-0.22455091353375026,-1.8617350165507522,-0.9357477433627115,,,,,,,,,,,,,,
beforeUJ_end,8,25,0.08308453241774112,3.939404216100762e-5,4.7331399838506506e-5,5.300471527746202e-5,1.0845029034841204e-6,-2.2914285892544438e-5,-3.6107846124620325e-5,-0.27217897826754467,-1.785374716793844,-0.9594079882600819,,,,,,,,,,,,,,
beforeUJ_end,8,26,0.08308460941188708,4.886765983200394e-5,5.2593118114696087e-5,6.304454580724001e-5,-1.004944112218938e-6,-2.4866255907106407e-5,-4.1892641053901475e-5,-0.31954422911845953,-1.703986556083843,-0.9823834987021773,,,,,,,,,,,,,,
beforeUJ_end,8,27,0.0830847619428196,5.834828707956461e-5,5.5112244832256984e-5,7.163383622545077e-5,-3.7198975220195545e-6,-2.5793693679839137e-5,-4.61910637808221e-5,-0.36865812399045794,-1.6186109363856007,-1.0065521654430305,,,,,,,,,,,,,,
beforeUJ_end,8,28,0.08308483397557469,5.31806395371938e-5,4.365386142307984e-5,6.227561804740573e-5,-5.431121220854966e-6,-1.984916645399938e-5,-3.9189078927414294e-5,-0.42675310884690254,-1.531074474372263,-1.03926758373458,,,,,,,,,,,,,,
beforeUJ_end,8,29,0.08308487997398281,5.2635187275465494e-5,3.7020271875969425e-5,5.819204589846893e-5,-6.9924727402507855e-6,-1.64973188556009e-5,-3.617267971261915e-5,-0.4916512942046772,-1.4414159057601914,-1.0728867451676467,,,,,,,,,,,,,,
beforeUJ_end,8,30,0.08308507931420332,5.944635252661223e-5,3.4408706592932805e-5,6.085484608155415e-5,-9.398811655165379e-6,-1.5869040194655764e-5,-3.73727561703479e-5,-0.5577224008236724,-1.348333192110192,-1.1023130821594842,,,,,,,,,,,,,,
dyn,9,1,0.08307990592046471,0.0001839972913779309,0.0006647240261742386,0.0016663157321705649,0.0006834384416621627,0.00021036066975780725,0.00023808189283764636,0.0,0.0,0.0,6.603153103687681e-7,0.0,2.220446049250313e-16,2.220446049250313e-16,3.301576772778222e-9,2.2093438190040615e-16,1.4943698415697575e7,2,1.0,1.0,0.4210064263829272,-1.9365936535648665,-0.3025379368945564,-0.0017139600121797807
dyn,9,2,0.0830798300528928,7.80946285325812e-5,0.00025953180066676896,0.0006781576318843595,0.00028740484247885946,7.868308353332973e-5,9.363501522152306e-5,0.0,0.0,0.0,1.0604574243651237e-7,0.0,2.220446049250313e-16,2.220446049250313e-16,5.302289331169438e-10,2.2093438190040615e-16,2.3999385181975113e6,2,1.0,1.0,0.4489555409878991,-2.008985659655254,-0.33471262728284745,-0.0007133225722428788
dyn,9,3,0.08307976311464786,5.3842350834519114e-5,0.00016744813865805604,0.0004445795240414603,0.00019143396299163627,4.8490840415106e-5,5.87527349118948e-5,0.0,0.0,0.0,4.44135768343073e-8,0.0,2.220446049250313e-16,2.220446049250313e-16,2.220681051059184e-10,2.2093438190040615e-16,1.0051314928702374e6,2,1.0,1.0,0.4457511834534295,-2.069305891285977,-0.3466786311872468,-0.000476627349054156
dyn,9,4,0.08307973252519497,4.29727410284713e-5,0.00012629773453018916,0.0003409840730207167,0.00014814603404310328,3.3682856110159564e-5,4.427505339198809e-5,0.0,0.0,0.0,2.564024542051858e-8,0.0,2.220446049250313e-16,2.220446049250313e-16,1.282014480369748e-10,2.2093438190040615e-16,580269.3403092239,2,1.0,1.0,0.43878414029897045,-2.1163137157034524,-0.3695368606145643,-0.0003744360544836878
dyn,9,5,0.08307970679768083,4.072032756114207e-5,0.00011277829854115605,0.00030927351390465027,0.0001352079844716343,2.7655999411552192e-5,3.93571693305748e-5,0.0,0.0,0.0,2.0734449510771432e-8,0.0,2.220446049250313e-16,2.220446049250313e-16,1.0367246848823906e-10,2.2093438190040615e-16,469245.51804242504,2,1.0,1.0,0.42487858032042003,-2.1562075346054534,-0.39391891873833124,-0.0003477009102817875
dyn,9,6,0.08307967801353697,3.692744819289096e-5,9.62196966055229e-5,0.00026804767090516036,0.00011777524013788576,2.1558886139827558e-5,3.327422630681497e-5,0.0,0.0,0.0,1.5296579602562744e-8,0.0,2.220446049250313e-16,2.220446049250313e-16,7.648311894719562e-11,2.2093438190040615e-16,346180.2472268578,2,1.0,1.0,0.4081730493105634,-2.1926249397036606,-0.41811792758570676,-0.0003079764539888802
dyn,9,7,0.08307965486521107,3.4674751338746726e-5,8.491349549245186e-5,0.00024045816456325477,0.00010589086655633596,1.7143725383355238e-5,2.9179600960184295e-5,0.0,0.0,0.0,1.210751456530926e-8,0.0,2.220446049250313e-16,2.220446049250313e-16,6.05377937609282e-11,2.2093438190040615e-16,274008.02555130475,2,1.0,1.0,0.3908204273760449,-2.223813705945347,-0.44426570207915755,-0.00028210750925883576
dyn,9,8,0.08307963443442466,3.32686553838058e-5,7.641681810197364e-5,0.00022011266742344532,9.695468677642075e-5,1.3741836100623146e-5,2.607720516102132e-5,0.0,0.0,0.0,9.98553589092235e-9,0.0,2.220446049250313e-16,2.220446049250313e-16,4.992790038899365e-11,2.2093438190040615e-16,225985.199585189,2,1.0,1.0,0.3709670633461227,-2.2495972793680448,-0.47174800142178425,-0.0002634032016555862
dyn,9,9,0.08307961002976394,2.7415337336265744e-5,5.893103966018168e-5,0.00017289798890030684,7.61387736078893e-5,9.31689755849651e-6,1.9881784418414546e-5,0.0,0.0,0.0,6.055723328560633e-9,0.0,2.220446049250313e-16,2.220446049250313e-16,3.0278837577185065e-11,2.2093438190040615e-16,137049.00666313813,2,1.0,1.0,0.3473362882890966,-2.271055304921865,-0.4999465793397972,-0.00021075306685768304
dyn,9,10,0.08307958001271425,1.7089114067414438e-5,3.438219360982753e-5,0.0001028089850417135,4.5201735759420196e-5,4.622832375158292e-6,1.1435828939465592e-5,0.0,0.0,0.0,2.1007853824557506e-9,0.0,2.220446049250313e-16,2.220446049250313e-16,1.0504147846660653e-11,2.2093438190040615e-16,47544.19731463871,2,1.0,1.0,0.3228503656519486,-2.2893471248079287,-0.5268828560621075,-0.00012736384102754008
dyn,9,11,0.0830795499032704,9.530246365536255e-6,1.7951948378286606e-5,5.470538351395126e-5,2.395597972979343e-5,1.9557235361530263e-6,5.884805348802159e-6,0.0,0.0,0.0,5.835899323164358e-10,0.0,2.220446049250313e-16,2.220446049250313e-16,2.9181705959640798e-12,2.2093438190040615e-16,13208.313576469716,2,1.0,1.0,0.29562821183013127,-2.3017337965516296,-0.5533856129537374,-6.877636879264561e-5
dyn,9,12,0.08307952910284458,6.090993896372932e-6,1.0708835767297029e-5,3.333177485794207e-5,1.4492941331662105e-5,8.81162505133245e-7,3.4834790737526468e-6,0.0,0.0,0.0,2.1318171240623632e-10,0.0,2.220446049250313e-16,2.220446049250313e-16,1.066129496413082e-12,2.2093438190040615e-16,4825.548143492111,2,1.0,1.0,0.26620344558289477,-2.3056411480681938,-0.5840058466460634,-4.253524022687402e-5
dyn,9,13,0.08307950389904886,4.856585683663976e-6,7.952938478920238e-6,2.5293080866163666e-5,1.0904368871727813e-5,4.4758828259430056e-7,2.5512630113766004e-6,0.0,0.0,0.0,1.2068380464832867e-10,0.0,2.220446049250313e-16,2.220446049250313e-16,6.036399576235437e-13,2.2093438190040615e-16,2732.213757004355,2,1.0,1.0,0.23276573878992057,-2.303796030206449,-0.6128535335091175,-3.2692455323718214e-5
dyn,9,14,0.08308161512033067,1.444561078517801e-6,4.3829066294110475e-6,2.7640902788259507e-6,-1.9057925433677315e-6,1.9835886176318324e-6,2.5830490361316718e-6,0.0,0.0,0.0,1.3041388808764074e-11,0.0,2.2093438190040615e-16,2.2093438190040615e-16,6.542677375381127e-14,2.1982970999090413e-16,297.62480129059185,2,1.0,1.0,0.19721711080234944,-2.298228436502844,-0.6380484347296558,-1.1551651963822852e-5
dyn,9,15,0.08308215343034378,5.7317559314964556e-6,1.589776901986517e-5,1.0515306387469095e-5,-6.353693742715234e-6,7.5624702160336174e-6,9.447062808538992e-6,0.0,0.0,0.0,1.8259790078241158e-10,0.0,2.220446049250313e-16,2.220446049250313e-16,9.132104382939582e-13,2.2093438190040615e-16,4133.401195589465,2,1.0,1.0,0.1625636436111568,-2.2824845612895928,-0.6708992524648808,-4.240934841306851e-5
dyn,9,16,0.0830824913547052,1.8699572368834888e-6,4.831675201899107e-6,3.3589604397356952e-6,-1.7534614904102211e-6,2.328850395975549e-6,2.921091625126874e-6,0.0,0.0,0.0,1.7731826367483625e-11,0.0,2.2093438190040615e-16,2.2093438190040615e-16,8.887896154740904e-14,2.1982970999090413e-16,404.3082327274442,2,1.0,1.0,0.12389943799363548,-2.26013277243052,-0.7042757423515944,-1.305417517605452e-5
dyn,9,17,0.08308271382955222,9.183580857450258e-6,2.219390963180036e-5,1.6103929419158248e-5,-7.283420147643938e-6,1.0760460808363668e-5,1.3684384795153035e-5,0.0,0.0,0.0,3.911242802669737e-10,0.0,2.220446049250313e-16,2.220446049250313e-16,1.955842335716769e-12,2.2093438190040615e-16,8852.59378324571,2,1.0,1.0,0.0797398477546084,-2.2320653576601592,-0.7352785037991045,-6.0646832629371566e-5
dyn,9,18,0.08308305148545705,1.5902631255950535e-5,3.552136393995651e-5,2.701139226188996e-5,-1.0376043924487417e-5,1.7543104095498312e-5,2.2282826875817072e-5,0.0,0.0,0.0,1.0568586459458488e-9,0.0,2.220446049250313e-16,2.220446049250313e-16,5.284514164111145e-12,2.2093438190040615e-16,23918.93067369353,2,1.0,1.0,0.03846074271042422,-2.1977444564166144,-0.766359819622606,-9.815569937582003e-5
dyn,9,19,0.0830833589654808,1.8865325751294943e-5,3.896504520292375e-5,3.110756116056474e-5,-9.970078173613627e-6,1.944844082929088e-5,2.4927373266730923e-5,0.0,0.0,0.0,1.3411149408196818e-9,0.0,2.220446049250313e-16,2.220446049250313e-16,6.7057956384803095e-12,2.2093438190040615e-16,30351.97863184183,2,1.0,1.0,-0.0014273769598627918,-2.157216124198069,-0.7969206079255751,-0.00010887320827433071
dyn,9,20,0.08308374155262604,2.782163006331195e-5,5.2495741233471986e-5,4.416730758833803e-5,-1.1423562160011174e-5,2.6805877368893766e-5,3.422754484126174e-5,0.0,0.0,0.0,2.5933074501227797e-9,0.0,2.220446049250313e-16,2.220446049250313e-16,1.29667581849958e-11,2.2093438190040615e-16,58690.54003030192,2,1.0,1.0,-0.04330909322866034,-2.1099946302887247,-0.8274834392816992,-0.0001485183772728482
dyn,9,21,0.08308401366942281,2.404522408905487e-5,4.1666347075230356e-5,3.699621160158864e-5,-7.458911211034573e-6,2.1363301367578206e-5,2.7808498386183874e-5,0.0,0.0,0.0,1.7343698626566348e-9,0.0,2.220446049250313e-16,2.220446049250313e-16,8.672070247665075e-12,2.2093438190040615e-16,39251.79129237708,2,1.0,1.0,-0.08749763250738553,-2.0573223121946436,-0.8550731918304616,-0.00011945947442622485
dyn,9,22,0.08308420859563329,3.038955198493e-5,4.8344796025062025e-5,4.5228579041520103e-5,-6.84033077429209e-6,2.4722289517647935e-5,3.3129976460612306e-5,0.0,0.0,0.0,2.4782839916902477e-9,0.0,2.220446049250313e-16,2.220446049250313e-16,1.239164089283314e-11,2.2093438190040615e-16,56087.426439670686,2,1.0,1.0,-0.13269220366794768,-1.9982538888582326,-0.881400123426369,-0.00014050210843409534
dyn,9,23,0.08308440310666779,3.2764602659003925e-5,4.7510290766213106e-5,4.715067993410349e-5,-4.828692421728507e-6,2.4132569842909843e-5,3.356064103590983e-5,0.0,0.0,0.0,2.563030038683199e-9,0.0,2.220446049250313e-16,2.220446049250313e-16,1.2815371127797896e-11,2.2093438190040615e-16,58005.32727212585,2,1.0,1.0,-0.17800516642762915,-1.9327650129836373,-0.9091984119389682,-0.00014052781961679684
dyn,9,24,0.08308449221286725,3.2908910394559365e-5,4.3539879473091444e-5,4.588633226778592e-5,-2.7046375254971185e-6,2.1600417866614547e-5,3.18661659356522e-5,0.0,0.0,0.0,2.306753311544014e-9,0.0,2.220446049250313e-16,2.220446049250313e-16,1.153398749210197e-11,2.2093438190040615e-16,52205.48921761447,2,1.0,1.0,-0.22455091353375026,-1.8617350165507522,-0.9357477433627115,-0.00013138747599472455
dyn,9,25,0.08308453241774112,3.939404216100762e-5,4.7331399838506506e-5,5.300471527746202e-5,-1.0825816037127078e-6,2.2810970224807146e-5,3.600685765792374e-5,0.0,0.0,0.0,2.9367244418937656e-9,0.0,2.220446049250313e-16,2.220446049250313e-16,1.4683843143850728e-11,2.2093438190040615e-16,66462.46282513865,2,1.0,1.0,-0.27217897826754467,-1.785374716793844,-0.9594079882600819,-0.00014607966197998965
dyn,9,26,0.08308460941188708,4.886765983200394e-5,5.2593118114696087e-5,6.304454580724001e-5,9.987355178980653e-7,2.4749810534763862e-5,4.177369872922321e-5,0.0,0.0,0.0,3.972127201076141e-9,0.0,2.220446049250313e-16,2.220446049250313e-16,1.9860856939762604e-11,2.2093438190040615e-16,89894.82202329005,2,1.0,1.0,-0.31954422911845953,-1.703986556083843,-0.9823834987021773,-0.0001671672663840187
dyn,9,27,0.0830847619428196,5.834828707956461e-5,5.5112244832256984e-5,7.163383622545077e-5,3.7032893086601634e-6,2.566787667375097e-5,4.605767821543837e-5,0.0,0.0,0.0,4.915193120289058e-9,0.0,2.220446049250313e-16,2.220446049250313e-16,2.457618653582719e-11,2.2093438190040615e-16,111237.49198486345,2,1.0,1.0,-0.36865812399045794,-1.6186109363856007,-1.0065521654430305,-0.00018281904523877982
dyn,9,28,0.08308483397557469,5.31806395371938e-5,4.365386142307984e-5,6.227561804740573e-5,5.408538491116577e-6,1.974657720080958e-5,3.907398850071524e-5,0.0,0.0,0.0,3.5722516620904156e-9,0.0,2.220446049250313e-16,2.220446049250313e-16,1.786147924483398e-11,2.2093438190040615e-16,80845.17715710569,2,1.0,1.0,-0.42675310884690254,-1.531074474372263,-1.03926758373458,-0.00015425334727933048
dyn,9,29,0.08308487997398281,5.2635187275465494e-5,3.7020271875969425e-5,5.819204589846893e-5,6.964262616135463e-6,1.6406586523152805e-5,3.6064638642532574e-5,0.0,0.0,0.0,3.063398817873865e-9,0.0,2.220446049250313e-16,2.220446049250313e-16,1.5317215023751225e-11,2.2093438190040615e-16,69329.25012393948,2,1.0,1.0,-0.4916512942046772,-1.4414159057601914,-1.0728867451676467,-0.00014167324138093183
dyn,9,30,0.08308507931420332,5.944635252661223e-5,3.4408706592932805e-5,6.085484608155415e-5,9.36156467040229e-6,1.5777029990745552e-5,3.725882599146686e-5,0.0,0.0,0.0,3.3566579157759618e-9,0.0,2.220446049250313e-16,2.220446049250313e-16,1.6783510513261708e-11,2.2093438190040615e-16,75966.04190300927,2,1.0,1.0,-0.5577224008236724,-1.348333192110192,-1.1023130821594842,-0.00014663005659668364
clip-fired,9,1,0.08307990592046471,0.0001839972913779309,0.0006647240261742386,0.0016663157321705649,,,,,,,,,,,,,,,0.0,0.4210064263829272,-1.9365936535648665,-0.3025379368945564,-0.0017139600121797807
clip-fired,9,2,0.0830798300528928,7.80946285325812e-5,0.00025953180066676896,0.0006781576318843595,,,,,,,,,,,,,,,0.0,0.4489555409878991,-2.008985659655254,-0.33471262728284745,-0.0007133225722428788
clip-fired,9,3,0.08307976311464786,5.3842350834519114e-5,0.00016744813865805604,0.0004445795240414603,,,,,,,,,,,,,,,0.0,0.4457511834534295,-2.069305891285977,-0.3466786311872468,-0.000476627349054156
clip-fired,9,4,0.08307973252519497,4.29727410284713e-5,0.00012629773453018916,0.0003409840730207167,,,,,,,,,,,,,,,0.0,0.43878414029897045,-2.1163137157034524,-0.3695368606145643,-0.0003744360544836878
clip-fired,9,5,0.08307970679768083,4.072032756114207e-5,0.00011277829854115605,0.00030927351390465027,,,,,,,,,,,,,,,0.0,0.42487858032042003,-2.1562075346054534,-0.39391891873833124,-0.0003477009102817875
clip-fired,9,6,0.08307967801353697,3.692744819289096e-5,9.62196966055229e-5,0.00026804767090516036,,,,,,,,,,,,,,,0.0,0.4081730493105634,-2.1926249397036606,-0.41811792758570676,-0.0003079764539888802
clip-fired,9,7,0.08307965486521107,3.4674751338746726e-5,8.491349549245186e-5,0.00024045816456325477,,,,,,,,,,,,,,,0.0,0.3908204273760449,-2.223813705945347,-0.44426570207915755,-0.00028210750925883576
clip-fired,9,8,0.08307963443442466,3.32686553838058e-5,7.641681810197364e-5,0.00022011266742344532,,,,,,,,,,,,,,,0.0,0.3709670633461227,-2.2495972793680448,-0.47174800142178425,-0.0002634032016555862
clip-fired,9,9,0.08307961002976394,2.7415337336265744e-5,5.893103966018168e-5,0.00017289798890030684,,,,,,,,,,,,,,,0.0,0.3473362882890966,-2.271055304921865,-0.4999465793397972,-0.00021075306685768304
clip-fired,9,10,0.08307958001271425,1.7089114067414438e-5,3.438219360982753e-5,0.0001028089850417135,,,,,,,,,,,,,,,0.0,0.3228503656519486,-2.2893471248079287,-0.5268828560621075,-0.00012736384102754008
clip-fired,9,11,0.0830795499032704,9.530246365536255e-6,1.7951948378286606e-5,5.470538351395126e-5,,,,,,,,,,,,,,,0.0,0.29562821183013127,-2.3017337965516296,-0.5533856129537374,-6.877636879264561e-5
clip-fired,9,12,0.08307952910284458,6.090993896372932e-6,1.0708835767297029e-5,3.333177485794207e-5,,,,,,,,,,,,,,,0.0,0.26620344558289477,-2.3056411480681938,-0.5840058466460634,-4.253524022687402e-5
clip-fired,9,13,0.08307950389904886,4.856585683663976e-6,7.952938478920238e-6,2.5293080866163666e-5,,,,,,,,,,,,,,,0.0,0.23276573878992057,-2.303796030206449,-0.6128535335091175,-3.2692455323718214e-5
clip-fired,9,14,0.08308161512033067,1.444561078517801e-6,4.3829066294110475e-6,2.7640902788259507e-6,,,,,,,,,,,,,,,0.0,0.19721711080234944,-2.298228436502844,-0.6380484347296558,-1.1551651963822852e-5
clip-fired,9,15,0.08308215343034378,5.7317559314964556e-6,1.589776901986517e-5,1.0515306387469095e-5,,,,,,,,,,,,,,,0.0,0.1625636436111568,-2.2824845612895928,-0.6708992524648808,-4.240934841306851e-5
clip-fired,9,16,0.0830824913547052,1.8699572368834888e-6,4.831675201899107e-6,3.3589604397356952e-6,,,,,,,,,,,,,,,0.0,0.12389943799363548,-2.26013277243052,-0.7042757423515944,-1.305417517605452e-5
clip-fired,9,17,0.08308271382955222,9.183580857450258e-6,2.219390963180036e-5,1.6103929419158248e-5,,,,,,,,,,,,,,,0.0,0.0797398477546084,-2.2320653576601592,-0.7352785037991045,-6.0646832629371566e-5
clip-fired,9,18,0.08308305148545705,1.5902631255950535e-5,3.552136393995651e-5,2.701139226188996e-5,,,,,,,,,,,,,,,0.0,0.03846074271042422,-2.1977444564166144,-0.766359819622606,-9.815569937582003e-5
clip-fired,9,19,0.0830833589654808,1.8865325751294943e-5,3.896504520292375e-5,3.110756116056474e-5,,,,,,,,,,,,,,,0.0,-0.0014273769598627918,-2.157216124198069,-0.7969206079255751,-0.00010887320827433071
clip-fired,9,20,0.08308374155262604,2.782163006331195e-5,5.2495741233471986e-5,4.416730758833803e-5,,,,,,,,,,,,,,,0.0,-0.04330909322866034,-2.1099946302887247,-0.8274834392816992,-0.0001485183772728482
clip-fired,9,21,0.08308401366942281,2.404522408905487e-5,4.1666347075230356e-5,3.699621160158864e-5,,,,,,,,,,,,,,,0.0,-0.08749763250738553,-2.0573223121946436,-0.8550731918304616,-0.00011945947442622485
clip-fired,9,22,0.08308420859563329,3.038955198493e-5,4.8344796025062025e-5,4.5228579041520103e-5,,,,,,,,,,,,,,,0.0,-0.13269220366794768,-1.9982538888582326,-0.881400123426369,-0.00014050210843409534
clip-fired,9,23,0.08308440310666779,3.2764602659003925e-5,4.7510290766213106e-5,4.715067993410349e-5,,,,,,,,,,,,,,,0.0,-0.17800516642762915,-1.9327650129836373,-0.9091984119389682,-0.00014052781961679684
clip-fired,9,24,0.08308449221286725,3.2908910394559365e-5,4.3539879473091444e-5,4.588633226778592e-5,,,,,,,,,,,,,,,0.0,-0.22455091353375026,-1.8617350165507522,-0.9357477433627115,-0.00013138747599472455
clip-fired,9,25,0.08308453241774112,3.939404216100762e-5,4.7331399838506506e-5,5.300471527746202e-5,,,,,,,,,,,,,,,0.0,-0.27217897826754467,-1.785374716793844,-0.9594079882600819,-0.00014607966197998965
clip-fired,9,26,0.08308460941188708,4.886765983200394e-5,5.2593118114696087e-5,6.304454580724001e-5,,,,,,,,,,,,,,,0.0,-0.31954422911845953,-1.703986556083843,-0.9823834987021773,-0.0001671672663840187
clip-fired,9,27,0.0830847619428196,5.834828707956461e-5,5.5112244832256984e-5,7.163383622545077e-5,,,,,,,,,,,,,,,0.0,-0.36865812399045794,-1.6186109363856007,-1.0065521654430305,-0.00018281904523877982
clip-fired,9,28,0.08308483397557469,5.31806395371938e-5,4.365386142307984e-5,6.227561804740573e-5,,,,,,,,,,,,,,,0.0,-0.42675310884690254,-1.531074474372263,-1.03926758373458,-0.00015425334727933048
clip-fired,9,29,0.08308487997398281,5.2635187275465494e-5,3.7020271875969425e-5,5.819204589846893e-5,,,,,,,,,,,,,,,0.0,-0.4916512942046772,-1.4414159057601914,-1.0728867451676467,-0.00014167324138093183
clip-fired,9,30,0.08308507931420332,5.944635252661223e-5,3.4408706592932805e-5,6.085484608155415e-5,,,,,,,,,,,,,,,0.0,-0.5577224008236724,-1.348333192110192,-1.1023130821594842,-0.00014663005659668364
beforeUJ_end,9,1,0.08308178893763361,0.0002377884346016693,0.0007230487975263699,0.0016348344056519271,-0.0006837746983119051,-0.0003307421586021552,-0.0003462414647244352,0.6043871282909247,-2.9200101666085714,-0.5584254098177416,,,,,,,,,,,,,,
beforeUJ_end,9,2,0.08308167416534834,0.00010047857620300577,0.0002833767372797546,0.0006655130729986277,-0.00028707996397939943,-0.00012580794700233226,-0.00013708308422415893,0.6263299507510031,-3.0359589179704507,-0.600461811483586,,,,,,,,,,,,,,
beforeUJ_end,9,3,0.08308156522728692,6.892162281662511e-5,0.00018298725667740705,0.00043627340299958367,-0.00019144828411362644,-7.856261686260353e-5,-8.647784441412917e-5,0.6211109092856923,-3.137702074681499,-0.6156270643163176,,,,,,,,,,,,,,
beforeUJ_end,9,4,0.08308150643147368,5.500972364596338e-5,0.00013802974865518162,0.00033463141983669726,-0.00014821959613420957,-5.63171407943196e-5,-6.501528741938746e-5,0.6135453935387647,-3.2215798146430394,-0.6460063929241843,,,,,,,,,,,,,,
beforeUJ_end,9,5,0.08308145478288499,5.2068076096770056e-5,0.0001232200474632039,0.00030351882476358123,-0.00013535856703435702,-4.778228754195246e-5,-5.7685577237841735e-5,0.5979588503324688,-3.2958562103370177,-0.6781848660468841,,,,,,,,,,,,,,
beforeUJ_end,9,6,0.08308139848765266,4.714114815070507e-5,0.00010509902133426063,0.00026305227753630156,-0.00011798403626347984,-3.863271665900954e-5,-4.871802212163157e-5,0.5783682648711396,-3.365109614286997,-0.709670473728359,,,,,,,,,,,,,,
beforeUJ_end,9,7,0.08308135057538588,4.4190764579518874e-5,9.271759524004626e-5,0.00023596183736474482,-0.00010609905757755405,-3.2110921615801106e-5,-4.266103767489885e-5,0.5585585030488547,-3.426837974409175,-0.7437765474786842,,,,,,,,,,,,,,
beforeUJ_end,9,8,0.08308130658532886,4.2313320773336685e-5,8.340544334859287e-5,0.00021597355778168017,-9.714625482971132e-5,-2.710856203291737e-5,-3.808045407417398e-5,0.5356355231734655,-3.4806424103648337,-0.77950318716257,,,,,,,,,,,,,,
beforeUJ_end,9,9,0.08308125657754538,3.479279989095921e-5,6.4298331113902e-5,0.00016961917738314363,-7.629914646113656e-5,-1.9548128826687758e-5,-2.9025652627829112e-5,0.5067195141289572,-3.5277611888917226,-0.8157201313509229,,,,,,,,,,,,,,
beforeUJ_end,9,10,0.08308119817759635,2.1649237846685807e-5,3.750503637843194e-5,0.00010083454500495317,-4.5296892616698093e-5,-1.0547036293336255e-5,-1.6694284806516885e-5,0.4763096827648954,-3.569606791329099,-0.8499019776929274,,,,,,,,,,,,,,
beforeUJ_end,9,11,0.08308113958817794,1.2056804661373958e-5,1.9575129074249747e-5,5.36373406043034e-5,-2.4003542234245918e-5,-5.027435682415802e-6,-8.58519806110988e-6,0.44288465014801237,-3.6024061112009544,-0.8833745703944674,,,,,,,,,,,,,,
beforeUJ_end,9,12,0.08308109532025194,7.696066371525736e-6,1.1670410103958619e-5,3.266899923510996e-5,-1.4512204729649725e-5,-2.704495449189494e-6,-5.074750096739285e-6,0.40727062082735654,-3.622446872258667,-0.9227336460677887,,,,,,,,,,,,,,
beforeUJ_end,9,13,0.08308104493559267,6.12621542055941e-6,8.662068883894065e-6,2.477821153279314e-5,-1.0912299698451382e-5,-1.793664068365321e-6,-3.71593060162414e-6,0.3664966229435294,-3.633318437250661,-0.9594353832884532,,,,,,,,,,,,,,
beforeUJ_end,9,14,0.08308579429240004,1.6342899096925476e-6,3.796257312473722e-6,3.442169339114349e-6,8.419504570338647e-7,-2.0815072270904076e-6,-2.7659056148979145e-6,0.32225729131363046,-3.6374424601997024,-0.9906695740664277,,,,,,,,,,,,,,
beforeUJ_end,9,15,0.083086427576634,6.420232019274586e-6,1.3722637895688018e-5,1.2905506492089176e-5,2.6133635637268537e-6,-7.824517730484178e-6,-1.0087996262469155e-5,0.27992792787490406,-3.6257712642942628,-1.0331172459929359,,,,,,,,,,,,,,
beforeUJ_end,9,16,0.08308680445094266,2.0891879484349075e-6,4.155149981772928e-6,4.060363202944734e-6,6.571202492348197e-7,-2.394244605299629e-6,-3.1047496031151644e-6,0.23316363476381255,-3.6037282339478014,-1.0766975529176297,,,,,,,,,,,,,,
beforeUJ_end,9,17,0.08308705123873386,1.0250749648795317e-5,1.9012157980848523e-5,1.922315635308735e-5,2.421103607961919e-6,-1.1017815997041302e-5,-1.4457669649939108e-5,0.17695429563613407,-3.5713568742879676,-1.1162131531187087,,,,,,,,,,,,,,
beforeUJ_end,9,18,0.08308741865156652,1.7685077234627176e-5,3.030359578185396e-5,3.182349282583555e-5,2.9024122243322993e-6,-1.7835231501346387e-5,-2.3434460161956435e-5,0.12567625265961407,-3.5283211707147255,-1.1563864965337884,,,,,,,,,,,,,,
beforeUJ_end,9,19,0.08308773553152989,2.0928567484100578e-5,3.309314203392566e-5,3.616761000199126e-5,2.1409927302167905e-6,-1.9655177051421532e-5,-2.6101578952540402e-5,0.07728488791250035,-3.4747366022455255,-1.1963801908854241,,,,,,,,,,,,,,
beforeUJ_end,9,20,0.08308812995652921,3.0716301244804345e-5,4.436709031190128e-5,5.067059824627076e-5,1.3894837342102061e-6,-2.6872345962759623e-5,-3.5700305904781324e-5,0.025697636051853563,-3.409458466253105,-1.2364075225613615,,,,,,,,,,,,,,
beforeUJ_end,9,21,0.08308838117900263,2.6495190408439673e-5,3.502955507118385e-5,4.18704893215694e-5,-7.482183970785594e-8,-2.1315257475530942e-5,-2.887678787078199e-5,-0.028206878708581944,-3.334914880040815,-1.2727808538764587,,,,,,,,,,,,,,
beforeUJ_end,9,22,0.08308854026098506,3.3451846113522096e-5,4.039873484308889e-5,5.053887990468355e-5,-1.4045308487235592e-6,-2.458350337417539e-5,-3.4235833420438205e-5,-0.08417957862017661,-3.2487995283296773,-1.3072792392230095,,,,,,,,,,,,,,
beforeUJ_end,9,23,0.08308868331463541,3.6028960961873126e-5,3.941882811031481e-5,5.196979169913461e-5,-2.752161595497661e-6,-2.392585897318491e-5,-3.45292996871856e-5,-0.14008609624857002,-3.151609766481186,-1.3444668748063209,,,,,,,,,,,,,,
beforeUJ_end,9,24,0.08308870039158851,3.621387058433514e-5,3.582025156336945e-5,4.988695478904573e-5,-3.758826592408497e-6,-2.1411857265853013e-5,-3.263437174979449e-5,-0.19783809507266853,-3.0445153155773808,-1.3802223384874395,,,,,,,,,,,,,,
beforeUJ_end,9,25,0.08308865853894291,4.33777171918896e-5,3.855546053680962e-5,5.6852359207866865e-5,-5.429910080889865e-6,-2.2628342368382662e-5,-3.670102123947304e-5,-0.2574890975738924,-2.9276292535843766,-1.4119204851833478,,,,,,,,,,,,,,
beforeUJ_end,9,26,0.08308864545268076,5.375672362295811e-5,4.2334498465064396e-5,6.667031118023633e-5,-7.659334327667688e-6,-2.4543587048366555e-5,-4.240284661293656e-5,-0.31693605306948425,-2.801647589702354,-1.442992502398482,,,,,,,,,,,,,,
beforeUJ_end,9,27,0.08308870139465539,6.397507170193863e-5,4.370903414564598e-5,7.461772241502776e-5,-1.008604790171722e-5,-2.539886194253845e-5,-4.658748459415644e-5,-0.37938793949314725,-2.6684683008747085,-1.4762302919312622,,,,,,,,,,,,,,
beforeUJ_end,9,28,0.0830886816234375,5.819032285113454e-5,3.3898238718880295e-5,6.383802389946007e-5,-1.004045031061778e-5,-1.9601341647418605e-5,-3.937941758344347e-5,-0.45633865364057336,-2.531623269404065,-1.5225284306141802,,,,,,,,,,,,,,
beforeUJ_end,9,29,0.0830886551383225,5.740598392081401e-5,2.793116536936891e-5,5.8739363124325044e-5,-1.0626434163306706e-5,-1.636949797402837e-5,-3.618812950659343e-5,-0.5444794886469264,-2.390847544994726,-1.5702826161914871,,,,,,,,,,,,,,
beforeUJ_end,9,30,0.08308877687233615,6.434389691748995e-5,2.496156479822732e-5,6.0468376302874025e-5,-1.259438673827363e-5,-1.574571566747482e-5,-3.721583638948526e-5,-0.6347389905268199,-2.2439717203839167,-1.6121047303886002,,,,,,,,,,,,,,
beforeUJ_end,9,1,0.08308178893763361,0.0002377884346016693,0.0007230487975263699,0.0016348344056519271,-0.0006837746983119051,-0.0003307421586021552,-0.0003462414647244352,0.6043871282909247,-2.9200101666085714,-0.5584254098177416,,,,,,,,,,,,,,
beforeUJ_end,9,2,0.08308167416534834,0.00010047857620300577,0.0002833767372797546,0.0006655130729986277,-0.00028707996397939943,-0.00012580794700233226,-0.00013708308422415893,0.6263299507510031,-3.0359589179704507,-0.600461811483586,,,,,,,,,,,,,,
beforeUJ_end,9,3,0.08308156522728692,6.892162281662511e-5,0.00018298725667740705,0.00043627340299958367,-0.00019144828411362644,-7.856261686260353e-5,-8.647784441412917e-5,0.6211109092856923,-3.137702074681499,-0.6156270643163176,,,,,,,,,,,,,,
beforeUJ_end,9,4,0.08308150643147368,5.500972364596338e-5,0.00013802974865518162,0.00033463141983669726,-0.00014821959613420957,-5.63171407943196e-5,-6.501528741938746e-5,0.6135453935387647,-3.2215798146430394,-0.6460063929241843,,,,,,,,,,,,,,
beforeUJ_end,9,5,0.08308145478288499,5.2068076096770056e-5,0.0001232200474632039,0.00030351882476358123,-0.00013535856703435702,-4.778228754195246e-5,-5.7685577237841735e-5,0.5979588503324688,-3.2958562103370177,-0.6781848660468841,,,,,,,,,,,,,,
beforeUJ_end,9,6,0.08308139848765266,4.714114815070507e-5,0.00010509902133426063,0.00026305227753630156,-0.00011798403626347984,-3.863271665900954e-5,-4.871802212163157e-5,0.5783682648711396,-3.365109614286997,-0.709670473728359,,,,,,,,,,,,,,
beforeUJ_end,9,7,0.08308135057538588,4.4190764579518874e-5,9.271759524004626e-5,0.00023596183736474482,-0.00010609905757755405,-3.2110921615801106e-5,-4.266103767489885e-5,0.5585585030488547,-3.426837974409175,-0.7437765474786842,,,,,,,,,,,,,,
beforeUJ_end,9,8,0.08308130658532886,4.2313320773336685e-5,8.340544334859287e-5,0.00021597355778168017,-9.714625482971132e-5,-2.710856203291737e-5,-3.808045407417398e-5,0.5356355231734655,-3.4806424103648337,-0.77950318716257,,,,,,,,,,,,,,
beforeUJ_end,9,9,0.08308125657754538,3.479279989095921e-5,6.4298331113902e-5,0.00016961917738314363,-7.629914646113656e-5,-1.9548128826687758e-5,-2.9025652627829112e-5,0.5067195141289572,-3.5277611888917226,-0.8157201313509229,,,,,,,,,,,,,,
beforeUJ_end,9,10,0.08308119817759635,2.1649237846685807e-5,3.750503637843194e-5,0.00010083454500495317,-4.5296892616698093e-5,-1.0547036293336255e-5,-1.6694284806516885e-5,0.4763096827648954,-3.569606791329099,-0.8499019776929274,,,,,,,,,,,,,,
beforeUJ_end,9,11,0.08308113958817794,1.2056804661373958e-5,1.9575129074249747e-5,5.36373406043034e-5,-2.4003542234245918e-5,-5.027435682415802e-6,-8.58519806110988e-6,0.44288465014801237,-3.6024061112009544,-0.8833745703944674,,,,,,,,,,,,,,
beforeUJ_end,9,12,0.08308109532025194,7.696066371525736e-6,1.1670410103958619e-5,3.266899923510996e-5,-1.4512204729649725e-5,-2.704495449189494e-6,-5.074750096739285e-6,0.40727062082735654,-3.622446872258667,-0.9227336460677887,,,,,,,,,,,,,,
beforeUJ_end,9,13,0.08308104493559267,6.12621542055941e-6,8.662068883894065e-6,2.477821153279314e-5,-1.0912299698451382e-5,-1.793664068365321e-6,-3.71593060162414e-6,0.3664966229435294,-3.633318437250661,-0.9594353832884532,,,,,,,,,,,,,,
beforeUJ_end,9,14,0.08308579429240004,1.6342899096925476e-6,3.796257312473722e-6,3.442169339114349e-6,8.419504570338647e-7,-2.0815072270904076e-6,-2.7659056148979145e-6,0.32225729131363046,-3.6374424601997024,-0.9906695740664277,,,,,,,,,,,,,,
beforeUJ_end,9,15,0.083086427576634,6.420232019274586e-6,1.3722637895688018e-5,1.2905506492089176e-5,2.6133635637268537e-6,-7.824517730484178e-6,-1.0087996262469155e-5,0.27992792787490406,-3.6257712642942628,-1.0331172459929359,,,,,,,,,,,,,,
beforeUJ_end,9,16,0.08308680445094266,2.0891879484349075e-6,4.155149981772928e-6,4.060363202944734e-6,6.571202492348197e-7,-2.394244605299629e-6,-3.1047496031151644e-6,0.23316363476381255,-3.6037282339478014,-1.0766975529176297,,,,,,,,,,,,,,
beforeUJ_end,9,17,0.08308705123873386,1.0250749648795317e-5,1.9012157980848523e-5,1.922315635308735e-5,2.421103607961919e-6,-1.1017815997041302e-5,-1.4457669649939108e-5,0.17695429563613407,-3.5713568742879676,-1.1162131531187087,,,,,,,,,,,,,,
beforeUJ_end,9,18,0.08308741865156652,1.7685077234627176e-5,3.030359578185396e-5,3.182349282583555e-5,2.9024122243322993e-6,-1.7835231501346387e-5,-2.3434460161956435e-5,0.12567625265961407,-3.5283211707147255,-1.1563864965337884,,,,,,,,,,,,,,
beforeUJ_end,9,19,0.08308773553152989,2.0928567484100578e-5,3.309314203392566e-5,3.616761000199126e-5,2.1409927302167905e-6,-1.9655177051421532e-5,-2.6101578952540402e-5,0.07728488791250035,-3.4747366022455255,-1.1963801908854241,,,,,,,,,,,,,,
beforeUJ_end,9,20,0.08308812995652921,3.0716301244804345e-5,4.436709031190128e-5,5.067059824627076e-5,1.3894837342102061e-6,-2.6872345962759623e-5,-3.5700305904781324e-5,0.025697636051853563,-3.409458466253105,-1.2364075225613615,,,,,,,,,,,,,,
beforeUJ_end,9,21,0.08308838117900263,2.6495190408439673e-5,3.502955507118385e-5,4.18704893215694e-5,-7.482183970785594e-8,-2.1315257475530942e-5,-2.887678787078199e-5,-0.028206878708581944,-3.334914880040815,-1.2727808538764587,,,,,,,,,,,,,,
beforeUJ_end,9,22,0.08308854026098506,3.3451846113522096e-5,4.039873484308889e-5,5.053887990468355e-5,-1.4045308487235592e-6,-2.458350337417539e-5,-3.4235833420438205e-5,-0.08417957862017661,-3.2487995283296773,-1.3072792392230095,,,,,,,,,,,,,,
beforeUJ_end,9,23,0.08308868331463541,3.6028960961873126e-5,3.941882811031481e-5,5.196979169913461e-5,-2.752161595497661e-6,-2.392585897318491e-5,-3.45292996871856e-5,-0.14008609624857002,-3.151609766481186,-1.3444668748063209,,,,,,,,,,,,,,
beforeUJ_end,9,24,0.08308870039158851,3.621387058433514e-5,3.582025156336945e-5,4.988695478904573e-5,-3.758826592408497e-6,-2.1411857265853013e-5,-3.263437174979449e-5,-0.19783809507266853,-3.0445153155773808,-1.3802223384874395,,,,,,,,,,,,,,
beforeUJ_end,9,25,0.08308865853894291,4.33777171918896e-5,3.855546053680962e-5,5.6852359207866865e-5,-5.429910080889865e-6,-2.2628342368382662e-5,-3.670102123947304e-5,-0.2574890975738924,-2.9276292535843766,-1.4119204851833478,,,,,,,,,,,,,,
beforeUJ_end,9,26,0.08308864545268076,5.375672362295811e-5,4.2334498465064396e-5,6.667031118023633e-5,-7.659334327667688e-6,-2.4543587048366555e-5,-4.240284661293656e-5,-0.31693605306948425,-2.801647589702354,-1.442992502398482,,,,,,,,,,,,,,
beforeUJ_end,9,27,0.08308870139465539,6.397507170193863e-5,4.370903414564598e-5,7.461772241502776e-5,-1.008604790171722e-5,-2.539886194253845e-5,-4.658748459415644e-5,-0.37938793949314725,-2.6684683008747085,-1.4762302919312622,,,,,,,,,,,,,,
beforeUJ_end,9,28,0.0830886816234375,5.819032285113454e-5,3.3898238718880295e-5,6.383802389946007e-5,-1.004045031061778e-5,-1.9601341647418605e-5,-3.937941758344347e-5,-0.45633865364057336,-2.531623269404065,-1.5225284306141802,,,,,,,,,,,,,,
beforeUJ_end,9,29,0.0830886551383225,5.740598392081401e-5,2.793116536936891e-5,5.8739363124325044e-5,-1.0626434163306706e-5,-1.636949797402837e-5,-3.618812950659343e-5,-0.5444794886469264,-2.390847544994726,-1.5702826161914871,,,,,,,,,,,,,,
beforeUJ_end,9,30,0.08308877687233615,6.434389691748995e-5,2.496156479822732e-5,6.0468376302874025e-5,-1.259438673827363e-5,-1.574571566747482e-5,-3.721583638948526e-5,-0.6347389905268199,-2.2439717203839167,-1.6121047303886002,,,,,,,,,,,,,,
dyn,10,1,0.08308178893763361,0.0002377884346016693,0.0007230487975263699,0.0016348344056519271,0.0006816465562114158,0.00032855702081295714,0.0003455345046457696,0.0,0.0,0.0,9.616484965368696e-7,0.0,2.220446049250313e-16,2.220446049250313e-16,4.80824270361873e-9,2.2093438190040615e-16,2.1763216128969066e7,2,1.0,1.0,0.6043871282909247,-2.9200101666085714,-0.5584254098177416,-0.002880526643561727
dyn,10,2,0.08308167416534834,0.00010047857620300577,0.0002833767372797546,0.0006655130729986277,0.0002861735434612684,0.0001249294657773658,0.0001367968331513436,0.0,0.0,0.0,1.547309059168719e-7,0.0,2.220446049250313e-16,2.220446049250313e-16,7.736547505187415e-10,2.2093438190040615e-16,3.5017399458790133e6,2,1.0,1.0,0.6263299507510031,-3.0359589179704507,-0.600461811483586,-0.001197002576383845
dyn,10,3,0.08308156522728692,6.892162281662511e-5,0.00018298725667740705,0.00043627340299958367,0.00019083574648071772,7.798918750789167e-5,8.629701587437366e-5,0.0,0.0,0.0,6.487761110687721e-8,0.0,2.220446049250313e-16,2.220446049250313e-16,3.24388276468768e-10,2.2093438190040615e-16,1.4682562020382923e6,2,1.0,1.0,0.6211109092856923,-3.137702074681499,-0.6156270643163176,-0.00079993323742782
dyn,10,4,0.08308150643147368,5.500972364596338e-5,0.00013802974865518162,0.00033463141983669726,0.00014773941389639334,5.5881748767496115e-5,6.487792378765212e-5,0.0,0.0,0.0,3.743798790050586e-8,0.0,2.220446049250313e-16,2.220446049250313e-16,1.871901604369112e-10,2.2093438190040615e-16,847265.8661217052,2,1.0,1.0,0.6135453935387647,-3.2215798146430394,-0.6460063929241843,-0.0006270969260327671
dyn,10,5,0.08308145478288499,5.2068076096770056e-5,0.0001232200474632039,0.00030351882476358123,0.00013491480241488741,4.739114295753014e-5,5.756255537116156e-5,0.0,0.0,0.0,3.0244605403205147e-8,0.0,2.220446049250313e-16,2.220446049250313e-16,1.5122324795040764e-10,2.2093438190040615e-16,684471.319717801,2,1.0,1.0,0.5979588503324688,-3.2958562103370177,-0.6781848660468841,-0.0005808228652627715
dyn,10,6,0.08308139848765266,4.714114815070507e-5,0.00010509902133426063,0.00026305227753630156,0.00011759280175293075,3.8297149548889835e-5,4.861329003613471e-5,0.0,0.0,0.0,2.2289220421042842e-8,0.0,2.220446049250313e-16,2.220446049250313e-16,1.1144632303959612e-10,2.2093438190040615e-16,504431.77780194674,2,1.0,1.0,0.5783682648711396,-3.365109614286997,-0.709670473728359,-0.000513085217498629
dyn,10,7,0.08308135057538588,4.4190764579518874e-5,9.271759524004626e-5,0.00023596183736474482,0.00010574337112461461,3.18133201786544e-5,4.256839999103078e-5,0.0,0.0,0.0,1.7614051679825002e-8,0.0,2.220446049250313e-16,2.220446049250313e-16,8.80704793335069e-11,2.2093438190040615e-16,398627.3144811283,2,1.0,1.0,0.5585585030488547,-3.426837974409175,-0.7437765474786842,-0.0004685479296842462
dyn,10,8,0.08308130658532886,4.2313320773336685e-5,8.340544334859287e-5,0.00021597355778168017,9.681716150980846e-5,2.68394216663879e-5,3.7996870830012254e-5,0.0,0.0,0.0,1.4497904265804987e-8,0.0,2.220446049250313e-16,2.220446049250313e-16,7.248974226340683e-11,2.2093438190040615e-16,328105.3027594596,2,1.0,1.0,0.5356355231734655,-3.4806424103648337,-0.77950318716257,-0.0004359920822984202
dyn,10,9,0.08308125657754538,3.479279989095921e-5,6.4298331113902e-5,0.00016961917738314363,7.603808487237411e-5,1.9339420070794676e-5,2.896132241580103e-5,0.0,0.0,0.0,8.775061592444005e-9,0.0,2.220446049250313e-16,2.220446049250313e-16,4.3875528896601925e-11,2.2093438190040615e-16,198590.76943660286,2,1.0,1.0,0.5067195141289572,-3.5277611888917226,-0.8157201313509229,-0.00034756074401281307
dyn,10,10,0.08308119817759635,2.1649237846685807e-5,3.750503637843194e-5,0.00010083454500495317,4.514041883116103e-5,1.0424764661955486e-5,1.6656955879789924e-5,0.0,0.0,0.0,3.0386899087373557e-9,0.0,2.220446049250313e-16,2.220446049250313e-16,1.519367047806868e-11,2.2093438190040615e-16,68770.05899841228,2,1.0,1.0,0.4763096827648954,-3.569606791329099,-0.8499019776929274,-0.0002092659701741151
dyn,10,11,0.08308113958817794,1.2056804661373958e-5,1.9575129074249747e-5,5.36373406043034e-5,2.391986283670153e-5,4.9634410902383224e-6,8.565831895503732e-6,0.0,0.0,0.0,8.424705400111147e-10,0.0,2.220446049250313e-16,2.220446049250313e-16,4.212573634437474e-12,2.2093438190040615e-16,19067.080452586317,2,1.0,1.0,0.44288465014801237,-3.6024061112009544,-0.8833745703944674,-0.00011255965360369748
dyn,10,12,0.08308109532025194,7.696066371525736e-6,1.1670410103958619e-5,3.266899923510996e-5,1.4461170758161535e-5,2.6661880898592915e-6,5.0631509465076554e-6,0.0,0.0,0.0,3.068942596480719e-10,0.0,2.220446049250313e-16,2.220446049250313e-16,1.5346922326222598e-12,2.2093438190040615e-16,6946.371223081411,2,1.0,1.0,0.40727062082735654,-3.622446872258667,-0.9227336460677887,-6.928584362759982e-5
dyn,10,13,0.08308104493559267,6.12621542055941e-6,8.662068883894065e-6,2.477821153279314e-5,1.0873604856341099e-5,1.7651067802734365e-6,3.707338254309526e-6,0.0,0.0,0.0,1.7324343955377585e-10,0.0,2.220446049250313e-16,2.220446049250313e-16,8.664381321507796e-13,2.2093438190040615e-16,3921.6989438129044,2,1.0,1.0,0.3664966229435294,-3.633318437250661,-0.9594353832884532,-5.299991019669572e-5
dyn,10,14,0.08308579429240004,1.6342899096925476e-6,3.796257312473722e-6,3.442169339114349e-6,-8.389074409498729e-7,2.072366801092589e-6,2.7597082005446254e-6,0.0,0.0,0.0,1.594761580185324e-11,0.0,2.2093438190040615e-16,2.2093438190040615e-16,7.995790871925711e-14,2.1982970999090413e-16,363.7265805544006,2,1.0,1.0,0.32225729131363046,-3.6374424601997024,-0.9906695740664277,-1.669205813176174e-5
dyn,10,15,0.083086427576634,6.420232019274586e-6,1.3722637895688018e-5,1.2905506492089176e-5,-2.603919871294779e-6,7.789876881342568e-6,1.0065024290798427e-5,0.0,0.0,0.0,2.1941390391040993e-10,0.0,2.220446049250313e-16,2.220446049250313e-16,1.0972904539339501e-12,2.2093438190040615e-16,4966.589828597126,2,1.0,1.0,0.27992792787490406,-3.6257712642942628,-1.0331172459929359,-6.129084523212059e-5
dyn,10,16,0.08308680445094266,2.0891879484349075e-6,4.155149981772928e-6,4.060363202944734e-6,-6.547512511758037e-7,2.383449840123671e-6,3.0975631827645597e-6,0.0,0.0,0.0,2.1049585928553e-11,0.0,2.2093438190040615e-16,2.2093438190040615e-16,1.054677593527559e-13,2.1982970999090413e-16,479.7702701655742,2,1.0,1.0,0.23316363476381255,-3.6037282339478014,-1.0766975529176297,-1.885869177440834e-5
dyn,10,17,0.08308705123873386,1.0250749648795317e-5,1.9012157980848523e-5,1.922315635308735e-5,-2.412418965063077e-6,1.09672326782444e-5,1.442367951403031e-5,0.0,0.0,0.0,4.59667153005914e-10,0.0,2.220446049250313e-16,2.220446049250313e-16,2.2985566994114707e-12,2.2093438190040615e-16,10403.798085386388,2,1.0,1.0,0.17695429563613407,-3.5713568742879676,-1.1162131531187087,-8.754242688188087e-5
dyn,10,18,0.08308741865156652,1.7685077234627176e-5,3.030359578185396e-5,3.182349282583555e-5,-2.8921230573310204e-6,1.775203722928584e-5,2.33784716032675e-5,0.0,0.0,0.0,1.2270954009127229e-9,0.0,2.220446049250313e-16,2.220446049250313e-16,6.1356979389455145e-12,2.2093438190040615e-16,27771.5848758723,2,1.0,1.0,0.12567625265961407,-3.5283211707147255,-1.1563864965337884,-0.0001414984816873891
dyn,10,19,0.08308773553152989,2.0928567484100578e-5,3.309314203392566e-5,3.616761000199126e-5,-2.1336108719300917e-6,1.956174372821148e-5,2.6038199644166186e-5,0.0,0.0,0.0,1.539812257611962e-9,0.0,2.220446049250313e-16,2.220446049250313e-16,7.699282222441711e-12,2.2093438190040615e-16,34848.728188953544,2,1.0,1.0,0.07728488791250035,-3.4747366022455255,-1.1963801908854241,-0.0001566427020744654
dyn,10,20,0.08308812995652921,3.0716301244804345e-5,4.436709031190128e-5,5.067059824627076e-5,-1.3851624600534644e-6,2.6742480351594712e-5,3.561213296793606e-5,0.0,0.0,0.0,2.9395817746709976e-9,0.0,2.220446049250313e-16,2.220446049250313e-16,1.4698129807736886e-11,2.2093438190040615e-16,66527.12756298193,2,1.0,1.0,0.025697636051853563,-3.409458466253105,-1.2364075225613615,-0.00021312792420105354
dyn,10,21,0.08308838117900263,2.6495190408439673e-5,3.502955507118385e-5,4.18704893215694e-5,7.379667999449753e-8,2.1209859472137747e-5,2.8804286226981136e-5,0.0,0.0,0.0,1.9451238261323217e-9,0.0,2.220446049250313e-16,2.220446049250313e-16,9.72584006504351e-12,2.2093438190040615e-16,44021.39667617587,2,1.0,1.0,-0.028206878708581944,-3.334914880040815,-1.2727808538764587,-0.0001708598882212441
dyn,10,22,0.08308854026098506,3.3451846113522096e-5,4.039873484308889e-5,5.053887990468355e-5,1.3983311875435956e-6,2.4458853481198945e-5,3.4148479003529054e-5,0.0,0.0,0.0,2.752427247215303e-9,0.0,2.220446049250313e-16,2.220446049250313e-16,1.3762357170458416e-11,2.2093438190040615e-16,62291.60464785547,2,1.0,1.0,-0.08417957862017661,-3.2487995283296773,-1.3072792392230095,-0.00020013178148622392
dyn,10,23,0.08308868331463541,3.6028960961873126e-5,3.941882811031481e-5,5.196979169913461e-5,2.7408333771968186e-6,2.380087734487856e-5,3.4439689540865365e-5,0.0,0.0,0.0,2.818295236614202e-9,0.0,2.220446049250313e-16,2.220446049250313e-16,1.4091697117452912e-11,2.2093438190040615e-16,63782.27325344606,2,1.0,1.0,-0.14008609624857002,-3.151609766481186,-1.3444668748063209,-0.0001991515835788232
dyn,10,24,0.08308870039158851,3.621387058433514e-5,3.582025156336945e-5,4.988695478904573e-5,3.7437083072993194e-6,2.1295753079057703e-5,3.254827339219477e-5,0.0,0.0,0.0,2.514561260915663e-9,0.0,2.220446049250313e-16,2.220446049250313e-16,1.2573027238960218e-11,2.2093438190040615e-16,56908.422902814404,2,1.0,1.0,-0.19783809507266853,-3.0445153155773808,-1.3802223384874395,-0.0001850748770630798
dyn,10,25,0.08308865853894291,4.33777171918896e-5,3.855546053680962e-5,5.6852359207866865e-5,5.408316764475049e-6,2.2500463957102268e-5,3.660261297650723e-5,0.0,0.0,0.0,3.1735119028800207e-9,0.0,2.220446049250313e-16,2.220446049250313e-16,1.5867780448782005e-11,2.2093438190040615e-16,71821.23629782058,2,1.0,1.0,-0.2574890975738924,-2.9276292535843766,-1.4119204851833478,-0.00020431639400412638
dyn,10,26,0.08308864545268076,5.375672362295811e-5,4.2334498465064396e-5,6.667031118023633e-5,7.629092099200832e-6,2.4398556224719704e-5,4.228715516574382e-5,0.0,0.0,0.0,4.249526490052066e-9,0.0,2.220446049250313e-16,2.220446049250313e-16,2.1247853384642228e-11,2.2093438190040615e-16,96172.6880256258,2,1.0,1.0,-0.31693605306948425,-2.801647589702354,-1.442992502398482,-0.00023184854856256781
dyn,10,27,0.08308870139465539,6.397507170193863e-5,4.370903414564598e-5,7.461772241502776e-5,1.0046445613500723e-5,2.5241508933874452e-5,4.645784894468149e-5,0.0,0.0,0.0,5.1969451821125e-9,0.0,2.220446049250313e-16,2.220446049250313e-16,2.59849468449444e-11,2.2093438190040615e-16,117613.8662594309,2,1.0,1.0,-0.37938793949314725,-2.6684683008747085,-1.4762302919312622,-0.00025106048485541374
dyn,10,28,0.0830886816234375,5.819032285113454e-5,3.3898238718880295e-5,6.383802389946007e-5,1.0001220347260615e-5,1.947188658906533e-5,3.926751697966261e-5,0.0,0.0,0.0,3.73755119547098e-9,0.0,2.220446049250313e-16,2.220446049250313e-16,1.8687976911736802e-11,2.2093438190040615e-16,84586.09633769476,2,1.0,1.0,-0.45633865364057336,-2.531623269404065,-1.5225284306141802,-0.00020956726985848367
dyn,10,29,0.0830886551383225,5.740598392081401e-5,2.793116536936891e-5,5.8739363124325044e-5,1.0585085619736423e-5,1.6254060748132575e-5,3.608304066958545e-5,0.0,0.0,0.0,3.171593531261193e-9,0.0,2.220446049250313e-16,2.220446049250313e-16,1.5858188590687864e-11,2.2093438190040615e-16,71777.82133446525,2,1.0,1.0,-0.5444794886469264,-2.390847544994726,-1.5702826161914871,-0.00019027293972296276
dyn,10,30,0.08308877687233615,6.434389691748995e-5,2.496156479822732e-5,6.0468376302874025e-5,1.254555446503413e-5,1.5628565861578562e-5,3.7104973276453845e-5,0.0,0.0,0.0,3.4306977470882133e-9,0.0,2.220446049250313e-16,2.220446049250313e-16,1.7153709669822968e-11,2.2093438190040615e-16,77641.64872063958,2,1.0,1.0,-0.6347389905268199,-2.2439717203839167,-1.6121047303886002,-0.00019433598115650325
clip-fired,10,1,0.08308178893763361,0.0002377884346016693,0.0007230487975263699,0.0016348344056519271,,,,,,,,,,,,,,,0.0,0.6043871282909247,-2.9200101666085714,-0.5584254098177416,-0.002880526643561727
clip-fired,10,2,0.08308167416534834,0.00010047857620300577,0.0002833767372797546,0.0006655130729986277,,,,,,,,,,,,,,,0.0,0.6263299507510031,-3.0359589179704507,-0.600461811483586,-0.001197002576383845
clip-fired,10,3,0.08308156522728692,6.892162281662511e-5,0.00018298725667740705,0.00043627340299958367,,,,,,,,,,,,,,,0.0,0.6211109092856923,-3.137702074681499,-0.6156270643163176,-0.00079993323742782
clip-fired,10,4,0.08308150643147368,5.500972364596338e-5,0.00013802974865518162,0.00033463141983669726,,,,,,,,,,,,,,,0.0,0.6135453935387647,-3.2215798146430394,-0.6460063929241843,-0.0006270969260327671
clip-fired,10,5,0.08308145478288499,5.2068076096770056e-5,0.0001232200474632039,0.00030351882476358123,,,,,,,,,,,,,,,0.0,0.5979588503324688,-3.2958562103370177,-0.6781848660468841,-0.0005808228652627715
clip-fired,10,6,0.08308139848765266,4.714114815070507e-5,0.00010509902133426063,0.00026305227753630156,,,,,,,,,,,,,,,0.0,0.5783682648711396,-3.365109614286997,-0.709670473728359,-0.000513085217498629
clip-fired,10,7,0.08308135057538588,4.4190764579518874e-5,9.271759524004626e-5,0.00023596183736474482,,,,,,,,,,,,,,,0.0,0.5585585030488547,-3.426837974409175,-0.7437765474786842,-0.0004685479296842462
clip-fired,10,8,0.08308130658532886,4.2313320773336685e-5,8.340544334859287e-5,0.00021597355778168017,,,,,,,,,,,,,,,0.0,0.5356355231734655,-3.4806424103648337,-0.77950318716257,-0.0004359920822984202
clip-fired,10,9,0.08308125657754538,3.479279989095921e-5,6.4298331113902e-5,0.00016961917738314363,,,,,,,,,,,,,,,0.0,0.5067195141289572,-3.5277611888917226,-0.8157201313509229,-0.00034756074401281307
clip-fired,10,10,0.08308119817759635,2.1649237846685807e-5,3.750503637843194e-5,0.00010083454500495317,,,,,,,,,,,,,,,0.0,0.4763096827648954,-3.569606791329099,-0.8499019776929274,-0.0002092659701741151
clip-fired,10,11,0.08308113958817794,1.2056804661373958e-5,1.9575129074249747e-5,5.36373406043034e-5,,,,,,,,,,,,,,,0.0,0.44288465014801237,-3.6024061112009544,-0.8833745703944674,-0.00011255965360369748
clip-fired,10,12,0.08308109532025194,7.696066371525736e-6,1.1670410103958619e-5,3.266899923510996e-5,,,,,,,,,,,,,,,0.0,0.40727062082735654,-3.622446872258667,-0.9227336460677887,-6.928584362759982e-5
clip-fired,10,13,0.08308104493559267,6.12621542055941e-6,8.662068883894065e-6,2.477821153279314e-5,,,,,,,,,,,,,,,0.0,0.3664966229435294,-3.633318437250661,-0.9594353832884532,-5.299991019669572e-5
clip-fired,10,14,0.08308579429240004,1.6342899096925476e-6,3.796257312473722e-6,3.442169339114349e-6,,,,,,,,,,,,,,,0.0,0.32225729131363046,-3.6374424601997024,-0.9906695740664277,-1.669205813176174e-5
clip-fired,10,15,0.083086427576634,6.420232019274586e-6,1.3722637895688018e-5,1.2905506492089176e-5,,,,,,,,,,,,,,,0.0,0.27992792787490406,-3.6257712642942628,-1.0331172459929359,-6.129084523212059e-5
clip-fired,10,16,0.08308680445094266,2.0891879484349075e-6,4.155149981772928e-6,4.060363202944734e-6,,,,,,,,,,,,,,,0.0,0.23316363476381255,-3.6037282339478014,-1.0766975529176297,-1.885869177440834e-5
clip-fired,10,17,0.08308705123873386,1.0250749648795317e-5,1.9012157980848523e-5,1.922315635308735e-5,,,,,,,,,,,,,,,0.0,0.17695429563613407,-3.5713568742879676,-1.1162131531187087,-8.754242688188087e-5
clip-fired,10,18,0.08308741865156652,1.7685077234627176e-5,3.030359578185396e-5,3.182349282583555e-5,,,,,,,,,,,,,,,0.0,0.12567625265961407,-3.5283211707147255,-1.1563864965337884,-0.0001414984816873891
clip-fired,10,19,0.08308773553152989,2.0928567484100578e-5,3.309314203392566e-5,3.616761000199126e-5,,,,,,,,,,,,,,,0.0,0.07728488791250035,-3.4747366022455255,-1.1963801908854241,-0.0001566427020744654
clip-fired,10,20,0.08308812995652921,3.0716301244804345e-5,4.436709031190128e-5,5.067059824627076e-5,,,,,,,,,,,,,,,0.0,0.025697636051853563,-3.409458466253105,-1.2364075225613615,-0.00021312792420105354
clip-fired,10,21,0.08308838117900263,2.6495190408439673e-5,3.502955507118385e-5,4.18704893215694e-5,,,,,,,,,,,,,,,0.0,-0.028206878708581944,-3.334914880040815,-1.2727808538764587,-0.0001708598882212441
clip-fired,10,22,0.08308854026098506,3.3451846113522096e-5,4.039873484308889e-5,5.053887990468355e-5,,,,,,,,,,,,,,,0.0,-0.08417957862017661,-3.2487995283296773,-1.3072792392230095,-0.00020013178148622392
clip-fired,10,23,0.08308868331463541,3.6028960961873126e-5,3.941882811031481e-5,5.196979169913461e-5,,,,,,,,,,,,,,,0.0,-0.14008609624857002,-3.151609766481186,-1.3444668748063209,-0.0001991515835788232
clip-fired,10,24,0.08308870039158851,3.621387058433514e-5,3.582025156336945e-5,4.988695478904573e-5,,,,,,,,,,,,,,,0.0,-0.19783809507266853,-3.0445153155773808,-1.3802223384874395,-0.0001850748770630798
clip-fired,10,25,0.08308865853894291,4.33777171918896e-5,3.855546053680962e-5,5.6852359207866865e-5,,,,,,,,,,,,,,,0.0,-0.2574890975738924,-2.9276292535843766,-1.4119204851833478,-0.00020431639400412638
clip-fired,10,26,0.08308864545268076,5.375672362295811e-5,4.2334498465064396e-5,6.667031118023633e-5,,,,,,,,,,,,,,,0.0,-0.31693605306948425,-2.801647589702354,-1.442992502398482,-0.00023184854856256781
clip-fired,10,27,0.08308870139465539,6.397507170193863e-5,4.370903414564598e-5,7.461772241502776e-5,,,,,,,,,,,,,,,0.0,-0.37938793949314725,-2.6684683008747085,-1.4762302919312622,-0.00025106048485541374
clip-fired,10,28,0.0830886816234375,5.819032285113454e-5,3.3898238718880295e-5,6.383802389946007e-5,,,,,,,,,,,,,,,0.0,-0.45633865364057336,-2.531623269404065,-1.5225284306141802,-0.00020956726985848367
clip-fired,10,29,0.0830886551383225,5.740598392081401e-5,2.793116536936891e-5,5.8739363124325044e-5,,,,,,,,,,,,,,,0.0,-0.5444794886469264,-2.390847544994726,-1.5702826161914871,-0.00019027293972296276
clip-fired,10,30,0.08308877687233615,6.434389691748995e-5,2.496156479822732e-5,6.0468376302874025e-5,,,,,,,,,,,,,,,0.0,-0.6347389905268199,-2.2439717203839167,-1.6121047303886002,-0.00019433598115650325
beforeUJ_end,10,1,0.0830845315199286,0.0002966372652931252,0.0007599166395140594,0.001608144957734908,-0.0006469398110991465,-0.0004880480746856176,-0.00045929306905109443,0.7842986828197955,-4.208545749709798,-0.860571728092207,,,,,,,,,,,,,,
beforeUJ_end,10,2,0.08308436514152587,0.00012505108503067314,0.00029838784006195094,0.0006546478618367943,-0.0002711738349744558,-0.00018825142993053332,-0.00018244518400051092,0.7968880434866248,-4.3826016821232905,-0.9104643666305514,,,,,,,,,,,,,,
beforeUJ_end,10,3,0.08308419790768602,8.552234912990271e-5,0.0001927450120690266,0.00042904001637070205,-0.00018103951721869512,-0.00011886319497587218,-0.00011532928317679421,0.7893683227413236,-4.539720807138337,-0.926220191737461,,,,,,,,,,,,,,
beforeUJ_end,10,4,0.08308409677186049,6.823847542590012e-5,0.00014532423929284192,0.0003290351531056883,-0.00014013451993444298,-8.688930436816202e-5,-8.652307917123451e-5,0.781448014547343,-4.673915190575329,-0.962097776841786,,,,,,,,,,,,,,
beforeUJ_end,10,5,0.08308400471028611,6.452239001700532e-5,0.00012963178343785501,0.0002983905194323189,-0.0001279815380886413,-7.518534625637632e-5,-7.661526608513033e-5,0.7644058869779666,-4.795569311431214,-0.9999408640131562,,,,,,,,,,,,,,
beforeUJ_end,10,6,0.0830839056477358,5.833674871325961e-5,0.00011047879503418296,0.00025854574480141016,-0.00011157472544208933,-6.207192197162537e-5,-6.460140569840558e-5,0.7419555687275714,-4.910161486790897,-1.0363840038076506,,,,,,,,,,,,,,
beforeUJ_end,10,7,0.08308381768214086,5.4607857105047554e-5,9.737150548319863e-5,0.00023185399134493628,-0.00010029388238289003,-5.283358640368863e-5,-5.64644765971904e-5,0.7199666063330359,-5.0143139602995745,-1.0762425867250087,,,,,,,,,,,,,,
beforeUJ_end,10,8,0.0830837345367955,5.2201163825444323e-5,8.749699661307018e-5,0.0002121421797273315,-9.177490879865686e-5,-4.577764161768175e-5,-5.031346712917868e-5,0.6942332250676274,-5.107301853651769,-1.1180404926571161,,,,,,,,,,,,,,
beforeUJ_end,10,9,0.08308364267230985,4.2844985945005385e-5,6.737676467110333e-5,0.0001665420090968489,-7.205787106222482e-5,-3.3962102199397136e-5,-3.830235245430382e-5,0.6597633250460915,-5.190446817874514,-1.1599893106463088,,,,,,,,,,,,,,
beforeUJ_end,10,10,0.08308353892747908,2.6615676929309683e-5,3.925782853496054e-5,9.895450827995095e-5,-4.2762306938594666e-5,-1.8963576623105453e-5,-2.20056827203748e-5,0.6230942235427466,-5.265327267951385,-1.1990608075555196,,,,,,,,,,,,,,
beforeUJ_end,10,11,0.0830834345940365,1.4800586238124767e-5,2.046398851254253e-5,5.2605210833007555e-5,-2.2648544391124784e-5,-9.424785811538991e-6,-1.130052905103808e-5,0.583271344599973,-5.3269851540986,-1.2372162483089688,,,,,,,,,,,,,,
beforeUJ_end,10,12,0.08308335015641759,9.433245675396258e-6,1.2180376149057703e-5,3.201884929534832e-5,-1.3676204552912753e-5,-5.33339520311011e-6,-6.667844071909196e-6,0.5414421673221547,-5.370412294715304,-1.28352389883085,,,,,,,,,,,,,,
beforeUJ_end,10,13,0.08308325723050561,7.495468840953578e-6,9.02493416368099e-6,2.4265466758140008e-5,-1.0273071701469411e-5,-3.748126146997008e-6,-4.8767817970980114e-6,0.4932147063130896,-5.400030901390176,-1.326284088975011,,,,,,,,,,,,,,
beforeUJ_end,10,14,0.08309090656469098,1.8423914982470727e-6,3.28690502999366e-6,3.83741225874518e-6,9.969238180447957e-8,-2.232136988439321e-6,-2.8106125324576756e-6,0.4400356333910793,-5.418601469627688,-1.3615879910190842,,,,,,,,,,,,,,
beforeUJ_end,10,15,0.08309156531916231,7.191127445064387e-6,1.1846108710318907e-5,1.4280816292729578e-5,4.471538438790433e-8,-8.289014175820736e-6,-1.0225535608148509e-5,0.3903177616139327,-5.4142202104017,-1.4126951001982735,,,,,,,,,,,,,,
beforeUJ_end,10,16,0.0830919263919766,2.3361198939583246e-6,3.574712347635817e-6,4.457701808538775e-6,-8.299532227650804e-8,-2.5237966175274535e-6,-3.1351104643378714e-6,0.33534518317579587,-5.394212826319393,-1.4660100422929094,,,,,,,,,,,,,,
beforeUJ_end,10,17,0.08309215058842327,1.1451968249336614e-5,1.629358660109198e-5,2.0957958046232773e-5,-8.115513965380509e-7,-1.1573332304568915e-5,-1.4523511285585348e-5,0.26659266479705074,-5.357720012551188,-1.5133817943086867,,,,,,,,,,,,,,
beforeUJ_end,10,18,0.08309249109642405,1.9703142242038302e-5,2.5863293145561952e-5,3.444028142234874e-5,-1.974546148710734e-6,-1.861982125126056e-5,-2.3452704677985995e-5,0.20546089308293108,-5.304491910115442,-1.5626139790480793,,,,,,,,,,,,,,
beforeUJ_end,10,19,0.08309276232670239,2.3269080086664013e-5,2.8112845876917523e-5,3.884311184115487e-5,-2.8590207262307505e-6,-2.041892148027254e-5,-2.6034084107064448e-5,0.149104049588654,-5.234669655099911,-1.6125832116169359,,,,,,,,,,,,,,
beforeUJ_end,10,20,0.08309310610940043,3.402425788597747e-5,3.749406356743006e-5,5.3987702399308066e-5,-4.862111182196667e-6,-2.7721897408072435e-5,-3.5507823459573706e-5,0.0883366115352006,-5.146422099793146,-1.6630047360952895,,,,,,,,,,,,,,
beforeUJ_end,10,21,0.08309328114842822,2.9289211227669314e-5,2.9429990942126094e-5,4.4241970837268316e-5,-4.6440280416523216e-6,-2.1905708277500948e-5,-2.8631558674555593e-5,0.024989588974061006,-5.043376020321727,-1.7094320955998115,,,,,,,,,,,,,,
beforeUJ_end,10,22,0.08309335276882082,3.691622344471325e-5,3.3705309995055704e-5,5.2963928641954676e-5,-6.262306938803128e-6,-2.519381960246222e-5,-3.3827656927087455e-5,-0.0413324915972791,-4.921838194828513,-1.7536353386645323,,,,,,,,,,,,,,
beforeUJ_end,10,23,0.08309339142217734,3.968393891942511e-5,3.261088719144862e-5,5.3974493243401853e-5,-7.059700854849651e-6,-2.4467680825987182e-5,-3.4025515686736545e-5,-0.10733538646075808,-4.782827673589156,-1.8025030375153264,,,,,,,,,,,,,,
beforeUJ_end,10,24,0.08309328920029814,3.984316575965526e-5,2.9329981628221457e-5,5.132635409008494e-5,-7.2838039120914095e-6,-2.1907208362085614e-5,-3.20672872270763e-5,-0.17585180255682892,-4.6279048992187946,-1.8501503759190538,,,,,,,,,,,,,,
beforeUJ_end,10,25,0.08309311878769039,4.765137320395308e-5,3.118409624354796e-5,5.7929460098147035e-5,-8.824012669259697e-6,-2.3177679100594347e-5,-3.5957772618130614e-5,-0.24702134269985151,-4.457199828185795,-1.8926903462132907,,,,,,,,,,,,,,
beforeUJ_end,10,26,0.0830929646983704,5.888311515668385e-5,3.3729629551484106e-5,6.723182850933206e-5,-1.0940382435205127e-5,-2.514807153830864e-5,-4.145178491558064e-5,-0.3178777988504876,-4.271957229350153,-1.9350508183302046,,,,,,,,,,,,,,
beforeUJ_end,10,27,0.08309286790358239,6.975320688869641e-5,3.416226660834575e-5,7.440566493336656e-5,-1.3010818220507847e-5,-2.6001620660908814e-5,-4.5480296148358805e-5,-0.39325360113285285,-4.075277686169009,-1.9810429202200144,,,,,,,,,,,,,,
beforeUJ_end,10,28,0.08309270844672086,6.317603094003898e-5,2.575306212473085e-5,6.288400004920907e-5,-1.1996967685121605e-5,-2.01593531427808e-5,-3.839093467824839e-5,-0.49035633831541897,-3.8730058705336092,-2.045715253871859,,,,,,,,,,,,,,
beforeUJ_end,10,29,0.08309256467526421,6.198350327571928e-5,2.0384541737340778e-5,5.715775769279119e-5,-1.2074920466696584e-5,-1.6941785349876168e-5,-3.519465752130433e-5,-0.6041882425201822,-3.6648224003678043,-2.112492354165223,,,,,,,,,,,,,,
beforeUJ_end,10,30,0.08309255693218223,6.889423513392255e-5,1.7186699358228377e-5,5.8106032866631036e-5,-1.3812805115174312e-5,-1.634767628177426e-5,-3.609284639956942e-5,-0.72125890080257,-3.4475731227747506,-2.1711463851364106,,,,,,,,,,,,,,
beforeUJ_end,10,1,0.0830845315199286,0.0002966372652931252,0.0007599166395140594,0.001608144957734908,-0.0006469398110991465,-0.0004880480746856176,-0.00045929306905109443,0.7842986828197955,-4.208545749709798,-0.860571728092207,,,,,,,,,,,,,,
beforeUJ_end,10,2,0.08308436514152587,0.00012505108503067314,0.00029838784006195094,0.0006546478618367943,-0.0002711738349744558,-0.00018825142993053332,-0.00018244518400051092,0.7968880434866248,-4.3826016821232905,-0.9104643666305514,,,,,,,,,,,,,,
beforeUJ_end,10,3,0.08308419790768602,8.552234912990271e-5,0.0001927450120690266,0.00042904001637070205,-0.00018103951721869512,-0.00011886319497587218,-0.00011532928317679421,0.7893683227413236,-4.539720807138337,-0.926220191737461,,,,,,,,,,,,,,
beforeUJ_end,10,4,0.08308409677186049,6.823847542590012e-5,0.00014532423929284192,0.0003290351531056883,-0.00014013451993444298,-8.688930436816202e-5,-8.652307917123451e-5,0.781448014547343,-4.673915190575329,-0.962097776841786,,,,,,,,,,,,,,
beforeUJ_end,10,5,0.08308400471028611,6.452239001700532e-5,0.00012963178343785501,0.0002983905194323189,-0.0001279815380886413,-7.518534625637632e-5,-7.661526608513033e-5,0.7644058869779666,-4.795569311431214,-0.9999408640131562,,,,,,,,,,,,,,
beforeUJ_end,10,6,0.0830839056477358,5.833674871325961e-5,0.00011047879503418296,0.00025854574480141016,-0.00011157472544208933,-6.207192197162537e-5,-6.460140569840558e-5,0.7419555687275714,-4.910161486790897,-1.0363840038076506,,,,,,,,,,,,,,
beforeUJ_end,10,7,0.08308381768214086,5.4607857105047554e-5,9.737150548319863e-5,0.00023185399134493628,-0.00010029388238289003,-5.283358640368863e-5,-5.64644765971904e-5,0.7199666063330359,-5.0143139602995745,-1.0762425867250087,,,,,,,,,,,,,,
beforeUJ_end,10,8,0.0830837345367955,5.2201163825444323e-5,8.749699661307018e-5,0.0002121421797273315,-9.177490879865686e-5,-4.577764161768175e-5,-5.031346712917868e-5,0.6942332250676274,-5.107301853651769,-1.1180404926571161,,,,,,,,,,,,,,
beforeUJ_end,10,9,0.08308364267230985,4.2844985945005385e-5,6.737676467110333e-5,0.0001665420090968489,-7.205787106222482e-5,-3.3962102199397136e-5,-3.830235245430382e-5,0.6597633250460915,-5.190446817874514,-1.1599893106463088,,,,,,,,,,,,,,
beforeUJ_end,10,10,0.08308353892747908,2.6615676929309683e-5,3.925782853496054e-5,9.895450827995095e-5,-4.2762306938594666e-5,-1.8963576623105453e-5,-2.20056827203748e-5,0.6230942235427466,-5.265327267951385,-1.1990608075555196,,,,,,,,,,,,,,
beforeUJ_end,10,11,0.0830834345940365,1.4800586238124767e-5,2.046398851254253e-5,5.2605210833007555e-5,-2.2648544391124784e-5,-9.424785811538991e-6,-1.130052905103808e-5,0.583271344599973,-5.3269851540986,-1.2372162483089688,,,,,,,,,,,,,,
beforeUJ_end,10,12,0.08308335015641759,9.433245675396258e-6,1.2180376149057703e-5,3.201884929534832e-5,-1.3676204552912753e-5,-5.33339520311011e-6,-6.667844071909196e-6,0.5414421673221547,-5.370412294715304,-1.28352389883085,,,,,,,,,,,,,,
beforeUJ_end,10,13,0.08308325723050561,7.495468840953578e-6,9.02493416368099e-6,2.4265466758140008e-5,-1.0273071701469411e-5,-3.748126146997008e-6,-4.8767817970980114e-6,0.4932147063130896,-5.400030901390176,-1.326284088975011,,,,,,,,,,,,,,
beforeUJ_end,10,14,0.08309090656469098,1.8423914982470727e-6,3.28690502999366e-6,3.83741225874518e-6,9.969238180447957e-8,-2.232136988439321e-6,-2.8106125324576756e-6,0.4400356333910793,-5.418601469627688,-1.3615879910190842,,,,,,,,,,,,,,
beforeUJ_end,10,15,0.08309156531916231,7.191127445064387e-6,1.1846108710318907e-5,1.4280816292729578e-5,4.471538438790433e-8,-8.289014175820736e-6,-1.0225535608148509e-5,0.3903177616139327,-5.4142202104017,-1.4126951001982735,,,,,,,,,,,,,,
beforeUJ_end,10,16,0.0830919263919766,2.3361198939583246e-6,3.574712347635817e-6,4.457701808538775e-6,-8.299532227650804e-8,-2.5237966175274535e-6,-3.1351104643378714e-6,0.33534518317579587,-5.394212826319393,-1.4660100422929094,,,,,,,,,,,,,,
beforeUJ_end,10,17,0.08309215058842327,1.1451968249336614e-5,1.629358660109198e-5,2.0957958046232773e-5,-8.115513965380509e-7,-1.1573332304568915e-5,-1.4523511285585348e-5,0.26659266479705074,-5.357720012551188,-1.5133817943086867,,,,,,,,,,,,,,
beforeUJ_end,10,18,0.08309249109642405,1.9703142242038302e-5,2.5863293145561952e-5,3.444028142234874e-5,-1.974546148710734e-6,-1.861982125126056e-5,-2.3452704677985995e-5,0.20546089308293108,-5.304491910115442,-1.5626139790480793,,,,,,,,,,,,,,
beforeUJ_end,10,19,0.08309276232670239,2.3269080086664013e-5,2.8112845876917523e-5,3.884311184115487e-5,-2.8590207262307505e-6,-2.041892148027254e-5,-2.6034084107064448e-5,0.149104049588654,-5.234669655099911,-1.6125832116169359,,,,,,,,,,,,,,
beforeUJ_end,10,20,0.08309310610940043,3.402425788597747e-5,3.749406356743006e-5,5.3987702399308066e-5,-4.862111182196667e-6,-2.7721897408072435e-5,-3.5507823459573706e-5,0.0883366115352006,-5.146422099793146,-1.6630047360952895,,,,,,,,,,,,,,
beforeUJ_end,10,21,0.08309328114842822,2.9289211227669314e-5,2.9429990942126094e-5,4.4241970837268316e-5,-4.6440280416523216e-6,-2.1905708277500948e-5,-2.8631558674555593e-5,0.024989588974061006,-5.043376020321727,-1.7094320955998115,,,,,,,,,,,,,,
beforeUJ_end,10,22,0.08309335276882082,3.691622344471325e-5,3.3705309995055704e-5,5.2963928641954676e-5,-6.262306938803128e-6,-2.519381960246222e-5,-3.3827656927087455e-5,-0.0413324915972791,-4.921838194828513,-1.7536353386645323,,,,,,,,,,,,,,
beforeUJ_end,10,23,0.08309339142217734,3.968393891942511e-5,3.261088719144862e-5,5.3974493243401853e-5,-7.059700854849651e-6,-2.4467680825987182e-5,-3.4025515686736545e-5,-0.10733538646075808,-4.782827673589156,-1.8025030375153264,,,,,,,,,,,,,,
beforeUJ_end,10,24,0.08309328920029814,3.984316575965526e-5,2.9329981628221457e-5,5.132635409008494e-5,-7.2838039120914095e-6,-2.1907208362085614e-5,-3.20672872270763e-5,-0.17585180255682892,-4.6279048992187946,-1.8501503759190538,,,,,,,,,,,,,,
beforeUJ_end,10,25,0.08309311878769039,4.765137320395308e-5,3.118409624354796e-5,5.7929460098147035e-5,-8.824012669259697e-6,-2.3177679100594347e-5,-3.5957772618130614e-5,-0.24702134269985151,-4.457199828185795,-1.8926903462132907,,,,,,,,,,,,,,
beforeUJ_end,10,26,0.0830929646983704,5.888311515668385e-5,3.3729629551484106e-5,6.723182850933206e-5,-1.0940382435205127e-5,-2.514807153830864e-5,-4.145178491558064e-5,-0.3178777988504876,-4.271957229350153,-1.9350508183302046,,,,,,,,,,,,,,
beforeUJ_end,10,27,0.08309286790358239,6.975320688869641e-5,3.416226660834575e-5,7.440566493336656e-5,-1.3010818220507847e-5,-2.6001620660908814e-5,-4.5480296148358805e-5,-0.39325360113285285,-4.075277686169009,-1.9810429202200144,,,,,,,,,,,,,,
beforeUJ_end,10,28,0.08309270844672086,6.317603094003898e-5,2.575306212473085e-5,6.288400004920907e-5,-1.1996967685121605e-5,-2.01593531427808e-5,-3.839093467824839e-5,-0.49035633831541897,-3.8730058705336092,-2.045715253871859,,,,,,,,,,,,,,
beforeUJ_end,10,29,0.08309256467526421,6.198350327571928e-5,2.0384541737340778e-5,5.715775769279119e-5,-1.2074920466696584e-5,-1.6941785349876168e-5,-3.519465752130433e-5,-0.6041882425201822,-3.6648224003678043,-2.112492354165223,,,,,,,,,,,,,,
beforeUJ_end,10,30,0.08309255693218223,6.889423513392255e-5,1.7186699358228377e-5,5.8106032866631036e-5,-1.3812805115174312e-5,-1.634767628177426e-5,-3.609284639956942e-5,-0.72125890080257,-3.4475731227747506,-2.1711463851364106,,,,,,,,,,,,,,
dyn,11,1,0.0830845315199286,0.0002966372652931252,0.0007599166395140594,0.001608144957734908,0.0006449332548427628,0.0004851024479290745,0.0004583837657576345,0.0,0.0,0.0,1.293204912072114e-6,0.0,2.220446049250313e-16,2.220446049250313e-16,6.466024781294953e-9,2.2093438190040615e-16,2.9266720397596322e7,2,1.0,1.0,0.7842986828197955,-4.208545749709798,-0.860571728092207,-0.0043494158122166825
dyn,11,2,0.08308436514152587,0.00012505108503067314,0.00029838784006195094,0.0006546478618367943,0.00027032008117771895,0.00018705986611160239,0.00018207775080977793,0.0,0.0,0.0,2.0819056806647436e-7,0.0,2.220446049250313e-16,2.220446049250313e-16,1.0409530612667537e-9,2.2093438190040615e-16,4.711593787769979e6,2,1.0,1.0,0.7968880434866248,-4.3826016821232905,-0.9104643666305514,-0.0018040968861879505
dyn,11,3,0.08308419790768602,8.552234912990271e-5,0.0001927450120690266,0.00042904001637070205,0.000180462044332708,0.0001180817131421279,0.00011509758103170582,0.0,0.0,0.0,8.731194323319517e-8,0.0,2.220446049250313e-16,2.220446049250313e-16,4.365599371003578e-10,2.2093438190040615e-16,1.9759710251759381e6,2,1.0,1.0,0.7893683227413236,-4.539720807138337,-0.926220191737461,-0.0012048854346982357
dyn,11,4,0.08308409677186049,6.823847542590012e-5,0.00014532423929284192,0.0003290351531056883,0.00013968187631218027,8.629174529306572e-5,8.634832161892665e-5,0.0,0.0,0.0,5.0332142969190195e-8,0.0,2.220446049250313e-16,2.220446049250313e-16,2.516609357803329e-10,2.2093438190040615e-16,1.139075473973887e6,2,1.0,1.0,0.781448014547343,-4.673915190575329,-0.962097776841786,-0.00094247233775809
dyn,11,5,0.08308400471028611,6.452239001700532e-5,0.00012963178343785501,0.0002983905194323189,0.00012756317595628624,7.46448335544709e-5,7.645990457634656e-5,0.0,0.0,0.0,4.0599768727635175e-8,0.0,2.220446049250313e-16,2.220446049250313e-16,2.0299906457255777e-10,2.2093438190040615e-16,918820.614638724,2,1.0,1.0,0.7644058869779666,-4.795569311431214,-0.9999408640131562,-0.0008707097814842748
dyn,11,6,0.0830839056477358,5.833674871325961e-5,0.00011047879503418296,0.00025854574480141016,0.00011120580828017462,6.160503735140428e-5,6.44701210985428e-5,0.0,0.0,0.0,2.987202533138058e-8,0.0,2.220446049250313e-16,2.220446049250313e-16,1.493603475912848e-10,2.2093438190040615e-16,676039.4027698874,2,1.0,1.0,0.7419555687275714,-4.910161486790897,-1.0363840038076506,-0.000767138123079363
dyn,11,7,0.08308381768214086,5.4607857105047554e-5,9.737150548319863e-5,0.00023185399134493628,9.995860682534302e-5,5.2416615989863224e-5,5.6349297095897544e-5,0.0,0.0,0.0,2.3556337911660004e-8,0.0,2.220446049250313e-16,2.220446049250313e-16,1.1778191049268191e-10,2.2093438190040615e-16,533108.1087495752,2,1.0,1.0,0.7199666063330359,-5.0143139602995745,-1.0762425867250087,-0.0006984666051083411
dyn,11,8,0.0830837345367955,5.2201163825444323e-5,8.749699661307018e-5,0.0002121421797273315,9.146487235434596e-5,4.539789265417527e-5,5.0210427420218985e-5,0.0,0.0,0.0,1.9340306059120257e-8,0.0,2.220446049250313e-16,2.220446049250313e-16,9.670175122998319e-11,2.2093438190040615e-16,437694.44302052935,2,1.0,1.0,0.6942332250676274,-5.107301853651769,-1.1180404926571161,-0.0006478173378117743
dyn,11,9,0.08308364267230985,4.2844985945005385e-5,6.737676467110333e-5,0.0001665420090968489,7.181199476228392e-5,3.366553062613785e-5,3.8223731035073245e-5,0.0,0.0,0.0,1.167578265634897e-8,0.0,2.220446049250313e-16,2.220446049250313e-16,5.837913421612675e-11,2.2093438190040615e-16,264237.43427332724,2,1.0,1.0,0.6597633250460915,-5.190446817874514,-1.1599893106463088,-0.0005146349137230834
dyn,11,10,0.08308353892747908,2.6615676929309683e-5,3.925782853496054e-5,9.895450827995095e-5,4.261499178977682e-5,1.8788529503136294e-5,2.1960476847460362e-5,0.0,0.0,0.0,4.032777175779203e-9,0.0,2.220446049250313e-16,2.220446049250313e-16,2.0164106813277913e-11,2.2093438190040615e-16,91267.40093521336,2,1.0,1.0,0.6230942235427466,-5.265327267951385,-1.1990608075555196,-0.00030877371312477227
dyn,11,11,0.0830834345940365,1.4800586238124767e-5,2.046398851254253e-5,5.2605210833007555e-5,2.256980523539639e-5,9.332444433645117e-6,1.1277311520691368e-5,0.0,0.0,0.0,1.1149159224198225e-9,0.0,2.220446049250313e-16,2.220446049250313e-16,5.574800546481013e-12,2.2093438190040615e-16,25232.833832961536,2,1.0,1.0,0.583271344599973,-5.3269851540986,-1.2372162483089688,-0.00016546262675229542
dyn,11,12,0.08308335015641759,9.433245675396258e-6,1.2180376149057703e-5,3.201884929534832e-5,1.3628239911011132e-5,5.277664291834909e-6,6.654083519320354e-6,0.0,0.0,0.0,4.046808731639755e-10,0.0,2.220446049250313e-16,2.220446049250313e-16,2.023625300201778e-12,2.2093438190040615e-16,9159.395123543954,2,1.0,1.0,0.5414421673221547,-5.370412294715304,-1.28352389883085,-0.00010140304312543052
dyn,11,13,0.08308325723050561,7.495468840953578e-6,9.02493416368099e-6,2.4265466758140008e-5,1.023674118124707e-5,3.706250181239794e-6,4.866696825837224e-6,0.0,0.0,0.0,2.2758569696060405e-10,0.0,2.220446049250313e-16,2.220446049250313e-16,1.1381494191849207e-12,2.2093438190040615e-16,5151.5269348071915,2,1.0,1.0,0.4932147063130896,-5.400030901390176,-1.326284088975011,-7.722095037669254e-5
dyn,11,14,0.08309090656469098,1.8423914982470727e-6,3.28690502999366e-6,3.83741225874518e-6,-9.926198991172225e-8,2.220774685855682e-6,2.8047084775664496e-6,0.0,0.0,0.0,1.782578047692982e-11,0.0,2.2093438190040615e-16,2.2093438190040615e-16,8.934873209464002e-14,2.1982970999090413e-16,406.44520751238304,2,1.0,1.0,0.4400356333910793,-5.418601469627688,-1.3615879910190842,-2.222468496426165e-5
dyn,11,15,0.08309156531916231,7.191127445064387e-6,1.1846108710318907e-5,1.4280816292729578e-5,-4.434916462689902e-8,8.246293827173325e-6,1.0203764065581564e-5,0.0,0.0,0.0,2.4235639579567676e-10,0.0,2.220446049250313e-16,2.220446049250313e-16,1.2120029133602841e-12,2.2093438190040615e-16,5485.804893448574,2,1.0,1.0,0.3903177616139327,-5.4142202104017,-1.4126951001982735,-8.150505562975693e-5
dyn,11,16,0.0830919263919766,2.3361198939583246e-6,3.574712347635817e-6,4.457701808538775e-6,8.273938834891893e-8,2.5105038737149702e-6,3.128338135478009e-6,0.0,0.0,0.0,2.3043478440858848e-11,0.0,2.2093438190040615e-16,2.2093438190040615e-16,1.1543722191428514e-13,2.1982970999090413e-16,525.1211126970126,2,1.0,1.0,0.33534518317579587,-5.394212826319393,-1.4660100422929094,-2.5034388259124468e-5
dyn,11,17,0.08309215058842327,1.1451968249336614e-5,1.629358660109198e-5,2.0957958046232773e-5,8.087336902147868e-7,1.151105858696256e-5,1.4491712969748653e-5,0.0,0.0,0.0,4.990331307326537e-10,0.0,2.220446049250313e-16,2.220446049250313e-16,2.495386588045169e-12,2.2093438190040615e-16,11294.695585995534,2,1.0,1.0,0.26659266479705074,-5.357720012551188,-1.5133817943086867,-0.00011596085642919845
dyn,11,18,0.08309249109642405,1.9703142242038302e-5,2.5863293145561952e-5,3.444028142234874e-5,1.9674311228683655e-6,1.8517651021515362e-5,2.3400602969684575e-5,0.0,0.0,0.0,1.3196445176393497e-9,0.0,2.220446049250313e-16,2.220446049250313e-16,6.598443522578648e-12,2.2093438190040615e-16,29866.078180412525,2,1.0,1.0,0.20546089308293108,-5.304491910115442,-1.5626139790480793,-0.00018696026925090034
dyn,11,19,0.08309276232670239,2.3269080086664013e-5,2.8112845876917523e-5,3.884311184115487e-5,2.8485134800771263e-6,2.0304325183291516e-5,2.5975341514781333e-5,0.0,0.0,0.0,1.6411195751342521e-9,0.0,2.220446049250313e-16,2.220446049250313e-16,8.205818810053162e-12,2.2093438190040615e-16,37141.429683643444,2,1.0,1.0,0.149104049588654,-5.234669655099911,-1.6125832116169359,-0.00020632969720128178
dyn,11,20,0.08309310610940043,3.402425788597747e-5,3.749406356743006e-5,5.3987702399308066e-5,4.844017921665962e-6,2.756311702877812e-5,3.542637419109007e-5,0.0,0.0,0.0,3.1015233561080395e-9,0.0,2.220446049250313e-16,2.220446049250313e-16,1.5507837714922098e-11,2.2093438190040615e-16,70192.05241632691,2,1.0,1.0,0.0883366115352006,-5.146422099793146,-1.6630047360952895,-0.00027973649448377635
dyn,11,21,0.08309328114842822,2.9289211227669314e-5,2.9429990942126094e-5,4.4241970837268316e-5,4.626594094118846e-6,2.1776888589194206e-5,2.8564782185558507e-5,0.0,0.0,0.0,2.0340446904832854e-9,0.0,2.220446049250313e-16,2.220446049250313e-16,1.0170444386798328e-11,2.2093438190040615e-16,46033.77844279126,2,1.0,1.0,0.024989588974061006,-5.043376020321727,-1.7094320955998115,-0.0002233232301676678
dyn,11,22,0.08309335276882082,3.691622344471325e-5,3.3705309995055704e-5,5.2963928641954676e-5,6.238641536428114e-6,2.5041406406019182e-5,3.374741506321182e-5,0.0,0.0,0.0,2.8531459404341697e-9,0.0,2.220446049250313e-16,2.220446049250313e-16,1.4265950636552749e-11,2.2093438190040615e-16,64570.98489534156,2,1.0,1.0,-0.0413324915972791,-4.921838194828513,-1.7536353386645323,-0.0002602973385385706
dyn,11,23,0.08309339142217734,3.968393891942511e-5,3.261088719144862e-5,5.3974493243401853e-5,7.032877854224676e-6,2.4314718803873117e-5,3.39432702238898e-5,0.0,0.0,0.0,2.8953753935883586e-9,0.0,2.220446049250313e-16,2.220446049250313e-16,1.4477097902323694e-11,2.2093438190040615e-16,65526.68614905646,2,1.0,1.0,-0.10733538646075808,-4.782827673589156,-1.8025030375153264,-0.0002575209326593385
dyn,11,24,0.08309328920029814,3.984316575965526e-5,2.9329981628221457e-5,5.132635409008494e-5,7.256008183236957e-6,2.1764698731044687e-5,3.198826108752674e-5,0.0,0.0,0.0,2.56159346192984e-9,0.0,2.220446049250313e-16,2.220446049250313e-16,1.28081882440311e-11,2.2093438190040615e-16,57972.81588252224,2,1.0,1.0,-0.17585180255682892,-4.6279048992187946,-1.8501503759190538,-0.00023770433150397435
dyn,11,25,0.08309311878769039,4.765137320395308e-5,3.118409624354796e-5,5.7929460098147035e-5,8.790222261821502e-6,2.3020255196065566e-5,3.5867400914273866e-5,0.0,0.0,0.0,3.204867651660917e-9,0.0,2.220446049250313e-16,2.220446049250313e-16,1.6024559192686484e-11,2.2093438190040615e-16,72530.85307433097,2,1.0,1.0,-0.24702134269985151,-4.457199828185795,-1.8926903462132907,-0.0002604071844983144
dyn,11,26,0.0830929646983704,5.888311515668385e-5,3.3729629551484106e-5,6.723182850933206e-5,1.0898370375864774e-5,2.496921791688343e-5,4.134532994990229e-5,0.0,0.0,0.0,4.250863637438848e-9,0.0,2.220446049250313e-16,2.220446049250313e-16,2.1254539121576138e-11,2.2093438190040615e-16,96202.94921393158,2,1.0,1.0,-0.3178777988504876,-4.271957229350153,-1.9350508183302046,-0.0002929061746160505
dyn,11,27,0.08309286790358239,6.975320688869641e-5,3.416226660834575e-5,7.440566493336656e-5,1.296075528367319e-5,2.5807566023764892e-5,4.5360571836230405e-5,0.0,0.0,0.0,5.145300356869672e-9,0.0,2.220446049250313e-16,2.220446049250313e-16,2.572672271873026e-11,2.2093438190040615e-16,116445.08427089214,2,1.0,1.0,-0.39325360113285285,-4.075277686169009,-1.9810429202200144,-0.0003140522383580013
dyn,11,28,0.08309270844672086,6.317603094003898e-5,2.575306212473085e-5,6.288400004920907e-5,1.1950757495587334e-5,1.99993017314363e-5,3.8286996530964036e-5,0.0,0.0,0.0,3.666651124445325e-9,0.0,2.220446049250313e-16,2.220446049250313e-16,1.8333476556608525e-11,2.2093438190040615e-16,82981.54591833957,2,1.0,1.0,-0.49035633831541897,-3.8730058705336092,-2.045715253871859,-0.00025936328611950415
dyn,11,29,0.08309256467526421,6.198350327571928e-5,2.0384541737340778e-5,5.715775769279119e-5,1.202839477361747e-5,1.6798894101831117e-5,3.5096492117945086e-5,0.0,0.0,0.0,3.084754487365098e-9,0.0,2.220446049250313e-16,2.220446049250313e-16,1.542399337120739e-11,2.2093438190040615e-16,69812.55356696945,2,1.0,1.0,-0.6041882425201822,-3.6648224003678043,-2.112492354165223,-0.00023290075519688956
dyn,11,30,0.08309255693218223,6.889423513392255e-5,1.7186699358228377e-5,5.8106032866631036e-5,1.3759582980803152e-5,1.6203181421809332e-5,3.5988704194906585e-5,0.0,0.0,0.0,3.3076431937991106e-9,0.0,2.220446049250313e-16,2.220446049250313e-16,1.6538436903377454e-11,2.2093438190040615e-16,74856.78218627252,2,1.0,1.0,-0.72125890080257,-3.4475731227747506,-2.1711463851364106,-0.00023509968629396844
clip-fired,11,1,0.0830845315199286,0.0002966372652931252,0.0007599166395140594,0.001608144957734908,,,,,,,,,,,,,,,0.0,0.7842986828197955,-4.208545749709798,-0.860571728092207,-0.0043494158122166825
clip-fired,11,2,0.08308436514152587,0.00012505108503067314,0.00029838784006195094,0.0006546478618367943,,,,,,,,,,,,,,,0.0,0.7968880434866248,-4.3826016821232905,-0.9104643666305514,-0.0018040968861879505
clip-fired,11,3,0.08308419790768602,8.552234912990271e-5,0.0001927450120690266,0.00042904001637070205,,,,,,,,,,,,,,,0.0,0.7893683227413236,-4.539720807138337,-0.926220191737461,-0.0012048854346982357
clip-fired,11,4,0.08308409677186049,6.823847542590012e-5,0.00014532423929284192,0.0003290351531056883,,,,,,,,,,,,,,,0.0,0.781448014547343,-4.673915190575329,-0.962097776841786,-0.00094247233775809
clip-fired,11,5,0.08308400471028611,6.452239001700532e-5,0.00012963178343785501,0.0002983905194323189,,,,,,,,,,,,,,,0.0,0.7644058869779666,-4.795569311431214,-0.9999408640131562,-0.0008707097814842748
clip-fired,11,6,0.0830839056477358,5.833674871325961e-5,0.00011047879503418296,0.00025854574480141016,,,,,,,,,,,,,,,0.0,0.7419555687275714,-4.910161486790897,-1.0363840038076506,-0.000767138123079363
clip-fired,11,7,0.08308381768214086,5.4607857105047554e-5,9.737150548319863e-5,0.00023185399134493628,,,,,,,,,,,,,,,0.0,0.7199666063330359,-5.0143139602995745,-1.0762425867250087,-0.0006984666051083411
clip-fired,11,8,0.0830837345367955,5.2201163825444323e-5,8.749699661307018e-5,0.0002121421797273315,,,,,,,,,,,,,,,0.0,0.6942332250676274,-5.107301853651769,-1.1180404926571161,-0.0006478173378117743
clip-fired,11,9,0.08308364267230985,4.2844985945005385e-5,6.737676467110333e-5,0.0001665420090968489,,,,,,,,,,,,,,,0.0,0.6597633250460915,-5.190446817874514,-1.1599893106463088,-0.0005146349137230834
clip-fired,11,10,0.08308353892747908,2.6615676929309683e-5,3.925782853496054e-5,9.895450827995095e-5,,,,,,,,,,,,,,,0.0,0.6230942235427466,-5.265327267951385,-1.1990608075555196,-0.00030877371312477227
clip-fired,11,11,0.0830834345940365,1.4800586238124767e-5,2.046398851254253e-5,5.2605210833007555e-5,,,,,,,,,,,,,,,0.0,0.583271344599973,-5.3269851540986,-1.2372162483089688,-0.00016546262675229542
clip-fired,11,12,0.08308335015641759,9.433245675396258e-6,1.2180376149057703e-5,3.201884929534832e-5,,,,,,,,,,,,,,,0.0,0.5414421673221547,-5.370412294715304,-1.28352389883085,-0.00010140304312543052
clip-fired,11,13,0.08308325723050561,7.495468840953578e-6,9.02493416368099e-6,2.4265466758140008e-5,,,,,,,,,,,,,,,0.0,0.4932147063130896,-5.400030901390176,-1.326284088975011,-7.722095037669254e-5
clip-fired,11,14,0.08309090656469098,1.8423914982470727e-6,3.28690502999366e-6,3.83741225874518e-6,,,,,,,,,,,,,,,0.0,0.4400356333910793,-5.418601469627688,-1.3615879910190842,-2.222468496426165e-5
clip-fired,11,15,0.08309156531916231,7.191127445064387e-6,1.1846108710318907e-5,1.4280816292729578e-5,,,,,,,,,,,,,,,0.0,0.3903177616139327,-5.4142202104017,-1.4126951001982735,-8.150505562975693e-5
clip-fired,11,16,0.0830919263919766,2.3361198939583246e-6,3.574712347635817e-6,4.457701808538775e-6,,,,,,,,,,,,,,,0.0,0.33534518317579587,-5.394212826319393,-1.4660100422929094,-2.5034388259124468e-5
clip-fired,11,17,0.08309215058842327,1.1451968249336614e-5,1.629358660109198e-5,2.0957958046232773e-5,,,,,,,,,,,,,,,0.0,0.26659266479705074,-5.357720012551188,-1.5133817943086867,-0.00011596085642919845
clip-fired,11,18,0.08309249109642405,1.9703142242038302e-5,2.5863293145561952e-5,3.444028142234874e-5,,,,,,,,,,,,,,,0.0,0.20546089308293108,-5.304491910115442,-1.5626139790480793,-0.00018696026925090034
clip-fired,11,19,0.08309276232670239,2.3269080086664013e-5,2.8112845876917523e-5,3.884311184115487e-5,,,,,,,,,,,,,,,0.0,0.149104049588654,-5.234669655099911,-1.6125832116169359,-0.00020632969720128178
clip-fired,11,20,0.08309310610940043,3.402425788597747e-5,3.749406356743006e-5,5.3987702399308066e-5,,,,,,,,,,,,,,,0.0,0.0883366115352006,-5.146422099793146,-1.6630047360952895,-0.00027973649448377635
clip-fired,11,21,0.08309328114842822,2.9289211227669314e-5,2.9429990942126094e-5,4.4241970837268316e-5,,,,,,,,,,,,,,,0.0,0.024989588974061006,-5.043376020321727,-1.7094320955998115,-0.0002233232301676678
clip-fired,11,22,0.08309335276882082,3.691622344471325e-5,3.3705309995055704e-5,5.2963928641954676e-5,,,,,,,,,,,,,,,0.0,-0.0413324915972791,-4.921838194828513,-1.7536353386645323,-0.0002602973385385706
clip-fired,11,23,0.08309339142217734,3.968393891942511e-5,3.261088719144862e-5,5.3974493243401853e-5,,,,,,,,,,,,,,,0.0,-0.10733538646075808,-4.782827673589156,-1.8025030375153264,-0.0002575209326593385
clip-fired,11,24,0.08309328920029814,3.984316575965526e-5,2.9329981628221457e-5,5.132635409008494e-5,,,,,,,,,,,,,,,0.0,-0.17585180255682892,-4.6279048992187946,-1.8501503759190538,-0.00023770433150397435
clip-fired,11,25,0.08309311878769039,4.765137320395308e-5,3.118409624354796e-5,5.7929460098147035e-5,,,,,,,,,,,,,,,0.0,-0.24702134269985151,-4.457199828185795,-1.8926903462132907,-0.0002604071844983144
clip-fired,11,26,0.0830929646983704,5.888311515668385e-5,3.3729629551484106e-5,6.723182850933206e-5,,,,,,,,,,,,,,,0.0,-0.3178777988504876,-4.271957229350153,-1.9350508183302046,-0.0002929061746160505
clip-fired,11,27,0.08309286790358239,6.975320688869641e-5,3.416226660834575e-5,7.440566493336656e-5,,,,,,,,,,,,,,,0.0,-0.39325360113285285,-4.075277686169009,-1.9810429202200144,-0.0003140522383580013
clip-fired,11,28,0.08309270844672086,6.317603094003898e-5,2.575306212473085e-5,6.288400004920907e-5,,,,,,,,,,,,,,,0.0,-0.49035633831541897,-3.8730058705336092,-2.045715253871859,-0.00025936328611950415
clip-fired,11,29,0.08309256467526421,6.198350327571928e-5,2.0384541737340778e-5,5.715775769279119e-5,,,,,,,,,,,,,,,0.0,-0.6041882425201822,-3.6648224003678043,-2.112492354165223,-0.00023290075519688956
clip-fired,11,30,0.08309255693218223,6.889423513392255e-5,1.7186699358228377e-5,5.8106032866631036e-5,,,,,,,,,,,,,,,0.0,-0.72125890080257,-3.4475731227747506,-2.1711463851364106,-0.00023509968629396844
beforeUJ_end,11,1,0.08308822020608748,0.0003585943567028319,0.0007759097547636489,0.0015875748805787115,-0.0005725311330228001,-0.0006836392501547845,-0.0005674321465645824,0.9251773428348634,-5.817301076728199,-1.150938631031967,,,,,,,,,,,,,,
beforeUJ_end,11,2,0.08308798634366009,0.0001509728995019704,0.00030478880850139735,0.0006461075177718065,-0.00023966540049379933,-0.0002665341359862867,-0.00022584358951009868,0.924430754546163,-6.063354311337753,-1.2051097419364967,,,,,,,,,,,,,,
beforeUJ_end,11,3,0.08308774141970472,0.00010306198260979165,0.00019685978903310295,0.00042323222927578705,-0.00016026068468347996,-0.00016970563838628663,-0.00014283946844826243,0.9139887403898712,-6.288508776860045,-1.217129622329496,,,,,,,,,,,,,,
beforeUJ_end,11,4,0.08308757970465314,8.219798931328938e-5,0.0001482831939640682,0.0003244578101954596,-0.00012396701610165836,-0.00012561875181161394,-0.00010697639204226108,0.9057043262728549,-6.485286755660207,-1.2548692403571509,,,,,,,,,,,,,,
beforeUJ_end,11,5,0.08308742810679082,7.764871061572044e-5,0.0001321040191285578,0.00029411820786218033,-0.00011317512373823662,-0.00011004194385106809,-9.456195747040554e-5,0.8872436121833368,-6.666046099916218,-1.294692444263729,,,,,,,,,,,,,,
beforeUJ_end,11,6,0.08308726614777362,7.012115397616632e-5,0.00011243672739763833,0.00025472006580647236,-9.866001221259101e-5,-9.200834539870378e-5,-7.961304339684468e-5,0.8618306371525938,-6.837072383640041,-1.3323099604551398,,,,,,,,,,,,,,
beforeUJ_end,11,7,0.08308711747575977,6.555691446449052e-5,9.89457338644221e-5,0.0002283002778835173,-8.86015591067565e-5,-7.940987087493124e-5,-6.947223105772654e-5,0.8378962363083293,-6.994029656581762,-1.3743992708063293,,,,,,,,,,,,,,
beforeUJ_end,11,8,0.08308697380321178,6.257709001958381e-5,8.875805691380512e-5,0.00020876415000659767,-8.098030744723712e-5,-6.98189131054119e-5,-6.180957164745777e-5,0.8096405581384077,-7.135768037643498,-1.4189134404708381,,,,,,,,,,,,,,
beforeUJ_end,11,9,0.08308681786540095,5.127794430263478e-5,6.822123864746064e-5,0.0001637766279749431,-6.35458965647189e-5,-5.259634825061107e-5,-4.699888747414868e-5,0.7694312628607456,-7.263609349670647,-1.4632582309841196,,,,,,,,,,,,,,
beforeUJ_end,11,10,0.08308664575648535,3.180422758634546e-5,3.967537582166553e-5,9.723230464468889e-5,-3.76900027967277e-5,-2.9884082387172985e-5,-2.697445831766949e-5,0.7263277596904008,-7.379171870039142,-1.5039744335880154,,,,,,,,,,,,,,
beforeUJ_end,11,11,0.08308647207439449,1.7658307251172065e-5,2.0638604976845646e-5,5.164179242042784e-5,-1.9947822082152475e-5,-1.5147973018913972e-5,-1.3836087928734846e-5,0.68015642919691,-7.4762189400536405,-1.5438021625017715,,,,,,,,,,,,,,
beforeUJ_end,11,12,0.08308632373228367,1.1236031418057956e-5,1.2252310716693237e-5,3.140073525653404e-5,-1.2024558980314471e-5,-8.764074768956288e-6,-8.15431918882853e-6,0.6324249743348627,-7.548382797711974,-1.5947454839469346,,,,,,,,,,,,,,
beforeUJ_end,11,13,0.08308616372139667,8.910828293305938e-6,9.053182019240242e-6,2.376930319152675e-5,-9.020768968258594e-6,-6.305015490064148e-6,-5.9594471320630925e-6,0.5770402717912698,-7.600813574271514,-1.6414183609369637,,,,,,,,,,,,,,
beforeUJ_end,11,14,0.08309662301313976,2.069568908946825e-6,2.855256129431017e-6,4.059596340038422e-6,-2.986303975875025e-7,-2.4855119003425966e-6,-2.772359277845935e-6,0.5151553749864365,-7.636541459346481,-1.6786537225296307,,,,,,,,,,,,,,
beforeUJ_end,11,15,0.08309724236782846,8.040567611125403e-6,1.0255178265549247e-5,1.5035182279430449e-5,-1.2941899745962465e-6,-9.137554080468141e-6,-1.0064808806623557e-5,0.45894207812488513,-7.640741404204089,-1.7375817493638865,,,,,,,,,,,,,,
beforeUJ_end,11,16,0.0830975355543709,2.6076320439380273e-6,3.0820438254009163e-6,4.6688438072825425e-6,-4.561120888224516e-7,-2.771150385555754e-6,-3.076507285049514e-6,0.39634807564434876,-7.62255552574,-1.800465755822484,,,,,,,,,,,,,,
beforeUJ_end,11,17,0.08309768865889601,1.2764732611640623e-5,1.3983422985344353e-5,2.1844157507736498e-5,-2.3937197909169407e-6,-1.266666721653446e-5,-1.4189896368287398e-5,0.31531296471674986,-7.580242731655514,-1.8555317153641575,,,,,,,,,,,,,,
beforeUJ_end,11,18,0.08309794807606723,2.1903054992734047e-5,2.20845538453133e-5,3.570988907348603e-5,-4.269111136346822e-6,-2.027085262966729e-5,-2.2847618673270827e-5,0.24534378937018475,-7.513517074409113,-1.9145314328977938,,,,,,,,,,,,,,
beforeUJ_end,11,19,0.08309812174834673,2.5806104123863323e-5,2.3866851258706423e-5,4.0053154212029855e-5,-5.097157782332415e-6,-2.213656797695939e-5,-2.530333071176746e-5,0.18254915509992797,-7.422512252647187,-1.9759919279009834,,,,,,,,,,,,,,
beforeUJ_end,11,20,0.08309835823484236,3.759915922501959e-5,3.1623065301886544e-5,5.5344620664566126e-5,-7.4939236642265735e-6,-2.9873686340032147e-5,-3.4454403242480496e-5,0.11421743131701957,-7.304754755978424,-2.0389253923639488,,,,,,,,,,,,,,
beforeUJ_end,11,21,0.08309840687112645,3.228031833266887e-5,2.4636205776795136e-5,4.5071769630106976e-5,-6.431892848344883e-6,-2.3530324631367923e-5,-2.7732557354804333e-5,0.04291795784329807,-7.165025885081849,-2.0980444869588326,,,,,,,,,,,,,,
beforeUJ_end,11,22,0.08309834304116837,4.057628083445381e-5,2.7965371855994653e-5,5.361214992705272e-5,-8.006788177361479e-6,-2.6995519563950682e-5,-3.2699640196787354e-5,-0.031998911517352395,-6.99835624756852,-2.155041816671434,,,,,,,,,,,,,,
beforeUJ_end,11,23,0.08309822985519072,4.3486031865282104e-5,2.676296071639581e-5,5.424893530514842e-5,-8.425891998710458e-6,-2.6176945396962716e-5,-3.285813400901877e-5,-0.10609189462590321,-6.806273458765049,-2.2196160251246813,,,,,,,,,,,,,,
beforeUJ_end,11,24,0.0830979652863824,4.3539078991418066e-5,2.3750071726261667e-5,5.1198233874619344e-5,-8.230763014734948e-6,-2.3459314471182215e-5,-3.0935133428549325e-5,-0.1832434545258239,-6.590874813813224,-2.283699232805741,,,,,,,,,,,,,,
beforeUJ_end,11,25,0.08309762444033975,5.190033596175762e-5,2.484989163926372e-5,5.732652511770289e-5,-9.551448774835246e-6,-2.486187135076398e-5,-3.464809661826353e-5,-0.2635729782142944,-6.352509730266099,-2.3418104049526995,,,,,,,,,,,,,,
beforeUJ_end,11,26,0.08309728651735106,6.385666816295694e-5,2.6348143288937325e-5,6.596386134897887e-5,-1.141311638746758e-5,-2.702278602679434e-5,-3.99256751764188e-5,-0.3430825638473149,-6.0931839853393726,-2.4005870112450167,,,,,,,,,,,,,,
beforeUJ_end,11,27,0.08309699409584495,7.522500469777917e-5,2.5996793471118823e-5,7.233146680056375e-5,-1.3155495212062357e-5,-2.79927016338287e-5,-4.382871820076652e-5,-0.428625368094188,-5.817637406722659,-2.4648384497124356,,,,,,,,,,,,,,
beforeUJ_end,11,28,0.08309665985313994,6.77507436375763e-5,1.8824991482048685e-5,6.051981211672681e-5,-1.1888025780237315e-5,-2.18863905386371e-5,-3.701310577710083e-5,-0.5445649112591222,-5.534792566316341,-2.5541399509181693,,,,,,,,,,,,,,
beforeUJ_end,11,29,0.0830963680375963,6.603830483325309e-5,1.4028613968459078e-5,5.445416687437923e-5,-1.1898380917003947e-5,-1.8607295918568736e-5,-3.3887426835119274e-5,-0.6839896658979004,-5.24483124930293,-2.6456900540460007,,,,,,,,,,,,,,
beforeUJ_end,11,30,0.0830962021747604,7.279262035195172e-5,1.0725762424593755e-5,5.479803619021922e-5,-1.3651982414746032e-5,-1.817202303941036e-5,-3.4660434417881696e-5,-0.8284197470864456,-4.943793424496275,-2.7256292497087866,,,,,,,,,,,,,,
beforeUJ_end,11,1,0.08308822020608748,0.0003585943567028319,0.0007759097547636489,0.0015875748805787115,-0.0005725311330228001,-0.0006836392501547845,-0.0005674321465645824,0.9251773428348634,-5.817301076728199,-1.150938631031967,,,,,,,,,,,,,,
beforeUJ_end,11,2,0.08308798634366009,0.0001509728995019704,0.00030478880850139735,0.0006461075177718065,-0.00023966540049379933,-0.0002665341359862867,-0.00022584358951009868,0.924430754546163,-6.063354311337753,-1.2051097419364967,,,,,,,,,,,,,,
beforeUJ_end,11,3,0.08308774141970472,0.00010306198260979165,0.00019685978903310295,0.00042323222927578705,-0.00016026068468347996,-0.00016970563838628663,-0.00014283946844826243,0.9139887403898712,-6.288508776860045,-1.217129622329496,,,,,,,,,,,,,,
beforeUJ_end,11,4,0.08308757970465314,8.219798931328938e-5,0.0001482831939640682,0.0003244578101954596,-0.00012396701610165836,-0.00012561875181161394,-0.00010697639204226108,0.9057043262728549,-6.485286755660207,-1.2548692403571509,,,,,,,,,,,,,,
beforeUJ_end,11,5,0.08308742810679082,7.764871061572044e-5,0.0001321040191285578,0.00029411820786218033,-0.00011317512373823662,-0.00011004194385106809,-9.456195747040554e-5,0.8872436121833368,-6.666046099916218,-1.294692444263729,,,,,,,,,,,,,,
beforeUJ_end,11,6,0.08308726614777362,7.012115397616632e-5,0.00011243672739763833,0.00025472006580647236,-9.866001221259101e-5,-9.200834539870378e-5,-7.961304339684468e-5,0.8618306371525938,-6.837072383640041,-1.3323099604551398,,,,,,,,,,,,,,
beforeUJ_end,11,7,0.08308711747575977,6.555691446449052e-5,9.89457338644221e-5,0.0002283002778835173,-8.86015591067565e-5,-7.940987087493124e-5,-6.947223105772654e-5,0.8378962363083293,-6.994029656581762,-1.3743992708063293,,,,,,,,,,,,,,
beforeUJ_end,11,8,0.08308697380321178,6.257709001958381e-5,8.875805691380512e-5,0.00020876415000659767,-8.098030744723712e-5,-6.98189131054119e-5,-6.180957164745777e-5,0.8096405581384077,-7.135768037643498,-1.4189134404708381,,,,,,,,,,,,,,
beforeUJ_end,11,9,0.08308681786540095,5.127794430263478e-5,6.822123864746064e-5,0.0001637766279749431,-6.35458965647189e-5,-5.259634825061107e-5,-4.699888747414868e-5,0.7694312628607456,-7.263609349670647,-1.4632582309841196,,,,,,,,,,,,,,
beforeUJ_end,11,10,0.08308664575648535,3.180422758634546e-5,3.967537582166553e-5,9.723230464468889e-5,-3.76900027967277e-5,-2.9884082387172985e-5,-2.697445831766949e-5,0.7263277596904008,-7.379171870039142,-1.5039744335880154,,,,,,,,,,,,,,
beforeUJ_end,11,11,0.08308647207439449,1.7658307251172065e-5,2.0638604976845646e-5,5.164179242042784e-5,-1.9947822082152475e-5,-1.5147973018913972e-5,-1.3836087928734846e-5,0.68015642919691,-7.4762189400536405,-1.5438021625017715,,,,,,,,,,,,,,
beforeUJ_end,11,12,0.08308632373228367,1.1236031418057956e-5,1.2252310716693237e-5,3.140073525653404e-5,-1.2024558980314471e-5,-8.764074768956288e-6,-8.15431918882853e-6,0.6324249743348627,-7.548382797711974,-1.5947454839469346,,,,,,,,,,,,,,
beforeUJ_end,11,13,0.08308616372139667,8.910828293305938e-6,9.053182019240242e-6,2.376930319152675e-5,-9.020768968258594e-6,-6.305015490064148e-6,-5.9594471320630925e-6,0.5770402717912698,-7.600813574271514,-1.6414183609369637,,,,,,,,,,,,,,
beforeUJ_end,11,14,0.08309662301313976,2.069568908946825e-6,2.855256129431017e-6,4.059596340038422e-6,-2.986303975875025e-7,-2.4855119003425966e-6,-2.772359277845935e-6,0.5151553749864365,-7.636541459346481,-1.6786537225296307,,,,,,,,,,,,,,
beforeUJ_end,11,15,0.08309724236782846,8.040567611125403e-6,1.0255178265549247e-5,1.5035182279430449e-5,-1.2941899745962465e-6,-9.137554080468141e-6,-1.0064808806623557e-5,0.45894207812488513,-7.640741404204089,-1.7375817493638865,,,,,,,,,,,,,,
beforeUJ_end,11,16,0.0830975355543709,2.6076320439380273e-6,3.0820438254009163e-6,4.6688438072825425e-6,-4.561120888224516e-7,-2.771150385555754e-6,-3.076507285049514e-6,0.39634807564434876,-7.62255552574,-1.800465755822484,,,,,,,,,,,,,,
beforeUJ_end,11,17,0.08309768865889601,1.2764732611640623e-5,1.3983422985344353e-5,2.1844157507736498e-5,-2.3937197909169407e-6,-1.266666721653446e-5,-1.4189896368287398e-5,0.31531296471674986,-7.580242731655514,-1.8555317153641575,,,,,,,,,,,,,,
beforeUJ_end,11,18,0.08309794807606723,2.1903054992734047e-5,2.20845538453133e-5,3.570988907348603e-5,-4.269111136346822e-6,-2.027085262966729e-5,-2.2847618673270827e-5,0.24534378937018475,-7.513517074409113,-1.9145314328977938,,,,,,,,,,,,,,
beforeUJ_end,11,19,0.08309812174834673,2.5806104123863323e-5,2.3866851258706423e-5,4.0053154212029855e-5,-5.097157782332415e-6,-2.213656797695939e-5,-2.530333071176746e-5,0.18254915509992797,-7.422512252647187,-1.9759919279009834,,,,,,,,,,,,,,
beforeUJ_end,11,20,0.08309835823484236,3.759915922501959e-5,3.1623065301886544e-5,5.5344620664566126e-5,-7.4939236642265735e-6,-2.9873686340032147e-5,-3.4454403242480496e-5,0.11421743131701957,-7.304754755978424,-2.0389253923639488,,,,,,,,,,,,,,
beforeUJ_end,11,21,0.08309840687112645,3.228031833266887e-5,2.4636205776795136e-5,4.5071769630106976e-5,-6.431892848344883e-6,-2.3530324631367923e-5,-2.7732557354804333e-5,0.04291795784329807,-7.165025885081849,-2.0980444869588326,,,,,,,,,,,,,,
beforeUJ_end,11,22,0.08309834304116837,4.057628083445381e-5,2.7965371855994653e-5,5.361214992705272e-5,-8.006788177361479e-6,-2.6995519563950682e-5,-3.2699640196787354e-5,-0.031998911517352395,-6.99835624756852,-2.155041816671434,,,,,,,,,,,,,,
beforeUJ_end,11,23,0.08309822985519072,4.3486031865282104e-5,2.676296071639581e-5,5.424893530514842e-5,-8.425891998710458e-6,-2.6176945396962716e-5,-3.285813400901877e-5,-0.10609189462590321,-6.806273458765049,-2.2196160251246813,,,,,,,,,,,,,,
beforeUJ_end,11,24,0.0830979652863824,4.3539078991418066e-5,2.3750071726261667e-5,5.1198233874619344e-5,-8.230763014734948e-6,-2.3459314471182215e-5,-3.0935133428549325e-5,-0.1832434545258239,-6.590874813813224,-2.283699232805741,,,,,,,,,,,,,,
beforeUJ_end,11,25,0.08309762444033975,5.190033596175762e-5,2.484989163926372e-5,5.732652511770289e-5,-9.551448774835246e-6,-2.486187135076398e-5,-3.464809661826353e-5,-0.2635729782142944,-6.352509730266099,-2.3418104049526995,,,,,,,,,,,,,,
beforeUJ_end,11,26,0.08309728651735106,6.385666816295694e-5,2.6348143288937325e-5,6.596386134897887e-5,-1.141311638746758e-5,-2.702278602679434e-5,-3.99256751764188e-5,-0.3430825638473149,-6.0931839853393726,-2.4005870112450167,,,,,,,,,,,,,,
beforeUJ_end,11,27,0.08309699409584495,7.522500469777917e-5,2.5996793471118823e-5,7.233146680056375e-5,-1.3155495212062357e-5,-2.79927016338287e-5,-4.382871820076652e-5,-0.428625368094188,-5.817637406722659,-2.4648384497124356,,,,,,,,,,,,,,
beforeUJ_end,11,28,0.08309665985313994,6.77507436375763e-5,1.8824991482048685e-5,6.051981211672681e-5,-1.1888025780237315e-5,-2.18863905386371e-5,-3.701310577710083e-5,-0.5445649112591222,-5.534792566316341,-2.5541399509181693,,,,,,,,,,,,,,
beforeUJ_end,11,29,0.0830963680375963,6.603830483325309e-5,1.4028613968459078e-5,5.445416687437923e-5,-1.1898380917003947e-5,-1.8607295918568736e-5,-3.3887426835119274e-5,-0.6839896658979004,-5.24483124930293,-2.6456900540460007,,,,,,,,,,,,,,
beforeUJ_end,11,30,0.0830962021747604,7.279262035195172e-5,1.0725762424593755e-5,5.479803619021922e-5,-1.3651982414746032e-5,-1.817202303941036e-5,-3.4660434417881696e-5,-0.8284197470864456,-4.943793424496275,-2.7256292497087866,,,,,,,,,,,,,,
dyn,12,1,0.08308822020608748,0.0003585943567028319,0.0007759097547636489,0.0015875748805787115,0.0005707344138200076,0.0006797794604427451,0.0005663814454383018,0.0,0.0,0.0,1.6263887621910958e-6,0.0,2.220446049250313e-16,2.220446049250313e-16,8.13194403188986e-9,2.2093438190040615e-16,3.680705538876071e7,2,1.0,1.0,0.9251773428348634,-5.817301076728199,-1.150938631031967,-0.006009138537454586
dyn,12,2,0.08308798634366009,0.0001509728995019704,0.00030478880850139735,0.0006461075177718065,0.00023890225262153782,0.00026496456344528784,0.00022542050723261802,0.0,0.0,0.0,2.616844680950973e-7,0.0,2.220446049250313e-16,2.220446049250313e-16,1.3084225614098685e-9,2.2093438190040615e-16,5.922222472370486e6,2,1.0,1.0,0.924430754546163,-6.063354311337753,-1.2051097419364967,-0.002487109008677028
dyn,12,3,0.08308774141970472,0.00010306198260979165,0.00019685978903310295,0.00042323222927578705,0.00015974421319247091,0.00016867223406112522,0.0001425742795083963,0.0,0.0,0.0,1.0968033479113388e-7,0.0,2.220446049250313e-16,2.220446049250313e-16,5.484018948900513e-10,2.2093438190040615e-16,2.482193537161919e6,2,1.0,1.0,0.9139887403898712,-6.288508776860045,-1.217129622329496,-0.001658885502853988
dyn,12,4,0.08308757970465314,8.219798931328938e-5,0.0001482831939640682,0.0003244578101954596,0.0001235627011235884,0.0001248244812025005,0.00010677797011066178,0.0,0.0,0.0,6.312099192920407e-8,0.0,2.220446049250313e-16,2.220446049250313e-16,3.156051805804023e-10,2.2093438190040615e-16,1.4285018830734652e6,2,1.0,1.0,0.9057043262728549,-6.485286755660207,-1.2548692403571509,-0.00129436408517811
dyn,12,5,0.08308742810679082,7.764871061572044e-5,0.0001321040191285578,0.00029411820786218033,0.00011280178562387083,0.00010931996322305622,9.438707000524734e-5,0.0,0.0,0.0,5.080859117011112e-8,0.0,2.220446049250313e-16,2.220446049250313e-16,2.5404317678493754e-10,2.2093438190040615e-16,1.1498580465373485e6,2,1.0,1.0,0.8872436121833368,-6.666046099916218,-1.294692444263729,-0.0011925107804466636
dyn,12,6,0.08308726614777362,7.012115397616632e-5,0.00011243672739763833,0.00025472006580647236,9.833102426163994e-5,9.138171789133199e-5,7.946661311915721e-5,0.0,0.0,0.0,3.729925265833032e-8,0.0,2.220446049250313e-16,2.220446049250313e-16,1.864964842260335e-10,2.2093438190040615e-16,844126.127503791,2,1.0,1.0,0.8618306371525938,-6.837072383640041,-1.3323099604551398,-0.0010476715657898538
dyn,12,7,0.08308711747575977,6.555691446449052e-5,9.89457338644221e-5,0.0002283002778835173,8.830301249028373e-5,7.884754894778634e-5,6.934498051419797e-5,0.0,0.0,0.0,2.9333714012194367e-8,0.0,2.220446049250313e-16,2.220446049250313e-16,1.4666879099535373e-10,2.2093438190040615e-16,663856.7964558353,2,1.0,1.0,0.8378962363083293,-6.994029656581762,-1.3743992708063293,-0.0009508752405942192
dyn,12,8,0.08308697380321178,6.257709001958381e-5,8.875805691380512e-5,0.00020876415000659767,8.070469924761739e-5,6.93043898261462e-5,6.169685311180397e-5,0.0,0.0,0.0,2.400943426644181e-8,0.0,2.220446049250313e-16,2.220446049250313e-16,1.2004739226659096e-10,2.2093438190040615e-16,543362.2020890642,2,1.0,1.0,0.8096405581384077,-7.135768037643498,-1.4189134404708381,-0.0008789102138515715
dyn,12,9,0.08308681786540095,5.127794430263478e-5,6.822123864746064e-5,0.0001637766279749431,6.332756677397764e-5,5.219268992733814e-5,4.691378573822763e-5,0.0,0.0,0.0,1.444786501369679e-8,0.0,2.220446049250313e-16,2.220446049250313e-16,7.223954600286585e-11,2.2093438190040615e-16,326972.85674363864,2,1.0,1.0,0.7694312628607456,-7.263609349670647,-1.4632582309841196,-0.0006957250723712878
dyn,12,10,0.08308664575648535,3.180422758634546e-5,3.967537582166553e-5,9.723230464468889e-5,3.7559337401596006e-5,2.9644726399308125e-5,2.6926082489422132e-5,0.0,0.0,0.0,4.973830041941506e-9,0.0,2.220446049250313e-16,2.220446049250313e-16,2.486937114408943e-11,2.2093438190040615e-16,112564.5131833766,2,1.0,1.0,0.7263277596904008,-7.379171870039142,-1.5039744335880154,-0.0004159060241294448
dyn,12,11,0.08308647207439449,1.7658307251172065e-5,2.0638604976845646e-5,5.164179242042784e-5,1.987806989707732e-5,1.5021117313764515e-5,1.3811548419444743e-5,0.0,0.0,0.0,1.3701582455676594e-9,0.0,2.220446049250313e-16,2.220446049250313e-16,6.851012162220197e-12,2.2093438190040615e-16,31009.26213154333,2,1.0,1.0,0.68015642919691,-7.4762189400536405,-1.5438021625017715,-0.00022201302903268375
dyn,12,12,0.08308632373228367,1.1236031418057956e-5,1.2252310716693237e-5,3.140073525653404e-5,1.1982160428367993e-5,8.687158071589214e-6,8.13994377627186e-6,0.0,0.0,0.0,4.95179900757811e-10,0.0,2.220446049250313e-16,2.220446049250313e-16,2.4761204381709554e-12,2.2093438190040615e-16,11207.492545398174,2,1.0,1.0,0.6324249743348627,-7.548382797711974,-1.5947454839469346,-0.00013545536530788923
dyn,12,13,0.08308616372139667,8.910828293305938e-6,9.053182019240242e-6,2.376930319152675e-5,8.988710756262364e-6,6.246974596926966e-6,5.949043615181131e-6,0.0,0.0,0.0,2.772223081788176e-10,0.0,2.220446049250313e-16,2.220446049250313e-16,1.3863324752759884e-12,2.2093438190040615e-16,6274.860722677949,2,1.0,1.0,0.5770402717912698,-7.600813574271514,-1.6414183609369637,-0.000102685012687187
dyn,12,14,0.08309662301313976,2.069568908946825e-6,2.855256129431017e-6,4.059596340038422e-6,2.976185461033423e-7,2.471412065588465e-6,2.7670955696066925e-6,0.0,0.0,0.0,1.8849030342518706e-11,0.0,2.2093438190040615e-16,2.2093438190040615e-16,9.446498142258443e-14,2.1982970999090413e-16,429.7189011735179,2,1.0,1.0,0.5151553749864365,-7.636541459346481,-1.6786537225296307,-2.7552788770277514e-5
dyn,12,15,0.08309724236782846,8.040567611125403e-6,1.0255178265549247e-5,1.5035182279430449e-5,1.2896917090276218e-6,9.084862134545874e-6,1.004550427493865e-5,0.0,0.0,0.0,2.5380900378828854e-10,0.0,2.220446049250313e-16,2.220446049250313e-16,1.269265953323343e-12,2.2093438190040615e-16,5744.99062755886,2,1.0,1.0,0.45894207812488513,-7.640741404204089,-1.7375817493638865,-0.00010079186869942014
dyn,12,16,0.0830975355543709,2.6076320439380273e-6,3.0820438254009163e-6,4.6688438072825425e-6,4.544964910501178e-7,2.75478556533999e-6,3.0705330099255612e-6,0.0,0.0,0.0,2.393933437887397e-11,0.0,2.2093438190040615e-16,2.2093438190040615e-16,1.1991650160436073e-13,2.1982970999090413e-16,545.4972469795939,2,1.0,1.0,0.39634807564434876,-7.62255552574,-1.800465755822484,-3.0865613643575315e-5
dyn,12,17,0.08309768865889601,1.2764732611640623e-5,1.3983422985344353e-5,2.1844157507736498e-5,2.3851245886201417e-6,1.2590107903146995e-5,1.4162039391983644e-5,0.0,0.0,0.0,5.143085326663684e-10,0.0,2.220446049250313e-16,2.220446049250313e-16,2.5717635977137427e-12,2.2093438190040615e-16,11640.395558139315,2,1.0,1.0,0.31531296471674986,-7.580242731655514,-1.8555317153641575,-0.00014250538181574335
dyn,12,18,0.08309794807606723,2.1903054992734047e-5,2.20845538453133e-5,3.570988907348603e-5,4.253601597569854e-6,2.0145610087951517e-5,2.2802170338690215e-5,0.0,0.0,0.0,1.3482796439105502e-9,0.0,2.220446049250313e-16,2.220446049250313e-16,6.741619153934651e-12,2.2093438190040615e-16,30514.124130184817,2,1.0,1.0,0.24534378937018475,-7.513517074409113,-1.9145314328977938,-0.00022892659898325046
dyn,12,19,0.08309812174834673,2.5806104123863323e-5,2.3866851258706423e-5,4.0053154212029855e-5,5.07845122928457e-6,2.1996407804691448e-5,2.5252204219302254e-5,0.0,0.0,0.0,1.6624680529077811e-9,0.0,2.220446049250313e-16,2.220446049250313e-16,8.312561198920807e-12,2.2093438190040615e-16,37624.57036980321,2,1.0,1.0,0.18254915509992797,-7.422512252647187,-1.9759919279009834,-0.0002515858228055686
dyn,12,20,0.08309835823484236,3.759915922501959e-5,3.1623065301886544e-5,5.5344620664566126e-5,7.466182376836414e-6,2.9680191844020244e-5,3.4383587482028166e-5,0.0,0.0,0.0,3.1128806888320765e-9,0.0,2.220446049250313e-16,2.220446049250313e-16,1.5564624378542282e-11,2.2093438190040615e-16,70449.08196117061,2,1.0,1.0,0.11421743131701957,-7.304754755978424,-2.0389253923639488,-0.00033954780967994505
dyn,12,21,0.08309840687112645,3.228031833266887e-5,2.4636205776795136e-5,4.5071769630106976e-5,6.407907389028405e-6,2.3373647184439518e-5,2.76745042278771e-5,0.0,0.0,0.0,2.0239360728864348e-9,0.0,2.220446049250313e-16,2.220446049250313e-16,1.0119901298814074e-11,2.2093438190040615e-16,45805.00876217614,2,1.0,1.0,0.04291795784329807,-7.165025885081849,-2.0980444869588326,-0.00026969622454949487
dyn,12,22,0.08309834304116837,4.057628083445381e-5,2.7965371855994653e-5,5.361214992705272e-5,7.976741205225847e-6,2.6810462414837347e-5,3.2629835955707017e-5,0.0,0.0,0.0,2.8143183396024933e-9,0.0,2.220446049250313e-16,2.220446049250313e-16,1.4071812632394368e-11,2.2093438190040615e-16,63692.27148510423,2,1.0,1.0,-0.031998911517352395,-6.99835624756852,-2.155041816671434,-0.0003125464566385589
dyn,12,23,0.08309822985519072,4.3486031865282104e-5,2.676296071639581e-5,5.424893530514842e-5,8.39408973766834e-6,2.5991500621796922e-5,3.278633033933024e-5,0.0,0.0,0.0,2.830740901353006e-9,0.0,2.220446049250313e-16,2.220446049250313e-16,1.4153925441146932e-11,2.2093438190040615e-16,64063.93300761719,2,1.0,1.0,-0.10609189462590321,-6.806273458765049,-2.2196160251246813,-0.0003071813508615861
dyn,12,24,0.0830979652863824,4.3539078991418066e-5,2.3750071726261667e-5,5.1198233874619344e-5,8.199540792914064e-6,2.3286620513696775e-5,3.0865793651729877e-5,0.0,0.0,0.0,2.482862483394045e-9,0.0,2.220446049250313e-16,2.220446049250313e-16,1.2414533351352126e-11,2.2093438190040615e-16,56191.04299007842,2,1.0,1.0,-0.1832434545258239,-6.590874813813224,-2.283699232805741,-0.00028143336822861284
dyn,12,25,0.08309762444033975,5.190033596175762e-5,2.484989163926372e-5,5.732652511770289e-5,9.515061989708955e-6,2.4671231295377838e-5,3.456835275448712e-5,0.0,0.0,0.0,3.0793300930757617e-9,0.0,2.220446049250313e-16,2.220446049250313e-16,1.539687139976071e-11,2.2093438190040615e-16,69689.79326495857,2,1.0,1.0,-0.2635729782142944,-6.352509730266099,-2.3418104049526995,-0.00030578655755466276
dyn,12,26,0.08309728651735106,6.385666816295694e-5,2.6348143288937325e-5,6.596386134897887e-5,1.1369474085116138e-5,2.6806521375852377e-5,3.983102245346234e-5,0.0,0.0,0.0,4.0475476621098595e-9,0.0,2.220446049250313e-16,2.220446049250313e-16,2.0237959244931198e-11,2.2093438190040615e-16,91601.67408463461,2,1.0,1.0,-0.3430825638473149,-6.0931839853393726,-2.4005870112450167,-0.0003408041829296003
dyn,12,27,0.08309699409584495,7.522500469777917e-5,2.5996793471118823e-5,7.233146680056375e-5,1.3105032114559475e-5,2.7758657845380465e-5,4.372121852301759e-5,0.0,0.0,0.0,4.855272417311425e-9,0.0,2.220446049250313e-16,2.220446049250313e-16,2.4276583020939025e-11,2.2093438190040615e-16,109881.41733359788,2,1.0,1.0,-0.428625368094188,-5.817637406722659,-2.4648384497124356,-0.0003617686439750249
dyn,12,28,0.08309665985313994,6.77507436375763e-5,1.8824991482048685e-5,6.051981211672681e-5,1.1842318526208874e-5,2.1693551028694974e-5,3.6918609179140984e-5,0.0,0.0,0.0,3.4346790487337268e-9,0.0,2.220446049250313e-16,2.220446049250313e-16,1.7173616178050534e-11,2.2093438190040615e-16,77731.75017092694,2,1.0,1.0,-0.5445649112591222,-5.534792566316341,-2.5541399509181693,-0.00029566317056194124
dyn,12,29,0.0830963680375963,6.603830483325309e-5,1.4028613968459078e-5,5.445416687437923e-5,1.185256651289792e-5,1.8435412441578864e-5,3.379714168128666e-5,0.0,0.0,0.0,2.8730966522834673e-9,0.0,2.220446049250313e-16,2.220446049250313e-16,1.4365704195799237e-11,2.2093438190040615e-16,65022.49252574494,2,1.0,1.0,-0.6839896658979004,-5.24483124930293,-2.6456900540460007,-0.00026281607868644855
dyn,12,30,0.0830962021747604,7.279262035195172e-5,1.0725762424593755e-5,5.479803619021922e-5,1.3599363789856742e-5,1.7998837717376017e-5,3.4563678629010735e-5,0.0,0.0,0.0,3.067775276153036e-9,0.0,2.220446049250313e-16,2.220446049250313e-16,1.533909731514708e-11,2.2093438190040615e-16,69428.29442482027,2,1.0,1.0,-0.8284197470864456,-4.943793424496275,-2.7256292497087866,-0.0002626879281558015
clip-fired,12,1,0.08308822020608748,0.0003585943567028319,0.0007759097547636489,0.0015875748805787115,,,,,,,,,,,,,,,0.0,0.9251773428348634,-5.817301076728199,-1.150938631031967,-0.006009138537454586
clip-fired,12,2,0.08308798634366009,0.0001509728995019704,0.00030478880850139735,0.0006461075177718065,,,,,,,,,,,,,,,0.0,0.924430754546163,-6.063354311337753,-1.2051097419364967,-0.002487109008677028
clip-fired,12,3,0.08308774141970472,0.00010306198260979165,0.00019685978903310295,0.00042323222927578705,,,,,,,,,,,,,,,0.0,0.9139887403898712,-6.288508776860045,-1.217129622329496,-0.001658885502853988
clip-fired,12,4,0.08308757970465314,8.219798931328938e-5,0.0001482831939640682,0.0003244578101954596,,,,,,,,,,,,,,,0.0,0.9057043262728549,-6.485286755660207,-1.2548692403571509,-0.00129436408517811
clip-fired,12,5,0.08308742810679082,7.764871061572044e-5,0.0001321040191285578,0.00029411820786218033,,,,,,,,,,,,,,,0.0,0.8872436121833368,-6.666046099916218,-1.294692444263729,-0.0011925107804466636
clip-fired,12,6,0.08308726614777362,7.012115397616632e-5,0.00011243672739763833,0.00025472006580647236,,,,,,,,,,,,,,,0.0,0.8618306371525938,-6.837072383640041,-1.3323099604551398,-0.0010476715657898538
clip-fired,12,7,0.08308711747575977,6.555691446449052e-5,9.89457338644221e-5,0.0002283002778835173,,,,,,,,,,,,,,,0.0,0.8378962363083293,-6.994029656581762,-1.3743992708063293,-0.0009508752405942192
clip-fired,12,8,0.08308697380321178,6.257709001958381e-5,8.875805691380512e-5,0.00020876415000659767,,,,,,,,,,,,,,,0.0,0.8096405581384077,-7.135768037643498,-1.4189134404708381,-0.0008789102138515715
clip-fired,12,9,0.08308681786540095,5.127794430263478e-5,6.822123864746064e-5,0.0001637766279749431,,,,,,,,,,,,,,,0.0,0.7694312628607456,-7.263609349670647,-1.4632582309841196,-0.0006957250723712878
clip-fired,12,10,0.08308664575648535,3.180422758634546e-5,3.967537582166553e-5,9.723230464468889e-5,,,,,,,,,,,,,,,0.0,0.7263277596904008,-7.379171870039142,-1.5039744335880154,-0.0004159060241294448
clip-fired,12,11,0.08308647207439449,1.7658307251172065e-5,2.0638604976845646e-5,5.164179242042784e-5,,,,,,,,,,,,,,,0.0,0.68015642919691,-7.4762189400536405,-1.5438021625017715,-0.00022201302903268375
clip-fired,12,12,0.08308632373228367,1.1236031418057956e-5,1.2252310716693237e-5,3.140073525653404e-5,,,,,,,,,,,,,,,0.0,0.6324249743348627,-7.548382797711974,-1.5947454839469346,-0.00013545536530788923
clip-fired,12,13,0.08308616372139667,8.910828293305938e-6,9.053182019240242e-6,2.376930319152675e-5,,,,,,,,,,,,,,,0.0,0.5770402717912698,-7.600813574271514,-1.6414183609369637,-0.000102685012687187
clip-fired,12,14,0.08309662301313976,2.069568908946825e-6,2.855256129431017e-6,4.059596340038422e-6,,,,,,,,,,,,,,,0.0,0.5151553749864365,-7.636541459346481,-1.6786537225296307,-2.7552788770277514e-5
clip-fired,12,15,0.08309724236782846,8.040567611125403e-6,1.0255178265549247e-5,1.5035182279430449e-5,,,,,,,,,,,,,,,0.0,0.45894207812488513,-7.640741404204089,-1.7375817493638865,-0.00010079186869942014
clip-fired,12,16,0.0830975355543709,2.6076320439380273e-6,3.0820438254009163e-6,4.6688438072825425e-6,,,,,,,,,,,,,,,0.0,0.39634807564434876,-7.62255552574,-1.800465755822484,-3.0865613643575315e-5
clip-fired,12,17,0.08309768865889601,1.2764732611640623e-5,1.3983422985344353e-5,2.1844157507736498e-5,,,,,,,,,,,,,,,0.0,0.31531296471674986,-7.580242731655514,-1.8555317153641575,-0.00014250538181574335
clip-fired,12,18,0.08309794807606723,2.1903054992734047e-5,2.20845538453133e-5,3.570988907348603e-5,,,,,,,,,,,,,,,0.0,0.24534378937018475,-7.513517074409113,-1.9145314328977938,-0.00022892659898325046
clip-fired,12,19,0.08309812174834673,2.5806104123863323e-5,2.3866851258706423e-5,4.0053154212029855e-5,,,,,,,,,,,,,,,0.0,0.18254915509992797,-7.422512252647187,-1.9759919279009834,-0.0002515858228055686
clip-fired,12,20,0.08309835823484236,3.759915922501959e-5,3.1623065301886544e-5,5.5344620664566126e-5,,,,,,,,,,,,,,,0.0,0.11421743131701957,-7.304754755978424,-2.0389253923639488,-0.00033954780967994505
clip-fired,12,21,0.08309840687112645,3.228031833266887e-5,2.4636205776795136e-5,4.5071769630106976e-5,,,,,,,,,,,,,,,0.0,0.04291795784329807,-7.165025885081849,-2.0980444869588326,-0.00026969622454949487
clip-fired,12,22,0.08309834304116837,4.057628083445381e-5,2.7965371855994653e-5,5.361214992705272e-5,,,,,,,,,,,,,,,0.0,-0.031998911517352395,-6.99835624756852,-2.155041816671434,-0.0003125464566385589
clip-fired,12,23,0.08309822985519072,4.3486031865282104e-5,2.676296071639581e-5,5.424893530514842e-5,,,,,,,,,,,,,,,0.0,-0.10609189462590321,-6.806273458765049,-2.2196160251246813,-0.0003071813508615861
clip-fired,12,24,0.0830979652863824,4.3539078991418066e-5,2.3750071726261667e-5,5.1198233874619344e-5,,,,,,,,,,,,,,,0.0,-0.1832434545258239,-6.590874813813224,-2.283699232805741,-0.00028143336822861284
clip-fired,12,25,0.08309762444033975,5.190033596175762e-5,2.484989163926372e-5,5.732652511770289e-5,,,,,,,,,,,,,,,0.0,-0.2635729782142944,-6.352509730266099,-2.3418104049526995,-0.00030578655755466276
clip-fired,12,26,0.08309728651735106,6.385666816295694e-5,2.6348143288937325e-5,6.596386134897887e-5,,,,,,,,,,,,,,,0.0,-0.3430825638473149,-6.0931839853393726,-2.4005870112450167,-0.0003408041829296003
clip-fired,12,27,0.08309699409584495,7.522500469777917e-5,2.5996793471118823e-5,7.233146680056375e-5,,,,,,,,,,,,,,,0.0,-0.428625368094188,-5.817637406722659,-2.4648384497124356,-0.0003617686439750249
clip-fired,12,28,0.08309665985313994,6.77507436375763e-5,1.8824991482048685e-5,6.051981211672681e-5,,,,,,,,,,,,,,,0.0,-0.5445649112591222,-5.534792566316341,-2.5541399509181693,-0.00029566317056194124
clip-fired,12,29,0.0830963680375963,6.603830483325309e-5,1.4028613968459078e-5,5.445416687437923e-5,,,,,,,,,,,,,,,0.0,-0.6839896658979004,-5.24483124930293,-2.6456900540460007,-0.00026281607868644855
clip-fired,12,30,0.0830962021747604,7.279262035195172e-5,1.0725762424593755e-5,5.479803619021922e-5,,,,,,,,,,,,,,,0.0,-0.8284197470864456,-4.943793424496275,-2.7256292497087866,-0.0002626879281558015
beforeUJ_end,12,1,0.08309286014670629,0.000421474550737902,0.0007714203593671323,0.0015740278366590554,-0.000456013650326497,-0.000907722772222971,-0.0006650031456166364,0.987793958812091,-7.739091680754448,-1.3668786163157691,,,,,,,,,,,,,,
beforeUJ_end,12,2,0.08309253885124643,0.00017730938211027116,0.0003027466908809857,0.0006402600702928291,-0.0001909031647782733,-0.0003565850269893697,-0.0002651248626540124,0.9690011720194548,-8.068537778032775,-1.4215802985980155,,,,,,,,,,,,,,
beforeUJ_end,12,3,0.08309219354495712,0.00012089390136142396,0.00019544695466283105,0.0004190909865322248,-0.0001281262945884259,-0.00022835708861237693,-0.00016771979844052944,0.9545789465168258,-8.370507098221442,-1.4248526931098913,,,,,,,,,,,,,,
beforeUJ_end,12,4,0.08309194837795146,9.637295649921801e-5,0.0001469995370026471,0.0003210801991588209,-9.903781745060992e-5,-0.00017037461741293988,-0.00012548498398025994,0.9456907798476919,-8.63843931950983,-1.4604745247761952,,,,,,,,,,,,,,
beforeUJ_end,12,5,0.0830917130454217,9.095919812544192e-5,0.00013072650700917253,0.0002908618823783865,-9.039299803035859e-5,-0.00015039112066787512,-0.00011081209982860466,0.9257088783610428,-8.886212965431142,-1.4983820076849732,,,,,,,,,,,,,,
beforeUJ_end,12,6,0.08309146287503237,8.205200441219705e-5,0.00011105677035966545,0.0002517111735343455,-7.882909489018599e-5,-0.0001267224962978989,-9.321832816358526e-5,0.8971458808726018,-9.120800136733116,-1.5333140505950298,,,,,,,,,,,,,,
beforeUJ_end,12,7,0.08309122722170735,7.662192397583548e-5,9.752266697469641e-5,0.0002254202679122319,-7.07130491810247e-5,-0.00011028508132181468,-8.128162764105116e-5,0.8715085596070049,-9.336898912879356,-1.5742300010412857,,,,,,,,,,,,,,
beforeUJ_end,12,8,0.08309099570657738,7.304092742039553e-5,8.727205259580335e-5,0.00020594719403659284,-6.453658973424812e-5,-9.780263276945529e-5,-7.227226271291237e-5,0.8411065101919677,-9.532863796100122,-1.6183942577305561,,,,,,,,,,,,,,
beforeUJ_end,12,9,0.08309074749346386,5.976097868918994e-5,6.690493972706463e-5,0.00016140710077148184,-5.063236278446112e-5,-7.432616606586692e-5,-5.4940184706407476e-5,0.7951244650911482,-9.7099601491332,-1.662240976871468,,,,,,,,,,,,,,
beforeUJ_end,12,10,0.08309047810255557,3.7008135866823714e-5,3.880662242522445e-5,9.571827628902869e-5,-3.003083823127469e-5,-4.264170430603557e-5,-3.153119264916819e-5,0.7456224656670968,-9.869662791226828,-1.7019338338211079,,,,,,,,,,,,,,
beforeUJ_end,12,11,0.08309020543246974,2.051437098467736e-5,2.0128399918920538e-5,5.077439150873201e-5,-1.5890902644754977e-5,-2.1844721891195173e-5,-1.6173678852878878e-5,0.6934359289516209,-10.004447113178115,-1.741137763352682,,,,,,,,,,,,,,
beforeUJ_end,12,12,0.08308996274724732,1.303030191152557e-5,1.1906619255346819e-5,3.0831740534706056e-5,-9.561182856938728e-6,-1.2784406383602806e-5,-9.534588472373995e-6,0.6405246137291689,-10.106701926852983,-1.7953361149989155,,,,,,,,,,,,,,
beforeUJ_end,12,13,0.08308970453761863,1.0313045867918643e-5,8.764521898477215e-6,2.3303287002913457e-5,-7.166200582971745e-6,-9.3059662500457e-6,-6.973042631290205e-6,0.5787457037303584,-10.18208581915833,-1.8448058363498834,,,,,,,,,,,,,,
beforeUJ_end,12,14,0.08310266985897115,2.3061931604131875e-6,2.478317042744328e-6,4.17695194859829e-6,-3.894834035587265e-7,-2.8399252406268194e-6,-2.7038266183699934e-6,0.5088857337714822,-10.23381748049226,-1.8829354984886393,,,,,,,,,,,,,,
beforeUJ_end,12,15,0.08310318988073703,8.926821810691376e-6,8.86196504408207e-6,1.541233991209982e-5,-1.544173623208693e-6,-1.0364360731823191e-5,-9.803203472113479e-6,0.44773678227638963,-10.24442908512748,-1.9502096191203275,,,,,,,,,,,,,,
beforeUJ_end,12,16,0.08310336489473406,2.889259018077176e-6,2.649270299188899e-6,4.76651886179604e-6,-5.075085911532085e-7,-3.1346783281821358e-6,-2.990945116091723e-6,0.3789245939154603,-10.224646063289546,-2.0239796867952187,,,,,,,,,,,,,,
beforeUJ_end,12,17,0.08310339827902286,1.411516990759983e-5,1.1949647284180804e-5,2.221215896290542e-5,-2.544141372029817e-6,-1.4293427636327347e-5,-1.3752312249075974e-5,0.2867171469196325,-10.17189240456703,-2.088088868336708,,,,,,,,,,,,,,
beforeUJ_end,12,18,0.08310352540595413,2.4151128654979695e-5,1.8749939551791938e-5,3.615561168990157e-5,-4.3495251335132715e-6,-2.2786867657171312e-5,-2.210770880976848e-5,0.20989506937856406,-10.085775752218291,-2.1591819783973945,,,,,,,,,,,,,,
beforeUJ_end,12,19,0.08310355272536091,2.8375529464710507e-5,2.0111436003918046e-5,4.0366495115452224e-5,-4.99732173265264e-6,-2.48148207062801e-5,-2.446162839290251e-5,0.14330058627604797,-9.966427440221976,-2.235339357088366,,,,,,,,,,,,,,
beforeUJ_end,12,20,0.08310363132212607,4.119095949552084e-5,2.641958322129616e-5,5.5503717116176696e-5,-7.105310020484535e-6,-3.335084910073078e-5,-3.33051143486991e-5,0.07027446188891315,-9.810873941556933,-2.3146223501580794,,,,,,,,,,,,,,
beforeUJ_end,12,21,0.08310350873227894,3.5249139975321076e-5,2.0380707130106224e-5,4.4962731179233324e-5,-5.934220771303817e-6,-2.6223892518214672e-5,-2.6803168724854496e-5,-0.00603062734683673,-9.62497052130378,-2.3907585907706497,,,,,,,,,,,,,,
beforeUJ_end,12,22,0.08310326689436037,4.415575271772424e-5,2.286838682596765e-5,5.3186548600906465e-5,-7.236192887829427e-6,-3.0056296415655528e-5,-3.159318013181214e-5,-0.0861659205468143,-9.40273023244557,-2.465267315003257,,,,,,,,,,,,,,
beforeUJ_end,12,23,0.08310296164197918,4.71421658734111e-5,2.1571656303902413e-5,5.349068960417289e-5,-7.46234229352892e-6,-2.9154561888997365e-5,-3.1770662367108504e-5,-0.16438675172018286,-9.146238893081579,-2.55113451349871,,,,,,,,,,,,,,
beforeUJ_end,12,24,0.08310249888654757,4.701982521767334e-5,1.880639087046868e-5,5.015300097165918e-5,-7.180332190068105e-6,-2.620415448534263e-5,-2.993022352256878e-5,-0.24575633746334938,-8.858331862434152,-2.637562060710604,,,,,,,,,,,,,,
beforeUJ_end,12,25,0.08310195470868961,5.581115419089016e-5,1.9259938527584265e-5,5.57699499598823e-5,-8.26234818407703e-6,-2.7891614909179762e-5,-3.353099551701605e-5,-0.33028967230754486,-8.539893081528085,-2.7170081576439746,,,,,,,,,,,,,,
beforeUJ_end,12,26,0.08310140260289421,6.832600155369489e-5,1.986987667961113e-5,6.370296640226161e-5,-9.819958105906734e-6,-3.0492134523683973e-5,-3.866405732777348e-5,-0.4126711861124044,-8.194051230003772,-2.7979025055370617,,,,,,,,,,,,,,
beforeUJ_end,12,27,0.08310088855154636,8.002228503055307e-5,1.8881155414907527e-5,6.931265105399287e-5,-1.1321255823527532e-5,-3.183821049814115e-5,-4.248895352694283e-5,-0.5021349764841718,-7.827859860325431,-2.885742823568806,,,,,,,,,,,,,,
beforeUJ_end,12,28,0.08310036200636865,7.164108293235255e-5,1.2852011518537333e-5,5.751555122273634e-5,-1.0377954577868152e-5,-2.529971103531208e-5,-3.587760393388954e-5,-0.6317827163669076,-7.454617692258611,-3.004385679904314,,,,,,,,,,,,,,
beforeUJ_end,12,29,0.0830999110795424,6.937199434032241e-5,8.633229742923962e-6,5.1330564884480336e-5,-1.0705069839158296e-5,-2.1987461801274878e-5,-3.271714633263294e-5,-0.7939253436532995,-7.076031784663071,-3.1228117948907914,,,,,,,,,,,,,,
beforeUJ_end,12,30,0.08309958362939218,7.589121425738073e-5,5.345848894692333e-6,5.12562977644256e-5,-1.2767539168144732e-5,-2.2041708682782313e-5,-3.3180178388087265e-5,-0.9666351037241855,-6.687813286424594,-3.2220777860809635,,,,,,,,,,,,,,
beforeUJ_end,12,1,0.08309286014670629,0.000421474550737902,0.0007714203593671323,0.0015740278366590554,-0.000456013650326497,-0.000907722772222971,-0.0006650031456166364,0.987793958812091,-7.739091680754448,-1.3668786163157691,,,,,,,,,,,,,,
beforeUJ_end,12,2,0.08309253885124643,0.00017730938211027116,0.0003027466908809857,0.0006402600702928291,-0.0001909031647782733,-0.0003565850269893697,-0.0002651248626540124,0.9690011720194548,-8.068537778032775,-1.4215802985980155,,,,,,,,,,,,,,
beforeUJ_end,12,3,0.08309219354495712,0.00012089390136142396,0.00019544695466283105,0.0004190909865322248,-0.0001281262945884259,-0.00022835708861237693,-0.00016771979844052944,0.9545789465168258,-8.370507098221442,-1.4248526931098913,,,,,,,,,,,,,,
beforeUJ_end,12,4,0.08309194837795146,9.637295649921801e-5,0.0001469995370026471,0.0003210801991588209,-9.903781745060992e-5,-0.00017037461741293988,-0.00012548498398025994,0.9456907798476919,-8.63843931950983,-1.4604745247761952,,,,,,,,,,,,,,
beforeUJ_end,12,5,0.0830917130454217,9.095919812544192e-5,0.00013072650700917253,0.0002908618823783865,-9.039299803035859e-5,-0.00015039112066787512,-0.00011081209982860466,0.9257088783610428,-8.886212965431142,-1.4983820076849732,,,,,,,,,,,,,,
beforeUJ_end,12,6,0.08309146287503237,8.205200441219705e-5,0.00011105677035966545,0.0002517111735343455,-7.882909489018599e-5,-0.0001267224962978989,-9.321832816358526e-5,0.8971458808726018,-9.120800136733116,-1.5333140505950298,,,,,,,,,,,,,,
beforeUJ_end,12,7,0.08309122722170735,7.662192397583548e-5,9.752266697469641e-5,0.0002254202679122319,-7.07130491810247e-5,-0.00011028508132181468,-8.128162764105116e-5,0.8715085596070049,-9.336898912879356,-1.5742300010412857,,,,,,,,,,,,,,
beforeUJ_end,12,8,0.08309099570657738,7.304092742039553e-5,8.727205259580335e-5,0.00020594719403659284,-6.453658973424812e-5,-9.780263276945529e-5,-7.227226271291237e-5,0.8411065101919677,-9.532863796100122,-1.6183942577305561,,,,,,,,,,,,,,
beforeUJ_end,12,9,0.08309074749346386,5.976097868918994e-5,6.690493972706463e-5,0.00016140710077148184,-5.063236278446112e-5,-7.432616606586692e-5,-5.4940184706407476e-5,0.7951244650911482,-9.7099601491332,-1.662240976871468,,,,,,,,,,,,,,
beforeUJ_end,12,10,0.08309047810255557,3.7008135866823714e-5,3.880662242522445e-5,9.571827628902869e-5,-3.003083823127469e-5,-4.264170430603557e-5,-3.153119264916819e-5,0.7456224656670968,-9.869662791226828,-1.7019338338211079,,,,,,,,,,,,,,
beforeUJ_end,12,11,0.08309020543246974,2.051437098467736e-5,2.0128399918920538e-5,5.077439150873201e-5,-1.5890902644754977e-5,-2.1844721891195173e-5,-1.6173678852878878e-5,0.6934359289516209,-10.004447113178115,-1.741137763352682,,,,,,,,,,,,,,
beforeUJ_end,12,12,0.08308996274724732,1.303030191152557e-5,1.1906619255346819e-5,3.0831740534706056e-5,-9.561182856938728e-6,-1.2784406383602806e-5,-9.534588472373995e-6,0.6405246137291689,-10.106701926852983,-1.7953361149989155,,,,,,,,,,,,,,
beforeUJ_end,12,13,0.08308970453761863,1.0313045867918643e-5,8.764521898477215e-6,2.3303287002913457e-5,-7.166200582971745e-6,-9.3059662500457e-6,-6.973042631290205e-6,0.5787457037303584,-10.18208581915833,-1.8448058363498834,,,,,,,,,,,,,,
beforeUJ_end,12,14,0.08310266985897115,2.3061931604131875e-6,2.478317042744328e-6,4.17695194859829e-6,-3.894834035587265e-7,-2.8399252406268194e-6,-2.7038266183699934e-6,0.5088857337714822,-10.23381748049226,-1.8829354984886393,,,,,,,,,,,,,,
beforeUJ_end,12,15,0.08310318988073703,8.926821810691376e-6,8.86196504408207e-6,1.541233991209982e-5,-1.544173623208693e-6,-1.0364360731823191e-5,-9.803203472113479e-6,0.44773678227638963,-10.24442908512748,-1.9502096191203275,,,,,,,,,,,,,,
beforeUJ_end,12,16,0.08310336489473406,2.889259018077176e-6,2.649270299188899e-6,4.76651886179604e-6,-5.075085911532085e-7,-3.1346783281821358e-6,-2.990945116091723e-6,0.3789245939154603,-10.224646063289546,-2.0239796867952187,,,,,,,,,,,,,,
beforeUJ_end,12,17,0.08310339827902286,1.411516990759983e-5,1.1949647284180804e-5,2.221215896290542e-5,-2.544141372029817e-6,-1.4293427636327347e-5,-1.3752312249075974e-5,0.2867171469196325,-10.17189240456703,-2.088088868336708,,,,,,,,,,,,,,
beforeUJ_end,12,18,0.08310352540595413,2.4151128654979695e-5,1.8749939551791938e-5,3.615561168990157e-5,-4.3495251335132715e-6,-2.2786867657171312e-5,-2.210770880976848e-5,0.20989506937856406,-10.085775752218291,-2.1591819783973945,,,,,,,,,,,,,,
beforeUJ_end,12,19,0.08310355272536091,2.8375529464710507e-5,2.0111436003918046e-5,4.0366495115452224e-5,-4.99732173265264e-6,-2.48148207062801e-5,-2.446162839290251e-5,0.14330058627604797,-9.966427440221976,-2.235339357088366,,,,,,,,,,,,,,
beforeUJ_end,12,20,0.08310363132212607,4.119095949552084e-5,2.641958322129616e-5,5.5503717116176696e-5,-7.105310020484535e-6,-3.335084910073078e-5,-3.33051143486991e-5,0.07027446188891315,-9.810873941556933,-2.3146223501580794,,,,,,,,,,,,,,
beforeUJ_end,12,21,0.08310350873227894,3.5249139975321076e-5,2.0380707130106224e-5,4.4962731179233324e-5,-5.934220771303817e-6,-2.6223892518214672e-5,-2.6803168724854496e-5,-0.00603062734683673,-9.62497052130378,-2.3907585907706497,,,,,,,,,,,,,,
beforeUJ_end,12,22,0.08310326689436037,4.415575271772424e-5,2.286838682596765e-5,5.3186548600906465e-5,-7.236192887829427e-6,-3.0056296415655528e-5,-3.159318013181214e-5,-0.0861659205468143,-9.40273023244557,-2.465267315003257,,,,,,,,,,,,,,
beforeUJ_end,12,23,0.08310296164197918,4.71421658734111e-5,2.1571656303902413e-5,5.349068960417289e-5,-7.46234229352892e-6,-2.9154561888997365e-5,-3.1770662367108504e-5,-0.16438675172018286,-9.146238893081579,-2.55113451349871,,,,,,,,,,,,,,
beforeUJ_end,12,24,0.08310249888654757,4.701982521767334e-5,1.880639087046868e-5,5.015300097165918e-5,-7.180332190068105e-6,-2.620415448534263e-5,-2.993022352256878e-5,-0.24575633746334938,-8.858331862434152,-2.637562060710604,,,,,,,,,,,,,,
beforeUJ_end,12,25,0.08310195470868961,5.581115419089016e-5,1.9259938527584265e-5,5.57699499598823e-5,-8.26234818407703e-6,-2.7891614909179762e-5,-3.353099551701605e-5,-0.33028967230754486,-8.539893081528085,-2.7170081576439746,,,,,,,,,,,,,,
beforeUJ_end,12,26,0.08310140260289421,6.832600155369489e-5,1.986987667961113e-5,6.370296640226161e-5,-9.819958105906734e-6,-3.0492134523683973e-5,-3.866405732777348e-5,-0.4126711861124044,-8.194051230003772,-2.7979025055370617,,,,,,,,,,,,,,
beforeUJ_end,12,27,0.08310088855154636,8.002228503055307e-5,1.8881155414907527e-5,6.931265105399287e-5,-1.1321255823527532e-5,-3.183821049814115e-5,-4.248895352694283e-5,-0.5021349764841718,-7.827859860325431,-2.885742823568806,,,,,,,,,,,,,,
beforeUJ_end,12,28,0.08310036200636865,7.164108293235255e-5,1.2852011518537333e-5,5.751555122273634e-5,-1.0377954577868152e-5,-2.529971103531208e-5,-3.587760393388954e-5,-0.6317827163669076,-7.454617692258611,-3.004385679904314,,,,,,,,,,,,,,
beforeUJ_end,12,29,0.0830999110795424,6.937199434032241e-5,8.633229742923962e-6,5.1330564884480336e-5,-1.0705069839158296e-5,-2.1987461801274878e-5,-3.271714633263294e-5,-0.7939253436532995,-7.076031784663071,-3.1228117948907914,,,,,,,,,,,,,,
beforeUJ_end,12,30,0.08309958362939218,7.589121425738073e-5,5.345848894692333e-6,5.12562977644256e-5,-1.2767539168144732e-5,-2.2041708682782313e-5,-3.3180178388087265e-5,-0.9666351037241855,-6.687813286424594,-3.2220777860809635,,,,,,,,,,,,,,
