cell,x,y,z,rA,rB,phi_tr,phi_sigma_fw,err4a,is_te_upper,is_te_lower
1,0.30297290962958634,-0.5825066666666667,-0.018048304958273784,0.002548150650810155,-2.220446049250313e-16,0.0036631201230387747,-0.004756982687664224,0.00031502835362155063,0,1
2,0.30185051676777963,-0.5554133333333333,-0.018160860633162218,0.003873384708198313,-2.1094237467877974e-15,0.0011943051686876022,-0.008653954127371577,0.0010212452043648849,0,0
3,0.2974112652741312,-0.5825066666666667,-0.018590078058503712,0.007050963193876214,-1.5543122344752192e-15,-0.00413737655343484,-0.016360622166701533,0.00027342325220719096,0,0
4,0.2940944066422895,-0.5554133333333333,-0.018906739808956765,0.008621365626513722,-2.6645352591003757e-15,-0.009029209560453137,-0.02270430769419196,0.0010082273887689862,0,0
5,0.2854145277597574,-0.5825066666666667,-0.019687871800114446,0.01095212197425166,-9.992007221626409e-16,-0.01154534097330469,-0.026493905406213658,-5.377793471892517e-5,0,0
6,0.2800515075090671,-0.5554133333333333,-0.020152342040819074,0.011770497186696538,2.220446049250313e-15,-0.016336096243619858,-0.03187703291755284,0.0008174272026224422,0,0
7,0.26751806681517887,-0.5825066666666667,-0.02115324363305271,0.013251622769951732,-1.1102230246251565e-16,-0.015526412380125471,-0.03156540545789477,-0.00028166776920218045,0,0
8,0.260347646371981,-0.5554133333333333,-0.021689674984581714,0.01384201195207968,6.661338147750939e-16,-0.019451168728727753,-0.035806788409385115,0.0006895065836097988,0,0
9,0.24451728777100037,-0.5825066666666667,-0.02275386739601546,0.014335806967375464,-3.3306690738754696e-15,-0.017108497577149055,-0.03320027634363654,-0.0003900800526254744,0,0
10,0.2358573496132177,-0.5554133333333333,-0.023281628455920203,0.015230112896093106,-1.1102230246251565e-15,-0.019993939565210412,-0.03668906696712637,0.0005735706594505174,0,0
11,0.21743090311950256,-0.5825066666666667,-0.024248659992596774,0.014783723654286596,-1.9984014443252818e-15,-0.01714613715111242,-0.03286873228092957,-0.0003855791078531262,0,0
12,0.20766439478357013,-0.5554133333333333,-0.024687930469368603,0.016070290203022863,-3.9968028886505635e-15,-0.019083911883174026,-0.03580837020605521,0.0004532408969423335,0,0
13,0.1874566524699967,-0.5825066666666667,-0.025395235613478728,0.014976007024211868,7.771561172376096e-16,-0.01610971722709573,-0.03139811815793658,-0.00032321242652954066,0,0
14,0.17701541849235572,-0.5554133333333333,-0.025663270280817024,0.01652747527426779,3.3306690738754696e-16,-0.017249426749179585,-0.03382618430308659,0.0003494571397155838,0,0
15,0.15592075284740697,-0.5825066666666667,-0.02593766271817903,0.015108967255125949,-5.551115123125783e-17,-0.014247829565987698,-0.02919700350742327,-0.0002468981185837424,0,0
16,0.14526732118009925,-0.5554133333333333,-0.02594402048820274,0.01678833975048108,2.7755575615628914e-17,-0.014710493162025228,-0.031103844902294703,0.00027467879778581006,0,0
17,0.12422118008598422,-0.5825066666666667,-0.02560185004794062,0.015299376794253028,5.551115123125783e-17,-0.0116800118638362,-0.02646609126794975,-0.00017530900742218636,0,0
18,0.11382847065917695,-0.5554133333333333,-0.025253321837654788,0.0170163081277417,-5.551115123125783e-17,-0.011548334451317655,-0.027843910546780523,0.00022749979827799832,0,0
19,0.09376521969627272,-0.5825066666666667,-0.024124690297555654,0.0156272545754369,7.216449660063518e-16,-0.00846769251154262,-0.023315904689924782,-0.00011220421048236534,0,0
20,0.08409467816017575,-0.5554133333333333,-0.02334458696774235,0.0173274553366769,-1.7763568394002505e-15,-0.007802652888916378,-0.024167873000551232,0.0002000626858548113,0,0
21,0.06590368880322851,-0.5825066666666667,-0.021319851918052787,0.01613538841026063,-2.7755575615628914e-15,-0.00466983044513704,-0.019823315429577715,-5.471041353287409e-5,0,0
22,0.057383240982378216,-0.5554133333333333,-0.020075220198176525,0.017779696090386543,-3.885780586188048e-15,-0.003527405180591673,-0.02016162974681135,0.00018263140710912673,0,0
23,0.04186667943867567,-0.5825066666666667,-0.017152242954226425,0.01682027363720562,4.440892098500626e-16,-0.00037124983995038294,-0.01605096110155313,3.7128865754514073e-6,0,0
24,0.034870565715823414,-0.5554133333333333,-0.01547389743015259,0.018377624308795637,-2.4424906541753444e-15,0.001192212185955431,-0.015896439224039938,0.00016457979061106423,0,0
25,0.022706923852331116,-0.5825066666666667,-0.01177605937217759,0.017635340951405176,2.220446049250313e-16,0.00432384998960194,-0.01204330206232851,7.169093338628418e-5,0,0
26,0.017539395711691073,-0.5554133333333333,-0.009756566838276429,0.019099966527803547,-6.8833827526759706e-15,0.006260471586281666,-0.011434211312811193,0.00013799518083003684,0,0
27,0.009255828367759154,-0.5825066666666667,-0.00550208328067262,0.018518767777683465,-5.329070518200751e-15,0.009330307825046947,-0.007814781047760011,0.00015125198019227612,0,0
28,0.0061397891644672745,-0.5554133333333333,-0.0032670922569699745,0.019944017755024523,-4.440892098500626e-16,0.01162140760606057,-0.0068199203988155155,0.00011024496764384245,0,0
29,0.002094133030628812,-0.5825066666666667,0.0013047935426423762,0.019437030528518306,1.1102230246251565e-15,0.014640906888518672,-0.003332951834109421,0.00022661592934436654,0,0
30,0.0011645161000822292,-0.5554133333333333,0.0036416883185520802,0.020939461696382722,-2.886579864025407e-15,0.017324799921838066,-0.0020276830616992036,0.00010890934513881761,0,0
31,0.0028023845448265266,-0.5825066666666667,0.010303982286744397,0.020969390455720438,-4.218847493575595e-15,0.022097818374827723,0.002689726295357131,0.00025195063007408397,0,0
32,0.0015186418571810864,-0.5554133333333333,0.008141282690603092,0.021434132674595485,-4.440892098500626e-15,0.021230784878070154,0.0014325795755729676,1.756763740788994e-5,0,0
33,0.010940737662654765,-0.5825066666666667,0.01590671918215479,0.022010761916985366,0.0,0.02758914056566356,0.007192317884634258,0.0002238261817844346,0,0
34,0.007513432447563366,-0.5554133333333333,0.014186700532520247,0.02253883785102584,2.220446049250313e-16,0.027099256486356287,0.006256867602361993,-4.341634100766406e-5,0,0
35,0.025207693934548178,-0.5825066666666667,0.01999923729057282,0.023111382693661087,-1.9984014443252818e-15,0.032919829412612255,0.011453145952419641,0.0002530784461650913,0,0
36,0.01978786840614717,-0.5554133333333333,0.018812987561181077,0.023623843356147534,-1.1102230246251565e-15,0.032818068790209244,0.010931326687278586,-3.103131374173479e-5,0,0
37,0.04497258153844913,-0.5825066666666667,0.022311985016010075,0.024201686435127656,-1.3322676295501878e-15,0.03806134348919826,0.015507498638579587,0.0002956309380288298,0,0
38,0.03780005050069916,-0.5554133333333333,0.021748736017987318,0.02469424022336808,-7.771561172376096e-16,0.03842440863291594,0.015483420240509638,-1.4985925910749459e-5,0,0
39,0.06936561310934715,-0.5825066666666667,0.022668067096630308,0.02516226064541699,-5.551115123125783e-16,0.04289501451749791,0.019346303003370147,0.000348722363384308,0,0
40,0.060755362842773136,-0.5554133333333333,0.022771650555331566,0.025708290658500554,-1.1102230246251565e-15,0.04384161489382112,0.01986905303583586,-5.8505593311698745e-6,0,0
41,0.09732289571495997,-0.5825066666666667,0.021079869580863816,0.025867993449348044,-6.661338147750939e-16,0.047268615019585104,0.022928603525399334,0.000416873876957935,0,0
42,0.08764937954544057,-0.5554133333333333,0.021822176609396435,0.02658737378761522,-9.43689570931383e-16,0.04894380712776169,0.02402720241796777,-8.187265640727942e-6,0,0
43,0.12763497138883584,-0.5825066666666667,0.01777448117266449,0.026211416663430354,-4.440892098500626e-16,0.051032135010718196,0.026193457663831354,0.000506917874475328,0,0
44,0.11731569163665762,-0.5554133333333333,0.019056021862497843,0.02725663504173928,-3.3306690738754696e-16,0.05360471273187404,0.027887333146733362,-2.8536632348322155e-5,0,0
45,0.15899680248256276,-0.5825066666666667,0.013147253724746042,0.02609897749901058,-1.4432899320127035e-15,0.054041224675596744,0.029065752871489048,0.0006270966255134472,0,0
46,0.1484755268117884,-0.5554133333333333,0.014820097103788588,0.027667326392922797,-2.3314683517128287e-15,0.05771630259937862,0.0313638947638013,-7.908963804453828e-5,0,0
47,0.19005958855602617,-0.5825066666666667,0.007678203210788534,0.025433965767833855,-1.3322676295501878e-15,0.056124029804149586,0.03143766043806029,0.0007849090224904924,0,0
48,0.17978883335468165,-0.5554133333333333,0.009576306778246016,0.02779310641820676,2.220446049250313e-16,0.06116594719477589,0.034334049073904804,-0.00017902426536550026,0,0
49,0.21948544249673846,-0.5825066666666667,0.0018567379730955562,0.02410394949145067,-2.220446049250313e-15,0.057013064403186535,0.03310906610512587,0.000978159447572166,0,0
50,0.2099078931270546,-0.5554133333333333,0.0038184188082133045,0.02759914020382248,-4.440892098500626e-16,0.06375841375808425,0.0365861321424108,-0.000351812341971805,0,0
51,0.2460045117257057,-0.5825066666666667,-0.0038568953389867197,0.02199585773811119,-2.220446049250313e-16,0.056231539193788926,0.03365348304845317,0.0011660231320468895,0,0
52,0.237533751796064,-0.5554133333333333,-0.0019809191005044557,0.02695517269956249,-3.774758283725532e-15,0.06503706771616483,0.03772414734044971,-0.000607111475749128,0,0
53,0.268471720290156,-0.5825066666666667,-0.009035927332629166,0.01901896840264161,-8.881784197001252e-16,0.05284459008798122,0.032147713527124866,0.0012119873774340158,0,0
54,0.26147349597275166,-0.5554133333333333,-0.007384399455049075,0.02539500726178967,1.5543122344752192e-15,0.06385356628919561,0.03698665378656396,-0.0008839384609373307,0,0
55,0.28591861144426167,-0.5825066666666667,-0.013282881300637338,0.014855012382741895,3.1086244689504383e-15,0.04481533917235478,0.026830445270499936,0.0009121004196176834,0,0
56,0.280694278025911,-0.5554133333333333,-0.011985168255423298,0.021676041424296244,4.440892098500626e-15,0.05748421766968501,0.03286323828256643,-0.0009704559525140349,0,0
57,0.2975959164356956,-0.5825066666666667,-0.0162438625948937,0.008479474830162648,-3.3306690738754696e-16,0.028982406661211296,0.015769603121359554,0.00038009897401330636,0,0
58,0.294369430649154,-0.5554133333333333,-0.01541222847037254,0.01407032058018065,-4.440892098500626e-16,0.04150105430773157,0.022839865096873524,-0.0006392123486470835,0,0
59,0.30300433573500773,-0.5825066666666667,-0.01764899842872852,0.0022208066337401355,-2.9976021664879227e-15,0.011422066403783791,0.0034178533545642376,0.0001352031305451168,1,0
60,0.3019133689786225,-0.5554133333333333,-0.01736224757407169,0.004517608594436062,-2.886579864025407e-15,0.018070913458556135,0.007702870536492656,-0.00014729488945051418,0,0
61,0.30297290962958634,-0.5012266666666667,-0.018048304958273784,0.003984972511832385,8.881784197001252e-16,-0.0006066314529500639,-0.007426988165142534,0.00041102491076789455,0,1
62,0.30185051676777963,-0.47413333333333335,-0.018160860633162218,0.0058524157785679876,-1.7763568394002505e-15,-0.004993175856470719,-0.012670417420493463,0.0017080441349854314,0,0
63,0.2974112652741312,-0.5012266666666667,-0.018590078058503712,0.010965911655767435,3.552713678800501e-15,-0.0118650031227306,-0.025532391497961715,0.00023016101271757308,0,0
64,0.2940944066422895,-0.47413333333333335,-0.018906739808956765,0.012807442188081719,0.0,-0.018395346478184853,-0.03274058607554453,0.0017683832176704495,0,0
65,0.2854145277597574,-0.5012266666666667,-0.019687871800114446,0.016579700417728382,-1.3322676295501878e-15,-0.021802874041312845,-0.04069324134906238,-0.000343541255224844,0,0
66,0.2800515075090671,-0.47413333333333335,-0.020152342040819074,0.017180824352862167,1.7763568394002505e-15,-0.026989632017260245,-0.04528207679177987,0.0013622720074542294,0,0
67,0.26751806681517887,-0.5012266666666667,-0.02115324363305271,0.019571655661416054,6.661338147750939e-16,-0.02584851994568011,-0.047093436643189435,-0.0005584086879093786,0,0
68,0.260347646371981,-0.47413333333333335,-0.021689674984581714,0.019612595152789458,-2.6645352591003757e-15,-0.02948936538436333,-0.049715618437719655,0.0009631639981881532,0,0
69,0.24451728777100037,-0.5012266666666667,-0.02275386739601546,0.020818979470071053,2.886579864025407e-15,-0.026119319235465347,-0.047886542386071485,-0.000573592522832643,0,0
70,0.2358573496132177,-0.47413333333333335,-0.023281628455920203,0.020913394544648023,-2.886579864025407e-15,-0.028544477536911715,-0.049554717702053885,0.0006793081754351837,0,0
71,0.21743090311950256,-0.5012266666666667,-0.024248659992596774,0.02115428695439525,-4.440892098500626e-16,-0.024458272018461014,-0.04589322323287959,-0.0005026875860439511,0,0
72,0.20766439478357013,-0.47413333333333335,-0.024687930469368603,0.021488290750387162,0.0,-0.02595874301094618,-0.04706896811290784,0.000484724162418973,0,0
73,0.1874566524699967,-0.5012266666666667,-0.025395235613478728,0.021078073383685614,-8.881784197001252e-16,-0.021800080867669682,-0.042614092622152544,-0.0004045368261728216,0,0
74,0.17701541849235572,-0.47413333333333335,-0.025663270280817024,0.021619933370321975,3.3306690738754696e-16,-0.02256778789331793,-0.04341598813376546,0.000352025126570496,0,0
75,0.15592075284740697,-0.5012266666666667,-0.02593766271817903,0.020855729019417346,2.220446049250313e-16,-0.01852668716028453,-0.03870278771182395,-0.0003112702113318294,0,0
76,0.14526732118009925,-0.47413333333333335,-0.02594402048820274,0.021539468348021396,6.106226635438361e-16,-0.018674496021762164,-0.03913762086815564,0.0002653308299218893,0,0
77,0.12422118008598422,-0.5012266666666667,-0.02560185004794062,0.020646049656713013,1.249000902703301e-16,-0.014751632463317229,-0.034410997519178615,-0.0002327441710272271,0,0
78,0.11382847065917695,-0.47413333333333335,-0.025253321837654788,0.021428970788317764,3.885780586188048e-16,-0.014345646106092649,-0.034470536184209644,0.0002126116818500362,0,0
79,0.09376521969627272,-0.5012266666666667,-0.024124690297555654,0.020553600526567184,6.661338147750939e-16,-0.010491689246933415,-0.029832819478202544,-0.0001667418779227603,0,0
80,0.08409467816017575,-0.47413333333333335,-0.02334458696774235,0.021415131566434598,-1.5543122344752192e-15,-0.009579775512169018,-0.029520932133098587,0.00018309646510079186,0,0
81,0.06590368880322851,-0.5012266666666667,-0.021319851918052787,0.020636098560293692,5.551115123125783e-16,-0.005761350358886076,-0.025015854596469378,-0.00010653866602001669,0,0
82,0.057383240982378216,-0.47413333333333335,-0.020075220198176525,0.021565930246969067,6.661338147750939e-16,-0.004391253174168565,-0.02435300036500143,0.0001667306755364327,0,0
83,0.04186667943867567,-0.5012266666666667,-0.017152242954226425,0.020904906405698753,-1.1102230246251565e-15,-0.0006102934075373994,-0.020002146688254063,-4.277580221291946e-5,0,0
84,0.034870565715823414,-0.47413333333333335,-0.01547389743015259,0.02189937441894707,3.3306690738754696e-15,0.0011669303476644901,-0.019023509132115146,0.00015316071488951158,0,0
85,0.022706923852331116,-0.5012266666666667,-0.01177605937217759,0.021337594907443247,-2.220446049250313e-16,0.0048862166125805545,-0.014831222180733628,3.567922824032274e-5,0,0
86,0.017539395711691073,-0.47413333333333335,-0.009756566838276429,0.022409344680285548,3.774758283725532e-15,0.00702796389717248,-0.013583209142010721,0.00013413449436676383,0,0
87,0.009255828367759154,-0.5012266666666667,-0.00550208328067262,0.021903828907735123,-1.9984014443252818e-15,0.010673515775961366,-0.009518609634428854,0.0001299571410146201,0,0
88,0.0061397891644672745,-0.47413333333333335,-0.0032670922569699745,0.02310354519598201,2.220446049250313e-15,0.013169569225103872,-0.008055484998170437,0.0001154693824592691,0,0
89,0.002094133030628812,-0.5012266666666667,0.0013047935426423762,0.0225834056388452,-2.220446049250313e-15,0.01678621591179647,-0.004003583966425639,0.0002130766859675913,0,0
90,0.0011645161000822292,-0.47413333333333335,0.0036416883185520802,0.02401236778049043,0.0,0.0196899664885986,-0.0023678361494570144,0.00011687939522701807,0,0
91,0.0028023845448265266,-0.5012266666666667,0.010303982286744397,0.023922599013013857,1.9984014443252818e-15,0.025406682784679478,0.0033751265616235315,0.000238275969029568,0,0
92,0.0015186418571810864,-0.47413333333333335,0.008141282690603092,0.024445408140546965,2.6645352591003757e-15,0.024168921117529215,0.0017261500076490854,1.635534491591442e-5,0,0
93,0.010940737662654765,-0.5012266666666667,0.01590671918215479,0.02482500122268716,-2.4424906541753444e-15,0.0318442877173801,0.008969206470102797,0.0002122589475246628,0,0
94,0.007513432447563366,-0.47413333333333335,0.014186700532520247,0.02554068291325695,-1.9984014443252818e-15,0.03095163594355354,0.007479458867370337,-4.196319809637167e-5,0,0
95,0.025207693934548178,-0.5012266666666667,0.01999923729057282,0.025806240837574324,4.440892098500626e-16,0.038232000395636616,0.014418113509250485,0.00024401507829125563,0,0
96,0.01978786840614717,-0.47413333333333335,0.018812987561181077,0.026654783748484512,4.440892098500626e-16,0.037669803135936326,0.01313750817603232,-2.9438939588781465e-5,0,0
97,0.04497258153844913,-0.5012266666666667,0.022311985016010075,0.026833175815491717,3.3306690738754696e-16,0.0445987386541089,0.019777646525121484,0.00028788157904400744,0,0
98,0.03780005050069916,-0.47413333333333335,0.021748736017987318,0.027807136782319608,-1.3322676295501878e-15,0.04441945195775295,0.018772457196239767,-1.6140046038736616e-5,0,0
99,0.06936561310934715,-0.5012266666666667,0.022668067096630308,0.027849443434946553,1.1102230246251565e-16,0.050880042718848106,0.02502893732898248,0.0003394521201944972,0,0
100,0.060755362842773136,-0.47413333333333335,0.022771650555331566,0.028989021616202315,-1.887379141862766e-15,0.05117325715383283,0.02435702839803089,-1.1259060529417858e-5,0,0
101,0.09732289571495997,-0.5012266666666667,0.021079869580863816,0.028790788860355798,-4.440892098500626e-16,0.05698455023872609,0.0301293197889268,0.00040040078475399657,0,0
102,0.08764937954544057,-0.47413333333333335,0.021822176609396435,0.03016655103407989,8.326672684688674e-17,0.057853535604492905,0.029834596338319364,-1.9633459637409534e-5,0,0
103,0.12763497138883584,-0.5012266666666667,0.01777448117266449,0.029604363239769282,-1.0547118733938987e-15,0.06283517189656143,0.035033346462716775,0.00047536405624751255,0,0
104,0.11731569163665762,-0.47413333333333335,0.019056021862497843,0.03130979589751426,6.661338147750939e-16,0.06438402081979701,0.03514157362495193,-4.858401887773006e-5,0,0
105,0.15899680248256276,-0.5012266666666667,0.013147253724746042,0.030248003466813222,-1.3322676295501878e-15,0.06836508976785653,0.03968835719963815,0.000571253063894453,0,0
106,0.1484755268117884,-0.47413333333333335,0.014820097103788588,0.03240378273629141,1.3322676295501878e-15,0.07069876902067254,0.04020505952123454,-0.0001098177633236247,0,0
107,0.19005958855602617,-0.5012266666666667,0.007678203210788534,0.03066080955076156,-6.661338147750939e-16,0.07344196597133333,0.043988100933019414,0.0006940922641933273,0,0
108,0.17978883335468165,-0.47413333333333335,0.009576306778246016,0.03342675870237577,8.881784197001252e-16,0.07667993768837392,0.04490334122667716,-0.00021893214748949785,0,0
109,0.21948544249673846,-0.5012266666666667,0.0018567379730955562,0.030698803385623252,-1.3322676295501878e-15,0.07767143497313224,0.04764579627665122,0.0008385176243960943,0,0
110,0.2099078931270546,-0.47413333333333335,0.0038184188082133045,0.03427893673259197,-4.440892098500626e-16,0.08197974247387046,0.04896405759332234,-0.0003905793213938094,0,0
111,0.2460045117257057,-0.5012266666666667,-0.0038568953389867197,0.03002488576317175,-1.9984014443252818e-15,0.0799846075883247,0.049910585760290394,0.0009622152332488323,0,0
112,0.237533751796064,-0.47413333333333335,-0.0019809191005044557,0.034626056737012245,-2.886579864025407e-15,0.0856479268077271,0.05176037196422589,-0.0006213176886330218,0,0
113,0.268471720290156,-0.5012266666666667,-0.009035927332629166,0.02792235692041989,1.1102230246251565e-15,0.07788477649593788,0.04904159766337601,0.0009501663951176284,0,0
114,0.26147349597275166,-0.47413333333333335,-0.007384399455049075,0.033590724712579734,-1.9984014443252818e-15,0.0854459753124343,0.05195109542055554,-0.0008472521719121509,0,0
115,0.28591861144426167,-0.5012266666666667,-0.013282881300637338,0.022943952927731992,0.0,0.06650503798898436,0.04176149217517011,0.0006632869420868381,0,0
116,0.280694278025911,-0.47413333333333335,-0.011985168255423298,0.02931658268191728,-3.3306690738754696e-15,0.07685909732257334,0.04693489241534787,-0.0008882461996453234,0,0
117,0.2975959164356956,-0.5012266666666667,-0.0162438625948937,0.013246263871959263,3.774758283725532e-15,0.04041299422027953,0.024695183124545217,0.00024091662833788594,0,0
118,0.294369430649154,-0.47413333333333335,-0.01541222847037254,0.01941759926541531,2.4424906541753444e-15,0.05353313747840846,0.03283502348904199,-0.0005500291899580914,0,0
119,0.30300433573500773,-0.5012266666666667,-0.01764899842872852,0.003452007390084333,2.886579864025407e-15,0.01157802102548003,0.005334347390824501,0.0001052183790758391,1,0
120,0.3019133689786225,-0.47413333333333335,-0.01736224757407169,0.006401406162232837,2.4424906541753444e-15,0.019189298171487245,0.011028392199285975,-5.6878076413665116e-5,0,0
121,0.30297290962958634,-0.4199466666666667,-0.018048304958273784,0.004988265752962295,-1.5543122344752192e-15,-0.005539715695872701,-0.009185922313000194,0.0005190698450428365,0,1
122,0.30185051676777963,-0.39285333333333333,-0.018160860633162218,0.007190455684845221,-3.552713678800501e-15,-0.010256799306103558,-0.015279244590670427,0.0020309727713157463,0,0
123,0.2974112652741312,-0.4199466666666667,-0.018590078058503712,0.01358091162749453,-2.886579864025407e-15,-0.019094834461336536,-0.031430477041218596,0.000309712831630872,0,0
124,0.2940944066422895,-0.39285333333333333,-0.018906739808956765,0.015639120254861805,4.6629367034256575e-15,-0.025826220383721656,-0.03930992276641354,0.002145414610837934,0,0
125,0.2854145277597574,-0.4199466666666667,-0.019687871800114446,0.020461558560762372,1.1102230246251565e-15,-0.030870786351412292,-0.05017655729564452,-0.00037571177683101004,0,0
126,0.2800515075090671,-0.39285333333333333,-0.020152342040819074,0.020997509934286063,-3.3306690738754696e-15,-0.03553834817036896,-0.05442761683770492,0.001650822902227636,0,0
127,0.26751806681517887,-0.4199466666666667,-0.02115324363305271,0.024068166563634863,-4.218847493575595e-15,-0.03513132301243891,-0.05803016271272843,-0.0005993707032277973,0,0
128,0.260347646371981,-0.39285333333333333,-0.021689674984581714,0.02387495268929407,-4.440892098500626e-16,-0.037896849276089176,-0.05971499202033881,0.0011243102341331815,0,0
129,0.24451728777100037,-0.4199466666666667,-0.02275386739601546,0.025493473266456457,-1.3322676295501878e-15,-0.03453369604035177,-0.05875302651633696,-0.0005890943236450813,0,0
130,0.2358573496132177,-0.39285333333333333,-0.023281628455920203,0.02525701267205016,-2.4424906541753444e-15,-0.03606385273767663,-0.0592822262100523,0.0007482621592999963,0,0
131,0.21743090311950256,-0.4199466666666667,-0.024248659992596774,0.025746949462325697,8.881784197001252e-16,-0.03154696793302913,-0.055869708510316585,-0.0005077702091627473,0,0
132,0.20766439478357013,-0.39285333333333333,-0.024687930469368603,0.02570729185311138,0.0,-0.03227534940216943,-0.055926779323653864,0.0005055023509742268,0,0
133,0.1874566524699967,-0.4199466666666667,-0.025395235613478728,0.02545285177092904,1.3322676295501878e-15,-0.027485806806005642,-0.05135862598492347,-0.0004114967963857463,0,0
134,0.17701541849235572,-0.39285333333333333,-0.025663270280817024,0.025617774280689565,-2.4424906541753444e-15,-0.02763165452313706,-0.05115796004842832,0.0003520951394888061,0,0
135,0.15592075284740697,-0.4199466666666667,-0.02593766271817903,0.024959184608890572,-5.551115123125783e-16,-0.022903592605136334,-0.04614523734968534,-0.000321964961694135,0,0
136,0.14526732118009925,-0.39285333333333333,-0.02594402048820274,0.02528687996316331,5.273559366969494e-16,-0.022560169807401623,-0.04571703945557043,0.00025782152591348473,0,0
137,0.12422118008598422,-0.4199466666666667,-0.02560185004794062,0.024474069318645285,4.163336342344337e-17,-0.01796162689141009,-0.0406072433383984,-0.0002449061801053712,0,0
138,0.11382847065917695,-0.39285333333333333,-0.025253321837654788,0.02493499172443414,-1.3877787807814457e-16,-0.017164771671486948,-0.03993515451895693,0.00020325971397940068,0,0
139,0.09376521969627272,-0.4199466666666667,-0.024124690297555654,0.02412824009966802,-2.220446049250313e-16,-0.01266840557976182,-0.034881236526729476,-0.0001777596111375776,0,0
140,0.08409467816017575,-0.39285333333333333,-0.02334458696774235,0.024708532711079312,-9.992007221626409e-16,-0.01143986282461986,-0.03395287398689162,0.00017456830332032713,0,0
141,0.06590368880322851,-0.4199466666666667,-0.021319851918052787,0.023992118042499566,-3.3306690738754696e-16,-0.007013104978351065,-0.029019422944091655,-0.0001144488305538996,0,0
142,0.057383240982378216,-0.39285333333333333,-0.020075220198176525,0.024684121856390906,-1.1102230246251565e-15,-0.005382001098779654,-0.027839764871053774,0.0001606084236256966,0,0
143,0.04186667943867567,-0.4199466666666667,-0.017152242954226425,0.02408296240881369,-3.552713678800501e-15,-0.0010189566477442212,-0.02305453959040693,-4.653392861258404e-5,0,0
144,0.034870565715823414,-0.39285333333333333,-0.01547389743015259,0.024882407892487635,1.5543122344752192e-15,0.0009763309944381339,-0.0216449660975504,0.00015096067492262333,0,0
145,0.022706923852331116,-0.4199466666666667,-0.01177605937217759,0.024380942520420223,-4.6629367034256575e-15,0.005264132784789567,-0.01701056976142179,3.5759609598541575e-5,0,0
146,0.017539395711691073,-0.39285333333333333,-0.009756566838276429,0.025297609593521564,-1.9984014443252818e-15,0.007590884586538093,-0.01540391128032037,0.00013793067270913457,0,0
147,0.009255828367759154,-0.4199466666666667,-0.00550208328067262,0.02485715357736451,6.661338147750939e-16,0.011810324095208748,-0.010880264179547794,0.00013143175742323654,0,0
148,0.0061397891644672745,-0.39285333333333333,-0.0032670922569699745,0.025939469590406494,-3.774758283725532e-15,0.014468744216187766,-0.009117186898793816,0.00012717049421204392,0,0
149,0.002094133030628812,-0.4199466666666667,0.0013047935426423762,0.025492145623615237,1.1102230246251565e-14,0.01869431500511536,-0.00456646381344461,0.00020628918152083148,0,0
150,0.0011645161000822292,-0.39285333333333333,0.0036416883185520802,0.026843938166710934,-2.6645352591003757e-15,0.021751900277514134,-0.002676910057758164,0.0001285519210175133,0,0
151,0.0028023845448265266,-0.4199466666666667,0.010303982286744397,0.026880086259845948,2.220446049250313e-15,0.028420108171401483,0.0038653439245091015,0.00021873529348932774,0,0
152,0.0015186418571810864,-0.39285333333333333,0.008141282690603092,0.027269278821625775,0.0,0.02676091061931768,0.0019528359315958976,1.948835695030071e-5,0,0
153,0.010940737662654765,-0.4199466666666667,0.01590671918215479,0.027850573073098905,-6.661338147750939e-16,0.03574507504077917,0.010290124942311518,0.00019738866006422523,0,0
154,0.007513432447563366,-0.39285333333333333,0.014186700532520247,0.028435688641477164,3.552713678800501e-15,0.034380427080314885,0.008480015208501168,-3.2149848510999723e-5,0,0
155,0.025207693934548178,-0.4199466666666667,0.01999923729057282,0.028957752364857425,1.7763568394002505e-15,0.04311029987266349,0.016614689519322212,0.00023662833484936613,0,0
156,0.01978786840614717,-0.39285333333333333,0.018812987561181077,0.029669249887047,1.3322676295501878e-15,0.04199879226904221,0.014941023171254564,-1.7175689606512e-5,0,0
157,0.04497258153844913,-0.4199466666666667,0.022311985016010075,0.03017984750437508,1.1102230246251565e-15,0.05058915995607205,0.02292962534486187,0.0002864511002282355,0,0
158,0.03780005050069916,-0.39285333333333333,0.021748736017987318,0.031002080409338273,-2.886579864025407e-15,0.04975704323106164,0.021441987890225445,-3.0873199143126306e-6,0,0
159,0.06936561310934715,-0.4199466666666667,0.022668067096630308,0.03147613548417072,-3.3306690738754696e-16,0.058149024049528035,0.02923543750917612,0.0003414050999499124,0,0
160,0.060755362842773136,-0.39285333333333333,0.022771650555331566,0.03243690398681698,-1.887379141862766e-15,0.05765613019356575,0.027975714804250096,2.8342446272838773e-6,0,0
161,0.09732289571495997,-0.4199466666666667,0.021079869580863816,0.0327995811526364,5.551115123125783e-17,0.06571960061482293,0.035498766098028434,0.00040324862099300196,0,0
162,0.08764937954544057,-0.39285333333333333,0.021822176609396435,0.03394891801567762,4.718447854656915e-16,0.06563233723298016,0.03449593723221661,-3.831437513354685e-6,0,0
163,0.12763497138883584,-0.4199466666666667,0.01777448117266449,0.03410978393097491,-1.942890293094024e-15,0.07322690211440482,0.04167403091636546,0.00047641456706500745,0,0
164,0.11731569163665762,-0.39285333333333333,0.019056021862497843,0.0355122957841599,-1.1102230246251565e-15,0.0736043144553088,0.040938648385598936,-3.0025736492897415e-5,0,0
165,0.15899680248256276,-0.4199466666666667,0.013147253724746042,0.03535994379080942,-7.771561172376096e-16,0.08056573991547979,0.04769031534667234,0.0005671558770558929,0,0
166,0.1484755268117884,-0.39285333333333333,0.014820097103788588,0.037102487754037905,-9.992007221626409e-16,0.08146579731841211,0.047213754078662906,-8.641806652964074e-5,0,0
167,0.19005958855602617,-0.4199466666666667,0.007678203210788534,0.03644805210091273,1.5543122344752192e-15,0.08747514625142887,0.05337873172391061,0.0006807802314360636,0,0
168,0.17978883335468165,-0.39285333333333333,0.009576306778246016,0.03866042057927177,1.7763568394002505e-15,0.08899116039555481,0.05314865358199505,-0.0001871255717927553,0,0
169,0.21948544249673846,-0.4199466666666667,0.0018567379730955562,0.03712567632742103,-3.9968028886505635e-15,0.093266084211956,0.05829711828559181,0.0008126364434869748,0,0
170,0.2099078931270546,-0.39285333333333333,0.0038184188082133045,0.04000430203864136,-3.3306690738754696e-15,0.09561006813896158,0.05835452310374456,-0.0003467840829991173,0,0
171,0.2460045117257057,-0.4199466666666667,-0.0038568953389867197,0.03685690133757458,2.886579864025407e-15,0.09632682525093993,0.061384211341379835,0.0009263714334147716,0,0
172,0.237533751796064,-0.39285333333333333,-0.0019809191005044557,0.04065957328776637,4.440892098500626e-15,0.09998679444699139,0.06197885938780967,-0.0005685593019793822,0,0
173,0.268471720290156,-0.4199466666666667,-0.009035927332629166,0.03460083565660943,1.3322676295501878e-15,0.09331768406581215,0.060379336693628494,0.0009210717601051757,0,0
174,0.26147349597275166,-0.39285333333333333,-0.007384399455049075,0.039545781643424815,-1.3322676295501878e-15,0.09930615021286182,0.062302616673609146,-0.0008065418069153341,0,0
175,0.28591861144426167,-0.4199466666666667,-0.013282881300637338,0.028462939673531862,1.1102230246251565e-15,0.07826680055610126,0.051268535802097004,0.0006635329428277825,0,0
176,0.280694278025911,-0.39285333333333333,-0.011985168255423298,0.03453606953388211,-4.440892098500626e-16,0.08827880229610782,0.056172996240634765,-0.0008948807307313372,0,0
177,0.2975959164356956,-0.4199466666666667,-0.0162438625948937,0.016364449366185863,-4.440892098500626e-16,0.04511294048103235,0.03012396431714759,0.00026282621457059466,0,0
178,0.294369430649154,-0.39285333333333333,-0.01541222847037254,0.022940401801778476,3.774758283725532e-15,0.05973828086461103,0.03910853267189651,-0.0006037200728128689,0,0
179,0.30300433573500773,-0.4199466666666667,-0.01764899842872852,0.004323527624454648,6.661338147750939e-16,0.009348925248389222,0.00639140981593167,0.00013620270715624435,1,0
180,0.3019133689786225,-0.39285333333333333,-0.01736224757407169,0.007670765810655622,1.1102230246251565e-15,0.01847232253139424,0.013007609177956736,-0.00010624267029486767,0,0
181,0.30297290962958634,-0.33866666666666667,-0.018048304958273784,0.00568302023257794,-2.220446049250313e-16,-0.009210952221040214,-0.010374013182861574,0.0005951337910355473,0,1
182,0.30185051676777963,-0.3115733333333333,-0.018160860633162218,0.008100610705906286,4.440892098500626e-16,-0.014022741866267997,-0.017027231891811878,0.002226236213699516,0,0
183,0.2974112652741312,-0.33866666666666667,-0.018590078058503712,0.015352983685171129,-2.220446049250313e-15,-0.024348651858797185,-0.03536159744635836,0.00037579017798256703,0,0
184,0.2940944066422895,-0.3115733333333333,-0.018906739808956765,0.01756601189683038,-6.661338147750939e-16,-0.03110800381786664,-0.04372651735945099,0.002373524405454186,0,0
185,0.2854145277597574,-0.33866666666666667,-0.019687871800114446,0.023140787061227686,4.218847493575595e-15,-0.037512650547293434,-0.056607129122801636,-0.00037454163292349046,0,0
186,0.2800515075090671,-0.3115733333333333,-0.020152342040819074,0.023651333383641004,4.440892098500626e-15,-0.04172380469304842,-0.06069902228100754,0.0018247065087343833,0,0
187,0.26751806681517887,-0.33866666666666667,-0.02115324363305271,0.027263145061655836,-3.3306690738754696e-15,-0.04214844034443029,-0.06566879212382726,-0.0006033778189204614,0,0
188,0.260347646371981,-0.3115733333333333,-0.021689674984581714,0.026927160107185655,0.0,-0.04417891000238384,-0.06676831147938,0.0012206401579619164,0,0
189,0.24451728777100037,-0.33866666666666667,-0.02275386739601546,0.02892105615986673,1.5543122344752192e-15,-0.041169677164126284,-0.06661995042644286,-0.000575962512557579,0,0
190,0.2358573496132177,-0.3115733333333333,-0.023281628455920203,0.028464632196694373,1.9984014443252818e-15,-0.04190475620352339,-0.06636986043024873,0.0007870261320521987,0,0
191,0.21743090311950256,-0.33866666666666667,-0.024248659992596774,0.02921569739143226,9.992007221626409e-16,-0.037390579702996,-0.06336270846330672,-0.00048662128019159867,0,0
192,0.20766439478357013,-0.3115733333333333,-0.024687930469368603,0.028911146609310046,-2.3314683517128287e-15,-0.037381187294790716,-0.06259292925477988,0.0005132339660600116,0,0
193,0.1874566524699967,-0.33866666666666667,-0.025395235613478728,0.028841014681747157,1.2212453270876722e-15,-0.032367936874881716,-0.058146040237957664,-0.000392648041594737,0,0
194,0.17701541849235572,-0.3115733333333333,-0.025663270280817024,0.028724996205902964,-6.661338147750939e-16,-0.03187954217226561,-0.05715499068087304,0.00034633610123390585,0,0
195,0.15592075284740697,-0.33866666666666667,-0.02593766271817903,0.028201631074334155,3.885780586188048e-16,-0.026797868046041486,-0.05207626422831546,-0.00030876638108991855,0,0
196,0.14526732118009925,-0.3115733333333333,-0.02594402048820274,0.02825400741506462,3.0531133177191805e-16,-0.025930248787763663,-0.050934849299199725,0.0002473937426606121,0,0
197,0.12422118008598422,-0.33866666666666667,-0.02560185004794062,0.027548798432183427,2.914335439641036e-16,-0.02091076757736668,-0.04564211780647964,-0.00023634622954036427,0,0
198,0.11382847065917695,-0.3115733333333333,-0.025253321837654788,0.02775322053060031,6.661338147750939e-16,-0.019688492310027148,-0.04434725661844219,0.00019213935055387155,0,0
199,0.09376521969627272,-0.33866666666666667,-0.024124690297555654,0.0270418613339381,5.551115123125783e-17,-0.014738862558082738,-0.0390401837208641,-0.00017160141357557696,0,0
200,0.08409467816017575,-0.3115733333333333,-0.02334458696774235,0.027390623963333915,7.771561172376096e-16,-0.013167960414012523,-0.03757841624235392,0.0001646165703345845,0,0
201,0.06590368880322851,-0.33866666666666667,-0.021319851918052787,0.026767039602458298,2.220446049250313e-16,-0.008272543712264522,-0.03234970057958397,-0.00010877205101679499,0,0
202,0.057383240982378216,-0.3115733333333333,-0.020075220198176525,0.02725380241425679,7.327471962526033e-15,-0.006368023203909866,-0.030718919498304853,0.00015302759266052138,0,0
203,0.04186667943867567,-0.33866666666666667,-0.017152242954226425,0.026748328014494005,5.551115123125783e-15,-0.001526790718313871,-0.025611024093423973,-4.040597521724407e-5,0,0
204,0.034870565715823414,-0.3115733333333333,-0.01547389743015259,0.02736732009800824,8.881784197001252e-16,0.0006842359851385858,-0.02382347387087358,0.00014726324259461618,0,0
205,0.022706923852331116,-0.33866666666666667,-0.01177605937217759,0.02696808577365828,-1.7763568394002505e-15,0.00546197604448789,-0.018844033897416956,4.1726934252240416e-5,0,0
206,0.017539395711691073,-0.3115733333333333,-0.009756566838276429,0.02772635110220456,2.886579864025407e-15,0.007956323469422355,-0.016922493663274585,0.00014056801525871854,0,0
207,0.009255828367759154,-0.33866666666666667,-0.00550208328067262,0.02739926418522942,-6.661338147750939e-16,0.012688229552937915,-0.01202822943806936,0.00013453799139924623,0,0
208,0.0061397891644672745,-0.3115733333333333,-0.0032670922569699745,0.028343248402168175,-5.551115123125783e-15,0.015475847686338773,-0.010002920786290392,0.0001384236526390959,0,0
209,0.002094133030628812,-0.33866666666666667,0.0013047935426423762,0.028025303796027412,5.329070518200751e-15,0.020258812437785934,-0.005040691540672437,0.00019694973763185325,0,0
210,0.0011645161000822292,-0.3115733333333333,0.0036416883185520802,0.029260570562227972,-3.1086244689504383e-15,0.023419170763292807,-0.002931965104358003,0.00013973991881478104,0,0
211,0.0028023845448265266,-0.33866666666666667,0.010303982286744397,0.029494424329581603,4.440892098500626e-16,0.030956246637000404,0.004276950777965194,0.00019301343942431173,0,0
212,0.0015186418571810864,-0.3115733333333333,0.008141282690603092,0.029689150170006062,-2.6645352591003757e-15,0.028882969665574534,0.002147018443207749,2.3952964578053543e-5,0,0
213,0.010940737662654765,-0.33866666666666667,0.01590671918215479,0.030551300109568746,2.4424906541753444e-15,0.03904769511172126,0.01139629415694099,0.0001766718646025421,0,0
214,0.007513432447563366,-0.3115733333333333,0.014186700532520247,0.030929750188908534,-8.881784197001252e-16,0.03721191623080381,0.009318889031222133,-1.86704138600835e-5,0,0
215,0.025207693934548178,-0.33866666666666667,0.01999923729057282,0.0317932437377304,-8.881784197001252e-16,0.04723989377575693,0.018443974317885692,0.00022314044525395885,0,0
216,0.01978786840614717,-0.3115733333333333,0.018812987561181077,0.03227589068746117,1.7763568394002505e-15,0.045578906615363936,0.016441637292219147,-4.566944340651802e-7,0,0
217,0.04497258153844913,-0.33866666666666667,0.022311985016010075,0.03320470243596474,2.220446049250313e-15,0.05563411089268558,0.025534705395853674,0.000278791469181288,0,0
218,0.03780005050069916,-0.3115733333333333,0.021748736017987318,0.03376829203965159,-4.440892098500626e-16,0.054155015994098984,0.023644718669957543,1.5244557057755154e-5,0,0
219,0.06936561310934715,-0.33866666666666667,0.022668067096630308,0.0347490349869124,-5.551115123125783e-16,0.0642075633209286,0.03267899337165592,0.00033715998101769423,0,0
220,0.060755362842773136,-0.3115733333333333,0.022771650555331566,0.035412986833114224,1.2212453270876722e-15,0.06295201407392305,0.03093188428632221,2.3376450506255864e-5,0,0
221,0.09732289571495997,-0.33866666666666667,0.021079869580863816,0.03637846355429197,-3.0531133177191805e-16,0.07288114833015914,0.039841804822294116,0.00040018285089705313,0,0
222,0.08764937954544057,-0.3115733333333333,0.021822176609396435,0.03718232455834064,9.43689570931383e-16,0.07189864308331488,0.03825733202273113,1.997207758105274e-5,0,0
223,0.12763497138883584,-0.33866666666666667,0.01777448117266449,0.03804375505978658,-1.4432899320127035e-15,0.08154694829751372,0.04696131728312669,0.00047233844164344674,0,0
224,0.11731569163665762,-0.3115733333333333,0.019056021862497843,0.03904059086874277,1.942890293094024e-16,0.08088423453253983,0.04554453172027531,-1.7816655020694294e-6,0,0
225,0.15899680248256276,-0.33866666666666667,0.013147253724746042,0.03967516140546912,-3.3306690738754696e-16,0.09002733860837132,0.0539280915718523,0.0005597551949180352,0,0
226,0.1484755268117884,-0.3115733333333333,0.014820097103788588,0.04094248577532844,1.6653345369377348e-15,0.08974333756487864,0.05267304207790213,-5.234192632687373e-5,0,0
227,0.19005958855602617,-0.33866666666666667,0.007678203210788534,0.04112527379589592,8.881784197001252e-16,0.09793131175371914,0.06049950608918264,0.0006680540432477261,0,0
228,0.17978883335468165,-0.3115733333333333,0.009576306778246016,0.042792016759933826,1.1102230246251565e-15,0.09814944714058604,0.05941364952231776,-0.00014616307934948308,0,0
229,0.21948544249673846,-0.33866666666666667,0.0018567379730955562,0.04206915540208911,-8.881784197001252e-16,0.10436261390684491,0.06610805005093323,0.0007947908608509635,0,0
230,0.2099078931270546,-0.3115733333333333,0.0038184188082133045,0.0443497308411549,0.0,0.10537728623236665,0.06528281272993719,-0.00030043010780181345,0,0
231,0.2460045117257057,-0.33866666666666667,-0.0038568953389867197,0.0418548698313459,0.0,0.10740913316471172,0.06949894609222151,0.0009098015234709628,0,0
232,0.237533751796064,-0.3115733333333333,-0.0019809191005044557,0.04506069764532583,5.10702591327572e-15,0.10987189325035776,0.06928122251711732,-0.000525600576585239,0,0
233,0.268471720290156,-0.33866666666666667,-0.009035927332629166,0.03927300024172253,8.881784197001252e-16,0.10331270664338527,0.0681287673636144,0.0009200639286413154,0,0
234,0.26147349597275166,-0.3115733333333333,-0.007384399455049075,0.043739084161789954,1.1102230246251565e-15,0.1085195650278889,0.06947424172671779,-0.0007873507796350154,0,0
235,0.28591861144426167,-0.33866666666666667,-0.013282881300637338,0.03220125153191167,7.105427357601002e-15,0.08553692383798205,0.05758830874167975,0.0006862595946473538,0,0
236,0.280694278025911,-0.3115733333333333,-0.011985168255423298,0.03811320940338314,-2.886579864025407e-15,0.09561677448753556,0.0624058370594156,-0.000921434513644126,0,0
237,0.2975959164356956,-0.33866666666666667,-0.0162438625948937,0.018451729895661906,-8.881784197001252e-16,0.04768436127872082,0.03365625260606797,0.00029120885736422936,0,0
238,0.294369430649154,-0.3115733333333333,-0.01541222847037254,0.02531665781239134,-3.774758283725532e-15,0.06351998000437709,0.04325599069934438,-0.0006635594911886811,0,0
239,0.30300433573500773,-0.33866666666666667,-0.01764899842872852,0.004930246119219772,-2.6645352591003757e-15,0.007438981517718985,0.007043762182229019,0.00016199514524547348,1,0
240,0.3019133689786225,-0.3115733333333333,-0.01736224757407169,0.008534908880124314,-2.220446049250313e-15,0.017698679616995717,0.014285096846774037,-0.00015589180532997633,0,0
241,0.30297290962958634,-0.25738666666666665,-0.018048304958273784,0.006162656982216408,-4.440892098500626e-16,-0.011772612241627031,-0.011183960424796524,0.000647700245026488,0,1
242,0.30185051676777963,-0.2302933333333333,-0.018160860633162218,0.008721612399143153,1.7763568394002505e-15,-0.016619974541335198,-0.018209574232343817,0.0023533842549988415,0,0
243,0.2974112652741312,-0.25738666666666665,-0.018590078058503712,0.01656144026899309,-1.9984014443252818e-15,-0.02800229210349909,-0.03802130522017877,0.00042378346801888456,0,0
244,0.2940944066422895,-0.2302933333333333,-0.018906739808956765,0.018879746768795114,0.0,-0.03475396238419825,-0.04671651232207452,0.0025216293968920375,0,0
245,0.2854145277597574,-0.25738666666666665,-0.019687871800114446,0.024983793331150084,6.661338147750939e-16,-0.04217483505459859,-0.060995835239120444,-0.0003672993027143967,0,0
246,0.2800515075090671,-0.2302933333333333,-0.020152342040819074,0.025481326214346955,-1.7763568394002505e-15,-0.04604338298460005,-0.06498829097266023,0.001936410689790155,0,0
247,0.26751806681517887,-0.25738666666666665,-0.02115324363305271,0.02949614868940653,1.7763568394002505e-15,-0.047174697945322155,-0.07096491945014094,-0.0005981770411539328,0,0
248,0.260347646371981,-0.2302933333333333,-0.021689674984581714,0.029066354662742766,3.1086244689504383e-15,-0.048652073713375855,-0.0716671891721461,0.0012804919316809216,0,0
249,0.24451728777100037,-0.25738666666666665,-0.02275386739601546,0.03136383168813972,1.9984014443252818e-15,-0.04605409040302054,-0.07218756648893332,-0.0005577995458501961,0,0
250,0.2358573496132177,-0.2302933333333333,-0.023281628455920203,0.030754310757602932,4.440892098500626e-15,-0.04616684509770282,-0.07138556641073257,0.0008078607186390308,0,0
251,0.21743090311950256,-0.25738666666666665,-0.024248659992596774,0.031739945645558265,2.55351295663786e-15,-0.04182559328906293,-0.06878912994439401,-0.0004614356897903321,0,0
252,0.20766439478357013,-0.2302933333333333,-0.024687930469368603,0.0312406687969613,-5.551115123125783e-16,-0.041208519304641776,-0.06740627755441153,0.0005127474216017058,0,0
253,0.1874566524699967,-0.25738666666666665,-0.025395235613478728,0.03135687359697181,-1.1102230246251565e-16,-0.03619004885654009,-0.06317583977122465,-0.00036818692365550576,0,0
254,0.17701541849235572,-0.2302933333333333,-0.025663270280817024,0.03102329811702431,0.0,-0.035151420434123254,-0.06157114152615417,0.0003366413746880084,0,0
255,0.15592075284740697,-0.25738666666666665,-0.02593766271817903,0.030653126370453587,2.220446049250313e-16,-0.02993830250208628,-0.056564087546750075,-0.0002884248749756013,0,0
256,0.14526732118009925,-0.2302933333333333,-0.02594402048820274,0.03048191510394327,3.3306690738754696e-16,-0.028595077751130415,-0.05484560882699502,0.0002347495507349917,0,0
257,0.12422118008598422,-0.25738666666666665,-0.02560185004794062,0.029909500899286106,-3.469446951953614e-17,-0.023357328921188237,-0.04951874112385091,-0.00022017798646280923,0,0
258,0.11382847065917695,-0.2302933333333333,-0.025253321837654788,0.029896384766955636,1.1102230246251565e-16,-0.021736616100653257,-0.047703202586819315,0.00017939379429365854,0,0
259,0.09376521969627272,-0.25738666666666665,-0.024124690297555654,0.029307850262852708,-2.275957200481571e-15,-0.016509019476254397,-0.04228588985337267,-0.00015833795234140163,0,0
260,0.08409467816017575,-0.2302933333333333,-0.02334458696774235,0.02945196516007209,-1.9984014443252818e-15,-0.014612675943855784,-0.04036799563380444,0.0001531178282442175,0,0
261,0.06590368880322851,-0.25738666666666665,-0.021319851918052787,0.028948627421342077,-4.551914400963142e-15,-0.009396888745367754,-0.03497402909762182,-9.711871126172333e-5,0,0
262,0.057383240982378216,-0.2302933333333333,-0.020075220198176525,0.029246185716550466,3.9968028886505635e-15,-0.007233696027278107,-0.032952851570774655,0.00014375677142419024,0,0
263,0.04186667943867567,-0.25738666666666665,-0.017152242954226425,0.02886306792407556,6.661338147750939e-16,-0.0020393885613421395,-0.027638109563880464,-2.984047294150513e-5,0,0
264,0.034870565715823414,-0.2302933333333333,-0.01547389743015259,0.029307967641684307,-1.5543122344752192e-15,0.00036997504983728993,-0.025523008974145167,0.00014170260377890237,0,0
265,0.022706923852331116,-0.25738666666666665,-0.01177605937217759,0.02903689655522168,-2.6645352591003757e-15,0.005530644000104285,-0.02030196187411515,5.0233074712267844e-5,0,0
266,0.017539395711691073,-0.2302933333333333,-0.009756566838276429,0.029634119535092207,6.661338147750939e-16,0.008169544690816126,-0.01811002865282041,0.0001412764805241301,0,0
267,0.009255828367759154,-0.25738666666666665,-0.00550208328067262,0.029446012993758375,2.886579864025407e-15,0.013319206185578945,-0.012940097754611246,0.00013808985592948797,0,0
268,0.0061397891644672745,-0.2302933333333333,-0.0032670922569699745,0.030239711419806303,1.3322676295501878e-15,0.01620496098788599,-0.010694015425240178,0.000147770661144693,0,0
269,0.002094133030628812,-0.25738666666666665,0.0013047935426423762,0.030077468569361,7.549516567451064e-15,0.021455886908845777,-0.005413136456974943,0.00018662119719828688,0,0
270,0.0011645161000822292,-0.2302933333333333,0.0036416883185520802,0.031173454205611684,-5.773159728050814e-15,0.02467701127950931,-0.0031259550947617676,0.0001493474975727306,0,0
271,0.0028023845448265266,-0.25738666666666665,0.010303982286744397,0.03162742982441391,4.218847493575595e-15,0.03294658230501067,0.004612517025599505,0.00016516941227265672,0,0
272,0.0015186418571810864,-0.2302933333333333,0.008141282690603092,0.03160762636451597,8.881784197001252e-16,0.030502642025894703,0.0023072224240636707,2.8806173635119448e-5,0,0
273,0.010940737662654765,-0.25738666666666665,0.01590671918215479,0.03276177168693506,-1.9984014443252818e-15,0.041653828922427326,0.01228457011466233,0.00015345948494217138,0,0
274,0.007513432447563366,-0.2302933333333333,0.014186700532520247,0.0329098818852831,3.1086244689504383e-15,0.03939032352294604,0.009985070502622317,-3.974087139008153e-6,0,0
275,0.025207693934548178,-0.25738666666666665,0.01999923729057282,0.03411564517344812,-2.6645352591003757e-15,0.05049737872215202,0.019902132670196915,0.0002061699291622185,0,0
276,0.01978786840614717,-0.2302933333333333,0.018812987561181077,0.03434493301174113,-6.661338147750939e-16,0.048337043216315,0.01762248995936644,1.7642777190268744e-5,0,0
277,0.04497258153844913,-0.25738666666666665,0.022311985016010075,0.03567617295337411,1.7763568394002505e-15,0.05959413333384498,0.027594870338709887,0.00026682692716561984,0,0
278,0.03780005050069916,-0.2302933333333333,0.021748736017987318,0.03595883164700098,-3.1086244689504383e-15,0.057532617268933155,0.02536375242954847,3.503920843658803e-5,0,0
279,0.06936561310934715,-0.25738666666666665,0.022668067096630308,0.03740586633679421,-1.5543122344752192e-15,0.06891946563671092,0.03537542926812365,0.00032806180975578775,0,0
280,0.060755362842773136,-0.2302933333333333,0.022771650555331566,0.037757013479907564,1.2212453270876722e-15,0.06699040323359592,0.03321716131171293,4.535565117402829e-5,0,0
281,0.09732289571495997,-0.25738666666666665,0.021079869580863816,0.03925046249326253,8.326672684688674e-16,0.07837510471683776,0.043200180988019116,0.00039202797591614963,0,0
282,0.08764937954544057,-0.2302933333333333,0.021822176609396435,0.039705241493008026,3.885780586188048e-16,0.07662472005152517,0.04113219481585079,4.501741591624725e-5,0,0
283,0.12763497138883584,-0.25738666666666665,0.01777448117266449,0.04114729560195418,5.551115123125783e-16,0.08781436243632604,0.05098640331991011,0.0004633580508134408,0,0
284,0.11731569163665762,-0.2302933333333333,0.019056021862497843,0.04175554327467475,-4.718447854656915e-16,0.08629378920385933,0.049016797770181114,2.7152399472520072e-5,0,0
285,0.15899680248256276,-0.25738666666666665,0.013147253724746042,0.043004191376743606,-1.1102230246251565e-16,0.09699711162731794,0.058588025199203586,0.0005482878179439571,0,0
286,0.1484755268117884,-0.2302933333333333,0.014820097103788588,0.043843536111142,-1.9984014443252818e-15,0.09578237724642145,0.05672226966952332,-1.8852900024728114e-5,0,0
287,0.19005958855602617,-0.25738666666666665,0.007678203210788534,0.0446396660466748,3.3306690738754696e-15,0.10544131446626959,0.06570561971201339,0.0006531147694014,0,0
288,0.17978883335468165,-0.2302933333333333,0.009576306778246016,0.04584592503374174,2.220446049250313e-16,0.10469298335096373,0.06397549181412321,-0.00010821960637186212,0,0
289,0.21948544249673846,-0.25738666666666665,0.0018567379730955562,0.04568036833870481,1.5543122344752192e-15,0.11212637522072086,0.07168970417056153,0.0007777467876056293,0,0
290,0.2099078931270546,-0.2302933333333333,0.0038184188082133045,0.04748699039884818,-3.3306690738754696e-15,0.11220536286805838,0.07022924567036393,-0.00026060139695861795,0,0
291,0.2460045117257057,-0.25738666666666665,-0.0038568953389867197,0.04540764294590072,1.3322676295501878e-15,0.11497373932877074,0.07517129704911207,0.0008969167124921879,0,0
292,0.237533751796064,-0.2302933333333333,-0.0019809191005044557,0.04816634635458228,3.1086244689504383e-15,0.11664037866196153,0.0743943856378062,-0.0004919165378633045,0,0
293,0.268471720290156,-0.25738666666666665,-0.009035927332629166,0.04251715782940302,1.9984014443252818e-15,0.10999006134141733,0.07344354886223114,0.0009218993083532079,0,0
294,0.26147349597275166,-0.2302933333333333,-0.007384399455049075,0.04664029668449565,0.0,0.114715060380294,0.07440872034010759,-0.0007750324093899474,0,0
295,0.28591861144426167,-0.25738666666666665,-0.013282881300637338,0.03475403188809101,-4.6629367034256575e-15,0.09029772300412894,0.06185924721450875,0.0007060757839698617,0,0
296,0.280694278025911,-0.2302933333333333,-0.011985168255423298,0.040552469303454464,-5.995204332975845e-15,0.10047508910768274,0.06663375816241235,-0.000944300839931328,0,0
297,0.2975959164356956,-0.25738666666666665,-0.0162438625948937,0.019868310108085874,2.220446049250313e-16,0.04928216647128205,0.036016573201705926,0.00031337252563187756,0,0
298,0.294369430649154,-0.2302933333333333,-0.01541222847037254,0.02692486543237016,-2.220446049250313e-16,0.06596769675518467,0.046039466882045854,-0.0007095445018707736,0,0
299,0.30300433573500773,-0.25738666666666665,-0.01764899842872852,0.005350522330053842,4.440892098500626e-16,0.006054966075849301,0.007466472616205699,0.0001808402974031063,1,0
300,0.3019133689786225,-0.2302933333333333,-0.01736224757407169,0.009123603490219123,-1.3322676295501878e-15,0.017104034077182747,0.015131227140092962,-0.00019306560234301322,0,0
301,0.30297290962958634,-0.17610666666666666,-0.018048304958273784,0.00648502561453923,-7.105427357601002e-15,-0.013500132115950766,-0.011724500745712518,0.0006835321197124333,0,1
302,0.30185051676777963,-0.14901333333333333,-0.018160860633162218,0.009133199717969553,2.220446049250313e-15,-0.018350383432514057,-0.018987881419142427,0.002435063457197059,0,0
303,0.2974112652741312,-0.17610666666666666,-0.018590078058503712,0.01736667598139574,1.3322676295501878e-15,-0.0304643399481293,-0.03978762638826483,0.00045764240883787444,0,0
304,0.2940944066422895,-0.14901333333333333,-0.018906739808956765,0.019748915888310403,0.0,-0.03717826938230333,-0.048682104120400416,0.0026167926755914644,0,0
305,0.2854145277597574,-0.17610666666666666,-0.019687871800114446,0.02621547617491582,4.6629367034256575e-15,-0.04533526811205983,-0.06392289774006099,-0.0003585910579071844,0,0
306,0.2800515075090671,-0.14901333333333333,-0.020152342040819074,0.026699078995999104,-2.220446049250313e-16,-0.048928897348643856,-0.06782090225810111,0.002006915783802646,0,0
307,0.26751806681517887,-0.17610666666666666,-0.02115324363305271,0.031000293573296922,1.3322676295501878e-15,-0.05062209274753558,-0.07452673042392499,-0.0005889275520483961,0,0
308,0.260347646371981,-0.14901333333333333,-0.021689674984581714,0.03050129664289969,3.1086244689504383e-15,-0.051670225682899154,-0.07492718978285651,0.0013156644342773305,0,0
309,0.24451728777100037,-0.17610666666666666,-0.02275386739601546,0.033027827548547384,0.0,-0.049458194729253335,-0.07597514289454921,-0.0005381898324028078,0,0
310,0.2358573496132177,-0.14901333333333333,-0.023281628455920203,0.032304145206484725,-3.3306690738754696e-15,-0.04908233164341584,-0.0747559793616257,0.0008161849042127578,0,0
311,0.21743090311950256,-0.17610666666666666,-0.024248659992596774,0.033481871587691225,1.3322676295501878e-15,-0.04497523057990053,-0.07253088702898702,-0.00043593029054933563,0,0
312,0.20766439478357013,-0.14901333333333333,-0.024687930469368603,0.03283269058214089,1.3322676295501878e-15,-0.04386886738025596,-0.07067654737895246,0.0005063963693033857,0,0
313,0.1874566524699967,-0.17610666666666666,-0.025395235613478728,0.03311616753283109,1.3322676295501878e-15,-0.03895973151666885,-0.06669373719314597,-0.00034270637691084793,0,0
314,0.17701541849235572,-0.14901333333333333,-0.025663270280817024,0.03260912393796045,8.881784197001252e-16,-0.03746489351359678,-0.06460587351040059,0.00032414692408655466,0,0
315,0.15592075284740697,-0.17610666666666666,-0.02593766271817903,0.03238886295600063,-8.881784197001252e-16,-0.03226095459832785,-0.05974583306655029,-0.00026590923002556277,0,0
316,0.14526732118009925,-0.14901333333333333,-0.02594402048820274,0.0320330677859339,5.551115123125783e-16,-0.030512529868626938,-0.057562255634358434,0.00022056483357497936,0,0
317,0.12422118008598422,-0.17610666666666666,-0.02560185004794062,0.031599423823464645,-2.0816681711721685e-17,-0.025204299037160118,-0.05230010947967547,-0.00020107299976899334,0,0
318,0.11382847065917695,-0.14901333333333333,-0.025253321837654788,0.0314005505696551,-1.6653345369377348e-16,-0.02323729172100528,-0.05005675022252851,0.00016552007736176516,0,0
319,0.09376521969627272,-0.17610666666666666,-0.024124690297555654,0.030945220526967687,-3.885780586188048e-16,-0.017875550616042353,-0.044637100047053846,-0.00014197210546141453,0,0
320,0.08409467816017575,-0.14901333333333333,-0.02334458696774235,0.030908718279020864,-2.220446049250313e-16,-0.015693957045969657,-0.04233967591015464,0.00014049326919664262,0,0
321,0.06590368880322851,-0.17610666666666666,-0.021319851918052787,0.030537399831043976,-2.7755575615628914e-15,-0.010292269498955344,-0.0368885263325599,-8.271773326337661e-5,0,0
322,0.057383240982378216,-0.14901333333333333,-0.020075220198176525,0.03066239186184294,0.0,-0.007904034119753833,-0.03454117339313956,0.0001331585039340416,0,0
323,0.04186667943867567,-0.17610666666666666,-0.017152242954226425,0.030413270158054173,2.886579864025407e-15,-0.0024801333063687197,-0.029123344344577973,-1.728631483318907e-5,0,0
324,0.034870565715823414,-0.14901333333333333,-0.01547389743015259,0.030693944276237506,-3.552713678800501e-15,9.650459984051414e-5,-0.026736175389405092,0.00013451898475564522,0,0
325,0.022706923852331116,-0.17610666666666666,-0.01177605937217759,0.03056192303614691,2.220446049250313e-15,0.005526712274186966,-0.02137179926232835,5.9656021930358516e-5,0,0
326,0.017539395711691073,-0.14901333333333333,-0.009756566838276429,0.031001549369926718,2.6645352591003757e-15,0.008278732202366757,-0.018959129420448972,0.00014001735081750621,0,0
327,0.009255828367759154,-0.17610666666666666,-0.00550208328067262,0.030962333962507138,-1.3322676295501878e-15,0.013739817575770842,-0.013607852880490823,0.0001414050715980615,0,0
328,0.0061397891644672745,-0.14901333333333333,-0.0032670922569699745,0.031602343891313334,-2.220446049250313e-15,0.01668932274591269,-0.011186975351059836,0.0001547361176628126,0,0
329,0.002094133030628812,-0.17610666666666666,0.0013047935426423762,0.03160495390389162,5.329070518200751e-15,0.02230350270867222,-0.005682424393102181,0.00017588785263500384,0,0
330,0.0011645161000822292,-0.14901333333333333,0.0036416883185520802,0.032549961761846546,-4.884981308350689e-15,0.025545011808915996,-0.003260897503399196,0.00015690434010065535,0,0
331,0.0028023845448265266,-0.17610666666666666,0.010303982286744397,0.03322378828509409,3.552713678800501e-15,0.034388438656024437,0.004865208183851166,0.00013718131293869243,0,0
332,0.0015186418571810864,-0.14901333333333333,0.008141282690603092,0.032988872512805134,-2.220446049250313e-15,0.031631964280241946,0.002427402954323199,3.359640838605793e-5,0,0
333,0.010940737662654765,-0.17610666666666666,0.01590671918215479,0.03441941966640227,-2.6645352591003757e-15,0.04355135136782378,0.012943774565654653,0.00012952682707784852,0,0
334,0.007513432447563366,-0.14901333333333333,0.014186700532520247,0.03433564327900407,-8.881784197001252e-16,0.040920194670413836,0.01046854994773505,1.0720848247752074e-5,0,0
335,0.025207693934548178,-0.17610666666666666,0.01999923729057282,0.035856801574654096,-8.881784197001252e-16,0.05286948396907663,0.02097774389926732,0.0001872365292516151,0,0
336,0.01978786840614717,-0.14901333333333333,0.018812987561181077,0.03583317244369044,0.0,0.05027736089363523,0.018472935326492967,3.554077774229475e-5,0,0
337,0.04497258153844913,-0.17610666666666666,0.022311985016010075,0.037524038715011754,2.4424906541753444e-15,0.06246799733336981,0.029105303807089644,0.00025184056930268456,0,0
338,0.03780005050069916,-0.14901333333333333,0.021748736017987318,0.03753079190877928,2.220446049250313e-16,0.05990445118902952,0.02659357097443915,5.4406973256010405e-5,0,0
339,0.06936561310934715,-0.17610666666666666,0.022668067096630308,0.03938144819412437,1.2212453270876722e-15,0.07231673086416567,0.037337536776728575,0.0003152089108766423,0,0
340,0.060755362842773136,-0.14901333333333333,0.022771650555331566,0.03943202562365733,2.220446049250313e-16,0.069813116303999,0.03484028254336535,6.652776696256663e-5,0,0
341,0.09732289571495997,-0.17610666666666666,0.021079869580863816,0.04136794889923587,-1.3877787807814457e-16,0.08229905116897993,0.04562119022555655,0.00037970023788590906,0,0
342,0.08764937954544057,-0.14901333333333333,0.021822176609396435,0.041496157305341064,-4.996003610813204e-16,0.07990442030726214,0.043157248626071676,6.869197839045466e-5,0,0
343,0.12763497138883584,-0.17610666666666666,0.01777448117266449,0.04340922065387426,1.5543122344752192e-15,0.09223724123600491,0.05385552037464214,0.0004501338635439084,0,0
344,0.11731569163665762,-0.14901333333333333,0.019056021862497843,0.04366501352119628,1.6653345369377348e-16,0.0900124750097013,0.05143957702288962,5.393373403049517e-5,0,0
345,0.15899680248256276,-0.17610666666666666,0.013147253724746042,0.04539632595463172,9.992007221626409e-16,0.10184725199229108,0.06186700325384198,0.0005329462683424102,0,0
346,0.1484755268117884,-0.14901333333333333,0.014820097103788588,0.045860209394815166,-5.551115123125783e-16,0.09988749472796682,0.059517833682368626,1.1431577059455023e-5,0,0
347,0.19005958855602617,-0.17610666666666666,0.007678203210788534,0.0471252832472937,2.220446049250313e-15,0.11058968972698742,0.06931815450224699,0.0006351798324542857,0,0
348,0.17978883335468165,-0.14901333333333333,0.009576306778246016,0.047940550849406516,1.1102230246251565e-16,0.10908716999730923,0.06708955178500575,-7.474075090213583e-5,0,0
349,0.21948544249673846,-0.17610666666666666,0.0018567379730955562,0.048193400566150624,2.220446049250313e-16,0.11737118370756025,0.07550905497145544,0.0007588201557540419,0,0
350,0.2099078931270546,-0.14901333333333333,0.0038184188082133045,0.04960867842125438,-2.220446049250313e-15,0.1167353708883261,0.07356783820690427,-0.0002261982955665126,0,0
351,0.2460045117257057,-0.17610666666666666,-0.0038568953389867197,0.04784289822892407,1.7763568394002505e-15,0.12001732269482149,0.07900330405524536,0.0008823600617727245,0,0
352,0.237533751796064,-0.14901333333333333,-0.0019809191005044557,0.05023873083022434,5.995204332975845e-15,0.12108165505690008,0.07780946476457395,-0.00046286088782637735,0,0
353,0.268471720290156,-0.17610666666666666,-0.009035927332629166,0.04471260487719819,-1.7763568394002505e-15,0.11439339005124909,0.07699624226934088,0.000919837923256811,0,0
354,0.26147349597275166,-0.14901333333333333,-0.007384399455049075,0.04855484799315679,2.886579864025407e-15,0.11874307265101187,0.07767506056328344,-0.0007625241154406992,0,0
355,0.28591861144426167,-0.17610666666666666,-0.013282881300637338,0.036465177304306984,6.661338147750939e-16,0.09340493165551353,0.0646918678166013,0.0007187145514292448,0,0
356,0.280694278025911,-0.14901333333333333,-0.011985168255423298,0.04215071587394004,4.6629367034256575e-15,0.1036091622827672,0.0694128947127306,-0.0009581584976452451,0,0
357,0.2975959164356956,-0.17610666666666666,-0.0162438625948937,0.020813539158425653,2.4424906541753444e-15,0.05029436768353174,0.03757240932307182,0.0003289359285504473,0,0
358,0.294369430649154,-0.14901333333333333,-0.01541222847037254,0.027976933628129697,-1.9984014443252818e-15,0.06752554069622203,0.047859817340305755,-0.0007411484215841396,0,0
359,0.30300433573500773,-0.17610666666666666,-0.01764899842872852,0.005634078377132923,-1.1102230246251565e-15,0.005104641293433243,0.007739705337878711,0.0001942354320062286,1,0
360,0.3019133689786225,-0.14901333333333333,-0.01736224757407169,0.009511564682283202,1.3322676295501878e-15,0.016680957717343833,0.01568062162758621,-0.00021957791637141483,0,0
361,0.30297290962958634,-0.09482666666666667,-0.018048304958273784,0.006684293199586966,-3.552713678800501e-15,-0.014592075653011558,-0.012057467043959269,0.0007067766955679202,0,1
362,0.30185051676777963,-0.06773333333333334,-0.018160860633162218,0.0093808378153728,2.4424906541753444e-15,-0.019412115734334424,-0.019452250967056495,0.0024817046566103923,0,0
363,0.2974112652741312,-0.09482666666666667,-0.018590078058503712,0.0178602319382839,3.3306690738754696e-15,-0.03201208900101979,-0.04087157338982661,0.00048084318453114894,0,0
364,0.2940944066422895,-0.06773333333333334,-0.018906739808956765,0.020269737018532963,1.7763568394002505e-15,-0.038645736927514496,-0.04984842460221972,0.002671570133806034,0,0
365,0.2854145277597574,-0.09482666666666667,-0.019687871800114446,0.026967921573854747,-1.7763568394002505e-15,-0.047322583807122995,-0.06572038350045761,-0.00034877802639946,0,0
366,0.2800515075090671,-0.06773333333333334,-0.020152342040819074,0.027429689797621393,-1.5543122344752192e-15,-0.050664971037211626,-0.06949960829214086,0.0020457078650139016,0,0
367,0.26751806681517887,-0.09482666666666667,-0.02115324363305271,0.031920008390441845,-1.5543122344752192e-15,-0.05279864084111668,-0.07671944520393525,-0.0005761618558788317,0,0
368,0.260347646371981,-0.06773333333333334,-0.021689674984581714,0.03136240616175168,8.881784197001252e-16,-0.05348586172969204,-0.07685972668307128,0.0013311571169191683,0,0
369,0.24451728777100037,-0.09482666666666667,-0.02275386739601546,0.03405029698017148,2.220446049250313e-15,-0.051621712547213136,-0.0783174947600882,-0.0005167455664551179,0,0
370,0.2358573496132177,-0.06773333333333334,-0.023281628455920203,0.033233645702416714,-4.884981308350689e-15,-0.05084221277897861,-0.07675640955211294,0.0008139041728780216,0,0
371,0.21743090311950256,-0.09482666666666667,-0.024248659992596774,0.03455976929731186,-4.440892098500626e-16,-0.04699465789995215,-0.07485920422857384,-0.00040969203450094693,0,0
372,0.20766439478357013,-0.06773333333333334,-0.024687930469368603,0.033787335839744026,1.4432899320127035e-15,-0.0454837980967136,-0.07262176631779016,0.0004946818469786507,0,0
373,0.1874566524699967,-0.09482666666666667,-0.025395235613478728,0.03421306461967555,-6.661338147750939e-16,-0.04075391169950584,-0.06889794657260406,-0.00031643260022083675,0,0
374,0.17701541849235572,-0.06773333333333334,-0.025663270280817024,0.03356073285803085,-4.440892098500626e-16,-0.03887931774551087,-0.0664163925820408,0.00030891810372250805,0,0
375,0.15592075284740697,-0.09482666666666667,-0.02593766271817903,0.033478887561020465,-7.216449660063518e-16,-0.03378261792952099,-0.061753113571878904,-0.00024209114191570125,0,0
376,0.14526732118009925,-0.06773333333333334,-0.02594402048820274,0.03296520716031981,-3.0531133177191805e-16,-0.03169468325099504,-0.05918857066927746,0.00020484612299168786,0,0
377,0.12422118008598422,-0.09482666666666667,-0.02560185004794062,0.032667514818813866,-7.840950111415168e-16,-0.02642927053687324,-0.05406553505583102,-0.00018026981508988127,0,0
378,0.11382847065917695,-0.06773333333333334,-0.025253321837654788,0.03230611534664421,-3.3306690738754696e-16,-0.024171778071509394,-0.05147056437394701,0.00015056978495529144,0,0
379,0.09376521969627272,-0.09482666666666667,-0.024124690297555654,0.031985833701179245,-1.6653345369377348e-16,-0.01879513702053903,-0.04613674615467028,-0.0001238431978412627,0,0
380,0.08409467816017575,-0.06773333333333334,-0.02334458696774235,0.03178746844939462,4.440892098500626e-16,-0.016376474062787638,-0.04352783521918113,0.00012684981857956357,0,0
381,0.06590368880322851,-0.09482666666666667,-0.021319851918052787,0.031551890393143656,-7.771561172376096e-16,-0.010907951618530322,-0.03811361236088451,-6.68421583133183e-5,0,0
382,0.057383240982378216,-0.06773333333333334,-0.020075220198176525,0.03151831385292736,2.4424906541753444e-15,-0.008337627419434059,-0.03550087736932861,0.00012137599026881135,0,0
383,0.04186667943867567,-0.09482666666666667,-0.017152242954226425,0.03140718270694509,4.440892098500626e-15,-0.0027995391985203423,-0.03007507282721633,-3.85629324679837e-6,0,0
384,0.034870565715823414,-0.06773333333333334,-0.01547389743015259,0.03153294828936182,-7.993605777301127e-15,-9.543310194052443e-5,-0.02747069593080309,0.0001258549967655953,0,0
385,0.022706923852331116,-0.09482666666666667,-0.01177605937217759,0.03154343162383233,-1.9984014443252818e-15,0.005493698321882026,-0.02205682277318055,6.911740984097414e-5,0,0
386,0.017539395711691073,-0.06773333333333334,-0.009756566838276429,0.03183009223200095,-6.661338147750939e-16,0.008320338578071637,-0.019473675840781635,0.00013686926156692564,0,0
387,0.009255828367759154,-0.09482666666666667,-0.00550208328067262,0.03194219902072226,-3.552713678800501e-15,0.013985766148990247,-0.014033869258732956,0.00014391137167000384,0,0
388,0.0061397891644672745,-0.06773333333333334,-0.0032670922569699745,0.03242787196082131,-1.3322676295501878e-15,0.01695981797242968,-0.011485029956470383,0.00015925543828860383,0,0
389,0.002094133030628812,-0.09482666666666667,0.0013047935426423762,0.0325966684323582,5.329070518200751e-15,0.022829682033470255,-0.0058520460479125624,0.00016457949738226882,0,0
390,0.0011645161000822292,-0.06773333333333334,0.0036416883185520802,0.03338325611213344,-8.881784197001252e-15,0.026048917187586427,-0.00334075604582873,0.00016225101948055473,0,0
391,0.0028023845448265266,-0.09482666666666667,0.010303982286744397,0.03426712061956261,8.881784197001252e-16,0.035302645804747027,0.005030009653264944,0.00010951413875060628,0,0
392,0.0015186418571810864,-0.06773333333333334,0.008141282690603092,0.03382443490702558,-4.440892098500626e-16,0.03229429302664518,0.0025029676120045252,3.8161729557655705e-5,0,0
393,0.010940737662654765,-0.09482666666666667,0.01590671918215479,0.03550597764874852,3.3306690738754696e-15,0.04476063412569106,0.013369348405279702,0.00010541270845053352,0,0
394,0.007513432447563366,-0.06773333333333334,0.014186700532520247,0.035197108718632686,4.218847493575595e-15,0.04182416991419582,0.010765055573948246,2.5011941677779287e-5,0,0
395,0.025207693934548178,-0.09482666666666667,0.01999923729057282,0.03699902303043201,-1.5543122344752192e-15,0.054383015363882806,0.021670108876368666,0.00016684542643664174,0,0
396,0.01978786840614717,-0.06773333333333334,0.018812987561181077,0.03673122466550072,-4.440892098500626e-16,0.05142708648496451,0.018991578862745273,5.2653199776243886e-5,0,0
397,0.04497258153844913,-0.09482666666666667,0.022311985016010075,0.03873493636569636,1.7763568394002505e-15,0.06429917570551875,0.03007481184342886,0.0002342566947896932,0,0
398,0.03780005050069916,-0.06773333333333334,0.021748736017987318,0.038478209459442025,-4.440892098500626e-16,0.061310172436652266,0.0273400640333199,7.265160901927248e-5,0,0
399,0.06936561310934715,-0.09482666666666667,0.022668067096630308,0.04067242712750385,-8.881784197001252e-16,0.07447410629764113,0.03859217377935187,0.0002989197698303053,0,0
400,0.060755362842773136,-0.06773333333333334,0.022771650555331566,0.040439779314087376,-1.9984014443252818e-15,0.07148336305283752,0.03582109520828525,8.615115221755065e-5,0,0
401,0.09732289571495997,-0.09482666666666667,0.021079869580863816,0.042745630231924875,-3.191891195797325e-16,0.08477829134695355,0.047161579236152065,0.0003633727981463761,0,0
402,0.08764937954544057,-0.06773333333333334,0.021822176609396435,0.042570578406086745,6.106226635438361e-16,0.08183917140551011,0.04437556375760793,9.030895678960316e-5,0,0
403,0.12763497138883584,-0.09482666666666667,0.01777448117266449,0.04487243859889811,-2.7755575615628914e-16,0.09501390142173295,0.055670041206279886,0.0004326119206740711,0,0
404,0.11731569163665762,-0.06773333333333334,0.019056021862497843,0.04480580476343972,-8.881784197001252e-16,0.09219713113444421,0.05289082463534797,7.81105633404569e-5,0,0
405,0.15899680248256276,-0.09482666666666667,0.013147253724746042,0.046933395080719365,-4.440892098500626e-16,0.10487022424795293,0.06392667923958295,0.000513286332101584,0,0
406,0.1484755268117884,-0.06773333333333334,0.014820097103788588,0.04705856734570457,2.1094237467877974e-15,0.10228757935915234,0.061185337975303455,3.859693881729659e-5,0,0
407,0.19005958855602617,-0.09482666666666667,0.007678203210788534,0.04871116752510163,-2.220446049250313e-15,0.11377486794140189,0.07157129240689564,0.0006131306846799411,0,0
408,0.17978883335468165,-0.06773333333333334,0.009576306778246016,0.049177410186658554,1.1102230246251565e-15,0.11164348535012002,0.06894002842969427,-4.4686886614464516e-5,0,0
409,0.21948544249673846,-0.09482666666666667,0.0018567379730955562,0.049786122573102665,1.3322676295501878e-15,0.12059369146660728,0.07787506479762962,0.0007359023190602332,0,0
410,0.2099078931270546,-0.06773333333333334,0.0038184188082133045,0.05085319245241515,3.774758283725532e-15,0.119358567478585,0.0755458703440186,-0.00019485682427129725,0,0
411,0.2460045117257057,-0.09482666666666667,-0.0038568953389867197,0.0493775259839091,2.6645352591003757e-15,0.12309778049176656,0.08136347436640645,0.000863152801252598,0,0
412,0.237533751796064,-0.06773333333333334,-0.0019809191005044557,0.05144678142334347,5.329070518200751e-15,0.12364354136293187,0.07982907962766062,-0.0004348831983550655,0,0
413,0.268471720290156,-0.09482666666666667,-0.009035927332629166,0.04608931855281151,-8.881784197001252e-16,0.11706834312619145,0.0791753392341108,0.0009112619543026057,0,0
414,0.26147349597275166,-0.06773333333333334,-0.007384399455049075,0.04966600608237126,0.0,0.12105911931260636,0.07960530278355415,-0.0007464042732390486,0,0
415,0.28591861144426167,-0.09482666666666667,-0.013282881300637338,0.037532530568288314,-2.220446049250313e-16,0.09527743722549138,0.06642511567162135,0.0007235933186821863,0,0
416,0.280694278025911,-0.06773333333333334,-0.011985168255423298,0.04307833498476987,-2.220446049250313e-16,0.10540385118140355,0.07105531290558353,-0.0009620264930631506,0,0
417,0.2975959164356956,-0.09482666666666667,-0.0162438625948937,0.021399923490105888,-1.1102230246251565e-15,0.05087930582561173,0.03852233888351009,0.00033890165096169683,0,0
418,0.294369430649154,-0.06773333333333334,-0.01541222847037254,0.028591824686255984,-2.4424906541753444e-15,0.06840079766861991,0.048936119804378286,-0.000760501200278263,0,0
419,0.30300433573500773,-0.09482666666666667,-0.01764899842872852,0.005810655564361333,2.6645352591003757e-15,0.004488704572654282,0.00790433103231214,0.00020345336490152667,1,0
420,0.3019133689786225,-0.06773333333333334,-0.01736224757407169,0.009741361708917928,2.4424906541753444e-15,0.016391401441926762,0.01600482240765877,-0.00023837150908264867,0,0
421,0.30297290962958634,-0.013546666666666667,-0.018048304958273784,0.006779189564852572,-1.7763568394002505e-15,-0.015165678847652898,-0.01221616555703342,0.0007198520292980796,0,1
422,0.30185051676777963,0.013546666666666667,-0.018160860633162218,0.009488577759559913,-3.3306690738754696e-15,-0.019914874622704838,-0.019649518307359948,0.002497939752753319,0,0
423,0.2974112652741312,-0.013546666666666667,-0.018590078058503712,0.018091245163478265,-2.220446049250313e-16,-0.03280625073018257,-0.04138561712156119,0.0004957793904363239,0,0
424,0.2940944066422895,0.013546666666666667,-0.018906739808956765,0.020492881233389326,-1.3322676295501878e-15,-0.0393007731443057,-0.05033203326893654,0.0026916274284496805,0,0
425,0.2854145277597574,-0.013546666666666667,-0.019687871800114446,0.02731262166479098,-2.4424906541753444e-15,-0.04832887682745626,-0.06656721532423981,-0.0003371118365652487,0,0
426,0.2800515075090671,0.013546666666666667,-0.020152342040819074,0.027740038522435118,4.440892098500626e-16,-0.05140795937317266,-0.07018274569312943,0.002056823565679447,0,0
427,0.26751806681517887,-0.013546666666666667,-0.02115324363305271,0.03233522273548317,2.4424906541753444e-15,-0.05389069817917429,-0.07774418432201124,-0.0005589947760513136,0,0
428,0.260347646371981,0.013546666666666667,-0.021689674984581714,0.03172095496920413,8.881784197001252e-16,-0.05424153295389557,-0.07763073512772345,0.00132866354035735,0,0
429,0.24451728777100037,-0.013546666666666667,-0.02275386739601546,0.034509856802149574,2.886579864025407e-15,-0.05269877932832491,-0.07940518595973511,-0.0004919539056130462,0,0
430,0.2358573496132177,0.013546666666666667,-0.023281628455920203,0.033609926604011964,-5.995204332975845e-15,-0.05155957114488808,-0.07753750953338501,0.0008011302543135812,0,0
431,0.21743090311950256,-0.013546666666666667,-0.024248659992596774,0.035044503221516976,-5.551115123125783e-16,-0.04799411867348099,-0.07593550300333274,-0.00038114833915381396,0,0
432,0.20766439478357013,0.013546666666666667,-0.024687930469368603,0.03416272501241935,-2.7755575615628914e-15,-0.04613105013146226,-0.07336548006110521,0.0004770830050038338,0,0
433,0.1874566524699967,-0.013546666666666667,-0.025395235613478728,0.03470710550298761,-1.2212453270876722e-15,-0.04163867055658853,-0.06991333347298623,-0.00028821601106557293,0,0
434,0.17701541849235572,0.013546666666666667,-0.025663270280817024,0.033925383961822986,2.220446049250313e-16,-0.03943870608864047,-0.06709578341043743,0.00029035713478670067,0,0
435,0.15592075284740697,-0.013546666666666667,-0.02593766271817903,0.0339704000370199,1.6653345369377348e-16,-0.03453204536667271,-0.06267492323081753,-0.00021635604006838005,0,0
436,0.14526732118009925,0.013546666666666667,-0.02594402048820274,0.033314887974958796,1.1102230246251565e-16,-0.032157969163541106,-0.05978946224222986,0.0001871208543893707,0,0
437,0.12422118008598422,-0.013546666666666667,-0.02560185004794062,0.03314943517335334,3.7470027081099033e-16,-0.027033591340413908,-0.05487372175804761,-0.0001575883548338708,0,0
438,0.11382847065917695,0.013546666666666667,-0.025253321837654788,0.03264021241711579,-4.996003610813204e-16,-0.02453679506684453,-0.05198668033506665,0.00013422519901191976,0,0
439,0.09376521969627272,-0.013546666666666667,-0.024124690297555654,0.032455515532346546,-1.6653345369377348e-16,-0.01925170978674001,-0.04682079175778692,-0.00010405875628737016,0,0
440,0.08409467816017575,0.013546666666666667,-0.02334458696774235,0.032107604006931134,-1.4432899320127035e-15,-0.016644788033670366,-0.043957843801433416,0.0001119993710226655,0,0
441,0.06590368880322851,-0.013546666666666667,-0.021319851918052787,0.0320099686377906,7.771561172376096e-16,-0.011218758463419085,-0.038669901996510214,-4.9768135502503696e-5,0,0
442,0.057383240982378216,0.013546666666666667,-0.020075220198176525,0.031827208065653645,-1.9984014443252818e-15,-0.008512980979740873,-0.03584637884135433,0.00010832024564209897,0,0
443,0.04186667943867567,-0.013546666666666667,-0.017152242954226425,0.03185639460335765,-6.661338147750939e-16,-0.002969301510876822,-0.03050463173114082,1.0082020821537002e-5,0,0
444,0.034870565715823414,0.013546666666666667,-0.01547389743015259,0.03183347184671215,6.661338147750939e-16,-0.0001825596459387112,-0.027734552664329115,0.00011570059266771335,0,0
445,0.022706923852331116,-0.013546666666666667,-0.01177605937217759,0.0319880966014674,-1.3322676295501878e-15,0.005459337408577532,-0.022363457779116303,7.820246938213676e-5,0,0
446,0.017539395711691073,0.013546666666666667,-0.009756566838276429,0.03212459375571375,-2.6645352591003757e-15,0.00831689498224957,-0.019658387620502094,0.00013188642722611332,0,0
447,0.009255828367759154,-0.013546666666666667,-0.00550208328067262,0.03238846282751662,-8.881784197001252e-16,0.01408243294904349,-0.014222408431260103,0.0001451683238879297,0,0
448,0.0061397891644672745,0.013546666666666667,-0.0032670922569699745,0.032718416932165706,-4.218847493575595e-15,0.017037148007269607,-0.011591567829239535,0.00016141025379966603,0,0
449,0.002094133030628812,-0.013546666666666667,0.0013047935426423762,0.03305257177880927,2.6645352591003757e-15,0.023057161821746445,-0.005925497638001431,0.000152205831775349,0,0
450,0.0011645161000822292,0.013546666666666667,0.0036416883185520802,0.03367350859849827,-3.552713678800501e-15,0.02620766494916394,-0.0033684451810289673,0.00016536192706789743,0,0
451,0.0028023845448265266,-0.013546666666666667,0.010303982286744397,0.034754942891939145,4.440892098500626e-15,0.03571015201511678,0.005104234456352774,8.185577401163824e-5,0,0
452,0.0015186418571810864,0.013546666666666667,0.008141282690603092,0.03411366045755804,8.881784197001252e-16,0.0325079453046874,0.0025312621872783936,4.2483787108197474e-5,0,0
453,0.010940737662654765,-0.013546666666666667,0.01590671918215479,0.0360186903468247,-4.440892098500626e-15,0.04530435575554948,0.013560289510570644,8.097274290582573e-5,0,0
454,0.007513432447563366,0.013546666666666667,0.014186700532520247,0.03549313761636119,3.1086244689504383e-15,0.04212127617475364,0.010872997065135115,3.891526983312854e-5,0,0
455,0.025207693934548178,-0.013546666666666667,0.01999923729057282,0.03754111607089983,1.3322676295501878e-15,0.0550667032134236,0.02198212991728221,0.00014489424280397095,0,0
456,0.01978786840614717,0.013546666666666667,0.018812987561181077,0.03703877575211845,6.661338147750939e-16,0.05180899555051372,0.019179415144296774,6.891887699152915e-5,0,0
457,0.04497258153844913,-0.013546666666666667,0.022311985016010075,0.03931179641765459,-2.6645352591003757e-15,0.06512863133680008,0.030513796311197883,0.00021393628448111712,0,0
458,0.03780005050069916,0.013546666666666667,0.021748736017987318,0.038803393246735984,-2.220446049250313e-16,0.06178071397263689,0.027609393449562036,8.968298364819827e-5,0,0
459,0.06936561310934715,-0.013546666666666667,0.022668067096630308,0.0412893714886996,-2.220446049250313e-15,0.07545303512761113,0.03916241387186903,0.00027895244194183627,0,0
460,0.060755362842773136,0.013546666666666667,0.022771650555331566,0.04078768156163293,8.881784197001252e-16,0.07204620001970703,0.03617472201015315,0.00010418832913444698,0,0
461,0.09732289571495997,-0.013546666666666667,0.021079869580863816,0.04340620240706303,1.1102230246251565e-16,0.08590470273254402,0.047863766835997315,0.0003426358178057684,0,0
462,0.08764937954544057,0.013546666666666667,0.021822176609396435,0.0429442009800069,2.220446049250313e-16,0.08249551098004666,0.044816249097757055,0.00010998564736837413,0,0
463,0.12763497138883584,-0.013546666666666667,0.01777448117266449,0.0455768414508389,9.43689570931383e-16,0.09627694650721394,0.056499288918259505,0.0004101291406597568,0,0
464,0.11731569163665762,0.013546666666666667,0.019056021862497843,0.0452055519960404,1.1102230246251565e-16,0.09294367730320194,0.05341956375760487,0.00010009342564393231,0,0
465,0.15899680248256276,-0.013546666666666667,0.013147253724746042,0.047677162525500916,-5.440092820663267e-15,0.10624734956691124,0.06487030337735489,0.0004882670804627759,0,0
466,0.1484755268117884,0.013546666666666667,0.014820097103788588,0.04748162233401665,7.771561172376096e-16,0.10311462309737074,0.061799662915886344,6.353213141149089e-5,0,0
467,0.19005958855602617,-0.013546666666666667,0.007678203210788534,0.04948370859408746,-4.440892098500626e-16,0.11522889566782489,0.07260640230881887,0.0005853960361391353,0,0
468,0.17978883335468165,0.013546666666666667,0.009576306778246016,0.049617042779080744,7.771561172376096e-16,0.11253290246558229,0.069632070079784,-1.6489533618435637e-5,0,0
469,0.21948544249673846,-0.013546666666666667,0.0018567379730955562,0.05056852604674367,-1.9984014443252818e-15,0.12206876014310837,0.07896572319663164,0.0007068289937448985,0,0
470,0.2099078931270546,0.013546666666666667,0.0038184188082133045,0.05129818780976669,-4.440892098500626e-16,0.12028115457914207,0.07629953368041265,-0.0001642366415816332,0,0
471,0.2460045117257057,-0.013546666666666667,-0.0038568953389867197,0.0501384023580731,1.9984014443252818e-15,0.12451161137265014,0.08245637900049396,0.0008368624249542322,0,0
472,0.237533751796064,0.013546666666666667,-0.0019809191005044557,0.05188120735198054,2.220446049250313e-15,0.1245545255972332,0.0806152033709826,-0.000405162237579082,0,0
473,0.268471720290156,-0.013546666666666667,-0.009035927332629166,0.04677668402299884,-1.7763568394002505e-15,0.11829563994627121,0.08019073557367573,0.0008944271515057833,0,0
474,0.26147349597275166,0.013546666666666667,-0.007384399455049075,0.05006923092874671,2.220446049250313e-16,0.1218898498244926,0.08037338450346065,-0.0007243642197201361,0,0
475,0.28591861144426167,-0.013546666666666667,-0.013282881300637338,0.038064512602804745,-3.774758283725532e-15,0.09612350402770095,0.06723883507369766,0.0007205856159682583,0,0
476,0.280694278025911,0.013546666666666667,-0.011985168255423298,0.04342260122416519,0.0,0.10604648519050054,0.07172204371456359,-0.0009555411274287523,0,0
477,0.2975959164356956,-0.013546666666666667,-0.0162438625948937,0.02168832338906901,2.220446049250313e-16,0.05110661338406248,0.03897038668660202,0.000344145602399093,0,0
478,0.294369430649154,0.013546666666666667,-0.01541222847037254,0.02883036638799341,-6.661338147750939e-16,0.06868978568868993,0.04938030783742997,-0.0007694006041931434,0,0
479,0.30300433573500773,-0.013546666666666667,-0.01764899842872852,0.0058967675934957775,-1.1102230246251565e-15,0.004142103807208837,0.007981038383046979,0.00020936942718689788,1,0
480,0.3019133689786225,0.013546666666666667,-0.01736224757407169,0.009835177692452124,1.9984014443252818e-15,0.01620723362776104,0.016139899081258235,-0.00025179293835363506,0,0
481,0.30297290962958634,0.06773333333333333,-0.018048304958273784,0.0067771731424575155,2.6645352591003757e-15,-0.01526978485200254,-0.012213851641098117,0.000724021020795532,0,1
482,0.30185051676777963,0.09482666666666667,-0.018160860633162218,0.009464952481441857,-3.3306690738754696e-15,-0.01989520823296095,-0.019595601935920248,0.002484599233090058,0,0
483,0.2974112652741312,0.06773333333333333,-0.018590078058503712,0.018078801562891655,-6.661338147750939e-16,-0.0329134280562274,-0.04137422635187993,0.000504021996899584,0,0
484,0.2940944066422895,0.09482666666666667,-0.018906739808956765,0.02043583218418754,-2.4424906541753444e-15,-0.039189095893180356,-0.05017103418140367,0.0026782035838979756,0,0
485,0.2854145277597574,0.06773333333333333,-0.019687871800114446,0.0272765849697294,-8.881784197001252e-16,-0.04843375808319672,-0.06653375935064698,-0.00032227966978884415,0,0
486,0.2800515075090671,0.09482666666666667,-0.020152342040819074,0.027652949479636257,-4.884981308350689e-15,-0.05120461981639301,-0.06992064157672684,0.002040802619181478,0,0
487,0.26751806681517887,0.06773333333333333,-0.02115324363305271,0.03227558667235608,4.440892098500626e-16,-0.05397535441649516,-0.07767958057051705,-0.0005356870739315067,0,0
488,0.260347646371981,0.09482666666666667,-0.021689674984581714,0.03160055282487417,-3.552713678800501e-15,-0.05397741317241483,-0.07729132559040419,0.0013076862188324545,0,0
489,0.24451728777100037,0.06773333333333333,-0.02275386739601546,0.0344355792197335,-5.995204332975845e-15,-0.05275285695901923,-0.07931251219615842,-0.0004616007406760825,0,0
490,0.2358573496132177,0.09482666666666667,-0.023281628455920203,0.03345413712924583,-2.220446049250313e-15,-0.05126382746904255,-0.07714387812301182,0.0007767307787853589,0,0
491,0.21743090311950256,0.06773333333333333,-0.024248659992596774,0.03496239031989545,2.220446049250313e-16,-0.048018577067480285,-0.07582269645073914,-0.0003480860895291732,0,0
492,0.20766439478357013,0.09482666666666667,-0.024687930469368603,0.0339760352013293,3.3306690738754696e-16,-0.04582814517302548,-0.07294250436175143,0.00045235804671572843,0,0
493,0.1874566524699967,0.06773333333333333,-0.025395235613478728,0.034620495783799,-5.551115123125783e-16,-0.04164027047711943,-0.06978853801394802,-0.0002562254578974549,0,0
494,0.17701541849235572,0.09482666666666667,-0.025663270280817024,0.03371600623645099,-1.5543122344752192e-15,-0.03914979920094383,-0.06666868747307153,0.0002674105875573596,0,0
495,0.15592075284740697,0.06773333333333333,-0.02593766271817903,0.03388100673654071,-3.3306690738754696e-16,-0.03451952012872782,-0.06254579099639346,-0.00018737507559977995,0,0
496,0.14526732118009925,0.09482666666666667,-0.02594402048820274,0.03309119370758451,-5.551115123125783e-17,-0.03190074602565892,-0.05938070512438662,0.00016660080306736547,0,0
497,0.12422118008598422,0.06773333333333333,-0.02560185004794062,0.03305840436782756,1.1102230246251565e-16,-0.027015652748771567,-0.054747186665731834,-0.00013215845727058279,0,0
498,0.11382847065917695,0.09482666666666667,-0.025253321837654788,0.032408760851041246,-8.326672684688674e-17,-0.024325104349684455,-0.05161407881578037,0.00011593357501010759,0,0
499,0.09376521969627272,0.06773333333333333,-0.024124690297555654,0.03236369595580679,-2.220446049250313e-16,-0.019236001776956342,-0.04670270009166505,-8.211069509860697e-5,0,0
500,0.08409467816017575,0.09482666666666667,-0.02334458696774235,0.03187258563072215,1.5543122344752192e-15,-0.016488611944832914,-0.04363406886648302,9.557059243726213e-5,0,0
501,0.06590368880322851,0.06773333333333333,-0.021319851918052787,0.03191797290790643,-6.661338147750939e-16,-0.011211382428803127,-0.03856478057207913,-3.1259161479786635e-5,0,0
502,0.057383240982378216,0.09482666666666667,-0.020075220198176525,0.03159067986757669,6.661338147750939e-16,-0.008418745090607931,-0.035579326962493996,9.375949223509872e-5,0,0
503,0.04186667943867567,0.06773333333333333,-0.017152242954226425,0.031764788667483,-1.5543122344752192e-15,-0.002974739523834441,-0.030415821473351423,2.4554590703492613e-5,0,0
504,0.034870565715823414,0.09482666666666667,-0.01547389743015259,0.03159573283759731,-8.881784197001252e-16,-0.00015380054616779342,-0.027528119792605166,0.00010394668640508267,0,0
505,0.022706923852331116,0.06773333333333333,-0.01177605937217759,0.031897869563472625,-1.1102230246251565e-15,0.005437997589608563,-0.022293736932763597,8.675075841387339e-5,0,0
506,0.017539395711691073,0.09482666666666667,-0.009756566838276429,0.03188423616826319,-1.5543122344752192e-15,0.008278449418990577,-0.019513343997012544,0.00012508465445031786,0,0
507,0.009255828367759154,0.06773333333333333,-0.00550208328067262,0.03230157629766106,-1.1102230246251565e-15,0.014043037261757874,-0.014174890791741168,0.00014482585864338676,0,0
508,0.0061397891644672745,0.09482666666666667,-0.0032670922569699745,0.03247238895060445,-1.1102230246251565e-15,0.016930045391268935,-0.011506953418518595,0.00016131771189392338,0,0
509,0.002094133030628812,0.06773333333333333,0.0013047935426423762,0.03297200022375257,3.1086244689504383e-15,0.0229978498172468,-0.005904190996886882,0.00013816073781359323,0,0
510,0.0011645161000822292,0.09482666666666667,0.0036416883185520802,0.03341855223228096,1.7763568394002505e-15,0.02602872011427167,-0.00334487112353532,0.00016624734382880701,0,0
511,0.0028023845448265266,0.06773333333333333,0.010303982286744397,0.03468574603502006,4.440892098500626e-16,0.0356218448759063,0.005086353271358757,5.355333323184275e-5,0,0
512,0.0015186418571810864,0.09482666666666667,0.008141282690603092,0.033854147930235,1.7763568394002505e-15,0.032279726277230573,0.002510974442266889,4.659369200576621e-5,0,0
513,0.010940737662654765,0.06773333333333333,0.01590671918215479,0.03595611291342937,-2.6645352591003757e-15,0.0451939649321218,0.01351543313737169,5.5733395236540195e-5,0,0
514,0.007513432447563366,0.09482666666666667,0.014186700532520247,0.03522112605254235,6.661338147750939e-16,0.04181784922277984,0.010790703201970064,5.261196187431039e-5,0,0
515,0.025207693934548178,0.06773333333333333,0.01999923729057282,0.03748250491911609,-8.881784197001252e-16,0.054934397739973446,0.021913955905699112,0.0001209492713985863,0,0
516,0.01978786840614717,0.09482666666666667,0.018812987561181077,0.0367533599674883,2.4424906541753444e-15,0.0514298966170925,0.019034896265361922,8.449040411381836e-5,0,0
517,0.04497258153844913,0.06773333333333333,0.022311985016010075,0.03925603043347459,1.3322676295501878e-15,0.06497519307241024,0.03042523244651152,0.000190389134328596,0,0
518,0.03780005050069916,0.09482666666666667,0.021748736017987318,0.03850451533191679,8.881784197001252e-16,0.06132468056783542,0.027400913212201727,0.00010565717330786317,0,0
519,0.06936561310934715,0.06773333333333333,0.022668067096630308,0.04123719042356877,-1.2212453270876722e-15,0.07528067744804387,0.039056201836197735,0.0002546706672677812,0,0
520,0.060755362842773136,0.09482666666666667,0.022771650555331566,0.04047525016652398,-2.220446049250313e-16,0.07151380774159752,0.03590258162266624,0.00012087535548092193,0,0
521,0.09732289571495997,0.06773333333333333,0.021079869580863816,0.043359962794483314,-2.7755575615628914e-17,0.08571769879716355,0.04774338042000337,0.0003166240373969689,0,0
522,0.08764937954544057,0.09482666666666667,0.021822176609396435,0.0426188147926535,4.440892098500626e-16,0.08189139958947411,0.044484378215225606,0.00012812967490962585,0,0
523,0.12763497138883584,0.06773333333333333,0.01777448117266449,0.04554020262301778,1.7763568394002505e-15,0.09608193984832199,0.056369572246821265,0.00038149972797289766,0,0
524,0.11731569163665762,0.09482666666666667,0.019056021862497843,0.044869387426835494,-2.7755575615628914e-17,0.09227825488895397,0.053036479211616194,0.00012057703227436739,0,0
525,0.15899680248256276,0.06773333333333333,0.013147253724746042,0.04765476458107931,5.551115123125783e-16,0.10605318140963677,0.06473756235763584,0.0004562755280486941,0,0
526,0.1484755268117884,0.09482666666666667,0.014820097103788588,0.04713886693256519,2.3314683517128287e-15,0.10240506173896008,0.06137920159806465,8.736608978331117e-5,0,0
527,0.19005958855602617,0.06773333333333333,0.007678203210788534,0.04948049285421441,-1.3322676295501878e-15,0.11504576498741019,0.0724780659442894,0.0005498431878014909,0,0
528,0.17978883335468165,0.09482666666666667,0.009576306778246016,0.0492739503093067,8.881784197001252e-16,0.1118032633852995,0.06919358351927396,1.1566548303948432e-5,0,0
529,0.21948544249673846,0.06773333333333333,0.0018567379730955562,0.050588199086546215,-4.440892098500626e-16,0.12190650800217745,0.07884982165949617,0.0006689809086473097,0,0
530,0.2099078931270546,0.09482666666666667,0.0038184188082133045,0.0509630918529409,-3.774758283725532e-15,0.11956166465857423,0.07586711192345907,-0.0001319792027502653,0,0
531,0.2460045117257057,0.06773333333333333,-0.0038568953389867197,0.050180285227605204,-1.7763568394002505e-15,0.1243767529725475,0.08236115622886975,0.0008007567908693558,0,0
532,0.237533751796064,0.09482666666666667,-0.0019809191005044557,0.05156528412374217,4.440892098500626e-16,0.12388048809507801,0.08021554522359509,-0.00037094021045890047,0,0
533,0.268471720290156,0.06773333333333333,-0.009035927332629166,0.046830368718033366,-2.220446049250313e-16,0.1181863546963751,0.08012389462632141,0.0008673318659319362,0,0
534,0.26147349597275166,0.09482666666666667,-0.007384399455049075,0.049789578440612825,-8.881784197001252e-16,0.12130177768305804,0.08003256591804142,-0.0006940195334443344,0,0
535,0.28591861144426167,0.06773333333333333,-0.013282881300637338,0.03810725227369982,4.440892098500626e-16,0.0960246511584673,0.06720322957888025,0.0007092068732762885,0,0
536,0.280694278025911,0.09482666666666667,-0.011985168255423298,0.04320739652464556,-3.3306690738754696e-15,0.10559321135782049,0.07146392814470581,-0.0009378244581808581,0,0
537,0.2975959164356956,0.06773333333333333,-0.0162438625948937,0.021704077404538724,2.886579864025407e-15,0.05100180355836183,0.03895728721584102,0.00034522847367789156,0,0
538,0.294369430649154,0.09482666666666667,-0.01541222847037254,0.0287104983077775,-4.6629367034256575e-15,0.06842186750244172,0.04922854710146529,-0.0007688225229705789,0,0
539,0.30300433573500773,0.06773333333333333,-0.01764899842872852,0.0058992444412044875,-2.6645352591003757e-15,0.004036714045946025,0.007977791721430316,0.00021257661919430512,1,0
540,0.3019133689786225,0.09482666666666667,-0.01736224757407169,0.00980013793742951,6.661338147750939e-16,0.016118268205563693,0.016097614771930058,-0.0002615987763232956,0,0
541,0.30297290962958634,0.14901333333333333,-0.018048304958273784,0.006675727192588354,-1.1102230246251565e-15,-0.014889175665266319,-0.012046443513990202,0.0007196787693653922,0,1
542,0.30185051676777963,0.17610666666666663,-0.018160860633162218,0.009304578495817895,-1.1102230246251565e-15,-0.019318661148411017,-0.019278751451772935,0.002439035632813443,0,0
543,0.2974112652741312,0.14901333333333333,-0.018590078058503712,0.017815811668398185,4.440892098500626e-16,-0.03231378285669224,-0.040823792885358756,0.0005066050977342307,0,0
544,0.2940944066422895,0.17610666666666663,-0.018906739808956765,0.020086197211775847,6.217248937900877e-15,-0.0382609025503585,-0.04933269248454031,0.002628604648053645,0,0
545,0.2854145277597574,0.14901333333333333,-0.019687871800114446,0.026847253010297223,5.995204332975845e-15,-0.047612780889741475,-0.06559636117544088,-0.0003022806024390867,0,0
546,0.2800515075090671,0.17610666666666663,-0.020152342040819074,0.027150931593770133,1.3322676295501878e-15,-0.049993736469339536,-0.06866438767095562,0.0019950500636697344,0,0
547,0.26751806681517887,0.14901333333333333,-0.02115324363305271,0.03172467825609471,6.8833827526759706e-15,-0.053024943969327346,-0.07649539468806421,-0.0005034649114656758,0,0
548,0.260347646371981,0.17610666666666663,-0.021689674984581714,0.030979957618530563,2.220446049250313e-15,-0.0526296556789138,-0.07578457094810509,0.0012656574836457657,0,0
549,0.24451728777100037,0.14901333333333333,-0.02275386739601546,0.03380956659725243,-8.881784197001252e-16,-0.0517550326639221,-0.07800673760449395,-0.0004225317380622262,0,0
550,0.2358573496132177,0.17610666666666663,-0.023281628455920203,0.03274261903003306,0.0,-0.049895618986748734,-0.07551733973427388,0.0007383163540242293,0,0
551,0.21743090311950256,0.14901333333333333,-0.024248659992596774,0.03429577849536303,3.3306690738754696e-16,-0.0470402441620889,-0.07448891996603446,-0.00030750063474434264,0,0
552,0.20766439478357013,0.17610666666666663,-0.024687930469368603,0.03320297824944907,-4.440892098500626e-16,-0.04452473003251235,-0.07129868575428455,0.0004185257021224603,0,0
553,0.1874566524699967,0.14901333333333333,-0.025395235613478728,0.03393678947585754,1.7763568394002505e-15,-0.04073401395241935,-0.06849481282348024,-0.0002179610716745578,0,0
554,0.17701541849235572,0.17610666666666663,-0.025663270280817024,0.032909373132671504,8.881784197001252e-16,-0.03797335477410713,-0.06508845550057007,0.00023859812831551752,0,0
555,0.15592075284740697,0.14901333333333333,-0.02593766271817903,0.03319593684375305,-7.771561172376096e-16,-0.033724585570719966,-0.06134130717501063,-0.0001532598050899489,0,0
556,0.14526732118009925,0.17610666666666663,-0.02594402048820274,0.03227309495113739,1.942890293094024e-16,-0.030894938136840657,-0.057924690010741714,0.00014225577360661712,0,0
557,0.12422118008598422,0.14901333333333333,-0.02560185004794062,0.03238147675016314,-9.71445146547012e-17,-0.026359555388232342,-0.05366624140674085,-0.00010265632248449702,0,0
558,0.11382847065917695,0.17610666666666663,-0.025253321837654788,0.03159342491266648,3.3306690738754696e-16,-0.023518443217932193,-0.05032408971946273,9.500765664630095e-5,0,0
559,0.09376521969627272,0.14901333333333333,-0.024124690297555654,0.03169919119938425,1.6653345369377348e-16,-0.01873636472540774,-0.045767284283186105,-5.7139212575024745e-5,0,0
560,0.08409467816017575,0.17610666666666663,-0.02334458696774235,0.031066786302744176,-1.3322676295501878e-15,-0.015897457820227626,-0.04253564300850643,7.712043269934854e-5,0,0
561,0.06590368880322851,0.14901333333333333,-0.021319851918052787,0.03126629184231711,1.4432899320127035e-15,-0.010877781775163608,-0.03778699767036231,-1.0820892906521218e-5,0,0
562,0.057383240982378216,0.17610666666666663,-0.020075220198176525,0.030795555844737477,-3.1086244689504383e-15,-0.00805009229497735,-0.034685101700919985,7.74290062928451e-5,0,0
563,0.04186667943867567,0.14901333333333333,-0.017152242954226425,0.031124077973325726,2.4424906541753444e-15,-0.0028106874246651994,-0.029800648262373386,3.976035192837166e-5,0,0
564,0.034870565715823414,0.17610666666666663,-0.01547389743015259,0.03080864377823067,-1.9984014443252818e-15,-8.193128650892881e-6,-0.026841510565611237,9.047705683724525e-5,0,0
565,0.022706923852331116,0.14901333333333333,-0.01177605937217759,0.03126552122241755,1.7763568394002505e-15,0.0054326108670032,-0.021842292780063,9.469601262538166e-5,0,0
566,0.017539395711691073,0.17610666666666663,-0.009756566838276429,0.031099618053701095,-1.1102230246251565e-15,0.008203388203518203,-0.019032179810893002,0.00011648902284833867,0,0
567,0.009255828367759154,0.14901333333333333,-0.00550208328067262,0.03167510003726326,5.10702591327572e-15,0.013868731811169335,-0.013888094467509715,0.00014255500985655908,0,0
568,0.0061397891644672745,0.17610666666666663,-0.0032670922569699745,0.031681657405758124,-1.3322676295501878e-15,0.01663504916700054,-0.011227536985582987,0.00015910872246617178,0,0
569,0.002094133030628812,0.14901333333333333,0.0013047935426423762,0.03234904781172876,2.6645352591003757e-15,0.02265133339704691,-0.005786786234701857,0.00012179387555683388,0,0
570,0.0011645161000822292,0.17610666666666663,0.0036416883185520802,0.032611076553203056,-1.7763568394002505e-15,0.025506943162098387,-0.003268726472503758,0.0001649102683754615,0,0
571,0.0028023845448265266,0.14901333333333333,0.010303982286744397,0.034053912609880665,2.6645352591003757e-15,0.035035156249448356,0.00497526878985477,2.3856021754999762e-5,0,0
572,0.0015186418571810864,0.17610666666666663,0.008141282690603092,0.03303894230545712,-4.440892098500626e-15,0.03160324242443486,0.002441795292554616,5.051363120125302e-5,0,0
573,0.010940737662654765,0.14901333333333333,0.01590671918215479,0.03531259046582402,-2.4424906541753444e-15,0.04442500515283785,0.013231635625951643,2.9111340266892854e-5,0,0
574,0.007513432447563366,0.17610666666666663,0.014186700532520247,0.034374070194960415,-4.440892098500626e-15,0.04090506584726023,0.010515317317202566,6.629221354730042e-5,0,0
575,0.025207693934548178,0.14901333333333333,0.01999923729057282,0.03681717382185812,-1.3322676295501878e-15,0.053979265898326134,0.021460055196245165,9.443249790541675e-5,0,0
576,0.01978786840614717,0.17610666666666663,0.018812987561181077,0.03586718975008729,-1.7763568394002505e-15,0.050277450273666445,0.018552060144618743,9.954080269225507e-5,0,0
577,0.04497258153844913,0.14901333333333333,0.022311985016010075,0.0385609006048544,-2.220446049250313e-16,0.06382894401224386,0.02980066373276946,0.0001629243677519973,0,0
578,0.03780005050069916,0.17610666666666663,0.021748736017987318,0.037572114725888506,2.220446049250313e-16,0.059924565108529275,0.02670453054209898,0.0001207614947886862,0,0
579,0.06936561310934715,0.14901333333333333,0.022668067096630308,0.040508058311604755,8.881784197001252e-16,0.07394320719108156,0.03826148998966816,0.0002251548994615729,0,0
580,0.060755362842773136,0.17610666666666663,0.022771650555331566,0.039490269407838174,1.3322676295501878e-15,0.06986137847292717,0.03498903771629913,0.00013648868393274782,0,0
581,0.09732289571495997,0.14901333333333333,0.021079869580863816,0.042597704842556955,5.828670879282072e-16,0.08419878377998316,0.046784101034447925,0.000284077411177093,0,0
582,0.08764937954544057,0.17610666666666663,0.021822176609396435,0.041578220076928185,-9.43689570931383e-16,0.07999235758361922,0.043357133390119484,0.00014519705494801805,0,0
583,0.12763497138883584,0.14901333333333333,0.01777448117266449,0.044751836739413464,-1.1102230246251565e-16,0.09440530026342506,0.05525979480298554,0.0003450043147840698,0,0
584,0.11731569163665762,0.17610666666666663,0.019056021862497843,0.04377591102213972,7.771561172376096e-16,0.09015459892150166,0.05171002987878642,0.00014031788063944423,0,0
585,0.15899680248256276,0.14901333333333333,0.013147253724746042,0.04685428420029192,-2.55351295663786e-15,0.10425931685645032,0.06350249085177428,0.0004150089429587056,0,0
586,0.1484755268117884,0.17610666666666663,0.014820097103788588,0.046002782517831076,-1.1102230246251565e-16,0.10009974127732386,0.059882751670698564,0.00011132442690003908,0,0
587,0.19005958855602617,0.14901333333333333,0.007678203210788534,0.04868907358197805,-8.881784197001252e-16,0.11319347371632808,0.07115601429734864,0.0005034978785505018,0,0
588,0.17978883335468165,0.17610666666666663,0.009576306778246016,0.048114237164255336,2.220446049250313e-16,0.1093832892084379,0.0675739954557284,4.137518538256668e-5,0,0
589,0.21948544249673846,0.14901333333333333,0.0018567379730955562,0.04983327406225557,-1.3322676295501878e-15,0.1200736028531989,0.07749420018683906,0.0006187792484208393,0,0
590,0.2099078931270546,0.17610666666666663,0.0038184188082133045,0.04980839209230248,4.440892098500626e-16,0.11712001749483136,0.07419071986824322,-9.539150521412076e-5,0,0
591,0.2460045117257057,0.14901333333333333,-0.0038568953389867197,0.04949304517011077,2.886579864025407e-15,0.1226616678387908,0.08104415741978421,0.0007510859395390979,0,0
592,0.237533751796064,0.17610666666666663,-0.0019809191005044557,0.05045599264551437,2.886579864025407e-15,0.12153873742761907,0.07856892912957081,-0.000328881082543378,0,0
593,0.268471720290156,0.14901333333333333,-0.009035927332629166,0.04624244983084247,1.5543122344752192e-15,0.116714264616301,0.078944169506169,0.0008269983270497161,0,0
594,0.26147349597275166,0.17610666666666663,-0.007384399455049075,0.048784443075100326,0.0,0.1192186988863231,0.07852408987923165,-0.0006521033883791216,0,0
595,0.28591861144426167,0.14901333333333333,-0.013282881300637338,0.03765437904002322,6.661338147750939e-16,0.09496354373769998,0.06629493394361519,0.0006882476025791562,0,0
596,0.280694278025911,0.17610666666666663,-0.011985168255423298,0.04239687083456389,-2.4424906541753444e-15,0.10398650740004449,0.07023168204291008,-0.0009069095685969586,0,0
597,0.2975959164356956,0.14901333333333333,-0.0162438625948937,0.02144257828296059,1.3322676295501878e-15,0.05056083195960666,0.03847066756587503,0.00034241818409491004,0,0
598,0.294369430649154,0.17610666666666663,-0.01541222847037254,0.02821053366829629,6.661338147750939e-16,0.0675721280859337,0.04844928958103889,-0.0007588687446261899,0,0
599,0.30300433573500773,0.14901333333333333,-0.01764899842872852,0.005816399632561753,2.6645352591003757e-15,0.004182125511492483,0.007892281850280902,0.00021350590224183258,1,0
600,0.3019133689786225,0.17610666666666663,-0.01736224757407169,0.009629542600050334,-1.3322676295501878e-15,0.01613603285053326,0.015868405842674793,-0.00026923808198739754,0,0
601,0.30297290962958634,0.2302933333333333,-0.018048304958273784,0.006461059310837847,-1.7763568394002505e-15,-0.013933908647926794,-0.011690515867034401,0.0007064385516864155,0,1
602,0.30185051676777963,0.25738666666666665,-0.018160860633162218,0.008985976108206062,1.7763568394002505e-15,-0.018063860866520242,-0.01865502407166475,0.0023542663946094916,0,0
603,0.2974112652741312,0.2302933333333333,-0.018590078058503712,0.017265834036014116,-4.440892098500626e-16,-0.03088859386379021,-0.03965650321418668,0.0005042686791001186,0,0
604,0.2940944066422895,0.25738666666666665,-0.018906739808956765,0.019397040050898706,4.440892098500626e-15,-0.03635063654864771,-0.04770152723264243,0.002535380363929883,0,0
605,0.2854145277597574,0.2302933333333333,-0.019687871800114446,0.02596746969400332,-1.5543122344752192e-15,-0.04572390818663703,-0.0636274253259812,-0.0002739331939933115,0,0
606,0.2800515075090671,0.25738666666666665,-0.020152342040819074,0.026170163558779436,3.1086244689504383e-15,-0.047584447391280926,-0.06624932404700212,0.001913173086549383,0,0
607,0.26751806681517887,0.2302933333333333,-0.02115324363305271,0.03061412906790273,-3.774758283725532e-15,-0.050894002409035896,-0.07404103608994617,-0.0004578866726877989,0,0
608,0.260347646371981,0.25738666666666665,-0.021689674984581714,0.029786730629090208,-2.220446049250313e-15,-0.05001153917611206,-0.07292839716501276,0.0011974159338244972,0,0
609,0.24451728777100037,0.2302933333333333,-0.02275386739601546,0.032561363129193444,3.1086244689504383e-15,-0.04957292346464184,-0.0753372333820328,-0.00037002500596279575,0,0
610,0.2358573496132177,0.25738666666666665,-0.023281628455920203,0.03140110057694945,3.3306690738754696e-15,-0.04729348149131193,-0.07248226834924587,0.0006818642692420634,0,0
611,0.21743090311950256,0.2302933333333333,-0.024248659992596774,0.032978448803178684,-2.886579864025407e-15,-0.0449503889633315,-0.07179872309168422,-0.00025512653519292605,0,0
612,0.20766439478357013,0.25738666666666665,-0.024687930469368603,0.03177326042428319,1.2212453270876722e-15,-0.042095497035756935,-0.0682803667668812,0.0003726627497127599,0,0
613,0.1874566524699967,0.2302933333333333,-0.025395235613478728,0.03259754290779204,8.881784197001252e-16,-0.038839155708538964,-0.0659198324193977,-0.00017000829614566282,0,0
614,0.17701541849235572,0.25738666666666665,-0.025663270280817024,0.03144319363084924,5.551115123125783e-16,-0.03582239056005378,-0.0622310869729884,0.00020197125998754062,0,0
615,0.15592075284740697,0.2302933333333333,-0.02593766271817903,0.031865909771371104,7.216449660063518e-16,-0.03209359159880155,-0.05897441921804736,-0.0001115158300367819,0,0
616,0.14526732118009925,0.25738666666666665,-0.02594402048820274,0.03080813590156839,-5.551115123125783e-17,-0.029087829949259274,-0.0553281036045396,0.00011288737096099705,0,0
617,0.12422118008598422,0.2302933333333333,-0.02560185004794062,0.031078423767793517,2.0816681711721685e-17,-0.025034487682083446,-0.05156723590864973,-6.739536116529693e-5,0,0
618,0.11382847065917695,0.25738666666666665,-0.025253321837654788,0.030151611103678366,-1.6653345369377348e-16,-0.02209102416636781,-0.04805058273173479,7.076560186933256e-5,0,0
619,0.09376521969627272,0.2302933333333333,-0.024124690297555654,0.03042985337490084,0.0,-0.017739167391182573,-0.04397024052972437,-2.809838787672103e-5,0,0
620,0.08409467816017575,0.25738666666666665,-0.02334458696774235,0.02965644997382344,3.3306690738754696e-15,-0.014864416793832571,-0.04061795863735418,5.630406247353337e-5,0,0
621,0.06590368880322851,0.2302933333333333,-0.021319851918052787,0.030029555503743643,-9.992007221626409e-16,-0.0102159679677556,-0.03630690954871085,1.2106989735985452e-5,0,0
622,0.057383240982378216,0.25738666666666665,-0.020075220198176525,0.02941550414509475,0.0,-0.007411915573045641,-0.033134707221838866,5.9205926577592105e-5,0,0
623,0.04186667943867567,0.2302933333333333,-0.017152242954226425,0.029914361165126024,-1.3322676295501878e-15,-0.002482270156837112,-0.028639854696197897,5.588978920081228e-5,0,0
624,0.034870565715823414,0.25738666666666665,-0.01547389743015259,0.0294518809502069,1.1102230246251565e-15,0.00024289160416136798,-0.025656314776752343,7.532408902291565e-5,0,0
625,0.022706923852331116,0.2302933333333333,-0.01177605937217759,0.030075428858853837,2.6645352591003757e-15,0.005434119315431937,-0.02099690700393242,0.00010192968222320214,0,0
626,0.017539395711691073,0.25738666666666665,-0.009756566838276429,0.029755148567932377,-1.9984014443252818e-15,0.008077292049619458,-0.018203389636910705,0.00010623993666751194,0,0
627,0.009255828367759154,0.2302933333333333,-0.00550208328067262,0.030496623254179456,1.3322676295501878e-15,0.013548358035758741,-0.013354559778862463,0.00013799194519613193,0,0
628,0.0061397891644672745,0.25738666666666665,-0.0032670922569699745,0.030334224285732292,-2.220446049250313e-15,0.016136405880512336,-0.010746420474993856,0.00015495947712669197,0,0
629,0.002094133030628812,0.2302933333333333,0.0013047935426423762,0.031173538124657174,-3.1086244689504383e-15,0.022004966522716177,-0.005569351155345625,0.00010247824304492059,0,0
630,0.0011645161000822292,0.25738666666666665,0.0036416883185520802,0.031241580955394532,6.217248937900877e-15,0.024625475826814337,-0.0031366787000894902,0.000161341908341852,0,0
631,0.0028023845448265266,0.2302933333333333,0.010303982286744397,0.032850700263005184,-8.881784197001252e-16,0.033934562282714194,0.004770525629885336,-7.856144574297508e-6,0,0
632,0.0015186418571810864,0.25738666666666665,0.008141282690603092,0.031659653127227294,3.9968028886505635e-15,0.030460395659457965,0.0023246439825643783,5.4213176668576474e-5,0,0
633,0.010940737662654765,0.2302933333333333,0.01590671918215479,0.03407924890264935,-2.4424906541753444e-15,0.04297783839202068,0.012704186471308887,6.347500844626486e-7,0,0
634,0.007513432447563366,0.25738666666666665,0.014186700532520247,0.032943999088215214,-6.661338147750939e-16,0.039361244482359906,0.01004355182521488,8.002276921154419e-5,0,0
635,0.025207693934548178,0.2302933333333333,0.01999923729057282,0.03553465302895131,1.3322676295501878e-15,0.052174597123210924,0.020609699366749057,6.48345289250285e-5,0,0
636,0.01978786840614717,0.25738666666666665,0.018812987561181077,0.034370877392363886,2.220446049250313e-16,0.04832306473010198,0.017721725248180942,0.00011410561830499724,0,0
637,0.04497258153844913,0.2302933333333333,0.022311985016010075,0.03721243015774123,6.661338147750939e-16,0.061651862164134666,0.028620559865497608,0.00013084376558668287,0,0
638,0.03780005050069916,0.25738666666666665,0.021748736017987318,0.03599300729001231,-2.886579864025407e-15,0.05753987418652123,0.025502165616898775,0.0001350501444230892,0,0
639,0.06936561310934715,0.2302933333333333,0.022668067096630308,0.039082092381396816,4.440892098500626e-16,0.07138588025775507,0.03674616244606366,0.00018935704980965057,0,0
640,0.060755362842773136,0.25738666666666665,0.022771650555331566,0.037812646674820316,2.3314683517128287e-15,0.06702979883357751,0.033402755122461714,0.00015117969646209067,0,0
641,0.09732289571495997,0.2302933333333333,0.021079869580863816,0.04109091021283062,0.0,0.08127046073612196,0.04493669932635275,0.00024342347771808687,0,0
642,0.08764937954544057,0.25738666666666665,0.021822176609396435,0.03979156232462577,5.551115123125783e-17,0.07671258638265369,0.04138439985726072,0.00016153372724349302,0,0
643,0.12763497138883584,0.2302933333333333,0.01777448117266449,0.04317198873095257,-2.220446049250313e-16,0.09114135549443196,0.05309901529432415,0.0002983486978829289,0,0
644,0.11731569163665762,0.25738666666666665,0.019056021862497843,0.041879261026410056,-2.7755575615628914e-17,0.08645202482247293,0.049365289996560646,0.00016000638564610953,0,0
645,0.15899680248256276,0.2302933333333333,0.013147253724746042,0.045223048536756294,6.661338147750939e-16,0.10072900926132435,0.06106894406516927,0.00036124248388144653,0,0
646,0.1484755268117884,0.25738666666666665,0.014820097103788588,0.04400869499350524,1.9984014443252818e-15,0.09603701450031324,0.05720538642137618,0.00013668706237883466,0,0
647,0.19005958855602617,0.2302933333333333,0.007678203210788534,0.04704406814940809,-1.7763568394002505e-15,0.10950605050277658,0.06851809049550184,0.0004420481354776018,0,0
648,0.17978883335468165,0.25738666666666665,0.009576306778246016,0.046052319939698605,3.9968028886505635e-15,0.105069480741146,0.06463605598209987,7.515181852160713e-5,0,0
649,0.21948544249673846,0.2302933333333333,0.0018567379730955562,0.04822853309081987,2.220446049250313e-15,0.11638329876434196,0.07475423782484669,0.0005508863641408984,0,0
650,0.2099078931270546,0.25738666666666665,0.0038184188082133045,0.04772865223493117,1.5543122344752192e-15,0.11271820284746345,0.07110360727241449,-5.099203659593432e-5,0,0
651,0.2460045117257057,0.2302933333333333,-0.0038568953389867197,0.04799730269489877,4.884981308350689e-15,0.11917483261800277,0.07834769498089345,0.0006820612257998349,0,0
652,0.237533751796064,0.25738666666666665,-0.0019809191005044557,0.048433583532440316,3.3306690738754696e-15,0.11727438199104218,0.07548883307828902,-0.0002742514120534917,0,0
653,0.268471720290156,0.2302933333333333,-0.009035927332629166,0.04493717840424272,-6.661338147750939e-16,0.11370687972551784,0.07649735365591281,0.0007685284344286225,0,0
654,0.26147349597275166,0.25738666666666665,-0.007384399455049075,0.0469310583677065,-8.881784197001252e-16,0.11539773189390067,0.07565901376441597,-0.000593463111237813,0,0
655,0.28591861144426167,0.2302933333333333,-0.013282881300637338,0.03664331234754825,-1.7763568394002505e-15,0.09281898666932759,0.06438760415649303,0.0006553064455967067,0,0
656,0.280694278025911,0.25738666666666665,-0.011985168255423298,0.040883627498588204,4.440892098500626e-16,0.10103664636465949,0.06785920362875486,-0.0008590130934619106,0,0
657,0.2975959164356956,0.2302933333333333,-0.0162438625948937,0.020866713342373222,-1.3322676295501878e-15,0.04975166125815814,0.03743991744428721,0.0003357139655855504,0,0
658,0.294369430649154,0.25738666666666665,-0.01541222847037254,0.027261458077593392,1.5543122344752192e-15,0.06605470492560217,0.046932011717228495,-0.0007386806994926776,0,0
659,0.30300433573500773,0.2302933333333333,-0.01764899842872852,0.005637030928274944,-2.6645352591003757e-15,0.004633755471598748,0.007711123253348662,0.00021254581016808168,1,0
660,0.3019133689786225,0.25738666666666665,-0.01736224757407169,0.00930031458272329,2.4424906541753444e-15,0.016301157546716728,0.015417945794308885,-0.0002762286150512737,0,0
661,0.30297290962958634,0.3115733333333333,-0.018048304958273784,0.006103114442591151,-3.1086244689504383e-15,-0.012205099358607533,-0.011094936786208986,0.0006830275906597148,0,1
662,0.30185051676777963,0.33866666666666667,-0.018160860633162218,0.008463979038077163,1.1102230246251565e-15,-0.015878327584354642,-0.017632646622382397,0.002216484192405943,0,0
663,0.2974112652741312,0.3115733333333333,-0.018590078058503712,0.01635036934306333,8.881784197001252e-16,-0.028378285602289707,-0.037703415071651536,0.0004976828238569334,0,0
664,0.2940944066422895,0.33866666666666667,-0.018906739808956765,0.018270947338283605,-2.4424906541753444e-15,-0.03312148975315621,-0.045039468758754087,0.0023838400992056766,0,0
665,0.2854145277597574,0.3115733333333333,-0.019687871800114446,0.024516955528926854,-5.551115123125783e-15,-0.04246298808285252,-0.060353897014626234,-0.00023191834386136756,0,0
666,0.2800515075090671,0.33866666666666667,-0.020152342040819074,0.024581060849795833,-5.329070518200751e-15,-0.04360111332411681,-0.062342715787998326,0.00178315556837369,0,0
667,0.26751806681517887,0.3115733333333333,-0.02115324363305271,0.028804133093046413,-3.9968028886505635e-15,-0.047281814715862396,-0.07000174660666292,-0.0003916383203205892,0,0
668,0.260347646371981,0.33866666666666667,-0.021689674984581714,0.02787878093506646,-4.440892098500626e-16,-0.04577239398733098,-0.06836568141547206,0.0010940215072298143,0,0
669,0.24451728777100037,0.3115733333333333,-0.02275386739601546,0.03055162499545916,5.773159728050814e-15,-0.0459465848591824,-0.0709990838285377,-0.0002967151773953097,0,0
670,0.2358573496132177,0.33866666666666667,-0.023281628455920203,0.029290319448900703,2.220446049250313e-16,-0.04317337331720291,-0.06770791040022672,0.0006010425459151009,0,0
671,0.21743090311950256,0.3115733333333333,-0.024248659992596774,0.030884561800599286,3.3306690738754696e-16,-0.04155003572523425,-0.06748889080719755,-0.0001847203549445453,0,0
672,0.20766439478357013,0.33866666666666667,-0.024687930469368603,0.02956191788868512,-8.881784197001252e-16,-0.038339174812659395,-0.06361270080225867,0.0003106743509634635,0,0
673,0.1874566524699967,0.3115733333333333,-0.025395235613478728,0.030496793970336222,1.2212453270876722e-15,-0.0358216805205649,-0.06185597549159494,-0.00010772305009677796,0,0
674,0.17701541849235572,0.33866666666666667,-0.025663270280817024,0.029213183714251856,-1.1102230246251565e-16,-0.03257462316068868,-0.057888133970624644,0.00015523450022551788,0,0
675,0.15592075284740697,0.3115733333333333,-0.02593766271817903,0.029806249606378732,3.885780586188048e-16,-0.02954978339074042,-0.05529348190351763,-5.903852325403469e-5,0,0
676,0.14526732118009925,0.33866666666666667,-0.02594402048820274,0.028614135396500595,0.0,-0.0264206782594585,-0.05144504696548374,7.746308297405802e-5,0,0
677,0.12422118008598422,0.3115733333333333,-0.02560185004794062,0.02908417526308975,1.8735013540549517e-16,-0.023007438923228603,-0.048346644014848644,-2.4504025517624317e-5,0,0
678,0.11382847065917695,0.33866666666666667,-0.025253321837654788,0.028021362467059163,-8.881784197001252e-16,-0.020028468236447362,-0.04469843011674532,4.2954527396700526e-5,0,0
679,0.09376521969627272,0.3115733333333333,-0.024124690297555654,0.028507145314564053,4.996003610813204e-16,-0.016240777838739725,-0.04124493305896482,5.9901676289081385e-6,0,0
680,0.08409467816017575,0.33866666666666667,-0.02334458696774235,0.027596577495242247,-2.220446049250313e-16,-0.013401952142203237,-0.037822691811393305,3.330701714254064e-5,0,0
681,0.06590368880322851,0.3115733333333333,-0.021319851918052787,0.02817248027595831,-3.3306690738754696e-16,-0.009239460418023194,-0.034083655974674,3.789343012372548e-5,0,0
682,0.057383240982378216,0.33866666666666667,-0.020075220198176525,0.027419111901408666,2.886579864025407e-15,-0.006530095501628378,-0.03089407491562768,3.950353976297366e-5,0,0
683,0.04186667943867567,0.3115733333333333,-0.017152242954226425,0.028110694962931726,-2.220446049250313e-16,-0.002011217837886852,-0.02690919139717618,7.291369498137537e-5,0,0
684,0.034870565715823414,0.33866666666666667,-0.01547389743015259,0.027504694069697022,1.7763568394002505e-15,0.0005691104692598971,-0.023953099615009688,5.8990417134169304e-5,0,0
685,0.022706923852331116,0.3115733333333333,-0.01177605937217759,0.028310568556167537,5.773159728050814e-15,0.005418250221104456,-0.019743280103799776,0.0001081824829317346,0,0
686,0.017539395711691073,0.33866666666666667,-0.009756566838276429,0.02783838080486367,-1.7763568394002505e-15,0.007870473670731418,-0.0170156648997144,9.48041635707754e-5,0,0
687,0.009255828367759154,0.3115733333333333,-0.00550208328067262,0.028755029581868374,-1.3322676295501878e-15,0.013058016520473201,-0.012565632147104155,0.00013076171510412182,0,0
688,0.0061397891644672745,0.33866666666666667,-0.0032670922569699745,0.028424076148673594,2.886579864025407e-15,0.015407256877140198,-0.01005660106927575,0.00014917452267399628,0,0
689,0.002094133030628812,0.3115733333333333,0.0013047935426423762,0.029438540670539304,-3.1086244689504383e-15,0.02103596163027942,-0.005246584356274564,7.983745048447191e-5,0,0
690,0.0011645161000822292,0.33866666666666667,0.0036416883185520802,0.029308906334442053,-5.329070518200751e-15,0.023360241409422243,-0.002944347260770641,0.00015557131141410996,0,0
691,0.0028023845448265266,0.3115733333333333,0.010303982286744397,0.03107233338487858,-6.661338147750939e-16,0.032296752849009784,0.004473468850930251,-4.163313084507361e-5,0,0
692,0.0015186418571810864,0.33866666666666667,0.008141282690603092,0.02971745699262751,5.773159728050814e-15,0.02882796073077555,0.002162221328557923,5.758497649976935e-5,0,0
693,0.010940737662654765,0.3115733333333333,0.01590671918215479,0.03225266744757138,2.4424906541753444e-15,0.04082483434722436,0.011929669326288916,-2.9645424321458197e-5,0,0
694,0.007513432447563366,0.33866666666666667,0.014186700532520247,0.030934092016389192,-2.220446049250313e-16,0.037161369745169884,0.009374304686458723,9.358826846291371e-5,0,0
695,0.025207693934548178,0.3115733333333333,0.01999923729057282,0.03362942234400079,-1.5543122344752192e-15,0.0494826285687287,0.01935131593898265,3.213946398512857e-5,0,0
696,0.01978786840614717,0.33866666666666667,0.018812987561181077,0.032266894925704115,2.6645352591003757e-15,0.045534053616495034,0.0165360718868397,0.0001279146818513946,0,0
697,0.04497258153844913,0.3115733333333333,0.022311985016010075,0.035199490737401806,2.6645352591003757e-15,0.05838749820767238,0.026859775693427235,9.38823881649481e-5,0,0
698,0.03780005050069916,0.33866666666666667,0.021748736017987318,0.033765168404262136,-3.552713678800501e-15,0.054121292527320085,0.02377409602055458,0.00014828946164833698,0,0
699,0.06936561310934715,0.3115733333333333,0.022668067096630308,0.036937681135816636,1.1102230246251565e-16,0.06752195101328701,0.03446377645576504,0.0001465326150693405,0,0
700,0.060755362842773136,0.33866666666666667,0.022771650555331566,0.0354303968561448,1.2212453270876722e-15,0.06294030863737138,0.03110418833676598,0.00016482827955997814,0,0
701,0.09732289571495997,0.3115733333333333,0.021079869580863816,0.03880127769524666,-4.163336342344337e-17,0.07680153286340012,0.04212347382002396,0.00019313526010685672,0,0
702,0.08764937954544057,0.33866666666666667,0.021822176609396435,0.03722934046488624,5.551115123125783e-16,0.07192703828620242,0.03849594799578829,0.0001772293884495582,0,0
703,0.12763497138883584,0.3115733333333333,0.01777448117266449,0.04073884220909568,1.6653345369377348e-16,0.08609985745617109,0.049766999736075956,0.0002388287559893093,0,0
704,0.11731569163665762,0.33866666666666667,0.019056021862497843,0.039122997916181956,4.163336342344337e-16,0.0809797563054741,0.04588810516981148,0.00018012616839029744,0,0
705,0.15899680248256276,0.3115733333333333,0.013147253724746042,0.04266993830991472,0.0,0.0952021297118239,0.05726383471056595,0.00029062974613949105,0,0
706,0.1484755268117884,0.33866666666666667,0.014820097103788588,0.04106330374461242,-6.661338147750939e-16,0.08994244386952094,0.053175470359945076,0.00016470472211536913,0,0
707,0.19005958855602617,0.3115733333333333,0.007678203210788534,0.04442278834935631,2.220446049250313e-16,0.10365237768842397,0.0643327461167702,0.0003590886870393356,0,0
708,0.17978883335468165,0.33866666666666667,0.009576306778246016,0.04295036685283948,1.5543122344752192e-15,0.09849448236003581,0.06014094056798702,0.00011556495351350282,0,0
709,0.21948544249673846,0.3115733333333333,0.0018567379730955562,0.04562353358872251,-5.551115123125783e-15,0.11044810037228092,0.07034373037148933,0.0004567755832682735,0,0
710,0.2099078931270546,0.33866666666666667,0.0038184188082133045,0.04453989865980401,2.6645352591003757e-15,0.1059041977153218,0.0662998043721923,6.122917011741613e-6,0,0
711,0.2460045117257057,0.3115733333333333,-0.0038568953389867197,0.04552616010047417,8.881784197001252e-16,0.11350658338852339,0.07394869850684938,0.0005838839678672519,0,0
712,0.237533751796064,0.33866666666666667,-0.0019809191005044557,0.04527640983933123,3.9968028886505635e-15,0.11058384505653074,0.07061771070141898,-0.00019953278936132857,0,0
713,0.268471720290156,0.3115733333333333,-0.009035927332629166,0.042749438773103776,-1.1102230246251565e-15,0.10878739084947592,0.07245899256092181,0.0006831633853026098,0,0
714,0.26147349597275166,0.33866666666666667,-0.007384399455049075,0.043992307069275816,4.440892098500626e-16,0.10934526787557515,0.0710626550033111,-0.0005091176389186158,0,0
715,0.28591861144426167,0.3115733333333333,-0.013282881300637338,0.034935115538345274,-3.9968028886505635e-15,0.0893233333590135,0.061210302367683544,0.0006057012597246725,0,0
716,0.280694278025911,0.33866666666666667,-0.011985168255423298,0.03845390062004017,2.4424906541753444e-15,0.09635077362289785,0.06400900606395199,-0.0007869259061367428,0,0
717,0.2975959164356956,0.3115733333333333,-0.0162438625948937,0.019894054913218495,3.552713678800501e-15,0.04850384034840151,0.0357119588050927,0.00032475231947459715,0,0
718,0.294369430649154,0.33866666666666667,-0.01541222847037254,0.025722860886300714,8.881784197001252e-16,0.06368936476603905,0.044448606579786,-0.0007060269827459387,0,0
719,0.30300433573500773,0.3115733333333333,-0.01764899842872852,0.005336386452160058,-3.1086244689504383e-15,0.005514852431590265,0.007405269721277863,0.00021020179860258784,1,0
720,0.3019133689786225,0.33866666666666667,-0.01736224757407169,0.008764799103138321,1.9984014443252818e-15,0.016698286789491187,0.014674776822114266,-0.00028471850204695934,0,0
721,0.30297290962958634,0.39285333333333333,-0.018048304958273784,0.005542966062012322,-1.1102230246251565e-15,-0.009318177456074713,-0.010159530551397067,0.0006468035104531481,0,1
722,0.30185051676777963,0.4199466666666667,-0.018160860633162218,0.007651014468186279,-4.440892098500626e-16,-0.012285662519765863,-0.01603272305600023,0.001999408371342961,0,0
723,0.2974112652741312,0.39285333333333333,-0.018590078058503712,0.014916878136810308,1.7763568394002505e-15,-0.02428892262635512,-0.034636001834687624,0.00048740072895929465,0,0
724,0.2940944066422895,0.4199466666666667,-0.018906739808956765,0.016521343929541743,-1.3322676295501878e-15,-0.027951422571998088,-0.04088706731124159,0.0021468317879095727,0,0
725,0.2854145277597574,0.39285333333333333,-0.019687871800114446,0.022267753631753928,-2.220446049250313e-16,-0.037270735291192215,-0.05525517536684088,-0.0001673618406535654,0,0
726,0.2800515075090671,0.4199466666666667,-0.020152342040819074,0.022144400567676525,-4.884981308350689e-15,-0.03738295353474798,-0.056320586622612634,0.0015842025700111284,0,0
727,0.26751806681517887,0.39285333333333333,-0.02115324363305271,0.026040336826472776,1.1102230246251565e-15,-0.04166612323279149,-0.06379785343268418,-0.00029273890931516555,0,0
728,0.260347646371981,0.4199466666666667,-0.021689674984581714,0.025007674380599587,2.4424906541753444e-15,-0.03934430310384469,-0.06145790437067111,0.0009412161063233476,0,0
729,0.24451728777100037,0.39285333333333333,-0.02275386739601546,0.02754076617881518,1.9984014443252818e-15,-0.040461885673783636,-0.06445886653319421,-0.00019119786151526597,0,0
730,0.2358573496132177,0.4199466666666667,-0.023281628455920203,0.026183048823184674,4.440892098500626e-16,-0.0371300583472453,-0.06064173438608944,0.0004868439795596702,0,0
731,0.21743090311950256,0.39285333333333333,-0.024248659992596774,0.027812472172363156,5.551115123125783e-16,-0.03655990626464896,-0.06112952591952703,-8.742541406612375e-5,0,0
732,0.20766439478357013,0.4199466666666667,-0.024687930469368603,0.02638110497922097,-2.3314683517128287e-15,-0.033020145315405106,-0.056875498854391804,0.00022799783470565937,0,0
733,0.1874566524699967,0.39285333333333333,-0.025395235613478728,0.027478118832736542,-1.3322676295501878e-15,-0.031527426448116756,-0.05599208656093624,-2.5272125905015375e-5,0,0
734,0.17701541849235572,0.4199466666666667,-0.025663270280817024,0.02607644862977132,9.992007221626409e-16,-0.02813169926413242,-0.051773931602684065,9.71887115444603e-5,0,0
735,0.15592075284740697,0.39285333333333333,-0.02593766271817903,0.026902999327547805,0.0,-0.026034481545773154,-0.05009367462567549,7.471813250600756e-6,0,0
736,0.14526732118009925,0.4199466666666667,-0.02594402048820274,0.02558960560777135,-2.7755575615628914e-16,-0.02288679133995695,-0.04610033447477013,3.6814111730704147e-5,0,0
737,0.12422118008598422,0.39285333333333333,-0.02560185004794062,0.026320047316154623,-6.869504964868156e-16,-0.020281422068210788,-0.04388119959816056,2.7550775802770433e-5,0,0
738,0.11382847065917695,0.4199466666666667,-0.025253321837654788,0.025135288303961195,2.7755575615628914e-16,-0.01737448873789848,-0.04017078166794624,1.3344867072107025e-5,0,0
739,0.09376521969627272,0.39285333333333333,-0.024124690297555654,0.02587988977414002,-1.4988010832439613e-15,-0.014277337464843403,-0.03752374917451873,4.55594064412701e-5,0,0
740,0.08409467816017575,0.4199466666666667,-0.02334458696774235,0.024846581065781637,-1.7763568394002505e-15,-0.011574205684693443,-0.03410250050649355,1.017245445351922e-5,0,0
741,0.06590368880322851,0.39285333333333333,-0.021319851918052787,0.025664836489885046,-1.887379141862766e-15,-0.00799727248451442,-0.031083937308886922,6.635372006411067e-5,0,0
742,0.057383240982378216,0.4199466666666667,-0.020075220198176525,0.024786688746242014,-6.661338147750939e-16,-0.005470485334825444,-0.027943919092405567,2.0292893522101674e-5,0,0
743,0.04186667943867567,0.39285333333333333,-0.017152242954226425,0.025698750412001647,-1.7763568394002505e-15,-0.00144688608172225,-0.024594301585973977,9.037614499769753e-5,0,0
744,0.034870565715823414,0.4199466666666667,-0.01547389743015259,0.02496377488350654,8.881784197001252e-16,0.0009130443188477998,-0.021726317425914576,4.317045231320982e-5,0,0
745,0.022706923852331116,0.39285333333333333,-0.01177605937217759,0.025968690287909935,1.7763568394002505e-15,0.005341973416373905,-0.018075893905379115,0.00011302455189868624,0,0
746,0.017539395711691073,0.4199466666666667,-0.009756566838276429,0.025359012760313826,-3.3306690738754696e-15,0.007538418231230103,-0.015468416670662455,8.340405710894477e-5,0,0
747,0.009255828367759154,0.39285333333333333,-0.00550208328067262,0.026457223933388896,-1.5543122344752192e-15,0.012363677994845938,-0.011518530575519659,0.00012075482391913847,0,0
748,0.0061397891644672745,0.4199466666666667,-0.0032670922569699745,0.02597156584337479,-3.3306690738754696e-15,0.014417018441770311,-0.009157668769311789,0.00014237025262567315,0,0
749,0.002094133030628812,0.39285333333333333,0.0013047935426423762,0.02715788848980827,-4.440892098500626e-16,0.01971936867718637,-0.0048152611950582624,5.4406167773617814e-5,0,0
750,0.0011645161000822292,0.4199466666666667,0.0036416883185520802,0.026842575385161993,3.552713678800501e-15,0.021693604269237055,-0.002689487658678047,0.0001478602188825888,0,0
751,0.0028023845448265266,0.39285333333333333,0.010303982286744397,0.028739537911585344,-6.661338147750939e-16,0.030105443347136003,0.004088396771130487,-7.59926438636295e-5,0,0
752,0.0015186418571810864,0.4199466666666667,0.008141282690603092,0.02724695033112745,-2.886579864025407e-15,0.026695377273663955,0.001958328033379253,6.05295994131963e-5,0,0
753,0.010940737662654765,0.39285333333333333,0.01590671918215479,0.029856596597330087,-2.220446049250313e-16,0.03795028714835792,0.010910637413182211,-6.0273952877755443e-5,0,0
754,0.007513432447563366,0.4199466666666667,0.014186700532520247,0.028386015913650864,-4.6629367034256575e-15,0.034301353265533636,0.008511390468729507,0.00010635761356323978,0,0
755,0.025207693934548178,0.39285333333333333,0.01999923729057282,0.031125617120692173,-6.661338147750939e-16,0.04587961444897383,0.017680695408600844,-2.2141515300111436e-6,0,0
756,0.01978786840614717,0.4199466666666667,0.018812987561181077,0.029601599723588112,-2.220446049250313e-16,0.0419048740385247,0.014994923547532624,0.00014030098506959132,0,0
757,0.04497258153844913,0.39285333333333333,0.022311985016010075,0.03254203091109775,-3.1086244689504383e-15,0.053990706003831414,0.024499256441095296,5.3326540469536554e-5,0,0
758,0.03780005050069916,0.4199466666666667,0.021748736017987318,0.030935640811923237,6.661338147750939e-16,0.04964932487775823,0.021509132534208053,0.00015994359759603435,0,0
759,0.06936561310934715,0.39285333333333333,0.022668067096630308,0.0340829331388941,8.881784197001252e-16,0.062264879701126985,0.031368188311090006,9.754309006891615e-5,0,0
760,0.060755362842773136,0.4199466666666667,0.022771650555331566,0.032383965334850995,-3.3306690738754696e-16,0.05753966887309759,0.028059832443840582,0.00017708239713307844,0,0
761,0.09732289571495997,0.39285333333333333,0.021079869580863816,0.035713520441767344,-1.8041124150158794e-16,0.07063630891070982,0.03825375040715068,0.0001331477203663084,0,0
762,0.08764937954544057,0.4199466666666667,0.021822176609396435,0.033912969668878634,-1.6653345369377348e-16,0.06551888818929108,0.034618932095334676,0.00019217051666549356,0,0
763,0.12763497138883584,0.39285333333333333,0.01777448117266449,0.037398592335029346,-1.7208456881689926e-15,0.07902191369917937,0.045105786925776825,0.0001646229936472718,0,0
764,0.11731569163665762,0.4199466666666667,0.019056021862497843,0.035490784471545134,-1.0824674490095276e-15,0.07351639023508375,0.04114236158508755,0.00020097335903764002,0,0
765,0.15899680248256276,0.39285333333333333,0.013147253724746042,0.03908648493787803,2.220446049250313e-16,0.0872829454953643,0.05183629729529582,0.00019839272863016177,0,0
766,0.1484755268117884,0.4199466666666667,0.014820097103788588,0.037088528097534934,-1.2212453270876722e-15,0.08144185577459373,0.047563547384975924,0.00019657509735991618,0,0
767,0.19005958855602617,0.39285333333333333,0.007678203210788534,0.04065029065206771,4.440892098500626e-16,0.09508038910287513,0.05823473134421164,0.00024550435816764193,0,0
768,0.17978883335468165,0.4199466666666667,0.009576306778246016,0.038643989785562605,-1.7763568394002505e-15,0.08908935323894669,0.0537354438514458,0.00016586398882105502,0,0
769,0.21948544249673846,0.39285333333333333,0.0018567379730955562,0.041776610157369776,-2.220446049250313e-15,0.10157285263033007,0.06377772726305553,0.0003221374486631068,0,0
770,0.2099078931270546,0.4199466666666667,0.0038184188082133045,0.03997538475348272,0.0,0.09590288288193419,0.059285011549519595,8.323828776363867e-5,0,0
771,0.2460045117257057,0.39285333333333333,-0.0038568953389867197,0.041788531986950206,6.661338147750939e-16,0.10488057365965771,0.06726767461090688,0.00043814400080688376,0,0
772,0.237533751796064,0.4199466666666667,-0.0019809191005044557,0.04062012764729794,2.220446049250313e-15,0.10053337941488673,0.06333439094690885,-9.15527344745315e-5,0,0
773,0.268471720290156,0.39285333333333333,-0.009035927332629166,0.03937470992071801,-3.3306690738754696e-15,0.10121453853419786,0.06622250759743697,0.0005530134271873599,0,0
774,0.26147349597275166,0.4199466666666667,-0.007384399455049075,0.0395445407652415,6.661338147750939e-16,0.10009363219618013,0.06404751591256796,-0.00038126350815176346,0,0
775,0.28591861144426167,0.39285333333333333,-0.013282881300637338,0.03226439321450503,-1.9984014443252818e-15,0.08393700326784141,0.05624294019214626,0.0005289466930845782,0,0
776,0.280694278025911,0.4199466666666667,-0.011985168255423298,0.03470542308112412,-2.4424906541753444e-15,0.08912886590414995,0.05803858655361438,-0.0006750734204004905,0,0
777,0.2975959164356956,0.39285333333333333,-0.0162438625948937,0.018364162270228856,-1.7763568394002505e-15,0.04666722397931446,0.032988899449714504,0.0003079824921776442,0,0
778,0.294369430649154,0.4199466666666667,-0.01541222847037254,0.02332339309336806,4.440892098500626e-16,0.060091178958069806,0.04055528131533048,-0.0006553030001609089,0,0
779,0.30300433573500773,0.39285333333333333,-0.01764899842872852,0.004865981618091819,3.774758283725532e-15,0.007061579283398405,0.006917915478327874,0.0002072984729653525,1,0
780,0.3019133689786225,0.4199466666666667,-0.01736224757407169,0.007930510510038902,1.5543122344752192e-15,0.017473760074979198,0.013497976246155341,-0.00029819677797440595,0,0
781,0.30297290962958634,0.47413333333333335,-0.018048304958273784,0.004660433911511719,-3.3306690738754696e-15,-0.0045649902418362,-0.008678882959045175,0.0005910363991882446,0,1
782,0.30185051676777963,0.5012266666666667,-0.018160860633162218,0.006371528742003418,1.1102230246251565e-15,-0.006470956493259149,-0.013484557879927195,0.001655193078114403,0,0
783,0.2974112652741312,0.47413333333333335,-0.018590078058503712,0.01265636769094014,-1.9984014443252818e-15,-0.017724887957671912,-0.029786042388054934,0.00046938332864726595,0,0
784,0.2940944066422895,0.5012266666666667,-0.018906739808956765,0.013779415713313092,6.661338147750939e-16,-0.019793553486527633,-0.0343026349078388,0.0017803588178774213,0,0
785,0.2854145277597574,0.47413333333333335,-0.019687871800114446,0.01877866257568872,1.3322676295501878e-15,-0.029196395600175597,-0.047311197069017874,-7.047060671773464e-5,0,0
786,0.2800515075090671,0.5012266666666667,-0.020152342040819074,0.018422374144539733,-6.661338147750939e-16,-0.02792700644873744,-0.04697583900310209,0.0012895336028924953,0,0
787,0.26751806681517887,0.47413333333333335,-0.02115324363305271,0.021868083984892372,-6.661338147750939e-16,-0.033262847256761104,-0.05436803561960035,-0.00014579520798582712,0,0
788,0.260347646371981,0.5012266666666667,-0.021689674984581714,0.0207637508794698,1.5543122344752192e-15,-0.030029189551491635,-0.05108450121354813,0.0007252441880714611,0,0
789,0.24451728777100037,0.47413333333333335,-0.02275386739601546,0.023144757275975314,-4.440892098500626e-16,-0.03261346265599451,-0.054834185588803264,-3.877070934898974e-5,0,0
790,0.2358573496132177,0.5012266666666667,-0.023281628455920203,0.02174482289096269,-1.2212453270876722e-15,-0.028831246387854833,-0.050437218106269666,0.0003360703898162773,0,0
791,0.21743090311950256,0.47413333333333335,-0.024248659992596774,0.023477674264514414,-1.2212453270876722e-15,-0.029746356088224103,-0.05209926098257245,4.730574356252154e-5,0,0
792,0.20766439478357013,0.5012266666666667,-0.024687930469368603,0.021981734163773026,4.440892098500626e-16,-0.026090400835897587,-0.04752546671207647,0.00013033169213880202,0,0
793,0.1874566524699967,0.47413333333333335,-0.025395235613478728,0.023348100937872096,-7.771561172376096e-16,-0.02592018219566658,-0.047947678320341525,8.334011725046053e-5,0,0
794,0.17701541849235572,0.5012266666666667,-0.025663270280817024,0.021856623728947477,-1.1102230246251565e-15,-0.022608616444117113,-0.04358428491366184,3.834448583981548e-5,0,0
795,0.15592075284740697,0.47413333333333335,-0.02593766271817903,0.023032082205510895,-5.551115123125783e-17,-0.02162342934998915,-0.04317061031241598,9.07233290243642e-5,0,0
796,0.14526732118009925,0.5012266666666667,-0.02594402048820274,0.02161268797327684,-2.7755575615628914e-17,-0.018665491275314385,-0.039142390006277394,2.394790466889174e-6,0,0
797,0.12422118008598422,0.47413333333333335,-0.02560185004794062,0.0227113774300393,-5.898059818321144e-17,-0.016978003301880144,-0.03807662405492801,8.958667648409357e-5,0,0
798,0.11382847065917695,0.5012266666666667,-0.025253321837654788,0.021413246264434388,1.3877787807814457e-16,-0.014312436699639872,-0.0344007364915736,-7.735733979441495e-6,0,0
799,0.09376521969627272,0.47413333333333335,-0.024124690297555654,0.022509721088750823,-4.440892098500626e-16,-0.011975342555301567,-0.03277391326239193,9.048405682832161e-5,0,0
800,0.08409467816017575,0.5012266666666667,-0.02334458696774235,0.02136226700282695,5.551115123125783e-16,-0.009538897055223287,-0.029434207724652883,-4.609309628582359e-6,0,0
801,0.06590368880322851,0.47413333333333335,-0.021319851918052787,0.022497027825256977,-9.992007221626409e-16,-0.006599589103987616,-0.02730620143221385,9.697178127167014e-5,0,0
802,0.057383240982378216,0.5012266666666667,-0.020075220198176525,0.021507710990016915,-5.10702591327572e-15,-0.004353961821477957,-0.024283294196473126,8.137734199088753e-6,0,0
803,0.04186667943867567,0.47413333333333335,-0.017152242954226425,0.02269285417066813,-2.220446049250313e-15,-0.0008741572785485994,-0.02170721618703708,0.00010777681659965982,0,0
804,0.034870565715823414,0.5012266666666667,-0.01547389743015259,0.02184983994980305,-8.881784197001252e-16,0.0011925755752858742,-0.01898560704308938,3.259967903299077e-5,0,0
805,0.022706923852331116,0.47413333333333335,-0.01177605937217759,0.023084039829862846,-4.440892098500626e-16,0.005148069774639104,-0.016009958365425403,0.00011644822458715606,0,0
806,0.017539395711691073,0.5012266666666667,-0.009756566838276429,0.022365457698574565,-4.440892098500626e-16,0.007035804867624339,-0.013574418372819919,7.504041873120093e-5,0,0
807,0.009255828367759154,0.47413333333333335,-0.00550208328067262,0.02365398277189623,1.5543122344752192e-15,0.011435038716448841,-0.010225396212496296,0.00010902367992643262,0,0
808,0.0061397891644672745,0.5012266666666667,-0.0032670922569699745,0.023049635079205766,-6.661338147750939e-16,0.013154238261097575,-0.008060692928073543,0.00013604656185650828,0,0
809,0.002094133030628812,0.47413333333333335,0.0013047935426423762,0.024396711121633885,2.886579864025407e-15,0.018049974137574268,-0.004281000537115887,2.902435943604592e-5,0,0
810,0.0011645161000822292,0.5012266666666667,0.0036416883185520802,0.02393915769437638,-3.552713678800501e-15,0.019645653278531575,-0.002379179966436107,0.0001394176808078816,0,0
811,0.0028023845448265266,0.47413333333333335,0.010303982286744397,0.0259367019622474,-1.3322676295501878e-15,0.02738468745190781,0.003618349566919976,-0.0001062145804512013,0,0
812,0.0015186418571810864,0.5012266666666667,0.008141282690603092,0.02435982107272494,4.440892098500626e-15,0.024102239191934414,0.0017094894574243291,6.36236330772838e-5,0,0
813,0.010940737662654765,0.47413333333333335,0.01590671918215479,0.026989908350791625,-2.886579864025407e-15,0.03439405830143097,0.009653606936811165,-8.673555634879093e-5,0,0
814,0.007513432447563366,0.5012266666666667,0.014186700532520247,0.02543782159539787,4.440892098500626e-16,0.030846852485468066,0.007452552313043981,0.0001178630334671242,0,0
815,0.025207693934548178,0.47413333333333335,0.01999923729057282,0.028137089409391303,-2.220446049250313e-16,0.04141251458402165,0.015601554874783208,-3.33289884652567e-5,0,0
816,0.01978786840614717,0.5012266666666667,0.018812987561181077,0.02654236053647807,-4.440892098500626e-16,0.03752108788654955,0.01309161219321986,0.00015113443580100014,0,0
817,0.04497258153844913,0.47413333333333335,0.022311985016010075,0.029366750111281315,-1.5543122344752192e-15,0.04850062906818464,0.021530504975417197,1.4658011208947691e-5,0,0
818,0.03780005050069916,0.5012266666666667,0.021748736017987318,0.027703257248726798,-1.3322676295501878e-15,0.044219047626956436,0.018687792420154503,0.0001704973819596639,0,0
819,0.06936561310934715,0.47413333333333335,0.022668067096630308,0.03064896396903949,8.881784197001252e-16,0.055619552623166944,0.027424612754944788,4.841439743450901e-5,0,0
820,0.060755362842773136,0.5012266666666667,0.022771650555331566,0.02889998338928479,7.771561172376096e-16,0.05091214793571321,0.02422602494065096,0.00018892864883002583,0,0
821,0.09732289571495997,0.47413333333333335,0.021079869580863816,0.03194449684904724,1.5265566588595902e-16,0.06270055616431743,0.03324450496705322,6.955560148246692e-5,0,0
822,0.08764937954544057,0.5012266666666667,0.021822176609396435,0.030081010349846504,2.7755575615628914e-17,0.05752263956068891,0.029669328773896775,0.00020766407742970824,0,0
823,0.12763497138883584,0.47413333333333335,0.01777448117266449,0.033222447003178446,-2.220446049250313e-16,0.0696844221621522,0.03894894678512656,8.063138373916312e-5,0,0
824,0.11731569163665762,0.5012266666666667,0.019056021862497843,0.031199306296238155,-4.996003610813204e-16,0.06397722162815583,0.03497649054069221,0.00022426735530206576,0,0
825,0.15899680248256276,0.47413333333333335,0.013147253724746042,0.0344556489927772,3.3306690738754696e-16,0.07650543856696569,0.0444835045672749,8.553479963249039e-5,0,0
826,0.1484755268117884,0.5012266666666667,0.014820097103788588,0.03222426529033107,2.220446049250313e-15,0.07022036400407411,0.040102528866355236,0.00023518000477464052,0,0
827,0.19005958855602617,0.47413333333333335,0.007678203210788534,0.035576401682156034,-4.440892098500626e-16,0.08298333724413069,0.04971836936348806,9.368880963233489e-5,0,0
828,0.17978883335468165,0.5012266666666667,0.009576306778246016,0.03312284434037871,-2.220446049250313e-16,0.07616024893842052,0.04496284402141737,0.0002321363939641885,0,0
829,0.21948544249673846,0.47413333333333335,0.0018567379730955562,0.03637595611887812,3.1086244689504383e-15,0.08856108202119019,0.054292384864758736,0.0001250075684322005,0,0
830,0.2099078931270546,0.5012266666666667,0.0038184188082133045,0.03379800620076834,-3.552713678800501e-15,0.08149992349518813,0.04932815780414934,0.00019407111081221756,0,0
831,0.2460045117257057,0.47413333333333335,-0.0038568953389867197,0.036322587800184714,-2.6645352591003757e-15,0.09178512350048096,0.057286495276836824,0.00020636839137861546,0,0
832,0.237533751796064,0.5012266666666667,-0.0019809191005044557,0.033957040579415176,1.9984014443252818e-15,0.08535959923093595,0.05259009727580399,7.785800459506054e-5,0,0
833,0.268471720290156,0.47413333333333335,-0.009035927332629166,0.034267146446463226,-5.10702591327572e-15,0.08941146066016499,0.0566320143937904,0.0003320712724845659,0,0
834,0.26147349597275166,0.5012266666666667,-0.007384399455049075,0.03285154658354794,0.0,0.0855443314555902,0.0533200096896409,-0.00016457968446949994,0,0
835,0.28591861144426167,0.47413333333333335,-0.013282881300637338,0.02811900545296364,-1.7763568394002505e-15,0.07542931730396155,0.04844256246844725,0.00039175017910608734,0,0
836,0.280694278025911,0.5012266666666667,-0.011985168255423298,0.028849314981304053,-3.1086244689504383e-15,0.07744546281349214,0.04864490788686515,-0.0004758068279517788,0,0
837,0.2975959164356956,0.47413333333333335,-0.0162438625948937,0.01595442346332354,-1.5543122344752192e-15,0.04381766687290932,0.028657472494722835,0.00027540796417381205,0,0
838,0.294369430649154,0.5012266666666667,-0.01541222847037254,0.01950149782483268,1.1102230246251565e-15,0.054183657479864686,0.03431136895053277,-0.0005620885509552698,0,0
839,0.30300433573500773,0.47413333333333335,-0.01764899842872852,0.00412799947758602,2.4424906541753444e-15,0.009674354272660482,0.006129300660200343,0.00020401185341000286,1,0
840,0.3019133689786225,0.5012266666666667,-0.01736224757407169,0.006608236635022635,-2.886579864025407e-15,0.018733724715283978,0.011577953538568941,-0.000316952410992305,0,0
841,0.30297290962958634,0.5554133333333333,-0.018048304958273784,0.0031922377029940385,2.220446049250313e-16,0.0027815664795337535,-0.006174632298280303,0.0004644846386033432,0,1
842,0.30185051676777963,0.5825066666666667,-0.018160860633162218,0.004259343356965872,-2.220446049250313e-15,0.0009813137937960108,-0.009080066520839924,0.0012921899204068488,0,0
843,0.2974112652741312,0.5554133333333333,-0.018590078058503712,0.008876796024428701,-2.7755575615628914e-15,-0.007660342270393708,-0.021583418500219276,0.0003466119911859841,0,0
844,0.2940944066422895,0.5825066666666667,-0.018906739808956765,0.009279798680233209,1.9984014443252818e-15,-0.008783257882886985,-0.023025459007813054,0.001478683145154789,0,0
845,0.2854145277597574,0.5554133333333333,-0.019687871800114446,0.013162940220917019,2.6645352591003757e-15,-0.017328821645758496,-0.03433380477577197,-8.043051633044307e-6,0,0
846,0.2800515075090671,0.5825066666666667,-0.020152342040819074,0.012599367240333836,0.0,-0.01542350113174178,-0.03178994297168003,0.0011458921403588868,0,0
847,0.26751806681517887,0.5554133333333333,-0.02115324363305271,0.015513658279088682,-4.440892098500626e-16,-0.021661485792587358,-0.03977623110733597,4.210809855669656e-5,0,0
848,0.260347646371981,0.5825066666666667,-0.021689674984581714,0.014339765105891522,2.220446049250313e-16,-0.018362262399382295,-0.03528193798132584,0.0006691768875773801,0,0
849,0.24451728777100037,0.5554133333333333,-0.02275386739601546,0.01679908142459452,-6.661338147750939e-16,-0.022485467109203232,-0.04082895243834184,0.0001851752716713062,0,0
850,0.2358573496132177,0.5825066666666667,-0.023281628455920203,0.015117308240737426,-2.220446049250313e-16,-0.01905568048316492,-0.035752980884832475,0.00033166545010363674,0,0
851,0.21743090311950256,0.5554133333333333,-0.024248659992596774,0.01746196997997551,1.1102230246251565e-15,-0.021483533934646543,-0.0396644290568956,0.0002461490722621626,0,0
852,0.20766439478357013,0.5825066666666667,-0.024687930469368603,0.015436748044843407,8.881784197001252e-16,-0.018355795790906893,-0.03459175946349469,0.00015870254651800808,0,0
853,0.1874566524699967,0.5554133333333333,-0.025395235613478728,0.017752543066499316,-3.3306690738754696e-16,-0.01946186881366002,-0.037315879032763566,0.00023841414510107628,0,0
854,0.17701541849235572,0.5825066666666667,-0.025663270280817024,0.015588056925850857,-4.440892098500626e-16,-0.01669627385910384,-0.03249518984696487,8.321008231886723e-5,0,0
855,0.15592075284740697,0.5554133333333333,-0.02593766271817903,0.017863751709439657,-2.7755575615628914e-16,-0.016744999515988818,-0.034258204569097006,0.00020611536761241944,0,0
856,0.14526732118009925,0.5825066666666667,-0.02594402048820274,0.0157319210245023,5.551115123125783e-17,-0.014287149735734733,-0.029793594223731207,5.224618572416753e-5,0,0
857,0.12422118008598422,0.5554133333333333,-0.02560185004794062,0.017953272139939434,3.0531133177191805e-16,-0.013443266190076996,-0.03071686973215748,0.0001743038358928209,0,0
858,0.11382847065917695,0.5825066666666667,-0.025253321837654788,0.01597460521743725,3.0531133177191805e-16,-0.011220719277640203,-0.026646815125265844,3.971332726614152e-5,0,0
859,0.09376521969627272,0.5554133333333333,-0.024124690297555654,0.01813736566159524,-2.7755575615628914e-16,-0.009590470993168131,-0.026806020841256106,0.00015155584858108154,0,0
860,0.08409467816017575,0.5825066666666667,-0.02334458696774235,0.016386597743536013,-5.551115123125783e-16,-0.007548586068284808,-0.023144649412045082,3.565920524228189e-5,0,0
861,0.06590368880322851,0.5554133333333333,-0.021319851918052787,0.01848016663795371,3.3306690738754696e-16,-0.005219897300291922,-0.02259536630646719,0.00013852638399323644,0,0
862,0.057383240982378216,0.5825066666666667,-0.020075220198176525,0.016995191042860514,-5.551115123125783e-16,-0.0033333499823674445,-0.019352193549110552,3.8502899057928086e-5,0,0
863,0.04186667943867567,0.5554133333333333,-0.017152242954226425,0.018991441594441216,-6.661338147750939e-16,-0.0003963828699160051,-0.018139553827151378,0.00013177462714730748,0,0
864,0.034870565715823414,0.5825066666666667,-0.01547389743015259,0.017779355092453653,-2.6645352591003757e-15,0.0013341082581608396,-0.015321507131757395,5.2273105021701655e-5,0,0
865,0.022706923852331116,0.5554133333333333,-0.01177605937217759,0.019644471519985718,2.220446049250313e-16,0.00479252460778118,-0.013485863516701002,0.0001236903266537484,0,0
866,0.017539395711691073,0.5825066666666667,-0.009756566838276429,0.018684600850367383,-1.5543122344752192e-15,0.0063541536584123945,-0.011085651359329152,8.500576462623644e-5,0,0
867,0.009255828367759154,0.5554133333333333,-0.00550208328067262,0.0204125379250224,5.551115123125783e-15,0.010279676547332832,-0.008665824330304162,0.00010109645336364541,0,0
868,0.0061397891644672745,0.5825066666666667,-0.0032670922569699745,0.019673238946382288,-2.220446049250313e-15,0.011667483636973619,-0.006658159408950981,0.0001392429122427305,0,0
869,0.002094133030628812,0.5554133333333333,0.0013047935426423762,0.021291345906728543,1.3322676295501878e-15,0.016083025734693737,-0.0036510531484168496,1.1862059619713317e-5,0,0
870,0.0011645161000822292,0.5825066666666667,0.0036416883185520802,0.02077772891072449,8.881784197001252e-16,0.0173199781884716,-0.002019741077666115,0.00014060800823880587,0,0
871,0.0028023845448265266,0.5554133333333333,0.010303982286744397,0.022895014508938383,2.220446049250313e-15,0.02425229397804659,0.0030218704245585926,-0.00012025632840105896,0,0
872,0.0015186418571810864,0.5825066666666667,0.008141282690603092,0.02134051188664654,0.0,0.021189283969236732,0.0013402051661233205,7.99629354538596e-5,0,0
873,0.010940737662654765,0.5554133333333333,0.01590671918215479,0.023968279559797967,1.5543122344752192e-15,0.030320418042632663,0.00808225294582754,-9.527762273927112e-5,0,0
874,0.007513432447563366,0.5825066666666667,0.014186700532520247,0.02255865257737799,-4.440892098500626e-15,0.026996959889427317,0.005997636107683224,0.00014806653665810215,0,0
875,0.025207693934548178,0.5554133333333333,0.01999923729057282,0.02508705586854032,6.661338147750939e-16,0.036292379364112344,0.012984519884739587,-4.403689270322808e-5,0,0
876,0.01978786840614717,0.5825066666666667,0.018812987561181077,0.023791359966103487,-1.1102230246251565e-15,0.03264515914675211,0.010462186401577256,0.00018816146535796316,0,0
877,0.04497258153844913,0.5554133333333333,0.022311985016010075,0.026223797551306327,4.440892098500626e-16,0.04217322417061117,0.01775588436892206,-1.84262832861673e-6,0,0
878,0.03780005050069916,0.5825066666666667,0.021748736017987318,0.025045161222246426,-1.1102230246251565e-16,0.03816423334348083,0.014753737751714069,0.00020757481107810255,0,0
879,0.06936561310934715,0.5554133333333333,0.022668067096630308,0.027312230538923177,-3.885780586188048e-16,0.047875386939861465,0.022365293707111045,2.171007012958734e-5,0,0
880,0.060755362842773136,0.5825066666666667,0.022771650555331566,0.02623581888084414,-1.1102230246251565e-16,0.043469088964381584,0.01886304889344581,0.00022081381506446757,0,0
881,0.09732289571495997,0.5554133333333333,0.021079869580863816,0.028267403824511816,1.0408340855860843e-16,0.05328189219531454,0.026766307894610264,2.7849581021859027e-5,0,0
882,0.08764937954544057,0.5825066666666667,0.021822176609396435,0.027241967815615026,5.551115123125783e-17,0.048421877937677056,0.02276089612478982,0.00023663380335826184,0,0
883,0.12763497138883584,0.5554133333333333,0.01777448117266449,0.029017439957617575,-8.881784197001252e-16,0.05828753463650506,0.030905360403010673,1.758232054539441e-5,0,0
884,0.11731569163665762,0.5825066666666667,0.019056021862497843,0.02795171569279495,3.608224830031759e-16,0.052878453921034886,0.026397369623061245,0.000260408330659212,0,0
885,0.15899680248256276,0.5554133333333333,0.013147253724746042,0.02951373143033098,-6.661338147750939e-16,0.06280381524511243,0.034714079930157404,-1.0525285736917578e-5,0,0
886,0.1484755268117884,0.5825066666666667,0.014820097103788588,0.028269723278062542,2.220446049250313e-16,0.05670455753213025,0.02970952166389529,0.00029648966124346324,0,0
887,0.19005958855602617,0.5554133333333333,0.007678203210788534,0.02971369569683402,1.2212453270876722e-15,0.06671438930827173,0.03807798646204663,-5.749037873069296e-5,0,0
888,0.17978883335468165,0.5825066666666667,0.009576306778246016,0.028101717852869856,-8.881784197001252e-16,0.05975284624260014,0.03261130892534325,0.0003475687586225462,0,0
889,0.21948544249673846,0.5554133333333333,0.0018567379730955562,0.029531372211386686,6.661338147750939e-16,0.06975482473128146,0.04076014913658588,-0.00011562169769613329,0,0
890,0.2099078931270546,0.5825066666666667,0.0038184188082133045,0.027331320404018866,4.440892098500626e-16,0.06179694092698257,0.03494696428048616,0.00040978164941918305,0,0
891,0.2460045117257057,0.5554133333333333,-0.0038568953389867197,0.028715822730123408,-1.3322676295501878e-15,0.07122612656090947,0.04223214516504692,-0.00015385199830915408,0,0
892,0.237533751796064,0.5825066666666667,-0.0019809191005044557,0.025805352825363004,-1.9984014443252818e-15,0.06240962729820152,0.03637939579897087,0.0004580300932968545,0,0
893,0.268471720290156,0.5554133333333333,-0.009035927332629166,0.026555938915845845,-4.440892098500626e-16,0.06929736027679764,0.0412849520954377,-0.00011614867162627884,0,0
894,0.26147349597275166,0.5825066666666667,-0.007384399455049075,0.023318089790478114,-2.220446049250313e-15,0.06070616050600417,0.03615026978667091,0.0004215153438813929,0,0
895,0.28591861144426167,0.5554133333333333,-0.013282881300637338,0.021466786474556576,-2.220446049250313e-16,0.059815718569029126,0.03533721782775334,8.376704754259334e-6,0,0
896,0.280694278025911,0.5825066666666667,-0.011985168255423298,0.019425371510034983,8.881784197001252e-16,0.05467946421070549,0.03263733532067015,0.00021089531033710585,0,0
897,0.2975959164356956,0.5554133333333333,-0.0162438625948937,0.011943466168484296,-1.1102230246251565e-15,0.037753334770180974,0.02114941826336758,0.00010498501799506565,0,0
898,0.294369430649154,0.5825066666666667,-0.01541222847037254,0.012925277464087559,9.992007221626409e-16,0.04029701014959998,0.023120226457157278,-6.233019389667582e-5,0,0
899,0.30300433573500773,0.5554133333333333,-0.01764899842872852,0.0029175404573166253,-1.5543122344752192e-15,0.013302944779834559,0.004695198692555191,0.00016452148398483912,1,0
900,0.3019133689786225,0.5825066666666667,-0.01736224757407169,0.0043648508790044005,-1.1102230246251565e-16,0.017922806220582385,0.007962180006406805,-0.00011070541377405235,0,0
901,0.002145993547059526,-0.6111957660607383,0.0019637438821348344,0.018209733345180057,-8.881784197001252e-16,0.01437805445404535,-0.002449783835262398,0.00019803806482557133,0,0
902,0.0023230564256089548,-0.6134525200662091,0.00421354106816034,0.018699573850532225,4.440892098500626e-16,0.01606902615915726,-0.0012307196414043098,0.0001785443711178579,0,0
903,0.0025734611498463844,-0.6134525200662091,0.007395234761226434,0.019573601197164336,-8.881784197001252e-16,0.018550607781656226,0.0004112728917144981,0.00020214823764801854,0,0
904,0.002750524028395813,-0.6111957660607383,0.009645031947251938,0.02019428101715115,-6.661338147750939e-16,0.020395877170285768,0.0016666907069995407,0.00021774890088213303,0,0
905,0.006191649680897989,-0.6111957660607383,-0.0026081419174775163,0.01729077140477564,-2.220446049250313e-16,0.011002612132898838,-0.00496426019049423,0.00020935905958264882,0,0
906,0.00940513325267218,-0.614194163044345,-0.0036049848448566693,0.016910328023490795,2.220446049250313e-16,0.010294858513865766,-0.005317771766066626,0.0002466553438078313,0,0
907,0.0064661569279297285,-0.6164509170498158,0.0008798033648714827,0.01778497224403308,4.440892098500626e-16,0.01363414043239767,-0.0028034171920270357,0.00014341952723694734,0,0
908,0.009863031499240083,-0.6190955246686726,0.002213164024370478,0.018257388269388164,-8.881784197001252e-16,0.014803753094155925,-0.0021049329951974283,0.00022838023447390582,0,0
909,0.010333534531173836,-0.6190955246686726,0.00819147187711169,0.019838529435641794,-1.1102230246251565e-15,0.019543145413184793,0.0011198069490696572,0.0001525453776809564,0,0
910,0.007187064684100912,-0.6164509170498158,0.010039804910678789,0.0204049819203298,2.6645352591003757e-15,0.02084853409172435,0.001891661844520831,0.00023866485198407658,0,0
911,0.01079143277774174,-0.614194163044345,0.014009620746338838,0.021444897249628836,-2.886579864025407e-15,0.024396349537692257,0.004445350722030117,0.00015622818008945508,0,0
912,0.007461571931132652,-0.6111957660607383,0.013527750193027788,0.021195494258681613,-1.7763568394002505e-15,0.023844896582382577,0.004150971179697205,0.0002428188271260505,0,0
913,0.017636840080173386,-0.6125983969836066,-0.008518418741952933,0.01595707997387663,-2.4424906541753444e-15,0.006656152956950598,-0.008073988971361468,0.00016333010551919727,0,0
914,0.022938760686295502,-0.6167336997147652,-0.008830293094439511,0.015695693933946098,-4.440892098500626e-15,0.006510593863172206,-0.007986957662789118,0.00026868214662380957,0,0
915,0.01810392843010465,-0.6209740733943604,-0.0025834985378442505,0.01688442801723644,-8.881784197001252e-16,0.011372112950935485,-0.0042404642321560715,0.00014165913613259883,0,0
916,0.02363285678059205,-0.6238238776176768,-1.0966013728353218e-5,0.01788656353205975,0.0,0.013690875093392738,-0.0029135807424041094,0.0002648884997940807,0,0
917,0.02428176100628724,-0.6238238776176768,0.008234143932123583,0.020127896548180813,-2.4424906541753444e-15,0.020501444231125866,0.0017523464101792952,0.00011740841746366026,0,0
918,0.019223335687733593,-0.6209740733943604,0.011639919260748897,0.021227090853733532,9.992007221626409e-16,0.022960745500737588,0.0031689571573522146,0.00024448660258074087,0,0
919,0.02497585710058379,-0.6167336997147652,0.01705347101283474,0.022693067964954627,-8.881784197001252e-16,0.028205119579345867,0.0070144040145661,0.00011790484900264103,0,0
920,0.01969042403766486,-0.6125983969836066,0.01757483946485758,0.022623262399884325,-1.7763568394002505e-15,0.028283060325148147,0.007187376715704685,0.0002651344454848367,0,0
921,0.03500495818130549,-0.6137353027311586,-0.013766279248738003,0.014772414719433358,-1.2212453270876722e-15,0.002611103238688483,-0.01105044634897967,0.00011465618151974832,0,0
922,0.042161300087247236,-0.6186655794454206,-0.01340873267397152,0.014607756485577106,0.0,0.003032525331292622,-0.010496781667625021,0.00028155322855408574,0,0
923,0.03562403094272465,-0.6245137806523435,-0.005900213995557131,0.01611158794865697,-6.661338147750939e-16,0.009332767346560482,-0.0056002097202749734,0.00012780229826682248,0,0
924,0.04303280543587336,-0.6273509421167465,-0.002335207285656704,0.017582019201091814,-1.6653345369377348e-15,0.01272844047642065,-0.0036575176498024886,0.00028981446030103275,0,0
925,0.04380645554125144,-0.6273509421167465,0.00749494934744035,0.020398083144207435,-8.881784197001252e-16,0.021403685585964408,0.0023266010704900975,9.539576468154537e-5,0,0
926,0.03704658527379792,-0.6245137806523435,0.012175052583391858,0.02198361704452867,-1.1102230246251565e-16,0.024950560330673537,0.004368596515586076,0.0002608934218431662,0,0
927,0.04467796088987756,-0.6186655794454206,0.018568474735755167,0.023846094883073543,4.440892098500626e-16,0.03178869660525392,0.009428585678366908,9.547827835941838e-5,0,0
928,0.03766565803521708,-0.6137353027311586,0.020041117836572732,0.02394188598145619,1.3322676295501878e-15,0.03250442764072888,0.01009200397351484,0.00029788774165155976,0,0
929,0.05754346916546771,-0.614530276714262,-0.018039328099336203,0.01374242174967033,-9.992007221626409e-16,-0.0010703328708421265,-0.01384347379569062,6.558267917457922e-5,0,0
930,0.06623729643310017,-0.6198652223693861,-0.017080965071353624,0.01366379395461692,-1.1102230246251565e-16,-7.807064871217476e-5,-0.012810082252736388,0.0002926511710819868,0,0
931,0.05826390184802839,-0.6268376865649476,-0.008885362936088515,0.015455726411106707,3.3306690738754696e-16,0.00753505274415338,-0.006858529731312402,0.00011281692664110408,0,0
932,0.06721607594442959,-0.6294521623506856,-0.004644392208828747,0.017328996040357147,-8.881784197001252e-16,0.011921883933231504,-0.004322823804181641,0.000311036725436295,0,0
933,0.06805322596814606,-0.6294521623506856,0.005992607387406269,0.02060806921602304,-5.551115123125783e-17,0.022211283869462056,0.0028384489205504626,8.666468494750862e-5,0,0
934,0.05987470197712295,-0.6268376865649476,0.011581793293243556,0.022631317672980267,-1.1657341758564144e-15,0.026769044845988788,0.005479010225956538,0.0002854779490383229,0,0
935,0.0690320054794755,-0.6198652223693861,0.01842918024993115,0.024826465212381854,-2.7755575615628914e-16,0.03504739289529217,0.011658198745956916,8.922255302546214e-5,0,0
936,0.060595134659683636,-0.614530276714262,0.020735758456491248,0.025087630494192603,-2.7755575615628914e-16,0.036410900205744716,0.012823504355643,0.000346816681052544,0,0
937,0.08426805760695791,-0.6149349456551241,-0.021141592219883508,0.012877005710229983,7.771561172376096e-16,-0.004297827988200969,-0.01638188272742286,1.0384680468805002e-5,0,0
938,0.09411241421481598,-0.6202832956417987,-0.0197131656616673,0.01286213157058741,4.440892098500626e-16,-0.0027513432061411934,-0.014865246230597706,0.00030113328777479215,0,0
939,0.08503382713735942,-0.6278280481417987,-0.011411567785877647,0.014903217305135275,-1.6653345369377348e-16,0.006004190709677373,-0.007984876884383041,9.977600173817838e-5,0,0
940,0.09512443100202583,-0.6300568115741476,-0.0068542731669330986,0.017097675605225238,-1.3877787807814457e-16,0.011268631507221395,-0.004891486722301247,0.0003315407511517744,0,0
941,0.09596368440920684,-0.6300568115741476,0.003809452450241261,0.02071172630999253,1.249000902703301e-16,0.02287603813102413,0.0032764558426124496,9.377775823320861e-5,0,0
942,0.08671023056825691,-0.6278280481417987,0.00988915742753173,0.023114681776129575,4.996003610813204e-16,0.028345825825060574,0.006476704838850156,0.0003209434879967686,0,0
943,0.0969757011964167,-0.6202832956417987,0.01666834494497546,0.02555550320864916,-4.163336342344337e-17,0.03785463346854726,0.013644995362795745,0.00010450367293238921,0,0
944,0.08747600009865841,-0.6149349456551241,0.01961918186153759,0.02597540274314375,-5.273559366969494e-16,0.03985913087273758,0.015313655976507384,0.0004213524284425313,0,0
945,0.11400228573093804,-0.6149483499866745,-0.023044791949625276,0.012163347482304257,5.828670879282072e-16,-0.006991719374455206,-0.018585963088910196,-5.936479580535142e-5,0,0
946,0.12455805670262718,-0.619965810225074,-0.02132142678604549,0.012171059714203469,4.5102810375396984e-17,-0.004935485337124204,-0.016592210564419188,0.00030405082235106587,0,0
947,0.11475878905117151,-0.6275295193125472,-0.013432505879142968,0.014420630386248592,-1.97758476261356e-16,0.00475259767910331,-0.008945036437436212,8.94409511272426e-5,0,0
948,0.12553441034425478,-0.6292769296436851,-0.008915677520615383,0.016837610652218157,-2.498001805406602e-16,0.01075004754418051,-0.005344218324750419,0.00035365470947718546,0,0
949,0.1263217411305653,-0.6292769296436851,0.0010883086453392496,0.02065293315007162,1.6653345369377348e-16,0.02334019613105103,0.0036265721526992367,0.00012028887285170028,0,0
950,0.11638537324466304,-0.6275295193125472,0.007235205903986024,0.02337092049315588,2.3592239273284576e-16,0.029600309365197905,0.0073323222775524,0.0003710794512242904,0,0
951,0.1272980947721929,-0.619965810225074,0.013494057910769361,0.02595492119297435,-8.881784197001252e-16,0.040076889537952985,0.01532063864184438,0.00014982809299717362,0,0
952,0.1171418765648965,-0.6149483499866745,0.01684749197446833,0.02651641227839019,-8.049116928532385e-16,0.0426936463233217,0.017483056648701145,0.0005334590775684239,0,0
953,0.1454303827249811,-0.6146174602383996,-0.023872127114337123,0.011558171798858874,-1.942890293094024e-16,-0.009096059008587735,-0.020372556366738015,-0.0001526769373926054,0,0
954,0.1562275221395656,-0.6190393974182149,-0.022039789285240433,0.01152973190207851,1.1102230246251565e-16,-0.0065984203240528885,-0.017914438637654906,0.0002986963635877235,0,0
955,0.14613081741029493,-0.6261351577360272,-0.014972260598421211,0.013949882407246178,1.6653345369377348e-16,0.0037750050328309898,-0.009701048951700458,8.284736258750737e-5,0,0
956,0.15711183647249122,-0.6273712610292843,-0.010803510319953313,0.016476654893307074,-3.3306690738754696e-16,0.010331485334262418,-0.005658974002429096,0.0003813500628793952,0,0
957,0.15780571885747852,-0.6273712610292843,-0.001986898673479674,0.02035871541350992,-1.1102230246251565e-16,0.023529337581583012,0.003871995560692232,0.00017152539836632827,0,0
958,0.14761203058159272,-0.6261351577360272,0.0038483372140070576,0.023325943096448365,6.106226635438361e-16,0.030439275827880145,0.008012232858781276,0.0004413902140958971,0,0
959,0.15869003319040415,-0.6190393974182149,0.009249380291807444,0.025937930993745417,9.43689570931383e-16,0.04156834768700631,0.016610379109144646,0.00023784944495926913,0,0
960,0.14831246526690656,-0.6146174602383996,0.012748203729922972,0.026617626285910523,-1.27675647831893e-15,0.04475336139341159,0.019248328002674897,0.0006993523051595334,0,0
961,0.17715912623963248,-0.6140219371798152,-0.02383729022174404,0.010998808669114735,-8.881784197001252e-16,-0.010563112627146053,-0.021648732617139455,-0.00027834968328853404,0,0
962,0.1877191019257858,-0.6176756606958778,-0.022060499095324874,0.010862099703370875,3.885780586188048e-16,-0.007705921237644126,-0.018738580731618548,0.0002838644568610646,0,0
963,0.1777685168879152,-0.6239292242275344,-0.016094247880353366,0.013413819782992442,-4.996003610813204e-16,0.003057094463890691,-0.01020686707378421,8.260258167640776e-5,0,0
964,0.18847145266990162,-0.6246744323972961,-0.01250097650717614,0.015923685061109527,-5.551115123125783e-16,0.00996840893533675,-0.00580602253385798,0.00042151250816678185,0,0
965,0.18904478835612126,-0.6246744323972961,-0.005216055895514053,0.019730633874134984,1.1102230246251565e-16,0.02333933333196277,0.003989645036281297,0.00025590578815459786,0,0
966,0.17903573495912212,-0.6239292242275344,7.284377782359772e-6,0.022882194642596998,2.220446049250313e-16,0.030741315401253657,0.00847558461382203,0.0005403512914791998,0,0
967,0.18979713910023704,-0.6176756606958778,0.00434346669263468,0.025388764296035427,-1.5543122344752192e-15,0.04214084587326346,0.0174240190742474,0.0003868177864386514,0,0
968,0.1796451256074049,-0.6140219371798152,0.007750326719173033,0.026163453623343047,1.6653345369377348e-15,0.04584814589361987,0.02051738168499717,0.0009413459232520821,0,0
969,0.2077831364920825,-0.6132537235160624,-0.023179174010287733,0.01042374751547992,-1.1102230246251565e-15,-0.011317190285827164,-0.022291580083182327,-0.00044332562772262524,0,0
970,0.21764071413660316,-0.6160559576977092,-0.02158275825341189,0.010093954440218766,0.0,-0.008187041950948605,-0.018931642772068713,0.00026255662219403994,0,0
971,0.2082796153522929,-0.6212231030472863,-0.01687081196527181,0.012726266550433074,-5.551115123125783e-16,0.0025918298244374032,-0.010398877520878869,9.39158169306481e-5,0,0
972,0.21823831204821087,-0.6215323371158541,-0.013989556838613724,0.01507113087553058,4.440892098500626e-16,0.009613022774814219,-0.00574040961230049,0.000485014149507329,0,0
973,0.2186780335680302,-0.6215323371158541,-0.008402365180887494,0.018636430377688362,1.1102230246251565e-16,0.022619478662382845,0.00394399255782496,0.0003854069456060219,0,0
974,0.20929267255833187,-0.6212231030472863,-0.003998699695883491,0.021902905587572574,-1.887379141862766e-15,0.030331597515966403,0.008666288962637991,0.0006800800112347488,0,0
975,0.2192756314796379,-0.6160559576977092,-0.0008091637660893252,0.024139556352132052,-2.220446049250313e-16,0.04151692828961568,0.017633775579680155,0.0006196687553949171,0,0
976,0.2097891514185422,-0.6132537235160624,0.002309662349132434,0.024988726290744778,-6.661338147750939e-16,0.045711318035215685,0.021170206036141503,0.0012880489150891294,0,0
977,0.23594841892180596,-0.6124022341816466,-0.02212448317581619,0.009784009661128024,-5.551115123125783e-16,-0.011217087483546733,-0.0221129722879152,-0.0006473649636204865,0,0
978,0.24467172187809205,-0.6143519909881054,-0.0207915960130607,0.009155641800717151,4.440892098500626e-16,-0.007906332967990044,-0.018285954238551838,0.00024916924394031287,0,0
979,0.23632271378880723,-0.6183149485727358,-0.017368615963998316,0.011796541904655844,6.661338147750939e-16,0.0023919618818942184,-0.010181643598239476,0.00012519106855588338,0,0
980,0.24510792359242908,-0.6182700869101123,-0.015249127724423963,0.01379090259952076,8.881784197001252e-16,0.009211690196746726,-0.005393927705178769,0.0005867343844123615,0,0
981,0.245413875904277,-0.6182700869101123,-0.011361635010578216,0.016904299491866892,7.771561172376096e-16,0.02115268879350901,0.0036779202471406425,0.0005712449569380065,0,0
982,0.2370683876204745,-0.6183149485727358,-0.00789393159242634,0.020199635547053618,6.661338147750939e-16,0.02895207268765191,0.008499108201630468,0.0008731591790853907,0,0
983,0.24585007761861402,-0.6143519909881054,-0.0058191667219414794,0.021959664995068517,2.7755575615628914e-15,0.03927746271128198,0.017036688379799214,0.0009523174370634421,0,0
984,0.2374426824874758,-0.6124022341816466,-0.0031380643806084665,0.02286067722298213,1.3322676295501878e-15,0.043941886361113285,0.021022510665600458,0.0017654729050788145,0,0
985,0.2604110111704844,-0.6115497568064587,-0.020884548881730962,0.009013802017250216,-1.2212453270876722e-15,-0.010041050363644815,-0.02079973122673684,-0.000865957767151964,0,0
986,0.26761957887341026,-0.6127235612066787,-0.019863410637974387,0.007949516774166221,1.1102230246251565e-16,-0.006662114132734875,-0.016469003086587275,0.0002861060262868559,0,0
987,0.2606654993846397,-0.6154809337257019,-0.01765096952972977,0.010513625355523248,7.771561172376096e-16,0.0024827554498286003,-0.00940855090193482,0.00018633321893680305,0,0
988,0.2679027979208648,-0.6151911870216075,-0.01626477143583244,0.01191473283389377,1.4432899320127035e-15,0.008678276943869665,-0.00467139122964999,0.0007401413119039555,0,0
989,0.26808698918447005,-0.6151911870216075,-0.013924399529849429,0.01432018123865364,-1.1102230246251565e-16,0.01862760520769971,0.0030964500167964815,0.0008057700119001414,0,0
990,0.26115564296009297,-0.6154809337257019,-0.011423104909901014,0.01753127238631491,-1.887379141862766e-15,0.026227503398999492,0.007833539266400957,0.0011145356737655883,0,0
991,0.26837020823192465,-0.6127235612066787,-0.010325760327707482,0.018571373980873163,1.4432899320127035e-15,0.034803668611074666,0.015288888994130168,0.001351707273433523,0,0
992,0.2614101311742483,-0.6115497568064587,-0.008189525557899823,0.019498102711783538,-2.220446049250313e-16,0.039945961713142825,0.019755224949968397,0.0023540558767369824,0,0
993,0.28008965476879505,-0.6107738044002199,-0.019667635148591506,0.00790289690490975,0.0,-0.007506446873974808,-0.017786650367514478,-0.0009922751601652638,0,0
994,0.28547051206284785,-0.6113226564051893,-0.018976523783035302,0.0062841887037244915,-2.220446049250313e-16,-0.004222479688564265,-0.012977779460512151,0.00047567286380460067,0,0
995,0.2802377347036882,-0.6129826665075537,-0.017786101178520853,0.008687595990601982,5.551115123125783e-16,0.0028575994173427248,-0.007853619949742097,0.0002819692560635436,0,0
996,0.2856235071700112,-0.6125850560564972,-0.017032536627784055,0.009196374970894539,-4.440892098500626e-16,0.007825201673532196,-0.00346971313579425,0.0009404660945750969,0,0
997,0.2857096320340079,-0.6125850560564972,-0.015938216472967726,0.010632406668683259,5.551115123125783e-16,0.014614250789584586,0.002050155304886836,0.0010246888621486313,0,0
998,0.28050805083128993,-0.6129826665075537,-0.014351409117721512,0.013628156020863202,-1.6653345369377348e-15,0.021622449402459325,0.006417395878227761,0.0013208701579366065,0,0
999,0.2858626271411713,-0.6113226564051893,-0.013994229317716479,0.013689576612587406,2.220446049250313e-16,0.027223286376806915,0.011822556315366661,0.0016461873123404906,0,0
1000,0.28065613076618307,-0.6107738044002199,-0.012469875147650866,0.014678640099347162,8.881784197001252e-16,0.032869406035244346,0.0167505356838189,0.002843632004898705,0,0
1001,0.2941122436856519,-0.6101488520049694,-0.01868009868410519,0.005834985281363947,-1.1102230246251565e-16,-0.0034136708254025503,-0.012137352154373171,-0.0007199406991852658,0,0
1002,0.29743370456407947,-0.6102904647271378,-0.018304959846286262,0.003909821440184591,1.1102230246251565e-16,-0.0005849325958807891,-0.007442202073693505,0.0009415478009922006,0,0
1003,0.2941777454075985,-0.6110666586763012,-0.017847820394479578,0.0059715316158153176,-7.771561172376096e-16,0.00336629055003741,-0.005238028867132427,0.0003987544795060515,0,0
1004,0.2974924800487885,-0.6107180773036267,-0.017558146504105466,0.0054068440274922525,0.0,0.0063090600401592995,-0.0018192517163040378,0.001121925728065432,0,0
1005,0.29751470166103827,-0.6107180773036267,-0.01727579414929194,0.005784487969483054,-3.3306690738754696e-16,0.0089278574571923,0.0004902143591606345,0.0010925200251662229,0,0
1006,0.2942860918838449,-0.6110666586763012,-0.016471147884849723,0.008378795114544979,-7.771561172376096e-16,0.014596970515185312,0.003872874636026924,0.001239865841268055,0,0
1007,0.2975734771457473,-0.6102904647271378,-0.016528980807111147,0.007320197398765549,-3.3306690738754696e-16,0.016038195731802193,0.0062001826271695926,0.001496969062162257,0,0
1008,0.29435159360579155,-0.6101488520049694,-0.015638869595224113,0.008621483650745665,5.551115123125783e-16,0.021822810882909455,0.010947705205866631,0.002577153792523091,0,0
1009,0.30185511901436546,-0.6097416127221683,-0.01810238354579635,0.002506292376370678,-2.220446049250313e-16,0.0011936244004019094,-0.004484387704872916,0.00030108379052721027,0,0
1010,0.3018708320670762,-0.6099418833544634,-0.017902730281023717,0.002467593907823029,1.5543122344752192e-15,0.003473072686669293,-0.0020774197916798576,0.0006439147518288017,0,0
1011,0.30189305367932595,-0.6099418833544634,-0.017620377926210195,0.002959015842547319,-6.661338147750939e-16,0.0067272283733031575,0.0007715524544429364,0.0008782794784139994,0,0
1012,0.30190876673203665,-0.6097416127221683,-0.017420724661437563,0.0029485712999592906,-2.1094237467877974e-15,0.009093034249550158,0.003180908125094306,0.001315309843119599,0,0
1013,0.002145993547059526,0.6111957660607383,0.0019637438821348344,0.018989741374488833,1.1102230246251565e-15,0.015173311462580235,-0.002543368162691184,0.00014567178903314264,0,0
1014,0.0023230564256089548,0.6134525200662091,0.00421354106816034,0.01950464409056374,1.3322676295501878e-15,0.01694165988175775,-0.0012740023947530599,0.00014537923870019953,0,0
1015,0.0025734611498463844,0.6134525200662091,0.007395234761226434,0.020422887195739925,-6.661338147750939e-16,0.01952980242290314,0.00043360579529316823,0.00019355270881791023,0,0
1016,0.002750524028395813,0.6111957660607383,0.009645031947251938,0.021076349302565855,1.3322676295501878e-15,0.02144926508464342,0.001737071189658712,0.00021978406931343758,0,0
1017,0.006191649680897989,0.6111957660607383,-0.0026081419174775163,0.01801967676929772,-8.881784197001252e-16,0.011658831152665361,-0.005150408317042832,0.00021232146089921605,0,0
1018,0.00940513325267218,0.614194163044345,-0.0036049848448566693,0.017625552426197233,-2.6645352591003757e-15,0.010930806433467478,-0.0055175409531209585,0.00023207463158032848,0,0
1019,0.0064661569279297285,0.6164509170498158,0.0008798033648714827,0.018547487858626033,1.9984014443252818e-15,0.014415712215617214,-0.002904460001873721,0.00011562451755540125,0,0
1020,0.009863031499240083,0.6190955246686726,0.002213164024370478,0.019048133896690578,-4.884981308350689e-15,0.015647871370366856,-0.0021755834216756753,0.00021068173444597008,0,0
1021,0.010333534531173836,0.6190955246686726,0.00819147187711169,0.020713114175642033,1.5543122344752192e-15,0.02059531291048019,0.0011798003562604187,0.0001336415965686004,0,0
1022,0.007187064684100912,0.6164509170498158,0.010039804910678789,0.021303061112019295,8.881784197001252e-16,0.021943789442374084,0.0019784041126913454,0.00022855178459554523,0,0
1023,0.01079143277774174,0.614194163044345,0.014009620746338838,0.02241203139576342,6.661338147750939e-16,0.025649924062546257,0.004630248210967247,0.00012816599262922834,0,0
1024,0.007461571931132652,0.6111957660607383,0.013527750193027788,0.02214524612341795,2.6645352591003757e-15,0.02505812511127373,0.004318004686096666,0.00019121475375129954,0,0
1025,0.017636840080173386,0.6125983969836066,-0.008518418741952933,0.01661267536828026,-1.5543122344752192e-15,0.007137152485949298,-0.0083716003677059,0.00019050662694788945,0,0
1026,0.022938760686295502,0.6167336997147652,-0.008830293094439511,0.016352027119714396,-1.7763568394002505e-15,0.006998874267655836,-0.008287665668216482,0.0002803435299026727,0,0
1027,0.01810392843010465,0.6209740733943604,-0.0025834985378442505,0.017613017741590076,2.4424906541753444e-15,0.012082564554078648,-0.004392451671450415,0.00012731420556195625,0,0
1028,0.02363285678059205,0.6238238776176768,-1.0966013728353218e-5,0.01867574056210508,4.440892098500626e-16,0.014521767058132426,-0.0030094916611990152,0.0002561583164587492,0,0
1029,0.02428176100628724,0.6238238776176768,0.008234143932123583,0.021043429962029347,5.551115123125783e-16,0.021642854170503253,0.0018502548902663563,9.188355344046106e-5,0,0
1030,0.019223335687733593,0.6209740733943604,0.011639919260748897,0.022191185911190514,-1.1102230246251565e-16,0.024191677060213926,0.00331806776552912,0.0002239596111331052,0,0
1031,0.02497585710058379,0.6167336997147652,0.01705347101283474,0.023767588335459888,-1.1102230246251565e-15,0.029679490652411274,0.007311907219766933,6.697473196879203e-5,0,0
1032,0.01969042403766486,0.6125983969836066,0.01757483946485758,0.023690159034108982,-2.886579864025407e-15,0.029731764509580767,0.007475732547237657,0.00019319446142997132,0,0
1033,0.03500495818130549,0.6137353027311586,-0.013766279248738003,0.015358511337011493,-1.1102230246251565e-15,0.002921888756288815,-0.011459377725440367,0.000178519467984372,0,0
1034,0.042161300087247236,0.6186655794454206,-0.01340873267397152,0.015210614086860197,2.220446049250313e-16,0.003378681820458236,-0.010899729181335749,0.0003255989623192953,0,0
1035,0.03562403094272465,0.6245137806523435,-0.005900213995557131,0.01681747499655961,5.551115123125783e-16,0.009984324398912954,-0.005803205356552765,0.00012715974782728096,0,0
1036,0.04303280543587336,0.6273509421167465,-0.002335207285656704,0.018382461319468635,-1.2212453270876722e-15,0.013560944496023124,-0.0037779921948458695,0.0002902710769576572,0,0
1037,0.04380645554125144,0.6273509421167465,0.00749494934744035,0.021370661244518807,2.220446049250313e-16,0.022653398157325113,0.002464230623422159,6.320772927181917e-5,0,0
1038,0.03704658527379792,0.6245137806523435,0.012175052583391858,0.02303113539694268,-5.551115123125783e-16,0.02633812533955518,0.004582865885118581,0.00022963676344030237,0,0
1039,0.04467796088987756,0.6186655794454206,0.018568474735755167,0.02505190856915962,-8.881784197001252e-16,0.03351305243231313,0.009843264086324743,1.5210264182347749e-5,0,0
1040,0.03766565803521708,0.6137353027311586,0.020041117836572732,0.02515105099895798,4.440892098500626e-16,0.03421773830273725,0.010505322296191166,0.00019286191231885144,0,0
1041,0.05754346916546771,0.614530276714262,-0.018039328099336203,0.014261318103535703,4.440892098500626e-16,-0.0009291206985248831,-0.01436749279472982,0.0001755473643278993,0,0
1042,0.06623729643310017,0.6198652223693861,-0.017080965071353624,0.014217694609129805,-7.771561172376096e-16,0.00012885038220512797,-0.013319538734253955,0.0003753562677070686,0,0
1043,0.05826390184802839,0.6268376865649476,-0.008885362936088515,0.016149422888307896,-5.551115123125783e-16,0.00813875893759195,-0.007114093490989459,0.0001278625641858728,0,0
1044,0.06721607594442959,0.6294521623506856,-0.004644392208828747,0.01815400611301682,1.1102230246251565e-16,0.012771705941403642,-0.004467873962889335,0.00032164428183212475,0,0
1045,0.06805322596814606,0.6294521623506856,0.005992607387406269,0.021654656843863918,-8.326672684688674e-16,0.02359098500181849,0.0030183026455639084,4.7086385141604375e-5,0,0
1046,0.05987470197712295,0.6268376865649476,0.011581793293243556,0.02378161368390691,7.216449660063518e-16,0.02833851192604555,0.005762721128831416,0.00024185613389090393,0,0
1047,0.0690320054794755,0.6198652223693861,0.01842918024993115,0.02618996191776557,-3.3306690738754696e-16,0.03705725517750226,0.012197517994433082,-2.6894642743552355e-5,0,0
1048,0.060595134659683636,0.614530276714262,0.020735758456491248,0.02646743942813784,2.7755575615628914e-16,0.03842568305595322,0.01336918997775971,0.00019912170661470427,0,0
1049,0.08426805760695791,0.6149349456551241,-0.021141592219883508,0.013328898784790544,6.106226635438361e-16,-0.004327193594497798,-0.01702596360200387,0.0001759492785036905,0,0
1050,0.09411241421481598,0.6202832956417987,-0.0197131656616673,0.013369682471323613,4.440892098500626e-16,-0.002681427411575479,-0.015486145443784544,0.0004306559989900316,0,0
1051,0.08503382713735942,0.6278280481417987,-0.011411567785877647,0.015594889449235427,3.885780586188048e-16,0.00657148536167378,-0.00829534828065387,0.00013333597082867445,0,0
1052,0.09512443100202583,0.6300568115741476,-0.0068542731669330986,0.01796087134293306,-6.38378239159465e-16,0.01215327165161125,-0.005061388437692216,0.00035389493053535233,0,0
1053,0.09596368440920684,0.6300568115741476,0.003809452450241261,0.021850431324231562,1.8041124150158794e-16,0.024410306162277125,0.0035010761685085323,4.5660116548839474e-5,0,0
1054,0.08671023056825691,0.6278280481417987,0.00988915742753173,0.02438905868292804,-3.608224830031759e-16,0.03012640701182397,0.00683471768120078,0.00026263345187181944,0,0
1055,0.0969757011964167,0.6202832956417987,0.01666834494497546,0.027106466843794266,-1.8735013540549517e-16,0.04019106941793615,0.014316850187237301,-5.555486349299518e-5,0,0
1056,0.08747600009865841,0.6149349456551241,0.01961918186153759,0.02755811281927903,-4.440892098500626e-16,0.042218509810356054,0.01600006418793301,0.0002215662823486439,0,0
1057,0.11400228573093804,0.6149483499866745,-0.023044791949625276,0.012544443686556675,0.0,-0.007192659186303801,-0.01935385574420792,0.00017577700936975693,0,0
1058,0.12455805670262718,0.619965810225074,-0.02132142678604549,0.012630946813797908,-2.3592239273284576e-16,-0.004999716431777721,-0.01732810050116851,0.0004930590332531057,0,0
1059,0.11475878905117151,0.6275295193125472,-0.013432505879142968,0.015119339539495964,6.591949208711867e-17,0.005296341106964752,-0.009312732216199437,0.00014618951503451647,0,0
1060,0.12553441034425478,0.6292769296436851,-0.008915677520615383,0.017752042959308198,1.5265566588595902e-16,0.011689496625618127,-0.0055390763772353024,0.0003905905997976418,0,0
1061,0.1263217411305653,0.6292769296436851,0.0010883086453392496,0.02190264070506079,-3.0531133177191805e-16,0.025056700060901316,0.0038979567660342718,6.203702081143334e-5,0,0
1062,0.11638537324466304,0.6275295193125472,0.007235205903986024,0.0247926158896888,-2.7755575615628914e-17,0.03162519424926025,0.007769129538092945,0.00029458682535302844,0,0
1063,0.1272980947721929,0.619965810225074,0.013494057910769361,0.027727072497224642,-3.3306690738754696e-16,0.042786148308637376,0.01613119200873897,-6.590035624353535e-5,0,0
1064,0.1171418765648965,0.6149483499866745,0.01684749197446833,0.02833898091335911,8.326672684688674e-17,0.04544643980748904,0.018316975475952957,0.00026858414722290974,0,0
1065,0.1454303827249811,0.6146174602383996,-0.023872127114337123,0.011857737184001377,-1.6653345369377348e-16,-0.009467868177923007,-0.021263875776681124,0.00017357524962981555,0,0
1066,0.1562275221395656,0.6190393974182149,-0.022039789285240433,0.011933707608553501,8.326672684688674e-16,-0.006791599190493009,-0.01876460529766838,0.0005668859150844384,0,0
1067,0.14613081741029493,0.6261351577360272,-0.014972260598421211,0.014661844778418975,1.942890293094024e-16,0.0043104337856613075,-0.01012710934978367,0.000170572818141047,0,0
1068,0.15711183647249122,0.6273712610292843,-0.010803510319953313,0.017452942562827145,0.0,0.011348799156047867,-0.00587797672704421,0.00043774038576020226,0,0
1069,0.15780571885747852,0.6273712610292843,-0.001986898673479674,0.02173740094111276,6.106226635438361e-16,0.025458035221172248,0.0041907593197665904,0.00010116038867025168,0,0
1070,0.14761203058159272,0.6261351577360272,0.0038483372140070576,0.024919162792664984,-7.216449660063518e-16,0.032744980874561465,0.008530711189141282,0.00034150144229386226,0,0
1071,0.15869003319040415,0.6190393974182149,0.009249380291807444,0.027968086753029253,8.881784197001252e-16,0.04469997858473711,0.01756112340988253,-5.062262237511342e-5,0,0
1072,0.14831246526690656,0.6146174602383996,0.012748203729922972,0.028721586212481276,0.0,0.04795276141498286,0.020232024268810544,0.0003504741892975567,0,0
1073,0.17715912623963248,0.6140219371798152,-0.02383729022174404,0.011195637507790068,-3.3306690738754696e-16,-0.011099837657960224,-0.02265418631931032,0.00017124895532819734,0,0
1074,0.1877191019257858,0.6176756606958778,-0.022060499095324874,0.011191429618515825,6.106226635438361e-16,-0.0080166278798206,-0.019692880819187297,0.0006612573076997807,0,0
1075,0.1777685168879152,0.6239292242275344,-0.016094247880353366,0.014139707353864994,0.0,0.0036032770523911077,-0.010689124968269181,0.00021390277263030714,0,0
1076,0.18847145266990162,0.6246744323972961,-0.01250097650717614,0.01696672298084817,7.771561172376096e-16,0.011089994447583995,-0.006045938859938094,0.0005054952302735987,0,0
1077,0.18904478835612126,0.6246744323972961,-0.005216055895514053,0.021251058826742497,-2.220446049250313e-16,0.025508797683738753,0.0043534645115446136,0.00017150029299817585,0,0
1078,0.17903573495912212,0.6239292242275344,7.284377782359772e-6,0.02466875703091853,-2.220446049250313e-16,0.03336426687494198,0.009074790812352851,0.0004096582266619672,0,0
1079,0.18979713910023704,0.6176756606958778,0.00434346669263468,0.02771230179116868,-1.2212453270876722e-15,0.045740444994014945,0.018506521973890466,1.569057133922469e-6,0,0
1080,0.1796451256074049,0.6140219371798152,0.007750326719173033,0.02859182568711971,6.661338147750939e-16,0.04954627689637454,0.02164375481545222,0.00048181437677574657,0,0
1081,0.2077831364920825,0.6132537235160624,-0.023179174010287733,0.010483665473973058,2.1094237467877974e-15,-0.01199952566826685,-0.023384639191651013,0.00017683294973115313,0,0
1082,0.21764071413660316,0.6160559576977092,-0.02158275825341189,0.010316840713480602,-6.661338147750939e-16,-0.008589263312082753,-0.019961302460860808,0.0007941495749357735,0,0
1083,0.2082796153522929,0.6212231030472863,-0.01687081196527181,0.01345753408310435,-8.881784197001252e-16,0.00317400723792655,-0.010927797588603627,0.0002889205460699165,0,0
1084,0.21823831204821087,0.6215323371158541,-0.013989556838613724,0.016174404989690694,1.3322676295501878e-15,0.01086750809996303,-0.005992690255962274,0.0006102401519378405,0,0
1085,0.2186780335680302,0.6215323371158541,-0.008402365180887494,0.020296467166786236,2.220446049250313e-16,0.025046447893342948,0.004344881019442859,0.00028685551867869627,0,0
1086,0.20929267255833187,0.6212231030472863,-0.003998699695883491,0.023893628555451185,8.881784197001252e-16,0.03329778253485015,0.009337396064319381,0.000508995116096693,0,0
1087,0.2192756314796379,0.6160559576977092,-0.0008091637660893252,0.02677680341581934,-5.551115123125783e-16,0.04560583179346873,0.01882040365467308,0.00010630418923385579,0,0
1088,0.2097891514185422,0.6132537235160624,0.002309662349132434,0.027775304213239815,0.0,0.049942910569677465,0.022414251827676868,0.0006823575405887419,0,0
1089,0.23594841892180596,0.6124022341816466,-0.02212448317581619,0.009662932258337364,-5.551115123125783e-16,-0.011996344422818956,-0.023237050583637564,0.00021008226713840547,0,0
1090,0.24467172187809205,0.6143519909881054,-0.0207915960130607,0.009229915286424473,2.220446049250313e-16,-0.008344191682758084,-0.01932951289647844,0.0009993310391259308,0,0
1091,0.23632271378880723,0.6183149485727358,-0.017368615963998316,0.012510638885918302,1.3322676295501878e-15,0.003044076622827329,-0.010733127906177087,0.00041595197449255904,0,0
1092,0.24510792359242908,0.6182700869101123,-0.015249127724423963,0.014926087152841494,0.0,0.010623682319139719,-0.005639511752248638,0.0007767396041256907,0,0
1093,0.245413875904277,0.6182700869101123,-0.011361635010578216,0.018665594736028135,1.1102230246251565e-15,0.023816824889810777,0.00409871582042598,0.00046664423470978156,0,0
1094,0.2370683876204745,0.6183149485727358,-0.00789393159242634,0.022374003901682427,-3.3306690738754696e-16,0.032251370832200886,0.00921903195772622,0.000652800241299583,0,0
1095,0.24585007761861402,0.6143519909881054,-0.0058191667219414794,0.024880049668198123,9.992007221626409e-16,0.043804445674778064,0.018267616459848757,0.00027975354663982085,0,0
1096,0.2374426824874758,0.6124022341816466,-0.0031380643806084665,0.026000281273062975,-2.7755575615628914e-15,0.0486837509872091,0.022328696134025883,0.0009734350224457726,0,0
1097,0.2604110111704844,0.6115497568064587,-0.020884548881730962,0.008678489301119141,-1.3322676295501878e-15,-0.010811922000021576,-0.021854976871071297,0.0003107646508607176,0,0
1098,0.26761957887341026,0.6127235612066787,-0.019863410637974387,0.007841755727934108,0.0,-0.007026189552931549,-0.017417740578981267,0.0013316649106011776,0,0
1099,0.2606654993846397,0.6154809337257019,-0.01765096952972977,0.011167840377253824,8.881784197001252e-16,0.0032466306175691763,-0.009932914030625128,0.0006221818410036446,0,0
1100,0.2679027979208648,0.6151911870216075,-0.01626477143583244,0.013011678099787427,1.3322676295501878e-15,0.010248347318704209,-0.0048724619094080435,0.0010354481458207995,0,0
1101,0.26808698918447005,0.6151911870216075,-0.013924399529849429,0.016062435097519367,-5.551115123125783e-16,0.021417588761040673,0.0035096789415552943,0.0007306913416752006,0,0
1102,0.26115564296009297,0.6154809337257019,-0.011423104909901014,0.01979095173233636,4.440892098500626e-16,0.02975720526086098,0.008558716117234133,0.0008510488204989466,0,0
1103,0.26837020823192465,0.6127235612066787,-0.010325760327707482,0.0216060215553312,-1.2212453270876722e-15,0.0395437315031877,0.016464060404969172,0.0005258769257020894,0,0
1104,0.2614101311742483,0.6115497568064587,-0.008189525557899823,0.02287014688324507,-7.771561172376096e-16,0.04502852241761666,0.021028436232228387,0.0013590262813213058,0,0
1105,0.28008965476879505,0.6107738044002199,-0.019667635148591506,0.007400356957609544,-7.771561172376096e-16,-0.00806786414869204,-0.018640878683495732,0.0005488960964964394,0,0
1106,0.28547051206284785,0.6113226564051893,-0.018976523783035302,0.00602703284342454,1.2212453270876722e-15,-0.004321084939931687,-0.013681504799093025,0.0018466194301645818,0,0
1107,0.2802377347036882,0.6129826665075537,-0.017786101178520853,0.009214046198680603,-2.220446049250313e-16,0.003770756784748081,-0.008266042220402281,0.0009253947917024288,0,0
1108,0.2856235071700112,0.6125850560564972,-0.017032536627784055,0.010110073505142037,-1.3322676295501878e-15,0.00948379088789236,-0.003563180309349101,0.0013975364379980437,0,0
1109,0.2857096320340079,0.6125850560564972,-0.015938216472967726,0.012076120338329166,3.3306690738754696e-16,0.01723829435536617,0.0024237785609422247,0.0010802822029545578,0,0
1110,0.28050805083128993,0.6129826665075537,-0.014351409117721512,0.01570193814987575,-1.5543122344752192e-15,0.02508277111469805,0.007087737552886941,0.0010808092044393494,0,0
1111,0.2858626271411713,0.6113226564051893,-0.013994229317716479,0.016361423065373026,1.3322676295501878e-15,0.0316109298847485,0.012820529328988695,0.0008105163176265751,0,0
1112,0.28065613076618307,0.6107738044002199,-0.012469875147650866,0.017872176873940826,-6.661338147750939e-16,0.0378158562798835,0.01788248010203064,0.0017528097839154995,0,0
1113,0.2941122436856519,0.6101488520049694,-0.01868009868410519,0.005428227014230624,1.2212453270876722e-15,-0.0034480969822031564,-0.012713660381345249,0.0009908342947358723,0,0
1114,0.29743370456407947,0.6102904647271378,-0.018304959846286262,0.0036779406270379678,-4.440892098500626e-16,-0.00016302333999830478,-0.00777932785442359,0.0024451394127041216,0,0
1115,0.2941777454075985,0.6110666586763012,-0.017847820394479578,0.00628978359835064,-2.220446049250313e-16,0.004425845182114803,-0.005442143852910419,0.0012463997415931459,0,0
1116,0.2974924800487885,0.6107180773036267,-0.017558146504105466,0.005911198745162549,-1.7763568394002505e-15,0.007857692683917878,-0.0017462894875821533,0.0017370162562860836,0,0
1117,0.29751470166103827,0.6107180773036267,-0.01727579414929194,0.006500481477165088,4.440892098500626e-16,0.010895350689346493,0.0007841233767899025,0.0014266844551124053,0,0
1118,0.2942860918838449,0.6110666586763012,-0.016471147884849723,0.009725281262890184,-6.661338147750939e-16,0.01739342900627551,0.004434229514966415,0.0012047779512547336,0,0
1119,0.2975734771457473,0.6102904647271378,-0.016528980807111147,0.00878549801649775,-8.881784197001252e-16,0.01912293406613757,0.006915164209415958,0.0009951450313342072,0,0
1120,0.29435159360579155,0.6101488520049694,-0.015638869595224113,0.010721482345301347,-2.220446049250313e-16,0.025703153008731352,0.011905220328689792,0.0017782226958080564,0,0
1121,0.30185511901436546,0.6097416127221683,-0.01810238354579635,0.0024209622675824827,3.552713678800501e-15,0.0018895360147547714,-0.004733178539098493,0.0013255805803194416,0,0
1122,0.3018708320670762,0.6099418833544634,-0.017902730281023717,0.002524104083729495,3.3306690738754696e-16,0.004566194145533613,-0.0020680677827764615,0.0012303922476566793,0,0
1123,0.30189305367932595,0.6099418833544634,-0.017620377926210195,0.003241557385042282,-6.661338147750939e-16,0.008366565525521204,0.0011188721236324861,0.000987686386797972,0,0
1124,0.30190876673203665,0.6097416127221683,-0.017420724661437563,0.0033737201165205954,2.3314683517128287e-15,0.011115957511068744,0.003791624082061018,0.0010266312829316504,0,0
