source_leaf,dependent_leaf
1,3
1,7
1,9
1,10
1,11
1,12
1,13
1,14
1,15
1,16
1,17
1,18
1,19
1,20
1,21
1,22
1,23
1,24
1,28
1,51
1,52
1,53
1,54
1,55
1,56
1,57
1,58
1,59
1,60
1,61
1,62
1,63
1,64
1,65
1,66
1,67
1,68
1,69
1,70
1,71
1,72
1,73
1,74
1,75
1,76
1,77
1,78
1,79
1,80
1,81
1,90
1,91
1,92
1,93
1,94
1,95
1,96
1,97
1,98
1,99
1,100
1,101
1,102
1,103
1,104
1,105
1,106
1,107
1,108
1,109
1,110
1,111
1,112
1,113
1,114
1,115
1,116
1,117
1,118
1,119
1,120
1,121
1,122
1,123
1,124
1,125
1,126
1,127
1,128
1,129
1,132
1,268
1,269
1,270
1,271
1,272
1,273
1,274
1,275
1,276
1,277
1,278
1,279
1,280
1,281
1,282
1,283
1,284
1,285
1,286
1,287
1,288
1,289
1,290
1,291
1,292
1,293
1,294
1,295
1,296
1,297
1,298
1,299
1,300
1,301
1,302
1,303
1,304
1,305
1,306
1,307
1,308
1,309
1,310
1,311
1,312
1,313
1,314
1,315
1,316
1,317
1,318
1,319
1,320
1,321
1,322
1,323
1,324
1,325
1,326
1,327
1,328
1,330
1,331
1,332
1,333
1,334
1,335
1,337
1,339
1,465
1,466
1,470
1,479
1,480
1,481
1,482
1,483
1,484
1,485
1,486
1,487
1,488
1,489
1,490
1,491
1,492
1,493
1,494
1,495
1,496
1,498
1,499
1,500
1,501
1,502
1,503
1,504
1,505
1,506
1,507
1,508
1,509
1,510
1,511
1,512
1,513
1,514
1,515
1,516
1,517
1,518
1,519
1,520
1,521
1,522
1,523
1,524
1,525
1,526
1,527
1,528
1,529
1,536
1,537
1,538
1,539
1,540
1,541
1,542
1,543
1,544
1,545
1,546
1,547
1,548
1,549
1,550
1,551
1,552
1,553
1,554
1,555
1,556
1,557
1,558
1,559
1,560
1,561
1,562
1,563
1,564
1,565
1,566
1,845
1,848
1,849
1,851
1,852
1,853
1,854
1,855
1,856
1,857
1,858
1,859
1,860
1,861
1,862
1,863
1,864
1,865
1,866
1,867
1,868
1,869
1,871
2,3
2,4
2,17
2,18
2,25
2,27
2,29
2,30
2,31
2,32
2,33
2,34
2,35
2,44
2,45
2,46
2,47
2,48
2,49
2,80
2,82
2,83
2,84
2,85
2,86
2,87
2,88
2,89
2,112
2,121
2,122
2,125
2,126
2,128
2,130
2,131
2,132
2,133
2,134
2,135
2,136
2,137
2,138
2,139
2,140
2,141
2,142
2,143
2,144
2,145
2,146
2,147
2,148
2,149
2,150
2,151
2,152
2,153
2,154
2,155
2,156
2,157
2,158
2,159
2,160
2,161
2,162
2,163
2,164
2,165
2,166
2,167
2,168
2,169
2,170
2,171
2,172
2,173
2,174
2,175
2,176
2,177
2,178
2,179
2,180
2,181
2,182
2,183
2,184
2,185
2,186
2,187
2,188
2,189
2,190
2,191
2,192
2,193
2,194
2,195
2,196
2,197
2,198
2,199
2,200
2,201
2,202
2,203
2,204
2,205
2,206
2,207
2,208
2,209
2,210
2,211
2,212
2,213
2,214
2,216
2,220
2,224
2,251
2,252
2,341
2,351
2,352
2,353
2,354
2,355
2,356
2,357
2,358
2,359
2,360
2,362
2,363
2,364
2,365
2,366
2,367
2,368
2,369
2,370
2,371
2,372
2,373
2,374
2,375
2,376
2,377
2,378
2,379
2,380
2,381
2,382
2,383
2,384
2,385
2,386
2,387
2,388
2,389
2,390
2,391
2,392
2,393
2,394
2,395
2,396
2,397
2,398
2,399
2,406
2,407
2,408
2,409
2,410
2,411
2,412
2,413
2,414
2,415
2,416
2,417
2,418
2,419
2,420
2,421
2,422
2,423
2,424
2,425
2,426
2,427
2,428
2,429
2,430
2,431
2,432
2,433
2,434
2,435
2,436
2,437
2,438
2,439
2,440
2,441
2,442
2,443
2,444
2,445
2,446
2,447
2,448
2,449
2,450
2,451
2,452
2,453
2,454
2,530
2,531
2,532
2,533
2,534
2,535
2,567
2,568
2,569
2,570
2,571
2,572
2,573
2,574
2,575
2,576
2,577
2,578
2,579
2,580
2,581
2,582
2,583
2,584
2,585
2,586
2,587
2,588
2,589
2,590
2,591
2,592
2,593
2,594
2,595
2,596
2,597
2,598
2,599
2,600
2,601
2,602
2,603
2,604
2,605
2,606
2,607
2,608
2,609
2,610
2,611
2,612
2,613
2,614
2,615
2,616
2,617
2,618
2,619
2,620
2,621
2,622
2,623
2,624
2,625
2,626
2,627
2,628
2,629
2,630
2,631
2,632
2,633
2,634
2,635
2,636
2,637
2,638
2,639
2,640
2,641
2,642
2,643
2,644
2,645
2,646
2,647
2,648
2,649
2,650
2,651
2,652
2,653
2,654
2,655
2,656
2,657
2,658
2,659
2,660
2,661
2,662
2,663
2,664
2,665
2,666
2,667
2,898
2,899
2,900
2,901
2,902
2,903
2,904
2,905
2,906
2,907
2,908
2,909
2,910
2,911
2,912
2,913
2,914
2,915
2,916
2,917
2,918
2,919
2,920
2,921
2,922
2,923
2,924
2,925
2,926
2,927
2,928
2,929
2,930
2,931
2,932
2,1008
2,1009
2,1010
2,1011
2,1012
2,1013
2,1014
2,1015
2,1016
2,1017
2,1018
2,1019
2,1020
2,1021
2,1022
2,1023
2,1024
2,1025
2,1026
2,1027
2,1028
2,1029
2,1030
2,1031
2,1032
2,1033
2,1034
2,1035
2,1036
2,1037
2,1038
2,1039
2,1040
2,1041
2,1042
2,1043
2,1044
2,1045
2,1046
2,1047
2,1048
2,1049
2,1050
2,1051
2,1052
2,1053
2,1054
2,1055
2,1056
2,1057
2,1058
2,1059
2,1060
2,1061
2,1062
2,1063
2,1064
2,1065
2,1066
2,1067
2,1068
3,1
3,2
3,13
3,14
3,15
3,16
3,17
3,18
3,20
3,21
3,22
3,23
3,24
3,25
3,27
3,29
3,30
3,31
3,44
3,57
3,58
3,59
3,60
3,61
3,62
3,63
3,64
3,65
3,66
3,67
3,68
3,69
3,70
3,71
3,72
3,73
3,74
3,75
3,76
3,77
3,78
3,79
3,80
3,81
3,82
3,83
3,84
3,85
3,86
3,87
3,88
3,89
3,90
3,91
3,92
3,93
3,94
3,95
3,96
3,97
3,98
3,99
3,100
3,101
3,102
3,103
3,104
3,105
3,106
3,107
3,108
3,109
3,110
3,111
3,112
3,113
3,114
3,115
3,116
3,117
3,118
3,119
3,120
3,121
3,122
3,123
3,124
3,125
3,126
3,127
3,128
3,129
3,130
3,131
3,132
3,133
3,134
3,135
3,136
3,137
3,138
3,139
3,140
3,142
3,143
3,144
3,145
3,146
3,147
3,148
3,149
3,150
3,151
3,152
3,163
3,251
3,252
3,280
3,284
3,288
3,289
3,290
3,291
3,292
3,293
3,294
3,295
3,296
3,297
3,298
3,299
3,300
3,301
3,302
3,303
3,304
3,305
3,306
3,307
3,308
3,309
3,310
3,311
3,312
3,313
3,314
3,315
3,316
3,317
3,318
3,319
3,320
3,321
3,322
3,323
3,324
3,325
3,326
3,327
3,328
3,329
3,330
3,331
3,332
3,333
3,334
3,335
3,336
3,337
3,338
3,339
3,340
3,341
3,342
3,343
3,344
3,345
3,346
3,347
3,348
3,349
3,350
3,351
3,352
3,353
3,354
3,355
3,356
3,357
3,358
3,359
3,360
3,361
3,362
3,363
3,364
3,365
3,366
3,367
3,368
3,369
3,370
3,371
3,372
3,373
3,374
3,376
3,406
3,407
3,408
3,409
3,410
3,411
3,412
3,413
3,414
3,416
3,418
3,419
3,422
3,423
3,432
3,530
3,531
3,532
3,533
3,534
3,535
3,536
3,537
3,538
3,539
3,540
3,541
3,542
3,543
3,544
3,545
3,546
3,547
3,548
3,549
3,550
3,551
3,552
3,553
3,554
3,555
3,556
3,557
3,558
3,559
3,560
3,561
3,562
3,563
3,564
3,565
3,566
3,567
3,568
3,569
3,570
3,571
3,572
3,573
3,574
3,575
3,576
3,577
3,578
3,579
3,580
3,581
3,582
3,583
3,584
3,585
3,586
3,587
3,588
3,589
3,590
3,591
3,592
3,593
3,594
3,595
3,596
3,597
3,598
3,599
3,600
3,601
3,602
3,603
3,604
3,605
3,606
3,607
3,608
3,609
3,610
3,611
3,612
3,613
3,614
3,615
3,616
3,617
3,618
3,619
3,620
3,621
3,622
3,623
3,624
3,625
3,856
3,857
3,858
3,859
3,860
3,861
3,862
3,863
3,864
3,865
3,866
3,867
3,868
3,869
3,870
3,871
3,872
3,873
3,874
3,875
3,876
3,877
3,878
3,879
3,880
3,881
3,882
3,883
3,884
3,885
3,886
3,887
3,888
3,889
3,890
3,891
3,892
3,893
3,894
3,895
3,896
3,897
3,898
3,899
3,900
3,901
3,902
3,903
3,904
3,905
3,906
3,907
3,908
3,909
3,910
3,911
3,912
3,913
3,914
3,915
3,916
3,917
3,918
3,919
3,920
3,921
3,922
3,923
3,924
3,925
3,926
3,927
3,928
3,929
3,930
3,931
3,932
3,1008
3,1009
3,1010
3,1011
3,1012
3,1013
3,1014
3,1015
3,1016
3,1017
3,1018
3,1019
3,1020
3,1021
3,1022
3,1023
3,1024
3,1025
3,1026
3,1027
3,1028
3,1029
3,1030
3,1031
3,1032
3,1033
3,1034
3,1035
3,1036
3,1037
4,2
4,26
4,30
4,31
4,32
4,33
4,34
4,35
4,36
4,37
4,38
4,39
4,41
4,45
4,46
4,47
4,48
4,49
4,50
4,165
4,167
4,168
4,169
4,170
4,171
4,172
4,173
4,175
4,176
4,177
4,178
4,179
4,180
4,181
4,182
4,183
4,184
4,185
4,186
4,187
4,188
4,189
4,190
4,191
4,192
4,193
4,194
4,195
4,196
4,197
4,198
4,199
4,200
4,201
4,202
4,203
4,204
4,205
4,206
4,207
4,208
4,209
4,210
4,211
4,212
4,213
4,214
4,215
4,216
4,217
4,218
4,219
4,220
4,221
4,222
4,223
4,224
4,225
4,226
4,227
4,228
4,229
4,230
4,231
4,232
4,233
4,234
4,235
4,375
4,376
4,377
4,378
4,379
4,380
4,381
4,382
4,383
4,384
4,385
4,386
4,387
4,388
4,389
4,390
4,391
4,392
4,393
4,394
4,395
4,396
4,397
4,398
4,399
4,400
4,401
4,402
4,403
4,404
4,405
4,413
4,415
4,416
4,417
4,418
4,419
4,420
4,421
4,422
4,423
4,424
4,425
4,426
4,427
4,428
4,429
4,430
4,431
4,432
4,433
4,434
4,435
4,436
4,437
4,438
4,439
4,440
4,441
4,442
4,443
4,444
4,445
4,446
4,447
4,448
4,449
4,450
4,451
4,452
4,453
4,454
4,652
4,654
4,655
4,656
4,657
4,658
4,659
4,660
4,661
4,662
4,663
4,664
4,665
4,666
4,667
4,668
4,669
4,670
4,671
4,674
4,676
4,678
4,679
4,933
4,934
4,935
4,936
4,937
4,938
4,939
4,940
4,941
4,942
4,943
4,944
4,945
4,946
4,947
4,948
4,949
4,950
4,951
4,952
4,953
4,954
4,955
4,956
4,957
4,958
4,959
4,960
4,961
4,962
4,963
4,964
4,966
4,967
4,968
4,969
4,970
4,971
4,972
4,973
4,974
4,975
4,976
4,977
4,978
4,979
4,980
4,981
4,982
4,983
4,993
4,996
4,997
4,1038
4,1039
4,1040
4,1041
4,1042
4,1043
4,1044
4,1045
4,1046
4,1047
4,1048
4,1049
4,1050
4,1051
4,1052
4,1053
4,1054
4,1055
4,1056
4,1057
4,1058
4,1059
4,1060
4,1061
4,1062
4,1063
4,1064
4,1065
4,1066
4,1067
4,1068
5,6
5,7
5,8
5,9
5,10
5,253
5,254
5,255
5,256
5,257
5,258
5,259
5,260
5,261
5,262
5,263
5,264
5,762
5,763
5,764
5,765
5,766
5,767
5,768
5,769
5,770
5,771
5,772
5,773
5,774
5,775
5,776
5,777
5,778
5,779
5,780
5,781
5,782
5,783
5,784
5,785
5,786
5,787
5,788
5,789
5,790
5,791
5,792
5,793
5,794
5,795
5,796
5,797
5,798
5,799
5,800
5,801
5,802
5,803
5,804
5,805
5,806
5,807
5,808
5,809
5,810
5,811
5,812
5,814
6,5
6,7
6,8
6,9
6,10
6,11
6,253
6,254
6,255
6,256
6,257
6,258
6,259
6,260
6,261
6,262
6,263
6,264
6,265
6,266
6,267
6,268
6,269
6,455
6,456
6,457
6,458
6,459
6,460
6,461
6,462
6,463
6,464
6,465
6,466
6,467
6,468
6,469
6,470
6,471
6,472
6,473
6,474
6,475
6,476
6,477
6,478
6,762
6,763
6,764
6,765
6,766
6,767
6,768
6,769
6,770
6,771
6,772
6,773
6,774
6,775
6,776
6,777
6,778
6,779
6,780
6,781
6,782
6,783
6,784
6,785
6,786
6,787
6,788
6,789
6,790
6,791
6,792
6,793
6,794
6,795
6,796
6,797
6,798
6,799
6,800
6,801
6,802
6,803
6,804
6,805
6,806
6,807
6,808
6,809
6,810
6,811
6,812
6,813
6,814
6,815
6,816
6,817
6,818
6,819
6,820
6,822
6,824
6,826
7,1
7,5
7,6
7,8
7,9
7,10
7,11
7,12
7,19
7,20
7,28
7,52
7,53
7,55
7,253
7,254
7,255
7,256
7,257
7,258
7,259
7,260
7,261
7,262
7,263
7,264
7,265
7,266
7,267
7,268
7,269
7,270
7,271
7,272
7,273
7,274
7,275
7,276
7,455
7,456
7,457
7,458
7,459
7,460
7,461
7,462
7,463
7,464
7,465
7,466
7,467
7,468
7,469
7,470
7,471
7,472
7,473
7,474
7,475
7,476
7,477
7,478
7,479
7,480
7,481
7,482
7,483
7,484
7,485
7,486
7,487
7,488
7,489
7,490
7,491
7,492
7,493
7,494
7,495
7,496
7,497
7,498
7,499
7,500
7,501
7,502
7,503
7,508
7,509
7,510
7,511
7,512
7,513
7,514
7,515
7,516
7,517
7,518
7,519
7,520
7,521
7,766
7,767
7,768
7,769
7,773
7,776
7,777
7,778
7,779
7,780
7,781
7,782
7,783
7,784
7,785
7,786
7,787
7,788
7,789
7,790
7,791
7,792
7,793
7,794
7,795
7,796
7,797
7,798
7,799
7,800
7,801
7,802
7,803
7,804
7,805
7,806
7,807
7,808
7,809
7,810
7,811
7,812
7,813
7,814
7,815
7,816
7,817
7,818
7,819
7,820
7,821
7,822
7,823
7,824
7,825
7,826
7,827
7,828
7,829
7,830
7,831
7,832
7,833
7,834
7,835
7,836
7,837
7,838
7,839
7,840
7,841
7,842
7,843
7,844
7,848
8,5
8,6
8,7
8,9
8,10
8,11
8,12
8,19
8,28
8,52
8,253
8,254
8,255
8,256
8,257
8,258
8,259
8,260
8,261
8,262
8,263
8,264
8,265
8,266
8,267
8,268
8,269
8,270
8,271
8,272
8,273
8,455
8,456
8,457
8,458
8,459
8,460
8,461
8,462
8,463
8,464
8,465
8,466
8,467
8,468
8,469
8,470
8,471
8,472
8,473
8,474
8,475
8,476
8,477
8,478
8,479
8,480
8,481
8,482
8,483
8,484
8,485
8,486
8,487
8,488
8,489
8,490
8,491
8,492
8,493
8,494
8,495
8,496
8,497
8,498
8,499
8,500
8,501
8,502
8,503
8,513
8,762
8,763
8,764
8,765
8,766
8,767
8,768
8,769
8,770
8,771
8,772
8,773
8,774
8,775
8,776
8,777
8,778
8,779
8,780
8,781
8,782
8,783
8,784
8,785
8,786
8,787
8,788
8,789
8,790
8,791
8,792
8,793
8,794
8,795
8,796
8,797
8,798
8,799
8,800
8,801
8,802
8,803
8,804
8,805
8,806
8,807
8,808
8,809
8,810
8,811
8,812
8,813
8,814
8,815
8,816
8,817
8,818
8,819
8,820
8,821
8,822
8,823
8,824
8,825
8,826
8,827
8,828
8,829
8,830
8,831
8,832
8,833
8,834
8,835
8,836
8,838
8,840
8,841
8,842
8,843
9,1
9,5
9,6
9,7
9,8
9,10
9,11
9,12
9,19
9,20
9,28
9,52
9,53
9,55
9,56
9,253
9,254
9,255
9,256
9,257
9,258
9,259
9,260
9,261
9,262
9,263
9,264
9,265
9,266
9,267
9,268
9,269
9,270
9,271
9,272
9,273
9,274
9,275
9,276
9,277
9,278
9,280
9,281
9,282
9,285
9,286
9,455
9,456
9,457
9,458
9,459
9,460
9,461
9,462
9,463
9,464
9,465
9,466
9,467
9,468
9,469
9,470
9,471
9,472
9,473
9,474
9,475
9,476
9,477
9,478
9,479
9,480
9,481
9,482
9,483
9,484
9,485
9,486
9,487
9,488
9,489
9,490
9,491
9,492
9,493
9,494
9,495
9,496
9,497
9,498
9,499
9,500
9,501
9,502
9,503
9,504
9,506
9,508
9,509
9,510
9,511
9,512
9,513
9,514
9,515
9,516
9,517
9,518
9,519
9,520
9,521
9,522
9,523
9,526
9,527
9,762
9,763
9,764
9,765
9,766
9,767
9,768
9,769
9,770
9,771
9,772
9,773
9,774
9,775
9,776
9,777
9,778
9,779
9,780
9,781
9,782
9,783
9,784
9,785
9,786
9,787
9,788
9,789
9,790
9,791
9,792
9,793
9,794
9,795
9,796
9,797
9,798
9,799
9,800
9,801
9,802
9,803
9,804
9,805
9,806
9,807
9,808
9,809
9,810
9,811
9,812
9,813
9,814
9,815
9,816
9,817
9,818
9,819
9,820
9,821
9,822
9,823
9,824
9,825
9,826
9,827
9,828
9,829
9,830
9,831
9,832
9,833
9,834
9,835
9,836
9,837
9,838
9,839
9,840
9,841
9,842
9,843
9,844
9,845
9,846
9,847
9,848
9,849
9,850
9,851
9,852
9,853
9,854
9,855
10,1
10,5
10,6
10,7
10,8
10,9
10,11
10,12
10,13
10,19
10,20
10,21
10,28
10,51
10,52
10,53
10,54
10,55
10,56
10,57
10,59
10,61
10,253
10,254
10,255
10,256
10,257
10,258
10,259
10,260
10,261
10,262
10,263
10,264
10,265
10,266
10,267
10,268
10,269
10,270
10,271
10,272
10,273
10,274
10,275
10,276
10,277
10,278
10,279
10,280
10,281
10,282
10,283
10,284
10,285
10,286
10,290
10,455
10,456
10,457
10,458
10,459
10,460
10,461
10,462
10,463
10,464
10,465
10,466
10,467
10,468
10,469
10,470
10,471
10,472
10,473
10,474
10,475
10,476
10,477
10,478
10,479
10,480
10,481
10,482
10,483
10,484
10,485
10,486
10,487
10,488
10,489
10,490
10,491
10,492
10,493
10,494
10,495
10,496
10,497
10,498
10,499
10,500
10,501
10,502
10,503
10,504
10,505
10,506
10,507
10,508
10,509
10,510
10,511
10,512
10,513
10,514
10,515
10,516
10,517
10,518
10,519
10,520
10,521
10,522
10,523
10,524
10,525
10,526
10,527
10,528
10,529
10,777
10,780
10,781
10,782
10,783
10,788
10,789
10,792
10,793
10,794
10,795
10,796
10,797
10,798
10,799
10,800
10,801
10,802
10,803
10,804
10,805
10,806
10,807
10,808
10,809
10,810
10,811
10,812
10,813
10,814
10,815
10,816
10,817
10,818
10,819
10,820
10,821
10,822
10,823
10,824
10,825
10,826
10,827
10,828
10,829
10,830
10,831
10,832
10,833
10,834
10,835
10,836
10,837
10,838
10,839
10,840
10,841
10,842
10,843
10,844
10,845
10,846
10,847
10,848
10,849
10,850
10,851
10,852
10,853
10,854
10,855
11,1
11,6
11,7
11,8
11,9
11,10
11,12
11,13
11,14
11,19
11,20
11,21
11,28
11,51
11,52
11,53
11,54
11,55
11,56
11,57
11,58
11,59
11,60
11,61
11,62
11,63
11,65
11,97
11,98
11,253
11,254
11,255
11,256
11,257
11,258
11,259
11,260
11,261
11,262
11,263
11,264
11,265
11,266
11,267
11,268
11,269
11,270
11,271
11,272
11,273
11,274
11,275
11,276
11,277
11,278
11,279
11,280
11,281
11,282
11,283
11,284
11,285
11,286
11,287
11,288
11,289
11,290
11,291
11,292
11,293
11,294
11,296
11,305
11,306
11,455
11,456
11,457
11,458
11,459
11,460
11,461
11,462
11,463
11,464
11,465
11,466
11,467
11,468
11,469
11,470
11,471
11,472
11,473
11,474
11,475
11,476
11,477
11,478
11,479
11,480
11,481
11,482
11,483
11,484
11,485
11,486
11,487
11,488
11,489
11,490
11,491
11,492
11,493
11,494
11,495
11,496
11,497
11,498
11,499
11,500
11,501
11,502
11,503
11,504
11,505
11,506
11,507
11,508
11,509
11,510
11,511
11,512
11,513
11,514
11,515
11,516
11,517
11,518
11,519
11,520
11,521
11,522
11,523
11,524
11,525
11,526
11,527
11,528
11,529
11,796
11,797
11,798
11,799
11,805
11,808
11,809
11,810
11,811
11,812
11,813
11,814
11,815
11,816
11,817
11,818
11,819
11,820
11,821
11,822
11,823
11,824
11,825
11,826
11,827
11,828
11,829
11,830
11,831
11,832
11,833
11,834
11,835
11,836
11,837
11,838
11,839
11,840
11,841
11,842
11,843
11,844
11,845
11,846
11,847
11,848
11,849
11,850
11,851
11,852
11,853
11,854
11,855
12,1
12,3
12,7
12,8
12,9
12,10
12,11
12,13
12,14
12,15
12,19
12,20
12,21
12,22
12,28
12,51
12,52
12,53
12,54
12,55
12,56
12,57
12,58
12,59
12,60
12,61
12,62
12,63
12,64
12,65
12,66
12,67
12,69
12,90
12,97
12,98
12,99
12,100
12,257
12,258
12,259
12,260
12,262
12,263
12,264
12,265
12,266
12,267
12,268
12,269
12,270
12,271
12,272
12,273
12,274
12,275
12,276
12,277
12,278
12,279
12,280
12,281
12,282
12,283
12,284
12,285
12,286
12,287
12,288
12,289
12,290
12,291
12,292
12,293
12,294
12,295
12,296
12,297
12,298
12,299
12,300
12,301
12,302
12,304
12,305
12,306
12,307
12,308
12,309
12,455
12,456
12,457
12,458
12,459
12,460
12,461
12,462
12,463
12,464
12,465
12,466
12,467
12,468
12,469
12,470
12,471
12,472
12,473
12,474
12,475
12,476
12,477
12,478
12,479
12,480
12,481
12,482
12,483
12,484
12,485
12,486
12,487
12,488
12,489
12,490
12,491
12,492
12,493
12,494
12,495
12,496
12,497
12,498
12,499
12,500
12,501
12,502
12,503
12,504
12,505
12,506
12,507
12,508
12,509
12,510
12,511
12,512
12,513
12,514
12,515
12,516
12,517
12,518
12,519
12,520
12,521
12,522
12,523
12,524
12,525
12,526
12,527
12,528
12,529
12,536
12,537
12,538
12,540
12,541
12,542
12,816
12,817
12,819
12,820
12,821
12,822
12,823
12,824
12,825
12,826
12,827
12,828
12,829
12,830
12,831
12,832
12,833
12,834
12,835
12,836
12,837
12,838
12,839
12,840
12,841
12,842
12,843
12,844
12,845
12,846
12,847
12,848
12,849
12,850
12,851
12,852
12,853
12,854
12,855
13,1
13,3
13,11
13,12
13,14
13,15
13,16
13,17
13,19
13,20
13,21
13,22
13,23
13,24
13,51
13,53
13,54
13,55
13,56
13,57
13,58
13,59
13,60
13,61
13,62
13,63
13,64
13,65
13,66
13,67
13,68
13,69
13,70
13,71
13,72
13,73
13,74
13,75
13,76
13,77
13,90
13,91
13,92
13,93
13,94
13,95
13,96
13,97
13,98
13,99
13,100
13,101
13,102
13,103
13,104
13,105
13,106
13,107
13,108
13,113
13,114
13,115
13,117
13,118
13,274
13,275
13,277
13,278
13,279
13,280
13,281
13,282
13,283
13,284
13,287
13,288
13,289
13,290
13,291
13,292
13,293
13,294
13,295
13,296
13,297
13,298
13,299
13,300
13,301
13,302
13,303
13,304
13,305
13,306
13,307
13,308
13,309
13,310
13,311
13,312
13,313
13,314
13,315
13,316
13,317
13,318
13,319
13,320
13,321
13,322
13,323
13,324
13,325
13,326
13,327
13,328
13,330
13,331
13,504
13,505
13,506
13,507
13,516
13,518
13,521
13,522
13,523
13,524
13,525
13,526
13,527
13,528
13,529
13,536
13,537
13,538
13,539
13,540
13,541
13,542
13,543
13,544
13,545
13,546
13,547
13,548
13,549
13,550
13,551
13,552
13,553
13,554
13,555
13,556
13,557
13,558
13,559
13,560
13,561
13,562
13,563
13,564
13,565
13,566
13,856
13,857
13,858
13,859
13,860
13,861
13,862
13,863
13,864
13,865
13,867
14,1
14,3
14,12
14,13
14,15
14,16
14,17
14,18
14,20
14,21
14,22
14,23
14,24
14,51
14,54
14,56
14,57
14,58
14,59
14,60
14,61
14,62
14,63
14,64
14,65
14,66
14,67
14,68
14,69
14,70
14,71
14,72
14,73
14,74
14,75
14,76
14,77
14,78
14,79
14,81
14,90
14,91
14,92
14,93
14,94
14,95
14,96
14,97
14,98
14,99
14,100
14,101
14,102
14,103
14,104
14,105
14,106
14,107
14,108
14,109
14,110
14,111
14,113
14,114
14,115
14,116
14,117
14,118
14,119
14,120
14,123
14,124
14,127
14,129
14,279
14,280
14,289
14,290
14,291
14,292
14,293
14,294
14,295
14,296
14,297
14,298
14,299
14,300
14,301
14,302
14,303
14,304
14,307
14,308
14,309
14,310
14,311
14,312
14,313
14,314
14,315
14,316
14,317
14,318
14,319
14,320
14,321
14,322
14,323
14,324
14,325
14,326
14,327
14,328
14,330
14,331
14,332
14,333
14,334
14,335
14,336
14,337
14,338
14,339
14,536
14,537
14,538
14,539
14,540
14,541
14,542
14,543
14,544
14,545
14,546
14,547
14,548
14,549
14,550
14,551
14,552
14,553
14,554
14,555
14,556
14,557
14,558
14,559
14,560
14,561
14,562
14,563
14,564
14,565
14,566
14,857
14,859
14,860
14,863
14,864
14,867
14,868
14,871
14,872
14,875
15,1
15,3
15,13
15,14
15,16
15,17
15,18
15,20
15,21
15,22
15,23
15,24
15,25
15,29
15,57
15,58
15,59
15,60
15,62
15,63
15,64
15,65
15,66
15,67
15,68
15,69
15,70
15,71
15,72
15,73
15,74
15,75
15,76
15,77
15,78
15,79
15,80
15,81
15,82
15,83
15,84
15,85
15,90
15,91
15,92
15,93
15,94
15,95
15,96
15,97
15,98
15,99
15,100
15,101
15,102
15,103
15,104
15,105
15,106
15,107
15,108
15,109
15,110
15,111
15,112
15,113
15,114
15,115
15,116
15,117
15,118
15,119
15,120
15,121
15,122
15,123
15,124
15,125
15,126
15,127
15,128
15,129
15,130
15,131
15,132
15,133
15,134
15,135
15,136
15,291
15,292
15,297
15,298
15,299
15,300
15,301
15,302
15,303
15,304
15,310
15,311
15,312
15,313
15,314
15,315
15,316
15,317
15,318
15,319
15,320
15,321
15,322
15,323
15,324
15,325
15,326
15,327
15,328
15,329
15,330
15,331
15,332
15,333
15,334
15,335
15,336
15,337
15,338
15,339
15,340
15,341
15,342
15,343
15,344
15,345
15,346
15,349
15,351
15,352
15,536
15,537
15,538
15,539
15,540
15,541
15,542
15,543
15,544
15,545
15,546
15,547
15,548
15,549
15,550
15,551
15,552
15,553
15,554
15,555
15,556
15,557
15,558
15,559
15,560
15,561
15,562
15,563
15,564
15,565
15,566
15,567
15,568
15,571
15,572
15,864
15,867
15,868
15,871
15,872
15,875
15,876
15,879
15,880
15,881
15,884
15,885
16,1
16,3
16,13
16,14
16,15
16,17
16,18
16,21
16,22
16,23
16,24
16,25
16,29
16,64
16,66
16,67
16,68
16,69
16,70
16,71
16,72
16,73
16,74
16,75
16,76
16,77
16,78
16,79
16,80
16,81
16,82
16,83
16,84
16,85
16,86
16,87
16,89
16,90
16,91
16,92
16,93
16,94
16,95
16,96
16,99
16,100
16,101
16,102
16,103
16,104
16,105
16,106
16,107
16,108
16,109
16,110
16,111
16,112
16,113
16,114
16,115
16,116
16,117
16,118
16,119
16,120
16,121
16,122
16,123
16,124
16,125
16,126
16,127
16,128
16,129
16,130
16,131
16,132
16,133
16,134
16,135
16,136
16,137
16,138
16,299
16,300
16,311
16,312
16,313
16,314
16,315
16,316
16,317
16,318
16,319
16,320
16,321
16,322
16,323
16,324
16,325
16,326
16,328
16,330
16,331
16,332
16,333
16,334
16,335
16,336
16,337
16,338
16,339
16,340
16,341
16,342
16,343
16,344
16,345
16,346
16,349
16,350
16,351
16,352
16,353
16,354
16,355
16,356
16,357
16,358
16,359
16,361
16,538
16,539
16,542
16,543
16,544
16,545
16,546
16,547
16,548
16,549
16,550
16,551
16,552
16,553
16,554
16,555
16,556
16,557
16,558
16,559
16,560
16,561
16,562
16,563
16,564
16,565
16,566
16,567
16,568
16,569
16,570
16,571
16,572
16,573
16,574
16,575
16,576
16,577
16,578
16,579
16,580
16,581
16,872
16,875
16,876
16,879
16,880
16,881
16,884
16,885
16,886
16,887
16,890
16,891
17,1
17,2
17,3
17,13
17,14
17,15
17,16
17,18
17,22
17,23
17,24
17,25
17,27
17,29
17,44
17,67
17,68
17,70
17,71
17,72
17,73
17,74
17,75
17,76
17,77
17,78
17,79
17,80
17,81
17,82
17,83
17,84
17,85
17,86
17,87
17,88
17,89
17,91
17,92
17,93
17,94
17,95
17,96
17,100
17,101
17,102
17,103
17,104
17,105
17,106
17,107
17,108
17,109
17,110
17,111
17,112
17,113
17,114
17,115
17,116
17,117
17,118
17,119
17,120
17,121
17,122
17,123
17,124
17,125
17,126
17,127
17,128
17,129
17,130
17,131
17,132
17,133
17,134
17,135
17,136
17,137
17,138
17,143
17,144
17,251
17,313
17,314
17,319
17,320
17,321
17,322
17,323
17,324
17,325
17,326
17,330
17,331
17,332
17,333
17,334
17,335
17,336
17,337
17,338
17,339
17,340
17,341
17,342
17,343
17,344
17,345
17,346
17,349
17,350
17,351
17,352
17,353
17,354
17,355
17,356
17,357
17,358
17,359
17,360
17,361
17,362
17,363
17,364
17,365
17,366
17,530
17,531
17,532
17,533
17,534
17,535
17,554
17,555
17,558
17,559
17,560
17,561
17,562
17,563
17,564
17,565
17,566
17,567
17,568
17,569
17,570
17,571
17,572
17,573
17,574
17,575
17,576
17,577
17,578
17,579
17,580
17,581
17,582
17,583
17,584
17,585
17,586
17,587
17,588
17,589
17,590
17,591
17,592
17,593
17,594
17,595
17,596
17,597
17,598
17,601
17,602
17,613
17,614
17,880
17,881
17,884
17,885
17,886
17,887
17,890
17,891
17,892
17,893
17,894
17,895
17,896
17,897
17,898
17,899
17,900
17,901
17,902
17,903
17,904
17,905
17,906
17,907
17,908
17,911
17,912
17,913
17,914
17,915
17,916
18,1
18,2
18,3
18,14
18,15
18,16
18,17
18,22
18,23
18,24
18,25
18,27
18,29
18,30
18,44
18,71
18,72
18,73
18,74
18,75
18,76
18,77
18,78
18,79
18,80
18,81
18,82
18,83
18,84
18,85
18,86
18,87
18,88
18,89
18,93
18,95
18,96
18,102
18,103
18,104
18,105
18,106
18,107
18,108
18,109
18,110
18,111
18,112
18,113
18,114
18,115
18,116
18,117
18,118
18,119
18,120
18,121
18,122
18,123
18,124
18,125
18,126
18,127
18,128
18,129
18,130
18,131
18,132
18,133
18,134
18,135
18,136
18,137
18,138
18,139
18,140
18,141
18,142
18,143
18,144
18,145
18,146
18,147
18,148
18,149
18,150
18,152
18,251
18,252
18,321
18,322
18,330
18,331
18,332
18,333
18,334
18,335
18,336
18,337
18,338
18,339
18,340
18,341
18,342
18,343
18,344
18,345
18,346
18,349
18,350
18,351
18,352
18,353
18,354
18,355
18,356
18,357
18,358
18,359
18,360
18,361
18,362
18,363
18,364
18,365
18,366
18,367
18,368
18,369
18,370
18,406
18,407
18,530
18,531
18,532
18,533
18,534
18,535
18,567
18,568
18,569
18,570
18,571
18,572
18,573
18,574
18,575
18,576
18,577
18,578
18,579
18,580
18,581
18,582
18,583
18,584
18,585
18,586
18,587
18,588
18,589
18,590
18,591
18,592
18,593
18,594
18,595
18,596
18,597
18,598
18,599
18,600
18,601
18,602
18,603
18,604
18,605
18,606
18,607
18,608
18,609
18,610
18,611
18,612
18,613
18,614
18,615
18,616
18,617
18,618
18,619
18,620
18,621
18,622
18,623
18,624
18,890
18,891
18,894
18,895
18,896
18,897
18,898
18,899
18,900
18,901
18,902
18,903
18,904
18,905
18,906
18,907
18,908
18,909
18,910
18,911
18,912
18,913
18,914
18,915
18,916
18,917
18,918
18,919
18,920
18,921
18,922
18,923
18,924
18,925
18,926
18,927
18,928
18,929
18,930
18,931
18,932
18,1008
18,1009
18,1010
18,1011
18,1012
18,1013
18,1014
18,1015
19,1
19,7
19,8
19,9
19,10
19,11
19,12
19,13
19,14
19,20
19,21
19,22
19,28
19,51
19,52
19,53
19,54
19,55
19,56
19,57
19,58
19,59
19,60
19,61
19,62
19,63
19,64
19,65
19,66
19,97
19,98
19,99
19,259
19,260
19,263
19,264
19,265
19,266
19,267
19,268
19,269
19,270
19,271
19,272
19,273
19,274
19,275
19,276
19,277
19,278
19,279
19,280
19,281
19,282
19,283
19,284
19,285
19,286
19,287
19,288
19,289
19,290
19,291
19,292
19,293
19,294
19,295
19,296
19,297
19,298
19,302
19,305
19,306
19,308
19,455
19,456
19,457
19,458
19,459
19,460
19,461
19,462
19,463
19,464
19,465
19,466
19,467
19,468
19,469
19,470
19,471
19,472
19,473
19,474
19,475
19,476
19,477
19,478
19,479
19,480
19,481
19,482
19,483
19,484
19,485
19,486
19,487
19,488
19,489
19,490
19,491
19,492
19,493
19,494
19,495
19,496
19,497
19,498
19,499
19,500
19,501
19,502
19,503
19,504
19,505
19,506
19,507
19,508
19,509
19,510
19,511
19,512
19,513
19,514
19,515
19,516
19,517
19,518
19,519
19,520
19,521
19,522
19,523
19,524
19,525
19,526
19,527
19,528
19,529
19,541
19,821
19,824
19,825
19,828
19,829
19,830
19,831
19,832
19,833
19,834
19,835
19,836
19,837
19,838
19,839
19,840
19,841
19,842
19,843
19,844
19,845
19,846
19,847
19,848
19,849
19,850
19,851
19,852
19,853
19,854
19,855
20,1
20,3
20,7
20,9
20,10
20,11
20,12
20,13
20,14
20,15
20,19
20,21
20,22
20,23
20,28
20,51
20,52
20,53
20,54
20,55
20,56
20,57
20,58
20,59
20,60
20,61
20,62
20,63
20,64
20,65
20,66
20,67
20,68
20,69
20,70
20,90
20,91
20,92
20,97
20,98
20,99
20,100
20,101
20,265
20,266
20,268
20,269
20,270
20,271
20,272
20,273
20,274
20,275
20,276
20,277
20,278
20,279
20,280
20,281
20,282
20,283
20,284
20,285
20,286
20,287
20,288
20,289
20,290
20,291
20,292
20,293
20,294
20,295
20,296
20,297
20,298
20,299
20,300
20,301
20,302
20,303
20,304
20,305
20,306
20,307
20,308
20,309
20,310
20,311
20,312
20,314
20,316
20,463
20,464
20,465
20,466
20,467
20,468
20,469
20,470
20,475
20,476
20,478
20,479
20,480
20,481
20,482
20,483
20,484
20,485
20,486
20,487
20,488
20,489
20,490
20,491
20,492
20,493
20,494
20,495
20,496
20,497
20,498
20,499
20,500
20,501
20,502
20,503
20,504
20,505
20,506
20,507
20,508
20,509
20,510
20,511
20,512
20,513
20,514
20,515
20,516
20,517
20,518
20,519
20,520
20,521
20,522
20,523
20,524
20,525
20,526
20,527
20,528
20,529
20,536
20,537
20,538
20,539
20,540
20,541
20,542
20,543
20,544
20,545
20,546
20,547
20,548
20,549
20,550
20,551
20,552
20,553
20,556
20,557
20,833
20,836
20,837
20,838
20,839
20,840
20,841
20,842
20,843
20,844
20,845
20,846
20,847
20,848
20,849
20,850
20,851
20,852
20,853
20,854
20,855
21,1
21,3
21,10
21,11
21,12
21,13
21,14
21,15
21,16
21,19
21,20
21,22
21,23
21,24
21,28
21,51
21,52
21,53
21,54
21,55
21,56
21,57
21,58
21,59
21,60
21,61
21,62
21,63
21,64
21,65
21,66
21,67
21,68
21,69
21,70
21,71
21,72
21,73
21,90
21,91
21,92
21,93
21,94
21,95
21,96
21,97
21,98
21,99
21,100
21,101
21,102
21,103
21,104
21,105
21,271
21,272
21,273
21,274
21,275
21,276
21,277
21,278
21,279
21,280
21,281
21,282
21,283
21,284
21,285
21,286
21,287
21,288
21,289
21,290
21,291
21,292
21,293
21,294
21,295
21,296
21,297
21,298
21,299
21,300
21,301
21,302
21,303
21,304
21,305
21,306
21,307
21,308
21,309
21,310
21,311
21,312
21,313
21,314
21,315
21,316
21,317
21,318
21,319
21,320
21,327
21,489
21,490
21,493
21,494
21,501
21,504
21,505
21,506
21,507
21,508
21,509
21,510
21,511
21,512
21,513
21,514
21,515
21,516
21,517
21,518
21,519
21,520
21,521
21,522
21,523
21,524
21,525
21,526
21,527
21,528
21,529
21,536
21,537
21,538
21,539
21,540
21,541
21,542
21,543
21,544
21,545
21,546
21,547
21,548
21,549
21,550
21,551
21,552
21,553
21,554
21,555
21,556
21,557
21,558
21,559
21,560
21,561
21,562
21,563
21,564
21,565
21,566
21,853
21,856
21,857
22,1
22,3
22,12
22,13
22,14
22,15
22,16
22,17
22,18
22,19
22,20
22,21
22,23
22,24
22,29
22,51
22,54
22,55
22,56
22,57
22,58
22,59
22,60
22,61
22,62
22,63
22,64
22,65
22,66
22,67
22,68
22,69
22,70
22,71
22,72
22,73
22,74
22,75
22,76
22,77
22,78
22,79
22,80
22,81
22,82
22,90
22,91
22,92
22,93
22,94
22,95
22,96
22,97
22,98
22,99
22,100
22,101
22,102
22,103
22,104
22,105
22,106
22,107
22,108
22,109
22,110
22,111
22,113
22,114
22,115
22,116
22,117
22,118
22,119
22,120
22,123
22,124
22,125
22,126
22,127
22,128
22,129
22,130
22,278
22,279
22,280
22,283
22,284
22,288
22,289
22,290
22,291
22,292
22,293
22,294
22,295
22,296
22,297
22,298
22,299
22,300
22,301
22,302
22,303
22,304
22,305
22,306
22,307
22,308
22,309
22,310
22,311
22,312
22,313
22,314
22,315
22,316
22,317
22,318
22,319
22,320
22,321
22,322
22,323
22,324
22,325
22,326
22,327
22,328
22,329
22,330
22,331
22,332
22,333
22,334
22,335
22,336
22,337
22,338
22,339
22,341
22,342
22,343
22,346
22,347
22,349
22,536
22,537
22,538
22,539
22,540
22,541
22,542
22,543
22,544
22,545
22,546
22,547
22,548
22,549
22,550
22,551
22,552
22,553
22,554
22,555
22,556
22,557
22,558
22,559
22,560
22,561
22,562
22,563
22,564
22,565
22,566
22,856
22,857
22,858
22,859
22,860
22,861
22,862
22,863
22,864
22,865
22,866
22,867
22,868
22,869
22,870
22,871
22,872
22,873
22,874
22,875
22,876
22,877
22,878
22,879
22,880
22,881
22,882
22,883
22,885
23,1
23,3
23,13
23,14
23,15
23,16
23,17
23,18
23,20
23,21
23,22
23,24
23,25
23,29
23,58
23,60
23,61
23,62
23,63
23,64
23,65
23,66
23,67
23,68
23,69
23,70
23,71
23,72
23,73
23,74
23,75
23,76
23,77
23,78
23,79
23,80
23,81
23,82
23,83
23,84
23,85
23,86
23,90
23,91
23,92
23,93
23,94
23,95
23,96
23,97
23,98
23,99
23,100
23,101
23,102
23,103
23,104
23,105
23,106
23,107
23,108
23,109
23,110
23,111
23,112
23,113
23,114
23,115
23,116
23,117
23,118
23,119
23,120
23,121
23,122
23,123
23,124
23,125
23,126
23,127
23,128
23,129
23,130
23,131
23,132
23,133
23,134
23,135
23,136
23,291
23,292
23,295
23,296
23,297
23,298
23,299
23,300
23,301
23,302
23,303
23,304
23,308
23,309
23,310
23,311
23,312
23,313
23,314
23,315
23,316
23,317
23,318
23,319
23,320
23,321
23,322
23,323
23,324
23,325
23,326
23,327
23,328
23,329
23,330
23,331
23,332
23,333
23,334
23,335
23,336
23,337
23,338
23,339
23,340
23,341
23,342
23,343
23,344
23,345
23,346
23,347
23,348
23,349
23,350
23,351
23,352
23,355
23,356
23,536
23,537
23,538
23,539
23,540
23,541
23,542
23,543
23,544
23,545
23,546
23,547
23,548
23,549
23,550
23,551
23,552
23,553
23,554
23,555
23,556
23,557
23,558
23,559
23,560
23,561
23,562
23,563
23,564
23,565
23,566
23,567
23,568
23,571
23,572
23,859
23,860
23,861
23,862
23,863
23,864
23,865
23,866
23,867
23,868
23,869
23,870
23,871
23,872
23,873
23,874
23,875
23,876
23,877
23,878
23,879
23,880
23,881
23,882
23,883
23,884
23,885
23,886
23,887
23,888
23,889
23,890
23,891
23,892
24,1
24,3
24,13
24,14
24,15
24,16
24,17
24,18
24,21
24,22
24,23
24,25
24,29
24,64
24,66
24,67
24,68
24,69
24,70
24,71
24,72
24,73
24,74
24,75
24,76
24,77
24,78
24,79
24,80
24,81
24,82
24,83
24,84
24,85
24,86
24,87
24,89
24,90
24,91
24,92
24,93
24,94
24,95
24,96
24,99
24,100
24,101
24,102
24,103
24,104
24,105
24,106
24,107
24,108
24,109
24,110
24,111
24,112
24,113
24,114
24,115
24,116
24,117
24,118
24,119
24,120
24,121
24,122
24,123
24,124
24,125
24,126
24,127
24,128
24,129
24,130
24,131
24,132
24,133
24,134
24,135
24,136
24,137
24,138
24,299
24,300
24,304
24,311
24,312
24,313
24,314
24,315
24,316
24,317
24,318
24,319
24,320
24,321
24,322
24,323
24,324
24,325
24,326
24,327
24,328
24,329
24,330
24,331
24,332
24,333
24,334
24,335
24,336
24,337
24,338
24,339
24,340
24,341
24,342
24,343
24,344
24,345
24,346
24,347
24,348
24,349
24,350
24,351
24,352
24,353
24,354
24,355
24,356
24,357
24,358
24,359
24,360
24,361
24,362
24,363
24,364
24,365
24,546
24,547
24,548
24,549
24,550
24,551
24,552
24,553
24,554
24,555
24,556
24,557
24,558
24,559
24,560
24,561
24,562
24,563
24,564
24,565
24,566
24,567
24,568
24,569
24,570
24,571
24,572
24,573
24,574
24,575
24,576
24,577
24,578
24,579
24,580
24,581
24,582
24,585
24,867
24,868
24,870
24,871
24,872
24,873
24,874
24,875
24,876
24,877
24,878
24,879
24,880
24,881
24,882
24,883
24,884
24,885
24,886
24,887
24,888
24,889
24,890
24,891
24,892
24,893
24,894
24,895
24,896
24,897
24,898
24,899
24,900
24,901
25,2
25,3
25,15
25,16
25,17
25,18
25,23
25,24
25,27
25,29
25,30
25,31
25,44
25,76
25,78
25,79
25,80
25,81
25,82
25,83
25,84
25,85
25,86
25,87
25,88
25,89
25,108
25,109
25,110
25,111
25,112
25,113
25,114
25,115
25,116
25,118
25,119
25,120
25,121
25,122
25,123
25,124
25,125
25,126
25,127
25,128
25,129
25,130
25,131
25,132
25,133
25,134
25,135
25,136
25,137
25,138
25,139
25,140
25,141
25,142
25,143
25,144
25,145
25,146
25,147
25,148
25,149
25,150
25,151
25,152
25,153
25,158
25,159
25,162
25,163
25,251
25,252
25,333
25,338
25,339
25,340
25,341
25,343
25,344
25,345
25,351
25,352
25,353
25,354
25,355
25,356
25,357
25,358
25,359
25,360
25,361
25,362
25,363
25,364
25,365
25,366
25,367
25,368
25,369
25,370
25,371
25,372
25,373
25,374
25,406
25,407
25,408
25,409
25,410
25,414
25,530
25,531
25,532
25,533
25,534
25,535
25,567
25,568
25,569
25,570
25,571
25,572
25,573
25,574
25,575
25,576
25,577
25,578
25,579
25,580
25,581
25,582
25,583
25,584
25,585
25,586
25,587
25,588
25,589
25,590
25,591
25,592
25,593
25,594
25,595
25,596
25,597
25,598
25,599
25,600
25,601
25,602
25,603
25,604
25,605
25,606
25,607
25,608
25,609
25,610
25,611
25,612
25,613
25,614
25,615
25,616
25,617
25,618
25,619
25,620
25,621
25,622
25,623
25,624
25,625
25,898
25,899
25,900
25,901
25,902
25,903
25,904
25,905
25,906
25,907
25,908
25,909
25,910
25,911
25,912
25,913
25,914
25,915
25,916
25,917
25,918
25,919
25,920
25,921
25,922
25,923
25,924
25,925
25,926
25,927
25,928
25,929
25,930
25,931
25,932
25,1008
25,1009
25,1010
25,1011
25,1012
25,1013
25,1014
25,1015
25,1016
25,1017
25,1018
25,1019
25,1020
25,1021
25,1022
25,1023
26,4
26,36
26,37
26,38
26,39
26,48
26,49
26,50
26,194
26,195
26,196
26,197
26,198
26,201
26,202
26,206
26,207
26,208
26,209
26,210
26,211
26,212
26,213
26,214
26,215
26,216
26,217
26,218
26,219
26,220
26,221
26,222
26,223
26,224
26,225
26,226
26,227
26,228
26,229
26,230
26,231
26,232
26,233
26,234
26,235
26,236
26,237
26,238
26,239
26,240
26,241
26,394
26,395
26,397
26,400
26,401
26,402
26,403
26,404
26,668
26,669
26,670
26,671
26,672
26,673
26,674
26,675
26,676
26,677
26,678
26,679
26,680
26,681
26,682
26,683
26,684
26,685
26,686
26,687
26,688
26,689
26,690
26,691
26,692
26,693
26,694
26,695
26,696
26,697
26,698
26,699
26,700
26,701
26,702
26,703
26,704
26,705
26,706
26,933
26,934
26,935
26,936
26,937
26,939
26,940
26,941
26,942
26,943
26,944
26,945
26,946
26,947
26,948
26,949
26,950
26,951
26,952
26,953
26,954
26,959
26,960
26,961
26,962
26,963
26,964
26,965
26,966
26,967
26,968
26,969
26,970
26,971
26,972
26,973
26,974
26,976
26,977
26,984
26,985
26,986
27,2
27,3
27,17
27,18
27,25
27,29
27,30
27,31
27,32
27,33
27,44
27,45
27,46
27,47
27,83
27,84
27,85
27,86
27,87
27,88
27,89
27,133
27,134
27,135
27,137
27,138
27,139
27,140
27,141
27,142
27,143
27,144
27,145
27,146
27,147
27,148
27,149
27,150
27,151
27,152
27,153
27,154
27,155
27,156
27,157
27,158
27,159
27,160
27,161
27,162
27,163
27,164
27,165
27,166
27,167
27,168
27,169
27,170
27,171
27,172
27,173
27,174
27,177
27,178
27,180
27,181
27,182
27,184
27,251
27,252
27,353
27,354
27,357
27,358
27,359
27,360
27,364
27,365
27,366
27,367
27,368
27,369
27,370
27,371
27,372
27,373
27,374
27,375
27,376
27,377
27,378
27,379
27,380
27,381
27,382
27,384
27,406
27,407
27,408
27,409
27,410
27,411
27,412
27,413
27,414
27,415
27,416
27,417
27,418
27,419
27,420
27,421
27,422
27,423
27,424
27,425
27,426
27,427
27,428
27,429
27,430
27,431
27,432
27,433
27,434
27,435
27,436
27,439
27,530
27,531
27,532
27,533
27,534
27,535
27,579
27,580
27,581
27,582
27,583
27,584
27,585
27,586
27,587
27,588
27,589
27,590
27,591
27,592
27,593
27,594
27,595
27,596
27,597
27,598
27,599
27,600
27,601
27,602
27,603
27,604
27,605
27,606
27,607
27,608
27,609
27,610
27,611
27,612
27,613
27,614
27,615
27,616
27,617
27,618
27,619
27,620
27,621
27,622
27,623
27,624
27,625
27,626
27,627
27,628
27,629
27,630
27,631
27,632
27,633
27,634
27,635
27,636
27,637
27,638
27,639
27,640
27,641
27,642
27,643
27,644
27,904
27,905
27,906
27,907
27,908
27,909
27,910
27,911
27,912
27,913
27,914
27,915
27,916
27,917
27,918
27,919
27,920
27,921
27,922
27,923
27,924
27,925
27,926
27,927
27,928
27,929
27,930
27,931
27,932
27,1008
27,1009
27,1010
27,1011
27,1012
27,1013
27,1014
27,1015
27,1016
27,1017
27,1018
27,1019
27,1020
27,1021
27,1022
27,1023
27,1024
27,1025
27,1026
27,1027
27,1028
27,1029
27,1030
27,1031
27,1032
27,1033
27,1034
27,1035
27,1036
27,1037
28,1
28,9
28,10
28,11
28,12
28,19
28,20
28,21
28,52
28,53
28,54
28,55
28,56
28,59
28,61
28,62
28,262
28,263
28,264
28,265
28,266
28,267
28,268
28,269
28,270
28,271
28,272
28,273
28,274
28,275
28,276
28,277
28,278
28,279
28,280
28,281
28,282
28,283
28,284
28,285
28,286
28,287
28,288
28,289
28,290
28,291
28,292
28,293
28,294
28,295
28,296
28,298
28,301
28,302
28,305
28,306
28,307
28,308
28,309
28,476
28,477
28,478
28,485
28,486
28,487
28,489
28,490
28,491
28,492
28,493
28,494
28,495
28,496
28,497
28,498
28,499
28,500
28,501
28,502
28,503
28,508
28,509
28,510
28,511
28,512
28,513
28,514
28,515
28,516
28,517
28,518
28,519
28,520
28,521
28,522
28,523
28,524
28,526
28,527
28,528
28,529
28,817
28,818
28,819
28,820
28,821
28,822
28,823
28,824
28,825
28,826
28,827
28,828
28,829
28,830
28,831
28,832
28,833
28,834
28,835
28,836
28,837
28,838
28,839
28,840
28,841
28,842
28,843
28,844
28,845
28,846
28,847
28,848
28,849
28,850
28,851
28,852
28,853
28,854
28,855
29,2
29,3
29,15
29,16
29,17
29,18
29,22
29,23
29,24
29,25
29,27
29,30
29,31
29,44
29,72
29,74
29,75
29,76
29,77
29,78
29,79
29,80
29,81
29,82
29,83
29,84
29,85
29,86
29,87
29,88
29,89
29,105
29,108
29,109
29,110
29,111
29,112
29,113
29,114
29,115
29,116
29,117
29,118
29,119
29,120
29,121
29,122
29,123
29,124
29,125
29,126
29,127
29,128
29,129
29,130
29,131
29,132
29,133
29,134
29,135
29,136
29,137
29,138
29,140
29,143
29,144
29,145
29,146
29,149
29,150
29,251
29,252
29,320
29,321
29,322
29,324
29,325
29,326
29,329
29,330
29,331
29,332
29,333
29,334
29,335
29,336
29,337
29,338
29,339
29,340
29,341
29,342
29,343
29,344
29,345
29,346
29,347
29,348
29,349
29,350
29,351
29,352
29,353
29,354
29,355
29,356
29,357
29,358
29,359
29,360
29,361
29,362
29,363
29,364
29,365
29,366
29,367
29,368
29,369
29,370
29,371
29,372
29,373
29,406
29,407
29,409
29,410
29,411
29,530
29,531
29,532
29,533
29,534
29,535
29,567
29,568
29,569
29,570
29,571
29,572
29,573
29,574
29,575
29,576
29,577
29,578
29,579
29,580
29,581
29,582
29,583
29,584
29,585
29,586
29,587
29,588
29,589
29,590
29,591
29,592
29,593
29,594
29,595
29,596
29,597
29,598
29,599
29,600
29,601
29,602
29,603
29,604
29,605
29,606
29,607
29,608
29,609
29,610
29,611
29,612
29,613
29,614
29,615
29,616
29,617
29,618
29,619
29,879
29,880
29,881
29,882
29,883
29,884
29,885
29,886
29,887
29,888
29,889
29,890
29,891
29,892
29,893
29,894
29,895
29,896
29,897
29,898
29,899
29,900
29,901
29,902
29,903
29,904
29,905
29,906
29,907
29,908
29,909
29,910
29,911
29,912
29,913
29,914
29,915
29,916
29,917
29,918
29,919
29,920
29,921
29,922
29,923
29,924
29,925
29,926
29,927
29,928
29,929
29,930
29,931
29,932
29,1008
29,1009
29,1010
29,1011
29,1012
29,1013
29,1014
29,1015
29,1016
29,1017
29,1018
29,1019
29,1020
29,1021
29,1022
29,1023
29,1024
29,1025
30,2
30,3
30,4
30,18
30,25
30,27
30,29
30,31
30,32
30,33
30,34
30,44
30,45
30,46
30,47
30,86
30,87
30,88
30,89
30,137
30,138
30,139
30,140
30,141
30,142
30,143
30,144
30,145
30,146
30,147
30,148
30,149
30,150
30,151
30,152
30,153
30,154
30,157
30,158
30,159
30,160
30,161
30,162
30,163
30,164
30,165
30,166
30,167
30,168
30,169
30,170
30,171
30,172
30,173
30,181
30,182
30,251
30,252
30,352
30,353
30,354
30,355
30,356
30,357
30,358
30,359
30,360
30,361
30,362
30,363
30,364
30,365
30,366
30,367
30,368
30,369
30,370
30,371
30,372
30,373
30,374
30,375
30,376
30,377
30,378
30,379
30,380
30,381
30,382
30,383
30,384
30,385
30,406
30,407
30,408
30,409
30,410
30,411
30,412
30,413
30,414
30,415
30,416
30,417
30,418
30,419
30,420
30,421
30,422
30,423
30,424
30,425
30,426
30,427
30,428
30,429
30,430
30,431
30,432
30,433
30,434
30,435
30,436
30,437
30,438
30,439
30,440
30,441
30,442
30,448
30,449
30,450
30,530
30,531
30,532
30,533
30,534
30,535
30,589
30,590
30,591
30,592
30,593
30,594
30,595
30,596
30,597
30,598
30,599
30,600
30,601
30,602
30,603
30,604
30,605
30,606
30,607
30,608
30,609
30,610
30,611
30,612
30,613
30,614
30,615
30,616
30,617
30,618
30,619
30,620
30,621
30,622
30,623
30,624
30,625
30,626
30,627
30,628
30,629
30,632
30,633
30,899
30,900
30,901
30,902
30,903
30,904
30,905
30,906
30,907
30,908
30,909
30,910
30,911
30,912
30,913
30,914
30,915
30,916
30,917
30,918
30,919
30,920
30,921
30,922
30,923
30,924
30,925
30,926
30,927
30,928
30,929
30,930
30,931
30,932
30,1008
30,1009
30,1010
30,1011
30,1012
30,1013
30,1014
30,1015
30,1016
30,1017
30,1018
30,1019
30,1020
30,1021
30,1022
30,1023
30,1024
30,1025
30,1026
30,1027
30,1028
30,1029
30,1030
30,1031
30,1032
30,1033
30,1034
30,1035
30,1036
30,1037
31,2
31,3
31,4
31,25
31,27
31,29
31,30
31,32
31,33
31,34
31,35
31,44
31,45
31,46
31,47
31,139
31,140
31,141
31,142
31,143
31,144
31,145
31,146
31,147
31,148
31,149
31,150
31,151
31,152
31,153
31,154
31,157
31,158
31,159
31,160
31,161
31,162
31,163
31,164
31,165
31,166
31,167
31,168
31,169
31,170
31,171
31,172
31,173
31,177
31,178
31,179
31,180
31,181
31,182
31,183
31,184
31,189
31,190
31,251
31,252
31,358
31,360
31,366
31,367
31,368
31,369
31,370
31,371
31,372
31,373
31,374
31,375
31,376
31,377
31,378
31,379
31,380
31,381
31,382
31,383
31,384
31,385
31,386
31,388
31,389
31,406
31,407
31,408
31,409
31,410
31,411
31,412
31,413
31,414
31,415
31,416
31,417
31,418
31,419
31,420
31,421
31,422
31,423
31,424
31,425
31,426
31,427
31,428
31,429
31,430
31,431
31,432
31,433
31,434
31,435
31,436
31,437
31,438
31,439
31,440
31,441
31,442
31,443
31,444
31,448
31,449
31,450
31,451
31,452
31,453
31,607
31,608
31,609
31,610
31,611
31,612
31,615
31,616
31,617
31,618
31,619
31,620
31,621
31,622
31,623
31,624
31,625
31,626
31,627
31,628
31,629
31,630
31,631
31,632
31,633
31,636
31,637
31,638
31,639
31,642
31,643
31,909
31,910
31,921
31,922
31,925
31,926
31,927
31,928
31,929
31,930
31,931
31,932
31,1008
31,1009
31,1010
31,1011
31,1012
31,1013
31,1014
31,1015
31,1016
31,1017
31,1018
31,1019
31,1020
31,1021
31,1022
31,1023
31,1024
31,1025
31,1026
31,1027
31,1028
31,1029
31,1030
31,1031
31,1032
31,1033
31,1034
31,1035
31,1036
31,1037
31,1038
31,1039
31,1040
31,1041
31,1042
31,1043
31,1044
31,1045
31,1046
31,1049
31,1050
32,2
32,4
32,27
32,30
32,31
32,33
32,34
32,35
32,44
32,45
32,46
32,47
32,48
32,141
32,144
32,145
32,146
32,147
32,148
32,149
32,150
32,151
32,152
32,153
32,154
32,157
32,158
32,159
32,160
32,161
32,162
32,163
32,164
32,165
32,166
32,167
32,168
32,169
32,170
32,171
32,172
32,173
32,175
32,177
32,178
32,179
32,180
32,181
32,182
32,183
32,184
32,185
32,186
32,187
32,188
32,189
32,190
32,191
32,192
32,203
32,204
32,367
32,369
32,370
32,371
32,372
32,373
32,374
32,375
32,376
32,377
32,378
32,379
32,380
32,381
32,382
32,383
32,384
32,385
32,386
32,387
32,388
32,389
32,390
32,392
32,406
32,407
32,408
32,409
32,410
32,411
32,412
32,413
32,414
32,415
32,416
32,417
32,418
32,419
32,420
32,421
32,422
32,423
32,424
32,425
32,426
32,427
32,428
32,429
32,430
32,431
32,432
32,433
32,434
32,435
32,436
32,437
32,438
32,439
32,440
32,441
32,442
32,443
32,444
32,445
32,448
32,449
32,450
32,451
32,452
32,453
32,454
32,632
32,633
32,636
32,637
32,638
32,639
32,642
32,643
32,644
32,647
32,648
32,651
32,1022
32,1024
32,1025
32,1026
32,1027
32,1028
32,1029
32,1030
32,1031
32,1032
32,1033
32,1034
32,1035
32,1036
32,1037
32,1038
32,1039
32,1040
32,1041
32,1042
32,1043
32,1044
32,1045
32,1046
32,1047
32,1048
32,1049
32,1050
32,1051
32,1052
32,1053
32,1054
32,1055
32,1056
32,1057
32,1058
32,1059
32,1060
32,1061
32,1062
32,1065
32,1066
33,2
33,4
33,27
33,30
33,31
33,32
33,34
33,35
33,44
33,45
33,46
33,47
33,48
33,49
33,151
33,152
33,154
33,157
33,158
33,159
33,160
33,161
33,162
33,163
33,164
33,165
33,166
33,167
33,168
33,169
33,170
33,171
33,172
33,173
33,174
33,175
33,176
33,177
33,178
33,179
33,180
33,181
33,182
33,183
33,184
33,185
33,186
33,187
33,188
33,189
33,190
33,191
33,192
33,193
33,199
33,200
33,201
33,202
33,203
33,204
33,205
33,206
33,211
33,212
33,371
33,372
33,373
33,374
33,375
33,376
33,377
33,378
33,379
33,380
33,381
33,382
33,383
33,384
33,385
33,386
33,387
33,388
33,389
33,390
33,391
33,392
33,393
33,394
33,396
33,397
33,398
33,399
33,408
33,409
33,410
33,411
33,412
33,413
33,414
33,415
33,416
33,417
33,418
33,419
33,420
33,421
33,422
33,423
33,424
33,425
33,426
33,427
33,428
33,429
33,430
33,431
33,432
33,433
33,434
33,435
33,436
33,437
33,438
33,439
33,440
33,441
33,442
33,443
33,444
33,445
33,446
33,447
33,448
33,449
33,450
33,451
33,452
33,453
33,454
33,638
33,639
33,642
33,643
33,644
33,647
33,648
33,651
33,652
33,655
33,656
33,659
33,1032
33,1033
33,1036
33,1037
33,1038
33,1039
33,1040
33,1041
33,1042
33,1043
33,1044
33,1045
33,1046
33,1047
33,1048
33,1049
33,1050
33,1051
33,1052
33,1053
33,1054
33,1055
33,1056
33,1057
33,1058
33,1059
33,1060
33,1061
33,1062
33,1063
33,1064
33,1065
33,1066
33,1067
33,1068
34,2
34,4
34,30
34,31
34,32
34,33
34,35
34,36
34,45
34,46
34,47
34,48
34,49
34,164
34,165
34,166
34,167
34,168
34,169
34,170
34,171
34,172
34,173
34,175
34,176
34,177
34,178
34,179
34,180
34,181
34,182
34,183
34,184
34,185
34,186
34,187
34,188
34,189
34,190
34,191
34,192
34,193
34,194
34,195
34,196
34,199
34,200
34,201
34,202
34,203
34,204
34,205
34,206
34,207
34,208
34,209
34,210
34,211
34,212
34,213
34,214
34,223
34,224
34,375
34,377
34,378
34,379
34,380
34,381
34,382
34,383
34,384
34,385
34,386
34,387
34,388
34,389
34,390
34,391
34,392
34,393
34,394
34,395
34,396
34,397
34,398
34,399
34,400
34,402
34,405
34,415
34,417
34,420
34,421
34,424
34,425
34,426
34,427
34,428
34,429
34,430
34,431
34,433
34,434
34,435
34,436
34,437
34,438
34,439
34,440
34,441
34,442
34,443
34,444
34,445
34,446
34,447
34,448
34,449
34,450
34,451
34,452
34,453
34,454
34,648
34,651
34,652
34,655
34,656
34,659
34,660
34,663
34,664
34,666
34,1038
34,1039
34,1040
34,1041
34,1042
34,1043
34,1044
34,1045
34,1046
34,1047
34,1048
34,1049
34,1050
34,1051
34,1052
34,1053
34,1054
34,1055
34,1056
34,1057
34,1058
34,1059
34,1060
34,1061
34,1062
34,1063
34,1064
34,1065
34,1066
34,1067
34,1068
35,2
35,4
35,31
35,32
35,33
35,34
35,36
35,37
35,45
35,46
35,47
35,48
35,49
35,50
35,172
35,173
35,175
35,176
35,177
35,178
35,179
35,180
35,181
35,182
35,183
35,184
35,185
35,186
35,187
35,188
35,189
35,190
35,191
35,192
35,193
35,194
35,195
35,196
35,197
35,198
35,199
35,200
35,201
35,202
35,203
35,204
35,205
35,206
35,207
35,208
35,209
35,210
35,211
35,212
35,213
35,214
35,215
35,216
35,219
35,220
35,221
35,222
35,223
35,224
35,225
35,226
35,228
35,229
35,379
35,380
35,381
35,382
35,383
35,384
35,385
35,386
35,387
35,388
35,389
35,390
35,391
35,392
35,393
35,394
35,395
35,396
35,397
35,398
35,399
35,400
35,401
35,402
35,403
35,405
35,426
35,427
35,428
35,430
35,431
35,435
35,437
35,438
35,439
35,440
35,441
35,442
35,443
35,444
35,445
35,446
35,447
35,448
35,449
35,450
35,451
35,452
35,453
35,454
35,656
35,658
35,659
35,660
35,661
35,662
35,663
35,664
35,665
35,666
35,667
35,933
35,934
35,935
35,936
35,937
35,938
35,939
35,940
35,941
35,944
35,945
35,955
35,956
35,957
35,958
35,1038
35,1039
35,1040
35,1041
35,1042
35,1043
35,1044
35,1045
35,1046
35,1047
35,1048
35,1049
35,1050
35,1051
35,1052
35,1053
35,1054
35,1055
35,1056
35,1057
35,1058
35,1059
35,1060
35,1061
35,1062
35,1063
35,1064
35,1065
35,1066
35,1067
35,1068
36,2
36,4
36,26
36,33
36,34
36,35
36,37
36,38
36,39
36,40
36,41
36,47
36,48
36,49
36,50
36,194
36,195
36,196
36,197
36,198
36,200
36,201
36,202
36,203
36,204
36,205
36,206
36,207
36,208
36,209
36,210
36,211
36,212
36,213
36,214
36,215
36,216
36,217
36,218
36,219
36,220
36,221
36,222
36,223
36,224
36,225
36,226
36,227
36,228
36,229
36,230
36,231
36,232
36,233
36,234
36,235
36,236
36,237
36,238
36,239
36,240
36,241
36,243
36,244
36,245
36,246
36,387
36,389
36,390
36,391
36,392
36,393
36,394
36,395
36,396
36,397
36,398
36,399
36,400
36,401
36,402
36,403
36,404
36,405
36,444
36,445
36,446
36,447
36,454
36,668
36,669
36,670
36,671
36,672
36,673
36,674
36,675
36,676
36,677
36,678
36,679
36,680
36,681
36,682
36,683
36,684
36,685
36,686
36,687
36,688
36,689
36,690
36,691
36,692
36,693
36,694
36,695
36,696
36,697
36,698
36,699
36,700
36,701
36,702
36,703
36,704
36,706
36,707
36,933
36,934
36,935
36,936
36,937
36,938
36,939
36,940
36,941
36,942
36,943
36,944
36,945
36,946
36,947
36,948
36,949
36,950
36,951
36,952
36,953
36,954
36,955
36,956
36,957
36,958
36,959
36,960
36,961
36,962
36,963
36,964
36,965
36,966
36,967
36,968
36,969
36,970
36,971
36,972
36,973
36,974
36,975
36,976
36,977
36,978
36,979
36,980
36,981
36,982
36,983
36,984
36,985
36,986
36,987
36,988
36,989
36,990
36,991
36,992
36,993
36,994
36,995
36,996
36,997
36,998
36,999
36,1000
36,1001
36,1002
36,1003
36,1004
36,1005
36,1006
36,1007
36,1061
36,1063
36,1064
36,1065
36,1067
36,1068
37,4
37,26
37,34
37,35
37,36
37,38
37,39
37,40
37,41
37,42
37,48
37,49
37,50
37,197
37,198
37,208
37,209
37,210
37,211
37,212
37,213
37,214
37,215
37,216
37,217
37,218
37,219
37,220
37,221
37,222
37,223
37,224
37,225
37,226
37,227
37,228
37,229
37,230
37,231
37,232
37,233
37,234
37,235
37,236
37,237
37,238
37,239
37,240
37,241
37,242
37,243
37,244
37,245
37,246
37,247
37,248
37,249
37,250
37,391
37,393
37,394
37,395
37,396
37,397
37,398
37,399
37,400
37,401
37,402
37,403
37,404
37,405
37,446
37,447
37,668
37,669
37,670
37,671
37,672
37,673
37,674
37,675
37,676
37,677
37,678
37,679
37,680
37,681
37,682
37,683
37,684
37,685
37,686
37,687
37,688
37,689
37,690
37,691
37,692
37,693
37,694
37,695
37,696
37,697
37,698
37,699
37,700
37,701
37,702
37,703
37,704
37,705
37,706
37,707
37,708
37,709
37,710
37,711
37,712
37,713
37,714
37,715
37,718
37,724
37,725
37,726
37,727
37,933
37,934
37,935
37,936
37,937
37,938
37,939
37,940
37,941
37,942
37,943
37,944
37,945
37,946
37,947
37,948
37,949
37,950
37,951
37,952
37,953
37,954
37,955
37,956
37,957
37,958
37,959
37,960
37,961
37,962
37,963
37,964
37,965
37,966
37,967
37,968
37,969
37,970
37,971
37,972
37,973
37,974
37,975
37,976
37,977
37,978
37,979
37,980
37,981
37,982
37,983
37,984
37,985
37,986
37,987
37,988
37,989
37,990
37,991
37,992
37,993
37,994
37,995
37,996
37,997
37,998
37,999
37,1000
37,1001
37,1002
37,1003
37,1004
37,1005
37,1006
37,1007
38,4
38,26
38,35
38,36
38,37
38,39
38,40
38,41
38,42
38,43
38,48
38,49
38,50
38,214
38,217
38,218
38,219
38,220
38,221
38,222
38,223
38,224
38,225
38,226
38,227
38,228
38,229
38,230
38,231
38,232
38,233
38,234
38,235
38,236
38,237
38,238
38,239
38,240
38,241
38,242
38,243
38,244
38,245
38,246
38,247
38,248
38,249
38,250
38,395
38,397
38,399
38,400
38,401
38,402
38,403
38,404
38,405
38,668
38,669
38,670
38,671
38,672
38,673
38,674
38,675
38,676
38,677
38,678
38,679
38,680
38,681
38,682
38,683
38,684
38,685
38,686
38,687
38,688
38,689
38,690
38,691
38,692
38,693
38,694
38,695
38,696
38,697
38,698
38,699
38,700
38,701
38,702
38,703
38,704
38,705
38,706
38,707
38,708
38,709
38,710
38,711
38,712
38,713
38,714
38,715
38,716
38,717
38,718
38,719
38,720
38,721
38,722
38,723
38,724
38,725
38,726
38,727
38,728
38,729
38,730
38,731
38,734
38,735
38,740
38,741
38,742
38,743
38,746
38,933
38,934
38,935
38,936
38,937
38,938
38,939
38,940
38,941
38,942
38,943
38,944
38,945
38,946
38,947
38,948
38,949
38,950
38,951
38,952
38,953
38,954
38,955
38,956
38,957
38,958
38,959
38,960
38,961
38,962
38,963
38,964
38,965
38,966
38,967
38,968
38,969
38,970
38,971
38,972
38,973
38,974
38,975
38,976
38,977
38,978
38,979
38,980
38,981
38,982
38,983
38,984
38,985
38,986
38,987
38,988
38,989
38,990
38,991
38,992
38,993
38,994
38,995
38,996
38,997
38,998
38,999
38,1000
38,1001
38,1002
38,1003
38,1004
38,1005
38,1006
38,1007
39,4
39,26
39,36
39,37
39,38
39,40
39,41
39,42
39,43
39,49
39,50
39,217
39,218
39,221
39,222
39,224
39,225
39,226
39,227
39,228
39,229
39,230
39,231
39,232
39,233
39,234
39,235
39,236
39,237
39,238
39,239
39,240
39,241
39,242
39,243
39,244
39,245
39,246
39,247
39,248
39,249
39,250
39,400
39,401
39,403
39,404
39,668
39,669
39,670
39,671
39,672
39,673
39,674
39,675
39,676
39,677
39,678
39,679
39,680
39,681
39,682
39,683
39,684
39,685
39,686
39,687
39,688
39,689
39,690
39,691
39,692
39,693
39,694
39,695
39,696
39,697
39,698
39,699
39,700
39,701
39,702
39,703
39,704
39,705
39,706
39,707
39,708
39,709
39,710
39,711
39,712
39,713
39,714
39,715
39,716
39,717
39,718
39,719
39,720
39,721
39,722
39,723
39,724
39,725
39,726
39,727
39,728
39,729
39,730
39,731
39,732
39,733
39,734
39,735
39,736
39,737
39,738
39,739
39,740
39,741
39,742
39,743
39,744
39,745
39,746
39,747
39,748
39,749
39,750
39,751
39,752
39,753
39,754
39,755
39,756
39,757
39,758
39,759
39,760
39,761
39,935
39,936
39,939
39,940
39,941
39,942
39,943
39,944
39,945
39,946
39,947
39,948
39,949
39,950
39,951
39,952
39,953
39,954
39,956
39,958
39,959
39,960
39,961
39,962
39,963
39,964
39,965
39,966
39,967
39,968
39,969
39,970
39,971
39,972
39,973
39,974
39,975
39,976
39,977
39,978
39,979
39,980
39,981
39,982
39,983
39,984
39,985
39,986
39,987
39,988
39,989
39,990
39,991
39,992
39,993
39,994
39,995
39,996
39,997
39,998
39,999
39,1000
39,1001
39,1002
39,1003
39,1004
39,1005
39,1006
39,1007
40,26
40,36
40,37
40,38
40,39
40,41
40,42
40,43
40,50
40,230
40,231
40,232
40,233
40,234
40,235
40,236
40,237
40,238
40,239
40,240
40,241
40,242
40,243
40,244
40,245
40,246
40,247
40,248
40,249
40,250
40,404
40,681
40,683
40,684
40,685
40,686
40,687
40,688
40,689
40,690
40,691
40,692
40,693
40,694
40,695
40,696
40,697
40,698
40,699
40,700
40,701
40,702
40,703
40,704
40,705
40,706
40,707
40,708
40,709
40,710
40,711
40,712
40,713
40,714
40,715
40,716
40,717
40,718
40,719
40,720
40,721
40,722
40,723
40,724
40,725
40,726
40,727
40,728
40,729
40,730
40,731
40,732
40,733
40,734
40,735
40,736
40,737
40,738
40,739
40,740
40,741
40,742
40,743
40,744
40,745
40,746
40,747
40,748
40,749
40,750
40,751
40,752
40,753
40,754
40,755
40,756
40,757
40,758
40,759
40,760
40,761
40,950
40,959
40,960
40,961
40,962
40,963
40,964
40,965
40,966
40,967
40,968
40,969
40,970
40,971
40,972
40,973
40,974
40,975
40,976
40,977
40,978
40,979
40,980
40,981
40,982
40,983
40,984
40,985
40,986
40,987
40,988
40,989
40,990
40,991
40,992
40,993
40,994
40,995
40,996
40,997
40,998
40,999
40,1000
40,1001
40,1002
40,1003
40,1004
40,1005
40,1006
40,1007
41,4
41,26
41,36
41,37
41,38
41,39
41,40
41,42
41,43
41,49
41,50
41,227
41,228
41,229
41,230
41,231
41,232
41,233
41,234
41,235
41,236
41,237
41,238
41,239
41,240
41,241
41,242
41,243
41,244
41,245
41,246
41,247
41,248
41,249
41,250
41,401
41,403
41,404
41,675
41,679
41,680
41,681
41,682
41,683
41,684
41,685
41,686
41,687
41,688
41,689
41,690
41,691
41,692
41,693
41,694
41,695
41,696
41,697
41,698
41,699
41,700
41,701
41,702
41,703
41,704
41,705
41,706
41,707
41,708
41,709
41,710
41,711
41,712
41,713
41,714
41,715
41,716
41,717
41,718
41,719
41,720
41,721
41,722
41,723
41,724
41,725
41,726
41,727
41,728
41,729
41,730
41,731
41,732
41,733
41,734
41,735
41,736
41,737
41,738
41,739
41,740
41,741
41,742
41,743
41,744
41,745
41,746
41,747
41,750
41,754
41,755
41,756
41,757
41,940
41,942
41,943
41,944
41,945
41,946
41,947
41,948
41,949
41,950
41,951
41,952
41,953
41,954
41,959
41,960
41,961
41,962
41,963
41,964
41,965
41,966
41,967
41,968
41,969
41,970
41,971
41,972
41,973
41,974
41,975
41,976
41,977
41,978
41,979
41,980
41,981
41,982
41,983
41,984
41,985
41,986
41,987
41,988
41,989
41,990
41,991
41,992
41,993
41,994
41,995
41,996
41,997
41,998
41,999
41,1000
41,1001
41,1002
41,1003
41,1004
41,1005
41,1006
41,1007
42,37
42,38
42,39
42,40
42,41
42,43
42,234
42,235
42,236
42,237
42,238
42,239
42,240
42,241
42,242
42,243
42,244
42,245
42,246
42,247
42,248
42,249
42,250
42,697
42,699
42,701
42,703
42,704
42,705
42,706
42,707
42,708
42,709
42,710
42,711
42,712
42,713
42,714
42,715
42,716
42,717
42,718
42,719
42,720
42,721
42,722
42,723
42,724
42,725
42,726
42,727
42,728
42,729
42,730
42,731
42,732
42,733
42,734
42,735
42,736
42,737
42,738
42,739
42,740
42,741
42,742
42,743
42,744
42,745
42,746
42,747
42,748
42,749
42,750
42,751
42,752
42,753
42,754
42,755
42,756
42,757
42,758
42,759
42,760
42,761
42,984
42,985
42,986
42,987
42,988
42,989
42,990
42,991
42,992
42,993
42,994
42,995
42,996
42,997
42,998
42,999
42,1000
42,1001
42,1002
42,1003
42,1004
42,1005
42,1006
42,1007
43,38
43,39
43,40
43,41
43,42
43,239
43,240
43,241
43,242
43,243
43,244
43,245
43,246
43,247
43,248
43,249
43,250
43,709
43,711
43,712
43,713
43,714
43,715
43,716
43,717
43,718
43,719
43,720
43,721
43,722
43,723
43,724
43,725
43,726
43,727
43,728
43,729
43,730
43,731
43,732
43,733
43,734
43,735
43,736
43,737
43,738
43,739
43,740
43,741
43,742
43,743
43,744
43,745
43,746
43,747
43,748
43,749
43,750
43,751
43,752
43,753
43,754
43,755
43,756
43,757
43,758
43,759
43,760
43,761
44,2
44,3
44,17
44,18
44,25
44,27
44,29
44,30
44,31
44,32
44,33
44,45
44,46
44,82
44,83
44,84
44,85
44,86
44,87
44,88
44,89
44,130
44,134
44,135
44,136
44,137
44,138
44,139
44,140
44,141
44,142
44,143
44,144
44,145
44,146
44,147
44,148
44,149
44,150
44,151
44,152
44,158
44,159
44,161
44,162
44,163
44,164
44,165
44,171
44,251
44,252
44,340
44,341
44,344
44,345
44,350
44,351
44,352
44,353
44,354
44,355
44,356
44,357
44,358
44,359
44,360
44,361
44,362
44,363
44,364
44,365
44,366
44,367
44,368
44,369
44,370
44,371
44,372
44,373
44,374
44,375
44,376
44,377
44,378
44,380
44,406
44,407
44,408
44,409
44,410
44,411
44,412
44,413
44,414
44,415
44,416
44,417
44,418
44,419
44,420
44,421
44,422
44,423
44,424
44,425
44,426
44,428
44,429
44,430
44,431
44,432
44,433
44,434
44,435
44,436
44,530
44,531
44,532
44,533
44,534
44,535
44,581
44,582
44,583
44,584
44,585
44,586
44,587
44,588
44,589
44,590
44,591
44,592
44,593
44,594
44,595
44,596
44,597
44,598
44,599
44,600
44,601
44,602
44,603
44,604
44,605
44,606
44,607
44,608
44,609
44,610
44,611
44,612
44,613
44,614
44,615
44,616
44,617
44,618
44,619
44,620
44,621
44,622
44,623
44,624
44,625
44,898
44,899
44,900
44,901
44,902
44,903
44,904
44,905
44,906
44,907
44,908
44,909
44,910
44,911
44,912
44,913
44,914
44,915
44,916
44,917
44,918
44,919
44,920
44,921
44,922
44,923
44,924
44,925
44,926
44,927
44,928
44,929
44,930
44,931
44,932
44,1008
44,1009
44,1010
44,1011
44,1012
44,1013
44,1014
44,1015
44,1016
44,1017
44,1018
44,1019
44,1020
44,1021
44,1022
44,1023
44,1024
44,1025
44,1026
44,1027
44,1028
44,1029
44,1030
44,1031
44,1032
44,1033
44,1034
44,1035
44,1036
44,1037
45,2
45,4
45,27
45,30
45,31
45,32
45,33
45,34
45,35
45,44
45,46
45,47
45,48
45,139
45,140
45,141
45,142
45,143
45,144
45,145
45,146
45,147
45,148
45,149
45,150
45,151
45,152
45,153
45,154
45,155
45,156
45,157
45,158
45,159
45,160
45,161
45,162
45,163
45,164
45,165
45,166
45,167
45,168
45,169
45,170
45,171
45,172
45,173
45,174
45,175
45,176
45,177
45,178
45,179
45,180
45,181
45,182
45,183
45,184
45,185
45,186
45,187
45,188
45,189
45,190
45,191
45,192
45,200
45,203
45,204
45,252
45,367
45,369
45,370
45,371
45,372
45,373
45,374
45,375
45,376
45,377
45,378
45,379
45,380
45,381
45,382
45,383
45,384
45,385
45,386
45,387
45,388
45,389
45,390
45,392
45,406
45,407
45,408
45,409
45,410
45,411
45,412
45,413
45,414
45,415
45,416
45,417
45,418
45,419
45,420
45,421
45,422
45,423
45,424
45,425
45,426
45,427
45,428
45,429
45,430
45,431
45,432
45,433
45,434
45,435
45,436
45,437
45,438
45,439
45,440
45,441
45,442
45,443
45,444
45,445
45,448
45,449
45,450
45,451
45,452
45,453
45,454
45,622
45,623
45,624
45,625
45,626
45,627
45,628
45,629
45,630
45,631
45,632
45,633
45,634
45,635
45,636
45,637
45,638
45,639
45,640
45,641
45,642
45,643
45,644
45,645
45,646
45,647
45,648
45,649
45,650
45,651
45,652
45,653
45,655
45,656
45,1019
45,1022
45,1023
45,1024
45,1025
45,1026
45,1027
45,1028
45,1029
45,1030
45,1031
45,1032
45,1033
45,1034
45,1035
45,1036
45,1037
45,1038
45,1039
45,1040
45,1041
45,1042
45,1043
45,1044
45,1045
45,1046
45,1047
45,1048
45,1049
45,1050
45,1051
45,1052
45,1053
45,1054
45,1055
45,1056
45,1057
45,1058
46,2
46,4
46,27
46,30
46,31
46,32
46,33
46,34
46,35
46,44
46,45
46,47
46,48
46,49
46,147
46,148
46,151
46,152
46,153
46,154
46,155
46,156
46,157
46,158
46,159
46,160
46,161
46,162
46,163
46,164
46,165
46,166
46,167
46,168
46,169
46,170
46,171
46,172
46,173
46,174
46,175
46,176
46,177
46,178
46,179
46,180
46,181
46,182
46,183
46,184
46,185
46,186
46,187
46,188
46,189
46,190
46,191
46,192
46,193
46,194
46,196
46,199
46,200
46,201
46,202
46,203
46,204
46,205
46,206
46,207
46,208
46,211
46,212
46,370
46,371
46,372
46,373
46,374
46,375
46,376
46,377
46,378
46,379
46,380
46,381
46,382
46,383
46,384
46,385
46,386
46,387
46,388
46,389
46,390
46,391
46,392
46,393
46,394
46,395
46,396
46,398
46,408
46,409
46,410
46,411
46,412
46,413
46,414
46,415
46,416
46,417
46,418
46,419
46,420
46,421
46,422
46,423
46,424
46,425
46,426
46,427
46,428
46,429
46,430
46,431
46,432
46,433
46,434
46,435
46,436
46,437
46,438
46,439
46,440
46,441
46,442
46,443
46,444
46,445
46,446
46,447
46,448
46,449
46,450
46,451
46,452
46,453
46,454
46,631
46,632
46,633
46,634
46,635
46,636
46,637
46,638
46,639
46,640
46,641
46,642
46,643
46,644
46,645
46,646
46,647
46,648
46,649
46,650
46,651
46,652
46,653
46,654
46,655
46,656
46,657
46,658
46,659
46,660
46,661
46,662
46,663
46,664
46,1032
46,1033
46,1036
46,1037
46,1038
46,1039
46,1040
46,1041
46,1042
46,1043
46,1044
46,1045
46,1046
46,1047
46,1048
46,1049
46,1050
46,1051
46,1052
46,1053
46,1054
46,1055
46,1056
46,1057
46,1058
46,1059
46,1060
46,1061
46,1062
46,1063
46,1064
46,1065
46,1066
46,1067
46,1068
47,2
47,4
47,27
47,30
47,31
47,32
47,33
47,34
47,35
47,36
47,45
47,46
47,48
47,49
47,50
47,154
47,156
47,157
47,160
47,161
47,163
47,164
47,165
47,166
47,167
47,168
47,169
47,170
47,171
47,172
47,173
47,174
47,175
47,176
47,177
47,178
47,179
47,180
47,181
47,182
47,183
47,184
47,185
47,186
47,187
47,188
47,189
47,190
47,191
47,192
47,193
47,194
47,195
47,196
47,197
47,198
47,199
47,200
47,201
47,202
47,203
47,204
47,205
47,206
47,207
47,208
47,209
47,210
47,211
47,212
47,213
47,214
47,216
47,219
47,220
47,223
47,224
47,226
47,374
47,375
47,376
47,377
47,378
47,379
47,380
47,381
47,382
47,383
47,384
47,385
47,386
47,387
47,388
47,389
47,390
47,391
47,392
47,393
47,394
47,395
47,396
47,397
47,398
47,399
47,400
47,401
47,402
47,405
47,414
47,415
47,416
47,417
47,418
47,419
47,420
47,421
47,424
47,425
47,426
47,427
47,428
47,429
47,430
47,431
47,433
47,434
47,435
47,436
47,437
47,438
47,439
47,440
47,441
47,442
47,443
47,444
47,445
47,446
47,447
47,448
47,449
47,450
47,451
47,452
47,453
47,454
47,639
47,640
47,641
47,642
47,643
47,644
47,645
47,646
47,647
47,648
47,649
47,650
47,651
47,652
47,653
47,654
47,655
47,656
47,657
47,658
47,659
47,660
47,661
47,662
47,663
47,664
47,665
47,666
47,667
47,1038
47,1039
47,1040
47,1041
47,1042
47,1043
47,1044
47,1045
47,1046
47,1047
47,1048
47,1049
47,1050
47,1051
47,1052
47,1053
47,1054
47,1055
47,1056
47,1057
47,1058
47,1059
47,1060
47,1061
47,1062
47,1063
47,1064
47,1065
47,1066
47,1067
47,1068
48,2
48,4
48,26
48,32
48,33
48,34
48,35
48,36
48,37
48,38
48,45
48,46
48,47
48,49
48,50
48,176
48,183
48,184
48,185
48,186
48,187
48,188
48,189
48,190
48,191
48,192
48,193
48,194
48,195
48,196
48,197
48,198
48,199
48,200
48,201
48,202
48,203
48,204
48,205
48,206
48,207
48,208
48,209
48,210
48,211
48,212
48,213
48,214
48,215
48,216
48,217
48,218
48,219
48,220
48,221
48,222
48,223
48,224
48,225
48,226
48,227
48,228
48,229
48,230
48,231
48,233
48,383
48,384
48,385
48,386
48,387
48,388
48,389
48,390
48,391
48,392
48,393
48,394
48,395
48,396
48,397
48,398
48,399
48,400
48,401
48,402
48,403
48,404
48,405
48,439
48,440
48,441
48,442
48,443
48,444
48,445
48,446
48,447
48,448
48,449
48,450
48,451
48,452
48,453
48,454
48,666
48,667
48,670
48,933
48,934
48,935
48,936
48,937
48,938
48,939
48,940
48,941
48,942
48,943
48,944
48,945
48,946
48,947
48,948
48,949
48,950
48,951
48,952
48,953
48,954
48,955
48,956
48,957
48,958
48,961
48,968
48,969
48,972
48,973
48,1038
48,1039
48,1040
48,1041
48,1042
48,1043
48,1044
48,1045
48,1046
48,1047
48,1048
48,1049
48,1050
48,1051
48,1052
48,1053
48,1054
48,1055
48,1056
48,1057
48,1058
48,1059
48,1060
48,1061
48,1062
48,1063
48,1064
48,1065
48,1066
48,1067
48,1068
49,2
49,4
49,26
49,33
49,34
49,35
49,36
49,37
49,38
49,39
49,41
49,46
49,47
49,48
49,50
49,188
49,190
49,191
49,192
49,193
49,194
49,195
49,196
49,197
49,198
49,199
49,200
49,201
49,202
49,203
49,204
49,205
49,206
49,207
49,208
49,209
49,210
49,211
49,212
49,213
49,214
49,215
49,216
49,217
49,218
49,219
49,220
49,221
49,222
49,223
49,224
49,225
49,226
49,227
49,228
49,229
49,230
49,231
49,232
49,233
49,234
49,235
49,237
49,238
49,386
49,387
49,388
49,389
49,390
49,391
49,392
49,393
49,394
49,395
49,396
49,397
49,398
49,399
49,400
49,401
49,402
49,403
49,404
49,405
49,443
49,444
49,445
49,446
49,447
49,452
49,453
49,454
49,668
49,669
49,670
49,671
49,672
49,673
49,674
49,675
49,676
49,677
49,678
49,679
49,680
49,681
49,682
49,683
49,684
49,685
49,686
49,687
49,694
49,933
49,934
49,935
49,936
49,937
49,938
49,939
49,940
49,941
49,942
49,943
49,944
49,945
49,946
49,947
49,948
49,949
49,950
49,951
49,952
49,953
49,954
49,955
49,956
49,957
49,958
49,959
49,960
49,961
49,962
49,963
49,964
49,965
49,966
49,967
49,968
49,969
49,970
49,971
49,972
49,973
49,974
49,975
49,976
49,977
49,978
49,979
49,980
49,981
49,982
49,983
49,984
49,986
49,987
49,992
49,993
49,994
49,995
49,996
49,997
49,998
49,999
49,1047
49,1048
49,1051
49,1052
49,1053
49,1054
49,1055
49,1056
49,1057
49,1058
49,1059
49,1060
49,1061
49,1062
49,1063
49,1064
49,1065
49,1066
49,1067
49,1068
50,4
50,26
50,34
50,35
50,36
50,37
50,38
50,39
50,40
50,41
50,47
50,48
50,49
50,196
50,197
50,198
50,202
50,205
50,206
50,207
50,208
50,209
50,210
50,211
50,212
50,213
50,214
50,215
50,216
50,217
50,218
50,219
50,220
50,221
50,222
50,223
50,224
50,225
50,226
50,227
50,228
50,229
50,230
50,231
50,232
50,233
50,234
50,235
50,236
50,237
50,238
50,239
50,240
50,243
50,244
50,390
50,391
50,392
50,393
50,394
50,395
50,396
50,397
50,398
50,399
50,400
50,401
50,402
50,403
50,404
50,405
50,445
50,446
50,447
50,668
50,669
50,670
50,671
50,672
50,673
50,674
50,675
50,676
50,677
50,678
50,679
50,680
50,681
50,682
50,683
50,684
50,685
50,686
50,687
50,688
50,689
50,690
50,691
50,692
50,693
50,694
50,695
50,698
50,702
50,703
50,933
50,934
50,935
50,936
50,937
50,938
50,939
50,940
50,941
50,942
50,943
50,944
50,945
50,946
50,947
50,948
50,949
50,950
50,951
50,952
50,953
50,954
50,955
50,956
50,957
50,958
50,959
50,960
50,961
50,962
50,963
50,964
50,965
50,966
50,967
50,968
50,969
50,970
50,971
50,972
50,973
50,974
50,975
50,976
50,977
50,978
50,979
50,980
50,981
50,982
50,983
50,984
50,985
50,986
50,987
50,988
50,989
50,990
50,991
50,992
50,993
50,994
50,995
50,996
50,997
50,998
50,999
50,1000
50,1001
50,1002
50,1003
50,1004
50,1005
50,1006
50,1007
50,1064
51,1
51,11
51,12
51,13
51,14
51,19
51,20
51,21
51,22
51,52
51,53
51,54
51,55
51,56
51,57
51,58
51,59
51,60
51,61
51,62
51,63
51,64
51,65
51,66
51,97
51,98
51,99
51,272
51,273
51,274
51,275
51,276
51,277
51,278
51,279
51,280
51,281
51,282
51,283
51,284
51,289
51,290
51,291
51,292
51,293
51,294
51,296
51,297
51,298
51,504
51,505
51,506
51,507
51,508
51,509
51,510
51,511
51,512
51,513
51,514
51,515
51,516
51,517
51,518
51,519
51,520
51,521
51,522
51,523
51,524
51,525
51,526
51,527
51,528
51,529
52,1
52,7
52,9
52,10
52,11
52,12
52,19
52,20
52,21
52,28
52,51
52,53
52,54
52,55
52,56
52,57
52,59
52,61
52,263
52,264
52,265
52,266
52,268
52,269
52,270
52,271
52,272
52,273
52,274
52,275
52,276
52,277
52,278
52,279
52,280
52,281
52,282
52,283
52,284
52,285
52,286
52,287
52,288
52,289
52,290
52,294
52,463
52,464
52,465
52,466
52,467
52,468
52,469
52,470
52,475
52,476
52,477
52,478
52,479
52,480
52,481
52,482
52,483
52,484
52,485
52,486
52,487
52,488
52,489
52,490
52,491
52,492
52,493
52,494
52,495
52,496
52,497
52,498
52,499
52,500
52,501
52,502
52,503
52,504
52,505
52,506
52,507
52,508
52,509
52,510
52,511
52,512
52,513
52,514
52,515
52,516
52,517
52,518
52,519
52,520
52,521
52,522
52,523
52,524
52,525
52,526
52,527
52,528
52,529
52,821
52,825
52,828
52,829
52,830
52,831
52,832
52,833
52,834
52,835
52,836
52,837
52,838
52,839
52,840
52,841
52,842
52,843
52,844
52,845
52,846
52,847
52,848
52,849
52,850
52,851
52,852
52,853
52,854
52,855
53,1
53,10
53,11
53,12
53,13
53,19
53,20
53,21
53,28
53,51
53,52
53,54
53,55
53,56
53,57
53,58
53,59
53,60
53,61
53,62
53,265
53,266
53,268
53,269
53,270
53,271
53,272
53,273
53,274
53,275
53,276
53,277
53,278
53,279
53,280
53,281
53,282
53,283
53,284
53,285
53,286
53,287
53,288
53,289
53,290
53,291
53,292
53,293
53,294
53,296
53,305
53,306
53,479
53,481
53,482
53,483
53,484
53,485
53,486
53,487
53,488
53,489
53,490
53,491
53,492
53,493
53,494
53,495
53,496
53,497
53,498
53,499
53,500
53,501
53,502
53,503
53,504
53,505
53,506
53,507
53,508
53,509
53,510
53,511
53,512
53,513
53,514
53,515
53,516
53,517
53,518
53,519
53,520
53,521
53,522
53,523
53,524
53,525
53,526
53,527
53,528
53,529
53,829
53,833
53,836
53,837
53,838
53,839
53,840
53,841
53,842
53,843
53,844
53,845
53,846
53,847
53,848
53,849
53,850
53,851
53,852
53,853
53,854
53,855
54,1
54,11
54,12
54,13
54,14
54,19
54,20
54,21
54,22
54,28
54,51
54,52
54,53
54,55
54,56
54,57
54,58
54,59
54,60
54,61
54,62
54,63
54,64
54,65
54,66
54,97
54,98
54,99
54,271
54,272
54,273
54,274
54,275
54,276
54,277
54,278
54,279
54,280
54,281
54,282
54,283
54,284
54,285
54,286
54,287
54,288
54,289
54,290
54,291
54,292
54,293
54,294
54,295
54,296
54,297
54,298
54,300
54,301
54,302
54,305
54,306
54,308
54,504
54,505
54,506
54,507
54,508
54,509
54,510
54,511
54,512
54,513
54,514
54,515
54,516
54,517
54,518
54,519
54,520
54,521
54,522
54,523
54,524
54,525
54,526
54,527
54,528
54,529
54,853
55,1
55,10
55,11
55,12
55,13
55,19
55,20
55,21
55,22
55,28
55,51
55,52
55,53
55,54
55,56
55,57
55,58
55,59
55,60
55,61
55,62
55,63
55,65
55,98
55,268
55,269
55,270
55,271
55,272
55,273
55,274
55,275
55,276
55,277
55,278
55,279
55,280
55,281
55,282
55,283
55,284
55,285
55,286
55,287
55,288
55,289
55,290
55,291
55,292
55,293
55,294
55,295
55,296
55,297
55,298
55,301
55,302
55,305
55,306
55,307
55,308
55,487
55,488
55,489
55,490
55,491
55,492
55,493
55,494
55,499
55,500
55,501
55,502
55,503
55,504
55,505
55,506
55,507
55,508
55,509
55,510
55,511
55,512
55,513
55,514
55,515
55,516
55,517
55,518
55,519
55,520
55,521
55,522
55,523
55,524
55,525
55,526
55,527
55,528
55,529
55,837
55,839
55,841
55,843
55,844
55,845
55,846
55,847
55,848
55,849
55,850
55,851
55,852
55,853
55,854
55,855
56,1
56,11
56,12
56,13
56,14
56,19
56,20
56,21
56,22
56,28
56,51
56,52
56,53
56,54
56,55
56,57
56,58
56,59
56,60
56,61
56,62
56,63
56,64
56,65
56,66
56,97
56,98
56,99
56,270
56,271
56,272
56,273
56,274
56,275
56,276
56,277
56,278
56,279
56,280
56,281
56,282
56,283
56,284
56,285
56,286
56,287
56,288
56,289
56,290
56,291
56,292
56,293
56,294
56,295
56,296
56,297
56,298
56,299
56,300
56,301
56,302
56,304
56,305
56,306
56,307
56,308
56,309
56,504
56,505
56,506
56,507
56,508
56,509
56,510
56,511
56,512
56,513
56,514
56,515
56,516
56,517
56,518
56,519
56,520
56,521
56,522
56,523
56,524
56,525
56,526
56,527
56,528
56,529
56,845
56,849
56,851
56,852
56,853
56,854
56,855
57,1
57,3
57,11
57,12
57,13
57,14
57,15
57,19
57,20
57,21
57,22
57,51
57,52
57,53
57,54
57,55
57,56
57,58
57,59
57,60
57,61
57,62
57,63
57,64
57,65
57,66
57,67
57,69
57,97
57,98
57,99
57,100
57,274
57,275
57,277
57,278
57,279
57,280
57,282
57,283
57,284
57,289
57,290
57,291
57,292
57,293
57,294
57,295
57,296
57,297
57,298
57,299
57,300
57,302
57,504
57,505
57,506
57,507
57,516
57,517
57,518
57,519
57,520
57,521
57,522
57,523
57,524
57,525
57,526
57,527
57,528
57,529
57,536
57,537
57,538
57,540
57,541
57,542
57,543
58,1
58,3
58,11
58,12
58,13
58,14
58,15
58,19
58,20
58,21
58,22
58,23
58,51
58,53
58,54
58,55
58,56
58,57
58,59
58,60
58,61
58,62
58,63
58,64
58,65
58,66
58,67
58,68
58,69
58,70
58,90
58,91
58,97
58,98
58,99
58,100
58,101
58,277
58,278
58,279
58,280
58,283
58,284
58,289
58,290
58,291
58,292
58,293
58,294
58,295
58,296
58,297
58,298
58,299
58,300
58,301
58,302
58,303
58,304
58,311
58,312
58,504
58,505
58,506
58,507
58,523
58,524
58,525
58,526
58,527
58,528
58,529
58,536
58,537
58,538
58,539
58,540
58,541
58,542
58,543
58,544
58,545
58,546
58,547
58,548
58,549
58,550
58,551
59,1
59,3
59,11
59,12
59,13
59,14
59,15
59,19
59,20
59,21
59,22
59,28
59,51
59,52
59,53
59,54
59,55
59,56
59,57
59,58
59,60
59,61
59,62
59,63
59,64
59,65
59,66
59,67
59,69
59,97
59,98
59,99
59,100
59,273
59,274
59,275
59,276
59,277
59,278
59,279
59,280
59,281
59,282
59,283
59,284
59,285
59,286
59,287
59,288
59,289
59,290
59,291
59,292
59,293
59,294
59,295
59,296
59,297
59,298
59,299
59,300
59,301
59,302
59,303
59,304
59,305
59,306
59,307
59,308
59,309
59,311
59,312
59,504
59,505
59,506
59,507
59,516
59,517
59,518
59,519
59,520
59,521
59,522
59,523
59,524
59,525
59,526
59,527
59,528
59,529
59,537
59,540
59,541
60,1
60,3
60,12
60,13
60,14
60,15
60,19
60,20
60,21
60,22
60,23
60,51
60,53
60,54
60,55
60,56
60,57
60,58
60,59
60,61
60,62
60,63
60,64
60,65
60,66
60,67
60,68
60,69
60,70
60,90
60,97
60,98
60,99
60,100
60,101
60,275
60,277
60,278
60,279
60,280
60,281
60,282
60,283
60,284
60,288
60,289
60,290
60,291
60,292
60,293
60,294
60,295
60,296
60,297
60,298
60,299
60,300
60,301
60,302
60,303
60,304
60,305
60,306
60,307
60,308
60,309
60,310
60,311
60,312
60,314
60,315
60,316
60,504
60,505
60,506
60,507
60,523
60,524
60,525
60,526
60,527
60,528
60,529
60,536
60,537
60,538
60,539
60,540
60,541
60,542
60,543
60,548
60,549
61,1
61,3
61,11
61,12
61,13
61,14
61,19
61,20
61,21
61,22
61,23
61,28
61,51
61,52
61,53
61,54
61,55
61,56
61,57
61,58
61,59
61,60
61,62
61,63
61,64
61,65
61,66
61,67
61,69
61,97
61,98
61,99
61,100
61,272
61,273
61,274
61,275
61,276
61,277
61,278
61,279
61,280
61,281
61,282
61,283
61,284
61,285
61,286
61,287
61,288
61,289
61,290
61,291
61,292
61,293
61,294
61,295
61,296
61,297
61,298
61,299
61,300
61,301
61,302
61,303
61,304
61,305
61,306
61,307
61,308
61,309
61,310
61,311
61,312
61,315
61,316
61,504
61,505
61,506
61,507
61,516
61,517
61,518
61,519
61,520
61,521
61,522
61,523
61,524
61,525
61,526
61,527
61,528
61,529
61,853
61,855
61,856
61,857
62,1
62,3
62,12
62,13
62,14
62,15
62,19
62,20
62,21
62,22
62,23
62,28
62,51
62,53
62,54
62,55
62,56
62,57
62,58
62,59
62,60
62,61
62,63
62,64
62,65
62,66
62,67
62,68
62,69
62,70
62,97
62,98
62,99
62,100
62,101
62,274
62,275
62,276
62,277
62,278
62,279
62,280
62,281
62,282
62,283
62,284
62,285
62,286
62,287
62,288
62,289
62,290
62,291
62,292
62,293
62,294
62,295
62,296
62,297
62,298
62,299
62,300
62,301
62,302
62,303
62,304
62,305
62,306
62,307
62,308
62,309
62,310
62,311
62,312
62,313
62,314
62,315
62,316
62,317
62,318
62,327
62,505
62,506
62,507
62,523
62,524
62,525
62,526
62,527
62,528
62,529
62,540
62,541
62,542
62,856
62,857
62,858
62,859
62,860
62,861
63,1
63,3
63,12
63,13
63,14
63,15
63,19
63,20
63,21
63,22
63,23
63,51
63,54
63,55
63,56
63,57
63,58
63,59
63,60
63,61
63,62
63,64
63,65
63,66
63,67
63,68
63,69
63,70
63,71
63,73
63,90
63,91
63,97
63,98
63,99
63,100
63,101
63,104
63,277
63,278
63,279
63,280
63,283
63,284
63,289
63,290
63,291
63,292
63,293
63,294
63,295
63,296
63,297
63,298
63,299
63,300
63,301
63,302
63,303
63,304
63,306
63,307
63,308
63,309
63,310
63,311
63,312
63,313
63,314
63,315
63,316
63,317
63,318
63,319
63,320
63,327
63,536
63,537
63,538
63,539
63,540
63,541
63,542
63,543
63,544
63,545
63,546
63,547
63,548
63,549
63,550
63,551
63,552
63,556
63,557
64,1
64,3
64,12
64,13
64,14
64,15
64,16
64,20
64,21
64,22
64,23
64,24
64,51
64,54
64,56
64,57
64,58
64,59
64,60
64,61
64,62
64,63
64,65
64,66
64,67
64,68
64,69
64,70
64,71
64,72
64,73
64,74
64,90
64,91
64,92
64,93
64,94
64,97
64,98
64,99
64,100
64,101
64,102
64,104
64,105
64,279
64,280
64,289
64,290
64,291
64,292
64,293
64,294
64,295
64,296
64,297
64,298
64,299
64,300
64,301
64,302
64,303
64,304
64,307
64,308
64,309
64,310
64,311
64,312
64,313
64,314
64,315
64,316
64,317
64,318
64,319
64,320
64,321
64,322
64,323
64,324
64,327
64,328
64,536
64,537
64,538
64,539
64,540
64,541
64,542
64,543
64,544
64,545
64,546
64,547
64,548
64,549
64,550
64,551
64,552
64,553
64,554
64,555
64,556
64,557
64,558
64,559
64,560
64,561
64,563
64,564
64,565
64,857
64,859
64,860
65,1
65,3
65,12
65,13
65,14
65,15
65,20
65,21
65,22
65,23
65,51
65,54
65,55
65,56
65,57
65,58
65,59
65,60
65,61
65,62
65,63
65,64
65,66
65,67
65,68
65,69
65,70
65,71
65,73
65,97
65,98
65,99
65,100
65,101
65,277
65,278
65,279
65,280
65,281
65,282
65,283
65,284
65,287
65,288
65,289
65,290
65,291
65,292
65,293
65,294
65,295
65,296
65,297
65,298
65,299
65,300
65,301
65,302
65,303
65,304
65,305
65,306
65,307
65,308
65,309
65,310
65,311
65,312
65,313
65,314
65,315
65,316
65,317
65,318
65,319
65,320
65,323
65,324
65,327
65,328
65,536
65,537
65,538
65,539
65,540
65,541
65,542
65,543
65,548
65,549
65,550
65,856
65,857
65,858
65,859
65,860
65,861
65,862
65,863
65,864
66,1
66,3
66,13
66,14
66,15
66,16
66,20
66,21
66,22
66,23
66,24
66,51
66,54
66,56
66,57
66,58
66,59
66,60
66,61
66,62
66,63
66,64
66,65
66,67
66,68
66,69
66,70
66,71
66,72
66,73
66,74
66,90
66,91
66,97
66,98
66,99
66,100
66,101
66,104
66,105
66,279
66,280
66,283
66,284
66,289
66,290
66,291
66,292
66,293
66,294
66,295
66,296
66,297
66,298
66,299
66,300
66,301
66,302
66,303
66,304
66,305
66,306
66,307
66,308
66,309
66,310
66,311
66,312
66,313
66,314
66,315
66,316
66,317
66,318
66,319
66,320
66,321
66,322
66,323
66,324
66,325
66,326
66,327
66,328
66,536
66,537
66,538
66,539
66,540
66,541
66,542
66,543
66,544
66,545
66,546
66,547
66,548
66,549
66,550
66,551
66,552
66,556
66,557
66,558
66,856
66,857
66,858
66,859
66,860
66,861
66,862
66,863
66,864
66,865
66,866
66,867
66,868
66,869
67,1
67,3
67,13
67,14
67,15
67,16
67,17
67,20
67,21
67,22
67,23
67,24
67,57
67,58
67,59
67,60
67,61
67,62
67,63
67,64
67,65
67,66
67,68
67,69
67,70
67,71
67,72
67,73
67,74
67,75
67,77
67,90
67,91
67,92
67,93
67,94
67,95
67,97
67,98
67,99
67,100
67,101
67,102
67,103
67,104
67,105
67,117
67,289
67,290
67,291
67,292
67,295
67,296
67,297
67,298
67,299
67,300
67,301
67,302
67,303
67,304
67,309
67,310
67,311
67,312
67,313
67,314
67,315
67,316
67,317
67,318
67,319
67,320
67,321
67,322
67,323
67,324
67,325
67,326
67,327
67,328
67,330
67,331
67,536
67,537
67,538
67,539
67,540
67,541
67,542
67,543
67,544
67,545
67,546
67,547
67,548
67,549
67,550
67,551
67,552
67,553
67,554
67,555
67,556
67,557
67,558
67,559
67,560
67,561
67,562
67,563
67,564
67,565
67,566
68,1
68,3
68,13
68,14
68,15
68,16
68,17
68,21
68,22
68,23
68,24
68,58
68,60
68,62
68,63
68,64
68,65
68,66
68,67
68,69
68,70
68,71
68,72
68,73
68,74
68,75
68,76
68,77
68,78
68,90
68,91
68,92
68,93
68,94
68,95
68,96
68,97
68,98
68,99
68,100
68,101
68,102
68,103
68,104
68,105
68,106
68,113
68,114
68,117
68,118
68,292
68,297
68,298
68,299
68,300
68,301
68,302
68,303
68,304
68,310
68,311
68,312
68,313
68,314
68,315
68,316
68,317
68,318
68,319
68,320
68,321
68,322
68,323
68,324
68,325
68,326
68,327
68,328
68,330
68,331
68,333
68,334
68,335
68,536
68,537
68,538
68,539
68,540
68,541
68,542
68,543
68,544
68,545
68,546
68,547
68,548
68,549
68,550
68,551
68,552
68,553
68,554
68,555
68,556
68,557
68,558
68,559
68,560
68,561
68,562
68,563
68,564
68,565
68,566
69,1
69,3
69,13
69,14
69,15
69,16
69,20
69,21
69,22
69,23
69,24
69,57
69,58
69,59
69,60
69,61
69,62
69,63
69,64
69,65
69,66
69,67
69,68
69,70
69,71
69,72
69,73
69,74
69,75
69,77
69,90
69,91
69,93
69,97
69,98
69,99
69,100
69,101
69,102
69,103
69,104
69,105
69,289
69,290
69,291
69,292
69,293
69,294
69,295
69,296
69,297
69,298
69,299
69,300
69,301
69,302
69,303
69,304
69,307
69,308
69,309
69,310
69,311
69,312
69,313
69,314
69,315
69,316
69,317
69,318
69,319
69,320
69,321
69,322
69,323
69,324
69,325
69,326
69,327
69,328
69,330
69,331
69,334
69,335
69,536
69,537
69,538
69,539
69,540
69,541
69,542
69,543
69,544
69,545
69,546
69,547
69,548
69,549
69,550
69,551
69,552
69,553
69,554
69,555
69,556
69,557
69,558
69,559
69,560
69,563
69,564
69,565
69,856
69,857
69,858
69,859
69,860
69,861
69,862
69,863
69,864
69,865
69,866
69,867
69,868
69,869
69,870
69,871
69,872
69,873
70,1
70,3
70,13
70,14
70,15
70,16
70,17
70,21
70,22
70,23
70,24
70,58
70,60
70,62
70,63
70,64
70,65
70,66
70,67
70,68
70,69
70,71
70,72
70,73
70,74
70,75
70,76
70,77
70,78
70,90
70,91
70,92
70,93
70,94
70,95
70,97
70,98
70,99
70,100
70,101
70,102
70,103
70,104
70,105
70,113
70,114
70,117
70,118
70,291
70,292
70,295
70,296
70,297
70,298
70,299
70,300
70,301
70,302
70,303
70,304
70,309
70,310
70,311
70,312
70,313
70,314
70,315
70,316
70,317
70,318
70,319
70,320
70,321
70,322
70,323
70,324
70,325
70,326
70,327
70,328
70,329
70,330
70,331
70,332
70,333
70,334
70,335
70,337
70,538
70,540
70,541
70,542
70,543
70,544
70,545
70,546
70,547
70,548
70,549
70,550
70,551
70,552
70,553
70,554
70,555
70,556
70,557
70,558
70,559
70,560
70,561
70,562
70,563
70,564
70,565
70,566
70,859
70,860
70,862
70,863
70,864
70,865
70,866
70,867
70,868
70,869
70,870
70,871
70,872
70,873
70,874
70,875
70,876
71,1
71,3
71,13
71,14
71,15
71,16
71,17
71,18
71,21
71,22
71,23
71,24
71,63
71,64
71,65
71,66
71,67
71,68
71,69
71,70
71,72
71,73
71,74
71,75
71,76
71,77
71,78
71,79
71,81
71,90
71,91
71,92
71,93
71,94
71,95
71,96
71,97
71,98
71,99
71,100
71,101
71,102
71,103
71,104
71,105
71,106
71,107
71,108
71,113
71,114
71,115
71,116
71,117
71,118
71,119
71,123
71,127
71,129
71,298
71,299
71,300
71,303
71,304
71,311
71,312
71,313
71,314
71,315
71,316
71,317
71,318
71,319
71,320
71,321
71,322
71,323
71,324
71,325
71,326
71,327
71,328
71,330
71,331
71,332
71,333
71,334
71,335
71,337
71,339
71,542
71,543
71,544
71,545
71,546
71,547
71,548
71,549
71,550
71,551
71,552
71,553
71,554
71,555
71,556
71,557
71,558
71,559
71,560
71,561
71,562
71,563
71,564
71,565
71,566
72,1
72,3
72,13
72,14
72,15
72,16
72,17
72,18
72,22
72,23
72,24
72,29
72,64
72,66
72,67
72,68
72,69
72,70
72,71
72,73
72,74
72,75
72,76
72,77
72,78
72,79
72,80
72,81
72,82
72,90
72,91
72,92
72,93
72,94
72,95
72,96
72,99
72,100
72,101
72,102
72,103
72,104
72,105
72,106
72,107
72,108
72,109
72,110
72,113
72,114
72,115
72,116
72,117
72,118
72,119
72,120
72,123
72,124
72,125
72,127
72,128
72,129
72,130
72,300
72,311
72,312
72,313
72,314
72,315
72,316
72,317
72,318
72,319
72,320
72,321
72,322
72,323
72,324
72,325
72,326
72,328
72,330
72,331
72,332
72,333
72,334
72,335
72,336
72,337
72,338
72,339
72,341
72,343
72,346
72,550
72,551
72,552
72,553
72,554
72,555
72,556
72,557
72,558
72,559
72,560
72,561
72,562
72,563
72,564
72,565
72,566
73,1
73,3
73,13
73,14
73,15
73,16
73,17
73,21
73,22
73,23
73,24
73,63
73,64
73,65
73,66
73,67
73,68
73,69
73,70
73,71
73,72
73,74
73,75
73,76
73,77
73,78
73,79
73,81
73,90
73,91
73,93
73,94
73,95
73,96
73,98
73,99
73,100
73,101
73,102
73,103
73,104
73,105
73,106
73,113
73,114
73,115
73,117
73,118
73,123
73,127
73,129
73,297
73,298
73,299
73,300
73,301
73,302
73,303
73,304
73,310
73,311
73,312
73,313
73,314
73,315
73,316
73,317
73,318
73,319
73,320
73,321
73,322
73,323
73,324
73,325
73,326
73,327
73,328
73,329
73,330
73,331
73,332
73,333
73,334
73,335
73,336
73,337
73,338
73,339
73,343
73,346
73,548
73,550
73,551
73,552
73,554
73,555
73,556
73,557
73,558
73,559
73,560
73,561
73,562
73,563
73,564
73,565
73,566
73,863
73,864
73,867
73,868
73,869
73,870
73,871
73,872
73,873
73,874
73,875
73,876
73,877
73,878
73,879
73,881
74,1
74,3
74,13
74,14
74,15
74,16
74,17
74,18
74,22
74,23
74,24
74,29
74,64
74,66
74,67
74,68
74,69
74,70
74,71
74,72
74,73
74,75
74,76
74,77
74,78
74,79
74,80
74,81
74,82
74,93
74,94
74,95
74,96
74,99
74,100
74,101
74,102
74,103
74,104
74,105
74,106
74,113
74,114
74,115
74,116
74,117
74,118
74,119
74,123
74,124
74,127
74,128
74,129
74,130
74,299
74,300
74,304
74,311
74,312
74,313
74,314
74,315
74,316
74,317
74,318
74,319
74,320
74,321
74,322
74,323
74,324
74,325
74,326
74,327
74,328
74,329
74,330
74,331
74,332
74,333
74,334
74,335
74,336
74,337
74,338
74,339
74,340
74,341
74,342
74,343
74,346
74,347
74,349
74,558
74,559
74,560
74,562
74,563
74,564
74,565
74,566
74,868
74,871
74,872
74,873
74,874
74,875
74,876
74,877
74,878
74,879
74,880
74,881
74,882
74,883
74,884
74,885
75,1
75,3
75,13
75,14
75,15
75,16
75,17
75,18
75,22
75,23
75,24
75,29
75,67
75,68
75,69
75,70
75,71
75,72
75,73
75,74
75,76
75,77
75,78
75,79
75,80
75,81
75,82
75,83
75,85
75,91
75,93
75,94
75,95
75,96
75,100
75,101
75,102
75,103
75,104
75,105
75,106
75,107
75,108
75,109
75,110
75,111
75,113
75,114
75,115
75,116
75,117
75,118
75,119
75,120
75,121
75,122
75,123
75,124
75,125
75,126
75,127
75,128
75,129
75,130
75,133
75,134
75,136
75,311
75,312
75,313
75,314
75,317
75,318
75,319
75,320
75,321
75,322
75,323
75,324
75,325
75,326
75,330
75,331
75,332
75,333
75,334
75,335
75,336
75,337
75,338
75,339
75,340
75,341
75,342
75,343
75,344
75,345
75,346
75,349
75,351
75,352
75,554
75,558
75,559
75,560
75,561
75,562
75,563
75,564
75,565
75,566
76,1
76,3
76,13
76,14
76,15
76,16
76,17
76,18
76,22
76,23
76,24
76,25
76,29
76,68
76,70
76,71
76,72
76,73
76,74
76,75
76,77
76,78
76,79
76,80
76,81
76,82
76,83
76,84
76,85
76,86
76,93
76,95
76,96
76,101
76,102
76,103
76,104
76,105
76,106
76,107
76,108
76,109
76,110
76,111
76,112
76,113
76,114
76,115
76,116
76,117
76,118
76,119
76,120
76,121
76,122
76,123
76,124
76,125
76,126
76,127
76,128
76,129
76,130
76,131
76,132
76,133
76,134
76,135
76,136
76,137
76,313
76,314
76,319
76,320
76,321
76,322
76,323
76,324
76,325
76,326
76,330
76,331
76,332
76,333
76,334
76,335
76,336
76,337
76,338
76,339
76,340
76,341
76,342
76,343
76,344
76,345
76,346
76,349
76,350
76,351
76,352
76,354
76,355
76,356
76,565
76,566
76,567
76,568
76,571
76,572
76,573
76,574
77,1
77,3
77,13
77,14
77,15
77,16
77,17
77,18
77,22
77,23
77,24
77,29
77,67
77,68
77,69
77,70
77,71
77,72
77,73
77,74
77,75
77,76
77,78
77,79
77,80
77,81
77,82
77,83
77,85
77,93
77,95
77,96
77,100
77,101
77,102
77,103
77,104
77,105
77,106
77,108
77,110
77,113
77,114
77,115
77,116
77,117
77,118
77,119
77,120
77,121
77,123
77,124
77,125
77,126
77,127
77,128
77,129
77,130
77,134
77,136
77,311
77,312
77,313
77,314
77,316
77,317
77,318
77,319
77,320
77,321
77,322
77,323
77,324
77,325
77,326
77,328
77,329
77,330
77,331
77,332
77,333
77,334
77,335
77,336
77,337
77,338
77,339
77,340
77,341
77,342
77,343
77,344
77,345
77,346
77,347
77,348
77,349
77,350
77,351
77,352
77,563
77,565
77,566
77,872
77,875
77,876
77,877
77,878
77,879
77,880
77,881
77,882
77,883
77,884
77,885
77,886
77,887
77,888
77,889
77,890
78,1
78,3
78,14
78,15
78,16
78,17
78,18
78,22
78,23
78,24
78,25
78,29
78,68
78,70
78,71
78,72
78,73
78,74
78,75
78,76
78,77
78,79
78,80
78,81
78,82
78,83
78,84
78,85
78,86
78,102
78,103
78,104
78,105
78,106
78,108
78,110
78,113
78,114
78,115
78,116
78,117
78,118
78,119
78,120
78,121
78,122
78,123
78,124
78,125
78,126
78,127
78,128
78,129
78,130
78,131
78,133
78,134
78,135
78,136
78,137
78,313
78,314
78,317
78,318
78,319
78,320
78,321
78,322
78,323
78,324
78,325
78,326
78,330
78,331
78,332
78,333
78,334
78,335
78,336
78,337
78,338
78,339
78,340
78,341
78,342
78,343
78,344
78,345
78,346
78,347
78,348
78,349
78,350
78,351
78,352
78,353
78,354
78,355
78,356
78,357
78,361
78,362
78,571
78,572
78,876
78,879
78,880
78,881
78,882
78,883
78,884
78,885
78,886
78,887
78,888
78,889
78,890
78,891
78,892
78,893
78,894
79,1
79,3
79,14
79,15
79,16
79,17
79,18
79,22
79,23
79,24
79,25
79,29
79,71
79,72
79,73
79,74
79,75
79,76
79,77
79,78
79,80
79,81
79,82
79,83
79,84
79,85
79,86
79,87
79,89
79,95
79,102
79,103
79,104
79,105
79,106
79,107
79,108
79,109
79,110
79,111
79,112
79,113
79,114
79,115
79,116
79,117
79,118
79,119
79,120
79,121
79,122
79,123
79,124
79,125
79,126
79,127
79,128
79,129
79,130
79,131
79,132
79,133
79,134
79,135
79,136
79,137
79,138
79,319
79,320
79,321
79,322
79,325
79,326
79,330
79,331
79,332
79,333
79,334
79,335
79,336
79,337
79,338
79,339
79,340
79,341
79,342
79,343
79,344
79,345
79,346
79,349
79,350
79,351
79,352
79,353
79,354
79,355
79,356
79,357
79,358
79,359
79,567
79,568
79,569
79,570
79,571
79,572
79,573
79,574
79,575
79,576
79,577
79,578
79,579
80,2
80,3
80,14
80,15
80,16
80,17
80,18
80,22
80,23
80,24
80,25
80,29
80,72
80,74
80,75
80,76
80,77
80,78
80,79
80,81
80,82
80,83
80,84
80,85
80,86
80,87
80,88
80,89
80,102
80,105
80,106
80,108
80,109
80,110
80,111
80,112
80,113
80,114
80,115
80,116
80,117
80,118
80,119
80,120
80,121
80,122
80,123
80,124
80,125
80,126
80,127
80,128
80,129
80,130
80,131
80,132
80,133
80,134
80,135
80,136
80,137
80,138
80,321
80,322
80,330
80,331
80,332
80,333
80,334
80,335
80,336
80,337
80,338
80,339
80,340
80,341
80,342
80,343
80,344
80,345
80,346
80,349
80,350
80,351
80,352
80,353
80,354
80,355
80,356
80,357
80,358
80,359
80,360
80,361
80,362
80,363
80,364
80,365
80,567
80,568
80,569
80,570
80,571
80,572
80,573
80,574
80,575
80,576
80,577
80,578
80,579
80,580
80,581
80,582
80,583
80,584
80,585
80,586
80,587
80,898
80,899
80,901
81,1
81,3
81,14
81,15
81,16
81,17
81,18
81,22
81,23
81,24
81,25
81,29
81,71
81,72
81,73
81,74
81,75
81,76
81,77
81,78
81,79
81,80
81,82
81,83
81,84
81,85
81,86
81,87
81,89
81,102
81,103
81,104
81,105
81,106
81,108
81,110
81,111
81,112
81,113
81,114
81,115
81,116
81,117
81,118
81,119
81,120
81,121
81,122
81,123
81,124
81,125
81,126
81,127
81,128
81,129
81,130
81,131
81,132
81,133
81,134
81,135
81,136
81,137
81,138
81,319
81,320
81,321
81,322
81,323
81,324
81,325
81,326
81,330
81,331
81,332
81,333
81,334
81,335
81,336
81,337
81,338
81,339
81,340
81,341
81,342
81,343
81,344
81,345
81,346
81,348
81,349
81,350
81,351
81,352
81,353
81,354
81,355
81,356
81,357
81,358
81,359
81,360
81,361
81,362
81,363
81,364
81,365
81,567
81,568
81,569
81,570
81,571
81,572
81,573
81,574
81,575
81,577
81,578
81,879
81,880
81,881
81,884
81,885
81,886
81,887
81,888
81,889
81,890
81,891
81,892
81,893
81,894
81,895
81,896
81,897
81,898
81,899
81,900
81,901
82,2
82,3
82,15
82,16
82,17
82,18
82,22
82,23
82,24
82,25
82,29
82,72
82,74
82,75
82,76
82,77
82,78
82,79
82,80
82,81
82,83
82,84
82,85
82,86
82,87
82,88
82,89
82,108
82,110
82,111
82,112
82,113
82,115
82,116
82,117
82,118
82,119
82,120
82,121
82,122
82,123
82,124
82,125
82,126
82,127
82,128
82,129
82,130
82,131
82,132
82,133
82,134
82,135
82,136
82,137
82,138
82,321
82,322
82,325
82,326
82,330
82,331
82,332
82,333
82,334
82,335
82,336
82,337
82,338
82,339
82,340
82,341
82,342
82,343
82,344
82,345
82,346
82,349
82,350
82,351
82,352
82,353
82,354
82,355
82,356
82,357
82,358
82,359
82,360
82,361
82,362
82,363
82,364
82,365
82,366
82,567
82,568
82,569
82,570
82,571
82,572
82,573
82,574
82,575
82,576
82,577
82,578
82,579
82,580
82,581
82,582
82,583
82,584
82,585
82,586
82,587
82,885
82,886
82,887
82,890
82,891
82,892
82,893
82,894
82,895
82,896
82,897
82,898
82,899
82,900
82,901
82,902
82,903
82,911
82,912
82,915
82,916
83,2
83,3
83,15
83,16
83,17
83,18
83,23
83,24
83,25
83,27
83,29
83,44
83,75
83,76
83,77
83,78
83,79
83,80
83,81
83,82
83,84
83,85
83,86
83,87
83,88
83,89
83,108
83,110
83,111
83,112
83,113
83,115
83,116
83,117
83,118
83,119
83,120
83,121
83,122
83,123
83,124
83,125
83,126
83,127
83,128
83,129
83,130
83,131
83,132
83,133
83,134
83,135
83,136
83,137
83,138
83,251
83,330
83,331
83,332
83,333
83,336
83,337
83,338
83,339
83,340
83,341
83,342
83,343
83,344
83,345
83,349
83,350
83,351
83,352
83,353
83,354
83,355
83,356
83,357
83,358
83,359
83,360
83,361
83,362
83,363
83,364
83,365
83,366
83,530
83,531
83,532
83,533
83,534
83,535
83,567
83,568
83,569
83,570
83,571
83,572
83,573
83,574
83,575
83,576
83,577
83,578
83,579
83,580
83,581
83,582
83,583
83,584
83,585
83,586
83,587
83,588
83,589
83,590
83,591
83,592
83,593
83,594
83,595
83,596
83,597
83,598
83,602
83,614
83,898
83,899
83,900
83,901
83,902
83,903
83,904
83,905
83,906
83,907
83,908
83,911
83,912
83,913
83,914
83,915
83,916
84,2
84,3
84,15
84,16
84,17
84,18
84,23
84,24
84,25
84,27
84,29
84,44
84,76
84,78
84,79
84,80
84,81
84,82
84,83
84,85
84,86
84,87
84,88
84,89
84,110
84,111
84,112
84,115
84,118
84,119
84,120
84,121
84,122
84,123
84,124
84,125
84,126
84,127
84,128
84,129
84,130
84,131
84,132
84,133
84,134
84,135
84,136
84,137
84,138
84,143
84,144
84,145
84,251
84,252
84,332
84,333
84,338
84,339
84,340
84,341
84,342
84,343
84,344
84,345
84,350
84,351
84,352
84,353
84,354
84,355
84,356
84,357
84,358
84,359
84,360
84,361
84,362
84,363
84,364
84,365
84,366
84,367
84,368
84,530
84,531
84,532
84,533
84,534
84,535
84,567
84,568
84,569
84,570
84,571
84,572
84,573
84,574
84,575
84,576
84,577
84,578
84,579
84,580
84,581
84,582
84,583
84,584
84,585
84,586
84,587
84,588
84,589
84,590
84,591
84,592
84,593
84,594
84,595
84,596
84,597
84,598
84,599
84,600
84,601
84,602
84,603
84,604
84,606
84,609
84,610
84,613
84,614
84,615
84,616
84,617
84,618
84,619
84,898
84,899
84,900
84,901
84,902
84,903
84,904
84,905
84,906
84,907
84,908
84,909
84,910
84,911
84,912
84,913
84,914
84,915
84,916
84,917
84,918
84,919
84,920
84,921
84,922
84,923
84,924
84,927
84,928
84,929
84,930
84,931
84,1008
84,1009
84,1010
85,2
85,3
85,15
85,16
85,17
85,18
85,23
85,24
85,25
85,27
85,29
85,44
85,75
85,76
85,77
85,78
85,79
85,80
85,81
85,82
85,83
85,84
85,86
85,87
85,88
85,89
85,110
85,112
85,115
85,117
85,118
85,119
85,120
85,121
85,122
85,123
85,124
85,125
85,126
85,127
85,128
85,129
85,130
85,131
85,132
85,133
85,134
85,135
85,136
85,137
85,138
85,251
85,330
85,331
85,332
85,333
85,334
85,335
85,336
85,337
85,338
85,339
85,340
85,341
85,342
85,343
85,344
85,345
85,346
85,349
85,350
85,351
85,352
85,353
85,354
85,355
85,356
85,357
85,358
85,359
85,360
85,361
85,362
85,363
85,364
85,365
85,366
85,368
85,530
85,531
85,532
85,533
85,534
85,535
85,567
85,568
85,569
85,570
85,571
85,572
85,573
85,574
85,575
85,576
85,577
85,578
85,579
85,580
85,581
85,582
85,583
85,584
85,585
85,586
85,587
85,588
85,589
85,590
85,591
85,592
85,593
85,594
85,595
85,596
85,614
85,890
85,891
85,893
85,894
85,895
85,896
85,897
85,898
85,899
85,900
85,901
85,902
85,903
85,904
85,905
85,906
85,907
85,908
85,909
85,910
85,911
85,912
85,913
85,914
85,915
85,916
85,917
85,918
85,919
85,920
85,921
85,922
85,923
85,924
86,2
86,3
86,16
86,17
86,18
86,23
86,24
86,25
86,27
86,29
86,30
86,44
86,76
86,78
86,79
86,80
86,81
86,82
86,83
86,84
86,85
86,87
86,88
86,89
86,118
86,119
86,120
86,121
86,122
86,123
86,124
86,125
86,126
86,127
86,128
86,129
86,130
86,131
86,132
86,133
86,134
86,135
86,136
86,137
86,138
86,143
86,144
86,145
86,251
86,252
86,332
86,333
86,337
86,338
86,339
86,340
86,341
86,342
86,343
86,344
86,345
86,349
86,350
86,351
86,352
86,353
86,354
86,355
86,356
86,357
86,358
86,359
86,360
86,361
86,362
86,363
86,364
86,365
86,366
86,367
86,368
86,369
86,406
86,530
86,531
86,532
86,533
86,534
86,535
86,567
86,568
86,569
86,570
86,571
86,572
86,573
86,574
86,575
86,576
86,577
86,578
86,579
86,580
86,581
86,582
86,583
86,584
86,585
86,586
86,587
86,588
86,589
86,590
86,591
86,592
86,593
86,594
86,595
86,596
86,597
86,598
86,599
86,600
86,601
86,602
86,603
86,604
86,613
86,614
86,615
86,616
86,617
86,618
86,619
86,894
86,895
86,898
86,899
86,900
86,901
86,902
86,903
86,904
86,905
86,906
86,907
86,908
86,909
86,910
86,911
86,912
86,913
86,914
86,915
86,916
86,917
86,918
86,919
86,920
86,921
86,922
86,923
86,924
86,925
86,926
86,927
86,928
86,929
86,930
86,931
86,932
86,1008
86,1009
86,1010
86,1011
86,1012
86,1013
86,1015
87,2
87,3
87,16
87,17
87,18
87,24
87,25
87,27
87,29
87,30
87,44
87,79
87,80
87,81
87,82
87,83
87,84
87,85
87,86
87,88
87,89
87,119
87,121
87,122
87,123
87,125
87,126
87,127
87,128
87,129
87,130
87,131
87,132
87,133
87,134
87,135
87,136
87,137
87,138
87,139
87,140
87,143
87,144
87,145
87,146
87,149
87,150
87,251
87,252
87,339
87,340
87,341
87,345
87,351
87,352
87,353
87,354
87,355
87,356
87,357
87,358
87,359
87,360
87,363
87,364
87,365
87,366
87,367
87,368
87,369
87,370
87,406
87,530
87,531
87,532
87,533
87,534
87,535
87,567
87,568
87,569
87,570
87,571
87,572
87,573
87,574
87,575
87,576
87,577
87,578
87,579
87,580
87,581
87,582
87,583
87,584
87,585
87,586
87,587
87,588
87,589
87,590
87,591
87,592
87,593
87,594
87,595
87,596
87,597
87,598
87,599
87,600
87,601
87,602
87,603
87,604
87,605
87,606
87,607
87,608
87,609
87,610
87,611
87,612
87,613
87,614
87,615
87,616
87,617
87,618
87,619
87,898
87,899
87,900
87,901
87,902
87,903
87,904
87,905
87,906
87,907
87,908
87,909
87,910
87,911
87,912
87,913
87,914
87,915
87,916
87,917
87,918
87,919
87,920
87,921
87,922
87,923
87,924
87,925
87,926
87,927
87,928
87,929
87,930
87,931
87,932
87,1008
87,1009
87,1010
87,1011
87,1012
87,1013
88,2
88,3
88,17
88,18
88,25
88,27
88,29
88,30
88,44
88,80
88,82
88,83
88,84
88,85
88,86
88,87
88,89
88,125
88,128
88,130
88,131
88,132
88,133
88,134
88,135
88,136
88,137
88,138
88,139
88,140
88,141
88,142
88,143
88,144
88,145
88,146
88,147
88,148
88,149
88,150
88,151
88,152
88,251
88,252
88,341
88,351
88,352
88,353
88,354
88,355
88,356
88,357
88,358
88,359
88,360
88,363
88,364
88,365
88,366
88,367
88,368
88,369
88,370
88,371
88,372
88,406
88,407
88,409
88,530
88,531
88,532
88,533
88,534
88,535
88,569
88,570
88,571
88,573
88,574
88,575
88,576
88,577
88,578
88,579
88,580
88,581
88,582
88,583
88,584
88,585
88,586
88,587
88,588
88,589
88,590
88,591
88,592
88,593
88,594
88,595
88,596
88,597
88,598
88,599
88,600
88,601
88,602
88,603
88,604
88,605
88,606
88,607
88,608
88,609
88,610
88,611
88,612
88,613
88,614
88,615
88,616
88,617
88,618
88,619
88,620
88,621
88,622
88,623
88,624
88,625
88,899
88,904
88,905
88,906
88,907
88,908
88,909
88,910
88,911
88,912
88,913
88,914
88,915
88,916
88,917
88,918
88,919
88,920
88,921
88,922
88,923
88,924
88,925
88,926
88,927
88,928
88,929
88,930
88,931
88,932
88,1008
88,1009
88,1010
88,1011
88,1012
88,1013
88,1014
88,1015
88,1016
88,1017
88,1018
89,2
89,3
89,16
89,17
89,18
89,24
89,25
89,27
89,29
89,30
89,44
89,79
89,80
89,81
89,82
89,83
89,84
89,85
89,86
89,87
89,88
89,121
89,125
89,126
89,127
89,128
89,129
89,130
89,131
89,132
89,133
89,134
89,135
89,136
89,137
89,138
89,139
89,140
89,143
89,144
89,145
89,146
89,149
89,150
89,251
89,252
89,338
89,339
89,340
89,341
89,344
89,345
89,350
89,351
89,352
89,353
89,354
89,355
89,356
89,357
89,358
89,359
89,360
89,361
89,362
89,363
89,364
89,365
89,366
89,367
89,368
89,369
89,370
89,372
89,406
89,407
89,409
89,530
89,531
89,532
89,533
89,534
89,535
89,567
89,568
89,569
89,570
89,571
89,572
89,573
89,574
89,575
89,576
89,577
89,578
89,579
89,580
89,581
89,582
89,583
89,584
89,585
89,586
89,587
89,588
89,589
89,590
89,591
89,592
89,593
89,594
89,595
89,596
89,597
89,598
89,599
89,600
89,601
89,602
89,603
89,604
89,605
89,606
89,607
89,608
89,609
89,610
89,611
89,612
89,613
89,614
89,615
89,616
89,617
89,618
89,619
89,898
89,899
89,900
89,901
89,902
89,903
89,904
89,905
89,906
89,907
89,908
89,909
89,910
89,911
89,912
89,913
89,914
89,915
89,916
89,917
89,918
89,919
89,920
89,921
89,922
89,923
89,924
89,925
89,926
89,927
89,928
89,929
89,930
89,931
89,932
89,1008
89,1009
89,1010
89,1011
89,1012
89,1013
89,1014
89,1015
89,1016
89,1017
89,1018
90,1
90,3
90,13
90,14
90,15
90,16
90,17
90,20
90,21
90,22
90,23
90,24
90,57
90,58
90,59
90,60
90,62
90,63
90,64
90,65
90,66
90,67
90,68
90,69
90,70
90,71
90,72
90,73
90,74
90,75
90,91
90,92
90,93
90,94
90,95
90,96
90,97
90,98
90,99
90,100
90,101
90,102
90,103
90,104
90,105
90,106
90,107
90,108
90,109
90,113
90,114
90,115
90,117
90,300
90,312
90,314
90,536
90,537
90,538
90,539
90,540
90,541
90,542
90,543
90,544
90,545
90,546
90,547
90,548
90,549
90,550
90,551
90,552
90,553
90,554
90,555
90,556
90,557
90,558
90,559
90,560
90,561
90,562
90,563
90,564
90,565
90,566
91,1
91,3
91,13
91,14
91,15
91,16
91,17
91,20
91,21
91,22
91,23
91,24
91,58
91,60
91,63
91,64
91,65
91,66
91,67
91,68
91,69
91,70
91,71
91,72
91,73
91,74
91,75
91,76
91,77
91,90
91,92
91,93
91,94
91,95
91,96
91,97
91,98
91,99
91,100
91,101
91,102
91,103
91,104
91,105
91,106
91,107
91,108
91,109
91,110
91,111
91,113
91,114
91,115
91,116
91,117
91,118
91,119
91,120
91,312
91,314
91,320
91,536
91,537
91,538
91,539
91,540
91,541
91,542
91,543
91,544
91,545
91,546
91,547
91,548
91,549
91,550
91,551
91,552
91,553
91,554
91,555
91,556
91,557
91,558
91,559
91,560
91,561
91,562
91,563
91,564
91,565
91,566
92,1
92,3
92,13
92,14
92,15
92,16
92,17
92,20
92,21
92,22
92,23
92,24
92,58
92,63
92,64
92,66
92,67
92,68
92,69
92,70
92,71
92,72
92,73
92,74
92,75
92,90
92,91
92,93
92,94
92,95
92,96
92,97
92,98
92,99
92,100
92,101
92,102
92,103
92,104
92,105
92,106
92,107
92,108
92,109
92,113
92,114
92,115
92,116
92,117
92,118
92,536
92,537
92,538
92,539
92,540
92,541
92,542
92,543
92,544
92,545
92,546
92,547
92,548
92,549
92,550
92,551
92,552
92,553
92,554
92,555
92,556
92,557
92,558
92,559
92,560
92,561
92,562
92,563
92,564
92,565
92,566
93,1
93,3
93,13
93,14
93,15
93,16
93,17
93,18
93,21
93,22
93,23
93,24
93,64
93,67
93,68
93,69
93,70
93,71
93,72
93,73
93,74
93,75
93,76
93,77
93,90
93,91
93,92
93,94
93,95
93,96
93,97
93,98
93,99
93,100
93,101
93,102
93,103
93,104
93,105
93,106
93,107
93,108
93,109
93,110
93,111
93,113
93,114
93,115
93,116
93,117
93,118
93,119
93,120
93,123
93,124
93,536
93,537
93,538
93,539
93,540
93,541
93,542
93,543
93,544
93,545
93,546
93,547
93,548
93,549
93,550
93,551
93,552
93,553
93,554
93,555
93,556
93,557
93,558
93,559
93,560
93,561
93,562
93,563
93,564
93,565
93,566
94,1
94,3
94,13
94,14
94,15
94,16
94,17
94,18
94,21
94,22
94,23
94,24
94,64
94,67
94,68
94,69
94,70
94,71
94,72
94,73
94,74
94,75
94,76
94,77
94,90
94,91
94,92
94,93
94,95
94,96
94,97
94,98
94,99
94,100
94,101
94,102
94,103
94,104
94,105
94,106
94,107
94,108
94,109
94,110
94,111
94,112
94,113
94,114
94,115
94,116
94,117
94,118
94,119
94,120
94,122
94,123
94,124
94,536
94,537
94,538
94,539
94,540
94,541
94,542
94,543
94,544
94,545
94,546
94,547
94,548
94,549
94,550
94,551
94,552
94,553
94,554
94,555
94,556
94,557
94,558
94,559
94,560
94,561
94,562
94,563
94,564
94,565
94,566
95,1
95,3
95,13
95,14
95,15
95,16
95,17
95,18
95,22
95,23
95,24
95,67
95,68
95,70
95,71
95,72
95,73
95,74
95,75
95,76
95,77
95,79
95,90
95,91
95,92
95,93
95,94
95,96
95,99
95,100
95,101
95,102
95,103
95,104
95,105
95,106
95,107
95,108
95,109
95,110
95,111
95,112
95,113
95,114
95,115
95,116
95,117
95,118
95,119
95,120
95,121
95,122
95,123
95,124
95,125
95,127
95,544
95,545
95,546
95,547
95,548
95,549
95,550
95,551
95,552
95,553
95,554
95,555
95,556
95,557
95,558
95,559
95,560
95,561
95,562
95,563
95,564
95,565
95,566
96,1
96,3
96,13
96,14
96,15
96,16
96,17
96,18
96,21
96,22
96,23
96,24
96,67
96,68
96,70
96,71
96,72
96,73
96,74
96,75
96,76
96,77
96,78
96,79
96,90
96,91
96,92
96,93
96,94
96,95
96,99
96,100
96,101
96,102
96,103
96,104
96,105
96,106
96,107
96,108
96,109
96,110
96,111
96,112
96,113
96,114
96,115
96,116
96,117
96,118
96,119
96,120
96,121
96,122
96,123
96,124
96,125
96,126
96,127
96,538
96,539
96,543
96,544
96,545
96,546
96,547
96,548
96,549
96,550
96,551
96,552
96,553
96,554
96,555
96,556
96,557
96,558
96,559
96,560
96,561
96,562
96,563
96,564
96,565
96,566
97,1
97,3
97,12
97,13
97,14
97,15
97,16
97,19
97,20
97,21
97,22
97,23
97,24
97,51
97,54
97,55
97,56
97,57
97,58
97,59
97,60
97,61
97,62
97,63
97,64
97,65
97,66
97,67
97,68
97,69
97,70
97,71
97,73
97,90
97,91
97,92
97,93
97,94
97,95
97,98
97,99
97,100
97,101
97,102
97,103
97,104
97,280
97,289
97,290
97,291
97,292
97,296
97,297
97,298
97,299
97,300
97,302
97,304
97,311
97,312
97,314
97,505
97,507
97,536
97,537
97,538
97,539
97,540
97,541
97,542
97,543
97,544
97,545
97,546
97,547
97,548
97,549
97,550
97,551
97,552
97,553
97,554
97,555
97,556
97,557
97,558
97,559
97,560
97,561
97,562
97,563
97,564
98,1
98,3
98,12
98,13
98,14
98,15
98,19
98,20
98,21
98,22
98,23
98,51
98,54
98,55
98,56
98,57
98,58
98,59
98,60
98,61
98,62
98,63
98,64
98,65
98,66
98,67
98,68
98,69
98,70
98,71
98,73
98,90
98,91
98,92
98,93
98,94
98,97
98,99
98,100
98,101
98,104
98,280
98,289
98,290
98,291
98,292
98,294
98,296
98,297
98,298
98,299
98,300
98,301
98,302
98,304
98,311
98,312
98,314
98,316
98,536
98,537
98,538
98,539
98,540
98,541
98,542
98,543
98,544
98,545
98,546
98,547
98,548
98,549
98,550
98,551
98,552
98,553
98,554
98,555
98,556
98,557
98,558
98,559
99,1
99,3
99,12
99,13
99,14
99,15
99,16
99,20
99,21
99,22
99,23
99,24
99,51
99,54
99,56
99,57
99,58
99,59
99,60
99,61
99,62
99,63
99,64
99,65
99,66
99,67
99,68
99,69
99,70
99,71
99,72
99,73
99,74
99,90
99,91
99,92
99,93
99,94
99,95
99,96
99,97
99,98
99,100
99,101
99,102
99,103
99,104
99,105
99,289
99,290
99,291
99,292
99,296
99,297
99,298
99,299
99,300
99,301
99,302
99,303
99,304
99,311
99,312
99,313
99,314
99,315
99,316
99,317
99,318
99,319
99,320
99,536
99,537
99,538
99,539
99,540
99,541
99,542
99,543
99,544
99,545
99,546
99,547
99,548
99,549
99,550
99,551
99,552
99,553
99,554
99,555
99,556
99,557
99,558
99,559
99,560
99,561
99,562
99,563
99,564
99,565
99,566
100,1
100,3
100,13
100,14
100,15
100,16
100,17
100,20
100,21
100,22
100,23
100,24
100,57
100,58
100,59
100,60
100,61
100,62
100,63
100,64
100,65
100,66
100,67
100,68
100,69
100,70
100,71
100,72
100,73
100,74
100,75
100,77
100,90
100,91
100,92
100,93
100,94
100,95
100,96
100,97
100,98
100,99
100,101
100,102
100,103
100,104
100,105
100,106
100,113
100,114
100,117
100,292
100,297
100,298
100,299
100,300
100,302
100,304
100,311
100,312
100,313
100,314
100,315
100,316
100,317
100,318
100,319
100,320
100,322
100,324
100,536
100,537
100,538
100,539
100,540
100,541
100,542
100,543
100,544
100,545
100,546
100,547
100,548
100,549
100,550
100,551
100,552
100,553
100,554
100,555
100,556
100,557
100,558
100,559
100,560
100,561
100,562
100,563
100,564
100,565
100,566
101,1
101,3
101,13
101,14
101,15
101,16
101,17
101,21
101,22
101,23
101,24
101,58
101,60
101,62
101,63
101,64
101,65
101,66
101,67
101,68
101,69
101,70
101,71
101,72
101,73
101,74
101,75
101,76
101,77
101,78
101,90
101,91
101,92
101,93
101,94
101,95
101,96
101,97
101,98
101,99
101,100
101,102
101,103
101,104
101,105
101,106
101,107
101,108
101,113
101,114
101,115
101,116
101,117
101,118
101,298
101,299
101,300
101,304
101,311
101,312
101,313
101,314
101,316
101,317
101,318
101,319
101,320
101,321
101,322
101,323
101,324
101,331
101,536
101,537
101,538
101,539
101,540
101,541
101,542
101,543
101,544
101,545
101,546
101,547
101,548
101,549
101,550
101,551
101,552
101,553
101,554
101,555
101,556
101,557
101,558
101,559
101,560
101,561
101,562
101,563
101,564
101,565
101,566
102,1
102,3
102,13
102,14
102,15
102,16
102,17
102,18
102,22
102,23
102,24
102,64
102,67
102,68
102,69
102,70
102,71
102,72
102,73
102,74
102,75
102,76
102,77
102,78
102,79
102,80
102,81
102,90
102,91
102,92
102,93
102,94
102,95
102,96
102,99
102,100
102,101
102,103
102,104
102,105
102,106
102,107
102,108
102,109
102,110
102,111
102,112
102,113
102,114
102,115
102,116
102,117
102,118
102,119
102,120
102,121
102,122
102,123
102,124
102,125
102,126
102,127
102,128
102,129
102,314
102,319
102,320
102,321
102,322
102,330
102,331
102,333
102,539
102,543
102,544
102,545
102,546
102,547
102,548
102,549
102,550
102,551
102,552
102,553
102,554
102,555
102,556
102,557
102,558
102,559
102,560
102,561
102,562
102,563
102,564
102,565
102,566
103,1
103,3
103,13
103,14
103,15
103,16
103,17
103,18
103,22
103,23
103,24
103,67
103,68
103,69
103,70
103,71
103,72
103,73
103,74
103,75
103,76
103,77
103,78
103,79
103,81
103,90
103,91
103,92
103,93
103,94
103,95
103,96
103,99
103,100
103,101
103,102
103,104
103,105
103,106
103,107
103,108
103,109
103,110
103,111
103,112
103,113
103,114
103,115
103,116
103,117
103,118
103,119
103,120
103,121
103,122
103,123
103,124
103,125
103,126
103,127
103,129
103,320
103,322
103,331
103,544
103,545
103,546
103,547
103,548
103,549
103,550
103,551
103,552
103,553
103,554
103,555
103,556
103,557
103,558
103,559
103,560
103,561
103,562
103,563
103,564
103,565
103,566
104,1
104,3
104,13
104,14
104,15
104,16
104,17
104,18
104,21
104,22
104,23
104,24
104,63
104,64
104,66
104,67
104,68
104,69
104,70
104,71
104,72
104,73
104,74
104,75
104,76
104,77
104,78
104,79
104,81
104,90
104,91
104,92
104,93
104,94
104,95
104,96
104,97
104,98
104,99
104,100
104,101
104,102
104,103
104,105
104,106
104,107
104,108
104,109
104,110
104,113
104,114
104,115
104,116
104,117
104,118
104,119
104,120
104,123
104,124
104,127
104,300
104,311
104,312
104,313
104,314
104,316
104,317
104,318
104,319
104,320
104,321
104,322
104,323
104,324
104,325
104,326
104,330
104,331
104,333
104,335
104,536
104,537
104,538
104,539
104,540
104,541
104,542
104,543
104,544
104,545
104,546
104,547
104,548
104,549
104,550
104,551
104,552
104,553
104,554
104,555
104,556
104,557
104,558
104,559
104,560
104,561
104,562
104,563
104,564
104,565
104,566
105,1
105,3
105,13
105,14
105,15
105,16
105,17
105,18
105,22
105,23
105,24
105,64
105,67
105,68
105,69
105,70
105,71
105,72
105,73
105,74
105,75
105,76
105,77
105,78
105,79
105,80
105,81
105,90
105,91
105,92
105,93
105,94
105,95
105,96
105,99
105,100
105,101
105,102
105,103
105,104
105,106
105,107
105,108
105,109
105,110
105,111
105,113
105,114
105,115
105,116
105,117
105,118
105,119
105,120
105,121
105,122
105,123
105,124
105,125
105,126
105,127
105,128
105,129
105,312
105,313
105,314
105,319
105,320
105,321
105,322
105,324
105,325
105,326
105,330
105,331
105,332
105,333
105,335
105,339
105,546
105,547
105,548
105,549
105,550
105,551
105,552
105,553
105,554
105,555
105,556
105,557
105,558
105,559
105,560
105,561
105,562
105,563
105,564
105,565
105,566
106,1
106,3
106,13
106,14
106,15
106,16
106,17
106,18
106,22
106,23
106,24
106,68
106,71
106,72
106,73
106,74
106,75
106,76
106,77
106,78
106,79
106,80
106,81
106,90
106,91
106,92
106,93
106,94
106,95
106,96
106,100
106,101
106,102
106,103
106,104
106,105
106,107
106,108
106,109
106,110
106,111
106,112
106,113
106,114
106,115
106,116
106,117
106,118
106,119
106,120
106,121
106,122
106,123
106,124
106,125
106,126
106,127
106,128
106,131
106,132
106,133
106,552
106,553
106,554
106,555
106,556
106,557
106,558
106,559
106,560
106,561
106,562
106,563
106,564
106,565
106,566
107,1
107,3
107,13
107,14
107,15
107,16
107,17
107,18
107,22
107,23
107,24
107,25
107,29
107,68
107,71
107,72
107,73
107,74
107,75
107,76
107,77
107,78
107,79
107,80
107,81
107,90
107,91
107,92
107,93
107,94
107,95
107,96
107,100
107,101
107,102
107,103
107,104
107,105
107,106
107,108
107,109
107,110
107,111
107,112
107,113
107,114
107,115
107,116
107,117
107,118
107,119
107,120
107,121
107,122
107,123
107,124
107,125
107,126
107,127
107,128
107,129
107,130
107,131
107,132
107,133
107,546
107,547
107,551
107,552
107,553
107,554
107,555
107,556
107,557
107,558
107,559
107,560
107,561
107,562
107,563
107,564
107,565
107,566
108,1
108,3
108,13
108,14
108,15
108,16
108,17
108,18
108,22
108,23
108,24
108,25
108,29
108,71
108,72
108,74
108,75
108,76
108,77
108,78
108,79
108,80
108,81
108,82
108,83
108,91
108,92
108,93
108,94
108,95
108,96
108,101
108,102
108,103
108,104
108,105
108,106
108,107
108,109
108,110
108,111
108,112
108,113
108,114
108,115
108,116
108,117
108,118
108,119
108,120
108,121
108,122
108,123
108,124
108,125
108,126
108,127
108,128
108,129
108,130
108,131
108,132
108,133
108,134
108,560
108,561
108,562
108,563
108,564
108,565
108,566
108,567
108,568
108,571
108,572
109,1
109,3
109,14
109,15
109,16
109,17
109,18
109,22
109,23
109,24
109,25
109,29
109,71
109,72
109,75
109,76
109,77
109,78
109,79
109,80
109,81
109,83
109,91
109,92
109,93
109,94
109,95
109,96
109,101
109,102
109,103
109,104
109,105
109,106
109,107
109,108
109,110
109,111
109,112
109,113
109,114
109,115
109,116
109,117
109,118
109,119
109,120
109,121
109,122
109,123
109,124
109,125
109,126
109,127
109,128
109,129
109,130
109,131
109,132
109,133
109,134
109,560
109,561
109,562
109,563
109,564
109,565
109,566
109,567
109,568
109,570
109,571
109,572
110,1
110,3
110,14
110,15
110,16
110,17
110,18
110,22
110,23
110,24
110,25
110,29
110,72
110,75
110,76
110,77
110,78
110,79
110,80
110,81
110,82
110,83
110,84
110,85
110,93
110,94
110,95
110,96
110,102
110,103
110,104
110,105
110,106
110,107
110,108
110,109
110,111
110,112
110,113
110,114
110,115
110,116
110,117
110,118
110,119
110,120
110,121
110,122
110,123
110,124
110,125
110,126
110,127
110,128
110,129
110,130
110,131
110,132
110,133
110,134
110,135
110,562
110,567
110,568
110,569
110,570
110,571
110,572
110,573
110,574
110,575
110,576
110,577
110,578
111,1
111,3
111,14
111,15
111,16
111,17
111,18
111,22
111,23
111,24
111,25
111,29
111,75
111,76
111,78
111,79
111,80
111,81
111,82
111,83
111,84
111,93
111,94
111,95
111,96
111,102
111,103
111,104
111,105
111,106
111,107
111,108
111,109
111,110
111,112
111,113
111,114
111,115
111,116
111,117
111,118
111,119
111,120
111,121
111,122
111,123
111,124
111,125
111,126
111,127
111,128
111,129
111,130
111,131
111,132
111,133
111,134
111,135
111,567
111,568
111,569
111,570
111,571
111,572
111,573
111,574
111,575
111,576
111,577
111,578
112,1
112,2
112,3
112,14
112,15
112,16
112,17
112,18
112,22
112,23
112,24
112,25
112,29
112,75
112,76
112,78
112,79
112,80
112,81
112,82
112,83
112,84
112,85
112,86
112,87
112,93
112,94
112,95
112,96
112,102
112,103
112,105
112,106
112,107
112,108
112,109
112,110
112,111
112,113
112,114
112,115
112,116
112,117
112,118
112,119
112,120
112,121
112,122
112,123
112,124
112,125
112,126
112,127
112,128
112,129
112,130
112,131
112,132
112,133
112,134
112,135
112,136
112,137
112,567
112,568
112,569
112,570
112,571
112,572
112,573
112,574
112,575
112,576
112,577
112,578
112,579
112,580
112,582
113,1
113,3
113,13
113,14
113,15
113,16
113,17
113,18
113,22
113,23
113,24
113,29
113,68
113,70
113,71
113,72
113,73
113,74
113,75
113,76
113,77
113,78
113,79
113,80
113,81
113,82
113,83
113,90
113,91
113,92
113,93
113,94
113,95
113,96
113,100
113,101
113,102
113,103
113,104
113,105
113,106
113,107
113,108
113,109
113,110
113,111
113,112
113,114
113,115
113,116
113,117
113,118
113,119
113,120
113,121
113,122
113,123
113,124
113,125
113,126
113,127
113,128
113,129
113,130
113,131
113,132
113,133
113,134
113,320
113,322
113,331
113,333
113,339
113,552
113,553
113,554
113,555
113,556
113,557
113,558
113,559
113,560
113,561
113,562
113,563
113,564
113,565
113,566
114,1
114,3
114,13
114,14
114,15
114,16
114,17
114,18
114,22
114,23
114,24
114,25
114,29
114,68
114,70
114,71
114,72
114,73
114,74
114,75
114,76
114,77
114,78
114,79
114,80
114,81
114,90
114,91
114,92
114,93
114,94
114,95
114,96
114,100
114,101
114,102
114,103
114,104
114,105
114,106
114,107
114,108
114,109
114,110
114,111
114,112
114,113
114,115
114,116
114,117
114,118
114,119
114,120
114,121
114,122
114,123
114,124
114,125
114,126
114,127
114,128
114,129
114,130
114,131
114,132
114,133
114,134
114,322
114,331
114,333
114,552
114,553
114,554
114,555
114,556
114,557
114,558
114,559
114,560
114,561
114,562
114,563
114,564
114,565
114,566
115,1
115,3
115,13
115,14
115,15
115,16
115,17
115,18
115,22
115,23
115,24
115,25
115,29
115,68
115,71
115,72
115,73
115,74
115,75
115,76
115,77
115,78
115,79
115,80
115,81
115,82
115,83
115,84
115,85
115,91
115,92
115,93
115,94
115,95
115,96
115,101
115,102
115,103
115,104
115,105
115,106
115,107
115,108
115,109
115,110
115,111
115,112
115,113
115,114
115,116
115,117
115,118
115,119
115,120
115,121
115,122
115,123
115,124
115,125
115,126
115,127
115,128
115,129
115,130
115,131
115,132
115,133
115,134
115,135
115,136
115,322
115,330
115,331
115,332
115,333
115,339
115,341
115,558
115,560
115,561
115,562
115,563
115,564
115,565
115,566
115,567
115,568
115,569
115,570
115,571
115,572
115,573
115,574
116,1
116,3
116,14
116,15
116,16
116,17
116,18
116,22
116,23
116,24
116,25
116,29
116,71
116,72
116,74
116,75
116,76
116,77
116,78
116,79
116,80
116,81
116,82
116,83
116,85
116,91
116,92
116,93
116,94
116,95
116,96
116,101
116,102
116,103
116,104
116,105
116,106
116,107
116,108
116,109
116,110
116,111
116,112
116,113
116,114
116,115
116,117
116,118
116,119
116,120
116,121
116,122
116,123
116,124
116,125
116,126
116,127
116,128
116,129
116,130
116,131
116,132
116,133
116,134
116,135
116,331
116,333
116,339
116,560
116,561
116,562
116,563
116,564
116,565
116,566
116,567
116,568
116,570
116,571
116,572
116,574
117,1
117,3
117,13
117,14
117,15
117,16
117,17
117,18
117,22
117,23
117,24
117,29
117,67
117,68
117,69
117,70
117,71
117,72
117,73
117,74
117,75
117,76
117,77
117,78
117,79
117,80
117,81
117,82
117,83
117,85
117,91
117,92
117,93
117,94
117,95
117,96
117,100
117,101
117,102
117,103
117,104
117,105
117,106
117,107
117,108
117,109
117,110
117,111
117,112
117,113
117,114
117,115
117,116
117,118
117,119
117,120
117,121
117,122
117,123
117,124
117,125
117,126
117,127
117,128
117,129
117,130
117,131
117,132
117,133
117,134
117,314
117,319
117,320
117,321
117,322
117,325
117,326
117,330
117,331
117,332
117,333
117,334
117,335
117,337
117,338
117,339
117,341
117,552
117,554
117,555
117,556
117,557
117,558
117,559
117,560
117,561
117,562
117,563
117,564
117,565
117,566
118,1
118,3
118,13
118,14
118,15
118,16
118,17
118,18
118,22
118,23
118,24
118,25
118,29
118,68
118,70
118,71
118,72
118,73
118,74
118,75
118,76
118,77
118,78
118,79
118,80
118,81
118,82
118,83
118,84
118,85
118,86
118,91
118,93
118,94
118,95
118,96
118,101
118,102
118,103
118,104
118,105
118,106
118,107
118,108
118,109
118,110
118,111
118,112
118,113
118,114
118,115
118,116
118,117
118,119
118,120
118,121
118,122
118,123
118,124
118,125
118,126
118,127
118,128
118,129
118,130
118,131
118,132
118,133
118,134
118,135
118,136
118,320
118,321
118,322
118,330
118,331
118,332
118,333
118,334
118,335
118,337
118,338
118,339
118,340
118,341
118,343
118,352
118,560
118,561
118,562
118,563
118,564
118,565
118,566
118,567
118,568
118,569
118,570
118,571
118,572
118,573
118,574
119,1
119,3
119,14
119,15
119,16
119,17
119,18
119,22
119,23
119,24
119,25
119,29
119,71
119,72
119,74
119,75
119,76
119,77
119,78
119,79
119,80
119,81
119,82
119,83
119,84
119,85
119,86
119,87
119,93
119,94
119,95
119,96
119,102
119,103
119,104
119,105
119,106
119,107
119,108
119,109
119,110
119,111
119,112
119,113
119,114
119,115
119,116
119,117
119,118
119,120
119,121
119,122
119,123
119,124
119,125
119,126
119,127
119,128
119,129
119,130
119,131
119,132
119,133
119,134
119,135
119,136
119,137
119,331
119,332
119,333
119,338
119,339
119,340
119,341
119,352
119,562
119,565
119,567
119,568
119,569
119,570
119,571
119,572
119,573
119,574
119,575
119,576
119,577
119,578
119,579
119,580
120,1
120,3
120,14
120,15
120,16
120,17
120,18
120,22
120,23
120,24
120,25
120,29
120,72
120,74
120,75
120,76
120,77
120,78
120,79
120,80
120,81
120,82
120,83
120,84
120,85
120,86
120,93
120,94
120,95
120,96
120,102
120,103
120,104
120,105
120,106
120,107
120,108
120,109
120,110
120,111
120,112
120,113
120,114
120,115
120,116
120,117
120,118
120,119
120,121
120,122
120,123
120,124
120,125
120,126
120,127
120,128
120,129
120,130
120,131
120,132
120,133
120,134
120,135
120,136
120,137
120,333
120,339
120,341
120,562
120,567
120,568
120,569
120,570
120,571
120,572
120,573
120,574
120,575
120,576
120,577
120,578
120,579
120,580
121,1
121,2
121,3
121,14
121,15
121,16
121,17
121,18
121,22
121,23
121,24
121,25
121,29
121,72
121,75
121,76
121,77
121,78
121,79
121,80
121,81
121,82
121,83
121,84
121,85
121,86
121,87
121,88
121,89
121,95
121,96
121,102
121,103
121,105
121,106
121,107
121,108
121,109
121,110
121,111
121,112
121,113
121,114
121,115
121,116
121,117
121,118
121,119
121,120
121,122
121,123
121,124
121,125
121,126
121,127
121,128
121,129
121,130
121,131
121,132
121,133
121,134
121,135
121,136
121,137
121,138
121,333
121,338
121,339
121,340
121,341
121,351
121,352
121,354
121,567
121,568
121,569
121,570
121,571
121,572
121,573
121,574
121,575
121,576
121,577
121,578
121,579
121,580
121,581
121,582
121,583
121,584
121,585
122,1
122,2
122,3
122,15
122,16
122,17
122,18
122,22
122,23
122,24
122,25
122,29
122,75
122,76
122,77
122,78
122,79
122,80
122,81
122,82
122,83
122,84
122,85
122,86
122,87
122,95
122,96
122,102
122,103
122,105
122,106
122,107
122,108
122,109
122,110
122,111
122,112
122,113
122,114
122,115
122,116
122,117
122,118
122,119
122,120
122,121
122,123
122,124
122,125
122,126
122,127
122,128
122,129
122,130
122,131
122,132
122,133
122,134
122,135
122,136
122,137
122,138
122,339
122,341
122,352
122,567
122,568
122,569
122,570
122,571
122,572
122,573
122,574
122,575
122,576
122,577
122,578
122,579
122,580
122,581
122,582
122,584
122,585
123,1
123,3
123,14
123,15
123,16
123,17
123,18
123,22
123,23
123,24
123,25
123,29
123,71
123,72
123,73
123,74
123,75
123,76
123,77
123,78
123,79
123,80
123,81
123,82
123,83
123,84
123,85
123,86
123,87
123,93
123,94
123,95
123,96
123,102
123,103
123,104
123,105
123,106
123,107
123,108
123,109
123,110
123,111
123,112
123,113
123,114
123,115
123,116
123,117
123,118
123,119
123,120
123,121
123,122
123,124
123,125
123,126
123,127
123,128
123,129
123,130
123,131
123,132
123,133
123,134
123,135
123,136
123,137
123,322
123,330
123,331
123,332
123,333
123,335
123,337
123,338
123,339
123,340
123,341
123,343
123,345
123,351
123,352
123,354
123,567
123,568
123,569
123,570
123,571
123,572
123,573
123,574
123,575
123,576
123,577
123,578
123,579
123,580
124,1
124,3
124,14
124,15
124,16
124,17
124,18
124,22
124,23
124,24
124,25
124,29
124,71
124,72
124,74
124,75
124,76
124,77
124,78
124,79
124,80
124,81
124,82
124,83
124,84
124,85
124,86
124,93
124,94
124,95
124,96
124,102
124,103
124,104
124,105
124,106
124,107
124,108
124,109
124,110
124,111
124,112
124,113
124,114
124,115
124,116
124,117
124,118
124,119
124,120
124,121
124,122
124,123
124,125
124,126
124,127
124,128
124,129
124,130
124,131
124,132
124,133
124,134
124,135
124,136
124,137
124,322
124,331
124,332
124,333
124,337
124,338
124,339
124,340
124,341
124,343
124,352
124,354
124,567
124,568
124,569
124,570
124,571
124,572
124,573
124,574
124,575
124,576
124,577
124,578
124,579
124,580
125,1
125,2
125,3
125,14
125,15
125,16
125,17
125,18
125,22
125,23
125,24
125,25
125,29
125,72
125,74
125,75
125,76
125,77
125,78
125,79
125,80
125,81
125,82
125,83
125,84
125,85
125,86
125,87
125,88
125,89
125,95
125,96
125,102
125,103
125,105
125,106
125,107
125,108
125,109
125,110
125,111
125,112
125,113
125,114
125,115
125,116
125,117
125,118
125,119
125,120
125,121
125,122
125,123
125,124
125,126
125,127
125,128
125,129
125,130
125,131
125,132
125,133
125,134
125,135
125,136
125,137
125,138
125,331
125,332
125,333
125,337
125,338
125,339
125,340
125,341
125,343
125,345
125,351
125,352
125,353
125,354
125,355
125,356
125,358
125,359
125,365
125,567
125,568
125,569
125,570
125,571
125,572
125,573
125,574
125,575
125,576
125,577
125,578
125,579
125,580
125,581
125,582
125,583
125,584
125,585
125,586
125,587
126,1
126,2
126,3
126,15
126,16
126,17
126,18
126,22
126,23
126,24
126,25
126,29
126,72
126,75
126,76
126,77
126,78
126,79
126,80
126,81
126,82
126,83
126,84
126,85
126,86
126,87
126,88
126,89
126,95
126,96
126,102
126,103
126,105
126,106
126,107
126,108
126,109
126,110
126,111
126,112
126,113
126,114
126,115
126,116
126,117
126,118
126,119
126,120
126,121
126,122
126,123
126,124
126,125
126,127
126,128
126,129
126,130
126,131
126,132
126,133
126,134
126,135
126,136
126,137
126,138
126,331
126,333
126,338
126,339
126,340
126,341
126,343
126,345
126,351
126,352
126,353
126,354
126,356
126,359
126,365
126,567
126,568
126,569
126,570
126,571
126,572
126,573
126,574
126,575
126,576
126,577
126,578
126,579
126,580
126,581
126,582
126,583
126,584
126,585
126,586
126,587
127,1
127,3
127,14
127,15
127,16
127,17
127,18
127,22
127,23
127,24
127,25
127,29
127,71
127,72
127,73
127,74
127,75
127,76
127,77
127,78
127,79
127,80
127,81
127,82
127,83
127,84
127,85
127,86
127,87
127,89
127,95
127,96
127,102
127,103
127,104
127,105
127,106
127,107
127,108
127,109
127,110
127,111
127,112
127,113
127,114
127,115
127,116
127,117
127,118
127,119
127,120
127,121
127,122
127,123
127,124
127,125
127,126
127,128
127,129
127,130
127,131
127,132
127,133
127,134
127,135
127,136
127,137
127,138
127,320
127,321
127,322
127,326
127,330
127,331
127,332
127,333
127,334
127,335
127,336
127,337
127,338
127,339
127,340
127,341
127,342
127,343
127,344
127,345
127,346
127,349
127,350
127,351
127,352
127,353
127,354
127,355
127,356
127,567
127,568
127,569
127,570
127,571
127,572
127,573
127,574
127,575
127,576
127,577
127,578
127,579
127,580
128,2
128,3
128,15
128,16
128,17
128,18
128,22
128,23
128,24
128,25
128,29
128,72
128,74
128,75
128,76
128,77
128,78
128,79
128,80
128,81
128,82
128,83
128,84
128,85
128,86
128,87
128,88
128,89
128,102
128,103
128,105
128,106
128,107
128,108
128,109
128,110
128,111
128,112
128,113
128,114
128,115
128,116
128,117
128,118
128,119
128,120
128,121
128,122
128,123
128,124
128,125
128,126
128,127
128,129
128,130
128,131
128,132
128,133
128,134
128,135
128,136
128,137
128,138
128,322
128,330
128,331
128,332
128,333
128,335
128,336
128,337
128,338
128,339
128,340
128,341
128,342
128,343
128,344
128,345
128,349
128,350
128,351
128,352
128,353
128,354
128,355
128,356
128,357
128,358
128,359
128,360
128,362
128,364
128,365
128,366
128,567
128,568
128,569
128,570
128,571
128,572
128,573
128,574
128,575
128,576
128,577
128,578
128,579
128,580
128,581
128,582
128,583
128,584
128,585
128,586
128,587
128,898
129,1
129,3
129,14
129,15
129,16
129,17
129,18
129,22
129,23
129,24
129,25
129,29
129,71
129,72
129,73
129,74
129,75
129,76
129,77
129,78
129,79
129,80
129,81
129,82
129,83
129,84
129,85
129,86
129,87
129,89
129,102
129,103
129,105
129,106
129,108
129,109
129,110
129,111
129,112
129,113
129,114
129,115
129,116
129,117
129,118
129,119
129,120
129,121
129,122
129,123
129,124
129,125
129,126
129,127
129,128
129,130
129,131
129,132
129,133
129,134
129,135
129,136
129,137
129,138
129,320
129,321
129,322
129,325
129,326
129,330
129,331
129,332
129,333
129,334
129,335
129,336
129,337
129,338
129,339
129,340
129,341
129,342
129,343
129,344
129,345
129,346
129,349
129,350
129,351
129,352
129,353
129,354
129,355
129,356
129,357
129,358
129,359
129,361
129,362
129,364
129,365
129,567
129,568
129,569
129,570
129,571
129,572
129,573
129,574
129,575
129,576
129,577
129,578
129,885
129,887
129,890
129,891
129,894
129,895
129,898
130,2
130,3
130,15
130,16
130,17
130,18
130,22
130,23
130,24
130,25
130,29
130,44
130,72
130,74
130,75
130,76
130,77
130,78
130,79
130,80
130,81
130,82
130,83
130,84
130,85
130,86
130,87
130,88
130,89
130,105
130,108
130,110
130,111
130,112
130,113
130,114
130,115
130,116
130,117
130,118
130,119
130,120
130,121
130,122
130,123
130,124
130,125
130,126
130,127
130,128
130,129
130,131
130,132
130,133
130,134
130,135
130,136
130,137
130,138
130,321
130,322
130,326
130,330
130,331
130,332
130,333
130,334
130,335
130,336
130,337
130,338
130,339
130,340
130,341
130,342
130,343
130,344
130,345
130,346
130,349
130,350
130,351
130,352
130,353
130,354
130,355
130,356
130,357
130,358
130,359
130,360
130,361
130,362
130,363
130,364
130,365
130,366
130,567
130,568
130,569
130,570
130,571
130,572
130,573
130,574
130,575
130,576
130,577
130,578
130,579
130,580
130,581
130,582
130,583
130,584
130,585
130,586
130,587
130,591
130,593
130,887
130,890
130,891
130,894
130,895
130,896
130,898
130,899
130,900
130,901
130,902
130,903
130,911
130,912
130,915
130,916
131,2
131,3
131,15
131,16
131,17
131,18
131,23
131,24
131,25
131,27
131,29
131,75
131,76
131,78
131,79
131,80
131,81
131,82
131,83
131,84
131,85
131,86
131,87
131,88
131,89
131,102
131,106
131,107
131,108
131,109
131,110
131,111
131,112
131,113
131,114
131,115
131,116
131,117
131,118
131,119
131,120
131,121
131,122
131,123
131,124
131,125
131,126
131,127
131,128
131,129
131,130
131,132
131,133
131,134
131,135
131,136
131,137
131,138
131,339
131,340
131,341
131,351
131,352
131,353
131,354
131,358
131,359
131,365
131,530
131,567
131,568
131,569
131,570
131,571
131,572
131,573
131,574
131,575
131,576
131,577
131,578
131,579
131,580
131,581
131,582
131,583
131,584
131,585
131,586
131,587
131,588
131,589
131,590
131,591
131,592
131,593
132,1
132,2
132,3
132,15
132,16
132,17
132,18
132,23
132,24
132,25
132,27
132,29
132,75
132,76
132,78
132,79
132,80
132,81
132,82
132,83
132,84
132,85
132,86
132,87
132,88
132,89
132,103
132,106
132,107
132,108
132,109
132,110
132,111
132,112
132,113
132,114
132,115
132,116
132,117
132,118
132,119
132,120
132,121
132,122
132,123
132,124
132,125
132,126
132,127
132,128
132,129
132,130
132,131
132,133
132,134
132,135
132,136
132,137
132,138
132,339
132,341
132,352
132,354
132,359
132,365
132,567
132,568
132,569
132,570
132,571
132,572
132,573
132,574
132,575
132,576
132,577
132,578
132,579
132,580
132,581
132,582
132,583
132,584
132,585
132,586
132,587
132,588
132,589
132,590
132,591
132,593
133,2
133,3
133,15
133,16
133,17
133,18
133,23
133,24
133,25
133,27
133,29
133,75
133,76
133,78
133,79
133,80
133,81
133,82
133,83
133,84
133,85
133,86
133,87
133,88
133,89
133,106
133,107
133,108
133,109
133,110
133,111
133,112
133,113
133,114
133,115
133,116
133,117
133,118
133,119
133,120
133,121
133,122
133,123
133,124
133,125
133,126
133,127
133,128
133,129
133,130
133,131
133,132
133,134
133,135
133,136
133,137
133,138
133,251
133,333
133,338
133,339
133,340
133,341
133,345
133,351
133,352
133,353
133,354
133,356
133,358
133,359
133,365
133,366
133,530
133,567
133,568
133,569
133,570
133,571
133,572
133,573
133,574
133,575
133,576
133,577
133,578
133,579
133,580
133,581
133,582
133,583
133,584
133,585
133,586
133,587
133,588
133,589
133,590
133,591
133,592
133,593
133,595
134,2
134,3
134,15
134,16
134,17
134,18
134,23
134,24
134,25
134,27
134,29
134,44
134,75
134,76
134,77
134,78
134,79
134,80
134,81
134,82
134,83
134,84
134,85
134,86
134,87
134,88
134,89
134,108
134,109
134,110
134,111
134,112
134,113
134,114
134,115
134,116
134,117
134,118
134,119
134,120
134,121
134,122
134,123
134,124
134,125
134,126
134,127
134,128
134,129
134,130
134,131
134,132
134,133
134,135
134,136
134,137
134,138
134,251
134,331
134,332
134,333
134,337
134,338
134,339
134,340
134,341
134,342
134,343
134,344
134,345
134,349
134,350
134,351
134,352
134,353
134,354
134,355
134,356
134,357
134,358
134,359
134,360
134,361
134,362
134,363
134,364
134,365
134,366
134,530
134,531
134,532
134,533
134,534
134,535
134,567
134,568
134,569
134,570
134,571
134,572
134,573
134,574
134,575
134,576
134,577
134,578
134,579
134,580
134,581
134,582
134,583
134,584
134,585
134,586
134,587
134,588
134,589
134,590
134,591
134,592
134,593
134,594
134,595
134,596
134,898
134,899
134,900
134,901
134,902
134,903
134,904
134,908
134,911
134,912
134,914
135,2
135,3
135,15
135,16
135,17
135,18
135,23
135,24
135,25
135,27
135,29
135,44
135,76
135,78
135,79
135,80
135,81
135,82
135,83
135,84
135,85
135,86
135,87
135,88
135,89
135,110
135,111
135,112
135,115
135,116
135,118
135,119
135,120
135,121
135,122
135,123
135,124
135,125
135,126
135,127
135,128
135,129
135,130
135,131
135,132
135,133
135,134
135,136
135,137
135,138
135,143
135,144
135,145
135,251
135,252
135,333
135,338
135,339
135,340
135,341
135,343
135,344
135,345
135,350
135,351
135,352
135,353
135,354
135,355
135,356
135,357
135,358
135,359
135,360
135,361
135,362
135,363
135,364
135,365
135,366
135,367
135,368
135,406
135,530
135,531
135,532
135,533
135,534
135,535
135,567
135,568
135,569
135,570
135,571
135,572
135,573
135,574
135,575
135,576
135,577
135,578
135,579
135,580
135,581
135,582
135,583
135,584
135,585
135,586
135,587
135,588
135,589
135,590
135,591
135,592
135,593
135,594
135,595
135,596
135,597
135,598
135,599
135,600
135,601
135,602
135,603
135,604
135,606
135,610
135,613
135,614
135,615
135,616
135,617
135,618
135,898
135,899
135,900
135,901
135,902
135,903
135,904
135,905
135,906
135,907
135,908
135,909
135,910
135,911
135,912
135,913
135,914
135,915
135,916
135,917
135,918
135,919
135,920
135,921
135,922
135,924
135,927
135,928
135,930
135,931
135,1008
135,1009
135,1010
136,2
136,3
136,15
136,16
136,17
136,18
136,23
136,24
136,25
136,29
136,44
136,75
136,76
136,77
136,78
136,79
136,80
136,81
136,82
136,83
136,84
136,85
136,86
136,87
136,88
136,89
136,112
136,115
136,118
136,119
136,120
136,121
136,122
136,123
136,124
136,125
136,126
136,127
136,128
136,129
136,130
136,131
136,132
136,133
136,134
136,135
136,137
136,138
136,251
136,331
136,332
136,333
136,336
136,337
136,338
136,339
136,340
136,341
136,342
136,343
136,344
136,345
136,349
136,350
136,351
136,352
136,353
136,354
136,355
136,356
136,357
136,358
136,359
136,360
136,361
136,362
136,363
136,364
136,365
136,366
136,530
136,532
136,533
136,535
136,567
136,568
136,569
136,570
136,571
136,572
136,573
136,574
136,575
136,576
136,577
136,578
136,579
136,580
136,581
136,582
136,583
136,584
136,585
136,586
136,587
136,588
136,590
136,591
136,592
136,593
136,594
136,595
136,596
136,895
136,898
136,899
136,900
136,901
136,902
136,903
136,904
136,907
136,908
136,911
136,912
136,913
136,914
136,915
136,916
136,918
136,920
137,2
137,3
137,16
137,17
137,18
137,24
137,25
137,27
137,29
137,30
137,44
137,76
137,78
137,79
137,80
137,81
137,82
137,83
137,84
137,85
137,86
137,87
137,88
137,89
137,119
137,120
137,121
137,122
137,123
137,124
137,125
137,126
137,127
137,128
137,129
137,130
137,131
137,132
137,133
137,134
137,135
137,136
137,138
137,143
137,144
137,145
137,251
137,252
137,333
137,338
137,339
137,340
137,341
137,342
137,343
137,344
137,345
137,349
137,350
137,351
137,352
137,353
137,354
137,355
137,356
137,357
137,358
137,359
137,360
137,361
137,362
137,363
137,364
137,365
137,366
137,367
137,368
137,406
137,530
137,531
137,532
137,533
137,534
137,535
137,567
137,568
137,569
137,570
137,571
137,572
137,573
137,574
137,575
137,576
137,577
137,578
137,579
137,580
137,581
137,582
137,583
137,584
137,585
137,586
137,587
137,588
137,589
137,590
137,591
137,592
137,593
137,594
137,595
137,596
137,597
137,598
137,601
137,602
137,604
137,613
137,614
137,616
137,617
137,618
137,898
137,899
137,900
137,901
137,902
137,903
137,904
137,905
137,906
137,907
137,908
137,909
137,910
137,911
137,912
137,913
137,914
137,915
137,916
137,917
137,918
137,919
137,920
137,921
137,922
137,923
137,924
137,925
137,926
137,927
137,928
137,930
137,931
137,1008
137,1009
137,1010
137,1011
137,1012
138,2
138,3
138,16
138,17
138,18
138,24
138,25
138,27
138,29
138,30
138,44
138,79
138,80
138,81
138,82
138,83
138,84
138,85
138,86
138,87
138,88
138,89
138,121
138,122
138,125
138,126
138,127
138,128
138,129
138,130
138,131
138,132
138,133
138,134
138,135
138,136
138,137
138,143
138,144
138,145
138,150
138,251
138,252
138,339
138,340
138,341
138,344
138,345
138,351
138,352
138,353
138,354
138,355
138,356
138,357
138,358
138,359
138,360
138,361
138,362
138,363
138,364
138,365
138,366
138,367
138,368
138,369
138,370
138,406
138,407
138,409
138,530
138,531
138,532
138,533
138,534
138,535
138,567
138,568
138,569
138,570
138,571
138,572
138,573
138,574
138,575
138,576
138,577
138,578
138,579
138,580
138,581
138,582
138,583
138,584
138,585
138,586
138,587
138,588
138,589
138,590
138,591
138,592
138,593
138,594
138,595
138,596
138,597
138,598
138,599
138,600
138,601
138,602
138,603
138,604
138,605
138,606
138,609
138,610
138,612
138,613
138,614
138,615
138,616
138,617
138,618
138,619
138,898
138,899
138,900
138,901
138,902
138,903
138,904
138,905
138,906
138,907
138,908
138,909
138,910
138,911
138,912
138,913
138,914
138,915
138,916
138,917
138,918
138,919
138,920
138,921
138,922
138,923
138,924
138,925
138,926
138,927
138,928
138,929
138,930
138,931
138,932
138,1008
138,1009
138,1010
138,1011
138,1012
138,1013
138,1014
138,1015
138,1016
138,1017
138,1018
139,2
139,3
139,18
139,25
139,27
139,30
139,31
139,44
139,45
139,87
139,88
139,89
139,140
139,141
139,142
139,143
139,144
139,145
139,146
139,147
139,148
139,149
139,150
139,151
139,152
139,153
139,154
139,155
139,157
139,158
139,159
139,160
139,161
139,162
139,163
139,164
139,165
139,166
139,167
139,170
139,171
139,251
139,252
139,367
139,368
139,369
139,370
139,371
139,372
139,373
139,374
139,375
139,376
139,406
139,407
139,408
139,409
139,410
139,414
139,531
139,534
139,588
139,589
139,592
139,594
139,597
139,598
139,599
139,600
139,601
139,602
139,603
139,604
139,605
139,606
139,607
139,608
139,609
139,610
139,611
139,612
139,613
139,614
139,615
139,616
139,617
139,618
139,619
139,620
139,621
139,622
139,623
139,624
139,625
139,626
139,627
139,628
139,629
139,630
139,631
139,632
139,633
139,637
139,927
139,929
139,930
139,1009
140,2
140,3
140,18
140,25
140,27
140,29
140,30
140,31
140,44
140,45
140,87
140,88
140,89
140,139
140,141
140,142
140,143
140,144
140,145
140,146
140,147
140,148
140,149
140,150
140,151
140,152
140,153
140,154
140,155
140,157
140,158
140,159
140,160
140,161
140,162
140,163
140,164
140,165
140,166
140,167
140,170
140,171
140,251
140,252
140,366
140,367
140,368
140,369
140,370
140,371
140,372
140,373
140,374
140,375
140,376
140,406
140,407
140,408
140,409
140,410
140,414
140,415
140,416
140,530
140,531
140,534
140,535
140,588
140,589
140,590
140,591
140,592
140,593
140,594
140,596
140,597
140,598
140,599
140,600
140,601
140,602
140,603
140,604
140,605
140,606
140,607
140,608
140,609
140,610
140,611
140,612
140,613
140,614
140,615
140,616
140,617
140,618
140,619
140,620
140,621
140,622
140,623
140,624
140,625
140,626
140,627
140,628
140,629
140,630
140,631
140,632
140,633
140,927
140,928
140,929
140,930
140,932
140,1008
140,1009
140,1011
141,2
141,18
141,25
141,27
141,30
141,31
141,32
141,44
141,45
141,88
141,139
141,140
141,142
141,143
141,144
141,145
141,146
141,147
141,148
141,149
141,150
141,151
141,152
141,153
141,154
141,155
141,156
141,157
141,158
141,159
141,160
141,161
141,162
141,163
141,164
141,165
141,166
141,167
141,168
141,169
141,170
141,171
141,172
141,173
141,251
141,252
141,367
141,370
141,371
141,372
141,373
141,374
141,375
141,376
141,378
141,406
141,407
141,408
141,409
141,410
141,414
141,415
141,597
141,599
141,600
141,603
141,604
141,605
141,606
141,607
141,608
141,609
141,610
141,611
141,612
141,615
141,616
141,620
141,621
141,622
141,623
141,624
141,625
141,626
141,627
141,628
141,629
141,630
141,631
141,632
141,633
141,634
141,635
141,636
141,637
141,638
141,639
142,2
142,3
142,18
142,25
142,27
142,30
142,31
142,44
142,45
142,88
142,139
142,140
142,141
142,143
142,144
142,145
142,146
142,147
142,148
142,149
142,150
142,151
142,152
142,153
142,154
142,155
142,156
142,157
142,158
142,159
142,160
142,161
142,162
142,163
142,164
142,165
142,166
142,167
142,168
142,169
142,170
142,171
142,173
142,251
142,252
142,367
142,370
142,371
142,372
142,373
142,374
142,375
142,376
142,378
142,406
142,407
142,408
142,409
142,410
142,414
142,415
142,416
142,597
142,598
142,599
142,600
142,602
142,603
142,604
142,605
142,606
142,607
142,608
142,609
142,610
142,611
142,612
142,615
142,616
142,620
142,621
142,622
142,623
142,624
142,625
142,626
142,627
142,628
142,629
142,630
142,631
142,632
142,633
142,634
142,635
142,636
142,637
142,638
142,639
143,2
143,3
143,17
143,18
143,25
143,27
143,29
143,30
143,31
143,44
143,45
143,84
143,86
143,87
143,88
143,89
143,135
143,137
143,138
143,139
143,140
143,141
143,142
143,144
143,145
143,146
143,147
143,148
143,149
143,150
143,151
143,152
143,153
143,154
143,158
143,159
143,160
143,161
143,162
143,163
143,164
143,165
143,251
143,252
143,353
143,354
143,358
143,359
143,360
143,365
143,366
143,367
143,368
143,369
143,370
143,371
143,372
143,373
143,374
143,375
143,376
143,406
143,407
143,408
143,409
143,410
143,414
143,530
143,531
143,532
143,533
143,534
143,535
143,581
143,583
143,584
143,586
143,587
143,588
143,589
143,590
143,591
143,592
143,593
143,594
143,595
143,596
143,597
143,598
143,599
143,600
143,601
143,602
143,603
143,604
143,605
143,606
143,607
143,608
143,609
143,610
143,611
143,612
143,613
143,614
143,615
143,616
143,617
143,618
143,619
143,620
143,621
143,622
143,623
143,624
143,625
143,626
143,627
143,628
143,629
143,632
143,904
143,905
143,906
143,907
143,908
143,909
143,910
143,919
143,920
143,921
143,922
143,925
143,927
143,928
143,929
143,930
143,931
143,932
143,1008
143,1009
143,1010
143,1011
143,1012
143,1013
143,1014
143,1016
143,1017
143,1018
143,1019
143,1020
143,1022
144,2
144,3
144,18
144,25
144,27
144,29
144,30
144,31
144,32
144,44
144,45
144,84
144,86
144,87
144,88
144,89
144,135
144,137
144,138
144,139
144,140
144,141
144,142
144,143
144,145
144,146
144,147
144,148
144,149
144,150
144,151
144,152
144,153
144,154
144,158
144,159
144,160
144,161
144,162
144,163
144,164
144,165
144,251
144,252
144,353
144,354
144,357
144,358
144,359
144,360
144,365
144,366
144,367
144,368
144,369
144,370
144,371
144,372
144,373
144,374
144,375
144,376
144,377
144,406
144,407
144,408
144,409
144,410
144,411
144,414
144,415
144,416
144,418
144,530
144,531
144,532
144,533
144,534
144,535
144,583
144,584
144,586
144,587
144,588
144,589
144,590
144,591
144,592
144,593
144,594
144,595
144,596
144,597
144,598
144,599
144,600
144,601
144,602
144,603
144,604
144,605
144,606
144,607
144,608
144,609
144,610
144,611
144,612
144,613
144,614
144,615
144,616
144,617
144,618
144,619
144,620
144,621
144,622
144,623
144,624
144,625
144,626
144,628
144,629
144,904
144,905
144,906
144,907
144,908
144,909
144,910
144,911
144,913
144,914
144,917
144,918
144,919
144,920
144,921
144,922
144,923
144,924
144,925
144,926
144,927
144,928
144,929
144,930
144,931
144,932
144,1008
144,1009
144,1010
144,1011
144,1012
144,1013
144,1014
144,1015
144,1016
144,1017
144,1018
144,1019
144,1020
144,1021
144,1022
144,1023
144,1024
144,1025
144,1026
144,1030
145,2
145,3
145,18
145,25
145,27
145,29
145,30
145,31
145,32
145,44
145,45
145,84
145,86
145,87
145,88
145,89
145,135
145,137
145,138
145,139
145,140
145,141
145,142
145,143
145,144
145,146
145,147
145,148
145,149
145,150
145,151
145,152
145,153
145,154
145,158
145,159
145,160
145,161
145,162
145,163
145,164
145,165
145,251
145,252
145,353
145,354
145,357
145,358
145,359
145,360
145,365
145,366
145,367
145,368
145,369
145,370
145,371
145,372
145,373
145,374
145,375
145,376
145,377
145,406
145,407
145,408
145,409
145,410
145,411
145,414
145,415
145,416
145,418
145,530
145,531
145,532
145,533
145,534
145,535
145,583
145,584
145,585
145,586
145,587
145,588
145,589
145,590
145,591
145,592
145,593
145,594
145,595
145,596
145,597
145,598
145,599
145,600
145,601
145,602
145,603
145,604
145,605
145,606
145,607
145,608
145,609
145,610
145,611
145,612
145,613
145,614
145,615
145,616
145,617
145,618
145,619
145,620
145,621
145,622
145,623
145,624
145,625
145,628
145,904
145,905
145,906
145,907
145,908
145,909
145,910
145,911
145,913
145,914
145,917
145,918
145,919
145,920
145,921
145,922
145,923
145,924
145,925
145,926
145,927
145,928
145,929
145,930
145,931
145,932
145,1008
145,1009
145,1010
145,1011
145,1012
145,1013
145,1014
145,1015
145,1016
145,1017
145,1018
145,1019
145,1020
145,1021
145,1022
145,1023
145,1024
145,1025
145,1026
145,1027
145,1028
145,1030
145,1031
146,2
146,3
146,18
146,25
146,27
146,29
146,30
146,31
146,32
146,44
146,45
146,87
146,88
146,89
146,139
146,140
146,141
146,142
146,143
146,144
146,145
146,147
146,148
146,149
146,150
146,151
146,152
146,153
146,154
146,155
146,157
146,158
146,159
146,160
146,161
146,162
146,163
146,164
146,165
146,166
146,167
146,170
146,171
146,251
146,252
146,358
146,359
146,366
146,367
146,368
146,369
146,370
146,371
146,372
146,373
146,374
146,375
146,376
146,377
146,378
146,406
146,407
146,408
146,409
146,410
146,414
146,415
146,416
146,530
146,531
146,532
146,533
146,534
146,535
146,588
146,589
146,590
146,592
146,593
146,594
146,596
146,597
146,598
146,599
146,600
146,601
146,602
146,603
146,604
146,605
146,606
146,607
146,608
146,609
146,610
146,611
146,612
146,613
146,614
146,615
146,616
146,617
146,618
146,619
146,620
146,621
146,622
146,623
146,624
146,625
146,626
146,627
146,628
146,629
146,630
146,631
146,632
146,633
146,905
146,906
146,909
146,927
146,928
146,929
146,930
146,931
146,932
146,1008
146,1009
146,1010
146,1011
146,1013
146,1017
146,1018
146,1019
147,2
147,3
147,18
147,25
147,27
147,30
147,31
147,32
147,44
147,45
147,46
147,88
147,139
147,140
147,141
147,142
147,143
147,144
147,145
147,146
147,148
147,149
147,150
147,151
147,152
147,153
147,154
147,155
147,157
147,158
147,159
147,160
147,161
147,162
147,163
147,164
147,165
147,166
147,167
147,168
147,169
147,170
147,171
147,172
147,173
147,251
147,252
147,367
147,368
147,369
147,370
147,371
147,372
147,373
147,374
147,375
147,376
147,377
147,378
147,380
147,406
147,407
147,408
147,409
147,410
147,414
147,415
147,416
147,417
147,597
147,598
147,599
147,600
147,601
147,602
147,603
147,604
147,605
147,606
147,607
147,608
147,609
147,610
147,611
147,612
147,613
147,614
147,615
147,616
147,619
147,620
147,621
147,622
147,623
147,624
147,625
147,626
147,627
147,628
147,629
147,630
147,631
147,632
147,633
147,634
147,635
147,636
147,637
147,638
147,639
147,929
147,930
148,2
148,3
148,18
148,25
148,27
148,30
148,31
148,32
148,44
148,45
148,46
148,88
148,139
148,140
148,141
148,142
148,143
148,144
148,145
148,146
148,147
148,149
148,150
148,151
148,152
148,153
148,154
148,155
148,157
148,158
148,159
148,160
148,161
148,162
148,163
148,164
148,165
148,166
148,167
148,168
148,169
148,170
148,171
148,172
148,173
148,251
148,252
148,367
148,368
148,369
148,370
148,371
148,372
148,373
148,374
148,375
148,376
148,377
148,378
148,379
148,380
148,406
148,407
148,408
148,409
148,410
148,411
148,414
148,415
148,416
148,417
148,418
148,597
148,598
148,599
148,600
148,601
148,602
148,603
148,604
148,605
148,606
148,607
148,608
148,609
148,610
148,611
148,612
148,613
148,614
148,615
148,616
148,619
148,620
148,621
148,622
148,623
148,624
148,625
148,626
148,627
148,628
148,629
148,630
148,631
148,632
148,633
148,634
148,635
148,636
148,637
148,639
148,929
148,930
148,932
148,1009
148,1019
149,2
149,3
149,18
149,25
149,27
149,29
149,30
149,31
149,32
149,44
149,45
149,87
149,88
149,89
149,139
149,140
149,141
149,142
149,143
149,144
149,145
149,146
149,147
149,148
149,150
149,151
149,152
149,153
149,154
149,158
149,159
149,160
149,161
149,162
149,163
149,164
149,165
149,166
149,167
149,170
149,171
149,251
149,252
149,358
149,359
149,360
149,366
149,367
149,368
149,369
149,370
149,371
149,372
149,373
149,374
149,375
149,376
149,377
149,378
149,406
149,407
149,408
149,409
149,410
149,411
149,414
149,415
149,416
149,417
149,418
149,530
149,531
149,532
149,533
149,534
149,535
149,589
149,592
149,594
149,596
149,597
149,598
149,599
149,600
149,601
149,602
149,603
149,604
149,605
149,606
149,607
149,608
149,609
149,610
149,611
149,612
149,613
149,614
149,615
149,616
149,617
149,618
149,619
149,620
149,621
149,622
149,623
149,624
149,625
149,626
149,627
149,628
149,629
149,630
149,632
149,904
149,905
149,906
149,909
149,910
149,921
149,922
149,927
149,928
149,929
149,930
149,931
149,932
149,1008
149,1009
149,1010
149,1011
149,1012
149,1013
149,1014
149,1016
149,1017
149,1018
149,1019
149,1020
149,1021
149,1022
149,1023
149,1024
149,1026
149,1030
149,1032
150,2
150,3
150,18
150,25
150,27
150,29
150,30
150,31
150,32
150,44
150,45
150,87
150,88
150,89
150,138
150,139
150,140
150,141
150,142
150,143
150,144
150,145
150,146
150,147
150,148
150,149
150,151
150,152
150,153
150,154
150,157
150,158
150,159
150,160
150,161
150,162
150,163
150,164
150,165
150,166
150,167
150,170
150,171
150,251
150,252
150,358
150,359
150,360
150,365
150,366
150,367
150,368
150,369
150,370
150,371
150,372
150,373
150,374
150,375
150,376
150,377
150,378
150,380
150,406
150,407
150,408
150,409
150,410
150,411
150,412
150,413
150,414
150,415
150,416
150,417
150,418
150,419
150,420
150,422
150,530
150,531
150,532
150,533
150,534
150,535
150,588
150,589
150,590
150,591
150,592
150,593
150,594
150,595
150,596
150,597
150,598
150,599
150,600
150,601
150,602
150,603
150,604
150,605
150,606
150,607
150,608
150,609
150,610
150,611
150,612
150,613
150,614
150,615
150,616
150,617
150,618
150,619
150,620
150,621
150,622
150,623
150,624
150,625
150,626
150,627
150,628
150,629
150,630
150,632
150,904
150,905
150,906
150,907
150,908
150,909
150,910
150,920
150,921
150,922
150,925
150,926
150,927
150,928
150,929
150,930
150,931
150,932
150,1008
150,1009
150,1010
150,1011
150,1012
150,1013
150,1014
150,1015
150,1016
150,1017
150,1018
150,1019
150,1020
150,1021
150,1022
150,1023
150,1024
150,1025
150,1026
150,1027
150,1028
150,1029
150,1030
150,1031
150,1032
150,1033
150,1034
150,1035
150,1036
150,1037
151,2
151,3
151,25
151,27
151,30
151,31
151,32
151,33
151,44
151,45
151,46
151,88
151,139
151,140
151,141
151,142
151,143
151,144
151,145
151,146
151,147
151,148
151,149
151,150
151,152
151,153
151,154
151,155
151,157
151,158
151,159
151,160
151,161
151,162
151,163
151,164
151,165
151,166
151,167
151,168
151,169
151,170
151,171
151,172
151,173
151,251
151,252
151,367
151,368
151,369
151,370
151,371
151,372
151,373
151,374
151,375
151,376
151,377
151,378
151,379
151,380
151,381
151,406
151,407
151,408
151,409
151,410
151,411
151,414
151,415
151,416
151,417
151,418
151,419
151,420
151,597
151,599
151,600
151,601
151,602
151,603
151,604
151,605
151,606
151,607
151,608
151,609
151,610
151,611
151,612
151,613
151,614
151,615
151,616
151,617
151,618
151,619
151,620
151,621
151,622
151,623
151,624
151,625
151,626
151,627
151,628
151,629
151,630
151,631
151,632
151,633
151,634
151,636
151,637
151,927
151,928
151,929
151,930
151,932
151,1009
151,1011
151,1013
151,1017
151,1018
151,1019
151,1020
151,1022
151,1024
151,1026
151,1030
151,1031
151,1032
152,2
152,3
152,25
152,27
152,30
152,31
152,32
152,33
152,44
152,45
152,46
152,88
152,139
152,140
152,141
152,142
152,143
152,144
152,145
152,146
152,147
152,148
152,149
152,150
152,151
152,153
152,154
152,155
152,157
152,158
152,159
152,160
152,161
152,162
152,163
152,164
152,165
152,166
152,167
152,168
152,169
152,170
152,171
152,172
152,173
152,251
152,252
152,366
152,367
152,368
152,369
152,370
152,371
152,372
152,373
152,374
152,375
152,376
152,377
152,378
152,379
152,380
152,381
152,406
152,407
152,408
152,409
152,410
152,411
152,412
152,413
152,414
152,415
152,416
152,417
152,418
152,419
152,420
152,421
152,422
152,423
152,424
152,426
152,597
152,598
152,599
152,600
152,601
152,602
152,603
152,604
152,605
152,606
152,607
152,608
152,609
152,610
152,611
152,612
152,613
152,614
152,615
152,616
152,617
152,618
152,619
152,620
152,621
152,622
152,623
152,624
152,625
152,626
152,627
152,628
152,629
152,630
152,631
152,632
152,633
152,634
152,636
152,637
152,927
152,928
152,929
152,930
152,931
152,932
152,1008
152,1009
152,1010
152,1011
152,1013
152,1014
152,1016
152,1017
152,1018
152,1019
152,1020
152,1021
152,1022
152,1023
152,1024
152,1025
152,1026
152,1027
152,1028
152,1029
152,1030
152,1031
152,1032
152,1033
152,1034
152,1035
152,1036
152,1037
153,2
153,25
153,27
153,30
153,31
153,32
153,45
153,46
153,139
153,140
153,141
153,142
153,143
153,144
153,145
153,146
153,147
153,148
153,149
153,150
153,151
153,152
153,154
153,155
153,156
153,157
153,158
153,159
153,160
153,161
153,162
153,163
153,164
153,165
153,166
153,167
153,168
153,169
153,170
153,171
153,172
153,173
153,174
153,177
153,178
153,182
153,252
153,367
153,370
153,371
153,372
153,373
153,374
153,375
153,376
153,377
153,378
153,379
153,380
153,407
153,408
153,409
153,410
153,414
153,415
153,416
153,417
153,605
153,606
153,607
153,608
153,609
153,610
153,611
153,612
153,620
153,621
153,622
153,623
153,624
153,625
153,626
153,627
153,628
153,629
153,630
153,631
153,632
153,633
153,634
153,635
153,636
153,637
153,638
153,639
153,640
153,641
153,642
153,643
153,644
154,2
154,27
154,30
154,31
154,32
154,33
154,45
154,46
154,47
154,139
154,140
154,141
154,142
154,143
154,144
154,145
154,146
154,147
154,148
154,149
154,150
154,151
154,152
154,153
154,155
154,156
154,157
154,158
154,159
154,160
154,161
154,162
154,163
154,164
154,165
154,166
154,167
154,168
154,169
154,170
154,171
154,172
154,173
154,174
154,177
154,178
154,179
154,180
154,181
154,182
154,183
154,184
154,370
154,371
154,373
154,374
154,375
154,376
154,377
154,378
154,379
154,380
154,381
154,382
154,407
154,408
154,410
154,414
154,415
154,416
154,417
154,620
154,621
154,622
154,623
154,624
154,625
154,626
154,627
154,628
154,629
154,630
154,631
154,632
154,633
154,634
154,635
154,636
154,637
154,638
154,639
154,640
154,641
154,642
154,643
154,644
154,645
154,646
154,647
154,648
155,2
155,27
155,45
155,46
155,139
155,140
155,141
155,142
155,146
155,147
155,148
155,151
155,152
155,153
155,154
155,156
155,157
155,158
155,159
155,160
155,161
155,162
155,163
155,164
155,165
155,166
155,167
155,168
155,169
155,170
155,171
155,172
155,173
155,174
155,175
155,177
155,178
155,179
155,180
155,181
155,182
155,183
155,184
155,185
155,375
155,378
155,379
155,626
155,627
155,628
155,629
155,630
155,631
155,632
155,633
155,634
155,635
155,636
155,637
155,638
155,639
155,640
155,641
155,642
155,643
155,644
155,645
155,646
155,647
155,648
155,649
155,650
155,651
156,2
156,27
156,45
156,46
156,47
156,141
156,142
156,153
156,154
156,155
156,157
156,158
156,159
156,160
156,161
156,162
156,163
156,164
156,165
156,166
156,167
156,168
156,169
156,170
156,171
156,172
156,173
156,174
156,175
156,176
156,177
156,178
156,179
156,180
156,181
156,182
156,183
156,184
156,185
156,186
156,188
156,189
156,190
156,378
156,379
156,382
156,626
156,627
156,629
156,630
156,631
156,632
156,633
156,634
156,635
156,636
156,637
156,638
156,639
156,640
156,641
156,642
156,643
156,644
156,645
156,646
156,647
156,648
156,649
156,650
156,651
156,652
156,653
156,654
156,655
156,656
157,2
157,27
157,30
157,31
157,32
157,33
157,45
157,46
157,47
157,139
157,140
157,141
157,142
157,146
157,147
157,148
157,150
157,151
157,152
157,153
157,154
157,155
157,156
157,158
157,159
157,160
157,161
157,162
157,163
157,164
157,165
157,166
157,167
157,168
157,169
157,170
157,171
157,172
157,173
157,174
157,175
157,177
157,178
157,179
157,180
157,181
157,182
157,183
157,184
157,185
157,186
157,189
157,190
157,371
157,374
157,375
157,376
157,377
157,378
157,379
157,380
157,381
157,382
157,383
157,384
157,414
157,415
157,417
157,626
157,627
157,628
157,629
157,630
157,631
157,632
157,633
157,634
157,635
157,636
157,637
157,638
157,639
157,640
157,641
157,642
157,643
157,644
157,645
157,646
157,647
157,648
157,649
157,650
157,651
157,652
158,2
158,25
158,27
158,30
158,31
158,32
158,33
158,44
158,45
158,46
158,139
158,140
158,141
158,142
158,143
158,144
158,145
158,146
158,147
158,148
158,149
158,150
158,151
158,152
158,153
158,154
158,155
158,156
158,157
158,159
158,160
158,161
158,162
158,163
158,164
158,165
158,166
158,167
158,168
158,169
158,170
158,171
158,172
158,173
158,177
158,178
158,181
158,182
158,252
158,367
158,370
158,371
158,372
158,373
158,374
158,375
158,376
158,377
158,378
158,379
158,380
158,381
158,406
158,407
158,408
158,409
158,410
158,414
158,415
158,416
158,417
158,605
158,607
158,608
158,609
158,611
158,612
158,620
158,621
158,622
158,623
158,624
158,625
158,626
158,627
158,628
158,629
158,630
158,631
158,632
158,633
158,634
158,635
158,636
158,637
158,638
158,639
158,640
158,642
158,643
158,644
159,2
159,25
159,27
159,30
159,31
159,32
159,33
159,44
159,45
159,46
159,139
159,140
159,141
159,142
159,143
159,144
159,145
159,146
159,147
159,148
159,149
159,150
159,151
159,152
159,153
159,154
159,155
159,156
159,157
159,158
159,160
159,161
159,162
159,163
159,164
159,165
159,166
159,167
159,168
159,169
159,170
159,171
159,172
159,173
159,177
159,178
159,181
159,182
159,251
159,252
159,367
159,369
159,370
159,371
159,372
159,373
159,374
159,375
159,376
159,377
159,378
159,379
159,380
159,381
159,406
159,407
159,408
159,409
159,410
159,414
159,415
159,416
159,417
159,418
159,420
159,605
159,606
159,607
159,608
159,609
159,610
159,611
159,612
159,620
159,621
159,622
159,623
159,624
159,625
159,626
159,627
159,628
159,629
159,630
159,631
159,632
159,633
159,634
159,635
159,636
159,637
159,638
159,639
159,640
159,642
159,643
159,644
160,2
160,27
160,30
160,31
160,32
160,33
160,45
160,46
160,47
160,139
160,140
160,141
160,142
160,143
160,144
160,145
160,146
160,147
160,148
160,149
160,150
160,151
160,152
160,153
160,154
160,155
160,156
160,157
160,158
160,159
160,161
160,162
160,163
160,164
160,165
160,166
160,167
160,168
160,169
160,170
160,171
160,172
160,173
160,174
160,177
160,178
160,179
160,180
160,181
160,182
160,183
160,184
160,370
160,371
160,372
160,373
160,374
160,375
160,376
160,377
160,378
160,379
160,380
160,381
160,382
160,407
160,408
160,410
160,414
160,415
160,416
160,417
160,622
160,623
160,625
160,626
160,627
160,628
160,629
160,630
160,631
160,632
160,633
160,634
160,635
160,636
160,637
160,638
160,639
160,640
160,641
160,642
160,643
160,644
160,645
160,647
160,648
161,2
161,27
161,30
161,31
161,32
161,33
161,45
161,46
161,47
161,139
161,140
161,141
161,142
161,143
161,144
161,145
161,146
161,147
161,148
161,149
161,150
161,151
161,152
161,153
161,154
161,155
161,156
161,157
161,158
161,159
161,160
161,162
161,163
161,164
161,165
161,166
161,167
161,168
161,169
161,170
161,171
161,172
161,173
161,174
161,177
161,178
161,179
161,180
161,181
161,182
161,183
161,184
161,252
161,370
161,371
161,372
161,373
161,374
161,375
161,376
161,377
161,378
161,379
161,380
161,381
161,382
161,383
161,384
161,407
161,408
161,409
161,410
161,414
161,415
161,416
161,417
161,418
161,420
161,421
161,426
161,620
161,621
161,622
161,623
161,624
161,625
161,626
161,627
161,628
161,629
161,630
161,631
161,632
161,633
161,634
161,635
161,636
161,637
161,638
161,639
161,640
161,641
161,642
161,643
161,644
161,645
161,647
161,648
162,2
162,27
162,30
162,31
162,32
162,33
162,44
162,45
162,46
162,139
162,140
162,141
162,142
162,143
162,144
162,145
162,146
162,147
162,148
162,149
162,150
162,151
162,152
162,153
162,154
162,155
162,156
162,157
162,158
162,159
162,160
162,161
162,163
162,164
162,165
162,166
162,167
162,168
162,169
162,170
162,171
162,172
162,173
162,177
162,178
162,181
162,182
162,252
162,367
162,369
162,370
162,371
162,372
162,373
162,374
162,375
162,376
162,377
162,378
162,379
162,380
162,381
162,382
162,406
162,407
162,408
162,409
162,410
162,411
162,414
162,415
162,416
162,417
162,418
162,419
162,420
162,421
162,422
162,424
162,426
162,607
162,608
162,609
162,611
162,612
162,620
162,621
162,622
162,623
162,624
162,625
162,626
162,627
162,628
162,629
162,630
162,631
162,632
162,633
162,634
162,635
162,636
162,637
162,638
162,639
162,640
162,642
162,643
162,1030
162,1032
163,2
163,3
163,25
163,27
163,30
163,31
163,32
163,33
163,44
163,45
163,46
163,47
163,139
163,140
163,141
163,142
163,143
163,144
163,145
163,146
163,147
163,148
163,149
163,150
163,151
163,152
163,153
163,154
163,155
163,156
163,157
163,158
163,159
163,160
163,161
163,162
163,164
163,165
163,166
163,167
163,168
163,169
163,170
163,171
163,172
163,173
163,177
163,178
163,181
163,182
163,251
163,252
163,367
163,368
163,369
163,370
163,371
163,372
163,373
163,374
163,375
163,376
163,377
163,378
163,379
163,380
163,381
163,382
163,384
163,406
163,407
163,408
163,409
163,410
163,411
163,412
163,413
163,414
163,415
163,416
163,417
163,418
163,419
163,420
163,421
163,422
163,423
163,424
163,425
163,426
163,427
163,428
163,605
163,606
163,607
163,608
163,609
163,610
163,611
163,612
163,620
163,621
163,622
163,623
163,624
163,625
163,626
163,627
163,628
163,629
163,630
163,631
163,632
163,633
163,634
163,635
163,636
163,637
163,638
163,639
163,640
163,642
163,643
163,644
163,1019
163,1022
163,1024
163,1026
163,1027
163,1028
163,1030
163,1031
163,1032
163,1033
163,1034
163,1035
163,1036
163,1037
164,2
164,27
164,30
164,31
164,32
164,33
164,34
164,44
164,45
164,46
164,47
164,139
164,140
164,141
164,142
164,143
164,144
164,145
164,146
164,147
164,148
164,149
164,150
164,151
164,152
164,153
164,154
164,155
164,156
164,157
164,158
164,159
164,160
164,161
164,162
164,163
164,165
164,166
164,167
164,168
164,169
164,170
164,171
164,172
164,173
164,174
164,177
164,178
164,179
164,180
164,181
164,182
164,183
164,184
164,367
164,370
164,371
164,372
164,373
164,374
164,375
164,376
164,377
164,378
164,379
164,380
164,381
164,382
164,383
164,384
164,407
164,408
164,409
164,410
164,414
164,415
164,416
164,417
164,418
164,419
164,420
164,421
164,424
164,426
164,427
164,622
164,623
164,625
164,626
164,627
164,628
164,629
164,630
164,631
164,632
164,633
164,634
164,635
164,636
164,637
164,638
164,639
164,640
164,641
164,642
164,643
164,644
164,647
165,2
165,27
165,30
165,31
165,32
165,33
165,34
165,44
165,45
165,46
165,47
165,139
165,140
165,141
165,142
165,143
165,144
165,145
165,146
165,147
165,148
165,149
165,150
165,151
165,152
165,153
165,154
165,155
165,156
165,157
165,158
165,159
165,160
165,161
165,162
165,163
165,164
165,166
165,167
165,168
165,169
165,170
165,171
165,172
165,173
165,174
165,177
165,178
165,179
165,180
165,181
165,182
165,183
165,184
165,252
165,367
165,369
165,370
165,371
165,372
165,373
165,374
165,375
165,376
165,377
165,378
165,379
165,380
165,381
165,382
165,383
165,384
165,385
165,406
165,407
165,408
165,409
165,410
165,411
165,414
165,415
165,416
165,417
165,418
165,419
165,420
165,421
165,422
165,423
165,424
165,425
165,426
165,427
165,428
165,439
165,620
165,621
165,622
165,623
165,624
165,625
165,626
165,627
165,628
165,629
165,630
165,631
165,632
165,633
165,634
165,635
165,636
165,637
165,638
165,639
165,640
165,641
165,642
165,643
165,644
165,645
165,647
165,1030
165,1032
165,1033
166,2
166,27
166,30
166,31
166,32
166,33
166,34
166,45
166,46
166,47
166,139
166,140
166,141
166,142
166,146
166,147
166,148
166,149
166,150
166,151
166,152
166,153
166,154
166,155
166,156
166,157
166,158
166,159
166,160
166,161
166,162
166,163
166,164
166,165
166,167
166,168
166,169
166,170
166,171
166,172
166,173
166,174
166,175
166,177
166,178
166,179
166,180
166,181
166,182
166,183
166,184
166,185
166,186
166,189
166,190
166,371
166,373
166,374
166,375
166,376
166,377
166,378
166,379
166,380
166,381
166,382
166,383
166,384
166,408
166,414
166,415
166,416
166,417
166,626
166,627
166,628
166,629
166,630
166,631
166,632
166,633
166,634
166,635
166,636
166,637
166,638
166,639
166,640
166,641
166,642
166,643
166,644
166,645
166,646
166,647
166,648
166,649
166,651
166,652
167,2
167,27
167,30
167,31
167,32
167,33
167,34
167,45
167,46
167,47
167,139
167,140
167,141
167,142
167,146
167,147
167,148
167,149
167,150
167,151
167,152
167,153
167,154
167,155
167,156
167,157
167,158
167,159
167,160
167,161
167,162
167,163
167,164
167,165
167,166
167,168
167,169
167,170
167,171
167,172
167,173
167,174
167,175
167,177
167,178
167,179
167,180
167,181
167,182
167,183
167,184
167,185
167,186
167,189
167,190
167,370
167,371
167,373
167,374
167,375
167,376
167,377
167,378
167,379
167,380
167,381
167,382
167,383
167,384
167,385
167,386
167,408
167,410
167,414
167,415
167,416
167,417
167,418
167,420
167,421
167,426
167,427
167,623
167,626
167,627
167,628
167,629
167,630
167,631
167,632
167,633
167,634
167,635
167,636
167,637
167,638
167,639
167,640
167,641
167,642
167,643
167,644
167,645
167,646
167,647
167,648
167,649
167,650
167,651
167,652
168,2
168,4
168,27
168,30
168,31
168,32
168,33
168,34
168,45
168,46
168,47
168,141
168,142
168,147
168,148
168,151
168,152
168,153
168,154
168,155
168,156
168,157
168,158
168,159
168,160
168,161
168,162
168,163
168,164
168,165
168,166
168,167
168,169
168,170
168,171
168,172
168,173
168,174
168,175
168,176
168,177
168,178
168,179
168,180
168,181
168,182
168,183
168,184
168,185
168,186
168,187
168,188
168,189
168,190
168,191
168,192
168,371
168,374
168,375
168,376
168,377
168,378
168,379
168,380
168,381
168,382
168,383
168,384
168,385
168,386
168,387
168,388
168,414
168,415
168,417
168,426
168,427
168,626
168,627
168,628
168,629
168,630
168,631
168,632
168,633
168,634
168,635
168,636
168,637
168,638
168,639
168,640
168,641
168,642
168,643
168,644
168,645
168,646
168,647
168,648
168,649
168,650
168,651
168,652
168,653
168,654
168,655
168,656
169,2
169,4
169,27
169,30
169,31
169,32
169,33
169,34
169,45
169,46
169,47
169,141
169,142
169,147
169,148
169,151
169,152
169,153
169,154
169,155
169,156
169,157
169,158
169,159
169,160
169,161
169,162
169,163
169,164
169,165
169,166
169,167
169,168
169,170
169,171
169,172
169,173
169,174
169,175
169,176
169,177
169,178
169,179
169,180
169,181
169,182
169,183
169,184
169,185
169,186
169,187
169,188
169,189
169,190
169,191
169,192
169,371
169,374
169,375
169,376
169,377
169,378
169,379
169,380
169,381
169,382
169,383
169,384
169,385
169,386
169,387
169,388
169,414
169,415
169,416
169,417
169,420
169,426
169,427
169,439
169,440
169,626
169,627
169,628
169,629
169,630
169,631
169,632
169,633
169,634
169,635
169,636
169,637
169,638
169,639
169,640
169,641
169,642
169,643
169,644
169,645
169,646
169,647
169,648
169,649
169,650
169,651
169,652
169,653
169,654
169,655
169,656
170,2
170,27
170,30
170,31
170,32
170,33
170,34
170,45
170,46
170,47
170,139
170,141
170,142
170,146
170,147
170,148
170,149
170,150
170,151
170,152
170,153
170,154
170,155
170,156
170,157
170,158
170,159
170,160
170,161
170,162
170,163
170,164
170,165
170,166
170,167
170,168
170,169
170,171
170,172
170,173
170,174
170,177
170,178
170,179
170,180
170,181
170,182
170,183
170,184
170,185
170,186
170,189
170,190
170,370
170,371
170,373
170,374
170,375
170,376
170,377
170,378
170,379
170,380
170,381
170,382
170,383
170,384
170,385
170,386
170,408
170,410
170,414
170,415
170,416
170,417
170,418
170,420
170,421
170,426
170,427
170,439
170,626
170,627
170,628
170,629
170,630
170,631
170,632
170,633
170,634
170,635
170,636
170,637
170,638
170,639
170,640
170,641
170,642
170,643
170,644
170,645
170,646
170,647
170,648
170,651
171,2
171,4
171,27
171,30
171,31
171,32
171,33
171,34
171,45
171,46
171,47
171,139
171,140
171,141
171,142
171,146
171,147
171,148
171,149
171,150
171,151
171,152
171,153
171,154
171,155
171,156
171,157
171,158
171,159
171,160
171,161
171,162
171,163
171,164
171,165
171,166
171,167
171,168
171,169
171,170
171,172
171,173
171,174
171,175
171,177
171,178
171,179
171,180
171,181
171,182
171,183
171,184
171,185
171,186
171,189
171,190
171,370
171,371
171,372
171,373
171,374
171,375
171,376
171,377
171,378
171,379
171,380
171,381
171,382
171,383
171,384
171,385
171,386
171,388
171,407
171,408
171,409
171,410
171,414
171,415
171,416
171,417
171,418
171,419
171,420
171,421
171,422
171,424
171,425
171,426
171,427
171,428
171,429
171,430
171,431
171,439
171,440
171,441
171,626
171,627
171,628
171,629
171,630
171,631
171,632
171,633
171,634
171,635
171,636
171,637
171,638
171,639
171,640
171,641
171,642
171,643
171,644
171,645
171,646
171,647
171,648
171,649
171,651
172,2
172,4
172,27
172,30
172,31
172,32
172,33
172,34
172,35
172,45
172,46
172,47
172,147
172,148
172,151
172,152
172,153
172,154
172,155
172,156
172,157
172,158
172,159
172,160
172,161
172,162
172,163
172,164
172,165
172,166
172,167
172,168
172,169
172,170
172,171
172,173
172,174
172,175
172,176
172,177
172,178
172,179
172,180
172,181
172,182
172,183
172,184
172,185
172,186
172,187
172,188
172,189
172,190
172,191
172,192
172,371
172,373
172,374
172,375
172,376
172,377
172,378
172,379
172,380
172,381
172,382
172,383
172,384
172,385
172,386
172,387
172,388
172,414
172,415
172,416
172,417
172,420
172,426
172,427
172,439
172,440
172,441
172,627
172,629
172,630
172,631
172,632
172,633
172,634
172,635
172,636
172,637
172,638
172,639
172,640
172,641
172,642
172,643
172,644
172,645
172,646
172,647
172,648
172,649
172,650
172,651
172,652
172,655
173,2
173,4
173,27
173,30
173,31
173,32
173,33
173,34
173,35
173,45
173,46
173,47
173,141
173,142
173,147
173,148
173,151
173,152
173,153
173,154
173,155
173,156
173,157
173,158
173,159
173,160
173,161
173,162
173,163
173,164
173,165
173,166
173,167
173,168
173,169
173,170
173,171
173,172
173,174
173,175
173,176
173,177
173,178
173,179
173,180
173,181
173,182
173,183
173,184
173,185
173,186
173,187
173,188
173,189
173,190
173,191
173,192
173,371
173,373
173,374
173,375
173,376
173,377
173,378
173,379
173,380
173,381
173,382
173,383
173,384
173,385
173,386
173,387
173,388
173,389
173,408
173,410
173,414
173,415
173,416
173,417
173,418
173,420
173,421
173,424
173,426
173,427
173,428
173,430
173,431
173,439
173,440
173,441
173,442
173,443
173,627
173,629
173,630
173,631
173,632
173,633
173,634
173,635
173,636
173,637
173,638
173,639
173,640
173,641
173,642
173,643
173,644
173,645
173,646
173,647
173,648
173,649
173,650
173,651
173,652
173,653
173,655
174,2
174,27
174,33
174,45
174,46
174,47
174,153
174,154
174,155
174,156
174,157
174,160
174,161
174,164
174,165
174,166
174,167
174,168
174,169
174,170
174,171
174,172
174,173
174,175
174,176
174,177
174,178
174,179
174,180
174,181
174,182
174,183
174,184
174,185
174,186
174,187
174,188
174,189
174,190
174,191
174,192
174,193
174,200
174,379
174,382
174,383
174,630
174,631
174,632
174,633
174,634
174,635
174,636
174,637
174,638
174,639
174,640
174,641
174,642
174,643
174,644
174,645
174,646
174,647
174,648
174,649
174,650
174,651
174,652
174,653
174,654
174,655
174,656
174,657
174,658
174,659
174,660
175,2
175,4
175,32
175,33
175,34
175,35
175,45
175,46
175,47
175,155
175,156
175,157
175,166
175,167
175,168
175,169
175,171
175,172
175,173
175,174
175,176
175,177
175,178
175,179
175,180
175,181
175,182
175,183
175,184
175,185
175,186
175,187
175,188
175,189
175,190
175,191
175,192
175,193
175,194
175,195
175,196
175,199
175,200
175,201
175,202
175,203
175,204
175,205
175,206
175,207
175,208
175,212
175,379
175,382
175,383
175,384
175,385
175,386
175,387
175,388
175,389
175,390
175,391
175,392
175,640
175,641
175,642
175,643
175,644
175,645
175,646
175,647
175,648
175,649
175,650
175,651
175,652
175,653
175,654
175,655
175,656
175,657
175,658
175,659
175,660
175,661
175,662
175,663
175,664
175,665
175,666
175,667
176,2
176,4
176,33
176,34
176,35
176,45
176,46
176,47
176,156
176,168
176,169
176,172
176,173
176,174
176,175
176,177
176,178
176,179
176,180
176,181
176,182
176,183
176,184
176,185
176,186
176,187
176,188
176,189
176,190
176,191
176,192
176,193
176,194
176,195
176,196
176,197
176,198
176,199
176,200
176,201
176,202
176,203
176,204
176,205
176,206
176,207
176,208
176,209
176,210
176,211
176,212
176,213
176,214
176,382
176,383
176,385
176,386
176,387
176,388
176,389
176,390
176,391
176,392
176,393
176,394
176,645
176,646
176,647
176,648
176,649
176,650
176,651
176,652
176,653
176,654
176,655
176,656
176,657
176,658
176,659
176,660
176,661
176,662
176,663
176,664
176,665
176,666
176,667
177,2
177,4
177,27
177,31
177,32
177,33
177,34
177,35
177,45
177,46
177,47
177,153
177,154
177,155
177,156
177,157
177,158
177,159
177,160
177,161
177,162
177,163
177,164
177,165
177,166
177,167
177,168
177,169
177,170
177,171
177,172
177,173
177,174
177,175
177,176
177,178
177,179
177,180
177,181
177,182
177,183
177,184
177,185
177,186
177,187
177,188
177,189
177,190
177,191
177,192
177,193
177,199
177,200
177,203
177,204
177,374
177,375
177,377
177,378
177,379
177,380
177,381
177,382
177,383
177,384
177,385
177,386
177,387
177,388
177,389
177,390
177,415
177,439
177,440
177,630
177,631
177,632
177,633
177,634
177,635
177,636
177,637
177,638
177,639
177,640
177,641
177,642
177,643
177,644
177,645
177,646
177,647
177,648
177,649
177,650
177,651
177,652
177,653
177,654
177,655
177,656
177,657
177,658
177,659
177,660
177,663
178,2
178,4
178,27
178,31
178,32
178,33
178,34
178,35
178,45
178,46
178,47
178,153
178,154
178,155
178,156
178,157
178,158
178,159
178,160
178,161
178,162
178,163
178,164
178,165
178,166
178,167
178,168
178,169
178,170
178,171
178,172
178,173
178,174
178,175
178,176
178,177
178,179
178,180
178,181
178,182
178,183
178,184
178,185
178,186
178,187
178,188
178,189
178,190
178,191
178,192
178,193
178,199
178,200
178,203
178,204
178,374
178,375
178,377
178,378
178,379
178,380
178,381
178,382
178,383
178,384
178,385
178,386
178,387
178,388
178,389
178,390
178,414
178,415
178,417
178,427
178,439
178,440
178,631
178,632
178,633
178,634
178,635
178,636
178,637
178,638
178,639
178,640
178,641
178,642
178,643
178,644
178,645
178,646
178,647
178,648
178,649
178,650
178,651
178,652
178,653
178,654
178,655
178,656
178,657
178,658
178,659
178,660
179,2
179,4
179,31
179,32
179,33
179,34
179,35
179,45
179,46
179,47
179,154
179,155
179,156
179,157
179,160
179,161
179,164
179,165
179,166
179,167
179,168
179,169
179,170
179,171
179,172
179,173
179,174
179,175
179,176
179,177
179,178
179,180
179,181
179,182
179,183
179,184
179,185
179,186
179,187
179,188
179,189
179,190
179,191
179,192
179,193
179,194
179,199
179,200
179,201
179,202
179,203
179,204
179,205
179,206
179,375
179,378
179,379
179,380
179,381
179,382
179,383
179,384
179,385
179,386
179,387
179,388
179,389
179,390
179,391
179,392
179,440
179,443
179,634
179,635
179,636
179,637
179,638
179,639
179,640
179,641
179,642
179,643
179,644
179,645
179,646
179,647
179,648
179,649
179,650
179,651
179,652
179,653
179,654
179,655
179,656
179,657
179,658
179,659
179,660
179,661
179,662
179,663
179,664
180,2
180,4
180,27
180,31
180,32
180,33
180,34
180,35
180,45
180,46
180,47
180,154
180,155
180,156
180,157
180,160
180,161
180,164
180,165
180,166
180,167
180,168
180,169
180,170
180,171
180,172
180,173
180,174
180,175
180,176
180,177
180,178
180,179
180,181
180,182
180,183
180,184
180,185
180,186
180,187
180,188
180,189
180,190
180,191
180,192
180,193
180,194
180,199
180,200
180,201
180,202
180,203
180,204
180,205
180,206
180,375
180,378
180,379
180,380
180,381
180,382
180,383
180,384
180,385
180,386
180,387
180,388
180,389
180,390
180,391
180,392
180,439
180,440
180,443
180,444
180,634
180,635
180,636
180,637
180,638
180,639
180,640
180,641
180,642
180,643
180,644
180,645
180,646
180,647
180,648
180,649
180,650
180,651
180,652
180,653
180,654
180,655
180,656
180,657
180,658
180,659
180,660
180,661
180,662
180,663
180,664
181,2
181,4
181,27
181,30
181,31
181,32
181,33
181,34
181,35
181,45
181,46
181,47
181,154
181,155
181,156
181,157
181,158
181,159
181,160
181,161
181,162
181,163
181,164
181,165
181,166
181,167
181,168
181,169
181,170
181,171
181,172
181,173
181,174
181,175
181,176
181,177
181,178
181,179
181,180
181,182
181,183
181,184
181,185
181,186
181,187
181,188
181,189
181,190
181,191
181,192
181,193
181,199
181,200
181,203
181,204
181,374
181,375
181,377
181,378
181,379
181,380
181,381
181,382
181,383
181,384
181,385
181,386
181,387
181,388
181,389
181,390
181,392
181,414
181,415
181,417
181,426
181,427
181,439
181,440
181,441
181,443
181,631
181,633
181,634
181,635
181,636
181,637
181,638
181,639
181,640
181,641
181,642
181,643
181,644
181,645
181,646
181,647
181,648
181,649
181,650
181,651
181,652
181,653
181,654
181,655
181,656
181,657
181,659
182,2
182,4
182,27
182,30
182,31
182,32
182,33
182,34
182,35
182,45
182,46
182,47
182,153
182,154
182,155
182,156
182,157
182,158
182,159
182,160
182,161
182,162
182,163
182,164
182,165
182,166
182,167
182,168
182,169
182,170
182,171
182,172
182,173
182,174
182,175
182,176
182,177
182,178
182,179
182,180
182,181
182,183
182,184
182,185
182,186
182,187
182,188
182,189
182,190
182,191
182,192
182,193
182,199
182,200
182,203
182,204
182,374
182,375
182,376
182,377
182,378
182,379
182,380
182,381
182,382
182,383
182,384
182,385
182,386
182,387
182,388
182,389
182,390
182,392
182,414
182,415
182,417
182,420
182,426
182,427
182,428
182,430
182,431
182,439
182,440
182,441
182,442
182,443
182,444
182,631
182,633
182,634
182,635
182,636
182,637
182,638
182,639
182,640
182,641
182,642
182,643
182,644
182,645
182,646
182,647
182,648
182,649
182,650
182,651
182,652
182,653
182,654
182,655
182,656
182,657
182,659
182,660
183,2
183,4
183,31
183,32
183,33
183,34
183,35
183,45
183,46
183,47
183,154
183,155
183,156
183,157
183,160
183,161
183,164
183,165
183,166
183,167
183,168
183,169
183,170
183,171
183,172
183,173
183,174
183,175
183,176
183,177
183,178
183,179
183,180
183,181
183,182
183,184
183,185
183,186
183,187
183,188
183,189
183,190
183,191
183,192
183,193
183,194
183,199
183,200
183,201
183,202
183,203
183,204
183,205
183,206
183,375
183,377
183,378
183,379
183,380
183,381
183,382
183,383
183,384
183,385
183,386
183,387
183,388
183,389
183,390
183,391
183,392
183,393
183,427
183,439
183,440
183,441
183,443
183,444
183,445
183,635
183,637
183,638
183,639
183,640
183,641
183,642
183,643
183,644
183,645
183,646
183,647
183,648
183,649
183,650
183,651
183,652
183,653
183,654
183,655
183,656
183,657
183,658
183,659
183,660
183,661
183,663
183,664
184,2
184,4
184,27
184,31
184,32
184,33
184,34
184,35
184,45
184,46
184,47
184,154
184,155
184,156
184,157
184,160
184,161
184,164
184,165
184,166
184,167
184,168
184,169
184,170
184,171
184,172
184,173
184,174
184,175
184,176
184,177
184,178
184,179
184,180
184,181
184,182
184,183
184,185
184,186
184,187
184,188
184,189
184,190
184,191
184,192
184,193
184,194
184,199
184,200
184,201
184,202
184,203
184,204
184,205
184,206
184,375
184,377
184,378
184,379
184,380
184,381
184,382
184,383
184,384
184,385
184,386
184,387
184,388
184,389
184,390
184,391
184,392
184,393
184,415
184,417
184,426
184,427
184,430
184,439
184,440
184,441
184,442
184,443
184,444
184,445
184,635
184,637
184,638
184,639
184,640
184,641
184,642
184,643
184,644
184,645
184,646
184,647
184,648
184,649
184,650
184,651
184,652
184,653
184,654
184,655
184,656
184,657
184,658
184,659
184,660
184,661
184,663
184,664
184,1040
185,2
185,4
185,32
185,33
185,34
185,35
185,45
185,46
185,47
185,155
185,156
185,157
185,166
185,167
185,168
185,169
185,170
185,171
185,172
185,173
185,174
185,175
185,176
185,177
185,178
185,179
185,180
185,181
185,182
185,183
185,184
185,186
185,187
185,188
185,189
185,190
185,191
185,192
185,193
185,194
185,195
185,196
185,199
185,200
185,201
185,202
185,203
185,204
185,205
185,206
185,207
185,208
185,211
185,212
185,378
185,379
185,381
185,382
185,383
185,384
185,385
185,386
185,387
185,388
185,389
185,390
185,391
185,392
185,393
185,394
185,440
185,443
185,444
185,445
185,638
185,639
185,640
185,641
185,642
185,643
185,644
185,645
185,646
185,647
185,648
185,649
185,650
185,651
185,652
185,653
185,654
185,655
185,656
185,657
185,658
185,659
185,660
185,661
185,662
185,663
185,664
185,665
185,666
185,667
186,2
186,4
186,32
186,33
186,34
186,35
186,45
186,46
186,47
186,156
186,157
186,166
186,167
186,168
186,169
186,170
186,171
186,172
186,173
186,174
186,175
186,176
186,177
186,178
186,179
186,180
186,181
186,182
186,183
186,184
186,185
186,187
186,188
186,189
186,190
186,191
186,192
186,193
186,194
186,195
186,196
186,199
186,200
186,201
186,202
186,203
186,204
186,205
186,206
186,207
186,208
186,211
186,212
186,378
186,379
186,381
186,382
186,383
186,384
186,385
186,386
186,387
186,388
186,389
186,390
186,391
186,392
186,393
186,394
186,440
186,443
186,444
186,445
186,640
186,641
186,642
186,643
186,644
186,645
186,646
186,647
186,648
186,649
186,650
186,651
186,652
186,653
186,654
186,655
186,656
186,657
186,658
186,659
186,660
186,661
186,662
186,663
186,664
186,665
186,666
186,667
187,2
187,4
187,32
187,33
187,34
187,35
187,45
187,46
187,47
187,48
187,168
187,169
187,172
187,173
187,174
187,175
187,176
187,177
187,178
187,179
187,180
187,181
187,182
187,183
187,184
187,185
187,186
187,188
187,189
187,190
187,191
187,192
187,193
187,194
187,195
187,196
187,197
187,198
187,199
187,200
187,201
187,202
187,203
187,204
187,205
187,206
187,207
187,208
187,209
187,210
187,211
187,212
187,213
187,214
187,382
187,383
187,384
187,385
187,386
187,387
187,388
187,389
187,390
187,391
187,392
187,393
187,394
187,395
187,396
187,444
187,445
187,645
187,646
187,647
187,648
187,649
187,650
187,651
187,652
187,653
187,654
187,655
187,656
187,657
187,658
187,659
187,660
187,661
187,662
187,663
187,664
187,665
187,666
187,667
188,2
188,4
188,32
188,33
188,34
188,35
188,45
188,46
188,47
188,48
188,156
188,168
188,169
188,172
188,173
188,174
188,175
188,176
188,177
188,178
188,179
188,180
188,181
188,182
188,183
188,184
188,185
188,186
188,187
188,189
188,190
188,191
188,192
188,193
188,194
188,195
188,196
188,197
188,198
188,199
188,200
188,201
188,202
188,203
188,204
188,205
188,206
188,207
188,208
188,209
188,210
188,211
188,212
188,213
188,214
188,379
188,382
188,383
188,384
188,385
188,386
188,387
188,388
188,389
188,390
188,391
188,392
188,393
188,394
188,395
188,396
188,440
188,443
188,444
188,445
188,446
188,645
188,646
188,647
188,648
188,649
188,650
188,651
188,652
188,653
188,654
188,655
188,656
188,657
188,658
188,659
188,660
188,661
188,662
188,663
188,664
188,665
188,666
188,667
189,2
189,4
189,31
189,32
189,33
189,34
189,35
189,45
189,46
189,47
189,48
189,156
189,157
189,166
189,167
189,168
189,169
189,170
189,171
189,172
189,173
189,174
189,175
189,176
189,177
189,178
189,179
189,180
189,181
189,182
189,183
189,184
189,185
189,186
189,187
189,188
189,190
189,191
189,192
189,193
189,194
189,195
189,196
189,199
189,200
189,201
189,202
189,203
189,204
189,205
189,206
189,207
189,208
189,211
189,212
189,378
189,379
189,380
189,381
189,382
189,383
189,384
189,385
189,386
189,387
189,388
189,389
189,390
189,391
189,392
189,393
189,394
189,396
189,439
189,440
189,443
189,444
189,445
189,641
189,643
189,644
189,645
189,646
189,647
189,648
189,649
189,650
189,651
189,652
189,653
189,654
189,655
189,656
189,657
189,658
189,659
189,660
189,661
189,662
189,663
189,664
189,665
189,666
190,2
190,4
190,31
190,32
190,33
190,34
190,35
190,45
190,46
190,47
190,48
190,156
190,157
190,166
190,167
190,168
190,169
190,170
190,171
190,172
190,173
190,174
190,175
190,176
190,177
190,178
190,179
190,180
190,181
190,182
190,183
190,184
190,185
190,186
190,187
190,188
190,189
190,191
190,192
190,193
190,194
190,195
190,196
190,199
190,200
190,201
190,202
190,203
190,204
190,205
190,206
190,207
190,208
190,211
190,212
190,378
190,379
190,380
190,381
190,382
190,383
190,384
190,385
190,386
190,387
190,388
190,389
190,390
190,391
190,392
190,393
190,394
190,396
190,427
190,439
190,440
190,441
190,443
190,444
190,445
190,446
190,641
190,643
190,644
190,645
190,646
190,647
190,648
190,649
190,650
190,651
190,652
190,653
190,654
190,655
190,656
190,657
190,658
190,659
190,660
190,661
190,662
190,663
190,664
190,665
190,666
190,667
190,1045
191,2
191,4
191,32
191,33
191,34
191,35
191,45
191,46
191,47
191,48
191,168
191,169
191,172
191,173
191,174
191,175
191,176
191,177
191,178
191,179
191,180
191,181
191,182
191,183
191,184
191,185
191,186
191,187
191,188
191,189
191,190
191,192
191,193
191,194
191,195
191,196
191,197
191,198
191,199
191,200
191,201
191,202
191,203
191,204
191,205
191,206
191,207
191,208
191,209
191,210
191,211
191,212
191,213
191,214
191,379
191,381
191,382
191,383
191,384
191,385
191,386
191,387
191,388
191,389
191,390
191,391
191,392
191,393
191,394
191,395
191,396
191,397
191,398
191,440
191,443
191,444
191,445
191,446
191,646
191,648
191,649
191,650
191,651
191,652
191,653
191,654
191,655
191,656
191,657
191,658
191,659
191,660
191,661
191,662
191,663
191,664
191,665
191,666
191,667
192,2
192,4
192,32
192,33
192,34
192,35
192,45
192,46
192,47
192,48
192,168
192,169
192,172
192,173
192,174
192,175
192,176
192,177
192,178
192,179
192,180
192,181
192,182
192,183
192,184
192,185
192,186
192,187
192,188
192,189
192,190
192,191
192,193
192,194
192,195
192,196
192,197
192,198
192,199
192,200
192,201
192,202
192,203
192,204
192,205
192,206
192,207
192,208
192,209
192,210
192,211
192,212
192,213
192,214
192,379
192,381
192,382
192,383
192,384
192,385
192,386
192,387
192,388
192,389
192,390
192,391
192,392
192,393
192,394
192,395
192,396
192,397
192,398
192,439
192,440
192,443
192,444
192,445
192,446
192,447
192,646
192,648
192,649
192,650
192,651
192,652
192,653
192,654
192,655
192,656
192,657
192,658
192,659
192,660
192,661
192,662
192,663
192,664
192,665
192,666
192,667
193,2
193,4
193,33
193,34
193,35
193,46
193,47
193,48
193,174
193,175
193,176
193,177
193,178
193,179
193,180
193,181
193,182
193,183
193,184
193,185
193,186
193,187
193,188
193,189
193,190
193,191
193,192
193,194
193,195
193,196
193,197
193,198
193,199
193,200
193,201
193,202
193,203
193,204
193,205
193,206
193,207
193,208
193,209
193,210
193,211
193,212
193,213
193,214
193,215
193,216
193,219
193,220
193,223
193,224
193,383
193,386
193,387
193,388
193,389
193,390
193,391
193,392
193,393
193,394
193,395
193,396
193,649
193,650
193,651
193,652
193,653
193,654
193,655
193,656
193,657
193,658
193,659
193,660
193,661
193,662
193,663
193,664
193,665
193,666
193,667
194,2
194,4
194,26
194,34
194,35
194,46
194,47
194,48
194,175
194,176
194,179
194,180
194,183
194,184
194,185
194,186
194,187
194,188
194,189
194,190
194,191
194,192
194,193
194,195
194,196
194,197
194,198
194,199
194,200
194,201
194,202
194,203
194,204
194,205
194,206
194,207
194,208
194,209
194,210
194,211
194,212
194,213
194,214
194,215
194,216
194,217
194,218
194,219
194,220
194,221
194,222
194,223
194,224
194,225
194,226
194,386
194,387
194,389
194,390
194,391
194,392
194,393
194,394
194,395
194,396
194,397
194,400
194,652
194,653
194,654
194,655
194,656
194,657
194,658
194,659
194,660
194,661
194,662
194,663
194,664
194,665
194,666
194,667
195,2
195,4
195,26
195,34
195,35
195,47
195,48
195,175
195,176
195,185
195,186
195,187
195,188
195,189
195,190
195,191
195,192
195,193
195,194
195,196
195,197
195,198
195,199
195,200
195,201
195,202
195,203
195,204
195,205
195,206
195,207
195,208
195,209
195,210
195,211
195,212
195,213
195,214
195,215
195,216
195,217
195,218
195,219
195,220
195,221
195,222
195,223
195,224
195,225
195,226
195,227
195,387
195,390
195,391
195,392
195,393
195,394
195,395
195,396
195,397
195,400
195,401
195,657
195,658
195,659
195,660
195,661
195,662
195,663
195,664
195,665
195,666
195,667
196,2
196,4
196,26
196,34
196,35
196,46
196,47
196,48
196,49
196,175
196,176
196,185
196,186
196,187
196,188
196,189
196,190
196,191
196,192
196,193
196,194
196,195
196,197
196,198
196,199
196,200
196,201
196,202
196,203
196,204
196,205
196,206
196,207
196,208
196,209
196,210
196,211
196,212
196,213
196,214
196,215
196,216
196,217
196,218
196,219
196,220
196,221
196,222
196,223
196,224
196,225
196,226
196,227
196,228
196,229
196,387
196,390
196,391
196,392
196,393
196,394
196,395
196,396
196,397
196,400
196,401
196,402
196,657
196,658
196,659
196,660
196,661
196,662
196,663
196,664
196,665
196,666
196,667
197,2
197,4
197,26
197,35
197,47
197,48
197,49
197,176
197,187
197,188
197,191
197,192
197,193
197,194
197,195
197,196
197,198
197,199
197,200
197,201
197,202
197,203
197,204
197,205
197,206
197,207
197,208
197,209
197,210
197,211
197,212
197,213
197,214
197,215
197,216
197,217
197,218
197,219
197,220
197,221
197,222
197,223
197,224
197,225
197,226
197,227
197,228
197,229
197,231
197,390
197,391
197,394
197,395
197,396
197,397
197,400
197,401
197,402
197,403
197,661
197,662
197,663
197,664
197,665
197,666
197,667
197,668
197,669
197,670
198,2
198,4
198,26
198,35
198,36
198,47
198,48
198,49
198,176
198,187
198,188
198,191
198,192
198,193
198,194
198,195
198,196
198,197
198,199
198,200
198,201
198,202
198,203
198,204
198,205
198,206
198,207
198,208
198,209
198,210
198,211
198,212
198,213
198,214
198,215
198,216
198,217
198,218
198,219
198,220
198,221
198,222
198,223
198,224
198,225
198,226
198,227
198,228
198,229
198,230
198,231
198,390
198,391
198,393
198,394
198,395
198,396
198,397
198,400
198,401
198,402
198,403
198,658
198,660
198,661
198,662
198,663
198,664
198,665
198,666
198,667
198,668
198,669
198,670
198,671
199,2
199,4
199,33
199,34
199,35
199,46
199,47
199,48
199,175
199,176
199,177
199,178
199,179
199,180
199,181
199,182
199,183
199,184
199,185
199,186
199,187
199,188
199,189
199,190
199,191
199,192
199,193
199,194
199,195
199,196
199,197
199,198
199,200
199,201
199,202
199,203
199,204
199,205
199,206
199,207
199,208
199,209
199,210
199,211
199,212
199,213
199,214
199,215
199,216
199,219
199,220
199,223
199,224
199,383
199,385
199,386
199,387
199,388
199,389
199,390
199,391
199,392
199,393
199,394
199,395
199,396
199,397
199,398
199,445
199,649
199,650
199,651
199,652
199,653
199,654
199,655
199,656
199,657
199,658
199,659
199,660
199,661
199,662
199,663
199,664
199,665
199,666
199,667
200,2
200,4
200,33
200,34
200,35
200,45
200,46
200,47
200,48
200,174
200,175
200,176
200,177
200,178
200,179
200,180
200,181
200,182
200,183
200,184
200,185
200,186
200,187
200,188
200,189
200,190
200,191
200,192
200,193
200,194
200,195
200,196
200,197
200,198
200,199
200,201
200,202
200,203
200,204
200,205
200,206
200,207
200,208
200,209
200,210
200,211
200,212
200,213
200,214
200,215
200,216
200,219
200,220
200,223
200,224
200,382
200,383
200,385
200,386
200,387
200,388
200,389
200,390
200,391
200,392
200,393
200,394
200,395
200,396
200,397
200,398
200,400
200,443
200,444
200,445
200,446
200,649
200,650
200,651
200,652
200,653
200,654
200,655
200,656
200,657
200,658
200,659
200,660
200,661
200,662
200,663
200,664
200,665
200,666
200,667
201,2
201,4
201,26
201,33
201,34
201,35
201,46
201,47
201,48
201,49
201,175
201,176
201,179
201,180
201,183
201,184
201,185
201,186
201,187
201,188
201,189
201,190
201,191
201,192
201,193
201,194
201,195
201,196
201,197
201,198
201,199
201,200
201,202
201,203
201,204
201,205
201,206
201,207
201,208
201,209
201,210
201,211
201,212
201,213
201,214
201,215
201,216
201,217
201,218
201,219
201,220
201,221
201,222
201,223
201,224
201,225
201,226
201,386
201,387
201,388
201,389
201,390
201,391
201,392
201,393
201,394
201,395
201,396
201,397
201,398
201,400
201,401
201,402
201,445
201,446
201,653
201,654
201,655
201,656
201,657
201,658
201,659
201,660
201,661
201,662
201,663
201,664
201,665
201,666
201,667
202,2
202,4
202,26
202,33
202,34
202,35
202,46
202,47
202,48
202,49
202,175
202,176
202,179
202,180
202,183
202,184
202,185
202,186
202,187
202,188
202,189
202,190
202,191
202,192
202,193
202,194
202,195
202,196
202,197
202,198
202,199
202,200
202,201
202,203
202,204
202,205
202,206
202,207
202,208
202,209
202,210
202,211
202,212
202,213
202,214
202,215
202,216
202,217
202,218
202,219
202,220
202,221
202,222
202,223
202,224
202,225
202,226
202,383
202,386
202,387
202,388
202,389
202,390
202,391
202,392
202,393
202,394
202,395
202,396
202,397
202,398
202,399
202,400
202,401
202,402
202,444
202,445
202,446
202,653
202,654
202,655
202,656
202,657
202,658
202,659
202,660
202,661
202,662
202,663
202,664
202,665
202,666
202,667
203,2
203,4
203,32
203,33
203,34
203,35
203,45
203,46
203,47
203,48
203,49
203,175
203,176
203,177
203,178
203,179
203,180
203,181
203,182
203,183
203,184
203,185
203,186
203,187
203,188
203,189
203,190
203,191
203,192
203,193
203,194
203,195
203,196
203,197
203,198
203,199
203,200
203,201
203,202
203,204
203,205
203,206
203,207
203,208
203,209
203,210
203,211
203,212
203,213
203,214
203,215
203,216
203,219
203,220
203,223
203,224
203,382
203,383
203,385
203,386
203,387
203,388
203,389
203,390
203,391
203,392
203,393
203,394
203,395
203,396
203,397
203,398
203,399
203,400
203,443
203,444
203,445
203,446
203,447
203,650
203,652
203,653
203,654
203,655
203,656
203,657
203,658
203,659
203,660
203,661
203,662
203,663
203,664
203,665
203,666
203,667
204,2
204,4
204,32
204,33
204,34
204,35
204,45
204,46
204,47
204,48
204,49
204,175
204,176
204,177
204,178
204,179
204,180
204,181
204,182
204,183
204,184
204,185
204,186
204,187
204,188
204,189
204,190
204,191
204,192
204,193
204,194
204,195
204,196
204,197
204,198
204,199
204,200
204,201
204,202
204,203
204,205
204,206
204,207
204,208
204,209
204,210
204,211
204,212
204,213
204,214
204,215
204,216
204,219
204,220
204,223
204,224
204,382
204,383
204,384
204,385
204,386
204,387
204,388
204,389
204,390
204,391
204,392
204,393
204,394
204,395
204,396
204,397
204,398
204,399
204,400
204,402
204,440
204,443
204,444
204,445
204,446
204,447
204,650
204,651
204,652
204,653
204,654
204,655
204,656
204,657
204,658
204,659
204,660
204,661
204,662
204,663
204,664
204,665
204,666
204,667
204,1063
205,2
205,4
205,33
205,34
205,35
205,46
205,47
205,48
205,49
205,175
205,176
205,179
205,180
205,183
205,184
205,185
205,186
205,187
205,188
205,189
205,190
205,191
205,192
205,193
205,194
205,195
205,196
205,197
205,198
205,199
205,200
205,201
205,202
205,203
205,204
205,206
205,207
205,208
205,209
205,210
205,211
205,212
205,213
205,214
205,215
205,216
205,217
205,218
205,219
205,220
205,221
205,222
205,223
205,224
205,225
205,226
205,383
205,386
205,387
205,388
205,389
205,390
205,391
205,392
205,393
205,394
205,395
205,396
205,397
205,398
205,399
205,400
205,401
205,402
205,405
205,444
205,445
205,446
205,447
205,656
205,657
205,658
205,659
205,660
205,661
205,662
205,663
205,664
205,665
205,666
205,667
206,2
206,4
206,26
206,33
206,34
206,35
206,36
206,46
206,47
206,48
206,49
206,175
206,176
206,179
206,180
206,183
206,184
206,185
206,186
206,187
206,188
206,189
206,190
206,191
206,192
206,193
206,194
206,195
206,196
206,197
206,198
206,199
206,200
206,201
206,202
206,203
206,204
206,205
206,207
206,208
206,209
206,210
206,211
206,212
206,213
206,214
206,215
206,216
206,217
206,218
206,219
206,220
206,221
206,222
206,223
206,224
206,225
206,226
206,383
206,385
206,386
206,387
206,388
206,389
206,390
206,391
206,392
206,393
206,394
206,395
206,396
206,397
206,398
206,399
206,400
206,401
206,402
206,405
206,443
206,444
206,445
206,446
206,447
206,654
206,655
206,656
206,657
206,658
206,659
206,660
206,661
206,662
206,663
206,664
206,665
206,666
206,667
206,1063
207,2
207,4
207,26
207,34
207,35
207,36
207,46
207,47
207,48
207,49
207,175
207,176
207,185
207,186
207,187
207,188
207,189
207,190
207,191
207,192
207,193
207,194
207,195
207,196
207,197
207,198
207,199
207,200
207,201
207,202
207,203
207,204
207,205
207,206
207,208
207,209
207,210
207,211
207,212
207,213
207,214
207,215
207,216
207,217
207,218
207,219
207,220
207,221
207,222
207,223
207,224
207,225
207,226
207,227
207,228
207,229
207,386
207,387
207,389
207,390
207,391
207,392
207,393
207,394
207,395
207,396
207,397
207,398
207,399
207,400
207,401
207,402
207,657
207,658
207,659
207,660
207,661
207,662
207,663
207,664
207,665
207,666
207,667
208,2
208,4
208,26
208,34
208,35
208,36
208,46
208,47
208,48
208,49
208,175
208,176
208,185
208,186
208,187
208,188
208,189
208,190
208,191
208,192
208,193
208,194
208,195
208,196
208,197
208,198
208,199
208,200
208,201
208,202
208,203
208,204
208,205
208,206
208,207
208,209
208,210
208,211
208,212
208,213
208,214
208,215
208,216
208,217
208,218
208,219
208,220
208,221
208,222
208,223
208,224
208,225
208,226
208,227
208,228
208,229
208,386
208,387
208,389
208,390
208,391
208,392
208,393
208,394
208,395
208,396
208,397
208,398
208,399
208,400
208,401
208,402
208,403
208,405
208,445
208,446
208,657
208,658
208,659
208,660
208,661
208,662
208,663
208,664
208,665
208,666
208,667
209,2
209,4
209,26
209,34
209,35
209,36
209,47
209,48
209,49
209,176
209,187
209,188
209,191
209,192
209,193
209,194
209,195
209,196
209,197
209,198
209,199
209,200
209,201
209,202
209,203
209,204
209,205
209,206
209,207
209,208
209,210
209,211
209,212
209,213
209,214
209,215
209,216
209,217
209,218
209,219
209,220
209,221
209,222
209,223
209,224
209,225
209,226
209,227
209,228
209,229
209,230
209,231
209,387
209,390
209,391
209,392
209,393
209,394
209,395
209,396
209,397
209,398
209,399
209,400
209,401
209,402
209,403
209,405
209,661
209,662
209,663
209,664
209,665
209,666
209,667
209,668
209,669
209,670
209,671
209,933
210,2
210,4
210,26
210,34
210,35
210,36
210,47
210,48
210,49
210,50
210,176
210,187
210,188
210,191
210,192
210,193
210,194
210,195
210,196
210,197
210,198
210,199
210,200
210,201
210,202
210,203
210,204
210,205
210,206
210,207
210,208
210,209
210,211
210,212
210,213
210,214
210,215
210,216
210,217
210,218
210,219
210,220
210,221
210,222
210,223
210,224
210,225
210,226
210,227
210,228
210,229
210,230
210,231
210,387
210,390
210,391
210,392
210,393
210,394
210,395
210,396
210,397
210,398
210,399
210,400
210,401
210,402
210,403
210,404
210,405
210,446
210,661
210,662
210,663
210,664
210,665
210,666
210,667
210,668
210,669
210,670
210,671
210,933
210,934
210,935
210,936
210,937
211,2
211,4
211,26
211,33
211,34
211,35
211,36
211,46
211,47
211,48
211,49
211,176
211,185
211,186
211,187
211,188
211,189
211,190
211,191
211,192
211,193
211,194
211,195
211,196
211,197
211,198
211,199
211,200
211,201
211,202
211,203
211,204
211,205
211,206
211,207
211,208
211,209
211,210
211,212
211,213
211,214
211,215
211,216
211,217
211,218
211,219
211,220
211,221
211,222
211,223
211,224
211,225
211,226
211,227
211,228
211,229
211,386
211,387
211,389
211,390
211,391
211,392
211,393
211,394
211,395
211,396
211,397
211,398
211,399
211,400
211,401
211,402
211,403
211,405
211,445
211,446
211,658
211,660
211,661
211,662
211,663
211,664
211,665
211,666
211,667
211,933
212,2
212,4
212,26
212,33
212,34
212,35
212,36
212,46
212,47
212,48
212,49
212,50
212,175
212,176
212,185
212,186
212,187
212,188
212,189
212,190
212,191
212,192
212,193
212,194
212,195
212,196
212,197
212,198
212,199
212,200
212,201
212,202
212,203
212,204
212,205
212,206
212,207
212,208
212,209
212,210
212,211
212,213
212,214
212,215
212,216
212,217
212,218
212,219
212,220
212,221
212,222
212,223
212,224
212,225
212,226
212,227
212,228
212,229
212,386
212,387
212,388
212,389
212,390
212,391
212,392
212,393
212,394
212,395
212,396
212,397
212,398
212,399
212,400
212,401
212,402
212,403
212,405
212,444
212,445
212,446
212,447
212,658
212,659
212,660
212,661
212,662
212,663
212,664
212,665
212,666
212,667
212,933
212,934
212,935
212,936
212,937
212,938
213,2
213,4
213,26
213,34
213,35
213,36
213,47
213,48
213,49
213,50
213,176
213,187
213,188
213,191
213,192
213,193
213,194
213,195
213,196
213,197
213,198
213,199
213,200
213,201
213,202
213,203
213,204
213,205
213,206
213,207
213,208
213,209
213,210
213,211
213,212
213,214
213,215
213,216
213,217
213,218
213,219
213,220
213,221
213,222
213,223
213,224
213,225
213,226
213,227
213,228
213,229
213,230
213,231
213,387
213,389
213,390
213,391
213,392
213,393
213,394
213,395
213,396
213,397
213,398
213,399
213,400
213,401
213,402
213,403
213,404
213,405
213,445
213,446
213,662
213,663
213,664
213,665
213,666
213,667
213,668
213,669
213,670
213,671
213,933
213,934
213,935
213,936
213,937
213,938
213,939
213,940
213,941
213,955
214,2
214,4
214,26
214,34
214,35
214,36
214,37
214,47
214,48
214,49
214,50
214,176
214,187
214,188
214,191
214,192
214,193
214,194
214,195
214,196
214,197
214,198
214,199
214,200
214,201
214,202
214,203
214,204
214,205
214,206
214,207
214,208
214,209
214,210
214,211
214,212
214,213
214,215
214,216
214,217
214,218
214,219
214,220
214,221
214,222
214,223
214,224
214,225
214,226
214,227
214,228
214,229
214,230
214,231
214,387
214,389
214,390
214,391
214,392
214,393
214,394
214,395
214,396
214,397
214,398
214,399
214,400
214,401
214,402
214,403
214,404
214,405
214,445
214,446
214,447
214,662
214,663
214,664
214,665
214,666
214,667
214,668
214,669
214,670
214,671
214,933
214,934
214,935
214,936
214,937
214,938
214,939
214,940
214,941
214,943
214,944
214,955
214,956
214,957
215,4
215,26
215,35
215,36
215,48
215,49
215,193
215,194
215,195
215,196
215,197
215,198
215,199
215,200
215,201
215,202
215,203
215,204
215,205
215,206
215,207
215,208
215,209
215,210
215,211
215,212
215,213
215,214
215,216
215,217
215,218
215,219
215,220
215,221
215,222
215,223
215,224
215,225
215,226
215,227
215,228
215,229
215,230
215,231
215,232
215,233
215,391
215,394
215,395
215,397
215,400
215,401
215,402
215,403
215,404
215,665
215,666
215,667
215,668
215,669
215,670
215,671
215,672
215,673
215,674
215,676
215,677
215,678
216,2
216,4
216,26
216,35
216,36
216,47
216,48
216,49
216,193
216,194
216,195
216,196
216,197
216,198
216,199
216,200
216,201
216,202
216,203
216,204
216,205
216,206
216,207
216,208
216,209
216,210
216,211
216,212
216,213
216,214
216,215
216,217
216,218
216,219
216,220
216,221
216,222
216,223
216,224
216,225
216,226
216,227
216,228
216,229
216,230
216,231
216,232
216,233
216,391
216,394
216,395
216,396
216,397
216,400
216,401
216,402
216,403
216,404
216,662
216,664
216,665
216,666
216,667
216,668
216,669
216,670
216,671
216,672
216,673
216,674
216,675
216,676
216,677
216,678
216,679
217,4
217,26
217,36
217,49
217,194
217,195
217,196
217,197
217,198
217,201
217,202
217,205
217,206
217,207
217,208
217,209
217,210
217,211
217,212
217,213
217,214
217,215
217,216
217,218
217,219
217,220
217,221
217,222
217,223
217,224
217,225
217,226
217,227
217,228
217,229
217,230
217,231
217,232
217,233
217,234
217,235
217,394
217,395
217,397
217,400
217,401
217,402
217,403
217,404
217,668
217,669
217,670
217,671
217,672
217,673
217,674
217,675
217,676
217,677
217,678
217,679
217,680
217,681
217,682
217,684
217,685
217,686
218,4
218,26
218,36
218,37
218,48
218,49
218,50
218,194
218,195
218,196
218,197
218,198
218,201
218,202
218,205
218,206
218,207
218,208
218,209
218,210
218,211
218,212
218,213
218,214
218,215
218,216
218,217
218,219
218,220
218,221
218,222
218,223
218,224
218,225
218,226
218,227
218,228
218,229
218,230
218,231
218,232
218,233
218,234
218,235
218,394
218,395
218,397
218,400
218,401
218,402
218,403
218,404
218,668
218,669
218,670
218,671
218,672
218,673
218,674
218,675
218,676
218,677
218,678
218,679
218,680
218,681
218,682
218,684
218,685
218,686
218,687
219,4
219,26
219,35
219,36
219,37
219,47
219,48
219,49
219,50
219,193
219,194
219,195
219,196
219,197
219,198
219,199
219,200
219,201
219,202
219,203
219,204
219,205
219,206
219,207
219,208
219,209
219,210
219,211
219,212
219,213
219,214
219,215
219,216
219,217
219,218
219,220
219,221
219,222
219,223
219,224
219,225
219,226
219,227
219,228
219,229
219,230
219,231
219,232
219,233
219,390
219,391
219,393
219,394
219,395
219,396
219,397
219,398
219,399
219,400
219,401
219,402
219,403
219,404
219,405
219,665
219,666
219,667
219,668
219,669
219,670
219,671
219,672
219,673
219,674
219,675
219,676
219,677
219,678
219,679
219,933
219,934
219,935
219,936
219,937
219,940
220,2
220,4
220,26
220,35
220,36
220,37
220,47
220,48
220,49
220,50
220,193
220,194
220,195
220,196
220,197
220,198
220,199
220,200
220,201
220,202
220,203
220,204
220,205
220,206
220,207
220,208
220,209
220,210
220,211
220,212
220,213
220,214
220,215
220,216
220,217
220,218
220,219
220,221
220,222
220,223
220,224
220,225
220,226
220,227
220,228
220,229
220,230
220,231
220,232
220,233
220,390
220,391
220,393
220,394
220,395
220,396
220,397
220,398
220,399
220,400
220,401
220,402
220,403
220,404
220,405
220,665
220,666
220,667
220,668
220,669
220,670
220,671
220,672
220,673
220,674
220,675
220,676
220,677
220,678
220,679
220,684
220,933
220,934
220,935
220,936
220,937
220,938
220,939
220,940
220,941
220,942
220,943
220,944
221,4
221,26
221,35
221,36
221,37
221,48
221,49
221,50
221,194
221,195
221,196
221,197
221,198
221,201
221,202
221,205
221,206
221,207
221,208
221,209
221,210
221,211
221,212
221,213
221,214
221,215
221,216
221,217
221,218
221,219
221,220
221,222
221,223
221,224
221,225
221,226
221,227
221,228
221,229
221,230
221,231
221,232
221,233
221,234
221,235
221,391
221,394
221,395
221,396
221,397
221,400
221,401
221,402
221,403
221,404
221,405
221,668
221,669
221,670
221,671
221,672
221,673
221,674
221,675
221,676
221,677
221,678
221,679
221,680
221,681
221,682
221,683
221,684
221,685
221,686
221,687
221,933
221,934
221,935
221,936
221,937
221,938
221,939
221,940
221,941
221,942
221,943
221,944
221,945
221,947
221,948
221,959
222,4
222,26
222,35
222,36
222,37
222,48
222,49
222,50
222,194
222,195
222,196
222,197
222,198
222,201
222,202
222,205
222,206
222,207
222,208
222,209
222,210
222,211
222,212
222,213
222,214
222,215
222,216
222,217
222,218
222,219
222,220
222,221
222,223
222,224
222,225
222,226
222,227
222,228
222,229
222,230
222,231
222,232
222,233
222,234
222,235
222,391
222,394
222,395
222,396
222,397
222,399
222,400
222,401
222,402
222,403
222,404
222,405
222,668
222,669
222,670
222,671
222,672
222,673
222,674
222,675
222,676
222,677
222,678
222,679
222,680
222,681
222,682
222,683
222,684
222,685
222,686
222,687
222,933
222,934
222,935
222,936
222,937
222,938
222,939
222,940
222,941
222,942
222,943
222,944
222,945
222,946
222,947
222,948
222,949
222,950
222,959
222,961
223,4
223,26
223,34
223,35
223,36
223,37
223,47
223,48
223,49
223,50
223,193
223,194
223,195
223,196
223,197
223,198
223,199
223,200
223,201
223,202
223,203
223,204
223,205
223,206
223,207
223,208
223,209
223,210
223,211
223,212
223,213
223,214
223,215
223,216
223,217
223,218
223,219
223,220
223,221
223,222
223,224
223,225
223,226
223,227
223,228
223,229
223,230
223,231
223,232
223,233
223,390
223,391
223,392
223,393
223,394
223,395
223,396
223,397
223,398
223,399
223,400
223,401
223,402
223,403
223,404
223,405
223,667
223,668
223,669
223,670
223,671
223,672
223,673
223,674
223,676
223,678
223,679
223,933
223,934
223,935
223,936
223,937
223,938
223,939
223,940
223,941
223,942
223,943
223,944
223,945
223,946
223,947
223,955
223,956
223,957
224,2
224,4
224,26
224,34
224,35
224,36
224,37
224,47
224,48
224,49
224,50
224,193
224,194
224,195
224,196
224,197
224,198
224,199
224,200
224,201
224,202
224,203
224,204
224,205
224,206
224,207
224,208
224,209
224,210
224,211
224,212
224,213
224,214
224,215
224,216
224,217
224,218
224,219
224,220
224,221
224,222
224,223
224,225
224,226
224,227
224,228
224,229
224,230
224,231
224,232
224,233
224,390
224,391
224,392
224,393
224,394
224,395
224,396
224,397
224,398
224,399
224,400
224,401
224,402
224,403
224,404
224,405
224,446
224,666
224,667
224,668
224,669
224,670
224,671
224,672
224,673
224,674
224,675
224,676
224,677
224,678
224,679
224,933
224,934
224,935
224,936
224,937
224,938
224,939
224,940
224,941
224,942
224,943
224,944
224,945
224,946
224,947
224,948
224,949
224,950
224,951
224,952
224,955
224,956
224,957
224,958
225,4
225,26
225,35
225,36
225,37
225,48
225,49
225,50
225,194
225,195
225,196
225,197
225,198
225,201
225,202
225,205
225,206
225,207
225,208
225,209
225,210
225,211
225,212
225,213
225,214
225,215
225,216
225,217
225,218
225,219
225,220
225,221
225,222
225,223
225,224
225,226
225,227
225,228
225,229
225,230
225,231
225,232
225,233
225,234
225,235
225,391
225,393
225,394
225,395
225,396
225,397
225,398
225,399
225,400
225,401
225,402
225,403
225,404
225,405
225,668
225,669
225,670
225,671
225,672
225,673
225,674
225,675
225,676
225,677
225,678
225,679
225,680
225,681
225,682
225,683
225,684
225,685
225,686
225,687
225,933
225,934
225,935
225,936
225,937
225,938
225,939
225,940
225,941
225,942
225,943
225,944
225,945
225,946
225,947
225,948
225,949
225,950
225,951
225,952
225,953
225,954
225,955
225,956
225,957
225,958
225,959
225,960
225,961
225,968
225,969
226,4
226,26
226,35
226,36
226,37
226,47
226,48
226,49
226,50
226,194
226,195
226,196
226,197
226,198
226,201
226,202
226,205
226,206
226,207
226,208
226,209
226,210
226,211
226,212
226,213
226,214
226,215
226,216
226,217
226,218
226,219
226,220
226,221
226,222
226,223
226,224
226,225
226,227
226,228
226,229
226,230
226,231
226,232
226,233
226,234
226,235
226,391
226,393
226,394
226,395
226,396
226,397
226,398
226,399
226,400
226,401
226,402
226,403
226,404
226,405
226,668
226,669
226,670
226,671
226,672
226,673
226,674
226,675
226,676
226,677
226,678
226,679
226,680
226,681
226,682
226,683
226,684
226,685
226,686
226,687
226,933
226,934
226,935
226,936
226,937
226,938
226,939
226,940
226,941
226,942
226,943
226,944
226,945
226,946
226,947
226,948
226,949
226,950
226,951
226,952
226,953
226,954
226,955
226,956
226,957
226,958
226,959
226,960
226,961
226,962
226,963
226,968
226,969
226,972
226,973
227,4
227,26
227,36
227,37
227,38
227,48
227,49
227,50
227,195
227,196
227,197
227,198
227,207
227,208
227,209
227,210
227,211
227,212
227,213
227,214
227,215
227,216
227,217
227,218
227,219
227,220
227,221
227,222
227,223
227,224
227,225
227,226
227,228
227,229
227,230
227,231
227,232
227,233
227,234
227,235
227,237
227,238
227,394
227,395
227,397
227,400
227,401
227,402
227,403
227,404
227,405
227,668
227,669
227,670
227,671
227,672
227,673
227,674
227,675
227,676
227,677
227,678
227,679
227,680
227,681
227,682
227,683
227,684
227,685
227,686
227,687
227,688
227,689
227,690
227,691
227,692
227,693
227,694
227,695
227,933
227,934
227,935
227,936
227,937
227,938
227,939
227,940
227,941
227,942
227,943
227,944
227,945
227,946
227,947
227,948
227,949
227,950
227,951
227,952
227,953
227,954
227,959
227,960
227,961
227,962
227,963
227,964
227,966
227,968
227,969
227,970
227,971
228,4
228,26
228,35
228,36
228,37
228,38
228,48
228,49
228,50
228,196
228,197
228,198
228,207
228,208
228,209
228,210
228,211
228,212
228,213
228,214
228,215
228,216
228,217
228,218
228,219
228,220
228,221
228,222
228,223
228,224
228,225
228,226
228,227
228,229
228,230
228,231
228,232
228,233
228,234
228,235
228,237
228,238
228,394
228,395
228,397
228,399
228,400
228,401
228,402
228,403
228,404
228,405
228,668
228,669
228,670
228,671
228,672
228,673
228,674
228,675
228,676
228,677
228,678
228,679
228,680
228,681
228,682
228,683
228,684
228,685
228,686
228,687
228,688
228,690
228,691
228,692
228,694
228,933
228,934
228,935
228,936
228,937
228,938
228,939
228,940
228,941
228,942
228,943
228,944
228,945
228,946
228,947
228,948
228,949
228,950
228,951
228,952
228,953
228,954
228,955
228,956
228,959
228,960
228,961
228,962
228,963
228,964
228,966
228,968
228,969
228,970
228,971
228,972
228,973
228,974
228,975
228,976
228,977
229,4
229,26
229,35
229,36
229,37
229,38
229,48
229,49
229,50
229,196
229,197
229,198
229,207
229,208
229,209
229,210
229,211
229,212
229,213
229,214
229,215
229,216
229,217
229,218
229,219
229,220
229,221
229,222
229,223
229,224
229,225
229,226
229,227
229,228
229,230
229,231
229,232
229,233
229,234
229,235
229,237
229,238
229,394
229,395
229,396
229,397
229,399
229,400
229,401
229,402
229,403
229,404
229,405
229,668
229,669
229,670
229,671
229,672
229,673
229,674
229,675
229,676
229,677
229,678
229,679
229,680
229,681
229,682
229,683
229,684
229,685
229,686
229,687
229,688
229,690
229,691
229,692
229,693
229,694
229,695
229,933
229,934
229,935
229,936
229,937
229,938
229,939
229,940
229,941
229,942
229,943
229,944
229,945
229,946
229,947
229,948
229,949
229,950
229,951
229,952
229,953
229,954
229,955
229,956
229,957
229,958
229,959
229,960
229,961
229,962
229,963
229,964
229,965
229,966
229,967
229,968
229,969
229,970
229,971
229,972
229,973
229,974
229,975
229,976
229,977
229,980
230,4
230,26
230,36
230,37
230,38
230,39
230,48
230,49
230,50
230,198
230,209
230,210
230,213
230,214
230,215
230,216
230,217
230,218
230,219
230,220
230,221
230,222
230,223
230,224
230,225
230,226
230,227
230,228
230,229
230,231
230,232
230,233
230,234
230,235
230,236
230,237
230,238
230,239
230,240
230,395
230,400
230,401
230,402
230,403
230,404
230,405
230,668
230,669
230,670
230,671
230,672
230,673
230,674
230,675
230,676
230,677
230,678
230,679
230,680
230,681
230,682
230,683
230,684
230,685
230,686
230,687
230,688
230,689
230,690
230,691
230,692
230,693
230,694
230,695
230,696
230,698
230,699
230,700
230,702
230,933
230,934
230,935
230,936
230,937
230,938
230,939
230,940
230,941
230,942
230,943
230,944
230,945
230,946
230,947
230,948
230,949
230,950
230,951
230,952
230,953
230,954
230,956
230,959
230,960
230,961
230,962
230,963
230,964
230,965
230,966
230,967
230,968
230,969
230,970
230,971
230,972
230,973
230,974
230,975
230,976
230,977
230,978
230,979
230,980
230,981
230,982
230,984
230,985
230,986
230,992
231,4
231,26
231,36
231,37
231,38
231,39
231,48
231,49
231,50
231,197
231,198
231,209
231,210
231,213
231,214
231,215
231,216
231,217
231,218
231,219
231,220
231,221
231,222
231,223
231,224
231,225
231,226
231,227
231,228
231,229
231,230
231,232
231,233
231,234
231,235
231,236
231,237
231,238
231,239
231,240
231,395
231,397
231,400
231,401
231,402
231,403
231,404
231,405
231,668
231,669
231,670
231,671
231,672
231,673
231,674
231,675
231,676
231,677
231,678
231,679
231,680
231,681
231,682
231,683
231,684
231,685
231,686
231,687
231,688
231,689
231,690
231,691
231,692
231,693
231,694
231,695
231,696
231,697
231,698
231,699
231,700
231,701
231,702
231,703
231,933
231,934
231,935
231,936
231,937
231,938
231,939
231,940
231,941
231,942
231,943
231,944
231,945
231,946
231,947
231,948
231,949
231,950
231,951
231,952
231,953
231,954
231,955
231,956
231,959
231,960
231,961
231,962
231,963
231,964
231,965
231,966
231,967
231,968
231,969
231,970
231,971
231,972
231,973
231,974
231,975
231,976
231,977
231,978
231,979
231,980
231,981
231,982
231,983
231,984
231,985
231,986
231,987
231,992
231,993
231,996
231,997
232,4
232,26
232,36
232,37
232,38
232,39
232,41
232,49
232,50
232,215
232,216
232,217
232,218
232,219
232,220
232,221
232,222
232,223
232,224
232,225
232,226
232,227
232,228
232,229
232,230
232,231
232,233
232,234
232,235
232,236
232,237
232,238
232,239
232,240
232,241
232,243
232,244
232,400
232,401
232,403
232,404
232,668
232,669
232,670
232,671
232,672
232,673
232,674
232,675
232,676
232,677
232,678
232,679
232,680
232,681
232,682
232,683
232,684
232,685
232,686
232,687
232,688
232,689
232,690
232,691
232,692
232,693
232,694
232,695
232,696
232,697
232,698
232,699
232,700
232,701
232,702
232,703
232,704
232,706
232,935
232,936
232,940
232,941
232,942
232,943
232,944
232,945
232,946
232,947
232,948
232,949
232,950
232,951
232,952
232,953
232,954
232,959
232,960
232,961
232,962
232,963
232,964
232,965
232,966
232,967
232,968
232,969
232,970
232,971
232,972
232,973
232,974
232,975
232,976
232,977
232,978
232,979
232,980
232,981
232,982
232,983
232,984
232,985
232,986
232,987
232,988
232,990
232,992
232,993
232,994
232,995
232,996
232,997
232,998
232,999
232,1000
233,4
233,26
233,36
233,37
233,38
233,39
233,41
233,49
233,50
233,215
233,216
233,217
233,218
233,219
233,220
233,221
233,222
233,223
233,224
233,225
233,226
233,227
233,228
233,229
233,230
233,231
233,232
233,234
233,235
233,236
233,237
233,238
233,239
233,240
233,241
233,243
233,244
233,400
233,401
233,402
233,403
233,404
233,668
233,669
233,670
233,671
233,672
233,673
233,674
233,675
233,676
233,677
233,678
233,679
233,680
233,681
233,682
233,683
233,684
233,685
233,686
233,687
233,688
233,689
233,690
233,691
233,692
233,693
233,694
233,695
233,696
233,697
233,698
233,699
233,700
233,701
233,702
233,703
233,704
233,706
233,707
233,935
233,936
233,939
233,940
233,941
233,942
233,943
233,944
233,945
233,946
233,947
233,948
233,949
233,950
233,951
233,952
233,953
233,954
233,959
233,960
233,961
233,962
233,963
233,964
233,965
233,966
233,967
233,968
233,969
233,970
233,971
233,972
233,973
233,974
233,975
233,976
233,977
233,978
233,979
233,980
233,981
233,982
233,983
233,984
233,985
233,986
233,987
233,988
233,989
233,990
233,991
233,992
233,993
233,994
233,995
233,996
233,997
233,998
233,999
233,1000
233,1001
233,1005
234,26
234,36
234,37
234,38
234,39
234,40
234,41
234,49
234,50
234,217
234,218
234,221
234,222
234,225
234,226
234,227
234,228
234,229
234,230
234,231
234,232
234,233
234,235
234,236
234,237
234,238
234,239
234,240
234,241
234,242
234,243
234,244
234,245
234,246
234,401
234,403
234,404
234,669
234,670
234,671
234,672
234,673
234,674
234,675
234,676
234,677
234,678
234,679
234,680
234,681
234,682
234,683
234,684
234,685
234,686
234,687
234,688
234,689
234,690
234,691
234,692
234,693
234,694
234,695
234,696
234,697
234,698
234,699
234,700
234,701
234,702
234,703
234,704
234,705
234,706
234,707
234,708
234,710
234,942
234,943
234,947
234,948
234,949
234,950
234,951
234,952
234,953
234,954
234,959
234,960
234,961
234,962
234,963
234,964
234,965
234,966
234,967
234,968
234,969
234,970
234,971
234,972
234,973
234,974
234,975
234,976
234,977
234,978
234,979
234,980
234,981
234,982
234,983
234,984
234,985
234,986
234,987
234,988
234,989
234,990
234,991
234,992
234,993
234,994
234,995
234,996
234,997
234,998
234,999
234,1000
234,1001
234,1002
234,1003
234,1004
234,1005
234,1006
234,1007
235,4
235,26
235,36
235,37
235,38
235,39
235,40
235,41
235,49
235,50
235,217
235,218
235,221
235,222
235,225
235,226
235,227
235,228
235,229
235,230
235,231
235,232
235,233
235,234
235,236
235,237
235,238
235,239
235,240
235,241
235,242
235,243
235,244
235,245
235,246
235,401
235,403
235,404
235,669
235,670
235,671
235,672
235,673
235,674
235,675
235,676
235,677
235,678
235,679
235,680
235,681
235,682
235,683
235,684
235,685
235,686
235,687
235,688
235,689
235,690
235,691
235,692
235,693
235,694
235,695
235,696
235,697
235,698
235,699
235,700
235,701
235,702
235,703
235,704
235,705
235,706
235,707
235,708
235,710
235,711
235,942
235,943
235,945
235,947
235,948
235,949
235,950
235,951
235,952
235,953
235,954
235,959
235,960
235,961
235,962
235,963
235,964
235,965
235,966
235,967
235,968
235,969
235,970
235,971
235,972
235,973
235,974
235,975
235,976
235,977
235,978
235,979
235,980
235,981
235,982
235,983
235,984
235,985
235,986
235,987
235,988
235,989
235,990
235,991
235,992
235,993
235,994
235,995
235,996
235,997
235,998
235,999
235,1000
235,1001
235,1002
235,1003
235,1004
235,1005
235,1006
235,1007
236,26
236,36
236,37
236,38
236,39
236,40
236,41
236,230
236,231
236,232
236,233
236,234
236,235
236,237
236,238
236,239
236,240
236,241
236,242
236,243
236,244
236,245
236,246
236,247
236,248
236,249
236,250
236,680
236,681
236,682
236,683
236,684
236,685
236,686
236,687
236,688
236,689
236,690
236,691
236,692
236,693
236,694
236,695
236,696
236,697
236,698
236,699
236,700
236,701
236,702
236,703
236,704
236,705
236,706
236,707
236,708
236,709
236,710
236,711
236,712
236,713
236,714
236,715
236,716
236,717
236,718
236,719
236,724
236,725
236,726
236,960
236,964
236,965
236,966
236,967
236,978
236,984
236,985
236,986
236,987
236,988
236,989
236,990
236,991
236,992
236,993
236,994
236,995
236,1000
236,1001
236,1002
236,1003
236,1004
236,1006
237,26
237,36
237,37
237,38
237,39
237,40
237,41
237,50
237,227
237,228
237,229
237,230
237,231
237,232
237,233
237,234
237,235
237,236
237,238
237,239
237,240
237,241
237,242
237,243
237,244
237,245
237,246
237,247
237,249
237,403
237,404
237,673
237,675
237,677
237,678
237,679
237,680
237,681
237,682
237,683
237,684
237,685
237,686
237,687
237,688
237,689
237,690
237,691
237,692
237,693
237,694
237,695
237,696
237,697
237,698
237,699
237,700
237,701
237,702
237,703
237,704
237,705
237,706
237,707
237,708
237,709
237,710
237,711
237,712
237,714
237,715
237,949
237,950
237,959
237,960
237,961
237,962
237,963
237,964
237,965
237,966
237,967
237,968
237,969
237,970
237,971
237,972
237,973
237,974
237,975
237,976
237,977
237,978
237,979
237,980
237,981
237,982
237,983
237,984
237,985
237,986
237,987
237,988
237,989
237,990
237,991
237,992
237,993
237,994
237,995
237,996
237,997
237,998
237,999
237,1000
237,1001
237,1002
237,1003
237,1004
237,1005
237,1006
237,1007
238,26
238,36
238,37
238,38
238,39
238,40
238,41
238,50
238,227
238,228
238,229
238,230
238,231
238,232
238,233
238,234
238,235
238,236
238,237
238,239
238,240
238,241
238,242
238,243
238,244
238,245
238,246
238,247
238,249
238,403
238,404
238,673
238,675
238,676
238,677
238,678
238,679
238,680
238,681
238,682
238,683
238,684
238,685
238,686
238,687
238,688
238,689
238,690
238,691
238,692
238,693
238,694
238,695
238,696
238,697
238,698
238,699
238,700
238,701
238,702
238,703
238,704
238,705
238,706
238,707
238,708
238,709
238,710
238,711
238,712
238,713
238,714
238,715
238,949
238,950
238,959
238,960
238,961
238,962
238,963
238,964
238,965
238,966
238,967
238,968
238,969
238,970
238,971
238,972
238,973
238,974
238,975
238,976
238,977
238,978
238,979
238,980
238,981
238,982
238,983
238,984
238,985
238,986
238,987
238,988
238,989
238,990
238,991
238,992
238,993
238,994
238,995
238,996
238,997
238,998
238,999
238,1000
238,1001
238,1002
238,1003
238,1004
238,1005
238,1006
238,1007
239,26
239,36
239,37
239,38
239,39
239,40
239,41
239,42
239,230
239,231
239,232
239,233
239,234
239,235
239,236
239,237
239,238
239,240
239,241
239,242
239,243
239,244
239,245
239,246
239,247
239,248
239,249
239,250
239,404
239,680
239,681
239,682
239,683
239,684
239,685
239,686
239,687
239,688
239,689
239,690
239,691
239,692
239,693
239,694
239,695
239,696
239,697
239,698
239,699
239,700
239,701
239,702
239,703
239,704
239,705
239,706
239,707
239,708
239,709
239,710
239,711
239,712
239,713
239,714
239,715
239,716
239,718
239,719
239,724
239,725
239,726
239,727
239,959
239,960
239,961
239,962
239,963
239,964
239,965
239,966
239,967
239,970
239,971
239,976
239,977
239,978
239,979
239,980
239,981
239,982
239,983
239,984
239,985
239,986
239,987
239,988
239,989
239,990
239,991
239,992
239,993
239,994
239,995
239,996
239,997
239,998
239,999
239,1000
239,1001
239,1002
239,1003
239,1004
239,1005
239,1006
239,1007
240,26
240,36
240,37
240,38
240,39
240,40
240,41
240,42
240,50
240,230
240,231
240,232
240,233
240,234
240,235
240,236
240,237
240,238
240,239
240,241
240,242
240,243
240,244
240,245
240,246
240,247
240,248
240,249
240,250
240,404
240,680
240,681
240,683
240,684
240,685
240,686
240,687
240,688
240,689
240,690
240,691
240,692
240,693
240,694
240,695
240,696
240,697
240,698
240,699
240,700
240,701
240,702
240,703
240,704
240,705
240,706
240,707
240,708
240,709
240,710
240,711
240,712
240,713
240,714
240,715
240,716
240,718
240,719
240,724
240,725
240,726
240,727
240,959
240,960
240,961
240,962
240,963
240,964
240,965
240,966
240,967
240,970
240,971
240,976
240,977
240,978
240,979
240,980
240,981
240,982
240,983
240,984
240,985
240,986
240,987
240,988
240,989
240,990
240,991
240,992
240,993
240,994
240,995
240,996
240,997
240,998
240,999
240,1000
240,1001
240,1002
240,1003
240,1004
240,1005
240,1006
240,1007
241,26
241,37
241,38
241,39
241,40
241,41
241,42
241,232
241,233
241,234
241,235
241,236
241,237
241,238
241,239
241,240
241,242
241,243
241,244
241,245
241,246
241,247
241,248
241,249
241,250
241,688
241,689
241,690
241,691
241,692
241,693
241,694
241,695
241,696
241,697
241,698
241,699
241,700
241,701
241,702
241,703
241,704
241,705
241,706
241,707
241,708
241,709
241,710
241,711
241,712
241,713
241,714
241,715
241,716
241,717
241,718
241,719
241,720
241,721
241,722
241,723
241,724
241,725
241,726
241,727
241,728
241,729
241,730
241,965
241,984
241,985
241,986
241,987
241,988
241,989
241,990
241,991
241,994
241,995
241,1000
241,1001
241,1002
241,1003
241,1006
242,37
242,38
242,39
242,40
242,41
242,42
242,43
242,234
242,235
242,236
242,237
242,238
242,239
242,240
242,241
242,243
242,244
242,245
242,246
242,247
242,248
242,249
242,250
242,696
242,697
242,698
242,699
242,700
242,701
242,702
242,703
242,704
242,705
242,706
242,707
242,708
242,709
242,710
242,711
242,712
242,713
242,714
242,715
242,716
242,717
242,718
242,719
242,720
242,721
242,722
242,723
242,724
242,725
242,726
242,727
242,728
242,729
242,730
242,731
242,732
242,733
242,734
242,735
242,740
242,741
242,742
242,985
242,988
242,989
242,990
242,991
242,1002
242,1003
243,37
243,38
243,39
243,40
243,41
243,42
243,232
243,233
243,234
243,235
243,236
243,237
243,238
243,239
243,240
243,241
243,242
243,244
243,245
243,246
243,247
243,248
243,249
243,250
243,689
243,690
243,691
243,693
243,694
243,695
243,696
243,697
243,698
243,699
243,700
243,701
243,702
243,703
243,704
243,705
243,706
243,707
243,708
243,709
243,710
243,711
243,712
243,713
243,714
243,715
243,716
243,717
243,718
243,719
243,720
243,722
243,723
243,724
243,725
243,726
243,727
243,728
243,729
243,730
243,731
243,964
243,965
243,967
243,978
243,984
243,985
243,986
243,987
243,988
243,989
243,990
243,991
243,992
243,993
243,994
243,995
243,996
243,997
243,998
243,999
243,1000
243,1001
243,1002
243,1003
243,1004
243,1005
243,1006
243,1007
244,37
244,38
244,39
244,40
244,41
244,42
244,232
244,233
244,234
244,235
244,236
244,237
244,238
244,239
244,240
244,241
244,242
244,243
244,245
244,246
244,247
244,248
244,249
244,250
244,689
244,691
244,693
244,694
244,695
244,696
244,697
244,698
244,699
244,700
244,701
244,702
244,703
244,704
244,705
244,706
244,707
244,708
244,709
244,710
244,711
244,712
244,713
244,714
244,715
244,716
244,717
244,718
244,719
244,720
244,722
244,723
244,724
244,725
244,726
244,727
244,728
244,729
244,730
244,731
244,964
244,965
244,966
244,967
244,978
244,979
244,984
244,985
244,986
244,987
244,988
244,989
244,990
244,991
244,992
244,993
244,994
244,995
244,996
244,997
244,998
244,999
244,1000
244,1001
244,1002
244,1003
244,1004
244,1005
244,1006
244,1007
245,37
245,38
245,39
245,40
245,41
245,42
245,43
245,234
245,235
245,236
245,237
245,238
245,239
245,240
245,241
245,242
245,243
245,244
245,246
245,247
245,248
245,249
245,250
245,697
245,698
245,699
245,701
245,702
245,703
245,704
245,705
245,706
245,707
245,708
245,709
245,710
245,711
245,712
245,713
245,714
245,715
245,716
245,717
245,718
245,719
245,720
245,721
245,722
245,723
245,724
245,725
245,726
245,727
245,728
245,729
245,730
245,731
245,732
245,734
245,735
245,740
245,741
245,742
245,743
245,984
245,985
245,987
245,988
245,989
245,990
245,991
245,994
245,995
245,1000
245,1001
245,1002
245,1003
245,1004
245,1005
245,1006
245,1007
246,37
246,38
246,39
246,40
246,41
246,42
246,43
246,234
246,235
246,236
246,237
246,238
246,239
246,240
246,241
246,242
246,243
246,244
246,245
246,247
246,248
246,249
246,250
246,697
246,698
246,699
246,701
246,702
246,703
246,704
246,705
246,706
246,707
246,708
246,709
246,710
246,711
246,712
246,713
246,714
246,715
246,716
246,717
246,718
246,719
246,720
246,721
246,722
246,723
246,724
246,725
246,726
246,727
246,728
246,729
246,730
246,731
246,732
246,734
246,735
246,740
246,741
246,742
246,743
246,984
246,985
246,987
246,988
246,989
246,990
246,991
246,994
246,995
246,1000
246,1001
246,1002
246,1003
246,1004
246,1005
246,1006
246,1007
247,38
247,39
247,40
247,41
247,42
247,43
247,236
247,237
247,238
247,239
247,240
247,241
247,242
247,243
247,244
247,245
247,246
247,248
247,249
247,250
247,704
247,705
247,706
247,707
247,708
247,709
247,710
247,711
247,712
247,713
247,714
247,715
247,716
247,717
247,718
247,719
247,720
247,721
247,722
247,723
247,724
247,725
247,726
247,727
247,728
247,729
247,730
247,731
247,732
247,733
247,734
247,735
247,736
247,737
247,738
247,739
247,740
247,741
247,742
247,743
247,744
247,745
247,746
247,989
248,38
248,39
248,40
248,41
248,42
248,43
248,236
248,239
248,240
248,241
248,242
248,243
248,244
248,245
248,246
248,247
248,249
248,250
248,708
248,709
248,710
248,711
248,712
248,713
248,714
248,715
248,716
248,717
248,718
248,719
248,720
248,721
248,722
248,723
248,724
248,725
248,726
248,727
248,728
248,729
248,730
248,731
248,732
248,733
248,734
248,735
248,736
248,737
248,738
248,739
248,740
248,741
248,742
248,743
248,744
248,745
248,746
248,747
248,748
248,749
248,750
248,751
248,754
248,755
248,756
249,37
249,38
249,39
249,40
249,41
249,42
249,43
249,236
249,237
249,238
249,239
249,240
249,241
249,242
249,243
249,244
249,245
249,246
249,247
249,248
249,250
249,705
249,706
249,707
249,708
249,709
249,710
249,711
249,712
249,713
249,714
249,715
249,716
249,717
249,718
249,719
249,720
249,721
249,722
249,723
249,724
249,725
249,726
249,727
249,728
249,729
249,730
249,731
249,732
249,733
249,734
249,735
249,736
249,738
249,739
249,740
249,741
249,742
249,743
249,744
249,745
249,746
249,747
249,988
249,989
249,991
249,1002
249,1003
250,38
250,39
250,40
250,41
250,42
250,43
250,236
250,239
250,240
250,241
250,242
250,243
250,244
250,245
250,246
250,247
250,248
250,249
250,709
250,710
250,711
250,712
250,713
250,714
250,715
250,716
250,717
250,718
250,719
250,720
250,721
250,722
250,723
250,724
250,725
250,726
250,727
250,728
250,729
250,730
250,731
250,732
250,733
250,734
250,735
250,736
250,737
250,738
250,739
250,740
250,741
250,742
250,743
250,744
250,745
250,746
250,747
250,748
250,750
250,751
250,754
250,755
250,756
250,757
251,2
251,3
251,17
251,18
251,25
251,27
251,29
251,30
251,31
251,44
251,83
251,84
251,85
251,86
251,87
251,88
251,89
251,134
251,135
251,136
251,137
251,138
251,139
251,140
251,141
251,142
251,143
251,144
251,145
251,146
251,147
251,148
251,149
251,150
251,151
251,152
251,159
251,163
251,252
251,352
251,353
251,354
251,357
251,358
251,359
251,360
251,364
251,365
251,366
251,367
251,368
251,369
251,370
251,371
251,372
251,373
251,374
251,406
251,407
251,408
251,409
251,410
251,411
251,414
251,530
251,531
251,532
251,533
251,534
251,535
251,579
251,580
251,581
251,582
251,583
251,584
251,585
251,586
251,587
251,588
251,589
251,590
251,591
251,592
251,593
251,594
251,595
251,596
251,597
251,598
251,599
251,600
251,601
251,602
251,603
251,604
251,605
251,606
251,607
251,608
251,609
251,610
251,611
251,612
251,613
251,614
251,615
251,616
251,617
251,618
251,619
251,620
251,621
251,622
251,623
251,624
251,625
251,899
251,904
251,905
251,906
251,907
251,908
251,909
251,910
251,911
251,912
251,913
251,914
251,915
251,916
251,917
251,918
251,919
251,920
251,921
251,922
251,923
251,924
251,925
251,926
251,927
251,928
251,929
251,930
251,931
251,932
251,1008
251,1009
251,1010
251,1011
251,1012
251,1013
251,1014
251,1015
251,1016
251,1017
251,1018
251,1019
251,1020
251,1021
251,1022
251,1023
251,1024
251,1025
252,2
252,3
252,18
252,25
252,27
252,29
252,30
252,31
252,44
252,45
252,84
252,86
252,87
252,88
252,89
252,135
252,137
252,138
252,139
252,140
252,141
252,142
252,143
252,144
252,145
252,146
252,147
252,148
252,149
252,150
252,151
252,152
252,153
252,158
252,159
252,161
252,162
252,163
252,165
252,251
252,354
252,358
252,359
252,360
252,365
252,366
252,367
252,368
252,369
252,370
252,371
252,372
252,373
252,374
252,375
252,376
252,406
252,407
252,408
252,409
252,410
252,411
252,414
252,415
252,416
252,418
252,419
252,530
252,531
252,532
252,533
252,534
252,535
252,583
252,584
252,585
252,586
252,587
252,588
252,589
252,590
252,591
252,592
252,593
252,594
252,595
252,596
252,597
252,598
252,599
252,600
252,601
252,602
252,603
252,604
252,605
252,606
252,607
252,608
252,609
252,610
252,611
252,612
252,613
252,614
252,615
252,616
252,617
252,618
252,619
252,620
252,621
252,622
252,623
252,624
252,625
252,904
252,905
252,906
252,907
252,908
252,909
252,910
252,913
252,914
252,919
252,920
252,921
252,922
252,923
252,924
252,925
252,926
252,927
252,928
252,929
252,930
252,931
252,932
252,1008
252,1009
252,1010
252,1011
252,1012
252,1013
252,1014
252,1015
252,1016
252,1017
252,1018
252,1019
252,1020
252,1021
252,1022
252,1023
252,1024
252,1025
252,1026
252,1027
252,1028
252,1029
252,1030
252,1031
253,5
253,6
253,7
253,8
253,9
253,10
253,254
253,255
253,256
253,257
253,258
253,259
253,260
253,261
253,262
253,263
253,264
253,267
253,766
253,767
253,768
253,769
253,772
253,773
253,775
253,776
253,777
253,778
253,779
253,780
253,781
253,782
253,783
253,784
253,785
253,786
253,787
253,788
253,789
253,790
253,791
253,792
253,793
253,794
253,795
253,796
253,797
253,798
253,799
253,800
253,801
253,802
253,803
253,804
253,805
253,806
253,807
253,808
253,809
253,810
253,811
253,812
253,813
253,814
254,5
254,6
254,7
254,8
254,9
254,10
254,11
254,253
254,255
254,256
254,257
254,258
254,259
254,260
254,261
254,262
254,263
254,264
254,265
254,266
254,267
254,459
254,460
254,471
254,473
254,474
254,776
254,777
254,778
254,779
254,780
254,781
254,782
254,783
254,784
254,785
254,787
254,788
254,789
254,790
254,791
254,792
254,793
254,794
254,795
254,796
254,797
254,798
254,799
254,800
254,801
254,802
254,803
254,804
254,805
254,806
254,807
254,808
254,809
254,810
254,811
254,812
254,813
254,814
254,815
254,816
254,817
254,818
255,5
255,6
255,7
255,8
255,9
255,10
255,253
255,254
255,256
255,257
255,258
255,259
255,260
255,261
255,262
255,263
255,264
255,267
255,767
255,768
255,769
255,772
255,773
255,774
255,775
255,776
255,777
255,778
255,779
255,780
255,781
255,782
255,783
255,784
255,785
255,786
255,787
255,788
255,789
255,790
255,791
255,792
255,793
255,794
255,795
255,796
255,797
255,798
255,799
255,800
255,801
255,802
255,803
255,804
255,805
255,806
255,807
255,808
255,809
255,810
255,811
255,812
255,813
255,814
255,815
256,5
256,6
256,7
256,8
256,9
256,10
256,253
256,254
256,255
256,257
256,258
256,259
256,260
256,261
256,262
256,263
256,264
256,265
256,266
256,267
256,473
256,777
256,778
256,779
256,780
256,781
256,782
256,783
256,784
256,785
256,786
256,787
256,788
256,789
256,790
256,791
256,792
256,793
256,794
256,795
256,796
256,797
256,798
256,799
256,800
256,801
256,802
256,803
256,804
256,805
256,806
256,807
256,808
256,809
256,810
256,811
256,812
256,813
256,814
256,815
256,816
256,817
256,818
256,819
257,5
257,6
257,7
257,8
257,9
257,10
257,11
257,253
257,254
257,255
257,256
257,258
257,259
257,260
257,261
257,262
257,263
257,264
257,265
257,266
257,267
257,268
257,269
257,455
257,456
257,457
257,458
257,459
257,460
257,461
257,462
257,467
257,468
257,471
257,472
257,473
257,474
257,475
257,477
257,478
257,780
257,781
257,782
257,783
257,788
257,789
257,791
257,792
257,793
257,794
257,795
257,796
257,797
257,798
257,799
257,800
257,801
257,802
257,803
257,804
257,805
257,806
257,807
257,808
257,809
257,810
257,811
257,812
257,813
257,814
257,815
257,816
257,817
257,818
257,819
257,820
257,821
257,822
257,824
257,825
257,826
258,5
258,6
258,7
258,8
258,9
258,10
258,11
258,253
258,254
258,255
258,256
258,257
258,259
258,260
258,261
258,262
258,263
258,264
258,265
258,266
258,267
258,268
258,269
258,455
258,456
258,457
258,458
258,459
258,460
258,461
258,462
258,467
258,468
258,471
258,472
258,473
258,474
258,475
258,477
258,478
258,780
258,781
258,782
258,783
258,788
258,789
258,791
258,792
258,793
258,794
258,795
258,796
258,797
258,798
258,799
258,800
258,801
258,802
258,803
258,804
258,805
258,806
258,807
258,808
258,809
258,810
258,811
258,812
258,813
258,814
258,815
258,816
258,817
258,818
258,819
258,820
258,821
258,822
258,824
258,825
258,826
259,6
259,7
259,8
259,9
259,10
259,11
259,253
259,254
259,255
259,256
259,257
259,258
259,260
259,261
259,262
259,263
259,264
259,265
259,266
259,267
259,268
259,269
259,270
259,271
259,455
259,456
259,457
259,458
259,459
259,460
259,461
259,462
259,463
259,464
259,465
259,466
259,467
259,468
259,469
259,470
259,471
259,472
259,473
259,474
259,475
259,476
259,477
259,478
259,483
259,495
259,497
259,498
259,792
259,793
259,794
259,795
259,796
259,797
259,798
259,799
259,800
259,801
259,803
259,804
259,805
259,806
259,807
259,808
259,809
259,810
259,811
259,812
259,813
259,814
259,815
259,816
259,817
259,818
259,819
259,820
259,821
259,822
259,823
259,824
259,825
259,826
259,827
259,828
259,829
259,830
259,832
259,833
259,834
260,6
260,7
260,8
260,9
260,10
260,11
260,253
260,254
260,255
260,256
260,257
260,258
260,259
260,261
260,262
260,263
260,264
260,265
260,266
260,267
260,268
260,269
260,270
260,271
260,455
260,456
260,457
260,458
260,459
260,460
260,461
260,462
260,463
260,464
260,465
260,466
260,467
260,468
260,469
260,470
260,471
260,472
260,473
260,474
260,475
260,476
260,477
260,478
260,483
260,484
260,495
260,496
260,497
260,498
260,792
260,793
260,794
260,795
260,796
260,797
260,798
260,799
260,800
260,801
260,803
260,804
260,805
260,806
260,807
260,808
260,809
260,810
260,811
260,812
260,813
260,814
260,815
260,816
260,817
260,818
260,819
260,820
260,821
260,822
260,823
260,824
260,825
260,826
260,827
260,828
260,830
260,832
260,833
260,834
261,5
261,6
261,7
261,8
261,9
261,10
261,11
261,253
261,254
261,255
261,256
261,257
261,258
261,259
261,260
261,262
261,263
261,264
261,265
261,266
261,267
261,268
261,269
261,459
261,460
261,471
261,472
261,473
261,474
261,477
261,781
261,782
261,783
261,788
261,789
261,790
261,791
261,792
261,793
261,794
261,795
261,796
261,797
261,798
261,799
261,800
261,801
261,802
261,803
261,804
261,805
261,806
261,807
261,808
261,809
261,810
261,811
261,812
261,813
261,814
261,815
261,816
261,817
261,818
261,819
261,820
261,821
261,822
261,823
261,824
261,825
261,826
261,827
262,6
262,7
262,8
262,9
262,10
262,11
262,28
262,253
262,254
262,255
262,256
262,257
262,258
262,259
262,260
262,261
262,263
262,264
262,265
262,266
262,267
262,268
262,269
262,270
262,271
262,455
262,459
262,460
262,461
262,462
262,467
262,468
262,471
262,472
262,473
262,474
262,475
262,476
262,477
262,478
262,497
262,793
262,794
262,795
262,796
262,797
262,798
262,799
262,800
262,801
262,802
262,803
262,804
262,805
262,806
262,807
262,808
262,809
262,810
262,811
262,812
262,813
262,814
262,815
262,816
262,817
262,818
262,819
262,820
262,821
262,822
262,823
262,824
262,825
262,826
262,827
262,828
262,829
262,830
262,831
262,832
262,833
262,834
262,835
263,6
263,7
263,8
263,9
263,10
263,11
263,12
263,28
263,52
263,253
263,254
263,255
263,256
263,257
263,258
263,259
263,260
263,261
263,262
263,264
263,265
263,266
263,267
263,268
263,269
263,270
263,271
263,272
263,273
263,455
263,456
263,457
263,458
263,459
263,460
263,461
263,462
263,463
263,464
263,465
263,466
263,467
263,468
263,469
263,470
263,471
263,472
263,473
263,474
263,475
263,476
263,477
263,478
263,479
263,480
263,481
263,482
263,483
263,484
263,485
263,486
263,491
263,492
263,495
263,496
263,497
263,498
263,499
263,500
263,501
263,502
263,503
263,796
263,797
263,798
263,799
263,804
263,805
263,807
263,808
263,809
263,810
263,811
263,812
263,813
263,814
263,815
263,816
263,817
263,818
263,819
263,820
263,821
263,822
263,823
263,824
263,825
263,826
263,827
263,828
263,829
263,830
263,831
263,832
263,833
263,834
263,835
263,836
263,837
263,838
263,839
263,840
263,841
263,842
263,843
264,6
264,7
264,8
264,9
264,10
264,11
264,12
264,19
264,28
264,52
264,253
264,254
264,255
264,256
264,257
264,258
264,259
264,260
264,261
264,262
264,263
264,265
264,266
264,267
264,268
264,269
264,270
264,271
264,272
264,273
264,455
264,456
264,457
264,458
264,459
264,460
264,461
264,462
264,463
264,464
264,465
264,466
264,467
264,468
264,469
264,470
264,471
264,472
264,473
264,474
264,475
264,476
264,477
264,478
264,479
264,480
264,481
264,482
264,483
264,484
264,485
264,486
264,491
264,492
264,495
264,496
264,497
264,498
264,499
264,500
264,501
264,502
264,503
264,796
264,797
264,798
264,799
264,804
264,805
264,807
264,808
264,809
264,810
264,811
264,812
264,813
264,814
264,815
264,816
264,817
264,818
264,819
264,820
264,821
264,822
264,823
264,824
264,825
264,826
264,827
264,828
264,829
264,830
264,831
264,832
264,833
264,834
264,835
264,836
264,838
264,839
264,840
264,841
264,842
264,843
265,7
265,8
265,9
265,10
265,11
265,12
265,19
265,28
265,52
265,53
265,254
265,256
265,257
265,258
265,259
265,260
265,261
265,262
265,263
265,264
265,266
265,267
265,268
265,269
265,270
265,271
265,272
265,273
265,274
265,275
265,276
265,455
265,456
265,457
265,458
265,459
265,460
265,461
265,462
265,463
265,464
265,465
265,466
265,467
265,468
265,469
265,470
265,471
265,472
265,473
265,474
265,475
265,476
265,477
265,478
265,479
265,480
265,481
265,482
265,483
265,484
265,485
265,486
265,487
265,488
265,489
265,490
265,491
265,492
265,493
265,494
265,495
265,496
265,497
265,498
265,499
265,500
265,501
265,502
265,503
265,512
265,513
265,808
265,809
265,811
265,812
265,813
265,814
265,815
265,816
265,817
265,818
265,819
265,820
265,821
265,822
265,823
265,824
265,825
265,826
265,827
265,828
265,829
265,830
265,831
265,832
265,833
265,834
265,835
265,836
265,837
265,838
265,839
265,840
265,841
265,842
265,843
265,844
265,846
265,848
265,849
265,850
266,7
266,8
266,9
266,10
266,11
266,12
266,19
266,28
266,52
266,53
266,254
266,256
266,257
266,258
266,259
266,260
266,261
266,262
266,263
266,264
266,265
266,267
266,268
266,269
266,270
266,271
266,272
266,273
266,274
266,275
266,276
266,455
266,456
266,457
266,458
266,459
266,460
266,461
266,462
266,463
266,464
266,465
266,466
266,467
266,468
266,469
266,470
266,471
266,472
266,473
266,474
266,475
266,476
266,477
266,478
266,479
266,480
266,481
266,482
266,483
266,484
266,485
266,486
266,487
266,488
266,489
266,490
266,491
266,492
266,493
266,494
266,495
266,496
266,497
266,498
266,499
266,500
266,501
266,502
266,503
266,512
266,513
266,808
266,809
266,810
266,811
266,812
266,813
266,814
266,815
266,816
266,817
266,818
266,819
266,820
266,821
266,822
266,823
266,824
266,825
266,826
266,827
266,828
266,829
266,830
266,831
266,832
266,833
266,834
266,835
266,836
266,837
266,838
266,839
266,840
266,841
266,842
266,843
266,844
266,846
266,848
266,849
266,850
266,851
267,7
267,8
267,9
267,10
267,11
267,12
267,28
267,253
267,254
267,255
267,256
267,257
267,258
267,259
267,260
267,261
267,262
267,263
267,264
267,265
267,266
267,268
267,269
267,270
267,271
267,272
267,273
267,455
267,457
267,459
267,460
267,461
267,462
267,467
267,468
267,469
267,470
267,471
267,472
267,473
267,474
267,475
267,476
267,477
267,478
267,483
267,495
267,496
267,497
267,498
267,502
267,797
267,798
267,799
267,804
267,805
267,806
267,807
267,808
267,809
267,810
267,811
267,812
267,813
267,814
267,815
267,816
267,817
267,818
267,819
267,820
267,821
267,822
267,823
267,824
267,825
267,826
267,827
267,828
267,829
267,830
267,831
267,832
267,833
267,834
267,835
267,836
267,837
267,838
267,839
267,840
267,841
267,842
267,843
268,7
268,8
268,9
268,10
268,11
268,12
268,19
268,20
268,28
268,52
268,53
268,55
268,257
268,258
268,259
268,260
268,261
268,262
268,263
268,264
268,265
268,266
268,267
268,269
268,270
268,271
268,272
268,273
268,274
268,275
268,276
268,277
268,278
268,281
268,282
268,285
268,286
268,455
268,456
268,457
268,458
268,459
268,460
268,461
268,462
268,463
268,464
268,465
268,466
268,467
268,468
268,469
268,470
268,471
268,472
268,473
268,474
268,475
268,476
268,477
268,478
268,479
268,480
268,481
268,482
268,483
268,484
268,485
268,486
268,487
268,488
268,489
268,490
268,491
268,492
268,493
268,494
268,495
268,496
268,497
268,498
268,499
268,500
268,501
268,502
268,503
268,508
268,509
268,510
268,511
268,512
268,513
268,514
268,515
268,519
268,520
268,813
268,815
268,816
268,817
268,818
268,819
268,820
268,821
268,822
268,823
268,824
268,825
268,826
268,827
268,828
268,829
268,830
268,831
268,832
268,833
268,834
268,835
268,836
268,837
268,838
268,839
268,840
268,841
268,842
268,843
268,844
268,845
268,846
268,847
268,848
268,849
268,850
268,851
268,852
268,853
268,854
269,1
269,7
269,8
269,9
269,10
269,11
269,12
269,19
269,20
269,28
269,52
269,53
269,55
269,257
269,258
269,259
269,260
269,261
269,262
269,263
269,264
269,265
269,266
269,267
269,268
269,270
269,271
269,272
269,273
269,274
269,275
269,276
269,277
269,278
269,281
269,282
269,285
269,286
269,455
269,456
269,457
269,458
269,459
269,460
269,461
269,462
269,463
269,464
269,465
269,466
269,467
269,468
269,469
269,470
269,471
269,472
269,473
269,474
269,475
269,476
269,477
269,478
269,479
269,480
269,481
269,482
269,483
269,484
269,485
269,486
269,487
269,488
269,489
269,490
269,491
269,492
269,493
269,494
269,495
269,496
269,497
269,498
269,499
269,500
269,501
269,502
269,503
269,508
269,509
269,510
269,511
269,512
269,513
269,514
269,515
269,516
269,519
269,520
269,812
269,813
269,815
269,816
269,817
269,818
269,819
269,820
269,821
269,822
269,823
269,824
269,825
269,826
269,827
269,828
269,829
269,830
269,831
269,832
269,833
269,834
269,835
269,836
269,837
269,838
269,839
269,840
269,841
269,842
269,843
269,844
269,845
269,846
269,847
269,848
269,849
269,850
269,851
269,852
269,853
269,854
270,1
270,7
270,9
270,10
270,11
270,12
270,19
270,20
270,28
270,52
270,53
270,55
270,56
270,259
270,260
270,262
270,263
270,264
270,265
270,266
270,267
270,268
270,269
270,271
270,272
270,273
270,274
270,275
270,276
270,277
270,278
270,279
270,280
270,281
270,282
270,283
270,284
270,285
270,286
270,287
270,288
270,461
270,463
270,464
270,465
270,466
270,467
270,468
270,469
270,470
270,472
270,474
270,475
270,476
270,477
270,478
270,479
270,480
270,481
270,482
270,483
270,484
270,485
270,486
270,487
270,488
270,489
270,490
270,491
270,492
270,493
270,494
270,495
270,496
270,497
270,498
270,499
270,500
270,501
270,502
270,503
270,508
270,509
270,510
270,511
270,512
270,513
270,514
270,515
270,516
270,517
270,518
270,519
270,520
270,521
270,522
270,526
270,527
270,817
270,819
270,820
270,821
270,822
270,823
270,824
270,825
270,826
270,827
270,828
270,829
270,830
270,831
270,832
270,833
270,834
270,835
270,836
270,837
270,838
270,839
270,840
270,841
270,842
270,843
270,844
270,845
270,846
270,847
270,848
270,849
270,850
270,851
270,852
270,853
270,854
270,855
271,1
271,7
271,9
271,10
271,11
271,12
271,19
271,20
271,28
271,52
271,53
271,54
271,55
271,56
271,259
271,260
271,262
271,263
271,264
271,265
271,266
271,267
271,268
271,269
271,270
271,272
271,273
271,274
271,275
271,276
271,277
271,278
271,279
271,280
271,281
271,282
271,283
271,284
271,285
271,286
271,287
271,288
271,458
271,461
271,462
271,463
271,464
271,465
271,466
271,467
271,468
271,469
271,470
271,471
271,472
271,473
271,474
271,475
271,476
271,477
271,478
271,479
271,480
271,481
271,482
271,483
271,484
271,485
271,486
271,487
271,488
271,489
271,490
271,491
271,492
271,493
271,494
271,495
271,496
271,497
271,498
271,499
271,500
271,501
271,502
271,503
271,508
271,509
271,510
271,511
271,512
271,513
271,514
271,515
271,516
271,517
271,518
271,519
271,520
271,521
271,522
271,523
271,526
271,527
271,816
271,817
271,819
271,820
271,821
271,822
271,823
271,824
271,825
271,826
271,827
271,828
271,829
271,830
271,831
271,832
271,833
271,834
271,835
271,836
271,837
271,838
271,839
271,840
271,841
271,842
271,843
271,844
271,845
271,846
271,847
271,848
271,849
271,850
271,851
271,852
271,853
271,854
271,855
272,1
272,9
272,10
272,11
272,12
272,19
272,20
272,21
272,28
272,51
272,52
272,53
272,54
272,55
272,56
272,61
272,263
272,264
272,265
272,266
272,267
272,268
272,269
272,270
272,271
272,273
272,274
272,275
272,276
272,277
272,278
272,279
272,280
272,281
272,282
272,283
272,284
272,285
272,286
272,287
272,288
272,289
272,290
272,293
272,294
272,306
272,469
272,476
272,477
272,478
272,479
272,481
272,482
272,483
272,484
272,485
272,486
272,487
272,488
272,489
272,490
272,491
272,492
272,493
272,494
272,495
272,496
272,497
272,498
272,499
272,500
272,501
272,502
272,503
272,506
272,508
272,509
272,510
272,511
272,512
272,513
272,514
272,515
272,516
272,517
272,518
272,519
272,520
272,521
272,522
272,523
272,524
272,525
272,526
272,527
272,528
272,529
272,820
272,821
272,823
272,825
272,827
272,828
272,829
272,830
272,831
272,832
272,833
272,834
272,835
272,836
272,837
272,838
272,839
272,840
272,841
272,842
272,843
272,844
272,845
272,846
272,847
272,848
272,849
272,850
272,851
272,852
272,853
272,854
272,855
273,1
273,9
273,10
273,11
273,12
273,19
273,20
273,21
273,28
273,51
273,52
273,53
273,54
273,55
273,56
273,59
273,61
273,263
273,264
273,265
273,266
273,267
273,268
273,269
273,270
273,271
273,272
273,274
273,275
273,276
273,277
273,278
273,279
273,280
273,281
273,282
273,283
273,284
273,285
273,286
273,287
273,288
273,289
273,290
273,293
273,294
273,305
273,306
273,465
273,466
273,469
273,470
273,475
273,476
273,477
273,478
273,479
273,480
273,481
273,482
273,483
273,484
273,485
273,486
273,487
273,488
273,489
273,490
273,491
273,492
273,493
273,494
273,495
273,496
273,497
273,498
273,499
273,500
273,501
273,502
273,503
273,506
273,507
273,508
273,509
273,510
273,511
273,512
273,513
273,514
273,515
273,516
273,517
273,518
273,519
273,520
273,521
273,522
273,523
273,524
273,525
273,526
273,527
273,528
273,529
273,820
273,821
273,822
273,823
273,824
273,825
273,826
273,827
273,828
273,829
273,830
273,831
273,832
273,833
273,834
273,835
273,836
273,837
273,838
273,839
273,840
273,841
273,842
273,843
273,844
273,845
273,846
273,847
273,848
273,849
273,850
273,851
273,852
273,853
273,854
273,855
274,1
274,10
274,11
274,12
274,13
274,19
274,20
274,21
274,28
274,51
274,52
274,53
274,54
274,55
274,56
274,57
274,59
274,61
274,62
274,265
274,266
274,268
274,269
274,270
274,271
274,272
274,273
274,275
274,276
274,277
274,278
274,279
274,280
274,281
274,282
274,283
274,284
274,285
274,286
274,287
274,288
274,289
274,290
274,291
274,292
274,293
274,294
274,295
274,296
274,305
274,306
274,308
274,485
274,486
274,487
274,488
274,489
274,490
274,491
274,492
274,493
274,494
274,496
274,498
274,499
274,500
274,501
274,502
274,503
274,506
274,507
274,508
274,509
274,510
274,511
274,512
274,513
274,514
274,515
274,516
274,517
274,518
274,519
274,520
274,521
274,522
274,523
274,524
274,525
274,526
274,527
274,528
274,529
274,828
274,829
274,831
274,833
274,835
274,836
274,837
274,838
274,839
274,840
274,841
274,842
274,843
274,844
274,845
274,846
274,847
274,848
274,849
274,850
274,851
274,852
274,853
274,854
274,855
275,1
275,10
275,11
275,12
275,13
275,19
275,20
275,21
275,28
275,51
275,52
275,53
275,54
275,55
275,56
275,57
275,59
275,60
275,61
275,62
275,265
275,266
275,268
275,269
275,270
275,271
275,272
275,273
275,274
275,276
275,277
275,278
275,279
275,280
275,281
275,282
275,283
275,284
275,285
275,286
275,287
275,288
275,289
275,290
275,291
275,292
275,293
275,294
275,295
275,296
275,305
275,306
275,308
275,481
275,485
275,486
275,487
275,488
275,489
275,490
275,491
275,492
275,493
275,494
275,495
275,496
275,497
275,498
275,499
275,500
275,501
275,502
275,503
275,504
275,505
275,506
275,507
275,508
275,509
275,510
275,511
275,512
275,513
275,514
275,515
275,516
275,517
275,518
275,519
275,520
275,521
275,522
275,523
275,524
275,525
275,526
275,527
275,528
275,529
275,828
275,829
275,831
275,832
275,833
275,834
275,835
275,836
275,837
275,838
275,839
275,840
275,841
275,842
275,843
275,844
275,845
275,846
275,847
275,848
275,849
275,850
275,851
275,852
275,853
275,854
275,855
276,1
276,10
276,11
276,12
276,19
276,20
276,21
276,28
276,51
276,52
276,53
276,54
276,55
276,56
276,59
276,61
276,62
276,265
276,266
276,268
276,269
276,270
276,271
276,272
276,273
276,274
276,275
276,277
276,278
276,279
276,280
276,281
276,282
276,283
276,284
276,285
276,286
276,287
276,288
276,289
276,290
276,291
276,292
276,293
276,294
276,295
276,296
276,305
276,306
276,307
276,308
276,491
276,492
276,493
276,494
276,496
276,498
276,499
276,500
276,501
276,502
276,503
276,508
276,509
276,510
276,511
276,512
276,513
276,514
276,515
276,516
276,517
276,518
276,519
276,520
276,521
276,522
276,523
276,524
276,525
276,526
276,527
276,528
276,529
276,828
276,829
276,830
276,831
276,832
276,833
276,834
276,835
276,836
276,837
276,838
276,839
276,840
276,841
276,842
276,843
276,844
276,845
276,846
276,847
276,848
276,849
276,850
276,851
276,852
276,853
276,854
276,855
277,1
277,11
277,12
277,13
277,19
277,20
277,21
277,28
277,51
277,52
277,53
277,54
277,55
277,56
277,57
277,58
277,59
277,60
277,61
277,62
277,63
277,65
277,268
277,269
277,270
277,271
277,272
277,273
277,274
277,275
277,276
277,278
277,279
277,280
277,281
277,282
277,283
277,284
277,285
277,286
277,287
277,288
277,289
277,290
277,291
277,292
277,293
277,294
277,295
277,296
277,297
277,298
277,301
277,302
277,305
277,306
277,307
277,308
277,309
277,493
277,494
277,501
277,502
277,503
277,504
277,505
277,506
277,507
277,508
277,509
277,510
277,511
277,512
277,513
277,514
277,515
277,516
277,517
277,518
277,519
277,520
277,521
277,522
277,523
277,524
277,525
277,526
277,527
277,528
277,529
277,836
277,837
277,838
277,839
277,840
277,841
277,842
277,843
277,844
277,845
277,846
277,847
277,848
277,849
277,850
277,851
277,852
277,853
277,854
277,855
278,1
278,11
278,12
278,13
278,19
278,20
278,21
278,22
278,28
278,51
278,52
278,53
278,54
278,55
278,56
278,57
278,58
278,59
278,60
278,61
278,62
278,63
278,65
278,268
278,269
278,270
278,271
278,272
278,273
278,274
278,275
278,276
278,277
278,279
278,280
278,281
278,282
278,283
278,284
278,285
278,286
278,287
278,288
278,289
278,290
278,291
278,292
278,293
278,294
278,295
278,296
278,297
278,298
278,301
278,302
278,305
278,306
278,307
278,308
278,309
278,489
278,490
278,493
278,494
278,499
278,500
278,501
278,502
278,503
278,504
278,505
278,506
278,507
278,508
278,509
278,510
278,511
278,512
278,513
278,514
278,515
278,516
278,517
278,518
278,519
278,520
278,521
278,522
278,523
278,524
278,525
278,526
278,527
278,528
278,529
278,836
278,837
278,838
278,839
278,840
278,841
278,842
278,843
278,844
278,845
278,846
278,847
278,848
278,849
278,850
278,851
278,852
278,853
278,854
278,855
279,1
279,11
279,12
279,13
279,14
279,19
279,20
279,21
279,22
279,28
279,51
279,52
279,53
279,54
279,55
279,56
279,57
279,58
279,59
279,60
279,61
279,62
279,63
279,64
279,65
279,66
279,270
279,271
279,272
279,273
279,274
279,275
279,276
279,277
279,278
279,280
279,281
279,282
279,283
279,284
279,285
279,286
279,287
279,288
279,289
279,290
279,291
279,292
279,293
279,294
279,295
279,296
279,297
279,298
279,299
279,300
279,301
279,302
279,303
279,304
279,305
279,306
279,307
279,308
279,309
279,310
279,505
279,506
279,507
279,514
279,516
279,517
279,518
279,519
279,520
279,521
279,522
279,523
279,524
279,525
279,526
279,527
279,528
279,529
279,845
279,846
279,847
279,848
279,849
279,851
279,852
279,853
279,854
279,855
279,856
280,1
280,3
280,11
280,12
280,13
280,14
280,19
280,20
280,21
280,22
280,28
280,51
280,52
280,53
280,54
280,55
280,56
280,57
280,58
280,59
280,60
280,61
280,62
280,63
280,64
280,65
280,66
280,98
280,270
280,271
280,272
280,273
280,274
280,275
280,276
280,277
280,278
280,279
280,281
280,282
280,283
280,284
280,285
280,286
280,287
280,288
280,289
280,290
280,291
280,292
280,293
280,294
280,295
280,296
280,297
280,298
280,299
280,300
280,301
280,302
280,303
280,304
280,305
280,306
280,307
280,308
280,309
280,310
280,504
280,505
280,506
280,507
280,510
280,511
280,512
280,513
280,514
280,515
280,516
280,517
280,518
280,519
280,520
280,521
280,522
280,523
280,524
280,525
280,526
280,527
280,528
280,529
280,844
280,845
280,846
280,847
280,848
280,849
280,850
280,851
280,852
280,853
280,854
280,855
280,856
280,857
281,1
281,11
281,12
281,13
281,19
281,20
281,21
281,28
281,51
281,52
281,53
281,54
281,55
281,56
281,59
281,60
281,61
281,62
281,65
281,268
281,269
281,270
281,271
281,272
281,273
281,274
281,275
281,276
281,277
281,278
281,279
281,280
281,282
281,283
281,284
281,285
281,286
281,287
281,288
281,289
281,290
281,291
281,292
281,293
281,294
281,295
281,296
281,297
281,298
281,301
281,302
281,305
281,306
281,307
281,308
281,309
281,503
281,514
281,515
281,516
281,518
281,519
281,520
281,521
281,522
281,523
281,524
281,525
281,526
281,527
281,528
281,529
281,836
281,837
281,838
281,839
281,840
281,841
281,842
281,843
281,844
281,845
281,846
281,847
281,848
281,849
281,850
281,851
281,852
281,853
281,854
281,855
282,1
282,11
282,12
282,13
282,19
282,20
282,21
282,28
282,51
282,52
282,53
282,54
282,55
282,56
282,57
282,59
282,60
282,61
282,62
282,65
282,268
282,269
282,270
282,271
282,272
282,273
282,274
282,275
282,276
282,277
282,278
282,279
282,280
282,281
282,283
282,284
282,285
282,286
282,287
282,288
282,289
282,290
282,291
282,292
282,293
282,294
282,295
282,296
282,297
282,298
282,301
282,302
282,305
282,306
282,307
282,308
282,309
282,501
282,503
282,512
282,513
282,514
282,515
282,516
282,517
282,518
282,519
282,520
282,521
282,522
282,523
282,524
282,525
282,526
282,527
282,528
282,529
282,836
282,837
282,838
282,839
282,840
282,841
282,842
282,843
282,844
282,845
282,846
282,847
282,848
282,849
282,850
282,851
282,852
282,853
282,854
282,855
283,1
283,11
283,12
283,13
283,19
283,20
283,21
283,22
283,28
283,51
283,52
283,53
283,54
283,55
283,56
283,57
283,58
283,59
283,60
283,61
283,62
283,63
283,65
283,66
283,270
283,271
283,272
283,273
283,274
283,275
283,276
283,277
283,278
283,279
283,280
283,281
283,282
283,284
283,285
283,286
283,287
283,288
283,289
283,290
283,291
283,292
283,293
283,294
283,295
283,296
283,297
283,298
283,299
283,300
283,301
283,302
283,303
283,304
283,305
283,306
283,307
283,308
283,309
283,310
283,521
283,524
283,526
283,527
283,528
283,529
283,844
283,845
283,846
283,847
283,848
283,849
283,850
283,851
283,852
283,853
283,854
283,855
283,856
283,857
283,858
284,1
284,3
284,11
284,12
284,13
284,19
284,20
284,21
284,22
284,28
284,51
284,52
284,53
284,54
284,55
284,56
284,57
284,58
284,59
284,60
284,61
284,62
284,63
284,65
284,66
284,270
284,271
284,272
284,273
284,274
284,275
284,276
284,277
284,278
284,279
284,280
284,281
284,282
284,283
284,285
284,286
284,287
284,288
284,289
284,290
284,291
284,292
284,293
284,294
284,295
284,296
284,297
284,298
284,299
284,300
284,301
284,302
284,303
284,304
284,305
284,306
284,307
284,308
284,309
284,310
284,518
284,519
284,520
284,521
284,522
284,523
284,524
284,525
284,526
284,527
284,528
284,529
284,843
284,844
284,845
284,846
284,847
284,848
284,849
284,850
284,851
284,852
284,853
284,854
284,855
284,856
284,857
284,858
285,1
285,12
285,20
285,28
285,52
285,53
285,54
285,55
285,56
285,59
285,61
285,62
285,268
285,269
285,270
285,271
285,272
285,273
285,274
285,275
285,276
285,277
285,278
285,279
285,280
285,281
285,282
285,283
285,284
285,286
285,287
285,288
285,289
285,290
285,291
285,292
285,293
285,294
285,295
285,296
285,297
285,298
285,301
285,302
285,305
285,306
285,307
285,308
285,309
285,837
285,838
285,839
285,841
285,842
285,843
285,844
285,845
285,846
285,847
285,848
285,849
285,850
285,851
285,852
285,853
285,854
285,855
286,1
286,11
286,12
286,19
286,20
286,21
286,28
286,52
286,53
286,54
286,55
286,56
286,59
286,61
286,62
286,268
286,269
286,270
286,271
286,272
286,273
286,274
286,275
286,276
286,277
286,278
286,279
286,280
286,281
286,282
286,283
286,284
286,285
286,287
286,288
286,289
286,290
286,291
286,292
286,293
286,294
286,295
286,296
286,297
286,298
286,301
286,302
286,305
286,306
286,307
286,308
286,309
286,837
286,838
286,839
286,840
286,841
286,842
286,843
286,844
286,845
286,846
286,847
286,848
286,849
286,850
286,851
286,852
286,853
286,854
286,855
287,1
287,12
287,13
287,20
287,21
287,28
287,52
287,53
287,54
287,55
287,56
287,59
287,61
287,62
287,65
287,270
287,271
287,272
287,273
287,274
287,275
287,276
287,277
287,278
287,279
287,280
287,281
287,282
287,283
287,284
287,285
287,286
287,288
287,289
287,290
287,291
287,292
287,293
287,294
287,295
287,296
287,297
287,298
287,299
287,300
287,301
287,302
287,303
287,304
287,305
287,306
287,307
287,308
287,309
287,310
287,845
287,846
287,847
287,849
287,850
287,851
287,852
287,853
287,854
287,855
287,856
287,857
287,858
288,1
288,3
288,12
288,13
288,20
288,21
288,22
288,28
288,52
288,53
288,54
288,55
288,56
288,59
288,60
288,61
288,62
288,65
288,270
288,271
288,272
288,273
288,274
288,275
288,276
288,277
288,278
288,279
288,280
288,281
288,282
288,283
288,284
288,285
288,286
288,287
288,289
288,290
288,291
288,292
288,293
288,294
288,295
288,296
288,297
288,298
288,299
288,300
288,301
288,302
288,303
288,304
288,305
288,306
288,307
288,308
288,309
288,310
288,844
288,845
288,846
288,847
288,848
288,849
288,850
288,851
288,852
288,853
288,854
288,855
288,856
288,857
288,858
288,859
288,861
289,1
289,3
289,12
289,13
289,14
289,19
289,20
289,21
289,22
289,28
289,51
289,52
289,53
289,54
289,55
289,56
289,57
289,58
289,59
289,60
289,61
289,62
289,63
289,64
289,65
289,66
289,67
289,69
289,98
289,99
289,272
289,273
289,274
289,275
289,276
289,277
289,278
289,279
289,280
289,281
289,282
289,283
289,284
289,285
289,286
289,287
289,288
289,290
289,291
289,292
289,293
289,294
289,295
289,296
289,297
289,298
289,299
289,300
289,301
289,302
289,303
289,304
289,305
289,306
289,307
289,308
289,309
289,310
289,311
289,312
289,315
289,316
289,327
289,507
289,521
289,522
289,523
289,524
289,525
289,526
289,527
289,528
289,529
289,852
289,853
289,854
289,855
289,856
289,857
289,858
289,859
289,860
289,861
290,1
290,3
290,11
290,12
290,13
290,14
290,19
290,20
290,21
290,22
290,28
290,51
290,52
290,53
290,54
290,55
290,56
290,57
290,58
290,59
290,60
290,61
290,62
290,63
290,64
290,65
290,66
290,67
290,69
290,97
290,98
290,99
290,272
290,273
290,274
290,275
290,276
290,277
290,278
290,279
290,280
290,281
290,282
290,283
290,284
290,285
290,286
290,287
290,288
290,289
290,291
290,292
290,293
290,294
290,295
290,296
290,297
290,298
290,299
290,300
290,301
290,302
290,303
290,304
290,305
290,306
290,307
290,308
290,309
290,310
290,311
290,312
290,315
290,316
290,327
290,505
290,506
290,507
290,518
290,520
290,521
290,522
290,523
290,524
290,525
290,526
290,527
290,528
290,529
290,852
290,853
290,854
290,855
290,856
290,857
290,858
290,859
290,860
290,861
291,1
291,3
291,12
291,13
291,14
291,15
291,20
291,21
291,22
291,23
291,28
291,51
291,53
291,54
291,55
291,56
291,57
291,58
291,59
291,60
291,61
291,62
291,63
291,64
291,65
291,66
291,67
291,69
291,70
291,98
291,99
291,274
291,275
291,276
291,277
291,278
291,279
291,280
291,281
291,282
291,283
291,284
291,285
291,286
291,287
291,288
291,289
291,290
291,292
291,293
291,294
291,295
291,296
291,297
291,298
291,299
291,300
291,301
291,302
291,303
291,304
291,305
291,306
291,307
291,308
291,309
291,310
291,311
291,312
291,313
291,314
291,315
291,316
291,317
291,318
291,327
291,528
291,856
291,857
291,858
291,859
291,860
291,861
291,862
291,863
291,865
292,1
292,3
292,12
292,13
292,14
292,15
292,19
292,20
292,21
292,22
292,23
292,28
292,51
292,53
292,54
292,55
292,56
292,57
292,58
292,59
292,60
292,61
292,62
292,63
292,64
292,65
292,66
292,67
292,68
292,69
292,70
292,97
292,98
292,99
292,100
292,274
292,275
292,276
292,277
292,278
292,279
292,280
292,281
292,282
292,283
292,284
292,285
292,286
292,287
292,288
292,289
292,290
292,291
292,293
292,294
292,295
292,296
292,297
292,298
292,299
292,300
292,301
292,302
292,303
292,304
292,305
292,306
292,307
292,308
292,309
292,310
292,311
292,312
292,313
292,314
292,315
292,316
292,317
292,318
292,327
292,328
292,524
292,525
292,526
292,527
292,528
292,529
292,856
292,857
292,858
292,859
292,860
292,861
292,862
292,863
292,864
292,865
293,1
293,3
293,12
293,13
293,14
293,20
293,21
293,22
293,28
293,51
293,53
293,54
293,55
293,56
293,57
293,58
293,59
293,60
293,61
293,62
293,63
293,64
293,65
293,66
293,69
293,272
293,273
293,274
293,275
293,276
293,277
293,278
293,279
293,280
293,281
293,282
293,283
293,284
293,285
293,286
293,287
293,288
293,289
293,290
293,291
293,292
293,294
293,295
293,296
293,297
293,298
293,299
293,300
293,301
293,302
293,303
293,304
293,305
293,306
293,307
293,308
293,309
293,310
293,311
293,312
293,315
293,316
293,327
293,528
293,852
293,853
293,854
293,855
293,856
293,857
293,858
293,859
293,860
293,861
293,862
294,1
294,3
294,12
294,13
294,14
294,19
294,20
294,21
294,22
294,28
294,51
294,52
294,53
294,54
294,55
294,56
294,57
294,58
294,59
294,60
294,61
294,62
294,63
294,64
294,65
294,66
294,69
294,98
294,272
294,273
294,274
294,275
294,276
294,277
294,278
294,279
294,280
294,281
294,282
294,283
294,284
294,285
294,286
294,287
294,288
294,289
294,290
294,291
294,292
294,293
294,295
294,296
294,297
294,298
294,299
294,300
294,301
294,302
294,303
294,304
294,305
294,306
294,307
294,308
294,309
294,310
294,311
294,312
294,315
294,316
294,327
294,524
294,526
294,527
294,528
294,529
294,852
294,853
294,854
294,855
294,856
294,857
294,858
294,859
294,860
294,861
294,862
295,1
295,3
295,12
295,13
295,14
295,20
295,21
295,22
295,23
295,28
295,54
295,55
295,56
295,57
295,58
295,59
295,60
295,61
295,62
295,63
295,64
295,65
295,66
295,67
295,69
295,70
295,274
295,275
295,276
295,277
295,278
295,279
295,280
295,281
295,282
295,283
295,284
295,285
295,286
295,287
295,288
295,289
295,290
295,291
295,292
295,293
295,294
295,296
295,297
295,298
295,299
295,300
295,301
295,302
295,303
295,304
295,305
295,306
295,307
295,308
295,309
295,310
295,311
295,312
295,313
295,314
295,315
295,316
295,317
295,318
295,327
295,328
295,856
295,857
295,858
295,859
295,860
295,861
295,862
295,863
295,864
295,865
295,866
296,1
296,3
296,12
296,13
296,14
296,20
296,21
296,22
296,23
296,28
296,51
296,53
296,54
296,55
296,56
296,57
296,58
296,59
296,60
296,61
296,62
296,63
296,64
296,65
296,66
296,67
296,69
296,70
296,98
296,99
296,274
296,275
296,276
296,277
296,278
296,279
296,280
296,281
296,282
296,283
296,284
296,285
296,286
296,287
296,288
296,289
296,290
296,291
296,292
296,293
296,294
296,295
296,297
296,298
296,299
296,300
296,301
296,302
296,303
296,304
296,305
296,306
296,307
296,308
296,309
296,310
296,311
296,312
296,313
296,314
296,315
296,316
296,317
296,318
296,327
296,328
296,856
296,857
296,858
296,859
296,860
296,861
296,862
296,863
296,864
296,865
296,866
297,1
297,3
297,13
297,14
297,15
297,20
297,21
297,22
297,23
297,51
297,54
297,55
297,56
297,57
297,58
297,59
297,60
297,61
297,62
297,63
297,64
297,65
297,66
297,67
297,68
297,69
297,70
297,73
297,97
297,98
297,99
297,100
297,277
297,278
297,279
297,280
297,281
297,282
297,283
297,284
297,285
297,286
297,287
297,288
297,289
297,290
297,291
297,292
297,293
297,294
297,295
297,296
297,298
297,299
297,300
297,301
297,302
297,303
297,304
297,305
297,306
297,307
297,308
297,309
297,310
297,311
297,312
297,313
297,314
297,315
297,316
297,317
297,318
297,319
297,320
297,323
297,324
297,327
297,328
297,856
297,857
297,858
297,859
297,860
297,861
297,862
297,863
297,864
297,865
297,866
297,867
298,1
298,3
298,12
298,13
298,14
298,15
298,20
298,21
298,22
298,23
298,28
298,51
298,54
298,55
298,56
298,57
298,58
298,59
298,60
298,61
298,62
298,63
298,64
298,65
298,66
298,67
298,68
298,69
298,70
298,71
298,73
298,97
298,98
298,99
298,100
298,101
298,277
298,278
298,279
298,280
298,281
298,282
298,283
298,284
298,285
298,286
298,287
298,288
298,289
298,290
298,291
298,292
298,293
298,294
298,295
298,296
298,297
298,299
298,300
298,301
298,302
298,303
298,304
298,305
298,306
298,307
298,308
298,309
298,310
298,311
298,312
298,313
298,314
298,315
298,316
298,317
298,318
298,319
298,320
298,323
298,324
298,327
298,328
298,540
298,856
298,857
298,858
298,859
298,860
298,861
298,862
298,863
298,864
298,865
298,866
298,867
298,868
298,869
299,1
299,3
299,13
299,14
299,15
299,16
299,20
299,21
299,22
299,23
299,24
299,56
299,57
299,58
299,59
299,60
299,61
299,62
299,63
299,64
299,65
299,66
299,67
299,68
299,69
299,70
299,71
299,73
299,74
299,97
299,98
299,99
299,100
299,101
299,279
299,280
299,283
299,284
299,287
299,288
299,289
299,290
299,291
299,292
299,293
299,294
299,295
299,296
299,297
299,298
299,300
299,301
299,302
299,303
299,304
299,305
299,306
299,307
299,308
299,309
299,310
299,311
299,312
299,313
299,314
299,315
299,316
299,317
299,318
299,319
299,320
299,321
299,322
299,323
299,324
299,325
299,326
299,327
299,328
299,856
299,857
299,858
299,859
299,860
299,861
299,862
299,863
299,864
299,865
299,866
299,867
299,868
299,869
299,870
299,871
299,873
300,1
300,3
300,13
300,14
300,15
300,16
300,20
300,21
300,22
300,23
300,24
300,54
300,56
300,57
300,58
300,59
300,60
300,61
300,62
300,63
300,64
300,65
300,66
300,67
300,68
300,69
300,70
300,71
300,72
300,73
300,74
300,97
300,98
300,99
300,100
300,101
300,104
300,279
300,280
300,283
300,284
300,287
300,288
300,289
300,290
300,291
300,292
300,293
300,294
300,295
300,296
300,297
300,298
300,299
300,301
300,302
300,303
300,304
300,305
300,306
300,307
300,308
300,309
300,310
300,311
300,312
300,313
300,314
300,315
300,316
300,317
300,318
300,319
300,320
300,321
300,322
300,323
300,324
300,325
300,326
300,327
300,328
300,540
300,856
300,857
300,858
300,859
300,860
300,861
300,862
300,863
300,864
300,865
300,866
300,867
300,868
300,869
300,870
300,871
300,872
300,873
301,1
301,3
301,13
301,14
301,15
301,20
301,21
301,22
301,23
301,28
301,54
301,55
301,56
301,58
301,59
301,60
301,61
301,62
301,63
301,64
301,65
301,66
301,67
301,68
301,69
301,70
301,98
301,99
301,277
301,278
301,279
301,280
301,281
301,282
301,283
301,284
301,285
301,286
301,287
301,288
301,289
301,290
301,291
301,292
301,293
301,294
301,295
301,296
301,297
301,298
301,299
301,300
301,302
301,303
301,304
301,305
301,306
301,307
301,308
301,309
301,310
301,311
301,312
301,313
301,314
301,315
301,316
301,317
301,318
301,319
301,320
301,323
301,324
301,327
301,328
301,856
301,857
301,858
301,859
301,860
301,861
301,862
301,863
301,864
301,865
301,866
301,867
301,868
301,869
301,870
302,1
302,3
302,13
302,14
302,15
302,20
302,21
302,22
302,23
302,28
302,54
302,55
302,56
302,57
302,58
302,59
302,60
302,61
302,62
302,63
302,64
302,65
302,66
302,67
302,68
302,69
302,70
302,73
302,98
302,99
302,100
302,277
302,278
302,279
302,280
302,281
302,282
302,283
302,284
302,285
302,286
302,287
302,288
302,289
302,290
302,291
302,292
302,293
302,294
302,295
302,296
302,297
302,298
302,299
302,300
302,301
302,303
302,304
302,305
302,306
302,307
302,308
302,309
302,310
302,311
302,312
302,313
302,314
302,315
302,316
302,317
302,318
302,319
302,320
302,323
302,324
302,327
302,328
302,856
302,857
302,858
302,859
302,860
302,861
302,862
302,863
302,864
302,865
302,866
302,867
302,868
302,869
302,870
303,1
303,3
303,13
303,14
303,15
303,21
303,22
303,23
303,58
303,59
303,60
303,61
303,62
303,63
303,64
303,65
303,66
303,67
303,68
303,69
303,70
303,71
303,73
303,99
303,279
303,280
303,283
303,284
303,287
303,288
303,289
303,290
303,291
303,292
303,293
303,294
303,295
303,296
303,297
303,298
303,299
303,300
303,301
303,302
303,304
303,305
303,306
303,307
303,308
303,309
303,310
303,311
303,312
303,313
303,314
303,315
303,316
303,317
303,318
303,319
303,320
303,321
303,322
303,323
303,324
303,325
303,326
303,327
303,328
303,856
303,857
303,858
303,859
303,860
303,861
303,862
303,863
303,864
303,865
303,866
303,867
303,868
303,869
303,870
303,871
303,872
303,873
303,874
304,1
304,3
304,13
304,14
304,15
304,21
304,22
304,23
304,24
304,56
304,58
304,59
304,60
304,61
304,62
304,63
304,64
304,65
304,66
304,67
304,68
304,69
304,70
304,71
304,73
304,74
304,98
304,99
304,100
304,101
304,279
304,280
304,283
304,284
304,287
304,288
304,289
304,290
304,291
304,292
304,293
304,294
304,295
304,296
304,297
304,298
304,299
304,300
304,301
304,302
304,303
304,305
304,306
304,307
304,308
304,309
304,310
304,311
304,312
304,313
304,314
304,315
304,316
304,317
304,318
304,319
304,320
304,321
304,322
304,323
304,324
304,325
304,326
304,327
304,328
304,329
304,856
304,857
304,858
304,859
304,860
304,861
304,862
304,863
304,864
304,865
304,866
304,867
304,868
304,869
304,870
304,871
304,872
304,873
304,874
305,1
305,3
305,13
305,20
305,21
305,22
305,28
305,53
305,54
305,55
305,56
305,59
305,60
305,61
305,62
305,65
305,66
305,273
305,274
305,275
305,276
305,277
305,278
305,279
305,280
305,281
305,282
305,283
305,284
305,285
305,286
305,287
305,288
305,289
305,290
305,291
305,292
305,293
305,294
305,295
305,296
305,297
305,298
305,299
305,300
305,301
305,302
305,303
305,304
305,306
305,307
305,308
305,309
305,310
305,311
305,312
305,315
305,316
305,327
305,853
305,854
305,855
305,856
305,857
305,858
305,859
305,860
305,861
305,862
306,1
306,3
306,12
306,13
306,20
306,21
306,22
306,28
306,53
306,54
306,55
306,56
306,59
306,60
306,61
306,62
306,63
306,65
306,66
306,272
306,273
306,274
306,275
306,276
306,277
306,278
306,279
306,280
306,281
306,282
306,283
306,284
306,285
306,286
306,287
306,288
306,289
306,290
306,291
306,292
306,293
306,294
306,295
306,296
306,297
306,298
306,299
306,300
306,301
306,302
306,303
306,304
306,305
306,307
306,308
306,309
306,310
306,311
306,312
306,315
306,316
306,327
306,852
306,853
306,854
306,855
306,856
306,857
306,858
306,859
306,860
306,861
306,862
306,863
306,865
307,1
307,3
307,13
307,14
307,21
307,22
307,28
307,55
307,56
307,59
307,60
307,61
307,62
307,63
307,64
307,65
307,66
307,69
307,276
307,277
307,278
307,279
307,280
307,281
307,282
307,283
307,284
307,285
307,286
307,287
307,288
307,289
307,290
307,291
307,292
307,293
307,294
307,295
307,296
307,297
307,298
307,299
307,300
307,301
307,302
307,303
307,304
307,305
307,306
307,308
307,309
307,310
307,311
307,312
307,313
307,314
307,315
307,316
307,317
307,318
307,327
307,328
307,856
307,857
307,858
307,859
307,860
307,861
307,862
307,863
307,864
307,865
307,866
308,1
308,3
308,13
308,14
308,20
308,21
308,22
308,23
308,28
308,54
308,55
308,56
308,59
308,60
308,61
308,62
308,63
308,64
308,65
308,66
308,69
308,274
308,275
308,276
308,277
308,278
308,279
308,280
308,281
308,282
308,283
308,284
308,285
308,286
308,287
308,288
308,289
308,290
308,291
308,292
308,293
308,294
308,295
308,296
308,297
308,298
308,299
308,300
308,301
308,302
308,303
308,304
308,305
308,306
308,307
308,309
308,310
308,311
308,312
308,313
308,314
308,315
308,316
308,317
308,318
308,327
308,328
308,856
308,857
308,858
308,859
308,860
308,861
308,862
308,863
308,864
308,865
308,866
309,1
309,3
309,13
309,14
309,21
309,22
309,23
309,28
309,56
309,59
309,60
309,61
309,62
309,63
309,64
309,65
309,66
309,67
309,69
309,70
309,277
309,278
309,279
309,280
309,281
309,282
309,283
309,284
309,285
309,286
309,287
309,288
309,289
309,290
309,291
309,292
309,293
309,294
309,295
309,296
309,297
309,298
309,299
309,300
309,301
309,302
309,303
309,304
309,305
309,306
309,307
309,308
309,310
309,311
309,312
309,313
309,314
309,315
309,316
309,317
309,318
309,319
309,320
309,323
309,324
309,327
309,328
309,856
309,857
309,858
309,859
309,860
309,861
309,862
309,863
309,864
309,865
309,866
309,867
309,868
309,869
309,870
309,871
310,1
310,3
310,13
310,14
310,15
310,21
310,22
310,23
310,60
310,61
310,62
310,63
310,64
310,65
310,66
310,67
310,68
310,69
310,70
310,73
310,279
310,280
310,283
310,284
310,287
310,288
310,289
310,290
310,291
310,292
310,293
310,294
310,295
310,296
310,297
310,298
310,299
310,300
310,301
310,302
310,303
310,304
310,305
310,306
310,307
310,308
310,309
310,311
310,312
310,313
310,314
310,315
310,316
310,317
310,318
310,319
310,320
310,321
310,322
310,323
310,324
310,325
310,326
310,327
310,328
310,329
310,856
310,857
310,858
310,859
310,860
310,861
310,862
310,863
310,864
310,865
310,866
310,867
310,868
310,869
310,870
310,871
310,872
310,873
310,874
311,1
311,3
311,13
311,14
311,15
311,16
311,21
311,22
311,23
311,24
311,58
311,59
311,60
311,61
311,62
311,63
311,64
311,65
311,66
311,67
311,68
311,69
311,70
311,71
311,72
311,73
311,74
311,75
311,77
311,98
311,99
311,100
311,101
311,104
311,289
311,290
311,291
311,292
311,293
311,294
311,295
311,296
311,297
311,298
311,299
311,300
311,301
311,302
311,303
311,304
311,305
311,306
311,307
311,308
311,309
311,310
311,312
311,313
311,314
311,315
311,316
311,317
311,318
311,319
311,320
311,321
311,322
311,323
311,324
311,325
311,326
311,327
311,328
311,329
311,330
311,331
311,334
311,335
311,856
311,857
311,858
311,859
311,860
311,861
311,862
311,863
311,864
311,865
311,866
311,867
311,868
311,869
311,870
311,871
311,872
311,873
311,874
311,875
311,877
312,1
312,3
312,13
312,14
312,15
312,16
312,21
312,22
312,23
312,24
312,58
312,59
312,60
312,61
312,62
312,63
312,64
312,65
312,66
312,67
312,68
312,69
312,70
312,71
312,72
312,73
312,74
312,75
312,77
312,97
312,98
312,99
312,100
312,101
312,104
312,105
312,289
312,290
312,291
312,292
312,293
312,294
312,295
312,296
312,297
312,298
312,299
312,300
312,301
312,302
312,303
312,304
312,305
312,306
312,307
312,308
312,309
312,310
312,311
312,313
312,314
312,315
312,316
312,317
312,318
312,319
312,320
312,321
312,322
312,323
312,324
312,325
312,326
312,327
312,328
312,329
312,330
312,331
312,334
312,335
312,856
312,857
312,858
312,859
312,860
312,861
312,862
312,863
312,864
312,865
312,866
312,867
312,868
312,869
312,870
312,871
312,872
312,873
312,874
312,875
312,877
313,1
313,3
313,13
313,14
313,15
313,16
313,17
313,21
313,22
313,23
313,24
313,60
313,62
313,63
313,64
313,65
313,66
313,67
313,68
313,69
313,70
313,71
313,72
313,73
313,74
313,75
313,76
313,77
313,78
313,99
313,100
313,101
313,104
313,105
313,291
313,292
313,295
313,296
313,297
313,298
313,299
313,300
313,301
313,302
313,303
313,304
313,307
313,308
313,309
313,310
313,311
313,312
313,314
313,315
313,316
313,317
313,318
313,319
313,320
313,321
313,322
313,323
313,324
313,325
313,326
313,327
313,328
313,329
313,330
313,331
313,332
313,333
313,334
313,335
313,336
313,337
313,346
313,347
313,857
313,858
313,859
313,860
313,861
313,862
313,863
313,864
313,865
313,866
313,867
313,868
313,869
313,870
313,871
313,872
313,873
313,874
313,875
313,876
313,877
313,878
313,879
313,881
313,882
314,1
314,3
314,13
314,14
314,15
314,16
314,17
314,21
314,22
314,23
314,24
314,60
314,62
314,63
314,64
314,65
314,66
314,67
314,68
314,69
314,70
314,71
314,72
314,73
314,74
314,75
314,76
314,77
314,78
314,98
314,99
314,100
314,101
314,102
314,104
314,105
314,117
314,291
314,292
314,295
314,296
314,297
314,298
314,299
314,300
314,301
314,302
314,303
314,304
314,307
314,308
314,309
314,310
314,311
314,312
314,313
314,315
314,316
314,317
314,318
314,319
314,320
314,321
314,322
314,323
314,324
314,325
314,326
314,327
314,328
314,329
314,330
314,331
314,332
314,333
314,334
314,335
314,336
314,337
314,346
314,347
314,558
314,856
314,857
314,858
314,859
314,860
314,861
314,862
314,863
314,864
314,865
314,866
314,867
314,868
314,869
314,870
314,871
314,872
314,873
314,874
314,875
314,876
314,877
314,878
314,879
314,881
314,882
315,1
315,3
315,13
315,14
315,15
315,16
315,21
315,22
315,23
315,24
315,60
315,61
315,62
315,63
315,64
315,65
315,66
315,67
315,68
315,69
315,70
315,71
315,72
315,73
315,74
315,99
315,100
315,289
315,290
315,291
315,292
315,293
315,294
315,295
315,296
315,297
315,298
315,299
315,300
315,301
315,302
315,303
315,304
315,305
315,306
315,307
315,308
315,309
315,310
315,311
315,312
315,313
315,314
315,316
315,317
315,318
315,319
315,320
315,321
315,322
315,323
315,324
315,325
315,326
315,327
315,328
315,329
315,330
315,331
315,334
315,335
315,856
315,857
315,858
315,859
315,860
315,861
315,862
315,863
315,864
315,865
315,866
315,867
315,868
315,869
315,870
315,871
315,872
315,873
315,874
315,875
315,876
315,877
315,878
316,1
316,3
316,13
316,14
316,15
316,16
316,21
316,22
316,23
316,24
316,60
316,61
316,62
316,63
316,64
316,65
316,66
316,67
316,68
316,69
316,70
316,71
316,72
316,73
316,74
316,77
316,98
316,99
316,100
316,101
316,104
316,289
316,290
316,291
316,292
316,293
316,294
316,295
316,296
316,297
316,298
316,299
316,300
316,301
316,302
316,303
316,304
316,305
316,306
316,307
316,308
316,309
316,310
316,311
316,312
316,313
316,314
316,315
316,317
316,318
316,319
316,320
316,321
316,322
316,323
316,324
316,325
316,326
316,327
316,328
316,329
316,330
316,331
316,334
316,335
316,347
316,856
316,857
316,858
316,859
316,860
316,861
316,862
316,863
316,864
316,865
316,866
316,867
316,868
316,869
316,870
316,871
316,872
316,873
316,874
316,875
316,876
316,877
316,878
317,1
317,3
317,13
317,14
317,15
317,16
317,22
317,23
317,24
317,62
317,63
317,64
317,65
317,66
317,67
317,68
317,69
317,70
317,71
317,72
317,73
317,74
317,75
317,77
317,78
317,99
317,100
317,101
317,104
317,291
317,292
317,295
317,296
317,297
317,298
317,299
317,300
317,301
317,302
317,303
317,304
317,307
317,308
317,309
317,310
317,311
317,312
317,313
317,314
317,315
317,316
317,318
317,319
317,320
317,321
317,322
317,323
317,324
317,325
317,326
317,327
317,328
317,329
317,330
317,331
317,332
317,333
317,334
317,335
317,336
317,337
317,346
317,347
317,348
317,856
317,857
317,858
317,859
317,860
317,861
317,862
317,863
317,864
317,865
317,866
317,867
317,868
317,869
317,870
317,871
317,872
317,873
317,874
317,875
317,876
317,877
317,878
317,879
317,880
317,881
317,882
317,883
317,884
317,885
318,1
318,3
318,13
318,14
318,15
318,16
318,22
318,23
318,24
318,62
318,63
318,64
318,65
318,66
318,67
318,68
318,69
318,70
318,71
318,72
318,73
318,74
318,75
318,77
318,78
318,99
318,100
318,101
318,104
318,291
318,292
318,295
318,296
318,297
318,298
318,299
318,300
318,301
318,302
318,303
318,304
318,307
318,308
318,309
318,310
318,311
318,312
318,313
318,314
318,315
318,316
318,317
318,319
318,320
318,321
318,322
318,323
318,324
318,325
318,326
318,327
318,328
318,329
318,330
318,331
318,332
318,333
318,334
318,335
318,336
318,337
318,346
318,347
318,856
318,857
318,858
318,859
318,860
318,861
318,862
318,863
318,864
318,865
318,866
318,867
318,868
318,869
318,870
318,871
318,872
318,873
318,874
318,875
318,876
318,877
318,878
318,879
318,880
318,881
318,882
318,883
319,1
319,3
319,13
319,14
319,15
319,16
319,17
319,22
319,23
319,24
319,63
319,64
319,65
319,66
319,67
319,68
319,69
319,70
319,71
319,72
319,73
319,74
319,75
319,76
319,77
319,78
319,79
319,81
319,99
319,100
319,101
319,102
319,104
319,105
319,117
319,297
319,298
319,299
319,300
319,301
319,302
319,303
319,304
319,309
319,310
319,311
319,312
319,313
319,314
319,315
319,316
319,317
319,318
319,320
319,321
319,322
319,323
319,324
319,325
319,326
319,327
319,328
319,329
319,330
319,331
319,332
319,333
319,334
319,335
319,336
319,337
319,338
319,339
319,342
319,343
319,346
319,347
319,348
319,349
319,859
319,860
319,862
319,863
319,864
319,865
319,866
319,867
319,868
319,869
319,870
319,871
319,872
319,873
319,874
319,875
319,876
319,877
319,878
319,879
319,880
319,881
319,882
319,883
319,884
319,885
319,887
319,888
320,1
320,3
320,13
320,14
320,15
320,16
320,17
320,22
320,23
320,24
320,29
320,63
320,64
320,65
320,66
320,67
320,68
320,69
320,70
320,71
320,72
320,73
320,74
320,75
320,76
320,77
320,78
320,79
320,81
320,99
320,100
320,101
320,102
320,103
320,104
320,105
320,113
320,117
320,118
320,127
320,129
320,297
320,298
320,299
320,300
320,301
320,302
320,303
320,304
320,309
320,310
320,311
320,312
320,313
320,314
320,315
320,316
320,317
320,318
320,319
320,321
320,322
320,323
320,324
320,325
320,326
320,327
320,328
320,329
320,330
320,331
320,332
320,333
320,334
320,335
320,336
320,337
320,338
320,339
320,342
320,343
320,346
320,347
320,348
320,349
320,563
320,859
320,860
320,862
320,863
320,864
320,865
320,866
320,867
320,868
320,869
320,870
320,871
320,872
320,873
320,874
320,875
320,876
320,877
320,878
320,879
320,880
320,881
320,882
320,883
320,884
320,885
320,887
320,888
321,1
321,3
321,13
321,14
321,15
321,16
321,17
321,18
321,22
321,23
321,24
321,29
321,64
321,66
321,67
321,68
321,69
321,70
321,71
321,72
321,73
321,74
321,75
321,76
321,77
321,78
321,79
321,81
321,82
321,101
321,102
321,104
321,105
321,117
321,118
321,127
321,129
321,130
321,299
321,300
321,303
321,304
321,310
321,311
321,312
321,313
321,314
321,315
321,316
321,317
321,318
321,319
321,320
321,322
321,323
321,324
321,325
321,326
321,327
321,328
321,329
321,330
321,331
321,332
321,333
321,334
321,335
321,336
321,337
321,338
321,339
321,340
321,341
321,342
321,343
321,344
321,345
321,346
321,347
321,348
321,349
321,864
321,866
321,867
321,868
321,869
321,870
321,871
321,872
321,873
321,874
321,875
321,876
321,877
321,878
321,879
321,880
321,881
321,882
321,883
321,884
321,885
321,886
321,887
321,888
321,889
321,890
321,892
322,1
322,3
322,13
322,14
322,15
322,16
322,17
322,18
322,22
322,23
322,24
322,29
322,64
322,66
322,67
322,68
322,69
322,70
322,71
322,72
322,73
322,74
322,75
322,76
322,77
322,78
322,79
322,80
322,81
322,82
322,100
322,101
322,102
322,103
322,104
322,105
322,113
322,114
322,115
322,117
322,118
322,123
322,127
322,129
322,130
322,299
322,300
322,303
322,304
322,310
322,311
322,312
322,313
322,314
322,315
322,316
322,317
322,318
322,319
322,320
322,321
322,323
322,324
322,325
322,326
322,327
322,328
322,329
322,330
322,331
322,332
322,333
322,334
322,335
322,336
322,337
322,338
322,339
322,340
322,341
322,342
322,343
322,344
322,345
322,346
322,347
322,348
322,349
322,350
322,863
322,864
322,866
322,867
322,868
322,869
322,870
322,871
322,872
322,873
322,874
322,875
322,876
322,877
322,878
322,879
322,880
322,881
322,882
322,883
322,884
322,885
322,886
322,887
322,888
322,889
322,890
322,892
323,1
323,3
323,13
323,14
323,15
323,16
323,17
323,22
323,23
323,24
323,64
323,65
323,66
323,67
323,68
323,69
323,70
323,71
323,72
323,73
323,74
323,75
323,76
323,77
323,78
323,81
323,101
323,104
323,297
323,298
323,299
323,300
323,301
323,302
323,303
323,304
323,309
323,310
323,311
323,312
323,313
323,314
323,315
323,316
323,317
323,318
323,319
323,320
323,321
323,322
323,324
323,325
323,326
323,327
323,328
323,329
323,330
323,331
323,332
323,333
323,334
323,335
323,336
323,337
323,338
323,339
323,342
323,343
323,346
323,347
323,348
323,349
323,859
323,860
323,861
323,862
323,863
323,864
323,865
323,866
323,867
323,868
323,869
323,870
323,871
323,872
323,873
323,874
323,875
323,876
323,877
323,878
323,879
323,880
323,881
323,882
323,883
323,884
323,885
323,886
323,887
323,888
323,889
324,1
324,3
324,13
324,14
324,15
324,16
324,17
324,22
324,23
324,24
324,29
324,64
324,65
324,66
324,67
324,68
324,69
324,70
324,71
324,72
324,73
324,74
324,75
324,76
324,77
324,78
324,81
324,100
324,101
324,104
324,105
324,297
324,298
324,299
324,300
324,301
324,302
324,303
324,304
324,309
324,310
324,311
324,312
324,313
324,314
324,315
324,316
324,317
324,318
324,319
324,320
324,321
324,322
324,323
324,325
324,326
324,327
324,328
324,329
324,330
324,331
324,332
324,333
324,334
324,335
324,336
324,337
324,338
324,339
324,342
324,343
324,346
324,347
324,348
324,349
324,859
324,860
324,861
324,862
324,863
324,864
324,865
324,866
324,867
324,868
324,869
324,870
324,871
324,872
324,873
324,874
324,875
324,876
324,877
324,878
324,879
324,880
324,881
324,882
324,883
324,884
324,885
324,886
324,887
324,888
324,889
325,1
325,3
325,13
325,14
325,15
325,16
325,17
325,22
325,23
325,24
325,29
325,66
325,67
325,68
325,69
325,70
325,71
325,72
325,73
325,74
325,75
325,76
325,77
325,78
325,79
325,81
325,82
325,104
325,105
325,129
325,299
325,300
325,303
325,304
325,310
325,311
325,312
325,313
325,314
325,315
325,316
325,317
325,318
325,319
325,320
325,321
325,322
325,323
325,324
325,326
325,327
325,328
325,329
325,330
325,331
325,332
325,333
325,334
325,335
325,336
325,337
325,338
325,339
325,340
325,341
325,342
325,343
325,344
325,345
325,346
325,347
325,348
325,349
325,350
325,860
325,863
325,864
325,865
325,866
325,867
325,868
325,869
325,870
325,871
325,872
325,873
325,874
325,875
325,876
325,877
325,878
325,879
325,880
325,881
325,882
325,883
325,884
325,885
325,886
325,887
325,888
325,889
325,890
325,891
325,892
325,893
326,1
326,3
326,13
326,14
326,15
326,16
326,17
326,22
326,23
326,24
326,29
326,66
326,67
326,68
326,69
326,70
326,71
326,72
326,73
326,74
326,75
326,76
326,77
326,78
326,79
326,81
326,82
326,104
326,105
326,117
326,127
326,129
326,130
326,299
326,300
326,303
326,304
326,310
326,311
326,312
326,313
326,314
326,315
326,316
326,317
326,318
326,319
326,320
326,321
326,322
326,323
326,324
326,325
326,327
326,328
326,329
326,330
326,331
326,332
326,333
326,334
326,335
326,336
326,337
326,338
326,339
326,340
326,341
326,342
326,343
326,344
326,345
326,346
326,347
326,348
326,349
326,350
326,863
326,864
326,865
326,866
326,867
326,868
326,869
326,870
326,871
326,872
326,873
326,874
326,875
326,876
326,877
326,878
326,879
326,880
326,881
326,882
326,883
326,884
326,885
326,886
326,887
326,888
326,889
326,890
326,891
326,892
327,1
327,3
327,13
327,14
327,15
327,22
327,23
327,24
327,62
327,63
327,64
327,65
327,66
327,67
327,68
327,69
327,70
327,71
327,73
327,74
327,289
327,290
327,291
327,292
327,293
327,294
327,295
327,296
327,297
327,298
327,299
327,300
327,301
327,302
327,303
327,304
327,305
327,306
327,307
327,308
327,309
327,310
327,311
327,312
327,313
327,314
327,315
327,316
327,317
327,318
327,319
327,320
327,321
327,322
327,323
327,324
327,325
327,326
327,328
327,329
327,330
327,331
327,334
327,335
327,347
327,856
327,857
327,858
327,859
327,860
327,861
327,862
327,863
327,864
327,865
327,866
327,867
327,868
327,869
327,870
327,871
327,872
327,873
327,874
327,875
327,876
327,877
327,878
328,1
328,3
328,13
328,14
328,15
328,16
328,22
328,23
328,24
328,64
328,65
328,66
328,67
328,68
328,69
328,70
328,71
328,72
328,73
328,74
328,77
328,292
328,295
328,296
328,297
328,298
328,299
328,300
328,301
328,302
328,303
328,304
328,307
328,308
328,309
328,310
328,311
328,312
328,313
328,314
328,315
328,316
328,317
328,318
328,319
328,320
328,321
328,322
328,323
328,324
328,325
328,326
328,327
328,329
328,330
328,331
328,333
328,334
328,335
328,336
328,337
328,346
328,347
328,348
328,856
328,857
328,858
328,859
328,860
328,861
328,862
328,863
328,864
328,865
328,866
328,867
328,868
328,869
328,870
328,871
328,872
328,873
328,874
328,875
328,876
328,877
328,878
328,879
328,880
328,881
328,882
328,883
329,3
329,15
329,22
329,23
329,24
329,29
329,73
329,74
329,77
329,304
329,310
329,311
329,312
329,313
329,314
329,315
329,316
329,317
329,318
329,319
329,320
329,321
329,322
329,323
329,324
329,325
329,326
329,327
329,328
329,330
329,331
329,332
329,333
329,334
329,335
329,336
329,337
329,338
329,339
329,342
329,343
329,346
329,347
329,348
329,349
329,350
329,863
329,864
329,865
329,866
329,867
329,868
329,869
329,870
329,871
329,872
329,873
329,874
329,875
329,876
329,877
329,878
329,879
329,880
329,881
329,882
329,883
329,884
329,885
329,886
329,887
329,888
329,889
329,890
329,891
329,892
329,893
330,1
330,3
330,13
330,14
330,15
330,16
330,17
330,18
330,22
330,23
330,24
330,29
330,68
330,69
330,70
330,71
330,72
330,73
330,74
330,75
330,76
330,77
330,78
330,79
330,80
330,81
330,82
330,83
330,85
330,102
330,104
330,105
330,117
330,118
330,123
330,127
330,128
330,129
330,130
330,311
330,312
330,313
330,314
330,315
330,316
330,317
330,318
330,319
330,320
330,321
330,322
330,323
330,324
330,325
330,326
330,327
330,328
330,329
330,331
330,332
330,333
330,334
330,335
330,336
330,337
330,338
330,339
330,340
330,341
330,342
330,343
330,344
330,345
330,346
330,347
330,348
330,349
330,350
330,351
330,352
330,355
330,356
330,868
330,871
330,872
330,873
330,874
330,875
330,876
330,877
330,878
330,879
330,880
330,881
330,882
330,883
330,884
330,885
330,886
330,887
330,888
330,889
330,890
330,891
330,892
330,893
330,894
330,896
331,1
331,3
331,13
331,14
331,15
331,16
331,17
331,18
331,22
331,23
331,24
331,29
331,67
331,68
331,69
331,70
331,71
331,72
331,73
331,74
331,75
331,76
331,77
331,78
331,79
331,80
331,81
331,82
331,83
331,85
331,101
331,102
331,103
331,104
331,105
331,113
331,114
331,115
331,117
331,118
331,119
331,123
331,124
331,125
331,127
331,128
331,129
331,130
331,134
331,136
331,311
331,312
331,313
331,314
331,315
331,316
331,317
331,318
331,319
331,320
331,321
331,322
331,323
331,324
331,325
331,326
331,327
331,328
331,329
331,330
331,332
331,333
331,334
331,335
331,336
331,337
331,338
331,339
331,340
331,341
331,342
331,343
331,344
331,345
331,346
331,347
331,348
331,349
331,350
331,351
331,352
331,355
331,356
331,361
331,362
331,868
331,870
331,871
331,872
331,873
331,874
331,875
331,876
331,877
331,878
331,879
331,880
331,881
331,882
331,883
331,884
331,885
331,886
331,887
331,888
331,889
331,890
331,891
331,892
331,893
331,894
331,896
332,3
332,14
332,15
332,16
332,17
332,18
332,22
332,23
332,24
332,29
332,70
332,71
332,72
332,73
332,74
332,75
332,76
332,77
332,78
332,79
332,80
332,81
332,82
332,83
332,85
332,86
332,105
332,117
332,118
332,123
332,124
332,125
332,127
332,128
332,129
332,130
332,134
332,136
332,313
332,314
332,317
332,318
332,319
332,320
332,321
332,322
332,323
332,324
332,325
332,326
332,329
332,330
332,331
332,333
332,334
332,335
332,336
332,337
332,338
332,339
332,340
332,341
332,342
332,343
332,344
332,345
332,346
332,347
332,348
332,349
332,350
332,351
332,352
332,353
332,354
332,355
332,356
332,357
332,361
332,362
332,363
332,872
332,875
332,876
332,877
332,878
332,879
332,880
332,881
332,882
332,883
332,884
332,885
332,886
332,887
332,888
332,889
332,890
332,891
332,892
332,893
332,894
332,895
332,896
332,897
333,1
333,3
333,14
333,15
333,16
333,17
333,18
333,22
333,23
333,24
333,29
333,68
333,70
333,71
333,72
333,73
333,74
333,75
333,76
333,77
333,78
333,79
333,80
333,81
333,82
333,83
333,84
333,85
333,86
333,102
333,104
333,105
333,113
333,114
333,115
333,116
333,117
333,118
333,119
333,120
333,121
333,123
333,124
333,125
333,126
333,127
333,128
333,129
333,130
333,134
333,135
333,136
333,137
333,313
333,314
333,317
333,318
333,319
333,320
333,321
333,322
333,323
333,324
333,325
333,326
333,328
333,329
333,330
333,331
333,332
333,334
333,335
333,336
333,337
333,338
333,339
333,340
333,341
333,342
333,343
333,344
333,345
333,346
333,347
333,348
333,349
333,350
333,351
333,352
333,353
333,354
333,355
333,356
333,357
333,361
333,362
333,363
333,364
333,872
333,874
333,875
333,876
333,877
333,878
333,879
333,880
333,881
333,882
333,883
333,884
333,885
333,886
333,887
333,888
333,889
333,890
333,891
333,892
333,893
333,894
333,895
333,896
333,897
334,1
334,3
334,14
334,15
334,16
334,17
334,18
334,22
334,23
334,24
334,29
334,68
334,69
334,70
334,71
334,72
334,73
334,74
334,75
334,76
334,77
334,78
334,79
334,80
334,81
334,82
334,85
334,117
334,118
334,127
334,129
334,130
334,311
334,312
334,313
334,314
334,315
334,316
334,317
334,318
334,319
334,320
334,321
334,322
334,323
334,324
334,325
334,326
334,327
334,328
334,329
334,330
334,331
334,332
334,333
334,335
334,336
334,337
334,338
334,339
334,340
334,341
334,342
334,343
334,344
334,345
334,346
334,347
334,348
334,349
334,350
334,351
334,352
334,355
334,356
334,361
334,362
334,867
334,868
334,869
334,870
334,871
334,872
334,873
334,874
334,875
334,876
334,877
334,878
334,879
334,880
334,881
334,882
334,883
334,884
334,885
334,886
334,887
334,888
334,889
334,890
334,891
334,892
334,893
334,894
334,895
334,896
334,897
335,1
335,3
335,14
335,15
335,16
335,17
335,18
335,22
335,23
335,24
335,29
335,68
335,69
335,70
335,71
335,72
335,73
335,74
335,75
335,76
335,77
335,78
335,79
335,80
335,81
335,82
335,85
335,104
335,105
335,117
335,118
335,123
335,127
335,128
335,129
335,130
335,311
335,312
335,313
335,314
335,315
335,316
335,317
335,318
335,319
335,320
335,321
335,322
335,323
335,324
335,325
335,326
335,327
335,328
335,329
335,330
335,331
335,332
335,333
335,334
335,336
335,337
335,338
335,339
335,340
335,341
335,342
335,343
335,344
335,345
335,346
335,347
335,348
335,349
335,350
335,351
335,352
335,355
335,356
335,361
335,362
335,867
335,868
335,869
335,870
335,871
335,872
335,873
335,874
335,875
335,876
335,877
335,878
335,879
335,880
335,881
335,882
335,883
335,884
335,885
335,886
335,887
335,888
335,889
335,890
335,891
335,892
335,893
335,894
335,895
335,896
335,897
336,3
336,14
336,15
336,16
336,17
336,18
336,22
336,23
336,24
336,29
336,72
336,73
336,74
336,75
336,76
336,77
336,78
336,79
336,80
336,81
336,82
336,83
336,85
336,127
336,128
336,129
336,130
336,136
336,313
336,314
336,317
336,318
336,319
336,320
336,321
336,322
336,323
336,324
336,325
336,326
336,328
336,329
336,330
336,331
336,332
336,333
336,334
336,335
336,337
336,338
336,339
336,340
336,341
336,342
336,343
336,344
336,345
336,346
336,347
336,348
336,349
336,350
336,351
336,352
336,353
336,354
336,355
336,356
336,357
336,361
336,362
336,363
336,364
336,871
336,872
336,874
336,875
336,876
336,877
336,878
336,879
336,880
336,881
336,882
336,883
336,884
336,885
336,886
336,887
336,888
336,889
336,890
336,891
336,892
336,893
336,894
336,895
336,896
336,897
337,3
337,14
337,15
337,16
337,17
337,18
337,22
337,23
337,24
337,29
337,70
337,71
337,72
337,73
337,74
337,75
337,76
337,77
337,78
337,79
337,80
337,81
337,82
337,83
337,85
337,86
337,117
337,118
337,123
337,124
337,125
337,127
337,128
337,129
337,130
337,134
337,136
337,313
337,314
337,317
337,318
337,319
337,320
337,321
337,322
337,323
337,324
337,325
337,326
337,328
337,329
337,330
337,331
337,332
337,333
337,334
337,335
337,336
337,338
337,339
337,340
337,341
337,342
337,343
337,344
337,345
337,346
337,347
337,348
337,349
337,350
337,351
337,352
337,353
337,354
337,355
337,356
337,357
337,361
337,362
337,363
337,364
337,871
337,872
337,873
337,874
337,875
337,876
337,877
337,878
337,879
337,880
337,881
337,882
337,883
337,884
337,885
337,886
337,887
337,888
337,889
337,890
337,891
337,892
337,893
337,894
337,895
337,896
337,897
337,901
338,3
338,14
338,15
338,16
338,17
338,18
338,22
338,23
338,24
338,25
338,29
338,72
338,73
338,74
338,75
338,76
338,77
338,78
338,79
338,80
338,81
338,82
338,83
338,84
338,85
338,86
338,89
338,117
338,118
338,119
338,123
338,124
338,125
338,126
338,127
338,128
338,129
338,130
338,134
338,135
338,136
338,137
338,319
338,320
338,321
338,322
338,323
338,324
338,325
338,326
338,329
338,330
338,331
338,332
338,333
338,334
338,335
338,336
338,337
338,339
338,340
338,341
338,342
338,343
338,344
338,345
338,346
338,347
338,348
338,349
338,350
338,351
338,352
338,353
338,354
338,355
338,356
338,357
338,358
338,359
338,360
338,361
338,362
338,363
338,364
338,876
338,879
338,880
338,881
338,882
338,883
338,884
338,885
338,886
338,887
338,888
338,889
338,890
338,891
338,892
338,893
338,894
338,895
338,896
338,897
338,898
338,900
338,901
339,3
339,14
339,15
339,16
339,17
339,18
339,22
339,23
339,24
339,25
339,29
339,71
339,72
339,73
339,74
339,75
339,76
339,77
339,78
339,79
339,80
339,81
339,82
339,83
339,84
339,85
339,86
339,87
339,89
339,105
339,115
339,117
339,118
339,119
339,120
339,121
339,122
339,123
339,124
339,125
339,126
339,127
339,128
339,129
339,130
339,133
339,134
339,135
339,136
339,137
339,138
339,319
339,320
339,321
339,322
339,323
339,324
339,325
339,326
339,329
339,330
339,331
339,332
339,333
339,334
339,335
339,336
339,337
339,338
339,340
339,341
339,342
339,343
339,344
339,345
339,346
339,347
339,348
339,349
339,350
339,351
339,352
339,353
339,354
339,355
339,356
339,357
339,358
339,359
339,360
339,361
339,362
339,363
339,364
339,365
339,571
339,572
339,573
339,876
339,878
339,879
339,880
339,881
339,882
339,883
339,884
339,885
339,886
339,887
339,888
339,889
339,890
339,891
339,892
339,893
339,894
339,895
339,896
339,897
339,898
339,899
339,900
339,901
339,902
339,903
340,3
340,15
340,16
340,17
340,18
340,23
340,24
340,25
340,29
340,74
340,75
340,76
340,77
340,78
340,79
340,80
340,81
340,82
340,83
340,84
340,85
340,86
340,87
340,89
340,118
340,119
340,121
340,123
340,124
340,125
340,126
340,127
340,128
340,129
340,130
340,133
340,134
340,135
340,136
340,137
340,138
340,321
340,322
340,325
340,326
340,330
340,331
340,332
340,333
340,334
340,335
340,336
340,337
340,338
340,339
340,341
340,342
340,343
340,344
340,345
340,346
340,347
340,348
340,349
340,350
340,351
340,352
340,353
340,354
340,355
340,356
340,357
340,358
340,359
340,360
340,361
340,362
340,363
340,364
340,365
340,571
340,573
340,880
340,881
340,883
340,884
340,885
340,886
340,887
340,888
340,889
340,890
340,891
340,892
340,893
340,894
340,895
340,896
340,897
340,898
340,899
340,900
340,901
340,902
340,903
340,911
340,912
340,913
340,915
340,916
341,2
341,3
341,15
341,16
341,17
341,18
341,22
341,23
341,24
341,25
341,29
341,44
341,72
341,74
341,75
341,76
341,77
341,78
341,79
341,80
341,81
341,82
341,83
341,84
341,85
341,86
341,87
341,88
341,89
341,115
341,117
341,118
341,119
341,120
341,121
341,122
341,123
341,124
341,125
341,126
341,127
341,128
341,129
341,130
341,131
341,132
341,133
341,134
341,135
341,136
341,137
341,138
341,321
341,322
341,325
341,326
341,330
341,331
341,332
341,333
341,334
341,335
341,336
341,337
341,338
341,339
341,340
341,342
341,343
341,344
341,345
341,346
341,347
341,348
341,349
341,350
341,351
341,352
341,353
341,354
341,355
341,356
341,357
341,358
341,359
341,360
341,361
341,362
341,363
341,364
341,365
341,366
341,567
341,568
341,569
341,570
341,571
341,572
341,573
341,574
341,575
341,577
341,578
341,579
341,581
341,585
341,879
341,880
341,881
341,883
341,884
341,885
341,886
341,887
341,888
341,889
341,890
341,891
341,892
341,893
341,894
341,895
341,896
341,897
341,898
341,899
341,900
341,901
341,902
341,903
341,911
341,912
341,913
341,914
341,915
341,916
341,917
341,918
342,3
342,15
342,16
342,17
342,18
342,22
342,23
342,24
342,29
342,74
342,75
342,76
342,77
342,78
342,79
342,80
342,81
342,82
342,83
342,84
342,85
342,86
342,127
342,128
342,129
342,130
342,134
342,136
342,137
342,319
342,320
342,321
342,322
342,323
342,324
342,325
342,326
342,329
342,330
342,331
342,332
342,333
342,334
342,335
342,336
342,337
342,338
342,339
342,340
342,341
342,343
342,344
342,345
342,346
342,347
342,348
342,349
342,350
342,351
342,352
342,353
342,354
342,355
342,356
342,357
342,358
342,359
342,360
342,361
342,362
342,363
342,364
342,875
342,876
342,878
342,879
342,880
342,881
342,882
342,883
342,884
342,885
342,886
342,887
342,888
342,889
342,890
342,891
342,892
342,893
342,894
342,895
342,896
342,897
342,898
342,900
342,901
343,3
343,15
343,16
343,17
343,18
343,22
343,23
343,24
343,29
343,72
343,73
343,74
343,75
343,76
343,77
343,78
343,79
343,80
343,81
343,82
343,83
343,84
343,85
343,86
343,118
343,123
343,124
343,125
343,127
343,128
343,129
343,130
343,134
343,135
343,136
343,137
343,319
343,320
343,321
343,322
343,323
343,324
343,325
343,326
343,329
343,330
343,331
343,332
343,333
343,334
343,335
343,336
343,337
343,338
343,339
343,340
343,341
343,342
343,344
343,345
343,346
343,347
343,348
343,349
343,350
343,351
343,352
343,353
343,354
343,355
343,356
343,357
343,358
343,359
343,360
343,361
343,362
343,363
343,364
343,365
343,875
343,876
343,878
343,879
343,880
343,881
343,882
343,883
343,884
343,885
343,886
343,887
343,888
343,889
343,890
343,891
343,892
343,893
343,894
343,895
343,896
343,897
343,898
343,899
343,900
343,901
343,902
343,903
344,3
344,15
344,16
344,17
344,18
344,23
344,24
344,25
344,29
344,44
344,75
344,76
344,77
344,78
344,79
344,80
344,81
344,82
344,83
344,84
344,85
344,86
344,89
344,127
344,128
344,129
344,130
344,134
344,135
344,136
344,137
344,138
344,321
344,322
344,325
344,326
344,330
344,331
344,332
344,333
344,334
344,335
344,336
344,337
344,338
344,339
344,340
344,341
344,342
344,343
344,345
344,346
344,347
344,348
344,349
344,350
344,351
344,352
344,353
344,354
344,355
344,356
344,357
344,358
344,359
344,360
344,361
344,362
344,363
344,364
344,365
344,879
344,880
344,881
344,883
344,884
344,885
344,886
344,887
344,888
344,889
344,890
344,891
344,892
344,893
344,894
344,895
344,896
344,897
344,898
344,899
344,900
344,901
344,902
344,903
344,911
344,912
344,913
344,915
344,916
344,917
345,3
345,15
345,16
345,17
345,18
345,23
345,24
345,25
345,29
345,44
345,75
345,76
345,77
345,78
345,79
345,80
345,81
345,82
345,83
345,84
345,85
345,86
345,87
345,89
345,123
345,125
345,127
345,128
345,129
345,130
345,134
345,135
345,136
345,137
345,138
345,321
345,322
345,325
345,326
345,330
345,331
345,332
345,333
345,334
345,335
345,336
345,337
345,338
345,339
345,340
345,341
345,342
345,343
345,344
345,346
345,347
345,348
345,349
345,350
345,351
345,352
345,353
345,354
345,355
345,356
345,357
345,358
345,359
345,360
345,361
345,362
345,363
345,364
345,365
345,366
345,879
345,880
345,881
345,883
345,884
345,885
345,886
345,887
345,888
345,889
345,890
345,891
345,892
345,893
345,894
345,895
345,896
345,897
345,898
345,899
345,900
345,901
345,902
345,903
345,911
345,912
345,913
345,914
345,915
345,916
345,917
345,918
346,3
346,15
346,16
346,17
346,18
346,22
346,23
346,24
346,29
346,72
346,73
346,74
346,75
346,76
346,77
346,78
346,79
346,80
346,81
346,82
346,85
346,127
346,129
346,130
346,313
346,314
346,317
346,318
346,319
346,320
346,321
346,322
346,323
346,324
346,325
346,326
346,328
346,329
346,330
346,331
346,332
346,333
346,334
346,335
346,336
346,337
346,338
346,339
346,340
346,341
346,342
346,343
346,344
346,345
346,347
346,348
346,349
346,350
346,351
346,352
346,354
346,355
346,356
346,357
346,361
346,362
346,363
346,364
346,871
346,872
346,873
346,874
346,875
346,876
346,877
346,878
346,879
346,880
346,881
346,882
346,883
346,884
346,885
346,886
346,887
346,888
346,889
346,890
346,891
346,892
346,893
346,894
346,895
346,896
346,897
347,3
347,22
347,23
347,24
347,29
347,74
347,77
347,78
347,313
347,314
347,316
347,317
347,318
347,319
347,320
347,321
347,322
347,323
347,324
347,325
347,326
347,327
347,328
347,329
347,330
347,331
347,332
347,333
347,334
347,335
347,336
347,337
347,338
347,339
347,340
347,341
347,342
347,343
347,344
347,345
347,346
347,348
347,349
347,350
347,361
347,362
347,867
347,868
347,869
347,870
347,871
347,872
347,873
347,874
347,875
347,876
347,877
347,878
347,879
347,880
347,881
347,882
347,883
347,884
347,885
347,886
347,887
347,888
347,889
347,890
347,891
347,892
347,893
347,894
347,896
347,897
348,3
348,23
348,24
348,29
348,77
348,78
348,81
348,317
348,319
348,320
348,321
348,322
348,323
348,324
348,325
348,326
348,328
348,329
348,330
348,331
348,332
348,333
348,334
348,335
348,336
348,337
348,338
348,339
348,340
348,341
348,342
348,343
348,344
348,345
348,346
348,347
348,349
348,350
348,351
348,352
348,355
348,356
348,357
348,361
348,362
348,363
348,364
348,872
348,873
348,874
348,875
348,876
348,877
348,878
348,879
348,880
348,881
348,882
348,883
348,884
348,885
348,886
348,887
348,888
348,889
348,890
348,891
348,892
348,893
348,894
348,895
348,896
348,897
349,3
349,15
349,16
349,17
349,18
349,22
349,23
349,24
349,29
349,74
349,75
349,76
349,77
349,78
349,79
349,80
349,81
349,82
349,83
349,85
349,86
349,127
349,128
349,129
349,130
349,134
349,136
349,137
349,319
349,320
349,321
349,322
349,323
349,324
349,325
349,326
349,329
349,330
349,331
349,332
349,333
349,334
349,335
349,336
349,337
349,338
349,339
349,340
349,341
349,342
349,343
349,344
349,345
349,346
349,347
349,348
349,350
349,351
349,352
349,353
349,354
349,355
349,356
349,357
349,358
349,359
349,360
349,361
349,362
349,363
349,364
349,875
349,876
349,877
349,878
349,879
349,880
349,881
349,882
349,883
349,884
349,885
349,886
349,887
349,888
349,889
349,890
349,891
349,892
349,893
349,894
349,895
349,896
349,897
349,898
349,899
349,900
349,901
349,902
349,903
350,3
350,16
350,17
350,18
350,23
350,24
350,29
350,44
350,76
350,77
350,78
350,79
350,80
350,81
350,82
350,83
350,84
350,85
350,86
350,89
350,127
350,128
350,129
350,130
350,134
350,135
350,136
350,137
350,322
350,325
350,326
350,329
350,330
350,331
350,332
350,333
350,334
350,335
350,336
350,337
350,338
350,339
350,340
350,341
350,342
350,343
350,344
350,345
350,346
350,347
350,348
350,349
350,351
350,352
350,353
350,354
350,355
350,356
350,357
350,358
350,359
350,360
350,361
350,362
350,363
350,364
350,365
350,879
350,880
350,881
350,882
350,883
350,884
350,885
350,886
350,887
350,888
350,889
350,890
350,891
350,892
350,893
350,894
350,895
350,896
350,897
350,898
350,899
350,900
350,901
350,902
350,903
350,911
350,912
350,913
350,914
350,915
350,916
350,917
350,918
351,2
351,3
351,15
351,16
351,17
351,18
351,23
351,24
351,25
351,29
351,44
351,75
351,76
351,77
351,78
351,79
351,80
351,81
351,82
351,83
351,84
351,85
351,86
351,87
351,88
351,89
351,123
351,125
351,126
351,127
351,128
351,129
351,130
351,133
351,134
351,135
351,136
351,137
351,138
351,330
351,331
351,332
351,333
351,334
351,335
351,336
351,337
351,338
351,339
351,340
351,341
351,342
351,343
351,344
351,345
351,346
351,348
351,349
351,350
351,352
351,353
351,354
351,355
351,356
351,357
351,358
351,359
351,360
351,361
351,362
351,363
351,364
351,365
351,366
351,368
351,530
351,532
351,533
351,534
351,535
351,571
351,573
351,574
351,577
351,579
351,581
351,583
351,585
351,586
351,587
351,590
351,593
351,595
351,886
351,887
351,889
351,890
351,891
351,892
351,893
351,894
351,895
351,896
351,897
351,898
351,899
351,900
351,901
351,902
351,903
351,904
351,905
351,906
351,907
351,908
351,909
351,910
351,911
351,912
351,913
351,914
351,915
351,916
351,917
351,918
351,919
351,920
351,921
351,922
351,923
351,924
351,925
352,2
352,3
352,15
352,16
352,17
352,18
352,23
352,24
352,25
352,29
352,44
352,75
352,76
352,77
352,78
352,79
352,80
352,81
352,82
352,83
352,84
352,85
352,86
352,87
352,88
352,89
352,118
352,119
352,121
352,122
352,123
352,124
352,125
352,126
352,127
352,128
352,129
352,130
352,131
352,132
352,133
352,134
352,135
352,136
352,137
352,138
352,251
352,330
352,331
352,332
352,333
352,334
352,335
352,336
352,337
352,338
352,339
352,340
352,341
352,342
352,343
352,344
352,345
352,346
352,348
352,349
352,350
352,351
352,353
352,354
352,355
352,356
352,357
352,358
352,359
352,360
352,361
352,362
352,363
352,364
352,365
352,366
352,368
352,530
352,531
352,532
352,533
352,534
352,535
352,567
352,568
352,569
352,570
352,571
352,572
352,573
352,574
352,575
352,576
352,577
352,578
352,579
352,580
352,581
352,582
352,583
352,584
352,585
352,586
352,587
352,588
352,590
352,591
352,593
352,594
352,595
352,596
352,886
352,887
352,889
352,890
352,891
352,892
352,893
352,894
352,895
352,896
352,897
352,898
352,899
352,900
352,901
352,902
352,903
352,904
352,905
352,906
352,907
352,908
352,909
352,910
352,911
352,912
352,913
352,914
352,915
352,916
352,917
352,918
352,919
352,920
352,921
352,922
352,923
352,924
352,925
352,926
353,2
353,3
353,16
353,17
353,18
353,24
353,25
353,27
353,29
353,30
353,44
353,78
353,79
353,80
353,81
353,82
353,83
353,84
353,85
353,86
353,87
353,88
353,89
353,125
353,127
353,128
353,129
353,130
353,133
353,134
353,135
353,136
353,137
353,138
353,143
353,144
353,145
353,251
353,332
353,333
353,336
353,337
353,338
353,339
353,340
353,341
353,342
353,343
353,344
353,345
353,349
353,350
353,351
353,352
353,354
353,355
353,356
353,357
353,358
353,359
353,360
353,361
353,362
353,363
353,364
353,365
353,366
353,367
353,368
353,369
353,530
353,531
353,532
353,533
353,534
353,535
353,571
353,573
353,577
353,579
353,581
353,582
353,583
353,584
353,585
353,586
353,587
353,588
353,590
353,591
353,592
353,593
353,594
353,595
353,596
353,601
353,602
353,613
353,614
353,617
353,618
353,619
353,891
353,893
353,894
353,895
353,896
353,897
353,898
353,899
353,900
353,901
353,902
353,903
353,904
353,905
353,906
353,907
353,908
353,909
353,910
353,911
353,912
353,913
353,914
353,915
353,916
353,917
353,918
353,919
353,920
353,921
353,922
353,923
353,924
353,925
353,926
353,927
353,928
353,929
353,930
353,931
353,932
353,1008
353,1010
353,1012
353,1015
354,2
354,3
354,16
354,17
354,18
354,24
354,25
354,27
354,29
354,30
354,44
354,76
354,78
354,79
354,80
354,81
354,82
354,83
354,84
354,85
354,86
354,87
354,88
354,89
354,121
354,123
354,125
354,126
354,127
354,128
354,129
354,130
354,131
354,132
354,133
354,134
354,135
354,136
354,137
354,138
354,143
354,144
354,145
354,251
354,252
354,332
354,333
354,336
354,337
354,338
354,339
354,340
354,341
354,342
354,343
354,344
354,345
354,346
354,349
354,350
354,351
354,352
354,353
354,355
354,356
354,357
354,358
354,359
354,360
354,361
354,362
354,363
354,364
354,365
354,366
354,367
354,368
354,369
354,406
354,530
354,531
354,532
354,533
354,534
354,535
354,567
354,568
354,569
354,570
354,571
354,572
354,573
354,574
354,575
354,576
354,577
354,578
354,579
354,580
354,581
354,582
354,583
354,584
354,585
354,586
354,587
354,588
354,589
354,590
354,591
354,592
354,593
354,594
354,595
354,596
354,597
354,598
354,601
354,602
354,604
354,613
354,614
354,615
354,616
354,617
354,618
354,619
354,891
354,893
354,894
354,895
354,896
354,897
354,898
354,899
354,900
354,901
354,902
354,903
354,904
354,905
354,906
354,907
354,908
354,909
354,910
354,911
354,912
354,913
354,914
354,915
354,916
354,917
354,918
354,919
354,920
354,921
354,922
354,923
354,924
354,925
354,926
354,927
354,928
354,929
354,930
354,931
354,932
354,1008
354,1009
354,1010
354,1011
354,1012
354,1013
354,1014
354,1015
354,1016
355,2
355,3
355,16
355,17
355,18
355,23
355,24
355,25
355,29
355,30
355,44
355,76
355,78
355,79
355,80
355,81
355,82
355,83
355,84
355,85
355,86
355,87
355,88
355,89
355,127
355,128
355,129
355,130
355,134
355,135
355,136
355,137
355,138
355,330
355,331
355,332
355,333
355,334
355,335
355,336
355,337
355,338
355,339
355,340
355,341
355,342
355,343
355,344
355,345
355,346
355,348
355,349
355,350
355,351
355,352
355,353
355,354
355,356
355,357
355,358
355,359
355,360
355,361
355,362
355,363
355,364
355,365
355,366
355,368
355,532
355,533
355,884
355,885
355,886
355,887
355,888
355,889
355,890
355,891
355,892
355,893
355,894
355,895
355,896
355,897
355,898
355,899
355,900
355,901
355,902
355,903
355,904
355,907
355,908
355,909
355,910
355,911
355,912
355,913
355,914
355,915
355,916
355,917
355,918
355,919
355,920
355,921
355,922
355,923
355,924
355,925
355,926
356,2
356,3
356,16
356,17
356,18
356,23
356,24
356,25
356,29
356,30
356,44
356,76
356,77
356,78
356,79
356,80
356,81
356,82
356,83
356,84
356,85
356,86
356,87
356,88
356,89
356,125
356,127
356,128
356,129
356,130
356,133
356,134
356,135
356,136
356,137
356,138
356,330
356,331
356,332
356,333
356,334
356,335
356,336
356,337
356,338
356,339
356,340
356,341
356,342
356,343
356,344
356,345
356,346
356,348
356,349
356,350
356,351
356,352
356,353
356,354
356,355
356,357
356,358
356,359
356,360
356,361
356,362
356,363
356,364
356,365
356,366
356,368
356,530
356,532
356,533
356,585
356,595
356,885
356,886
356,887
356,888
356,889
356,890
356,891
356,892
356,893
356,894
356,895
356,896
356,897
356,898
356,899
356,900
356,901
356,902
356,903
356,904
356,907
356,908
356,909
356,910
356,911
356,912
356,913
356,914
356,915
356,916
356,917
356,918
356,919
356,920
356,921
356,922
356,923
356,924
356,925
356,926
357,2
357,3
357,16
357,17
357,18
357,24
357,25
357,27
357,29
357,30
357,44
357,78
357,79
357,80
357,81
357,82
357,83
357,84
357,85
357,86
357,87
357,88
357,89
357,128
357,129
357,130
357,134
357,135
357,136
357,137
357,138
357,144
357,145
357,251
357,332
357,333
357,336
357,337
357,338
357,339
357,340
357,341
357,342
357,343
357,344
357,345
357,346
357,348
357,349
357,350
357,351
357,352
357,353
357,354
357,355
357,356
357,358
357,359
357,360
357,361
357,362
357,363
357,364
357,365
357,366
357,367
357,368
357,369
357,530
357,531
357,532
357,533
357,534
357,535
357,585
357,586
357,587
357,590
357,593
357,594
357,595
357,596
357,613
357,617
357,618
357,890
357,891
357,892
357,893
357,894
357,895
357,896
357,897
357,898
357,899
357,900
357,901
357,902
357,903
357,904
357,905
357,906
357,907
357,908
357,909
357,910
357,911
357,912
357,913
357,914
357,915
357,916
357,917
357,918
357,919
357,920
357,921
357,922
357,923
357,924
357,925
357,926
357,927
357,928
357,929
357,930
357,931
357,932
357,1008
357,1010
357,1011
357,1012
357,1013
357,1015
357,1016
358,2
358,3
358,16
358,17
358,18
358,24
358,25
358,27
358,29
358,30
358,44
358,79
358,80
358,81
358,82
358,83
358,84
358,85
358,86
358,87
358,88
358,89
358,125
358,128
358,129
358,130
358,133
358,134
358,135
358,136
358,137
358,138
358,143
358,144
358,145
358,146
358,149
358,150
358,251
358,252
358,338
358,339
358,340
358,341
358,342
358,343
358,344
358,345
358,349
358,350
358,351
358,352
358,353
358,354
358,355
358,356
358,357
358,359
358,360
358,361
358,362
358,363
358,364
358,365
358,366
358,367
358,368
358,369
358,370
358,372
358,406
358,407
358,409
358,530
358,531
358,532
358,533
358,534
358,535
358,573
358,577
358,579
358,580
358,581
358,582
358,583
358,584
358,585
358,586
358,587
358,588
358,589
358,590
358,591
358,592
358,593
358,594
358,595
358,596
358,597
358,598
358,599
358,600
358,601
358,602
358,603
358,604
358,605
358,606
358,609
358,610
358,611
358,613
358,614
358,615
358,616
358,617
358,618
358,619
358,894
358,895
358,897
358,898
358,899
358,900
358,901
358,902
358,903
358,904
358,905
358,906
358,907
358,908
358,909
358,910
358,911
358,912
358,913
358,914
358,915
358,916
358,917
358,918
358,919
358,920
358,921
358,922
358,923
358,924
358,925
358,926
358,927
358,928
358,929
358,930
358,931
358,932
358,1008
358,1009
358,1010
358,1011
358,1012
358,1013
358,1014
358,1015
358,1016
358,1017
358,1018
358,1020
358,1021
359,2
359,3
359,16
359,17
359,18
359,24
359,25
359,27
359,29
359,30
359,44
359,79
359,80
359,81
359,82
359,83
359,84
359,85
359,86
359,87
359,88
359,89
359,125
359,128
359,129
359,130
359,133
359,134
359,135
359,136
359,137
359,138
359,143
359,144
359,145
359,146
359,149
359,150
359,251
359,252
359,338
359,339
359,340
359,341
359,342
359,343
359,344
359,345
359,349
359,350
359,351
359,352
359,353
359,354
359,355
359,356
359,357
359,358
359,360
359,361
359,362
359,363
359,364
359,365
359,366
359,367
359,368
359,369
359,370
359,372
359,406
359,407
359,409
359,530
359,531
359,532
359,533
359,534
359,535
359,573
359,574
359,575
359,577
359,578
359,579
359,580
359,581
359,582
359,583
359,584
359,585
359,586
359,587
359,588
359,589
359,590
359,591
359,592
359,593
359,594
359,595
359,596
359,597
359,598
359,599
359,600
359,601
359,602
359,603
359,604
359,605
359,606
359,609
359,610
359,611
359,613
359,614
359,615
359,616
359,617
359,618
359,619
359,895
359,898
359,899
359,900
359,901
359,902
359,903
359,904
359,905
359,906
359,907
359,908
359,909
359,910
359,911
359,912
359,913
359,914
359,915
359,916
359,917
359,918
359,919
359,920
359,921
359,922
359,923
359,924
359,925
359,926
359,927
359,928
359,929
359,930
359,931
359,932
359,1008
359,1009
359,1010
359,1011
359,1012
359,1013
359,1014
359,1015
359,1016
359,1017
359,1018
359,1019
359,1020
359,1021
360,2
360,3
360,17
360,18
360,24
360,25
360,27
360,29
360,30
360,31
360,44
360,80
360,81
360,82
360,83
360,84
360,85
360,86
360,87
360,88
360,89
360,130
360,134
360,135
360,136
360,137
360,138
360,143
360,144
360,145
360,149
360,150
360,251
360,252
360,338
360,339
360,340
360,341
360,342
360,343
360,344
360,345
360,349
360,350
360,351
360,352
360,353
360,354
360,355
360,356
360,357
360,358
360,359
360,361
360,362
360,363
360,364
360,365
360,366
360,367
360,368
360,369
360,370
360,372
360,406
360,407
360,409
360,530
360,531
360,532
360,533
360,534
360,535
360,581
360,583
360,585
360,586
360,587
360,588
360,590
360,591
360,592
360,593
360,594
360,595
360,596
360,597
360,601
360,602
360,603
360,604
360,613
360,614
360,615
360,616
360,617
360,618
360,619
360,891
360,894
360,895
360,896
360,897
360,898
360,899
360,900
360,901
360,902
360,903
360,904
360,905
360,906
360,907
360,908
360,909
360,910
360,911
360,912
360,913
360,914
360,915
360,916
360,917
360,918
360,919
360,920
360,921
360,922
360,923
360,924
360,925
360,926
360,927
360,928
360,929
360,930
360,931
360,932
360,1008
360,1009
360,1010
360,1011
360,1012
360,1013
360,1014
360,1015
360,1016
360,1017
360,1018
360,1020
360,1021
360,1022
361,3
361,16
361,17
361,18
361,24
361,25
361,29
361,30
361,44
361,78
361,80
361,81
361,82
361,83
361,84
361,85
361,86
361,89
361,129
361,130
361,134
361,135
361,136
361,137
361,138
361,330
361,331
361,332
361,333
361,334
361,335
361,336
361,337
361,338
361,339
361,340
361,341
361,342
361,343
361,344
361,345
361,346
361,347
361,348
361,349
361,350
361,351
361,352
361,353
361,354
361,355
361,356
361,357
361,358
361,359
361,360
361,362
361,363
361,364
361,365
361,366
361,368
361,884
361,885
361,886
361,887
361,888
361,889
361,890
361,891
361,892
361,893
361,894
361,895
361,896
361,897
361,898
361,899
361,900
361,901
361,902
361,903
361,907
361,908
361,911
361,912
361,913
361,914
361,915
361,916
361,917
361,918
361,919
361,920
361,923
361,924
361,925
362,2
362,3
362,17
362,18
362,24
362,25
362,29
362,30
362,44
362,78
362,80
362,81
362,82
362,83
362,84
362,85
362,86
362,89
362,128
362,129
362,130
362,134
362,135
362,136
362,137
362,138
362,331
362,332
362,333
362,334
362,335
362,336
362,337
362,338
362,339
362,340
362,341
362,342
362,343
362,344
362,345
362,346
362,347
362,348
362,349
362,350
362,351
362,352
362,353
362,354
362,355
362,356
362,357
362,358
362,359
362,360
362,361
362,363
362,364
362,365
362,366
362,368
362,884
362,885
362,886
362,887
362,888
362,889
362,890
362,891
362,892
362,893
362,894
362,895
362,896
362,897
362,898
362,899
362,900
362,901
362,902
362,903
362,907
362,908
362,911
362,912
362,913
362,914
362,915
362,916
362,917
362,918
362,919
362,920
362,922
362,923
362,924
362,925
362,926
363,2
363,3
363,17
363,18
363,24
363,25
363,29
363,30
363,44
363,80
363,81
363,82
363,83
363,84
363,85
363,86
363,87
363,88
363,89
363,130
363,134
363,135
363,136
363,137
363,138
363,332
363,333
363,336
363,337
363,338
363,339
363,340
363,341
363,342
363,343
363,344
363,345
363,346
363,348
363,349
363,350
363,351
363,352
363,353
363,354
363,355
363,356
363,357
363,358
363,359
363,360
363,361
363,362
363,364
363,365
363,366
363,367
363,368
363,369
363,532
363,533
363,534
363,595
363,887
363,890
363,891
363,892
363,893
363,894
363,895
363,896
363,897
363,898
363,899
363,900
363,901
363,902
363,903
363,904
363,905
363,906
363,907
363,908
363,909
363,910
363,911
363,912
363,913
363,914
363,915
363,916
363,917
363,918
363,919
363,920
363,921
363,922
363,923
363,924
363,925
363,926
363,927
363,931
363,1010
363,1012
363,1015
363,1016
364,2
364,3
364,17
364,18
364,24
364,25
364,27
364,29
364,30
364,44
364,80
364,81
364,82
364,83
364,84
364,85
364,86
364,87
364,88
364,89
364,128
364,129
364,130
364,134
364,135
364,136
364,137
364,138
364,251
364,332
364,333
364,336
364,337
364,338
364,339
364,340
364,341
364,342
364,343
364,344
364,345
364,346
364,348
364,349
364,350
364,351
364,352
364,353
364,354
364,355
364,356
364,357
364,358
364,359
364,360
364,361
364,362
364,363
364,365
364,366
364,367
364,368
364,369
364,530
364,532
364,533
364,534
364,535
364,593
364,595
364,596
364,890
364,891
364,892
364,893
364,894
364,895
364,896
364,897
364,898
364,899
364,900
364,901
364,902
364,903
364,904
364,905
364,906
364,907
364,908
364,909
364,910
364,911
364,912
364,913
364,914
364,915
364,916
364,917
364,918
364,919
364,920
364,921
364,922
364,923
364,924
364,925
364,926
364,927
364,928
364,931
364,932
364,1008
364,1010
364,1011
364,1012
364,1013
364,1014
364,1015
364,1016
365,2
365,3
365,17
365,18
365,24
365,25
365,27
365,29
365,30
365,44
365,80
365,81
365,82
365,83
365,84
365,85
365,86
365,87
365,88
365,89
365,125
365,126
365,128
365,129
365,130
365,133
365,134
365,135
365,136
365,137
365,138
365,143
365,144
365,145
365,150
365,251
365,252
365,339
365,340
365,341
365,343
365,344
365,345
365,350
365,351
365,352
365,353
365,354
365,355
365,356
365,357
365,358
365,359
365,360
365,361
365,362
365,363
365,364
365,366
365,367
365,368
365,369
365,370
365,372
365,406
365,407
365,409
365,530
365,531
365,532
365,533
365,534
365,535
365,573
365,574
365,575
365,576
365,577
365,578
365,579
365,580
365,581
365,582
365,583
365,584
365,585
365,586
365,587
365,588
365,589
365,590
365,591
365,592
365,593
365,594
365,595
365,596
365,597
365,598
365,599
365,600
365,601
365,602
365,603
365,604
365,609
365,610
365,613
365,614
365,615
365,616
365,617
365,618
365,619
365,898
365,899
365,900
365,901
365,902
365,903
365,904
365,905
365,906
365,907
365,908
365,909
365,910
365,911
365,912
365,913
365,914
365,915
365,916
365,917
365,918
365,919
365,920
365,921
365,922
365,923
365,924
365,925
365,926
365,927
365,928
365,929
365,930
365,931
365,932
365,1008
365,1009
365,1010
365,1011
365,1012
365,1013
365,1014
365,1015
365,1016
365,1017
365,1018
365,1019
365,1020
365,1021
366,2
366,3
366,17
366,18
366,25
366,27
366,29
366,30
366,31
366,44
366,82
366,83
366,84
366,85
366,86
366,87
366,88
366,89
366,130
366,133
366,134
366,135
366,136
366,137
366,138
366,140
366,143
366,144
366,145
366,146
366,149
366,150
366,152
366,251
366,252
366,341
366,345
366,351
366,352
366,353
366,354
366,355
366,356
366,357
366,358
366,359
366,360
366,361
366,362
366,363
366,364
366,365
366,367
366,368
366,369
366,370
366,371
366,372
366,373
366,406
366,407
366,408
366,409
366,410
366,530
366,531
366,532
366,533
366,534
366,535
366,579
366,580
366,581
366,582
366,583
366,584
366,585
366,586
366,587
366,588
366,589
366,590
366,591
366,592
366,593
366,594
366,595
366,596
366,597
366,598
366,599
366,600
366,601
366,602
366,603
366,604
366,605
366,606
366,607
366,608
366,609
366,610
366,611
366,612
366,613
366,614
366,615
366,616
366,617
366,618
366,619
366,624
366,898
366,899
366,900
366,901
366,902
366,903
366,904
366,905
366,906
366,907
366,908
366,909
366,910
366,911
366,912
366,913
366,914
366,915
366,916
366,917
366,918
366,919
366,920
366,921
366,922
366,923
366,924
366,925
366,926
366,927
366,928
366,929
366,930
366,931
366,932
366,1008
366,1009
366,1010
366,1011
366,1012
366,1013
366,1014
366,1015
366,1016
366,1017
366,1018
366,1019
366,1020
366,1021
366,1022
366,1023
366,1024
366,1025
367,2
367,3
367,18
367,25
367,27
367,29
367,30
367,31
367,32
367,44
367,45
367,84
367,86
367,87
367,88
367,89
367,135
367,137
367,138
367,139
367,140
367,141
367,142
367,143
367,144
367,145
367,146
367,147
367,148
367,149
367,150
367,151
367,152
367,153
367,158
367,159
367,162
367,163
367,164
367,165
367,251
367,252
367,353
367,354
367,357
367,358
367,359
367,360
367,363
367,364
367,365
367,366
367,368
367,369
367,370
367,371
367,372
367,373
367,374
367,375
367,376
367,377
367,406
367,407
367,408
367,409
367,410
367,411
367,412
367,413
367,414
367,415
367,416
367,417
367,418
367,419
367,422
367,530
367,531
367,532
367,533
367,534
367,535
367,586
367,587
367,588
367,589
367,590
367,591
367,592
367,593
367,594
367,595
367,596
367,597
367,598
367,599
367,600
367,601
367,602
367,603
367,604
367,605
367,606
367,607
367,608
367,609
367,610
367,611
367,612
367,613
367,614
367,615
367,616
367,617
367,618
367,619
367,620
367,621
367,622
367,623
367,624
367,625
367,904
367,905
367,906
367,907
367,908
367,909
367,910
367,911
367,912
367,913
367,914
367,915
367,916
367,917
367,918
367,919
367,920
367,921
367,922
367,923
367,924
367,925
367,926
367,927
367,928
367,929
367,930
367,931
367,932
367,1008
367,1009
367,1010
367,1011
367,1012
367,1013
367,1014
367,1015
367,1016
367,1017
367,1018
367,1019
367,1020
367,1021
367,1022
367,1023
367,1024
367,1025
367,1026
367,1027
367,1028
367,1029
367,1030
367,1031
367,1032
367,1033
367,1034
367,1035
367,1036
367,1037
368,2
368,3
368,18
368,25
368,27
368,29
368,30
368,31
368,44
368,84
368,85
368,86
368,87
368,88
368,89
368,135
368,137
368,138
368,139
368,140
368,143
368,144
368,145
368,146
368,147
368,148
368,149
368,150
368,151
368,152
368,163
368,251
368,252
368,351
368,352
368,353
368,354
368,355
368,356
368,357
368,358
368,359
368,360
368,361
368,362
368,363
368,364
368,365
368,366
368,367
368,369
368,370
368,371
368,372
368,373
368,374
368,376
368,406
368,407
368,408
368,409
368,410
368,411
368,412
368,413
368,414
368,416
368,418
368,530
368,531
368,532
368,533
368,534
368,535
368,586
368,587
368,588
368,589
368,590
368,591
368,592
368,593
368,594
368,595
368,596
368,597
368,598
368,599
368,600
368,601
368,602
368,603
368,604
368,605
368,606
368,607
368,608
368,609
368,610
368,611
368,612
368,613
368,614
368,615
368,616
368,617
368,618
368,619
368,624
368,898
368,899
368,900
368,901
368,902
368,903
368,904
368,905
368,906
368,907
368,908
368,909
368,910
368,911
368,912
368,913
368,914
368,915
368,916
368,917
368,918
368,919
368,920
368,921
368,922
368,923
368,924
368,925
368,926
368,927
368,928
368,929
368,930
368,931
368,932
368,1008
368,1009
368,1010
368,1011
368,1012
368,1013
368,1014
368,1015
368,1016
368,1017
368,1018
368,1019
368,1020
368,1021
368,1022
368,1023
368,1024
368,1025
368,1026
368,1027
368,1028
368,1029
368,1030
368,1031
368,1032
368,1034
368,1035
369,2
369,3
369,18
369,25
369,27
369,29
369,30
369,31
369,32
369,44
369,45
369,86
369,87
369,88
369,89
369,138
369,139
369,140
369,143
369,144
369,145
369,146
369,147
369,148
369,149
369,150
369,151
369,152
369,159
369,162
369,163
369,165
369,251
369,252
369,353
369,354
369,357
369,358
369,359
369,360
369,363
369,364
369,365
369,366
369,367
369,368
369,370
369,371
369,372
369,373
369,374
369,375
369,376
369,377
369,406
369,407
369,408
369,409
369,410
369,411
369,412
369,413
369,414
369,415
369,416
369,417
369,418
369,419
369,420
369,422
369,423
369,424
369,530
369,531
369,532
369,533
369,534
369,535
369,590
369,592
369,593
369,594
369,595
369,596
369,597
369,598
369,599
369,600
369,601
369,602
369,603
369,604
369,605
369,606
369,607
369,608
369,609
369,610
369,611
369,612
369,613
369,614
369,615
369,616
369,617
369,618
369,619
369,620
369,621
369,622
369,623
369,624
369,625
369,904
369,905
369,906
369,907
369,908
369,909
369,910
369,911
369,912
369,913
369,914
369,915
369,916
369,917
369,918
369,919
369,920
369,921
369,922
369,923
369,924
369,925
369,926
369,927
369,928
369,929
369,930
369,931
369,932
369,1008
369,1009
369,1010
369,1011
369,1012
369,1013
369,1014
369,1015
369,1016
369,1017
369,1018
369,1019
369,1020
369,1021
369,1022
369,1023
369,1024
369,1025
369,1026
369,1027
369,1028
369,1029
369,1030
369,1031
369,1032
369,1033
369,1034
369,1035
369,1036
369,1037
370,2
370,3
370,18
370,25
370,27
370,29
370,30
370,31
370,32
370,44
370,45
370,46
370,87
370,88
370,89
370,138
370,139
370,140
370,141
370,142
370,143
370,144
370,145
370,146
370,147
370,148
370,149
370,150
370,151
370,152
370,153
370,154
370,158
370,159
370,160
370,161
370,162
370,163
370,164
370,165
370,167
370,170
370,171
370,251
370,252
370,358
370,359
370,360
370,365
370,366
370,367
370,368
370,369
370,371
370,372
370,373
370,374
370,375
370,376
370,377
370,378
370,380
370,406
370,407
370,408
370,409
370,410
370,411
370,412
370,413
370,414
370,415
370,416
370,417
370,418
370,419
370,420
370,421
370,422
370,423
370,424
370,425
370,426
370,530
370,531
370,532
370,533
370,534
370,535
370,589
370,590
370,592
370,593
370,594
370,595
370,596
370,597
370,598
370,599
370,600
370,601
370,602
370,603
370,604
370,605
370,606
370,607
370,608
370,609
370,610
370,611
370,612
370,613
370,614
370,615
370,616
370,617
370,618
370,619
370,620
370,621
370,622
370,623
370,624
370,625
370,628
370,629
370,904
370,905
370,906
370,907
370,908
370,909
370,910
370,919
370,920
370,921
370,922
370,923
370,924
370,925
370,926
370,927
370,928
370,929
370,930
370,931
370,932
370,1008
370,1009
370,1010
370,1011
370,1012
370,1013
370,1014
370,1015
370,1016
370,1017
370,1018
370,1019
370,1020
370,1021
370,1022
370,1023
370,1024
370,1025
370,1026
370,1027
370,1028
370,1029
370,1030
370,1031
370,1032
370,1033
370,1034
370,1035
370,1036
370,1037
371,2
371,3
371,25
371,27
371,29
371,30
371,31
371,32
371,33
371,44
371,45
371,46
371,88
371,139
371,140
371,141
371,142
371,143
371,144
371,145
371,146
371,147
371,148
371,149
371,150
371,151
371,152
371,153
371,154
371,157
371,158
371,159
371,160
371,161
371,162
371,163
371,164
371,165
371,166
371,167
371,168
371,169
371,170
371,171
371,172
371,173
371,251
371,252
371,366
371,367
371,368
371,369
371,370
371,372
371,373
371,374
371,375
371,376
371,377
371,378
371,379
371,380
371,381
371,406
371,407
371,408
371,409
371,410
371,411
371,412
371,413
371,414
371,415
371,416
371,417
371,418
371,419
371,420
371,421
371,422
371,423
371,424
371,425
371,426
371,427
371,428
371,432
371,433
371,599
371,600
371,601
371,602
371,603
371,604
371,605
371,606
371,607
371,608
371,609
371,610
371,611
371,612
371,613
371,614
371,615
371,616
371,617
371,618
371,619
371,620
371,621
371,622
371,623
371,624
371,625
371,626
371,627
371,628
371,629
371,630
371,632
371,633
371,910
371,927
371,928
371,929
371,930
371,931
371,932
371,1008
371,1009
371,1010
371,1011
371,1012
371,1013
371,1014
371,1015
371,1016
371,1017
371,1018
371,1019
371,1020
371,1021
371,1022
371,1023
371,1024
371,1025
371,1026
371,1027
371,1028
371,1029
371,1030
371,1031
371,1032
371,1033
371,1034
371,1035
371,1036
371,1037
372,2
372,3
372,25
372,27
372,29
372,30
372,31
372,32
372,33
372,44
372,45
372,46
372,88
372,89
372,139
372,140
372,141
372,142
372,143
372,144
372,145
372,146
372,147
372,148
372,149
372,150
372,151
372,152
372,153
372,158
372,159
372,160
372,161
372,162
372,163
372,164
372,165
372,170
372,171
372,251
372,252
372,358
372,359
372,360
372,365
372,366
372,367
372,368
372,369
372,370
372,371
372,373
372,374
372,375
372,376
372,377
372,378
372,380
372,406
372,407
372,408
372,409
372,410
372,411
372,412
372,413
372,414
372,415
372,416
372,417
372,418
372,419
372,420
372,421
372,422
372,423
372,424
372,425
372,426
372,428
372,432
372,433
372,434
372,531
372,532
372,533
372,534
372,535
372,594
372,595
372,596
372,599
372,600
372,601
372,602
372,603
372,604
372,605
372,606
372,607
372,608
372,609
372,610
372,611
372,612
372,613
372,614
372,615
372,616
372,617
372,618
372,619
372,620
372,621
372,622
372,623
372,624
372,625
372,904
372,905
372,906
372,907
372,908
372,909
372,910
372,913
372,914
372,918
372,919
372,920
372,921
372,922
372,923
372,924
372,925
372,926
372,927
372,928
372,929
372,930
372,931
372,932
372,1008
372,1009
372,1010
372,1011
372,1012
372,1013
372,1014
372,1015
372,1016
372,1017
372,1018
372,1019
372,1020
372,1021
372,1022
372,1023
372,1024
372,1025
372,1026
372,1027
372,1028
372,1029
372,1030
372,1031
372,1032
372,1033
372,1034
372,1035
372,1036
372,1037
373,2
373,3
373,25
373,27
373,29
373,30
373,31
373,32
373,33
373,44
373,45
373,46
373,139
373,140
373,141
373,142
373,143
373,144
373,145
373,146
373,147
373,148
373,149
373,150
373,151
373,152
373,153
373,154
373,158
373,159
373,160
373,161
373,162
373,163
373,164
373,165
373,166
373,167
373,170
373,171
373,172
373,173
373,251
373,252
373,366
373,367
373,368
373,369
373,370
373,371
373,372
373,374
373,375
373,376
373,377
373,378
373,379
373,380
373,381
373,406
373,407
373,408
373,409
373,410
373,411
373,412
373,413
373,414
373,415
373,416
373,417
373,418
373,419
373,420
373,421
373,422
373,423
373,424
373,425
373,426
373,427
373,428
373,429
373,430
373,432
373,433
373,434
373,435
373,607
373,608
373,609
373,610
373,611
373,612
373,615
373,616
373,617
373,618
373,619
373,620
373,621
373,622
373,623
373,624
373,625
373,910
373,922
373,925
373,926
373,927
373,928
373,929
373,930
373,931
373,932
373,1008
373,1009
373,1010
373,1011
373,1012
373,1013
373,1014
373,1015
373,1016
373,1017
373,1018
373,1019
373,1020
373,1021
373,1022
373,1023
373,1024
373,1025
373,1026
373,1027
373,1028
373,1029
373,1030
373,1031
373,1032
373,1033
373,1034
373,1035
373,1036
373,1037
374,2
374,3
374,27
374,30
374,31
374,32
374,33
374,44
374,45
374,46
374,47
374,139
374,140
374,141
374,142
374,143
374,144
374,145
374,146
374,147
374,148
374,149
374,150
374,151
374,152
374,153
374,154
374,157
374,158
374,159
374,160
374,161
374,162
374,163
374,164
374,165
374,166
374,167
374,168
374,169
374,170
374,171
374,172
374,173
374,177
374,178
374,181
374,182
374,251
374,252
374,367
374,368
374,369
374,370
374,371
374,372
374,373
374,375
374,376
374,377
374,378
374,379
374,380
374,381
374,382
374,384
374,406
374,407
374,408
374,409
374,410
374,411
374,412
374,413
374,414
374,415
374,416
374,417
374,418
374,419
374,420
374,421
374,422
374,423
374,424
374,425
374,426
374,427
374,428
374,429
374,430
374,432
374,433
374,434
374,435
374,607
374,608
374,611
374,612
374,620
374,621
374,622
374,623
374,624
374,625
374,626
374,627
374,628
374,629
374,630
374,631
374,632
374,633
374,636
374,637
374,639
374,1017
374,1018
374,1019
374,1020
374,1021
374,1022
374,1023
374,1024
374,1025
374,1026
374,1027
374,1028
374,1029
374,1030
374,1031
374,1032
374,1033
374,1034
374,1035
374,1036
374,1037
375,2
375,4
375,27
375,30
375,31
375,32
375,33
375,34
375,44
375,45
375,46
375,47
375,139
375,140
375,141
375,142
375,143
375,144
375,145
375,146
375,147
375,148
375,149
375,150
375,151
375,152
375,153
375,154
375,155
375,157
375,158
375,159
375,160
375,161
375,162
375,163
375,164
375,165
375,166
375,167
375,168
375,169
375,170
375,171
375,172
375,173
375,177
375,178
375,179
375,180
375,181
375,182
375,183
375,184
375,252
375,367
375,369
375,370
375,371
375,372
375,373
375,374
375,376
375,377
375,378
375,379
375,380
375,381
375,382
375,383
375,384
375,385
375,406
375,407
375,408
375,409
375,410
375,411
375,412
375,413
375,414
375,415
375,416
375,417
375,418
375,419
375,420
375,421
375,422
375,423
375,424
375,425
375,426
375,427
375,428
375,429
375,430
375,431
375,432
375,433
375,434
375,435
375,437
375,439
375,440
375,441
375,442
375,622
375,623
375,624
375,625
375,626
375,627
375,628
375,629
375,630
375,631
375,632
375,633
375,634
375,635
375,636
375,637
375,638
375,639
375,642
375,643
375,644
375,1026
375,1027
375,1028
375,1030
375,1031
375,1032
375,1033
375,1034
375,1035
375,1036
375,1037
376,2
376,3
376,27
376,30
376,31
376,32
376,33
376,34
376,44
376,45
376,46
376,47
376,139
376,140
376,141
376,142
376,143
376,144
376,145
376,146
376,147
376,148
376,149
376,150
376,151
376,152
376,153
376,154
376,157
376,158
376,159
376,160
376,161
376,162
376,163
376,164
376,165
376,166
376,167
376,168
376,169
376,170
376,171
376,172
376,173
376,181
376,182
376,252
376,367
376,368
376,369
376,370
376,371
376,372
376,373
376,374
376,375
376,377
376,378
376,379
376,380
376,381
376,382
376,384
376,406
376,407
376,408
376,409
376,410
376,411
376,412
376,413
376,414
376,415
376,416
376,417
376,418
376,419
376,420
376,421
376,422
376,423
376,424
376,425
376,426
376,427
376,428
376,429
376,430
376,431
376,432
376,433
376,434
376,435
376,436
376,437
376,439
376,441
376,623
376,624
376,625
376,1017
376,1018
376,1019
376,1020
376,1021
376,1022
376,1023
376,1024
376,1025
376,1026
376,1027
376,1028
376,1029
376,1030
376,1031
376,1032
376,1033
376,1034
376,1035
376,1036
376,1037
377,2
377,4
377,27
377,30
377,31
377,32
377,33
377,34
377,44
377,45
377,46
377,47
377,144
377,145
377,146
377,147
377,148
377,149
377,150
377,151
377,152
377,153
377,154
377,157
377,158
377,159
377,160
377,161
377,162
377,163
377,164
377,165
377,166
377,167
377,168
377,169
377,170
377,171
377,172
377,173
377,177
377,178
377,181
377,182
377,183
377,184
377,367
377,369
377,370
377,371
377,372
377,373
377,374
377,375
377,376
377,378
377,379
377,380
377,381
377,382
377,383
377,384
377,385
377,406
377,407
377,408
377,409
377,410
377,411
377,412
377,413
377,414
377,415
377,416
377,417
377,418
377,419
377,420
377,421
377,422
377,423
377,424
377,425
377,426
377,427
377,428
377,429
377,430
377,431
377,432
377,433
377,434
377,435
377,436
377,437
377,438
377,439
377,440
377,441
377,442
377,448
377,1024
377,1026
377,1027
377,1028
377,1029
377,1030
377,1031
377,1032
377,1033
377,1034
377,1035
377,1036
377,1037
378,2
378,4
378,27
378,30
378,31
378,32
378,33
378,34
378,44
378,45
378,46
378,47
378,141
378,142
378,146
378,147
378,148
378,149
378,150
378,151
378,152
378,153
378,154
378,155
378,156
378,157
378,158
378,159
378,160
378,161
378,162
378,163
378,164
378,165
378,166
378,167
378,168
378,169
378,170
378,171
378,172
378,173
378,177
378,178
378,179
378,180
378,181
378,182
378,183
378,184
378,185
378,186
378,189
378,190
378,370
378,371
378,372
378,373
378,374
378,375
378,376
378,377
378,379
378,380
378,381
378,382
378,383
378,384
378,385
378,386
378,388
378,407
378,408
378,409
378,410
378,411
378,412
378,414
378,415
378,416
378,417
378,418
378,419
378,420
378,421
378,422
378,423
378,424
378,425
378,426
378,427
378,428
378,429
378,430
378,431
378,433
378,435
378,437
378,439
378,440
378,441
378,442
378,629
378,630
378,631
378,632
378,633
378,634
378,635
378,636
378,637
378,638
378,639
378,640
378,641
378,642
378,643
378,644
378,647
378,1032
378,1033
379,2
379,4
379,27
379,30
379,31
379,32
379,33
379,34
379,35
379,45
379,46
379,47
379,151
379,152
379,153
379,154
379,155
379,156
379,157
379,158
379,159
379,160
379,161
379,162
379,163
379,164
379,165
379,166
379,167
379,168
379,169
379,170
379,171
379,172
379,173
379,174
379,175
379,177
379,178
379,179
379,180
379,181
379,182
379,183
379,184
379,185
379,186
379,188
379,189
379,190
379,191
379,192
379,371
379,373
379,374
379,375
379,376
379,377
379,378
379,380
379,381
379,382
379,383
379,384
379,385
379,386
379,387
379,388
379,389
379,408
379,410
379,414
379,415
379,416
379,417
379,418
379,419
379,420
379,421
379,422
379,424
379,425
379,426
379,427
379,428
379,429
379,430
379,431
379,433
379,435
379,437
379,439
379,440
379,441
379,442
379,443
379,444
379,448
379,449
379,450
379,633
379,634
379,635
379,636
379,637
379,638
379,639
379,640
379,641
379,642
379,643
379,644
379,645
379,646
379,647
379,648
379,651
379,1038
379,1039
379,1040
380,2
380,4
380,27
380,30
380,31
380,32
380,33
380,34
380,35
380,44
380,45
380,46
380,47
380,147
380,148
380,150
380,151
380,152
380,153
380,154
380,157
380,158
380,159
380,160
380,161
380,162
380,163
380,164
380,165
380,166
380,167
380,168
380,169
380,170
380,171
380,172
380,173
380,177
380,178
380,179
380,180
380,181
380,182
380,183
380,184
380,189
380,190
380,370
380,371
380,372
380,373
380,374
380,375
380,376
380,377
380,378
380,379
380,381
380,382
380,383
380,384
380,385
380,386
380,388
380,407
380,408
380,409
380,410
380,411
380,412
380,413
380,414
380,415
380,416
380,417
380,418
380,419
380,420
380,421
380,422
380,423
380,424
380,425
380,426
380,427
380,428
380,429
380,430
380,431
380,432
380,433
380,434
380,435
380,436
380,437
380,438
380,439
380,440
380,441
380,442
380,443
380,448
380,449
380,450
380,1030
380,1031
380,1032
380,1033
380,1036
380,1037
380,1038
380,1039
381,2
381,4
381,27
381,30
381,31
381,32
381,33
381,34
381,35
381,45
381,46
381,47
381,151
381,152
381,154
381,157
381,158
381,159
381,160
381,161
381,162
381,163
381,164
381,165
381,166
381,167
381,168
381,169
381,170
381,171
381,172
381,173
381,177
381,178
381,179
381,180
381,181
381,182
381,183
381,184
381,185
381,186
381,189
381,190
381,191
381,192
381,371
381,373
381,374
381,375
381,376
381,377
381,378
381,379
381,380
381,382
381,383
381,384
381,385
381,386
381,387
381,388
381,389
381,408
381,410
381,411
381,414
381,415
381,416
381,417
381,418
381,419
381,420
381,421
381,422
381,423
381,424
381,425
381,426
381,427
381,428
381,429
381,430
381,431
381,433
381,434
381,435
381,436
381,437
381,438
381,439
381,440
381,441
381,442
381,443
381,444
381,448
381,449
381,450
381,451
381,452
381,1038
381,1039
381,1040
381,1041
381,1042
381,1043
381,1044
381,1045
381,1046
381,1049
382,2
382,4
382,27
382,30
382,31
382,32
382,33
382,34
382,35
382,45
382,46
382,47
382,154
382,156
382,157
382,160
382,161
382,162
382,163
382,164
382,165
382,166
382,167
382,168
382,169
382,170
382,171
382,172
382,173
382,174
382,175
382,176
382,177
382,178
382,179
382,180
382,181
382,182
382,183
382,184
382,185
382,186
382,187
382,188
382,189
382,190
382,191
382,192
382,200
382,203
382,204
382,374
382,375
382,376
382,377
382,378
382,379
382,380
382,381
382,383
382,384
382,385
382,386
382,387
382,388
382,389
382,390
382,392
382,414
382,415
382,416
382,417
382,420
382,421
382,424
382,426
382,427
382,428
382,429
382,430
382,431
382,437
382,439
382,440
382,441
382,442
382,443
382,444
382,445
382,448
382,449
382,450
382,451
382,638
382,639
382,640
382,641
382,642
382,643
382,644
382,645
382,646
382,647
382,648
382,649
382,650
382,651
382,652
382,655
382,1038
382,1039
382,1040
382,1041
382,1042
382,1043
382,1045
382,1046
383,2
383,4
383,31
383,32
383,33
383,34
383,35
383,45
383,46
383,47
383,48
383,157
383,161
383,164
383,165
383,166
383,167
383,168
383,169
383,170
383,171
383,172
383,173
383,174
383,175
383,176
383,177
383,178
383,179
383,180
383,181
383,182
383,183
383,184
383,185
383,186
383,187
383,188
383,189
383,190
383,191
383,192
383,193
383,199
383,200
383,201
383,202
383,203
383,204
383,205
383,206
383,375
383,377
383,378
383,379
383,380
383,381
383,382
383,384
383,385
383,386
383,387
383,388
383,389
383,390
383,391
383,392
383,393
383,415
383,417
383,420
383,426
383,427
383,428
383,430
383,431
383,437
383,439
383,440
383,441
383,442
383,443
383,444
383,445
383,446
383,448
383,449
383,450
383,451
383,452
383,454
383,643
383,644
383,645
383,646
383,647
383,648
383,649
383,650
383,651
383,652
383,653
383,654
383,655
383,656
383,659
383,660
383,1038
383,1039
383,1040
383,1041
383,1042
383,1043
383,1044
383,1045
383,1046
383,1047
383,1048
383,1049
383,1050
383,1051
383,1053
383,1054
383,1055
384,2
384,4
384,27
384,30
384,31
384,32
384,33
384,34
384,35
384,45
384,46
384,47
384,157
384,161
384,163
384,164
384,165
384,166
384,167
384,168
384,169
384,170
384,171
384,172
384,173
384,175
384,177
384,178
384,179
384,180
384,181
384,182
384,183
384,184
384,185
384,186
384,187
384,188
384,189
384,190
384,191
384,192
384,204
384,374
384,375
384,376
384,377
384,378
384,379
384,380
384,381
384,382
384,383
384,385
384,386
384,387
384,388
384,389
384,390
384,392
384,414
384,415
384,416
384,417
384,418
384,420
384,421
384,424
384,425
384,426
384,427
384,428
384,429
384,430
384,431
384,433
384,435
384,436
384,437
384,438
384,439
384,440
384,441
384,442
384,443
384,444
384,445
384,448
384,449
384,450
384,451
384,452
384,453
384,454
384,1038
384,1039
384,1040
384,1041
384,1042
384,1043
384,1044
384,1045
384,1046
384,1047
384,1048
384,1049
384,1050
384,1051
384,1052
384,1053
384,1054
385,2
385,4
385,30
385,31
385,32
385,33
385,34
385,35
385,45
385,46
385,47
385,48
385,165
385,167
385,168
385,169
385,170
385,171
385,172
385,173
385,175
385,176
385,177
385,178
385,179
385,180
385,181
385,182
385,183
385,184
385,185
385,186
385,187
385,188
385,189
385,190
385,191
385,192
385,199
385,200
385,203
385,204
385,206
385,375
385,377
385,378
385,379
385,380
385,381
385,382
385,383
385,384
385,386
385,387
385,388
385,389
385,390
385,391
385,392
385,393
385,415
385,417
385,420
385,424
385,426
385,427
385,428
385,429
385,430
385,431
385,435
385,437
385,438
385,439
385,440
385,441
385,442
385,443
385,444
385,445
385,446
385,447
385,448
385,449
385,450
385,451
385,452
385,453
385,454
385,1038
385,1039
385,1040
385,1041
385,1042
385,1043
385,1044
385,1045
385,1046
385,1047
385,1048
385,1049
385,1050
385,1051
385,1052
385,1053
385,1054
385,1055
385,1056
385,1057
385,1058
385,1059
385,1060
385,1061
385,1062
386,2
386,4
386,31
386,32
386,33
386,34
386,35
386,45
386,46
386,47
386,48
386,167
386,168
386,169
386,170
386,171
386,172
386,173
386,174
386,175
386,176
386,177
386,178
386,179
386,180
386,181
386,182
386,183
386,184
386,185
386,186
386,187
386,188
386,189
386,190
386,191
386,192
386,193
386,194
386,199
386,200
386,201
386,202
386,203
386,204
386,205
386,206
386,207
386,208
386,211
386,212
386,378
386,379
386,380
386,381
386,382
386,383
386,384
386,385
386,387
386,388
386,389
386,390
386,391
386,392
386,393
386,394
386,396
386,398
386,426
386,427
386,430
386,431
386,439
386,440
386,441
386,442
386,443
386,444
386,445
386,446
386,447
386,448
386,450
386,451
386,452
386,453
386,454
386,647
386,648
386,649
386,650
386,651
386,652
386,653
386,654
386,655
386,656
386,657
386,658
386,659
386,660
386,661
386,663
386,664
386,1038
386,1039
386,1040
386,1041
386,1042
386,1043
386,1044
386,1045
386,1046
386,1047
386,1048
386,1049
386,1050
386,1051
386,1052
386,1053
386,1054
386,1055
386,1056
386,1057
386,1058
386,1059
386,1060
386,1061
386,1062
386,1063
386,1064
386,1065
387,2
387,4
387,32
387,33
387,34
387,35
387,45
387,46
387,47
387,48
387,49
387,168
387,169
387,172
387,173
387,175
387,176
387,177
387,178
387,179
387,180
387,181
387,182
387,183
387,184
387,185
387,186
387,187
387,188
387,189
387,190
387,191
387,192
387,193
387,194
387,195
387,196
387,199
387,200
387,201
387,202
387,203
387,204
387,205
387,206
387,207
387,208
387,209
387,210
387,211
387,212
387,213
387,214
387,379
387,381
387,382
387,383
387,384
387,385
387,386
387,388
387,389
387,390
387,391
387,392
387,393
387,394
387,395
387,396
387,397
387,398
387,399
387,439
387,440
387,441
387,442
387,443
387,444
387,445
387,446
387,447
387,450
387,452
387,454
387,650
387,651
387,652
387,653
387,654
387,655
387,656
387,657
387,658
387,659
387,660
387,661
387,662
387,663
387,664
387,665
387,666
387,667
387,1038
387,1040
387,1041
387,1043
387,1045
387,1046
387,1047
387,1048
387,1049
387,1050
387,1051
387,1052
387,1053
387,1054
387,1055
387,1056
387,1057
387,1058
387,1059
387,1060
387,1061
387,1062
387,1063
387,1064
387,1065
387,1066
387,1067
387,1068
388,2
388,4
388,31
388,32
388,33
388,34
388,35
388,45
388,46
388,47
388,48
388,168
388,169
388,171
388,172
388,173
388,175
388,176
388,177
388,178
388,179
388,180
388,181
388,182
388,183
388,184
388,185
388,186
388,187
388,188
388,189
388,190
388,191
388,192
388,193
388,199
388,200
388,201
388,202
388,203
388,204
388,205
388,206
388,212
388,378
388,379
388,380
388,381
388,382
388,383
388,384
388,385
388,386
388,387
388,389
388,390
388,391
388,392
388,393
388,394
388,396
388,398
388,426
388,427
388,430
388,431
388,437
388,439
388,440
388,441
388,442
388,443
388,444
388,445
388,446
388,447
388,448
388,449
388,450
388,451
388,452
388,453
388,454
388,1038
388,1039
388,1040
388,1041
388,1042
388,1043
388,1044
388,1045
388,1046
388,1047
388,1048
388,1049
388,1050
388,1051
388,1052
388,1053
388,1054
388,1055
388,1056
388,1057
388,1058
388,1059
388,1060
388,1061
388,1062
388,1063
388,1064
388,1065
388,1066
388,1067
388,1068
389,2
389,4
389,31
389,32
389,33
389,34
389,35
389,45
389,46
389,47
389,48
389,49
389,172
389,173
389,175
389,176
389,177
389,178
389,179
389,180
389,181
389,182
389,183
389,184
389,185
389,186
389,187
389,188
389,189
389,190
389,191
389,192
389,193
389,194
389,199
389,200
389,201
389,202
389,203
389,204
389,205
389,206
389,207
389,208
389,211
389,212
389,213
389,214
389,379
389,381
389,382
389,383
389,384
389,385
389,386
389,387
389,388
389,390
389,391
389,392
389,393
389,394
389,395
389,396
389,397
389,398
389,399
389,427
389,439
389,440
389,441
389,442
389,443
389,444
389,445
389,446
389,447
389,448
389,450
389,451
389,452
389,453
389,454
389,1038
389,1039
389,1040
389,1041
389,1042
389,1043
389,1044
389,1045
389,1046
389,1047
389,1048
389,1049
389,1050
389,1051
389,1052
389,1053
389,1054
389,1055
389,1056
389,1057
389,1058
389,1059
389,1060
389,1061
389,1062
389,1063
389,1064
389,1065
389,1066
389,1067
389,1068
390,2
390,4
390,32
390,33
390,34
390,35
390,45
390,46
390,47
390,48
390,49
390,175
390,176
390,177
390,178
390,179
390,180
390,181
390,182
390,183
390,184
390,185
390,186
390,187
390,188
390,189
390,190
390,191
390,192
390,193
390,194
390,195
390,196
390,197
390,198
390,199
390,200
390,201
390,202
390,203
390,204
390,205
390,206
390,207
390,208
390,209
390,210
390,211
390,212
390,213
390,214
390,219
390,220
390,223
390,224
390,382
390,383
390,384
390,385
390,386
390,387
390,388
390,389
390,391
390,392
390,393
390,394
390,395
390,396
390,397
390,398
390,399
390,400
390,402
390,405
390,439
390,440
390,443
390,444
390,445
390,446
390,447
390,452
390,454
390,654
390,655
390,656
390,657
390,658
390,659
390,660
390,661
390,662
390,663
390,664
390,665
390,666
390,667
390,1045
390,1047
390,1048
390,1051
390,1053
390,1054
390,1055
390,1056
390,1057
390,1058
390,1059
390,1060
390,1061
390,1062
390,1063
390,1064
390,1065
390,1066
390,1067
390,1068
391,2
391,4
391,33
391,34
391,35
391,36
391,46
391,47
391,48
391,49
391,175
391,176
391,179
391,180
391,183
391,184
391,185
391,186
391,187
391,188
391,189
391,190
391,191
391,192
391,193
391,194
391,195
391,196
391,197
391,198
391,199
391,200
391,201
391,202
391,203
391,204
391,205
391,206
391,207
391,208
391,209
391,210
391,211
391,212
391,213
391,214
391,215
391,216
391,219
391,220
391,221
391,222
391,223
391,224
391,225
391,226
391,383
391,385
391,386
391,387
391,388
391,389
391,390
391,392
391,393
391,394
391,395
391,396
391,397
391,398
391,399
391,400
391,401
391,402
391,405
391,443
391,444
391,445
391,446
391,447
391,659
391,660
391,661
391,662
391,663
391,664
391,665
391,666
391,667
391,1053
391,1055
391,1056
391,1061
391,1062
391,1063
391,1064
391,1065
391,1066
391,1067
391,1068
392,2
392,4
392,32
392,33
392,34
392,35
392,36
392,45
392,46
392,47
392,48
392,49
392,175
392,176
392,179
392,180
392,181
392,182
392,183
392,184
392,185
392,186
392,187
392,188
392,189
392,190
392,191
392,192
392,193
392,194
392,195
392,196
392,199
392,200
392,201
392,202
392,203
392,204
392,205
392,206
392,207
392,208
392,209
392,210
392,211
392,212
392,213
392,214
392,223
392,224
392,382
392,383
392,384
392,385
392,386
392,387
392,388
392,389
392,390
392,391
392,393
392,394
392,395
392,396
392,397
392,398
392,399
392,400
392,402
392,405
392,439
392,440
392,441
392,443
392,444
392,445
392,446
392,447
392,450
392,451
392,452
392,453
392,454
392,663
392,664
392,666
392,1038
392,1040
392,1041
392,1043
392,1044
392,1045
392,1046
392,1047
392,1048
392,1049
392,1050
392,1051
392,1052
392,1053
392,1054
392,1055
392,1056
392,1057
392,1058
392,1059
392,1060
392,1061
392,1062
392,1063
392,1064
392,1065
392,1066
392,1067
392,1068
393,2
393,4
393,33
393,34
393,35
393,36
393,46
393,47
393,48
393,49
393,50
393,176
393,183
393,184
393,185
393,186
393,187
393,188
393,189
393,190
393,191
393,192
393,193
393,194
393,195
393,196
393,198
393,199
393,200
393,201
393,202
393,203
393,204
393,205
393,206
393,207
393,208
393,209
393,210
393,211
393,212
393,213
393,214
393,219
393,220
393,223
393,224
393,225
393,226
393,383
393,385
393,386
393,387
393,388
393,389
393,390
393,391
393,392
393,394
393,395
393,396
393,397
393,398
393,399
393,400
393,401
393,402
393,405
393,440
393,443
393,444
393,445
393,446
393,447
393,452
393,454
393,1047
393,1048
393,1051
393,1053
393,1054
393,1055
393,1056
393,1057
393,1058
393,1059
393,1060
393,1061
393,1062
393,1063
393,1064
393,1065
393,1066
393,1067
393,1068
394,2
394,4
394,26
394,33
394,34
394,35
394,36
394,46
394,47
394,48
394,49
394,50
394,176
394,185
394,186
394,187
394,188
394,189
394,190
394,191
394,192
394,193
394,194
394,195
394,196
394,197
394,198
394,199
394,200
394,201
394,202
394,203
394,204
394,205
394,206
394,207
394,208
394,209
394,210
394,211
394,212
394,213
394,214
394,215
394,216
394,217
394,218
394,219
394,220
394,221
394,222
394,223
394,224
394,225
394,226
394,227
394,228
394,229
394,386
394,387
394,388
394,389
394,390
394,391
394,392
394,393
394,395
394,396
394,397
394,398
394,399
394,400
394,401
394,402
394,403
394,405
394,443
394,444
394,445
394,446
394,447
394,662
394,663
394,664
394,665
394,666
394,667
394,933
394,934
394,935
394,936
394,937
394,938
394,939
394,955
394,956
394,957
394,1061
394,1063
394,1064
395,2
395,4
395,26
395,34
395,35
395,36
395,37
395,46
395,47
395,48
395,49
395,50
395,187
395,188
395,191
395,192
395,193
395,194
395,195
395,196
395,197
395,198
395,199
395,200
395,201
395,202
395,203
395,204
395,205
395,206
395,207
395,208
395,209
395,210
395,211
395,212
395,213
395,214
395,215
395,216
395,217
395,218
395,219
395,220
395,221
395,222
395,223
395,224
395,225
395,226
395,227
395,228
395,229
395,230
395,231
395,387
395,389
395,390
395,391
395,392
395,393
395,394
395,396
395,397
395,398
395,399
395,400
395,401
395,402
395,403
395,404
395,405
395,444
395,445
395,446
395,447
395,666
395,667
395,668
395,670
395,933
395,934
395,935
395,936
395,937
395,938
395,939
395,940
395,941
395,942
395,943
395,944
395,945
395,946
395,955
395,956
395,957
395,958
396,2
396,4
396,33
396,34
396,35
396,36
396,46
396,47
396,48
396,49
396,50
396,187
396,188
396,190
396,191
396,192
396,193
396,194
396,195
396,196
396,197
396,198
396,199
396,200
396,201
396,202
396,203
396,204
396,205
396,206
396,207
396,208
396,209
396,210
396,211
396,212
396,213
396,214
396,216
396,219
396,220
396,221
396,222
396,223
396,224
396,225
396,226
396,229
396,386
396,387
396,388
396,389
396,390
396,391
396,392
396,393
396,394
396,395
396,397
396,398
396,399
396,400
396,401
396,402
396,403
396,405
396,443
396,444
396,445
396,446
396,447
396,454
396,933
396,934
396,935
396,936
396,937
396,938
396,939
396,955
396,956
396,957
396,958
396,1055
396,1056
396,1061
396,1062
396,1063
396,1064
396,1065
396,1066
396,1067
396,1068
397,2
397,4
397,26
397,33
397,34
397,35
397,36
397,37
397,47
397,48
397,49
397,50
397,191
397,192
397,194
397,195
397,196
397,197
397,198
397,199
397,200
397,201
397,202
397,203
397,204
397,205
397,206
397,207
397,208
397,209
397,210
397,211
397,212
397,213
397,214
397,215
397,216
397,217
397,218
397,219
397,220
397,221
397,222
397,223
397,224
397,225
397,226
397,227
397,228
397,229
397,231
397,387
397,389
397,390
397,391
397,392
397,393
397,394
397,395
397,396
397,398
397,399
397,400
397,401
397,402
397,403
397,404
397,405
397,444
397,445
397,446
397,447
397,933
397,934
397,935
397,936
397,937
397,938
397,939
397,940
397,941
397,942
397,943
397,944
397,945
397,946
397,955
397,956
397,957
397,958
397,1063
397,1064
397,1068
398,2
398,4
398,33
398,34
398,35
398,36
398,37
398,46
398,47
398,48
398,49
398,50
398,191
398,192
398,199
398,200
398,201
398,202
398,203
398,204
398,205
398,206
398,207
398,208
398,209
398,210
398,211
398,212
398,213
398,214
398,219
398,220
398,223
398,224
398,225
398,226
398,386
398,387
398,388
398,389
398,390
398,391
398,392
398,393
398,394
398,395
398,396
398,397
398,399
398,400
398,401
398,402
398,403
398,405
398,443
398,444
398,445
398,446
398,447
398,452
398,454
398,933
398,934
398,935
398,936
398,937
398,938
398,939
398,955
398,956
398,957
398,958
398,1053
398,1054
398,1055
398,1056
398,1057
398,1058
398,1059
398,1060
398,1061
398,1062
398,1063
398,1064
398,1065
398,1066
398,1067
398,1068
399,2
399,4
399,33
399,34
399,35
399,36
399,37
399,47
399,48
399,49
399,50
399,202
399,203
399,204
399,205
399,206
399,207
399,208
399,209
399,210
399,211
399,212
399,213
399,214
399,219
399,220
399,222
399,223
399,224
399,225
399,226
399,228
399,229
399,387
399,389
399,390
399,391
399,392
399,393
399,394
399,395
399,396
399,397
399,398
399,400
399,401
399,402
399,403
399,404
399,405
399,444
399,445
399,446
399,447
399,933
399,934
399,935
399,936
399,937
399,938
399,939
399,940
399,941
399,942
399,943
399,944
399,945
399,946
399,955
399,956
399,957
399,958
399,1061
399,1062
399,1063
399,1064
399,1065
399,1067
399,1068
400,4
400,26
400,34
400,35
400,36
400,37
400,47
400,48
400,49
400,50
400,194
400,195
400,196
400,197
400,198
400,200
400,201
400,202
400,203
400,204
400,205
400,206
400,207
400,208
400,209
400,210
400,211
400,212
400,213
400,214
400,215
400,216
400,217
400,218
400,219
400,220
400,221
400,222
400,223
400,224
400,225
400,226
400,227
400,228
400,229
400,230
400,231
400,232
400,233
400,390
400,391
400,392
400,393
400,394
400,395
400,396
400,397
400,398
400,399
400,401
400,402
400,403
400,404
400,405
400,445
400,446
400,447
400,668
400,669
400,670
400,671
400,674
400,676
400,678
400,933
400,934
400,935
400,936
400,937
400,938
400,939
400,940
400,941
400,942
400,943
400,944
400,945
400,946
400,947
400,948
400,949
400,950
400,951
400,952
400,953
400,954
400,955
400,956
400,957
400,958
401,4
401,26
401,35
401,36
401,37
401,38
401,47
401,48
401,49
401,50
401,195
401,196
401,197
401,198
401,201
401,202
401,205
401,206
401,207
401,208
401,209
401,210
401,211
401,212
401,213
401,214
401,215
401,216
401,217
401,218
401,219
401,220
401,221
401,222
401,223
401,224
401,225
401,226
401,227
401,228
401,229
401,230
401,231
401,232
401,233
401,234
401,235
401,391
401,393
401,394
401,395
401,396
401,397
401,398
401,399
401,400
401,402
401,403
401,404
401,405
401,446
401,668
401,669
401,670
401,671
401,672
401,673
401,674
401,675
401,676
401,677
401,678
401,679
401,680
401,682
401,684
401,686
401,933
401,934
401,935
401,936
401,937
401,938
401,939
401,940
401,941
401,942
401,943
401,944
401,945
401,946
401,947
401,948
401,949
401,950
401,951
401,952
401,953
401,954
401,955
401,956
401,957
401,958
401,959
401,960
401,961
401,962
401,963
401,968
401,969
401,970
401,971
401,972
401,973
401,974
401,975
402,4
402,26
402,34
402,35
402,36
402,37
402,47
402,48
402,49
402,50
402,196
402,197
402,198
402,201
402,202
402,204
402,205
402,206
402,207
402,208
402,209
402,210
402,211
402,212
402,213
402,214
402,215
402,216
402,217
402,218
402,219
402,220
402,221
402,222
402,223
402,224
402,225
402,226
402,227
402,228
402,229
402,230
402,231
402,233
402,390
402,391
402,392
402,393
402,394
402,395
402,396
402,397
402,398
402,399
402,400
402,401
402,403
402,404
402,405
402,445
402,446
402,447
402,670
402,933
402,934
402,935
402,936
402,937
402,938
402,939
402,940
402,941
402,942
402,943
402,944
402,945
402,946
402,947
402,948
402,949
402,950
402,951
402,952
402,953
402,954
402,955
402,956
402,957
402,958
403,4
403,26
403,35
403,36
403,37
403,38
403,48
403,49
403,50
403,197
403,198
403,208
403,209
403,210
403,211
403,212
403,213
403,214
403,215
403,216
403,217
403,218
403,219
403,220
403,221
403,222
403,223
403,224
403,225
403,226
403,227
403,228
403,229
403,230
403,231
403,232
403,233
403,234
403,235
403,237
403,238
403,394
403,395
403,396
403,397
403,398
403,399
403,400
403,401
403,402
403,404
403,405
403,668
403,669
403,670
403,671
403,672
403,673
403,674
403,675
403,676
403,677
403,678
403,679
403,680
403,681
403,682
403,683
403,684
403,685
403,686
403,687
403,690
403,694
403,933
403,934
403,935
403,936
403,937
403,938
403,939
403,940
403,941
403,942
403,943
403,944
403,945
403,946
403,947
403,948
403,949
403,950
403,951
403,952
403,953
403,954
403,955
403,956
403,957
403,958
403,959
403,960
403,961
403,962
403,963
403,964
403,965
403,966
403,967
403,968
403,969
403,970
403,971
403,972
403,973
403,974
403,975
403,976
403,977
403,978
403,979
403,980
403,981
403,982
404,4
404,26
404,36
404,37
404,38
404,39
404,41
404,48
404,49
404,50
404,210
404,213
404,214
404,215
404,216
404,217
404,218
404,219
404,220
404,221
404,222
404,223
404,224
404,225
404,226
404,227
404,228
404,229
404,230
404,231
404,232
404,233
404,234
404,235
404,237
404,238
404,239
404,240
404,395
404,397
404,399
404,400
404,401
404,402
404,403
404,405
404,668
404,669
404,670
404,671
404,672
404,673
404,674
404,675
404,676
404,677
404,678
404,679
404,680
404,681
404,682
404,683
404,684
404,685
404,686
404,687
404,688
404,689
404,690
404,691
404,692
404,693
404,694
404,695
404,698
404,702
404,933
404,934
404,935
404,936
404,937
404,938
404,939
404,940
404,941
404,942
404,943
404,944
404,945
404,946
404,947
404,948
404,949
404,950
404,951
404,952
404,953
404,954
404,955
404,956
404,957
404,958
404,959
404,960
404,961
404,962
404,963
404,964
404,965
404,966
404,967
404,968
404,969
404,970
404,971
404,972
404,973
404,974
404,975
404,976
404,977
404,978
404,979
404,980
404,981
404,982
404,983
404,984
404,985
404,986
404,987
404,992
404,993
404,994
404,995
404,996
404,997
404,998
404,999
405,4
405,34
405,35
405,36
405,37
405,47
405,48
405,49
405,50
405,205
405,206
405,208
405,209
405,210
405,211
405,212
405,213
405,214
405,219
405,220
405,221
405,222
405,223
405,224
405,225
405,226
405,227
405,228
405,229
405,230
405,231
405,390
405,391
405,392
405,393
405,394
405,395
405,396
405,397
405,398
405,399
405,400
405,401
405,402
405,403
405,404
405,445
405,446
405,447
405,933
405,934
405,935
405,936
405,937
405,938
405,939
405,940
405,941
405,942
405,943
405,944
405,945
405,946
405,947
405,948
405,949
405,950
405,951
405,952
405,953
405,954
405,955
405,956
405,957
405,958
406,2
406,3
406,18
406,25
406,27
406,29
406,30
406,31
406,32
406,44
406,45
406,86
406,87
406,88
406,89
406,135
406,137
406,138
406,139
406,140
406,141
406,142
406,143
406,144
406,145
406,146
406,147
406,148
406,149
406,150
406,151
406,152
406,158
406,159
406,162
406,163
406,165
406,251
406,252
406,354
406,358
406,359
406,360
406,365
406,366
406,367
406,368
406,369
406,370
406,371
406,372
406,373
406,374
406,375
406,376
406,377
406,407
406,408
406,409
406,410
406,411
406,412
406,413
406,414
406,415
406,416
406,417
406,418
406,419
406,422
406,423
406,530
406,531
406,532
406,533
406,534
406,535
406,586
406,587
406,588
406,589
406,590
406,591
406,592
406,593
406,594
406,595
406,596
406,597
406,598
406,599
406,600
406,601
406,602
406,603
406,604
406,605
406,606
406,607
406,608
406,609
406,610
406,611
406,612
406,613
406,614
406,615
406,616
406,617
406,618
406,619
406,620
406,621
406,622
406,623
406,624
406,625
406,904
406,905
406,906
406,907
406,908
406,909
406,910
406,912
406,913
406,914
406,917
406,918
406,919
406,920
406,921
406,922
406,923
406,924
406,925
406,926
406,927
406,928
406,929
406,930
406,931
406,932
406,1008
406,1009
406,1010
406,1011
406,1012
406,1013
406,1014
406,1015
406,1016
406,1017
406,1018
406,1019
406,1020
406,1021
406,1022
406,1023
406,1024
406,1025
406,1026
406,1027
406,1028
406,1029
406,1030
406,1031
406,1032
406,1033
406,1034
406,1035
406,1036
406,1037
407,2
407,3
407,18
407,25
407,27
407,29
407,30
407,31
407,32
407,44
407,45
407,88
407,89
407,138
407,139
407,140
407,141
407,142
407,143
407,144
407,145
407,146
407,147
407,148
407,149
407,150
407,151
407,152
407,153
407,154
407,158
407,159
407,160
407,161
407,162
407,163
407,164
407,165
407,171
407,251
407,252
407,358
407,359
407,360
407,365
407,366
407,367
407,368
407,369
407,370
407,371
407,372
407,373
407,374
407,375
407,376
407,377
407,378
407,380
407,406
407,408
407,409
407,410
407,411
407,412
407,413
407,414
407,415
407,416
407,417
407,418
407,419
407,420
407,421
407,422
407,423
407,424
407,425
407,531
407,533
407,534
407,535
407,592
407,593
407,594
407,595
407,596
407,597
407,598
407,599
407,600
407,601
407,602
407,603
407,604
407,605
407,606
407,607
407,608
407,609
407,610
407,611
407,612
407,613
407,614
407,615
407,616
407,617
407,618
407,619
407,620
407,621
407,622
407,623
407,624
407,625
407,905
407,906
407,908
407,909
407,910
407,920
407,921
407,922
407,925
407,926
407,927
407,928
407,929
407,930
407,931
407,932
407,1008
407,1009
407,1010
407,1011
407,1012
407,1013
407,1014
407,1015
407,1016
407,1017
407,1018
407,1019
407,1020
407,1021
407,1022
407,1023
407,1024
407,1025
407,1026
407,1027
407,1028
407,1029
407,1030
407,1031
407,1032
407,1033
407,1034
407,1035
407,1036
407,1037
408,2
408,3
408,25
408,27
408,30
408,31
408,32
408,33
408,44
408,45
408,46
408,139
408,140
408,141
408,142
408,143
408,144
408,145
408,146
408,147
408,148
408,149
408,150
408,151
408,152
408,153
408,154
408,158
408,159
408,160
408,161
408,162
408,163
408,164
408,165
408,166
408,167
408,170
408,171
408,173
408,251
408,252
408,366
408,367
408,368
408,369
408,370
408,371
408,372
408,373
408,374
408,375
408,376
408,377
408,378
408,379
408,380
408,381
408,406
408,407
408,409
408,410
408,411
408,412
408,413
408,414
408,415
408,416
408,417
408,418
408,419
408,420
408,421
408,422
408,423
408,424
408,425
408,426
408,428
408,432
408,604
408,606
408,607
408,608
408,609
408,610
408,611
408,612
408,615
408,616
408,619
408,620
408,621
408,622
408,623
408,624
408,625
408,628
408,928
408,929
408,930
408,932
408,1008
408,1009
408,1010
408,1011
408,1012
408,1013
408,1014
408,1016
408,1017
408,1018
408,1019
408,1020
408,1021
408,1022
408,1023
408,1024
408,1025
408,1026
408,1027
408,1028
408,1029
408,1030
408,1031
408,1032
408,1033
408,1034
408,1035
408,1036
408,1037
409,2
409,3
409,25
409,27
409,29
409,30
409,31
409,32
409,33
409,44
409,45
409,46
409,88
409,89
409,138
409,139
409,140
409,141
409,142
409,143
409,144
409,145
409,146
409,147
409,148
409,149
409,150
409,151
409,152
409,153
409,158
409,159
409,161
409,162
409,163
409,164
409,165
409,171
409,251
409,252
409,358
409,359
409,360
409,365
409,366
409,367
409,368
409,369
409,370
409,371
409,372
409,373
409,374
409,375
409,376
409,377
409,378
409,380
409,406
409,407
409,408
409,410
409,411
409,412
409,413
409,414
409,415
409,416
409,417
409,418
409,419
409,420
409,421
409,422
409,423
409,424
409,425
409,426
409,428
409,429
409,432
409,433
409,434
409,531
409,533
409,534
409,535
409,594
409,595
409,596
409,600
409,601
409,602
409,603
409,604
409,605
409,606
409,607
409,608
409,609
409,610
409,611
409,612
409,613
409,614
409,615
409,616
409,617
409,618
409,619
409,620
409,621
409,622
409,623
409,624
409,625
409,905
409,906
409,907
409,908
409,909
409,910
409,914
409,918
409,919
409,920
409,921
409,922
409,923
409,924
409,925
409,926
409,927
409,928
409,929
409,930
409,931
409,932
409,1008
409,1009
409,1010
409,1011
409,1012
409,1013
409,1014
409,1015
409,1016
409,1017
409,1018
409,1019
409,1020
409,1021
409,1022
409,1023
409,1024
409,1025
409,1026
409,1027
409,1028
409,1029
409,1030
409,1031
409,1032
409,1033
409,1034
409,1035
409,1036
409,1037
410,2
410,3
410,25
410,27
410,29
410,30
410,31
410,32
410,33
410,44
410,45
410,46
410,139
410,140
410,141
410,142
410,143
410,144
410,145
410,146
410,147
410,148
410,149
410,150
410,151
410,152
410,153
410,154
410,158
410,159
410,160
410,161
410,162
410,163
410,164
410,165
410,167
410,170
410,171
410,173
410,251
410,252
410,366
410,367
410,368
410,369
410,370
410,371
410,372
410,373
410,374
410,375
410,376
410,377
410,378
410,379
410,380
410,381
410,406
410,407
410,408
410,409
410,411
410,412
410,413
410,414
410,415
410,416
410,417
410,418
410,419
410,420
410,421
410,422
410,423
410,424
410,425
410,426
410,427
410,428
410,429
410,430
410,431
410,432
410,433
410,434
410,435
410,436
410,610
410,611
410,612
410,616
410,619
410,620
410,621
410,622
410,623
410,624
410,625
410,927
410,928
410,929
410,930
410,931
410,932
410,1008
410,1009
410,1010
410,1011
410,1012
410,1013
410,1014
410,1015
410,1016
410,1017
410,1018
410,1019
410,1020
410,1021
410,1022
410,1023
410,1024
410,1025
410,1026
410,1027
410,1028
410,1029
410,1030
410,1031
410,1032
410,1033
410,1034
410,1035
410,1036
410,1037
411,2
411,3
411,27
411,29
411,30
411,31
411,32
411,33
411,44
411,45
411,46
411,144
411,145
411,148
411,149
411,150
411,151
411,152
411,159
411,162
411,163
411,164
411,165
411,171
411,251
411,252
411,366
411,367
411,368
411,369
411,370
411,371
411,372
411,373
411,374
411,375
411,376
411,377
411,378
411,380
411,381
411,406
411,407
411,408
411,409
411,410
411,412
411,413
411,414
411,415
411,416
411,417
411,418
411,419
411,420
411,421
411,422
411,423
411,424
411,425
411,426
411,427
411,428
411,429
411,430
411,431
411,432
411,433
411,434
411,435
411,436
411,437
411,438
411,932
411,1009
411,1011
411,1012
411,1013
411,1014
411,1015
411,1016
411,1017
411,1018
411,1019
411,1020
411,1021
411,1022
411,1023
411,1024
411,1025
411,1026
411,1027
411,1028
411,1029
411,1030
411,1031
411,1032
411,1033
411,1034
411,1035
411,1036
411,1037
412,2
412,3
412,27
412,29
412,30
412,31
412,32
412,33
412,44
412,45
412,46
412,144
412,145
412,149
412,150
412,151
412,152
412,162
412,163
412,165
412,252
412,367
412,368
412,369
412,370
412,371
412,372
412,373
412,374
412,375
412,376
412,377
412,378
412,380
412,381
412,406
412,407
412,408
412,409
412,410
412,411
412,413
412,414
412,415
412,416
412,417
412,418
412,419
412,420
412,421
412,422
412,423
412,424
412,425
412,426
412,427
412,428
412,429
412,430
412,431
412,432
412,433
412,434
412,435
412,436
412,437
412,438
412,441
412,932
412,1011
412,1012
412,1013
412,1014
412,1015
412,1016
412,1017
412,1018
412,1019
412,1020
412,1021
412,1022
412,1023
412,1024
412,1025
412,1026
412,1027
412,1028
412,1029
412,1030
412,1031
412,1032
412,1033
412,1034
412,1035
412,1036
412,1037
413,2
413,3
413,4
413,27
413,29
413,30
413,31
413,32
413,33
413,44
413,45
413,46
413,145
413,150
413,152
413,163
413,165
413,252
413,367
413,368
413,369
413,370
413,371
413,372
413,373
413,374
413,375
413,376
413,377
413,378
413,380
413,381
413,406
413,407
413,408
413,409
413,410
413,411
413,412
413,414
413,415
413,416
413,417
413,418
413,419
413,420
413,421
413,422
413,423
413,424
413,425
413,426
413,427
413,428
413,429
413,430
413,431
413,432
413,433
413,434
413,435
413,436
413,437
413,438
413,442
413,1011
413,1013
413,1014
413,1015
413,1016
413,1017
413,1018
413,1019
413,1020
413,1021
413,1022
413,1023
413,1024
413,1025
413,1026
413,1027
413,1028
413,1029
413,1030
413,1031
413,1032
413,1033
413,1034
413,1035
413,1036
413,1037
414,2
414,3
414,25
414,27
414,30
414,31
414,32
414,33
414,44
414,45
414,46
414,47
414,139
414,140
414,141
414,142
414,143
414,144
414,145
414,146
414,147
414,148
414,149
414,150
414,151
414,152
414,153
414,154
414,157
414,158
414,159
414,160
414,161
414,162
414,163
414,164
414,165
414,166
414,167
414,168
414,169
414,170
414,171
414,172
414,173
414,178
414,181
414,182
414,251
414,252
414,367
414,368
414,369
414,370
414,371
414,372
414,373
414,374
414,375
414,376
414,377
414,378
414,379
414,380
414,381
414,382
414,384
414,406
414,407
414,408
414,409
414,410
414,411
414,412
414,413
414,415
414,416
414,417
414,418
414,419
414,420
414,421
414,422
414,423
414,424
414,425
414,426
414,427
414,428
414,429
414,430
414,431
414,432
414,433
414,434
414,435
414,439
414,607
414,608
414,611
414,612
414,620
414,621
414,622
414,623
414,624
414,625
414,627
414,628
414,629
414,632
414,633
414,637
414,1011
414,1014
414,1017
414,1018
414,1019
414,1020
414,1021
414,1022
414,1023
414,1024
414,1025
414,1026
414,1027
414,1028
414,1029
414,1030
414,1031
414,1032
414,1033
414,1034
414,1035
414,1036
414,1037
415,2
415,4
415,27
415,30
415,31
415,32
415,33
415,34
415,44
415,45
415,46
415,47
415,140
415,141
415,142
415,144
415,145
415,146
415,147
415,148
415,149
415,150
415,151
415,152
415,153
415,154
415,157
415,158
415,159
415,160
415,161
415,162
415,163
415,164
415,165
415,166
415,167
415,168
415,169
415,170
415,171
415,172
415,173
415,177
415,178
415,181
415,182
415,184
415,252
415,367
415,369
415,370
415,371
415,372
415,373
415,374
415,375
415,376
415,377
415,378
415,379
415,380
415,381
415,382
415,383
415,384
415,385
415,406
415,407
415,408
415,409
415,410
415,411
415,412
415,413
415,414
415,416
415,417
415,418
415,419
415,420
415,421
415,422
415,423
415,424
415,425
415,426
415,427
415,428
415,429
415,430
415,431
415,432
415,433
415,434
415,435
415,436
415,437
415,439
415,441
415,442
415,625
415,628
415,629
415,632
415,633
415,637
415,639
415,1026
415,1027
415,1028
415,1029
415,1030
415,1031
415,1032
415,1033
415,1034
415,1035
415,1036
415,1037
416,2
416,3
416,27
416,30
416,31
416,32
416,33
416,44
416,45
416,46
416,47
416,140
416,142
416,143
416,144
416,145
416,146
416,147
416,148
416,149
416,150
416,151
416,152
416,153
416,154
416,158
416,159
416,160
416,161
416,162
416,163
416,164
416,165
416,166
416,167
416,169
416,170
416,171
416,172
416,173
416,182
416,251
416,252
416,367
416,368
416,369
416,370
416,371
416,372
416,373
416,374
416,375
416,376
416,377
416,378
416,379
416,380
416,381
416,382
416,384
416,406
416,407
416,408
416,409
416,410
416,411
416,412
416,413
416,414
416,415
416,417
416,418
416,419
416,420
416,421
416,422
416,423
416,424
416,425
416,426
416,427
416,428
416,429
416,430
416,431
416,432
416,433
416,434
416,435
416,436
416,437
416,438
416,439
416,441
416,442
416,625
416,1017
416,1018
416,1019
416,1020
416,1021
416,1022
416,1023
416,1024
416,1025
416,1026
416,1027
416,1028
416,1029
416,1030
416,1031
416,1032
416,1033
416,1034
416,1035
416,1036
416,1037
417,2
417,4
417,27
417,30
417,31
417,32
417,33
417,34
417,44
417,45
417,46
417,47
417,147
417,148
417,149
417,150
417,151
417,152
417,153
417,154
417,157
417,158
417,159
417,160
417,161
417,162
417,163
417,164
417,165
417,166
417,167
417,168
417,169
417,170
417,171
417,172
417,173
417,178
417,181
417,182
417,184
417,367
417,369
417,370
417,371
417,372
417,373
417,374
417,375
417,376
417,377
417,378
417,379
417,380
417,381
417,382
417,383
417,384
417,385
417,406
417,407
417,408
417,409
417,410
417,411
417,412
417,413
417,414
417,415
417,416
417,418
417,419
417,420
417,421
417,422
417,423
417,424
417,425
417,426
417,427
417,428
417,429
417,430
417,431
417,432
417,433
417,434
417,435
417,436
417,437
417,438
417,439
417,440
417,441
417,442
417,448
417,449
417,1024
417,1025
417,1026
417,1027
417,1028
417,1029
417,1030
417,1031
417,1032
417,1033
417,1034
417,1035
417,1036
417,1037
418,2
418,3
418,4
418,27
418,30
418,31
418,32
418,33
418,34
418,44
418,45
418,46
418,47
418,144
418,145
418,147
418,148
418,149
418,150
418,151
418,152
418,159
418,161
418,162
418,163
418,164
418,165
418,167
418,170
418,171
418,173
418,252
418,367
418,368
418,369
418,370
418,371
418,372
418,373
418,374
418,375
418,376
418,377
418,378
418,379
418,380
418,381
418,382
418,384
418,406
418,407
418,408
418,409
418,410
418,411
418,412
418,413
418,414
418,415
418,416
418,417
418,419
418,420
418,421
418,422
418,423
418,424
418,425
418,426
418,427
418,428
418,429
418,430
418,431
418,432
418,433
418,434
418,435
418,436
418,437
418,438
418,439
418,441
418,442
418,448
418,449
418,1017
418,1018
418,1019
418,1020
418,1021
418,1022
418,1023
418,1024
418,1025
418,1026
418,1027
418,1028
418,1029
418,1030
418,1031
418,1032
418,1033
418,1034
418,1035
418,1036
418,1037
419,2
419,3
419,4
419,27
419,30
419,31
419,32
419,33
419,44
419,45
419,46
419,47
419,145
419,148
419,149
419,150
419,151
419,152
419,159
419,161
419,162
419,163
419,164
419,165
419,171
419,173
419,252
419,367
419,368
419,369
419,370
419,371
419,372
419,373
419,374
419,375
419,376
419,377
419,378
419,379
419,380
419,381
419,384
419,406
419,407
419,408
419,409
419,410
419,411
419,412
419,413
419,414
419,415
419,416
419,417
419,418
419,420
419,421
419,422
419,423
419,424
419,425
419,426
419,427
419,428
419,429
419,430
419,431
419,432
419,433
419,434
419,435
419,436
419,437
419,438
419,439
419,441
419,442
419,448
419,449
419,1017
419,1018
419,1019
419,1020
419,1021
419,1022
419,1023
419,1024
419,1025
419,1026
419,1027
419,1028
419,1029
419,1030
419,1031
419,1032
419,1033
419,1034
419,1035
419,1036
419,1037
420,2
420,4
420,27
420,30
420,31
420,32
420,33
420,34
420,44
420,45
420,46
420,47
420,150
420,151
420,152
420,159
420,161
420,162
420,163
420,164
420,165
420,167
420,169
420,170
420,171
420,172
420,173
420,182
420,369
420,370
420,371
420,372
420,373
420,374
420,375
420,376
420,377
420,378
420,379
420,380
420,381
420,382
420,383
420,384
420,385
420,407
420,408
420,409
420,410
420,411
420,412
420,413
420,414
420,415
420,416
420,417
420,418
420,419
420,421
420,422
420,423
420,424
420,425
420,426
420,427
420,428
420,429
420,430
420,431
420,432
420,433
420,434
420,435
420,436
420,437
420,438
420,439
420,440
420,441
420,442
420,448
420,449
420,450
420,451
420,1024
420,1025
420,1026
420,1027
420,1028
420,1029
420,1030
420,1031
420,1032
420,1033
420,1034
420,1035
420,1036
420,1037
421,2
421,4
421,27
421,30
421,31
421,32
421,33
421,34
421,44
421,45
421,46
421,47
421,150
421,152
421,161
421,162
421,163
421,164
421,165
421,167
421,170
421,171
421,173
421,182
421,370
421,371
421,372
421,373
421,374
421,375
421,376
421,377
421,378
421,379
421,380
421,381
421,382
421,384
421,385
421,407
421,408
421,409
421,410
421,411
421,412
421,413
421,414
421,415
421,416
421,417
421,418
421,419
421,420
421,422
421,423
421,424
421,425
421,426
421,427
421,428
421,429
421,430
421,431
421,432
421,433
421,434
421,435
421,436
421,437
421,438
421,439
421,440
421,441
421,442
421,448
421,449
421,450
421,451
421,1024
421,1025
421,1026
421,1027
421,1028
421,1029
421,1030
421,1031
421,1032
421,1033
421,1034
421,1035
421,1036
421,1037
422,2
422,3
422,4
422,27
422,30
422,31
422,32
422,33
422,34
422,44
422,45
422,46
422,47
422,150
422,151
422,152
422,162
422,163
422,164
422,165
422,171
422,367
422,368
422,369
422,370
422,371
422,372
422,373
422,374
422,375
422,376
422,377
422,378
422,379
422,380
422,381
422,384
422,406
422,407
422,408
422,409
422,410
422,411
422,412
422,413
422,414
422,415
422,416
422,417
422,418
422,419
422,420
422,421
422,423
422,424
422,425
422,426
422,427
422,428
422,429
422,430
422,431
422,432
422,433
422,434
422,435
422,436
422,437
422,438
422,439
422,441
422,442
422,448
422,449
422,1019
422,1020
422,1021
422,1022
422,1023
422,1024
422,1025
422,1026
422,1027
422,1028
422,1029
422,1030
422,1031
422,1032
422,1033
422,1034
422,1035
422,1036
422,1037
423,2
423,3
423,4
423,27
423,30
423,31
423,32
423,33
423,44
423,45
423,46
423,47
423,152
423,163
423,165
423,369
423,370
423,371
423,372
423,373
423,374
423,375
423,376
423,377
423,378
423,379
423,380
423,381
423,406
423,407
423,408
423,409
423,410
423,411
423,412
423,413
423,414
423,415
423,416
423,417
423,418
423,419
423,420
423,421
423,422
423,424
423,425
423,426
423,427
423,428
423,429
423,430
423,431
423,432
423,433
423,434
423,435
423,436
423,437
423,438
423,439
423,441
423,442
423,448
423,449
423,1019
423,1021
423,1022
423,1023
423,1024
423,1025
423,1026
423,1027
423,1028
423,1029
423,1030
423,1031
423,1032
423,1033
423,1034
423,1035
423,1036
423,1037
424,2
424,4
424,27
424,30
424,31
424,32
424,33
424,34
424,44
424,45
424,46
424,47
424,152
424,162
424,163
424,164
424,165
424,170
424,171
424,173
424,369
424,370
424,371
424,372
424,373
424,374
424,375
424,376
424,377
424,378
424,379
424,380
424,381
424,382
424,384
424,385
424,407
424,408
424,409
424,410
424,411
424,412
424,413
424,414
424,415
424,416
424,417
424,418
424,419
424,420
424,421
424,422
424,423
424,425
424,426
424,427
424,428
424,429
424,430
424,431
424,432
424,433
424,434
424,435
424,436
424,437
424,438
424,439
424,440
424,441
424,442
424,448
424,449
424,450
424,451
424,1024
424,1025
424,1026
424,1027
424,1028
424,1029
424,1030
424,1031
424,1032
424,1033
424,1034
424,1035
424,1036
424,1037
424,1038
424,1042
425,2
425,4
425,27
425,30
425,31
425,32
425,33
425,34
425,44
425,45
425,46
425,47
425,163
425,165
425,171
425,370
425,371
425,372
425,373
425,374
425,375
425,376
425,377
425,378
425,379
425,380
425,381
425,382
425,384
425,407
425,408
425,409
425,410
425,411
425,412
425,413
425,414
425,415
425,416
425,417
425,418
425,419
425,420
425,421
425,422
425,423
425,424
425,426
425,427
425,428
425,429
425,430
425,431
425,432
425,433
425,434
425,435
425,436
425,437
425,438
425,439
425,440
425,441
425,442
425,448
425,449
425,450
425,451
425,1024
425,1025
425,1026
425,1027
425,1028
425,1029
425,1030
425,1031
425,1032
425,1033
425,1034
425,1035
425,1036
425,1037
425,1042
426,2
426,4
426,27
426,30
426,31
426,32
426,33
426,34
426,35
426,44
426,45
426,46
426,47
426,152
426,161
426,162
426,163
426,164
426,165
426,167
426,168
426,169
426,170
426,171
426,172
426,173
426,181
426,182
426,184
426,370
426,371
426,372
426,373
426,374
426,375
426,376
426,377
426,378
426,379
426,380
426,381
426,382
426,383
426,384
426,385
426,386
426,388
426,408
426,409
426,410
426,411
426,412
426,413
426,414
426,415
426,416
426,417
426,418
426,419
426,420
426,421
426,422
426,423
426,424
426,425
426,427
426,428
426,429
426,430
426,431
426,432
426,433
426,434
426,435
426,436
426,437
426,438
426,439
426,440
426,441
426,442
426,443
426,448
426,449
426,450
426,451
426,452
426,1030
426,1031
426,1032
426,1033
426,1034
426,1035
426,1036
426,1037
426,1038
426,1039
426,1040
426,1041
426,1042
426,1043
426,1044
427,2
427,4
427,27
427,30
427,31
427,32
427,33
427,34
427,35
427,45
427,46
427,47
427,163
427,164
427,165
427,167
427,168
427,169
427,170
427,171
427,172
427,173
427,177
427,178
427,181
427,182
427,183
427,184
427,190
427,371
427,373
427,374
427,375
427,376
427,377
427,378
427,379
427,380
427,381
427,382
427,383
427,384
427,385
427,386
427,387
427,388
427,389
427,410
427,411
427,412
427,413
427,414
427,415
427,416
427,417
427,418
427,419
427,420
427,421
427,422
427,423
427,424
427,425
427,426
427,428
427,429
427,430
427,431
427,432
427,433
427,434
427,435
427,436
427,437
427,438
427,439
427,440
427,441
427,442
427,443
427,444
427,448
427,449
427,450
427,451
427,452
427,453
427,1038
427,1039
427,1040
427,1041
427,1042
427,1043
427,1044
427,1045
427,1046
427,1047
427,1048
427,1049
427,1050
427,1051
428,2
428,4
428,27
428,30
428,31
428,32
428,33
428,34
428,35
428,44
428,45
428,46
428,47
428,163
428,165
428,170
428,171
428,172
428,173
428,182
428,371
428,372
428,373
428,374
428,375
428,376
428,377
428,378
428,379
428,380
428,381
428,382
428,383
428,384
428,385
428,388
428,408
428,409
428,410
428,411
428,412
428,413
428,414
428,415
428,416
428,417
428,418
428,419
428,420
428,421
428,422
428,423
428,424
428,425
428,426
428,427
428,429
428,430
428,431
428,432
428,433
428,434
428,435
428,436
428,437
428,438
428,439
428,440
428,441
428,442
428,443
428,448
428,449
428,450
428,451
428,452
428,453
428,1030
428,1031
428,1032
428,1033
428,1034
428,1035
428,1036
428,1037
428,1038
428,1039
428,1040
428,1041
428,1042
428,1043
428,1044
428,1045
429,2
429,4
429,27
429,30
429,31
429,32
429,33
429,34
429,44
429,45
429,46
429,47
429,165
429,171
429,173
429,371
429,373
429,374
429,375
429,376
429,377
429,378
429,379
429,380
429,381
429,382
429,384
429,385
429,409
429,410
429,411
429,412
429,413
429,414
429,415
429,416
429,417
429,418
429,419
429,420
429,421
429,422
429,423
429,424
429,425
429,426
429,427
429,428
429,430
429,431
429,432
429,433
429,434
429,435
429,436
429,437
429,438
429,439
429,440
429,441
429,442
429,443
429,448
429,449
429,450
429,451
429,452
429,453
429,1031
429,1032
429,1033
429,1035
429,1036
429,1037
429,1038
429,1039
429,1040
429,1041
429,1042
429,1043
429,1044
430,2
430,4
430,27
430,30
430,31
430,32
430,33
430,34
430,35
430,45
430,46
430,47
430,165
430,171
430,173
430,182
430,184
430,373
430,374
430,375
430,376
430,377
430,378
430,379
430,380
430,381
430,382
430,383
430,384
430,385
430,386
430,388
430,410
430,411
430,412
430,413
430,414
430,415
430,416
430,417
430,418
430,419
430,420
430,421
430,422
430,423
430,424
430,425
430,426
430,427
430,428
430,429
430,431
430,432
430,433
430,434
430,435
430,436
430,437
430,438
430,439
430,440
430,441
430,442
430,443
430,444
430,448
430,449
430,450
430,451
430,452
430,453
430,454
430,1038
430,1039
430,1040
430,1041
430,1042
430,1043
430,1044
430,1045
430,1046
430,1047
430,1048
430,1049
430,1050
430,1051
430,1052
431,2
431,4
431,27
431,30
431,31
431,32
431,33
431,34
431,35
431,44
431,45
431,46
431,47
431,171
431,173
431,182
431,375
431,376
431,377
431,378
431,379
431,380
431,381
431,382
431,383
431,384
431,385
431,386
431,388
431,410
431,411
431,412
431,413
431,414
431,415
431,416
431,417
431,418
431,419
431,420
431,421
431,422
431,423
431,424
431,425
431,426
431,427
431,428
431,429
431,430
431,432
431,433
431,434
431,435
431,436
431,437
431,438
431,439
431,440
431,441
431,442
431,443
431,444
431,448
431,449
431,450
431,451
431,452
431,453
431,454
431,1038
431,1039
431,1040
431,1041
431,1042
431,1043
431,1044
431,1045
431,1046
431,1047
431,1048
431,1049
431,1050
431,1051
431,1052
432,2
432,3
432,4
432,27
432,30
432,31
432,32
432,33
432,34
432,44
432,45
432,46
432,47
432,369
432,370
432,371
432,372
432,373
432,374
432,375
432,376
432,377
432,378
432,380
432,381
432,407
432,408
432,409
432,410
432,411
432,412
432,413
432,414
432,415
432,416
432,417
432,418
432,419
432,420
432,421
432,422
432,423
432,424
432,425
432,426
432,427
432,428
432,429
432,430
432,431
432,433
432,434
432,435
432,436
432,437
432,438
432,439
432,441
432,442
432,448
432,449
432,450
432,451
432,1023
432,1024
432,1025
432,1026
432,1027
432,1028
432,1029
432,1030
432,1031
432,1032
432,1033
432,1034
432,1035
432,1036
432,1037
433,2
433,4
433,27
433,30
433,31
433,32
433,33
433,34
433,44
433,45
433,46
433,47
433,371
433,372
433,373
433,374
433,375
433,376
433,377
433,378
433,379
433,380
433,381
433,384
433,409
433,410
433,411
433,412
433,413
433,414
433,415
433,416
433,417
433,418
433,419
433,420
433,421
433,422
433,423
433,424
433,425
433,426
433,427
433,428
433,429
433,430
433,431
433,432
433,434
433,435
433,436
433,437
433,438
433,439
433,440
433,441
433,442
433,448
433,449
433,450
433,451
433,1026
433,1027
433,1028
433,1029
433,1030
433,1031
433,1032
433,1033
433,1034
433,1035
433,1036
433,1037
433,1042
434,2
434,4
434,27
434,30
434,31
434,32
434,33
434,34
434,44
434,45
434,46
434,47
434,372
434,373
434,374
434,375
434,376
434,377
434,378
434,380
434,381
434,409
434,410
434,411
434,412
434,413
434,414
434,415
434,416
434,417
434,418
434,419
434,420
434,421
434,422
434,423
434,424
434,425
434,426
434,427
434,428
434,429
434,430
434,431
434,432
434,433
434,435
434,436
434,437
434,438
434,439
434,440
434,441
434,442
434,448
434,449
434,450
434,451
434,1026
434,1027
434,1028
434,1029
434,1030
434,1031
434,1032
434,1033
434,1034
434,1035
434,1036
434,1037
435,2
435,4
435,27
435,30
435,31
435,32
435,33
435,34
435,35
435,44
435,45
435,46
435,47
435,373
435,374
435,375
435,376
435,377
435,378
435,379
435,380
435,381
435,382
435,384
435,385
435,410
435,411
435,412
435,413
435,414
435,415
435,416
435,417
435,418
435,419
435,420
435,421
435,422
435,423
435,424
435,425
435,426
435,427
435,428
435,429
435,430
435,431
435,432
435,433
435,434
435,436
435,437
435,438
435,439
435,440
435,441
435,442
435,443
435,448
435,449
435,450
435,451
435,452
435,453
435,1032
435,1033
435,1036
435,1037
435,1038
435,1039
435,1040
435,1041
435,1042
435,1043
435,1044
436,2
436,4
436,27
436,30
436,31
436,32
436,33
436,34
436,44
436,45
436,46
436,47
436,373
436,375
436,376
436,377
436,378
436,379
436,380
436,381
436,384
436,385
436,410
436,411
436,412
436,413
436,414
436,415
436,416
436,417
436,418
436,419
436,420
436,421
436,422
436,423
436,424
436,425
436,426
436,427
436,428
436,429
436,430
436,431
436,432
436,433
436,434
436,435
436,437
436,438
436,439
436,440
436,441
436,442
436,443
436,448
436,449
436,450
436,451
436,452
436,453
436,1032
436,1033
436,1035
436,1036
436,1037
436,1038
436,1039
436,1040
436,1041
436,1042
436,1043
436,1044
437,2
437,4
437,30
437,31
437,32
437,33
437,34
437,35
437,45
437,46
437,47
437,375
437,376
437,377
437,378
437,379
437,380
437,381
437,382
437,383
437,384
437,385
437,388
437,411
437,412
437,413
437,416
437,417
437,418
437,419
437,420
437,421
437,422
437,423
437,424
437,425
437,426
437,427
437,428
437,429
437,430
437,431
437,432
437,433
437,434
437,435
437,436
437,438
437,439
437,440
437,441
437,442
437,443
437,444
437,448
437,449
437,450
437,451
437,452
437,453
437,454
437,1038
437,1039
437,1040
437,1041
437,1042
437,1043
437,1044
437,1045
437,1046
437,1047
437,1048
437,1049
437,1050
437,1051
437,1052
438,2
438,4
438,27
438,30
438,31
438,32
438,33
438,34
438,35
438,44
438,45
438,46
438,47
438,375
438,376
438,377
438,378
438,379
438,380
438,381
438,382
438,383
438,384
438,385
438,388
438,411
438,412
438,413
438,414
438,415
438,416
438,417
438,418
438,419
438,420
438,421
438,422
438,423
438,424
438,425
438,426
438,427
438,428
438,429
438,430
438,431
438,432
438,433
438,434
438,435
438,436
438,437
438,439
438,440
438,441
438,442
438,443
438,444
438,448
438,449
438,450
438,451
438,452
438,453
438,454
438,1038
438,1039
438,1040
438,1041
438,1042
438,1043
438,1044
438,1045
438,1046
438,1047
438,1048
438,1049
438,1050
438,1051
438,1052
438,1054
438,1057
438,1058
439,2
439,4
439,30
439,31
439,32
439,33
439,34
439,35
439,45
439,46
439,47
439,165
439,169
439,170
439,171
439,172
439,173
439,177
439,178
439,180
439,181
439,182
439,183
439,184
439,189
439,190
439,192
439,375
439,376
439,377
439,378
439,379
439,380
439,381
439,382
439,383
439,384
439,385
439,386
439,387
439,388
439,389
439,392
439,415
439,416
439,417
439,418
439,419
439,420
439,421
439,422
439,423
439,424
439,425
439,426
439,427
439,428
439,429
439,430
439,431
439,433
439,434
439,435
439,436
439,437
439,438
439,440
439,441
439,442
439,443
439,444
439,445
439,448
439,449
439,450
439,451
439,452
439,453
439,454
439,1038
439,1039
439,1040
439,1041
439,1042
439,1043
439,1044
439,1045
439,1046
439,1047
439,1048
439,1049
439,1050
439,1051
439,1052
439,1053
439,1054
439,1055
439,1056
439,1057
439,1058
440,2
440,4
440,30
440,31
440,32
440,33
440,34
440,35
440,45
440,46
440,47
440,48
440,169
440,171
440,172
440,173
440,177
440,178
440,179
440,180
440,181
440,182
440,183
440,184
440,185
440,186
440,188
440,189
440,190
440,191
440,192
440,204
440,375
440,377
440,378
440,379
440,380
440,381
440,382
440,383
440,384
440,385
440,386
440,387
440,388
440,389
440,390
440,392
440,393
440,417
440,420
440,421
440,424
440,425
440,426
440,427
440,428
440,429
440,430
440,431
440,433
440,435
440,436
440,437
440,438
440,439
440,441
440,442
440,443
440,444
440,445
440,446
440,447
440,448
440,449
440,450
440,451
440,452
440,453
440,454
440,1038
440,1039
440,1040
440,1041
440,1042
440,1043
440,1044
440,1045
440,1046
440,1047
440,1048
440,1049
440,1050
440,1051
440,1052
440,1053
440,1054
440,1055
440,1056
440,1057
440,1058
440,1059
440,1060
440,1061
440,1062
440,1063
440,1064
440,1065
440,1066
440,1067
440,1068
441,2
441,4
441,30
441,31
441,32
441,33
441,34
441,35
441,45
441,46
441,47
441,171
441,172
441,173
441,181
441,182
441,183
441,184
441,190
441,375
441,376
441,377
441,378
441,379
441,380
441,381
441,382
441,383
441,384
441,385
441,386
441,387
441,388
441,389
441,392
441,415
441,416
441,417
441,418
441,419
441,420
441,421
441,422
441,423
441,424
441,425
441,426
441,427
441,428
441,429
441,430
441,431
441,432
441,433
441,434
441,435
441,436
441,437
441,438
441,439
441,440
441,442
441,443
441,444
441,445
441,448
441,449
441,450
441,451
441,452
441,453
441,454
441,1038
441,1039
441,1040
441,1041
441,1042
441,1043
441,1044
441,1045
441,1046
441,1047
441,1048
441,1049
441,1050
441,1051
441,1052
441,1053
441,1054
441,1055
441,1056
441,1057
441,1058
441,1059
441,1060
441,1062
441,1066
442,2
442,4
442,30
442,31
442,32
442,33
442,34
442,35
442,45
442,46
442,47
442,173
442,182
442,184
442,375
442,377
442,378
442,379
442,380
442,381
442,382
442,383
442,384
442,385
442,386
442,387
442,388
442,389
442,415
442,417
442,418
442,419
442,420
442,421
442,422
442,423
442,424
442,425
442,426
442,427
442,428
442,429
442,430
442,431
442,432
442,433
442,434
442,435
442,436
442,437
442,438
442,439
442,440
442,441
442,443
442,444
442,445
442,448
442,449
442,450
442,451
442,452
442,453
442,454
442,1038
442,1039
442,1040
442,1041
442,1042
442,1043
442,1044
442,1045
442,1046
442,1047
442,1048
442,1049
442,1050
442,1051
442,1052
442,1053
442,1054
442,1055
442,1056
442,1057
442,1058
442,1059
442,1060
443,2
443,4
443,31
443,32
443,33
443,34
443,35
443,45
443,46
443,47
443,48
443,173
443,179
443,180
443,181
443,182
443,183
443,184
443,185
443,186
443,188
443,189
443,190
443,191
443,192
443,200
443,203
443,204
443,206
443,378
443,379
443,380
443,381
443,382
443,383
443,384
443,385
443,386
443,387
443,388
443,389
443,390
443,391
443,392
443,393
443,394
443,396
443,398
443,426
443,427
443,428
443,429
443,430
443,431
443,435
443,437
443,438
443,439
443,440
443,441
443,442
443,444
443,445
443,446
443,447
443,448
443,449
443,450
443,451
443,452
443,453
443,454
443,1038
443,1039
443,1040
443,1041
443,1042
443,1043
443,1044
443,1045
443,1046
443,1047
443,1048
443,1049
443,1050
443,1051
443,1052
443,1053
443,1054
443,1055
443,1056
443,1057
443,1058
443,1059
443,1060
443,1061
443,1062
443,1063
443,1064
443,1065
443,1066
443,1067
443,1068
444,2
444,4
444,31
444,32
444,33
444,34
444,35
444,45
444,46
444,47
444,48
444,49
444,180
444,182
444,183
444,184
444,185
444,186
444,187
444,188
444,189
444,190
444,191
444,192
444,200
444,202
444,203
444,204
444,205
444,206
444,212
444,379
444,381
444,382
444,383
444,384
444,385
444,386
444,387
444,388
444,389
444,390
444,391
444,392
444,393
444,394
444,395
444,396
444,397
444,398
444,399
444,427
444,430
444,431
444,437
444,439
444,440
444,441
444,442
444,443
444,445
444,446
444,447
444,448
444,449
444,450
444,451
444,452
444,453
444,454
444,1038
444,1039
444,1040
444,1041
444,1042
444,1043
444,1044
444,1045
444,1046
444,1047
444,1048
444,1049
444,1050
444,1051
444,1052
444,1053
444,1054
444,1055
444,1056
444,1057
444,1058
444,1059
444,1060
444,1061
444,1062
444,1063
444,1064
444,1065
444,1066
444,1067
444,1068
445,2
445,4
445,32
445,33
445,34
445,35
445,36
445,45
445,46
445,47
445,48
445,49
445,183
445,184
445,185
445,186
445,187
445,188
445,189
445,190
445,191
445,192
445,199
445,200
445,201
445,202
445,203
445,204
445,205
445,206
445,208
445,211
445,212
445,213
445,214
445,382
445,383
445,384
445,385
445,386
445,387
445,388
445,389
445,390
445,391
445,392
445,393
445,394
445,395
445,396
445,397
445,398
445,399
445,400
445,402
445,405
445,439
445,440
445,441
445,442
445,443
445,444
445,446
445,447
445,448
445,449
445,450
445,451
445,452
445,453
445,454
445,1038
445,1039
445,1040
445,1041
445,1042
445,1043
445,1044
445,1045
445,1046
445,1047
445,1048
445,1049
445,1050
445,1051
445,1052
445,1053
445,1054
445,1055
445,1056
445,1057
445,1058
445,1059
445,1060
445,1061
445,1062
445,1063
445,1064
445,1065
445,1066
445,1067
445,1068
446,2
446,4
446,33
446,34
446,35
446,36
446,46
446,47
446,48
446,49
446,50
446,188
446,190
446,191
446,192
446,200
446,201
446,202
446,203
446,204
446,205
446,206
446,208
446,210
446,211
446,212
446,213
446,214
446,224
446,383
446,385
446,386
446,387
446,388
446,389
446,390
446,391
446,392
446,393
446,394
446,395
446,396
446,397
446,398
446,399
446,400
446,401
446,402
446,405
446,440
446,443
446,444
446,445
446,447
446,450
446,451
446,452
446,453
446,454
446,1045
446,1046
446,1047
446,1048
446,1049
446,1050
446,1051
446,1052
446,1053
446,1054
446,1055
446,1056
446,1057
446,1058
446,1059
446,1060
446,1061
446,1062
446,1063
446,1064
446,1065
446,1066
446,1067
446,1068
447,2
447,4
447,32
447,33
447,34
447,35
447,36
447,45
447,46
447,47
447,48
447,49
447,50
447,190
447,191
447,192
447,200
447,202
447,203
447,204
447,205
447,206
447,208
447,211
447,212
447,213
447,214
447,224
447,383
447,385
447,386
447,387
447,388
447,389
447,390
447,391
447,392
447,393
447,394
447,395
447,396
447,397
447,398
447,399
447,400
447,401
447,402
447,405
447,440
447,441
447,442
447,443
447,444
447,445
447,446
447,448
447,450
447,451
447,452
447,453
447,454
447,955
447,957
447,1040
447,1041
447,1042
447,1043
447,1044
447,1045
447,1046
447,1047
447,1048
447,1049
447,1050
447,1051
447,1052
447,1053
447,1054
447,1055
447,1056
447,1057
447,1058
447,1059
447,1060
447,1061
447,1062
447,1063
447,1064
447,1065
447,1066
447,1067
447,1068
448,2
448,4
448,30
448,31
448,32
448,33
448,34
448,35
448,45
448,46
448,47
448,377
448,379
448,380
448,381
448,382
448,383
448,384
448,385
448,386
448,388
448,389
448,417
448,418
448,420
448,421
448,422
448,423
448,424
448,425
448,426
448,427
448,428
448,429
448,430
448,431
448,432
448,433
448,434
448,435
448,436
448,437
448,438
448,439
448,440
448,441
448,442
448,443
448,444
448,445
448,449
448,450
448,451
448,452
448,453
448,454
448,1038
448,1039
448,1040
448,1041
448,1042
448,1043
448,1044
448,1045
448,1046
448,1047
448,1048
448,1049
448,1050
448,1051
448,1052
448,1053
448,1054
448,1055
448,1056
448,1057
448,1058
448,1059
448,1060
449,2
449,4
449,30
449,31
449,32
449,33
449,34
449,35
449,45
449,46
449,47
449,48
449,377
449,378
449,379
449,380
449,381
449,382
449,383
449,384
449,385
449,386
449,388
449,389
449,417
449,418
449,419
449,420
449,421
449,422
449,423
449,424
449,425
449,426
449,427
449,428
449,429
449,430
449,431
449,432
449,433
449,434
449,435
449,436
449,437
449,438
449,439
449,440
449,441
449,442
449,443
449,444
449,445
449,448
449,450
449,451
449,452
449,453
449,454
449,1038
449,1039
449,1040
449,1041
449,1042
449,1043
449,1044
449,1045
449,1046
449,1047
449,1048
449,1049
449,1050
449,1051
449,1052
449,1053
449,1054
449,1055
449,1056
449,1057
449,1058
449,1059
449,1060
449,1062
449,1065
449,1066
450,2
450,4
450,30
450,31
450,32
450,33
450,34
450,35
450,45
450,46
450,47
450,48
450,379
450,380
450,381
450,382
450,383
450,384
450,385
450,386
450,387
450,388
450,389
450,392
450,420
450,421
450,424
450,425
450,426
450,427
450,428
450,429
450,430
450,431
450,433
450,434
450,435
450,436
450,437
450,438
450,439
450,440
450,441
450,442
450,443
450,444
450,445
450,446
450,447
450,448
450,449
450,451
450,452
450,453
450,454
450,1038
450,1039
450,1040
450,1041
450,1042
450,1043
450,1044
450,1045
450,1046
450,1047
450,1048
450,1049
450,1050
450,1051
450,1052
450,1053
450,1054
450,1055
450,1056
450,1057
450,1058
450,1059
450,1060
450,1061
450,1062
450,1063
450,1064
450,1065
450,1066
450,1067
450,1068
451,2
451,4
451,30
451,31
451,32
451,33
451,34
451,35
451,45
451,46
451,47
451,48
451,379
451,380
451,381
451,382
451,383
451,384
451,385
451,386
451,387
451,388
451,389
451,392
451,420
451,421
451,423
451,424
451,425
451,426
451,427
451,428
451,429
451,430
451,431
451,432
451,433
451,434
451,435
451,436
451,437
451,438
451,439
451,440
451,441
451,442
451,443
451,444
451,445
451,446
451,447
451,448
451,449
451,450
451,452
451,453
451,454
451,1038
451,1039
451,1040
451,1041
451,1042
451,1043
451,1044
451,1045
451,1046
451,1047
451,1048
451,1049
451,1050
451,1051
451,1052
451,1053
451,1054
451,1055
451,1056
451,1057
451,1058
451,1059
451,1060
451,1061
451,1062
451,1063
451,1064
451,1065
451,1066
451,1067
451,1068
452,2
452,4
452,31
452,32
452,33
452,34
452,35
452,45
452,46
452,47
452,48
452,49
452,184
452,190
452,192
452,379
452,380
452,381
452,382
452,383
452,384
452,385
452,386
452,387
452,388
452,389
452,390
452,391
452,392
452,393
452,396
452,398
452,424
452,425
452,426
452,427
452,428
452,429
452,430
452,431
452,433
452,434
452,435
452,436
452,437
452,438
452,439
452,440
452,441
452,442
452,443
452,444
452,445
452,446
452,447
452,448
452,449
452,450
452,451
452,453
452,454
452,1038
452,1039
452,1040
452,1041
452,1042
452,1043
452,1044
452,1045
452,1046
452,1047
452,1048
452,1049
452,1050
452,1051
452,1052
452,1053
452,1054
452,1055
452,1056
452,1057
452,1058
452,1059
452,1060
452,1061
452,1062
452,1063
452,1064
452,1065
452,1066
452,1067
452,1068
453,2
453,4
453,31
453,32
453,33
453,34
453,35
453,45
453,46
453,47
453,48
453,49
453,381
453,382
453,383
453,384
453,385
453,386
453,387
453,388
453,389
453,390
453,392
453,393
453,398
453,426
453,427
453,428
453,429
453,430
453,431
453,435
453,436
453,437
453,438
453,439
453,440
453,441
453,442
453,443
453,444
453,445
453,446
453,447
453,448
453,449
453,450
453,451
453,452
453,454
453,1038
453,1039
453,1040
453,1041
453,1042
453,1043
453,1044
453,1045
453,1046
453,1047
453,1048
453,1049
453,1050
453,1051
453,1052
453,1053
453,1054
453,1055
453,1056
453,1057
453,1058
453,1059
453,1060
453,1061
453,1062
453,1063
453,1064
453,1065
453,1066
453,1067
453,1068
454,2
454,4
454,31
454,32
454,33
454,34
454,35
454,45
454,46
454,47
454,48
454,49
454,190
454,192
454,204
454,381
454,382
454,383
454,384
454,385
454,386
454,387
454,388
454,389
454,390
454,391
454,392
454,393
454,394
454,396
454,397
454,398
454,399
454,427
454,428
454,430
454,431
454,435
454,436
454,437
454,438
454,439
454,440
454,441
454,442
454,443
454,444
454,445
454,446
454,447
454,448
454,449
454,450
454,451
454,452
454,453
454,1038
454,1039
454,1040
454,1041
454,1042
454,1043
454,1044
454,1045
454,1046
454,1047
454,1048
454,1049
454,1050
454,1051
454,1052
454,1053
454,1054
454,1055
454,1056
454,1057
454,1058
454,1059
454,1060
454,1061
454,1062
454,1063
454,1064
454,1065
454,1066
454,1067
454,1068
455,7
455,8
455,9
455,10
455,11
455,12
455,257
455,258
455,259
455,260
455,262
455,263
455,264
455,265
455,266
455,267
455,268
455,269
455,456
455,457
455,458
455,459
455,460
455,461
455,462
455,463
455,464
455,465
455,466
455,467
455,468
455,469
455,470
455,471
455,472
455,473
455,474
455,475
455,476
455,477
455,478
455,479
455,480
455,483
455,484
455,495
456,7
456,8
456,9
456,10
456,11
456,12
456,257
456,258
456,259
456,260
456,263
456,264
456,265
456,266
456,268
456,269
456,455
456,457
456,458
456,459
456,460
456,461
456,462
456,463
456,464
456,465
456,466
456,467
456,468
456,469
456,470
456,471
456,472
456,473
456,474
456,475
456,476
456,477
456,478
456,479
456,480
456,483
456,484
456,486
456,495
457,7
457,8
457,9
457,10
457,11
457,12
457,19
457,257
457,258
457,259
457,260
457,263
457,264
457,265
457,266
457,267
457,268
457,269
457,271
457,455
457,456
457,458
457,459
457,460
457,461
457,462
457,463
457,464
457,465
457,466
457,467
457,468
457,469
457,470
457,471
457,472
457,473
457,474
457,475
457,476
457,477
457,478
457,479
457,480
457,481
457,482
457,483
457,484
457,485
457,486
457,487
457,495
457,496
457,497
458,7
458,8
458,9
458,10
458,11
458,12
458,19
458,257
458,258
458,259
458,260
458,263
458,264
458,265
458,266
458,268
458,269
458,271
458,455
458,456
458,457
458,459
458,460
458,461
458,462
458,463
458,464
458,465
458,466
458,467
458,468
458,469
458,470
458,471
458,472
458,473
458,474
458,475
458,476
458,477
458,478
458,479
458,480
458,481
458,482
458,483
458,484
458,485
458,486
458,487
458,495
458,496
458,497
459,7
459,8
459,9
459,10
459,11
459,12
459,254
459,257
459,258
459,259
459,260
459,261
459,262
459,263
459,264
459,265
459,266
459,267
459,268
459,269
459,455
459,456
459,457
459,458
459,460
459,461
459,462
459,463
459,464
459,465
459,466
459,467
459,468
459,469
459,470
459,471
459,472
459,473
459,474
459,475
459,476
459,477
459,478
459,479
459,480
459,483
459,484
459,485
459,495
459,497
460,7
460,8
460,9
460,10
460,11
460,12
460,254
460,257
460,258
460,259
460,260
460,261
460,262
460,263
460,264
460,265
460,266
460,267
460,268
460,269
460,455
460,456
460,457
460,458
460,459
460,461
460,462
460,463
460,464
460,465
460,466
460,467
460,468
460,469
460,470
460,471
460,472
460,473
460,474
460,475
460,476
460,477
460,478
460,479
460,480
460,483
460,484
460,485
460,486
460,495
460,497
461,7
461,8
461,9
461,10
461,11
461,12
461,19
461,257
461,258
461,259
461,260
461,262
461,263
461,264
461,265
461,266
461,267
461,268
461,269
461,270
461,271
461,455
461,456
461,457
461,458
461,459
461,460
461,462
461,463
461,464
461,465
461,466
461,467
461,468
461,469
461,470
461,471
461,472
461,473
461,474
461,475
461,476
461,477
461,478
461,479
461,480
461,481
461,482
461,483
461,484
461,485
461,486
461,491
461,495
461,496
461,497
461,498
461,500
462,7
462,8
462,9
462,10
462,11
462,12
462,19
462,257
462,258
462,259
462,260
462,262
462,263
462,264
462,265
462,266
462,267
462,268
462,269
462,271
462,455
462,456
462,457
462,458
462,459
462,460
462,461
462,463
462,464
462,465
462,466
462,467
462,468
462,469
462,470
462,471
462,472
462,473
462,474
462,475
462,476
462,477
462,478
462,479
462,480
462,481
462,482
462,483
462,484
462,485
462,486
462,495
462,496
462,497
462,498
462,500
463,7
463,8
463,9
463,10
463,11
463,12
463,19
463,52
463,259
463,260
463,263
463,264
463,265
463,266
463,267
463,268
463,269
463,270
463,271
463,455
463,456
463,457
463,458
463,459
463,460
463,461
463,462
463,464
463,465
463,466
463,467
463,468
463,469
463,470
463,471
463,472
463,473
463,474
463,475
463,476
463,477
463,478
463,479
463,480
463,481
463,482
463,483
463,484
463,485
463,486
463,487
463,488
463,489
463,491
463,492
463,495
463,496
463,497
463,498
463,499
463,500
464,7
464,8
464,9
464,10
464,11
464,12
464,19
464,52
464,259
464,260
464,263
464,264
464,265
464,266
464,268
464,269
464,270
464,271
464,455
464,456
464,457
464,458
464,459
464,460
464,461
464,462
464,463
464,465
464,466
464,467
464,468
464,469
464,470
464,471
464,472
464,473
464,474
464,475
464,476
464,477
464,478
464,479
464,480
464,481
464,482
464,483
464,484
464,485
464,486
464,487
464,488
464,491
464,492
464,494
464,495
464,496
464,497
464,498
464,499
464,500
465,7
465,8
465,9
465,10
465,11
465,12
465,19
465,52
465,259
465,260
465,263
465,264
465,265
465,266
465,268
465,269
465,270
465,271
465,273
465,455
465,456
465,457
465,458
465,459
465,460
465,461
465,462
465,463
465,464
465,466
465,467
465,468
465,469
465,470
465,471
465,472
465,473
465,474
465,475
465,476
465,477
465,478
465,479
465,480
465,481
465,482
465,483
465,484
465,485
465,486
465,487
465,488
465,489
465,490
465,491
465,492
465,493
465,494
465,495
465,496
465,497
465,498
465,499
465,500
465,501
465,502
465,503
465,508
466,7
466,8
466,9
466,10
466,11
466,12
466,19
466,52
466,259
466,260
466,263
466,264
466,265
466,266
466,268
466,269
466,270
466,271
466,273
466,455
466,456
466,457
466,458
466,459
466,460
466,461
466,462
466,463
466,464
466,465
466,467
466,468
466,469
466,470
466,471
466,472
466,473
466,474
466,475
466,476
466,477
466,478
466,479
466,480
466,481
466,482
466,483
466,484
466,485
466,486
466,487
466,488
466,489
466,490
466,491
466,492
466,493
466,494
466,495
466,496
466,497
466,498
466,499
466,500
466,501
466,502
466,513
467,7
467,8
467,9
467,10
467,11
467,12
467,19
467,52
467,257
467,258
467,259
467,260
467,262
467,263
467,264
467,265
467,266
467,267
467,268
467,269
467,270
467,271
467,455
467,456
467,457
467,458
467,459
467,460
467,461
467,462
467,463
467,464
467,465
467,466
467,468
467,469
467,470
467,471
467,472
467,473
467,474
467,475
467,476
467,477
467,478
467,479
467,480
467,481
467,482
467,483
467,484
467,485
467,486
467,487
467,488
467,491
467,492
467,493
467,495
467,496
467,497
467,498
467,499
467,500
467,501
467,502
468,7
468,8
468,9
468,10
468,11
468,12
468,19
468,52
468,257
468,258
468,259
468,260
468,262
468,263
468,264
468,265
468,266
468,267
468,268
468,269
468,270
468,271
468,455
468,456
468,457
468,458
468,459
468,460
468,461
468,462
468,463
468,464
468,465
468,466
468,467
468,469
468,470
468,471
468,472
468,473
468,474
468,475
468,476
468,477
468,478
468,479
468,480
468,481
468,482
468,483
468,484
468,485
468,486
468,487
468,488
468,491
468,492
468,494
468,495
468,496
468,497
468,498
468,499
468,500
468,502
469,7
469,8
469,9
469,10
469,11
469,12
469,19
469,52
469,259
469,260
469,263
469,264
469,265
469,266
469,267
469,268
469,269
469,270
469,271
469,272
469,273
469,455
469,456
469,457
469,458
469,459
469,460
469,461
469,462
469,463
469,464
469,465
469,466
469,467
469,468
469,470
469,471
469,472
469,473
469,474
469,475
469,476
469,477
469,478
469,479
469,480
469,481
469,482
469,483
469,484
469,485
469,486
469,487
469,488
469,489
469,490
469,491
469,492
469,493
469,494
469,495
469,496
469,497
469,498
469,499
469,500
469,501
469,502
469,503
469,512
469,513
470,7
470,8
470,9
470,10
470,11
470,12
470,19
470,52
470,259
470,260
470,263
470,264
470,265
470,266
470,267
470,268
470,269
470,270
470,271
470,273
470,455
470,456
470,457
470,458
470,459
470,460
470,461
470,462
470,463
470,464
470,465
470,466
470,467
470,468
470,469
470,471
470,472
470,473
470,474
470,475
470,476
470,477
470,478
470,479
470,480
470,481
470,482
470,483
470,484
470,485
470,486
470,487
470,488
470,489
470,490
470,491
470,492
470,493
470,494
470,495
470,496
470,497
470,498
470,499
470,500
470,501
470,502
470,503
470,513
471,7
471,8
471,9
471,10
471,11
471,12
471,254
471,257
471,258
471,259
471,260
471,261
471,262
471,263
471,264
471,265
471,266
471,267
471,268
471,269
471,271
471,455
471,456
471,457
471,458
471,459
471,460
471,461
471,462
471,463
471,464
471,465
471,466
471,467
471,468
471,469
471,470
471,472
471,473
471,474
471,475
471,476
471,477
471,478
471,479
471,480
471,483
471,484
471,495
471,497
471,812
471,813
471,816
471,817
471,820
471,824
472,7
472,8
472,9
472,10
472,11
472,12
472,257
472,258
472,259
472,260
472,261
472,262
472,263
472,264
472,265
472,266
472,267
472,268
472,269
472,270
472,271
472,455
472,456
472,457
472,458
472,459
472,460
472,461
472,462
472,463
472,464
472,465
472,466
472,467
472,468
472,469
472,470
472,471
472,473
472,474
472,475
472,476
472,477
472,478
472,479
472,480
472,481
472,482
472,483
472,484
472,485
472,486
472,495
472,496
472,497
472,498
472,813
472,816
472,817
472,820
472,821
472,824
472,825
473,7
473,8
473,9
473,10
473,11
473,254
473,256
473,257
473,258
473,259
473,260
473,261
473,262
473,263
473,264
473,265
473,266
473,267
473,268
473,269
473,271
473,455
473,456
473,457
473,458
473,459
473,460
473,461
473,462
473,463
473,464
473,465
473,466
473,467
473,468
473,469
473,470
473,471
473,472
473,474
473,475
473,476
473,477
473,478
473,483
473,484
473,495
473,497
473,809
473,812
473,813
473,814
473,815
473,816
473,817
473,818
473,819
473,820
473,821
473,822
473,824
473,825
473,826
474,7
474,8
474,9
474,10
474,11
474,12
474,254
474,257
474,258
474,259
474,260
474,261
474,262
474,263
474,264
474,265
474,266
474,267
474,268
474,269
474,270
474,271
474,455
474,456
474,457
474,458
474,459
474,460
474,461
474,462
474,463
474,464
474,465
474,466
474,467
474,468
474,469
474,470
474,471
474,472
474,473
474,475
474,476
474,477
474,478
474,479
474,480
474,483
474,484
474,485
474,486
474,495
474,496
474,497
474,498
474,812
474,813
474,815
474,816
474,817
474,818
474,819
474,820
474,821
474,822
474,823
474,824
474,825
474,826
474,827
474,828
474,832
475,7
475,8
475,9
475,10
475,11
475,12
475,19
475,52
475,257
475,258
475,259
475,260
475,262
475,263
475,264
475,265
475,266
475,267
475,268
475,269
475,270
475,271
475,273
475,455
475,456
475,457
475,458
475,459
475,460
475,461
475,462
475,463
475,464
475,465
475,466
475,467
475,468
475,469
475,470
475,471
475,472
475,473
475,474
475,476
475,477
475,478
475,479
475,480
475,481
475,482
475,483
475,484
475,485
475,486
475,487
475,488
475,491
475,492
475,493
475,495
475,496
475,497
475,498
475,499
475,500
475,501
475,502
475,503
475,816
475,817
475,820
475,821
475,824
475,825
475,828
475,832
476,7
476,8
476,9
476,10
476,11
476,12
476,19
476,28
476,52
476,258
476,259
476,260
476,262
476,263
476,264
476,265
476,266
476,267
476,268
476,269
476,270
476,271
476,272
476,273
476,455
476,456
476,457
476,458
476,459
476,460
476,461
476,462
476,463
476,464
476,465
476,466
476,467
476,468
476,469
476,470
476,471
476,472
476,473
476,474
476,475
476,477
476,478
476,479
476,480
476,481
476,482
476,483
476,484
476,485
476,486
476,487
476,488
476,489
476,490
476,491
476,492
476,493
476,494
476,495
476,496
476,497
476,498
476,499
476,500
476,501
476,502
476,503
476,817
476,820
476,821
476,824
476,825
476,828
476,829
476,832
476,833
477,7
477,8
477,9
477,10
477,11
477,12
477,28
477,52
477,257
477,258
477,259
477,260
477,261
477,262
477,263
477,264
477,265
477,266
477,267
477,268
477,269
477,270
477,271
477,272
477,273
477,455
477,456
477,457
477,458
477,459
477,460
477,461
477,462
477,463
477,464
477,465
477,466
477,467
477,468
477,469
477,470
477,471
477,472
477,473
477,474
477,475
477,476
477,478
477,479
477,480
477,481
477,482
477,483
477,484
477,485
477,486
477,487
477,491
477,492
477,495
477,496
477,497
477,498
477,499
477,500
477,501
477,502
477,503
477,813
477,816
477,817
477,818
477,819
477,820
477,821
477,822
477,823
477,824
477,825
477,826
477,827
477,828
477,829
477,830
477,832
477,833
477,834
478,7
478,8
478,9
478,10
478,11
478,12
478,19
478,28
478,52
478,257
478,258
478,259
478,260
478,262
478,263
478,264
478,265
478,266
478,267
478,268
478,269
478,270
478,271
478,272
478,273
478,455
478,456
478,457
478,458
478,459
478,460
478,461
478,462
478,463
478,464
478,465
478,466
478,467
478,468
478,469
478,470
478,471
478,472
478,473
478,474
478,475
478,476
478,477
478,479
478,480
478,481
478,482
478,483
478,484
478,485
478,486
478,487
478,488
478,489
478,491
478,492
478,493
478,494
478,495
478,496
478,497
478,498
478,499
478,500
478,501
478,502
478,503
478,816
478,817
478,819
478,820
478,821
478,822
478,823
478,824
478,825
478,826
478,827
478,828
478,829
478,830
478,831
478,832
478,833
478,834
478,835
478,836
478,840
478,842
479,1
479,7
479,9
479,10
479,11
479,12
479,19
479,20
479,52
479,53
479,263
479,264
479,265
479,266
479,268
479,269
479,270
479,271
479,272
479,273
479,455
479,456
479,457
479,458
479,459
479,460
479,461
479,462
479,463
479,464
479,465
479,466
479,467
479,468
479,469
479,470
479,471
479,472
479,474
479,475
479,476
479,477
479,478
479,480
479,481
479,482
479,483
479,484
479,485
479,486
479,487
479,488
479,489
479,490
479,491
479,492
479,493
479,494
479,495
479,496
479,497
479,498
479,499
479,500
479,501
479,502
479,503
479,508
479,509
479,510
479,512
479,513
480,1
480,7
480,9
480,10
480,11
480,12
480,19
480,20
480,52
480,263
480,264
480,265
480,266
480,268
480,269
480,270
480,271
480,273
480,455
480,456
480,457
480,458
480,459
480,460
480,461
480,462
480,463
480,464
480,465
480,466
480,467
480,468
480,469
480,470
480,471
480,472
480,474
480,475
480,476
480,477
480,478
480,479
480,481
480,482
480,483
480,484
480,485
480,486
480,487
480,488
480,489
480,490
480,491
480,492
480,493
480,494
480,495
480,496
480,497
480,498
480,499
480,500
480,501
480,502
480,503
480,508
480,509
480,512
480,513
481,1
481,7
481,9
481,10
481,11
481,12
481,19
481,20
481,52
481,53
481,263
481,264
481,265
481,266
481,268
481,269
481,270
481,271
481,272
481,273
481,275
481,457
481,458
481,461
481,462
481,463
481,464
481,465
481,466
481,467
481,468
481,469
481,470
481,472
481,475
481,476
481,477
481,478
481,479
481,480
481,482
481,483
481,484
481,485
481,486
481,487
481,488
481,489
481,490
481,491
481,492
481,493
481,494
481,495
481,496
481,497
481,498
481,499
481,500
481,501
481,502
481,503
481,508
481,509
481,510
481,511
481,512
481,513
481,514
481,515
481,516
482,1
482,7
482,9
482,10
482,11
482,12
482,19
482,20
482,52
482,53
482,263
482,264
482,265
482,266
482,268
482,269
482,270
482,271
482,272
482,273
482,275
482,457
482,458
482,461
482,462
482,463
482,464
482,465
482,466
482,467
482,468
482,469
482,470
482,472
482,475
482,476
482,477
482,478
482,479
482,480
482,481
482,483
482,484
482,485
482,486
482,487
482,488
482,489
482,490
482,491
482,492
482,493
482,494
482,495
482,496
482,497
482,498
482,499
482,500
482,501
482,502
482,503
482,508
482,509
482,510
482,511
482,512
482,513
482,514
482,515
482,516
483,7
483,9
483,10
483,11
483,12
483,19
483,52
483,53
483,259
483,260
483,263
483,264
483,265
483,266
483,267
483,268
483,269
483,270
483,271
483,272
483,273
483,455
483,456
483,457
483,458
483,459
483,460
483,461
483,462
483,463
483,464
483,465
483,466
483,467
483,468
483,469
483,470
483,471
483,472
483,473
483,474
483,475
483,476
483,477
483,478
483,479
483,480
483,481
483,482
483,484
483,485
483,486
483,487
483,488
483,489
483,490
483,491
483,492
483,493
483,494
483,495
483,496
483,497
483,498
483,499
483,500
483,501
483,502
483,503
483,508
483,509
483,510
483,512
483,513
483,514
484,1
484,7
484,9
484,10
484,11
484,12
484,19
484,20
484,52
484,53
484,260
484,263
484,264
484,265
484,266
484,268
484,269
484,270
484,271
484,272
484,273
484,455
484,456
484,457
484,458
484,459
484,460
484,461
484,462
484,463
484,464
484,465
484,466
484,467
484,468
484,469
484,470
484,471
484,472
484,473
484,474
484,475
484,476
484,477
484,478
484,479
484,480
484,481
484,482
484,483
484,485
484,486
484,487
484,488
484,489
484,490
484,491
484,492
484,493
484,494
484,495
484,496
484,497
484,498
484,499
484,500
484,501
484,502
484,503
484,508
484,509
484,512
484,513
485,1
485,7
485,9
485,10
485,11
485,12
485,19
485,20
485,28
485,52
485,53
485,263
485,264
485,265
485,266
485,268
485,269
485,270
485,271
485,272
485,273
485,274
485,275
485,457
485,458
485,459
485,460
485,461
485,462
485,463
485,464
485,465
485,466
485,467
485,468
485,469
485,470
485,472
485,474
485,475
485,476
485,477
485,478
485,479
485,480
485,481
485,482
485,483
485,484
485,486
485,487
485,488
485,489
485,490
485,491
485,492
485,493
485,494
485,495
485,496
485,497
485,498
485,499
485,500
485,501
485,502
485,503
485,508
485,509
485,510
485,511
485,512
485,513
485,514
485,515
485,516
485,519
485,520
485,833
486,1
486,7
486,9
486,10
486,11
486,12
486,19
486,20
486,28
486,52
486,53
486,263
486,264
486,265
486,266
486,268
486,269
486,270
486,271
486,272
486,273
486,274
486,275
486,456
486,457
486,458
486,460
486,461
486,462
486,463
486,464
486,465
486,466
486,467
486,468
486,469
486,470
486,472
486,474
486,475
486,476
486,477
486,478
486,479
486,480
486,481
486,482
486,483
486,484
486,485
486,487
486,488
486,489
486,490
486,491
486,492
486,493
486,494
486,495
486,496
486,497
486,498
486,499
486,500
486,501
486,502
486,503
486,508
486,509
486,510
486,511
486,512
486,513
486,514
486,515
486,516
486,517
486,519
486,520
487,1
487,7
487,9
487,10
487,11
487,12
487,19
487,20
487,28
487,52
487,53
487,55
487,264
487,265
487,266
487,268
487,269
487,270
487,271
487,272
487,273
487,274
487,275
487,457
487,458
487,463
487,464
487,465
487,466
487,467
487,468
487,469
487,470
487,475
487,476
487,477
487,478
487,479
487,480
487,481
487,482
487,483
487,484
487,485
487,486
487,488
487,489
487,490
487,491
487,492
487,493
487,494
487,495
487,496
487,497
487,498
487,499
487,500
487,501
487,502
487,503
487,508
487,509
487,510
487,511
487,512
487,513
487,514
487,515
487,516
487,517
487,518
487,519
487,520
487,521
488,1
488,7
488,9
488,10
488,11
488,12
488,19
488,20
488,52
488,53
488,55
488,265
488,266
488,268
488,269
488,270
488,271
488,272
488,273
488,274
488,275
488,463
488,464
488,465
488,466
488,467
488,468
488,469
488,470
488,475
488,476
488,478
488,479
488,480
488,481
488,482
488,483
488,484
488,485
488,486
488,487
488,489
488,490
488,491
488,492
488,493
488,494
488,495
488,496
488,497
488,498
488,499
488,500
488,501
488,502
488,503
488,508
488,509
488,510
488,511
488,512
488,513
488,514
488,515
488,516
488,517
488,519
488,520
489,1
489,7
489,9
489,10
489,11
489,12
489,19
489,20
489,28
489,52
489,53
489,55
489,265
489,266
489,268
489,269
489,270
489,271
489,272
489,273
489,274
489,275
489,278
489,463
489,464
489,465
489,466
489,469
489,470
489,476
489,478
489,479
489,480
489,481
489,482
489,483
489,484
489,485
489,486
489,487
489,488
489,490
489,491
489,492
489,493
489,494
489,495
489,496
489,497
489,498
489,499
489,500
489,501
489,502
489,503
489,506
489,508
489,509
489,510
489,511
489,512
489,513
489,514
489,515
489,516
489,517
489,518
489,519
489,520
489,521
489,522
489,523
489,526
489,527
490,1
490,7
490,9
490,10
490,11
490,12
490,19
490,20
490,28
490,52
490,53
490,55
490,265
490,266
490,268
490,269
490,270
490,271
490,272
490,273
490,274
490,275
490,278
490,465
490,466
490,469
490,470
490,476
490,479
490,480
490,481
490,482
490,483
490,484
490,485
490,486
490,487
490,488
490,489
490,491
490,492
490,493
490,494
490,495
490,496
490,497
490,498
490,499
490,500
490,501
490,502
490,503
490,506
490,508
490,509
490,510
490,511
490,512
490,513
490,514
490,515
490,516
490,517
490,518
490,519
490,520
490,521
490,522
490,523
490,527
491,1
491,7
491,9
491,10
491,11
491,12
491,19
491,20
491,28
491,52
491,53
491,55
491,263
491,264
491,265
491,266
491,268
491,269
491,270
491,271
491,272
491,273
491,274
491,275
491,276
491,461
491,463
491,464
491,465
491,466
491,467
491,468
491,469
491,470
491,475
491,476
491,477
491,478
491,479
491,480
491,481
491,482
491,483
491,484
491,485
491,486
491,487
491,488
491,489
491,490
491,492
491,493
491,494
491,495
491,496
491,497
491,498
491,499
491,500
491,501
491,502
491,503
491,508
491,509
491,510
491,511
491,512
491,513
491,514
491,515
491,516
491,517
491,519
491,520
491,521
492,1
492,7
492,9
492,10
492,11
492,12
492,19
492,20
492,28
492,52
492,53
492,55
492,263
492,264
492,265
492,266
492,268
492,269
492,270
492,271
492,272
492,273
492,274
492,275
492,276
492,463
492,464
492,465
492,466
492,467
492,468
492,469
492,470
492,475
492,476
492,477
492,478
492,479
492,480
492,481
492,482
492,483
492,484
492,485
492,486
492,487
492,488
492,489
492,490
492,491
492,493
492,494
492,495
492,496
492,497
492,498
492,499
492,500
492,501
492,502
492,503
492,508
492,509
492,510
492,511
492,512
492,513
492,514
492,515
492,516
492,517
492,519
492,520
492,521
493,1
493,7
493,9
493,10
493,11
493,12
493,19
493,20
493,28
493,52
493,53
493,55
493,265
493,266
493,268
493,269
493,270
493,271
493,272
493,273
493,274
493,275
493,276
493,277
493,278
493,465
493,466
493,467
493,469
493,470
493,475
493,476
493,478
493,479
493,480
493,481
493,482
493,483
493,484
493,485
493,486
493,487
493,488
493,489
493,490
493,491
493,492
493,494
493,495
493,496
493,497
493,498
493,499
493,500
493,501
493,502
493,503
493,508
493,509
493,510
493,511
493,512
493,513
493,514
493,515
493,516
493,517
493,518
493,519
493,520
493,521
493,522
493,523
493,526
493,527
493,841
493,848
494,1
494,7
494,9
494,10
494,11
494,12
494,19
494,20
494,28
494,52
494,53
494,55
494,265
494,266
494,268
494,269
494,270
494,271
494,272
494,273
494,274
494,275
494,276
494,277
494,278
494,464
494,465
494,466
494,468
494,469
494,470
494,476
494,478
494,479
494,480
494,481
494,482
494,483
494,484
494,485
494,486
494,487
494,488
494,489
494,490
494,491
494,492
494,493
494,495
494,496
494,497
494,498
494,499
494,500
494,501
494,502
494,503
494,508
494,509
494,510
494,511
494,512
494,513
494,514
494,515
494,516
494,517
494,518
494,519
494,520
494,521
494,522
494,523
494,526
494,527
495,7
495,9
495,10
495,11
495,12
495,19
495,28
495,52
495,53
495,259
495,260
495,263
495,264
495,265
495,266
495,267
495,268
495,269
495,270
495,271
495,272
495,273
495,275
495,455
495,456
495,457
495,458
495,459
495,460
495,461
495,462
495,463
495,464
495,465
495,466
495,467
495,468
495,469
495,470
495,471
495,472
495,473
495,474
495,475
495,476
495,477
495,478
495,479
495,480
495,481
495,482
495,483
495,484
495,485
495,486
495,487
495,488
495,489
495,490
495,491
495,492
495,493
495,494
495,496
495,497
495,498
495,499
495,500
495,501
495,502
495,503
495,508
495,509
495,512
495,513
495,514
495,820
495,821
495,824
495,825
495,828
495,829
495,832
495,833
495,834
495,836
495,840
495,841
496,1
496,7
496,9
496,10
496,11
496,12
496,19
496,20
496,28
496,52
496,53
496,260
496,263
496,264
496,265
496,266
496,267
496,268
496,269
496,270
496,271
496,272
496,273
496,274
496,275
496,276
496,457
496,458
496,461
496,462
496,463
496,464
496,465
496,466
496,467
496,468
496,469
496,470
496,472
496,474
496,475
496,476
496,477
496,478
496,479
496,480
496,481
496,482
496,483
496,484
496,485
496,486
496,487
496,488
496,489
496,490
496,491
496,492
496,493
496,494
496,495
496,497
496,498
496,499
496,500
496,501
496,502
496,503
496,508
496,509
496,510
496,511
496,512
496,513
496,514
496,515
496,821
496,825
496,828
496,829
496,832
496,833
496,835
496,836
496,837
496,840
496,841
496,842
496,848
497,7
497,9
497,10
497,11
497,12
497,19
497,28
497,52
497,53
497,259
497,260
497,262
497,263
497,264
497,265
497,266
497,267
497,268
497,269
497,270
497,271
497,272
497,273
497,275
497,457
497,458
497,459
497,460
497,461
497,462
497,463
497,464
497,465
497,466
497,467
497,468
497,469
497,470
497,471
497,472
497,473
497,474
497,475
497,476
497,477
497,478
497,479
497,480
497,481
497,482
497,483
497,484
497,485
497,486
497,487
497,488
497,489
497,490
497,491
497,492
497,493
497,494
497,495
497,496
497,498
497,499
497,500
497,501
497,502
497,503
497,512
497,513
497,817
497,820
497,821
497,822
497,823
497,824
497,825
497,826
497,827
497,828
497,829
497,830
497,831
497,832
497,833
497,834
497,835
497,836
497,837
497,838
497,840
497,841
497,842
497,843
498,7
498,9
498,10
498,11
498,12
498,19
498,28
498,52
498,53
498,259
498,260
498,263
498,264
498,265
498,266
498,267
498,268
498,269
498,270
498,271
498,272
498,273
498,274
498,275
498,276
498,461
498,462
498,463
498,464
498,465
498,466
498,467
498,468
498,469
498,470
498,472
498,474
498,475
498,476
498,477
498,478
498,479
498,480
498,481
498,482
498,483
498,484
498,485
498,486
498,487
498,488
498,489
498,490
498,491
498,492
498,493
498,494
498,495
498,496
498,497
498,499
498,500
498,501
498,502
498,503
498,508
498,509
498,512
498,513
498,514
498,515
498,820
498,821
498,823
498,824
498,825
498,827
498,828
498,829
498,830
498,831
498,832
498,833
498,834
498,835
498,836
498,837
498,838
498,839
498,840
498,841
498,842
498,843
498,844
498,848
498,850
499,1
499,7
499,9
499,10
499,11
499,12
499,19
499,20
499,28
499,52
499,53
499,55
499,263
499,264
499,265
499,266
499,268
499,269
499,270
499,271
499,272
499,273
499,274
499,275
499,276
499,278
499,463
499,464
499,465
499,466
499,467
499,468
499,469
499,470
499,475
499,476
499,477
499,478
499,479
499,480
499,481
499,482
499,483
499,484
499,485
499,486
499,487
499,488
499,489
499,490
499,491
499,492
499,493
499,494
499,495
499,496
499,497
499,498
499,500
499,501
499,502
499,503
499,508
499,509
499,510
499,511
499,512
499,513
499,514
499,515
499,516
499,517
499,519
499,520
499,521
499,828
499,829
499,832
499,833
499,836
499,837
499,838
499,839
499,840
499,841
499,842
499,843
499,844
499,848
500,1
500,7
500,9
500,10
500,11
500,12
500,19
500,20
500,28
500,52
500,53
500,55
500,263
500,264
500,265
500,266
500,268
500,269
500,270
500,271
500,272
500,273
500,274
500,275
500,276
500,278
500,461
500,462
500,463
500,464
500,465
500,466
500,467
500,468
500,469
500,470
500,475
500,476
500,477
500,478
500,479
500,480
500,481
500,482
500,483
500,484
500,485
500,486
500,487
500,488
500,489
500,490
500,491
500,492
500,493
500,494
500,495
500,496
500,497
500,498
500,499
500,501
500,502
500,503
500,508
500,509
500,510
500,511
500,512
500,513
500,514
500,515
500,516
500,517
500,519
500,520
500,521
500,522
500,825
500,828
500,829
500,832
500,833
500,835
500,836
500,837
500,840
500,841
500,842
500,843
500,844
500,848
500,849
501,1
501,7
501,9
501,10
501,11
501,12
501,19
501,20
501,28
501,52
501,53
501,55
501,263
501,264
501,265
501,266
501,268
501,269
501,270
501,271
501,272
501,273
501,274
501,275
501,276
501,277
501,278
501,282
501,465
501,466
501,467
501,469
501,470
501,475
501,476
501,477
501,478
501,479
501,480
501,481
501,482
501,483
501,484
501,485
501,486
501,487
501,488
501,489
501,490
501,491
501,492
501,493
501,494
501,495
501,496
501,497
501,498
501,499
501,500
501,502
501,503
501,508
501,509
501,510
501,511
501,512
501,513
501,514
501,515
501,516
501,517
501,518
501,519
501,520
501,521
501,522
501,526
501,527
501,829
501,833
501,836
501,837
501,838
501,839
501,840
501,841
501,842
501,843
501,844
501,845
501,846
501,848
501,849
501,850
502,1
502,7
502,9
502,10
502,11
502,12
502,19
502,20
502,28
502,52
502,53
502,55
502,263
502,264
502,265
502,266
502,267
502,268
502,269
502,270
502,271
502,272
502,273
502,274
502,275
502,276
502,277
502,278
502,465
502,466
502,467
502,468
502,469
502,470
502,475
502,476
502,477
502,478
502,479
502,480
502,481
502,482
502,483
502,484
502,485
502,486
502,487
502,488
502,489
502,490
502,491
502,492
502,493
502,494
502,495
502,496
502,497
502,498
502,499
502,500
502,501
502,503
502,508
502,509
502,510
502,511
502,512
502,513
502,514
502,515
502,516
502,519
502,520
502,821
502,825
502,828
502,829
502,830
502,831
502,832
502,833
502,834
502,835
502,836
502,837
502,838
502,839
502,840
502,841
502,842
502,843
502,844
502,845
502,846
502,848
502,849
502,850
503,1
503,9
503,10
503,11
503,12
503,19
503,20
503,28
503,52
503,53
503,55
503,263
503,264
503,265
503,266
503,268
503,269
503,270
503,271
503,272
503,273
503,274
503,275
503,276
503,277
503,278
503,281
503,282
503,465
503,469
503,470
503,475
503,476
503,477
503,478
503,479
503,480
503,481
503,482
503,483
503,484
503,485
503,486
503,487
503,488
503,489
503,490
503,491
503,492
503,493
503,494
503,495
503,496
503,497
503,498
503,499
503,500
503,501
503,502
503,508
503,509
503,510
503,511
503,512
503,513
503,514
503,515
503,516
503,517
503,518
503,519
503,520
503,521
503,522
503,828
503,829
503,831
503,832
503,833
503,835
503,836
503,837
503,838
503,839
503,840
503,841
503,842
503,843
503,844
503,845
503,846
503,847
503,848
503,849
503,850
503,851
503,852
503,854
504,1
504,10
504,11
504,12
504,13
504,19
504,20
504,21
504,51
504,52
504,53
504,54
504,55
504,56
504,57
504,58
504,59
504,60
504,61
504,275
504,277
504,278
504,280
504,505
504,506
504,507
504,508
504,509
504,510
504,511
504,513
504,514
504,515
504,516
504,517
504,518
504,519
504,520
504,521
504,522
504,523
504,524
504,525
504,526
504,527
504,528
504,529
505,1
505,11
505,12
505,13
505,19
505,20
505,21
505,51
505,52
505,53
505,54
505,55
505,56
505,57
505,58
505,59
505,60
505,61
505,62
505,275
505,277
505,278
505,279
505,280
505,290
505,504
505,506
505,507
505,510
505,511
505,514
505,515
505,516
505,517
505,518
505,519
505,520
505,521
505,522
505,523
505,524
505,525
505,526
505,527
505,528
505,529
506,1
506,10
506,11
506,12
506,13
506,19
506,20
506,21
506,51
506,52
506,53
506,54
506,55
506,56
506,57
506,58
506,59
506,60
506,61
506,62
506,272
506,273
506,274
506,275
506,277
506,278
506,279
506,280
506,290
506,489
506,490
506,504
506,505
506,507
506,508
506,509
506,510
506,511
506,512
506,513
506,514
506,515
506,516
506,517
506,518
506,519
506,520
506,521
506,522
506,523
506,524
506,525
506,526
506,527
506,528
506,529
507,1
507,11
507,12
507,13
507,19
507,20
507,21
507,51
507,52
507,53
507,54
507,55
507,56
507,57
507,58
507,59
507,60
507,61
507,62
507,273
507,274
507,275
507,277
507,278
507,279
507,280
507,289
507,290
507,504
507,505
507,506
507,508
507,509
507,510
507,511
507,513
507,514
507,515
507,516
507,517
507,518
507,519
507,520
507,521
507,522
507,523
507,524
507,525
507,526
507,527
507,528
507,529
508,1
508,10
508,11
508,12
508,19
508,20
508,21
508,28
508,51
508,52
508,53
508,54
508,55
508,56
508,266
508,268
508,269
508,270
508,271
508,272
508,273
508,274
508,275
508,276
508,277
508,278
508,465
508,469
508,479
508,480
508,481
508,482
508,483
508,484
508,485
508,486
508,487
508,488
508,489
508,490
508,491
508,492
508,493
508,494
508,495
508,496
508,498
508,499
508,500
508,501
508,502
508,503
508,504
508,506
508,507
508,509
508,510
508,511
508,512
508,513
508,514
508,515
508,516
508,517
508,518
508,519
508,520
508,521
508,522
508,523
508,524
508,525
508,526
508,527
508,528
509,1
509,10
509,11
509,12
509,19
509,20
509,21
509,28
509,51
509,52
509,53
509,54
509,55
509,56
509,268
509,269
509,270
509,271
509,272
509,273
509,274
509,275
509,276
509,277
509,278
509,479
509,480
509,481
509,482
509,483
509,484
509,485
509,486
509,487
509,488
509,489
509,490
509,491
509,492
509,493
509,494
509,495
509,496
509,498
509,499
509,500
509,501
509,502
509,503
509,504
509,506
509,507
509,508
509,510
509,511
509,512
509,513
509,514
509,515
509,516
509,517
509,518
509,519
509,520
509,521
509,522
509,523
509,524
509,525
509,526
509,527
510,1
510,10
510,11
510,12
510,19
510,20
510,21
510,28
510,51
510,52
510,53
510,54
510,55
510,56
510,268
510,269
510,270
510,271
510,272
510,273
510,274
510,275
510,276
510,277
510,278
510,280
510,479
510,481
510,482
510,483
510,485
510,486
510,487
510,488
510,489
510,490
510,491
510,492
510,493
510,494
510,496
510,498
510,499
510,500
510,501
510,502
510,503
510,504
510,505
510,506
510,507
510,508
510,509
510,511
510,512
510,513
510,514
510,515
510,516
510,517
510,518
510,519
510,520
510,521
510,522
510,523
510,524
510,525
510,526
510,527
510,528
510,529
511,1
511,10
511,11
511,12
511,19
511,20
511,21
511,28
511,51
511,52
511,53
511,54
511,55
511,56
511,268
511,269
511,270
511,271
511,272
511,273
511,274
511,275
511,276
511,277
511,278
511,280
511,481
511,482
511,485
511,486
511,487
511,488
511,489
511,490
511,491
511,492
511,493
511,494
511,496
511,499
511,500
511,501
511,502
511,503
511,504
511,505
511,506
511,507
511,508
511,509
511,510
511,512
511,513
511,514
511,515
511,516
511,517
511,518
511,519
511,520
511,521
511,522
511,523
511,524
511,525
511,526
511,527
511,528
511,529
512,1
512,9
512,10
512,11
512,12
512,19
512,20
512,21
512,28
512,51
512,52
512,53
512,54
512,55
512,56
512,265
512,266
512,268
512,269
512,270
512,271
512,272
512,273
512,274
512,275
512,276
512,277
512,278
512,280
512,282
512,469
512,479
512,480
512,481
512,482
512,483
512,484
512,485
512,486
512,487
512,488
512,489
512,490
512,491
512,492
512,493
512,494
512,495
512,496
512,497
512,498
512,499
512,500
512,501
512,502
512,503
512,504
512,506
512,508
512,509
512,510
512,511
512,513
512,514
512,515
512,516
512,517
512,518
512,519
512,520
512,521
512,522
512,523
512,524
512,526
512,527
512,528
512,529
512,848
513,1
513,9
513,10
513,11
513,12
513,19
513,20
513,21
513,28
513,51
513,52
513,53
513,54
513,55
513,56
513,265
513,266
513,268
513,269
513,270
513,271
513,272
513,273
513,274
513,275
513,276
513,277
513,278
513,280
513,282
513,466
513,469
513,470
513,479
513,480
513,481
513,482
513,483
513,484
513,485
513,486
513,487
513,488
513,489
513,490
513,491
513,492
513,493
513,494
513,495
513,496
513,497
513,498
513,499
513,500
513,501
513,502
513,503
513,504
513,506
513,507
513,508
513,509
513,510
513,511
513,512
513,514
513,515
513,516
513,517
513,518
513,519
513,520
513,521
513,522
513,523
513,524
513,525
513,526
513,527
513,528
513,529
513,848
514,1
514,10
514,11
514,12
514,19
514,20
514,21
514,28
514,51
514,52
514,53
514,54
514,55
514,56
514,268
514,269
514,270
514,271
514,272
514,273
514,274
514,275
514,276
514,277
514,278
514,279
514,280
514,281
514,282
514,479
514,481
514,482
514,483
514,485
514,486
514,487
514,488
514,489
514,490
514,491
514,492
514,493
514,494
514,495
514,496
514,498
514,499
514,500
514,501
514,502
514,503
514,504
514,505
514,506
514,507
514,508
514,509
514,510
514,511
514,512
514,513
514,515
514,516
514,517
514,518
514,519
514,520
514,521
514,522
514,523
514,524
514,525
514,526
514,527
514,528
514,529
515,1
515,10
515,11
515,12
515,19
515,20
515,21
515,28
515,51
515,52
515,53
515,54
515,55
515,56
515,268
515,269
515,270
515,271
515,272
515,273
515,274
515,275
515,276
515,277
515,278
515,280
515,281
515,282
515,481
515,482
515,485
515,486
515,487
515,488
515,489
515,490
515,491
515,492
515,493
515,494
515,496
515,498
515,499
515,500
515,501
515,502
515,503
515,504
515,505
515,506
515,507
515,508
515,509
515,510
515,511
515,512
515,513
515,514
515,516
515,517
515,518
515,519
515,520
515,521
515,522
515,523
515,524
515,525
515,526
515,527
515,528
515,529
516,1
516,10
516,11
516,12
516,13
516,19
516,20
516,21
516,28
516,51
516,52
516,53
516,54
516,55
516,56
516,57
516,59
516,61
516,269
516,270
516,271
516,272
516,273
516,274
516,275
516,276
516,277
516,278
516,279
516,280
516,281
516,282
516,481
516,482
516,485
516,486
516,487
516,488
516,489
516,490
516,491
516,492
516,493
516,494
516,499
516,500
516,501
516,502
516,503
516,504
516,505
516,506
516,507
516,508
516,509
516,510
516,511
516,512
516,513
516,514
516,515
516,517
516,518
516,519
516,520
516,521
516,522
516,523
516,524
516,525
516,526
516,527
516,528
516,529
517,1
517,10
517,11
517,12
517,19
517,20
517,21
517,28
517,51
517,52
517,53
517,54
517,55
517,56
517,57
517,59
517,61
517,270
517,271
517,272
517,273
517,274
517,275
517,276
517,277
517,278
517,279
517,280
517,282
517,486
517,487
517,488
517,489
517,490
517,491
517,492
517,493
517,494
517,499
517,500
517,501
517,503
517,504
517,505
517,506
517,507
517,508
517,509
517,510
517,511
517,512
517,513
517,514
517,515
517,516
517,518
517,519
517,520
517,521
517,522
517,523
517,524
517,525
517,526
517,527
517,528
517,529
518,1
518,10
518,11
518,12
518,13
518,19
518,20
518,21
518,28
518,51
518,52
518,53
518,54
518,55
518,56
518,57
518,59
518,61
518,270
518,271
518,272
518,273
518,274
518,275
518,276
518,277
518,278
518,279
518,280
518,281
518,282
518,284
518,290
518,487
518,489
518,490
518,493
518,494
518,501
518,503
518,504
518,505
518,506
518,507
518,508
518,509
518,510
518,511
518,512
518,513
518,514
518,515
518,516
518,517
518,519
518,520
518,521
518,522
518,523
518,524
518,525
518,526
518,527
518,528
518,529
519,1
519,10
519,11
519,12
519,19
519,20
519,21
519,28
519,51
519,52
519,53
519,54
519,55
519,56
519,57
519,59
519,61
519,268
519,269
519,270
519,271
519,272
519,273
519,274
519,275
519,276
519,277
519,278
519,279
519,280
519,281
519,282
519,284
519,485
519,486
519,487
519,488
519,489
519,490
519,491
519,492
519,493
519,494
519,499
519,500
519,501
519,502
519,503
519,504
519,505
519,506
519,507
519,508
519,509
519,510
519,511
519,512
519,513
519,514
519,515
519,516
519,517
519,518
519,520
519,521
519,522
519,523
519,524
519,525
519,526
519,527
519,528
519,529
520,1
520,10
520,11
520,12
520,19
520,20
520,21
520,28
520,51
520,52
520,53
520,54
520,55
520,56
520,57
520,59
520,61
520,268
520,269
520,270
520,271
520,272
520,273
520,274
520,275
520,276
520,277
520,278
520,279
520,280
520,281
520,282
520,284
520,485
520,486
520,487
520,488
520,489
520,490
520,491
520,492
520,493
520,494
520,499
520,500
520,501
520,502
520,503
520,504
520,505
520,506
520,507
520,508
520,509
520,510
520,511
520,512
520,513
520,514
520,515
520,516
520,517
520,518
520,519
520,521
520,522
520,523
520,524
520,525
520,526
520,527
520,528
520,529
521,1
521,10
521,11
521,12
521,13
521,19
521,20
521,21
521,28
521,51
521,52
521,53
521,54
521,55
521,56
521,57
521,59
521,61
521,270
521,271
521,272
521,273
521,274
521,275
521,276
521,277
521,278
521,279
521,280
521,281
521,282
521,283
521,284
521,289
521,290
521,487
521,489
521,490
521,491
521,492
521,493
521,494
521,499
521,500
521,501
521,503
521,504
521,505
521,506
521,507
521,508
521,509
521,510
521,511
521,512
521,513
521,514
521,515
521,516
521,517
521,518
521,519
521,520
521,522
521,523
521,524
521,525
521,526
521,527
521,528
521,529
522,1
522,10
522,11
522,12
522,13
522,19
522,20
522,21
522,28
522,51
522,52
522,53
522,54
522,55
522,56
522,57
522,59
522,61
522,270
522,271
522,272
522,273
522,274
522,275
522,276
522,277
522,278
522,279
522,280
522,281
522,282
522,283
522,284
522,289
522,290
522,489
522,490
522,493
522,494
522,500
522,501
522,503
522,504
522,505
522,506
522,507
522,508
522,509
522,510
522,511
522,512
522,513
522,514
522,515
522,516
522,517
522,518
522,519
522,520
522,521
522,523
522,524
522,525
522,526
522,527
522,528
522,529
523,1
523,10
523,11
523,12
523,13
523,19
523,20
523,21
523,28
523,51
523,52
523,53
523,54
523,55
523,56
523,57
523,58
523,59
523,60
523,61
523,62
523,271
523,272
523,273
523,274
523,275
523,276
523,277
523,278
523,279
523,280
523,281
523,282
523,284
523,289
523,290
523,489
523,490
523,493
523,494
523,504
523,505
523,506
523,507
523,508
523,509
523,510
523,511
523,512
523,513
523,514
523,515
523,516
523,517
523,518
523,519
523,520
523,521
523,522
523,524
523,525
523,526
523,527
523,528
523,529
524,1
524,11
524,12
524,13
524,19
524,20
524,21
524,28
524,51
524,52
524,53
524,54
524,55
524,56
524,57
524,58
524,59
524,60
524,61
524,62
524,63
524,272
524,273
524,274
524,275
524,276
524,277
524,278
524,279
524,280
524,281
524,282
524,283
524,284
524,289
524,290
524,291
524,292
524,294
524,504
524,505
524,506
524,507
524,508
524,509
524,510
524,511
524,512
524,513
524,514
524,515
524,516
524,517
524,518
524,519
524,520
524,521
524,522
524,523
524,525
524,526
524,527
524,528
524,529
525,1
525,11
525,12
525,13
525,19
525,20
525,21
525,51
525,52
525,53
525,54
525,55
525,56
525,57
525,58
525,59
525,60
525,61
525,62
525,272
525,273
525,274
525,275
525,276
525,277
525,278
525,279
525,280
525,281
525,282
525,284
525,289
525,290
525,292
525,294
525,504
525,505
525,506
525,507
525,508
525,509
525,510
525,511
525,513
525,514
525,515
525,516
525,517
525,518
525,519
525,520
525,521
525,522
525,523
525,524
525,526
525,527
525,528
525,529
526,1
526,11
526,12
526,13
526,19
526,20
526,21
526,28
526,51
526,52
526,53
526,54
526,55
526,56
526,57
526,58
526,59
526,60
526,61
526,62
526,270
526,271
526,272
526,273
526,274
526,275
526,276
526,277
526,278
526,279
526,280
526,281
526,282
526,283
526,284
526,289
526,290
526,292
526,294
526,489
526,493
526,494
526,501
526,504
526,505
526,506
526,507
526,508
526,509
526,510
526,511
526,512
526,513
526,514
526,515
526,516
526,517
526,518
526,519
526,520
526,521
526,522
526,523
526,524
526,525
526,527
526,528
526,529
527,1
527,11
527,12
527,13
527,19
527,20
527,21
527,28
527,51
527,52
527,53
527,54
527,55
527,56
527,57
527,58
527,59
527,60
527,61
527,62
527,270
527,271
527,272
527,273
527,274
527,275
527,276
527,277
527,278
527,279
527,280
527,281
527,282
527,283
527,284
527,289
527,290
527,292
527,294
527,489
527,490
527,493
527,494
527,501
527,504
527,505
527,506
527,507
527,508
527,509
527,510
527,511
527,512
527,513
527,514
527,515
527,516
527,517
527,518
527,519
527,520
527,521
527,522
527,523
527,524
527,525
527,526
527,528
527,529
528,1
528,11
528,12
528,13
528,19
528,20
528,21
528,28
528,51
528,52
528,53
528,54
528,55
528,56
528,57
528,58
528,59
528,60
528,61
528,62
528,272
528,273
528,274
528,275
528,276
528,277
528,278
528,279
528,280
528,281
528,282
528,283
528,284
528,289
528,290
528,291
528,292
528,293
528,294
528,504
528,505
528,506
528,507
528,508
528,510
528,511
528,512
528,513
528,514
528,515
528,516
528,517
528,518
528,519
528,520
528,521
528,522
528,523
528,524
528,525
528,526
528,527
528,529
529,1
529,11
529,12
529,13
529,19
529,20
529,21
529,28
529,51
529,52
529,53
529,54
529,55
529,56
529,57
529,58
529,59
529,60
529,61
529,62
529,272
529,273
529,274
529,275
529,276
529,277
529,278
529,279
529,280
529,281
529,282
529,283
529,284
529,289
529,290
529,292
529,294
529,504
529,505
529,506
529,507
529,510
529,511
529,513
529,514
529,515
529,516
529,517
529,518
529,519
529,520
529,521
529,522
529,523
529,524
529,525
529,526
529,527
529,528
530,2
530,3
530,17
530,18
530,25
530,27
530,29
530,30
530,44
530,83
530,84
530,85
530,86
530,87
530,88
530,89
530,133
530,134
530,135
530,136
530,137
530,138
530,140
530,143
530,144
530,145
530,146
530,149
530,150
530,251
530,252
530,351
530,352
530,353
530,354
530,356
530,357
530,358
530,359
530,360
530,364
530,365
530,366
530,367
530,368
530,369
530,370
530,406
530,531
530,532
530,533
530,534
530,535
530,577
530,579
530,580
530,581
530,582
530,583
530,584
530,585
530,586
530,587
530,588
530,589
530,590
530,591
530,592
530,593
530,594
530,595
530,596
530,597
530,598
530,599
530,600
530,601
530,602
530,603
530,604
530,605
530,606
530,607
530,608
530,609
530,610
530,611
530,612
530,613
530,614
530,615
530,616
530,617
530,618
530,619
530,899
530,904
530,905
530,906
530,907
530,908
530,909
530,910
530,911
530,912
530,913
530,914
530,915
530,916
530,917
530,918
530,919
530,920
530,921
530,922
530,923
530,924
530,925
530,926
530,927
530,928
530,929
530,930
530,931
530,932
530,1008
530,1009
530,1010
530,1011
530,1012
530,1013
530,1014
531,2
531,3
531,17
531,18
531,25
531,27
531,29
531,30
531,44
531,83
531,84
531,85
531,86
531,87
531,88
531,89
531,134
531,135
531,137
531,138
531,139
531,140
531,143
531,144
531,145
531,146
531,149
531,150
531,251
531,252
531,352
531,353
531,354
531,357
531,358
531,359
531,360
531,365
531,366
531,367
531,368
531,369
531,370
531,372
531,406
531,407
531,409
531,530
531,532
531,533
531,534
531,535
531,581
531,582
531,583
531,584
531,585
531,586
531,587
531,588
531,589
531,590
531,591
531,592
531,593
531,594
531,595
531,596
531,597
531,598
531,599
531,600
531,601
531,602
531,603
531,604
531,605
531,606
531,607
531,608
531,609
531,610
531,611
531,612
531,613
531,614
531,615
531,616
531,617
531,618
531,619
531,624
531,904
531,905
531,906
531,907
531,908
531,909
531,910
531,911
531,912
531,913
531,914
531,919
531,920
531,921
531,922
531,926
531,927
531,928
531,929
531,930
531,931
531,932
531,1008
531,1009
531,1010
531,1011
531,1012
531,1013
531,1014
532,2
532,3
532,17
532,18
532,25
532,27
532,29
532,30
532,44
532,83
532,84
532,85
532,86
532,87
532,88
532,89
532,134
532,135
532,136
532,137
532,138
532,143
532,144
532,145
532,146
532,149
532,150
532,251
532,252
532,351
532,352
532,353
532,354
532,355
532,356
532,357
532,358
532,359
532,360
532,363
532,364
532,365
532,366
532,367
532,368
532,369
532,370
532,372
532,406
532,530
532,531
532,533
532,534
532,535
532,581
532,582
532,583
532,584
532,585
532,586
532,587
532,588
532,589
532,590
532,591
532,592
532,593
532,594
532,595
532,596
532,597
532,598
532,599
532,600
532,601
532,602
532,603
532,604
532,605
532,606
532,609
532,610
532,611
532,613
532,614
532,615
532,616
532,617
532,618
532,619
532,898
532,899
532,902
532,903
532,904
532,905
532,906
532,907
532,908
532,909
532,910
532,911
532,912
532,913
532,914
532,915
532,916
532,917
532,918
532,919
532,920
532,921
532,922
532,923
532,924
532,925
532,926
532,927
532,928
532,929
532,930
532,931
532,932
532,1008
532,1009
532,1010
532,1011
532,1012
532,1013
532,1014
532,1015
532,1016
533,2
533,3
533,17
533,18
533,25
533,27
533,29
533,30
533,44
533,83
533,84
533,85
533,86
533,87
533,88
533,89
533,134
533,135
533,136
533,137
533,138
533,143
533,144
533,145
533,146
533,149
533,150
533,251
533,252
533,341
533,351
533,352
533,353
533,354
533,355
533,356
533,357
533,358
533,359
533,360
533,363
533,364
533,365
533,366
533,367
533,368
533,369
533,370
533,372
533,406
533,407
533,409
533,530
533,531
533,532
533,534
533,535
533,579
533,581
533,582
533,583
533,584
533,585
533,586
533,587
533,588
533,589
533,590
533,591
533,592
533,593
533,594
533,595
533,596
533,597
533,598
533,599
533,600
533,601
533,602
533,603
533,604
533,605
533,606
533,609
533,610
533,611
533,612
533,613
533,614
533,615
533,616
533,617
533,618
533,619
533,898
533,899
533,902
533,903
533,904
533,905
533,906
533,907
533,908
533,909
533,910
533,911
533,912
533,913
533,914
533,915
533,916
533,917
533,918
533,919
533,920
533,921
533,922
533,923
533,924
533,925
533,926
533,927
533,928
533,929
533,930
533,931
533,932
533,1008
533,1009
533,1010
533,1011
533,1012
533,1013
533,1014
533,1015
533,1016
533,1017
533,1018
534,2
534,3
534,17
534,18
534,25
534,27
534,29
534,30
534,44
534,83
534,84
534,85
534,86
534,87
534,88
534,89
534,135
534,137
534,138
534,139
534,140
534,143
534,144
534,145
534,146
534,149
534,150
534,251
534,252
534,351
534,352
534,353
534,354
534,357
534,358
534,359
534,360
534,363
534,364
534,365
534,366
534,367
534,368
534,369
534,370
534,372
534,406
534,407
534,409
534,530
534,531
534,532
534,533
534,535
534,581
534,582
534,583
534,584
534,585
534,586
534,587
534,588
534,589
534,590
534,591
534,592
534,593
534,594
534,595
534,596
534,597
534,598
534,599
534,600
534,601
534,602
534,603
534,604
534,605
534,606
534,607
534,608
534,609
534,610
534,611
534,612
534,613
534,614
534,615
534,616
534,617
534,618
534,619
534,899
534,904
534,905
534,906
534,907
534,908
534,909
534,910
534,911
534,912
534,913
534,914
534,915
534,916
534,917
534,918
534,919
534,920
534,921
534,922
534,923
534,924
534,925
534,926
534,927
534,928
534,929
534,930
534,931
534,932
534,1008
534,1009
534,1010
534,1011
534,1012
534,1013
534,1014
534,1015
534,1016
534,1017
534,1018
534,1020
535,2
535,3
535,17
535,18
535,25
535,27
535,29
535,30
535,44
535,83
535,84
535,85
535,86
535,87
535,88
535,89
535,134
535,135
535,136
535,137
535,138
535,140
535,143
535,144
535,145
535,146
535,149
535,150
535,251
535,252
535,351
535,352
535,353
535,354
535,357
535,358
535,359
535,360
535,364
535,365
535,366
535,367
535,368
535,369
535,370
535,372
535,406
535,407
535,409
535,530
535,531
535,532
535,533
535,534
535,581
535,582
535,583
535,584
535,585
535,586
535,587
535,588
535,589
535,590
535,591
535,592
535,593
535,594
535,595
535,596
535,597
535,598
535,599
535,600
535,601
535,602
535,603
535,604
535,605
535,606
535,607
535,608
535,609
535,610
535,611
535,612
535,613
535,614
535,615
535,616
535,617
535,618
535,619
535,899
535,904
535,905
535,906
535,907
535,908
535,909
535,910
535,911
535,912
535,913
535,914
535,915
535,916
535,917
535,918
535,919
535,920
535,921
535,922
535,923
535,924
535,925
535,926
535,927
535,928
535,929
535,930
535,931
535,932
535,1008
535,1009
535,1010
535,1011
535,1012
535,1013
535,1014
535,1015
535,1016
535,1017
535,1018
535,1020
535,1021
536,1
536,3
536,13
536,14
536,15
536,20
536,21
536,22
536,23
536,57
536,58
536,59
536,60
536,63
536,64
536,65
536,66
536,67
536,68
536,69
536,90
536,91
536,92
536,93
536,94
536,97
536,98
536,99
536,100
536,101
536,104
536,537
536,538
536,539
536,540
536,541
536,542
536,543
536,544
536,545
536,546
536,547
536,548
536,549
536,550
536,551
536,552
536,553
536,554
536,555
536,556
536,557
536,558
537,1
537,3
537,13
537,14
537,15
537,20
537,21
537,22
537,23
537,57
537,58
537,59
537,60
537,63
537,64
537,65
537,66
537,67
537,68
537,69
537,90
537,91
537,92
537,93
537,94
537,97
537,98
537,99
537,100
537,101
537,104
537,536
537,538
537,539
537,540
537,541
537,542
537,543
537,544
537,545
537,546
537,547
537,548
537,549
537,550
537,551
537,552
537,553
537,554
537,555
537,556
537,557
537,558
537,559
538,1
538,3
538,13
538,14
538,15
538,16
538,20
538,21
538,22
538,23
538,57
538,58
538,60
538,63
538,64
538,65
538,66
538,67
538,68
538,69
538,70
538,90
538,91
538,92
538,93
538,94
538,97
538,98
538,99
538,100
538,101
538,104
538,536
538,537
538,539
538,540
538,541
538,542
538,543
538,544
538,545
538,546
538,547
538,548
538,549
538,550
538,551
538,552
538,553
538,554
538,555
538,556
538,557
538,558
538,559
538,560
538,561
538,563
538,564
539,1
539,3
539,13
539,14
539,15
539,16
539,20
539,21
539,22
539,23
539,58
539,60
539,63
539,64
539,65
539,66
539,67
539,68
539,69
539,90
539,91
539,92
539,93
539,94
539,97
539,98
539,99
539,100
539,101
539,102
539,104
539,536
539,537
539,538
539,540
539,541
539,542
539,543
539,544
539,545
539,546
539,547
539,548
539,549
539,550
539,551
539,552
539,553
539,554
539,555
539,556
539,557
539,558
539,559
539,560
539,561
539,563
539,564
540,1
540,3
540,13
540,14
540,15
540,20
540,21
540,22
540,23
540,57
540,58
540,59
540,60
540,62
540,63
540,64
540,65
540,66
540,67
540,68
540,69
540,70
540,90
540,91
540,92
540,93
540,94
540,97
540,98
540,99
540,100
540,101
540,104
540,298
540,300
540,536
540,537
540,538
540,539
540,541
540,542
540,543
540,544
540,545
540,546
540,547
540,548
540,549
540,550
540,551
540,552
540,553
540,554
540,555
540,556
540,557
540,558
540,559
541,1
541,3
541,13
541,14
541,15
541,20
541,21
541,22
541,23
541,57
541,58
541,59
541,60
541,62
541,63
541,64
541,65
541,66
541,67
541,68
541,69
541,70
541,90
541,91
541,92
541,93
541,94
541,97
541,98
541,99
541,100
541,101
541,104
541,536
541,537
541,538
541,539
541,540
541,542
541,543
541,544
541,545
541,546
541,547
541,548
541,549
541,550
541,551
541,552
541,553
541,554
541,555
541,556
541,557
541,558
541,559
542,1
542,3
542,13
542,14
542,15
542,16
542,20
542,21
542,22
542,23
542,57
542,58
542,60
542,62
542,63
542,64
542,65
542,66
542,67
542,68
542,69
542,70
542,71
542,90
542,91
542,92
542,93
542,94
542,97
542,98
542,99
542,100
542,101
542,104
542,536
542,537
542,538
542,539
542,540
542,541
542,543
542,544
542,545
542,546
542,547
542,548
542,549
542,550
542,551
542,552
542,553
542,554
542,555
542,556
542,557
542,558
542,559
542,560
542,561
542,563
542,564
543,1
543,3
543,13
543,14
543,15
543,16
543,20
543,21
543,22
543,23
543,57
543,58
543,60
543,63
543,64
543,65
543,66
543,67
543,68
543,69
543,70
543,71
543,90
543,91
543,92
543,93
543,94
543,97
543,98
543,99
543,100
543,101
543,102
543,104
543,536
543,537
543,538
543,539
543,540
543,541
543,542
543,544
543,545
543,546
543,547
543,548
543,549
543,550
543,551
543,552
543,553
543,554
543,555
543,556
543,557
543,558
543,559
543,560
543,561
543,563
543,564
544,1
544,3
544,13
544,14
544,15
544,16
544,20
544,21
544,22
544,23
544,58
544,63
544,64
544,66
544,67
544,68
544,69
544,70
544,71
544,90
544,91
544,92
544,93
544,94
544,95
544,96
544,97
544,98
544,99
544,100
544,101
544,102
544,103
544,104
544,536
544,537
544,538
544,539
544,540
544,541
544,542
544,543
544,545
544,546
544,547
544,548
544,549
544,550
544,551
544,552
544,553
544,554
544,555
544,556
544,557
544,558
544,559
544,560
544,561
544,562
544,563
544,564
544,565
544,566
545,1
545,3
545,13
545,14
545,15
545,16
545,20
545,21
545,22
545,23
545,24
545,58
545,63
545,64
545,66
545,67
545,68
545,69
545,70
545,71
545,90
545,91
545,92
545,93
545,94
545,95
545,96
545,97
545,98
545,99
545,100
545,101
545,102
545,103
545,104
545,536
545,537
545,538
545,539
545,540
545,541
545,542
545,543
545,544
545,546
545,547
545,548
545,549
545,550
545,551
545,552
545,553
545,554
545,555
545,556
545,557
545,558
545,559
545,560
545,561
545,562
545,563
545,564
545,565
545,566
546,1
546,3
546,13
546,14
546,15
546,16
546,21
546,22
546,23
546,24
546,58
546,63
546,64
546,66
546,67
546,68
546,69
546,70
546,71
546,72
546,90
546,91
546,92
546,93
546,94
546,95
546,96
546,97
546,98
546,99
546,100
546,101
546,102
546,103
546,104
546,105
546,536
546,537
546,538
546,539
546,540
546,541
546,542
546,543
546,544
546,545
546,547
546,548
546,549
546,550
546,551
546,552
546,553
546,554
546,555
546,556
546,557
546,558
546,559
546,560
546,561
546,562
546,563
546,564
546,565
546,566
547,1
547,3
547,13
547,14
547,15
547,16
547,21
547,22
547,23
547,24
547,58
547,63
547,64
547,66
547,67
547,68
547,69
547,70
547,71
547,90
547,91
547,92
547,93
547,94
547,95
547,96
547,97
547,98
547,99
547,100
547,101
547,102
547,103
547,104
547,105
547,536
547,537
547,538
547,539
547,540
547,541
547,542
547,543
547,544
547,545
547,546
547,548
547,549
547,550
547,551
547,552
547,553
547,554
547,555
547,556
547,557
547,558
547,559
547,560
547,561
547,562
547,563
547,564
547,565
547,566
548,1
548,3
548,13
548,14
548,15
548,16
548,20
548,21
548,22
548,23
548,24
548,58
548,60
548,63
548,64
548,65
548,66
548,67
548,68
548,69
548,70
548,71
548,73
548,90
548,91
548,92
548,93
548,94
548,95
548,97
548,98
548,99
548,100
548,101
548,102
548,103
548,104
548,105
548,536
548,537
548,538
548,539
548,540
548,541
548,542
548,543
548,544
548,545
548,546
548,547
548,549
548,550
548,551
548,552
548,553
548,554
548,555
548,556
548,557
548,558
548,559
548,560
548,561
548,562
548,563
548,564
548,565
548,566
549,1
549,3
549,13
549,14
549,15
549,16
549,20
549,21
549,22
549,23
549,24
549,58
549,60
549,63
549,64
549,65
549,66
549,67
549,68
549,69
549,70
549,71
549,90
549,91
549,92
549,93
549,94
549,95
549,96
549,97
549,98
549,99
549,100
549,101
549,102
549,103
549,104
549,105
549,536
549,537
549,538
549,539
549,540
549,541
549,542
549,543
549,544
549,545
549,546
549,547
549,548
549,550
549,551
549,552
549,553
549,554
549,555
549,556
549,557
549,558
549,559
549,560
549,561
549,562
549,563
549,564
549,565
549,566
550,1
550,3
550,13
550,14
550,15
550,16
550,21
550,22
550,23
550,24
550,58
550,63
550,64
550,65
550,66
550,67
550,68
550,69
550,70
550,71
550,72
550,73
550,90
550,91
550,92
550,93
550,94
550,95
550,96
550,97
550,98
550,99
550,100
550,101
550,102
550,103
550,104
550,105
550,536
550,537
550,538
550,539
550,540
550,541
550,542
550,543
550,544
550,545
550,546
550,547
550,548
550,549
550,551
550,552
550,553
550,554
550,555
550,556
550,557
550,558
550,559
550,560
550,561
550,562
550,563
550,564
550,565
550,566
551,1
551,3
551,13
551,14
551,15
551,16
551,21
551,22
551,23
551,24
551,58
551,63
551,64
551,66
551,67
551,68
551,69
551,70
551,71
551,72
551,73
551,90
551,91
551,92
551,93
551,94
551,95
551,96
551,97
551,98
551,99
551,100
551,101
551,102
551,103
551,104
551,105
551,536
551,537
551,538
551,539
551,540
551,541
551,542
551,543
551,544
551,545
551,546
551,547
551,548
551,549
551,550
551,552
551,553
551,554
551,555
551,556
551,557
551,558
551,559
551,560
551,561
551,562
551,563
551,564
551,565
551,566
552,1
552,3
552,13
552,14
552,15
552,16
552,21
552,22
552,23
552,24
552,63
552,64
552,66
552,67
552,68
552,69
552,70
552,71
552,72
552,73
552,90
552,91
552,92
552,93
552,94
552,95
552,96
552,97
552,98
552,99
552,100
552,101
552,102
552,103
552,104
552,105
552,106
552,113
552,114
552,117
552,536
552,537
552,538
552,539
552,540
552,541
552,542
552,543
552,544
552,545
552,546
552,547
552,548
552,549
552,550
552,551
552,553
552,554
552,555
552,556
552,557
552,558
552,559
552,560
552,561
552,562
552,563
552,564
552,565
552,566
553,1
553,3
553,13
553,14
553,15
553,16
553,21
553,22
553,23
553,24
553,64
553,67
553,68
553,69
553,70
553,71
553,72
553,90
553,91
553,92
553,93
553,94
553,95
553,96
553,97
553,98
553,99
553,100
553,101
553,102
553,103
553,104
553,105
553,106
553,107
553,113
553,114
553,536
553,537
553,538
553,539
553,540
553,541
553,542
553,543
553,544
553,545
553,546
553,547
553,548
553,549
553,550
553,551
553,552
553,554
553,555
553,556
553,557
553,558
553,559
553,560
553,561
553,562
553,563
553,564
553,565
553,566
554,1
554,3
554,13
554,14
554,15
554,16
554,17
554,21
554,22
554,23
554,24
554,64
554,67
554,68
554,69
554,70
554,71
554,72
554,73
554,75
554,90
554,91
554,92
554,93
554,94
554,95
554,96
554,97
554,98
554,99
554,100
554,101
554,102
554,103
554,104
554,105
554,106
554,107
554,113
554,114
554,117
554,536
554,537
554,538
554,539
554,540
554,541
554,542
554,543
554,544
554,545
554,546
554,547
554,548
554,549
554,550
554,551
554,552
554,553
554,555
554,556
554,557
554,558
554,559
554,560
554,561
554,562
554,563
554,564
554,565
554,566
555,1
555,3
555,13
555,14
555,15
555,16
555,17
555,21
555,22
555,23
555,24
555,64
555,67
555,68
555,69
555,70
555,71
555,72
555,73
555,90
555,91
555,92
555,93
555,94
555,95
555,96
555,97
555,98
555,99
555,100
555,101
555,102
555,103
555,104
555,105
555,106
555,107
555,113
555,114
555,117
555,536
555,537
555,538
555,539
555,540
555,541
555,542
555,543
555,544
555,545
555,546
555,547
555,548
555,549
555,550
555,551
555,552
555,553
555,554
555,556
555,557
555,558
555,559
555,560
555,561
555,562
555,563
555,564
555,565
555,566
556,1
556,3
556,13
556,14
556,15
556,16
556,21
556,22
556,23
556,24
556,63
556,64
556,66
556,67
556,68
556,69
556,70
556,71
556,72
556,73
556,90
556,91
556,92
556,93
556,94
556,95
556,96
556,97
556,98
556,99
556,100
556,101
556,102
556,103
556,104
556,105
556,106
556,113
556,114
556,117
556,536
556,537
556,538
556,539
556,540
556,541
556,542
556,543
556,544
556,545
556,546
556,547
556,548
556,549
556,550
556,551
556,552
556,553
556,554
556,555
556,557
556,558
556,559
556,560
556,561
556,562
556,563
556,564
556,565
556,566
557,1
557,3
557,13
557,14
557,15
557,16
557,21
557,22
557,23
557,24
557,63
557,64
557,66
557,67
557,68
557,69
557,70
557,71
557,72
557,73
557,90
557,91
557,92
557,93
557,94
557,95
557,96
557,97
557,98
557,99
557,100
557,101
557,102
557,103
557,104
557,105
557,106
557,113
557,114
557,117
557,536
557,537
557,538
557,539
557,540
557,541
557,542
557,543
557,544
557,545
557,546
557,547
557,548
557,549
557,550
557,551
557,552
557,553
557,554
557,555
557,556
557,558
557,559
557,560
557,561
557,562
557,563
557,564
557,565
557,566
558,1
558,3
558,13
558,14
558,15
558,16
558,17
558,21
558,22
558,23
558,24
558,64
558,66
558,67
558,68
558,69
558,70
558,71
558,72
558,73
558,74
558,75
558,90
558,91
558,92
558,93
558,94
558,95
558,96
558,97
558,98
558,99
558,100
558,101
558,102
558,103
558,104
558,105
558,106
558,107
558,113
558,114
558,117
558,314
558,536
558,537
558,538
558,539
558,540
558,541
558,542
558,543
558,544
558,545
558,546
558,547
558,548
558,549
558,550
558,551
558,552
558,553
558,554
558,555
558,556
558,557
558,559
558,560
558,561
558,562
558,563
558,564
558,565
558,566
559,1
559,3
559,13
559,14
559,15
559,16
559,17
559,21
559,22
559,23
559,24
559,64
559,67
559,68
559,69
559,70
559,71
559,72
559,73
559,74
559,75
559,90
559,91
559,92
559,93
559,94
559,95
559,96
559,97
559,98
559,99
559,100
559,101
559,102
559,103
559,104
559,105
559,106
559,107
559,113
559,114
559,117
559,537
559,538
559,539
559,540
559,541
559,542
559,543
559,544
559,545
559,546
559,547
559,548
559,549
559,550
559,551
559,552
559,553
559,554
559,555
559,556
559,557
559,558
559,560
559,561
559,562
559,563
559,564
559,565
559,566
560,1
560,3
560,13
560,14
560,15
560,16
560,17
560,21
560,22
560,23
560,24
560,64
560,67
560,68
560,69
560,70
560,71
560,72
560,73
560,74
560,75
560,90
560,91
560,92
560,93
560,94
560,95
560,96
560,97
560,99
560,100
560,101
560,102
560,103
560,104
560,105
560,106
560,107
560,108
560,109
560,113
560,114
560,115
560,116
560,117
560,118
560,538
560,539
560,542
560,543
560,544
560,545
560,546
560,547
560,548
560,549
560,550
560,551
560,552
560,553
560,554
560,555
560,556
560,557
560,558
560,559
560,561
560,562
560,563
560,564
560,565
560,566
561,1
561,3
561,13
561,14
561,15
561,16
561,17
561,21
561,22
561,23
561,24
561,64
561,67
561,68
561,70
561,71
561,72
561,73
561,75
561,90
561,91
561,92
561,93
561,94
561,95
561,96
561,99
561,100
561,101
561,102
561,103
561,104
561,105
561,106
561,107
561,108
561,109
561,113
561,114
561,115
561,116
561,117
561,118
561,538
561,539
561,542
561,543
561,544
561,545
561,546
561,547
561,548
561,549
561,550
561,551
561,552
561,553
561,554
561,555
561,556
561,557
561,558
561,559
561,560
561,562
561,563
561,564
561,565
561,566
562,1
562,3
562,13
562,14
562,15
562,16
562,17
562,22
562,23
562,24
562,67
562,68
562,70
562,71
562,72
562,73
562,74
562,75
562,90
562,91
562,92
562,93
562,94
562,95
562,96
562,99
562,100
562,101
562,102
562,103
562,104
562,105
562,106
562,107
562,108
562,109
562,113
562,114
562,115
562,116
562,117
562,118
562,119
562,544
562,545
562,546
562,547
562,548
562,549
562,550
562,551
562,552
562,553
562,554
562,555
562,556
562,557
562,558
562,559
562,560
562,561
562,563
562,564
562,565
562,566
563,1
563,3
563,13
563,14
563,15
563,16
563,17
563,21
563,22
563,23
563,24
563,64
563,67
563,68
563,69
563,70
563,71
563,72
563,73
563,74
563,75
563,77
563,90
563,91
563,92
563,93
563,94
563,95
563,96
563,97
563,99
563,100
563,101
563,102
563,103
563,104
563,105
563,106
563,107
563,108
563,113
563,114
563,115
563,116
563,117
563,118
563,320
563,538
563,539
563,542
563,543
563,544
563,545
563,546
563,547
563,548
563,549
563,550
563,551
563,552
563,553
563,554
563,555
563,556
563,557
563,558
563,559
563,560
563,561
563,562
563,564
563,565
563,566
564,1
564,3
564,13
564,14
564,15
564,16
564,17
564,21
564,22
564,23
564,24
564,64
564,67
564,68
564,69
564,70
564,71
564,72
564,73
564,74
564,75
564,90
564,91
564,92
564,93
564,94
564,95
564,96
564,99
564,100
564,101
564,102
564,103
564,104
564,105
564,106
564,107
564,108
564,113
564,114
564,115
564,116
564,117
564,118
564,538
564,539
564,542
564,543
564,544
564,545
564,546
564,547
564,548
564,549
564,550
564,551
564,552
564,553
564,554
564,555
564,556
564,557
564,558
564,559
564,560
564,561
564,562
564,563
564,565
564,566
565,1
565,3
565,13
565,14
565,15
565,16
565,17
565,22
565,23
565,24
565,64
565,67
565,68
565,69
565,70
565,71
565,72
565,73
565,74
565,75
565,76
565,77
565,90
565,91
565,92
565,93
565,94
565,95
565,96
565,99
565,100
565,101
565,102
565,103
565,104
565,105
565,106
565,107
565,108
565,109
565,113
565,114
565,115
565,116
565,117
565,118
565,544
565,545
565,546
565,547
565,548
565,549
565,550
565,551
565,552
565,553
565,554
565,555
565,556
565,557
565,558
565,559
565,560
565,561
565,562
565,563
565,564
565,566
566,1
566,3
566,13
566,14
566,15
566,16
566,17
566,22
566,23
566,24
566,67
566,68
566,70
566,71
566,72
566,73
566,74
566,75
566,76
566,77
566,90
566,91
566,92
566,93
566,94
566,95
566,96
566,99
566,100
566,101
566,102
566,103
566,104
566,105
566,106
566,107
566,108
566,109
566,113
566,114
566,115
566,116
566,117
566,118
566,544
566,545
566,546
566,547
566,548
566,549
566,550
566,551
566,552
566,553
566,554
566,555
566,556
566,557
566,558
566,559
566,560
566,561
566,562
566,563
566,564
566,565
567,2
567,3
567,15
567,16
567,17
567,18
567,23
567,24
567,25
567,29
567,76
567,78
567,79
567,80
567,81
567,82
567,83
567,84
567,85
567,86
567,87
567,88
567,89
567,108
567,109
567,110
567,111
567,112
567,115
567,116
567,118
567,119
567,120
567,121
567,122
567,123
567,124
567,125
567,126
567,127
567,128
567,129
567,130
567,131
567,132
567,133
567,134
567,135
567,136
567,137
567,138
567,339
567,341
567,351
567,352
567,354
567,568
567,569
567,570
567,571
567,572
567,573
567,574
567,575
567,576
567,577
567,578
567,579
567,580
567,581
567,582
567,583
567,584
567,585
568,2
568,3
568,15
568,16
568,17
568,18
568,23
568,24
568,25
568,29
568,76
568,78
568,79
568,80
568,81
568,82
568,83
568,84
568,85
568,86
568,87
568,88
568,89
568,108
568,109
568,110
568,111
568,112
568,115
568,116
568,118
568,119
568,120
568,121
568,122
568,123
568,124
568,125
568,126
568,127
568,128
568,129
568,130
568,131
568,132
568,133
568,134
568,135
568,136
568,137
568,138
568,339
568,341
568,352
568,354
568,567
568,569
568,570
568,571
568,572
568,573
568,574
568,575
568,576
568,577
568,578
568,579
568,580
568,581
568,582
568,583
568,584
568,585
568,587
569,2
569,3
569,16
569,17
569,18
569,24
569,25
569,29
569,76
569,79
569,80
569,81
569,82
569,83
569,84
569,85
569,86
569,87
569,88
569,89
569,110
569,111
569,112
569,115
569,116
569,118
569,119
569,120
569,121
569,122
569,123
569,124
569,125
569,126
569,127
569,128
569,129
569,130
569,131
569,132
569,133
569,134
569,135
569,136
569,137
569,138
569,341
569,352
569,354
569,567
569,568
569,570
569,571
569,572
569,573
569,574
569,575
569,576
569,577
569,578
569,579
569,580
569,581
569,582
569,583
569,584
569,585
569,586
569,587
569,588
570,2
570,3
570,16
570,17
570,18
570,24
570,25
570,29
570,76
570,79
570,80
570,81
570,82
570,83
570,84
570,85
570,86
570,87
570,88
570,89
570,108
570,110
570,111
570,112
570,115
570,116
570,118
570,119
570,120
570,121
570,122
570,123
570,124
570,125
570,126
570,127
570,128
570,129
570,130
570,131
570,132
570,133
570,134
570,135
570,136
570,137
570,138
570,341
570,352
570,354
570,567
570,568
570,569
570,571
570,572
570,573
570,574
570,575
570,576
570,577
570,578
570,579
570,580
570,581
570,582
570,583
570,584
570,585
570,586
570,587
570,588
570,591
571,2
571,3
571,15
571,16
571,17
571,18
571,23
571,24
571,25
571,29
571,76
571,78
571,79
571,80
571,81
571,82
571,83
571,84
571,85
571,86
571,87
571,88
571,89
571,108
571,110
571,111
571,112
571,115
571,116
571,118
571,119
571,120
571,121
571,122
571,123
571,124
571,125
571,126
571,127
571,128
571,129
571,130
571,131
571,132
571,133
571,134
571,135
571,136
571,137
571,138
571,339
571,340
571,341
571,351
571,352
571,353
571,354
571,359
571,365
571,567
571,568
571,569
571,570
571,572
571,573
571,574
571,575
571,576
571,577
571,578
571,579
571,580
571,581
571,582
571,583
571,584
571,585
571,587
572,2
572,3
572,15
572,16
572,17
572,18
572,23
572,24
572,25
572,29
572,76
572,78
572,79
572,80
572,81
572,82
572,83
572,84
572,85
572,86
572,87
572,88
572,89
572,108
572,110
572,111
572,112
572,115
572,116
572,118
572,119
572,120
572,121
572,122
572,123
572,124
572,125
572,126
572,127
572,128
572,129
572,130
572,131
572,132
572,133
572,134
572,135
572,136
572,137
572,138
572,339
572,340
572,341
572,351
572,352
572,354
572,365
572,567
572,568
572,569
572,570
572,571
572,573
572,574
572,575
572,576
572,577
572,578
572,579
572,580
572,581
572,582
572,583
572,584
572,585
572,587
573,2
573,3
573,16
573,17
573,18
573,24
573,25
573,29
573,76
573,79
573,80
573,81
573,82
573,83
573,84
573,85
573,86
573,87
573,88
573,89
573,110
573,111
573,112
573,115
573,118
573,119
573,120
573,121
573,122
573,123
573,124
573,125
573,126
573,127
573,128
573,129
573,130
573,131
573,132
573,133
573,134
573,135
573,136
573,137
573,138
573,339
573,340
573,341
573,351
573,352
573,353
573,354
573,358
573,359
573,365
573,567
573,568
573,569
573,570
573,571
573,572
573,574
573,575
573,576
573,577
573,578
573,579
573,580
573,581
573,582
573,583
573,584
573,585
573,586
573,587
573,588
573,590
573,591
574,2
574,3
574,16
574,17
574,18
574,24
574,25
574,29
574,76
574,79
574,80
574,81
574,82
574,83
574,84
574,85
574,86
574,87
574,88
574,89
574,110
574,111
574,112
574,115
574,116
574,118
574,119
574,120
574,121
574,122
574,123
574,124
574,125
574,126
574,127
574,128
574,129
574,130
574,131
574,132
574,133
574,134
574,135
574,136
574,137
574,138
574,339
574,341
574,351
574,352
574,353
574,354
574,359
574,365
574,567
574,568
574,569
574,570
574,571
574,572
574,573
574,575
574,576
574,577
574,578
574,579
574,580
574,581
574,582
574,583
574,584
574,585
574,586
574,587
574,588
574,590
574,591
575,2
575,3
575,16
575,17
575,18
575,24
575,25
575,29
575,79
575,80
575,81
575,82
575,83
575,84
575,85
575,86
575,87
575,88
575,89
575,110
575,111
575,112
575,115
575,119
575,120
575,121
575,122
575,123
575,124
575,125
575,126
575,127
575,128
575,129
575,130
575,131
575,132
575,133
575,134
575,135
575,136
575,137
575,138
575,341
575,351
575,352
575,353
575,354
575,358
575,359
575,365
575,530
575,567
575,568
575,569
575,570
575,571
575,572
575,573
575,574
575,576
575,577
575,578
575,579
575,580
575,581
575,582
575,583
575,584
575,585
575,586
575,587
575,588
575,589
575,590
575,591
575,593
576,2
576,3
576,16
576,17
576,18
576,24
576,25
576,29
576,79
576,80
576,81
576,82
576,83
576,84
576,85
576,86
576,87
576,88
576,89
576,110
576,111
576,112
576,119
576,120
576,121
576,122
576,123
576,124
576,125
576,126
576,127
576,128
576,129
576,130
576,131
576,132
576,133
576,134
576,135
576,136
576,137
576,138
576,341
576,352
576,354
576,359
576,365
576,567
576,568
576,569
576,570
576,571
576,572
576,573
576,574
576,575
576,577
576,578
576,579
576,580
576,581
576,582
576,583
576,584
576,585
576,586
576,587
576,588
576,589
576,590
576,591
576,593
577,2
577,3
577,16
577,17
577,18
577,24
577,25
577,29
577,79
577,80
577,81
577,82
577,83
577,84
577,85
577,86
577,87
577,88
577,89
577,110
577,112
577,119
577,120
577,121
577,122
577,123
577,124
577,125
577,126
577,127
577,128
577,129
577,130
577,131
577,132
577,133
577,134
577,135
577,136
577,137
577,138
577,341
577,351
577,352
577,353
577,354
577,358
577,359
577,365
577,366
577,530
577,567
577,568
577,569
577,570
577,571
577,572
577,573
577,574
577,575
577,576
577,578
577,579
577,580
577,581
577,582
577,583
577,584
577,585
577,586
577,587
577,588
577,589
577,590
577,591
577,592
577,593
578,2
578,3
578,16
578,17
578,18
578,24
578,25
578,29
578,79
578,80
578,81
578,82
578,83
578,84
578,85
578,86
578,87
578,88
578,89
578,110
578,111
578,112
578,119
578,120
578,121
578,122
578,123
578,124
578,125
578,126
578,127
578,128
578,129
578,130
578,131
578,132
578,133
578,134
578,135
578,136
578,137
578,138
578,341
578,352
578,353
578,354
578,358
578,359
578,365
578,366
578,530
578,567
578,568
578,569
578,570
578,571
578,572
578,573
578,574
578,575
578,576
578,577
578,579
578,580
578,581
578,582
578,583
578,584
578,585
578,586
578,587
578,588
578,589
578,590
578,591
578,593
579,2
579,3
579,16
579,17
579,18
579,24
579,25
579,27
579,29
579,79
579,80
579,82
579,83
579,84
579,85
579,86
579,87
579,88
579,89
579,112
579,119
579,121
579,122
579,123
579,124
579,125
579,126
579,127
579,128
579,130
579,131
579,132
579,133
579,134
579,135
579,136
579,137
579,138
579,251
579,341
579,351
579,352
579,353
579,354
579,358
579,359
579,365
579,366
579,530
579,531
579,533
579,567
579,568
579,569
579,570
579,571
579,572
579,573
579,574
579,575
579,576
579,577
579,578
579,580
579,581
579,582
579,583
579,584
579,585
579,586
579,587
579,588
579,589
579,590
579,591
579,592
579,593
579,594
579,595
579,598
580,2
580,3
580,16
580,17
580,18
580,24
580,25
580,27
580,29
580,79
580,80
580,82
580,83
580,84
580,85
580,86
580,87
580,88
580,89
580,112
580,119
580,120
580,121
580,122
580,123
580,124
580,125
580,126
580,127
580,128
580,130
580,131
580,132
580,133
580,134
580,135
580,136
580,137
580,138
580,251
580,341
580,352
580,353
580,354
580,358
580,359
580,365
580,366
580,530
580,533
580,567
580,568
580,569
580,570
580,571
580,572
580,573
580,574
580,575
580,576
580,577
580,578
580,579
580,581
580,582
580,583
580,584
580,585
580,586
580,587
580,588
580,589
580,590
580,591
580,592
580,593
580,594
580,595
581,2
581,3
581,16
581,17
581,18
581,24
581,25
581,27
581,29
581,44
581,80
581,82
581,83
581,84
581,85
581,86
581,87
581,88
581,89
581,121
581,122
581,125
581,126
581,128
581,130
581,131
581,132
581,133
581,134
581,135
581,136
581,137
581,138
581,143
581,145
581,251
581,341
581,351
581,352
581,353
581,354
581,358
581,359
581,360
581,365
581,366
581,530
581,531
581,532
581,533
581,534
581,535
581,567
581,568
581,569
581,570
581,571
581,572
581,573
581,574
581,575
581,576
581,577
581,578
581,579
581,580
581,582
581,583
581,584
581,585
581,586
581,587
581,588
581,589
581,590
581,591
581,592
581,593
581,594
581,595
581,596
581,597
581,598
581,600
581,601
581,602
581,604
581,613
581,614
581,618
581,904
581,906
582,2
582,3
582,17
582,18
582,24
582,25
582,27
582,29
582,44
582,80
582,82
582,83
582,84
582,85
582,86
582,87
582,88
582,89
582,121
582,122
582,125
582,126
582,128
582,130
582,131
582,132
582,133
582,134
582,135
582,136
582,137
582,138
582,251
582,252
582,341
582,352
582,353
582,354
582,358
582,359
582,365
582,366
582,530
582,531
582,532
582,533
582,534
582,535
582,567
582,568
582,569
582,570
582,571
582,572
582,573
582,574
582,575
582,576
582,577
582,578
582,579
582,580
582,581
582,583
582,584
582,585
582,586
582,587
582,588
582,589
582,590
582,591
582,592
582,593
582,594
582,595
582,596
582,597
582,598
582,601
582,602
582,614
583,2
583,3
583,17
583,18
583,25
583,27
583,29
583,44
583,80
583,82
583,83
583,84
583,85
583,86
583,87
583,88
583,89
583,121
583,125
583,126
583,128
583,130
583,131
583,132
583,133
583,134
583,135
583,136
583,137
583,138
583,143
583,144
583,145
583,251
583,252
583,351
583,352
583,353
583,354
583,358
583,359
583,360
583,365
583,366
583,367
583,530
583,531
583,532
583,533
583,534
583,535
583,567
583,568
583,569
583,570
583,571
583,572
583,573
583,574
583,575
583,576
583,577
583,578
583,579
583,580
583,581
583,582
583,584
583,585
583,586
583,587
583,588
583,589
583,590
583,591
583,592
583,593
583,594
583,595
583,596
583,597
583,598
583,599
583,600
583,601
583,602
583,603
583,604
583,605
583,606
583,609
583,610
583,613
583,614
583,615
583,616
583,617
583,618
583,904
583,905
583,906
583,908
583,910
583,927
583,928
583,1008
584,2
584,3
584,17
584,18
584,25
584,27
584,29
584,44
584,80
584,82
584,83
584,84
584,85
584,86
584,87
584,88
584,89
584,121
584,122
584,125
584,126
584,128
584,130
584,131
584,132
584,133
584,134
584,135
584,136
584,137
584,138
584,143
584,144
584,145
584,251
584,252
584,352
584,353
584,354
584,358
584,359
584,360
584,365
584,366
584,530
584,531
584,532
584,533
584,534
584,535
584,567
584,568
584,569
584,570
584,571
584,572
584,573
584,574
584,575
584,576
584,577
584,578
584,579
584,580
584,581
584,582
584,583
584,585
584,586
584,587
584,588
584,589
584,590
584,591
584,592
584,593
584,594
584,595
584,596
584,597
584,598
584,599
584,600
584,601
584,602
584,603
584,604
584,606
584,610
584,613
584,614
584,615
584,616
584,617
584,618
584,904
584,905
584,906
584,908
584,928
584,1008
585,2
585,3
585,17
585,18
585,24
585,25
585,27
585,29
585,44
585,80
585,82
585,83
585,84
585,85
585,86
585,87
585,88
585,89
585,121
585,122
585,125
585,126
585,128
585,130
585,131
585,132
585,133
585,134
585,135
585,136
585,137
585,138
585,145
585,251
585,252
585,341
585,351
585,352
585,353
585,354
585,356
585,357
585,358
585,359
585,360
585,365
585,366
585,530
585,531
585,532
585,533
585,534
585,535
585,567
585,568
585,569
585,570
585,571
585,572
585,573
585,574
585,575
585,576
585,577
585,578
585,579
585,580
585,581
585,582
585,583
585,584
585,586
585,587
585,588
585,589
585,590
585,591
585,592
585,593
585,594
585,595
585,596
585,597
585,598
585,601
585,602
585,613
585,614
585,618
585,904
585,905
585,906
585,908
585,1008
586,2
586,3
586,17
586,18
586,25
586,27
586,29
586,44
586,80
586,82
586,83
586,84
586,85
586,86
586,87
586,88
586,89
586,125
586,128
586,130
586,131
586,132
586,133
586,134
586,135
586,136
586,137
586,138
586,143
586,144
586,145
586,251
586,252
586,351
586,352
586,353
586,354
586,357
586,358
586,359
586,360
586,365
586,366
586,367
586,368
586,406
586,530
586,531
586,532
586,533
586,534
586,535
586,570
586,573
586,574
586,575
586,576
586,577
586,578
586,579
586,580
586,581
586,582
586,583
586,584
586,585
586,587
586,588
586,589
586,590
586,591
586,592
586,593
586,594
586,595
586,596
586,597
586,598
586,599
586,600
586,601
586,602
586,603
586,604
586,610
586,613
586,614
586,615
586,616
586,617
586,618
586,904
586,905
586,906
586,907
586,908
586,909
586,910
586,912
586,914
586,927
586,928
586,930
586,1008
586,1009
586,1010
587,2
587,3
587,17
587,18
587,25
587,27
587,29
587,44
587,80
587,82
587,83
587,84
587,85
587,86
587,87
587,88
587,89
587,125
587,126
587,128
587,130
587,131
587,132
587,133
587,134
587,135
587,136
587,137
587,138
587,143
587,144
587,145
587,251
587,252
587,351
587,352
587,353
587,354
587,357
587,358
587,359
587,360
587,365
587,366
587,367
587,368
587,406
587,530
587,531
587,532
587,533
587,534
587,535
587,569
587,570
587,573
587,574
587,575
587,576
587,577
587,578
587,579
587,580
587,581
587,582
587,583
587,584
587,585
587,586
587,588
587,589
587,590
587,591
587,592
587,593
587,594
587,595
587,596
587,597
587,598
587,599
587,600
587,601
587,602
587,603
587,604
587,610
587,613
587,614
587,615
587,616
587,617
587,618
587,904
587,905
587,906
587,907
587,908
587,910
587,912
587,914
587,927
587,928
587,930
587,1008
587,1009
587,1010
588,2
588,3
588,17
588,18
588,25
588,27
588,29
588,44
588,83
588,84
588,85
588,86
588,87
588,88
588,89
588,131
588,132
588,133
588,134
588,135
588,136
588,137
588,138
588,139
588,140
588,143
588,144
588,145
588,146
588,150
588,251
588,252
588,352
588,353
588,354
588,358
588,359
588,360
588,365
588,366
588,367
588,368
588,406
588,530
588,531
588,532
588,533
588,534
588,535
588,569
588,570
588,573
588,574
588,575
588,576
588,577
588,578
588,579
588,580
588,581
588,582
588,583
588,584
588,585
588,586
588,587
588,589
588,590
588,591
588,592
588,593
588,594
588,595
588,596
588,597
588,598
588,599
588,600
588,601
588,602
588,603
588,604
588,605
588,606
588,607
588,608
588,609
588,610
588,611
588,612
588,613
588,614
588,615
588,616
588,617
588,618
588,619
588,904
588,905
588,906
588,907
588,908
588,910
588,927
588,928
588,929
588,930
588,1008
588,1009
588,1010
589,2
589,3
589,17
589,18
589,25
589,27
589,29
589,30
589,44
589,83
589,84
589,85
589,86
589,87
589,88
589,89
589,133
589,134
589,135
589,137
589,138
589,139
589,140
589,143
589,144
589,145
589,146
589,149
589,150
589,251
589,252
589,353
589,354
589,358
589,359
589,365
589,366
589,367
589,368
589,370
589,406
589,530
589,531
589,532
589,533
589,534
589,535
589,575
589,577
589,579
589,580
589,581
589,582
589,583
589,584
589,585
589,586
589,587
589,588
589,590
589,591
589,592
589,593
589,594
589,595
589,596
589,597
589,598
589,599
589,600
589,601
589,602
589,603
589,604
589,605
589,606
589,607
589,608
589,609
589,610
589,611
589,612
589,613
589,614
589,615
589,616
589,617
589,618
589,619
589,621
589,624
589,904
589,905
589,906
589,908
589,910
589,927
589,928
589,929
589,930
589,931
589,1008
589,1009
589,1010
589,1011
590,2
590,3
590,17
590,18
590,25
590,27
590,29
590,30
590,44
590,83
590,84
590,85
590,86
590,87
590,88
590,89
590,130
590,131
590,132
590,133
590,134
590,135
590,136
590,137
590,138
590,140
590,143
590,144
590,145
590,146
590,150
590,251
590,252
590,351
590,352
590,353
590,354
590,357
590,358
590,359
590,360
590,365
590,366
590,367
590,368
590,370
590,406
590,530
590,531
590,532
590,533
590,534
590,535
590,573
590,574
590,575
590,576
590,577
590,578
590,579
590,580
590,581
590,582
590,583
590,584
590,585
590,586
590,587
590,588
590,589
590,591
590,592
590,593
590,594
590,595
590,596
590,597
590,598
590,599
590,600
590,601
590,602
590,603
590,604
590,605
590,606
590,607
590,608
590,609
590,610
590,611
590,612
590,613
590,614
590,615
590,616
590,617
590,618
590,619
590,904
590,905
590,906
590,907
590,908
590,909
590,910
590,911
590,912
590,913
590,914
590,919
590,920
590,922
590,927
590,928
590,929
590,930
590,931
590,932
590,1008
590,1009
590,1010
590,1011
590,1012
591,2
591,3
591,17
591,18
591,25
591,27
591,29
591,30
591,44
591,83
591,84
591,85
591,86
591,87
591,88
591,89
591,130
591,131
591,132
591,133
591,134
591,135
591,136
591,137
591,138
591,140
591,143
591,144
591,145
591,150
591,251
591,252
591,352
591,353
591,354
591,358
591,359
591,360
591,365
591,366
591,367
591,368
591,370
591,406
591,530
591,531
591,532
591,533
591,534
591,535
591,573
591,574
591,575
591,576
591,577
591,578
591,579
591,580
591,581
591,582
591,583
591,584
591,585
591,586
591,587
591,588
591,589
591,590
591,592
591,593
591,594
591,595
591,596
591,597
591,598
591,599
591,600
591,601
591,602
591,603
591,604
591,605
591,606
591,608
591,609
591,610
591,612
591,613
591,614
591,615
591,616
591,617
591,618
591,619
591,904
591,905
591,906
591,907
591,908
591,909
591,910
591,914
591,920
591,922
591,927
591,928
591,929
591,930
591,931
591,932
591,1008
591,1009
591,1010
591,1011
591,1012
591,1014
592,2
592,3
592,17
592,18
592,25
592,27
592,29
592,30
592,44
592,83
592,84
592,85
592,86
592,87
592,88
592,89
592,133
592,134
592,135
592,136
592,137
592,138
592,139
592,140
592,143
592,144
592,145
592,146
592,149
592,150
592,251
592,252
592,352
592,353
592,354
592,358
592,359
592,360
592,365
592,366
592,367
592,368
592,369
592,370
592,406
592,407
592,530
592,531
592,532
592,533
592,534
592,535
592,577
592,579
592,580
592,581
592,582
592,583
592,584
592,585
592,586
592,587
592,588
592,589
592,590
592,591
592,593
592,594
592,595
592,596
592,597
592,598
592,599
592,600
592,601
592,602
592,603
592,604
592,605
592,606
592,607
592,608
592,609
592,610
592,611
592,612
592,613
592,614
592,615
592,616
592,617
592,618
592,619
592,621
592,624
592,904
592,905
592,906
592,907
592,908
592,909
592,910
592,920
592,922
592,927
592,928
592,929
592,930
592,931
592,932
592,1008
592,1009
592,1010
592,1011
592,1012
592,1013
592,1014
593,2
593,3
593,17
593,18
593,25
593,27
593,29
593,30
593,44
593,83
593,84
593,85
593,86
593,87
593,88
593,89
593,130
593,133
593,134
593,135
593,136
593,137
593,138
593,140
593,143
593,144
593,145
593,146
593,150
593,251
593,252
593,351
593,352
593,353
593,354
593,357
593,358
593,359
593,360
593,364
593,365
593,366
593,367
593,368
593,369
593,370
593,406
593,407
593,530
593,531
593,532
593,533
593,534
593,535
593,577
593,578
593,579
593,580
593,581
593,582
593,583
593,584
593,585
593,586
593,587
593,588
593,589
593,590
593,591
593,592
593,594
593,595
593,596
593,597
593,598
593,599
593,600
593,601
593,602
593,603
593,604
593,605
593,606
593,608
593,609
593,610
593,611
593,612
593,613
593,614
593,615
593,616
593,617
593,618
593,619
593,899
593,904
593,905
593,906
593,907
593,908
593,909
593,910
593,911
593,912
593,913
593,914
593,916
593,918
593,919
593,920
593,921
593,922
593,924
593,926
593,927
593,928
593,929
593,930
593,931
593,932
593,1008
593,1009
593,1010
593,1011
593,1012
593,1013
593,1014
593,1015
594,2
594,3
594,17
594,18
594,25
594,27
594,29
594,30
594,44
594,83
594,84
594,85
594,86
594,87
594,88
594,89
594,134
594,135
594,136
594,137
594,138
594,139
594,140
594,143
594,144
594,145
594,146
594,149
594,150
594,251
594,252
594,352
594,353
594,354
594,357
594,358
594,359
594,360
594,365
594,366
594,367
594,368
594,369
594,370
594,372
594,406
594,407
594,409
594,530
594,531
594,532
594,533
594,534
594,535
594,579
594,580
594,581
594,582
594,583
594,584
594,585
594,586
594,587
594,588
594,589
594,590
594,591
594,592
594,593
594,595
594,596
594,597
594,598
594,599
594,600
594,601
594,602
594,603
594,604
594,605
594,606
594,607
594,608
594,609
594,610
594,611
594,612
594,613
594,614
594,615
594,616
594,617
594,618
594,619
594,621
594,624
594,904
594,905
594,906
594,907
594,908
594,909
594,910
594,911
594,912
594,913
594,914
594,919
594,920
594,921
594,922
594,924
594,926
594,927
594,928
594,929
594,930
594,931
594,932
594,1008
594,1009
594,1010
594,1011
594,1012
594,1013
594,1014
594,1015
594,1016
594,1017
594,1018
595,2
595,3
595,17
595,18
595,25
595,27
595,29
595,30
595,44
595,83
595,84
595,85
595,86
595,87
595,88
595,89
595,134
595,135
595,136
595,137
595,138
595,143
595,144
595,145
595,150
595,251
595,252
595,351
595,352
595,353
595,354
595,356
595,357
595,358
595,359
595,360
595,363
595,364
595,365
595,366
595,367
595,368
595,369
595,370
595,406
595,407
595,409
595,530
595,531
595,532
595,533
595,534
595,535
595,579
595,580
595,581
595,582
595,583
595,584
595,585
595,586
595,587
595,588
595,589
595,590
595,591
595,592
595,593
595,594
595,596
595,597
595,598
595,599
595,600
595,601
595,602
595,603
595,604
595,606
595,609
595,610
595,613
595,614
595,615
595,616
595,617
595,618
595,619
595,898
595,899
595,903
595,904
595,905
595,906
595,907
595,908
595,909
595,910
595,911
595,912
595,913
595,914
595,915
595,916
595,917
595,918
595,919
595,920
595,921
595,922
595,923
595,924
595,925
595,926
595,927
595,928
595,929
595,930
595,931
595,932
595,1008
595,1009
595,1010
595,1011
595,1012
595,1013
595,1014
595,1015
595,1016
595,1017
595,1018
596,2
596,3
596,17
596,18
596,25
596,27
596,29
596,30
596,44
596,83
596,84
596,85
596,86
596,87
596,88
596,89
596,134
596,135
596,136
596,137
596,138
596,140
596,143
596,144
596,145
596,146
596,149
596,150
596,251
596,252
596,352
596,353
596,354
596,357
596,358
596,359
596,360
596,364
596,365
596,366
596,367
596,368
596,369
596,370
596,372
596,406
596,407
596,409
596,530
596,531
596,532
596,533
596,534
596,535
596,581
596,582
596,583
596,584
596,585
596,586
596,587
596,588
596,589
596,590
596,591
596,592
596,593
596,594
596,595
596,597
596,598
596,599
596,600
596,601
596,602
596,603
596,604
596,605
596,606
596,607
596,608
596,609
596,610
596,611
596,612
596,613
596,614
596,615
596,616
596,617
596,618
596,619
596,899
596,904
596,905
596,906
596,907
596,908
596,909
596,910
596,911
596,912
596,913
596,914
596,915
596,916
596,917
596,918
596,919
596,920
596,921
596,922
596,923
596,924
596,925
596,926
596,927
596,928
596,929
596,930
596,931
596,932
596,1008
596,1009
596,1010
596,1011
596,1012
596,1013
596,1014
596,1015
596,1016
596,1017
596,1018
596,1019
596,1020
596,1021
597,2
597,3
597,17
597,18
597,25
597,27
597,29
597,30
597,44
597,84
597,86
597,87
597,88
597,89
597,135
597,137
597,138
597,139
597,140
597,141
597,142
597,143
597,144
597,145
597,146
597,147
597,148
597,149
597,150
597,151
597,152
597,251
597,252
597,354
597,358
597,359
597,360
597,365
597,366
597,367
597,368
597,370
597,406
597,407
597,530
597,531
597,532
597,533
597,534
597,535
597,581
597,582
597,583
597,584
597,585
597,586
597,587
597,588
597,589
597,590
597,591
597,592
597,593
597,594
597,595
597,596
597,598
597,599
597,600
597,601
597,602
597,603
597,604
597,605
597,606
597,607
597,608
597,609
597,610
597,611
597,612
597,613
597,614
597,615
597,616
597,617
597,618
597,619
597,620
597,621
597,622
597,623
597,624
597,625
597,904
597,905
597,906
597,909
597,910
597,927
597,928
597,929
597,930
597,931
597,932
597,1008
597,1009
598,2
598,3
598,17
598,18
598,25
598,27
598,29
598,30
598,44
598,84
598,86
598,87
598,88
598,89
598,135
598,137
598,138
598,139
598,140
598,142
598,143
598,144
598,145
598,146
598,147
598,148
598,149
598,150
598,152
598,251
598,252
598,354
598,358
598,359
598,365
598,366
598,367
598,368
598,370
598,406
598,407
598,530
598,531
598,532
598,533
598,534
598,535
598,581
598,582
598,583
598,584
598,585
598,586
598,587
598,588
598,589
598,590
598,591
598,592
598,593
598,594
598,595
598,596
598,597
598,599
598,600
598,601
598,602
598,603
598,604
598,605
598,606
598,607
598,608
598,609
598,610
598,611
598,612
598,613
598,614
598,615
598,616
598,617
598,618
598,619
598,620
598,621
598,622
598,623
598,624
598,625
598,904
598,905
598,906
598,910
598,927
598,928
598,929
598,930
598,931
598,932
598,1008
598,1009
598,1010
598,1011
599,2
599,3
599,18
599,25
599,27
599,29
599,30
599,44
599,84
599,86
599,87
599,88
599,89
599,135
599,138
599,139
599,140
599,141
599,142
599,143
599,144
599,145
599,146
599,147
599,148
599,149
599,150
599,151
599,152
599,251
599,252
599,358
599,359
599,365
599,366
599,367
599,368
599,369
599,370
599,371
599,406
599,407
599,530
599,531
599,532
599,533
599,534
599,535
599,583
599,584
599,586
599,587
599,588
599,589
599,590
599,591
599,592
599,593
599,594
599,595
599,596
599,597
599,598
599,600
599,601
599,602
599,603
599,604
599,605
599,606
599,607
599,608
599,609
599,610
599,611
599,612
599,613
599,614
599,615
599,616
599,617
599,618
599,619
599,620
599,621
599,622
599,623
599,624
599,625
599,905
599,906
599,927
599,928
599,929
599,930
599,932
599,1008
599,1009
600,2
600,3
600,18
600,25
600,27
600,29
600,30
600,44
600,84
600,86
600,87
600,88
600,89
600,135
600,138
600,139
600,140
600,141
600,142
600,143
600,144
600,145
600,146
600,147
600,148
600,149
600,150
600,151
600,152
600,251
600,252
600,358
600,359
600,365
600,366
600,367
600,368
600,369
600,370
600,371
600,406
600,407
600,530
600,531
600,532
600,533
600,534
600,535
600,583
600,584
600,586
600,587
600,588
600,589
600,590
600,591
600,592
600,593
600,594
600,595
600,596
600,597
600,598
600,599
600,601
600,602
600,603
600,604
600,605
600,606
600,607
600,608
600,609
600,610
600,611
600,612
600,613
600,614
600,615
600,616
600,617
600,618
600,619
600,620
600,621
600,622
600,623
600,624
600,625
600,905
600,906
600,927
600,928
600,929
600,930
600,931
600,932
600,1008
600,1009
600,1010
600,1011
601,2
601,3
601,17
601,18
601,25
601,27
601,29
601,30
601,44
601,84
601,86
601,87
601,88
601,89
601,135
601,137
601,138
601,139
601,140
601,143
601,144
601,145
601,146
601,147
601,148
601,149
601,150
601,151
601,152
601,251
601,252
601,353
601,354
601,358
601,359
601,360
601,365
601,366
601,367
601,368
601,369
601,370
601,371
601,372
601,406
601,407
601,530
601,531
601,532
601,533
601,534
601,535
601,581
601,583
601,584
601,585
601,586
601,587
601,588
601,589
601,590
601,591
601,592
601,593
601,594
601,595
601,596
601,597
601,598
601,599
601,600
601,602
601,603
601,604
601,605
601,606
601,607
601,608
601,609
601,610
601,611
601,612
601,613
601,614
601,615
601,616
601,617
601,618
601,619
601,620
601,621
601,622
601,623
601,624
601,625
601,904
601,905
601,906
601,907
601,908
601,909
601,910
601,927
601,928
601,929
601,930
601,931
601,932
601,1008
601,1009
601,1010
601,1011
602,2
602,3
602,17
602,18
602,25
602,27
602,29
602,30
602,44
602,84
602,86
602,87
602,88
602,89
602,135
602,137
602,138
602,139
602,140
602,142
602,143
602,144
602,145
602,146
602,147
602,148
602,149
602,150
602,151
602,152
602,251
602,252
602,353
602,354
602,358
602,359
602,360
602,365
602,366
602,367
602,368
602,369
602,370
602,371
602,372
602,406
602,407
602,409
602,530
602,531
602,532
602,533
602,534
602,535
602,581
602,582
602,583
602,584
602,585
602,586
602,587
602,588
602,589
602,590
602,591
602,592
602,593
602,594
602,595
602,596
602,597
602,598
602,599
602,600
602,601
602,603
602,604
602,605
602,606
602,607
602,608
602,609
602,610
602,611
602,612
602,613
602,614
602,615
602,616
602,617
602,618
602,619
602,620
602,621
602,622
602,623
602,624
602,625
602,904
602,905
602,906
602,907
602,908
602,909
602,910
602,922
602,927
602,928
602,929
602,930
602,931
602,932
602,1008
602,1009
602,1010
602,1011
602,1012
602,1013
602,1014
603,2
603,3
603,18
603,25
603,27
603,29
603,30
603,44
603,84
603,86
603,87
603,88
603,89
603,135
603,138
603,139
603,140
603,141
603,142
603,143
603,144
603,145
603,146
603,147
603,148
603,149
603,150
603,151
603,152
603,251
603,252
603,358
603,359
603,360
603,365
603,366
603,367
603,368
603,369
603,370
603,371
603,372
603,406
603,407
603,409
603,530
603,531
603,532
603,533
603,534
603,535
603,583
603,584
603,586
603,587
603,588
603,589
603,590
603,591
603,592
603,593
603,594
603,595
603,596
603,597
603,598
603,599
603,600
603,601
603,602
603,604
603,605
603,606
603,607
603,608
603,609
603,610
603,611
603,612
603,613
603,614
603,615
603,616
603,617
603,618
603,619
603,620
603,621
603,622
603,623
603,624
603,625
603,904
603,905
603,906
603,907
603,909
603,910
603,927
603,928
603,929
603,930
603,931
603,932
603,1008
603,1009
603,1010
603,1011
604,2
604,3
604,18
604,25
604,27
604,29
604,30
604,44
604,84
604,86
604,87
604,88
604,89
604,135
604,137
604,138
604,139
604,140
604,141
604,142
604,143
604,144
604,145
604,146
604,147
604,148
604,149
604,150
604,151
604,152
604,251
604,252
604,358
604,359
604,360
604,365
604,366
604,367
604,368
604,369
604,370
604,371
604,372
604,406
604,407
604,408
604,409
604,530
604,531
604,532
604,533
604,534
604,535
604,583
604,584
604,586
604,587
604,588
604,589
604,590
604,591
604,592
604,593
604,594
604,595
604,596
604,597
604,598
604,599
604,600
604,601
604,602
604,603
604,605
604,606
604,607
604,608
604,609
604,610
604,611
604,612
604,613
604,614
604,615
604,616
604,617
604,618
604,619
604,620
604,621
604,622
604,623
604,624
604,625
604,904
604,905
604,906
604,907
604,908
604,909
604,910
604,927
604,928
604,929
604,930
604,931
604,932
604,1008
604,1009
604,1010
604,1011
604,1012
604,1013
604,1014
605,2
605,3
605,18
605,25
605,27
605,29
605,30
605,44
605,87
605,88
605,89
605,138
605,139
605,140
605,141
605,142
605,143
605,144
605,145
605,146
605,147
605,148
605,149
605,150
605,151
605,152
605,153
605,158
605,159
605,163
605,251
605,252
605,358
605,359
605,366
605,367
605,368
605,369
605,370
605,371
605,372
605,406
605,407
605,409
605,530
605,531
605,532
605,533
605,534
605,535
605,588
605,589
605,590
605,591
605,592
605,593
605,594
605,596
605,597
605,598
605,599
605,600
605,601
605,602
605,603
605,604
605,606
605,607
605,608
605,609
605,610
605,611
605,612
605,613
605,614
605,615
605,616
605,617
605,618
605,619
605,620
605,621
605,622
605,623
605,624
605,625
605,905
605,906
605,927
605,928
605,929
605,930
605,932
605,1008
605,1009
606,2
606,3
606,18
606,25
606,27
606,29
606,30
606,44
606,87
606,88
606,89
606,138
606,139
606,140
606,141
606,142
606,143
606,144
606,145
606,146
606,147
606,148
606,149
606,150
606,151
606,152
606,153
606,159
606,163
606,251
606,252
606,358
606,359
606,366
606,367
606,368
606,369
606,370
606,371
606,372
606,406
606,407
606,408
606,409
606,530
606,531
606,532
606,533
606,534
606,535
606,583
606,584
606,588
606,589
606,590
606,591
606,592
606,593
606,594
606,595
606,596
606,597
606,598
606,599
606,600
606,601
606,602
606,603
606,604
606,605
606,607
606,608
606,609
606,610
606,611
606,612
606,613
606,614
606,615
606,616
606,617
606,618
606,619
606,620
606,621
606,622
606,623
606,624
606,625
606,905
606,906
606,927
606,928
606,929
606,930
606,932
606,1008
606,1009
606,1011
607,2
607,3
607,18
607,25
607,27
607,29
607,30
607,31
607,44
607,87
607,88
607,89
607,139
607,140
607,141
607,142
607,143
607,144
607,145
607,146
607,147
607,148
607,149
607,150
607,151
607,152
607,153
607,158
607,159
607,162
607,163
607,251
607,252
607,366
607,367
607,368
607,369
607,370
607,371
607,372
607,373
607,374
607,406
607,407
607,408
607,409
607,414
607,530
607,531
607,534
607,535
607,588
607,589
607,590
607,592
607,594
607,596
607,597
607,598
607,599
607,600
607,601
607,602
607,603
607,604
607,605
607,606
607,608
607,609
607,610
607,611
607,612
607,613
607,614
607,615
607,616
607,617
607,618
607,619
607,620
607,621
607,622
607,623
607,624
607,625
607,628
607,927
607,928
607,929
607,930
607,932
607,1008
607,1009
608,2
608,3
608,18
608,25
608,27
608,29
608,30
608,44
608,87
608,88
608,89
608,139
608,140
608,141
608,142
608,143
608,144
608,145
608,146
608,147
608,148
608,149
608,150
608,151
608,152
608,153
608,158
608,159
608,162
608,163
608,251
608,252
608,366
608,367
608,368
608,369
608,370
608,371
608,372
608,373
608,374
608,406
608,407
608,408
608,409
608,414
608,530
608,531
608,534
608,535
608,588
608,589
608,590
608,591
608,592
608,593
608,594
608,596
608,597
608,598
608,599
608,600
608,601
608,602
608,603
608,604
608,605
608,606
608,607
608,609
608,610
608,611
608,612
608,613
608,614
608,615
608,616
608,617
608,618
608,619
608,620
608,621
608,622
608,623
608,624
608,625
608,927
608,928
608,929
608,930
608,932
608,1008
608,1009
608,1011
609,2
609,3
609,18
609,25
609,27
609,29
609,30
609,31
609,44
609,87
609,88
609,89
609,138
609,139
609,140
609,141
609,142
609,143
609,144
609,145
609,146
609,147
609,148
609,149
609,150
609,151
609,152
609,153
609,158
609,159
609,162
609,163
609,251
609,252
609,358
609,359
609,365
609,366
609,367
609,368
609,369
609,370
609,371
609,372
609,373
609,406
609,407
609,408
609,409
609,530
609,531
609,532
609,533
609,534
609,535
609,588
609,589
609,590
609,591
609,592
609,593
609,594
609,595
609,596
609,597
609,598
609,599
609,600
609,601
609,602
609,603
609,604
609,605
609,606
609,607
609,608
609,610
609,611
609,612
609,613
609,614
609,615
609,616
609,617
609,618
609,619
609,620
609,621
609,622
609,623
609,624
609,625
609,904
609,905
609,906
609,909
609,910
609,927
609,928
609,929
609,930
609,931
609,932
609,1008
609,1009
609,1010
609,1011
609,1013
610,2
610,3
610,18
610,25
610,27
610,29
610,30
610,31
610,44
610,87
610,88
610,89
610,138
610,139
610,140
610,141
610,142
610,143
610,144
610,145
610,146
610,147
610,148
610,149
610,150
610,151
610,152
610,153
610,159
610,163
610,251
610,252
610,358
610,359
610,365
610,366
610,367
610,368
610,369
610,370
610,371
610,372
610,373
610,406
610,407
610,408
610,409
610,410
610,530
610,531
610,532
610,533
610,534
610,535
610,583
610,584
610,586
610,587
610,588
610,589
610,590
610,591
610,592
610,593
610,594
610,595
610,596
610,597
610,598
610,599
610,600
610,601
610,602
610,603
610,604
610,605
610,606
610,607
610,608
610,609
610,611
610,612
610,613
610,614
610,615
610,616
610,617
610,618
610,619
610,620
610,621
610,622
610,623
610,624
610,625
610,905
610,906
610,909
610,910
610,927
610,928
610,929
610,930
610,931
610,932
610,1008
610,1009
610,1010
610,1011
610,1013
610,1014
610,1017
610,1018
611,2
611,3
611,18
611,25
611,27
611,29
611,30
611,31
611,44
611,87
611,88
611,89
611,139
611,140
611,141
611,142
611,143
611,144
611,145
611,146
611,147
611,148
611,149
611,150
611,151
611,152
611,153
611,158
611,159
611,162
611,163
611,251
611,252
611,358
611,359
611,366
611,367
611,368
611,369
611,370
611,371
611,372
611,373
611,374
611,406
611,407
611,408
611,409
611,410
611,414
611,530
611,531
611,532
611,533
611,534
611,535
611,588
611,589
611,590
611,592
611,593
611,594
611,596
611,597
611,598
611,599
611,600
611,601
611,602
611,603
611,604
611,605
611,606
611,607
611,608
611,609
611,610
611,612
611,613
611,614
611,615
611,616
611,617
611,618
611,619
611,620
611,621
611,622
611,623
611,624
611,625
611,628
611,905
611,906
611,927
611,928
611,929
611,930
611,931
611,932
611,1008
611,1009
611,1010
611,1011
612,2
612,3
612,18
612,25
612,27
612,29
612,30
612,31
612,44
612,87
612,88
612,89
612,138
612,139
612,140
612,141
612,142
612,143
612,144
612,145
612,146
612,147
612,148
612,149
612,150
612,151
612,152
612,153
612,158
612,159
612,162
612,163
612,251
612,252
612,366
612,367
612,368
612,369
612,370
612,371
612,372
612,373
612,374
612,406
612,407
612,408
612,409
612,410
612,414
612,530
612,531
612,533
612,534
612,535
612,588
612,589
612,590
612,591
612,592
612,593
612,594
612,596
612,597
612,598
612,599
612,600
612,601
612,602
612,603
612,604
612,605
612,606
612,607
612,608
612,609
612,610
612,611
612,613
612,614
612,615
612,616
612,617
612,618
612,619
612,620
612,621
612,622
612,623
612,624
612,625
612,905
612,906
612,927
612,928
612,929
612,930
612,931
612,932
612,1008
612,1009
612,1010
612,1011
612,1013
612,1017
613,2
613,3
613,18
613,25
613,27
613,29
613,30
613,44
613,84
613,86
613,87
613,88
613,89
613,135
613,137
613,138
613,139
613,140
613,143
613,144
613,145
613,146
613,147
613,148
613,149
613,150
613,151
613,152
613,251
613,252
613,353
613,354
613,357
613,358
613,359
613,360
613,365
613,366
613,367
613,368
613,369
613,370
613,371
613,372
613,406
613,407
613,409
613,530
613,531
613,532
613,533
613,534
613,535
613,581
613,583
613,584
613,585
613,586
613,587
613,588
613,589
613,590
613,591
613,592
613,593
613,594
613,595
613,596
613,597
613,598
613,599
613,600
613,601
613,602
613,603
613,604
613,605
613,606
613,607
613,608
613,609
613,610
613,611
613,612
613,614
613,615
613,616
613,617
613,618
613,619
613,620
613,621
613,624
613,904
613,905
613,906
613,907
613,908
613,909
613,910
613,913
613,914
613,919
613,920
613,921
613,922
613,925
613,927
613,928
613,929
613,930
613,931
613,932
613,1008
613,1009
613,1010
613,1011
613,1012
613,1013
613,1014
613,1017
614,2
614,3
614,17
614,18
614,25
614,27
614,29
614,30
614,44
614,84
614,85
614,86
614,87
614,88
614,89
614,135
614,137
614,138
614,139
614,140
614,143
614,144
614,145
614,146
614,147
614,148
614,149
614,150
614,151
614,152
614,251
614,252
614,353
614,354
614,358
614,359
614,360
614,365
614,366
614,367
614,368
614,369
614,370
614,371
614,372
614,406
614,407
614,409
614,530
614,531
614,532
614,533
614,534
614,535
614,581
614,582
614,583
614,584
614,585
614,586
614,587
614,588
614,589
614,590
614,591
614,592
614,593
614,594
614,595
614,596
614,597
614,598
614,599
614,600
614,601
614,602
614,603
614,604
614,605
614,606
614,607
614,608
614,609
614,610
614,611
614,612
614,613
614,615
614,616
614,617
614,618
614,619
614,620
614,621
614,623
614,624
614,625
614,904
614,905
614,906
614,907
614,908
614,909
614,910
614,913
614,914
614,919
614,920
614,921
614,922
614,925
614,926
614,927
614,928
614,929
614,930
614,931
614,932
614,1008
614,1009
614,1010
614,1011
614,1012
614,1013
614,1014
614,1015
614,1016
614,1017
614,1018
615,2
615,3
615,18
615,25
615,27
615,29
615,30
615,31
615,44
615,84
615,86
615,87
615,88
615,89
615,135
615,138
615,139
615,140
615,141
615,142
615,143
615,144
615,145
615,146
615,147
615,148
615,149
615,150
615,151
615,152
615,251
615,252
615,354
615,358
615,359
615,360
615,365
615,366
615,367
615,368
615,369
615,370
615,371
615,372
615,373
615,406
615,407
615,408
615,409
615,530
615,531
615,532
615,533
615,534
615,535
615,583
615,584
615,586
615,587
615,588
615,589
615,590
615,591
615,592
615,593
615,594
615,595
615,596
615,597
615,598
615,599
615,600
615,601
615,602
615,603
615,604
615,605
615,606
615,607
615,608
615,609
615,610
615,611
615,612
615,613
615,614
615,616
615,617
615,618
615,619
615,620
615,621
615,622
615,623
615,624
615,625
615,904
615,905
615,906
615,907
615,908
615,909
615,910
615,919
615,920
615,921
615,922
615,927
615,928
615,929
615,930
615,931
615,932
615,1008
615,1009
615,1010
615,1011
615,1012
615,1013
615,1014
615,1016
615,1017
615,1018
616,2
616,3
616,18
616,25
616,27
616,29
616,30
616,44
616,84
616,86
616,87
616,88
616,89
616,135
616,137
616,138
616,139
616,140
616,141
616,142
616,143
616,144
616,145
616,146
616,147
616,148
616,149
616,150
616,151
616,152
616,251
616,252
616,354
616,358
616,359
616,360
616,365
616,366
616,367
616,368
616,369
616,370
616,371
616,372
616,373
616,406
616,407
616,408
616,409
616,530
616,531
616,532
616,533
616,534
616,535
616,583
616,584
616,586
616,587
616,588
616,589
616,590
616,591
616,592
616,593
616,594
616,595
616,596
616,597
616,598
616,599
616,600
616,601
616,602
616,603
616,604
616,605
616,606
616,607
616,608
616,609
616,610
616,611
616,612
616,613
616,614
616,615
616,617
616,618
616,619
616,620
616,621
616,622
616,623
616,624
616,625
616,904
616,905
616,906
616,907
616,908
616,909
616,910
616,920
616,921
616,922
616,927
616,928
616,929
616,930
616,931
616,932
616,1008
616,1009
616,1010
616,1011
616,1012
616,1013
616,1014
616,1015
616,1016
616,1017
616,1018
616,1019
616,1020
617,2
617,3
617,18
617,25
617,27
617,29
617,30
617,44
617,84
617,86
617,87
617,88
617,89
617,135
617,137
617,138
617,139
617,140
617,143
617,144
617,145
617,146
617,149
617,150
617,151
617,152
617,251
617,252
617,353
617,354
617,357
617,358
617,359
617,360
617,365
617,366
617,367
617,368
617,369
617,370
617,371
617,372
617,406
617,407
617,409
617,530
617,531
617,532
617,533
617,534
617,535
617,583
617,584
617,586
617,587
617,588
617,589
617,590
617,591
617,592
617,593
617,594
617,595
617,596
617,597
617,598
617,599
617,600
617,601
617,602
617,603
617,604
617,605
617,606
617,607
617,608
617,609
617,610
617,611
617,612
617,613
617,614
617,615
617,616
617,618
617,619
617,620
617,621
617,624
617,904
617,905
617,906
617,907
617,908
617,909
617,910
617,911
617,912
617,913
617,914
617,917
617,919
617,920
617,921
617,922
617,923
617,924
617,925
617,926
617,927
617,928
617,929
617,930
617,931
617,932
617,1008
617,1009
617,1010
617,1011
617,1012
617,1013
617,1014
617,1015
617,1016
617,1017
617,1018
617,1020
618,2
618,3
618,18
618,25
618,27
618,29
618,30
618,44
618,84
618,86
618,87
618,88
618,89
618,135
618,138
618,143
618,144
618,145
618,146
618,149
618,150
618,251
618,252
618,354
618,358
618,359
618,360
618,365
618,366
618,367
618,368
618,369
618,370
618,372
618,406
618,407
618,409
618,530
618,531
618,532
618,533
618,534
618,535
618,586
618,587
618,588
618,589
618,590
618,591
618,592
618,593
618,594
618,595
618,596
618,597
618,598
618,599
618,600
618,601
618,602
618,603
618,604
618,605
618,606
618,609
618,610
618,611
618,612
618,613
618,614
618,615
618,616
618,617
618,619
618,904
618,905
618,906
618,907
618,908
618,909
618,910
618,919
618,920
618,921
618,922
618,927
618,928
618,929
618,930
618,931
618,932
618,1008
618,1009
618,1010
618,1011
618,1012
618,1013
618,1014
618,1016
618,1017
618,1018
619,2
619,3
619,18
619,25
619,27
619,29
619,30
619,31
619,44
619,84
619,86
619,87
619,88
619,89
619,138
619,139
619,140
619,143
619,144
619,145
619,146
619,147
619,148
619,149
619,150
619,151
619,152
619,251
619,252
619,353
619,354
619,358
619,359
619,360
619,365
619,366
619,367
619,368
619,369
619,370
619,371
619,372
619,373
619,406
619,407
619,408
619,409
619,410
619,530
619,531
619,532
619,533
619,534
619,535
619,588
619,589
619,590
619,591
619,592
619,593
619,594
619,595
619,596
619,597
619,598
619,599
619,600
619,601
619,602
619,603
619,604
619,605
619,606
619,607
619,608
619,609
619,610
619,611
619,612
619,613
619,614
619,615
619,616
619,617
619,618
619,620
619,621
619,622
619,623
619,624
619,625
619,904
619,905
619,906
619,907
619,908
619,909
619,910
619,913
619,919
619,920
619,921
619,922
619,925
619,926
619,927
619,928
619,929
619,930
619,931
619,932
619,1008
619,1009
619,1010
619,1011
619,1012
619,1013
619,1014
619,1015
619,1016
619,1017
619,1018
619,1019
619,1020
619,1021
620,2
620,3
620,18
620,25
620,27
620,30
620,31
620,44
620,88
620,139
620,140
620,141
620,142
620,143
620,144
620,145
620,146
620,147
620,148
620,149
620,150
620,151
620,152
620,153
620,154
620,158
620,159
620,161
620,162
620,163
620,165
620,251
620,252
620,367
620,369
620,370
620,371
620,372
620,373
620,374
620,406
620,407
620,408
620,409
620,414
620,597
620,598
620,599
620,600
620,601
620,602
620,603
620,604
620,605
620,606
620,607
620,608
620,609
620,610
620,611
620,612
620,613
620,614
620,615
620,616
620,617
620,618
620,619
620,621
620,622
620,623
620,624
620,625
620,626
620,628
620,629
620,929
620,930
620,1009
621,2
621,3
621,18
621,25
621,27
621,30
621,31
621,44
621,88
621,139
621,140
621,141
621,142
621,143
621,144
621,145
621,146
621,147
621,148
621,149
621,150
621,151
621,152
621,153
621,154
621,158
621,159
621,161
621,162
621,163
621,165
621,251
621,252
621,367
621,369
621,370
621,371
621,372
621,373
621,374
621,406
621,407
621,408
621,409
621,410
621,414
621,589
621,592
621,597
621,598
621,599
621,600
621,601
621,602
621,603
621,604
621,605
621,606
621,607
621,608
621,609
621,610
621,611
621,612
621,613
621,614
621,615
621,616
621,617
621,618
621,619
621,620
621,622
621,623
621,624
621,625
621,626
621,628
621,929
621,930
621,1009
622,2
622,3
622,18
622,25
622,27
622,30
622,31
622,44
622,45
622,88
622,139
622,140
622,141
622,142
622,143
622,144
622,145
622,146
622,147
622,148
622,149
622,150
622,151
622,152
622,153
622,154
622,158
622,159
622,160
622,161
622,162
622,163
622,164
622,165
622,251
622,252
622,367
622,369
622,370
622,371
622,372
622,373
622,374
622,375
622,406
622,407
622,408
622,409
622,410
622,414
622,597
622,598
622,599
622,600
622,601
622,602
622,603
622,604
622,605
622,606
622,607
622,608
622,609
622,610
622,611
622,612
622,615
622,616
622,619
622,620
622,621
622,623
622,624
622,625
622,626
622,627
622,628
622,629
622,632
623,2
623,3
623,18
623,25
623,27
623,30
623,31
623,44
623,45
623,88
623,139
623,140
623,141
623,142
623,143
623,144
623,145
623,146
623,147
623,148
623,149
623,150
623,151
623,152
623,153
623,154
623,158
623,159
623,160
623,161
623,162
623,163
623,164
623,165
623,167
623,251
623,252
623,367
623,369
623,370
623,371
623,372
623,373
623,374
623,375
623,406
623,407
623,408
623,409
623,410
623,414
623,597
623,598
623,599
623,600
623,601
623,602
623,603
623,604
623,605
623,606
623,607
623,608
623,609
623,610
623,611
623,612
623,614
623,615
623,616
623,619
623,620
623,621
623,622
623,624
623,625
623,626
623,627
623,628
623,629
623,632
624,2
624,3
624,18
624,25
624,27
624,30
624,31
624,44
624,45
624,88
624,139
624,140
624,141
624,142
624,143
624,144
624,145
624,146
624,147
624,148
624,149
624,150
624,151
624,152
624,153
624,154
624,158
624,159
624,161
624,162
624,163
624,165
624,251
624,252
624,366
624,367
624,368
624,369
624,370
624,371
624,372
624,373
624,374
624,375
624,376
624,406
624,407
624,408
624,409
624,410
624,414
624,531
624,589
624,592
624,594
624,597
624,598
624,599
624,600
624,601
624,602
624,603
624,604
624,605
624,606
624,607
624,608
624,609
624,610
624,611
624,612
624,613
624,614
624,615
624,616
624,617
624,618
624,619
624,620
624,621
624,622
624,623
624,625
624,628
624,927
624,928
624,929
624,930
624,932
624,1008
624,1009
624,1011
625,2
625,3
625,25
625,27
625,30
625,31
625,44
625,45
625,88
625,139
625,140
625,141
625,142
625,143
625,144
625,145
625,146
625,147
625,148
625,149
625,150
625,151
625,152
625,153
625,154
625,158
625,159
625,160
625,161
625,162
625,163
625,164
625,165
625,251
625,252
625,367
625,369
625,370
625,371
625,372
625,373
625,374
625,375
625,376
625,406
625,407
625,408
625,409
625,410
625,414
625,415
625,416
625,598
625,599
625,600
625,601
625,602
625,603
625,604
625,605
625,606
625,607
625,608
625,609
625,610
625,611
625,612
625,614
625,615
625,616
625,619
625,620
625,621
625,622
625,623
625,624
625,626
625,628
625,629
625,929
625,930
625,1009
626,2
626,27
626,30
626,45
626,139
626,140
626,141
626,142
626,143
626,144
626,145
626,146
626,147
626,148
626,149
626,150
626,151
626,152
626,153
626,154
626,155
626,156
626,157
626,158
626,159
626,160
626,161
626,162
626,163
626,164
626,165
626,166
626,167
626,168
626,169
626,170
626,171
626,371
626,374
626,375
626,620
626,621
626,622
626,623
626,625
626,627
626,628
626,629
626,630
626,631
626,632
626,633
626,634
626,635
626,636
626,637
626,638
626,639
627,2
627,27
627,31
627,45
627,139
627,140
627,141
627,142
627,143
627,146
627,147
627,148
627,149
627,150
627,151
627,152
627,153
627,154
627,155
627,156
627,157
627,158
627,159
627,160
627,161
627,162
627,163
627,164
627,165
627,166
627,167
627,168
627,169
627,170
627,171
627,172
627,173
627,371
627,374
627,375
627,414
627,622
627,623
627,626
627,628
627,629
627,630
627,631
627,632
627,633
627,634
627,635
627,636
627,637
627,638
627,639
627,640
627,642
627,643
628,2
628,27
628,30
628,31
628,45
628,139
628,140
628,141
628,142
628,143
628,144
628,145
628,146
628,147
628,148
628,149
628,150
628,151
628,152
628,153
628,154
628,155
628,156
628,157
628,158
628,159
628,160
628,161
628,162
628,163
628,164
628,165
628,166
628,167
628,168
628,169
628,170
628,171
628,370
628,371
628,374
628,375
628,378
628,408
628,414
628,415
628,607
628,611
628,620
628,621
628,622
628,623
628,624
628,625
628,626
628,627
628,629
628,630
628,631
628,632
628,633
628,634
628,635
628,636
628,637
628,638
628,639
629,2
629,27
629,30
629,31
629,45
629,139
629,140
629,141
629,142
629,143
629,144
629,146
629,147
629,148
629,149
629,150
629,151
629,152
629,153
629,154
629,155
629,156
629,157
629,158
629,159
629,160
629,161
629,162
629,163
629,164
629,165
629,166
629,167
629,168
629,169
629,170
629,171
629,172
629,173
629,370
629,371
629,374
629,375
629,378
629,414
629,415
629,620
629,621
629,622
629,623
629,625
629,626
629,627
629,628
629,630
629,631
629,632
629,633
629,634
629,635
629,636
629,637
629,638
629,639
629,640
629,642
629,643
630,2
630,27
630,45
630,139
630,140
630,141
630,142
630,146
630,147
630,148
630,149
630,150
630,151
630,152
630,153
630,154
630,155
630,156
630,157
630,158
630,159
630,160
630,161
630,162
630,163
630,164
630,165
630,166
630,167
630,168
630,169
630,170
630,171
630,172
630,173
630,174
630,177
630,178
630,371
630,374
630,375
630,378
630,626
630,627
630,628
630,629
630,631
630,632
630,633
630,634
630,635
630,636
630,637
630,638
630,639
630,640
630,641
630,642
630,643
630,644
631,2
631,27
631,45
631,46
631,139
631,140
631,141
631,142
631,146
631,147
631,148
631,151
631,152
631,153
631,154
631,155
631,156
631,157
631,158
631,159
631,160
631,161
631,162
631,163
631,164
631,165
631,166
631,167
631,168
631,169
631,170
631,171
631,172
631,173
631,174
631,177
631,178
631,181
631,182
631,374
631,375
631,378
631,626
631,627
631,628
631,629
631,630
631,632
631,633
631,634
631,635
631,636
631,637
631,638
631,639
631,640
631,641
631,642
631,643
631,644
631,645
631,647
632,2
632,27
632,30
632,31
632,32
632,45
632,46
632,139
632,140
632,141
632,142
632,143
632,146
632,147
632,148
632,149
632,150
632,151
632,152
632,153
632,154
632,155
632,156
632,157
632,158
632,159
632,160
632,161
632,162
632,163
632,164
632,165
632,166
632,167
632,168
632,169
632,170
632,171
632,172
632,173
632,174
632,177
632,178
632,182
632,371
632,374
632,375
632,378
632,379
632,414
632,415
632,622
632,623
632,626
632,627
632,628
632,629
632,630
632,631
632,633
632,634
632,635
632,636
632,637
632,638
632,639
632,640
632,641
632,642
632,643
632,644
633,2
633,27
633,30
633,31
633,32
633,45
633,46
633,139
633,140
633,141
633,142
633,146
633,147
633,148
633,151
633,152
633,153
633,154
633,155
633,156
633,157
633,158
633,159
633,160
633,161
633,162
633,163
633,164
633,165
633,166
633,167
633,168
633,169
633,170
633,171
633,172
633,173
633,174
633,177
633,178
633,181
633,182
633,371
633,374
633,375
633,378
633,379
633,414
633,415
633,626
633,627
633,628
633,629
633,630
633,631
633,632
633,634
633,635
633,636
633,637
633,638
633,639
633,640
633,641
633,642
633,643
633,644
633,645
633,647
634,2
634,27
634,45
634,46
634,141
634,142
634,147
634,148
634,151
634,152
634,153
634,154
634,155
634,156
634,157
634,158
634,159
634,160
634,161
634,162
634,163
634,164
634,165
634,166
634,167
634,168
634,169
634,170
634,171
634,172
634,173
634,174
634,177
634,178
634,179
634,180
634,181
634,182
634,375
634,378
634,379
634,626
634,627
634,628
634,629
634,630
634,631
634,632
634,633
634,635
634,636
634,637
634,638
634,639
634,640
634,641
634,642
634,643
634,644
634,645
634,646
634,647
634,648
635,2
635,27
635,45
635,46
635,141
635,142
635,147
635,153
635,154
635,155
635,156
635,157
635,158
635,159
635,160
635,161
635,162
635,163
635,164
635,165
635,166
635,167
635,168
635,169
635,170
635,171
635,172
635,173
635,174
635,177
635,178
635,179
635,180
635,181
635,182
635,183
635,184
635,375
635,378
635,379
635,626
635,627
635,628
635,629
635,630
635,631
635,632
635,633
635,634
635,636
635,637
635,638
635,639
635,640
635,641
635,642
635,643
635,644
635,645
635,646
635,647
635,648
635,649
635,651
636,2
636,27
636,31
636,32
636,45
636,46
636,141
636,142
636,147
636,148
636,151
636,152
636,153
636,154
636,155
636,156
636,157
636,158
636,159
636,160
636,161
636,162
636,163
636,164
636,165
636,166
636,167
636,168
636,169
636,170
636,171
636,172
636,173
636,174
636,177
636,178
636,179
636,180
636,181
636,182
636,374
636,375
636,378
636,379
636,626
636,627
636,628
636,629
636,630
636,631
636,632
636,633
636,634
636,635
636,637
636,638
636,639
636,640
636,641
636,642
636,643
636,644
636,645
636,646
636,647
636,648
637,2
637,27
637,31
637,32
637,45
637,46
637,141
637,142
637,147
637,148
637,151
637,152
637,153
637,154
637,155
637,156
637,157
637,158
637,159
637,160
637,161
637,162
637,163
637,164
637,165
637,166
637,167
637,168
637,169
637,170
637,171
637,172
637,173
637,174
637,177
637,178
637,179
637,180
637,181
637,182
637,184
637,374
637,375
637,378
637,379
637,414
637,415
637,626
637,627
637,628
637,629
637,630
637,631
637,632
637,633
637,634
637,635
637,636
637,638
637,639
637,640
637,641
637,642
637,643
637,644
637,645
637,646
637,647
637,648
638,2
638,27
638,31
638,32
638,33
638,45
638,46
638,141
638,142
638,147
638,153
638,154
638,155
638,156
638,157
638,158
638,159
638,160
638,161
638,162
638,163
638,164
638,165
638,166
638,167
638,168
638,169
638,170
638,171
638,172
638,173
638,174
638,177
638,178
638,179
638,180
638,181
638,182
638,183
638,184
638,375
638,378
638,379
638,382
638,626
638,627
638,628
638,629
638,630
638,631
638,632
638,633
638,634
638,635
638,636
638,637
638,639
638,640
638,641
638,642
638,643
638,644
638,645
638,646
638,647
638,648
638,649
638,651
639,2
639,27
639,31
639,32
639,33
639,45
639,46
639,47
639,141
639,142
639,147
639,148
639,153
639,154
639,155
639,156
639,157
639,158
639,159
639,160
639,161
639,162
639,163
639,164
639,165
639,166
639,167
639,168
639,169
639,170
639,171
639,172
639,173
639,174
639,177
639,178
639,179
639,180
639,181
639,182
639,183
639,184
639,185
639,374
639,375
639,378
639,379
639,382
639,415
639,626
639,627
639,628
639,629
639,630
639,631
639,632
639,633
639,634
639,635
639,636
639,637
639,638
639,640
639,641
639,642
639,643
639,644
639,645
639,646
639,647
639,648
639,649
639,651
640,2
640,27
640,45
640,46
640,47
640,153
640,154
640,155
640,156
640,157
640,158
640,159
640,160
640,161
640,162
640,163
640,164
640,165
640,166
640,167
640,168
640,169
640,170
640,171
640,172
640,173
640,174
640,175
640,177
640,178
640,179
640,180
640,181
640,182
640,183
640,184
640,185
640,186
640,378
640,379
640,382
640,627
640,629
640,630
640,631
640,632
640,633
640,634
640,635
640,636
640,637
640,638
640,639
640,641
640,642
640,643
640,644
640,645
640,646
640,647
640,648
640,649
640,650
640,651
640,652
641,2
641,27
641,45
641,46
641,47
641,153
641,154
641,155
641,156
641,157
641,160
641,161
641,164
641,165
641,166
641,167
641,168
641,169
641,170
641,171
641,172
641,173
641,174
641,175
641,177
641,178
641,179
641,180
641,181
641,182
641,183
641,184
641,185
641,186
641,189
641,190
641,378
641,379
641,382
641,630
641,631
641,632
641,633
641,634
641,635
641,636
641,637
641,638
641,639
641,640
641,642
641,643
641,644
641,645
641,646
641,647
641,648
641,649
641,650
641,651
641,652
641,653
641,655
642,2
642,27
642,32
642,33
642,45
642,46
642,47
642,153
642,154
642,155
642,156
642,157
642,158
642,159
642,160
642,161
642,162
642,163
642,164
642,165
642,166
642,167
642,168
642,169
642,170
642,171
642,172
642,173
642,174
642,175
642,177
642,178
642,179
642,180
642,181
642,182
642,183
642,184
642,185
642,186
642,375
642,378
642,379
642,382
642,627
642,629
642,630
642,631
642,632
642,633
642,634
642,635
642,636
642,637
642,638
642,639
642,640
642,641
642,643
642,644
642,645
642,646
642,647
642,648
642,649
642,650
642,651
642,652
643,2
643,27
643,31
643,32
643,33
643,45
643,46
643,47
643,153
643,154
643,155
643,156
643,157
643,158
643,159
643,160
643,161
643,162
643,163
643,164
643,165
643,166
643,167
643,168
643,169
643,170
643,171
643,172
643,173
643,174
643,175
643,177
643,178
643,179
643,180
643,181
643,182
643,183
643,184
643,185
643,186
643,190
643,375
643,378
643,379
643,382
643,383
643,627
643,629
643,630
643,631
643,632
643,633
643,634
643,635
643,636
643,637
643,638
643,639
643,640
643,641
643,642
643,644
643,645
643,646
643,647
643,648
643,649
643,650
643,651
643,652
644,2
644,27
644,32
644,33
644,45
644,46
644,47
644,153
644,154
644,155
644,156
644,157
644,158
644,159
644,160
644,161
644,164
644,165
644,166
644,167
644,168
644,169
644,170
644,171
644,172
644,173
644,174
644,175
644,177
644,178
644,179
644,180
644,181
644,182
644,183
644,184
644,185
644,186
644,189
644,190
644,375
644,378
644,379
644,382
644,383
644,630
644,631
644,632
644,633
644,634
644,635
644,636
644,637
644,638
644,639
644,640
644,641
644,642
644,643
644,645
644,646
644,647
644,648
644,649
644,650
644,651
644,652
644,653
644,655
645,2
645,45
645,46
645,47
645,154
645,155
645,156
645,157
645,160
645,161
645,165
645,166
645,167
645,168
645,169
645,170
645,171
645,172
645,173
645,174
645,175
645,176
645,177
645,178
645,179
645,180
645,181
645,182
645,183
645,184
645,185
645,186
645,187
645,188
645,189
645,190
645,379
645,382
645,383
645,631
645,633
645,634
645,635
645,636
645,637
645,638
645,639
645,640
645,641
645,642
645,643
645,644
645,646
645,647
645,648
645,649
645,650
645,651
645,652
645,653
645,654
645,655
645,656
646,2
646,45
646,46
646,47
646,154
646,155
646,156
646,157
646,166
646,167
646,168
646,169
646,170
646,171
646,172
646,173
646,174
646,175
646,176
646,177
646,178
646,179
646,180
646,181
646,182
646,183
646,184
646,185
646,186
646,187
646,188
646,189
646,190
646,191
646,192
646,379
646,382
646,383
646,634
646,635
646,636
646,637
646,638
646,639
646,640
646,641
646,642
646,643
646,644
646,645
646,647
646,648
646,649
646,650
646,651
646,652
646,653
646,654
646,655
646,656
646,657
646,659
647,2
647,32
647,33
647,45
647,46
647,47
647,154
647,155
647,156
647,157
647,160
647,161
647,164
647,165
647,166
647,167
647,168
647,169
647,170
647,171
647,172
647,173
647,174
647,175
647,176
647,177
647,178
647,179
647,180
647,181
647,182
647,183
647,184
647,185
647,186
647,187
647,188
647,189
647,190
647,378
647,379
647,382
647,383
647,386
647,631
647,633
647,634
647,635
647,636
647,637
647,638
647,639
647,640
647,641
647,642
647,643
647,644
647,645
647,646
647,648
647,649
647,650
647,651
647,652
647,653
647,654
647,655
647,656
648,2
648,32
648,33
648,45
648,46
648,47
648,154
648,155
648,156
648,157
648,161
648,166
648,167
648,168
648,169
648,170
648,171
648,172
648,173
648,174
648,175
648,176
648,177
648,178
648,179
648,180
648,181
648,182
648,183
648,184
648,185
648,186
648,187
648,188
648,189
648,190
648,191
648,192
648,379
648,382
648,383
648,386
648,634
648,635
648,636
648,637
648,638
648,639
648,640
648,641
648,642
648,643
648,644
648,645
648,646
648,647
648,649
648,650
648,651
648,652
648,653
648,654
648,655
648,656
648,657
648,659
649,2
649,33
649,45
649,46
649,47
649,155
649,156
649,157
649,166
649,167
649,168
649,169
649,171
649,172
649,173
649,174
649,175
649,176
649,177
649,178
649,179
649,180
649,181
649,182
649,183
649,184
649,185
649,186
649,187
649,188
649,189
649,190
649,191
649,192
649,193
649,199
649,200
649,382
649,383
649,386
649,635
649,638
649,639
649,640
649,641
649,642
649,643
649,644
649,645
649,646
649,647
649,648
649,650
649,651
649,652
649,653
649,654
649,655
649,656
649,657
649,658
649,659
649,660
650,2
650,45
650,46
650,47
650,155
650,156
650,157
650,167
650,168
650,169
650,172
650,173
650,174
650,175
650,176
650,177
650,178
650,179
650,180
650,181
650,182
650,183
650,184
650,185
650,186
650,187
650,188
650,189
650,190
650,191
650,192
650,193
650,194
650,199
650,200
650,203
650,204
650,382
650,383
650,386
650,387
650,640
650,641
650,642
650,643
650,644
650,645
650,646
650,647
650,648
650,649
650,651
650,652
650,653
650,654
650,655
650,656
650,657
650,658
650,659
650,660
650,661
650,663
651,2
651,33
651,34
651,45
651,46
651,47
651,155
651,156
651,157
651,166
651,167
651,168
651,169
651,170
651,171
651,172
651,173
651,174
651,175
651,176
651,177
651,178
651,179
651,180
651,181
651,182
651,183
651,184
651,185
651,186
651,187
651,188
651,189
651,190
651,191
651,192
651,193
651,199
651,200
651,204
651,379
651,382
651,383
651,386
651,387
651,635
651,638
651,639
651,640
651,641
651,642
651,643
651,644
651,645
651,646
651,647
651,648
651,649
651,650
651,652
651,653
651,654
651,655
651,656
651,657
651,658
651,659
651,660
652,2
652,33
652,34
652,45
652,46
652,47
652,156
652,157
652,166
652,167
652,168
652,169
652,172
652,173
652,174
652,175
652,176
652,177
652,178
652,179
652,180
652,181
652,182
652,183
652,184
652,185
652,186
652,187
652,188
652,189
652,190
652,191
652,192
652,193
652,194
652,199
652,200
652,203
652,204
652,379
652,382
652,383
652,386
652,387
652,640
652,641
652,642
652,643
652,644
652,645
652,646
652,647
652,648
652,649
652,650
652,651
652,653
652,654
652,655
652,656
652,657
652,658
652,659
652,660
652,661
652,663
653,2
653,45
653,46
653,47
653,156
653,168
653,169
653,172
653,173
653,174
653,175
653,176
653,177
653,178
653,179
653,180
653,181
653,182
653,183
653,184
653,185
653,186
653,187
653,188
653,189
653,190
653,191
653,192
653,193
653,194
653,199
653,200
653,201
653,202
653,203
653,204
653,383
653,386
653,387
653,641
653,644
653,645
653,646
653,647
653,648
653,649
653,650
653,651
653,652
653,654
653,655
653,656
653,657
653,658
653,659
653,660
653,661
653,662
653,663
653,664
654,2
654,46
654,47
654,156
654,168
654,169
654,174
654,175
654,176
654,177
654,178
654,179
654,180
654,181
654,182
654,183
654,184
654,185
654,186
654,187
654,188
654,189
654,190
654,191
654,192
654,193
654,194
654,199
654,200
654,201
654,202
654,203
654,204
654,206
654,383
654,386
654,387
654,390
654,645
654,646
654,647
654,648
654,649
654,650
654,651
654,652
654,653
654,655
654,656
654,657
654,658
654,659
654,660
654,661
654,662
654,663
654,664
654,665
654,666
655,2
655,33
655,34
655,35
655,45
655,46
655,47
655,156
655,168
655,169
655,172
655,173
655,174
655,175
655,176
655,177
655,178
655,179
655,180
655,181
655,182
655,183
655,184
655,185
655,186
655,187
655,188
655,189
655,190
655,191
655,192
655,193
655,194
655,199
655,200
655,201
655,202
655,203
655,204
655,206
655,382
655,383
655,386
655,387
655,390
655,641
655,644
655,645
655,646
655,647
655,648
655,649
655,650
655,651
655,652
655,653
655,654
655,656
655,657
655,658
655,659
655,660
655,661
655,662
655,663
655,664
656,2
656,4
656,33
656,34
656,35
656,45
656,46
656,47
656,156
656,168
656,169
656,174
656,175
656,176
656,177
656,178
656,179
656,180
656,181
656,182
656,183
656,184
656,185
656,186
656,187
656,188
656,189
656,190
656,191
656,192
656,193
656,194
656,199
656,200
656,201
656,202
656,203
656,204
656,205
656,206
656,383
656,386
656,387
656,390
656,645
656,646
656,647
656,648
656,649
656,650
656,651
656,652
656,653
656,654
656,655
656,657
656,658
656,659
656,660
656,661
656,662
656,663
656,664
656,665
656,666
657,2
657,46
657,47
657,174
657,175
657,176
657,177
657,178
657,179
657,180
657,181
657,182
657,183
657,184
657,185
657,186
657,187
657,188
657,189
657,190
657,191
657,192
657,193
657,194
657,195
657,196
657,199
657,200
657,201
657,202
657,203
657,204
657,205
657,206
657,207
657,208
657,386
657,387
657,390
657,646
657,648
657,649
657,650
657,651
657,652
657,653
657,654
657,655
657,656
657,658
657,659
657,660
657,661
657,662
657,663
657,664
657,665
657,666
657,667
658,2
658,35
658,46
658,47
658,174
658,175
658,176
658,177
658,178
658,179
658,180
658,183
658,184
658,185
658,186
658,187
658,188
658,189
658,190
658,191
658,192
658,193
658,194
658,195
658,196
658,198
658,199
658,200
658,201
658,202
658,203
658,204
658,205
658,206
658,207
658,208
658,211
658,212
658,386
658,387
658,390
658,649
658,650
658,651
658,652
658,653
658,654
658,655
658,656
658,657
658,659
658,660
658,661
658,662
658,663
658,664
658,665
658,666
658,667
659,2
659,4
659,33
659,34
659,35
659,46
659,47
659,174
659,175
659,176
659,177
659,178
659,179
659,180
659,181
659,182
659,183
659,184
659,185
659,186
659,187
659,188
659,189
659,190
659,191
659,192
659,193
659,194
659,195
659,196
659,199
659,200
659,201
659,202
659,203
659,204
659,205
659,206
659,207
659,208
659,212
659,383
659,386
659,387
659,390
659,391
659,646
659,648
659,649
659,650
659,651
659,652
659,653
659,654
659,655
659,656
659,657
659,658
659,660
659,661
659,662
659,663
659,664
659,665
659,666
659,667
660,2
660,4
660,34
660,35
660,46
660,47
660,174
660,175
660,176
660,177
660,178
660,179
660,180
660,182
660,183
660,184
660,185
660,186
660,187
660,188
660,189
660,190
660,191
660,192
660,193
660,194
660,195
660,196
660,198
660,199
660,200
660,201
660,202
660,203
660,204
660,205
660,206
660,207
660,208
660,211
660,212
660,383
660,386
660,387
660,390
660,391
660,649
660,650
660,651
660,652
660,653
660,654
660,655
660,656
660,657
660,658
660,659
660,661
660,662
660,663
660,664
660,665
660,666
660,667
661,2
661,4
661,35
661,46
661,47
661,175
661,176
661,179
661,180
661,183
661,184
661,185
661,186
661,187
661,188
661,189
661,190
661,191
661,192
661,193
661,194
661,195
661,196
661,197
661,198
661,199
661,200
661,201
661,202
661,203
661,204
661,205
661,206
661,207
661,208
661,209
661,210
661,211
661,212
661,386
661,387
661,390
661,391
661,650
661,652
661,653
661,654
661,655
661,656
661,657
661,658
661,659
661,660
661,662
661,663
661,664
661,665
661,666
661,667
662,2
662,4
662,35
662,46
662,47
662,175
662,176
662,179
662,180
662,185
662,186
662,187
662,188
662,189
662,190
662,191
662,192
662,193
662,194
662,195
662,196
662,197
662,198
662,199
662,200
662,201
662,202
662,203
662,204
662,205
662,206
662,207
662,208
662,209
662,210
662,211
662,212
662,213
662,214
662,216
662,387
662,390
662,391
662,394
662,653
662,654
662,655
662,656
662,657
662,658
662,659
662,660
662,661
662,663
662,664
662,665
662,666
662,667
663,2
663,4
663,34
663,35
663,46
663,47
663,175
663,176
663,177
663,179
663,180
663,183
663,184
663,185
663,186
663,187
663,188
663,189
663,190
663,191
663,192
663,193
663,194
663,195
663,196
663,197
663,198
663,199
663,200
663,201
663,202
663,203
663,204
663,205
663,206
663,207
663,208
663,209
663,210
663,211
663,212
663,214
663,386
663,387
663,390
663,391
663,392
663,394
663,650
663,652
663,653
663,654
663,655
663,656
663,657
663,658
663,659
663,660
663,661
663,662
663,664
663,665
663,666
663,667
664,2
664,4
664,34
664,35
664,46
664,47
664,175
664,176
664,179
664,180
664,183
664,184
664,185
664,186
664,187
664,188
664,189
664,190
664,191
664,192
664,193
664,194
664,195
664,196
664,197
664,198
664,199
664,200
664,201
664,202
664,203
664,204
664,205
664,206
664,207
664,208
664,209
664,210
664,211
664,212
664,213
664,214
664,216
664,386
664,387
664,390
664,391
664,392
664,394
664,653
664,654
664,655
664,656
664,657
664,658
664,659
664,660
664,661
664,662
664,663
664,665
664,666
664,667
665,2
665,4
665,35
665,47
665,175
665,176
665,185
665,186
665,187
665,188
665,189
665,190
665,191
665,192
665,193
665,194
665,195
665,196
665,197
665,198
665,199
665,200
665,201
665,202
665,203
665,204
665,205
665,206
665,207
665,208
665,209
665,210
665,211
665,212
665,213
665,214
665,215
665,216
665,219
665,220
665,387
665,390
665,391
665,394
665,654
665,656
665,657
665,658
665,659
665,660
665,661
665,662
665,663
665,664
665,666
665,667
666,2
666,4
666,34
666,35
666,47
666,175
666,176
666,185
666,186
666,187
666,188
666,189
666,190
666,191
666,192
666,193
666,194
666,195
666,196
666,197
666,198
666,199
666,200
666,201
666,202
666,203
666,204
666,205
666,206
666,207
666,208
666,209
666,210
666,211
666,212
666,213
666,214
666,215
666,216
666,219
666,220
666,224
666,387
666,390
666,391
666,392
666,394
666,395
666,654
666,656
666,657
666,658
666,659
666,660
666,661
666,662
666,663
666,664
666,665
666,667
667,2
667,4
667,35
667,47
667,175
667,176
667,185
667,186
667,187
667,188
667,190
667,191
667,192
667,193
667,194
667,195
667,196
667,197
667,198
667,199
667,200
667,201
667,202
667,203
667,204
667,205
667,206
667,207
667,208
667,209
667,210
667,211
667,212
667,213
667,214
667,215
667,216
667,219
667,220
667,223
667,224
667,387
667,390
667,391
667,394
667,395
667,657
667,658
667,659
667,660
667,661
667,662
667,663
667,664
667,665
667,666
668,4
668,26
668,36
668,197
668,198
668,209
668,210
668,213
668,214
668,215
668,216
668,217
668,218
668,219
668,220
668,221
668,222
668,223
668,224
668,225
668,226
668,227
668,228
668,229
668,230
668,231
668,232
668,233
668,395
668,400
668,401
668,403
668,404
668,669
668,670
668,671
668,672
668,673
668,674
668,675
668,676
668,677
668,678
668,679
668,680
668,681
668,682
668,684
668,685
668,686
669,26
669,36
669,37
669,197
669,198
669,209
669,210
669,213
669,214
669,215
669,216
669,217
669,218
669,219
669,220
669,221
669,222
669,223
669,224
669,225
669,226
669,227
669,228
669,229
669,230
669,231
669,232
669,233
669,234
669,235
669,400
669,401
669,403
669,404
669,668
669,670
669,671
669,672
669,673
669,674
669,675
669,676
669,677
669,678
669,679
669,680
669,681
669,682
669,683
669,684
669,685
669,686
669,687
670,4
670,26
670,36
670,37
670,49
670,197
670,198
670,209
670,210
670,213
670,214
670,215
670,216
670,217
670,218
670,219
670,220
670,221
670,222
670,223
670,224
670,225
670,226
670,227
670,228
670,229
670,230
670,231
670,232
670,233
670,234
670,235
670,395
670,400
670,401
670,402
670,403
670,404
670,668
670,669
670,671
670,672
670,673
670,674
670,675
670,676
670,677
670,678
670,679
670,680
670,682
670,684
670,686
671,4
671,26
671,36
671,37
671,49
671,209
671,210
671,213
671,214
671,215
671,216
671,217
671,218
671,219
671,220
671,221
671,222
671,223
671,224
671,225
671,226
671,227
671,228
671,229
671,230
671,231
671,232
671,233
671,234
671,235
671,400
671,401
671,403
671,404
671,668
671,669
671,670
671,672
671,673
671,674
671,675
671,676
671,677
671,678
671,679
671,680
671,681
671,682
671,683
671,684
671,685
671,686
671,687
671,959
672,26
672,36
672,37
672,215
672,216
672,217
672,218
672,219
672,220
672,221
672,222
672,223
672,224
672,225
672,226
672,227
672,228
672,229
672,230
672,231
672,232
672,233
672,234
672,235
672,401
672,403
672,404
672,668
672,669
672,670
672,671
672,673
672,674
672,675
672,676
672,677
672,678
672,679
672,680
672,681
672,682
672,683
672,684
672,685
672,686
672,687
672,688
672,690
672,692
672,694
672,959
673,26
673,36
673,37
673,215
673,216
673,217
673,218
673,219
673,220
673,221
673,222
673,223
673,224
673,225
673,226
673,227
673,228
673,229
673,230
673,231
673,232
673,233
673,234
673,235
673,237
673,238
673,401
673,403
673,404
673,668
673,669
673,670
673,671
673,672
673,674
673,675
673,676
673,677
673,678
673,679
673,680
673,681
673,682
673,683
673,684
673,685
673,686
673,687
673,688
673,689
673,690
673,691
673,692
673,693
673,694
673,695
673,959
673,960
673,961
674,26
674,36
674,37
674,215
674,216
674,217
674,218
674,219
674,220
674,221
674,222
674,223
674,224
674,225
674,226
674,227
674,228
674,229
674,230
674,231
674,232
674,233
674,234
674,235
674,400
674,401
674,403
674,404
674,668
674,669
674,670
674,671
674,672
674,673
674,675
674,676
674,677
674,678
674,679
674,680
674,681
674,682
674,683
674,684
674,685
674,686
674,687
674,688
674,690
674,692
674,694
674,959
674,960
674,961
675,26
675,36
675,37
675,216
675,217
675,218
675,219
675,220
675,221
675,222
675,223
675,224
675,225
675,226
675,227
675,228
675,229
675,230
675,231
675,232
675,233
675,234
675,235
675,237
675,238
675,401
675,403
675,404
675,668
675,669
675,670
675,671
675,672
675,673
675,674
675,676
675,677
675,678
675,679
675,680
675,681
675,682
675,683
675,684
675,685
675,686
675,687
675,688
675,689
675,690
675,691
675,692
675,693
675,694
675,695
675,959
675,960
675,961
675,962
675,963
675,964
676,26
676,36
676,37
676,215
676,216
676,217
676,218
676,219
676,220
676,221
676,222
676,223
676,224
676,225
676,226
676,227
676,228
676,229
676,230
676,231
676,232
676,233
676,234
676,235
676,238
676,400
676,401
676,403
676,404
676,668
676,669
676,670
676,671
676,672
676,673
676,674
676,675
676,677
676,678
676,679
676,680
676,681
676,682
676,683
676,684
676,685
676,686
676,687
676,688
676,690
676,692
676,694
676,959
677,26
677,36
677,37
677,215
677,216
677,217
677,218
677,219
677,220
677,221
677,222
677,224
677,225
677,226
677,227
677,228
677,229
677,230
677,231
677,232
677,233
677,234
677,235
677,237
677,238
677,401
677,403
677,404
677,668
677,669
677,670
677,671
677,672
677,673
677,674
677,675
677,676
677,678
677,679
677,680
677,681
677,682
677,683
677,684
677,685
677,686
677,687
677,688
677,689
677,690
677,691
677,692
677,693
677,694
677,695
677,959
677,960
677,961
677,964
678,4
678,26
678,36
678,37
678,49
678,50
678,215
678,216
678,217
678,218
678,219
678,220
678,221
678,222
678,223
678,224
678,225
678,226
678,227
678,228
678,229
678,230
678,231
678,232
678,233
678,234
678,235
678,238
678,400
678,401
678,403
678,404
678,668
678,669
678,670
678,671
678,672
678,673
678,674
678,675
678,676
678,677
678,679
678,680
678,681
678,682
678,683
678,684
678,685
678,686
678,687
678,688
678,690
678,692
678,694
678,959
678,960
678,961
678,963
679,26
679,36
679,37
679,38
679,50
679,216
679,217
679,218
679,219
679,220
679,221
679,222
679,223
679,224
679,225
679,226
679,227
679,228
679,229
679,230
679,231
679,232
679,233
679,234
679,235
679,237
679,238
679,401
679,403
679,404
679,668
679,669
679,670
679,671
679,672
679,673
679,674
679,675
679,676
679,677
679,678
679,680
679,681
679,682
679,683
679,684
679,685
679,686
679,687
679,688
679,689
679,690
679,691
679,692
679,693
679,694
679,695
679,949
679,950
679,959
679,960
679,961
679,962
679,963
679,964
679,966
679,968
680,26
680,36
680,37
680,217
680,218
680,221
680,222
680,225
680,226
680,227
680,228
680,229
680,230
680,231
680,232
680,233
680,234
680,235
680,236
680,237
680,238
680,239
680,240
680,401
680,403
680,404
680,668
680,669
680,670
680,671
680,672
680,673
680,674
680,675
680,676
680,677
680,678
680,679
680,681
680,682
680,683
680,684
680,685
680,686
680,687
680,688
680,689
680,690
680,691
680,692
680,693
680,694
680,695
680,696
680,697
680,698
680,700
680,702
680,959
680,960
680,961
680,962
680,964
681,26
681,36
681,37
681,38
681,39
681,217
681,218
681,221
681,222
681,225
681,226
681,227
681,228
681,229
681,230
681,231
681,232
681,233
681,234
681,235
681,236
681,237
681,238
681,239
681,240
681,403
681,404
681,668
681,669
681,671
681,672
681,673
681,674
681,675
681,676
681,677
681,678
681,679
681,680
681,682
681,683
681,684
681,685
681,686
681,687
681,688
681,689
681,690
681,691
681,692
681,693
681,694
681,695
681,696
681,697
681,698
681,699
681,700
681,701
681,702
681,703
681,959
681,960
681,961
681,962
681,964
681,965
682,26
682,36
682,37
682,38
682,217
682,218
682,221
682,222
682,225
682,226
682,227
682,228
682,229
682,230
682,231
682,232
682,233
682,234
682,235
682,236
682,237
682,238
682,239
682,401
682,403
682,404
682,668
682,669
682,670
682,671
682,672
682,673
682,674
682,675
682,676
682,677
682,678
682,679
682,680
682,681
682,683
682,684
682,685
682,686
682,687
682,688
682,689
682,690
682,691
682,692
682,693
682,694
682,695
682,696
682,698
682,700
682,702
682,959
682,960
682,961
682,962
682,963
682,964
682,965
682,966
683,26
683,36
683,37
683,38
683,39
683,221
683,222
683,225
683,226
683,227
683,228
683,229
683,230
683,231
683,232
683,233
683,234
683,235
683,236
683,237
683,238
683,239
683,240
683,403
683,404
683,669
683,671
683,672
683,673
683,674
683,675
683,676
683,677
683,678
683,679
683,680
683,681
683,682
683,684
683,685
683,686
683,687
683,688
683,689
683,690
683,691
683,692
683,693
683,694
683,695
683,696
683,697
683,698
683,699
683,700
683,701
683,702
683,703
683,959
683,960
683,961
683,962
683,963
683,964
683,965
683,966
683,967
683,984
684,26
684,36
684,37
684,217
684,218
684,220
684,221
684,222
684,225
684,226
684,227
684,228
684,229
684,230
684,231
684,232
684,233
684,234
684,235
684,236
684,237
684,238
684,239
684,240
684,401
684,403
684,404
684,668
684,669
684,670
684,671
684,672
684,673
684,674
684,675
684,676
684,677
684,678
684,679
684,680
684,681
684,682
684,683
684,685
684,686
684,687
684,688
684,689
684,690
684,691
684,692
684,693
684,694
684,695
684,696
684,697
684,698
684,700
684,701
684,702
684,959
684,960
684,961
684,962
684,963
684,964
684,965
685,26
685,36
685,37
685,38
685,39
685,217
685,218
685,221
685,222
685,226
685,227
685,228
685,229
685,230
685,231
685,232
685,233
685,234
685,235
685,236
685,237
685,238
685,239
685,240
685,403
685,404
685,668
685,669
685,671
685,672
685,673
685,674
685,675
685,676
685,677
685,678
685,679
685,680
685,681
685,682
685,683
685,684
685,686
685,687
685,688
685,689
685,690
685,691
685,692
685,693
685,694
685,695
685,696
685,697
685,698
685,699
685,700
685,701
685,702
685,703
685,959
685,960
685,961
685,962
685,963
685,964
685,965
685,966
685,984
686,26
686,36
686,37
686,38
686,50
686,217
686,218
686,221
686,222
686,225
686,226
686,227
686,228
686,229
686,230
686,231
686,232
686,233
686,234
686,235
686,236
686,237
686,238
686,239
686,240
686,401
686,403
686,404
686,668
686,669
686,670
686,671
686,672
686,673
686,674
686,675
686,676
686,677
686,678
686,679
686,680
686,681
686,682
686,683
686,684
686,685
686,687
686,688
686,689
686,690
686,691
686,692
686,693
686,694
686,695
686,696
686,698
686,700
686,702
686,959
686,960
686,961
686,962
686,963
686,964
686,965
686,966
686,967
686,968
687,26
687,36
687,37
687,38
687,39
687,218
687,221
687,222
687,225
687,226
687,227
687,228
687,229
687,230
687,231
687,232
687,233
687,234
687,235
687,236
687,237
687,238
687,239
687,240
687,403
687,404
687,669
687,671
687,672
687,673
687,674
687,675
687,676
687,677
687,678
687,679
687,680
687,681
687,682
687,683
687,684
687,685
687,686
687,688
687,689
687,690
687,691
687,692
687,693
687,694
687,695
687,696
687,697
687,698
687,699
687,700
687,701
687,702
687,703
687,959
687,960
687,961
687,962
687,963
687,964
687,965
687,966
687,967
687,984
688,26
688,36
688,37
688,38
688,39
688,227
688,228
688,229
688,230
688,231
688,232
688,233
688,234
688,235
688,236
688,237
688,238
688,239
688,240
688,241
688,404
688,672
688,673
688,674
688,675
688,676
688,677
688,678
688,679
688,680
688,681
688,682
688,683
688,684
688,685
688,686
688,687
688,689
688,690
688,691
688,692
688,693
688,694
688,695
688,696
688,697
688,698
688,699
688,700
688,701
688,702
688,703
688,704
688,706
688,959
688,960
688,964
688,965
688,984
689,26
689,37
689,38
689,39
689,227
689,230
689,231
689,232
689,233
689,234
689,235
689,236
689,237
689,238
689,239
689,240
689,241
689,243
689,244
689,404
689,673
689,675
689,677
689,679
689,680
689,681
689,682
689,683
689,684
689,685
689,686
689,687
689,688
689,690
689,691
689,692
689,693
689,694
689,695
689,696
689,697
689,698
689,699
689,700
689,701
689,702
689,703
689,704
689,705
689,706
689,707
689,960
689,964
689,965
689,984
689,985
690,26
690,36
690,37
690,38
690,39
690,227
690,228
690,229
690,230
690,231
690,232
690,233
690,234
690,235
690,236
690,237
690,238
690,239
690,240
690,241
690,243
690,403
690,404
690,672
690,673
690,674
690,675
690,676
690,677
690,678
690,679
690,680
690,681
690,682
690,683
690,684
690,685
690,686
690,687
690,688
690,689
690,691
690,692
690,693
690,694
690,695
690,696
690,697
690,698
690,699
690,700
690,701
690,702
690,703
690,704
690,706
690,959
690,960
690,961
690,962
690,963
690,964
690,965
690,966
690,967
690,984
690,985
690,986
691,26
691,36
691,37
691,38
691,39
691,227
691,228
691,229
691,230
691,231
691,232
691,233
691,234
691,235
691,236
691,237
691,238
691,239
691,240
691,241
691,243
691,244
691,404
691,673
691,675
691,677
691,679
691,680
691,681
691,682
691,683
691,684
691,685
691,686
691,687
691,688
691,689
691,690
691,692
691,693
691,694
691,695
691,696
691,697
691,698
691,699
691,700
691,701
691,702
691,703
691,704
691,705
691,706
691,707
691,959
691,960
691,962
691,963
691,964
691,965
691,966
691,967
691,984
691,985
691,986
691,987
691,988
692,26
692,36
692,37
692,38
692,39
692,227
692,228
692,229
692,230
692,231
692,232
692,233
692,234
692,235
692,236
692,237
692,238
692,239
692,240
692,241
692,404
692,672
692,673
692,674
692,675
692,676
692,677
692,678
692,679
692,680
692,681
692,682
692,683
692,684
692,685
692,686
692,687
692,688
692,689
692,690
692,691
692,693
692,694
692,695
692,696
692,697
692,698
692,699
692,700
692,701
692,702
692,703
692,704
692,706
692,959
692,960
692,964
692,965
692,984
693,26
693,37
693,38
693,39
693,227
693,229
693,230
693,231
693,232
693,233
693,234
693,235
693,236
693,237
693,238
693,239
693,240
693,241
693,243
693,244
693,404
693,673
693,675
693,677
693,679
693,680
693,681
693,682
693,683
693,684
693,685
693,686
693,687
693,688
693,689
693,690
693,691
693,692
693,694
693,695
693,696
693,697
693,698
693,699
693,700
693,701
693,702
693,703
693,704
693,705
693,706
693,707
693,960
693,964
693,965
693,967
693,984
693,985
694,26
694,36
694,37
694,38
694,39
694,227
694,228
694,229
694,230
694,231
694,232
694,233
694,234
694,235
694,236
694,237
694,238
694,239
694,240
694,241
694,243
694,244
694,403
694,404
694,672
694,673
694,674
694,675
694,676
694,677
694,678
694,679
694,680
694,681
694,682
694,683
694,684
694,685
694,686
694,687
694,688
694,689
694,690
694,691
694,692
694,693
694,695
694,696
694,697
694,698
694,699
694,700
694,701
694,702
694,703
694,704
694,706
694,959
694,960
694,961
694,962
694,963
694,964
694,965
694,966
694,967
694,976
694,984
694,985
694,986
695,26
695,36
695,37
695,38
695,39
695,227
695,229
695,230
695,231
695,232
695,233
695,234
695,235
695,236
695,237
695,238
695,239
695,240
695,241
695,243
695,244
695,404
695,673
695,675
695,677
695,679
695,680
695,681
695,682
695,683
695,684
695,685
695,686
695,687
695,688
695,689
695,690
695,691
695,692
695,693
695,694
695,696
695,697
695,698
695,699
695,700
695,701
695,702
695,703
695,704
695,705
695,706
695,707
695,959
695,960
695,962
695,963
695,964
695,965
695,966
695,967
695,984
695,985
695,986
695,987
695,988
696,26
696,37
696,38
696,39
696,230
696,231
696,232
696,233
696,234
696,235
696,236
696,237
696,238
696,239
696,240
696,241
696,242
696,243
696,244
696,673
696,680
696,681
696,682
696,683
696,684
696,685
696,686
696,687
696,688
696,689
696,690
696,691
696,692
696,693
696,694
696,695
696,697
696,698
696,699
696,700
696,701
696,702
696,703
696,704
696,705
696,706
696,707
696,708
696,710
696,964
696,965
696,984
696,985
696,988
697,26
697,37
697,38
697,39
697,231
697,232
697,233
697,234
697,235
697,236
697,237
697,238
697,239
697,240
697,241
697,242
697,243
697,244
697,245
697,246
697,680
697,681
697,683
697,684
697,685
697,687
697,688
697,689
697,690
697,691
697,692
697,693
697,694
697,695
697,696
697,698
697,699
697,700
697,701
697,702
697,703
697,704
697,705
697,706
697,707
697,708
697,709
697,710
697,711
697,965
697,984
697,985
697,988
697,989
698,26
698,36
698,37
698,38
698,39
698,41
698,230
698,231
698,232
698,233
698,234
698,235
698,236
698,237
698,238
698,239
698,240
698,241
698,242
698,243
698,244
698,245
698,246
698,404
698,680
698,681
698,682
698,683
698,684
698,685
698,686
698,687
698,688
698,689
698,690
698,691
698,692
698,693
698,694
698,695
698,696
698,697
698,699
698,700
698,701
698,702
698,703
698,704
698,705
698,706
698,707
698,708
698,710
698,960
698,964
698,965
698,966
698,967
698,984
698,985
698,986
698,987
698,988
698,989
698,990
699,26
699,37
699,38
699,39
699,40
699,41
699,230
699,231
699,232
699,233
699,234
699,235
699,236
699,237
699,238
699,239
699,240
699,241
699,242
699,243
699,244
699,245
699,246
699,681
699,683
699,685
699,687
699,688
699,689
699,690
699,691
699,692
699,693
699,694
699,695
699,696
699,697
699,698
699,700
699,701
699,702
699,703
699,704
699,705
699,706
699,707
699,708
699,709
699,710
699,711
699,964
699,965
699,967
699,984
699,985
699,986
699,987
699,988
699,989
699,990
699,991
700,26
700,37
700,38
700,39
700,230
700,231
700,232
700,233
700,234
700,235
700,236
700,237
700,238
700,239
700,240
700,241
700,242
700,243
700,244
700,677
700,680
700,681
700,682
700,683
700,684
700,685
700,686
700,687
700,688
700,689
700,690
700,691
700,692
700,693
700,694
700,695
700,696
700,697
700,698
700,699
700,701
700,702
700,703
700,704
700,705
700,706
700,707
700,708
700,710
700,964
700,965
700,984
700,985
700,988
701,26
701,37
701,38
701,39
701,231
701,232
701,233
701,234
701,235
701,236
701,237
701,238
701,239
701,240
701,241
701,242
701,243
701,244
701,245
701,246
701,681
701,683
701,684
701,685
701,687
701,688
701,689
701,690
701,691
701,692
701,693
701,694
701,695
701,696
701,697
701,698
701,699
701,700
701,702
701,703
701,704
701,705
701,706
701,707
701,708
701,709
701,710
701,711
701,965
701,984
701,985
701,988
701,989
702,26
702,36
702,37
702,38
702,39
702,41
702,230
702,231
702,232
702,233
702,234
702,235
702,236
702,237
702,238
702,239
702,240
702,241
702,242
702,243
702,244
702,245
702,246
702,404
702,680
702,681
702,682
702,683
702,684
702,685
702,686
702,687
702,688
702,689
702,690
702,691
702,692
702,693
702,694
702,695
702,696
702,697
702,698
702,699
702,700
702,701
702,703
702,704
702,705
702,706
702,707
702,708
702,710
702,960
702,964
702,965
702,966
702,967
702,984
702,985
702,986
702,987
702,988
702,989
702,990
703,26
703,37
703,38
703,39
703,40
703,41
703,231
703,232
703,233
703,234
703,235
703,236
703,237
703,238
703,239
703,240
703,241
703,242
703,243
703,244
703,245
703,246
703,681
703,683
703,685
703,687
703,688
703,689
703,690
703,691
703,692
703,693
703,694
703,695
703,696
703,697
703,698
703,699
703,700
703,701
703,702
703,704
703,705
703,706
703,707
703,708
703,709
703,710
703,711
703,964
703,965
703,967
703,984
703,985
703,986
703,987
703,988
703,989
703,990
703,991
704,26
704,37
704,38
704,39
704,40
704,41
704,232
704,233
704,234
704,235
704,236
704,237
704,238
704,239
704,240
704,241
704,242
704,243
704,244
704,245
704,246
704,247
704,688
704,689
704,690
704,691
704,692
704,693
704,694
704,695
704,696
704,697
704,698
704,699
704,700
704,701
704,702
704,703
704,705
704,706
704,707
704,708
704,709
704,710
704,711
704,712
704,714
704,984
704,985
704,988
704,989
705,26
705,38
705,39
705,40
705,41
705,234
705,235
705,236
705,237
705,238
705,239
705,240
705,241
705,242
705,243
705,244
705,245
705,246
705,247
705,249
705,689
705,691
705,693
705,695
705,696
705,697
705,698
705,699
705,700
705,701
705,702
705,703
705,704
705,706
705,707
705,708
705,709
705,710
705,711
705,712
705,713
705,714
705,715
705,985
705,988
705,989
706,26
706,37
706,38
706,39
706,40
706,41
706,232
706,233
706,234
706,235
706,236
706,237
706,238
706,239
706,240
706,241
706,242
706,243
706,244
706,245
706,246
706,247
706,249
706,688
706,689
706,690
706,691
706,692
706,693
706,694
706,695
706,696
706,697
706,698
706,699
706,700
706,701
706,702
706,703
706,704
706,705
706,707
706,708
706,709
706,710
706,711
706,712
706,714
706,965
706,984
706,985
706,986
706,987
706,988
706,989
706,990
706,991
707,37
707,38
707,39
707,40
707,41
707,233
707,234
707,235
707,236
707,237
707,238
707,239
707,240
707,241
707,242
707,243
707,244
707,245
707,246
707,247
707,249
707,689
707,691
707,693
707,695
707,696
707,697
707,698
707,699
707,700
707,701
707,702
707,703
707,704
707,705
707,706
707,708
707,709
707,710
707,711
707,712
707,713
707,714
707,715
707,984
707,985
707,987
707,988
707,989
707,990
707,991
708,38
708,39
708,40
708,41
708,234
708,235
708,236
708,237
708,238
708,239
708,240
708,241
708,242
708,243
708,244
708,245
708,246
708,247
708,248
708,249
708,696
708,697
708,698
708,699
708,700
708,701
708,702
708,703
708,704
708,705
708,706
708,707
708,709
708,710
708,711
708,712
708,713
708,714
708,715
708,716
708,718
708,988
708,989
709,38
709,39
709,40
709,41
709,236
709,237
709,238
709,239
709,240
709,241
709,242
709,243
709,244
709,245
709,246
709,247
709,248
709,249
709,250
709,697
709,699
709,701
709,703
709,704
709,705
709,706
709,707
709,708
709,710
709,711
709,712
709,713
709,714
709,715
709,716
709,717
709,718
709,719
709,724
709,725
709,726
709,989
710,38
710,39
710,40
710,41
710,234
710,235
710,236
710,237
710,238
710,239
710,240
710,241
710,242
710,243
710,244
710,245
710,246
710,247
710,248
710,249
710,250
710,696
710,697
710,698
710,699
710,700
710,701
710,702
710,703
710,704
710,705
710,706
710,707
710,708
710,709
710,711
710,712
710,713
710,714
710,715
710,716
710,718
710,724
710,726
710,985
710,988
710,989
710,990
710,991
711,38
711,39
711,40
711,41
711,42
711,235
711,236
711,237
711,238
711,239
711,240
711,241
711,242
711,243
711,244
711,245
711,246
711,247
711,248
711,249
711,250
711,697
711,699
711,701
711,703
711,704
711,705
711,706
711,707
711,708
711,709
711,710
711,712
711,713
711,714
711,715
711,716
711,717
711,718
711,719
711,724
711,725
711,726
711,727
711,988
711,989
711,991
712,38
712,39
712,40
712,41
712,42
712,236
712,237
712,238
712,239
712,240
712,241
712,242
712,243
712,244
712,245
712,246
712,247
712,248
712,249
712,250
712,704
712,705
712,706
712,707
712,708
712,709
712,710
712,711
712,713
712,714
712,715
712,716
712,717
712,718
712,719
712,720
712,722
712,724
712,725
712,726
712,727
712,728
713,39
713,40
713,41
713,42
713,236
713,238
713,239
713,240
713,241
713,242
713,243
713,244
713,245
713,246
713,247
713,248
713,249
713,250
713,705
713,707
713,708
713,709
713,710
713,711
713,712
713,714
713,715
713,716
713,717
713,718
713,719
713,720
713,721
713,722
713,723
713,724
713,725
713,726
713,727
713,728
713,729
713,730
714,38
714,39
714,40
714,41
714,42
714,236
714,237
714,238
714,239
714,240
714,241
714,242
714,243
714,244
714,245
714,246
714,247
714,248
714,249
714,250
714,704
714,705
714,706
714,707
714,708
714,709
714,710
714,711
714,712
714,713
714,715
714,716
714,717
714,718
714,719
714,720
714,722
714,724
714,725
714,726
714,727
714,728
714,730
714,989
715,38
715,39
715,40
715,41
715,42
715,236
715,237
715,238
715,239
715,240
715,241
715,242
715,243
715,244
715,245
715,246
715,247
715,248
715,249
715,250
715,705
715,707
715,708
715,709
715,710
715,711
715,712
715,713
715,714
715,716
715,717
715,718
715,719
715,720
715,721
715,722
715,723
715,724
715,725
715,726
715,727
715,728
715,729
715,730
715,731
715,734
715,740
716,39
716,40
716,41
716,42
716,236
716,239
716,240
716,241
716,242
716,243
716,244
716,245
716,246
716,247
716,248
716,249
716,250
716,708
716,709
716,710
716,711
716,712
716,713
716,714
716,715
716,717
716,718
716,719
716,720
716,721
716,722
716,723
716,724
716,725
716,726
716,727
716,728
716,729
716,730
716,731
716,732
716,734
716,740
717,39
717,40
717,41
717,42
717,43
717,236
717,240
717,241
717,242
717,243
717,244
717,245
717,246
717,247
717,248
717,249
717,250
717,709
717,711
717,712
717,713
717,714
717,715
717,716
717,718
717,719
717,720
717,721
717,722
717,723
717,724
717,725
717,726
717,727
717,728
717,729
717,730
717,731
717,732
717,733
717,734
717,735
717,740
717,741
717,742
718,38
718,39
718,40
718,41
718,42
718,43
718,236
718,239
718,240
718,241
718,242
718,243
718,244
718,245
718,246
718,247
718,248
718,249
718,250
718,708
718,709
718,710
718,711
718,712
718,713
718,714
718,715
718,716
718,717
718,719
718,720
718,721
718,722
718,723
718,724
718,725
718,726
718,727
718,728
718,729
718,730
718,731
718,732
718,734
718,735
718,740
718,742
719,39
719,40
719,41
719,42
719,43
719,236
719,239
719,240
719,241
719,242
719,243
719,244
719,245
719,246
719,247
719,248
719,249
719,250
719,709
719,711
719,712
719,713
719,714
719,715
719,716
719,717
719,718
719,720
719,721
719,722
719,723
719,724
719,725
719,726
719,727
719,728
719,729
719,730
719,731
719,732
719,733
719,734
719,735
719,740
719,741
719,742
719,743
720,39
720,40
720,42
720,43
720,241
720,242
720,243
720,244
720,245
720,246
720,247
720,248
720,249
720,250
720,712
720,713
720,714
720,715
720,716
720,717
720,718
720,719
720,721
720,722
720,723
720,724
720,725
720,726
720,727
720,728
720,729
720,730
720,731
720,732
720,733
720,734
720,735
720,736
720,738
720,740
720,741
720,742
720,743
720,744
721,39
721,40
721,42
721,43
721,241
721,242
721,245
721,246
721,247
721,248
721,249
721,250
721,713
721,715
721,716
721,717
721,718
721,719
721,720
721,722
721,723
721,724
721,725
721,726
721,727
721,728
721,729
721,730
721,731
721,732
721,733
721,734
721,735
721,736
721,737
721,738
721,739
721,740
721,741
721,742
721,743
721,744
721,745
721,746
722,39
722,40
722,41
722,42
722,43
722,241
722,242
722,243
722,244
722,245
722,246
722,247
722,248
722,249
722,250
722,712
722,713
722,714
722,715
722,716
722,717
722,718
722,719
722,720
722,721
722,723
722,724
722,725
722,726
722,727
722,728
722,729
722,730
722,731
722,732
722,733
722,734
722,735
722,736
722,738
722,739
722,740
722,741
722,742
722,743
722,744
722,746
723,39
723,40
723,41
723,42
723,43
723,241
723,242
723,243
723,244
723,245
723,246
723,247
723,248
723,249
723,250
723,713
723,715
723,716
723,717
723,718
723,719
723,720
723,721
723,722
723,724
723,725
723,726
723,727
723,728
723,729
723,730
723,731
723,732
723,733
723,734
723,735
723,736
723,737
723,738
723,739
723,740
723,741
723,742
723,743
723,744
723,745
723,746
723,747
724,38
724,39
724,40
724,41
724,42
724,236
724,239
724,240
724,241
724,242
724,243
724,244
724,245
724,246
724,247
724,248
724,249
724,250
724,709
724,710
724,711
724,712
724,713
724,714
724,715
724,716
724,717
724,718
724,719
724,720
724,721
724,722
724,723
724,725
724,726
724,727
724,728
724,729
724,730
724,731
724,734
724,740
724,742
725,38
725,39
725,40
725,41
725,42
725,43
725,236
725,239
725,240
725,241
725,242
725,243
725,244
725,245
725,246
725,247
725,248
725,249
725,250
725,709
725,711
725,712
725,713
725,714
725,715
725,716
725,717
725,718
725,719
725,720
725,721
725,722
725,723
725,724
725,726
725,727
725,728
725,729
725,730
725,731
725,732
725,733
725,734
725,735
725,740
725,741
725,742
725,743
725,744
726,38
726,39
726,40
726,41
726,42
726,43
726,236
726,239
726,240
726,241
726,242
726,243
726,244
726,245
726,246
726,247
726,248
726,249
726,250
726,709
726,710
726,711
726,712
726,713
726,714
726,715
726,716
726,717
726,718
726,719
726,720
726,721
726,722
726,723
726,724
726,725
726,727
726,728
726,729
726,730
726,731
726,734
726,740
726,741
726,742
726,743
727,38
727,39
727,40
727,41
727,42
727,43
727,239
727,240
727,241
727,242
727,243
727,244
727,245
727,246
727,247
727,248
727,249
727,250
727,711
727,712
727,713
727,714
727,715
727,716
727,717
727,718
727,719
727,720
727,721
727,722
727,723
727,724
727,725
727,726
727,728
727,729
727,730
727,731
727,732
727,734
727,735
727,740
727,741
727,742
727,743
728,39
728,40
728,41
728,42
728,43
728,241
728,242
728,243
728,244
728,245
728,246
728,247
728,248
728,249
728,250
728,712
728,713
728,714
728,715
728,716
728,717
728,718
728,719
728,720
728,721
728,722
728,723
728,724
728,725
728,726
728,727
728,729
728,730
728,731
728,732
728,733
728,734
728,735
728,736
728,738
728,740
728,741
728,742
728,743
728,744
728,746
729,39
729,40
729,41
729,42
729,43
729,241
729,242
729,243
729,244
729,245
729,246
729,247
729,248
729,249
729,250
729,713
729,715
729,716
729,717
729,718
729,719
729,720
729,721
729,722
729,723
729,724
729,725
729,726
729,727
729,728
729,730
729,731
729,732
729,733
729,734
729,735
729,736
729,737
729,738
729,739
729,740
729,741
729,742
729,743
729,744
729,745
729,746
729,747
730,39
730,40
730,41
730,42
730,43
730,241
730,242
730,243
730,244
730,245
730,246
730,247
730,248
730,249
730,250
730,713
730,714
730,715
730,716
730,717
730,718
730,719
730,720
730,721
730,722
730,723
730,724
730,725
730,726
730,727
730,728
730,729
730,731
730,732
730,733
730,734
730,735
730,738
730,740
730,741
730,742
730,743
730,744
730,746
731,39
731,40
731,41
731,42
731,43
731,242
731,243
731,244
731,245
731,246
731,247
731,248
731,249
731,250
731,715
731,716
731,717
731,718
731,719
731,720
731,721
731,722
731,723
731,724
731,725
731,726
731,727
731,728
731,729
731,730
731,732
731,733
731,734
731,735
731,736
731,738
731,739
731,740
731,741
731,742
731,743
731,744
731,745
731,746
731,747
732,39
732,40
732,42
732,43
732,242
732,245
732,246
732,247
732,248
732,249
732,250
732,716
732,717
732,718
732,719
732,720
732,721
732,722
732,723
732,725
732,727
732,728
732,729
732,730
732,731
732,733
732,734
732,735
732,736
732,737
732,738
732,739
732,740
732,741
732,742
732,743
732,744
732,745
732,746
732,747
732,748
732,750
732,754
733,39
733,40
733,42
733,43
733,242
733,247
733,248
733,249
733,250
733,717
733,719
733,720
733,721
733,722
733,723
733,725
733,728
733,729
733,730
733,731
733,732
733,734
733,735
733,736
733,737
733,738
733,739
733,740
733,741
733,742
733,743
733,744
733,745
733,746
733,747
733,748
733,749
733,750
733,751
733,754
733,755
733,756
734,39
734,40
734,42
734,43
734,242
734,245
734,246
734,247
734,248
734,249
734,250
734,715
734,716
734,717
734,718
734,719
734,720
734,721
734,722
734,723
734,724
734,725
734,726
734,727
734,728
734,729
734,730
734,731
734,732
734,733
734,735
734,736
734,737
734,738
734,739
734,740
734,741
734,742
734,743
734,744
734,745
734,746
734,747
734,748
734,750
734,754
734,756
735,39
735,40
735,42
735,43
735,242
735,245
735,246
735,247
735,248
735,249
735,250
735,717
735,718
735,719
735,720
735,721
735,722
735,723
735,725
735,727
735,728
735,729
735,730
735,731
735,732
735,733
735,734
735,736
735,737
735,738
735,739
735,740
735,741
735,742
735,743
735,744
735,745
735,746
735,747
735,748
735,749
735,750
735,751
735,754
735,755
735,756
735,757
736,39
736,40
736,42
736,43
736,247
736,248
736,249
736,250
736,720
736,721
736,722
736,723
736,728
736,729
736,731
736,732
736,733
736,734
736,735
736,737
736,738
736,739
736,740
736,741
736,742
736,743
736,744
736,745
736,746
736,747
736,748
736,749
736,750
736,751
736,752
736,754
736,755
736,756
736,757
736,758
737,40
737,42
737,43
737,247
737,248
737,250
737,721
737,723
737,729
737,732
737,733
737,734
737,735
737,736
737,738
737,739
737,740
737,741
737,742
737,743
737,744
737,745
737,746
737,747
737,748
737,749
737,750
737,751
737,752
737,753
737,754
737,755
737,756
737,757
737,758
737,759
737,760
738,39
738,40
738,42
738,43
738,247
738,248
738,249
738,250
738,720
738,721
738,722
738,723
738,728
738,729
738,730
738,731
738,732
738,733
738,734
738,735
738,736
738,737
738,739
738,740
738,741
738,742
738,743
738,744
738,745
738,746
738,747
738,748
738,749
738,750
738,751
738,752
738,754
738,755
738,756
738,757
738,758
738,760
739,40
739,42
739,43
739,247
739,248
739,249
739,250
739,721
739,722
739,723
739,729
739,731
739,732
739,733
739,734
739,735
739,736
739,737
739,738
739,740
739,741
739,742
739,743
739,744
739,745
739,746
739,747
739,748
739,749
739,750
739,751
739,752
739,753
739,754
739,755
739,756
739,757
739,758
739,759
739,760
739,761
740,39
740,40
740,41
740,42
740,43
740,242
740,245
740,246
740,247
740,248
740,249
740,250
740,715
740,716
740,717
740,718
740,719
740,720
740,721
740,722
740,723
740,724
740,725
740,726
740,727
740,728
740,729
740,730
740,731
740,732
740,733
740,734
740,735
740,736
740,737
740,738
740,739
740,741
740,742
740,743
740,744
740,745
740,746
740,747
740,748
740,750
740,754
740,756
741,39
741,40
741,42
741,43
741,242
741,245
741,246
741,247
741,248
741,249
741,250
741,717
741,719
741,720
741,721
741,722
741,723
741,725
741,726
741,727
741,728
741,729
741,730
741,731
741,732
741,733
741,734
741,735
741,736
741,737
741,738
741,739
741,740
741,742
741,743
741,744
741,745
741,746
741,747
741,748
741,749
741,750
741,751
741,754
741,755
741,756
741,757
742,39
742,40
742,41
742,42
742,43
742,242
742,245
742,246
742,247
742,248
742,249
742,250
742,717
742,718
742,719
742,720
742,721
742,722
742,723
742,724
742,725
742,726
742,727
742,728
742,729
742,730
742,731
742,732
742,733
742,734
742,735
742,736
742,737
742,738
742,739
742,740
742,741
742,743
742,744
742,745
742,746
742,747
742,750
742,754
742,756
743,39
743,40
743,41
743,42
743,43
743,245
743,246
743,247
743,248
743,249
743,250
743,719
743,720
743,721
743,722
743,723
743,725
743,726
743,727
743,728
743,729
743,730
743,731
743,732
743,733
743,734
743,735
743,736
743,737
743,738
743,739
743,740
743,741
743,742
743,744
743,745
743,746
743,747
743,748
743,750
743,751
743,754
743,755
743,756
743,757
744,39
744,40
744,42
744,43
744,247
744,248
744,249
744,250
744,720
744,721
744,722
744,723
744,728
744,729
744,730
744,731
744,732
744,733
744,734
744,735
744,736
744,737
744,738
744,739
744,740
744,741
744,742
744,743
744,745
744,746
744,747
744,748
744,749
744,750
744,751
744,752
744,754
744,755
744,756
744,757
744,758
744,759
744,760
745,39
745,40
745,42
745,43
745,247
745,248
745,249
745,250
745,721
745,723
745,729
745,731
745,732
745,733
745,734
745,735
745,736
745,737
745,738
745,739
745,740
745,741
745,742
745,743
745,744
745,746
745,747
745,748
745,749
745,750
745,751
745,752
745,753
745,754
745,755
745,756
745,757
745,758
745,759
745,760
745,761
746,39
746,40
746,42
746,43
746,247
746,248
746,249
746,250
746,721
746,722
746,723
746,728
746,729
746,730
746,731
746,732
746,733
746,734
746,735
746,736
746,737
746,738
746,739
746,740
746,741
746,742
746,743
746,744
746,745
746,747
746,748
746,749
746,750
746,751
746,752
746,754
746,755
746,756
746,757
746,758
746,760
747,39
747,40
747,42
747,43
747,248
747,249
747,250
747,723
747,729
747,731
747,732
747,733
747,734
747,735
747,736
747,737
747,738
747,739
747,740
747,741
747,742
747,743
747,744
747,745
747,746
747,748
747,749
747,750
747,751
747,752
747,753
747,754
747,755
747,756
747,757
747,758
747,759
747,760
747,761
748,40
748,42
748,43
748,248
748,250
748,732
748,733
748,734
748,735
748,736
748,737
748,738
748,739
748,740
748,741
748,743
748,744
748,745
748,746
748,747
748,749
748,750
748,751
748,752
748,753
748,754
748,755
748,756
748,757
748,758
748,759
748,760
748,761
749,40
749,42
749,43
749,248
749,733
749,735
749,736
749,737
749,738
749,739
749,741
749,744
749,745
749,746
749,747
749,748
749,750
749,751
749,752
749,753
749,754
749,755
749,756
749,757
749,758
749,759
749,760
749,761
750,40
750,42
750,43
750,248
750,250
750,732
750,733
750,734
750,735
750,736
750,737
750,738
750,739
750,740
750,741
750,742
750,743
750,744
750,745
750,746
750,747
750,748
750,749
750,751
750,752
750,753
750,754
750,755
750,756
750,757
750,758
750,759
750,760
750,761
751,40
751,42
751,43
751,248
751,250
751,733
751,735
751,736
751,737
751,738
751,739
751,741
751,743
751,744
751,745
751,746
751,747
751,748
751,749
751,750
751,752
751,753
751,754
751,755
751,756
751,757
751,758
751,759
751,760
751,761
752,40
752,42
752,43
752,736
752,737
752,738
752,739
752,744
752,745
752,746
752,747
752,748
752,749
752,750
752,751
752,753
752,754
752,755
752,756
752,757
752,758
752,759
752,760
752,761
753,42
753,43
753,737
753,739
753,745
753,747
753,748
753,749
753,750
753,751
753,752
753,754
753,755
753,756
753,757
753,758
753,759
753,760
753,761
754,40
754,42
754,43
754,248
754,250
754,732
754,733
754,734
754,735
754,736
754,737
754,738
754,739
754,740
754,741
754,742
754,743
754,744
754,745
754,746
754,747
754,748
754,749
754,750
754,751
754,752
754,753
754,755
754,756
754,757
754,758
754,759
754,760
754,761
755,40
755,42
755,43
755,248
755,250
755,733
755,735
755,736
755,737
755,738
755,739
755,741
755,743
755,744
755,745
755,746
755,747
755,748
755,749
755,750
755,751
755,752
755,753
755,754
755,756
755,757
755,758
755,759
755,760
755,761
756,40
756,42
756,43
756,248
756,250
756,733
756,734
756,735
756,736
756,737
756,738
756,739
756,740
756,741
756,742
756,743
756,744
756,745
756,746
756,747
756,748
756,749
756,750
756,751
756,752
756,753
756,754
756,755
756,757
756,758
756,759
756,760
756,761
757,40
757,42
757,43
757,250
757,735
757,736
757,737
757,738
757,739
757,741
757,743
757,744
757,745
757,746
757,747
757,748
757,749
757,750
757,751
757,752
757,753
757,754
757,755
757,756
757,758
757,759
757,760
757,761
758,40
758,42
758,43
758,736
758,737
758,738
758,739
758,744
758,745
758,746
758,747
758,748
758,749
758,750
758,751
758,752
758,753
758,754
758,755
758,756
758,757
758,759
758,760
758,761
759,42
759,43
759,737
759,739
759,745
759,747
759,748
759,749
759,750
759,751
759,752
759,753
759,754
759,755
759,756
759,757
759,758
759,760
759,761
760,40
760,42
760,43
760,737
760,738
760,739
760,744
760,745
760,746
760,747
760,748
760,749
760,750
760,751
760,752
760,753
760,754
760,755
760,756
760,757
760,758
760,759
760,761
761,40
761,42
761,43
761,739
761,745
761,747
761,748
761,749
761,750
761,751
761,752
761,753
761,754
761,755
761,756
761,757
761,758
761,759
761,760
762,5
762,6
762,8
762,763
762,764
762,765
762,766
762,767
762,768
762,769
762,770
762,771
762,772
762,773
762,774
762,775
762,776
762,778
762,784
763,5
763,6
763,8
763,762
763,764
763,765
763,766
763,767
763,768
763,769
763,770
763,771
763,772
763,773
763,774
763,775
763,776
763,777
763,778
763,779
763,784
763,785
763,786
764,5
764,6
764,762
764,763
764,765
764,766
764,767
764,768
764,769
764,770
764,771
764,772
764,773
764,774
764,775
764,776
764,778
764,784
764,786
765,5
765,6
765,8
765,762
765,763
765,764
765,766
765,767
765,768
765,769
765,770
765,771
765,772
765,773
765,774
765,775
765,776
765,777
765,778
765,779
765,784
765,785
765,786
765,787
766,5
766,6
766,8
766,253
766,762
766,763
766,764
766,765
766,767
766,768
766,769
766,770
766,771
766,772
766,773
766,774
766,775
766,776
766,777
766,778
766,779
766,780
766,782
766,784
766,785
766,786
766,787
766,788
767,5
767,6
767,8
767,253
767,255
767,762
767,763
767,764
767,765
767,766
767,768
767,769
767,770
767,771
767,772
767,773
767,774
767,775
767,776
767,777
767,778
767,779
767,780
767,781
767,782
767,783
767,784
767,785
767,786
767,787
767,788
767,789
767,790
768,5
768,6
768,8
768,253
768,255
768,762
768,763
768,764
768,765
768,766
768,767
768,769
768,770
768,771
768,772
768,773
768,774
768,775
768,776
768,777
768,778
768,779
768,780
768,782
768,784
768,785
768,786
768,787
768,788
768,790
769,5
769,6
769,8
769,253
769,255
769,762
769,763
769,764
769,765
769,766
769,767
769,768
769,770
769,771
769,772
769,773
769,774
769,775
769,776
769,777
769,778
769,779
769,780
769,781
769,782
769,783
769,784
769,785
769,786
769,787
769,788
769,789
769,790
769,791
770,5
770,6
770,762
770,763
770,764
770,765
770,766
770,767
770,768
770,769
770,771
770,772
770,773
770,774
770,775
770,776
770,778
770,784
770,786
771,5
771,6
771,8
771,762
771,763
771,764
771,765
771,766
771,767
771,768
771,769
771,770
771,772
771,773
771,774
771,775
771,776
771,777
771,778
771,779
771,784
771,785
771,786
771,787
772,5
772,6
772,8
772,253
772,255
772,762
772,763
772,764
772,765
772,766
772,767
772,768
772,769
772,770
772,771
772,773
772,774
772,775
772,776
772,777
772,778
772,779
772,780
772,782
772,784
772,785
772,786
772,787
772,788
772,790
773,5
773,6
773,8
773,253
773,255
773,762
773,763
773,764
773,765
773,766
773,767
773,768
773,769
773,770
773,771
773,772
773,774
773,775
773,776
773,777
773,778
773,779
773,780
773,781
773,782
773,783
773,784
773,785
773,786
773,787
773,788
773,789
773,790
773,791
774,5
774,6
774,8
774,255
774,762
774,763
774,764
774,765
774,766
774,767
774,768
774,769
774,770
774,771
774,772
774,773
774,775
774,776
774,777
774,778
774,779
774,782
774,784
774,785
774,786
774,787
774,788
774,790
775,5
775,6
775,8
775,253
775,255
775,762
775,763
775,764
775,765
775,766
775,767
775,768
775,769
775,770
775,771
775,772
775,773
775,774
775,776
775,777
775,778
775,779
775,780
775,782
775,783
775,784
775,785
775,786
775,787
775,788
775,789
775,790
775,791
776,5
776,6
776,8
776,9
776,253
776,254
776,255
776,762
776,763
776,764
776,765
776,766
776,767
776,768
776,769
776,770
776,771
776,772
776,773
776,774
776,775
776,777
776,778
776,779
776,780
776,781
776,782
776,783
776,784
776,785
776,786
776,787
776,788
776,789
776,790
776,791
776,792
776,794
776,800
777,5
777,6
777,8
777,9
777,253
777,254
777,255
777,256
777,763
777,765
777,766
777,767
777,768
777,769
777,771
777,772
777,773
777,774
777,775
777,776
777,778
777,779
777,780
777,781
777,782
777,783
777,784
777,785
777,786
777,787
777,788
777,789
777,790
777,791
777,792
777,793
777,794
777,795
777,800
777,801
777,802
778,5
778,6
778,8
778,9
778,253
778,254
778,255
778,256
778,762
778,763
778,764
778,765
778,766
778,767
778,768
778,769
778,770
778,771
778,772
778,773
778,774
778,775
778,776
778,777
778,779
778,780
778,781
778,782
778,783
778,784
778,785
778,786
778,787
778,788
778,789
778,790
778,791
778,792
778,794
778,800
778,802
779,5
779,6
779,8
779,9
779,253
779,254
779,255
779,256
779,763
779,764
779,765
779,766
779,767
779,768
779,769
779,771
779,772
779,773
779,774
779,775
779,776
779,777
779,778
779,780
779,781
779,782
779,783
779,784
779,785
779,786
779,787
779,788
779,789
779,790
779,791
779,792
779,793
779,794
779,795
779,800
779,801
779,802
779,803
780,5
780,6
780,7
780,8
780,9
780,253
780,254
780,255
780,256
780,257
780,258
780,766
780,767
780,768
780,769
780,772
780,773
780,775
780,776
780,777
780,778
780,779
780,781
780,782
780,783
780,784
780,785
780,786
780,787
780,788
780,789
780,790
780,791
780,792
780,793
780,794
780,795
780,796
780,797
780,798
780,800
780,801
780,802
780,803
780,804
781,5
781,6
781,7
781,8
781,9
781,253
781,254
781,255
781,256
781,257
781,258
781,261
781,767
781,769
781,773
781,776
781,777
781,778
781,779
781,780
781,782
781,783
781,784
781,785
781,786
781,787
781,788
781,789
781,790
781,791
781,792
781,793
781,794
781,795
781,796
781,797
781,798
781,799
781,800
781,801
781,802
781,803
781,804
781,805
781,806
782,5
782,6
782,8
782,9
782,253
782,254
782,255
782,256
782,257
782,258
782,261
782,766
782,767
782,768
782,769
782,772
782,773
782,774
782,775
782,776
782,777
782,778
782,779
782,780
782,781
782,783
782,784
782,785
782,786
782,787
782,788
782,789
782,790
782,791
782,792
782,793
782,794
782,795
782,796
782,797
782,798
782,800
782,801
782,802
782,803
782,804
782,806
783,5
783,6
783,7
783,8
783,9
783,253
783,254
783,255
783,256
783,257
783,258
783,261
783,767
783,769
783,773
783,775
783,776
783,777
783,778
783,779
783,780
783,781
783,782
783,784
783,785
783,786
783,787
783,788
783,789
783,790
783,791
783,792
783,793
783,794
783,795
783,796
783,797
783,798
783,799
783,800
783,801
783,802
783,803
783,804
783,805
783,806
783,807
783,808
784,5
784,6
784,8
784,253
784,254
784,255
784,256
784,762
784,763
784,764
784,765
784,766
784,767
784,768
784,769
784,770
784,771
784,772
784,773
784,774
784,775
784,776
784,777
784,778
784,779
784,780
784,781
784,782
784,783
784,785
784,786
784,787
784,788
784,789
784,790
784,791
784,792
784,794
784,800
784,801
784,802
785,5
785,6
785,8
785,9
785,253
785,254
785,255
785,256
785,763
785,765
785,766
785,767
785,768
785,769
785,771
785,772
785,773
785,774
785,775
785,776
785,777
785,778
785,779
785,780
785,781
785,782
785,783
785,784
785,786
785,787
785,788
785,789
785,790
785,791
785,792
785,793
785,794
785,795
785,800
785,801
785,802
785,803
786,5
786,6
786,8
786,253
786,255
786,256
786,763
786,764
786,765
786,766
786,767
786,768
786,769
786,770
786,771
786,772
786,773
786,774
786,775
786,776
786,777
786,778
786,779
786,780
786,781
786,782
786,783
786,784
786,785
786,787
786,788
786,789
786,790
786,791
786,794
786,800
786,802
787,5
787,6
787,8
787,9
787,253
787,254
787,255
787,256
787,765
787,766
787,767
787,768
787,769
787,771
787,772
787,773
787,774
787,775
787,776
787,777
787,778
787,779
787,780
787,781
787,782
787,783
787,784
787,785
787,786
787,788
787,789
787,790
787,791
787,792
787,794
787,795
787,800
787,801
787,802
787,803
788,5
788,6
788,8
788,9
788,253
788,254
788,255
788,256
788,257
788,258
788,261
788,766
788,767
788,768
788,769
788,772
788,773
788,774
788,775
788,776
788,777
788,778
788,779
788,780
788,781
788,782
788,783
788,784
788,785
788,786
788,787
788,789
788,790
788,791
788,792
788,793
788,794
788,795
788,796
788,798
788,800
788,801
788,802
788,803
788,804
788,805
788,806
789,5
789,6
789,8
789,9
789,253
789,254
789,255
789,256
789,257
789,258
789,261
789,767
789,769
789,773
789,775
789,776
789,777
789,778
789,779
789,780
789,781
789,782
789,783
789,784
789,785
789,786
789,787
789,788
789,790
789,791
789,792
789,793
789,794
789,795
789,796
789,797
789,798
789,799
789,800
789,801
789,802
789,803
789,804
789,805
789,806
789,807
789,808
790,5
790,6
790,8
790,9
790,253
790,254
790,255
790,256
790,261
790,767
790,768
790,769
790,772
790,773
790,774
790,775
790,776
790,777
790,778
790,779
790,780
790,781
790,782
790,783
790,784
790,785
790,786
790,787
790,788
790,789
790,791
790,792
790,793
790,794
790,795
790,798
790,800
790,801
790,802
790,803
790,804
790,806
791,5
791,6
791,8
791,9
791,253
791,254
791,255
791,256
791,257
791,258
791,261
791,769
791,773
791,775
791,776
791,777
791,778
791,779
791,780
791,781
791,782
791,783
791,784
791,785
791,786
791,787
791,788
791,789
791,790
791,792
791,793
791,794
791,795
791,796
791,798
791,800
791,801
791,802
791,803
791,804
791,805
791,806
791,807
792,5
792,6
792,7
792,8
792,9
792,253
792,254
792,255
792,256
792,257
792,258
792,259
792,260
792,261
792,776
792,777
792,778
792,779
792,780
792,781
792,782
792,783
792,784
792,785
792,787
792,788
792,789
792,790
792,791
792,793
792,794
792,795
792,796
792,797
792,798
792,799
792,800
792,801
792,802
792,803
792,804
792,805
792,806
792,807
792,808
793,5
793,6
793,7
793,8
793,9
793,253
793,254
793,255
793,256
793,257
793,258
793,259
793,260
793,261
793,262
793,777
793,779
793,780
793,781
793,782
793,783
793,785
793,788
793,789
793,790
793,791
793,792
793,794
793,795
793,796
793,797
793,798
793,799
793,800
793,801
793,802
793,803
793,804
793,805
793,806
793,807
793,808
793,809
793,810
794,5
794,6
794,7
794,8
794,9
794,253
794,254
794,255
794,256
794,257
794,258
794,259
794,260
794,261
794,262
794,776
794,777
794,778
794,779
794,780
794,781
794,782
794,783
794,784
794,785
794,786
794,787
794,788
794,789
794,790
794,791
794,792
794,793
794,795
794,796
794,797
794,798
794,799
794,800
794,801
794,802
794,803
794,804
794,805
794,806
794,807
794,808
794,810
795,5
795,6
795,7
795,8
795,9
795,253
795,254
795,255
795,256
795,257
795,258
795,259
795,260
795,261
795,262
795,777
795,779
795,780
795,781
795,782
795,783
795,785
795,787
795,788
795,789
795,790
795,791
795,792
795,793
795,794
795,796
795,797
795,798
795,799
795,800
795,801
795,802
795,803
795,804
795,805
795,806
795,807
795,808
795,809
795,810
795,811
796,5
796,6
796,7
796,8
796,9
796,10
796,253
796,254
796,255
796,256
796,257
796,258
796,259
796,260
796,261
796,262
796,263
796,264
796,780
796,781
796,782
796,783
796,788
796,789
796,791
796,792
796,793
796,794
796,795
796,797
796,798
796,799
796,800
796,801
796,802
796,803
796,804
796,805
796,806
796,807
796,808
796,809
796,810
796,811
796,812
797,5
797,6
797,7
797,8
797,9
797,10
797,253
797,254
797,255
797,256
797,257
797,258
797,259
797,260
797,261
797,262
797,263
797,264
797,267
797,780
797,781
797,782
797,783
797,789
797,792
797,793
797,794
797,795
797,796
797,798
797,799
797,800
797,801
797,802
797,803
797,804
797,805
797,806
797,807
797,808
797,809
797,810
797,811
797,812
797,813
797,814
798,5
798,6
798,7
798,8
798,9
798,10
798,253
798,254
798,255
798,256
798,257
798,258
798,259
798,260
798,261
798,262
798,263
798,264
798,267
798,779
798,780
798,781
798,782
798,783
798,788
798,789
798,790
798,791
798,792
798,793
798,794
798,795
798,796
798,797
798,799
798,800
798,801
798,802
798,803
798,804
798,805
798,806
798,807
798,808
798,809
798,810
798,811
798,812
798,814
799,6
799,7
799,8
799,9
799,10
799,253
799,254
799,255
799,256
799,257
799,258
799,259
799,260
799,261
799,262
799,263
799,264
799,267
799,781
799,783
799,789
799,792
799,793
799,794
799,795
799,796
799,797
799,798
799,800
799,801
799,802
799,803
799,804
799,805
799,806
799,807
799,808
799,809
799,810
799,811
799,812
799,813
799,814
800,5
800,6
800,7
800,8
800,9
800,253
800,254
800,255
800,256
800,257
800,258
800,259
800,260
800,261
800,262
800,776
800,777
800,778
800,779
800,780
800,781
800,782
800,783
800,784
800,785
800,786
800,787
800,788
800,789
800,790
800,791
800,792
800,793
800,794
800,795
800,796
800,797
800,798
800,799
800,801
800,802
800,803
800,804
800,805
800,806
800,807
800,808
800,810
801,5
801,6
801,7
801,8
801,9
801,253
801,254
801,255
801,256
801,257
801,258
801,259
801,260
801,261
801,262
801,777
801,779
801,780
801,781
801,782
801,783
801,784
801,785
801,787
801,788
801,789
801,790
801,791
801,792
801,793
801,794
801,795
801,796
801,797
801,798
801,799
801,800
801,802
801,803
801,804
801,805
801,806
801,807
801,808
801,809
801,810
801,811
802,5
802,6
802,8
802,9
802,253
802,254
802,255
802,256
802,257
802,258
802,261
802,262
802,777
802,778
802,779
802,780
802,781
802,782
802,783
802,784
802,785
802,786
802,787
802,788
802,789
802,790
802,791
802,792
802,793
802,794
802,795
802,796
802,797
802,798
802,799
802,800
802,801
802,803
802,804
802,805
802,806
802,807
802,808
802,810
803,5
803,6
803,8
803,9
803,253
803,254
803,255
803,256
803,257
803,258
803,259
803,260
803,261
803,262
803,779
803,780
803,781
803,782
803,783
803,785
803,787
803,788
803,789
803,790
803,791
803,792
803,793
803,794
803,795
803,796
803,797
803,798
803,799
803,800
803,801
803,802
803,804
803,805
803,806
803,807
803,808
803,809
803,810
803,811
804,5
804,6
804,7
804,8
804,9
804,253
804,254
804,255
804,256
804,257
804,258
804,259
804,260
804,261
804,262
804,263
804,264
804,267
804,780
804,781
804,782
804,783
804,788
804,789
804,790
804,791
804,792
804,793
804,794
804,795
804,796
804,797
804,798
804,799
804,800
804,801
804,802
804,803
804,805
804,806
804,807
804,808
804,809
804,810
804,811
804,812
804,814
805,5
805,6
805,7
805,8
805,9
805,10
805,253
805,254
805,255
805,256
805,257
805,258
805,259
805,260
805,261
805,262
805,263
805,264
805,267
805,781
805,783
805,788
805,789
805,791
805,792
805,793
805,794
805,795
805,796
805,797
805,798
805,799
805,800
805,801
805,802
805,803
805,804
805,806
805,807
805,808
805,809
805,810
805,811
805,812
805,813
805,814
805,815
806,5
806,6
806,7
806,8
806,9
806,253
806,254
806,255
806,256
806,257
806,258
806,259
806,260
806,261
806,262
806,264
806,267
806,781
806,782
806,783
806,788
806,789
806,790
806,791
806,792
806,793
806,794
806,795
806,796
806,797
806,798
806,799
806,800
806,801
806,802
806,803
806,804
806,805
806,807
806,808
806,809
806,810
806,811
806,812
806,814
807,6
807,7
807,8
807,9
807,253
807,254
807,255
807,256
807,257
807,258
807,259
807,260
807,261
807,262
807,263
807,264
807,267
807,783
807,789
807,791
807,792
807,793
807,794
807,795
807,796
807,797
807,798
807,799
807,800
807,801
807,802
807,803
807,804
807,805
807,806
807,808
807,809
807,810
807,811
807,812
807,813
807,814
807,815
808,6
808,7
808,8
808,9
808,10
808,253
808,254
808,255
808,256
808,257
808,258
808,259
808,260
808,261
808,262
808,263
808,264
808,265
808,266
808,267
808,783
808,789
808,792
808,793
808,794
808,795
808,796
808,797
808,798
808,799
808,800
808,801
808,802
808,803
808,804
808,805
808,806
808,807
808,809
808,810
808,811
808,812
808,813
808,814
808,815
808,816
808,818
809,6
809,7
809,8
809,9
809,10
809,253
809,254
809,255
809,256
809,257
809,258
809,259
809,260
809,261
809,262
809,263
809,264
809,265
809,266
809,267
809,473
809,793
809,795
809,796
809,797
809,798
809,799
809,801
809,803
809,804
809,805
809,806
809,807
809,808
809,810
809,811
809,812
809,813
809,814
809,815
809,816
809,817
809,818
809,819
810,6
810,7
810,8
810,9
810,253
810,254
810,255
810,256
810,257
810,258
810,259
810,260
810,261
810,262
810,263
810,264
810,266
810,267
810,793
810,794
810,795
810,796
810,797
810,798
810,799
810,800
810,801
810,802
810,803
810,804
810,805
810,806
810,807
810,808
810,809
810,811
810,812
810,813
810,814
810,815
810,816
810,818
811,6
811,7
811,8
811,9
811,10
811,253
811,254
811,255
811,256
811,257
811,258
811,259
811,260
811,261
811,262
811,263
811,264
811,265
811,266
811,267
811,795
811,796
811,797
811,798
811,799
811,801
811,803
811,804
811,805
811,806
811,807
811,808
811,809
811,810
811,812
811,813
811,814
811,815
811,816
811,817
811,818
811,819
812,6
812,7
812,8
812,9
812,10
812,253
812,254
812,255
812,256
812,257
812,258
812,259
812,260
812,261
812,262
812,263
812,264
812,265
812,266
812,267
812,269
812,471
812,473
812,474
812,796
812,797
812,798
812,799
812,804
812,805
812,806
812,807
812,808
812,809
812,810
812,811
812,813
812,814
812,815
812,816
812,817
812,818
812,819
812,820
812,822
812,824
812,826
813,7
813,8
813,9
813,10
813,253
813,254
813,255
813,256
813,257
813,258
813,259
813,260
813,261
813,262
813,263
813,264
813,265
813,266
813,267
813,268
813,269
813,471
813,472
813,473
813,474
813,477
813,797
813,799
813,805
813,807
813,808
813,809
813,810
813,811
813,812
813,814
813,815
813,816
813,817
813,818
813,819
813,820
813,821
813,822
813,823
813,824
813,825
813,826
813,827
814,7
814,8
814,9
814,10
814,253
814,254
814,255
814,256
814,257
814,258
814,259
814,260
814,261
814,262
814,263
814,264
814,265
814,266
814,267
814,473
814,797
814,798
814,799
814,804
814,805
814,806
814,807
814,808
814,809
814,810
814,811
814,812
814,813
814,815
814,816
814,817
814,818
814,819
814,820
814,822
814,824
814,826
815,7
815,8
815,9
815,10
815,254
815,255
815,256
815,257
815,258
815,259
815,260
815,261
815,262
815,263
815,264
815,265
815,266
815,267
815,268
815,269
815,473
815,474
815,805
815,807
815,808
815,809
815,810
815,811
815,812
815,813
815,814
815,816
815,817
815,818
815,819
815,820
815,821
815,822
815,823
815,824
815,825
815,826
815,827
816,7
816,8
816,9
816,10
816,11
816,254
816,256
816,257
816,258
816,259
816,260
816,261
816,262
816,263
816,264
816,265
816,266
816,267
816,268
816,269
816,271
816,471
816,472
816,473
816,474
816,475
816,477
816,478
816,808
816,809
816,810
816,811
816,812
816,813
816,814
816,815
816,817
816,818
816,819
816,820
816,821
816,822
816,823
816,824
816,825
816,826
816,827
816,828
816,830
816,832
816,834
817,7
817,8
817,9
817,10
817,11
817,28
817,254
817,256
817,257
817,258
817,259
817,260
817,261
817,262
817,263
817,264
817,265
817,266
817,267
817,268
817,269
817,270
817,271
817,471
817,472
817,473
817,474
817,475
817,476
817,477
817,478
817,497
817,809
817,811
817,812
817,813
817,814
817,815
817,816
817,818
817,819
817,820
817,821
817,822
817,823
817,824
817,825
817,826
817,827
817,828
817,829
817,830
817,831
817,832
817,833
817,834
817,835
818,7
818,8
818,9
818,10
818,28
818,254
818,256
818,257
818,258
818,259
818,260
818,261
818,262
818,263
818,264
818,265
818,266
818,267
818,268
818,269
818,473
818,474
818,477
818,808
818,809
818,810
818,811
818,812
818,813
818,814
818,815
818,816
818,817
818,819
818,820
818,821
818,822
818,823
818,824
818,825
818,826
818,827
818,828
818,830
818,832
818,834
819,7
819,8
819,9
819,10
819,11
819,28
819,256
819,257
819,258
819,259
819,260
819,261
819,262
819,263
819,264
819,265
819,266
819,267
819,268
819,269
819,270
819,271
819,473
819,474
819,477
819,478
819,809
819,811
819,812
819,813
819,814
819,815
819,816
819,817
819,818
819,820
819,821
819,822
819,823
819,824
819,825
819,826
819,827
819,828
819,829
819,830
819,831
819,832
819,833
819,834
819,835
820,7
820,8
820,9
820,10
820,11
820,28
820,257
820,258
820,259
820,260
820,261
820,262
820,263
820,264
820,265
820,266
820,267
820,268
820,269
820,270
820,271
820,272
820,273
820,471
820,472
820,473
820,474
820,475
820,476
820,477
820,478
820,495
820,497
820,498
820,812
820,813
820,814
820,815
820,816
820,817
820,818
820,819
820,821
820,822
820,823
820,824
820,825
820,826
820,827
820,828
820,829
820,830
820,831
820,832
820,833
820,834
820,835
820,836
820,838
820,840
820,842
821,7
821,9
821,10
821,11
821,12
821,28
821,52
821,257
821,258
821,259
821,260
821,261
821,262
821,263
821,264
821,265
821,266
821,267
821,268
821,269
821,270
821,271
821,272
821,273
821,472
821,473
821,474
821,475
821,476
821,477
821,478
821,495
821,496
821,497
821,498
821,502
821,813
821,815
821,816
821,817
821,818
821,819
821,820
821,822
821,823
821,824
821,825
821,826
821,827
821,828
821,829
821,830
821,831
821,832
821,833
821,834
821,835
821,836
821,837
821,838
821,839
821,840
821,841
821,842
821,843
822,9
822,10
822,11
822,28
822,257
822,258
822,259
822,260
822,261
822,262
822,263
822,264
822,265
822,266
822,267
822,268
822,269
822,270
822,271
822,273
822,473
822,474
822,477
822,478
822,497
822,812
822,813
822,814
822,815
822,816
822,817
822,818
822,819
822,820
822,821
822,823
822,824
822,825
822,826
822,827
822,828
822,829
822,830
822,831
822,832
822,833
822,834
822,835
822,836
822,838
822,839
822,840
822,842
822,843
823,9
823,10
823,11
823,28
823,259
823,260
823,261
823,262
823,263
823,264
823,265
823,266
823,267
823,268
823,269
823,270
823,271
823,272
823,273
823,474
823,477
823,478
823,497
823,498
823,813
823,815
823,816
823,817
823,818
823,819
823,820
823,821
823,822
823,824
823,825
823,826
823,827
823,828
823,829
823,830
823,831
823,832
823,833
823,834
823,835
823,836
823,837
823,838
823,839
823,840
823,841
823,842
823,843
823,846
824,7
824,8
824,9
824,10
824,11
824,28
824,257
824,258
824,259
824,260
824,261
824,262
824,263
824,264
824,265
824,266
824,267
824,268
824,269
824,270
824,271
824,273
824,471
824,472
824,473
824,474
824,475
824,476
824,477
824,478
824,495
824,497
824,498
824,812
824,813
824,814
824,815
824,816
824,817
824,818
824,819
824,820
824,821
824,822
824,823
824,825
824,826
824,827
824,828
824,829
824,830
824,831
824,832
824,833
824,834
824,835
824,836
824,838
824,840
824,842
825,7
825,9
825,10
825,11
825,12
825,28
825,52
825,257
825,258
825,259
825,260
825,261
825,262
825,263
825,264
825,265
825,266
825,267
825,268
825,269
825,270
825,271
825,272
825,273
825,472
825,473
825,474
825,475
825,476
825,477
825,478
825,495
825,496
825,497
825,498
825,502
825,813
825,815
825,816
825,817
825,818
825,819
825,820
825,821
825,822
825,823
825,824
825,826
825,827
825,828
825,829
825,830
825,831
825,832
825,833
825,834
825,835
825,836
825,837
825,838
825,839
825,840
825,841
825,842
825,843
826,9
826,10
826,11
826,28
826,257
826,258
826,259
826,260
826,261
826,262
826,263
826,264
826,265
826,266
826,267
826,268
826,269
826,270
826,271
826,273
826,473
826,474
826,477
826,478
826,497
826,812
826,813
826,814
826,815
826,816
826,817
826,818
826,819
826,820
826,821
826,822
826,823
826,824
826,825
826,827
826,828
826,829
826,830
826,831
826,832
826,833
826,834
826,835
826,836
826,838
826,840
826,842
826,843
827,9
827,10
827,11
827,28
827,259
827,260
827,261
827,262
827,263
827,264
827,265
827,266
827,267
827,268
827,269
827,270
827,271
827,272
827,273
827,474
827,477
827,478
827,497
827,498
827,813
827,815
827,816
827,817
827,818
827,819
827,820
827,821
827,822
827,823
827,824
827,825
827,826
827,828
827,829
827,830
827,831
827,832
827,833
827,834
827,835
827,836
827,837
827,838
827,839
827,840
827,841
827,842
827,843
827,850
828,9
828,10
828,11
828,12
828,28
828,52
828,259
828,260
828,262
828,263
828,264
828,265
828,266
828,267
828,268
828,269
828,270
828,271
828,272
828,273
828,274
828,275
828,276
828,474
828,475
828,476
828,477
828,478
828,495
828,496
828,497
828,498
828,499
828,500
828,502
828,503
828,816
828,817
828,818
828,819
828,820
828,821
828,822
828,823
828,824
828,825
828,826
828,827
828,829
828,830
828,831
828,832
828,833
828,834
828,835
828,836
828,837
828,838
828,839
828,840
828,841
828,842
828,843
828,844
828,846
828,848
828,850
829,9
829,10
829,11
829,12
829,28
829,52
829,53
829,259
829,262
829,263
829,264
829,265
829,266
829,267
829,268
829,269
829,270
829,271
829,272
829,273
829,274
829,275
829,276
829,476
829,477
829,478
829,495
829,496
829,497
829,498
829,499
829,500
829,501
829,502
829,503
829,817
829,819
829,820
829,821
829,822
829,823
829,824
829,825
829,826
829,827
829,828
829,830
829,831
829,832
829,833
829,834
829,835
829,836
829,837
829,838
829,839
829,840
829,841
829,842
829,843
829,844
829,845
829,846
829,847
829,848
829,849
829,850
829,851
830,9
830,10
830,11
830,28
830,52
830,259
830,260
830,262
830,263
830,264
830,265
830,266
830,267
830,268
830,269
830,270
830,271
830,272
830,273
830,276
830,477
830,478
830,497
830,498
830,502
830,816
830,817
830,818
830,819
830,820
830,821
830,822
830,823
830,824
830,825
830,826
830,827
830,828
830,829
830,831
830,832
830,833
830,834
830,835
830,836
830,837
830,838
830,839
830,840
830,841
830,842
830,843
830,844
830,846
830,848
830,850
831,9
831,10
831,11
831,12
831,28
831,52
831,262
831,263
831,264
831,265
831,266
831,267
831,268
831,269
831,270
831,271
831,272
831,273
831,274
831,275
831,276
831,478
831,497
831,498
831,502
831,503
831,817
831,819
831,820
831,821
831,822
831,823
831,824
831,825
831,826
831,827
831,828
831,829
831,830
831,832
831,833
831,834
831,835
831,836
831,837
831,838
831,839
831,840
831,841
831,842
831,843
831,844
831,845
831,846
831,847
831,848
831,849
831,850
831,851
832,9
832,10
832,11
832,12
832,28
832,52
832,259
832,260
832,262
832,263
832,264
832,265
832,266
832,267
832,268
832,269
832,270
832,271
832,272
832,273
832,275
832,276
832,474
832,475
832,476
832,477
832,478
832,495
832,496
832,497
832,498
832,499
832,500
832,502
832,503
832,816
832,817
832,818
832,819
832,820
832,821
832,822
832,823
832,824
832,825
832,826
832,827
832,828
832,829
832,830
832,831
832,833
832,834
832,835
832,836
832,837
832,838
832,839
832,840
832,841
832,842
832,843
832,844
832,846
832,848
832,850
833,9
833,10
833,11
833,12
833,28
833,52
833,53
833,259
833,260
833,262
833,263
833,264
833,265
833,266
833,267
833,268
833,269
833,270
833,271
833,272
833,273
833,274
833,275
833,276
833,476
833,477
833,478
833,485
833,495
833,496
833,497
833,498
833,499
833,500
833,501
833,502
833,503
833,817
833,819
833,820
833,821
833,822
833,823
833,824
833,825
833,826
833,827
833,828
833,829
833,830
833,831
833,832
833,834
833,835
833,836
833,837
833,838
833,839
833,840
833,841
833,842
833,843
833,844
833,845
833,846
833,847
833,848
833,849
833,850
833,851
834,9
834,10
834,11
834,28
834,52
834,259
834,260
834,262
834,263
834,264
834,265
834,266
834,267
834,268
834,269
834,270
834,271
834,272
834,273
834,275
834,276
834,477
834,478
834,495
834,497
834,498
834,502
834,816
834,817
834,818
834,819
834,820
834,821
834,822
834,823
834,824
834,825
834,826
834,827
834,828
834,829
834,830
834,831
834,832
834,833
834,835
834,836
834,837
834,838
834,839
834,840
834,841
834,842
834,843
834,844
834,846
834,848
834,850
835,9
835,10
835,11
835,12
835,28
835,52
835,262
835,263
835,264
835,265
835,266
835,267
835,268
835,269
835,270
835,271
835,272
835,273
835,274
835,275
835,276
835,478
835,497
835,498
835,502
835,503
835,817
835,819
835,820
835,821
835,822
835,823
835,824
835,825
835,826
835,827
835,828
835,829
835,830
835,831
835,832
835,833
835,834
835,836
835,837
835,838
835,839
835,840
835,841
835,842
835,843
835,844
835,845
835,846
835,847
835,848
835,849
835,850
835,851
836,9
836,10
836,11
836,12
836,28
836,52
836,53
836,263
836,264
836,265
836,266
836,267
836,268
836,269
836,270
836,271
836,272
836,273
836,274
836,275
836,276
836,277
836,278
836,281
836,282
836,478
836,495
836,496
836,497
836,498
836,499
836,500
836,501
836,502
836,503
836,820
836,821
836,822
836,823
836,824
836,825
836,826
836,827
836,828
836,829
836,830
836,831
836,832
836,833
836,834
836,835
836,837
836,838
836,839
836,840
836,841
836,842
836,843
836,844
836,845
836,846
836,847
836,848
836,849
836,850
836,851
836,852
836,854
837,10
837,11
837,12
837,28
837,52
837,53
837,55
837,263
837,265
837,266
837,267
837,268
837,269
837,270
837,271
837,272
837,273
837,274
837,275
837,276
837,277
837,278
837,281
837,282
837,285
837,286
837,496
837,497
837,498
837,499
837,500
837,501
837,502
837,503
837,821
837,823
837,825
837,827
837,828
837,829
837,830
837,831
837,832
837,833
837,834
837,835
837,836
837,838
837,839
837,840
837,841
837,842
837,843
837,844
837,845
837,846
837,847
837,848
837,849
837,850
837,851
837,852
837,853
837,854
837,855
838,9
838,10
838,11
838,12
838,28
838,52
838,53
838,263
838,264
838,265
838,266
838,267
838,268
838,269
838,270
838,271
838,272
838,273
838,274
838,275
838,276
838,277
838,278
838,281
838,282
838,285
838,286
838,497
838,498
838,499
838,501
838,502
838,503
838,820
838,821
838,822
838,823
838,824
838,825
838,826
838,827
838,828
838,829
838,830
838,831
838,832
838,833
838,834
838,835
838,836
838,837
838,839
838,840
838,841
838,842
838,843
838,844
838,845
838,846
838,847
838,848
838,849
838,850
838,851
838,852
838,854
838,855
839,11
839,12
839,28
839,52
839,53
839,55
839,263
839,264
839,265
839,266
839,267
839,268
839,269
839,270
839,271
839,272
839,273
839,274
839,275
839,276
839,277
839,278
839,281
839,282
839,285
839,286
839,498
839,499
839,501
839,502
839,503
839,821
839,822
839,823
839,825
839,827
839,828
839,829
839,830
839,831
839,832
839,833
839,834
839,835
839,836
839,837
839,838
839,840
839,841
839,842
839,843
839,844
839,845
839,846
839,847
839,848
839,849
839,850
839,851
839,852
839,853
839,854
839,855
840,9
840,10
840,11
840,12
840,28
840,52
840,53
840,263
840,264
840,265
840,266
840,267
840,268
840,269
840,270
840,271
840,272
840,273
840,274
840,275
840,276
840,277
840,278
840,281
840,282
840,286
840,478
840,495
840,496
840,497
840,498
840,499
840,500
840,501
840,502
840,503
840,820
840,821
840,822
840,823
840,824
840,825
840,826
840,827
840,828
840,829
840,830
840,831
840,832
840,833
840,834
840,835
840,836
840,837
840,838
840,839
840,841
840,842
840,843
840,844
840,845
840,846
840,847
840,848
840,849
840,850
840,851
840,852
840,854
841,10
841,11
841,12
841,19
841,28
841,52
841,53
841,55
841,263
841,264
841,265
841,266
841,267
841,268
841,269
841,270
841,271
841,272
841,273
841,274
841,275
841,276
841,277
841,278
841,281
841,282
841,285
841,286
841,493
841,495
841,496
841,497
841,498
841,499
841,500
841,501
841,502
841,503
841,821
841,823
841,825
841,827
841,828
841,829
841,830
841,831
841,832
841,833
841,834
841,835
841,836
841,837
841,838
841,839
841,840
841,842
841,843
841,844
841,845
841,846
841,847
841,848
841,849
841,850
841,851
841,852
841,853
841,854
841,855
842,9
842,10
842,11
842,12
842,28
842,52
842,53
842,263
842,264
842,265
842,266
842,267
842,268
842,269
842,270
842,271
842,272
842,273
842,274
842,275
842,276
842,278
842,281
842,282
842,285
842,286
842,478
842,496
842,497
842,498
842,499
842,500
842,501
842,502
842,503
842,820
842,821
842,822
842,823
842,824
842,825
842,826
842,827
842,828
842,829
842,830
842,831
842,832
842,833
842,834
842,835
842,836
842,837
842,838
842,839
842,840
842,841
842,843
842,844
842,845
842,846
842,847
842,848
842,849
842,850
842,851
842,852
842,854
842,855
843,11
843,12
843,28
843,52
843,53
843,55
843,263
843,264
843,265
843,266
843,267
843,268
843,269
843,270
843,271
843,272
843,273
843,274
843,275
843,276
843,277
843,278
843,281
843,282
843,284
843,285
843,286
843,497
843,498
843,499
843,500
843,501
843,502
843,503
843,821
843,822
843,823
843,825
843,826
843,827
843,828
843,829
843,830
843,831
843,832
843,833
843,834
843,835
843,836
843,837
843,838
843,839
843,840
843,841
843,842
843,844
843,845
843,846
843,847
843,848
843,849
843,850
843,851
843,852
843,853
843,854
843,855
844,11
844,12
844,28
844,52
844,53
844,55
844,265
844,266
844,268
844,269
844,270
844,271
844,272
844,273
844,274
844,275
844,276
844,277
844,278
844,279
844,280
844,281
844,282
844,283
844,284
844,285
844,286
844,288
844,498
844,499
844,500
844,501
844,502
844,503
844,828
844,829
844,830
844,831
844,832
844,833
844,834
844,835
844,836
844,837
844,838
844,839
844,840
844,841
844,842
844,843
844,845
844,846
844,847
844,848
844,849
844,850
844,851
844,852
844,853
844,854
844,855
845,11
845,12
845,28
845,52
845,53
845,55
845,56
845,268
845,269
845,270
845,271
845,272
845,273
845,274
845,275
845,276
845,277
845,278
845,279
845,280
845,281
845,282
845,283
845,284
845,285
845,286
845,287
845,288
845,501
845,502
845,503
845,829
845,831
845,833
845,835
845,836
845,837
845,838
845,839
845,840
845,841
845,842
845,843
845,844
845,846
845,847
845,848
845,849
845,850
845,851
845,852
845,853
845,854
845,855
846,11
846,12
846,28
846,52
846,53
846,55
846,265
846,266
846,268
846,269
846,270
846,271
846,272
846,273
846,274
846,275
846,276
846,277
846,278
846,279
846,280
846,281
846,282
846,283
846,284
846,285
846,286
846,287
846,288
846,501
846,502
846,503
846,828
846,829
846,830
846,831
846,832
846,833
846,834
846,835
846,836
846,837
846,838
846,839
846,840
846,841
846,842
846,843
846,844
846,845
846,847
846,848
846,849
846,850
846,851
846,852
846,853
846,854
846,855
847,11
847,12
847,28
847,52
847,53
847,55
847,268
847,269
847,270
847,271
847,272
847,273
847,274
847,275
847,276
847,277
847,278
847,279
847,280
847,281
847,282
847,283
847,284
847,285
847,286
847,287
847,288
847,503
847,829
847,831
847,833
847,835
847,836
847,837
847,838
847,839
847,840
847,841
847,842
847,843
847,844
847,845
847,846
847,848
847,849
847,850
847,851
847,852
847,853
847,854
847,855
848,10
848,11
848,12
848,19
848,28
848,52
848,53
848,55
848,265
848,266
848,268
848,269
848,270
848,271
848,272
848,273
848,274
848,275
848,276
848,277
848,278
848,279
848,280
848,281
848,282
848,283
848,284
848,285
848,286
848,288
848,493
848,496
848,498
848,499
848,500
848,501
848,502
848,503
848,512
848,513
848,828
848,829
848,830
848,831
848,832
848,833
848,834
848,835
848,836
848,837
848,838
848,839
848,840
848,841
848,842
848,843
848,844
848,845
848,846
848,847
848,849
848,850
848,851
848,852
848,853
848,854
848,855
849,1
849,11
849,12
849,19
849,20
849,28
849,52
849,53
849,55
849,56
849,266
849,268
849,269
849,270
849,271
849,272
849,273
849,274
849,275
849,276
849,277
849,278
849,279
849,280
849,281
849,282
849,283
849,284
849,285
849,286
849,287
849,288
849,500
849,501
849,502
849,503
849,829
849,831
849,833
849,835
849,836
849,837
849,838
849,839
849,840
849,841
849,842
849,843
849,844
849,845
849,846
849,847
849,848
849,850
849,851
849,852
849,853
849,854
849,855
850,11
850,12
850,28
850,52
850,53
850,55
850,265
850,266
850,268
850,269
850,270
850,271
850,272
850,273
850,274
850,275
850,276
850,277
850,278
850,280
850,281
850,282
850,283
850,284
850,285
850,286
850,287
850,288
850,498
850,501
850,502
850,503
850,828
850,829
850,830
850,831
850,832
850,833
850,834
850,835
850,836
850,837
850,838
850,839
850,840
850,841
850,842
850,843
850,844
850,845
850,846
850,847
850,848
850,849
850,851
850,852
850,853
850,854
850,855
851,11
851,12
851,28
851,52
851,53
851,55
851,56
851,266
851,268
851,269
851,270
851,271
851,272
851,273
851,274
851,275
851,276
851,277
851,278
851,279
851,280
851,281
851,282
851,283
851,284
851,285
851,286
851,287
851,288
851,503
851,829
851,831
851,833
851,835
851,836
851,837
851,838
851,839
851,840
851,841
851,842
851,843
851,844
851,845
851,846
851,847
851,848
851,849
851,850
851,852
851,853
851,854
851,855
852,1
852,11
852,12
852,20
852,28
852,52
852,53
852,55
852,56
852,268
852,269
852,270
852,271
852,272
852,273
852,274
852,275
852,276
852,277
852,278
852,279
852,280
852,281
852,282
852,283
852,284
852,285
852,286
852,287
852,288
852,289
852,290
852,293
852,294
852,503
852,836
852,837
852,838
852,839
852,840
852,841
852,842
852,843
852,844
852,845
852,846
852,847
852,848
852,849
852,850
852,851
852,853
852,854
852,855
853,1
853,11
853,12
853,20
853,28
853,52
853,53
853,54
853,55
853,56
853,61
853,268
853,269
853,270
853,271
853,272
853,273
853,274
853,275
853,276
853,277
853,278
853,279
853,280
853,281
853,282
853,283
853,284
853,285
853,286
853,287
853,288
853,289
853,290
853,293
853,294
853,305
853,306
853,837
853,839
853,841
853,843
853,844
853,845
853,846
853,847
853,848
853,849
853,850
853,851
853,852
853,854
853,855
854,11
854,12
854,28
854,52
854,53
854,55
854,56
854,268
854,269
854,270
854,271
854,272
854,273
854,274
854,275
854,276
854,277
854,278
854,279
854,280
854,281
854,282
854,283
854,284
854,285
854,286
854,287
854,288
854,289
854,290
854,293
854,294
854,305
854,306
854,836
854,837
854,838
854,839
854,840
854,841
854,842
854,843
854,844
854,845
854,846
854,847
854,848
854,849
854,850
854,851
854,852
854,853
854,855
855,1
855,12
855,28
855,52
855,53
855,55
855,56
855,61
855,270
855,271
855,272
855,273
855,274
855,275
855,276
855,277
855,278
855,279
855,280
855,281
855,282
855,283
855,284
855,285
855,286
855,287
855,288
855,289
855,290
855,293
855,294
855,305
855,306
855,837
855,838
855,839
855,841
855,842
855,843
855,844
855,845
855,846
855,847
855,848
855,849
855,850
855,851
855,852
855,853
855,854
856,1
856,3
856,13
856,22
856,61
856,62
856,65
856,66
856,69
856,279
856,280
856,283
856,284
856,287
856,288
856,289
856,290
856,291
856,292
856,293
856,294
856,295
856,296
856,297
856,298
856,299
856,300
856,301
856,302
856,303
856,304
856,305
856,306
856,307
856,308
856,309
856,310
856,311
856,312
856,314
856,315
856,316
856,317
856,318
856,327
856,328
856,857
856,858
856,859
856,860
856,861
856,862
856,863
856,864
856,865
856,866
857,1
857,3
857,13
857,14
857,22
857,61
857,62
857,64
857,65
857,66
857,69
857,280
857,283
857,284
857,287
857,288
857,289
857,290
857,291
857,292
857,293
857,294
857,295
857,296
857,297
857,298
857,299
857,300
857,301
857,302
857,303
857,304
857,305
857,306
857,307
857,308
857,309
857,310
857,311
857,312
857,313
857,314
857,315
857,316
857,317
857,318
857,327
857,328
857,856
857,858
857,859
857,860
857,861
857,862
857,863
857,864
857,865
857,866
857,867
857,869
858,1
858,3
858,13
858,22
858,62
858,65
858,66
858,69
858,283
858,284
858,287
858,288
858,289
858,290
858,291
858,292
858,293
858,294
858,295
858,296
858,297
858,298
858,299
858,300
858,301
858,302
858,303
858,304
858,305
858,306
858,307
858,308
858,309
858,310
858,311
858,312
858,313
858,314
858,315
858,316
858,317
858,318
858,327
858,328
858,856
858,857
858,859
858,860
858,861
858,862
858,863
858,864
858,865
858,866
858,867
858,869
859,1
859,3
859,13
859,14
859,22
859,23
859,62
859,64
859,65
859,66
859,69
859,70
859,288
859,289
859,290
859,291
859,292
859,293
859,294
859,295
859,296
859,297
859,298
859,299
859,300
859,301
859,302
859,303
859,304
859,305
859,306
859,307
859,308
859,309
859,310
859,311
859,312
859,313
859,314
859,315
859,316
859,317
859,318
859,319
859,320
859,323
859,324
859,327
859,328
859,856
859,857
859,858
859,860
859,861
859,862
859,863
859,864
859,865
859,866
859,867
859,868
859,869
859,870
860,1
860,3
860,13
860,14
860,22
860,23
860,62
860,64
860,65
860,66
860,69
860,70
860,290
860,291
860,292
860,293
860,294
860,295
860,296
860,297
860,298
860,299
860,300
860,301
860,302
860,303
860,304
860,305
860,306
860,307
860,308
860,309
860,310
860,311
860,312
860,313
860,314
860,315
860,316
860,317
860,318
860,319
860,320
860,323
860,324
860,325
860,327
860,328
860,856
860,857
860,858
860,859
860,861
860,862
860,863
860,864
860,865
860,866
860,867
860,868
860,869
860,870
860,871
860,873
861,1
861,3
861,13
861,22
861,23
861,62
861,65
861,66
861,69
861,288
861,289
861,290
861,291
861,292
861,293
861,294
861,295
861,296
861,297
861,298
861,299
861,300
861,301
861,302
861,303
861,304
861,305
861,306
861,307
861,308
861,309
861,310
861,311
861,312
861,313
861,314
861,315
861,316
861,317
861,318
861,323
861,324
861,327
861,328
861,856
861,857
861,858
861,859
861,860
861,862
861,863
861,864
861,865
861,866
861,867
861,868
861,869
861,870
862,1
862,3
862,13
862,22
862,23
862,65
862,66
862,69
862,70
862,291
862,292
862,293
862,294
862,295
862,296
862,297
862,298
862,299
862,300
862,301
862,302
862,303
862,304
862,305
862,306
862,307
862,308
862,309
862,310
862,311
862,312
862,313
862,314
862,315
862,316
862,317
862,318
862,319
862,320
862,323
862,324
862,327
862,328
862,856
862,857
862,858
862,859
862,860
862,861
862,863
862,864
862,865
862,866
862,867
862,868
862,869
862,870
862,871
862,873
863,1
863,3
863,13
863,14
863,22
863,23
863,65
863,66
863,69
863,70
863,73
863,291
863,292
863,295
863,296
863,297
863,298
863,299
863,300
863,301
863,302
863,303
863,304
863,306
863,307
863,308
863,309
863,310
863,311
863,312
863,313
863,314
863,315
863,316
863,317
863,318
863,319
863,320
863,322
863,323
863,324
863,325
863,326
863,327
863,328
863,329
863,856
863,857
863,858
863,859
863,860
863,861
863,862
863,864
863,865
863,866
863,867
863,868
863,869
863,870
863,871
863,872
863,873
863,874
864,1
864,3
864,13
864,14
864,15
864,22
864,23
864,65
864,66
864,69
864,70
864,73
864,292
864,295
864,296
864,297
864,298
864,299
864,300
864,301
864,302
864,303
864,304
864,307
864,308
864,309
864,310
864,311
864,312
864,313
864,314
864,315
864,316
864,317
864,318
864,319
864,320
864,321
864,322
864,323
864,324
864,325
864,326
864,327
864,328
864,329
864,856
864,857
864,858
864,859
864,860
864,861
864,862
864,863
864,865
864,866
864,867
864,868
864,869
864,870
864,871
864,872
864,873
864,874
864,875
864,877
865,3
865,13
865,22
865,23
865,66
865,69
865,70
865,291
865,292
865,295
865,296
865,297
865,298
865,299
865,300
865,301
865,302
865,303
865,304
865,306
865,307
865,308
865,309
865,310
865,311
865,312
865,313
865,314
865,315
865,316
865,317
865,318
865,319
865,320
865,323
865,324
865,325
865,326
865,327
865,328
865,329
865,856
865,857
865,858
865,859
865,860
865,861
865,862
865,863
865,864
865,866
865,867
865,868
865,869
865,870
865,871
865,872
865,873
865,874
866,3
866,22
866,23
866,66
866,69
866,70
866,295
866,296
866,297
866,298
866,299
866,300
866,301
866,302
866,303
866,304
866,307
866,308
866,309
866,310
866,311
866,312
866,313
866,314
866,315
866,316
866,317
866,318
866,319
866,320
866,321
866,322
866,323
866,324
866,325
866,326
866,327
866,328
866,329
866,856
866,857
866,858
866,859
866,860
866,861
866,862
866,863
866,864
866,865
866,867
866,868
866,869
866,870
866,871
866,872
866,873
866,874
866,875
866,877
867,1
867,3
867,13
867,14
867,15
867,22
867,23
867,24
867,66
867,69
867,70
867,73
867,297
867,298
867,299
867,300
867,301
867,302
867,303
867,304
867,309
867,310
867,311
867,312
867,313
867,314
867,315
867,316
867,317
867,318
867,319
867,320
867,321
867,322
867,323
867,324
867,325
867,326
867,327
867,328
867,329
867,334
867,335
867,347
867,857
867,858
867,859
867,860
867,861
867,862
867,863
867,864
867,865
867,866
867,868
867,869
867,870
867,871
867,872
867,873
867,874
867,875
867,876
867,877
867,878
868,3
868,13
868,14
868,15
868,22
868,23
868,24
868,66
868,69
868,70
868,73
868,74
868,298
868,299
868,300
868,301
868,302
868,303
868,304
868,309
868,310
868,311
868,312
868,313
868,314
868,315
868,316
868,317
868,318
868,319
868,320
868,321
868,322
868,323
868,324
868,325
868,326
868,327
868,328
868,329
868,330
868,331
868,334
868,335
868,347
868,859
868,860
868,861
868,862
868,863
868,864
868,865
868,866
868,867
868,869
868,870
868,871
868,872
868,873
868,874
868,875
868,876
868,877
868,878
868,879
868,882
869,3
869,22
869,23
869,66
869,69
869,70
869,73
869,298
869,299
869,300
869,301
869,302
869,303
869,304
869,309
869,310
869,311
869,312
869,313
869,314
869,315
869,316
869,317
869,318
869,319
869,320
869,321
869,322
869,323
869,324
869,325
869,326
869,327
869,328
869,329
869,334
869,335
869,347
869,857
869,858
869,859
869,860
869,861
869,862
869,863
869,864
869,865
869,866
869,867
869,868
869,870
869,871
869,872
869,873
869,874
869,875
869,876
869,877
869,878
870,3
870,22
870,23
870,24
870,69
870,70
870,73
870,299
870,300
870,301
870,302
870,303
870,304
870,309
870,310
870,311
870,312
870,313
870,314
870,315
870,316
870,317
870,318
870,319
870,320
870,321
870,322
870,323
870,324
870,325
870,326
870,327
870,328
870,329
870,330
870,331
870,334
870,335
870,347
870,859
870,860
870,861
870,862
870,863
870,864
870,865
870,866
870,867
870,868
870,869
870,871
870,872
870,873
870,874
870,875
870,876
870,877
870,878
870,879
870,882
871,3
871,14
871,15
871,22
871,23
871,24
871,69
871,70
871,73
871,74
871,77
871,299
871,300
871,303
871,304
871,309
871,310
871,311
871,312
871,313
871,314
871,315
871,316
871,317
871,318
871,319
871,320
871,321
871,322
871,323
871,324
871,325
871,326
871,327
871,328
871,329
871,330
871,331
871,334
871,335
871,336
871,337
871,346
871,347
871,860
871,862
871,863
871,864
871,865
871,866
871,867
871,868
871,869
871,870
871,872
871,873
871,874
871,875
871,876
871,877
871,878
871,879
871,880
871,881
871,882
871,883
872,3
872,14
872,15
872,22
872,23
872,24
872,69
872,70
872,73
872,74
872,77
872,300
872,303
872,304
872,310
872,311
872,312
872,313
872,314
872,315
872,316
872,317
872,318
872,319
872,320
872,321
872,322
872,323
872,324
872,325
872,326
872,327
872,328
872,329
872,330
872,331
872,332
872,333
872,334
872,335
872,336
872,337
872,346
872,347
872,348
872,863
872,864
872,865
872,866
872,867
872,868
872,869
872,870
872,871
872,873
872,874
872,875
872,876
872,877
872,878
872,879
872,880
872,881
872,882
872,883
872,884
872,885
872,888
873,3
873,22
873,23
873,24
873,69
873,70
873,73
873,74
873,299
873,300
873,303
873,304
873,309
873,310
873,311
873,312
873,313
873,314
873,315
873,316
873,317
873,318
873,319
873,320
873,321
873,322
873,323
873,324
873,325
873,326
873,327
873,328
873,329
873,330
873,331
873,334
873,335
873,337
873,346
873,347
873,348
873,860
873,862
873,863
873,864
873,865
873,866
873,867
873,868
873,869
873,870
873,871
873,872
873,874
873,875
873,876
873,877
873,878
873,879
873,880
873,881
873,882
873,883
874,3
874,15
874,22
874,23
874,24
874,70
874,73
874,74
874,303
874,304
874,310
874,311
874,312
874,313
874,314
874,315
874,316
874,317
874,318
874,319
874,320
874,321
874,322
874,323
874,324
874,325
874,326
874,327
874,328
874,329
874,330
874,331
874,333
874,334
874,335
874,336
874,337
874,346
874,347
874,348
874,863
874,864
874,865
874,866
874,867
874,868
874,869
874,870
874,871
874,872
874,873
874,875
874,876
874,877
874,878
874,879
874,880
874,881
874,882
874,883
874,884
874,885
874,888
875,3
875,15
875,16
875,22
875,23
875,24
875,70
875,73
875,74
875,77
875,311
875,312
875,313
875,314
875,315
875,316
875,317
875,318
875,319
875,320
875,321
875,322
875,323
875,324
875,325
875,326
875,327
875,328
875,329
875,330
875,331
875,332
875,333
875,334
875,335
875,336
875,337
875,343
875,346
875,347
875,348
875,349
875,864
875,866
875,867
875,868
875,869
875,870
875,871
875,872
875,873
875,874
875,876
875,877
875,878
875,879
875,880
875,881
875,882
875,883
875,884
875,885
875,886
875,887
875,888
875,889
876,3
876,15
876,16
876,22
876,23
876,24
876,70
876,73
876,74
876,77
876,78
876,313
876,314
876,315
876,316
876,317
876,318
876,319
876,320
876,321
876,322
876,323
876,324
876,325
876,326
876,327
876,328
876,329
876,330
876,331
876,332
876,333
876,334
876,335
876,336
876,337
876,338
876,339
876,342
876,343
876,346
876,347
876,348
876,349
876,867
876,868
876,869
876,870
876,871
876,872
876,873
876,874
876,875
876,877
876,878
876,879
876,880
876,881
876,882
876,883
876,884
876,885
876,886
876,887
876,888
876,889
876,890
876,892
877,3
877,22
877,23
877,24
877,73
877,74
877,77
877,311
877,312
877,313
877,314
877,315
877,316
877,317
877,318
877,319
877,320
877,321
877,322
877,323
877,324
877,325
877,326
877,327
877,328
877,329
877,330
877,331
877,332
877,333
877,334
877,335
877,336
877,337
877,346
877,347
877,348
877,349
877,864
877,866
877,867
877,868
877,869
877,870
877,871
877,872
877,873
877,874
877,875
877,876
877,878
877,879
877,880
877,881
877,882
877,883
877,884
877,885
877,886
877,887
877,888
877,889
878,3
878,22
878,23
878,24
878,73
878,74
878,77
878,313
878,314
878,315
878,316
878,317
878,318
878,319
878,320
878,321
878,322
878,323
878,324
878,325
878,326
878,327
878,328
878,329
878,330
878,331
878,332
878,333
878,334
878,335
878,336
878,337
878,339
878,342
878,343
878,346
878,347
878,348
878,349
878,867
878,868
878,869
878,870
878,871
878,872
878,873
878,874
878,875
878,876
878,877
878,879
878,880
878,881
878,882
878,883
878,884
878,885
878,886
878,887
878,888
878,889
878,890
878,892
879,3
879,15
879,16
879,22
879,23
879,24
879,29
879,73
879,74
879,77
879,78
879,81
879,313
879,314
879,317
879,318
879,319
879,320
879,321
879,322
879,323
879,324
879,325
879,326
879,328
879,329
879,330
879,331
879,332
879,333
879,334
879,335
879,336
879,337
879,338
879,339
879,342
879,343
879,344
879,345
879,346
879,347
879,348
879,349
879,350
879,868
879,870
879,871
879,872
879,873
879,874
879,875
879,876
879,877
879,878
879,880
879,881
879,882
879,883
879,884
879,885
879,886
879,887
879,888
879,889
879,890
879,891
879,892
879,893
880,3
880,15
880,16
880,22
880,23
880,24
880,29
880,74
880,77
880,78
880,81
880,317
880,318
880,319
880,320
880,321
880,322
880,323
880,324
880,325
880,326
880,328
880,329
880,330
880,331
880,332
880,333
880,334
880,335
880,336
880,337
880,338
880,339
880,340
880,341
880,342
880,343
880,344
880,345
880,346
880,347
880,348
880,349
880,350
880,871
880,872
880,873
880,874
880,875
880,876
880,877
880,878
880,879
880,881
880,882
880,883
880,884
880,885
880,886
880,887
880,888
880,889
880,890
880,891
880,892
880,893
880,894
880,896
881,3
881,15
881,16
881,17
881,22
881,23
881,24
881,29
881,73
881,74
881,77
881,78
881,81
881,314
881,317
881,318
881,319
881,320
881,321
881,322
881,323
881,324
881,325
881,326
881,328
881,329
881,330
881,331
881,332
881,333
881,334
881,335
881,336
881,337
881,338
881,339
881,340
881,341
881,342
881,343
881,344
881,345
881,346
881,347
881,348
881,349
881,350
881,871
881,872
881,873
881,874
881,875
881,876
881,877
881,878
881,879
881,880
881,882
881,883
881,884
881,885
881,886
881,887
881,888
881,889
881,890
881,891
881,892
881,893
881,894
881,896
882,3
882,22
882,23
882,24
882,29
882,74
882,77
882,78
882,313
882,314
882,317
882,318
882,319
882,320
882,321
882,322
882,323
882,324
882,325
882,326
882,328
882,329
882,330
882,331
882,332
882,333
882,334
882,335
882,336
882,337
882,338
882,339
882,342
882,343
882,346
882,347
882,348
882,349
882,350
882,868
882,870
882,871
882,872
882,873
882,874
882,875
882,876
882,877
882,878
882,879
882,880
882,881
882,883
882,884
882,885
882,886
882,887
882,888
882,889
882,890
882,891
882,892
882,893
883,3
883,22
883,23
883,24
883,29
883,74
883,77
883,78
883,317
883,318
883,319
883,320
883,321
883,322
883,323
883,324
883,325
883,326
883,328
883,329
883,330
883,331
883,332
883,333
883,334
883,335
883,336
883,337
883,338
883,339
883,340
883,341
883,342
883,343
883,344
883,345
883,346
883,347
883,348
883,349
883,350
883,871
883,872
883,873
883,874
883,875
883,876
883,877
883,878
883,879
883,880
883,881
883,882
883,884
883,885
883,886
883,887
883,888
883,889
883,890
883,891
883,892
883,893
883,894
883,896
884,3
884,15
884,16
884,17
884,23
884,24
884,29
884,74
884,77
884,78
884,81
884,319
884,320
884,321
884,322
884,323
884,324
884,325
884,326
884,329
884,330
884,331
884,332
884,333
884,334
884,335
884,336
884,337
884,338
884,339
884,340
884,341
884,342
884,343
884,344
884,345
884,346
884,347
884,348
884,349
884,350
884,355
884,361
884,362
884,872
884,874
884,875
884,876
884,877
884,878
884,879
884,880
884,881
884,882
884,883
884,885
884,886
884,887
884,888
884,889
884,890
884,891
884,892
884,893
884,894
884,895
884,896
884,897
885,3
885,15
885,16
885,17
885,22
885,23
885,24
885,29
885,74
885,77
885,78
885,81
885,82
885,129
885,317
885,319
885,320
885,321
885,322
885,323
885,324
885,325
885,326
885,329
885,330
885,331
885,332
885,333
885,334
885,335
885,336
885,337
885,338
885,339
885,340
885,341
885,342
885,343
885,344
885,345
885,346
885,347
885,348
885,349
885,350
885,355
885,356
885,361
885,362
885,872
885,874
885,875
885,876
885,877
885,878
885,879
885,880
885,881
885,882
885,883
885,884
885,886
885,887
885,888
885,889
885,890
885,891
885,892
885,893
885,894
885,895
885,896
885,897
886,3
886,16
886,17
886,23
886,24
886,29
886,77
886,78
886,81
886,82
886,321
886,322
886,323
886,324
886,325
886,326
886,329
886,330
886,331
886,332
886,333
886,334
886,335
886,336
886,337
886,338
886,339
886,340
886,341
886,342
886,343
886,344
886,345
886,346
886,347
886,348
886,349
886,350
886,351
886,352
886,355
886,356
886,361
886,362
886,875
886,876
886,877
886,878
886,879
886,880
886,881
886,882
886,883
886,884
886,885
886,887
886,888
886,889
886,890
886,891
886,892
886,893
886,894
886,895
886,896
886,897
887,3
887,16
887,17
887,23
887,24
887,29
887,77
887,78
887,81
887,82
887,129
887,130
887,320
887,321
887,322
887,323
887,324
887,325
887,326
887,329
887,330
887,331
887,332
887,333
887,334
887,335
887,336
887,337
887,338
887,339
887,340
887,341
887,342
887,343
887,344
887,345
887,346
887,347
887,348
887,349
887,350
887,351
887,352
887,355
887,356
887,361
887,362
887,875
887,876
887,877
887,878
887,879
887,880
887,881
887,882
887,883
887,884
887,885
887,886
887,888
887,889
887,890
887,891
887,892
887,893
887,894
887,895
887,896
887,897
888,3
888,23
888,24
888,29
888,77
888,78
888,81
888,319
888,320
888,321
888,322
888,323
888,324
888,325
888,326
888,329
888,330
888,331
888,332
888,333
888,334
888,335
888,336
888,337
888,338
888,339
888,340
888,341
888,342
888,343
888,344
888,345
888,346
888,347
888,348
888,349
888,350
888,355
888,361
888,362
888,872
888,874
888,875
888,876
888,877
888,878
888,879
888,880
888,881
888,882
888,883
888,884
888,885
888,886
888,887
888,889
888,890
888,891
888,892
888,893
888,894
888,895
888,896
888,897
889,3
889,23
889,24
889,29
889,77
889,78
889,81
889,321
889,322
889,323
889,324
889,325
889,326
889,329
889,330
889,331
889,332
889,333
889,334
889,335
889,336
889,337
889,338
889,339
889,340
889,341
889,342
889,343
889,344
889,345
889,346
889,347
889,348
889,349
889,350
889,351
889,352
889,355
889,356
889,361
889,362
889,875
889,876
889,877
889,878
889,879
889,880
889,881
889,882
889,883
889,884
889,885
889,886
889,887
889,888
889,890
889,891
889,892
889,893
889,894
889,895
889,896
889,897
890,3
890,16
890,17
890,18
890,23
890,24
890,29
890,77
890,78
890,81
890,82
890,85
890,129
890,130
890,321
890,322
890,325
890,326
890,329
890,330
890,331
890,332
890,333
890,334
890,335
890,336
890,337
890,338
890,339
890,340
890,341
890,342
890,343
890,344
890,345
890,346
890,347
890,348
890,349
890,350
890,351
890,352
890,355
890,356
890,357
890,361
890,362
890,363
890,364
890,876
890,878
890,879
890,880
890,881
890,882
890,883
890,884
890,885
890,886
890,887
890,888
890,889
890,891
890,892
890,893
890,894
890,895
890,896
890,897
891,3
891,16
891,17
891,18
891,23
891,24
891,29
891,77
891,78
891,81
891,82
891,85
891,129
891,130
891,322
891,325
891,326
891,329
891,330
891,331
891,332
891,333
891,334
891,335
891,336
891,337
891,338
891,339
891,340
891,341
891,342
891,343
891,344
891,345
891,346
891,347
891,348
891,349
891,350
891,351
891,352
891,353
891,354
891,355
891,356
891,357
891,360
891,361
891,362
891,363
891,364
891,879
891,880
891,881
891,882
891,883
891,884
891,885
891,886
891,887
891,888
891,889
891,890
891,892
891,893
891,894
891,895
891,896
891,897
891,900
891,901
892,3
892,23
892,24
892,29
892,78
892,81
892,82
892,321
892,322
892,325
892,326
892,329
892,330
892,331
892,332
892,333
892,334
892,335
892,336
892,337
892,338
892,339
892,340
892,341
892,342
892,343
892,344
892,345
892,346
892,347
892,348
892,349
892,350
892,351
892,352
892,355
892,356
892,357
892,361
892,362
892,363
892,364
892,876
892,878
892,879
892,880
892,881
892,882
892,883
892,884
892,885
892,886
892,887
892,888
892,889
892,890
892,891
892,893
892,894
892,895
892,896
892,897
893,3
893,24
893,29
893,78
893,81
893,82
893,85
893,325
893,326
893,329
893,330
893,331
893,332
893,333
893,334
893,335
893,336
893,337
893,338
893,339
893,340
893,341
893,342
893,343
893,344
893,345
893,346
893,347
893,348
893,349
893,350
893,351
893,352
893,353
893,354
893,355
893,356
893,357
893,361
893,362
893,363
893,364
893,879
893,880
893,881
893,882
893,883
893,884
893,885
893,886
893,887
893,888
893,889
893,890
893,891
893,892
893,894
893,895
893,896
893,897
894,3
894,17
894,18
894,24
894,29
894,78
894,81
894,82
894,85
894,86
894,129
894,130
894,330
894,331
894,332
894,333
894,334
894,335
894,336
894,337
894,338
894,339
894,340
894,341
894,342
894,343
894,344
894,345
894,346
894,347
894,348
894,349
894,350
894,351
894,352
894,353
894,354
894,355
894,356
894,357
894,358
894,360
894,361
894,362
894,363
894,364
894,880
894,881
894,883
894,884
894,885
894,886
894,887
894,888
894,889
894,890
894,891
894,892
894,893
894,895
894,896
894,897
894,898
894,900
894,901
894,902
894,903
895,3
895,17
895,18
895,24
895,29
895,78
895,81
895,82
895,85
895,86
895,129
895,130
895,136
895,332
895,333
895,334
895,335
895,336
895,337
895,338
895,339
895,340
895,341
895,342
895,343
895,344
895,345
895,346
895,347
895,348
895,349
895,350
895,351
895,352
895,353
895,354
895,355
895,356
895,357
895,358
895,359
895,360
895,361
895,362
895,363
895,364
895,884
895,885
895,886
895,887
895,888
895,889
895,890
895,891
895,892
895,893
895,894
895,896
895,897
895,898
895,899
895,900
895,901
895,902
895,903
895,911
895,915
896,3
896,17
896,24
896,29
896,81
896,82
896,85
896,130
896,330
896,331
896,332
896,333
896,334
896,335
896,336
896,337
896,338
896,339
896,340
896,341
896,342
896,343
896,344
896,345
896,346
896,347
896,348
896,349
896,350
896,351
896,352
896,353
896,354
896,355
896,356
896,357
896,360
896,361
896,362
896,363
896,364
896,880
896,881
896,883
896,884
896,885
896,886
896,887
896,888
896,889
896,890
896,891
896,892
896,893
896,894
896,895
896,897
896,900
896,901
897,3
897,18
897,24
897,29
897,81
897,82
897,85
897,332
897,333
897,334
897,335
897,336
897,337
897,338
897,339
897,340
897,341
897,342
897,343
897,344
897,345
897,346
897,347
897,348
897,349
897,350
897,351
897,352
897,353
897,354
897,355
897,356
897,357
897,358
897,359
897,360
897,361
897,362
897,363
897,364
897,884
897,885
897,886
897,887
897,888
897,889
897,890
897,891
897,892
897,893
897,894
897,895
897,896
897,898
897,900
897,901
897,902
897,903
898,2
898,3
898,17
898,18
898,24
898,25
898,29
898,44
898,80
898,81
898,82
898,83
898,84
898,85
898,86
898,87
898,89
898,128
898,129
898,130
898,134
898,135
898,136
898,137
898,138
898,338
898,339
898,340
898,341
898,342
898,343
898,344
898,345
898,349
898,350
898,351
898,352
898,353
898,354
898,355
898,356
898,357
898,358
898,359
898,360
898,361
898,362
898,363
898,364
898,365
898,366
898,368
898,532
898,533
898,595
898,894
898,895
898,897
898,899
898,900
898,901
898,902
898,903
898,904
898,907
898,908
898,910
898,911
898,912
898,913
898,914
898,915
898,916
898,917
898,918
898,919
898,920
898,921
898,922
898,923
898,924
898,926
899,2
899,3
899,17
899,18
899,24
899,25
899,29
899,30
899,44
899,80
899,81
899,82
899,83
899,84
899,85
899,86
899,87
899,88
899,89
899,130
899,134
899,135
899,136
899,137
899,138
899,251
899,339
899,340
899,341
899,343
899,344
899,345
899,349
899,350
899,351
899,352
899,353
899,354
899,355
899,356
899,357
899,358
899,359
899,360
899,361
899,362
899,363
899,364
899,365
899,366
899,368
899,530
899,532
899,533
899,534
899,535
899,593
899,595
899,596
899,895
899,898
899,900
899,901
899,902
899,903
899,904
899,905
899,906
899,907
899,908
899,909
899,910
899,911
899,912
899,913
899,914
899,915
899,916
899,917
899,918
899,919
899,920
899,921
899,922
899,923
899,924
899,925
899,926
899,931
899,1010
899,1012
899,1015
900,2
900,3
900,17
900,18
900,24
900,25
900,29
900,30
900,44
900,81
900,82
900,83
900,84
900,85
900,86
900,87
900,89
900,130
900,134
900,135
900,136
900,137
900,138
900,338
900,339
900,340
900,341
900,342
900,343
900,344
900,345
900,349
900,350
900,351
900,352
900,353
900,354
900,355
900,356
900,357
900,358
900,359
900,360
900,361
900,362
900,363
900,364
900,365
900,366
900,368
900,891
900,894
900,895
900,896
900,897
900,898
900,899
900,901
900,902
900,903
900,904
900,907
900,908
900,911
900,912
900,913
900,914
900,915
900,916
900,917
900,918
900,919
900,920
900,921
900,922
900,923
900,924
900,925
900,926
901,2
901,3
901,17
901,18
901,24
901,25
901,29
901,30
901,44
901,81
901,82
901,83
901,84
901,85
901,86
901,87
901,89
901,130
901,134
901,135
901,136
901,137
901,138
901,337
901,338
901,339
901,340
901,341
901,342
901,343
901,344
901,345
901,349
901,350
901,351
901,352
901,353
901,354
901,355
901,356
901,357
901,358
901,359
901,360
901,361
901,362
901,363
901,364
901,365
901,366
901,368
901,891
901,894
901,895
901,896
901,897
901,898
901,899
901,900
901,902
901,903
901,904
901,907
901,908
901,910
901,911
901,912
901,913
901,914
901,915
901,916
901,917
901,918
901,919
901,920
901,921
901,922
901,923
901,924
901,925
901,926
902,2
902,3
902,17
902,18
902,25
902,29
902,30
902,44
902,82
902,83
902,84
902,85
902,86
902,87
902,89
902,130
902,135
902,136
902,137
902,138
902,339
902,340
902,341
902,343
902,344
902,345
902,349
902,350
902,351
902,352
902,353
902,354
902,355
902,356
902,357
902,358
902,359
902,360
902,361
902,362
902,363
902,364
902,365
902,366
902,368
902,532
902,533
902,595
902,894
902,895
902,897
902,898
902,899
902,900
902,901
902,903
902,904
902,905
902,906
902,907
902,908
902,909
902,910
902,911
902,912
902,913
902,914
902,915
902,916
902,917
902,918
902,919
902,920
902,921
902,922
902,923
902,924
902,925
902,926
903,2
903,3
903,17
903,18
903,25
903,29
903,30
903,44
903,82
903,83
903,84
903,85
903,86
903,87
903,89
903,130
903,134
903,135
903,136
903,137
903,138
903,339
903,340
903,341
903,343
903,344
903,345
903,349
903,350
903,351
903,352
903,353
903,354
903,355
903,356
903,357
903,358
903,359
903,360
903,361
903,362
903,363
903,364
903,365
903,366
903,368
903,532
903,533
903,595
903,895
903,897
903,898
903,899
903,900
903,901
903,902
903,904
903,905
903,906
903,907
903,908
903,909
903,910
903,911
903,912
903,913
903,914
903,915
903,916
903,917
903,918
903,919
903,920
903,921
903,922
903,923
903,924
903,925
903,926
903,1012
903,1015
904,2
904,3
904,17
904,18
904,25
904,27
904,29
904,30
904,44
904,83
904,84
904,85
904,86
904,87
904,88
904,89
904,134
904,135
904,136
904,137
904,138
904,143
904,144
904,145
904,149
904,150
904,251
904,252
904,351
904,352
904,353
904,354
904,355
904,356
904,357
904,358
904,359
904,360
904,363
904,364
904,365
904,366
904,367
904,368
904,369
904,370
904,372
904,406
904,530
904,531
904,532
904,533
904,534
904,535
904,583
904,584
904,585
904,586
904,587
904,588
904,589
904,590
904,591
904,592
904,593
904,594
904,595
904,596
904,597
904,598
904,601
904,602
904,603
904,604
904,609
904,613
904,614
904,615
904,616
904,617
904,618
904,619
904,898
904,899
904,900
904,901
904,902
904,903
904,905
904,906
904,907
904,908
904,909
904,910
904,911
904,912
904,913
904,914
904,915
904,916
904,917
904,918
904,919
904,920
904,921
904,922
904,923
904,924
904,925
904,926
904,927
904,928
904,929
904,930
904,931
904,932
904,1008
904,1009
904,1010
904,1011
904,1012
904,1013
904,1014
904,1015
904,1016
905,2
905,3
905,18
905,25
905,27
905,29
905,30
905,44
905,84
905,85
905,86
905,87
905,88
905,89
905,135
905,137
905,138
905,143
905,144
905,145
905,146
905,149
905,150
905,251
905,252
905,351
905,352
905,353
905,354
905,357
905,358
905,359
905,360
905,363
905,364
905,365
905,366
905,367
905,368
905,369
905,370
905,372
905,406
905,407
905,409
905,530
905,531
905,532
905,533
905,534
905,535
905,583
905,586
905,587
905,588
905,589
905,590
905,591
905,592
905,593
905,594
905,595
905,596
905,597
905,598
905,599
905,600
905,601
905,602
905,603
905,604
905,605
905,609
905,610
905,611
905,612
905,613
905,614
905,615
905,616
905,617
905,618
905,619
905,899
905,902
905,903
905,904
905,906
905,907
905,908
905,909
905,910
905,911
905,912
905,913
905,914
905,915
905,916
905,917
905,918
905,919
905,920
905,921
905,922
905,923
905,924
905,925
905,926
905,927
905,928
905,929
905,930
905,931
905,932
905,1008
905,1009
905,1010
905,1011
905,1012
905,1013
905,1014
905,1015
905,1016
905,1017
905,1018
905,1020
905,1021
906,2
906,3
906,18
906,25
906,27
906,29
906,30
906,44
906,84
906,86
906,87
906,88
906,89
906,135
906,137
906,138
906,143
906,144
906,145
906,150
906,251
906,252
906,353
906,354
906,357
906,358
906,359
906,360
906,365
906,366
906,367
906,368
906,369
906,370
906,372
906,406
906,409
906,530
906,531
906,532
906,533
906,534
906,535
906,586
906,587
906,588
906,590
906,591
906,592
906,593
906,594
906,595
906,596
906,601
906,602
906,603
906,604
906,613
906,614
906,615
906,616
906,617
906,618
906,619
906,904
906,905
906,907
906,908
906,909
906,910
906,911
906,912
906,913
906,914
906,917
906,918
906,919
906,920
906,921
906,922
906,923
906,924
906,925
906,926
906,927
906,928
906,929
906,930
906,931
906,932
906,1008
906,1009
906,1010
906,1011
906,1012
906,1013
906,1014
906,1015
906,1016
906,1017
906,1018
907,2
907,3
907,17
907,18
907,25
907,27
907,29
907,30
907,44
907,83
907,84
907,85
907,86
907,87
907,88
907,89
907,135
907,136
907,137
907,138
907,143
907,144
907,145
907,150
907,251
907,252
907,351
907,352
907,353
907,354
907,355
907,356
907,357
907,358
907,359
907,360
907,361
907,362
907,363
907,364
907,365
907,366
907,367
907,368
907,369
907,370
907,372
907,406
907,409
907,530
907,531
907,532
907,533
907,534
907,535
907,586
907,587
907,588
907,590
907,591
907,592
907,593
907,594
907,595
907,596
907,601
907,602
907,603
907,604
907,613
907,614
907,615
907,616
907,617
907,618
907,619
907,898
907,899
907,900
907,901
907,902
907,903
907,904
907,905
907,906
907,908
907,909
907,910
907,911
907,912
907,913
907,914
907,915
907,916
907,917
907,918
907,919
907,920
907,921
907,922
907,923
907,924
907,925
907,926
907,927
907,928
907,929
907,930
907,931
907,932
907,1008
907,1009
907,1010
907,1011
907,1012
907,1013
907,1014
907,1015
907,1016
907,1017
907,1018
907,1020
907,1021
908,2
908,3
908,18
908,25
908,27
908,29
908,30
908,44
908,83
908,84
908,85
908,86
908,87
908,88
908,89
908,135
908,136
908,137
908,138
908,143
908,144
908,145
908,150
908,251
908,252
908,351
908,352
908,353
908,354
908,355
908,356
908,357
908,358
908,359
908,360
908,361
908,362
908,363
908,364
908,365
908,366
908,367
908,368
908,369
908,370
908,372
908,406
908,407
908,409
908,530
908,531
908,532
908,533
908,534
908,535
908,583
908,585
908,586
908,587
908,588
908,589
908,590
908,591
908,592
908,593
908,594
908,595
908,596
908,601
908,602
908,604
908,613
908,614
908,615
908,616
908,617
908,618
908,619
908,898
908,899
908,900
908,901
908,902
908,903
908,904
908,905
908,906
908,907
908,909
908,910
908,911
908,912
908,913
908,914
908,915
908,916
908,917
908,918
908,919
908,920
908,921
908,922
908,923
908,924
908,925
908,926
908,927
908,928
908,929
908,930
908,931
908,932
908,1008
908,1009
908,1010
908,1011
908,1012
908,1013
908,1014
908,1015
908,1016
908,1017
908,1018
908,1020
908,1021
909,2
909,3
909,18
909,25
909,27
909,29
909,30
909,44
909,84
909,85
909,86
909,87
909,88
909,89
909,135
909,137
909,138
909,143
909,144
909,145
909,146
909,149
909,150
909,251
909,252
909,351
909,352
909,353
909,354
909,355
909,356
909,357
909,358
909,359
909,360
909,363
909,364
909,365
909,366
909,367
909,368
909,369
909,370
909,372
909,406
909,407
909,409
909,530
909,531
909,532
909,533
909,534
909,535
909,586
909,590
909,591
909,592
909,593
909,594
909,595
909,596
909,597
909,601
909,602
909,603
909,604
909,609
909,610
909,613
909,614
909,615
909,616
909,617
909,618
909,619
909,899
909,902
909,903
909,904
909,905
909,906
909,907
909,908
909,910
909,911
909,912
909,913
909,914
909,915
909,916
909,917
909,918
909,919
909,920
909,921
909,922
909,923
909,924
909,925
909,926
909,927
909,928
909,929
909,930
909,931
909,932
909,1008
909,1009
909,1010
909,1011
909,1012
909,1013
909,1014
909,1015
909,1016
909,1017
909,1018
909,1019
909,1020
909,1021
909,1022
910,2
910,3
910,18
910,25
910,27
910,29
910,30
910,31
910,44
910,84
910,85
910,86
910,87
910,88
910,89
910,135
910,137
910,138
910,143
910,144
910,145
910,149
910,150
910,251
910,252
910,351
910,352
910,353
910,354
910,355
910,356
910,357
910,358
910,359
910,360
910,363
910,364
910,365
910,366
910,367
910,368
910,369
910,370
910,371
910,372
910,406
910,407
910,409
910,530
910,531
910,532
910,533
910,534
910,535
910,586
910,587
910,588
910,589
910,590
910,591
910,592
910,593
910,594
910,595
910,596
910,597
910,598
910,601
910,602
910,603
910,604
910,609
910,610
910,613
910,614
910,615
910,616
910,617
910,618
910,619
910,898
910,899
910,901
910,902
910,903
910,904
910,905
910,906
910,907
910,908
910,909
910,911
910,912
910,913
910,914
910,915
910,916
910,917
910,918
910,919
910,920
910,921
910,922
910,923
910,924
910,925
910,926
910,927
910,928
910,929
910,930
910,931
910,932
910,1008
910,1009
910,1010
910,1011
910,1012
910,1013
910,1014
910,1015
910,1016
910,1017
910,1018
910,1019
910,1020
910,1021
910,1022
910,1023
911,2
911,3
911,17
911,18
911,25
911,27
911,29
911,30
911,44
911,82
911,83
911,84
911,85
911,86
911,87
911,88
911,89
911,130
911,134
911,135
911,136
911,137
911,138
911,144
911,145
911,251
911,340
911,341
911,344
911,345
911,350
911,351
911,352
911,353
911,354
911,355
911,356
911,357
911,358
911,359
911,360
911,361
911,362
911,363
911,364
911,365
911,366
911,367
911,368
911,369
911,530
911,531
911,532
911,533
911,534
911,535
911,593
911,594
911,595
911,596
911,617
911,618
911,895
911,898
911,899
911,900
911,901
911,902
911,903
911,904
911,905
911,906
911,907
911,908
911,909
911,910
911,912
911,913
911,914
911,915
911,916
911,917
911,918
911,919
911,920
911,921
911,922
911,923
911,924
911,925
911,926
911,927
911,928
911,929
911,930
911,931
911,932
911,1008
911,1010
911,1011
911,1012
911,1013
911,1015
911,1016
912,2
912,3
912,17
912,18
912,25
912,27
912,29
912,30
912,44
912,82
912,83
912,84
912,85
912,86
912,87
912,88
912,89
912,130
912,134
912,135
912,136
912,137
912,138
912,251
912,340
912,341
912,344
912,345
912,350
912,351
912,352
912,353
912,354
912,355
912,356
912,357
912,358
912,359
912,360
912,361
912,362
912,363
912,364
912,365
912,366
912,367
912,368
912,369
912,406
912,530
912,531
912,532
912,533
912,534
912,535
912,586
912,590
912,593
912,594
912,595
912,596
912,617
912,618
912,898
912,899
912,900
912,901
912,902
912,903
912,904
912,905
912,906
912,907
912,908
912,909
912,910
912,911
912,913
912,914
912,915
912,916
912,917
912,918
912,919
912,920
912,921
912,922
912,923
912,924
912,925
912,926
912,927
912,928
912,930
912,931
912,932
912,1008
912,1010
912,1011
912,1012
912,1013
912,1014
912,1015
912,1016
913,2
913,3
913,17
913,18
913,25
913,27
913,29
913,30
913,44
913,83
913,84
913,85
913,86
913,87
913,88
913,89
913,135
913,136
913,137
913,138
913,144
913,145
913,251
913,252
913,340
913,341
913,344
913,345
913,350
913,351
913,352
913,353
913,354
913,355
913,356
913,357
913,358
913,359
913,360
913,361
913,362
913,363
913,364
913,365
913,366
913,367
913,368
913,369
913,406
913,530
913,531
913,532
913,533
913,534
913,535
913,590
913,593
913,594
913,595
913,596
913,613
913,614
913,617
913,618
913,619
913,898
913,899
913,900
913,901
913,902
913,903
913,904
913,905
913,906
913,907
913,908
913,909
913,910
913,911
913,912
913,914
913,915
913,916
913,917
913,918
913,919
913,920
913,921
913,922
913,923
913,924
913,925
913,926
913,927
913,928
913,929
913,930
913,931
913,932
913,1008
913,1009
913,1010
913,1011
913,1012
913,1013
913,1014
913,1015
913,1016
914,2
914,3
914,17
914,18
914,25
914,27
914,29
914,30
914,44
914,83
914,84
914,85
914,86
914,87
914,88
914,89
914,134
914,135
914,136
914,137
914,138
914,144
914,145
914,251
914,252
914,341
914,345
914,350
914,351
914,352
914,353
914,354
914,355
914,356
914,357
914,358
914,359
914,360
914,361
914,362
914,363
914,364
914,365
914,366
914,367
914,368
914,369
914,406
914,530
914,531
914,532
914,533
914,534
914,535
914,586
914,587
914,590
914,591
914,593
914,594
914,595
914,596
914,613
914,614
914,617
914,618
914,898
914,899
914,900
914,901
914,902
914,903
914,904
914,905
914,906
914,907
914,908
914,909
914,910
914,911
914,912
914,913
914,915
914,916
914,917
914,918
914,919
914,920
914,921
914,922
914,923
914,924
914,925
914,926
914,927
914,928
914,929
914,930
914,931
914,932
914,1008
914,1009
914,1010
914,1011
914,1012
914,1013
914,1014
914,1015
914,1016
914,1017
914,1018
914,1020
914,1021
915,2
915,3
915,17
915,18
915,25
915,27
915,29
915,30
915,44
915,82
915,83
915,84
915,85
915,86
915,87
915,88
915,89
915,130
915,135
915,136
915,137
915,138
915,251
915,340
915,341
915,344
915,345
915,350
915,351
915,352
915,353
915,354
915,355
915,356
915,357
915,358
915,359
915,360
915,361
915,362
915,363
915,364
915,365
915,366
915,367
915,368
915,369
915,530
915,532
915,533
915,534
915,535
915,595
915,596
915,895
915,898
915,899
915,900
915,901
915,902
915,903
915,904
915,905
915,906
915,907
915,908
915,909
915,910
915,911
915,912
915,913
915,914
915,916
915,917
915,918
915,919
915,920
915,921
915,922
915,923
915,924
915,925
915,926
915,927
915,928
915,931
915,932
915,1008
915,1010
915,1012
915,1013
915,1015
915,1016
916,2
916,3
916,18
916,25
916,27
916,29
916,30
916,44
916,82
916,83
916,84
916,85
916,86
916,87
916,88
916,89
916,130
916,135
916,136
916,137
916,138
916,251
916,340
916,341
916,344
916,345
916,350
916,351
916,352
916,353
916,354
916,355
916,356
916,357
916,358
916,359
916,360
916,361
916,362
916,363
916,364
916,365
916,366
916,367
916,368
916,369
916,530
916,532
916,533
916,534
916,535
916,593
916,595
916,596
916,898
916,899
916,900
916,901
916,902
916,903
916,904
916,905
916,906
916,907
916,908
916,909
916,910
916,911
916,912
916,913
916,914
916,915
916,917
916,918
916,919
916,920
916,921
916,922
916,923
916,924
916,925
916,926
916,927
916,928
916,931
916,932
916,1008
916,1010
916,1011
916,1012
916,1013
916,1014
916,1015
916,1016
917,2
917,3
917,18
917,25
917,27
917,29
917,30
917,44
917,84
917,85
917,86
917,87
917,88
917,89
917,135
917,137
917,138
917,144
917,145
917,251
917,341
917,344
917,345
917,350
917,351
917,352
917,353
917,354
917,355
917,356
917,357
917,358
917,359
917,360
917,361
917,362
917,363
917,364
917,365
917,366
917,367
917,368
917,369
917,406
917,530
917,532
917,533
917,534
917,535
917,595
917,596
917,617
917,618
917,898
917,899
917,900
917,901
917,902
917,903
917,904
917,905
917,906
917,907
917,908
917,909
917,910
917,911
917,912
917,913
917,914
917,915
917,916
917,918
917,919
917,920
917,921
917,922
917,923
917,924
917,925
917,926
917,927
917,928
917,929
917,930
917,931
917,932
917,1008
917,1010
917,1011
917,1012
917,1013
917,1014
917,1015
917,1016
918,2
918,3
918,18
918,25
918,27
918,29
918,30
918,44
918,84
918,85
918,86
918,87
918,88
918,89
918,135
918,136
918,137
918,138
918,144
918,145
918,251
918,341
918,345
918,350
918,351
918,352
918,353
918,354
918,355
918,356
918,357
918,358
918,359
918,360
918,361
918,362
918,363
918,364
918,365
918,366
918,367
918,368
918,369
918,406
918,530
918,532
918,533
918,534
918,535
918,593
918,595
918,596
918,617
918,618
918,898
918,899
918,900
918,901
918,902
918,903
918,904
918,905
918,906
918,907
918,908
918,909
918,910
918,911
918,912
918,913
918,914
918,915
918,916
918,917
918,919
918,920
918,921
918,922
918,923
918,924
918,925
918,926
918,927
918,928
918,929
918,930
918,931
918,932
918,1008
918,1009
918,1010
918,1011
918,1012
918,1013
918,1014
918,1015
918,1016
918,1020
918,1021
919,2
919,3
919,18
919,25
919,27
919,29
919,30
919,44
919,84
919,85
919,86
919,87
919,88
919,89
919,135
919,137
919,138
919,143
919,144
919,145
919,251
919,252
919,351
919,352
919,353
919,354
919,355
919,356
919,357
919,358
919,359
919,360
919,361
919,362
919,363
919,364
919,365
919,366
919,367
919,368
919,369
919,370
919,372
919,406
919,409
919,530
919,531
919,532
919,533
919,534
919,535
919,593
919,594
919,595
919,596
919,613
919,614
919,615
919,617
919,618
919,619
919,898
919,899
919,900
919,901
919,902
919,903
919,904
919,905
919,906
919,907
919,908
919,909
919,910
919,911
919,912
919,913
919,914
919,915
919,916
919,917
919,918
919,920
919,921
919,922
919,923
919,924
919,925
919,926
919,927
919,928
919,929
919,930
919,931
919,932
919,1008
919,1009
919,1010
919,1011
919,1012
919,1013
919,1014
919,1015
919,1016
919,1017
919,1018
919,1020
919,1021
920,2
920,3
920,18
920,25
920,27
920,29
920,30
920,44
920,84
920,85
920,86
920,87
920,88
920,89
920,135
920,136
920,137
920,138
920,143
920,144
920,145
920,251
920,252
920,351
920,352
920,353
920,354
920,355
920,356
920,357
920,358
920,359
920,360
920,361
920,362
920,363
920,364
920,365
920,366
920,367
920,368
920,369
920,370
920,372
920,406
920,407
920,409
920,530
920,531
920,532
920,533
920,534
920,535
920,590
920,591
920,592
920,593
920,594
920,595
920,596
920,613
920,614
920,615
920,616
920,617
920,618
920,619
920,898
920,899
920,900
920,901
920,902
920,903
920,904
920,905
920,906
920,907
920,908
920,909
920,910
920,911
920,912
920,913
920,914
920,915
920,916
920,917
920,918
920,919
920,921
920,922
920,923
920,924
920,925
920,926
920,927
920,928
920,929
920,930
920,931
920,932
920,1008
920,1009
920,1010
920,1011
920,1012
920,1013
920,1014
920,1015
920,1016
920,1017
920,1018
920,1020
920,1021
921,2
921,3
921,18
921,25
921,27
921,29
921,30
921,31
921,44
921,84
921,85
921,86
921,87
921,88
921,89
921,137
921,138
921,143
921,144
921,145
921,149
921,150
921,251
921,252
921,351
921,352
921,353
921,354
921,355
921,356
921,357
921,358
921,359
921,360
921,363
921,364
921,365
921,366
921,367
921,368
921,369
921,370
921,372
921,406
921,407
921,409
921,530
921,531
921,532
921,533
921,534
921,535
921,593
921,594
921,595
921,596
921,613
921,614
921,615
921,616
921,617
921,618
921,619
921,898
921,899
921,900
921,901
921,902
921,903
921,904
921,905
921,906
921,907
921,908
921,909
921,910
921,911
921,912
921,913
921,914
921,915
921,916
921,917
921,918
921,919
921,920
921,922
921,923
921,924
921,925
921,926
921,927
921,928
921,929
921,930
921,931
921,932
921,1008
921,1009
921,1010
921,1011
921,1012
921,1013
921,1014
921,1015
921,1016
921,1017
921,1018
921,1019
921,1020
921,1021
921,1022
922,2
922,3
922,18
922,25
922,27
922,29
922,30
922,31
922,44
922,84
922,85
922,86
922,87
922,88
922,89
922,135
922,137
922,138
922,143
922,144
922,145
922,149
922,150
922,251
922,252
922,351
922,352
922,353
922,354
922,355
922,356
922,357
922,358
922,359
922,360
922,362
922,363
922,364
922,365
922,366
922,367
922,368
922,369
922,370
922,372
922,406
922,407
922,409
922,530
922,531
922,532
922,533
922,534
922,535
922,590
922,591
922,592
922,593
922,594
922,595
922,596
922,602
922,613
922,614
922,615
922,616
922,617
922,618
922,619
922,898
922,899
922,900
922,901
922,902
922,903
922,904
922,905
922,906
922,907
922,908
922,909
922,910
922,911
922,912
922,913
922,914
922,915
922,916
922,917
922,918
922,919
922,920
922,921
922,923
922,924
922,925
922,926
922,927
922,928
922,929
922,930
922,931
922,932
922,1008
922,1009
922,1010
922,1011
922,1012
922,1013
922,1014
922,1015
922,1016
922,1017
922,1018
922,1019
922,1020
922,1021
922,1022
922,1023
923,2
923,3
923,18
923,25
923,27
923,29
923,30
923,44
923,85
923,86
923,87
923,88
923,89
923,137
923,138
923,144
923,145
923,251
923,252
923,351
923,352
923,353
923,354
923,355
923,356
923,357
923,358
923,359
923,360
923,361
923,362
923,363
923,364
923,365
923,366
923,367
923,368
923,369
923,370
923,372
923,406
923,409
923,530
923,532
923,533
923,534
923,535
923,595
923,596
923,617
923,618
923,898
923,899
923,900
923,901
923,902
923,903
923,904
923,905
923,906
923,907
923,908
923,909
923,910
923,911
923,912
923,913
923,914
923,915
923,916
923,917
923,918
923,919
923,920
923,921
923,922
923,924
923,925
923,926
923,927
923,928
923,929
923,930
923,931
923,932
923,1008
923,1009
923,1010
923,1011
923,1012
923,1013
923,1014
923,1015
923,1016
923,1017
923,1018
923,1020
923,1021
924,2
924,3
924,18
924,25
924,27
924,29
924,30
924,44
924,85
924,86
924,87
924,88
924,89
924,137
924,138
924,144
924,145
924,251
924,252
924,351
924,352
924,353
924,354
924,355
924,356
924,357
924,358
924,359
924,360
924,361
924,362
924,363
924,364
924,365
924,366
924,367
924,368
924,369
924,370
924,372
924,406
924,409
924,530
924,531
924,532
924,533
924,534
924,535
924,593
924,594
924,595
924,596
924,617
924,618
924,898
924,899
924,900
924,901
924,902
924,903
924,904
924,905
924,906
924,907
924,908
924,909
924,910
924,911
924,912
924,913
924,914
924,915
924,916
924,917
924,918
924,919
924,920
924,921
924,922
924,923
924,925
924,926
924,927
924,928
924,929
924,930
924,931
924,932
924,1008
924,1009
924,1010
924,1011
924,1012
924,1013
924,1014
924,1015
924,1016
924,1017
924,1018
924,1020
924,1021
925,2
925,3
925,18
925,25
925,27
925,29
925,30
925,31
925,44
925,86
925,88
925,89
925,137
925,138
925,143
925,144
925,145
925,150
925,251
925,252
925,351
925,352
925,353
925,354
925,355
925,356
925,357
925,358
925,359
925,360
925,361
925,362
925,363
925,364
925,365
925,366
925,367
925,368
925,369
925,370
925,372
925,406
925,407
925,409
925,530
925,531
925,532
925,533
925,534
925,535
925,595
925,596
925,613
925,614
925,617
925,618
925,619
925,898
925,899
925,900
925,901
925,902
925,903
925,904
925,905
925,906
925,907
925,908
925,909
925,910
925,911
925,912
925,913
925,914
925,915
925,916
925,917
925,918
925,919
925,920
925,921
925,922
925,923
925,924
925,926
925,927
925,928
925,929
925,930
925,931
925,932
925,1008
925,1009
925,1010
925,1011
925,1012
925,1013
925,1014
925,1015
925,1016
925,1017
925,1018
925,1019
925,1020
925,1021
925,1022
925,1023
926,2
926,3
926,18
926,25
926,27
926,29
926,30
926,31
926,44
926,86
926,88
926,89
926,137
926,138
926,144
926,145
926,150
926,251
926,252
926,352
926,353
926,354
926,355
926,356
926,357
926,358
926,359
926,360
926,362
926,363
926,364
926,365
926,366
926,367
926,368
926,369
926,370
926,372
926,406
926,407
926,409
926,530
926,531
926,532
926,533
926,534
926,535
926,593
926,594
926,595
926,596
926,614
926,617
926,618
926,619
926,898
926,899
926,900
926,901
926,902
926,903
926,904
926,905
926,906
926,907
926,908
926,909
926,910
926,911
926,912
926,913
926,914
926,915
926,916
926,917
926,918
926,919
926,920
926,921
926,922
926,923
926,924
926,925
926,927
926,928
926,929
926,930
926,931
926,932
926,1008
926,1009
926,1010
926,1011
926,1012
926,1013
926,1014
926,1015
926,1016
926,1017
926,1018
926,1019
926,1020
926,1021
926,1022
926,1023
927,2
927,3
927,18
927,25
927,27
927,29
927,30
927,31
927,44
927,84
927,86
927,87
927,88
927,89
927,135
927,137
927,138
927,139
927,140
927,143
927,144
927,145
927,146
927,149
927,150
927,151
927,152
927,251
927,252
927,353
927,354
927,357
927,358
927,359
927,360
927,363
927,364
927,365
927,366
927,367
927,368
927,369
927,370
927,371
927,372
927,373
927,406
927,407
927,409
927,530
927,531
927,532
927,533
927,534
927,535
927,583
927,586
927,587
927,588
927,589
927,590
927,591
927,592
927,593
927,594
927,595
927,596
927,597
927,598
927,599
927,600
927,601
927,602
927,603
927,604
927,605
927,606
927,607
927,608
927,609
927,610
927,611
927,612
927,613
927,614
927,615
927,616
927,617
927,618
927,619
927,624
927,904
927,905
927,906
927,907
927,908
927,909
927,910
927,911
927,912
927,913
927,914
927,915
927,916
927,917
927,918
927,919
927,920
927,921
927,922
927,923
927,924
927,925
927,926
927,928
927,929
927,930
927,931
927,932
927,1008
927,1009
927,1010
927,1011
927,1012
927,1013
927,1014
927,1015
927,1016
927,1017
927,1018
927,1019
927,1020
927,1021
927,1022
927,1023
928,2
928,3
928,18
928,25
928,27
928,29
928,30
928,31
928,44
928,84
928,86
928,87
928,88
928,89
928,135
928,137
928,138
928,140
928,143
928,144
928,145
928,146
928,149
928,150
928,151
928,152
928,251
928,252
928,353
928,354
928,357
928,358
928,359
928,360
928,364
928,365
928,366
928,367
928,368
928,369
928,370
928,371
928,372
928,373
928,406
928,407
928,408
928,409
928,410
928,530
928,531
928,532
928,533
928,534
928,535
928,583
928,584
928,586
928,587
928,588
928,589
928,590
928,591
928,592
928,593
928,594
928,595
928,596
928,597
928,598
928,599
928,600
928,601
928,602
928,603
928,604
928,605
928,606
928,607
928,608
928,609
928,610
928,611
928,612
928,613
928,614
928,615
928,616
928,617
928,618
928,619
928,624
928,904
928,905
928,906
928,907
928,908
928,909
928,910
928,911
928,912
928,913
928,914
928,915
928,916
928,917
928,918
928,919
928,920
928,921
928,922
928,923
928,924
928,925
928,926
928,927
928,929
928,930
928,931
928,932
928,1008
928,1009
928,1010
928,1011
928,1012
928,1013
928,1014
928,1015
928,1016
928,1017
928,1018
928,1019
928,1020
928,1021
928,1022
928,1023
929,2
929,3
929,18
929,25
929,27
929,29
929,30
929,31
929,44
929,84
929,86
929,87
929,88
929,89
929,138
929,139
929,140
929,143
929,144
929,145
929,146
929,147
929,148
929,149
929,150
929,151
929,152
929,251
929,252
929,353
929,354
929,357
929,358
929,359
929,360
929,365
929,366
929,367
929,368
929,369
929,370
929,371
929,372
929,373
929,406
929,407
929,408
929,409
929,410
929,530
929,531
929,532
929,533
929,534
929,535
929,588
929,589
929,590
929,591
929,592
929,593
929,594
929,595
929,596
929,597
929,598
929,599
929,600
929,601
929,602
929,603
929,604
929,605
929,606
929,607
929,608
929,609
929,610
929,611
929,612
929,613
929,614
929,615
929,616
929,617
929,618
929,619
929,620
929,621
929,624
929,625
929,904
929,905
929,906
929,907
929,908
929,909
929,910
929,911
929,913
929,914
929,917
929,918
929,919
929,920
929,921
929,922
929,923
929,924
929,925
929,926
929,927
929,928
929,930
929,931
929,932
929,1008
929,1009
929,1010
929,1011
929,1012
929,1013
929,1014
929,1015
929,1016
929,1017
929,1018
929,1019
929,1020
929,1021
929,1022
929,1023
930,2
930,3
930,18
930,25
930,27
930,29
930,30
930,31
930,44
930,84
930,86
930,87
930,88
930,89
930,135
930,137
930,138
930,139
930,140
930,143
930,144
930,145
930,146
930,147
930,148
930,149
930,150
930,151
930,152
930,163
930,251
930,252
930,353
930,354
930,357
930,358
930,359
930,360
930,365
930,366
930,367
930,368
930,369
930,370
930,371
930,372
930,373
930,406
930,407
930,408
930,409
930,410
930,530
930,531
930,532
930,533
930,534
930,535
930,586
930,587
930,588
930,589
930,590
930,591
930,592
930,593
930,594
930,595
930,596
930,597
930,598
930,599
930,600
930,601
930,602
930,603
930,604
930,605
930,606
930,607
930,608
930,609
930,610
930,611
930,612
930,613
930,614
930,615
930,616
930,617
930,618
930,619
930,620
930,621
930,624
930,625
930,904
930,905
930,906
930,907
930,908
930,909
930,910
930,911
930,912
930,913
930,914
930,917
930,918
930,919
930,920
930,921
930,922
930,923
930,924
930,925
930,926
930,927
930,928
930,929
930,931
930,932
930,1008
930,1009
930,1010
930,1011
930,1012
930,1013
930,1014
930,1015
930,1016
930,1017
930,1018
930,1019
930,1020
930,1021
930,1022
930,1023
930,1024
931,2
931,3
931,18
931,25
931,27
931,29
931,30
931,31
931,44
931,84
931,86
931,87
931,88
931,89
931,135
931,137
931,138
931,143
931,144
931,145
931,146
931,149
931,150
931,152
931,251
931,252
931,353
931,354
931,357
931,358
931,359
931,360
931,363
931,364
931,365
931,366
931,367
931,368
931,369
931,370
931,371
931,372
931,373
931,406
931,407
931,409
931,410
931,530
931,531
931,532
931,533
931,534
931,535
931,590
931,591
931,592
931,593
931,594
931,595
931,596
931,598
931,601
931,602
931,603
931,604
931,609
931,610
931,611
931,612
931,613
931,614
931,615
931,616
931,617
931,618
931,619
931,899
931,904
931,905
931,906
931,907
931,908
931,909
931,910
931,911
931,912
931,913
931,914
931,915
931,916
931,917
931,918
931,919
931,920
931,921
931,922
931,923
931,924
931,925
931,926
931,927
931,928
931,929
931,930
931,932
931,1008
931,1009
931,1010
931,1011
931,1012
931,1013
931,1014
931,1015
931,1016
931,1017
931,1018
931,1019
931,1020
931,1021
931,1022
931,1023
932,2
932,3
932,18
932,25
932,27
932,29
932,30
932,31
932,44
932,86
932,87
932,88
932,89
932,138
932,140
932,143
932,144
932,145
932,146
932,148
932,149
932,150
932,151
932,152
932,251
932,252
932,353
932,354
932,357
932,358
932,359
932,360
932,364
932,365
932,366
932,367
932,368
932,369
932,370
932,371
932,372
932,373
932,406
932,407
932,408
932,409
932,410
932,411
932,530
932,531
932,532
932,533
932,534
932,535
932,590
932,591
932,592
932,593
932,594
932,595
932,596
932,597
932,598
932,599
932,600
932,601
932,602
932,603
932,604
932,605
932,606
932,607
932,608
932,609
932,610
932,611
932,612
932,613
932,614
932,615
932,616
932,617
932,618
932,619
932,624
932,904
932,905
932,906
932,907
932,908
932,909
932,910
932,911
932,912
932,913
932,914
932,915
932,916
932,917
932,918
932,919
932,920
932,921
932,922
932,923
932,924
932,925
932,926
932,927
932,928
932,929
932,930
932,931
932,1008
932,1009
932,1010
932,1011
932,1012
932,1013
932,1014
932,1015
932,1016
932,1017
932,1018
932,1019
932,1020
932,1021
932,1022
932,1023
932,1024
932,1025
932,1026
933,4
933,26
933,35
933,36
933,37
933,48
933,49
933,50
933,209
933,210
933,211
933,212
933,213
933,214
933,219
933,220
933,221
933,222
933,223
933,224
933,225
933,226
933,227
933,228
933,229
933,230
933,231
933,394
933,395
933,396
933,397
933,398
933,399
933,400
933,401
933,402
933,403
933,404
933,405
933,934
933,935
933,936
933,937
933,938
933,939
933,940
933,941
933,942
933,943
933,944
933,945
933,946
933,947
933,948
933,949
933,950
933,951
933,952
933,953
933,955
933,956
933,957
933,958
934,4
934,26
934,35
934,36
934,37
934,48
934,49
934,50
934,210
934,212
934,213
934,214
934,219
934,220
934,221
934,222
934,223
934,224
934,225
934,226
934,227
934,228
934,229
934,230
934,231
934,394
934,395
934,396
934,397
934,398
934,399
934,400
934,401
934,402
934,403
934,404
934,405
934,933
934,935
934,936
934,937
934,938
934,939
934,940
934,941
934,942
934,943
934,944
934,945
934,946
934,947
934,948
934,950
934,951
934,952
934,955
934,956
934,957
934,958
935,4
935,26
935,35
935,36
935,37
935,48
935,49
935,50
935,210
935,212
935,213
935,214
935,219
935,220
935,221
935,222
935,223
935,224
935,225
935,226
935,227
935,228
935,229
935,230
935,231
935,232
935,233
935,394
935,395
935,396
935,397
935,398
935,399
935,400
935,401
935,402
935,403
935,404
935,405
935,933
935,934
935,936
935,937
935,938
935,939
935,940
935,941
935,942
935,943
935,944
935,945
935,946
935,947
935,948
935,949
935,950
935,951
935,952
935,953
935,954
935,955
935,956
935,957
935,958
935,961
935,968
935,969
935,972
936,4
936,26
936,35
936,36
936,37
936,48
936,49
936,50
936,210
936,212
936,213
936,214
936,219
936,220
936,221
936,222
936,223
936,224
936,225
936,226
936,227
936,228
936,229
936,230
936,231
936,232
936,233
936,394
936,395
936,396
936,397
936,398
936,399
936,400
936,401
936,402
936,403
936,404
936,405
936,933
936,934
936,935
936,937
936,938
936,939
936,940
936,941
936,942
936,943
936,944
936,945
936,946
936,947
936,948
936,949
936,950
936,951
936,952
936,953
936,954
936,955
936,956
936,957
936,958
936,961
936,968
936,969
936,972
936,973
937,4
937,26
937,35
937,36
937,37
937,48
937,49
937,50
937,210
937,211
937,212
937,213
937,214
937,219
937,220
937,221
937,222
937,223
937,224
937,225
937,226
937,227
937,228
937,229
937,230
937,231
937,393
937,394
937,395
937,396
937,397
937,398
937,399
937,400
937,401
937,402
937,403
937,404
937,405
937,933
937,934
937,935
937,936
937,938
937,939
937,940
937,941
937,942
937,943
937,944
937,945
937,946
937,947
937,948
937,949
937,950
937,951
937,952
937,953
937,954
937,955
937,956
937,957
937,958
938,4
938,35
938,36
938,37
938,48
938,49
938,50
938,210
938,212
938,213
938,214
938,220
938,221
938,222
938,223
938,224
938,225
938,226
938,227
938,228
938,229
938,230
938,231
938,394
938,395
938,396
938,397
938,398
938,399
938,400
938,401
938,402
938,403
938,404
938,405
938,933
938,934
938,935
938,936
938,937
938,939
938,940
938,941
938,942
938,943
938,944
938,945
938,946
938,947
938,948
938,950
938,951
938,952
938,953
938,954
938,955
938,956
938,957
938,958
939,4
939,26
939,35
939,36
939,37
939,38
939,48
939,49
939,50
939,213
939,214
939,220
939,221
939,222
939,223
939,224
939,225
939,226
939,227
939,228
939,229
939,230
939,231
939,233
939,394
939,395
939,396
939,397
939,398
939,399
939,400
939,401
939,402
939,403
939,404
939,405
939,933
939,934
939,935
939,936
939,937
939,938
939,940
939,941
939,942
939,943
939,944
939,945
939,946
939,947
939,948
939,949
939,950
939,951
939,952
939,953
939,954
939,955
939,956
939,957
939,958
939,968
939,969
939,972
939,973
940,4
940,26
940,35
940,36
940,37
940,38
940,48
940,49
940,50
940,213
940,214
940,219
940,220
940,221
940,222
940,223
940,224
940,225
940,226
940,227
940,228
940,229
940,230
940,231
940,232
940,233
940,395
940,397
940,399
940,400
940,401
940,402
940,403
940,404
940,405
940,933
940,934
940,935
940,936
940,937
940,938
940,939
940,941
940,942
940,943
940,944
940,945
940,946
940,947
940,948
940,949
940,950
940,951
940,952
940,953
940,954
940,955
940,956
940,957
940,958
940,959
940,961
940,962
940,963
940,968
940,969
940,970
940,971
940,972
940,973
940,974
941,4
941,26
941,35
941,36
941,37
941,38
941,48
941,49
941,50
941,213
941,214
941,219
941,220
941,221
941,222
941,223
941,224
941,225
941,226
941,227
941,228
941,229
941,230
941,231
941,232
941,233
941,395
941,397
941,399
941,400
941,401
941,402
941,403
941,404
941,405
941,933
941,934
941,935
941,936
941,937
941,938
941,939
941,940
941,942
941,943
941,944
941,945
941,946
941,947
941,948
941,949
941,950
941,951
941,952
941,953
941,954
941,955
941,956
941,957
941,958
941,959
941,961
941,963
941,968
941,969
941,972
941,973
942,4
942,26
942,36
942,37
942,38
942,48
942,49
942,50
942,220
942,221
942,222
942,223
942,224
942,225
942,226
942,227
942,228
942,229
942,230
942,231
942,232
942,233
942,234
942,235
942,395
942,397
942,399
942,400
942,401
942,402
942,403
942,404
942,405
942,933
942,934
942,935
942,936
942,937
942,938
942,939
942,940
942,941
942,943
942,944
942,945
942,946
942,947
942,948
942,949
942,950
942,951
942,952
942,953
942,954
942,955
942,956
942,957
942,958
942,959
942,960
942,961
942,962
942,963
942,968
942,969
942,970
942,971
942,972
942,973
942,974
942,975
942,976
942,977
943,4
943,26
943,36
943,37
943,38
943,48
943,49
943,50
943,220
943,221
943,222
943,223
943,224
943,225
943,226
943,227
943,228
943,229
943,230
943,231
943,232
943,233
943,234
943,235
943,395
943,397
943,399
943,400
943,401
943,402
943,403
943,404
943,405
943,933
943,934
943,935
943,936
943,937
943,938
943,939
943,940
943,941
943,942
943,944
943,945
943,946
943,947
943,948
943,949
943,950
943,951
943,952
943,953
943,954
943,955
943,956
943,957
943,958
943,959
943,960
943,961
943,962
943,963
943,968
943,969
943,970
943,971
943,972
943,973
943,974
943,975
943,976
943,977
944,4
944,26
944,35
944,36
944,37
944,38
944,48
944,49
944,50
944,214
944,220
944,221
944,222
944,223
944,224
944,225
944,226
944,227
944,228
944,229
944,230
944,231
944,232
944,233
944,395
944,397
944,399
944,400
944,401
944,402
944,403
944,404
944,405
944,933
944,934
944,935
944,936
944,937
944,938
944,939
944,940
944,941
944,942
944,943
944,945
944,946
944,947
944,948
944,949
944,950
944,951
944,952
944,953
944,954
944,955
944,956
944,957
944,958
944,959
944,961
944,968
944,969
944,972
944,973
944,974
945,4
945,26
945,35
945,36
945,37
945,38
945,48
945,49
945,50
945,221
945,222
945,223
945,224
945,225
945,226
945,227
945,228
945,229
945,230
945,231
945,232
945,233
945,235
945,395
945,397
945,399
945,400
945,401
945,402
945,403
945,404
945,405
945,933
945,934
945,935
945,936
945,937
945,938
945,939
945,940
945,941
945,942
945,943
945,944
945,946
945,947
945,948
945,949
945,950
945,951
945,952
945,953
945,954
945,955
945,956
945,957
945,958
945,959
945,960
945,961
945,962
945,963
945,968
945,969
945,970
945,971
945,972
945,973
945,974
945,975
945,976
945,977
945,980
945,981
946,4
946,26
946,36
946,37
946,38
946,48
946,49
946,50
946,222
946,223
946,224
946,225
946,226
946,227
946,228
946,229
946,230
946,231
946,232
946,233
946,395
946,397
946,399
946,400
946,401
946,402
946,403
946,404
946,405
946,933
946,934
946,935
946,936
946,937
946,938
946,939
946,940
946,941
946,942
946,943
946,944
946,945
946,947
946,948
946,949
946,950
946,951
946,952
946,953
946,954
946,955
946,956
946,957
946,958
946,959
946,961
946,962
946,963
946,968
946,969
946,970
946,971
946,972
946,973
946,974
946,975
946,977
947,4
947,26
947,36
947,37
947,38
947,48
947,49
947,50
947,221
947,222
947,223
947,224
947,225
947,226
947,227
947,228
947,229
947,230
947,231
947,232
947,233
947,234
947,235
947,400
947,401
947,402
947,403
947,404
947,405
947,933
947,934
947,935
947,936
947,937
947,938
947,939
947,940
947,941
947,942
947,943
947,944
947,945
947,946
947,948
947,949
947,950
947,951
947,952
947,953
947,954
947,955
947,956
947,957
947,958
947,959
947,960
947,961
947,962
947,963
947,964
947,966
947,967
947,968
947,969
947,970
947,971
947,972
947,973
947,974
947,975
947,976
947,977
947,978
947,980
947,981
947,982
948,4
948,26
948,36
948,37
948,38
948,48
948,49
948,50
948,221
948,222
948,224
948,225
948,226
948,227
948,228
948,229
948,230
948,231
948,232
948,233
948,234
948,235
948,400
948,401
948,402
948,403
948,404
948,405
948,933
948,934
948,935
948,936
948,937
948,938
948,939
948,940
948,941
948,942
948,943
948,944
948,945
948,946
948,947
948,949
948,950
948,951
948,952
948,953
948,954
948,955
948,956
948,957
948,958
948,959
948,960
948,961
948,962
948,963
948,964
948,966
948,968
948,969
948,970
948,971
948,972
948,973
948,974
948,975
948,976
948,977
948,980
948,981
949,4
949,26
949,36
949,37
949,38
949,39
949,48
949,49
949,50
949,222
949,224
949,225
949,226
949,227
949,228
949,229
949,230
949,231
949,232
949,233
949,234
949,235
949,237
949,238
949,400
949,401
949,402
949,403
949,404
949,405
949,679
949,933
949,934
949,935
949,936
949,937
949,939
949,940
949,941
949,942
949,943
949,944
949,945
949,946
949,947
949,948
949,950
949,951
949,952
949,953
949,954
949,956
949,958
949,959
949,960
949,961
949,962
949,963
949,964
949,965
949,966
949,967
949,968
949,969
949,970
949,971
949,972
949,973
949,974
949,975
949,976
949,977
949,978
949,979
949,980
949,981
949,982
949,983
949,992
950,4
950,26
950,36
950,37
950,38
950,39
950,48
950,49
950,50
950,222
950,224
950,225
950,226
950,227
950,228
950,229
950,230
950,231
950,232
950,233
950,234
950,235
950,237
950,238
950,400
950,401
950,402
950,403
950,404
950,405
950,679
950,933
950,934
950,935
950,936
950,937
950,938
950,939
950,940
950,941
950,942
950,943
950,944
950,945
950,946
950,947
950,948
950,949
950,951
950,952
950,953
950,954
950,955
950,956
950,958
950,959
950,960
950,961
950,962
950,963
950,964
950,965
950,966
950,967
950,968
950,969
950,970
950,971
950,972
950,973
950,974
950,975
950,976
950,977
950,978
950,979
950,980
950,981
950,982
950,983
950,992
950,993
950,997
951,4
951,26
951,36
951,37
951,38
951,48
951,49
951,50
951,224
951,225
951,226
951,227
951,228
951,229
951,230
951,231
951,232
951,233
951,234
951,235
951,400
951,401
951,402
951,403
951,404
951,405
951,933
951,934
951,935
951,936
951,937
951,938
951,939
951,940
951,941
951,942
951,943
951,944
951,945
951,946
951,947
951,948
951,949
951,950
951,952
951,953
951,954
951,955
951,956
951,957
951,958
951,959
951,960
951,961
951,962
951,963
951,964
951,966
951,968
951,969
951,970
951,971
951,972
951,973
951,974
951,975
951,976
951,977
951,978
951,980
951,981
951,982
952,4
952,26
952,36
952,37
952,38
952,48
952,49
952,50
952,224
952,225
952,226
952,227
952,228
952,229
952,230
952,231
952,232
952,233
952,234
952,235
952,400
952,401
952,402
952,403
952,404
952,405
952,933
952,934
952,935
952,936
952,937
952,938
952,939
952,940
952,941
952,942
952,943
952,944
952,945
952,946
952,947
952,948
952,949
952,950
952,951
952,953
952,954
952,955
952,956
952,957
952,958
952,959
952,960
952,961
952,962
952,963
952,966
952,968
952,969
952,970
952,971
952,972
952,973
952,974
952,975
952,976
952,977
952,980
952,981
953,4
953,26
953,36
953,37
953,38
953,48
953,49
953,50
953,225
953,226
953,227
953,228
953,229
953,230
953,231
953,232
953,233
953,234
953,235
953,238
953,400
953,401
953,402
953,403
953,404
953,405
953,933
953,935
953,936
953,937
953,938
953,939
953,940
953,941
953,942
953,943
953,944
953,945
953,946
953,947
953,948
953,949
953,950
953,951
953,952
953,954
953,955
953,956
953,958
953,959
953,960
953,961
953,962
953,963
953,964
953,966
953,967
953,968
953,969
953,970
953,971
953,972
953,973
953,974
953,975
953,976
953,977
953,978
953,979
953,980
953,981
953,982
953,983
953,992
953,996
954,4
954,26
954,36
954,37
954,38
954,48
954,49
954,50
954,225
954,226
954,227
954,228
954,229
954,230
954,231
954,232
954,233
954,234
954,235
954,400
954,401
954,402
954,403
954,404
954,405
954,935
954,936
954,937
954,938
954,939
954,940
954,941
954,942
954,943
954,944
954,945
954,946
954,947
954,948
954,949
954,950
954,951
954,952
954,953
954,955
954,956
954,958
954,959
954,960
954,961
954,962
954,963
954,964
954,966
954,967
954,968
954,969
954,970
954,971
954,972
954,973
954,974
954,975
954,976
954,977
954,978
954,979
954,980
954,981
954,982
954,983
955,4
955,35
955,36
955,37
955,48
955,49
955,50
955,213
955,214
955,223
955,224
955,225
955,226
955,228
955,229
955,231
955,394
955,395
955,396
955,397
955,398
955,399
955,400
955,401
955,402
955,403
955,404
955,405
955,933
955,934
955,935
955,936
955,937
955,938
955,939
955,940
955,941
955,942
955,943
955,944
955,945
955,946
955,947
955,948
955,950
955,951
955,952
955,953
955,954
955,956
955,957
955,958
956,4
956,35
956,36
956,37
956,38
956,48
956,49
956,50
956,214
956,223
956,224
956,225
956,226
956,228
956,229
956,230
956,231
956,394
956,395
956,396
956,397
956,398
956,399
956,400
956,401
956,402
956,403
956,404
956,405
956,933
956,934
956,935
956,936
956,937
956,938
956,939
956,940
956,941
956,942
956,943
956,944
956,945
956,946
956,947
956,948
956,949
956,950
956,951
956,952
956,953
956,954
956,955
956,957
956,958
956,972
956,973
957,4
957,35
957,36
957,37
957,48
957,49
957,50
957,214
957,223
957,224
957,225
957,226
957,229
957,394
957,395
957,396
957,397
957,398
957,399
957,400
957,401
957,402
957,403
957,404
957,405
957,933
957,934
957,935
957,936
957,937
957,938
957,939
957,940
957,941
957,942
957,943
957,944
957,945
957,946
957,947
957,948
957,951
957,952
957,955
957,956
957,958
958,4
958,35
958,36
958,37
958,38
958,48
958,49
958,50
958,224
958,225
958,226
958,229
958,395
958,396
958,397
958,398
958,399
958,400
958,401
958,402
958,403
958,404
958,405
958,933
958,934
958,935
958,936
958,937
958,938
958,939
958,940
958,941
958,942
958,943
958,944
958,945
958,946
958,947
958,948
958,950
958,951
958,952
958,953
958,954
958,955
958,956
958,957
959,4
959,26
959,36
959,37
959,38
959,39
959,49
959,50
959,221
959,222
959,225
959,226
959,227
959,228
959,229
959,230
959,231
959,232
959,233
959,234
959,235
959,237
959,238
959,239
959,240
959,401
959,403
959,404
959,669
959,671
959,672
959,673
959,674
959,675
959,676
959,677
959,678
959,679
959,680
959,681
959,682
959,683
959,684
959,685
959,686
959,687
959,688
959,690
959,691
959,692
959,694
959,695
959,940
959,941
959,942
959,943
959,944
959,945
959,946
959,947
959,948
959,949
959,950
959,951
959,952
959,953
959,954
959,960
959,961
959,962
959,963
959,964
959,965
959,966
959,967
959,968
959,969
959,970
959,971
959,972
959,973
959,974
959,975
959,976
959,977
959,978
959,979
959,980
959,981
959,982
959,983
959,984
959,985
959,986
959,987
959,992
959,993
959,996
960,4
960,26
960,36
960,37
960,38
960,39
960,41
960,49
960,50
960,225
960,226
960,227
960,228
960,229
960,230
960,231
960,232
960,233
960,234
960,235
960,236
960,237
960,238
960,239
960,240
960,401
960,403
960,404
960,673
960,674
960,675
960,677
960,678
960,679
960,680
960,681
960,682
960,683
960,684
960,685
960,686
960,687
960,688
960,689
960,690
960,691
960,692
960,693
960,694
960,695
960,698
960,702
960,942
960,943
960,945
960,947
960,948
960,949
960,950
960,951
960,952
960,953
960,954
960,959
960,961
960,962
960,963
960,964
960,965
960,966
960,967
960,968
960,969
960,970
960,971
960,972
960,973
960,974
960,975
960,976
960,977
960,978
960,979
960,980
960,981
960,982
960,983
960,984
960,985
960,986
960,987
960,992
960,993
960,994
960,995
960,996
960,997
961,4
961,26
961,36
961,37
961,38
961,39
961,41
961,49
961,50
961,222
961,225
961,226
961,227
961,228
961,229
961,230
961,231
961,232
961,233
961,234
961,235
961,237
961,238
961,239
961,240
961,401
961,403
961,404
961,673
961,674
961,675
961,677
961,678
961,679
961,680
961,681
961,682
961,683
961,684
961,685
961,686
961,687
961,690
961,694
961,935
961,936
961,940
961,941
961,942
961,943
961,944
961,945
961,946
961,947
961,948
961,949
961,950
961,951
961,952
961,953
961,954
961,959
961,960
961,962
961,963
961,964
961,965
961,966
961,967
961,968
961,969
961,970
961,971
961,972
961,973
961,974
961,975
961,976
961,977
961,978
961,979
961,980
961,981
961,982
961,983
961,984
961,985
961,986
961,987
961,992
961,993
961,994
961,996
961,997
962,4
962,26
962,36
962,37
962,38
962,39
962,41
962,49
962,50
962,226
962,227
962,228
962,229
962,230
962,231
962,232
962,233
962,234
962,235
962,237
962,238
962,239
962,240
962,401
962,403
962,404
962,675
962,679
962,680
962,681
962,682
962,683
962,684
962,685
962,686
962,687
962,690
962,691
962,694
962,695
962,940
962,942
962,943
962,945
962,946
962,947
962,948
962,949
962,950
962,951
962,952
962,953
962,954
962,959
962,960
962,961
962,963
962,964
962,965
962,966
962,967
962,968
962,969
962,970
962,971
962,972
962,973
962,974
962,975
962,976
962,977
962,978
962,979
962,980
962,981
962,982
962,983
962,984
962,985
962,986
962,987
962,992
962,993
962,994
962,995
962,996
962,997
962,998
962,999
963,4
963,26
963,36
963,37
963,38
963,39
963,41
963,49
963,50
963,226
963,227
963,228
963,229
963,230
963,231
963,232
963,233
963,234
963,235
963,237
963,238
963,239
963,240
963,401
963,403
963,404
963,675
963,678
963,679
963,682
963,683
963,684
963,685
963,686
963,687
963,690
963,691
963,692
963,694
963,695
963,702
963,940
963,941
963,942
963,943
963,945
963,946
963,947
963,948
963,949
963,950
963,951
963,952
963,953
963,954
963,959
963,960
963,961
963,962
963,964
963,965
963,966
963,967
963,968
963,969
963,970
963,971
963,972
963,973
963,974
963,975
963,976
963,977
963,978
963,979
963,980
963,981
963,982
963,983
963,984
963,985
963,986
963,987
963,992
963,993
963,994
963,995
963,996
963,997
963,998
963,999
963,1000
963,1001
964,26
964,36
964,37
964,38
964,39
964,41
964,50
964,227
964,228
964,229
964,230
964,231
964,232
964,233
964,234
964,235
964,236
964,237
964,238
964,239
964,240
964,243
964,244
964,403
964,404
964,675
964,677
964,679
964,680
964,681
964,682
964,683
964,684
964,685
964,686
964,687
964,688
964,689
964,690
964,691
964,692
964,693
964,694
964,695
964,696
964,698
964,699
964,700
964,702
964,703
964,947
964,948
964,949
964,950
964,953
964,954
964,959
964,960
964,961
964,962
964,963
964,965
964,966
964,967
964,968
964,969
964,970
964,971
964,972
964,973
964,974
964,975
964,976
964,977
964,978
964,979
964,980
964,981
964,982
964,983
964,984
964,985
964,986
964,987
964,988
964,990
964,992
964,993
964,994
964,995
964,996
964,997
964,998
964,999
964,1000
964,1001
965,26
965,36
965,37
965,38
965,39
965,41
965,50
965,229
965,230
965,231
965,232
965,233
965,234
965,235
965,236
965,237
965,238
965,239
965,240
965,241
965,243
965,244
965,403
965,404
965,681
965,682
965,683
965,684
965,685
965,686
965,687
965,688
965,689
965,690
965,691
965,692
965,693
965,694
965,695
965,696
965,697
965,698
965,699
965,700
965,701
965,702
965,703
965,706
965,949
965,950
965,959
965,960
965,961
965,962
965,963
965,964
965,966
965,967
965,968
965,969
965,970
965,971
965,972
965,973
965,974
965,975
965,976
965,977
965,978
965,979
965,980
965,981
965,982
965,983
965,984
965,985
965,986
965,987
965,988
965,989
965,990
965,991
965,992
965,993
965,994
965,995
965,996
965,997
965,998
965,999
965,1000
965,1001
965,1002
965,1003
965,1004
965,1005
966,4
966,26
966,36
966,37
966,38
966,39
966,41
966,49
966,50
966,227
966,228
966,229
966,230
966,231
966,232
966,233
966,234
966,235
966,236
966,237
966,238
966,239
966,240
966,244
966,403
966,404
966,679
966,682
966,683
966,685
966,686
966,687
966,690
966,691
966,692
966,694
966,695
966,698
966,702
966,947
966,948
966,949
966,950
966,951
966,952
966,953
966,954
966,959
966,960
966,961
966,962
966,963
966,964
966,965
966,967
966,968
966,969
966,970
966,971
966,972
966,973
966,974
966,975
966,976
966,977
966,978
966,979
966,980
966,981
966,982
966,983
966,984
966,985
966,986
966,987
966,988
966,990
966,992
966,993
966,994
966,995
966,996
966,997
966,998
966,999
966,1000
966,1001
966,1004
966,1005
967,26
967,36
967,37
967,38
967,39
967,41
967,50
967,229
967,230
967,231
967,232
967,233
967,234
967,235
967,236
967,237
967,238
967,239
967,240
967,243
967,244
967,403
967,404
967,683
967,686
967,687
967,690
967,691
967,693
967,694
967,695
967,698
967,699
967,702
967,703
967,947
967,949
967,950
967,953
967,954
967,959
967,960
967,961
967,962
967,963
967,964
967,965
967,966
967,968
967,969
967,970
967,971
967,972
967,973
967,974
967,975
967,976
967,977
967,978
967,979
967,980
967,981
967,982
967,983
967,984
967,985
967,986
967,987
967,988
967,989
967,990
967,991
967,992
967,993
967,994
967,995
967,996
967,997
967,998
967,999
967,1000
967,1001
967,1002
967,1003
967,1004
967,1005
967,1006
967,1007
968,4
968,26
968,36
968,37
968,38
968,39
968,41
968,49
968,50
968,225
968,226
968,227
968,228
968,229
968,230
968,231
968,232
968,233
968,234
968,235
968,237
968,238
968,401
968,403
968,404
968,679
968,686
968,935
968,936
968,939
968,940
968,941
968,942
968,943
968,944
968,945
968,946
968,947
968,948
968,949
968,950
968,951
968,952
968,953
968,954
968,959
968,960
968,961
968,962
968,963
968,964
968,965
968,966
968,967
968,969
968,970
968,971
968,972
968,973
968,974
968,975
968,976
968,977
968,978
968,979
968,980
968,981
968,982
968,983
968,984
968,986
968,987
968,992
968,993
968,994
968,996
968,997
969,4
969,26
969,36
969,37
969,38
969,39
969,41
969,49
969,50
969,225
969,226
969,227
969,228
969,229
969,230
969,231
969,232
969,233
969,234
969,235
969,237
969,238
969,401
969,403
969,404
969,935
969,936
969,939
969,940
969,941
969,942
969,943
969,944
969,945
969,946
969,947
969,948
969,949
969,950
969,951
969,952
969,953
969,954
969,959
969,960
969,961
969,962
969,963
969,964
969,965
969,966
969,967
969,968
969,970
969,971
969,972
969,973
969,974
969,975
969,976
969,977
969,978
969,979
969,980
969,981
969,982
969,983
969,984
969,986
969,992
969,993
969,995
969,996
969,997
969,999
970,4
970,26
970,36
970,37
970,38
970,39
970,41
970,49
970,50
970,227
970,228
970,229
970,230
970,231
970,232
970,233
970,234
970,235
970,237
970,238
970,239
970,240
970,401
970,403
970,404
970,940
970,942
970,943
970,945
970,946
970,947
970,948
970,949
970,950
970,951
970,952
970,953
970,954
970,959
970,960
970,961
970,962
970,963
970,964
970,965
970,966
970,967
970,968
970,969
970,971
970,972
970,973
970,974
970,975
970,976
970,977
970,978
970,979
970,980
970,981
970,982
970,983
970,984
970,985
970,986
970,987
970,992
970,993
970,994
970,995
970,996
970,997
970,998
970,999
970,1000
971,4
971,26
971,36
971,37
971,38
971,39
971,41
971,49
971,50
971,227
971,228
971,229
971,230
971,231
971,232
971,233
971,234
971,235
971,237
971,238
971,239
971,240
971,401
971,403
971,404
971,940
971,942
971,943
971,945
971,946
971,947
971,948
971,949
971,950
971,951
971,952
971,953
971,954
971,959
971,960
971,961
971,962
971,963
971,964
971,965
971,966
971,967
971,968
971,969
971,970
971,972
971,973
971,974
971,975
971,976
971,977
971,978
971,979
971,980
971,981
971,982
971,983
971,984
971,985
971,986
971,987
971,992
971,993
971,994
971,995
971,996
971,997
971,998
971,999
972,4
972,26
972,36
972,37
972,38
972,39
972,41
972,49
972,50
972,226
972,228
972,229
972,230
972,231
972,232
972,233
972,234
972,235
972,237
972,238
972,401
972,403
972,404
972,935
972,936
972,939
972,940
972,941
972,942
972,943
972,944
972,945
972,946
972,947
972,948
972,949
972,950
972,951
972,952
972,953
972,954
972,956
972,959
972,960
972,961
972,962
972,963
972,964
972,965
972,966
972,967
972,968
972,969
972,970
972,971
972,973
972,974
972,975
972,976
972,977
972,978
972,979
972,980
972,981
972,982
972,983
972,984
972,986
972,992
972,993
972,996
972,997
972,998
972,999
973,4
973,26
973,36
973,37
973,38
973,39
973,41
973,49
973,50
973,226
973,228
973,229
973,230
973,231
973,232
973,233
973,234
973,235
973,237
973,238
973,401
973,403
973,404
973,936
973,939
973,940
973,941
973,942
973,943
973,944
973,945
973,946
973,947
973,948
973,949
973,950
973,951
973,952
973,953
973,954
973,956
973,959
973,960
973,961
973,962
973,963
973,964
973,965
973,966
973,967
973,968
973,969
973,970
973,971
973,972
973,974
973,975
973,976
973,977
973,978
973,979
973,980
973,981
973,982
973,983
973,986
973,992
973,993
973,996
973,997
974,4
974,26
974,36
974,37
974,38
974,39
974,41
974,49
974,50
974,228
974,229
974,230
974,231
974,232
974,233
974,234
974,235
974,237
974,238
974,240
974,401
974,403
974,404
974,940
974,942
974,943
974,944
974,945
974,946
974,947
974,948
974,949
974,950
974,951
974,952
974,953
974,954
974,959
974,960
974,961
974,962
974,963
974,964
974,965
974,966
974,967
974,968
974,969
974,970
974,971
974,972
974,973
974,975
974,976
974,977
974,978
974,979
974,980
974,981
974,982
974,983
974,984
974,985
974,986
974,987
974,992
974,993
974,994
974,995
974,996
974,997
974,998
974,999
974,1004
974,1005
975,4
975,36
975,37
975,38
975,39
975,41
975,49
975,50
975,228
975,229
975,230
975,231
975,232
975,233
975,234
975,235
975,237
975,238
975,401
975,403
975,404
975,942
975,943
975,945
975,946
975,947
975,948
975,949
975,950
975,951
975,952
975,953
975,954
975,959
975,960
975,961
975,962
975,963
975,964
975,965
975,966
975,967
975,968
975,969
975,970
975,971
975,972
975,973
975,974
975,976
975,977
975,978
975,979
975,980
975,981
975,982
975,983
975,984
975,986
975,987
975,992
975,993
975,994
975,995
975,996
975,997
975,998
975,999
976,4
976,26
976,36
976,37
976,38
976,39
976,41
976,49
976,50
976,228
976,229
976,230
976,231
976,232
976,233
976,234
976,235
976,237
976,238
976,239
976,240
976,403
976,404
976,694
976,942
976,943
976,945
976,947
976,948
976,949
976,950
976,951
976,952
976,953
976,954
976,959
976,960
976,961
976,962
976,963
976,964
976,965
976,966
976,967
976,968
976,969
976,970
976,971
976,972
976,973
976,974
976,975
976,977
976,978
976,979
976,980
976,981
976,982
976,983
976,984
976,985
976,986
976,987
976,988
976,990
976,992
976,993
976,994
976,995
976,996
976,997
976,998
976,999
976,1000
976,1001
976,1002
976,1003
976,1004
976,1005
977,4
977,26
977,36
977,37
977,38
977,39
977,41
977,49
977,50
977,228
977,229
977,230
977,231
977,232
977,233
977,234
977,235
977,237
977,238
977,239
977,240
977,403
977,404
977,942
977,943
977,945
977,946
977,947
977,948
977,949
977,950
977,951
977,952
977,953
977,954
977,959
977,960
977,961
977,962
977,963
977,964
977,965
977,966
977,967
977,968
977,969
977,970
977,971
977,972
977,973
977,974
977,975
977,976
977,978
977,979
977,980
977,981
977,982
977,983
977,984
977,985
977,986
977,987
977,988
977,990
977,992
977,993
977,994
977,995
977,996
977,997
977,998
977,999
977,1000
977,1001
977,1003
977,1004
977,1005
977,1007
978,36
978,37
978,38
978,39
978,41
978,50
978,230
978,231
978,232
978,233
978,234
978,235
978,236
978,237
978,238
978,239
978,240
978,243
978,244
978,403
978,404
978,947
978,949
978,950
978,951
978,953
978,954
978,959
978,960
978,961
978,962
978,963
978,964
978,965
978,966
978,967
978,968
978,969
978,970
978,971
978,972
978,973
978,974
978,975
978,976
978,977
978,979
978,980
978,981
978,982
978,983
978,984
978,985
978,986
978,987
978,988
978,989
978,990
978,991
978,992
978,993
978,994
978,995
978,996
978,997
978,998
978,999
978,1000
978,1001
978,1002
978,1003
978,1004
978,1005
978,1006
978,1007
979,4
979,36
979,37
979,38
979,39
979,41
979,49
979,50
979,230
979,231
979,232
979,233
979,234
979,235
979,237
979,238
979,239
979,240
979,244
979,403
979,404
979,949
979,950
979,953
979,954
979,959
979,960
979,961
979,962
979,963
979,964
979,965
979,966
979,967
979,968
979,969
979,970
979,971
979,972
979,973
979,974
979,975
979,976
979,977
979,978
979,980
979,981
979,982
979,983
979,984
979,985
979,986
979,987
979,988
979,989
979,990
979,991
979,992
979,993
979,994
979,995
979,996
979,997
979,998
979,999
979,1000
979,1001
979,1002
979,1003
979,1004
979,1005
979,1006
979,1007
980,4
980,36
980,37
980,38
980,39
980,41
980,49
980,50
980,229
980,230
980,231
980,232
980,233
980,234
980,235
980,237
980,238
980,239
980,240
980,403
980,404
980,945
980,947
980,948
980,949
980,950
980,951
980,952
980,953
980,954
980,959
980,960
980,961
980,962
980,963
980,964
980,965
980,966
980,967
980,968
980,969
980,970
980,971
980,972
980,973
980,974
980,975
980,976
980,977
980,978
980,979
980,981
980,982
980,983
980,984
980,985
980,986
980,987
980,990
980,992
980,993
980,994
980,995
980,996
980,997
980,998
980,999
980,1000
980,1001
980,1004
980,1005
981,4
981,36
981,37
981,38
981,39
981,41
981,49
981,50
981,229
981,230
981,231
981,232
981,233
981,234
981,235
981,237
981,238
981,239
981,240
981,403
981,404
981,945
981,947
981,948
981,949
981,950
981,951
981,952
981,953
981,954
981,959
981,960
981,961
981,962
981,963
981,964
981,965
981,966
981,967
981,968
981,969
981,970
981,971
981,972
981,973
981,974
981,975
981,976
981,977
981,978
981,979
981,980
981,982
981,983
981,984
981,985
981,986
981,987
981,990
981,992
981,993
981,994
981,995
981,996
981,997
981,998
981,999
981,1000
981,1001
981,1004
981,1005
982,4
982,36
982,37
982,38
982,39
982,41
982,49
982,50
982,230
982,231
982,232
982,233
982,234
982,235
982,237
982,238
982,239
982,240
982,403
982,404
982,949
982,950
982,951
982,953
982,954
982,959
982,960
982,961
982,962
982,963
982,964
982,965
982,966
982,967
982,968
982,969
982,970
982,971
982,972
982,973
982,974
982,975
982,976
982,977
982,978
982,979
982,980
982,981
982,983
982,984
982,985
982,986
982,987
982,988
982,990
982,991
982,992
982,993
982,994
982,995
982,996
982,997
982,998
982,999
982,1000
982,1001
982,1002
982,1003
982,1004
982,1005
982,1006
982,1007
983,4
983,36
983,37
983,38
983,39
983,41
983,49
983,50
983,231
983,232
983,233
983,234
983,235
983,237
983,238
983,239
983,240
983,404
983,949
983,950
983,953
983,954
983,959
983,960
983,961
983,962
983,963
983,964
983,965
983,966
983,967
983,968
983,969
983,970
983,971
983,972
983,973
983,974
983,975
983,976
983,977
983,978
983,979
983,980
983,981
983,982
983,984
983,985
983,986
983,987
983,988
983,990
983,991
983,992
983,993
983,994
983,995
983,996
983,997
983,998
983,999
983,1000
983,1001
983,1002
983,1003
983,1004
983,1005
983,1006
983,1007
984,26
984,36
984,37
984,38
984,39
984,40
984,41
984,50
984,230
984,231
984,232
984,233
984,234
984,235
984,236
984,237
984,238
984,239
984,240
984,241
984,243
984,244
984,245
984,246
984,404
984,683
984,685
984,687
984,688
984,689
984,690
984,691
984,692
984,693
984,694
984,695
984,696
984,697
984,698
984,699
984,700
984,701
984,702
984,703
984,704
984,706
984,707
984,959
984,960
984,961
984,962
984,963
984,964
984,965
984,966
984,967
984,968
984,969
984,970
984,971
984,972
984,974
984,975
984,976
984,977
984,978
984,979
984,980
984,981
984,982
984,983
984,985
984,986
984,987
984,988
984,989
984,990
984,991
984,992
984,993
984,994
984,995
984,996
984,997
984,998
984,999
984,1000
984,1001
984,1002
984,1003
984,1004
984,1005
984,1006
984,1007
985,26
985,36
985,37
985,38
985,39
985,40
985,41
985,230
985,231
985,232
985,233
985,234
985,235
985,236
985,237
985,238
985,239
985,240
985,241
985,242
985,243
985,244
985,245
985,246
985,404
985,689
985,690
985,691
985,693
985,694
985,695
985,696
985,697
985,698
985,699
985,700
985,701
985,702
985,703
985,704
985,705
985,706
985,707
985,710
985,959
985,960
985,961
985,962
985,963
985,964
985,965
985,966
985,967
985,970
985,971
985,974
985,976
985,977
985,978
985,979
985,980
985,981
985,982
985,983
985,984
985,986
985,987
985,988
985,989
985,990
985,991
985,992
985,993
985,994
985,995
985,996
985,997
985,998
985,999
985,1000
985,1001
985,1002
985,1003
985,1004
985,1005
985,1006
985,1007
986,26
986,36
986,37
986,38
986,39
986,40
986,41
986,50
986,230
986,231
986,232
986,233
986,234
986,235
986,236
986,237
986,238
986,239
986,240
986,241
986,243
986,244
986,246
986,404
986,690
986,691
986,694
986,695
986,698
986,699
986,702
986,703
986,706
986,959
986,960
986,961
986,962
986,963
986,964
986,965
986,966
986,967
986,968
986,969
986,970
986,971
986,972
986,973
986,974
986,975
986,976
986,977
986,978
986,979
986,980
986,981
986,982
986,983
986,984
986,985
986,987
986,988
986,989
986,990
986,991
986,992
986,993
986,994
986,995
986,996
986,997
986,998
986,999
986,1000
986,1001
986,1002
986,1003
986,1004
986,1005
986,1006
986,1007
987,36
987,37
987,38
987,39
987,40
987,41
987,50
987,231
987,232
987,233
987,234
987,235
987,236
987,237
987,238
987,239
987,240
987,241
987,243
987,244
987,245
987,246
987,404
987,691
987,695
987,698
987,699
987,702
987,703
987,706
987,707
987,959
987,960
987,961
987,962
987,963
987,964
987,965
987,966
987,967
987,968
987,970
987,971
987,974
987,975
987,976
987,977
987,978
987,979
987,980
987,981
987,982
987,983
987,984
987,985
987,986
987,988
987,989
987,990
987,991
987,992
987,993
987,994
987,995
987,996
987,997
987,998
987,999
987,1000
987,1001
987,1002
987,1003
987,1004
987,1005
987,1006
987,1007
988,36
988,37
988,38
988,39
988,40
988,41
988,232
988,233
988,234
988,235
988,236
988,237
988,238
988,239
988,240
988,241
988,242
988,243
988,244
988,245
988,246
988,249
988,691
988,695
988,696
988,697
988,698
988,699
988,700
988,701
988,702
988,703
988,704
988,705
988,706
988,707
988,708
988,710
988,711
988,964
988,965
988,966
988,967
988,976
988,977
988,978
988,979
988,982
988,983
988,984
988,985
988,986
988,987
988,989
988,990
988,991
988,992
988,993
988,994
988,995
988,996
988,997
988,998
988,999
988,1000
988,1001
988,1002
988,1003
988,1004
988,1005
988,1006
988,1007
989,37
989,38
989,39
989,40
989,41
989,233
989,234
989,235
989,236
989,237
989,238
989,239
989,240
989,241
989,242
989,243
989,244
989,245
989,246
989,247
989,249
989,697
989,698
989,699
989,701
989,702
989,703
989,704
989,705
989,706
989,707
989,708
989,709
989,710
989,711
989,714
989,965
989,967
989,978
989,979
989,984
989,985
989,986
989,987
989,988
989,990
989,991
989,992
989,993
989,994
989,995
989,996
989,997
989,998
989,999
989,1000
989,1001
989,1002
989,1003
989,1004
989,1005
989,1006
989,1007
990,36
990,37
990,38
990,39
990,40
990,41
990,232
990,233
990,234
990,235
990,236
990,237
990,238
990,239
990,240
990,241
990,242
990,243
990,244
990,245
990,246
990,698
990,699
990,702
990,703
990,706
990,707
990,710
990,964
990,965
990,966
990,967
990,976
990,977
990,978
990,979
990,980
990,981
990,982
990,983
990,984
990,985
990,986
990,987
990,988
990,989
990,991
990,992
990,993
990,994
990,995
990,996
990,997
990,998
990,999
990,1000
990,1001
990,1002
990,1003
990,1004
990,1005
990,1006
990,1007
991,36
991,37
991,38
991,39
991,40
991,41
991,233
991,234
991,235
991,236
991,237
991,238
991,239
991,240
991,241
991,242
991,243
991,244
991,245
991,246
991,249
991,699
991,703
991,706
991,707
991,710
991,711
991,965
991,967
991,978
991,979
991,982
991,983
991,984
991,985
991,986
991,987
991,988
991,989
991,990
991,992
991,993
991,994
991,995
991,996
991,997
991,998
991,999
991,1000
991,1001
991,1002
991,1003
991,1004
991,1005
991,1006
991,1007
992,36
992,37
992,38
992,39
992,40
992,41
992,50
992,230
992,231
992,232
992,233
992,234
992,235
992,236
992,237
992,238
992,239
992,240
992,243
992,244
992,404
992,949
992,950
992,959
992,960
992,961
992,962
992,963
992,964
992,965
992,966
992,967
992,968
992,969
992,970
992,971
992,972
992,973
992,974
992,975
992,976
992,977
992,978
992,979
992,980
992,981
992,982
992,983
992,984
992,985
992,986
992,987
992,988
992,989
992,990
992,991
992,993
992,994
992,995
992,996
992,997
992,998
992,999
992,1000
992,1001
992,1002
992,1003
992,1004
992,1005
992,1006
992,1007
993,36
993,37
993,38
993,39
993,40
993,41
993,50
993,231
993,232
993,233
993,234
993,235
993,236
993,237
993,238
993,239
993,240
993,243
993,244
993,404
993,950
993,959
993,960
993,961
993,962
993,963
993,964
993,965
993,966
993,967
993,968
993,969
993,970
993,971
993,972
993,973
993,974
993,975
993,976
993,977
993,978
993,979
993,980
993,981
993,982
993,983
993,984
993,985
993,986
993,987
993,988
993,989
993,990
993,991
993,992
993,994
993,995
993,996
993,997
993,998
993,999
993,1000
993,1001
993,1002
993,1003
993,1004
993,1005
993,1006
993,1007
994,36
994,37
994,38
994,39
994,40
994,41
994,50
994,232
994,233
994,234
994,235
994,236
994,237
994,238
994,239
994,240
994,241
994,243
994,244
994,245
994,246
994,404
994,960
994,961
994,962
994,963
994,964
994,965
994,966
994,967
994,968
994,970
994,971
994,974
994,975
994,976
994,977
994,978
994,979
994,980
994,981
994,982
994,983
994,984
994,985
994,986
994,987
994,988
994,989
994,990
994,991
994,992
994,993
994,995
994,996
994,997
994,998
994,999
994,1000
994,1001
994,1002
994,1003
994,1004
994,1005
994,1006
994,1007
995,36
995,37
995,38
995,39
995,40
995,41
995,50
995,232
995,233
995,234
995,235
995,236
995,237
995,238
995,239
995,240
995,241
995,243
995,244
995,245
995,246
995,404
995,960
995,962
995,963
995,964
995,965
995,966
995,967
995,969
995,970
995,971
995,974
995,975
995,976
995,977
995,978
995,979
995,980
995,981
995,982
995,983
995,984
995,985
995,986
995,987
995,988
995,989
995,990
995,991
995,992
995,993
995,994
995,996
995,997
995,998
995,999
995,1000
995,1001
995,1002
995,1003
995,1004
995,1005
995,1006
995,1007
996,36
996,37
996,38
996,39
996,40
996,41
996,50
996,231
996,232
996,233
996,234
996,235
996,237
996,238
996,239
996,240
996,243
996,244
996,404
996,953
996,959
996,960
996,961
996,962
996,963
996,964
996,965
996,966
996,967
996,968
996,969
996,970
996,971
996,972
996,973
996,974
996,975
996,976
996,977
996,978
996,979
996,980
996,981
996,982
996,983
996,984
996,985
996,986
996,987
996,988
996,989
996,990
996,991
996,992
996,993
996,994
996,995
996,997
996,998
996,999
996,1000
996,1001
996,1002
996,1003
996,1004
996,1005
996,1006
996,1007
997,36
997,37
997,38
997,39
997,40
997,41
997,50
997,231
997,232
997,233
997,234
997,235
997,237
997,238
997,239
997,240
997,243
997,244
997,404
997,950
997,960
997,961
997,962
997,963
997,964
997,965
997,966
997,967
997,968
997,969
997,970
997,971
997,972
997,973
997,974
997,975
997,976
997,977
997,978
997,979
997,980
997,981
997,982
997,983
997,984
997,985
997,986
997,987
997,988
997,989
997,990
997,991
997,992
997,993
997,994
997,995
997,996
997,998
997,999
997,1000
997,1001
997,1002
997,1003
997,1004
997,1005
997,1006
997,1007
998,36
998,37
998,38
998,39
998,40
998,41
998,50
998,232
998,233
998,234
998,235
998,236
998,237
998,238
998,239
998,240
998,243
998,244
998,404
998,962
998,963
998,964
998,965
998,966
998,967
998,970
998,971
998,972
998,974
998,975
998,976
998,977
998,978
998,979
998,980
998,981
998,982
998,983
998,984
998,985
998,986
998,987
998,988
998,989
998,990
998,991
998,992
998,993
998,994
998,995
998,996
998,997
998,999
998,1000
998,1001
998,1002
998,1003
998,1004
998,1005
998,1006
998,1007
999,36
999,37
999,38
999,39
999,40
999,41
999,50
999,232
999,233
999,234
999,235
999,237
999,238
999,239
999,240
999,243
999,244
999,404
999,962
999,963
999,964
999,965
999,966
999,967
999,969
999,970
999,971
999,974
999,975
999,976
999,977
999,978
999,979
999,980
999,981
999,982
999,983
999,984
999,985
999,986
999,987
999,988
999,989
999,990
999,991
999,992
999,993
999,994
999,995
999,996
999,997
999,998
999,1000
999,1001
999,1002
999,1003
999,1004
999,1005
999,1006
999,1007
1000,36
1000,37
1000,38
1000,39
1000,40
1000,41
1000,50
1000,232
1000,233
1000,234
1000,235
1000,236
1000,237
1000,238
1000,239
1000,240
1000,241
1000,243
1000,244
1000,245
1000,246
1000,963
1000,964
1000,965
1000,966
1000,967
1000,970
1000,976
1000,977
1000,978
1000,979
1000,980
1000,981
1000,982
1000,983
1000,984
1000,985
1000,986
1000,987
1000,988
1000,989
1000,990
1000,991
1000,992
1000,993
1000,994
1000,995
1000,996
1000,997
1000,998
1000,999
1000,1001
1000,1002
1000,1003
1000,1004
1000,1005
1000,1006
1000,1007
1001,36
1001,37
1001,38
1001,39
1001,40
1001,41
1001,50
1001,233
1001,234
1001,235
1001,236
1001,237
1001,238
1001,239
1001,240
1001,241
1001,243
1001,244
1001,245
1001,246
1001,963
1001,964
1001,965
1001,966
1001,967
1001,976
1001,977
1001,978
1001,979
1001,980
1001,981
1001,982
1001,983
1001,984
1001,985
1001,986
1001,987
1001,988
1001,989
1001,990
1001,991
1001,992
1001,993
1001,994
1001,995
1001,996
1001,997
1001,998
1001,999
1001,1000
1001,1002
1001,1003
1001,1004
1001,1005
1001,1006
1001,1007
1002,36
1002,37
1002,38
1002,39
1002,40
1002,41
1002,234
1002,235
1002,236
1002,237
1002,238
1002,239
1002,240
1002,241
1002,242
1002,243
1002,244
1002,245
1002,246
1002,249
1002,965
1002,967
1002,976
1002,978
1002,979
1002,982
1002,983
1002,984
1002,985
1002,986
1002,987
1002,988
1002,989
1002,990
1002,991
1002,992
1002,993
1002,994
1002,995
1002,996
1002,997
1002,998
1002,999
1002,1000
1002,1001
1002,1003
1002,1004
1002,1005
1002,1006
1002,1007
1003,36
1003,37
1003,38
1003,39
1003,40
1003,41
1003,234
1003,235
1003,236
1003,237
1003,238
1003,239
1003,240
1003,241
1003,242
1003,243
1003,244
1003,245
1003,246
1003,249
1003,965
1003,967
1003,976
1003,977
1003,978
1003,979
1003,982
1003,983
1003,984
1003,985
1003,986
1003,987
1003,988
1003,989
1003,990
1003,991
1003,992
1003,993
1003,994
1003,995
1003,996
1003,997
1003,998
1003,999
1003,1000
1003,1001
1003,1002
1003,1004
1003,1005
1003,1006
1003,1007
1004,36
1004,37
1004,38
1004,39
1004,40
1004,41
1004,50
1004,233
1004,234
1004,235
1004,236
1004,237
1004,238
1004,239
1004,240
1004,243
1004,244
1004,245
1004,246
1004,965
1004,966
1004,967
1004,974
1004,976
1004,977
1004,978
1004,979
1004,980
1004,981
1004,982
1004,983
1004,984
1004,985
1004,986
1004,987
1004,988
1004,989
1004,990
1004,991
1004,992
1004,993
1004,994
1004,995
1004,996
1004,997
1004,998
1004,999
1004,1000
1004,1001
1004,1002
1004,1003
1004,1005
1004,1006
1004,1007
1005,36
1005,37
1005,38
1005,39
1005,40
1005,41
1005,50
1005,233
1005,234
1005,235
1005,237
1005,238
1005,239
1005,240
1005,243
1005,244
1005,245
1005,246
1005,965
1005,966
1005,967
1005,974
1005,976
1005,977
1005,978
1005,979
1005,980
1005,981
1005,982
1005,983
1005,984
1005,985
1005,986
1005,987
1005,988
1005,989
1005,990
1005,991
1005,992
1005,993
1005,994
1005,995
1005,996
1005,997
1005,998
1005,999
1005,1000
1005,1001
1005,1002
1005,1003
1005,1004
1005,1006
1005,1007
1006,36
1006,37
1006,38
1006,39
1006,40
1006,41
1006,234
1006,235
1006,236
1006,237
1006,238
1006,239
1006,240
1006,241
1006,243
1006,244
1006,245
1006,246
1006,967
1006,978
1006,979
1006,982
1006,983
1006,984
1006,985
1006,986
1006,987
1006,988
1006,989
1006,990
1006,991
1006,992
1006,993
1006,994
1006,995
1006,996
1006,997
1006,998
1006,999
1006,1000
1006,1001
1006,1002
1006,1003
1006,1004
1006,1005
1006,1007
1007,36
1007,37
1007,38
1007,39
1007,40
1007,41
1007,234
1007,235
1007,237
1007,238
1007,239
1007,240
1007,243
1007,244
1007,245
1007,246
1007,967
1007,977
1007,978
1007,979
1007,982
1007,983
1007,984
1007,985
1007,986
1007,987
1007,988
1007,989
1007,990
1007,991
1007,992
1007,993
1007,994
1007,995
1007,996
1007,997
1007,998
1007,999
1007,1000
1007,1001
1007,1002
1007,1003
1007,1004
1007,1005
1007,1006
1008,2
1008,3
1008,18
1008,25
1008,27
1008,29
1008,30
1008,31
1008,44
1008,84
1008,86
1008,87
1008,88
1008,89
1008,135
1008,137
1008,138
1008,140
1008,143
1008,144
1008,145
1008,146
1008,149
1008,150
1008,152
1008,251
1008,252
1008,353
1008,354
1008,357
1008,358
1008,359
1008,360
1008,364
1008,365
1008,366
1008,367
1008,368
1008,369
1008,370
1008,371
1008,372
1008,373
1008,406
1008,407
1008,408
1008,409
1008,410
1008,530
1008,531
1008,532
1008,533
1008,534
1008,535
1008,583
1008,584
1008,585
1008,586
1008,587
1008,588
1008,589
1008,590
1008,591
1008,592
1008,593
1008,594
1008,595
1008,596
1008,597
1008,598
1008,599
1008,600
1008,601
1008,602
1008,603
1008,604
1008,605
1008,606
1008,607
1008,608
1008,609
1008,610
1008,611
1008,612
1008,613
1008,614
1008,615
1008,616
1008,617
1008,618
1008,619
1008,624
1008,904
1008,905
1008,906
1008,907
1008,908
1008,909
1008,910
1008,911
1008,912
1008,913
1008,914
1008,915
1008,916
1008,917
1008,918
1008,919
1008,920
1008,921
1008,922
1008,923
1008,924
1008,925
1008,926
1008,927
1008,928
1008,929
1008,930
1008,931
1008,932
1008,1009
1008,1010
1008,1011
1008,1012
1008,1013
1008,1014
1008,1015
1008,1016
1008,1017
1008,1018
1008,1019
1008,1020
1008,1021
1008,1022
1008,1023
1009,2
1009,3
1009,18
1009,25
1009,27
1009,29
1009,30
1009,31
1009,44
1009,86
1009,87
1009,88
1009,89
1009,135
1009,137
1009,138
1009,139
1009,140
1009,143
1009,144
1009,145
1009,146
1009,148
1009,149
1009,150
1009,151
1009,152
1009,251
1009,252
1009,354
1009,358
1009,359
1009,360
1009,365
1009,366
1009,367
1009,368
1009,369
1009,370
1009,371
1009,372
1009,373
1009,406
1009,407
1009,408
1009,409
1009,410
1009,530
1009,531
1009,532
1009,533
1009,534
1009,535
1009,586
1009,587
1009,588
1009,589
1009,590
1009,591
1009,592
1009,593
1009,594
1009,595
1009,596
1009,597
1009,598
1009,599
1009,600
1009,601
1009,602
1009,603
1009,604
1009,605
1009,606
1009,607
1009,608
1009,609
1009,610
1009,611
1009,612
1009,613
1009,614
1009,615
1009,616
1009,617
1009,618
1009,619
1009,621
1009,624
1009,625
1009,904
1009,905
1009,906
1009,907
1009,908
1009,909
1009,910
1009,913
1009,914
1009,918
1009,919
1009,920
1009,921
1009,922
1009,923
1009,924
1009,925
1009,926
1009,927
1009,928
1009,929
1009,930
1009,931
1009,932
1009,1008
1009,1010
1009,1011
1009,1012
1009,1013
1009,1014
1009,1015
1009,1016
1009,1017
1009,1018
1009,1019
1009,1020
1009,1021
1009,1022
1009,1023
1009,1024
1009,1025
1010,2
1010,3
1010,18
1010,25
1010,27
1010,29
1010,30
1010,31
1010,44
1010,84
1010,86
1010,87
1010,88
1010,89
1010,135
1010,137
1010,138
1010,143
1010,144
1010,145
1010,146
1010,149
1010,150
1010,152
1010,251
1010,252
1010,353
1010,354
1010,357
1010,358
1010,359
1010,360
1010,363
1010,364
1010,365
1010,366
1010,367
1010,368
1010,369
1010,370
1010,371
1010,372
1010,373
1010,406
1010,407
1010,408
1010,409
1010,410
1010,530
1010,531
1010,532
1010,533
1010,534
1010,535
1010,586
1010,587
1010,588
1010,589
1010,590
1010,591
1010,592
1010,593
1010,594
1010,595
1010,596
1010,598
1010,600
1010,601
1010,602
1010,603
1010,604
1010,609
1010,610
1010,611
1010,612
1010,613
1010,614
1010,615
1010,616
1010,617
1010,618
1010,619
1010,899
1010,903
1010,904
1010,905
1010,906
1010,907
1010,908
1010,909
1010,910
1010,911
1010,912
1010,913
1010,914
1010,915
1010,916
1010,917
1010,918
1010,919
1010,920
1010,921
1010,922
1010,923
1010,924
1010,925
1010,926
1010,927
1010,928
1010,929
1010,930
1010,931
1010,932
1010,1008
1010,1009
1010,1011
1010,1012
1010,1013
1010,1014
1010,1015
1010,1016
1010,1017
1010,1018
1010,1019
1010,1020
1010,1021
1010,1022
1010,1023
1010,1024
1010,1025
1011,2
1011,3
1011,18
1011,25
1011,27
1011,29
1011,30
1011,31
1011,44
1011,86
1011,87
1011,88
1011,89
1011,137
1011,138
1011,140
1011,143
1011,144
1011,145
1011,146
1011,149
1011,150
1011,151
1011,152
1011,251
1011,252
1011,354
1011,357
1011,358
1011,359
1011,360
1011,364
1011,365
1011,366
1011,367
1011,368
1011,369
1011,370
1011,371
1011,372
1011,373
1011,406
1011,407
1011,408
1011,409
1011,410
1011,411
1011,414
1011,530
1011,531
1011,532
1011,533
1011,534
1011,535
1011,589
1011,590
1011,591
1011,592
1011,593
1011,594
1011,595
1011,596
1011,598
1011,600
1011,601
1011,602
1011,603
1011,604
1011,606
1011,608
1011,609
1011,610
1011,611
1011,612
1011,613
1011,614
1011,615
1011,616
1011,617
1011,618
1011,619
1011,624
1011,904
1011,905
1011,906
1011,907
1011,908
1011,909
1011,910
1011,911
1011,912
1011,913
1011,914
1011,916
1011,917
1011,918
1011,919
1011,920
1011,921
1011,922
1011,923
1011,924
1011,925
1011,926
1011,927
1011,928
1011,929
1011,930
1011,931
1011,932
1011,1008
1011,1009
1011,1010
1011,1012
1011,1013
1011,1014
1011,1015
1011,1016
1011,1017
1011,1018
1011,1019
1011,1020
1011,1021
1011,1022
1011,1023
1011,1024
1011,1025
1011,1026
1011,1027
1012,2
1012,3
1012,18
1012,25
1012,27
1012,29
1012,30
1012,31
1012,44
1012,86
1012,87
1012,88
1012,89
1012,137
1012,138
1012,143
1012,144
1012,145
1012,149
1012,150
1012,152
1012,251
1012,252
1012,353
1012,354
1012,357
1012,358
1012,359
1012,360
1012,363
1012,364
1012,365
1012,366
1012,367
1012,368
1012,369
1012,370
1012,371
1012,372
1012,373
1012,406
1012,407
1012,408
1012,409
1012,410
1012,411
1012,530
1012,531
1012,532
1012,533
1012,534
1012,535
1012,590
1012,591
1012,592
1012,593
1012,594
1012,595
1012,596
1012,602
1012,604
1012,613
1012,614
1012,615
1012,616
1012,617
1012,618
1012,619
1012,899
1012,903
1012,904
1012,905
1012,906
1012,907
1012,908
1012,909
1012,910
1012,911
1012,912
1012,913
1012,914
1012,915
1012,916
1012,917
1012,918
1012,919
1012,920
1012,921
1012,922
1012,923
1012,924
1012,925
1012,926
1012,927
1012,928
1012,929
1012,930
1012,931
1012,932
1012,1008
1012,1009
1012,1010
1012,1011
1012,1013
1012,1014
1012,1015
1012,1016
1012,1017
1012,1018
1012,1019
1012,1020
1012,1021
1012,1022
1012,1023
1012,1024
1012,1025
1012,1026
1013,2
1013,3
1013,18
1013,25
1013,27
1013,29
1013,30
1013,31
1013,44
1013,86
1013,88
1013,89
1013,138
1013,143
1013,144
1013,145
1013,146
1013,149
1013,150
1013,151
1013,152
1013,251
1013,252
1013,354
1013,357
1013,358
1013,359
1013,360
1013,364
1013,365
1013,366
1013,367
1013,368
1013,369
1013,370
1013,371
1013,372
1013,373
1013,406
1013,407
1013,408
1013,409
1013,410
1013,411
1013,412
1013,413
1013,414
1013,530
1013,531
1013,532
1013,533
1013,534
1013,535
1013,592
1013,593
1013,594
1013,595
1013,596
1013,602
1013,603
1013,604
1013,609
1013,610
1013,611
1013,612
1013,613
1013,614
1013,615
1013,616
1013,617
1013,618
1013,619
1013,904
1013,905
1013,906
1013,907
1013,908
1013,909
1013,910
1013,911
1013,912
1013,913
1013,914
1013,915
1013,916
1013,917
1013,918
1013,919
1013,920
1013,921
1013,922
1013,923
1013,924
1013,925
1013,926
1013,927
1013,928
1013,929
1013,930
1013,931
1013,932
1013,1008
1013,1009
1013,1010
1013,1011
1013,1012
1013,1014
1013,1015
1013,1016
1013,1017
1013,1018
1013,1019
1013,1020
1013,1021
1013,1022
1013,1023
1013,1024
1013,1025
1013,1026
1013,1027
1013,1028
1013,1029
1013,1030
1013,1031
1014,2
1014,3
1014,18
1014,25
1014,27
1014,29
1014,30
1014,31
1014,44
1014,86
1014,88
1014,89
1014,138
1014,143
1014,144
1014,145
1014,149
1014,150
1014,152
1014,251
1014,252
1014,354
1014,358
1014,359
1014,360
1014,364
1014,365
1014,366
1014,367
1014,368
1014,369
1014,370
1014,371
1014,372
1014,373
1014,406
1014,407
1014,408
1014,409
1014,410
1014,411
1014,412
1014,413
1014,414
1014,530
1014,531
1014,532
1014,533
1014,534
1014,535
1014,591
1014,592
1014,593
1014,594
1014,595
1014,596
1014,602
1014,604
1014,610
1014,613
1014,614
1014,615
1014,616
1014,617
1014,618
1014,619
1014,904
1014,905
1014,906
1014,907
1014,908
1014,909
1014,910
1014,912
1014,913
1014,914
1014,916
1014,917
1014,918
1014,919
1014,920
1014,921
1014,922
1014,923
1014,924
1014,925
1014,926
1014,927
1014,928
1014,929
1014,930
1014,931
1014,932
1014,1008
1014,1009
1014,1010
1014,1011
1014,1012
1014,1013
1014,1015
1014,1016
1014,1017
1014,1018
1014,1019
1014,1020
1014,1021
1014,1022
1014,1023
1014,1024
1014,1025
1014,1026
1014,1027
1014,1028
1014,1029
1014,1030
1014,1031
1015,2
1015,3
1015,18
1015,25
1015,27
1015,29
1015,30
1015,31
1015,44
1015,86
1015,88
1015,89
1015,138
1015,144
1015,145
1015,149
1015,150
1015,251
1015,252
1015,353
1015,354
1015,357
1015,358
1015,359
1015,360
1015,363
1015,364
1015,365
1015,366
1015,367
1015,368
1015,369
1015,370
1015,371
1015,372
1015,373
1015,406
1015,407
1015,409
1015,410
1015,411
1015,531
1015,532
1015,533
1015,534
1015,535
1015,593
1015,594
1015,595
1015,596
1015,614
1015,616
1015,617
1015,618
1015,619
1015,899
1015,903
1015,904
1015,905
1015,906
1015,907
1015,908
1015,909
1015,910
1015,911
1015,912
1015,913
1015,914
1015,915
1015,916
1015,917
1015,918
1015,919
1015,920
1015,921
1015,922
1015,923
1015,924
1015,925
1015,926
1015,927
1015,928
1015,929
1015,930
1015,931
1015,932
1015,1008
1015,1009
1015,1010
1015,1011
1015,1012
1015,1013
1015,1014
1015,1016
1015,1017
1015,1018
1015,1019
1015,1020
1015,1021
1015,1022
1015,1023
1015,1024
1015,1025
1015,1026
1015,1028
1016,2
1016,3
1016,25
1016,27
1016,29
1016,30
1016,31
1016,44
1016,88
1016,89
1016,138
1016,143
1016,144
1016,145
1016,149
1016,150
1016,152
1016,251
1016,252
1016,354
1016,357
1016,358
1016,359
1016,360
1016,363
1016,364
1016,365
1016,366
1016,367
1016,368
1016,369
1016,370
1016,371
1016,372
1016,373
1016,406
1016,407
1016,408
1016,409
1016,410
1016,411
1016,412
1016,413
1016,532
1016,533
1016,534
1016,535
1016,594
1016,595
1016,596
1016,614
1016,615
1016,616
1016,617
1016,618
1016,619
1016,904
1016,905
1016,906
1016,907
1016,908
1016,909
1016,910
1016,911
1016,912
1016,913
1016,914
1016,915
1016,916
1016,917
1016,918
1016,919
1016,920
1016,921
1016,922
1016,923
1016,924
1016,925
1016,926
1016,927
1016,928
1016,929
1016,930
1016,931
1016,932
1016,1008
1016,1009
1016,1010
1016,1011
1016,1012
1016,1013
1016,1014
1016,1015
1016,1017
1016,1018
1016,1019
1016,1020
1016,1021
1016,1022
1016,1023
1016,1024
1016,1025
1016,1026
1016,1027
1016,1028
1016,1029
1016,1030
1016,1031
1016,1034
1016,1035
1017,2
1017,3
1017,25
1017,27
1017,29
1017,30
1017,31
1017,44
1017,88
1017,89
1017,138
1017,143
1017,144
1017,145
1017,146
1017,149
1017,150
1017,151
1017,152
1017,251
1017,252
1017,358
1017,359
1017,360
1017,365
1017,366
1017,367
1017,368
1017,369
1017,370
1017,371
1017,372
1017,373
1017,374
1017,376
1017,406
1017,407
1017,408
1017,409
1017,410
1017,411
1017,412
1017,413
1017,414
1017,416
1017,418
1017,533
1017,534
1017,535
1017,594
1017,595
1017,596
1017,610
1017,612
1017,613
1017,614
1017,615
1017,616
1017,617
1017,618
1017,619
1017,905
1017,906
1017,907
1017,908
1017,909
1017,910
1017,914
1017,919
1017,920
1017,921
1017,922
1017,923
1017,924
1017,925
1017,926
1017,927
1017,928
1017,929
1017,930
1017,931
1017,932
1017,1008
1017,1009
1017,1010
1017,1011
1017,1012
1017,1013
1017,1014
1017,1015
1017,1016
1017,1018
1017,1019
1017,1020
1017,1021
1017,1022
1017,1023
1017,1024
1017,1025
1017,1026
1017,1027
1017,1028
1017,1029
1017,1030
1017,1031
1017,1035
1018,2
1018,3
1018,25
1018,27
1018,29
1018,30
1018,31
1018,44
1018,88
1018,89
1018,138
1018,143
1018,144
1018,145
1018,146
1018,149
1018,150
1018,151
1018,152
1018,251
1018,252
1018,358
1018,359
1018,360
1018,365
1018,366
1018,367
1018,368
1018,369
1018,370
1018,371
1018,372
1018,373
1018,374
1018,376
1018,406
1018,407
1018,408
1018,409
1018,410
1018,411
1018,412
1018,413
1018,414
1018,416
1018,418
1018,419
1018,533
1018,534
1018,535
1018,594
1018,595
1018,596
1018,610
1018,612
1018,614
1018,615
1018,616
1018,617
1018,618
1018,619
1018,905
1018,906
1018,907
1018,908
1018,909
1018,910
1018,914
1018,919
1018,920
1018,921
1018,922
1018,923
1018,924
1018,925
1018,926
1018,927
1018,928
1018,929
1018,930
1018,931
1018,932
1018,1008
1018,1009
1018,1010
1018,1011
1018,1012
1018,1013
1018,1014
1018,1015
1018,1016
1018,1017
1018,1019
1018,1020
1018,1021
1018,1022
1018,1023
1018,1024
1018,1025
1018,1026
1018,1027
1018,1028
1018,1029
1018,1030
1018,1031
1018,1034
1018,1035
1019,2
1019,3
1019,25
1019,27
1019,29
1019,30
1019,31
1019,44
1019,45
1019,143
1019,144
1019,145
1019,146
1019,148
1019,149
1019,150
1019,151
1019,152
1019,163
1019,251
1019,252
1019,359
1019,365
1019,366
1019,367
1019,368
1019,369
1019,370
1019,371
1019,372
1019,373
1019,374
1019,376
1019,406
1019,407
1019,408
1019,409
1019,410
1019,411
1019,412
1019,413
1019,414
1019,416
1019,418
1019,419
1019,422
1019,423
1019,596
1019,616
1019,617
1019,618
1019,619
1019,906
1019,909
1019,910
1019,921
1019,922
1019,925
1019,926
1019,927
1019,928
1019,929
1019,930
1019,931
1019,932
1019,1008
1019,1009
1019,1010
1019,1011
1019,1012
1019,1013
1019,1014
1019,1015
1019,1016
1019,1017
1019,1018
1019,1020
1019,1021
1019,1022
1019,1023
1019,1024
1019,1025
1019,1026
1019,1027
1019,1028
1019,1029
1019,1030
1019,1031
1019,1032
1019,1033
1019,1034
1019,1035
1019,1036
1019,1037
1020,2
1020,3
1020,25
1020,27
1020,29
1020,30
1020,31
1020,44
1020,89
1020,143
1020,144
1020,145
1020,149
1020,150
1020,151
1020,152
1020,251
1020,252
1020,358
1020,359
1020,360
1020,365
1020,366
1020,367
1020,368
1020,369
1020,370
1020,371
1020,372
1020,373
1020,374
1020,376
1020,406
1020,407
1020,408
1020,409
1020,410
1020,411
1020,412
1020,413
1020,414
1020,416
1020,418
1020,419
1020,422
1020,534
1020,535
1020,596
1020,614
1020,616
1020,617
1020,618
1020,619
1020,905
1020,906
1020,907
1020,908
1020,909
1020,910
1020,913
1020,914
1020,917
1020,918
1020,919
1020,920
1020,921
1020,922
1020,923
1020,924
1020,925
1020,926
1020,927
1020,928
1020,929
1020,930
1020,931
1020,932
1020,1008
1020,1009
1020,1010
1020,1011
1020,1012
1020,1013
1020,1014
1020,1015
1020,1016
1020,1017
1020,1018
1020,1019
1020,1021
1020,1022
1020,1023
1020,1024
1020,1025
1020,1026
1020,1027
1020,1028
1020,1029
1020,1030
1020,1031
1020,1032
1020,1033
1020,1034
1020,1035
1020,1036
1020,1037
1021,2
1021,3
1021,25
1021,27
1021,29
1021,30
1021,31
1021,44
1021,143
1021,144
1021,145
1021,149
1021,150
1021,152
1021,251
1021,252
1021,358
1021,359
1021,360
1021,365
1021,366
1021,367
1021,368
1021,369
1021,370
1021,371
1021,372
1021,373
1021,374
1021,376
1021,406
1021,407
1021,408
1021,409
1021,410
1021,411
1021,412
1021,413
1021,414
1021,416
1021,418
1021,419
1021,422
1021,423
1021,535
1021,596
1021,616
1021,617
1021,618
1021,619
1021,905
1021,906
1021,907
1021,908
1021,909
1021,910
1021,914
1021,918
1021,919
1021,920
1021,921
1021,922
1021,923
1021,924
1021,925
1021,926
1021,927
1021,928
1021,929
1021,930
1021,931
1021,932
1021,1008
1021,1009
1021,1010
1021,1011
1021,1012
1021,1013
1021,1014
1021,1015
1021,1016
1021,1017
1021,1018
1021,1019
1021,1020
1021,1022
1021,1023
1021,1024
1021,1025
1021,1026
1021,1027
1021,1028
1021,1029
1021,1030
1021,1031
1021,1032
1021,1033
1021,1034
1021,1035
1021,1036
1021,1037
1022,2
1022,3
1022,25
1022,27
1022,29
1022,30
1022,31
1022,32
1022,44
1022,45
1022,143
1022,144
1022,145
1022,149
1022,150
1022,151
1022,152
1022,163
1022,251
1022,252
1022,359
1022,360
1022,366
1022,367
1022,368
1022,369
1022,370
1022,371
1022,372
1022,373
1022,374
1022,376
1022,406
1022,407
1022,408
1022,409
1022,410
1022,411
1022,412
1022,413
1022,414
1022,416
1022,418
1022,419
1022,422
1022,423
1022,618
1022,619
1022,906
1022,909
1022,910
1022,920
1022,921
1022,922
1022,924
1022,925
1022,926
1022,927
1022,928
1022,929
1022,930
1022,931
1022,932
1022,1008
1022,1009
1022,1010
1022,1011
1022,1012
1022,1013
1022,1014
1022,1015
1022,1016
1022,1017
1022,1018
1022,1019
1022,1020
1022,1021
1022,1023
1022,1024
1022,1025
1022,1026
1022,1027
1022,1028
1022,1029
1022,1030
1022,1031
1022,1032
1022,1033
1022,1034
1022,1035
1022,1036
1022,1037
1023,2
1023,3
1023,25
1023,27
1023,29
1023,30
1023,31
1023,44
1023,45
1023,144
1023,145
1023,149
1023,150
1023,152
1023,163
1023,251
1023,252
1023,365
1023,366
1023,367
1023,368
1023,369
1023,370
1023,371
1023,372
1023,373
1023,374
1023,376
1023,406
1023,407
1023,408
1023,409
1023,410
1023,411
1023,412
1023,413
1023,414
1023,416
1023,418
1023,419
1023,422
1023,423
1023,910
1023,921
1023,922
1023,925
1023,926
1023,927
1023,928
1023,929
1023,930
1023,931
1023,932
1023,1008
1023,1009
1023,1010
1023,1011
1023,1012
1023,1013
1023,1014
1023,1015
1023,1016
1023,1017
1023,1018
1023,1019
1023,1020
1023,1021
1023,1022
1023,1024
1023,1025
1023,1026
1023,1027
1023,1028
1023,1029
1023,1030
1023,1031
1023,1032
1023,1033
1023,1034
1023,1035
1023,1036
1023,1037
1024,2
1024,3
1024,27
1024,29
1024,30
1024,31
1024,32
1024,44
1024,45
1024,144
1024,145
1024,149
1024,150
1024,151
1024,152
1024,163
1024,251
1024,252
1024,366
1024,367
1024,368
1024,369
1024,370
1024,371
1024,372
1024,373
1024,374
1024,376
1024,377
1024,406
1024,407
1024,408
1024,409
1024,410
1024,411
1024,412
1024,413
1024,414
1024,416
1024,417
1024,418
1024,419
1024,420
1024,421
1024,422
1024,423
1024,424
1024,432
1024,926
1024,930
1024,931
1024,932
1024,1009
1024,1010
1024,1011
1024,1012
1024,1013
1024,1014
1024,1015
1024,1016
1024,1017
1024,1018
1024,1019
1024,1020
1024,1021
1024,1022
1024,1023
1024,1025
1024,1026
1024,1027
1024,1028
1024,1029
1024,1030
1024,1031
1024,1032
1024,1033
1024,1034
1024,1035
1024,1036
1024,1037
1025,2
1025,3
1025,27
1025,29
1025,30
1025,31
1025,32
1025,44
1025,45
1025,144
1025,145
1025,149
1025,150
1025,152
1025,163
1025,251
1025,252
1025,366
1025,367
1025,368
1025,369
1025,370
1025,371
1025,372
1025,373
1025,374
1025,376
1025,377
1025,406
1025,407
1025,408
1025,409
1025,410
1025,411
1025,412
1025,413
1025,414
1025,416
1025,417
1025,418
1025,419
1025,420
1025,421
1025,422
1025,423
1025,424
1025,425
1025,432
1025,930
1025,932
1025,1009
1025,1010
1025,1011
1025,1012
1025,1013
1025,1014
1025,1015
1025,1016
1025,1017
1025,1018
1025,1019
1025,1020
1025,1021
1025,1022
1025,1023
1025,1024
1025,1026
1025,1027
1025,1028
1025,1029
1025,1030
1025,1031
1025,1032
1025,1033
1025,1034
1025,1035
1025,1036
1025,1037
1026,2
1026,3
1026,27
1026,30
1026,31
1026,32
1026,44
1026,45
1026,144
1026,145
1026,149
1026,150
1026,151
1026,152
1026,163
1026,251
1026,252
1026,367
1026,368
1026,369
1026,370
1026,371
1026,372
1026,373
1026,374
1026,375
1026,376
1026,377
1026,406
1026,407
1026,408
1026,409
1026,410
1026,411
1026,412
1026,413
1026,414
1026,415
1026,416
1026,417
1026,418
1026,419
1026,420
1026,421
1026,422
1026,423
1026,424
1026,425
1026,432
1026,433
1026,932
1026,1011
1026,1012
1026,1013
1026,1014
1026,1015
1026,1016
1026,1017
1026,1018
1026,1019
1026,1020
1026,1021
1026,1022
1026,1023
1026,1024
1026,1025
1026,1027
1026,1028
1026,1029
1026,1030
1026,1031
1026,1032
1026,1033
1026,1034
1026,1035
1026,1036
1026,1037
1027,2
1027,3
1027,27
1027,30
1027,31
1027,32
1027,44
1027,45
1027,144
1027,145
1027,149
1027,150
1027,152
1027,163
1027,251
1027,252
1027,367
1027,368
1027,369
1027,370
1027,371
1027,372
1027,373
1027,374
1027,375
1027,376
1027,377
1027,406
1027,407
1027,408
1027,409
1027,410
1027,411
1027,412
1027,413
1027,414
1027,415
1027,416
1027,417
1027,418
1027,419
1027,420
1027,421
1027,422
1027,423
1027,424
1027,425
1027,432
1027,433
1027,434
1027,932
1027,1011
1027,1013
1027,1014
1027,1015
1027,1016
1027,1017
1027,1018
1027,1019
1027,1020
1027,1021
1027,1022
1027,1023
1027,1024
1027,1025
1027,1026
1027,1028
1027,1029
1027,1030
1027,1031
1027,1032
1027,1033
1027,1034
1027,1035
1027,1036
1027,1037
1028,2
1028,3
1028,27
1028,30
1028,31
1028,32
1028,44
1028,45
1028,144
1028,145
1028,149
1028,150
1028,151
1028,152
1028,163
1028,252
1028,367
1028,368
1028,369
1028,370
1028,371
1028,372
1028,373
1028,374
1028,375
1028,376
1028,377
1028,406
1028,407
1028,408
1028,409
1028,410
1028,411
1028,412
1028,413
1028,414
1028,415
1028,416
1028,417
1028,418
1028,419
1028,420
1028,421
1028,422
1028,423
1028,424
1028,425
1028,428
1028,432
1028,433
1028,434
1028,932
1028,1011
1028,1013
1028,1014
1028,1015
1028,1016
1028,1017
1028,1018
1028,1019
1028,1020
1028,1021
1028,1022
1028,1023
1028,1024
1028,1025
1028,1026
1028,1027
1028,1029
1028,1030
1028,1031
1028,1032
1028,1033
1028,1034
1028,1035
1028,1036
1028,1037
1029,2
1029,3
1029,27
1029,30
1029,31
1029,32
1029,44
1029,45
1029,145
1029,150
1029,152
1029,163
1029,252
1029,367
1029,368
1029,369
1029,370
1029,371
1029,372
1029,373
1029,374
1029,375
1029,376
1029,377
1029,406
1029,407
1029,408
1029,409
1029,410
1029,411
1029,412
1029,413
1029,414
1029,415
1029,416
1029,417
1029,418
1029,419
1029,420
1029,421
1029,422
1029,423
1029,424
1029,425
1029,432
1029,433
1029,434
1029,1011
1029,1013
1029,1014
1029,1015
1029,1016
1029,1017
1029,1018
1029,1019
1029,1020
1029,1021
1029,1022
1029,1023
1029,1024
1029,1025
1029,1026
1029,1027
1029,1028
1029,1030
1029,1031
1029,1032
1029,1033
1029,1034
1029,1035
1029,1036
1029,1037
1030,2
1030,3
1030,27
1030,30
1030,31
1030,32
1030,44
1030,45
1030,144
1030,145
1030,149
1030,150
1030,151
1030,152
1030,162
1030,163
1030,165
1030,252
1030,367
1030,368
1030,369
1030,370
1030,371
1030,372
1030,373
1030,374
1030,375
1030,376
1030,377
1030,380
1030,406
1030,407
1030,408
1030,409
1030,410
1030,411
1030,412
1030,413
1030,414
1030,415
1030,416
1030,417
1030,418
1030,419
1030,420
1030,421
1030,422
1030,423
1030,424
1030,425
1030,426
1030,428
1030,432
1030,433
1030,434
1030,1013
1030,1014
1030,1016
1030,1017
1030,1018
1030,1019
1030,1020
1030,1021
1030,1022
1030,1023
1030,1024
1030,1025
1030,1026
1030,1027
1030,1028
1030,1029
1030,1031
1030,1032
1030,1033
1030,1034
1030,1035
1030,1036
1030,1037
1031,2
1031,3
1031,27
1031,30
1031,31
1031,32
1031,44
1031,45
1031,145
1031,149
1031,150
1031,151
1031,152
1031,163
1031,165
1031,252
1031,367
1031,368
1031,369
1031,370
1031,371
1031,372
1031,373
1031,374
1031,375
1031,376
1031,377
1031,380
1031,406
1031,407
1031,408
1031,409
1031,410
1031,411
1031,412
1031,413
1031,414
1031,415
1031,416
1031,417
1031,418
1031,419
1031,420
1031,421
1031,422
1031,423
1031,424
1031,425
1031,426
1031,428
1031,429
1031,432
1031,433
1031,434
1031,1013
1031,1014
1031,1016
1031,1017
1031,1018
1031,1019
1031,1020
1031,1021
1031,1022
1031,1023
1031,1024
1031,1025
1031,1026
1031,1027
1031,1028
1031,1029
1031,1030
1031,1032
1031,1033
1031,1034
1031,1035
1031,1036
1031,1037
1032,2
1032,3
1032,27
1032,30
1032,31
1032,32
1032,33
1032,44
1032,45
1032,46
1032,145
1032,149
1032,150
1032,151
1032,152
1032,162
1032,163
1032,165
1032,252
1032,367
1032,368
1032,369
1032,370
1032,371
1032,372
1032,373
1032,374
1032,375
1032,376
1032,377
1032,378
1032,380
1032,406
1032,407
1032,408
1032,409
1032,410
1032,411
1032,412
1032,413
1032,414
1032,415
1032,416
1032,417
1032,418
1032,419
1032,420
1032,421
1032,422
1032,423
1032,424
1032,425
1032,426
1032,428
1032,429
1032,432
1032,433
1032,434
1032,435
1032,1018
1032,1019
1032,1020
1032,1021
1032,1022
1032,1023
1032,1024
1032,1025
1032,1026
1032,1027
1032,1028
1032,1029
1032,1030
1032,1031
1032,1033
1032,1034
1032,1035
1032,1036
1032,1037
1033,2
1033,3
1033,27
1033,30
1033,31
1033,32
1033,33
1033,44
1033,45
1033,46
1033,150
1033,151
1033,152
1033,162
1033,163
1033,165
1033,252
1033,367
1033,368
1033,369
1033,370
1033,371
1033,372
1033,373
1033,374
1033,375
1033,376
1033,377
1033,378
1033,380
1033,406
1033,407
1033,408
1033,409
1033,410
1033,411
1033,412
1033,413
1033,414
1033,415
1033,416
1033,417
1033,418
1033,419
1033,420
1033,421
1033,422
1033,423
1033,424
1033,425
1033,426
1033,428
1033,429
1033,432
1033,433
1033,434
1033,435
1033,1018
1033,1019
1033,1020
1033,1021
1033,1022
1033,1023
1033,1024
1033,1025
1033,1026
1033,1027
1033,1028
1033,1029
1033,1030
1033,1031
1033,1032
1033,1034
1033,1035
1033,1036
1033,1037
1034,2
1034,3
1034,27
1034,30
1034,31
1034,32
1034,44
1034,45
1034,150
1034,152
1034,163
1034,367
1034,368
1034,369
1034,370
1034,371
1034,372
1034,373
1034,374
1034,375
1034,376
1034,377
1034,380
1034,406
1034,407
1034,408
1034,409
1034,410
1034,411
1034,412
1034,413
1034,414
1034,415
1034,416
1034,417
1034,418
1034,419
1034,420
1034,421
1034,422
1034,423
1034,424
1034,425
1034,426
1034,428
1034,429
1034,432
1034,433
1034,434
1034,1016
1034,1017
1034,1018
1034,1019
1034,1020
1034,1021
1034,1022
1034,1023
1034,1024
1034,1025
1034,1026
1034,1027
1034,1028
1034,1029
1034,1030
1034,1031
1034,1032
1034,1033
1034,1035
1034,1036
1034,1037
1035,2
1035,3
1035,27
1035,30
1035,31
1035,32
1035,44
1035,45
1035,150
1035,152
1035,163
1035,367
1035,368
1035,369
1035,370
1035,371
1035,372
1035,373
1035,374
1035,375
1035,376
1035,377
1035,380
1035,406
1035,407
1035,408
1035,409
1035,410
1035,411
1035,412
1035,413
1035,414
1035,415
1035,416
1035,417
1035,418
1035,419
1035,420
1035,421
1035,422
1035,423
1035,424
1035,425
1035,426
1035,428
1035,429
1035,432
1035,433
1035,434
1035,435
1035,1014
1035,1016
1035,1017
1035,1018
1035,1019
1035,1020
1035,1021
1035,1022
1035,1023
1035,1024
1035,1025
1035,1026
1035,1027
1035,1028
1035,1029
1035,1030
1035,1031
1035,1032
1035,1033
1035,1034
1035,1036
1035,1037
1036,2
1036,3
1036,27
1036,30
1036,31
1036,32
1036,33
1036,44
1036,45
1036,46
1036,150
1036,151
1036,152
1036,163
1036,165
1036,367
1036,368
1036,369
1036,370
1036,371
1036,372
1036,373
1036,374
1036,375
1036,376
1036,377
1036,378
1036,380
1036,406
1036,407
1036,408
1036,409
1036,410
1036,411
1036,412
1036,413
1036,414
1036,415
1036,416
1036,417
1036,418
1036,419
1036,420
1036,421
1036,422
1036,423
1036,424
1036,425
1036,426
1036,428
1036,429
1036,432
1036,433
1036,434
1036,435
1036,436
1036,1019
1036,1020
1036,1021
1036,1022
1036,1023
1036,1024
1036,1025
1036,1026
1036,1027
1036,1028
1036,1029
1036,1030
1036,1031
1036,1032
1036,1033
1036,1034
1036,1035
1036,1037
1037,2
1037,3
1037,27
1037,30
1037,31
1037,32
1037,33
1037,44
1037,45
1037,46
1037,150
1037,152
1037,163
1037,165
1037,367
1037,368
1037,369
1037,370
1037,371
1037,372
1037,373
1037,374
1037,375
1037,376
1037,377
1037,378
1037,380
1037,406
1037,407
1037,408
1037,409
1037,410
1037,411
1037,412
1037,413
1037,414
1037,415
1037,416
1037,417
1037,418
1037,419
1037,420
1037,421
1037,422
1037,423
1037,424
1037,425
1037,426
1037,428
1037,429
1037,432
1037,433
1037,434
1037,435
1037,436
1037,1018
1037,1019
1037,1020
1037,1021
1037,1022
1037,1023
1037,1024
1037,1025
1037,1026
1037,1027
1037,1028
1037,1029
1037,1030
1037,1031
1037,1032
1037,1033
1037,1034
1037,1035
1037,1036
1038,2
1038,4
1038,31
1038,32
1038,33
1038,34
1038,35
1038,45
1038,46
1038,47
1038,379
1038,380
1038,381
1038,382
1038,383
1038,384
1038,385
1038,386
1038,387
1038,388
1038,389
1038,392
1038,426
1038,427
1038,428
1038,429
1038,430
1038,431
1038,435
1038,436
1038,437
1038,438
1038,439
1038,440
1038,441
1038,442
1038,443
1038,444
1038,445
1038,448
1038,449
1038,450
1038,451
1038,452
1038,453
1038,454
1038,1039
1038,1040
1038,1041
1038,1042
1038,1043
1038,1044
1038,1045
1038,1046
1038,1047
1038,1048
1038,1049
1038,1050
1038,1051
1038,1052
1038,1053
1038,1054
1038,1055
1038,1056
1038,1057
1038,1058
1038,1059
1038,1060
1039,2
1039,4
1039,31
1039,32
1039,33
1039,34
1039,35
1039,45
1039,46
1039,47
1039,379
1039,380
1039,381
1039,382
1039,383
1039,384
1039,385
1039,386
1039,388
1039,389
1039,426
1039,427
1039,428
1039,429
1039,430
1039,431
1039,435
1039,436
1039,437
1039,438
1039,439
1039,440
1039,441
1039,442
1039,443
1039,444
1039,445
1039,448
1039,449
1039,450
1039,451
1039,452
1039,453
1039,454
1039,1038
1039,1040
1039,1041
1039,1042
1039,1043
1039,1044
1039,1045
1039,1046
1039,1047
1039,1048
1039,1049
1039,1050
1039,1051
1039,1052
1039,1053
1039,1054
1039,1055
1039,1056
1039,1057
1039,1058
1039,1059
1039,1060
1040,2
1040,4
1040,31
1040,32
1040,33
1040,34
1040,35
1040,45
1040,46
1040,47
1040,48
1040,184
1040,379
1040,381
1040,382
1040,383
1040,384
1040,385
1040,386
1040,387
1040,388
1040,389
1040,392
1040,426
1040,427
1040,428
1040,429
1040,430
1040,431
1040,435
1040,437
1040,438
1040,439
1040,440
1040,441
1040,442
1040,443
1040,444
1040,445
1040,447
1040,448
1040,449
1040,450
1040,451
1040,452
1040,453
1040,454
1040,1038
1040,1039
1040,1041
1040,1042
1040,1043
1040,1044
1040,1045
1040,1046
1040,1047
1040,1048
1040,1049
1040,1050
1040,1051
1040,1052
1040,1053
1040,1054
1040,1055
1040,1056
1040,1057
1040,1058
1040,1059
1040,1060
1040,1061
1040,1062
1040,1065
1040,1066
1041,2
1041,4
1041,31
1041,32
1041,33
1041,34
1041,35
1041,45
1041,46
1041,47
1041,48
1041,381
1041,382
1041,383
1041,384
1041,385
1041,386
1041,387
1041,388
1041,389
1041,392
1041,426
1041,427
1041,428
1041,429
1041,430
1041,431
1041,435
1041,437
1041,438
1041,439
1041,440
1041,441
1041,442
1041,443
1041,444
1041,445
1041,448
1041,449
1041,450
1041,451
1041,452
1041,453
1041,454
1041,1038
1041,1039
1041,1040
1041,1042
1041,1043
1041,1044
1041,1045
1041,1046
1041,1047
1041,1048
1041,1049
1041,1050
1041,1051
1041,1052
1041,1053
1041,1054
1041,1055
1041,1056
1041,1057
1041,1058
1041,1059
1041,1060
1041,1061
1041,1062
1041,1065
1041,1066
1042,2
1042,4
1042,31
1042,32
1042,33
1042,34
1042,35
1042,45
1042,46
1042,47
1042,381
1042,382
1042,383
1042,384
1042,385
1042,386
1042,388
1042,389
1042,424
1042,426
1042,427
1042,428
1042,429
1042,430
1042,431
1042,435
1042,436
1042,437
1042,438
1042,439
1042,440
1042,441
1042,442
1042,443
1042,444
1042,445
1042,448
1042,449
1042,450
1042,451
1042,452
1042,453
1042,454
1042,1038
1042,1039
1042,1040
1042,1041
1042,1043
1042,1044
1042,1045
1042,1046
1042,1047
1042,1048
1042,1049
1042,1050
1042,1051
1042,1052
1042,1053
1042,1054
1042,1055
1042,1056
1042,1057
1042,1058
1042,1059
1042,1060
1043,2
1043,4
1043,31
1043,32
1043,33
1043,34
1043,35
1043,45
1043,46
1043,47
1043,48
1043,381
1043,382
1043,383
1043,384
1043,385
1043,386
1043,387
1043,388
1043,389
1043,392
1043,426
1043,427
1043,428
1043,429
1043,430
1043,431
1043,435
1043,436
1043,437
1043,438
1043,439
1043,440
1043,441
1043,442
1043,443
1043,444
1043,445
1043,447
1043,448
1043,449
1043,450
1043,451
1043,452
1043,453
1043,454
1043,1038
1043,1039
1043,1040
1043,1041
1043,1042
1043,1044
1043,1045
1043,1046
1043,1047
1043,1048
1043,1049
1043,1050
1043,1051
1043,1052
1043,1053
1043,1054
1043,1055
1043,1056
1043,1057
1043,1058
1043,1059
1043,1060
1043,1061
1043,1062
1043,1065
1043,1066
1044,2
1044,4
1044,31
1044,32
1044,33
1044,34
1044,35
1044,45
1044,46
1044,47
1044,48
1044,381
1044,383
1044,384
1044,385
1044,386
1044,388
1044,389
1044,392
1044,426
1044,427
1044,428
1044,429
1044,430
1044,431
1044,435
1044,436
1044,437
1044,438
1044,439
1044,440
1044,441
1044,442
1044,443
1044,444
1044,445
1044,448
1044,449
1044,450
1044,451
1044,452
1044,453
1044,454
1044,1038
1044,1039
1044,1040
1044,1041
1044,1042
1044,1043
1044,1045
1044,1046
1044,1047
1044,1048
1044,1049
1044,1050
1044,1051
1044,1052
1044,1053
1044,1054
1044,1055
1044,1056
1044,1057
1044,1058
1044,1059
1044,1060
1044,1061
1044,1062
1044,1065
1044,1066
1045,2
1045,4
1045,31
1045,32
1045,33
1045,34
1045,35
1045,45
1045,46
1045,47
1045,48
1045,190
1045,381
1045,382
1045,383
1045,384
1045,385
1045,386
1045,387
1045,388
1045,389
1045,390
1045,392
1045,427
1045,430
1045,431
1045,437
1045,438
1045,439
1045,440
1045,441
1045,442
1045,443
1045,444
1045,445
1045,446
1045,447
1045,448
1045,449
1045,450
1045,451
1045,452
1045,453
1045,454
1045,1038
1045,1039
1045,1040
1045,1041
1045,1042
1045,1043
1045,1044
1045,1046
1045,1047
1045,1048
1045,1049
1045,1050
1045,1051
1045,1052
1045,1053
1045,1054
1045,1055
1045,1056
1045,1057
1045,1058
1045,1059
1045,1060
1045,1061
1045,1062
1045,1063
1045,1064
1045,1065
1045,1066
1045,1067
1045,1068
1046,2
1046,4
1046,31
1046,32
1046,33
1046,34
1046,35
1046,45
1046,46
1046,47
1046,48
1046,381
1046,382
1046,383
1046,384
1046,385
1046,386
1046,387
1046,388
1046,389
1046,392
1046,427
1046,430
1046,431
1046,437
1046,438
1046,439
1046,440
1046,441
1046,442
1046,443
1046,444
1046,445
1046,446
1046,447
1046,448
1046,449
1046,450
1046,451
1046,452
1046,453
1046,454
1046,1038
1046,1039
1046,1040
1046,1041
1046,1042
1046,1043
1046,1044
1046,1045
1046,1047
1046,1048
1046,1049
1046,1050
1046,1051
1046,1052
1046,1053
1046,1054
1046,1055
1046,1056
1046,1057
1046,1058
1046,1059
1046,1060
1046,1061
1046,1062
1046,1063
1046,1064
1046,1065
1046,1066
1046,1068
1047,2
1047,4
1047,32
1047,33
1047,34
1047,35
1047,45
1047,46
1047,47
1047,48
1047,383
1047,384
1047,385
1047,386
1047,387
1047,388
1047,389
1047,390
1047,392
1047,393
1047,427
1047,430
1047,431
1047,437
1047,439
1047,440
1047,441
1047,442
1047,443
1047,444
1047,445
1047,446
1047,447
1047,448
1047,449
1047,450
1047,451
1047,452
1047,453
1047,454
1047,1038
1047,1039
1047,1040
1047,1041
1047,1042
1047,1043
1047,1044
1047,1045
1047,1046
1047,1048
1047,1049
1047,1050
1047,1051
1047,1052
1047,1053
1047,1054
1047,1055
1047,1056
1047,1057
1047,1058
1047,1059
1047,1060
1047,1061
1047,1062
1047,1063
1047,1064
1047,1065
1047,1066
1047,1067
1047,1068
1048,2
1048,4
1048,32
1048,33
1048,34
1048,35
1048,45
1048,46
1048,47
1048,48
1048,383
1048,384
1048,385
1048,386
1048,387
1048,388
1048,389
1048,390
1048,392
1048,393
1048,427
1048,430
1048,431
1048,437
1048,439
1048,440
1048,441
1048,442
1048,443
1048,444
1048,445
1048,446
1048,447
1048,448
1048,449
1048,450
1048,451
1048,452
1048,453
1048,454
1048,1038
1048,1039
1048,1040
1048,1041
1048,1042
1048,1043
1048,1044
1048,1045
1048,1046
1048,1047
1048,1049
1048,1050
1048,1051
1048,1052
1048,1053
1048,1054
1048,1055
1048,1056
1048,1057
1048,1058
1048,1059
1048,1060
1048,1061
1048,1062
1048,1063
1048,1064
1048,1065
1048,1066
1048,1067
1048,1068
1049,2
1049,4
1049,31
1049,32
1049,33
1049,34
1049,35
1049,45
1049,46
1049,47
1049,48
1049,381
1049,383
1049,384
1049,385
1049,386
1049,387
1049,388
1049,389
1049,392
1049,427
1049,430
1049,431
1049,437
1049,438
1049,439
1049,440
1049,441
1049,442
1049,443
1049,444
1049,445
1049,446
1049,447
1049,448
1049,449
1049,450
1049,451
1049,452
1049,453
1049,454
1049,1038
1049,1039
1049,1040
1049,1041
1049,1042
1049,1043
1049,1044
1049,1045
1049,1046
1049,1047
1049,1048
1049,1050
1049,1051
1049,1052
1049,1053
1049,1054
1049,1055
1049,1056
1049,1057
1049,1058
1049,1059
1049,1060
1049,1061
1049,1062
1049,1063
1049,1064
1049,1065
1049,1066
1049,1067
1049,1068
1050,2
1050,4
1050,31
1050,32
1050,33
1050,34
1050,35
1050,45
1050,46
1050,47
1050,48
1050,383
1050,384
1050,385
1050,386
1050,387
1050,388
1050,389
1050,392
1050,427
1050,430
1050,431
1050,437
1050,438
1050,439
1050,440
1050,441
1050,442
1050,443
1050,444
1050,445
1050,446
1050,447
1050,448
1050,449
1050,450
1050,451
1050,452
1050,453
1050,454
1050,1038
1050,1039
1050,1040
1050,1041
1050,1042
1050,1043
1050,1044
1050,1045
1050,1046
1050,1047
1050,1048
1050,1049
1050,1051
1050,1052
1050,1053
1050,1054
1050,1055
1050,1056
1050,1057
1050,1058
1050,1059
1050,1060
1050,1061
1050,1062
1050,1063
1050,1064
1050,1065
1050,1066
1050,1067
1050,1068
1051,2
1051,4
1051,32
1051,33
1051,34
1051,35
1051,45
1051,46
1051,47
1051,48
1051,383
1051,384
1051,385
1051,386
1051,387
1051,388
1051,389
1051,390
1051,392
1051,393
1051,427
1051,430
1051,431
1051,437
1051,439
1051,440
1051,441
1051,442
1051,443
1051,444
1051,445
1051,446
1051,447
1051,448
1051,449
1051,450
1051,451
1051,452
1051,453
1051,454
1051,1038
1051,1039
1051,1040
1051,1041
1051,1042
1051,1043
1051,1044
1051,1045
1051,1046
1051,1047
1051,1048
1051,1049
1051,1050
1051,1052
1051,1053
1051,1054
1051,1055
1051,1056
1051,1057
1051,1058
1051,1059
1051,1060
1051,1061
1051,1062
1051,1063
1051,1064
1051,1065
1051,1066
1051,1067
1051,1068
1052,2
1052,4
1052,32
1052,33
1052,34
1052,35
1052,45
1052,46
1052,47
1052,48
1052,384
1052,385
1052,386
1052,387
1052,388
1052,389
1052,392
1052,430
1052,431
1052,437
1052,438
1052,439
1052,440
1052,441
1052,442
1052,443
1052,444
1052,445
1052,446
1052,447
1052,448
1052,449
1052,450
1052,451
1052,452
1052,453
1052,454
1052,1038
1052,1039
1052,1040
1052,1041
1052,1042
1052,1043
1052,1044
1052,1045
1052,1046
1052,1047
1052,1048
1052,1049
1052,1050
1052,1051
1052,1053
1052,1054
1052,1055
1052,1056
1052,1057
1052,1058
1052,1059
1052,1060
1052,1061
1052,1062
1052,1063
1052,1064
1052,1065
1052,1066
1052,1067
1052,1068
1053,2
1053,4
1053,32
1053,33
1053,34
1053,35
1053,45
1053,46
1053,47
1053,48
1053,383
1053,384
1053,385
1053,386
1053,387
1053,388
1053,389
1053,390
1053,391
1053,392
1053,393
1053,398
1053,439
1053,440
1053,441
1053,442
1053,443
1053,444
1053,445
1053,446
1053,447
1053,448
1053,449
1053,450
1053,451
1053,452
1053,453
1053,454
1053,1038
1053,1039
1053,1040
1053,1041
1053,1042
1053,1043
1053,1044
1053,1045
1053,1046
1053,1047
1053,1048
1053,1049
1053,1050
1053,1051
1053,1052
1053,1054
1053,1055
1053,1056
1053,1057
1053,1058
1053,1059
1053,1060
1053,1061
1053,1062
1053,1063
1053,1064
1053,1065
1053,1066
1053,1067
1053,1068
1054,2
1054,4
1054,32
1054,33
1054,34
1054,35
1054,45
1054,46
1054,47
1054,48
1054,383
1054,384
1054,385
1054,386
1054,387
1054,388
1054,389
1054,390
1054,392
1054,393
1054,398
1054,439
1054,440
1054,441
1054,442
1054,443
1054,444
1054,445
1054,446
1054,447
1054,448
1054,449
1054,450
1054,451
1054,452
1054,453
1054,454
1054,1038
1054,1039
1054,1040
1054,1041
1054,1042
1054,1043
1054,1044
1054,1045
1054,1046
1054,1047
1054,1048
1054,1049
1054,1050
1054,1051
1054,1052
1054,1053
1054,1055
1054,1056
1054,1057
1054,1058
1054,1059
1054,1060
1054,1061
1054,1062
1054,1063
1054,1064
1054,1065
1054,1066
1054,1067
1054,1068
1055,2
1055,4
1055,32
1055,33
1055,34
1055,35
1055,45
1055,46
1055,47
1055,48
1055,49
1055,383
1055,385
1055,386
1055,387
1055,388
1055,389
1055,390
1055,391
1055,392
1055,393
1055,396
1055,398
1055,439
1055,440
1055,441
1055,442
1055,443
1055,444
1055,445
1055,446
1055,447
1055,448
1055,450
1055,451
1055,452
1055,453
1055,454
1055,1038
1055,1039
1055,1040
1055,1041
1055,1042
1055,1043
1055,1044
1055,1045
1055,1046
1055,1047
1055,1048
1055,1049
1055,1050
1055,1051
1055,1052
1055,1053
1055,1054
1055,1056
1055,1057
1055,1058
1055,1059
1055,1060
1055,1061
1055,1062
1055,1063
1055,1064
1055,1065
1055,1066
1055,1067
1055,1068
1056,2
1056,4
1056,32
1056,33
1056,34
1056,35
1056,45
1056,46
1056,47
1056,48
1056,49
1056,385
1056,386
1056,387
1056,388
1056,389
1056,390
1056,391
1056,392
1056,393
1056,396
1056,398
1056,439
1056,440
1056,441
1056,442
1056,443
1056,444
1056,445
1056,446
1056,447
1056,448
1056,449
1056,450
1056,451
1056,452
1056,453
1056,454
1056,1038
1056,1039
1056,1040
1056,1041
1056,1042
1056,1043
1056,1044
1056,1045
1056,1046
1056,1047
1056,1048
1056,1049
1056,1050
1056,1051
1056,1052
1056,1053
1056,1054
1056,1055
1056,1057
1056,1058
1056,1059
1056,1060
1056,1061
1056,1062
1056,1063
1056,1064
1056,1065
1056,1066
1056,1067
1056,1068
1057,2
1057,4
1057,32
1057,33
1057,34
1057,35
1057,45
1057,46
1057,47
1057,48
1057,384
1057,385
1057,386
1057,387
1057,388
1057,389
1057,390
1057,392
1057,393
1057,398
1057,439
1057,440
1057,441
1057,442
1057,443
1057,444
1057,445
1057,446
1057,447
1057,448
1057,449
1057,450
1057,451
1057,452
1057,453
1057,454
1057,1038
1057,1039
1057,1040
1057,1041
1057,1042
1057,1043
1057,1044
1057,1045
1057,1046
1057,1047
1057,1048
1057,1049
1057,1050
1057,1051
1057,1052
1057,1053
1057,1054
1057,1055
1057,1056
1057,1058
1057,1059
1057,1060
1057,1061
1057,1062
1057,1063
1057,1064
1057,1065
1057,1066
1057,1067
1057,1068
1058,2
1058,4
1058,32
1058,33
1058,34
1058,35
1058,45
1058,46
1058,47
1058,48
1058,385
1058,386
1058,387
1058,388
1058,389
1058,390
1058,392
1058,393
1058,398
1058,439
1058,440
1058,441
1058,442
1058,443
1058,444
1058,445
1058,446
1058,447
1058,448
1058,449
1058,450
1058,451
1058,452
1058,453
1058,454
1058,1038
1058,1039
1058,1040
1058,1041
1058,1042
1058,1043
1058,1044
1058,1045
1058,1046
1058,1047
1058,1048
1058,1049
1058,1050
1058,1051
1058,1052
1058,1053
1058,1054
1058,1055
1058,1056
1058,1057
1058,1059
1058,1060
1058,1061
1058,1062
1058,1063
1058,1064
1058,1065
1058,1066
1058,1067
1058,1068
1059,2
1059,4
1059,32
1059,33
1059,34
1059,35
1059,46
1059,47
1059,48
1059,49
1059,385
1059,386
1059,387
1059,388
1059,389
1059,390
1059,392
1059,393
1059,398
1059,440
1059,441
1059,442
1059,443
1059,444
1059,445
1059,446
1059,447
1059,448
1059,449
1059,450
1059,451
1059,452
1059,453
1059,454
1059,1038
1059,1039
1059,1040
1059,1041
1059,1042
1059,1043
1059,1044
1059,1045
1059,1046
1059,1047
1059,1048
1059,1049
1059,1050
1059,1051
1059,1052
1059,1053
1059,1054
1059,1055
1059,1056
1059,1057
1059,1058
1059,1060
1059,1061
1059,1062
1059,1063
1059,1064
1059,1065
1059,1066
1059,1067
1059,1068
1060,2
1060,4
1060,32
1060,33
1060,34
1060,35
1060,45
1060,46
1060,47
1060,48
1060,49
1060,385
1060,386
1060,387
1060,388
1060,389
1060,390
1060,392
1060,393
1060,398
1060,440
1060,441
1060,442
1060,443
1060,444
1060,445
1060,446
1060,447
1060,448
1060,449
1060,450
1060,451
1060,452
1060,453
1060,454
1060,1038
1060,1039
1060,1040
1060,1041
1060,1042
1060,1043
1060,1044
1060,1045
1060,1046
1060,1047
1060,1048
1060,1049
1060,1050
1060,1051
1060,1052
1060,1053
1060,1054
1060,1055
1060,1056
1060,1057
1060,1058
1060,1059
1060,1061
1060,1062
1060,1063
1060,1064
1060,1065
1060,1066
1060,1067
1060,1068
1061,2
1061,4
1061,32
1061,33
1061,34
1061,35
1061,46
1061,47
1061,48
1061,49
1061,385
1061,386
1061,387
1061,388
1061,389
1061,390
1061,391
1061,392
1061,393
1061,394
1061,396
1061,398
1061,399
1061,440
1061,443
1061,444
1061,445
1061,446
1061,447
1061,450
1061,451
1061,452
1061,453
1061,454
1061,1040
1061,1041
1061,1043
1061,1044
1061,1045
1061,1046
1061,1047
1061,1048
1061,1049
1061,1050
1061,1051
1061,1052
1061,1053
1061,1054
1061,1055
1061,1056
1061,1057
1061,1058
1061,1059
1061,1060
1061,1062
1061,1063
1061,1064
1061,1065
1061,1066
1061,1067
1061,1068
1062,2
1062,4
1062,32
1062,33
1062,34
1062,35
1062,46
1062,47
1062,48
1062,49
1062,385
1062,386
1062,387
1062,388
1062,389
1062,390
1062,391
1062,392
1062,393
1062,396
1062,398
1062,399
1062,440
1062,441
1062,443
1062,444
1062,445
1062,446
1062,447
1062,450
1062,451
1062,452
1062,453
1062,454
1062,1040
1062,1041
1062,1043
1062,1044
1062,1045
1062,1046
1062,1047
1062,1048
1062,1049
1062,1050
1062,1051
1062,1052
1062,1053
1062,1054
1062,1055
1062,1056
1062,1057
1062,1058
1062,1059
1062,1060
1062,1061
1062,1063
1062,1064
1062,1065
1062,1066
1062,1067
1062,1068
1063,2
1063,4
1063,33
1063,34
1063,35
1063,46
1063,47
1063,48
1063,49
1063,204
1063,206
1063,386
1063,387
1063,388
1063,389
1063,390
1063,391
1063,392
1063,393
1063,394
1063,396
1063,397
1063,398
1063,399
1063,440
1063,443
1063,444
1063,445
1063,446
1063,447
1063,450
1063,451
1063,452
1063,453
1063,454
1063,1045
1063,1046
1063,1047
1063,1048
1063,1049
1063,1050
1063,1051
1063,1052
1063,1053
1063,1054
1063,1055
1063,1056
1063,1057
1063,1058
1063,1059
1063,1060
1063,1061
1063,1062
1063,1064
1063,1065
1063,1066
1063,1067
1063,1068
1064,2
1064,4
1064,33
1064,34
1064,35
1064,46
1064,47
1064,48
1064,49
1064,386
1064,387
1064,388
1064,389
1064,390
1064,391
1064,392
1064,393
1064,394
1064,396
1064,397
1064,398
1064,399
1064,440
1064,443
1064,444
1064,445
1064,446
1064,447
1064,450
1064,451
1064,452
1064,453
1064,454
1064,1045
1064,1046
1064,1047
1064,1048
1064,1049
1064,1050
1064,1051
1064,1052
1064,1053
1064,1054
1064,1055
1064,1056
1064,1057
1064,1058
1064,1059
1064,1060
1064,1061
1064,1062
1064,1063
1064,1065
1064,1066
1064,1067
1064,1068
1065,2
1065,4
1065,32
1065,33
1065,34
1065,35
1065,46
1065,47
1065,48
1065,49
1065,386
1065,387
1065,388
1065,389
1065,390
1065,391
1065,392
1065,393
1065,396
1065,398
1065,399
1065,440
1065,443
1065,444
1065,445
1065,446
1065,447
1065,450
1065,451
1065,452
1065,453
1065,454
1065,1040
1065,1041
1065,1043
1065,1044
1065,1045
1065,1046
1065,1047
1065,1048
1065,1049
1065,1050
1065,1051
1065,1052
1065,1053
1065,1054
1065,1055
1065,1056
1065,1057
1065,1058
1065,1059
1065,1060
1065,1061
1065,1062
1065,1063
1065,1064
1065,1066
1065,1067
1065,1068
1066,2
1066,4
1066,32
1066,33
1066,34
1066,35
1066,46
1066,47
1066,48
1066,49
1066,387
1066,388
1066,389
1066,390
1066,391
1066,392
1066,393
1066,396
1066,398
1066,440
1066,441
1066,443
1066,444
1066,445
1066,446
1066,447
1066,450
1066,451
1066,452
1066,453
1066,454
1066,1040
1066,1041
1066,1043
1066,1044
1066,1045
1066,1046
1066,1047
1066,1048
1066,1049
1066,1050
1066,1051
1066,1052
1066,1053
1066,1054
1066,1055
1066,1056
1066,1057
1066,1058
1066,1059
1066,1060
1066,1061
1066,1062
1066,1063
1066,1064
1066,1065
1066,1067
1066,1068
1067,2
1067,4
1067,33
1067,34
1067,35
1067,46
1067,47
1067,48
1067,49
1067,387
1067,388
1067,389
1067,390
1067,391
1067,392
1067,393
1067,396
1067,397
1067,398
1067,399
1067,440
1067,443
1067,444
1067,445
1067,446
1067,447
1067,450
1067,451
1067,452
1067,453
1067,454
1067,1045
1067,1047
1067,1048
1067,1049
1067,1050
1067,1051
1067,1052
1067,1053
1067,1054
1067,1055
1067,1056
1067,1057
1067,1058
1067,1059
1067,1060
1067,1061
1067,1062
1067,1063
1067,1064
1067,1065
1067,1066
1067,1068
1068,2
1068,4
1068,33
1068,34
1068,35
1068,46
1068,47
1068,48
1068,49
1068,387
1068,388
1068,389
1068,390
1068,391
1068,392
1068,393
1068,396
1068,397
1068,398
1068,399
1068,440
1068,443
1068,444
1068,445
1068,446
1068,447
1068,450
1068,451
1068,452
1068,453
1068,454
1068,1045
1068,1046
1068,1047
1068,1048
1068,1049
1068,1050
1068,1051
1068,1052
1068,1053
1068,1054
1068,1055
1068,1056
1068,1057
1068,1058
1068,1059
1068,1060
1068,1061
1068,1062
1068,1063
1068,1064
1068,1065
1068,1066
1068,1067
