rung,mesh_file,n_panels,config,step,t,t_step_total,t_solve,niter,niter_first,nsolves,solved,warmstart,warmstart_order,restart_step,skip_steps,n_particles_end,strength_checksum,t_setup,solver_knobs,apply_p,apply_mac,apply_leaf,nt,n_steps,run_monitors,threading_mode,julia_threads,blas_threads,bcerr_max,bcerr_min,bcerr_q1,bcerr_med,bcerr_q3,bcerr_rms,bcerr_tol,bcerr_eps,bcerr_certified,t_bcerr,t_step_net,n_particles,CT,commit,fm_commit,filament_reg,date,notes
R1,dji9443_20260813_23_73_capped_captess4.msh,8016,backslash,1,0,55.6391262,6.23519252,-1,-1,-1,true,cold,0,-1,3,,,17.0945616,dense LU,17,0.65,6,36,468,true,multi,64,64,5.44117204e-09,1.49802046e-14,2.80785057e-11,8.05350385e-11,2.49244545e-10,,,,false,1.09631756,54.5428086,0,0.0533282632,e818c6384e9722b8ea6a04ecc13483e9331c522f,0ce3ba605bfa0bb6fcfc2a988437c850d45e3e63,LineGaussRegularization,2026-09-07 13:57:58,"RHPC setup-only include; t_solve = solve_formulation! wall (incl. the per-step Dirichlet source-potential assembly inside solve!); t_step from maneuver! deltas; niter now recorded for FGS as well as Krylov (Phase 3); niter=-1 means a direct solve. niter is the LAST inner solve of the step (legacy diagnostic); niter_first is the FIRST and is the warmstart comparison metric; nsolves is the per-body solve count of the step (must be 1 for a one-body run; -1 = unavailable); solved is the AND of the step's inner convergence flags. Wake-developed averages should drop the first skip_steps rows. bcerr_* are order statistics of the per-panel Dirichlet BC residual |phi_sigma + G_mu x| from ONE bc_error! pass per step; bcerr_tol is THIS arm's own effective absolute acceptance level, so bcerr_max <= bcerr_tol is the arm's promise checked independently. The pass requests an absolute FMM error of bcerr_eps = BCERR_SAFETY * bcerr_tol, so the instrument is ~10x sharper than the acceptance level by construction; bcerr_certified=false means some M2L pair could not certify that bound and the row is UNCERTIFIED. The pass is EXCLUDED from t_solve, but NOT from t_step_total (it lies inside the maneuver!-to-maneuver! window); use t_step_net = t_step_total - t_bcerr for full-timestep share. Its own cost is t_bcerr (~62% of t_solve at R1 — it certifies to 10x below tol_abs, so the FMM climbs its order). BCERR_EVERY>1 subsamples it; skipped steps write EMPTY bcerr_* cells, never a fabricated value. n_particles and CT are per-step identity REPORTING, not assertions: the wake is chaotic, so small differences compound and exact trajectory identity is not expected. CT requires RUN_MONITORS=true (default under PHASE=phase3)."
R1,dji9443_20260813_23_73_capped_captess4.msh,8016,backslash,2,0.000277777778,5.21448699,0.975337902,-1,-1,-1,true,cold,0,-1,3,,,,dense LU,17,0.65,6,36,468,true,multi,64,64,5.1090505e-05,6.83246226e-08,2.16570897e-05,3.22640404e-05,3.74973967e-05,,,,false,0.26947268,4.94501431,0,0.0738110655,e818c6384e9722b8ea6a04ecc13483e9331c522f,0ce3ba605bfa0bb6fcfc2a988437c850d45e3e63,LineGaussRegularization,2026-09-07 13:57:59,
R1,dji9443_20260813_23_73_capped_captess4.msh,8016,backslash,3,0.000555555556,4.12630789,0.837050528,-1,-1,-1,true,cold,0,-1,3,,,,dense LU,17,0.65,6,36,468,true,multi,64,64,0.000202452178,2.71040496e-07,8.58176375e-05,0.000127849301,0.000148587998,,,,false,0.27308751,3.85322038,84,0.0913695207,e818c6384e9722b8ea6a04ecc13483e9331c522f,0ce3ba605bfa0bb6fcfc2a988437c850d45e3e63,LineGaussRegularization,2026-09-07 13:57:59,
R1,dji9443_20260813_23_73_capped_captess4.msh,8016,backslash,4,0.000833333333,2.82213121,1.11836342,-1,-1,-1,true,cold,0,-1,3,,,,dense LU,17,0.65,6,36,468,true,multi,64,64,0.000451220016,6.04133275e-07,0.000191268212,0.000284949671,0.000331168674,,,,false,0.292100121,2.53003109,168,0.100586391,e818c6384e9722b8ea6a04ecc13483e9331c522f,0ce3ba605bfa0bb6fcfc2a988437c850d45e3e63,LineGaussRegularization,2026-09-07 13:57:59,
R1,dji9443_20260813_23_73_capped_captess4.msh,8016,backslash,5,0.00111111111,2.25345288,0.835521271,-1,-1,-1,true,cold,0,-1,3,,,,dense LU,17,0.65,6,36,468,true,multi,64,64,0.00079452922,1.06355749e-06,0.000336794191,0.000501753344,0.000583137003,,,,false,0.288184347,1.96526853,249,0.105160606,e818c6384e9722b8ea6a04ecc13483e9331c522f,0ce3ba605bfa0bb6fcfc2a988437c850d45e3e63,LineGaussRegularization,2026-09-07 13:57:59,
R1,dji9443_20260813_23_73_capped_captess4.msh,8016,backslash,6,0.00138888889,2.52261619,0.710752866,-1,-1,-1,true,cold,0,-1,3,,,,dense LU,17,0.65,6,36,468,true,multi,64,64,0.00122951493,1.64592242e-06,0.000521180471,0.000776452772,0.000902391202,,,,false,0.399058397,2.12355779,329,0.107104954,e818c6384e9722b8ea6a04ecc13483e9331c522f,0ce3ba605bfa0bb6fcfc2a988437c850d45e3e63,LineGaussRegularization,2026-09-07 13:57:59,
R1,dji9443_20260813_23_73_capped_captess4.msh,8016,backslash,7,0.00166666667,2.50766399,0.727041604,-1,-1,-1,true,cold,0,-1,3,,,,dense LU,17,0.65,6,36,468,true,multi,64,64,0.00175331242,2.3470404e-06,0.000743213799,0.00110723505,0.00128682687,,,,false,0.279289395,2.2283746,408,0.107517362,e818c6384e9722b8ea6a04ecc13483e9331c522f,0ce3ba605bfa0bb6fcfc2a988437c850d45e3e63,LineGaussRegularization,2026-09-07 13:57:59,
R1,dji9443_20260813_23_73_capped_captess4.msh,8016,backslash,8,0.00194444444,2.35106184,0.674576369,-1,-1,-1,true,cold,0,-1,3,,,,dense LU,17,0.65,6,36,468,true,multi,64,64,0.00236305621,3.1631644e-06,0.00100167852,0.00149229434,0.00173434252,,,,false,0.270541029,2.08052081,491,0.107007625,e818c6384e9722b8ea6a04ecc13483e9331c522f,0ce3ba605bfa0bb6fcfc2a988437c850d45e3e63,LineGaussRegularization,2026-09-07 13:57:59,
R1,dji9443_20260813_23_73_capped_captess4.msh,8016,backslash,9,0.00222222222,2.85414432,1.03596002,-1,-1,-1,true,cold,0,-1,3,,,,dense LU,17,0.65,6,36,468,true,multi,64,64,0.00305588175,4.09067182e-06,0.00129536133,0.00192982279,0.00224283544,,,,false,0.276302738,2.57784159,569,0.105904404,e818c6384e9722b8ea6a04ecc13483e9331c522f,0ce3ba605bfa0bb6fcfc2a988437c850d45e3e63,LineGaussRegularization,2026-09-07 13:57:59,
R1,dji9443_20260813_23_73_capped_captess4.msh,8016,backslash,10,0.0025,3.00409105,0.792192852,-1,-1,-1,true,cold,0,-1,3,,,,dense LU,17,0.65,6,36,468,true,multi,64,64,0.00382892436,5.1255504e-06,0.00162304583,0.00241800695,0.00281020274,,,,false,0.364394346,2.6396967,649,0.104390273,e818c6384e9722b8ea6a04ecc13483e9331c522f,0ce3ba605bfa0bb6fcfc2a988437c850d45e3e63,LineGaussRegularization,2026-09-07 13:57:59,
R1,dji9443_20260813_23_73_capped_captess4.msh,8016,backslash,11,0.00277777778,3.09445501,1.05875322,-1,-1,-1,true,cold,0,-1,3,,,,dense LU,17,0.65,6,36,468,true,multi,64,64,0.00467931893,6.26389288e-06,0.0019835223,0.00295503849,0.00343434178,,,,false,0.532369031,2.56208598,730,0.102560416,e818c6384e9722b8ea6a04ecc13483e9331c522f,0ce3ba605bfa0bb6fcfc2a988437c850d45e3e63,LineGaussRegularization,2026-09-07 13:57:59,
R1,dji9443_20260813_23_73_capped_captess4.msh,8016,backslash,12,0.00305555556,2.45817131,0.683770102,-1,-1,-1,true,cold,0,-1,3,,,,dense LU,17,0.65,6,36,468,true,multi,64,64,0.0056042007,7.50212109e-06,0.00237557118,0.00353910952,0.00411315017,,,,false,0.265015828,2.19315548,810,0.100456192,e818c6384e9722b8ea6a04ecc13483e9331c522f,0ce3ba605bfa0bb6fcfc2a988437c850d45e3e63,LineGaussRegularization,2026-09-07 13:57:59,
R1,dji9443_20260813_23_73_capped_captess4.msh,8016,backslash,13,0.00333333333,2.81884706,0.840272889,-1,-1,-1,true,cold,0,-1,3,,,,dense LU,17,0.65,6,36,468,true,multi,64,64,0.00660070461,8.83618753e-06,0.00279798046,0.00416841334,0.0048445246,,,,false,0.277259417,2.54158764,891,0.098078471,e818c6384e9722b8ea6a04ecc13483e9331c522f,0ce3ba605bfa0bb6fcfc2a988437c850d45e3e63,LineGaussRegularization,2026-09-07 13:57:59,
R1,dji9443_20260813_23_73_capped_captess4.msh,8016,backslash,14,0.00361111111,3.06611934,0.670636283,-1,-1,-1,true,cold,0,-1,3,,,,dense LU,17,0.65,6,36,468,true,multi,64,64,0.00766596588,1.02620426e-05,0.00324953556,0.00484113749,0.00562636282,,,,false,0.274882052,2.79123729,972,0.0954106366,e818c6384e9722b8ea6a04ecc13483e9331c522f,0ce3ba605bfa0bb6fcfc2a988437c850d45e3e63,LineGaussRegularization,2026-09-07 13:57:59,
R1,dji9443_20260813_23_73_capped_captess4.msh,8016,backslash,15,0.00388888889,2.69937959,0.700384238,-1,-1,-1,true,cold,0,-1,3,,,,dense LU,17,0.65,6,36,468,true,multi,64,64,0.00879711965,1.17763384e-05,0.00372902135,0.00555547411,0.00645656291,,,,false,0.309284122,2.39009546,1050,0.0924116483,e818c6384e9722b8ea6a04ecc13483e9331c522f,0ce3ba605bfa0bb6fcfc2a988437c850d45e3e63,LineGaussRegularization,2026-09-07 13:57:59,
R1,dji9443_20260813_23_73_capped_captess4.msh,8016,backslash,16,0.00416666667,2.66939409,0.759476891,-1,-1,-1,true,cold,0,-1,3,,,,dense LU,17,0.65,6,36,468,true,multi,64,64,0.00999130117,1.33748708e-05,0.00423522452,0.00630961116,0.00733302066,,,,false,0.276444831,2.39294926,1126,0.0890360738,e818c6384e9722b8ea6a04ecc13483e9331c522f,0ce3ba605bfa0bb6fcfc2a988437c850d45e3e63,LineGaussRegularization,2026-09-07 13:57:59,
R1,dji9443_20260813_23_73_capped_captess4.msh,8016,backslash,17,0.00444444444,2.76598476,0.780594644,-1,-1,-1,true,cold,0,-1,3,,,,dense LU,17,0.65,6,36,468,true,multi,64,64,0.0112456451,1.50539137e-05,0.00476692959,0.00710174216,0.00825363442,,,,false,0.267428211,2.49855655,1204,0.0852341006,e818c6384e9722b8ea6a04ecc13483e9331c522f,0ce3ba605bfa0bb6fcfc2a988437c850d45e3e63,LineGaussRegularization,2026-09-07 13:57:59,
R1,dji9443_20260813_23_73_capped_captess4.msh,8016,backslash,18,0.00472222222,2.74097557,0.902902363,-1,-1,-1,true,cold,0,-1,3,,,,dense LU,17,0.65,6,36,468,true,multi,64,64,0.0125572867,1.68097998e-05,0.00532292304,0.00793005938,0.00921630151,,,,false,0.270619083,2.47035648,1283,0.0810049852,e818c6384e9722b8ea6a04ecc13483e9331c522f,0ce3ba605bfa0bb6fcfc2a988437c850d45e3e63,LineGaussRegularization,2026-09-07 13:57:59,
R1,dji9443_20260813_23_73_capped_captess4.msh,8016,backslash,19,0.005,3.30152872,0.939618026,-1,-1,-1,true,cold,0,-1,3,,,,dense LU,17,0.65,6,36,468,true,multi,64,64,0.0139233613,1.86385402e-05,0.00590198872,0.00879274929,0.0102189191,,,,false,0.26054889,3.04097983,1362,0.0764214223,e818c6384e9722b8ea6a04ecc13483e9331c522f,0ce3ba605bfa0bb6fcfc2a988437c850d45e3e63,LineGaussRegularization,2026-09-07 13:57:59,
R1,dji9443_20260813_23_73_capped_captess4.msh,8016,backslash,20,0.00527777778,3.00727946,0.997247115,-1,-1,-1,true,cold,0,-1,3,,,,dense LU,17,0.65,6,36,468,true,multi,64,64,0.015341004,2.05362611e-05,0.00650291649,0.00968800393,0.0112593845,,,,false,0.272879755,2.73439971,1435,0.071645558,e818c6384e9722b8ea6a04ecc13483e9331c522f,0ce3ba605bfa0bb6fcfc2a988437c850d45e3e63,LineGaussRegularization,2026-09-07 13:57:59,
R1,dji9443_20260813_23_73_capped_captess4.msh,8016,backslash,21,0.00555555556,2.71767473,0.836344148,-1,-1,-1,true,cold,0,-1,3,,,,dense LU,17,0.65,6,36,468,true,multi,64,64,0.0168073498,2.24992948e-05,0.00712448721,0.0106140153,0.0123355952,,,,false,0.263830023,2.45384471,1514,0.0668964499,e818c6384e9722b8ea6a04ecc13483e9331c522f,0ce3ba605bfa0bb6fcfc2a988437c850d45e3e63,LineGaussRegularization,2026-09-07 13:57:59,
R1,dji9443_20260813_23_73_capped_captess4.msh,8016,backslash,22,0.00583333333,2.83608822,0.912780334,-1,-1,-1,true,cold,0,-1,3,,,,dense LU,17,0.65,6,36,468,true,multi,64,64,0.0183195337,2.45236967e-05,0.00776548874,0.0115689765,0.0134454482,,,,false,0.268949362,2.56713886,1595,0.0623869561,e818c6384e9722b8ea6a04ecc13483e9331c522f,0ce3ba605bfa0bb6fcfc2a988437c850d45e3e63,LineGaussRegularization,2026-09-07 13:57:59,
R1,dji9443_20260813_23_73_capped_captess4.msh,8016,backslash,23,0.00611111111,2.89461042,0.800235648,-1,-1,-1,true,cold,0,-1,3,,,,dense LU,17,0.65,6,36,468,true,multi,64,64,0.0198746911,2.66053158e-05,0.00842470639,0.0125510751,0.014586841,,,,false,0.277591768,2.61701866,1675,0.058230063,e818c6384e9722b8ea6a04ecc13483e9331c522f,0ce3ba605bfa0bb6fcfc2a988437c850d45e3e63,LineGaussRegularization,2026-09-07 13:57:59,
R1,dji9443_20260813_23_73_capped_captess4.msh,8016,backslash,24,0.00638888889,2.9919268,0.736648751,-1,-1,-1,true,cold,0,-1,3,,,,dense LU,17,0.65,6,36,468,true,multi,64,64,0.0214699569,2.87409014e-05,0.00910092527,0.0135585028,0.0157576715,,,,false,0.279452899,2.71247391,1755,0.0544383948,e818c6384e9722b8ea6a04ecc13483e9331c522f,0ce3ba605bfa0bb6fcfc2a988437c850d45e3e63,LineGaussRegularization,2026-09-07 13:57:59,
R1,dji9443_20260813_23_73_capped_captess4.msh,8016,backslash,25,0.00666666667,3.74647085,0.719875311,-1,-1,-1,true,cold,0,-1,3,,,,dense LU,17,0.65,6,36,468,true,multi,64,64,0.0231024663,3.092622e-05,0.00979293168,0.0145894491,0.0169558361,,,,false,0.272204836,3.47426601,1836,0.0509463634,e818c6384e9722b8ea6a04ecc13483e9331c522f,0ce3ba605bfa0bb6fcfc2a988437c850d45e3e63,LineGaussRegularization,2026-09-07 13:57:59,
R1,dji9443_20260813_23_73_capped_captess4.msh,8016,backslash,26,0.00694444444,2.8979743,0.672311353,-1,-1,-1,true,cold,0,-1,3,,,,dense LU,17,0.65,6,36,468,true,multi,64,64,0.0247693544,3.31575371e-05,0.0104995107,0.0156421061,0.0181792327,,,,false,0.26859724,2.62937706,1917,0.0476653782,e818c6384e9722b8ea6a04ecc13483e9331c522f,0ce3ba605bfa0bb6fcfc2a988437c850d45e3e63,LineGaussRegularization,2026-09-07 13:57:59,
R1,dji9443_20260813_23_73_capped_captess4.msh,8016,backslash,27,0.00722222222,2.97154062,0.918485937,-1,-1,-1,true,cold,0,-1,3,,,,dense LU,17,0.65,6,36,468,true,multi,64,64,0.026467756,3.54311534e-05,0.0112194482,0.0167146659,0.0194257586,,,,false,0.273166324,2.6983743,1995,0.0445059963,e818c6384e9722b8ea6a04ecc13483e9331c522f,0ce3ba605bfa0bb6fcfc2a988437c850d45e3e63,LineGaussRegularization,2026-09-07 13:57:59,
R1,dji9443_20260813_23_73_capped_captess4.msh,8016,backslash,28,0.0075,3.40577436,0.796550858,-1,-1,-1,true,cold,0,-1,3,,,,dense LU,17,0.65,6,36,468,true,multi,64,64,0.0281948067,3.77431126e-05,0.0119515286,0.0178053159,0.0206933111,,,,false,0.246542965,3.15923139,2073,0.0413816348,e818c6384e9722b8ea6a04ecc13483e9331c522f,0ce3ba605bfa0bb6fcfc2a988437c850d45e3e63,LineGaussRegularization,2026-09-07 13:57:59,
R1,dji9443_20260813_23_73_capped_captess4.msh,8016,backslash,29,0.00777777778,3.37322482,1.03345429,-1,-1,-1,true,cold,0,-1,3,,,,dense LU,17,0.65,6,36,468,true,multi,64,64,0.0299476414,4.0089561e-05,0.0126945412,0.0189122482,0.0219797875,,,,false,0.386843751,2.98638107,2153,0.0382184226,e818c6384e9722b8ea6a04ecc13483e9331c522f,0ce3ba605bfa0bb6fcfc2a988437c850d45e3e63,LineGaussRegularization,2026-09-07 13:57:59,
R1,dji9443_20260813_23_73_capped_captess4.msh,8016,backslash,30,0.00805555556,3.04404224,0.689112526,-1,-1,-1,true,cold,0,-1,3,,,,dense LU,17,0.65,6,36,468,true,multi,64,64,0.0317233952,4.2466754e-05,0.0134472673,0.0200336543,0.0232830853,,,,false,0.359041294,2.68500095,2234,0.0349452449,e818c6384e9722b8ea6a04ecc13483e9331c522f,0ce3ba605bfa0bb6fcfc2a988437c850d45e3e63,LineGaussRegularization,2026-09-07 13:57:59,
R1,dji9443_20260813_23_73_capped_captess4.msh,8016,backslash,31,0.00833333333,3.1419574,0.842165267,-1,-1,-1,true,cold,0,-1,3,,,,dense LU,17,0.65,6,36,468,true,multi,64,64,0.0335192032,4.48708411e-05,0.0142084945,0.0211677269,0.0246011015,,,,false,0.362359536,2.77959787,2311,0.0314805464,e818c6384e9722b8ea6a04ecc13483e9331c522f,0ce3ba605bfa0bb6fcfc2a988437c850d45e3e63,LineGaussRegularization,2026-09-07 13:57:59,
R1,dji9443_20260813_23_73_capped_captess4.msh,8016,backslash,32,0.00861111111,3.0269257,0.776944177,-1,-1,-1,true,cold,0,-1,3,,,,dense LU,17,0.65,6,36,468,true,multi,64,64,0.0353322005,4.7297593e-05,0.0149770082,0.022312654,0.0259317337,,,,false,0.272707802,2.7542179,2389,0.0277284176,e818c6384e9722b8ea6a04ecc13483e9331c522f,0ce3ba605bfa0bb6fcfc2a988437c850d45e3e63,LineGaussRegularization,2026-09-07 13:57:59,
R1,dji9443_20260813_23_73_capped_captess4.msh,8016,backslash,33,0.00888888889,3.21819273,0.696262766,-1,-1,-1,true,cold,0,-1,3,,,,dense LU,17,0.65,6,36,468,true,multi,64,64,0.0371595224,4.97438229e-05,0.0157515937,0.023466627,0.0272728793,,,,false,0.287010375,2.93118236,2469,0.0236125773,e818c6384e9722b8ea6a04ecc13483e9331c522f,0ce3ba605bfa0bb6fcfc2a988437c850d45e3e63,LineGaussRegularization,2026-09-07 13:57:59,
R1,dji9443_20260813_23_73_capped_captess4.msh,8016,backslash,34,0.00916666667,3.26342752,0.759292755,-1,-1,-1,true,cold,0,-1,3,,,,dense LU,17,0.65,6,36,468,true,multi,64,64,0.0389983038,5.22052927e-05,0.0165310369,0.0246278364,0.0286224354,,,,false,0.273276701,2.99015082,2541,0.019100834,e818c6384e9722b8ea6a04ecc13483e9331c522f,0ce3ba605bfa0bb6fcfc2a988437c850d45e3e63,LineGaussRegularization,2026-09-07 13:57:59,
R1,dji9443_20260813_23_73_capped_captess4.msh,8016,backslash,35,0.00944444444,3.25981493,0.774420971,-1,-1,-1,true,cold,0,-1,3,,,,dense LU,17,0.65,6,36,468,true,multi,64,64,0.0408456799,5.46782303e-05,0.0173141233,0.0257944737,0.0299782994,,,,false,0.258395039,3.00141989,2619,0.0142350961,e818c6384e9722b8ea6a04ecc13483e9331c522f,0ce3ba605bfa0bb6fcfc2a988437c850d45e3e63,LineGaussRegularization,2026-09-07 13:57:59,
R1,dji9443_20260813_23_73_capped_captess4.msh,8016,backslash,36,0.00972222222,3.45071796,0.907458143,-1,-1,-1,true,cold,0,-1,3,,,,dense LU,17,0.65,6,36,468,true,multi,64,64,0.0426987856,5.71589347e-05,0.0180996384,0.02696473,0.0313383689,,,,false,0.264605552,3.18611241,2692,0.00913078374,e818c6384e9722b8ea6a04ecc13483e9331c522f,0ce3ba605bfa0bb6fcfc2a988437c850d45e3e63,LineGaussRegularization,2026-09-07 13:57:59,
R1,dji9443_20260813_23_73_capped_captess4.msh,8016,backslash,37,0.01,3.8677678,0.792212307,-1,-1,-1,true,cold,0,-1,3,,,,dense LU,17,0.65,6,36,468,true,multi,64,64,0.0445547563,5.96434685e-05,0.0188863671,0.0281367944,0.032700541,,,,false,0.342020749,3.52574705,2765,0.00394338711,e818c6384e9722b8ea6a04ecc13483e9331c522f,0ce3ba605bfa0bb6fcfc2a988437c850d45e3e63,LineGaussRegularization,2026-09-07 13:57:59,
R1,dji9443_20260813_23_73_capped_captess4.msh,8016,backslash,38,0.0102777778,3.7340671,1.08662559,-1,-1,-1,true,cold,0,-1,3,,,,dense LU,17,0.65,6,36,468,true,multi,64,64,0.046410727,6.2128017e-05,0.0196730979,0.0293088592,0.0340627131,,,,false,0.260824679,3.47324242,2845,-0.00115234829,e818c6384e9722b8ea6a04ecc13483e9331c522f,0ce3ba605bfa0bb6fcfc2a988437c850d45e3e63,LineGaussRegularization,2026-09-07 13:57:59,
R1,dji9443_20260813_23_73_capped_captess4.msh,8016,backslash,39,0.0105555556,3.50708168,0.719524611,-1,-1,-1,true,cold,0,-1,3,,,,dense LU,17,0.65,6,36,468,true,multi,64,64,0.0482638328,6.46087197e-05,0.0204586128,0.0304791145,0.0354227826,,,,false,0.260406764,3.24667491,2919,-0.00597277756,e818c6384e9722b8ea6a04ecc13483e9331c522f,0ce3ba605bfa0bb6fcfc2a988437c850d45e3e63,LineGaussRegularization,2026-09-07 13:57:59,
R1,dji9443_20260813_23_73_capped_captess4.msh,8016,backslash,40,0.0108333333,3.59576669,0.806346593,-1,-1,-1,true,cold,0,-1,3,,,,dense LU,17,0.65,6,36,468,true,multi,64,64,0.0501112088,6.70818555e-05,0.0212416993,0.0316457523,0.0367786467,,,,false,0.265511345,3.33025535,2992,-0.0103840719,e818c6384e9722b8ea6a04ecc13483e9331c522f,0ce3ba605bfa0bb6fcfc2a988437c850d45e3e63,LineGaussRegularization,2026-09-07 13:57:59,
R1,dji9443_20260813_23_73_capped_captess4.msh,8016,backslash,41,0.0111111111,3.59747081,0.801057915,-1,-1,-1,true,cold,0,-1,3,,,,dense LU,17,0.65,6,36,468,true,multi,64,64,0.0519499902,6.95430844e-05,0.0220211426,0.0328069618,0.0381282029,,,,false,0.277371424,3.32009939,3067,-0.0143183914,e818c6384e9722b8ea6a04ecc13483e9331c522f,0ce3ba605bfa0bb6fcfc2a988437c850d45e3e63,LineGaussRegularization,2026-09-07 13:57:59,
R1,dji9443_20260813_23_73_capped_captess4.msh,8016,backslash,42,0.0113888889,3.5650226,0.694727488,-1,-1,-1,true,cold,0,-1,3,,,,dense LU,17,0.65,6,36,468,true,multi,64,64,0.053777312,7.19893167e-05,0.0227957281,0.0339609343,0.0394693483,,,,false,0.358006969,3.20701564,3145,-0.0177846642,e818c6384e9722b8ea6a04ecc13483e9331c522f,0ce3ba605bfa0bb6fcfc2a988437c850d45e3e63,LineGaussRegularization,2026-09-07 13:57:59,
R1,dji9443_20260813_23_73_capped_captess4.msh,8016,backslash,43,0.0116666667,3.80612518,0.814040094,-1,-1,-1,true,cold,0,-1,3,,,,dense LU,17,0.65,6,36,468,true,multi,64,64,0.0555903093,7.4416308e-05,0.0235642416,0.0351058611,0.0407999806,,,,false,0.272161304,3.53396387,3220,-0.0208473888,e818c6384e9722b8ea6a04ecc13483e9331c522f,0ce3ba605bfa0bb6fcfc2a988437c850d45e3e63,LineGaussRegularization,2026-09-07 13:57:59,
R1,dji9443_20260813_23_73_capped_captess4.msh,8016,backslash,44,0.0119444444,3.66635018,0.664288773,-1,-1,-1,true,cold,0,-1,3,,,,dense LU,17,0.65,6,36,468,true,multi,64,64,0.0573861175,7.68202113e-05,0.0243254688,0.0362399329,0.0421179968,,,,false,0.264103808,3.40224637,3296,-0.0236089903,e818c6384e9722b8ea6a04ecc13483e9331c522f,0ce3ba605bfa0bb6fcfc2a988437c850d45e3e63,LineGaussRegularization,2026-09-07 13:57:59,
R1,dji9443_20260813_23_73_capped_captess4.msh,8016,backslash,45,0.0122222222,3.94837324,0.905998778,-1,-1,-1,true,cold,0,-1,3,,,,dense LU,17,0.65,6,36,468,true,multi,64,64,0.0591618711,7.91973581e-05,0.0250781951,0.0373613397,0.0434212945,,,,false,0.272988169,3.67538508,3370,-0.0261928079,e818c6384e9722b8ea6a04ecc13483e9331c522f,0ce3ba605bfa0bb6fcfc2a988437c850d45e3e63,LineGaussRegularization,2026-09-07 13:57:59,
R1,dji9443_20260813_23_73_capped_captess4.msh,8016,backslash,46,0.0125,4.69567812,0.793562506,-1,-1,-1,true,cold,0,-1,3,,,,dense LU,17,0.65,6,36,468,true,multi,64,64,0.0609147058,8.15438203e-05,0.0258212055,0.0384682729,0.044707771,,,,false,0.355441674,4.34023645,3450,-0.0287294242,e818c6384e9722b8ea6a04ecc13483e9331c522f,0ce3ba605bfa0bb6fcfc2a988437c850d45e3e63,LineGaussRegularization,2026-09-07 13:57:59,
R1,dji9443_20260813_23_73_capped_captess4.msh,8016,backslash,47,0.0127777778,4.4605485,1.05346274,-1,-1,-1,true,cold,0,-1,3,,,,dense LU,17,0.65,6,36,468,true,multi,64,64,0.0626417566,8.38558101e-05,0.0265532881,0.0395589245,0.0459753234,,,,false,0.273893592,4.18665491,3526,-0.0313334708,e818c6384e9722b8ea6a04ecc13483e9331c522f,0ce3ba605bfa0bb6fcfc2a988437c850d45e3e63,LineGaussRegularization,2026-09-07 13:57:59,
R1,dji9443_20260813_23_73_capped_captess4.msh,8016,backslash,48,0.0130555556,3.93504929,0.688908532,-1,-1,-1,true,cold,0,-1,3,,,,dense LU,17,0.65,6,36,468,true,multi,64,64,0.0643401583,8.61293924e-05,0.0272732253,0.040631483,0.0472218493,,,,false,0.259153816,3.67589548,3605,-0.0340913327,e818c6384e9722b8ea6a04ecc13483e9331c522f,0ce3ba605bfa0bb6fcfc2a988437c850d45e3e63,LineGaussRegularization,2026-09-07 13:57:59,
R1,dji9443_20260813_23_73_capped_captess4.msh,8016,backslash,49,0.0133333333,4.28027881,0.934168986,-1,-1,-1,true,cold,0,-1,3,,,,dense LU,17,0.65,6,36,468,true,multi,64,64,0.0660070463,8.83609263e-05,0.0279798046,0.0416841403,0.048445246,,,,false,0.273687214,4.00659159,3680,-0.037056767,e818c6384e9722b8ea6a04ecc13483e9331c522f,0ce3ba605bfa0bb6fcfc2a988437c850d45e3e63,LineGaussRegularization,2026-09-07 13:57:59,
R1,dji9443_20260813_23_73_capped_captess4.msh,8016,backslash,50,0.0136111111,4.28348621,0.698456582,-1,-1,-1,true,cold,0,-1,3,,,,dense LU,17,0.65,6,36,468,true,multi,64,64,0.0676395557,9.05460056e-05,0.0286718109,0.0427150864,0.0496434108,,,,false,0.291559793,3.99192642,3762,-0.0402483493,e818c6384e9722b8ea6a04ecc13483e9331c522f,0ce3ba605bfa0bb6fcfc2a988437c850d45e3e63,LineGaussRegularization,2026-09-07 13:57:59,
R1,dji9443_20260813_23_73_capped_captess4.msh,8016,backslash,51,0.0138888889,4.48221514,0.787701151,-1,-1,-1,true,cold,0,-1,3,,,,dense LU,17,0.65,6,36,468,true,multi,64,64,0.0692348215,9.26815946e-05,0.02934803,0.0437225127,0.0508142408,,,,false,0.2909686,4.19124654,3839,-0.0436439497,e818c6384e9722b8ea6a04ecc13483e9331c522f,0ce3ba605bfa0bb6fcfc2a988437c850d45e3e63,LineGaussRegularization,2026-09-07 13:57:59,
R1,dji9443_20260813_23_73_capped_captess4.msh,8016,backslash,52,0.0141666667,4.33332378,0.763119289,-1,-1,-1,true,cold,0,-1,3,,,,dense LU,17,0.65,6,36,468,true,multi,64,64,0.0707899787,9.47634564e-05,0.0300072473,0.044704611,0.0519556339,,,,false,0.273928936,4.05939484,3918,-0.0471717555,e818c6384e9722b8ea6a04ecc13483e9331c522f,0ce3ba605bfa0bb6fcfc2a988437c850d45e3e63,LineGaussRegularization,2026-09-07 13:57:59,
R1,dji9443_20260813_23_73_capped_captess4.msh,8016,backslash,53,0.0144444444,4.6147146,0.85931444,-1,-1,-1,true,cold,0,-1,3,,,,dense LU,17,0.65,6,36,468,true,multi,64,64,0.0723021629,9.67876818e-05,0.0306482489,0.0456595714,0.053065487,,,,false,0.256852614,4.35786199,4000,-0.0507260739,e818c6384e9722b8ea6a04ecc13483e9331c522f,0ce3ba605bfa0bb6fcfc2a988437c850d45e3e63,LineGaussRegularization,2026-09-07 13:57:59,
R1,dji9443_20260813_23_73_capped_captess4.msh,8016,backslash,54,0.0147222222,4.62437035,0.906716549,-1,-1,-1,true,cold,0,-1,3,,,,dense LU,17,0.65,6,36,468,true,multi,64,64,0.0737685085,9.87506311e-05,0.0312698198,0.0465855833,0.0541416976,,,,false,0.258402589,4.36596776,4082,-0.05420203,e818c6384e9722b8ea6a04ecc13483e9331c522f,0ce3ba605bfa0bb6fcfc2a988437c850d45e3e63,LineGaussRegularization,2026-09-07 13:57:59,
R1,dji9443_20260813_23_73_capped_captess4.msh,8016,backslash,55,0.015,5.38619425,0.785910261,-1,-1,-1,true,cold,0,-1,3,,,,dense LU,17,0.65,6,36,468,true,multi,64,64,0.0751861512,0.000100648383,0.0318707453,0.0474808394,0.055182163,,,,false,0.337982046,5.04821221,4163,-0.0575012007,e818c6384e9722b8ea6a04ecc13483e9331c522f,0ce3ba605bfa0bb6fcfc2a988437c850d45e3e63,LineGaussRegularization,2026-09-07 13:57:59,
R1,dji9443_20260813_23_73_capped_captess4.msh,8016,backslash,56,0.0152777778,5.08049664,0.987297579,-1,-1,-1,true,cold,0,-1,3,,,,dense LU,17,0.65,6,36,468,true,multi,64,64,0.0765522259,0.000102477175,0.0324498133,0.0483435317,0.0561847806,,,,false,0.263263964,4.81723267,4246,-0.0605676112,e818c6384e9722b8ea6a04ecc13483e9331c522f,0ce3ba605bfa0bb6fcfc2a988437c850d45e3e63,LineGaussRegularization,2026-09-07 13:57:59,
R1,dji9443_20260813_23_73_capped_captess4.msh,8016,backslash,57,0.0155555556,4.80256777,0.72041657,-1,-1,-1,true,cold,0,-1,3,,,,dense LU,17,0.65,6,36,468,true,multi,64,64,0.0778638676,0.000104232993,0.0330058064,0.0491718474,0.0571474475,,,,false,0.351206672,4.4513611,4323,-0.0633811798,e818c6384e9722b8ea6a04ecc13483e9331c522f,0ce3ba605bfa0bb6fcfc2a988437c850d45e3e63,LineGaussRegularization,2026-09-07 13:57:59,
R1,dji9443_20260813_23_73_capped_captess4.msh,8016,backslash,58,0.0158333333,4.73144995,0.797243649,-1,-1,-1,true,cold,0,-1,3,,,,dense LU,17,0.65,6,36,468,true,multi,64,64,0.0791182116,0.000105912285,0.0335375119,0.0499639785,0.0580680614,,,,false,0.261971372,4.46947858,4404,-0.0659384877,e818c6384e9722b8ea6a04ecc13483e9331c522f,0ce3ba605bfa0bb6fcfc2a988437c850d45e3e63,LineGaussRegularization,2026-09-07 13:57:59,
R1,dji9443_20260813_23_73_capped_captess4.msh,8016,backslash,59,0.0161111111,5.0044067,0.893998875,-1,-1,-1,true,cold,0,-1,3,,,,dense LU,17,0.65,6,36,468,true,multi,64,64,0.0803123929,0.000107510566,0.0340437148,0.0507181156,0.0589445196,,,,false,0.275244681,4.72916201,4482,-0.0682160804,e818c6384e9722b8ea6a04ecc13483e9331c522f,0ce3ba605bfa0bb6fcfc2a988437c850d45e3e63,LineGaussRegularization,2026-09-07 13:57:59,
R1,dji9443_20260813_23_73_capped_captess4.msh,8016,backslash,60,0.0163888889,4.96999851,0.68545228,-1,-1,-1,true,cold,0,-1,3,,,,dense LU,17,0.65,6,36,468,true,multi,64,64,0.0814435466,0.000109024871,0.0345232009,0.05143245,0.0597747188,,,,false,0.369940703,4.60005781,4563,-0.070235829,e818c6384e9722b8ea6a04ecc13483e9331c522f,0ce3ba605bfa0bb6fcfc2a988437c850d45e3e63,LineGaussRegularization,2026-09-07 13:57:59,
R1,dji9443_20260813_23_73_capped_captess4.msh,8016,backslash,61,0.0166666667,4.95167693,0.716496718,-1,-1,-1,true,cold,0,-1,3,,,,dense LU,17,0.65,6,36,468,true,multi,64,64,0.0825088078,0.000110450949,0.0349747555,0.052105174,0.0605565575,,,,false,0.263164937,4.68851199,4645,-0.072015984,e818c6384e9722b8ea6a04ecc13483e9331c522f,0ce3ba605bfa0bb6fcfc2a988437c850d45e3e63,LineGaussRegularization,2026-09-07 13:57:59,
R1,dji9443_20260813_23_73_capped_captess4.msh,8016,backslash,62,0.0169444444,5.05618727,0.657182341,-1,-1,-1,true,cold,0,-1,3,,,,dense LU,17,0.65,6,36,468,true,multi,64,64,0.083505312,0.000111784858,0.035397165,0.0527344772,0.0612879321,,,,false,0.359371842,4.69681543,4726,-0.0735578016,e818c6384e9722b8ea6a04ecc13483e9331c522f,0ce3ba605bfa0bb6fcfc2a988437c850d45e3e63,LineGaussRegularization,2026-09-07 13:57:59,
R1,dji9443_20260813_23_73_capped_captess4.msh,8016,backslash,63,0.0172222222,5.33525128,0.904236964,-1,-1,-1,true,cold,0,-1,3,,,,dense LU,17,0.65,6,36,468,true,multi,64,64,0.0844301935,0.000113022967,0.035789214,0.0533185485,0.0619667403,,,,false,0.264483789,5.07076749,4809,-0.0748731128,e818c6384e9722b8ea6a04ecc13483e9331c522f,0ce3ba605bfa0bb6fcfc2a988437c850d45e3e63,LineGaussRegularization,2026-09-07 13:57:59,
R1,dji9443_20260813_23_73_capped_captess4.msh,8016,backslash,64,0.0175,5.9925201,0.78357613,-1,-1,-1,true,cold,0,-1,3,,,,dense LU,17,0.65,6,36,468,true,multi,64,64,0.0852805882,0.000114161365,0.0361496882,0.0538555816,0.0625908794,,,,false,0.340086044,5.65243406,4891,-0.07599928,e818c6384e9722b8ea6a04ecc13483e9331c522f,0ce3ba605bfa0bb6fcfc2a988437c850d45e3e63,LineGaussRegularization,2026-09-07 13:57:59,
R1,dji9443_20260813_23_73_capped_captess4.msh,8016,backslash,65,0.0177777778,6.07151157,1.03264158,-1,-1,-1,true,cold,0,-1,3,,,,dense LU,17,0.65,6,36,468,true,multi,64,64,0.0860536308,0.000115196302,0.036477375,0.0543437683,0.0631582466,,,,false,0.276582307,5.79492926,4975,-0.0769753287,e818c6384e9722b8ea6a04ecc13483e9331c522f,0ce3ba605bfa0bb6fcfc2a988437c850d45e3e63,LineGaussRegularization,2026-09-07 13:57:59,
R1,dji9443_20260813_23_73_capped_captess4.msh,8016,backslash,66,0.0180555556,3.58823075,0.683264966,-1,-1,-1,true,cold,0,-1,3,,,,dense LU,17,0.65,6,36,468,true,multi,64,64,0.0867464565,0.000116123725,0.0367710574,0.0547812954,0.0636667393,,,,false,0.257878353,3.33035239,5055,-0.0778435204,e818c6384e9722b8ea6a04ecc13483e9331c522f,0ce3ba605bfa0bb6fcfc2a988437c850d45e3e63,LineGaussRegularization,2026-09-07 13:57:59,
R1,dji9443_20260813_23_73_capped_captess4.msh,8016,backslash,67,0.0183333333,3.30947475,0.833936673,-1,-1,-1,true,cold,0,-1,3,,,,dense LU,17,0.65,6,36,468,true,multi,64,64,0.0873562004,0.000116940123,0.0370295227,0.0551663546,0.0641142552,,,,false,0.368635347,2.9408394,5133,-0.078626953,e818c6384e9722b8ea6a04ecc13483e9331c522f,0ce3ba605bfa0bb6fcfc2a988437c850d45e3e63,LineGaussRegularization,2026-09-07 13:57:59,
R1,dji9443_20260813_23_73_capped_captess4.msh,8016,backslash,68,0.0186111111,3.18889615,0.673388917,-1,-1,-1,true,cold,0,-1,3,,,,dense LU,17,0.65,6,36,468,true,multi,64,64,0.0878799976,0.000117640981,0.0372515557,0.0554971371,0.0644986914,,,,false,0.274848075,2.91404808,5216,-0.0793384292,e818c6384e9722b8ea6a04ecc13483e9331c522f,0ce3ba605bfa0bb6fcfc2a988437c850d45e3e63,LineGaussRegularization,2026-09-07 13:57:59,
R1,dji9443_20260813_23_73_capped_captess4.msh,8016,backslash,69,0.0188888889,3.38617197,0.777117922,-1,-1,-1,true,cold,0,-1,3,,,,dense LU,17,0.65,6,36,468,true,multi,64,64,0.0883149833,0.000118223357,0.0374359423,0.0557718339,0.0648179446,,,,false,0.284870448,3.10130152,5297,-0.0799499558,e818c6384e9722b8ea6a04ecc13483e9331c522f,0ce3ba605bfa0bb6fcfc2a988437c850d45e3e63,LineGaussRegularization,2026-09-07 13:57:59,
R1,dji9443_20260813_23_73_capped_captess4.msh,8016,backslash,70,0.0191666667,3.25955859,0.748768374,-1,-1,-1,true,cold,0,-1,3,,,,dense LU,17,0.65,6,36,468,true,multi,64,64,0.0886582924,0.000118682994,0.0375814678,0.0559886378,0.0650699134,,,,false,0.372845167,2.88671343,5378,-0.080408069,e818c6384e9722b8ea6a04ecc13483e9331c522f,0ce3ba605bfa0bb6fcfc2a988437c850d45e3e63,LineGaussRegularization,2026-09-07 13:57:59,
R1,dji9443_20260813_23_73_capped_captess4.msh,8016,backslash,71,0.0194444444,3.14428463,0.766271709,-1,-1,-1,true,cold,0,-1,3,,,,dense LU,17,0.65,6,36,468,true,multi,64,64,0.0889070605,0.000119015945,0.0376869185,0.0561457379,0.0652524942,,,,false,0.259803014,2.88448162,5456,-0.0806536011,e818c6384e9722b8ea6a04ecc13483e9331c522f,0ce3ba605bfa0bb6fcfc2a988437c850d45e3e63,LineGaussRegularization,2026-09-07 13:57:59,
R1,dji9443_20260813_23_73_capped_captess4.msh,8016,backslash,72,0.0197222222,3.45604771,0.909595323,-1,-1,-1,true,cold,0,-1,3,,,,dense LU,17,0.65,6,36,468,true,multi,64,64,0.089058422,0.000119218574,0.0377510792,0.0562413232,0.0653635847,,,,false,0.356247164,3.09980054,5534,-0.0806687233,e818c6384e9722b8ea6a04ecc13483e9331c522f,0ce3ba605bfa0bb6fcfc2a988437c850d45e3e63,LineGaussRegularization,2026-09-07 13:57:59,
R1,dji9443_20260813_23_73_capped_captess4.msh,8016,backslash,73,0.02,3.96520121,0.793999327,-1,-1,-1,true,cold,0,-1,3,,,,dense LU,17,0.65,6,36,468,true,multi,64,64,0.0891095126,0.000119286976,0.0377727354,0.0562735874,0.0654010821,,,,false,0.25475041,3.7104508,5614,-0.080418994,e818c6384e9722b8ea6a04ecc13483e9331c522f,0ce3ba605bfa0bb6fcfc2a988437c850d45e3e63,LineGaussRegularization,2026-09-07 13:57:59,
R1,dji9443_20260813_23_73_capped_captess4.msh,8016,backslash,74,0.0202777778,3.9863774,0.990930843,-1,-1,-1,true,cold,0,-1,3,,,,dense LU,17,0.65,6,36,468,true,multi,64,64,0.0891095126,0.000119287076,0.0377727363,0.0562735895,0.0654010821,,,,false,0.266717421,3.71965998,5693,-0.0799623083,e818c6384e9722b8ea6a04ecc13483e9331c522f,0ce3ba605bfa0bb6fcfc2a988437c850d45e3e63,LineGaussRegularization,2026-09-07 13:57:59,
R1,dji9443_20260813_23_73_capped_captess4.msh,8016,backslash,75,0.0205555556,3.26751758,0.708140528,-1,-1,-1,true,cold,0,-1,3,,,,dense LU,17,0.65,6,36,468,true,multi,64,64,0.0891095125,0.000119287044,0.037772736,0.0562735899,0.065401082,,,,false,0.350387181,2.9171304,5772,-0.079365537,e818c6384e9722b8ea6a04ecc13483e9331c522f,0ce3ba605bfa0bb6fcfc2a988437c850d45e3e63,LineGaussRegularization,2026-09-07 13:57:59,
R1,dji9443_20260813_23_73_capped_captess4.msh,8016,backslash,76,0.0208333333,3.20018455,0.796567808,-1,-1,-1,true,cold,0,-1,3,,,,dense LU,17,0.65,6,36,468,true,multi,64,64,0.0891095126,0.000119287207,0.0377727362,0.0562735895,0.0654010821,,,,false,0.261660859,2.93852369,5851,-0.0786985149,e818c6384e9722b8ea6a04ecc13483e9331c522f,0ce3ba605bfa0bb6fcfc2a988437c850d45e3e63,LineGaussRegularization,2026-09-07 13:57:59,
R1,dji9443_20260813_23_73_capped_captess4.msh,8016,backslash,77,0.0211111111,3.2867542,0.791834194,-1,-1,-1,true,cold,0,-1,3,,,,dense LU,17,0.65,6,36,468,true,multi,64,64,0.0891095126,0.000119286879,0.0377727362,0.0562735887,0.0654010822,,,,false,0.365523875,2.92123033,5933,-0.0779728922,e818c6384e9722b8ea6a04ecc13483e9331c522f,0ce3ba605bfa0bb6fcfc2a988437c850d45e3e63,LineGaussRegularization,2026-09-07 13:57:59,
R1,dji9443_20260813_23_73_capped_captess4.msh,8016,backslash,78,0.0213888889,3.09057578,0.684456667,-1,-1,-1,true,cold,0,-1,3,,,,dense LU,17,0.65,6,36,468,true,multi,64,64,0.0891095126,0.000119286958,0.0377727362,0.0562735875,0.0654010819,,,,false,0.270614782,2.819961,6014,-0.0771831577,e818c6384e9722b8ea6a04ecc13483e9331c522f,0ce3ba605bfa0bb6fcfc2a988437c850d45e3e63,LineGaussRegularization,2026-09-07 13:57:59,
R1,dji9443_20260813_23_73_capped_captess4.msh,8016,backslash,79,0.0216666667,3.43117669,0.717488574,-1,-1,-1,true,cold,0,-1,3,,,,dense LU,17,0.65,6,36,468,true,multi,64,64,0.0891095125,0.000119287015,0.037772736,0.056273588,0.0654010821,,,,false,0.273540906,3.15763579,6096,-0.0763526406,e818c6384e9722b8ea6a04ecc13483e9331c522f,0ce3ba605bfa0bb6fcfc2a988437c850d45e3e63,LineGaussRegularization,2026-09-07 13:57:59,
R1,dji9443_20260813_23_73_capped_captess4.msh,8016,backslash,80,0.0219444444,3.40427959,0.661037844,-1,-1,-1,true,cold,0,-1,3,,,,dense LU,17,0.65,6,36,468,true,multi,64,64,0.0891095127,0.000119286954,0.0377727362,0.0562735885,0.065401082,,,,false,0.357890265,3.04638932,6180,-0.0754877433,e818c6384e9722b8ea6a04ecc13483e9331c522f,0ce3ba605bfa0bb6fcfc2a988437c850d45e3e63,LineGaussRegularization,2026-09-07 13:57:59,
R1,dji9443_20260813_23_73_capped_captess4.msh,8016,backslash,81,0.0222222222,3.49479758,0.900610272,-1,-1,-1,true,cold,0,-1,3,,,,dense LU,17,0.65,6,36,468,true,multi,64,64,0.0891095125,0.000119286961,0.037772736,0.0562735876,0.0654010821,,,,false,0.263871516,3.23092606,6263,-0.074587796,e818c6384e9722b8ea6a04ecc13483e9331c522f,0ce3ba605bfa0bb6fcfc2a988437c850d45e3e63,LineGaussRegularization,2026-09-07 13:57:59,
R1,dji9443_20260813_23_73_capped_captess4.msh,8016,backslash,82,0.0225,4.40906101,0.878635766,-1,-1,-1,true,cold,0,-1,3,,,,dense LU,17,0.65,6,36,468,true,multi,64,64,0.0891095126,0.000119286969,0.0377727354,0.0562735876,0.0654010821,,,,false,0.251243763,4.15781724,6343,-0.0736660948,e818c6384e9722b8ea6a04ecc13483e9331c522f,0ce3ba605bfa0bb6fcfc2a988437c850d45e3e63,LineGaussRegularization,2026-09-07 13:57:59,
R1,dji9443_20260813_23_73_capped_captess4.msh,8016,backslash,83,0.0227777778,4.26338444,1.03629022,-1,-1,-1,true,cold,0,-1,3,,,,dense LU,17,0.65,6,36,468,true,multi,64,64,0.0891095126,0.000119287064,0.0377727363,0.0562735895,0.0654010821,,,,false,0.282652292,3.98073215,6424,-0.0727614295,e818c6384e9722b8ea6a04ecc13483e9331c522f,0ce3ba605bfa0bb6fcfc2a988437c850d45e3e63,LineGaussRegularization,2026-09-07 13:57:59,
R1,dji9443_20260813_23_73_capped_captess4.msh,8016,backslash,84,0.0230555556,3.99927386,0.692443356,-1,-1,-1,true,cold,0,-1,3,,,,dense LU,17,0.65,6,36,468,true,multi,64,64,0.0891095125,0.00011928704,0.037772736,0.0562735897,0.065401082,,,,false,0.260852964,3.7384209,6505,-0.0718803934,e818c6384e9722b8ea6a04ecc13483e9331c522f,0ce3ba605bfa0bb6fcfc2a988437c850d45e3e63,LineGaussRegularization,2026-09-07 13:57:59,
R1,dji9443_20260813_23_73_capped_captess4.msh,8016,backslash,85,0.0233333333,3.55408598,0.834929087,-1,-1,-1,true,cold,0,-1,3,,,,dense LU,17,0.65,6,36,468,true,multi,64,64,0.0891095126,0.000119287201,0.0377727362,0.0562735894,0.0654010821,,,,false,0.349725303,3.20436068,6585,-0.071031375,e818c6384e9722b8ea6a04ecc13483e9331c522f,0ce3ba605bfa0bb6fcfc2a988437c850d45e3e63,LineGaussRegularization,2026-09-07 13:57:59,
R1,dji9443_20260813_23_73_capped_captess4.msh,8016,backslash,86,0.0236111111,3.81957583,0.67766163,-1,-1,-1,true,cold,0,-1,3,,,,dense LU,17,0.65,6,36,468,true,multi,64,64,0.0891095125,0.000119286879,0.0377727362,0.0562735887,0.0654010822,,,,false,0.268924188,3.55065164,6667,-0.0702404886,e818c6384e9722b8ea6a04ecc13483e9331c522f,0ce3ba605bfa0bb6fcfc2a988437c850d45e3e63,LineGaussRegularization,2026-09-07 13:57:59,
R1,dji9443_20260813_23_73_capped_captess4.msh,8016,backslash,87,0.0238888889,3.94837054,0.678417992,-1,-1,-1,true,cold,0,-1,3,,,,dense LU,17,0.65,6,36,468,true,multi,64,64,0.0891095126,0.000119286958,0.0377727362,0.0562735876,0.0654010819,,,,false,0.277790787,3.67057975,6747,-0.0695072802,e818c6384e9722b8ea6a04ecc13483e9331c522f,0ce3ba605bfa0bb6fcfc2a988437c850d45e3e63,LineGaussRegularization,2026-09-07 13:57:59,
R1,dji9443_20260813_23_73_capped_captess4.msh,8016,backslash,88,0.0241666667,3.50392338,0.744335921,-1,-1,-1,true,cold,0,-1,3,,,,dense LU,17,0.65,6,36,468,true,multi,64,64,0.0891095125,0.000119287008,0.037772736,0.056273588,0.0654010821,,,,false,0.270332276,3.2335911,6828,-0.0688415974,e818c6384e9722b8ea6a04ecc13483e9331c522f,0ce3ba605bfa0bb6fcfc2a988437c850d45e3e63,LineGaussRegularization,2026-09-07 13:57:59,
R1,dji9443_20260813_23_73_capped_captess4.msh,8016,backslash,89,0.0244444444,4.07012029,0.768302073,-1,-1,-1,true,cold,0,-1,3,,,,dense LU,17,0.65,6,36,468,true,multi,64,64,0.0891095127,0.000119286947,0.0377727362,0.0562735885,0.065401082,,,,false,0.336944301,3.73317599,6908,-0.0682507598,e818c6384e9722b8ea6a04ecc13483e9331c522f,0ce3ba605bfa0bb6fcfc2a988437c850d45e3e63,LineGaussRegularization,2026-09-07 13:57:59,
R1,dji9443_20260813_23_73_capped_captess4.msh,8016,backslash,90,0.0247222222,3.79316103,0.903456986,-1,-1,-1,true,cold,0,-1,3,,,,dense LU,17,0.65,6,36,468,true,multi,64,64,0.0891095125,0.000119286956,0.037772736,0.0562735878,0.0654010821,,,,false,0.260422284,3.53273875,6985,-0.0677483493,e818c6384e9722b8ea6a04ecc13483e9331c522f,0ce3ba605bfa0bb6fcfc2a988437c850d45e3e63,LineGaussRegularization,2026-09-07 13:57:59,
R1,dji9443_20260813_23_73_capped_captess4.msh,8016,backslash,91,0.025,4.70160654,0.783519741,-1,-1,-1,true,cold,0,-1,3,,,,dense LU,17,0.65,6,36,468,true,multi,64,64,0.0891095126,0.000119286964,0.0377727354,0.0562735877,0.0654010821,,,,false,0.341093827,4.36051271,7063,-0.0673286698,e818c6384e9722b8ea6a04ecc13483e9331c522f,0ce3ba605bfa0bb6fcfc2a988437c850d45e3e63,LineGaussRegularization,2026-09-07 13:57:59,
R1,dji9443_20260813_23_73_capped_captess4.msh,8016,backslash,92,0.0252777778,4.68777871,0.982574796,-1,-1,-1,true,cold,0,-1,3,,,,dense LU,17,0.65,6,36,468,true,multi,64,64,0.0891095126,0.000119287055,0.0377727363,0.0562735894,0.0654010821,,,,false,0.271855151,4.41592356,7144,-0.0669902797,e818c6384e9722b8ea6a04ecc13483e9331c522f,0ce3ba605bfa0bb6fcfc2a988437c850d45e3e63,LineGaussRegularization,2026-09-07 13:57:59,
R1,dji9443_20260813_23_73_capped_captess4.msh,8016,backslash,93,0.0255555556,3.82099166,0.72184877,-1,-1,-1,true,cold,0,-1,3,,,,dense LU,17,0.65,6,36,468,true,multi,64,64,0.0891095125,0.000119287038,0.037772736,0.0562735895,0.065401082,,,,false,0.258861347,3.56213032,7227,-0.0667086192,e818c6384e9722b8ea6a04ecc13483e9331c522f,0ce3ba605bfa0bb6fcfc2a988437c850d45e3e63,LineGaussRegularization,2026-09-07 13:57:59,
R1,dji9443_20260813_23_73_capped_captess4.msh,8016,backslash,94,0.0258333333,3.74798452,0.803143735,-1,-1,-1,true,cold,0,-1,3,,,,dense LU,17,0.65,6,36,468,true,multi,64,64,0.0891095126,0.000119287199,0.0377727362,0.0562735894,0.0654010821,,,,false,0.351691942,3.39629258,7307,-0.0664601275,e818c6384e9722b8ea6a04ecc13483e9331c522f,0ce3ba605bfa0bb6fcfc2a988437c850d45e3e63,LineGaussRegularization,2026-09-07 13:57:59,
R1,dji9443_20260813_23_73_capped_captess4.msh,8016,backslash,95,0.0261111111,3.93867717,0.793356023,-1,-1,-1,true,cold,0,-1,3,,,,dense LU,17,0.65,6,36,468,true,multi,64,64,0.0891095125,0.00011928688,0.0377727362,0.0562735887,0.0654010822,,,,false,0.282251857,3.65642532,7390,-0.0662246798,e818c6384e9722b8ea6a04ecc13483e9331c522f,0ce3ba605bfa0bb6fcfc2a988437c850d45e3e63,LineGaussRegularization,2026-09-07 13:57:59,
R1,dji9443_20260813_23_73_capped_captess4.msh,8016,backslash,96,0.0263888889,4.2470281,0.690705517,-1,-1,-1,true,cold,0,-1,3,,,,dense LU,17,0.65,6,36,468,true,multi,64,64,0.0891095126,0.000119286958,0.0377727362,0.0562735877,0.0654010819,,,,false,0.276543069,3.97048503,7471,-0.0659820443,e818c6384e9722b8ea6a04ecc13483e9331c522f,0ce3ba605bfa0bb6fcfc2a988437c850d45e3e63,LineGaussRegularization,2026-09-07 13:57:59,
R1,dji9443_20260813_23_73_capped_captess4.msh,8016,backslash,97,0.0266666667,3.84095477,0.717871659,-1,-1,-1,true,cold,0,-1,3,,,,dense LU,17,0.65,6,36,468,true,multi,64,64,0.0891095125,0.000119287004,0.037772736,0.0562735881,0.0654010821,,,,false,0.361104369,3.4798504,7549,-0.0657055158,e818c6384e9722b8ea6a04ecc13483e9331c522f,0ce3ba605bfa0bb6fcfc2a988437c850d45e3e63,LineGaussRegularization,2026-09-07 13:57:59,
R1,dji9443_20260813_23_73_capped_captess4.msh,8016,backslash,98,0.0269444444,3.63437786,0.66292587,-1,-1,-1,true,cold,0,-1,3,,,,dense LU,17,0.65,6,36,468,true,multi,64,64,0.0891095127,0.000119286945,0.0377727362,0.0562735885,0.065401082,,,,false,0.257169054,3.37720881,7627,-0.0654075905,e818c6384e9722b8ea6a04ecc13483e9331c522f,0ce3ba605bfa0bb6fcfc2a988437c850d45e3e63,LineGaussRegularization,2026-09-07 13:57:59,
R1,dji9443_20260813_23_73_capped_captess4.msh,8016,backslash,99,0.0272222222,3.93592335,0.904547447,-1,-1,-1,true,cold,0,-1,3,,,,dense LU,17,0.65,6,36,468,true,multi,64,64,0.0891095125,0.000119286954,0.037772736,0.0562735879,0.0654010821,,,,false,0.265245677,3.67067768,7710,-0.0650767477,e818c6384e9722b8ea6a04ecc13483e9331c522f,0ce3ba605bfa0bb6fcfc2a988437c850d45e3e63,LineGaussRegularization,2026-09-07 13:57:59,
R1,dji9443_20260813_23_73_capped_captess4.msh,8016,backslash,100,0.0275,5.09648026,0.784869649,-1,-1,-1,true,cold,0,-1,3,,,,dense LU,17,0.65,6,36,468,true,multi,64,64,0.0891095126,0.000119286961,0.0377727354,0.0562735878,0.0654010821,,,,false,0.332923708,4.76355656,7789,-0.0647126247,e818c6384e9722b8ea6a04ecc13483e9331c522f,0ce3ba605bfa0bb6fcfc2a988437c850d45e3e63,LineGaussRegularization,2026-09-07 13:57:59,
R1,dji9443_20260813_23_73_capped_captess4.msh,8016,backslash,101,0.0277777778,4.73326414,1.03199665,-1,-1,-1,true,cold,0,-1,3,,,,dense LU,17,0.65,6,36,468,true,multi,64,64,0.0891095126,0.00011928705,0.0377727363,0.0562735893,0.0654010821,,,,false,0.269084509,4.46417963,7869,-0.0643303458,e818c6384e9722b8ea6a04ecc13483e9331c522f,0ce3ba605bfa0bb6fcfc2a988437c850d45e3e63,LineGaussRegularization,2026-09-07 13:57:59,
R1,dji9443_20260813_23_73_capped_captess4.msh,8016,backslash,102,0.0280555556,3.66499734,0.794272538,-1,-1,-1,true,cold,0,-1,3,,,,dense LU,17,0.65,6,36,468,true,multi,64,64,0.0891095125,0.000119287037,0.037772736,0.0562735895,0.065401082,,,,false,0.259915771,3.40508157,7949,-0.0639424671,e818c6384e9722b8ea6a04ecc13483e9331c522f,0ce3ba605bfa0bb6fcfc2a988437c850d45e3e63,LineGaussRegularization,2026-09-07 13:57:59,
R1,dji9443_20260813_23_73_capped_captess4.msh,8016,backslash,103,0.0283333333,4.19326687,0.82451641,-1,-1,-1,true,cold,0,-1,3,,,,dense LU,17,0.65,6,36,468,true,multi,64,64,0.0891095126,0.000119287197,0.0377727362,0.0562735893,0.0654010821,,,,false,0.269758527,3.92350835,8030,-0.0635658068,e818c6384e9722b8ea6a04ecc13483e9331c522f,0ce3ba605bfa0bb6fcfc2a988437c850d45e3e63,LineGaussRegularization,2026-09-07 13:57:59,
R1,dji9443_20260813_23_73_capped_captess4.msh,8016,backslash,104,0.0286111111,4.22992279,0.68171308,-1,-1,-1,true,cold,0,-1,3,,,,dense LU,17,0.65,6,36,468,true,multi,64,64,0.0891095125,0.00011928688,0.0377727362,0.0562735887,0.0654010822,,,,false,0.270574482,3.95934831,8109,-0.0632070519,e818c6384e9722b8ea6a04ecc13483e9331c522f,0ce3ba605bfa0bb6fcfc2a988437c850d45e3e63,LineGaussRegularization,2026-09-07 13:57:59,
R1,dji9443_20260813_23_73_capped_captess4.msh,8016,backslash,105,0.0288888889,4.62582401,0.679386113,-1,-1,-1,true,cold,0,-1,3,,,,dense LU,17,0.65,6,36,468,true,multi,64,64,0.0891095126,0.000119286958,0.0377727362,0.0562735877,0.0654010819,,,,false,0.365831491,4.25999251,8189,-0.0628819633,e818c6384e9722b8ea6a04ecc13483e9331c522f,0ce3ba605bfa0bb6fcfc2a988437c850d45e3e63,LineGaussRegularization,2026-09-07 13:57:59,
R1,dji9443_20260813_23_73_capped_captess4.msh,8016,backslash,106,0.0291666667,4.77909786,0.750157964,-1,-1,-1,true,cold,0,-1,3,,,,dense LU,17,0.65,6,36,468,true,multi,64,64,0.0891095125,0.000119287001,0.037772736,0.0562735881,0.0654010821,,,,false,0.26279095,4.51630691,8271,-0.062594859,e818c6384e9722b8ea6a04ecc13483e9331c522f,0ce3ba605bfa0bb6fcfc2a988437c850d45e3e63,LineGaussRegularization,2026-09-07 13:57:59,
R1,dji9443_20260813_23_73_capped_captess4.msh,8016,backslash,107,0.0294444444,4.59828394,0.764113916,-1,-1,-1,true,cold,0,-1,3,,,,dense LU,17,0.65,6,36,468,true,multi,64,64,0.0891095127,0.000119286942,0.0377727362,0.0562735885,0.065401082,,,,false,0.256608981,4.34167496,8350,-0.0623471671,e818c6384e9722b8ea6a04ecc13483e9331c522f,0ce3ba605bfa0bb6fcfc2a988437c850d45e3e63,LineGaussRegularization,2026-09-07 13:57:59,
R1,dji9443_20260813_23_73_capped_captess4.msh,8016,backslash,108,0.0297222222,4.31598549,0.905366999,-1,-1,-1,true,cold,0,-1,3,,,,dense LU,17,0.65,6,36,468,true,multi,64,64,0.0891095125,0.000119286952,0.037772736,0.0562735879,0.0654010821,,,,false,0.354063444,3.96192205,8427,-0.0621385913,e818c6384e9722b8ea6a04ecc13483e9331c522f,0ce3ba605bfa0bb6fcfc2a988437c850d45e3e63,LineGaussRegularization,2026-09-07 13:57:59,
R1,dji9443_20260813_23_73_capped_captess4.msh,8016,backslash,109,0.03,5.27728164,0.786107759,-1,-1,-1,true,cold,0,-1,3,,,,dense LU,17,0.65,6,36,468,true,multi,64,64,0.0891095126,0.000119286959,0.0377727354,0.0562735878,0.0654010821,,,,false,0.247987823,5.02929382,8509,-0.0619707243,e818c6384e9722b8ea6a04ecc13483e9331c522f,0ce3ba605bfa0bb6fcfc2a988437c850d45e3e63,LineGaussRegularization,2026-09-07 13:57:59,
R1,dji9443_20260813_23_73_capped_captess4.msh,8016,backslash,110,0.0302777778,5.00870046,0.987868233,-1,-1,-1,true,cold,0,-1,3,,,,dense LU,17,0.65,6,36,468,true,multi,64,64,0.0891095126,0.000119287046,0.0377727363,0.0562735893,0.0654010821,,,,false,0.270035407,4.73866505,8589,-0.0618273652,e818c6384e9722b8ea6a04ecc13483e9331c522f,0ce3ba605bfa0bb6fcfc2a988437c850d45e3e63,LineGaussRegularization,2026-09-07 13:57:59,
R1,dji9443_20260813_23_73_capped_captess4.msh,8016,backslash,111,0.0305555556,4.57183443,0.708543051,-1,-1,-1,true,cold,0,-1,3,,,,dense LU,17,0.65,6,36,468,true,multi,64,64,0.0891095125,0.000119287036,0.037772736,0.0562735894,0.065401082,,,,false,0.337417581,4.23441685,8667,-0.0616941837,e818c6384e9722b8ea6a04ecc13483e9331c522f,0ce3ba605bfa0bb6fcfc2a988437c850d45e3e63,LineGaussRegularization,2026-09-07 13:57:59,
R1,dji9443_20260813_23_73_capped_captess4.msh,8016,backslash,112,0.0308333333,4.9054483,0.802309246,-1,-1,-1,true,cold,0,-1,3,,,,dense LU,17,0.65,6,36,468,true,multi,64,64,0.0891095126,0.000119287196,0.0377727362,0.0562735893,0.0654010821,,,,false,0.264673281,4.64077502,8750,-0.0615748002,e818c6384e9722b8ea6a04ecc13483e9331c522f,0ce3ba605bfa0bb6fcfc2a988437c850d45e3e63,LineGaussRegularization,2026-09-07 13:57:59,
R1,dji9443_20260813_23_73_capped_captess4.msh,8016,backslash,113,0.0311111111,4.5693382,0.89344134,-1,-1,-1,true,cold,0,-1,3,,,,dense LU,17,0.65,6,36,468,true,multi,64,64,0.0891095125,0.00011928688,0.0377727362,0.0562735887,0.0654010822,,,,false,0.272994215,4.29634398,8833,-0.0614510309,e818c6384e9722b8ea6a04ecc13483e9331c522f,0ce3ba605bfa0bb6fcfc2a988437c850d45e3e63,LineGaussRegularization,2026-09-07 13:57:59,
R1,dji9443_20260813_23_73_capped_captess4.msh,8016,backslash,114,0.0313888889,4.66657584,0.693437326,-1,-1,-1,true,cold,0,-1,3,,,,dense LU,17,0.65,6,36,468,true,multi,64,64,0.0891095126,0.000119286958,0.0377727362,0.0562735878,0.0654010819,,,,false,0.365725271,4.30085057,8912,-0.061319256,e818c6384e9722b8ea6a04ecc13483e9331c522f,0ce3ba605bfa0bb6fcfc2a988437c850d45e3e63,LineGaussRegularization,2026-09-07 13:57:59,
R1,dji9443_20260813_23_73_capped_captess4.msh,8016,backslash,115,0.0316666667,5.12237592,0.72747991,-1,-1,-1,true,cold,0,-1,3,,,,dense LU,17,0.65,6,36,468,true,multi,64,64,0.0891095125,0.000119287,0.037772736,0.0562735881,0.0654010821,,,,false,0.404735486,4.71764043,8994,-0.0611794017,e818c6384e9722b8ea6a04ecc13483e9331c522f,0ce3ba605bfa0bb6fcfc2a988437c850d45e3e63,LineGaussRegularization,2026-09-07 13:57:59,
R1,dji9443_20260813_23_73_capped_captess4.msh,8016,backslash,116,0.0319444444,5.16163517,0.668480843,-1,-1,-1,true,cold,0,-1,3,,,,dense LU,17,0.65,6,36,468,true,multi,64,64,0.0891095127,0.00011928694,0.0377727362,0.0562735885,0.065401082,,,,false,0.270149541,4.89148563,9073,-0.0610367952,e818c6384e9722b8ea6a04ecc13483e9331c522f,0ce3ba605bfa0bb6fcfc2a988437c850d45e3e63,LineGaussRegularization,2026-09-07 13:57:59,
R1,dji9443_20260813_23_73_capped_captess4.msh,8016,backslash,117,0.0322222222,4.974649,0.910482795,-1,-1,-1,true,cold,0,-1,3,,,,dense LU,17,0.65,6,36,468,true,multi,64,64,0.0891095125,0.000119286951,0.0377727361,0.056273588,0.0654010821,,,,false,0.275728221,4.69892078,9149,-0.0608955467,e818c6384e9722b8ea6a04ecc13483e9331c522f,0ce3ba605bfa0bb6fcfc2a988437c850d45e3e63,LineGaussRegularization,2026-09-07 13:57:59,
R1,dji9443_20260813_23_73_capped_captess4.msh,8016,backslash,118,0.0325,5.73850422,0.888028262,-1,-1,-1,true,cold,0,-1,3,,,,dense LU,17,0.65,6,36,468,true,multi,64,64,0.0891095126,0.000119286958,0.0377727353,0.0562735878,0.0654010821,,,,false,0.255786207,5.48271802,9225,-0.0607440657,e818c6384e9722b8ea6a04ecc13483e9331c522f,0ce3ba605bfa0bb6fcfc2a988437c850d45e3e63,LineGaussRegularization,2026-09-07 13:57:59,
R1,dji9443_20260813_23_73_capped_captess4.msh,8016,backslash,119,0.0327777778,5.64611807,1.03419295,-1,-1,-1,true,cold,0,-1,3,,,,dense LU,17,0.65,6,36,468,true,multi,64,64,0.0891095126,0.000119287044,0.0377727363,0.0562735893,0.0654010821,,,,false,0.358420834,5.28769723,9302,-0.0606050557,e818c6384e9722b8ea6a04ecc13483e9331c522f,0ce3ba605bfa0bb6fcfc2a988437c850d45e3e63,LineGaussRegularization,2026-09-07 13:57:59,
R1,dji9443_20260813_23_73_capped_captess4.msh,8016,backslash,120,0.0330555556,4.94330054,0.691433154,-1,-1,-1,true,cold,0,-1,3,,,,dense LU,17,0.65,6,36,468,true,multi,64,64,0.0891095125,0.000119287035,0.037772736,0.0562735894,0.065401082,,,,false,0.267094191,4.67620635,9379,-0.0604692013,e818c6384e9722b8ea6a04ecc13483e9331c522f,0ce3ba605bfa0bb6fcfc2a988437c850d45e3e63,LineGaussRegularization,2026-09-07 13:57:59,
R1,dji9443_20260813_23_73_capped_captess4.msh,8016,backslash,121,0.0333333333,5.39519816,0.84034311,-1,-1,-1,true,cold,0,-1,3,,,,dense LU,17,0.65,6,36,468,true,multi,64,64,0.0891095126,0.000119287195,0.0377727362,0.0562735893,0.0654010821,,,,false,0.273409066,5.12178909,9455,-0.0603380615,e818c6384e9722b8ea6a04ecc13483e9331c522f,0ce3ba605bfa0bb6fcfc2a988437c850d45e3e63,LineGaussRegularization,2026-09-07 13:57:59,
R1,dji9443_20260813_23_73_capped_captess4.msh,8016,backslash,122,0.0336111111,5.08771057,0.764733608,-1,-1,-1,true,cold,0,-1,3,,,,dense LU,17,0.65,6,36,468,true,multi,64,64,0.0891095125,0.00011928688,0.0377727362,0.0562735887,0.0654010822,,,,false,0.275402157,4.81230842,9529,-0.0602078987,e818c6384e9722b8ea6a04ecc13483e9331c522f,0ce3ba605bfa0bb6fcfc2a988437c850d45e3e63,LineGaussRegularization,2026-09-07 13:57:59,
R1,dji9443_20260813_23_73_capped_captess4.msh,8016,backslash,123,0.0338888889,5.08269896,0.679816819,-1,-1,-1,true,cold,0,-1,3,,,,dense LU,17,0.65,6,36,468,true,multi,64,64,0.0891095126,0.000119286958,0.0377727362,0.0562735878,0.0654010819,,,,false,0.361804182,4.72089478,9603,-0.0600844301,e818c6384e9722b8ea6a04ecc13483e9331c522f,0ce3ba605bfa0bb6fcfc2a988437c850d45e3e63,LineGaussRegularization,2026-09-07 13:57:59,
R1,dji9443_20260813_23_73_capped_captess4.msh,8016,backslash,124,0.0341666667,5.21077727,0.746076112,-1,-1,-1,true,cold,0,-1,3,,,,dense LU,17,0.65,6,36,468,true,multi,64,64,0.0891095125,0.000119286999,0.037772736,0.0562735881,0.0654010821,,,,false,0.357159179,4.85361809,9682,-0.0599650415,e818c6384e9722b8ea6a04ecc13483e9331c522f,0ce3ba605bfa0bb6fcfc2a988437c850d45e3e63,LineGaussRegularization,2026-09-07 13:57:59,
R1,dji9443_20260813_23_73_capped_captess4.msh,8016,backslash,125,0.0344444444,5.00169477,0.763268932,-1,-1,-1,true,cold,0,-1,3,,,,dense LU,17,0.65,6,36,468,true,multi,64,64,0.0891095127,0.000119286939,0.0377727362,0.0562735885,0.065401082,,,,false,0.256647438,4.74504734,9759,-0.0598504679,e818c6384e9722b8ea6a04ecc13483e9331c522f,0ce3ba605bfa0bb6fcfc2a988437c850d45e3e63,LineGaussRegularization,2026-09-07 13:57:59,
R1,dji9443_20260813_23_73_capped_captess4.msh,8016,backslash,126,0.0347222222,5.3630064,0.904087468,-1,-1,-1,true,cold,0,-1,3,,,,dense LU,17,0.65,6,36,468,true,multi,64,64,0.0891095125,0.00011928695,0.0377727361,0.056273588,0.0654010821,,,,false,0.269869834,5.09313657,9837,-0.0597331863,e818c6384e9722b8ea6a04ecc13483e9331c522f,0ce3ba605bfa0bb6fcfc2a988437c850d45e3e63,LineGaussRegularization,2026-09-07 13:57:59,
R1,dji9443_20260813_23_73_capped_captess4.msh,8016,backslash,127,0.035,6.08012693,0.872887614,-1,-1,-1,true,cold,0,-1,3,,,,dense LU,17,0.65,6,36,468,true,multi,64,64,0.0891095126,0.000119286958,0.0377727353,0.0562735878,0.0654010821,,,,false,0.243458404,5.83666853,9915,-0.0596140525,e818c6384e9722b8ea6a04ecc13483e9331c522f,0ce3ba605bfa0bb6fcfc2a988437c850d45e3e63,LineGaussRegularization,2026-09-07 13:57:59,
R1,dji9443_20260813_23_73_capped_captess4.msh,8016,backslash,128,0.0352777778,5.72781565,0.985003287,-1,-1,-1,true,cold,0,-1,3,,,,dense LU,17,0.65,6,36,468,true,multi,64,64,0.0891095126,0.000119287042,0.0377727363,0.0562735893,0.0654010821,,,,false,0.352491554,5.37532409,9995,-0.059495354,e818c6384e9722b8ea6a04ecc13483e9331c522f,0ce3ba605bfa0bb6fcfc2a988437c850d45e3e63,LineGaussRegularization,2026-09-07 13:57:59,
R1,dji9443_20260813_23_73_capped_captess4.msh,8016,backslash,129,0.0355555556,5.89590269,0.708185485,-1,-1,-1,true,cold,0,-1,3,,,,dense LU,17,0.65,6,36,468,true,multi,64,64,0.0891095125,0.000119287035,0.037772736,0.0562735894,0.065401082,,,,false,0.265465615,5.63043707,10074,-0.0593803783,e818c6384e9722b8ea6a04ecc13483e9331c522f,0ce3ba605bfa0bb6fcfc2a988437c850d45e3e63,LineGaussRegularization,2026-09-07 13:57:59,
R1,dji9443_20260813_23_73_capped_captess4.msh,8016,backslash,130,0.0358333333,5.7323082,0.794227211,-1,-1,-1,true,cold,0,-1,3,,,,dense LU,17,0.65,6,36,468,true,multi,64,64,0.0891095126,0.000119287194,0.0377727362,0.0562735893,0.0654010821,,,,false,0.263440002,5.4688682,10152,-0.0592719764,e818c6384e9722b8ea6a04ecc13483e9331c522f,0ce3ba605bfa0bb6fcfc2a988437c850d45e3e63,LineGaussRegularization,2026-09-07 13:57:59,
R1,dji9443_20260813_23_73_capped_captess4.msh,8016,backslash,131,0.0361111111,4.84938791,0.891770234,-1,-1,-1,true,cold,0,-1,3,,,,dense LU,17,0.65,6,36,468,true,multi,64,64,0.0891095125,0.00011928688,0.0377727362,0.0562735887,0.0654010822,,,,false,0.282770362,4.56661755,10233,-0.0591766272,e818c6384e9722b8ea6a04ecc13483e9331c522f,0ce3ba605bfa0bb6fcfc2a988437c850d45e3e63,LineGaussRegularization,2026-09-07 13:57:59,
R1,dji9443_20260813_23_73_capped_captess4.msh,8016,backslash,132,0.0363888889,5.60088208,0.683060314,-1,-1,-1,true,cold,0,-1,3,,,,dense LU,17,0.65,6,36,468,true,multi,64,64,0.0891095126,0.000119286958,0.0377727362,0.0562735878,0.0654010819,,,,false,0.360985101,5.23989698,10308,-0.0590841905,e818c6384e9722b8ea6a04ecc13483e9331c522f,0ce3ba605bfa0bb6fcfc2a988437c850d45e3e63,LineGaussRegularization,2026-09-07 13:57:59,
R1,dji9443_20260813_23_73_capped_captess4.msh,8016,backslash,133,0.0366666667,5.71515455,0.718607437,-1,-1,-1,true,cold,0,-1,3,,,,dense LU,17,0.65,6,36,468,true,multi,64,64,0.0891095125,0.000119286998,0.037772736,0.0562735881,0.0654010821,,,,false,0.363168198,5.35198635,10387,-0.05900964,e818c6384e9722b8ea6a04ecc13483e9331c522f,0ce3ba605bfa0bb6fcfc2a988437c850d45e3e63,LineGaussRegularization,2026-09-07 13:57:59,
R1,dji9443_20260813_23_73_capped_captess4.msh,8016,backslash,134,0.0369444444,5.65684517,0.659304851,-1,-1,-1,true,cold,0,-1,3,,,,dense LU,17,0.65,6,36,468,true,multi,64,64,0.0891095127,0.000119286938,0.0377727362,0.0562735885,0.065401082,,,,false,0.262177296,5.39466787,10462,-0.058945501,e818c6384e9722b8ea6a04ecc13483e9331c522f,0ce3ba605bfa0bb6fcfc2a988437c850d45e3e63,LineGaussRegularization,2026-09-07 13:57:59,
R1,dji9443_20260813_23_73_capped_captess4.msh,8016,backslash,135,0.0372222222,6.23964088,0.912661767,-1,-1,-1,true,cold,0,-1,3,,,,dense LU,17,0.65,6,36,468,true,multi,64,64,0.0891095125,0.000119286949,0.0377727361,0.056273588,0.0654010821,,,,false,0.272278537,5.96736234,10544,-0.0588947594,e818c6384e9722b8ea6a04ecc13483e9331c522f,0ce3ba605bfa0bb6fcfc2a988437c850d45e3e63,LineGaussRegularization,2026-09-07 13:57:59,
R1,dji9443_20260813_23_73_capped_captess4.msh,8016,backslash,136,0.0375,6.67336526,0.782111156,-1,-1,-1,true,cold,0,-1,3,,,,dense LU,17,0.65,6,36,468,true,multi,64,64,0.0891095126,0.000119286957,0.0377727353,0.0562735878,0.0654010821,,,,false,0.341041037,6.33232423,10625,-0.0588444523,e818c6384e9722b8ea6a04ecc13483e9331c522f,0ce3ba605bfa0bb6fcfc2a988437c850d45e3e63,LineGaussRegularization,2026-09-07 13:57:59,
R1,dji9443_20260813_23_73_capped_captess4.msh,8016,backslash,137,0.0377777778,6.11414204,1.03313698,-1,-1,-1,true,cold,0,-1,3,,,,dense LU,17,0.65,6,36,468,true,multi,64,64,0.0891095126,0.000119287041,0.0377727363,0.0562735893,0.0654010821,,,,false,0.361440055,5.75270198,10708,-0.0587989584,e818c6384e9722b8ea6a04ecc13483e9331c522f,0ce3ba605bfa0bb6fcfc2a988437c850d45e3e63,LineGaussRegularization,2026-09-07 13:57:59,
R1,dji9443_20260813_23_73_capped_captess4.msh,8016,backslash,138,0.0380555556,6.08646349,0.683947556,-1,-1,-1,true,cold,0,-1,3,,,,dense LU,17,0.65,6,36,468,true,multi,64,64,0.0891095125,0.000119287034,0.037772736,0.0562735894,0.065401082,,,,false,0.259507845,5.82695565,10785,-0.0587470457,e818c6384e9722b8ea6a04ecc13483e9331c522f,0ce3ba605bfa0bb6fcfc2a988437c850d45e3e63,LineGaussRegularization,2026-09-07 13:57:59,
R1,dji9443_20260813_23_73_capped_captess4.msh,8016,backslash,139,0.0383333333,6.09604777,0.835226624,-1,-1,-1,true,cold,0,-1,3,,,,dense LU,17,0.65,6,36,468,true,multi,64,64,0.0891095126,0.000119287193,0.0377727362,0.0562735893,0.0654010821,,,,false,0.273083246,5.82296453,10865,-0.0586947385,e818c6384e9722b8ea6a04ecc13483e9331c522f,0ce3ba605bfa0bb6fcfc2a988437c850d45e3e63,LineGaussRegularization,2026-09-07 13:57:59,
R1,dji9443_20260813_23_73_capped_captess4.msh,8016,backslash,140,0.0386111111,5.7440745,0.669652562,-1,-1,-1,true,cold,0,-1,3,,,,dense LU,17,0.65,6,36,468,true,multi,64,64,0.0891095125,0.00011928688,0.0377727362,0.0562735887,0.0654010822,,,,false,0.350658983,5.39341551,10946,-0.0586335242,e818c6384e9722b8ea6a04ecc13483e9331c522f,0ce3ba605bfa0bb6fcfc2a988437c850d45e3e63,LineGaussRegularization,2026-09-07 13:57:59,
R1,dji9443_20260813_23_73_capped_captess4.msh,8016,backslash,141,0.0388888889,6.20339034,0.68104805,-1,-1,-1,true,cold,0,-1,3,,,,dense LU,17,0.65,6,36,468,true,multi,64,64,0.0891095126,0.000119286958,0.0377727362,0.0562735878,0.0654010819,,,,false,0.453188858,5.75020148,11026,-0.0585561932,e818c6384e9722b8ea6a04ecc13483e9331c522f,0ce3ba605bfa0bb6fcfc2a988437c850d45e3e63,LineGaussRegularization,2026-09-07 13:57:59,
R1,dji9443_20260813_23_73_capped_captess4.msh,8016,backslash,142,0.0391666667,5.61777224,0.747572015,-1,-1,-1,true,cold,0,-1,3,,,,dense LU,17,0.65,6,36,468,true,multi,64,64,0.0891095125,0.000119286998,0.037772736,0.0562735881,0.0654010821,,,,false,0.349313541,5.2684587,11104,-0.0584738416,e818c6384e9722b8ea6a04ecc13483e9331c522f,0ce3ba605bfa0bb6fcfc2a988437c850d45e3e63,LineGaussRegularization,2026-09-07 13:57:59,
R1,dji9443_20260813_23_73_capped_captess4.msh,8016,backslash,143,0.0394444444,5.66771564,0.762855118,-1,-1,-1,true,cold,0,-1,3,,,,dense LU,17,0.65,6,36,468,true,multi,64,64,0.0891095127,0.000119286937,0.0377727362,0.0562735885,0.065401082,,,,false,0.344371334,5.32334431,11183,-0.0583780575,e818c6384e9722b8ea6a04ecc13483e9331c522f,0ce3ba605bfa0bb6fcfc2a988437c850d45e3e63,LineGaussRegularization,2026-09-07 13:57:59,
R1,dji9443_20260813_23_73_capped_captess4.msh,8016,backslash,144,0.0397222222,6.46822599,0.901184063,-1,-1,-1,true,cold,0,-1,3,,,,dense LU,17,0.65,6,36,468,true,multi,64,64,0.0891095125,0.000119286948,0.0377727361,0.056273588,0.0654010821,,,,false,0.344288788,6.1239372,11263,-0.0582809165,e818c6384e9722b8ea6a04ecc13483e9331c522f,0ce3ba605bfa0bb6fcfc2a988437c850d45e3e63,LineGaussRegularization,2026-09-07 13:57:59,
R1,dji9443_20260813_23_73_capped_captess4.msh,8016,backslash,145,0.04,6.91761819,0.781498452,-1,-1,-1,true,cold,0,-1,3,,,,dense LU,17,0.65,6,36,468,true,multi,64,64,0.0891095126,0.000119286957,0.0377727353,0.0562735879,0.0654010821,,,,false,0.326534415,6.59108377,11346,-0.0581814617,e818c6384e9722b8ea6a04ecc13483e9331c522f,0ce3ba605bfa0bb6fcfc2a988437c850d45e3e63,LineGaussRegularization,2026-09-07 13:57:59,
R1,dji9443_20260813_23_73_capped_captess4.msh,8016,backslash,146,0.0402777778,6.60702278,0.990321803,-1,-1,-1,true,cold,0,-1,3,,,,dense LU,17,0.65,6,36,468,true,multi,64,64,0.0891095126,0.00011928704,0.0377727363,0.0562735893,0.0654010821,,,,false,0.358828222,6.24819456,11426,-0.0580870762,e818c6384e9722b8ea6a04ecc13483e9331c522f,0ce3ba605bfa0bb6fcfc2a988437c850d45e3e63,LineGaussRegularization,2026-09-07 13:57:59,
R1,dji9443_20260813_23_73_capped_captess4.msh,8016,backslash,147,0.0405555556,6.33731015,0.717107771,-1,-1,-1,true,cold,0,-1,3,,,,dense LU,17,0.65,6,36,468,true,multi,64,64,0.0891095125,0.000119287034,0.037772736,0.0562735894,0.065401082,,,,false,0.34937127,5.98793888,11497,-0.0580038695,e818c6384e9722b8ea6a04ecc13483e9331c522f,0ce3ba605bfa0bb6fcfc2a988437c850d45e3e63,LineGaussRegularization,2026-09-07 13:57:59,
R1,dji9443_20260813_23_73_capped_captess4.msh,8016,backslash,148,0.0408333333,6.46101166,0.797063385,-1,-1,-1,true,cold,0,-1,3,,,,dense LU,17,0.65,6,36,468,true,multi,64,64,0.0891095126,0.000119287193,0.0377727362,0.0562735893,0.0654010821,,,,false,0.356310435,6.10470122,11557,-0.0579344909,e818c6384e9722b8ea6a04ecc13483e9331c522f,0ce3ba605bfa0bb6fcfc2a988437c850d45e3e63,LineGaussRegularization,2026-09-07 13:57:59,
R1,dji9443_20260813_23_73_capped_captess4.msh,8016,backslash,149,0.0411111111,5.96540138,0.79135181,-1,-1,-1,true,cold,0,-1,3,,,,dense LU,17,0.65,6,36,468,true,multi,64,64,0.0891095125,0.00011928688,0.0377727362,0.0562735887,0.0654010822,,,,false,0.367302465,5.59809892,11591,-0.0578782005,e818c6384e9722b8ea6a04ecc13483e9331c522f,0ce3ba605bfa0bb6fcfc2a988437c850d45e3e63,LineGaussRegularization,2026-09-07 13:57:59,
R1,dji9443_20260813_23_73_capped_captess4.msh,8016,backslash,150,0.0413888889,6.53298839,0.685503031,-1,-1,-1,true,cold,0,-1,3,,,,dense LU,17,0.65,6,36,468,true,multi,64,64,0.0891095126,0.000119286958,0.0377727362,0.0562735878,0.0654010819,,,,false,0.354755119,6.17823327,11637,-0.0578391568,e818c6384e9722b8ea6a04ecc13483e9331c522f,0ce3ba605bfa0bb6fcfc2a988437c850d45e3e63,LineGaussRegularization,2026-09-07 13:57:59,
R1,dji9443_20260813_23_73_capped_captess4.msh,8016,backslash,151,0.0416666667,6.25083608,0.717646765,-1,-1,-1,true,cold,0,-1,3,,,,dense LU,17,0.65,6,36,468,true,multi,64,64,0.0891095125,0.000119286997,0.037772736,0.0562735881,0.0654010821,,,,false,0.357896639,5.89293945,11660,-0.0578080788,e818c6384e9722b8ea6a04ecc13483e9331c522f,0ce3ba605bfa0bb6fcfc2a988437c850d45e3e63,LineGaussRegularization,2026-09-07 13:57:59,
R1,dji9443_20260813_23_73_capped_captess4.msh,8016,backslash,152,0.0419444444,5.75405589,0.754661863,-1,-1,-1,true,cold,0,-1,3,,,,dense LU,17,0.65,6,36,468,true,multi,64,64,0.0891095127,0.000119286937,0.0377727362,0.0562735885,0.065401082,,,,false,0.258769657,5.49528623,11683,-0.057786711,e818c6384e9722b8ea6a04ecc13483e9331c522f,0ce3ba605bfa0bb6fcfc2a988437c850d45e3e63,LineGaussRegularization,2026-09-07 13:57:59,
R1,dji9443_20260813_23_73_capped_captess4.msh,8016,backslash,153,0.0422222222,7.29208586,1.36693148,-1,-1,-1,true,cold,0,-1,3,,,,dense LU,17,0.65,6,36,468,true,multi,64,64,0.0891095125,0.000119286948,0.0377727361,0.056273588,0.0654010821,,,,false,0.359671338,6.93241452,11704,-0.0577698935,e818c6384e9722b8ea6a04ecc13483e9331c522f,0ce3ba605bfa0bb6fcfc2a988437c850d45e3e63,LineGaussRegularization,2026-09-07 13:57:59,
R1,dji9443_20260813_23_73_capped_captess4.msh,8016,backslash,154,0.0425,7.77409781,1.25976555,-1,-1,-1,true,cold,0,-1,3,,,,dense LU,17,0.65,6,36,468,true,multi,64,64,0.0891095126,0.000119286956,0.0377727353,0.0562735879,0.0654010821,,,,false,0.34363582,7.43046198,11705,-0.0577522876,e818c6384e9722b8ea6a04ecc13483e9331c522f,0ce3ba605bfa0bb6fcfc2a988437c850d45e3e63,LineGaussRegularization,2026-09-07 13:57:59,
R1,dji9443_20260813_23_73_capped_captess4.msh,8016,backslash,155,0.0427777778,7.6496264,1.96830142,-1,-1,-1,true,cold,0,-1,3,,,,dense LU,17,0.65,6,36,468,true,multi,64,64,0.0891095126,0.00011928704,0.0377727363,0.0562735893,0.0654010821,,,,false,0.384741814,7.26488458,11704,-0.0577300615,e818c6384e9722b8ea6a04ecc13483e9331c522f,0ce3ba605bfa0bb6fcfc2a988437c850d45e3e63,LineGaussRegularization,2026-09-07 13:57:59,
R1,dji9443_20260813_23_73_capped_captess4.msh,8016,backslash,156,0.0430555556,7.24422677,1.16189636,-1,-1,-1,true,cold,0,-1,3,,,,dense LU,17,0.65,6,36,468,true,multi,64,64,0.0891095125,0.000119287034,0.037772736,0.0562735893,0.065401082,,,,false,0.353681619,6.89054515,11673,-0.057699273,e818c6384e9722b8ea6a04ecc13483e9331c522f,0ce3ba605bfa0bb6fcfc2a988437c850d45e3e63,LineGaussRegularization,2026-09-07 13:57:59,
R1,dji9443_20260813_23_73_capped_captess4.msh,8016,backslash,157,0.0433333333,7.47105277,1.58717798,-1,-1,-1,true,cold,0,-1,3,,,,dense LU,17,0.65,6,36,468,true,multi,64,64,0.0891095126,0.000119287193,0.0377727362,0.0562735893,0.0654010821,,,,false,0.284123335,7.18692943,11618,-0.0576610395,e818c6384e9722b8ea6a04ecc13483e9331c522f,0ce3ba605bfa0bb6fcfc2a988437c850d45e3e63,LineGaussRegularization,2026-09-07 13:57:59,
R1,dji9443_20260813_23_73_capped_captess4.msh,8016,backslash,158,0.0436111111,6.97593786,1.69920345,-1,-1,-1,true,cold,0,-1,3,,,,dense LU,17,0.65,6,36,468,true,multi,64,64,0.0891095125,0.00011928688,0.0377727362,0.0562735887,0.0654010822,,,,false,0.439314192,6.53662367,11592,-0.0576121145,e818c6384e9722b8ea6a04ecc13483e9331c522f,0ce3ba605bfa0bb6fcfc2a988437c850d45e3e63,LineGaussRegularization,2026-09-07 13:57:59,
R1,dji9443_20260813_23_73_capped_captess4.msh,8016,backslash,159,0.0438888889,6.45388487,0.688596416,-1,-1,-1,true,cold,0,-1,3,,,,dense LU,17,0.65,6,36,468,true,multi,64,64,0.0891095126,0.000119286958,0.0377727362,0.0562735878,0.0654010819,,,,false,0.358957292,6.09492757,11574,-0.0575514633,e818c6384e9722b8ea6a04ecc13483e9331c522f,0ce3ba605bfa0bb6fcfc2a988437c850d45e3e63,LineGaussRegularization,2026-09-07 13:57:59,
R1,dji9443_20260813_23_73_capped_captess4.msh,8016,backslash,160,0.0441666667,6.5319299,0.849885238,-1,-1,-1,true,cold,0,-1,3,,,,dense LU,17,0.65,6,36,468,true,multi,64,64,0.0891095125,0.000119286997,0.037772736,0.0562735881,0.0654010821,,,,false,0.266409623,6.26552027,11533,-0.0574815739,e818c6384e9722b8ea6a04ecc13483e9331c522f,0ce3ba605bfa0bb6fcfc2a988437c850d45e3e63,LineGaussRegularization,2026-09-07 13:57:59,
R1,dji9443_20260813_23_73_capped_captess4.msh,8016,backslash,161,0.0444444444,5.78524179,0.779189607,-1,-1,-1,true,cold,0,-1,3,,,,dense LU,17,0.65,6,36,468,true,multi,64,64,0.0891095127,0.000119286936,0.0377727362,0.0562735885,0.065401082,,,,false,0.256926617,5.52831517,11480,-0.0574033456,e818c6384e9722b8ea6a04ecc13483e9331c522f,0ce3ba605bfa0bb6fcfc2a988437c850d45e3e63,LineGaussRegularization,2026-09-07 13:57:59,
R1,dji9443_20260813_23_73_capped_captess4.msh,8016,backslash,162,0.0447222222,6.66144838,0.912141067,-1,-1,-1,true,cold,0,-1,3,,,,dense LU,17,0.65,6,36,468,true,multi,64,64,0.0891095125,0.000119286948,0.0377727361,0.056273588,0.0654010821,,,,false,0.257742433,6.40370594,11408,-0.0573220967,e818c6384e9722b8ea6a04ecc13483e9331c522f,0ce3ba605bfa0bb6fcfc2a988437c850d45e3e63,LineGaussRegularization,2026-09-07 13:57:59,
R1,dji9443_20260813_23_73_capped_captess4.msh,8016,backslash,163,0.045,7.15633433,0.793252822,-1,-1,-1,true,cold,0,-1,3,,,,dense LU,17,0.65,6,36,468,true,multi,64,64,0.0891095126,0.000119286956,0.0377727353,0.0562735879,0.0654010821,,,,false,0.240967276,6.91536705,11356,-0.0572464813,e818c6384e9722b8ea6a04ecc13483e9331c522f,0ce3ba605bfa0bb6fcfc2a988437c850d45e3e63,LineGaussRegularization,2026-09-07 13:57:59,
R1,dji9443_20260813_23_73_capped_captess4.msh,8016,backslash,164,0.0452777778,6.65214674,0.987701462,-1,-1,-1,true,cold,0,-1,3,,,,dense LU,17,0.65,6,36,468,true,multi,64,64,0.0891095126,0.000119287039,0.0377727363,0.0562735893,0.0654010821,,,,false,0.261860061,6.39028668,11274,-0.0571787407,e818c6384e9722b8ea6a04ecc13483e9331c522f,0ce3ba605bfa0bb6fcfc2a988437c850d45e3e63,LineGaussRegularization,2026-09-07 13:57:59,
R1,dji9443_20260813_23_73_capped_captess4.msh,8016,backslash,165,0.0455555556,6.38992854,0.719850237,-1,-1,-1,true,cold,0,-1,3,,,,dense LU,17,0.65,6,36,468,true,multi,64,64,0.0891095125,0.000119287034,0.037772736,0.0562735893,0.065401082,,,,false,0.255171605,6.13475693,11213,-0.0571251861,e818c6384e9722b8ea6a04ecc13483e9331c522f,0ce3ba605bfa0bb6fcfc2a988437c850d45e3e63,LineGaussRegularization,2026-09-07 13:57:59,
R1,dji9443_20260813_23_73_capped_captess4.msh,8016,backslash,166,0.0458333333,6.42865569,0.794058858,-1,-1,-1,true,cold,0,-1,3,,,,dense LU,17,0.65,6,36,468,true,multi,64,64,0.0891095126,0.000119287192,0.0377727362,0.0562735893,0.0654010821,,,,false,0.264237886,6.16441781,11171,-0.0570832422,e818c6384e9722b8ea6a04ecc13483e9331c522f,0ce3ba605bfa0bb6fcfc2a988437c850d45e3e63,LineGaussRegularization,2026-09-07 13:57:59,
R1,dji9443_20260813_23_73_capped_captess4.msh,8016,backslash,167,0.0461111111,5.94058168,0.792351776,-1,-1,-1,true,cold,0,-1,3,,,,dense LU,17,0.65,6,36,468,true,multi,64,64,0.0891095125,0.00011928688,0.0377727362,0.0562735887,0.0654010822,,,,false,0.275556715,5.66502496,11120,-0.0570518779,e818c6384e9722b8ea6a04ecc13483e9331c522f,0ce3ba605bfa0bb6fcfc2a988437c850d45e3e63,LineGaussRegularization,2026-09-07 13:57:59,
R1,dji9443_20260813_23_73_capped_captess4.msh,8016,backslash,168,0.0463888889,6.41603308,0.690532389,-1,-1,-1,true,cold,0,-1,3,,,,dense LU,17,0.65,6,36,468,true,multi,64,64,0.0891095126,0.000119286958,0.0377727362,0.0562735878,0.0654010819,,,,false,0.269470703,6.14656238,11072,-0.0570336632,e818c6384e9722b8ea6a04ecc13483e9331c522f,0ce3ba605bfa0bb6fcfc2a988437c850d45e3e63,LineGaussRegularization,2026-09-07 13:57:59,
R1,dji9443_20260813_23_73_capped_captess4.msh,8016,backslash,169,0.0466666667,6.08428426,0.717004552,-1,-1,-1,true,cold,0,-1,3,,,,dense LU,17,0.65,6,36,468,true,multi,64,64,0.0891095125,0.000119286997,0.037772736,0.0562735881,0.0654010821,,,,false,0.354499063,5.72978519,11000,-0.0570260128,e818c6384e9722b8ea6a04ecc13483e9331c522f,0ce3ba605bfa0bb6fcfc2a988437c850d45e3e63,LineGaussRegularization,2026-09-07 13:57:59,
R1,dji9443_20260813_23_73_capped_captess4.msh,8016,backslash,170,0.0469444444,5.72833382,0.78011023,-1,-1,-1,true,cold,0,-1,3,,,,dense LU,17,0.65,6,36,468,true,multi,64,64,0.0891095127,0.000119286936,0.0377727362,0.0562735885,0.065401082,,,,false,0.266752999,5.46158082,10911,-0.0570170603,e818c6384e9722b8ea6a04ecc13483e9331c522f,0ce3ba605bfa0bb6fcfc2a988437c850d45e3e63,LineGaussRegularization,2026-09-07 13:57:59,
R1,dji9443_20260813_23_73_capped_captess4.msh,8016,backslash,171,0.0472222222,6.62524732,0.909624301,-1,-1,-1,true,cold,0,-1,3,,,,dense LU,17,0.65,6,36,468,true,multi,64,64,0.0891095125,0.000119286947,0.0377727361,0.0562735881,0.0654010821,,,,false,0.260963975,6.36428334,10847,-0.0570053885,e818c6384e9722b8ea6a04ecc13483e9331c522f,0ce3ba605bfa0bb6fcfc2a988437c850d45e3e63,LineGaussRegularization,2026-09-07 13:57:59,
R1,dji9443_20260813_23_73_capped_captess4.msh,8016,backslash,172,0.0475,6.78813858,0.788124681,-1,-1,-1,true,cold,0,-1,3,,,,dense LU,17,0.65,6,36,468,true,multi,64,64,0.0891095126,0.000119286956,0.0377727353,0.0562735879,0.0654010821,,,,false,0.332942118,6.45519647,10772,-0.0569831423,e818c6384e9722b8ea6a04ecc13483e9331c522f,0ce3ba605bfa0bb6fcfc2a988437c850d45e3e63,LineGaussRegularization,2026-09-07 13:57:59,
R1,dji9443_20260813_23_73_capped_captess4.msh,8016,backslash,173,0.0477777778,6.47031239,1.12566374,-1,-1,-1,true,cold,0,-1,3,,,,dense LU,17,0.65,6,36,468,true,multi,64,64,0.0891095126,0.000119287038,0.0377727363,0.0562735893,0.0654010821,,,,false,0.268229527,6.20208286,10730,-0.0569545118,e818c6384e9722b8ea6a04ecc13483e9331c522f,0ce3ba605bfa0bb6fcfc2a988437c850d45e3e63,LineGaussRegularization,2026-09-07 13:57:59,
R1,dji9443_20260813_23_73_capped_captess4.msh,8016,backslash,174,0.0480555556,6.43250252,0.700566089,-1,-1,-1,true,cold,0,-1,3,,,,dense LU,17,0.65,6,36,468,true,multi,64,64,0.0891095125,0.000119287034,0.037772736,0.0562735893,0.065401082,,,,false,0.343870363,6.08863216,10659,-0.0569146729,e818c6384e9722b8ea6a04ecc13483e9331c522f,0ce3ba605bfa0bb6fcfc2a988437c850d45e3e63,LineGaussRegularization,2026-09-07 13:57:59,
R1,dji9443_20260813_23_73_capped_captess4.msh,8016,backslash,175,0.0483333333,6.11497489,0.828768272,-1,-1,-1,true,cold,0,-1,3,,,,dense LU,17,0.65,6,36,468,true,multi,64,64,0.0891095126,0.000119287192,0.0377727362,0.0562735892,0.0654010821,,,,false,0.35696862,5.75800627,10623,-0.0568600499,e818c6384e9722b8ea6a04ecc13483e9331c522f,0ce3ba605bfa0bb6fcfc2a988437c850d45e3e63,LineGaussRegularization,2026-09-07 13:57:59,
R1,dji9443_20260813_23_73_capped_captess4.msh,8016,backslash,176,0.0486111111,5.62897624,0.671852227,-1,-1,-1,true,cold,0,-1,3,,,,dense LU,17,0.65,6,36,468,true,multi,64,64,0.0891095125,0.00011928688,0.0377727362,0.0562735887,0.0654010822,,,,false,0.353008378,5.27596786,10588,-0.0567936708,e818c6384e9722b8ea6a04ecc13483e9331c522f,0ce3ba605bfa0bb6fcfc2a988437c850d45e3e63,LineGaussRegularization,2026-09-07 13:57:59,
R1,dji9443_20260813_23_73_capped_captess4.msh,8016,backslash,177,0.0488888889,6.23744678,0.677211416,-1,-1,-1,true,cold,0,-1,3,,,,dense LU,17,0.65,6,36,468,true,multi,64,64,0.0891095126,0.000119286958,0.0377727362,0.0562735878,0.0654010819,,,,false,0.26955141,5.96789537,10573,-0.0567172919,e818c6384e9722b8ea6a04ecc13483e9331c522f,0ce3ba605bfa0bb6fcfc2a988437c850d45e3e63,LineGaussRegularization,2026-09-07 13:57:59,
R1,dji9443_20260813_23_73_capped_captess4.msh,8016,backslash,178,0.0491666667,6.30795789,0.839983866,-1,-1,-1,true,cold,0,-1,3,,,,dense LU,17,0.65,6,36,468,true,multi,64,64,0.0891095125,0.000119286996,0.037772736,0.0562735881,0.0654010821,,,,false,0.270998482,6.0369594,10562,-0.0566419964,e818c6384e9722b8ea6a04ecc13483e9331c522f,0ce3ba605bfa0bb6fcfc2a988437c850d45e3e63,LineGaussRegularization,2026-09-07 13:57:59,
R1,dji9443_20260813_23_73_capped_captess4.msh,8016,backslash,179,0.0494444444,5.37773536,0.766994669,-1,-1,-1,true,cold,0,-1,3,,,,dense LU,17,0.65,6,36,468,true,multi,64,64,0.0891095127,0.000119286935,0.0377727362,0.0562735885,0.065401082,,,,false,0.263342448,5.11439291,10561,-0.0565659377,e818c6384e9722b8ea6a04ecc13483e9331c522f,0ce3ba605bfa0bb6fcfc2a988437c850d45e3e63,LineGaussRegularization,2026-09-07 13:57:59,
R1,dji9443_20260813_23_73_capped_captess4.msh,8016,backslash,180,0.0497222222,6.64880103,0.905500823,-1,-1,-1,true,cold,0,-1,3,,,,dense LU,17,0.65,6,36,468,true,multi,64,64,0.0891095125,0.000119286947,0.0377727361,0.0562735881,0.0654010821,,,,false,0.265184113,6.38361692,10577,-0.0564970202,e818c6384e9722b8ea6a04ecc13483e9331c522f,0ce3ba605bfa0bb6fcfc2a988437c850d45e3e63,LineGaussRegularization,2026-09-07 13:57:59,
R1,dji9443_20260813_23_73_capped_captess4.msh,8016,backslash,181,0.05,6.96794706,0.884190548,-1,-1,-1,true,cold,0,-1,3,,,,dense LU,17,0.65,6,36,468,true,multi,64,64,0.0891095126,0.000119286955,0.0377727353,0.0562735879,0.0654010821,,,,false,0.249329103,6.71861796,10591,-0.0564323372,e818c6384e9722b8ea6a04ecc13483e9331c522f,0ce3ba605bfa0bb6fcfc2a988437c850d45e3e63,LineGaussRegularization,2026-09-07 13:57:59,
R1,dji9443_20260813_23_73_capped_captess4.msh,8016,backslash,182,0.0502777778,5.87642619,0.985952319,-1,-1,-1,true,cold,0,-1,3,,,,dense LU,17,0.65,6,36,468,true,multi,64,64,0.0890966803,0.000119269859,0.0377672968,0.0562654855,0.0653916639,,,,false,0.272590578,5.60383561,10617,-0.0563638711,e818c6384e9722b8ea6a04ecc13483e9331c522f,0ce3ba605bfa0bb6fcfc2a988437c850d45e3e63,LineGaussRegularization,2026-09-07 13:57:59,
R1,dji9443_20260813_23_73_capped_captess4.msh,8016,backslash,183,0.0505555556,6.4396642,0.805152532,-1,-1,-1,true,cold,0,-1,3,,,,dense LU,17,0.65,6,36,468,true,multi,64,64,0.089058422,0.000119218641,0.0377510792,0.0562413251,0.0653635846,,,,false,0.263579243,6.17608495,10656,-0.0562784736,e818c6384e9722b8ea6a04ecc13483e9331c522f,0ce3ba605bfa0bb6fcfc2a988437c850d45e3e63,LineGaussRegularization,2026-09-07 13:57:59,
R1,dji9443_20260813_23_73_capped_captess4.msh,8016,backslash,184,0.0508333333,6.410517,0.800906133,-1,-1,-1,true,cold,0,-1,3,,,,dense LU,17,0.65,6,36,468,true,multi,64,64,0.088995096,0.000119134027,0.0377242361,0.056201334,0.0653171072,,,,false,0.356501754,6.05401524,10687,-0.0561638171,e818c6384e9722b8ea6a04ecc13483e9331c522f,0ce3ba605bfa0bb6fcfc2a988437c850d45e3e63,LineGaussRegularization,2026-09-07 13:57:59,
R1,dji9443_20260813_23_73_capped_captess4.msh,8016,backslash,185,0.0511111111,5.90319424,0.790821269,-1,-1,-1,true,cold,0,-1,3,,,,dense LU,17,0.65,6,36,468,true,multi,64,64,0.0889070604,0.000119015866,0.0376869185,0.056145738,0.0652524944,,,,false,0.365563132,5.53763111,10736,-0.0560123022,e818c6384e9722b8ea6a04ecc13483e9331c522f,0ce3ba605bfa0bb6fcfc2a988437c850d45e3e63,LineGaussRegularization,2026-09-07 13:57:59,
R1,dji9443_20260813_23_73_capped_captess4.msh,8016,backslash,186,0.0513888889,6.6818155,0.683978076,-1,-1,-1,true,cold,0,-1,3,,,,dense LU,17,0.65,6,36,468,true,multi,64,64,0.0887946732,0.000118865497,0.0376392785,0.0560747635,0.0651700085,,,,false,0.368613011,6.31320249,10792,-0.0558173091,e818c6384e9722b8ea6a04ecc13483e9331c522f,0ce3ba605bfa0bb6fcfc2a988437c850d45e3e63,LineGaussRegularization,2026-09-07 13:57:59,
R1,dji9443_20260813_23_73_capped_captess4.msh,8016,backslash,187,0.0516666667,5.99666218,0.714689974,-1,-1,-1,true,cold,0,-1,3,,,,dense LU,17,0.65,6,36,468,true,multi,64,64,0.0886582925,0.000118682967,0.0375814678,0.055988638,0.0650699134,,,,false,0.441767242,5.55489494,10845,-0.0555766907,e818c6384e9722b8ea6a04ecc13483e9331c522f,0ce3ba605bfa0bb6fcfc2a988437c850d45e3e63,LineGaussRegularization,2026-09-07 13:57:59,
R1,dji9443_20260813_23_73_capped_captess4.msh,8016,backslash,188,0.0519444444,6.00095181,0.657431548,-1,-1,-1,true,cold,0,-1,3,,,,dense LU,17,0.65,6,36,468,true,multi,64,64,0.0884982766,0.0001184687,0.0375136386,0.0558875866,0.0649524711,,,,false,0.263057398,5.73789441,10906,-0.0552854889,e818c6384e9722b8ea6a04ecc13483e9331c522f,0ce3ba605bfa0bb6fcfc2a988437c850d45e3e63,LineGaussRegularization,2026-09-07 13:57:59,
R1,dji9443_20260813_23_73_capped_captess4.msh,8016,backslash,189,0.0522222222,6.94294224,0.909829511,-1,-1,-1,true,cold,0,-1,3,,,,dense LU,17,0.65,6,36,468,true,multi,64,64,0.0883149833,0.000118223345,0.0374359421,0.0557718346,0.0648179449,,,,false,0.270017836,6.6729244,10958,-0.0549423059,e818c6384e9722b8ea6a04ecc13483e9331c522f,0ce3ba605bfa0bb6fcfc2a988437c850d45e3e63,LineGaussRegularization,2026-09-07 13:57:59,
R1,dji9443_20260813_23_73_capped_captess4.msh,8016,backslash,190,0.0525,7.12143725,0.781598917,-1,-1,-1,true,cold,0,-1,3,,,,dense LU,17,0.65,6,36,468,true,multi,64,64,0.088108771,0.000117947306,0.0373485298,0.0556416091,0.0646665973,,,,false,0.252256426,6.86918082,11022,-0.0545492732,e818c6384e9722b8ea6a04ecc13483e9331c522f,0ce3ba605bfa0bb6fcfc2a988437c850d45e3e63,LineGaussRegularization,2026-09-07 13:57:59,
R1,dji9443_20260813_23_73_capped_captess4.msh,8016,backslash,191,0.0527777778,6.25148649,1.02987273,-1,-1,-1,true,cold,0,-1,3,,,,dense LU,17,0.65,6,36,468,true,multi,64,64,0.0878799977,0.000117641137,0.0372515558,0.0554971377,0.0644986913,,,,false,0.361186505,5.89029999,11086,-0.0540966478,e818c6384e9722b8ea6a04ecc13483e9331c522f,0ce3ba605bfa0bb6fcfc2a988437c850d45e3e63,LineGaussRegularization,2026-09-07 13:57:59,
R1,dji9443_20260813_23_73_capped_captess4.msh,8016,backslash,192,0.0530555556,6.70486678,0.6847239,-1,-1,-1,true,cold,0,-1,3,,,,dense LU,17,0.65,6,36,468,true,multi,64,64,0.0876290214,0.000117305164,0.0371451689,0.0553386436,0.0643144896,,,,false,0.357643228,6.34722355,11151,-0.0535960623,e818c6384e9722b8ea6a04ecc13483e9331c522f,0ce3ba605bfa0bb6fcfc2a988437c850d45e3e63,LineGaussRegularization,2026-09-07 13:57:59,
R1,dji9443_20260813_23_73_capped_captess4.msh,8016,backslash,193,0.0533333333,6.49253211,0.830026677,-1,-1,-1,true,cold,0,-1,3,,,,dense LU,17,0.65,6,36,468,true,multi,64,64,0.0873562004,0.000116940108,0.0370295227,0.0551663543,0.0641142552,,,,false,0.381870002,6.1106621,11221,-0.053049023,e818c6384e9722b8ea6a04ecc13483e9331c522f,0ce3ba605bfa0bb6fcfc2a988437c850d45e3e63,LineGaussRegularization,2026-09-07 13:57:59,
R1,dji9443_20260813_23_73_capped_captess4.msh,8016,backslash,194,0.0536111111,5.8105692,0.769459807,-1,-1,-1,true,cold,0,-1,3,,,,dense LU,17,0.65,6,36,468,true,multi,64,64,0.0870618927,0.000116545823,0.0369047682,0.0549804953,0.063898251,,,,false,0.279251178,5.53131802,11294,-0.0524481838,e818c6384e9722b8ea6a04ecc13483e9331c522f,0ce3ba605bfa0bb6fcfc2a988437c850d45e3e63,LineGaussRegularization,2026-09-07 13:57:59,
R1,dji9443_20260813_23_73_capped_captess4.msh,8016,backslash,195,0.0538888889,6.91626401,0.67993506,-1,-1,-1,true,cold,0,-1,3,,,,dense LU,17,0.65,6,36,468,true,multi,64,64,0.0867464565,0.000116123641,0.0367710575,0.0547812933,0.0636667393,,,,false,0.277812853,6.63845116,11365,-0.0517984721,e818c6384e9722b8ea6a04ecc13483e9331c522f,0ce3ba605bfa0bb6fcfc2a988437c850d45e3e63,LineGaussRegularization,2026-09-07 13:57:59,
R1,dji9443_20260813_23_73_capped_captess4.msh,8016,backslash,196,0.0541666667,5.99188254,0.744824545,-1,-1,-1,true,cold,0,-1,3,,,,dense LU,17,0.65,6,36,468,true,multi,64,64,0.0864102498,0.00011567361,0.0366285424,0.0545689755,0.0634199838,,,,false,0.262087614,5.72979493,11437,-0.0511032629,e818c6384e9722b8ea6a04ecc13483e9331c522f,0ce3ba605bfa0bb6fcfc2a988437c850d45e3e63,LineGaussRegularization,2026-09-07 13:57:59,
R1,dji9443_20260813_23_73_capped_captess4.msh,8016,backslash,197,0.0544444444,5.84944564,0.763618376,-1,-1,-1,true,cold,0,-1,3,,,,dense LU,17,0.65,6,36,468,true,multi,64,64,0.0860536309,0.000115196156,0.0364773749,0.0543437672,0.0631582466,,,,false,0.345061532,5.50438411,11510,-0.0503650779,e818c6384e9722b8ea6a04ecc13483e9331c522f,0ce3ba605bfa0bb6fcfc2a988437c850d45e3e63,LineGaussRegularization,2026-09-07 13:57:59,
R1,dji9443_20260813_23_73_capped_captess4.msh,8016,backslash,198,0.0547222222,7.2468317,0.901843662,-1,-1,-1,true,cold,0,-1,3,,,,dense LU,17,0.65,6,36,468,true,multi,64,64,0.0856769575,0.000114691934,0.0363177063,0.0541058938,0.0628817909,,,,false,0.344383737,6.90244797,11581,-0.0495813166,e818c6384e9722b8ea6a04ecc13483e9331c522f,0ce3ba605bfa0bb6fcfc2a988437c850d45e3e63,LineGaussRegularization,2026-09-07 13:57:59,
R1,dji9443_20260813_23_73_capped_captess4.msh,8016,backslash,199,0.055,7.60340816,0.78607976,-1,-1,-1,true,cold,0,-1,3,,,,dense LU,17,0.65,6,36,468,true,multi,64,64,0.0852805882,0.000114161341,0.036149688,0.0538555822,0.0625908794,,,,false,0.333079358,7.2703288,11650,-0.0487620915,e818c6384e9722b8ea6a04ecc13483e9331c522f,0ce3ba605bfa0bb6fcfc2a988437c850d45e3e63,LineGaussRegularization,2026-09-07 13:57:59,
R1,dji9443_20260813_23_73_capped_captess4.msh,8016,backslash,200,0.0552777778,6.24451228,0.982444417,-1,-1,-1,true,cold,0,-1,3,,,,dense LU,17,0.65,6,36,468,true,multi,64,64,0.0848648809,0.000113604926,0.0359734744,0.0535930599,0.0622857749,,,,false,0.270710284,5.973802,11719,-0.0479086547,e818c6384e9722b8ea6a04ecc13483e9331c522f,0ce3ba605bfa0bb6fcfc2a988437c850d45e3e63,LineGaussRegularization,2026-09-07 13:57:59,
R1,dji9443_20260813_23_73_capped_captess4.msh,8016,backslash,201,0.0555555556,7.25806103,0.707578164,-1,-1,-1,true,cold,0,-1,3,,,,dense LU,17,0.65,6,36,468,true,multi,64,64,0.0844301936,0.000113023033,0.035789214,0.0533185503,0.0619667402,,,,false,0.257096461,7.00096457,11788,-0.0470216068,e818c6384e9722b8ea6a04ecc13483e9331c522f,0ce3ba605bfa0bb6fcfc2a988437c850d45e3e63,LineGaussRegularization,2026-09-07 13:57:59,
R1,dji9443_20260813_23_73_capped_captess4.msh,8016,backslash,202,0.0558333333,7.18989728,0.792786918,-1,-1,-1,true,cold,0,-1,3,,,,dense LU,17,0.65,6,36,468,true,multi,64,64,0.0839768846,0.000112416362,0.0355970605,0.0530322809,0.0616340384,,,,false,0.265200859,6.92469642,11854,-0.0461053734,e818c6384e9722b8ea6a04ecc13483e9331c522f,0ce3ba605bfa0bb6fcfc2a988437c850d45e3e63,LineGaussRegularization,2026-09-07 13:57:59,
R1,dji9443_20260813_23_73_capped_captess4.msh,8016,backslash,203,0.0561111111,6.60581528,0.788499672,-1,-1,-1,true,cold,0,-1,3,,,,dense LU,17,0.65,6,36,468,true,multi,64,64,0.0835053119,0.000111784787,0.035397165,0.0527344773,0.0612879322,,,,false,0.27786199,6.32795329,11927,-0.0451553051,e818c6384e9722b8ea6a04ecc13483e9331c522f,0ce3ba605bfa0bb6fcfc2a988437c850d45e3e63,LineGaussRegularization,2026-09-07 13:57:59,
R1,dji9443_20260813_23_73_capped_captess4.msh,8016,backslash,204,0.0563888889,7.42878829,0.68531133,-1,-1,-1,true,cold,0,-1,3,,,,dense LU,17,0.65,6,36,468,true,multi,64,64,0.0830158336,0.000111129622,0.0351896794,0.052425366,0.0609286841,,,,false,0.27957869,7.1492096,11994,-0.0441759235,e818c6384e9722b8ea6a04ecc13483e9331c522f,0ce3ba605bfa0bb6fcfc2a988437c850d45e3e63,LineGaussRegularization,2026-09-07 13:57:59,
R1,dji9443_20260813_23_73_capped_captess4.msh,8016,backslash,205,0.0566666667,6.52327022,0.715030164,-1,-1,-1,true,cold,0,-1,3,,,,dense LU,17,0.65,6,36,468,true,multi,64,64,0.0825088079,0.000110450919,0.0349747556,0.0521051742,0.0605565575,,,,false,0.375315683,6.14795454,12063,-0.0431651707,e818c6384e9722b8ea6a04ecc13483e9331c522f,0ce3ba605bfa0bb6fcfc2a988437c850d45e3e63,LineGaussRegularization,2026-09-07 13:57:59,
R1,dji9443_20260813_23_73_capped_captess4.msh,8016,backslash,206,0.0569444444,6.55589303,0.660225111,-1,-1,-1,true,cold,0,-1,3,,,,dense LU,17,0.65,6,36,468,true,multi,64,64,0.081984593,0.000109749109,0.0347525456,0.0517741273,0.0601718148,,,,false,0.263632057,6.29226097,12132,-0.0421248572,e818c6384e9722b8ea6a04ecc13483e9331c522f,0ce3ba605bfa0bb6fcfc2a988437c850d45e3e63,LineGaussRegularization,2026-09-07 13:57:59,
R1,dji9443_20260813_23_73_capped_captess4.msh,8016,backslash,207,0.0572222222,7.73016967,0.90516466,-1,-1,-1,true,cold,0,-1,3,,,,dense LU,17,0.65,6,36,468,true,multi,64,64,0.0814435466,0.000109024849,0.0345232007,0.0514324507,0.0597747191,,,,false,0.266890227,7.46327945,12202,-0.0410487475,e818c6384e9722b8ea6a04ecc13483e9331c522f,0ce3ba605bfa0bb6fcfc2a988437c850d45e3e63,LineGaussRegularization,2026-09-07 13:57:59,
R1,dji9443_20260813_23_73_capped_captess4.msh,8016,backslash,208,0.0575,8.17695038,0.785993197,-1,-1,-1,true,cold,0,-1,3,,,,dense LU,17,0.65,6,36,468,true,multi,64,64,0.0808860273,0.000108278533,0.0342868724,0.0510803712,0.059365533,,,,false,0.258439778,7.9185106,12272,-0.0399384775,e818c6384e9722b8ea6a04ecc13483e9331c522f,0ce3ba605bfa0bb6fcfc2a988437c850d45e3e63,LineGaussRegularization,2026-09-07 13:57:59,
R1,dji9443_20260813_23_73_capped_captess4.msh,8016,backslash,209,0.0577777778,6.91331888,1.03749223,-1,-1,-1,true,cold,0,-1,3,,,,dense LU,17,0.65,6,36,468,true,multi,64,64,0.0803123929,0.000107510701,0.0340437149,0.0507181162,0.0589445195,,,,false,0.278498537,6.63482034,12343,-0.0387879332,e818c6384e9722b8ea6a04ecc13483e9331c522f,0ce3ba605bfa0bb6fcfc2a988437c850d45e3e63,LineGaussRegularization,2026-09-07 13:57:59,
R1,dji9443_20260813_23_73_capped_captess4.msh,8016,backslash,210,0.0580555556,7.73451283,0.68932177,-1,-1,-1,true,cold,0,-1,3,,,,dense LU,17,0.65,6,36,468,true,multi,64,64,0.0797230016,0.00010672172,0.0337938769,0.0503459093,0.0585119413,,,,false,0.294943588,7.43956924,12399,-0.037602532,e818c6384e9722b8ea6a04ecc13483e9331c522f,0ce3ba605bfa0bb6fcfc2a988437c850d45e3e63,LineGaussRegularization,2026-09-07 13:57:59,
R1,dji9443_20260813_23_73_capped_captess4.msh,8016,backslash,211,0.0583333333,7.34666038,0.82944227,-1,-1,-1,true,cold,0,-1,3,,,,dense LU,17,0.65,6,36,468,true,multi,64,64,0.0791182116,0.000105912264,0.0335375119,0.0499639781,0.0580680614,,,,false,0.272852678,7.0738077,12441,-0.0363820598,e818c6384e9722b8ea6a04ecc13483e9331c522f,0ce3ba605bfa0bb6fcfc2a988437c850d45e3e63,LineGaussRegularization,2026-09-07 13:57:59,
R1,dji9443_20260813_23_73_capped_captess4.msh,8016,backslash,212,0.0586111111,6.51956938,0.672446822,-1,-1,-1,true,cold,0,-1,3,,,,dense LU,17,0.65,6,36,468,true,multi,64,64,0.0784983809,0.000105082232,0.0332747712,0.0495725481,0.0576131427,,,,false,0.276068388,6.243501,12473,-0.0351249869,e818c6384e9722b8ea6a04ecc13483e9331c522f,0ce3ba605bfa0bb6fcfc2a988437c850d45e3e63,LineGaussRegularization,2026-09-07 13:57:59,
R1,dji9443_20260813_23_73_capped_captess4.msh,8016,backslash,213,0.0588888889,8.00876924,0.677030186,-1,-1,-1,true,cold,0,-1,3,,,,dense LU,17,0.65,6,36,468,true,multi,64,64,0.0778638676,0.000104232915,0.0330058065,0.0491718458,0.0571474475,,,,false,0.279312181,7.72945706,12520,-0.0338333406,e818c6384e9722b8ea6a04ecc13483e9331c522f,0ce3ba605bfa0bb6fcfc2a988437c850d45e3e63,LineGaussRegularization,2026-09-07 13:57:59,
R1,dji9443_20260813_23_73_capped_captess4.msh,8016,backslash,214,0.0591666667,6.82451269,0.744294885,-1,-1,-1,true,cold,0,-1,3,,,,dense LU,17,0.65,6,36,468,true,multi,64,64,0.0772150299,0.000103364367,0.0327307698,0.0487620981,0.0566712393,,,,false,0.371818268,6.45269442,12572,-0.0325105497,e818c6384e9722b8ea6a04ecc13483e9331c522f,0ce3ba605bfa0bb6fcfc2a988437c850d45e3e63,LineGaussRegularization,2026-09-07 13:57:59,
R1,dji9443_20260813_23_73_capped_captess4.msh,8016,backslash,215,0.0594444444,6.56419716,0.761714769,-1,-1,-1,true,cold,0,-1,3,,,,dense LU,17,0.65,6,36,468,true,multi,64,64,0.076552226,0.000102477031,0.0324498131,0.0483435307,0.0561847805,,,,false,0.255607883,6.30858927,12629,-0.0311631504,e818c6384e9722b8ea6a04ecc13483e9331c522f,0ce3ba605bfa0bb6fcfc2a988437c850d45e3e63,LineGaussRegularization,2026-09-07 13:57:59,
R1,dji9443_20260813_23_73_capped_captess4.msh,8016,backslash,216,0.0597222222,8.00596903,0.899316248,-1,-1,-1,true,cold,0,-1,3,,,,dense LU,17,0.65,6,36,468,true,multi,64,64,0.0758758136,0.000101571565,0.0321630878,0.0479163692,0.0556883342,,,,false,0.258261797,7.74770723,12684,-0.029789525,e818c6384e9722b8ea6a04ecc13483e9331c522f,0ce3ba605bfa0bb6fcfc2a988437c850d45e3e63,LineGaussRegularization,2026-09-07 13:57:59,
R1,dji9443_20260813_23_73_capped_captess4.msh,8016,backslash,217,0.06,8.43600114,0.781434419,-1,-1,-1,true,cold,0,-1,3,,,,dense LU,17,0.65,6,36,468,true,multi,64,64,0.0751861512,0.000100648357,0.0318707452,0.04748084,0.055182163,,,,false,0.34555673,8.09044441,12741,-0.0283924227,e818c6384e9722b8ea6a04ecc13483e9331c522f,0ce3ba605bfa0bb6fcfc2a988437c850d45e3e63,LineGaussRegularization,2026-09-07 13:57:59,
R1,dji9443_20260813_23_73_capped_captess4.msh,8016,backslash,218,0.0602777778,6.85851,0.980585506,-1,-1,-1,true,cold,0,-1,3,,,,dense LU,17,0.65,6,36,468,true,multi,64,64,0.0744835969,9.97079359e-05,0.0315729397,0.0470371705,0.0546665299,,,,false,0.261473419,6.59703658,12803,-0.026980719,e818c6384e9722b8ea6a04ecc13483e9331c522f,0ce3ba605bfa0bb6fcfc2a988437c850d45e3e63,LineGaussRegularization,2026-09-07 13:57:59,
R1,dji9443_20260813_23_73_capped_captess4.msh,8016,backslash,219,0.0605555556,8.05780058,0.70622392,-1,-1,-1,true,cold,0,-1,3,,,,dense LU,17,0.65,6,36,468,true,multi,64,64,0.0737685086,9.87507003e-05,0.0312698198,0.0465855845,0.0541416976,,,,false,0.255948274,7.80185231,12868,-0.0255460733,e818c6384e9722b8ea6a04ecc13483e9331c522f,0ce3ba605bfa0bb6fcfc2a988437c850d45e3e63,LineGaussRegularization,2026-09-07 13:57:59,
R1,dji9443_20260813_23_73_capped_captess4.msh,8016,backslash,220,0.0608333333,7.77428954,0.792976164,-1,-1,-1,true,cold,0,-1,3,,,,dense LU,17,0.65,6,36,468,true,multi,64,64,0.0730412445,9.77772874e-05,0.0309615392,0.0461263098,0.0536079291,,,,false,0.259067923,7.51522162,12934,-0.0240957735,e818c6384e9722b8ea6a04ecc13483e9331c522f,0ce3ba605bfa0bb6fcfc2a988437c850d45e3e63,LineGaussRegularization,2026-09-07 13:57:59,
R1,dji9443_20260813_23_73_capped_captess4.msh,8016,backslash,221,0.0611111111,7.09400962,0.788894314,-1,-1,-1,true,cold,0,-1,3,,,,dense LU,17,0.65,6,36,468,true,multi,64,64,0.0723021628,9.67876321e-05,0.030648249,0.0456595716,0.0530654871,,,,false,0.352975909,6.74103371,13003,-0.0226184573,e818c6384e9722b8ea6a04ecc13483e9331c522f,0ce3ba605bfa0bb6fcfc2a988437c850d45e3e63,LineGaussRegularization,2026-09-07 13:57:59,
R1,dji9443_20260813_23_73_capped_captess4.msh,8016,backslash,222,0.0613888889,7.57222251,0.687778828,-1,-1,-1,true,cold,0,-1,3,,,,dense LU,17,0.65,6,36,468,true,multi,64,64,0.0715516215,9.57829923e-05,0.0303301011,0.0451855966,0.0525146343,,,,false,0.273442547,7.29877996,13074,-0.0211212266,e818c6384e9722b8ea6a04ecc13483e9331c522f,0ce3ba605bfa0bb6fcfc2a988437c850d45e3e63,LineGaussRegularization,2026-09-07 13:57:59,
R1,dji9443_20260813_23_73_capped_captess4.msh,8016,backslash,223,0.0616666667,6.94066855,0.716151097,-1,-1,-1,true,cold,0,-1,3,,,,dense LU,17,0.65,6,36,468,true,multi,64,64,0.0707899788,9.47634291e-05,0.0300072474,0.0447046112,0.0519556339,,,,false,0.266817674,6.67385087,13144,-0.0196001319,e818c6384e9722b8ea6a04ecc13483e9331c522f,0ce3ba605bfa0bb6fcfc2a988437c850d45e3e63,LineGaussRegularization,2026-09-07 13:57:59,
R1,dji9443_20260813_23_73_capped_captess4.msh,8016,backslash,224,0.0619444444,7.01112829,0.746988012,-1,-1,-1,true,cold,0,-1,3,,,,dense LU,17,0.65,6,36,468,true,multi,64,64,0.0700175929,9.37293961e-05,0.0296798398,0.0442168416,0.0513887484,,,,false,0.259711954,6.75141634,13216,-0.0180561051,e818c6384e9722b8ea6a04ecc13483e9331c522f,0ce3ba605bfa0bb6fcfc2a988437c850d45e3e63,LineGaussRegularization,2026-09-07 13:57:59,
R1,dji9443_20260813_23_73_capped_captess4.msh,8016,backslash,225,0.0622222222,8.58428845,0.900431266,-1,-1,-1,true,cold,0,-1,3,,,,dense LU,17,0.65,6,36,468,true,multi,64,64,0.0692348214,9.2681555e-05,0.0293480299,0.0437225134,0.0508142409,,,,false,0.265789168,8.31849928,13291,-0.0164883722,e818c6384e9722b8ea6a04ecc13483e9331c522f,0ce3ba605bfa0bb6fcfc2a988437c850d45e3e63,LineGaussRegularization,2026-09-07 13:57:59,
R1,dji9443_20260813_23_73_capped_captess4.msh,8016,backslash,226,0.0625,8.87067976,0.781776663,-1,-1,-1,true,cold,0,-1,3,,,,dense LU,17,0.65,6,36,468,true,multi,64,64,0.0684420231,9.16202866e-05,0.0290119687,0.0432218527,0.0502323741,,,,false,0.244387614,8.62629214,13365,-0.0148974023,e818c6384e9722b8ea6a04ecc13483e9331c522f,0ce3ba605bfa0bb6fcfc2a988437c850d45e3e63,LineGaussRegularization,2026-09-07 13:57:59,
R1,dji9443_20260813_23_73_capped_captess4.msh,8016,backslash,227,0.0627777778,7.61695538,1.03178411,-1,-1,-1,true,cold,0,-1,3,,,,dense LU,17,0.65,6,36,468,true,multi,64,64,0.0676395557,9.05461047e-05,0.028671811,0.0427150869,0.0496434107,,,,false,0.355270893,7.26168449,13439,-0.0132840891,e818c6384e9722b8ea6a04ecc13483e9331c522f,0ce3ba605bfa0bb6fcfc2a988437c850d45e3e63,LineGaussRegularization,2026-09-07 13:57:59,
R1,dji9443_20260813_23_73_capped_captess4.msh,8016,backslash,228,0.0630555556,8.44627397,0.681711666,-1,-1,-1,true,cold,0,-1,3,,,,dense LU,17,0.65,6,36,468,true,multi,64,64,0.0668277774,8.94594462e-05,0.0283277051,0.04220244,0.0490476138,,,,false,0.370552563,8.0757214,13510,-0.0116497699,e818c6384e9722b8ea6a04ecc13483e9331c522f,0ce3ba605bfa0bb6fcfc2a988437c850d45e3e63,LineGaussRegularization,2026-09-07 13:57:59,
R1,dji9443_20260813_23_73_capped_captess4.msh,8016,backslash,229,0.0633333333,8.00577903,0.920116731,-1,-1,-1,true,cold,0,-1,3,,,,dense LU,17,0.65,6,36,468,true,multi,64,64,0.0660070463,8.83609067e-05,0.0279798046,0.04168414,0.048445246,,,,false,0.260649786,7.74512924,13583,-0.00999929762,e818c6384e9722b8ea6a04ecc13483e9331c522f,0ce3ba605bfa0bb6fcfc2a988437c850d45e3e63,LineGaussRegularization,2026-09-07 13:57:59,
R1,dji9443_20260813_23_73_capped_captess4.msh,8016,backslash,230,0.0636111111,6.98549244,0.669210747,-1,-1,-1,true,cold,0,-1,3,,,,dense LU,17,0.65,6,36,468,true,multi,64,64,0.0651777206,8.72504598e-05,0.0276282608,0.0411604118,0.0478365703,,,,false,0.265824512,6.71966793,13656,-0.0083324588,e818c6384e9722b8ea6a04ecc13483e9331c522f,0ce3ba605bfa0bb6fcfc2a988437c850d45e3e63,LineGaussRegularization,2026-09-07 13:57:59,
R1,dji9443_20260813_23_73_capped_captess4.msh,8016,backslash,231,0.0638888889,8.29718311,0.676611851,-1,-1,-1,true,cold,0,-1,3,,,,dense LU,17,0.65,6,36,468,true,multi,64,64,0.0643401583,8.61293279e-05,0.0272732254,0.0406314824,0.0472218493,,,,false,0.355745756,7.94143736,13731,-0.00664671753,e818c6384e9722b8ea6a04ecc13483e9331c522f,0ce3ba605bfa0bb6fcfc2a988437c850d45e3e63,LineGaussRegularization,2026-09-07 13:57:59,
R1,dji9443_20260813_23_73_capped_captess4.msh,8016,backslash,232,0.0641666667,7.33640467,0.831837316,-1,-1,-1,true,cold,0,-1,3,,,,dense LU,17,0.65,6,36,468,true,multi,64,64,0.0634947177,8.49975782e-05,0.0269148506,0.0400975775,0.0466013461,,,,false,0.261202195,7.07520248,13806,-0.00494590396,e818c6384e9722b8ea6a04ecc13483e9331c522f,0ce3ba605bfa0bb6fcfc2a988437c850d45e3e63,LineGaussRegularization,2026-09-07 13:57:59,
R1,dji9443_20260813_23_73_capped_captess4.msh,8016,backslash,233,0.0644444444,7.15026782,0.762088083,-1,-1,-1,true,cold,0,-1,3,,,,dense LU,17,0.65,6,36,468,true,multi,64,64,0.0626417566,8.38556787e-05,0.0265532879,0.0395589239,0.0459753234,,,,false,0.257690849,6.89257697,13881,-0.00322810947,e818c6384e9722b8ea6a04ecc13483e9331c522f,0ce3ba605bfa0bb6fcfc2a988437c850d45e3e63,LineGaussRegularization,2026-09-07 13:57:59,
R1,dji9443_20260813_23_73_capped_captess4.msh,8016,backslash,234,0.0647222222,9.07902127,0.899539578,-1,-1,-1,true,cold,0,-1,3,,,,dense LU,17,0.65,6,36,468,true,multi,64,64,0.0617816332,8.27042934e-05,0.0261886892,0.0390157473,0.0453440441,,,,false,0.260925024,8.81809625,13957,-0.00149813294,e818c6384e9722b8ea6a04ecc13483e9331c522f,0ce3ba605bfa0bb6fcfc2a988437c850d45e3e63,LineGaussRegularization,2026-09-07 13:57:59,
R1,dji9443_20260813_23_73_capped_captess4.msh,8016,backslash,235,0.065,9.50742972,0.779454584,-1,-1,-1,true,cold,0,-1,3,,,,dense LU,17,0.65,6,36,468,true,multi,64,64,0.0609147058,8.15437944e-05,0.0258212053,0.0384682734,0.044707771,,,,false,0.330958563,9.17647116,14035,0.000245151649,e818c6384e9722b8ea6a04ecc13483e9331c522f,0ce3ba605bfa0bb6fcfc2a988437c850d45e3e63,LineGaussRegularization,2026-09-07 13:57:59,
R1,dji9443_20260813_23_73_capped_captess4.msh,8016,backslash,236,0.0652777778,7.49305061,1.08852905,-1,-1,-1,true,cold,0,-1,3,,,,dense LU,17,0.65,6,36,468,true,multi,64,64,0.0600413325,8.03746812e-05,0.0254509913,0.0379167294,0.0440667668,,,,false,0.260209367,7.23284124,14105,0.00199879912,e818c6384e9722b8ea6a04ecc13483e9331c522f,0ce3ba605bfa0bb6fcfc2a988437c850d45e3e63,LineGaussRegularization,2026-09-07 13:57:59,
R1,dji9443_20260813_23_73_capped_captess4.msh,8016,backslash,237,0.0655555556,9.23088837,0.711059209,-1,-1,-1,true,cold,0,-1,3,,,,dense LU,17,0.65,6,36,468,true,multi,64,64,0.0591618712,7.91974318e-05,0.0250781951,0.0373613399,0.0434212946,,,,false,0.256581412,8.97430696,14184,0.00376343475,e818c6384e9722b8ea6a04ecc13483e9331c522f,0ce3ba605bfa0bb6fcfc2a988437c850d45e3e63,LineGaussRegularization,2026-09-07 13:57:59,
R1,dji9443_20260813_23_73_capped_captess4.msh,8016,backslash,238,0.0658333333,8.82362637,0.79523315,-1,-1,-1,true,cold,0,-1,3,,,,dense LU,17,0.65,6,36,468,true,multi,64,64,0.0582766801,7.80125956e-05,0.0247029706,0.0368023328,0.042771617,,,,false,0.261798938,8.56182744,14263,0.00554039584,e818c6384e9722b8ea6a04ecc13483e9331c522f,0ce3ba605bfa0bb6fcfc2a988437c850d45e3e63,LineGaussRegularization,2026-09-07 13:57:59,
R1,dji9443_20260813_23_73_capped_captess4.msh,8016,backslash,239,0.0661111111,7.89246061,0.788303964,-1,-1,-1,true,cold,0,-1,3,,,,dense LU,17,0.65,6,36,468,true,multi,64,64,0.0573861173,7.68201887e-05,0.024325469,0.0362399329,0.0421179969,,,,false,0.270455224,7.62200538,14332,0.00732947285,e818c6384e9722b8ea6a04ecc13483e9331c522f,0ce3ba605bfa0bb6fcfc2a988437c850d45e3e63,LineGaussRegularization,2026-09-07 13:57:59,
R1,dji9443_20260813_23_73_capped_captess4.msh,8016,backslash,240,0.0663888889,8.61825327,0.683305404,-1,-1,-1,true,cold,0,-1,3,,,,dense LU,17,0.65,6,36,468,true,multi,64,64,0.0564905411,7.56213953e-05,0.0239458419,0.0356743672,0.0414606972,,,,false,0.366848274,8.251405,14410,0.00913232888,e818c6384e9722b8ea6a04ecc13483e9331c522f,0ce3ba605bfa0bb6fcfc2a988437c850d45e3e63,LineGaussRegularization,2026-09-07 13:57:59,
R1,dji9443_20260813_23_73_capped_captess4.msh,8016,backslash,241,0.0666666667,7.94880052,0.714978212,-1,-1,-1,true,cold,0,-1,3,,,,dense LU,17,0.65,6,36,468,true,multi,64,64,0.0555903094,7.44162875e-05,0.0235642417,0.0351058612,0.0407999806,,,,false,0.26397887,7.68482165,14487,0.010951438,e818c6384e9722b8ea6a04ecc13483e9331c522f,0ce3ba605bfa0bb6fcfc2a988437c850d45e3e63,LineGaussRegularization,2026-09-07 13:57:59,
R1,dji9443_20260813_23_73_capped_captess4.msh,8016,backslash,242,0.0669444444,7.94502002,0.747567815,-1,-1,-1,true,cold,0,-1,3,,,,dense LU,17,0.65,6,36,468,true,multi,64,64,0.0546857804,7.32053526e-05,0.0231808197,0.0345346417,0.04013611,,,,false,0.25820666,7.68681336,14564,0.0127874478,e818c6384e9722b8ea6a04ecc13483e9331c522f,0ce3ba605bfa0bb6fcfc2a988437c850d45e3e63,LineGaussRegularization,2026-09-07 13:57:59,
R1,dji9443_20260813_23_73_capped_captess4.msh,8016,backslash,243,0.0672222222,9.47483773,0.905636224,-1,-1,-1,true,cold,0,-1,3,,,,dense LU,17,0.65,6,36,468,true,multi,64,64,0.0537773119,7.19892538e-05,0.022795728,0.033960935,0.0394693484,,,,false,0.26487287,9.20996486,14642,0.014639807,e818c6384e9722b8ea6a04ecc13483e9331c522f,0ce3ba605bfa0bb6fcfc2a988437c850d45e3e63,LineGaussRegularization,2026-09-07 13:57:59,
R1,dji9443_20260813_23_73_capped_captess4.msh,8016,backslash,244,0.0675,9.94673896,0.781254698,-1,-1,-1,true,cold,0,-1,3,,,,dense LU,17,0.65,6,36,468,true,multi,64,64,0.0528652626,7.07683543e-05,0.0224091173,0.0333849661,0.0387999584,,,,false,0.34274203,9.60399693,14720,0.0165083439,e818c6384e9722b8ea6a04ecc13483e9331c522f,0ce3ba605bfa0bb6fcfc2a988437c850d45e3e63,LineGaussRegularization,2026-09-07 13:57:59,
R1,dji9443_20260813_23_73_capped_captess4.msh,8016,backslash,245,0.0677777778,8.44352795,1.03808874,-1,-1,-1,true,cold,0,-1,3,,,,dense LU,17,0.65,6,36,468,true,multi,64,64,0.0519499902,6.9543139e-05,0.0220211427,0.032806962,0.0381282029,,,,false,0.272329578,8.17119837,14801,0.0183913045,e818c6384e9722b8ea6a04ecc13483e9331c522f,0ce3ba605bfa0bb6fcfc2a988437c850d45e3e63,LineGaussRegularization,2026-09-07 13:57:59,
R1,dji9443_20260813_23_73_capped_captess4.msh,8016,backslash,246,0.0680555556,9.65475593,0.698656641,-1,-1,-1,true,cold,0,-1,3,,,,dense LU,17,0.65,6,36,468,true,multi,64,64,0.0510318529,6.83141307e-05,0.0216319521,0.032227148,0.0374543448,,,,false,0.436106691,9.21864924,14880,0.0202873837,e818c6384e9722b8ea6a04ecc13483e9331c522f,0ce3ba605bfa0bb6fcfc2a988437c850d45e3e63,LineGaussRegularization,2026-09-07 13:57:59,
R1,dji9443_20260813_23_73_capped_captess4.msh,8016,backslash,247,0.0683333333,8.97885743,0.828734846,-1,-1,-1,true,cold,0,-1,3,,,,dense LU,17,0.65,6,36,468,true,multi,64,64,0.0501112088,6.70818277e-05,0.0212416993,0.0316457522,0.0367786467,,,,false,0.262073594,8.71678383,14956,0.0221967288,e818c6384e9722b8ea6a04ecc13483e9331c522f,0ce3ba605bfa0bb6fcfc2a988437c850d45e3e63,LineGaussRegularization,2026-09-07 13:57:59,
R1,dji9443_20260813_23_73_capped_captess4.msh,8016,backslash,248,0.0686111111,7.80953841,0.673219095,-1,-1,-1,true,cold,0,-1,3,,,,dense LU,17,0.65,6,36,468,true,multi,64,64,0.049188416,6.58462924e-05,0.0208505357,0.0310629989,0.0361013717,,,,false,0.372942318,7.43659609,15035,0.0241178,e818c6384e9722b8ea6a04ecc13483e9331c522f,0ce3ba605bfa0bb6fcfc2a988437c850d45e3e63,LineGaussRegularization,2026-09-07 13:57:59,
R1,dji9443_20260813_23_73_capped_captess4.msh,8016,backslash,249,0.0688888889,9.49023159,0.678705777,-1,-1,-1,true,cold,0,-1,3,,,,dense LU,17,0.65,6,36,468,true,multi,64,64,0.0482638328,6.46086679e-05,0.0204586129,0.0304791152,0.0354227827,,,,false,0.269473646,9.22075795,15110,0.0260483246,e818c6384e9722b8ea6a04ecc13483e9331c522f,0ce3ba605bfa0bb6fcfc2a988437c850d45e3e63,LineGaussRegularization,2026-09-07 13:57:59,
R1,dji9443_20260813_23_73_capped_captess4.msh,8016,backslash,250,0.0691666667,7.99432465,0.741821741,-1,-1,-1,true,cold,0,-1,3,,,,dense LU,17,0.65,6,36,468,true,multi,64,64,0.0473378172,6.33690295e-05,0.020066083,0.0298943261,0.0347431421,,,,false,0.365840126,7.62848453,15189,0.0279861167,e818c6384e9722b8ea6a04ecc13483e9331c522f,0ce3ba605bfa0bb6fcfc2a988437c850d45e3e63,LineGaussRegularization,2026-09-07 13:57:59,
R1,dji9443_20260813_23_73_capped_captess4.msh,8016,backslash,251,0.0694444444,8.10050709,0.762243892,-1,-1,-1,true,cold,0,-1,3,,,,dense LU,17,0.65,6,36,468,true,multi,64,64,0.0464107271,6.21278914e-05,0.0196730976,0.029308859,0.0340627131,,,,false,0.260866763,7.83964032,15269,0.0299262632,e818c6384e9722b8ea6a04ecc13483e9331c522f,0ce3ba605bfa0bb6fcfc2a988437c850d45e3e63,LineGaussRegularization,2026-09-07 13:57:59,
R1,dji9443_20260813_23_73_capped_captess4.msh,8016,backslash,252,0.0697222222,10.2088084,0.994459663,-1,-1,-1,true,cold,0,-1,3,,,,dense LU,17,0.65,6,36,468,true,multi,64,64,0.0454829207,6.08859096e-05,0.0192798087,0.0287229406,0.0333817585,,,,false,0.263611056,9.94519737,15346,0.031865029,e818c6384e9722b8ea6a04ecc13483e9331c522f,0ce3ba605bfa0bb6fcfc2a988437c850d45e3e63,LineGaussRegularization,2026-09-07 13:57:59,
R1,dji9443_20260813_23_73_capped_captess4.msh,8016,backslash,253,0.07,10.2567998,0.785631482,-1,-1,-1,true,cold,0,-1,3,,,,dense LU,17,0.65,6,36,468,true,multi,64,64,0.0445547563,5.96434394e-05,0.0188863669,0.0281367947,0.032700541,,,,false,0.253697766,10.0031021,15423,0.033801098,e818c6384e9722b8ea6a04ecc13483e9331c522f,0ce3ba605bfa0bb6fcfc2a988437c850d45e3e63,LineGaussRegularization,2026-09-07 13:57:59,
R1,dji9443_20260813_23_73_capped_captess4.msh,8016,backslash,254,0.0702777778,8.34584022,0.981188144,-1,-1,-1,true,cold,0,-1,3,,,,dense LU,17,0.65,6,36,468,true,multi,64,64,0.0436265919,5.84009522e-05,0.0184929276,0.0275506488,0.0320193236,,,,false,0.382373941,7.96346627,15505,0.0357331951,e818c6384e9722b8ea6a04ecc13483e9331c522f,0ce3ba605bfa0bb6fcfc2a988437c850d45e3e63,LineGaussRegularization,2026-09-07 13:57:59,
R1,dji9443_20260813_23_73_capped_captess4.msh,8016,backslash,255,0.0705555556,9.98778906,0.694267685,-1,-1,-1,true,cold,0,-1,3,,,,dense LU,17,0.65,6,36,468,true,multi,64,64,0.0426987856,5.71590168e-05,0.0180996384,0.0269647285,0.0313383691,,,,false,0.259943316,9.72784574,15581,0.0376614982,e818c6384e9722b8ea6a04ecc13483e9331c522f,0ce3ba605bfa0bb6fcfc2a988437c850d45e3e63,LineGaussRegularization,2026-09-07 13:57:59,
R1,dji9443_20260813_23_73_capped_captess4.msh,8016,backslash,256,0.0708333333,9.47217486,0.778215501,-1,-1,-1,true,cold,0,-1,3,,,,dense LU,17,0.65,6,36,468,true,multi,64,64,0.0417716955,5.59180777e-05,0.0177066532,0.0263792621,0.03065794,,,,false,0.355802501,9.11637236,15659,0.0395857507,e818c6384e9722b8ea6a04ecc13483e9331c522f,0ce3ba605bfa0bb6fcfc2a988437c850d45e3e63,LineGaussRegularization,2026-09-07 13:57:59,
R1,dji9443_20260813_23_73_capped_captess4.msh,8016,backslash,257,0.0711111111,8.65339318,0.775894642,-1,-1,-1,true,cold,0,-1,3,,,,dense LU,17,0.65,6,36,468,true,multi,64,64,0.0408456797,5.46782441e-05,0.0173141235,0.0257944737,0.0299782994,,,,false,0.283727512,8.36966567,15739,0.0415061872,e818c6384e9722b8ea6a04ecc13483e9331c522f,0ce3ba605bfa0bb6fcfc2a988437c850d45e3e63,LineGaussRegularization,2026-09-07 13:57:59,
R1,dji9443_20260813_23_73_capped_captess4.msh,8016,backslash,258,0.0713888889,10.2193779,0.679547519,-1,-1,-1,true,cold,0,-1,3,,,,dense LU,17,0.65,6,36,468,true,multi,64,64,0.0399210965,5.34406193e-05,0.0169222005,0.0252105902,0.0292997105,,,,false,0.277074114,9.94230381,15819,0.0434227963,e818c6384e9722b8ea6a04ecc13483e9331c522f,0ce3ba605bfa0bb6fcfc2a988437c850d45e3e63,LineGaussRegularization,2026-09-07 13:57:59,
R1,dji9443_20260813_23_73_capped_captess4.msh,8016,backslash,259,0.0716666667,8.51422666,0.706965772,-1,-1,-1,true,cold,0,-1,3,,,,dense LU,17,0.65,6,36,468,true,multi,64,64,0.0389983039,5.2205277e-05,0.016531037,0.0246278364,0.0286224354,,,,false,0.355853155,8.15837351,15899,0.0453361445,e818c6384e9722b8ea6a04ecc13483e9331c522f,0ce3ba605bfa0bb6fcfc2a988437c850d45e3e63,LineGaussRegularization,2026-09-07 13:57:59,
R1,dji9443_20260813_23_73_capped_captess4.msh,8016,backslash,260,0.0719444444,8.63676521,0.743805391,-1,-1,-1,true,cold,0,-1,3,,,,dense LU,17,0.65,6,36,468,true,multi,64,64,0.0380776598,5.09727695e-05,0.0161407839,0.0240464399,0.0279467373,,,,false,0.271613491,8.36515172,15978,0.0472504289,e818c6384e9722b8ea6a04ecc13483e9331c522f,0ce3ba605bfa0bb6fcfc2a988437c850d45e3e63,LineGaussRegularization,2026-09-07 13:57:59,
R1,dji9443_20260813_23_73_capped_captess4.msh,8016,backslash,261,0.0722222222,10.6171007,0.886472827,-1,-1,-1,true,cold,0,-1,3,,,,dense LU,17,0.65,6,36,468,true,multi,64,64,0.0371595224,4.97437352e-05,0.0157515937,0.023466628,0.0272728792,,,,false,0.268902771,10.3481979,16054,0.0491724992,e818c6384e9722b8ea6a04ecc13483e9331c522f,0ce3ba605bfa0bb6fcfc2a988437c850d45e3e63,LineGaussRegularization,2026-09-07 13:57:59,
R1,dji9443_20260813_23_73_capped_captess4.msh,8016,backslash,262,0.0725,10.8366136,0.76569302,-1,-1,-1,true,cold,0,-1,3,,,,dense LU,17,0.65,6,36,468,true,multi,64,64,0.03624425,4.85185243e-05,0.0153636165,0.0228886235,0.0266011237,,,,false,0.250689055,10.5859246,16135,0.0511113569,e818c6384e9722b8ea6a04ecc13483e9331c522f,0ce3ba605bfa0bb6fcfc2a988437c850d45e3e63,LineGaussRegularization,2026-09-07 13:57:59,
R1,dji9443_20260813_23_73_capped_captess4.msh,8016,backslash,263,0.0727777778,8.9694547,1.01598836,-1,-1,-1,true,cold,0,-1,3,,,,dense LU,17,0.65,6,36,468,true,multi,64,64,0.0353322006,4.72975956e-05,0.0149770083,0.0223126537,0.0259317337,,,,false,0.270977003,8.69847769,16216,0.0530750697,e818c6384e9722b8ea6a04ecc13483e9331c522f,0ce3ba605bfa0bb6fcfc2a988437c850d45e3e63,LineGaussRegularization,2026-09-07 13:57:59,
R1,dji9443_20260813_23_73_capped_captess4.msh,8016,backslash,264,0.0730555556,10.4982348,0.664942582,-1,-1,-1,true,cold,0,-1,3,,,,dense LU,17,0.65,6,36,468,true,multi,64,64,0.0344237323,4.60815636e-05,0.0145919163,0.0217389453,0.0252649722,,,,false,0.350941385,10.1472934,16295,0.0550695076,e818c6384e9722b8ea6a04ecc13483e9331c522f,0ce3ba605bfa0bb6fcfc2a988437c850d45e3e63,LineGaussRegularization,2026-09-07 13:57:59,
R1,dji9443_20260813_23_73_capped_captess4.msh,8016,backslash,265,0.0733333333,9.5376148,0.810530525,-1,-1,-1,true,cold,0,-1,3,,,,dense LU,17,0.65,6,36,468,true,multi,64,64,0.0335192032,4.48708188e-05,0.0142084945,0.0211677267,0.0246011015,,,,false,0.265270498,9.2723443,16375,0.0570912809,e818c6384e9722b8ea6a04ecc13483e9331c522f,0ce3ba605bfa0bb6fcfc2a988437c850d45e3e63,LineGaussRegularization,2026-09-07 13:57:59,
R1,dji9443_20260813_23_73_capped_captess4.msh,8016,backslash,266,0.0736111111,10.6532931,0.655108471,-1,-1,-1,true,cold,0,-1,3,,,,dense LU,17,0.65,6,36,468,true,multi,64,64,0.0326189714,4.36655172e-05,0.0138268944,0.0205992214,0.0239403848,,,,false,0.284457735,10.3688353,16452,0.0591424307,e818c6384e9722b8ea6a04ecc13483e9331c522f,0ce3ba605bfa0bb6fcfc2a988437c850d45e3e63,LineGaussRegularization,2026-09-07 13:57:59,
R1,dji9443_20260813_23_73_capped_captess4.msh,8016,backslash,267,0.0738888889,10.2689061,0.663566383,-1,-1,-1,true,cold,0,-1,3,,,,dense LU,17,0.65,6,36,468,true,multi,64,64,0.0317233952,4.24667228e-05,0.0134472673,0.0200336564,0.0232830854,,,,false,0.276251446,9.99265466,16531,0.0612094786,e818c6384e9722b8ea6a04ecc13483e9331c522f,0ce3ba605bfa0bb6fcfc2a988437c850d45e3e63,LineGaussRegularization,2026-09-07 13:57:59,
R1,dji9443_20260813_23_73_capped_captess4.msh,8016,backslash,268,0.0741666667,8.54609588,0.727397141,-1,-1,-1,true,cold,0,-1,3,,,,dense LU,17,0.65,6,36,468,true,multi,64,64,0.0308328327,4.12745003e-05,0.0130697658,0.0194712562,0.0226294651,,,,false,0.265626778,8.2804691,16613,0.0632823332,e818c6384e9722b8ea6a04ecc13483e9331c522f,0ce3ba605bfa0bb6fcfc2a988437c850d45e3e63,LineGaussRegularization,2026-09-07 13:57:59,
R1,dji9443_20260813_23_73_capped_captess4.msh,8016,backslash,269,0.0744444444,8.31897503,0.745708812,-1,-1,-1,true,cold,0,-1,3,,,,dense LU,17,0.65,6,36,468,true,multi,64,64,0.0299476415,4.00894595e-05,0.0126945409,0.0189122485,0.0219797874,,,,false,0.255299939,8.06367509,16688,0.0653369957,e818c6384e9722b8ea6a04ecc13483e9331c522f,0ce3ba605bfa0bb6fcfc2a988437c850d45e3e63,LineGaussRegularization,2026-09-07 13:57:59,
R1,dji9443_20260813_23_73_capped_captess4.msh,8016,backslash,270,0.0747222222,11.1865283,0.887235003,-1,-1,-1,true,cold,0,-1,3,,,,dense LU,17,0.65,6,36,468,true,multi,64,64,0.0290681801,3.89122034e-05,0.0123217451,0.0183568615,0.0213343152,,,,false,0.343079525,10.8434488,16767,0.0673411939,e818c6384e9722b8ea6a04ecc13483e9331c522f,0ce3ba605bfa0bb6fcfc2a988437c850d45e3e63,LineGaussRegularization,2026-09-07 13:57:59,
R1,dji9443_20260813_23_73_capped_captess4.msh,8016,backslash,271,0.075,11.5310917,0.770157258,-1,-1,-1,true,cold,0,-1,3,,,,dense LU,17,0.65,6,36,468,true,multi,64,64,0.0281948067,3.77430813e-05,0.0119515285,0.0178053164,0.0206933111,,,,false,0.242415596,11.2886761,16845,0.0692779264,e818c6384e9722b8ea6a04ecc13483e9331c522f,0ce3ba605bfa0bb6fcfc2a988437c850d45e3e63,LineGaussRegularization,2026-09-07 13:57:59,
R1,dji9443_20260813_23_73_capped_captess4.msh,8016,backslash,272,0.0752777778,8.74497581,0.966700503,-1,-1,-1,true,cold,0,-1,3,,,,dense LU,17,0.65,6,36,468,true,multi,64,64,0.0273278793,3.65825402e-05,0.0115840472,0.0172578407,0.020057038,,,,false,0.262838499,8.48213731,16924,0.0711322317,e818c6384e9722b8ea6a04ecc13483e9331c522f,0ce3ba605bfa0bb6fcfc2a988437c850d45e3e63,LineGaussRegularization,2026-09-07 13:57:59,
R1,dji9443_20260813_23_73_capped_captess4.msh,8016,backslash,273,0.0755555556,11.1904845,0.692588405,-1,-1,-1,true,cold,0,-1,3,,,,dense LU,17,0.65,6,36,468,true,multi,64,64,0.026467756,3.54312448e-05,0.0112194482,0.0167146622,0.0194257589,,,,false,0.256814405,10.9336701,16998,0.0729171616,e818c6384e9722b8ea6a04ecc13483e9331c522f,0ce3ba605bfa0bb6fcfc2a988437c850d45e3e63,LineGaussRegularization,2026-09-07 13:57:59,
R1,dji9443_20260813_23_73_capped_captess4.msh,8016,backslash,274,0.0758333333,10.4862895,0.777757447,-1,-1,-1,true,cold,0,-1,3,,,,dense LU,17,0.65,6,36,468,true,multi,64,64,0.0256147949,3.42895255e-05,0.0108578856,0.0161760099,0.018799736,,,,false,0.353403362,10.1328861,17075,0.0746418603,e818c6384e9722b8ea6a04ecc13483e9331c522f,0ce3ba605bfa0bb6fcfc2a988437c850d45e3e63,LineGaussRegularization,2026-09-07 13:57:59,
R1,dji9443_20260813_23_73_capped_captess4.msh,8016,backslash,275,0.0761111111,11.3781351,0.771829575,-1,-1,-1,true,cold,0,-1,3,,,,dense LU,17,0.65,6,36,468,true,multi,64,64,0.0247693542,3.31575852e-05,0.010499511,0.0156421061,0.0181792326,,,,false,0.364948573,11.0131866,17153,0.0763465056,e818c6384e9722b8ea6a04ecc13483e9331c522f,0ce3ba605bfa0bb6fcfc2a988437c850d45e3e63,LineGaussRegularization,2026-09-07 13:57:59,
R1,dji9443_20260813_23_73_capped_captess4.msh,8016,backslash,276,0.0763888889,11.357341,0.666140137,-1,-1,-1,true,cold,0,-1,3,,,,dense LU,17,0.65,6,36,468,true,multi,64,64,0.0239317919,3.20364519e-05,0.0101444754,0.0151131778,0.0175645121,,,,false,0.364338224,10.9930028,17230,0.0780697635,e818c6384e9722b8ea6a04ecc13483e9331c522f,0ce3ba605bfa0bb6fcfc2a988437c850d45e3e63,LineGaussRegularization,2026-09-07 13:57:59,
R1,dji9443_20260813_23_73_capped_captess4.msh,8016,backslash,277,0.0766666667,10.152925,0.697771646,-1,-1,-1,true,cold,0,-1,3,,,,dense LU,17,0.65,6,36,468,true,multi,64,64,0.0231024665,3.09261786e-05,0.00979293176,0.0145894493,0.0169558361,,,,false,0.360802683,9.79212231,17305,0.0797945308,e818c6384e9722b8ea6a04ecc13483e9331c522f,0ce3ba605bfa0bb6fcfc2a988437c850d45e3e63,LineGaussRegularization,2026-09-07 13:57:59,
R1,dji9443_20260813_23_73_capped_captess4.msh,8016,backslash,278,0.0769444444,9.26651093,0.640477988,-1,-1,-1,true,cold,0,-1,3,,,,dense LU,17,0.65,6,36,468,true,multi,64,64,0.0222817353,2.98274383e-05,0.00944503084,0.0140711486,0.0163534682,,,,false,0.355481592,8.91102934,17379,0.0815114698,e818c6384e9722b8ea6a04ecc13483e9331c522f,0ce3ba605bfa0bb6fcfc2a988437c850d45e3e63,LineGaussRegularization,2026-09-07 13:57:59,
R1,dji9443_20260813_23_73_capped_captess4.msh,8016,backslash,279,0.0772222222,11.7943963,0.887403628,-1,-1,-1,true,cold,0,-1,3,,,,dense LU,17,0.65,6,36,468,true,multi,64,64,0.0214699569,2.87407905e-05,0.00910092531,0.0135585048,0.0157576713,,,,false,0.363770506,11.4306258,17457,0.0831934928,e818c6384e9722b8ea6a04ecc13483e9331c522f,0ce3ba605bfa0bb6fcfc2a988437c850d45e3e63,LineGaussRegularization,2026-09-07 13:57:59,
R1,dji9443_20260813_23_73_capped_captess4.msh,8016,backslash,280,0.0775,12.202952,0.772136351,-1,-1,-1,true,cold,0,-1,3,,,,dense LU,17,0.65,6,36,468,true,multi,64,64,0.0206674895,2.76665886e-05,0.00876076508,0.0130517374,0.015168708,,,,false,0.334667994,11.868284,17532,0.0848328646,e818c6384e9722b8ea6a04ecc13483e9331c522f,0ce3ba605bfa0bb6fcfc2a988437c850d45e3e63,LineGaussRegularization,2026-09-07 13:57:59,
R1,dji9443_20260813_23_73_capped_captess4.msh,8016,backslash,281,0.0777777778,10.8427724,1.10462978,-1,-1,-1,true,cold,0,-1,3,,,,dense LU,17,0.65,6,36,468,true,multi,64,64,0.019874691,2.66052671e-05,0.00842470644,0.0125510742,0.0145868411,,,,false,0.273611767,10.5691606,17608,0.0864491398,e818c6384e9722b8ea6a04ecc13483e9331c522f,0ce3ba605bfa0bb6fcfc2a988437c850d45e3e63,LineGaussRegularization,2026-09-07 13:57:59,
R1,dji9443_20260813_23_73_capped_captess4.msh,8016,backslash,282,0.0780555556,8.07220576,0.770117504,-1,-1,-1,true,cold,0,-1,3,,,,dense LU,17,0.65,6,36,468,true,multi,64,64,0.0190919198,2.55575351e-05,0.0080928963,0.012056744,0.0140123338,,,,false,0.264217102,7.80798866,17684,0.087975676,e818c6384e9722b8ea6a04ecc13483e9331c522f,0ce3ba605bfa0bb6fcfc2a988437c850d45e3e63,LineGaussRegularization,2026-09-07 13:57:59,
R1,dji9443_20260813_23_73_capped_captess4.msh,8016,backslash,283,0.0783333333,10.6792546,0.832822228,-1,-1,-1,true,cold,0,-1,3,,,,dense LU,17,0.65,6,36,468,true,multi,64,64,0.0183195337,2.45236748e-05,0.00776548868,0.011568976,0.0134454482,,,,false,0.272852257,10.4064023,17758,0.0893611067,e818c6384e9722b8ea6a04ecc13483e9331c522f,0ce3ba605bfa0bb6fcfc2a988437c850d45e3e63,LineGaussRegularization,2026-09-07 13:57:59,
R1,dji9443_20260813_23_73_capped_captess4.msh,8016,backslash,284,0.0786111111,8.71993167,0.674264558,-1,-1,-1,true,cold,0,-1,3,,,,dense LU,17,0.65,6,36,468,true,multi,64,64,0.017557891,2.35039214e-05,0.00744263535,0.0110879918,0.0128864475,,,,false,0.27163153,8.44830014,17825,0.0905684662,e818c6384e9722b8ea6a04ecc13483e9331c522f,0ce3ba605bfa0bb6fcfc2a988437c850d45e3e63,LineGaussRegularization,2026-09-07 13:57:59,
R1,dji9443_20260813_23_73_capped_captess4.msh,8016,backslash,285,0.0788888889,11.728466,0.678431318,-1,-1,-1,true,cold,0,-1,3,,,,dense LU,17,0.65,6,36,468,true,multi,64,64,0.0168073498,2.24992796e-05,0.00712448723,0.0106140183,0.0123355954,,,,false,0.364260586,11.3642054,17893,0.0915998475,e818c6384e9722b8ea6a04ecc13483e9331c522f,0ce3ba605bfa0bb6fcfc2a988437c850d45e3e63,LineGaussRegularization,2026-09-07 13:57:59,
R1,dji9443_20260813_23_73_capped_captess4.msh,8016,backslash,286,0.0791666667,8.9792394,0.834198468,-1,-1,-1,true,cold,0,-1,3,,,,dense LU,17,0.65,6,36,468,true,multi,64,64,0.0160682683,2.15097939e-05,0.00681119723,0.0101472797,0.0117931531,,,,false,0.267161711,8.71207769,17965,0.0924382128,e818c6384e9722b8ea6a04ecc13483e9331c522f,0ce3ba605bfa0bb6fcfc2a988437c850d45e3e63,LineGaussRegularization,2026-09-07 13:57:59,
R1,dji9443_20260813_23_73_capped_captess4.msh,8016,backslash,287,0.0794444444,8.69519866,0.765353758,-1,-1,-1,true,cold,0,-1,3,,,,dense LU,17,0.65,6,36,468,true,multi,64,64,0.0153410041,2.05361824e-05,0.00650291613,0.00968800439,0.0112593844,,,,false,0.260314409,8.43488425,18035,0.0929580126,e818c6384e9722b8ea6a04ecc13483e9331c522f,0ce3ba605bfa0bb6fcfc2a988437c850d45e3e63,LineGaussRegularization,2026-09-07 13:57:59,
R1,dji9443_20260813_23_73_capped_captess4.msh,8016,backslash,288,0.0797222222,12.7933542,0.904058207,-1,-1,-1,true,cold,0,-1,3,,,,dense LU,17,0.65,6,36,468,true,multi,64,64,0.0146259157,1.95789739e-05,0.00619979666,0.00923642162,0.0107345522,,,,false,0.266596858,12.5267573,18109,0.0931740943,e818c6384e9722b8ea6a04ecc13483e9331c522f,0ce3ba605bfa0bb6fcfc2a988437c850d45e3e63,LineGaussRegularization,2026-09-07 13:57:59,
R1,dji9443_20260813_23_73_capped_captess4.msh,8016,backslash,289,0.08,10.1298297,0.792099134,-1,-1,-1,true,cold,0,-1,3,,,,dense LU,17,0.65,6,36,468,true,multi,64,64,0.0139233613,1.86385211e-05,0.00590198865,0.00879275012,0.0102189191,,,,false,0.265335215,9.86449453,18181,0.0930951392,e818c6384e9722b8ea6a04ecc13483e9331c522f,0ce3ba605bfa0bb6fcfc2a988437c850d45e3e63,LineGaussRegularization,2026-09-07 13:57:59,
R1,dji9443_20260813_23_73_capped_captess4.msh,8016,backslash,290,0.0802777778,9.04059044,0.995446038,-1,-1,-1,true,cold,0,-1,3,,,,dense LU,17,0.65,6,36,468,true,multi,64,64,0.0132336989,1.7715261e-05,0.00560964847,0.00835721813,0.00971274788,,,,false,0.386754295,8.65383614,18244,0.0927642355,e818c6384e9722b8ea6a04ecc13483e9331c522f,0ce3ba605bfa0bb6fcfc2a988437c850d45e3e63,LineGaussRegularization,2026-09-07 13:57:59,
R1,dji9443_20260813_23_73_capped_captess4.msh,8016,backslash,291,0.0805555556,9.82760139,0.711884413,-1,-1,-1,true,cold,0,-1,3,,,,dense LU,17,0.65,6,36,468,true,multi,64,64,0.0125572867,1.68099125e-05,0.00532292297,0.00793005469,0.00921630179,,,,false,0.378108299,9.44949309,18314,0.0922065343,e818c6384e9722b8ea6a04ecc13483e9331c522f,0ce3ba605bfa0bb6fcfc2a988437c850d45e3e63,LineGaussRegularization,2026-09-07 13:57:59,
R1,dji9443_20260813_23_73_capped_captess4.msh,8016,backslash,292,0.0808333333,9.7798231,0.801070823,-1,-1,-1,true,cold,0,-1,3,,,,dense LU,17,0.65,6,36,468,true,multi,64,64,0.0118944826,1.59227477e-05,0.00504196619,0.00751148902,0.00872984279,,,,false,0.357707438,9.42211566,18378,0.0914320054,e818c6384e9722b8ea6a04ecc13483e9331c522f,0ce3ba605bfa0bb6fcfc2a988437c850d45e3e63,LineGaussRegularization,2026-09-07 13:57:59,
R1,dji9443_20260813_23_73_capped_captess4.msh,8016,backslash,293,0.0811111111,11.6077824,0.808802469,-1,-1,-1,true,cold,0,-1,3,,,,dense LU,17,0.65,6,36,468,true,multi,64,64,0.0112456449,1.50539981e-05,0.00476692991,0.00710174236,0.00825363434,,,,false,0.284986034,11.3227964,18445,0.0904703703,e818c6384e9722b8ea6a04ecc13483e9331c522f,0ce3ba605bfa0bb6fcfc2a988437c850d45e3e63,LineGaussRegularization,2026-09-07 13:57:59,
R1,dji9443_20260813_23_73_capped_captess4.msh,8016,backslash,294,0.0813888889,9.78639566,0.690383603,-1,-1,-1,true,cold,0,-1,3,,,,dense LU,17,0.65,6,36,468,true,multi,64,64,0.0106111317,1.42046791e-05,0.00449796506,0.00670104166,0.00778793981,,,,false,0.290166831,9.49622883,18518,0.0893787304,e818c6384e9722b8ea6a04ecc13483e9331c522f,0ce3ba605bfa0bb6fcfc2a988437c850d45e3e63,LineGaussRegularization,2026-09-07 13:57:59,
R1,dji9443_20260813_23_73_capped_captess4.msh,8016,backslash,295,0.0816666667,10.9285796,0.716017797,-1,-1,-1,true,cold,0,-1,3,,,,dense LU,17,0.65,6,36,468,true,multi,64,64,0.00999130118,1.33748325e-05,0.00423522447,0.00630961148,0.00733302066,,,,false,0.354399297,10.5741803,18586,0.0882136016,e818c6384e9722b8ea6a04ecc13483e9331c522f,0ce3ba605bfa0bb6fcfc2a988437c850d45e3e63,LineGaussRegularization,2026-09-07 13:57:59,
R1,dji9443_20260813_23_73_capped_captess4.msh,8016,backslash,296,0.0819444444,9.85406878,0.655785277,-1,-1,-1,true,cold,0,-1,3,,,,dense LU,17,0.65,6,36,468,true,multi,64,64,0.00938651105,1.25651761e-05,0.00397885908,0.00592767979,0.00688914061,,,,false,0.262601095,9.59146768,18658,0.0871319258,e818c6384e9722b8ea6a04ecc13483e9331c522f,0ce3ba605bfa0bb6fcfc2a988437c850d45e3e63,LineGaussRegularization,2026-09-07 13:57:59,
R1,dji9443_20260813_23_73_capped_captess4.msh,8016,backslash,297,0.0822222222,13.7480654,0.905380225,-1,-1,-1,true,cold,0,-1,3,,,,dense LU,17,0.65,6,36,468,true,multi,64,64,0.00879711966,1.1776234e-05,0.00372902144,0.00555547575,0.00645656256,,,,false,0.268303733,13.4797617,18728,0.086115969,e818c6384e9722b8ea6a04ecc13483e9331c522f,0ce3ba605bfa0bb6fcfc2a988437c850d45e3e63,LineGaussRegularization,2026-09-07 13:57:59,
R1,dji9443_20260813_23_73_capped_captess4.msh,8016,backslash,298,0.0825,13.888763,0.783637197,-1,-1,-1,true,cold,0,-1,3,,,,dense LU,17,0.65,6,36,468,true,multi,64,64,0.00822348529,1.10083645e-05,0.00348586155,0.00519321862,0.00603554907,,,,false,0.333512632,13.5552504,18789,0.0852057257,e818c6384e9722b8ea6a04ecc13483e9331c522f,0ce3ba605bfa0bb6fcfc2a988437c850d45e3e63,LineGaussRegularization,2026-09-07 13:57:59,
R1,dji9443_20260813_23_73_capped_captess4.msh,8016,backslash,299,0.0827777778,11.831749,1.02859079,-1,-1,-1,true,cold,0,-1,3,,,,dense LU,17,0.65,6,36,468,true,multi,64,64,0.00766596588,1.0262004e-05,0.00324953556,0.0048411366,0.005626363,,,,false,0.271487784,11.5602612,18853,0.0844281025,e818c6384e9722b8ea6a04ecc13483e9331c522f,0ce3ba605bfa0bb6fcfc2a988437c850d45e3e63,LineGaussRegularization,2026-09-07 13:57:59,
R1,dji9443_20260813_23_73_capped_captess4.msh,8016,backslash,300,0.0830555556,13.4383161,0.682312183,-1,-1,-1,true,cold,0,-1,3,,,,dense LU,17,0.65,6,36,468,true,multi,64,64,0.00712491969,9.53784905e-06,0.00302019051,0.00449945829,0.00522926746,,,,false,0.346809728,13.0915064,18913,0.0839518089,e818c6384e9722b8ea6a04ecc13483e9331c522f,0ce3ba605bfa0bb6fcfc2a988437c850d45e3e63,LineGaussRegularization,2026-09-07 13:57:59,
R1,dji9443_20260813_23_73_capped_captess4.msh,8016,backslash,301,0.0833333333,11.488843,0.830497506,-1,-1,-1,true,cold,0,-1,3,,,,dense LU,17,0.65,6,36,468,true,multi,64,64,0.00660070462,8.83620763e-06,0.00279798041,0.00416841296,0.0048445246,,,,false,0.284224221,11.2046188,18979,0.0837339951,e818c6384e9722b8ea6a04ecc13483e9331c522f,0ce3ba605bfa0bb6fcfc2a988437c850d45e3e63,LineGaussRegularization,2026-09-07 13:57:59,
R1,dji9443_20260813_23_73_capped_captess4.msh,8016,backslash,302,0.0836111111,13.7780168,0.673977695,-1,-1,-1,true,cold,0,-1,3,,,,dense LU,17,0.65,6,36,468,true,multi,64,64,0.00609367889,8.15728941e-06,0.00258305696,0.00384822199,0.00447239775,,,,false,0.354991005,13.4230258,19046,0.0836309569,e818c6384e9722b8ea6a04ecc13483e9331c522f,0ce3ba605bfa0bb6fcfc2a988437c850d45e3e63,LineGaussRegularization,2026-09-07 13:57:59,
R1,dji9443_20260813_23_73_capped_captess4.msh,8016,backslash,303,0.0838888889,13.6676901,0.678219444,-1,-1,-1,true,cold,0,-1,3,,,,dense LU,17,0.65,6,36,468,true,multi,64,64,0.00560420068,7.5021238e-06,0.0023755712,0.00353911228,0.00411315024,,,,false,0.288216421,13.3794736,19112,0.0836798823,e818c6384e9722b8ea6a04ecc13483e9331c522f,0ce3ba605bfa0bb6fcfc2a988437c850d45e3e63,LineGaussRegularization,2026-09-07 13:57:59,
R1,dji9443_20260813_23_73_capped_captess4.msh,8016,backslash,304,0.0841666667,13.065494,0.829705305,-1,-1,-1,true,cold,0,-1,3,,,,dense LU,17,0.65,6,36,468,true,multi,64,64,0.00513262818,6.87074991e-06,0.00217567585,0.00324130872,0.00376704369,,,,false,0.268295514,12.7971985,19187,0.0838753673,e818c6384e9722b8ea6a04ecc13483e9331c522f,0ce3ba605bfa0bb6fcfc2a988437c850d45e3e63,LineGaussRegularization,2026-09-07 13:57:59,
R1,dji9443_20260813_23_73_capped_captess4.msh,8016,backslash,305,0.0844444444,11.731827,0.765064457,-1,-1,-1,true,cold,0,-1,3,,,,dense LU,17,0.65,6,36,468,true,multi,64,64,0.0046793191,6.26387122e-06,0.00198352195,0.0029550389,0.00343434171,,,,false,0.345375455,11.3864516,19254,0.084152543,e818c6384e9722b8ea6a04ecc13483e9331c522f,0ce3ba605bfa0bb6fcfc2a988437c850d45e3e63,LineGaussRegularization,2026-09-07 13:57:59,
R1,dji9443_20260813_23_73_capped_captess4.msh,8016,backslash,306,0.0847222222,14.5811338,0.902167013,-1,-1,-1,true,cold,0,-1,3,,,,dense LU,17,0.65,6,36,468,true,multi,64,64,0.00424463173,5.68202451e-06,0.00179926198,0.002680532,0.0031153072,,,,false,0.275351871,14.3057819,19321,0.0844172715,e818c6384e9722b8ea6a04ecc13483e9331c522f,0ce3ba605bfa0bb6fcfc2a988437c850d45e3e63,LineGaussRegularization,2026-09-07 13:57:59,
R1,dji9443_20260813_23_73_capped_captess4.msh,8016,backslash,307,0.085,15.0464745,0.786606247,-1,-1,-1,true,cold,0,-1,3,,,,dense LU,17,0.65,6,36,468,true,multi,64,64,0.00382892437,5.12556632e-06,0.00162304596,0.00241800744,0.00281020273,,,,false,0.33691989,14.7095546,19389,0.0846462577,e818c6384e9722b8ea6a04ecc13483e9331c522f,0ce3ba605bfa0bb6fcfc2a988437c850d45e3e63,LineGaussRegularization,2026-09-07 13:57:59,
R1,dji9443_20260813_23_73_capped_captess4.msh,8016,backslash,308,0.0852777778,13.5260838,0.982813783,-1,-1,-1,true,cold,0,-1,3,,,,dense LU,17,0.65,6,36,468,true,multi,64,64,0.00343255497,4.59492873e-06,0.00145503003,0.00216769335,0.0025192912,,,,false,0.263355934,13.2627279,19456,0.0847274802,e818c6384e9722b8ea6a04ecc13483e9331c522f,0ce3ba605bfa0bb6fcfc2a988437c850d45e3e63,LineGaussRegularization,2026-09-07 13:57:59,
R1,dji9443_20260813_23_73_capped_captess4.msh,8016,backslash,309,0.0855555556,11.6065408,0.710984148,-1,-1,-1,true,cold,0,-1,3,,,,dense LU,17,0.65,6,36,468,true,multi,64,64,0.00305588179,4.09080979e-06,0.00129536125,0.00192981836,0.00224283567,,,,false,0.374700927,11.2318399,19520,0.0847990596,e818c6384e9722b8ea6a04ecc13483e9331c522f,0ce3ba605bfa0bb6fcfc2a988437c850d45e3e63,LineGaussRegularization,2026-09-07 13:57:59,
R1,dji9443_20260813_23_73_capped_captess4.msh,8016,backslash,310,0.0858333333,14.7251582,0.794319469,-1,-1,-1,true,cold,0,-1,3,,,,dense LU,17,0.65,6,36,468,true,multi,64,64,0.00269926275,3.61352065e-06,0.00114419362,0.00170461164,0.00198109832,,,,false,0.278355583,14.4468026,19589,0.0848507921,e818c6384e9722b8ea6a04ecc13483e9331c522f,0ce3ba605bfa0bb6fcfc2a988437c850d45e3e63,LineGaussRegularization,2026-09-07 13:57:59,
R1,dji9443_20260813_23_73_capped_captess4.msh,8016,backslash,311,0.0861111111,11.9749088,0.793909268,-1,-1,-1,true,cold,0,-1,3,,,,dense LU,17,0.65,6,36,468,true,multi,64,64,0.00236305604,3.16327033e-06,0.00100167884,0.00149229466,0.00173434247,,,,false,0.364024181,11.6108846,19660,0.0849037121,e818c6384e9722b8ea6a04ecc13483e9331c522f,0ce3ba605bfa0bb6fcfc2a988437c850d45e3e63,LineGaussRegularization,2026-09-07 13:57:59,
R1,dji9443_20260813_23_73_capped_captess4.msh,8016,backslash,312,0.0863888889,14.7687523,0.683221841,-1,-1,-1,true,cold,0,-1,3,,,,dense LU,17,0.65,6,36,468,true,multi,64,64,0.00204761984,2.74108735e-06,0.000867967967,0.00129309431,0.00150283145,,,,false,0.276289866,14.4924624,19726,0.0849956081,e818c6384e9722b8ea6a04ecc13483e9331c522f,0ce3ba605bfa0bb6fcfc2a988437c850d45e3e63,LineGaussRegularization,2026-09-07 13:57:59,
R1,dji9443_20260813_23_73_capped_captess4.msh,8016,backslash,313,0.0866666667,12.0940962,0.808561954,-1,-1,-1,true,cold,0,-1,3,,,,dense LU,17,0.65,6,36,468,true,multi,64,64,0.00175331235,2.34701342e-06,0.000743213686,0.00110723549,0.00128682687,,,,false,0.272727444,11.8213688,19792,0.0852118442,e818c6384e9722b8ea6a04ecc13483e9331c522f,0ce3ba605bfa0bb6fcfc2a988437c850d45e3e63,LineGaussRegularization,2026-09-07 13:57:59,
R1,dji9443_20260813_23_73_capped_captess4.msh,8016,backslash,314,0.0869444444,12.2011296,0.658700649,-1,-1,-1,true,cold,0,-1,3,,,,dense LU,17,0.65,6,36,468,true,multi,64,64,0.00148049129,1.98174316e-06,0.000627567072,0.000934945703,0.00108659237,,,,false,0.37273029,11.8283993,19859,0.0853587736,e818c6384e9722b8ea6a04ecc13483e9331c522f,0ce3ba605bfa0bb6fcfc2a988437c850d45e3e63,LineGaussRegularization,2026-09-07 13:57:59,
R1,dji9443_20260813_23_73_capped_captess4.msh,8016,backslash,315,0.0872222222,11.8255114,0.900874042,-1,-1,-1,true,cold,0,-1,3,,,,dense LU,17,0.65,6,36,468,true,multi,64,64,0.00122951494,1.64582207e-06,0.000521180576,0.000776454142,0.000902390809,,,,false,0.2712897,11.5542217,19928,0.0853772629,e818c6384e9722b8ea6a04ecc13483e9331c522f,0ce3ba605bfa0bb6fcfc2a988437c850d45e3e63,LineGaussRegularization,2026-09-07 13:57:59,
R1,dji9443_20260813_23_73_capped_captess4.msh,8016,backslash,316,0.0875,13.0076393,0.783110575,-1,-1,-1,true,cold,0,-1,3,,,,dense LU,17,0.65,6,36,468,true,multi,64,64,0.00100074159,1.3396085e-06,0.000424204234,0.000631980393,0.000734484795,,,,false,0.247863559,12.7597757,19992,0.0853784005,e818c6384e9722b8ea6a04ecc13483e9331c522f,0ce3ba605bfa0bb6fcfc2a988437c850d45e3e63,LineGaussRegularization,2026-09-07 13:57:59,
R1,dji9443_20260813_23_73_capped_captess4.msh,8016,backslash,317,0.0877777778,13.1120622,1.02972327,-1,-1,-1,true,cold,0,-1,3,,,,dense LU,17,0.65,6,36,468,true,multi,64,64,0.000794529223,1.06352528e-06,0.000336794194,0.000501752556,0.0005831372,,,,false,0.285032935,12.8270293,20057,0.0853833937,e818c6384e9722b8ea6a04ecc13483e9331c522f,0ce3ba605bfa0bb6fcfc2a988437c850d45e3e63,LineGaussRegularization,2026-09-07 13:57:59,
R1,dji9443_20260813_23_73_capped_captess4.msh,8016,backslash,318,0.0880555556,9.772653,0.68464517,-1,-1,-1,true,cold,0,-1,3,,,,dense LU,17,0.65,6,36,468,true,multi,64,64,0.000611236059,8.1827225e-07,0.000259097488,0.000385999067,0.000448611087,,,,false,0.27081675,9.50183625,20126,0.0854938388,e818c6384e9722b8ea6a04ecc13483e9331c522f,0ce3ba605bfa0bb6fcfc2a988437c850d45e3e63,LineGaussRegularization,2026-09-07 13:57:59,
R1,dji9443_20260813_23_73_capped_captess4.msh,8016,backslash,319,0.0883333333,12.5944501,0.944587613,-1,-1,-1,true,cold,0,-1,3,,,,dense LU,17,0.65,6,36,468,true,multi,64,64,0.000451220031,6.04167035e-07,0.000191268158,0.000284949199,0.000331168678,,,,false,0.273576683,12.3208734,20193,0.0856533923,e818c6384e9722b8ea6a04ecc13483e9331c522f,0ce3ba605bfa0bb6fcfc2a988437c850d45e3e63,LineGaussRegularization,2026-09-07 13:57:59,
R1,dji9443_20260813_23_73_capped_captess4.msh,8016,backslash,320,0.0886111111,13.7064864,0.6781174,-1,-1,-1,true,cold,0,-1,3,,,,dense LU,17,0.65,6,36,468,true,multi,64,64,0.00031483934,4.21413801e-07,0.000133457857,0.000198824377,0.000231073242,,,,false,0.371800994,13.3346854,20254,0.0858146891,e818c6384e9722b8ea6a04ecc13483e9331c522f,0ce3ba605bfa0bb6fcfc2a988437c850d45e3e63,LineGaussRegularization,2026-09-07 13:57:59,
R1,dji9443_20260813_23_73_capped_captess4.msh,8016,backslash,321,0.0888888889,9.67327936,0.678255814,-1,-1,-1,true,cold,0,-1,3,,,,dense LU,17,0.65,6,36,468,true,multi,64,64,0.000202452161,2.71043482e-07,8.58176688e-05,0.000127851598,0.000148588122,,,,false,0.356822166,9.31645719,20323,0.0859448571,e818c6384e9722b8ea6a04ecc13483e9331c522f,0ce3ba605bfa0bb6fcfc2a988437c850d45e3e63,LineGaussRegularization,2026-09-07 13:57:59,
R1,dji9443_20260813_23_73_capped_captess4.msh,8016,backslash,322,0.0891666667,13.8219136,0.745989493,-1,-1,-1,true,cold,0,-1,3,,,,dense LU,17,0.65,6,36,468,true,multi,64,64,0.000114416689,1.53096685e-07,4.85002748e-05,7.22556713e-05,8.39749348e-05,,,,false,0.360951213,13.4609623,20381,0.0860546699,e818c6384e9722b8ea6a04ecc13483e9331c522f,0ce3ba605bfa0bb6fcfc2a988437c850d45e3e63,LineGaussRegularization,2026-09-07 13:57:59,
R1,dji9443_20260813_23_73_capped_captess4.msh,8016,backslash,323,0.0894444444,9.78915781,0.764094073,-1,-1,-1,true,cold,0,-1,3,,,,dense LU,17,0.65,6,36,468,true,multi,64,64,5.10906547e-05,6.82677216e-08,2.16567526e-05,3.22642461e-05,3.74973254e-05,,,,false,0.353854793,9.43530302,20440,0.0860918957,e818c6384e9722b8ea6a04ecc13483e9331c522f,0ce3ba605bfa0bb6fcfc2a988437c850d45e3e63,LineGaussRegularization,2026-09-07 13:57:59,
R1,dji9443_20260813_23_73_capped_captess4.msh,8016,backslash,324,0.0897222222,11.244559,0.902309389,-1,-1,-1,true,cold,0,-1,3,,,,dense LU,17,0.65,6,36,468,true,multi,64,64,1.28323196e-05,1.71033616e-08,5.4395491e-06,8.10448393e-06,9.41813518e-06,,,,false,0.264001831,10.9805572,20495,0.0860658411,e818c6384e9722b8ea6a04ecc13483e9331c522f,0ce3ba605bfa0bb6fcfc2a988437c850d45e3e63,LineGaussRegularization,2026-09-07 13:57:59,
R1,dji9443_20260813_23_73_capped_captess4.msh,8016,backslash,325,0.09,15.9294781,0.78248389,-1,-1,-1,true,cold,0,-1,3,,,,dense LU,17,0.65,6,36,468,true,multi,64,64,5.259682e-09,3.33869217e-15,5.18913625e-11,1.80408172e-10,6.44976877e-10,,,,false,0.248045893,15.6814322,20555,0.0858854042,e818c6384e9722b8ea6a04ecc13483e9331c522f,0ce3ba605bfa0bb6fcfc2a988437c850d45e3e63,LineGaussRegularization,2026-09-07 13:57:59,
R1,dji9443_20260813_23_73_capped_captess4.msh,8016,backslash,326,0.0902777778,10.1992935,0.981402769,-1,-1,-1,true,cold,0,-1,3,,,,dense LU,17,0.65,6,36,468,true,multi,64,64,5.47034904e-09,1.77058888e-14,6.72188845e-11,2.71264079e-10,9.33881318e-10,,,,false,0.262949882,9.9363436,20622,0.085551413,e818c6384e9722b8ea6a04ecc13483e9331c522f,0ce3ba605bfa0bb6fcfc2a988437c850d45e3e63,LineGaussRegularization,2026-09-07 13:57:59,
R1,dji9443_20260813_23_73_capped_captess4.msh,8016,backslash,327,0.0905555556,12.5722506,0.709302462,-1,-1,-1,true,cold,0,-1,3,,,,dense LU,17,0.65,6,36,468,true,multi,64,64,7.09159014e-09,1.05002812e-14,5.01445083e-11,1.40026986e-10,4.42071786e-10,,,,false,0.348449634,12.223801,20688,0.0850956844,e818c6384e9722b8ea6a04ecc13483e9331c522f,0ce3ba605bfa0bb6fcfc2a988437c850d45e3e63,LineGaussRegularization,2026-09-07 13:57:59,
R1,dji9443_20260813_23_73_capped_captess4.msh,8016,backslash,328,0.0908333333,11.6295312,0.796438173,-1,-1,-1,true,cold,0,-1,3,,,,dense LU,17,0.65,6,36,468,true,multi,64,64,5.98720346e-09,3.38921599e-15,3.00914849e-11,6.99911808e-11,1.88477255e-10,,,,false,0.277682329,11.3518489,20746,0.0845213176,e818c6384e9722b8ea6a04ecc13483e9331c522f,0ce3ba605bfa0bb6fcfc2a988437c850d45e3e63,LineGaussRegularization,2026-09-07 13:57:59,
R1,dji9443_20260813_23_73_capped_captess4.msh,8016,backslash,329,0.0911111111,11.6609124,0.793031604,-1,-1,-1,true,cold,0,-1,3,,,,dense LU,17,0.65,6,36,468,true,multi,64,64,2.18295623e-09,3.68455266e-15,2.57571651e-11,6.76646027e-11,2.26151011e-10,,,,false,0.287412444,11.3734999,20802,0.0838730118,e818c6384e9722b8ea6a04ecc13483e9331c522f,0ce3ba605bfa0bb6fcfc2a988437c850d45e3e63,LineGaussRegularization,2026-09-07 13:57:59,
R1,dji9443_20260813_23_73_capped_captess4.msh,8016,backslash,330,0.0913888889,11.4746219,0.684835242,-1,-1,-1,true,cold,0,-1,3,,,,dense LU,17,0.65,6,36,468,true,multi,64,64,2.4571943e-09,1.94592606e-15,2.45739661e-11,6.94893917e-11,2.49958317e-10,,,,false,0.287838175,11.1867838,20874,0.0832447849,e818c6384e9722b8ea6a04ecc13483e9331c522f,0ce3ba605bfa0bb6fcfc2a988437c850d45e3e63,LineGaussRegularization,2026-09-07 13:57:59,
R1,dji9443_20260813_23_73_capped_captess4.msh,8016,backslash,331,0.0916666667,13.1384788,0.717056971,-1,-1,-1,true,cold,0,-1,3,,,,dense LU,17,0.65,6,36,468,true,multi,64,64,1.8832018e-09,5.58320751e-15,2.33329536e-11,7.72802295e-11,3.20112867e-10,,,,false,0.370887056,12.7675918,20935,0.0826833403,e818c6384e9722b8ea6a04ecc13483e9331c522f,0ce3ba605bfa0bb6fcfc2a988437c850d45e3e63,LineGaussRegularization,2026-09-07 13:57:59,
R1,dji9443_20260813_23_73_capped_captess4.msh,8016,backslash,332,0.0919444444,9.21271098,0.662114298,-1,-1,-1,true,cold,0,-1,3,,,,dense LU,17,0.65,6,36,468,true,multi,64,64,1.70170765e-09,3.53233068e-14,4.86059699e-11,1.00053547e-10,2.22729057e-10,,,,false,0.357219384,8.8554916,20997,0.0822695947,e818c6384e9722b8ea6a04ecc13483e9331c522f,0ce3ba605bfa0bb6fcfc2a988437c850d45e3e63,LineGaussRegularization,2026-09-07 13:57:59,
R1,dji9443_20260813_23_73_capped_captess4.msh,8016,backslash,333,0.0922222222,12.074759,0.907409487,-1,-1,-1,true,cold,0,-1,3,,,,dense LU,17,0.65,6,36,468,true,multi,64,64,5.30757679e-09,1.02825734e-14,3.04208082e-11,8.96697005e-11,4.03794929e-10,,,,false,0.270506219,11.8042528,21058,0.0819706642,e818c6384e9722b8ea6a04ecc13483e9331c522f,0ce3ba605bfa0bb6fcfc2a988437c850d45e3e63,LineGaussRegularization,2026-09-07 13:57:59,
R1,dji9443_20260813_23_73_capped_captess4.msh,8016,backslash,334,0.0925,14.1896731,0.890258481,-1,-1,-1,true,cold,0,-1,3,,,,dense LU,17,0.65,6,36,468,true,multi,64,64,4.84732073e-09,1.92380833e-15,4.94136529e-11,1.71411984e-10,6.25559886e-10,,,,false,0.255458058,13.9342151,21121,0.0819246986,e818c6384e9722b8ea6a04ecc13483e9331c522f,0ce3ba605bfa0bb6fcfc2a988437c850d45e3e63,LineGaussRegularization,2026-09-07 13:57:59,
R1,dji9443_20260813_23_73_capped_captess4.msh,8016,backslash,335,0.0927777778,12.134311,1.0359328,-1,-1,-1,true,cold,0,-1,3,,,,dense LU,17,0.65,6,36,468,true,multi,64,64,5.13299875e-09,2.90115154e-14,6.03386425e-11,2.49718678e-10,8.90468533e-10,,,,false,0.281319763,11.8529912,21177,0.0819511012,e818c6384e9722b8ea6a04ecc13483e9331c522f,0ce3ba605bfa0bb6fcfc2a988437c850d45e3e63,LineGaussRegularization,2026-09-07 13:57:59,
R1,dji9443_20260813_23_73_capped_captess4.msh,8016,backslash,336,0.0930555556,10.533854,0.685529259,-1,-1,-1,true,cold,0,-1,3,,,,dense LU,17,0.65,6,36,468,true,multi,64,64,7.23870194e-09,1.26643487e-14,4.9470623e-11,1.35226182e-10,4.30302425e-10,,,,false,0.344613017,10.189241,21245,0.0819656341,e818c6384e9722b8ea6a04ecc13483e9331c522f,0ce3ba605bfa0bb6fcfc2a988437c850d45e3e63,LineGaussRegularization,2026-09-07 13:57:59,
R1,dji9443_20260813_23_73_capped_captess4.msh,8016,backslash,337,0.0933333333,10.5603369,0.845128224,-1,-1,-1,true,cold,0,-1,3,,,,dense LU,17,0.65,6,36,468,true,multi,64,64,6.03081146e-09,5.710276e-15,2.87426047e-11,6.79445007e-11,1.89461848e-10,,,,false,0.387265358,10.1730715,21303,0.0819589166,e818c6384e9722b8ea6a04ecc13483e9331c522f,0ce3ba605bfa0bb6fcfc2a988437c850d45e3e63,LineGaussRegularization,2026-09-07 13:57:59,
R1,dji9443_20260813_23_73_capped_captess4.msh,8016,backslash,338,0.0936111111,10.6266374,0.67145078,-1,-1,-1,true,cold,0,-1,3,,,,dense LU,17,0.65,6,36,468,true,multi,64,64,2.00723385e-09,3.98119038e-15,2.63929165e-11,6.72536241e-11,2.22690568e-10,,,,false,0.379427512,10.2472099,21365,0.0818443306,e818c6384e9722b8ea6a04ecc13483e9331c522f,0ce3ba605bfa0bb6fcfc2a988437c850d45e3e63,LineGaussRegularization,2026-09-07 13:57:59,
R1,dji9443_20260813_23_73_capped_captess4.msh,8016,backslash,339,0.0938888889,11.7924912,0.679998962,-1,-1,-1,true,cold,0,-1,3,,,,dense LU,17,0.65,6,36,468,true,multi,64,64,2.5005262e-09,1.19739288e-15,2.41730475e-11,6.85677569e-11,2.36381527e-10,,,,false,0.396182003,11.3963092,21422,0.081671074,e818c6384e9722b8ea6a04ecc13483e9331c522f,0ce3ba605bfa0bb6fcfc2a988437c850d45e3e63,LineGaussRegularization,2026-09-07 13:57:59,
R1,dji9443_20260813_23_73_capped_captess4.msh,8016,backslash,340,0.0941666667,10.9250671,0.746244501,-1,-1,-1,true,cold,0,-1,3,,,,dense LU,17,0.65,6,36,468,true,multi,64,64,1.88086201e-09,1.67849675e-14,2.25847795e-11,7.55121703e-11,3.23367269e-10,,,,false,0.371501783,10.5535653,21480,0.0815754786,e818c6384e9722b8ea6a04ecc13483e9331c522f,0ce3ba605bfa0bb6fcfc2a988437c850d45e3e63,LineGaussRegularization,2026-09-07 13:57:59,
R1,dji9443_20260813_23_73_capped_captess4.msh,8016,backslash,341,0.0944444444,9.85722232,0.764160417,-1,-1,-1,true,cold,0,-1,3,,,,dense LU,17,0.65,6,36,468,true,multi,64,64,1.68243925e-09,2.67754569e-15,4.84176757e-11,9.98026605e-11,2.19486169e-10,,,,false,0.257285936,9.59993638,21548,0.0814742307,e818c6384e9722b8ea6a04ecc13483e9331c522f,0ce3ba605bfa0bb6fcfc2a988437c850d45e3e63,LineGaussRegularization,2026-09-07 13:57:59,
R1,dji9443_20260813_23_73_capped_captess4.msh,8016,backslash,342,0.0947222222,10.9530297,0.902690606,-1,-1,-1,true,cold,0,-1,3,,,,dense LU,17,0.65,6,36,468,true,multi,64,64,5.19843128e-09,1.07578876e-14,2.81038691e-11,8.80190313e-11,3.75751176e-10,,,,false,0.366648271,10.5863815,21611,0.0812359308,e818c6384e9722b8ea6a04ecc13483e9331c522f,0ce3ba605bfa0bb6fcfc2a988437c850d45e3e63,LineGaussRegularization,2026-09-07 13:57:59,
R1,dji9443_20260813_23_73_capped_captess4.msh,8016,backslash,343,0.095,10.7982028,0.782140244,-1,-1,-1,true,cold,0,-1,3,,,,dense LU,17,0.65,6,36,468,true,multi,64,64,4.63148742e-09,6.09061412e-15,4.62653741e-11,1.57159168e-10,5.7449821e-10,,,,false,0.243652157,10.5545507,21676,0.0808977121,e818c6384e9722b8ea6a04ecc13483e9331c522f,0ce3ba605bfa0bb6fcfc2a988437c850d45e3e63,LineGaussRegularization,2026-09-07 13:57:59,
R1,dji9443_20260813_23_73_capped_captess4.msh,8016,backslash,344,0.0952777778,10.8618877,0.980963585,-1,-1,-1,true,cold,0,-1,3,,,,dense LU,17,0.65,6,36,468,true,multi,64,64,4.78921386e-09,1.84388095e-14,5.46301249e-11,2.31462383e-10,8.10904261e-10,,,,false,0.26179491,10.6000928,21733,0.080475093,e818c6384e9722b8ea6a04ecc13483e9331c522f,0ce3ba605bfa0bb6fcfc2a988437c850d45e3e63,LineGaussRegularization,2026-09-07 13:57:59,
R1,dji9443_20260813_23_73_capped_captess4.msh,8016,backslash,345,0.0955555556,13.3807359,0.707766144,-1,-1,-1,true,cold,0,-1,3,,,,dense LU,17,0.65,6,36,468,true,multi,64,64,7.3175155e-09,5.00788647e-14,4.54760123e-11,1.1991297e-10,4.14535177e-10,,,,false,0.252880919,13.127855,21786,0.0800278605,e818c6384e9722b8ea6a04ecc13483e9331c522f,0ce3ba605bfa0bb6fcfc2a988437c850d45e3e63,LineGaussRegularization,2026-09-07 13:57:59,
R1,dji9443_20260813_23_73_capped_captess4.msh,8016,backslash,346,0.0958333333,12.3187575,0.896006213,-1,-1,-1,true,cold,0,-1,3,,,,dense LU,17,0.65,6,36,468,true,multi,64,64,6.04745978e-09,2.02741469e-14,2.80423302e-11,6.2942655e-11,1.77899807e-10,,,,false,0.26207717,12.0566803,21847,0.0796332989,e818c6384e9722b8ea6a04ecc13483e9331c522f,0ce3ba605bfa0bb6fcfc2a988437c850d45e3e63,LineGaussRegularization,2026-09-07 13:57:59,
R1,dji9443_20260813_23_73_capped_captess4.msh,8016,backslash,347,0.0961111111,12.1258079,0.789433546,-1,-1,-1,true,cold,0,-1,3,,,,dense LU,17,0.65,6,36,468,true,multi,64,64,1.82821126e-09,4.9417935e-15,2.20259579e-11,6.41576861e-11,2.22324706e-10,,,,false,0.376486561,11.7493213,21914,0.0793511191,e818c6384e9722b8ea6a04ecc13483e9331c522f,0ce3ba605bfa0bb6fcfc2a988437c850d45e3e63,LineGaussRegularization,2026-09-07 13:57:59,
R1,dji9443_20260813_23_73_capped_captess4.msh,8016,backslash,348,0.0963888889,12.2639737,0.942515863,-1,-1,-1,true,cold,0,-1,3,,,,dense LU,17,0.65,6,36,468,true,multi,64,64,2.49157093e-09,1.618497e-14,2.61534991e-11,6.38284625e-11,2.35367636e-10,,,,false,0.267979485,11.9959942,21974,0.0792290928,e818c6384e9722b8ea6a04ecc13483e9331c522f,0ce3ba605bfa0bb6fcfc2a988437c850d45e3e63,LineGaussRegularization,2026-09-07 13:57:59,
R1,dji9443_20260813_23_73_capped_captess4.msh,8016,backslash,349,0.0966666667,12.2023474,0.716723218,-1,-1,-1,true,cold,0,-1,3,,,,dense LU,17,0.65,6,36,468,true,multi,64,64,1.85124257e-09,3.51173084e-15,2.23578478e-11,7.15871242e-11,3.19156796e-10,,,,false,0.401487548,11.8008598,22028,0.0791417579,e818c6384e9722b8ea6a04ecc13483e9331c522f,0ce3ba605bfa0bb6fcfc2a988437c850d45e3e63,LineGaussRegularization,2026-09-07 13:57:59,
R1,dji9443_20260813_23_73_capped_captess4.msh,8016,backslash,350,0.0969444444,12.0156077,0.755754449,-1,-1,-1,true,cold,0,-1,3,,,,dense LU,17,0.65,6,36,468,true,multi,64,64,1.64788187e-09,1.70757505e-14,4.51563899e-11,9.53901324e-11,2.15289206e-10,,,,false,0.256536488,11.7590712,22090,0.0792732132,e818c6384e9722b8ea6a04ecc13483e9331c522f,0ce3ba605bfa0bb6fcfc2a988437c850d45e3e63,LineGaussRegularization,2026-09-07 13:57:59,
R1,dji9443_20260813_23_73_capped_captess4.msh,8016,backslash,351,0.0972222222,17.8296254,0.904159897,-1,-1,-1,true,cold,0,-1,3,,,,dense LU,17,0.65,6,36,468,true,multi,64,64,5.1060471e-09,6.1387527e-14,2.66535822e-11,8.3916592e-11,3.42440487e-10,,,,false,0.393962351,17.435663,22149,0.0795398694,e818c6384e9722b8ea6a04ecc13483e9331c522f,0ce3ba605bfa0bb6fcfc2a988437c850d45e3e63,LineGaussRegularization,2026-09-07 13:57:59,
R1,dji9443_20260813_23_73_capped_captess4.msh,8016,backslash,352,0.0975,12.8577907,0.781573743,-1,-1,-1,true,cold,0,-1,3,,,,dense LU,17,0.65,6,36,468,true,multi,64,64,4.40741161e-09,1.23850583e-14,4.52182528e-11,1.50147038e-10,5.45215631e-10,,,,false,0.344386763,12.5134039,22195,0.0797946131,e818c6384e9722b8ea6a04ecc13483e9331c522f,0ce3ba605bfa0bb6fcfc2a988437c850d45e3e63,LineGaussRegularization,2026-09-07 13:57:59,
R1,dji9443_20260813_23_73_capped_captess4.msh,8016,backslash,353,0.0977777778,12.6030322,1.12576579,-1,-1,-1,true,cold,0,-1,3,,,,dense LU,17,0.65,6,36,468,true,multi,64,64,4.70603599e-09,3.18369463e-14,4.66533539e-11,2.14684131e-10,7.75228286e-10,,,,false,0.266984867,12.3360474,22240,0.0799844095,e818c6384e9722b8ea6a04ecc13483e9331c522f,0ce3ba605bfa0bb6fcfc2a988437c850d45e3e63,LineGaussRegularization,2026-09-07 13:57:59,
R1,dji9443_20260813_23_73_capped_captess4.msh,8016,backslash,354,0.0980555556,12.6652221,0.681132526,-1,-1,-1,true,cold,0,-1,3,,,,dense LU,17,0.65,6,36,468,true,multi,64,64,7.43563703e-09,1.8224788e-14,4.52413714e-11,1.19295243e-10,4.12828026e-10,,,,false,0.354688316,12.3105338,22286,0.080024154,e818c6384e9722b8ea6a04ecc13483e9331c522f,0ce3ba605bfa0bb6fcfc2a988437c850d45e3e63,LineGaussRegularization,2026-09-07 13:57:59,
R1,dji9443_20260813_23_73_capped_captess4.msh,8016,backslash,355,0.0983333333,11.1236622,0.83009349,-1,-1,-1,true,cold,0,-1,3,,,,dense LU,17,0.65,6,36,468,true,multi,64,64,6.12249782e-09,3.75827841e-15,2.70855764e-11,6.12421129e-11,1.76042181e-10,,,,false,0.389273933,10.7343883,22338,0.080002371,e818c6384e9722b8ea6a04ecc13483e9331c522f,0ce3ba605bfa0bb6fcfc2a988437c850d45e3e63,LineGaussRegularization,2026-09-07 13:57:59,
R1,dji9443_20260813_23_73_capped_captess4.msh,8016,backslash,356,0.0986111111,10.7592984,0.669971468,-1,-1,-1,true,cold,0,-1,3,,,,dense LU,17,0.65,6,36,468,true,multi,64,64,1.50967901e-09,3.01928621e-15,2.44104927e-11,6.45067465e-11,2.20643049e-10,,,,false,0.360710044,10.3985884,22379,0.0799662286,e818c6384e9722b8ea6a04ecc13483e9331c522f,0ce3ba605bfa0bb6fcfc2a988437c850d45e3e63,LineGaussRegularization,2026-09-07 13:57:59,
R1,dji9443_20260813_23_73_capped_captess4.msh,8016,backslash,357,0.0988888889,11.1965438,0.801999516,-1,-1,-1,true,cold,0,-1,3,,,,dense LU,17,0.65,6,36,468,true,multi,64,64,2.54836395e-09,8.61333574e-15,2.58657364e-11,6.52234976e-11,2.30121043e-10,,,,false,0.269311023,10.9272328,22423,0.0798774338,e818c6384e9722b8ea6a04ecc13483e9331c522f,0ce3ba605bfa0bb6fcfc2a988437c850d45e3e63,LineGaussRegularization,2026-09-07 13:57:59,
R1,dji9443_20260813_23_73_capped_captess4.msh,8016,backslash,358,0.0991666667,11.3070314,0.741801313,-1,-1,-1,true,cold,0,-1,3,,,,dense LU,17,0.65,6,36,468,true,multi,64,64,1.85526139e-09,1.8048063e-14,2.11310552e-11,7.3873116e-11,2.67912567e-10,,,,false,0.260617808,11.0464136,22475,0.079678238,e818c6384e9722b8ea6a04ecc13483e9331c522f,0ce3ba605bfa0bb6fcfc2a988437c850d45e3e63,LineGaussRegularization,2026-09-07 13:57:59,
R1,dji9443_20260813_23_73_capped_captess4.msh,8016,backslash,359,0.0994444444,11.1576955,0.762109252,-1,-1,-1,true,cold,0,-1,3,,,,dense LU,17,0.65,6,36,468,true,multi,64,64,1.63377348e-09,3.60796462e-14,4.76901547e-11,9.72299463e-11,2.10676767e-10,,,,false,0.254071283,10.9036242,22517,0.0794339844,e818c6384e9722b8ea6a04ecc13483e9331c522f,0ce3ba605bfa0bb6fcfc2a988437c850d45e3e63,LineGaussRegularization,2026-09-07 13:57:59,
R1,dji9443_20260813_23_73_capped_captess4.msh,8016,backslash,360,0.0997222222,12.9312005,0.902437016,-1,-1,-1,true,cold,0,-1,3,,,,dense LU,17,0.65,6,36,468,true,multi,64,64,5.01991852e-09,1.14594884e-14,2.53245142e-11,8.14495494e-11,3.25918048e-10,,,,false,0.261851079,12.6693495,22564,0.079251275,e818c6384e9722b8ea6a04ecc13483e9331c522f,0ce3ba605bfa0bb6fcfc2a988437c850d45e3e63,LineGaussRegularization,2026-09-07 13:57:59,
R1,dji9443_20260813_23_73_capped_captess4.msh,8016,backslash,361,0.1,11.5631644,0.781555608,-1,-1,-1,true,cold,0,-1,3,,,,dense LU,17,0.65,6,36,468,true,multi,64,64,4.29373602e-09,1.32359401e-14,4.24848598e-11,1.37710893e-10,5.22642152e-10,,,,false,0.240252826,11.3229116,22589,0.0791236576,e818c6384e9722b8ea6a04ecc13483e9331c522f,0ce3ba605bfa0bb6fcfc2a988437c850d45e3e63,LineGaussRegularization,2026-09-07 13:57:59,
R1,dji9443_20260813_23_73_capped_captess4.msh,8016,backslash,362,0.100277778,13.4985203,1.08136858,-1,-1,-1,true,cold,0,-1,3,,,,dense LU,17,0.65,6,36,468,true,multi,64,64,4.47770196e-09,1.58718524e-14,4.02868797e-11,1.87558434e-10,6.72779021e-10,,,,false,0.260181298,13.238339,22628,0.0791284254,e818c6384e9722b8ea6a04ecc13483e9331c522f,0ce3ba605bfa0bb6fcfc2a988437c850d45e3e63,LineGaussRegularization,2026-09-07 13:57:59,
R1,dji9443_20260813_23_73_capped_captess4.msh,8016,backslash,363,0.100555556,12.9457115,0.718079357,-1,-1,-1,true,cold,0,-1,3,,,,dense LU,17,0.65,6,36,468,true,multi,64,64,7.46805018e-09,4.90042035e-14,4.32970274e-11,1.11100889e-10,4.01503358e-10,,,,false,0.417757161,12.5279543,22660,0.0792729971,e818c6384e9722b8ea6a04ecc13483e9331c522f,0ce3ba605bfa0bb6fcfc2a988437c850d45e3e63,LineGaussRegularization,2026-09-07 13:57:59,
R1,dji9443_20260813_23_73_capped_captess4.msh,8016,backslash,364,0.100833333,14.6033469,0.800726807,-1,-1,-1,true,cold,0,-1,3,,,,dense LU,17,0.65,6,36,468,true,multi,64,64,6.18822938e-09,1.23712482e-14,2.52930288e-11,5.89710546e-11,1.68445616e-10,,,,false,0.264982525,14.3383643,22703,0.0796289355,e818c6384e9722b8ea6a04ecc13483e9331c522f,0ce3ba605bfa0bb6fcfc2a988437c850d45e3e63,LineGaussRegularization,2026-09-07 13:57:59,
R1,dji9443_20260813_23_73_capped_captess4.msh,8016,backslash,365,0.101111111,13.0117296,0.795599291,-1,-1,-1,true,cold,0,-1,3,,,,dense LU,17,0.65,6,36,468,true,multi,64,64,1.26805535e-09,3.36284819e-14,2.68881824e-11,7.10563709e-11,2.00095735e-10,,,,false,0.276963525,12.734766,22751,0.0800303229,e818c6384e9722b8ea6a04ecc13483e9331c522f,0ce3ba605bfa0bb6fcfc2a988437c850d45e3e63,LineGaussRegularization,2026-09-07 13:57:59,
R1,dji9443_20260813_23_73_capped_captess4.msh,8016,backslash,366,0.101388889,14.7868881,0.68392337,-1,-1,-1,true,cold,0,-1,3,,,,dense LU,17,0.65,6,36,468,true,multi,64,64,2.60608762e-09,7.5850784e-16,2.60369543e-11,6.31165541e-11,2.25882287e-10,,,,false,0.269862476,14.5170256,22777,0.0803761123,e818c6384e9722b8ea6a04ecc13483e9331c522f,0ce3ba605bfa0bb6fcfc2a988437c850d45e3e63,LineGaussRegularization,2026-09-07 13:57:59,
R1,dji9443_20260813_23_73_capped_captess4.msh,8016,backslash,367,0.101666667,13.2175796,0.7252348,-1,-1,-1,true,cold,0,-1,3,,,,dense LU,17,0.65,6,36,468,true,multi,64,64,1.83785099e-09,8.43942971e-15,1.97585223e-11,7.50468459e-11,2.04602825e-10,,,,false,0.266582966,12.9509967,22814,0.0806085078,e818c6384e9722b8ea6a04ecc13483e9331c522f,0ce3ba605bfa0bb6fcfc2a988437c850d45e3e63,LineGaussRegularization,2026-09-07 13:57:59,
R1,dji9443_20260813_23_73_capped_captess4.msh,8016,backslash,368,0.101944444,12.4400594,0.658319579,-1,-1,-1,true,cold,0,-1,3,,,,dense LU,17,0.65,6,36,468,true,multi,64,64,1.61336903e-09,1.482885e-14,5.17928265e-11,1.02558446e-10,2.12004984e-10,,,,false,0.256859091,12.1832003,22851,0.080695345,e818c6384e9722b8ea6a04ecc13483e9331c522f,0ce3ba605bfa0bb6fcfc2a988437c850d45e3e63,LineGaussRegularization,2026-09-07 13:57:59,
R1,dji9443_20260813_23_73_capped_captess4.msh,8016,backslash,369,0.102222222,13.0060581,0.90061727,-1,-1,-1,true,cold,0,-1,3,,,,dense LU,17,0.65,6,36,468,true,multi,64,64,4.97507993e-09,5.93362165e-15,2.40261929e-11,7.70619538e-11,2.98198437e-10,,,,false,0.261831899,12.7442262,22891,0.080637079,e818c6384e9722b8ea6a04ecc13483e9331c522f,0ce3ba605bfa0bb6fcfc2a988437c850d45e3e63,LineGaussRegularization,2026-09-07 13:57:59,
R1,dji9443_20260813_23_73_capped_captess4.msh,8016,backslash,370,0.1025,13.1017801,0.786521365,-1,-1,-1,true,cold,0,-1,3,,,,dense LU,17,0.65,6,36,468,true,multi,64,64,4.1982877e-09,1.54303653e-15,4.09797279e-11,1.31217615e-10,5.02401988e-10,,,,false,0.248258211,12.8535219,22936,0.080578581,e818c6384e9722b8ea6a04ecc13483e9331c522f,0ce3ba605bfa0bb6fcfc2a988437c850d45e3e63,LineGaussRegularization,2026-09-07 13:57:59,
R1,dji9443_20260813_23_73_capped_captess4.msh,8016,backslash,371,0.102777778,11.5473395,1.04337646,-1,-1,-1,true,cold,0,-1,3,,,,dense LU,17,0.65,6,36,468,true,multi,64,64,4.41352585e-09,3.91639846e-14,3.02315594e-11,1.86819919e-10,6.00847295e-10,,,,false,0.272925701,11.2744138,22970,0.0804875287,e818c6384e9722b8ea6a04ecc13483e9331c522f,0ce3ba605bfa0bb6fcfc2a988437c850d45e3e63,LineGaussRegularization,2026-09-07 13:57:59,
R1,dji9443_20260813_23_73_capped_captess4.msh,8016,backslash,372,0.103055556,11.4468537,0.681312591,-1,-1,-1,true,cold,0,-1,3,,,,dense LU,17,0.65,6,36,468,true,multi,64,64,7.60622136e-09,2.16337365e-14,4.11373722e-11,1.1340734e-10,3.99434103e-10,,,,false,0.25405601,11.1927977,23011,0.0804708994,e818c6384e9722b8ea6a04ecc13483e9331c522f,0ce3ba605bfa0bb6fcfc2a988437c850d45e3e63,LineGaussRegularization,2026-09-07 13:57:59,
R1,dji9443_20260813_23_73_capped_captess4.msh,8016,backslash,373,0.103333333,11.6181124,0.829780832,-1,-1,-1,true,cold,0,-1,3,,,,dense LU,17,0.65,6,36,468,true,multi,64,64,6.29262149e-09,9.98246624e-15,2.34842601e-11,5.54678877e-11,1.69378627e-10,,,,false,0.264444454,11.353668,23049,0.0805616711,e818c6384e9722b8ea6a04ecc13483e9331c522f,0ce3ba605bfa0bb6fcfc2a988437c850d45e3e63,LineGaussRegularization,2026-09-07 13:57:59,
R1,dji9443_20260813_23_73_capped_captess4.msh,8016,backslash,374,0.103611111,11.3355108,0.670372047,-1,-1,-1,true,cold,0,-1,3,,,,dense LU,17,0.65,6,36,468,true,multi,64,64,1.25072946e-09,3.42662097e-15,3.00082745e-11,7.94649086e-11,1.88464052e-10,,,,false,0.269384969,11.0661258,23097,0.0806570991,e818c6384e9722b8ea6a04ecc13483e9331c522f,0ce3ba605bfa0bb6fcfc2a988437c850d45e3e63,LineGaussRegularization,2026-09-07 13:57:59,
R1,dji9443_20260813_23_73_capped_captess4.msh,8016,backslash,375,0.103888889,16.9266756,0.675339733,-1,-1,-1,true,cold,0,-1,3,,,,dense LU,17,0.65,6,36,468,true,multi,64,64,2.65071541e-09,3.79025153e-14,2.62102631e-11,6.49136589e-11,2.23156038e-10,,,,false,0.270037345,16.6566382,23135,0.0807199169,e818c6384e9722b8ea6a04ecc13483e9331c522f,0ce3ba605bfa0bb6fcfc2a988437c850d45e3e63,LineGaussRegularization,2026-09-07 13:57:59,
R1,dji9443_20260813_23_73_capped_captess4.msh,8016,backslash,376,0.104166667,11.8068753,0.741087748,-1,-1,-1,true,cold,0,-1,3,,,,dense LU,17,0.65,6,36,468,true,multi,64,64,1.85081745e-09,2.06215253e-15,1.61031765e-11,5.80590988e-11,1.73972847e-10,,,,false,0.267197513,11.5396778,23179,0.0808506194,e818c6384e9722b8ea6a04ecc13483e9331c522f,0ce3ba605bfa0bb6fcfc2a988437c850d45e3e63,LineGaussRegularization,2026-09-07 13:57:59,
R1,dji9443_20260813_23_73_capped_captess4.msh,8016,backslash,377,0.104444444,11.7352173,0.883475539,-1,-1,-1,true,cold,0,-1,3,,,,dense LU,17,0.65,6,36,468,true,multi,64,64,1.60045454e-09,2.29320686e-14,5.01029474e-11,1.08346813e-10,2.04459821e-10,,,,false,0.251342323,11.483875,23223,0.0809383121,e818c6384e9722b8ea6a04ecc13483e9331c522f,0ce3ba605bfa0bb6fcfc2a988437c850d45e3e63,LineGaussRegularization,2026-09-07 13:57:59,
R1,dji9443_20260813_23_73_capped_captess4.msh,8016,backslash,378,0.104722222,11.8540052,0.89972941,-1,-1,-1,true,cold,0,-1,3,,,,dense LU,17,0.65,6,36,468,true,multi,64,64,4.9091937e-09,1.01117031e-14,2.1987627e-11,6.79708321e-11,2.77567003e-10,,,,false,0.360999678,11.4930056,23268,0.0809433495,e818c6384e9722b8ea6a04ecc13483e9331c522f,0ce3ba605bfa0bb6fcfc2a988437c850d45e3e63,LineGaussRegularization,2026-09-07 13:57:59,
R1,dji9443_20260813_23_73_capped_captess4.msh,8016,backslash,379,0.105,13.8014457,0.780181032,-1,-1,-1,true,cold,0,-1,3,,,,dense LU,17,0.65,6,36,468,true,multi,64,64,4.17608204e-09,7.3174973e-15,3.56578682e-11,1.20648641e-10,4.00007992e-10,,,,false,0.240284107,13.5611615,23316,0.0809586366,e818c6384e9722b8ea6a04ecc13483e9331c522f,0ce3ba605bfa0bb6fcfc2a988437c850d45e3e63,LineGaussRegularization,2026-09-07 13:57:59,
R1,dji9443_20260813_23_73_capped_captess4.msh,8016,backslash,380,0.105277778,11.2450559,0.980801347,-1,-1,-1,true,cold,0,-1,3,,,,dense LU,17,0.65,6,36,468,true,multi,64,64,4.34604609e-09,2.19024018e-14,2.93824099e-11,1.5040092e-10,4.40458506e-10,,,,false,0.259639342,10.9854165,23353,0.0808294399,e818c6384e9722b8ea6a04ecc13483e9331c522f,0ce3ba605bfa0bb6fcfc2a988437c850d45e3e63,LineGaussRegularization,2026-09-07 13:57:59,
R1,dji9443_20260813_23_73_capped_captess4.msh,8016,backslash,381,0.105555556,13.2721454,0.706063589,-1,-1,-1,true,cold,0,-1,3,,,,dense LU,17,0.65,6,36,468,true,multi,64,64,7.61744172e-09,3.46857959e-14,3.93803549e-11,1.09862508e-10,3.7948478e-10,,,,false,0.253519488,13.0186259,23362,0.0808196079,e818c6384e9722b8ea6a04ecc13483e9331c522f,0ce3ba605bfa0bb6fcfc2a988437c850d45e3e63,LineGaussRegularization,2026-09-07 13:57:59,
R1,dji9443_20260813_23_73_capped_captess4.msh,8016,backslash,382,0.105833333,12.5672129,0.791473984,-1,-1,-1,true,cold,0,-1,3,,,,dense LU,17,0.65,6,36,468,true,multi,64,64,6.31616736e-09,1.20172969e-15,2.10601237e-11,5.30697404e-11,1.71921689e-10,,,,false,0.259014038,12.3081989,23380,0.0809058811,e818c6384e9722b8ea6a04ecc13483e9331c522f,0ce3ba605bfa0bb6fcfc2a988437c850d45e3e63,LineGaussRegularization,2026-09-07 13:57:59,
R1,dji9443_20260813_23_73_capped_captess4.msh,8016,backslash,383,0.106111111,14.0046395,0.788151624,-1,-1,-1,true,cold,0,-1,3,,,,dense LU,17,0.65,6,36,468,true,multi,64,64,1.25235005e-09,9.23826987e-15,2.62442778e-11,7.13212497e-11,2.01450535e-10,,,,false,0.268925534,13.7357139,23409,0.0808869563,e818c6384e9722b8ea6a04ecc13483e9331c522f,0ce3ba605bfa0bb6fcfc2a988437c850d45e3e63,LineGaussRegularization,2026-09-07 13:57:59,
R1,dji9443_20260813_23_73_capped_captess4.msh,8016,backslash,384,0.106388889,10.558901,0.689643441,-1,-1,-1,true,cold,0,-1,3,,,,dense LU,17,0.65,6,36,468,true,multi,64,64,2.69216134e-09,1.0052072e-14,2.76472365e-11,6.83774125e-11,2.17153566e-10,,,,false,0.380512574,10.1783884,23413,0.0807838713,e818c6384e9722b8ea6a04ecc13483e9331c522f,0ce3ba605bfa0bb6fcfc2a988437c850d45e3e63,LineGaussRegularization,2026-09-07 13:57:59,
R1,dji9443_20260813_23_73_capped_captess4.msh,8016,backslash,385,0.106666667,13.6773768,0.811245381,-1,-1,-1,true,cold,0,-1,3,,,,dense LU,17,0.65,6,36,468,true,multi,64,64,1.83487346e-09,2.95076463e-15,1.75802073e-11,6.72932359e-11,1.58407376e-10,,,,false,0.262578935,13.4147979,23442,0.0805497724,e818c6384e9722b8ea6a04ecc13483e9331c522f,0ce3ba605bfa0bb6fcfc2a988437c850d45e3e63,LineGaussRegularization,2026-09-07 13:57:59,
R1,dji9443_20260813_23_73_capped_captess4.msh,8016,backslash,386,0.106944444,13.337961,0.659013914,-1,-1,-1,true,cold,0,-1,3,,,,dense LU,17,0.65,6,36,468,true,multi,64,64,1.7291662e-09,4.87999398e-16,4.47855902e-11,1.06689604e-10,2.2501112e-10,,,,false,0.360151707,12.9778093,23457,0.0802772628,e818c6384e9722b8ea6a04ecc13483e9331c522f,0ce3ba605bfa0bb6fcfc2a988437c850d45e3e63,LineGaussRegularization,2026-09-07 13:57:59,
R1,dji9443_20260813_23_73_capped_captess4.msh,8016,backslash,387,0.107222222,19.3225906,0.902173966,-1,-1,-1,true,cold,0,-1,3,,,,dense LU,17,0.65,6,36,468,true,multi,64,64,4.9339749e-09,5.32560107e-15,1.74769088e-11,5.00019926e-11,2.37417639e-10,,,,false,0.26276197,19.0598286,23498,0.0799452128,e818c6384e9722b8ea6a04ecc13483e9331c522f,0ce3ba605bfa0bb6fcfc2a988437c850d45e3e63,LineGaussRegularization,2026-09-07 13:57:59,
R1,dji9443_20260813_23_73_capped_captess4.msh,8016,backslash,388,0.1075,19.4791989,0.794054022,-1,-1,-1,true,cold,0,-1,3,,,,dense LU,17,0.65,6,36,468,true,multi,64,64,4.01589755e-09,2.27396227e-14,2.72390287e-11,9.21436534e-11,2.46652279e-10,,,,false,0.260052463,19.2191464,23530,0.0795583866,e818c6384e9722b8ea6a04ecc13483e9331c522f,0ce3ba605bfa0bb6fcfc2a988437c850d45e3e63,LineGaussRegularization,2026-09-07 13:57:59,
R1,dji9443_20260813_23_73_capped_captess4.msh,8016,backslash,389,0.107777778,14.1694562,1.03767887,-1,-1,-1,true,cold,0,-1,3,,,,dense LU,17,0.65,6,36,468,true,multi,64,64,4.36619361e-09,1.41284554e-14,3.2542447e-11,1.26162459e-10,3.39622626e-10,,,,false,0.272187794,13.8972684,23573,0.0789830894,e818c6384e9722b8ea6a04ecc13483e9331c522f,0ce3ba605bfa0bb6fcfc2a988437c850d45e3e63,LineGaussRegularization,2026-09-07 13:57:59,
R1,dji9443_20260813_23_73_capped_captess4.msh,8016,backslash,390,0.108055556,18.8559009,0.681678804,-1,-1,-1,true,cold,0,-1,3,,,,dense LU,17,0.65,6,36,468,true,multi,64,64,7.59503892e-09,8.40126579e-15,3.39197299e-11,8.71713346e-11,3.31891404e-10,,,,false,0.256570161,18.5993307,23608,0.0782669853,e818c6384e9722b8ea6a04ecc13483e9331c522f,0ce3ba605bfa0bb6fcfc2a988437c850d45e3e63,LineGaussRegularization,2026-09-07 13:57:59,
R1,dji9443_20260813_23_73_capped_captess4.msh,8016,backslash,391,0.108333333,16.3100716,0.833709963,-1,-1,-1,true,cold,0,-1,3,,,,dense LU,17,0.65,6,36,468,true,multi,64,64,6.23319068e-09,4.4226775e-15,2.05828844e-11,5.32635479e-11,1.45046089e-10,,,,false,0.369521401,15.9405502,23648,0.0775314952,e818c6384e9722b8ea6a04ecc13483e9331c522f,0ce3ba605bfa0bb6fcfc2a988437c850d45e3e63,LineGaussRegularization,2026-09-07 13:57:59,
R1,dji9443_20260813_23_73_capped_captess4.msh,8016,backslash,392,0.108611111,12.7936454,0.677333133,-1,-1,-1,true,cold,0,-1,3,,,,dense LU,17,0.65,6,36,468,true,multi,64,64,1.21803181e-09,4.15787196e-14,2.64734245e-11,6.0410913e-11,2.09022502e-10,,,,false,0.365299237,12.4283462,23687,0.0767784671,e818c6384e9722b8ea6a04ecc13483e9331c522f,0ce3ba605bfa0bb6fcfc2a988437c850d45e3e63,LineGaussRegularization,2026-09-07 13:57:59,
R1,dji9443_20260813_23_73_capped_captess4.msh,8016,backslash,393,0.108888889,14.1981771,0.677813978,-1,-1,-1,true,cold,0,-1,3,,,,dense LU,17,0.65,6,36,468,true,multi,64,64,2.60522673e-09,2.92162128e-14,2.68322244e-11,5.94637887e-11,2.19578214e-10,,,,false,0.368566133,13.829611,23729,0.0759921309,e818c6384e9722b8ea6a04ecc13483e9331c522f,0ce3ba605bfa0bb6fcfc2a988437c850d45e3e63,LineGaussRegularization,2026-09-07 13:57:59,
R1,dji9443_20260813_23_73_capped_captess4.msh,8016,backslash,394,0.109166667,13.1651294,0.741403382,-1,-1,-1,true,cold,0,-1,3,,,,dense LU,17,0.65,6,36,468,true,multi,64,64,1.80859435e-09,2.78900167e-15,1.88935408e-11,7.26271369e-11,2.25314403e-10,,,,false,0.362391657,12.8027377,23744,0.0751946834,e818c6384e9722b8ea6a04ecc13483e9331c522f,0ce3ba605bfa0bb6fcfc2a988437c850d45e3e63,LineGaussRegularization,2026-09-07 13:57:59,
R1,dji9443_20260813_23_73_capped_captess4.msh,8016,backslash,395,0.109444444,13.4565368,0.760795281,-1,-1,-1,true,cold,0,-1,3,,,,dense LU,17,0.65,6,36,468,true,multi,64,64,1.64792229e-09,9.7317987e-16,3.50596574e-11,9.7210304e-11,2.48863648e-10,,,,false,0.250918204,13.2056186,23776,0.0743751329,e818c6384e9722b8ea6a04ecc13483e9331c522f,0ce3ba605bfa0bb6fcfc2a988437c850d45e3e63,LineGaussRegularization,2026-09-07 13:57:59,
R1,dji9443_20260813_23_73_capped_captess4.msh,8016,backslash,396,0.109722222,13.2856503,0.901767359,-1,-1,-1,true,cold,0,-1,3,,,,dense LU,17,0.65,6,36,468,true,multi,64,64,4.88298976e-09,7.07767178e-16,1.69514775e-11,3.83516548e-11,1.374963e-10,,,,false,0.369163094,12.9164872,23775,0.0735268015,e818c6384e9722b8ea6a04ecc13483e9331c522f,0ce3ba605bfa0bb6fcfc2a988437c850d45e3e63,LineGaussRegularization,2026-09-07 13:57:59,
R1,dji9443_20260813_23_73_capped_captess4.msh,8016,backslash,397,0.11,19.5143986,0.781994584,-1,-1,-1,true,cold,0,-1,3,,,,dense LU,17,0.65,6,36,468,true,multi,64,64,3.83838243e-09,1.24206201e-15,2.50192415e-11,6.72509522e-11,1.9919791e-10,,,,false,0.241684202,19.2727144,23775,0.0726883327,e818c6384e9722b8ea6a04ecc13483e9331c522f,0ce3ba605bfa0bb6fcfc2a988437c850d45e3e63,LineGaussRegularization,2026-09-07 13:57:59,
R1,dji9443_20260813_23_73_capped_captess4.msh,8016,backslash,398,0.110277778,17.0532764,0.981277264,-1,-1,-1,true,cold,0,-1,3,,,,dense LU,17,0.65,6,36,468,true,multi,64,64,4.14816164e-09,5.90239663e-16,4.66105162e-11,2.09353424e-10,3.84595942e-10,,,,false,0.264843263,16.7884331,23797,0.071899508,e818c6384e9722b8ea6a04ecc13483e9331c522f,0ce3ba605bfa0bb6fcfc2a988437c850d45e3e63,LineGaussRegularization,2026-09-07 13:57:59,
R1,dji9443_20260813_23_73_capped_captess4.msh,8016,backslash,399,0.110555556,17.1972327,0.706716751,-1,-1,-1,true,cold,0,-1,3,,,,dense LU,17,0.65,6,36,468,true,multi,64,64,7.5331924e-09,2.93068521e-14,3.30057682e-11,9.26256303e-11,3.14621249e-10,,,,false,0.349277593,16.8479551,23808,0.0712309689,e818c6384e9722b8ea6a04ecc13483e9331c522f,0ce3ba605bfa0bb6fcfc2a988437c850d45e3e63,LineGaussRegularization,2026-09-07 13:57:59,
R1,dji9443_20260813_23_73_capped_captess4.msh,8016,backslash,400,0.110833333,15.995077,0.798640842,-1,-1,-1,true,cold,0,-1,3,,,,dense LU,17,0.65,6,36,468,true,multi,64,64,6.08246158e-09,5.50787714e-14,2.0858613e-11,5.64870433e-11,1.64837369e-10,,,,false,0.25889913,15.7361779,23838,0.0706481935,e818c6384e9722b8ea6a04ecc13483e9331c522f,0ce3ba605bfa0bb6fcfc2a988437c850d45e3e63,LineGaussRegularization,2026-09-07 13:57:59,
R1,dji9443_20260813_23_73_capped_captess4.msh,8016,backslash,401,0.111111111,16.6384016,0.792005598,-1,-1,-1,true,cold,0,-1,3,,,,dense LU,17,0.65,6,36,468,true,multi,64,64,1.18766011e-09,1.39115065e-14,2.83052736e-11,6.70967691e-11,2.03937984e-10,,,,false,0.275066526,16.3633351,23870,0.0701614145,e818c6384e9722b8ea6a04ecc13483e9331c522f,0ce3ba605bfa0bb6fcfc2a988437c850d45e3e63,LineGaussRegularization,2026-09-07 13:57:59,
R1,dji9443_20260813_23_73_capped_captess4.msh,8016,backslash,402,0.111388889,15.6241933,0.689958752,-1,-1,-1,true,cold,0,-1,3,,,,dense LU,17,0.65,6,36,468,true,multi,64,64,2.51911351e-09,5.95487201e-15,2.65220187e-11,6.35912289e-11,2.15491877e-10,,,,false,0.367154516,15.2570388,23897,0.0697036559,e818c6384e9722b8ea6a04ecc13483e9331c522f,0ce3ba605bfa0bb6fcfc2a988437c850d45e3e63,LineGaussRegularization,2026-09-07 13:57:59,
R1,dji9443_20260813_23_73_capped_captess4.msh,8016,backslash,403,0.111666667,16.4940449,0.715533821,-1,-1,-1,true,cold,0,-1,3,,,,dense LU,17,0.65,6,36,468,true,multi,64,64,1.78540196e-09,1.44003733e-14,1.99962525e-11,6.89330325e-11,2.2257759e-10,,,,false,0.355288037,16.1387568,23932,0.0693048026,e818c6384e9722b8ea6a04ecc13483e9331c522f,0ce3ba605bfa0bb6fcfc2a988437c850d45e3e63,LineGaussRegularization,2026-09-07 13:57:59,
R1,dji9443_20260813_23_73_capped_captess4.msh,8016,backslash,404,0.111944444,16.7304544,0.654893135,-1,-1,-1,true,cold,0,-1,3,,,,dense LU,17,0.65,6,36,468,true,multi,64,64,1.57683135e-09,8.35139249e-15,3.72944403e-11,1.00679874e-10,2.62127171e-10,,,,false,0.255667557,16.4747869,23941,0.0688896126,e818c6384e9722b8ea6a04ecc13483e9331c522f,0ce3ba605bfa0bb6fcfc2a988437c850d45e3e63,LineGaussRegularization,2026-09-07 13:57:59,
R1,dji9443_20260813_23_73_capped_captess4.msh,8016,backslash,405,0.112222222,17.3510212,0.901186397,-1,-1,-1,true,cold,0,-1,3,,,,dense LU,17,0.65,6,36,468,true,multi,64,64,4.88667217e-09,1.86396037e-14,2.17917413e-11,5.33840086e-11,1.24495261e-10,,,,false,0.356139779,16.9948814,23948,0.0684536508,e818c6384e9722b8ea6a04ecc13483e9331c522f,0ce3ba605bfa0bb6fcfc2a988437c850d45e3e63,LineGaussRegularization,2026-09-07 13:57:59,
R1,dji9443_20260813_23_73_capped_captess4.msh,8016,backslash,406,0.1125,18.136785,0.784049542,-1,-1,-1,true,cold,0,-1,3,,,,dense LU,17,0.65,6,36,468,true,multi,64,64,3.83535618e-09,8.50881865e-15,2.20119235e-11,6.27570797e-11,1.47727405e-10,,,,false,0.2474357,17.8893493,23980,0.0679699719,e818c6384e9722b8ea6a04ecc13483e9331c522f,0ce3ba605bfa0bb6fcfc2a988437c850d45e3e63,LineGaussRegularization,2026-09-07 13:57:59,
R1,dji9443_20260813_23_73_capped_captess4.msh,8016,backslash,407,0.112777778,20.1888726,1.12195638,-1,-1,-1,true,cold,0,-1,3,,,,dense LU,17,0.65,6,36,468,true,multi,64,64,4.27858615e-09,1.78477025e-14,5.01492996e-11,1.79204505e-10,5.01688894e-10,,,,false,0.266390872,19.9224817,23997,0.0673957686,e818c6384e9722b8ea6a04ecc13483e9331c522f,0ce3ba605bfa0bb6fcfc2a988437c850d45e3e63,LineGaussRegularization,2026-09-07 13:57:59,
R1,dji9443_20260813_23_73_capped_captess4.msh,8016,backslash,408,0.113055556,19.4105517,0.685388588,-1,-1,-1,true,cold,0,-1,3,,,,dense LU,17,0.65,6,36,468,true,multi,64,64,7.490058e-09,3.02402282e-15,2.81275584e-11,8.425043e-11,2.77351062e-10,,,,false,0.267142565,19.1434092,24020,0.0667989844,e818c6384e9722b8ea6a04ecc13483e9331c522f,0ce3ba605bfa0bb6fcfc2a988437c850d45e3e63,LineGaussRegularization,2026-09-07 13:57:59,
R1,dji9443_20260813_23_73_capped_captess4.msh,8016,backslash,409,0.113333333,18.4305376,0.828362339,-1,-1,-1,true,cold,0,-1,3,,,,dense LU,17,0.65,6,36,468,true,multi,64,64,5.91125124e-09,1.76638218e-15,2.01973949e-11,6.07451442e-11,1.87665477e-10,,,,false,0.385309978,18.0452276,24016,0.0661796731,e818c6384e9722b8ea6a04ecc13483e9331c522f,0ce3ba605bfa0bb6fcfc2a988437c850d45e3e63,LineGaussRegularization,2026-09-07 13:57:59,
R1,dji9443_20260813_23_73_capped_captess4.msh,8016,backslash,410,0.113611111,18.0083499,0.669282731,-1,-1,-1,true,cold,0,-1,3,,,,dense LU,17,0.65,6,36,468,true,multi,64,64,1.13044395e-09,9.54097912e-16,2.55913435e-11,6.11967079e-11,1.99583125e-10,,,,false,0.278437548,17.7299124,24008,0.0655362144,e818c6384e9722b8ea6a04ecc13483e9331c522f,0ce3ba605bfa0bb6fcfc2a988437c850d45e3e63,LineGaussRegularization,2026-09-07 13:57:59,
R1,dji9443_20260813_23_73_capped_captess4.msh,8016,backslash,411,0.113888889,17.7987401,0.677635414,-1,-1,-1,true,cold,0,-1,3,,,,dense LU,17,0.65,6,36,468,true,multi,64,64,2.37899578e-09,1.91253263e-15,2.52514958e-11,6.19917624e-11,2.09273463e-10,,,,false,0.268434569,17.5303055,24019,0.0648439159,e818c6384e9722b8ea6a04ecc13483e9331c522f,0ce3ba605bfa0bb6fcfc2a988437c850d45e3e63,LineGaussRegularization,2026-09-07 13:57:59,
R1,dji9443_20260813_23_73_capped_captess4.msh,8016,backslash,412,0.114166667,18.3494864,0.743279541,-1,-1,-1,true,cold,0,-1,3,,,,dense LU,17,0.65,6,36,468,true,multi,64,64,1.73848977e-09,1.77375475e-16,1.81796076e-11,6.48708895e-11,2.02546533e-10,,,,false,0.389694989,17.9597914,24037,0.064136243,e818c6384e9722b8ea6a04ecc13483e9331c522f,0ce3ba605bfa0bb6fcfc2a988437c850d45e3e63,LineGaussRegularization,2026-09-07 13:57:59,
R1,dji9443_20260813_23_73_capped_captess4.msh,8016,backslash,413,0.114444444,18.5210136,0.762165151,-1,-1,-1,true,cold,0,-1,3,,,,dense LU,17,0.65,6,36,468,true,multi,64,64,1.54564223e-09,1.27771058e-14,3.686604e-11,9.62159098e-11,2.48825309e-10,,,,false,0.361562623,18.159451,24054,0.0634135385,e818c6384e9722b8ea6a04ecc13483e9331c522f,0ce3ba605bfa0bb6fcfc2a988437c850d45e3e63,LineGaussRegularization,2026-09-07 13:57:59,
R1,dji9443_20260813_23_73_capped_captess4.msh,8016,backslash,414,0.114722222,18.5680821,0.90005241,-1,-1,-1,true,cold,0,-1,3,,,,dense LU,17,0.65,6,36,468,true,multi,64,64,4.69068578e-09,1.46952762e-14,1.9420091e-11,5.56987056e-11,1.38513494e-10,,,,false,0.259917507,18.3081646,24054,0.0627646965,e818c6384e9722b8ea6a04ecc13483e9331c522f,0ce3ba605bfa0bb6fcfc2a988437c850d45e3e63,LineGaussRegularization,2026-09-07 13:57:59,
R1,dji9443_20260813_23_73_capped_captess4.msh,8016,backslash,415,0.115,20.8403514,0.780081658,-1,-1,-1,true,cold,0,-1,3,,,,dense LU,17,0.65,6,36,468,true,multi,64,64,3.81161933e-09,3.12683907e-16,2.10628234e-11,5.58542802e-11,1.41591977e-10,,,,false,0.23880706,20.6015444,24045,0.0622075826,e818c6384e9722b8ea6a04ecc13483e9331c522f,0ce3ba605bfa0bb6fcfc2a988437c850d45e3e63,LineGaussRegularization,2026-09-07 13:57:59,
R1,dji9443_20260813_23_73_capped_captess4.msh,8016,backslash,416,0.115277778,19.7489741,0.978724938,-1,-1,-1,true,cold,0,-1,3,,,,dense LU,17,0.65,6,36,468,true,multi,64,64,3.89642161e-09,2.28987836e-14,4.58501388e-11,1.58388511e-10,4.92992492e-10,,,,false,0.263083592,19.4858906,24056,0.0617307213,e818c6384e9722b8ea6a04ecc13483e9331c522f,0ce3ba605bfa0bb6fcfc2a988437c850d45e3e63,LineGaussRegularization,2026-09-07 13:57:59,
R1,dji9443_20260813_23_73_capped_captess4.msh,8016,backslash,417,0.115555556,19.2123424,0.705221094,-1,-1,-1,true,cold,0,-1,3,,,,dense LU,17,0.65,6,36,468,true,multi,64,64,7.36698863e-09,6.11761076e-16,2.68339636e-11,7.80643158e-11,2.63712887e-10,,,,false,0.256955537,18.9553869,24040,0.0613754135,e818c6384e9722b8ea6a04ecc13483e9331c522f,0ce3ba605bfa0bb6fcfc2a988437c850d45e3e63,LineGaussRegularization,2026-09-07 13:57:59,
R1,dji9443_20260813_23_73_capped_captess4.msh,8016,backslash,418,0.115833333,19.0025302,0.793159743,-1,-1,-1,true,cold,0,-1,3,,,,dense LU,17,0.65,6,36,468,true,multi,64,64,5.7423368e-09,3.42564518e-15,1.86528761e-11,5.62972714e-11,1.75521664e-10,,,,false,0.261620114,18.7409101,24039,0.0611265762,e818c6384e9722b8ea6a04ecc13483e9331c522f,0ce3ba605bfa0bb6fcfc2a988437c850d45e3e63,LineGaussRegularization,2026-09-07 13:57:59,
R1,dji9443_20260813_23_73_capped_captess4.msh,8016,backslash,419,0.116111111,19.1844093,0.789132496,-1,-1,-1,true,cold,0,-1,3,,,,dense LU,17,0.65,6,36,468,true,multi,64,64,1.10208548e-09,2.65759637e-15,2.40596319e-11,5.84541534e-11,1.94044097e-10,,,,false,0.270462448,18.9139469,24045,0.0610289971,e818c6384e9722b8ea6a04ecc13483e9331c522f,0ce3ba605bfa0bb6fcfc2a988437c850d45e3e63,LineGaussRegularization,2026-09-07 13:57:59,
R1,dji9443_20260813_23_73_capped_captess4.msh,8016,backslash,420,0.116388889,19.2568246,0.78441799,-1,-1,-1,true,cold,0,-1,3,,,,dense LU,17,0.65,6,36,468,true,multi,64,64,2.30235619e-09,9.64592989e-15,2.40484741e-11,5.90866306e-11,2.03315946e-10,,,,false,0.278212605,18.978612,24056,0.0609937143,e818c6384e9722b8ea6a04ecc13483e9331c522f,0ce3ba605bfa0bb6fcfc2a988437c850d45e3e63,LineGaussRegularization,2026-09-07 13:57:59,
R1,dji9443_20260813_23_73_capped_captess4.msh,8016,backslash,421,0.116666667,19.1447722,0.717301958,-1,-1,-1,true,cold,0,-1,3,,,,dense LU,17,0.65,6,36,468,true,multi,64,64,1.72188269e-09,2.14108245e-14,1.74623372e-11,6.06103102e-11,1.87156993e-10,,,,false,0.386836553,18.7579356,24045,0.0610416677,e818c6384e9722b8ea6a04ecc13483e9331c522f,0ce3ba605bfa0bb6fcfc2a988437c850d45e3e63,LineGaussRegularization,2026-09-07 13:57:59,
R1,dji9443_20260813_23_73_capped_captess4.msh,8016,backslash,422,0.116944444,18.7736165,0.65993082,-1,-1,-1,true,cold,0,-1,3,,,,dense LU,17,0.65,6,36,468,true,multi,64,64,1.54553692e-09,1.20871195e-14,3.62710552e-11,9.28804963e-11,2.38608185e-10,,,,false,0.354556686,18.4190598,24017,0.0610899495,e818c6384e9722b8ea6a04ecc13483e9331c522f,0ce3ba605bfa0bb6fcfc2a988437c850d45e3e63,LineGaussRegularization,2026-09-07 13:57:59,
R1,dji9443_20260813_23_73_capped_captess4.msh,8016,backslash,423,0.117222222,19.2954776,0.995914956,-1,-1,-1,true,cold,0,-1,3,,,,dense LU,17,0.65,6,36,468,true,multi,64,64,4.7720117e-09,1.48627855e-15,1.92808113e-11,5.55516852e-11,1.48093203e-10,,,,false,0.258820544,19.036657,24017,0.06111825,e818c6384e9722b8ea6a04ecc13483e9331c522f,0ce3ba605bfa0bb6fcfc2a988437c850d45e3e63,LineGaussRegularization,2026-09-07 13:57:59,
R1,dji9443_20260813_23_73_capped_captess4.msh,8016,backslash,424,0.1175,20.823131,0.780677334,-1,-1,-1,true,cold,0,-1,3,,,,dense LU,17,0.65,6,36,468,true,multi,64,64,3.79839994e-09,2.05837951e-14,1.66814364e-11,5.22396874e-11,1.41110046e-10,,,,false,0.240240358,20.5828906,24007,0.0610923641,e818c6384e9722b8ea6a04ecc13483e9331c522f,0ce3ba605bfa0bb6fcfc2a988437c850d45e3e63,LineGaussRegularization,2026-09-07 13:57:59,
R1,dji9443_20260813_23_73_capped_captess4.msh,8016,backslash,425,0.117777778,20.6514436,1.02875052,-1,-1,-1,true,cold,0,-1,3,,,,dense LU,17,0.65,6,36,468,true,multi,64,64,4.19777004e-09,4.08700851e-15,4.26136214e-11,1.54172761e-10,4.98786265e-10,,,,false,0.26920181,20.3822418,23998,0.0610248854,e818c6384e9722b8ea6a04ecc13483e9331c522f,0ce3ba605bfa0bb6fcfc2a988437c850d45e3e63,LineGaussRegularization,2026-09-07 13:57:59,
R1,dji9443_20260813_23_73_capped_captess4.msh,8016,backslash,426,0.118055556,18.2525583,0.68059341,-1,-1,-1,true,cold,0,-1,3,,,,dense LU,17,0.65,6,36,468,true,multi,64,64,7.29164297e-09,8.7627388e-15,2.53446345e-11,7.48904782e-11,2.62013966e-10,,,,false,0.376932799,17.8756255,23995,0.060916977,e818c6384e9722b8ea6a04ecc13483e9331c522f,0ce3ba605bfa0bb6fcfc2a988437c850d45e3e63,LineGaussRegularization,2026-09-07 13:57:59,
R1,dji9443_20260813_23_73_capped_captess4.msh,8016,backslash,427,0.118333333,18.6015559,0.826508489,-1,-1,-1,true,cold,0,-1,3,,,,dense LU,17,0.65,6,36,468,true,multi,64,64,5.6488957e-09,1.53748542e-14,1.77422816e-11,5.5710255e-11,1.75152503e-10,,,,false,0.384208635,18.2173473,23971,0.0607556169,e818c6384e9722b8ea6a04ecc13483e9331c522f,0ce3ba605bfa0bb6fcfc2a988437c850d45e3e63,LineGaussRegularization,2026-09-07 13:57:59,
R1,dji9443_20260813_23_73_capped_captess4.msh,8016,backslash,428,0.118611111,17.6564625,0.668149562,-1,-1,-1,true,cold,0,-1,3,,,,dense LU,17,0.65,6,36,468,true,multi,64,64,1.09458102e-09,3.1216349e-15,2.48118609e-11,5.83212198e-11,1.93506059e-10,,,,false,0.280656719,17.3758058,23923,0.0605747094,e818c6384e9722b8ea6a04ecc13483e9331c522f,0ce3ba605bfa0bb6fcfc2a988437c850d45e3e63,LineGaussRegularization,2026-09-07 13:57:59,
R1,dji9443_20260813_23_73_capped_captess4.msh,8016,backslash,429,0.118888889,17.4057387,0.770157054,-1,-1,-1,true,cold,0,-1,3,,,,dense LU,17,0.65,6,36,468,true,multi,64,64,2.24268424e-09,7.75638234e-16,2.37178335e-11,5.8729477e-11,2.00655101e-10,,,,false,0.266390872,17.1393478,23905,0.0603587686,e818c6384e9722b8ea6a04ecc13483e9331c522f,0ce3ba605bfa0bb6fcfc2a988437c850d45e3e63,LineGaussRegularization,2026-09-07 13:57:59,
R1,dji9443_20260813_23_73_capped_captess4.msh,8016,backslash,430,0.119166667,17.7340629,0.744497734,-1,-1,-1,true,cold,0,-1,3,,,,dense LU,17,0.65,6,36,468,true,multi,64,64,1.71494641e-09,1.25333771e-14,1.74949955e-11,6.01830003e-11,1.89630728e-10,,,,false,0.259296496,17.4747664,23884,0.0601649784,e818c6384e9722b8ea6a04ecc13483e9331c522f,0ce3ba605bfa0bb6fcfc2a988437c850d45e3e63,LineGaussRegularization,2026-09-07 13:57:59,
R1,dji9443_20260813_23_73_capped_captess4.msh,8016,backslash,431,0.119444444,17.7399118,0.758735728,-1,-1,-1,true,cold,0,-1,3,,,,dense LU,17,0.65,6,36,468,true,multi,64,64,1.53510729e-09,2.55524768e-15,3.54043262e-11,9.07736201e-11,2.3472897e-10,,,,false,0.249587055,17.4903248,23866,0.0599763639,e818c6384e9722b8ea6a04ecc13483e9331c522f,0ce3ba605bfa0bb6fcfc2a988437c850d45e3e63,LineGaussRegularization,2026-09-07 13:57:59,
R1,dji9443_20260813_23_73_capped_captess4.msh,8016,backslash,432,0.119722222,17.8678225,0.900228792,-1,-1,-1,true,cold,0,-1,3,,,,dense LU,17,0.65,6,36,468,true,multi,64,64,4.67297222e-09,1.38777878e-16,1.89415703e-11,5.35088686e-11,1.37869853e-10,,,,false,0.252963597,17.6148589,23833,0.0598581178,e818c6384e9722b8ea6a04ecc13483e9331c522f,0ce3ba605bfa0bb6fcfc2a988437c850d45e3e63,LineGaussRegularization,2026-09-07 13:57:59,
R1,dji9443_20260813_23_73_capped_captess4.msh,8016,backslash,433,0.12,20.4721919,0.801727576,-1,-1,-1,true,cold,0,-1,3,,,,dense LU,17,0.65,6,36,468,true,multi,64,64,3.78925332e-09,1.18004564e-15,1.90332099e-11,5.19263643e-11,1.35980565e-10,,,,false,0.25859471,20.2135971,23802,0.0598058731,e818c6384e9722b8ea6a04ecc13483e9331c522f,0ce3ba605bfa0bb6fcfc2a988437c850d45e3e63,LineGaussRegularization,2026-09-07 13:57:59,
R1,dji9443_20260813_23_73_capped_captess4.msh,8016,backslash,434,0.120277778,18.9458956,0.986929217,-1,-1,-1,true,cold,0,-1,3,,,,dense LU,17,0.65,6,36,468,true,multi,64,64,3.99703778e-09,6.3291386e-15,4.17287988e-11,1.48160527e-10,4.81775454e-10,,,,false,0.265209093,18.6806865,23770,0.0598528057,e818c6384e9722b8ea6a04ecc13483e9331c522f,0ce3ba605bfa0bb6fcfc2a988437c850d45e3e63,LineGaussRegularization,2026-09-07 13:57:59,
R1,dji9443_20260813_23_73_capped_captess4.msh,8016,backslash,435,0.120555556,17.9883684,0.706615687,-1,-1,-1,true,cold,0,-1,3,,,,dense LU,17,0.65,6,36,468,true,multi,64,64,7.24259829e-09,6.57156621e-15,2.51176966e-11,7.33641314e-11,2.57111366e-10,,,,false,0.250695139,17.7376733,23733,0.0599866548,e818c6384e9722b8ea6a04ecc13483e9331c522f,0ce3ba605bfa0bb6fcfc2a988437c850d45e3e63,LineGaussRegularization,2026-09-07 13:57:59,
R1,dji9443_20260813_23_73_capped_captess4.msh,8016,backslash,436,0.120833333,17.9466404,0.796779408,-1,-1,-1,true,cold,0,-1,3,,,,dense LU,17,0.65,6,36,468,true,multi,64,64,5.5908585e-09,1.19896497e-15,1.75786382e-11,5.45593751e-11,1.66394632e-10,,,,false,0.255746572,17.6908938,23704,0.0602015751,e818c6384e9722b8ea6a04ecc13483e9331c522f,0ce3ba605bfa0bb6fcfc2a988437c850d45e3e63,LineGaussRegularization,2026-09-07 13:57:59,
R1,dji9443_20260813_23_73_capped_captess4.msh,8016,backslash,437,0.121111111,18.4618439,0.793587974,-1,-1,-1,true,cold,0,-1,3,,,,dense LU,17,0.65,6,36,468,true,multi,64,64,1.08493432e-09,2.40389306e-14,2.41706134e-11,5.82007006e-11,1.92816097e-10,,,,false,0.292292694,18.1695512,23669,0.0604658444,e818c6384e9722b8ea6a04ecc13483e9331c522f,0ce3ba605bfa0bb6fcfc2a988437c850d45e3e63,LineGaussRegularization,2026-09-07 13:57:59,
R1,dji9443_20260813_23_73_capped_captess4.msh,8016,backslash,438,0.121388889,17.9878508,0.684086669,-1,-1,-1,true,cold,0,-1,3,,,,dense LU,17,0.65,6,36,468,true,multi,64,64,2.22857655e-09,9.80986126e-15,2.35786074e-11,5.85343354e-11,1.97912587e-10,,,,false,0.266786479,17.7210643,23616,0.0607581692,e818c6384e9722b8ea6a04ecc13483e9331c522f,0ce3ba605bfa0bb6fcfc2a988437c850d45e3e63,LineGaussRegularization,2026-09-07 13:57:59,
R1,dji9443_20260813_23_73_capped_captess4.msh,8016,backslash,439,0.121666667,18.3641357,0.727296868,-1,-1,-1,true,cold,0,-1,3,,,,dense LU,17,0.65,6,36,468,true,multi,64,64,1.72285191e-09,5.12393947e-14,1.76743602e-11,6.05726341e-11,1.94826153e-10,,,,false,0.427765709,17.9363699,23585,0.061045916,e818c6384e9722b8ea6a04ecc13483e9331c522f,0ce3ba605bfa0bb6fcfc2a988437c850d45e3e63,LineGaussRegularization,2026-09-07 13:57:59,
R1,dji9443_20260813_23_73_capped_captess4.msh,8016,backslash,440,0.121944444,17.943368,0.665318232,-1,-1,-1,true,cold,0,-1,3,,,,dense LU,17,0.65,6,36,468,true,multi,64,64,1.54746368e-09,2.96984659e-15,3.43936724e-11,8.94852584e-11,2.32949616e-10,,,,false,0.375897984,17.56747,23542,0.0612890354,e818c6384e9722b8ea6a04ecc13483e9331c522f,0ce3ba605bfa0bb6fcfc2a988437c850d45e3e63,LineGaussRegularization,2026-09-07 13:57:59,
R1,dji9443_20260813_23_73_capped_captess4.msh,8016,backslash,441,0.122222222,18.1016976,1.0017153,-1,-1,-1,true,cold,0,-1,3,,,,dense LU,17,0.65,6,36,468,true,multi,64,64,4.77709488e-09,5.71851594e-15,1.88402818e-11,5.04195093e-11,1.14985111e-10,,,,false,0.26217146,17.8395261,23508,0.0614593671,e818c6384e9722b8ea6a04ecc13483e9331c522f,0ce3ba605bfa0bb6fcfc2a988437c850d45e3e63,LineGaussRegularization,2026-09-07 13:57:59,
R1,dji9443_20260813_23_73_capped_captess4.msh,8016,backslash,442,0.1225,19.8813116,0.782012751,-1,-1,-1,true,cold,0,-1,3,,,,dense LU,17,0.65,6,36,468,true,multi,64,64,3.78970852e-09,6.75978371e-15,1.92126132e-11,5.40835855e-11,1.3255003e-10,,,,false,0.241501916,19.6398097,23484,0.0615415474,e818c6384e9722b8ea6a04ecc13483e9331c522f,0ce3ba605bfa0bb6fcfc2a988437c850d45e3e63,LineGaussRegularization,2026-09-07 13:57:59,
R1,dji9443_20260813_23_73_capped_captess4.msh,8016,backslash,443,0.122777778,17.4936604,1.0391846,-1,-1,-1,true,cold,0,-1,3,,,,dense LU,17,0.65,6,36,468,true,multi,64,64,4.2535644e-09,1.13225401e-14,4.07618479e-11,1.46492114e-10,4.73001852e-10,,,,false,0.272725343,17.2209351,23440,0.0615566997,e818c6384e9722b8ea6a04ecc13483e9331c522f,0ce3ba605bfa0bb6fcfc2a988437c850d45e3e63,LineGaussRegularization,2026-09-07 13:57:59,
R1,dji9443_20260813_23_73_capped_captess4.msh,8016,backslash,444,0.123055556,17.18501,0.682267981,-1,-1,-1,true,cold,0,-1,3,,,,dense LU,17,0.65,6,36,468,true,multi,64,64,7.21981263e-09,1.79131883e-15,2.61469375e-11,7.52602513e-11,2.5079204e-10,,,,false,0.267702455,16.9173075,23400,0.0615109742,e818c6384e9722b8ea6a04ecc13483e9331c522f,0ce3ba605bfa0bb6fcfc2a988437c850d45e3e63,LineGaussRegularization,2026-09-07 13:57:59,
R1,dji9443_20260813_23_73_capped_captess4.msh,8016,backslash,445,0.123333333,17.8709219,0.829125794,-1,-1,-1,true,cold,0,-1,3,,,,dense LU,17,0.65,6,36,468,true,multi,64,64,5.62049858e-09,3.85325452e-15,1.76876135e-11,5.3653821e-11,1.59038407e-10,,,,false,0.265089655,17.6058323,23384,0.0614337345,e818c6384e9722b8ea6a04ecc13483e9331c522f,0ce3ba605bfa0bb6fcfc2a988437c850d45e3e63,LineGaussRegularization,2026-09-07 13:57:59,
R1,dji9443_20260813_23_73_capped_captess4.msh,8016,backslash,446,0.123611111,17.3103699,0.671347433,-1,-1,-1,true,cold,0,-1,3,,,,dense LU,17,0.65,6,36,468,true,multi,64,64,1.08884968e-09,4.72352192e-14,2.58385354e-11,5.63202549e-11,1.9281329e-10,,,,false,0.39631271,16.9140572,23340,0.0613552313,e818c6384e9722b8ea6a04ecc13483e9331c522f,0ce3ba605bfa0bb6fcfc2a988437c850d45e3e63,LineGaussRegularization,2026-09-07 13:57:59,
R1,dji9443_20260813_23_73_capped_captess4.msh,8016,backslash,447,0.123888889,17.4199822,0.67879706,-1,-1,-1,true,cold,0,-1,3,,,,dense LU,17,0.65,6,36,468,true,multi,64,64,2.25275293e-09,1.59724664e-14,2.36271645e-11,5.87049064e-11,1.97972662e-10,,,,false,0.26860582,17.1513764,23302,0.0613096322,e818c6384e9722b8ea6a04ecc13483e9331c522f,0ce3ba605bfa0bb6fcfc2a988437c850d45e3e63,LineGaussRegularization,2026-09-07 13:57:59,
R1,dji9443_20260813_23_73_capped_captess4.msh,8016,backslash,448,0.124166667,17.6797959,0.742640829,-1,-1,-1,true,cold,0,-1,3,,,,dense LU,17,0.65,6,36,468,true,multi,64,64,1.73880745e-09,1.02040772e-14,1.76786563e-11,6.0700845e-11,1.94738268e-10,,,,false,0.259966709,17.4198292,23303,0.0613333491,e818c6384e9722b8ea6a04ecc13483e9331c522f,0ce3ba605bfa0bb6fcfc2a988437c850d45e3e63,LineGaussRegularization,2026-09-07 13:57:59,
R1,dji9443_20260813_23_73_capped_captess4.msh,8016,backslash,449,0.124444444,17.3653574,0.761937818,-1,-1,-1,true,cold,0,-1,3,,,,dense LU,17,0.65,6,36,468,true,multi,64,64,1.56721529e-09,7.96107971e-15,3.34248944e-11,8.89257489e-11,2.32475313e-10,,,,false,0.252188177,17.1131693,23272,0.0614468664,e818c6384e9722b8ea6a04ecc13483e9331c522f,0ce3ba605bfa0bb6fcfc2a988437c850d45e3e63,LineGaussRegularization,2026-09-07 13:57:59,
R1,dji9443_20260813_23_73_capped_captess4.msh,8016,backslash,450,0.124722222,17.6479589,0.901325858,-1,-1,-1,true,cold,0,-1,3,,,,dense LU,17,0.65,6,36,468,true,multi,64,64,4.83189051e-09,1.82059229e-15,1.80838606e-11,4.70833672e-11,1.0489878e-10,,,,false,0.259268913,17.38869,23244,0.0616706498,e818c6384e9722b8ea6a04ecc13483e9331c522f,0ce3ba605bfa0bb6fcfc2a988437c850d45e3e63,LineGaussRegularization,2026-09-07 13:57:59,
R1,dji9443_20260813_23_73_capped_captess4.msh,8016,backslash,451,0.125,19.9042785,0.884058224,-1,-1,-1,true,cold,0,-1,3,,,,dense LU,17,0.65,6,36,468,true,multi,64,64,3.79850128e-09,2.40454358e-15,1.78690198e-11,5.74769922e-11,1.37026265e-10,,,,false,0.24266101,19.6616175,23201,0.0619850555,e818c6384e9722b8ea6a04ecc13483e9331c522f,0ce3ba605bfa0bb6fcfc2a988437c850d45e3e63,LineGaussRegularization,2026-09-07 13:57:59,
R1,dji9443_20260813_23_73_capped_captess4.msh,8016,backslash,452,0.125277778,18.7710504,1.08209668,-1,-1,-1,true,cold,0,-1,3,,,,dense LU,17,0.65,6,36,468,true,multi,64,64,4.33378098e-09,2.13316777e-15,4.15638368e-11,1.48209928e-10,4.65886943e-10,,,,false,0.261606571,18.5094438,23168,0.0623875771,e818c6384e9722b8ea6a04ecc13483e9331c522f,0ce3ba605bfa0bb6fcfc2a988437c850d45e3e63,LineGaussRegularization,2026-09-07 13:57:59,
R1,dji9443_20260813_23_73_capped_captess4.msh,8016,backslash,453,0.125555556,18.1880171,0.70671458,-1,-1,-1,true,cold,0,-1,3,,,,dense LU,17,0.65,6,36,468,true,multi,64,64,7.22895353e-09,1.82111271e-14,2.67240548e-11,7.62948678e-11,2.7254925e-10,,,,false,0.366910752,17.8211063,23142,0.0628168523,e818c6384e9722b8ea6a04ecc13483e9331c522f,0ce3ba605bfa0bb6fcfc2a988437c850d45e3e63,LineGaussRegularization,2026-09-07 13:57:59,
R1,dji9443_20260813_23_73_capped_captess4.msh,8016,backslash,454,0.125833333,18.1538144,0.794508574,-1,-1,-1,true,cold,0,-1,3,,,,dense LU,17,0.65,6,36,468,true,multi,64,64,5.66357438e-09,3.83197705e-15,1.79342548e-11,5.18487037e-11,1.57165168e-10,,,,false,0.264673483,17.8891409,23103,0.0632553645,e818c6384e9722b8ea6a04ecc13483e9331c522f,0ce3ba605bfa0bb6fcfc2a988437c850d45e3e63,LineGaussRegularization,2026-09-07 13:57:59,
R1,dji9443_20260813_23_73_capped_captess4.msh,8016,backslash,455,0.126111111,18.5882059,0.788189026,-1,-1,-1,true,cold,0,-1,3,,,,dense LU,17,0.65,6,36,468,true,multi,64,64,1.09328411e-09,1.50069844e-15,2.43036602e-11,5.80876827e-11,1.93737634e-10,,,,false,0.388433333,18.1997726,23074,0.0636680458,e818c6384e9722b8ea6a04ecc13483e9331c522f,0ce3ba605bfa0bb6fcfc2a988437c850d45e3e63,LineGaussRegularization,2026-09-07 13:57:59,
R1,dji9443_20260813_23_73_capped_captess4.msh,8016,backslash,456,0.126388889,18.7782871,0.681205786,-1,-1,-1,true,cold,0,-1,3,,,,dense LU,17,0.65,6,36,468,true,multi,64,64,2.26359783e-09,3.07826681e-15,2.3416975e-11,5.9374969e-11,2.02089845e-10,,,,false,0.377413061,18.4008741,23024,0.0640127439,e818c6384e9722b8ea6a04ecc13483e9331c522f,0ce3ba605bfa0bb6fcfc2a988437c850d45e3e63,LineGaussRegularization,2026-09-07 13:57:59,
R1,dji9443_20260813_23_73_capped_captess4.msh,8016,backslash,457,0.126666667,18.0882268,0.717971545,-1,-1,-1,true,cold,0,-1,3,,,,dense LU,17,0.65,6,36,468,true,multi,64,64,1.756521e-09,4.24524782e-14,1.91126327e-11,6.3650845e-11,1.98694092e-10,,,,false,0.379487145,17.7087396,22996,0.0642828843,e818c6384e9722b8ea6a04ecc13483e9331c522f,0ce3ba605bfa0bb6fcfc2a988437c850d45e3e63,LineGaussRegularization,2026-09-07 13:57:59,
R1,dji9443_20260813_23_73_capped_captess4.msh,8016,backslash,458,0.126944444,18.0764878,0.658302844,-1,-1,-1,true,cold,0,-1,3,,,,dense LU,17,0.65,6,36,468,true,multi,64,64,1.58674667e-09,2.83341059e-14,3.36702489e-11,8.9533215e-11,2.3697458e-10,,,,false,0.260549025,17.8159388,22944,0.0644537484,e818c6384e9722b8ea6a04ecc13483e9331c522f,0ce3ba605bfa0bb6fcfc2a988437c850d45e3e63,LineGaussRegularization,2026-09-07 13:57:59,
R1,dji9443_20260813_23_73_capped_captess4.msh,8016,backslash,459,0.127222222,18.2713983,0.902605515,-1,-1,-1,true,cold,0,-1,3,,,,dense LU,17,0.65,6,36,468,true,multi,64,64,4.92828922e-09,2.15322551e-15,1.8968845e-11,4.36966409e-11,9.99521425e-11,,,,false,0.268187454,18.0032109,22917,0.0645355379,e818c6384e9722b8ea6a04ecc13483e9331c522f,0ce3ba605bfa0bb6fcfc2a988437c850d45e3e63,LineGaussRegularization,2026-09-07 13:57:59,
R1,dji9443_20260813_23_73_capped_captess4.msh,8016,backslash,460,0.1275,19.2559254,0.782066583,-1,-1,-1,true,cold,0,-1,3,,,,dense LU,17,0.65,6,36,468,true,multi,64,64,3.7998128e-09,1.79691331e-14,2.18465527e-11,6.37646506e-11,1.40971651e-10,,,,false,0.244025671,19.0118997,22885,0.064517564,e818c6384e9722b8ea6a04ecc13483e9331c522f,0ce3ba605bfa0bb6fcfc2a988437c850d45e3e63,LineGaussRegularization,2026-09-07 13:57:59,
R1,dji9443_20260813_23_73_capped_captess4.msh,8016,backslash,461,0.127777778,18.3043219,1.03908913,-1,-1,-1,true,cold,0,-1,3,,,,dense LU,17,0.65,6,36,468,true,multi,64,64,4.52183313e-09,4.25440932e-16,3.93134292e-11,1.47446398e-10,4.66290652e-10,,,,false,0.269449898,18.034872,22872,0.0644252123,e818c6384e9722b8ea6a04ecc13483e9331c522f,0ce3ba605bfa0bb6fcfc2a988437c850d45e3e63,LineGaussRegularization,2026-09-07 13:57:59,
R1,dji9443_20260813_23_73_capped_captess4.msh,8016,backslash,462,0.128055556,17.8831818,0.684423891,-1,-1,-1,true,cold,0,-1,3,,,,dense LU,17,0.65,6,36,468,true,multi,64,64,7.14893576e-09,9.6728181e-15,2.71284841e-11,7.85836706e-11,2.76422115e-10,,,,false,0.264319798,17.618862,22852,0.0642824043,e818c6384e9722b8ea6a04ecc13483e9331c522f,0ce3ba605bfa0bb6fcfc2a988437c850d45e3e63,LineGaussRegularization,2026-09-07 13:57:59,
R1,dji9443_20260813_23_73_capped_captess4.msh,8016,backslash,463,0.128333333,18.4647306,0.835090931,-1,-1,-1,true,cold,0,-1,3,,,,dense LU,17,0.65,6,36,468,true,multi,64,64,5.6693232e-09,5.53723734e-15,1.7361917e-11,5.22722347e-11,1.51398935e-10,,,,false,0.369241099,18.0954895,22840,0.0641013203,e818c6384e9722b8ea6a04ecc13483e9331c522f,0ce3ba605bfa0bb6fcfc2a988437c850d45e3e63,LineGaussRegularization,2026-09-07 13:57:59,
R1,dji9443_20260813_23_73_capped_captess4.msh,8016,backslash,464,0.128611111,18.0317786,0.770732965,-1,-1,-1,true,cold,0,-1,3,,,,dense LU,17,0.65,6,36,468,true,multi,64,64,1.11930379e-09,1.16395608e-14,2.52658737e-11,5.55008576e-11,1.89599869e-10,,,,false,0.265778303,17.7660003,22816,0.0639202357,e818c6384e9722b8ea6a04ecc13483e9331c522f,0ce3ba605bfa0bb6fcfc2a988437c850d45e3e63,LineGaussRegularization,2026-09-07 13:57:59,
R1,dji9443_20260813_23_73_capped_captess4.msh,8016,backslash,465,0.128888889,17.8466121,0.67695525,-1,-1,-1,true,cold,0,-1,3,,,,dense LU,17,0.65,6,36,468,true,multi,64,64,2.28629596e-09,1.1381968e-14,2.34836974e-11,5.95928777e-11,2.00780817e-10,,,,false,0.280045793,17.5665663,22791,0.0637586071,e818c6384e9722b8ea6a04ecc13483e9331c522f,0ce3ba605bfa0bb6fcfc2a988437c850d45e3e63,LineGaussRegularization,2026-09-07 13:57:59,
R1,dji9443_20260813_23_73_capped_captess4.msh,8016,backslash,466,0.129166667,17.9330297,0.743273237,-1,-1,-1,true,cold,0,-1,3,,,,dense LU,17,0.65,6,36,468,true,multi,64,64,1.76919726e-09,1.3058131e-14,1.88067892e-11,6.33580697e-11,2.00135292e-10,,,,false,0.268279558,17.6647501,22750,0.0636656352,e818c6384e9722b8ea6a04ecc13483e9331c522f,0ce3ba605bfa0bb6fcfc2a988437c850d45e3e63,LineGaussRegularization,2026-09-07 13:57:59,
R1,dji9443_20260813_23_73_capped_captess4.msh,8016,backslash,467,0.129444444,17.7487679,0.774709195,-1,-1,-1,true,cold,0,-1,3,,,,dense LU,17,0.65,6,36,468,true,multi,64,64,1.61289179e-09,3.52590373e-14,3.29108498e-11,8.9137012e-11,2.349319e-10,,,,false,0.268260343,17.4805075,22702,0.0636517138,e818c6384e9722b8ea6a04ecc13483e9331c522f,0ce3ba605bfa0bb6fcfc2a988437c850d45e3e63,LineGaussRegularization,2026-09-07 13:57:59,
R1,dji9443_20260813_23_73_capped_captess4.msh,8016,backslash,468,0.129722222,17.8874466,0.89930635,-1,-1,-1,true,cold,0,-1,3,22678,76782.9271,,dense LU,17,0.65,6,36,468,true,multi,64,64,5.00624789e-09,9.7795036e-15,1.90773165e-11,4.54030238e-11,9.7961121e-11,,,,false,0.256072879,17.6313737,22678,0.0636861801,e818c6384e9722b8ea6a04ecc13483e9331c522f,0ce3ba605bfa0bb6fcfc2a988437c850d45e3e63,LineGaussRegularization,2026-09-07 13:57:59,
R1,dji9443_20260813_23_73_capped_captess4.msh,8016,backslash,1,0,45.3504386,5.78785829,-1,-1,-1,true,cold,0,-1,3,,,17.121594,dense LU,17,0.65,6,36,73,true,multi,64,64,5.44117204e-09,1.49802046e-14,2.80785057e-11,8.05350385e-11,2.49244545e-10,,,,false,1.06800542,44.2824332,0,0.0533282632,e818c6384e9722b8ea6a04ecc13483e9331c522f,0ce3ba605bfa0bb6fcfc2a988437c850d45e3e63,LineGaussRegularization,2026-09-07 14:05:13,"RHPC setup-only include; t_solve = solve_formulation! wall (incl. the per-step Dirichlet source-potential assembly inside solve!); t_step from maneuver! deltas; niter now recorded for FGS as well as Krylov (Phase 3); niter=-1 means a direct solve. niter is the LAST inner solve of the step (legacy diagnostic); niter_first is the FIRST and is the warmstart comparison metric; nsolves is the per-body solve count of the step (must be 1 for a one-body run; -1 = unavailable); solved is the AND of the step's inner convergence flags. Wake-developed averages should drop the first skip_steps rows. bcerr_* are order statistics of the per-panel Dirichlet BC residual |phi_sigma + G_mu x| from ONE bc_error! pass per step; bcerr_tol is THIS arm's own effective absolute acceptance level, so bcerr_max <= bcerr_tol is the arm's promise checked independently. The pass requests an absolute FMM error of bcerr_eps = BCERR_SAFETY * bcerr_tol, so the instrument is ~10x sharper than the acceptance level by construction; bcerr_certified=false means some M2L pair could not certify that bound and the row is UNCERTIFIED. The pass is EXCLUDED from t_solve, but NOT from t_step_total (it lies inside the maneuver!-to-maneuver! window); use t_step_net = t_step_total - t_bcerr for full-timestep share. Its own cost is t_bcerr (~62% of t_solve at R1 — it certifies to 10x below tol_abs, so the FMM climbs its order). BCERR_EVERY>1 subsamples it; skipped steps write EMPTY bcerr_* cells, never a fabricated value. n_particles and CT are per-step identity REPORTING, not assertions: the wake is chaotic, so small differences compound and exact trajectory identity is not expected. CT requires RUN_MONITORS=true (default under PHASE=phase3)."
R1,dji9443_20260813_23_73_capped_captess4.msh,8016,backslash,2,0.000277777778,4.61925936,0.977712183,-1,-1,-1,true,cold,0,-1,3,,,,dense LU,17,0.65,6,36,73,true,multi,64,64,5.1090505e-05,6.83246226e-08,2.16570897e-05,3.22640404e-05,3.74973967e-05,,,,false,0.273937533,4.34532183,0,0.0738110655,e818c6384e9722b8ea6a04ecc13483e9331c522f,0ce3ba605bfa0bb6fcfc2a988437c850d45e3e63,LineGaussRegularization,2026-09-07 14:05:14,
R1,dji9443_20260813_23_73_capped_captess4.msh,8016,backslash,3,0.000555555556,3.8626335,0.708847003,-1,-1,-1,true,cold,0,-1,3,,,,dense LU,17,0.65,6,36,73,true,multi,64,64,0.000202452178,2.71040496e-07,8.58176375e-05,0.000127849301,0.000148587998,,,,false,0.269041522,3.59359197,84,0.0913695207,e818c6384e9722b8ea6a04ecc13483e9331c522f,0ce3ba605bfa0bb6fcfc2a988437c850d45e3e63,LineGaussRegularization,2026-09-07 14:05:14,
R1,dji9443_20260813_23_73_capped_captess4.msh,8016,backslash,4,0.000833333333,2.22054113,0.791383433,-1,-1,-1,true,cold,0,-1,3,,,,dense LU,17,0.65,6,36,73,true,multi,64,64,0.000451220016,6.04133275e-07,0.000191268212,0.000284949671,0.000331168674,,,,false,0.374480769,1.84606037,168,0.100586391,e818c6384e9722b8ea6a04ecc13483e9331c522f,0ce3ba605bfa0bb6fcfc2a988437c850d45e3e63,LineGaussRegularization,2026-09-07 14:05:14,
R1,dji9443_20260813_23_73_capped_captess4.msh,8016,backslash,5,0.00111111111,2.13879578,0.792676486,-1,-1,-1,true,cold,0,-1,3,,,,dense LU,17,0.65,6,36,73,true,multi,64,64,0.00079452922,1.06355749e-06,0.000336794191,0.000501753344,0.000583137003,,,,false,0.290788695,1.84800709,249,0.105160606,e818c6384e9722b8ea6a04ecc13483e9331c522f,0ce3ba605bfa0bb6fcfc2a988437c850d45e3e63,LineGaussRegularization,2026-09-07 14:05:14,
R1,dji9443_20260813_23_73_capped_captess4.msh,8016,backslash,6,0.00138888889,2.09087519,0.681811132,-1,-1,-1,true,cold,0,-1,3,,,,dense LU,17,0.65,6,36,73,true,multi,64,64,0.00122951493,1.64592242e-06,0.000521180471,0.000776452772,0.000902391202,,,,false,0.379782623,1.71109257,329,0.107104954,e818c6384e9722b8ea6a04ecc13483e9331c522f,0ce3ba605bfa0bb6fcfc2a988437c850d45e3e63,LineGaussRegularization,2026-09-07 14:05:14,
R1,dji9443_20260813_23_73_capped_captess4.msh,8016,backslash,7,0.00166666667,2.15612326,0.711129476,-1,-1,-1,true,cold,0,-1,3,,,,dense LU,17,0.65,6,36,73,true,multi,64,64,0.00175331242,2.3470404e-06,0.000743213799,0.00110723505,0.00128682687,,,,false,0.277872225,1.87825103,408,0.107517362,e818c6384e9722b8ea6a04ecc13483e9331c522f,0ce3ba605bfa0bb6fcfc2a988437c850d45e3e63,LineGaussRegularization,2026-09-07 14:05:14,
R1,dji9443_20260813_23_73_capped_captess4.msh,8016,backslash,8,0.00194444444,2.13317802,0.672709088,-1,-1,-1,true,cold,0,-1,3,,,,dense LU,17,0.65,6,36,73,true,multi,64,64,0.00236305621,3.1631644e-06,0.00100167852,0.00149229434,0.00173434252,,,,false,0.27690199,1.85627603,491,0.107007625,e818c6384e9722b8ea6a04ecc13483e9331c522f,0ce3ba605bfa0bb6fcfc2a988437c850d45e3e63,LineGaussRegularization,2026-09-07 14:05:14,
R1,dji9443_20260813_23_73_capped_captess4.msh,8016,backslash,9,0.00222222222,2.63068335,0.919921003,-1,-1,-1,true,cold,0,-1,3,,,,dense LU,17,0.65,6,36,73,true,multi,64,64,0.00305588175,4.09067182e-06,0.00129536133,0.00192982279,0.00224283544,,,,false,0.425744188,2.20493916,569,0.105904404,e818c6384e9722b8ea6a04ecc13483e9331c522f,0ce3ba605bfa0bb6fcfc2a988437c850d45e3e63,LineGaussRegularization,2026-09-07 14:05:14,
R1,dji9443_20260813_23_73_capped_captess4.msh,8016,backslash,10,0.0025,2.78908673,0.788599186,-1,-1,-1,true,cold,0,-1,3,,,,dense LU,17,0.65,6,36,73,true,multi,64,64,0.00382892436,5.1255504e-06,0.00162304583,0.00241800695,0.00281020274,,,,false,0.380790308,2.40829642,649,0.104390273,e818c6384e9722b8ea6a04ecc13483e9331c522f,0ce3ba605bfa0bb6fcfc2a988437c850d45e3e63,LineGaussRegularization,2026-09-07 14:05:14,
R1,dji9443_20260813_23_73_capped_captess4.msh,8016,backslash,11,0.00277777778,2.75542473,1.04407472,-1,-1,-1,true,cold,0,-1,3,,,,dense LU,17,0.65,6,36,73,true,multi,64,64,0.00467931893,6.26389288e-06,0.0019835223,0.00295503849,0.00343434178,,,,false,0.295927762,2.45949697,730,0.102560416,e818c6384e9722b8ea6a04ecc13483e9331c522f,0ce3ba605bfa0bb6fcfc2a988437c850d45e3e63,LineGaussRegularization,2026-09-07 14:05:14,
R1,dji9443_20260813_23_73_capped_captess4.msh,8016,backslash,12,0.00305555556,2.25338634,0.676327796,-1,-1,-1,true,cold,0,-1,3,,,,dense LU,17,0.65,6,36,73,true,multi,64,64,0.0056042007,7.50212109e-06,0.00237557118,0.00353910952,0.00411315017,,,,false,0.270543708,1.98284263,810,0.100456192,e818c6384e9722b8ea6a04ecc13483e9331c522f,0ce3ba605bfa0bb6fcfc2a988437c850d45e3e63,LineGaussRegularization,2026-09-07 14:05:14,
R1,dji9443_20260813_23_73_capped_captess4.msh,8016,backslash,13,0.00333333333,2.56507751,0.936283656,-1,-1,-1,true,cold,0,-1,3,,,,dense LU,17,0.65,6,36,73,true,multi,64,64,0.00660070461,8.83618753e-06,0.00279798046,0.00416841334,0.0048445246,,,,false,0.281511652,2.28356586,891,0.098078471,e818c6384e9722b8ea6a04ecc13483e9331c522f,0ce3ba605bfa0bb6fcfc2a988437c850d45e3e63,LineGaussRegularization,2026-09-07 14:05:14,
R1,dji9443_20260813_23_73_capped_captess4.msh,8016,backslash,14,0.00361111111,3.08580076,0.800355633,-1,-1,-1,true,cold,0,-1,3,,,,dense LU,17,0.65,6,36,73,true,multi,64,64,0.00766596588,1.02620426e-05,0.00324953556,0.00484113749,0.00562636282,,,,false,0.300358597,2.78544216,972,0.0954106366,e818c6384e9722b8ea6a04ecc13483e9331c522f,0ce3ba605bfa0bb6fcfc2a988437c850d45e3e63,LineGaussRegularization,2026-09-07 14:05:14,
R1,dji9443_20260813_23_73_capped_captess4.msh,8016,backslash,15,0.00388888889,2.46704217,0.787901634,-1,-1,-1,true,cold,0,-1,3,,,,dense LU,17,0.65,6,36,73,true,multi,64,64,0.00879711965,1.17763384e-05,0.00372902135,0.00555547411,0.00645656291,,,,false,0.290792812,2.17624936,1050,0.0924116483,e818c6384e9722b8ea6a04ecc13483e9331c522f,0ce3ba605bfa0bb6fcfc2a988437c850d45e3e63,LineGaussRegularization,2026-09-07 14:05:14,
R1,dji9443_20260813_23_73_capped_captess4.msh,8016,backslash,16,0.00416666667,2.50482739,0.755821784,-1,-1,-1,true,cold,0,-1,3,,,,dense LU,17,0.65,6,36,73,true,multi,64,64,0.00999130117,1.33748708e-05,0.00423522452,0.00630961116,0.00733302066,,,,false,0.365100723,2.13972666,1126,0.0890360738,e818c6384e9722b8ea6a04ecc13483e9331c522f,0ce3ba605bfa0bb6fcfc2a988437c850d45e3e63,LineGaussRegularization,2026-09-07 14:05:14,
R1,dji9443_20260813_23_73_capped_captess4.msh,8016,backslash,17,0.00444444444,2.48386886,0.767491266,-1,-1,-1,true,cold,0,-1,3,,,,dense LU,17,0.65,6,36,73,true,multi,64,64,0.0112456451,1.50539137e-05,0.00476692959,0.00710174216,0.00825363442,,,,false,0.354767544,2.12910131,1204,0.0852341006,e818c6384e9722b8ea6a04ecc13483e9331c522f,0ce3ba605bfa0bb6fcfc2a988437c850d45e3e63,LineGaussRegularization,2026-09-07 14:05:14,
R1,dji9443_20260813_23_73_capped_captess4.msh,8016,backslash,18,0.00472222222,2.59488054,0.906516216,-1,-1,-1,true,cold,0,-1,3,,,,dense LU,17,0.65,6,36,73,true,multi,64,64,0.0125572867,1.68097998e-05,0.00532292304,0.00793005938,0.00921630151,,,,false,0.269698218,2.32518232,1283,0.0810049852,e818c6384e9722b8ea6a04ecc13483e9331c522f,0ce3ba605bfa0bb6fcfc2a988437c850d45e3e63,LineGaussRegularization,2026-09-07 14:05:14,
R1,dji9443_20260813_23_73_capped_captess4.msh,8016,backslash,19,0.005,2.90434415,0.787778121,-1,-1,-1,true,cold,0,-1,3,,,,dense LU,17,0.65,6,36,73,true,multi,64,64,0.0139233613,1.86385402e-05,0.00590198872,0.00879274929,0.0102189191,,,,false,0.253603089,2.65074107,1362,0.0764214223,e818c6384e9722b8ea6a04ecc13483e9331c522f,0ce3ba605bfa0bb6fcfc2a988437c850d45e3e63,LineGaussRegularization,2026-09-07 14:05:14,
R1,dji9443_20260813_23_73_capped_captess4.msh,8016,backslash,20,0.00527777778,2.70011759,0.987641562,-1,-1,-1,true,cold,0,-1,3,,,,dense LU,17,0.65,6,36,73,true,multi,64,64,0.015341004,2.05362611e-05,0.00650291649,0.00968800393,0.0112593845,,,,false,0.272717498,2.4274001,1435,0.071645558,e818c6384e9722b8ea6a04ecc13483e9331c522f,0ce3ba605bfa0bb6fcfc2a988437c850d45e3e63,LineGaussRegularization,2026-09-07 14:05:14,
R1,dji9443_20260813_23_73_capped_captess4.msh,8016,backslash,21,0.00555555556,2.55211679,0.823369998,-1,-1,-1,true,cold,0,-1,3,,,,dense LU,17,0.65,6,36,73,true,multi,64,64,0.0168073498,2.24992948e-05,0.00712448721,0.0106140153,0.0123355952,,,,false,0.267066287,2.2850505,1514,0.0668964499,e818c6384e9722b8ea6a04ecc13483e9331c522f,0ce3ba605bfa0bb6fcfc2a988437c850d45e3e63,LineGaussRegularization,2026-09-07 14:05:14,
R1,dji9443_20260813_23_73_capped_captess4.msh,8016,backslash,22,0.00583333333,2.65926446,0.799547913,-1,-1,-1,true,cold,0,-1,3,,,,dense LU,17,0.65,6,36,73,true,multi,64,64,0.0183195337,2.45236967e-05,0.00776548874,0.0115689765,0.0134454482,,,,false,0.277001187,2.38226327,1595,0.0623869561,e818c6384e9722b8ea6a04ecc13483e9331c522f,0ce3ba605bfa0bb6fcfc2a988437c850d45e3e63,LineGaussRegularization,2026-09-07 14:05:14,
R1,dji9443_20260813_23_73_capped_captess4.msh,8016,backslash,23,0.00611111111,2.75235987,0.799025901,-1,-1,-1,true,cold,0,-1,3,,,,dense LU,17,0.65,6,36,73,true,multi,64,64,0.0198746911,2.66053158e-05,0.00842470639,0.0125510751,0.014586841,,,,false,0.386443634,2.36591624,1675,0.058230063,e818c6384e9722b8ea6a04ecc13483e9331c522f,0ce3ba605bfa0bb6fcfc2a988437c850d45e3e63,LineGaussRegularization,2026-09-07 14:05:14,
R1,dji9443_20260813_23_73_capped_captess4.msh,8016,backslash,24,0.00638888889,2.7277576,0.746258152,-1,-1,-1,true,cold,0,-1,3,,,,dense LU,17,0.65,6,36,73,true,multi,64,64,0.0214699569,2.87409014e-05,0.00910092527,0.0135585028,0.0157576715,,,,false,0.386508116,2.34124949,1755,0.0544383948,e818c6384e9722b8ea6a04ecc13483e9331c522f,0ce3ba605bfa0bb6fcfc2a988437c850d45e3e63,LineGaussRegularization,2026-09-07 14:05:14,
R1,dji9443_20260813_23_73_capped_captess4.msh,8016,backslash,25,0.00666666667,3.62027059,0.832388094,-1,-1,-1,true,cold,0,-1,3,,,,dense LU,17,0.65,6,36,73,true,multi,64,64,0.0231024663,3.092622e-05,0.00979293168,0.0145894491,0.0169558361,,,,false,0.279654257,3.34061633,1836,0.0509463634,e818c6384e9722b8ea6a04ecc13483e9331c522f,0ce3ba605bfa0bb6fcfc2a988437c850d45e3e63,LineGaussRegularization,2026-09-07 14:05:14,
R1,dji9443_20260813_23_73_capped_captess4.msh,8016,backslash,26,0.00694444444,2.72106661,0.668928037,-1,-1,-1,true,cold,0,-1,3,,,,dense LU,17,0.65,6,36,73,true,multi,64,64,0.0247693544,3.31575371e-05,0.0104995107,0.0156421061,0.0181792327,,,,false,0.275309715,2.44575689,1917,0.0476653782,e818c6384e9722b8ea6a04ecc13483e9331c522f,0ce3ba605bfa0bb6fcfc2a988437c850d45e3e63,LineGaussRegularization,2026-09-07 14:05:14,
R1,dji9443_20260813_23_73_capped_captess4.msh,8016,backslash,27,0.00722222222,2.89594031,1.00354652,-1,-1,-1,true,cold,0,-1,3,,,,dense LU,17,0.65,6,36,73,true,multi,64,64,0.026467756,3.54311534e-05,0.0112194482,0.0167146659,0.0194257586,,,,false,0.27684901,2.6190913,1995,0.0445059963,e818c6384e9722b8ea6a04ecc13483e9331c522f,0ce3ba605bfa0bb6fcfc2a988437c850d45e3e63,LineGaussRegularization,2026-09-07 14:05:14,
R1,dji9443_20260813_23_73_capped_captess4.msh,8016,backslash,28,0.0075,3.50061091,0.886077869,-1,-1,-1,true,cold,0,-1,3,,,,dense LU,17,0.65,6,36,73,true,multi,64,64,0.0281948067,3.77431126e-05,0.0119515286,0.0178053159,0.0206933111,,,,false,0.25722338,3.24338753,2073,0.0413816348,e818c6384e9722b8ea6a04ecc13483e9331c522f,0ce3ba605bfa0bb6fcfc2a988437c850d45e3e63,LineGaussRegularization,2026-09-07 14:05:14,
R1,dji9443_20260813_23_73_capped_captess4.msh,8016,backslash,29,0.00777777778,3.1480463,1.04388666,-1,-1,-1,true,cold,0,-1,3,,,,dense LU,17,0.65,6,36,73,true,multi,64,64,0.0299476414,4.0089561e-05,0.0126945412,0.0189122482,0.0219797875,,,,false,0.278901793,2.86914451,2153,0.0382184226,e818c6384e9722b8ea6a04ecc13483e9331c522f,0ce3ba605bfa0bb6fcfc2a988437c850d45e3e63,LineGaussRegularization,2026-09-07 14:05:14,
R1,dji9443_20260813_23_73_capped_captess4.msh,8016,backslash,30,0.00805555556,2.73688992,0.692707752,-1,-1,-1,true,cold,0,-1,3,,,,dense LU,17,0.65,6,36,73,true,multi,64,64,0.0317233952,4.2466754e-05,0.0134472673,0.0200336543,0.0232830853,,,,false,0.274790107,2.46209981,2234,0.0349452449,e818c6384e9722b8ea6a04ecc13483e9331c522f,0ce3ba605bfa0bb6fcfc2a988437c850d45e3e63,LineGaussRegularization,2026-09-07 14:05:14,
R1,dji9443_20260813_23_73_capped_captess4.msh,8016,backslash,31,0.00833333333,3.05600264,0.839426516,-1,-1,-1,true,cold,0,-1,3,,,,dense LU,17,0.65,6,36,73,true,multi,64,64,0.0335192032,4.48708411e-05,0.0142084945,0.0211677269,0.0246011015,,,,false,0.277543968,2.77845867,2311,0.0314805464,e818c6384e9722b8ea6a04ecc13483e9331c522f,0ce3ba605bfa0bb6fcfc2a988437c850d45e3e63,LineGaussRegularization,2026-09-07 14:05:14,
R1,dji9443_20260813_23_73_capped_captess4.msh,8016,backslash,32,0.00861111111,2.95830877,0.682419427,-1,-1,-1,true,cold,0,-1,3,,,,dense LU,17,0.65,6,36,73,true,multi,64,64,0.0353322005,4.7297593e-05,0.0149770082,0.022312654,0.0259317337,,,,false,0.295130753,2.66317802,2389,0.0277284176,e818c6384e9722b8ea6a04ecc13483e9331c522f,0ce3ba605bfa0bb6fcfc2a988437c850d45e3e63,LineGaussRegularization,2026-09-07 14:05:14,
R1,dji9443_20260813_23_73_capped_captess4.msh,8016,backslash,33,0.00888888889,2.95480896,0.696976673,-1,-1,-1,true,cold,0,-1,3,,,,dense LU,17,0.65,6,36,73,true,multi,64,64,0.0371595224,4.97438229e-05,0.0157515937,0.023466627,0.0272728793,,,,false,0.279878099,2.67493086,2469,0.0236125773,e818c6384e9722b8ea6a04ecc13483e9331c522f,0ce3ba605bfa0bb6fcfc2a988437c850d45e3e63,LineGaussRegularization,2026-09-07 14:05:14,
R1,dji9443_20260813_23_73_capped_captess4.msh,8016,backslash,34,0.00916666667,3.053534,0.76240547,-1,-1,-1,true,cold,0,-1,3,,,,dense LU,17,0.65,6,36,73,true,multi,64,64,0.0389983038,5.22052927e-05,0.0165310369,0.0246278364,0.0286224354,,,,false,0.27016688,2.78336712,2541,0.019100834,e818c6384e9722b8ea6a04ecc13483e9331c522f,0ce3ba605bfa0bb6fcfc2a988437c850d45e3e63,LineGaussRegularization,2026-09-07 14:05:14,
R1,dji9443_20260813_23_73_capped_captess4.msh,8016,backslash,35,0.00944444444,3.11829765,0.808463777,-1,-1,-1,true,cold,0,-1,3,,,,dense LU,17,0.65,6,36,73,true,multi,64,64,0.0408456799,5.46782303e-05,0.0173141233,0.0257944737,0.0299782994,,,,false,0.359141904,2.75915574,2619,0.0142350961,e818c6384e9722b8ea6a04ecc13483e9331c522f,0ce3ba605bfa0bb6fcfc2a988437c850d45e3e63,LineGaussRegularization,2026-09-07 14:05:14,
R1,dji9443_20260813_23_73_capped_captess4.msh,8016,backslash,36,0.00972222222,3.41599678,0.91186452,-1,-1,-1,true,cold,0,-1,3,,,,dense LU,17,0.65,6,36,73,true,multi,64,64,0.0426987856,5.71589347e-05,0.0180996384,0.02696473,0.0313383689,,,,false,0.360450265,3.05554652,2692,0.00913078374,e818c6384e9722b8ea6a04ecc13483e9331c522f,0ce3ba605bfa0bb6fcfc2a988437c850d45e3e63,LineGaussRegularization,2026-09-07 14:05:14,
R1,dji9443_20260813_23_73_capped_captess4.msh,8016,backslash,37,0.01,3.77157469,0.794399439,-1,-1,-1,true,cold,0,-1,3,,,,dense LU,17,0.65,6,36,73,true,multi,64,64,0.0445547563,5.96434685e-05,0.0188863671,0.0281367944,0.032700541,,,,false,0.340198847,3.43137585,2765,0.00394338711,e818c6384e9722b8ea6a04ecc13483e9331c522f,0ce3ba605bfa0bb6fcfc2a988437c850d45e3e63,LineGaussRegularization,2026-09-07 14:05:14,
R1,dji9443_20260813_23_73_capped_captess4.msh,8016,backslash,38,0.0102777778,3.63296731,1.10059577,-1,-1,-1,true,cold,0,-1,3,,,,dense LU,17,0.65,6,36,73,true,multi,64,64,0.046410727,6.2128017e-05,0.0196730979,0.0293088592,0.0340627131,,,,false,0.280506251,3.35246106,2845,-0.00115234829,e818c6384e9722b8ea6a04ecc13483e9331c522f,0ce3ba605bfa0bb6fcfc2a988437c850d45e3e63,LineGaussRegularization,2026-09-07 14:05:14,
R1,dji9443_20260813_23_73_capped_captess4.msh,8016,backslash,39,0.0105555556,3.40812984,0.721791646,-1,-1,-1,true,cold,0,-1,3,,,,dense LU,17,0.65,6,36,73,true,multi,64,64,0.0482638328,6.46087197e-05,0.0204586128,0.0304791145,0.0354227826,,,,false,0.275058472,3.13307137,2919,-0.00597277756,e818c6384e9722b8ea6a04ecc13483e9331c522f,0ce3ba605bfa0bb6fcfc2a988437c850d45e3e63,LineGaussRegularization,2026-09-07 14:05:14,
R1,dji9443_20260813_23_73_capped_captess4.msh,8016,backslash,40,0.0108333333,3.49095146,0.810738497,-1,-1,-1,true,cold,0,-1,3,,,,dense LU,17,0.65,6,36,73,true,multi,64,64,0.0501112088,6.70818555e-05,0.0212416993,0.0316457523,0.0367786467,,,,false,0.278891132,3.21206033,2992,-0.0103840719,e818c6384e9722b8ea6a04ecc13483e9331c522f,0ce3ba605bfa0bb6fcfc2a988437c850d45e3e63,LineGaussRegularization,2026-09-07 14:05:14,
R1,dji9443_20260813_23_73_capped_captess4.msh,8016,backslash,41,0.0111111111,3.71397424,0.811679467,-1,-1,-1,true,cold,0,-1,3,,,,dense LU,17,0.65,6,36,73,true,multi,64,64,0.0519499902,6.95430844e-05,0.0220211426,0.0328069618,0.0381282029,,,,false,0.307930413,3.40604383,3067,-0.0143183914,e818c6384e9722b8ea6a04ecc13483e9331c522f,0ce3ba605bfa0bb6fcfc2a988437c850d45e3e63,LineGaussRegularization,2026-09-07 14:05:14,
R1,dji9443_20260813_23_73_capped_captess4.msh,8016,backslash,42,0.0113888889,3.6314012,0.690763715,-1,-1,-1,true,cold,0,-1,3,,,,dense LU,17,0.65,6,36,73,true,multi,64,64,0.053777312,7.19893167e-05,0.0227957281,0.0339609343,0.0394693483,,,,false,0.471599373,3.15980183,3145,-0.0177846642,e818c6384e9722b8ea6a04ecc13483e9331c522f,0ce3ba605bfa0bb6fcfc2a988437c850d45e3e63,LineGaussRegularization,2026-09-07 14:05:14,
R1,dji9443_20260813_23_73_capped_captess4.msh,8016,backslash,43,0.0116666667,3.86147759,0.757192434,-1,-1,-1,true,cold,0,-1,3,,,,dense LU,17,0.65,6,36,73,true,multi,64,64,0.0555903093,7.4416308e-05,0.0235642416,0.0351058611,0.0407999806,,,,false,0.403805246,3.45767235,3220,-0.0208473888,e818c6384e9722b8ea6a04ecc13483e9331c522f,0ce3ba605bfa0bb6fcfc2a988437c850d45e3e63,LineGaussRegularization,2026-09-07 14:05:14,
R1,dji9443_20260813_23_73_capped_captess4.msh,8016,backslash,44,0.0119444444,3.83712337,0.680019001,-1,-1,-1,true,cold,0,-1,3,,,,dense LU,17,0.65,6,36,73,true,multi,64,64,0.0573861175,7.68202113e-05,0.0243254688,0.0362399329,0.0421179968,,,,false,0.285750607,3.55137276,3296,-0.0236089903,e818c6384e9722b8ea6a04ecc13483e9331c522f,0ce3ba605bfa0bb6fcfc2a988437c850d45e3e63,LineGaussRegularization,2026-09-07 14:05:14,
R1,dji9443_20260813_23_73_capped_captess4.msh,8016,backslash,45,0.0122222222,3.87614693,0.916346081,-1,-1,-1,true,cold,0,-1,3,,,,dense LU,17,0.65,6,36,73,true,multi,64,64,0.0591618711,7.91973581e-05,0.0250781951,0.0373613397,0.0434212945,,,,false,0.279688352,3.59645858,3370,-0.0261928079,e818c6384e9722b8ea6a04ecc13483e9331c522f,0ce3ba605bfa0bb6fcfc2a988437c850d45e3e63,LineGaussRegularization,2026-09-07 14:05:14,
R1,dji9443_20260813_23_73_capped_captess4.msh,8016,backslash,46,0.0125,4.49007072,0.794305943,-1,-1,-1,true,cold,0,-1,3,,,,dense LU,17,0.65,6,36,73,true,multi,64,64,0.0609147058,8.15438203e-05,0.0258212055,0.0384682729,0.044707771,,,,false,0.256646104,4.23342462,3450,-0.0287294242,e818c6384e9722b8ea6a04ecc13483e9331c522f,0ce3ba605bfa0bb6fcfc2a988437c850d45e3e63,LineGaussRegularization,2026-09-07 14:05:14,
R1,dji9443_20260813_23_73_capped_captess4.msh,8016,backslash,47,0.0127777778,4.5015636,1.06242726,-1,-1,-1,true,cold,0,-1,3,,,,dense LU,17,0.65,6,36,73,true,multi,64,64,0.0626417566,8.38558101e-05,0.0265532881,0.0395589245,0.0459753234,,,,false,0.314610419,4.18695318,3526,-0.0313334708,e818c6384e9722b8ea6a04ecc13483e9331c522f,0ce3ba605bfa0bb6fcfc2a988437c850d45e3e63,LineGaussRegularization,2026-09-07 14:05:14,
R1,dji9443_20260813_23_73_capped_captess4.msh,8016,backslash,48,0.0130555556,3.83230243,0.693744152,-1,-1,-1,true,cold,0,-1,3,,,,dense LU,17,0.65,6,36,73,true,multi,64,64,0.0643401583,8.61293924e-05,0.0272732253,0.040631483,0.0472218493,,,,false,0.26510128,3.56720115,3605,-0.0340913327,e818c6384e9722b8ea6a04ecc13483e9331c522f,0ce3ba605bfa0bb6fcfc2a988437c850d45e3e63,LineGaussRegularization,2026-09-07 14:05:14,
R1,dji9443_20260813_23_73_capped_captess4.msh,8016,backslash,49,0.0133333333,4.17254867,0.838181003,-1,-1,-1,true,cold,0,-1,3,,,,dense LU,17,0.65,6,36,73,true,multi,64,64,0.0660070463,8.83609263e-05,0.0279798046,0.0416841403,0.048445246,,,,false,0.361106239,3.81144243,3680,-0.037056767,e818c6384e9722b8ea6a04ecc13483e9331c522f,0ce3ba605bfa0bb6fcfc2a988437c850d45e3e63,LineGaussRegularization,2026-09-07 14:05:14,
R1,dji9443_20260813_23_73_capped_captess4.msh,8016,backslash,50,0.0136111111,4.2237055,0.680050891,-1,-1,-1,true,cold,0,-1,3,,,,dense LU,17,0.65,6,36,73,true,multi,64,64,0.0676395557,9.05460056e-05,0.0286718109,0.0427150864,0.0496434108,,,,false,0.271512992,3.95219251,3762,-0.0402483493,e818c6384e9722b8ea6a04ecc13483e9331c522f,0ce3ba605bfa0bb6fcfc2a988437c850d45e3e63,LineGaussRegularization,2026-09-07 14:05:14,
R1,dji9443_20260813_23_73_capped_captess4.msh,8016,backslash,51,0.0138888889,4.44275814,0.694426966,-1,-1,-1,true,cold,0,-1,3,,,,dense LU,17,0.65,6,36,73,true,multi,64,64,0.0692348215,9.26815946e-05,0.02934803,0.0437225127,0.0508142408,,,,false,0.28603931,4.15671883,3839,-0.0436439497,e818c6384e9722b8ea6a04ecc13483e9331c522f,0ce3ba605bfa0bb6fcfc2a988437c850d45e3e63,LineGaussRegularization,2026-09-07 14:05:14,
R1,dji9443_20260813_23_73_capped_captess4.msh,8016,backslash,52,0.0141666667,4.33505845,0.849682159,-1,-1,-1,true,cold,0,-1,3,,,,dense LU,17,0.65,6,36,73,true,multi,64,64,0.0707899787,9.47634564e-05,0.0300072473,0.044704611,0.0519556339,,,,false,0.270249976,4.06480848,3918,-0.0471717555,e818c6384e9722b8ea6a04ecc13483e9331c522f,0ce3ba605bfa0bb6fcfc2a988437c850d45e3e63,LineGaussRegularization,2026-09-07 14:05:14,
R1,dji9443_20260813_23_73_capped_captess4.msh,8016,backslash,53,0.0144444444,4.44418478,0.769578625,-1,-1,-1,true,cold,0,-1,3,,,,dense LU,17,0.65,6,36,73,true,multi,64,64,0.0723021629,9.67876818e-05,0.0306482489,0.0456595714,0.053065487,,,,false,0.265195007,4.17898977,4000,-0.0507260739,e818c6384e9722b8ea6a04ecc13483e9331c522f,0ce3ba605bfa0bb6fcfc2a988437c850d45e3e63,LineGaussRegularization,2026-09-07 14:05:14,
R1,dji9443_20260813_23_73_capped_captess4.msh,8016,backslash,54,0.0147222222,4.64497576,0.910497077,-1,-1,-1,true,cold,0,-1,3,,,,dense LU,17,0.65,6,36,73,true,multi,64,64,0.0737685085,9.87506311e-05,0.0312698198,0.0465855833,0.0541416976,,,,false,0.362675832,4.28229993,4082,-0.05420203,e818c6384e9722b8ea6a04ecc13483e9331c522f,0ce3ba605bfa0bb6fcfc2a988437c850d45e3e63,LineGaussRegularization,2026-09-07 14:05:14,
R1,dji9443_20260813_23_73_capped_captess4.msh,8016,backslash,55,0.015,5.24384721,0.794185357,-1,-1,-1,true,cold,0,-1,3,,,,dense LU,17,0.65,6,36,73,true,multi,64,64,0.0751861512,0.000100648383,0.0318707453,0.0474808394,0.055182163,,,,false,0.247156181,4.99669102,4163,-0.0575012007,e818c6384e9722b8ea6a04ecc13483e9331c522f,0ce3ba605bfa0bb6fcfc2a988437c850d45e3e63,LineGaussRegularization,2026-09-07 14:05:14,
R1,dji9443_20260813_23_73_capped_captess4.msh,8016,backslash,56,0.0152777778,5.1372477,0.991084291,-1,-1,-1,true,cold,0,-1,3,,,,dense LU,17,0.65,6,36,73,true,multi,64,64,0.0765522259,0.000102477175,0.0324498133,0.0483435317,0.0561847806,,,,false,0.357510294,4.7797374,4246,-0.0605676112,e818c6384e9722b8ea6a04ecc13483e9331c522f,0ce3ba605bfa0bb6fcfc2a988437c850d45e3e63,LineGaussRegularization,2026-09-07 14:05:14,
R1,dji9443_20260813_23_73_capped_captess4.msh,8016,backslash,57,0.0155555556,4.98686541,0.712692378,-1,-1,-1,true,cold,0,-1,3,,,,dense LU,17,0.65,6,36,73,true,multi,64,64,0.0778638676,0.000104232993,0.0330058064,0.0491718474,0.0571474475,,,,false,0.265084709,4.7217807,4323,-0.0633811798,e818c6384e9722b8ea6a04ecc13483e9331c522f,0ce3ba605bfa0bb6fcfc2a988437c850d45e3e63,LineGaussRegularization,2026-09-07 14:05:14,
R1,dji9443_20260813_23_73_capped_captess4.msh,8016,backslash,58,0.0158333333,4.74097701,0.798001545,-1,-1,-1,true,cold,0,-1,3,,,,dense LU,17,0.65,6,36,73,true,multi,64,64,0.0791182116,0.000105912285,0.0335375119,0.0499639785,0.0580680614,,,,false,0.267834963,4.47314205,4404,-0.0659384877,e818c6384e9722b8ea6a04ecc13483e9331c522f,0ce3ba605bfa0bb6fcfc2a988437c850d45e3e63,LineGaussRegularization,2026-09-07 14:05:14,
R1,dji9443_20260813_23_73_capped_captess4.msh,8016,backslash,59,0.0161111111,4.98462191,0.890188301,-1,-1,-1,true,cold,0,-1,3,,,,dense LU,17,0.65,6,36,73,true,multi,64,64,0.0803123929,0.000107510566,0.0340437148,0.0507181156,0.0589445196,,,,false,0.270702988,4.71391892,4482,-0.0682160804,e818c6384e9722b8ea6a04ecc13483e9331c522f,0ce3ba605bfa0bb6fcfc2a988437c850d45e3e63,LineGaussRegularization,2026-09-07 14:05:14,
R1,dji9443_20260813_23_73_capped_captess4.msh,8016,backslash,60,0.0163888889,4.83394703,0.687034046,-1,-1,-1,true,cold,0,-1,3,,,,dense LU,17,0.65,6,36,73,true,multi,64,64,0.0814435466,0.000109024871,0.0345232009,0.05143245,0.0597747188,,,,false,0.274345262,4.55960177,4563,-0.070235829,e818c6384e9722b8ea6a04ecc13483e9331c522f,0ce3ba605bfa0bb6fcfc2a988437c850d45e3e63,LineGaussRegularization,2026-09-07 14:05:14,
R1,dji9443_20260813_23_73_capped_captess4.msh,8016,backslash,61,0.0166666667,5.07037236,0.842102653,-1,-1,-1,true,cold,0,-1,3,,,,dense LU,17,0.65,6,36,73,true,multi,64,64,0.0825088078,0.000110450949,0.0349747555,0.052105174,0.0605565575,,,,false,0.269161188,4.80121118,4645,-0.072015984,e818c6384e9722b8ea6a04ecc13483e9331c522f,0ce3ba605bfa0bb6fcfc2a988437c850d45e3e63,LineGaussRegularization,2026-09-07 14:05:14,
R1,dji9443_20260813_23_73_capped_captess4.msh,8016,backslash,62,0.0169444444,5.0251309,0.661436048,-1,-1,-1,true,cold,0,-1,3,,,,dense LU,17,0.65,6,36,73,true,multi,64,64,0.083505312,0.000111784858,0.035397165,0.0527344772,0.0612879321,,,,false,0.268829905,4.756301,4726,-0.0735578016,e818c6384e9722b8ea6a04ecc13483e9331c522f,0ce3ba605bfa0bb6fcfc2a988437c850d45e3e63,LineGaussRegularization,2026-09-07 14:05:14,
R1,dji9443_20260813_23_73_capped_captess4.msh,8016,backslash,63,0.0172222222,5.55928997,1.00661219,-1,-1,-1,true,cold,0,-1,3,,,,dense LU,17,0.65,6,36,73,true,multi,64,64,0.0844301935,0.000113022967,0.035789214,0.0533185485,0.0619667403,,,,false,0.265836564,5.29345341,4809,-0.0748731128,e818c6384e9722b8ea6a04ecc13483e9331c522f,0ce3ba605bfa0bb6fcfc2a988437c850d45e3e63,LineGaussRegularization,2026-09-07 14:05:14,
R1,dji9443_20260813_23_73_capped_captess4.msh,8016,backslash,64,0.0175,6.24372344,0.790783428,-1,-1,-1,true,cold,0,-1,3,,,,dense LU,17,0.65,6,36,73,true,multi,64,64,0.0852805882,0.000114161365,0.0361496882,0.0538555816,0.0625908794,,,,false,0.249095048,5.99462839,4891,-0.07599928,e818c6384e9722b8ea6a04ecc13483e9331c522f,0ce3ba605bfa0bb6fcfc2a988437c850d45e3e63,LineGaussRegularization,2026-09-07 14:05:14,
R1,dji9443_20260813_23_73_capped_captess4.msh,8016,backslash,65,0.0177777778,6.13170409,1.0384479,-1,-1,-1,true,cold,0,-1,3,,,,dense LU,17,0.65,6,36,73,true,multi,64,64,0.0860536308,0.000115196302,0.036477375,0.0543437683,0.0631582466,,,,false,0.270697759,5.86100633,4975,-0.0769753287,e818c6384e9722b8ea6a04ecc13483e9331c522f,0ce3ba605bfa0bb6fcfc2a988437c850d45e3e63,LineGaussRegularization,2026-09-07 14:05:14,
R1,dji9443_20260813_23_73_capped_captess4.msh,8016,backslash,66,0.0180555556,3.39446569,0.693700597,-1,-1,-1,true,cold,0,-1,3,,,,dense LU,17,0.65,6,36,73,true,multi,64,64,0.0867464565,0.000116123725,0.0367710574,0.0547812954,0.0636667393,,,,false,0.379848452,3.01461724,5055,-0.0778435204,e818c6384e9722b8ea6a04ecc13483e9331c522f,0ce3ba605bfa0bb6fcfc2a988437c850d45e3e63,LineGaussRegularization,2026-09-07 14:05:14,
R1,dji9443_20260813_23_73_capped_captess4.msh,8016,backslash,67,0.0183333333,3.13234256,0.8416809,-1,-1,-1,true,cold,0,-1,3,,,,dense LU,17,0.65,6,36,73,true,multi,64,64,0.0873562004,0.000116940123,0.0370295227,0.0551663546,0.0641142552,,,,false,0.266629655,2.86571291,5133,-0.078626953,e818c6384e9722b8ea6a04ecc13483e9331c522f,0ce3ba605bfa0bb6fcfc2a988437c850d45e3e63,LineGaussRegularization,2026-09-07 14:05:14,
R1,dji9443_20260813_23_73_capped_captess4.msh,8016,backslash,68,0.0186111111,3.31678624,0.682748303,-1,-1,-1,true,cold,0,-1,3,,,,dense LU,17,0.65,6,36,73,true,multi,64,64,0.0878799976,0.000117640981,0.0372515557,0.0554971371,0.0644986914,,,,false,0.370500787,2.94628546,5216,-0.0793384292,e818c6384e9722b8ea6a04ecc13483e9331c522f,0ce3ba605bfa0bb6fcfc2a988437c850d45e3e63,LineGaussRegularization,2026-09-07 14:05:14,
R1,dji9443_20260813_23_73_capped_captess4.msh,8016,backslash,69,0.0188888889,3.22105258,0.684519215,-1,-1,-1,true,cold,0,-1,3,,,,dense LU,17,0.65,6,36,73,true,multi,64,64,0.0883149833,0.000118223357,0.0374359423,0.0557718339,0.0648179446,,,,false,0.277862518,2.94319006,5297,-0.0799499558,e818c6384e9722b8ea6a04ecc13483e9331c522f,0ce3ba605bfa0bb6fcfc2a988437c850d45e3e63,LineGaussRegularization,2026-09-07 14:05:14,
R1,dji9443_20260813_23_73_capped_captess4.msh,8016,backslash,70,0.0191666667,3.04287863,0.745559669,-1,-1,-1,true,cold,0,-1,3,,,,dense LU,17,0.65,6,36,73,true,multi,64,64,0.0886582924,0.000118682994,0.0375814678,0.0559886378,0.0650699134,,,,false,0.355410118,2.68746851,5378,-0.080408069,e818c6384e9722b8ea6a04ecc13483e9331c522f,0ce3ba605bfa0bb6fcfc2a988437c850d45e3e63,LineGaussRegularization,2026-09-07 14:05:14,
R1,dji9443_20260813_23_73_capped_captess4.msh,8016,backslash,71,0.0194444444,3.07724081,0.772093045,-1,-1,-1,true,cold,0,-1,3,,,,dense LU,17,0.65,6,36,73,true,multi,64,64,0.0889070605,0.000119015945,0.0376869185,0.0561457379,0.0652524942,,,,false,0.354102728,2.72313808,5456,-0.0806536011,e818c6384e9722b8ea6a04ecc13483e9331c522f,0ce3ba605bfa0bb6fcfc2a988437c850d45e3e63,LineGaussRegularization,2026-09-07 14:05:14,
R1,dji9443_20260813_23_73_capped_captess4.msh,8016,backslash,72,0.0197222222,3.15933411,0.91606112,-1,-1,-1,true,cold,0,-1,3,,,,dense LU,17,0.65,6,36,73,true,multi,64,64,0.089058422,0.000119218574,0.0377510792,0.0562413232,0.0653635847,,,,false,0.27323393,2.88610018,5534,-0.0806687233,e818c6384e9722b8ea6a04ecc13483e9331c522f,0ce3ba605bfa0bb6fcfc2a988437c850d45e3e63,LineGaussRegularization,2026-09-07 14:05:14,
R1,dji9443_20260813_23_73_capped_captess4.msh,8016,backslash,73,0.02,3.87927948,0.800717216,-1,-1,-1,true,cold,0,-1,3,5614,83240.8825,,dense LU,17,0.65,6,36,73,true,multi,64,64,0.0891095126,0.000119286976,0.0377727354,0.0562735874,0.0654010821,,,,false,0.342662505,3.53661698,5614,-0.080418994,e818c6384e9722b8ea6a04ecc13483e9331c522f,0ce3ba605bfa0bb6fcfc2a988437c850d45e3e63,LineGaussRegularization,2026-09-07 14:05:14,
R1,dji9443_20260813_23_73_capped_captess4.msh,8016,krylov_gmres,1,0,62.8461522,19.7633942,59,59,1,true,cold,0,-1,3,,,4.23411597,rtol=1.0e-6;atol=1e-14;memory=50,17,0.65,6,36,73,true,multi,64,64,8.59086959e-08,5.84952226e-13,1.86492581e-09,4.11727636e-09,7.93235387e-09,1.04303686e-08,1e-14,1e-15,false,1.07488075,61.7712714,0,0.0533284584,e818c6384e9722b8ea6a04ecc13483e9331c522f,0ce3ba605bfa0bb6fcfc2a988437c850d45e3e63,LineGaussRegularization,2026-09-07 14:29:50,"RHPC setup-only include; t_solve = solve_formulation! wall (incl. the per-step Dirichlet source-potential assembly inside solve!); t_step from maneuver! deltas; niter now recorded for FGS as well as Krylov (Phase 3); niter=-1 means a direct solve. niter is the LAST inner solve of the step (legacy diagnostic); niter_first is the FIRST and is the warmstart comparison metric; nsolves is the per-body solve count of the step (must be 1 for a one-body run; -1 = unavailable); solved is the AND of the step's inner convergence flags. Wake-developed averages should drop the first skip_steps rows. bcerr_* are order statistics of the per-panel Dirichlet BC residual |phi_sigma + G_mu x| from ONE bc_error! pass per step; bcerr_tol is THIS arm's own effective absolute acceptance level, so bcerr_max <= bcerr_tol is the arm's promise checked independently. The pass requests an absolute FMM error of bcerr_eps = BCERR_SAFETY * bcerr_tol, so the instrument is ~10x sharper than the acceptance level by construction; bcerr_certified=false means some M2L pair could not certify that bound and the row is UNCERTIFIED. The pass is EXCLUDED from t_solve, but NOT from t_step_total (it lies inside the maneuver!-to-maneuver! window); use t_step_net = t_step_total - t_bcerr for full-timestep share. Its own cost is t_bcerr (~62% of t_solve at R1 — it certifies to 10x below tol_abs, so the FMM climbs its order). BCERR_EVERY>1 subsamples it; skipped steps write EMPTY bcerr_* cells, never a fabricated value. n_particles and CT are per-step identity REPORTING, not assertions: the wake is chaotic, so small differences compound and exact trajectory identity is not expected. CT requires RUN_MONITORS=true (default under PHASE=phase3)."
R1,dji9443_20260813_23_73_capped_captess4.msh,8016,krylov_gmres,2,0.000277777778,20.1490843,15.7787596,60,60,1,true,cold,0,-1,3,,,,rtol=1.0e-6;atol=1e-14;memory=50,17,0.65,6,36,73,true,multi,64,64,5.10898913e-05,7.08305145e-08,2.16679469e-05,3.22563274e-05,3.74918418e-05,3.15223381e-05,2.82224753e-09,2.82224753e-10,false,0.849841161,19.2992431,0,0.0738112191,e818c6384e9722b8ea6a04ecc13483e9331c522f,0ce3ba605bfa0bb6fcfc2a988437c850d45e3e63,LineGaussRegularization,2026-09-07 14:29:50,
R1,dji9443_20260813_23_73_capped_captess4.msh,8016,krylov_gmres,3,0.000555555556,19.1055462,15.4351859,60,60,1,true,cold,0,-1,3,,,,rtol=1.0e-6;atol=1e-14;memory=50,17,0.65,6,36,73,true,multi,64,64,0.00020245063,2.73810873e-07,8.58331e-05,0.00012784427,0.00014858191,0.000124909176,1.11834559e-08,1.11834559e-09,false,0.782749936,18.3227963,84,0.0913695944,e818c6384e9722b8ea6a04ecc13483e9331c522f,0ce3ba605bfa0bb6fcfc2a988437c850d45e3e63,LineGaussRegularization,2026-09-07 14:29:50,
R1,dji9443_20260813_23_73_capped_captess4.msh,8016,krylov_gmres,4,0.000833333333,17.8671863,16.0717314,61,61,1,true,cold,0,-1,3,,,,rtol=1.0e-6;atol=1e-14;memory=50,17,0.65,6,36,73,true,multi,64,64,0.000451217974,6.07500325e-07,0.000191281396,0.000284942682,0.000331166366,0.00027839595,2.49253789e-08,2.49253789e-09,false,0.863821969,17.0033643,168,0.100586326,e818c6384e9722b8ea6a04ecc13483e9331c522f,0ce3ba605bfa0bb6fcfc2a988437c850d45e3e63,LineGaussRegularization,2026-09-07 14:29:50,
R1,dji9443_20260813_23_73_capped_captess4.msh,8016,krylov_gmres,5,0.00111111111,18.596454,16.7418374,61,61,1,true,cold,0,-1,3,,,,rtol=1.0e-6;atol=1e-14;memory=50,17,0.65,6,36,73,true,multi,64,64,0.000794526663,1.0653116e-06,0.00033680829,0.000501750554,0.00058313718,0.000490212536,4.38897601e-08,4.38897601e-09,false,0.877803924,17.7186501,249,0.105160456,e818c6384e9722b8ea6a04ecc13483e9331c522f,0ce3ba605bfa0bb6fcfc2a988437c850d45e3e63,LineGaussRegularization,2026-09-07 14:29:50,
R1,dji9443_20260813_23_73_capped_captess4.msh,8016,krylov_gmres,6,0.00138888889,18.3590788,16.3827252,61,61,1,true,cold,0,-1,3,,,,rtol=1.0e-6;atol=1e-14;memory=50,17,0.65,6,36,73,true,multi,64,64,0.00122951185,1.6475155e-06,0.000521194769,0.000776454093,0.000902389369,0.000758592756,6.79183432e-08,6.79183432e-09,false,0.867237626,17.4918411,329,0.107104759,e818c6384e9722b8ea6a04ecc13483e9331c522f,0ce3ba605bfa0bb6fcfc2a988437c850d45e3e63,LineGaussRegularization,2026-09-07 14:29:50,
R1,dji9443_20260813_23_73_capped_captess4.msh,8016,krylov_gmres,7,0.00166666667,18.0893706,16.0739266,61,61,1,true,cold,0,-1,3,,,,rtol=1.0e-6;atol=1e-14;memory=50,17,0.65,6,36,73,true,multi,64,64,0.00175330936,2.34739006e-06,0.000743228125,0.00110723818,0.00128682372,0.00108176662,9.68528719e-08,9.68528719e-09,false,0.778025459,17.3113451,408,0.107517159,e818c6384e9722b8ea6a04ecc13483e9331c522f,0ce3ba605bfa0bb6fcfc2a988437c850d45e3e63,LineGaussRegularization,2026-09-07 14:29:50,
R1,dji9443_20260813_23_73_capped_captess4.msh,8016,krylov_gmres,8,0.00194444444,17.3577465,15.4024591,61,61,1,true,cold,0,-1,3,,,,rtol=1.0e-6;atol=1e-14;memory=50,17,0.65,6,36,73,true,multi,64,64,0.0023630528,3.16503594e-06,0.00100169314,0.00149229689,0.00173433968,0.00145796979,1.3053509e-07,1.3053509e-08,false,0.764821819,16.5929247,491,0.107007425,e818c6384e9722b8ea6a04ecc13483e9331c522f,0ce3ba605bfa0bb6fcfc2a988437c850d45e3e63,LineGaussRegularization,2026-09-07 14:29:50,
R1,dji9443_20260813_23_73_capped_captess4.msh,8016,krylov_gmres,9,0.00222222222,18.3616171,16.1286365,61,61,1,true,cold,0,-1,3,,,,rtol=1.0e-6;atol=1e-14;memory=50,17,0.65,6,36,73,true,multi,64,64,0.00305587793,4.09329144e-06,0.001295375,0.00192982582,0.00224283359,0.00188543246,1.68806741e-07,1.68806741e-08,false,0.863700662,17.4979165,569,0.105904228,e818c6384e9722b8ea6a04ecc13483e9331c522f,0ce3ba605bfa0bb6fcfc2a988437c850d45e3e63,LineGaussRegularization,2026-09-07 14:29:50,
R1,dji9443_20260813_23_73_capped_captess4.msh,8016,krylov_gmres,10,0.0025,17.6324666,15.0382432,61,61,1,true,cold,0,-1,3,,,,rtol=1.0e-6;atol=1e-14;memory=50,17,0.65,6,36,73,true,multi,64,64,0.0038289196,5.12726429e-06,0.00162306012,0.00241801361,0.00281020064,0.00236238932,2.11509569e-07,2.11509569e-08,false,0.846111373,16.7863552,649,0.104390134,e818c6384e9722b8ea6a04ecc13483e9331c522f,0ce3ba605bfa0bb6fcfc2a988437c850d45e3e63,LineGaussRegularization,2026-09-07 14:29:50,
R1,dji9443_20260813_23_73_capped_captess4.msh,8016,krylov_gmres,11,0.00277777778,18.8032587,16.44233,61,61,1,true,cold,0,-1,3,,,,rtol=1.0e-6;atol=1e-14;memory=50,17,0.65,6,36,73,true,multi,64,64,0.00467931684,6.26406038e-06,0.00198353772,0.00295504005,0.0034343399,0.00288706831,2.58485317e-07,2.58485317e-08,false,1.06838967,17.734869,730,0.102560317,e818c6384e9722b8ea6a04ecc13483e9331c522f,0ce3ba605bfa0bb6fcfc2a988437c850d45e3e63,LineGaussRegularization,2026-09-07 14:29:50,
R1,dji9443_20260813_23_73_capped_captess4.msh,8016,krylov_gmres,12,0.00305555556,17.7075395,15.5677193,61,61,1,true,cold,0,-1,3,,,,rtol=1.0e-6;atol=1e-14;memory=50,17,0.65,6,36,73,true,multi,64,64,0.00560419665,7.50367245e-06,0.0023755859,0.00353911202,0.00411314643,0.00345770514,3.09575729e-07,3.09575729e-08,false,0.776763627,16.9307759,810,0.100456105,e818c6384e9722b8ea6a04ecc13483e9331c522f,0ce3ba605bfa0bb6fcfc2a988437c850d45e3e63,LineGaussRegularization,2026-09-07 14:29:50,
R1,dji9443_20260813_23_73_capped_captess4.msh,8016,krylov_gmres,13,0.00333333333,18.0126232,15.8185576,61,61,1,true,cold,0,-1,3,,,,rtol=1.0e-6;atol=1e-14;memory=50,17,0.65,6,36,73,true,multi,64,64,0.00660069996,8.83735287e-06,0.00279799247,0.00416841526,0.00484452229,0.00407253382,3.64622549e-07,3.64622549e-08,true,0.835416417,17.1772068,891,0.098078415,e818c6384e9722b8ea6a04ecc13483e9331c522f,0ce3ba605bfa0bb6fcfc2a988437c850d45e3e63,LineGaussRegularization,2026-09-07 14:29:50,
R1,dji9443_20260813_23_73_capped_captess4.msh,8016,krylov_gmres,14,0.00361111111,19.0953767,16.2915545,61,61,1,true,cold,0,-1,3,,,,rtol=1.0e-6;atol=1e-14;memory=50,17,0.65,6,36,73,true,multi,64,64,0.00766596492,1.02611e-05,0.00324954763,0.00484114366,0.00562636229,0.00472978377,4.2346752e-07,4.2346752e-08,true,0.762654458,18.3327223,972,0.0954105878,e818c6384e9722b8ea6a04ecc13483e9331c522f,0ce3ba605bfa0bb6fcfc2a988437c850d45e3e63,LineGaussRegularization,2026-09-07 14:29:50,
R1,dji9443_20260813_23_73_capped_captess4.msh,8016,krylov_gmres,15,0.00388888889,18.2208742,15.8871741,60,60,1,true,cold,0,-1,3,,,,rtol=1.0e-6;atol=1e-14;memory=50,17,0.65,6,36,73,true,multi,64,64,0.00879711785,1.17761612e-05,0.00372904095,0.00555548472,0.0064565517,0.00542768744,4.85952387e-07,4.85952387e-08,false,0.869051496,17.3518227,1050,0.0924116238,e818c6384e9722b8ea6a04ecc13483e9331c522f,0ce3ba605bfa0bb6fcfc2a988437c850d45e3e63,LineGaussRegularization,2026-09-07 14:29:50,
R1,dji9443_20260813_23_73_capped_captess4.msh,8016,krylov_gmres,16,0.00416666667,17.7292861,15.4337843,60,60,1,true,cold,0,-1,3,,,,rtol=1.0e-6;atol=1e-14;memory=50,17,0.65,6,36,73,true,multi,64,64,0.00999129882,1.33749295e-05,0.00423524116,0.00630961742,0.00733301194,0.00616447883,5.51918892e-07,5.51918892e-08,true,0.749174958,16.9801111,1126,0.0890360324,e818c6384e9722b8ea6a04ecc13483e9331c522f,0ce3ba605bfa0bb6fcfc2a988437c850d45e3e63,LineGaussRegularization,2026-09-07 14:29:50,
R1,dji9443_20260813_23_73_capped_captess4.msh,8016,krylov_gmres,17,0.00444444444,17.3112739,14.9919178,60,60,1,true,cold,0,-1,3,,,,rtol=1.0e-6;atol=1e-14;memory=50,17,0.65,6,36,73,true,multi,64,64,0.0112456423,1.50548156e-05,0.00476694934,0.00710174487,0.00825362601,0.00693838966,6.2120878e-07,6.2120878e-08,true,0.766982554,16.5442913,1204,0.0852339819,e818c6384e9722b8ea6a04ecc13483e9331c522f,0ce3ba605bfa0bb6fcfc2a988437c850d45e3e63,LineGaussRegularization,2026-09-07 14:29:50,
R1,dji9443_20260813_23_73_capped_captess4.msh,8016,krylov_gmres,18,0.00472222222,17.6151418,15.2618812,59,59,1,true,cold,0,-1,3,,,,rtol=1.0e-6;atol=1e-14;memory=50,17,0.65,6,36,73,true,multi,64,64,0.0125572848,1.68231929e-05,0.00532293466,0.00793004831,0.00921629704,0.00774765446,6.93663794e-07,6.93663794e-08,true,0.843867683,16.7712741,1283,0.0810049559,e818c6384e9722b8ea6a04ecc13483e9331c522f,0ce3ba605bfa0bb6fcfc2a988437c850d45e3e63,LineGaussRegularization,2026-09-07 14:29:50,
R1,dji9443_20260813_23_73_capped_captess4.msh,8016,krylov_gmres,19,0.005,17.3522295,14.7034046,59,59,1,true,cold,0,-1,3,,,,rtol=1.0e-6;atol=1e-14;memory=50,17,0.65,6,36,73,true,multi,64,64,0.0139233646,1.86510944e-05,0.00590200195,0.00879273617,0.0102189156,0.00859050165,7.69125678e-07,7.69125678e-08,true,0.761635464,16.5905941,1362,0.0764213937,e818c6384e9722b8ea6a04ecc13483e9331c522f,0ce3ba605bfa0bb6fcfc2a988437c850d45e3e63,LineGaussRegularization,2026-09-07 14:29:50,
R1,dji9443_20260813_23_73_capped_captess4.msh,8016,krylov_gmres,20,0.00527777778,17.8164383,15.4971658,59,59,1,true,cold,0,-1,3,,,,rtol=1.0e-6;atol=1e-14;memory=50,17,0.65,6,36,73,true,multi,64,64,0.0153410127,2.05498395e-05,0.00650292125,0.0096879924,0.0112593848,0.00946516489,8.47436176e-07,8.47436176e-08,true,0.889186183,16.9272521,1435,0.0716454922,e818c6384e9722b8ea6a04ecc13483e9331c522f,0ce3ba605bfa0bb6fcfc2a988437c850d45e3e63,LineGaussRegularization,2026-09-07 14:29:50,
R1,dji9443_20260813_23_73_capped_captess4.msh,8016,krylov_gmres,21,0.00555555556,17.1654787,14.876147,58,58,1,true,cold,0,-1,3,,,,rtol=1.0e-6;atol=1e-14;memory=50,17,0.65,6,36,73,true,multi,64,64,0.0168073508,2.25111488e-05,0.00712449728,0.0106140196,0.0123355957,0.0103698762,9.28437031e-07,9.28437031e-08,true,0.752392731,16.413086,1514,0.0668968072,e818c6384e9722b8ea6a04ecc13483e9331c522f,0ce3ba605bfa0bb6fcfc2a988437c850d45e3e63,LineGaussRegularization,2026-09-07 14:29:50,
R1,dji9443_20260813_23_73_capped_captess4.msh,8016,krylov_gmres,22,0.00583333333,17.4461357,15.1295501,58,58,1,true,cold,0,-1,3,,,,rtol=1.0e-6;atol=1e-14;memory=50,17,0.65,6,36,73,true,multi,64,64,0.0183195269,2.45281397e-05,0.00776549517,0.0115689786,0.0134454556,0.01130287,1.01196999e-06,1.01196999e-07,true,0.761948428,16.6841873,1595,0.0623875078,e818c6384e9722b8ea6a04ecc13483e9331c522f,0ce3ba605bfa0bb6fcfc2a988437c850d45e3e63,LineGaussRegularization,2026-09-07 14:29:50,
R1,dji9443_20260813_23_73_capped_captess4.msh,8016,krylov_gmres,23,0.00611111111,18.1862445,15.7351299,58,58,1,true,cold,0,-1,3,,,,rtol=1.0e-6;atol=1e-14;memory=50,17,0.65,6,36,73,true,multi,64,64,0.0198746868,2.66097894e-05,0.00842472045,0.0125510709,0.0145868474,0.0122623774,1.09787679e-06,1.09787679e-07,true,0.86736899,17.3188755,1675,0.0582306293,e818c6384e9722b8ea6a04ecc13483e9331c522f,0ce3ba605bfa0bb6fcfc2a988437c850d45e3e63,LineGaussRegularization,2026-09-07 14:29:50,
R1,dji9443_20260813_23_73_capped_captess4.msh,8016,krylov_gmres,24,0.00638888889,17.4932418,15.0134184,57,57,1,true,cold,0,-1,3,,,,rtol=1.0e-6;atol=1e-14;memory=50,17,0.65,6,36,73,true,multi,64,64,0.0214699546,2.87338087e-05,0.00910092417,0.0135585132,0.0157576715,0.0132466328,1.18599918e-06,1.18599918e-07,true,0.868450449,16.6247914,1755,0.0544391528,e818c6384e9722b8ea6a04ecc13483e9331c522f,0ce3ba605bfa0bb6fcfc2a988437c850d45e3e63,LineGaussRegularization,2026-09-07 14:29:50,
R1,dji9443_20260813_23_73_capped_captess4.msh,8016,krylov_gmres,25,0.00666666667,17.8019466,14.4249293,56,56,1,true,cold,0,-1,3,,,,rtol=1.0e-6;atol=1e-14;memory=50,17,0.65,6,36,73,true,multi,64,64,0.0231024557,3.09251972e-05,0.00979293341,0.0145894128,0.0169558438,0.0142538607,1.2761789e-06,1.2761789e-07,true,0.765773903,17.0361727,1836,0.0509476053,e818c6384e9722b8ea6a04ecc13483e9331c522f,0ce3ba605bfa0bb6fcfc2a988437c850d45e3e63,LineGaussRegularization,2026-09-07 14:29:50,
R1,dji9443_20260813_23_73_capped_captess4.msh,8016,krylov_gmres,26,0.00694444444,16.7206395,14.1730876,56,56,1,true,cold,0,-1,3,,,,rtol=1.0e-6;atol=1e-14;memory=50,17,0.65,6,36,73,true,multi,64,64,0.0247693514,3.31520089e-05,0.0104995074,0.015642089,0.0181792283,0.0152823097,1.36825769e-06,1.36825769e-07,true,0.790427569,15.9302119,1917,0.0476666436,e818c6384e9722b8ea6a04ecc13483e9331c522f,0ce3ba605bfa0bb6fcfc2a988437c850d45e3e63,LineGaussRegularization,2026-09-07 14:29:50,
R1,dji9443_20260813_23_73_capped_captess4.msh,8016,krylov_gmres,27,0.00722222222,16.7847054,14.3406014,55,55,1,true,cold,0,-1,3,,,,rtol=1.0e-6;atol=1e-14;memory=50,17,0.65,6,36,73,true,multi,64,64,0.026467722,3.54270272e-05,0.0112194506,0.0167146668,0.0194257518,0.0163301993,1.46207731e-06,1.46207731e-07,true,0.84914177,15.9355636,1995,0.0445070195,e818c6384e9722b8ea6a04ecc13483e9331c522f,0ce3ba605bfa0bb6fcfc2a988437c850d45e3e63,LineGaussRegularization,2026-09-07 14:29:50,
R1,dji9443_20260813_23_73_capped_captess4.msh,8016,krylov_gmres,28,0.0075,16.121471,13.060331,54,54,1,true,cold,0,-1,3,,,,rtol=1.0e-6;atol=1e-14;memory=50,17,0.65,6,36,73,true,multi,64,64,0.0281948042,3.77453842e-05,0.0119515396,0.0178053347,0.0206933135,0.0173957648,1.55747949e-06,1.55747949e-07,true,0.71916325,15.4023078,2073,0.0413829017,e818c6384e9722b8ea6a04ecc13483e9331c522f,0ce3ba605bfa0bb6fcfc2a988437c850d45e3e63,LineGaussRegularization,2026-09-07 14:29:50,
R1,dji9443_20260813_23_73_capped_captess4.msh,8016,krylov_gmres,29,0.00777777778,17.0153238,14.3888387,54,54,1,true,cold,0,-1,3,,,,rtol=1.0e-6;atol=1e-14;memory=50,17,0.65,6,36,73,true,multi,64,64,0.0299476335,4.00962037e-05,0.0126945581,0.0189122736,0.0219797978,0.0184772394,1.65430597e-06,1.65430597e-07,true,0.838532528,16.1767912,2153,0.0382201596,e818c6384e9722b8ea6a04ecc13483e9331c522f,0ce3ba605bfa0bb6fcfc2a988437c850d45e3e63,LineGaussRegularization,2026-09-07 14:29:50,
R1,dji9443_20260813_23_73_capped_captess4.msh,8016,krylov_gmres,30,0.00805555556,15.9310511,13.3224383,53,53,1,true,cold,0,-1,3,,,,rtol=1.0e-6;atol=1e-14;memory=50,17,0.65,6,36,73,true,multi,64,64,0.0317233748,4.24648873e-05,0.0134472712,0.0200336415,0.023283084,0.0195728458,1.75239851e-06,1.75239851e-07,true,0.837715881,15.0933352,2234,0.0349474466,e818c6384e9722b8ea6a04ecc13483e9331c522f,0ce3ba605bfa0bb6fcfc2a988437c850d45e3e63,LineGaussRegularization,2026-09-07 14:29:50,
R1,dji9443_20260813_23_73_capped_captess4.msh,8016,krylov_gmres,31,0.00833333333,16.3051122,13.6210326,52,52,1,true,cold,0,-1,3,,,,rtol=1.0e-6;atol=1e-14;memory=50,17,0.65,6,36,73,true,multi,64,64,0.0335191999,4.48570929e-05,0.0142085359,0.0211677253,0.0246010959,0.0206808323,1.85159884e-06,1.85159884e-07,true,0.863200044,15.4419121,2311,0.0314830058,e818c6384e9722b8ea6a04ecc13483e9331c522f,0ce3ba605bfa0bb6fcfc2a988437c850d45e3e63,LineGaussRegularization,2026-09-07 14:29:50,
R1,dji9443_20260813_23_73_capped_captess4.msh,8016,krylov_gmres,32,0.00861111111,16.349854,13.5777368,52,52,1,true,cold,0,-1,3,,,,rtol=1.0e-6;atol=1e-14;memory=50,17,0.65,6,36,73,true,multi,64,64,0.035332202,4.72699088e-05,0.0149770806,0.0223126316,0.0259317225,0.0217994244,1.95174871e-06,1.95174871e-07,true,0.877194153,15.4726599,2389,0.0277307097,e818c6384e9722b8ea6a04ecc13483e9331c522f,0ce3ba605bfa0bb6fcfc2a988437c850d45e3e63,LineGaussRegularization,2026-09-07 14:29:50,
R1,dji9443_20260813_23_73_capped_captess4.msh,8016,krylov_gmres,33,0.00888888889,16.3284646,13.5767489,51,51,1,true,cold,0,-1,3,,,,rtol=1.0e-6;atol=1e-14;memory=50,17,0.65,6,36,73,true,multi,64,64,0.0371595483,4.97380855e-05,0.0157516651,0.0234666409,0.0272728617,0.0229268614,2.05268986e-06,2.05268986e-07,true,0.783985349,15.5444792,2469,0.0236135858,e818c6384e9722b8ea6a04ecc13483e9331c522f,0ce3ba605bfa0bb6fcfc2a988437c850d45e3e63,LineGaussRegularization,2026-09-07 14:29:50,
R1,dji9443_20260813_23_73_capped_captess4.msh,8016,krylov_gmres,34,0.00916666667,15.3743594,12.4830301,48,48,1,true,cold,0,-1,3,,,,rtol=1.0e-6;atol=1e-14;memory=50,17,0.65,6,36,73,true,multi,64,64,0.0389983093,5.22109945e-05,0.0165310211,0.0246278177,0.0286224423,0.0240613502,2.15426403e-06,2.15426403e-07,true,0.759338757,14.6150207,2541,0.019101144,e818c6384e9722b8ea6a04ecc13483e9331c522f,0ce3ba605bfa0bb6fcfc2a988437c850d45e3e63,LineGaussRegularization,2026-09-07 14:29:50,
R1,dji9443_20260813_23_73_capped_captess4.msh,8016,krylov_gmres,35,0.00944444444,14.3720489,11.6580848,46,46,1,true,cold,0,-1,3,,,,rtol=1.0e-6;atol=1e-14;memory=50,17,0.65,6,36,73,true,multi,64,64,0.0408456742,5.46462751e-05,0.0173140944,0.0257945221,0.0299783062,0.0252011806,2.25631298e-06,2.25631298e-07,true,0.751979758,13.6200691,2619,0.0142343366,e818c6384e9722b8ea6a04ecc13483e9331c522f,0ce3ba605bfa0bb6fcfc2a988437c850d45e3e63,LineGaussRegularization,2026-09-07 14:29:50,
R1,dji9443_20260813_23_73_capped_captess4.msh,8016,krylov_gmres,36,0.00972222222,15.509915,12.6592626,49,49,1,true,cold,0,-1,3,,,,rtol=1.0e-6;atol=1e-14;memory=50,17,0.65,6,36,73,true,multi,64,64,0.0426987873,5.71438037e-05,0.0180996569,0.0269647729,0.0313383687,0.0263445072,2.35867844e-06,2.35867844e-07,true,0.755774928,14.7541401,2692,0.00913010547,e818c6384e9722b8ea6a04ecc13483e9331c522f,0ce3ba605bfa0bb6fcfc2a988437c850d45e3e63,LineGaussRegularization,2026-09-07 14:29:50,
R1,dji9443_20260813_23_73_capped_captess4.msh,8016,krylov_gmres,37,0.01,15.8838361,12.4031274,51,51,1,true,cold,0,-1,3,,,,rtol=1.0e-6;atol=1e-14;memory=50,17,0.65,6,36,73,true,multi,64,64,0.0445547358,5.96360562e-05,0.018886399,0.0281368038,0.0327005457,0.0274896029,2.46120215e-06,2.46120215e-07,true,0.751048525,15.1327875,2766,0.00394171329,e818c6384e9722b8ea6a04ecc13483e9331c522f,0ce3ba605bfa0bb6fcfc2a988437c850d45e3e63,LineGaussRegularization,2026-09-07 14:29:50,
R1,dji9443_20260813_23_73_capped_captess4.msh,8016,krylov_gmres,38,0.0102777778,16.3227134,13.270478,51,51,1,true,cold,0,-1,3,,,,rtol=1.0e-6;atol=1e-14;memory=50,17,0.65,6,36,73,true,multi,64,64,0.0464107062,6.21407621e-05,0.0196731049,0.0293088667,0.034062689,0.0286347033,2.56372586e-06,2.56372586e-07,true,0.831472053,15.4912413,2846,-0.00115015482,e818c6384e9722b8ea6a04ecc13483e9331c522f,0ce3ba605bfa0bb6fcfc2a988437c850d45e3e63,LineGaussRegularization,2026-09-07 14:29:50,
R1,dji9443_20260813_23_73_capped_captess4.msh,8016,krylov_gmres,39,0.0105555556,16.3244624,13.2660519,53,53,1,true,cold,0,-1,3,,,,rtol=1.0e-6;atol=1e-14;memory=50,17,0.65,6,36,73,true,multi,64,64,0.0482638394,6.4658187e-05,0.0204586115,0.0304791132,0.0354227888,0.0297780479,2.66609132e-06,2.66609132e-07,true,0.827198521,15.4972638,2920,-0.005970574,e818c6384e9722b8ea6a04ecc13483e9331c522f,0ce3ba605bfa0bb6fcfc2a988437c850d45e3e63,LineGaussRegularization,2026-09-07 14:29:50,
R1,dji9443_20260813_23_73_capped_captess4.msh,8016,krylov_gmres,40,0.0108333333,16.9045071,13.8004518,53,53,1,true,cold,0,-1,3,,,,rtol=1.0e-6;atol=1e-14;memory=50,17,0.65,6,36,73,true,multi,64,64,0.0501111904,6.70828483e-05,0.0212417055,0.0316457537,0.0367786518,0.0309178492,2.76814026e-06,2.76814026e-07,true,0.767147786,16.1373593,2993,-0.0103819074,e818c6384e9722b8ea6a04ecc13483e9331c522f,0ce3ba605bfa0bb6fcfc2a988437c850d45e3e63,LineGaussRegularization,2026-09-07 14:29:50,
R1,dji9443_20260813_23_73_capped_captess4.msh,8016,krylov_gmres,41,0.0111111111,17.8179203,14.4995086,54,54,1,true,cold,0,-1,3,,,,rtol=1.0e-6;atol=1e-14;memory=50,17,0.65,6,36,73,true,multi,64,64,0.0519499835,6.95471865e-05,0.0220211059,0.0328069794,0.0381281845,0.0320523422,2.86971444e-06,2.86971444e-07,true,0.766752542,17.0511678,3067,-0.0143168044,e818c6384e9722b8ea6a04ecc13483e9331c522f,0ce3ba605bfa0bb6fcfc2a988437c850d45e3e63,LineGaussRegularization,2026-09-07 14:29:50,
R1,dji9443_20260813_23_73_capped_captess4.msh,8016,krylov_gmres,42,0.0113888889,17.5300389,14.284052,54,54,1,true,cold,0,-1,3,,,,rtol=1.0e-6;atol=1e-14;memory=50,17,0.65,6,36,73,true,multi,64,64,0.0537773113,7.19976798e-05,0.0227956981,0.0339609479,0.0394693664,0.0331797761,2.97065559e-06,2.97065559e-07,true,0.855159991,16.6748789,3145,-0.0177830795,e818c6384e9722b8ea6a04ecc13483e9331c522f,0ce3ba605bfa0bb6fcfc2a988437c850d45e3e63,LineGaussRegularization,2026-09-07 14:29:50,
R1,dji9443_20260813_23_73_capped_captess4.msh,8016,krylov_gmres,43,0.0116666667,17.6088338,14.2212256,55,55,1,true,cold,0,-1,3,,,,rtol=1.0e-6;atol=1e-14;memory=50,17,0.65,6,36,73,true,multi,64,64,0.0555903015,7.44043962e-05,0.0235642057,0.0351058287,0.0407999797,0.0342983647,3.07080546e-06,3.07080546e-07,true,0.841356079,16.7674778,3220,-0.0208459362,e818c6384e9722b8ea6a04ecc13483e9331c522f,0ce3ba605bfa0bb6fcfc2a988437c850d45e3e63,LineGaussRegularization,2026-09-07 14:29:50,
R1,dji9443_20260813_23_73_capped_captess4.msh,8016,krylov_gmres,44,0.0119444444,17.2783226,13.8417565,55,55,1,true,cold,0,-1,3,,,,rtol=1.0e-6;atol=1e-14;memory=50,17,0.65,6,36,73,true,multi,64,64,0.0573861228,7.67938144e-05,0.024325421,0.036239939,0.0421180172,0.0354063604,3.17000579e-06,3.17000579e-07,true,0.847814219,16.4305084,3296,-0.0236071007,e818c6384e9722b8ea6a04ecc13483e9331c522f,0ce3ba605bfa0bb6fcfc2a988437c850d45e3e63,LineGaussRegularization,2026-09-07 14:29:50,
R1,dji9443_20260813_23_73_capped_captess4.msh,8016,krylov_gmres,45,0.0122222222,17.8288922,14.3517314,55,55,1,true,cold,0,-1,3,,,,rtol=1.0e-6;atol=1e-14;memory=50,17,0.65,6,36,73,true,multi,64,64,0.0591618666,7.91995683e-05,0.0250781369,0.0373613539,0.0434213168,0.0365019826,3.26809832e-06,3.26809832e-07,true,0.920986032,16.9079062,3370,-0.0261893502,e818c6384e9722b8ea6a04ecc13483e9331c522f,0ce3ba605bfa0bb6fcfc2a988437c850d45e3e63,LineGaussRegularization,2026-09-07 14:29:50,
R1,dji9443_20260813_23_73_capped_captess4.msh,8016,krylov_gmres,46,0.0125,17.6797248,13.5249075,55,55,1,true,cold,0,-1,3,,,,rtol=1.0e-6;atol=1e-14;memory=50,17,0.65,6,36,73,true,multi,64,64,0.060914709,8.15467782e-05,0.0258211511,0.0384682652,0.0447077776,0.0375834471,3.36492481e-06,3.36492481e-07,true,0.822517283,16.8572075,3450,-0.0287239249,e818c6384e9722b8ea6a04ecc13483e9331c522f,0ce3ba605bfa0bb6fcfc2a988437c850d45e3e63,LineGaussRegularization,2026-09-07 14:29:50,
R1,dji9443_20260813_23_73_capped_captess4.msh,8016,krylov_gmres,47,0.0127777778,18.2258686,14.5746492,55,55,1,true,cold,0,-1,3,,,,rtol=1.0e-6;atol=1e-14;memory=50,17,0.65,6,36,73,true,multi,64,64,0.0626417791,8.38451717e-05,0.02655324,0.0395588972,0.0459753616,0.0386490107,3.46032699e-06,3.46032699e-07,true,0.760011661,17.4658569,3526,-0.0313253279,e818c6384e9722b8ea6a04ecc13483e9331c522f,0ce3ba605bfa0bb6fcfc2a988437c850d45e3e63,LineGaussRegularization,2026-09-07 14:29:50,
R1,dji9443_20260813_23_73_capped_captess4.msh,8016,krylov_gmres,48,0.0130555556,17.7989255,14.182067,56,56,1,true,cold,0,-1,3,,,,rtol=1.0e-6;atol=1e-14;memory=50,17,0.65,6,36,73,true,multi,64,64,0.064340203,8.61246675e-05,0.0272731828,0.0406314928,0.0472218647,0.0396968937,3.5541466e-06,3.5541466e-07,true,0.767315423,17.0316101,3605,-0.0340832027,e818c6384e9722b8ea6a04ecc13483e9331c522f,0ce3ba605bfa0bb6fcfc2a988437c850d45e3e63,LineGaussRegularization,2026-09-07 14:29:50,
R1,dji9443_20260813_23_73_capped_captess4.msh,8016,krylov_gmres,49,0.0133333333,18.4362873,14.643356,56,56,1,true,cold,0,-1,3,,,,rtol=1.0e-6;atol=1e-14;memory=50,17,0.65,6,36,73,true,multi,64,64,0.0660070696,8.83793669e-05,0.0279798177,0.0416841459,0.0484452551,0.0407253405,3.6462254e-06,3.6462254e-07,true,0.850867415,17.5854199,3681,-0.0370499276,e818c6384e9722b8ea6a04ecc13483e9331c522f,0ce3ba605bfa0bb6fcfc2a988437c850d45e3e63,LineGaussRegularization,2026-09-07 14:29:50,
R1,dji9443_20260813_23_73_capped_captess4.msh,8016,krylov_gmres,50,0.0136111111,18.5694067,14.6716286,56,56,1,true,cold,0,-1,3,,,,rtol=1.0e-6;atol=1e-14;memory=50,17,0.65,6,36,73,true,multi,64,64,0.0676395623,9.05472769e-05,0.028671782,0.0427150802,0.049643389,0.0417325627,3.73640512e-06,3.73640512e-07,true,0.842109562,17.7272972,3762,-0.0402458921,e818c6384e9722b8ea6a04ecc13483e9331c522f,0ce3ba605bfa0bb6fcfc2a988437c850d45e3e63,LineGaussRegularization,2026-09-07 14:29:50,
R1,dji9443_20260813_23_73_capped_captess4.msh,8016,krylov_gmres,51,0.0138888889,18.9346372,14.8555348,56,56,1,true,cold,0,-1,3,,,,rtol=1.0e-6;atol=1e-14;memory=50,17,0.65,6,36,73,true,multi,64,64,0.0692347867,9.26812554e-05,0.0293480044,0.0437224988,0.050814256,0.0427168204,3.82452751e-06,3.82452751e-07,true,0.856537699,18.0780995,3839,-0.0436465085,e818c6384e9722b8ea6a04ecc13483e9331c522f,0ce3ba605bfa0bb6fcfc2a988437c850d45e3e63,LineGaussRegularization,2026-09-07 14:29:50,
R1,dji9443_20260813_23_73_capped_captess4.msh,8016,krylov_gmres,52,0.0141666667,18.446065,14.5243508,56,56,1,true,cold,0,-1,3,,,,rtol=1.0e-6;atol=1e-14;memory=50,17,0.65,6,36,73,true,multi,64,64,0.0707899681,9.47611504e-05,0.0300072221,0.0447045603,0.0519556403,0.0436763278,3.91043431e-06,3.91043431e-07,true,0.761892544,17.6841724,3918,-0.0471781222,e818c6384e9722b8ea6a04ecc13483e9331c522f,0ce3ba605bfa0bb6fcfc2a988437c850d45e3e63,LineGaussRegularization,2026-09-07 14:29:50,
R1,dji9443_20260813_23_73_capped_captess4.msh,8016,krylov_gmres,53,0.0144444444,18.1058252,14.085999,56,56,1,true,cold,0,-1,3,,,,rtol=1.0e-6;atol=1e-14;memory=50,17,0.65,6,36,73,true,multi,64,64,0.0723021742,9.67773345e-05,0.0306482084,0.0456595436,0.0530655182,0.0446093263,3.99396727e-06,3.99396727e-07,true,0.780044136,17.325781,4000,-0.0507348592,e818c6384e9722b8ea6a04ecc13483e9331c522f,0ce3ba605bfa0bb6fcfc2a988437c850d45e3e63,LineGaussRegularization,2026-09-07 14:29:50,
R1,dji9443_20260813_23_73_capped_captess4.msh,8016,krylov_gmres,54,0.0147222222,18.5463961,14.2128027,56,56,1,true,cold,0,-1,3,,,,rtol=1.0e-6;atol=1e-14;memory=50,17,0.65,6,36,73,true,multi,64,64,0.0737685215,9.87736334e-05,0.0312697622,0.0465855692,0.0541417357,0.0455140489,4.07496812e-06,4.07496812e-07,true,0.749330792,17.7970654,4082,-0.0542114577,e818c6384e9722b8ea6a04ecc13483e9331c522f,0ce3ba605bfa0bb6fcfc2a988437c850d45e3e63,LineGaussRegularization,2026-09-07 14:29:50,
R1,dji9443_20260813_23_73_capped_captess4.msh,8016,krylov_gmres,55,0.015,18.4503838,13.6536878,57,57,1,true,cold,0,-1,3,,,,rtol=1.0e-6;atol=1e-14;memory=50,17,0.65,6,36,73,true,multi,64,64,0.0751861532,0.000100696469,0.0318706939,0.0474808798,0.0551821713,0.0463887134,4.15327862e-06,4.15327862e-07,true,0.73746719,17.7129166,4163,-0.0575105763,e818c6384e9722b8ea6a04ecc13483e9331c522f,0ce3ba605bfa0bb6fcfc2a988437c850d45e3e63,LineGaussRegularization,2026-09-07 14:29:50,
R1,dji9443_20260813_23_73_capped_captess4.msh,8016,krylov_gmres,56,0.0152777778,19.1705985,14.6396213,57,57,1,true,cold,0,-1,3,,,,rtol=1.0e-6;atol=1e-14;memory=50,17,0.65,6,36,73,true,multi,64,64,0.0765522648,0.000102513745,0.0324497996,0.0483435388,0.0561848073,0.047231557,4.2287405e-06,4.2287405e-07,true,0.851289607,18.3193089,4245,-0.0605748082,e818c6384e9722b8ea6a04ecc13483e9331c522f,0ce3ba605bfa0bb6fcfc2a988437c850d45e3e63,LineGaussRegularization,2026-09-07 14:29:50,
R1,dji9443_20260813_23_73_capped_captess4.msh,8016,krylov_gmres,57,0.0155555556,18.5934923,14.2401843,57,57,1,true,cold,0,-1,3,,,,rtol=1.0e-6;atol=1e-14;memory=50,17,0.65,6,36,73,true,multi,64,64,0.0778639055,0.000104280201,0.0330057585,0.0491719004,0.057147468,0.0480408131,4.30119552e-06,4.30119552e-07,true,0.758645255,17.834847,4323,-0.0633856195,e818c6384e9722b8ea6a04ecc13483e9331c522f,0ce3ba605bfa0bb6fcfc2a988437c850d45e3e63,LineGaussRegularization,2026-09-07 14:29:50,
R1,dji9443_20260813_23_73_capped_captess4.msh,8016,krylov_gmres,58,0.0158333333,18.9197295,14.6174614,57,57,1,true,cold,0,-1,3,,,,rtol=1.0e-6;atol=1e-14;memory=50,17,0.65,6,36,73,true,multi,64,64,0.0791182191,0.000105974346,0.0335375109,0.0499640271,0.0580680836,0.048814726,4.3704854e-06,4.3704854e-07,true,0.765541159,18.1541883,4404,-0.065939369,e818c6384e9722b8ea6a04ecc13483e9331c522f,0ce3ba605bfa0bb6fcfc2a988437c850d45e3e63,LineGaussRegularization,2026-09-07 14:29:50,
R1,dji9443_20260813_23_73_capped_captess4.msh,8016,krylov_gmres,59,0.0161111111,19.800287,15.2970807,57,57,1,true,cold,0,-1,3,,,,rtol=1.0e-6;atol=1e-14;memory=50,17,0.65,6,36,73,true,multi,64,64,0.0803123883,0.000107550303,0.0340436785,0.0507181766,0.0589444839,0.0495515084,4.43645191e-06,4.43645191e-07,true,0.851251033,18.949036,4482,-0.0682116306,e818c6384e9722b8ea6a04ecc13483e9331c522f,0ce3ba605bfa0bb6fcfc2a988437c850d45e3e63,LineGaussRegularization,2026-09-07 14:29:50,
R1,dji9443_20260813_23_73_capped_captess4.msh,8016,krylov_gmres,60,0.0163888889,19.7406779,15.0331273,57,57,1,true,cold,0,-1,3,,,,rtol=1.0e-6;atol=1e-14;memory=50,17,0.65,6,36,73,true,multi,64,64,0.0814435161,0.000109068372,0.0345231715,0.0514324813,0.0597747508,0.050249413,4.49893678e-06,4.49893678e-07,true,0.774054457,18.9666234,4563,-0.0702252071,e818c6384e9722b8ea6a04ecc13483e9331c522f,0ce3ba605bfa0bb6fcfc2a988437c850d45e3e63,LineGaussRegularization,2026-09-07 14:29:50,
R1,dji9443_20260813_23_73_capped_captess4.msh,8016,krylov_gmres,61,0.0166666667,19.6203519,14.9821884,57,57,1,true,cold,0,-1,3,,,,rtol=1.0e-6;atol=1e-14;memory=50,17,0.65,6,36,73,true,multi,64,64,0.0825088037,0.000110482362,0.034974729,0.0521051816,0.0605565506,0.0509066683,4.55778175e-06,4.55778175e-07,true,0.769173256,18.8511787,4645,-0.0719974025,e818c6384e9722b8ea6a04ecc13483e9331c522f,0ce3ba605bfa0bb6fcfc2a988437c850d45e3e63,LineGaussRegularization,2026-09-07 14:29:50,
R1,dji9443_20260813_23_73_capped_captess4.msh,8016,krylov_gmres,62,0.0169444444,19.0055597,14.3365063,57,57,1,true,cold,0,-1,3,,,,rtol=1.0e-6;atol=1e-14;memory=50,17,0.65,6,36,73,true,multi,64,64,0.0835053187,0.000111805026,0.0353971199,0.0527345078,0.0612879649,0.0515214976,4.61282857e-06,4.61282857e-07,true,0.769107062,18.2364526,4725,-0.0735309292,e818c6384e9722b8ea6a04ecc13483e9331c522f,0ce3ba605bfa0bb6fcfc2a988437c850d45e3e63,LineGaussRegularization,2026-09-07 14:29:50,
R1,dji9443_20260813_23_73_capped_captess4.msh,8016,krylov_gmres,63,0.0172222222,19.655504,14.7272347,57,57,1,true,cold,0,-1,3,,,,rtol=1.0e-6;atol=1e-14;memory=50,17,0.65,6,36,73,true,multi,64,64,0.084430208,0.000113083221,0.0357891496,0.0533186004,0.0619667778,0.0520921458,4.66391898e-06,4.66391898e-07,true,0.832250055,18.823254,4808,-0.0748399077,e818c6384e9722b8ea6a04ecc13483e9331c522f,0ce3ba605bfa0bb6fcfc2a988437c850d45e3e63,LineGaussRegularization,2026-09-07 14:29:50,
R1,dji9443_20260813_23_73_capped_captess4.msh,8016,krylov_gmres,64,0.0175,19.3525842,13.7255452,57,57,1,true,cold,0,-1,3,,,,rtol=1.0e-6;atol=1e-14;memory=50,17,0.65,6,36,73,true,multi,64,64,0.0852805939,0.000114222619,0.0361496285,0.0538556295,0.0625908892,0.0526168231,4.71089473e-06,4.71089473e-07,true,0.763740483,18.5888437,4890,-0.0759606019,e818c6384e9722b8ea6a04ecc13483e9331c522f,0ce3ba605bfa0bb6fcfc2a988437c850d45e3e63,LineGaussRegularization,2026-09-07 14:29:50,
R1,dji9443_20260813_23_73_capped_captess4.msh,8016,krylov_gmres,65,0.0177777778,20.6210357,15.2865221,57,57,1,true,cold,0,-1,3,,,,rtol=1.0e-6;atol=1e-14;memory=50,17,0.65,6,36,73,true,multi,64,64,0.0860536801,0.000115239282,0.0364773695,0.0543437954,0.0631582742,0.0530937796,4.75359756e-06,4.75359756e-07,true,0.770484632,19.8505511,4974,-0.0769340792,e818c6384e9722b8ea6a04ecc13483e9331c522f,0ce3ba605bfa0bb6fcfc2a988437c850d45e3e63,LineGaussRegularization,2026-09-07 14:29:50,
R1,dji9443_20260813_23_73_capped_captess4.msh,8016,krylov_gmres,66,0.0180555556,17.6430021,14.4956504,57,57,1,true,cold,0,-1,3,,,,rtol=1.0e-6;atol=1e-14;memory=50,17,0.65,6,36,73,true,multi,64,64,0.0867465041,0.000116182095,0.0367710064,0.0547813417,0.0636667569,0.0535212341,4.79186921e-06,4.79186921e-07,true,0.751171033,16.891831,5052,-0.0777989705,e818c6384e9722b8ea6a04ecc13483e9331c522f,0ce3ba605bfa0bb6fcfc2a988437c850d45e3e63,LineGaussRegularization,2026-09-07 14:29:50,
R1,dji9443_20260813_23_73_capped_captess4.msh,8016,krylov_gmres,67,0.0183333333,17.7809676,15.0312969,57,57,1,true,cold,0,-1,3,,,,rtol=1.0e-6;atol=1e-14;memory=50,17,0.65,6,36,73,true,multi,64,64,0.0873562141,0.000117010382,0.037029523,0.0551664101,0.0641142806,0.0538974394,4.82555143e-06,4.82555143e-07,true,0.767223205,17.0137444,5130,-0.0785814786,e818c6384e9722b8ea6a04ecc13483e9331c522f,0ce3ba605bfa0bb6fcfc2a988437c850d45e3e63,LineGaussRegularization,2026-09-07 14:29:50,
R1,dji9443_20260813_23_73_capped_captess4.msh,8016,krylov_gmres,68,0.0186111111,18.1567635,15.27508,57,57,1,true,cold,0,-1,3,,,,rtol=1.0e-6;atol=1e-14;memory=50,17,0.65,6,36,73,true,multi,64,64,0.087879993,0.00011769099,0.0372515168,0.0554972048,0.0644986542,0.0542206061,4.85448595e-06,4.85448595e-07,true,0.764917107,17.3918464,5212,-0.0792942878,e818c6384e9722b8ea6a04ecc13483e9331c522f,0ce3ba605bfa0bb6fcfc2a988437c850d45e3e63,LineGaussRegularization,2026-09-07 14:29:50,
R1,dji9443_20260813_23_73_capped_captess4.msh,8016,krylov_gmres,69,0.0188888889,18.2445359,15.2176125,57,57,1,true,cold,0,-1,3,,,,rtol=1.0e-6;atol=1e-14;memory=50,17,0.65,6,36,73,true,multi,64,64,0.0883149488,0.00011827138,0.0374359101,0.0557718694,0.06481798,0.0544889837,4.87851454e-06,4.87851454e-07,true,0.859003609,17.3855323,5293,-0.0799081614,e818c6384e9722b8ea6a04ecc13483e9331c522f,0ce3ba605bfa0bb6fcfc2a988437c850d45e3e63,LineGaussRegularization,2026-09-07 14:29:50,
R1,dji9443_20260813_23_73_capped_captess4.msh,8016,krylov_gmres,70,0.0191666667,17.7862026,14.8398724,57,57,1,true,cold,0,-1,3,,,,rtol=1.0e-6;atol=1e-14;memory=50,17,0.65,6,36,73,true,multi,64,64,0.0886582898,0.000118717379,0.0375814447,0.055988635,0.0650699024,0.054700805,4.89747892e-06,4.89747892e-07,true,0.848600804,16.9376018,5374,-0.0803714174,e818c6384e9722b8ea6a04ecc13483e9331c522f,0ce3ba605bfa0bb6fcfc2a988437c850d45e3e63,LineGaussRegularization,2026-09-07 14:29:50,
R1,dji9443_20260813_23_73_capped_captess4.msh,8016,krylov_gmres,71,0.0194444444,17.1444864,14.3503982,57,57,1,true,cold,0,-1,3,,,,rtol=1.0e-6;atol=1e-14;memory=50,17,0.65,6,36,73,true,multi,64,64,0.0889070653,0.000119037319,0.0376868736,0.0561457587,0.0652525328,0.054854296,4.91122084e-06,4.91122084e-07,true,0.767522423,16.376964,5453,-0.0806229904,e818c6384e9722b8ea6a04ecc13483e9331c522f,0ce3ba605bfa0bb6fcfc2a988437c850d45e3e63,LineGaussRegularization,2026-09-07 14:29:50,
R1,dji9443_20260813_23_73_capped_captess4.msh,8016,krylov_gmres,72,0.0197222222,17.4906996,14.7467216,57,57,1,true,cold,0,-1,3,,,,rtol=1.0e-6;atol=1e-14;memory=50,17,0.65,6,36,73,true,multi,64,64,0.0890584453,0.000119281345,0.0377510133,0.0562413832,0.0653636232,0.0549476963,4.91958205e-06,4.91958205e-07,true,0.776917561,16.713782,5532,-0.080645093,e818c6384e9722b8ea6a04ecc13483e9331c522f,0ce3ba605bfa0bb6fcfc2a988437c850d45e3e63,LineGaussRegularization,2026-09-07 14:29:50,
R1,dji9443_20260813_23_73_capped_captess4.msh,8016,krylov_gmres,73,0.02,17.5828023,13.8007904,57,57,1,true,cold,0,-1,3,5612,83216.9164,,rtol=1.0e-6;atol=1e-14;memory=50,17,0.65,6,36,73,true,multi,64,64,0.0891095192,0.000119333975,0.0377726751,0.0562736371,0.0654010932,0.0549792163,4.92240429e-06,4.92240429e-07,true,0.830658675,16.7521437,5612,-0.0804006753,e818c6384e9722b8ea6a04ecc13483e9331c522f,0ce3ba605bfa0bb6fcfc2a988437c850d45e3e63,LineGaussRegularization,2026-09-07 14:29:50,
R1,dji9443_20260813_23_73_capped_captess4.msh,8016,krylov_gmres,1,0,62.9627819,19.8278417,59,59,1,true,prev,0,-1,3,,,4.30833622,rtol=1.0e-6;atol=1e-14;memory=50,17,0.65,6,36,73,true,multi,64,64,8.59086959e-08,5.84952226e-13,1.86492581e-09,4.11727636e-09,7.93235387e-09,1.04303686e-08,1e-14,1e-15,false,1.04586548,61.9169164,0,0.0533284584,e818c6384e9722b8ea6a04ecc13483e9331c522f,0ce3ba605bfa0bb6fcfc2a988437c850d45e3e63,LineGaussRegularization,2026-09-07 14:55:33,"RHPC setup-only include; t_solve = solve_formulation! wall (incl. the per-step Dirichlet source-potential assembly inside solve!); t_step from maneuver! deltas; niter now recorded for FGS as well as Krylov (Phase 3); niter=-1 means a direct solve. niter is the LAST inner solve of the step (legacy diagnostic); niter_first is the FIRST and is the warmstart comparison metric; nsolves is the per-body solve count of the step (must be 1 for a one-body run; -1 = unavailable); solved is the AND of the step's inner convergence flags. Wake-developed averages should drop the first skip_steps rows. bcerr_* are order statistics of the per-panel Dirichlet BC residual |phi_sigma + G_mu x| from ONE bc_error! pass per step; bcerr_tol is THIS arm's own effective absolute acceptance level, so bcerr_max <= bcerr_tol is the arm's promise checked independently. The pass requests an absolute FMM error of bcerr_eps = BCERR_SAFETY * bcerr_tol, so the instrument is ~10x sharper than the acceptance level by construction; bcerr_certified=false means some M2L pair could not certify that bound and the row is UNCERTIFIED. The pass is EXCLUDED from t_solve, but NOT from t_step_total (it lies inside the maneuver!-to-maneuver! window); use t_step_net = t_step_total - t_bcerr for full-timestep share. Its own cost is t_bcerr (~62% of t_solve at R1 — it certifies to 10x below tol_abs, so the FMM climbs its order). BCERR_EVERY>1 subsamples it; skipped steps write EMPTY bcerr_* cells, never a fabricated value. n_particles and CT are per-step identity REPORTING, not assertions: the wake is chaotic, so small differences compound and exact trajectory identity is not expected. CT requires RUN_MONITORS=true (default under PHASE=phase3)."
R1,dji9443_20260813_23_73_capped_captess4.msh,8016,krylov_gmres,2,0.000277777778,22.1172825,17.7498443,66,66,1,true,prev,0,-1,3,,,,rtol=1.0e-6;atol=1e-14;memory=50,17,0.65,6,36,73,true,multi,64,64,5.10909168e-05,6.79878207e-08,2.16567114e-05,3.22640231e-05,3.74972552e-05,3.15223524e-05,2.82224753e-09,2.82224753e-10,false,0.895901514,21.221381,0,0.0738110728,e818c6384e9722b8ea6a04ecc13483e9331c522f,0ce3ba605bfa0bb6fcfc2a988437c850d45e3e63,LineGaussRegularization,2026-09-07 14:55:33,
R1,dji9443_20260813_23_73_capped_captess4.msh,8016,krylov_gmres,3,0.000555555556,20.9450556,17.2194427,66,66,1,true,prev,0,-1,3,,,,rtol=1.0e-6;atol=1e-14;memory=50,17,0.65,6,36,73,true,multi,64,64,0.000202452327,2.72231445e-07,8.58170718e-05,0.000127848642,0.000148587316,0.000124909179,1.11834559e-08,1.11834559e-09,false,0.866365753,20.0786899,84,0.0913694501,e818c6384e9722b8ea6a04ecc13483e9331c522f,0ce3ba605bfa0bb6fcfc2a988437c850d45e3e63,LineGaussRegularization,2026-09-07 14:55:33,
R1,dji9443_20260813_23_73_capped_captess4.msh,8016,krylov_gmres,4,0.000833333333,20.3585903,18.4631257,68,68,1,true,prev,0,-1,3,,,,rtol=1.0e-6;atol=1e-14;memory=50,17,0.65,6,36,73,true,multi,64,64,0.000451220253,6.05264507e-07,0.000191268209,0.000284949599,0.00033116859,0.000278395765,2.49253789e-08,2.49253789e-09,false,0.817799126,19.5407912,168,0.100586332,e818c6384e9722b8ea6a04ecc13483e9331c522f,0ce3ba605bfa0bb6fcfc2a988437c850d45e3e63,LineGaussRegularization,2026-09-07 14:55:33,
R1,dji9443_20260813_23_73_capped_captess4.msh,8016,krylov_gmres,5,0.00111111111,20.6302645,18.788718,67,67,1,true,prev,0,-1,3,,,,rtol=1.0e-6;atol=1e-14;memory=50,17,0.65,6,36,73,true,multi,64,64,0.000794529439,1.06339401e-06,0.000336794393,0.000501753124,0.00058313962,0.000490212333,4.38897601e-08,4.38897601e-09,false,0.899648039,19.7306165,249,0.105160562,e818c6384e9722b8ea6a04ecc13483e9331c522f,0ce3ba605bfa0bb6fcfc2a988437c850d45e3e63,LineGaussRegularization,2026-09-07 14:55:33,
R1,dji9443_20260813_23_73_capped_captess4.msh,8016,krylov_gmres,6,0.00138888889,19.827577,17.8541865,64,64,1,true,prev,0,-1,3,,,,rtol=1.0e-6;atol=1e-14;memory=50,17,0.65,6,36,73,true,multi,64,64,0.0012295149,1.64579083e-06,0.000521179847,0.000776463509,0.00090239218,0.000758592537,6.79183432e-08,6.79183432e-09,false,0.918083464,18.9094935,329,0.107104919,e818c6384e9722b8ea6a04ecc13483e9331c522f,0ce3ba605bfa0bb6fcfc2a988437c850d45e3e63,LineGaussRegularization,2026-09-07 14:55:33,
R1,dji9443_20260813_23_73_capped_captess4.msh,8016,krylov_gmres,7,0.00166666667,17.6308041,15.6264175,57,57,1,true,prev,0,-1,3,,,,rtol=1.0e-6;atol=1e-14;memory=50,17,0.65,6,36,73,true,multi,64,64,0.00175331251,2.34599044e-06,0.000743213897,0.00110723457,0.00128682696,0.00108176639,9.68528719e-08,9.68528719e-09,false,0.795084686,16.8357194,408,0.107517351,e818c6384e9722b8ea6a04ecc13483e9331c522f,0ce3ba605bfa0bb6fcfc2a988437c850d45e3e63,LineGaussRegularization,2026-09-07 14:55:33,
R1,dji9443_20260813_23_73_capped_captess4.msh,8016,krylov_gmres,8,0.00194444444,17.5863548,15.5747073,58,58,1,true,prev,0,-1,3,,,,rtol=1.0e-6;atol=1e-14;memory=50,17,0.65,6,36,73,true,multi,64,64,0.0023630561,3.16418208e-06,0.00100167901,0.0014922931,0.00173434286,0.00145796955,1.3053509e-07,1.3053509e-08,false,0.795156551,16.7911983,491,0.107007646,e818c6384e9722b8ea6a04ecc13483e9331c522f,0ce3ba605bfa0bb6fcfc2a988437c850d45e3e63,LineGaussRegularization,2026-09-07 14:55:33,
R1,dji9443_20260813_23_73_capped_captess4.msh,8016,krylov_gmres,9,0.00222222222,17.6224901,15.4826082,56,56,1,true,prev,0,-1,3,,,,rtol=1.0e-6;atol=1e-14;memory=50,17,0.65,6,36,73,true,multi,64,64,0.00305588094,4.09238252e-06,0.00129536082,0.00192982228,0.00224283638,0.00188543221,1.68806741e-07,1.68806741e-08,false,0.80142891,16.8210612,569,0.105904434,e818c6384e9722b8ea6a04ecc13483e9331c522f,0ce3ba605bfa0bb6fcfc2a988437c850d45e3e63,LineGaussRegularization,2026-09-07 14:55:33,
R1,dji9443_20260813_23_73_capped_captess4.msh,8016,krylov_gmres,10,0.0025,17.2014516,14.6870389,57,57,1,true,prev,0,-1,3,,,,rtol=1.0e-6;atol=1e-14;memory=50,17,0.65,6,36,73,true,multi,64,64,0.0038289227,5.12653778e-06,0.00162304571,0.00241801042,0.0028102035,0.00236238907,2.11509569e-07,2.11509569e-08,false,0.784608383,16.4168432,649,0.104390299,e818c6384e9722b8ea6a04ecc13483e9331c522f,0ce3ba605bfa0bb6fcfc2a988437c850d45e3e63,LineGaussRegularization,2026-09-07 14:55:33,
R1,dji9443_20260813_23_73_capped_captess4.msh,8016,krylov_gmres,11,0.00277777778,18.1719763,15.9376956,57,57,1,true,prev,0,-1,3,,,,rtol=1.0e-6;atol=1e-14;memory=50,17,0.65,6,36,73,true,multi,64,64,0.00467931978,6.26377825e-06,0.00198352324,0.00295503698,0.00343434279,0.00288706806,2.58485317e-07,2.58485317e-08,false,0.881679339,17.290297,730,0.102560436,e818c6384e9722b8ea6a04ecc13483e9331c522f,0ce3ba605bfa0bb6fcfc2a988437c850d45e3e63,LineGaussRegularization,2026-09-07 14:55:33,
R1,dji9443_20260813_23_73_capped_captess4.msh,8016,krylov_gmres,12,0.00305555556,17.7503703,15.5650713,58,58,1,true,prev,0,-1,3,,,,rtol=1.0e-6;atol=1e-14;memory=50,17,0.65,6,36,73,true,multi,64,64,0.00560419941,7.50354941e-06,0.00237557164,0.00353910863,0.00411314913,0.00345770488,3.09575729e-07,3.09575729e-08,false,0.81024607,16.9401242,810,0.10045619,e818c6384e9722b8ea6a04ecc13483e9331c522f,0ce3ba605bfa0bb6fcfc2a988437c850d45e3e63,LineGaussRegularization,2026-09-07 14:55:33,
R1,dji9443_20260813_23_73_capped_captess4.msh,8016,krylov_gmres,13,0.00333333333,18.2884737,16.0551992,58,58,1,true,prev,0,-1,3,,,,rtol=1.0e-6;atol=1e-14;memory=50,17,0.65,6,36,73,true,multi,64,64,0.00660070393,8.83736141e-06,0.00279797962,0.00416841396,0.00484452586,0.00407253362,3.64622549e-07,3.64622549e-08,true,0.809360012,17.4791137,891,0.0980784618,e818c6384e9722b8ea6a04ecc13483e9331c522f,0ce3ba605bfa0bb6fcfc2a988437c850d45e3e63,LineGaussRegularization,2026-09-07 14:55:33,
R1,dji9443_20260813_23_73_capped_captess4.msh,8016,krylov_gmres,14,0.00361111111,19.0389609,16.1601284,58,58,1,true,prev,0,-1,3,,,,rtol=1.0e-6;atol=1e-14;memory=50,17,0.65,6,36,73,true,multi,64,64,0.0076659662,1.02608954e-05,0.0032495364,0.00484114071,0.00562636559,0.00472978356,4.2346752e-07,4.2346752e-08,true,0.883918802,18.1550421,972,0.0954106221,e818c6384e9722b8ea6a04ecc13483e9331c522f,0ce3ba605bfa0bb6fcfc2a988437c850d45e3e63,LineGaussRegularization,2026-09-07 14:55:33,
R1,dji9443_20260813_23_73_capped_captess4.msh,8016,krylov_gmres,15,0.00388888889,18.9453028,16.6352719,59,59,1,true,prev,0,-1,3,,,,rtol=1.0e-6;atol=1e-14;memory=50,17,0.65,6,36,73,true,multi,64,64,0.00879711923,1.1775604e-05,0.00372902236,0.0055554794,0.00645655968,0.00542768738,4.85952387e-07,4.85952387e-08,false,0.800850331,18.1444525,1050,0.0924116324,e818c6384e9722b8ea6a04ecc13483e9331c522f,0ce3ba605bfa0bb6fcfc2a988437c850d45e3e63,LineGaussRegularization,2026-09-07 14:55:33,
R1,dji9443_20260813_23_73_capped_captess4.msh,8016,krylov_gmres,16,0.00416666667,18.6548617,16.275944,59,59,1,true,prev,0,-1,3,,,,rtol=1.0e-6;atol=1e-14;memory=50,17,0.65,6,36,73,true,multi,64,64,0.00999129982,1.3373971e-05,0.00423522384,0.00630961289,0.00733302,0.00616447878,5.51918892e-07,5.51918892e-08,true,0.805239108,17.8496226,1126,0.0890360504,e818c6384e9722b8ea6a04ecc13483e9331c522f,0ce3ba605bfa0bb6fcfc2a988437c850d45e3e63,LineGaussRegularization,2026-09-07 14:55:33,
R1,dji9443_20260813_23_73_capped_captess4.msh,8016,krylov_gmres,17,0.00444444444,17.8555732,15.4928166,59,59,1,true,prev,0,-1,3,,,,rtol=1.0e-6;atol=1e-14;memory=50,17,0.65,6,36,73,true,multi,64,64,0.0112456431,1.50534307e-05,0.00476693263,0.0071017409,0.00825363368,0.00693838961,6.2120878e-07,6.2120878e-08,true,0.872181377,16.9833918,1204,0.0852340161,e818c6384e9722b8ea6a04ecc13483e9331c522f,0ce3ba605bfa0bb6fcfc2a988437c850d45e3e63,LineGaussRegularization,2026-09-07 14:55:33,
R1,dji9443_20260813_23_73_capped_captess4.msh,8016,krylov_gmres,18,0.00472222222,18.5518101,16.0731094,60,60,1,true,prev,0,-1,3,,,,rtol=1.0e-6;atol=1e-14;memory=50,17,0.65,6,36,73,true,multi,64,64,0.0125572749,1.68103068e-05,0.00532292893,0.00793006144,0.00921629977,0.00774765414,6.93663794e-07,6.93663794e-08,true,0.908341962,17.6434682,1283,0.0810049026,e818c6384e9722b8ea6a04ecc13483e9331c522f,0ce3ba605bfa0bb6fcfc2a988437c850d45e3e63,LineGaussRegularization,2026-09-07 14:55:33,
R1,dji9443_20260813_23_73_capped_captess4.msh,8016,krylov_gmres,19,0.005,18.1386559,15.492662,60,60,1,true,prev,0,-1,3,,,,rtol=1.0e-6;atol=1e-14;memory=50,17,0.65,6,36,73,true,multi,64,64,0.0139233556,1.86393423e-05,0.00590199454,0.00879274866,0.0102189178,0.00859050136,7.69125678e-07,7.69125678e-08,true,0.766795137,17.3718608,1362,0.076421341,e818c6384e9722b8ea6a04ecc13483e9331c522f,0ce3ba605bfa0bb6fcfc2a988437c850d45e3e63,LineGaussRegularization,2026-09-07 14:55:33,
R1,dji9443_20260813_23_73_capped_captess4.msh,8016,krylov_gmres,20,0.00527777778,18.8272955,16.4880138,60,60,1,true,prev,0,-1,3,,,,rtol=1.0e-6;atol=1e-14;memory=50,17,0.65,6,36,73,true,multi,64,64,0.0153410046,2.05393527e-05,0.00650291252,0.00968800362,0.0112593866,0.00946516463,8.47436176e-07,8.47436176e-08,true,0.804497202,18.0227983,1435,0.0716454916,e818c6384e9722b8ea6a04ecc13483e9331c522f,0ce3ba605bfa0bb6fcfc2a988437c850d45e3e63,LineGaussRegularization,2026-09-07 14:55:33,
R1,dji9443_20260813_23_73_capped_captess4.msh,8016,krylov_gmres,21,0.00555555556,18.2489066,15.9087766,60,60,1,true,prev,0,-1,3,,,,rtol=1.0e-6;atol=1e-14;memory=50,17,0.65,6,36,73,true,multi,64,64,0.0168073502,2.25049047e-05,0.00712448463,0.0106140195,0.0123355888,0.0103698762,9.28437031e-07,9.28437031e-08,true,0.793609527,17.455297,1514,0.0668964241,e818c6384e9722b8ea6a04ecc13483e9331c522f,0ce3ba605bfa0bb6fcfc2a988437c850d45e3e63,LineGaussRegularization,2026-09-07 14:55:33,
R1,dji9443_20260813_23_73_capped_captess4.msh,8016,krylov_gmres,22,0.00583333333,18.9781871,16.5102806,60,60,1,true,prev,0,-1,3,,,,rtol=1.0e-6;atol=1e-14;memory=50,17,0.65,6,36,73,true,multi,64,64,0.0183195275,2.45225488e-05,0.00776548238,0.0115689778,0.0134454494,0.01130287,1.01196999e-06,1.01196999e-07,true,0.799397687,18.1787894,1595,0.0623869691,e818c6384e9722b8ea6a04ecc13483e9331c522f,0ce3ba605bfa0bb6fcfc2a988437c850d45e3e63,LineGaussRegularization,2026-09-07 14:55:33,
R1,dji9443_20260813_23_73_capped_captess4.msh,8016,krylov_gmres,23,0.00611111111,19.9234524,17.3968135,60,60,1,true,prev,0,-1,3,,,,rtol=1.0e-6;atol=1e-14;memory=50,17,0.65,6,36,73,true,multi,64,64,0.0198746886,2.66046747e-05,0.0084247086,0.0125510697,0.0145868419,0.0122623775,1.09787679e-06,1.09787679e-07,true,0.927943213,18.9955092,1675,0.0582301045,e818c6384e9722b8ea6a04ecc13483e9331c522f,0ce3ba605bfa0bb6fcfc2a988437c850d45e3e63,LineGaussRegularization,2026-09-07 14:55:33,
R1,dji9443_20260813_23_73_capped_captess4.msh,8016,krylov_gmres,24,0.00638888889,19.2973522,16.7807779,60,60,1,true,prev,0,-1,3,,,,rtol=1.0e-6;atol=1e-14;memory=50,17,0.65,6,36,73,true,multi,64,64,0.0214699593,2.87367596e-05,0.00910092786,0.0135585023,0.01575766,0.0132466328,1.18599918e-06,1.18599918e-07,true,0.929208113,18.3681441,1755,0.0544384633,e818c6384e9722b8ea6a04ecc13483e9331c522f,0ce3ba605bfa0bb6fcfc2a988437c850d45e3e63,LineGaussRegularization,2026-09-07 14:55:33,
R1,dji9443_20260813_23_73_capped_captess4.msh,8016,krylov_gmres,25,0.00666666667,19.6842472,16.3552128,59,59,1,true,prev,0,-1,3,,,,rtol=1.0e-6;atol=1e-14;memory=50,17,0.65,6,36,73,true,multi,64,64,0.023102458,3.09233522e-05,0.00979292935,0.0145894291,0.0169558366,0.0142538607,1.2761789e-06,1.2761789e-07,true,0.820893432,18.8633538,1836,0.0509465389,e818c6384e9722b8ea6a04ecc13483e9331c522f,0ce3ba605bfa0bb6fcfc2a988437c850d45e3e63,LineGaussRegularization,2026-09-07 14:55:33,
R1,dji9443_20260813_23_73_capped_captess4.msh,8016,krylov_gmres,26,0.00694444444,18.5315219,15.8178072,59,59,1,true,prev,0,-1,3,,,,rtol=1.0e-6;atol=1e-14;memory=50,17,0.65,6,36,73,true,multi,64,64,0.0247693527,3.31495266e-05,0.0104995073,0.0156421037,0.0181792228,0.0152823097,1.36825769e-06,1.36825769e-07,true,0.812188755,17.7193332,1917,0.0476656021,e818c6384e9722b8ea6a04ecc13483e9331c522f,0ce3ba605bfa0bb6fcfc2a988437c850d45e3e63,LineGaussRegularization,2026-09-07 14:55:33,
R1,dji9443_20260813_23_73_capped_captess4.msh,8016,krylov_gmres,27,0.00722222222,18.6810181,16.2560664,58,58,1,true,prev,0,-1,3,,,,rtol=1.0e-6;atol=1e-14;memory=50,17,0.65,6,36,73,true,multi,64,64,0.0264677238,3.54239064e-05,0.0112194574,0.0167146653,0.0194257506,0.0163301993,1.46207731e-06,1.46207731e-07,true,0.789877327,17.8911408,1995,0.0445061831,e818c6384e9722b8ea6a04ecc13483e9331c522f,0ce3ba605bfa0bb6fcfc2a988437c850d45e3e63,LineGaussRegularization,2026-09-07 14:55:33,
R1,dji9443_20260813_23_73_capped_captess4.msh,8016,krylov_gmres,28,0.0075,18.5844474,15.3500727,58,58,1,true,prev,0,-1,3,,,,rtol=1.0e-6;atol=1e-14;memory=50,17,0.65,6,36,73,true,multi,64,64,0.0281948034,3.774705e-05,0.011951538,0.0178053187,0.0206933032,0.0173957647,1.55747949e-06,1.55747949e-07,true,0.806354388,17.7780931,2073,0.0413818011,e818c6384e9722b8ea6a04ecc13483e9331c522f,0ce3ba605bfa0bb6fcfc2a988437c850d45e3e63,LineGaussRegularization,2026-09-07 14:55:33,
R1,dji9443_20260813_23_73_capped_captess4.msh,8016,krylov_gmres,29,0.00777777778,18.9847303,16.3446149,58,58,1,true,prev,0,-1,3,,,,rtol=1.0e-6;atol=1e-14;memory=50,17,0.65,6,36,73,true,multi,64,64,0.0299476339,4.00957511e-05,0.012694551,0.0189122593,0.0219797862,0.0184772394,1.65430597e-06,1.65430597e-07,true,0.782665257,18.2020651,2153,0.038218549,e818c6384e9722b8ea6a04ecc13483e9331c522f,0ce3ba605bfa0bb6fcfc2a988437c850d45e3e63,LineGaussRegularization,2026-09-07 14:55:33,
R1,dji9443_20260813_23_73_capped_captess4.msh,8016,krylov_gmres,30,0.00805555556,18.3381306,15.6028228,58,58,1,true,prev,0,-1,3,,,,rtol=1.0e-6;atol=1e-14;memory=50,17,0.65,6,36,73,true,multi,64,64,0.0317233768,4.24695486e-05,0.0134472677,0.0200336514,0.02328308,0.0195728457,1.75239851e-06,1.75239851e-07,true,0.808604055,17.5295265,2234,0.0349455142,e818c6384e9722b8ea6a04ecc13483e9331c522f,0ce3ba605bfa0bb6fcfc2a988437c850d45e3e63,LineGaussRegularization,2026-09-07 14:55:33,
R1,dji9443_20260813_23_73_capped_captess4.msh,8016,krylov_gmres,31,0.00833333333,19.1326536,16.3903097,59,59,1,true,prev,0,-1,3,,,,rtol=1.0e-6;atol=1e-14;memory=50,17,0.65,6,36,73,true,multi,64,64,0.033519197,4.48699605e-05,0.0142084814,0.0211677307,0.0246010927,0.0206808319,1.85159884e-06,1.85159884e-07,true,0.813967265,18.3186864,2311,0.031480922,e818c6384e9722b8ea6a04ecc13483e9331c522f,0ce3ba605bfa0bb6fcfc2a988437c850d45e3e63,LineGaussRegularization,2026-09-07 14:55:33,
R1,dji9443_20260813_23_73_capped_captess4.msh,8016,krylov_gmres,32,0.00861111111,19.6093134,16.717386,59,59,1,true,prev,0,-1,3,,,,rtol=1.0e-6;atol=1e-14;memory=50,17,0.65,6,36,73,true,multi,64,64,0.0353322027,4.72788819e-05,0.0149770149,0.022312638,0.025931716,0.0217994242,1.95174871e-06,1.95174871e-07,true,0.809081893,18.8002315,2389,0.0277288271,e818c6384e9722b8ea6a04ecc13483e9331c522f,0ce3ba605bfa0bb6fcfc2a988437c850d45e3e63,LineGaussRegularization,2026-09-07 14:55:33,
R1,dji9443_20260813_23_73_capped_captess4.msh,8016,krylov_gmres,33,0.00888888889,19.9508829,16.7809495,59,59,1,true,prev,0,-1,3,,,,rtol=1.0e-6;atol=1e-14;memory=50,17,0.65,6,36,73,true,multi,64,64,0.0371595451,4.97456609e-05,0.0157516093,0.0234666317,0.0272728696,0.0229268615,2.05268986e-06,2.05268986e-07,true,0.827611436,19.1232715,2469,0.0236129578,e818c6384e9722b8ea6a04ecc13483e9331c522f,0ce3ba605bfa0bb6fcfc2a988437c850d45e3e63,LineGaussRegularization,2026-09-07 14:55:33,
R1,dji9443_20260813_23_73_capped_captess4.msh,8016,krylov_gmres,34,0.00916666667,19.3843195,16.3862572,60,60,1,true,prev,0,-1,3,,,,rtol=1.0e-6;atol=1e-14;memory=50,17,0.65,6,36,73,true,multi,64,64,0.0389983054,5.21980647e-05,0.0165310392,0.0246278141,0.0286224363,0.0240613501,2.15426403e-06,2.15426403e-07,true,1.00844884,18.3758707,2541,0.0191011697,e818c6384e9722b8ea6a04ecc13483e9331c522f,0ce3ba605bfa0bb6fcfc2a988437c850d45e3e63,LineGaussRegularization,2026-09-07 14:55:33,
R1,dji9443_20260813_23_73_capped_captess4.msh,8016,krylov_gmres,35,0.00944444444,18.8828312,16.095164,60,60,1,true,prev,0,-1,3,,,,rtol=1.0e-6;atol=1e-14;memory=50,17,0.65,6,36,73,true,multi,64,64,0.040845675,5.46714676e-05,0.0173141123,0.0257945297,0.0299782941,0.0252011805,2.25631298e-06,2.25631298e-07,true,0.808259836,18.0745713,2619,0.0142354225,e818c6384e9722b8ea6a04ecc13483e9331c522f,0ce3ba605bfa0bb6fcfc2a988437c850d45e3e63,LineGaussRegularization,2026-09-07 14:55:33,
R1,dji9443_20260813_23_73_capped_captess4.msh,8016,krylov_gmres,36,0.00972222222,19.0802218,16.1335821,60,60,1,true,prev,0,-1,3,,,,rtol=1.0e-6;atol=1e-14;memory=50,17,0.65,6,36,73,true,multi,64,64,0.0426987803,5.71460202e-05,0.0180996494,0.0269647772,0.0313383823,0.026344507,2.35867844e-06,2.35867844e-07,true,0.809491073,18.2707307,2692,0.00913114258,e818c6384e9722b8ea6a04ecc13483e9331c522f,0ce3ba605bfa0bb6fcfc2a988437c850d45e3e63,LineGaussRegularization,2026-09-07 14:55:33,
R1,dji9443_20260813_23_73_capped_captess4.msh,8016,krylov_gmres,37,0.01,18.9122431,15.3868316,60,60,1,true,prev,0,-1,3,,,,rtol=1.0e-6;atol=1e-14;memory=50,17,0.65,6,36,73,true,multi,64,64,0.0445547325,5.96407547e-05,0.0188863593,0.0281367921,0.0327005457,0.0274896029,2.46120215e-06,2.46120215e-07,true,0.789966982,18.1222761,2765,0.00394376527,e818c6384e9722b8ea6a04ecc13483e9331c522f,0ce3ba605bfa0bb6fcfc2a988437c850d45e3e63,LineGaussRegularization,2026-09-07 14:55:33,
R1,dji9443_20260813_23_73_capped_captess4.msh,8016,krylov_gmres,38,0.0102777778,19.5280793,16.4418858,60,60,1,true,prev,0,-1,3,,,,rtol=1.0e-6;atol=1e-14;memory=50,17,0.65,6,36,73,true,multi,64,64,0.0464107022,6.21411391e-05,0.019673068,0.0293088588,0.0340626906,0.0286347034,2.56372586e-06,2.56372586e-07,true,0.814112171,18.7139671,2845,-0.00115196473,e818c6384e9722b8ea6a04ecc13483e9331c522f,0ce3ba605bfa0bb6fcfc2a988437c850d45e3e63,LineGaussRegularization,2026-09-07 14:55:33,
R1,dji9443_20260813_23_73_capped_captess4.msh,8016,krylov_gmres,39,0.0105555556,19.3480506,16.0062946,60,60,1,true,prev,0,-1,3,,,,rtol=1.0e-6;atol=1e-14;memory=50,17,0.65,6,36,73,true,multi,64,64,0.0482638547,6.46386984e-05,0.0204586119,0.030479121,0.0354227849,0.0297780481,2.66609132e-06,2.66609132e-07,true,0.822382702,18.5256679,2919,-0.00597247569,e818c6384e9722b8ea6a04ecc13483e9331c522f,0ce3ba605bfa0bb6fcfc2a988437c850d45e3e63,LineGaussRegularization,2026-09-07 14:55:33,
R1,dji9443_20260813_23_73_capped_captess4.msh,8016,krylov_gmres,40,0.0108333333,19.6119964,16.1833384,59,59,1,true,prev,0,-1,3,,,,rtol=1.0e-6;atol=1e-14;memory=50,17,0.65,6,36,73,true,multi,64,64,0.0501112079,6.70596357e-05,0.0212417108,0.0316457611,0.0367786469,0.0309178495,2.76814026e-06,2.76814026e-07,true,0.804292917,18.8077035,2992,-0.0103837669,e818c6384e9722b8ea6a04ecc13483e9331c522f,0ce3ba605bfa0bb6fcfc2a988437c850d45e3e63,LineGaussRegularization,2026-09-07 14:55:33,
R1,dji9443_20260813_23_73_capped_captess4.msh,8016,krylov_gmres,41,0.0111111111,19.9968761,16.7440256,59,59,1,true,prev,0,-1,3,,,,rtol=1.0e-6;atol=1e-14;memory=50,17,0.65,6,36,73,true,multi,64,64,0.051949984,6.9540421e-05,0.0220211288,0.0328069625,0.0381281774,0.0320523423,2.86971444e-06,2.86971444e-07,true,0.891467273,19.1054088,3067,-0.0143181467,e818c6384e9722b8ea6a04ecc13483e9331c522f,0ce3ba605bfa0bb6fcfc2a988437c850d45e3e63,LineGaussRegularization,2026-09-07 14:55:33,
R1,dji9443_20260813_23_73_capped_captess4.msh,8016,krylov_gmres,42,0.0113888889,19.9786625,16.7581571,59,59,1,true,prev,0,-1,3,,,,rtol=1.0e-6;atol=1e-14;memory=50,17,0.65,6,36,73,true,multi,64,64,0.0537773113,7.19922314e-05,0.0227957242,0.0339609291,0.0394693584,0.0331797762,2.97065559e-06,2.97065559e-07,true,0.802915836,19.1757466,3145,-0.0177843909,e818c6384e9722b8ea6a04ecc13483e9331c522f,0ce3ba605bfa0bb6fcfc2a988437c850d45e3e63,LineGaussRegularization,2026-09-07 14:55:33,
R1,dji9443_20260813_23_73_capped_captess4.msh,8016,krylov_gmres,43,0.0116666667,19.565078,15.7825148,58,58,1,true,prev,0,-1,3,,,,rtol=1.0e-6;atol=1e-14;memory=50,17,0.65,6,36,73,true,multi,64,64,0.0555902957,7.44146067e-05,0.0235642398,0.0351058389,0.040799978,0.0342983648,3.07080546e-06,3.07080546e-07,true,0.91568229,18.6493957,3220,-0.0208471262,e818c6384e9722b8ea6a04ecc13483e9331c522f,0ce3ba605bfa0bb6fcfc2a988437c850d45e3e63,LineGaussRegularization,2026-09-07 14:55:33,
R1,dji9443_20260813_23_73_capped_captess4.msh,8016,krylov_gmres,44,0.0119444444,18.9730969,15.4810945,58,58,1,true,prev,0,-1,3,,,,rtol=1.0e-6;atol=1e-14;memory=50,17,0.65,6,36,73,true,multi,64,64,0.0573861168,7.68053824e-05,0.0243254572,0.0362399507,0.0421180156,0.0354063605,3.17000579e-06,3.17000579e-07,true,0.884457487,18.0886394,3296,-0.0236086727,e818c6384e9722b8ea6a04ecc13483e9331c522f,0ce3ba605bfa0bb6fcfc2a988437c850d45e3e63,LineGaussRegularization,2026-09-07 14:55:33,
R1,dji9443_20260813_23_73_capped_captess4.msh,8016,krylov_gmres,45,0.0122222222,19.0425079,15.6445709,58,58,1,true,prev,0,-1,3,,,,rtol=1.0e-6;atol=1e-14;memory=50,17,0.65,6,36,73,true,multi,64,64,0.0591618605,7.92122405e-05,0.0250781751,0.0373613668,0.0434213152,0.0365019828,3.26809832e-06,3.26809832e-07,true,0.834141202,18.2083667,3370,-0.0261924446,e818c6384e9722b8ea6a04ecc13483e9331c522f,0ce3ba605bfa0bb6fcfc2a988437c850d45e3e63,LineGaussRegularization,2026-09-07 14:55:33,
R1,dji9443_20260813_23_73_capped_captess4.msh,8016,krylov_gmres,46,0.0125,18.9691751,14.8265783,58,58,1,true,prev,0,-1,3,,,,rtol=1.0e-6;atol=1e-14;memory=50,17,0.65,6,36,73,true,multi,64,64,0.0609147026,8.15604979e-05,0.0258211912,0.0384682794,0.0447077759,0.0375834473,3.36492481e-06,3.36492481e-07,true,0.878153095,18.091022,3450,-0.028729015,e818c6384e9722b8ea6a04ecc13483e9331c522f,0ce3ba605bfa0bb6fcfc2a988437c850d45e3e63,LineGaussRegularization,2026-09-07 14:55:33,
R1,dji9443_20260813_23_73_capped_captess4.msh,8016,krylov_gmres,47,0.0127777778,20.2721787,16.3416608,58,58,1,true,prev,0,-1,3,,,,rtol=1.0e-6;atol=1e-14;memory=50,17,0.65,6,36,73,true,multi,64,64,0.0626417726,8.3859811e-05,0.0265532821,0.0395589128,0.0459753598,0.0386490109,3.46032699e-06,3.46032699e-07,true,0.904790095,19.3673886,3526,-0.031333041,e818c6384e9722b8ea6a04ecc13483e9331c522f,0ce3ba605bfa0bb6fcfc2a988437c850d45e3e63,LineGaussRegularization,2026-09-07 14:55:33,
R1,dji9443_20260813_23_73_capped_captess4.msh,8016,krylov_gmres,48,0.0130555556,19.2752562,15.5236645,59,59,1,true,prev,0,-1,3,,,,rtol=1.0e-6;atol=1e-14;memory=50,17,0.65,6,36,73,true,multi,64,64,0.0643401951,8.61241389e-05,0.0272732027,0.0406315098,0.0472218602,0.0396968938,3.5541466e-06,3.5541466e-07,true,0.904823769,18.3704324,3605,-0.0340909161,e818c6384e9722b8ea6a04ecc13483e9331c522f,0ce3ba605bfa0bb6fcfc2a988437c850d45e3e63,LineGaussRegularization,2026-09-07 14:55:33,
R1,dji9443_20260813_23_73_capped_captess4.msh,8016,krylov_gmres,49,0.0133333333,20.1247241,16.2516926,59,59,1,true,prev,0,-1,3,,,,rtol=1.0e-6;atol=1e-14;memory=50,17,0.65,6,36,73,true,multi,64,64,0.0660070613,8.83774484e-05,0.0279798385,0.0416841634,0.0484452504,0.0407253405,3.6462254e-06,3.6462254e-07,true,0.969431334,19.1552927,3680,-0.0370564031,e818c6384e9722b8ea6a04ecc13483e9331c522f,0ce3ba605bfa0bb6fcfc2a988437c850d45e3e63,LineGaussRegularization,2026-09-07 14:55:33,
R1,dji9443_20260813_23_73_capped_captess4.msh,8016,krylov_gmres,50,0.0136111111,20.424092,16.5164206,59,59,1,true,prev,0,-1,3,,,,rtol=1.0e-6;atol=1e-14;memory=50,17,0.65,6,36,73,true,multi,64,64,0.0676395536,9.054392e-05,0.0286718038,0.0427150982,0.0496433839,0.0417325628,3.73640512e-06,3.73640512e-07,true,0.810796323,19.6132957,3762,-0.0402480391,e818c6384e9722b8ea6a04ecc13483e9331c522f,0ce3ba605bfa0bb6fcfc2a988437c850d45e3e63,LineGaussRegularization,2026-09-07 14:55:33,
R1,dji9443_20260813_23_73_capped_captess4.msh,8016,krylov_gmres,51,0.0138888889,20.5008428,16.3742511,59,59,1,true,prev,0,-1,3,,,,rtol=1.0e-6;atol=1e-14;memory=50,17,0.65,6,36,73,true,multi,64,64,0.0692347777,9.26763806e-05,0.0293480272,0.0437225174,0.0508142506,0.0427168205,3.82452751e-06,3.82452751e-07,true,0.916539925,19.5843028,3839,-0.0436436414,e818c6384e9722b8ea6a04ecc13483e9331c522f,0ce3ba605bfa0bb6fcfc2a988437c850d45e3e63,LineGaussRegularization,2026-09-07 14:55:33,
R1,dji9443_20260813_23_73_capped_captess4.msh,8016,krylov_gmres,52,0.0141666667,19.5728887,15.6864027,59,59,1,true,prev,0,-1,3,,,,rtol=1.0e-6;atol=1e-14;memory=50,17,0.65,6,36,73,true,multi,64,64,0.0707899588,9.47548213e-05,0.0300072461,0.0447045797,0.0519556347,0.0436763279,3.91043431e-06,3.91043431e-07,true,0.739425808,18.8334629,3918,-0.0471715837,e818c6384e9722b8ea6a04ecc13483e9331c522f,0ce3ba605bfa0bb6fcfc2a988437c850d45e3e63,LineGaussRegularization,2026-09-07 14:55:33,
R1,dji9443_20260813_23_73_capped_captess4.msh,8016,krylov_gmres,53,0.0144444444,19.3049346,15.3103174,59,59,1,true,prev,0,-1,3,,,,rtol=1.0e-6;atol=1e-14;memory=50,17,0.65,6,36,73,true,multi,64,64,0.0723021645,9.67697549e-05,0.0306482334,0.0456595632,0.0530655124,0.0446093264,3.99396727e-06,3.99396727e-07,true,0.72573663,18.579198,4000,-0.0507259952,e818c6384e9722b8ea6a04ecc13483e9331c522f,0ce3ba605bfa0bb6fcfc2a988437c850d45e3e63,LineGaussRegularization,2026-09-07 14:55:33,
R1,dji9443_20260813_23_73_capped_captess4.msh,8016,krylov_gmres,54,0.0147222222,20.2487219,15.7734122,59,59,1,true,prev,0,-1,3,,,,rtol=1.0e-6;atol=1e-14;memory=50,17,0.65,6,36,73,true,multi,64,64,0.0737685113,9.87649042e-05,0.0312697884,0.0465855889,0.0541417298,0.045514049,4.07496812e-06,4.07496812e-07,true,0.804931787,19.4437901,4082,-0.0542020341,e818c6384e9722b8ea6a04ecc13483e9331c522f,0ce3ba605bfa0bb6fcfc2a988437c850d45e3e63,LineGaussRegularization,2026-09-07 14:55:33,
R1,dji9443_20260813_23_73_capped_captess4.msh,8016,krylov_gmres,55,0.015,19.9692868,14.8793112,59,59,1,true,prev,0,-1,3,,,,rtol=1.0e-6;atol=1e-14;memory=50,17,0.65,6,36,73,true,multi,64,64,0.0751861496,0.000100662105,0.031870719,0.0474808535,0.0551821729,0.0463887135,4.15327862e-06,4.15327862e-07,true,0.777139703,19.1921471,4163,-0.0575013284,e818c6384e9722b8ea6a04ecc13483e9331c522f,0ce3ba605bfa0bb6fcfc2a988437c850d45e3e63,LineGaussRegularization,2026-09-07 14:55:33,
R1,dji9443_20260813_23_73_capped_captess4.msh,8016,krylov_gmres,56,0.0152777778,21.28252,16.5773371,59,59,1,true,prev,0,-1,3,,,,rtol=1.0e-6;atol=1e-14;memory=50,17,0.65,6,36,73,true,multi,64,64,0.0765522607,0.000102478161,0.0324498255,0.0483435118,0.056184809,0.0472315571,4.2287405e-06,4.2287405e-07,true,0.803953431,20.4785666,4246,-0.0605679518,e818c6384e9722b8ea6a04ecc13483e9331c522f,0ce3ba605bfa0bb6fcfc2a988437c850d45e3e63,LineGaussRegularization,2026-09-07 14:55:33,
R1,dji9443_20260813_23_73_capped_captess4.msh,8016,krylov_gmres,57,0.0155555556,20.3544287,15.973506,59,59,1,true,prev,0,-1,3,,,,rtol=1.0e-6;atol=1e-14;memory=50,17,0.65,6,36,73,true,multi,64,64,0.0778639011,0.000104243463,0.033005785,0.049171873,0.0571474698,0.0480408133,4.30119552e-06,4.30119552e-07,true,0.79090527,19.5635234,4323,-0.0633818021,e818c6384e9722b8ea6a04ecc13483e9331c522f,0ce3ba605bfa0bb6fcfc2a988437c850d45e3e63,LineGaussRegularization,2026-09-07 14:55:33,
R1,dji9443_20260813_23_73_capped_captess4.msh,8016,krylov_gmres,58,0.0158333333,20.7240639,16.3611683,59,59,1,true,prev,0,-1,3,,,,rtol=1.0e-6;atol=1e-14;memory=50,17,0.65,6,36,73,true,multi,64,64,0.0791182142,0.000105936606,0.033537538,0.0499639991,0.0580680854,0.048814726,4.3704854e-06,4.3704854e-07,true,0.791334658,19.9327292,4404,-0.0659391768,e818c6384e9722b8ea6a04ecc13483e9331c522f,0ce3ba605bfa0bb6fcfc2a988437c850d45e3e63,LineGaussRegularization,2026-09-07 14:55:33,
R1,dji9443_20260813_23_73_capped_captess4.msh,8016,krylov_gmres,59,0.0161111111,21.296142,16.648185,58,58,1,true,prev,0,-1,3,,,,rtol=1.0e-6;atol=1e-14;memory=50,17,0.65,6,36,73,true,multi,64,64,0.080312383,0.000107512559,0.0340437065,0.0507181482,0.0589444858,0.0495515085,4.43645191e-06,4.43645191e-07,true,0.826053915,20.470088,4482,-0.0682165554,e818c6384e9722b8ea6a04ecc13483e9331c522f,0ce3ba605bfa0bb6fcfc2a988437c850d45e3e63,LineGaussRegularization,2026-09-07 14:55:33,
R1,dji9443_20260813_23_73_capped_captess4.msh,8016,krylov_gmres,60,0.0163888889,21.0150155,16.3722703,58,58,1,true,prev,0,-1,3,,,,rtol=1.0e-6;atol=1e-14;memory=50,17,0.65,6,36,73,true,multi,64,64,0.0814435105,0.000109029739,0.0345231998,0.0514324526,0.059774753,0.0502494131,4.49893678e-06,4.49893678e-07,true,0.905577996,20.1094375,4563,-0.0702357546,e818c6384e9722b8ea6a04ecc13483e9331c522f,0ce3ba605bfa0bb6fcfc2a988437c850d45e3e63,LineGaussRegularization,2026-09-07 14:55:33,
R1,dji9443_20260813_23_73_capped_captess4.msh,8016,krylov_gmres,61,0.0166666667,20.7774883,16.0310665,58,58,1,true,prev,0,-1,3,,,,rtol=1.0e-6;atol=1e-14;memory=50,17,0.65,6,36,73,true,multi,64,64,0.0825087979,0.000110442903,0.0349747576,0.0521051523,0.0605565528,0.0509066684,4.55778175e-06,4.55778175e-07,true,0.922181036,19.8553072,4645,-0.0720152691,e818c6384e9722b8ea6a04ecc13483e9331c522f,0ce3ba605bfa0bb6fcfc2a988437c850d45e3e63,LineGaussRegularization,2026-09-07 14:55:33,
R1,dji9443_20260813_23_73_capped_captess4.msh,8016,krylov_gmres,62,0.0169444444,20.4267337,15.5267246,58,58,1,true,prev,0,-1,3,,,,rtol=1.0e-6;atol=1e-14;memory=50,17,0.65,6,36,73,true,multi,64,64,0.0835053126,0.000111764758,0.0353971488,0.0527344782,0.0612879672,0.0515214978,4.61282857e-06,4.61282857e-07,true,0.88579361,19.5409401,4726,-0.0735565197,e818c6384e9722b8ea6a04ecc13483e9331c522f,0ce3ba605bfa0bb6fcfc2a988437c850d45e3e63,LineGaussRegularization,2026-09-07 14:55:33,
R1,dji9443_20260813_23_73_capped_captess4.msh,8016,krylov_gmres,63,0.0172222222,20.8866807,15.8766701,58,58,1,true,prev,0,-1,3,,,,rtol=1.0e-6;atol=1e-14;memory=50,17,0.65,6,36,73,true,multi,64,64,0.0844302017,0.000113042297,0.0357891787,0.0533185702,0.0619667803,0.0520921459,4.66391898e-06,4.66391898e-07,true,0.800772031,20.0859087,4809,-0.0748713861,e818c6384e9722b8ea6a04ecc13483e9331c522f,0ce3ba605bfa0bb6fcfc2a988437c850d45e3e63,LineGaussRegularization,2026-09-07 14:55:33,
R1,dji9443_20260813_23_73_capped_captess4.msh,8016,krylov_gmres,64,0.0175,20.3150312,14.7775574,58,58,1,true,prev,0,-1,3,,,,rtol=1.0e-6;atol=1e-14;memory=50,17,0.65,6,36,73,true,multi,64,64,0.0852805874,0.000114181048,0.0361496578,0.0538555988,0.0625908918,0.0526168232,4.71089473e-06,4.71089473e-07,true,0.77974104,19.5352902,4891,-0.0759971235,e818c6384e9722b8ea6a04ecc13483e9331c522f,0ce3ba605bfa0bb6fcfc2a988437c850d45e3e63,LineGaussRegularization,2026-09-07 14:55:33,
R1,dji9443_20260813_23_73_capped_captess4.msh,8016,krylov_gmres,65,0.0177777778,21.7507476,16.2276965,58,58,1,true,prev,0,-1,3,,,,rtol=1.0e-6;atol=1e-14;memory=50,17,0.65,6,36,73,true,multi,64,64,0.0860536734,0.000115197189,0.036477399,0.0543437642,0.0631582769,0.0530937797,4.75359756e-06,4.75359756e-07,true,0.803938459,20.9468092,4975,-0.0769727543,e818c6384e9722b8ea6a04ecc13483e9331c522f,0ce3ba605bfa0bb6fcfc2a988437c850d45e3e63,LineGaussRegularization,2026-09-07 14:55:33,
R1,dji9443_20260813_23_73_capped_captess4.msh,8016,krylov_gmres,66,0.0180555556,18.3818358,15.1616877,57,57,1,true,prev,0,-1,3,,,,rtol=1.0e-6;atol=1e-14;memory=50,17,0.65,6,36,73,true,multi,64,64,0.0867464835,0.000116139775,0.0367710359,0.0547813102,0.0636667598,0.0535212342,4.79186921e-06,4.79186921e-07,true,0.904161793,17.477674,5055,-0.0778405217,e818c6384e9722b8ea6a04ecc13483e9331c522f,0ce3ba605bfa0bb6fcfc2a988437c850d45e3e63,LineGaussRegularization,2026-09-07 14:55:33,
R1,dji9443_20260813_23_73_capped_captess4.msh,8016,krylov_gmres,67,0.0183333333,18.6063459,15.6366173,57,57,1,true,prev,0,-1,3,,,,rtol=1.0e-6;atol=1e-14;memory=50,17,0.65,6,36,73,true,multi,64,64,0.0873562073,0.000116967707,0.0370295527,0.0551663784,0.0641142835,0.0538974395,4.82555143e-06,4.82555143e-07,true,0.894021092,17.7123248,5133,-0.0786236305,e818c6384e9722b8ea6a04ecc13483e9331c522f,0ce3ba605bfa0bb6fcfc2a988437c850d45e3e63,LineGaussRegularization,2026-09-07 14:55:33,
R1,dji9443_20260813_23_73_capped_captess4.msh,8016,krylov_gmres,68,0.0186111111,18.8501593,15.8817242,56,56,1,true,prev,0,-1,3,,,,rtol=1.0e-6;atol=1e-14;memory=50,17,0.65,6,36,73,true,multi,64,64,0.087879986,0.000117648031,0.0372515468,0.0554971726,0.0644986571,0.0542206061,4.85448595e-06,4.85448595e-07,true,0.829657509,18.0205018,5216,-0.0793348432,e818c6384e9722b8ea6a04ecc13483e9331c522f,0ce3ba605bfa0bb6fcfc2a988437c850d45e3e63,LineGaussRegularization,2026-09-07 14:55:33,
R1,dji9443_20260813_23_73_capped_captess4.msh,8016,krylov_gmres,69,0.0188888889,19.2103688,16.1100765,57,57,1,true,prev,0,-1,3,,,,rtol=1.0e-6;atol=1e-14;memory=50,17,0.65,6,36,73,true,multi,64,64,0.0883149415,0.000118228406,0.0374359402,0.0557718371,0.0648179828,0.0544889838,4.87851454e-06,4.87851454e-07,true,0.829560879,18.3808079,5297,-0.0799461211,e818c6384e9722b8ea6a04ecc13483e9331c522f,0ce3ba605bfa0bb6fcfc2a988437c850d45e3e63,LineGaussRegularization,2026-09-07 14:55:33,
R1,dji9443_20260813_23_73_capped_captess4.msh,8016,krylov_gmres,70,0.0191666667,17.8962396,15.1109248,55,55,1,true,prev,0,-1,3,,,,rtol=1.0e-6;atol=1e-14;memory=50,17,0.65,6,36,73,true,multi,64,64,0.0886582822,0.000118674409,0.0375814748,0.0559886025,0.0650699048,0.0547008052,4.89747892e-06,4.89747892e-07,true,0.794881458,17.1013582,5378,-0.0804046814,e818c6384e9722b8ea6a04ecc13483e9331c522f,0ce3ba605bfa0bb6fcfc2a988437c850d45e3e63,LineGaussRegularization,2026-09-07 14:55:33,
R1,dji9443_20260813_23_73_capped_captess4.msh,8016,krylov_gmres,71,0.0194444444,18.5301916,15.6199728,59,59,1,true,prev,0,-1,3,,,,rtol=1.0e-6;atol=1e-14;memory=50,17,0.65,6,36,73,true,multi,64,64,0.0889070575,0.000118994719,0.0376869036,0.0561457265,0.0652525353,0.0548542961,4.91122084e-06,4.91122084e-07,true,0.908080215,17.6221114,5456,-0.0806505619,e818c6384e9722b8ea6a04ecc13483e9331c522f,0ce3ba605bfa0bb6fcfc2a988437c850d45e3e63,LineGaussRegularization,2026-09-07 14:55:33,
R1,dji9443_20260813_23_73_capped_captess4.msh,8016,krylov_gmres,72,0.0197222222,18.7563013,15.9706066,60,60,1,true,prev,0,-1,3,,,,rtol=1.0e-6;atol=1e-14;memory=50,17,0.65,6,36,73,true,multi,64,64,0.0890584375,0.000119238949,0.0377510434,0.0562413513,0.0653636255,0.0549476964,4.91958205e-06,4.91958205e-07,true,0.831689844,17.9246114,5535,-0.0806665722,e818c6384e9722b8ea6a04ecc13483e9331c522f,0ce3ba605bfa0bb6fcfc2a988437c850d45e3e63,LineGaussRegularization,2026-09-07 14:55:33,
R1,dji9443_20260813_23_73_capped_captess4.msh,8016,krylov_gmres,73,0.02,19.6895165,16.1186532,66,66,1,true,prev,0,-1,3,5615,83239.7334,,rtol=1.0e-6;atol=1e-14;memory=50,17,0.65,6,36,73,true,multi,64,64,0.0891095115,0.000119291895,0.0377727052,0.0562736054,0.0654010953,0.0549792164,4.92240429e-06,4.92240429e-07,true,0.728209973,18.9613065,5615,-0.0804177425,e818c6384e9722b8ea6a04ecc13483e9331c522f,0ce3ba605bfa0bb6fcfc2a988437c850d45e3e63,LineGaussRegularization,2026-09-07 14:55:33,
R1,dji9443_20260813_23_73_capped_captess4.msh,8016,krylov_gmres,1,0,64.4639314,19.9269624,59,59,1,true,extrap,1,-1,3,,,4.26528058,rtol=1.0e-6;atol=1e-14;memory=50,17,0.65,6,36,73,true,multi,64,64,8.59086959e-08,5.84952226e-13,1.86492581e-09,4.11727636e-09,7.93235387e-09,1.04303686e-08,1e-14,1e-15,false,1.02174229,63.4421891,0,0.0533284584,e818c6384e9722b8ea6a04ecc13483e9331c522f,0ce3ba605bfa0bb6fcfc2a988437c850d45e3e63,LineGaussRegularization,2026-09-07 15:22:04,"RHPC setup-only include; t_solve = solve_formulation! wall (incl. the per-step Dirichlet source-potential assembly inside solve!); t_step from maneuver! deltas; niter now recorded for FGS as well as Krylov (Phase 3); niter=-1 means a direct solve. niter is the LAST inner solve of the step (legacy diagnostic); niter_first is the FIRST and is the warmstart comparison metric; nsolves is the per-body solve count of the step (must be 1 for a one-body run; -1 = unavailable); solved is the AND of the step's inner convergence flags. Wake-developed averages should drop the first skip_steps rows. bcerr_* are order statistics of the per-panel Dirichlet BC residual |phi_sigma + G_mu x| from ONE bc_error! pass per step; bcerr_tol is THIS arm's own effective absolute acceptance level, so bcerr_max <= bcerr_tol is the arm's promise checked independently. The pass requests an absolute FMM error of bcerr_eps = BCERR_SAFETY * bcerr_tol, so the instrument is ~10x sharper than the acceptance level by construction; bcerr_certified=false means some M2L pair could not certify that bound and the row is UNCERTIFIED. The pass is EXCLUDED from t_solve, but NOT from t_step_total (it lies inside the maneuver!-to-maneuver! window); use t_step_net = t_step_total - t_bcerr for full-timestep share. Its own cost is t_bcerr (~62% of t_solve at R1 — it certifies to 10x below tol_abs, so the FMM climbs its order). BCERR_EVERY>1 subsamples it; skipped steps write EMPTY bcerr_* cells, never a fabricated value. n_particles and CT are per-step identity REPORTING, not assertions: the wake is chaotic, so small differences compound and exact trajectory identity is not expected. CT requires RUN_MONITORS=true (default under PHASE=phase3)."
R1,dji9443_20260813_23_73_capped_captess4.msh,8016,krylov_gmres,2,0.000277777778,21.7053441,17.4743599,66,66,1,true,extrap,1,-1,3,,,,rtol=1.0e-6;atol=1e-14;memory=50,17,0.65,6,36,73,true,multi,64,64,5.10909168e-05,6.79878207e-08,2.16567114e-05,3.22640231e-05,3.74972552e-05,3.15223524e-05,2.82224753e-09,2.82224753e-10,false,0.771076809,20.9342673,0,0.0738110728,e818c6384e9722b8ea6a04ecc13483e9331c522f,0ce3ba605bfa0bb6fcfc2a988437c850d45e3e63,LineGaussRegularization,2026-09-07 15:22:05,
R1,dji9443_20260813_23_73_capped_captess4.msh,8016,krylov_gmres,3,0.000555555556,20.4261987,16.6886901,66,66,1,true,extrap,1,-1,3,,,,rtol=1.0e-6;atol=1e-14;memory=50,17,0.65,6,36,73,true,multi,64,64,0.000202452233,2.71856772e-07,8.58173811e-05,0.000127848572,0.000148588114,0.00012490917,1.11834559e-08,1.11834559e-09,false,0.855176003,19.5710227,84,0.091369496,e818c6384e9722b8ea6a04ecc13483e9331c522f,0ce3ba605bfa0bb6fcfc2a988437c850d45e3e63,LineGaussRegularization,2026-09-07 15:22:05,
R1,dji9443_20260813_23_73_capped_captess4.msh,8016,krylov_gmres,4,0.000833333333,19.1962433,17.4212098,65,65,1,true,extrap,1,-1,3,,,,rtol=1.0e-6;atol=1e-14;memory=50,17,0.65,6,36,73,true,multi,64,64,0.000451219932,6.0538598e-07,0.000191268406,0.000284949717,0.000331169011,0.000278395761,2.49253789e-08,2.49253789e-09,false,0.797396249,18.3988471,168,0.100586371,e818c6384e9722b8ea6a04ecc13483e9331c522f,0ce3ba605bfa0bb6fcfc2a988437c850d45e3e63,LineGaussRegularization,2026-09-07 15:22:05,
R1,dji9443_20260813_23_73_capped_captess4.msh,8016,krylov_gmres,5,0.00111111111,20.4270579,18.5314972,67,67,1,true,extrap,1,-1,3,,,,rtol=1.0e-6;atol=1e-14;memory=50,17,0.65,6,36,73,true,multi,64,64,0.000794529057,1.06349651e-06,0.000336794037,0.000501753105,0.00058313987,0.000490212333,4.38897601e-08,4.38897601e-09,false,0.812206094,19.6148518,249,0.105160595,e818c6384e9722b8ea6a04ecc13483e9331c522f,0ce3ba605bfa0bb6fcfc2a988437c850d45e3e63,LineGaussRegularization,2026-09-07 15:22:05,
R1,dji9443_20260813_23_73_capped_captess4.msh,8016,krylov_gmres,6,0.00138888889,20.1089798,18.2783061,68,68,1,true,extrap,1,-1,3,,,,rtol=1.0e-6;atol=1e-14;memory=50,17,0.65,6,36,73,true,multi,64,64,0.00122951473,1.64603642e-06,0.000521180206,0.000776463584,0.000902392289,0.000758592535,6.79183432e-08,6.79183432e-09,false,0.761901986,19.3470778,329,0.10710495,e818c6384e9722b8ea6a04ecc13483e9331c522f,0ce3ba605bfa0bb6fcfc2a988437c850d45e3e63,LineGaussRegularization,2026-09-07 15:22:05,
R1,dji9443_20260813_23_73_capped_captess4.msh,8016,krylov_gmres,7,0.00166666667,19.790584,17.847065,67,67,1,true,extrap,1,-1,3,,,,rtol=1.0e-6;atol=1e-14;memory=50,17,0.65,6,36,73,true,multi,64,64,0.00175331246,2.346057e-06,0.000743213568,0.00110723447,0.00128682674,0.00108176639,9.68528719e-08,9.68528719e-09,false,0.765374911,19.0252091,408,0.107517372,e818c6384e9722b8ea6a04ecc13483e9331c522f,0ce3ba605bfa0bb6fcfc2a988437c850d45e3e63,LineGaussRegularization,2026-09-07 15:22:05,
R1,dji9443_20260813_23_73_capped_captess4.msh,8016,krylov_gmres,8,0.00194444444,19.1430999,17.0911758,66,66,1,true,extrap,1,-1,3,,,,rtol=1.0e-6;atol=1e-14;memory=50,17,0.65,6,36,73,true,multi,64,64,0.002363056,3.16391552e-06,0.00100167861,0.00149229332,0.0017343428,0.00145796955,1.3053509e-07,1.3053509e-08,false,0.961531382,18.1815685,491,0.107007639,e818c6384e9722b8ea6a04ecc13483e9331c522f,0ce3ba605bfa0bb6fcfc2a988437c850d45e3e63,LineGaussRegularization,2026-09-07 15:22:05,
R1,dji9443_20260813_23_73_capped_captess4.msh,8016,krylov_gmres,9,0.00222222222,19.3814513,17.1861111,65,65,1,true,extrap,1,-1,3,,,,rtol=1.0e-6;atol=1e-14;memory=50,17,0.65,6,36,73,true,multi,64,64,0.0030558811,4.0925676e-06,0.00129536052,0.00192982238,0.00224283667,0.00188543221,1.68806741e-07,1.68806741e-08,false,0.757340878,18.6241104,569,0.105904424,e818c6384e9722b8ea6a04ecc13483e9331c522f,0ce3ba605bfa0bb6fcfc2a988437c850d45e3e63,LineGaussRegularization,2026-09-07 15:22:05,
R1,dji9443_20260813_23_73_capped_captess4.msh,8016,krylov_gmres,10,0.0025,18.3691145,15.7898434,63,63,1,true,extrap,1,-1,3,,,,rtol=1.0e-6;atol=1e-14;memory=50,17,0.65,6,36,73,true,multi,64,64,0.00382892261,5.12667349e-06,0.00162304558,0.00241801022,0.00281020364,0.00236238907,2.11509569e-07,2.11509569e-08,false,0.855089592,17.5140249,649,0.104390298,e818c6384e9722b8ea6a04ecc13483e9331c522f,0ce3ba605bfa0bb6fcfc2a988437c850d45e3e63,LineGaussRegularization,2026-09-07 15:22:05,
R1,dji9443_20260813_23_73_capped_captess4.msh,8016,krylov_gmres,11,0.00277777778,18.8575796,16.7080164,62,62,1,true,extrap,1,-1,3,,,,rtol=1.0e-6;atol=1e-14;memory=50,17,0.65,6,36,73,true,multi,64,64,0.00467931968,6.26381174e-06,0.00198352311,0.00295503672,0.00343434278,0.00288706806,2.58485317e-07,2.58485317e-08,false,0.872667475,17.9849121,730,0.102560443,e818c6384e9722b8ea6a04ecc13483e9331c522f,0ce3ba605bfa0bb6fcfc2a988437c850d45e3e63,LineGaussRegularization,2026-09-07 15:22:05,
R1,dji9443_20260813_23_73_capped_captess4.msh,8016,krylov_gmres,12,0.00305555556,17.9919612,15.7963289,61,61,1,true,extrap,1,-1,3,,,,rtol=1.0e-6;atol=1e-14;memory=50,17,0.65,6,36,73,true,multi,64,64,0.00560419943,7.50371638e-06,0.00237557119,0.00353910873,0.00411314918,0.00345770488,3.09575729e-07,3.09575729e-08,false,0.766801618,17.2251595,810,0.100456204,e818c6384e9722b8ea6a04ecc13483e9331c522f,0ce3ba605bfa0bb6fcfc2a988437c850d45e3e63,LineGaussRegularization,2026-09-07 15:22:05,
R1,dji9443_20260813_23_73_capped_captess4.msh,8016,krylov_gmres,13,0.00333333333,18.296328,16.1020108,61,61,1,true,extrap,1,-1,3,,,,rtol=1.0e-6;atol=1e-14;memory=50,17,0.65,6,36,73,true,multi,64,64,0.00660070395,8.8372578e-06,0.00279797911,0.00416841415,0.0048445259,0.00407253362,3.64622549e-07,3.64622549e-08,true,0.786987117,17.5093409,891,0.0980784814,e818c6384e9722b8ea6a04ecc13483e9331c522f,0ce3ba605bfa0bb6fcfc2a988437c850d45e3e63,LineGaussRegularization,2026-09-07 15:22:05,
R1,dji9443_20260813_23_73_capped_captess4.msh,8016,krylov_gmres,14,0.00361111111,19.0962376,16.2758071,61,61,1,true,extrap,1,-1,3,,,,rtol=1.0e-6;atol=1e-14;memory=50,17,0.65,6,36,73,true,multi,64,64,0.00766596635,1.02606451e-05,0.00324953589,0.00484114103,0.00562636563,0.00472978356,4.2346752e-07,4.2346752e-08,true,0.859557479,18.2366801,972,0.0954106477,e818c6384e9722b8ea6a04ecc13483e9331c522f,0ce3ba605bfa0bb6fcfc2a988437c850d45e3e63,LineGaussRegularization,2026-09-07 15:22:05,
R1,dji9443_20260813_23_73_capped_captess4.msh,8016,krylov_gmres,15,0.00388888889,19.0678052,16.8505157,62,62,1,true,extrap,1,-1,3,,,,rtol=1.0e-6;atol=1e-14;memory=50,17,0.65,6,36,73,true,multi,64,64,0.0087971191,1.17756425e-05,0.00372902177,0.00555547944,0.0064565598,0.00542768738,4.85952387e-07,4.85952387e-08,false,0.782473171,18.285332,1050,0.0924116597,e818c6384e9722b8ea6a04ecc13483e9331c522f,0ce3ba605bfa0bb6fcfc2a988437c850d45e3e63,LineGaussRegularization,2026-09-07 15:22:05,
R1,dji9443_20260813_23_73_capped_captess4.msh,8016,krylov_gmres,16,0.00416666667,19.000416,16.6026787,63,63,1,true,extrap,1,-1,3,,,,rtol=1.0e-6;atol=1e-14;memory=50,17,0.65,6,36,73,true,multi,64,64,0.00999129968,1.337407e-05,0.00423522294,0.00630961313,0.00733302007,0.00616447878,5.51918892e-07,5.51918892e-08,true,1.01865608,17.9817599,1126,0.0890360833,e818c6384e9722b8ea6a04ecc13483e9331c522f,0ce3ba605bfa0bb6fcfc2a988437c850d45e3e63,LineGaussRegularization,2026-09-07 15:22:05,
R1,dji9443_20260813_23_73_capped_captess4.msh,8016,krylov_gmres,17,0.00444444444,18.5564547,16.3665947,65,65,1,true,extrap,1,-1,3,,,,rtol=1.0e-6;atol=1e-14;memory=50,17,0.65,6,36,73,true,multi,64,64,0.0112456428,1.50536828e-05,0.00476693172,0.00710174086,0.00825363382,0.00693838962,6.2120878e-07,6.2120878e-08,true,0.761551303,17.7949034,1204,0.0852340569,e818c6384e9722b8ea6a04ecc13483e9331c522f,0ce3ba605bfa0bb6fcfc2a988437c850d45e3e63,LineGaussRegularization,2026-09-07 15:22:05,
R1,dji9443_20260813_23_73_capped_captess4.msh,8016,krylov_gmres,18,0.00472222222,18.8416517,16.6084538,65,65,1,true,extrap,1,-1,3,,,,rtol=1.0e-6;atol=1e-14;memory=50,17,0.65,6,36,73,true,multi,64,64,0.012557274,1.68105826e-05,0.00532292866,0.00793006137,0.00921630005,0.00774765414,6.93663794e-07,6.93663794e-08,true,0.751833381,18.0898183,1283,0.0810049426,e818c6384e9722b8ea6a04ecc13483e9331c522f,0ce3ba605bfa0bb6fcfc2a988437c850d45e3e63,LineGaussRegularization,2026-09-07 15:22:05,
R1,dji9443_20260813_23_73_capped_captess4.msh,8016,krylov_gmres,19,0.005,18.6121772,16.0008421,66,66,1,true,extrap,1,-1,3,,,,rtol=1.0e-6;atol=1e-14;memory=50,17,0.65,6,36,73,true,multi,64,64,0.0139233545,1.8639681e-05,0.00590199448,0.0087927487,0.010218918,0.00859050136,7.69125678e-07,7.69125678e-08,true,0.747955677,17.8642215,1362,0.0764213804,e818c6384e9722b8ea6a04ecc13483e9331c522f,0ce3ba605bfa0bb6fcfc2a988437c850d45e3e63,LineGaussRegularization,2026-09-07 15:22:05,
R1,dji9443_20260813_23_73_capped_captess4.msh,8016,krylov_gmres,20,0.00527777778,19.4714384,17.1729533,65,65,1,true,extrap,1,-1,3,,,,rtol=1.0e-6;atol=1e-14;memory=50,17,0.65,6,36,73,true,multi,64,64,0.0153410034,2.05396711e-05,0.00650291273,0.0096880037,0.0112593866,0.00946516463,8.47436176e-07,8.47436176e-08,true,0.794806995,18.6766314,1435,0.0716455281,e818c6384e9722b8ea6a04ecc13483e9331c522f,0ce3ba605bfa0bb6fcfc2a988437c850d45e3e63,LineGaussRegularization,2026-09-07 15:22:05,
R1,dji9443_20260813_23_73_capped_captess4.msh,8016,krylov_gmres,21,0.00555555556,18.2619917,15.7895121,62,62,1,true,extrap,1,-1,3,,,,rtol=1.0e-6;atol=1e-14;memory=50,17,0.65,6,36,73,true,multi,64,64,0.0168073491,2.25053218e-05,0.00712448488,0.0106140194,0.0123355888,0.0103698762,9.28437031e-07,9.28437031e-08,true,0.849725479,17.4122662,1514,0.0668964467,e818c6384e9722b8ea6a04ecc13483e9331c522f,0ce3ba605bfa0bb6fcfc2a988437c850d45e3e63,LineGaussRegularization,2026-09-07 15:22:05,
R1,dji9443_20260813_23_73_capped_captess4.msh,8016,krylov_gmres,22,0.00583333333,19.0625038,16.586974,62,62,1,true,extrap,1,-1,3,,,,rtol=1.0e-6;atol=1e-14;memory=50,17,0.65,6,36,73,true,multi,64,64,0.0183195266,2.45230958e-05,0.00776548268,0.0115689778,0.0134454493,0.01130287,1.01196999e-06,1.01196999e-07,true,0.775229535,18.2872743,1595,0.0623869735,e818c6384e9722b8ea6a04ecc13483e9331c522f,0ce3ba605bfa0bb6fcfc2a988437c850d45e3e63,LineGaussRegularization,2026-09-07 15:22:05,
R1,dji9443_20260813_23_73_capped_captess4.msh,8016,krylov_gmres,23,0.00611111111,20.0656583,17.6242991,64,64,1,true,extrap,1,-1,3,,,,rtol=1.0e-6;atol=1e-14;memory=50,17,0.65,6,36,73,true,multi,64,64,0.0198746878,2.66052905e-05,0.00842470897,0.0125510696,0.0145868417,0.0122623775,1.09787679e-06,1.09787679e-07,true,0.80225168,19.2634066,1675,0.0582300916,e818c6384e9722b8ea6a04ecc13483e9331c522f,0ce3ba605bfa0bb6fcfc2a988437c850d45e3e63,LineGaussRegularization,2026-09-07 15:22:05,
R1,dji9443_20260813_23_73_capped_captess4.msh,8016,krylov_gmres,24,0.00638888889,20.5112939,18.0498825,66,66,1,true,extrap,1,-1,3,,,,rtol=1.0e-6;atol=1e-14;memory=50,17,0.65,6,36,73,true,multi,64,64,0.0214699586,2.87375492e-05,0.00910092825,0.0135585023,0.0157576599,0.0132466328,1.18599918e-06,1.18599918e-07,true,0.845822122,19.6654718,1755,0.0544384384,e818c6384e9722b8ea6a04ecc13483e9331c522f,0ce3ba605bfa0bb6fcfc2a988437c850d45e3e63,LineGaussRegularization,2026-09-07 15:22:05,
R1,dji9443_20260813_23_73_capped_captess4.msh,8016,krylov_gmres,25,0.00666666667,21.3109663,17.8932092,67,67,1,true,extrap,1,-1,3,,,,rtol=1.0e-6;atol=1e-14;memory=50,17,0.65,6,36,73,true,multi,64,64,0.0231024579,3.0924592e-05,0.00979292922,0.0145894294,0.0169558366,0.0142538607,1.2761789e-06,1.2761789e-07,true,0.862576484,20.4483898,1836,0.0509465094,e818c6384e9722b8ea6a04ecc13483e9331c522f,0ce3ba605bfa0bb6fcfc2a988437c850d45e3e63,LineGaussRegularization,2026-09-07 15:22:05,
R1,dji9443_20260813_23_73_capped_captess4.msh,8016,krylov_gmres,26,0.00694444444,19.8372312,17.3574989,67,67,1,true,extrap,1,-1,3,,,,rtol=1.0e-6;atol=1e-14;memory=50,17,0.65,6,36,73,true,multi,64,64,0.0247693527,3.31506649e-05,0.0104995073,0.0156421038,0.018179223,0.0152823097,1.36825769e-06,1.36825769e-07,true,0.77189921,19.0653319,1917,0.0476655679,e818c6384e9722b8ea6a04ecc13483e9331c522f,0ce3ba605bfa0bb6fcfc2a988437c850d45e3e63,LineGaussRegularization,2026-09-07 15:22:05,
R1,dji9443_20260813_23_73_capped_captess4.msh,8016,krylov_gmres,27,0.00722222222,19.7148365,17.2366601,65,65,1,true,extrap,1,-1,3,,,,rtol=1.0e-6;atol=1e-14;memory=50,17,0.65,6,36,73,true,multi,64,64,0.0264677244,3.54236089e-05,0.011219457,0.0167146655,0.0194257508,0.0163301993,1.46207731e-06,1.46207731e-07,true,0.873308787,18.8415277,1995,0.0445061492,e818c6384e9722b8ea6a04ecc13483e9331c522f,0ce3ba605bfa0bb6fcfc2a988437c850d45e3e63,LineGaussRegularization,2026-09-07 15:22:05,
R1,dji9443_20260813_23_73_capped_captess4.msh,8016,krylov_gmres,28,0.0075,18.7625199,15.7018022,63,63,1,true,extrap,1,-1,3,,,,rtol=1.0e-6;atol=1e-14;memory=50,17,0.65,6,36,73,true,multi,64,64,0.028194804,3.77467219e-05,0.0119515377,0.0178053191,0.0206933034,0.0173957647,1.55747949e-06,1.55747949e-07,true,0.772930991,17.9895889,2073,0.0413817674,e818c6384e9722b8ea6a04ecc13483e9331c522f,0ce3ba605bfa0bb6fcfc2a988437c850d45e3e63,LineGaussRegularization,2026-09-07 15:22:05,
R1,dji9443_20260813_23_73_capped_captess4.msh,8016,krylov_gmres,29,0.00777777778,19.3189215,16.7056857,61,61,1,true,extrap,1,-1,3,,,,rtol=1.0e-6;atol=1e-14;memory=50,17,0.65,6,36,73,true,multi,64,64,0.0299476346,4.00954141e-05,0.0126945507,0.0189122597,0.0219797865,0.0184772394,1.65430597e-06,1.65430597e-07,true,0.867688753,18.4512327,2153,0.038218523,e818c6384e9722b8ea6a04ecc13483e9331c522f,0ce3ba605bfa0bb6fcfc2a988437c850d45e3e63,LineGaussRegularization,2026-09-07 15:22:05,
R1,dji9443_20260813_23_73_capped_captess4.msh,8016,krylov_gmres,30,0.00805555556,18.1112859,15.5884969,61,61,1,true,extrap,1,-1,3,,,,rtol=1.0e-6;atol=1e-14;memory=50,17,0.65,6,36,73,true,multi,64,64,0.0317233775,4.24692834e-05,0.0134472673,0.0200336517,0.0232830804,0.0195728457,1.75239851e-06,1.75239851e-07,true,0.75214878,17.3591371,2234,0.0349454995,e818c6384e9722b8ea6a04ecc13483e9331c522f,0ce3ba605bfa0bb6fcfc2a988437c850d45e3e63,LineGaussRegularization,2026-09-07 15:22:05,
R1,dji9443_20260813_23_73_capped_captess4.msh,8016,krylov_gmres,31,0.00833333333,19.7569607,17.0018023,64,64,1,true,extrap,1,-1,3,,,,rtol=1.0e-6;atol=1e-14;memory=50,17,0.65,6,36,73,true,multi,64,64,0.0335191968,4.48710881e-05,0.0142084815,0.0211677308,0.0246010932,0.0206808319,1.85159884e-06,1.85159884e-07,true,0.892577293,18.8643834,2311,0.0314809232,e818c6384e9722b8ea6a04ecc13483e9331c522f,0ce3ba605bfa0bb6fcfc2a988437c850d45e3e63,LineGaussRegularization,2026-09-07 15:22:05,
R1,dji9443_20260813_23_73_capped_captess4.msh,8016,krylov_gmres,32,0.00861111111,20.2880489,17.6663157,65,65,1,true,extrap,1,-1,3,,,,rtol=1.0e-6;atol=1e-14;memory=50,17,0.65,6,36,73,true,multi,64,64,0.0353322026,4.72800073e-05,0.0149770151,0.022312638,0.0259317166,0.0217994242,1.95174871e-06,1.95174871e-07,true,0.776729132,19.5113198,2389,0.0277288484,e818c6384e9722b8ea6a04ecc13483e9331c522f,0ce3ba605bfa0bb6fcfc2a988437c850d45e3e63,LineGaussRegularization,2026-09-07 15:22:05,
R1,dji9443_20260813_23_73_capped_captess4.msh,8016,krylov_gmres,33,0.00888888889,20.8773171,17.9879219,66,66,1,true,extrap,1,-1,3,,,,rtol=1.0e-6;atol=1e-14;memory=50,17,0.65,6,36,73,true,multi,64,64,0.037159545,4.97471755e-05,0.0157516095,0.0234666318,0.0272728703,0.0229268615,2.05268986e-06,2.05268986e-07,true,0.856740148,20.020577,2469,0.0236129959,e818c6384e9722b8ea6a04ecc13483e9331c522f,0ce3ba605bfa0bb6fcfc2a988437c850d45e3e63,LineGaussRegularization,2026-09-07 15:22:05,
R1,dji9443_20260813_23_73_capped_captess4.msh,8016,krylov_gmres,34,0.00916666667,20.2758152,17.367217,66,66,1,true,extrap,1,-1,3,,,,rtol=1.0e-6;atol=1e-14;memory=50,17,0.65,6,36,73,true,multi,64,64,0.0389983051,5.21990706e-05,0.0165310397,0.0246278142,0.0286224368,0.0240613501,2.15426403e-06,2.15426403e-07,true,0.786736991,19.4890783,2541,0.0191012142,e818c6384e9722b8ea6a04ecc13483e9331c522f,0ce3ba605bfa0bb6fcfc2a988437c850d45e3e63,LineGaussRegularization,2026-09-07 15:22:05,
R1,dji9443_20260813_23_73_capped_captess4.msh,8016,krylov_gmres,35,0.00944444444,19.8287361,17.0448339,66,66,1,true,extrap,1,-1,3,,,,rtol=1.0e-6;atol=1e-14;memory=50,17,0.65,6,36,73,true,multi,64,64,0.0408456746,5.46723503e-05,0.0173141127,0.0257945296,0.0299782944,0.0252011805,2.25631298e-06,2.25631298e-07,true,0.758732021,19.070004,2619,0.0142354664,e818c6384e9722b8ea6a04ecc13483e9331c522f,0ce3ba605bfa0bb6fcfc2a988437c850d45e3e63,LineGaussRegularization,2026-09-07 15:22:05,
R1,dji9443_20260813_23_73_capped_captess4.msh,8016,krylov_gmres,36,0.00972222222,19.9943836,16.8975471,65,65,1,true,extrap,1,-1,3,,,,rtol=1.0e-6;atol=1e-14;memory=50,17,0.65,6,36,73,true,multi,64,64,0.0426987799,5.71470208e-05,0.0180996498,0.0269647771,0.0313383827,0.026344507,2.35867844e-06,2.35867844e-07,true,0.87061314,19.1237705,2692,0.00913117762,e818c6384e9722b8ea6a04ecc13483e9331c522f,0ce3ba605bfa0bb6fcfc2a988437c850d45e3e63,LineGaussRegularization,2026-09-07 15:22:05,
R1,dji9443_20260813_23_73_capped_captess4.msh,8016,krylov_gmres,37,0.01,18.9444838,15.4751825,63,63,1,true,extrap,1,-1,3,,,,rtol=1.0e-6;atol=1e-14;memory=50,17,0.65,6,36,73,true,multi,64,64,0.0445547321,5.96418092e-05,0.0188863599,0.0281367919,0.0327005461,0.0274896029,2.46120215e-06,2.46120215e-07,true,0.899010648,18.0454732,2765,0.00394378438,e818c6384e9722b8ea6a04ecc13483e9331c522f,0ce3ba605bfa0bb6fcfc2a988437c850d45e3e63,LineGaussRegularization,2026-09-07 15:22:05,
R1,dji9443_20260813_23_73_capped_captess4.msh,8016,krylov_gmres,38,0.0102777778,19.4900233,16.5237138,62,62,1,true,extrap,1,-1,3,,,,rtol=1.0e-6;atol=1e-14;memory=50,17,0.65,6,36,73,true,multi,64,64,0.0464107018,6.21421674e-05,0.0196730686,0.0293088584,0.034062691,0.0286347034,2.56372586e-06,2.56372586e-07,true,0.762962159,18.7270612,2845,-0.00115196566,e818c6384e9722b8ea6a04ecc13483e9331c522f,0ce3ba605bfa0bb6fcfc2a988437c850d45e3e63,LineGaussRegularization,2026-09-07 15:22:05,
R1,dji9443_20260813_23_73_capped_captess4.msh,8016,krylov_gmres,39,0.0105555556,19.3030156,16.2524245,63,63,1,true,extrap,1,-1,3,,,,rtol=1.0e-6;atol=1e-14;memory=50,17,0.65,6,36,73,true,multi,64,64,0.0482638543,6.46397164e-05,0.0204586125,0.0304791208,0.0354227854,0.0297780481,2.66609132e-06,2.66609132e-07,true,0.752655227,18.5503604,2919,-0.00597249658,e818c6384e9722b8ea6a04ecc13483e9331c522f,0ce3ba605bfa0bb6fcfc2a988437c850d45e3e63,LineGaussRegularization,2026-09-07 15:22:05,
R1,dji9443_20260813_23_73_capped_captess4.msh,8016,krylov_gmres,40,0.0108333333,20.3244873,17.2628713,65,65,1,true,extrap,1,-1,3,,,,rtol=1.0e-6;atol=1e-14;memory=50,17,0.65,6,36,73,true,multi,64,64,0.0501112083,6.70608163e-05,0.0212417112,0.0316457612,0.0367786475,0.0309178495,2.76814026e-06,2.76814026e-07,true,0.772840735,19.5516466,2992,-0.0103837994,e818c6384e9722b8ea6a04ecc13483e9331c522f,0ce3ba605bfa0bb6fcfc2a988437c850d45e3e63,LineGaussRegularization,2026-09-07 15:22:05,
R1,dji9443_20260813_23_73_capped_captess4.msh,8016,krylov_gmres,41,0.0111111111,21.2425422,17.9248596,65,65,1,true,extrap,1,-1,3,,,,rtol=1.0e-6;atol=1e-14;memory=50,17,0.65,6,36,73,true,multi,64,64,0.0519499844,6.95416017e-05,0.0220211292,0.0328069625,0.038128178,0.0320523423,2.86971444e-06,2.86971444e-07,true,0.899947621,20.3425946,3067,-0.0143181896,e818c6384e9722b8ea6a04ecc13483e9331c522f,0ce3ba605bfa0bb6fcfc2a988437c850d45e3e63,LineGaussRegularization,2026-09-07 15:22:05,
R1,dji9443_20260813_23_73_capped_captess4.msh,8016,krylov_gmres,42,0.0113888889,21.0814735,17.9111,65,65,1,true,extrap,1,-1,3,,,,rtol=1.0e-6;atol=1e-14;memory=50,17,0.65,6,36,73,true,multi,64,64,0.0537773118,7.19932803e-05,0.0227957244,0.0339609294,0.039469359,0.0331797762,2.97065559e-06,2.97065559e-07,true,0.778634166,20.3028393,3145,-0.0177844378,e818c6384e9722b8ea6a04ecc13483e9331c522f,0ce3ba605bfa0bb6fcfc2a988437c850d45e3e63,LineGaussRegularization,2026-09-07 15:22:05,
R1,dji9443_20260813_23_73_capped_captess4.msh,8016,krylov_gmres,43,0.0116666667,20.6546727,17.2113227,64,64,1,true,extrap,1,-1,3,,,,rtol=1.0e-6;atol=1e-14;memory=50,17,0.65,6,36,73,true,multi,64,64,0.055590296,7.44142017e-05,0.0235642396,0.035105839,0.0407999785,0.0342983648,3.07080546e-06,3.07080546e-07,true,0.839757827,19.8149148,3220,-0.0208471685,e818c6384e9722b8ea6a04ecc13483e9331c522f,0ce3ba605bfa0bb6fcfc2a988437c850d45e3e63,LineGaussRegularization,2026-09-07 15:22:05,
R1,dji9443_20260813_23_73_capped_captess4.msh,8016,krylov_gmres,44,0.0119444444,19.4016211,16.0578573,63,63,1,true,extrap,1,-1,3,,,,rtol=1.0e-6;atol=1e-14;memory=50,17,0.65,6,36,73,true,multi,64,64,0.0573861171,7.68050245e-05,0.024325457,0.0362399507,0.0421180161,0.0354063605,3.17000579e-06,3.17000579e-07,true,0.777600881,18.6240203,3296,-0.023608713,e818c6384e9722b8ea6a04ecc13483e9331c522f,0ce3ba605bfa0bb6fcfc2a988437c850d45e3e63,LineGaussRegularization,2026-09-07 15:22:05,
R1,dji9443_20260813_23_73_capped_captess4.msh,8016,krylov_gmres,45,0.0122222222,19.7571578,16.3159707,61,61,1,true,extrap,1,-1,3,,,,rtol=1.0e-6;atol=1e-14;memory=50,17,0.65,6,36,73,true,multi,64,64,0.0591618607,7.92119133e-05,0.025078175,0.0373613669,0.0434213156,0.0365019828,3.26809832e-06,3.26809832e-07,true,0.767399647,18.9897582,3370,-0.0261924826,e818c6384e9722b8ea6a04ecc13483e9331c522f,0ce3ba605bfa0bb6fcfc2a988437c850d45e3e63,LineGaussRegularization,2026-09-07 15:22:05,
R1,dji9443_20260813_23_73_capped_captess4.msh,8016,krylov_gmres,46,0.0125,18.1921063,14.1156663,56,56,1,true,extrap,1,-1,3,,,,rtol=1.0e-6;atol=1e-14;memory=50,17,0.65,6,36,73,true,multi,64,64,0.0609147029,8.15602004e-05,0.0258211912,0.0384682796,0.0447077764,0.0375834473,3.36492481e-06,3.36492481e-07,true,0.849792207,17.3423141,3450,-0.0287290452,e818c6384e9722b8ea6a04ecc13483e9331c522f,0ce3ba605bfa0bb6fcfc2a988437c850d45e3e63,LineGaussRegularization,2026-09-07 15:22:05,
R1,dji9443_20260813_23_73_capped_captess4.msh,8016,krylov_gmres,47,0.0127777778,20.2178209,16.5690809,61,61,1,true,extrap,1,-1,3,,,,rtol=1.0e-6;atol=1e-14;memory=50,17,0.65,6,36,73,true,multi,64,64,0.0626417729,8.3859586e-05,0.0265532821,0.0395589129,0.0459753604,0.0386490109,3.46032699e-06,3.46032699e-07,true,0.780726272,19.4370946,3526,-0.0313330618,e818c6384e9722b8ea6a04ecc13483e9331c522f,0ce3ba605bfa0bb6fcfc2a988437c850d45e3e63,LineGaussRegularization,2026-09-07 15:22:05,
R1,dji9443_20260813_23_73_capped_captess4.msh,8016,krylov_gmres,48,0.0130555556,19.5092626,15.8345822,61,61,1,true,extrap,1,-1,3,,,,rtol=1.0e-6;atol=1e-14;memory=50,17,0.65,6,36,73,true,multi,64,64,0.0643401955,8.61252038e-05,0.027273203,0.04063151,0.0472218608,0.0396968938,3.5541466e-06,3.5541466e-07,true,0.889562884,18.6196997,3605,-0.0340909276,e818c6384e9722b8ea6a04ecc13483e9331c522f,0ce3ba605bfa0bb6fcfc2a988437c850d45e3e63,LineGaussRegularization,2026-09-07 15:22:05,
R1,dji9443_20260813_23_73_capped_captess4.msh,8016,krylov_gmres,49,0.0133333333,20.8020285,16.9647645,62,62,1,true,extrap,1,-1,3,,,,rtol=1.0e-6;atol=1e-14;memory=50,17,0.65,6,36,73,true,multi,64,64,0.0660070618,8.8378599e-05,0.0279798387,0.0416841637,0.0484452509,0.0407253405,3.6462254e-06,3.6462254e-07,true,0.946772622,19.8552559,3680,-0.0370564008,e818c6384e9722b8ea6a04ecc13483e9331c522f,0ce3ba605bfa0bb6fcfc2a988437c850d45e3e63,LineGaussRegularization,2026-09-07 15:22:05,
R1,dji9443_20260813_23_73_capped_captess4.msh,8016,krylov_gmres,50,0.0136111111,20.5853953,16.7265243,61,61,1,true,extrap,1,-1,3,,,,rtol=1.0e-6;atol=1e-14;memory=50,17,0.65,6,36,73,true,multi,64,64,0.0676395541,9.05450531e-05,0.028671804,0.0427150985,0.0496433845,0.0417325628,3.73640512e-06,3.73640512e-07,true,0.787105422,19.7982899,3762,-0.0402480218,e818c6384e9722b8ea6a04ecc13483e9331c522f,0ce3ba605bfa0bb6fcfc2a988437c850d45e3e63,LineGaussRegularization,2026-09-07 15:22:05,
R1,dji9443_20260813_23_73_capped_captess4.msh,8016,krylov_gmres,51,0.0138888889,20.6655075,16.6446261,60,60,1,true,extrap,1,-1,3,,,,rtol=1.0e-6;atol=1e-14;memory=50,17,0.65,6,36,73,true,multi,64,64,0.0692347781,9.26775207e-05,0.0293480275,0.0437225176,0.0508142512,0.0427168205,3.82452751e-06,3.82452751e-07,true,0.801412982,19.8640946,3839,-0.0436436551,e818c6384e9722b8ea6a04ecc13483e9331c522f,0ce3ba605bfa0bb6fcfc2a988437c850d45e3e63,LineGaussRegularization,2026-09-07 15:22:05,
R1,dji9443_20260813_23_73_capped_captess4.msh,8016,krylov_gmres,52,0.0141666667,19.289566,15.3007989,57,57,1,true,extrap,1,-1,3,,,,rtol=1.0e-6;atol=1e-14;memory=50,17,0.65,6,36,73,true,multi,64,64,0.0707899592,9.47559469e-05,0.0300072463,0.0447045797,0.0519556352,0.0436763279,3.91043431e-06,3.91043431e-07,true,0.863780464,18.4257856,3918,-0.0471715816,e818c6384e9722b8ea6a04ecc13483e9331c522f,0ce3ba605bfa0bb6fcfc2a988437c850d45e3e63,LineGaussRegularization,2026-09-07 15:22:05,
R1,dji9443_20260813_23_73_capped_captess4.msh,8016,krylov_gmres,53,0.0144444444,19.7386263,15.6385523,60,60,1,true,extrap,1,-1,3,,,,rtol=1.0e-6;atol=1e-14;memory=50,17,0.65,6,36,73,true,multi,64,64,0.0723021648,9.67708617e-05,0.0306482336,0.0456595633,0.0530655129,0.0446093264,3.99396727e-06,3.99396727e-07,true,0.766309686,18.9723166,4000,-0.0507259424,e818c6384e9722b8ea6a04ecc13483e9331c522f,0ce3ba605bfa0bb6fcfc2a988437c850d45e3e63,LineGaussRegularization,2026-09-07 15:22:05,
R1,dji9443_20260813_23_73_capped_captess4.msh,8016,krylov_gmres,54,0.0147222222,20.3796626,16.2861712,62,62,1,true,extrap,1,-1,3,,,,rtol=1.0e-6;atol=1e-14;memory=50,17,0.65,6,36,73,true,multi,64,64,0.0737685117,9.87659312e-05,0.0312697885,0.0465855892,0.0541417301,0.045514049,4.07496812e-06,4.07496812e-07,true,0.769254866,19.6104078,4082,-0.0542019117,e818c6384e9722b8ea6a04ecc13483e9331c522f,0ce3ba605bfa0bb6fcfc2a988437c850d45e3e63,LineGaussRegularization,2026-09-07 15:22:05,
R1,dji9443_20260813_23_73_capped_captess4.msh,8016,krylov_gmres,55,0.015,20.4014566,15.6025958,63,63,1,true,extrap,1,-1,3,,,,rtol=1.0e-6;atol=1e-14;memory=50,17,0.65,6,36,73,true,multi,64,64,0.07518615,0.000100663087,0.0318707189,0.0474808538,0.0551821732,0.0463887135,4.15327862e-06,4.15327862e-07,true,0.765622297,19.6358343,4163,-0.057501166,e818c6384e9722b8ea6a04ecc13483e9331c522f,0ce3ba605bfa0bb6fcfc2a988437c850d45e3e63,LineGaussRegularization,2026-09-07 15:22:05,
R1,dji9443_20260813_23_73_capped_captess4.msh,8016,krylov_gmres,56,0.0152777778,21.136162,16.6965242,63,63,1,true,extrap,1,-1,3,,,,rtol=1.0e-6;atol=1e-14;memory=50,17,0.65,6,36,73,true,multi,64,64,0.076552261,0.000102479079,0.0324498254,0.0483435121,0.0561848092,0.0472315571,4.2287405e-06,4.2287405e-07,true,0.766595518,20.3695665,4246,-0.0605677269,e818c6384e9722b8ea6a04ecc13483e9331c522f,0ce3ba605bfa0bb6fcfc2a988437c850d45e3e63,LineGaussRegularization,2026-09-07 15:22:05,
R1,dji9443_20260813_23_73_capped_captess4.msh,8016,krylov_gmres,57,0.0155555556,20.3454195,15.9542134,62,62,1,true,extrap,1,-1,3,,,,rtol=1.0e-6;atol=1e-14;memory=50,17,0.65,6,36,73,true,multi,64,64,0.0778639013,0.000104244308,0.0330057851,0.0491718731,0.0571474701,0.0480408133,4.30119552e-06,4.30119552e-07,true,0.853461034,19.4919585,4323,-0.0633815633,e818c6384e9722b8ea6a04ecc13483e9331c522f,0ce3ba605bfa0bb6fcfc2a988437c850d45e3e63,LineGaussRegularization,2026-09-07 15:22:05,
R1,dji9443_20260813_23_73_capped_captess4.msh,8016,krylov_gmres,58,0.0158333333,20.696242,16.2861134,61,61,1,true,extrap,1,-1,3,,,,rtol=1.0e-6;atol=1e-14;memory=50,17,0.65,6,36,73,true,multi,64,64,0.0791182144,0.000105937383,0.033537538,0.0499639994,0.0580680857,0.048814726,4.3704854e-06,4.3704854e-07,true,0.889214734,19.8070273,4404,-0.0659389549,e818c6384e9722b8ea6a04ecc13483e9331c522f,0ce3ba605bfa0bb6fcfc2a988437c850d45e3e63,LineGaussRegularization,2026-09-07 15:22:05,
R1,dji9443_20260813_23_73_capped_captess4.msh,8016,krylov_gmres,59,0.0161111111,21.0277791,16.5456382,60,60,1,true,extrap,1,-1,3,,,,rtol=1.0e-6;atol=1e-14;memory=50,17,0.65,6,36,73,true,multi,64,64,0.0803123833,0.000107512416,0.0340437061,0.0507181483,0.0589444861,0.0495515085,4.43645191e-06,4.43645191e-07,true,0.787615046,20.240164,4482,-0.0682164335,e818c6384e9722b8ea6a04ecc13483e9331c522f,0ce3ba605bfa0bb6fcfc2a988437c850d45e3e63,LineGaussRegularization,2026-09-07 15:22:05,
R1,dji9443_20260813_23_73_capped_captess4.msh,8016,krylov_gmres,60,0.0163888889,20.93767,16.4110997,60,60,1,true,extrap,1,-1,3,,,,rtol=1.0e-6;atol=1e-14;memory=50,17,0.65,6,36,73,true,multi,64,64,0.0814435108,0.000109029608,0.0345231995,0.0514324525,0.0597747533,0.0502494131,4.49893678e-06,4.49893678e-07,true,0.759539502,20.1781305,4563,-0.0702358281,e818c6384e9722b8ea6a04ecc13483e9331c522f,0ce3ba605bfa0bb6fcfc2a988437c850d45e3e63,LineGaussRegularization,2026-09-07 15:22:05,
R1,dji9443_20260813_23_73_capped_captess4.msh,8016,krylov_gmres,61,0.0166666667,20.8501925,16.2690149,60,60,1,true,extrap,1,-1,3,,,,rtol=1.0e-6;atol=1e-14;memory=50,17,0.65,6,36,73,true,multi,64,64,0.0825087982,0.000110442739,0.0349747574,0.0521051524,0.060556553,0.0509066684,4.55778175e-06,4.55778175e-07,true,0.756228087,20.0939644,4645,-0.0720155586,e818c6384e9722b8ea6a04ecc13483e9331c522f,0ce3ba605bfa0bb6fcfc2a988437c850d45e3e63,LineGaussRegularization,2026-09-07 15:22:05,
R1,dji9443_20260813_23_73_capped_captess4.msh,8016,krylov_gmres,62,0.0169444444,20.2352399,15.5487632,59,59,1,true,extrap,1,-1,3,,,,rtol=1.0e-6;atol=1e-14;memory=50,17,0.65,6,36,73,true,multi,64,64,0.0835053129,0.000111764643,0.0353971486,0.0527344782,0.0612879675,0.0515214977,4.61282857e-06,4.61282857e-07,true,0.79935523,19.4358847,4726,-0.0735569892,e818c6384e9722b8ea6a04ecc13483e9331c522f,0ce3ba605bfa0bb6fcfc2a988437c850d45e3e63,LineGaussRegularization,2026-09-07 15:22:05,
R1,dji9443_20260813_23_73_capped_captess4.msh,8016,krylov_gmres,63,0.0172222222,20.9360441,15.9272596,59,59,1,true,extrap,1,-1,3,,,,rtol=1.0e-6;atol=1e-14;memory=50,17,0.65,6,36,73,true,multi,64,64,0.0844302019,0.000113042203,0.0357891785,0.0533185703,0.0619667805,0.0520921459,4.66391898e-06,4.66391898e-07,true,0.936989426,19.9990547,4809,-0.07487199,e818c6384e9722b8ea6a04ecc13483e9331c522f,0ce3ba605bfa0bb6fcfc2a988437c850d45e3e63,LineGaussRegularization,2026-09-07 15:22:05,
R1,dji9443_20260813_23_73_capped_captess4.msh,8016,krylov_gmres,64,0.0175,20.352918,14.8954832,59,59,1,true,extrap,1,-1,3,,,,rtol=1.0e-6;atol=1e-14;memory=50,17,0.65,6,36,73,true,multi,64,64,0.0852805876,0.000114180999,0.0361496576,0.0538555989,0.062590892,0.0526168232,4.71089473e-06,4.71089473e-07,true,0.774689622,19.5782284,4891,-0.0759978737,e818c6384e9722b8ea6a04ecc13483e9331c522f,0ce3ba605bfa0bb6fcfc2a988437c850d45e3e63,LineGaussRegularization,2026-09-07 15:22:05,
R1,dji9443_20260813_23_73_capped_captess4.msh,8016,krylov_gmres,65,0.0177777778,21.788599,16.4019074,60,60,1,true,extrap,1,-1,3,,,,rtol=1.0e-6;atol=1e-14;memory=50,17,0.65,6,36,73,true,multi,64,64,0.0860536736,0.000115197129,0.0364773988,0.0543437643,0.0631582771,0.0530937797,4.75359756e-06,4.75359756e-07,true,0.859416234,20.9291828,4975,-0.0769736015,e818c6384e9722b8ea6a04ecc13483e9331c522f,0ce3ba605bfa0bb6fcfc2a988437c850d45e3e63,LineGaussRegularization,2026-09-07 15:22:05,
R1,dji9443_20260813_23_73_capped_captess4.msh,8016,krylov_gmres,66,0.0180555556,18.7796657,15.589552,60,60,1,true,extrap,1,-1,3,,,,rtol=1.0e-6;atol=1e-14;memory=50,17,0.65,6,36,73,true,multi,64,64,0.0867464833,0.000116139593,0.0367710359,0.0547813102,0.0636667598,0.0535212342,4.79186921e-06,4.79186921e-07,true,0.764834691,18.014831,5055,-0.0778414664,e818c6384e9722b8ea6a04ecc13483e9331c522f,0ce3ba605bfa0bb6fcfc2a988437c850d45e3e63,LineGaussRegularization,2026-09-07 15:22:05,
R1,dji9443_20260813_23_73_capped_captess4.msh,8016,krylov_gmres,67,0.0183333333,19.1267692,16.4292412,61,61,1,true,extrap,1,-1,3,,,,rtol=1.0e-6;atol=1e-14;memory=50,17,0.65,6,36,73,true,multi,64,64,0.0873562071,0.000116967596,0.0370295527,0.0551663783,0.0641142835,0.0538974395,4.82555143e-06,4.82555143e-07,true,0.766293496,18.3604757,5133,-0.0786245438,e818c6384e9722b8ea6a04ecc13483e9331c522f,0ce3ba605bfa0bb6fcfc2a988437c850d45e3e63,LineGaussRegularization,2026-09-07 15:22:05,
R1,dji9443_20260813_23_73_capped_captess4.msh,8016,krylov_gmres,68,0.0186111111,19.4967082,16.6390766,61,61,1,true,extrap,1,-1,3,,,,rtol=1.0e-6;atol=1e-14;memory=50,17,0.65,6,36,73,true,multi,64,64,0.0878799858,0.00011764801,0.0372515465,0.0554971727,0.064498657,0.0542206061,4.85448595e-06,4.85448595e-07,true,0.778314063,18.7183941,5216,-0.0793356493,e818c6384e9722b8ea6a04ecc13483e9331c522f,0ce3ba605bfa0bb6fcfc2a988437c850d45e3e63,LineGaussRegularization,2026-09-07 15:22:05,
R1,dji9443_20260813_23_73_capped_captess4.msh,8016,krylov_gmres,69,0.0188888889,19.4923864,16.5184252,60,60,1,true,extrap,1,-1,3,,,,rtol=1.0e-6;atol=1e-14;memory=50,17,0.65,6,36,73,true,multi,64,64,0.0883149414,0.00011822841,0.0374359399,0.055771837,0.0648179828,0.0544889838,4.87851454e-06,4.87851454e-07,true,0.782366728,18.7100197,5297,-0.0799468281,e818c6384e9722b8ea6a04ecc13483e9331c522f,0ce3ba605bfa0bb6fcfc2a988437c850d45e3e63,LineGaussRegularization,2026-09-07 15:22:05,
R1,dji9443_20260813_23_73_capped_captess4.msh,8016,krylov_gmres,70,0.0191666667,18.7613337,16.0433896,60,60,1,true,extrap,1,-1,3,,,,rtol=1.0e-6;atol=1e-14;memory=50,17,0.65,6,36,73,true,multi,64,64,0.0886582822,0.00011867449,0.0375814746,0.0559886025,0.065069905,0.0547008052,4.89747892e-06,4.89747892e-07,true,0.760656451,18.0006772,5378,-0.0804054027,e818c6384e9722b8ea6a04ecc13483e9331c522f,0ce3ba605bfa0bb6fcfc2a988437c850d45e3e63,LineGaussRegularization,2026-09-07 15:22:05,
R1,dji9443_20260813_23_73_capped_captess4.msh,8016,krylov_gmres,71,0.0194444444,18.3403377,15.5501918,60,60,1,true,extrap,1,-1,3,,,,rtol=1.0e-6;atol=1e-14;memory=50,17,0.65,6,36,73,true,multi,64,64,0.0889070576,0.000118994686,0.0376869036,0.0561457266,0.0652525352,0.0548542961,4.91122084e-06,4.91122084e-07,true,0.859064183,17.4812735,5456,-0.0806511489,e818c6384e9722b8ea6a04ecc13483e9331c522f,0ce3ba605bfa0bb6fcfc2a988437c850d45e3e63,LineGaussRegularization,2026-09-07 15:22:05,
R1,dji9443_20260813_23_73_capped_captess4.msh,8016,krylov_gmres,72,0.0197222222,18.5939234,15.7769933,60,60,1,true,extrap,1,-1,3,,,,rtol=1.0e-6;atol=1e-14;memory=50,17,0.65,6,36,73,true,multi,64,64,0.0890584375,0.000119238939,0.0377510434,0.0562413513,0.0653636255,0.0549476964,4.91958205e-06,4.91958205e-07,true,0.854671999,17.7392514,5534,-0.0806670227,e818c6384e9722b8ea6a04ecc13483e9331c522f,0ce3ba605bfa0bb6fcfc2a988437c850d45e3e63,LineGaussRegularization,2026-09-07 15:22:05,
R1,dji9443_20260813_23_73_capped_captess4.msh,8016,krylov_gmres,73,0.02,18.5468293,14.9518847,60,60,1,true,extrap,1,-1,3,5614,83240.01,,rtol=1.0e-6;atol=1e-14;memory=50,17,0.65,6,36,73,true,multi,64,64,0.0891095115,0.000119291925,0.0377727053,0.0562736055,0.0654010953,0.0549792164,4.92240429e-06,4.92240429e-07,true,0.759467313,17.787362,5614,-0.080417957,e818c6384e9722b8ea6a04ecc13483e9331c522f,0ce3ba605bfa0bb6fcfc2a988437c850d45e3e63,LineGaussRegularization,2026-09-07 15:22:05,
R1,dji9443_20260813_23_73_capped_captess4.msh,8016,krylov_jacobi,1,0,54.4803152,12.3859949,19,19,1,true,cold,0,-1,3,,,27.0128942,jacobi cell_size=R/4,17,0.65,6,36,73,true,multi,64,64,9.35309949e-08,2.71959972e-13,7.11477241e-10,1.71458445e-09,3.07359797e-09,5.70494027e-09,1e-14,1e-15,false,1.04309842,53.4372168,0,0.0533282737,e818c6384e9722b8ea6a04ecc13483e9331c522f,0ce3ba605bfa0bb6fcfc2a988437c850d45e3e63,LineGaussRegularization,2026-09-07 15:35:48,"RHPC setup-only include; t_solve = solve_formulation! wall (incl. the per-step Dirichlet source-potential assembly inside solve!); t_step from maneuver! deltas; niter now recorded for FGS as well as Krylov (Phase 3); niter=-1 means a direct solve. niter is the LAST inner solve of the step (legacy diagnostic); niter_first is the FIRST and is the warmstart comparison metric; nsolves is the per-body solve count of the step (must be 1 for a one-body run; -1 = unavailable); solved is the AND of the step's inner convergence flags. Wake-developed averages should drop the first skip_steps rows. bcerr_* are order statistics of the per-panel Dirichlet BC residual |phi_sigma + G_mu x| from ONE bc_error! pass per step; bcerr_tol is THIS arm's own effective absolute acceptance level, so bcerr_max <= bcerr_tol is the arm's promise checked independently. The pass requests an absolute FMM error of bcerr_eps = BCERR_SAFETY * bcerr_tol, so the instrument is ~10x sharper than the acceptance level by construction; bcerr_certified=false means some M2L pair could not certify that bound and the row is UNCERTIFIED. The pass is EXCLUDED from t_solve, but NOT from t_step_total (it lies inside the maneuver!-to-maneuver! window); use t_step_net = t_step_total - t_bcerr for full-timestep share. Its own cost is t_bcerr (~62% of t_solve at R1 — it certifies to 10x below tol_abs, so the FMM climbs its order). BCERR_EVERY>1 subsamples it; skipped steps write EMPTY bcerr_* cells, never a fabricated value. n_particles and CT are per-step identity REPORTING, not assertions: the wake is chaotic, so small differences compound and exact trajectory identity is not expected. CT requires RUN_MONITORS=true (default under PHASE=phase3)."
R1,dji9443_20260813_23_73_capped_captess4.msh,8016,krylov_jacobi,2,0.000277777778,10.5461112,6.1739334,19,19,1,true,cold,0,-1,3,,,,jacobi cell_size=R/4,17,0.65,6,36,73,true,multi,64,64,5.10889686e-05,6.39070039e-08,2.16397369e-05,3.22649098e-05,3.74991621e-05,3.15226992e-05,2.82224753e-09,2.82224753e-10,false,0.90742568,9.63868549,0,0.073811082,e818c6384e9722b8ea6a04ecc13483e9331c522f,0ce3ba605bfa0bb6fcfc2a988437c850d45e3e63,LineGaussRegularization,2026-09-07 15:35:49,
R1,dji9443_20260813_23_73_capped_captess4.msh,8016,krylov_jacobi,3,0.000555555556,9.40949139,5.61696689,19,19,1,true,cold,0,-1,3,,,,jacobi cell_size=R/4,17,0.65,6,36,73,true,multi,64,64,0.000202450394,2.7357324e-07,8.57967696e-05,0.000127848902,0.000148590902,0.000124909615,1.11834559e-08,1.11834559e-09,false,0.869591035,8.53990035,84,0.0913695427,e818c6384e9722b8ea6a04ecc13483e9331c522f,0ce3ba605bfa0bb6fcfc2a988437c850d45e3e63,LineGaussRegularization,2026-09-07 15:35:49,
R1,dji9443_20260813_23_73_capped_captess4.msh,8016,krylov_jacobi,4,0.000833333333,7.64235286,5.80236601,19,19,1,true,cold,0,-1,3,,,,jacobi cell_size=R/4,17,0.65,6,36,73,true,multi,64,64,0.000451218024,6.07783786e-07,0.000191245331,0.000284949931,0.000331172411,0.000278396277,2.49253789e-08,2.49253789e-09,false,0.875036481,6.76731638,168,0.100586417,e818c6384e9722b8ea6a04ecc13483e9331c522f,0ce3ba605bfa0bb6fcfc2a988437c850d45e3e63,LineGaussRegularization,2026-09-07 15:35:49,
R1,dji9443_20260813_23_73_capped_captess4.msh,8016,krylov_jacobi,5,0.00111111111,7.85608472,6.0575972,19,19,1,true,cold,0,-1,3,,,,jacobi cell_size=R/4,17,0.65,6,36,73,true,multi,64,64,0.000794527124,1.06600233e-06,0.000336770617,0.000501753449,0.000583143824,0.000490212892,4.38897601e-08,4.38897601e-09,false,0.78148135,7.07460337,249,0.105160635,e818c6384e9722b8ea6a04ecc13483e9331c522f,0ce3ba605bfa0bb6fcfc2a988437c850d45e3e63,LineGaussRegularization,2026-09-07 15:35:49,
R1,dji9443_20260813_23_73_capped_captess4.msh,8016,krylov_jacobi,6,0.00138888889,7.70823953,5.73790962,19,19,1,true,cold,0,-1,3,,,,jacobi cell_size=R/4,17,0.65,6,36,73,true,multi,64,64,0.00122951252,1.64866482e-06,0.000521156357,0.000776463934,0.000902396402,0.000758593116,6.79183432e-08,6.79183432e-09,false,0.792460316,6.91577922,329,0.107104984,e818c6384e9722b8ea6a04ecc13483e9331c522f,0ce3ba605bfa0bb6fcfc2a988437c850d45e3e63,LineGaussRegularization,2026-09-07 15:35:49,
R1,dji9443_20260813_23_73_capped_captess4.msh,8016,krylov_jacobi,7,0.00166666667,7.809748,5.77176392,19,19,1,true,cold,0,-1,3,,,,jacobi cell_size=R/4,17,0.65,6,36,73,true,multi,64,64,0.00175331006,2.34902783e-06,0.000743189461,0.00110723485,0.00128683091,0.00108176698,9.68528719e-08,9.68528719e-09,false,0.791773915,7.01797408,408,0.107517399,e818c6384e9722b8ea6a04ecc13483e9331c522f,0ce3ba605bfa0bb6fcfc2a988437c850d45e3e63,LineGaussRegularization,2026-09-07 15:35:49,
R1,dji9443_20260813_23_73_capped_captess4.msh,8016,krylov_jacobi,8,0.00194444444,7.73941575,5.66091034,19,19,1,true,cold,0,-1,3,,,,jacobi cell_size=R/4,17,0.65,6,36,73,true,multi,64,64,0.00236305338,3.16716925e-06,0.00100165447,0.00149229371,0.00173434691,0.00145797013,1.3053509e-07,1.3053509e-08,false,0.790146614,6.94926913,491,0.107007659,e818c6384e9722b8ea6a04ecc13483e9331c522f,0ce3ba605bfa0bb6fcfc2a988437c850d45e3e63,LineGaussRegularization,2026-09-07 15:35:49,
R1,dji9443_20260813_23_73_capped_captess4.msh,8016,krylov_jacobi,9,0.00222222222,8.10069973,5.87836416,19,19,1,true,cold,0,-1,3,,,,jacobi cell_size=R/4,17,0.65,6,36,73,true,multi,64,64,0.00305587827,4.0959226e-06,0.00129533648,0.00192982281,0.00224284066,0.00188543278,1.68806741e-07,1.68806741e-08,false,0.897303044,7.20339668,569,0.105904438,e818c6384e9722b8ea6a04ecc13483e9331c522f,0ce3ba605bfa0bb6fcfc2a988437c850d45e3e63,LineGaussRegularization,2026-09-07 15:35:49,
R1,dji9443_20260813_23_73_capped_captess4.msh,8016,krylov_jacobi,10,0.0025,8.07319842,5.61142076,19,19,1,true,cold,0,-1,3,,,,jacobi cell_size=R/4,17,0.65,6,36,73,true,multi,64,64,0.00382891963,5.13029273e-06,0.00162302185,0.00241801065,0.00281020748,0.00236238961,2.11509569e-07,2.11509569e-08,false,0.764923415,7.30827501,649,0.104390306,e818c6384e9722b8ea6a04ecc13483e9331c522f,0ce3ba605bfa0bb6fcfc2a988437c850d45e3e63,LineGaussRegularization,2026-09-07 15:35:49,
R1,dji9443_20260813_23_73_capped_captess4.msh,8016,krylov_jacobi,11,0.00277777778,8.3193293,6.19613849,19,19,1,true,cold,0,-1,3,,,,jacobi cell_size=R/4,17,0.65,6,36,73,true,multi,64,64,0.00467931654,6.26752974e-06,0.00198349972,0.00295503719,0.00343434642,0.00288706857,2.58485317e-07,2.58485317e-08,false,0.783613179,7.53571612,730,0.102560446,e818c6384e9722b8ea6a04ecc13483e9331c522f,0ce3ba605bfa0bb6fcfc2a988437c850d45e3e63,LineGaussRegularization,2026-09-07 15:35:49,
R1,dji9443_20260813_23_73_capped_captess4.msh,8016,krylov_jacobi,12,0.00305555556,7.75941865,5.48017882,19,19,1,true,cold,0,-1,3,,,,jacobi cell_size=R/4,17,0.65,6,36,73,true,multi,64,64,0.00560419614,7.5075062e-06,0.00237554811,0.0035391092,0.0041131526,0.00345770535,3.09575729e-07,3.09575729e-08,false,0.904285407,6.85513325,810,0.100456232,e818c6384e9722b8ea6a04ecc13483e9331c522f,0ce3ba605bfa0bb6fcfc2a988437c850d45e3e63,LineGaussRegularization,2026-09-07 15:35:49,
R1,dji9443_20260813_23_73_capped_captess4.msh,8016,krylov_jacobi,13,0.00333333333,8.22104479,5.87130473,19,19,1,true,cold,0,-1,3,,,,jacobi cell_size=R/4,17,0.65,6,36,73,true,multi,64,64,0.0066007006,8.84113149e-06,0.00279795639,0.0041684146,0.00484452909,0.00407253405,3.64622549e-07,3.64622549e-08,true,0.902133248,7.31891154,891,0.0980785119,e818c6384e9722b8ea6a04ecc13483e9331c522f,0ce3ba605bfa0bb6fcfc2a988437c850d45e3e63,LineGaussRegularization,2026-09-07 15:35:49,
R1,dji9443_20260813_23_73_capped_captess4.msh,8016,krylov_jacobi,14,0.00361111111,8.5642241,5.70970986,19,19,1,true,cold,0,-1,3,,,,jacobi cell_size=R/4,17,0.65,6,36,73,true,multi,64,64,0.00766596288,1.02644968e-05,0.00324951357,0.00484114145,0.00562636859,0.00472978393,4.2346752e-07,4.2346752e-08,true,0.879338801,7.6848853,972,0.0954106761,e818c6384e9722b8ea6a04ecc13483e9331c522f,0ce3ba605bfa0bb6fcfc2a988437c850d45e3e63,LineGaussRegularization,2026-09-07 15:35:49,
R1,dji9443_20260813_23_73_capped_captess4.msh,8016,krylov_jacobi,15,0.00388888889,8.15727313,5.67338698,19,19,1,true,cold,0,-1,3,,,,jacobi cell_size=R/4,17,0.65,6,36,73,true,multi,64,64,0.00879711556,1.17794737e-05,0.00372899991,0.00555547985,0.00645656249,0.00542768769,4.85952387e-07,4.85952387e-08,false,0.803228895,7.35404423,1050,0.0924116856,e818c6384e9722b8ea6a04ecc13483e9331c522f,0ce3ba605bfa0bb6fcfc2a988437c850d45e3e63,LineGaussRegularization,2026-09-07 15:35:49,
R1,dji9443_20260813_23_73_capped_captess4.msh,8016,krylov_jacobi,16,0.00416666667,8.01181649,5.72053428,19,19,1,true,cold,0,-1,3,,,,jacobi cell_size=R/4,17,0.65,6,36,73,true,multi,64,64,0.00999129614,1.33777909e-05,0.0042352016,0.0063096135,0.00733302251,0.00616447902,5.51918892e-07,5.51918892e-08,true,0.862904732,7.14891175,1126,0.0890361092,e818c6384e9722b8ea6a04ecc13483e9331c522f,0ce3ba605bfa0bb6fcfc2a988437c850d45e3e63,LineGaussRegularization,2026-09-07 15:35:49,
R1,dji9443_20260813_23_73_capped_captess4.msh,8016,krylov_jacobi,17,0.00444444444,8.22501303,5.66936508,19,19,1,true,cold,0,-1,3,,,,jacobi cell_size=R/4,17,0.65,6,36,73,true,multi,64,64,0.0112456392,1.50571986e-05,0.00476691088,0.0071017412,0.00825363605,0.00693838978,6.2120878e-07,6.2120878e-08,true,0.940342487,7.28467054,1204,0.0852340848,e818c6384e9722b8ea6a04ecc13483e9331c522f,0ce3ba605bfa0bb6fcfc2a988437c850d45e3e63,LineGaussRegularization,2026-09-07 15:35:49,
R1,dji9443_20260813_23_73_capped_captess4.msh,8016,krylov_jacobi,18,0.00472222222,8.36690496,5.94538805,19,19,1,true,cold,0,-1,3,,,,jacobi cell_size=R/4,17,0.65,6,36,73,true,multi,64,64,0.0125572705,1.68138139e-05,0.00532290851,0.00793006169,0.00921630199,0.00774765422,6.93663794e-07,6.93663794e-08,true,0.783621414,7.58328354,1283,0.0810049726,e818c6384e9722b8ea6a04ecc13483e9331c522f,0ce3ba605bfa0bb6fcfc2a988437c850d45e3e63,LineGaussRegularization,2026-09-07 15:35:49,
R1,dji9443_20260813_23_73_capped_captess4.msh,8016,krylov_jacobi,19,0.005,8.33724724,5.39102517,19,19,1,true,cold,0,-1,3,,,,jacobi cell_size=R/4,17,0.65,6,36,73,true,multi,64,64,0.0139233512,1.86425169e-05,0.00590197516,0.00879274895,0.0102189196,0.00859050136,7.69125678e-07,7.69125678e-08,true,0.896238998,7.44100824,1362,0.0764214067,e818c6384e9722b8ea6a04ecc13483e9331c522f,0ce3ba605bfa0bb6fcfc2a988437c850d45e3e63,LineGaussRegularization,2026-09-07 15:35:49,
R1,dji9443_20260813_23_73_capped_captess4.msh,8016,krylov_jacobi,20,0.00527777778,8.518703,5.96565448,19,19,1,true,cold,0,-1,3,,,,jacobi cell_size=R/4,17,0.65,6,36,73,true,multi,64,64,0.0153410003,2.05439088e-05,0.0065028943,0.00968800393,0.0112593879,0.00946516455,8.47436176e-07,8.47436176e-08,true,0.953501535,7.56520146,1435,0.0716455401,e818c6384e9722b8ea6a04ecc13483e9331c522f,0ce3ba605bfa0bb6fcfc2a988437c850d45e3e63,LineGaussRegularization,2026-09-07 15:35:49,
R1,dji9443_20260813_23_73_capped_captess4.msh,8016,krylov_jacobi,21,0.00555555556,7.59913176,5.16917825,18,18,1,true,cold,0,-1,3,,,,jacobi cell_size=R/4,17,0.65,6,36,73,true,multi,64,64,0.0168073459,2.25045828e-05,0.00712446946,0.0106140197,0.0123355884,0.0103698747,9.28437031e-07,9.28437031e-08,true,0.912710709,6.68642105,1514,0.0668964136,e818c6384e9722b8ea6a04ecc13483e9331c522f,0ce3ba605bfa0bb6fcfc2a988437c850d45e3e63,LineGaussRegularization,2026-09-07 15:35:49,
R1,dji9443_20260813_23_73_capped_captess4.msh,8016,krylov_jacobi,22,0.00583333333,8.04721015,5.50913204,18,18,1,true,cold,0,-1,3,,,,jacobi cell_size=R/4,17,0.65,6,36,73,true,multi,64,64,0.0183195251,2.45213132e-05,0.00776546973,0.0115689779,0.013445449,0.0113028687,1.01196999e-06,1.01196999e-07,true,0.920212373,7.12699777,1595,0.0623869136,e818c6384e9722b8ea6a04ecc13483e9331c522f,0ce3ba605bfa0bb6fcfc2a988437c850d45e3e63,LineGaussRegularization,2026-09-07 15:35:49,
R1,dji9443_20260813_23_73_capped_captess4.msh,8016,krylov_jacobi,23,0.00611111111,8.13553029,5.77380872,18,18,1,true,cold,0,-1,3,,,,jacobi cell_size=R/4,17,0.65,6,36,73,true,multi,64,64,0.0198746878,2.66026482e-05,0.00842469801,0.0125510697,0.0145868415,0.0122623764,1.09787679e-06,1.09787679e-07,true,0.771964673,7.36356561,1675,0.0582300121,e818c6384e9722b8ea6a04ecc13483e9331c522f,0ce3ba605bfa0bb6fcfc2a988437c850d45e3e63,LineGaussRegularization,2026-09-07 15:35:49,
R1,dji9443_20260813_23_73_capped_captess4.msh,8016,krylov_jacobi,24,0.00638888889,7.85577894,5.52091455,18,18,1,true,cold,0,-1,3,,,,jacobi cell_size=R/4,17,0.65,6,36,73,true,multi,64,64,0.02146996,2.87341652e-05,0.00910091896,0.0135585024,0.0157576597,0.0132466319,1.18599918e-06,1.18599918e-07,true,0.758651354,7.09712758,1755,0.0544383401,e818c6384e9722b8ea6a04ecc13483e9331c522f,0ce3ba605bfa0bb6fcfc2a988437c850d45e3e63,LineGaussRegularization,2026-09-07 15:35:49,
R1,dji9443_20260813_23_73_capped_captess4.msh,8016,krylov_jacobi,25,0.00666666667,8.60055373,5.42285103,18,18,1,true,cold,0,-1,3,,,,jacobi cell_size=R/4,17,0.65,6,36,73,true,multi,64,64,0.0231024606,3.09205029e-05,0.00979292108,0.0145894293,0.0169558363,0.01425386,1.2761789e-06,1.2761789e-07,true,0.753195463,7.84735826,1836,0.0509463869,e818c6384e9722b8ea6a04ecc13483e9331c522f,0ce3ba605bfa0bb6fcfc2a988437c850d45e3e63,LineGaussRegularization,2026-09-07 15:35:49,
R1,dji9443_20260813_23_73_capped_captess4.msh,8016,krylov_jacobi,26,0.00694444444,7.76725237,5.3914007,18,18,1,true,cold,0,-1,3,,,,jacobi cell_size=R/4,17,0.65,6,36,73,true,multi,64,64,0.0247693565,3.31458657e-05,0.0104994999,0.0156421037,0.0181792226,0.0152823091,1.36825769e-06,1.36825769e-07,true,0.761534692,7.00571768,1917,0.0476654234,e818c6384e9722b8ea6a04ecc13483e9331c522f,0ce3ba605bfa0bb6fcfc2a988437c850d45e3e63,LineGaussRegularization,2026-09-07 15:35:49,
R1,dji9443_20260813_23_73_capped_captess4.msh,8016,krylov_jacobi,27,0.00722222222,7.91755486,5.52983356,18,18,1,true,cold,0,-1,3,,,,jacobi cell_size=R/4,17,0.65,6,36,73,true,multi,64,64,0.0264677292,3.54180769e-05,0.0112194504,0.0167146652,0.0194257506,0.016330199,1.46207731e-06,1.46207731e-07,true,0.83688732,7.08066754,1995,0.0445059936,e818c6384e9722b8ea6a04ecc13483e9331c522f,0ce3ba605bfa0bb6fcfc2a988437c850d45e3e63,LineGaussRegularization,2026-09-07 15:35:49,
R1,dji9443_20260813_23_73_capped_captess4.msh,8016,krylov_jacobi,28,0.0075,7.65601072,4.84562354,17,17,1,true,cold,0,-1,3,,,,jacobi cell_size=R/4,17,0.65,6,36,73,true,multi,64,64,0.028194821,3.77413248e-05,0.0119515515,0.017805318,0.0206933133,0.0173957662,1.55747949e-06,1.55747949e-07,true,0.716318182,6.93969254,2073,0.041381472,e818c6384e9722b8ea6a04ecc13483e9331c522f,0ce3ba605bfa0bb6fcfc2a988437c850d45e3e63,LineGaussRegularization,2026-09-07 15:35:49,
R1,dji9443_20260813_23_73_capped_captess4.msh,8016,krylov_jacobi,29,0.00777777778,8.08402998,5.45604284,17,17,1,true,cold,0,-1,3,,,,jacobi cell_size=R/4,17,0.65,6,36,73,true,multi,64,64,0.0299476491,4.0091361e-05,0.0126945631,0.0189122587,0.021979795,0.0184772407,1.65430597e-06,1.65430597e-07,true,0.870379061,7.21365092,2153,0.038218164,e818c6384e9722b8ea6a04ecc13483e9331c522f,0ce3ba605bfa0bb6fcfc2a988437c850d45e3e63,LineGaussRegularization,2026-09-07 15:35:49,
R1,dji9443_20260813_23_73_capped_captess4.msh,8016,krylov_jacobi,30,0.00805555556,7.44858263,4.99796679,17,17,1,true,cold,0,-1,3,,,,jacobi cell_size=R/4,17,0.65,6,36,73,true,multi,64,64,0.0317233889,4.24662931e-05,0.0134472768,0.0200336508,0.0232830881,0.0195728471,1.75239851e-06,1.75239851e-07,true,0.75539945,6.69318318,2234,0.0349451169,e818c6384e9722b8ea6a04ecc13483e9331c522f,0ce3ba605bfa0bb6fcfc2a988437c850d45e3e63,LineGaussRegularization,2026-09-07 15:35:49,
R1,dji9443_20260813_23_73_capped_captess4.msh,8016,krylov_jacobi,31,0.00833333333,7.72710637,5.25373716,17,17,1,true,cold,0,-1,3,,,,jacobi cell_size=R/4,17,0.65,6,36,73,true,multi,64,64,0.0335192051,4.48684866e-05,0.0142084913,0.0211677299,0.0246010998,0.0206808332,1.85159884e-06,1.85159884e-07,true,0.736589681,6.99051669,2311,0.0314805536,e818c6384e9722b8ea6a04ecc13483e9331c522f,0ce3ba605bfa0bb6fcfc2a988437c850d45e3e63,LineGaussRegularization,2026-09-07 15:35:49,
R1,dji9443_20260813_23_73_capped_captess4.msh,8016,krylov_jacobi,32,0.00861111111,7.88962875,5.1771869,17,17,1,true,cold,0,-1,3,,,,jacobi cell_size=R/4,17,0.65,6,36,73,true,multi,64,64,0.0353322075,4.72778168e-05,0.0149770266,0.0223126373,0.0259317215,0.0217994253,1.95174871e-06,1.95174871e-07,true,0.752350093,7.13727865,2389,0.0277285324,e818c6384e9722b8ea6a04ecc13483e9331c522f,0ce3ba605bfa0bb6fcfc2a988437c850d45e3e63,LineGaussRegularization,2026-09-07 15:35:49,
R1,dji9443_20260813_23_73_capped_captess4.msh,8016,krylov_jacobi,33,0.00888888889,7.90096588,5.14589697,17,17,1,true,cold,0,-1,3,,,,jacobi cell_size=R/4,17,0.65,6,36,73,true,multi,64,64,0.0371595476,4.97436362e-05,0.0157516226,0.0234666312,0.0272728736,0.0229268625,2.05268986e-06,2.05268986e-07,true,0.871663989,7.02930189,2469,0.0236127687,e818c6384e9722b8ea6a04ecc13483e9331c522f,0ce3ba605bfa0bb6fcfc2a988437c850d45e3e63,LineGaussRegularization,2026-09-07 15:35:49,
R1,dji9443_20260813_23_73_capped_captess4.msh,8016,krylov_jacobi,34,0.00916666667,7.74278238,5.09237199,17,17,1,true,cold,0,-1,3,,,,jacobi cell_size=R/4,17,0.65,6,36,73,true,multi,64,64,0.0389983062,5.21953992e-05,0.0165310513,0.0246278137,0.0286224421,0.024061351,2.15426403e-06,2.15426403e-07,true,0.728310104,7.01447228,2541,0.0191011108,e818c6384e9722b8ea6a04ecc13483e9331c522f,0ce3ba605bfa0bb6fcfc2a988437c850d45e3e63,LineGaussRegularization,2026-09-07 15:35:49,
R1,dji9443_20260813_23_73_capped_captess4.msh,8016,krylov_jacobi,35,0.00944444444,7.68411074,5.057536,17,17,1,true,cold,0,-1,3,,,,jacobi cell_size=R/4,17,0.65,6,36,73,true,multi,64,64,0.040845675,5.46703454e-05,0.0173141155,0.0257945294,0.0299782979,0.0252011813,2.25631298e-06,2.25631298e-07,true,0.748827255,6.93528348,2619,0.014235409,e818c6384e9722b8ea6a04ecc13483e9331c522f,0ce3ba605bfa0bb6fcfc2a988437c850d45e3e63,LineGaussRegularization,2026-09-07 15:35:49,
R1,dji9443_20260813_23_73_capped_captess4.msh,8016,krylov_jacobi,36,0.00972222222,8.0360026,5.16645734,17,17,1,true,cold,0,-1,3,,,,jacobi cell_size=R/4,17,0.65,6,36,73,true,multi,64,64,0.0426987791,5.71515673e-05,0.0180996535,0.0269647768,0.0313383872,0.0263445074,2.35867844e-06,2.35867844e-07,true,0.823127092,7.21287551,2692,0.00913120461,e818c6384e9722b8ea6a04ecc13483e9331c522f,0ce3ba605bfa0bb6fcfc2a988437c850d45e3e63,LineGaussRegularization,2026-09-07 15:35:49,
R1,dji9443_20260813_23_73_capped_captess4.msh,8016,krylov_jacobi,37,0.01,8.20066942,4.8589438,17,17,1,true,cold,0,-1,3,,,,jacobi cell_size=R/4,17,0.65,6,36,73,true,multi,64,64,0.0445547298,5.96514113e-05,0.0188863774,0.0281367916,0.0327005528,0.0274896034,2.46120215e-06,2.46120215e-07,true,0.707413951,7.49325546,2765,0.00394393776,e818c6384e9722b8ea6a04ecc13483e9331c522f,0ce3ba605bfa0bb6fcfc2a988437c850d45e3e63,LineGaussRegularization,2026-09-07 15:35:49,
R1,dji9443_20260813_23_73_capped_captess4.msh,8016,krylov_jacobi,38,0.0102777778,8.25787342,5.3288205,17,17,1,true,cold,0,-1,3,,,,jacobi cell_size=R/4,17,0.65,6,36,73,true,multi,64,64,0.0464106984,6.21570196e-05,0.0196731027,0.0293088584,0.0340627026,0.0286347041,2.56372586e-06,2.56372586e-07,true,0.713211659,7.54466176,2845,-0.00115181537,e818c6384e9722b8ea6a04ecc13483e9331c522f,0ce3ba605bfa0bb6fcfc2a988437c850d45e3e63,LineGaussRegularization,2026-09-07 15:35:49,
R1,dji9443_20260813_23_73_capped_captess4.msh,8016,krylov_jacobi,39,0.0105555556,7.98753729,4.8838131,17,17,1,true,cold,0,-1,3,,,,jacobi cell_size=R/4,17,0.65,6,36,73,true,multi,64,64,0.0482638504,6.46566687e-05,0.020458659,0.0304791209,0.0354228009,0.0297780488,2.66609132e-06,2.66609132e-07,true,0.850041829,7.13749546,2919,-0.00597187534,e818c6384e9722b8ea6a04ecc13483e9331c522f,0ce3ba605bfa0bb6fcfc2a988437c850d45e3e63,LineGaussRegularization,2026-09-07 15:35:49,
R1,dji9443_20260813_23_73_capped_captess4.msh,8016,krylov_jacobi,40,0.0108333333,8.5547439,5.43893967,18,18,1,true,cold,0,-1,3,,,,jacobi cell_size=R/4,17,0.65,6,36,73,true,multi,64,64,0.0501112097,6.70594243e-05,0.0212417163,0.0316457615,0.0367786489,0.0309178491,2.76814026e-06,2.76814026e-07,true,0.850157537,7.70458636,2992,-0.0103833983,e818c6384e9722b8ea6a04ecc13483e9331c522f,0ce3ba605bfa0bb6fcfc2a988437c850d45e3e63,LineGaussRegularization,2026-09-07 15:35:49,
R1,dji9443_20260813_23_73_capped_captess4.msh,8016,krylov_jacobi,41,0.0111111111,8.81280947,5.7198555,18,18,1,true,cold,0,-1,3,,,,jacobi cell_size=R/4,17,0.65,6,36,73,true,multi,64,64,0.0519499863,6.95397981e-05,0.0220211328,0.0328069628,0.0381281789,0.0320523418,2.86971444e-06,2.86971444e-07,true,0.773819255,8.03899022,3067,-0.0143178359,e818c6384e9722b8ea6a04ecc13483e9331c522f,0ce3ba605bfa0bb6fcfc2a988437c850d45e3e63,LineGaussRegularization,2026-09-07 15:35:49,
R1,dji9443_20260813_23_73_capped_captess4.msh,8016,krylov_jacobi,42,0.0113888889,8.60958798,5.51543193,18,18,1,true,cold,0,-1,3,,,,jacobi cell_size=R/4,17,0.65,6,36,73,true,multi,64,64,0.053777314,7.19912435e-05,0.0227957271,0.0339609297,0.0394693595,0.0331797758,2.97065559e-06,2.97065559e-07,true,0.770874569,7.83871341,3145,-0.0177841667,e818c6384e9722b8ea6a04ecc13483e9331c522f,0ce3ba605bfa0bb6fcfc2a988437c850d45e3e63,LineGaussRegularization,2026-09-07 15:35:49,
R1,dji9443_20260813_23_73_capped_captess4.msh,8016,krylov_jacobi,43,0.0116666667,8.70451066,5.44835896,18,18,1,true,cold,0,-1,3,,,,jacobi cell_size=R/4,17,0.65,6,36,73,true,multi,64,64,0.0555902984,7.44119375e-05,0.0235642417,0.0351058393,0.0407999791,0.0342983644,3.07080546e-06,3.07080546e-07,true,0.755404835,7.94910582,3220,-0.0208469276,e818c6384e9722b8ea6a04ecc13483e9331c522f,0ce3ba605bfa0bb6fcfc2a988437c850d45e3e63,LineGaussRegularization,2026-09-07 15:35:49,
R1,dji9443_20260813_23_73_capped_captess4.msh,8016,krylov_jacobi,44,0.0119444444,8.60273617,5.31497625,18,18,1,true,cold,0,-1,3,,,,jacobi cell_size=R/4,17,0.65,6,36,73,true,multi,64,64,0.0573861195,7.68024682e-05,0.0243254586,0.0362399512,0.0421180164,0.0354063601,3.17000579e-06,3.17000579e-07,true,0.758098703,7.84463747,3296,-0.0236085546,e818c6384e9722b8ea6a04ecc13483e9331c522f,0ce3ba605bfa0bb6fcfc2a988437c850d45e3e63,LineGaussRegularization,2026-09-07 15:35:49,
R1,dji9443_20260813_23_73_capped_captess4.msh,8016,krylov_jacobi,45,0.0122222222,8.94929727,5.55021849,18,18,1,true,cold,0,-1,3,,,,jacobi cell_size=R/4,17,0.65,6,36,73,true,multi,64,64,0.0591618634,7.92091253e-05,0.0250781759,0.0373613673,0.043421316,0.0365019824,3.26809832e-06,3.26809832e-07,true,0.854056225,8.09524105,3370,-0.0261923847,e818c6384e9722b8ea6a04ecc13483e9331c522f,0ce3ba605bfa0bb6fcfc2a988437c850d45e3e63,LineGaussRegularization,2026-09-07 15:35:49,
R1,dji9443_20260813_23_73_capped_captess4.msh,8016,krylov_jacobi,46,0.0125,9.15468202,5.15047103,18,18,1,true,cold,0,-1,3,,,,jacobi cell_size=R/4,17,0.65,6,36,73,true,multi,64,64,0.0609147058,8.15571053e-05,0.0258211913,0.0384682799,0.0447077767,0.0375834468,3.36492481e-06,3.36492481e-07,true,0.815672742,8.33900928,3450,-0.0287290135,e818c6384e9722b8ea6a04ecc13483e9331c522f,0ce3ba605bfa0bb6fcfc2a988437c850d45e3e63,LineGaussRegularization,2026-09-07 15:35:49,
R1,dji9443_20260813_23_73_capped_captess4.msh,8016,krylov_jacobi,47,0.0127777778,9.59469377,5.78855535,18,18,1,true,cold,0,-1,3,,,,jacobi cell_size=R/4,17,0.65,6,36,73,true,multi,64,64,0.0626417761,8.38561584e-05,0.0265532812,0.0395589132,0.0459753607,0.0386490105,3.46032699e-06,3.46032699e-07,true,0.770719268,8.8239745,3526,-0.0313330717,e818c6384e9722b8ea6a04ecc13483e9331c522f,0ce3ba605bfa0bb6fcfc2a988437c850d45e3e63,LineGaussRegularization,2026-09-07 15:35:49,
R1,dji9443_20260813_23_73_capped_captess4.msh,8016,krylov_jacobi,48,0.0130555556,8.72875814,5.22463243,18,18,1,true,cold,0,-1,3,,,,jacobi cell_size=R/4,17,0.65,6,36,73,true,multi,64,64,0.0643401989,8.61252098e-05,0.0272732007,0.0406315104,0.047221861,0.0396968934,3.5541466e-06,3.5541466e-07,true,0.750713359,7.97804478,3605,-0.034090936,e818c6384e9722b8ea6a04ecc13483e9331c522f,0ce3ba605bfa0bb6fcfc2a988437c850d45e3e63,LineGaussRegularization,2026-09-07 15:35:49,
R1,dji9443_20260813_23_73_capped_captess4.msh,8016,krylov_jacobi,49,0.0133333333,9.34130093,5.58217683,18,18,1,true,cold,0,-1,3,,,,jacobi cell_size=R/4,17,0.65,6,36,73,true,multi,64,64,0.0660070654,8.8374433e-05,0.0279798349,0.0416841641,0.0484452511,0.0407253402,3.6462254e-06,3.6462254e-07,true,0.8639662,8.47733473,3680,-0.03705638,e818c6384e9722b8ea6a04ecc13483e9331c522f,0ce3ba605bfa0bb6fcfc2a988437c850d45e3e63,LineGaussRegularization,2026-09-07 15:35:49,
R1,dji9443_20260813_23_73_capped_captess4.msh,8016,krylov_jacobi,50,0.0136111111,9.48832449,5.59509216,18,18,1,true,cold,0,-1,3,,,,jacobi cell_size=R/4,17,0.65,6,36,73,true,multi,64,64,0.0676395581,9.05404649e-05,0.0286717981,0.0427150989,0.0496433847,0.0417325624,3.73640512e-06,3.73640512e-07,true,0.815681628,8.67264287,3762,-0.0402479521,e818c6384e9722b8ea6a04ecc13483e9331c522f,0ce3ba605bfa0bb6fcfc2a988437c850d45e3e63,LineGaussRegularization,2026-09-07 15:35:49,
R1,dji9443_20260813_23_73_capped_captess4.msh,8016,krylov_jacobi,51,0.0138888889,9.61642998,5.56349736,18,18,1,true,cold,0,-1,3,,,,jacobi cell_size=R/4,17,0.65,6,36,73,true,multi,64,64,0.0692347824,9.26725364e-05,0.0293480189,0.043722518,0.0508142513,0.0427168201,3.82452751e-06,3.82452751e-07,true,0.797337766,8.81909221,3839,-0.0436435535,e818c6384e9722b8ea6a04ecc13483e9331c522f,0ce3ba605bfa0bb6fcfc2a988437c850d45e3e63,LineGaussRegularization,2026-09-07 15:35:49,
R1,dji9443_20260813_23_73_capped_captess4.msh,8016,krylov_jacobi,52,0.0141666667,9.40585555,5.41778209,18,18,1,true,cold,0,-1,3,,,,jacobi cell_size=R/4,17,0.65,6,36,73,true,multi,64,64,0.0707899638,9.47505828e-05,0.0300072342,0.04470458,0.0519556354,0.0436763275,3.91043431e-06,3.91043431e-07,true,0.853034052,8.5528215,3918,-0.0471714148,e818c6384e9722b8ea6a04ecc13483e9331c522f,0ce3ba605bfa0bb6fcfc2a988437c850d45e3e63,LineGaussRegularization,2026-09-07 15:35:49,
R1,dji9443_20260813_23_73_capped_captess4.msh,8016,krylov_jacobi,53,0.0144444444,9.50005395,5.32958498,18,18,1,true,cold,0,-1,3,,,,jacobi cell_size=R/4,17,0.65,6,36,73,true,multi,64,64,0.0723021698,9.6765046e-05,0.0306482178,0.0456595637,0.053065513,0.044609326,3.99396727e-06,3.99396727e-07,true,0.793539721,8.70651423,4000,-0.0507257502,e818c6384e9722b8ea6a04ecc13483e9331c522f,0ce3ba605bfa0bb6fcfc2a988437c850d45e3e63,LineGaussRegularization,2026-09-07 15:35:49,
R1,dji9443_20260813_23_73_capped_captess4.msh,8016,krylov_jacobi,54,0.0147222222,9.71540223,5.53513906,18,18,1,true,cold,0,-1,3,,,,jacobi cell_size=R/4,17,0.65,6,36,73,true,multi,64,64,0.073768517,9.87597518e-05,0.0312697696,0.0465855896,0.0541417303,0.0455140486,4.07496812e-06,4.07496812e-07,true,0.862765361,8.85263687,4082,-0.0542015796,e818c6384e9722b8ea6a04ecc13483e9331c522f,0ce3ba605bfa0bb6fcfc2a988437c850d45e3e63,LineGaussRegularization,2026-09-07 15:35:49,
R1,dji9443_20260813_23_73_capped_captess4.msh,8016,krylov_jacobi,55,0.015,9.94748173,5.1269541,18,18,1,true,cold,0,-1,3,,,,jacobi cell_size=R/4,17,0.65,6,36,73,true,multi,64,64,0.0751861556,0.000100656541,0.0318706979,0.0474808542,0.0551821733,0.046388713,4.15327862e-06,4.15327862e-07,true,0.740257969,9.20722376,4163,-0.0575007196,e818c6384e9722b8ea6a04ecc13483e9331c522f,0ce3ba605bfa0bb6fcfc2a988437c850d45e3e63,LineGaussRegularization,2026-09-07 15:35:49,
R1,dji9443_20260813_23_73_capped_captess4.msh,8016,krylov_jacobi,56,0.0152777778,10.3184078,5.69090175,18,18,1,true,cold,0,-1,3,,,,jacobi cell_size=R/4,17,0.65,6,36,73,true,multi,64,64,0.0765522671,0.000102472219,0.032449803,0.0483435125,0.0561848093,0.0472315566,4.2287405e-06,4.2287405e-07,true,0.935355941,9.38305187,4246,-0.0605670385,e818c6384e9722b8ea6a04ecc13483e9331c522f,0ce3ba605bfa0bb6fcfc2a988437c850d45e3e63,LineGaussRegularization,2026-09-07 15:35:49,
R1,dji9443_20260813_23_73_capped_captess4.msh,8016,krylov_jacobi,57,0.0155555556,9.60520744,5.22512362,18,18,1,true,cold,0,-1,3,,,,jacobi cell_size=R/4,17,0.65,6,36,73,true,multi,64,64,0.0778639078,0.000104237209,0.0330057618,0.0491718735,0.05714747,0.0480408128,4.30119552e-06,4.30119552e-07,true,0.775611347,8.82959609,4323,-0.0633806529,e818c6384e9722b8ea6a04ecc13483e9331c522f,0ce3ba605bfa0bb6fcfc2a988437c850d45e3e63,LineGaussRegularization,2026-09-07 15:35:49,
R1,dji9443_20260813_23_73_capped_captess4.msh,8016,krylov_jacobi,58,0.0158333333,9.85897661,5.42360889,18,18,1,true,cold,0,-1,3,,,,jacobi cell_size=R/4,17,0.65,6,36,73,true,multi,64,64,0.0791182213,0.000105929759,0.033537514,0.0499639997,0.0580680856,0.0488147255,4.3704854e-06,4.3704854e-07,true,0.884362091,8.97461452,4404,-0.0659381898,e818c6384e9722b8ea6a04ecc13483e9331c522f,0ce3ba605bfa0bb6fcfc2a988437c850d45e3e63,LineGaussRegularization,2026-09-07 15:35:49,
R1,dji9443_20260813_23_73_capped_captess4.msh,8016,krylov_jacobi,59,0.0161111111,10.3988562,5.67166667,18,18,1,true,cold,0,-1,3,,,,jacobi cell_size=R/4,17,0.65,6,36,73,true,multi,64,64,0.0803123905,0.00010750404,0.0340436815,0.0507181487,0.0589444859,0.049551508,4.43645191e-06,4.43645191e-07,true,0.891415842,9.50744035,4482,-0.068215949,e818c6384e9722b8ea6a04ecc13483e9331c522f,0ce3ba605bfa0bb6fcfc2a988437c850d45e3e63,LineGaussRegularization,2026-09-07 15:35:49,
R1,dji9443_20260813_23_73_capped_captess4.msh,8016,krylov_jacobi,60,0.0163888889,10.183929,5.62612002,18,18,1,true,cold,0,-1,3,,,,jacobi cell_size=R/4,17,0.65,6,36,73,true,multi,64,64,0.0814435182,0.000109020614,0.0345231744,0.0514324529,0.059774753,0.0502494126,4.49893678e-06,4.49893678e-07,true,0.807101603,9.37682735,4563,-0.0702358629,e818c6384e9722b8ea6a04ecc13483e9331c522f,0ce3ba605bfa0bb6fcfc2a988437c850d45e3e63,LineGaussRegularization,2026-09-07 15:35:49,
R1,dji9443_20260813_23_73_capped_captess4.msh,8016,krylov_jacobi,61,0.0166666667,10.1363421,5.40729907,18,18,1,true,cold,0,-1,3,,,,jacobi cell_size=R/4,17,0.65,6,36,73,true,multi,64,64,0.0825088059,0.000110433918,0.0349747317,0.0521051528,0.0605565496,0.0509066679,4.55778175e-06,4.55778175e-07,true,0.878622182,9.2577199,4645,-0.0720162551,e818c6384e9722b8ea6a04ecc13483e9331c522f,0ce3ba605bfa0bb6fcfc2a988437c850d45e3e63,LineGaussRegularization,2026-09-07 15:35:49,
R1,dji9443_20260813_23_73_capped_captess4.msh,8016,krylov_jacobi,62,0.0169444444,9.95291035,5.16830964,18,18,1,true,cold,0,-1,3,,,,jacobi cell_size=R/4,17,0.65,6,36,73,true,multi,64,64,0.0835053208,0.000111754592,0.0353971225,0.0527344786,0.0612879671,0.0515214972,4.61282857e-06,4.61282857e-07,true,0.88240567,9.07050468,4726,-0.0735583205,e818c6384e9722b8ea6a04ecc13483e9331c522f,0ce3ba605bfa0bb6fcfc2a988437c850d45e3e63,LineGaussRegularization,2026-09-07 15:35:49,
R1,dji9443_20260813_23_73_capped_captess4.msh,8016,krylov_jacobi,63,0.0172222222,10.4831492,5.56833255,18,18,1,true,cold,0,-1,3,,,,jacobi cell_size=R/4,17,0.65,6,36,73,true,multi,64,64,0.0844302101,0.000113031738,0.0357891519,0.0533185707,0.06196678,0.0520921454,4.66391898e-06,4.66391898e-07,true,0.883871498,9.59927766,4809,-0.074873914,e818c6384e9722b8ea6a04ecc13483e9331c522f,0ce3ba605bfa0bb6fcfc2a988437c850d45e3e63,LineGaussRegularization,2026-09-07 15:35:49,
R1,dji9443_20260813_23_73_capped_captess4.msh,8016,krylov_jacobi,64,0.0175,10.7797292,5.1485323,18,18,1,true,cold,0,-1,3,,,,jacobi cell_size=R/4,17,0.65,6,36,73,true,multi,64,64,0.085280596,0.000114170148,0.0361496306,0.0538555993,0.0625908915,0.0526168227,4.71089473e-06,4.71089473e-07,true,0.786821227,9.99290802,4891,-0.0760003741,e818c6384e9722b8ea6a04ecc13483e9331c522f,0ce3ba605bfa0bb6fcfc2a988437c850d45e3e63,LineGaussRegularization,2026-09-07 15:35:49,
R1,dji9443_20260813_23_73_capped_captess4.msh,8016,krylov_jacobi,65,0.0177777778,11.2232921,5.7934745,18,18,1,true,cold,0,-1,3,,,,jacobi cell_size=R/4,17,0.65,6,36,73,true,multi,64,64,0.0860536822,0.000115186,0.0364773714,0.0543437647,0.0631582765,0.0530937792,4.75359756e-06,4.75359756e-07,true,0.801147551,10.4221445,4975,-0.0769768969,e818c6384e9722b8ea6a04ecc13483e9331c522f,0ce3ba605bfa0bb6fcfc2a988437c850d45e3e63,LineGaussRegularization,2026-09-07 15:35:49,
R1,dji9443_20260813_23_73_capped_captess4.msh,8016,krylov_jacobi,66,0.0180555556,8.45243297,5.33411798,18,18,1,true,cold,0,-1,3,,,,jacobi cell_size=R/4,17,0.65,6,36,73,true,multi,64,64,0.086746492,0.000116128216,0.0367710082,0.0547813107,0.0636667592,0.0535212337,4.79186921e-06,4.79186921e-07,true,0.762892317,7.68954065,5055,-0.0778452086,e818c6384e9722b8ea6a04ecc13483e9331c522f,0ce3ba605bfa0bb6fcfc2a988437c850d45e3e63,LineGaussRegularization,2026-09-07 15:35:49,
R1,dji9443_20260813_23_73_capped_captess4.msh,8016,krylov_jacobi,67,0.0183333333,8.26084357,5.60513212,18,18,1,true,cold,0,-1,3,,,,jacobi cell_size=R/4,17,0.65,6,36,73,true,multi,64,64,0.087356216,0.000116956063,0.0370295247,0.0551663788,0.0641142828,0.053897439,4.82555143e-06,4.82555143e-07,true,0.769625996,7.49121757,5133,-0.0786286446,e818c6384e9722b8ea6a04ecc13483e9331c522f,0ce3ba605bfa0bb6fcfc2a988437c850d45e3e63,LineGaussRegularization,2026-09-07 15:35:49,
R1,dji9443_20260813_23_73_capped_captess4.msh,8016,krylov_jacobi,68,0.0186111111,8.2727241,5.50783757,18,18,1,true,cold,0,-1,3,,,,jacobi cell_size=R/4,17,0.65,6,36,73,true,multi,64,64,0.0878799948,0.000117636352,0.0372515184,0.0554971731,0.0644986564,0.0542206056,4.85448595e-06,4.85448595e-07,true,0.760618259,7.51210584,5216,-0.0793399096,e818c6384e9722b8ea6a04ecc13483e9331c522f,0ce3ba605bfa0bb6fcfc2a988437c850d45e3e63,LineGaussRegularization,2026-09-07 15:35:49,
R1,dji9443_20260813_23_73_capped_captess4.msh,8016,krylov_jacobi,69,0.0188888889,8.48121167,5.50323364,18,18,1,true,cold,0,-1,3,,,,jacobi cell_size=R/4,17,0.65,6,36,73,true,multi,64,64,0.0883149505,0.00011821655,0.0374359117,0.0557718375,0.0648179821,0.0544889833,4.87851454e-06,4.87851454e-07,true,0.754464066,7.7267476,5297,-0.0799510491,e818c6384e9722b8ea6a04ecc13483e9331c522f,0ce3ba605bfa0bb6fcfc2a988437c850d45e3e63,LineGaussRegularization,2026-09-07 15:35:49,
R1,dji9443_20260813_23_73_capped_captess4.msh,8016,krylov_jacobi,70,0.0191666667,8.31737465,5.51928668,18,18,1,true,cold,0,-1,3,,,,jacobi cell_size=R/4,17,0.65,6,36,73,true,multi,64,64,0.0886582913,0.000118662633,0.0375814464,0.055988603,0.0650699043,0.0547008047,4.89747892e-06,4.89747892e-07,true,0.797602037,7.51977262,5378,-0.0804089393,e818c6384e9722b8ea6a04ecc13483e9331c522f,0ce3ba605bfa0bb6fcfc2a988437c850d45e3e63,LineGaussRegularization,2026-09-07 15:35:49,
R1,dji9443_20260813_23_73_capped_captess4.msh,8016,krylov_jacobi,71,0.0194444444,8.45380368,5.38316604,18,18,1,true,cold,0,-1,3,,,,jacobi cell_size=R/4,17,0.65,6,36,73,true,multi,64,64,0.0889070667,0.000118982791,0.0376868756,0.0561457271,0.0652525345,0.0548542955,4.91122084e-06,4.91122084e-07,true,0.922249535,7.53155414,5456,-0.0806542986,e818c6384e9722b8ea6a04ecc13483e9331c522f,0ce3ba605bfa0bb6fcfc2a988437c850d45e3e63,LineGaussRegularization,2026-09-07 15:35:49,
R1,dji9443_20260813_23_73_capped_captess4.msh,8016,krylov_jacobi,72,0.0197222222,8.29700456,5.41510609,18,18,1,true,cold,0,-1,3,,,,jacobi cell_size=R/4,17,0.65,6,36,73,true,multi,64,64,0.0890584466,0.000119227089,0.0377510156,0.0562413519,0.0653636248,0.0549476959,4.91958205e-06,4.91958205e-07,true,0.874380933,7.42262363,5534,-0.0806693861,e818c6384e9722b8ea6a04ecc13483e9331c522f,0ce3ba605bfa0bb6fcfc2a988437c850d45e3e63,LineGaussRegularization,2026-09-07 15:35:49,
R1,dji9443_20260813_23_73_capped_captess4.msh,8016,krylov_jacobi,73,0.02,8.86638272,5.22949542,18,18,1,true,cold,0,-1,3,5614,83241.5246,,jacobi cell_size=R/4,17,0.65,6,36,73,true,multi,64,64,0.0891095206,0.000119280162,0.0377726777,0.056273606,0.0654010946,0.0549792159,4.92240429e-06,4.92240429e-07,true,0.767515822,8.09886689,5614,-0.080419482,e818c6384e9722b8ea6a04ecc13483e9331c522f,0ce3ba605bfa0bb6fcfc2a988437c850d45e3e63,LineGaussRegularization,2026-09-07 15:35:49,
R1,dji9443_20260813_23_73_capped_captess4.msh,8016,krylov_jacobi,1,0,52.8358273,12.2097513,19,19,1,true,prev,0,-1,3,,,24.254549,jacobi cell_size=R/4,17,0.65,6,36,73,true,multi,64,64,9.35309949e-08,2.71959972e-13,7.11477241e-10,1.71458445e-09,3.07359797e-09,5.70494027e-09,1e-14,1e-15,false,1.04442861,51.7913987,0,0.0533282737,e818c6384e9722b8ea6a04ecc13483e9331c522f,0ce3ba605bfa0bb6fcfc2a988437c850d45e3e63,LineGaussRegularization,2026-09-07 15:49:04,"RHPC setup-only include; t_solve = solve_formulation! wall (incl. the per-step Dirichlet source-potential assembly inside solve!); t_step from maneuver! deltas; niter now recorded for FGS as well as Krylov (Phase 3); niter=-1 means a direct solve. niter is the LAST inner solve of the step (legacy diagnostic); niter_first is the FIRST and is the warmstart comparison metric; nsolves is the per-body solve count of the step (must be 1 for a one-body run; -1 = unavailable); solved is the AND of the step's inner convergence flags. Wake-developed averages should drop the first skip_steps rows. bcerr_* are order statistics of the per-panel Dirichlet BC residual |phi_sigma + G_mu x| from ONE bc_error! pass per step; bcerr_tol is THIS arm's own effective absolute acceptance level, so bcerr_max <= bcerr_tol is the arm's promise checked independently. The pass requests an absolute FMM error of bcerr_eps = BCERR_SAFETY * bcerr_tol, so the instrument is ~10x sharper than the acceptance level by construction; bcerr_certified=false means some M2L pair could not certify that bound and the row is UNCERTIFIED. The pass is EXCLUDED from t_solve, but NOT from t_step_total (it lies inside the maneuver!-to-maneuver! window); use t_step_net = t_step_total - t_bcerr for full-timestep share. Its own cost is t_bcerr (~62% of t_solve at R1 — it certifies to 10x below tol_abs, so the FMM climbs its order). BCERR_EVERY>1 subsamples it; skipped steps write EMPTY bcerr_* cells, never a fabricated value. n_particles and CT are per-step identity REPORTING, not assertions: the wake is chaotic, so small differences compound and exact trajectory identity is not expected. CT requires RUN_MONITORS=true (default under PHASE=phase3)."
R1,dji9443_20260813_23_73_capped_captess4.msh,8016,krylov_jacobi,2,0.000277777778,10.9060104,6.61897674,21,21,1,true,prev,0,-1,3,,,,jacobi cell_size=R/4,17,0.65,6,36,73,true,multi,64,64,5.10906791e-05,6.73766513e-08,2.16569869e-05,3.22644765e-05,3.74973829e-05,3.15223264e-05,2.82224753e-09,2.82224753e-10,false,0.813766107,10.0922442,0,0.0738110726,e818c6384e9722b8ea6a04ecc13483e9331c522f,0ce3ba605bfa0bb6fcfc2a988437c850d45e3e63,LineGaussRegularization,2026-09-07 15:49:05,
R1,dji9443_20260813_23_73_capped_captess4.msh,8016,krylov_jacobi,3,0.000555555556,9.85637159,6.22180206,21,21,1,true,prev,0,-1,3,,,,jacobi cell_size=R/4,17,0.65,6,36,73,true,multi,64,64,0.000202452177,2.71238601e-07,8.58177694e-05,0.000127848555,0.000148587873,0.000124909152,1.11834559e-08,1.11834559e-09,false,0.764269921,9.09210167,84,0.0913695249,e818c6384e9722b8ea6a04ecc13483e9331c522f,0ce3ba605bfa0bb6fcfc2a988437c850d45e3e63,LineGaussRegularization,2026-09-07 15:49:05,
R1,dji9443_20260813_23_73_capped_captess4.msh,8016,krylov_jacobi,4,0.000833333333,8.19839924,6.36386421,21,21,1,true,prev,0,-1,3,,,,jacobi cell_size=R/4,17,0.65,6,36,73,true,multi,64,64,0.000451220009,6.0510757e-07,0.00019126806,0.00028494965,0.000331168767,0.000278395759,2.49253789e-08,2.49253789e-09,false,0.864512966,7.33388628,168,0.100586394,e818c6384e9722b8ea6a04ecc13483e9331c522f,0ce3ba605bfa0bb6fcfc2a988437c850d45e3e63,LineGaussRegularization,2026-09-07 15:49:05,
R1,dji9443_20260813_23_73_capped_captess4.msh,8016,krylov_jacobi,5,0.00111111111,8.47524091,6.72980407,21,21,1,true,prev,0,-1,3,,,,jacobi cell_size=R/4,17,0.65,6,36,73,true,multi,64,64,0.000794529262,1.06331533e-06,0.000336794319,0.000501753158,0.0005831398,0.000490212337,4.38897601e-08,4.38897601e-09,false,0.771216631,7.70402428,249,0.105160608,e818c6384e9722b8ea6a04ecc13483e9331c522f,0ce3ba605bfa0bb6fcfc2a988437c850d45e3e63,LineGaussRegularization,2026-09-07 15:49:05,
R1,dji9443_20260813_23_73_capped_captess4.msh,8016,krylov_jacobi,6,0.00138888889,8.13874598,6.26872595,20,20,1,true,prev,0,-1,3,,,,jacobi cell_size=R/4,17,0.65,6,36,73,true,multi,64,64,0.00122951479,1.64584323e-06,0.000521180319,0.000776463586,0.000902392268,0.000758592543,6.79183432e-08,6.79183432e-09,false,0.803317819,7.33542816,329,0.107104956,e818c6384e9722b8ea6a04ecc13483e9331c522f,0ce3ba605bfa0bb6fcfc2a988437c850d45e3e63,LineGaussRegularization,2026-09-07 15:49:05,
R1,dji9443_20260813_23_73_capped_captess4.msh,8016,krylov_jacobi,7,0.00166666667,7.7460102,5.81604433,19,19,1,true,prev,0,-1,3,,,,jacobi cell_size=R/4,17,0.65,6,36,73,true,multi,64,64,0.0017533125,2.34607699e-06,0.000743213523,0.00110723449,0.00128682671,0.00108176639,9.68528719e-08,9.68528719e-09,false,0.769192724,6.97681748,408,0.107517362,e818c6384e9722b8ea6a04ecc13483e9331c522f,0ce3ba605bfa0bb6fcfc2a988437c850d45e3e63,LineGaussRegularization,2026-09-07 15:49:05,
R1,dji9443_20260813_23_73_capped_captess4.msh,8016,krylov_jacobi,8,0.00194444444,7.29666193,5.35622316,18,18,1,true,prev,0,-1,3,,,,jacobi cell_size=R/4,17,0.65,6,36,73,true,multi,64,64,0.00236305598,3.16402622e-06,0.00100167853,0.00149229332,0.00173434279,0.00145796955,1.3053509e-07,1.3053509e-08,false,0.751151943,6.54550999,491,0.107007626,e818c6384e9722b8ea6a04ecc13483e9331c522f,0ce3ba605bfa0bb6fcfc2a988437c850d45e3e63,LineGaussRegularization,2026-09-07 15:49:05,
R1,dji9443_20260813_23_73_capped_captess4.msh,8016,krylov_jacobi,9,0.00222222222,7.77740165,5.70019729,18,18,1,true,prev,0,-1,3,,,,jacobi cell_size=R/4,17,0.65,6,36,73,true,multi,64,64,0.00305588109,4.09242914e-06,0.00129535976,0.00192982241,0.00224283674,0.00188543221,1.68806741e-07,1.68806741e-08,false,0.787773656,6.989628,569,0.105904406,e818c6384e9722b8ea6a04ecc13483e9331c522f,0ce3ba605bfa0bb6fcfc2a988437c850d45e3e63,LineGaussRegularization,2026-09-07 15:49:05,
R1,dji9443_20260813_23_73_capped_captess4.msh,8016,krylov_jacobi,10,0.0025,7.6967709,5.24998809,18,18,1,true,prev,0,-1,3,,,,jacobi cell_size=R/4,17,0.65,6,36,73,true,multi,64,64,0.00382892256,5.12639561e-06,0.00162304459,0.00241801022,0.00281020374,0.00236238907,2.11509569e-07,2.11509569e-08,false,0.7389842,6.9577867,649,0.104390276,e818c6384e9722b8ea6a04ecc13483e9331c522f,0ce3ba605bfa0bb6fcfc2a988437c850d45e3e63,LineGaussRegularization,2026-09-07 15:49:05,
R1,dji9443_20260813_23_73_capped_captess4.msh,8016,krylov_jacobi,11,0.00277777778,8.02672374,5.93641763,18,18,1,true,prev,0,-1,3,,,,jacobi cell_size=R/4,17,0.65,6,36,73,true,multi,64,64,0.00467931963,6.26335111e-06,0.00198352204,0.00295503675,0.00343434286,0.00288706805,2.58485317e-07,2.58485317e-08,false,0.770441616,7.25628213,730,0.102560419,e818c6384e9722b8ea6a04ecc13483e9331c522f,0ce3ba605bfa0bb6fcfc2a988437c850d45e3e63,LineGaussRegularization,2026-09-07 15:49:05,
R1,dji9443_20260813_23_73_capped_captess4.msh,8016,krylov_jacobi,12,0.00305555556,7.88006877,5.71908697,19,19,1,true,prev,0,-1,3,,,,jacobi cell_size=R/4,17,0.65,6,36,73,true,multi,64,64,0.00560419941,7.503523e-06,0.00237557122,0.00353910872,0.00411314916,0.00345770488,3.09575729e-07,3.09575729e-08,false,0.854101269,7.0259675,810,0.100456191,e818c6384e9722b8ea6a04ecc13483e9331c522f,0ce3ba605bfa0bb6fcfc2a988437c850d45e3e63,LineGaussRegularization,2026-09-07 15:49:05,
R1,dji9443_20260813_23_73_capped_captess4.msh,8016,krylov_jacobi,13,0.00333333333,8.12767117,5.92173516,19,19,1,true,prev,0,-1,3,,,,jacobi cell_size=R/4,17,0.65,6,36,73,true,multi,64,64,0.00660070401,8.8370503e-06,0.00279797918,0.00416841414,0.00484452586,0.00407253361,3.64622549e-07,3.64622549e-08,true,0.834083225,7.29358795,891,0.0980784688,e818c6384e9722b8ea6a04ecc13483e9331c522f,0ce3ba605bfa0bb6fcfc2a988437c850d45e3e63,LineGaussRegularization,2026-09-07 15:49:05,
R1,dji9443_20260813_23_73_capped_captess4.msh,8016,krylov_jacobi,14,0.00361111111,8.62663726,5.92034559,19,19,1,true,prev,0,-1,3,,,,jacobi cell_size=R/4,17,0.65,6,36,73,true,multi,64,64,0.00766596641,1.02603658e-05,0.00324953598,0.004841141,0.00562636559,0.00472978355,4.2346752e-07,4.2346752e-08,true,0.788181794,7.83845546,972,0.0954106334,e818c6384e9722b8ea6a04ecc13483e9331c522f,0ce3ba605bfa0bb6fcfc2a988437c850d45e3e63,LineGaussRegularization,2026-09-07 15:49:05,
R1,dji9443_20260813_23_73_capped_captess4.msh,8016,krylov_jacobi,15,0.00388888889,8.12008938,5.91680685,19,19,1,true,prev,0,-1,3,,,,jacobi cell_size=R/4,17,0.65,6,36,73,true,multi,64,64,0.00879711917,1.17753586e-05,0.00372902191,0.00555547941,0.00645655972,0.00542768737,4.85952387e-07,4.85952387e-08,false,0.807499339,7.31259004,1050,0.0924116451,e818c6384e9722b8ea6a04ecc13483e9331c522f,0ce3ba605bfa0bb6fcfc2a988437c850d45e3e63,LineGaussRegularization,2026-09-07 15:49:05,
R1,dji9443_20260813_23_73_capped_captess4.msh,8016,krylov_jacobi,16,0.00416666667,7.8988341,5.75421447,19,19,1,true,prev,0,-1,3,,,,jacobi cell_size=R/4,17,0.65,6,36,73,true,multi,64,64,0.0099912998,1.3373766e-05,0.00423522313,0.00630961309,0.00733301996,0.00616447877,5.51918892e-07,5.51918892e-08,true,0.768855001,7.1299791,1126,0.0890360699,e818c6384e9722b8ea6a04ecc13483e9331c522f,0ce3ba605bfa0bb6fcfc2a988437c850d45e3e63,LineGaussRegularization,2026-09-07 15:49:05,
R1,dji9443_20260813_23_73_capped_captess4.msh,8016,krylov_jacobi,17,0.00444444444,7.8845995,5.74383998,19,19,1,true,prev,0,-1,3,,,,jacobi cell_size=R/4,17,0.65,6,36,73,true,multi,64,64,0.0112456429,1.50533337e-05,0.00476693191,0.00710174082,0.0082536337,0.00693838961,6.2120878e-07,6.2120878e-08,true,0.773249609,7.11134989,1204,0.0852340959,e818c6384e9722b8ea6a04ecc13483e9331c522f,0ce3ba605bfa0bb6fcfc2a988437c850d45e3e63,LineGaussRegularization,2026-09-07 15:49:05,
R1,dji9443_20260813_23_73_capped_captess4.msh,8016,krylov_jacobi,18,0.00472222222,8.18238755,5.97587979,19,19,1,true,prev,0,-1,3,,,,jacobi cell_size=R/4,17,0.65,6,36,73,true,multi,64,64,0.0125572742,1.68101871e-05,0.00532292894,0.00793006133,0.00921629988,0.00774765413,6.93663794e-07,6.93663794e-08,true,0.764500378,7.41788717,1283,0.0810049804,e818c6384e9722b8ea6a04ecc13483e9331c522f,0ce3ba605bfa0bb6fcfc2a988437c850d45e3e63,LineGaussRegularization,2026-09-07 15:49:05,
R1,dji9443_20260813_23_73_capped_captess4.msh,8016,krylov_jacobi,19,0.005,8.11202643,5.40197015,19,19,1,true,prev,0,-1,3,,,,jacobi cell_size=R/4,17,0.65,6,36,73,true,multi,64,64,0.0139233547,1.8639226e-05,0.00590199485,0.00879274863,0.0102189178,0.00859050135,7.69125678e-07,7.69125678e-08,true,0.743329135,7.36869729,1362,0.0764214178,e818c6384e9722b8ea6a04ecc13483e9331c522f,0ce3ba605bfa0bb6fcfc2a988437c850d45e3e63,LineGaussRegularization,2026-09-07 15:49:05,
R1,dji9443_20260813_23_73_capped_captess4.msh,8016,krylov_jacobi,20,0.00527777778,8.33587813,5.90393163,19,19,1,true,prev,0,-1,3,,,,jacobi cell_size=R/4,17,0.65,6,36,73,true,multi,64,64,0.0153410035,2.05391877e-05,0.0065029131,0.00968800364,0.0112593865,0.00946516462,8.47436176e-07,8.47436176e-08,true,0.762395909,7.57348223,1435,0.0716455532,e818c6384e9722b8ea6a04ecc13483e9331c522f,0ce3ba605bfa0bb6fcfc2a988437c850d45e3e63,LineGaussRegularization,2026-09-07 15:49:05,
R1,dji9443_20260813_23_73_capped_captess4.msh,8016,krylov_jacobi,21,0.00555555556,7.88080048,5.58162064,19,19,1,true,prev,0,-1,3,,,,jacobi cell_size=R/4,17,0.65,6,36,73,true,multi,64,64,0.0168073492,2.25048227e-05,0.00712448533,0.0106140194,0.0123355886,0.0103698762,9.28437031e-07,9.28437031e-08,true,0.756955803,7.12384467,1514,0.066896444,e818c6384e9722b8ea6a04ecc13483e9331c522f,0ce3ba605bfa0bb6fcfc2a988437c850d45e3e63,LineGaussRegularization,2026-09-07 15:49:05,
R1,dji9443_20260813_23_73_capped_captess4.msh,8016,krylov_jacobi,22,0.00583333333,8.18706521,5.76810554,19,19,1,true,prev,0,-1,3,,,,jacobi cell_size=R/4,17,0.65,6,36,73,true,multi,64,64,0.0183195268,2.45226773e-05,0.00776548317,0.0115689777,0.0134454491,0.01130287,1.01196999e-06,1.01196999e-07,true,0.843393713,7.3436715,1595,0.0623869506,e818c6384e9722b8ea6a04ecc13483e9331c522f,0ce3ba605bfa0bb6fcfc2a988437c850d45e3e63,LineGaussRegularization,2026-09-07 15:49:05,
R1,dji9443_20260813_23_73_capped_captess4.msh,8016,krylov_jacobi,23,0.00611111111,8.42109238,5.96651086,19,19,1,true,prev,0,-1,3,,,,jacobi cell_size=R/4,17,0.65,6,36,73,true,multi,64,64,0.019874688,2.66048062e-05,0.00842470929,0.0125510696,0.0145868416,0.0122623775,1.09787679e-06,1.09787679e-07,true,0.923817137,7.49727524,1675,0.0582300582,e818c6384e9722b8ea6a04ecc13483e9331c522f,0ce3ba605bfa0bb6fcfc2a988437c850d45e3e63,LineGaussRegularization,2026-09-07 15:49:05,
R1,dji9443_20260813_23_73_capped_captess4.msh,8016,krylov_jacobi,24,0.00638888889,8.36337381,5.90783056,19,19,1,true,prev,0,-1,3,,,,jacobi cell_size=R/4,17,0.65,6,36,73,true,multi,64,64,0.0214699588,2.87369838e-05,0.00910092855,0.0135585023,0.0157576598,0.0132466328,1.18599918e-06,1.18599918e-07,true,0.77324225,7.59013156,1755,0.0544383906,e818c6384e9722b8ea6a04ecc13483e9331c522f,0ce3ba605bfa0bb6fcfc2a988437c850d45e3e63,LineGaussRegularization,2026-09-07 15:49:05,
R1,dji9443_20260813_23_73_capped_captess4.msh,8016,krylov_jacobi,25,0.00666666667,9.11370527,5.78185423,19,19,1,true,prev,0,-1,3,,,,jacobi cell_size=R/4,17,0.65,6,36,73,true,multi,64,64,0.023102458,3.09240541e-05,0.00979292944,0.0145894293,0.0169558365,0.0142538607,1.2761789e-06,1.2761789e-07,true,0.776036246,8.33766903,1836,0.0509463597,e818c6384e9722b8ea6a04ecc13483e9331c522f,0ce3ba605bfa0bb6fcfc2a988437c850d45e3e63,LineGaussRegularization,2026-09-07 15:49:05,
R1,dji9443_20260813_23_73_capped_captess4.msh,8016,krylov_jacobi,26,0.00694444444,8.07319799,5.70304282,19,19,1,true,prev,0,-1,3,,,,jacobi cell_size=R/4,17,0.65,6,36,73,true,multi,64,64,0.0247693528,3.31500746e-05,0.0104995076,0.0156421038,0.0181792229,0.0152823097,1.36825769e-06,1.36825769e-07,true,0.779206312,7.29399168,1917,0.0476653749,e818c6384e9722b8ea6a04ecc13483e9331c522f,0ce3ba605bfa0bb6fcfc2a988437c850d45e3e63,LineGaussRegularization,2026-09-07 15:49:05,
R1,dji9443_20260813_23_73_capped_captess4.msh,8016,krylov_jacobi,27,0.00722222222,8.29212502,5.97543406,19,19,1,true,prev,0,-1,3,,,,jacobi cell_size=R/4,17,0.65,6,36,73,true,multi,64,64,0.0264677245,3.54230463e-05,0.0112194572,0.0167146655,0.0194257507,0.0163301993,1.46207731e-06,1.46207731e-07,true,0.764414341,7.52771068,1995,0.0445059934,e818c6384e9722b8ea6a04ecc13483e9331c522f,0ce3ba605bfa0bb6fcfc2a988437c850d45e3e63,LineGaussRegularization,2026-09-07 15:49:05,
R1,dji9443_20260813_23_73_capped_captess4.msh,8016,krylov_jacobi,28,0.0075,8.24667246,5.22256765,18,18,1,true,prev,0,-1,3,,,,jacobi cell_size=R/4,17,0.65,6,36,73,true,multi,64,64,0.0281948044,3.77456335e-05,0.0119515367,0.0178053191,0.0206933034,0.0173957647,1.55747949e-06,1.55747949e-07,true,0.821874087,7.42479838,2073,0.0413816338,e818c6384e9722b8ea6a04ecc13483e9331c522f,0ce3ba605bfa0bb6fcfc2a988437c850d45e3e63,LineGaussRegularization,2026-09-07 15:49:05,
R1,dji9443_20260813_23_73_capped_captess4.msh,8016,krylov_jacobi,29,0.00777777778,8.50983048,5.84401452,18,18,1,true,prev,0,-1,3,,,,jacobi cell_size=R/4,17,0.65,6,36,73,true,multi,64,64,0.0299476349,4.00944609e-05,0.0126945497,0.0189122597,0.0219797865,0.0184772394,1.65430597e-06,1.65430597e-07,true,0.913675164,7.59615531,2153,0.0382184225,e818c6384e9722b8ea6a04ecc13483e9331c522f,0ce3ba605bfa0bb6fcfc2a988437c850d45e3e63,LineGaussRegularization,2026-09-07 15:49:05,
R1,dji9443_20260813_23_73_capped_captess4.msh,8016,krylov_jacobi,30,0.00805555556,7.74186485,5.29544728,18,18,1,true,prev,0,-1,3,,,,jacobi cell_size=R/4,17,0.65,6,36,73,true,multi,64,64,0.0317233778,4.246847e-05,0.0134472682,0.0200336517,0.0232830801,0.0195728457,1.75239851e-06,1.75239851e-07,true,0.742853336,6.99901151,2234,0.034945245,e818c6384e9722b8ea6a04ecc13483e9331c522f,0ce3ba605bfa0bb6fcfc2a988437c850d45e3e63,LineGaussRegularization,2026-09-07 15:49:05,
R1,dji9443_20260813_23_73_capped_captess4.msh,8016,krylov_jacobi,31,0.00833333333,8.37152322,5.82568782,19,19,1,true,prev,0,-1,3,,,,jacobi cell_size=R/4,17,0.65,6,36,73,true,multi,64,64,0.033519197,4.48705887e-05,0.0142084824,0.0211677307,0.0246010931,0.020680832,1.85159884e-06,1.85159884e-07,true,0.747362679,7.62416054,2311,0.0314805463,e818c6384e9722b8ea6a04ecc13483e9331c522f,0ce3ba605bfa0bb6fcfc2a988437c850d45e3e63,LineGaussRegularization,2026-09-07 15:49:05,
R1,dji9443_20260813_23_73_capped_captess4.msh,8016,krylov_jacobi,32,0.00861111111,8.38357458,5.79836648,19,19,1,true,prev,0,-1,3,,,,jacobi cell_size=R/4,17,0.65,6,36,73,true,multi,64,64,0.0353322027,4.72796178e-05,0.0149770152,0.022312638,0.0259317166,0.0217994242,1.95174871e-06,1.95174871e-07,true,0.770046718,7.61352787,2389,0.0277284183,e818c6384e9722b8ea6a04ecc13483e9331c522f,0ce3ba605bfa0bb6fcfc2a988437c850d45e3e63,LineGaussRegularization,2026-09-07 15:49:05,
R1,dji9443_20260813_23_73_capped_captess4.msh,8016,krylov_jacobi,33,0.00888888889,8.53225785,5.81102654,19,19,1,true,prev,0,-1,3,,,,jacobi cell_size=R/4,17,0.65,6,36,73,true,multi,64,64,0.0371595451,4.97466223e-05,0.0157516097,0.0234666318,0.0272728702,0.0229268615,2.05268986e-06,2.05268986e-07,true,0.850085415,7.68217244,2469,0.023612578,e818c6384e9722b8ea6a04ecc13483e9331c522f,0ce3ba605bfa0bb6fcfc2a988437c850d45e3e63,LineGaussRegularization,2026-09-07 15:49:05,
R1,dji9443_20260813_23_73_capped_captess4.msh,8016,krylov_jacobi,34,0.00916666667,8.57648798,5.70564849,19,19,1,true,prev,0,-1,3,,,,jacobi cell_size=R/4,17,0.65,6,36,73,true,multi,64,64,0.0389983052,5.21984441e-05,0.0165310399,0.0246278142,0.0286224366,0.0240613501,2.15426403e-06,2.15426403e-07,true,0.954975769,7.62151221,2541,0.0191008345,e818c6384e9722b8ea6a04ecc13483e9331c522f,0ce3ba605bfa0bb6fcfc2a988437c850d45e3e63,LineGaussRegularization,2026-09-07 15:49:05,
R1,dji9443_20260813_23_73_capped_captess4.msh,8016,krylov_jacobi,35,0.00944444444,8.34993334,5.56235112,19,19,1,true,prev,0,-1,3,,,,jacobi cell_size=R/4,17,0.65,6,36,73,true,multi,64,64,0.0408456747,5.46716476e-05,0.0173141129,0.0257945296,0.0299782943,0.0252011805,2.25631298e-06,2.25631298e-07,true,0.844372386,7.50556095,2619,0.0142350962,e818c6384e9722b8ea6a04ecc13483e9331c522f,0ce3ba605bfa0bb6fcfc2a988437c850d45e3e63,LineGaussRegularization,2026-09-07 15:49:05,
R1,dji9443_20260813_23_73_capped_captess4.msh,8016,krylov_jacobi,36,0.00972222222,8.73765567,5.78873144,19,19,1,true,prev,0,-1,3,,,,jacobi cell_size=R/4,17,0.65,6,36,73,true,multi,64,64,0.0426987801,5.71462846e-05,0.01809965,0.0269647771,0.0313383825,0.026344507,2.35867844e-06,2.35867844e-07,true,0.846021378,7.8916343,2692,0.00913078287,e818c6384e9722b8ea6a04ecc13483e9331c522f,0ce3ba605bfa0bb6fcfc2a988437c850d45e3e63,LineGaussRegularization,2026-09-07 15:49:05,
R1,dji9443_20260813_23_73_capped_captess4.msh,8016,krylov_jacobi,37,0.01,8.8164033,5.43119869,19,19,1,true,prev,0,-1,3,,,,jacobi cell_size=R/4,17,0.65,6,36,73,true,multi,64,64,0.0445547322,5.96410234e-05,0.0188863601,0.0281367918,0.032700546,0.0274896028,2.46120215e-06,2.46120215e-07,true,0.812079439,8.00432386,2765,0.00394338456,e818c6384e9722b8ea6a04ecc13483e9331c522f,0ce3ba605bfa0bb6fcfc2a988437c850d45e3e63,LineGaussRegularization,2026-09-07 15:49:05,
R1,dji9443_20260813_23_73_capped_captess4.msh,8016,krylov_jacobi,38,0.0102777778,9.0167403,6.02244489,19,19,1,true,prev,0,-1,3,,,,jacobi cell_size=R/4,17,0.65,6,36,73,true,multi,64,64,0.0464107019,6.21413071e-05,0.019673069,0.0293088584,0.0340626909,0.0286347034,2.56372586e-06,2.56372586e-07,true,0.760590557,8.25614974,2845,-0.00115235303,e818c6384e9722b8ea6a04ecc13483e9331c522f,0ce3ba605bfa0bb6fcfc2a988437c850d45e3e63,LineGaussRegularization,2026-09-07 15:49:05,
R1,dji9443_20260813_23_73_capped_captess4.msh,8016,krylov_jacobi,39,0.0105555556,8.59448604,5.62938872,19,19,1,true,prev,0,-1,3,,,,jacobi cell_size=R/4,17,0.65,6,36,73,true,multi,64,64,0.0482638545,6.46389743e-05,0.020458613,0.0304791207,0.0354227853,0.0297780481,2.66609132e-06,2.66609132e-07,true,0.752111524,7.84237451,2919,-0.00597278356,e818c6384e9722b8ea6a04ecc13483e9331c522f,0ce3ba605bfa0bb6fcfc2a988437c850d45e3e63,LineGaussRegularization,2026-09-07 15:49:05,
R1,dji9443_20260813_23_73_capped_captess4.msh,8016,krylov_jacobi,40,0.0108333333,8.92138773,5.77341831,19,19,1,true,prev,0,-1,3,,,,jacobi cell_size=R/4,17,0.65,6,36,73,true,multi,64,64,0.0501112084,6.70602757e-05,0.0212417116,0.0316457611,0.0367786475,0.0309178495,2.76814026e-06,2.76814026e-07,true,0.838087621,8.08330011,2992,-0.0103840788,e818c6384e9722b8ea6a04ecc13483e9331c522f,0ce3ba605bfa0bb6fcfc2a988437c850d45e3e63,LineGaussRegularization,2026-09-07 15:49:05,
R1,dji9443_20260813_23_73_capped_captess4.msh,8016,krylov_jacobi,41,0.0111111111,9.12656497,6.00587951,19,19,1,true,prev,0,-1,3,,,,jacobi cell_size=R/4,17,0.65,6,36,73,true,multi,64,64,0.0519499845,6.95409143e-05,0.0220211295,0.0328069624,0.0381281779,0.0320523422,2.86971444e-06,2.86971444e-07,true,0.777729861,8.34883511,3067,-0.0143183985,e818c6384e9722b8ea6a04ecc13483e9331c522f,0ce3ba605bfa0bb6fcfc2a988437c850d45e3e63,LineGaussRegularization,2026-09-07 15:49:05,
R1,dji9443_20260813_23_73_capped_captess4.msh,8016,krylov_jacobi,42,0.0113888889,9.03151261,5.9017234,19,19,1,true,prev,0,-1,3,,,,jacobi cell_size=R/4,17,0.65,6,36,73,true,multi,64,64,0.0537773119,7.1992632e-05,0.0227957247,0.0339609293,0.0394693589,0.0331797762,2.97065559e-06,2.97065559e-07,true,0.757296451,8.27421616,3145,-0.0177846712,e818c6384e9722b8ea6a04ecc13483e9331c522f,0ce3ba605bfa0bb6fcfc2a988437c850d45e3e63,LineGaussRegularization,2026-09-07 15:49:05,
R1,dji9443_20260813_23_73_capped_captess4.msh,8016,krylov_jacobi,43,0.0116666667,9.05839419,5.67795688,19,19,1,true,prev,0,-1,3,,,,jacobi cell_size=R/4,17,0.65,6,36,73,true,multi,64,64,0.0555902962,7.44136387e-05,0.0235642398,0.0351058389,0.0407999784,0.0342983648,3.07080546e-06,3.07080546e-07,true,0.850946411,8.20744778,3220,-0.020847395,e818c6384e9722b8ea6a04ecc13483e9331c522f,0ce3ba605bfa0bb6fcfc2a988437c850d45e3e63,LineGaussRegularization,2026-09-07 15:49:05,
R1,dji9443_20260813_23_73_capped_captess4.msh,8016,krylov_jacobi,44,0.0119444444,8.85693454,5.46153335,18,18,1,true,prev,0,-1,3,,,,jacobi cell_size=R/4,17,0.65,6,36,73,true,multi,64,64,0.0573861172,7.68043549e-05,0.0243254564,0.0362399507,0.042118016,0.0354063605,3.17000579e-06,3.17000579e-07,true,0.855270265,8.00166427,3296,-0.0236089919,e818c6384e9722b8ea6a04ecc13483e9331c522f,0ce3ba605bfa0bb6fcfc2a988437c850d45e3e63,LineGaussRegularization,2026-09-07 15:49:05,
R1,dji9443_20260813_23_73_capped_captess4.msh,8016,krylov_jacobi,45,0.0122222222,8.98587349,5.71717959,18,18,1,true,prev,0,-1,3,,,,jacobi cell_size=R/4,17,0.65,6,36,73,true,multi,64,64,0.0591618608,7.92113502e-05,0.0250781743,0.037361367,0.0434213156,0.0365019828,3.26809832e-06,3.26809832e-07,true,0.759761598,8.22611189,3370,-0.0261928067,e818c6384e9722b8ea6a04ecc13483e9331c522f,0ce3ba605bfa0bb6fcfc2a988437c850d45e3e63,LineGaussRegularization,2026-09-07 15:49:05,
R1,dji9443_20260813_23_73_capped_captess4.msh,8016,krylov_jacobi,46,0.0125,9.37773217,5.21361437,18,18,1,true,prev,0,-1,3,,,,jacobi cell_size=R/4,17,0.65,6,36,73,true,multi,64,64,0.0609147031,8.15596593e-05,0.0258211905,0.0384682796,0.0447077764,0.0375834473,3.36492481e-06,3.36492481e-07,true,0.741662799,8.63606937,3450,-0.0287294215,e818c6384e9722b8ea6a04ecc13483e9331c522f,0ce3ba605bfa0bb6fcfc2a988437c850d45e3e63,LineGaussRegularization,2026-09-07 15:49:05,
R1,dji9443_20260813_23_73_capped_captess4.msh,8016,krylov_jacobi,47,0.0127777778,9.93118631,6.0783568,19,19,1,true,prev,0,-1,3,,,,jacobi cell_size=R/4,17,0.65,6,36,73,true,multi,64,64,0.062641773,8.38590819e-05,0.0265532823,0.0395589128,0.0459753603,0.0386490109,3.46032699e-06,3.46032699e-07,true,0.889077607,9.0421087,3526,-0.0313334695,e818c6384e9722b8ea6a04ecc13483e9331c522f,0ce3ba605bfa0bb6fcfc2a988437c850d45e3e63,LineGaussRegularization,2026-09-07 15:49:05,
R1,dji9443_20260813_23_73_capped_captess4.msh,8016,krylov_jacobi,48,0.0130555556,9.29529475,5.77947272,19,19,1,true,prev,0,-1,3,,,,jacobi cell_size=R/4,17,0.65,6,36,73,true,multi,64,64,0.0643401957,8.61246948e-05,0.0272732031,0.04063151,0.0472218607,0.0396968938,3.5541466e-06,3.5541466e-07,true,0.76899041,8.52630434,3605,-0.0340913307,e818c6384e9722b8ea6a04ecc13483e9331c522f,0ce3ba605bfa0bb6fcfc2a988437c850d45e3e63,LineGaussRegularization,2026-09-07 15:49:05,
R1,dji9443_20260813_23_73_capped_captess4.msh,8016,krylov_jacobi,49,0.0133333333,9.43155698,5.80416874,19,19,1,true,prev,0,-1,3,,,,jacobi cell_size=R/4,17,0.65,6,36,73,true,multi,64,64,0.066007062,8.83780777e-05,0.0279798389,0.0416841636,0.0484452508,0.0407253405,3.6462254e-06,3.6462254e-07,true,0.753662664,8.67789432,3680,-0.0370567647,e818c6384e9722b8ea6a04ecc13483e9331c522f,0ce3ba605bfa0bb6fcfc2a988437c850d45e3e63,LineGaussRegularization,2026-09-07 15:49:05,
R1,dji9443_20260813_23_73_capped_captess4.msh,8016,krylov_jacobi,50,0.0136111111,9.61554968,5.73447149,19,19,1,true,prev,0,-1,3,,,,jacobi cell_size=R/4,17,0.65,6,36,73,true,multi,64,64,0.0676395543,9.05445057e-05,0.0286718042,0.0427150985,0.0496433844,0.0417325628,3.73640512e-06,3.73640512e-07,true,0.915678199,8.69987148,3762,-0.0402483463,e818c6384e9722b8ea6a04ecc13483e9331c522f,0ce3ba605bfa0bb6fcfc2a988437c850d45e3e63,LineGaussRegularization,2026-09-07 15:49:05,
R1,dji9443_20260813_23_73_capped_captess4.msh,8016,krylov_jacobi,51,0.0138888889,9.89440905,5.8845206,19,19,1,true,prev,0,-1,3,,,,jacobi cell_size=R/4,17,0.65,6,36,73,true,multi,64,64,0.0692347782,9.26769952e-05,0.0293480277,0.0437225176,0.0508142511,0.0427168205,3.82452751e-06,3.82452751e-07,true,0.85686214,9.03754691,3839,-0.0436439465,e818c6384e9722b8ea6a04ecc13483e9331c522f,0ce3ba605bfa0bb6fcfc2a988437c850d45e3e63,LineGaussRegularization,2026-09-07 15:49:05,
R1,dji9443_20260813_23_73_capped_captess4.msh,8016,krylov_jacobi,52,0.0141666667,9.67963974,5.6588535,19,19,1,true,prev,0,-1,3,,,,jacobi cell_size=R/4,17,0.65,6,36,73,true,multi,64,64,0.0707899593,9.47555199e-05,0.0300072465,0.0447045796,0.0519556351,0.0436763279,3.91043431e-06,3.91043431e-07,true,0.864912325,8.81472742,3918,-0.0471717519,e818c6384e9722b8ea6a04ecc13483e9331c522f,0ce3ba605bfa0bb6fcfc2a988437c850d45e3e63,LineGaussRegularization,2026-09-07 15:49:05,
R1,dji9443_20260813_23_73_capped_captess4.msh,8016,krylov_jacobi,53,0.0144444444,9.561794,5.60022689,19,19,1,true,prev,0,-1,3,,,,jacobi cell_size=R/4,17,0.65,6,36,73,true,multi,64,64,0.072302165,9.6770464e-05,0.0306482338,0.0456595633,0.0530655127,0.0446093264,3.99396727e-06,3.99396727e-07,true,0.759180625,8.80261338,4000,-0.0507260697,e818c6384e9722b8ea6a04ecc13483e9331c522f,0ce3ba605bfa0bb6fcfc2a988437c850d45e3e63,LineGaussRegularization,2026-09-07 15:49:05,
R1,dji9443_20260813_23_73_capped_captess4.msh,8016,krylov_jacobi,54,0.0147222222,9.88075538,5.82625117,19,19,1,true,prev,0,-1,3,,,,jacobi cell_size=R/4,17,0.65,6,36,73,true,multi,64,64,0.0737685118,9.87655903e-05,0.0312697887,0.0465855892,0.05414173,0.045514049,4.07496812e-06,4.07496812e-07,true,0.76952649,9.11122889,4082,-0.0542020171,e818c6384e9722b8ea6a04ecc13483e9331c522f,0ce3ba605bfa0bb6fcfc2a988437c850d45e3e63,LineGaussRegularization,2026-09-07 15:49:05,
R1,dji9443_20260813_23_73_capped_captess4.msh,8016,krylov_jacobi,55,0.015,10.0149523,5.34094245,19,19,1,true,prev,0,-1,3,,,,jacobi cell_size=R/4,17,0.65,6,36,73,true,multi,64,64,0.07518615,0.000100662764,0.0318707192,0.0474808538,0.0551821731,0.0463887135,4.15327862e-06,4.15327862e-07,true,0.734825135,9.28012718,4163,-0.0575012063,e818c6384e9722b8ea6a04ecc13483e9331c522f,0ce3ba605bfa0bb6fcfc2a988437c850d45e3e63,LineGaussRegularization,2026-09-07 15:49:05,
R1,dji9443_20260813_23_73_capped_captess4.msh,8016,krylov_jacobi,56,0.0152777778,10.2836605,5.93334188,19,19,1,true,prev,0,-1,3,,,,jacobi cell_size=R/4,17,0.65,6,36,73,true,multi,64,64,0.0765522611,0.000102478799,0.0324498256,0.0483435121,0.0561848091,0.0472315571,4.2287405e-06,4.2287405e-07,true,0.745949885,9.53771062,4246,-0.0605676267,e818c6384e9722b8ea6a04ecc13483e9331c522f,0ce3ba605bfa0bb6fcfc2a988437c850d45e3e63,LineGaussRegularization,2026-09-07 15:49:05,
R1,dji9443_20260813_23_73_capped_captess4.msh,8016,krylov_jacobi,57,0.0155555556,9.91735737,5.52199397,19,19,1,true,prev,0,-1,3,,,,jacobi cell_size=R/4,17,0.65,6,36,73,true,multi,64,64,0.0778639014,0.000104244071,0.0330057853,0.0491718731,0.05714747,0.0480408133,4.30119552e-06,4.30119552e-07,true,0.75261817,9.1647392,4323,-0.0633812331,e818c6384e9722b8ea6a04ecc13483e9331c522f,0ce3ba605bfa0bb6fcfc2a988437c850d45e3e63,LineGaussRegularization,2026-09-07 15:49:05,
R1,dji9443_20260813_23_73_capped_captess4.msh,8016,krylov_jacobi,58,0.0158333333,10.1496756,5.74706018,19,19,1,true,prev,0,-1,3,,,,jacobi cell_size=R/4,17,0.65,6,36,73,true,multi,64,64,0.0791182145,0.000105937177,0.0335375382,0.0499639993,0.0580680857,0.048814726,4.3704854e-06,4.3704854e-07,true,0.842179145,9.30749648,4404,-0.0659385548,e818c6384e9722b8ea6a04ecc13483e9331c522f,0ce3ba605bfa0bb6fcfc2a988437c850d45e3e63,LineGaussRegularization,2026-09-07 15:49:05,
R1,dji9443_20260813_23_73_capped_captess4.msh,8016,krylov_jacobi,59,0.0161111111,10.1568606,5.72920334,18,18,1,true,prev,0,-1,3,,,,jacobi cell_size=R/4,17,0.65,6,36,73,true,multi,64,64,0.0803123836,0.000107511548,0.0340437055,0.0507181483,0.0589444861,0.0495515085,4.43645191e-06,4.43645191e-07,true,0.765987462,9.39087316,4482,-0.068216137,e818c6384e9722b8ea6a04ecc13483e9331c522f,0ce3ba605bfa0bb6fcfc2a988437c850d45e3e63,LineGaussRegularization,2026-09-07 15:49:05,
R1,dji9443_20260813_23_73_capped_captess4.msh,8016,krylov_jacobi,60,0.0163888889,10.342772,5.61549411,18,18,1,true,prev,0,-1,3,,,,jacobi cell_size=R/4,17,0.65,6,36,73,true,multi,64,64,0.0814435111,0.000109028862,0.0345231989,0.0514324526,0.0597747533,0.050249413,4.49893678e-06,4.49893678e-07,true,0.874466529,9.4683055,4563,-0.0702358605,e818c6384e9722b8ea6a04ecc13483e9331c522f,0ce3ba605bfa0bb6fcfc2a988437c850d45e3e63,LineGaussRegularization,2026-09-07 15:49:05,
R1,dji9443_20260813_23_73_capped_captess4.msh,8016,krylov_jacobi,61,0.0166666667,10.1433141,5.57001069,18,18,1,true,prev,0,-1,3,,,,jacobi cell_size=R/4,17,0.65,6,36,73,true,multi,64,64,0.0825087984,0.000110442532,0.0349747568,0.0521051524,0.0605565528,0.0509066684,4.55778175e-06,4.55778175e-07,true,0.840655659,9.30265847,4645,-0.0720159611,e818c6384e9722b8ea6a04ecc13483e9331c522f,0ce3ba605bfa0bb6fcfc2a988437c850d45e3e63,LineGaussRegularization,2026-09-07 15:49:05,
R1,dji9443_20260813_23_73_capped_captess4.msh,8016,krylov_jacobi,62,0.0169444444,10.0692164,5.38179087,18,18,1,true,prev,0,-1,3,,,,jacobi cell_size=R/4,17,0.65,6,36,73,true,multi,64,64,0.0835053131,0.000111763952,0.035397148,0.0527344782,0.0612879675,0.0515214977,4.61282857e-06,4.61282857e-07,true,0.754859988,9.3143564,4726,-0.0735577157,e818c6384e9722b8ea6a04ecc13483e9331c522f,0ce3ba605bfa0bb6fcfc2a988437c850d45e3e63,LineGaussRegularization,2026-09-07 15:49:05,
R1,dji9443_20260813_23_73_capped_captess4.msh,8016,krylov_jacobi,63,0.0172222222,10.4646725,5.63750441,18,18,1,true,prev,0,-1,3,,,,jacobi cell_size=R/4,17,0.65,6,36,73,true,multi,64,64,0.0844302021,0.00011304156,0.0357891779,0.0533185703,0.0619667805,0.0520921459,4.66391898e-06,4.66391898e-07,true,0.869522057,9.59515042,4809,-0.0748729773,e818c6384e9722b8ea6a04ecc13483e9331c522f,0ce3ba605bfa0bb6fcfc2a988437c850d45e3e63,LineGaussRegularization,2026-09-07 15:49:05,
R1,dji9443_20260813_23_73_capped_captess4.msh,8016,krylov_jacobi,64,0.0175,10.6869102,5.32178676,18,18,1,true,prev,0,-1,3,,,,jacobi cell_size=R/4,17,0.65,6,36,73,true,multi,64,64,0.0852805878,0.000114180428,0.0361496571,0.0538555989,0.062590892,0.0526168232,4.71089473e-06,4.71089473e-07,true,0.744609954,9.94230029,4891,-0.0759990532,e818c6384e9722b8ea6a04ecc13483e9331c522f,0ce3ba605bfa0bb6fcfc2a988437c850d45e3e63,LineGaussRegularization,2026-09-07 15:49:05,
R1,dji9443_20260813_23_73_capped_captess4.msh,8016,krylov_jacobi,65,0.0177777778,11.2100359,5.84858638,18,18,1,true,prev,0,-1,3,,,,jacobi cell_size=R/4,17,0.65,6,36,73,true,multi,64,64,0.0860536737,0.00011519668,0.0364773983,0.0543437643,0.063158277,0.0530937797,4.75359756e-06,4.75359756e-07,true,0.766286776,10.4437491,4975,-0.0769750058,e818c6384e9722b8ea6a04ecc13483e9331c522f,0ce3ba605bfa0bb6fcfc2a988437c850d45e3e63,LineGaussRegularization,2026-09-07 15:49:05,
R1,dji9443_20260813_23_73_capped_captess4.msh,8016,krylov_jacobi,66,0.0180555556,8.56007896,5.50050676,18,18,1,true,prev,0,-1,3,,,,jacobi cell_size=R/4,17,0.65,6,36,73,true,multi,64,64,0.0867464834,0.000116139229,0.0367710354,0.0547813102,0.0636667598,0.0535212342,4.79186921e-06,4.79186921e-07,true,0.765435212,7.79464375,5055,-0.0778431183,e818c6384e9722b8ea6a04ecc13483e9331c522f,0ce3ba605bfa0bb6fcfc2a988437c850d45e3e63,LineGaussRegularization,2026-09-07 15:49:05,
R1,dji9443_20260813_23_73_capped_captess4.msh,8016,krylov_jacobi,67,0.0183333333,8.32328054,5.55378386,18,18,1,true,prev,0,-1,3,,,,jacobi cell_size=R/4,17,0.65,6,36,73,true,multi,64,64,0.0873562072,0.000116967369,0.0370295522,0.0551663783,0.0641142835,0.0538974395,4.82555143e-06,4.82555143e-07,true,0.893039645,7.4302409,5133,-0.078626484,e818c6384e9722b8ea6a04ecc13483e9331c522f,0ce3ba605bfa0bb6fcfc2a988437c850d45e3e63,LineGaussRegularization,2026-09-07 15:49:05,
R1,dji9443_20260813_23_73_capped_captess4.msh,8016,krylov_jacobi,68,0.0186111111,8.36325113,5.50399129,18,18,1,true,prev,0,-1,3,,,,jacobi cell_size=R/4,17,0.65,6,36,73,true,multi,64,64,0.0878799859,0.000117647926,0.0372515462,0.0554971727,0.0644986571,0.0542206061,4.85448595e-06,4.85448595e-07,true,0.762726417,7.60052472,5216,-0.0793378822,e818c6384e9722b8ea6a04ecc13483e9331c522f,0ce3ba605bfa0bb6fcfc2a988437c850d45e3e63,LineGaussRegularization,2026-09-07 15:49:05,
R1,dji9443_20260813_23_73_capped_captess4.msh,8016,krylov_jacobi,69,0.0188888889,8.47137345,5.54564847,18,18,1,true,prev,0,-1,3,,,,jacobi cell_size=R/4,17,0.65,6,36,73,true,multi,64,64,0.0883149414,0.000118228356,0.0374359397,0.055771837,0.0648179828,0.0544889838,4.87851454e-06,4.87851454e-07,true,0.852074765,7.61929869,5297,-0.079949092,e818c6384e9722b8ea6a04ecc13483e9331c522f,0ce3ba605bfa0bb6fcfc2a988437c850d45e3e63,LineGaussRegularization,2026-09-07 15:49:05,
R1,dji9443_20260813_23_73_capped_captess4.msh,8016,krylov_jacobi,70,0.0191666667,8.40977187,5.27268836,17,17,1,true,prev,0,-1,3,,,,jacobi cell_size=R/4,17,0.65,6,36,73,true,multi,64,64,0.0886582822,0.00011867443,0.0375814746,0.0559886025,0.0650699049,0.0547008052,4.89747892e-06,4.89747892e-07,true,0.758488233,7.65128363,5378,-0.0804072044,e818c6384e9722b8ea6a04ecc13483e9331c522f,0ce3ba605bfa0bb6fcfc2a988437c850d45e3e63,LineGaussRegularization,2026-09-07 15:49:05,
R1,dji9443_20260813_23_73_capped_captess4.msh,8016,krylov_jacobi,71,0.0194444444,8.14502236,5.44718487,18,18,1,true,prev,0,-1,3,,,,jacobi cell_size=R/4,17,0.65,6,36,73,true,multi,64,64,0.0889070576,0.000118994648,0.0376869035,0.0561457266,0.0652525352,0.0548542961,4.91122084e-06,4.91122084e-07,true,0.749297812,7.39572455,5456,-0.0806525064,e818c6384e9722b8ea6a04ecc13483e9331c522f,0ce3ba605bfa0bb6fcfc2a988437c850d45e3e63,LineGaussRegularization,2026-09-07 15:49:05,
R1,dji9443_20260813_23_73_capped_captess4.msh,8016,krylov_jacobi,72,0.0197222222,8.61548332,5.80206888,19,19,1,true,prev,0,-1,3,,,,jacobi cell_size=R/4,17,0.65,6,36,73,true,multi,64,64,0.0890584375,0.000119238951,0.0377510433,0.0562413513,0.0653636255,0.0549476964,4.91958205e-06,4.91958205e-07,true,0.766303245,7.84918007,5534,-0.0806678806,e818c6384e9722b8ea6a04ecc13483e9331c522f,0ce3ba605bfa0bb6fcfc2a988437c850d45e3e63,LineGaussRegularization,2026-09-07 15:49:05,
R1,dji9443_20260813_23_73_capped_captess4.msh,8016,krylov_jacobi,73,0.02,9.19797807,5.69151968,20,20,1,true,prev,0,-1,3,5614,83240.4096,,jacobi cell_size=R/4,17,0.65,6,36,73,true,multi,64,64,0.0891095115,0.000119291875,0.0377727052,0.0562736055,0.0654010952,0.0549792164,4.92240429e-06,4.92240429e-07,true,0.75108269,8.44689538,5614,-0.0804183793,e818c6384e9722b8ea6a04ecc13483e9331c522f,0ce3ba605bfa0bb6fcfc2a988437c850d45e3e63,LineGaussRegularization,2026-09-07 15:49:05,
R1,dji9443_20260813_23_73_capped_captess4.msh,8016,krylov_jacobi,1,0,54.56022,12.6079079,19,19,1,true,extrap,1,-1,3,,,26.7722189,jacobi cell_size=R/4,17,0.65,6,36,73,true,multi,64,64,9.35309949e-08,2.71959972e-13,7.11477241e-10,1.71458445e-09,3.07359797e-09,5.70494027e-09,1e-14,1e-15,false,0.960683602,53.5995364,0,0.0533282737,e818c6384e9722b8ea6a04ecc13483e9331c522f,0ce3ba605bfa0bb6fcfc2a988437c850d45e3e63,LineGaussRegularization,2026-09-07 16:02:34,"RHPC setup-only include; t_solve = solve_formulation! wall (incl. the per-step Dirichlet source-potential assembly inside solve!); t_step from maneuver! deltas; niter now recorded for FGS as well as Krylov (Phase 3); niter=-1 means a direct solve. niter is the LAST inner solve of the step (legacy diagnostic); niter_first is the FIRST and is the warmstart comparison metric; nsolves is the per-body solve count of the step (must be 1 for a one-body run; -1 = unavailable); solved is the AND of the step's inner convergence flags. Wake-developed averages should drop the first skip_steps rows. bcerr_* are order statistics of the per-panel Dirichlet BC residual |phi_sigma + G_mu x| from ONE bc_error! pass per step; bcerr_tol is THIS arm's own effective absolute acceptance level, so bcerr_max <= bcerr_tol is the arm's promise checked independently. The pass requests an absolute FMM error of bcerr_eps = BCERR_SAFETY * bcerr_tol, so the instrument is ~10x sharper than the acceptance level by construction; bcerr_certified=false means some M2L pair could not certify that bound and the row is UNCERTIFIED. The pass is EXCLUDED from t_solve, but NOT from t_step_total (it lies inside the maneuver!-to-maneuver! window); use t_step_net = t_step_total - t_bcerr for full-timestep share. Its own cost is t_bcerr (~62% of t_solve at R1 — it certifies to 10x below tol_abs, so the FMM climbs its order). BCERR_EVERY>1 subsamples it; skipped steps write EMPTY bcerr_* cells, never a fabricated value. n_particles and CT are per-step identity REPORTING, not assertions: the wake is chaotic, so small differences compound and exact trajectory identity is not expected. CT requires RUN_MONITORS=true (default under PHASE=phase3)."
R1,dji9443_20260813_23_73_capped_captess4.msh,8016,krylov_jacobi,2,0.000277777778,11.0970906,6.76455611,21,21,1,true,extrap,1,-1,3,,,,jacobi cell_size=R/4,17,0.65,6,36,73,true,multi,64,64,5.10906791e-05,6.73766513e-08,2.16569869e-05,3.22644765e-05,3.74973829e-05,3.15223264e-05,2.82224753e-09,2.82224753e-10,false,0.819940888,10.2771497,0,0.0738110726,e818c6384e9722b8ea6a04ecc13483e9331c522f,0ce3ba605bfa0bb6fcfc2a988437c850d45e3e63,LineGaussRegularization,2026-09-07 16:02:35,
R1,dji9443_20260813_23_73_capped_captess4.msh,8016,krylov_jacobi,3,0.000555555556,10.0162504,6.07789767,20,20,1,true,extrap,1,-1,3,,,,jacobi cell_size=R/4,17,0.65,6,36,73,true,multi,64,64,0.00020245213,2.7165243e-07,8.58173793e-05,0.000127848537,0.000148588012,0.000124909151,1.11834559e-08,1.11834559e-09,false,0.866476209,9.1497742,84,0.0913695255,e818c6384e9722b8ea6a04ecc13483e9331c522f,0ce3ba605bfa0bb6fcfc2a988437c850d45e3e63,LineGaussRegularization,2026-09-07 16:02:35,
R1,dji9443_20260813_23_73_capped_captess4.msh,8016,krylov_jacobi,4,0.000833333333,7.72517542,5.92958222,20,20,1,true,extrap,1,-1,3,,,,jacobi cell_size=R/4,17,0.65,6,36,73,true,multi,64,64,0.000451219859,6.05532468e-07,0.000191267453,0.000284949648,0.000331168965,0.000278395778,2.49253789e-08,2.49253789e-09,false,0.847701276,6.87747415,168,0.100586391,e818c6384e9722b8ea6a04ecc13483e9331c522f,0ce3ba605bfa0bb6fcfc2a988437c850d45e3e63,LineGaussRegularization,2026-09-07 16:02:35,
R1,dji9443_20260813_23_73_capped_captess4.msh,8016,krylov_jacobi,5,0.00111111111,8.42520021,6.62281996,21,21,1,true,extrap,1,-1,3,,,,jacobi cell_size=R/4,17,0.65,6,36,73,true,multi,64,64,0.000794529191,1.0635347e-06,0.000336793997,0.000501753143,0.000583139881,0.000490212339,4.38897601e-08,4.38897601e-09,false,0.787435081,7.63776513,249,0.105160607,e818c6384e9722b8ea6a04ecc13483e9331c522f,0ce3ba605bfa0bb6fcfc2a988437c850d45e3e63,LineGaussRegularization,2026-09-07 16:02:35,
R1,dji9443_20260813_23_73_capped_captess4.msh,8016,krylov_jacobi,6,0.00138888889,8.39113792,6.47656498,21,21,1,true,extrap,1,-1,3,,,,jacobi cell_size=R/4,17,0.65,6,36,73,true,multi,64,64,0.00122951478,1.64595222e-06,0.000521180191,0.000776463604,0.000902392255,0.000758592539,6.79183432e-08,6.79183432e-09,false,0.801675027,7.58946289,329,0.107104955,e818c6384e9722b8ea6a04ecc13483e9331c522f,0ce3ba605bfa0bb6fcfc2a988437c850d45e3e63,LineGaussRegularization,2026-09-07 16:02:35,
R1,dji9443_20260813_23_73_capped_captess4.msh,8016,krylov_jacobi,7,0.00166666667,8.35434044,6.3349343,21,21,1,true,extrap,1,-1,3,,,,jacobi cell_size=R/4,17,0.65,6,36,73,true,multi,64,64,0.00175331251,2.34607445e-06,0.000743213474,0.00110723449,0.00128682672,0.00108176639,9.68528719e-08,9.68528719e-09,false,0.876510944,7.47782949,408,0.107517363,e818c6384e9722b8ea6a04ecc13483e9331c522f,0ce3ba605bfa0bb6fcfc2a988437c850d45e3e63,LineGaussRegularization,2026-09-07 16:02:35,
R1,dji9443_20260813_23_73_capped_captess4.msh,8016,krylov_jacobi,8,0.00194444444,8.40160437,6.25546967,21,21,1,true,extrap,1,-1,3,,,,jacobi cell_size=R/4,17,0.65,6,36,73,true,multi,64,64,0.00236305601,3.1639876e-06,0.00100167848,0.00149229331,0.00173434276,0.00145796955,1.3053509e-07,1.3053509e-08,false,0.805577921,7.59602645,491,0.107007625,e818c6384e9722b8ea6a04ecc13483e9331c522f,0ce3ba605bfa0bb6fcfc2a988437c850d45e3e63,LineGaussRegularization,2026-09-07 16:02:35,
R1,dji9443_20260813_23_73_capped_captess4.msh,8016,krylov_jacobi,9,0.00222222222,8.45631419,6.26319513,20,20,1,true,extrap,1,-1,3,,,,jacobi cell_size=R/4,17,0.65,6,36,73,true,multi,64,64,0.00305588108,4.09253265e-06,0.00129536042,0.00192982239,0.00224283663,0.00188543221,1.68806741e-07,1.68806741e-08,false,0.824023404,7.63229079,569,0.105904404,e818c6384e9722b8ea6a04ecc13483e9331c522f,0ce3ba605bfa0bb6fcfc2a988437c850d45e3e63,LineGaussRegularization,2026-09-07 16:02:35,
R1,dji9443_20260813_23_73_capped_captess4.msh,8016,krylov_jacobi,10,0.0025,8.44833591,5.82659624,20,20,1,true,extrap,1,-1,3,,,,jacobi cell_size=R/4,17,0.65,6,36,73,true,multi,64,64,0.0038289226,5.12673222e-06,0.00162304555,0.0024180102,0.00281020362,0.00236238907,2.11509569e-07,2.11509569e-08,false,0.868681633,7.57965428,649,0.104390273,e818c6384e9722b8ea6a04ecc13483e9331c522f,0ce3ba605bfa0bb6fcfc2a988437c850d45e3e63,LineGaussRegularization,2026-09-07 16:02:35,
R1,dji9443_20260813_23_73_capped_captess4.msh,8016,krylov_jacobi,11,0.00277777778,8.18827499,6.03421974,19,19,1,true,extrap,1,-1,3,,,,jacobi cell_size=R/4,17,0.65,6,36,73,true,multi,64,64,0.00467931966,6.26377365e-06,0.00198352315,0.00295503673,0.00343434275,0.00288706806,2.58485317e-07,2.58485317e-08,false,0.783103517,7.40517147,730,0.102560416,e818c6384e9722b8ea6a04ecc13483e9331c522f,0ce3ba605bfa0bb6fcfc2a988437c850d45e3e63,LineGaussRegularization,2026-09-07 16:02:35,
R1,dji9443_20260813_23_73_capped_captess4.msh,8016,krylov_jacobi,12,0.00305555556,7.80347409,5.66344348,19,19,1,true,extrap,1,-1,3,,,,jacobi cell_size=R/4,17,0.65,6,36,73,true,multi,64,64,0.00560419939,7.50366009e-06,0.00237557121,0.00353910874,0.00411314916,0.00345770488,3.09575729e-07,3.09575729e-08,false,0.77464314,7.02883095,810,0.10045619,e818c6384e9722b8ea6a04ecc13483e9331c522f,0ce3ba605bfa0bb6fcfc2a988437c850d45e3e63,LineGaussRegularization,2026-09-07 16:02:35,
R1,dji9443_20260813_23_73_capped_captess4.msh,8016,krylov_jacobi,13,0.00333333333,8.09729809,5.92825424,19,19,1,true,extrap,1,-1,3,,,,jacobi cell_size=R/4,17,0.65,6,36,73,true,multi,64,64,0.00660070396,8.83723698e-06,0.00279797913,0.00416841416,0.00484452589,0.00407253362,3.64622549e-07,3.64622549e-08,true,0.753596531,7.34370156,891,0.0980784692,e818c6384e9722b8ea6a04ecc13483e9331c522f,0ce3ba605bfa0bb6fcfc2a988437c850d45e3e63,LineGaussRegularization,2026-09-07 16:02:35,
R1,dji9443_20260813_23_73_capped_captess4.msh,8016,krylov_jacobi,14,0.00361111111,8.64103886,5.97101257,19,19,1,true,extrap,1,-1,3,,,,jacobi cell_size=R/4,17,0.65,6,36,73,true,multi,64,64,0.00766596634,1.02605815e-05,0.00324953591,0.00484114103,0.00562636563,0.00472978356,4.2346752e-07,4.2346752e-08,true,0.771660502,7.86937836,972,0.0954106347,e818c6384e9722b8ea6a04ecc13483e9331c522f,0ce3ba605bfa0bb6fcfc2a988437c850d45e3e63,LineGaussRegularization,2026-09-07 16:02:35,
R1,dji9443_20260813_23_73_capped_captess4.msh,8016,krylov_jacobi,15,0.00388888889,8.42951753,6.22215244,20,20,1,true,extrap,1,-1,3,,,,jacobi cell_size=R/4,17,0.65,6,36,73,true,multi,64,64,0.00879711907,1.17756501e-05,0.0037290218,0.00555547944,0.00645655978,0.00542768738,4.85952387e-07,4.85952387e-08,false,0.765058821,7.66445871,1050,0.0924116471,e818c6384e9722b8ea6a04ecc13483e9331c522f,0ce3ba605bfa0bb6fcfc2a988437c850d45e3e63,LineGaussRegularization,2026-09-07 16:02:35,
R1,dji9443_20260813_23_73_capped_captess4.msh,8016,krylov_jacobi,16,0.00416666667,8.26738837,6.03211875,20,20,1,true,extrap,1,-1,3,,,,jacobi cell_size=R/4,17,0.65,6,36,73,true,multi,64,64,0.00999129968,1.33740935e-05,0.00423522299,0.00630961313,0.00733302006,0.00616447878,5.51918892e-07,5.51918892e-08,true,0.832542233,7.43484614,1126,0.0890360724,e818c6384e9722b8ea6a04ecc13483e9331c522f,0ce3ba605bfa0bb6fcfc2a988437c850d45e3e63,LineGaussRegularization,2026-09-07 16:02:35,
R1,dji9443_20260813_23_73_capped_captess4.msh,8016,krylov_jacobi,17,0.00444444444,8.0345797,5.89096505,20,20,1,true,extrap,1,-1,3,,,,jacobi cell_size=R/4,17,0.65,6,36,73,true,multi,64,64,0.0112456428,1.50537077e-05,0.00476693175,0.00710174087,0.00825363383,0.00693838962,6.2120878e-07,6.2120878e-08,true,0.760911999,7.2736677,1204,0.0852340988,e818c6384e9722b8ea6a04ecc13483e9331c522f,0ce3ba605bfa0bb6fcfc2a988437c850d45e3e63,LineGaussRegularization,2026-09-07 16:02:35,
R1,dji9443_20260813_23_73_capped_captess4.msh,8016,krylov_jacobi,18,0.00472222222,8.25566009,5.9547008,20,20,1,true,extrap,1,-1,3,,,,jacobi cell_size=R/4,17,0.65,6,36,73,true,multi,64,64,0.012557274,1.68106237e-05,0.00532292865,0.0079300614,0.00921630004,0.00774765414,6.93663794e-07,6.93663794e-08,true,0.842378739,7.41328136,1283,0.0810049837,e818c6384e9722b8ea6a04ecc13483e9331c522f,0ce3ba605bfa0bb6fcfc2a988437c850d45e3e63,LineGaussRegularization,2026-09-07 16:02:35,
R1,dji9443_20260813_23_73_capped_captess4.msh,8016,krylov_jacobi,19,0.005,8.37453555,5.55929482,20,20,1,true,extrap,1,-1,3,,,,jacobi cell_size=R/4,17,0.65,6,36,73,true,multi,64,64,0.0139233545,1.86396924e-05,0.00590199442,0.0087927487,0.010218918,0.00859050136,7.69125678e-07,7.69125678e-08,true,0.736419019,7.63811653,1362,0.0764214215,e818c6384e9722b8ea6a04ecc13483e9331c522f,0ce3ba605bfa0bb6fcfc2a988437c850d45e3e63,LineGaussRegularization,2026-09-07 16:02:35,
R1,dji9443_20260813_23_73_capped_captess4.msh,8016,krylov_jacobi,20,0.00527777778,8.21347281,5.8560892,19,19,1,true,extrap,1,-1,3,,,,jacobi cell_size=R/4,17,0.65,6,36,73,true,multi,64,64,0.0153410034,2.05396292e-05,0.00650291276,0.00968800371,0.0112593866,0.00946516463,8.47436176e-07,8.47436176e-08,true,0.752699578,7.46077324,1435,0.0716455575,e818c6384e9722b8ea6a04ecc13483e9331c522f,0ce3ba605bfa0bb6fcfc2a988437c850d45e3e63,LineGaussRegularization,2026-09-07 16:02:35,
R1,dji9443_20260813_23_73_capped_captess4.msh,8016,krylov_jacobi,21,0.00555555556,7.76792976,5.51436687,19,19,1,true,extrap,1,-1,3,,,,jacobi cell_size=R/4,17,0.65,6,36,73,true,multi,64,64,0.0168073491,2.25053148e-05,0.00712448484,0.0106140195,0.0123355888,0.0103698762,9.28437031e-07,9.28437031e-08,true,0.748624374,7.01930539,1514,0.0668964488,e818c6384e9722b8ea6a04ecc13483e9331c522f,0ce3ba605bfa0bb6fcfc2a988437c850d45e3e63,LineGaussRegularization,2026-09-07 16:02:35,
R1,dji9443_20260813_23_73_capped_captess4.msh,8016,krylov_jacobi,22,0.00583333333,8.14961742,5.79078912,19,19,1,true,extrap,1,-1,3,,,,jacobi cell_size=R/4,17,0.65,6,36,73,true,multi,64,64,0.0183195267,2.45230958e-05,0.00776548268,0.0115689778,0.0134454492,0.01130287,1.01196999e-06,1.01196999e-07,true,0.834363583,7.31525384,1595,0.0623869551,e818c6384e9722b8ea6a04ecc13483e9331c522f,0ce3ba605bfa0bb6fcfc2a988437c850d45e3e63,LineGaussRegularization,2026-09-07 16:02:35,
R1,dji9443_20260813_23_73_capped_captess4.msh,8016,krylov_jacobi,23,0.00611111111,8.61956921,6.31218627,20,20,1,true,extrap,1,-1,3,,,,jacobi cell_size=R/4,17,0.65,6,36,73,true,multi,64,64,0.0198746878,2.66052895e-05,0.00842470896,0.0125510696,0.0145868417,0.0122623775,1.09787679e-06,1.09787679e-07,true,0.773882786,7.84568643,1675,0.0582300622,e818c6384e9722b8ea6a04ecc13483e9331c522f,0ce3ba605bfa0bb6fcfc2a988437c850d45e3e63,LineGaussRegularization,2026-09-07 16:02:35,
R1,dji9443_20260813_23_73_capped_captess4.msh,8016,krylov_jacobi,24,0.00638888889,8.61695113,6.26913354,20,20,1,true,extrap,1,-1,3,,,,jacobi cell_size=R/4,17,0.65,6,36,73,true,multi,64,64,0.0214699586,2.87375682e-05,0.00910092825,0.0135585023,0.01575766,0.0132466328,1.18599918e-06,1.18599918e-07,true,0.757616752,7.85933438,1755,0.0544383943,e818c6384e9722b8ea6a04ecc13483e9331c522f,0ce3ba605bfa0bb6fcfc2a988437c850d45e3e63,LineGaussRegularization,2026-09-07 16:02:35,
R1,dji9443_20260813_23_73_capped_captess4.msh,8016,krylov_jacobi,25,0.00666666667,9.50189917,6.11016153,20,20,1,true,extrap,1,-1,3,,,,jacobi cell_size=R/4,17,0.65,6,36,73,true,multi,64,64,0.0231024579,3.09245951e-05,0.00979292922,0.0145894294,0.0169558366,0.0142538607,1.2761789e-06,1.2761789e-07,true,0.913987667,8.5879115,1836,0.0509463632,e818c6384e9722b8ea6a04ecc13483e9331c522f,0ce3ba605bfa0bb6fcfc2a988437c850d45e3e63,LineGaussRegularization,2026-09-07 16:02:35,
R1,dji9443_20260813_23_73_capped_captess4.msh,8016,krylov_jacobi,26,0.00694444444,8.45521277,5.94927581,20,20,1,true,extrap,1,-1,3,,,,jacobi cell_size=R/4,17,0.65,6,36,73,true,multi,64,64,0.0247693526,3.31506655e-05,0.0104995073,0.0156421039,0.018179223,0.0152823097,1.36825769e-06,1.36825769e-07,true,0.776081272,7.6791315,1917,0.0476653781,e818c6384e9722b8ea6a04ecc13483e9331c522f,0ce3ba605bfa0bb6fcfc2a988437c850d45e3e63,LineGaussRegularization,2026-09-07 16:02:35,
R1,dji9443_20260813_23_73_capped_captess4.msh,8016,krylov_jacobi,27,0.00722222222,8.64401238,6.20630934,20,20,1,true,extrap,1,-1,3,,,,jacobi cell_size=R/4,17,0.65,6,36,73,true,multi,64,64,0.0264677244,3.54236021e-05,0.011219457,0.0167146655,0.0194257508,0.0163301993,1.46207731e-06,1.46207731e-07,true,0.762885045,7.88112733,1995,0.0445059961,e818c6384e9722b8ea6a04ecc13483e9331c522f,0ce3ba605bfa0bb6fcfc2a988437c850d45e3e63,LineGaussRegularization,2026-09-07 16:02:35,
R1,dji9443_20260813_23_73_capped_captess4.msh,8016,krylov_jacobi,28,0.0075,8.41962774,5.50096089,19,19,1,true,extrap,1,-1,3,,,,jacobi cell_size=R/4,17,0.65,6,36,73,true,multi,64,64,0.028194804,3.77467083e-05,0.0119515377,0.0178053191,0.0206933034,0.0173957647,1.55747949e-06,1.55747949e-07,true,0.736711282,7.68291645,2073,0.0413816345,e818c6384e9722b8ea6a04ecc13483e9331c522f,0ce3ba605bfa0bb6fcfc2a988437c850d45e3e63,LineGaussRegularization,2026-09-07 16:02:35,
R1,dji9443_20260813_23_73_capped_captess4.msh,8016,krylov_jacobi,29,0.00777777778,8.62279866,5.96489631,18,18,1,true,extrap,1,-1,3,,,,jacobi cell_size=R/4,17,0.65,6,36,73,true,multi,64,64,0.0299476346,4.00954189e-05,0.0126945508,0.0189122597,0.0219797865,0.0184772394,1.65430597e-06,1.65430597e-07,true,0.783028464,7.8397702,2153,0.0382184219,e818c6384e9722b8ea6a04ecc13483e9331c522f,0ce3ba605bfa0bb6fcfc2a988437c850d45e3e63,LineGaussRegularization,2026-09-07 16:02:35,
R1,dji9443_20260813_23_73_capped_captess4.msh,8016,krylov_jacobi,30,0.00805555556,8.16602039,5.64997162,19,19,1,true,extrap,1,-1,3,,,,jacobi cell_size=R/4,17,0.65,6,36,73,true,multi,64,64,0.0317233775,4.24692653e-05,0.0134472673,0.0200336517,0.0232830804,0.0195728457,1.75239851e-06,1.75239851e-07,true,0.779540943,7.38647945,2234,0.0349452436,e818c6384e9722b8ea6a04ecc13483e9331c522f,0ce3ba605bfa0bb6fcfc2a988437c850d45e3e63,LineGaussRegularization,2026-09-07 16:02:35,
R1,dji9443_20260813_23_73_capped_captess4.msh,8016,krylov_jacobi,31,0.00833333333,8.68517323,6.13004221,20,20,1,true,extrap,1,-1,3,,,,jacobi cell_size=R/4,17,0.65,6,36,73,true,multi,64,64,0.0335191968,4.48711043e-05,0.0142084815,0.0211677308,0.0246010932,0.020680832,1.85159884e-06,1.85159884e-07,true,0.757774401,7.92739883,2311,0.0314805451,e818c6384e9722b8ea6a04ecc13483e9331c522f,0ce3ba605bfa0bb6fcfc2a988437c850d45e3e63,LineGaussRegularization,2026-09-07 16:02:35,
R1,dji9443_20260813_23_73_capped_captess4.msh,8016,krylov_jacobi,32,0.00861111111,8.90444549,6.20625636,20,20,1,true,extrap,1,-1,3,,,,jacobi cell_size=R/4,17,0.65,6,36,73,true,multi,64,64,0.0353322026,4.72800507e-05,0.014977015,0.022312638,0.0259317166,0.0217994242,1.95174871e-06,1.95174871e-07,true,0.801484046,8.10296144,2389,0.0277284169,e818c6384e9722b8ea6a04ecc13483e9331c522f,0ce3ba605bfa0bb6fcfc2a988437c850d45e3e63,LineGaussRegularization,2026-09-07 16:02:35,
R1,dji9443_20260813_23_73_capped_captess4.msh,8016,krylov_jacobi,33,0.00888888889,9.18215192,6.34957409,21,21,1,true,extrap,1,-1,3,,,,jacobi cell_size=R/4,17,0.65,6,36,73,true,multi,64,64,0.037159545,4.9747199e-05,0.0157516094,0.0234666318,0.0272728703,0.0229268615,2.05268986e-06,2.05268986e-07,true,0.869567157,8.31258477,2469,0.0236125769,e818c6384e9722b8ea6a04ecc13483e9331c522f,0ce3ba605bfa0bb6fcfc2a988437c850d45e3e63,LineGaussRegularization,2026-09-07 16:02:35,
R1,dji9443_20260813_23_73_capped_captess4.msh,8016,krylov_jacobi,34,0.00916666667,8.80859948,5.96625205,20,20,1,true,extrap,1,-1,3,,,,jacobi cell_size=R/4,17,0.65,6,36,73,true,multi,64,64,0.0389983051,5.21991127e-05,0.0165310396,0.0246278142,0.0286224367,0.0240613501,2.15426403e-06,2.15426403e-07,true,0.777667097,8.03093239,2541,0.0191008338,e818c6384e9722b8ea6a04ecc13483e9331c522f,0ce3ba605bfa0bb6fcfc2a988437c850d45e3e63,LineGaussRegularization,2026-09-07 16:02:35,
R1,dji9443_20260813_23_73_capped_captess4.msh,8016,krylov_jacobi,35,0.00944444444,8.72430603,5.96077756,20,20,1,true,extrap,1,-1,3,,,,jacobi cell_size=R/4,17,0.65,6,36,73,true,multi,64,64,0.0408456746,5.46723611e-05,0.0173141126,0.0257945296,0.0299782944,0.0252011805,2.25631298e-06,2.25631298e-07,true,0.782953513,7.94135251,2619,0.014235096,e818c6384e9722b8ea6a04ecc13483e9331c522f,0ce3ba605bfa0bb6fcfc2a988437c850d45e3e63,LineGaussRegularization,2026-09-07 16:02:35,
R1,dji9443_20260813_23_73_capped_captess4.msh,8016,krylov_jacobi,36,0.00972222222,8.72682656,5.74106705,19,19,1,true,extrap,1,-1,3,,,,jacobi cell_size=R/4,17,0.65,6,36,73,true,multi,64,64,0.0426987799,5.71469999e-05,0.0180996498,0.0269647772,0.0313383827,0.026344507,2.35867844e-06,2.35867844e-07,true,0.850858168,7.8759684,2692,0.0091307834,e818c6384e9722b8ea6a04ecc13483e9331c522f,0ce3ba605bfa0bb6fcfc2a988437c850d45e3e63,LineGaussRegularization,2026-09-07 16:02:35,
R1,dji9443_20260813_23_73_capped_captess4.msh,8016,krylov_jacobi,37,0.01,8.87676318,5.4194602,19,19,1,true,extrap,1,-1,3,,,,jacobi cell_size=R/4,17,0.65,6,36,73,true,multi,64,64,0.0445547321,5.96418255e-05,0.0188863599,0.0281367919,0.0327005462,0.0274896029,2.46120215e-06,2.46120215e-07,true,0.845510938,8.03125224,2765,0.0039433861,e818c6384e9722b8ea6a04ecc13483e9331c522f,0ce3ba605bfa0bb6fcfc2a988437c850d45e3e63,LineGaussRegularization,2026-09-07 16:02:35,
R1,dji9443_20260813_23_73_capped_captess4.msh,8016,krylov_jacobi,38,0.0102777778,9.01672781,6.00568498,19,19,1,true,extrap,1,-1,3,,,,jacobi cell_size=R/4,17,0.65,6,36,73,true,multi,64,64,0.0464107018,6.21421987e-05,0.0196730686,0.0293088584,0.034062691,0.0286347034,2.56372586e-06,2.56372586e-07,true,0.77703689,8.23969092,2845,-0.00115235017,e818c6384e9722b8ea6a04ecc13483e9331c522f,0ce3ba605bfa0bb6fcfc2a988437c850d45e3e63,LineGaussRegularization,2026-09-07 16:02:35,
R1,dji9443_20260813_23_73_capped_captess4.msh,8016,krylov_jacobi,39,0.0105555556,8.96654201,5.88014564,20,20,1,true,extrap,1,-1,3,,,,jacobi cell_size=R/4,17,0.65,6,36,73,true,multi,64,64,0.0482638544,6.46397064e-05,0.0204586125,0.0304791208,0.0354227854,0.0297780481,2.66609132e-06,2.66609132e-07,true,0.782687371,8.18385464,2919,-0.00597277978,e818c6384e9722b8ea6a04ecc13483e9331c522f,0ce3ba605bfa0bb6fcfc2a988437c850d45e3e63,LineGaussRegularization,2026-09-07 16:02:35,
R1,dji9443_20260813_23_73_capped_captess4.msh,8016,krylov_jacobi,40,0.0108333333,9.16697191,6.03786138,20,20,1,true,extrap,1,-1,3,,,,jacobi cell_size=R/4,17,0.65,6,36,73,true,multi,64,64,0.0501112083,6.70607984e-05,0.0212417112,0.0316457611,0.0367786476,0.0309178495,2.76814026e-06,2.76814026e-07,true,0.77502808,8.39194383,2992,-0.0103840746,e818c6384e9722b8ea6a04ecc13483e9331c522f,0ce3ba605bfa0bb6fcfc2a988437c850d45e3e63,LineGaussRegularization,2026-09-07 16:02:35,
R1,dji9443_20260813_23_73_capped_captess4.msh,8016,krylov_jacobi,41,0.0111111111,9.42795357,6.27501534,20,20,1,true,extrap,1,-1,3,,,,jacobi cell_size=R/4,17,0.65,6,36,73,true,multi,64,64,0.0519499844,6.95415595e-05,0.0220211292,0.0328069624,0.038128178,0.0320523423,2.86971444e-06,2.86971444e-07,true,0.794011176,8.63394239,3067,-0.0143183944,e818c6384e9722b8ea6a04ecc13483e9331c522f,0ce3ba605bfa0bb6fcfc2a988437c850d45e3e63,LineGaussRegularization,2026-09-07 16:02:35,
R1,dji9443_20260813_23_73_capped_captess4.msh,8016,krylov_jacobi,42,0.0113888889,9.43544634,6.11880189,20,20,1,true,extrap,1,-1,3,,,,jacobi cell_size=R/4,17,0.65,6,36,73,true,multi,64,64,0.0537773118,7.199327e-05,0.0227957244,0.0339609294,0.039469359,0.0331797762,2.97065559e-06,2.97065559e-07,true,0.826663879,8.60878247,3145,-0.0177846675,e818c6384e9722b8ea6a04ecc13483e9331c522f,0ce3ba605bfa0bb6fcfc2a988437c850d45e3e63,LineGaussRegularization,2026-09-07 16:02:35,
R1,dji9443_20260813_23_73_capped_captess4.msh,8016,krylov_jacobi,43,0.0116666667,9.50127177,5.96534082,20,20,1,true,extrap,1,-1,3,,,,jacobi cell_size=R/4,17,0.65,6,36,73,true,multi,64,64,0.0555902961,7.44142061e-05,0.0235642396,0.035105839,0.0407999785,0.0342983648,3.07080546e-06,3.07080546e-07,true,0.895385991,8.60588578,3220,-0.020847392,e818c6384e9722b8ea6a04ecc13483e9331c522f,0ce3ba605bfa0bb6fcfc2a988437c850d45e3e63,LineGaussRegularization,2026-09-07 16:02:35,
R1,dji9443_20260813_23_73_capped_captess4.msh,8016,krylov_jacobi,44,0.0119444444,9.1818736,5.75704483,20,20,1,true,extrap,1,-1,3,,,,jacobi cell_size=R/4,17,0.65,6,36,73,true,multi,64,64,0.057386117,7.68050061e-05,0.0243254571,0.0362399507,0.0421180161,0.0354063605,3.17000579e-06,3.17000579e-07,true,0.837914163,8.34395944,3296,-0.0236089928,e818c6384e9722b8ea6a04ecc13483e9331c522f,0ce3ba605bfa0bb6fcfc2a988437c850d45e3e63,LineGaussRegularization,2026-09-07 16:02:35,
R1,dji9443_20260813_23_73_capped_captess4.msh,8016,krylov_jacobi,45,0.0122222222,9.30694243,5.81232951,19,19,1,true,extrap,1,-1,3,,,,jacobi cell_size=R/4,17,0.65,6,36,73,true,multi,64,64,0.0591618607,7.9211918e-05,0.025078175,0.0373613669,0.0434213156,0.0365019828,3.26809832e-06,3.26809832e-07,true,0.920777874,8.38616456,3370,-0.0261928101,e818c6384e9722b8ea6a04ecc13483e9331c522f,0ce3ba605bfa0bb6fcfc2a988437c850d45e3e63,LineGaussRegularization,2026-09-07 16:02:35,
R1,dji9443_20260813_23_73_capped_captess4.msh,8016,krylov_jacobi,46,0.0125,9.22928801,5.03740099,17,17,1,true,extrap,1,-1,3,,,,jacobi cell_size=R/4,17,0.65,6,36,73,true,multi,64,64,0.0609147029,8.15601785e-05,0.0258211913,0.0384682795,0.0447077764,0.0375834473,3.36492481e-06,3.36492481e-07,true,0.794843198,8.43444481,3450,-0.0287294264,e818c6384e9722b8ea6a04ecc13483e9331c522f,0ce3ba605bfa0bb6fcfc2a988437c850d45e3e63,LineGaussRegularization,2026-09-07 16:02:35,
R1,dji9443_20260813_23_73_capped_captess4.msh,8016,krylov_jacobi,47,0.0127777778,9.76142812,6.01510535,19,19,1,true,extrap,1,-1,3,,,,jacobi cell_size=R/4,17,0.65,6,36,73,true,multi,64,64,0.0626417729,8.38595774e-05,0.0265532821,0.0395589129,0.0459753604,0.0386490109,3.46032699e-06,3.46032699e-07,true,0.770087612,8.99134051,3526,-0.0313334726,e818c6384e9722b8ea6a04ecc13483e9331c522f,0ce3ba605bfa0bb6fcfc2a988437c850d45e3e63,LineGaussRegularization,2026-09-07 16:02:35,
R1,dji9443_20260813_23_73_capped_captess4.msh,8016,krylov_jacobi,48,0.0130555556,9.17446304,5.49981569,19,19,1,true,extrap,1,-1,3,,,,jacobi cell_size=R/4,17,0.65,6,36,73,true,multi,64,64,0.0643401956,8.61252056e-05,0.027273203,0.04063151,0.0472218608,0.0396968938,3.5541466e-06,3.5541466e-07,true,0.765713221,8.40874982,3605,-0.0340913329,e818c6384e9722b8ea6a04ecc13483e9331c522f,0ce3ba605bfa0bb6fcfc2a988437c850d45e3e63,LineGaussRegularization,2026-09-07 16:02:35,
R1,dji9443_20260813_23_73_capped_captess4.msh,8016,krylov_jacobi,49,0.0133333333,9.59718411,5.82658293,19,19,1,true,extrap,1,-1,3,,,,jacobi cell_size=R/4,17,0.65,6,36,73,true,multi,64,64,0.0660070618,8.8378617e-05,0.0279798387,0.0416841637,0.0484452509,0.0407253405,3.6462254e-06,3.6462254e-07,true,0.784704041,8.81248007,3680,-0.0370567665,e818c6384e9722b8ea6a04ecc13483e9331c522f,0ce3ba605bfa0bb6fcfc2a988437c850d45e3e63,LineGaussRegularization,2026-09-07 16:02:35,
R1,dji9443_20260813_23_73_capped_captess4.msh,8016,krylov_jacobi,50,0.0136111111,9.6034483,5.76437147,19,19,1,true,extrap,1,-1,3,,,,jacobi cell_size=R/4,17,0.65,6,36,73,true,multi,64,64,0.0676395541,9.05450566e-05,0.028671804,0.0427150985,0.0496433845,0.0417325628,3.73640512e-06,3.73640512e-07,true,0.754039549,8.84940875,3762,-0.0402483478,e818c6384e9722b8ea6a04ecc13483e9331c522f,0ce3ba605bfa0bb6fcfc2a988437c850d45e3e63,LineGaussRegularization,2026-09-07 16:02:35,
R1,dji9443_20260813_23_73_capped_captess4.msh,8016,krylov_jacobi,51,0.0138888889,9.75514355,5.76527111,19,19,1,true,extrap,1,-1,3,,,,jacobi cell_size=R/4,17,0.65,6,36,73,true,multi,64,64,0.0692347781,9.26775397e-05,0.0293480275,0.0437225176,0.0508142512,0.0427168205,3.82452751e-06,3.82452751e-07,true,0.787989595,8.96715395,3839,-0.0436439476,e818c6384e9722b8ea6a04ecc13483e9331c522f,0ce3ba605bfa0bb6fcfc2a988437c850d45e3e63,LineGaussRegularization,2026-09-07 16:02:35,
R1,dji9443_20260813_23_73_capped_captess4.msh,8016,krylov_jacobi,52,0.0141666667,9.64910456,5.68526253,19,19,1,true,extrap,1,-1,3,,,,jacobi cell_size=R/4,17,0.65,6,36,73,true,multi,64,64,0.0707899592,9.47559975e-05,0.0300072463,0.0447045797,0.0519556352,0.0436763279,3.91043431e-06,3.91043431e-07,true,0.844423943,8.80468062,3918,-0.0471717525,e818c6384e9722b8ea6a04ecc13483e9331c522f,0ce3ba605bfa0bb6fcfc2a988437c850d45e3e63,LineGaussRegularization,2026-09-07 16:02:35,
R1,dji9443_20260813_23_73_capped_captess4.msh,8016,krylov_jacobi,53,0.0144444444,9.65453608,5.60936917,19,19,1,true,extrap,1,-1,3,,,,jacobi cell_size=R/4,17,0.65,6,36,73,true,multi,64,64,0.0723021648,9.6770859e-05,0.0306482336,0.0456595633,0.0530655129,0.0446093264,3.99396727e-06,3.99396727e-07,true,0.77059107,8.88394501,4000,-0.0507260684,e818c6384e9722b8ea6a04ecc13483e9331c522f,0ce3ba605bfa0bb6fcfc2a988437c850d45e3e63,LineGaussRegularization,2026-09-07 16:02:35,
R1,dji9443_20260813_23_73_capped_captess4.msh,8016,krylov_jacobi,54,0.0147222222,9.83406674,5.70323822,19,19,1,true,extrap,1,-1,3,,,,jacobi cell_size=R/4,17,0.65,6,36,73,true,multi,64,64,0.0737685117,9.87659452e-05,0.0312697884,0.0465855892,0.0541417302,0.045514049,4.07496812e-06,4.07496812e-07,true,0.839422372,8.99464437,4082,-0.0542020159,e818c6384e9722b8ea6a04ecc13483e9331c522f,0ce3ba605bfa0bb6fcfc2a988437c850d45e3e63,LineGaussRegularization,2026-09-07 16:02:35,
R1,dji9443_20260813_23_73_capped_captess4.msh,8016,krylov_jacobi,55,0.015,10.2437963,5.47160239,19,19,1,true,extrap,1,-1,3,,,,jacobi cell_size=R/4,17,0.65,6,36,73,true,multi,64,64,0.0751861499,0.000100663083,0.0318707189,0.0474808538,0.0551821732,0.0463887135,4.15327862e-06,4.15327862e-07,true,0.778017271,9.46577902,4163,-0.0575012071,e818c6384e9722b8ea6a04ecc13483e9331c522f,0ce3ba605bfa0bb6fcfc2a988437c850d45e3e63,LineGaussRegularization,2026-09-07 16:02:35,
R1,dji9443_20260813_23_73_capped_captess4.msh,8016,krylov_jacobi,56,0.0152777778,10.3322483,5.83739284,19,19,1,true,extrap,1,-1,3,,,,jacobi cell_size=R/4,17,0.65,6,36,73,true,multi,64,64,0.076552261,0.000102479071,0.0324498254,0.0483435121,0.0561848093,0.0472315571,4.2287405e-06,4.2287405e-07,true,0.845085567,9.48716268,4246,-0.0605676296,e818c6384e9722b8ea6a04ecc13483e9331c522f,0ce3ba605bfa0bb6fcfc2a988437c850d45e3e63,LineGaussRegularization,2026-09-07 16:02:35,
R1,dji9443_20260813_23_73_capped_captess4.msh,8016,krylov_jacobi,57,0.0155555556,9.80244685,5.49898754,19,19,1,true,extrap,1,-1,3,,,,jacobi cell_size=R/4,17,0.65,6,36,73,true,multi,64,64,0.0778639013,0.000104244343,0.033005785,0.0491718731,0.0571474701,0.0480408133,4.30119552e-06,4.30119552e-07,true,0.763262427,9.03918442,4323,-0.0633812421,e818c6384e9722b8ea6a04ecc13483e9331c522f,0ce3ba605bfa0bb6fcfc2a988437c850d45e3e63,LineGaussRegularization,2026-09-07 16:02:35,
R1,dji9443_20260813_23_73_capped_captess4.msh,8016,krylov_jacobi,58,0.0158333333,10.1950555,5.63054386,19,19,1,true,extrap,1,-1,3,,,,jacobi cell_size=R/4,17,0.65,6,36,73,true,multi,64,64,0.0791182144,0.000105937428,0.033537538,0.0499639994,0.0580680857,0.048814726,4.3704854e-06,4.3704854e-07,true,0.852997629,9.34205788,4404,-0.0659385664,e818c6384e9722b8ea6a04ecc13483e9331c522f,0ce3ba605bfa0bb6fcfc2a988437c850d45e3e63,LineGaussRegularization,2026-09-07 16:02:35,
R1,dji9443_20260813_23_73_capped_captess4.msh,8016,krylov_jacobi,59,0.0161111111,10.3276161,5.82243593,19,19,1,true,extrap,1,-1,3,,,,jacobi cell_size=R/4,17,0.65,6,36,73,true,multi,64,64,0.0803123833,0.000107512402,0.0340437061,0.0507181483,0.0589444861,0.0495515085,4.43645191e-06,4.43645191e-07,true,0.837504731,9.49011137,4482,-0.068216149,e818c6384e9722b8ea6a04ecc13483e9331c522f,0ce3ba605bfa0bb6fcfc2a988437c850d45e3e63,LineGaussRegularization,2026-09-07 16:02:35,
R1,dji9443_20260813_23_73_capped_captess4.msh,8016,krylov_jacobi,60,0.0163888889,10.2809365,5.72187251,19,19,1,true,extrap,1,-1,3,,,,jacobi cell_size=R/4,17,0.65,6,36,73,true,multi,64,64,0.0814435108,0.000109029591,0.0345231995,0.0514324525,0.0597747533,0.0502494131,4.49893678e-06,4.49893678e-07,true,0.781071625,9.49986484,4563,-0.0702358686,e818c6384e9722b8ea6a04ecc13483e9331c522f,0ce3ba605bfa0bb6fcfc2a988437c850d45e3e63,LineGaussRegularization,2026-09-07 16:02:35,
R1,dji9443_20260813_23_73_capped_captess4.msh,8016,krylov_jacobi,61,0.0166666667,10.2964562,5.66000933,19,19,1,true,extrap,1,-1,3,,,,jacobi cell_size=R/4,17,0.65,6,36,73,true,multi,64,64,0.0825087982,0.00011044273,0.0349747574,0.0521051524,0.060556553,0.0509066684,4.55778175e-06,4.55778175e-07,true,0.841544751,9.45491149,4645,-0.0720159619,e818c6384e9722b8ea6a04ecc13483e9331c522f,0ce3ba605bfa0bb6fcfc2a988437c850d45e3e63,LineGaussRegularization,2026-09-07 16:02:35,
R1,dji9443_20260813_23_73_capped_captess4.msh,8016,krylov_jacobi,62,0.0169444444,10.1779118,5.46772882,19,19,1,true,extrap,1,-1,3,,,,jacobi cell_size=R/4,17,0.65,6,36,73,true,multi,64,64,0.0835053129,0.000111764609,0.0353971486,0.0527344782,0.0612879674,0.0515214977,4.61282857e-06,4.61282857e-07,true,0.856088485,9.32182329,4726,-0.0735577081,e818c6384e9722b8ea6a04ecc13483e9331c522f,0ce3ba605bfa0bb6fcfc2a988437c850d45e3e63,LineGaussRegularization,2026-09-07 16:02:35,
R1,dji9443_20260813_23_73_capped_captess4.msh,8016,krylov_jacobi,63,0.0172222222,10.6361957,5.88355082,19,19,1,true,extrap,1,-1,3,,,,jacobi cell_size=R/4,17,0.65,6,36,73,true,multi,64,64,0.0844302019,0.000113042159,0.0357891784,0.0533185703,0.0619667805,0.0520921459,4.66391898e-06,4.66391898e-07,true,0.765122652,9.871073,4809,-0.074872963,e818c6384e9722b8ea6a04ecc13483e9331c522f,0ce3ba605bfa0bb6fcfc2a988437c850d45e3e63,LineGaussRegularization,2026-09-07 16:02:35,
R1,dji9443_20260813_23_73_capped_captess4.msh,8016,krylov_jacobi,64,0.0175,10.9956891,5.56704103,19,19,1,true,extrap,1,-1,3,,,,jacobi cell_size=R/4,17,0.65,6,36,73,true,multi,64,64,0.0852805876,0.000114180948,0.0361496576,0.0538555989,0.062590892,0.0526168232,4.71089473e-06,4.71089473e-07,true,0.773842799,10.2218463,4891,-0.0759990313,e818c6384e9722b8ea6a04ecc13483e9331c522f,0ce3ba605bfa0bb6fcfc2a988437c850d45e3e63,LineGaussRegularization,2026-09-07 16:02:35,
R1,dji9443_20260813_23_73_capped_captess4.msh,8016,krylov_jacobi,65,0.0177777778,11.3989129,6.05225587,19,19,1,true,extrap,1,-1,3,,,,jacobi cell_size=R/4,17,0.65,6,36,73,true,multi,64,64,0.0860536736,0.000115197104,0.0364773987,0.0543437643,0.0631582771,0.0530937797,4.75359756e-06,4.75359756e-07,true,0.782390862,10.616522,4975,-0.07697496,e818c6384e9722b8ea6a04ecc13483e9331c522f,0ce3ba605bfa0bb6fcfc2a988437c850d45e3e63,LineGaussRegularization,2026-09-07 16:02:35,
R1,dji9443_20260813_23_73_capped_captess4.msh,8016,krylov_jacobi,66,0.0180555556,8.62337884,5.50642591,19,19,1,true,extrap,1,-1,3,,,,jacobi cell_size=R/4,17,0.65,6,36,73,true,multi,64,64,0.0867464833,0.000116139557,0.0367710358,0.0547813102,0.0636667598,0.0535212342,4.79186921e-06,4.79186921e-07,true,0.843611976,7.77976687,5055,-0.0778430607,e818c6384e9722b8ea6a04ecc13483e9331c522f,0ce3ba605bfa0bb6fcfc2a988437c850d45e3e63,LineGaussRegularization,2026-09-07 16:02:35,
R1,dji9443_20260813_23_73_capped_captess4.msh,8016,krylov_jacobi,67,0.0183333333,8.64048198,5.82145539,19,19,1,true,extrap,1,-1,3,,,,jacobi cell_size=R/4,17,0.65,6,36,73,true,multi,64,64,0.0873562071,0.000116967613,0.0370295525,0.0551663783,0.0641142835,0.0538974395,4.82555143e-06,4.82555143e-07,true,0.768190594,7.87229139,5133,-0.0786264334,e818c6384e9722b8ea6a04ecc13483e9331c522f,0ce3ba605bfa0bb6fcfc2a988437c850d45e3e63,LineGaussRegularization,2026-09-07 16:02:35,
R1,dji9443_20260813_23_73_capped_captess4.msh,8016,krylov_jacobi,68,0.0186111111,8.59676696,5.73139654,19,19,1,true,extrap,1,-1,3,,,,jacobi cell_size=R/4,17,0.65,6,36,73,true,multi,64,64,0.0878799858,0.000117648064,0.0372515464,0.0554971727,0.064498657,0.0542206061,4.85448595e-06,4.85448595e-07,true,0.774047273,7.82271968,5216,-0.0793378405,e818c6384e9722b8ea6a04ecc13483e9331c522f,0ce3ba605bfa0bb6fcfc2a988437c850d45e3e63,LineGaussRegularization,2026-09-07 16:02:35,
R1,dji9443_20260813_23_73_capped_captess4.msh,8016,krylov_jacobi,69,0.0188888889,8.88391051,5.7947602,19,19,1,true,extrap,1,-1,3,,,,jacobi cell_size=R/4,17,0.65,6,36,73,true,multi,64,64,0.0883149414,0.000118228376,0.0374359398,0.055771837,0.0648179828,0.0544889838,4.87851454e-06,4.87851454e-07,true,0.846849968,8.03706055,5297,-0.079949101,e818c6384e9722b8ea6a04ecc13483e9331c522f,0ce3ba605bfa0bb6fcfc2a988437c850d45e3e63,LineGaussRegularization,2026-09-07 16:02:35,
R1,dji9443_20260813_23_73_capped_captess4.msh,8016,krylov_jacobi,70,0.0191666667,8.43477314,5.61935906,19,19,1,true,extrap,1,-1,3,,,,jacobi cell_size=R/4,17,0.65,6,36,73,true,multi,64,64,0.0886582822,0.000118674467,0.0375814746,0.0559886025,0.065069905,0.0547008052,4.89747892e-06,4.89747892e-07,true,0.858087582,7.57668556,5378,-0.0804072625,e818c6384e9722b8ea6a04ecc13483e9331c522f,0ce3ba605bfa0bb6fcfc2a988437c850d45e3e63,LineGaussRegularization,2026-09-07 16:02:35,
R1,dji9443_20260813_23_73_capped_captess4.msh,8016,krylov_jacobi,71,0.0194444444,8.27964061,5.49941445,19,19,1,true,extrap,1,-1,3,,,,jacobi cell_size=R/4,17,0.65,6,36,73,true,multi,64,64,0.0889070575,0.000118994677,0.0376869036,0.0561457266,0.0652525352,0.0548542961,4.91122084e-06,4.91122084e-07,true,0.829331139,7.45030947,5456,-0.0806525849,e818c6384e9722b8ea6a04ecc13483e9331c522f,0ce3ba605bfa0bb6fcfc2a988437c850d45e3e63,LineGaussRegularization,2026-09-07 16:02:35,
R1,dji9443_20260813_23_73_capped_captess4.msh,8016,krylov_jacobi,72,0.0197222222,8.64630044,5.75006369,19,19,1,true,extrap,1,-1,3,,,,jacobi cell_size=R/4,17,0.65,6,36,73,true,multi,64,64,0.0890584375,0.000119238954,0.0377510433,0.0562413513,0.0653636255,0.0549476964,4.91958205e-06,4.91958205e-07,true,0.769132187,7.87716825,5534,-0.0806679958,e818c6384e9722b8ea6a04ecc13483e9331c522f,0ce3ba605bfa0bb6fcfc2a988437c850d45e3e63,LineGaussRegularization,2026-09-07 16:02:35,
R1,dji9443_20260813_23_73_capped_captess4.msh,8016,krylov_jacobi,73,0.02,8.86919984,5.41143691,19,19,1,true,extrap,1,-1,3,5614,83240.5801,,jacobi cell_size=R/4,17,0.65,6,36,73,true,multi,64,64,0.0891095115,0.000119291901,0.0377727052,0.0562736055,0.0654010953,0.0549792164,4.92240429e-06,4.92240429e-07,true,0.746864672,8.12233517,5614,-0.0804185199,e818c6384e9722b8ea6a04ecc13483e9331c522f,0ce3ba605bfa0bb6fcfc2a988437c850d45e3e63,LineGaussRegularization,2026-09-07 16:02:35,
R1,dji9443_20260813_23_73_capped_captess4.msh,8016,krylov_ilu,1,0,49.7584478,7.76236346,7,7,1,true,cold,0,-1,3,,,12.5855272,ilu leaf10/mac1.0,17,0.65,6,36,73,true,multi,64,64,5.6020002e-08,4.29577142e-12,2.58371007e-09,5.67439014e-09,1.10941646e-08,1.04987873e-08,1e-14,1e-15,false,1.12163801,48.6368098,0,0.0533282656,e818c6384e9722b8ea6a04ecc13483e9331c522f,0ce3ba605bfa0bb6fcfc2a988437c850d45e3e63,LineGaussRegularization,2026-09-07 16:12:34,"RHPC setup-only include; t_solve = solve_formulation! wall (incl. the per-step Dirichlet source-potential assembly inside solve!); t_step from maneuver! deltas; niter now recorded for FGS as well as Krylov (Phase 3); niter=-1 means a direct solve. niter is the LAST inner solve of the step (legacy diagnostic); niter_first is the FIRST and is the warmstart comparison metric; nsolves is the per-body solve count of the step (must be 1 for a one-body run; -1 = unavailable); solved is the AND of the step's inner convergence flags. Wake-developed averages should drop the first skip_steps rows. bcerr_* are order statistics of the per-panel Dirichlet BC residual |phi_sigma + G_mu x| from ONE bc_error! pass per step; bcerr_tol is THIS arm's own effective absolute acceptance level, so bcerr_max <= bcerr_tol is the arm's promise checked independently. The pass requests an absolute FMM error of bcerr_eps = BCERR_SAFETY * bcerr_tol, so the instrument is ~10x sharper than the acceptance level by construction; bcerr_certified=false means some M2L pair could not certify that bound and the row is UNCERTIFIED. The pass is EXCLUDED from t_solve, but NOT from t_step_total (it lies inside the maneuver!-to-maneuver! window); use t_step_net = t_step_total - t_bcerr for full-timestep share. Its own cost is t_bcerr (~62% of t_solve at R1 — it certifies to 10x below tol_abs, so the FMM climbs its order). BCERR_EVERY>1 subsamples it; skipped steps write EMPTY bcerr_* cells, never a fabricated value. n_particles and CT are per-step identity REPORTING, not assertions: the wake is chaotic, so small differences compound and exact trajectory identity is not expected. CT requires RUN_MONITORS=true (default under PHASE=phase3)."
R1,dji9443_20260813_23_73_capped_captess4.msh,8016,krylov_ilu,2,0.000277777778,7.77832835,3.28090702,8,8,1,true,cold,0,-1,3,,,,ilu leaf10/mac1.0,17,0.65,6,36,73,true,multi,64,64,5.10913452e-05,6.61285731e-08,2.16569326e-05,3.22645731e-05,3.74989158e-05,3.15222043e-05,2.82224753e-09,2.82224753e-10,false,0.958018226,6.82031013,0,0.0738110606,e818c6384e9722b8ea6a04ecc13483e9331c522f,0ce3ba605bfa0bb6fcfc2a988437c850d45e3e63,LineGaussRegularization,2026-09-07 16:12:35,
R1,dji9443_20260813_23_73_capped_captess4.msh,8016,krylov_ilu,3,0.000555555556,6.44482342,2.76202517,8,8,1,true,cold,0,-1,3,,,,ilu leaf10/mac1.0,17,0.65,6,36,73,true,multi,64,64,0.000202452861,2.70010606e-07,8.58174431e-05,0.000127848541,0.000148589715,0.00012490897,1.11834559e-08,1.11834559e-09,false,0.782132535,5.66269088,84,0.091369512,e818c6384e9722b8ea6a04ecc13483e9331c522f,0ce3ba605bfa0bb6fcfc2a988437c850d45e3e63,LineGaussRegularization,2026-09-07 16:12:35,
R1,dji9443_20260813_23_73_capped_captess4.msh,8016,krylov_ilu,4,0.000833333333,4.64763484,2.84726843,8,8,1,true,cold,0,-1,3,,,,ilu leaf10/mac1.0,17,0.65,6,36,73,true,multi,64,64,0.00045122064,6.03593491e-07,0.000191267817,0.000284949617,0.00033117056,0.000278395539,2.49253789e-08,2.49253789e-09,false,0.778833849,3.86880099,168,0.100586381,e818c6384e9722b8ea6a04ecc13483e9331c522f,0ce3ba605bfa0bb6fcfc2a988437c850d45e3e63,LineGaussRegularization,2026-09-07 16:12:35,
R1,dji9443_20260813_23_73_capped_captess4.msh,8016,krylov_ilu,5,0.00111111111,4.72292905,2.88265305,8,8,1,true,cold,0,-1,3,,,,ilu leaf10/mac1.0,17,0.65,6,36,73,true,multi,64,64,0.000794529918,1.06154965e-06,0.000336794081,0.000501753101,0.00058314156,0.000490212105,4.38897601e-08,4.38897601e-09,false,0.893574648,3.82935441,249,0.105160597,e818c6384e9722b8ea6a04ecc13483e9331c522f,0ce3ba605bfa0bb6fcfc2a988437c850d45e3e63,LineGaussRegularization,2026-09-07 16:12:35,
R1,dji9443_20260813_23_73_capped_captess4.msh,8016,krylov_ilu,6,0.00138888889,4.80312732,2.77192105,8,8,1,true,cold,0,-1,3,,,,ilu leaf10/mac1.0,17,0.65,6,36,73,true,multi,64,64,0.00122951552,1.64391383e-06,0.000521180313,0.000776463535,0.000902393935,0.000758592312,6.79183432e-08,6.79183432e-09,false,0.863497679,3.93962965,329,0.107104945,e818c6384e9722b8ea6a04ecc13483e9331c522f,0ce3ba605bfa0bb6fcfc2a988437c850d45e3e63,LineGaussRegularization,2026-09-07 16:12:35,
R1,dji9443_20260813_23_73_capped_captess4.msh,8016,krylov_ilu,7,0.00166666667,4.8792306,2.76506663,8,8,1,true,cold,0,-1,3,,,,ilu leaf10/mac1.0,17,0.65,6,36,73,true,multi,64,64,0.00175331325,2.34397458e-06,0.000743213604,0.00110723439,0.00128682839,0.00108176617,9.68528719e-08,9.68528719e-09,false,0.944354778,3.93487582,408,0.107517353,e818c6384e9722b8ea6a04ecc13483e9331c522f,0ce3ba605bfa0bb6fcfc2a988437c850d45e3e63,LineGaussRegularization,2026-09-07 16:12:35,
R1,dji9443_20260813_23_73_capped_captess4.msh,8016,krylov_ilu,8,0.00194444444,4.7160503,2.65779699,8,8,1,true,cold,0,-1,3,,,,ilu leaf10/mac1.0,17,0.65,6,36,73,true,multi,64,64,0.00236305676,3.1618161e-06,0.00100167861,0.0014922932,0.00173434441,0.00145796934,1.3053509e-07,1.3053509e-08,false,0.871031274,3.84501903,491,0.107007616,e818c6384e9722b8ea6a04ecc13483e9331c522f,0ce3ba605bfa0bb6fcfc2a988437c850d45e3e63,LineGaussRegularization,2026-09-07 16:12:35,
R1,dji9443_20260813_23_73_capped_captess4.msh,8016,krylov_ilu,9,0.00222222222,5.04882158,2.99644713,8,8,1,true,cold,0,-1,3,,,,ilu leaf10/mac1.0,17,0.65,6,36,73,true,multi,64,64,0.00305588182,4.09028122e-06,0.00129536051,0.00192982224,0.00224283826,0.001885432,1.68806741e-07,1.68806741e-08,false,0.77370036,4.27512122,569,0.105904395,e818c6384e9722b8ea6a04ecc13483e9331c522f,0ce3ba605bfa0bb6fcfc2a988437c850d45e3e63,LineGaussRegularization,2026-09-07 16:12:35,
R1,dji9443_20260813_23_73_capped_captess4.msh,8016,krylov_ilu,10,0.0025,5.19012523,2.74723851,8,8,1,true,cold,0,-1,3,,,,ilu leaf10/mac1.0,17,0.65,6,36,73,true,multi,64,64,0.00382892332,5.12439213e-06,0.00162304567,0.00241801004,0.00281020521,0.00236238887,2.11509569e-07,2.11509569e-08,false,0.754782066,4.43534317,649,0.104390265,e818c6384e9722b8ea6a04ecc13483e9331c522f,0ce3ba605bfa0bb6fcfc2a988437c850d45e3e63,LineGaussRegularization,2026-09-07 16:12:35,
R1,dji9443_20260813_23_73_capped_captess4.msh,8016,krylov_ilu,11,0.00277777778,5.18679616,3.02537009,8,8,1,true,cold,0,-1,3,,,,ilu leaf10/mac1.0,17,0.65,6,36,73,true,multi,64,64,0.00467932034,6.26138321e-06,0.00198352328,0.00295503654,0.0034343443,0.00288706785,2.58485317e-07,2.58485317e-08,false,0.851449722,4.33534644,730,0.102560409,e818c6384e9722b8ea6a04ecc13483e9331c522f,0ce3ba605bfa0bb6fcfc2a988437c850d45e3e63,LineGaussRegularization,2026-09-07 16:12:35,
R1,dji9443_20260813_23_73_capped_captess4.msh,8016,krylov_ilu,12,0.00305555556,4.86954623,2.72217304,8,8,1,true,cold,0,-1,3,,,,ilu leaf10/mac1.0,17,0.65,6,36,73,true,multi,64,64,0.00560420004,7.50113501e-06,0.00237557138,0.00353910853,0.00411315064,0.00345770467,3.09575729e-07,3.09575729e-08,false,0.779605962,4.08994027,810,0.100456184,e818c6384e9722b8ea6a04ecc13483e9331c522f,0ce3ba605bfa0bb6fcfc2a988437c850d45e3e63,LineGaussRegularization,2026-09-07 16:12:35,
R1,dji9443_20260813_23_73_capped_captess4.msh,8016,krylov_ilu,13,0.00333333333,5.02249586,2.8174273,8,8,1,true,cold,0,-1,3,,,,ilu leaf10/mac1.0,17,0.65,6,36,73,true,multi,64,64,0.00660070456,8.83457228e-06,0.00279797935,0.00416841393,0.00484452729,0.00407253341,3.64622549e-07,3.64622549e-08,true,0.760467735,4.26202813,891,0.0980784632,e818c6384e9722b8ea6a04ecc13483e9331c522f,0ce3ba605bfa0bb6fcfc2a988437c850d45e3e63,LineGaussRegularization,2026-09-07 16:12:35,
R1,dji9443_20260813_23_73_capped_captess4.msh,8016,krylov_ilu,14,0.00361111111,5.53432596,2.76297669,8,8,1,true,cold,0,-1,3,,,,ilu leaf10/mac1.0,17,0.65,6,36,73,true,multi,64,64,0.00766596688,1.02577955e-05,0.0032495362,0.00484114078,0.00562636696,0.00472978334,4.2346752e-07,4.2346752e-08,true,0.871940234,4.66238573,972,0.0954106292,e818c6384e9722b8ea6a04ecc13483e9331c522f,0ce3ba605bfa0bb6fcfc2a988437c850d45e3e63,LineGaussRegularization,2026-09-07 16:12:35,
R1,dji9443_20260813_23_73_capped_captess4.msh,8016,krylov_ilu,15,0.00388888889,5.0758969,2.73128143,8,8,1,true,cold,0,-1,3,,,,ilu leaf10/mac1.0,17,0.65,6,36,73,true,multi,64,64,0.00879711955,1.17727016e-05,0.00372902218,0.00555547917,0.006456561,0.00542768716,4.85952387e-07,4.85952387e-08,false,0.871062883,4.20483402,1050,0.092411642,e818c6384e9722b8ea6a04ecc13483e9331c522f,0ce3ba605bfa0bb6fcfc2a988437c850d45e3e63,LineGaussRegularization,2026-09-07 16:12:35,
R1,dji9443_20260813_23_73_capped_captess4.msh,8016,krylov_ilu,16,0.00416666667,5.03759926,2.80237591,8,8,1,true,cold,0,-1,3,,,,ilu leaf10/mac1.0,17,0.65,6,36,73,true,multi,64,64,0.0099913001,1.33710394e-05,0.00423522346,0.0063096129,0.00733302115,0.00616447856,5.51918892e-07,5.51918892e-08,true,0.77329061,4.26430865,1126,0.0890360675,e818c6384e9722b8ea6a04ecc13483e9331c522f,0ce3ba605bfa0bb6fcfc2a988437c850d45e3e63,LineGaussRegularization,2026-09-07 16:12:35,
R1,dji9443_20260813_23_73_capped_captess4.msh,8016,krylov_ilu,17,0.00444444444,4.8939497,2.66928043,8,8,1,true,cold,0,-1,3,,,,ilu leaf10/mac1.0,17,0.65,6,36,73,true,multi,64,64,0.0112456431,1.50505705e-05,0.00476693231,0.00710174059,0.0082536348,0.00693838939,6.2120878e-07,6.2120878e-08,true,0.861856723,4.03209298,1204,0.085234094,e818c6384e9722b8ea6a04ecc13483e9331c522f,0ce3ba605bfa0bb6fcfc2a988437c850d45e3e63,LineGaussRegularization,2026-09-07 16:12:35,
R1,dji9443_20260813_23_73_capped_captess4.msh,8016,krylov_ilu,18,0.00472222222,5.23874113,2.97545143,8,8,1,true,cold,0,-1,3,,,,ilu leaf10/mac1.0,17,0.65,6,36,73,true,multi,64,64,0.0125572743,1.68074407e-05,0.00532292932,0.00793006114,0.00921630086,0.00774765391,6.93663794e-07,6.93663794e-08,true,0.768390512,4.47035062,1283,0.0810049788,e818c6384e9722b8ea6a04ecc13483e9331c522f,0ce3ba605bfa0bb6fcfc2a988437c850d45e3e63,LineGaussRegularization,2026-09-07 16:12:35,
R1,dji9443_20260813_23_73_capped_captess4.msh,8016,krylov_ilu,19,0.005,5.33395501,2.61492508,8,8,1,true,cold,0,-1,3,,,,ilu leaf10/mac1.0,17,0.65,6,36,73,true,multi,64,64,0.0139233547,1.86365276e-05,0.00590199494,0.00879274848,0.0102189187,0.00859050114,7.69125678e-07,7.69125678e-08,true,0.875742468,4.45821254,1362,0.0764214165,e818c6384e9722b8ea6a04ecc13483e9331c522f,0ce3ba605bfa0bb6fcfc2a988437c850d45e3e63,LineGaussRegularization,2026-09-07 16:12:35,
R1,dji9443_20260813_23_73_capped_captess4.msh,8016,krylov_ilu,20,0.00527777778,5.26327594,2.95267517,8,8,1,true,cold,0,-1,3,,,,ilu leaf10/mac1.0,17,0.65,6,36,73,true,multi,64,64,0.0153410036,2.05365607e-05,0.00650291286,0.00968800348,0.0112593872,0.00946516443,8.47436176e-07,8.47436176e-08,true,0.787396209,4.47587974,1435,0.0716455521,e818c6384e9722b8ea6a04ecc13483e9331c522f,0ce3ba605bfa0bb6fcfc2a988437c850d45e3e63,LineGaussRegularization,2026-09-07 16:12:35,
R1,dji9443_20260813_23_73_capped_captess4.msh,8016,krylov_ilu,21,0.00555555556,5.0163057,2.65431938,8,8,1,true,cold,0,-1,3,,,,ilu leaf10/mac1.0,17,0.65,6,36,73,true,multi,64,64,0.0168073492,2.25022968e-05,0.00712448482,0.0106140192,0.0123355892,0.010369876,9.28437031e-07,9.28437031e-08,true,0.853516281,4.16278942,1514,0.0668964431,e818c6384e9722b8ea6a04ecc13483e9331c522f,0ce3ba605bfa0bb6fcfc2a988437c850d45e3e63,LineGaussRegularization,2026-09-07 16:12:35,
R1,dji9443_20260813_23_73_capped_captess4.msh,8016,krylov_ilu,22,0.00583333333,4.81659805,2.52370974,7,7,1,true,cold,0,-1,3,,,,ilu leaf10/mac1.0,17,0.65,6,36,73,true,multi,64,64,0.0183195329,2.45579887e-05,0.0077654495,0.0115689793,0.0134454396,0.0113028702,1.01196999e-06,1.01196999e-07,true,0.767704951,4.0488931,1595,0.062386895,e818c6384e9722b8ea6a04ecc13483e9331c522f,0ce3ba605bfa0bb6fcfc2a988437c850d45e3e63,LineGaussRegularization,2026-09-07 16:12:35,
R1,dji9443_20260813_23_73_capped_captess4.msh,8016,krylov_ilu,23,0.00611111111,5.04982101,2.70083297,7,7,1,true,cold,0,-1,3,,,,ilu leaf10/mac1.0,17,0.65,6,36,73,true,multi,64,64,0.0198746945,2.66393722e-05,0.00842467837,0.0125510713,0.0145868334,0.0122623779,1.09787679e-06,1.09787679e-07,true,0.776299702,4.27352131,1675,0.0582299711,e818c6384e9722b8ea6a04ecc13483e9331c522f,0ce3ba605bfa0bb6fcfc2a988437c850d45e3e63,LineGaussRegularization,2026-09-07 16:12:35,
R1,dji9443_20260813_23_73_capped_captess4.msh,8016,krylov_ilu,24,0.00638888889,4.95501229,2.50109446,7,7,1,true,cold,0,-1,3,,,,ilu leaf10/mac1.0,17,0.65,6,36,73,true,multi,64,64,0.0214699656,2.87706587e-05,0.00910089998,0.0135585041,0.0157576526,0.0132466333,1.18599918e-06,1.18599918e-07,true,0.874295633,4.08071665,1755,0.0544382909,e818c6384e9722b8ea6a04ecc13483e9331c522f,0ce3ba605bfa0bb6fcfc2a988437c850d45e3e63,LineGaussRegularization,2026-09-07 16:12:35,
R1,dji9443_20260813_23_73_capped_captess4.msh,8016,krylov_ilu,25,0.00666666667,5.82649034,2.47220846,7,7,1,true,cold,0,-1,3,,,,ilu leaf10/mac1.0,17,0.65,6,36,73,true,multi,64,64,0.023102465,3.09564002e-05,0.00979290312,0.0145894312,0.0169558302,0.0142538613,1.2761789e-06,1.2761789e-07,true,0.773648264,5.05284208,1836,0.0509462621,e818c6384e9722b8ea6a04ecc13483e9331c522f,0ce3ba605bfa0bb6fcfc2a988437c850d45e3e63,LineGaussRegularization,2026-09-07 16:12:35,
R1,dji9443_20260813_23_73_capped_captess4.msh,8016,krylov_ilu,26,0.00694444444,5.08697174,2.42149997,7,7,1,true,cold,0,-1,3,,,,ilu leaf10/mac1.0,17,0.65,6,36,73,true,multi,64,64,0.0247693597,3.31807121e-05,0.0104994833,0.0156421056,0.0181792175,0.0152823103,1.36825769e-06,1.36825769e-07,true,0.901223226,4.18574851,1917,0.0476652902,e818c6384e9722b8ea6a04ecc13483e9331c522f,0ce3ba605bfa0bb6fcfc2a988437c850d45e3e63,LineGaussRegularization,2026-09-07 16:12:35,
R1,dji9443_20260813_23_73_capped_captess4.msh,8016,krylov_ilu,27,0.00722222222,5.08505405,2.67047621,7,7,1,true,cold,0,-1,3,,,,ilu leaf10/mac1.0,17,0.65,6,36,73,true,multi,64,64,0.026467731,3.54512908e-05,0.0112194354,0.0167146669,0.0194257463,0.0163302,1.46207731e-06,1.46207731e-07,true,0.791657046,4.29339701,1995,0.0445059299,e818c6384e9722b8ea6a04ecc13483e9331c522f,0ce3ba605bfa0bb6fcfc2a988437c850d45e3e63,LineGaussRegularization,2026-09-07 16:12:35,
R1,dji9443_20260813_23_73_capped_captess4.msh,8016,krylov_ilu,28,0.0075,5.72870838,2.59687233,7,7,1,true,cold,0,-1,3,,,,ilu leaf10/mac1.0,17,0.65,6,36,73,true,multi,64,64,0.0281948103,3.77714264e-05,0.0119515184,0.01780532,0.0206933005,0.0173957654,1.55747949e-06,1.55747949e-07,true,0.905482639,4.82322574,2073,0.0413815947,e818c6384e9722b8ea6a04ecc13483e9331c522f,0ce3ba605bfa0bb6fcfc2a988437c850d45e3e63,LineGaussRegularization,2026-09-07 16:12:35,
R1,dji9443_20260813_23_73_capped_captess4.msh,8016,krylov_ilu,29,0.00777777778,5.42635722,2.8352496,7,7,1,true,cold,0,-1,3,,,,ilu leaf10/mac1.0,17,0.65,6,36,73,true,multi,64,64,0.0299476401,4.01167668e-05,0.0126945341,0.0189122601,0.0219797856,0.0184772399,1.65430597e-06,1.65430597e-07,true,0.809773811,4.61658341,2153,0.038218407,e818c6384e9722b8ea6a04ecc13483e9331c522f,0ce3ba605bfa0bb6fcfc2a988437c850d45e3e63,LineGaussRegularization,2026-09-07 16:12:35,
R1,dji9443_20260813_23_73_capped_captess4.msh,8016,krylov_ilu,30,0.00805555556,5.05468255,2.43355278,7,7,1,true,cold,0,-1,3,,,,ilu leaf10/mac1.0,17,0.65,6,36,73,true,multi,64,64,0.031723382,4.24867577e-05,0.0134472534,0.0200336515,0.0232830826,0.0195728462,1.75239851e-06,1.75239851e-07,true,0.862460637,4.19222191,2234,0.0349452459,e818c6384e9722b8ea6a04ecc13483e9331c522f,0ce3ba605bfa0bb6fcfc2a988437c850d45e3e63,LineGaussRegularization,2026-09-07 16:12:35,
R1,dji9443_20260813_23_73_capped_captess4.msh,8016,krylov_ilu,31,0.00833333333,5.15335684,2.56424228,7,7,1,true,cold,0,-1,3,,,,ilu leaf10/mac1.0,17,0.65,6,36,73,true,multi,64,64,0.033519201,4.48848118e-05,0.0142084703,0.0211677301,0.0246010991,0.0206808323,1.85159884e-06,1.85159884e-07,true,0.767621735,4.3857351,2311,0.0314805534,e818c6384e9722b8ea6a04ecc13483e9331c522f,0ce3ba605bfa0bb6fcfc2a988437c850d45e3e63,LineGaussRegularization,2026-09-07 16:12:35,
R1,dji9443_20260813_23_73_capped_captess4.msh,8016,krylov_ilu,32,0.00861111111,5.43759758,2.62654303,7,7,1,true,cold,0,-1,3,,,,ilu leaf10/mac1.0,17,0.65,6,36,73,true,multi,64,64,0.0353322062,4.72890703e-05,0.0149770071,0.0223126372,0.0259317258,0.0217994244,1.95174871e-06,1.95174871e-07,true,0.791261452,4.64633613,2389,0.027728424,e818c6384e9722b8ea6a04ecc13483e9331c522f,0ce3ba605bfa0bb6fcfc2a988437c850d45e3e63,LineGaussRegularization,2026-09-07 16:12:35,
R1,dji9443_20260813_23_73_capped_captess4.msh,8016,krylov_ilu,33,0.00888888889,5.36354145,2.57966063,7,7,1,true,cold,0,-1,3,,,,ilu leaf10/mac1.0,17,0.65,6,36,73,true,multi,64,64,0.0371595484,4.97505658e-05,0.0157516077,0.0234666314,0.0272728736,0.0229268616,2.05268986e-06,2.05268986e-07,true,0.796924847,4.5666166,2469,0.0236125891,e818c6384e9722b8ea6a04ecc13483e9331c522f,0ce3ba605bfa0bb6fcfc2a988437c850d45e3e63,LineGaussRegularization,2026-09-07 16:12:35,
R1,dji9443_20260813_23_73_capped_captess4.msh,8016,krylov_ilu,34,0.00916666667,5.36064786,2.48812844,7,7,1,true,cold,0,-1,3,,,,ilu leaf10/mac1.0,17,0.65,6,36,73,true,multi,64,64,0.0389983093,5.2201744e-05,0.016531035,0.024627814,0.0286224503,0.0240613504,2.15426403e-06,2.15426403e-07,true,0.868921633,4.49172622,2541,0.0191008117,e818c6384e9722b8ea6a04ecc13483e9331c522f,0ce3ba605bfa0bb6fcfc2a988437c850d45e3e63,LineGaussRegularization,2026-09-07 16:12:35,
R1,dji9443_20260813_23_73_capped_captess4.msh,8016,krylov_ilu,35,0.00944444444,5.26465202,2.51173734,7,7,1,true,cold,0,-1,3,,,,ilu leaf10/mac1.0,17,0.65,6,36,73,true,multi,64,64,0.0408456803,5.46796615e-05,0.0173141078,0.0257945294,0.0299783098,0.0252011808,2.25631298e-06,2.25631298e-07,true,0.760427951,4.50422407,2619,0.0142350232,e818c6384e9722b8ea6a04ecc13483e9331c522f,0ce3ba605bfa0bb6fcfc2a988437c850d45e3e63,LineGaussRegularization,2026-09-07 16:12:35,
R1,dji9443_20260813_23_73_capped_captess4.msh,8016,krylov_ilu,36,0.00972222222,5.66159057,2.63277436,7,7,1,true,cold,0,-1,3,,,,ilu leaf10/mac1.0,17,0.65,6,36,73,true,multi,64,64,0.0426987857,5.71568063e-05,0.0180996433,0.0269647766,0.0313383968,0.0263445073,2.35867844e-06,2.35867844e-07,true,0.776860424,4.88473015,2692,0.0091306755,e818c6384e9722b8ea6a04ecc13483e9331c522f,0ce3ba605bfa0bb6fcfc2a988437c850d45e3e63,LineGaussRegularization,2026-09-07 16:12:35,
R1,dji9443_20260813_23_73_capped_captess4.msh,8016,krylov_ilu,37,0.01,5.90943632,2.41148535,7,7,1,true,cold,0,-1,3,,,,ilu leaf10/mac1.0,17,0.65,6,36,73,true,multi,64,64,0.0445547378,5.96529486e-05,0.0188863524,0.0281367912,0.0327005586,0.0274896031,2.46120215e-06,2.46120215e-07,true,0.768356375,5.14107994,2765,0.00394325922,e818c6384e9722b8ea6a04ecc13483e9331c522f,0ce3ba605bfa0bb6fcfc2a988437c850d45e3e63,LineGaussRegularization,2026-09-07 16:12:35,
R1,dji9443_20260813_23_73_capped_captess4.msh,8016,krylov_ilu,38,0.0102777778,5.80614184,2.73208603,7,7,1,true,cold,0,-1,3,,,,ilu leaf10/mac1.0,17,0.65,6,36,73,true,multi,64,64,0.0464107075,6.21541259e-05,0.0196730605,0.0293088577,0.0340627018,0.0286347036,2.56372586e-06,2.56372586e-07,true,0.777197388,5.02894446,2845,-0.00115248273,e818c6384e9722b8ea6a04ecc13483e9331c522f,0ce3ba605bfa0bb6fcfc2a988437c850d45e3e63,LineGaussRegularization,2026-09-07 16:12:35,
R1,dji9443_20260813_23_73_capped_captess4.msh,8016,krylov_ilu,39,0.0105555556,5.63256466,2.42471375,7,7,1,true,cold,0,-1,3,,,,ilu leaf10/mac1.0,17,0.65,6,36,73,true,multi,64,64,0.0482638599,6.4652402e-05,0.0204586042,0.0304791199,0.0354227944,0.0297780484,2.66609132e-06,2.66609132e-07,true,0.84662663,4.78593803,2919,-0.00597290877,e818c6384e9722b8ea6a04ecc13483e9331c522f,0ce3ba605bfa0bb6fcfc2a988437c850d45e3e63,LineGaussRegularization,2026-09-07 16:12:35,
R1,dji9443_20260813_23_73_capped_captess4.msh,8016,krylov_ilu,40,0.0108333333,5.65280208,2.42792382,7,7,1,true,cold,0,-1,3,,,,ilu leaf10/mac1.0,17,0.65,6,36,73,true,multi,64,64,0.0501112136,6.70745378e-05,0.0212417025,0.0316457602,0.0367786571,0.0309178497,2.76814026e-06,2.76814026e-07,true,0.854494873,4.7983072,2992,-0.0103841944,e818c6384e9722b8ea6a04ecc13483e9331c522f,0ce3ba605bfa0bb6fcfc2a988437c850d45e3e63,LineGaussRegularization,2026-09-07 16:12:35,
R1,dji9443_20260813_23_73_capped_captess4.msh,8016,krylov_ilu,41,0.0111111111,5.79600374,2.55426277,7,7,1,true,cold,0,-1,3,,,,ilu leaf10/mac1.0,17,0.65,6,36,73,true,multi,64,64,0.0519499898,6.95563089e-05,0.0220211205,0.0328069615,0.038128188,0.0320523425,2.86971444e-06,2.86971444e-07,true,0.865077472,4.93092627,3067,-0.0143185025,e818c6384e9722b8ea6a04ecc13483e9331c522f,0ce3ba605bfa0bb6fcfc2a988437c850d45e3e63,LineGaussRegularization,2026-09-07 16:12:35,
R1,dji9443_20260813_23_73_capped_captess4.msh,8016,krylov_ilu,42,0.0113888889,5.79393793,2.46914989,7,7,1,true,cold,0,-1,3,,,,ilu leaf10/mac1.0,17,0.65,6,36,73,true,multi,64,64,0.0537773172,7.20092591e-05,0.0227957158,0.0339609284,0.0394693693,0.0331797765,2.97065559e-06,2.97065559e-07,true,0.899574263,4.89436367,3145,-0.0177847638,e818c6384e9722b8ea6a04ecc13483e9331c522f,0ce3ba605bfa0bb6fcfc2a988437c850d45e3e63,LineGaussRegularization,2026-09-07 16:12:35,
R1,dji9443_20260813_23_73_capped_captess4.msh,8016,krylov_ilu,43,0.0116666667,5.90202739,2.4747391,7,7,1,true,cold,0,-1,3,,,,ilu leaf10/mac1.0,17,0.65,6,36,73,true,multi,64,64,0.0555903013,7.44316248e-05,0.0235642311,0.0351058381,0.0407999891,0.0342983652,3.07080546e-06,3.07080546e-07,true,0.79047084,5.11155655,3220,-0.0208474785,e818c6384e9722b8ea6a04ecc13483e9331c522f,0ce3ba605bfa0bb6fcfc2a988437c850d45e3e63,LineGaussRegularization,2026-09-07 16:12:35,
R1,dji9443_20260813_23_73_capped_captess4.msh,8016,krylov_ilu,44,0.0119444444,5.76852536,2.37678758,7,7,1,true,cold,0,-1,3,,,,ilu leaf10/mac1.0,17,0.65,6,36,73,true,multi,64,64,0.0573861223,7.68239359e-05,0.0243254485,0.0362399499,0.042118027,0.0354063609,3.17000579e-06,3.17000579e-07,true,0.778693132,4.98983223,3296,-0.0236090729,e818c6384e9722b8ea6a04ecc13483e9331c522f,0ce3ba605bfa0bb6fcfc2a988437c850d45e3e63,LineGaussRegularization,2026-09-07 16:12:35,
R1,dji9443_20260813_23_73_capped_captess4.msh,8016,krylov_ilu,45,0.0122222222,6.2895333,2.57089662,7,7,1,true,cold,0,-1,3,,,,ilu leaf10/mac1.0,17,0.65,6,36,73,true,multi,64,64,0.059161866,7.92324575e-05,0.0250781665,0.0373613661,0.0434213269,0.0365019832,3.26809832e-06,3.26809832e-07,true,0.889584619,5.39994868,3370,-0.0261928877,e818c6384e9722b8ea6a04ecc13483e9331c522f,0ce3ba605bfa0bb6fcfc2a988437c850d45e3e63,LineGaussRegularization,2026-09-07 16:12:35,
R1,dji9443_20260813_23_73_capped_captess4.msh,8016,krylov_ilu,46,0.0125,6.69906706,2.49925598,7,7,1,true,cold,0,-1,3,,,,ilu leaf10/mac1.0,17,0.65,6,36,73,true,multi,64,64,0.0609147083,8.15823677e-05,0.0258211828,0.0384682788,0.0447077881,0.0375834477,3.36492481e-06,3.36492481e-07,true,0.768634709,5.93043235,3450,-0.0287295038,e818c6384e9722b8ea6a04ecc13483e9331c522f,0ce3ba605bfa0bb6fcfc2a988437c850d45e3e63,LineGaussRegularization,2026-09-07 16:12:35,
R1,dji9443_20260813_23_73_capped_captess4.msh,8016,krylov_ilu,47,0.0127777778,6.53648053,2.83113105,7,7,1,true,cold,0,-1,3,,,,ilu leaf10/mac1.0,17,0.65,6,36,73,true,multi,64,64,0.0626417784,8.38833528e-05,0.0265532737,0.0395589121,0.0459753724,0.0386490114,3.46032699e-06,3.46032699e-07,true,0.784565523,5.75191501,3526,-0.031333552,e818c6384e9722b8ea6a04ecc13483e9331c522f,0ce3ba605bfa0bb6fcfc2a988437c850d45e3e63,LineGaussRegularization,2026-09-07 16:12:35,
R1,dji9443_20260813_23_73_capped_captess4.msh,8016,krylov_ilu,48,0.0130555556,6.12256799,2.44360691,7,7,1,true,cold,0,-1,3,,,,ilu leaf10/mac1.0,17,0.65,6,36,73,true,multi,64,64,0.064340201,8.61504789e-05,0.0272731948,0.0406315093,0.0472218733,0.0396968943,3.5541466e-06,3.5541466e-07,true,0.863266207,5.25930179,3605,-0.0340914145,e818c6384e9722b8ea6a04ecc13483e9331c522f,0ce3ba605bfa0bb6fcfc2a988437c850d45e3e63,LineGaussRegularization,2026-09-07 16:12:35,
R1,dji9443_20260813_23_73_capped_captess4.msh,8016,krylov_ilu,49,0.0133333333,6.40989043,2.59339737,7,7,1,true,cold,0,-1,3,,,,ilu leaf10/mac1.0,17,0.65,6,36,73,true,multi,64,64,0.0660070672,8.84052714e-05,0.0279798307,0.041684163,0.0484452637,0.0407253411,3.6462254e-06,3.6462254e-07,true,0.853613307,5.55627712,3680,-0.0370568495,e818c6384e9722b8ea6a04ecc13483e9331c522f,0ce3ba605bfa0bb6fcfc2a988437c850d45e3e63,LineGaussRegularization,2026-09-07 16:12:35,
R1,dji9443_20260813_23_73_capped_captess4.msh,8016,krylov_ilu,50,0.0136111111,6.41201883,2.56829584,7,7,1,true,cold,0,-1,3,,,,ilu leaf10/mac1.0,17,0.65,6,36,73,true,multi,64,64,0.0676395595,9.05729998e-05,0.0286717965,0.0427150979,0.0496433976,0.0417325634,3.73640512e-06,3.73640512e-07,true,0.777601251,5.63441758,3762,-0.040248429,e818c6384e9722b8ea6a04ecc13483e9331c522f,0ce3ba605bfa0bb6fcfc2a988437c850d45e3e63,LineGaussRegularization,2026-09-07 16:12:35,
R1,dji9443_20260813_23_73_capped_captess4.msh,8016,krylov_ilu,51,0.0138888889,6.5849275,2.5515073,7,7,1,true,cold,0,-1,3,,,,ilu leaf10/mac1.0,17,0.65,6,36,73,true,multi,64,64,0.0692347834,9.27066261e-05,0.0293480207,0.0437225169,0.0508142645,0.042716821,3.82452751e-06,3.82452751e-07,true,0.770495904,5.8144316,3839,-0.0436440229,e818c6384e9722b8ea6a04ecc13483e9331c522f,0ce3ba605bfa0bb6fcfc2a988437c850d45e3e63,LineGaussRegularization,2026-09-07 16:12:35,
R1,dji9443_20260813_23_73_capped_captess4.msh,8016,krylov_ilu,52,0.0141666667,6.61031612,2.48587805,7,7,1,true,cold,0,-1,3,,,,ilu leaf10/mac1.0,17,0.65,6,36,73,true,multi,64,64,0.0707899642,9.47861415e-05,0.0300072414,0.0447045789,0.0519556486,0.0436763285,3.91043431e-06,3.91043431e-07,true,0.766451816,5.8438643,3918,-0.0471718176,e818c6384e9722b8ea6a04ecc13483e9331c522f,0ce3ba605bfa0bb6fcfc2a988437c850d45e3e63,LineGaussRegularization,2026-09-07 16:12:35,
R1,dji9443_20260813_23_73_capped_captess4.msh,8016,krylov_ilu,53,0.0144444444,6.74525754,2.38262849,7,7,1,true,cold,0,-1,3,,,,ilu leaf10/mac1.0,17,0.65,6,36,73,true,multi,64,64,0.0723021697,9.68020402e-05,0.0306482287,0.0456595625,0.0530655263,0.044609327,3.99396727e-06,3.99396727e-07,true,0.879154929,5.86610261,4000,-0.0507261165,e818c6384e9722b8ea6a04ecc13483e9331c522f,0ce3ba605bfa0bb6fcfc2a988437c850d45e3e63,LineGaussRegularization,2026-09-07 16:12:35,
R1,dji9443_20260813_23_73_capped_captess4.msh,8016,krylov_ilu,54,0.0147222222,6.72957242,2.60730125,7,7,1,true,cold,0,-1,3,,,,ilu leaf10/mac1.0,17,0.65,6,36,73,true,multi,64,64,0.0737685162,9.87978148e-05,0.0312697847,0.0465855883,0.0541417435,0.0455140496,4.07496812e-06,4.07496812e-07,true,0.76657639,5.96299603,4082,-0.0542020459,e818c6384e9722b8ea6a04ecc13483e9331c522f,0ce3ba605bfa0bb6fcfc2a988437c850d45e3e63,LineGaussRegularization,2026-09-07 16:12:35,
R1,dji9443_20260813_23_73_capped_captess4.msh,8016,krylov_ilu,55,0.015,7.28069508,2.39501066,7,7,1,true,cold,0,-1,3,,,,ilu leaf10/mac1.0,17,0.65,6,36,73,true,multi,64,64,0.0751861542,0.000100695331,0.0318707163,0.0474808528,0.0551821865,0.0463887141,4.15327862e-06,4.15327862e-07,true,0.764740155,6.51595492,4163,-0.0575012237,e818c6384e9722b8ea6a04ecc13483e9331c522f,0ce3ba605bfa0bb6fcfc2a988437c850d45e3e63,LineGaussRegularization,2026-09-07 16:12:35,
R1,dji9443_20260813_23_73_capped_captess4.msh,8016,krylov_ilu,56,0.0152777778,7.22685577,2.71969656,7,7,1,true,cold,0,-1,3,,,,ilu leaf10/mac1.0,17,0.65,6,36,73,true,multi,64,64,0.0765522649,0.000102511696,0.032449824,0.048343511,0.0561848224,0.0472315577,4.2287405e-06,4.2287405e-07,true,0.76784707,6.4590087,4246,-0.0605676248,e818c6384e9722b8ea6a04ecc13483e9331c522f,0ce3ba605bfa0bb6fcfc2a988437c850d45e3e63,LineGaussRegularization,2026-09-07 16:12:35,
R1,dji9443_20260813_23_73_capped_captess4.msh,8016,krylov_ilu,57,0.0155555556,6.78377712,2.40666463,7,7,1,true,cold,0,-1,3,,,,ilu leaf10/mac1.0,17,0.65,6,36,73,true,multi,64,64,0.077863905,0.000104277362,0.0330057847,0.0491718719,0.0571474832,0.0480408139,4.30119552e-06,4.30119552e-07,true,0.777939265,6.00583786,4323,-0.063381238,e818c6384e9722b8ea6a04ecc13483e9331c522f,0ce3ba605bfa0bb6fcfc2a988437c850d45e3e63,LineGaussRegularization,2026-09-07 16:12:35,
R1,dji9443_20260813_23_73_capped_captess4.msh,8016,krylov_ilu,58,0.0158333333,6.94709217,2.50761669,7,7,1,true,cold,0,-1,3,,,,ilu leaf10/mac1.0,17,0.65,6,36,73,true,multi,64,64,0.0791182179,0.000105970899,0.0335375386,0.0499639981,0.0580680988,0.0488147267,4.3704854e-06,4.3704854e-07,true,0.760546504,6.18654567,4404,-0.0659385577,e818c6384e9722b8ea6a04ecc13483e9331c522f,0ce3ba605bfa0bb6fcfc2a988437c850d45e3e63,LineGaussRegularization,2026-09-07 16:12:35,
R1,dji9443_20260813_23_73_capped_captess4.msh,8016,krylov_ilu,59,0.0161111111,7.10389011,2.57976062,7,7,1,true,cold,0,-1,3,,,,ilu leaf10/mac1.0,17,0.65,6,36,73,true,multi,64,64,0.0803123866,0.000107546362,0.0340437074,0.0507181469,0.0589444991,0.0495515092,4.43645191e-06,4.43645191e-07,true,0.769277029,6.33461309,4482,-0.0682161282,e818c6384e9722b8ea6a04ecc13483e9331c522f,0ce3ba605bfa0bb6fcfc2a988437c850d45e3e63,LineGaussRegularization,2026-09-07 16:12:35,
R1,dji9443_20260813_23_73_capped_captess4.msh,8016,krylov_ilu,60,0.0163888889,7.20740748,2.51230483,7,7,1,true,cold,0,-1,3,,,,ilu leaf10/mac1.0,17,0.65,6,36,73,true,multi,64,64,0.081443514,0.00010906401,0.0345232014,0.0514324512,0.0597747663,0.0502494137,4.49893678e-06,4.49893678e-07,true,0.955624859,6.25178262,4563,-0.0702358277,e818c6384e9722b8ea6a04ecc13483e9331c522f,0ce3ba605bfa0bb6fcfc2a988437c850d45e3e63,LineGaussRegularization,2026-09-07 16:12:35,
R1,dji9443_20260813_23_73_capped_captess4.msh,8016,krylov_ilu,61,0.0166666667,7.10966294,2.46686664,7,7,1,true,cold,0,-1,3,,,,ilu leaf10/mac1.0,17,0.65,6,36,73,true,multi,64,64,0.0825088012,0.000110477582,0.0349747598,0.052105151,0.0605565662,0.0509066691,4.55778175e-06,4.55778175e-07,true,0.791296706,6.31836623,4645,-0.0720158969,e818c6384e9722b8ea6a04ecc13483e9331c522f,0ce3ba605bfa0bb6fcfc2a988437c850d45e3e63,LineGaussRegularization,2026-09-07 16:12:35,
R1,dji9443_20260813_23_73_capped_captess4.msh,8016,krylov_ilu,62,0.0169444444,7.15468553,2.38843523,7,7,1,true,cold,0,-1,3,,,,ilu leaf10/mac1.0,17,0.65,6,36,73,true,multi,64,64,0.0835053158,0.000111799862,0.0353971515,0.0527344767,0.0612879806,0.0515214984,4.61282857e-06,4.61282857e-07,true,0.783510417,6.37117511,4726,-0.0735576312,e818c6384e9722b8ea6a04ecc13483e9331c522f,0ce3ba605bfa0bb6fcfc2a988437c850d45e3e63,LineGaussRegularization,2026-09-07 16:12:35,
R1,dji9443_20260813_23_73_capped_captess4.msh,8016,krylov_ilu,63,0.0172222222,7.49622246,2.66149191,7,7,1,true,cold,0,-1,3,,,,ilu leaf10/mac1.0,17,0.65,6,36,73,true,multi,64,64,0.0844302048,0.000113077749,0.0357891817,0.0533185688,0.0619667937,0.0520921466,4.66391898e-06,4.66391898e-07,true,0.77537388,6.72084858,4809,-0.0748728467,e818c6384e9722b8ea6a04ecc13483e9331c522f,0ce3ba605bfa0bb6fcfc2a988437c850d45e3e63,LineGaussRegularization,2026-09-07 16:12:35,
R1,dji9443_20260813_23_73_capped_captess4.msh,8016,krylov_ilu,64,0.0175,7.88835424,2.40578585,7,7,1,true,cold,0,-1,3,,,,ilu leaf10/mac1.0,17,0.65,6,36,73,true,multi,64,64,0.0852805904,0.000114216806,0.0361496612,0.0538555973,0.0625909053,0.0526168239,4.71089473e-06,4.71089473e-07,true,0.756869886,7.13148435,4891,-0.075998896,e818c6384e9722b8ea6a04ecc13483e9331c522f,0ce3ba605bfa0bb6fcfc2a988437c850d45e3e63,LineGaussRegularization,2026-09-07 16:12:35,
R1,dji9443_20260813_23_73_capped_captess4.msh,8016,krylov_ilu,65,0.0177777778,8.30808867,2.80211031,7,7,1,true,cold,0,-1,3,,,,ilu leaf10/mac1.0,17,0.65,6,36,73,true,multi,64,64,0.0860536763,0.00011523315,0.0364774028,0.0543437627,0.0631582904,0.0530937804,4.75359756e-06,4.75359756e-07,true,0.878458813,7.42962985,4975,-0.0769748423,e818c6384e9722b8ea6a04ecc13483e9331c522f,0ce3ba605bfa0bb6fcfc2a988437c850d45e3e63,LineGaussRegularization,2026-09-07 16:12:35,
R1,dji9443_20260813_23_73_capped_captess4.msh,8016,krylov_ilu,66,0.0180555556,5.61162396,2.44770059,7,7,1,true,cold,0,-1,3,,,,ilu leaf10/mac1.0,17,0.65,6,36,73,true,multi,64,64,0.0867464859,0.000116175715,0.0367710403,0.0547813085,0.0636667731,0.0535212349,4.79186921e-06,4.79186921e-07,true,0.840461699,4.77116226,5055,-0.0778429248,e818c6384e9722b8ea6a04ecc13483e9331c522f,0ce3ba605bfa0bb6fcfc2a988437c850d45e3e63,LineGaussRegularization,2026-09-07 16:12:35,
R1,dji9443_20260813_23_73_capped_captess4.msh,8016,krylov_ilu,67,0.0183333333,5.53286693,2.70030965,7,7,1,true,cold,0,-1,3,,,,ilu leaf10/mac1.0,17,0.65,6,36,73,true,multi,64,64,0.0873562095,0.000117003815,0.0370295577,0.0551663766,0.0641142966,0.0538974402,4.82555143e-06,4.82555143e-07,true,0.790203052,4.74266387,5133,-0.0786262712,e818c6384e9722b8ea6a04ecc13483e9331c522f,0ce3ba605bfa0bb6fcfc2a988437c850d45e3e63,LineGaussRegularization,2026-09-07 16:12:35,
R1,dji9443_20260813_23_73_capped_captess4.msh,8016,krylov_ilu,68,0.0186111111,5.47077131,2.53631601,7,7,1,true,cold,0,-1,3,,,,ilu leaf10/mac1.0,17,0.65,6,36,73,true,multi,64,64,0.0878799881,0.000117684253,0.0372515522,0.0554971708,0.0644986701,0.0542206068,4.85448595e-06,4.85448595e-07,true,0.791244452,4.67952686,5216,-0.0793376492,e818c6384e9722b8ea6a04ecc13483e9331c522f,0ce3ba605bfa0bb6fcfc2a988437c850d45e3e63,LineGaussRegularization,2026-09-07 16:12:35,
R1,dji9443_20260813_23_73_capped_captess4.msh,8016,krylov_ilu,69,0.0188888889,5.75026417,2.63251025,7,7,1,true,cold,0,-1,3,,,,ilu leaf10/mac1.0,17,0.65,6,36,73,true,multi,64,64,0.0883149435,0.000118264509,0.0374359463,0.0557718351,0.0648179956,0.0544889845,4.87851454e-06,4.87851454e-07,true,0.818674909,4.93158927,5297,-0.0799488355,e818c6384e9722b8ea6a04ecc13483e9331c522f,0ce3ba605bfa0bb6fcfc2a988437c850d45e3e63,LineGaussRegularization,2026-09-07 16:12:35,
R1,dji9443_20260813_23_73_capped_captess4.msh,8016,krylov_ilu,70,0.0191666667,5.39965112,2.54772462,7,7,1,true,cold,0,-1,3,,,,ilu leaf10/mac1.0,17,0.65,6,36,73,true,multi,64,64,0.0886582841,0.000118710489,0.0375814816,0.0559886006,0.0650699176,0.054700806,4.89747892e-06,4.89747892e-07,true,0.904273053,4.49537806,5378,-0.0804069785,e818c6384e9722b8ea6a04ecc13483e9331c522f,0ce3ba605bfa0bb6fcfc2a988437c850d45e3e63,LineGaussRegularization,2026-09-07 16:12:35,
R1,dji9443_20260813_23_73_capped_captess4.msh,8016,krylov_ilu,71,0.0194444444,5.38854547,2.48528929,7,7,1,true,cold,0,-1,3,,,,ilu leaf10/mac1.0,17,0.65,6,36,73,true,multi,64,64,0.0889070593,0.000119030559,0.0376869111,0.0561457246,0.0652525477,0.0548542968,4.91122084e-06,4.91122084e-07,true,0.775974012,4.61257146,5456,-0.0806524294,e818c6384e9722b8ea6a04ecc13483e9331c522f,0ce3ba605bfa0bb6fcfc2a988437c850d45e3e63,LineGaussRegularization,2026-09-07 16:12:35,
R1,dji9443_20260813_23_73_capped_captess4.msh,8016,krylov_ilu,72,0.0197222222,5.460799,2.63521296,7,7,1,true,cold,0,-1,3,,,,ilu leaf10/mac1.0,17,0.65,6,36,73,true,multi,64,64,0.0890584391,0.000119274705,0.0377510513,0.0562413493,0.0653636378,0.0549476971,4.91958205e-06,4.91958205e-07,true,0.771181155,4.68961784,5534,-0.0806677472,e818c6384e9722b8ea6a04ecc13483e9331c522f,0ce3ba605bfa0bb6fcfc2a988437c850d45e3e63,LineGaussRegularization,2026-09-07 16:12:35,
R1,dji9443_20260813_23_73_capped_captess4.msh,8016,krylov_ilu,73,0.02,6.01101504,2.42952784,7,7,1,true,cold,0,-1,3,5614,83240.2628,,ilu leaf10/mac1.0,17,0.65,6,36,73,true,multi,64,64,0.0891095129,0.000119327495,0.0377727134,0.0562736034,0.0654011075,0.0549792172,4.92240429e-06,4.92240429e-07,true,0.756204577,5.25481046,5614,-0.0804181471,e818c6384e9722b8ea6a04ecc13483e9331c522f,0ce3ba605bfa0bb6fcfc2a988437c850d45e3e63,LineGaussRegularization,2026-09-07 16:12:35,
R1,dji9443_20260813_23_73_capped_captess4.msh,8016,krylov_ilu,1,0,49.4571395,8.23831491,7,7,1,true,prev,0,-1,3,,,12.8072894,ilu leaf10/mac1.0,17,0.65,6,36,73,true,multi,64,64,5.6020002e-08,4.29577142e-12,2.58371007e-09,5.67439014e-09,1.10941646e-08,1.04987873e-08,1e-14,1e-15,false,1.06226202,48.3948775,0,0.0533282656,e818c6384e9722b8ea6a04ecc13483e9331c522f,0ce3ba605bfa0bb6fcfc2a988437c850d45e3e63,LineGaussRegularization,2026-09-07 16:22:05,"RHPC setup-only include; t_solve = solve_formulation! wall (incl. the per-step Dirichlet source-potential assembly inside solve!); t_step from maneuver! deltas; niter now recorded for FGS as well as Krylov (Phase 3); niter=-1 means a direct solve. niter is the LAST inner solve of the step (legacy diagnostic); niter_first is the FIRST and is the warmstart comparison metric; nsolves is the per-body solve count of the step (must be 1 for a one-body run; -1 = unavailable); solved is the AND of the step's inner convergence flags. Wake-developed averages should drop the first skip_steps rows. bcerr_* are order statistics of the per-panel Dirichlet BC residual |phi_sigma + G_mu x| from ONE bc_error! pass per step; bcerr_tol is THIS arm's own effective absolute acceptance level, so bcerr_max <= bcerr_tol is the arm's promise checked independently. The pass requests an absolute FMM error of bcerr_eps = BCERR_SAFETY * bcerr_tol, so the instrument is ~10x sharper than the acceptance level by construction; bcerr_certified=false means some M2L pair could not certify that bound and the row is UNCERTIFIED. The pass is EXCLUDED from t_solve, but NOT from t_step_total (it lies inside the maneuver!-to-maneuver! window); use t_step_net = t_step_total - t_bcerr for full-timestep share. Its own cost is t_bcerr (~62% of t_solve at R1 — it certifies to 10x below tol_abs, so the FMM climbs its order). BCERR_EVERY>1 subsamples it; skipped steps write EMPTY bcerr_* cells, never a fabricated value. n_particles and CT are per-step identity REPORTING, not assertions: the wake is chaotic, so small differences compound and exact trajectory identity is not expected. CT requires RUN_MONITORS=true (default under PHASE=phase3)."
R1,dji9443_20260813_23_73_capped_captess4.msh,8016,krylov_ilu,2,0.000277777778,7.60573075,3.3009058,8,8,1,true,prev,0,-1,3,,,,ilu leaf10/mac1.0,17,0.65,6,36,73,true,multi,64,64,5.10905421e-05,6.73995816e-08,2.16572304e-05,3.22645009e-05,3.74977445e-05,3.15222847e-05,2.82224753e-09,2.82224753e-10,false,0.865288757,6.740442,0,0.0738110645,e818c6384e9722b8ea6a04ecc13483e9331c522f,0ce3ba605bfa0bb6fcfc2a988437c850d45e3e63,LineGaussRegularization,2026-09-07 16:22:05,
R1,dji9443_20260813_23_73_capped_captess4.msh,8016,krylov_ilu,3,0.000555555556,6.55927858,2.90424243,8,8,1,true,prev,0,-1,3,,,,ilu leaf10/mac1.0,17,0.65,6,36,73,true,multi,64,64,0.000202452102,2.7157487e-07,8.58178013e-05,0.000127848537,0.000148588257,0.000124909122,1.11834559e-08,1.11834559e-09,false,0.761486331,5.79779225,84,0.0913695181,e818c6384e9722b8ea6a04ecc13483e9331c522f,0ce3ba605bfa0bb6fcfc2a988437c850d45e3e63,LineGaussRegularization,2026-09-07 16:22:05,
R1,dji9443_20260813_23_73_capped_captess4.msh,8016,krylov_ilu,4,0.000833333333,4.82867233,2.99382977,8,8,1,true,prev,0,-1,3,,,,ilu leaf10/mac1.0,17,0.65,6,36,73,true,multi,64,64,0.000451219852,6.05416988e-07,0.000191268138,0.000284949651,0.000331168848,0.000278395734,2.49253789e-08,2.49253789e-09,false,0.886002189,3.94267015,168,0.100586389,e818c6384e9722b8ea6a04ecc13483e9331c522f,0ce3ba605bfa0bb6fcfc2a988437c850d45e3e63,LineGaussRegularization,2026-09-07 16:22:05,
R1,dji9443_20260813_23_73_capped_captess4.msh,8016,krylov_ilu,5,0.00111111111,4.9140616,3.09133265,8,8,1,true,prev,0,-1,3,,,,ilu leaf10/mac1.0,17,0.65,6,36,73,true,multi,64,64,0.000794529159,1.06352168e-06,0.000336794238,0.000501753161,0.000583139793,0.00049021232,4.38897601e-08,4.38897601e-09,false,0.871238221,4.04282338,249,0.105160605,e818c6384e9722b8ea6a04ecc13483e9331c522f,0ce3ba605bfa0bb6fcfc2a988437c850d45e3e63,LineGaussRegularization,2026-09-07 16:22:05,
R1,dji9443_20260813_23_73_capped_captess4.msh,8016,krylov_ilu,6,0.00138888889,4.99171763,2.92622389,7,7,1,true,prev,0,-1,3,,,,ilu leaf10/mac1.0,17,0.65,6,36,73,true,multi,64,64,0.00122951499,1.64608713e-06,0.00052118005,0.000776463569,0.000902392153,0.000758592561,6.79183432e-08,6.79183432e-09,false,0.798233128,4.1934845,329,0.107104956,e818c6384e9722b8ea6a04ecc13483e9331c522f,0ce3ba605bfa0bb6fcfc2a988437c850d45e3e63,LineGaussRegularization,2026-09-07 16:22:05,
R1,dji9443_20260813_23_73_capped_captess4.msh,8016,krylov_ilu,7,0.00166666667,4.60518769,2.57407307,7,7,1,true,prev,0,-1,3,,,,ilu leaf10/mac1.0,17,0.65,6,36,73,true,multi,64,64,0.00175331273,2.34610008e-06,0.000743213572,0.00110723447,0.00128682693,0.0010817664,9.68528719e-08,9.68528719e-09,false,0.870219785,3.73496791,408,0.107517364,e818c6384e9722b8ea6a04ecc13483e9331c522f,0ce3ba605bfa0bb6fcfc2a988437c850d45e3e63,LineGaussRegularization,2026-09-07 16:22:05,
R1,dji9443_20260813_23_73_capped_captess4.msh,8016,krylov_ilu,8,0.00194444444,4.68130493,2.6909169,7,7,1,true,prev,0,-1,3,,,,ilu leaf10/mac1.0,17,0.65,6,36,73,true,multi,64,64,0.00236305619,3.1642319e-06,0.00100167831,0.0014922933,0.00173434259,0.00145796956,1.3053509e-07,1.3053509e-08,false,0.763628702,3.91767623,491,0.107007625,e818c6384e9722b8ea6a04ecc13483e9331c522f,0ce3ba605bfa0bb6fcfc2a988437c850d45e3e63,LineGaussRegularization,2026-09-07 16:22:05,
R1,dji9443_20260813_23_73_capped_captess4.msh,8016,krylov_ilu,9,0.00222222222,4.96593918,2.8730127,7,7,1,true,prev,0,-1,3,,,,ilu leaf10/mac1.0,17,0.65,6,36,73,true,multi,64,64,0.00305588132,4.09272515e-06,0.00129536006,0.00192982233,0.00224283669,0.00188543222,1.68806741e-07,1.68806741e-08,false,0.771254408,4.19468477,569,0.105904404,e818c6384e9722b8ea6a04ecc13483e9331c522f,0ce3ba605bfa0bb6fcfc2a988437c850d45e3e63,LineGaussRegularization,2026-09-07 16:22:05,
R1,dji9443_20260813_23_73_capped_captess4.msh,8016,krylov_ilu,10,0.0025,5.2277082,2.65724281,7,7,1,true,prev,0,-1,3,,,,ilu leaf10/mac1.0,17,0.65,6,36,73,true,multi,64,64,0.00382892288,5.12687939e-06,0.00162304514,0.00241801012,0.00281020384,0.00236238908,2.11509569e-07,2.11509569e-08,false,0.857878415,4.36982979,649,0.104390273,e818c6384e9722b8ea6a04ecc13483e9331c522f,0ce3ba605bfa0bb6fcfc2a988437c850d45e3e63,LineGaussRegularization,2026-09-07 16:22:05,
R1,dji9443_20260813_23_73_capped_captess4.msh,8016,krylov_ilu,11,0.00277777778,5.42865053,3.31825255,8,8,1,true,prev,0,-1,3,,,,ilu leaf10/mac1.0,17,0.65,6,36,73,true,multi,64,64,0.00467931965,6.26371488e-06,0.00198352304,0.00295503674,0.0034343428,0.00288706806,2.58485317e-07,2.58485317e-08,false,0.776863802,4.65178673,730,0.102560417,e818c6384e9722b8ea6a04ecc13483e9331c522f,0ce3ba605bfa0bb6fcfc2a988437c850d45e3e63,LineGaussRegularization,2026-09-07 16:22:05,
R1,dji9443_20260813_23_73_capped_captess4.msh,8016,krylov_ilu,12,0.00305555556,4.98230764,2.81814154,8,8,1,true,prev,0,-1,3,,,,ilu leaf10/mac1.0,17,0.65,6,36,73,true,multi,64,64,0.00560419938,7.50357095e-06,0.0023755711,0.00353910875,0.00411314921,0.00345770488,3.09575729e-07,3.09575729e-08,false,0.849565996,4.13274164,810,0.100456192,e818c6384e9722b8ea6a04ecc13483e9331c522f,0ce3ba605bfa0bb6fcfc2a988437c850d45e3e63,LineGaussRegularization,2026-09-07 16:22:05,
R1,dji9443_20260813_23_73_capped_captess4.msh,8016,krylov_ilu,13,0.00333333333,5.42397598,3.07097876,8,8,1,true,prev,0,-1,3,,,,ilu leaf10/mac1.0,17,0.65,6,36,73,true,multi,64,64,0.00660070395,8.83712836e-06,0.002797979,0.00416841417,0.00484452594,0.00407253362,3.64622549e-07,3.64622549e-08,true,0.770775067,4.65320092,891,0.0980784717,e818c6384e9722b8ea6a04ecc13483e9331c522f,0ce3ba605bfa0bb6fcfc2a988437c850d45e3e63,LineGaussRegularization,2026-09-07 16:22:05,
R1,dji9443_20260813_23_73_capped_captess4.msh,8016,krylov_ilu,14,0.00361111111,5.58449603,2.83711373,8,8,1,true,prev,0,-1,3,,,,ilu leaf10/mac1.0,17,0.65,6,36,73,true,multi,64,64,0.00766596633,1.02604756e-05,0.00324953578,0.00484114104,0.00562636569,0.00472978356,4.2346752e-07,4.2346752e-08,true,0.846926501,4.73756953,972,0.0954106375,e818c6384e9722b8ea6a04ecc13483e9331c522f,0ce3ba605bfa0bb6fcfc2a988437c850d45e3e63,LineGaussRegularization,2026-09-07 16:22:05,
R1,dji9443_20260813_23_73_capped_captess4.msh,8016,krylov_ilu,15,0.00388888889,5.41860973,3.08067188,8,8,1,true,prev,0,-1,3,,,,ilu leaf10/mac1.0,17,0.65,6,36,73,true,multi,64,64,0.00879711906,1.17755093e-05,0.00372902168,0.00555547945,0.00645655985,0.00542768738,4.85952387e-07,4.85952387e-08,false,0.862977816,4.55563192,1050,0.0924116501,e818c6384e9722b8ea6a04ecc13483e9331c522f,0ce3ba605bfa0bb6fcfc2a988437c850d45e3e63,LineGaussRegularization,2026-09-07 16:22:05,
R1,dji9443_20260813_23_73_capped_captess4.msh,8016,krylov_ilu,16,0.00416666667,5.20775143,2.97778243,8,8,1,true,prev,0,-1,3,,,,ilu leaf10/mac1.0,17,0.65,6,36,73,true,multi,64,64,0.00999129967,1.3373953e-05,0.00423522285,0.00630961315,0.00733302011,0.00616447878,5.51918892e-07,5.51918892e-08,true,0.836004027,4.3717474,1126,0.0890360753,e818c6384e9722b8ea6a04ecc13483e9331c522f,0ce3ba605bfa0bb6fcfc2a988437c850d45e3e63,LineGaussRegularization,2026-09-07 16:22:05,
R1,dji9443_20260813_23_73_capped_captess4.msh,8016,krylov_ilu,17,0.00444444444,5.1329892,2.9520034,8,8,1,true,prev,0,-1,3,,,,ilu leaf10/mac1.0,17,0.65,6,36,73,true,multi,64,64,0.0112456428,1.50535224e-05,0.0047669316,0.00710174089,0.00825363388,0.00693838962,6.2120878e-07,6.2120878e-08,true,0.776857406,4.35613179,1204,0.0852341016,e818c6384e9722b8ea6a04ecc13483e9331c522f,0ce3ba605bfa0bb6fcfc2a988437c850d45e3e63,LineGaussRegularization,2026-09-07 16:22:05,
R1,dji9443_20260813_23_73_capped_captess4.msh,8016,krylov_ilu,18,0.00472222222,5.36532909,3.00589139,8,8,1,true,prev,0,-1,3,,,,ilu leaf10/mac1.0,17,0.65,6,36,73,true,multi,64,64,0.012557274,1.68104272e-05,0.00532292851,0.00793006141,0.00921630009,0.00774765414,6.93663794e-07,6.93663794e-08,true,0.834535544,4.53079355,1283,0.0810049863,e818c6384e9722b8ea6a04ecc13483e9331c522f,0ce3ba605bfa0bb6fcfc2a988437c850d45e3e63,LineGaussRegularization,2026-09-07 16:22:05,
R1,dji9443_20260813_23_73_capped_captess4.msh,8016,krylov_ilu,19,0.005,5.57322234,2.77217265,8,8,1,true,prev,0,-1,3,,,,ilu leaf10/mac1.0,17,0.65,6,36,73,true,multi,64,64,0.0139233545,1.8639491e-05,0.00590199431,0.00879274871,0.010218918,0.00859050137,7.69125678e-07,7.69125678e-08,true,0.813451816,4.75977052,1362,0.0764214238,e818c6384e9722b8ea6a04ecc13483e9331c522f,0ce3ba605bfa0bb6fcfc2a988437c850d45e3e63,LineGaussRegularization,2026-09-07 16:22:05,
R1,dji9443_20260813_23_73_capped_captess4.msh,8016,krylov_ilu,20,0.00527777778,5.34422146,3.0560818,8,8,1,true,prev,0,-1,3,,,,ilu leaf10/mac1.0,17,0.65,6,36,73,true,multi,64,64,0.0153410034,2.0539432e-05,0.00650291252,0.00968800372,0.0112593866,0.00946516464,8.47436176e-07,8.47436176e-08,true,0.860933679,4.48328778,1435,0.0716455591,e818c6384e9722b8ea6a04ecc13483e9331c522f,0ce3ba605bfa0bb6fcfc2a988437c850d45e3e63,LineGaussRegularization,2026-09-07 16:22:05,
R1,dji9443_20260813_23_73_capped_captess4.msh,8016,krylov_ilu,21,0.00555555556,5.21423121,2.923133,8,8,1,true,prev,0,-1,3,,,,ilu leaf10/mac1.0,17,0.65,6,36,73,true,multi,64,64,0.0168073491,2.25050795e-05,0.00712448473,0.0106140195,0.0123355888,0.0103698762,9.28437031e-07,9.28437031e-08,true,0.760698084,4.45353313,1514,0.0668964498,e818c6384e9722b8ea6a04ecc13483e9331c522f,0ce3ba605bfa0bb6fcfc2a988437c850d45e3e63,LineGaussRegularization,2026-09-07 16:22:05,
R1,dji9443_20260813_23_73_capped_captess4.msh,8016,krylov_ilu,22,0.00583333333,5.29217623,2.98620881,8,8,1,true,prev,0,-1,3,,,,ilu leaf10/mac1.0,17,0.65,6,36,73,true,multi,64,64,0.0183195267,2.45228809e-05,0.0077654826,0.0115689778,0.0134454493,0.01130287,1.01196999e-06,1.01196999e-07,true,0.755769831,4.5364064,1595,0.0623869556,e818c6384e9722b8ea6a04ecc13483e9331c522f,0ce3ba605bfa0bb6fcfc2a988437c850d45e3e63,LineGaussRegularization,2026-09-07 16:22:05,
R1,dji9443_20260813_23_73_capped_captess4.msh,8016,krylov_ilu,23,0.00611111111,5.51777909,3.10419682,8,8,1,true,prev,0,-1,3,,,,ilu leaf10/mac1.0,17,0.65,6,36,73,true,multi,64,64,0.0198746878,2.66050757e-05,0.00842470884,0.0125510696,0.0145868418,0.0122623775,1.09787679e-06,1.09787679e-07,true,0.835672142,4.68210695,1675,0.0582300623,e818c6384e9722b8ea6a04ecc13483e9331c522f,0ce3ba605bfa0bb6fcfc2a988437c850d45e3e63,LineGaussRegularization,2026-09-07 16:22:05,
R1,dji9443_20260813_23_73_capped_captess4.msh,8016,krylov_ilu,24,0.00638888889,5.11078199,2.74181044,7,7,1,true,prev,0,-1,3,,,,ilu leaf10/mac1.0,17,0.65,6,36,73,true,multi,64,64,0.0214699589,2.87378418e-05,0.00910092819,0.0135585021,0.0157576605,0.0132466329,1.18599918e-06,1.18599918e-07,true,0.76223754,4.34854445,1755,0.0544384028,e818c6384e9722b8ea6a04ecc13483e9331c522f,0ce3ba605bfa0bb6fcfc2a988437c850d45e3e63,LineGaussRegularization,2026-09-07 16:22:05,
R1,dji9443_20260813_23_73_capped_captess4.msh,8016,krylov_ilu,25,0.00666666667,6.15718156,2.73208138,7,7,1,true,prev,0,-1,3,,,,ilu leaf10/mac1.0,17,0.65,6,36,73,true,multi,64,64,0.0231024581,3.09250727e-05,0.00979292919,0.0145894291,0.016955837,0.0142538608,1.2761789e-06,1.2761789e-07,true,0.76473572,5.39244584,1836,0.0509463766,e818c6384e9722b8ea6a04ecc13483e9331c522f,0ce3ba605bfa0bb6fcfc2a988437c850d45e3e63,LineGaussRegularization,2026-09-07 16:22:05,
R1,dji9443_20260813_23_73_capped_captess4.msh,8016,krylov_ilu,26,0.00694444444,5.17570357,2.52310335,7,7,1,true,prev,0,-1,3,,,,ilu leaf10/mac1.0,17,0.65,6,36,73,true,multi,64,64,0.0247693528,3.31512892e-05,0.0104995073,0.0156421036,0.0181792232,0.0152823097,1.36825769e-06,1.36825769e-07,true,0.848894119,4.32680945,1917,0.0476653938,e818c6384e9722b8ea6a04ecc13483e9331c522f,0ce3ba605bfa0bb6fcfc2a988437c850d45e3e63,LineGaussRegularization,2026-09-07 16:22:05,
R1,dji9443_20260813_23_73_capped_captess4.msh,8016,krylov_ilu,27,0.00722222222,5.22943692,2.84719844,7,7,1,true,prev,0,-1,3,,,,ilu leaf10/mac1.0,17,0.65,6,36,73,true,multi,64,64,0.0264677243,3.5424307e-05,0.0112194569,0.0167146653,0.0194257509,0.0163301993,1.46207731e-06,1.46207731e-07,true,0.762161443,4.46727548,1995,0.0445060126,e818c6384e9722b8ea6a04ecc13483e9331c522f,0ce3ba605bfa0bb6fcfc2a988437c850d45e3e63,LineGaussRegularization,2026-09-07 16:22:05,
R1,dji9443_20260813_23_73_capped_captess4.msh,8016,krylov_ilu,28,0.0075,5.6935499,2.60178645,7,7,1,true,prev,0,-1,3,,,,ilu leaf10/mac1.0,17,0.65,6,36,73,true,multi,64,64,0.0281948041,3.77475112e-05,0.0119515377,0.0178053189,0.0206933035,0.0173957648,1.55747949e-06,1.55747949e-07,true,0.831859094,4.86169081,2073,0.0413816513,e818c6384e9722b8ea6a04ecc13483e9331c522f,0ce3ba605bfa0bb6fcfc2a988437c850d45e3e63,LineGaussRegularization,2026-09-07 16:22:05,
R1,dji9443_20260813_23_73_capped_captess4.msh,8016,krylov_ilu,29,0.00777777778,5.65818867,3.01397977,7,7,1,true,prev,0,-1,3,,,,ilu leaf10/mac1.0,17,0.65,6,36,73,true,multi,64,64,0.0299476346,4.00963782e-05,0.0126945507,0.0189122595,0.0219797865,0.0184772394,1.65430597e-06,1.65430597e-07,true,0.837841179,4.82034749,2153,0.0382184391,e818c6384e9722b8ea6a04ecc13483e9331c522f,0ce3ba605bfa0bb6fcfc2a988437c850d45e3e63,LineGaussRegularization,2026-09-07 16:22:05,
R1,dji9443_20260813_23_73_capped_captess4.msh,8016,krylov_ilu,30,0.00805555556,5.05829596,2.57118716,7,7,1,true,prev,0,-1,3,,,,ilu leaf10/mac1.0,17,0.65,6,36,73,true,multi,64,64,0.0317233773,4.2470091e-05,0.0134472685,0.0200336515,0.0232830804,0.0195728458,1.75239851e-06,1.75239851e-07,true,0.757281692,4.30101426,2234,0.0349452612,e818c6384e9722b8ea6a04ecc13483e9331c522f,0ce3ba605bfa0bb6fcfc2a988437c850d45e3e63,LineGaussRegularization,2026-09-07 16:22:05,
R1,dji9443_20260813_23_73_capped_captess4.msh,8016,krylov_ilu,31,0.00833333333,5.34977816,2.82688259,7,7,1,true,prev,0,-1,3,,,,ilu leaf10/mac1.0,17,0.65,6,36,73,true,multi,64,64,0.0335191969,4.48719637e-05,0.0142084827,0.0211677306,0.0246010934,0.020680832,1.85159884e-06,1.85159884e-07,true,0.75241175,4.59736641,2311,0.0314805632,e818c6384e9722b8ea6a04ecc13483e9331c522f,0ce3ba605bfa0bb6fcfc2a988437c850d45e3e63,LineGaussRegularization,2026-09-07 16:22:05,
R1,dji9443_20260813_23_73_capped_captess4.msh,8016,krylov_ilu,32,0.00861111111,5.46931644,2.80313425,7,7,1,true,prev,0,-1,3,,,,ilu leaf10/mac1.0,17,0.65,6,36,73,true,multi,64,64,0.0353322027,4.72809114e-05,0.0149770151,0.0223126378,0.0259317168,0.0217994242,1.95174871e-06,1.95174871e-07,true,0.787372887,4.68194355,2389,0.0277284352,e818c6384e9722b8ea6a04ecc13483e9331c522f,0ce3ba605bfa0bb6fcfc2a988437c850d45e3e63,LineGaussRegularization,2026-09-07 16:22:05,
R1,dji9443_20260813_23_73_capped_captess4.msh,8016,krylov_ilu,33,0.00888888889,5.60058295,2.88393348,7,7,1,true,prev,0,-1,3,,,,ilu leaf10/mac1.0,17,0.65,6,36,73,true,multi,64,64,0.0371595451,4.97480759e-05,0.0157516096,0.0234666316,0.0272728706,0.0229268615,2.05268986e-06,2.05268986e-07,true,0.794836719,4.80574623,2469,0.023612596,e818c6384e9722b8ea6a04ecc13483e9331c522f,0ce3ba605bfa0bb6fcfc2a988437c850d45e3e63,LineGaussRegularization,2026-09-07 16:22:05,
R1,dji9443_20260813_23_73_capped_captess4.msh,8016,krylov_ilu,34,0.00916666667,5.48939499,2.66283274,7,7,1,true,prev,0,-1,3,,,,ilu leaf10/mac1.0,17,0.65,6,36,73,true,multi,64,64,0.0389983052,5.22000679e-05,0.0165310397,0.024627814,0.0286224371,0.0240613502,2.15426403e-06,2.15426403e-07,true,0.75725405,4.73214094,2541,0.0191008544,e818c6384e9722b8ea6a04ecc13483e9331c522f,0ce3ba605bfa0bb6fcfc2a988437c850d45e3e63,LineGaussRegularization,2026-09-07 16:22:05,
R1,dji9443_20260813_23_73_capped_captess4.msh,8016,krylov_ilu,35,0.00944444444,5.41647854,2.61922783,7,7,1,true,prev,0,-1,3,,,,ilu leaf10/mac1.0,17,0.65,6,36,73,true,multi,64,64,0.0408456747,5.46732505e-05,0.0173141125,0.0257945294,0.0299782948,0.0252011806,2.25631298e-06,2.25631298e-07,true,0.752272939,4.6642056,2619,0.0142351184,e818c6384e9722b8ea6a04ecc13483e9331c522f,0ce3ba605bfa0bb6fcfc2a988437c850d45e3e63,LineGaussRegularization,2026-09-07 16:22:05,
R1,dji9443_20260813_23_73_capped_captess4.msh,8016,krylov_ilu,36,0.00972222222,5.7893551,2.82876488,7,7,1,true,prev,0,-1,3,,,,ilu leaf10/mac1.0,17,0.65,6,36,73,true,multi,64,64,0.0426987802,5.71477354e-05,0.0180996495,0.0269647769,0.031338383,0.0263445071,2.35867844e-06,2.35867844e-07,true,0.822900409,4.96645469,2692,0.00913080765,e818c6384e9722b8ea6a04ecc13483e9331c522f,0ce3ba605bfa0bb6fcfc2a988437c850d45e3e63,LineGaussRegularization,2026-09-07 16:22:05,
R1,dji9443_20260813_23_73_capped_captess4.msh,8016,krylov_ilu,37,0.01,5.96454462,2.5647983,7,7,1,true,prev,0,-1,3,,,,ilu leaf10/mac1.0,17,0.65,6,36,73,true,multi,64,64,0.0445547324,5.96424726e-05,0.0188863594,0.0281367916,0.0327005465,0.0274896029,2.46120215e-06,2.46120215e-07,true,0.818229811,5.14631481,2765,0.00394341174,e818c6384e9722b8ea6a04ecc13483e9331c522f,0ce3ba605bfa0bb6fcfc2a988437c850d45e3e63,LineGaussRegularization,2026-09-07 16:22:05,
R1,dji9443_20260813_23_73_capped_captess4.msh,8016,krylov_ilu,38,0.0102777778,5.94490502,2.88838994,7,7,1,true,prev,0,-1,3,,,,ilu leaf10/mac1.0,17,0.65,6,36,73,true,multi,64,64,0.0464107019,6.21430415e-05,0.0196730681,0.0293088582,0.0340626913,0.0286347034,2.56372586e-06,2.56372586e-07,true,0.839025738,5.10587928,2845,-0.00115232393,e818c6384e9722b8ea6a04ecc13483e9331c522f,0ce3ba605bfa0bb6fcfc2a988437c850d45e3e63,LineGaussRegularization,2026-09-07 16:22:05,
R1,dji9443_20260813_23_73_capped_captess4.msh,8016,krylov_ilu,39,0.0105555556,5.54900085,2.58473731,7,7,1,true,prev,0,-1,3,,,,ilu leaf10/mac1.0,17,0.65,6,36,73,true,multi,64,64,0.0482638546,6.46403764e-05,0.0204586121,0.0304791206,0.0354227855,0.0297780481,2.66609132e-06,2.66609132e-07,true,0.749114013,4.79988684,2919,-0.00597275425,e818c6384e9722b8ea6a04ecc13483e9331c522f,0ce3ba605bfa0bb6fcfc2a988437c850d45e3e63,LineGaussRegularization,2026-09-07 16:22:05,
R1,dji9443_20260813_23_73_capped_captess4.msh,8016,krylov_ilu,40,0.0108333333,5.94906048,2.79046344,7,7,1,true,prev,0,-1,3,,,,ilu leaf10/mac1.0,17,0.65,6,36,73,true,multi,64,64,0.0501112084,6.70615429e-05,0.0212417109,0.031645761,0.0367786477,0.0309178495,2.76814026e-06,2.76814026e-07,true,0.770697078,5.1783634,2992,-0.0103840512,e818c6384e9722b8ea6a04ecc13483e9331c522f,0ce3ba605bfa0bb6fcfc2a988437c850d45e3e63,LineGaussRegularization,2026-09-07 16:22:05,
R1,dji9443_20260813_23_73_capped_captess4.msh,8016,krylov_ilu,41,0.0111111111,5.91280003,2.73000001,7,7,1,true,prev,0,-1,3,,,,ilu leaf10/mac1.0,17,0.65,6,36,73,true,multi,64,64,0.0519499845,6.95423552e-05,0.0220211289,0.0328069623,0.0381281782,0.0320523423,2.86971444e-06,2.86971444e-07,true,0.839630772,5.07316926,3067,-0.014318374,e818c6384e9722b8ea6a04ecc13483e9331c522f,0ce3ba605bfa0bb6fcfc2a988437c850d45e3e63,LineGaussRegularization,2026-09-07 16:22:05,
R1,dji9443_20260813_23_73_capped_captess4.msh,8016,krylov_ilu,42,0.0113888889,5.88800124,2.72920086,7,7,1,true,prev,0,-1,3,,,,ilu leaf10/mac1.0,17,0.65,6,36,73,true,multi,64,64,0.0537773118,7.19941565e-05,0.0227957242,0.0339609293,0.0394693593,0.0331797762,2.97065559e-06,2.97065559e-07,true,0.775243933,5.11275731,3145,-0.0177846508,e818c6384e9722b8ea6a04ecc13483e9331c522f,0ce3ba605bfa0bb6fcfc2a988437c850d45e3e63,LineGaussRegularization,2026-09-07 16:22:05,
R1,dji9443_20260813_23_73_capped_captess4.msh,8016,krylov_ilu,43,0.0116666667,6.02209937,2.73125806,7,7,1,true,prev,0,-1,3,,,,ilu leaf10/mac1.0,17,0.65,6,36,73,true,multi,64,64,0.0555902962,7.44151706e-05,0.0235642395,0.035105839,0.0407999788,0.0342983648,3.07080546e-06,3.07080546e-07,true,0.774458595,5.24764077,3220,-0.0208473794,e818c6384e9722b8ea6a04ecc13483e9331c522f,0ce3ba605bfa0bb6fcfc2a988437c850d45e3e63,LineGaussRegularization,2026-09-07 16:22:05,
R1,dji9443_20260813_23_73_capped_captess4.msh,8016,krylov_ilu,44,0.0119444444,5.96630861,2.62279625,7,7,1,true,prev,0,-1,3,,,,ilu leaf10/mac1.0,17,0.65,6,36,73,true,multi,64,64,0.0573861171,7.68060285e-05,0.0243254569,0.0362399507,0.0421180164,0.0354063605,3.17000579e-06,3.17000579e-07,true,0.764546658,5.20176196,3296,-0.0236089844,e818c6384e9722b8ea6a04ecc13483e9331c522f,0ce3ba605bfa0bb6fcfc2a988437c850d45e3e63,LineGaussRegularization,2026-09-07 16:22:05,
R1,dji9443_20260813_23_73_capped_captess4.msh,8016,krylov_ilu,45,0.0122222222,6.24684508,2.92735467,7,7,1,true,prev,0,-1,3,,,,ilu leaf10/mac1.0,17,0.65,6,36,73,true,multi,64,64,0.0591618608,7.92130217e-05,0.0250781749,0.0373613669,0.043421316,0.0365019828,3.26809832e-06,3.26809832e-07,true,0.75393917,5.49290591,3370,-0.0261928054,e818c6384e9722b8ea6a04ecc13483e9331c522f,0ce3ba605bfa0bb6fcfc2a988437c850d45e3e63,LineGaussRegularization,2026-09-07 16:22:05,
R1,dji9443_20260813_23_73_capped_captess4.msh,8016,krylov_ilu,46,0.0125,6.64787666,2.58961148,7,7,1,true,prev,0,-1,3,,,,ilu leaf10/mac1.0,17,0.65,6,36,73,true,multi,64,64,0.0609147031,8.15613347e-05,0.0258211911,0.0384682795,0.0447077768,0.0375834473,3.36492481e-06,3.36492481e-07,true,0.809387392,5.83848927,3450,-0.0287294245,e818c6384e9722b8ea6a04ecc13483e9331c522f,0ce3ba605bfa0bb6fcfc2a988437c850d45e3e63,LineGaussRegularization,2026-09-07 16:22:05,
R1,dji9443_20260813_23_73_capped_captess4.msh,8016,krylov_ilu,47,0.0127777778,6.80674205,3.06147325,7,7,1,true,prev,0,-1,3,,,,ilu leaf10/mac1.0,17,0.65,6,36,73,true,multi,64,64,0.0626417731,8.38607055e-05,0.026553282,0.0395589128,0.0459753607,0.0386490109,3.46032699e-06,3.46032699e-07,true,0.75847331,6.04826874,3526,-0.0313334724,e818c6384e9722b8ea6a04ecc13483e9331c522f,0ce3ba605bfa0bb6fcfc2a988437c850d45e3e63,LineGaussRegularization,2026-09-07 16:22:05,
R1,dji9443_20260813_23_73_capped_captess4.msh,8016,krylov_ilu,48,0.0130555556,6.1293214,2.567227,7,7,1,true,prev,0,-1,3,,,,ilu leaf10/mac1.0,17,0.65,6,36,73,true,multi,64,64,0.0643401957,8.61263473e-05,0.0272732029,0.04063151,0.0472218612,0.0396968938,3.5541466e-06,3.5541466e-07,true,0.75251992,5.37680148,3605,-0.0340913331,e818c6384e9722b8ea6a04ecc13483e9331c522f,0ce3ba605bfa0bb6fcfc2a988437c850d45e3e63,LineGaussRegularization,2026-09-07 16:22:05,
R1,dji9443_20260813_23_73_capped_captess4.msh,8016,krylov_ilu,49,0.0133333333,6.50747704,2.75657154,7,7,1,true,prev,0,-1,3,,,,ilu leaf10/mac1.0,17,0.65,6,36,73,true,multi,64,64,0.0660070619,8.83795881e-05,0.0279798388,0.0416841636,0.0484452513,0.0407253406,3.6462254e-06,3.6462254e-07,true,0.771176692,5.73630035,3680,-0.0370567656,e818c6384e9722b8ea6a04ecc13483e9331c522f,0ce3ba605bfa0bb6fcfc2a988437c850d45e3e63,LineGaussRegularization,2026-09-07 16:22:05,
R1,dji9443_20260813_23_73_capped_captess4.msh,8016,krylov_ilu,50,0.0136111111,6.48125356,2.60804155,7,7,1,true,prev,0,-1,3,,,,ilu leaf10/mac1.0,17,0.65,6,36,73,true,multi,64,64,0.0676395542,9.05459359e-05,0.0286718041,0.0427150984,0.0496433848,0.0417325628,3.73640512e-06,3.73640512e-07,true,0.835701782,5.64555178,3762,-0.040248345,e818c6384e9722b8ea6a04ecc13483e9331c522f,0ce3ba605bfa0bb6fcfc2a988437c850d45e3e63,LineGaussRegularization,2026-09-07 16:22:05,
R1,dji9443_20260813_23_73_capped_captess4.msh,8016,krylov_ilu,51,0.0138888889,6.75411884,2.73703011,7,7,1,true,prev,0,-1,3,,,,ilu leaf10/mac1.0,17,0.65,6,36,73,true,multi,64,64,0.0692347781,9.26783604e-05,0.0293480276,0.0437225175,0.0508142515,0.0427168205,3.82452751e-06,3.82452751e-07,true,0.772834251,5.98128459,3839,-0.0436439422,e818c6384e9722b8ea6a04ecc13483e9331c522f,0ce3ba605bfa0bb6fcfc2a988437c850d45e3e63,LineGaussRegularization,2026-09-07 16:22:05,
R1,dji9443_20260813_23_73_capped_captess4.msh,8016,krylov_ilu,52,0.0141666667,6.60281522,2.65100761,7,7,1,true,prev,0,-1,3,,,,ilu leaf10/mac1.0,17,0.65,6,36,73,true,multi,64,64,0.0707899592,9.47567909e-05,0.0300072463,0.0447045795,0.0519556355,0.043676328,3.91043431e-06,3.91043431e-07,true,0.760288397,5.84252682,3918,-0.0471717439,e818c6384e9722b8ea6a04ecc13483e9331c522f,0ce3ba605bfa0bb6fcfc2a988437c850d45e3e63,LineGaussRegularization,2026-09-07 16:22:05,
R1,dji9443_20260813_23_73_capped_captess4.msh,8016,krylov_ilu,53,0.0144444444,6.69611555,2.61254512,7,7,1,true,prev,0,-1,3,,,,ilu leaf10/mac1.0,17,0.65,6,36,73,true,multi,64,64,0.072302165,9.67716321e-05,0.0306482335,0.0456595632,0.0530655131,0.0446093264,3.99396727e-06,3.99396727e-07,true,0.831456635,5.86465891,4000,-0.0507260597,e818c6384e9722b8ea6a04ecc13483e9331c522f,0ce3ba605bfa0bb6fcfc2a988437c850d45e3e63,LineGaussRegularization,2026-09-07 16:22:05,
R1,dji9443_20260813_23_73_capped_captess4.msh,8016,krylov_ilu,54,0.0147222222,7.0287351,2.80121467,7,7,1,true,prev,0,-1,3,,,,ilu leaf10/mac1.0,17,0.65,6,36,73,true,multi,64,64,0.0737685119,9.87666895e-05,0.0312697883,0.0465855891,0.0541417303,0.045514049,4.07496812e-06,4.07496812e-07,true,0.901729869,6.12700523,4082,-0.0542020155,e818c6384e9722b8ea6a04ecc13483e9331c522f,0ce3ba605bfa0bb6fcfc2a988437c850d45e3e63,LineGaussRegularization,2026-09-07 16:22:05,
R1,dji9443_20260813_23_73_capped_captess4.msh,8016,krylov_ilu,55,0.015,7.33060082,2.55076518,7,7,1,true,prev,0,-1,3,,,,ilu leaf10/mac1.0,17,0.65,6,36,73,true,multi,64,64,0.0751861501,0.000100663795,0.0318707187,0.0474808537,0.0551821733,0.0463887135,4.15327862e-06,4.15327862e-07,true,0.737680133,6.59292068,4163,-0.0575011869,e818c6384e9722b8ea6a04ecc13483e9331c522f,0ce3ba605bfa0bb6fcfc2a988437c850d45e3e63,LineGaussRegularization,2026-09-07 16:22:05,
R1,dji9443_20260813_23_73_capped_captess4.msh,8016,krylov_ilu,56,0.0152777778,7.37509012,2.88352137,7,7,1,true,prev,0,-1,3,,,,ilu leaf10/mac1.0,17,0.65,6,36,73,true,multi,64,64,0.0765522612,0.00010247975,0.0324498252,0.048343512,0.0561848093,0.0472315571,4.2287405e-06,4.2287405e-07,true,0.830687119,6.544403,4246,-0.0605675974,e818c6384e9722b8ea6a04ecc13483e9331c522f,0ce3ba605bfa0bb6fcfc2a988437c850d45e3e63,LineGaussRegularization,2026-09-07 16:22:05,
R1,dji9443_20260813_23_73_capped_captess4.msh,8016,krylov_ilu,57,0.0155555556,6.94778423,2.56764131,7,7,1,true,prev,0,-1,3,,,,ilu leaf10/mac1.0,17,0.65,6,36,73,true,multi,64,64,0.0778639014,0.000104244976,0.033005785,0.049171873,0.0571474702,0.0480408133,4.30119552e-06,4.30119552e-07,true,0.823111216,6.12467302,4323,-0.0633811928,e818c6384e9722b8ea6a04ecc13483e9331c522f,0ce3ba605bfa0bb6fcfc2a988437c850d45e3e63,LineGaussRegularization,2026-09-07 16:22:05,
R1,dji9443_20260813_23_73_capped_captess4.msh,8016,krylov_ilu,58,0.0158333333,7.0297439,2.70865023,7,7,1,true,prev,0,-1,3,,,,ilu leaf10/mac1.0,17,0.65,6,36,73,true,multi,64,64,0.0791182145,0.000105938005,0.033537538,0.0499639992,0.0580680858,0.048814726,4.3704854e-06,4.3704854e-07,true,0.746683071,6.28306082,4404,-0.0659385133,e818c6384e9722b8ea6a04ecc13483e9331c522f,0ce3ba605bfa0bb6fcfc2a988437c850d45e3e63,LineGaussRegularization,2026-09-07 16:22:05,
R1,dji9443_20260813_23_73_capped_captess4.msh,8016,krylov_ilu,59,0.0161111111,7.32600566,2.7442709,7,7,1,true,prev,0,-1,3,,,,ilu leaf10/mac1.0,17,0.65,6,36,73,true,multi,64,64,0.0803123833,0.000107512964,0.0340437062,0.0507181482,0.0589444862,0.0495515085,4.43645191e-06,4.43645191e-07,true,0.833894173,6.49211149,4482,-0.0682161048,e818c6384e9722b8ea6a04ecc13483e9331c522f,0ce3ba605bfa0bb6fcfc2a988437c850d45e3e63,LineGaussRegularization,2026-09-07 16:22:05,
R1,dji9443_20260813_23_73_capped_captess4.msh,8016,krylov_ilu,60,0.0163888889,7.26875247,2.80367772,7,7,1,true,prev,0,-1,3,,,,ilu leaf10/mac1.0,17,0.65,6,36,73,true,multi,64,64,0.0814435108,0.000109030103,0.0345231996,0.0514324524,0.0597747533,0.0502494131,4.49893678e-06,4.49893678e-07,true,0.773951184,6.49480129,4563,-0.0702358376,e818c6384e9722b8ea6a04ecc13483e9331c522f,0ce3ba605bfa0bb6fcfc2a988437c850d45e3e63,LineGaussRegularization,2026-09-07 16:22:05,
R1,dji9443_20260813_23_73_capped_captess4.msh,8016,krylov_ilu,61,0.0166666667,7.31038488,2.71054782,7,7,1,true,prev,0,-1,3,,,,ilu leaf10/mac1.0,17,0.65,6,36,73,true,multi,64,64,0.0825087981,0.000110443183,0.0349747575,0.0521051523,0.0605565532,0.0509066684,4.55778175e-06,4.55778175e-07,true,0.767248304,6.54313658,4645,-0.072015963,e818c6384e9722b8ea6a04ecc13483e9331c522f,0ce3ba605bfa0bb6fcfc2a988437c850d45e3e63,LineGaussRegularization,2026-09-07 16:22:05,
R1,dji9443_20260813_23_73_capped_captess4.msh,8016,krylov_ilu,62,0.0169444444,7.19257029,2.53530103,7,7,1,true,prev,0,-1,3,,,,ilu leaf10/mac1.0,17,0.65,6,36,73,true,multi,64,64,0.0835053128,0.000111765016,0.0353971487,0.0527344781,0.0612879676,0.0515214977,4.61282857e-06,4.61282857e-07,true,0.75753072,6.43503957,4726,-0.0735577432,e818c6384e9722b8ea6a04ecc13483e9331c522f,0ce3ba605bfa0bb6fcfc2a988437c850d45e3e63,LineGaussRegularization,2026-09-07 16:22:05,
R1,dji9443_20260813_23_73_capped_captess4.msh,8016,krylov_ilu,63,0.0172222222,7.66648337,2.83381243,7,7,1,true,prev,0,-1,3,,,,ilu leaf10/mac1.0,17,0.65,6,36,73,true,multi,64,64,0.0844302019,0.000113042507,0.0357891786,0.0533185702,0.0619667806,0.0520921459,4.66391898e-06,4.66391898e-07,true,0.84127005,6.82521332,4809,-0.0748730044,e818c6384e9722b8ea6a04ecc13483e9331c522f,0ce3ba605bfa0bb6fcfc2a988437c850d45e3e63,LineGaussRegularization,2026-09-07 16:22:05,
R1,dji9443_20260813_23_73_capped_captess4.msh,8016,krylov_ilu,64,0.0175,8.32317661,2.66291024,7,7,1,true,prev,0,-1,3,,,,ilu leaf10/mac1.0,17,0.65,6,36,73,true,multi,64,64,0.0852805876,0.000114181245,0.0361496578,0.0538555988,0.0625908921,0.0526168232,4.71089473e-06,4.71089473e-07,true,0.836131682,7.48704493,4891,-0.0759991179,e818c6384e9722b8ea6a04ecc13483e9331c522f,0ce3ba605bfa0bb6fcfc2a988437c850d45e3e63,LineGaussRegularization,2026-09-07 16:22:05,
R1,dji9443_20260813_23_73_capped_captess4.msh,8016,krylov_ilu,65,0.0177777778,8.38328764,2.99532105,7,7,1,true,prev,0,-1,3,,,,ilu leaf10/mac1.0,17,0.65,6,36,73,true,multi,64,64,0.0860536736,0.00011519736,0.0364773989,0.0543437642,0.0631582771,0.0530937797,4.75359756e-06,4.75359756e-07,true,0.786479695,7.59680794,4975,-0.076975113,e818c6384e9722b8ea6a04ecc13483e9331c522f,0ce3ba605bfa0bb6fcfc2a988437c850d45e3e63,LineGaussRegularization,2026-09-07 16:22:05,
R1,dji9443_20260813_23_73_capped_captess4.msh,8016,krylov_ilu,66,0.0180555556,5.86217893,2.60262994,7,7,1,true,prev,0,-1,3,,,,ilu leaf10/mac1.0,17,0.65,6,36,73,true,multi,64,64,0.0867464833,0.000116139796,0.0367710359,0.0547813101,0.0636667599,0.0535212342,4.79186921e-06,4.79186921e-07,true,0.846108081,5.01607085,5055,-0.0778432341,e818c6384e9722b8ea6a04ecc13483e9331c522f,0ce3ba605bfa0bb6fcfc2a988437c850d45e3e63,LineGaussRegularization,2026-09-07 16:22:05,
R1,dji9443_20260813_23_73_capped_captess4.msh,8016,krylov_ilu,67,0.0183333333,5.54067123,2.76569715,7,7,1,true,prev,0,-1,3,,,,ilu leaf10/mac1.0,17,0.65,6,36,73,true,multi,64,64,0.0873562071,0.000116967831,0.0370295525,0.0551663782,0.0641142837,0.0538974395,4.82555143e-06,4.82555143e-07,true,0.778524768,4.76214646,5133,-0.0786266022,e818c6384e9722b8ea6a04ecc13483e9331c522f,0ce3ba605bfa0bb6fcfc2a988437c850d45e3e63,LineGaussRegularization,2026-09-07 16:22:05,
R1,dji9443_20260813_23_73_capped_captess4.msh,8016,krylov_ilu,68,0.0186111111,5.51564894,2.65218885,7,7,1,true,prev,0,-1,3,,,,ilu leaf10/mac1.0,17,0.65,6,36,73,true,multi,64,64,0.0878799859,0.000117648256,0.0372515463,0.0554971726,0.0644986573,0.0542206061,4.85448595e-06,4.85448595e-07,true,0.782458799,4.73319015,5216,-0.079338042,e818c6384e9722b8ea6a04ecc13483e9331c522f,0ce3ba605bfa0bb6fcfc2a988437c850d45e3e63,LineGaussRegularization,2026-09-07 16:22:05,
R1,dji9443_20260813_23_73_capped_captess4.msh,8016,krylov_ilu,69,0.0188888889,5.66916141,2.63995383,7,7,1,true,prev,0,-1,3,,,,ilu leaf10/mac1.0,17,0.65,6,36,73,true,multi,64,64,0.0883149414,0.000118228522,0.0374359397,0.055771837,0.064817983,0.0544889838,4.87851454e-06,4.87851454e-07,true,0.862696302,4.80646511,5297,-0.079949344,e818c6384e9722b8ea6a04ecc13483e9331c522f,0ce3ba605bfa0bb6fcfc2a988437c850d45e3e63,LineGaussRegularization,2026-09-07 16:22:05,
R1,dji9443_20260813_23_73_capped_captess4.msh,8016,krylov_ilu,70,0.0191666667,5.45687931,2.73177872,7,7,1,true,prev,0,-1,3,,,,ilu leaf10/mac1.0,17,0.65,6,36,73,true,multi,64,64,0.0886582822,0.000118674506,0.0375814745,0.0559886025,0.0650699051,0.0547008052,4.89747892e-06,4.89747892e-07,true,0.768316272,4.68856304,5378,-0.080407526,e818c6384e9722b8ea6a04ecc13483e9331c522f,0ce3ba605bfa0bb6fcfc2a988437c850d45e3e63,LineGaussRegularization,2026-09-07 16:22:05,
R1,dji9443_20260813_23_73_capped_captess4.msh,8016,krylov_ilu,71,0.0194444444,5.39061377,2.60679977,7,7,1,true,prev,0,-1,3,,,,ilu leaf10/mac1.0,17,0.65,6,36,73,true,multi,64,64,0.0889070576,0.000118994651,0.0376869036,0.0561457266,0.0652525354,0.0548542961,4.91122084e-06,4.91122084e-07,true,0.830866585,4.55974718,5456,-0.0806528792,e818c6384e9722b8ea6a04ecc13483e9331c522f,0ce3ba605bfa0bb6fcfc2a988437c850d45e3e63,LineGaussRegularization,2026-09-07 16:22:05,
R1,dji9443_20260813_23_73_capped_captess4.msh,8016,krylov_ilu,72,0.0197222222,5.71958521,2.79642289,7,7,1,true,prev,0,-1,3,,,,ilu leaf10/mac1.0,17,0.65,6,36,73,true,multi,64,64,0.0890584376,0.000119238986,0.0377510434,0.0562413513,0.0653636255,0.0549476964,4.91958205e-06,4.91958205e-07,true,0.857221562,4.86236365,5534,-0.0806682927,e818c6384e9722b8ea6a04ecc13483e9331c522f,0ce3ba605bfa0bb6fcfc2a988437c850d45e3e63,LineGaussRegularization,2026-09-07 16:22:05,
R1,dji9443_20260813_23_73_capped_captess4.msh,8016,krylov_ilu,73,0.02,6.29039719,2.78429122,8,8,1,true,prev,0,-1,3,5614,83240.8317,,ilu leaf10/mac1.0,17,0.65,6,36,73,true,multi,64,64,0.0891095115,0.000119291889,0.0377727053,0.0562736055,0.0654010953,0.0549792164,4.92240429e-06,4.92240429e-07,true,0.816205962,5.47419123,5614,-0.0804187881,e818c6384e9722b8ea6a04ecc13483e9331c522f,0ce3ba605bfa0bb6fcfc2a988437c850d45e3e63,LineGaussRegularization,2026-09-07 16:22:05,
R1,dji9443_20260813_23_73_capped_captess4.msh,8016,krylov_ilu,1,0,48.2874329,7.96328763,7,7,1,true,extrap,1,-1,3,,,14.0997626,ilu leaf10/mac1.0,17,0.65,6,36,73,true,multi,64,64,5.6020002e-08,4.29577142e-12,2.58371007e-09,5.67439014e-09,1.10941646e-08,1.04987873e-08,1e-14,1e-15,false,0.977809894,47.309623,0,0.0533282656,e818c6384e9722b8ea6a04ecc13483e9331c522f,0ce3ba605bfa0bb6fcfc2a988437c850d45e3e63,LineGaussRegularization,2026-09-07 16:32:09,"RHPC setup-only include; t_solve = solve_formulation! wall (incl. the per-step Dirichlet source-potential assembly inside solve!); t_step from maneuver! deltas; niter now recorded for FGS as well as Krylov (Phase 3); niter=-1 means a direct solve. niter is the LAST inner solve of the step (legacy diagnostic); niter_first is the FIRST and is the warmstart comparison metric; nsolves is the per-body solve count of the step (must be 1 for a one-body run; -1 = unavailable); solved is the AND of the step's inner convergence flags. Wake-developed averages should drop the first skip_steps rows. bcerr_* are order statistics of the per-panel Dirichlet BC residual |phi_sigma + G_mu x| from ONE bc_error! pass per step; bcerr_tol is THIS arm's own effective absolute acceptance level, so bcerr_max <= bcerr_tol is the arm's promise checked independently. The pass requests an absolute FMM error of bcerr_eps = BCERR_SAFETY * bcerr_tol, so the instrument is ~10x sharper than the acceptance level by construction; bcerr_certified=false means some M2L pair could not certify that bound and the row is UNCERTIFIED. The pass is EXCLUDED from t_solve, but NOT from t_step_total (it lies inside the maneuver!-to-maneuver! window); use t_step_net = t_step_total - t_bcerr for full-timestep share. Its own cost is t_bcerr (~62% of t_solve at R1 — it certifies to 10x below tol_abs, so the FMM climbs its order). BCERR_EVERY>1 subsamples it; skipped steps write EMPTY bcerr_* cells, never a fabricated value. n_particles and CT are per-step identity REPORTING, not assertions: the wake is chaotic, so small differences compound and exact trajectory identity is not expected. CT requires RUN_MONITORS=true (default under PHASE=phase3)."
R1,dji9443_20260813_23_73_capped_captess4.msh,8016,krylov_ilu,2,0.000277777778,7.52719607,3.25652666,8,8,1,true,extrap,1,-1,3,,,,ilu leaf10/mac1.0,17,0.65,6,36,73,true,multi,64,64,5.10905421e-05,6.73995816e-08,2.16572304e-05,3.22645009e-05,3.74977445e-05,3.15222847e-05,2.82224753e-09,2.82224753e-10,false,0.870786816,6.65640925,0,0.0738110645,e818c6384e9722b8ea6a04ecc13483e9331c522f,0ce3ba605bfa0bb6fcfc2a988437c850d45e3e63,LineGaussRegularization,2026-09-07 16:32:10,
R1,dji9443_20260813_23_73_capped_captess4.msh,8016,krylov_ilu,3,0.000555555556,6.59583548,3.00496818,8,8,1,true,extrap,1,-1,3,,,,ilu leaf10/mac1.0,17,0.65,6,36,73,true,multi,64,64,0.000202452307,2.71847145e-07,8.58175677e-05,0.000127848531,0.000148587979,0.000124909183,1.11834559e-08,1.11834559e-09,false,0.75987863,5.83595685,84,0.091369519,e818c6384e9722b8ea6a04ecc13483e9331c522f,0ce3ba605bfa0bb6fcfc2a988437c850d45e3e63,LineGaussRegularization,2026-09-07 16:32:10,
R1,dji9443_20260813_23_73_capped_captess4.msh,8016,krylov_ilu,4,0.000833333333,4.82069061,3.01663297,8,8,1,true,extrap,1,-1,3,,,,ilu leaf10/mac1.0,17,0.65,6,36,73,true,multi,64,64,0.000451219917,6.05365338e-07,0.000191267797,0.000284949648,0.000331168772,0.000278395749,2.49253789e-08,2.49253789e-09,false,0.848254511,3.97243609,168,0.100586389,e818c6384e9722b8ea6a04ecc13483e9331c522f,0ce3ba605bfa0bb6fcfc2a988437c850d45e3e63,LineGaussRegularization,2026-09-07 16:32:10,
R1,dji9443_20260813_23_73_capped_captess4.msh,8016,krylov_ilu,5,0.00111111111,4.99542212,3.1731298,8,8,1,true,extrap,1,-1,3,,,,ilu leaf10/mac1.0,17,0.65,6,36,73,true,multi,64,64,0.00079452931,1.06356076e-06,0.000336794064,0.000501753136,0.000583139859,0.000490212347,4.38897601e-08,4.38897601e-09,false,0.871451838,4.12397028,249,0.105160606,e818c6384e9722b8ea6a04ecc13483e9331c522f,0ce3ba605bfa0bb6fcfc2a988437c850d45e3e63,LineGaussRegularization,2026-09-07 16:32:10,
R1,dji9443_20260813_23_73_capped_captess4.msh,8016,krylov_ilu,6,0.00138888889,5.12131577,3.08555772,8,8,1,true,extrap,1,-1,3,,,,ilu leaf10/mac1.0,17,0.65,6,36,73,true,multi,64,64,0.00122951485,1.64596209e-06,0.000521180298,0.000776463599,0.000902392244,0.000758592543,6.79183432e-08,6.79183432e-09,false,0.770371893,4.35094387,329,0.107104955,e818c6384e9722b8ea6a04ecc13483e9331c522f,0ce3ba605bfa0bb6fcfc2a988437c850d45e3e63,LineGaussRegularization,2026-09-07 16:32:10,
R1,dji9443_20260813_23_73_capped_captess4.msh,8016,krylov_ilu,7,0.00166666667,4.88858382,2.95663313,8,8,1,true,extrap,1,-1,3,,,,ilu leaf10/mac1.0,17,0.65,6,36,73,true,multi,64,64,0.00175331254,2.3460642e-06,0.000743213577,0.00110723448,0.00128682671,0.00108176639,9.68528719e-08,9.68528719e-09,false,0.764299598,4.12428422,408,0.107517363,e818c6384e9722b8ea6a04ecc13483e9331c522f,0ce3ba605bfa0bb6fcfc2a988437c850d45e3e63,LineGaussRegularization,2026-09-07 16:32:10,
R1,dji9443_20260813_23_73_capped_captess4.msh,8016,krylov_ilu,8,0.00194444444,4.85979476,2.85419277,8,8,1,true,extrap,1,-1,3,,,,ilu leaf10/mac1.0,17,0.65,6,36,73,true,multi,64,64,0.00236305602,3.16395468e-06,0.00100167853,0.00149229331,0.00173434276,0.00145796955,1.3053509e-07,1.3053509e-08,false,0.841526142,4.01826862,491,0.107007625,e818c6384e9722b8ea6a04ecc13483e9331c522f,0ce3ba605bfa0bb6fcfc2a988437c850d45e3e63,LineGaussRegularization,2026-09-07 16:32:10,
R1,dji9443_20260813_23_73_capped_captess4.msh,8016,krylov_ilu,9,0.00222222222,5.37834488,3.26938687,8,8,1,true,extrap,1,-1,3,,,,ilu leaf10/mac1.0,17,0.65,6,36,73,true,multi,64,64,0.00305588108,4.09251084e-06,0.00129536041,0.00192982238,0.00224283663,0.00188543221,1.68806741e-07,1.68806741e-08,false,0.767631677,4.61071321,569,0.105904404,e818c6384e9722b8ea6a04ecc13483e9331c522f,0ce3ba605bfa0bb6fcfc2a988437c850d45e3e63,LineGaussRegularization,2026-09-07 16:32:10,
R1,dji9443_20260813_23_73_capped_captess4.msh,8016,krylov_ilu,10,0.0025,5.42942574,2.89530768,8,8,1,true,extrap,1,-1,3,,,,ilu leaf10/mac1.0,17,0.65,6,36,73,true,multi,64,64,0.0038289226,5.12671652e-06,0.00162304554,0.0024180102,0.00281020362,0.00236238907,2.11509569e-07,2.11509569e-08,false,0.752152402,4.67727334,649,0.104390274,e818c6384e9722b8ea6a04ecc13483e9331c522f,0ce3ba605bfa0bb6fcfc2a988437c850d45e3e63,LineGaussRegularization,2026-09-07 16:32:10,
R1,dji9443_20260813_23_73_capped_captess4.msh,8016,krylov_ilu,11,0.00277777778,5.48692814,3.40503999,8,8,1,true,extrap,1,-1,3,,,,ilu leaf10/mac1.0,17,0.65,6,36,73,true,multi,64,64,0.00467931965,6.26380784e-06,0.00198352313,0.00295503673,0.00343434276,0.00288706806,2.58485317e-07,2.58485317e-08,false,0.771825148,4.71510299,730,0.102560417,e818c6384e9722b8ea6a04ecc13483e9331c522f,0ce3ba605bfa0bb6fcfc2a988437c850d45e3e63,LineGaussRegularization,2026-09-07 16:32:10,
R1,dji9443_20260813_23_73_capped_captess4.msh,8016,krylov_ilu,12,0.00305555556,5.03277978,2.82946049,8,8,1,true,extrap,1,-1,3,,,,ilu leaf10/mac1.0,17,0.65,6,36,73,true,multi,64,64,0.00560419938,7.50368319e-06,0.00237557119,0.00353910874,0.00411314917,0.00345770488,3.09575729e-07,3.09575729e-08,false,0.832035355,4.20074443,810,0.100456192,e818c6384e9722b8ea6a04ecc13483e9331c522f,0ce3ba605bfa0bb6fcfc2a988437c850d45e3e63,LineGaussRegularization,2026-09-07 16:32:10,
R1,dji9443_20260813_23_73_capped_captess4.msh,8016,krylov_ilu,13,0.00333333333,5.33200104,3.14470184,8,8,1,true,extrap,1,-1,3,,,,ilu leaf10/mac1.0,17,0.65,6,36,73,true,multi,64,64,0.00660070395,8.83725147e-06,0.00279797911,0.00416841416,0.00484452589,0.00407253362,3.64622549e-07,3.64622549e-08,true,0.845486297,4.48651475,891,0.0980784715,e818c6384e9722b8ea6a04ecc13483e9331c522f,0ce3ba605bfa0bb6fcfc2a988437c850d45e3e63,LineGaussRegularization,2026-09-07 16:32:10,
R1,dji9443_20260813_23_73_capped_captess4.msh,8016,krylov_ilu,14,0.00361111111,5.66150164,2.97165183,8,8,1,true,extrap,1,-1,3,,,,ilu leaf10/mac1.0,17,0.65,6,36,73,true,multi,64,64,0.00766596633,1.02606086e-05,0.00324953589,0.00484114103,0.00562636564,0.00472978356,4.2346752e-07,4.2346752e-08,true,0.833353769,4.82814787,972,0.0954106371,e818c6384e9722b8ea6a04ecc13483e9331c522f,0ce3ba605bfa0bb6fcfc2a988437c850d45e3e63,LineGaussRegularization,2026-09-07 16:32:10,
R1,dji9443_20260813_23_73_capped_captess4.msh,8016,krylov_ilu,15,0.00388888889,5.18723797,2.92140435,8,8,1,true,extrap,1,-1,3,,,,ilu leaf10/mac1.0,17,0.65,6,36,73,true,multi,64,64,0.00879711907,1.17756406e-05,0.0037290218,0.00555547944,0.00645655978,0.00542768738,4.85952387e-07,4.85952387e-08,false,0.843340228,4.34389774,1050,0.0924116496,e818c6384e9722b8ea6a04ecc13483e9331c522f,0ce3ba605bfa0bb6fcfc2a988437c850d45e3e63,LineGaussRegularization,2026-09-07 16:32:10,
R1,dji9443_20260813_23_73_capped_captess4.msh,8016,krylov_ilu,16,0.00416666667,5.15886594,2.97473973,8,8,1,true,extrap,1,-1,3,,,,ilu leaf10/mac1.0,17,0.65,6,36,73,true,multi,64,64,0.00999129968,1.33740937e-05,0.00423522299,0.00630961313,0.00733302005,0.00616447878,5.51918892e-07,5.51918892e-08,true,0.829193682,4.32967226,1126,0.0890360748,e818c6384e9722b8ea6a04ecc13483e9331c522f,0ce3ba605bfa0bb6fcfc2a988437c850d45e3e63,LineGaussRegularization,2026-09-07 16:32:10,
R1,dji9443_20260813_23_73_capped_captess4.msh,8016,krylov_ilu,17,0.00444444444,5.38922104,3.01869208,8,8,1,true,extrap,1,-1,3,,,,ilu leaf10/mac1.0,17,0.65,6,36,73,true,multi,64,64,0.0112456428,1.50536943e-05,0.00476693174,0.00710174087,0.00825363382,0.00693838962,6.2120878e-07,6.2120878e-08,true,0.789586643,4.59963439,1204,0.0852341011,e818c6384e9722b8ea6a04ecc13483e9331c522f,0ce3ba605bfa0bb6fcfc2a988437c850d45e3e63,LineGaussRegularization,2026-09-07 16:32:10,
R1,dji9443_20260813_23_73_capped_captess4.msh,8016,krylov_ilu,18,0.00472222222,5.46844311,3.13796628,8,8,1,true,extrap,1,-1,3,,,,ilu leaf10/mac1.0,17,0.65,6,36,73,true,multi,64,64,0.012557274,1.68106117e-05,0.00532292867,0.0079300614,0.00921630003,0.00774765414,6.93663794e-07,6.93663794e-08,true,0.790214333,4.67822877,1283,0.0810049856,e818c6384e9722b8ea6a04ecc13483e9331c522f,0ce3ba605bfa0bb6fcfc2a988437c850d45e3e63,LineGaussRegularization,2026-09-07 16:32:10,
R1,dji9443_20260813_23_73_capped_captess4.msh,8016,krylov_ilu,19,0.005,5.63471809,2.8276331,8,8,1,true,extrap,1,-1,3,,,,ilu leaf10/mac1.0,17,0.65,6,36,73,true,multi,64,64,0.0139233545,1.86396866e-05,0.00590199446,0.0087927487,0.010218918,0.00859050136,7.69125678e-07,7.69125678e-08,true,0.848524903,4.78619318,1362,0.0764214231,e818c6384e9722b8ea6a04ecc13483e9331c522f,0ce3ba605bfa0bb6fcfc2a988437c850d45e3e63,LineGaussRegularization,2026-09-07 16:32:10,
R1,dji9443_20260813_23_73_capped_captess4.msh,8016,krylov_ilu,20,0.00527777778,5.57783095,3.14923231,8,8,1,true,extrap,1,-1,3,,,,ilu leaf10/mac1.0,17,0.65,6,36,73,true,multi,64,64,0.0153410034,2.05396848e-05,0.00650291265,0.00968800371,0.0112593866,0.00946516463,8.47436176e-07,8.47436176e-08,true,0.90875852,4.66907243,1435,0.0716455585,e818c6384e9722b8ea6a04ecc13483e9331c522f,0ce3ba605bfa0bb6fcfc2a988437c850d45e3e63,LineGaussRegularization,2026-09-07 16:32:10,
R1,dji9443_20260813_23_73_capped_captess4.msh,8016,krylov_ilu,21,0.00555555556,5.32126472,2.95205962,8,8,1,true,extrap,1,-1,3,,,,ilu leaf10/mac1.0,17,0.65,6,36,73,true,multi,64,64,0.0168073491,2.25053294e-05,0.00712448487,0.0106140195,0.0123355888,0.0103698762,9.28437031e-07,9.28437031e-08,true,0.794826832,4.52643789,1514,0.0668964493,e818c6384e9722b8ea6a04ecc13483e9331c522f,0ce3ba605bfa0bb6fcfc2a988437c850d45e3e63,LineGaussRegularization,2026-09-07 16:32:10,
R1,dji9443_20260813_23_73_capped_captess4.msh,8016,krylov_ilu,22,0.00583333333,5.50549466,3.09165691,8,8,1,true,extrap,1,-1,3,,,,ilu leaf10/mac1.0,17,0.65,6,36,73,true,multi,64,64,0.0183195267,2.45230884e-05,0.00776548274,0.0115689778,0.0134454492,0.01130287,1.01196999e-06,1.01196999e-07,true,0.793229838,4.71226482,1595,0.0623869552,e818c6384e9722b8ea6a04ecc13483e9331c522f,0ce3ba605bfa0bb6fcfc2a988437c850d45e3e63,LineGaussRegularization,2026-09-07 16:32:10,
R1,dji9443_20260813_23_73_capped_captess4.msh,8016,krylov_ilu,23,0.00611111111,5.59275572,3.1450561,8,8,1,true,extrap,1,-1,3,,,,ilu leaf10/mac1.0,17,0.65,6,36,73,true,multi,64,64,0.0198746878,2.66053001e-05,0.00842470893,0.0125510696,0.0145868417,0.0122623775,1.09787679e-06,1.09787679e-07,true,0.817573629,4.77518209,1675,0.0582300618,e818c6384e9722b8ea6a04ecc13483e9331c522f,0ce3ba605bfa0bb6fcfc2a988437c850d45e3e63,LineGaussRegularization,2026-09-07 16:32:10,
R1,dji9443_20260813_23_73_capped_captess4.msh,8016,krylov_ilu,24,0.00638888889,5.67012635,3.00112673,8,8,1,true,extrap,1,-1,3,,,,ilu leaf10/mac1.0,17,0.65,6,36,73,true,multi,64,64,0.0214699586,2.87375507e-05,0.00910092829,0.0135585023,0.01575766,0.0132466328,1.18599918e-06,1.18599918e-07,true,0.819587919,4.85053844,1755,0.0544383936,e818c6384e9722b8ea6a04ecc13483e9331c522f,0ce3ba605bfa0bb6fcfc2a988437c850d45e3e63,LineGaussRegularization,2026-09-07 16:32:10,
R1,dji9443_20260813_23_73_capped_captess4.msh,8016,krylov_ilu,25,0.00666666667,6.44258907,2.93240019,8,8,1,true,extrap,1,-1,3,,,,ilu leaf10/mac1.0,17,0.65,6,36,73,true,multi,64,64,0.0231024579,3.09245943e-05,0.00979292923,0.0145894294,0.0169558366,0.0142538607,1.2761789e-06,1.2761789e-07,true,0.875347449,5.56724162,1836,0.0509463623,e818c6384e9722b8ea6a04ecc13483e9331c522f,0ce3ba605bfa0bb6fcfc2a988437c850d45e3e63,LineGaussRegularization,2026-09-07 16:32:10,
R1,dji9443_20260813_23_73_capped_captess4.msh,8016,krylov_ilu,26,0.00694444444,5.50668602,2.85230016,8,8,1,true,extrap,1,-1,3,,,,ilu leaf10/mac1.0,17,0.65,6,36,73,true,multi,64,64,0.0247693526,3.31506576e-05,0.0104995074,0.0156421039,0.018179223,0.0152823097,1.36825769e-06,1.36825769e-07,true,0.872109096,4.63457692,1917,0.0476653771,e818c6384e9722b8ea6a04ecc13483e9331c522f,0ce3ba605bfa0bb6fcfc2a988437c850d45e3e63,LineGaussRegularization,2026-09-07 16:32:10,
R1,dji9443_20260813_23_73_capped_captess4.msh,8016,krylov_ilu,27,0.00722222222,5.6530624,3.23417835,8,8,1,true,extrap,1,-1,3,,,,ilu leaf10/mac1.0,17,0.65,6,36,73,true,multi,64,64,0.0264677244,3.54236138e-05,0.011219457,0.0167146655,0.0194257508,0.0163301993,1.46207731e-06,1.46207731e-07,true,0.798683229,4.85437917,1995,0.0445059955,e818c6384e9722b8ea6a04ecc13483e9331c522f,0ce3ba605bfa0bb6fcfc2a988437c850d45e3e63,LineGaussRegularization,2026-09-07 16:32:10,
R1,dji9443_20260813_23_73_capped_captess4.msh,8016,krylov_ilu,28,0.0075,5.69249603,2.65356212,7,7,1,true,extrap,1,-1,3,,,,ilu leaf10/mac1.0,17,0.65,6,36,73,true,multi,64,64,0.028194804,3.77467153e-05,0.0119515377,0.0178053191,0.0206933034,0.0173957647,1.55747949e-06,1.55747949e-07,true,0.857925019,4.83457101,2073,0.0413816346,e818c6384e9722b8ea6a04ecc13483e9331c522f,0ce3ba605bfa0bb6fcfc2a988437c850d45e3e63,LineGaussRegularization,2026-09-07 16:32:10,
R1,dji9443_20260813_23_73_capped_captess4.msh,8016,krylov_ilu,29,0.00777777778,6.15190363,3.4463505,8,8,1,true,extrap,1,-1,3,,,,ilu leaf10/mac1.0,17,0.65,6,36,73,true,multi,64,64,0.0299476346,4.00954074e-05,0.0126945508,0.0189122597,0.0219797865,0.0184772394,1.65430597e-06,1.65430597e-07,true,0.808536808,5.34336682,2153,0.0382184227,e818c6384e9722b8ea6a04ecc13483e9331c522f,0ce3ba605bfa0bb6fcfc2a988437c850d45e3e63,LineGaussRegularization,2026-09-07 16:32:10,
R1,dji9443_20260813_23_73_capped_captess4.msh,8016,krylov_ilu,30,0.00805555556,5.49442116,2.94839747,8,8,1,true,extrap,1,-1,3,,,,ilu leaf10/mac1.0,17,0.65,6,36,73,true,multi,64,64,0.0317233775,4.24693183e-05,0.0134472673,0.0200336517,0.0232830804,0.0195728457,1.75239851e-06,1.75239851e-07,true,0.795528925,4.69889223,2234,0.0349452451,e818c6384e9722b8ea6a04ecc13483e9331c522f,0ce3ba605bfa0bb6fcfc2a988437c850d45e3e63,LineGaussRegularization,2026-09-07 16:32:10,
R1,dji9443_20260813_23_73_capped_captess4.msh,8016,krylov_ilu,31,0.00833333333,5.73181722,3.11028946,8,8,1,true,extrap,1,-1,3,,,,ilu leaf10/mac1.0,17,0.65,6,36,73,true,multi,64,64,0.0335191968,4.48711107e-05,0.0142084815,0.0211677308,0.0246010932,0.020680832,1.85159884e-06,1.85159884e-07,true,0.818842708,4.91297451,2311,0.0314805471,e818c6384e9722b8ea6a04ecc13483e9331c522f,0ce3ba605bfa0bb6fcfc2a988437c850d45e3e63,LineGaussRegularization,2026-09-07 16:32:10,
R1,dji9443_20260813_23_73_capped_captess4.msh,8016,krylov_ilu,32,0.00861111111,5.43142485,2.74249514,7,7,1,true,extrap,1,-1,3,,,,ilu leaf10/mac1.0,17,0.65,6,36,73,true,multi,64,64,0.0353322027,4.72800852e-05,0.014977015,0.022312638,0.0259317167,0.0217994242,1.95174871e-06,1.95174871e-07,true,0.806292716,4.62513213,2389,0.0277284188,e818c6384e9722b8ea6a04ecc13483e9331c522f,0ce3ba605bfa0bb6fcfc2a988437c850d45e3e63,LineGaussRegularization,2026-09-07 16:32:10,
R1,dji9443_20260813_23_73_capped_captess4.msh,8016,krylov_ilu,33,0.00888888889,5.81519284,3.04501021,8,8,1,true,extrap,1,-1,3,,,,ilu leaf10/mac1.0,17,0.65,6,36,73,true,multi,64,64,0.037159545,4.97471883e-05,0.0157516094,0.0234666318,0.0272728703,0.0229268615,2.05268986e-06,2.05268986e-07,true,0.80503014,5.0101627,2469,0.0236125787,e818c6384e9722b8ea6a04ecc13483e9331c522f,0ce3ba605bfa0bb6fcfc2a988437c850d45e3e63,LineGaussRegularization,2026-09-07 16:32:10,
R1,dji9443_20260813_23_73_capped_captess4.msh,8016,krylov_ilu,34,0.00916666667,5.86661298,3.09253612,8,8,1,true,extrap,1,-1,3,,,,ilu leaf10/mac1.0,17,0.65,6,36,73,true,multi,64,64,0.0389983051,5.21991058e-05,0.0165310396,0.0246278142,0.0286224367,0.0240613501,2.15426403e-06,2.15426403e-07,true,0.787076922,5.07953606,2541,0.0191008355,e818c6384e9722b8ea6a04ecc13483e9331c522f,0ce3ba605bfa0bb6fcfc2a988437c850d45e3e63,LineGaussRegularization,2026-09-07 16:32:10,
R1,dji9443_20260813_23_73_capped_captess4.msh,8016,krylov_ilu,35,0.00944444444,5.76367031,2.9661491,8,8,1,true,extrap,1,-1,3,,,,ilu leaf10/mac1.0,17,0.65,6,36,73,true,multi,64,64,0.0408456746,5.46723684e-05,0.0173141126,0.0257945296,0.0299782944,0.0252011805,2.25631298e-06,2.25631298e-07,true,0.807257311,4.956413,2619,0.0142350978,e818c6384e9722b8ea6a04ecc13483e9331c522f,0ce3ba605bfa0bb6fcfc2a988437c850d45e3e63,LineGaussRegularization,2026-09-07 16:32:10,
R1,dji9443_20260813_23_73_capped_captess4.msh,8016,krylov_ilu,36,0.00972222222,6.18344698,3.27989424,8,8,1,true,extrap,1,-1,3,,,,ilu leaf10/mac1.0,17,0.65,6,36,73,true,multi,64,64,0.0426987799,5.7147027e-05,0.0180996498,0.0269647772,0.0313383827,0.026344507,2.35867844e-06,2.35867844e-07,true,0.812229033,5.37121795,2692,0.00913078558,e818c6384e9722b8ea6a04ecc13483e9331c522f,0ce3ba605bfa0bb6fcfc2a988437c850d45e3e63,LineGaussRegularization,2026-09-07 16:32:10,
R1,dji9443_20260813_23_73_capped_captess4.msh,8016,krylov_ilu,37,0.01,6.1414767,2.7190244,7,7,1,true,extrap,1,-1,3,,,,ilu leaf10/mac1.0,17,0.65,6,36,73,true,multi,64,64,0.0445547321,5.96417692e-05,0.0188863599,0.0281367919,0.0327005462,0.0274896029,2.46120215e-06,2.46120215e-07,true,0.798265872,5.34321083,2765,0.00394338892,e818c6384e9722b8ea6a04ecc13483e9331c522f,0ce3ba605bfa0bb6fcfc2a988437c850d45e3e63,LineGaussRegularization,2026-09-07 16:32:10,
R1,dji9443_20260813_23_73_capped_captess4.msh,8016,krylov_ilu,38,0.0102777778,6.28753568,3.24450243,8,8,1,true,extrap,1,-1,3,,,,ilu leaf10/mac1.0,17,0.65,6,36,73,true,multi,64,64,0.0464107018,6.21421832e-05,0.0196730686,0.0293088584,0.034062691,0.0286347034,2.56372586e-06,2.56372586e-07,true,0.803524305,5.48401138,2845,-0.00115234684,e818c6384e9722b8ea6a04ecc13483e9331c522f,0ce3ba605bfa0bb6fcfc2a988437c850d45e3e63,LineGaussRegularization,2026-09-07 16:32:10,
R1,dji9443_20260813_23_73_capped_captess4.msh,8016,krylov_ilu,39,0.0105555556,5.9877999,2.95815948,8,8,1,true,extrap,1,-1,3,,,,ilu leaf10/mac1.0,17,0.65,6,36,73,true,multi,64,64,0.0482638544,6.4639696e-05,0.0204586125,0.0304791208,0.0354227854,0.0297780481,2.66609132e-06,2.66609132e-07,true,0.80598227,5.18181763,2919,-0.00597277596,e818c6384e9722b8ea6a04ecc13483e9331c522f,0ce3ba605bfa0bb6fcfc2a988437c850d45e3e63,LineGaussRegularization,2026-09-07 16:32:10,
R1,dji9443_20260813_23_73_capped_captess4.msh,8016,krylov_ilu,40,0.0108333333,6.1398911,2.98592623,8,8,1,true,extrap,1,-1,3,,,,ilu leaf10/mac1.0,17,0.65,6,36,73,true,multi,64,64,0.0501112082,6.70608003e-05,0.0212417112,0.0316457611,0.0367786476,0.0309178495,2.76814026e-06,2.76814026e-07,true,0.732056683,5.40783441,2992,-0.0103840704,e818c6384e9722b8ea6a04ecc13483e9331c522f,0ce3ba605bfa0bb6fcfc2a988437c850d45e3e63,LineGaussRegularization,2026-09-07 16:32:10,
R1,dji9443_20260813_23_73_capped_captess4.msh,8016,krylov_ilu,41,0.0111111111,6.1230807,3.00275677,8,8,1,true,extrap,1,-1,3,,,,ilu leaf10/mac1.0,17,0.65,6,36,73,true,multi,64,64,0.0519499844,6.95415706e-05,0.0220211292,0.0328069624,0.038128178,0.0320523423,2.86971444e-06,2.86971444e-07,true,0.837530966,5.28554973,3067,-0.01431839,e818c6384e9722b8ea6a04ecc13483e9331c522f,0ce3ba605bfa0bb6fcfc2a988437c850d45e3e63,LineGaussRegularization,2026-09-07 16:32:10,
R1,dji9443_20260813_23_73_capped_captess4.msh,8016,krylov_ilu,42,0.0113888889,6.23224539,3.07100912,8,8,1,true,extrap,1,-1,3,,,,ilu leaf10/mac1.0,17,0.65,6,36,73,true,multi,64,64,0.0537773118,7.19932854e-05,0.0227957244,0.0339609294,0.039469359,0.0331797762,2.97065559e-06,2.97065559e-07,true,0.74410389,5.4881415,3145,-0.0177846631,e818c6384e9722b8ea6a04ecc13483e9331c522f,0ce3ba605bfa0bb6fcfc2a988437c850d45e3e63,LineGaussRegularization,2026-09-07 16:32:10,
R1,dji9443_20260813_23_73_capped_captess4.msh,8016,krylov_ilu,43,0.0116666667,6.31389355,2.92564452,8,8,1,true,extrap,1,-1,3,,,,ilu leaf10/mac1.0,17,0.65,6,36,73,true,multi,64,64,0.055590296,7.44142185e-05,0.0235642396,0.035105839,0.0407999785,0.0342983648,3.07080546e-06,3.07080546e-07,true,0.907849467,5.40604408,3220,-0.0208473878,e818c6384e9722b8ea6a04ecc13483e9331c522f,0ce3ba605bfa0bb6fcfc2a988437c850d45e3e63,LineGaussRegularization,2026-09-07 16:32:10,
R1,dji9443_20260813_23_73_capped_captess4.msh,8016,krylov_ilu,44,0.0119444444,6.29171039,2.82286751,8,8,1,true,extrap,1,-1,3,,,,ilu leaf10/mac1.0,17,0.65,6,36,73,true,multi,64,64,0.057386117,7.6805004e-05,0.0243254571,0.0362399507,0.0421180161,0.0354063605,3.17000579e-06,3.17000579e-07,true,0.885997624,5.40571277,3296,-0.0236089893,e818c6384e9722b8ea6a04ecc13483e9331c522f,0ce3ba605bfa0bb6fcfc2a988437c850d45e3e63,LineGaussRegularization,2026-09-07 16:32:10,
R1,dji9443_20260813_23_73_capped_captess4.msh,8016,krylov_ilu,45,0.0122222222,6.59014415,3.24300607,8,8,1,true,extrap,1,-1,3,,,,ilu leaf10/mac1.0,17,0.65,6,36,73,true,multi,64,64,0.0591618607,7.9211917e-05,0.025078175,0.0373613669,0.0434213156,0.0365019828,3.26809832e-06,3.26809832e-07,true,0.788331391,5.80181276,3370,-0.0261928072,e818c6384e9722b8ea6a04ecc13483e9331c522f,0ce3ba605bfa0bb6fcfc2a988437c850d45e3e63,LineGaussRegularization,2026-09-07 16:32:10,
R1,dji9443_20260813_23_73_capped_captess4.msh,8016,krylov_ilu,46,0.0125,7.24014749,3.02740659,8,8,1,true,extrap,1,-1,3,,,,ilu leaf10/mac1.0,17,0.65,6,36,73,true,multi,64,64,0.0609147029,8.15601835e-05,0.0258211913,0.0384682795,0.0447077764,0.0375834473,3.36492481e-06,3.36492481e-07,true,0.848463366,6.39168412,3450,-0.0287294243,e818c6384e9722b8ea6a04ecc13483e9331c522f,0ce3ba605bfa0bb6fcfc2a988437c850d45e3e63,LineGaussRegularization,2026-09-07 16:32:10,
R1,dji9443_20260813_23_73_capped_captess4.msh,8016,krylov_ilu,47,0.0127777778,6.72139341,3.01453891,7,7,1,true,extrap,1,-1,3,,,,ilu leaf10/mac1.0,17,0.65,6,36,73,true,multi,64,64,0.0626417729,8.38596073e-05,0.0265532821,0.0395589129,0.0459753604,0.0386490109,3.46032699e-06,3.46032699e-07,true,0.789948774,5.93144464,3526,-0.0313334712,e818c6384e9722b8ea6a04ecc13483e9331c522f,0ce3ba605bfa0bb6fcfc2a988437c850d45e3e63,LineGaussRegularization,2026-09-07 16:32:10,
R1,dji9443_20260813_23_73_capped_captess4.msh,8016,krylov_ilu,48,0.0130555556,6.48383099,2.8827517,8,8,1,true,extrap,1,-1,3,,,,ilu leaf10/mac1.0,17,0.65,6,36,73,true,multi,64,64,0.0643401956,8.61252195e-05,0.027273203,0.04063151,0.0472218608,0.0396968938,3.5541466e-06,3.5541466e-07,true,0.796171742,5.68765925,3605,-0.0340913323,e818c6384e9722b8ea6a04ecc13483e9331c522f,0ce3ba605bfa0bb6fcfc2a988437c850d45e3e63,LineGaussRegularization,2026-09-07 16:32:10,
R1,dji9443_20260813_23_73_capped_captess4.msh,8016,krylov_ilu,49,0.0133333333,7.06686179,3.07341913,8,8,1,true,extrap,1,-1,3,,,,ilu leaf10/mac1.0,17,0.65,6,36,73,true,multi,64,64,0.0660070618,8.83786261e-05,0.0279798387,0.0416841637,0.0484452509,0.0407253405,3.6462254e-06,3.6462254e-07,true,0.954451908,6.11240989,3680,-0.0370567664,e818c6384e9722b8ea6a04ecc13483e9331c522f,0ce3ba605bfa0bb6fcfc2a988437c850d45e3e63,LineGaussRegularization,2026-09-07 16:32:10,
R1,dji9443_20260813_23_73_capped_captess4.msh,8016,krylov_ilu,50,0.0136111111,6.91539846,2.85102729,8,8,1,true,extrap,1,-1,3,,,,ilu leaf10/mac1.0,17,0.65,6,36,73,true,multi,64,64,0.0676395541,9.0545059e-05,0.028671804,0.0427150985,0.0496433845,0.0417325628,3.73640512e-06,3.73640512e-07,true,0.868067681,6.04733078,3762,-0.0402483486,e818c6384e9722b8ea6a04ecc13483e9331c522f,0ce3ba605bfa0bb6fcfc2a988437c850d45e3e63,LineGaussRegularization,2026-09-07 16:32:10,
R1,dji9443_20260813_23_73_capped_captess4.msh,8016,krylov_ilu,51,0.0138888889,7.10475887,3.00664906,8,8,1,true,extrap,1,-1,3,,,,ilu leaf10/mac1.0,17,0.65,6,36,73,true,multi,64,64,0.0692347781,9.26775371e-05,0.0293480275,0.0437225176,0.0508142512,0.0427168205,3.82452751e-06,3.82452751e-07,true,0.795098222,6.30966064,3839,-0.0436439492,e818c6384e9722b8ea6a04ecc13483e9331c522f,0ce3ba605bfa0bb6fcfc2a988437c850d45e3e63,LineGaussRegularization,2026-09-07 16:32:10,
R1,dji9443_20260813_23_73_capped_captess4.msh,8016,krylov_ilu,52,0.0141666667,6.7069247,2.67999553,7,7,1,true,extrap,1,-1,3,,,,ilu leaf10/mac1.0,17,0.65,6,36,73,true,multi,64,64,0.0707899592,9.47559517e-05,0.0300072463,0.0447045797,0.0519556352,0.0436763279,3.91043431e-06,3.91043431e-07,true,0.883463427,5.82346128,3918,-0.0471717543,e818c6384e9722b8ea6a04ecc13483e9331c522f,0ce3ba605bfa0bb6fcfc2a988437c850d45e3e63,LineGaussRegularization,2026-09-07 16:32:10,
R1,dji9443_20260813_23_73_capped_captess4.msh,8016,krylov_ilu,53,0.0144444444,7.03649373,2.97641474,8,8,1,true,extrap,1,-1,3,,,,ilu leaf10/mac1.0,17,0.65,6,36,73,true,multi,64,64,0.0723021648,9.6770857e-05,0.0306482336,0.0456595633,0.0530655129,0.0446093264,3.99396727e-06,3.99396727e-07,true,0.779695303,6.25679843,4000,-0.0507260725,e818c6384e9722b8ea6a04ecc13483e9331c522f,0ce3ba605bfa0bb6fcfc2a988437c850d45e3e63,LineGaussRegularization,2026-09-07 16:32:10,
R1,dji9443_20260813_23_73_capped_captess4.msh,8016,krylov_ilu,54,0.0147222222,7.30860342,3.10746175,8,8,1,true,extrap,1,-1,3,,,,ilu leaf10/mac1.0,17,0.65,6,36,73,true,multi,64,64,0.0737685117,9.8765942e-05,0.0312697885,0.0465855892,0.0541417302,0.045514049,4.07496812e-06,4.07496812e-07,true,0.787193731,6.52140969,4082,-0.0542020187,e818c6384e9722b8ea6a04ecc13483e9331c522f,0ce3ba605bfa0bb6fcfc2a988437c850d45e3e63,LineGaussRegularization,2026-09-07 16:32:10,
R1,dji9443_20260813_23_73_capped_captess4.msh,8016,krylov_ilu,55,0.015,7.44391895,2.59150827,7,7,1,true,extrap,1,-1,3,,,,ilu leaf10/mac1.0,17,0.65,6,36,73,true,multi,64,64,0.0751861499,0.00010066303,0.0318707189,0.0474808538,0.0551821732,0.0463887135,4.15327862e-06,4.15327862e-07,true,0.840585815,6.60333313,4163,-0.0575012042,e818c6384e9722b8ea6a04ecc13483e9331c522f,0ce3ba605bfa0bb6fcfc2a988437c850d45e3e63,LineGaussRegularization,2026-09-07 16:32:10,
R1,dji9443_20260813_23_73_capped_captess4.msh,8016,krylov_ilu,56,0.0152777778,7.74224645,3.22018376,8,8,1,true,extrap,1,-1,3,,,,ilu leaf10/mac1.0,17,0.65,6,36,73,true,multi,64,64,0.076552261,0.000102479071,0.0324498254,0.0483435121,0.0561848093,0.0472315571,4.2287405e-06,4.2287405e-07,true,0.787222699,6.95502375,4246,-0.0605676202,e818c6384e9722b8ea6a04ecc13483e9331c522f,0ce3ba605bfa0bb6fcfc2a988437c850d45e3e63,LineGaussRegularization,2026-09-07 16:32:10,
R1,dji9443_20260813_23_73_capped_captess4.msh,8016,krylov_ilu,57,0.0155555556,7.28220388,2.81772186,8,8,1,true,extrap,1,-1,3,,,,ilu leaf10/mac1.0,17,0.65,6,36,73,true,multi,64,64,0.0778639013,0.000104244325,0.0330057851,0.0491718731,0.0571474701,0.0480408133,4.30119552e-06,4.30119552e-07,true,0.881622928,6.40058095,4323,-0.0633812193,e818c6384e9722b8ea6a04ecc13483e9331c522f,0ce3ba605bfa0bb6fcfc2a988437c850d45e3e63,LineGaussRegularization,2026-09-07 16:32:10,
R1,dji9443_20260813_23_73_capped_captess4.msh,8016,krylov_ilu,58,0.0158333333,7.27083656,3.03544414,8,8,1,true,extrap,1,-1,3,,,,ilu leaf10/mac1.0,17,0.65,6,36,73,true,multi,64,64,0.0791182145,0.000105937421,0.033537538,0.0499639994,0.0580680857,0.048814726,4.3704854e-06,4.3704854e-07,true,0.751134391,6.51970217,4404,-0.0659385396,e818c6384e9722b8ea6a04ecc13483e9331c522f,0ce3ba605bfa0bb6fcfc2a988437c850d45e3e63,LineGaussRegularization,2026-09-07 16:32:10,
R1,dji9443_20260813_23_73_capped_captess4.msh,8016,krylov_ilu,59,0.0161111111,7.5809643,3.00253694,8,8,1,true,extrap,1,-1,3,,,,ilu leaf10/mac1.0,17,0.65,6,36,73,true,multi,64,64,0.0803123833,0.000107512385,0.0340437061,0.0507181483,0.0589444861,0.0495515085,4.43645191e-06,4.43645191e-07,true,0.861749778,6.71921452,4482,-0.0682161268,e818c6384e9722b8ea6a04ecc13483e9331c522f,0ce3ba605bfa0bb6fcfc2a988437c850d45e3e63,LineGaussRegularization,2026-09-07 16:32:10,
R1,dji9443_20260813_23_73_capped_captess4.msh,8016,krylov_ilu,60,0.0163888889,7.68609577,3.18616437,8,8,1,true,extrap,1,-1,3,,,,ilu leaf10/mac1.0,17,0.65,6,36,73,true,multi,64,64,0.0814435108,0.000109029585,0.0345231995,0.0514324525,0.0597747533,0.0502494131,4.49893678e-06,4.49893678e-07,true,0.815139152,6.87095662,4563,-0.0702358613,e818c6384e9722b8ea6a04ecc13483e9331c522f,0ce3ba605bfa0bb6fcfc2a988437c850d45e3e63,LineGaussRegularization,2026-09-07 16:32:10,
R1,dji9443_20260813_23_73_capped_captess4.msh,8016,krylov_ilu,61,0.0166666667,7.62993649,2.95549544,8,8,1,true,extrap,1,-1,3,,,,ilu leaf10/mac1.0,17,0.65,6,36,73,true,multi,64,64,0.0825087982,0.000110442739,0.0349747574,0.0521051524,0.060556553,0.0509066684,4.55778175e-06,4.55778175e-07,true,0.784419925,6.84551657,4645,-0.072015976,e818c6384e9722b8ea6a04ecc13483e9331c522f,0ce3ba605bfa0bb6fcfc2a988437c850d45e3e63,LineGaussRegularization,2026-09-07 16:32:10,
R1,dji9443_20260813_23_73_capped_captess4.msh,8016,krylov_ilu,62,0.0169444444,7.21645416,2.57436633,7,7,1,true,extrap,1,-1,3,,,,ilu leaf10/mac1.0,17,0.65,6,36,73,true,multi,64,64,0.0835053129,0.000111764514,0.0353971486,0.0527344782,0.0612879675,0.0515214977,4.61282857e-06,4.61282857e-07,true,0.851560297,6.36489386,4726,-0.0735577443,e818c6384e9722b8ea6a04ecc13483e9331c522f,0ce3ba605bfa0bb6fcfc2a988437c850d45e3e63,LineGaussRegularization,2026-09-07 16:32:10,
R1,dji9443_20260813_23_73_capped_captess4.msh,8016,krylov_ilu,63,0.0172222222,7.66628625,2.97475488,7,7,1,true,extrap,1,-1,3,,,,ilu leaf10/mac1.0,17,0.65,6,36,73,true,multi,64,64,0.0844302019,0.000113042115,0.0357891785,0.0533185703,0.0619667805,0.0520921459,4.66391898e-06,4.66391898e-07,true,0.759377018,6.90690923,4809,-0.0748730207,e818c6384e9722b8ea6a04ecc13483e9331c522f,0ce3ba605bfa0bb6fcfc2a988437c850d45e3e63,LineGaussRegularization,2026-09-07 16:32:10,
R1,dji9443_20260813_23_73_capped_captess4.msh,8016,krylov_ilu,64,0.0175,8.03719071,2.59089674,7,7,1,true,extrap,1,-1,3,,,,ilu leaf10/mac1.0,17,0.65,6,36,73,true,multi,64,64,0.0852805876,0.00011418089,0.0361496576,0.0538555989,0.062590892,0.0526168232,4.71089473e-06,4.71089473e-07,true,0.730415234,7.30677547,4891,-0.0759991098,e818c6384e9722b8ea6a04ecc13483e9331c522f,0ce3ba605bfa0bb6fcfc2a988437c850d45e3e63,LineGaussRegularization,2026-09-07 16:32:10,
R1,dji9443_20260813_23_73_capped_captess4.msh,8016,krylov_ilu,65,0.0177777778,8.33567665,2.99890831,7,7,1,true,extrap,1,-1,3,,,,ilu leaf10/mac1.0,17,0.65,6,36,73,true,multi,64,64,0.0860536736,0.00011519703,0.0364773988,0.0543437643,0.063158277,0.0530937797,4.75359756e-06,4.75359756e-07,true,0.837220433,7.49845621,4975,-0.0769750678,e818c6384e9722b8ea6a04ecc13483e9331c522f,0ce3ba605bfa0bb6fcfc2a988437c850d45e3e63,LineGaussRegularization,2026-09-07 16:32:10,
R1,dji9443_20260813_23_73_capped_captess4.msh,8016,krylov_ilu,66,0.0180555556,5.65256272,2.59654404,7,7,1,true,extrap,1,-1,3,,,,ilu leaf10/mac1.0,17,0.65,6,36,73,true,multi,64,64,0.0867464833,0.000116139472,0.0367710358,0.0547813102,0.0636667598,0.0535212342,4.79186921e-06,4.79186921e-07,true,0.84532948,4.80723324,5055,-0.0778431824,e818c6384e9722b8ea6a04ecc13483e9331c522f,0ce3ba605bfa0bb6fcfc2a988437c850d45e3e63,LineGaussRegularization,2026-09-07 16:32:10,
R1,dji9443_20260813_23_73_capped_captess4.msh,8016,krylov_ilu,67,0.0183333333,5.49093802,2.89100507,7,7,1,true,extrap,1,-1,3,,,,ilu leaf10/mac1.0,17,0.65,6,36,73,true,multi,64,64,0.0873562071,0.000116967535,0.0370295526,0.0551663783,0.0641142834,0.0538974395,4.82555143e-06,4.82555143e-07,true,0.753775024,4.73716299,5133,-0.0786265528,e818c6384e9722b8ea6a04ecc13483e9331c522f,0ce3ba605bfa0bb6fcfc2a988437c850d45e3e63,LineGaussRegularization,2026-09-07 16:32:10,
R1,dji9443_20260813_23_73_capped_captess4.msh,8016,krylov_ilu,68,0.0186111111,5.56303149,2.62197622,7,7,1,true,extrap,1,-1,3,,,,ilu leaf10/mac1.0,17,0.65,6,36,73,true,multi,64,64,0.0878799858,0.000117647984,0.0372515465,0.0554971727,0.064498657,0.0542206061,4.85448595e-06,4.85448595e-07,true,0.751947296,4.81108419,5216,-0.0793379471,e818c6384e9722b8ea6a04ecc13483e9331c522f,0ce3ba605bfa0bb6fcfc2a988437c850d45e3e63,LineGaussRegularization,2026-09-07 16:32:10,
R1,dji9443_20260813_23_73_capped_captess4.msh,8016,krylov_ilu,69,0.0188888889,5.80684231,2.91454419,7,7,1,true,extrap,1,-1,3,,,,ilu leaf10/mac1.0,17,0.65,6,36,73,true,multi,64,64,0.0883149414,0.000118228303,0.0374359399,0.055771837,0.0648179827,0.0544889838,4.87851454e-06,4.87851454e-07,true,0.769848505,5.0369938,5297,-0.0799491824,e818c6384e9722b8ea6a04ecc13483e9331c522f,0ce3ba605bfa0bb6fcfc2a988437c850d45e3e63,LineGaussRegularization,2026-09-07 16:32:10,
R1,dji9443_20260813_23_73_capped_captess4.msh,8016,krylov_ilu,70,0.0191666667,5.48655431,2.71999887,7,7,1,true,extrap,1,-1,3,,,,ilu leaf10/mac1.0,17,0.65,6,36,73,true,multi,64,64,0.0886582822,0.00011867443,0.0375814746,0.0559886026,0.065069905,0.0547008052,4.89747892e-06,4.89747892e-07,true,0.765688088,4.72086622,5378,-0.0804073195,e818c6384e9722b8ea6a04ecc13483e9331c522f,0ce3ba605bfa0bb6fcfc2a988437c850d45e3e63,LineGaussRegularization,2026-09-07 16:32:10,
R1,dji9443_20260813_23_73_capped_captess4.msh,8016,krylov_ilu,71,0.0194444444,5.39703905,2.62448142,7,7,1,true,extrap,1,-1,3,,,,ilu leaf10/mac1.0,17,0.65,6,36,73,true,multi,64,64,0.0889070575,0.000118994605,0.0376869036,0.0561457266,0.0652525352,0.054854296,4.91122084e-06,4.91122084e-07,true,0.755423877,4.64161517,5456,-0.0806526184,e818c6384e9722b8ea6a04ecc13483e9331c522f,0ce3ba605bfa0bb6fcfc2a988437c850d45e3e63,LineGaussRegularization,2026-09-07 16:32:10,
R1,dji9443_20260813_23_73_capped_captess4.msh,8016,krylov_ilu,72,0.0197222222,5.90338888,3.04069817,8,8,1,true,extrap,1,-1,3,,,,ilu leaf10/mac1.0,17,0.65,6,36,73,true,multi,64,64,0.0890584375,0.000119238942,0.0377510434,0.0562413513,0.0653636255,0.0549476964,4.91958205e-06,4.91958205e-07,true,0.858252795,5.04513608,5534,-0.0806679446,e818c6384e9722b8ea6a04ecc13483e9331c522f,0ce3ba605bfa0bb6fcfc2a988437c850d45e3e63,LineGaussRegularization,2026-09-07 16:32:10,
R1,dji9443_20260813_23_73_capped_captess4.msh,8016,krylov_ilu,73,0.02,6.42359389,2.85345994,8,8,1,true,extrap,1,-1,3,5614,83240.3884,,ilu leaf10/mac1.0,17,0.65,6,36,73,true,multi,64,64,0.0891095115,0.000119291908,0.0377727053,0.0562736055,0.0654010953,0.0549792164,4.92240429e-06,4.92240429e-07,true,0.74337662,5.68021727,5614,-0.0804183721,e818c6384e9722b8ea6a04ecc13483e9331c522f,0ce3ba605bfa0bb6fcfc2a988437c850d45e3e63,LineGaussRegularization,2026-09-07 16:32:10,
R1,dji9443_20260813_23_73_capped_captess4.msh,8016,fgmres_fgs,1,0,53.8776917,12.8398037,1,1,1,true,cold,0,-1,3,,,30.2831317,p=6;mac=0.3;leaf=50;inner=10;sweeps=5;rtol=1.0e-6,17,0.65,6,36,73,true,multi,64,64,6.16680482e-08,7.41777516e-13,1.41817116e-09,3.27945346e-09,6.47960441e-09,6.85738072e-09,1e-14,1e-15,false,1.09996334,52.7777283,0,0.0533281206,e818c6384e9722b8ea6a04ecc13483e9331c522f,0ce3ba605bfa0bb6fcfc2a988437c850d45e3e63,LineGaussRegularization,2026-09-07 16:51:24,"RHPC setup-only include; t_solve = solve_formulation! wall (incl. the per-step Dirichlet source-potential assembly inside solve!); t_step from maneuver! deltas; niter now recorded for FGS as well as Krylov (Phase 3); niter=-1 means a direct solve. niter is the LAST inner solve of the step (legacy diagnostic); niter_first is the FIRST and is the warmstart comparison metric; nsolves is the per-body solve count of the step (must be 1 for a one-body run; -1 = unavailable); solved is the AND of the step's inner convergence flags. Wake-developed averages should drop the first skip_steps rows. bcerr_* are order statistics of the per-panel Dirichlet BC residual |phi_sigma + G_mu x| from ONE bc_error! pass per step; bcerr_tol is THIS arm's own effective absolute acceptance level, so bcerr_max <= bcerr_tol is the arm's promise checked independently. The pass requests an absolute FMM error of bcerr_eps = BCERR_SAFETY * bcerr_tol, so the instrument is ~10x sharper than the acceptance level by construction; bcerr_certified=false means some M2L pair could not certify that bound and the row is UNCERTIFIED. The pass is EXCLUDED from t_solve, but NOT from t_step_total (it lies inside the maneuver!-to-maneuver! window); use t_step_net = t_step_total - t_bcerr for full-timestep share. Its own cost is t_bcerr (~62% of t_solve at R1 — it certifies to 10x below tol_abs, so the FMM climbs its order). BCERR_EVERY>1 subsamples it; skipped steps write EMPTY bcerr_* cells, never a fabricated value. n_particles and CT are per-step identity REPORTING, not assertions: the wake is chaotic, so small differences compound and exact trajectory identity is not expected. CT requires RUN_MONITORS=true (default under PHASE=phase3)."
R1,dji9443_20260813_23_73_capped_captess4.msh,8016,fgmres_fgs,2,0.000277777778,8.68939484,4.45351382,3,3,1,true,cold,0,-1,3,,,,p=6;mac=0.3;leaf=50;inner=10;sweeps=5;rtol=1.0e-6,17,0.65,6,36,73,true,multi,64,64,5.10906461e-05,6.76978261e-08,2.16571064e-05,3.2264477e-05,3.749742e-05,3.15223514e-05,2.82224753e-09,2.82224753e-10,false,0.768640718,7.92075412,0,0.0738110098,e818c6384e9722b8ea6a04ecc13483e9331c522f,0ce3ba605bfa0bb6fcfc2a988437c850d45e3e63,LineGaussRegularization,2026-09-07 16:51:25,
R1,dji9443_20260813_23_73_capped_captess4.msh,8016,fgmres_fgs,3,0.000555555556,7.59629564,3.71803558,3,3,1,true,cold,0,-1,3,,,,p=6;mac=0.3;leaf=50;inner=10;sweeps=5;rtol=1.0e-6,17,0.65,6,36,73,true,multi,64,64,0.000202452129,2.71824171e-07,8.58176426e-05,0.000127848521,0.000148588079,0.000124909175,1.11834559e-08,1.11834559e-09,false,0.822566728,6.77372891,84,0.0913694897,e818c6384e9722b8ea6a04ecc13483e9331c522f,0ce3ba605bfa0bb6fcfc2a988437c850d45e3e63,LineGaussRegularization,2026-09-07 16:51:25,
R1,dji9443_20260813_23_73_capped_captess4.msh,8016,fgmres_fgs,4,0.000833333333,5.33621498,3.55979174,3,3,1,true,cold,0,-1,3,,,,p=6;mac=0.3;leaf=50;inner=10;sweeps=5;rtol=1.0e-6,17,0.65,6,36,73,true,multi,64,64,0.000451220117,6.05428077e-07,0.000191268208,0.000284949798,0.000331169097,0.000278395793,2.49253789e-08,2.49253789e-09,false,0.810480828,4.52573415,168,0.100586374,e818c6384e9722b8ea6a04ecc13483e9331c522f,0ce3ba605bfa0bb6fcfc2a988437c850d45e3e63,LineGaussRegularization,2026-09-07 16:51:25,
R1,dji9443_20260813_23_73_capped_captess4.msh,8016,fgmres_fgs,5,0.00111111111,5.28213932,3.49260074,3,3,1,true,cold,0,-1,3,,,,p=6;mac=0.3;leaf=50;inner=10;sweeps=5;rtol=1.0e-6,17,0.65,6,36,73,true,multi,64,64,0.000794530201,1.06922165e-06,0.000336799821,0.00050175453,0.000583144666,0.000490213348,4.38897601e-08,4.38897601e-09,false,0.797774872,4.48436445,249,0.105160608,e818c6384e9722b8ea6a04ecc13483e9331c522f,0ce3ba605bfa0bb6fcfc2a988437c850d45e3e63,LineGaussRegularization,2026-09-07 16:51:25,
R1,dji9443_20260813_23_73_capped_captess4.msh,8016,fgmres_fgs,6,0.00138888889,5.95398817,4.06173992,4,4,1,true,cold,0,-1,3,,,,p=6;mac=0.3;leaf=50;inner=10;sweeps=5;rtol=1.0e-6,17,0.65,6,36,73,true,multi,64,64,0.00122951473,1.64588555e-06,0.000521180631,0.000776463683,0.000902392355,0.000758592567,6.79183432e-08,6.79183432e-09,false,0.802802992,5.15118518,329,0.107104955,e818c6384e9722b8ea6a04ecc13483e9331c522f,0ce3ba605bfa0bb6fcfc2a988437c850d45e3e63,LineGaussRegularization,2026-09-07 16:51:25,
R1,dji9443_20260813_23_73_capped_captess4.msh,8016,fgmres_fgs,7,0.00166666667,6.61173573,4.60728672,4,4,1,true,cold,0,-1,3,,,,p=6;mac=0.3;leaf=50;inner=10;sweeps=5;rtol=1.0e-6,17,0.65,6,36,73,true,multi,64,64,0.00175331548,2.34340636e-06,0.000743216466,0.00110723498,0.00128683058,0.00108176743,9.68528719e-08,9.68528719e-09,false,0.847360606,5.76437512,408,0.107517355,e818c6384e9722b8ea6a04ecc13483e9331c522f,0ce3ba605bfa0bb6fcfc2a988437c850d45e3e63,LineGaussRegularization,2026-09-07 16:51:25,
R1,dji9443_20260813_23_73_capped_captess4.msh,8016,fgmres_fgs,8,0.00194444444,7.017552,5.06539681,5,5,1,true,cold,0,-1,3,,,,p=6;mac=0.3;leaf=50;inner=10;sweeps=5;rtol=1.0e-6,17,0.65,6,36,73,true,multi,64,64,0.00236305299,3.16612268e-06,0.00100167701,0.00149229353,0.00173433484,0.00145796889,1.3053509e-07,1.3053509e-08,false,0.761351033,6.25620097,491,0.107007629,e818c6384e9722b8ea6a04ecc13483e9331c522f,0ce3ba605bfa0bb6fcfc2a988437c850d45e3e63,LineGaussRegularization,2026-09-07 16:51:25,
R1,dji9443_20260813_23_73_capped_captess4.msh,8016,fgmres_fgs,9,0.00222222222,7.44237274,5.30706182,6,6,1,true,cold,0,-1,3,,,,p=6;mac=0.3;leaf=50;inner=10;sweeps=5;rtol=1.0e-6,17,0.65,6,36,73,true,multi,64,64,0.00305588151,4.09444148e-06,0.00129536889,0.00192982215,0.00224283512,0.00188543084,1.68806741e-07,1.68806741e-08,false,0.753419089,6.68895365,569,0.105904431,e818c6384e9722b8ea6a04ecc13483e9331c522f,0ce3ba605bfa0bb6fcfc2a988437c850d45e3e63,LineGaussRegularization,2026-09-07 16:51:25,
R1,dji9443_20260813_23_73_capped_captess4.msh,8016,fgmres_fgs,10,0.0025,9.38703972,6.93751735,7,7,1,true,cold,0,-1,3,,,,p=6;mac=0.3;leaf=50;inner=10;sweeps=5;rtol=1.0e-6,17,0.65,6,36,73,true,multi,64,64,0.00382892158,5.12713163e-06,0.00162303695,0.00241801042,0.00281020327,0.00236238946,2.11509569e-07,2.11509569e-08,false,0.745460896,8.64157883,649,0.104390276,e818c6384e9722b8ea6a04ecc13483e9331c522f,0ce3ba605bfa0bb6fcfc2a988437c850d45e3e63,LineGaussRegularization,2026-09-07 16:51:25,
R1,dji9443_20260813_23_73_capped_captess4.msh,8016,fgmres_fgs,11,0.00277777778,18.946195,16.713966,8,8,1,true,cold,0,-1,3,,,,p=6;mac=0.3;leaf=50;inner=10;sweeps=5;rtol=1.0e-6,17,0.65,6,36,73,true,multi,64,64,0.0046793194,6.26566523e-06,0.00198352435,0.00295503661,0.00343434135,0.00288706806,2.58485317e-07,2.58485317e-08,false,0.966826727,17.9793682,730,0.102560424,e818c6384e9722b8ea6a04ecc13483e9331c522f,0ce3ba605bfa0bb6fcfc2a988437c850d45e3e63,LineGaussRegularization,2026-09-07 16:51:25,
R1,dji9443_20260813_23_73_capped_captess4.msh,8016,fgmres_fgs,12,0.00305555556,18.3228335,16.2076314,10,10,1,true,cold,0,-1,3,,,,p=6;mac=0.3;leaf=50;inner=10;sweeps=5;rtol=1.0e-6,17,0.65,6,36,73,true,multi,64,64,0.00560419985,7.50123806e-06,0.00237556745,0.00353910874,0.0041131494,0.00345770497,3.09575729e-07,3.09575729e-08,false,0.827633451,17.4952001,810,0.100456193,e818c6384e9722b8ea6a04ecc13483e9331c522f,0ce3ba605bfa0bb6fcfc2a988437c850d45e3e63,LineGaussRegularization,2026-09-07 16:51:25,
R1,dji9443_20260813_23_73_capped_captess4.msh,8016,fgmres_fgs,13,0.00333333333,16.0414169,13.7530698,13,13,1,true,cold,0,-1,3,,,,p=6;mac=0.3;leaf=50;inner=10;sweeps=5;rtol=1.0e-6,17,0.65,6,36,73,true,multi,64,64,0.00660070523,8.83899769e-06,0.00279797955,0.00416841435,0.0048445297,0.00407253368,3.64622549e-07,3.64622549e-08,true,0.849641968,15.1917749,891,0.0980784664,e818c6384e9722b8ea6a04ecc13483e9331c522f,0ce3ba605bfa0bb6fcfc2a988437c850d45e3e63,LineGaussRegularization,2026-09-07 16:51:25,
R1,dji9443_20260813_23_73_capped_captess4.msh,8016,fgmres_fgs,14,0.00361111111,19.4689805,16.5763266,18,18,1,true,cold,0,-1,3,,,,p=6;mac=0.3;leaf=50;inner=10;sweeps=5;rtol=1.0e-6,17,0.65,6,36,73,true,multi,64,64,0.00766596644,1.02625631e-05,0.00324953811,0.00484114057,0.00562636579,0.00472978312,4.2346752e-07,4.2346752e-08,true,0.770793165,18.6981873,972,0.0954106441,e818c6384e9722b8ea6a04ecc13483e9331c522f,0ce3ba605bfa0bb6fcfc2a988437c850d45e3e63,LineGaussRegularization,2026-09-07 16:51:25,
R1,dji9443_20260813_23_73_capped_captess4.msh,8016,fgmres_fgs,15,0.00388888889,20.7768692,18.5668982,20,20,1,true,cold,0,-1,3,,,,p=6;mac=0.3;leaf=50;inner=10;sweeps=5;rtol=1.0e-6,17,0.65,6,36,73,true,multi,64,64,0.00879711387,1.17743749e-05,0.00372901742,0.00555547821,0.00645658535,0.00542768609,4.85952387e-07,4.85952387e-08,false,0.786086639,19.9907825,1050,0.0924116737,e818c6384e9722b8ea6a04ecc13483e9331c522f,0ce3ba605bfa0bb6fcfc2a988437c850d45e3e63,LineGaussRegularization,2026-09-07 16:51:25,
R1,dji9443_20260813_23_73_capped_captess4.msh,8016,fgmres_fgs,16,0.00416666667,23.3893759,21.1142613,24,24,1,true,cold,0,-1,3,,,,p=6;mac=0.3;leaf=50;inner=10;sweeps=5;rtol=1.0e-6,17,0.65,6,36,73,true,multi,64,64,0.00999130001,1.33648975e-05,0.00423522478,0.00630961323,0.00733302793,0.00616447899,5.51918892e-07,5.51918892e-08,true,0.863233185,22.5261427,1126,0.0890360912,e818c6384e9722b8ea6a04ecc13483e9331c522f,0ce3ba605bfa0bb6fcfc2a988437c850d45e3e63,LineGaussRegularization,2026-09-07 16:51:25,
R1,dji9443_20260813_23_73_capped_captess4.msh,8016,fgmres_fgs,17,0.00444444444,23.609804,21.2632786,25,25,1,true,cold,0,-1,3,,,,p=6;mac=0.3;leaf=50;inner=10;sweeps=5;rtol=1.0e-6,17,0.65,6,36,73,true,multi,64,64,0.0112456425,1.50546927e-05,0.0047669324,0.00710174075,0.00825363336,0.00693838927,6.2120878e-07,6.2120878e-08,true,0.781054962,22.828749,1204,0.0852341139,e818c6384e9722b8ea6a04ecc13483e9331c522f,0ce3ba605bfa0bb6fcfc2a988437c850d45e3e63,LineGaussRegularization,2026-09-07 16:51:25,
R1,dji9443_20260813_23_73_capped_captess4.msh,8016,fgmres_fgs,18,0.00472222222,25.0053165,22.7199123,26,26,1,true,cold,0,-1,3,,,,p=6;mac=0.3;leaf=50;inner=10;sweeps=5;rtol=1.0e-6,17,0.65,6,36,73,true,multi,64,64,0.0125572741,1.68131296e-05,0.00532292234,0.0079300613,0.00921630069,0.00774765395,6.93663794e-07,6.93663794e-08,true,0.768282681,24.2370338,1283,0.0810049951,e818c6384e9722b8ea6a04ecc13483e9331c522f,0ce3ba605bfa0bb6fcfc2a988437c850d45e3e63,LineGaussRegularization,2026-09-07 16:51:25,
R1,dji9443_20260813_23_73_capped_captess4.msh,8016,fgmres_fgs,19,0.005,26.899091,24.0805793,26,26,1,true,cold,0,-1,3,,,,p=6;mac=0.3;leaf=50;inner=10;sweeps=5;rtol=1.0e-6,17,0.65,6,36,73,true,multi,64,64,0.0139233571,1.86342626e-05,0.00590199354,0.00879274835,0.0102189161,0.00859050123,7.69125678e-07,7.69125678e-08,true,0.848642433,26.0504486,1362,0.0764214286,e818c6384e9722b8ea6a04ecc13483e9331c522f,0ce3ba605bfa0bb6fcfc2a988437c850d45e3e63,LineGaussRegularization,2026-09-07 16:51:25,
R1,dji9443_20260813_23_73_capped_captess4.msh,8016,fgmres_fgs,20,0.00527777778,27.217958,24.8747453,28,28,1,true,cold,0,-1,3,,,,p=6;mac=0.3;leaf=50;inner=10;sweeps=5;rtol=1.0e-6,17,0.65,6,36,73,true,multi,64,64,0.015341003,2.05403236e-05,0.00650291243,0.00968800385,0.0112593817,0.00946516412,8.47436176e-07,8.47436176e-08,true,0.750557469,26.4674005,1435,0.0716455621,e818c6384e9722b8ea6a04ecc13483e9331c522f,0ce3ba605bfa0bb6fcfc2a988437c850d45e3e63,LineGaussRegularization,2026-09-07 16:51:25,
R1,dji9443_20260813_23_73_capped_captess4.msh,8016,fgmres_fgs,21,0.00555555556,23.4194465,21.2190058,26,26,1,true,cold,0,-1,3,,,,p=6;mac=0.3;leaf=50;inner=10;sweeps=5;rtol=1.0e-6,17,0.65,6,36,73,true,multi,64,64,0.0168073132,2.2527115e-05,0.0071244695,0.0106140194,0.0123355729,0.0103698754,9.28437031e-07,9.28437031e-08,true,0.735556054,22.6838905,1514,0.0668965018,e818c6384e9722b8ea6a04ecc13483e9331c522f,0ce3ba605bfa0bb6fcfc2a988437c850d45e3e63,LineGaussRegularization,2026-09-07 16:51:25,
R1,dji9443_20260813_23_73_capped_captess4.msh,8016,fgmres_fgs,22,0.00583333333,19.5663416,17.2661025,22,22,1,true,cold,0,-1,3,,,,p=6;mac=0.3;leaf=50;inner=10;sweeps=5;rtol=1.0e-6,17,0.65,6,36,73,true,multi,64,64,0.0183195277,2.4543761e-05,0.00776546303,0.0115689777,0.0134454671,0.0113028689,1.01196999e-06,1.01196999e-07,true,0.734587883,18.8317538,1595,0.0623870008,e818c6384e9722b8ea6a04ecc13483e9331c522f,0ce3ba605bfa0bb6fcfc2a988437c850d45e3e63,LineGaussRegularization,2026-09-07 16:51:25,
R1,dji9443_20260813_23_73_capped_captess4.msh,8016,fgmres_fgs,23,0.00611111111,18.4732698,16.1777306,21,21,1,true,cold,0,-1,3,,,,p=6;mac=0.3;leaf=50;inner=10;sweeps=5;rtol=1.0e-6,17,0.65,6,36,73,true,multi,64,64,0.0198746699,2.66044141e-05,0.00842470375,0.0125510685,0.014586849,0.0122623776,1.09787679e-06,1.09787679e-07,true,0.757415021,17.7158547,1675,0.0582300707,e818c6384e9722b8ea6a04ecc13483e9331c522f,0ce3ba605bfa0bb6fcfc2a988437c850d45e3e63,LineGaussRegularization,2026-09-07 16:51:25,
R1,dji9443_20260813_23_73_capped_captess4.msh,8016,fgmres_fgs,24,0.00638888889,17.9824423,15.5022769,20,20,1,true,cold,0,-1,3,,,,p=6;mac=0.3;leaf=50;inner=10;sweeps=5;rtol=1.0e-6,17,0.65,6,36,73,true,multi,64,64,0.0214699543,2.87274588e-05,0.00910093174,0.0135585035,0.0157576575,0.0132466325,1.18599918e-06,1.18599918e-07,true,0.742069229,17.240373,1755,0.0544384194,e818c6384e9722b8ea6a04ecc13483e9331c522f,0ce3ba605bfa0bb6fcfc2a988437c850d45e3e63,LineGaussRegularization,2026-09-07 16:51:25,
R1,dji9443_20260813_23_73_capped_captess4.msh,8016,fgmres_fgs,25,0.00666666667,16.3527571,13.0221894,17,17,1,true,cold,0,-1,3,,,,p=6;mac=0.3;leaf=50;inner=10;sweeps=5;rtol=1.0e-6,17,0.65,6,36,73,true,multi,64,64,0.023102456,3.09004608e-05,0.00979293956,0.0145894293,0.0169558263,0.0142538592,1.2761789e-06,1.2761789e-07,true,0.853598405,15.4991587,1836,0.0509463776,e818c6384e9722b8ea6a04ecc13483e9331c522f,0ce3ba605bfa0bb6fcfc2a988437c850d45e3e63,LineGaussRegularization,2026-09-07 16:51:25,
R1,dji9443_20260813_23_73_capped_captess4.msh,8016,fgmres_fgs,26,0.00694444444,12.5848524,10.140002,13,13,1,true,cold,0,-1,3,,,,p=6;mac=0.3;leaf=50;inner=10;sweeps=5;rtol=1.0e-6,17,0.65,6,36,73,true,multi,64,64,0.0247693534,3.31501632e-05,0.0104995048,0.0156421037,0.018179224,0.0152823096,1.36825769e-06,1.36825769e-07,true,0.752745996,11.8321064,1917,0.0476653857,e818c6384e9722b8ea6a04ecc13483e9331c522f,0ce3ba605bfa0bb6fcfc2a988437c850d45e3e63,LineGaussRegularization,2026-09-07 16:51:25,
R1,dji9443_20260813_23_73_capped_captess4.msh,8016,fgmres_fgs,27,0.00722222222,13.6293722,11.267604,9,9,1,true,cold,0,-1,3,,,,p=6;mac=0.3;leaf=50;inner=10;sweeps=5;rtol=1.0e-6,17,0.65,6,36,73,true,multi,64,64,0.0264677255,3.54213217e-05,0.0112194232,0.0167146655,0.0194257526,0.0163301995,1.46207731e-06,1.46207731e-07,true,0.775160752,12.8542114,1995,0.0445060017,e818c6384e9722b8ea6a04ecc13483e9331c522f,0ce3ba605bfa0bb6fcfc2a988437c850d45e3e63,LineGaussRegularization,2026-09-07 16:51:25,
R1,dji9443_20260813_23_73_capped_captess4.msh,8016,fgmres_fgs,28,0.0075,9.63584131,6.59541144,7,7,1,true,cold,0,-1,3,,,,p=6;mac=0.3;leaf=50;inner=10;sweeps=5;rtol=1.0e-6,17,0.65,6,36,73,true,multi,64,64,0.0281948061,3.77542161e-05,0.0119515335,0.0178053189,0.0206933056,0.0173957648,1.55747949e-06,1.55747949e-07,true,0.816387451,8.81945386,2073,0.0413816353,e818c6384e9722b8ea6a04ecc13483e9331c522f,0ce3ba605bfa0bb6fcfc2a988437c850d45e3e63,LineGaussRegularization,2026-09-07 16:51:25,
R1,dji9443_20260813_23_73_capped_captess4.msh,8016,fgmres_fgs,29,0.00777777778,7.95153987,5.45141612,6,6,1,true,cold,0,-1,3,,,,p=6;mac=0.3;leaf=50;inner=10;sweeps=5;rtol=1.0e-6,17,0.65,6,36,73,true,multi,64,64,0.0299476358,4.00959783e-05,0.0126945534,0.0189122597,0.0219797877,0.0184772395,1.65430597e-06,1.65430597e-07,true,0.753306712,7.19823316,2153,0.038218421,e818c6384e9722b8ea6a04ecc13483e9331c522f,0ce3ba605bfa0bb6fcfc2a988437c850d45e3e63,LineGaussRegularization,2026-09-07 16:51:25,
R1,dji9443_20260813_23_73_capped_captess4.msh,8016,fgmres_fgs,30,0.00805555556,6.92522086,4.45700867,5,5,1,true,cold,0,-1,3,,,,p=6;mac=0.3;leaf=50;inner=10;sweeps=5;rtol=1.0e-6,17,0.65,6,36,73,true,multi,64,64,0.0317233765,4.24660696e-05,0.0134472758,0.0200336522,0.0232830773,0.0195728456,1.75239851e-06,1.75239851e-07,true,0.745776373,6.17944449,2234,0.0349452447,e818c6384e9722b8ea6a04ecc13483e9331c522f,0ce3ba605bfa0bb6fcfc2a988437c850d45e3e63,LineGaussRegularization,2026-09-07 16:51:25,
R1,dji9443_20260813_23_73_capped_captess4.msh,8016,fgmres_fgs,31,0.00833333333,6.33903069,3.73281622,4,4,1,true,cold,0,-1,3,,,,p=6;mac=0.3;leaf=50;inner=10;sweeps=5;rtol=1.0e-6,17,0.65,6,36,73,true,multi,64,64,0.0335192014,4.48748431e-05,0.0142084866,0.0211677303,0.0246011038,0.0206808322,1.85159884e-06,1.85159884e-07,true,0.833370636,5.50566006,2311,0.0314805458,e818c6384e9722b8ea6a04ecc13483e9331c522f,0ce3ba605bfa0bb6fcfc2a988437c850d45e3e63,LineGaussRegularization,2026-09-07 16:51:25,
R1,dji9443_20260813_23_73_capped_captess4.msh,8016,fgmres_fgs,32,0.00861111111,6.21861618,3.51345982,4,4,1,true,cold,0,-1,3,,,,p=6;mac=0.3;leaf=50;inner=10;sweeps=5;rtol=1.0e-6,17,0.65,6,36,73,true,multi,64,64,0.0353322026,4.72801084e-05,0.0149770154,0.022312638,0.0259317168,0.0217994242,1.95174871e-06,1.95174871e-07,true,0.843082078,5.3755341,2389,0.0277284163,e818c6384e9722b8ea6a04ecc13483e9331c522f,0ce3ba605bfa0bb6fcfc2a988437c850d45e3e63,LineGaussRegularization,2026-09-07 16:51:25,
R1,dji9443_20260813_23_73_capped_captess4.msh,8016,fgmres_fgs,33,0.00888888889,5.4463139,2.77348725,3,3,1,true,cold,0,-1,3,,,,p=6;mac=0.3;leaf=50;inner=10;sweeps=5;rtol=1.0e-6,17,0.65,6,36,73,true,multi,64,64,0.03715955,4.97468757e-05,0.0157516142,0.02346663,0.0272728795,0.0229268615,2.05268986e-06,2.05268986e-07,true,0.76323869,4.68307521,2469,0.0236125773,e818c6384e9722b8ea6a04ecc13483e9331c522f,0ce3ba605bfa0bb6fcfc2a988437c850d45e3e63,LineGaussRegularization,2026-09-07 16:51:25,
R1,dji9443_20260813_23_73_capped_captess4.msh,8016,fgmres_fgs,34,0.00916666667,5.7186135,2.83418482,3,3,1,true,cold,0,-1,3,,,,p=6;mac=0.3;leaf=50;inner=10;sweeps=5;rtol=1.0e-6,17,0.65,6,36,73,true,multi,64,64,0.0389983051,5.21990093e-05,0.0165310397,0.0246278142,0.0286224369,0.0240613501,2.15426403e-06,2.15426403e-07,true,0.878552286,4.84006121,2541,0.0191008335,e818c6384e9722b8ea6a04ecc13483e9331c522f,0ce3ba605bfa0bb6fcfc2a988437c850d45e3e63,LineGaussRegularization,2026-09-07 16:51:25,
R1,dji9443_20260813_23_73_capped_captess4.msh,8016,fgmres_fgs,35,0.00944444444,4.88384163,2.17054755,2,2,1,true,cold,0,-1,3,,,,p=6;mac=0.3;leaf=50;inner=10;sweeps=5;rtol=1.0e-6,17,0.65,6,36,73,true,multi,64,64,0.0408456932,5.465817e-05,0.0173141093,0.0257945316,0.0299782919,0.0252011804,2.25631298e-06,2.25631298e-07,true,0.733045631,4.15079599,2619,0.0142350917,e818c6384e9722b8ea6a04ecc13483e9331c522f,0ce3ba605bfa0bb6fcfc2a988437c850d45e3e63,LineGaussRegularization,2026-09-07 16:51:25,
R1,dji9443_20260813_23_73_capped_captess4.msh,8016,fgmres_fgs,36,0.00972222222,5.10288903,2.26675804,2,2,1,true,cold,0,-1,3,,,,p=6;mac=0.3;leaf=50;inner=10;sweeps=5;rtol=1.0e-6,17,0.65,6,36,73,true,multi,64,64,0.0426987831,5.71415119e-05,0.0180996509,0.0269647744,0.0313383851,0.0263445067,2.35867844e-06,2.35867844e-07,true,0.74882002,4.35406901,2692,0.0091307814,e818c6384e9722b8ea6a04ecc13483e9331c522f,0ce3ba605bfa0bb6fcfc2a988437c850d45e3e63,LineGaussRegularization,2026-09-07 16:51:25,
R1,dji9443_20260813_23_73_capped_captess4.msh,8016,fgmres_fgs,37,0.01,4.78426433,1.50880449,1,1,1,true,cold,0,-1,3,,,,p=6;mac=0.3;leaf=50;inner=10;sweeps=5;rtol=1.0e-6,17,0.65,6,36,73,true,multi,64,64,0.0445547309,5.96433017e-05,0.01888636,0.0281367916,0.0327005453,0.0274896029,2.46120215e-06,2.46120215e-07,true,0.735699244,4.04856508,2765,0.00394340005,e818c6384e9722b8ea6a04ecc13483e9331c522f,0ce3ba605bfa0bb6fcfc2a988437c850d45e3e63,LineGaussRegularization,2026-09-07 16:51:25,
R1,dji9443_20260813_23_73_capped_captess4.msh,8016,fgmres_fgs,38,0.0102777778,5.34702601,2.36571391,2,2,1,true,cold,0,-1,3,,,,p=6;mac=0.3;leaf=50;inner=10;sweeps=5;rtol=1.0e-6,17,0.65,6,36,73,true,multi,64,64,0.0464107069,6.21365704e-05,0.0196730704,0.0293088454,0.0340627053,0.0286347023,2.56372586e-06,2.56372586e-07,true,0.852506961,4.49451905,2845,-0.00115234211,e818c6384e9722b8ea6a04ecc13483e9331c522f,0ce3ba605bfa0bb6fcfc2a988437c850d45e3e63,LineGaussRegularization,2026-09-07 16:51:25,
R1,dji9443_20260813_23_73_capped_captess4.msh,8016,fgmres_fgs,39,0.0105555556,5.78483645,2.75739968,3,3,1,true,cold,0,-1,3,,,,p=6;mac=0.3;leaf=50;inner=10;sweeps=5;rtol=1.0e-6,17,0.65,6,36,73,true,multi,64,64,0.0482638544,6.46397104e-05,0.0204586125,0.0304791208,0.0354227854,0.0297780481,2.66609132e-06,2.66609132e-07,true,0.740708208,5.04412824,2919,-0.00597277547,e818c6384e9722b8ea6a04ecc13483e9331c522f,0ce3ba605bfa0bb6fcfc2a988437c850d45e3e63,LineGaussRegularization,2026-09-07 16:51:25,
R1,dji9443_20260813_23_73_capped_captess4.msh,8016,fgmres_fgs,40,0.0108333333,6.04550812,2.9086199,3,3,1,true,cold,0,-1,3,,,,p=6;mac=0.3;leaf=50;inner=10;sweeps=5;rtol=1.0e-6,17,0.65,6,36,73,true,multi,64,64,0.0501112082,6.70607786e-05,0.021241711,0.0316457611,0.0367786473,0.0309178495,2.76814026e-06,2.76814026e-07,true,0.837163021,5.2083451,2992,-0.0103840734,e818c6384e9722b8ea6a04ecc13483e9331c522f,0ce3ba605bfa0bb6fcfc2a988437c850d45e3e63,LineGaussRegularization,2026-09-07 16:51:25,
R1,dji9443_20260813_23_73_capped_captess4.msh,8016,fgmres_fgs,41,0.0111111111,6.00432695,2.89603922,3,3,1,true,cold,0,-1,3,,,,p=6;mac=0.3;leaf=50;inner=10;sweeps=5;rtol=1.0e-6,17,0.65,6,36,73,true,multi,64,64,0.0519499848,6.95407564e-05,0.0220211231,0.0328069625,0.0381281774,0.0320523422,2.86971444e-06,2.86971444e-07,true,0.758069283,5.24625766,3067,-0.0143184005,e818c6384e9722b8ea6a04ecc13483e9331c522f,0ce3ba605bfa0bb6fcfc2a988437c850d45e3e63,LineGaussRegularization,2026-09-07 16:51:25,
R1,dji9443_20260813_23_73_capped_captess4.msh,8016,fgmres_fgs,42,0.0113888889,6.67599895,3.48351199,4,4,1,true,cold,0,-1,3,,,,p=6;mac=0.3;leaf=50;inner=10;sweeps=5;rtol=1.0e-6,17,0.65,6,36,73,true,multi,64,64,0.0537773119,7.19933413e-05,0.0227957243,0.0339609294,0.039469359,0.0331797762,2.97065559e-06,2.97065559e-07,true,0.76513616,5.91086279,3145,-0.017784673,e818c6384e9722b8ea6a04ecc13483e9331c522f,0ce3ba605bfa0bb6fcfc2a988437c850d45e3e63,LineGaussRegularization,2026-09-07 16:51:25,
R1,dji9443_20260813_23_73_capped_captess4.msh,8016,fgmres_fgs,43,0.0116666667,6.85509916,3.52637308,4,4,1,true,cold,0,-1,3,,,,p=6;mac=0.3;leaf=50;inner=10;sweeps=5;rtol=1.0e-6,17,0.65,6,36,73,true,multi,64,64,0.0555902978,7.4414207e-05,0.0235642382,0.0351058389,0.040799978,0.0342983648,3.07080546e-06,3.07080546e-07,true,0.769420291,6.08567887,3220,-0.0208473959,e818c6384e9722b8ea6a04ecc13483e9331c522f,0ce3ba605bfa0bb6fcfc2a988437c850d45e3e63,LineGaussRegularization,2026-09-07 16:51:25,
R1,dji9443_20260813_23_73_capped_captess4.msh,8016,fgmres_fgs,44,0.0119444444,7.3948722,4.02757166,5,5,1,true,cold,0,-1,3,,,,p=6;mac=0.3;leaf=50;inner=10;sweeps=5;rtol=1.0e-6,17,0.65,6,36,73,true,multi,64,64,0.0573861176,7.68059862e-05,0.0243254647,0.0362399511,0.0421180182,0.0354063604,3.17000579e-06,3.17000579e-07,true,0.813481564,6.58139063,3296,-0.0236089968,e818c6384e9722b8ea6a04ecc13483e9331c522f,0ce3ba605bfa0bb6fcfc2a988437c850d45e3e63,LineGaussRegularization,2026-09-07 16:51:25,
R1,dji9443_20260813_23_73_capped_captess4.msh,8016,fgmres_fgs,45,0.0122222222,10.146487,6.89451818,6,6,1,true,cold,0,-1,3,,,,p=6;mac=0.3;leaf=50;inner=10;sweeps=5;rtol=1.0e-6,17,0.65,6,36,73,true,multi,64,64,0.0591618618,7.92070647e-05,0.025078174,0.0373613679,0.043421304,0.036501983,3.26809832e-06,3.26809832e-07,true,0.726416377,9.42007063,3370,-0.0261928162,e818c6384e9722b8ea6a04ecc13483e9331c522f,0ce3ba605bfa0bb6fcfc2a988437c850d45e3e63,LineGaussRegularization,2026-09-07 16:51:25,
R1,dji9443_20260813_23_73_capped_captess4.msh,8016,fgmres_fgs,46,0.0125,11.295161,7.34615807,7,7,1,true,cold,0,-1,3,,,,p=6;mac=0.3;leaf=50;inner=10;sweeps=5;rtol=1.0e-6,17,0.65,6,36,73,true,multi,64,64,0.060914702,8.15646587e-05,0.025821188,0.038468279,0.0447077793,0.0375834473,3.36492481e-06,3.36492481e-07,true,0.733842102,10.5613189,3450,-0.0287294327,e818c6384e9722b8ea6a04ecc13483e9331c522f,0ce3ba605bfa0bb6fcfc2a988437c850d45e3e63,LineGaussRegularization,2026-09-07 16:51:25,
R1,dji9443_20260813_23_73_capped_captess4.msh,8016,fgmres_fgs,47,0.0127777778,10.2316298,6.53266472,7,7,1,true,cold,0,-1,3,,,,p=6;mac=0.3;leaf=50;inner=10;sweeps=5;rtol=1.0e-6,17,0.65,6,36,73,true,multi,64,64,0.0626417671,8.38646965e-05,0.0265532812,0.0395589112,0.0459753093,0.0386490098,3.46032699e-06,3.46032699e-07,true,0.748416293,9.48321354,3526,-0.0313334706,e818c6384e9722b8ea6a04ecc13483e9331c522f,0ce3ba605bfa0bb6fcfc2a988437c850d45e3e63,LineGaussRegularization,2026-09-07 16:51:25,
R1,dji9443_20260813_23_73_capped_captess4.msh,8016,fgmres_fgs,48,0.0130555556,11.1204559,7.647085,9,9,1,true,cold,0,-1,3,,,,p=6;mac=0.3;leaf=50;inner=10;sweeps=5;rtol=1.0e-6,17,0.65,6,36,73,true,multi,64,64,0.0643401963,8.61199521e-05,0.0272732011,0.0406315092,0.0472218536,0.0396968937,3.5541466e-06,3.5541466e-07,true,0.747668686,10.3727872,3605,-0.0340913321,e818c6384e9722b8ea6a04ecc13483e9331c522f,0ce3ba605bfa0bb6fcfc2a988437c850d45e3e63,LineGaussRegularization,2026-09-07 16:51:25,
R1,dji9443_20260813_23_73_capped_captess4.msh,8016,fgmres_fgs,49,0.0133333333,13.4874187,9.75854264,12,12,1,true,cold,0,-1,3,,,,p=6;mac=0.3;leaf=50;inner=10;sweeps=5;rtol=1.0e-6,17,0.65,6,36,73,true,multi,64,64,0.0660070647,8.83746327e-05,0.0279798237,0.0416841672,0.04844523,0.0407253405,3.6462254e-06,3.6462254e-07,true,0.8336439,12.6537748,3680,-0.0370567698,e818c6384e9722b8ea6a04ecc13483e9331c522f,0ce3ba605bfa0bb6fcfc2a988437c850d45e3e63,LineGaussRegularization,2026-09-07 16:51:25,
R1,dji9443_20260813_23_73_capped_captess4.msh,8016,fgmres_fgs,50,0.0136111111,17.2184074,13.4235072,17,17,1,true,cold,0,-1,3,,,,p=6;mac=0.3;leaf=50;inner=10;sweeps=5;rtol=1.0e-6,17,0.65,6,36,73,true,multi,64,64,0.0676395634,9.04750515e-05,0.02867181,0.0427150997,0.0496433693,0.0417325626,3.73640512e-06,3.73640512e-07,true,0.74325571,16.4751517,3762,-0.0402483441,e818c6384e9722b8ea6a04ecc13483e9331c522f,0ce3ba605bfa0bb6fcfc2a988437c850d45e3e63,LineGaussRegularization,2026-09-07 16:51:25,
R1,dji9443_20260813_23_73_capped_captess4.msh,8016,fgmres_fgs,51,0.0138888889,19.6571105,15.6628074,20,20,1,true,cold,0,-1,3,,,,p=6;mac=0.3;leaf=50;inner=10;sweeps=5;rtol=1.0e-6,17,0.65,6,36,73,true,multi,64,64,0.0692347819,9.26456964e-05,0.0293480245,0.0437225177,0.0508142456,0.0427168205,3.82452751e-06,3.82452751e-07,true,0.827404316,18.8297062,3839,-0.0436439485,e818c6384e9722b8ea6a04ecc13483e9331c522f,0ce3ba605bfa0bb6fcfc2a988437c850d45e3e63,LineGaussRegularization,2026-09-07 16:51:25,
R1,dji9443_20260813_23_73_capped_captess4.msh,8016,fgmres_fgs,52,0.0141666667,21.9186952,17.8983574,23,23,1,true,cold,0,-1,3,,,,p=6;mac=0.3;leaf=50;inner=10;sweeps=5;rtol=1.0e-6,17,0.65,6,36,73,true,multi,64,64,0.0707899427,9.47916787e-05,0.03000723,0.0447045686,0.0519555884,0.0436763278,3.91043431e-06,3.91043431e-07,true,0.826545098,21.0921501,3918,-0.0471717565,e818c6384e9722b8ea6a04ecc13483e9331c522f,0ce3ba605bfa0bb6fcfc2a988437c850d45e3e63,LineGaussRegularization,2026-09-07 16:51:25,
R1,dji9443_20260813_23_73_capped_captess4.msh,8016,fgmres_fgs,53,0.0144444444,24.8710523,20.8333123,24,24,1,true,cold,0,-1,3,,,,p=6;mac=0.3;leaf=50;inner=10;sweeps=5;rtol=1.0e-6,17,0.65,6,36,73,true,multi,64,64,0.0723021794,9.67744766e-05,0.0306482426,0.0456595598,0.0530655401,0.0446093264,3.99396727e-06,3.99396727e-07,true,0.725741517,24.1453108,4000,-0.0507260603,e818c6384e9722b8ea6a04ecc13483e9331c522f,0ce3ba605bfa0bb6fcfc2a988437c850d45e3e63,LineGaussRegularization,2026-09-07 16:51:25,
R1,dji9443_20260813_23_73_capped_captess4.msh,8016,fgmres_fgs,54,0.0147222222,25.0541069,20.9518662,25,25,1,true,cold,0,-1,3,,,,p=6;mac=0.3;leaf=50;inner=10;sweeps=5;rtol=1.0e-6,17,0.65,6,36,73,true,multi,64,64,0.0737685279,9.87568153e-05,0.0312697707,0.0465855883,0.0541417401,0.0455140489,4.07496812e-06,4.07496812e-07,true,0.838432405,24.2156745,4082,-0.0542020295,e818c6384e9722b8ea6a04ecc13483e9331c522f,0ce3ba605bfa0bb6fcfc2a988437c850d45e3e63,LineGaussRegularization,2026-09-07 16:51:25,
R1,dji9443_20260813_23_73_capped_captess4.msh,8016,fgmres_fgs,55,0.015,28.6902709,23.8948762,25,25,1,true,cold,0,-1,3,,,,p=6;mac=0.3;leaf=50;inner=10;sweeps=5;rtol=1.0e-6,17,0.65,6,36,73,true,multi,64,64,0.075186171,0.000100647427,0.0318707191,0.0474808696,0.055182162,0.0463887144,4.15327862e-06,4.15327862e-07,true,0.823266883,27.867004,4163,-0.0575013016,e818c6384e9722b8ea6a04ecc13483e9331c522f,0ce3ba605bfa0bb6fcfc2a988437c850d45e3e63,LineGaussRegularization,2026-09-07 16:51:25,
R1,dji9443_20260813_23_73_capped_captess4.msh,8016,fgmres_fgs,56,0.0152777778,30.0454166,25.5655094,27,27,1,true,cold,0,-1,3,,,,p=6;mac=0.3;leaf=50;inner=10;sweeps=5;rtol=1.0e-6,17,0.65,6,36,73,true,multi,64,64,0.0765522815,0.000102425204,0.0324498209,0.0483435084,0.0561848186,0.0472315576,4.2287405e-06,4.2287405e-07,true,0.84223529,29.2031814,4246,-0.0605676142,e818c6384e9722b8ea6a04ecc13483e9331c522f,0ce3ba605bfa0bb6fcfc2a988437c850d45e3e63,LineGaussRegularization,2026-09-07 16:51:25,
R1,dji9443_20260813_23_73_capped_captess4.msh,8016,fgmres_fgs,57,0.0155555556,27.5125316,23.2310164,26,26,1,true,cold,0,-1,3,,,,p=6;mac=0.3;leaf=50;inner=10;sweeps=5;rtol=1.0e-6,17,0.65,6,36,73,true,multi,64,64,0.0778639432,0.000104199497,0.0330057915,0.0491718776,0.0571475074,0.0480408141,4.30119552e-06,4.30119552e-07,true,0.760814424,26.7517172,4323,-0.0633812358,e818c6384e9722b8ea6a04ecc13483e9331c522f,0ce3ba605bfa0bb6fcfc2a988437c850d45e3e63,LineGaussRegularization,2026-09-07 16:51:25,
R1,dji9443_20260813_23_73_capped_captess4.msh,8016,fgmres_fgs,58,0.0158333333,21.3505403,16.9861567,22,22,1,true,cold,0,-1,3,,,,p=6;mac=0.3;leaf=50;inner=10;sweeps=5;rtol=1.0e-6,17,0.65,6,36,73,true,multi,64,64,0.0791182074,0.000105913044,0.0335375697,0.0499639969,0.0580680598,0.0488147256,4.3704854e-06,4.3704854e-07,true,0.869547942,20.4809924,4404,-0.0659385654,e818c6384e9722b8ea6a04ecc13483e9331c522f,0ce3ba605bfa0bb6fcfc2a988437c850d45e3e63,LineGaussRegularization,2026-09-07 16:51:25,
R1,dji9443_20260813_23_73_capped_captess4.msh,8016,fgmres_fgs,59,0.0161111111,23.9456459,19.4720583,21,21,1,true,cold,0,-1,3,,,,p=6;mac=0.3;leaf=50;inner=10;sweeps=5;rtol=1.0e-6,17,0.65,6,36,73,true,multi,64,64,0.0803123269,0.000107525256,0.0340436746,0.0507181485,0.058944456,0.0495515093,4.43645191e-06,4.43645191e-07,true,0.822451966,23.1231939,4482,-0.0682161599,e818c6384e9722b8ea6a04ecc13483e9331c522f,0ce3ba605bfa0bb6fcfc2a988437c850d45e3e63,LineGaussRegularization,2026-09-07 16:51:25,
R1,dji9443_20260813_23_73_capped_captess4.msh,8016,fgmres_fgs,60,0.0163888889,27.6084073,23.2216693,21,21,1,true,cold,0,-1,3,,,,p=6;mac=0.3;leaf=50;inner=10;sweeps=5;rtol=1.0e-6,17,0.65,6,36,73,true,multi,64,64,0.0814435304,0.000109016551,0.0345231998,0.0514324478,0.0597747754,0.0502494129,4.49893678e-06,4.49893678e-07,true,0.729957879,26.8784494,4563,-0.0702359078,e818c6384e9722b8ea6a04ecc13483e9331c522f,0ce3ba605bfa0bb6fcfc2a988437c850d45e3e63,LineGaussRegularization,2026-09-07 16:51:25,
R1,dji9443_20260813_23_73_capped_captess4.msh,8016,fgmres_fgs,61,0.0166666667,23.5122068,18.7372588,17,17,1,true,cold,0,-1,3,,,,p=6;mac=0.3;leaf=50;inner=10;sweeps=5;rtol=1.0e-6,17,0.65,6,36,73,true,multi,64,64,0.0825088252,0.000110438972,0.0349747745,0.0521051491,0.0605565724,0.0509066687,4.55778175e-06,4.55778175e-07,true,0.896845519,22.6153612,4645,-0.0720160227,e818c6384e9722b8ea6a04ecc13483e9331c522f,0ce3ba605bfa0bb6fcfc2a988437c850d45e3e63,LineGaussRegularization,2026-09-07 16:51:25,
R1,dji9443_20260813_23_73_capped_captess4.msh,8016,fgmres_fgs,62,0.0169444444,14.2160467,9.58775478,12,12,1,true,cold,0,-1,3,,,,p=6;mac=0.3;leaf=50;inner=10;sweeps=5;rtol=1.0e-6,17,0.65,6,36,73,true,multi,64,64,0.0835053247,0.000111741936,0.0353971962,0.0527344762,0.0612879783,0.0515214967,4.61282857e-06,4.61282857e-07,true,0.725413782,13.4906329,4726,-0.0735578626,e818c6384e9722b8ea6a04ecc13483e9331c522f,0ce3ba605bfa0bb6fcfc2a988437c850d45e3e63,LineGaussRegularization,2026-09-07 16:51:25,
R1,dji9443_20260813_23_73_capped_captess4.msh,8016,fgmres_fgs,63,0.0172222222,12.9600176,8.17149313,10,10,1,true,cold,0,-1,3,,,,p=6;mac=0.3;leaf=50;inner=10;sweeps=5;rtol=1.0e-6,17,0.65,6,36,73,true,multi,64,64,0.0844301949,0.000113046898,0.0357891761,0.0533185706,0.0619667802,0.052092146,4.66391898e-06,4.66391898e-07,true,0.768429779,12.1915878,4809,-0.0748731731,e818c6384e9722b8ea6a04ecc13483e9331c522f,0ce3ba605bfa0bb6fcfc2a988437c850d45e3e63,LineGaussRegularization,2026-09-07 16:51:25,
R1,dji9443_20260813_23_73_capped_captess4.msh,8016,fgmres_fgs,64,0.0175,10.8688105,5.47343978,7,7,1,true,cold,0,-1,3,,,,p=6;mac=0.3;leaf=50;inner=10;sweeps=5;rtol=1.0e-6,17,0.65,6,36,73,true,multi,64,64,0.0852805786,0.000114163385,0.0361496522,0.0538556006,0.0625908888,0.0526168228,4.71089473e-06,4.71089473e-07,true,0.73551983,10.1332907,4891,-0.0759993325,e818c6384e9722b8ea6a04ecc13483e9331c522f,0ce3ba605bfa0bb6fcfc2a988437c850d45e3e63,LineGaussRegularization,2026-09-07 16:51:25,
R1,dji9443_20260813_23_73_capped_captess4.msh,8016,fgmres_fgs,65,0.0177777778,10.6121667,5.21704479,6,6,1,true,cold,0,-1,3,,,,p=6;mac=0.3;leaf=50;inner=10;sweeps=5;rtol=1.0e-6,17,0.65,6,36,73,true,multi,64,64,0.0860536686,0.000115195912,0.0364773967,0.054343765,0.0631582741,0.0530937797,4.75359756e-06,4.75359756e-07,true,0.861699783,9.75046696,4975,-0.076975353,e818c6384e9722b8ea6a04ecc13483e9331c522f,0ce3ba605bfa0bb6fcfc2a988437c850d45e3e63,LineGaussRegularization,2026-09-07 16:51:25,
R1,dji9443_20260813_23_73_capped_captess4.msh,8016,fgmres_fgs,66,0.0180555556,7.33025504,4.164419,5,5,1,true,cold,0,-1,3,,,,p=6;mac=0.3;leaf=50;inner=10;sweeps=5;rtol=1.0e-6,17,0.65,6,36,73,true,multi,64,64,0.0867464776,0.000116137909,0.0367710739,0.0547813131,0.0636667467,0.0535212343,4.79186921e-06,4.79186921e-07,true,0.781996755,6.54825829,5055,-0.0778435451,e818c6384e9722b8ea6a04ecc13483e9331c522f,0ce3ba605bfa0bb6fcfc2a988437c850d45e3e63,LineGaussRegularization,2026-09-07 16:51:25,
R1,dji9443_20260813_23_73_capped_captess4.msh,8016,fgmres_fgs,67,0.0183333333,6.39517503,3.60707563,4,4,1,true,cold,0,-1,3,,,,p=6;mac=0.3;leaf=50;inner=10;sweeps=5;rtol=1.0e-6,17,0.65,6,36,73,true,multi,64,64,0.0873562334,0.000116983511,0.037029552,0.0551663753,0.0641143068,0.0538974394,4.82555143e-06,4.82555143e-07,true,0.788359178,5.60681585,5133,-0.0786269849,e818c6384e9722b8ea6a04ecc13483e9331c522f,0ce3ba605bfa0bb6fcfc2a988437c850d45e3e63,LineGaussRegularization,2026-09-07 16:51:25,
R1,dji9443_20260813_23_73_capped_captess4.msh,8016,fgmres_fgs,68,0.0186111111,6.48381752,3.56347192,4,4,1,true,cold,0,-1,3,,,,p=6;mac=0.3;leaf=50;inner=10;sweeps=5;rtol=1.0e-6,17,0.65,6,36,73,true,multi,64,64,0.0878799864,0.000117648466,0.0372515467,0.0554971725,0.0644986568,0.0542206061,4.85448595e-06,4.85448595e-07,true,0.811403132,5.67241438,5216,-0.0793384041,e818c6384e9722b8ea6a04ecc13483e9331c522f,0ce3ba605bfa0bb6fcfc2a988437c850d45e3e63,LineGaussRegularization,2026-09-07 16:51:25,
R1,dji9443_20260813_23_73_capped_captess4.msh,8016,fgmres_fgs,69,0.0188888889,5.88813169,2.78277864,3,3,1,true,cold,0,-1,3,,,,p=6;mac=0.3;leaf=50;inner=10;sweeps=5;rtol=1.0e-6,17,0.65,6,36,73,true,multi,64,64,0.0883149475,0.000118218695,0.0374359373,0.0557718376,0.0648179961,0.0544889834,4.87851454e-06,4.87851454e-07,true,0.79799997,5.09013172,5297,-0.0799498586,e818c6384e9722b8ea6a04ecc13483e9331c522f,0ce3ba605bfa0bb6fcfc2a988437c850d45e3e63,LineGaussRegularization,2026-09-07 16:51:25,
R1,dji9443_20260813_23_73_capped_captess4.msh,8016,fgmres_fgs,70,0.0191666667,5.61280283,2.82988512,3,3,1,true,cold,0,-1,3,,,,p=6;mac=0.3;leaf=50;inner=10;sweeps=5;rtol=1.0e-6,17,0.65,6,36,73,true,multi,64,64,0.0886582823,0.000118674551,0.0375814743,0.0559886026,0.065069905,0.0547008052,4.89747892e-06,4.89747892e-07,true,0.788175002,4.82462783,5378,-0.0804079279,e818c6384e9722b8ea6a04ecc13483e9331c522f,0ce3ba605bfa0bb6fcfc2a988437c850d45e3e63,LineGaussRegularization,2026-09-07 16:51:25,
R1,dji9443_20260813_23_73_capped_captess4.msh,8016,fgmres_fgs,71,0.0194444444,5.65330507,2.85593369,3,3,1,true,cold,0,-1,3,,,,p=6;mac=0.3;leaf=50;inner=10;sweeps=5;rtol=1.0e-6,17,0.65,6,36,73,true,multi,64,64,0.0889070575,0.000118994652,0.0376869036,0.0561457266,0.0652525352,0.0548542961,4.91122084e-06,4.91122084e-07,true,0.79932855,4.85397652,5456,-0.080653416,e818c6384e9722b8ea6a04ecc13483e9331c522f,0ce3ba605bfa0bb6fcfc2a988437c850d45e3e63,LineGaussRegularization,2026-09-07 16:51:25,
R1,dji9443_20260813_23_73_capped_captess4.msh,8016,fgmres_fgs,72,0.0197222222,5.12634613,2.36628063,2,2,1,true,cold,0,-1,3,,,,p=6;mac=0.3;leaf=50;inner=10;sweeps=5;rtol=1.0e-6,17,0.65,6,36,73,true,multi,64,64,0.089058464,0.000119204664,0.0377510517,0.0562413269,0.0653636536,0.0549476938,4.91958205e-06,4.91958205e-07,true,0.773607198,4.35273893,5534,-0.080668579,e818c6384e9722b8ea6a04ecc13483e9331c522f,0ce3ba605bfa0bb6fcfc2a988437c850d45e3e63,LineGaussRegularization,2026-09-07 16:51:25,
R1,dji9443_20260813_23_73_capped_captess4.msh,8016,fgmres_fgs,73,0.02,5.03383639,1.43458684,1,1,1,true,cold,0,-1,3,5614,83240.7639,,p=6;mac=0.3;leaf=50;inner=10;sweeps=5;rtol=1.0e-6,17,0.65,6,36,73,true,multi,64,64,0.089109498,0.000119310368,0.0377727126,0.0562736082,0.0654010939,0.0549792172,4.92240429e-06,4.92240429e-07,true,0.754370909,4.27946548,5614,-0.0804186027,e818c6384e9722b8ea6a04ecc13483e9331c522f,0ce3ba605bfa0bb6fcfc2a988437c850d45e3e63,LineGaussRegularization,2026-09-07 16:51:25,
R1,dji9443_20260813_23_73_capped_captess4.msh,8016,fgmres_fgs,1,0,54.2289116,12.9539613,1,1,1,true,prev,0,-1,3,,,29.5215279,p=6;mac=0.3;leaf=50;inner=10;sweeps=5;rtol=1.0e-6,17,0.65,6,36,73,true,multi,64,64,6.16680482e-08,7.41777516e-13,1.41817116e-09,3.27945346e-09,6.47960441e-09,6.85738072e-09,1e-14,1e-15,false,1.1244958,53.1044158,0,0.0533281206,e818c6384e9722b8ea6a04ecc13483e9331c522f,0ce3ba605bfa0bb6fcfc2a988437c850d45e3e63,LineGaussRegularization,2026-09-07 17:13:39,"RHPC setup-only include; t_solve = solve_formulation! wall (incl. the per-step Dirichlet source-potential assembly inside solve!); t_step from maneuver! deltas; niter now recorded for FGS as well as Krylov (Phase 3); niter=-1 means a direct solve. niter is the LAST inner solve of the step (legacy diagnostic); niter_first is the FIRST and is the warmstart comparison metric; nsolves is the per-body solve count of the step (must be 1 for a one-body run; -1 = unavailable); solved is the AND of the step's inner convergence flags. Wake-developed averages should drop the first skip_steps rows. bcerr_* are order statistics of the per-panel Dirichlet BC residual |phi_sigma + G_mu x| from ONE bc_error! pass per step; bcerr_tol is THIS arm's own effective absolute acceptance level, so bcerr_max <= bcerr_tol is the arm's promise checked independently. The pass requests an absolute FMM error of bcerr_eps = BCERR_SAFETY * bcerr_tol, so the instrument is ~10x sharper than the acceptance level by construction; bcerr_certified=false means some M2L pair could not certify that bound and the row is UNCERTIFIED. The pass is EXCLUDED from t_solve, but NOT from t_step_total (it lies inside the maneuver!-to-maneuver! window); use t_step_net = t_step_total - t_bcerr for full-timestep share. Its own cost is t_bcerr (~62% of t_solve at R1 — it certifies to 10x below tol_abs, so the FMM climbs its order). BCERR_EVERY>1 subsamples it; skipped steps write EMPTY bcerr_* cells, never a fabricated value. n_particles and CT are per-step identity REPORTING, not assertions: the wake is chaotic, so small differences compound and exact trajectory identity is not expected. CT requires RUN_MONITORS=true (default under PHASE=phase3)."
R1,dji9443_20260813_23_73_capped_captess4.msh,8016,fgmres_fgs,2,0.000277777778,8.20975999,3.88283937,3,3,1,true,prev,0,-1,3,,,,p=6;mac=0.3;leaf=50;inner=10;sweeps=5;rtol=1.0e-6,17,0.65,6,36,73,true,multi,64,64,5.10906506e-05,6.76928393e-08,2.16571038e-05,3.22644826e-05,3.74974235e-05,3.15223529e-05,2.82224753e-09,2.82224753e-10,false,0.861171954,7.34858804,0,0.0738110098,e818c6384e9722b8ea6a04ecc13483e9331c522f,0ce3ba605bfa0bb6fcfc2a988437c850d45e3e63,LineGaussRegularization,2026-09-07 17:13:40,
R1,dji9443_20260813_23_73_capped_captess4.msh,8016,fgmres_fgs,3,0.000555555556,7.24024045,3.48291078,3,3,1,true,prev,0,-1,3,,,,p=6;mac=0.3;leaf=50;inner=10;sweeps=5;rtol=1.0e-6,17,0.65,6,36,73,true,multi,64,64,0.000202452152,2.71802229e-07,8.58176565e-05,0.000127848538,0.000148588052,0.000124909176,1.11834559e-08,1.11834559e-09,false,0.859409247,6.3808312,84,0.0913694898,e818c6384e9722b8ea6a04ecc13483e9331c522f,0ce3ba605bfa0bb6fcfc2a988437c850d45e3e63,LineGaussRegularization,2026-09-07 17:13:40,
R1,dji9443_20260813_23_73_capped_captess4.msh,8016,fgmres_fgs,4,0.000833333333,5.07688395,3.2997761,3,3,1,true,prev,0,-1,3,,,,p=6;mac=0.3;leaf=50;inner=10;sweeps=5;rtol=1.0e-6,17,0.65,6,36,73,true,multi,64,64,0.000451219937,6.05476489e-07,0.00019126801,0.000284949661,0.00033116886,0.000278395765,2.49253789e-08,2.49253789e-09,false,0.842838906,4.23404504,168,0.100586374,e818c6384e9722b8ea6a04ecc13483e9331c522f,0ce3ba605bfa0bb6fcfc2a988437c850d45e3e63,LineGaussRegularization,2026-09-07 17:13:40,
R1,dji9443_20260813_23_73_capped_captess4.msh,8016,fgmres_fgs,5,0.00111111111,5.25515989,3.46771744,3,3,1,true,prev,0,-1,3,,,,p=6;mac=0.3;leaf=50;inner=10;sweeps=5;rtol=1.0e-6,17,0.65,6,36,73,true,multi,64,64,0.000794529181,1.06363941e-06,0.000336794272,0.000501753241,0.000583140038,0.000490212341,4.38897601e-08,4.38897601e-09,false,0.796778693,4.4583812,249,0.105160598,e818c6384e9722b8ea6a04ecc13483e9331c522f,0ce3ba605bfa0bb6fcfc2a988437c850d45e3e63,LineGaussRegularization,2026-09-07 17:13:40,
R1,dji9443_20260813_23_73_capped_captess4.msh,8016,fgmres_fgs,6,0.00138888889,5.75091186,3.81796486,4,4,1,true,prev,0,-1,3,,,,p=6;mac=0.3;leaf=50;inner=10;sweeps=5;rtol=1.0e-6,17,0.65,6,36,73,true,multi,64,64,0.00122951478,1.64594588e-06,0.000521180357,0.000776463609,0.00090239223,0.000758592536,6.79183432e-08,6.79183432e-09,false,0.869653974,4.88125789,329,0.10710495,e818c6384e9722b8ea6a04ecc13483e9331c522f,0ce3ba605bfa0bb6fcfc2a988437c850d45e3e63,LineGaussRegularization,2026-09-07 17:13:40,
R1,dji9443_20260813_23_73_capped_captess4.msh,8016,fgmres_fgs,7,0.00166666667,5.98928853,3.89927026,4,4,1,true,prev,0,-1,3,,,,p=6;mac=0.3;leaf=50;inner=10;sweeps=5;rtol=1.0e-6,17,0.65,6,36,73,true,multi,64,64,0.00175331247,2.34609322e-06,0.000743213658,0.0011072345,0.00128682666,0.00108176639,9.68528719e-08,9.68528719e-09,false,0.782517486,5.20677104,408,0.10751736,e818c6384e9722b8ea6a04ecc13483e9331c522f,0ce3ba605bfa0bb6fcfc2a988437c850d45e3e63,LineGaussRegularization,2026-09-07 17:13:40,
R1,dji9443_20260813_23_73_capped_captess4.msh,8016,fgmres_fgs,8,0.00194444444,7.63583671,5.62288334,5,5,1,true,prev,0,-1,3,,,,p=6;mac=0.3;leaf=50;inner=10;sweeps=5;rtol=1.0e-6,17,0.65,6,36,73,true,multi,64,64,0.00236305603,3.16398187e-06,0.00100167871,0.00149229331,0.0017343428,0.00145796955,1.3053509e-07,1.3053509e-08,false,0.767763093,6.86807362,491,0.107007624,e818c6384e9722b8ea6a04ecc13483e9331c522f,0ce3ba605bfa0bb6fcfc2a988437c850d45e3e63,LineGaussRegularization,2026-09-07 17:13:40,
R1,dji9443_20260813_23_73_capped_captess4.msh,8016,fgmres_fgs,9,0.00222222222,8.12789603,6.09235023,6,6,1,true,prev,0,-1,3,,,,p=6;mac=0.3;leaf=50;inner=10;sweeps=5;rtol=1.0e-6,17,0.65,6,36,73,true,multi,64,64,0.00305588109,4.09251073e-06,0.00129536037,0.00192982245,0.00224283644,0.00188543221,1.68806741e-07,1.68806741e-08,false,0.766298679,7.36159736,569,0.105904404,e818c6384e9722b8ea6a04ecc13483e9331c522f,0ce3ba605bfa0bb6fcfc2a988437c850d45e3e63,LineGaussRegularization,2026-09-07 17:13:40,
R1,dji9443_20260813_23_73_capped_captess4.msh,8016,fgmres_fgs,10,0.0025,9.09231657,6.62281472,7,7,1,true,prev,0,-1,3,,,,p=6;mac=0.3;leaf=50;inner=10;sweeps=5;rtol=1.0e-6,17,0.65,6,36,73,true,multi,64,64,0.00382892258,5.12671216e-06,0.00162304572,0.00241801023,0.00281020352,0.00236238907,2.11509569e-07,2.11509569e-08,false,0.749193282,8.34312328,649,0.104390274,e818c6384e9722b8ea6a04ecc13483e9331c522f,0ce3ba605bfa0bb6fcfc2a988437c850d45e3e63,LineGaussRegularization,2026-09-07 17:13:40,
R1,dji9443_20260813_23_73_capped_captess4.msh,8016,fgmres_fgs,11,0.00277777778,9.62567613,7.57576866,7,7,1,true,prev,0,-1,3,,,,p=6;mac=0.3;leaf=50;inner=10;sweeps=5;rtol=1.0e-6,17,0.65,6,36,73,true,multi,64,64,0.00467931967,6.26492581e-06,0.00198352266,0.00295503673,0.00343434233,0.00288706805,2.58485317e-07,2.58485317e-08,false,0.775720501,8.84995563,730,0.102560417,e818c6384e9722b8ea6a04ecc13483e9331c522f,0ce3ba605bfa0bb6fcfc2a988437c850d45e3e63,LineGaussRegularization,2026-09-07 17:13:40,
R1,dji9443_20260813_23_73_capped_captess4.msh,8016,fgmres_fgs,12,0.00305555556,10.3431846,8.16885071,9,9,1,true,prev,0,-1,3,,,,p=6;mac=0.3;leaf=50;inner=10;sweeps=5;rtol=1.0e-6,17,0.65,6,36,73,true,multi,64,64,0.00560419935,7.50360559e-06,0.00237557116,0.00353910871,0.004113149,0.00345770489,3.09575729e-07,3.09575729e-08,false,0.864176815,9.47900781,810,0.100456192,e818c6384e9722b8ea6a04ecc13483e9331c522f,0ce3ba605bfa0bb6fcfc2a988437c850d45e3e63,LineGaussRegularization,2026-09-07 17:13:40,
R1,dji9443_20260813_23_73_capped_captess4.msh,8016,fgmres_fgs,13,0.00333333333,14.3148888,12.186988,12,12,1,true,prev,0,-1,3,,,,p=6;mac=0.3;leaf=50;inner=10;sweeps=5;rtol=1.0e-6,17,0.65,6,36,73,true,multi,64,64,0.00660070401,8.83680243e-06,0.00279797876,0.00416841417,0.00484452539,0.00407253361,3.64622549e-07,3.64622549e-08,true,0.750297296,13.5645915,891,0.0980784713,e818c6384e9722b8ea6a04ecc13483e9331c522f,0ce3ba605bfa0bb6fcfc2a988437c850d45e3e63,LineGaussRegularization,2026-09-07 17:13:40,
R1,dji9443_20260813_23_73_capped_captess4.msh,8016,fgmres_fgs,14,0.00361111111,18.2004919,15.4000633,18,18,1,true,prev,0,-1,3,,,,p=6;mac=0.3;leaf=50;inner=10;sweeps=5;rtol=1.0e-6,17,0.65,6,36,73,true,multi,64,64,0.00766596635,1.02601704e-05,0.00324953586,0.00484114102,0.00562636578,0.00472978356,4.2346752e-07,4.2346752e-08,true,0.874766208,17.3257257,972,0.0954106372,e818c6384e9722b8ea6a04ecc13483e9331c522f,0ce3ba605bfa0bb6fcfc2a988437c850d45e3e63,LineGaussRegularization,2026-09-07 17:13:40,
R1,dji9443_20260813_23_73_capped_captess4.msh,8016,fgmres_fgs,15,0.00388888889,19.5587932,17.2161586,20,20,1,true,prev,0,-1,3,,,,p=6;mac=0.3;leaf=50;inner=10;sweeps=5;rtol=1.0e-6,17,0.65,6,36,73,true,multi,64,64,0.00879711941,1.17744631e-05,0.00372902187,0.00555547939,0.0064565591,0.00542768738,4.85952387e-07,4.85952387e-08,false,0.858928285,18.6998649,1050,0.0924116502,e818c6384e9722b8ea6a04ecc13483e9331c522f,0ce3ba605bfa0bb6fcfc2a988437c850d45e3e63,LineGaussRegularization,2026-09-07 17:13:40,
R1,dji9443_20260813_23_73_capped_captess4.msh,8016,fgmres_fgs,16,0.00416666667,21.3586055,19.0943253,23,23,1,true,prev,0,-1,3,,,,p=6;mac=0.3;leaf=50;inner=10;sweeps=5;rtol=1.0e-6,17,0.65,6,36,73,true,multi,64,64,0.00999129958,1.33756405e-05,0.00423522307,0.00630961315,0.00733302097,0.00616447877,5.51918892e-07,5.51918892e-08,true,0.753800181,20.6048053,1126,0.089036076,e818c6384e9722b8ea6a04ecc13483e9331c522f,0ce3ba605bfa0bb6fcfc2a988437c850d45e3e63,LineGaussRegularization,2026-09-07 17:13:40,
R1,dji9443_20260813_23_73_capped_captess4.msh,8016,fgmres_fgs,17,0.00444444444,24.6438759,22.4140572,25,25,1,true,prev,0,-1,3,,,,p=6;mac=0.3;leaf=50;inner=10;sweeps=5;rtol=1.0e-6,17,0.65,6,36,73,true,multi,64,64,0.0112456427,1.50536425e-05,0.00476693166,0.00710174085,0.00825363399,0.00693838962,6.2120878e-07,6.2120878e-08,true,0.830583563,23.8132923,1204,0.0852341037,e818c6384e9722b8ea6a04ecc13483e9331c522f,0ce3ba605bfa0bb6fcfc2a988437c850d45e3e63,LineGaussRegularization,2026-09-07 17:13:40,
R1,dji9443_20260813_23_73_capped_captess4.msh,8016,fgmres_fgs,18,0.00472222222,21.686521,19.4904258,25,25,1,true,prev,0,-1,3,,,,p=6;mac=0.3;leaf=50;inner=10;sweeps=5;rtol=1.0e-6,17,0.65,6,36,73,true,multi,64,64,0.0125572745,1.68103129e-05,0.00532292842,0.00793006133,0.00921630074,0.00774765412,6.93663794e-07,6.93663794e-08,true,0.777883357,20.9086377,1283,0.0810049889,e818c6384e9722b8ea6a04ecc13483e9331c522f,0ce3ba605bfa0bb6fcfc2a988437c850d45e3e63,LineGaussRegularization,2026-09-07 17:13:40,
R1,dji9443_20260813_23_73_capped_captess4.msh,8016,fgmres_fgs,19,0.005,24.6079094,22.0106442,25,25,1,true,prev,0,-1,3,,,,p=6;mac=0.3;leaf=50;inner=10;sweeps=5;rtol=1.0e-6,17,0.65,6,36,73,true,multi,64,64,0.0139233542,1.86387984e-05,0.00590199489,0.00879274865,0.0102189178,0.00859050134,7.69125678e-07,7.69125678e-08,true,0.72939856,23.8785108,1362,0.0764214267,e818c6384e9722b8ea6a04ecc13483e9331c522f,0ce3ba605bfa0bb6fcfc2a988437c850d45e3e63,LineGaussRegularization,2026-09-07 17:13:40,
R1,dji9443_20260813_23_73_capped_captess4.msh,8016,fgmres_fgs,20,0.00527777778,25.597238,23.2845051,27,27,1,true,prev,0,-1,3,,,,p=6;mac=0.3;leaf=50;inner=10;sweeps=5;rtol=1.0e-6,17,0.65,6,36,73,true,multi,64,64,0.0153410048,2.05382282e-05,0.00650291289,0.00968800381,0.0112593868,0.0094651646,8.47436176e-07,8.47436176e-08,true,0.764917365,24.8323206,1435,0.0716455615,e818c6384e9722b8ea6a04ecc13483e9331c522f,0ce3ba605bfa0bb6fcfc2a988437c850d45e3e63,LineGaussRegularization,2026-09-07 17:13:40,
R1,dji9443_20260813_23_73_capped_captess4.msh,8016,fgmres_fgs,21,0.00555555556,27.6905103,25.3907961,27,27,1,true,prev,0,-1,3,,,,p=6;mac=0.3;leaf=50;inner=10;sweeps=5;rtol=1.0e-6,17,0.65,6,36,73,true,multi,64,64,0.0168073503,2.2504697e-05,0.00712448516,0.0106140193,0.0123355893,0.0103698762,9.28437031e-07,9.28437031e-08,true,0.862372036,26.8281383,1514,0.0668964528,e818c6384e9722b8ea6a04ecc13483e9331c522f,0ce3ba605bfa0bb6fcfc2a988437c850d45e3e63,LineGaussRegularization,2026-09-07 17:13:40,
R1,dji9443_20260813_23_73_capped_captess4.msh,8016,fgmres_fgs,22,0.00583333333,19.5181607,17.207794,23,23,1,true,prev,0,-1,3,,,,p=6;mac=0.3;leaf=50;inner=10;sweeps=5;rtol=1.0e-6,17,0.65,6,36,73,true,multi,64,64,0.0183195268,2.45227209e-05,0.00776548298,0.0115689778,0.0134454491,0.01130287,1.01196999e-06,1.01196999e-07,true,0.791923492,18.7262372,1595,0.0623869575,e818c6384e9722b8ea6a04ecc13483e9331c522f,0ce3ba605bfa0bb6fcfc2a988437c850d45e3e63,LineGaussRegularization,2026-09-07 17:13:40,
R1,dji9443_20260813_23_73_capped_captess4.msh,8016,fgmres_fgs,23,0.00611111111,18.6812339,16.3394027,21,21,1,true,prev,0,-1,3,,,,p=6;mac=0.3;leaf=50;inner=10;sweeps=5;rtol=1.0e-6,17,0.65,6,36,73,true,multi,64,64,0.0198746877,2.66048104e-05,0.00842470868,0.0125510696,0.014586842,0.0122623775,1.09787679e-06,1.09787679e-07,true,0.754531397,17.9267025,1675,0.0582300633,e818c6384e9722b8ea6a04ecc13483e9331c522f,0ce3ba605bfa0bb6fcfc2a988437c850d45e3e63,LineGaussRegularization,2026-09-07 17:13:40,
R1,dji9443_20260813_23_73_capped_captess4.msh,8016,fgmres_fgs,24,0.00638888889,27.486308,25.1070925,21,21,1,true,prev,0,-1,3,,,,p=6;mac=0.3;leaf=50;inner=10;sweeps=5;rtol=1.0e-6,17,0.65,6,36,73,true,multi,64,64,0.0214699595,2.87372392e-05,0.00910092808,0.0135585022,0.0157576611,0.0132466328,1.18599918e-06,1.18599918e-07,true,0.769687535,26.7166205,1755,0.0544383956,e818c6384e9722b8ea6a04ecc13483e9331c522f,0ce3ba605bfa0bb6fcfc2a988437c850d45e3e63,LineGaussRegularization,2026-09-07 17:13:40,
R1,dji9443_20260813_23_73_capped_captess4.msh,8016,fgmres_fgs,25,0.00666666667,25.508684,22.1012776,17,17,1,true,prev,0,-1,3,,,,p=6;mac=0.3;leaf=50;inner=10;sweeps=5;rtol=1.0e-6,17,0.65,6,36,73,true,multi,64,64,0.0231024586,3.09253537e-05,0.00979292955,0.0145894291,0.0169558375,0.0142538607,1.2761789e-06,1.2761789e-07,true,0.75196741,24.7567166,1836,0.050946364,e818c6384e9722b8ea6a04ecc13483e9331c522f,0ce3ba605bfa0bb6fcfc2a988437c850d45e3e63,LineGaussRegularization,2026-09-07 17:13:40,
R1,dji9443_20260813_23_73_capped_captess4.msh,8016,fgmres_fgs,26,0.00694444444,15.2022259,12.7596002,13,13,1,true,prev,0,-1,3,,,,p=6;mac=0.3;leaf=50;inner=10;sweeps=5;rtol=1.0e-6,17,0.65,6,36,73,true,multi,64,64,0.0247693531,3.3150777e-05,0.0104995075,0.0156421038,0.0181792234,0.0152823097,1.36825769e-06,1.36825769e-07,true,0.820347993,14.381878,1917,0.0476653783,e818c6384e9722b8ea6a04ecc13483e9331c522f,0ce3ba605bfa0bb6fcfc2a988437c850d45e3e63,LineGaussRegularization,2026-09-07 17:13:40,
R1,dji9443_20260813_23_73_capped_captess4.msh,8016,fgmres_fgs,27,0.00722222222,14.1200736,11.6767186,10,10,1,true,prev,0,-1,3,,,,p=6;mac=0.3;leaf=50;inner=10;sweeps=5;rtol=1.0e-6,17,0.65,6,36,73,true,multi,64,64,0.0264677247,3.54236752e-05,0.0112194569,0.0167146656,0.0194257509,0.0163301993,1.46207731e-06,1.46207731e-07,true,0.781927321,13.3381463,1995,0.0445059955,e818c6384e9722b8ea6a04ecc13483e9331c522f,0ce3ba605bfa0bb6fcfc2a988437c850d45e3e63,LineGaussRegularization,2026-09-07 17:13:40,
R1,dji9443_20260813_23_73_capped_captess4.msh,8016,fgmres_fgs,28,0.0075,10.7017194,7.83869144,7,7,1,true,prev,0,-1,3,,,,p=6;mac=0.3;leaf=50;inner=10;sweeps=5;rtol=1.0e-6,17,0.65,6,36,73,true,multi,64,64,0.0281948037,3.77462894e-05,0.0119515377,0.0178053191,0.0206933033,0.0173957647,1.55747949e-06,1.55747949e-07,true,0.729292866,9.97242657,2073,0.0413816337,e818c6384e9722b8ea6a04ecc13483e9331c522f,0ce3ba605bfa0bb6fcfc2a988437c850d45e3e63,LineGaussRegularization,2026-09-07 17:13:40,
R1,dji9443_20260813_23_73_capped_captess4.msh,8016,fgmres_fgs,29,0.00777777778,9.74579204,7.1404248,6,6,1,true,prev,0,-1,3,,,,p=6;mac=0.3;leaf=50;inner=10;sweeps=5;rtol=1.0e-6,17,0.65,6,36,73,true,multi,64,64,0.0299476345,4.00954172e-05,0.0126945507,0.0189122597,0.0219797864,0.0184772394,1.65430597e-06,1.65430597e-07,true,0.838153654,8.90763839,2153,0.0382184215,e818c6384e9722b8ea6a04ecc13483e9331c522f,0ce3ba605bfa0bb6fcfc2a988437c850d45e3e63,LineGaussRegularization,2026-09-07 17:13:40,
R1,dji9443_20260813_23_73_capped_captess4.msh,8016,fgmres_fgs,30,0.00805555556,7.08586995,4.40599913,5,5,1,true,prev,0,-1,3,,,,p=6;mac=0.3;leaf=50;inner=10;sweeps=5;rtol=1.0e-6,17,0.65,6,36,73,true,multi,64,64,0.0317233773,4.24693345e-05,0.0134472682,0.0200336518,0.0232830801,0.0195728457,1.75239851e-06,1.75239851e-07,true,0.831165214,6.25470474,2234,0.0349452438,e818c6384e9722b8ea6a04ecc13483e9331c522f,0ce3ba605bfa0bb6fcfc2a988437c850d45e3e63,LineGaussRegularization,2026-09-07 17:13:40,
R1,dji9443_20260813_23_73_capped_captess4.msh,8016,fgmres_fgs,31,0.00833333333,6.38988444,3.74789722,4,4,1,true,prev,0,-1,3,,,,p=6;mac=0.3;leaf=50;inner=10;sweeps=5;rtol=1.0e-6,17,0.65,6,36,73,true,multi,64,64,0.0335191977,4.48713876e-05,0.0142084809,0.0211677308,0.0246010935,0.020680832,1.85159884e-06,1.85159884e-07,true,0.839993717,5.54989073,2311,0.031480545,e818c6384e9722b8ea6a04ecc13483e9331c522f,0ce3ba605bfa0bb6fcfc2a988437c850d45e3e63,LineGaussRegularization,2026-09-07 17:13:40,
R1,dji9443_20260813_23_73_capped_captess4.msh,8016,fgmres_fgs,32,0.00861111111,8.16709915,5.43208472,4,4,1,true,prev,0,-1,3,,,,p=6;mac=0.3;leaf=50;inner=10;sweeps=5;rtol=1.0e-6,17,0.65,6,36,73,true,multi,64,64,0.0353322026,4.72800609e-05,0.014977015,0.022312638,0.0259317166,0.0217994242,1.95174871e-06,1.95174871e-07,true,0.877474576,7.28962458,2389,0.0277284174,e818c6384e9722b8ea6a04ecc13483e9331c522f,0ce3ba605bfa0bb6fcfc2a988437c850d45e3e63,LineGaussRegularization,2026-09-07 17:13:40,
R1,dji9443_20260813_23_73_capped_captess4.msh,8016,fgmres_fgs,33,0.00888888889,6.03364354,3.18617633,3,3,1,true,prev,0,-1,3,,,,p=6;mac=0.3;leaf=50;inner=10;sweeps=5;rtol=1.0e-6,17,0.65,6,36,73,true,multi,64,64,0.037159545,4.97469483e-05,0.0157516095,0.0234666319,0.0272728705,0.0229268615,2.05268986e-06,2.05268986e-07,true,0.875023384,5.15862015,2469,0.0236125779,e818c6384e9722b8ea6a04ecc13483e9331c522f,0ce3ba605bfa0bb6fcfc2a988437c850d45e3e63,LineGaussRegularization,2026-09-07 17:13:40,
R1,dji9443_20260813_23_73_capped_captess4.msh,8016,fgmres_fgs,34,0.00916666667,10.8665438,8.12451851,3,3,1,true,prev,0,-1,3,,,,p=6;mac=0.3;leaf=50;inner=10;sweeps=5;rtol=1.0e-6,17,0.65,6,36,73,true,multi,64,64,0.0389983051,5.21990984e-05,0.0165310396,0.0246278142,0.0286224367,0.0240613501,2.15426403e-06,2.15426403e-07,true,0.753726764,10.112817,2541,0.019100836,e818c6384e9722b8ea6a04ecc13483e9331c522f,0ce3ba605bfa0bb6fcfc2a988437c850d45e3e63,LineGaussRegularization,2026-09-07 17:13:40,
R1,dji9443_20260813_23_73_capped_captess4.msh,8016,fgmres_fgs,35,0.00944444444,7.84956347,5.04316237,3,3,1,true,prev,0,-1,3,,,,p=6;mac=0.3;leaf=50;inner=10;sweeps=5;rtol=1.0e-6,17,0.65,6,36,73,true,multi,64,64,0.0408456746,5.4672363e-05,0.0173141126,0.0257945296,0.0299782944,0.0252011805,2.25631298e-06,2.25631298e-07,true,0.74699212,7.10257135,2619,0.0142350993,e818c6384e9722b8ea6a04ecc13483e9331c522f,0ce3ba605bfa0bb6fcfc2a988437c850d45e3e63,LineGaussRegularization,2026-09-07 17:13:40,
R1,dji9443_20260813_23_73_capped_captess4.msh,8016,fgmres_fgs,36,0.00972222222,10.432164,7.48492098,3,3,1,true,prev,0,-1,3,,,,p=6;mac=0.3;leaf=50;inner=10;sweeps=5;rtol=1.0e-6,17,0.65,6,36,73,true,multi,64,64,0.0426987799,5.71470208e-05,0.0180996498,0.0269647772,0.0313383827,0.026344507,2.35867844e-06,2.35867844e-07,true,0.747054809,9.68510922,2692,0.00913078756,e818c6384e9722b8ea6a04ecc13483e9331c522f,0ce3ba605bfa0bb6fcfc2a988437c850d45e3e63,LineGaussRegularization,2026-09-07 17:13:40,
R1,dji9443_20260813_23_73_capped_captess4.msh,8016,fgmres_fgs,37,0.01,6.18226683,2.67164318,1,1,1,true,prev,0,-1,3,,,,p=6;mac=0.3;leaf=50;inner=10;sweeps=5;rtol=1.0e-6,17,0.65,6,36,73,true,multi,64,64,0.0445547313,5.96428929e-05,0.0188863604,0.0281367921,0.0327005461,0.0274896029,2.46120215e-06,2.46120215e-07,true,0.73244145,5.44982538,2765,0.00394340507,e818c6384e9722b8ea6a04ecc13483e9331c522f,0ce3ba605bfa0bb6fcfc2a988437c850d45e3e63,LineGaussRegularization,2026-09-07 17:13:40,
R1,dji9443_20260813_23_73_capped_captess4.msh,8016,fgmres_fgs,38,0.0102777778,7.53118187,4.49606282,3,3,1,true,prev,0,-1,3,,,,p=6;mac=0.3;leaf=50;inner=10;sweeps=5;rtol=1.0e-6,17,0.65,6,36,73,true,multi,64,64,0.0464107018,6.21421833e-05,0.0196730686,0.0293088584,0.034062691,0.0286347034,2.56372586e-06,2.56372586e-07,true,0.832659022,6.69852285,2845,-0.00115233792,e818c6384e9722b8ea6a04ecc13483e9331c522f,0ce3ba605bfa0bb6fcfc2a988437c850d45e3e63,LineGaussRegularization,2026-09-07 17:13:40,
R1,dji9443_20260813_23_73_capped_captess4.msh,8016,fgmres_fgs,39,0.0105555556,8.06863187,5.12770122,3,3,1,true,prev,0,-1,3,,,,p=6;mac=0.3;leaf=50;inner=10;sweeps=5;rtol=1.0e-6,17,0.65,6,36,73,true,multi,64,64,0.0482638544,6.46396956e-05,0.0204586125,0.0304791208,0.0354227854,0.0297780481,2.66609132e-06,2.66609132e-07,true,0.742978489,7.32565338,2919,-0.00597277117,e818c6384e9722b8ea6a04ecc13483e9331c522f,0ce3ba605bfa0bb6fcfc2a988437c850d45e3e63,LineGaussRegularization,2026-09-07 17:13:40,
R1,dji9443_20260813_23_73_capped_captess4.msh,8016,fgmres_fgs,40,0.0108333333,8.97853241,5.85400022,3,3,1,true,prev,0,-1,3,,,,p=6;mac=0.3;leaf=50;inner=10;sweeps=5;rtol=1.0e-6,17,0.65,6,36,73,true,multi,64,64,0.0501112082,6.70608081e-05,0.0212417112,0.0316457611,0.0367786476,0.0309178495,2.76814026e-06,2.76814026e-07,true,0.795997832,8.18253458,2992,-0.0103840685,e818c6384e9722b8ea6a04ecc13483e9331c522f,0ce3ba605bfa0bb6fcfc2a988437c850d45e3e63,LineGaussRegularization,2026-09-07 17:13:40,
R1,dji9443_20260813_23_73_capped_captess4.msh,8016,fgmres_fgs,41,0.0111111111,8.65815534,5.55200612,3,3,1,true,prev,0,-1,3,,,,p=6;mac=0.3;leaf=50;inner=10;sweeps=5;rtol=1.0e-6,17,0.65,6,36,73,true,multi,64,64,0.0519499845,6.95413592e-05,0.0220211288,0.0328069624,0.0381281777,0.0320523422,2.86971444e-06,2.86971444e-07,true,0.758879471,7.89927587,3067,-0.0143183903,e818c6384e9722b8ea6a04ecc13483e9331c522f,0ce3ba605bfa0bb6fcfc2a988437c850d45e3e63,LineGaussRegularization,2026-09-07 17:13:40,
R1,dji9443_20260813_23_73_capped_captess4.msh,8016,fgmres_fgs,42,0.0113888889,12.6648363,9.35245982,4,4,1,true,prev,0,-1,3,,,,p=6;mac=0.3;leaf=50;inner=10;sweeps=5;rtol=1.0e-6,17,0.65,6,36,73,true,multi,64,64,0.0537773118,7.19932804e-05,0.0227957244,0.0339609294,0.039469359,0.0331797762,2.97065559e-06,2.97065559e-07,true,0.844289428,11.8205469,3145,-0.0177846646,e818c6384e9722b8ea6a04ecc13483e9331c522f,0ce3ba605bfa0bb6fcfc2a988437c850d45e3e63,LineGaussRegularization,2026-09-07 17:13:40,
R1,dji9443_20260813_23_73_capped_captess4.msh,8016,fgmres_fgs,43,0.0116666667,10.7620047,7.40742354,4,4,1,true,prev,0,-1,3,,,,p=6;mac=0.3;leaf=50;inner=10;sweeps=5;rtol=1.0e-6,17,0.65,6,36,73,true,multi,64,64,0.0555902961,7.44142283e-05,0.0235642395,0.035105839,0.0407999784,0.0342983648,3.07080546e-06,3.07080546e-07,true,0.840645782,9.92135889,3220,-0.02084739,e818c6384e9722b8ea6a04ecc13483e9331c522f,0ce3ba605bfa0bb6fcfc2a988437c850d45e3e63,LineGaussRegularization,2026-09-07 17:13:40,
R1,dji9443_20260813_23_73_capped_captess4.msh,8016,fgmres_fgs,44,0.0119444444,14.4406021,11.1102598,5,5,1,true,prev,0,-1,3,,,,p=6;mac=0.3;leaf=50;inner=10;sweeps=5;rtol=1.0e-6,17,0.65,6,36,73,true,multi,64,64,0.0573861171,7.68050947e-05,0.0243254573,0.0362399507,0.0421180163,0.0354063605,3.17000579e-06,3.17000579e-07,true,0.757529059,13.6830731,3296,-0.0236089916,e818c6384e9722b8ea6a04ecc13483e9331c522f,0ce3ba605bfa0bb6fcfc2a988437c850d45e3e63,LineGaussRegularization,2026-09-07 17:13:40,
R1,dji9443_20260813_23_73_capped_captess4.msh,8016,fgmres_fgs,45,0.0122222222,16.5814044,13.2647417,6,6,1,true,prev,0,-1,3,,,,p=6;mac=0.3;leaf=50;inner=10;sweeps=5;rtol=1.0e-6,17,0.65,6,36,73,true,multi,64,64,0.0591618607,7.92117605e-05,0.0250781749,0.037361367,0.0434213152,0.0365019828,3.26809832e-06,3.26809832e-07,true,0.747701465,15.8337029,3370,-0.0261928099,e818c6384e9722b8ea6a04ecc13483e9331c522f,0ce3ba605bfa0bb6fcfc2a988437c850d45e3e63,LineGaussRegularization,2026-09-07 17:13:40,
R1,dji9443_20260813_23_73_capped_captess4.msh,8016,fgmres_fgs,46,0.0125,19.5004923,15.4355552,7,7,1,true,prev,0,-1,3,,,,p=6;mac=0.3;leaf=50;inner=10;sweeps=5;rtol=1.0e-6,17,0.65,6,36,73,true,multi,64,64,0.0609147029,8.15601415e-05,0.0258211914,0.0384682796,0.0447077763,0.0375834473,3.36492481e-06,3.36492481e-07,true,0.813975892,18.6865164,3450,-0.0287294264,e818c6384e9722b8ea6a04ecc13483e9331c522f,0ce3ba605bfa0bb6fcfc2a988437c850d45e3e63,LineGaussRegularization,2026-09-07 17:13:40,
R1,dji9443_20260813_23_73_capped_captess4.msh,8016,fgmres_fgs,47,0.0127777778,17.1852995,13.5493916,7,7,1,true,prev,0,-1,3,,,,p=6;mac=0.3;leaf=50;inner=10;sweeps=5;rtol=1.0e-6,17,0.65,6,36,73,true,multi,64,64,0.062641773,8.38600145e-05,0.026553282,0.0395589129,0.0459753596,0.0386490109,3.46032699e-06,3.46032699e-07,true,0.746654916,16.4386446,3526,-0.0313334727,e818c6384e9722b8ea6a04ecc13483e9331c522f,0ce3ba605bfa0bb6fcfc2a988437c850d45e3e63,LineGaussRegularization,2026-09-07 17:13:40,
R1,dji9443_20260813_23_73_capped_captess4.msh,8016,fgmres_fgs,48,0.0130555556,17.5320437,13.9428604,9,9,1,true,prev,0,-1,3,,,,p=6;mac=0.3;leaf=50;inner=10;sweeps=5;rtol=1.0e-6,17,0.65,6,36,73,true,multi,64,64,0.0643401955,8.6125017e-05,0.027273203,0.0406315099,0.0472218605,0.0396968938,3.5541466e-06,3.5541466e-07,true,0.833477719,16.698566,3605,-0.0340913329,e818c6384e9722b8ea6a04ecc13483e9331c522f,0ce3ba605bfa0bb6fcfc2a988437c850d45e3e63,LineGaussRegularization,2026-09-07 17:13:40,
R1,dji9443_20260813_23_73_capped_captess4.msh,8016,fgmres_fgs,49,0.0133333333,25.6390639,21.9853887,12,12,1,true,prev,0,-1,3,,,,p=6;mac=0.3;leaf=50;inner=10;sweeps=5;rtol=1.0e-6,17,0.65,6,36,73,true,multi,64,64,0.0660070618,8.83781244e-05,0.0279798383,0.0416841637,0.0484452503,0.0407253405,3.6462254e-06,3.6462254e-07,true,0.746675316,24.8923886,3680,-0.037056766,e818c6384e9722b8ea6a04ecc13483e9331c522f,0ce3ba605bfa0bb6fcfc2a988437c850d45e3e63,LineGaussRegularization,2026-09-07 17:13:40,
R1,dji9443_20260813_23_73_capped_captess4.msh,8016,fgmres_fgs,50,0.0136111111,33.8295366,29.9431361,17,17,1,true,prev,0,-1,3,,,,p=6;mac=0.3;leaf=50;inner=10;sweeps=5;rtol=1.0e-6,17,0.65,6,36,73,true,multi,64,64,0.0676395543,9.05414029e-05,0.0286718045,0.0427150983,0.049643385,0.0417325628,3.73640512e-06,3.73640512e-07,true,0.840669629,32.988867,3762,-0.0402483466,e818c6384e9722b8ea6a04ecc13483e9331c522f,0ce3ba605bfa0bb6fcfc2a988437c850d45e3e63,LineGaussRegularization,2026-09-07 17:13:40,
R1,dji9443_20260813_23_73_capped_captess4.msh,8016,fgmres_fgs,51,0.0138888889,34.7833367,30.8316045,20,20,1,true,prev,0,-1,3,,,,p=6;mac=0.3;leaf=50;inner=10;sweeps=5;rtol=1.0e-6,17,0.65,6,36,73,true,multi,64,64,0.0692347783,9.26765591e-05,0.0293480276,0.0437225176,0.0508142504,0.0427168205,3.82452751e-06,3.82452751e-07,true,0.746424225,34.0369125,3839,-0.043643947,e818c6384e9722b8ea6a04ecc13483e9331c522f,0ce3ba605bfa0bb6fcfc2a988437c850d45e3e63,LineGaussRegularization,2026-09-07 17:13:40,
R1,dji9443_20260813_23_73_capped_captess4.msh,8016,fgmres_fgs,52,0.0141666667,43.4948728,39.5184428,23,23,1,true,prev,0,-1,3,,,,p=6;mac=0.3;leaf=50;inner=10;sweeps=5;rtol=1.0e-6,17,0.65,6,36,73,true,multi,64,64,0.070789959,9.47576742e-05,0.0300072462,0.0447045796,0.051955636,0.043676328,3.91043431e-06,3.91043431e-07,true,0.737500269,42.7573726,3918,-0.0471717531,e818c6384e9722b8ea6a04ecc13483e9331c522f,0ce3ba605bfa0bb6fcfc2a988437c850d45e3e63,LineGaussRegularization,2026-09-07 17:13:40,
R1,dji9443_20260813_23_73_capped_captess4.msh,8016,fgmres_fgs,53,0.0144444444,28.7020514,24.6808979,24,24,1,true,prev,0,-1,3,,,,p=6;mac=0.3;leaf=50;inner=10;sweeps=5;rtol=1.0e-6,17,0.65,6,36,73,true,multi,64,64,0.0723021647,9.67718069e-05,0.0306482336,0.045659563,0.0530655138,0.0446093264,3.99396727e-06,3.99396727e-07,true,0.735953999,27.9660974,4000,-0.0507260698,e818c6384e9722b8ea6a04ecc13483e9331c522f,0ce3ba605bfa0bb6fcfc2a988437c850d45e3e63,LineGaussRegularization,2026-09-07 17:13:40,
R1,dji9443_20260813_23_73_capped_captess4.msh,8016,fgmres_fgs,54,0.0147222222,27.7700745,23.6805134,25,25,1,true,prev,0,-1,3,,,,p=6;mac=0.3;leaf=50;inner=10;sweeps=5;rtol=1.0e-6,17,0.65,6,36,73,true,multi,64,64,0.0737685122,9.87655254e-05,0.0312697883,0.0465855891,0.0541417307,0.045514049,4.07496812e-06,4.07496812e-07,true,0.818436323,26.9516381,4082,-0.0542020265,e818c6384e9722b8ea6a04ecc13483e9331c522f,0ce3ba605bfa0bb6fcfc2a988437c850d45e3e63,LineGaussRegularization,2026-09-07 17:13:40,
R1,dji9443_20260813_23_73_capped_captess4.msh,8016,fgmres_fgs,55,0.015,33.9052524,29.2218105,25,25,1,true,prev,0,-1,3,,,,p=6;mac=0.3;leaf=50;inner=10;sweeps=5;rtol=1.0e-6,17,0.65,6,36,73,true,multi,64,64,0.0751861499,0.000100662647,0.031870719,0.0474808538,0.0551821733,0.0463887135,4.15327862e-06,4.15327862e-07,true,0.720153738,33.1850987,4163,-0.057501199,e818c6384e9722b8ea6a04ecc13483e9331c522f,0ce3ba605bfa0bb6fcfc2a988437c850d45e3e63,LineGaussRegularization,2026-09-07 17:13:40,
R1,dji9443_20260813_23_73_capped_captess4.msh,8016,fgmres_fgs,56,0.0152777778,36.8022466,32.2161256,27,27,1,true,prev,0,-1,3,,,,p=6;mac=0.3;leaf=50;inner=10;sweeps=5;rtol=1.0e-6,17,0.65,6,36,73,true,multi,64,64,0.0765522625,0.000102477669,0.0324498257,0.0483435121,0.0561848103,0.0472315571,4.2287405e-06,4.2287405e-07,true,0.733686242,36.0685603,4246,-0.0605676108,e818c6384e9722b8ea6a04ecc13483e9331c522f,0ce3ba605bfa0bb6fcfc2a988437c850d45e3e63,LineGaussRegularization,2026-09-07 17:13:40,
R1,dji9443_20260813_23_73_capped_captess4.msh,8016,fgmres_fgs,57,0.0155555556,31.7843748,27.5312474,27,27,1,true,prev,0,-1,3,,,,p=6;mac=0.3;leaf=50;inner=10;sweeps=5;rtol=1.0e-6,17,0.65,6,36,73,true,multi,64,64,0.0778639017,0.00010424406,0.0330057851,0.0491718731,0.0571474704,0.0480408133,4.30119552e-06,4.30119552e-07,true,0.733981107,31.0503936,4323,-0.0633811768,e818c6384e9722b8ea6a04ecc13483e9331c522f,0ce3ba605bfa0bb6fcfc2a988437c850d45e3e63,LineGaussRegularization,2026-09-07 17:13:40,
R1,dji9443_20260813_23_73_capped_captess4.msh,8016,fgmres_fgs,58,0.0158333333,28.8564354,24.5946062,22,22,1,true,prev,0,-1,3,,,,p=6;mac=0.3;leaf=50;inner=10;sweeps=5;rtol=1.0e-6,17,0.65,6,36,73,true,multi,64,64,0.0791182145,0.000105936864,0.0335375388,0.0499639993,0.058068085,0.048814726,4.3704854e-06,4.3704854e-07,true,0.811416325,28.0450191,4404,-0.0659384823,e818c6384e9722b8ea6a04ecc13483e9331c522f,0ce3ba605bfa0bb6fcfc2a988437c850d45e3e63,LineGaussRegularization,2026-09-07 17:13:40,
R1,dji9443_20260813_23_73_capped_captess4.msh,8016,fgmres_fgs,59,0.0161111111,27.8428468,23.472699,21,21,1,true,prev,0,-1,3,,,,p=6;mac=0.3;leaf=50;inner=10;sweeps=5;rtol=1.0e-6,17,0.65,6,36,73,true,multi,64,64,0.080312383,0.000107512443,0.0340437061,0.0507181483,0.058944486,0.0495515085,4.43645191e-06,4.43645191e-07,true,0.742429014,27.1004178,4482,-0.068216113,e818c6384e9722b8ea6a04ecc13483e9331c522f,0ce3ba605bfa0bb6fcfc2a988437c850d45e3e63,LineGaussRegularization,2026-09-07 17:13:40,
R1,dji9443_20260813_23_73_capped_captess4.msh,8016,fgmres_fgs,60,0.0163888889,29.0135559,24.502696,21,21,1,true,prev,0,-1,3,,,,p=6;mac=0.3;leaf=50;inner=10;sweeps=5;rtol=1.0e-6,17,0.65,6,36,73,true,multi,64,64,0.0814435111,0.000109029427,0.0345231995,0.0514324525,0.0597747536,0.0502494131,4.49893678e-06,4.49893678e-07,true,0.781995385,28.2315605,4563,-0.0702358726,e818c6384e9722b8ea6a04ecc13483e9331c522f,0ce3ba605bfa0bb6fcfc2a988437c850d45e3e63,LineGaussRegularization,2026-09-07 17:13:40,
R1,dji9443_20260813_23_73_capped_captess4.msh,8016,fgmres_fgs,61,0.0166666667,19.5590725,14.9549226,17,17,1,true,prev,0,-1,3,,,,p=6;mac=0.3;leaf=50;inner=10;sweeps=5;rtol=1.0e-6,17,0.65,6,36,73,true,multi,64,64,0.0825087985,0.000110443101,0.0349747576,0.0521051522,0.0605565535,0.0509066684,4.55778175e-06,4.55778175e-07,true,0.831818388,18.7272541,4645,-0.0720160335,e818c6384e9722b8ea6a04ecc13483e9331c522f,0ce3ba605bfa0bb6fcfc2a988437c850d45e3e63,LineGaussRegularization,2026-09-07 17:13:40,
R1,dji9443_20260813_23_73_capped_captess4.msh,8016,fgmres_fgs,62,0.0169444444,17.1506261,12.4504292,13,13,1,true,prev,0,-1,3,,,,p=6;mac=0.3;leaf=50;inner=10;sweeps=5;rtol=1.0e-6,17,0.65,6,36,73,true,multi,64,64,0.0835053131,0.000111764644,0.0353971487,0.0527344781,0.0612879676,0.0515214977,4.61282857e-06,4.61282857e-07,true,0.826439347,16.3241867,4726,-0.0735578551,e818c6384e9722b8ea6a04ecc13483e9331c522f,0ce3ba605bfa0bb6fcfc2a988437c850d45e3e63,LineGaussRegularization,2026-09-07 17:13:40,
R1,dji9443_20260813_23_73_capped_captess4.msh,8016,fgmres_fgs,63,0.0172222222,21.4355973,16.6642423,10,10,1,true,prev,0,-1,3,,,,p=6;mac=0.3;leaf=50;inner=10;sweeps=5;rtol=1.0e-6,17,0.65,6,36,73,true,multi,64,64,0.084430202,0.0001130422,0.0357891784,0.0533185703,0.0619667805,0.0520921459,4.66391898e-06,4.66391898e-07,true,0.781118707,20.6544786,4809,-0.0748731704,e818c6384e9722b8ea6a04ecc13483e9331c522f,0ce3ba605bfa0bb6fcfc2a988437c850d45e3e63,LineGaussRegularization,2026-09-07 17:13:40,
R1,dji9443_20260813_23_73_capped_captess4.msh,8016,fgmres_fgs,64,0.0175,16.1305401,10.6076096,7,7,1,true,prev,0,-1,3,,,,p=6;mac=0.3;leaf=50;inner=10;sweeps=5;rtol=1.0e-6,17,0.65,6,36,73,true,multi,64,64,0.0852805875,0.000114180746,0.0361496575,0.0538555989,0.0625908919,0.0526168232,4.71089473e-06,4.71089473e-07,true,0.735858703,15.3946814,4891,-0.0759993446,e818c6384e9722b8ea6a04ecc13483e9331c522f,0ce3ba605bfa0bb6fcfc2a988437c850d45e3e63,LineGaussRegularization,2026-09-07 17:13:40,
R1,dji9443_20260813_23_73_capped_captess4.msh,8016,fgmres_fgs,65,0.0177777778,14.631034,9.26818979,6,6,1,true,prev,0,-1,3,,,,p=6;mac=0.3;leaf=50;inner=10;sweeps=5;rtol=1.0e-6,17,0.65,6,36,73,true,multi,64,64,0.0860536735,0.000115197089,0.0364773987,0.0543437643,0.063158277,0.0530937797,4.75359756e-06,4.75359756e-07,true,0.81966257,13.8113714,4975,-0.0769753969,e818c6384e9722b8ea6a04ecc13483e9331c522f,0ce3ba605bfa0bb6fcfc2a988437c850d45e3e63,LineGaussRegularization,2026-09-07 17:13:40,
R1,dji9443_20260813_23_73_capped_captess4.msh,8016,fgmres_fgs,66,0.0180555556,8.58937025,5.52332862,5,5,1,true,prev,0,-1,3,,,,p=6;mac=0.3;leaf=50;inner=10;sweeps=5;rtol=1.0e-6,17,0.65,6,36,73,true,multi,64,64,0.0867464832,0.000116139554,0.0367710361,0.0547813102,0.0636667597,0.0535212342,4.79186921e-06,4.79186921e-07,true,0.753639375,7.83573088,5055,-0.0778435883,e818c6384e9722b8ea6a04ecc13483e9331c522f,0ce3ba605bfa0bb6fcfc2a988437c850d45e3e63,LineGaussRegularization,2026-09-07 17:13:40,
R1,dji9443_20260813_23_73_capped_captess4.msh,8016,fgmres_fgs,67,0.0183333333,12.4081338,9.71328906,4,4,1,true,prev,0,-1,3,,,,p=6;mac=0.3;leaf=50;inner=10;sweeps=5;rtol=1.0e-6,17,0.65,6,36,73,true,multi,64,64,0.0873562073,0.000116967693,0.0370295524,0.0551663783,0.0641142836,0.0538974395,4.82555143e-06,4.82555143e-07,true,0.797321462,11.6108124,5133,-0.0786270186,e818c6384e9722b8ea6a04ecc13483e9331c522f,0ce3ba605bfa0bb6fcfc2a988437c850d45e3e63,LineGaussRegularization,2026-09-07 17:13:40,
R1,dji9443_20260813_23_73_capped_captess4.msh,8016,fgmres_fgs,68,0.0186111111,7.36930627,4.32862435,4,4,1,true,prev,0,-1,3,,,,p=6;mac=0.3;leaf=50;inner=10;sweeps=5;rtol=1.0e-6,17,0.65,6,36,73,true,multi,64,64,0.0878799858,0.000117648046,0.0372515465,0.0554971727,0.064498657,0.0542206061,4.85448595e-06,4.85448595e-07,true,0.863776139,6.50553013,5216,-0.0793384888,e818c6384e9722b8ea6a04ecc13483e9331c522f,0ce3ba605bfa0bb6fcfc2a988437c850d45e3e63,LineGaussRegularization,2026-09-07 17:13:40,
R1,dji9443_20260813_23_73_capped_captess4.msh,8016,fgmres_fgs,69,0.0188888889,12.4422674,9.50551651,3,3,1,true,prev,0,-1,3,,,,p=6;mac=0.3;leaf=50;inner=10;sweeps=5;rtol=1.0e-6,17,0.65,6,36,73,true,multi,64,64,0.0883149415,0.000118228285,0.0374359399,0.055771837,0.0648179829,0.0544889838,4.87851454e-06,4.87851454e-07,true,0.749743655,11.6925238,5297,-0.0799500092,e818c6384e9722b8ea6a04ecc13483e9331c522f,0ce3ba605bfa0bb6fcfc2a988437c850d45e3e63,LineGaussRegularization,2026-09-07 17:13:40,
R1,dji9443_20260813_23_73_capped_captess4.msh,8016,fgmres_fgs,70,0.0191666667,9.36307693,6.55912823,3,3,1,true,prev,0,-1,3,,,,p=6;mac=0.3;leaf=50;inner=10;sweeps=5;rtol=1.0e-6,17,0.65,6,36,73,true,multi,64,64,0.0886582822,0.000118674457,0.0375814746,0.0559886025,0.065069905,0.0547008052,4.89747892e-06,4.89747892e-07,true,0.867622387,8.49545454,5378,-0.080408104,e818c6384e9722b8ea6a04ecc13483e9331c522f,0ce3ba605bfa0bb6fcfc2a988437c850d45e3e63,LineGaussRegularization,2026-09-07 17:13:40,
R1,dji9443_20260813_23_73_capped_captess4.msh,8016,fgmres_fgs,71,0.0194444444,10.7049467,8.01674641,3,3,1,true,prev,0,-1,3,,,,p=6;mac=0.3;leaf=50;inner=10;sweeps=5;rtol=1.0e-6,17,0.65,6,36,73,true,multi,64,64,0.0889070575,0.000118994653,0.0376869037,0.0561457266,0.0652525352,0.0548542961,4.91122084e-06,4.91122084e-07,true,0.749798659,9.95514799,5456,-0.0806536295,e818c6384e9722b8ea6a04ecc13483e9331c522f,0ce3ba605bfa0bb6fcfc2a988437c850d45e3e63,LineGaussRegularization,2026-09-07 17:13:40,
R1,dji9443_20260813_23_73_capped_captess4.msh,8016,fgmres_fgs,72,0.0197222222,9.69759903,6.84842558,3,3,1,true,prev,0,-1,3,,,,p=6;mac=0.3;leaf=50;inner=10;sweeps=5;rtol=1.0e-6,17,0.65,6,36,73,true,multi,64,64,0.0890584375,0.00011923893,0.0377510434,0.0562413513,0.0653636255,0.0549476964,4.91958205e-06,4.91958205e-07,true,0.751224262,8.94637477,5534,-0.0806687817,e818c6384e9722b8ea6a04ecc13483e9331c522f,0ce3ba605bfa0bb6fcfc2a988437c850d45e3e63,LineGaussRegularization,2026-09-07 17:13:40,
R1,dji9443_20260813_23_73_capped_captess4.msh,8016,fgmres_fgs,73,0.02,6.31422464,2.79675072,2,2,1,true,prev,0,-1,3,5614,83240.9345,,p=6;mac=0.3;leaf=50;inner=10;sweeps=5;rtol=1.0e-6,17,0.65,6,36,73,true,multi,64,64,0.0891095115,0.000119291895,0.0377727053,0.0562736055,0.0654010953,0.0549792164,4.92240429e-06,4.92240429e-07,true,0.721862612,5.59236203,5614,-0.0804190408,e818c6384e9722b8ea6a04ecc13483e9331c522f,0ce3ba605bfa0bb6fcfc2a988437c850d45e3e63,LineGaussRegularization,2026-09-07 17:13:40,
R1,dji9443_20260813_23_73_capped_captess4.msh,8016,fgmres_fgs,1,0,53.6534907,13.1868197,1,1,1,true,extrap,1,-1,3,,,29.4907495,p=6;mac=0.3;leaf=50;inner=10;sweeps=5;rtol=1.0e-6,17,0.65,6,36,73,true,multi,64,64,6.16680482e-08,7.41777516e-13,1.41817116e-09,3.27945346e-09,6.47960441e-09,6.85738072e-09,1e-14,1e-15,false,1.06352023,52.5899704,0,0.0533281206,e818c6384e9722b8ea6a04ecc13483e9331c522f,0ce3ba605bfa0bb6fcfc2a988437c850d45e3e63,LineGaussRegularization,2026-09-07 17:37:35,"RHPC setup-only include; t_solve = solve_formulation! wall (incl. the per-step Dirichlet source-potential assembly inside solve!); t_step from maneuver! deltas; niter now recorded for FGS as well as Krylov (Phase 3); niter=-1 means a direct solve. niter is the LAST inner solve of the step (legacy diagnostic); niter_first is the FIRST and is the warmstart comparison metric; nsolves is the per-body solve count of the step (must be 1 for a one-body run; -1 = unavailable); solved is the AND of the step's inner convergence flags. Wake-developed averages should drop the first skip_steps rows. bcerr_* are order statistics of the per-panel Dirichlet BC residual |phi_sigma + G_mu x| from ONE bc_error! pass per step; bcerr_tol is THIS arm's own effective absolute acceptance level, so bcerr_max <= bcerr_tol is the arm's promise checked independently. The pass requests an absolute FMM error of bcerr_eps = BCERR_SAFETY * bcerr_tol, so the instrument is ~10x sharper than the acceptance level by construction; bcerr_certified=false means some M2L pair could not certify that bound and the row is UNCERTIFIED. The pass is EXCLUDED from t_solve, but NOT from t_step_total (it lies inside the maneuver!-to-maneuver! window); use t_step_net = t_step_total - t_bcerr for full-timestep share. Its own cost is t_bcerr (~62% of t_solve at R1 — it certifies to 10x below tol_abs, so the FMM climbs its order). BCERR_EVERY>1 subsamples it; skipped steps write EMPTY bcerr_* cells, never a fabricated value. n_particles and CT are per-step identity REPORTING, not assertions: the wake is chaotic, so small differences compound and exact trajectory identity is not expected. CT requires RUN_MONITORS=true (default under PHASE=phase3)."
R1,dji9443_20260813_23_73_capped_captess4.msh,8016,fgmres_fgs,2,0.000277777778,8.16538549,3.77332847,3,3,1,true,extrap,1,-1,3,,,,p=6;mac=0.3;leaf=50;inner=10;sweeps=5;rtol=1.0e-6,17,0.65,6,36,73,true,multi,64,64,5.10906506e-05,6.76928393e-08,2.16571038e-05,3.22644826e-05,3.74974235e-05,3.15223529e-05,2.82224753e-09,2.82224753e-10,false,0.851228161,7.31415733,0,0.0738110098,e818c6384e9722b8ea6a04ecc13483e9331c522f,0ce3ba605bfa0bb6fcfc2a988437c850d45e3e63,LineGaussRegularization,2026-09-07 17:37:35,
R1,dji9443_20260813_23_73_capped_captess4.msh,8016,fgmres_fgs,3,0.000555555556,7.26922687,3.46873329,3,3,1,true,extrap,1,-1,3,,,,p=6;mac=0.3;leaf=50;inner=10;sweeps=5;rtol=1.0e-6,17,0.65,6,36,73,true,multi,64,64,0.000202452157,2.7179655e-07,8.58176612e-05,0.000127848543,0.000148588044,0.000124909175,1.11834559e-08,1.11834559e-09,false,0.869000391,6.40022648,84,0.0913694898,e818c6384e9722b8ea6a04ecc13483e9331c522f,0ce3ba605bfa0bb6fcfc2a988437c850d45e3e63,LineGaussRegularization,2026-09-07 17:37:35,
R1,dji9443_20260813_23_73_capped_captess4.msh,8016,fgmres_fgs,4,0.000833333333,5.52420424,3.66757457,3,3,1,true,extrap,1,-1,3,,,,p=6;mac=0.3;leaf=50;inner=10;sweeps=5;rtol=1.0e-6,17,0.65,6,36,73,true,multi,64,64,0.000451219903,6.05492214e-07,0.00019126797,0.000284949625,0.000331168813,0.00027839576,2.49253789e-08,2.49253789e-09,false,0.890621154,4.63358309,168,0.100586374,e818c6384e9722b8ea6a04ecc13483e9331c522f,0ce3ba605bfa0bb6fcfc2a988437c850d45e3e63,LineGaussRegularization,2026-09-07 17:37:35,
R1,dji9443_20260813_23_73_capped_captess4.msh,8016,fgmres_fgs,5,0.00111111111,5.32270532,3.5382138,3,3,1,true,extrap,1,-1,3,,,,p=6;mac=0.3;leaf=50;inner=10;sweeps=5;rtol=1.0e-6,17,0.65,6,36,73,true,multi,64,64,0.00079452919,1.06329735e-06,0.000336793953,0.000501753063,0.000583139647,0.000490212298,4.38897601e-08,4.38897601e-09,false,0.766810792,4.55589453,249,0.105160597,e818c6384e9722b8ea6a04ecc13483e9331c522f,0ce3ba605bfa0bb6fcfc2a988437c850d45e3e63,LineGaussRegularization,2026-09-07 17:37:35,
R1,dji9443_20260813_23_73_capped_captess4.msh,8016,fgmres_fgs,6,0.00138888889,6.23117939,4.33412353,4,4,1,true,extrap,1,-1,3,,,,p=6;mac=0.3;leaf=50;inner=10;sweeps=5;rtol=1.0e-6,17,0.65,6,36,73,true,multi,64,64,0.00122951478,1.64593978e-06,0.000521180352,0.000776463606,0.000902392218,0.000758592535,6.79183432e-08,6.79183432e-09,false,0.842733925,5.38844546,329,0.10710495,e818c6384e9722b8ea6a04ecc13483e9331c522f,0ce3ba605bfa0bb6fcfc2a988437c850d45e3e63,LineGaussRegularization,2026-09-07 17:37:35,
R1,dji9443_20260813_23_73_capped_captess4.msh,8016,fgmres_fgs,7,0.00166666667,6.63444494,4.60338617,5,5,1,true,extrap,1,-1,3,,,,p=6;mac=0.3;leaf=50;inner=10;sweeps=5;rtol=1.0e-6,17,0.65,6,36,73,true,multi,64,64,0.00175331251,2.34606439e-06,0.000743213602,0.00110723449,0.00128682669,0.00108176639,9.68528719e-08,9.68528719e-09,false,0.841913241,5.7925317,408,0.10751736,e818c6384e9722b8ea6a04ecc13483e9331c522f,0ce3ba605bfa0bb6fcfc2a988437c850d45e3e63,LineGaussRegularization,2026-09-07 17:37:35,
R1,dji9443_20260813_23_73_capped_captess4.msh,8016,fgmres_fgs,8,0.00194444444,6.4406995,4.41610065,5,5,1,true,extrap,1,-1,3,,,,p=6;mac=0.3;leaf=50;inner=10;sweeps=5;rtol=1.0e-6,17,0.65,6,36,73,true,multi,64,64,0.00236305604,3.16401744e-06,0.00100167858,0.00149229331,0.00173434284,0.00145796956,1.3053509e-07,1.3053509e-08,false,0.74229986,5.69839964,491,0.107007624,e818c6384e9722b8ea6a04ecc13483e9331c522f,0ce3ba605bfa0bb6fcfc2a988437c850d45e3e63,LineGaussRegularization,2026-09-07 17:37:35,
R1,dji9443_20260813_23_73_capped_captess4.msh,8016,fgmres_fgs,9,0.00222222222,7.64323367,5.4332827,6,6,1,true,extrap,1,-1,3,,,,p=6;mac=0.3;leaf=50;inner=10;sweeps=5;rtol=1.0e-6,17,0.65,6,36,73,true,multi,64,64,0.00305588108,4.0925069e-06,0.00129536046,0.00192982239,0.0022428366,0.00188543221,1.68806741e-07,1.68806741e-08,false,0.810438446,6.83279522,569,0.105904404,e818c6384e9722b8ea6a04ecc13483e9331c522f,0ce3ba605bfa0bb6fcfc2a988437c850d45e3e63,LineGaussRegularization,2026-09-07 17:37:35,
R1,dji9443_20260813_23_73_capped_captess4.msh,8016,fgmres_fgs,10,0.0025,9.76886634,7.27186907,7,7,1,true,extrap,1,-1,3,,,,p=6;mac=0.3;leaf=50;inner=10;sweeps=5;rtol=1.0e-6,17,0.65,6,36,73,true,multi,64,64,0.0038289226,5.12672355e-06,0.00162304559,0.0024180102,0.00281020362,0.00236238907,2.11509569e-07,2.11509569e-08,false,0.846260923,8.92260542,649,0.104390274,e818c6384e9722b8ea6a04ecc13483e9331c522f,0ce3ba605bfa0bb6fcfc2a988437c850d45e3e63,LineGaussRegularization,2026-09-07 17:37:35,
R1,dji9443_20260813_23_73_capped_captess4.msh,8016,fgmres_fgs,11,0.00277777778,11.4738585,9.29862314,8,8,1,true,extrap,1,-1,3,,,,p=6;mac=0.3;leaf=50;inner=10;sweeps=5;rtol=1.0e-6,17,0.65,6,36,73,true,multi,64,64,0.00467931965,6.26381498e-06,0.00198352314,0.00295503673,0.00343434277,0.00288706806,2.58485317e-07,2.58485317e-08,false,0.883840876,10.5900176,730,0.102560417,e818c6384e9722b8ea6a04ecc13483e9331c522f,0ce3ba605bfa0bb6fcfc2a988437c850d45e3e63,LineGaussRegularization,2026-09-07 17:37:35,
R1,dji9443_20260813_23_73_capped_captess4.msh,8016,fgmres_fgs,12,0.00305555556,11.175102,8.97729162,9,9,1,true,extrap,1,-1,3,,,,p=6;mac=0.3;leaf=50;inner=10;sweeps=5;rtol=1.0e-6,17,0.65,6,36,73,true,multi,64,64,0.00560419937,7.5036971e-06,0.0023755712,0.00353910874,0.00411314916,0.00345770488,3.09575729e-07,3.09575729e-08,false,0.870337277,10.3047648,810,0.100456192,e818c6384e9722b8ea6a04ecc13483e9331c522f,0ce3ba605bfa0bb6fcfc2a988437c850d45e3e63,LineGaussRegularization,2026-09-07 17:37:35,
R1,dji9443_20260813_23_73_capped_captess4.msh,8016,fgmres_fgs,13,0.00333333333,15.162762,12.9222325,13,13,1,true,extrap,1,-1,3,,,,p=6;mac=0.3;leaf=50;inner=10;sweeps=5;rtol=1.0e-6,17,0.65,6,36,73,true,multi,64,64,0.00660070395,8.83724389e-06,0.0027979791,0.00416841416,0.00484452588,0.00407253362,3.64622549e-07,3.64622549e-08,true,0.826717257,14.3360447,891,0.0980784714,e818c6384e9722b8ea6a04ecc13483e9331c522f,0ce3ba605bfa0bb6fcfc2a988437c850d45e3e63,LineGaussRegularization,2026-09-07 17:37:35,
R1,dji9443_20260813_23_73_capped_captess4.msh,8016,fgmres_fgs,14,0.00361111111,18.8716914,16.1206246,18,18,1,true,extrap,1,-1,3,,,,p=6;mac=0.3;leaf=50;inner=10;sweeps=5;rtol=1.0e-6,17,0.65,6,36,73,true,multi,64,64,0.00766596633,1.02605712e-05,0.0032495359,0.00484114103,0.00562636565,0.00472978356,4.2346752e-07,4.2346752e-08,true,0.832147365,18.039544,972,0.0954106373,e818c6384e9722b8ea6a04ecc13483e9331c522f,0ce3ba605bfa0bb6fcfc2a988437c850d45e3e63,LineGaussRegularization,2026-09-07 17:37:35,
R1,dji9443_20260813_23_73_capped_captess4.msh,8016,fgmres_fgs,15,0.00388888889,20.9009333,18.6311099,21,21,1,true,extrap,1,-1,3,,,,p=6;mac=0.3;leaf=50;inner=10;sweeps=5;rtol=1.0e-6,17,0.65,6,36,73,true,multi,64,64,0.00879711908,1.17756108e-05,0.0037290218,0.00555547944,0.00645655978,0.00542768738,4.85952387e-07,4.85952387e-08,false,0.873657923,20.0272754,1050,0.0924116502,e818c6384e9722b8ea6a04ecc13483e9331c522f,0ce3ba605bfa0bb6fcfc2a988437c850d45e3e63,LineGaussRegularization,2026-09-07 17:37:35,
R1,dji9443_20260813_23_73_capped_captess4.msh,8016,fgmres_fgs,16,0.00416666667,25.0565724,22.7453615,24,24,1,true,extrap,1,-1,3,,,,p=6;mac=0.3;leaf=50;inner=10;sweeps=5;rtol=1.0e-6,17,0.65,6,36,73,true,multi,64,64,0.00999129969,1.33740859e-05,0.00423522299,0.00630961313,0.00733302005,0.00616447878,5.51918892e-07,5.51918892e-08,true,0.887666712,24.1689057,1126,0.089036076,e818c6384e9722b8ea6a04ecc13483e9331c522f,0ce3ba605bfa0bb6fcfc2a988437c850d45e3e63,LineGaussRegularization,2026-09-07 17:37:35,
R1,dji9443_20260813_23_73_capped_captess4.msh,8016,fgmres_fgs,17,0.00444444444,28.9319566,26.7118912,25,25,1,true,extrap,1,-1,3,,,,p=6;mac=0.3;leaf=50;inner=10;sweeps=5;rtol=1.0e-6,17,0.65,6,36,73,true,multi,64,64,0.0112456427,1.50537079e-05,0.00476693175,0.00710174087,0.00825363384,0.00693838962,6.2120878e-07,6.2120878e-08,true,0.842856656,28.0891,1204,0.0852341036,e818c6384e9722b8ea6a04ecc13483e9331c522f,0ce3ba605bfa0bb6fcfc2a988437c850d45e3e63,LineGaussRegularization,2026-09-07 17:37:35,
R1,dji9443_20260813_23_73_capped_captess4.msh,8016,fgmres_fgs,18,0.00472222222,34.3768873,32.0604143,26,26,1,true,extrap,1,-1,3,,,,p=6;mac=0.3;leaf=50;inner=10;sweeps=5;rtol=1.0e-6,17,0.65,6,36,73,true,multi,64,64,0.012557274,1.68106529e-05,0.00532292864,0.0079300614,0.00921630005,0.00774765413,6.93663794e-07,6.93663794e-08,true,0.79102288,33.5858644,1283,0.0810049892,e818c6384e9722b8ea6a04ecc13483e9331c522f,0ce3ba605bfa0bb6fcfc2a988437c850d45e3e63,LineGaussRegularization,2026-09-07 17:37:35,
R1,dji9443_20260813_23_73_capped_captess4.msh,8016,fgmres_fgs,19,0.005,31.256256,28.4535346,25,25,1,true,extrap,1,-1,3,,,,p=6;mac=0.3;leaf=50;inner=10;sweeps=5;rtol=1.0e-6,17,0.65,6,36,73,true,multi,64,64,0.0139233545,1.86396804e-05,0.00590199445,0.00879274871,0.010218918,0.00859050136,7.69125678e-07,7.69125678e-08,true,0.823334717,30.4329213,1362,0.0764214275,e818c6384e9722b8ea6a04ecc13483e9331c522f,0ce3ba605bfa0bb6fcfc2a988437c850d45e3e63,LineGaussRegularization,2026-09-07 17:37:35,
R1,dji9443_20260813_23_73_capped_captess4.msh,8016,fgmres_fgs,20,0.00527777778,43.5167356,41.2297763,27,27,1,true,extrap,1,-1,3,,,,p=6;mac=0.3;leaf=50;inner=10;sweeps=5;rtol=1.0e-6,17,0.65,6,36,73,true,multi,64,64,0.0153410033,2.05395944e-05,0.00650291262,0.00968800371,0.0112593866,0.00946516463,8.47436176e-07,8.47436176e-08,true,0.791960852,42.7247748,1435,0.0716455631,e818c6384e9722b8ea6a04ecc13483e9331c522f,0ce3ba605bfa0bb6fcfc2a988437c850d45e3e63,LineGaussRegularization,2026-09-07 17:37:35,
R1,dji9443_20260813_23_73_capped_captess4.msh,8016,fgmres_fgs,21,0.00555555556,34.3115271,31.8653432,27,27,1,true,extrap,1,-1,3,,,,p=6;mac=0.3;leaf=50;inner=10;sweeps=5;rtol=1.0e-6,17,0.65,6,36,73,true,multi,64,64,0.0168073491,2.25053107e-05,0.00712448485,0.0106140195,0.0123355887,0.0103698762,9.28437031e-07,9.28437031e-08,true,0.907898932,33.4036282,1514,0.0668964535,e818c6384e9722b8ea6a04ecc13483e9331c522f,0ce3ba605bfa0bb6fcfc2a988437c850d45e3e63,LineGaussRegularization,2026-09-07 17:37:35,
R1,dji9443_20260813_23_73_capped_captess4.msh,8016,fgmres_fgs,22,0.00583333333,27.1091807,24.7860474,23,23,1,true,extrap,1,-1,3,,,,p=6;mac=0.3;leaf=50;inner=10;sweeps=5;rtol=1.0e-6,17,0.65,6,36,73,true,multi,64,64,0.0183195267,2.45231348e-05,0.0077654827,0.0115689778,0.0134454493,0.01130287,1.01196999e-06,1.01196999e-07,true,0.755082555,26.3540982,1595,0.0623869587,e818c6384e9722b8ea6a04ecc13483e9331c522f,0ce3ba605bfa0bb6fcfc2a988437c850d45e3e63,LineGaussRegularization,2026-09-07 17:37:35,
R1,dji9443_20260813_23_73_capped_captess4.msh,8016,fgmres_fgs,23,0.00611111111,22.7744391,20.332605,23,23,1,true,extrap,1,-1,3,,,,p=6;mac=0.3;leaf=50;inner=10;sweeps=5;rtol=1.0e-6,17,0.65,6,36,73,true,multi,64,64,0.0198746879,2.66053091e-05,0.00842470894,0.0125510696,0.0145868417,0.0122623775,1.09787679e-06,1.09787679e-07,true,0.763058954,22.0113801,1675,0.0582300644,e818c6384e9722b8ea6a04ecc13483e9331c522f,0ce3ba605bfa0bb6fcfc2a988437c850d45e3e63,LineGaussRegularization,2026-09-07 17:37:35,
R1,dji9443_20260813_23_73_capped_captess4.msh,8016,fgmres_fgs,24,0.00638888889,19.9243314,17.4641937,21,21,1,true,extrap,1,-1,3,,,,p=6;mac=0.3;leaf=50;inner=10;sweeps=5;rtol=1.0e-6,17,0.65,6,36,73,true,multi,64,64,0.0214699586,2.87375856e-05,0.00910092823,0.0135585023,0.0157576599,0.0132466328,1.18599918e-06,1.18599918e-07,true,0.860986532,19.0633449,1755,0.0544383955,e818c6384e9722b8ea6a04ecc13483e9331c522f,0ce3ba605bfa0bb6fcfc2a988437c850d45e3e63,LineGaussRegularization,2026-09-07 17:37:35,
R1,dji9443_20260813_23_73_capped_captess4.msh,8016,fgmres_fgs,25,0.00666666667,22.3297053,18.8160878,18,18,1,true,extrap,1,-1,3,,,,p=6;mac=0.3;leaf=50;inner=10;sweeps=5;rtol=1.0e-6,17,0.65,6,36,73,true,multi,64,64,0.0231024579,3.09245843e-05,0.00979292922,0.0145894294,0.0169558366,0.0142538607,1.2761789e-06,1.2761789e-07,true,0.843713882,21.4859914,1836,0.0509463634,e818c6384e9722b8ea6a04ecc13483e9331c522f,0ce3ba605bfa0bb6fcfc2a988437c850d45e3e63,LineGaussRegularization,2026-09-07 17:37:35,
R1,dji9443_20260813_23_73_capped_captess4.msh,8016,fgmres_fgs,26,0.00694444444,15.1731935,12.6264425,13,13,1,true,extrap,1,-1,3,,,,p=6;mac=0.3;leaf=50;inner=10;sweeps=5;rtol=1.0e-6,17,0.65,6,36,73,true,multi,64,64,0.0247693526,3.31506618e-05,0.0104995073,0.0156421039,0.018179223,0.0152823097,1.36825769e-06,1.36825769e-07,true,0.917652854,14.2555406,1917,0.0476653778,e818c6384e9722b8ea6a04ecc13483e9331c522f,0ce3ba605bfa0bb6fcfc2a988437c850d45e3e63,LineGaussRegularization,2026-09-07 17:37:35,
R1,dji9443_20260813_23_73_capped_captess4.msh,8016,fgmres_fgs,27,0.00722222222,12.5445081,10.1614843,10,10,1,true,extrap,1,-1,3,,,,p=6;mac=0.3;leaf=50;inner=10;sweeps=5;rtol=1.0e-6,17,0.65,6,36,73,true,multi,64,64,0.0264677244,3.5423613e-05,0.011219457,0.0167146655,0.0194257508,0.0163301993,1.46207731e-06,1.46207731e-07,true,0.784460405,11.7600477,1995,0.0445059957,e818c6384e9722b8ea6a04ecc13483e9331c522f,0ce3ba605bfa0bb6fcfc2a988437c850d45e3e63,LineGaussRegularization,2026-09-07 17:37:35,
R1,dji9443_20260813_23_73_capped_captess4.msh,8016,fgmres_fgs,28,0.0075,9.46338387,6.45377363,7,7,1,true,extrap,1,-1,3,,,,p=6;mac=0.3;leaf=50;inner=10;sweeps=5;rtol=1.0e-6,17,0.65,6,36,73,true,multi,64,64,0.028194804,3.77467284e-05,0.0119515378,0.0178053191,0.0206933034,0.0173957647,1.55747949e-06,1.55747949e-07,true,0.8198195,8.64356437,2073,0.0413816342,e818c6384e9722b8ea6a04ecc13483e9331c522f,0ce3ba605bfa0bb6fcfc2a988437c850d45e3e63,LineGaussRegularization,2026-09-07 17:37:35,
R1,dji9443_20260813_23_73_capped_captess4.msh,8016,fgmres_fgs,29,0.00777777778,8.64990178,5.92486308,6,6,1,true,extrap,1,-1,3,,,,p=6;mac=0.3;leaf=50;inner=10;sweeps=5;rtol=1.0e-6,17,0.65,6,36,73,true,multi,64,64,0.0299476346,4.00954111e-05,0.0126945508,0.0189122597,0.0219797865,0.0184772394,1.65430597e-06,1.65430597e-07,true,0.839461216,7.81044056,2153,0.0382184218,e818c6384e9722b8ea6a04ecc13483e9331c522f,0ce3ba605bfa0bb6fcfc2a988437c850d45e3e63,LineGaussRegularization,2026-09-07 17:37:35,
R1,dji9443_20260813_23_73_capped_captess4.msh,8016,fgmres_fgs,30,0.00805555556,7.50007262,4.89220127,5,5,1,true,extrap,1,-1,3,,,,p=6;mac=0.3;leaf=50;inner=10;sweeps=5;rtol=1.0e-6,17,0.65,6,36,73,true,multi,64,64,0.0317233775,4.24693224e-05,0.0134472673,0.0200336517,0.0232830803,0.0195728457,1.75239851e-06,1.75239851e-07,true,0.823409152,6.67666347,2234,0.0349452439,e818c6384e9722b8ea6a04ecc13483e9331c522f,0ce3ba605bfa0bb6fcfc2a988437c850d45e3e63,LineGaussRegularization,2026-09-07 17:37:35,
R1,dji9443_20260813_23_73_capped_captess4.msh,8016,fgmres_fgs,31,0.00833333333,7.06518899,4.27704451,4,4,1,true,extrap,1,-1,3,,,,p=6;mac=0.3;leaf=50;inner=10;sweeps=5;rtol=1.0e-6,17,0.65,6,36,73,true,multi,64,64,0.0335191969,4.48711256e-05,0.0142084815,0.0211677308,0.0246010932,0.020680832,1.85159884e-06,1.85159884e-07,true,0.862928055,6.20226093,2311,0.0314805457,e818c6384e9722b8ea6a04ecc13483e9331c522f,0ce3ba605bfa0bb6fcfc2a988437c850d45e3e63,LineGaussRegularization,2026-09-07 17:37:35,
R1,dji9443_20260813_23_73_capped_captess4.msh,8016,fgmres_fgs,32,0.00861111111,6.7712093,4.04083382,4,4,1,true,extrap,1,-1,3,,,,p=6;mac=0.3;leaf=50;inner=10;sweeps=5;rtol=1.0e-6,17,0.65,6,36,73,true,multi,64,64,0.0353322026,4.72800457e-05,0.014977015,0.022312638,0.0259317166,0.0217994242,1.95174871e-06,1.95174871e-07,true,0.845369785,5.92583951,2389,0.0277284177,e818c6384e9722b8ea6a04ecc13483e9331c522f,0ce3ba605bfa0bb6fcfc2a988437c850d45e3e63,LineGaussRegularization,2026-09-07 17:37:35,
R1,dji9443_20260813_23_73_capped_captess4.msh,8016,fgmres_fgs,33,0.00888888889,7.25153433,4.51675032,3,3,1,true,extrap,1,-1,3,,,,p=6;mac=0.3;leaf=50;inner=10;sweeps=5;rtol=1.0e-6,17,0.65,6,36,73,true,multi,64,64,0.037159545,4.97472082e-05,0.0157516094,0.0234666318,0.0272728703,0.0229268615,2.05268986e-06,2.05268986e-07,true,0.7517453,6.49978903,2469,0.0236125784,e818c6384e9722b8ea6a04ecc13483e9331c522f,0ce3ba605bfa0bb6fcfc2a988437c850d45e3e63,LineGaussRegularization,2026-09-07 17:37:35,
R1,dji9443_20260813_23_73_capped_captess4.msh,8016,fgmres_fgs,34,0.00916666667,6.16604749,3.36390796,3,3,1,true,extrap,1,-1,3,,,,p=6;mac=0.3;leaf=50;inner=10;sweeps=5;rtol=1.0e-6,17,0.65,6,36,73,true,multi,64,64,0.0389983051,5.21990935e-05,0.0165310396,0.0246278142,0.0286224368,0.0240613501,2.15426403e-06,2.15426403e-07,true,0.749259332,5.41678816,2541,0.0191008363,e818c6384e9722b8ea6a04ecc13483e9331c522f,0ce3ba605bfa0bb6fcfc2a988437c850d45e3e63,LineGaussRegularization,2026-09-07 17:37:35,
R1,dji9443_20260813_23_73_capped_captess4.msh,8016,fgmres_fgs,35,0.00944444444,6.66567696,3.87635971,3,3,1,true,extrap,1,-1,3,,,,p=6;mac=0.3;leaf=50;inner=10;sweeps=5;rtol=1.0e-6,17,0.65,6,36,73,true,multi,64,64,0.0408456746,5.46723633e-05,0.0173141126,0.0257945296,0.0299782944,0.0252011805,2.25631298e-06,2.25631298e-07,true,0.733237954,5.932439,2619,0.0142350994,e818c6384e9722b8ea6a04ecc13483e9331c522f,0ce3ba605bfa0bb6fcfc2a988437c850d45e3e63,LineGaussRegularization,2026-09-07 17:37:35,
R1,dji9443_20260813_23_73_capped_captess4.msh,8016,fgmres_fgs,36,0.00972222222,6.58688384,3.6056432,3,3,1,true,extrap,1,-1,3,,,,p=6;mac=0.3;leaf=50;inner=10;sweeps=5;rtol=1.0e-6,17,0.65,6,36,73,true,multi,64,64,0.0426987799,5.71470206e-05,0.0180996498,0.0269647772,0.0313383827,0.026344507,2.35867844e-06,2.35867844e-07,true,0.854161609,5.73272223,2692,0.00913078749,e818c6384e9722b8ea6a04ecc13483e9331c522f,0ce3ba605bfa0bb6fcfc2a988437c850d45e3e63,LineGaussRegularization,2026-09-07 17:37:35,
R1,dji9443_20260813_23_73_capped_captess4.msh,8016,fgmres_fgs,37,0.01,5.1902825,1.68630096,1,1,1,true,extrap,1,-1,3,,,,p=6;mac=0.3;leaf=50;inner=10;sweeps=5;rtol=1.0e-6,17,0.65,6,36,73,true,multi,64,64,0.0445547321,5.96418307e-05,0.0188863599,0.0281367919,0.0327005462,0.0274896029,2.46120215e-06,2.46120215e-07,true,0.852795067,4.33748744,2765,0.00394339065,e818c6384e9722b8ea6a04ecc13483e9331c522f,0ce3ba605bfa0bb6fcfc2a988437c850d45e3e63,LineGaussRegularization,2026-09-07 17:37:35,
R1,dji9443_20260813_23_73_capped_captess4.msh,8016,fgmres_fgs,38,0.0102777778,6.60810648,3.48922656,3,3,1,true,extrap,1,-1,3,,,,p=6;mac=0.3;leaf=50;inner=10;sweeps=5;rtol=1.0e-6,17,0.65,6,36,73,true,multi,64,64,0.0464107018,6.21421837e-05,0.0196730686,0.0293088584,0.034062691,0.0286347034,2.56372586e-06,2.56372586e-07,true,0.850334798,5.75777168,2845,-0.00115234567,e818c6384e9722b8ea6a04ecc13483e9331c522f,0ce3ba605bfa0bb6fcfc2a988437c850d45e3e63,LineGaussRegularization,2026-09-07 17:37:35,
R1,dji9443_20260813_23_73_capped_captess4.msh,8016,fgmres_fgs,39,0.0105555556,6.09700106,3.10417485,3,3,1,true,extrap,1,-1,3,,,,p=6;mac=0.3;leaf=50;inner=10;sweeps=5;rtol=1.0e-6,17,0.65,6,36,73,true,multi,64,64,0.0482638543,6.46396976e-05,0.0204586125,0.0304791208,0.0354227854,0.0297780481,2.66609132e-06,2.66609132e-07,true,0.746110623,5.35089044,2919,-0.00597277562,e818c6384e9722b8ea6a04ecc13483e9331c522f,0ce3ba605bfa0bb6fcfc2a988437c850d45e3e63,LineGaussRegularization,2026-09-07 17:37:35,
R1,dji9443_20260813_23_73_capped_captess4.msh,8016,fgmres_fgs,40,0.0108333333,6.50556502,3.3742335,3,3,1,true,extrap,1,-1,3,,,,p=6;mac=0.3;leaf=50;inner=10;sweeps=5;rtol=1.0e-6,17,0.65,6,36,73,true,multi,64,64,0.0501112082,6.70608053e-05,0.0212417112,0.0316457611,0.0367786476,0.0309178495,2.76814026e-06,2.76814026e-07,true,0.761245234,5.74431978,2992,-0.010384071,e818c6384e9722b8ea6a04ecc13483e9331c522f,0ce3ba605bfa0bb6fcfc2a988437c850d45e3e63,LineGaussRegularization,2026-09-07 17:37:35,
R1,dji9443_20260813_23_73_capped_captess4.msh,8016,fgmres_fgs,41,0.0111111111,6.53476264,3.37597219,3,3,1,true,extrap,1,-1,3,,,,p=6;mac=0.3;leaf=50;inner=10;sweeps=5;rtol=1.0e-6,17,0.65,6,36,73,true,multi,64,64,0.0519499844,6.95415994e-05,0.0220211292,0.0328069625,0.0381281781,0.0320523423,2.86971444e-06,2.86971444e-07,true,0.7610412,5.77372144,3067,-0.0143183915,e818c6384e9722b8ea6a04ecc13483e9331c522f,0ce3ba605bfa0bb6fcfc2a988437c850d45e3e63,LineGaussRegularization,2026-09-07 17:37:35,
R1,dji9443_20260813_23_73_capped_captess4.msh,8016,fgmres_fgs,42,0.0113888889,7.20518485,3.99036128,4,4,1,true,extrap,1,-1,3,,,,p=6;mac=0.3;leaf=50;inner=10;sweeps=5;rtol=1.0e-6,17,0.65,6,36,73,true,multi,64,64,0.0537773118,7.1993279e-05,0.0227957244,0.0339609294,0.039469359,0.0331797762,2.97065559e-06,2.97065559e-07,true,0.765978931,6.43920592,3145,-0.0177846653,e818c6384e9722b8ea6a04ecc13483e9331c522f,0ce3ba605bfa0bb6fcfc2a988437c850d45e3e63,LineGaussRegularization,2026-09-07 17:37:35,
R1,dji9443_20260813_23_73_capped_captess4.msh,8016,fgmres_fgs,43,0.0116666667,7.39718117,3.87939273,4,4,1,true,extrap,1,-1,3,,,,p=6;mac=0.3;leaf=50;inner=10;sweeps=5;rtol=1.0e-6,17,0.65,6,36,73,true,multi,64,64,0.0555902961,7.44142064e-05,0.0235642396,0.035105839,0.0407999785,0.0342983648,3.07080546e-06,3.07080546e-07,true,0.840769739,6.55641143,3220,-0.0208473904,e818c6384e9722b8ea6a04ecc13483e9331c522f,0ce3ba605bfa0bb6fcfc2a988437c850d45e3e63,LineGaussRegularization,2026-09-07 17:37:35,
R1,dji9443_20260813_23_73_capped_captess4.msh,8016,fgmres_fgs,44,0.0119444444,7.99278529,4.59991698,5,5,1,true,extrap,1,-1,3,,,,p=6;mac=0.3;leaf=50;inner=10;sweeps=5;rtol=1.0e-6,17,0.65,6,36,73,true,multi,64,64,0.057386117,7.68049934e-05,0.024325457,0.0362399507,0.042118016,0.0354063605,3.17000579e-06,3.17000579e-07,true,0.757561832,7.23522346,3296,-0.023608992,e818c6384e9722b8ea6a04ecc13483e9331c522f,0ce3ba605bfa0bb6fcfc2a988437c850d45e3e63,LineGaussRegularization,2026-09-07 17:37:35,
R1,dji9443_20260813_23_73_capped_captess4.msh,8016,fgmres_fgs,45,0.0122222222,17.6644822,14.1014023,6,6,1,true,extrap,1,-1,3,,,,p=6;mac=0.3;leaf=50;inner=10;sweeps=5;rtol=1.0e-6,17,0.65,6,36,73,true,multi,64,64,0.0591618607,7.92119288e-05,0.025078175,0.0373613669,0.0434213156,0.0365019828,3.26809832e-06,3.26809832e-07,true,0.863842497,16.8006397,3370,-0.0261928098,e818c6384e9722b8ea6a04ecc13483e9331c522f,0ce3ba605bfa0bb6fcfc2a988437c850d45e3e63,LineGaussRegularization,2026-09-07 17:37:35,
R1,dji9443_20260813_23_73_capped_captess4.msh,8016,fgmres_fgs,46,0.0125,20.8847843,16.732132,7,7,1,true,extrap,1,-1,3,,,,p=6;mac=0.3;leaf=50;inner=10;sweeps=5;rtol=1.0e-6,17,0.65,6,36,73,true,multi,64,64,0.0609147029,8.15601867e-05,0.0258211913,0.0384682795,0.0447077764,0.0375834473,3.36492481e-06,3.36492481e-07,true,0.869752472,20.0150318,3450,-0.0287294265,e818c6384e9722b8ea6a04ecc13483e9331c522f,0ce3ba605bfa0bb6fcfc2a988437c850d45e3e63,LineGaussRegularization,2026-09-07 17:37:35,
R1,dji9443_20260813_23_73_capped_captess4.msh,8016,fgmres_fgs,47,0.0127777778,10.5310039,6.7736674,7,7,1,true,extrap,1,-1,3,,,,p=6;mac=0.3;leaf=50;inner=10;sweeps=5;rtol=1.0e-6,17,0.65,6,36,73,true,multi,64,64,0.0626417729,8.38596133e-05,0.0265532821,0.0395589129,0.0459753604,0.0386490109,3.46032699e-06,3.46032699e-07,true,0.755323418,9.77568046,3526,-0.0313334729,e818c6384e9722b8ea6a04ecc13483e9331c522f,0ce3ba605bfa0bb6fcfc2a988437c850d45e3e63,LineGaussRegularization,2026-09-07 17:37:35,
R1,dji9443_20260813_23_73_capped_captess4.msh,8016,fgmres_fgs,48,0.0130555556,12.279532,8.65276178,9,9,1,true,extrap,1,-1,3,,,,p=6;mac=0.3;leaf=50;inner=10;sweeps=5;rtol=1.0e-6,17,0.65,6,36,73,true,multi,64,64,0.0643401956,8.61252198e-05,0.027273203,0.04063151,0.0472218608,0.0396968938,3.5541466e-06,3.5541466e-07,true,0.848928035,11.430604,3605,-0.0340913332,e818c6384e9722b8ea6a04ecc13483e9331c522f,0ce3ba605bfa0bb6fcfc2a988437c850d45e3e63,LineGaussRegularization,2026-09-07 17:37:35,
R1,dji9443_20260813_23_73_capped_captess4.msh,8016,fgmres_fgs,49,0.0133333333,15.7930069,12.1004922,13,13,1,true,extrap,1,-1,3,,,,p=6;mac=0.3;leaf=50;inner=10;sweeps=5;rtol=1.0e-6,17,0.65,6,36,73,true,multi,64,64,0.0660070618,8.83786141e-05,0.0279798387,0.0416841637,0.0484452509,0.0407253405,3.6462254e-06,3.6462254e-07,true,0.833192796,14.9598141,3680,-0.0370567665,e818c6384e9722b8ea6a04ecc13483e9331c522f,0ce3ba605bfa0bb6fcfc2a988437c850d45e3e63,LineGaussRegularization,2026-09-07 17:37:35,
R1,dji9443_20260813_23_73_capped_captess4.msh,8016,fgmres_fgs,50,0.0136111111,22.1024901,18.2633522,18,18,1,true,extrap,1,-1,3,,,,p=6;mac=0.3;leaf=50;inner=10;sweeps=5;rtol=1.0e-6,17,0.65,6,36,73,true,multi,64,64,0.0676395541,9.05450304e-05,0.028671804,0.0427150985,0.0496433845,0.0417325628,3.73640512e-06,3.73640512e-07,true,0.835656566,21.2668335,3762,-0.0402483477,e818c6384e9722b8ea6a04ecc13483e9331c522f,0ce3ba605bfa0bb6fcfc2a988437c850d45e3e63,LineGaussRegularization,2026-09-07 17:37:35,
R1,dji9443_20260813_23_73_capped_captess4.msh,8016,fgmres_fgs,51,0.0138888889,21.406436,17.3409407,21,21,1,true,extrap,1,-1,3,,,,p=6;mac=0.3;leaf=50;inner=10;sweeps=5;rtol=1.0e-6,17,0.65,6,36,73,true,multi,64,64,0.0692347781,9.26775135e-05,0.0293480275,0.0437225176,0.0508142512,0.0427168205,3.82452751e-06,3.82452751e-07,true,0.772272096,20.6341639,3839,-0.0436439476,e818c6384e9722b8ea6a04ecc13483e9331c522f,0ce3ba605bfa0bb6fcfc2a988437c850d45e3e63,LineGaussRegularization,2026-09-07 17:37:35,
R1,dji9443_20260813_23_73_capped_captess4.msh,8016,fgmres_fgs,52,0.0141666667,23.1153317,19.1323029,23,23,1,true,extrap,1,-1,3,,,,p=6;mac=0.3;leaf=50;inner=10;sweeps=5;rtol=1.0e-6,17,0.65,6,36,73,true,multi,64,64,0.0707899591,9.4756022e-05,0.0300072463,0.0447045797,0.0519556352,0.0436763279,3.91043431e-06,3.91043431e-07,true,0.749684743,22.3656469,3918,-0.0471717535,e818c6384e9722b8ea6a04ecc13483e9331c522f,0ce3ba605bfa0bb6fcfc2a988437c850d45e3e63,LineGaussRegularization,2026-09-07 17:37:35,
R1,dji9443_20260813_23_73_capped_captess4.msh,8016,fgmres_fgs,53,0.0144444444,24.7651743,20.6084462,24,24,1,true,extrap,1,-1,3,,,,p=6;mac=0.3;leaf=50;inner=10;sweeps=5;rtol=1.0e-6,17,0.65,6,36,73,true,multi,64,64,0.0723021648,9.67708664e-05,0.0306482336,0.0456595633,0.0530655129,0.0446093264,3.99396727e-06,3.99396727e-07,true,0.86896643,23.8962079,4000,-0.0507260712,e818c6384e9722b8ea6a04ecc13483e9331c522f,0ce3ba605bfa0bb6fcfc2a988437c850d45e3e63,LineGaussRegularization,2026-09-07 17:37:35,
R1,dji9443_20260813_23_73_capped_captess4.msh,8016,fgmres_fgs,54,0.0147222222,28.5710785,24.4946404,26,26,1,true,extrap,1,-1,3,,,,p=6;mac=0.3;leaf=50;inner=10;sweeps=5;rtol=1.0e-6,17,0.65,6,36,73,true,multi,64,64,0.0737685117,9.87659468e-05,0.0312697884,0.0465855892,0.0541417302,0.045514049,4.07496812e-06,4.07496812e-07,true,0.771832958,27.7992455,4082,-0.0542020267,e818c6384e9722b8ea6a04ecc13483e9331c522f,0ce3ba605bfa0bb6fcfc2a988437c850d45e3e63,LineGaussRegularization,2026-09-07 17:37:35,
R1,dji9443_20260813_23_73_capped_captess4.msh,8016,fgmres_fgs,55,0.015,26.7477272,21.8162385,26,26,1,true,extrap,1,-1,3,,,,p=6;mac=0.3;leaf=50;inner=10;sweeps=5;rtol=1.0e-6,17,0.65,6,36,73,true,multi,64,64,0.0751861499,0.000100663054,0.031870719,0.0474808538,0.0551821732,0.0463887135,4.15327862e-06,4.15327862e-07,true,0.854974636,25.8927526,4163,-0.057501199,e818c6384e9722b8ea6a04ecc13483e9331c522f,0ce3ba605bfa0bb6fcfc2a988437c850d45e3e63,LineGaussRegularization,2026-09-07 17:37:35,
R1,dji9443_20260813_23_73_capped_captess4.msh,8016,fgmres_fgs,56,0.0152777778,48.3117315,43.805552,28,28,1,true,extrap,1,-1,3,,,,p=6;mac=0.3;leaf=50;inner=10;sweeps=5;rtol=1.0e-6,17,0.65,6,36,73,true,multi,64,64,0.076552261,0.000102479061,0.0324498254,0.0483435121,0.0561848092,0.0472315571,4.2287405e-06,4.2287405e-07,true,0.754007381,47.5577241,4246,-0.060567611,e818c6384e9722b8ea6a04ecc13483e9331c522f,0ce3ba605bfa0bb6fcfc2a988437c850d45e3e63,LineGaussRegularization,2026-09-07 17:37:35,
R1,dji9443_20260813_23_73_capped_captess4.msh,8016,fgmres_fgs,57,0.0155555556,64.5943504,60.2747201,27,27,1,true,extrap,1,-1,3,,,,p=6;mac=0.3;leaf=50;inner=10;sweeps=5;rtol=1.0e-6,17,0.65,6,36,73,true,multi,64,64,0.0778639013,0.00010424431,0.0330057851,0.0491718731,0.0571474701,0.0480408133,4.30119552e-06,4.30119552e-07,true,0.735953644,63.8583967,4323,-0.0633811769,e818c6384e9722b8ea6a04ecc13483e9331c522f,0ce3ba605bfa0bb6fcfc2a988437c850d45e3e63,LineGaussRegularization,2026-09-07 17:37:35,
R1,dji9443_20260813_23_73_capped_captess4.msh,8016,fgmres_fgs,58,0.0158333333,57.5500365,53.2237224,23,23,1,true,extrap,1,-1,3,,,,p=6;mac=0.3;leaf=50;inner=10;sweeps=5;rtol=1.0e-6,17,0.65,6,36,73,true,multi,64,64,0.0791182144,0.000105937422,0.033537538,0.0499639994,0.0580680857,0.048814726,4.3704854e-06,4.3704854e-07,true,0.736752164,56.8132843,4404,-0.0659384812,e818c6384e9722b8ea6a04ecc13483e9331c522f,0ce3ba605bfa0bb6fcfc2a988437c850d45e3e63,LineGaussRegularization,2026-09-07 17:37:35,
R1,dji9443_20260813_23_73_capped_captess4.msh,8016,fgmres_fgs,59,0.0161111111,54.330292,49.9126346,22,22,1,true,extrap,1,-1,3,,,,p=6;mac=0.3;leaf=50;inner=10;sweeps=5;rtol=1.0e-6,17,0.65,6,36,73,true,multi,64,64,0.0803123833,0.000107512345,0.0340437061,0.0507181483,0.0589444861,0.0495515085,4.43645191e-06,4.43645191e-07,true,0.738522755,53.5917693,4482,-0.0682161125,e818c6384e9722b8ea6a04ecc13483e9331c522f,0ce3ba605bfa0bb6fcfc2a988437c850d45e3e63,LineGaussRegularization,2026-09-07 17:37:35,
R1,dji9443_20260813_23_73_capped_captess4.msh,8016,fgmres_fgs,60,0.0163888889,58.0760199,53.4917291,22,22,1,true,extrap,1,-1,3,,,,p=6;mac=0.3;leaf=50;inner=10;sweeps=5;rtol=1.0e-6,17,0.65,6,36,73,true,multi,64,64,0.0814435108,0.000109029574,0.0345231995,0.0514324525,0.0597747533,0.0502494131,4.49893678e-06,4.49893678e-07,true,0.754616097,57.3214038,4563,-0.0702358729,e818c6384e9722b8ea6a04ecc13483e9331c522f,0ce3ba605bfa0bb6fcfc2a988437c850d45e3e63,LineGaussRegularization,2026-09-07 17:37:35,
R1,dji9443_20260813_23_73_capped_captess4.msh,8016,fgmres_fgs,61,0.0166666667,25.4816678,20.7628599,17,17,1,true,extrap,1,-1,3,,,,p=6;mac=0.3;leaf=50;inner=10;sweeps=5;rtol=1.0e-6,17,0.65,6,36,73,true,multi,64,64,0.0825087982,0.00011044268,0.0349747574,0.0521051524,0.060556553,0.0509066684,4.55778175e-06,4.55778175e-07,true,0.819385121,24.6622827,4645,-0.0720160346,e818c6384e9722b8ea6a04ecc13483e9331c522f,0ce3ba605bfa0bb6fcfc2a988437c850d45e3e63,LineGaussRegularization,2026-09-07 17:37:35,
R1,dji9443_20260813_23_73_capped_captess4.msh,8016,fgmres_fgs,62,0.0169444444,26.9989502,22.2925239,13,13,1,true,extrap,1,-1,3,,,,p=6;mac=0.3;leaf=50;inner=10;sweeps=5;rtol=1.0e-6,17,0.65,6,36,73,true,multi,64,64,0.0835053128,0.00011176458,0.0353971486,0.0527344782,0.0612879674,0.0515214977,4.61282857e-06,4.61282857e-07,true,0.842810608,26.1561396,4726,-0.0735578568,e818c6384e9722b8ea6a04ecc13483e9331c522f,0ce3ba605bfa0bb6fcfc2a988437c850d45e3e63,LineGaussRegularization,2026-09-07 17:37:35,
R1,dji9443_20260813_23_73_capped_captess4.msh,8016,fgmres_fgs,63,0.0172222222,25.6509482,20.8763918,10,10,1,true,extrap,1,-1,3,,,,p=6;mac=0.3;leaf=50;inner=10;sweeps=5;rtol=1.0e-6,17,0.65,6,36,73,true,multi,64,64,0.0844302019,0.000113042159,0.0357891785,0.0533185703,0.0619667805,0.0520921459,4.66391898e-06,4.66391898e-07,true,0.736519141,24.914429,4809,-0.0748731729,e818c6384e9722b8ea6a04ecc13483e9331c522f,0ce3ba605bfa0bb6fcfc2a988437c850d45e3e63,LineGaussRegularization,2026-09-07 17:37:35,
R1,dji9443_20260813_23_73_capped_captess4.msh,8016,fgmres_fgs,64,0.0175,14.2716542,8.82746044,7,7,1,true,extrap,1,-1,3,,,,p=6;mac=0.3;leaf=50;inner=10;sweeps=5;rtol=1.0e-6,17,0.65,6,36,73,true,multi,64,64,0.0852805876,0.000114180967,0.0361496576,0.0538555989,0.062590892,0.0526168232,4.71089473e-06,4.71089473e-07,true,0.722893704,13.5487605,4891,-0.0759993482,e818c6384e9722b8ea6a04ecc13483e9331c522f,0ce3ba605bfa0bb6fcfc2a988437c850d45e3e63,LineGaussRegularization,2026-09-07 17:37:35,
R1,dji9443_20260813_23_73_capped_captess4.msh,8016,fgmres_fgs,65,0.0177777778,19.452289,14.0440789,6,6,1,true,extrap,1,-1,3,,,,p=6;mac=0.3;leaf=50;inner=10;sweeps=5;rtol=1.0e-6,17,0.65,6,36,73,true,multi,64,64,0.0860536736,0.000115197091,0.0364773988,0.0543437643,0.0631582771,0.0530937797,4.75359756e-06,4.75359756e-07,true,0.83197355,18.6203155,4975,-0.0769754021,e818c6384e9722b8ea6a04ecc13483e9331c522f,0ce3ba605bfa0bb6fcfc2a988437c850d45e3e63,LineGaussRegularization,2026-09-07 17:37:35,
R1,dji9443_20260813_23_73_capped_captess4.msh,8016,fgmres_fgs,66,0.0180555556,15.8015617,12.6535504,5,5,1,true,extrap,1,-1,3,,,,p=6;mac=0.3;leaf=50;inner=10;sweeps=5;rtol=1.0e-6,17,0.65,6,36,73,true,multi,64,64,0.0867464833,0.000116139552,0.0367710358,0.0547813102,0.0636667598,0.0535212342,4.79186921e-06,4.79186921e-07,true,0.837649119,14.9639126,5055,-0.077843595,e818c6384e9722b8ea6a04ecc13483e9331c522f,0ce3ba605bfa0bb6fcfc2a988437c850d45e3e63,LineGaussRegularization,2026-09-07 17:37:35,
R1,dji9443_20260813_23_73_capped_captess4.msh,8016,fgmres_fgs,67,0.0183333333,13.254036,10.5405609,4,4,1,true,extrap,1,-1,3,,,,p=6;mac=0.3;leaf=50;inner=10;sweeps=5;rtol=1.0e-6,17,0.65,6,36,73,true,multi,64,64,0.0873562071,0.000116967596,0.0370295526,0.0551663783,0.0641142835,0.0538974395,4.82555143e-06,4.82555143e-07,true,0.750509899,12.5035261,5133,-0.0786270271,e818c6384e9722b8ea6a04ecc13483e9331c522f,0ce3ba605bfa0bb6fcfc2a988437c850d45e3e63,LineGaussRegularization,2026-09-07 17:37:35,
R1,dji9443_20260813_23_73_capped_captess4.msh,8016,fgmres_fgs,68,0.0186111111,10.4523726,7.49567536,3,3,1,true,extrap,1,-1,3,,,,p=6;mac=0.3;leaf=50;inner=10;sweeps=5;rtol=1.0e-6,17,0.65,6,36,73,true,multi,64,64,0.0878799858,0.000117648032,0.0372515466,0.0554971726,0.0644986571,0.0542206061,4.85448595e-06,4.85448595e-07,true,0.875863978,9.57650867,5216,-0.0793384979,e818c6384e9722b8ea6a04ecc13483e9331c522f,0ce3ba605bfa0bb6fcfc2a988437c850d45e3e63,LineGaussRegularization,2026-09-07 17:37:35,
R1,dji9443_20260813_23_73_capped_captess4.msh,8016,fgmres_fgs,69,0.0188888889,10.9917375,8.03738983,3,3,1,true,extrap,1,-1,3,,,,p=6;mac=0.3;leaf=50;inner=10;sweeps=5;rtol=1.0e-6,17,0.65,6,36,73,true,multi,64,64,0.0883149414,0.000118228348,0.0374359399,0.055771837,0.0648179828,0.0544889838,4.87851454e-06,4.87851454e-07,true,0.746338349,10.2453992,5297,-0.0799500191,e818c6384e9722b8ea6a04ecc13483e9331c522f,0ce3ba605bfa0bb6fcfc2a988437c850d45e3e63,LineGaussRegularization,2026-09-07 17:37:35,
R1,dji9443_20260813_23_73_capped_captess4.msh,8016,fgmres_fgs,70,0.0191666667,7.46894211,4.72629456,3,3,1,true,extrap,1,-1,3,,,,p=6;mac=0.3;leaf=50;inner=10;sweeps=5;rtol=1.0e-6,17,0.65,6,36,73,true,multi,64,64,0.0886582822,0.000118674459,0.0375814746,0.0559886025,0.0650699049,0.0547008052,4.89747892e-06,4.89747892e-07,true,0.765086606,6.70385551,5378,-0.0804081143,e818c6384e9722b8ea6a04ecc13483e9331c522f,0ce3ba605bfa0bb6fcfc2a988437c850d45e3e63,LineGaussRegularization,2026-09-07 17:37:35,
R1,dji9443_20260813_23_73_capped_captess4.msh,8016,fgmres_fgs,71,0.0194444444,6.37976539,3.44859522,3,3,1,true,extrap,1,-1,3,,,,p=6;mac=0.3;leaf=50;inner=10;sweeps=5;rtol=1.0e-6,17,0.65,6,36,73,true,multi,64,64,0.0889070575,0.000118994653,0.0376869037,0.0561457266,0.0652525352,0.0548542961,4.91122084e-06,4.91122084e-07,true,0.888818494,5.4909469,5456,-0.0806536403,e818c6384e9722b8ea6a04ecc13483e9331c522f,0ce3ba605bfa0bb6fcfc2a988437c850d45e3e63,LineGaussRegularization,2026-09-07 17:37:35,
R1,dji9443_20260813_23_73_capped_captess4.msh,8016,fgmres_fgs,72,0.0197222222,6.26555787,3.53123418,3,3,1,true,extrap,1,-1,3,,,,p=6;mac=0.3;leaf=50;inner=10;sweeps=5;rtol=1.0e-6,17,0.65,6,36,73,true,multi,64,64,0.0890584375,0.00011923893,0.0377510434,0.0562413513,0.0653636255,0.0549476964,4.91958205e-06,4.91958205e-07,true,0.748595778,5.51696209,5534,-0.0806687938,e818c6384e9722b8ea6a04ecc13483e9331c522f,0ce3ba605bfa0bb6fcfc2a988437c850d45e3e63,LineGaussRegularization,2026-09-07 17:37:35,
R1,dji9443_20260813_23_73_capped_captess4.msh,8016,fgmres_fgs,73,0.02,5.68213482,1.97397591,1,1,1,true,extrap,1,-1,3,5614,83240.9524,,p=6;mac=0.3;leaf=50;inner=10;sweeps=5;rtol=1.0e-6,17,0.65,6,36,73,true,multi,64,64,0.0891095115,0.000119291834,0.0377727052,0.0562736054,0.0654010953,0.0549792164,4.92240429e-06,4.92240429e-07,true,0.840207787,4.84192704,5614,-0.0804190554,e818c6384e9722b8ea6a04ecc13483e9331c522f,0ce3ba605bfa0bb6fcfc2a988437c850d45e3e63,LineGaussRegularization,2026-09-07 17:37:35,
R1,dji9443_20260813_23_73_capped_captess4.msh,8016,fgs,1,0,49.2965005,6.56758769,6,6,1,true,cold,0,-1,3,,,29.2573252,p=6;mac=0.3;leaf=50;inner=10;tol_abs=1.7658196265827666e-8,17,0.65,6,36,73,true,multi,64,64,9.12186497e-09,1.62413485e-14,3.09478704e-10,6.39467689e-10,1.17976314e-09,1.18868651e-09,1.76581963e-08,1.76581963e-09,false,1.03466845,48.261832,0,0.0533282518,e818c6384e9722b8ea6a04ecc13483e9331c522f,0ce3ba605bfa0bb6fcfc2a988437c850d45e3e63,LineGaussRegularization,2026-09-07 17:45:51,"RHPC setup-only include; t_solve = solve_formulation! wall (incl. the per-step Dirichlet source-potential assembly inside solve!); t_step from maneuver! deltas; niter now recorded for FGS as well as Krylov (Phase 3); niter=-1 means a direct solve. niter is the LAST inner solve of the step (legacy diagnostic); niter_first is the FIRST and is the warmstart comparison metric; nsolves is the per-body solve count of the step (must be 1 for a one-body run; -1 = unavailable); solved is the AND of the step's inner convergence flags. Wake-developed averages should drop the first skip_steps rows. bcerr_* are order statistics of the per-panel Dirichlet BC residual |phi_sigma + G_mu x| from ONE bc_error! pass per step; bcerr_tol is THIS arm's own effective absolute acceptance level, so bcerr_max <= bcerr_tol is the arm's promise checked independently. The pass requests an absolute FMM error of bcerr_eps = BCERR_SAFETY * bcerr_tol, so the instrument is ~10x sharper than the acceptance level by construction; bcerr_certified=false means some M2L pair could not certify that bound and the row is UNCERTIFIED. The pass is EXCLUDED from t_solve, but NOT from t_step_total (it lies inside the maneuver!-to-maneuver! window); use t_step_net = t_step_total - t_bcerr for full-timestep share. Its own cost is t_bcerr (~62% of t_solve at R1 — it certifies to 10x below tol_abs, so the FMM climbs its order). BCERR_EVERY>1 subsamples it; skipped steps write EMPTY bcerr_* cells, never a fabricated value. n_particles and CT are per-step identity REPORTING, not assertions: the wake is chaotic, so small differences compound and exact trajectory identity is not expected. CT requires RUN_MONITORS=true (default under PHASE=phase3)."
R1,dji9443_20260813_23_73_capped_captess4.msh,8016,fgs,2,0.000277777778,5.8179795,1.97231913,6,6,1,true,cold,0,-1,3,,,,p=6;mac=0.3;leaf=50;inner=10;tol_abs=1.7658196265827666e-8,17,0.65,6,36,73,true,multi,64,64,5.10898494e-05,6.75410748e-08,2.16554915e-05,3.22648016e-05,3.74994209e-05,3.15221055e-05,1.76581963e-08,1.76581963e-09,false,0.439946213,5.37803329,0,0.0738110455,e818c6384e9722b8ea6a04ecc13483e9331c522f,0ce3ba605bfa0bb6fcfc2a988437c850d45e3e63,LineGaussRegularization,2026-09-07 17:45:51,
R1,dji9443_20260813_23_73_capped_captess4.msh,8016,fgs,3,0.000555555556,4.3840939,1.25131046,6,6,1,true,cold,0,-1,3,,,,p=6;mac=0.3;leaf=50;inner=10;tol_abs=1.7658196265827666e-8,17,0.65,6,36,73,true,multi,64,64,0.000202451555,2.70073558e-07,8.58156557e-05,0.000127850358,0.000148590566,0.000124909893,1.76581963e-08,1.76581963e-09,false,0.331521724,4.05257218,84,0.0913694906,e818c6384e9722b8ea6a04ecc13483e9331c522f,0ce3ba605bfa0bb6fcfc2a988437c850d45e3e63,LineGaussRegularization,2026-09-07 17:45:51,
R1,dji9443_20260813_23_73_capped_captess4.msh,8016,fgs,4,0.000833333333,2.61688246,1.33149002,6,6,1,true,cold,0,-1,3,,,,p=6;mac=0.3;leaf=50;inner=10;tol_abs=1.7658196265827666e-8,17,0.65,6,36,73,true,multi,64,64,0.000451219355,6.02998406e-07,0.000191265946,0.000284950842,0.000331171644,0.000278395917,1.76581963e-08,1.76581963e-09,false,0.348572736,2.26830972,168,0.100586353,e818c6384e9722b8ea6a04ecc13483e9331c522f,0ce3ba605bfa0bb6fcfc2a988437c850d45e3e63,LineGaussRegularization,2026-09-07 17:45:51,
R1,dji9443_20260813_23_73_capped_captess4.msh,8016,fgs,5,0.00111111111,2.60457586,1.30891447,6,6,1,true,cold,0,-1,3,,,,p=6;mac=0.3;leaf=50;inner=10;tol_abs=1.7658196265827666e-8,17,0.65,6,36,73,true,multi,64,64,0.000794528554,1.0623003e-06,0.000336791745,0.000501754657,0.000583140101,0.000490212443,1.76581963e-08,1.76581963e-09,false,0.359478988,2.24509687,249,0.105160563,e818c6384e9722b8ea6a04ecc13483e9331c522f,0ce3ba605bfa0bb6fcfc2a988437c850d45e3e63,LineGaussRegularization,2026-09-07 17:45:51,
R1,dji9443_20260813_23_73_capped_captess4.msh,8016,fgs,6,0.00138888889,2.59306708,1.20651373,6,6,1,true,cold,0,-1,3,,,,p=6;mac=0.3;leaf=50;inner=10;tol_abs=1.7658196265827666e-8,17,0.65,6,36,73,true,multi,64,64,0.00122951419,1.64473504e-06,0.000521177975,0.000776454124,0.000902394273,0.000758592019,1.76581963e-08,1.76581963e-09,false,0.344601004,2.24846608,329,0.107104907,e818c6384e9722b8ea6a04ecc13483e9331c522f,0ce3ba605bfa0bb6fcfc2a988437c850d45e3e63,LineGaussRegularization,2026-09-07 17:45:51,
R1,dji9443_20260813_23_73_capped_captess4.msh,8016,fgs,7,0.00166666667,2.72106268,1.24734312,6,6,1,true,cold,0,-1,3,,,,p=6;mac=0.3;leaf=50;inner=10;tol_abs=1.7658196265827666e-8,17,0.65,6,36,73,true,multi,64,64,0.00175331184,2.34579542e-06,0.000743211319,0.0011072363,0.00128683,0.00108176687,1.76581963e-08,1.76581963e-09,false,0.352727113,2.36833557,408,0.107517314,e818c6384e9722b8ea6a04ecc13483e9331c522f,0ce3ba605bfa0bb6fcfc2a988437c850d45e3e63,LineGaussRegularization,2026-09-07 17:45:51,
R1,dji9443_20260813_23_73_capped_captess4.msh,8016,fgs,8,0.00194444444,2.64936103,1.17674501,6,6,1,true,cold,0,-1,3,,,,p=6;mac=0.3;leaf=50;inner=10;tol_abs=1.7658196265827666e-8,17,0.65,6,36,73,true,multi,64,64,0.00236305557,3.16205045e-06,0.00100167603,0.00149229554,0.00173434562,0.00145796939,1.76581963e-08,1.76581963e-09,false,0.331543495,2.31781754,491,0.107007576,e818c6384e9722b8ea6a04ecc13483e9331c522f,0ce3ba605bfa0bb6fcfc2a988437c850d45e3e63,LineGaussRegularization,2026-09-07 17:45:51,
R1,dji9443_20260813_23_73_capped_captess4.msh,8016,fgs,9,0.00222222222,3.00288711,1.41978123,6,6,1,true,cold,0,-1,3,,,,p=6;mac=0.3;leaf=50;inner=10;tol_abs=1.7658196265827666e-8,17,0.65,6,36,73,true,multi,64,64,0.00305588109,4.08945176e-06,0.0012953589,0.00192982395,0.00224283855,0.00188543235,1.76581963e-08,1.76581963e-09,false,0.258379551,2.74450756,569,0.105904355,e818c6384e9722b8ea6a04ecc13483e9331c522f,0ce3ba605bfa0bb6fcfc2a988437c850d45e3e63,LineGaussRegularization,2026-09-07 17:45:51,
R1,dji9443_20260813_23_73_capped_captess4.msh,8016,fgs,10,0.0025,3.31746916,1.39674414,6,6,1,true,cold,0,-1,3,,,,p=6;mac=0.3;leaf=50;inner=10;tol_abs=1.7658196265827666e-8,17,0.65,6,36,73,true,multi,64,64,0.00382892376,5.12438156e-06,0.00162304337,0.00241800825,0.00281020588,0.00236238769,1.76581963e-08,1.76581963e-09,false,0.244998885,3.07247027,649,0.104390225,e818c6384e9722b8ea6a04ecc13483e9331c522f,0ce3ba605bfa0bb6fcfc2a988437c850d45e3e63,LineGaussRegularization,2026-09-07 17:45:51,
R1,dji9443_20260813_23_73_capped_captess4.msh,8016,fgs,11,0.00277777778,3.13557043,1.56579067,6,6,1,true,cold,0,-1,3,,,,p=6;mac=0.3;leaf=50;inner=10;tol_abs=1.7658196265827666e-8,17,0.65,6,36,73,true,multi,64,64,0.00467931827,6.26276125e-06,0.00198351997,0.00295503966,0.00343434479,0.00288706791,1.76581963e-08,1.76581963e-09,false,0.272705937,2.86286449,730,0.102560369,e818c6384e9722b8ea6a04ecc13483e9331c522f,0ce3ba605bfa0bb6fcfc2a988437c850d45e3e63,LineGaussRegularization,2026-09-07 17:45:51,
R1,dji9443_20260813_23_73_capped_captess4.msh,8016,fgs,12,0.00305555556,2.78721039,1.19598805,6,6,1,true,cold,0,-1,3,,,,p=6;mac=0.3;leaf=50;inner=10;tol_abs=1.7658196265827666e-8,17,0.65,6,36,73,true,multi,64,64,0.00560420015,7.50098325e-06,0.00237556898,0.00353911076,0.00411315302,0.00345770578,1.76581963e-08,1.76581963e-09,false,0.259598014,2.52761238,810,0.100456146,e818c6384e9722b8ea6a04ecc13483e9331c522f,0ce3ba605bfa0bb6fcfc2a988437c850d45e3e63,LineGaussRegularization,2026-09-07 17:45:51,
R1,dji9443_20260813_23_73_capped_captess4.msh,8016,fgs,13,0.00333333333,2.98140205,1.34725186,6,6,1,true,cold,0,-1,3,,,,p=6;mac=0.3;leaf=50;inner=10;tol_abs=1.7658196265827666e-8,17,0.65,6,36,73,true,multi,64,64,0.00660070403,8.83504509e-06,0.00279797822,0.00416841449,0.00484452749,0.0040725335,1.76581963e-08,1.76581963e-09,false,0.26564928,2.71575277,891,0.098078427,e818c6384e9722b8ea6a04ecc13483e9331c522f,0ce3ba605bfa0bb6fcfc2a988437c850d45e3e63,LineGaussRegularization,2026-09-07 17:45:51,
R1,dji9443_20260813_23_73_capped_captess4.msh,8016,fgs,14,0.00361111111,3.40780523,1.17744008,6,6,1,true,cold,0,-1,3,,,,p=6;mac=0.3;leaf=50;inner=10;tol_abs=1.7658196265827666e-8,17,0.65,6,36,73,true,multi,64,64,0.00766596531,1.02608719e-05,0.00324953334,0.0048411387,0.00562636561,0.00472978337,1.76581963e-08,1.76581963e-09,false,0.337761765,3.07004347,972,0.095410594,e818c6384e9722b8ea6a04ecc13483e9331c522f,0ce3ba605bfa0bb6fcfc2a988437c850d45e3e63,LineGaussRegularization,2026-09-07 17:45:51,
R1,dji9443_20260813_23_73_capped_captess4.msh,8016,fgs,15,0.00388888889,2.95021157,1.19241333,6,6,1,true,cold,0,-1,3,,,,p=6;mac=0.3;leaf=50;inner=10;tol_abs=1.7658196265827666e-8,17,0.65,6,36,73,true,multi,64,64,0.00879711902,1.17753059e-05,0.0037290192,0.00555547529,0.00645656549,0.00542768793,1.76581963e-08,1.76581963e-09,false,0.271419727,2.67879185,1050,0.0924116074,e818c6384e9722b8ea6a04ecc13483e9331c522f,0ce3ba605bfa0bb6fcfc2a988437c850d45e3e63,LineGaussRegularization,2026-09-07 17:45:51,
R1,dji9443_20260813_23_73_capped_captess4.msh,8016,fgs,16,0.00416666667,2.89078159,1.25696874,6,6,1,true,cold,0,-1,3,,,,p=6;mac=0.3;leaf=50;inner=10;tol_abs=1.7658196265827666e-8,17,0.65,6,36,73,true,multi,64,64,0.00999130067,1.3373789e-05,0.00423522243,0.00630961215,0.00733302312,0.00616447945,1.76581963e-08,1.76581963e-09,false,0.262272136,2.62850946,1126,0.0890360346,e818c6384e9722b8ea6a04ecc13483e9331c522f,0ce3ba605bfa0bb6fcfc2a988437c850d45e3e63,LineGaussRegularization,2026-09-07 17:45:51,
R1,dji9443_20260813_23_73_capped_captess4.msh,8016,fgs,17,0.00444444444,3.15609564,1.41514739,6,6,1,true,cold,0,-1,3,,,,p=6;mac=0.3;leaf=50;inner=10;tol_abs=1.7658196265827666e-8,17,0.65,6,36,73,true,multi,64,64,0.0112456445,1.50530127e-05,0.00476692761,0.00710174304,0.00825363671,0.00693839032,1.76581963e-08,1.76581963e-09,false,0.334666451,2.82142919,1204,0.0852340633,e818c6384e9722b8ea6a04ecc13483e9331c522f,0ce3ba605bfa0bb6fcfc2a988437c850d45e3e63,LineGaussRegularization,2026-09-07 17:45:51,
R1,dji9443_20260813_23_73_capped_captess4.msh,8016,fgs,18,0.00472222222,3.52392897,1.73839113,6,6,1,true,cold,0,-1,3,,,,p=6;mac=0.3;leaf=50;inner=10;tol_abs=1.7658196265827666e-8,17,0.65,6,36,73,true,multi,64,64,0.0125572861,1.68088713e-05,0.00532292124,0.00793006021,0.00921630365,0.00774765332,1.76581963e-08,1.76581963e-09,false,0.37252188,3.15140709,1283,0.0810049499,e818c6384e9722b8ea6a04ecc13483e9331c522f,0ce3ba605bfa0bb6fcfc2a988437c850d45e3e63,LineGaussRegularization,2026-09-07 17:45:51,
R1,dji9443_20260813_23_73_capped_captess4.msh,8016,fgs,19,0.005,3.69426303,1.40802343,6,6,1,true,cold,0,-1,3,,,,p=6;mac=0.3;leaf=50;inner=10;tol_abs=1.7658196265827666e-8,17,0.65,6,36,73,true,multi,64,64,0.0139233608,1.86376988e-05,0.00590198697,0.00879275011,0.0102189211,0.00859050028,1.76581963e-08,1.76581963e-09,false,0.243509773,3.45075325,1362,0.0764213893,e818c6384e9722b8ea6a04ecc13483e9331c522f,0ce3ba605bfa0bb6fcfc2a988437c850d45e3e63,LineGaussRegularization,2026-09-07 17:45:51,
R1,dji9443_20260813_23_73_capped_captess4.msh,8016,fgs,20,0.00527777778,3.42959787,1.49024088,6,6,1,true,cold,0,-1,3,,,,p=6;mac=0.3;leaf=50;inner=10;tol_abs=1.7658196265827666e-8,17,0.65,6,36,73,true,multi,64,64,0.0153410033,2.05354565e-05,0.0065029149,0.00968800463,0.0112593861,0.00946516381,1.76581963e-08,1.76581963e-09,false,0.293522586,3.13607528,1435,0.0716455275,e818c6384e9722b8ea6a04ecc13483e9331c522f,0ce3ba605bfa0bb6fcfc2a988437c850d45e3e63,LineGaussRegularization,2026-09-07 17:45:51,
R1,dji9443_20260813_23_73_capped_captess4.msh,8016,fgs,21,0.00555555556,3.02714074,1.22493093,6,6,1,true,cold,0,-1,3,,,,p=6;mac=0.3;leaf=50;inner=10;tol_abs=1.7658196265827666e-8,17,0.65,6,36,73,true,multi,64,64,0.0168073493,2.24985581e-05,0.00712448588,0.0106140159,0.0123355967,0.0103698767,1.76581963e-08,1.76581963e-09,false,0.251268722,2.77587202,1514,0.0668964222,e818c6384e9722b8ea6a04ecc13483e9331c522f,0ce3ba605bfa0bb6fcfc2a988437c850d45e3e63,LineGaussRegularization,2026-09-07 17:45:51,
R1,dji9443_20260813_23_73_capped_captess4.msh,8016,fgs,22,0.00583333333,3.1967467,1.31496633,6,6,1,true,cold,0,-1,3,,,,p=6;mac=0.3;leaf=50;inner=10;tol_abs=1.7658196265827666e-8,17,0.65,6,36,73,true,multi,64,64,0.0183195333,2.45229424e-05,0.00776548744,0.0115689771,0.0134454495,0.0113028711,1.76581963e-08,1.76581963e-09,false,0.326528605,2.8702181,1595,0.0623869314,e818c6384e9722b8ea6a04ecc13483e9331c522f,0ce3ba605bfa0bb6fcfc2a988437c850d45e3e63,LineGaussRegularization,2026-09-07 17:45:51,
R1,dji9443_20260813_23_73_capped_captess4.msh,8016,fgs,23,0.00611111111,3.13664806,1.29399423,6,6,1,true,cold,0,-1,3,,,,p=6;mac=0.3;leaf=50;inner=10;tol_abs=1.7658196265827666e-8,17,0.65,6,36,73,true,multi,64,64,0.0198746905,2.66045281e-05,0.00842470516,0.0125510756,0.0145868422,0.0122623793,1.76581963e-08,1.76581963e-09,false,0.260924441,2.87572361,1675,0.0582300412,e818c6384e9722b8ea6a04ecc13483e9331c522f,0ce3ba605bfa0bb6fcfc2a988437c850d45e3e63,LineGaussRegularization,2026-09-07 17:45:51,
R1,dji9443_20260813_23_73_capped_captess4.msh,8016,fgs,24,0.00638888889,3.14676952,1.26420195,6,6,1,true,cold,0,-1,3,,,,p=6;mac=0.3;leaf=50;inner=10;tol_abs=1.7658196265827666e-8,17,0.65,6,36,73,true,multi,64,64,0.0214699563,2.87402978e-05,0.00910092409,0.0135585033,0.0157576725,0.0132466338,1.76581963e-08,1.76581963e-09,false,0.339403509,2.80736601,1755,0.0544383759,e818c6384e9722b8ea6a04ecc13483e9331c522f,0ce3ba605bfa0bb6fcfc2a988437c850d45e3e63,LineGaussRegularization,2026-09-07 17:45:51,
R1,dji9443_20260813_23_73_capped_captess4.msh,8016,fgs,25,0.00666666667,4.08308403,1.25271879,6,6,1,true,cold,0,-1,3,,,,p=6;mac=0.3;leaf=50;inner=10;tol_abs=1.7658196265827666e-8,17,0.65,6,36,73,true,multi,64,64,0.0231024658,3.09255398e-05,0.00979293059,0.0145894493,0.0169558369,0.014253867,1.76581963e-08,1.76581963e-09,false,0.272380975,3.81070305,1836,0.0509463475,e818c6384e9722b8ea6a04ecc13483e9331c522f,0ce3ba605bfa0bb6fcfc2a988437c850d45e3e63,LineGaussRegularization,2026-09-07 17:45:51,
R1,dji9443_20260813_23_73_capped_captess4.msh,8016,fgs,26,0.00694444444,3.28341686,1.2351213,6,6,1,true,cold,0,-1,3,,,,p=6;mac=0.3;leaf=50;inner=10;tol_abs=1.7658196265827666e-8,17,0.65,6,36,73,true,multi,64,64,0.0247693539,3.31570748e-05,0.0104995097,0.0156421063,0.0181792335,0.0152823113,1.76581963e-08,1.76581963e-09,false,0.360173608,2.92324325,1917,0.047665365,e818c6384e9722b8ea6a04ecc13483e9331c522f,0ce3ba605bfa0bb6fcfc2a988437c850d45e3e63,LineGaussRegularization,2026-09-07 17:45:51,
R1,dji9443_20260813_23_73_capped_captess4.msh,8016,fgs,27,0.00722222222,3.63556011,1.75391468,6,6,1,true,cold,0,-1,3,,,,p=6;mac=0.3;leaf=50;inner=10;tol_abs=1.7658196265827666e-8,17,0.65,6,36,73,true,multi,64,64,0.0264677553,3.54305881e-05,0.0112194473,0.0167146661,0.0194257593,0.0163301992,1.76581963e-08,1.76581963e-09,false,0.26630808,3.36925203,1995,0.0445059858,e818c6384e9722b8ea6a04ecc13483e9331c522f,0ce3ba605bfa0bb6fcfc2a988437c850d45e3e63,LineGaussRegularization,2026-09-07 17:45:51,
R1,dji9443_20260813_23_73_capped_captess4.msh,8016,fgs,28,0.0075,3.79073804,1.31124912,6,6,1,true,cold,0,-1,3,,,,p=6;mac=0.3;leaf=50;inner=10;tol_abs=1.7658196265827666e-8,17,0.65,6,36,73,true,multi,64,64,0.0281948063,3.77425594e-05,0.0119515278,0.0178053161,0.0206933118,0.0173957629,1.76581963e-08,1.76581963e-09,false,0.245536949,3.54520109,2073,0.041381627,e818c6384e9722b8ea6a04ecc13483e9331c522f,0ce3ba605bfa0bb6fcfc2a988437c850d45e3e63,LineGaussRegularization,2026-09-07 17:45:51,
R1,dji9443_20260813_23_73_capped_captess4.msh,8016,fgs,29,0.00777777778,3.59358578,1.57391513,6,6,1,true,cold,0,-1,3,,,,p=6;mac=0.3;leaf=50;inner=10;tol_abs=1.7658196265827666e-8,17,0.65,6,36,73,true,multi,64,64,0.0299476408,4.00891505e-05,0.0126945404,0.0189122483,0.021979788,0.0184772348,1.76581963e-08,1.76581963e-09,false,0.267347075,3.3262387,2153,0.0382184174,e818c6384e9722b8ea6a04ecc13483e9331c522f,0ce3ba605bfa0bb6fcfc2a988437c850d45e3e63,LineGaussRegularization,2026-09-07 17:45:51,
R1,dji9443_20260813_23_73_capped_captess4.msh,8016,fgs,30,0.00805555556,3.23134421,1.19349863,6,6,1,true,cold,0,-1,3,,,,p=6;mac=0.3;leaf=50;inner=10;tol_abs=1.7658196265827666e-8,17,0.65,6,36,73,true,multi,64,64,0.0317233948,4.2466373e-05,0.0134472666,0.0200336544,0.0232830856,0.0195728477,1.76581963e-08,1.76581963e-09,false,0.339268616,2.89207559,2234,0.0349452421,e818c6384e9722b8ea6a04ecc13483e9331c522f,0ce3ba605bfa0bb6fcfc2a988437c850d45e3e63,LineGaussRegularization,2026-09-07 17:45:51,
R1,dji9443_20260813_23_73_capped_captess4.msh,8016,fgs,31,0.00833333333,3.47612963,1.42358911,6,6,1,true,cold,0,-1,3,,,,p=6;mac=0.3;leaf=50;inner=10;tol_abs=1.7658196265827666e-8,17,0.65,6,36,73,true,multi,64,64,0.0335192028,4.48704362e-05,0.0142084939,0.021167727,0.0246011017,0.0206808337,1.76581963e-08,1.76581963e-09,false,0.261741468,3.21438816,2311,0.0314805459,e818c6384e9722b8ea6a04ecc13483e9331c522f,0ce3ba605bfa0bb6fcfc2a988437c850d45e3e63,LineGaussRegularization,2026-09-07 17:45:51,
R1,dji9443_20260813_23_73_capped_captess4.msh,8016,fgs,32,0.00861111111,3.3658482,1.18850912,6,6,1,true,cold,0,-1,3,,,,p=6;mac=0.3;leaf=50;inner=10;tol_abs=1.7658196265827666e-8,17,0.65,6,36,73,true,multi,64,64,0.0353322002,4.72971393e-05,0.0149770078,0.022312654,0.0259317338,0.0217994252,1.76581963e-08,1.76581963e-09,false,0.340514389,3.02533381,2389,0.0277284191,e818c6384e9722b8ea6a04ecc13483e9331c522f,0ce3ba605bfa0bb6fcfc2a988437c850d45e3e63,LineGaussRegularization,2026-09-07 17:45:51,
R1,dji9443_20260813_23_73_capped_captess4.msh,8016,fgs,33,0.00888888889,3.46942689,1.17850155,6,6,1,true,cold,0,-1,3,,,,p=6;mac=0.3;leaf=50;inner=10;tol_abs=1.7658196265827666e-8,17,0.65,6,36,73,true,multi,64,64,0.0371595219,4.97435102e-05,0.0157515933,0.0234666269,0.0272728792,0.0229268548,1.76581963e-08,1.76581963e-09,false,0.266527923,3.20289897,2469,0.0236125806,e818c6384e9722b8ea6a04ecc13483e9331c522f,0ce3ba605bfa0bb6fcfc2a988437c850d45e3e63,LineGaussRegularization,2026-09-07 17:45:51,
R1,dji9443_20260813_23_73_capped_captess4.msh,8016,fgs,34,0.00916666667,3.52191132,1.21399752,5,5,1,true,cold,0,-1,3,,,,p=6;mac=0.3;leaf=50;inner=10;tol_abs=1.7658196265827666e-8,17,0.65,6,36,73,true,multi,64,64,0.0389983055,5.22029294e-05,0.0165310351,0.024627836,0.0286224357,0.0240613548,1.76581963e-08,1.76581963e-09,false,0.344537268,3.17737405,2541,0.0191008119,e818c6384e9722b8ea6a04ecc13483e9331c522f,0ce3ba605bfa0bb6fcfc2a988437c850d45e3e63,LineGaussRegularization,2026-09-07 17:45:51,
R1,dji9443_20260813_23_73_capped_captess4.msh,8016,fgs,35,0.00944444444,3.39851713,1.20372731,5,5,1,true,cold,0,-1,3,,,,p=6;mac=0.3;leaf=50;inner=10;tol_abs=1.7658196265827666e-8,17,0.65,6,36,73,true,multi,64,64,0.0408456805,5.46772599e-05,0.0173141228,0.0257944734,0.0299782993,0.0252011574,1.76581963e-08,1.76581963e-09,false,0.248189209,3.15032793,2619,0.0142350743,e818c6384e9722b8ea6a04ecc13483e9331c522f,0ce3ba605bfa0bb6fcfc2a988437c850d45e3e63,LineGaussRegularization,2026-09-07 17:45:51,
R1,dji9443_20260813_23_73_capped_captess4.msh,8016,fgs,36,0.00972222222,3.78284866,1.34883332,5,5,1,true,cold,0,-1,3,,,,p=6;mac=0.3;leaf=50;inner=10;tol_abs=1.7658196265827666e-8,17,0.65,6,36,73,true,multi,64,64,0.0426987849,5.7159118e-05,0.0180996386,0.0269647296,0.0313383681,0.0263444951,1.76581963e-08,1.76581963e-09,false,0.339793473,3.44305519,2692,0.0091307763,e818c6384e9722b8ea6a04ecc13483e9331c522f,0ce3ba605bfa0bb6fcfc2a988437c850d45e3e63,LineGaussRegularization,2026-09-07 17:45:51,
R1,dji9443_20260813_23_73_capped_captess4.msh,8016,fgs,37,0.01,4.04220424,1.21366386,5,5,1,true,cold,0,-1,3,,,,p=6;mac=0.3;leaf=50;inner=10;tol_abs=1.7658196265827666e-8,17,0.65,6,36,73,true,multi,64,64,0.0445547545,5.96449583e-05,0.0188863676,0.0281367938,0.0327005399,0.0274896003,1.76581963e-08,1.76581963e-09,false,0.240298332,3.80190591,2765,0.00394340185,e818c6384e9722b8ea6a04ecc13483e9331c522f,0ce3ba605bfa0bb6fcfc2a988437c850d45e3e63,LineGaussRegularization,2026-09-07 17:45:51,
R1,dji9443_20260813_23_73_capped_captess4.msh,8016,fgs,38,0.0102777778,4.01191309,1.52916608,5,5,1,true,cold,0,-1,3,,,,p=6;mac=0.3;leaf=50;inner=10;tol_abs=1.7658196265827666e-8,17,0.65,6,36,73,true,multi,64,64,0.0464107243,6.21307243e-05,0.0196730987,0.0293088586,0.0340627119,0.0286347057,1.76581963e-08,1.76581963e-09,false,0.257750418,3.75416267,2845,-0.00115230712,e818c6384e9722b8ea6a04ecc13483e9331c522f,0ce3ba605bfa0bb6fcfc2a988437c850d45e3e63,LineGaussRegularization,2026-09-07 17:45:51,
R1,dji9443_20260813_23_73_capped_captess4.msh,8016,fgs,39,0.0105555556,3.70826339,1.20427938,6,6,1,true,cold,0,-1,3,,,,p=6;mac=0.3;leaf=50;inner=10;tol_abs=1.7658196265827666e-8,17,0.65,6,36,73,true,multi,64,64,0.0482638326,6.46087097e-05,0.0204586129,0.0304791137,0.0354227816,0.0297780437,1.76581963e-08,1.76581963e-09,false,0.253231516,3.45503188,2919,-0.00597274842,e818c6384e9722b8ea6a04ecc13483e9331c522f,0ce3ba605bfa0bb6fcfc2a988437c850d45e3e63,LineGaussRegularization,2026-09-07 17:45:51,
R1,dji9443_20260813_23_73_capped_captess4.msh,8016,fgs,40,0.0108333333,3.9105483,1.29128993,6,6,1,true,cold,0,-1,3,,,,p=6;mac=0.3;leaf=50;inner=10;tol_abs=1.7658196265827666e-8,17,0.65,6,36,73,true,multi,64,64,0.0501112087,6.70819535e-05,0.0212416995,0.0316457515,0.0367786455,0.0309178463,1.76581963e-08,1.76581963e-09,false,0.257926954,3.65262134,2992,-0.0103840482,e818c6384e9722b8ea6a04ecc13483e9331c522f,0ce3ba605bfa0bb6fcfc2a988437c850d45e3e63,LineGaussRegularization,2026-09-07 17:45:51,
R1,dji9443_20260813_23_73_capped_captess4.msh,8016,fgs,41,0.0111111111,3.94083918,1.2915898,6,6,1,true,cold,0,-1,3,,,,p=6;mac=0.3;leaf=50;inner=10;tol_abs=1.7658196265827666e-8,17,0.65,6,36,73,true,multi,64,64,0.05194999,6.95432877e-05,0.0220211429,0.0328069609,0.0381282015,0.0320523462,1.76581963e-08,1.76581963e-09,false,0.348716174,3.59212301,3067,-0.0143183699,e818c6384e9722b8ea6a04ecc13483e9331c522f,0ce3ba605bfa0bb6fcfc2a988437c850d45e3e63,LineGaussRegularization,2026-09-07 17:45:51,
R1,dji9443_20260813_23_73_capped_captess4.msh,8016,fgs,42,0.0113888889,3.83041898,1.17069443,6,6,1,true,cold,0,-1,3,,,,p=6;mac=0.3;leaf=50;inner=10;tol_abs=1.7658196265827666e-8,17,0.65,6,36,73,true,multi,64,64,0.053777312,7.19894243e-05,0.0227957284,0.0339609334,0.039469347,0.0331797758,1.76581963e-08,1.76581963e-09,false,0.272637928,3.55778105,3145,-0.0177846431,e818c6384e9722b8ea6a04ecc13483e9331c522f,0ce3ba605bfa0bb6fcfc2a988437c850d45e3e63,LineGaussRegularization,2026-09-07 17:45:51,
R1,dji9443_20260813_23_73_capped_captess4.msh,8016,fgs,43,0.0116666667,4.03698979,1.21535334,6,6,1,true,cold,0,-1,3,,,,p=6;mac=0.3;leaf=50;inner=10;tol_abs=1.7658196265827666e-8,17,0.65,6,36,73,true,multi,64,64,0.0555903092,7.44164686e-05,0.0235642419,0.03510586,0.0407999792,0.0342983672,1.76581963e-08,1.76581963e-09,false,0.284677677,3.75231211,3220,-0.0208473675,e818c6384e9722b8ea6a04ecc13483e9331c522f,0ce3ba605bfa0bb6fcfc2a988437c850d45e3e63,LineGaussRegularization,2026-09-07 17:45:51,
R1,dji9443_20260813_23_73_capped_captess4.msh,8016,fgs,44,0.0119444444,4.27439607,1.20435816,6,6,1,true,cold,0,-1,3,,,,p=6;mac=0.3;leaf=50;inner=10;tol_abs=1.7658196265827666e-8,17,0.65,6,36,73,true,multi,64,64,0.0573861174,7.68203089e-05,0.0243254692,0.0362399319,0.0421179953,0.0354063532,1.76581963e-08,1.76581963e-09,false,0.329862857,3.94453321,3296,-0.0236089685,e818c6384e9722b8ea6a04ecc13483e9331c522f,0ce3ba605bfa0bb6fcfc2a988437c850d45e3e63,LineGaussRegularization,2026-09-07 17:45:51,
R1,dji9443_20260813_23_73_capped_captess4.msh,8016,fgs,45,0.0122222222,4.22707084,1.42766764,6,6,1,true,cold,0,-1,3,,,,p=6;mac=0.3;leaf=50;inner=10;tol_abs=1.7658196265827666e-8,17,0.65,6,36,73,true,multi,64,64,0.0591618708,7.91974929e-05,0.0250781956,0.0373613387,0.0434212929,0.036501966,1.76581963e-08,1.76581963e-09,false,0.27819454,3.9488763,3370,-0.0261927855,e818c6384e9722b8ea6a04ecc13483e9331c522f,0ce3ba605bfa0bb6fcfc2a988437c850d45e3e63,LineGaussRegularization,2026-09-07 17:45:51,
R1,dji9443_20260813_23_73_capped_captess4.msh,8016,fgs,46,0.0125,4.77051599,1.2673205,6,6,1,true,cold,0,-1,3,,,,p=6;mac=0.3;leaf=50;inner=10;tol_abs=1.7658196265827666e-8,17,0.65,6,36,73,true,multi,64,64,0.0609147058,8.15438666e-05,0.0258212059,0.0384682718,0.0447077692,0.0375834381,1.76581963e-08,1.76581963e-09,false,0.247804092,4.52271189,3450,-0.028729401,e818c6384e9722b8ea6a04ecc13483e9331c522f,0ce3ba605bfa0bb6fcfc2a988437c850d45e3e63,LineGaussRegularization,2026-09-07 17:45:51,
R1,dji9443_20260813_23_73_capped_captess4.msh,8016,fgs,47,0.0127777778,4.75316228,1.52551903,6,6,1,true,cold,0,-1,3,,,,p=6;mac=0.3;leaf=50;inner=10;tol_abs=1.7658196265827666e-8,17,0.65,6,36,73,true,multi,64,64,0.0626417566,8.38560875e-05,0.0265532885,0.0395589233,0.0459753216,0.0386490022,1.76581963e-08,1.76581963e-09,false,0.268680694,4.48448159,3526,-0.0313334466,e818c6384e9722b8ea6a04ecc13483e9331c522f,0ce3ba605bfa0bb6fcfc2a988437c850d45e3e63,LineGaussRegularization,2026-09-07 17:45:51,
R1,dji9443_20260813_23_73_capped_captess4.msh,8016,fgs,48,0.0130555556,7.47838894,4.37062493,6,6,1,true,cold,0,-1,3,,,,p=6;mac=0.3;leaf=50;inner=10;tol_abs=1.7658196265827666e-8,17,0.65,6,36,73,true,multi,64,64,0.0643401583,8.61296032e-05,0.0272732258,0.0406314817,0.0472218475,0.0396968898,1.76581963e-08,1.76581963e-09,false,0.258205428,7.22018351,3605,-0.0340913074,e818c6384e9722b8ea6a04ecc13483e9331c522f,0ce3ba605bfa0bb6fcfc2a988437c850d45e3e63,LineGaussRegularization,2026-09-07 17:45:51,
R1,dji9443_20260813_23_73_capped_captess4.msh,8016,fgs,49,0.0133333333,5.70248916,2.45674752,6,6,1,true,cold,0,-1,3,,,,p=6;mac=0.3;leaf=50;inner=10;tol_abs=1.7658196265827666e-8,17,0.65,6,36,73,true,multi,64,64,0.0660070463,8.8361199e-05,0.0279798052,0.0416841389,0.048445244,0.040725334,1.76581963e-08,1.76581963e-09,false,0.343145164,5.35934399,3680,-0.0370567403,e818c6384e9722b8ea6a04ecc13483e9331c522f,0ce3ba605bfa0bb6fcfc2a988437c850d45e3e63,LineGaussRegularization,2026-09-07 17:45:51,
R1,dji9443_20260813_23_73_capped_captess4.msh,8016,fgs,50,0.0136111111,5.25860104,1.87264676,6,6,1,true,cold,0,-1,3,,,,p=6;mac=0.3;leaf=50;inner=10;tol_abs=1.7658196265827666e-8,17,0.65,6,36,73,true,multi,64,64,0.0676395557,9.05464867e-05,0.0286718115,0.042715085,0.0496434087,0.0417325671,1.76581963e-08,1.76581963e-09,false,0.370790409,4.88781063,3762,-0.0402483213,e818c6384e9722b8ea6a04ecc13483e9331c522f,0ce3ba605bfa0bb6fcfc2a988437c850d45e3e63,LineGaussRegularization,2026-09-07 17:45:51,
R1,dji9443_20260813_23_73_capped_captess4.msh,8016,fgs,51,0.0138888889,5.3191736,1.77101685,6,6,1,true,cold,0,-1,3,,,,p=6;mac=0.3;leaf=50;inner=10;tol_abs=1.7658196265827666e-8,17,0.65,6,36,73,true,multi,64,64,0.0692348216,9.26819015e-05,0.0293480306,0.0437225113,0.0508142387,0.0427168217,1.76581963e-08,1.76581963e-09,false,0.38428253,4.93489107,3839,-0.0436439208,e818c6384e9722b8ea6a04ecc13483e9331c522f,0ce3ba605bfa0bb6fcfc2a988437c850d45e3e63,LineGaussRegularization,2026-09-07 17:45:51,
R1,dji9443_20260813_23_73_capped_captess4.msh,8016,fgs,52,0.0141666667,5.23492255,1.80723617,6,6,1,true,cold,0,-1,3,,,,p=6;mac=0.3;leaf=50;inner=10;tol_abs=1.7658196265827666e-8,17,0.65,6,36,73,true,multi,64,64,0.0707899787,9.47638608e-05,0.030007248,0.0447046093,0.0519556317,0.0436763298,1.76581963e-08,1.76581963e-09,false,0.332549232,4.90237332,3918,-0.0471717264,e818c6384e9722b8ea6a04ecc13483e9331c522f,0ce3ba605bfa0bb6fcfc2a988437c850d45e3e63,LineGaussRegularization,2026-09-07 17:45:51,
R1,dji9443_20260813_23_73_capped_captess4.msh,8016,fgs,53,0.0144444444,5.08183267,1.50736053,6,6,1,true,cold,0,-1,3,,,,p=6;mac=0.3;leaf=50;inner=10;tol_abs=1.7658196265827666e-8,17,0.65,6,36,73,true,multi,64,64,0.072302163,9.67879936e-05,0.0306482496,0.0456595699,0.0530654846,0.0446093242,1.76581963e-08,1.76581963e-09,false,0.344156235,4.73767644,4000,-0.0507260438,e818c6384e9722b8ea6a04ecc13483e9331c522f,0ce3ba605bfa0bb6fcfc2a988437c850d45e3e63,LineGaussRegularization,2026-09-07 17:45:51,
R1,dji9443_20260813_23_73_capped_captess4.msh,8016,fgs,54,0.0147222222,5.480478,1.87433103,6,6,1,true,cold,0,-1,3,,,,p=6;mac=0.3;leaf=50;inner=10;tol_abs=1.7658196265827666e-8,17,0.65,6,36,73,true,multi,64,64,0.0737685082,9.87510224e-05,0.0312698206,0.0465855817,0.0541416951,0.0455140369,1.76581963e-08,1.76581963e-09,false,0.270807573,5.20967043,4082,-0.0542019883,e818c6384e9722b8ea6a04ecc13483e9331c522f,0ce3ba605bfa0bb6fcfc2a988437c850d45e3e63,LineGaussRegularization,2026-09-07 17:45:51,
R1,dji9443_20260813_23_73_capped_captess4.msh,8016,fgs,55,0.015,5.70886496,1.44180544,6,6,1,true,cold,0,-1,3,,,,p=6;mac=0.3;leaf=50;inner=10;tol_abs=1.7658196265827666e-8,17,0.65,6,36,73,true,multi,64,64,0.0751861514,0.000100648646,0.0318707461,0.0474808377,0.0551821604,0.0463887007,1.76581963e-08,1.76581963e-09,false,0.241116001,5.46774896,4163,-0.0575011738,e818c6384e9722b8ea6a04ecc13483e9331c522f,0ce3ba605bfa0bb6fcfc2a988437c850d45e3e63,LineGaussRegularization,2026-09-07 17:45:51,
R1,dji9443_20260813_23_73_capped_captess4.msh,8016,fgs,56,0.0152777778,5.60186912,1.64667626,6,6,1,true,cold,0,-1,3,,,,p=6;mac=0.3;leaf=50;inner=10;tol_abs=1.7658196265827666e-8,17,0.65,6,36,73,true,multi,64,64,0.076552226,0.000102477687,0.0324498141,0.0483435298,0.0561847779,0.0472315483,1.76581963e-08,1.76581963e-09,false,0.269045167,5.33282396,4246,-0.0605675922,e818c6384e9722b8ea6a04ecc13483e9331c522f,0ce3ba605bfa0bb6fcfc2a988437c850d45e3e63,LineGaussRegularization,2026-09-07 17:45:51,
R1,dji9443_20260813_23_73_capped_captess4.msh,8016,fgs,57,0.0155555556,5.1759244,1.36933186,6,6,1,true,cold,0,-1,3,,,,p=6;mac=0.3;leaf=50;inner=10;tol_abs=1.7658196265827666e-8,17,0.65,6,36,73,true,multi,64,64,0.0778638677,0.000104233494,0.0330058071,0.0491718456,0.0571474448,0.0480408109,1.76581963e-08,1.76581963e-09,false,0.254453089,4.92147131,4323,-0.0633811701,e818c6384e9722b8ea6a04ecc13483e9331c522f,0ce3ba605bfa0bb6fcfc2a988437c850d45e3e63,LineGaussRegularization,2026-09-07 17:45:51,
R1,dji9443_20260813_23_73_capped_captess4.msh,8016,fgs,58,0.0158333333,5.24717217,1.45204972,6,6,1,true,cold,0,-1,3,,,,p=6;mac=0.3;leaf=50;inner=10;tol_abs=1.7658196265827666e-8,17,0.65,6,36,73,true,multi,64,64,0.0791182118,0.000105912801,0.0335375127,0.0499639766,0.0580680586,0.0488147216,1.76581963e-08,1.76581963e-09,false,0.265356839,4.98181533,4404,-0.0659384787,e818c6384e9722b8ea6a04ecc13483e9331c522f,0ce3ba605bfa0bb6fcfc2a988437c850d45e3e63,LineGaussRegularization,2026-09-07 17:45:51,
R1,dji9443_20260813_23_73_capped_captess4.msh,8016,fgs,59,0.0161111111,5.45021628,1.51557724,6,6,1,true,cold,0,-1,3,,,,p=6;mac=0.3;leaf=50;inner=10;tol_abs=1.7658196265827666e-8,17,0.65,6,36,73,true,multi,64,64,0.0803123931,0.000107511209,0.0340437157,0.0507181138,0.0589445167,0.0495515131,1.76581963e-08,1.76581963e-09,false,0.26713268,5.1830836,4482,-0.0682160624,e818c6384e9722b8ea6a04ecc13483e9331c522f,0ce3ba605bfa0bb6fcfc2a988437c850d45e3e63,LineGaussRegularization,2026-09-07 17:45:51,
R1,dji9443_20260813_23_73_capped_captess4.msh,8016,fgs,60,0.0163888889,5.30156949,1.34509698,6,6,1,true,cold,0,-1,3,,,,p=6;mac=0.3;leaf=50;inner=10;tol_abs=1.7658196265827666e-8,17,0.65,6,36,73,true,multi,64,64,0.0814435469,0.000109025405,0.0345232018,0.051432448,0.059774716,0.0502494176,1.76581963e-08,1.76581963e-09,false,0.268198736,5.03337075,4563,-0.0702357999,e818c6384e9722b8ea6a04ecc13483e9331c522f,0ce3ba605bfa0bb6fcfc2a988437c850d45e3e63,LineGaussRegularization,2026-09-07 17:45:51,
R1,dji9443_20260813_23_73_capped_captess4.msh,8016,fgs,61,0.0166666667,5.41785564,1.3801204,6,6,1,true,cold,0,-1,3,,,,p=6;mac=0.3;leaf=50;inner=10;tol_abs=1.7658196265827666e-8,17,0.65,6,36,73,true,multi,64,64,0.0825088079,0.00011045152,0.0349747565,0.0521051719,0.0605565545,0.0509066673,1.76581963e-08,1.76581963e-09,false,0.264394789,5.15346085,4645,-0.0720159733,e818c6384e9722b8ea6a04ecc13483e9331c522f,0ce3ba605bfa0bb6fcfc2a988437c850d45e3e63,LineGaussRegularization,2026-09-07 17:45:51,
R1,dji9443_20260813_23_73_capped_captess4.msh,8016,fgs,62,0.0169444444,5.79099843,1.59100219,6,6,1,true,cold,0,-1,3,,,,p=6;mac=0.3;leaf=50;inner=10;tol_abs=1.7658196265827666e-8,17,0.65,6,36,73,true,multi,64,64,0.0835053122,0.000111785341,0.0353971659,0.0527344753,0.0612879291,0.0515214951,1.76581963e-08,1.76581963e-09,false,0.269861423,5.521137,4726,-0.0735577811,e818c6384e9722b8ea6a04ecc13483e9331c522f,0ce3ba605bfa0bb6fcfc2a988437c850d45e3e63,LineGaussRegularization,2026-09-07 17:45:51,
R1,dji9443_20260813_23_73_capped_captess4.msh,8016,fgs,63,0.0172222222,5.86740983,1.61918348,6,6,1,true,cold,0,-1,3,,,,p=6;mac=0.3;leaf=50;inner=10;tol_abs=1.7658196265827666e-8,17,0.65,6,36,73,true,multi,64,64,0.0844301936,0.000113023482,0.035789215,0.0533185466,0.0619667372,0.0520921327,1.76581963e-08,1.76581963e-09,false,0.267356441,5.60005339,4809,-0.0748731127,e818c6384e9722b8ea6a04ecc13483e9331c522f,0ce3ba605bfa0bb6fcfc2a988437c850d45e3e63,LineGaussRegularization,2026-09-07 17:45:51,
R1,dji9443_20260813_23_73_capped_captess4.msh,8016,fgs,64,0.0175,6.33301099,1.43939925,6,6,1,true,cold,0,-1,3,,,,p=6;mac=0.3;leaf=50;inner=10;tol_abs=1.7658196265827666e-8,17,0.65,6,36,73,true,multi,64,64,0.0852805885,0.000114161897,0.0361496891,0.0538555796,0.0625908762,0.0526168133,1.76581963e-08,1.76581963e-09,false,0.246552037,6.08645895,4891,-0.0759992793,e818c6384e9722b8ea6a04ecc13483e9331c522f,0ce3ba605bfa0bb6fcfc2a988437c850d45e3e63,LineGaussRegularization,2026-09-07 17:45:51,
R1,dji9443_20260813_23_73_capped_captess4.msh,8016,fgs,65,0.0177777778,6.54111178,1.68988397,6,6,1,true,cold,0,-1,3,,,,p=6;mac=0.3;leaf=50;inner=10;tol_abs=1.7658196265827666e-8,17,0.65,6,36,73,true,multi,64,64,0.0860536311,0.000115196923,0.0364773759,0.0543437662,0.0631582435,0.0530937692,1.76581963e-08,1.76581963e-09,false,0.334968052,6.20614373,4975,-0.0769751805,e818c6384e9722b8ea6a04ecc13483e9331c522f,0ce3ba605bfa0bb6fcfc2a988437c850d45e3e63,LineGaussRegularization,2026-09-07 17:45:51,
R1,dji9443_20260813_23_73_capped_captess4.msh,8016,fgs,66,0.0180555556,4.00796643,1.36818106,6,6,1,true,cold,0,-1,3,,,,p=6;mac=0.3;leaf=50;inner=10;tol_abs=1.7658196265827666e-8,17,0.65,6,36,73,true,multi,64,64,0.0867464567,0.000116124315,0.0367710582,0.0547812933,0.0636667362,0.0535212318,1.76581963e-08,1.76581963e-09,false,0.341172735,3.66679369,5055,-0.0778433537,e818c6384e9722b8ea6a04ecc13483e9331c522f,0ce3ba605bfa0bb6fcfc2a988437c850d45e3e63,LineGaussRegularization,2026-09-07 17:45:51,
R1,dji9443_20260813_23_73_capped_captess4.msh,8016,fgs,67,0.0183333333,3.82421332,1.48068835,6,6,1,true,cold,0,-1,3,,,,p=6;mac=0.3;leaf=50;inner=10;tol_abs=1.7658196265827666e-8,17,0.65,6,36,73,true,multi,64,64,0.0873562006,0.000116940755,0.0370295237,0.0551663525,0.064114252,0.0538974342,1.76581963e-08,1.76581963e-09,false,0.336222992,3.48799032,5133,-0.0786269056,e818c6384e9722b8ea6a04ecc13483e9331c522f,0ce3ba605bfa0bb6fcfc2a988437c850d45e3e63,LineGaussRegularization,2026-09-07 17:45:51,
R1,dji9443_20260813_23_73_capped_captess4.msh,8016,fgs,68,0.0186111111,3.92777607,1.46980321,6,6,1,true,cold,0,-1,3,,,,p=6;mac=0.3;leaf=50;inner=10;tol_abs=1.7658196265827666e-8,17,0.65,6,36,73,true,multi,64,64,0.0878799979,0.000117641718,0.0372515567,0.0554971351,0.0644986882,0.054220609,1.76581963e-08,1.76581963e-09,false,0.420810236,3.50696584,5216,-0.0793384779,e818c6384e9722b8ea6a04ecc13483e9331c522f,0ce3ba605bfa0bb6fcfc2a988437c850d45e3e63,LineGaussRegularization,2026-09-07 17:45:51,
R1,dji9443_20260813_23_73_capped_captess4.msh,8016,fgs,69,0.0188888889,3.81849474,1.42448604,6,6,1,true,cold,0,-1,3,,,,p=6;mac=0.3;leaf=50;inner=10;tol_abs=1.7658196265827666e-8,17,0.65,6,36,73,true,multi,64,64,0.0883149836,0.000118223975,0.0374359433,0.0557718318,0.0648179415,0.0544889885,1.76581963e-08,1.76581963e-09,false,0.279244035,3.5392507,5297,-0.0799500949,e818c6384e9722b8ea6a04ecc13483e9331c522f,0ce3ba605bfa0bb6fcfc2a988437c850d45e3e63,LineGaussRegularization,2026-09-07 17:45:51,
R1,dji9443_20260813_23_73_capped_captess4.msh,8016,fgs,70,0.0191666667,3.68463752,1.41413795,6,6,1,true,cold,0,-1,3,,,,p=6;mac=0.3;leaf=50;inner=10;tol_abs=1.7658196265827666e-8,17,0.65,6,36,73,true,multi,64,64,0.0886582926,0.000118683649,0.0375814688,0.0559886356,0.0650699102,0.0547008049,1.76581963e-08,1.76581963e-09,false,0.262749626,3.42188789,5378,-0.0804083321,e818c6384e9722b8ea6a04ecc13483e9331c522f,0ce3ba605bfa0bb6fcfc2a988437c850d45e3e63,LineGaussRegularization,2026-09-07 17:45:51,
R1,dji9443_20260813_23_73_capped_captess4.msh,8016,fgs,71,0.0194444444,3.66379624,1.41695826,6,6,1,true,cold,0,-1,3,,,,p=6;mac=0.3;leaf=50;inner=10;tol_abs=1.7658196265827666e-8,17,0.65,6,36,73,true,multi,64,64,0.0889070608,0.000119016481,0.0376869196,0.0561457359,0.0652524911,0.054854291,1.76581963e-08,1.76581963e-09,false,0.330330858,3.33346538,5456,-0.0806538893,e818c6384e9722b8ea6a04ecc13483e9331c522f,0ce3ba605bfa0bb6fcfc2a988437c850d45e3e63,LineGaussRegularization,2026-09-07 17:45:51,
R1,dji9443_20260813_23_73_capped_captess4.msh,8016,fgs,72,0.0197222222,3.92737474,1.65903526,6,6,1,true,cold,0,-1,3,,,,p=6;mac=0.3;leaf=50;inner=10;tol_abs=1.7658196265827666e-8,17,0.65,6,36,73,true,multi,64,64,0.0890584221,0.000119219139,0.0377510803,0.0562413213,0.0653635815,0.0549476786,1.76581963e-08,1.76581963e-09,false,0.326602555,3.60077218,5534,-0.0806690412,e818c6384e9722b8ea6a04ecc13483e9331c522f,0ce3ba605bfa0bb6fcfc2a988437c850d45e3e63,LineGaussRegularization,2026-09-07 17:45:51,
R1,dji9443_20260813_23_73_capped_captess4.msh,8016,fgs,73,0.02,4.4987292,1.43862745,6,6,1,true,cold,0,-1,3,5614,83241.0881,,p=6;mac=0.3;leaf=50;inner=10;tol_abs=1.7658196265827666e-8,17,0.65,6,36,73,true,multi,64,64,0.0891095129,0.000119287543,0.0377727365,0.0562735854,0.065401079,0.0549792009,1.76581963e-08,1.76581963e-09,false,0.312825678,4.18590352,5614,-0.0804192254,e818c6384e9722b8ea6a04ecc13483e9331c522f,0ce3ba605bfa0bb6fcfc2a988437c850d45e3e63,LineGaussRegularization,2026-09-07 17:45:51,
R1,dji9443_20260813_23_73_capped_captess4.msh,8016,fgs,1,0,50.6664201,6.71640622,6,6,1,true,prev,0,-1,3,,,29.0718343,p=6;mac=0.3;leaf=50;inner=10;tol_abs=1.7658196265827666e-8,17,0.65,6,36,73,true,multi,64,64,9.12186497e-09,1.62413485e-14,3.09478704e-10,6.39467689e-10,1.17976314e-09,1.18868651e-09,1.76581963e-08,1.76581963e-09,false,1.07407358,49.5923465,0,0.0533282518,e818c6384e9722b8ea6a04ecc13483e9331c522f,0ce3ba605bfa0bb6fcfc2a988437c850d45e3e63,LineGaussRegularization,2026-09-07 17:53:44,"RHPC setup-only include; t_solve = solve_formulation! wall (incl. the per-step Dirichlet source-potential assembly inside solve!); t_step from maneuver! deltas; niter now recorded for FGS as well as Krylov (Phase 3); niter=-1 means a direct solve. niter is the LAST inner solve of the step (legacy diagnostic); niter_first is the FIRST and is the warmstart comparison metric; nsolves is the per-body solve count of the step (must be 1 for a one-body run; -1 = unavailable); solved is the AND of the step's inner convergence flags. Wake-developed averages should drop the first skip_steps rows. bcerr_* are order statistics of the per-panel Dirichlet BC residual |phi_sigma + G_mu x| from ONE bc_error! pass per step; bcerr_tol is THIS arm's own effective absolute acceptance level, so bcerr_max <= bcerr_tol is the arm's promise checked independently. The pass requests an absolute FMM error of bcerr_eps = BCERR_SAFETY * bcerr_tol, so the instrument is ~10x sharper than the acceptance level by construction; bcerr_certified=false means some M2L pair could not certify that bound and the row is UNCERTIFIED. The pass is EXCLUDED from t_solve, but NOT from t_step_total (it lies inside the maneuver!-to-maneuver! window); use t_step_net = t_step_total - t_bcerr for full-timestep share. Its own cost is t_bcerr (~62% of t_solve at R1 — it certifies to 10x below tol_abs, so the FMM climbs its order). BCERR_EVERY>1 subsamples it; skipped steps write EMPTY bcerr_* cells, never a fabricated value. n_particles and CT are per-step identity REPORTING, not assertions: the wake is chaotic, so small differences compound and exact trajectory identity is not expected. CT requires RUN_MONITORS=true (default under PHASE=phase3)."
R1,dji9443_20260813_23_73_capped_captess4.msh,8016,fgs,2,0.000277777778,5.69831281,1.86894941,6,6,1,true,prev,0,-1,3,,,,p=6;mac=0.3;leaf=50;inner=10;tol_abs=1.7658196265827666e-8,17,0.65,6,36,73,true,multi,64,64,5.10888946e-05,6.85170439e-08,2.16564708e-05,3.22648242e-05,3.74991469e-05,3.15220122e-05,1.76581963e-08,1.76581963e-09,false,0.295239852,5.40307295,0,0.0738110571,e818c6384e9722b8ea6a04ecc13483e9331c522f,0ce3ba605bfa0bb6fcfc2a988437c850d45e3e63,LineGaussRegularization,2026-09-07 17:53:44,
R1,dji9443_20260813_23_73_capped_captess4.msh,8016,fgs,3,0.000555555556,4.64856252,1.42852704,6,6,1,true,prev,0,-1,3,,,,p=6;mac=0.3;leaf=50;inner=10;tol_abs=1.7658196265827666e-8,17,0.65,6,36,73,true,multi,64,64,0.000202450269,2.71396378e-07,8.58169718e-05,0.000127850389,0.000148590193,0.000124909766,1.76581963e-08,1.76581963e-09,false,0.339281352,4.30928116,84,0.0913695123,e818c6384e9722b8ea6a04ecc13483e9331c522f,0ce3ba605bfa0bb6fcfc2a988437c850d45e3e63,LineGaussRegularization,2026-09-07 17:53:44,
R1,dji9443_20260813_23_73_capped_captess4.msh,8016,fgs,4,0.000833333333,2.53240483,1.30719578,5,5,1,true,prev,0,-1,3,,,,p=6;mac=0.3;leaf=50;inner=10;tol_abs=1.7658196265827666e-8,17,0.65,6,36,73,true,multi,64,64,0.000451219843,6.02502091e-07,0.000191265413,0.000284950825,0.000331171792,0.000278395956,1.76581963e-08,1.76581963e-09,false,0.26452767,2.26787716,168,0.100586361,e818c6384e9722b8ea6a04ecc13483e9331c522f,0ce3ba605bfa0bb6fcfc2a988437c850d45e3e63,LineGaussRegularization,2026-09-07 17:53:44,
R1,dji9443_20260813_23_73_capped_captess4.msh,8016,fgs,5,0.00111111111,2.63100706,1.31517309,5,5,1,true,prev,0,-1,3,,,,p=6;mac=0.3;leaf=50;inner=10;tol_abs=1.7658196265827666e-8,17,0.65,6,36,73,true,multi,64,64,0.000794527828,1.06305351e-06,0.000336792469,0.000501754672,0.000583139893,0.000490212367,1.76581963e-08,1.76581963e-09,false,0.278705644,2.35230142,249,0.105160578,e818c6384e9722b8ea6a04ecc13483e9331c522f,0ce3ba605bfa0bb6fcfc2a988437c850d45e3e63,LineGaussRegularization,2026-09-07 17:53:44,
R1,dji9443_20260813_23_73_capped_captess4.msh,8016,fgs,6,0.00138888889,2.80379956,1.40261283,5,5,1,true,prev,0,-1,3,,,,p=6;mac=0.3;leaf=50;inner=10;tol_abs=1.7658196265827666e-8,17,0.65,6,36,73,true,multi,64,64,0.00122951276,1.6462144e-06,0.000521179436,0.000776454158,0.000902393857,0.000758591876,1.76581963e-08,1.76581963e-09,false,0.35522155,2.44857801,329,0.107104933,e818c6384e9722b8ea6a04ecc13483e9331c522f,0ce3ba605bfa0bb6fcfc2a988437c850d45e3e63,LineGaussRegularization,2026-09-07 17:53:44,
R1,dji9443_20260813_23_73_capped_captess4.msh,8016,fgs,7,0.00166666667,2.61883358,1.1231712,4,4,1,true,prev,0,-1,3,,,,p=6;mac=0.3;leaf=50;inner=10;tol_abs=1.7658196265827666e-8,17,0.65,6,36,73,true,multi,64,64,0.00175331166,2.34602313e-06,0.000743211405,0.00110723629,0.00128682996,0.00108176681,1.76581963e-08,1.76581963e-09,false,0.351951618,2.26688196,408,0.107517339,e818c6384e9722b8ea6a04ecc13483e9331c522f,0ce3ba605bfa0bb6fcfc2a988437c850d45e3e63,LineGaussRegularization,2026-09-07 17:53:44,
R1,dji9443_20260813_23_73_capped_captess4.msh,8016,fgs,8,0.00194444444,2.59496479,1.07578724,4,4,1,true,prev,0,-1,3,,,,p=6;mac=0.3;leaf=50;inner=10;tol_abs=1.7658196265827666e-8,17,0.65,6,36,73,true,multi,64,64,0.00236305237,3.16525579e-06,0.00100167849,0.00149229562,0.00173434498,0.00145796907,1.76581963e-08,1.76581963e-09,false,0.341755626,2.25320916,491,0.107007631,e818c6384e9722b8ea6a04ecc13483e9331c522f,0ce3ba605bfa0bb6fcfc2a988437c850d45e3e63,LineGaussRegularization,2026-09-07 17:53:44,
R1,dji9443_20260813_23_73_capped_captess4.msh,8016,fgs,9,0.00222222222,2.94199736,1.29985795,4,4,1,true,prev,0,-1,3,,,,p=6;mac=0.3;leaf=50;inner=10;tol_abs=1.7658196265827666e-8,17,0.65,6,36,73,true,multi,64,64,0.00305587607,4.09444767e-06,0.00129536195,0.00192982407,0.0022428378,0.00188543185,1.76581963e-08,1.76581963e-09,false,0.352225464,2.5897719,569,0.105904445,e818c6384e9722b8ea6a04ecc13483e9331c522f,0ce3ba605bfa0bb6fcfc2a988437c850d45e3e63,LineGaussRegularization,2026-09-07 17:53:44,
R1,dji9443_20260813_23_73_capped_captess4.msh,8016,fgs,10,0.0025,3.25800036,1.2875345,5,5,1,true,prev,0,-1,3,,,,p=6;mac=0.3;leaf=50;inner=10;tol_abs=1.7658196265827666e-8,17,0.65,6,36,73,true,multi,64,64,0.0038289215,5.12669132e-06,0.00162304547,0.0024180083,0.0028102053,0.00236238747,1.76581963e-08,1.76581963e-09,false,0.327276866,2.9307235,649,0.1043903,e818c6384e9722b8ea6a04ecc13483e9331c522f,0ce3ba605bfa0bb6fcfc2a988437c850d45e3e63,LineGaussRegularization,2026-09-07 17:53:44,
R1,dji9443_20260813_23_73_capped_captess4.msh,8016,fgs,11,0.00277777778,3.24039049,1.64586495,5,5,1,true,prev,0,-1,3,,,,p=6;mac=0.3;leaf=50;inner=10;tol_abs=1.7658196265827666e-8,17,0.65,6,36,73,true,multi,64,64,0.00467931596,6.26510825e-06,0.00198352205,0.00295503972,0.00343434421,0.00288706769,1.76581963e-08,1.76581963e-09,false,0.283885048,2.95650544,730,0.102560437,e818c6384e9722b8ea6a04ecc13483e9331c522f,0ce3ba605bfa0bb6fcfc2a988437c850d45e3e63,LineGaussRegularization,2026-09-07 17:53:44,
R1,dji9443_20260813_23_73_capped_captess4.msh,8016,fgs,12,0.00305555556,2.87646208,1.18133618,5,5,1,true,prev,0,-1,3,,,,p=6;mac=0.3;leaf=50;inner=10;tol_abs=1.7658196265827666e-8,17,0.65,6,36,73,true,multi,64,64,0.00560419782,7.50335273e-06,0.00237557104,0.00353911082,0.00411315246,0.00345770556,1.76581963e-08,1.76581963e-09,false,0.261181705,2.61528038,810,0.100456208,e818c6384e9722b8ea6a04ecc13483e9331c522f,0ce3ba605bfa0bb6fcfc2a988437c850d45e3e63,LineGaussRegularization,2026-09-07 17:53:44,
R1,dji9443_20260813_23_73_capped_captess4.msh,8016,fgs,13,0.00333333333,2.95616258,1.29438443,5,5,1,true,prev,0,-1,3,,,,p=6;mac=0.3;leaf=50;inner=10;tol_abs=1.7658196265827666e-8,17,0.65,6,36,73,true,multi,64,64,0.00660070168,8.83743307e-06,0.00279798026,0.00416841455,0.00484452693,0.00407253327,1.76581963e-08,1.76581963e-09,false,0.266682644,2.68947994,891,0.0980784861,e818c6384e9722b8ea6a04ecc13483e9331c522f,0ce3ba605bfa0bb6fcfc2a988437c850d45e3e63,LineGaussRegularization,2026-09-07 17:53:44,
R1,dji9443_20260813_23_73_capped_captess4.msh,8016,fgs,14,0.00361111111,3.63758612,1.32641985,5,5,1,true,prev,0,-1,3,,,,p=6;mac=0.3;leaf=50;inner=10;tol_abs=1.7658196265827666e-8,17,0.65,6,36,73,true,multi,64,64,0.00766596293,1.02632803e-05,0.00324953534,0.00484113875,0.00562636506,0.00472978314,1.76581963e-08,1.76581963e-09,false,0.368276412,3.26930971,972,0.0954106521,e818c6384e9722b8ea6a04ecc13483e9331c522f,0ce3ba605bfa0bb6fcfc2a988437c850d45e3e63,LineGaussRegularization,2026-09-07 17:53:44,
R1,dji9443_20260813_23_73_capped_captess4.msh,8016,fgs,15,0.00388888889,2.98081117,1.27022141,5,5,1,true,prev,0,-1,3,,,,p=6;mac=0.3;leaf=50;inner=10;tol_abs=1.7658196265827666e-8,17,0.65,6,36,73,true,multi,64,64,0.00879711661,1.17777426e-05,0.00372902117,0.00555547535,0.00645656495,0.00542768769,1.76581963e-08,1.76581963e-09,false,0.276494164,2.70431701,1050,0.0924116652,e818c6384e9722b8ea6a04ecc13483e9331c522f,0ce3ba605bfa0bb6fcfc2a988437c850d45e3e63,LineGaussRegularization,2026-09-07 17:53:44,
R1,dji9443_20260813_23_73_capped_captess4.msh,8016,fgs,16,0.00416666667,2.99998504,1.26925269,5,5,1,true,prev,0,-1,3,,,,p=6;mac=0.3;leaf=50;inner=10;tol_abs=1.7658196265827666e-8,17,0.65,6,36,73,true,multi,64,64,0.00999129823,1.33762656e-05,0.00423522437,0.00630961221,0.0073330226,0.00616447921,1.76581963e-08,1.76581963e-09,false,0.290160014,2.70982502,1126,0.089036093,e818c6384e9722b8ea6a04ecc13483e9331c522f,0ce3ba605bfa0bb6fcfc2a988437c850d45e3e63,LineGaussRegularization,2026-09-07 17:53:44,
R1,dji9443_20260813_23_73_capped_captess4.msh,8016,fgs,17,0.00444444444,4.65512676,2.8185729,5,5,1,true,prev,0,-1,3,,,,p=6;mac=0.3;leaf=50;inner=10;tol_abs=1.7658196265827666e-8,17,0.65,6,36,73,true,multi,64,64,0.011245642,1.50555407e-05,0.00476692952,0.0071017431,0.0082536362,0.00693839007,1.76581963e-08,1.76581963e-09,false,0.259078669,4.39604809,1204,0.0852341228,e818c6384e9722b8ea6a04ecc13483e9331c522f,0ce3ba605bfa0bb6fcfc2a988437c850d45e3e63,LineGaussRegularization,2026-09-07 17:53:44,
R1,dji9443_20260813_23_73_capped_captess4.msh,8016,fgs,18,0.00472222222,4.36894469,2.47527238,5,5,1,true,prev,0,-1,3,,,,p=6;mac=0.3;leaf=50;inner=10;tol_abs=1.7658196265827666e-8,17,0.65,6,36,73,true,multi,64,64,0.0125572835,1.68114468e-05,0.00532292309,0.00793006027,0.00921630317,0.00774765307,1.76581963e-08,1.76581963e-09,false,0.421199231,3.94774546,1283,0.081005011,e818c6384e9722b8ea6a04ecc13483e9331c522f,0ce3ba605bfa0bb6fcfc2a988437c850d45e3e63,LineGaussRegularization,2026-09-07 17:53:44,
R1,dji9443_20260813_23_73_capped_captess4.msh,8016,fgs,19,0.005,4.06261199,1.93032808,5,5,1,true,prev,0,-1,3,,,,p=6;mac=0.3;leaf=50;inner=10;tol_abs=1.7658196265827666e-8,17,0.65,6,36,73,true,multi,64,64,0.0139233582,1.86402904e-05,0.00590198876,0.00879275017,0.0102189206,0.00859050003,1.76581963e-08,1.76581963e-09,false,0.338294484,3.72431751,1362,0.0764214517,e818c6384e9722b8ea6a04ecc13483e9331c522f,0ce3ba605bfa0bb6fcfc2a988437c850d45e3e63,LineGaussRegularization,2026-09-07 17:53:44,
R1,dji9443_20260813_23_73_capped_captess4.msh,8016,fgs,20,0.00527777778,4.2843124,2.45096038,5,5,1,true,prev,0,-1,3,,,,p=6;mac=0.3;leaf=50;inner=10;tol_abs=1.7658196265827666e-8,17,0.65,6,36,73,true,multi,64,64,0.0153410008,2.05379995e-05,0.0065029166,0.00968800468,0.0112593857,0.00946516356,1.76581963e-08,1.76581963e-09,false,0.267829081,4.01648332,1435,0.0716455904,e818c6384e9722b8ea6a04ecc13483e9331c522f,0ce3ba605bfa0bb6fcfc2a988437c850d45e3e63,LineGaussRegularization,2026-09-07 17:53:44,
R1,dji9443_20260813_23_73_capped_captess4.msh,8016,fgs,21,0.00555555556,4.29983766,2.54156131,5,5,1,true,prev,0,-1,3,,,,p=6;mac=0.3;leaf=50;inner=10;tol_abs=1.7658196265827666e-8,17,0.65,6,36,73,true,multi,64,64,0.0168073469,2.25009796e-05,0.00712448746,0.010614016,0.0123355963,0.0103698764,1.76581963e-08,1.76581963e-09,false,0.25924967,4.04058799,1514,0.0668964838,e818c6384e9722b8ea6a04ecc13483e9331c522f,0ce3ba605bfa0bb6fcfc2a988437c850d45e3e63,LineGaussRegularization,2026-09-07 17:53:44,
R1,dji9443_20260813_23_73_capped_captess4.msh,8016,fgs,22,0.00583333333,3.56902108,1.75750452,5,5,1,true,prev,0,-1,3,,,,p=6;mac=0.3;leaf=50;inner=10;tol_abs=1.7658196265827666e-8,17,0.65,6,36,73,true,multi,64,64,0.0183195311,2.45251644e-05,0.00776548888,0.0115689772,0.0134454491,0.0113028709,1.76581963e-08,1.76581963e-09,false,0.342100223,3.22692085,1595,0.0623869898,e818c6384e9722b8ea6a04ecc13483e9331c522f,0ce3ba605bfa0bb6fcfc2a988437c850d45e3e63,LineGaussRegularization,2026-09-07 17:53:44,
R1,dji9443_20260813_23_73_capped_captess4.msh,8016,fgs,23,0.00611111111,4.63295538,2.721121,5,5,1,true,prev,0,-1,3,,,,p=6;mac=0.3;leaf=50;inner=10;tol_abs=1.7658196265827666e-8,17,0.65,6,36,73,true,multi,64,64,0.0198746886,2.66065335e-05,0.00842470647,0.0125510757,0.0145868418,0.0122623791,1.76581963e-08,1.76581963e-09,false,0.270411629,4.36254375,1675,0.058230095,e818c6384e9722b8ea6a04ecc13483e9331c522f,0ce3ba605bfa0bb6fcfc2a988437c850d45e3e63,LineGaussRegularization,2026-09-07 17:53:44,
R1,dji9443_20260813_23_73_capped_captess4.msh,8016,fgs,24,0.00638888889,4.01642827,2.08355509,5,5,1,true,prev,0,-1,3,,,,p=6;mac=0.3;leaf=50;inner=10;tol_abs=1.7658196265827666e-8,17,0.65,6,36,73,true,multi,64,64,0.0214699546,2.87420977e-05,0.00910092527,0.0135585034,0.0157576721,0.0132466336,1.76581963e-08,1.76581963e-09,false,0.273635164,3.74279311,1755,0.0544384241,e818c6384e9722b8ea6a04ecc13483e9331c522f,0ce3ba605bfa0bb6fcfc2a988437c850d45e3e63,LineGaussRegularization,2026-09-07 17:53:44,
R1,dji9443_20260813_23_73_capped_captess4.msh,8016,fgs,25,0.00666666667,4.96596026,2.19926139,5,5,1,true,prev,0,-1,3,,,,p=6;mac=0.3;leaf=50;inner=10;tol_abs=1.7658196265827666e-8,17,0.65,6,36,73,true,multi,64,64,0.0231024642,3.09271656e-05,0.00979293166,0.0145894494,0.0169558366,0.0142538668,1.76581963e-08,1.76581963e-09,false,0.266358139,4.69960213,1836,0.0509463897,e818c6384e9722b8ea6a04ecc13483e9331c522f,0ce3ba605bfa0bb6fcfc2a988437c850d45e3e63,LineGaussRegularization,2026-09-07 17:53:44,
R1,dji9443_20260813_23_73_capped_captess4.msh,8016,fgs,26,0.00694444444,3.89840423,1.8617945,5,5,1,true,prev,0,-1,3,,,,p=6;mac=0.3;leaf=50;inner=10;tol_abs=1.7658196265827666e-8,17,0.65,6,36,73,true,multi,64,64,0.0247693524,3.31585645e-05,0.0104995107,0.0156421064,0.0181792332,0.0152823111,1.76581963e-08,1.76581963e-09,false,0.354068504,3.54433573,1917,0.0476654012,e818c6384e9722b8ea6a04ecc13483e9331c522f,0ce3ba605bfa0bb6fcfc2a988437c850d45e3e63,LineGaussRegularization,2026-09-07 17:53:44,
R1,dji9443_20260813_23_73_capped_captess4.msh,8016,fgs,27,0.00722222222,3.89068567,2.0414048,5,5,1,true,prev,0,-1,3,,,,p=6;mac=0.3;leaf=50;inner=10;tol_abs=1.7658196265827666e-8,17,0.65,6,36,73,true,multi,64,64,0.0264677539,3.54319773e-05,0.0112194482,0.0167146662,0.0194257591,0.0163301991,1.76581963e-08,1.76581963e-09,false,0.2622505,3.62843517,1995,0.0445060161,e818c6384e9722b8ea6a04ecc13483e9331c522f,0ce3ba605bfa0bb6fcfc2a988437c850d45e3e63,LineGaussRegularization,2026-09-07 17:53:44,
R1,dji9443_20260813_23_73_capped_captess4.msh,8016,fgs,28,0.0075,4.59057201,2.21662427,5,5,1,true,prev,0,-1,3,,,,p=6;mac=0.3;leaf=50;inner=10;tol_abs=1.7658196265827666e-8,17,0.65,6,36,73,true,multi,64,64,0.028194805,3.7743875e-05,0.0119515286,0.0178053161,0.0206933115,0.0173957628,1.76581963e-08,1.76581963e-09,false,0.242351082,4.34822093,2073,0.041381652,e818c6384e9722b8ea6a04ecc13483e9331c522f,0ce3ba605bfa0bb6fcfc2a988437c850d45e3e63,LineGaussRegularization,2026-09-07 17:53:44,
R1,dji9443_20260813_23_73_capped_captess4.msh,8016,fgs,29,0.00777777778,4.68300483,2.53802099,5,5,1,true,prev,0,-1,3,,,,p=6;mac=0.3;leaf=50;inner=10;tol_abs=1.7658196265827666e-8,17,0.65,6,36,73,true,multi,64,64,0.0299476396,4.00904178e-05,0.0126945412,0.0189122483,0.0219797878,0.0184772347,1.76581963e-08,1.76581963e-09,false,0.267483386,4.41552144,2153,0.0382184377,e818c6384e9722b8ea6a04ecc13483e9331c522f,0ce3ba605bfa0bb6fcfc2a988437c850d45e3e63,LineGaussRegularization,2026-09-07 17:53:44,
R1,dji9443_20260813_23_73_capped_captess4.msh,8016,fgs,30,0.00805555556,4.15413531,2.1344267,5,5,1,true,prev,0,-1,3,,,,p=6;mac=0.3;leaf=50;inner=10;tol_abs=1.7658196265827666e-8,17,0.65,6,36,73,true,multi,64,64,0.0317233936,4.24676137e-05,0.0134472673,0.0200336544,0.0232830854,0.0195728476,1.76581963e-08,1.76581963e-09,false,0.257833229,3.89630208,2234,0.0349452587,e818c6384e9722b8ea6a04ecc13483e9331c522f,0ce3ba605bfa0bb6fcfc2a988437c850d45e3e63,LineGaussRegularization,2026-09-07 17:53:44,
R1,dji9443_20260813_23_73_capped_captess4.msh,8016,fgs,31,0.00833333333,4.66021368,2.61993284,5,5,1,true,prev,0,-1,3,,,,p=6;mac=0.3;leaf=50;inner=10;tol_abs=1.7658196265827666e-8,17,0.65,6,36,73,true,multi,64,64,0.0335192016,4.48716704e-05,0.0142084946,0.021167727,0.0246011015,0.0206808336,1.76581963e-08,1.76581963e-09,false,0.25892264,4.40129104,2311,0.0314805599,e818c6384e9722b8ea6a04ecc13483e9331c522f,0ce3ba605bfa0bb6fcfc2a988437c850d45e3e63,LineGaussRegularization,2026-09-07 17:53:44,
R1,dji9443_20260813_23_73_capped_captess4.msh,8016,fgs,32,0.00861111111,4.53732745,2.39716098,5,5,1,true,prev,0,-1,3,,,,p=6;mac=0.3;leaf=50;inner=10;tol_abs=1.7658196265827666e-8,17,0.65,6,36,73,true,multi,64,64,0.035332199,4.72983881e-05,0.0149770084,0.0223126541,0.0259317336,0.0217994251,1.76581963e-08,1.76581963e-09,false,0.345316448,4.19201101,2389,0.0277284317,e818c6384e9722b8ea6a04ecc13483e9331c522f,0ce3ba605bfa0bb6fcfc2a988437c850d45e3e63,LineGaussRegularization,2026-09-07 17:53:44,
R1,dji9443_20260813_23_73_capped_captess4.msh,8016,fgs,33,0.00888888889,4.226858,1.92786081,5,5,1,true,prev,0,-1,3,,,,p=6;mac=0.3;leaf=50;inner=10;tol_abs=1.7658196265827666e-8,17,0.65,6,36,73,true,multi,64,64,0.0371595206,4.97447791e-05,0.0157515939,0.0234666269,0.0272728791,0.0229268547,1.76581963e-08,1.76581963e-09,false,0.271433036,3.95542496,2469,0.0236125928,e818c6384e9722b8ea6a04ecc13483e9331c522f,0ce3ba605bfa0bb6fcfc2a988437c850d45e3e63,LineGaussRegularization,2026-09-07 17:53:44,
R1,dji9443_20260813_23_73_capped_captess4.msh,8016,fgs,34,0.00916666667,4.24050702,1.9593373,5,5,1,true,prev,0,-1,3,,,,p=6;mac=0.3;leaf=50;inner=10;tol_abs=1.7658196265827666e-8,17,0.65,6,36,73,true,multi,64,64,0.0389983023,5.220626e-05,0.0165310372,0.0246278361,0.0286224349,0.0240613545,1.76581963e-08,1.76581963e-09,false,0.335361329,3.90514569,2541,0.019100852,e818c6384e9722b8ea6a04ecc13483e9331c522f,0ce3ba605bfa0bb6fcfc2a988437c850d45e3e63,LineGaussRegularization,2026-09-07 17:53:44,
R1,dji9443_20260813_23_73_capped_captess4.msh,8016,fgs,35,0.00944444444,3.924204,1.71462071,5,5,1,true,prev,0,-1,3,,,,p=6;mac=0.3;leaf=50;inner=10;tol_abs=1.7658196265827666e-8,17,0.65,6,36,73,true,multi,64,64,0.0408456783,5.46794035e-05,0.0173141236,0.0257944734,0.0299782989,0.0252011572,1.76581963e-08,1.76581963e-09,false,0.253505137,3.67069887,2619,0.0142351173,e818c6384e9722b8ea6a04ecc13483e9331c522f,0ce3ba605bfa0bb6fcfc2a988437c850d45e3e63,LineGaussRegularization,2026-09-07 17:53:44,
R1,dji9443_20260813_23_73_capped_captess4.msh,8016,fgs,36,0.00972222222,3.80634188,1.38659361,5,5,1,true,prev,0,-1,3,,,,p=6;mac=0.3;leaf=50;inner=10;tol_abs=1.7658196265827666e-8,17,0.65,6,36,73,true,multi,64,64,0.0426987839,5.71599734e-05,0.0180996389,0.0269647296,0.0313383681,0.026344495,1.76581963e-08,1.76581963e-09,false,0.337778016,3.46856386,2692,0.00913080805,e818c6384e9722b8ea6a04ecc13483e9331c522f,0ce3ba605bfa0bb6fcfc2a988437c850d45e3e63,LineGaussRegularization,2026-09-07 17:53:44,
R1,dji9443_20260813_23_73_capped_captess4.msh,8016,fgs,37,0.01,4.84377059,2.00421257,5,5,1,true,prev,0,-1,3,,,,p=6;mac=0.3;leaf=50;inner=10;tol_abs=1.7658196265827666e-8,17,0.65,6,36,73,true,multi,64,64,0.0445547548,5.96443781e-05,0.0188863675,0.0281367938,0.0327005401,0.0274896004,1.76581963e-08,1.76581963e-09,false,0.253746832,4.59002376,2765,0.0039434138,e818c6384e9722b8ea6a04ecc13483e9331c522f,0ce3ba605bfa0bb6fcfc2a988437c850d45e3e63,LineGaussRegularization,2026-09-07 17:53:44,
R1,dji9443_20260813_23_73_capped_captess4.msh,8016,fgs,38,0.0102777778,4.61107059,2.05589005,5,5,1,true,prev,0,-1,3,,,,p=6;mac=0.3;leaf=50;inner=10;tol_abs=1.7658196265827666e-8,17,0.65,6,36,73,true,multi,64,64,0.0464107259,6.21288673e-05,0.0196730982,0.0293088586,0.0340627122,0.0286347059,1.76581963e-08,1.76581963e-09,false,0.261640002,4.34943059,2845,-0.00115232074,e818c6384e9722b8ea6a04ecc13483e9331c522f,0ce3ba605bfa0bb6fcfc2a988437c850d45e3e63,LineGaussRegularization,2026-09-07 17:53:44,
R1,dji9443_20260813_23_73_capped_captess4.msh,8016,fgs,39,0.0105555556,4.63040252,1.96444051,5,5,1,true,prev,0,-1,3,,,,p=6;mac=0.3;leaf=50;inner=10;tol_abs=1.7658196265827666e-8,17,0.65,6,36,73,true,multi,64,64,0.0482638317,6.46095095e-05,0.0204586132,0.0304791137,0.0354227816,0.0297780436,1.76581963e-08,1.76581963e-09,false,0.335762372,4.29464015,2919,-0.0059727507,e818c6384e9722b8ea6a04ecc13483e9331c522f,0ce3ba605bfa0bb6fcfc2a988437c850d45e3e63,LineGaussRegularization,2026-09-07 17:53:44,
R1,dji9443_20260813_23_73_capped_captess4.msh,8016,fgs,40,0.0108333333,3.92427213,1.28659475,5,5,1,true,prev,0,-1,3,,,,p=6;mac=0.3;leaf=50;inner=10;tol_abs=1.7658196265827666e-8,17,0.65,6,36,73,true,multi,64,64,0.050111208,6.70825566e-05,0.0212416997,0.0316457515,0.0367786455,0.0309178463,1.76581963e-08,1.76581963e-09,false,0.259595814,3.66467632,2992,-0.0103840472,e818c6384e9722b8ea6a04ecc13483e9331c522f,0ce3ba605bfa0bb6fcfc2a988437c850d45e3e63,LineGaussRegularization,2026-09-07 17:53:44,
R1,dji9443_20260813_23_73_capped_captess4.msh,8016,fgs,41,0.0111111111,3.91475252,1.24247936,5,5,1,true,prev,0,-1,3,,,,p=6;mac=0.3;leaf=50;inner=10;tol_abs=1.7658196265827666e-8,17,0.65,6,36,73,true,multi,64,64,0.0519499896,6.9543694e-05,0.022021143,0.0328069609,0.0381282015,0.0320523461,1.76581963e-08,1.76581963e-09,false,0.345325733,3.56942679,3067,-0.0143183697,e818c6384e9722b8ea6a04ecc13483e9331c522f,0ce3ba605bfa0bb6fcfc2a988437c850d45e3e63,LineGaussRegularization,2026-09-07 17:53:44,
R1,dji9443_20260813_23_73_capped_captess4.msh,8016,fgs,42,0.0113888889,3.8795944,1.1495618,5,5,1,true,prev,0,-1,3,,,,p=6;mac=0.3;leaf=50;inner=10;tol_abs=1.7658196265827666e-8,17,0.65,6,36,73,true,multi,64,64,0.0537773117,7.19896522e-05,0.0227957285,0.0339609334,0.039469347,0.0331797757,1.76581963e-08,1.76581963e-09,false,0.343086029,3.53650837,3145,-0.0177846458,e818c6384e9722b8ea6a04ecc13483e9331c522f,0ce3ba605bfa0bb6fcfc2a988437c850d45e3e63,LineGaussRegularization,2026-09-07 17:53:44,
R1,dji9443_20260813_23_73_capped_captess4.msh,8016,fgs,43,0.0116666667,3.927253,1.15053872,5,5,1,true,prev,0,-1,3,,,,p=6;mac=0.3;leaf=50;inner=10;tol_abs=1.7658196265827666e-8,17,0.65,6,36,73,true,multi,64,64,0.0555903091,7.44165482e-05,0.023564242,0.03510586,0.0407999792,0.0342983672,1.76581963e-08,1.76581963e-09,false,0.26244815,3.66480485,3220,-0.0208473735,e818c6384e9722b8ea6a04ecc13483e9331c522f,0ce3ba605bfa0bb6fcfc2a988437c850d45e3e63,LineGaussRegularization,2026-09-07 17:53:44,
R1,dji9443_20260813_23_73_capped_captess4.msh,8016,fgs,44,0.0119444444,4.05849814,1.13944009,5,5,1,true,prev,0,-1,3,,,,p=6;mac=0.3;leaf=50;inner=10;tol_abs=1.7658196265827666e-8,17,0.65,6,36,73,true,multi,64,64,0.0573861175,7.6820275e-05,0.0243254692,0.0362399319,0.0421179953,0.0354063533,1.76581963e-08,1.76581963e-09,false,0.258066347,3.8004318,3296,-0.023608977,e818c6384e9722b8ea6a04ecc13483e9331c522f,0ce3ba605bfa0bb6fcfc2a988437c850d45e3e63,LineGaussRegularization,2026-09-07 17:53:44,
R1,dji9443_20260813_23_73_capped_captess4.msh,8016,fgs,45,0.0122222222,4.26802395,1.4617495,5,5,1,true,prev,0,-1,3,,,,p=6;mac=0.3;leaf=50;inner=10;tol_abs=1.7658196265827666e-8,17,0.65,6,36,73,true,multi,64,64,0.0591618709,7.91973827e-05,0.0250781955,0.0373613387,0.0434212929,0.036501966,1.76581963e-08,1.76581963e-09,false,0.258392731,4.00963122,3370,-0.0261927958,e818c6384e9722b8ea6a04ecc13483e9331c522f,0ce3ba605bfa0bb6fcfc2a988437c850d45e3e63,LineGaussRegularization,2026-09-07 17:53:44,
R1,dji9443_20260813_23_73_capped_captess4.msh,8016,fgs,46,0.0125,4.82663364,1.25318999,5,5,1,true,prev,0,-1,3,,,,p=6;mac=0.3;leaf=50;inner=10;tol_abs=1.7658196265827666e-8,17,0.65,6,36,73,true,multi,64,64,0.0609147059,8.15437101e-05,0.0258212058,0.0384682718,0.0447077692,0.0375834381,1.76581963e-08,1.76581963e-09,false,0.321945798,4.50468785,3450,-0.0287294122,e818c6384e9722b8ea6a04ecc13483e9331c522f,0ce3ba605bfa0bb6fcfc2a988437c850d45e3e63,LineGaussRegularization,2026-09-07 17:53:44,
R1,dji9443_20260813_23_73_capped_captess4.msh,8016,fgs,47,0.0127777778,4.72200274,1.52307149,5,5,1,true,prev,0,-1,3,,,,p=6;mac=0.3;leaf=50;inner=10;tol_abs=1.7658196265827666e-8,17,0.65,6,36,73,true,multi,64,64,0.0626417567,8.3855906e-05,0.0265532885,0.0395589233,0.0459753216,0.0386490022,1.76581963e-08,1.76581963e-09,false,0.338689438,4.3833133,3526,-0.0313334585,e818c6384e9722b8ea6a04ecc13483e9331c522f,0ce3ba605bfa0bb6fcfc2a988437c850d45e3e63,LineGaussRegularization,2026-09-07 17:53:44,
R1,dji9443_20260813_23_73_capped_captess4.msh,8016,fgs,48,0.0130555556,4.22344873,1.16590728,5,5,1,true,prev,0,-1,3,,,,p=6;mac=0.3;leaf=50;inner=10;tol_abs=1.7658196265827666e-8,17,0.65,6,36,73,true,multi,64,64,0.0643401585,8.61294083e-05,0.0272732257,0.0406314817,0.0472218475,0.0396968899,1.76581963e-08,1.76581963e-09,false,0.254574837,3.9688739,3605,-0.0340913198,e818c6384e9722b8ea6a04ecc13483e9331c522f,0ce3ba605bfa0bb6fcfc2a988437c850d45e3e63,LineGaussRegularization,2026-09-07 17:53:44,
R1,dji9443_20260813_23_73_capped_captess4.msh,8016,fgs,49,0.0133333333,4.4561741,1.27753819,5,5,1,true,prev,0,-1,3,,,,p=6;mac=0.3;leaf=50;inner=10;tol_abs=1.7658196265827666e-8,17,0.65,6,36,73,true,multi,64,64,0.0660070465,8.83609932e-05,0.0279798051,0.0416841389,0.048445244,0.040725334,1.76581963e-08,1.76581963e-09,false,0.261526506,4.19464759,3680,-0.0370567538,e818c6384e9722b8ea6a04ecc13483e9331c522f,0ce3ba605bfa0bb6fcfc2a988437c850d45e3e63,LineGaussRegularization,2026-09-07 17:53:44,
R1,dji9443_20260813_23_73_capped_captess4.msh,8016,fgs,50,0.0136111111,4.51599225,1.11313041,5,5,1,true,prev,0,-1,3,,,,p=6;mac=0.3;leaf=50;inner=10;tol_abs=1.7658196265827666e-8,17,0.65,6,36,73,true,multi,64,64,0.0676395559,9.05462648e-05,0.0286718114,0.042715085,0.0496434087,0.0417325672,1.76581963e-08,1.76581963e-09,false,0.264051276,4.25194098,3762,-0.0402483361,e818c6384e9722b8ea6a04ecc13483e9331c522f,0ce3ba605bfa0bb6fcfc2a988437c850d45e3e63,LineGaussRegularization,2026-09-07 17:53:44,
R1,dji9443_20260813_23_73_capped_captess4.msh,8016,fgs,51,0.0138888889,4.69471678,1.14854203,5,5,1,true,prev,0,-1,3,,,,p=6;mac=0.3;leaf=50;inner=10;tol_abs=1.7658196265827666e-8,17,0.65,6,36,73,true,multi,64,64,0.0692348218,9.26816501e-05,0.0293480305,0.0437225113,0.0508142387,0.0427168217,1.76581963e-08,1.76581963e-09,false,0.278718001,4.41599878,3839,-0.0436439364,e818c6384e9722b8ea6a04ecc13483e9331c522f,0ce3ba605bfa0bb6fcfc2a988437c850d45e3e63,LineGaussRegularization,2026-09-07 17:53:44,
R1,dji9443_20260813_23_73_capped_captess4.msh,8016,fgs,52,0.0141666667,4.63307967,1.27897757,5,5,1,true,prev,0,-1,3,,,,p=6;mac=0.3;leaf=50;inner=10;tol_abs=1.7658196265827666e-8,17,0.65,6,36,73,true,multi,64,64,0.070789979,9.47635608e-05,0.0300072479,0.0447046093,0.0519556317,0.0436763298,1.76581963e-08,1.76581963e-09,false,0.259735447,4.37334422,3918,-0.0471717414,e818c6384e9722b8ea6a04ecc13483e9331c522f,0ce3ba605bfa0bb6fcfc2a988437c850d45e3e63,LineGaussRegularization,2026-09-07 17:53:44,
R1,dji9443_20260813_23_73_capped_captess4.msh,8016,fgs,53,0.0144444444,4.77272958,1.29078565,5,5,1,true,prev,0,-1,3,,,,p=6;mac=0.3;leaf=50;inner=10;tol_abs=1.7658196265827666e-8,17,0.65,6,36,73,true,multi,64,64,0.0723021634,9.67876237e-05,0.0306482495,0.0456595699,0.0530654847,0.0446093242,1.76581963e-08,1.76581963e-09,false,0.252652502,4.52007708,4000,-0.0507260603,e818c6384e9722b8ea6a04ecc13483e9331c522f,0ce3ba605bfa0bb6fcfc2a988437c850d45e3e63,LineGaussRegularization,2026-09-07 17:53:44,
R1,dji9443_20260813_23_73_capped_captess4.msh,8016,fgs,54,0.0147222222,4.97023363,1.36800804,5,5,1,true,prev,0,-1,3,,,,p=6;mac=0.3;leaf=50;inner=10;tol_abs=1.7658196265827666e-8,17,0.65,6,36,73,true,multi,64,64,0.0737685086,9.87505638e-05,0.0312698204,0.0465855817,0.0541416951,0.0455140369,1.76581963e-08,1.76581963e-09,false,0.333125539,4.63710809,4082,-0.0542020168,e818c6384e9722b8ea6a04ecc13483e9331c522f,0ce3ba605bfa0bb6fcfc2a988437c850d45e3e63,LineGaussRegularization,2026-09-07 17:53:44,
R1,dji9443_20260813_23_73_capped_captess4.msh,8016,fgs,55,0.015,6.16435145,1.89174113,5,5,1,true,prev,0,-1,3,,,,p=6;mac=0.3;leaf=50;inner=10;tol_abs=1.7658196265827666e-8,17,0.65,6,36,73,true,multi,64,64,0.0751861519,0.000100648086,0.0318707459,0.0474808377,0.0551821604,0.0463887008,1.76581963e-08,1.76581963e-09,false,0.315291196,5.84906025,4163,-0.0575011851,e818c6384e9722b8ea6a04ecc13483e9331c522f,0ce3ba605bfa0bb6fcfc2a988437c850d45e3e63,LineGaussRegularization,2026-09-07 17:53:44,
R1,dji9443_20260813_23_73_capped_captess4.msh,8016,fgs,56,0.0152777778,6.28727436,2.3104048,5,5,1,true,prev,0,-1,3,,,,p=6;mac=0.3;leaf=50;inner=10;tol_abs=1.7658196265827666e-8,17,0.65,6,36,73,true,multi,64,64,0.0765522267,0.000102477021,0.0324498139,0.0483435298,0.0561847779,0.0472315483,1.76581963e-08,1.76581963e-09,false,0.33406162,5.95321274,4246,-0.0605675923,e818c6384e9722b8ea6a04ecc13483e9331c522f,0ce3ba605bfa0bb6fcfc2a988437c850d45e3e63,LineGaussRegularization,2026-09-07 17:53:44,
R1,dji9443_20260813_23_73_capped_captess4.msh,8016,fgs,57,0.0155555556,5.75102753,1.89262592,5,5,1,true,prev,0,-1,3,,,,p=6;mac=0.3;leaf=50;inner=10;tol_abs=1.7658196265827666e-8,17,0.65,6,36,73,true,multi,64,64,0.0778638685,0.000104232726,0.0330058068,0.0491718456,0.0571474448,0.0480408109,1.76581963e-08,1.76581963e-09,false,0.33076625,5.42026128,4323,-0.063381177,e818c6384e9722b8ea6a04ecc13483e9331c522f,0ce3ba605bfa0bb6fcfc2a988437c850d45e3e63,LineGaussRegularization,2026-09-07 17:53:44,
R1,dji9443_20260813_23_73_capped_captess4.msh,8016,fgs,58,0.0158333333,5.75764308,1.9808033,5,5,1,true,prev,0,-1,3,,,,p=6;mac=0.3;leaf=50;inner=10;tol_abs=1.7658196265827666e-8,17,0.65,6,36,73,true,multi,64,64,0.0791182126,0.000105911935,0.0335375124,0.0499639766,0.0580680587,0.0488147217,1.76581963e-08,1.76581963e-09,false,0.254642887,5.50300019,4404,-0.0659384933,e818c6384e9722b8ea6a04ecc13483e9331c522f,0ce3ba605bfa0bb6fcfc2a988437c850d45e3e63,LineGaussRegularization,2026-09-07 17:53:44,
R1,dji9443_20260813_23_73_capped_captess4.msh,8016,fgs,59,0.0161111111,6.3532096,2.40109608,5,5,1,true,prev,0,-1,3,,,,p=6;mac=0.3;leaf=50;inner=10;tol_abs=1.7658196265827666e-8,17,0.65,6,36,73,true,multi,64,64,0.080312394,0.000107510248,0.0340437154,0.0507181137,0.0589445168,0.0495515132,1.76581963e-08,1.76581963e-09,false,0.267626694,6.08558291,4482,-0.0682160832,e818c6384e9722b8ea6a04ecc13483e9331c522f,0ce3ba605bfa0bb6fcfc2a988437c850d45e3e63,LineGaussRegularization,2026-09-07 17:53:44,
R1,dji9443_20260813_23_73_capped_captess4.msh,8016,fgs,60,0.0163888889,5.80311137,1.83536827,5,5,1,true,prev,0,-1,3,,,,p=6;mac=0.3;leaf=50;inner=10;tol_abs=1.7658196265827666e-8,17,0.65,6,36,73,true,multi,64,64,0.081443548,0.000109024362,0.0345232014,0.051432448,0.0597747161,0.0502494177,1.76581963e-08,1.76581963e-09,false,0.263916664,5.5391947,4563,-0.0702358155,e818c6384e9722b8ea6a04ecc13483e9331c522f,0ce3ba605bfa0bb6fcfc2a988437c850d45e3e63,LineGaussRegularization,2026-09-07 17:53:44,
R1,dji9443_20260813_23_73_capped_captess4.msh,8016,fgs,61,0.0166666667,5.87834585,1.79797522,5,5,1,true,prev,0,-1,3,,,,p=6;mac=0.3;leaf=50;inner=10;tol_abs=1.7658196265827666e-8,17,0.65,6,36,73,true,multi,64,64,0.082508809,0.000110450404,0.0349747561,0.0521051718,0.0605565546,0.0509066674,1.76581963e-08,1.76581963e-09,false,0.262844226,5.61550162,4645,-0.0720159501,e818c6384e9722b8ea6a04ecc13483e9331c522f,0ce3ba605bfa0bb6fcfc2a988437c850d45e3e63,LineGaussRegularization,2026-09-07 17:53:44,
R1,dji9443_20260813_23_73_capped_captess4.msh,8016,fgs,62,0.0169444444,6.07764879,1.95828819,5,5,1,true,prev,0,-1,3,,,,p=6;mac=0.3;leaf=50;inner=10;tol_abs=1.7658196265827666e-8,17,0.65,6,36,73,true,multi,64,64,0.0835053134,0.000111784154,0.0353971656,0.0527344753,0.0612879291,0.0515214953,1.76581963e-08,1.76581963e-09,false,0.254151623,5.82349717,4726,-0.0735577343,e818c6384e9722b8ea6a04ecc13483e9331c522f,0ce3ba605bfa0bb6fcfc2a988437c850d45e3e63,LineGaussRegularization,2026-09-07 17:53:44,
R1,dji9443_20260813_23_73_capped_captess4.msh,8016,fgs,63,0.0172222222,5.93967546,1.66801163,4,4,1,true,prev,0,-1,3,,,,p=6;mac=0.3;leaf=50;inner=10;tol_abs=1.7658196265827666e-8,17,0.65,6,36,73,true,multi,64,64,0.0844301911,0.000113025904,0.0357892158,0.0533185467,0.0619667371,0.0520921325,1.76581963e-08,1.76581963e-09,false,0.260185113,5.67949035,4809,-0.0748729435,e818c6384e9722b8ea6a04ecc13483e9331c522f,0ce3ba605bfa0bb6fcfc2a988437c850d45e3e63,LineGaussRegularization,2026-09-07 17:53:44,
R1,dji9443_20260813_23_73_capped_captess4.msh,8016,fgs,64,0.0175,6.68677746,1.69805765,4,4,1,true,prev,0,-1,3,,,,p=6;mac=0.3;leaf=50;inner=10;tol_abs=1.7658196265827666e-8,17,0.65,6,36,73,true,multi,64,64,0.0852805865,0.000114163816,0.0361496898,0.0538555797,0.0625908761,0.0526168131,1.76581963e-08,1.76581963e-09,false,0.242298954,6.44447851,4891,-0.0759990343,e818c6384e9722b8ea6a04ecc13483e9331c522f,0ce3ba605bfa0bb6fcfc2a988437c850d45e3e63,LineGaussRegularization,2026-09-07 17:53:44,
R1,dji9443_20260813_23_73_capped_captess4.msh,8016,fgs,65,0.0177777778,7.05339086,2.23331013,4,4,1,true,prev,0,-1,3,,,,p=6;mac=0.3;leaf=50;inner=10;tol_abs=1.7658196265827666e-8,17,0.65,6,36,73,true,multi,64,64,0.0860536296,0.00011519838,0.0364773764,0.0543437663,0.0631582434,0.0530937691,1.76581963e-08,1.76581963e-09,false,0.264772541,6.78861831,4975,-0.0769750052,e818c6384e9722b8ea6a04ecc13483e9331c522f,0ce3ba605bfa0bb6fcfc2a988437c850d45e3e63,LineGaussRegularization,2026-09-07 17:53:44,
R1,dji9443_20260813_23_73_capped_captess4.msh,8016,fgs,66,0.0180555556,4.21342476,1.64353592,4,4,1,true,prev,0,-1,3,,,,p=6;mac=0.3;leaf=50;inner=10;tol_abs=1.7658196265827666e-8,17,0.65,6,36,73,true,multi,64,64,0.0867464556,0.000116125345,0.0367710586,0.0547812933,0.0636667362,0.0535212317,1.76581963e-08,1.76581963e-09,false,0.253433519,3.95999124,5055,-0.0778431279,e818c6384e9722b8ea6a04ecc13483e9331c522f,0ce3ba605bfa0bb6fcfc2a988437c850d45e3e63,LineGaussRegularization,2026-09-07 17:53:44,
R1,dji9443_20260813_23_73_capped_captess4.msh,8016,fgs,67,0.0183333333,3.75757457,1.55860346,4,4,1,true,prev,0,-1,3,,,,p=6;mac=0.3;leaf=50;inner=10;tol_abs=1.7658196265827666e-8,17,0.65,6,36,73,true,multi,64,64,0.0873562,0.000116941357,0.0370295239,0.0551663525,0.064114252,0.0538974342,1.76581963e-08,1.76581963e-09,false,0.263818766,3.4937558,5133,-0.0786265169,e818c6384e9722b8ea6a04ecc13483e9331c522f,0ce3ba605bfa0bb6fcfc2a988437c850d45e3e63,LineGaussRegularization,2026-09-07 17:53:44,
R1,dji9443_20260813_23_73_capped_captess4.msh,8016,fgs,68,0.0186111111,3.93250323,1.37523339,4,4,1,true,prev,0,-1,3,,,,p=6;mac=0.3;leaf=50;inner=10;tol_abs=1.7658196265827666e-8,17,0.65,6,36,73,true,multi,64,64,0.0878799977,0.000117641862,0.0372515568,0.0554971351,0.0644986882,0.054220609,1.76581963e-08,1.76581963e-09,false,0.273805805,3.65869743,5216,-0.0793379767,e818c6384e9722b8ea6a04ecc13483e9331c522f,0ce3ba605bfa0bb6fcfc2a988437c850d45e3e63,LineGaussRegularization,2026-09-07 17:53:44,
R1,dji9443_20260813_23_73_capped_captess4.msh,8016,fgs,69,0.0188888889,4.38042515,1.90196868,4,4,1,true,prev,0,-1,3,,,,p=6;mac=0.3;leaf=50;inner=10;tol_abs=1.7658196265827666e-8,17,0.65,6,36,73,true,multi,64,64,0.088314984,0.000118223568,0.0374359432,0.0557718318,0.0648179415,0.0544889886,1.76581963e-08,1.76581963e-09,false,0.267623725,4.11280143,5297,-0.0799492941,e818c6384e9722b8ea6a04ecc13483e9331c522f,0ce3ba605bfa0bb6fcfc2a988437c850d45e3e63,LineGaussRegularization,2026-09-07 17:53:44,
R1,dji9443_20260813_23_73_capped_captess4.msh,8016,fgs,70,0.0191666667,3.83699159,1.59454839,4,4,1,true,prev,0,-1,3,,,,p=6;mac=0.3;leaf=50;inner=10;tol_abs=1.7658196265827666e-8,17,0.65,6,36,73,true,multi,64,64,0.0886582936,0.0001186826,0.0375814685,0.0559886355,0.0650699103,0.054700805,1.76581963e-08,1.76581963e-09,false,0.340311656,3.49667993,5378,-0.0804075058,e818c6384e9722b8ea6a04ecc13483e9331c522f,0ce3ba605bfa0bb6fcfc2a988437c850d45e3e63,LineGaussRegularization,2026-09-07 17:53:44,
R1,dji9443_20260813_23_73_capped_captess4.msh,8016,fgs,71,0.0194444444,3.74832211,1.47945851,4,4,1,true,prev,0,-1,3,,,,p=6;mac=0.3;leaf=50;inner=10;tol_abs=1.7658196265827666e-8,17,0.65,6,36,73,true,multi,64,64,0.0889070626,0.000119014688,0.0376869188,0.0561457359,0.0652524912,0.0548542912,1.76581963e-08,1.76581963e-09,false,0.255724518,3.49259759,5456,-0.0806528327,e818c6384e9722b8ea6a04ecc13483e9331c522f,0ce3ba605bfa0bb6fcfc2a988437c850d45e3e63,LineGaussRegularization,2026-09-07 17:53:44,
R1,dji9443_20260813_23_73_capped_captess4.msh,8016,fgs,72,0.0197222222,3.76670434,1.43174263,4,4,1,true,prev,0,-1,3,,,,p=6;mac=0.3;leaf=50;inner=10;tol_abs=1.7658196265827666e-8,17,0.65,6,36,73,true,multi,64,64,0.0890584248,0.000119216577,0.0377510786,0.0562413212,0.0653635819,0.0549476789,1.76581963e-08,1.76581963e-09,false,0.255738875,3.51096547,5534,-0.0806682368,e818c6384e9722b8ea6a04ecc13483e9331c522f,0ce3ba605bfa0bb6fcfc2a988437c850d45e3e63,LineGaussRegularization,2026-09-07 17:53:44,
R1,dji9443_20260813_23_73_capped_captess4.msh,8016,fgs,73,0.02,4.54309027,1.57434931,4,4,1,true,prev,0,-1,3,5614,83240.7202,,p=6;mac=0.3;leaf=50;inner=10;tol_abs=1.7658196265827666e-8,17,0.65,6,36,73,true,multi,64,64,0.0891095164,0.000119284161,0.037772734,0.0562735853,0.0654010795,0.0549792012,1.76581963e-08,1.76581963e-09,false,0.245189108,4.29790116,5614,-0.0804187323,e818c6384e9722b8ea6a04ecc13483e9331c522f,0ce3ba605bfa0bb6fcfc2a988437c850d45e3e63,LineGaussRegularization,2026-09-07 17:53:44,
R1,dji9443_20260813_23_73_capped_captess4.msh,8016,fgs,1,0,50.4052719,6.80644122,6,6,1,true,extrap,1,-1,3,,,29.2652902,p=6;mac=0.3;leaf=50;inner=10;tol_abs=1.7658196265827666e-8,17,0.65,6,36,73,true,multi,64,64,9.12186497e-09,1.62413485e-14,3.09478704e-10,6.39467689e-10,1.17976314e-09,1.18868651e-09,1.76581963e-08,1.76581963e-09,false,1.22129742,49.1839745,0,0.0533282518,e818c6384e9722b8ea6a04ecc13483e9331c522f,0ce3ba605bfa0bb6fcfc2a988437c850d45e3e63,LineGaussRegularization,2026-09-07 18:01:04,"RHPC setup-only include; t_solve = solve_formulation! wall (incl. the per-step Dirichlet source-potential assembly inside solve!); t_step from maneuver! deltas; niter now recorded for FGS as well as Krylov (Phase 3); niter=-1 means a direct solve. niter is the LAST inner solve of the step (legacy diagnostic); niter_first is the FIRST and is the warmstart comparison metric; nsolves is the per-body solve count of the step (must be 1 for a one-body run; -1 = unavailable); solved is the AND of the step's inner convergence flags. Wake-developed averages should drop the first skip_steps rows. bcerr_* are order statistics of the per-panel Dirichlet BC residual |phi_sigma + G_mu x| from ONE bc_error! pass per step; bcerr_tol is THIS arm's own effective absolute acceptance level, so bcerr_max <= bcerr_tol is the arm's promise checked independently. The pass requests an absolute FMM error of bcerr_eps = BCERR_SAFETY * bcerr_tol, so the instrument is ~10x sharper than the acceptance level by construction; bcerr_certified=false means some M2L pair could not certify that bound and the row is UNCERTIFIED. The pass is EXCLUDED from t_solve, but NOT from t_step_total (it lies inside the maneuver!-to-maneuver! window); use t_step_net = t_step_total - t_bcerr for full-timestep share. Its own cost is t_bcerr (~62% of t_solve at R1 — it certifies to 10x below tol_abs, so the FMM climbs its order). BCERR_EVERY>1 subsamples it; skipped steps write EMPTY bcerr_* cells, never a fabricated value. n_particles and CT are per-step identity REPORTING, not assertions: the wake is chaotic, so small differences compound and exact trajectory identity is not expected. CT requires RUN_MONITORS=true (default under PHASE=phase3)."
R1,dji9443_20260813_23_73_capped_captess4.msh,8016,fgs,2,0.000277777778,5.60115475,1.70250277,6,6,1,true,extrap,1,-1,3,,,,p=6;mac=0.3;leaf=50;inner=10;tol_abs=1.7658196265827666e-8,17,0.65,6,36,73,true,multi,64,64,5.10898494e-05,6.75410748e-08,2.16554915e-05,3.22648016e-05,3.74994209e-05,3.15221055e-05,1.76581963e-08,1.76581963e-09,false,0.267851683,5.33330307,0,0.0738110455,e818c6384e9722b8ea6a04ecc13483e9331c522f,0ce3ba605bfa0bb6fcfc2a988437c850d45e3e63,LineGaussRegularization,2026-09-07 18:01:04,
R1,dji9443_20260813_23_73_capped_captess4.msh,8016,fgs,3,0.000555555556,4.59158477,1.27584651,5,5,1,true,extrap,1,-1,3,,,,p=6;mac=0.3;leaf=50;inner=10;tol_abs=1.7658196265827666e-8,17,0.65,6,36,73,true,multi,64,64,0.000202450306,2.7140318e-07,8.58168581e-05,0.00012785038,0.000148590162,0.000124909754,1.76581963e-08,1.76581963e-09,false,0.396989541,4.19459523,84,0.0913695096,e818c6384e9722b8ea6a04ecc13483e9331c522f,0ce3ba605bfa0bb6fcfc2a988437c850d45e3e63,LineGaussRegularization,2026-09-07 18:01:04,
R1,dji9443_20260813_23_73_capped_captess4.msh,8016,fgs,4,0.000833333333,2.74228072,1.49778786,5,5,1,true,extrap,1,-1,3,,,,p=6;mac=0.3;leaf=50;inner=10;tol_abs=1.7658196265827666e-8,17,0.65,6,36,73,true,multi,64,64,0.000451215445,6.06912235e-07,0.000191268529,0.000284950932,0.000331170993,0.000278395532,1.76581963e-08,1.76581963e-09,false,0.268915935,2.47336479,168,0.100586409,e818c6384e9722b8ea6a04ecc13483e9331c522f,0ce3ba605bfa0bb6fcfc2a988437c850d45e3e63,LineGaussRegularization,2026-09-07 18:01:04,
R1,dji9443_20260813_23_73_capped_captess4.msh,8016,fgs,5,0.00111111111,2.80448554,1.47587769,5,5,1,true,extrap,1,-1,3,,,,p=6;mac=0.3;leaf=50;inner=10;tol_abs=1.7658196265827666e-8,17,0.65,6,36,73,true,multi,64,64,0.000794525542,1.06532718e-06,0.000336794092,0.000501754727,0.000583139489,0.00049021215,1.76581963e-08,1.76581963e-09,false,0.271367437,2.53311811,249,0.105160629,e818c6384e9722b8ea6a04ecc13483e9331c522f,0ce3ba605bfa0bb6fcfc2a988437c850d45e3e63,LineGaussRegularization,2026-09-07 18:01:04,
R1,dji9443_20260813_23_73_capped_captess4.msh,8016,fgs,6,0.00138888889,2.98873197,1.52000511,5,5,1,true,extrap,1,-1,3,,,,p=6;mac=0.3;leaf=50;inner=10;tol_abs=1.7658196265827666e-8,17,0.65,6,36,73,true,multi,64,64,0.00122951158,1.64738046e-06,0.000521180215,0.000776454186,0.000902393668,0.000758591766,1.76581963e-08,1.76581963e-09,false,0.395661603,2.59307037,329,0.107104974,e818c6384e9722b8ea6a04ecc13483e9331c522f,0ce3ba605bfa0bb6fcfc2a988437c850d45e3e63,LineGaussRegularization,2026-09-07 18:01:04,
R1,dji9443_20260813_23_73_capped_captess4.msh,8016,fgs,7,0.00166666667,2.568894,1.12257513,5,5,1,true,extrap,1,-1,3,,,,p=6;mac=0.3;leaf=50;inner=10;tol_abs=1.7658196265827666e-8,17,0.65,6,36,73,true,multi,64,64,0.00175330948,2.34819961e-06,0.000743213482,0.00110723636,0.0012868294,0.00108176664,1.76581963e-08,1.76581963e-09,false,0.339340621,2.22955338,408,0.107517378,e818c6384e9722b8ea6a04ecc13483e9331c522f,0ce3ba605bfa0bb6fcfc2a988437c850d45e3e63,LineGaussRegularization,2026-09-07 18:01:04,
R1,dji9443_20260813_23_73_capped_captess4.msh,8016,fgs,8,0.00194444444,2.49303388,1.02364741,4,4,1,true,extrap,1,-1,3,,,,p=6;mac=0.3;leaf=50;inner=10;tol_abs=1.7658196265827666e-8,17,0.65,6,36,73,true,multi,64,64,0.00236305069,3.16692913e-06,0.00100167902,0.00149229566,0.00173434488,0.00145796893,1.76581963e-08,1.76581963e-09,false,0.333861112,2.15917277,491,0.107007665,e818c6384e9722b8ea6a04ecc13483e9331c522f,0ce3ba605bfa0bb6fcfc2a988437c850d45e3e63,LineGaussRegularization,2026-09-07 18:01:04,
R1,dji9443_20260813_23_73_capped_captess4.msh,8016,fgs,9,0.00222222222,2.83570208,1.25188265,4,4,1,true,extrap,1,-1,3,,,,p=6;mac=0.3;leaf=50;inner=10;tol_abs=1.7658196265827666e-8,17,0.65,6,36,73,true,multi,64,64,0.0030558773,4.09326615e-06,0.00129536152,0.00192982404,0.00224283788,0.00188543199,1.76581963e-08,1.76581963e-09,false,0.338873793,2.49682829,569,0.105904446,e818c6384e9722b8ea6a04ecc13483e9331c522f,0ce3ba605bfa0bb6fcfc2a988437c850d45e3e63,LineGaussRegularization,2026-09-07 18:01:04,
R1,dji9443_20260813_23_73_capped_captess4.msh,8016,fgs,10,0.0025,3.15324064,1.13544366,4,4,1,true,extrap,1,-1,3,,,,p=6;mac=0.3;leaf=50;inner=10;tol_abs=1.7658196265827666e-8,17,0.65,6,36,73,true,multi,64,64,0.0038289206,5.12758676e-06,0.00162304576,0.00241800833,0.00281020524,0.00236238738,1.76581963e-08,1.76581963e-09,false,0.319704358,2.83353628,649,0.10439031,e818c6384e9722b8ea6a04ecc13483e9331c522f,0ce3ba605bfa0bb6fcfc2a988437c850d45e3e63,LineGaussRegularization,2026-09-07 18:01:04,
R1,dji9443_20260813_23_73_capped_captess4.msh,8016,fgs,11,0.00277777778,3.11365638,1.55672104,4,4,1,true,extrap,1,-1,3,,,,p=6;mac=0.3;leaf=50;inner=10;tol_abs=1.7658196265827666e-8,17,0.65,6,36,73,true,multi,64,64,0.00467931544,6.26562894e-06,0.00198352222,0.00295503973,0.00343434418,0.00288706764,1.76581963e-08,1.76581963e-09,false,0.291743883,2.8219125,730,0.102560447,e818c6384e9722b8ea6a04ecc13483e9331c522f,0ce3ba605bfa0bb6fcfc2a988437c850d45e3e63,LineGaussRegularization,2026-09-07 18:01:04,
R1,dji9443_20260813_23_73_capped_captess4.msh,8016,fgs,12,0.00305555556,2.66616071,1.04790739,4,4,1,true,extrap,1,-1,3,,,,p=6;mac=0.3;leaf=50;inner=10;tol_abs=1.7658196265827666e-8,17,0.65,6,36,73,true,multi,64,64,0.00560419749,7.50369083e-06,0.00237557114,0.00353911083,0.00411315243,0.00345770553,1.76581963e-08,1.76581963e-09,false,0.341001516,2.3251592,810,0.100456218,e818c6384e9722b8ea6a04ecc13483e9331c522f,0ce3ba605bfa0bb6fcfc2a988437c850d45e3e63,LineGaussRegularization,2026-09-07 18:01:04,
R1,dji9443_20260813_23_73_capped_captess4.msh,8016,fgs,13,0.00333333333,2.90753756,1.26091699,4,4,1,true,extrap,1,-1,3,,,,p=6;mac=0.3;leaf=50;inner=10;tol_abs=1.7658196265827666e-8,17,0.65,6,36,73,true,multi,64,64,0.0066007014,8.83772627e-06,0.00279798035,0.00416841456,0.00484452691,0.00407253325,1.76581963e-08,1.76581963e-09,false,0.272140782,2.63539677,891,0.0980784947,e818c6384e9722b8ea6a04ecc13483e9331c522f,0ce3ba605bfa0bb6fcfc2a988437c850d45e3e63,LineGaussRegularization,2026-09-07 18:01:04,
R1,dji9443_20260813_23_73_capped_captess4.msh,8016,fgs,14,0.00361111111,3.67939354,1.31326905,4,4,1,true,extrap,1,-1,3,,,,p=6;mac=0.3;leaf=50;inner=10;tol_abs=1.7658196265827666e-8,17,0.65,6,36,73,true,multi,64,64,0.00766596263,1.02636066e-05,0.00324953544,0.00484113876,0.00562636503,0.00472978311,1.76581963e-08,1.76581963e-09,false,0.277901451,3.40149209,972,0.0954106602,e818c6384e9722b8ea6a04ecc13483e9331c522f,0ce3ba605bfa0bb6fcfc2a988437c850d45e3e63,LineGaussRegularization,2026-09-07 18:01:04,
R1,dji9443_20260813_23_73_capped_captess4.msh,8016,fgs,15,0.00388888889,2.68413994,1.00316664,4,4,1,true,extrap,1,-1,3,,,,p=6;mac=0.3;leaf=50;inner=10;tol_abs=1.7658196265827666e-8,17,0.65,6,36,73,true,multi,64,64,0.0087971162,1.1778175e-05,0.00372902131,0.00555547536,0.00645656492,0.00542768765,1.76581963e-08,1.76581963e-09,false,0.359919067,2.32422087,1050,0.0924116741,e818c6384e9722b8ea6a04ecc13483e9331c522f,0ce3ba605bfa0bb6fcfc2a988437c850d45e3e63,LineGaussRegularization,2026-09-07 18:01:04,
R1,dji9443_20260813_23_73_capped_captess4.msh,8016,fgs,16,0.00416666667,2.80428691,1.18286195,4,4,1,true,extrap,1,-1,3,,,,p=6;mac=0.3;leaf=50;inner=10;tol_abs=1.7658196265827666e-8,17,0.65,6,36,73,true,multi,64,64,0.00999129765,1.33768514e-05,0.00423522456,0.00630961222,0.00733302255,0.00616447916,1.76581963e-08,1.76581963e-09,false,0.2751265,2.52916041,1126,0.0890361039,e818c6384e9722b8ea6a04ecc13483e9331c522f,0ce3ba605bfa0bb6fcfc2a988437c850d45e3e63,LineGaussRegularization,2026-09-07 18:01:04,
R1,dji9443_20260813_23_73_capped_captess4.msh,8016,fgs,17,0.00444444444,2.72747324,1.0901626,4,4,1,true,extrap,1,-1,3,,,,p=6;mac=0.3;leaf=50;inner=10;tol_abs=1.7658196265827666e-8,17,0.65,6,36,73,true,multi,64,64,0.0112456412,1.50562901e-05,0.00476692977,0.00710174312,0.00825363616,0.00693839,1.76581963e-08,1.76581963e-09,false,0.26022296,2.46725028,1204,0.0852341364,e818c6384e9722b8ea6a04ecc13483e9331c522f,0ce3ba605bfa0bb6fcfc2a988437c850d45e3e63,LineGaussRegularization,2026-09-07 18:01:04,
R1,dji9443_20260813_23_73_capped_captess4.msh,8016,fgs,18,0.00472222222,2.83430158,1.22456061,4,4,1,true,extrap,1,-1,3,,,,p=6;mac=0.3;leaf=50;inner=10;tol_abs=1.7658196265827666e-8,17,0.65,6,36,73,true,multi,64,64,0.0125572828,1.68121635e-05,0.00532292333,0.00793006029,0.00921630313,0.007747653,1.76581963e-08,1.76581963e-09,false,0.264436287,2.56986529,1283,0.081005025,e818c6384e9722b8ea6a04ecc13483e9331c522f,0ce3ba605bfa0bb6fcfc2a988437c850d45e3e63,LineGaussRegularization,2026-09-07 18:01:04,
R1,dji9443_20260813_23_73_capped_captess4.msh,8016,fgs,19,0.005,3.1556308,1.12776031,4,4,1,true,extrap,1,-1,3,,,,p=6;mac=0.3;leaf=50;inner=10;tol_abs=1.7658196265827666e-8,17,0.65,6,36,73,true,multi,64,64,0.0139233578,1.86406245e-05,0.00590198888,0.00879275018,0.0102189206,0.0085905,1.76581963e-08,1.76581963e-09,false,0.326591114,2.82903969,1362,0.0764214611,e818c6384e9722b8ea6a04ecc13483e9331c522f,0ce3ba605bfa0bb6fcfc2a988437c850d45e3e63,LineGaussRegularization,2026-09-07 18:01:04,
R1,dji9443_20260813_23_73_capped_captess4.msh,8016,fgs,20,0.00527777778,3.09716755,1.30437201,4,4,1,true,extrap,1,-1,3,,,,p=6;mac=0.3;leaf=50;inner=10;tol_abs=1.7658196265827666e-8,17,0.65,6,36,73,true,multi,64,64,0.0153410013,2.05375356e-05,0.00650291644,0.00968800467,0.0112593858,0.00946516361,1.76581963e-08,1.76581963e-09,false,0.264019353,2.8331482,1435,0.0716455875,e818c6384e9722b8ea6a04ecc13483e9331c522f,0ce3ba605bfa0bb6fcfc2a988437c850d45e3e63,LineGaussRegularization,2026-09-07 18:01:04,
R1,dji9443_20260813_23_73_capped_captess4.msh,8016,fgs,21,0.00555555556,2.77256969,1.03972864,4,4,1,true,extrap,1,-1,3,,,,p=6;mac=0.3;leaf=50;inner=10;tol_abs=1.7658196265827666e-8,17,0.65,6,36,73,true,multi,64,64,0.0168073484,2.24994631e-05,0.00712448678,0.0106140159,0.0123355964,0.0103698766,1.76581963e-08,1.76581963e-09,false,0.259769668,2.51280002,1514,0.0668964623,e818c6384e9722b8ea6a04ecc13483e9331c522f,0ce3ba605bfa0bb6fcfc2a988437c850d45e3e63,LineGaussRegularization,2026-09-07 18:01:04,
R1,dji9443_20260813_23_73_capped_captess4.msh,8016,fgs,22,0.00583333333,3.04441694,1.24114449,4,4,1,true,extrap,1,-1,3,,,,p=6;mac=0.3;leaf=50;inner=10;tol_abs=1.7658196265827666e-8,17,0.65,6,36,73,true,multi,64,64,0.0183195335,2.45227209e-05,0.0077654872,0.0115689771,0.0134454495,0.0113028711,1.76581963e-08,1.76581963e-09,false,0.339315955,2.70510099,1595,0.0623869489,e818c6384e9722b8ea6a04ecc13483e9331c522f,0ce3ba605bfa0bb6fcfc2a988437c850d45e3e63,LineGaussRegularization,2026-09-07 18:01:04,
R1,dji9443_20260813_23_73_capped_captess4.msh,8016,fgs,23,0.00611111111,3.17162263,1.34619729,4,4,1,true,extrap,1,-1,3,,,,p=6;mac=0.3;leaf=50;inner=10;tol_abs=1.7658196265827666e-8,17,0.65,6,36,73,true,multi,64,64,0.0198746913,2.66037196e-05,0.00842470434,0.0125510756,0.0145868424,0.0122623793,1.76581963e-08,1.76581963e-09,false,0.268275912,2.90334672,1675,0.05823004,e818c6384e9722b8ea6a04ecc13483e9331c522f,0ce3ba605bfa0bb6fcfc2a988437c850d45e3e63,LineGaussRegularization,2026-09-07 18:01:04,
R1,dji9443_20260813_23_73_capped_captess4.msh,8016,fgs,24,0.00638888889,3.10145174,1.19745643,4,4,1,true,extrap,1,-1,3,,,,p=6;mac=0.3;leaf=50;inner=10;tol_abs=1.7658196265827666e-8,17,0.65,6,36,73,true,multi,64,64,0.0214699572,2.87394144e-05,0.00910092318,0.0135585033,0.0157576727,0.0132466339,1.76581963e-08,1.76581963e-09,false,0.287056164,2.81439557,1755,0.0544383633,e818c6384e9722b8ea6a04ecc13483e9331c522f,0ce3ba605bfa0bb6fcfc2a988437c850d45e3e63,LineGaussRegularization,2026-09-07 18:01:04,
R1,dji9443_20260813_23_73_capped_captess4.msh,8016,fgs,25,0.00666666667,4.13976373,1.29036948,4,4,1,true,extrap,1,-1,3,,,,p=6;mac=0.3;leaf=50;inner=10;tol_abs=1.7658196265827666e-8,17,0.65,6,36,73,true,multi,64,64,0.0231024665,3.09249366e-05,0.00979292989,0.0145894493,0.0169558371,0.014253867,1.76581963e-08,1.76581963e-09,false,0.286695576,3.85306816,1836,0.0509463304,e818c6384e9722b8ea6a04ecc13483e9331c522f,0ce3ba605bfa0bb6fcfc2a988437c850d45e3e63,LineGaussRegularization,2026-09-07 18:01:04,
R1,dji9443_20260813_23_73_capped_captess4.msh,8016,fgs,26,0.00694444444,3.18762218,1.12822431,4,4,1,true,extrap,1,-1,3,,,,p=6;mac=0.3;leaf=50;inner=10;tol_abs=1.7658196265827666e-8,17,0.65,6,36,73,true,multi,64,64,0.0247693542,3.31568269e-05,0.0104995094,0.0156421063,0.0181792335,0.0152823113,1.76581963e-08,1.76581963e-09,false,0.260765291,2.92685689,1917,0.0476653483,e818c6384e9722b8ea6a04ecc13483e9331c522f,0ce3ba605bfa0bb6fcfc2a988437c850d45e3e63,LineGaussRegularization,2026-09-07 18:01:04,
R1,dji9443_20260813_23_73_capped_captess4.msh,8016,fgs,27,0.00722222222,3.36698616,1.44211563,4,4,1,true,extrap,1,-1,3,,,,p=6;mac=0.3;leaf=50;inner=10;tol_abs=1.7658196265827666e-8,17,0.65,6,36,73,true,multi,64,64,0.0264677552,3.54307559e-05,0.0112194474,0.0167146661,0.0194257593,0.0163301992,1.76581963e-08,1.76581963e-09,false,0.342683841,3.02430232,1995,0.044505972,e818c6384e9722b8ea6a04ecc13483e9331c522f,0ce3ba605bfa0bb6fcfc2a988437c850d45e3e63,LineGaussRegularization,2026-09-07 18:01:04,
R1,dji9443_20260813_23_73_capped_captess4.msh,8016,fgs,28,0.0075,3.65231749,1.14053527,3,3,1,true,extrap,1,-1,3,,,,p=6;mac=0.3;leaf=50;inner=10;tol_abs=1.7658196265827666e-8,17,0.65,6,36,73,true,multi,64,64,0.0281948084,3.77407103e-05,0.0119515254,0.017805316,0.0206933122,0.017395763,1.76581963e-08,1.76581963e-09,false,0.247750014,3.40456747,2073,0.0413816,e818c6384e9722b8ea6a04ecc13483e9331c522f,0ce3ba605bfa0bb6fcfc2a988437c850d45e3e63,LineGaussRegularization,2026-09-07 18:01:04,
R1,dji9443_20260813_23_73_capped_captess4.msh,8016,fgs,29,0.00777777778,3.48961518,1.37975937,3,3,1,true,extrap,1,-1,3,,,,p=6;mac=0.3;leaf=50;inner=10;tol_abs=1.7658196265827666e-8,17,0.65,6,36,73,true,multi,64,64,0.0299476383,4.00916772e-05,0.0126945416,0.0189122484,0.0219797877,0.0184772346,1.76581963e-08,1.76581963e-09,false,0.351945947,3.13766923,2153,0.0382184211,e818c6384e9722b8ea6a04ecc13483e9331c522f,0ce3ba605bfa0bb6fcfc2a988437c850d45e3e63,LineGaussRegularization,2026-09-07 18:01:04,
R1,dji9443_20260813_23_73_capped_captess4.msh,8016,fgs,30,0.00805555556,3.34290299,1.17105553,4,4,1,true,extrap,1,-1,3,,,,p=6;mac=0.3;leaf=50;inner=10;tol_abs=1.7658196265827666e-8,17,0.65,6,36,73,true,multi,64,64,0.0317233938,4.24673611e-05,0.0134472672,0.0200336544,0.0232830854,0.0195728476,1.76581963e-08,1.76581963e-09,false,0.265625485,3.0772775,2234,0.0349452448,e818c6384e9722b8ea6a04ecc13483e9331c522f,0ce3ba605bfa0bb6fcfc2a988437c850d45e3e63,LineGaussRegularization,2026-09-07 18:01:04,
R1,dji9443_20260813_23_73_capped_captess4.msh,8016,fgs,31,0.00833333333,3.82798976,1.74655889,4,4,1,true,extrap,1,-1,3,,,,p=6;mac=0.3;leaf=50;inner=10;tol_abs=1.7658196265827666e-8,17,0.65,6,36,73,true,multi,64,64,0.0335192016,4.48716699e-05,0.0142084946,0.021167727,0.0246011015,0.0206808336,1.76581963e-08,1.76581963e-09,false,0.264606627,3.56338314,2311,0.0314805511,e818c6384e9722b8ea6a04ecc13483e9331c522f,0ce3ba605bfa0bb6fcfc2a988437c850d45e3e63,LineGaussRegularization,2026-09-07 18:01:04,
R1,dji9443_20260813_23_73_capped_captess4.msh,8016,fgs,32,0.00861111111,3.43283944,1.24981773,4,4,1,true,extrap,1,-1,3,,,,p=6;mac=0.3;leaf=50;inner=10;tol_abs=1.7658196265827666e-8,17,0.65,6,36,73,true,multi,64,64,0.0353321987,4.729865e-05,0.0149770085,0.0223126541,0.0259317336,0.0217994251,1.76581963e-08,1.76581963e-09,false,0.281250672,3.15158877,2389,0.0277284287,e818c6384e9722b8ea6a04ecc13483e9331c522f,0ce3ba605bfa0bb6fcfc2a988437c850d45e3e63,LineGaussRegularization,2026-09-07 18:01:04,
R1,dji9443_20260813_23_73_capped_captess4.msh,8016,fgs,33,0.00888888889,3.43832109,1.13599899,4,4,1,true,extrap,1,-1,3,,,,p=6;mac=0.3;leaf=50;inner=10;tol_abs=1.7658196265827666e-8,17,0.65,6,36,73,true,multi,64,64,0.0371595203,4.9745149e-05,0.015751594,0.0234666269,0.027272879,0.0229268546,1.76581963e-08,1.76581963e-09,false,0.283789328,3.15453176,2469,0.0236125947,e818c6384e9722b8ea6a04ecc13483e9331c522f,0ce3ba605bfa0bb6fcfc2a988437c850d45e3e63,LineGaussRegularization,2026-09-07 18:01:04,
R1,dji9443_20260813_23_73_capped_captess4.msh,8016,fgs,34,0.00916666667,3.5144036,1.26764052,4,4,1,true,extrap,1,-1,3,,,,p=6;mac=0.3;leaf=50;inner=10;tol_abs=1.7658196265827666e-8,17,0.65,6,36,73,true,multi,64,64,0.038998302,5.22065759e-05,0.0165310373,0.0246278361,0.0286224349,0.0240613545,1.76581963e-08,1.76581963e-09,false,0.262135609,3.25226799,2541,0.0191008563,e818c6384e9722b8ea6a04ecc13483e9331c522f,0ce3ba605bfa0bb6fcfc2a988437c850d45e3e63,LineGaussRegularization,2026-09-07 18:01:04,
R1,dji9443_20260813_23_73_capped_captess4.msh,8016,fgs,35,0.00944444444,3.50455654,1.21446587,4,4,1,true,extrap,1,-1,3,,,,p=6;mac=0.3;leaf=50;inner=10;tol_abs=1.7658196265827666e-8,17,0.65,6,36,73,true,multi,64,64,0.0408456783,5.46794017e-05,0.0173141236,0.0257944734,0.0299782989,0.0252011572,1.76581963e-08,1.76581963e-09,false,0.334626202,3.16993034,2619,0.01423512,e818c6384e9722b8ea6a04ecc13483e9331c522f,0ce3ba605bfa0bb6fcfc2a988437c850d45e3e63,LineGaussRegularization,2026-09-07 18:01:04,
R1,dji9443_20260813_23_73_capped_captess4.msh,8016,fgs,36,0.00972222222,3.80875415,1.33856203,4,4,1,true,extrap,1,-1,3,,,,p=6;mac=0.3;leaf=50;inner=10;tol_abs=1.7658196265827666e-8,17,0.65,6,36,73,true,multi,64,64,0.0426987844,5.71594619e-05,0.0180996388,0.0269647296,0.0313383681,0.026344495,1.76581963e-08,1.76581963e-09,false,0.262267126,3.54648702,2692,0.00913080488,e818c6384e9722b8ea6a04ecc13483e9331c522f,0ce3ba605bfa0bb6fcfc2a988437c850d45e3e63,LineGaussRegularization,2026-09-07 18:01:04,
R1,dji9443_20260813_23_73_capped_captess4.msh,8016,fgs,37,0.01,4.13465369,1.12330255,3,3,1,true,extrap,1,-1,3,,,,p=6;mac=0.3;leaf=50;inner=10;tol_abs=1.7658196265827666e-8,17,0.65,6,36,73,true,multi,64,64,0.0445547546,5.96445711e-05,0.0188863679,0.0281367938,0.0327005405,0.0274896003,1.76581963e-08,1.76581963e-09,false,0.245680721,3.88897297,2765,0.00394341896,e818c6384e9722b8ea6a04ecc13483e9331c522f,0ce3ba605bfa0bb6fcfc2a988437c850d45e3e63,LineGaussRegularization,2026-09-07 18:01:04,
R1,dji9443_20260813_23_73_capped_captess4.msh,8016,fgs,38,0.0102777778,3.91630531,1.42961797,4,4,1,true,extrap,1,-1,3,,,,p=6;mac=0.3;leaf=50;inner=10;tol_abs=1.7658196265827666e-8,17,0.65,6,36,73,true,multi,64,64,0.0464107277,6.21271081e-05,0.0196730972,0.0293088585,0.0340627124,0.0286347061,1.76581963e-08,1.76581963e-09,false,0.260407538,3.65589777,2845,-0.00115233559,e818c6384e9722b8ea6a04ecc13483e9331c522f,0ce3ba605bfa0bb6fcfc2a988437c850d45e3e63,LineGaussRegularization,2026-09-07 18:01:04,
R1,dji9443_20260813_23_73_capped_captess4.msh,8016,fgs,39,0.0105555556,3.72775394,1.15844091,4,4,1,true,extrap,1,-1,3,,,,p=6;mac=0.3;leaf=50;inner=10;tol_abs=1.7658196265827666e-8,17,0.65,6,36,73,true,multi,64,64,0.0482638341,6.46072051e-05,0.0204586116,0.0304791136,0.0354227819,0.0297780439,1.76581963e-08,1.76581963e-09,false,0.338726905,3.38902704,2919,-0.00597278174,e818c6384e9722b8ea6a04ecc13483e9331c522f,0ce3ba605bfa0bb6fcfc2a988437c850d45e3e63,LineGaussRegularization,2026-09-07 18:01:04,
R1,dji9443_20260813_23_73_capped_captess4.msh,8016,fgs,40,0.0108333333,3.83792123,1.23016235,4,4,1,true,extrap,1,-1,3,,,,p=6;mac=0.3;leaf=50;inner=10;tol_abs=1.7658196265827666e-8,17,0.65,6,36,73,true,multi,64,64,0.0501112106,6.70799539e-05,0.0212416977,0.0316457514,0.036778646,0.0309178465,1.76581963e-08,1.76581963e-09,false,0.261207721,3.57671351,2992,-0.0103840901,e818c6384e9722b8ea6a04ecc13483e9331c522f,0ce3ba605bfa0bb6fcfc2a988437c850d45e3e63,LineGaussRegularization,2026-09-07 18:01:04,
R1,dji9443_20260813_23_73_capped_captess4.msh,8016,fgs,41,0.0111111111,4.02394718,1.31154376,4,4,1,true,extrap,1,-1,3,,,,p=6;mac=0.3;leaf=50;inner=10;tol_abs=1.7658196265827666e-8,17,0.65,6,36,73,true,multi,64,64,0.0519499922,6.95410794e-05,0.0220211409,0.0328069608,0.038128202,0.0320523464,1.76581963e-08,1.76581963e-09,false,0.346200746,3.67774643,3067,-0.0143184194,e818c6384e9722b8ea6a04ecc13483e9331c522f,0ce3ba605bfa0bb6fcfc2a988437c850d45e3e63,LineGaussRegularization,2026-09-07 18:01:04,
R1,dji9443_20260813_23_73_capped_captess4.msh,8016,fgs,42,0.0113888889,3.81201147,1.15060317,4,4,1,true,extrap,1,-1,3,,,,p=6;mac=0.3;leaf=50;inner=10;tol_abs=1.7658196265827666e-8,17,0.65,6,36,73,true,multi,64,64,0.0537773141,7.19872849e-05,0.0227957266,0.0339609333,0.0394693475,0.0331797759,1.76581963e-08,1.76581963e-09,false,0.269071837,3.54293963,3145,-0.0177846968,e818c6384e9722b8ea6a04ecc13483e9331c522f,0ce3ba605bfa0bb6fcfc2a988437c850d45e3e63,LineGaussRegularization,2026-09-07 18:01:04,
R1,dji9443_20260813_23_73_capped_captess4.msh,8016,fgs,43,0.0116666667,4.06170973,1.2723569,4,4,1,true,extrap,1,-1,3,,,,p=6;mac=0.3;leaf=50;inner=10;tol_abs=1.7658196265827666e-8,17,0.65,6,36,73,true,multi,64,64,0.055590311,7.4414579e-05,0.0235642404,0.0351058599,0.0407999796,0.0342983674,1.76581963e-08,1.76581963e-09,false,0.272138306,3.78957142,3220,-0.020847421,e818c6384e9722b8ea6a04ecc13483e9331c522f,0ce3ba605bfa0bb6fcfc2a988437c850d45e3e63,LineGaussRegularization,2026-09-07 18:01:04,
R1,dji9443_20260813_23_73_capped_captess4.msh,8016,fgs,44,0.0119444444,4.27157588,1.10242395,4,4,1,true,extrap,1,-1,3,,,,p=6;mac=0.3;leaf=50;inner=10;tol_abs=1.7658196265827666e-8,17,0.65,6,36,73,true,multi,64,64,0.0573861189,7.6818771e-05,0.0243254681,0.0362399319,0.0421179956,0.0354063534,1.76581963e-08,1.76581963e-09,false,0.34428455,3.92729133,3296,-0.0236090181,e818c6384e9722b8ea6a04ecc13483e9331c522f,0ce3ba605bfa0bb6fcfc2a988437c850d45e3e63,LineGaussRegularization,2026-09-07 18:01:04,
R1,dji9443_20260813_23_73_capped_captess4.msh,8016,fgs,45,0.0122222222,4.1823592,1.362175,4,4,1,true,extrap,1,-1,3,,,,p=6;mac=0.3;leaf=50;inner=10;tol_abs=1.7658196265827666e-8,17,0.65,6,36,73,true,multi,64,64,0.0591618719,7.91963428e-05,0.025078195,0.0373613387,0.0434212931,0.0365019661,1.76581963e-08,1.76581963e-09,false,0.27536724,3.90699196,3370,-0.0261928286,e818c6384e9722b8ea6a04ecc13483e9331c522f,0ce3ba605bfa0bb6fcfc2a988437c850d45e3e63,LineGaussRegularization,2026-09-07 18:01:04,
R1,dji9443_20260813_23_73_capped_captess4.msh,8016,fgs,46,0.0125,4.713438,1.1512343,3,3,1,true,extrap,1,-1,3,,,,p=6;mac=0.3;leaf=50;inner=10;tol_abs=1.7658196265827666e-8,17,0.65,6,36,73,true,multi,64,64,0.0609147066,8.15431038e-05,0.0258212055,0.0384682717,0.0447077693,0.0375834382,1.76581963e-08,1.76581963e-09,false,0.317662124,4.39577588,3450,-0.0287294405,e818c6384e9722b8ea6a04ecc13483e9331c522f,0ce3ba605bfa0bb6fcfc2a988437c850d45e3e63,LineGaussRegularization,2026-09-07 18:01:04,
R1,dji9443_20260813_23_73_capped_captess4.msh,8016,fgs,47,0.0127777778,4.73040119,1.58121218,4,4,1,true,extrap,1,-1,3,,,,p=6;mac=0.3;leaf=50;inner=10;tol_abs=1.7658196265827666e-8,17,0.65,6,36,73,true,multi,64,64,0.062641757,8.38556036e-05,0.0265532884,0.0395589233,0.0459753217,0.0386490022,1.76581963e-08,1.76581963e-09,false,0.276983903,4.45341729,3526,-0.0313334763,e818c6384e9722b8ea6a04ecc13483e9331c522f,0ce3ba605bfa0bb6fcfc2a988437c850d45e3e63,LineGaussRegularization,2026-09-07 18:01:04,
R1,dji9443_20260813_23_73_capped_captess4.msh,8016,fgs,48,0.0130555556,4.23726513,1.1306414,4,4,1,true,extrap,1,-1,3,,,,p=6;mac=0.3;leaf=50;inner=10;tol_abs=1.7658196265827666e-8,17,0.65,6,36,73,true,multi,64,64,0.0643401586,8.61292495e-05,0.0272732257,0.0406314817,0.0472218475,0.0396968899,1.76581963e-08,1.76581963e-09,false,0.332424507,3.90484062,3605,-0.0340913302,e818c6384e9722b8ea6a04ecc13483e9331c522f,0ce3ba605bfa0bb6fcfc2a988437c850d45e3e63,LineGaussRegularization,2026-09-07 18:01:04,
R1,dji9443_20260813_23_73_capped_captess4.msh,8016,fgs,49,0.0133333333,4.78661958,1.54529433,4,4,1,true,extrap,1,-1,3,,,,p=6;mac=0.3;leaf=50;inner=10;tol_abs=1.7658196265827666e-8,17,0.65,6,36,73,true,multi,64,64,0.0660070467,8.83608607e-05,0.0279798051,0.0416841389,0.0484452441,0.040725334,1.76581963e-08,1.76581963e-09,false,0.260856831,4.52576275,3680,-0.0370567594,e818c6384e9722b8ea6a04ecc13483e9331c522f,0ce3ba605bfa0bb6fcfc2a988437c850d45e3e63,LineGaussRegularization,2026-09-07 18:01:04,
R1,dji9443_20260813_23_73_capped_captess4.msh,8016,fgs,50,0.0136111111,4.51890395,1.19692846,4,4,1,true,extrap,1,-1,3,,,,p=6;mac=0.3;leaf=50;inner=10;tol_abs=1.7658196265827666e-8,17,0.65,6,36,73,true,multi,64,64,0.0676395561,9.05460626e-05,0.0286718114,0.042715085,0.0496434087,0.0417325672,1.76581963e-08,1.76581963e-09,false,0.268350149,4.2505538,3762,-0.040248339,e818c6384e9722b8ea6a04ecc13483e9331c522f,0ce3ba605bfa0bb6fcfc2a988437c850d45e3e63,LineGaussRegularization,2026-09-07 18:01:04,
R1,dji9443_20260813_23_73_capped_captess4.msh,8016,fgs,51,0.0138888889,4.67002719,1.12790788,4,4,1,true,extrap,1,-1,3,,,,p=6;mac=0.3;leaf=50;inner=10;tol_abs=1.7658196265827666e-8,17,0.65,6,36,73,true,multi,64,64,0.0692348222,9.26812782e-05,0.0293480304,0.0437225113,0.0508142388,0.0427168218,1.76581963e-08,1.76581963e-09,false,0.291221309,4.37880588,3839,-0.0436439391,e818c6384e9722b8ea6a04ecc13483e9331c522f,0ce3ba605bfa0bb6fcfc2a988437c850d45e3e63,LineGaussRegularization,2026-09-07 18:01:04,
R1,dji9443_20260813_23_73_capped_captess4.msh,8016,fgs,52,0.0141666667,4.52245761,1.12178911,3,3,1,true,extrap,1,-1,3,,,,p=6;mac=0.3;leaf=50;inner=10;tol_abs=1.7658196265827666e-8,17,0.65,6,36,73,true,multi,64,64,0.0707899777,9.47647896e-05,0.0300072484,0.0447046093,0.0519556317,0.0436763296,1.76581963e-08,1.76581963e-09,false,0.268676072,4.25378153,3918,-0.0471717183,e818c6384e9722b8ea6a04ecc13483e9331c522f,0ce3ba605bfa0bb6fcfc2a988437c850d45e3e63,LineGaussRegularization,2026-09-07 18:01:04,
R1,dji9443_20260813_23_73_capped_captess4.msh,8016,fgs,53,0.0144444444,4.61835651,1.11554248,3,3,1,true,extrap,1,-1,3,,,,p=6;mac=0.3;leaf=50;inner=10;tol_abs=1.7658196265827666e-8,17,0.65,6,36,73,true,multi,64,64,0.0723021659,9.67851643e-05,0.0306482477,0.0456595698,0.0530654853,0.0446093244,1.76581963e-08,1.76581963e-09,false,0.261017783,4.35733873,4000,-0.0507260631,e818c6384e9722b8ea6a04ecc13483e9331c522f,0ce3ba605bfa0bb6fcfc2a988437c850d45e3e63,LineGaussRegularization,2026-09-07 18:01:04,
R1,dji9443_20260813_23_73_capped_captess4.msh,8016,fgs,54,0.0147222222,4.96114899,1.43631732,4,4,1,true,extrap,1,-1,3,,,,p=6;mac=0.3;leaf=50;inner=10;tol_abs=1.7658196265827666e-8,17,0.65,6,36,73,true,multi,64,64,0.0737685098,9.87494175e-05,0.0312698198,0.0465855817,0.0541416953,0.045514037,1.76581963e-08,1.76581963e-09,false,0.263278354,4.69787064,4082,-0.0542020274,e818c6384e9722b8ea6a04ecc13483e9331c522f,0ce3ba605bfa0bb6fcfc2a988437c850d45e3e63,LineGaussRegularization,2026-09-07 18:01:04,
R1,dji9443_20260813_23_73_capped_captess4.msh,8016,fgs,55,0.015,5.54291246,1.22974567,4,4,1,true,extrap,1,-1,3,,,,p=6;mac=0.3;leaf=50;inner=10;tol_abs=1.7658196265827666e-8,17,0.65,6,36,73,true,multi,64,64,0.0751861533,0.000100646759,0.031870745,0.0474808376,0.0551821606,0.0463887009,1.76581963e-08,1.76581963e-09,false,0.235613397,5.30729907,4163,-0.0575012025,e818c6384e9722b8ea6a04ecc13483e9331c522f,0ce3ba605bfa0bb6fcfc2a988437c850d45e3e63,LineGaussRegularization,2026-09-07 18:01:04,
R1,dji9443_20260813_23_73_capped_captess4.msh,8016,fgs,56,0.0152777778,5.44554014,1.53392775,4,4,1,true,extrap,1,-1,3,,,,p=6;mac=0.3;leaf=50;inner=10;tol_abs=1.7658196265827666e-8,17,0.65,6,36,73,true,multi,64,64,0.0765522281,0.000102475643,0.0324498129,0.0483435298,0.0561847782,0.0472315485,1.76581963e-08,1.76581963e-09,false,0.268060181,5.17747996,4246,-0.0605676144,e818c6384e9722b8ea6a04ecc13483e9331c522f,0ce3ba605bfa0bb6fcfc2a988437c850d45e3e63,LineGaussRegularization,2026-09-07 18:01:04,
R1,dji9443_20260813_23_73_capped_captess4.msh,8016,fgs,57,0.0155555556,5.01160074,1.14732558,4,4,1,true,extrap,1,-1,3,,,,p=6;mac=0.3;leaf=50;inner=10;tol_abs=1.7658196265827666e-8,17,0.65,6,36,73,true,multi,64,64,0.0778638698,0.0001042314,0.0330058059,0.0491718455,0.0571474451,0.0480408111,1.76581963e-08,1.76581963e-09,false,0.324918623,4.68668212,4323,-0.0633812024,e818c6384e9722b8ea6a04ecc13483e9331c522f,0ce3ba605bfa0bb6fcfc2a988437c850d45e3e63,LineGaussRegularization,2026-09-07 18:01:04,
R1,dji9443_20260813_23_73_capped_captess4.msh,8016,fgs,58,0.0158333333,5.0591637,1.22539031,4,4,1,true,extrap,1,-1,3,,,,p=6;mac=0.3;leaf=50;inner=10;tol_abs=1.7658196265827666e-8,17,0.65,6,36,73,true,multi,64,64,0.0791182139,0.000105910659,0.0335375115,0.0499639765,0.0580680589,0.0488147218,1.76581963e-08,1.76581963e-09,false,0.341900348,4.71726336,4404,-0.0659385203,e818c6384e9722b8ea6a04ecc13483e9331c522f,0ce3ba605bfa0bb6fcfc2a988437c850d45e3e63,LineGaussRegularization,2026-09-07 18:01:04,
R1,dji9443_20260813_23_73_capped_captess4.msh,8016,fgs,59,0.0161111111,5.2205752,1.23857239,4,4,1,true,extrap,1,-1,3,,,,p=6;mac=0.3;leaf=50;inner=10;tol_abs=1.7658196265827666e-8,17,0.65,6,36,73,true,multi,64,64,0.0803123953,0.000107509023,0.0340437144,0.0507181137,0.058944517,0.0495515133,1.76581963e-08,1.76581963e-09,false,0.339441081,4.88113412,4482,-0.0682161117,e818c6384e9722b8ea6a04ecc13483e9331c522f,0ce3ba605bfa0bb6fcfc2a988437c850d45e3e63,LineGaussRegularization,2026-09-07 18:01:04,
R1,dji9443_20260813_23_73_capped_captess4.msh,8016,fgs,60,0.0163888889,5.10913536,1.11842575,4,4,1,true,extrap,1,-1,3,,,,p=6;mac=0.3;leaf=50;inner=10;tol_abs=1.7658196265827666e-8,17,0.65,6,36,73,true,multi,64,64,0.081443549,0.00010902331,0.0345232006,0.051432448,0.0597747163,0.0502494178,1.76581963e-08,1.76581963e-09,false,0.348695883,4.76043948,4563,-0.0702358443,e818c6384e9722b8ea6a04ecc13483e9331c522f,0ce3ba605bfa0bb6fcfc2a988437c850d45e3e63,LineGaussRegularization,2026-09-07 18:01:04,
R1,dji9443_20260813_23_73_capped_captess4.msh,8016,fgs,61,0.0166666667,5.25683446,1.16050346,4,4,1,true,extrap,1,-1,3,,,,p=6;mac=0.3;leaf=50;inner=10;tol_abs=1.7658196265827666e-8,17,0.65,6,36,73,true,multi,64,64,0.08250881,0.00011044945,0.0349747554,0.0521051718,0.0605565548,0.0509066675,1.76581963e-08,1.76581963e-09,false,0.329233206,4.92760125,4645,-0.0720159703,e818c6384e9722b8ea6a04ecc13483e9331c522f,0ce3ba605bfa0bb6fcfc2a988437c850d45e3e63,LineGaussRegularization,2026-09-07 18:01:04,
R1,dji9443_20260813_23_73_capped_captess4.msh,8016,fgs,62,0.0169444444,5.25031731,1.09284059,4,4,1,true,extrap,1,-1,3,,,,p=6;mac=0.3;leaf=50;inner=10;tol_abs=1.7658196265827666e-8,17,0.65,6,36,73,true,multi,64,64,0.0835053143,0.000111783235,0.0353971649,0.0527344753,0.0612879293,0.0515214953,1.76581963e-08,1.76581963e-09,false,0.323556827,4.92676049,4726,-0.0735577581,e818c6384e9722b8ea6a04ecc13483e9331c522f,0ce3ba605bfa0bb6fcfc2a988437c850d45e3e63,LineGaussRegularization,2026-09-07 18:01:04,
R1,dji9443_20260813_23_73_capped_captess4.msh,8016,fgs,63,0.0172222222,5.65027194,1.35409477,4,4,1,true,extrap,1,-1,3,,,,p=6;mac=0.3;leaf=50;inner=10;tol_abs=1.7658196265827666e-8,17,0.65,6,36,73,true,multi,64,64,0.0844301958,0.000113021358,0.0357892139,0.0533185466,0.0619667375,0.052092133,1.76581963e-08,1.76581963e-09,false,0.332077066,5.31819488,4809,-0.0748730167,e818c6384e9722b8ea6a04ecc13483e9331c522f,0ce3ba605bfa0bb6fcfc2a988437c850d45e3e63,LineGaussRegularization,2026-09-07 18:01:04,
R1,dji9443_20260813_23_73_capped_captess4.msh,8016,fgs,64,0.0175,6.18252799,1.21395373,4,4,1,true,extrap,1,-1,3,,,,p=6;mac=0.3;leaf=50;inner=10;tol_abs=1.7658196265827666e-8,17,0.65,6,36,73,true,multi,64,64,0.0852805906,0.000114159787,0.0361496881,0.0538555796,0.0625908765,0.0526168135,1.76581963e-08,1.76581963e-09,false,0.24212246,5.94040553,4891,-0.0759991071,e818c6384e9722b8ea6a04ecc13483e9331c522f,0ce3ba605bfa0bb6fcfc2a988437c850d45e3e63,LineGaussRegularization,2026-09-07 18:01:04,
R1,dji9443_20260813_23_73_capped_captess4.msh,8016,fgs,65,0.0177777778,6.35040289,1.46400951,4,4,1,true,extrap,1,-1,3,,,,p=6;mac=0.3;leaf=50;inner=10;tol_abs=1.7658196265827666e-8,17,0.65,6,36,73,true,multi,64,64,0.0860536332,0.00011519484,0.0364773749,0.0543437662,0.0631582437,0.0530937694,1.76581963e-08,1.76581963e-09,false,0.338693304,6.01170959,4975,-0.0769750742,e818c6384e9722b8ea6a04ecc13483e9331c522f,0ce3ba605bfa0bb6fcfc2a988437c850d45e3e63,LineGaussRegularization,2026-09-07 18:01:04,
R1,dji9443_20260813_23_73_capped_captess4.msh,8016,fgs,66,0.0180555556,3.7784018,1.11745695,4,4,1,true,extrap,1,-1,3,,,,p=6;mac=0.3;leaf=50;inner=10;tol_abs=1.7658196265827666e-8,17,0.65,6,36,73,true,multi,64,64,0.0867464587,0.000116122256,0.0367710572,0.0547812932,0.0636667365,0.053521232,1.76581963e-08,1.76581963e-09,false,0.362935182,3.41546662,5055,-0.0778431979,e818c6384e9722b8ea6a04ecc13483e9331c522f,0ce3ba605bfa0bb6fcfc2a988437c850d45e3e63,LineGaussRegularization,2026-09-07 18:01:04,
R1,dji9443_20260813_23_73_capped_captess4.msh,8016,fgs,67,0.0183333333,3.5479775,1.29814092,4,4,1,true,extrap,1,-1,3,,,,p=6;mac=0.3;leaf=50;inner=10;tol_abs=1.7658196265827666e-8,17,0.65,6,36,73,true,multi,64,64,0.0873562027,0.000116938679,0.0370295227,0.0551663524,0.0641142523,0.0538974344,1.76581963e-08,1.76581963e-09,false,0.347367434,3.20061006,5133,-0.0786265868,e818c6384e9722b8ea6a04ecc13483e9331c522f,0ce3ba605bfa0bb6fcfc2a988437c850d45e3e63,LineGaussRegularization,2026-09-07 18:01:04,
R1,dji9443_20260813_23_73_capped_captess4.msh,8016,fgs,68,0.0186111111,3.68081567,1.12515554,4,4,1,true,extrap,1,-1,3,,,,p=6;mac=0.3;leaf=50;inner=10;tol_abs=1.7658196265827666e-8,17,0.65,6,36,73,true,multi,64,64,0.08788,0.000117639589,0.0372515556,0.055497135,0.0644986885,0.0542206092,1.76581963e-08,1.76581963e-09,false,0.343902876,3.3369128,5216,-0.0793380486,e818c6384e9722b8ea6a04ecc13483e9331c522f,0ce3ba605bfa0bb6fcfc2a988437c850d45e3e63,LineGaussRegularization,2026-09-07 18:01:04,
R1,dji9443_20260813_23_73_capped_captess4.msh,8016,fgs,69,0.0188888889,3.6442867,1.12188134,4,4,1,true,extrap,1,-1,3,,,,p=6;mac=0.3;leaf=50;inner=10;tol_abs=1.7658196265827666e-8,17,0.65,6,36,73,true,multi,64,64,0.0883149859,0.000118221734,0.0374359422,0.0557718318,0.0648179417,0.0544889887,1.76581963e-08,1.76581963e-09,false,0.349689723,3.29459698,5297,-0.0799493638,e818c6384e9722b8ea6a04ecc13483e9331c522f,0ce3ba605bfa0bb6fcfc2a988437c850d45e3e63,LineGaussRegularization,2026-09-07 18:01:04,
R1,dji9443_20260813_23_73_capped_captess4.msh,8016,fgs,70,0.0191666667,3.49480868,1.26274497,4,4,1,true,extrap,1,-1,3,,,,p=6;mac=0.3;leaf=50;inner=10;tol_abs=1.7658196265827666e-8,17,0.65,6,36,73,true,multi,64,64,0.0886582949,0.000118681303,0.0375814675,0.0559886355,0.0650699105,0.0547008051,1.76581963e-08,1.76581963e-09,false,0.269520214,3.22528846,5378,-0.0804075318,e818c6384e9722b8ea6a04ecc13483e9331c522f,0ce3ba605bfa0bb6fcfc2a988437c850d45e3e63,LineGaussRegularization,2026-09-07 18:01:04,
R1,dji9443_20260813_23_73_capped_captess4.msh,8016,fgs,71,0.0194444444,3.46051353,1.19969088,4,4,1,true,extrap,1,-1,3,,,,p=6;mac=0.3;leaf=50;inner=10;tol_abs=1.7658196265827666e-8,17,0.65,6,36,73,true,multi,64,64,0.0889070633,0.000119014038,0.0376869182,0.0561457358,0.0652524914,0.0548542913,1.76581963e-08,1.76581963e-09,false,0.255449227,3.2050643,5456,-0.0806528448,e818c6384e9722b8ea6a04ecc13483e9331c522f,0ce3ba605bfa0bb6fcfc2a988437c850d45e3e63,LineGaussRegularization,2026-09-07 18:01:04,
R1,dji9443_20260813_23_73_capped_captess4.msh,8016,fgs,72,0.0197222222,3.61147577,1.33778897,4,4,1,true,extrap,1,-1,3,,,,p=6;mac=0.3;leaf=50;inner=10;tol_abs=1.7658196265827666e-8,17,0.65,6,36,73,true,multi,64,64,0.0890584246,0.000119216666,0.0377510788,0.0562413212,0.0653635819,0.0549476789,1.76581963e-08,1.76581963e-09,false,0.263914703,3.34756107,5534,-0.080668275,e818c6384e9722b8ea6a04ecc13483e9331c522f,0ce3ba605bfa0bb6fcfc2a988437c850d45e3e63,LineGaussRegularization,2026-09-07 18:01:04,
R1,dji9443_20260813_23_73_capped_captess4.msh,8016,fgs,73,0.02,4.21746436,1.21602438,4,4,1,true,extrap,1,-1,3,5614,83240.8154,,p=6;mac=0.3;leaf=50;inner=10;tol_abs=1.7658196265827666e-8,17,0.65,6,36,73,true,multi,64,64,0.0891095154,0.000119285047,0.037772735,0.0562735853,0.0654010793,0.0549792011,1.76581963e-08,1.76581963e-09,false,0.247474082,3.96999028,5614,-0.0804187942,e818c6384e9722b8ea6a04ecc13483e9331c522f,0ce3ba605bfa0bb6fcfc2a988437c850d45e3e63,LineGaussRegularization,2026-09-07 18:01:04,
